Amravati,Amravati,Amravati W.M,W.M.Amravati - 2,Chandur Bazar,20003791,105 Villages RRWSS,Krishnapur,1029,1,1.92,1.06,1.99,1.79,1.43,1.63,166.18,186.59,103.01,193.39,173.96,138.97,158.41,11-Jun,12-Jun,13-Jun,14-Jun,15-Jun,16-Jun,10-Jun,11-Jun,12-Jun,13-Jun,14-Jun,15-Jun,16-Jun,0,0,7
Amravati,Amravati,Amravati W.M,W.M.Amravati - 2,Chandur Bazar,20003791,105 Villages RRWSS,Lasanapur,0,1,1.78,0.99,1.73,2.14,1.9,1.8,0,0,0,0,0,0,0,11-Jun,12-Jun,13-Jun,14-Jun,15-Jun,16-Jun,10-Jun,11-Jun,12-Jun,13-Jun,14-Jun,15-Jun,16-Jun,7,7,0
Amravati,Amravati,Amravati,Achalpur,Chandur Bazar,7945938,83 Village RRWS Scheme MJP RR (C 39),Khel Sakharam (Kurha),119,1,0.07,0.29,0.19,3.27,0.02,0.13,117.65,58.82,243.7,159.66,2747.9,16.81,109.24,11-Jun,12-Jun,13-Jun,14-Jun,15-Jun,16-Jun,10-Jun,11-Jun,12-Jun,13-Jun,14-Jun,15-Jun,16-Jun,0,1,6
Amravati,Amravati,Amravati,Achalpur,Chandur Bazar,7945938,83 Village RRWS Scheme MJP RR (C 39),Khel Choudhar,1350,1,0,0,0,0,0,0,0,0,0,0,0,0,0,11-Jun,12-Jun,13-Jun,14-Jun,15-Jun,16-Jun,10-Jun,11-Jun,12-Jun,13-Jun,14-Jun,15-Jun,16-Jun,7,7,0
Amravati,Amravati,Amravati W.M,W.M.Amravati - 2,Amravati,20003791,105 Villages RRWSS,Selora,1555,1,1.1,1.1,1.05,1.41,1.3,0.92,64.31,70.74,70.74,67.52,90.68,83.6,59.16,11-Jun,12-Jun,13-Jun,14-Jun,15-Jun,16-Jun,10-Jun,11-Jun,12-Jun,13-Jun,14-Jun,15-Jun,16-Jun,0,0,7
Amravati,Amravati,Amravati W.M,W.M.Amravati - 2,Amravati,20003791,105 Villages RRWSS,Sayat,2238,5,1.62,0.83,0,0.85,0,0.47,76.85,72.39,37.09,0,37.98,0,21,11-Jun,12-Jun,13-Jun,14-Jun,15-Jun,16-Jun,10-Jun,11-Jun,12-Jun,13-Jun,14-Jun,15-Jun,16-Jun,2,5,2
Amravati,Amravati,Amravati W.M,W.M.Amravati - 2,Amravati,20003791,105 Villages RRWSS,Saur,3880,1,1.26,0.63,1.51,1.62,1.23,2.19,52.58,32.47,16.24,38.92,41.75,31.7,56.44,11-Jun,12-Jun,13-Jun,14-Jun,15-Jun,16-Jun,10-Jun,11-Jun,12-Jun,13-Jun,14-Jun,15-Jun,16-Jun,0,6,1
Amravati,Amravati,Amravati,Achalpur,Chandur Bazar,7945938,83 Village RRWS Scheme MJP RR (C 39),Kondwardha,235,1,1.13,0.99,1.45,1.07,0.88,1.31,634.04,480.85,421.28,617.02,455.32,374.47,557.45,11-Jun,12-Jun,13-Jun,14-Jun,15-Jun,16-Jun,10-Jun,11-Jun,12-Jun,13-Jun,14-Jun,15-Jun,16-Jun,0,0,7
Amravati,Amravati,Amravati,Achalpur,Achalpur,7945938,83 Village RRWS Scheme MJP RR (C 39),Kolha,419,2,0,0,0,0,0,0,0,0,0,0,0,0,0,11-Jun,12-Jun,13-Jun,14-Jun,15-Jun,16-Jun,10-Jun,11-Jun,12-Jun,13-Jun,14-Jun,15-Jun,16-Jun,7,7,0
Amravati,Amravati,Amravati,Achalpur,Achalpur,7945938,83 Village RRWS Scheme MJP RR (C 39),Tuljapur jahagir,96,1,0.5,0.79,0,0.7,0.18,0,0,520.83,822.92,0,729.17,187.5,0,11-Jun,12-Jun,13-Jun,14-Jun,15-Jun,16-Jun,10-Jun,11-Jun,12-Jun,13-Jun,14-Jun,15-Jun,16-Jun,3,3,4
Amravati,Akola,Buldhana,Khamgaon,Nandura,20028083,Wadali & 8 Villages RRWSS,Wasadi,792,2,0,0,0,0,0,0,0,0,0,0,0,0,0,11-Jun,12-Jun,13-Jun,14-Jun,15-Jun,16-Jun,10-Jun,11-Jun,12-Jun,13-Jun,14-Jun,15-Jun,16-Jun,7,7,0
Amravati,Akola,Buldhana,Khamgaon,Nandura,20028083,Wadali & 8 Villages RRWSS,Wadali,1192,2,0.11,0.09,0.04,0.13,0.12,0.12,10.54,9.27,7.79,3.68,10.56,10.2,9.98,11-Jun,12-Jun,13-Jun,14-Jun,15-Jun,16-Jun,10-Jun,11-Jun,12-Jun,13-Jun,14-Jun,15-Jun,16-Jun,0,7,0
Amravati,Akola,Buldhana,Khamgaon,Nandura,20028083,Wadali & 8 Villages RRWSS,Muramba,596,2,0.31,0.11,0.06,0,0.51,0,101.14,52.1,19,10.22,0,85.78,0,11-Jun,12-Jun,13-Jun,14-Jun,15-Jun,16-Jun,10-Jun,11-Jun,12-Jun,13-Jun,14-Jun,15-Jun,16-Jun,2,5,2
Amravati,Akola,Buldhana,Khamgaon,Nandura,20028083,Wadali & 8 Villages RRWSS,Khatkhed,581,1,0,0,0,0,0,0,0,0,0,0,0,0,0,11-Jun,12-Jun,13-Jun,14-Jun,15-Jun,16-Jun,10-Jun,11-Jun,12-Jun,13-Jun,14-Jun,15-Jun,16-Jun,7,7,0
Amravati,Akola,Buldhana,Khamgaon,Nandura,20028083,Wadali & 8 Villages RRWSS,Pimpalkuta Dhande,912,2,0.83,0.37,1.27,0,1.84,0.44,131.35,91.46,40.97,138.96,0,201.99,48.21,11-Jun,12-Jun,13-Jun,14-Jun,15-Jun,16-Jun,10-Jun,11-Jun,12-Jun,13-Jun,14-Jun,15-Jun,16-Jun,1,3,4
Amravati,Akola,Buldhana,Khamgaon,Nandura,20028083,Wadali & 8 Villages RRWSS,Barafgaon,480,3,0.73,0,0.48,0.32,0,0,0.02,151.59,0.05,99.04,67.54,0,0,11-Jun,12-Jun,13-Jun,14-Jun,15-Jun,16-Jun,10-Jun,11-Jun,12-Jun,13-Jun,14-Jun,15-Jun,16-Jun,2,4,3
Amravati,Amravati,Amravati W.M,W.M.Amravati - 2,Amravati,20003791,105 Villages RRWSS,Shirajgaon,1491,6,7.8,6.49,7.39,6.76,7.81,6.88,458.08,523.14,435.28,495.64,453.39,523.81,461.44,11-Jun,12-Jun,13-Jun,14-Jun,15-Jun,16-Jun,10-Jun,11-Jun,12-Jun,13-Jun,14-Jun,15-Jun,16-Jun,0,0,7
Amravati,Amravati,Amravati W.M,W.M.Amravati - 2,Amravati,20003791,105 Villages RRWSS,Shirala,10390,6,2.3,2.4,2.43,2.53,2.03,2.53,26.66,22.14,23.1,23.39,24.35,19.54,24.35,11-Jun,12-Jun,13-Jun,14-Jun,15-Jun,16-Jun,10-Jun,11-Jun,12-Jun,13-Jun,14-Jun,15-Jun,16-Jun,0,7,0
Amravati,Amravati,Amravati W.M,W.M.Amravati - 2,Amravati,20003791,105 Villages RRWSS,Talwel,4024,6,3.64,3.65,3.46,3.67,3.11,3.43,99.16,90.46,90.81,85.98,91.23,77.29,85.24,11-Jun,12-Jun,13-Jun,14-Jun,15-Jun,16-Jun,10-Jun,11-Jun,12-Jun,13-Jun,14-Jun,15-Jun,16-Jun,0,0,7
Amravati,Amravati,Amravati W.M,W.M.Amravati - 2,Amravati,20003791,105 Villages RRWSS,Tarkheda,3773,3,3.31,3.54,3.77,3.42,3.56,3.65,96.47,87.73,93.82,99.92,90.64,94.35,96.74,11-Jun,12-Jun,13-Jun,14-Jun,15-Jun,16-Jun,10-Jun,11-Jun,12-Jun,13-Jun,14-Jun,15-Jun,16-Jun,0,0,7
Amravati,Amravati,Amravati W.M,W.M.Amravati - 2,Amravati,20003791,105 Villages RRWSS,Takarkheda,1961,4,0,0,0,0,1.1,1.68,0,0,0,0,0,56.23,85.67,11-Jun,12-Jun,13-Jun,14-Jun,15-Jun,16-Jun,10-Jun,11-Jun,12-Jun,13-Jun,14-Jun,15-Jun,16-Jun,5,5,2
Amravati,Akola,Akola,Akola,Akola,20028565,"Akot 84 VRRWSS Tq. Akola, Akot & Telhara Dist. Akola",Warur,2400,1,0,2.77,9.24,0,0,0,0,0,115.42,384.81,0,0,0,11-Jun,12-Jun,13-Jun,14-Jun,15-Jun,16-Jun,10-Jun,11-Jun,12-Jun,13-Jun,14-Jun,15-Jun,16-Jun,5,5,2
Amravati,Akola,Akola,Akola,Akola,20028565,"Akot 84 VRRWSS Tq. Akola, Akot & Telhara Dist. Akola",Wani,373,1,1.49,0.79,0,0,1.27,0.45,0,399.46,211.8,0,0,340.48,120.64,11-Jun,12-Jun,13-Jun,14-Jun,15-Jun,16-Jun,10-Jun,11-Jun,12-Jun,13-Jun,14-Jun,15-Jun,16-Jun,3,3,4
Amravati,Akola,Akola,Akola,Akola,20028565,"Akot 84 VRRWSS Tq. Akola, Akot & Telhara Dist. Akola",Warula,1141,1,0,0,0,0,0,0,0,0,0,0,0,0,0,11-Jun,12-Jun,13-Jun,14-Jun,15-Jun,16-Jun,10-Jun,11-Jun,12-Jun,13-Jun,14-Jun,15-Jun,16-Jun,7,7,0
Amravati,Akola,Akola,Akola,Akola,20028565,"Akot 84 VRRWSS Tq. Akola, Akot & Telhara Dist. Akola",Taroda,755,1,0.08,0,0.25,0.01,0,0.26,75.5,10.6,0,33.11,1.32,0,34.44,11-Jun,12-Jun,13-Jun,14-Jun,15-Jun,16-Jun,10-Jun,11-Jun,12-Jun,13-Jun,14-Jun,15-Jun,16-Jun,2,6,1
Amravati,Akola,Akola,Akola,Akola,20028565,"Akot 84 VRRWSS Tq. Akola, Akot & Telhara Dist. Akola",Takli Kh.,1728,4,1.22,0.84,0.18,1.39,1.03,0.65,57.87,70.79,48.61,10.42,80.44,59.61,37.62,11-Jun,12-Jun,13-Jun,14-Jun,15-Jun,16-Jun,10-Jun,11-Jun,12-Jun,13-Jun,14-Jun,15-Jun,16-Jun,0,3,4
Amravati,Akola,Akola,Akola,Akola,20028565,"Akot 84 VRRWSS Tq. Akola, Akot & Telhara Dist. Akola",Tandulwadi,964,3,0,0,3.15,1.88,0,0,0,0,0,326.76,195.02,0,0,11-Jun,12-Jun,13-Jun,14-Jun,15-Jun,16-Jun,10-Jun,11-Jun,12-Jun,13-Jun,14-Jun,15-Jun,16-Jun,5,5,2
Amravati,Akola,Akola,Akola,Akola,20028565,"Akot 84 VRRWSS Tq. Akola, Akot & Telhara Dist. Akola",Patsul,972,1,0,3.4,0.06,0,0,2.96,0,0,349.79,6.17,0,0,304.53,11-Jun,12-Jun,13-Jun,14-Jun,15-Jun,16-Jun,10-Jun,11-Jun,12-Jun,13-Jun,14-Jun,15-Jun,16-Jun,4,5,2
Amravati,Akola,Akola,Akola,Akola,20028565,"Akot 84 VRRWSS Tq. Akola, Akot & Telhara Dist. Akola",Panori,535,1,0,0,0,0,0,0,0,0,0,0,0,0,0,11-Jun,12-Jun,13-Jun,14-Jun,15-Jun,16-Jun,10-Jun,11-Jun,12-Jun,13-Jun,14-Jun,15-Jun,16-Jun,7,7,0
Amravati,Akola,Akola,Akola,Akola,20028565,"Akot 84 VRRWSS Tq. Akola, Akot & Telhara Dist. Akola",Nijampur,712,1,0,0,0,0,0,0,0,0,0,0,0,0,0,11-Jun,12-Jun,13-Jun,14-Jun,15-Jun,16-Jun,10-Jun,11-Jun,12-Jun,13-Jun,14-Jun,15-Jun,16-Jun,7,7,0
Amravati,Akola,Akola,Akola,Akola,20028565,"Akot 84 VRRWSS Tq. Akola, Akot & Telhara Dist. Akola",Palsod,2116,3,0.22,0,0.05,0.54,0,0.52,18.27,10.46,0.06,2.52,25.74,0,24.6,11-Jun,12-Jun,13-Jun,14-Jun,15-Jun,16-Jun,10-Jun,11-Jun,12-Jun,13-Jun,14-Jun,15-Jun,16-Jun,1,7,0
Amravati,Akola,Akola,Akola,Akola,20028565,"Akot 84 VRRWSS Tq. Akola, Akot & Telhara Dist. Akola",Mundgaon,7199,2,92.51,423.62,37.38,72.49,143.56,62.03,7863.18,1285.04,5884.43,519.24,1006.95,1994.17,861.65,11-Jun,12-Jun,13-Jun,14-Jun,15-Jun,16-Jun,10-Jun,11-Jun,12-Jun,13-Jun,14-Jun,15-Jun,16-Jun,0,0,7
Amravati,Akola,Akola,Akola,Akola,20028565,"Akot 84 VRRWSS Tq. Akola, Akot & Telhara Dist. Akola",Sonbardi,712,2,0.35,0.02,0,0.59,0.16,0,195.22,49.16,2.81,0,82.87,22.47,0,11-Jun,12-Jun,13-Jun,14-Jun,15-Jun,16-Jun,10-Jun,11-Jun,12-Jun,13-Jun,14-Jun,15-Jun,16-Jun,2,5,2
Amravati,Akola,Akola,Akola,Akola,20028565,"Akot 84 VRRWSS Tq. Akola, Akot & Telhara Dist. Akola",Sangavi,461,1,0,0,1.46,0.49,0.06,0.01,162.69,0,0,316.7,106.29,13.02,2.17,11-Jun,12-Jun,13-Jun,14-Jun,15-Jun,16-Jun,10-Jun,11-Jun,12-Jun,13-Jun,14-Jun,15-Jun,16-Jun,2,4,3
Amravati,Akola,Akola,Akola,Akola,20028565,"Akot 84 VRRWSS Tq. Akola, Akot & Telhara Dist. Akola",Rajurwadi,46,1,0,0,0,0,0,0,0,0,0,0,0,0,0,11-Jun,12-Jun,13-Jun,14-Jun,15-Jun,16-Jun,10-Jun,11-Jun,12-Jun,13-Jun,14-Jun,15-Jun,16-Jun,7,7,0
Amravati,Akola,Akola,Akola,Akola,20028565,"Akot 84 VRRWSS Tq. Akola, Akot & Telhara Dist. Akola",Pimpari Dikkar,522,1,0,1.21,0.2,0,0.01,1.09,0,0,231.8,38.31,0,1.92,208.81,11-Jun,12-Jun,13-Jun,14-Jun,15-Jun,16-Jun,10-Jun,11-Jun,12-Jun,13-Jun,14-Jun,15-Jun,16-Jun,3,5,2
Amravati,Akola,Akola,Akola,Akola,20028565,"Akot 84 VRRWSS Tq. Akola, Akot & Telhara Dist. Akola",Keliweli (New),3676,1,0.01,0,0.5,0,1.15,1.14,0,0.27,0,13.6,0,31.28,31.01,11-Jun,12-Jun,13-Jun,14-Jun,15-Jun,16-Jun,10-Jun,11-Jun,12-Jun,13-Jun,14-Jun,15-Jun,16-Jun,3,7,0
Amravati,Akola,Akola,Akola,Akola,20028565,"Akot 84 VRRWSS Tq. Akola, Akot & Telhara Dist. Akola",Kawasa Bk.,1298,3,0,0,0,0,0,0,0,0,0,0,0,0,0,11-Jun,12-Jun,13-Jun,14-Jun,15-Jun,16-Jun,10-Jun,11-Jun,12-Jun,13-Jun,14-Jun,15-Jun,16-Jun,7,7,0
Amravati,Akola,Akola,Akola,Akola,20028565,"Akot 84 VRRWSS Tq. Akola, Akot & Telhara Dist. Akola",Karatwadi,1682,1,0,1.26,0.28,1.99,0,0,0.59,0,74.91,16.65,118.31,0,0,11-Jun,12-Jun,13-Jun,14-Jun,15-Jun,16-Jun,10-Jun,11-Jun,12-Jun,13-Jun,14-Jun,15-Jun,16-Jun,3,5,2
Amravati,Akola,Akola,Akola,Akola,20028565,"Akot 84 VRRWSS Tq. Akola, Akot & Telhara Dist. Akola",Jaulka,1312,1,4.51,5.49,0,0,0.04,1.84,10.67,343.38,418.6,0,0,3.05,140.24,11-Jun,12-Jun,13-Jun,14-Jun,15-Jun,16-Jun,10-Jun,11-Jun,12-Jun,13-Jun,14-Jun,15-Jun,16-Jun,2,4,3
Amravati,Akola,Akola,Akola,Akola,20028565,"Akot 84 VRRWSS Tq. Akola, Akot & Telhara Dist. Akola",Lotkhed,1143,2,0,0,0,0,0,0.65,0,0,0,0,0,0,57.05,11-Jun,12-Jun,13-Jun,14-Jun,15-Jun,16-Jun,10-Jun,11-Jun,12-Jun,13-Jun,14-Jun,15-Jun,16-Jun,6,6,1
Amravati,Akola,Akola,Akola,Akola,20028565,"Akot 84 VRRWSS Tq. Akola, Akot & Telhara Dist. Akola",Maroda,1148,1,0,0,0,0.01,0,0.08,0,0,0,0,0.87,0,6.97,11-Jun,12-Jun,13-Jun,14-Jun,15-Jun,16-Jun,10-Jun,11-Jun,12-Jun,13-Jun,14-Jun,15-Jun,16-Jun,5,7,0
Amravati,Akola,Akola,Akola,Akola,20028565,"Akot 84 VRRWSS Tq. Akola, Akot & Telhara Dist. Akola",Khaparwadi Bk.,420,1,0,0,0,0,0,0,0,0,0,0,0,0,0,11-Jun,12-Jun,13-Jun,14-Jun,15-Jun,16-Jun,10-Jun,11-Jun,12-Jun,13-Jun,14-Jun,15-Jun,16-Jun,7,7,0
Amravati,Akola,Akola,Akola,Akola,20028565,"Akot 84 VRRWSS Tq. Akola, Akot & Telhara Dist. Akola",Khaparwadi Kh.,229,1,0,0,0,0,0,0,0,0,0,0,0,0,0,11-Jun,12-Jun,13-Jun,14-Jun,15-Jun,16-Jun,10-Jun,11-Jun,12-Jun,13-Jun,14-Jun,15-Jun,16-Jun,7,7,0
Amravati,Akola,Akola,Akola,Akola,20028565,"Akot 84 VRRWSS Tq. Akola, Akot & Telhara Dist. Akola",Danori,1296,2,0.89,1.56,0,0,0,3.1,0,68.67,120,0,0,0,239.2,11-Jun,12-Jun,13-Jun,14-Jun,15-Jun,16-Jun,10-Jun,11-Jun,12-Jun,13-Jun,14-Jun,15-Jun,16-Jun,4,4,3
Amravati,Akola,Akola,Akola,Akola,20028565,"Akot 84 VRRWSS Tq. Akola, Akot & Telhara Dist. Akola",Deori,2560,1,0,5.43,62.49,25.84,0,7.81,34.77,0,212.11,2441.11,1009.29,0,305.08,11-Jun,12-Jun,13-Jun,14-Jun,15-Jun,16-Jun,10-Jun,11-Jun,12-Jun,13-Jun,14-Jun,15-Jun,16-Jun,2,3,4
Amravati,Akola,Akola,Akola,Akola,20028565,"Akot 84 VRRWSS Tq. Akola, Akot & Telhara Dist. Akola",Balegaon,1353,1,166.1,0,0,248.33,39.65,0,17356.98,12276.42,0,0,18354.03,2930.76,0,11-Jun,12-Jun,13-Jun,14-Jun,15-Jun,16-Jun,10-Jun,11-Jun,12-Jun,13-Jun,14-Jun,15-Jun,16-Jun,3,3,4
Amravati,Akola,Akola,Akola,Akola,20028565,"Akot 84 VRRWSS Tq. Akola, Akot & Telhara Dist. Akola",Alegaon,422,1,0,0,0,0,0,0,0,0,0,0,0,0,0,11-Jun,12-Jun,13-Jun,14-Jun,15-Jun,16-Jun,10-Jun,11-Jun,12-Jun,13-Jun,14-Jun,15-Jun,16-Jun,7,7,0
Amravati,Akola,Akola,Akola,Akola,20028565,"Akot 84 VRRWSS Tq. Akola, Akot & Telhara Dist. Akola",Alewadi,800,1,0,0,0,0,0,0,0,0,0,0,0,0,0,11-Jun,12-Jun,13-Jun,14-Jun,15-Jun,16-Jun,10-Jun,11-Jun,12-Jun,13-Jun,14-Jun,15-Jun,16-Jun,7,7,0
Amravati,Akola,Akola,Akola,Akola,20028565,"Akot 84 VRRWSS Tq. Akola, Akot & Telhara Dist. Akola",Garsoli,288,1,2.85,0,0,0,0,0,802.08,990.93,0,0,0,0,0,11-Jun,12-Jun,13-Jun,14-Jun,15-Jun,16-Jun,10-Jun,11-Jun,12-Jun,13-Jun,14-Jun,15-Jun,16-Jun,5,5,2
Amravati,Akola,Akola,Akola,Akola,20028565,"Akot 84 VRRWSS Tq. Akola, Akot & Telhara Dist. Akola",Dinoda,1491,2,0,0,0,0,0,0,0,0,0,0,0,0,0,11-Jun,12-Jun,13-Jun,14-Jun,15-Jun,16-Jun,10-Jun,11-Jun,12-Jun,13-Jun,14-Jun,15-Jun,16-Jun,7,7,0
Amravati,Akola,Akola,Akola,Telhara,20028565,"Akot 84 VRRWSS Tq. Akola, Akot & Telhara Dist. Akola",Ner,1646,1,0,0,0,0,0,0,0,0,0,0,0,0,0,11-Jun,12-Jun,13-Jun,14-Jun,15-Jun,16-Jun,10-Jun,11-Jun,12-Jun,13-Jun,14-Jun,15-Jun,16-Jun,7,7,0
Amravati,Amravati,Amravati W.M,W.M.Amravati - 2,Achalpur,20003791,105 Villages RRWSS,Virshi,1231,1,0.67,1.16,4.27,13.77,5.85,1.49,792.04,54.43,94.23,346.87,1118.93,475.22,121.04,11-Jun,12-Jun,13-Jun,14-Jun,15-Jun,16-Jun,10-Jun,11-Jun,12-Jun,13-Jun,14-Jun,15-Jun,16-Jun,0,1,6
Amravati,Amravati,Amravati W.M,W.M.Amravati - 2,Amravati,20003791,105 Villages RRWSS,Chinchkheda,1185,2,0.93,0.91,0.85,0.68,0.92,1.03,79.32,78.48,76.79,71.73,57.38,77.64,86.92,11-Jun,12-Jun,13-Jun,14-Jun,15-Jun,16-Jun,10-Jun,11-Jun,12-Jun,13-Jun,14-Jun,15-Jun,16-Jun,0,0,7
Amravati,Amravati,Amravati W.M,Daryapur,Anjangaon,20005043,156 Villages Strengthening scheme of 144 villages RR,Telkheda,220,1,0,580717.96,0,0,0,575777.75,0,0,263962709.5,0,0,0,261717159.9,11-Jun,12-Jun,13-Jun,14-Jun,15-Jun,16-Jun,10-Jun,11-Jun,12-Jun,13-Jun,14-Jun,15-Jun,16-Jun,5,5,2
Amravati,Amravati,Amravati W.M,Daryapur,Anjangaon,20005043,156 Villages Strengthening scheme of 144 villages RR,Yerandgaon,712,1,967.79,945.78,751.65,877.38,1058.08,908.99,166775.28,135925.56,132834.27,105568.82,123227.53,148606.74,127667.13,11-Jun,12-Jun,13-Jun,14-Jun,15-Jun,16-Jun,10-Jun,11-Jun,12-Jun,13-Jun,14-Jun,15-Jun,16-Jun,0,0,7
Amravati,Amravati,Amravati W.M,Daryapur,Anjangaon,20005043,156 Villages Strengthening scheme of 144 villages RR,Antargaon,440,2,0,0,0,0,0,0,0,0,0,0,0,0,0,11-Jun,12-Jun,13-Jun,14-Jun,15-Jun,16-Jun,10-Jun,11-Jun,12-Jun,13-Jun,14-Jun,15-Jun,16-Jun,7,7,0
Amravati,Amravati,Amravati,Achalpur,Achalpur,7945938,83 Village RRWS Scheme MJP RR (C 39),Chamak Kh,254,1,9.3,10.16,10.86,8.84,9.03,8.74,3707.34,3662.34,4001.45,4275.59,3480.31,3555.12,3440.94,11-Jun,12-Jun,13-Jun,14-Jun,15-Jun,16-Jun,10-Jun,11-Jun,12-Jun,13-Jun,14-Jun,15-Jun,16-Jun,0,0,7
Amravati,Amravati,Amravati W.M,W.M.Amravati - 2,Achalpur,20003791,105 Villages RRWSS,Zanji,175,3,0.63,2.94,0.53,4.03,0.6,2.52,1382.86,360,1680,302.86,2302.86,342.86,1440,11-Jun,12-Jun,13-Jun,14-Jun,15-Jun,16-Jun,10-Jun,11-Jun,12-Jun,13-Jun,14-Jun,15-Jun,16-Jun,0,0,7
Amravati,Amravati,Amravati W.M,W.M.Amravati - 2,Achalpur,20003791,105 Villages RRWSS,Yelki,1086,2,26.93,38.38,27.6,38.51,23.32,39.6,3471.45,2480,3534.19,2541.06,3546.04,2147.27,3646.03,11-Jun,12-Jun,13-Jun,14-Jun,15-Jun,16-Jun,10-Jun,11-Jun,12-Jun,13-Jun,14-Jun,15-Jun,16-Jun,0,0,7
Amravati,Amravati,Amravati W.M,W.M.Amravati - 2,Achalpur,20003791,105 Villages RRWSS,Wathoda,2563,2,3.05,0,1.91,2.22,2.38,2.44,100.27,119,0,74.52,86.62,92.86,95.2,11-Jun,12-Jun,13-Jun,14-Jun,15-Jun,16-Jun,10-Jun,11-Jun,12-Jun,13-Jun,14-Jun,15-Jun,16-Jun,1,1,6
Amravati,Amravati,Amravati W.M,W.M.Amravati - 2,Achalpur,20003791,105 Villages RRWSS,Wandli,494,1,6.1,5.71,7.47,3.72,2.66,6.63,1198.38,1234.82,1155.87,1512.15,753.04,538.46,1342.11,11-Jun,12-Jun,13-Jun,14-Jun,15-Jun,16-Jun,10-Jun,11-Jun,12-Jun,13-Jun,14-Jun,15-Jun,16-Jun,0,0,7
Amravati,Amravati,Amravati W.M,W.M.Amravati - 2,Achalpur,20003791,105 Villages RRWSS,Waki,872,2,0.26,0,0.14,0.27,0.1,0.09,17.2,29.82,0,16.06,30.96,11.47,10.32,11-Jun,12-Jun,13-Jun,14-Jun,15-Jun,16-Jun,10-Jun,11-Jun,12-Jun,13-Jun,14-Jun,15-Jun,16-Jun,1,7,0
Amravati,Amravati,Amravati W.M,W.M.Amravati - 2,Achalpur,20003791,105 Villages RRWSS,Waigaon,1824,2,0,0,0,0,0,0,0,0,0,0,0,0,0,11-Jun,12-Jun,13-Jun,14-Jun,15-Jun,16-Jun,10-Jun,11-Jun,12-Jun,13-Jun,14-Jun,15-Jun,16-Jun,7,7,0
Amravati,Amravati,Amravati,Achalpur,Achalpur,7945938,83 Village RRWS Scheme MJP RR (C 39),Shekapur,64,1,0,0,0,0,0,0,0,0,0,0,0,0,0,11-Jun,12-Jun,13-Jun,14-Jun,15-Jun,16-Jun,10-Jun,11-Jun,12-Jun,13-Jun,14-Jun,15-Jun,16-Jun,7,7,0
Amravati,Amravati,Amravati W.M,W.M.Amravati - 2,Amravati,20003791,105 Villages RRWSS,Rama,891,2,16.02,18.29,16.01,14.82,17.27,16.39,1910.21,1797.98,2052.75,1796.86,1663.3,1938.27,1839.26,11-Jun,12-Jun,13-Jun,14-Jun,15-Jun,16-Jun,10-Jun,11-Jun,12-Jun,13-Jun,14-Jun,15-Jun,16-Jun,0,0,7
Amravati,Amravati,Amravati W.M,W.M.Amravati - 2,Bhatkuli,20003791,105 Villages RRWSS,Kharwadi,1634,1,1.57,1.31,1.43,1.17,0.81,1.17,92.41,96.08,80.17,87.52,71.6,49.57,71.6,11-Jun,12-Jun,13-Jun,14-Jun,15-Jun,16-Jun,10-Jun,11-Jun,12-Jun,13-Jun,14-Jun,15-Jun,16-Jun,0,1,6
Amravati,Amravati,Amravati W.M,W.M.Amravati - 2,Bhatkuli,20003791,105 Villages RRWSS,Khumagad,608,1,0,0,0,0,0,0,192.43,0,0,0,0,0,0,11-Jun,12-Jun,13-Jun,14-Jun,15-Jun,16-Jun,10-Jun,11-Jun,12-Jun,13-Jun,14-Jun,15-Jun,16-Jun,6,6,1
Amravati,Amravati,Amravati W.M,W.M.Amravati - 2,Bhatkuli,20003791,105 Villages RRWSS,Kharala,2392,3,10.11,10.11,9.65,9.75,9.9,9.61,413.88,422.66,422.66,403.43,407.61,413.88,401.76,11-Jun,12-Jun,13-Jun,14-Jun,15-Jun,16-Jun,10-Jun,11-Jun,12-Jun,13-Jun,14-Jun,15-Jun,16-Jun,0,0,7
Amravati,Amravati,Amravati W.M,W.M.Amravati - 2,Bhatkuli,20003791,105 Villages RRWSS,Khanapur,681,2,0.44,0.45,0.45,0.45,0.14,0.44,67.55,64.61,66.08,66.08,66.08,20.56,64.61,11-Jun,12-Jun,13-Jun,14-Jun,15-Jun,16-Jun,10-Jun,11-Jun,12-Jun,13-Jun,14-Jun,15-Jun,16-Jun,0,1,6
Amravati,Amravati,Amravati W.M,W.M.Amravati - 2,Bhatkuli,20003791,105 Villages RRWSS,Koltek,Unsupported Data Type,1,1.18,0,0,1.27,0,0,0,0,0,0,0,0,0,11-Jun,12-Jun,13-Jun,14-Jun,15-Jun,16-Jun,10-Jun,11-Jun,12-Jun,13-Jun,14-Jun,15-Jun,16-Jun,7,7,0
Amravati,Amravati,Amravati W.M,W.M.Amravati - 2,Bhatkuli,20003791,105 Villages RRWSS,Dhamori,737,4,34.33,39.55,38.31,43.86,39.31,36.49,2991.99,4657.69,5366.27,5198.1,5951.41,5333.91,4950.94,11-Jun,12-Jun,13-Jun,14-Jun,15-Jun,16-Jun,10-Jun,11-Jun,12-Jun,13-Jun,14-Jun,15-Jun,16-Jun,0,0,7
Amravati,Amravati,Amravati W.M,W.M.Amravati - 2,Bhatkuli,20003791,105 Villages RRWSS,Dautpur -Kanfodi,353,1,0.31,0.55,0.59,0.43,0.64,0.72,161.47,87.82,155.81,167.14,121.81,181.3,203.97,11-Jun,12-Jun,13-Jun,14-Jun,15-Jun,16-Jun,10-Jun,11-Jun,12-Jun,13-Jun,14-Jun,15-Jun,16-Jun,0,0,7
Amravati,Amravati,Amravati W.M,W.M.Amravati - 2,Bhatkuli,20003791,105 Villages RRWSS,Deori,757,2,1.25,1.38,0.67,1.05,1.15,1.29,147.95,165.13,182.3,88.51,138.71,151.92,170.41,11-Jun,12-Jun,13-Jun,14-Jun,15-Jun,16-Jun,10-Jun,11-Jun,12-Jun,13-Jun,14-Jun,15-Jun,16-Jun,0,0,7
Amravati,Amravati,Amravati W.M,W.M.Amravati - 2,Bhatkuli,20003791,105 Villages RRWSS,Chincholi,1637,3,1.16,1.19,1.12,1.19,1.16,1.02,75.75,70.86,72.69,68.42,72.69,70.86,62.59,11-Jun,12-Jun,13-Jun,14-Jun,15-Jun,16-Jun,10-Jun,11-Jun,12-Jun,13-Jun,14-Jun,15-Jun,16-Jun,0,0,7
Amravati,Amravati,Amravati W.M,W.M.Amravati - 2,Bhatkuli,20003791,105 Villages RRWSS,Gajanan Township,0,3,4.23,4.3,4.5,5.03,5.19,4.47,0,0,0,0,0,0,0,11-Jun,12-Jun,13-Jun,14-Jun,15-Jun,16-Jun,10-Jun,11-Jun,12-Jun,13-Jun,14-Jun,15-Jun,16-Jun,7,7,0
Amravati,Amravati,Amravati W.M,W.M.Amravati - 2,Bhatkuli,20003791,105 Villages RRWSS,Asegaon,4180,6,0.45,2.35,0.42,2.32,0,0.85,61.24,10.77,56.22,10.05,55.5,0,20.33,11-Jun,12-Jun,13-Jun,14-Jun,15-Jun,16-Jun,10-Jun,11-Jun,12-Jun,13-Jun,14-Jun,15-Jun,16-Jun,1,4,3
Amravati,Amravati,Amravati W.M,W.M.Amravati - 2,Bhatkuli,20003791,105 Villages RRWSS,Ashti,3472,5,2.86,3.82,3.52,2.77,4.06,3.36,77.48,82.37,110.02,101.38,79.78,116.94,96.77,11-Jun,12-Jun,13-Jun,14-Jun,15-Jun,16-Jun,10-Jun,11-Jun,12-Jun,13-Jun,14-Jun,15-Jun,16-Jun,0,0,7
Amravati,Amravati,Amravati W.M,W.M.Amravati - 2,Bhatkuli,20003791,105 Villages RRWSS,Chakur,418,1,0,0,0,0,0,0,0,0,0,0,0,0,0,11-Jun,12-Jun,13-Jun,14-Jun,15-Jun,16-Jun,10-Jun,11-Jun,12-Jun,13-Jun,14-Jun,15-Jun,16-Jun,7,7,0
Amravati,Amravati,Amravati W.M,W.M.Amravati - 2,Bhatkuli,20003791,105 Villages RRWSS,Bhalsi,519,1,0.69,0.83,0.27,0.3,0.63,0.09,0,132.95,159.92,52.02,57.8,121.39,17.34,11-Jun,12-Jun,13-Jun,14-Jun,15-Jun,16-Jun,10-Jun,11-Jun,12-Jun,13-Jun,14-Jun,15-Jun,16-Jun,1,3,4
Amravati,Amravati,Amravati W.M,W.M.Amravati - 2,Bhatkuli,20003791,105 Villages RRWSS,Bhatkuli NP,1310,2,9.08,6.47,6.8,8.54,7.78,6.11,633.59,693.13,493.89,518.97,651.91,593.89,466.41,11-Jun,12-Jun,13-Jun,14-Jun,15-Jun,16-Jun,10-Jun,11-Jun,12-Jun,13-Jun,14-Jun,15-Jun,16-Jun,0,0,7
Amravati,Amravati,Amravati W.M,W.M.Amravati - 2,Chandur Bazar,20003791,105 Villages RRWSS,Makrampur,112,1,3.1,0,0,2.4,0,0,0,2767.86,0,0,2142.86,0,0,11-Jun,12-Jun,13-Jun,14-Jun,15-Jun,16-Jun,10-Jun,11-Jun,12-Jun,13-Jun,14-Jun,15-Jun,16-Jun,5,5,2
Amravati,Amravati,Yavatmal,Pusad,Pusad,20028563,"Malpathar 28 Villages, (Reju.)",Panhala,1476,2,0,0,0,0.01,0.06,0.01,0,0,0,0,0.68,4.07,0.68,11-Jun,12-Jun,13-Jun,14-Jun,15-Jun,16-Jun,10-Jun,11-Jun,12-Jun,13-Jun,14-Jun,15-Jun,16-Jun,4,7,0
Amravati,Amravati,Yavatmal,Pusad,Pusad,20028563,"Malpathar 28 Villages, (Reju.)",Vasantwadi,1599,2,0,0,0,53.45,0.36,18.88,0,0,0,0,3342.71,22.51,1180.74,11-Jun,12-Jun,13-Jun,14-Jun,15-Jun,16-Jun,10-Jun,11-Jun,12-Jun,13-Jun,14-Jun,15-Jun,16-Jun,4,5,2
Amravati,Amravati,Yavatmal,Pusad,Pusad,20028563,"Malpathar 28 Villages, (Reju.)",Sattarmal,802,2,0,0,0,0,0,1.05,0,0,0,0,0,0,130.92,11-Jun,12-Jun,13-Jun,14-Jun,15-Jun,16-Jun,10-Jun,11-Jun,12-Jun,13-Jun,14-Jun,15-Jun,16-Jun,6,6,1
Amravati,Amravati,Yavatmal,Pusad,Pusad,20028563,"Malpathar 28 Villages, (Reju.)",Rohada,3556,1,0,0,0,0,0,0,0,0,0,0,0,0,0,11-Jun,12-Jun,13-Jun,14-Jun,15-Jun,16-Jun,10-Jun,11-Jun,12-Jun,13-Jun,14-Jun,15-Jun,16-Jun,7,7,0
Amravati,Amravati,Yavatmal,Pusad,Pusad,20028563,"Malpathar 28 Villages, (Reju.)",Nanad no 2,3116,2,0.05,0,0.31,2.64,2.62,2.29,0.64,1.6,0,9.95,84.72,84.08,73.49,11-Jun,12-Jun,13-Jun,14-Jun,15-Jun,16-Jun,10-Jun,11-Jun,12-Jun,13-Jun,14-Jun,15-Jun,16-Jun,1,4,3
Amravati,Amravati,Yavatmal,Pusad,Pusad,20028563,"Malpathar 28 Villages, (Reju.)",Hanvantkheda,1783,3,0,0,0,3.01,0,0.17,0,0,0,0,168.82,0,9.53,11-Jun,12-Jun,13-Jun,14-Jun,15-Jun,16-Jun,10-Jun,11-Jun,12-Jun,13-Jun,14-Jun,15-Jun,16-Jun,5,6,1
Amravati,Amravati,Yavatmal,Pusad,Pusad,20028563,"Malpathar 28 Villages, (Reju.)",Kheirkheda,1349,1,0.05,0,0.31,2.64,2.62,2.29,1.48,3.71,0,22.98,195.7,194.22,169.76,11-Jun,12-Jun,13-Jun,14-Jun,15-Jun,16-Jun,10-Jun,11-Jun,12-Jun,13-Jun,14-Jun,15-Jun,16-Jun,1,4,3
Amravati,Amravati,Yavatmal,Pusad,Pusad,20028563,"Malpathar 28 Villages, (Reju.)",Aamti,1239,2,0,0,0,0,0,0,0,0,0,0,0,0,0,11-Jun,12-Jun,13-Jun,14-Jun,15-Jun,16-Jun,10-Jun,11-Jun,12-Jun,13-Jun,14-Jun,15-Jun,16-Jun,7,7,0
Amravati,Amravati,Amravati W.M,W.M.Amravati - 2,Bhatkuli,20003791,105 Villages RRWSS,Dhangarkheda,326,1,0.01,0.34,0.71,0.96,0,1.09,358.9,3.07,104.29,217.79,294.48,0,334.36,11-Jun,12-Jun,13-Jun,14-Jun,15-Jun,16-Jun,10-Jun,11-Jun,12-Jun,13-Jun,14-Jun,15-Jun,16-Jun,1,2,5
Amravati,Amravati,Amravati,Achalpur,Chandur Bazar,7945938,83 Village RRWS Scheme MJP RR (C 39),Ambada Kandari,276,1,1.37,2.01,2.04,2.11,1.99,1.77,673.91,496.38,728.26,739.13,764.49,721.01,641.3,11-Jun,12-Jun,13-Jun,14-Jun,15-Jun,16-Jun,10-Jun,11-Jun,12-Jun,13-Jun,14-Jun,15-Jun,16-Jun,0,0,7
Amravati,Amravati,Amravati,Achalpur,Chandur Bazar,7945938,83 Village RRWS Scheme MJP RR (C 39),Kandali,3538,9,8.15,18.07,7.93,21.08,8.63,17.19,540.36,230.23,510.76,224.21,595.84,243.78,485.97,11-Jun,12-Jun,13-Jun,14-Jun,15-Jun,16-Jun,10-Jun,11-Jun,12-Jun,13-Jun,14-Jun,15-Jun,16-Jun,0,0,7
Amravati,Amravati,Amravati W.M,W.M.Amravati - 2,Chandur Bazar,20003791,105 Villages RRWSS,Madhalapur,0,1,1.16,0.53,0.73,0.34,0.93,0.33,0,0,0,0,0,0,0,11-Jun,12-Jun,13-Jun,14-Jun,15-Jun,16-Jun,10-Jun,11-Jun,12-Jun,13-Jun,14-Jun,15-Jun,16-Jun,7,7,0
Amravati,Amravati,Amravati,Achalpur,Achalpur,7945938,83 Village RRWS Scheme MJP RR (C 39),Thokbarda,101,1,0,0,0.72,0,0.64,1.64,1603.96,0,0,712.87,0,633.66,1623.76,11-Jun,12-Jun,13-Jun,14-Jun,15-Jun,16-Jun,10-Jun,11-Jun,12-Jun,13-Jun,14-Jun,15-Jun,16-Jun,3,3,4
Amravati,Amravati,Amravati,Achalpur,Chandur Bazar,7945938,83 Village RRWS Scheme MJP RR (C 39),Kharpi,591,1,3.76,5.08,2.15,4.86,2.13,6.67,869.71,636.21,859.56,363.59,822.34,360.41,1128.6,11-Jun,12-Jun,13-Jun,14-Jun,15-Jun,16-Jun,10-Jun,11-Jun,12-Jun,13-Jun,14-Jun,15-Jun,16-Jun,0,0,7
Amravati,Amravati,Amravati W.M,Daryapur,Daryapur,20005043,156 Villages Strengthening scheme of 144 villages RR,Katkheda,408,1,2343.6,1751.65,4352.53,6245.88,854.83,1242.02,1872136.03,574411.76,429326.5,1066795.46,1530853.59,209516.77,304416.67,11-Jun,12-Jun,13-Jun,14-Jun,15-Jun,16-Jun,10-Jun,11-Jun,12-Jun,13-Jun,14-Jun,15-Jun,16-Jun,0,0,7
Amravati,Amravati,Amravati W.M,Daryapur,Daryapur,20005043,156 Villages Strengthening scheme of 144 villages RR,Ghodchandi,743,1,516.58,552.68,726.21,472.89,1040.32,442.65,67547.78,69526.24,74384.93,97740.24,63646.03,140016.15,59576.04,11-Jun,12-Jun,13-Jun,14-Jun,15-Jun,16-Jun,10-Jun,11-Jun,12-Jun,13-Jun,14-Jun,15-Jun,16-Jun,0,0,7
Amravati,Amravati,Amravati W.M,Daryapur,Daryapur,20005043,156 Villages Strengthening scheme of 144 villages RR,Pimplod,4197,2,6.91,8.44,3.45,7.98,8.59,3.61,106.75,164.66,201.06,82.23,190.12,204.78,85.99,11-Jun,12-Jun,13-Jun,14-Jun,15-Jun,16-Jun,10-Jun,11-Jun,12-Jun,13-Jun,14-Jun,15-Jun,16-Jun,0,0,7
Amravati,Amravati,Amravati W.M,Daryapur,Daryapur,20005043,156 Villages Strengthening scheme of 144 villages RR,Rajkhed,564,1,0.4,0.36,0,0.41,0.22,0.53,81.56,70.92,63.83,0,72.7,39.01,93.97,11-Jun,12-Jun,13-Jun,14-Jun,15-Jun,16-Jun,10-Jun,11-Jun,12-Jun,13-Jun,14-Jun,15-Jun,16-Jun,1,2,5
Amravati,Amravati,Amravati,Achalpur,Chandur Bazar,7945938,83 Village RRWS Scheme MJP RR (C 39),Shirajgaon kasba,4069,7,84595.99,45901.57,107697.92,43320.89,71329.69,47008.48,682061.19,2079036.37,1128079.87,2646790.86,1064656.92,1753002.95,1155283.36,11-Jun,12-Jun,13-Jun,14-Jun,15-Jun,16-Jun,10-Jun,11-Jun,12-Jun,13-Jun,14-Jun,15-Jun,16-Jun,0,0,7
Amravati,Amravati,Amravati,Achalpur,Chandur Bazar,7945938,83 Village RRWS Scheme MJP RR (C 39),Narayanpur,183,1,1.11,1.11,1.11,1.11,1.11,1.11,606.56,606.56,606.56,606.56,606.56,606.56,606.56,11-Jun,12-Jun,13-Jun,14-Jun,15-Jun,16-Jun,10-Jun,11-Jun,12-Jun,13-Jun,14-Jun,15-Jun,16-Jun,0,0,7
Amravati,Amravati,Amravati,Achalpur,Chandur Bazar,7945938,83 Village RRWS Scheme MJP RR (C 39),Gourkheda,504,5,13.18,13.02,20.32,0.5,1.45,1.06,241.76,2615.85,2583.61,4032.58,99.81,287.6,210.4,11-Jun,12-Jun,13-Jun,14-Jun,15-Jun,16-Jun,10-Jun,11-Jun,12-Jun,13-Jun,14-Jun,15-Jun,16-Jun,0,0,7
Amravati,Amravati,Amravati,Achalpur,Chandur Bazar,7945938,83 Village RRWS Scheme MJP RR (C 39),Deomali,1500,3,0,0,0,0,0,0,0,0,0,0,0,0,0,11-Jun,12-Jun,13-Jun,14-Jun,15-Jun,16-Jun,10-Jun,11-Jun,12-Jun,13-Jun,14-Jun,15-Jun,16-Jun,7,7,0
Amravati,Amravati,Amravati,Achalpur,Chandur Bazar,7945938,83 Village RRWS Scheme MJP RR (C 39),Kumbhi,612,2,1.05,0,0.84,1.32,1.02,1.09,1.41,171.27,0,137.25,215.69,166.35,178.1,11-Jun,12-Jun,13-Jun,14-Jun,15-Jun,16-Jun,10-Jun,11-Jun,12-Jun,13-Jun,14-Jun,15-Jun,16-Jun,1,2,5
Amravati,Amravati,Amravati,Achalpur,Chandur Bazar,7945938,83 Village RRWS Scheme MJP RR (C 39),Karajgaon (Mahal),1443,4,0,0,0,0,0,0,0,0,0,0,0,0,0,11-Jun,12-Jun,13-Jun,14-Jun,15-Jun,16-Jun,10-Jun,11-Jun,12-Jun,13-Jun,14-Jun,15-Jun,16-Jun,7,7,0
Amravati,Amravati,Amravati,Achalpur,Chandur Bazar,7945938,83 Village RRWS Scheme MJP RR (C 39),Kavitha Bk.,1129,3,5.21,2.1,4.24,1.96,4.65,2.57,233.84,461.47,186.01,375.55,173.6,411.87,227.64,11-Jun,12-Jun,13-Jun,14-Jun,15-Jun,16-Jun,10-Jun,11-Jun,12-Jun,13-Jun,14-Jun,15-Jun,16-Jun,0,0,7
Amravati,Amravati,Amravati,Achalpur,Achalpur,7945938,83 Village RRWS Scheme MJP RR (C 39),Wadgaon Fattepur,855,5,2.27,2.7,2,1.71,2.01,2.11,323.98,265.5,315.81,233.92,200,235.09,246.78,11-Jun,12-Jun,13-Jun,14-Jun,15-Jun,16-Jun,10-Jun,11-Jun,12-Jun,13-Jun,14-Jun,15-Jun,16-Jun,0,0,7
Amravati,Amravati,Amravati,Achalpur,Achalpur,7945938,83 Village RRWS Scheme MJP RR (C 39),Tondgaon,560,4,0,1.55,0,1.78,0,1.72,312.5,0,276.79,0,317.86,0,307.14,11-Jun,12-Jun,13-Jun,14-Jun,15-Jun,16-Jun,10-Jun,11-Jun,12-Jun,13-Jun,14-Jun,15-Jun,16-Jun,3,3,4
Amravati,Amravati,Amravati,Achalpur,Achalpur,7945938,83 Village RRWS Scheme MJP RR (C 39),Tawalar,675,5,0.76,1.12,0.68,1.03,0.53,0.98,194.07,112.59,165.93,100.74,152.59,78.52,145.19,11-Jun,12-Jun,13-Jun,14-Jun,15-Jun,16-Jun,10-Jun,11-Jun,12-Jun,13-Jun,14-Jun,15-Jun,16-Jun,0,0,7
Amravati,Amravati,Amravati,Achalpur,Achalpur,7945938,83 Village RRWS Scheme MJP RR (C 39),Eklaspur,486,4,2.99,3.47,4.25,3.91,2.35,4.28,853.91,615.23,713.99,874.49,804.53,483.54,880.66,11-Jun,12-Jun,13-Jun,14-Jun,15-Jun,16-Jun,10-Jun,11-Jun,12-Jun,13-Jun,14-Jun,15-Jun,16-Jun,0,0,7
Amravati,Amravati,Amravati,Achalpur,Achalpur,7945938,83 Village RRWS Scheme MJP RR (C 39),Chachondi,36,1,0,0,0,0,0,0,0,0,0,0,0,0,0,11-Jun,12-Jun,13-Jun,14-Jun,15-Jun,16-Jun,10-Jun,11-Jun,12-Jun,13-Jun,14-Jun,15-Jun,16-Jun,7,7,0
Amravati,Amravati,Amravati,Achalpur,Achalpur,7945938,83 Village RRWS Scheme MJP RR (C 39),Bordi,335,1,14.85,8.04,15.64,13.95,10.72,10.71,3970.15,4432.84,2400,4668.66,4164.18,3200,3197.01,11-Jun,12-Jun,13-Jun,14-Jun,15-Jun,16-Jun,10-Jun,11-Jun,12-Jun,13-Jun,14-Jun,15-Jun,16-Jun,0,0,7
Amravati,Amravati,Amravati,Achalpur,Achalpur,7945938,83 Village RRWS Scheme MJP RR (C 39),Borgaon Dori,263,1,0.72,0.71,0.81,1.1,0.34,0.91,498.1,273.76,269.96,307.98,418.25,129.28,346.01,11-Jun,12-Jun,13-Jun,14-Jun,15-Jun,16-Jun,10-Jun,11-Jun,12-Jun,13-Jun,14-Jun,15-Jun,16-Jun,0,0,7
Amravati,Amravati,Amravati,Achalpur,Achalpur,7945938,83 Village RRWS Scheme MJP RR (C 39),Borgaon Talani,102,1,0,0,0,0,0,0,0,0,0,0,0,0,0,11-Jun,12-Jun,13-Jun,14-Jun,15-Jun,16-Jun,10-Jun,11-Jun,12-Jun,13-Jun,14-Jun,15-Jun,16-Jun,7,7,0
Amravati,Amravati,Amravati,Achalpur,Achalpur,7945938,83 Village RRWS Scheme MJP RR (C 39),Kakda,1104,2,0,0,0,0,0,0,0,0,0,0,0,0,0,11-Jun,12-Jun,13-Jun,14-Jun,15-Jun,16-Jun,10-Jun,11-Jun,12-Jun,13-Jun,14-Jun,15-Jun,16-Jun,7,7,0
Amravati,Amravati,Amravati,Achalpur,Achalpur,20029998,Shahanur & 9 Villages RRWS,Kumbhi Wagholi,507,1,0,0,0,0,0,0,0,0,0,0,0,0,0,11-Jun,12-Jun,13-Jun,14-Jun,15-Jun,16-Jun,10-Jun,11-Jun,12-Jun,13-Jun,14-Jun,15-Jun,16-Jun,7,7,0
Amravati,Amravati,Amravati,Achalpur,Achalpur,20029998,Shahanur & 9 Villages RRWS,Pardi,302,1,0,0,0,0,0,0,0,0,0,0,0,0,0,11-Jun,12-Jun,13-Jun,14-Jun,15-Jun,16-Jun,10-Jun,11-Jun,12-Jun,13-Jun,14-Jun,15-Jun,16-Jun,7,7,0
Amravati,Amravati,Amravati,Achalpur,Achalpur,20029998,Shahanur & 9 Villages RRWS,Januna,1827,3,0.78,0.56,1.61,0.84,1.75,1.08,60,42.91,30.58,88.37,45.92,95.56,59.23,11-Jun,12-Jun,13-Jun,14-Jun,15-Jun,16-Jun,10-Jun,11-Jun,12-Jun,13-Jun,14-Jun,15-Jun,16-Jun,0,3,4
Amravati,Amravati,Amravati,Achalpur,Achalpur,20029998,Shahanur & 9 Villages RRWS,Kasampur,1311,2,0,0,0,1.16,1.61,0,0,0,0,0,88.79,123.1,0,11-Jun,12-Jun,13-Jun,14-Jun,15-Jun,16-Jun,10-Jun,11-Jun,12-Jun,13-Jun,14-Jun,15-Jun,16-Jun,5,5,2
Amravati,Amravati,Amravati,Achalpur,Achalpur,20029998,Shahanur & 9 Villages RRWS,Gond Wagholi,1393,2,0,0,0,0,0.61,1.18,0,0,0,0,0,43.79,84.71,11-Jun,12-Jun,13-Jun,14-Jun,15-Jun,16-Jun,10-Jun,11-Jun,12-Jun,13-Jun,14-Jun,15-Jun,16-Jun,5,6,1
Amravati,Amravati,Amravati,Achalpur,Achalpur,7945938,83 Village RRWS Scheme MJP RR (C 39),Belaj,369,2,0,0.19,0,0.19,0,0.18,35.23,0,51.49,0,51.49,0,48.78,11-Jun,12-Jun,13-Jun,14-Jun,15-Jun,16-Jun,10-Jun,11-Jun,12-Jun,13-Jun,14-Jun,15-Jun,16-Jun,3,7,0
Amravati,Amravati,Amravati,Achalpur,Achalpur,7945938,83 Village RRWS Scheme MJP RR (C 39),Aregaon,158,1,0,0,0,0,0,0,0,0,0,0,0,0,0,11-Jun,12-Jun,13-Jun,14-Jun,15-Jun,16-Jun,10-Jun,11-Jun,12-Jun,13-Jun,14-Jun,15-Jun,16-Jun,7,7,0
Amravati,Amravati,Amravati,Achalpur,Achalpur,20029998,Shahanur & 9 Villages RRWS,Walmikpur,557,1,0,0,0,0,0,0,0,0,0,0,0,0,0,11-Jun,12-Jun,13-Jun,14-Jun,15-Jun,16-Jun,10-Jun,11-Jun,12-Jun,13-Jun,14-Jun,15-Jun,16-Jun,7,7,0
Amravati,Amravati,Amravati,Achalpur,Achalpur,20029998,Shahanur & 9 Villages RRWS,Waghdoh,783,2,0.9,0.01,0,0.51,0.47,0.82,125.5,114.4,1.64,0,64.59,60.53,105.03,11-Jun,12-Jun,13-Jun,14-Jun,15-Jun,16-Jun,10-Jun,11-Jun,12-Jun,13-Jun,14-Jun,15-Jun,16-Jun,1,2,5
Amravati,Amravati,Amravati,Achalpur,Chandur Bazar,7945938,83 Village RRWS Scheme MJP RR (C 39),Pimpari Thugaon,405,1,27.5,10.15,19.07,25.91,12.84,27.85,6543.21,6790.12,2506.17,4708.64,6397.53,3170.37,6876.54,11-Jun,12-Jun,13-Jun,14-Jun,15-Jun,16-Jun,10-Jun,11-Jun,12-Jun,13-Jun,14-Jun,15-Jun,16-Jun,0,0,7
Amravati,Amravati,Amravati,Achalpur,Chandur Bazar,7945938,83 Village RRWS Scheme MJP RR (C 39),Govindpur,330,1,0.48,0.63,0.66,0.65,0,0.73,184.85,145.45,190.91,200,196.97,0,221.21,11-Jun,12-Jun,13-Jun,14-Jun,15-Jun,16-Jun,10-Jun,11-Jun,12-Jun,13-Jun,14-Jun,15-Jun,16-Jun,1,1,6
Amravati,Akola,Buldhana,Buldhana,Buldhana,20021406,Padali & 5 Villages RRWSS,Palaskhed Naik,1098,1,0.55,0,0,0,0.49,0,0,50.09,0,0,0,44.63,0,11-Jun,12-Jun,13-Jun,14-Jun,15-Jun,16-Jun,10-Jun,11-Jun,12-Jun,13-Jun,14-Jun,15-Jun,16-Jun,5,7,0
Amravati,Akola,Buldhana,Buldhana,Buldhana,20021406,Padali & 5 Villages RRWSS,Palaskhed Nago,712,1,0,0,0,0,0.68,0.12,0,0,0,0,0,95.51,16.85,11-Jun,12-Jun,13-Jun,14-Jun,15-Jun,16-Jun,10-Jun,11-Jun,12-Jun,13-Jun,14-Jun,15-Jun,16-Jun,5,6,1
Amravati,Akola,Buldhana,Buldhana,Buldhana,20021406,Padali & 5 Villages RRWSS,Ijalpur,817,1,0,0.02,0.04,0.01,0.04,1.74,8.57,0,2.45,4.9,1.22,4.9,212.97,11-Jun,12-Jun,13-Jun,14-Jun,15-Jun,16-Jun,10-Jun,11-Jun,12-Jun,13-Jun,14-Jun,15-Jun,16-Jun,1,6,1
Amravati,Akola,Buldhana,Buldhana,Buldhana,20021406,Padali & 5 Villages RRWSS,Gondhankhed,413,1,0,0,0,0,0,0,0,0,0,0,0,0,0,11-Jun,12-Jun,13-Jun,14-Jun,15-Jun,16-Jun,10-Jun,11-Jun,12-Jun,13-Jun,14-Jun,15-Jun,16-Jun,7,7,0
Amravati,Akola,Buldhana,Buldhana,Buldhana,20021406,Padali & 5 Villages RRWSS,Padli,2502,2,0,0,0,0,0,0,0,0,0,0,0,0,0,11-Jun,12-Jun,13-Jun,14-Jun,15-Jun,16-Jun,10-Jun,11-Jun,12-Jun,13-Jun,14-Jun,15-Jun,16-Jun,6,7,0
Amravati,Akola,Buldhana,Buldhana,Buldhana,20021406,Padali & 5 Villages RRWSS,Merkhed,125,1,0,0,0,0,0,0.11,184,0,0,0,0,0,88,11-Jun,12-Jun,13-Jun,14-Jun,15-Jun,16-Jun,10-Jun,11-Jun,12-Jun,13-Jun,14-Jun,15-Jun,16-Jun,5,5,2
Amravati,Amravati,Amravati,Achalpur,Chandur Bazar,7945938,83 Village RRWS Scheme MJP RR (C 39),Kajali,363,1,0.98,1.31,1.44,0.99,0.98,1.91,283.75,269.97,360.88,396.69,272.73,269.97,526.17,11-Jun,12-Jun,13-Jun,14-Jun,15-Jun,16-Jun,10-Jun,11-Jun,12-Jun,13-Jun,14-Jun,15-Jun,16-Jun,0,0,7
Amravati,Amravati,Amravati W.M,W.M.Amravati - 2,Bhatkuli,20003791,105 Villages RRWSS,Chimnapur E.,0,1,0,0.21,0,0.01,0.21,0,0,0,0,0,0,0,0,11-Jun,12-Jun,13-Jun,14-Jun,15-Jun,16-Jun,10-Jun,11-Jun,12-Jun,13-Jun,14-Jun,15-Jun,16-Jun,7,7,0
Amravati,Amravati,Amravati,Amravati - 2,Nandgaon Khandeshwar,20030287,Takli & 4 Villages RRWS,Takali,2522,2,1.51,0.33,0.88,0.99,1.39,0.03,39.33,60.04,13.04,35.05,39.38,55.18,1.11,11-Jun,12-Jun,13-Jun,14-Jun,15-Jun,16-Jun,10-Jun,11-Jun,12-Jun,13-Jun,14-Jun,15-Jun,16-Jun,0,5,2
Amravati,Amravati,Amravati,Amravati - 2,Nandgaon Khandeshwar,20030287,Takli & 4 Villages RRWS,Hiwara Kh.,1671,2,173.05,193.83,176.51,188.14,161.01,180.21,11102.33,10356.07,11599.64,10563.14,11259.13,9635.55,10784.56,11-Jun,12-Jun,13-Jun,14-Jun,15-Jun,16-Jun,10-Jun,11-Jun,12-Jun,13-Jun,14-Jun,15-Jun,16-Jun,0,0,7
Amravati,Amravati,Amravati,Amravati - 2,Nandgaon Khandeshwar,20030263,Dhanora Gurav & 8 Villages RRWS,Pusner,441,1,0.78,0.74,0.7,1.02,0.97,0.68,247.55,176.75,168.19,159.51,231.22,219.11,153.21,11-Jun,12-Jun,13-Jun,14-Jun,15-Jun,16-Jun,10-Jun,11-Jun,12-Jun,13-Jun,14-Jun,15-Jun,16-Jun,0,0,7
Amravati,Amravati,Amravati,Amravati - 2,Nandgaon Khandeshwar,20030263,Dhanora Gurav & 8 Villages RRWS,Pimpri Gawanda,536,1,0,0,0,0,0,0,0,0,0,0,0,0,0,11-Jun,12-Jun,13-Jun,14-Jun,15-Jun,16-Jun,10-Jun,11-Jun,12-Jun,13-Jun,14-Jun,15-Jun,16-Jun,7,7,0
Amravati,Amravati,Amravati,Amravati - 2,Nandgaon Khandeshwar,20030263,Dhanora Gurav & 8 Villages RRWS,Palas Mandal,1353,2,0,0,0,0,0,0,0,0,0,0,0,0,0,11-Jun,12-Jun,13-Jun,14-Jun,15-Jun,16-Jun,10-Jun,11-Jun,12-Jun,13-Jun,14-Jun,15-Jun,16-Jun,7,7,0
Amravati,Amravati,Amravati,Amravati - 2,Nandgaon Khandeshwar,20030287,Takli & 4 Villages RRWS,Dahigaon,Unsupported Data Type,1,29.91,26.05,33.23,19.64,30.97,12.48,0,0,0,0,0,0,0,11-Jun,12-Jun,13-Jun,14-Jun,15-Jun,16-Jun,10-Jun,11-Jun,12-Jun,13-Jun,14-Jun,15-Jun,16-Jun,7,7,0
Amravati,Amravati,Amravati,Amravati - 2,Nandgaon Khandeshwar,20030287,Takli & 4 Villages RRWS,Ful Aamla,1771,2,0.01,0,0,0,0.01,0,0.16,0.61,0.23,0.27,0.11,0.52,0.13,11-Jun,12-Jun,13-Jun,14-Jun,15-Jun,16-Jun,10-Jun,11-Jun,12-Jun,13-Jun,14-Jun,15-Jun,16-Jun,0,7,0
Amravati,Amravati,Amravati,Amravati - 2,Nandgaon Khandeshwar,20030287,Takli & 4 Villages RRWS,Bopnemtaba,849,1,0.51,0.6,0.47,0.59,0.54,0.62,69.49,60.07,70.67,55.36,69.49,63.6,73.03,11-Jun,12-Jun,13-Jun,14-Jun,15-Jun,16-Jun,10-Jun,11-Jun,12-Jun,13-Jun,14-Jun,15-Jun,16-Jun,0,0,7
Amravati,Amravati,Amravati,Amravati - 2,Nandgaon Khandeshwar,20030263,Dhanora Gurav & 8 Villages RRWS,Wadala,446,1,1.16,1.16,1.16,1.16,1.16,1.16,260.04,260.04,260.04,260.04,260.04,260.04,260.04,11-Jun,12-Jun,13-Jun,14-Jun,15-Jun,16-Jun,10-Jun,11-Jun,12-Jun,13-Jun,14-Jun,15-Jun,16-Jun,0,0,7
Amravati,Amravati,Amravati,Amravati - 2,Nandgaon Khandeshwar,20030120,Papal & 5 Villages RRWS,Tighora,433,1,0,0,0,0,0,0,0,0,0,0,0,0,0,11-Jun,12-Jun,13-Jun,14-Jun,15-Jun,16-Jun,10-Jun,11-Jun,12-Jun,13-Jun,14-Jun,15-Jun,16-Jun,7,7,0
Amravati,Amravati,Amravati,Amravati - 2,Nandgaon Khandeshwar,20030263,Dhanora Gurav & 8 Villages RRWS,Hiwra Murada,1089,2,0.75,0.71,0.84,0.67,0.68,0.75,90.2,68.82,65.39,77.41,61.46,62.08,69.24,11-Jun,12-Jun,13-Jun,14-Jun,15-Jun,16-Jun,10-Jun,11-Jun,12-Jun,13-Jun,14-Jun,15-Jun,16-Jun,0,0,7
Amravati,Amravati,Amravati,Amravati - 2,Nandgaon Khandeshwar,20030263,Dhanora Gurav & 8 Villages RRWS,Dharmapur,809,1,0,0,0,0,0,0,0,0,0,0,0,0,0,11-Jun,12-Jun,13-Jun,14-Jun,15-Jun,16-Jun,10-Jun,11-Jun,12-Jun,13-Jun,14-Jun,15-Jun,16-Jun,7,7,0
Amravati,Amravati,Amravati,Amravati - 2,Nandgaon Khandeshwar,20030263,Dhanora Gurav & 8 Villages RRWS,Dhanora Gurav,1796,2,0,0.24,0,0.53,0,0.51,7.55,0,13.4,0,29.73,0.18,28.46,11-Jun,12-Jun,13-Jun,14-Jun,15-Jun,16-Jun,10-Jun,11-Jun,12-Jun,13-Jun,14-Jun,15-Jun,16-Jun,2,7,0
Amravati,Amravati,Amravati,Amravati - 2,Nandgaon Khandeshwar,20030120,Papal & 5 Villages RRWS,Papal,3628,2,0,0,0,0,0,0,0,0,0,0,0,0,0,11-Jun,12-Jun,13-Jun,14-Jun,15-Jun,16-Jun,10-Jun,11-Jun,12-Jun,13-Jun,14-Jun,15-Jun,16-Jun,7,7,0
Amravati,Amravati,Amravati,Amravati - 2,Nandgaon Khandeshwar,20030120,Papal & 5 Villages RRWS,Lohgaon,Unsupported Data Type,2,0.1,0.46,0,0,0.07,0,0,0,0,0,0,0,0,11-Jun,12-Jun,13-Jun,14-Jun,15-Jun,16-Jun,10-Jun,11-Jun,12-Jun,13-Jun,14-Jun,15-Jun,16-Jun,7,7,0
Amravati,Akola,Buldhana,Buldhana,Motala,20028065,Pophali & 3 Villages RRWSS,Wadi,724,2,0,0.09,0,0,0.13,1.52,0.01,0.03,12.52,0.07,0.18,18.27,210.32,11-Jun,12-Jun,13-Jun,14-Jun,15-Jun,16-Jun,10-Jun,11-Jun,12-Jun,13-Jun,14-Jun,15-Jun,16-Jun,0,6,1
Amravati,Akola,Buldhana,Buldhana,Motala,20028065,Pophali & 3 Villages RRWSS,Pophali,2833,2,2.49,1.69,0.74,0.89,1.31,2.76,74.72,87.91,59.7,25.97,31.28,46.19,97.4,11-Jun,12-Jun,13-Jun,14-Jun,15-Jun,16-Jun,10-Jun,11-Jun,12-Jun,13-Jun,14-Jun,15-Jun,16-Jun,0,3,4
Amravati,Akola,Buldhana,Buldhana,Motala,20028065,Pophali & 3 Villages RRWSS,Dhonkhed,970,2,0,0.68,0,0,0.22,0.66,0,0,70.1,0,0,22.68,68.04,11-Jun,12-Jun,13-Jun,14-Jun,15-Jun,16-Jun,10-Jun,11-Jun,12-Jun,13-Jun,14-Jun,15-Jun,16-Jun,4,5,2
Amravati,Akola,Buldhana,Buldhana,Motala,20028065,Pophali & 3 Villages RRWSS,Chawarda,1202,1,0,0,6.48,9.11,2.1,2.27,330.28,0,0,539.1,757.9,174.71,188.85,11-Jun,12-Jun,13-Jun,14-Jun,15-Jun,16-Jun,10-Jun,11-Jun,12-Jun,13-Jun,14-Jun,15-Jun,16-Jun,2,2,5
Amravati,Akola,Buldhana,Buldhana,Motala,20027978,Dhamangaon Deshmukh & 9 Villages RRWSS,Isalwadi,1075,1,0,0,0,0,0.35,0.86,0,0,0,0,0,32.19,79.85,11-Jun,12-Jun,13-Jun,14-Jun,15-Jun,16-Jun,10-Jun,11-Jun,12-Jun,13-Jun,14-Jun,15-Jun,16-Jun,5,6,1
Amravati,Akola,Buldhana,Buldhana,Motala,20027978,Dhamangaon Deshmukh & 9 Villages RRWSS,Nimkhedi,850,2,0,0,0,0,0,0,0,0,0,0,0,0,0,11-Jun,12-Jun,13-Jun,14-Jun,15-Jun,16-Jun,10-Jun,11-Jun,12-Jun,13-Jun,14-Jun,15-Jun,16-Jun,7,7,0
Amravati,Akola,Buldhana,Buldhana,Motala,20027978,Dhamangaon Deshmukh & 9 Villages RRWSS,Giroli,1418,1,0,0,0,0,0,0,0,0,0,0,0,0,0,11-Jun,12-Jun,13-Jun,14-Jun,15-Jun,16-Jun,10-Jun,11-Jun,12-Jun,13-Jun,14-Jun,15-Jun,16-Jun,7,7,0
Amravati,Akola,Buldhana,Buldhana,Motala,20027978,Dhamangaon Deshmukh & 9 Villages RRWSS,Dhamangaon Deshmukh,1452,1,0,0,0,0,0.65,0.75,0,0,0,0,0,45.01,51.55,11-Jun,12-Jun,13-Jun,14-Jun,15-Jun,16-Jun,10-Jun,11-Jun,12-Jun,13-Jun,14-Jun,15-Jun,16-Jun,5,7,0
Amravati,Akola,Buldhana,Buldhana,Motala,20027978,Dhamangaon Deshmukh & 9 Villages RRWSS,Chinchkhed Nath,1366,2,0,0,0,0,0,0,0.04,0.01,0.02,0.01,0,0,0,11-Jun,12-Jun,13-Jun,14-Jun,15-Jun,16-Jun,10-Jun,11-Jun,12-Jun,13-Jun,14-Jun,15-Jun,16-Jun,0,7,0
Amravati,Akola,Buldhana,Buldhana,Motala,20027978,Dhamangaon Deshmukh & 9 Villages RRWSS,Ramgaon Tanda,475,3,0,0,0,1.41,0.94,0.75,0,0,0,0,297.74,198.8,157.89,11-Jun,12-Jun,13-Jun,14-Jun,15-Jun,16-Jun,10-Jun,11-Jun,12-Jun,13-Jun,14-Jun,15-Jun,16-Jun,4,4,3
Amravati,Akola,Buldhana,Buldhana,Motala,20027978,Dhamangaon Deshmukh & 9 Villages RRWSS,Pimpalgaon Nath Tanda,891,2,0,2.4,0.01,0.41,1.75,2.24,0,0.06,269.71,0.87,46.47,196.2,250.98,11-Jun,12-Jun,13-Jun,14-Jun,15-Jun,16-Jun,10-Jun,11-Jun,12-Jun,13-Jun,14-Jun,15-Jun,16-Jun,1,4,3
Amravati,Akola,Buldhana,Buldhana,Motala,20027978,Dhamangaon Deshmukh & 9 Villages RRWSS,Pimpalgaon Nath,1482,2,0.81,0.9,0.64,0.71,0.5,1.01,26.93,54.47,60.54,42.96,47.66,33.59,68.32,11-Jun,12-Jun,13-Jun,14-Jun,15-Jun,16-Jun,10-Jun,11-Jun,12-Jun,13-Jun,14-Jun,15-Jun,16-Jun,0,5,2
Amravati,Akola,Buldhana,Buldhana,Motala,20021409,Kurha & 2 Villages RRWSS,Gotmara,1309,1,0,0,0,0,0,0,0,0,0,0,0,0,0,11-Jun,12-Jun,13-Jun,14-Jun,15-Jun,16-Jun,10-Jun,11-Jun,12-Jun,13-Jun,14-Jun,15-Jun,16-Jun,7,7,0
Amravati,Akola,Buldhana,Buldhana,Motala,20027978,Dhamangaon Deshmukh & 9 Villages RRWSS,Bhangi Vasti,244,1,0,0,0,0,0,0,0,0,0,0,0,0,0,11-Jun,12-Jun,13-Jun,14-Jun,15-Jun,16-Jun,10-Jun,11-Jun,12-Jun,13-Jun,14-Jun,15-Jun,16-Jun,7,7,0
Amravati,Akola,Buldhana,Buldhana,Motala,20027978,Dhamangaon Deshmukh & 9 Villages RRWSS,Bhangi Tanda,398,1,0,0,0,0,0,1.1,0,0,0,0,0,0,276.38,11-Jun,12-Jun,13-Jun,14-Jun,15-Jun,16-Jun,10-Jun,11-Jun,12-Jun,13-Jun,14-Jun,15-Jun,16-Jun,6,6,1
Amravati,Akola,Buldhana,Buldhana,Motala,20021409,Kurha & 2 Villages RRWSS,Kurha,2299,2,1.36,1.01,0.43,1.15,1.08,1.66,47.86,59.17,43.94,18.71,50.04,46.99,72.23,11-Jun,12-Jun,13-Jun,14-Jun,15-Jun,16-Jun,10-Jun,11-Jun,12-Jun,13-Jun,14-Jun,15-Jun,16-Jun,0,5,2
Amravati,Akola,Buldhana,Buldhana,Motala,20021409,Kurha & 2 Villages RRWSS,Hanwatkhed,801,1,0,0,0,0,0,0,0,0,0,0,0,0,0,11-Jun,12-Jun,13-Jun,14-Jun,15-Jun,16-Jun,10-Jun,11-Jun,12-Jun,13-Jun,14-Jun,15-Jun,16-Jun,7,7,0
Amravati,Amravati,Amravati W.M,W.M.Amravati - 2,Chandur Bazar,20003791,105 Villages RRWSS,Nandura Bk.,2311,3,0,38.81,44.75,0,0,34.09,0,0,1679.51,1936.41,0,0,1475.24,11-Jun,12-Jun,13-Jun,14-Jun,15-Jun,16-Jun,10-Jun,11-Jun,12-Jun,13-Jun,14-Jun,15-Jun,16-Jun,4,4,3
Amravati,Amravati,Amravati,Achalpur,Chandur Bazar,7945938,83 Village RRWS Scheme MJP RR (C 39),Deurwada,912,3,2.69,2.83,3.1,2.75,1.71,2.95,178.73,294.96,310.31,339.91,301.54,187.5,323.46,11-Jun,12-Jun,13-Jun,14-Jun,15-Jun,16-Jun,10-Jun,11-Jun,12-Jun,13-Jun,14-Jun,15-Jun,16-Jun,0,0,7
Amravati,Amravati,Amravati,Achalpur,Achalpur,7945938,83 Village RRWS Scheme MJP RR (C 39),Dewari,107,1,0,0,0,0,0,0,0,0,0,0,0,0,0,11-Jun,12-Jun,13-Jun,14-Jun,15-Jun,16-Jun,10-Jun,11-Jun,12-Jun,13-Jun,14-Jun,15-Jun,16-Jun,7,7,0
Amravati,Amravati,Amravati,Achalpur,Achalpur,7945938,83 Village RRWS Scheme MJP RR (C 39),Dhanora,149,1,0,0,0,0,0,0,0,0,0,0,0,0,0,11-Jun,12-Jun,13-Jun,14-Jun,15-Jun,16-Jun,10-Jun,11-Jun,12-Jun,13-Jun,14-Jun,15-Jun,16-Jun,7,7,0
Amravati,Amravati,Amravati,Achalpur,Achalpur,7945938,83 Village RRWS Scheme MJP RR (C 39),Dhotarkheda,802,2,0,0,0,0,0,0,0,0,0,0,0,0,0,11-Jun,12-Jun,13-Jun,14-Jun,15-Jun,16-Jun,10-Jun,11-Jun,12-Jun,13-Jun,14-Jun,15-Jun,16-Jun,7,7,0
Amravati,Amravati,Amravati W.M,W.M.Amravati - 2,Chandur Bazar,20003791,105 Villages RRWSS,Mhaispur,794,1,0.63,0.62,0.64,0.63,0.58,0.62,83.12,79.35,78.09,80.6,79.35,73.05,78.09,11-Jun,12-Jun,13-Jun,14-Jun,15-Jun,16-Jun,10-Jun,11-Jun,12-Jun,13-Jun,14-Jun,15-Jun,16-Jun,0,0,7
Amravati,Amravati,Amravati,Achalpur,Achalpur,7945938,83 Village RRWS Scheme MJP RR (C 39),Kushta kd,225,1,0,0,0,0,0,0,0,0,0,0,0,0,0,11-Jun,12-Jun,13-Jun,14-Jun,15-Jun,16-Jun,10-Jun,11-Jun,12-Jun,13-Jun,14-Jun,15-Jun,16-Jun,7,7,0
Amravati,Amravati,Amravati W.M,W.M.Amravati - 2,Bhatkuli,20003791,105 Villages RRWSS,Hatkhed,1221,3,0.62,0.8,0.69,0.51,0.89,0.67,57.33,50.78,65.52,56.51,41.77,72.89,54.87,11-Jun,12-Jun,13-Jun,14-Jun,15-Jun,16-Jun,10-Jun,11-Jun,12-Jun,13-Jun,14-Jun,15-Jun,16-Jun,0,3,4
Amravati,Amravati,Amravati W.M,W.M.Amravati - 2,Bhatkuli,20003791,105 Villages RRWSS,Hiwara,689,1,12.14,7.89,12.25,7.85,11.36,8.49,1161.1,1761.97,1145.14,1777.94,1139.33,1648.77,1232.22,11-Jun,12-Jun,13-Jun,14-Jun,15-Jun,16-Jun,10-Jun,11-Jun,12-Jun,13-Jun,14-Jun,15-Jun,16-Jun,0,0,7
Amravati,Amravati,Yavatmal,Pusad,Pusad,20028563,"Malpathar 28 Villages, (Reju.)",Aadgaon,2510,3,0,0,0,0,0,0.25,0,0,0,0,0,0,9.96,11-Jun,12-Jun,13-Jun,14-Jun,15-Jun,16-Jun,10-Jun,11-Jun,12-Jun,13-Jun,14-Jun,15-Jun,16-Jun,6,7,0
Amravati,Akola,Akola,Murtizapur,Murtizapur,20028330,Langhapur 50 VRRWSS Tq. Murtizapur Dist. Akola,Rajura Ghate,268,1,1.25,0,0,0,0,0,720.15,465.38,0,0,0,0,0,11-Jun,12-Jun,13-Jun,14-Jun,15-Jun,16-Jun,10-Jun,11-Jun,12-Jun,13-Jun,14-Jun,15-Jun,16-Jun,5,5,2
Amravati,Akola,Akola,Murtizapur,Murtizapur,20028330,Langhapur 50 VRRWSS Tq. Murtizapur Dist. Akola,Nimba,541,1,0,0,0,0,0,0,0,0,0,0,0,0,0,11-Jun,12-Jun,13-Jun,14-Jun,15-Jun,16-Jun,10-Jun,11-Jun,12-Jun,13-Jun,14-Jun,15-Jun,16-Jun,7,7,0
Amravati,Akola,Akola,Murtizapur,Murtizapur,20028330,Langhapur 50 VRRWSS Tq. Murtizapur Dist. Akola,Dhotra shinde,455,2,0.74,0,0,0,0,0,0,162.64,0,0,0,0,0,11-Jun,12-Jun,13-Jun,14-Jun,15-Jun,16-Jun,10-Jun,11-Jun,12-Jun,13-Jun,14-Jun,15-Jun,16-Jun,6,6,1
Amravati,Akola,Akola,Murtizapur,Murtizapur,20028330,Langhapur 50 VRRWSS Tq. Murtizapur Dist. Akola,Dahatonda,302,1,1.39,1.22,1.4,1.32,1.72,1.74,448.19,461.54,402.55,462.43,436.66,568.5,575.21,11-Jun,12-Jun,13-Jun,14-Jun,15-Jun,16-Jun,10-Jun,11-Jun,12-Jun,13-Jun,14-Jun,15-Jun,16-Jun,0,0,7
Amravati,Amravati,Amravati,Amravati - 2,Chandur Rly,20030227,Chirodi & 4 Villages RRWS,Sawangi Magrapur,1385,2,0.85,0.92,0.87,0.65,0.63,1.12,60.34,61.29,66.4,63.03,46.85,45.55,80.92,11-Jun,12-Jun,13-Jun,14-Jun,15-Jun,16-Jun,10-Jun,11-Jun,12-Jun,13-Jun,14-Jun,15-Jun,16-Jun,0,2,5
Amravati,Amravati,Amravati,Amravati - 2,Chandur Rly,20030227,Chirodi & 4 Villages RRWS,Pathargaon,879,2,0.82,0.99,0.73,0.84,0.68,0.54,114.89,93.45,113.05,82.73,95.17,77.01,61.41,11-Jun,12-Jun,13-Jun,14-Jun,15-Jun,16-Jun,10-Jun,11-Jun,12-Jun,13-Jun,14-Jun,15-Jun,16-Jun,0,0,7
Amravati,Amravati,Amravati,Amravati - 2,Chandur Rly,20030227,Chirodi & 4 Villages RRWS,Karala,3161,4,9658.24,6335.52,5454.16,6660.64,178.84,10718.4,255692.5,305543.82,200427.71,172545.4,210713.07,5657.7,339082.57,11-Jun,12-Jun,13-Jun,14-Jun,15-Jun,16-Jun,10-Jun,11-Jun,12-Jun,13-Jun,14-Jun,15-Jun,16-Jun,0,0,7
Amravati,Amravati,Amravati,Amravati - 2,Chandur Rly,20030227,Chirodi & 4 Villages RRWS,Chirodi,2434,4,0.22,0.23,0.27,0.46,0.16,0.14,28.27,9.03,9.3,11.22,19.01,6.57,5.77,11-Jun,12-Jun,13-Jun,14-Jun,15-Jun,16-Jun,10-Jun,11-Jun,12-Jun,13-Jun,14-Jun,15-Jun,16-Jun,0,7,0
Amravati,Amravati,Amravati W.M,W.M.Amravati - 2,Bhatkuli,20003791,105 Villages RRWSS,Jalaka,1577,1,0.31,0.45,0.52,0.55,0.29,0.65,30.44,19.66,28.54,32.97,34.88,18.39,41.22,11-Jun,12-Jun,13-Jun,14-Jun,15-Jun,16-Jun,10-Jun,11-Jun,12-Jun,13-Jun,14-Jun,15-Jun,16-Jun,0,7,0
Amravati,Amravati,Amravati,Achalpur,Achalpur,7945938,83 Village RRWS Scheme MJP RR (C 39),Jawardi,221,1,0.03,0.03,0,0.05,0.07,0.32,0,13.57,13.57,0,22.62,31.67,144.8,11-Jun,12-Jun,13-Jun,14-Jun,15-Jun,16-Jun,10-Jun,11-Jun,12-Jun,13-Jun,14-Jun,15-Jun,16-Jun,2,6,1
Amravati,Amravati,Amravati W.M,W.M.Amravati - 2,Bhatkuli,20003791,105 Villages RRWSS,Anakwadi,649,1,0,0.45,0,0,0.94,0,0,0,69.34,0,0,144.84,0,11-Jun,12-Jun,13-Jun,14-Jun,15-Jun,16-Jun,10-Jun,11-Jun,12-Jun,13-Jun,14-Jun,15-Jun,16-Jun,5,5,2
Amravati,Amravati,Amravati W.M,W.M.Amravati - 2,Chandur Bazar,20003791,105 Villages RRWSS,Pusda,5512,4,0.6,0.65,0.93,0.69,0.64,0.67,13.61,10.89,11.79,16.87,12.52,11.61,12.16,11-Jun,12-Jun,13-Jun,14-Jun,15-Jun,16-Jun,10-Jun,11-Jun,12-Jun,13-Jun,14-Jun,15-Jun,16-Jun,0,7,0
Amravati,Amravati,Amravati W.M,W.M.Amravati - 2,Chandur Bazar,20003791,105 Villages RRWSS,Nirul,1528,4,1.62,1.69,1.63,1.78,1.65,1.67,112.57,106.02,110.6,106.68,116.49,107.98,109.29,11-Jun,12-Jun,13-Jun,14-Jun,15-Jun,16-Jun,10-Jun,11-Jun,12-Jun,13-Jun,14-Jun,15-Jun,16-Jun,0,0,7
Amravati,Amravati,Amravati W.M,W.M.Amravati - 2,Chandur Bazar,20003791,105 Villages RRWSS,Naya Akola,3201,6,0,0,0,0,0,0,0,0,0,0,0,0,0,11-Jun,12-Jun,13-Jun,14-Jun,15-Jun,16-Jun,10-Jun,11-Jun,12-Jun,13-Jun,14-Jun,15-Jun,16-Jun,7,7,0
Amravati,Amravati,Amravati W.M,W.M.Amravati - 2,Chandur Bazar,20003791,105 Villages RRWSS,Pohara,517,1,0,1.2,0,1.27,0.08,1.22,276.6,0,232.11,0,245.65,15.47,235.98,11-Jun,12-Jun,13-Jun,14-Jun,15-Jun,16-Jun,10-Jun,11-Jun,12-Jun,13-Jun,14-Jun,15-Jun,16-Jun,2,3,4
Nashik,Nashik,W M Nashik,Malegaon,Chandwad,20086730,Retro.Chandwad and WSS 44 villages. Ta. Chandwad,Sutarkhede,1742,1,0,0,0,0,0,0,58.52,0,0,0,0,0,0,11-Jun,12-Jun,13-Jun,14-Jun,15-Jun,16-Jun,10-Jun,11-Jun,12-Jun,13-Jun,14-Jun,15-Jun,16-Jun,6,6,1
Nashik,Nashik,W M Nashik,Malegaon,Chandwad,20086730,Retro.Chandwad and WSS 44 villages. Ta. Chandwad,Talegaon Rohi,8039,1,0,0,0,0,0,0,0,0,0,0,0,0,0,11-Jun,12-Jun,13-Jun,14-Jun,15-Jun,16-Jun,10-Jun,11-Jun,12-Jun,13-Jun,14-Jun,15-Jun,16-Jun,7,7,0
Nashik,Nashik,W M Nashik,Malegaon,Chandwad,20086730,Retro.Chandwad and WSS 44 villages. Ta. Chandwad,Talwade,925,1,0,0,0,0,0,0,0,0,0,0,0,0,0,11-Jun,12-Jun,13-Jun,14-Jun,15-Jun,16-Jun,10-Jun,11-Jun,12-Jun,13-Jun,14-Jun,15-Jun,16-Jun,7,7,0
Nashik,Nashik,W M Nashik,Malegaon,Chandwad,20086730,Retro.Chandwad and WSS 44 villages. Ta. Chandwad,Sogras,1649,1,0,0,0,0,0,0,0,0,0,0,0,0,0,11-Jun,12-Jun,13-Jun,14-Jun,15-Jun,16-Jun,10-Jun,11-Jun,12-Jun,13-Jun,14-Jun,15-Jun,16-Jun,7,7,0
Nashik,Nashik,W M Nashik,Malegaon,Chandwad,20086730,Retro.Chandwad and WSS 44 villages. Ta. Chandwad,Soni Sangvi,764,1,0,0,0,0,0,0,0,0,0,0,0,0,0,11-Jun,12-Jun,13-Jun,14-Jun,15-Jun,16-Jun,10-Jun,11-Jun,12-Jun,13-Jun,14-Jun,15-Jun,16-Jun,7,7,0
Nashik,Nashik,W M Nashik,Malegaon,Chandwad,20086730,Retro.Chandwad and WSS 44 villages. Ta. Chandwad,Shinde,1804,2,0.01,0.39,0.21,0,1.35,0.02,69.68,0.47,21.83,11.61,0.2,74.82,1.11,11-Jun,12-Jun,13-Jun,14-Jun,15-Jun,16-Jun,10-Jun,11-Jun,12-Jun,13-Jun,14-Jun,15-Jun,16-Jun,0,5,2
Nashik,Nashik,W M Nashik,Malegaon,Chandwad,20086730,Retro.Chandwad and WSS 44 villages. Ta. Chandwad,Shirsane,1717,1,0,0,0.65,0.01,0,0.51,33.19,0,0,38,0.77,0,29.96,11-Jun,12-Jun,13-Jun,14-Jun,15-Jun,16-Jun,10-Jun,11-Jun,12-Jun,13-Jun,14-Jun,15-Jun,16-Jun,3,7,0
Nashik,Nashik,W M Nashik,Malegaon,Chandwad,20086730,Retro.Chandwad and WSS 44 villages. Ta. Chandwad,Shirur,1835,2,0,0,0,0,0,0,0,0,0,0,0,0,0,11-Jun,12-Jun,13-Jun,14-Jun,15-Jun,16-Jun,10-Jun,11-Jun,12-Jun,13-Jun,14-Jun,15-Jun,16-Jun,6,7,0
Nashik,Nashik,W M Nashik,Malegaon,Chandwad,20086730,Retro.Chandwad and WSS 44 villages. Ta. Chandwad,Shelu Matha,1622,1,0,0,0,0.85,0.76,0.18,0,0,0,0,52.41,46.7,11.38,11-Jun,12-Jun,13-Jun,14-Jun,15-Jun,16-Jun,10-Jun,11-Jun,12-Jun,13-Jun,14-Jun,15-Jun,16-Jun,4,7,0
Nashik,Nashik,W M Nashik,Malegaon,Chandwad,20086730,Retro.Chandwad and WSS 44 villages. Ta. Chandwad,Shelu Varche,1622,1,0,0,0,0,0,0,0,0,0,0,0,0,0,11-Jun,12-Jun,13-Jun,14-Jun,15-Jun,16-Jun,10-Jun,11-Jun,12-Jun,13-Jun,14-Jun,15-Jun,16-Jun,7,7,0
Nashik,Nashik,W M Nashik,Malegaon,Chandwad,20086730,Retro.Chandwad and WSS 44 villages. Ta. Chandwad,Vitave,1920,1,0.15,0.34,0.54,0.04,0.39,0.02,29.52,7.64,17.7,28.3,2.14,20.19,1.27,11-Jun,12-Jun,13-Jun,14-Jun,15-Jun,16-Jun,10-Jun,11-Jun,12-Jun,13-Jun,14-Jun,15-Jun,16-Jun,0,7,0
Nashik,Nashik,W M Nashik,Malegaon,Chandwad,20086730,Retro.Chandwad and WSS 44 villages. Ta. Chandwad,Vaki Kh,2158,1,0.13,0,0,0.63,1,0.47,0,5.92,0,0,29.38,46.12,21.86,11-Jun,12-Jun,13-Jun,14-Jun,15-Jun,16-Jun,10-Jun,11-Jun,12-Jun,13-Jun,14-Jun,15-Jun,16-Jun,3,7,0
Nashik,Nashik,W M Nashik,Malegaon,Chandwad,20086730,Retro.Chandwad and WSS 44 villages. Ta. Chandwad,Vijaynagar,905,1,0,0,0,0,0.25,0,0,0,0,0,0,28.08,0,11-Jun,12-Jun,13-Jun,14-Jun,15-Jun,16-Jun,10-Jun,11-Jun,12-Jun,13-Jun,14-Jun,15-Jun,16-Jun,6,7,0
Nashik,Nashik,W M Nashik,Malegaon,Chandwad,20086730,Retro.Chandwad and WSS 44 villages. Ta. Chandwad,Vadalibhoi,9581,2,0,0,0,0,0,0,0,0,0,0,0,0,0,11-Jun,12-Jun,13-Jun,14-Jun,15-Jun,16-Jun,10-Jun,11-Jun,12-Jun,13-Jun,14-Jun,15-Jun,16-Jun,7,7,0
Nashik,Nashik,W M Nashik,Malegaon,Chandwad,20086730,Retro.Chandwad and WSS 44 villages. Ta. Chandwad,Vahegaonsal,4062,1,0,0.1,0.9,0,0,0,0,0,2.5,22.26,0,0,0,11-Jun,12-Jun,13-Jun,14-Jun,15-Jun,16-Jun,10-Jun,11-Jun,12-Jun,13-Jun,14-Jun,15-Jun,16-Jun,5,7,0
Nashik,Nashik,W M Nashik,Malegaon,Chandwad,20086730,Retro.Chandwad and WSS 44 villages. Ta. Chandwad,Vaki Bk,1542,1,0.62,0,0,0,0.1,0,0,40.29,0,0,0,6.77,0,11-Jun,12-Jun,13-Jun,14-Jun,15-Jun,16-Jun,10-Jun,11-Jun,12-Jun,13-Jun,14-Jun,15-Jun,16-Jun,5,7,0
Nashik,Nashik,W M Nashik,Malegaon,Chandwad,20086730,Retro.Chandwad and WSS 44 villages. Ta. Chandwad,Koltek,796,1,0,0,0,0.43,0.58,0,0,0,0,0,54.42,72.53,0,11-Jun,12-Jun,13-Jun,14-Jun,15-Jun,16-Jun,10-Jun,11-Jun,12-Jun,13-Jun,14-Jun,15-Jun,16-Jun,5,6,1
Nashik,Nashik,W M Nashik,Malegaon,Chandwad,20086730,Retro.Chandwad and WSS 44 villages. Ta. Chandwad,Mangrul,2328,2,0.1,0.14,0,0.47,1.79,0.09,50.56,4.35,5.85,0.04,20.32,76.95,3.93,11-Jun,12-Jun,13-Jun,14-Jun,15-Jun,16-Jun,10-Jun,11-Jun,12-Jun,13-Jun,14-Jun,15-Jun,16-Jun,0,6,1
Nashik,Nashik,W M Nashik,Malegaon,Chandwad,20086730,Retro.Chandwad and WSS 44 villages. Ta. Chandwad,Kheldari,2246,2,0.76,0,0,0,0,0.23,0,33.98,0,0,0,0,10.4,11-Jun,12-Jun,13-Jun,14-Jun,15-Jun,16-Jun,10-Jun,11-Jun,12-Jun,13-Jun,14-Jun,15-Jun,16-Jun,5,7,0
Nashik,Nashik,W M Nashik,Malegaon,Chandwad,20086730,Retro.Chandwad and WSS 44 villages. Ta. Chandwad,Kokankhede,1991,2,0.1,0,0,0,0,0,0,4.96,0.01,0,0,0,0,11-Jun,12-Jun,13-Jun,14-Jun,15-Jun,16-Jun,10-Jun,11-Jun,12-Jun,13-Jun,14-Jun,15-Jun,16-Jun,5,7,0
Nashik,Nashik,W M Nashik,Malegaon,Chandwad,20086730,Retro.Chandwad and WSS 44 villages. Ta. Chandwad,Kalkhode,1543,2,0,0.22,0.66,0.38,0,0,0,0,14.25,42.86,24.64,0.02,0,11-Jun,12-Jun,13-Jun,14-Jun,15-Jun,16-Jun,10-Jun,11-Jun,12-Jun,13-Jun,14-Jun,15-Jun,16-Jun,3,7,0
Nashik,Nashik,W M Nashik,Malegaon,Chandwad,20086730,Retro.Chandwad and WSS 44 villages. Ta. Chandwad,Kanmandale,3261,2,0,1.15,0,0.12,1.32,0,0,0,35.16,0,3.66,40.62,0,11-Jun,12-Jun,13-Jun,14-Jun,15-Jun,16-Jun,10-Jun,11-Jun,12-Jun,13-Jun,14-Jun,15-Jun,16-Jun,2,7,0
Nashik,Nashik,W M Nashik,Malegaon,Chandwad,20086730,Retro.Chandwad and WSS 44 villages. Ta. Chandwad,Hatti,1161,1,0.01,0,0,0.37,0,0,30.38,0.53,0,0,31.46,0,0,11-Jun,12-Jun,13-Jun,14-Jun,15-Jun,16-Jun,10-Jun,11-Jun,12-Jun,13-Jun,14-Jun,15-Jun,16-Jun,2,7,0
Nashik,Nashik,W M Nashik,Malegaon,Chandwad,20086730,Retro.Chandwad and WSS 44 villages. Ta. Chandwad,Jaitapur,580,1,0,0.09,0,0,0,0.02,0,0,15.99,0,0,0,4.17,11-Jun,12-Jun,13-Jun,14-Jun,15-Jun,16-Jun,10-Jun,11-Jun,12-Jun,13-Jun,14-Jun,15-Jun,16-Jun,5,7,0
Nashik,Nashik,W M Nashik,Malegaon,Chandwad,20086730,Retro.Chandwad and WSS 44 villages. Ta. Chandwad,Raypur,3624,1,0,0.75,1.08,0,1.02,0,2.1,0,20.67,29.87,0,28.24,0,11-Jun,12-Jun,13-Jun,14-Jun,15-Jun,16-Jun,10-Jun,11-Jun,12-Jun,13-Jun,14-Jun,15-Jun,16-Jun,3,7,0
Nashik,Nashik,W M Nashik,Malegaon,Chandwad,20086730,Retro.Chandwad and WSS 44 villages. Ta. Chandwad,Redgaon Kh,1898,1,0,0,0,0,0,0,0,0,0,0,0,0,0,11-Jun,12-Jun,13-Jun,14-Jun,15-Jun,16-Jun,10-Jun,11-Jun,12-Jun,13-Jun,14-Jun,15-Jun,16-Jun,7,7,0
Nashik,Nashik,W M Nashik,Malegaon,Chandwad,20086730,Retro.Chandwad and WSS 44 villages. Ta. Chandwad,Patharshembe,2150,1,0,0.89,0,0,0,0.11,0,0,41.34,0,0,0,4.98,11-Jun,12-Jun,13-Jun,14-Jun,15-Jun,16-Jun,10-Jun,11-Jun,12-Jun,13-Jun,14-Jun,15-Jun,16-Jun,5,7,0
Nashik,Nashik,W M Nashik,Malegaon,Chandwad,20086730,Retro.Chandwad and WSS 44 villages. Ta. Chandwad,Pimpalgaon Dabali,919,1,0,0,0,0,0,0,0,0,0,0,0,0,0,11-Jun,12-Jun,13-Jun,14-Jun,15-Jun,16-Jun,10-Jun,11-Jun,12-Jun,13-Jun,14-Jun,15-Jun,16-Jun,7,7,0
Nashik,Nashik,W M Nashik,Malegaon,Chandwad,20086730,Retro.Chandwad and WSS 44 villages. Ta. Chandwad,Puri,2836,1,0,0,0,0,0,0,0,0,0,0,0,0,0,11-Jun,12-Jun,13-Jun,14-Jun,15-Jun,16-Jun,10-Jun,11-Jun,12-Jun,13-Jun,14-Jun,15-Jun,16-Jun,7,7,0
Nashik,Nashik,W M Nashik,Malegaon,Chandwad,20086730,Retro.Chandwad and WSS 44 villages. Ta. Chandwad,Nimgavhan,1004,1,0,0,0,0,0,0,0,0,0,0,0,0,0,11-Jun,12-Jun,13-Jun,14-Jun,15-Jun,16-Jun,10-Jun,11-Jun,12-Jun,13-Jun,14-Jun,15-Jun,16-Jun,7,7,0
Nashik,Nashik,W M Nashik,Malegaon,Chandwad,20086730,Retro.Chandwad and WSS 44 villages. Ta. Chandwad,Panhale,1484,1,0.04,0.04,0.04,0.04,0.04,0.04,2.46,2.46,2.46,2.46,2.46,2.46,2.46,11-Jun,12-Jun,13-Jun,14-Jun,15-Jun,16-Jun,10-Jun,11-Jun,12-Jun,13-Jun,14-Jun,15-Jun,16-Jun,0,7,0
Nashik,Nashik,W M Nashik,Malegaon,Chandwad,20086730,Retro.Chandwad and WSS 44 villages. Ta. Chandwad,Pate,985,1,0,0,0,0,0,0,0,0,0,0,0,0,0,11-Jun,12-Jun,13-Jun,14-Jun,15-Jun,16-Jun,10-Jun,11-Jun,12-Jun,13-Jun,14-Jun,15-Jun,16-Jun,7,7,0
Nashik,Nashik,W M Nashik,Malegaon,Chandwad,20086730,Retro.Chandwad and WSS 44 villages. Ta. Chandwad,Nhanave,1019,1,0,0.07,0.01,0,0.02,0.83,3.7,0,7.18,1.07,0,1.84,81.11,11-Jun,12-Jun,13-Jun,14-Jun,15-Jun,16-Jun,10-Jun,11-Jun,12-Jun,13-Jun,14-Jun,15-Jun,16-Jun,2,6,1
Nashik,Nashik,W M Nashik,Malegaon,Chandwad,20086730,Retro.Chandwad and WSS 44 villages. Ta. Chandwad,Nimbale,2139,1,0,0,0,0,0,0,0,0,0,0,0,0,0,11-Jun,12-Jun,13-Jun,14-Jun,15-Jun,16-Jun,10-Jun,11-Jun,12-Jun,13-Jun,14-Jun,15-Jun,16-Jun,7,7,0
Nashik,Nashik,W M Nashik,Malegaon,Chandwad,20086730,Retro.Chandwad and WSS 44 villages. Ta. Chandwad,Chinchole,914,1,0.15,0,0,0.16,0,0,0,16.51,0,0,17.36,0,0,11-Jun,12-Jun,13-Jun,14-Jun,15-Jun,16-Jun,10-Jun,11-Jun,12-Jun,13-Jun,14-Jun,15-Jun,16-Jun,5,7,0
Nashik,Nashik,W M Nashik,Malegaon,Chandwad,20086730,Retro.Chandwad and WSS 44 villages. Ta. Chandwad,Bharvir,1288,2,0,0,0,0,0,0,0,0,0,0,0,0,0,11-Jun,12-Jun,13-Jun,14-Jun,15-Jun,16-Jun,10-Jun,11-Jun,12-Jun,13-Jun,14-Jun,15-Jun,16-Jun,7,7,0
Nashik,Nashik,W M Nashik,Malegaon,Chandwad,20086730,Retro.Chandwad and WSS 44 villages. Ta. Chandwad,Bhutyane,1557,1,0,0,0,0,0,0,0,0,0,0,0,0,0,11-Jun,12-Jun,13-Jun,14-Jun,15-Jun,16-Jun,10-Jun,11-Jun,12-Jun,13-Jun,14-Jun,15-Jun,16-Jun,7,7,0
Nashik,Nashik,W M Nashik,Malegaon,Chandwad,20086730,Retro.Chandwad and WSS 44 villages. Ta. Chandwad,Ahirkhede,1089,1,0.48,0,0,0,0.23,0,0,43.62,0,0,0,21.23,0,11-Jun,12-Jun,13-Jun,14-Jun,15-Jun,16-Jun,10-Jun,11-Jun,12-Jun,13-Jun,14-Jun,15-Jun,16-Jun,3,7,0
Nashik,Nashik,W M Nashik,Malegaon,Chandwad,20086730,Retro.Chandwad and WSS 44 villages. Ta. Chandwad,Asarkhede,1473,1,0,0,0.23,0,0,0.6,0,0,0,15.66,0,0,40.53,11-Jun,12-Jun,13-Jun,14-Jun,15-Jun,16-Jun,10-Jun,11-Jun,12-Jun,13-Jun,14-Jun,15-Jun,16-Jun,5,7,0
Nashik,Nashik,W M Nashik,Malegaon,Chandwad,20086730,Retro.Chandwad and WSS 44 villages. Ta. Chandwad,Ganur,2555,1,0.56,0.5,0,0,0,1.13,6.03,21.78,19.74,0,0,0,44.21,11-Jun,12-Jun,13-Jun,14-Jun,15-Jun,16-Jun,10-Jun,11-Jun,12-Jun,13-Jun,14-Jun,15-Jun,16-Jun,3,7,0
Nashik,Nashik,W M Nashik,Malegaon,Chandwad,20086730,Retro.Chandwad and WSS 44 villages. Ta. Chandwad,Harnul,1053,1,0,0,0,0,0,0,0,0,0,0,0,0,0,11-Jun,12-Jun,13-Jun,14-Jun,15-Jun,16-Jun,10-Jun,11-Jun,12-Jun,13-Jun,14-Jun,15-Jun,16-Jun,7,7,0
Nashik,Nashik,W M Nashik,Malegaon,Chandwad,20086730,Retro.Chandwad and WSS 44 villages. Ta. Chandwad,Ekrukhe,693,1,0,0,0,0,0,0,0,0,0,0,0,0,0,11-Jun,12-Jun,13-Jun,14-Jun,15-Jun,16-Jun,10-Jun,11-Jun,12-Jun,13-Jun,14-Jun,15-Jun,16-Jun,7,7,0
Nashik,Nashik,W M Nashik,Malegaon,Chandwad,20086730,Retro.Chandwad and WSS 44 villages. Ta. Chandwad,Gangave,1658,1,0.08,0.87,0,0,0,0,0.7,5.09,52.49,0,0,0,0,11-Jun,12-Jun,13-Jun,14-Jun,15-Jun,16-Jun,10-Jun,11-Jun,12-Jun,13-Jun,14-Jun,15-Jun,16-Jun,2,7,0
Nashik,Nashik,W M Nashik,Malegaon,Chandwad,20086730,Retro.Chandwad and WSS 44 villages. Ta. Chandwad,Dighwad,2462,1,0,0,0,0,0,0,0,0,0,0,0,0,0,11-Jun,12-Jun,13-Jun,14-Jun,15-Jun,16-Jun,10-Jun,11-Jun,12-Jun,13-Jun,14-Jun,15-Jun,16-Jun,7,7,0
Nashik,Nashik,W M Nashik,Malegaon,Chandwad,20086730,Retro.Chandwad and WSS 44 villages. Ta. Chandwad,Dongargaon,1649,1,0,0.2,0,0,0,0,0,0,12.22,0,0,0,0,11-Jun,12-Jun,13-Jun,14-Jun,15-Jun,16-Jun,10-Jun,11-Jun,12-Jun,13-Jun,14-Jun,15-Jun,16-Jun,6,7,0
Nashik,Nashik,W M Nashik,Malegaon,Chandwad,20086730,Retro.Chandwad and WSS 44 villages. Ta. Chandwad,Dugaon,4741,1,0,0,0,0,1.24,5.61,0,0,0,0,0,26.17,118.36,11-Jun,12-Jun,13-Jun,14-Jun,15-Jun,16-Jun,10-Jun,11-Jun,12-Jun,13-Jun,14-Jun,15-Jun,16-Jun,5,6,1
Nashik,Nashik,W M Nashik,Malegaon,Chandwad,20086730,Retro.Chandwad and WSS 44 villages. Ta. Chandwad,Dahiwad,639,1,0,0.53,0,0,0,0.9,0,0,82.25,0,0,0,141.23,11-Jun,12-Jun,13-Jun,14-Jun,15-Jun,16-Jun,10-Jun,11-Jun,12-Jun,13-Jun,14-Jun,15-Jun,16-Jun,5,5,2
Nashik,Nashik,W M Nashik,Malegaon,Chandwad,20086730,Retro.Chandwad and WSS 44 villages. Ta. Chandwad,Dhodambe,4197,1,0.06,0.71,0.19,2.45,1.16,0.42,20.88,1.53,16.86,4.54,58.45,27.64,9.96,11-Jun,12-Jun,13-Jun,14-Jun,15-Jun,16-Jun,10-Jun,11-Jun,12-Jun,13-Jun,14-Jun,15-Jun,16-Jun,0,6,1
Nashik,Ahmednagar,Sangamner,Sangamner,Sangamner,7937337,"Retro.Nimon and 4 villages, Tal. Sangamner",Pimpale,2689,3,1.57,0,0,0.47,0,0,43.53,58.31,0,0,17.37,0,0,11-Jun,12-Jun,13-Jun,14-Jun,15-Jun,16-Jun,10-Jun,11-Jun,12-Jun,13-Jun,14-Jun,15-Jun,16-Jun,4,6,1
Nashik,Ahmednagar,Sangamner,Sangamner,Sangamner,7937337,"Retro.Nimon and 4 villages, Tal. Sangamner",Sonewadi,2328,2,0,2.91,40.57,0.07,2.21,0.97,16.17,0.01,125.14,1742.82,3.19,94.89,41.77,11-Jun,12-Jun,13-Jun,14-Jun,15-Jun,16-Jun,10-Jun,11-Jun,12-Jun,13-Jun,14-Jun,15-Jun,16-Jun,0,4,3
Nashik,Ahmednagar,Sangamner,Sangamner,Sangamner,7937337,"Retro.Nimon and 4 villages, Tal. Sangamner",Karhe,2691,2,0,0,0,0,0,0,0,0,0,0,0,0,0,11-Jun,12-Jun,13-Jun,14-Jun,15-Jun,16-Jun,10-Jun,11-Jun,12-Jun,13-Jun,14-Jun,15-Jun,16-Jun,7,7,0
Nashik,Ahmednagar,Sangamner,Sangamner,Sangamner,7937337,"Retro.Nimon and 4 villages, Tal. Sangamner",Palaskhede,3954,3,0.83,0.15,0.72,0,0,0,1.68,21.08,3.91,18.18,0,0.07,0,11-Jun,12-Jun,13-Jun,14-Jun,15-Jun,16-Jun,10-Jun,11-Jun,12-Jun,13-Jun,14-Jun,15-Jun,16-Jun,2,7,0
Nashik,Ahmednagar,Sangamner,Sangamner,Sangamner,20033242,"Retro.Talegaon Dighe and 16 villages, Tal. Sangamner",Wadzari (Bk),1458,1,0,0,0.01,0,0,0.07,0.18,0.1,0.26,0.47,0.18,0.04,4.62,11-Jun,12-Jun,13-Jun,14-Jun,15-Jun,16-Jun,10-Jun,11-Jun,12-Jun,13-Jun,14-Jun,15-Jun,16-Jun,0,7,0
Nashik,Ahmednagar,Sangamner,Sangamner,Sangamner,20033242,"Retro.Talegaon Dighe and 16 villages, Tal. Sangamner",Wadzari (Kh),1173,1,0,0,0,0.17,0,0.96,23.6,0.01,0,0,14.26,0.07,81.66,11-Jun,12-Jun,13-Jun,14-Jun,15-Jun,16-Jun,10-Jun,11-Jun,12-Jun,13-Jun,14-Jun,15-Jun,16-Jun,1,6,1
Nashik,Ahmednagar,Sangamner,Sangamner,Sangamner,20033242,"Retro.Talegaon Dighe and 16 villages, Tal. Sangamner",Kakadwadi,2267,2,0,0,0,0,1.34,1.3,46.26,0,0,0,0,59.3,57.28,11-Jun,12-Jun,13-Jun,14-Jun,15-Jun,16-Jun,10-Jun,11-Jun,12-Jun,13-Jun,14-Jun,15-Jun,16-Jun,4,5,2
Nashik,Ahmednagar,Sangamner,Sangamner,Sangamner,20033242,"Retro.Talegaon Dighe and 16 villages, Tal. Sangamner",chincholi Gurav,3160,4,0,0,0,0,0.38,3.06,0,0,0,0,0.08,12.09,96.69,11-Jun,12-Jun,13-Jun,14-Jun,15-Jun,16-Jun,10-Jun,11-Jun,12-Jun,13-Jun,14-Jun,15-Jun,16-Jun,4,6,1
Nashik,Nashik,W M Nashik,Sinnar,Naigaon,20028193,Retrofitting To Wadzire (Naigaon) & 4 Villages RRWSS,Wadzire,3369,2,0.02,0.54,3.82,0.69,0,2.27,6.84,0.74,15.96,113.47,20.46,0,67.51,11-Jun,12-Jun,13-Jun,14-Jun,15-Jun,16-Jun,10-Jun,11-Jun,12-Jun,13-Jun,14-Jun,15-Jun,16-Jun,1,5,2
Nashik,Nashik,W M Nashik,Sinnar,Naigaon,20028193,Retrofitting To Wadzire (Naigaon) & 4 Villages RRWSS,Moh- Mahadari,1025,1,0.26,0.28,3.67,0,0,0.12,0,25.14,26.9,358.47,0,0,11.4,11-Jun,12-Jun,13-Jun,14-Jun,15-Jun,16-Jun,10-Jun,11-Jun,12-Jun,13-Jun,14-Jun,15-Jun,16-Jun,3,6,1
Nashik,Ahmednagar,Ahmednagar,Newasa,Nevasa,5348540,"Retro.Sonai Karjgaon and 16 villages, Tal. Nevasa",LANDEWADI,2158,2,0,0,0,0,0,0,0,0,0,0,0,0,0,11-Jun,12-Jun,13-Jun,14-Jun,15-Jun,16-Jun,10-Jun,11-Jun,12-Jun,13-Jun,14-Jun,15-Jun,16-Jun,7,7,0
Nashik,Nashik,W M Nashik,W.M.Nashik,Nifad,20039258,Ozar-Sakore & 2 Villages,Sakore,4107,2,1.55,0,0,0,1.46,1.26,44.1,37.65,0.11,0.1,0.09,35.49,30.66,11-Jun,12-Jun,13-Jun,14-Jun,15-Jun,16-Jun,10-Jun,11-Jun,12-Jun,13-Jun,14-Jun,15-Jun,16-Jun,0,7,0
Nashik,Jalgaon,Jalgaon,Erandol,Muktainagar,20025401,Pahur Peth& Pahur Kasbe 2 Villages WSS Tal Jamner,Sangvi,679,1,0,0,0,0,0,0,0,0,0,0,0,0,0,11-Jun,12-Jun,13-Jun,14-Jun,15-Jun,16-Jun,10-Jun,11-Jun,12-Jun,13-Jun,14-Jun,15-Jun,16-Jun,6,7,0
Nashik,Jalgaon,Jalgaon,Nandurbar,Nandurbar,20057127,"Khamgaon, Tokartale , Vichak & 2 Wadies RRWSS",Wadgaon Pada,167,2,0.4,0.15,0.07,0.55,1.06,1.06,104.97,237.24,88.62,40.21,328.38,636.9,635.31,11-Jun,12-Jun,13-Jun,14-Jun,15-Jun,16-Jun,10-Jun,11-Jun,12-Jun,13-Jun,14-Jun,15-Jun,16-Jun,0,1,6
Nashik,Jalgaon,Jalgaon,Nandurbar,Nandurbar,20057127,"Khamgaon, Tokartale , Vichak & 2 Wadies RRWSS",Tokartale,3510,2,1.56,1.41,1.17,1.6,1.92,0.95,34.38,44.56,40.27,33.27,45.46,54.71,27.18,11-Jun,12-Jun,13-Jun,14-Jun,15-Jun,16-Jun,10-Jun,11-Jun,12-Jun,13-Jun,14-Jun,15-Jun,16-Jun,0,7,0
Nashik,Jalgaon,Jalgaon,Nandurbar,Nandurbar,20056839,"Gujar bhawali , Jambholi & 4 Villages",Gujar Jamboli,2338,3,1.81,1.26,0.79,1.12,1.22,0.64,50.31,77.45,54.07,33.92,47.82,52.29,27.22,11-Jun,12-Jun,13-Jun,14-Jun,15-Jun,16-Jun,10-Jun,11-Jun,12-Jun,13-Jun,14-Jun,15-Jun,16-Jun,0,6,1
Nashik,Jalgaon,Jalgaon,Nandurbar,Nandurbar,20057127,"Khamgaon, Tokartale , Vichak & 2 Wadies RRWSS",Khamgaon,2602,2,0,0.01,0.02,0.01,0.01,0.01,0,0.06,0.47,0.62,0.49,0.22,0.34,11-Jun,12-Jun,13-Jun,14-Jun,15-Jun,16-Jun,10-Jun,11-Jun,12-Jun,13-Jun,14-Jun,15-Jun,16-Jun,1,7,0
Nashik,Jalgaon,Jalgaon,Nandurbar,Nandurbar,20055662,Pachorabari - Narayanpur WSS,Pachorabari,1251,4,0,0,0,0,0,0,0,0,0,0,0,0,0,11-Jun,12-Jun,13-Jun,14-Jun,15-Jun,16-Jun,10-Jun,11-Jun,12-Jun,13-Jun,14-Jun,15-Jun,16-Jun,7,7,0
Nashik,Jalgaon,Jalgaon,Nandurbar,Nandurbar,20055662,Pachorabari - Narayanpur WSS,Narayanpur,1851,2,0,0,0,0,0,0,0,0,0,0,0,0,0,11-Jun,12-Jun,13-Jun,14-Jun,15-Jun,16-Jun,10-Jun,11-Jun,12-Jun,13-Jun,14-Jun,15-Jun,16-Jun,7,7,0
Nashik,Jalgaon,Jalgaon,Nandurbar,Nandurbar,20056839,"Gujar bhawali , Jambholi & 4 Villages",Gujar Bhawali,2629,2,0.64,0.06,0.24,0.52,0,0.62,1.68,24.17,2.33,9.28,19.9,0.02,23.76,11-Jun,12-Jun,13-Jun,14-Jun,15-Jun,16-Jun,10-Jun,11-Jun,12-Jun,13-Jun,14-Jun,15-Jun,16-Jun,0,7,0
Nashik,Nashik,Nashik,Sinnar,Sinnar,20019176,Retro. Bargaonpimpri & 6 VRWSS  Tal Sinnar,Gulwanch,6190,3,0.51,0.72,1.53,0,0.01,1.66,21.27,8.18,11.69,24.73,0,0.11,26.85,11-Jun,12-Jun,13-Jun,14-Jun,15-Jun,16-Jun,10-Jun,11-Jun,12-Jun,13-Jun,14-Jun,15-Jun,16-Jun,1,7,0
Nashik,Ahmednagar,Ahmednagar,Newasa,Nevasa,5348540,"Retro.Sonai Karjgaon and 16 villages, Tal. Nevasa",Siregaon,3695,1,0.85,0.94,1.61,0,0.44,1.33,34.55,23.14,25.54,43.67,0,11.97,36.09,11-Jun,12-Jun,13-Jun,14-Jun,15-Jun,16-Jun,10-Jun,11-Jun,12-Jun,13-Jun,14-Jun,15-Jun,16-Jun,0,7,0
Nashik,Ahmednagar,Ahmednagar,Newasa,Nevasa,5348540,"Retro.Sonai Karjgaon and 16 villages, Tal. Nevasa",Navin Chandgaon,1547,1,0.36,0.18,0,0.37,0,0,0,22.97,11.83,0,23.95,0,0,11-Jun,12-Jun,13-Jun,14-Jun,15-Jun,16-Jun,10-Jun,11-Jun,12-Jun,13-Jun,14-Jun,15-Jun,16-Jun,4,7,0
Nashik,Ahmednagar,Ahmednagar,Newasa,Nevasa,5348540,"Retro.Sonai Karjgaon and 16 villages, Tal. Nevasa",NIMBHARI,2524,2,0.79,0.81,0.79,1.26,0.78,0.78,33.88,31.42,32.01,31.45,49.93,30.78,30.9,11-Jun,12-Jun,13-Jun,14-Jun,15-Jun,16-Jun,10-Jun,11-Jun,12-Jun,13-Jun,14-Jun,15-Jun,16-Jun,0,7,0
Nashik,Ahmednagar,Ahmednagar,Newasa,Nevasa,5348540,"Retro.Sonai Karjgaon and 16 villages, Tal. Nevasa",PANEGAON,2858,2,0.48,10803514.47,0,0.77,0.44,0.64,26.83,16.72,378009603.5,0,26.87,15.53,22.54,11-Jun,12-Jun,13-Jun,14-Jun,15-Jun,16-Jun,10-Jun,11-Jun,12-Jun,13-Jun,14-Jun,15-Jun,16-Jun,1,6,1
Nashik,Ahmednagar,Ahmednagar,Newasa,Nevasa,5348540,"Retro.Sonai Karjgaon and 16 villages, Tal. Nevasa",KHUPTI,2338,2,1.14,1.75,2.1,2.16,1.75,1.69,58.65,48.65,74.79,89.77,92.18,75.01,72.3,11-Jun,12-Jun,13-Jun,14-Jun,15-Jun,16-Jun,10-Jun,11-Jun,12-Jun,13-Jun,14-Jun,15-Jun,16-Jun,0,1,6
Nashik,Ahmednagar,Ahmednagar,Newasa,Nevasa,5348540,"Retro.Sonai Karjgaon and 16 villages, Tal. Nevasa",KARAJGAON,3750,3,1.88,1.23,2.76,2.1,1.74,1.95,59.54,50.17,32.81,73.64,56.05,46.5,52.13,11-Jun,12-Jun,13-Jun,14-Jun,15-Jun,16-Jun,10-Jun,11-Jun,12-Jun,13-Jun,14-Jun,15-Jun,16-Jun,0,4,3
Nashik,Ahmednagar,Ahmednagar,Newasa,Nevasa,5348540,"Retro.Sonai Karjgaon and 16 villages, Tal. Nevasa",KHARWANDI,6263,2,1.87,2.06,2.02,1.95,1.8,1.86,30.51,29.83,32.94,32.29,31.16,28.77,29.68,11-Jun,12-Jun,13-Jun,14-Jun,15-Jun,16-Jun,10-Jun,11-Jun,12-Jun,13-Jun,14-Jun,15-Jun,16-Jun,0,7,0
Nashik,Ahmednagar,Ahmednagar,Newasa,Nevasa,5348540,"Retro.Sonai Karjgaon and 16 villages, Tal. Nevasa",WATAPUR,1397,2,0.83,1.24,0.94,0.53,0.74,0.92,33.68,59.74,88.85,67.41,38.04,52.66,66.09,11-Jun,12-Jun,13-Jun,14-Jun,15-Jun,16-Jun,10-Jun,11-Jun,12-Jun,13-Jun,14-Jun,15-Jun,16-Jun,0,3,4
Nashik,Ahmednagar,Ahmednagar,Newasa,Nevasa,5348540,"Retro.Sonai Karjgaon and 16 villages, Tal. Nevasa",GOMALWADI,1061,2,1.43,1.26,1.31,1.39,1.27,1.33,141.65,135,118.46,123.49,130.63,120.05,125.38,11-Jun,12-Jun,13-Jun,14-Jun,15-Jun,16-Jun,10-Jun,11-Jun,12-Jun,13-Jun,14-Jun,15-Jun,16-Jun,0,0,7
Nashik,Ahmednagar,Ahmednagar,Newasa,Nevasa,5348540,"Retro.Sonai Karjgaon and 16 villages, Tal. Nevasa",GONEGAON,1572,2,0.37,0,0.24,0.37,0,0.37,23.76,23.51,0.01,15.21,23.49,0,23.63,11-Jun,12-Jun,13-Jun,14-Jun,15-Jun,16-Jun,10-Jun,11-Jun,12-Jun,13-Jun,14-Jun,15-Jun,16-Jun,0,7,0
Nashik,Ahmednagar,Ahmednagar,Newasa,Nevasa,5348540,"Retro.Sonai Karjgaon and 16 villages, Tal. Nevasa",IMAMPUR,350,1,0,0,0,0,0,0,0,0,0,0,0,0,0,11-Jun,12-Jun,13-Jun,14-Jun,15-Jun,16-Jun,10-Jun,11-Jun,12-Jun,13-Jun,14-Jun,15-Jun,16-Jun,7,7,0
Nashik,Ahmednagar,Ahmednagar,Newasa,Nevasa,5348540,"Retro.Sonai Karjgaon and 16 villages, Tal. Nevasa",AMALNER,2334,2,0,0.01,0.13,0.82,0.69,0.69,12.97,0.01,0.45,5.46,35.1,29.5,29.59,11-Jun,12-Jun,13-Jun,14-Jun,15-Jun,16-Jun,10-Jun,11-Jun,12-Jun,13-Jun,14-Jun,15-Jun,16-Jun,0,7,0
Nashik,Ahmednagar,Ahmednagar,Newasa,Nevasa,5348540,"Retro.Sonai Karjgaon and 16 villages, Tal. Nevasa",Belhekarwadi,2991,2,0,1.31,2.92,2.32,0,3.64,94.42,0,43.89,97.68,77.65,0,121.75,11-Jun,12-Jun,13-Jun,14-Jun,15-Jun,16-Jun,10-Jun,11-Jun,12-Jun,13-Jun,14-Jun,15-Jun,16-Jun,1,3,4
Nashik,Ahmednagar,Ahmednagar,Newasa,Nevasa,5348540,"Retro.Sonai Karjgaon and 16 villages, Tal. Nevasa",Ganeshwadi,3017,2,0.53,0.8,0.58,0.89,0.66,0.84,28.49,17.68,26.49,19.12,29.49,21.98,27.85,11-Jun,12-Jun,13-Jun,14-Jun,15-Jun,16-Jun,10-Jun,11-Jun,12-Jun,13-Jun,14-Jun,15-Jun,16-Jun,0,7,0
Nashik,Nashik,Nashik,Malegaon,Nandgaon,20037448,"78 villages in Nandgaon, Malegaon and Deola talukas",Patharde,879,2,0,0,0,0,0,0,0,0,0,0,0,0,0,11-Jun,12-Jun,13-Jun,14-Jun,15-Jun,16-Jun,10-Jun,11-Jun,12-Jun,13-Jun,14-Jun,15-Jun,16-Jun,7,7,0
Nashik,Nashik,Nashik,Malegaon,Nandgaon,20037448,"78 villages in Nandgaon, Malegaon and Deola talukas",Nimgaon Bk,11399,3,1.27,0,1.05,1.33,0.72,1.22,7.16,11.15,0,9.24,11.64,6.31,10.7,11-Jun,12-Jun,13-Jun,14-Jun,15-Jun,16-Jun,10-Jun,11-Jun,12-Jun,13-Jun,14-Jun,15-Jun,16-Jun,1,7,0
Nashik,Nashik,Nashik,Malegaon,Nandgaon,20037448,"78 villages in Nandgaon, Malegaon and Deola talukas",Nimgaon Kh,1222,2,0.25,0.25,0.26,0.26,0.24,0.26,0,20.17,20.55,21.09,20.98,19.73,20.98,11-Jun,12-Jun,13-Jun,14-Jun,15-Jun,16-Jun,10-Jun,11-Jun,12-Jun,13-Jun,14-Jun,15-Jun,16-Jun,1,7,0
Nashik,Nashik,Nashik,Malegaon,Nandgaon,20037448,"78 villages in Nandgaon, Malegaon and Deola talukas",Nimgule,602,1,0,0,0,0,0,0,0,0,0,0,0,0,0,11-Jun,12-Jun,13-Jun,14-Jun,15-Jun,16-Jun,10-Jun,11-Jun,12-Jun,13-Jun,14-Jun,15-Jun,16-Jun,7,7,0
Nashik,Nashik,Nashik,Malegaon,Nandgaon,20037448,"78 villages in Nandgaon, Malegaon and Deola talukas",Mehune,3276,2,0,1.31,0,0,0,1.02,0,0,39.86,0.01,0,0,31.01,11-Jun,12-Jun,13-Jun,14-Jun,15-Jun,16-Jun,10-Jun,11-Jun,12-Jun,13-Jun,14-Jun,15-Jun,16-Jun,4,7,0
Nashik,Nashik,Nashik,Malegaon,Nandgaon,20037448,"78 villages in Nandgaon, Malegaon and Deola talukas",Saundane,9450,3,1.73,1.37,1.12,1.18,1.8,1.33,11.79,18.34,14.54,11.89,12.5,19,14.12,11-Jun,12-Jun,13-Jun,14-Jun,15-Jun,16-Jun,10-Jun,11-Jun,12-Jun,13-Jun,14-Jun,15-Jun,16-Jun,0,7,0
Nashik,Nashik,Nashik,Malegaon,Nandgaon,20037448,"78 villages in Nandgaon, Malegaon and Deola talukas",Sakuri,3920,2,0,0,0,0,0,0,0,0,0,0,0,0,0,11-Jun,12-Jun,13-Jun,14-Jun,15-Jun,16-Jun,10-Jun,11-Jun,12-Jun,13-Jun,14-Jun,15-Jun,16-Jun,7,7,0
Nashik,Nashik,Nashik,Malegaon,Nandgaon,20037448,"78 villages in Nandgaon, Malegaon and Deola talukas",Pimpri Haveli,2550,1,0.77,0.63,0,0,0,0,30.28,30.01,24.84,0.01,0,0,0,11-Jun,12-Jun,13-Jun,14-Jun,15-Jun,16-Jun,10-Jun,11-Jun,12-Jun,13-Jun,14-Jun,15-Jun,16-Jun,3,7,0
Nashik,Nashik,Nashik,Malegaon,Nandgaon,20037448,"78 villages in Nandgaon, Malegaon and Deola talukas",Pimparkhed,2655,1,0.65,0,0,0,0,0,26.96,24.39,0,0,0,0,0,11-Jun,12-Jun,13-Jun,14-Jun,15-Jun,16-Jun,10-Jun,11-Jun,12-Jun,13-Jun,14-Jun,15-Jun,16-Jun,5,7,0
Nashik,Nashik,Nashik,Malegaon,Nandgaon,20037448,"78 villages in Nandgaon, Malegaon and Deola talukas",Pimprale,2160,2,0.47,0.31,0,0,0,0.66,0,21.54,14.56,0,0,0,30.38,11-Jun,12-Jun,13-Jun,14-Jun,15-Jun,16-Jun,10-Jun,11-Jun,12-Jun,13-Jun,14-Jun,15-Jun,16-Jun,4,7,0
Nashik,Nashik,Nashik,Malegaon,Malegaon,20037448,"78 villages in Nandgaon, Malegaon and Deola talukas",Jiwardi Bk,1174,2,0,0,0,0,0,0,0,0,0,0,0,0,0,11-Jun,12-Jun,13-Jun,14-Jun,15-Jun,16-Jun,10-Jun,11-Jun,12-Jun,13-Jun,14-Jun,15-Jun,16-Jun,7,7,0
Nashik,Nashik,Nashik,Malegaon,Malegaon,20037448,"78 villages in Nandgaon, Malegaon and Deola talukas",Jatpada,1571,2,0.35,0.01,0,0.35,0.62,0.6,32.17,22.41,0.52,0,22.12,39.59,38.28,11-Jun,12-Jun,13-Jun,14-Jun,15-Jun,16-Jun,10-Jun,11-Jun,12-Jun,13-Jun,14-Jun,15-Jun,16-Jun,1,7,0
Nashik,Nashik,Nashik,Malegaon,Malegaon,20037448,"78 villages in Nandgaon, Malegaon and Deola talukas",Hiswal Kh,1785,1,0,0,0,0,0,0.79,0,0.24,0.21,0.03,0.1,0,44.1,11-Jun,12-Jun,13-Jun,14-Jun,15-Jun,16-Jun,10-Jun,11-Jun,12-Jun,13-Jun,14-Jun,15-Jun,16-Jun,2,7,0
Nashik,Nashik,Nashik,Malegaon,Malegaon,20037448,"78 villages in Nandgaon, Malegaon and Deola talukas",Jalgaon,3726,2,0,0.66,0,0,1.39,0,0.01,0,17.78,0,0,37.23,0,11-Jun,12-Jun,13-Jun,14-Jun,15-Jun,16-Jun,10-Jun,11-Jun,12-Jun,13-Jun,14-Jun,15-Jun,16-Jun,2,7,0
Nashik,Nashik,Nashik,Malegaon,Nandgaon,20037448,"78 villages in Nandgaon, Malegaon and Deola talukas",Manwad,3580,2,0,0,0,0,0,0,22.5,0.01,0,0,0,0.04,0,11-Jun,12-Jun,13-Jun,14-Jun,15-Jun,16-Jun,10-Jun,11-Jun,12-Jun,13-Jun,14-Jun,15-Jun,16-Jun,2,7,0
Nashik,Nashik,Nashik,Malegaon,Malegaon,20037448,"78 villages in Nandgaon, Malegaon and Deola talukas",Manikpunj,1335,5,0,0,0,0,0.04,0,23.51,0,0,0,0,2.93,0,11-Jun,12-Jun,13-Jun,14-Jun,15-Jun,16-Jun,10-Jun,11-Jun,12-Jun,13-Jun,14-Jun,15-Jun,16-Jun,5,7,0
Nashik,Nashik,Nashik,Malegaon,Malegaon,20037448,"78 villages in Nandgaon, Malegaon and Deola talukas",Manjare,1819,2,0,1.13,0,0,0,1.01,0,0,61.9,0,0,0,55.39,11-Jun,12-Jun,13-Jun,14-Jun,15-Jun,16-Jun,10-Jun,11-Jun,12-Jun,13-Jun,14-Jun,15-Jun,16-Jun,5,5,2
Nashik,Nashik,Nashik,Malegaon,Malegaon,20037448,"78 villages in Nandgaon, Malegaon and Deola talukas",Krantinagar,1385,3,0,0,0,0,0,0,0,0,0,0,0,0,0,11-Jun,12-Jun,13-Jun,14-Jun,15-Jun,16-Jun,10-Jun,11-Jun,12-Jun,13-Jun,14-Jun,15-Jun,16-Jun,7,7,0
Nashik,Nashik,Nashik,Malegaon,Malegaon,20037448,"78 villages in Nandgaon, Malegaon and Deola talukas",DoctorWadi,1255,1,0,0,0,0.12,0,0,0,0,0,0,9.8,0,0,11-Jun,12-Jun,13-Jun,14-Jun,15-Jun,16-Jun,10-Jun,11-Jun,12-Jun,13-Jun,14-Jun,15-Jun,16-Jun,6,7,0
Nashik,Nashik,Nashik,Malegaon,Malegaon,20037448,"78 villages in Nandgaon, Malegaon and Deola talukas",Babhulwadi,715,1,0.75,0,0.79,0,0.64,0,0,105.39,0,110.65,0.07,90.18,0,11-Jun,12-Jun,13-Jun,14-Jun,15-Jun,16-Jun,10-Jun,11-Jun,12-Jun,13-Jun,14-Jun,15-Jun,16-Jun,2,4,3
Nashik,Nashik,Nashik,Malegaon,Malegaon,20037448,"78 villages in Nandgaon, Malegaon and Deola talukas",Hiswal Bk,1875,1,0,0,0,0,1.1,1.2,0,0,0,0,0,58.57,64.1,11-Jun,12-Jun,13-Jun,14-Jun,15-Jun,16-Jun,10-Jun,11-Jun,12-Jun,13-Jun,14-Jun,15-Jun,16-Jun,5,5,2
Nashik,Nashik,Nashik,Malegaon,Malegaon,20037448,"78 villages in Nandgaon, Malegaon and Deola talukas",Ghodegaon Chauki,682,1,1.14,0,0,0,0,0,0,166.45,0,0,0,0,0,11-Jun,12-Jun,13-Jun,14-Jun,15-Jun,16-Jun,10-Jun,11-Jun,12-Jun,13-Jun,14-Jun,15-Jun,16-Jun,6,6,1
Nashik,Nashik,Nashik,Malegaon,Malegaon,20037448,"78 villages in Nandgaon, Malegaon and Deola talukas",Gilane,1765,2,0,0,0,0,0,0,0,0,0,0,0,0,0,11-Jun,12-Jun,13-Jun,14-Jun,15-Jun,16-Jun,10-Jun,11-Jun,12-Jun,13-Jun,14-Jun,15-Jun,16-Jun,7,7,0
Nashik,Nashik,Nashik,Malegaon,Malegaon,20037448,"78 villages in Nandgaon, Malegaon and Deola talukas",Ganesh Nagar,1298,2,0.36,0.15,0,0.34,0.17,0.3,27.49,27.46,11.77,0,25.84,13.17,23.15,11-Jun,12-Jun,13-Jun,14-Jun,15-Jun,16-Jun,10-Jun,11-Jun,12-Jun,13-Jun,14-Jun,15-Jun,16-Jun,1,7,0
Nashik,Nashik,Nashik,Malegaon,Malegaon,20037448,"78 villages in Nandgaon, Malegaon and Deola talukas",Ghodegaon,1465,2,0.71,0.04,0,0,0,0,22.98,48.43,2.44,0,0,0,0.04,11-Jun,12-Jun,13-Jun,14-Jun,15-Jun,16-Jun,10-Jun,11-Jun,12-Jun,13-Jun,14-Jun,15-Jun,16-Jun,3,7,0
Nashik,Nashik,Nashik,Malegaon,Deola,20037448,"78 villages in Nandgaon, Malegaon and Deola talukas",Ajande,786,1,1.32,0.19,0.39,1.33,0.89,1.58,185.75,168.03,23.59,49.52,169.46,112.66,201.23,11-Jun,12-Jun,13-Jun,14-Jun,15-Jun,16-Jun,10-Jun,11-Jun,12-Jun,13-Jun,14-Jun,15-Jun,16-Jun,0,2,5
Nashik,Nashik,Nashik,Malegaon,Baglan,7971089,Nampur and 4 villages RR Tal Baglan (C 39),Jaikheda,8177,3,2.04,1.9,0.78,1.53,1.78,1.8,25.96,24.94,23.19,9.53,18.74,21.75,22.04,11-Jun,12-Jun,13-Jun,14-Jun,15-Jun,16-Jun,10-Jun,11-Jun,12-Jun,13-Jun,14-Jun,15-Jun,16-Jun,0,7,0
Nashik,Nashik,Nashik,Malegaon,Baglan,7971089,Nampur and 4 villages RR Tal Baglan (C 39),Askheda,3580,3,3.42,2.76,1.42,2.14,1.15,2.64,90.44,95.52,77.09,39.55,59.66,32.19,73.88,11-Jun,12-Jun,13-Jun,14-Jun,15-Jun,16-Jun,10-Jun,11-Jun,12-Jun,13-Jun,14-Jun,15-Jun,16-Jun,0,2,5
Nashik,Nashik,Nashik,Nashik,Peth,20083505,Surgane & 2 Vill RRWSS Tal.Peth,Harangaon,1570,1,0.61,1.33,0,0,0,0,32.06,38.69,84.49,0,0,0,0,11-Jun,12-Jun,13-Jun,14-Jun,15-Jun,16-Jun,10-Jun,11-Jun,12-Jun,13-Jun,14-Jun,15-Jun,16-Jun,4,6,1
Nashik,Nashik,Nashik,Nashik,Peth,20083505,Surgane & 2 Vill RRWSS Tal.Peth,Ghubadsaka,0,1,0,0,0.4,0,0,0,0,0,0,0,0,0,0,11-Jun,12-Jun,13-Jun,14-Jun,15-Jun,16-Jun,10-Jun,11-Jun,12-Jun,13-Jun,14-Jun,15-Jun,16-Jun,7,7,0
Nashik,Nashik,Nashik,Manmad,Yeola,20030798,Retrofitting To Yeola 38 Villages,Pimpalgaon jalal,1412,1,0,0,0,0,0,0,0,0,0,0,0,0,0,11-Jun,12-Jun,13-Jun,14-Jun,15-Jun,16-Jun,10-Jun,11-Jun,12-Jun,13-Jun,14-Jun,15-Jun,16-Jun,7,7,0
Nashik,Nashik,Nashik,Manmad,Yeola,20030798,Retrofitting To Yeola 38 Villages,Pimpalkute BK.,811,1,0.34,0.05,0,0,0,0,0,41.41,5.95,0,0,0,0,11-Jun,12-Jun,13-Jun,14-Jun,15-Jun,16-Jun,10-Jun,11-Jun,12-Jun,13-Jun,14-Jun,15-Jun,16-Jun,4,7,0
Nashik,Nashik,Nashik,Manmad,Yeola,20030798,Retrofitting To Yeola 38 Villages,Pimpalkute Kh.,657,1,0,0,0,0,0,0,0,0,0,0,0,0,0,11-Jun,12-Jun,13-Jun,14-Jun,15-Jun,16-Jun,10-Jun,11-Jun,12-Jun,13-Jun,14-Jun,15-Jun,16-Jun,7,7,0
Nashik,Nashik,Nashik,Manmad,Yeola,20030798,Retrofitting To Yeola 38 Villages,Nandesar,1025,1,0,0,0,0,0,0,0,0,0.01,0.05,0,0,0,11-Jun,12-Jun,13-Jun,14-Jun,15-Jun,16-Jun,10-Jun,11-Jun,12-Jun,13-Jun,14-Jun,15-Jun,16-Jun,4,7,0
Nashik,Nashik,Nashik,Manmad,Yeola,20030798,Retrofitting To Yeola 38 Villages,Nimgaon Madh,3048,1,0,0,0,0,0,0,0,0,0,0,0,0,0,11-Jun,12-Jun,13-Jun,14-Jun,15-Jun,16-Jun,10-Jun,11-Jun,12-Jun,13-Jun,14-Jun,15-Jun,16-Jun,7,7,0
Nashik,Nashik,Nashik,Manmad,Yeola,20030798,Retrofitting To Yeola 38 Villages,Gawandgaon,3144,1,0,0,0,0,0,0,0,0,0,0,0,0,0,11-Jun,12-Jun,13-Jun,14-Jun,15-Jun,16-Jun,10-Jun,11-Jun,12-Jun,13-Jun,14-Jun,15-Jun,16-Jun,7,7,0
Nashik,Nashik,Nashik,Manmad,Yeola,20030798,Retrofitting To Yeola 38 Villages,Katarni,3110,1,0,0,0,0,0,0,0,0,0,0,0,0,0,11-Jun,12-Jun,13-Jun,14-Jun,15-Jun,16-Jun,10-Jun,11-Jun,12-Jun,13-Jun,14-Jun,15-Jun,16-Jun,7,7,0
Nashik,Nashik,Nashik,Manmad,Yeola,20030798,Retrofitting To Yeola 38 Villages,Kusur,2292,1,0,0,0,0,0,0,0,0,0,0,0,0,0,11-Jun,12-Jun,13-Jun,14-Jun,15-Jun,16-Jun,10-Jun,11-Jun,12-Jun,13-Jun,14-Jun,15-Jun,16-Jun,7,7,0
Nashik,Nashik,Nashik,Manmad,Yeola,20030798,Retrofitting To Yeola 38 Villages,Undirwadi,3087,1,0,0,0,0,0,0,0,0,0,0,0,0,0,11-Jun,12-Jun,13-Jun,14-Jun,15-Jun,16-Jun,10-Jun,11-Jun,12-Jun,13-Jun,14-Jun,15-Jun,16-Jun,7,7,0
Nashik,Nashik,Nashik,Manmad,Yeola,20030798,Retrofitting To Yeola 38 Villages,Vikharni,2325,1,0,0,0,0,0,0,0,0,0,0,0,0,0,11-Jun,12-Jun,13-Jun,14-Jun,15-Jun,16-Jun,10-Jun,11-Jun,12-Jun,13-Jun,14-Jun,15-Jun,16-Jun,7,7,0
Nashik,Nashik,Nashik,Manmad,Yeola,20030798,Retrofitting To Yeola 38 Villages,Visapur,1938,1,0,0,0,0,0,0,0,0,0,0,0,0,0,11-Jun,12-Jun,13-Jun,14-Jun,15-Jun,16-Jun,10-Jun,11-Jun,12-Jun,13-Jun,14-Jun,15-Jun,16-Jun,7,7,0
Nashik,Nashik,Nashik,Manmad,Yeola,20030798,Retrofitting To Yeola 38 Villages,Somthan Desh,2869,1,0,0,0,0,0,0,0,0,0,0,0,0,0,11-Jun,12-Jun,13-Jun,14-Jun,15-Jun,16-Jun,10-Jun,11-Jun,12-Jun,13-Jun,14-Jun,15-Jun,16-Jun,7,7,0
Nashik,Nashik,Nashik,Manmad,Yeola,20030798,Retrofitting To Yeola 38 Villages,Suregaon Rasta,2428,1,0,0,0,0,0,0,0,0,0,0,0,0,0,11-Jun,12-Jun,13-Jun,14-Jun,15-Jun,16-Jun,10-Jun,11-Jun,12-Jun,13-Jun,14-Jun,15-Jun,16-Jun,7,7,0
Nashik,Nashik,Nashik,Manmad,Nifad,456654,"Retro. Lasalgaon Vinchur 16 Villages, Tal. Nifad",Vitthalwadi,1029,1,0,0.01,0.01,0,0,0,0,0,0.81,0.64,0,0,0,11-Jun,12-Jun,13-Jun,14-Jun,15-Jun,16-Jun,10-Jun,11-Jun,12-Jun,13-Jun,14-Jun,15-Jun,16-Jun,5,7,0
Nashik,Nashik,Nashik,Manmad,Nifad,456654,"Retro. Lasalgaon Vinchur 16 Villages, Tal. Nifad",Vishnu Nagar,1254,1,0.8,0.74,0.63,0.77,0.66,0.78,60.06,63.64,58.65,50.63,61.01,52.54,62.32,11-Jun,12-Jun,13-Jun,14-Jun,15-Jun,16-Jun,10-Jun,11-Jun,12-Jun,13-Jun,14-Jun,15-Jun,16-Jun,0,2,5
Nashik,Nashik,Nashik,Manmad,Nifad,456654,"Retro. Lasalgaon Vinchur 16 Villages, Tal. Nifad",Vinchur,16088,3,0.99,0.71,7.57,0,1.53,2.92,46.88,6.15,4.44,47.06,0,9.49,18.18,11-Jun,12-Jun,13-Jun,14-Jun,15-Jun,16-Jun,10-Jun,11-Jun,12-Jun,13-Jun,14-Jun,15-Jun,16-Jun,0,7,0
Nashik,Nashik,Nashik,Manmad,Nifad,456654,"Retro. Lasalgaon Vinchur 16 Villages, Tal. Nifad",Takali Vinchur,9423,2,1.14,0.94,0,0,0,0.82,19.69,12.1,9.98,0,0,0,8.73,11-Jun,12-Jun,13-Jun,14-Jun,15-Jun,16-Jun,10-Jun,11-Jun,12-Jun,13-Jun,14-Jun,15-Jun,16-Jun,3,7,0
Nashik,Nashik,Nashik,Manmad,Yeola,20030798,Retrofitting To Yeola 38 Villages,Dhamode,657,1,0,0,0,0,0,0,0,0,0,0,0,0,0,11-Jun,12-Jun,13-Jun,14-Jun,15-Jun,16-Jun,10-Jun,11-Jun,12-Jun,13-Jun,14-Jun,15-Jun,16-Jun,7,7,0
Nashik,Nashik,Nashik,Manmad,Yeola,20030798,Retrofitting To Yeola 38 Villages,Dhanora,1283,2,4.17,3.33,0,0.4,0,0,435.98,324.88,259.19,0,31.44,0,0,11-Jun,12-Jun,13-Jun,14-Jun,15-Jun,16-Jun,10-Jun,11-Jun,12-Jun,13-Jun,14-Jun,15-Jun,16-Jun,3,4,3
Nashik,Nashik,Nashik,Manmad,Yeola,20030798,Retrofitting To Yeola 38 Villages,Ankute,2366,1,0,2.14,0.01,1.54,0,0,0,0.01,90.25,0.49,65.28,0,0,11-Jun,12-Jun,13-Jun,14-Jun,15-Jun,16-Jun,10-Jun,11-Jun,12-Jun,13-Jun,14-Jun,15-Jun,16-Jun,3,5,2
Nashik,Nashik,Nashik,Manmad,Yeola,20030798,Retrofitting To Yeola 38 Villages,Bharam,1595,1,0,0,0,0,0,0,0,0,0,0,0,0,0,11-Jun,12-Jun,13-Jun,14-Jun,15-Jun,16-Jun,10-Jun,11-Jun,12-Jun,13-Jun,14-Jun,15-Jun,16-Jun,7,7,0
Nashik,Nashik,Nashik,Manmad,Yeola,20030798,Retrofitting To Yeola 38 Villages,Adgaon chautha,2244,1,0,0,0,0,0,0,0,0,0,0,0,0,0,11-Jun,12-Jun,13-Jun,14-Jun,15-Jun,16-Jun,10-Jun,11-Jun,12-Jun,13-Jun,14-Jun,15-Jun,16-Jun,7,7,0
Nashik,Nashik,Nashik,Manmad,Yeola,20030798,Retrofitting To Yeola 38 Villages,Andarsul,15233,4,2.02,10.05,4.91,3.88,2.75,0,38.44,13.28,65.97,32.24,25.47,18.04,0,11-Jun,12-Jun,13-Jun,14-Jun,15-Jun,16-Jun,10-Jun,11-Jun,12-Jun,13-Jun,14-Jun,15-Jun,16-Jun,1,6,1
Nashik,Nashik,Nashik,Manmad,Nifad,456654,"Retro. Lasalgaon Vinchur 16 Villages, Tal. Nifad",Lasalgaon,19821,5,7.64,4.51,0.76,0.43,4.76,4.33,64.5,38.54,22.77,3.82,2.15,24.01,21.86,11-Jun,12-Jun,13-Jun,14-Jun,15-Jun,16-Jun,10-Jun,11-Jun,12-Jun,13-Jun,14-Jun,15-Jun,16-Jun,0,6,1
Nashik,Nashik,Nashik,Manmad,Nifad,456654,"Retro. Lasalgaon Vinchur 16 Villages, Tal. Nifad",Kotamgaon,4189,2,0,1.07,0,0,0.91,0,0,0,25.63,0.03,0,21.74,0,11-Jun,12-Jun,13-Jun,14-Jun,15-Jun,16-Jun,10-Jun,11-Jun,12-Jun,13-Jun,14-Jun,15-Jun,16-Jun,1,7,0
Nashik,Nashik,Nashik,Manmad,Nifad,456654,"Retro. Lasalgaon Vinchur 16 Villages, Tal. Nifad",Hanuman Nagar,2684,1,0.65,0.53,0.63,0.58,0.72,0.05,28.58,24.07,19.72,23.4,21.5,26.85,1.88,11-Jun,12-Jun,13-Jun,14-Jun,15-Jun,16-Jun,10-Jun,11-Jun,12-Jun,13-Jun,14-Jun,15-Jun,16-Jun,0,7,0
Nashik,Nashik,Nashik,Manmad,Nifad,456654,"Retro. Lasalgaon Vinchur 16 Villages, Tal. Nifad",Subhash Nagar,1532,1,0.06,0,0,0.01,0.02,0.01,0.85,4.16,0,0,0.64,1.06,0.48,11-Jun,12-Jun,13-Jun,14-Jun,15-Jun,16-Jun,10-Jun,11-Jun,12-Jun,13-Jun,14-Jun,15-Jun,16-Jun,0,7,0
Nashik,Nashik,Nashik,Manmad,Nifad,456654,"Retro. Lasalgaon Vinchur 16 Villages, Tal. Nifad",Pimpalgaon Najik,11607,2,3.41,4.53,3.15,0,1.65,2.44,35.46,29.41,39.05,27.18,0.01,14.25,21.04,11-Jun,12-Jun,13-Jun,14-Jun,15-Jun,16-Jun,10-Jun,11-Jun,12-Jun,13-Jun,14-Jun,15-Jun,16-Jun,0,7,0
Nashik,Nashik,Nashik,Manmad,Nifad,456654,"Retro. Lasalgaon Vinchur 16 Villages, Tal. Nifad",Nimgaon Wakada,3798,3,0.38,1.19,0.36,1,0.33,1.08,29.91,9.94,31.24,9.6,26.39,8.79,28.38,11-Jun,12-Jun,13-Jun,14-Jun,15-Jun,16-Jun,10-Jun,11-Jun,12-Jun,13-Jun,14-Jun,15-Jun,16-Jun,0,7,0
Nashik,Nashik,Nashik,Manmad,Nifad,456654,"Retro. Lasalgaon Vinchur 16 Villages, Tal. Nifad",Nandgaon,3266,1,0,0,0,0,0,0,0,0,0,0,0,0,0,11-Jun,12-Jun,13-Jun,14-Jun,15-Jun,16-Jun,10-Jun,11-Jun,12-Jun,13-Jun,14-Jun,15-Jun,16-Jun,7,7,0
Nashik,Nashik,Nashik,Manmad,Nifad,456654,"Retro. Lasalgaon Vinchur 16 Villages, Tal. Nifad",Dharangaon Veer,3494,1,1.23,0,1.15,0,1.37,0,0,35.32,0,32.93,0,39.16,0,11-Jun,12-Jun,13-Jun,14-Jun,15-Jun,16-Jun,10-Jun,11-Jun,12-Jun,13-Jun,14-Jun,15-Jun,16-Jun,4,7,0
Nashik,Nashik,Nashik,Manmad,Nifad,456654,"Retro. Lasalgaon Vinchur 16 Villages, Tal. Nifad",Dongargaon,5460,1,0,0,0,0,0,0,0,0,0,0,0,0,0,11-Jun,12-Jun,13-Jun,14-Jun,15-Jun,16-Jun,10-Jun,11-Jun,12-Jun,13-Jun,14-Jun,15-Jun,16-Jun,7,7,0
Nashik,Nashik,Nashik,Manmad,Nifad,456654,"Retro. Lasalgaon Vinchur 16 Villages, Tal. Nifad",Dharangaon Khadak,3648,1,0,0.65,0,0.48,0,0,17.12,0.07,17.72,0.07,13.08,0.01,0,11-Jun,12-Jun,13-Jun,14-Jun,15-Jun,16-Jun,10-Jun,11-Jun,12-Jun,13-Jun,14-Jun,15-Jun,16-Jun,0,7,0
Nashik,Nashik,Nashik,Manmad,Nifad,456654,"Retro. Lasalgaon Vinchur 16 Villages, Tal. Nifad",Brahmangaon,9640,1,0,0,0,0,0.93,0,21.27,0,0,0,0,9.63,0,11-Jun,12-Jun,13-Jun,14-Jun,15-Jun,16-Jun,10-Jun,11-Jun,12-Jun,13-Jun,14-Jun,15-Jun,16-Jun,5,7,0
Nashik,Nashik,Nashik,Manmad,Nifad,456654,"Retro. Lasalgaon Vinchur 16 Villages, Tal. Nifad",Bokaddara,2968,1,0.63,0.69,0.63,0,0.79,0.17,24.41,21.19,23.36,21.28,0,26.47,5.66,11-Jun,12-Jun,13-Jun,14-Jun,15-Jun,16-Jun,10-Jun,11-Jun,12-Jun,13-Jun,14-Jun,15-Jun,16-Jun,1,7,0
Nashik,Nashik,Nashik,Malegaon,Nandgaon,20037448,"78 villages in Nandgaon, Malegaon and Deola talukas",Varhale,1036,1,0,0,0.06,0.45,0,0,50.6,0,0,5.71,42.99,0,0,11-Jun,12-Jun,13-Jun,14-Jun,15-Jun,16-Jun,10-Jun,11-Jun,12-Jun,13-Jun,14-Jun,15-Jun,16-Jun,4,7,0
Nashik,Nashik,Nashik,Malegaon,Nandgaon,20037448,"78 villages in Nandgaon, Malegaon and Deola talukas",Varhane,2285,3,0,0,0.98,0,1.15,0,0,0,0,43.06,0,50.34,0,11-Jun,12-Jun,13-Jun,14-Jun,15-Jun,16-Jun,10-Jun,11-Jun,12-Jun,13-Jun,14-Jun,15-Jun,16-Jun,4,7,0
Nashik,Nashik,Nashik,Malegaon,Nandgaon,20037448,"78 villages in Nandgaon, Malegaon and Deola talukas",Tandulwadi,915,2,0.25,0.5,0.17,0.19,0.33,0.32,49.5,26.93,54.97,18.67,20.4,36.52,34.53,11-Jun,12-Jun,13-Jun,14-Jun,15-Jun,16-Jun,10-Jun,11-Jun,12-Jun,13-Jun,14-Jun,15-Jun,16-Jun,0,7,0
Nashik,Nashik,Nashik,Malegaon,Nandgaon,20037448,"78 villages in Nandgaon, Malegaon and Deola talukas",Takli,4532,3,0,0,0,0,0,0,0,0,0,0,0,0,0,11-Jun,12-Jun,13-Jun,14-Jun,15-Jun,16-Jun,10-Jun,11-Jun,12-Jun,13-Jun,14-Jun,15-Jun,16-Jun,7,7,0
Nashik,Nashik,Nashik,Malegaon,Nandgaon,20037448,"78 villages in Nandgaon, Malegaon and Deola talukas",Takli Bk,1965,3,0,0,0,0.02,0,0,0,0,0,0,0.8,0,0,11-Jun,12-Jun,13-Jun,14-Jun,15-Jun,16-Jun,10-Jun,11-Jun,12-Jun,13-Jun,14-Jun,15-Jun,16-Jun,6,7,0
Nashik,Nashik,Nashik,Malegaon,Nandgaon,20037448,"78 villages in Nandgaon, Malegaon and Deola talukas",Soygaon,1680,2,0,0,0,0,0,0,0.07,0,0,0,0,0,0,11-Jun,12-Jun,13-Jun,14-Jun,15-Jun,16-Jun,10-Jun,11-Jun,12-Jun,13-Jun,14-Jun,15-Jun,16-Jun,6,7,0
Nashik,Nashik,Nashik,Malegaon,Nandgaon,20037448,"78 villages in Nandgaon, Malegaon and Deola talukas",Yesgaon Bk,3698,2,1.3,1.37,0.86,0.35,1.04,0.92,32.47,35.29,36.92,23.16,9.52,28.2,24.86,11-Jun,12-Jun,13-Jun,14-Jun,15-Jun,16-Jun,10-Jun,11-Jun,12-Jun,13-Jun,14-Jun,15-Jun,16-Jun,0,7,0
Nashik,Nashik,Nashik,Malegaon,Nandgaon,20037448,"78 villages in Nandgaon, Malegaon and Deola talukas",Yesgaon Kh,2429,2,0,0,0,0,0,0,0,0,0,0,0,0,0,11-Jun,12-Jun,13-Jun,14-Jun,15-Jun,16-Jun,10-Jun,11-Jun,12-Jun,13-Jun,14-Jun,15-Jun,16-Jun,7,7,0
Nashik,Nashik,Nashik,Malegaon,Nandgaon,20037448,"78 villages in Nandgaon, Malegaon and Deola talukas",Wakhari,2400,2,0,0.47,0,0,0.47,0,19.55,0,19.54,0,0,19.39,0,11-Jun,12-Jun,13-Jun,14-Jun,15-Jun,16-Jun,10-Jun,11-Jun,12-Jun,13-Jun,14-Jun,15-Jun,16-Jun,4,7,0
Nashik,Nashik,Nashik,Sinnar,Sinnar,20019176,Retro. Bargaonpimpri & 6 VRWSS  Tal Sinnar,Pat Pimpri,4002,2,0,0,0,0.21,0,0,0,0,0,0.08,5.21,0.1,0,11-Jun,12-Jun,13-Jun,14-Jun,15-Jun,16-Jun,10-Jun,11-Jun,12-Jun,13-Jun,14-Jun,15-Jun,16-Jun,4,7,0
Nashik,Nashik,Nashik,Sinnar,Sinnar,20019176,Retro. Bargaonpimpri & 6 VRWSS  Tal Sinnar,Sunderpur,2212,2,1.07,0.7,1.69,0.04,0,1.05,0,48.25,31.71,76.45,1.69,0,47.36,11-Jun,12-Jun,13-Jun,14-Jun,15-Jun,16-Jun,10-Jun,11-Jun,12-Jun,13-Jun,14-Jun,15-Jun,16-Jun,2,6,1
Nashik,Nashik,Nashik,Sinnar,Sinnar,20019176,Retro. Bargaonpimpri & 6 VRWSS  Tal Sinnar,K.P Nagar,1078,1,0,0,0,0,0,0,0,0,0,0,0,0,0,11-Jun,12-Jun,13-Jun,14-Jun,15-Jun,16-Jun,10-Jun,11-Jun,12-Jun,13-Jun,14-Jun,15-Jun,16-Jun,7,7,0
Nashik,Nashik,Nashik,Sinnar,Sinnar,20019176,Retro. Bargaonpimpri & 6 VRWSS  Tal Sinnar,Nimgaon Sinnar,4811,3,0,0,0,0.02,0,0.43,0,0,0,0,0.43,0,9,11-Jun,12-Jun,13-Jun,14-Jun,15-Jun,16-Jun,10-Jun,11-Jun,12-Jun,13-Jun,14-Jun,15-Jun,16-Jun,4,7,0
Nashik,Nashik,Nashik,Sinnar,Sinnar,20019176,Retro. Bargaonpimpri & 6 VRWSS  Tal Sinnar,Hiwargaon,2497,3,0,0.08,0.04,0,0,0.14,0.99,0,3.4,1.56,0,0,5.62,11-Jun,12-Jun,13-Jun,14-Jun,15-Jun,16-Jun,10-Jun,11-Jun,12-Jun,13-Jun,14-Jun,15-Jun,16-Jun,3,7,0
Nashik,Nashik,Nashik,Sinnar,Sinnar,20019286,"Nirhale-Fatehpur and 5 villages, Tal. Sinnar",Nandur Shingote,6496,5,0.01,0.09,0.12,0.11,0.07,0,1.63,0.16,1.4,1.89,1.65,1.04,0.08,11-Jun,12-Jun,13-Jun,14-Jun,15-Jun,16-Jun,10-Jun,11-Jun,12-Jun,13-Jun,14-Jun,15-Jun,16-Jun,0,7,0
Nashik,Nashik,Nashik,Sinnar,Sinnar,20019286,"Nirhale-Fatehpur and 5 villages, Tal. Sinnar",Kankori,2427,2,0,0,0,0,0,0,0,0,0,0,0,0,0,11-Jun,12-Jun,13-Jun,14-Jun,15-Jun,16-Jun,10-Jun,11-Jun,12-Jun,13-Jun,14-Jun,15-Jun,16-Jun,7,7,0
Nashik,Nashik,Nashik,Sinnar,Sinnar,20019286,"Nirhale-Fatehpur and 5 villages, Tal. Sinnar",Manori,4139,2,0.37,0,0,0,0.36,0,0,8.96,0,0,0,8.62,0,11-Jun,12-Jun,13-Jun,14-Jun,15-Jun,16-Jun,10-Jun,11-Jun,12-Jun,13-Jun,14-Jun,15-Jun,16-Jun,5,7,0
Nashik,Nashik,Nashik,Sinnar,Sinnar,20019286,"Nirhale-Fatehpur and 5 villages, Tal. Sinnar",Marhal (Bk.),2934,1,0,0.29,0,0,0,0,0,0,9.92,0,0,0,0,11-Jun,12-Jun,13-Jun,14-Jun,15-Jun,16-Jun,10-Jun,11-Jun,12-Jun,13-Jun,14-Jun,15-Jun,16-Jun,6,7,0
Nashik,Nashik,Nashik,Nashik,Trambakeshwar,20017222,Waghera & 14 RRWSS Tal Trambakeshwar,Gorthan,621,1,0,0,0,0,0,0,0,0,0,0,0,0,0,11-Jun,12-Jun,13-Jun,14-Jun,15-Jun,16-Jun,10-Jun,11-Jun,12-Jun,13-Jun,14-Jun,15-Jun,16-Jun,7,7,0
Nashik,Nashik,Nashik,Nashik,Trambakeshwar,20017222,Waghera & 14 RRWSS Tal Trambakeshwar,Bramhanwade,1232,1,0,0,0,0,0,0,0,0,0,0,0,0,0,11-Jun,12-Jun,13-Jun,14-Jun,15-Jun,16-Jun,10-Jun,11-Jun,12-Jun,13-Jun,14-Jun,15-Jun,16-Jun,7,7,0
Nashik,Nashik,Nashik,Nashik,Peth,20083505,Surgane & 2 Vill RRWSS Tal.Peth,Surgane,1114,6,0,0,0.43,0,0,0,0,0,0.01,38.47,0,0,0,11-Jun,12-Jun,13-Jun,14-Jun,15-Jun,16-Jun,10-Jun,11-Jun,12-Jun,13-Jun,14-Jun,15-Jun,16-Jun,4,7,0
Nashik,Nashik,Nashik,Nashik,Trambakeshwar,20017222,Waghera & 14 RRWSS Tal Trambakeshwar,Waghera,3746,2,0.36,0,0.02,0.56,0.69,0.16,14.12,9.64,0,0.53,15.06,18.49,4.26,11-Jun,12-Jun,13-Jun,14-Jun,15-Jun,16-Jun,10-Jun,11-Jun,12-Jun,13-Jun,14-Jun,15-Jun,16-Jun,1,7,0
Nashik,Nashik,W M Nashik,W.M.Nashik,Nifad,20039258,Ozar-Sakore & 2 Villages,Ozar,86060,4,2.95,2.76,2.77,3.38,2.42,3.05,2.8,3.43,3.2,3.22,3.93,2.81,3.55,11-Jun,12-Jun,13-Jun,14-Jun,15-Jun,16-Jun,10-Jun,11-Jun,12-Jun,13-Jun,14-Jun,15-Jun,16-Jun,0,7,0
Nashik,Jalgaon,Jalgaon,Erandol,Chalisgaon,20053796,Dondigar-Rohini & 15 Villages WSS,Tambole,2918,2,0,0,0,0,0,0,0,0,0,0,0,0,0,11-Jun,12-Jun,13-Jun,14-Jun,15-Jun,16-Jun,10-Jun,11-Jun,12-Jun,13-Jun,14-Jun,15-Jun,16-Jun,7,7,0
Nashik,Jalgaon,Jalgaon,Erandol,Chalisgaon,20053796,Dondigar-Rohini & 15 Villages WSS,Bramhanshevga,2049,2,0,0,0,0,0,0,0,0,0,0,0,0,0,11-Jun,12-Jun,13-Jun,14-Jun,15-Jun,16-Jun,10-Jun,11-Jun,12-Jun,13-Jun,14-Jun,15-Jun,16-Jun,6,7,0
Nashik,Jalgaon,Jalgaon,Erandol,Chalisgaon,20053796,Dondigar-Rohini & 15 Villages WSS,Don Digar,3217,3,1.18,0.09,0.39,1.37,0.91,1.07,39.87,36.65,2.84,12.03,42.57,28.29,33.25,11-Jun,12-Jun,13-Jun,14-Jun,15-Jun,16-Jun,10-Jun,11-Jun,12-Jun,13-Jun,14-Jun,15-Jun,16-Jun,0,7,0
Nashik,Jalgaon,Jalgaon,Erandol,Chalisgaon,20053796,Dondigar-Rohini & 15 Villages WSS,Bilakhede,2691,2,1.25,0.12,1.03,0.54,0.53,0.7,19.64,46.57,4.6,38.41,20.02,19.67,25.83,11-Jun,12-Jun,13-Jun,14-Jun,15-Jun,16-Jun,10-Jun,11-Jun,12-Jun,13-Jun,14-Jun,15-Jun,16-Jun,0,7,0
Nashik,Jalgaon,Jalgaon,Erandol,Chalisgaon,20053796,Dondigar-Rohini & 15 Villages WSS,Rohini,2811,3,0,0,0.22,0.22,0.78,0.63,0.67,0,0,8,7.67,27.86,22.35,11-Jun,12-Jun,13-Jun,14-Jun,15-Jun,16-Jun,10-Jun,11-Jun,12-Jun,13-Jun,14-Jun,15-Jun,16-Jun,2,7,0
Nashik,Jalgaon,Jalgaon,Erandol,Chalisgaon,20053796,Dondigar-Rohini & 15 Villages WSS,Talegaon,3647,2,0,0,0,0,0,0,0,0,0,0,0,0,0,11-Jun,12-Jun,13-Jun,14-Jun,15-Jun,16-Jun,10-Jun,11-Jun,12-Jun,13-Jun,14-Jun,15-Jun,16-Jun,7,7,0
Nashik,Jalgaon,Jalgaon,Erandol,Chalisgaon,20053796,Dondigar-Rohini & 15 Villages WSS,Pimpalgaon,1709,2,0,0,0,0,0,0,0,0,0,0,0,0,0,11-Jun,12-Jun,13-Jun,14-Jun,15-Jun,16-Jun,10-Jun,11-Jun,12-Jun,13-Jun,14-Jun,15-Jun,16-Jun,7,7,0
Nashik,Jalgaon,Jalgaon,Erandol,Chalisgaon,20053796,Dondigar-Rohini & 15 Villages WSS,Pimpri Budruk,1804,2,0.65,1.54,0,0.01,0.02,1.17,0.44,35.89,85.19,0.03,0.33,1.08,65,11-Jun,12-Jun,13-Jun,14-Jun,15-Jun,16-Jun,10-Jun,11-Jun,12-Jun,13-Jun,14-Jun,15-Jun,16-Jun,0,5,2
Nashik,Jalgaon,Jalgaon,Erandol,Chalisgaon,20053796,Dondigar-Rohini & 15 Villages WSS,Khadki Bk.,3100,3,5.74,0.21,0.73,0.04,1.46,3.42,106.65,185.12,6.63,23.6,1.14,47.17,110.31,11-Jun,12-Jun,13-Jun,14-Jun,15-Jun,16-Jun,10-Jun,11-Jun,12-Jun,13-Jun,14-Jun,15-Jun,16-Jun,0,4,3
Nashik,Jalgaon,Jalgaon,Erandol,Chalisgaon,20053796,Dondigar-Rohini & 15 Villages WSS,Krushnanagar,2803,2,0.01,0,0,0,0,0,0.02,0.26,0,0,0,0,0,11-Jun,12-Jun,13-Jun,14-Jun,15-Jun,16-Jun,10-Jun,11-Jun,12-Jun,13-Jun,14-Jun,15-Jun,16-Jun,5,7,0
Nashik,Jalgaon,Jalgaon,Erandol,Chalisgaon,20053796,Dondigar-Rohini & 15 Villages WSS,Hatgaon,3573,2,0,0,0,0.03,0.01,0,0.03,0,0,0,0.7,0.24,0,11-Jun,12-Jun,13-Jun,14-Jun,15-Jun,16-Jun,10-Jun,11-Jun,12-Jun,13-Jun,14-Jun,15-Jun,16-Jun,4,7,0
Nashik,Jalgaon,Jalgaon,Erandol,Chalisgaon,20053796,Dondigar-Rohini & 15 Villages WSS,Hirapur,3925,3,0.55,0.22,0.34,0.48,0.79,0,11.99,14.03,5.58,8.6,12.23,20.12,0,11-Jun,12-Jun,13-Jun,14-Jun,15-Jun,16-Jun,10-Jun,11-Jun,12-Jun,13-Jun,14-Jun,15-Jun,16-Jun,1,7,0
Nashik,Jalgaon,Jalgaon,Erandol,Chalisgaon,20053796,Dondigar-Rohini & 15 Villages WSS,Karajgaon,1879,1,0,0,0,0,0,0.52,0,0,0,0,0,0,27.67,11-Jun,12-Jun,13-Jun,14-Jun,15-Jun,16-Jun,10-Jun,11-Jun,12-Jun,13-Jun,14-Jun,15-Jun,16-Jun,6,7,0
Nashik,Jalgaon,Jalgaon,Erandol,Dharangaon,20061165,Paldhi (bk& Kh) RR Tal DHARANGAON,Paldhi Bk.,9303,3,0,0,0,0,0,0,0,0,0,0,0,0,0,11-Jun,12-Jun,13-Jun,14-Jun,15-Jun,16-Jun,10-Jun,11-Jun,12-Jun,13-Jun,14-Jun,15-Jun,16-Jun,7,7,0
Nashik,Jalgaon,Jalgaon,Erandol,Dharangaon,20061165,Paldhi (bk& Kh) RR Tal DHARANGAON,Paldhi Kh.,12377,3,7.24,0,0,0,0,0,129.9,58.51,0,0,0,0,0,11-Jun,12-Jun,13-Jun,14-Jun,15-Jun,16-Jun,10-Jun,11-Jun,12-Jun,13-Jun,14-Jun,15-Jun,16-Jun,5,5,2
Nashik,Nashik,W M Nashik,W.M.Nashik,Dindori,20039676,Mulane & 3Villages RRWSS Tal. Dindori,Talegaon Vani,2106,4,0.01,0.01,0,0.01,0,0,0.02,0.32,0.4,0,0.35,0.17,0.13,11-Jun,12-Jun,13-Jun,14-Jun,15-Jun,16-Jun,10-Jun,11-Jun,12-Jun,13-Jun,14-Jun,15-Jun,16-Jun,1,7,0
Nashik,Nashik,W M Nashik,W.M.Nashik,Dindori,20039676,Mulane & 3Villages RRWSS Tal. Dindori,Babapur,964,1,0,0.42,0,0.35,0.34,0,0,0,43.39,0.14,36.35,35.69,0,11-Jun,12-Jun,13-Jun,14-Jun,15-Jun,16-Jun,10-Jun,11-Jun,12-Jun,13-Jun,14-Jun,15-Jun,16-Jun,3,7,0
Nashik,Nashik,W M Nashik,W.M.Nashik,Dindori,20039676,Mulane & 3Villages RRWSS Tal. Dindori,Mulane,1003,1,0,0,0,0,0,0,0,0.25,0,0,0,0,0,11-Jun,12-Jun,13-Jun,14-Jun,15-Jun,16-Jun,10-Jun,11-Jun,12-Jun,13-Jun,14-Jun,15-Jun,16-Jun,6,7,0
Nashik,Nashik,W M Nashik,W.M.Nashik,Dindori,20039676,Mulane & 3Villages RRWSS Tal. Dindori,Sangamner,1076,1,0,0,0,0.08,0,0,49.01,0,0,0,7.5,0,0,11-Jun,12-Jun,13-Jun,14-Jun,15-Jun,16-Jun,10-Jun,11-Jun,12-Jun,13-Jun,14-Jun,15-Jun,16-Jun,5,7,0
Nashik,Nashik,W M Nashik,W.M.Nashik,Dindori,20039258,Ozar-Sakore & 2 Villages,Janori,7926,1,2.78,3.09,2.96,2.71,2.74,2.95,39.6,35.04,38.93,37.36,34.25,34.55,37.21,11-Jun,12-Jun,13-Jun,14-Jun,15-Jun,16-Jun,10-Jun,11-Jun,12-Jun,13-Jun,14-Jun,15-Jun,16-Jun,0,7,0
Nashik,Nashik,W M Nashik,W.M.Nashik,Dindori,20039258,Ozar-Sakore & 2 Villages,Mohadi,5078,3,3.45,0.24,3.02,0,3.89,1.3,35.63,67.88,4.77,59.52,0,76.54,25.55,11-Jun,12-Jun,13-Jun,14-Jun,15-Jun,16-Jun,10-Jun,11-Jun,12-Jun,13-Jun,14-Jun,15-Jun,16-Jun,1,4,3
Nashik,Nashik,Nashik,Manmad,Yeola,20030798,Retrofitting To Yeola 38 Villages,Babulgaon Bk.,1774,1,4.25,4.56,0,0,0,0.87,49.22,49.22,49.22,49.22,49.22,49.22,49.22,11-Jun,12-Jun,13-Jun,14-Jun,15-Jun,16-Jun,10-Jun,11-Jun,12-Jun,13-Jun,14-Jun,15-Jun,16-Jun,0,7,0
Nashik,Ahmednagar,Ahmednagar,Ahmednagar,Nagar,20046296,Burhannagar & 45 Villages Retro RRWSS,Shendi,4865,3,0,0,0.09,0,0,0,19.88,0,0,1.78,0.09,0,0,11-Jun,12-Jun,13-Jun,14-Jun,15-Jun,16-Jun,10-Jun,11-Jun,12-Jun,13-Jun,14-Jun,15-Jun,16-Jun,4,7,0
Nashik,Ahmednagar,Ahmednagar,Ahmednagar,Nagar,20046296,Burhannagar & 45 Villages Retro RRWSS,Jeur,11087,2,0,0,0,0,0,0,0,0,0,0,0,0,0,11-Jun,12-Jun,13-Jun,14-Jun,15-Jun,16-Jun,10-Jun,11-Jun,12-Jun,13-Jun,14-Jun,15-Jun,16-Jun,7,7,0
Nashik,Ahmednagar,Ahmednagar,Ahmednagar,Nagar,20046296,Burhannagar & 45 Villages Retro RRWSS,Kapurwadi,5098,2,0,0,0,0,0,0,0,0,0,0,0,0,0,11-Jun,12-Jun,13-Jun,14-Jun,15-Jun,16-Jun,10-Jun,11-Jun,12-Jun,13-Jun,14-Jun,15-Jun,16-Jun,7,7,0
Nashik,Ahmednagar,Ahmednagar,Ahmednagar,Nagar,20046296,Burhannagar & 45 Villages Retro RRWSS,Sahapur Ketki,4243,3,4.19,3.41,1.55,2.5,4.2,2.69,159.46,98.66,80.45,36.63,58.97,98.89,63.3,11-Jun,12-Jun,13-Jun,14-Jun,15-Jun,16-Jun,10-Jun,11-Jun,12-Jun,13-Jun,14-Jun,15-Jun,16-Jun,0,1,6
Nashik,Ahmednagar,Ahmednagar,Ahmednagar,Nagar,20046296,Burhannagar & 45 Villages Retro RRWSS,Pimpalgaon Malvi,6581,5,1.2,1.25,1.05,1.38,1.18,1.23,20.23,18.16,19.01,15.92,20.95,17.96,18.67,11-Jun,12-Jun,13-Jun,14-Jun,15-Jun,16-Jun,10-Jun,11-Jun,12-Jun,13-Jun,14-Jun,15-Jun,16-Jun,0,7,0
Nashik,Ahmednagar,Ahmednagar,Ahmednagar,Nagar,20046296,Burhannagar & 45 Villages Retro RRWSS,Pimpalgaon Ujjaini,3527,2,0,0,0,0,0,0,0,0,0,0,0.01,0,0,11-Jun,12-Jun,13-Jun,14-Jun,15-Jun,16-Jun,10-Jun,11-Jun,12-Jun,13-Jun,14-Jun,15-Jun,16-Jun,6,7,0
Nashik,Ahmednagar,Ahmednagar,Ahmednagar,Nagar,20046296,Burhannagar & 45 Villages Retro RRWSS,Dhangarwadi,2389,2,0,0,0,0,0,0,0,0,0,0,0,0,0,11-Jun,12-Jun,13-Jun,14-Jun,15-Jun,16-Jun,10-Jun,11-Jun,12-Jun,13-Jun,14-Jun,15-Jun,16-Jun,7,7,0
Nashik,Ahmednagar,Ahmednagar,Ahmednagar,Nagar,20046296,Burhannagar & 45 Villages Retro RRWSS,Burhannagar,9485,4,13,10.79,11.56,12.71,12.98,10.34,133.12,137.02,113.79,121.88,134,136.81,109.03,11-Jun,12-Jun,13-Jun,14-Jun,15-Jun,16-Jun,10-Jun,11-Jun,12-Jun,13-Jun,14-Jun,15-Jun,16-Jun,0,0,7
Nashik,Ahmednagar,Ahmednagar,Ahmednagar,Nagar,20046296,Burhannagar & 45 Villages Retro RRWSS,Darewadi,15591,6,0,0,0,0.43,0,0,0,0,0,0,2.75,0,0,11-Jun,12-Jun,13-Jun,14-Jun,15-Jun,16-Jun,10-Jun,11-Jun,12-Jun,13-Jun,14-Jun,15-Jun,16-Jun,5,7,0
Nashik,Jalgaon,Jalgaon,Chopda,Chopda,20053731,Lasur and 9 villages RRWSS. Ta. Chopda,Lasur,10272,6,3.33,4.01,3.3,3.96,3.2,3.35,34.88,32.39,39.07,32.17,38.57,31.12,32.58,11-Jun,12-Jun,13-Jun,14-Jun,15-Jun,16-Jun,10-Jun,11-Jun,12-Jun,13-Jun,14-Jun,15-Jun,16-Jun,0,7,0
Nashik,Jalgaon,Jalgaon,Chopda,Chopda,20053731,Lasur and 9 villages RRWSS. Ta. Chopda,Majare Hingone,1501,2,1.63,0.84,0.43,1.06,1.17,1.25,105.52,108.42,56.21,28.42,70.94,78.01,83.15,11-Jun,12-Jun,13-Jun,14-Jun,15-Jun,16-Jun,10-Jun,11-Jun,12-Jun,13-Jun,14-Jun,15-Jun,16-Jun,0,1,6
Nashik,Jalgaon,Jalgaon,Chopda,Chopda,20053731,Lasur and 9 villages RRWSS. Ta. Chopda,Mamalde,3572,2,4.57,4.65,3.1,3.73,2.72,1.25,139.4,128.05,130.3,86.84,104.46,76.13,35.01,11-Jun,12-Jun,13-Jun,14-Jun,15-Jun,16-Jun,10-Jun,11-Jun,12-Jun,13-Jun,14-Jun,15-Jun,16-Jun,0,1,6
Nashik,Jalgaon,Jalgaon,Chopda,Chopda,20053731,Lasur and 9 villages RRWSS. Ta. Chopda,Galwade,910,1,0.51,0.83,0.89,0.7,0.64,0.71,77.81,55.94,91.38,97.48,77.08,70.51,77.78,11-Jun,12-Jun,13-Jun,14-Jun,15-Jun,16-Jun,10-Jun,11-Jun,12-Jun,13-Jun,14-Jun,15-Jun,16-Jun,0,0,7
Nashik,Jalgaon,Jalgaon,Chopda,Chopda,20053731,Lasur and 9 villages RRWSS. Ta. Chopda,Hatede Kh,3009,2,4.14,4.13,3.49,3.3,3.93,2.94,119.32,137.62,137.2,115.95,109.77,130.48,97.61,11-Jun,12-Jun,13-Jun,14-Jun,15-Jun,16-Jun,10-Jun,11-Jun,12-Jun,13-Jun,14-Jun,15-Jun,16-Jun,0,0,7
Nashik,Jalgaon,Jalgaon,Chopda,Chopda,20053731,Lasur and 9 villages RRWSS. Ta. Chopda,Kazipura,863,2,1.38,1.33,1.58,1.33,1.31,1.39,224,160.03,154.09,183.41,154.09,151.3,160.5,11-Jun,12-Jun,13-Jun,14-Jun,15-Jun,16-Jun,10-Jun,11-Jun,12-Jun,13-Jun,14-Jun,15-Jun,16-Jun,0,0,7
Nashik,Jalgaon,Jalgaon,Chopda,Chopda,20053731,Lasur and 9 villages RRWSS. Ta. Chopda,Chaugaon,2980,2,2.59,2.12,2.5,1.96,2.58,1.98,82.66,86.88,71.07,84.01,65.74,86.67,66.37,11-Jun,12-Jun,13-Jun,14-Jun,15-Jun,16-Jun,10-Jun,11-Jun,12-Jun,13-Jun,14-Jun,15-Jun,16-Jun,0,0,7
Nashik,Jalgaon,Jalgaon,Chopda,Chopda,20053731,Lasur and 9 villages RRWSS. Ta. Chopda,Chunchale,5224,2,4.09,3.67,1.79,3.47,2.25,0.68,85.2,78.28,70.31,34.23,66.46,43.06,13.04,11-Jun,12-Jun,13-Jun,14-Jun,15-Jun,16-Jun,10-Jun,11-Jun,12-Jun,13-Jun,14-Jun,15-Jun,16-Jun,0,3,4
Nashik,Jalgaon,Jalgaon,Chopda,Chopda,20053731,Lasur and 9 villages RRWSS. Ta. Chopda,Chahardi,15064,2,0,0,0,0,0,0,0,0,0,0,0,0,0,11-Jun,12-Jun,13-Jun,14-Jun,15-Jun,16-Jun,10-Jun,11-Jun,12-Jun,13-Jun,14-Jun,15-Jun,16-Jun,7,7,0
Nashik,Jalgaon,Jalgaon,Erandol,Jamner,20025401,Pahur Peth& Pahur Kasbe 2 Villages WSS Tal Jamner,Pahur Peth,13205,5,0.43,1.15,0.57,0.84,0,0,9.81,3.25,8.74,4.33,6.34,0,0,11-Jun,12-Jun,13-Jun,14-Jun,15-Jun,16-Jun,10-Jun,11-Jun,12-Jun,13-Jun,14-Jun,15-Jun,16-Jun,2,7,0
Nashik,Jalgaon,Jalgaon,Erandol,Jamner,20025401,Pahur Peth& Pahur Kasbe 2 Villages WSS Tal Jamner,Kharchane,615,1,2.03,0,0.04,1.33,0.02,0,222.69,330.14,0,5.8,216.87,2.91,0,11-Jun,12-Jun,13-Jun,14-Jun,15-Jun,16-Jun,10-Jun,11-Jun,12-Jun,13-Jun,14-Jun,15-Jun,16-Jun,2,4,3
Nashik,Jalgaon,Jalgaon,Erandol,Jamner,20025401,Pahur Peth& Pahur Kasbe 2 Villages WSS Tal Jamner,Pahur Kasbe,11162,6,0,0,0,0,0,0,0,0,0,0,0,0,0,11-Jun,12-Jun,13-Jun,14-Jun,15-Jun,16-Jun,10-Jun,11-Jun,12-Jun,13-Jun,14-Jun,15-Jun,16-Jun,7,7,0
Nashik,Ahmednagar,Ahmednagar,Newasa,Pathardi,20040662,"Retro.Miri-Tisgaon and 33 villages, Tal. Pathardi",Tisgaon,Unsupported Data Type,7,0.01,0,0,1.87,3.6,0.02,0,0,0,0,0,0,0,11-Jun,12-Jun,13-Jun,14-Jun,15-Jun,16-Jun,10-Jun,11-Jun,12-Jun,13-Jun,14-Jun,15-Jun,16-Jun,7,7,0
Nashik,Ahmednagar,Sangamner,Sangamner,Sangamner,7937337,"Retro.Nimon and 4 villages, Tal. Sangamner",hilllock,3954,6,9.19,9.14,7.69,8.23,9.25,6.51,3554.5,232.54,231.18,194.59,208.2,233.93,164.57,11-Jun,12-Jun,13-Jun,14-Jun,15-Jun,16-Jun,10-Jun,11-Jun,12-Jun,13-Jun,14-Jun,15-Jun,16-Jun,0,0,7
Nashik,Nashik,W M Nashik,Malegaon,Malegaon,20018682,Dhahiwal &25 Villages WSS Tal Malegaon,Nale,575,1,2.22,0.05,0,0,0,0,280.04,386.41,9.38,0,0,0,0,11-Jun,12-Jun,13-Jun,14-Jun,15-Jun,16-Jun,10-Jun,11-Jun,12-Jun,13-Jun,14-Jun,15-Jun,16-Jun,4,5,2
Nashik,Nashik,W M Nashik,Malegaon,Malegaon,20018682,Dhahiwal &25 Villages WSS Tal Malegaon,Hiswal,2038,1,0,0,0,0.02,0,0,87.59,0,0,0,1.16,0,0,11-Jun,12-Jun,13-Jun,14-Jun,15-Jun,16-Jun,10-Jun,11-Jun,12-Jun,13-Jun,14-Jun,15-Jun,16-Jun,4,6,1
Nashik,Nashik,W M Nashik,Malegaon,Malegaon,20018682,Dhahiwal &25 Villages WSS Tal Malegaon,Dahiwal,3362,2,0,14.54,0,0,0,0,0,0,432.46,0,0,0,0,11-Jun,12-Jun,13-Jun,14-Jun,15-Jun,16-Jun,10-Jun,11-Jun,12-Jun,13-Jun,14-Jun,15-Jun,16-Jun,6,6,1
Nashik,Nashik,W M Nashik,Malegaon,Malegaon,20018682,Dhahiwal &25 Villages WSS Tal Malegaon,Devarpada,3639,2,2.08,0,0,0,10.08,2.57,0,57.2,0,0,0,277.02,70.69,11-Jun,12-Jun,13-Jun,14-Jun,15-Jun,16-Jun,10-Jun,11-Jun,12-Jun,13-Jun,14-Jun,15-Jun,16-Jun,4,4,3
Nashik,Nashik,W M Nashik,Malegaon,Malegaon,20018682,Dhahiwal &25 Villages WSS Tal Malegaon,Sherul,2637,2,0,0,0,0.05,0,0,11.55,0,0,0,2.03,0,0,11-Jun,12-Jun,13-Jun,14-Jun,15-Jun,16-Jun,10-Jun,11-Jun,12-Jun,13-Jun,14-Jun,15-Jun,16-Jun,5,7,0
Nashik,Nashik,W M Nashik,Malegaon,Malegaon,20018682,Dhahiwal &25 Villages WSS Tal Malegaon,Shendurni,1323,2,0,0,0.93,0,0,0,490.76,0,0,70.5,0,0,0,11-Jun,12-Jun,13-Jun,14-Jun,15-Jun,16-Jun,10-Jun,11-Jun,12-Jun,13-Jun,14-Jun,15-Jun,16-Jun,5,5,2
Nashik,Nashik,W M Nashik,Malegaon,Malegaon,20018682,Dhahiwal &25 Villages WSS Tal Malegaon,Roze,1159,2,0,1.54,0,0,0,0,0.01,0,133.12,0,0,0,0,11-Jun,12-Jun,13-Jun,14-Jun,15-Jun,16-Jun,10-Jun,11-Jun,12-Jun,13-Jun,14-Jun,15-Jun,16-Jun,3,6,1
Nashik,Nashik,W M Nashik,Malegaon,Malegaon,20018579,Malmatha and 25 villages Ta. Malegaon,Astane,4436,3,2.49,4.38,0.02,5.33,7.69,1.73,125.7,56.08,98.73,0.51,120.09,173.26,38.91,11-Jun,12-Jun,13-Jun,14-Jun,15-Jun,16-Jun,10-Jun,11-Jun,12-Jun,13-Jun,14-Jun,15-Jun,16-Jun,0,2,5
Nashik,Nashik,W M Nashik,Malegaon,Malegaon,20018579,Malmatha and 25 villages Ta. Malegaon,Dahidi,2354,1,0.89,0.67,0.68,0.95,0.17,0.88,22.89,37.66,28.54,29.09,40.47,7.04,37.26,11-Jun,12-Jun,13-Jun,14-Jun,15-Jun,16-Jun,10-Jun,11-Jun,12-Jun,13-Jun,14-Jun,15-Jun,16-Jun,0,7,0
Nashik,Nashik,W M Nashik,Malegaon,Malegaon,20018579,Malmatha and 25 villages Ta. Malegaon,Dasane,1186,1,0.3,0.26,0.35,0.22,1.41,2.48,44.3,25.71,21.92,29.88,18.72,119.24,209.35,11-Jun,12-Jun,13-Jun,14-Jun,15-Jun,16-Jun,10-Jun,11-Jun,12-Jun,13-Jun,14-Jun,15-Jun,16-Jun,0,5,2
Nashik,Nashik,W M Nashik,Malegaon,Malegaon,20018682,Dhahiwal &25 Villages WSS Tal Malegaon,Bodhe,540,2,0,1.1,0,0,0,0,0,0,203.34,0,0,0,0,11-Jun,12-Jun,13-Jun,14-Jun,15-Jun,16-Jun,10-Jun,11-Jun,12-Jun,13-Jun,14-Jun,15-Jun,16-Jun,6,6,1
Nashik,Nashik,W M Nashik,Malegaon,Malegaon,20018579,Malmatha and 25 villages Ta. Malegaon,Lonwade,1505,1,0,0,0,1.01,5.12,0,0,0,0,0,66.9,340.15,0,11-Jun,12-Jun,13-Jun,14-Jun,15-Jun,16-Jun,10-Jun,11-Jun,12-Jun,13-Jun,14-Jun,15-Jun,16-Jun,5,5,2
Nashik,Jalgaon,Jalgaon,Erandol,Chalisgaon,20053796,Dondigar-Rohini & 15 Villages WSS,Andhari,1743,1,0.59,0,0,0.57,0,0,59.2,33.86,0,0,32.43,0,0,11-Jun,12-Jun,13-Jun,14-Jun,15-Jun,16-Jun,10-Jun,11-Jun,12-Jun,13-Jun,14-Jun,15-Jun,16-Jun,4,6,1
Nashik,Ahmednagar,Sangamner,Kopargaon,Rahata,20054877,Retro.Kelvad Bk.& 2 villages RRWSS. Ta.Rahta,Kelwad Bk,4840,2,0,0,0,0,0.48,0,0,0,0,0,0,10.01,0,11-Jun,12-Jun,13-Jun,14-Jun,15-Jun,16-Jun,10-Jun,11-Jun,12-Jun,13-Jun,14-Jun,15-Jun,16-Jun,6,7,0
Nashik,Ahmednagar,Sangamner,Kopargaon,Rahata,20054877,Retro.Kelvad Bk.& 2 villages RRWSS. Ta.Rahta,Kelwad Kd,5875,1,0,0,0,0,0,0,0,0,0,0,0,0,0,11-Jun,12-Jun,13-Jun,14-Jun,15-Jun,16-Jun,10-Jun,11-Jun,12-Jun,13-Jun,14-Jun,15-Jun,16-Jun,7,7,0
Nashik,Ahmednagar,Sangamner,Kopargaon,Rahata,417239,Retro Rui & Shingave R.R.W.S.S Tal Rahata,Rui,6426,5,3.61,410.86,518.18,576135.33,2251.37,287508.18,31.7,56.13,6393.75,8063.75,8965691.42,35035.26,4474139.18,11-Jun,12-Jun,13-Jun,14-Jun,15-Jun,16-Jun,10-Jun,11-Jun,12-Jun,13-Jun,14-Jun,15-Jun,16-Jun,0,1,6
Nagpur,Chandrapur,Chandrapur,Gadchiroli,Aheri,7890975,Allapalli-Nagapalli RR,Allapalli,14263,1,21.4,21.89,22.34,21.97,22.08,21.43,152.56,150.03,153.49,156.62,154.02,154.79,150.27,11-Jun,12-Jun,13-Jun,14-Jun,15-Jun,16-Jun,10-Jun,11-Jun,12-Jun,13-Jun,14-Jun,15-Jun,16-Jun,0,0,7
Nagpur,Chandrapur,Chandrapur,Gadchiroli,Aheri,7890975,Allapalli-Nagapalli RR,Nagepalli,4334,1,0,0,0,0,0,0,0,0,0,0,0,0,0,11-Jun,12-Jun,13-Jun,14-Jun,15-Jun,16-Jun,10-Jun,11-Jun,12-Jun,13-Jun,14-Jun,15-Jun,16-Jun,7,7,0
Nagpur,Chandrapur,Chandrapur,Pombhurna,Pombhurna,7928270,Pomnbhurna Grid & 15 Villages RR Retrofitting,Dewada Kh.,4792,2,0.31,0,1.31,1.15,1.46,1.25,0.01,6.56,0.02,27.34,24,30.53,26.07,11-Jun,12-Jun,13-Jun,14-Jun,15-Jun,16-Jun,10-Jun,11-Jun,12-Jun,13-Jun,14-Jun,15-Jun,16-Jun,0,7,0
Nagpur,Chandrapur,Chandrapur,Pombhurna,Pombhurna,7928270,Pomnbhurna Grid & 15 Villages RR Retrofitting,Futan,2204,1,0,0,0,0,0,0,0,0,0,0,0,0,0,11-Jun,12-Jun,13-Jun,14-Jun,15-Jun,16-Jun,10-Jun,11-Jun,12-Jun,13-Jun,14-Jun,15-Jun,16-Jun,7,7,0
Nagpur,Chandrapur,Chandrapur,Pombhurna,Pombhurna,7928270,Pomnbhurna Grid & 15 Villages RR Retrofitting,Chak Kosambi - 1,724,1,0,0,0,0,0,0,0,0,0,0,0,0,0,11-Jun,12-Jun,13-Jun,14-Jun,15-Jun,16-Jun,10-Jun,11-Jun,12-Jun,13-Jun,14-Jun,15-Jun,16-Jun,7,7,0
Nagpur,Chandrapur,Chandrapur,Pombhurna,Pombhurna,7928270,Pomnbhurna Grid & 15 Villages RR Retrofitting,Chak Navegaon,440,1,0,0,0,0,0,0,0,0,0,0,0,0,0,11-Jun,12-Jun,13-Jun,14-Jun,15-Jun,16-Jun,10-Jun,11-Jun,12-Jun,13-Jun,14-Jun,15-Jun,16-Jun,7,7,0
Nagpur,Chandrapur,Chandrapur,Pombhurna,Pombhurna,7928270,Pomnbhurna Grid & 15 Villages RR Retrofitting,Chek Thane Wasna,1700,1,0.04,0,0.04,0.55,0.51,0.29,2.78,2.3,0,2.46,32.41,30.18,17.27,11-Jun,12-Jun,13-Jun,14-Jun,15-Jun,16-Jun,10-Jun,11-Jun,12-Jun,13-Jun,14-Jun,15-Jun,16-Jun,1,7,0
Nagpur,Chandrapur,Chandrapur,Pombhurna,Pombhurna,7928270,Pomnbhurna Grid & 15 Villages RR Retrofitting,Borda Dixit,1008,1,0,0,0.23,0.33,0.38,0.32,35.8,0,0,22.42,32.43,38.18,31.64,11-Jun,12-Jun,13-Jun,14-Jun,15-Jun,16-Jun,10-Jun,11-Jun,12-Jun,13-Jun,14-Jun,15-Jun,16-Jun,2,7,0
Nagpur,Chandrapur,Chandrapur,Pombhurna,Pombhurna,7928270,Pomnbhurna Grid & 15 Villages RR Retrofitting,Chak Ghanoti - 1,868,1,0,0,0,0,0,0,0,0,0,0,0,0,0,11-Jun,12-Jun,13-Jun,14-Jun,15-Jun,16-Jun,10-Jun,11-Jun,12-Jun,13-Jun,14-Jun,15-Jun,16-Jun,7,7,0
Nagpur,Chandrapur,Chandrapur,Pombhurna,Pombhurna,7928270,Pomnbhurna Grid & 15 Villages RR Retrofitting,Chak Hattibodi,544,2,0,0,0,0,0,0,0,0,0,0,0,0,0,11-Jun,12-Jun,13-Jun,14-Jun,15-Jun,16-Jun,10-Jun,11-Jun,12-Jun,13-Jun,14-Jun,15-Jun,16-Jun,7,7,0
Nagpur,Chandrapur,Chandrapur,Pombhurna,Pombhurna,7928270,Pomnbhurna Grid & 15 Villages RR Retrofitting,Welwa,1548,2,0,0,0.68,0.67,0.34,0.74,0.65,0,0,43.72,43.28,21.76,47.52,11-Jun,12-Jun,13-Jun,14-Jun,15-Jun,16-Jun,10-Jun,11-Jun,12-Jun,13-Jun,14-Jun,15-Jun,16-Jun,2,7,0
Nagpur,Chandrapur,Chandrapur,Pombhurna,Pombhurna,7928270,Pomnbhurna Grid & 15 Villages RR Retrofitting,Rampur Dixit,680,1,0,0,0,0,0,0,0,0,0,0,0,0,0,11-Jun,12-Jun,13-Jun,14-Jun,15-Jun,16-Jun,10-Jun,11-Jun,12-Jun,13-Jun,14-Jun,15-Jun,16-Jun,7,7,0
Nagpur,Chandrapur,Chandrapur,Pombhurna,Pombhurna,7928270,Pomnbhurna Grid & 15 Villages RR Retrofitting,Selur Nagreddi,568,1,0,0,0,0,0,0,0,0,0,0,0,0,0,11-Jun,12-Jun,13-Jun,14-Jun,15-Jun,16-Jun,10-Jun,11-Jun,12-Jun,13-Jun,14-Jun,15-Jun,16-Jun,7,7,0
Nagpur,Chandrapur,Chandrapur,Pombhurna,Pombhurna,7928270,Pomnbhurna Grid & 15 Villages RR Retrofitting,Mohadi,3272,1,0.01,0,0,0,0,0,0,0.23,0,0,0,0,0,11-Jun,12-Jun,13-Jun,14-Jun,15-Jun,16-Jun,10-Jun,11-Jun,12-Jun,13-Jun,14-Jun,15-Jun,16-Jun,7,6,0
Nagpur,Chandrapur,Chandrapur,Pombhurna,Pombhurna,7928270,Pomnbhurna Grid & 15 Villages RR Retrofitting,Navegaon More,1680,1,0,0,0,0,0,0,0,0,0,0,0,0,0,11-Jun,12-Jun,13-Jun,14-Jun,15-Jun,16-Jun,10-Jun,11-Jun,12-Jun,13-Jun,14-Jun,15-Jun,16-Jun,7,7,0
Nagpur,Chandrapur,Chandrapur,Pombhurna,Pombhurna,7928270,Pomnbhurna Grid & 15 Villages RR Retrofitting,Jam Kh.,1480,2,0,0,0,0,0,0,15.35,0,0,0,0,0,0,11-Jun,12-Jun,13-Jun,14-Jun,15-Jun,16-Jun,10-Jun,11-Jun,12-Jun,13-Jun,14-Jun,15-Jun,16-Jun,7,6,0
Nagpur,Chandrapur,Chandrapur,Pombhurna,Pombhurna,7928270,Pomnbhurna Grid & 15 Villages RR Retrofitting,Jam Tukum,1172,1,0,0,0,0,0,0,0,0,0,0,0,0,0,11-Jun,12-Jun,13-Jun,14-Jun,15-Jun,16-Jun,10-Jun,11-Jun,12-Jun,13-Jun,14-Jun,15-Jun,16-Jun,7,7,0
Nagpur,Nagpur,Nagpur,Chandrapur,Saoali,20036500,Vyahad & 2 Village RR WSS,Samada Kh,524,2,0,0.78,0,0,0,0.74,192.18,0.02,149.31,0,0,0,141.7,11-Jun,12-Jun,13-Jun,14-Jun,15-Jun,16-Jun,10-Jun,11-Jun,12-Jun,13-Jun,14-Jun,15-Jun,16-Jun,4,3,3
Nagpur,Nagpur,Nagpur,Chandrapur,Saoali,20036500,Vyahad & 2 Village RR WSS,Vyahad(BK),4572,1,0,0,0,0,0,0,0,0,0,0,0,0,0,11-Jun,12-Jun,13-Jun,14-Jun,15-Jun,16-Jun,10-Jun,11-Jun,12-Jun,13-Jun,14-Jun,15-Jun,16-Jun,7,7,0
Nagpur,Chandrapur,Chandrapur,Chandrapur,Chandrapur,20050368,Chinchala and 7 Villages RR Water Supply Scheme,Wandhari,568,2,0,0,0,0,0,0,0,0,0,0,0,0,0,11-Jun,12-Jun,13-Jun,14-Jun,15-Jun,16-Jun,10-Jun,11-Jun,12-Jun,13-Jun,14-Jun,15-Jun,16-Jun,7,7,0
Nagpur,Chandrapur,Chandrapur,Chandrapur,Chandrapur,20050368,Chinchala and 7 Villages RR Water Supply Scheme,Vendli,936,2,0,0,0,0,0,0,0,0,0,0,0,0,0,11-Jun,12-Jun,13-Jun,14-Jun,15-Jun,16-Jun,10-Jun,11-Jun,12-Jun,13-Jun,14-Jun,15-Jun,16-Jun,7,7,0
Nagpur,Chandrapur,Chandrapur,Chandrapur,Chandrapur,20050368,Chinchala and 7 Villages RR Water Supply Scheme,Nagala,1356,2,0,0,0,0,0,0,0,0,0,0,0,0,0,11-Jun,12-Jun,13-Jun,14-Jun,15-Jun,16-Jun,10-Jun,11-Jun,12-Jun,13-Jun,14-Jun,15-Jun,16-Jun,7,7,0
Nagpur,Chandrapur,Chandrapur,Chandrapur,Chandrapur,20050368,Chinchala and 7 Villages RR Water Supply Scheme,Pipari,888,2,0,0,0,0,0,0,0,0,0,0,0,0,0,11-Jun,12-Jun,13-Jun,14-Jun,15-Jun,16-Jun,10-Jun,11-Jun,12-Jun,13-Jun,14-Jun,15-Jun,16-Jun,7,7,0
Nagpur,Chandrapur,Chandrapur,Chandrapur,Chandrapur,20050368,Chinchala and 7 Villages RR Water Supply Scheme,Sidur,1000,2,0,0,0,0,0,0,0,0,0,0,0,0,0,11-Jun,12-Jun,13-Jun,14-Jun,15-Jun,16-Jun,10-Jun,11-Jun,12-Jun,13-Jun,14-Jun,15-Jun,16-Jun,7,7,0
Nagpur,Chandrapur,Chandrapur,Chandrapur,Chandrapur,20050368,Chinchala and 7 Villages RR Water Supply Scheme,Dhanora,1564,4,1.52,2.32,1.91,1.54,1.19,7.35,0,97.19,148.34,122.12,98.47,76.09,469.95,11-Jun,12-Jun,13-Jun,14-Jun,15-Jun,16-Jun,10-Jun,11-Jun,12-Jun,13-Jun,14-Jun,15-Jun,16-Jun,1,1,6
Nagpur,Chandrapur,Chandrapur,Chandrapur,Chandrapur,20050368,Chinchala and 7 Villages RR Water Supply Scheme,Mahakurla,556,1,0,0,0,0,0,0,0,0,0,0,0,0,0,11-Jun,12-Jun,13-Jun,14-Jun,15-Jun,16-Jun,10-Jun,11-Jun,12-Jun,13-Jun,14-Jun,15-Jun,16-Jun,7,7,0
Nagpur,Chandrapur,Chandrapur,Chandrapur,Chandrapur,20050368,Chinchala and 7 Villages RR Water Supply Scheme,Chinchala,240,3,0,0,0,0,0,0,0,0,0,0,0,0,0,11-Jun,12-Jun,13-Jun,14-Jun,15-Jun,16-Jun,10-Jun,11-Jun,12-Jun,13-Jun,14-Jun,15-Jun,16-Jun,7,7,0
Nagpur,Nagpur,Chandrapur,Wardha,Wardha,7891298,Pipri Meghe and 13 villages RR WSS,Sawangi Meghe,16556,7,698.86,32.12,532.64,689.06,266.33,348.59,314.06,4221.19,193.99,3217.21,4161.97,1608.63,2105.52,11-Jun,12-Jun,13-Jun,14-Jun,15-Jun,16-Jun,10-Jun,11-Jun,12-Jun,13-Jun,14-Jun,15-Jun,16-Jun,0,0,7
Nagpur,Nagpur,Chandrapur,Wardha,Wardha,7891298,Pipri Meghe and 13 villages RR WSS,Pipri,2696,3,0,0.94,0,0,0.91,0,0,0,34.93,0,0,33.69,0,11-Jun,12-Jun,13-Jun,14-Jun,15-Jun,16-Jun,10-Jun,11-Jun,12-Jun,13-Jun,14-Jun,15-Jun,16-Jun,7,5,0
Nagpur,Nagpur,Chandrapur,Wardha,Wardha,7891298,Pipri Meghe and 13 villages RR WSS,Nalwadi,13540,4,0,8.47,0,11.79,9.69,9.94,71.84,0,62.54,0,87.11,71.55,73.41,11-Jun,12-Jun,13-Jun,14-Jun,15-Jun,16-Jun,10-Jun,11-Jun,12-Jun,13-Jun,14-Jun,15-Jun,16-Jun,2,2,5
Nagpur,Nagpur,Chandrapur,Wardha,Wardha,7891298,Pipri Meghe and 13 villages RR WSS,Waigaon,8896,4,0,0.05,0,927.9,126.15,157.06,5494.49,0.05,0.58,0.02,10430.53,1418.08,1765.55,11-Jun,12-Jun,13-Jun,14-Jun,15-Jun,16-Jun,10-Jun,11-Jun,12-Jun,13-Jun,14-Jun,15-Jun,16-Jun,3,0,4
Nagpur,Nagpur,Chandrapur,Wardha,Wardha,7891298,Pipri Meghe and 13 villages RR WSS,Varud,616,1,0,0,0.13,0.04,0,0.03,51.02,0.08,0,20.42,6.59,0.11,4.74,11-Jun,12-Jun,13-Jun,14-Jun,15-Jun,16-Jun,10-Jun,11-Jun,12-Jun,13-Jun,14-Jun,15-Jun,16-Jun,7,1,0
Nagpur,Nagpur,Chandrapur,Wardha,Wardha,7891298,Pipri Meghe and 13 villages RR WSS,Sotada,1608,1,2.74,0,0.04,3.03,1.63,0,137.44,170.4,0,2.49,188.43,101.37,0,11-Jun,12-Jun,13-Jun,14-Jun,15-Jun,16-Jun,10-Jun,11-Jun,12-Jun,13-Jun,14-Jun,15-Jun,16-Jun,3,2,4
Nagpur,Nagpur,Chandrapur,Wardha,Wardha,7891298,Pipri Meghe and 13 villages RR WSS,Sindhi Meghe,29844,6,3,0,0,0.58,0,0,0,10.05,0,0,1.94,0,0,11-Jun,12-Jun,13-Jun,14-Jun,15-Jun,16-Jun,10-Jun,11-Jun,12-Jun,13-Jun,14-Jun,15-Jun,16-Jun,7,5,0
Nagpur,Nagpur,Chandrapur,Wardha,Wardha,7891298,Pipri Meghe and 13 villages RR WSS,Masala,548,2,5.84,7.47,23.24,8.95,6.76,10.06,1433.37,1065.69,1363.14,4240.01,1634.07,1233.58,1835.77,11-Jun,12-Jun,13-Jun,14-Jun,15-Jun,16-Jun,10-Jun,11-Jun,12-Jun,13-Jun,14-Jun,15-Jun,16-Jun,0,0,7
Nagpur,Nagpur,Chandrapur,Wardha,Wardha,7891298,Pipri Meghe and 13 villages RR WSS,Karla,2332,1,0.65,0.86,3.38,5.09,2.77,0.99,305.74,27.79,36.74,145.05,218.43,118.92,42.45,11-Jun,12-Jun,13-Jun,14-Jun,15-Jun,16-Jun,10-Jun,11-Jun,12-Jun,13-Jun,14-Jun,15-Jun,16-Jun,3,0,4
Nagpur,Nagpur,Chandrapur,Wardha,Wardha,7891298,Pipri Meghe and 13 villages RR WSS,Borgaon,688,3,0,1.49,23.4,15.35,0.89,0.32,87.97,0,215.97,3401.19,2231.14,128.86,46.87,11-Jun,12-Jun,13-Jun,14-Jun,15-Jun,16-Jun,10-Jun,11-Jun,12-Jun,13-Jun,14-Jun,15-Jun,16-Jun,2,1,5
Nagpur,Nagpur,Chandrapur,Wardha,Wardha,7891298,Pipri Meghe and 13 villages RR WSS,Alodi,9328,3,0,0,0,0,0,0,0,0,0,0,0,0,0,11-Jun,12-Jun,13-Jun,14-Jun,15-Jun,16-Jun,10-Jun,11-Jun,12-Jun,13-Jun,14-Jun,15-Jun,16-Jun,7,7,0
Nagpur,Nagpur,Chandrapur,Gadchiroli,Chamorshi,2009882,Ghot RRWSS,Navegaon,645,1,0,0,0,0,0,0,0,0,0,0,0,0,0,11-Jun,12-Jun,13-Jun,14-Jun,15-Jun,16-Jun,10-Jun,11-Jun,12-Jun,13-Jun,14-Jun,15-Jun,16-Jun,7,7,0
Nagpur,Nagpur,Chandrapur,Gadchiroli,Chamorshi,2009882,Ghot RRWSS,Ghot,4218,2,0.07,0,0.17,0,0.05,0.11,1.67,1.67,0,4.13,0,1.24,2.73,11-Jun,12-Jun,13-Jun,14-Jun,15-Jun,16-Jun,10-Jun,11-Jun,12-Jun,13-Jun,14-Jun,15-Jun,16-Jun,7,2,0
Nagpur,Nagpur,Gondia,Sakoli,Sakoli-Lakhani,20022100,Sakoli Lakhani RR Retrofitting,Rengepar,1581,1,0,0,0,0,0,0,0,0,0,0,0,0,0,11-Jun,12-Jun,13-Jun,14-Jun,15-Jun,16-Jun,10-Jun,11-Jun,12-Jun,13-Jun,14-Jun,15-Jun,16-Jun,7,7,0
Nagpur,Nagpur,Gondia,Sakoli,Sakoli-Lakhani,20022100,Sakoli Lakhani RR Retrofitting,Gadegaon,3072,2,0,0,0.96,0.95,0.86,0,0,0,0,31.25,30.92,27.99,0,11-Jun,12-Jun,13-Jun,14-Jun,15-Jun,16-Jun,10-Jun,11-Jun,12-Jun,13-Jun,14-Jun,15-Jun,16-Jun,7,4,0
Nagpur,Nagpur,Gondia,Sadak Arjuni,Sadak Arjuni,20016939,Putali RR WSS Retrofitting,Kanharpayli,1487,1,0,0,0,0,0,0,0,0,0,0,0,0,0,11-Jun,12-Jun,13-Jun,14-Jun,15-Jun,16-Jun,10-Jun,11-Jun,12-Jun,13-Jun,14-Jun,15-Jun,16-Jun,7,7,0
Nagpur,Nagpur,Gondia,Bhandara,Sakoli,631335,Ghanod RR Retrofitting,Ghanod,2280,2,0,0,0,0,0,0,0,0,0,0,0,0,0,11-Jun,12-Jun,13-Jun,14-Jun,15-Jun,16-Jun,10-Jun,11-Jun,12-Jun,13-Jun,14-Jun,15-Jun,16-Jun,7,7,0
Nagpur,Nagpur,Gondia,Bhandara,Sakoli,631335,Ghanod RR Retrofitting,Bampewada,10254,1,0,0,0,0,0,0,0,0,0,0,0,0,0,11-Jun,12-Jun,13-Jun,14-Jun,15-Jun,16-Jun,10-Jun,11-Jun,12-Jun,13-Jun,14-Jun,15-Jun,16-Jun,7,7,0
Nagpur,Chandrapur,Chandrapur,Gadchiroli,Korpana,20050391,Nimani & 5 Villages RR Water Supply Scheme,Nandgaon,Unsupported Data Type,2,0,0,0,0,0,0,,0,0,0,0,0,0,11-Jun,12-Jun,13-Jun,14-Jun,15-Jun,16-Jun,10-Jun,11-Jun,12-Jun,13-Jun,14-Jun,15-Jun,16-Jun,6,6,0
Nagpur,Chandrapur,Chandrapur,Gadchiroli,Korpana,20050391,Nimani & 5 Villages RR Water Supply Scheme,Nimni,1583,1,0.71,0.52,0.59,0.12,0.71,0.59,0,45.11,32.91,37.25,7.73,44.89,37.17,11-Jun,12-Jun,13-Jun,14-Jun,15-Jun,16-Jun,10-Jun,11-Jun,12-Jun,13-Jun,14-Jun,15-Jun,16-Jun,7,1,0
Nagpur,Chandrapur,Chandrapur,Gadchiroli,Korpana,20050391,Nimani & 5 Villages RR Water Supply Scheme,Talodhi,1180,2,0.05,0.04,0.13,0.11,0.08,0.09,3.39,4.34,3.48,10.72,9.5,6.97,7.3,11-Jun,12-Jun,13-Jun,14-Jun,15-Jun,16-Jun,10-Jun,11-Jun,12-Jun,13-Jun,14-Jun,15-Jun,16-Jun,7,0,0
Nagpur,Chandrapur,Chandrapur,Gadchiroli,Korpana,20050391,Nimani & 5 Villages RR Water Supply Scheme,Hirapur,1067,1,0.14,0.26,0.05,0.24,0.2,0.24,21.29,13.04,24.35,5.09,22.36,19.17,22.19,11-Jun,12-Jun,13-Jun,14-Jun,15-Jun,16-Jun,10-Jun,11-Jun,12-Jun,13-Jun,14-Jun,15-Jun,16-Jun,7,0,0
Nagpur,Chandrapur,Chandrapur,Gadchiroli,Korpana,20050391,Nimani & 5 Villages RR Water Supply Scheme,Kawathala,2098,2,0.35,0.42,0,0.77,0.62,0.67,0,16.81,19.83,0.12,36.76,29.72,31.76,11-Jun,12-Jun,13-Jun,14-Jun,15-Jun,16-Jun,10-Jun,11-Jun,12-Jun,13-Jun,14-Jun,15-Jun,16-Jun,7,1,0
Nagpur,Nagpur,Chandrapur,Chandrapur,Chimur,20036536,Bothali & 7 Village RR WSS,Kesarwari,429,1,0.15,0.29,0,0.04,0,0.3,52.52,34.13,68.29,0,9.8,0,68.88,11-Jun,12-Jun,13-Jun,14-Jun,15-Jun,16-Jun,10-Jun,11-Jun,12-Jun,13-Jun,14-Jun,15-Jun,16-Jun,5,2,2
Nagpur,Nagpur,Chandrapur,Chandrapur,Chimur,20036536,Bothali & 7 Village RR WSS,Hirapur,1793,1,0,0.36,0.35,0.18,0.29,0.43,24.54,0,20.24,19.79,10.06,15.94,23.92,11-Jun,12-Jun,13-Jun,14-Jun,15-Jun,16-Jun,10-Jun,11-Jun,12-Jun,13-Jun,14-Jun,15-Jun,16-Jun,7,1,0
Nagpur,Nagpur,Chandrapur,Chandrapur,Chimur,20036536,Bothali & 7 Village RR WSS,Chichbodi,1436,1,0,0.96,0.46,0.95,0.99,0.94,73.98,0,66.84,32.11,66.13,69.28,65.47,11-Jun,12-Jun,13-Jun,14-Jun,15-Jun,16-Jun,10-Jun,11-Jun,12-Jun,13-Jun,14-Jun,15-Jun,16-Jun,2,1,5
Nagpur,Nagpur,Chandrapur,Chandrapur,Chimur,20036536,Bothali & 7 Village RR WSS,Rajoli Chak,377,1,0.57,2.51,1.41,2.67,2.92,1.98,751.42,152.32,665.75,374.79,707.51,775.57,525.93,11-Jun,12-Jun,13-Jun,14-Jun,15-Jun,16-Jun,10-Jun,11-Jun,12-Jun,13-Jun,14-Jun,15-Jun,16-Jun,0,0,7
Nagpur,Nagpur,Chandrapur,Chandrapur,Chimur,20036536,Bothali & 7 Village RR WSS,Rajoli Fall,824,1,0,0,0,0.01,0.02,0.03,0.01,0,0,0,0.9,2,3.69,11-Jun,12-Jun,13-Jun,14-Jun,15-Jun,16-Jun,10-Jun,11-Jun,12-Jun,13-Jun,14-Jun,15-Jun,16-Jun,7,3,0
Nagpur,Nagpur,Chandrapur,Chandrapur,Chimur,20036536,Bothali & 7 Village RR WSS,Malpiranji,469,1,0,0,0,0,0,0,0,0,0,0,0,0,0,11-Jun,12-Jun,13-Jun,14-Jun,15-Jun,16-Jun,10-Jun,11-Jun,12-Jun,13-Jun,14-Jun,15-Jun,16-Jun,7,7,0
Nagpur,Nagpur,Chandrapur,Chandrapur,Chimur,20036536,Bothali & 7 Village RR WSS,Chak Piranji,1771,1,0,0,0,0,0,0,0,0,0,0,0,0,0,11-Jun,12-Jun,13-Jun,14-Jun,15-Jun,16-Jun,10-Jun,11-Jun,12-Jun,13-Jun,14-Jun,15-Jun,16-Jun,7,7,0
Nagpur,Nagpur,Chandrapur,Chandrapur,Chimur,20036536,Bothali & 7 Village RR WSS,Bothali,2250,1,0,0,0,0,0,0,0,0,0,0,0,0,0,11-Jun,12-Jun,13-Jun,14-Jun,15-Jun,16-Jun,10-Jun,11-Jun,12-Jun,13-Jun,14-Jun,15-Jun,16-Jun,7,7,0
Nagpur,Nagpur,Chandrapur,Chandrapur,Mul,20036862,Bor Chandli 5 Village RR WSS,Pipari (Dixit),1207,1,1.76,2.08,1.85,3.26,2.36,2.82,269.8,145.92,172.57,153.26,270.3,195.64,233.6,11-Jun,12-Jun,13-Jun,14-Jun,15-Jun,16-Jun,10-Jun,11-Jun,12-Jun,13-Jun,14-Jun,15-Jun,16-Jun,0,0,7
Nagpur,Nagpur,Chandrapur,Chandrapur,Mul,20036862,Bor Chandli 5 Village RR WSS,Chak Bembal,345,1,0,0,0,0,0,0,0,0,0,0,0,0,0,11-Jun,12-Jun,13-Jun,14-Jun,15-Jun,16-Jun,10-Jun,11-Jun,12-Jun,13-Jun,14-Jun,15-Jun,16-Jun,7,7,0
Nagpur,Nagpur,Chandrapur,Chandrapur,Mul,20036862,Bor Chandli 5 Village RR WSS,Yergaon,2061,1,3.72,0,0.99,0.81,1.55,0.86,38.6,180.65,0,48.1,39.16,75.26,41.71,11-Jun,12-Jun,13-Jun,14-Jun,15-Jun,16-Jun,10-Jun,11-Jun,12-Jun,13-Jun,14-Jun,15-Jun,16-Jun,5,1,2
Nagpur,Nagpur,Chandrapur,Chandrapur,Mul,20036862,Bor Chandli 5 Village RR WSS,Virai,1720,1,0.1,0.06,0.28,0.12,0.36,0.24,12.95,5.92,3.69,16.49,6.72,21.02,13.81,11-Jun,12-Jun,13-Jun,14-Jun,15-Jun,16-Jun,10-Jun,11-Jun,12-Jun,13-Jun,14-Jun,15-Jun,16-Jun,7,0,0
Nagpur,Nagpur,Chandrapur,Chandrapur,Mul,20036862,Bor Chandli 5 Village RR WSS,Sintala,1092,1,0,0,0,0,0,0,0,0,0,0,0,0,0,11-Jun,12-Jun,13-Jun,14-Jun,15-Jun,16-Jun,10-Jun,11-Jun,12-Jun,13-Jun,14-Jun,15-Jun,16-Jun,7,7,0
Nagpur,Nagpur,Nagpur,Chandrapur,Saoali,20036500,Vyahad & 2 Village RR WSS,Kondekhal,556,2,0.16,0.25,0,0,0,0.28,10.99,29.09,44.17,0.03,0.06,0.05,51.03,11-Jun,12-Jun,13-Jun,14-Jun,15-Jun,16-Jun,10-Jun,11-Jun,12-Jun,13-Jun,14-Jun,15-Jun,16-Jun,7,0,0
Nagpur,Nagpur,Nagpur,Nagpur,Kamptee,7940695,Bidgaon Tarodi wss,Bidgaon,16860,2,9.77,8.7,9.85,10.09,10.81,11.32,49.4,57.97,51.6,58.45,59.84,64.12,67.14,11-Jun,12-Jun,13-Jun,14-Jun,15-Jun,16-Jun,10-Jun,11-Jun,12-Jun,13-Jun,14-Jun,15-Jun,16-Jun,2,0,5
Nagpur,Nagpur,Gondia,Sakoli,Sakoli-Lakhani,20022100,Sakoli Lakhani RR Retrofitting,Lakhori,2751,1,0,0,1.41,0,0,0,0,0,0,51.27,0,0,0,11-Jun,12-Jun,13-Jun,14-Jun,15-Jun,16-Jun,10-Jun,11-Jun,12-Jun,13-Jun,14-Jun,15-Jun,16-Jun,7,6,0
Nagpur,Nagpur,Gondia,Bhandara,Tumsar,631010,Gobarwahi RR Retrofitting,Ronga,1821,2,0,0,0,0,0,0,0,0,0,0,0,0,0,11-Jun,12-Jun,13-Jun,14-Jun,15-Jun,16-Jun,10-Jun,11-Jun,12-Jun,13-Jun,14-Jun,15-Jun,16-Jun,7,7,0
Nagpur,Nagpur,Gondia,Bhandara,Tumsar,631010,Gobarwahi RR Retrofitting,Pitesur,1994,1,0,0,0,0,0,0,0,0,0,0,0,0,0,11-Jun,12-Jun,13-Jun,14-Jun,15-Jun,16-Jun,10-Jun,11-Jun,12-Jun,13-Jun,14-Jun,15-Jun,16-Jun,7,7,0
Nagpur,Nagpur,Gondia,Bhandara,Tumsar,631010,Gobarwahi RR Retrofitting,Pawnara,1187,1,4.4,4.58,4.42,4.18,3.9,2.49,392.59,370.68,385.85,372.37,352.15,328.56,209.94,11-Jun,12-Jun,13-Jun,14-Jun,15-Jun,16-Jun,10-Jun,11-Jun,12-Jun,13-Jun,14-Jun,15-Jun,16-Jun,0,0,7
Nagpur,Nagpur,Gondia,Bhandara,Tumsar,20017217,Dewadi RR WSS,Khapa,3087,1,298.72,296.6,0,421.14,0,323.75,9586.98,9676.71,9608.03,0,13642.37,0,10487.53,11-Jun,12-Jun,13-Jun,14-Jun,15-Jun,16-Jun,10-Jun,11-Jun,12-Jun,13-Jun,14-Jun,15-Jun,16-Jun,2,2,5
Nagpur,Nagpur,Gondia,Bhandara,Tumsar,20017217,Dewadi RR WSS,Hasara,2638,1,11.36,11.29,4.94,5.82,8.38,11.89,196.36,430.63,427.98,187.26,220.62,317.66,450.72,11-Jun,12-Jun,13-Jun,14-Jun,15-Jun,16-Jun,10-Jun,11-Jun,12-Jun,13-Jun,14-Jun,15-Jun,16-Jun,0,0,7
Nagpur,Nagpur,Gondia,Bhandara,Tumsar,20017217,Dewadi RR WSS,Dhorwada,1144,1,394.14,437.49,475.29,484.9,679.52,425.87,29338.29,34452.8,38242.13,41546.33,42386.36,59398.6,37226.4,11-Jun,12-Jun,13-Jun,14-Jun,15-Jun,16-Jun,10-Jun,11-Jun,12-Jun,13-Jun,14-Jun,15-Jun,16-Jun,0,0,7
Nagpur,Nagpur,Gondia,Bhandara,Tumsar,20017217,Dewadi RR WSS,Stationtoli,1320,1,600.04,573.42,532.08,545.45,236.32,475.31,27680.3,45457.58,43440.91,40309.09,41321.97,17903.03,36008.33,11-Jun,12-Jun,13-Jun,14-Jun,15-Jun,16-Jun,10-Jun,11-Jun,12-Jun,13-Jun,14-Jun,15-Jun,16-Jun,0,0,7
Nagpur,Nagpur,Gondia,Bhandara,Tumsar,20017217,Dewadi RR WSS,Paraswada,1400,2,407.06,836.94,716.92,0,705.46,659.64,27103.57,29075.71,59781.43,51208.57,0,50390,47117.14,11-Jun,12-Jun,13-Jun,14-Jun,15-Jun,16-Jun,10-Jun,11-Jun,12-Jun,13-Jun,14-Jun,15-Jun,16-Jun,1,1,6
Nagpur,Nagpur,Gondia,Bhandara,Tumsar,20017217,Dewadi RR WSS,Mangli,1558,1,504.04,506.97,509.61,555.75,518.66,506.83,32290.76,32351.73,32539.79,32709.24,35670.73,33290.12,32530.81,11-Jun,12-Jun,13-Jun,14-Jun,15-Jun,16-Jun,10-Jun,11-Jun,12-Jun,13-Jun,14-Jun,15-Jun,16-Jun,0,0,7
Nagpur,Nagpur,Gondia,Bhandara,Tumsar,631010,Gobarwahi RR Retrofitting,Chikhali,1541,1,0,0,0,0,0,0,0,0,0,0,0,0,0,11-Jun,12-Jun,13-Jun,14-Jun,15-Jun,16-Jun,10-Jun,11-Jun,12-Jun,13-Jun,14-Jun,15-Jun,16-Jun,7,7,0
Nagpur,Nagpur,Gondia,Bhandara,Tumsar,631010,Gobarwahi RR Retrofitting,Chicholi,2212,1,0,1.49,1.26,1.22,1.24,1.49,0,0,67.36,56.96,55.15,56.06,67.36,11-Jun,12-Jun,13-Jun,14-Jun,15-Jun,16-Jun,10-Jun,11-Jun,12-Jun,13-Jun,14-Jun,15-Jun,16-Jun,2,2,5
Nagpur,Nagpur,Gondia,Bhandara,Tumsar,631010,Gobarwahi RR Retrofitting,Alesur,928,2,0,0,0,0,0,0,0,0,0,0,0,0,0,11-Jun,12-Jun,13-Jun,14-Jun,15-Jun,16-Jun,10-Jun,11-Jun,12-Jun,13-Jun,14-Jun,15-Jun,16-Jun,7,7,0
Nagpur,Nagpur,Gondia,Bhandara,Tumsar,631010,Gobarwahi RR Retrofitting,Paunarkhari,2526,1,0.7,0.18,0.65,0.39,0.61,0.39,9.11,27.71,7.13,25.73,15.44,24.15,15.44,11-Jun,12-Jun,13-Jun,14-Jun,15-Jun,16-Jun,10-Jun,11-Jun,12-Jun,13-Jun,14-Jun,15-Jun,16-Jun,7,0,0
Nagpur,Nagpur,Gondia,Bhandara,Tumsar,631010,Gobarwahi RR Retrofitting,Dongri Bk.,5014,1,50.21,58.92,58.33,53.9,52.5,60.27,1020.27,1001.46,1175.2,1163.27,1074.91,1047.06,1202.07,11-Jun,12-Jun,13-Jun,14-Jun,15-Jun,16-Jun,10-Jun,11-Jun,12-Jun,13-Jun,14-Jun,15-Jun,16-Jun,0,0,7
Nagpur,Nagpur,Gondia,Bhandara,Tumsar,631010,Gobarwahi RR Retrofitting,Deonara,648,1,0,0,0,0,0,0,0,0,0,0,0,0,0,11-Jun,12-Jun,13-Jun,14-Jun,15-Jun,16-Jun,10-Jun,11-Jun,12-Jun,13-Jun,14-Jun,15-Jun,16-Jun,7,7,0
Nagpur,Nagpur,Nagpur,Nagpur,Kamptee,7940695,Bidgaon Tarodi wss,Tarodi Kh.,7830,2,13.04,13.99,13.8,14.04,12.92,11.77,173.33,166.5,178.71,176.22,179.27,165.06,150.26,11-Jun,12-Jun,13-Jun,14-Jun,15-Jun,16-Jun,10-Jun,11-Jun,12-Jun,13-Jun,14-Jun,15-Jun,16-Jun,0,0,7
Nagpur,Nagpur,Gondia,Sadak Arjuni,Sadak Arjuni,20016939,Putali RR WSS Retrofitting,Rengepar,1581,1,0,0,0,0,0,0,0,0,0,0,0,0,0,11-Jun,12-Jun,13-Jun,14-Jun,15-Jun,16-Jun,10-Jun,11-Jun,12-Jun,13-Jun,14-Jun,15-Jun,16-Jun,7,7,0
Nagpur,Nagpur,Gondia,Sadak Arjuni,Sadak Arjuni,20016939,Putali RR WSS Retrofitting,Mohgata,189,1,0,0,0,0,0,0,0,0,0,0,0,0,0,11-Jun,12-Jun,13-Jun,14-Jun,15-Jun,16-Jun,10-Jun,11-Jun,12-Jun,13-Jun,14-Jun,15-Jun,16-Jun,7,7,0
Nagpur,Nagpur,Gondia,Sadak Arjuni,Sadak Arjuni,20016939,Putali RR WSS Retrofitting,Koylari,1575,1,0,0,0,0,0,0,0,0,0,0,0,0,0,11-Jun,12-Jun,13-Jun,14-Jun,15-Jun,16-Jun,10-Jun,11-Jun,12-Jun,13-Jun,14-Jun,15-Jun,16-Jun,7,7,0
Nagpur,Nagpur,Gondia,Sadak Arjuni,Sadak Arjuni,20016939,Putali RR WSS Retrofitting,Kohalipar,126,1,0,0,0,0,0,0,0,0,0,0,0,0,0,11-Jun,12-Jun,13-Jun,14-Jun,15-Jun,16-Jun,10-Jun,11-Jun,12-Jun,13-Jun,14-Jun,15-Jun,16-Jun,7,7,0
Nagpur,Nagpur,Gondia,Sadak Arjuni,Sadak Arjuni,20016939,Putali RR WSS Retrofitting,Dalli,1606,1,0,0,0,0,0,0,0,0,0,0,0,0,0,11-Jun,12-Jun,13-Jun,14-Jun,15-Jun,16-Jun,10-Jun,11-Jun,12-Jun,13-Jun,14-Jun,15-Jun,16-Jun,7,7,0
Nagpur,Nagpur,Gondia,Sadak Arjuni,Sadak Arjuni,20016939,Putali RR WSS Retrofitting,Ushikheda,710,1,0,0,0,0,0,0,0,0,0,0,0,0,0,11-Jun,12-Jun,13-Jun,14-Jun,15-Jun,16-Jun,10-Jun,11-Jun,12-Jun,13-Jun,14-Jun,15-Jun,16-Jun,7,7,0
Nagpur,Nagpur,Chandrapur,Gadchiroli,Chamorshi,2009882,Ghot RRWSS,Nikatwada,1455,1,0.02,0.11,0.16,0,0.11,0,0.31,1.29,7.32,10.94,0,7.59,0,11-Jun,12-Jun,13-Jun,14-Jun,15-Jun,16-Jun,10-Jun,11-Jun,12-Jun,13-Jun,14-Jun,15-Jun,16-Jun,7,2,0
Nagpur,Nagpur,Gondia,Gondia,Gondia,2003645,Kudwa-Katangikala Peri Urban RR,Kudwa,20000,3,0,0,0,0,0,0,0,0,0,0,0,0,0,11-Jun,12-Jun,13-Jun,14-Jun,15-Jun,16-Jun,10-Jun,11-Jun,12-Jun,13-Jun,14-Jun,15-Jun,16-Jun,7,7,0
Nagpur,Nagpur,Gondia,Gondia,Gondia,2003645,Kudwa-Katangikala Peri Urban RR,Katangikala,6640,2,2.53,3.91,2.44,4.04,3.71,2.72,48,38.07,58.94,36.75,60.9,55.87,41.03,11-Jun,12-Jun,13-Jun,14-Jun,15-Jun,16-Jun,10-Jun,11-Jun,12-Jun,13-Jun,14-Jun,15-Jun,16-Jun,4,0,3
Nagpur,Nagpur,Nagpur,Nagpur,Hingna,20009650,Waddhmna WSS,Waddhmna,5904,7,3.86,3.54,4.11,4.12,4.18,3.15,73,65.38,59.96,69.61,69.78,70.8,53.35,11-Jun,12-Jun,13-Jun,14-Jun,15-Jun,16-Jun,10-Jun,11-Jun,12-Jun,13-Jun,14-Jun,15-Jun,16-Jun,1,0,6
Nagpur,Nagpur,Gondia,Sakoli,Sakoli-Lakhani,20022100,Sakoli Lakhani RR Retrofitting,Pohara,5000,1,0,0,0,0,0,0,0,0,0,0,0,0,0,11-Jun,12-Jun,13-Jun,14-Jun,15-Jun,16-Jun,10-Jun,11-Jun,12-Jun,13-Jun,14-Jun,15-Jun,16-Jun,7,7,0
Nagpur,Nagpur,Gondia,Sakoli,Sakoli-Lakhani,20022100,Sakoli Lakhani RR Retrofitting,Sawarbandh,1669,1,0,0,0,0,0,0,0,0,0,0,0,0,0,11-Jun,12-Jun,13-Jun,14-Jun,15-Jun,16-Jun,10-Jun,11-Jun,12-Jun,13-Jun,14-Jun,15-Jun,16-Jun,7,7,0
Nagpur,Nagpur,Gondia,Sakoli,Sakoli-Lakhani,20022100,Sakoli Lakhani RR Retrofitting,Pindkepar,1388,1,0,0,0.02,0,0,0,0,0,0,1.44,0,0,0,11-Jun,12-Jun,13-Jun,14-Jun,15-Jun,16-Jun,10-Jun,11-Jun,12-Jun,13-Jun,14-Jun,15-Jun,16-Jun,7,6,0
Nagpur,Nagpur,Gondia,Sakoli,Sakoli-Lakhani,20022100,Sakoli Lakhani RR Retrofitting,Khandala,1847,1,0,0,0,0,0,0,0,0,0,0,0,0,0,11-Jun,12-Jun,13-Jun,14-Jun,15-Jun,16-Jun,10-Jun,11-Jun,12-Jun,13-Jun,14-Jun,15-Jun,16-Jun,7,7,0
Nagpur,Nagpur,Nagpur,Nagpur,Hingna,20009650,Waddhmna WSS,Nagalwadi,2564,1,2.19,3.99,37.49,32.78,17.31,16.95,4.68,85.41,155.62,1462.13,1278.32,675.05,661.08,11-Jun,12-Jun,13-Jun,14-Jun,15-Jun,16-Jun,10-Jun,11-Jun,12-Jun,13-Jun,14-Jun,15-Jun,16-Jun,1,0,6
Nagpur,Nagpur,Chandrapur,Mul,Mul,7890965,Mul Grid & 24 Villages  RR WSS Retrofitting,Fiskuti,2415,2,0,0,0,0,0,0,0,0,0,0,0,0,0,11-Jun,12-Jun,13-Jun,14-Jun,15-Jun,16-Jun,10-Jun,11-Jun,12-Jun,13-Jun,14-Jun,15-Jun,16-Jun,7,7,0
Nagpur,Nagpur,Chandrapur,Mul,Mul,7890965,Mul Grid & 24 Villages  RR WSS Retrofitting,Churul Tukum,402,1,0,0,0,0,0,0,0,0,0,0,0,0,0,11-Jun,12-Jun,13-Jun,14-Jun,15-Jun,16-Jun,10-Jun,11-Jun,12-Jun,13-Jun,14-Jun,15-Jun,16-Jun,7,7,0
Nagpur,Nagpur,Chandrapur,Mul,Mul,7890965,Mul Grid & 24 Villages  RR WSS Retrofitting,Kantapeth Ryt.,938,1,0,0,0,0,0,0,0,0,0.01,0,0,0,0,11-Jun,12-Jun,13-Jun,14-Jun,15-Jun,16-Jun,10-Jun,11-Jun,12-Jun,13-Jun,14-Jun,15-Jun,16-Jun,7,6,0
Nagpur,Nagpur,Chandrapur,Mul,Mul,7890965,Mul Grid & 24 Villages  RR WSS Retrofitting,Janala Ryt.,890,4,0,0,0,0,0,0,0,0.12,0.1,0.06,0.13,0.07,0.07,11-Jun,12-Jun,13-Jun,14-Jun,15-Jun,16-Jun,10-Jun,11-Jun,12-Jun,13-Jun,14-Jun,15-Jun,16-Jun,7,0,0
Nagpur,Nagpur,Chandrapur,Mul,Mul,7890965,Mul Grid & 24 Villages  RR WSS Retrofitting,Haldi Gaonganna,1238,1,0.42,0.85,0.92,0.96,0.77,0.62,72.21,34.04,68.7,74.35,77.54,61.87,49.71,11-Jun,12-Jun,13-Jun,14-Jun,15-Jun,16-Jun,10-Jun,11-Jun,12-Jun,13-Jun,14-Jun,15-Jun,16-Jun,2,0,5
Nagpur,Nagpur,Chandrapur,Mul,Mul,7890965,Mul Grid & 24 Villages  RR WSS Retrofitting,Gangalwadi,862,1,0,0,0,0,0,0,0,0,0,0,0,0,0,11-Jun,12-Jun,13-Jun,14-Jun,15-Jun,16-Jun,10-Jun,11-Jun,12-Jun,13-Jun,14-Jun,15-Jun,16-Jun,7,7,0
Nagpur,Nagpur,Chandrapur,Mul,Mul,7890965,Mul Grid & 24 Villages  RR WSS Retrofitting,Manda Tukum,228,1,0,0.17,0,0.01,0.02,0.01,38.68,0.57,73.73,0,3.11,9.78,4.08,11-Jun,12-Jun,13-Jun,14-Jun,15-Jun,16-Jun,10-Jun,11-Jun,12-Jun,13-Jun,14-Jun,15-Jun,16-Jun,6,1,1
Nagpur,Nagpur,Chandrapur,Mul,Mul,7890965,Mul Grid & 24 Villages  RR WSS Retrofitting,Kosambi,873,1,0.38,0.92,0.93,0.26,0.19,0.39,27.31,43.16,105.1,106.6,29.31,21.46,44.57,11-Jun,12-Jun,13-Jun,14-Jun,15-Jun,16-Jun,10-Jun,11-Jun,12-Jun,13-Jun,14-Jun,15-Jun,16-Jun,5,0,2
Nagpur,Nagpur,Chandrapur,Mul,Mul,7890965,Mul Grid & 24 Villages  RR WSS Retrofitting,Karwan,470,1,0,0,0,0,0,0,0,0,0,0,0,0,0,11-Jun,12-Jun,13-Jun,14-Jun,15-Jun,16-Jun,10-Jun,11-Jun,12-Jun,13-Jun,14-Jun,15-Jun,16-Jun,7,7,0
Nagpur,Nagpur,Chandrapur,Mul,Mul,7890965,Mul Grid & 24 Villages  RR WSS Retrofitting,Rajgad,1638,1,0,0,0,0,0,0,0,0,0,0,0,0,0,11-Jun,12-Jun,13-Jun,14-Jun,15-Jun,16-Jun,10-Jun,11-Jun,12-Jun,13-Jun,14-Jun,15-Jun,16-Jun,7,7,0
Nagpur,Nagpur,Chandrapur,Mul,Mul,7890965,Mul Grid & 24 Villages  RR WSS Retrofitting,Morwahi Mal,593,1,3.01,3.74,3.35,3.08,3.21,3.69,526.14,507.59,630.69,564.92,519.39,541.32,622.26,11-Jun,12-Jun,13-Jun,14-Jun,15-Jun,16-Jun,10-Jun,11-Jun,12-Jun,13-Jun,14-Jun,15-Jun,16-Jun,0,0,7
Nagpur,Nagpur,Chandrapur,Mul,Mul,7890965,Mul Grid & 24 Villages  RR WSS Retrofitting,Marhegaon,824,1,1.61,1.61,1.61,1.61,1.61,1.61,194.88,194.88,194.88,194.88,194.88,194.88,194.88,11-Jun,12-Jun,13-Jun,14-Jun,15-Jun,16-Jun,10-Jun,11-Jun,12-Jun,13-Jun,14-Jun,15-Jun,16-Jun,0,0,7
Nagpur,Nagpur,Chandrapur,Mul,Mul,7890965,Mul Grid & 24 Villages  RR WSS Retrofitting,Tolewahi,542,1,0.08,0.03,0,0,0.57,0.05,66.51,15.5,5.53,0,0,104.63,9.39,11-Jun,12-Jun,13-Jun,14-Jun,15-Jun,16-Jun,10-Jun,11-Jun,12-Jun,13-Jun,14-Jun,15-Jun,16-Jun,5,2,2
Nagpur,Nagpur,Chandrapur,Mul,Mul,7890965,Mul Grid & 24 Villages  RR WSS Retrofitting,Tekadi,2164,1,0.89,0.97,1.42,0.6,0.88,0.95,46.48,41.17,45.05,65.51,27.92,40.73,44.11,11-Jun,12-Jun,13-Jun,14-Jun,15-Jun,16-Jun,10-Jun,11-Jun,12-Jun,13-Jun,14-Jun,15-Jun,16-Jun,6,0,1
Nagpur,Nagpur,Chandrapur,Mul,Mul,7890965,Mul Grid & 24 Villages  RR WSS Retrofitting,Tadala Tukum,1575,1,0,0,0,0,0,0,0,0,0,0,0,0,0,11-Jun,12-Jun,13-Jun,14-Jun,15-Jun,16-Jun,10-Jun,11-Jun,12-Jun,13-Jun,14-Jun,15-Jun,16-Jun,7,7,0
Nagpur,Nagpur,Gondia,Gondia,Goregaon,20019216,GOREGAON RR Retrofitting,Bhadanga,4016,1,0.77,1.73,1.53,1.46,1.56,1.64,7.16,19.17,43,38.07,36.4,38.91,40.77,11-Jun,12-Jun,13-Jun,14-Jun,15-Jun,16-Jun,10-Jun,11-Jun,12-Jun,13-Jun,14-Jun,15-Jun,16-Jun,7,0,0
Nagpur,Nagpur,Gondia,Gondia,Goregaon,20019216,GOREGAON RR Retrofitting,Katangi,2643,1,0,0.03,0.28,0.31,0.19,0.39,4.07,0,1.17,10.44,11.61,7.21,14.85,11-Jun,12-Jun,13-Jun,14-Jun,15-Jun,16-Jun,10-Jun,11-Jun,12-Jun,13-Jun,14-Jun,15-Jun,16-Jun,7,0,0
Nagpur,Nagpur,Gondia,Gondia,Goregaon,20019216,GOREGAON RR Retrofitting,Goregaon,8766,3,0.81,3.43,3.36,3.89,4.5,5.26,18.89,9.23,39.14,38.29,44.37,51.35,59.96,11-Jun,12-Jun,13-Jun,14-Jun,15-Jun,16-Jun,10-Jun,11-Jun,12-Jun,13-Jun,14-Jun,15-Jun,16-Jun,6,0,1
Nagpur,Nagpur,Gondia,Gondia,Goregaon,20019216,GOREGAON RR Retrofitting,Ghoti,3931,1,0.41,2.06,1.64,1.19,1.09,1.14,2.71,10.31,52.28,41.62,30.22,27.65,28.99,11-Jun,12-Jun,13-Jun,14-Jun,15-Jun,16-Jun,10-Jun,11-Jun,12-Jun,13-Jun,14-Jun,15-Jun,16-Jun,7,0,0
Nagpur,Nagpur,Gondia,Gondia,Goregaon,20019216,GOREGAON RR Retrofitting,Mengatola,1000,1,0.62,0,0,0,0,0,0,62.37,0.06,0,0,0,0,11-Jun,12-Jun,13-Jun,14-Jun,15-Jun,16-Jun,10-Jun,11-Jun,12-Jun,13-Jun,14-Jun,15-Jun,16-Jun,6,2,1
Nagpur,Chandrapur,Wardha,Wardha,Hinganghat,20027837,Allipur & 6 Village RRWSS,Sirasgaon,1892,1,0.41,1.1,1.01,1.13,1.21,1.78,0,21.67,58.14,53.38,59.73,63.95,94.08,11-Jun,12-Jun,13-Jun,14-Jun,15-Jun,16-Jun,10-Jun,11-Jun,12-Jun,13-Jun,14-Jun,15-Jun,16-Jun,3,1,4
Nagpur,Chandrapur,Wardha,Wardha,Hinganghat,20027837,Allipur & 6 Village RRWSS,Sonegaon,1360,1,0.19,0,0.38,0.07,0.29,0.28,36.56,13.81,0,27.93,5.48,21.02,20.43,11-Jun,12-Jun,13-Jun,14-Jun,15-Jun,16-Jun,10-Jun,11-Jun,12-Jun,13-Jun,14-Jun,15-Jun,16-Jun,7,1,0
Nagpur,Chandrapur,Wardha,Wardha,Hinganghat,20027837,Allipur & 6 Village RRWSS,Mansaoli,1044,2,1.12,2.01,1.88,1.27,1.22,1.33,159.67,107.28,192.53,180.08,121.65,116.86,127.39,11-Jun,12-Jun,13-Jun,14-Jun,15-Jun,16-Jun,10-Jun,11-Jun,12-Jun,13-Jun,14-Jun,15-Jun,16-Jun,0,0,7
Nagpur,Chandrapur,Wardha,Wardha,Hinganghat,20027837,Allipur & 6 Village RRWSS,Pavni,168,2,6.44,13.58,11.07,8.95,21.7,8.76,6446.43,3833.33,8083.33,6589.29,5327.38,12916.29,5214.29,11-Jun,12-Jun,13-Jun,14-Jun,15-Jun,16-Jun,10-Jun,11-Jun,12-Jun,13-Jun,14-Jun,15-Jun,16-Jun,0,0,7
Nagpur,Chandrapur,Wardha,Wardha,Hinganghat,20027837,Allipur & 6 Village RRWSS,Allipur,75080,3,1.82,3.86,1.77,2.04,0.51,1.95,1.77,2.42,5.14,2.36,2.72,0.68,2.6,11-Jun,12-Jun,13-Jun,14-Jun,15-Jun,16-Jun,10-Jun,11-Jun,12-Jun,13-Jun,14-Jun,15-Jun,16-Jun,7,0,0
Nagpur,Chandrapur,Wardha,Wardha,Hinganghat,20027837,Allipur & 6 Village RRWSS,Kanchangaon,1544,2,1.26,10.59,8.37,9.2,7.24,9,498.41,81.61,685.88,541.86,595.87,468.91,583.05,11-Jun,12-Jun,13-Jun,14-Jun,15-Jun,16-Jun,10-Jun,11-Jun,12-Jun,13-Jun,14-Jun,15-Jun,16-Jun,0,0,7
Nagpur,Chandrapur,Wardha,Wardha,Hinganghat,20027837,Allipur & 6 Village RRWSS,Alamdoh,856,2,0.07,0.16,0.07,0.12,0.16,0.38,0.25,8.69,18.22,8.47,14.4,19.05,43.85,11-Jun,12-Jun,13-Jun,14-Jun,15-Jun,16-Jun,10-Jun,11-Jun,12-Jun,13-Jun,14-Jun,15-Jun,16-Jun,7,0,0
Nagpur,Nagpur,Chandrapur,Mul,Mul,7890965,Mul Grid & 24 Villages  RR WSS Retrofitting,Bhawarala,1032,1,0,0,0,0,0,0,0,0,0,0,0,0,0,11-Jun,12-Jun,13-Jun,14-Jun,15-Jun,16-Jun,10-Jun,11-Jun,12-Jun,13-Jun,14-Jun,15-Jun,16-Jun,7,7,0
Nagpur,Nagpur,Chandrapur,Mul,Mul,7890965,Mul Grid & 24 Villages  RR WSS Retrofitting,Akapur,537,1,0.26,0.27,0.3,0.27,0.27,0.27,50.08,49.05,49.74,56.4,50.29,49.38,50.89,11-Jun,12-Jun,13-Jun,14-Jun,15-Jun,16-Jun,10-Jun,11-Jun,12-Jun,13-Jun,14-Jun,15-Jun,16-Jun,6,0,1
Nagpur,Nagpur,Chandrapur,Mul,Mul,7890965,Mul Grid & 24 Villages  RR WSS Retrofitting,Agadi,425,1,0.09,0.39,0.21,0,0,0.31,40.4,20.28,91.22,50.38,0,0,72.02,11-Jun,12-Jun,13-Jun,14-Jun,15-Jun,16-Jun,10-Jun,11-Jun,12-Jun,13-Jun,14-Jun,15-Jun,16-Jun,5,2,2
Nagpur,Nagpur,Chandrapur,Mul,Mul,7890965,Mul Grid & 24 Villages  RR WSS Retrofitting,Chichala (Mo),3322,1,0,0,0,0,0,0,0,0,0,0,0,0,0,11-Jun,12-Jun,13-Jun,14-Jun,15-Jun,16-Jun,10-Jun,11-Jun,12-Jun,13-Jun,14-Jun,15-Jun,16-Jun,7,7,0
Nagpur,Nagpur,Chandrapur,Mul,Mul,7890965,Mul Grid & 24 Villages  RR WSS Retrofitting,Chak Katwan,247,1,0,0,0,0,0,0.02,0,0,0,0,0,0,9.08,11-Jun,12-Jun,13-Jun,14-Jun,15-Jun,16-Jun,10-Jun,11-Jun,12-Jun,13-Jun,14-Jun,15-Jun,16-Jun,7,6,0
Nagpur,Nagpur,Chandrapur,Mul,Mul,7890965,Mul Grid & 24 Villages  RR WSS Retrofitting,Chak Chikhli No.1,253,1,0,0,0,0,0,0,0,0,0,0,0,0,0,11-Jun,12-Jun,13-Jun,14-Jun,15-Jun,16-Jun,10-Jun,11-Jun,12-Jun,13-Jun,14-Jun,15-Jun,16-Jun,7,7,0
Nagpur,Nagpur,Chandrapur,Mul,Mul,7890965,Mul Grid & 24 Villages  RR WSS Retrofitting,Chimadha,1589,1,0,0,0,0,0,0,0,0,0,0,0,0,0,11-Jun,12-Jun,13-Jun,14-Jun,15-Jun,16-Jun,10-Jun,11-Jun,12-Jun,13-Jun,14-Jun,15-Jun,16-Jun,7,7,0
Chhatrapati Sambhajinagar,Chhatrapati Sambhajinagar,Chhatrapati Sambhajinagar,Vaijapur,Vaijapur,20051233,373 Village Gangapur-Vaijapur Grid WSS,Chorwaghalgaon,3313,1,0.26,0.4,0.09,0,0,0,15.7,7.85,12.07,2.72,0,0,0,11-Jun,12-Jun,13-Jun,14-Jun,15-Jun,16-Jun,10-Jun,11-Jun,12-Jun,13-Jun,14-Jun,15-Jun,16-Jun,3,7,0
Chhatrapati Sambhajinagar,Chhatrapati Sambhajinagar,Jalna,Partur,Partur,20094559,"120 Villages Extension Scheme for Works Not Considered in 173 GRID WSS and 95 GRID WSS Tq. Partur, Mantha and Jalna Dist: Jalna",Kawajawala,1582,1,0,0,0,0,0,0,0,0,0,0,0,0,0,11-Jun,12-Jun,13-Jun,14-Jun,15-Jun,16-Jun,10-Jun,11-Jun,12-Jun,13-Jun,14-Jun,15-Jun,16-Jun,7,7,0
Chhatrapati Sambhajinagar,Chhatrapati Sambhajinagar,Chhatrapati Sambhajinagar,Vaijapur,Vaijapur,20051233,373 Village Gangapur-Vaijapur Grid WSS,Jategaon,2711,1,0,0,0,0,0,0,0,0,0,0,0,0,0,11-Jun,12-Jun,13-Jun,14-Jun,15-Jun,16-Jun,10-Jun,11-Jun,12-Jun,13-Jun,14-Jun,15-Jun,16-Jun,7,7,0
Chhatrapati Sambhajinagar,Latur,Latur,Shirur Anantpal,Shirur Anantpal,20030815,Sakol 7 villages WSS,Sakol,8777,2,4.18,3.14,0,0,0,0,46.03,47.62,35.78,0,0,0,0,11-Jun,12-Jun,13-Jun,14-Jun,15-Jun,16-Jun,10-Jun,11-Jun,12-Jun,13-Jun,14-Jun,15-Jun,16-Jun,4,7,0
Chhatrapati Sambhajinagar,Latur,Latur,Shirur Anantpal,Shirur Anantpal,20030815,Sakol 7 villages WSS,Kanegaon,1604,1,2.56,4.75,3.62,5.27,0.9,5.56,291.15,159.84,296.13,225.94,328.63,56.26,346.63,11-Jun,12-Jun,13-Jun,14-Jun,15-Jun,16-Jun,10-Jun,11-Jun,12-Jun,13-Jun,14-Jun,15-Jun,16-Jun,0,0,7
Chhatrapati Sambhajinagar,Latur,Latur,Shirur Anantpal,Shirur Anantpal,20030815,Sakol 7 villages WSS,Tripal,1086,1,0,0,0,0,0,0,0,0,0,0,0,0,0,11-Jun,12-Jun,13-Jun,14-Jun,15-Jun,16-Jun,10-Jun,11-Jun,12-Jun,13-Jun,14-Jun,15-Jun,16-Jun,7,7,0
Chhatrapati Sambhajinagar,Nanded,Nanded,Himayatnagar,Himayatnagar,20013969,Hadgaon and Himayatnagar 132 Village Grid WSS,Pota Kh.,787,1,0,0,0,0,0,0,0,0,0,0,0,0,0,11-Jun,12-Jun,13-Jun,14-Jun,15-Jun,16-Jun,10-Jun,11-Jun,12-Jun,13-Jun,14-Jun,15-Jun,16-Jun,7,7,0
Chhatrapati Sambhajinagar,Chhatrapati Sambhajinagar,Chhatrapati Sambhajinagar,Vaijapur,Vaijapur,20051233,373 Village Gangapur-Vaijapur Grid WSS,Bhaggaon,2023,1,0,0,0,0,0,0,0,0,0,0,0,0,0,11-Jun,12-Jun,13-Jun,14-Jun,15-Jun,16-Jun,10-Jun,11-Jun,12-Jun,13-Jun,14-Jun,15-Jun,16-Jun,7,7,0
Chhatrapati Sambhajinagar,Chhatrapati Sambhajinagar,Jalna,Mantha,Mantha,20094559,"120 Villages Extension Scheme for Works Not Considered in 173 GRID WSS and 95 GRID WSS Tq. Partur, Mantha and Jalna Dist: Jalna",Waghoda Tanda,1941,1,0,0,0,0,0,0,0,0,0,0,0,0,0,11-Jun,12-Jun,13-Jun,14-Jun,15-Jun,16-Jun,10-Jun,11-Jun,12-Jun,13-Jun,14-Jun,15-Jun,16-Jun,7,7,0
Chhatrapati Sambhajinagar,Nanded,Nanded,Himayatnagar,Himayatnagar,20013969,Hadgaon and Himayatnagar 132 Village Grid WSS,Borgaon (Tamsa),787,1,0,0,0,0,0,0,0,0,0,0,0,0,0,11-Jun,12-Jun,13-Jun,14-Jun,15-Jun,16-Jun,10-Jun,11-Jun,12-Jun,13-Jun,14-Jun,15-Jun,16-Jun,7,7,0
Chhatrapati Sambhajinagar,Chhatrapati Sambhajinagar,Jalna,Mantha,Mantha,20094559,"120 Villages Extension Scheme for Works Not Considered in 173 GRID WSS and 95 GRID WSS Tq. Partur, Mantha and Jalna Dist: Jalna",Virgavhan Tanda,577,1,0,0,0,0,0,0,0,0.05,0.1,0,0.07,0,0.17,11-Jun,12-Jun,13-Jun,14-Jun,15-Jun,16-Jun,10-Jun,11-Jun,12-Jun,13-Jun,14-Jun,15-Jun,16-Jun,3,7,0
Chhatrapati Sambhajinagar,Chhatrapati Sambhajinagar,Jalna,Mantha,Mantha,20094559,"120 Villages Extension Scheme for Works Not Considered in 173 GRID WSS and 95 GRID WSS Tq. Partur, Mantha and Jalna Dist: Jalna",Andhawadi,1026,1,0,0,0,0.07,0,0,22.15,0,0,0,6.59,0,0,11-Jun,12-Jun,13-Jun,14-Jun,15-Jun,16-Jun,10-Jun,11-Jun,12-Jun,13-Jun,14-Jun,15-Jun,16-Jun,4,7,0
Chhatrapati Sambhajinagar,Chhatrapati Sambhajinagar,Jalna,Mantha,Mantha,20094559,"120 Villages Extension Scheme for Works Not Considered in 173 GRID WSS and 95 GRID WSS Tq. Partur, Mantha and Jalna Dist: Jalna",RAMTIRTH,1143,1,0.43,0,0,0,0,0.43,0,37.98,0,0,0,0,37.92,11-Jun,12-Jun,13-Jun,14-Jun,15-Jun,16-Jun,10-Jun,11-Jun,12-Jun,13-Jun,14-Jun,15-Jun,16-Jun,5,7,0
Chhatrapati Sambhajinagar,Nanded,Nanded,Kandhar,Kandhar,7338000,Osmamnagar Shirdhon Combined WSS,Osmamnagar,Unsupported Data Type,2,0,0,0,0,0,0,0,0,0,0,0,0,0,11-Jun,12-Jun,13-Jun,14-Jun,15-Jun,16-Jun,10-Jun,11-Jun,12-Jun,13-Jun,14-Jun,15-Jun,16-Jun,7,7,0
Chhatrapati Sambhajinagar,Chhatrapati Sambhajinagar,Chhatrapati Sambhajinagar,Vaijapur,Vaijapur,20051233,373 Village Gangapur-Vaijapur Grid WSS,Babhultel,1532,1,0,0,0,0,0,0,0,0,0,0,0,0,0,11-Jun,12-Jun,13-Jun,14-Jun,15-Jun,16-Jun,10-Jun,11-Jun,12-Jun,13-Jun,14-Jun,15-Jun,16-Jun,7,7,0
Chhatrapati Sambhajinagar,Nanded,Nanded,Hadgaon,Hadgaon,20013969,Hadgaon and Himayatnagar 132 Village Grid WSS,Unchada,1881,1,3.87,1.95,0.69,0,0,0,0,205.74,103.67,36.68,0,0,0,11-Jun,12-Jun,13-Jun,14-Jun,15-Jun,16-Jun,10-Jun,11-Jun,12-Jun,13-Jun,14-Jun,15-Jun,16-Jun,4,5,2
Chhatrapati Sambhajinagar,Latur,Latur,Chakur,Chakur,20030459,Rachnawadi 6 villages WSS,Rachnawadi,2228,1,0,0,0.16,0,0,0.51,0,0,0,7.18,0,0,22.89,11-Jun,12-Jun,13-Jun,14-Jun,15-Jun,16-Jun,10-Jun,11-Jun,12-Jun,13-Jun,14-Jun,15-Jun,16-Jun,5,7,0
Chhatrapati Sambhajinagar,Chhatrapati Sambhajinagar,Jalna,Mantha,Mantha,20094559,"120 Villages Extension Scheme for Works Not Considered in 173 GRID WSS and 95 GRID WSS Tq. Partur, Mantha and Jalna Dist: Jalna",Incha,501,1,0,0,0,0,0,0,0,0,0,0,0,0,0,11-Jun,12-Jun,13-Jun,14-Jun,15-Jun,16-Jun,10-Jun,11-Jun,12-Jun,13-Jun,14-Jun,15-Jun,16-Jun,7,7,0
Chhatrapati Sambhajinagar,Chhatrapati Sambhajinagar,Jalna,Mantha,Mantha,20094559,"120 Villages Extension Scheme for Works Not Considered in 173 GRID WSS and 95 GRID WSS Tq. Partur, Mantha and Jalna Dist: Jalna",Kanadi,1040,1,0,0,0,0,0,0,0,0,0,0,0,0,0,11-Jun,12-Jun,13-Jun,14-Jun,15-Jun,16-Jun,10-Jun,11-Jun,12-Jun,13-Jun,14-Jun,15-Jun,16-Jun,7,7,0
Chhatrapati Sambhajinagar,Chhatrapati Sambhajinagar,Chhatrapati Sambhajinagar,Paithan,Paithan,20018162,Paithan Taluka 178 Village Grid WS,Dadegaon Jahagir,1400,1,0,0,0,15.32,0,1.45,89.29,0,0,0,1094.29,0,103.57,11-Jun,12-Jun,13-Jun,14-Jun,15-Jun,16-Jun,10-Jun,11-Jun,12-Jun,13-Jun,14-Jun,15-Jun,16-Jun,4,4,3
Chhatrapati Sambhajinagar,Nanded,Nanded,Himayatnagar,Himayatnagar,20013969,Hadgaon and Himayatnagar 132 Village Grid WSS,Waghi,1428,1,0,6.36,1.4,36.07,5.01,4.73,443.98,0,445.38,98.04,2525.91,350.84,331.23,11-Jun,12-Jun,13-Jun,14-Jun,15-Jun,16-Jun,10-Jun,11-Jun,12-Jun,13-Jun,14-Jun,15-Jun,16-Jun,1,1,6
Chhatrapati Sambhajinagar,Chhatrapati Sambhajinagar,Chhatrapati Sambhajinagar,Gangapur,Gangapur,20051233,373 Village Gangapur-Vaijapur Grid WSS,Raipur,2196,1,0,0,0,0,0,0,0,0,0,0,0,0,0,11-Jun,12-Jun,13-Jun,14-Jun,15-Jun,16-Jun,10-Jun,11-Jun,12-Jun,13-Jun,14-Jun,15-Jun,16-Jun,7,7,0
Chhatrapati Sambhajinagar,Nanded,Nanded,Hadgaon,Hadgaon,20013969,Hadgaon and Himayatnagar 132 Village Grid WSS,Hadsani,1944,1,23.55,6.94,12.19,13.33,12.07,11.17,0,1211.42,357,627.06,685.7,620.88,574.59,11-Jun,12-Jun,13-Jun,14-Jun,15-Jun,16-Jun,10-Jun,11-Jun,12-Jun,13-Jun,14-Jun,15-Jun,16-Jun,1,1,6
Chhatrapati Sambhajinagar,Chhatrapati Sambhajinagar,Jalna,Partur,Partur,20094559,"120 Villages Extension Scheme for Works Not Considered in 173 GRID WSS and 95 GRID WSS Tq. Partur, Mantha and Jalna Dist: Jalna",Hatwan,1694,1,,,0,0.75,0.84,0.24,,,,0,0,0,0,11-Jun,12-Jun,13-Jun,14-Jun,15-Jun,16-Jun,10-Jun,11-Jun,12-Jun,13-Jun,14-Jun,15-Jun,16-Jun,4,4,0
Chhatrapati Sambhajinagar,Latur,Latur,Renapur,Renapur,20030820,Pangaon 10 villages WSS,Manusmarwadi,1629,1,0,0,1.62,1.16,1.92,0.95,0,0,0,99.45,71.21,117.86,58.32,11-Jun,12-Jun,13-Jun,14-Jun,15-Jun,16-Jun,10-Jun,11-Jun,12-Jun,13-Jun,14-Jun,15-Jun,16-Jun,3,3,4
Chhatrapati Sambhajinagar,Chhatrapati Sambhajinagar,Chhatrapati Sambhajinagar,Gangapur,Gangapur,20051233,373 Village Gangapur-Vaijapur Grid WSS,Ranjangaon (s),62282,1,0,2.63,0.06,0,0.18,0,0,0,4.22,0.1,0,0.29,0,11-Jun,12-Jun,13-Jun,14-Jun,15-Jun,16-Jun,10-Jun,11-Jun,12-Jun,13-Jun,14-Jun,15-Jun,16-Jun,4,7,0
Chhatrapati Sambhajinagar,Nanded,Nanded,Hadgaon,Hadgaon,20013969,Hadgaon and Himayatnagar 132 Village Grid WSS,Baradshewala,2360,2,0,0.02,0.04,0,0.05,0,0,0,0.85,1.69,0,2.12,0,11-Jun,12-Jun,13-Jun,14-Jun,15-Jun,16-Jun,10-Jun,11-Jun,12-Jun,13-Jun,14-Jun,15-Jun,16-Jun,4,7,0
Chhatrapati Sambhajinagar,Chhatrapati Sambhajinagar,Jalna,Mantha,Mantha,20094559,"120 Villages Extension Scheme for Works Not Considered in 173 GRID WSS and 95 GRID WSS Tq. Partur, Mantha and Jalna Dist: Jalna",Takalkhopa,1461,1,,,0,0,0,0,,,,0,0,0,0,11-Jun,12-Jun,13-Jun,14-Jun,15-Jun,16-Jun,10-Jun,11-Jun,12-Jun,13-Jun,14-Jun,15-Jun,16-Jun,4,4,0
Chhatrapati Sambhajinagar,Nanded,Nanded,Hadgaon,Hadgaon,20013969,Hadgaon and Himayatnagar 132 Village Grid WSS,Hardaf,2364,1,0,0,0,0,0,0,0,0,0,0,0,0,0,11-Jun,12-Jun,13-Jun,14-Jun,15-Jun,16-Jun,10-Jun,11-Jun,12-Jun,13-Jun,14-Jun,15-Jun,16-Jun,7,7,0
Chhatrapati Sambhajinagar,Nanded,Nanded,Hadgaon,Hadgaon,20013969,Hadgaon and Himayatnagar 132 Village Grid WSS,Krushnapur,664,1,0,0,0,0,0,0,0,0,0,0,0,0,0,11-Jun,12-Jun,13-Jun,14-Jun,15-Jun,16-Jun,10-Jun,11-Jun,12-Jun,13-Jun,14-Jun,15-Jun,16-Jun,7,7,0
Chhatrapati Sambhajinagar,Chhatrapati Sambhajinagar,Chhatrapati Sambhajinagar,Vaijapur,Vaijapur,20051233,373 Village Gangapur-Vaijapur Grid WSS,Kapus Wadgaon,2712,1,0,0,0,0,0,0,0,0,0,0,0,0,0,11-Jun,12-Jun,13-Jun,14-Jun,15-Jun,16-Jun,10-Jun,11-Jun,12-Jun,13-Jun,14-Jun,15-Jun,16-Jun,7,7,0
Chhatrapati Sambhajinagar,Chhatrapati Sambhajinagar,Jalna,Mantha,Mantha,20094559,"120 Villages Extension Scheme for Works Not Considered in 173 GRID WSS and 95 GRID WSS Tq. Partur, Mantha and Jalna Dist: Jalna",Lawani,804,1,0,0,0,0,0,0,65.92,0,0,0,0,0,0,11-Jun,12-Jun,13-Jun,14-Jun,15-Jun,16-Jun,10-Jun,11-Jun,12-Jun,13-Jun,14-Jun,15-Jun,16-Jun,6,6,1
Chhatrapati Sambhajinagar,Nanded,Nanded,Himayatnagar,Himayatnagar,20013969,Hadgaon and Himayatnagar 132 Village Grid WSS,Khadki (Bazar),3524,1,0,0,0,0,0,0,0,0,0,0,0,0,0,11-Jun,12-Jun,13-Jun,14-Jun,15-Jun,16-Jun,10-Jun,11-Jun,12-Jun,13-Jun,14-Jun,15-Jun,16-Jun,7,7,0
Chhatrapati Sambhajinagar,Chhatrapati sambhajinagar,Chhatrapati sambhajinagar,Vaijapur,Vaijapur,20051233,373 Village Gangapur-Vaijapur Grid WSS,Mali Ghogargaon,2591,1,0,0.76,0,0,0.96,0,39.75,0,29.33,0,0,37.05,0,11-Jun,12-Jun,13-Jun,14-Jun,15-Jun,16-Jun,10-Jun,11-Jun,12-Jun,13-Jun,14-Jun,15-Jun,16-Jun,4,7,0
Chhatrapati Sambhajinagar,Chhatrapati Sambhajinagar,Jalna,Partur,Partur,20094559,"120 Villages Extension Scheme for Works Not Considered in 173 GRID WSS and 95 GRID WSS Tq. Partur, Mantha and Jalna Dist: Jalna",Daithana (bk),1363,1,0.67,0.88,0,0,0.32,0,69.1,49.33,64.56,0,0,23.6,0.33,11-Jun,12-Jun,13-Jun,14-Jun,15-Jun,16-Jun,10-Jun,11-Jun,12-Jun,13-Jun,14-Jun,15-Jun,16-Jun,1,5,2
Chhatrapati Sambhajinagar,Nanded,Nanded,Hadgaon,Hadgaon,20013969,Hadgaon and Himayatnagar 132 Village Grid WSS,Chinchgawhan,2440,1,0,0.04,0.2,0,0,0,0,0,1.64,8.2,0,0,0,11-Jun,12-Jun,13-Jun,14-Jun,15-Jun,16-Jun,10-Jun,11-Jun,12-Jun,13-Jun,14-Jun,15-Jun,16-Jun,5,7,0
Chhatrapati Sambhajinagar,Chhatrapati Sambhajinagar,Jalna,Partur,Partur,20094559,"120 Villages Extension Scheme for Works Not Considered in 173 GRID WSS and 95 GRID WSS Tq. Partur, Mantha and Jalna Dist: Jalna",Waijoda,1365,1,,,0,0,0,0,,,,0,0,0,0,11-Jun,12-Jun,13-Jun,14-Jun,15-Jun,16-Jun,10-Jun,11-Jun,12-Jun,13-Jun,14-Jun,15-Jun,16-Jun,4,4,0
Chhatrapati Sambhajinagar,Nanded,Nanded,Hadgaon,Hadgaon,20013969,Hadgaon and Himayatnagar 132 Village Grid WSS,Unchegaon,1958,1,0.98,0.87,1.19,2.01,2.03,0.21,29.91,50.23,44.48,60.72,102.45,103.7,10.82,11-Jun,12-Jun,13-Jun,14-Jun,15-Jun,16-Jun,10-Jun,11-Jun,12-Jun,13-Jun,14-Jun,15-Jun,16-Jun,0,4,3
Chhatrapati Sambhajinagar,Chhatrapati Sambhajinagar,Chhatrapati Sambhajinagar,Gangapur,Gangapur,20051233,373 Village Gangapur-Vaijapur Grid WSS,Warkhed,3343,1,0.59,0.69,0.1,0.09,0,0.7,18.85,17.65,20.64,2.99,2.69,0,20.94,11-Jun,12-Jun,13-Jun,14-Jun,15-Jun,16-Jun,10-Jun,11-Jun,12-Jun,13-Jun,14-Jun,15-Jun,16-Jun,1,7,0
Chhatrapati Sambhajinagar,Chhatrapati Sambhajinagar,Chhatrapati Sambhajinagar,Vaijapur,Vaijapur,20051233,373 Village Gangapur-Vaijapur Grid WSS,Deogaon Shani,934,1,,,0,0,0,0,,,,0,0,0,0,11-Jun,12-Jun,13-Jun,14-Jun,15-Jun,16-Jun,10-Jun,11-Jun,12-Jun,13-Jun,14-Jun,15-Jun,16-Jun,4,4,0
Chhatrapati Sambhajinagar,Chhatrapati Sambhajinagar,Chhatrapati Sambhajinagar,Vaijapur,Vaijapur,20051233,373 Village Gangapur-Vaijapur Grid WSS,Hadas Pimpalgaon,1611,1,0.57,0.56,0,0.52,0.28,0.36,0,35.38,34.76,0,32.28,17.38,22.35,11-Jun,12-Jun,13-Jun,14-Jun,15-Jun,16-Jun,10-Jun,11-Jun,12-Jun,13-Jun,14-Jun,15-Jun,16-Jun,2,7,0
Chhatrapati Sambhajinagar,Chhatrapati Sambhajinagar,Chhatrapati Sambhajinagar,Vaijapur,Vaijapur,20051233,373 Village Gangapur-Vaijapur Grid WSS,Goygaon,1665,1,0,0,0,0,0,0,0,0,0,0,0,0,0,11-Jun,12-Jun,13-Jun,14-Jun,15-Jun,16-Jun,10-Jun,11-Jun,12-Jun,13-Jun,14-Jun,15-Jun,16-Jun,7,7,0
Chhatrapati Sambhajinagar,Chhatrapati Sambhajinagar,Chhatrapati Sambhajinagar,Vaijapur,Vaijapur,20051233,373 Village Gangapur-Vaijapur Grid WSS,Dawala,1483,1,0.83,0,0,0.43,0.43,0,37.09,55.97,0,0,29,29,0,11-Jun,12-Jun,13-Jun,14-Jun,15-Jun,16-Jun,10-Jun,11-Jun,12-Jun,13-Jun,14-Jun,15-Jun,16-Jun,3,6,1
Chhatrapati Sambhajinagar,Chhatrapati Sambhajinagar,Chhatrapati Sambhajinagar,Vaijapur,Vaijapur,20051233,373 Village Gangapur-Vaijapur Grid WSS,Lasurgaon,6676,1,0,0,0,0,0,0,0,0,0,0,0,0,0,11-Jun,12-Jun,13-Jun,14-Jun,15-Jun,16-Jun,10-Jun,11-Jun,12-Jun,13-Jun,14-Jun,15-Jun,16-Jun,7,7,0
Chhatrapati Sambhajinagar,Chhatrapati Sambhajinagar,Chhatrapati Sambhajinagar,Vaijapur,Vaijapur,20051233,373 Village Gangapur-Vaijapur Grid WSS,Khandala,1180,1,3.49,0,0,1.22,0.66,3.29,263.56,295.76,0,0,103.39,55.93,278.81,11-Jun,12-Jun,13-Jun,14-Jun,15-Jun,16-Jun,10-Jun,11-Jun,12-Jun,13-Jun,14-Jun,15-Jun,16-Jun,2,2,5
Chhatrapati Sambhajinagar,Chhatrapati Sambhajinagar,Chhatrapati Sambhajinagar,Vaijapur,Vaijapur,20051233,373 Village Gangapur-Vaijapur Grid WSS,Karanjgaon,1983,1,0.22,0.21,0.03,0.01,0.46,0,7.41,11.25,10.49,1.34,0.5,23.2,0,11-Jun,12-Jun,13-Jun,14-Jun,15-Jun,16-Jun,10-Jun,11-Jun,12-Jun,13-Jun,14-Jun,15-Jun,16-Jun,1,7,0
Chhatrapati Sambhajinagar,Chhatrapati Sambhajinagar,Chhatrapati Sambhajinagar,Vaijapur,Vaijapur,20051233,373 Village Gangapur-Vaijapur Grid WSS,Jarul,3679,1,1.47,0.75,0,0,0,0,35.88,39.96,20.39,0,0,0,0,11-Jun,12-Jun,13-Jun,14-Jun,15-Jun,16-Jun,10-Jun,11-Jun,12-Jun,13-Jun,14-Jun,15-Jun,16-Jun,4,7,0
Chhatrapati Sambhajinagar,Chhatrapati Sambhajinagar,Chhatrapati Sambhajinagar,Vaijapur,Vaijapur,20051233,373 Village Gangapur-Vaijapur Grid WSS,Jambargaon,2614,1,0.43,0.36,0,0,0.35,0,13.77,16.45,13.77,0,0,13.39,0,11-Jun,12-Jun,13-Jun,14-Jun,15-Jun,16-Jun,10-Jun,11-Jun,12-Jun,13-Jun,14-Jun,15-Jun,16-Jun,3,7,0
Chhatrapati Sambhajinagar,Chhatrapati Sambhajinagar,Jalna,Mantha,Mantha,20094559,"120 Villages Extension Scheme for Works Not Considered in 173 GRID WSS and 95 GRID WSS Tq. Partur, Mantha and Jalna Dist: Jalna",Daghi,1485,1,0,0,0,0,0,0,0,0,0,0,0,0,0,11-Jun,12-Jun,13-Jun,14-Jun,15-Jun,16-Jun,10-Jun,11-Jun,12-Jun,13-Jun,14-Jun,15-Jun,16-Jun,7,7,0
Chhatrapati Sambhajinagar,Nanded,Nanded,Himayatnagar,Himayatnagar,20013969,Hadgaon and Himayatnagar 132 Village Grid WSS,Virsani,2817,1,1.71,0,0.99,1.27,0,0.84,0,60.7,0,35.14,45.08,0,29.82,11-Jun,12-Jun,13-Jun,14-Jun,15-Jun,16-Jun,10-Jun,11-Jun,12-Jun,13-Jun,14-Jun,15-Jun,16-Jun,3,6,1
Chhatrapati Sambhajinagar,Nanded,Nanded,Himayatnagar,Himayatnagar,20013969,Hadgaon and Himayatnagar 132 Village Grid WSS,Tembhi,1927,1,0,0,0,0,0,0,0,0,0,0,0,0,0,11-Jun,12-Jun,13-Jun,14-Jun,15-Jun,16-Jun,10-Jun,11-Jun,12-Jun,13-Jun,14-Jun,15-Jun,16-Jun,7,7,0
Chhatrapati Sambhajinagar,Chhatrapati sambhajinagar,Chhatrapati sambhajinagar,Vaijapur,Vaijapur,20051233,373 Village Gangapur-Vaijapur Grid WSS,Raghunathpurwadi,1097,1,0,0,0,0,0,0,0,0,0,0,0,0,0,11-Jun,12-Jun,13-Jun,14-Jun,15-Jun,16-Jun,10-Jun,11-Jun,12-Jun,13-Jun,14-Jun,15-Jun,16-Jun,7,7,0
Chhatrapati Sambhajinagar,Chhatrapati Sambhajinagar,Jalna,Partur,Partur,20094559,"120 Villages Extension Scheme for Works Not Considered in 173 GRID WSS and 95 GRID WSS Tq. Partur, Mantha and Jalna Dist: Jalna",Bramhanwadi,1563,1,0.61,1.61,0,0,0.65,0.04,36.07,39.11,103.31,0.01,0,41.49,2.39,11-Jun,12-Jun,13-Jun,14-Jun,15-Jun,16-Jun,10-Jun,11-Jun,12-Jun,13-Jun,14-Jun,15-Jun,16-Jun,0,6,1
Chhatrapati Sambhajinagar,Chhatrapati Sambhajinagar,Chhatrapati Sambhajinagar,Vaijapur,Vaijapur,20051233,373 Village Gangapur-Vaijapur Grid WSS,Virgaon,2271,1,0.37,0.75,23.12,0,17.69,0,0,16.29,33.03,1018.05,0,779.12,0,11-Jun,12-Jun,13-Jun,14-Jun,15-Jun,16-Jun,10-Jun,11-Jun,12-Jun,13-Jun,14-Jun,15-Jun,16-Jun,3,5,2
Chhatrapati Sambhajinagar,Nanded,Nanded,Himayatnagar,Himayatnagar,20013969,Hadgaon and Himayatnagar 132 Village Grid WSS,Ashti,4091,1,0,0,0,0,0,0,0,0,0,0,0,0,0,11-Jun,12-Jun,13-Jun,14-Jun,15-Jun,16-Jun,10-Jun,11-Jun,12-Jun,13-Jun,14-Jun,15-Jun,16-Jun,7,7,0
Chhatrapati Sambhajinagar,Chhatrapati Sambhajinagar,Jalna,Partur,Partur,20094559,"120 Villages Extension Scheme for Works Not Considered in 173 GRID WSS and 95 GRID WSS Tq. Partur, Mantha and Jalna Dist: Jalna",Rohina (Bk),953,1,0,0,0,0,0,0,0,0,0,0,0,0,0,11-Jun,12-Jun,13-Jun,14-Jun,15-Jun,16-Jun,10-Jun,11-Jun,12-Jun,13-Jun,14-Jun,15-Jun,16-Jun,7,7,0
Chhatrapati Sambhajinagar,Nanded,Nanded,Himayatnagar,Himayatnagar,20013969,Hadgaon and Himayatnagar 132 Village Grid WSS,Walkyachiwadi,4427,1,1.31,0,3.86,0.04,0,0,0,29.59,0,87.19,0.9,0,0,11-Jun,12-Jun,13-Jun,14-Jun,15-Jun,16-Jun,10-Jun,11-Jun,12-Jun,13-Jun,14-Jun,15-Jun,16-Jun,4,6,1
Chhatrapati Sambhajinagar,Chhatrapati Sambhajinagar,Jalna,Partur,Partur,20094559,"120 Villages Extension Scheme for Works Not Considered in 173 GRID WSS and 95 GRID WSS Tq. Partur, Mantha and Jalna Dist: Jalna",Ganeshpur (Hanwadi),289,1,0,0.01,0.03,0.01,0.04,0.05,37.27,0.14,1.97,9.4,4.96,12.37,15.63,11-Jun,12-Jun,13-Jun,14-Jun,15-Jun,16-Jun,10-Jun,11-Jun,12-Jun,13-Jun,14-Jun,15-Jun,16-Jun,0,7,0
Chhatrapati Sambhajinagar,Chhatrapati sambhajinagar,Chhatrapati sambhajinagar,Vaijapur,Vaijapur,20051233,373 Village Gangapur-Vaijapur Grid WSS,Hilalpur,1383,1,0,0,0,0,0,0,0,0,0,0,0,0,0,11-Jun,12-Jun,13-Jun,14-Jun,15-Jun,16-Jun,10-Jun,11-Jun,12-Jun,13-Jun,14-Jun,15-Jun,16-Jun,7,7,0
Chhatrapati Sambhajinagar,Nanded,Nanded,Himayatnagar,Himayatnagar,20013969,Hadgaon and Himayatnagar 132 Village Grid WSS,Khairgaon (jahagir),425,1,0,0.28,0.92,0,0,2.87,0,0,65.88,216.47,0,0,675.2,11-Jun,12-Jun,13-Jun,14-Jun,15-Jun,16-Jun,10-Jun,11-Jun,12-Jun,13-Jun,14-Jun,15-Jun,16-Jun,4,4,3
Chhatrapati Sambhajinagar,Chhatrapati Sambhajinagar,Chhatrapati Sambhajinagar,Paithan,Paithan,20018162,Paithan Taluka 178 Village Grid WS,Mharola,2169,1,2.47,1.77,11.42,10.06,6.05,5.49,46.1,113.88,81.6,526.43,463.77,278.93,253.11,11-Jun,12-Jun,13-Jun,14-Jun,15-Jun,16-Jun,10-Jun,11-Jun,12-Jun,13-Jun,14-Jun,15-Jun,16-Jun,0,1,6
Chhatrapati Sambhajinagar,Nanded,Nanded,Hadgaon,Hadgaon,20013969,Hadgaon and Himayatnagar 132 Village Grid WSS,Brahmanwadi,525,1,0,0,0,0,0,0,0,0,0,0,0,0,0,11-Jun,12-Jun,13-Jun,14-Jun,15-Jun,16-Jun,10-Jun,11-Jun,12-Jun,13-Jun,14-Jun,15-Jun,16-Jun,7,7,0
Chhatrapati Sambhajinagar,Nanded,Nanded,Himayatnagar,Himayatnagar,20013969,Hadgaon and Himayatnagar 132 Village Grid WSS,Yewli,3092,1,2.76,0,0,4.41,3.19,3.45,0,89.26,0,0,142.63,103.17,111.58,11-Jun,12-Jun,13-Jun,14-Jun,15-Jun,16-Jun,10-Jun,11-Jun,12-Jun,13-Jun,14-Jun,15-Jun,16-Jun,3,3,4
Chhatrapati Sambhajinagar,Chhatrapati Sambhajinagar,Chhatrapati Sambhajinagar,Sillod,Sillod,20017395,Shirsala & 4 Village,Sirsala,996,1,0,0,0,0,0,0,0,0,0,0,0,0,0,11-Jun,12-Jun,13-Jun,14-Jun,15-Jun,16-Jun,10-Jun,11-Jun,12-Jun,13-Jun,14-Jun,15-Jun,16-Jun,7,7,0
Chhatrapati Sambhajinagar,Chhatrapati Sambhajinagar,Jalna,Partur,Partur,20094559,"120 Villages Extension Scheme for Works Not Considered in 173 GRID WSS and 95 GRID WSS Tq. Partur, Mantha and Jalna Dist: Jalna",Rohina Kh,2293,1,0.36,0.35,0.38,0.35,0.31,0.26,14.39,15.7,15.26,16.57,15.26,13.52,11.34,11-Jun,12-Jun,13-Jun,14-Jun,15-Jun,16-Jun,10-Jun,11-Jun,12-Jun,13-Jun,14-Jun,15-Jun,16-Jun,0,7,0
Chhatrapati Sambhajinagar,Latur,Latur,Renapur,Renapur,20030820,Pangaon 10 villages WSS,Murdav,1765,1,0,0,0,0,0,0,0,0,0,0,0,0,0,11-Jun,12-Jun,13-Jun,14-Jun,15-Jun,16-Jun,10-Jun,11-Jun,12-Jun,13-Jun,14-Jun,15-Jun,16-Jun,7,7,0
Chhatrapati Sambhajinagar,Chhatrapati Sambhajinagar,Jalna,Partur,Partur,20094559,"120 Villages Extension Scheme for Works Not Considered in 173 GRID WSS and 95 GRID WSS Tq. Partur, Mantha and Jalna Dist: Jalna",Hastur Tanda,1454,1,0,0,0,0,0,0,0,0,0,0,0,0,0,11-Jun,12-Jun,13-Jun,14-Jun,15-Jun,16-Jun,10-Jun,11-Jun,12-Jun,13-Jun,14-Jun,15-Jun,16-Jun,7,7,0
Chhatrapati Sambhajinagar,Chhatrapati sambhajinagar,Chhatrapati sambhajinagar,Vaijapur,Vaijapur,20051233,373 Village Gangapur-Vaijapur Grid WSS,Sudamwadi,750,1,0,0,0,0,0,0,0,0,0,0,0,0,0,11-Jun,12-Jun,13-Jun,14-Jun,15-Jun,16-Jun,10-Jun,11-Jun,12-Jun,13-Jun,14-Jun,15-Jun,16-Jun,7,7,0
Chhatrapati Sambhajinagar,Chhatrapati Sambhajinagar,Jalna,Mantha,Mantha,20094559,"120 Villages Extension Scheme for Works Not Considered in 173 GRID WSS and 95 GRID WSS Tq. Partur, Mantha and Jalna Dist: Jalna",Pangra Gadadhe,2126,2,0,36.02,0,0,0,0,0,0,1694.26,0,0,0,0,11-Jun,12-Jun,13-Jun,14-Jun,15-Jun,16-Jun,10-Jun,11-Jun,12-Jun,13-Jun,14-Jun,15-Jun,16-Jun,6,6,1
Chhatrapati Sambhajinagar,Chhatrapati Sambhajinagar,Jalna,Partur,Partur,20094559,"120 Villages Extension Scheme for Works Not Considered in 173 GRID WSS and 95 GRID WSS Tq. Partur, Mantha and Jalna Dist: Jalna",Anandwadi,2333,1,0,0,0,0,0,0,0,0,0,0,0,0,0,11-Jun,12-Jun,13-Jun,14-Jun,15-Jun,16-Jun,10-Jun,11-Jun,12-Jun,13-Jun,14-Jun,15-Jun,16-Jun,7,7,0
Chhatrapati Sambhajinagar,Chhatrapati Sambhajinagar,Jalna,Mantha,Mantha,20094559,"120 Villages Extension Scheme for Works Not Considered in 173 GRID WSS and 95 GRID WSS Tq. Partur, Mantha and Jalna Dist: Jalna",Kendhali Tanda,263,1,,,0,0,0,0,,,,0,0,0,0,11-Jun,12-Jun,13-Jun,14-Jun,15-Jun,16-Jun,10-Jun,11-Jun,12-Jun,13-Jun,14-Jun,15-Jun,16-Jun,4,4,0
Chhatrapati Sambhajinagar,Chhatrapati Sambhajinagar,Jalna,Mantha,Mantha,20094559,"120 Villages Extension Scheme for Works Not Considered in 173 GRID WSS and 95 GRID WSS Tq. Partur, Mantha and Jalna Dist: Jalna",PANGRI KH.,3178,1,0,0,0,0,0,0,0,0,0,0,0,0,0,11-Jun,12-Jun,13-Jun,14-Jun,15-Jun,16-Jun,10-Jun,11-Jun,12-Jun,13-Jun,14-Jun,15-Jun,16-Jun,7,7,0
Chhatrapati Sambhajinagar,Chhatrapati Sambhajinagar,Chhatrapati Sambhajinagar,Paithan,Paithan,20018162,Paithan Taluka 178 Village Grid WS,Dadegaon Bk.,1144,2,0,0,0.02,0,0,0,0,0,0,1.75,0,0,0,11-Jun,12-Jun,13-Jun,14-Jun,15-Jun,16-Jun,10-Jun,11-Jun,12-Jun,13-Jun,14-Jun,15-Jun,16-Jun,6,7,0
Chhatrapati Sambhajinagar,Chhatrapati Sambhajinagar,Chhatrapati Sambhajinagar,Paithan,Paithan,20018162,Paithan Taluka 178 Village Grid WS,Balanagar,5504,1,2.23,1.01,0,1.18,2.52,1.83,51.96,40.52,18.35,0,21.44,45.78,33.25,11-Jun,12-Jun,13-Jun,14-Jun,15-Jun,16-Jun,10-Jun,11-Jun,12-Jun,13-Jun,14-Jun,15-Jun,16-Jun,1,7,0
Chhatrapati Sambhajinagar,Chhatrapati Sambhajinagar,Chhatrapati Sambhajinagar,Gangapur,Gangapur,20051233,373 Village Gangapur-Vaijapur Grid WSS,Jogeshwari,13730,1,7.07,5.35,0,3.95,3.82,3.65,32.63,51.49,39,0,28.78,27.83,26.59,11-Jun,12-Jun,13-Jun,14-Jun,15-Jun,16-Jun,10-Jun,11-Jun,12-Jun,13-Jun,14-Jun,15-Jun,16-Jun,1,7,0
Chhatrapati Sambhajinagar,Chhatrapati Sambhajinagar,Chhatrapati Sambhajinagar,Gangapur,Gangapur,20051233,373 Village Gangapur-Vaijapur Grid WSS,Shivrai,2706,1,0,0,0,0,0,0,0,0,0,0,0,0,0,11-Jun,12-Jun,13-Jun,14-Jun,15-Jun,16-Jun,10-Jun,11-Jun,12-Jun,13-Jun,14-Jun,15-Jun,16-Jun,7,7,0
Chhatrapati Sambhajinagar,Chhatrapati Sambhajinagar,Chhatrapati Sambhajinagar,Gangapur,Gangapur,20051233,373 Village Gangapur-Vaijapur Grid WSS,Sawangi,5491,1,0,0,0,0,0,0,0,0,0,0,0,0,0,11-Jun,12-Jun,13-Jun,14-Jun,15-Jun,16-Jun,10-Jun,11-Jun,12-Jun,13-Jun,14-Jun,15-Jun,16-Jun,7,7,0
Chhatrapati Sambhajinagar,Nanded,Nanded,Naigaon,Naigaon,7942142,Manjram WSS (7942142),Wadi,25016,1,0,0,0,0,0,0,0,0,0,0,0,0,0,11-Jun,12-Jun,13-Jun,14-Jun,15-Jun,16-Jun,10-Jun,11-Jun,12-Jun,13-Jun,14-Jun,15-Jun,16-Jun,7,7,0
Chhatrapati Sambhajinagar,Nanded,Nanded,Hadgaon,Hadgaon,20013969,Hadgaon and Himayatnagar 132 Village Grid WSS,Sapti,2440,1,0,24.21,1.36,1.98,2.23,1.77,75.82,0,992.21,55.74,81.15,91.39,72.54,11-Jun,12-Jun,13-Jun,14-Jun,15-Jun,16-Jun,10-Jun,11-Jun,12-Jun,13-Jun,14-Jun,15-Jun,16-Jun,1,1,6
Chhatrapati Sambhajinagar,Chhatrapati Sambhajinagar,Chhatrapati Sambhajinagar,Vaijapur,Vaijapur,20051233,373 Village Gangapur-Vaijapur Grid WSS,Bhivgaon,2871,1,0,0,0,0,0,0,0,0,0,0,0,0,0,11-Jun,12-Jun,13-Jun,14-Jun,15-Jun,16-Jun,10-Jun,11-Jun,12-Jun,13-Jun,14-Jun,15-Jun,16-Jun,7,7,0
Chhatrapati Sambhajinagar,Nanded,Nanded,Hadgaon,Hadgaon,20013969,Hadgaon and Himayatnagar 132 Village Grid WSS,Koli,3873,1,0,0,0,0,0,0,0,0,0,0,0,0,0,11-Jun,12-Jun,13-Jun,14-Jun,15-Jun,16-Jun,10-Jun,11-Jun,12-Jun,13-Jun,14-Jun,15-Jun,16-Jun,7,7,0
Chhatrapati Sambhajinagar,Nanded,Nanded,Kandhar,Kandhar,7338000,Osmamnagar Shirdhon Combined WSS,Shiradhon,7804,3,0,0,0,0,0,0,0,0,0,0,0,0,0,11-Jun,12-Jun,13-Jun,14-Jun,15-Jun,16-Jun,10-Jun,11-Jun,12-Jun,13-Jun,14-Jun,15-Jun,16-Jun,7,7,0
Chhatrapati Sambhajinagar,Chhatrapati Sambhajinagar,Jalna,Partur,Partur,20094559,"120 Villages Extension Scheme for Works Not Considered in 173 GRID WSS and 95 GRID WSS Tq. Partur, Mantha and Jalna Dist: Jalna",Shreshti,2637,1,0,0,0,0,0,0,0.02,0.04,0.04,0.08,0.01,0.03,0.01,11-Jun,12-Jun,13-Jun,14-Jun,15-Jun,16-Jun,10-Jun,11-Jun,12-Jun,13-Jun,14-Jun,15-Jun,16-Jun,0,7,0
Chhatrapati Sambhajinagar,Nanded,Nanded,Hadgaon,Hadgaon,20013969,Hadgaon and Himayatnagar 132 Village Grid WSS,Ekrala,1509,1,0,0,0,0,0,0,0,0,0,0,0,0,0,11-Jun,12-Jun,13-Jun,14-Jun,15-Jun,16-Jun,10-Jun,11-Jun,12-Jun,13-Jun,14-Jun,15-Jun,16-Jun,7,7,0
Chhatrapati Sambhajinagar,Chhatrapati Sambhajinagar,Chhatrapati Sambhajinagar,Paithan,Paithan,20018162,Paithan Taluka 178 Village Grid WS,Antarwadi Khandi,2331,1,0,0,0,0,0,0,0,0,0,0,0,0,0,11-Jun,12-Jun,13-Jun,14-Jun,15-Jun,16-Jun,10-Jun,11-Jun,12-Jun,13-Jun,14-Jun,15-Jun,16-Jun,7,7,0
Chhatrapati Sambhajinagar,Nanded,Nanded,Hadgaon,Hadgaon,20013969,Hadgaon and Himayatnagar 132 Village Grid WSS,Gorlegaon,2313,1,0,0,0,0,0,0,0,0,0,0,0,0,0,11-Jun,12-Jun,13-Jun,14-Jun,15-Jun,16-Jun,10-Jun,11-Jun,12-Jun,13-Jun,14-Jun,15-Jun,16-Jun,7,7,0
Chhatrapati Sambhajinagar,Nanded,Nanded,Hadgaon,Hadgaon,20013969,Hadgaon and Himayatnagar 132 Village Grid WSS,Loha,2244,1,0,0,0,0,0,0,0,0,0,0,0,0,0,11-Jun,12-Jun,13-Jun,14-Jun,15-Jun,16-Jun,10-Jun,11-Jun,12-Jun,13-Jun,14-Jun,15-Jun,16-Jun,7,7,0
Chhatrapati Sambhajinagar,Chhatrapati Sambhajinagar,Chhatrapati Sambhajinagar,Vaijapur,Vaijapur,20051233,373 Village Gangapur-Vaijapur Grid WSS,Sakegaon,1780,1,0,0.01,0,0.07,0.07,0,0,0,0.56,0,3.93,3.93,0,11-Jun,12-Jun,13-Jun,14-Jun,15-Jun,16-Jun,10-Jun,11-Jun,12-Jun,13-Jun,14-Jun,15-Jun,16-Jun,4,7,0
Chhatrapati Sambhajinagar,Nanded,Nanded,Hadgaon,Hadgaon,20013969,Hadgaon and Himayatnagar 132 Village Grid WSS,Palsa,3436,1,0,0,0.05,0.16,0.04,0.49,0,0,0,1.46,4.66,1.16,14.26,11-Jun,12-Jun,13-Jun,14-Jun,15-Jun,16-Jun,10-Jun,11-Jun,12-Jun,13-Jun,14-Jun,15-Jun,16-Jun,3,7,0
Chhatrapati Sambhajinagar,Nanded,Nanded,Hadgaon,Hadgaon,20013969,Hadgaon and Himayatnagar 132 Village Grid WSS,Niwdha,8189,1,0,1.56,3.29,2.17,0.85,1.82,0.12,0,19.05,40.18,26.5,10.38,22.22,11-Jun,12-Jun,13-Jun,14-Jun,15-Jun,16-Jun,10-Jun,11-Jun,12-Jun,13-Jun,14-Jun,15-Jun,16-Jun,1,7,0
Chhatrapati Sambhajinagar,Chhatrapati Sambhajinagar,Chhatrapati Sambhajinagar,Paithan,Paithan,20018162,Paithan Taluka 178 Village Grid WS,Dhorkin,3816,1,0.17,0,0,0,0,0,0,4.45,0,0,0,0,0,11-Jun,12-Jun,13-Jun,14-Jun,15-Jun,16-Jun,10-Jun,11-Jun,12-Jun,13-Jun,14-Jun,15-Jun,16-Jun,6,7,0
Chhatrapati Sambhajinagar,Chhatrapati Sambhajinagar,Jalna,Mantha,Mantha,20094559,"120 Villages Extension Scheme for Works Not Considered in 173 GRID WSS and 95 GRID WSS Tq. Partur, Mantha and Jalna Dist: Jalna",Devthana Mantha,1068,1,0.14,0,0.22,0,1.59,0,0,13.11,0,20.6,0,148.88,0,11-Jun,12-Jun,13-Jun,14-Jun,15-Jun,16-Jun,10-Jun,11-Jun,12-Jun,13-Jun,14-Jun,15-Jun,16-Jun,4,6,1
Chhatrapati Sambhajinagar,Latur,Latur,Renapur,Renapur,20030820,Pangaon 10 villages WSS,Pangaon,13738,3,0.66,0.58,0,2.89,3.06,0.28,0.07,4.8,4.22,0,21.04,22.27,2.04,11-Jun,12-Jun,13-Jun,14-Jun,15-Jun,16-Jun,10-Jun,11-Jun,12-Jun,13-Jun,14-Jun,15-Jun,16-Jun,1,7,0
Chhatrapati Sambhajinagar,Latur,Latur,Renapur,Renapur,20030820,Pangaon 10 villages WSS,Ghansargaon,2815,1,0,0,0,0,0,0,0,0,0,0,0,0,0,11-Jun,12-Jun,13-Jun,14-Jun,15-Jun,16-Jun,10-Jun,11-Jun,12-Jun,13-Jun,14-Jun,15-Jun,16-Jun,7,7,0
Chhatrapati Sambhajinagar,Chhatrapati Sambhajinagar,Chhatrapati Sambhajinagar,Paithan,Paithan,20018162,Paithan Taluka 178 Village Grid WS,Takli Paithan,0,1,0.73,0.57,0,0,1.26,0.64,0,0,0,0,0,0,0,11-Jun,12-Jun,13-Jun,14-Jun,15-Jun,16-Jun,10-Jun,11-Jun,12-Jun,13-Jun,14-Jun,15-Jun,16-Jun,7,7,0
Chhatrapati Sambhajinagar,Chhatrapati Sambhajinagar,Chhatrapati Sambhajinagar,Paithan,Paithan,20018162,Paithan Taluka 178 Village Grid WS,Geora Bashi,0,1,0,0,0,0,0,0,0,0,0,0,0,0,0,11-Jun,12-Jun,13-Jun,14-Jun,15-Jun,16-Jun,10-Jun,11-Jun,12-Jun,13-Jun,14-Jun,15-Jun,16-Jun,7,7,0
Chhatrapati Sambhajinagar,Chhatrapati Sambhajinagar,Chhatrapati Sambhajinagar,Paithan,Paithan,20018162,Paithan Taluka 178 Village Grid WS,Pangara,0,1,0.07,0.07,0,0,0,0,0,0,0,0,0,0,0,11-Jun,12-Jun,13-Jun,14-Jun,15-Jun,16-Jun,10-Jun,11-Jun,12-Jun,13-Jun,14-Jun,15-Jun,16-Jun,7,7,0
Chhatrapati Sambhajinagar,Chhatrapati Sambhajinagar,Chhatrapati Sambhajinagar,Paithan,Paithan,20018162,Paithan Taluka 178 Village Grid WS,Tupewadi,1240,1,0,0,0,0,0,0,0,0,0,0,0,0,0,11-Jun,12-Jun,13-Jun,14-Jun,15-Jun,16-Jun,10-Jun,11-Jun,12-Jun,13-Jun,14-Jun,15-Jun,16-Jun,7,7,0
Chhatrapati Sambhajinagar,Chhatrapati Sambhajinagar,Chhatrapati Sambhajinagar,Paithan,Paithan,20018162,Paithan Taluka 178 Village Grid WS,Geora BK.,0,1,0,0,0,0,0,0,0,0,0,0,0,0,0,11-Jun,12-Jun,13-Jun,14-Jun,15-Jun,16-Jun,10-Jun,11-Jun,12-Jun,13-Jun,14-Jun,15-Jun,16-Jun,7,7,0
Chhatrapati Sambhajinagar,Chhatrapati Sambhajinagar,Chhatrapati Sambhajinagar,Paithan,Paithan,20018162,Paithan Taluka 178 Village Grid WS,Lakhegaon,988,1,0,0.26,0.25,0.47,0.26,0.2,68.83,0,26.32,25.3,47.57,26.32,20.24,11-Jun,12-Jun,13-Jun,14-Jun,15-Jun,16-Jun,10-Jun,11-Jun,12-Jun,13-Jun,14-Jun,15-Jun,16-Jun,1,6,1
Chhatrapati Sambhajinagar,Chhatrapati Sambhajinagar,Chhatrapati Sambhajinagar,Paithan,Paithan,20018162,Paithan Taluka 178 Village Grid WS,Tanda Kh.,0,1,0,0,0,0,0,0,0,0,0,0,0,0,0,11-Jun,12-Jun,13-Jun,14-Jun,15-Jun,16-Jun,10-Jun,11-Jun,12-Jun,13-Jun,14-Jun,15-Jun,16-Jun,7,7,0
Chhatrapati Sambhajinagar,Chhatrapati Sambhajinagar,Chhatrapati Sambhajinagar,Paithan,Paithan,20018162,Paithan Taluka 178 Village Grid WS,Shekta,0,1,0,0,0,0,0,0,0,0,0,0,0,0,0,11-Jun,12-Jun,13-Jun,14-Jun,15-Jun,16-Jun,10-Jun,11-Jun,12-Jun,13-Jun,14-Jun,15-Jun,16-Jun,7,7,0
Chhatrapati Sambhajinagar,Chhatrapati Sambhajinagar,Chhatrapati Sambhajinagar,Paithan,Paithan,20018162,Paithan Taluka 178 Village Grid WS,Gidhada,564,1,0,0.1,0.3,0,4.54,15.41,62.06,0,17.73,53.19,0,804.96,2731.8,11-Jun,12-Jun,13-Jun,14-Jun,15-Jun,16-Jun,10-Jun,11-Jun,12-Jun,13-Jun,14-Jun,15-Jun,16-Jun,2,4,3
Chhatrapati Sambhajinagar,Chhatrapati Sambhajinagar,Chhatrapati Sambhajinagar,Paithan,Paithan,20018162,Paithan Taluka 178 Village Grid WS,Dinnapur,900,1,0.34,0,0.35,0.02,0.58,1.09,94.44,37.78,0,38.89,2.22,64.44,121.11,11-Jun,12-Jun,13-Jun,14-Jun,15-Jun,16-Jun,10-Jun,11-Jun,12-Jun,13-Jun,14-Jun,15-Jun,16-Jun,1,4,3
Chhatrapati Sambhajinagar,Chhatrapati Sambhajinagar,Chhatrapati Sambhajinagar,Paithan,Paithan,20018162,Paithan Taluka 178 Village Grid WS,Dongaon,0,1,0,0,0,0,0,0,0,0,0,0,0,0,0,11-Jun,12-Jun,13-Jun,14-Jun,15-Jun,16-Jun,10-Jun,11-Jun,12-Jun,13-Jun,14-Jun,15-Jun,16-Jun,7,7,0
Chhatrapati Sambhajinagar,Chhatrapati Sambhajinagar,Chhatrapati Sambhajinagar,Paithan,Paithan,20018162,Paithan Taluka 178 Village Grid WS,Hiradpuri,1372,1,0,0,0,0,0,0,0,0,0,0,0,0,0,11-Jun,12-Jun,13-Jun,14-Jun,15-Jun,16-Jun,10-Jun,11-Jun,12-Jun,13-Jun,14-Jun,15-Jun,16-Jun,7,7,0
Chhatrapati Sambhajinagar,Chhatrapati Sambhajinagar,Chhatrapati Sambhajinagar,Paithan,Paithan,20018162,Paithan Taluka 178 Village Grid WS,Rajapur,1108,1,0,0,0,0,0,0,0,0,0,0,0,0,0,11-Jun,12-Jun,13-Jun,14-Jun,15-Jun,16-Jun,10-Jun,11-Jun,12-Jun,13-Jun,14-Jun,15-Jun,16-Jun,7,7,0
Chhatrapati Sambhajinagar,Chhatrapati Sambhajinagar,Chhatrapati Sambhajinagar,Paithan,Paithan,20018162,Paithan Taluka 178 Village Grid WS,Wawa,460,1,0.36,0,0,0,0,0.33,0,78.26,0,0,0,0,71.74,11-Jun,12-Jun,13-Jun,14-Jun,15-Jun,16-Jun,10-Jun,11-Jun,12-Jun,13-Jun,14-Jun,15-Jun,16-Jun,5,5,2
Chhatrapati Sambhajinagar,Chhatrapati Sambhajinagar,Chhatrapati Sambhajinagar,Paithan,Paithan,20018162,Paithan Taluka 178 Village Grid WS,Koli Bodkha,3700,1,0,0,0,0,0,0,0,0,0,0,0,0,0,11-Jun,12-Jun,13-Jun,14-Jun,15-Jun,16-Jun,10-Jun,11-Jun,12-Jun,13-Jun,14-Jun,15-Jun,16-Jun,7,7,0
Chhatrapati Sambhajinagar,Chhatrapati Sambhajinagar,Chhatrapati Sambhajinagar,Paithan,Paithan,20018162,Paithan Taluka 178 Village Grid WS,Tondoli,0,1,0,0,0,0,0,0,0,0,0,0,0,0,0,11-Jun,12-Jun,13-Jun,14-Jun,15-Jun,16-Jun,10-Jun,11-Jun,12-Jun,13-Jun,14-Jun,15-Jun,16-Jun,7,7,0
Chhatrapati Sambhajinagar,Chhatrapati Sambhajinagar,Chhatrapati Sambhajinagar,Paithan,Paithan,20018162,Paithan Taluka 178 Village Grid WS,Somapuri,0,1,0,0,0,0,0,0,0,0,0,0,0,0,0,11-Jun,12-Jun,13-Jun,14-Jun,15-Jun,16-Jun,10-Jun,11-Jun,12-Jun,13-Jun,14-Jun,15-Jun,16-Jun,7,7,0
Chhatrapati Sambhajinagar,Chhatrapati Sambhajinagar,Chhatrapati Sambhajinagar,Paithan,Paithan,20018162,Paithan Taluka 178 Village Grid WS,Daregaon,992,1,0,0,0,0,0,0,0,0,0,0,0,0,0,11-Jun,12-Jun,13-Jun,14-Jun,15-Jun,16-Jun,10-Jun,11-Jun,12-Jun,13-Jun,14-Jun,15-Jun,16-Jun,7,7,0
Chhatrapati Sambhajinagar,Chhatrapati Sambhajinagar,Chhatrapati Sambhajinagar,Paithan,Paithan,20018162,Paithan Taluka 178 Village Grid WS,Thergaon,1020,1,2.67,2.64,3.11,3.84,3.59,4.1,370.34,261.76,258.82,304.97,376.15,351.96,401.96,11-Jun,12-Jun,13-Jun,14-Jun,15-Jun,16-Jun,10-Jun,11-Jun,12-Jun,13-Jun,14-Jun,15-Jun,16-Jun,0,0,7
Chhatrapati Sambhajinagar,Chhatrapati Sambhajinagar,Chhatrapati Sambhajinagar,Paithan,Paithan,20018162,Paithan Taluka 178 Village Grid WS,kapuswadi,0,1,0,0,0,0,0,0,0,0,0,0,0,0,0,11-Jun,12-Jun,13-Jun,14-Jun,15-Jun,16-Jun,10-Jun,11-Jun,12-Jun,13-Jun,14-Jun,15-Jun,16-Jun,7,7,0
Chhatrapati Sambhajinagar,Chhatrapati Sambhajinagar,Chhatrapati Sambhajinagar,Paithan,Paithan,20018162,Paithan Taluka 178 Village Grid WS,Karkin,2680,1,0.86,0,0,0,0,0,30.97,32.09,0,0,0,0,0,11-Jun,12-Jun,13-Jun,14-Jun,15-Jun,16-Jun,10-Jun,11-Jun,12-Jun,13-Jun,14-Jun,15-Jun,16-Jun,5,7,0
Chhatrapati Sambhajinagar,Chhatrapati Sambhajinagar,Chhatrapati Sambhajinagar,Paithan,Paithan,20018162,Paithan Taluka 178 Village Grid WS,Khandewadi,0,1,0,0.01,0.03,0,0.03,0,0,0,0,0,0,0,0,11-Jun,12-Jun,13-Jun,14-Jun,15-Jun,16-Jun,10-Jun,11-Jun,12-Jun,13-Jun,14-Jun,15-Jun,16-Jun,7,7,0
Chhatrapati Sambhajinagar,Chhatrapati Sambhajinagar,Chhatrapati Sambhajinagar,Paithan,Paithan,20018162,Paithan Taluka 178 Village Grid WS,Kutub Kheda,792,1,0,0,0,0,0,0,0,0,0,0,0,0,0,11-Jun,12-Jun,13-Jun,14-Jun,15-Jun,16-Jun,10-Jun,11-Jun,12-Jun,13-Jun,14-Jun,15-Jun,16-Jun,7,7,0
Chhatrapati Sambhajinagar,Chhatrapati Sambhajinagar,Chhatrapati Sambhajinagar,Paithan,Paithan,20018162,Paithan Taluka 178 Village Grid WS,Warwandi Kh.,800,1,0.69,0,0,0.85,0.25,0,55,86.25,0,0,106.25,31.25,0,11-Jun,12-Jun,13-Jun,14-Jun,15-Jun,16-Jun,10-Jun,11-Jun,12-Jun,13-Jun,14-Jun,15-Jun,16-Jun,3,4,2
Chhatrapati Sambhajinagar,Chhatrapati Sambhajinagar,Chhatrapati Sambhajinagar,Paithan,Paithan,20018162,Paithan Taluka 178 Village Grid WS,Shivani,440,1,0,0.4,0.59,0.66,0,0,0,0,90.91,134.09,150,0,0,11-Jun,12-Jun,13-Jun,14-Jun,15-Jun,16-Jun,10-Jun,11-Jun,12-Jun,13-Jun,14-Jun,15-Jun,16-Jun,4,4,3
Chhatrapati Sambhajinagar,Chhatrapati Sambhajinagar,Chhatrapati Sambhajinagar,Paithan,Paithan,20018162,Paithan Taluka 178 Village Grid WS,Narayangaon,1272,1,1.36,1.2,0.52,2.04,0.53,1.52,110.06,106.92,94.34,40.88,160.38,41.67,119.5,11-Jun,12-Jun,13-Jun,14-Jun,15-Jun,16-Jun,10-Jun,11-Jun,12-Jun,13-Jun,14-Jun,15-Jun,16-Jun,0,2,5
Chhatrapati Sambhajinagar,Chhatrapati Sambhajinagar,Chhatrapati Sambhajinagar,Paithan,Paithan,20018162,Paithan Taluka 178 Village Grid WS,Paithan Kheda,1788,1,0.04,0,0,0,0,0,0,2.24,0,0,0,0,0,11-Jun,12-Jun,13-Jun,14-Jun,15-Jun,16-Jun,10-Jun,11-Jun,12-Jun,13-Jun,14-Jun,15-Jun,16-Jun,6,7,0
Chhatrapati Sambhajinagar,Chhatrapati Sambhajinagar,Chhatrapati Sambhajinagar,Paithan,Paithan,20018162,Paithan Taluka 178 Village Grid WS,Khadgaon,1936,1,0.02,0.1,0,0.1,0,0,7.23,1.03,5.17,0,5.17,0,0,11-Jun,12-Jun,13-Jun,14-Jun,15-Jun,16-Jun,10-Jun,11-Jun,12-Jun,13-Jun,14-Jun,15-Jun,16-Jun,3,7,0
Chhatrapati Sambhajinagar,Chhatrapati Sambhajinagar,Chhatrapati Sambhajinagar,Paithan,Paithan,20018162,Paithan Taluka 178 Village Grid WS,Harshi Bk.,0,1,0,0,0,0,0,0,0,0,0,0,0,0,0,11-Jun,12-Jun,13-Jun,14-Jun,15-Jun,16-Jun,10-Jun,11-Jun,12-Jun,13-Jun,14-Jun,15-Jun,16-Jun,7,7,0
Chhatrapati Sambhajinagar,Chhatrapati Sambhajinagar,Chhatrapati Sambhajinagar,Paithan,Paithan,20018162,Paithan Taluka 178 Village Grid WS,Honobachi wadi,783,1,0,0,0,0,0,0,0,0,0,0,0,0,0,11-Jun,12-Jun,13-Jun,14-Jun,15-Jun,16-Jun,10-Jun,11-Jun,12-Jun,13-Jun,14-Jun,15-Jun,16-Jun,7,7,0
Chhatrapati Sambhajinagar,Chhatrapati Sambhajinagar,Chhatrapati Sambhajinagar,Paithan,Paithan,20018162,Paithan Taluka 178 Village Grid WS,Geora Kh.,0,1,0.59,0,0,0.42,0.3,0.03,0,0,0,0,0,0,0,11-Jun,12-Jun,13-Jun,14-Jun,15-Jun,16-Jun,10-Jun,11-Jun,12-Jun,13-Jun,14-Jun,15-Jun,16-Jun,7,7,0
Chhatrapati Sambhajinagar,Chhatrapati Sambhajinagar,Chhatrapati Sambhajinagar,Paithan,Paithan,20018162,Paithan Taluka 178 Village Grid WS,Mavasgavhan,588,1,0.35,0.25,3.55,0.9,0.67,1.87,289.12,59.52,42.52,603.74,153.06,113.95,318.03,11-Jun,12-Jun,13-Jun,14-Jun,15-Jun,16-Jun,10-Jun,11-Jun,12-Jun,13-Jun,14-Jun,15-Jun,16-Jun,0,1,6
Chhatrapati Sambhajinagar,Chhatrapati Sambhajinagar,Chhatrapati Sambhajinagar,Paithan,Paithan,20018162,Paithan Taluka 178 Village Grid WS,Nandar,3360,1,69.75,67.51,91.29,88.18,102.13,78.09,2012.83,2075.74,2009.26,2716.91,2624.26,3039.69,2324.2,11-Jun,12-Jun,13-Jun,14-Jun,15-Jun,16-Jun,10-Jun,11-Jun,12-Jun,13-Jun,14-Jun,15-Jun,16-Jun,0,0,7
Chhatrapati Sambhajinagar,Chhatrapati Sambhajinagar,Chhatrapati Sambhajinagar,Paithan,Paithan,20018162,Paithan Taluka 178 Village Grid WS,Vihamandwa,6440,1,0,0,0,1.34,3.4,3.13,67.39,0,0,0,20.81,52.8,48.6,11-Jun,12-Jun,13-Jun,14-Jun,15-Jun,16-Jun,10-Jun,11-Jun,12-Jun,13-Jun,14-Jun,15-Jun,16-Jun,3,6,1
Chhatrapati Sambhajinagar,Nanded,Nanded,Hadgaon,Hadgaon,20013969,Hadgaon and Himayatnagar 132 Village Grid WSS,Dhanora (Hastara),2529,1,11.32,15.93,26.31,32.62,63.68,32.24,423.67,447.73,629.89,1040.4,1289.94,2517.85,1274.97,11-Jun,12-Jun,13-Jun,14-Jun,15-Jun,16-Jun,10-Jun,11-Jun,12-Jun,13-Jun,14-Jun,15-Jun,16-Jun,0,0,7
Chhatrapati Sambhajinagar,Nanded,Nanded,Hadgaon,Hadgaon,20013969,Hadgaon and Himayatnagar 132 Village Grid WSS,Nevri,2518,1,0,0,0,0,0,0,0,0,0,0,0,0,0,11-Jun,12-Jun,13-Jun,14-Jun,15-Jun,16-Jun,10-Jun,11-Jun,12-Jun,13-Jun,14-Jun,15-Jun,16-Jun,7,7,0
Chhatrapati Sambhajinagar,Nanded,Nanded,Hadgaon,Hadgaon,20013969,Hadgaon and Himayatnagar 132 Village Grid WSS,Ghogri,1237,1,0.14,5.04,0,4.99,0,4.84,0,11.32,407.44,0,403.4,0,391.27,11-Jun,12-Jun,13-Jun,14-Jun,15-Jun,16-Jun,10-Jun,11-Jun,12-Jun,13-Jun,14-Jun,15-Jun,16-Jun,3,4,3
Chhatrapati Sambhajinagar,Chhatrapati Sambhajinagar,Chhatrapati Sambhajinagar,Vaijapur,Vaijapur,20051233,373 Village Gangapur-Vaijapur Grid WSS,Belgaon,2403,1,0,0,0,0,0,0,0,0,0,0,0,0,0,11-Jun,12-Jun,13-Jun,14-Jun,15-Jun,16-Jun,10-Jun,11-Jun,12-Jun,13-Jun,14-Jun,15-Jun,16-Jun,7,7,0
Chhatrapati Sambhajinagar,Chhatrapati Sambhajinagar,Chhatrapati Sambhajinagar,Vaijapur,Vaijapur,20051233,373 Village Gangapur-Vaijapur Grid WSS,Aghur,3999,1,1.71,1.5,1.16,1.3,1.64,1.49,28.51,42.76,37.51,29.01,32.51,41.01,37.26,11-Jun,12-Jun,13-Jun,14-Jun,15-Jun,16-Jun,10-Jun,11-Jun,12-Jun,13-Jun,14-Jun,15-Jun,16-Jun,0,7,0
Chhatrapati Sambhajinagar,Chhatrapati Sambhajinagar,Chhatrapati Sambhajinagar,Vaijapur,Vaijapur,20051233,373 Village Gangapur-Vaijapur Grid WSS,Agar Saigaon,1601,1,12.93,4.05,0,0,0,0,10083.7,807.62,252.97,0,0,0,0,11-Jun,12-Jun,13-Jun,14-Jun,15-Jun,16-Jun,10-Jun,11-Jun,12-Jun,13-Jun,14-Jun,15-Jun,16-Jun,4,4,3
Chhatrapati Sambhajinagar,Chhatrapati Sambhajinagar,Chhatrapati Sambhajinagar,Vaijapur,Vaijapur,20051233,373 Village Gangapur-Vaijapur Grid WSS,Bhaigaon Ganga,1373,1,0,0,0,0,0,0,0,0,0,0,0,0,0,11-Jun,12-Jun,13-Jun,14-Jun,15-Jun,16-Jun,10-Jun,11-Jun,12-Jun,13-Jun,14-Jun,15-Jun,16-Jun,7,7,0
Chhatrapati Sambhajinagar,Chhatrapati Sambhajinagar,Jalna,Partur,Partur,20094559,"120 Villages Extension Scheme for Works Not Considered in 173 GRID WSS and 95 GRID WSS Tq. Partur, Mantha and Jalna Dist: Jalna",Pimprula (bk),1111,1,0,0,0,0,0,0,0,0,0,0,0,0.01,0,11-Jun,12-Jun,13-Jun,14-Jun,15-Jun,16-Jun,10-Jun,11-Jun,12-Jun,13-Jun,14-Jun,15-Jun,16-Jun,1,7,0
Chhatrapati Sambhajinagar,Nanded,Nanded,Himayatnagar,Himayatnagar,20013969,Hadgaon and Himayatnagar 132 Village Grid WSS,Pota (Bk),5377,1,0,0,0,0,0,0,0,0,0,0,0,0,0,11-Jun,12-Jun,13-Jun,14-Jun,15-Jun,16-Jun,10-Jun,11-Jun,12-Jun,13-Jun,14-Jun,15-Jun,16-Jun,7,7,0
Chhatrapati Sambhajinagar,Nanded,Parbhani,Senaon,Senaon,20023330,Kawtha Bk & 9 Vill RR WSS,Shinagikhamba,1296,1,1.52,0,2.06,1.19,2.25,4.9,139.66,117.28,0,158.95,91.82,173.61,378.09,11-Jun,12-Jun,13-Jun,14-Jun,15-Jun,16-Jun,10-Jun,11-Jun,12-Jun,13-Jun,14-Jun,15-Jun,16-Jun,1,1,6
Chhatrapati Sambhajinagar,Nanded,Nanded,Himayatnagar,Himayatnagar,20013969,Hadgaon and Himayatnagar 132 Village Grid WSS,Mangrul,2278,1,2.37,0,0,0,0,0,61.46,104.04,0,0,0,0,0,11-Jun,12-Jun,13-Jun,14-Jun,15-Jun,16-Jun,10-Jun,11-Jun,12-Jun,13-Jun,14-Jun,15-Jun,16-Jun,5,5,2
Chhatrapati Sambhajinagar,Nanded,Nanded,Hadgaon,Hadgaon,20013969,Hadgaon and Himayatnagar 132 Village Grid WSS,Shivani,823,1,0,0,0,0,0,0,0,0,0,0,0,0,0,11-Jun,12-Jun,13-Jun,14-Jun,15-Jun,16-Jun,10-Jun,11-Jun,12-Jun,13-Jun,14-Jun,15-Jun,16-Jun,7,7,0
Chhatrapati Sambhajinagar,Nanded,Nanded,Hadgaon,Hadgaon,20013969,Hadgaon and Himayatnagar 132 Village Grid WSS,Umri kh,1022,1,0,0.94,1.77,0.83,0.97,0.8,0,0,91.98,173.19,81.21,94.91,78.28,11-Jun,12-Jun,13-Jun,14-Jun,15-Jun,16-Jun,10-Jun,11-Jun,12-Jun,13-Jun,14-Jun,15-Jun,16-Jun,2,2,5
Chhatrapati Sambhajinagar,Nanded,Nanded,Hadgaon,Hadgaon,20013969,Hadgaon and Himayatnagar 132 Village Grid WSS,Babhali,2273,1,0.4,0.47,0.48,0.46,0.53,0.5,16.72,17.72,20.68,21.12,20.24,23.32,22,11-Jun,12-Jun,13-Jun,14-Jun,15-Jun,16-Jun,10-Jun,11-Jun,12-Jun,13-Jun,14-Jun,15-Jun,16-Jun,0,7,0
Chhatrapati Sambhajinagar,Nanded,Nanded,Hadgaon,Hadgaon,20013969,Hadgaon and Himayatnagar 132 Village Grid WSS,Umri Ja.,2492,1,0,0,0,0,0,0,0,0,0,0,0,0,0,11-Jun,12-Jun,13-Jun,14-Jun,15-Jun,16-Jun,10-Jun,11-Jun,12-Jun,13-Jun,14-Jun,15-Jun,16-Jun,7,7,0
Chhatrapati Sambhajinagar,Nanded,Nanded,Himayatnagar,Himayatnagar,20013969,Hadgaon and Himayatnagar 132 Village Grid WSS,Pawana,2623,1,0,0,0,0,0,0,0,0,0,0,0,0,0,11-Jun,12-Jun,13-Jun,14-Jun,15-Jun,16-Jun,10-Jun,11-Jun,12-Jun,13-Jun,14-Jun,15-Jun,16-Jun,7,7,0
Chhatrapati Sambhajinagar,Chhatrapati Sambhajinagar,Chhatrapati Sambhajinagar,Vaijapur,Vaijapur,20051233,373 Village Gangapur-Vaijapur Grid WSS,Gadhe Pimpalgaon,3803,1,0,0,0,0,0,0,0,0,0,0,0,0,0,11-Jun,12-Jun,13-Jun,14-Jun,15-Jun,16-Jun,10-Jun,11-Jun,12-Jun,13-Jun,14-Jun,15-Jun,16-Jun,7,7,0
Chhatrapati Sambhajinagar,Chhatrapati Sambhajinagar,Jalna,Mantha,Mantha,20094559,"120 Villages Extension Scheme for Works Not Considered in 173 GRID WSS and 95 GRID WSS Tq. Partur, Mantha and Jalna Dist: Jalna",Vaidhywadgaon,2600,1,0,0,0.99,0,0,0,0,0,0,38.08,0,0,0,11-Jun,12-Jun,13-Jun,14-Jun,15-Jun,16-Jun,10-Jun,11-Jun,12-Jun,13-Jun,14-Jun,15-Jun,16-Jun,6,7,0
Chhatrapati Sambhajinagar,Chhatrapati sambhajinagar,Chhatrapati sambhajinagar,Vaijapur,Vaijapur,20051233,373 Village Gangapur-Vaijapur Grid WSS,Babhulgaon Kh,1976,1,0,0,0,0,0,0,0,0,0,0,0,0,0,11-Jun,12-Jun,13-Jun,14-Jun,15-Jun,16-Jun,10-Jun,11-Jun,12-Jun,13-Jun,14-Jun,15-Jun,16-Jun,7,7,0
Chhatrapati Sambhajinagar,Chhatrapati Sambhajinagar,Chhatrapati Sambhajinagar,Vaijapur,Vaijapur,20051233,373 Village Gangapur-Vaijapur Grid WSS,Pokhari,2866,1,0.07,5.72,0,0,1,2.76,0,2.44,199.75,0,0,34.89,96.45,11-Jun,12-Jun,13-Jun,14-Jun,15-Jun,16-Jun,10-Jun,11-Jun,12-Jun,13-Jun,14-Jun,15-Jun,16-Jun,3,5,2
Chhatrapati Sambhajinagar,Chhatrapati Sambhajinagar,Jalna,Mantha,Mantha,20094559,"120 Villages Extension Scheme for Works Not Considered in 173 GRID WSS and 95 GRID WSS Tq. Partur, Mantha and Jalna Dist: Jalna",Lavani Tanda,1283,1,0,0,0,0.68,0,0,49.1,0,0,0,53,0,0,11-Jun,12-Jun,13-Jun,14-Jun,15-Jun,16-Jun,10-Jun,11-Jun,12-Jun,13-Jun,14-Jun,15-Jun,16-Jun,5,7,0
Chhatrapati Sambhajinagar,Chhatrapati Sambhajinagar,Chhatrapati Sambhajinagar,Vaijapur,Vaijapur,20051233,373 Village Gangapur-Vaijapur Grid WSS,Mahalgaon,5303,1,0.01,0,0,0,0.02,0,0,0.19,0,0,0,0.38,0,11-Jun,12-Jun,13-Jun,14-Jun,15-Jun,16-Jun,10-Jun,11-Jun,12-Jun,13-Jun,14-Jun,15-Jun,16-Jun,5,7,0
Chhatrapati Sambhajinagar,Chhatrapati Sambhajinagar,Jalna,Mantha,Mantha,20094559,"120 Villages Extension Scheme for Works Not Considered in 173 GRID WSS and 95 GRID WSS Tq. Partur, Mantha and Jalna Dist: Jalna",Belora Tanda,847,1,0,0,0,0,0,0,0,0,0,0,0,0,0,11-Jun,12-Jun,13-Jun,14-Jun,15-Jun,16-Jun,10-Jun,11-Jun,12-Jun,13-Jun,14-Jun,15-Jun,16-Jun,7,7,0
Chhatrapati Sambhajinagar,Nanded,Nanded,Hadgaon,Hadgaon,20013969,Hadgaon and Himayatnagar 132 Village Grid WSS,Talegaon,2044,1,0,0,0,0,0,0,0,0,0,0,0,0,0,11-Jun,12-Jun,13-Jun,14-Jun,15-Jun,16-Jun,10-Jun,11-Jun,12-Jun,13-Jun,14-Jun,15-Jun,16-Jun,7,7,0
Chhatrapati Sambhajinagar,Chhatrapati Sambhajinagar,Chhatrapati Sambhajinagar,Sillod,Sillod,20017395,Shirsala & 4 Village,Sirsala Tanda,1032,1,0,0,0,0,0,0.23,0,0,0,0,0,0,22.29,11-Jun,12-Jun,13-Jun,14-Jun,15-Jun,16-Jun,10-Jun,11-Jun,12-Jun,13-Jun,14-Jun,15-Jun,16-Jun,6,7,0
Chhatrapati Sambhajinagar,Chhatrapati Sambhajinagar,Chhatrapati Sambhajinagar,Sillod,Sillod,20017395,Shirsala & 4 Village,Nanegaon,2284,3,0.58,1.12,1.74,1.3,0.57,0.37,113.4,25.39,49.04,76.18,56.92,24.96,16.2,11-Jun,12-Jun,13-Jun,14-Jun,15-Jun,16-Jun,10-Jun,11-Jun,12-Jun,13-Jun,14-Jun,15-Jun,16-Jun,0,4,3
Chhatrapati Sambhajinagar,Latur,Latur,Chakur,Chakur,20030459,Rachnawadi 6 villages WSS,Her Village,6571,1,0,0,0,0,0,0,0,0,0,0,0,0,0,11-Jun,12-Jun,13-Jun,14-Jun,15-Jun,16-Jun,10-Jun,11-Jun,12-Jun,13-Jun,14-Jun,15-Jun,16-Jun,7,7,0
Chhatrapati Sambhajinagar,Chhatrapati Sambhajinagar,Chhatrapati Sambhajinagar,Sillod,Sillod,20017395,Shirsala & 4 Village,Janjala,1088,1,0.1,0.31,0,0.45,0.41,0,64.34,9.19,28.49,0,41.36,37.68,0,11-Jun,12-Jun,13-Jun,14-Jun,15-Jun,16-Jun,10-Jun,11-Jun,12-Jun,13-Jun,14-Jun,15-Jun,16-Jun,2,6,1
Chhatrapati Sambhajinagar,Nanded,Nanded,Hadgaon,Hadgaon,20013969,Hadgaon and Himayatnagar 132 Village Grid WSS,Talni,7037,1,0.53,0,0,0.44,0,0,0,7.53,0,0,6.25,0,0,11-Jun,12-Jun,13-Jun,14-Jun,15-Jun,16-Jun,10-Jun,11-Jun,12-Jun,13-Jun,14-Jun,15-Jun,16-Jun,5,7,0
Chhatrapati Sambhajinagar,Nanded,Nanded,Hadgaon,Hadgaon,20013969,Hadgaon and Himayatnagar 132 Village Grid WSS,Sawargaon,4448,1,0,0,0,0,0,0,0,0,0,0,0,0,0,11-Jun,12-Jun,13-Jun,14-Jun,15-Jun,16-Jun,10-Jun,11-Jun,12-Jun,13-Jun,14-Jun,15-Jun,16-Jun,7,7,0
Chhatrapati Sambhajinagar,Chhatrapati Sambhajinagar,Jalna,Partur,Partur,20094559,"120 Villages Extension Scheme for Works Not Considered in 173 GRID WSS and 95 GRID WSS Tq. Partur, Mantha and Jalna Dist: Jalna",Raigavan,1839,1,0,0,0,0,0,0,0,0,0,0,0,0,0,11-Jun,12-Jun,13-Jun,14-Jun,15-Jun,16-Jun,10-Jun,11-Jun,12-Jun,13-Jun,14-Jun,15-Jun,16-Jun,7,7,0
Chhatrapati Sambhajinagar,Chhatrapati Sambhajinagar,Chhatrapati Sambhajinagar,Sillod,Sillod,20017395,Shirsala & 4 Village,Pangri,1472,1,2.46,0.3,2.24,0.86,0.14,0.16,88.32,167.12,20.38,152.17,58.42,9.51,10.87,11-Jun,12-Jun,13-Jun,14-Jun,15-Jun,16-Jun,10-Jun,11-Jun,12-Jun,13-Jun,14-Jun,15-Jun,16-Jun,0,3,4
Chhatrapati Sambhajinagar,Nanded,Nanded,Hadgaon,Hadgaon,20013969,Hadgaon and Himayatnagar 132 Village Grid WSS,Kharbi,1461,1,0.77,0,0,0,0.12,1.01,1.37,52.7,0,0,0,8.21,69.13,11-Jun,12-Jun,13-Jun,14-Jun,15-Jun,16-Jun,10-Jun,11-Jun,12-Jun,13-Jun,14-Jun,15-Jun,16-Jun,3,6,1
Chhatrapati Sambhajinagar,Chhatrapati Sambhajinagar,Jalna,Mantha,Mantha,20094559,"120 Villages Extension Scheme for Works Not Considered in 173 GRID WSS and 95 GRID WSS Tq. Partur, Mantha and Jalna Dist: Jalna",Khorvad,2017,1,0,0,0,0,0,1.27,0,0,0,0,0,0,62.91,11-Jun,12-Jun,13-Jun,14-Jun,15-Jun,16-Jun,10-Jun,11-Jun,12-Jun,13-Jun,14-Jun,15-Jun,16-Jun,4,6,1
Chhatrapati Sambhajinagar,Chhatrapati Sambhajinagar,Chhatrapati Sambhajinagar,Gangapur,Gangapur,20051233,373 Village Gangapur-Vaijapur Grid WSS,Babhulgaon Padalsa,1001,1,0,0,0,0,0,0,10.99,0,0,0,0,0,0,11-Jun,12-Jun,13-Jun,14-Jun,15-Jun,16-Jun,10-Jun,11-Jun,12-Jun,13-Jun,14-Jun,15-Jun,16-Jun,6,7,0
Chhatrapati Sambhajinagar,Chhatrapati Sambhajinagar,Jalna,Partur,Partur,20094559,"120 Villages Extension Scheme for Works Not Considered in 173 GRID WSS and 95 GRID WSS Tq. Partur, Mantha and Jalna Dist: Jalna",Pimpali Dhamangaon,1892,1,,,0,1.3,0.92,1.16,,,,0,0,0,0,11-Jun,12-Jun,13-Jun,14-Jun,15-Jun,16-Jun,10-Jun,11-Jun,12-Jun,13-Jun,14-Jun,15-Jun,16-Jun,4,4,0
Chhatrapati Sambhajinagar,Chhatrapati Sambhajinagar,Jalna,Partur,Partur,20094559,"120 Villages Extension Scheme for Works Not Considered in 173 GRID WSS and 95 GRID WSS Tq. Partur, Mantha and Jalna Dist: Jalna",Shreshti Tanda,574,1,0,0,0,0,0,0,0,0,0,0,0,0,0,11-Jun,12-Jun,13-Jun,14-Jun,15-Jun,16-Jun,10-Jun,11-Jun,12-Jun,13-Jun,14-Jun,15-Jun,16-Jun,7,7,0
Chhatrapati Sambhajinagar,Nanded,Nanded,Himayatnagar,Himayatnagar,20013969,Hadgaon and Himayatnagar 132 Village Grid WSS,Palaspur,2211,1,3.85,0,4.05,0,3.77,0,0,174.13,0,183.18,0,170.51,0,11-Jun,12-Jun,13-Jun,14-Jun,15-Jun,16-Jun,10-Jun,11-Jun,12-Jun,13-Jun,14-Jun,15-Jun,16-Jun,4,4,3
Chhatrapati Sambhajinagar,Nanded,Nanded,Himayatnagar,Himayatnagar,20013969,Hadgaon and Himayatnagar 132 Village Grid WSS,Dudhad,1232,1,0,0,0,2.26,0,0,0,0,0,0,183.54,0,0,11-Jun,12-Jun,13-Jun,14-Jun,15-Jun,16-Jun,10-Jun,11-Jun,12-Jun,13-Jun,14-Jun,15-Jun,16-Jun,6,6,1
Chhatrapati Sambhajinagar,Chhatrapati sambhajinagar,Chhatrapati sambhajinagar,Vaijapur,Vaijapur,20051233,373 Village Gangapur-Vaijapur Grid WSS,Babhulgaon Bk.,2964,1,0,0,0,0,0,0.66,24.97,0,0,0,0,0,22.27,11-Jun,12-Jun,13-Jun,14-Jun,15-Jun,16-Jun,10-Jun,11-Jun,12-Jun,13-Jun,14-Jun,15-Jun,16-Jun,5,7,0
Chhatrapati Sambhajinagar,Nanded,Nanded,Hadgaon,Hadgaon,20013969,Hadgaon and Himayatnagar 132 Village Grid WSS,Wadgaon BK.,1840,1,0,0,0,0,0,0,0,0,0,0,0,0,0,11-Jun,12-Jun,13-Jun,14-Jun,15-Jun,16-Jun,10-Jun,11-Jun,12-Jun,13-Jun,14-Jun,15-Jun,16-Jun,7,7,0
Chhatrapati Sambhajinagar,Chhatrapati Sambhajinagar,Chhatrapati Sambhajinagar,Paithan,Paithan,20018162,Paithan Taluka 178 Village Grid WS,Akthawada,1508,1,2.24,0,0.3,1.55,1.69,0.88,32.49,148.54,0,19.89,102.79,112.07,58.36,11-Jun,12-Jun,13-Jun,14-Jun,15-Jun,16-Jun,10-Jun,11-Jun,12-Jun,13-Jun,14-Jun,15-Jun,16-Jun,1,3,4
Chhatrapati Sambhajinagar,Chhatrapati Sambhajinagar,Jalna,Partur,Partur,20094559,"120 Villages Extension Scheme for Works Not Considered in 173 GRID WSS and 95 GRID WSS Tq. Partur, Mantha and Jalna Dist: Jalna",Hatadi,1759,1,0,0,0,0,0,0,0,0,0,0,0,0,0,11-Jun,12-Jun,13-Jun,14-Jun,15-Jun,16-Jun,10-Jun,11-Jun,12-Jun,13-Jun,14-Jun,15-Jun,16-Jun,7,7,0
Chhatrapati Sambhajinagar,Nanded,Nanded,Hadgaon,Hadgaon,20013969,Hadgaon and Himayatnagar 132 Village Grid WSS,Talang,579,1,0,0.07,0.04,0.12,0.07,0.02,0,0,12.09,6.91,20.73,12.09,3.45,11-Jun,12-Jun,13-Jun,14-Jun,15-Jun,16-Jun,10-Jun,11-Jun,12-Jun,13-Jun,14-Jun,15-Jun,16-Jun,2,7,0
Chhatrapati Sambhajinagar,Chhatrapati Sambhajinagar,Jalna,Partur,Partur,20094559,"120 Villages Extension Scheme for Works Not Considered in 173 GRID WSS and 95 GRID WSS Tq. Partur, Mantha and Jalna Dist: Jalna",Soyajanna,1238,2,0,0.02,0.02,0.43,0.06,0,35.09,0,1.23,1.96,34.97,5.14,0,11-Jun,12-Jun,13-Jun,14-Jun,15-Jun,16-Jun,10-Jun,11-Jun,12-Jun,13-Jun,14-Jun,15-Jun,16-Jun,1,7,0
Chhatrapati Sambhajinagar,Chhatrapati Sambhajinagar,Jalna,Partur,Partur,20094559,"120 Villages Extension Scheme for Works Not Considered in 173 GRID WSS and 95 GRID WSS Tq. Partur, Mantha and Jalna Dist: Jalna",Yenora,2262,1,0,0,0,0,0,0,0,0,0,0,0,0,0,11-Jun,12-Jun,13-Jun,14-Jun,15-Jun,16-Jun,10-Jun,11-Jun,12-Jun,13-Jun,14-Jun,15-Jun,16-Jun,7,7,0
Chhatrapati Sambhajinagar,Chhatrapati Sambhajinagar,Jalna,Partur,Partur,20094559,"120 Villages Extension Scheme for Works Not Considered in 173 GRID WSS and 95 GRID WSS Tq. Partur, Mantha and Jalna Dist: Jalna",Likhitpimpri,1174,1,0.14,0,0,0.38,0.1,0.26,40.03,11.93,0,0,32.37,8.52,22.15,11-Jun,12-Jun,13-Jun,14-Jun,15-Jun,16-Jun,10-Jun,11-Jun,12-Jun,13-Jun,14-Jun,15-Jun,16-Jun,2,7,0
Chhatrapati Sambhajinagar,Chhatrapati Sambhajinagar,Jalna,Partur,Partur,20094559,"120 Villages Extension Scheme for Works Not Considered in 173 GRID WSS and 95 GRID WSS Tq. Partur, Mantha and Jalna Dist: Jalna",Watur Fata,4297,1,0,0,0,0,0,0,0,0,0,0,0,0,0,11-Jun,12-Jun,13-Jun,14-Jun,15-Jun,16-Jun,10-Jun,11-Jun,12-Jun,13-Jun,14-Jun,15-Jun,16-Jun,7,7,0
Chhatrapati Sambhajinagar,Chhatrapati Sambhajinagar,Jalna,Partur,Partur,20094559,"120 Villages Extension Scheme for Works Not Considered in 173 GRID WSS and 95 GRID WSS Tq. Partur, Mantha and Jalna Dist: Jalna",Singhona,2345,1,0,0,0,0,0,0,0,0,0.01,0,0,0,0,11-Jun,12-Jun,13-Jun,14-Jun,15-Jun,16-Jun,10-Jun,11-Jun,12-Jun,13-Jun,14-Jun,15-Jun,16-Jun,3,7,0
Chhatrapati Sambhajinagar,Nanded,Nanded,Hadgaon,Hadgaon,20013969,Hadgaon and Himayatnagar 132 Village Grid WSS,Kolgaon,752,1,0,0,0,0,0,0,0,0,0,0,0,0,0,11-Jun,12-Jun,13-Jun,14-Jun,15-Jun,16-Jun,10-Jun,11-Jun,12-Jun,13-Jun,14-Jun,15-Jun,16-Jun,7,7,0
Chhatrapati Sambhajinagar,Nanded,Nanded,Hadgaon,Hadgaon,20013969,Hadgaon and Himayatnagar 132 Village Grid WSS,Wai Pana Bk,3017,1,0,0,0,0,0,0,0,0,0,0,0,0,0,11-Jun,12-Jun,13-Jun,14-Jun,15-Jun,16-Jun,10-Jun,11-Jun,12-Jun,13-Jun,14-Jun,15-Jun,16-Jun,7,7,0
Chhatrapati Sambhajinagar,Chhatrapati Sambhajinagar,Jalna,Partur,Partur,20094559,"120 Villages Extension Scheme for Works Not Considered in 173 GRID WSS and 95 GRID WSS Tq. Partur, Mantha and Jalna Dist: Jalna",Shelavda,521,1,,,0,0,0,0,,,,0,0,0,0,11-Jun,12-Jun,13-Jun,14-Jun,15-Jun,16-Jun,10-Jun,11-Jun,12-Jun,13-Jun,14-Jun,15-Jun,16-Jun,4,4,0
Chhatrapati Sambhajinagar,Chhatrapati sambhajinagar,Chhatrapati sambhajinagar,Vaijapur,Vaijapur,20051233,373 Village Gangapur-Vaijapur Grid WSS,Mali Sagaj,2144,1,0,0,0.33,0,0,0.29,17.72,0,0,15.39,0,0,13.53,11-Jun,12-Jun,13-Jun,14-Jun,15-Jun,16-Jun,10-Jun,11-Jun,12-Jun,13-Jun,14-Jun,15-Jun,16-Jun,4,7,0
Chhatrapati Sambhajinagar,Nanded,Nanded,Hadgaon,Hadgaon,20013969,Hadgaon and Himayatnagar 132 Village Grid WSS,Pingli,460,1,1.02,1.04,0.74,0,0.55,1.21,0,221.74,226.09,160.87,0,119.57,263.04,11-Jun,12-Jun,13-Jun,14-Jun,15-Jun,16-Jun,10-Jun,11-Jun,12-Jun,13-Jun,14-Jun,15-Jun,16-Jun,2,2,5
Chhatrapati Sambhajinagar,Nanded,Nanded,Hadgaon,Hadgaon,20013969,Hadgaon and Himayatnagar 132 Village Grid WSS,Rui,3670,1,0,0,0,0,0,0,0,0,0,0,0,0,0,11-Jun,12-Jun,13-Jun,14-Jun,15-Jun,16-Jun,10-Jun,11-Jun,12-Jun,13-Jun,14-Jun,15-Jun,16-Jun,7,7,0
Chhatrapati Sambhajinagar,Chhatrapati Sambhajinagar,Jalna,Mantha,Mantha,20094559,"120 Villages Extension Scheme for Works Not Considered in 173 GRID WSS and 95 GRID WSS Tq. Partur, Mantha and Jalna Dist: Jalna",Wazarsarkate,2525,1,0,0,0,0,0,0,0,0,0,0,0,0,0,11-Jun,12-Jun,13-Jun,14-Jun,15-Jun,16-Jun,10-Jun,11-Jun,12-Jun,13-Jun,14-Jun,15-Jun,16-Jun,7,7,0
Chhatrapati Sambhajinagar,Chhatrapati Sambhajinagar,Jalna,Partur,Partur,20094559,"120 Villages Extension Scheme for Works Not Considered in 173 GRID WSS and 95 GRID WSS Tq. Partur, Mantha and Jalna Dist: Jalna",Dhokmal Tanda,1058,1,0,0,0,0,0,0,0,0,0,0,0,0,0,11-Jun,12-Jun,13-Jun,14-Jun,15-Jun,16-Jun,10-Jun,11-Jun,12-Jun,13-Jun,14-Jun,15-Jun,16-Jun,7,7,0
Chhatrapati Sambhajinagar,Nanded,Nanded,Hadgaon,Hadgaon,20013969,Hadgaon and Himayatnagar 132 Village Grid WSS,Shirad,4587,1,0,0,0,0,0,0,0,0,0,0,0,0,0,11-Jun,12-Jun,13-Jun,14-Jun,15-Jun,16-Jun,10-Jun,11-Jun,12-Jun,13-Jun,14-Jun,15-Jun,16-Jun,7,7,0
Chhatrapati Sambhajinagar,Chhatrapati Sambhajinagar,Jalna,Partur,Partur,20094559,"120 Villages Extension Scheme for Works Not Considered in 173 GRID WSS and 95 GRID WSS Tq. Partur, Mantha and Jalna Dist: Jalna",Varphal,3649,1,0,0,0,0,0,0,0,0,0,0,0,0,0,11-Jun,12-Jun,13-Jun,14-Jun,15-Jun,16-Jun,10-Jun,11-Jun,12-Jun,13-Jun,14-Jun,15-Jun,16-Jun,7,7,0
Chhatrapati Sambhajinagar,Nanded,Nanded,Hadgaon,Hadgaon,20013969,Hadgaon and Himayatnagar 132 Village Grid WSS,Mardga,3172,1,0,0,0,0,0,0,0,0,0,0,0,0,0,11-Jun,12-Jun,13-Jun,14-Jun,15-Jun,16-Jun,10-Jun,11-Jun,12-Jun,13-Jun,14-Jun,15-Jun,16-Jun,7,7,0
Chhatrapati Sambhajinagar,Nanded,Nanded,Himayatnagar,Himayatnagar,20013969,Hadgaon and Himayatnagar 132 Village Grid WSS,Karanji,1346,1,4.81,3.7,3.35,3.15,3.6,0,0,357.36,274.89,248.89,234.03,267.46,0,11-Jun,12-Jun,13-Jun,14-Jun,15-Jun,16-Jun,10-Jun,11-Jun,12-Jun,13-Jun,14-Jun,15-Jun,16-Jun,2,2,5
Chhatrapati Sambhajinagar,Chhatrapati Sambhajinagar,Jalna,Partur,Partur,20094559,"120 Villages Extension Scheme for Works Not Considered in 173 GRID WSS and 95 GRID WSS Tq. Partur, Mantha and Jalna Dist: Jalna",Khandvi,2404,1,0,0,0,0,0,0,0,0,0,0,0,0,0,11-Jun,12-Jun,13-Jun,14-Jun,15-Jun,16-Jun,10-Jun,11-Jun,12-Jun,13-Jun,14-Jun,15-Jun,16-Jun,7,7,0
Chhatrapati Sambhajinagar,Nanded,Nanded,Hadgaon,Hadgaon,20013969,Hadgaon and Himayatnagar 132 Village Grid WSS,Shendan,526,1,0,0,0,0,0,0,0,0,0,0,0,0,0,11-Jun,12-Jun,13-Jun,14-Jun,15-Jun,16-Jun,10-Jun,11-Jun,12-Jun,13-Jun,14-Jun,15-Jun,16-Jun,7,7,0
Chhatrapati Sambhajinagar,Latur,Latur,Renapur,Renapur,20030820,Pangaon 10 villages WSS,Kharoli,8990,2,0,0,18.48,7.87,14.07,0,0,0,0,205.56,87.54,156.51,0,11-Jun,12-Jun,13-Jun,14-Jun,15-Jun,16-Jun,10-Jun,11-Jun,12-Jun,13-Jun,14-Jun,15-Jun,16-Jun,4,4,3
Chhatrapati Sambhajinagar,Nanded,Nanded,Himayatnagar,Himayatnagar,20013969,Hadgaon and Himayatnagar 132 Village Grid WSS,Kamari,4301,1,0,8.18,3.88,0,0,0,0,0,190.19,90.21,0,0,0,11-Jun,12-Jun,13-Jun,14-Jun,15-Jun,16-Jun,10-Jun,11-Jun,12-Jun,13-Jun,14-Jun,15-Jun,16-Jun,5,5,2
Chhatrapati Sambhajinagar,Chhatrapati Sambhajinagar,Jalna,Mantha,Mantha,20094559,"120 Villages Extension Scheme for Works Not Considered in 173 GRID WSS and 95 GRID WSS Tq. Partur, Mantha and Jalna Dist: Jalna",Limbaji Barbada,369,1,0,0,0,0,0,0,89.43,0,0,0,0,0,0,11-Jun,12-Jun,13-Jun,14-Jun,15-Jun,16-Jun,10-Jun,11-Jun,12-Jun,13-Jun,14-Jun,15-Jun,16-Jun,6,6,1
Chhatrapati Sambhajinagar,Chhatrapati Sambhajinagar,Jalna,Partur,Partur,20094559,"120 Villages Extension Scheme for Works Not Considered in 173 GRID WSS and 95 GRID WSS Tq. Partur, Mantha and Jalna Dist: Jalna",Kokate Hatgaon,3363,2,PI Point not found '\\WIN-6SIR0BN8BTR\JJM.MH_JJM_PARTUR_20094559_VIL_KOKATE_HATGAON_CALC_WTR_CONS_PER_DAY_FOR_LPCD'.,PI Point not found '\\WIN-6SIR0BN8BTR\JJM.MH_JJM_PARTUR_20094559_VIL_KOKATE_HATGAON_CALC_WTR_CONS_PER_DAY_FOR_LPCD'.,PI Point not found '\\WIN-6SIR0BN8BTR\JJM.MH_JJM_PARTUR_20094559_VIL_KOKATE_HATGAON_CALC_WTR_CONS_PER_DAY_FOR_LPCD'.,PI Point not found '\\WIN-6SIR0BN8BTR\JJM.MH_JJM_PARTUR_20094559_VIL_KOKATE_HATGAON_CALC_WTR_CONS_PER_DAY_FOR_LPCD'.,PI Point not found '\\WIN-6SIR0BN8BTR\JJM.MH_JJM_PARTUR_20094559_VIL_KOKATE_HATGAON_CALC_WTR_CONS_PER_DAY_FOR_LPCD'.,PI Point not found '\\WIN-6SIR0BN8BTR\JJM.MH_JJM_PARTUR_20094559_VIL_KOKATE_HATGAON_CALC_WTR_CONS_PER_DAY_FOR_LPCD'.,PI Point not found '\\WIN-6SIR0BN8BTR\JJM.MH_JJM_PARTUR_20094559_VIL_KOKATE_HATGAON_CALC_LPCD'.,PI Point not found '\\WIN-6SIR0BN8BTR\JJM.MH_JJM_PARTUR_20094559_VIL_KOKATE_HATGAON_CALC_LPCD'.,PI Point not found '\\WIN-6SIR0BN8BTR\JJM.MH_JJM_PARTUR_20094559_VIL_KOKATE_HATGAON_CALC_LPCD'.,PI Point not found '\\WIN-6SIR0BN8BTR\JJM.MH_JJM_PARTUR_20094559_VIL_KOKATE_HATGAON_CALC_LPCD'.,PI Point not found '\\WIN-6SIR0BN8BTR\JJM.MH_JJM_PARTUR_20094559_VIL_KOKATE_HATGAON_CALC_LPCD'.,PI Point not found '\\WIN-6SIR0BN8BTR\JJM.MH_JJM_PARTUR_20094559_VIL_KOKATE_HATGAON_CALC_LPCD'.,PI Point not found '\\WIN-6SIR0BN8BTR\JJM.MH_JJM_PARTUR_20094559_VIL_KOKATE_HATGAON_CALC_LPCD'.,11-Jun,12-Jun,13-Jun,14-Jun,15-Jun,16-Jun,10-Jun,11-Jun,12-Jun,13-Jun,14-Jun,15-Jun,16-Jun,0,0,0
Chhatrapati Sambhajinagar,Nanded,Nanded,Kandhar,Kandhar,7338000,Osmamnagar Shirdhon Combined WSS,Bhutaychiwadi,905,1,0,0,0,0,0,0,0,0,0,0,0,0,0,11-Jun,12-Jun,13-Jun,14-Jun,15-Jun,16-Jun,10-Jun,11-Jun,12-Jun,13-Jun,14-Jun,15-Jun,16-Jun,7,7,0
Chhatrapati Sambhajinagar,Chhatrapati sambhajinagar,Chhatrapati sambhajinagar,Vaijapur,Vaijapur,20051233,373 Village Gangapur-Vaijapur Grid WSS,Sirasgaon,1855,1,0,0,0,0,0,0,0,0,0,0,0,0,0,11-Jun,12-Jun,13-Jun,14-Jun,15-Jun,16-Jun,10-Jun,11-Jun,12-Jun,13-Jun,14-Jun,15-Jun,16-Jun,7,7,0
Chhatrapati Sambhajinagar,Chhatrapati Sambhajinagar,Chhatrapati Sambhajinagar,Vaijapur,Vaijapur,20051233,373 Village Gangapur-Vaijapur Grid WSS,Parsoda,3588,2,0,0.45,0,0,0,0.14,3.07,0,12.54,0,0,0,3.9,11-Jun,12-Jun,13-Jun,14-Jun,15-Jun,16-Jun,10-Jun,11-Jun,12-Jun,13-Jun,14-Jun,15-Jun,16-Jun,4,7,0
Chhatrapati Sambhajinagar,Chhatrapati Sambhajinagar,Jalna,Partur,Partur,20094559,"120 Villages Extension Scheme for Works Not Considered in 173 GRID WSS and 95 GRID WSS Tq. Partur, Mantha and Jalna Dist: Jalna",Salgaon,1029,1,0.01,0.25,0.16,0.39,0.19,0.68,0,0,0,0,0,0,0,11-Jun,12-Jun,13-Jun,14-Jun,15-Jun,16-Jun,10-Jun,11-Jun,12-Jun,13-Jun,14-Jun,15-Jun,16-Jun,7,7,0
Chhatrapati Sambhajinagar,Nanded,Nanded,Himayatnagar,Himayatnagar,20013969,Hadgaon and Himayatnagar 132 Village Grid WSS,Shibadara (J),1480,1,0,0,0,0,0,0,0,0,0,0,0,0,0,11-Jun,12-Jun,13-Jun,14-Jun,15-Jun,16-Jun,10-Jun,11-Jun,12-Jun,13-Jun,14-Jun,15-Jun,16-Jun,7,7,0
Chhatrapati Sambhajinagar,Chhatrapati Sambhajinagar,Jalna,Partur,Partur,20094559,"120 Villages Extension Scheme for Works Not Considered in 173 GRID WSS and 95 GRID WSS Tq. Partur, Mantha and Jalna Dist: Jalna",Paratwadi,2311,1,0,0.51,0,0,0.05,0.64,0,0,0,0,0,0,0,11-Jun,12-Jun,13-Jun,14-Jun,15-Jun,16-Jun,10-Jun,11-Jun,12-Jun,13-Jun,14-Jun,15-Jun,16-Jun,7,7,0
Chhatrapati Sambhajinagar,Chhatrapati Sambhajinagar,Jalna,Partur,Partur,20094559,"120 Villages Extension Scheme for Works Not Considered in 173 GRID WSS and 95 GRID WSS Tq. Partur, Mantha and Jalna Dist: Jalna",Chincholi,1805,1,0,0,0,0,0,0,0,0,0,0,0,0,0,11-Jun,12-Jun,13-Jun,14-Jun,15-Jun,16-Jun,10-Jun,11-Jun,12-Jun,13-Jun,14-Jun,15-Jun,16-Jun,7,7,0
Chhatrapati Sambhajinagar,Chhatrapati Sambhajinagar,Jalna,Partur,Partur,20094559,"120 Villages Extension Scheme for Works Not Considered in 173 GRID WSS and 95 GRID WSS Tq. Partur, Mantha and Jalna Dist: Jalna",Walkhed,1443,1,0,0.13,0.33,0,0,0,0.24,0.01,8.86,23.17,0.02,0,0,11-Jun,12-Jun,13-Jun,14-Jun,15-Jun,16-Jun,10-Jun,11-Jun,12-Jun,13-Jun,14-Jun,15-Jun,16-Jun,1,7,0
Chhatrapati Sambhajinagar,Chhatrapati Sambhajinagar,Jalna,Mantha,Mantha,20094559,"120 Villages Extension Scheme for Works Not Considered in 173 GRID WSS and 95 GRID WSS Tq. Partur, Mantha and Jalna Dist: Jalna",Tuppa,366,1,,,0,0,0,0,,,,0,0,0,0,11-Jun,12-Jun,13-Jun,14-Jun,15-Jun,16-Jun,10-Jun,11-Jun,12-Jun,13-Jun,14-Jun,15-Jun,16-Jun,4,4,0
Chhatrapati Sambhajinagar,Nanded,Nanded,Hadgaon,Hadgaon,20013969,Hadgaon and Himayatnagar 132 Village Grid WSS,Dhanora (Tamsa),1380,1,0,0,0,0,0,0,0,0,0,0,0,0,0,11-Jun,12-Jun,13-Jun,14-Jun,15-Jun,16-Jun,10-Jun,11-Jun,12-Jun,13-Jun,14-Jun,15-Jun,16-Jun,7,7,0
Chhatrapati Sambhajinagar,Nanded,Nanded,Hadgaon,Hadgaon,20013969,Hadgaon and Himayatnagar 132 Village Grid WSS,Kedarguda,1564,1,1.22,0.71,0,0,14.48,6.79,73.53,78.01,45.4,0,0,925.83,434.14,11-Jun,12-Jun,13-Jun,14-Jun,15-Jun,16-Jun,10-Jun,11-Jun,12-Jun,13-Jun,14-Jun,15-Jun,16-Jun,2,3,4
Chhatrapati Sambhajinagar,Chhatrapati Sambhajinagar,Jalna,Partur,Partur,20094559,"120 Villages Extension Scheme for Works Not Considered in 173 GRID WSS and 95 GRID WSS Tq. Partur, Mantha and Jalna Dist: Jalna",Varphalwadi,1029,1,0,0.84,0.13,1.3,0,1.01,76.77,0,81.63,12.63,126.34,0,98.15,11-Jun,12-Jun,13-Jun,14-Jun,15-Jun,16-Jun,10-Jun,11-Jun,12-Jun,13-Jun,14-Jun,15-Jun,16-Jun,2,3,4
Chhatrapati Sambhajinagar,Nanded,Nanded,Hadgaon,Hadgaon,20013969,Hadgaon and Himayatnagar 132 Village Grid WSS,Mahatala,1569,1,0,0,0,0,0,0,0,0,0,0,0,0,0,11-Jun,12-Jun,13-Jun,14-Jun,15-Jun,16-Jun,10-Jun,11-Jun,12-Jun,13-Jun,14-Jun,15-Jun,16-Jun,7,7,0
Chhatrapati Sambhajinagar,Chhatrapati Sambhajinagar,Chhatrapati Sambhajinagar,Paithan,Paithan,20018162,Paithan Taluka 178 Village Grid WS,Kuranpimpri,720,1,0.39,0.81,0.89,0.96,0.79,1.02,79.17,54.17,112.5,123.61,133.33,109.72,141.67,11-Jun,12-Jun,13-Jun,14-Jun,15-Jun,16-Jun,10-Jun,11-Jun,12-Jun,13-Jun,14-Jun,15-Jun,16-Jun,0,1,6
Chhatrapati Sambhajinagar,Chhatrapati sambhajinagar,Chhatrapati sambhajinagar,Vaijapur,Vaijapur,20051233,373 Village Gangapur-Vaijapur Grid WSS,Garaj,1820,1,0,0.45,0,0.22,0.89,0,13.74,0.02,24.73,0,12.23,48.9,0,11-Jun,12-Jun,13-Jun,14-Jun,15-Jun,16-Jun,10-Jun,11-Jun,12-Jun,13-Jun,14-Jun,15-Jun,16-Jun,2,7,0
Chhatrapati Sambhajinagar,Chhatrapati Sambhajinagar,Chhatrapati Sambhajinagar,Paithan,Paithan,20018162,Paithan Taluka 178 Village Grid WS,Changatpuri,3387,1,0,0,0,0,0,0,0,0,0,0,0,0,0,11-Jun,12-Jun,13-Jun,14-Jun,15-Jun,16-Jun,10-Jun,11-Jun,12-Jun,13-Jun,14-Jun,15-Jun,16-Jun,7,7,0
Chhatrapati Sambhajinagar,Chhatrapati Sambhajinagar,Jalna,Mantha,Mantha,20094559,"120 Villages Extension Scheme for Works Not Considered in 173 GRID WSS and 95 GRID WSS Tq. Partur, Mantha and Jalna Dist: Jalna",Kirtapur,1080,1,0,0,0,0,0,0,0,0,0,0,0,0,0,11-Jun,12-Jun,13-Jun,14-Jun,15-Jun,16-Jun,10-Jun,11-Jun,12-Jun,13-Jun,14-Jun,15-Jun,16-Jun,7,7,0
Chhatrapati Sambhajinagar,Nanded,Nanded,Hadgaon,Hadgaon,20013969,Hadgaon and Himayatnagar 132 Village Grid WSS,Yelamb,2225,1,0,0,0,0,0,0,0,0,0,0,0,0,0,11-Jun,12-Jun,13-Jun,14-Jun,15-Jun,16-Jun,10-Jun,11-Jun,12-Jun,13-Jun,14-Jun,15-Jun,16-Jun,7,7,0
Chhatrapati Sambhajinagar,Nanded,Nanded,Hadgaon,Hadgaon,20013969,Hadgaon and Himayatnagar 132 Village Grid WSS,Gargavhan,264,1,7.66,20.83,11.26,12.38,11.92,0,0,2901.52,7889.86,4265.15,4689.39,4515.15,0,11-Jun,12-Jun,13-Jun,14-Jun,15-Jun,16-Jun,10-Jun,11-Jun,12-Jun,13-Jun,14-Jun,15-Jun,16-Jun,2,2,5
Chhatrapati Sambhajinagar,Chhatrapati Sambhajinagar,Chhatrapati Sambhajinagar,Gangapur,Gangapur,20051233,373 Village Gangapur-Vaijapur Grid WSS,Domegaon-Borgaon,1535,1,0,0,0,0,0,0,0,0,0,0,0,0,0,11-Jun,12-Jun,13-Jun,14-Jun,15-Jun,16-Jun,10-Jun,11-Jun,12-Jun,13-Jun,14-Jun,15-Jun,16-Jun,7,7,0
Chhatrapati Sambhajinagar,Nanded,Nanded,Hadgaon,Hadgaon,20013969,Hadgaon and Himayatnagar 132 Village Grid WSS,Newarwadi,1251,1,0,0,0,0,0,0,0,0,0,0,0,0,0,11-Jun,12-Jun,13-Jun,14-Jun,15-Jun,16-Jun,10-Jun,11-Jun,12-Jun,13-Jun,14-Jun,15-Jun,16-Jun,7,7,0
Chhatrapati Sambhajinagar,Chhatrapati Sambhajinagar,Jalna,Partur,Partur,20094559,"120 Villages Extension Scheme for Works Not Considered in 173 GRID WSS and 95 GRID WSS Tq. Partur, Mantha and Jalna Dist: Jalna",Raniwahegaon,1131,2,0,0,0.35,0,0.34,0.79,0,0,0,30.87,0,29.69,69.93,11-Jun,12-Jun,13-Jun,14-Jun,15-Jun,16-Jun,10-Jun,11-Jun,12-Jun,13-Jun,14-Jun,15-Jun,16-Jun,4,6,1
Chhatrapati Sambhajinagar,Nanded,Nanded,Hadgaon,Hadgaon,20013969,Hadgaon and Himayatnagar 132 Village Grid WSS,Pangri (Manatha),772,1,0,0,0,0,0,0,0,0,0,0,0,0,0,11-Jun,12-Jun,13-Jun,14-Jun,15-Jun,16-Jun,10-Jun,11-Jun,12-Jun,13-Jun,14-Jun,15-Jun,16-Jun,7,7,0
Chhatrapati Sambhajinagar,Chhatrapati Sambhajinagar,Chhatrapati Sambhajinagar,Vaijapur,Vaijapur,20051233,373 Village Gangapur-Vaijapur Grid WSS,Sanjarpurwadi,2971,1,0,0,0,0,0,0,0,0,0,0,0,0,0,11-Jun,12-Jun,13-Jun,14-Jun,15-Jun,16-Jun,10-Jun,11-Jun,12-Jun,13-Jun,14-Jun,15-Jun,16-Jun,7,7,0
Chhatrapati Sambhajinagar,Nanded,Nanded,Hadgaon,Hadgaon,20013969,Hadgaon and Himayatnagar 132 Village Grid WSS,Bhanegaon Tanda,971,1,0,0,0,0.18,0,0,0,0,0,0,18.54,0,0,11-Jun,12-Jun,13-Jun,14-Jun,15-Jun,16-Jun,10-Jun,11-Jun,12-Jun,13-Jun,14-Jun,15-Jun,16-Jun,6,7,0
Chhatrapati Sambhajinagar,Nanded,Nanded,Naigaon,Naigaon,7942142,Manjram WSS (7942142),Manjram,4704,1,0,0,0,0,0,0,0,0,0,0,0,0,0,11-Jun,12-Jun,13-Jun,14-Jun,15-Jun,16-Jun,10-Jun,11-Jun,12-Jun,13-Jun,14-Jun,15-Jun,16-Jun,7,7,0
Chhatrapati Sambhajinagar,Nanded,Nanded,Himayatnagar,Himayatnagar,20013969,Hadgaon and Himayatnagar 132 Village Grid WSS,Borgadi,1212,1,0,0,0,0,0,0,0,0,0,0,0,0,0,11-Jun,12-Jun,13-Jun,14-Jun,15-Jun,16-Jun,10-Jun,11-Jun,12-Jun,13-Jun,14-Jun,15-Jun,16-Jun,7,7,0
Chhatrapati Sambhajinagar,Nanded,Nanded,Hadgaon,Hadgaon,20013969,Hadgaon and Himayatnagar 132 Village Grid WSS,Rawangaon (Manatha),1463,1,0,0,0,0,0,0,0,0,0,0,0,0,0,11-Jun,12-Jun,13-Jun,14-Jun,15-Jun,16-Jun,10-Jun,11-Jun,12-Jun,13-Jun,14-Jun,15-Jun,16-Jun,7,7,0
Chhatrapati Sambhajinagar,Nanded,Nanded,Hadgaon,Hadgaon,20013969,Hadgaon and Himayatnagar 132 Village Grid WSS,Umri (Daryabai),2262,1,0,0,0,0,0,0,0,0,0,0,0,0,0,11-Jun,12-Jun,13-Jun,14-Jun,15-Jun,16-Jun,10-Jun,11-Jun,12-Jun,13-Jun,14-Jun,15-Jun,16-Jun,7,7,0
Chhatrapati Sambhajinagar,Chhatrapati Sambhajinagar,Chhatrapati Sambhajinagar,Vaijapur,Vaijapur,20051233,373 Village Gangapur-Vaijapur Grid WSS,Loni Bk.,2210,1,0.46,0,0,0,0,0,3.62,20.81,0,0,0,0,0,11-Jun,12-Jun,13-Jun,14-Jun,15-Jun,16-Jun,10-Jun,11-Jun,12-Jun,13-Jun,14-Jun,15-Jun,16-Jun,5,7,0
Pune,Sangli,Solapur,Solapur,Sangola,20027396,Alegaon shirbhavi 82 Village,Chopadi,3313,1,0,0.91,0,0,0,0,56.25,0,27.32,0,0,0,0,11-Jun,12-Jun,13-Jun,14-Jun,15-Jun,16-Jun,10-Jun,11-Jun,12-Jun,13-Jun,14-Jun,15-Jun,16-Jun,5,6,1
Pune,Sangli,Solapur,Solapur,Sangola,20027396,Alegaon shirbhavi 82 Village,Khilarwadi,2046,1,0.48,0,0.47,0.02,0.52,0,0,23.47,0,22.81,0.77,25.32,0,11-Jun,12-Jun,13-Jun,14-Jun,15-Jun,16-Jun,10-Jun,11-Jun,12-Jun,13-Jun,14-Jun,15-Jun,16-Jun,2,7,0
Pune,Sangli,Solapur,Solapur,Sangola,20027396,Alegaon shirbhavi 82 Village,Y Mangewad,2525,1,0,0,0,0,0,0,0,0,0,0,0,0,0,11-Jun,12-Jun,13-Jun,14-Jun,15-Jun,16-Jun,10-Jun,11-Jun,12-Jun,13-Jun,14-Jun,15-Jun,16-Jun,2,7,0
Pune,Pune,Pune 1,Baramati,Ambegaon,20017250,LONI BHAPKAR RRWSS,LoniBhapkar,5659,4,3.35,1.14,0,7889.71,0,4540.15,59821.5,59.22,20.18,0,139418.75,0,80228.79,11-Jun,12-Jun,13-Jun,14-Jun,15-Jun,16-Jun,10-Jun,11-Jun,12-Jun,13-Jun,14-Jun,15-Jun,16-Jun,2,3,4
Pune,Sangli,Solapur,Solapur,Sangola,20027396,Alegaon shirbhavi 82 Village,Burangewadi,4570,1,0,0,0.36,0,0.34,0,0,0,0,7.85,0,7.47,0,11-Jun,12-Jun,13-Jun,14-Jun,15-Jun,16-Jun,10-Jun,11-Jun,12-Jun,13-Jun,14-Jun,15-Jun,16-Jun,4,7,0
Pune,Pune,Satara,Phaltan,Phaltan,20027892,RR Girvi WSS,Bhadali Bk,787,1,0,0,0,0,0,0,0,0,0,0,0,0,0,11-Jun,12-Jun,13-Jun,14-Jun,15-Jun,16-Jun,10-Jun,11-Jun,12-Jun,13-Jun,14-Jun,15-Jun,16-Jun,7,7,0
Pune,Sangli,Solapur,Solapur,Sangola,20027396,Alegaon shirbhavi 82 Village,Gaudwadi,1508,1,0,0,0,0,0,0,0,0,0,0,0,0,0,11-Jun,12-Jun,13-Jun,14-Jun,15-Jun,16-Jun,10-Jun,11-Jun,12-Jun,13-Jun,14-Jun,15-Jun,16-Jun,7,7,0
Pune,Pune,Pune,Pune,Mulshi,20022133,Peth RR,Paragaon,4195,10,0.59,0.47,0.24,0,0.23,0,7.01,14.09,11.17,5.69,0,5.38,0,11-Jun,12-Jun,13-Jun,14-Jun,15-Jun,16-Jun,10-Jun,11-Jun,12-Jun,13-Jun,14-Jun,15-Jun,16-Jun,1,7,0
Pune,Sangli,Solapur,Solapur,Mangalvedhe,20033593,Andhalgaon and 3 villages,LAXMIDHAHIWADI,7253,2,0,0,0,0,0,0,0,0,0,0,0,0,0,11-Jun,12-Jun,13-Jun,14-Jun,15-Jun,16-Jun,10-Jun,11-Jun,12-Jun,13-Jun,14-Jun,15-Jun,16-Jun,7,7,0
Pune,Sangli,Solapur,Solapur,Sangola,20027396,Alegaon shirbhavi 82 Village,Javala,1703,2,2.33,2.44,2.71,2.55,2.86,2.14,144.24,136.62,143.45,159.39,149.78,167.74,125.81,11-Jun,12-Jun,13-Jun,14-Jun,15-Jun,16-Jun,10-Jun,11-Jun,12-Jun,13-Jun,14-Jun,15-Jun,16-Jun,0,0,7
Pune,Sangli,Solapur,Solapur,Mangalvedhe,20033593,Andhalgaon and 3 villages,CHOKAMELA,7934,1,0,0,0,0,0,0,0,0,0,0,0,0,0,11-Jun,12-Jun,13-Jun,14-Jun,15-Jun,16-Jun,10-Jun,11-Jun,12-Jun,13-Jun,14-Jun,15-Jun,16-Jun,7,7,0
Pune,Pune,Pune,Pune,Mulshi,20022133,Peth RR,Kurwandi,2522,7,0,0,0,0,0,0,0,0,0,0,0,0,0,11-Jun,12-Jun,13-Jun,14-Jun,15-Jun,16-Jun,10-Jun,11-Jun,12-Jun,13-Jun,14-Jun,15-Jun,16-Jun,7,7,0
Pune,Sangli,Solapur,Solapur,Sangola,20027396,Alegaon shirbhavi 82 Village,Gayghvan,1603,1,0,0,0,0,0,0,0,0,0,0,0,0,0,11-Jun,12-Jun,13-Jun,14-Jun,15-Jun,16-Jun,10-Jun,11-Jun,12-Jun,13-Jun,14-Jun,15-Jun,16-Jun,7,7,0
Pune,Pune,Satara,Phaltan,Phaltan,20027892,RR Girvi WSS,Tirakwadi,1013,1,0,0,0,0,0,0,0,0,0,0,0,0,0,11-Jun,12-Jun,13-Jun,14-Jun,15-Jun,16-Jun,10-Jun,11-Jun,12-Jun,13-Jun,14-Jun,15-Jun,16-Jun,7,7,0
Pune,Pune,Satara,Phaltan,Phaltan,20027892,RR Girvi WSS,Sonwadi (Bk),1100,1,1.05,0,0,1.3,0,0,0,95.45,0,0,118.16,0,0,11-Jun,12-Jun,13-Jun,14-Jun,15-Jun,16-Jun,10-Jun,11-Jun,12-Jun,13-Jun,14-Jun,15-Jun,16-Jun,5,5,2
Pune,Pune,Satara,Phaltan,Phaltan,20027892,RR Girvi WSS,Bhadali Gouthan,1230,1,0,0,0,0,0,0,0,0,0,0,0,0,0,11-Jun,12-Jun,13-Jun,14-Jun,15-Jun,16-Jun,10-Jun,11-Jun,12-Jun,13-Jun,14-Jun,15-Jun,16-Jun,7,7,0
Pune,Pune,Pune 1,Pune 1,Daund,7942135,"Gar, Sonwadi, Nanviz RR",Betwadi,1500,1,0,0,0,0,0,0,0,0,0,0,0,0,0,11-Jun,12-Jun,13-Jun,14-Jun,15-Jun,16-Jun,10-Jun,11-Jun,12-Jun,13-Jun,14-Jun,15-Jun,16-Jun,7,7,0
Pune,Pune,Pune 2,Pune,Daund,20027689,Patan & 8 Villages RWSS,PATAN,1762,3,0,0,0,0,0,0,0,0,0,0,0,0,0,11-Jun,12-Jun,13-Jun,14-Jun,15-Jun,16-Jun,10-Jun,11-Jun,12-Jun,13-Jun,14-Jun,15-Jun,16-Jun,7,7,0
Pune,Pune,Pune 2,Pune,Daund,20027689,Patan & 8 Villages RWSS,Dudhivare,375,3,0,0,0,0.16,0.1,0.13,0,0,0,0,43.77,26.35,33.68,11-Jun,12-Jun,13-Jun,14-Jun,15-Jun,16-Jun,10-Jun,11-Jun,12-Jun,13-Jun,14-Jun,15-Jun,16-Jun,7,4,0
Pune,Pune,Pune 2,Pune,Daund,20027689,Patan & 8 Villages RWSS,Bhaje,3140,5,0,0,0,0.18,0.45,0,0,0,0,0,5.58,14.42,0.01,11-Jun,12-Jun,13-Jun,14-Jun,15-Jun,16-Jun,10-Jun,11-Jun,12-Jun,13-Jun,14-Jun,15-Jun,16-Jun,7,4,0
Pune,Pune,Pune 2,Pune,Daund,20027689,Patan & 8 Villages RWSS,DEVLE,2052,2,0,0,0,0,0,0,0,0,0,0,0,0,0,11-Jun,12-Jun,13-Jun,14-Jun,15-Jun,16-Jun,10-Jun,11-Jun,12-Jun,13-Jun,14-Jun,15-Jun,16-Jun,7,7,0
Pune,Pune,Pune 2,Pune,Daund,20027689,Patan & 8 Villages RWSS,Shindgaon,343,1,0,0,0,0,0.32,0.34,0,0,0,0,0.05,92.86,98.53,11-Jun,12-Jun,13-Jun,14-Jun,15-Jun,16-Jun,10-Jun,11-Jun,12-Jun,13-Jun,14-Jun,15-Jun,16-Jun,5,4,2
Pune,Sangli,Solapur,Solapur,Sangola,20027396,Alegaon shirbhavi 82 Village,Watambare,2228,1,1.82,1.72,0.77,2.04,1.62,0.57,73.41,81.71,77.11,34.47,91.46,72.83,25.7,11-Jun,12-Jun,13-Jun,14-Jun,15-Jun,16-Jun,10-Jun,11-Jun,12-Jun,13-Jun,14-Jun,15-Jun,16-Jun,2,0,5
Pune,Pune,Pune 1,Baramati,Ambegaon,20017250,LONI BHAPKAR RRWSS,Tukainagar,3819,2,0.01,0.01,0,0.35,0.02,0,8.02,0.22,0.21,0,9.04,0.57,0,11-Jun,12-Jun,13-Jun,14-Jun,15-Jun,16-Jun,10-Jun,11-Jun,12-Jun,13-Jun,14-Jun,15-Jun,16-Jun,7,1,0
Pune,Pune,Pune,Pune,Mulshi,20022133,Peth RR,Thugaon,778,5,0.34,0.15,0.93,0,0.32,0.17,78.01,43.71,19.26,119.95,0.12,41.46,22.27,11-Jun,12-Jun,13-Jun,14-Jun,15-Jun,16-Jun,10-Jun,11-Jun,12-Jun,13-Jun,14-Jun,15-Jun,16-Jun,5,0,2
Pune,Sangli,Solapur,Solapur,Sangola,20027396,Alegaon shirbhavi 82 Village,Karandewadi,1870,2,0.87,0.76,0.11,3.18,1.99,1.63,132.5,46.62,40.85,5.85,170.15,106.55,86.99,11-Jun,12-Jun,13-Jun,14-Jun,15-Jun,16-Jun,10-Jun,11-Jun,12-Jun,13-Jun,14-Jun,15-Jun,16-Jun,3,0,4
Pune,Sangli,Solapur,Solapur,Sangola,20027396,Alegaon shirbhavi 82 Village,Chincholi Gaon,4045,2,0.08,0,0.08,0,0.08,0,2.87,2.07,0,1.94,0,2.01,0,11-Jun,12-Jun,13-Jun,14-Jun,15-Jun,16-Jun,10-Jun,11-Jun,12-Jun,13-Jun,14-Jun,15-Jun,16-Jun,7,3,0
Pune,Sangli,Solapur,Solapur,Mohol,20029637,Penur Patkul,Penur,8755,2,0,0,0,0,0,0,0.01,0,0.01,0,0,0,0,11-Jun,12-Jun,13-Jun,14-Jun,15-Jun,16-Jun,10-Jun,11-Jun,12-Jun,13-Jun,14-Jun,15-Jun,16-Jun,7,2,0
Pune,Sangli,Solapur,Solapur,Sangola,20027396,Alegaon shirbhavi 82 Village,Chinke,6814,1,2.3,2.67,2.73,2.17,1.77,1.49,0.02,33.8,39.2,40.09,31.89,26.02,21.93,11-Jun,12-Jun,13-Jun,14-Jun,15-Jun,16-Jun,10-Jun,11-Jun,12-Jun,13-Jun,14-Jun,15-Jun,16-Jun,7,0,0
Pune,Pune,Pune 1,Baramati,Ambegaon,20017250,LONI BHAPKAR RRWSS,Jagtapwasti ESR,1446,1,0,0,0,0,0,0,0,0,0,0,0,0,0,11-Jun,12-Jun,13-Jun,14-Jun,15-Jun,16-Jun,10-Jun,11-Jun,12-Jun,13-Jun,14-Jun,15-Jun,16-Jun,7,7,0
Pune,Pune,Pune 1,Baramati,Ambegaon,20017250,LONI BHAPKAR RRWSS,Sayambachiwadi,1969,2,0,0,18.6,0,24.37,0.69,37.82,0,0,944.59,0,1237.62,35.07,11-Jun,12-Jun,13-Jun,14-Jun,15-Jun,16-Jun,10-Jun,11-Jun,12-Jun,13-Jun,14-Jun,15-Jun,16-Jun,5,3,2
Pune,Pune,Pune 1,Baramati,Ambegaon,20017250,LONI BHAPKAR RRWSS,Palsi,2612,4,0,0,0,0,0,0,0,0,0,0,0,0,0,11-Jun,12-Jun,13-Jun,14-Jun,15-Jun,16-Jun,10-Jun,11-Jun,12-Jun,13-Jun,14-Jun,15-Jun,16-Jun,7,7,0
Pune,Pune,Pune 1,Baramati,Ambegaon,20017250,LONI BHAPKAR RRWSS,Bhilarwadi,1249,1,0,0,0,0,0,0,0,0,0,0,0,0,0,11-Jun,12-Jun,13-Jun,14-Jun,15-Jun,16-Jun,10-Jun,11-Jun,12-Jun,13-Jun,14-Jun,15-Jun,16-Jun,7,7,0
Pune,Pune,Pune 1,Baramati,Ambegaon,20017250,LONI BHAPKAR RRWSS,Masalwadi,1446,3,0,20.29,0,0,0.36,0.66,42.94,0,1403.12,0,0,25.11,45.9,11-Jun,12-Jun,13-Jun,14-Jun,15-Jun,16-Jun,10-Jun,11-Jun,12-Jun,13-Jun,14-Jun,15-Jun,16-Jun,6,3,1
Pune,Pune,Pune 1,Baramati,Ambegaon,20017250,LONI BHAPKAR RRWSS,Jalakewadi Mudhale,475,3,0,0,0,0,0,0,0,0,0,0,0,0,0,11-Jun,12-Jun,13-Jun,14-Jun,15-Jun,16-Jun,10-Jun,11-Jun,12-Jun,13-Jun,14-Jun,15-Jun,16-Jun,7,7,0
Pune,Pune,Pune 1,Pune 1,Daund,7942135,"Gar, Sonwadi, Nanviz RR",Holimala,734,2,0,0,0,0,0,0,0,0,0,0,0,0,0,11-Jun,12-Jun,13-Jun,14-Jun,15-Jun,16-Jun,10-Jun,11-Jun,12-Jun,13-Jun,14-Jun,15-Jun,16-Jun,7,7,0
Pune,Sangli,Solapur,Solapur,Sangola,20027396,Alegaon shirbhavi 82 Village,Wadegaon,6374,1,0,0,0,0,0,0,0,0,0,0,0,0,0,11-Jun,12-Jun,13-Jun,14-Jun,15-Jun,16-Jun,10-Jun,11-Jun,12-Jun,13-Jun,14-Jun,15-Jun,16-Jun,7,7,0
Pune,Pune,Pune 2,Baramati,Ambegaon,20018548,HOL SASTEWADI,Hol,2509,1,13.46,0.2,0,0,0,18.17,704.72,536.6,8.03,0,0,0,724.1,11-Jun,12-Jun,13-Jun,14-Jun,15-Jun,16-Jun,10-Jun,11-Jun,12-Jun,13-Jun,14-Jun,15-Jun,16-Jun,4,2,3
Pune,Pune,Pune,Pune,Mulshi,20022133,Peth RR,Karegaon,1749,4,0.95,0.58,0.64,1,1.17,0,58.01,54.53,32.88,36.7,57.08,66.86,0,11-Jun,12-Jun,13-Jun,14-Jun,15-Jun,16-Jun,10-Jun,11-Jun,12-Jun,13-Jun,14-Jun,15-Jun,16-Jun,4,1,3
Pune,Pune,Pune 1,Baramati,Ambegaon,7942125,MURTI & 7 VILLAGES RRWSS,Moralwadi,1462,3,0,0,0,0,0,0,0,0,0,0,0,0,0,11-Jun,12-Jun,13-Jun,14-Jun,15-Jun,16-Jun,10-Jun,11-Jun,12-Jun,13-Jun,14-Jun,15-Jun,16-Jun,7,7,0
Pune,Pune,Pune 1,Baramati,Ambegaon,7942125,MURTI & 7 VILLAGES RRWSS,Modhave,2362,2,0,67.14,18.14,19.17,0,0,771.24,0,2842.3,768.08,811.67,0,0,11-Jun,12-Jun,13-Jun,14-Jun,15-Jun,16-Jun,10-Jun,11-Jun,12-Jun,13-Jun,14-Jun,15-Jun,16-Jun,3,3,4
Pune,Pune,Pune 1,Baramati,Ambegaon,7942125,MURTI & 7 VILLAGES RRWSS,Magarwadi,1761,1,0,21.76,0,0,0,0,0,0,1235.48,0,0,0,0,11-Jun,12-Jun,13-Jun,14-Jun,15-Jun,16-Jun,10-Jun,11-Jun,12-Jun,13-Jun,14-Jun,15-Jun,16-Jun,6,6,1
Pune,Pune,Pune 1,Baramati,Ambegaon,7942125,MURTI & 7 VILLAGES RRWSS,Murti gaonthan,1065,2,0,0,0,0,0,0,0,0,0,0,0,0,0,11-Jun,12-Jun,13-Jun,14-Jun,15-Jun,16-Jun,10-Jun,11-Jun,12-Jun,13-Jun,14-Jun,15-Jun,16-Jun,7,7,0
Pune,Pune,Satara,Pune,Phaltan,20019021,Dhuldev Algudewadi,Dhuldev,434,4,0,0,0,0,0,0,0,0,0,0,0,0,0,11-Jun,12-Jun,13-Jun,14-Jun,15-Jun,16-Jun,10-Jun,11-Jun,12-Jun,13-Jun,14-Jun,15-Jun,16-Jun,7,7,0
Pune,Sangli,Solapur,Solapur,Sangola,20027396,Alegaon shirbhavi 82 Village,Godasewadi,2730,1,0.62,0.91,0.59,0.84,0.61,0.87,35.73,22.54,33.47,21.55,30.78,22.36,31.95,11-Jun,12-Jun,13-Jun,14-Jun,15-Jun,16-Jun,10-Jun,11-Jun,12-Jun,13-Jun,14-Jun,15-Jun,16-Jun,7,0,0
Pune,Sangli,Solapur,Solapur,Mohol,20029637,Penur Patkul,Patkul,7358,3,0,0,0,0,0,0,0,0,0,0,0,0,0,11-Jun,12-Jun,13-Jun,14-Jun,15-Jun,16-Jun,10-Jun,11-Jun,12-Jun,13-Jun,14-Jun,15-Jun,16-Jun,7,7,0
Pune,Pune,Pune 2,Pune 2,Velhe,20027541,Wangani RRWSS,Wanganichiwadi,1108,3,0,0.16,0,0.16,0,0,12.59,0,14.46,0,14.53,0,0.32,11-Jun,12-Jun,13-Jun,14-Jun,15-Jun,16-Jun,10-Jun,11-Jun,12-Jun,13-Jun,14-Jun,15-Jun,16-Jun,7,3,0
Pune,Sangli,Solapur,Solapur,Sangola,20027396,Alegaon shirbhavi 82 Village,Sonanad,1492,1,0.96,2.19,0.95,2.91,0.9,2.37,148.98,64.36,146.67,63.59,195.26,60.15,158.83,11-Jun,12-Jun,13-Jun,14-Jun,15-Jun,16-Jun,10-Jun,11-Jun,12-Jun,13-Jun,14-Jun,15-Jun,16-Jun,0,0,7
Pune,Sangli,Solapur,Solapur,Sangola,20027396,Alegaon shirbhavi 82 Village,Vazare,1954,1,0,16.16,0,0,17.81,0,826.98,0,826.98,0,0,911.3,0,11-Jun,12-Jun,13-Jun,14-Jun,15-Jun,16-Jun,10-Jun,11-Jun,12-Jun,13-Jun,14-Jun,15-Jun,16-Jun,4,4,3
Pune,Sangli,Solapur,Solapur,Sangola,20027396,Alegaon shirbhavi 82 Village,Lonavire,3490,1,0.69,1.56,0.13,0.53,1.57,0.13,2.37,19.72,44.76,3.86,15.26,44.97,3.77,11-Jun,12-Jun,13-Jun,14-Jun,15-Jun,16-Jun,10-Jun,11-Jun,12-Jun,13-Jun,14-Jun,15-Jun,16-Jun,7,0,0
Pune,Sangli,Solapur,Solapur,Sangola,20027396,Alegaon shirbhavi 82 Village,shivane,4007,2,0,16.95,0,0.31,0.26,0.37,7.21,0,422.97,0,7.84,6.58,9.13,11-Jun,12-Jun,13-Jun,14-Jun,15-Jun,16-Jun,10-Jun,11-Jun,12-Jun,13-Jun,14-Jun,15-Jun,16-Jun,6,1,1
Pune,Sangli,Solapur,Solapur,Sangola,20027396,Alegaon shirbhavi 82 Village,Kidabisari,2657,1,0,0,0,0,0,0,0,0,0,0,0,0,0,11-Jun,12-Jun,13-Jun,14-Jun,15-Jun,16-Jun,10-Jun,11-Jun,12-Jun,13-Jun,14-Jun,15-Jun,16-Jun,7,7,0
Pune,Sangli,Solapur,Solapur,Sangola,20027396,Alegaon shirbhavi 82 Village,Dhayati,4586,2,0,0,0,0,0,0,0,0,0,0,0,0,0,11-Jun,12-Jun,13-Jun,14-Jun,15-Jun,16-Jun,10-Jun,11-Jun,12-Jun,13-Jun,14-Jun,15-Jun,16-Jun,7,7,0
Pune,Sangli,Solapur,Solapur,Sangola,20027396,Alegaon shirbhavi 82 Village,Kamlapur,1541,1,0,0,0,0,0,0,0,0,0,0,0,0,0,11-Jun,12-Jun,13-Jun,14-Jun,15-Jun,16-Jun,10-Jun,11-Jun,12-Jun,13-Jun,14-Jun,15-Jun,16-Jun,7,5,0
Pune,Pune,Pune,Pune,Mulshi,20022133,Peth RR,Peth,387,6,0.72,1.38,1.72,1.18,0.65,0.67,211.86,185.43,356.45,444.9,304.41,168.32,172.51,11-Jun,12-Jun,13-Jun,14-Jun,15-Jun,16-Jun,10-Jun,11-Jun,12-Jun,13-Jun,14-Jun,15-Jun,16-Jun,0,0,7
Pune,Sangli,Solapur,Solapur,Sangola,20027396,Alegaon shirbhavi 82 Village,Rajuri,5234,1,1.44,1.35,0.97,1.43,1.94,1.9,14.05,27.45,25.77,18.63,27.36,36.98,36.29,11-Jun,12-Jun,13-Jun,14-Jun,15-Jun,16-Jun,10-Jun,11-Jun,12-Jun,13-Jun,14-Jun,15-Jun,16-Jun,7,0,0
Pune,Sangli,Solapur,Solapur,Sangola,20027396,Alegaon shirbhavi 82 Village,Balwadi,2087,1,1,0,0,0.96,0,0,0,48.05,0.01,0,45.8,0,0,11-Jun,12-Jun,13-Jun,14-Jun,15-Jun,16-Jun,10-Jun,11-Jun,12-Jun,13-Jun,14-Jun,15-Jun,16-Jun,7,4,0
Pune,Sangli,Solapur,Solapur,Sangola,20027396,Alegaon shirbhavi 82 Village,Junoni,4895,1,0,0,0,0,0,0,0,0,0,0,0,0,0,11-Jun,12-Jun,13-Jun,14-Jun,15-Jun,16-Jun,10-Jun,11-Jun,12-Jun,13-Jun,14-Jun,15-Jun,16-Jun,7,7,0
Pune,Sangli,Solapur,Solapur,Sangola,20027396,Alegaon shirbhavi 82 Village,Bhamni,2572,1,0.74,1.51,0.52,0.75,0.71,0.27,16.16,28.93,58.79,20.27,29.23,27.49,10.55,11-Jun,12-Jun,13-Jun,14-Jun,15-Jun,16-Jun,10-Jun,11-Jun,12-Jun,13-Jun,14-Jun,15-Jun,16-Jun,6,0,1
Pune,Sangli,Solapur,Solapur,Sangola,20027396,Alegaon shirbhavi 82 Village,Alegaon,4802,1,0,0,0,0,0,0,0,0,0,0,0,0,0,11-Jun,12-Jun,13-Jun,14-Jun,15-Jun,16-Jun,10-Jun,11-Jun,12-Jun,13-Jun,14-Jun,15-Jun,16-Jun,7,7,0
Pune,Sangli,Solapur,Solapur,Sangola,20027396,Alegaon shirbhavi 82 Village,Hatid,1057,1,0.25,0.25,0.25,1.36,0.3,1.39,127.76,23.63,23.23,24.09,128.96,28.37,131.08,11-Jun,12-Jun,13-Jun,14-Jun,15-Jun,16-Jun,10-Jun,11-Jun,12-Jun,13-Jun,14-Jun,15-Jun,16-Jun,4,0,3
Pune,Sangli,Solapur,Solapur,Sangola,20027396,Alegaon shirbhavi 82 Village,waki,2173,4,0.08,34.46,14.48,0.06,15.15,13.44,4.6,3.78,1585.68,666.18,2.66,697.2,618.59,11-Jun,12-Jun,13-Jun,14-Jun,15-Jun,16-Jun,10-Jun,11-Jun,12-Jun,13-Jun,14-Jun,15-Jun,16-Jun,3,0,4
Pune,Pune,Satara,Pune,Phaltan,20019021,Dhuldev Algudewadi,Algudewadi,434,4,0,0,0,0,0.01,0.01,2.37,0.29,0.03,0.73,0.44,1.21,2.74,11-Jun,12-Jun,13-Jun,14-Jun,15-Jun,16-Jun,10-Jun,11-Jun,12-Jun,13-Jun,14-Jun,15-Jun,16-Jun,7,0,0
Pune,Sangli,Solapur,Solapur,Sangola,20027396,Alegaon shirbhavi 82 Village,Nazare,1231,1,0,0,0,0,0,0,0,0,0,0,0,0,0,11-Jun,12-Jun,13-Jun,14-Jun,15-Jun,16-Jun,10-Jun,11-Jun,12-Jun,13-Jun,14-Jun,15-Jun,16-Jun,7,7,0
Pune,Sangli,Sangli,Islampur,Valva,7940233,Peth & two Villages,Golewadi,482,1,0,0,0,0,0,0,0,0,0,0,0,0,0,11-Jun,12-Jun,13-Jun,14-Jun,15-Jun,16-Jun,10-Jun,11-Jun,12-Jun,13-Jun,14-Jun,15-Jun,16-Jun,7,7,0
Pune,Sangli,Solapur,Solapur,Mangalvedhe,20033593,Andhalgaon and 3 villages,ANDHALEGAON,6159,3,0,0,0,0,0,0,0,0,0,0,0,0,0,11-Jun,12-Jun,13-Jun,14-Jun,15-Jun,16-Jun,10-Jun,11-Jun,12-Jun,13-Jun,14-Jun,15-Jun,16-Jun,7,7,0
Pune,Sangli,Solapur,Solapur,Sangola,20027396,Alegaon shirbhavi 82 Village,shirbavi,4215,1,9.33,0,0,0,10.41,9.32,258.56,221.32,0.04,0.02,0,247.06,221.04,11-Jun,12-Jun,13-Jun,14-Jun,15-Jun,16-Jun,10-Jun,11-Jun,12-Jun,13-Jun,14-Jun,15-Jun,16-Jun,3,1,4
Pune,Pune,Pune 2,Baramati,Ambegaon,20018548,HOL SASTEWADI,Sastewadi,3462,7,0,0.07,0,0,0,0,0,0,1.93,0,0,0,0,11-Jun,12-Jun,13-Jun,14-Jun,15-Jun,16-Jun,10-Jun,11-Jun,12-Jun,13-Jun,14-Jun,15-Jun,16-Jun,7,6,0
Pune,Sangli,Solapur,Solapur,Sangola,20027396,Alegaon shirbhavi 82 Village,Ajanale,8051,1,1.27,1.21,0.89,0.04,1.82,1.58,13.18,15.77,15.02,11.07,0.46,22.61,19.69,11-Jun,12-Jun,13-Jun,14-Jun,15-Jun,16-Jun,10-Jun,11-Jun,12-Jun,13-Jun,14-Jun,15-Jun,16-Jun,7,0,0
Pune,Sangli,Solapur,Solapur,Sangola,20027396,Alegaon shirbhavi 82 Village,Udenwadi,1834,1,0,0,0,0,0,0,0,0,0,0,0,0,0,11-Jun,12-Jun,13-Jun,14-Jun,15-Jun,16-Jun,10-Jun,11-Jun,12-Jun,13-Jun,14-Jun,15-Jun,16-Jun,7,7,0
Pune,Sangli,Sangli,Islampur,Valva,7940233,Peth & two Villages,Peth,11091,3,1.75,0,2.44,0,3.56,0,0,15.75,0,22,0,32.12,0,11-Jun,12-Jun,13-Jun,14-Jun,15-Jun,16-Jun,10-Jun,11-Jun,12-Jun,13-Jun,14-Jun,15-Jun,16-Jun,7,4,0
Pune,Sangli,Sangli,Islampur,Valva,7940233,Peth & two Villages,Waghwadi,1161,1,0.82,0.84,0.81,0.71,1.01,0.77,64.96,70.29,72.03,70.13,60.88,87.01,66.16,11-Jun,12-Jun,13-Jun,14-Jun,15-Jun,16-Jun,10-Jun,11-Jun,12-Jun,13-Jun,14-Jun,15-Jun,16-Jun,0,0,7
Pune,Pune,Pune 2,Maval,Daund,20013367,Done Adhale RR,ADHALE BK,1695,2,0,0,0,0,0,0,0,0,0,0,0,0,0,11-Jun,12-Jun,13-Jun,14-Jun,15-Jun,16-Jun,10-Jun,11-Jun,12-Jun,13-Jun,14-Jun,15-Jun,16-Jun,7,7,0
Pune,Sangli,Solapur,Solapur,Sangola,20027396,Alegaon shirbhavi 82 Village,Anakdhal,8599,1,0,0,0,0,0,0,0,0,0,0,0,0,0,11-Jun,12-Jun,13-Jun,14-Jun,15-Jun,16-Jun,10-Jun,11-Jun,12-Jun,13-Jun,14-Jun,15-Jun,16-Jun,7,7,0
Pune,Pune,Pune 1,Pune 1,Daund,7942135,"Gar, Sonwadi, Nanviz RR",Sonwadi,4636,1,0,0,0,0,0,0,0,0,0,0,0,0,0,11-Jun,12-Jun,13-Jun,14-Jun,15-Jun,16-Jun,10-Jun,11-Jun,12-Jun,13-Jun,14-Jun,15-Jun,16-Jun,7,7,0
Pune,Sangli,Solapur,Solapur,Sangola,20027396,Alegaon shirbhavi 82 Village,Kolegaon,2922,1,0,0,0,0,0,0,0,0,0,0,0,0,0,11-Jun,12-Jun,13-Jun,14-Jun,15-Jun,16-Jun,10-Jun,11-Jun,12-Jun,13-Jun,14-Jun,15-Jun,16-Jun,7,7,0
Pune,Pune,Pune,Satara,Satara,20027924,Shapur Jakatwadi,SHAHAPUR,972,1,0,0,0,0,0,0,0,0,0,0,0,0,0,11-Jun,12-Jun,13-Jun,14-Jun,15-Jun,16-Jun,10-Jun,11-Jun,12-Jun,13-Jun,14-Jun,15-Jun,16-Jun,7,7,0
Pune,Pune,Pune,Satara,Satara,20027924,Shapur Jakatwadi,JAKATWADI,2619,3,0,0,0,2448.63,2325.36,2555.31,0,0,0,0,93494.85,88788.09,97568.16,11-Jun,12-Jun,13-Jun,14-Jun,15-Jun,16-Jun,10-Jun,11-Jun,12-Jun,13-Jun,14-Jun,15-Jun,16-Jun,4,4,3
Pune,Pune,Pune 2,Maval,Daund,20013367,Done Adhale RR,DONE,1044,1,0,0,0,0,0,0,0,0,0,0,0,0,0,11-Jun,12-Jun,13-Jun,14-Jun,15-Jun,16-Jun,10-Jun,11-Jun,12-Jun,13-Jun,14-Jun,15-Jun,16-Jun,7,7,0
Pune,Sangli,Solapur,Solapur,Sangola,20027396,Alegaon shirbhavi 82 Village,Manjari,3049,1,0,0,0,0,0,0,0,0,0,0,0,0,0,11-Jun,12-Jun,13-Jun,14-Jun,15-Jun,16-Jun,10-Jun,11-Jun,12-Jun,13-Jun,14-Jun,15-Jun,16-Jun,7,7,0
Pune,Pune,Pune 2,Maval,Daund,20013367,Done Adhale RR,DIVAD,1795,2,0,0,0,0,0,0,0,0,0,0,0,0,0,11-Jun,12-Jun,13-Jun,14-Jun,15-Jun,16-Jun,10-Jun,11-Jun,12-Jun,13-Jun,14-Jun,15-Jun,16-Jun,7,7,0
Pune,Pune,Pune 2,Maval,Daund,20013367,Done Adhale RR,OVALE,1177,2,0,0,0,20.67,0,0,0,0,0,0,1756.47,0,0,11-Jun,12-Jun,13-Jun,14-Jun,15-Jun,16-Jun,10-Jun,11-Jun,12-Jun,13-Jun,14-Jun,15-Jun,16-Jun,6,6,1
Pune,Sangli,Solapur,Solapur,Sangola,20027396,Alegaon shirbhavi 82 Village,Budhyal,1218,1,2.45,3.22,0.84,0.82,2.63,1.75,135.26,201.05,264.49,68.88,67.33,215.54,143.29,11-Jun,12-Jun,13-Jun,14-Jun,15-Jun,16-Jun,10-Jun,11-Jun,12-Jun,13-Jun,14-Jun,15-Jun,16-Jun,0,0,7
Pune,Sangli,Solapur,Solapur,Sangola,20027396,Alegaon shirbhavi 82 Village,Nizampur,3731,1,0.57,0.62,0.55,0.43,1.18,0.66,13.9,15.25,16.5,14.68,11.47,31.52,17.66,11-Jun,12-Jun,13-Jun,14-Jun,15-Jun,16-Jun,10-Jun,11-Jun,12-Jun,13-Jun,14-Jun,15-Jun,16-Jun,7,0,0
Pune,Sangli,Solapur,Solapur,Sangola,20027396,Alegaon shirbhavi 82 Village,Mahim,4407,1,2.51,3.28,2.53,1.41,2.51,0,45.45,56.88,74.41,57.45,31.98,56.99,0,11-Jun,12-Jun,13-Jun,14-Jun,15-Jun,16-Jun,10-Jun,11-Jun,12-Jun,13-Jun,14-Jun,15-Jun,16-Jun,3,1,4
Pune,Sangli,Solapur,Solapur,Sangola,20027396,Alegaon shirbhavi 82 Village,Gherdi,2724,2,0.53,0,2.49,0.49,1.92,0,50.12,19.37,0,91.53,17.89,70.4,0,11-Jun,12-Jun,13-Jun,14-Jun,15-Jun,16-Jun,10-Jun,11-Jun,12-Jun,13-Jun,14-Jun,15-Jun,16-Jun,5,2,2
Pune,Pune,Pune 1,Baramati,Ambegaon,7942125,MURTI & 7 VILLAGES RRWSS,Bhapkar mala,1761,1,17.78,0.18,0,0,18.56,0.24,0,1009.53,10.02,0,0,1053.72,13.71,11-Jun,12-Jun,13-Jun,14-Jun,15-Jun,16-Jun,10-Jun,11-Jun,12-Jun,13-Jun,14-Jun,15-Jun,16-Jun,5,3,2
Pune,Pune,Pune 1,Baramati,Ambegaon,7942125,MURTI & 7 VILLAGES RRWSS,Chaudharwad,911,2,113.12,49.4,0.22,0.21,0.16,0.25,26.91,12416.9,5422.77,23.98,23.35,17.72,27.89,11-Jun,12-Jun,13-Jun,14-Jun,15-Jun,16-Jun,10-Jun,11-Jun,12-Jun,13-Jun,14-Jun,15-Jun,16-Jun,5,0,2
Pune,Sangli,Solapur,Solapur,Sangola,20027396,Alegaon shirbhavi 82 Village,Devkate Wadi,1261,1,0,0,0,0,0,0,0,0,0.07,0.03,0,0,0,11-Jun,12-Jun,13-Jun,14-Jun,15-Jun,16-Jun,10-Jun,11-Jun,12-Jun,13-Jun,14-Jun,15-Jun,16-Jun,7,5,0
Pune,Sangli,Solapur,Solapur,Sangola,20027396,Alegaon shirbhavi 82 Village,Pachegaon BK,3466,1,0.69,1.64,0,0,0,0,36.83,19.87,47.19,0,0,0,0,11-Jun,12-Jun,13-Jun,14-Jun,15-Jun,16-Jun,10-Jun,11-Jun,12-Jun,13-Jun,14-Jun,15-Jun,16-Jun,7,4,0
Pune,Sangli,Solapur,Solapur,Sangola,20027396,Alegaon shirbhavi 82 Village,Bhopasewadi,2875,1,0,0,0,0,0,0,0,0,0,0,0,0,0,11-Jun,12-Jun,13-Jun,14-Jun,15-Jun,16-Jun,10-Jun,11-Jun,12-Jun,13-Jun,14-Jun,15-Jun,16-Jun,7,7,0
Pune,Pune,Pune 2,Pune 2,Velhe,20027541,Wangani RRWSS,Kolwadi,1226,1,0,0,0,0,0,0,0,0,0,0,0,0,0,11-Jun,12-Jun,13-Jun,14-Jun,15-Jun,16-Jun,10-Jun,11-Jun,12-Jun,13-Jun,14-Jun,15-Jun,16-Jun,7,7,0
Pune,Sangli,Solapur,Solapur,Sangola,20027396,Alegaon shirbhavi 82 Village,Vasud,3297,1,0.43,0.32,0.24,0.23,0.49,0.25,8.19,13.16,9.68,7.34,6.91,14.97,7.72,11-Jun,12-Jun,13-Jun,14-Jun,15-Jun,16-Jun,10-Jun,11-Jun,12-Jun,13-Jun,14-Jun,15-Jun,16-Jun,7,0,0
Pune,Pune,Pune 1,Pune 1,Daund,7942135,"Gar, Sonwadi, Nanviz RR",Gholapnaagar,1591,1,0,0,0,0,0,0,0,0,0,0,0,0,0,11-Jun,12-Jun,13-Jun,14-Jun,15-Jun,16-Jun,10-Jun,11-Jun,12-Jun,13-Jun,14-Jun,15-Jun,16-Jun,7,7,0
Pune,Pune,Pune 1,Baramati,Ambegaon,7942125,MURTI & 7 VILLAGES RRWSS,Waki,3355,2,0,0,0,0,0,0,0,0,0,0,0,0,0,11-Jun,12-Jun,13-Jun,14-Jun,15-Jun,16-Jun,10-Jun,11-Jun,12-Jun,13-Jun,14-Jun,15-Jun,16-Jun,7,7,0
Pune,Sangli,Solapur,Solapur,Sangola,20027396,Alegaon shirbhavi 82 Village,LaxmiNagar,3031,1,2.19,0,2.24,0.21,2.06,0,14.96,72.29,0,73.76,6.91,67.92,0.07,11-Jun,12-Jun,13-Jun,14-Jun,15-Jun,16-Jun,10-Jun,11-Jun,12-Jun,13-Jun,14-Jun,15-Jun,16-Jun,4,1,3
Pune,Pune,Pune 2,Pune 2,Velhe,20027541,Wangani RRWSS,Wangani,1150,1,0,0,0,0,0,0,0,0,0,0,0,0,0,11-Jun,12-Jun,13-Jun,14-Jun,15-Jun,16-Jun,10-Jun,11-Jun,12-Jun,13-Jun,14-Jun,15-Jun,16-Jun,7,7,0
Pune,Pune,Pune 2,Pune 2,Velhe,20027541,Wangani RRWSS,Mengajai Wadi,123,1,0,0,0,0,0,0,0,0,0,0,0,0,0,11-Jun,12-Jun,13-Jun,14-Jun,15-Jun,16-Jun,10-Jun,11-Jun,12-Jun,13-Jun,14-Jun,15-Jun,16-Jun,7,7,0
Pune,Sangli,Solapur,Solapur,Sangola,20027396,Alegaon shirbhavi 82 Village,Deole,1568,1,0,0,0,0.41,0,0,0,0,0,0,26.14,0,0,11-Jun,12-Jun,13-Jun,14-Jun,15-Jun,16-Jun,10-Jun,11-Jun,12-Jun,13-Jun,14-Jun,15-Jun,16-Jun,7,6,0
Pune,Pune,Satara,Pune,Phaltan,20019031,Hol Khamgaon,HOL,2189,5,0,0,0,0,0,0,0,0,0,0,0,0,0,11-Jun,12-Jun,13-Jun,14-Jun,15-Jun,16-Jun,10-Jun,11-Jun,12-Jun,13-Jun,14-Jun,15-Jun,16-Jun,7,7,0
Pune,Pune,Pune,Pune,Mulshi,20022133,Peth RR,Bhawadi,1529,3,0,0,0,0,0,0,0,0,0,0,0,0,0,11-Jun,12-Jun,13-Jun,14-Jun,15-Jun,16-Jun,10-Jun,11-Jun,12-Jun,13-Jun,14-Jun,15-Jun,16-Jun,7,5,0
Pune,Sangli,Solapur,Solapur,Sangola,20027396,Alegaon shirbhavi 82 Village,Metakar wadi,1286,2,0,1.32,1.75,0.92,1.58,0.79,0,0,102.84,136.13,71.6,123.08,61.65,11-Jun,12-Jun,13-Jun,14-Jun,15-Jun,16-Jun,10-Jun,11-Jun,12-Jun,13-Jun,14-Jun,15-Jun,16-Jun,2,2,5
Pune,Sangli,Solapur,Solapur,Sangola,20027396,Alegaon shirbhavi 82 Village,Tarangewadi,1703,2,0.83,1.03,0.5,0.67,1.33,0.79,52.94,48.49,60.75,29.08,39.6,78.2,46.66,11-Jun,12-Jun,13-Jun,14-Jun,15-Jun,16-Jun,10-Jun,11-Jun,12-Jun,13-Jun,14-Jun,15-Jun,16-Jun,5,0,2
Pune,Sangli,Solapur,Solapur,Sangola,20027396,Alegaon shirbhavi 82 Village,Somewadi,1624,1,1.05,0.28,0,1.34,0,0,7.38,64.53,17.28,0,82.6,0,0,11-Jun,12-Jun,13-Jun,14-Jun,15-Jun,16-Jun,10-Jun,11-Jun,12-Jun,13-Jun,14-Jun,15-Jun,16-Jun,5,2,2
Pune,Pune,Satara,Phaltan,Phaltan,20027892,RR Girvi WSS,Zirapwadi,1451,1,0,0,0,0,0,0,0,0,0,0,0,0,0,11-Jun,12-Jun,13-Jun,14-Jun,15-Jun,16-Jun,10-Jun,11-Jun,12-Jun,13-Jun,14-Jun,15-Jun,16-Jun,7,7,0
Pune,Pune,Pune 1,Pune 1,Daund,7942135,"Gar, Sonwadi, Nanviz RR",Nanviz,300,2,0,0,0,0,0,0,0,0,0,0,0,0,0,11-Jun,12-Jun,13-Jun,14-Jun,15-Jun,16-Jun,10-Jun,11-Jun,12-Jun,13-Jun,14-Jun,15-Jun,16-Jun,7,7,0
Pune,Sangli,Solapur,Solapur,Sangola,20027396,Alegaon shirbhavi 82 Village,Sange wadi,2604,1,0,0,0,0,0,0,0,0,0,0,0,0,0,11-Jun,12-Jun,13-Jun,14-Jun,15-Jun,16-Jun,10-Jun,11-Jun,12-Jun,13-Jun,14-Jun,15-Jun,16-Jun,7,7,0
Konkan,Palghar,Palghar,Palghar,Dahanu,4918426,BADA POKHARAN RETROFITTING RPWSS,Chinchani,4890,4,2.49,23.56,0,0.28,5.99,15.81,534.9,50.93,481.84,0.08,5.73,122.59,323.36,11-Jun,12-Jun,13-Jun,14-Jun,15-Jun,16-Jun,10-Jun,11-Jun,12-Jun,13-Jun,14-Jun,15-Jun,16-Jun,0,3,4
Konkan,Palghar,Palghar,Palghar,Mokhada,20028070,"MOKHADA TALUKA 58 VILLAGES R.R.W.S. SCHEME, TAL -MOKHADA",Pimpalpada Hirwe,655,1,0,0,0,0,0,0,0,0,0,0,0,0,0,11-Jun,12-Jun,13-Jun,14-Jun,15-Jun,16-Jun,10-Jun,11-Jun,12-Jun,13-Jun,14-Jun,15-Jun,16-Jun,7,7,0
Konkan,Palghar,Palghar,Palghar,Dahanu,4918426,BADA POKHARAN RETROFITTING RPWSS,Chandigaon,1352,1,1.78,1.87,0,2.09,1.98,1.81,147.47,132.01,138.09,0,154.87,146.15,133.68,11-Jun,12-Jun,13-Jun,14-Jun,15-Jun,16-Jun,10-Jun,11-Jun,12-Jun,13-Jun,14-Jun,15-Jun,16-Jun,0,1,6
Konkan,Palghar,Palghar,Palghar,Mokhada,20028070,"MOKHADA TALUKA 58 VILLAGES R.R.W.S. SCHEME, TAL -MOKHADA",Kineste,465,2,0.38,1.03,1.15,2.72,0.82,0,443.04,81.34,220.97,247.06,585.54,176.74,0,11-Jun,12-Jun,13-Jun,14-Jun,15-Jun,16-Jun,10-Jun,11-Jun,12-Jun,13-Jun,14-Jun,15-Jun,16-Jun,1,1,6
Konkan,Palghar,Palghar,Palghar,Dahanu,4918426,BADA POKHARAN RETROFITTING RPWSS,Kotim,316,1,0.03,1.95,0,0.01,3.32,0.45,541.31,8.62,617.14,0.17,4.59,1049.36,143.53,11-Jun,12-Jun,13-Jun,14-Jun,15-Jun,16-Jun,10-Jun,11-Jun,12-Jun,13-Jun,14-Jun,15-Jun,16-Jun,0,3,4
Konkan,Raigadh,Raigadh,Raigadh,Mangaon,20028626,"Warak Kushade Water Supply Scheme tal- Mnagaon, Dist-Raigad",Koshimbale,339,1,0,0,0,0,0,0,0,0,0,0,1.46,0,0,11-Jun,12-Jun,13-Jun,14-Jun,15-Jun,16-Jun,10-Jun,11-Jun,12-Jun,13-Jun,14-Jun,15-Jun,16-Jun,4,7,0
Konkan,Palghar,Palghar,Palghar,Mokhada,20028070,"MOKHADA TALUKA 58 VILLAGES R.R.W.S. SCHEME, TAL -MOKHADA",Karegoan,907,1,0,0,0,0,0,0,0,0,0,0,0,0,0,11-Jun,12-Jun,13-Jun,14-Jun,15-Jun,16-Jun,10-Jun,11-Jun,12-Jun,13-Jun,14-Jun,15-Jun,16-Jun,7,7,0
Konkan,Palghar,Palghar,Palghar,Mokhada,20028070,"MOKHADA TALUKA 58 VILLAGES R.R.W.S. SCHEME, TAL -MOKHADA",Dongarwadi,542,1,0,0,0,0.17,0.19,0.37,0,0,0,0,0,0,0,11-Jun,12-Jun,13-Jun,14-Jun,15-Jun,16-Jun,10-Jun,11-Jun,12-Jun,13-Jun,14-Jun,15-Jun,16-Jun,7,7,0
Konkan,Palghar,Palghar,Palghar,Mokhada,20028070,"MOKHADA TALUKA 58 VILLAGES R.R.W.S. SCHEME, TAL -MOKHADA",Khoch,855,1,0.23,0,0,0.39,0.1,0,38.49,26.33,0,0.03,45.74,11.32,0.01,11-Jun,12-Jun,13-Jun,14-Jun,15-Jun,16-Jun,10-Jun,11-Jun,12-Jun,13-Jun,14-Jun,15-Jun,16-Jun,0,7,0
Konkan,Palghar,Palghar,Palghar,Mokhada,20028070,"MOKHADA TALUKA 58 VILLAGES R.R.W.S. SCHEME, TAL -MOKHADA",Chas,1003,1,0,0,0,0,0,0,0,0,0,0,0,0,0.39,11-Jun,12-Jun,13-Jun,14-Jun,15-Jun,16-Jun,10-Jun,11-Jun,12-Jun,13-Jun,14-Jun,15-Jun,16-Jun,6,7,0
Konkan,Palghar,Palghar,Palghar,Palghar,20017952,Padghe and 19 villages PWSS,Devkhop,477,1,0,0,0,0,0,0,0,0,0,0,0,0,0,11-Jun,12-Jun,13-Jun,14-Jun,15-Jun,16-Jun,10-Jun,11-Jun,12-Jun,13-Jun,14-Jun,15-Jun,16-Jun,7,7,0
Konkan,Ratnagiri,Ratnagiri,Ratnagiri,Chipalun,20017771,Ovali - Kalkavane - Valoti RR WSS,Valoti,162,3,0,0,0,0,0,0,0.02,0.02,0.02,0.02,0.02,0.02,0.48,11-Jun,12-Jun,13-Jun,14-Jun,15-Jun,16-Jun,10-Jun,11-Jun,12-Jun,13-Jun,14-Jun,15-Jun,16-Jun,0,7,0
Konkan,Thane,Thane,Thane,Kalyan,20092478,Retrofiting of Gotheghar Dahisar R.R. Water Supply Scheme,Bale,2236,1,0.09,0,0,0.05,1.77,0,16.25,3.87,0,0,2.2,79.18,0,11-Jun,12-Jun,13-Jun,14-Jun,15-Jun,16-Jun,10-Jun,11-Jun,12-Jun,13-Jun,14-Jun,15-Jun,16-Jun,3,6,1
Konkan,Palghar,Palghar,Palghar,Mokhada,20028070,"MOKHADA TALUKA 58 VILLAGES R.R.W.S. SCHEME, TAL -MOKHADA",Ghodichapada Sakhari,275,1,0,0,0,0,0,0,0.04,0.02,0,0,0.02,0.13,0.19,11-Jun,12-Jun,13-Jun,14-Jun,15-Jun,16-Jun,10-Jun,11-Jun,12-Jun,13-Jun,14-Jun,15-Jun,16-Jun,1,7,0
Konkan,Palghar,Palghar,Palghar,Dahanu,4918426,BADA POKHARAN RETROFITTING RPWSS,Vangaon,7617,4,5.11,5.29,0.14,5.47,5.45,3.95,70.53,67.11,69.46,1.88,71.87,71.57,51.87,11-Jun,12-Jun,13-Jun,14-Jun,15-Jun,16-Jun,10-Jun,11-Jun,12-Jun,13-Jun,14-Jun,15-Jun,16-Jun,0,2,5
Konkan,Palghar,Palghar,Palghar,Dahanu,4918426,BADA POKHARAN RETROFITTING RPWSS,Tarapur,6238,1,0,0,0,0,0,0,0,0,0,0,0,0,0,11-Jun,12-Jun,13-Jun,14-Jun,15-Jun,16-Jun,10-Jun,11-Jun,12-Jun,13-Jun,14-Jun,15-Jun,16-Jun,7,7,0
Konkan,Palghar,Palghar,Palghar,Dahanu,4918426,BADA POKHARAN RETROFITTING RPWSS,Sawarai,260,2,1.67,0.09,0.08,0.7,0.65,0,53.38,643.82,32.76,30.49,267.92,250.77,0.28,11-Jun,12-Jun,13-Jun,14-Jun,15-Jun,16-Jun,10-Jun,11-Jun,12-Jun,13-Jun,14-Jun,15-Jun,16-Jun,0,4,3
Konkan,Palghar,Palghar,Palghar,Dahanu,4918426,BADA POKHARAN RETROFITTING RPWSS,Gowane,2872,1,6.06,2.33,0,5.24,6.54,2.74,140.15,211.11,81.03,0,182.61,227.72,95.48,11-Jun,12-Jun,13-Jun,14-Jun,15-Jun,16-Jun,10-Jun,11-Jun,12-Jun,13-Jun,14-Jun,15-Jun,16-Jun,1,1,6
Konkan,Thane,Thane,Palghar,Dahanu,20047871, Modgaon & Tornipada RWSS,Andherpada,1320,1,0,0,0,0,0,0,0,0,0,0,0,0,0,11-Jun,12-Jun,13-Jun,14-Jun,15-Jun,16-Jun,10-Jun,11-Jun,12-Jun,13-Jun,14-Jun,15-Jun,16-Jun,7,7,0
Konkan,Thane,Thane,Palghar,Dahanu,20047871, Modgaon & Tornipada RWSS,Navapada,812,1,0,0,0,0,0,0,0,0,0,0,0,0,0,11-Jun,12-Jun,13-Jun,14-Jun,15-Jun,16-Jun,10-Jun,11-Jun,12-Jun,13-Jun,14-Jun,15-Jun,16-Jun,7,7,0
Konkan,Thane,Thane,Palghar,Dahanu,20047871, Modgaon & Tornipada RWSS,Janasawarpada,241,1,0.36,0.33,0.18,0.38,0.39,0.25,138.22,150.83,135.75,75.01,157.13,163.88,104.05,11-Jun,12-Jun,13-Jun,14-Jun,15-Jun,16-Jun,10-Jun,11-Jun,12-Jun,13-Jun,14-Jun,15-Jun,16-Jun,0,0,7
Konkan,Thane,Thane,Palghar,Dahanu,20047871, Modgaon & Tornipada RWSS,Savarpada,830,1,0.2,0.21,0,0.18,0,0,28,23.9,25.73,0.03,21.53,0,0,11-Jun,12-Jun,13-Jun,14-Jun,15-Jun,16-Jun,10-Jun,11-Jun,12-Jun,13-Jun,14-Jun,15-Jun,16-Jun,1,7,0
Konkan,Palghar,Palghar,Palghar,Dahanu,4918426,BADA POKHARAN RETROFITTING RPWSS,Kambode,300,2,3.1,0.18,0.22,1.46,0.91,0,164.55,1031.93,59.62,72.07,487.49,304.98,0.04,11-Jun,12-Jun,13-Jun,14-Jun,15-Jun,16-Jun,10-Jun,11-Jun,12-Jun,13-Jun,14-Jun,15-Jun,16-Jun,0,1,6
Konkan,Palghar,Palghar,Palghar,Mokhada,20028070,"MOKHADA TALUKA 58 VILLAGES R.R.W.S. SCHEME, TAL -MOKHADA",Pawarpada Poshera,679,1,0.03,0.01,0.01,0,0,0,4.12,3.83,0.89,1.26,0,0,0,11-Jun,12-Jun,13-Jun,14-Jun,15-Jun,16-Jun,10-Jun,11-Jun,12-Jun,13-Jun,14-Jun,15-Jun,16-Jun,3,7,0
Konkan,Raigadh,Raigadh,Raigadh,Mangaon,20028626,"Warak Kushade Water Supply Scheme tal- Mnagaon, Dist-Raigad",Vighavli,816,1,0,0,0,0,0,0,0,0,0,0,0,0,0,11-Jun,12-Jun,13-Jun,14-Jun,15-Jun,16-Jun,10-Jun,11-Jun,12-Jun,13-Jun,14-Jun,15-Jun,16-Jun,7,7,0
Konkan,Raigadh,Raigadh,Raigadh,Mangaon,20028626,"Warak Kushade Water Supply Scheme tal- Mnagaon, Dist-Raigad",Kushede,555,1,0,0,0,0,0,0.01,0,0,0.06,0.04,0.48,0.27,0.97,11-Jun,12-Jun,13-Jun,14-Jun,15-Jun,16-Jun,10-Jun,11-Jun,12-Jun,13-Jun,14-Jun,15-Jun,16-Jun,2,7,0
Konkan,Palghar,Palghar,Palghar,Mokhada,20028070,"MOKHADA TALUKA 58 VILLAGES R.R.W.S. SCHEME, TAL -MOKHADA",Karol,390,1,0,0,0,0,0,0,0,0,0,0,0,0,0,11-Jun,12-Jun,13-Jun,14-Jun,15-Jun,16-Jun,10-Jun,11-Jun,12-Jun,13-Jun,14-Jun,15-Jun,16-Jun,7,7,0
Konkan,Palghar,Palghar,Palghar,Dahanu,4918426,BADA POKHARAN RETROFITTING RPWSS,Matgaon,1282,2,2.05,0.69,0,6.37,0.2,0.14,262.43,159.64,54.05,0.31,497.07,15.55,11.12,11-Jun,12-Jun,13-Jun,14-Jun,15-Jun,16-Jun,10-Jun,11-Jun,12-Jun,13-Jun,14-Jun,15-Jun,16-Jun,0,4,3
Konkan,Palghar,Palghar,Palghar,Mokhada,20028070,"MOKHADA TALUKA 58 VILLAGES R.R.W.S. SCHEME, TAL -MOKHADA",Palsunde,1338,1,0,0,0,0,0,0,0,0,0,0,0,0,0,11-Jun,12-Jun,13-Jun,14-Jun,15-Jun,16-Jun,10-Jun,11-Jun,12-Jun,13-Jun,14-Jun,15-Jun,16-Jun,7,7,0
Konkan,Palghar,Palghar,Palghar,Mokhada,20028070,"MOKHADA TALUKA 58 VILLAGES R.R.W.S. SCHEME, TAL -MOKHADA",Jogalwadi,799,1,0.46,0,0.57,2.92,1.28,0,320.77,57.62,0,71.88,366.02,159.96,0,11-Jun,12-Jun,13-Jun,14-Jun,15-Jun,16-Jun,10-Jun,11-Jun,12-Jun,13-Jun,14-Jun,15-Jun,16-Jun,2,2,5
Konkan,Palghar,Palghar,Palghar,Dahanu,4918426,BADA POKHARAN RETROFITTING RPWSS,Bavade,545,1,0.32,0.15,0,0.43,1.15,0.13,110.97,58.87,26.63,0.1,77.99,210.69,23.6,11-Jun,12-Jun,13-Jun,14-Jun,15-Jun,16-Jun,10-Jun,11-Jun,12-Jun,13-Jun,14-Jun,15-Jun,16-Jun,0,3,4
Konkan,Palghar,Palghar,Palghar,Mokhada,20028070,"MOKHADA TALUKA 58 VILLAGES R.R.W.S. SCHEME, TAL -MOKHADA",Gonde BK,1226,1,0.76,0.86,1.14,0.68,0,0.88,19.23,61.96,70.53,92.8,55.83,0,71.45,11-Jun,12-Jun,13-Jun,14-Jun,15-Jun,16-Jun,10-Jun,11-Jun,12-Jun,13-Jun,14-Jun,15-Jun,16-Jun,1,2,5
Konkan,Palghar,Palghar,Palghar,Mokhada,20028070,"MOKHADA TALUKA 58 VILLAGES R.R.W.S. SCHEME, TAL -MOKHADA",Sadakwadi Koshimshet,1375,1,3.08,0,0,0,0,0,285.67,223.64,0.07,0.05,0,0,0,11-Jun,12-Jun,13-Jun,14-Jun,15-Jun,16-Jun,10-Jun,11-Jun,12-Jun,13-Jun,14-Jun,15-Jun,16-Jun,2,5,2
Konkan,Palghar,Palghar,Palghar,Mokhada,20028070,"MOKHADA TALUKA 58 VILLAGES R.R.W.S. SCHEME, TAL -MOKHADA",Poshera,3308,1,0,0,0,0,0,0,0,0,0,0,0,0,0,11-Jun,12-Jun,13-Jun,14-Jun,15-Jun,16-Jun,10-Jun,11-Jun,12-Jun,13-Jun,14-Jun,15-Jun,16-Jun,5,7,0
Konkan,Panvel,Raigadh,Mangaon,Khalapur,20028168,Devnhave water supply scheme,Devnhave,2160,3,5.44,4.49,2,4.82,0.5,0,108.81,252.07,207.92,92.63,223.06,22.97,0,11-Jun,12-Jun,13-Jun,14-Jun,15-Jun,16-Jun,10-Jun,11-Jun,12-Jun,13-Jun,14-Jun,15-Jun,16-Jun,1,2,5
Konkan,Palghar,Palghar,Palghar,Mokhada,20028070,"MOKHADA TALUKA 58 VILLAGES R.R.W.S. SCHEME, TAL -MOKHADA",Charangaon,669,1,0,0,0,0,0,0,0,0,0,0,0,0,0,11-Jun,12-Jun,13-Jun,14-Jun,15-Jun,16-Jun,10-Jun,11-Jun,12-Jun,13-Jun,14-Jun,15-Jun,16-Jun,7,7,0
Konkan,Raigadh,Raigadh,Raigadh,Karjat,20028195,"Kadav water supply scheme, Tal. Karjat Dist. Raigad",Kadav,2490,1,0.47,0.4,0.59,1.18,0,0.1,14.34,18.95,16.21,23.78,47.59,0,3.98,11-Jun,12-Jun,13-Jun,14-Jun,15-Jun,16-Jun,10-Jun,11-Jun,12-Jun,13-Jun,14-Jun,15-Jun,16-Jun,0,7,0
Konkan,Palghar,Palghar,Palghar,Mokhada,20028070,"MOKHADA TALUKA 58 VILLAGES R.R.W.S. SCHEME, TAL -MOKHADA",Udhale,725,2,0.07,0.89,0,0.02,0.47,0,61.85,9.2,122.73,0.44,2.47,64.7,0,11-Jun,12-Jun,13-Jun,14-Jun,15-Jun,16-Jun,10-Jun,11-Jun,12-Jun,13-Jun,14-Jun,15-Jun,16-Jun,1,4,3
Konkan,Palghar,Palghar,Palghar,Mokhada,20028070,"MOKHADA TALUKA 58 VILLAGES R.R.W.S. SCHEME, TAL -MOKHADA",Telu Umbarpada,789,1,0.46,0.28,0.28,0.28,0.28,0.28,0,0,0,0,0,0,0,11-Jun,12-Jun,13-Jun,14-Jun,15-Jun,16-Jun,10-Jun,11-Jun,12-Jun,13-Jun,14-Jun,15-Jun,16-Jun,7,7,0
Konkan,Palghar,Palghar,Palghar,Dahanu,4918426,BADA POKHARAN RETROFITTING RPWSS,Asangaon Dandipada,688,2,3.47,1.15,0.02,2.8,1.45,5.67,56.97,504.26,167.43,2.96,407.42,210.84,823.93,11-Jun,12-Jun,13-Jun,14-Jun,15-Jun,16-Jun,10-Jun,11-Jun,12-Jun,13-Jun,14-Jun,15-Jun,16-Jun,0,1,6
Konkan,Palghar,Palghar,Palghar,Mokhada,20028070,"MOKHADA TALUKA 58 VILLAGES R.R.W.S. SCHEME, TAL -MOKHADA",Madkyachimet Pimpalgaon,268,1,0,0,0,0,0,0,0.04,0,0.02,0.02,0.01,0.01,0.01,11-Jun,12-Jun,13-Jun,14-Jun,15-Jun,16-Jun,10-Jun,11-Jun,12-Jun,13-Jun,14-Jun,15-Jun,16-Jun,0,7,0
Konkan,Palghar,Palghar,Palghar,Mokhada,20028070,"MOKHADA TALUKA 58 VILLAGES R.R.W.S. SCHEME, TAL -MOKHADA",Gomghar,200,1,0,0,0,0,0,0.25,0,0,0,0,0,0,0,11-Jun,12-Jun,13-Jun,14-Jun,15-Jun,16-Jun,10-Jun,11-Jun,12-Jun,13-Jun,14-Jun,15-Jun,16-Jun,7,7,0
Konkan,Palghar,Palghar,Palghar,Mokhada,20028070,"MOKHADA TALUKA 58 VILLAGES R.R.W.S. SCHEME, TAL -MOKHADA",Gonde KH,1189,1,0,0,0,0,0,0,0,0,0,0,0,0,0,11-Jun,12-Jun,13-Jun,14-Jun,15-Jun,16-Jun,10-Jun,11-Jun,12-Jun,13-Jun,14-Jun,15-Jun,16-Jun,7,7,0
Konkan,Palghar,Palghar,Palghar,Mokhada,20028070,"MOKHADA TALUKA 58 VILLAGES R.R.W.S. SCHEME, TAL -MOKHADA",Dandwal,446,1,0,0,0,0,0,0,0,0,0,0,0,0,0,11-Jun,12-Jun,13-Jun,14-Jun,15-Jun,16-Jun,10-Jun,11-Jun,12-Jun,13-Jun,14-Jun,15-Jun,16-Jun,7,7,0
Konkan,Palghar,Palghar,Palghar,Mokhada,20028070,"MOKHADA TALUKA 58 VILLAGES R.R.W.S. SCHEME, TAL -MOKHADA",Osarvira,303,2,0,0,0.52,0.06,0,0,0,0,0,170.27,19.45,0,0,11-Jun,12-Jun,13-Jun,14-Jun,15-Jun,16-Jun,10-Jun,11-Jun,12-Jun,13-Jun,14-Jun,15-Jun,16-Jun,5,6,1
Konkan,Palghar,Palghar,Palghar,Mokhada,20028070,"MOKHADA TALUKA 58 VILLAGES R.R.W.S. SCHEME, TAL -MOKHADA",Gaymukhpada Gonde BK,864,1,0,0,0.35,0.38,0,0.31,0,0,0,40.15,43.93,0,35.98,11-Jun,12-Jun,13-Jun,14-Jun,15-Jun,16-Jun,10-Jun,11-Jun,12-Jun,13-Jun,14-Jun,15-Jun,16-Jun,4,7,0
Konkan,Palghar,Palghar,Palghar,Mokhada,20028070,"MOKHADA TALUKA 58 VILLAGES R.R.W.S. SCHEME, TAL -MOKHADA",Sayade,224,2,0,0,0,0,0,0,0,0,0,0,0,0,0,11-Jun,12-Jun,13-Jun,14-Jun,15-Jun,16-Jun,10-Jun,11-Jun,12-Jun,13-Jun,14-Jun,15-Jun,16-Jun,7,7,0
Konkan,Palghar,Palghar,Palghar,Mokhada,20028070,"MOKHADA TALUKA 58 VILLAGES R.R.W.S. SCHEME, TAL -MOKHADA",Dolhare,612,2,0,0,0,0,0,0,0,0,0,0,0,0,0,11-Jun,12-Jun,13-Jun,14-Jun,15-Jun,16-Jun,10-Jun,11-Jun,12-Jun,13-Jun,14-Jun,15-Jun,16-Jun,7,7,0
Konkan,Palghar,Palghar,Palghar,Mokhada,20028070,"MOKHADA TALUKA 58 VILLAGES R.R.W.S. SCHEME, TAL -MOKHADA",Kengwadi Kodala,338,1,0,0,0,0,0,0,0,0,0,0,0,0,0,11-Jun,12-Jun,13-Jun,14-Jun,15-Jun,16-Jun,10-Jun,11-Jun,12-Jun,13-Jun,14-Jun,15-Jun,16-Jun,7,7,0
Konkan,Palghar,Palghar,Palghar,Mokhada,20028070,"MOKHADA TALUKA 58 VILLAGES R.R.W.S. SCHEME, TAL -MOKHADA",Dhudgaon,1819,1,0,0,0,0,0,0,0,0,0,0,0,0,0,11-Jun,12-Jun,13-Jun,14-Jun,15-Jun,16-Jun,10-Jun,11-Jun,12-Jun,13-Jun,14-Jun,15-Jun,16-Jun,7,7,0
Konkan,Palghar,Palghar,Palghar,Mokhada,20028070,"MOKHADA TALUKA 58 VILLAGES R.R.W.S. SCHEME, TAL -MOKHADA",Kalamgoan,245,1,0,0,0,0,0,0,0,0,0,0,0,0,0,11-Jun,12-Jun,13-Jun,14-Jun,15-Jun,16-Jun,10-Jun,11-Jun,12-Jun,13-Jun,14-Jun,15-Jun,16-Jun,7,7,0
Konkan,Palghar,Palghar,Palghar,Mokhada,20028070,"MOKHADA TALUKA 58 VILLAGES R.R.W.S. SCHEME, TAL -MOKHADA",Shivali,1267,1,0,0,0,0,0,0,0,0,0,0,0,0,0,11-Jun,12-Jun,13-Jun,14-Jun,15-Jun,16-Jun,10-Jun,11-Jun,12-Jun,13-Jun,14-Jun,15-Jun,16-Jun,7,7,0
Konkan,Palghar,Palghar,Palghar,Mokhada,20028070,"MOKHADA TALUKA 58 VILLAGES R.R.W.S. SCHEME, TAL -MOKHADA",Sonarwadi Koshimshet,209,1,0,0,0,0,0,0,0,0,0,0,0,0,0,11-Jun,12-Jun,13-Jun,14-Jun,15-Jun,16-Jun,10-Jun,11-Jun,12-Jun,13-Jun,14-Jun,15-Jun,16-Jun,7,7,0
Konkan,Palghar,Palghar,Palghar,Mokhada,20028070,"MOKHADA TALUKA 58 VILLAGES R.R.W.S. SCHEME, TAL -MOKHADA",Shirson,904,1,0,0,0,0,0,0,0,0,0,0,0,0,0,11-Jun,12-Jun,13-Jun,14-Jun,15-Jun,16-Jun,10-Jun,11-Jun,12-Jun,13-Jun,14-Jun,15-Jun,16-Jun,7,7,0
Konkan,Palghar,Palghar,Palghar,Dahanu,4918426,BADA POKHARAN RETROFITTING RPWSS,Pokharan,621,1,1.12,0,147.7,136.59,28.13,0,27.75,180.8,0,23783.98,21995.44,4529.9,0,11-Jun,12-Jun,13-Jun,14-Jun,15-Jun,16-Jun,10-Jun,11-Jun,12-Jun,13-Jun,14-Jun,15-Jun,16-Jun,2,3,4
Konkan,Palghar,Palghar,Palghar,Mokhada,20028070,"MOKHADA TALUKA 58 VILLAGES R.R.W.S. SCHEME, TAL -MOKHADA",Hattipada Chas,257,1,0,0,0,0,0,0.01,0,0,0.13,0.06,1.84,0.06,2.46,11-Jun,12-Jun,13-Jun,14-Jun,15-Jun,16-Jun,10-Jun,11-Jun,12-Jun,13-Jun,14-Jun,15-Jun,16-Jun,2,7,0
Konkan,Palghar,Palghar,Palghar,Dahanu,4918426,BADA POKHARAN RETROFITTING RPWSS,Wadhwan,1278,1,0,0,0,0,0,0,0,0,0,0.04,0,0,0.02,11-Jun,12-Jun,13-Jun,14-Jun,15-Jun,16-Jun,10-Jun,11-Jun,12-Jun,13-Jun,14-Jun,15-Jun,16-Jun,5,7,0
Konkan,Palghar,Palghar,Palghar,Dahanu,4918426,BADA POKHARAN RETROFITTING RPWSS,Tadiyale,1490,1,0,0,0,0,0,0,0,0.01,0,0,0,0,0.06,11-Jun,12-Jun,13-Jun,14-Jun,15-Jun,16-Jun,10-Jun,11-Jun,12-Jun,13-Jun,14-Jun,15-Jun,16-Jun,2,7,0
Konkan,Palghar,Palghar,Palghar,Dahanu,4918426,BADA POKHARAN RETROFITTING RPWSS,Tighare ada,1012,1,0,0,0,0,0,0,0,0,0,0,0,0,0,11-Jun,12-Jun,13-Jun,14-Jun,15-Jun,16-Jun,10-Jun,11-Jun,12-Jun,13-Jun,14-Jun,15-Jun,16-Jun,7,7,0
Konkan,Palghar,Palghar,Palghar,Dahanu,4918426,BADA POKHARAN RETROFITTING RPWSS,Varor,4090,2,0.04,0.07,0.01,0.03,0.07,0.08,1.43,1.02,1.81,0.12,0.73,1.6,1.9,11-Jun,12-Jun,13-Jun,14-Jun,15-Jun,16-Jun,10-Jun,11-Jun,12-Jun,13-Jun,14-Jun,15-Jun,16-Jun,0,7,0
Konkan,Palghar,Palghar,Palghar,Dahanu,4918426,BADA POKHARAN RETROFITTING RPWSS,Tanashi,1208,1,0,0,0,0,0,0,0,0,0,0,0,0,0,11-Jun,12-Jun,13-Jun,14-Jun,15-Jun,16-Jun,10-Jun,11-Jun,12-Jun,13-Jun,14-Jun,15-Jun,16-Jun,7,7,0
Konkan,Palghar,Palghar,Palghar,Dahanu,4918426,BADA POKHARAN RETROFITTING RPWSS,Vasgaon,1396,1,1.34,0.79,0.02,1.38,0.01,0.33,51.14,95.72,56.34,1.42,99.09,0.68,23.47,11-Jun,12-Jun,13-Jun,14-Jun,15-Jun,16-Jun,10-Jun,11-Jun,12-Jun,13-Jun,14-Jun,15-Jun,16-Jun,0,4,3
Konkan,Palghar,Palghar,Palghar,Dahanu,4918426,BADA POKHARAN RETROFITTING RPWSS,Wadhavan,1278,1,0,0,0,0,0,0,0,0,0,0,0,0,0,11-Jun,12-Jun,13-Jun,14-Jun,15-Jun,16-Jun,10-Jun,11-Jun,12-Jun,13-Jun,14-Jun,15-Jun,16-Jun,3,7,0
Konkan,Palghar,Palghar,Palghar,Dahanu,4918426,BADA POKHARAN RETROFITTING RPWSS,Asangaon,2246,1,3.47,2.74,0.01,4.58,6.19,1.87,123.63,154.63,122,0.49,203.8,275.63,83.18,11-Jun,12-Jun,13-Jun,14-Jun,15-Jun,16-Jun,10-Jun,11-Jun,12-Jun,13-Jun,14-Jun,15-Jun,16-Jun,0,1,6
Konkan,Palghar,Palghar,Palghar,Mokhada,20028070,"MOKHADA TALUKA 58 VILLAGES R.R.W.S. SCHEME, TAL -MOKHADA",Ghanwal,296,1,0,0,0,0,0,0,0,0,0,0,0,0,0,11-Jun,12-Jun,13-Jun,14-Jun,15-Jun,16-Jun,10-Jun,11-Jun,12-Jun,13-Jun,14-Jun,15-Jun,16-Jun,7,7,0
Konkan,Palghar,Palghar,Palghar,Mokhada,20028070,"MOKHADA TALUKA 58 VILLAGES R.R.W.S. SCHEME, TAL -MOKHADA",Pardhyachimet Poshera,435,1,0,0,0,0,0,0,0,0,0,0,0,0,0,11-Jun,12-Jun,13-Jun,14-Jun,15-Jun,16-Jun,10-Jun,11-Jun,12-Jun,13-Jun,14-Jun,15-Jun,16-Jun,7,7,0
Konkan,Palghar,Palghar,Palghar,Dahanu,4918426,BADA POKHARAN RETROFITTING RPWSS,Gungavade,1328,1,1.51,2.7,0.19,0.96,0.99,1.87,187.7,114.02,203.59,14.64,72.63,74.7,140.46,11-Jun,12-Jun,13-Jun,14-Jun,15-Jun,16-Jun,10-Jun,11-Jun,12-Jun,13-Jun,14-Jun,15-Jun,16-Jun,0,1,6
Konkan,Palghar,Palghar,Palghar,Mokhada,20028070,"MOKHADA TALUKA 58 VILLAGES R.R.W.S. SCHEME, TAL -MOKHADA",Kaduchiwadi,1215,1,,,,,,0,,,,,,,0,11-Jun,12-Jun,13-Jun,14-Jun,15-Jun,16-Jun,10-Jun,11-Jun,12-Jun,13-Jun,14-Jun,15-Jun,16-Jun,1,1,0
Konkan,Palghar,Palghar,Palghar,Dahanu,4918426,BADA POKHARAN RETROFITTING RPWSS,Dedale,149,1,2.16,5.55,0.09,3.39,1.41,0.87,2927.69,1447.84,3722.64,57.7,2274.97,948.19,580.94,11-Jun,12-Jun,13-Jun,14-Jun,15-Jun,16-Jun,10-Jun,11-Jun,12-Jun,13-Jun,14-Jun,15-Jun,16-Jun,0,0,7
Konkan,Ratnagiri,Ratnagiri,Ratnagiri,Chipalun,20017771,Ovali - Kalkavane - Valoti RR WSS,Ovali,1211,1,0,0,0,0,0,0,0,0,0,0,0,0,0,11-Jun,12-Jun,13-Jun,14-Jun,15-Jun,16-Jun,10-Jun,11-Jun,12-Jun,13-Jun,14-Jun,15-Jun,16-Jun,7,7,0
Konkan,Ratnagiri,Ratnagiri,Ratnagiri,Chipalun,20017771,Ovali - Kalkavane - Valoti RR WSS,Kalkavane,900,4,0,0,0,0,0,0,0,0,0,0,0,0,0,11-Jun,12-Jun,13-Jun,14-Jun,15-Jun,16-Jun,10-Jun,11-Jun,12-Jun,13-Jun,14-Jun,15-Jun,16-Jun,7,7,0
Konkan,Ratnagiri,Ratnagiri,Ratnagiri,Chipalun,20017771,Ovali - Kalkavane - Valoti RR WSS,Dadar,330,1,0,0,0,0,0,0,0,0,0,0,0,0,0,11-Jun,12-Jun,13-Jun,14-Jun,15-Jun,16-Jun,10-Jun,11-Jun,12-Jun,13-Jun,14-Jun,15-Jun,16-Jun,7,7,0
Konkan,Palghar,Palghar,Palghar,Mokhada,20028070,"MOKHADA TALUKA 58 VILLAGES R.R.W.S. SCHEME, TAL -MOKHADA",Vashind,671,1,PI Point not found '\\WIN-6SIR0BN8BTR\JJM.MH_JJM_MOKHADA_20028070_VIL_VASHIND_CALC_WTR_CONS_PER_DAY_FOR_LPCD'.,PI Point not found '\\WIN-6SIR0BN8BTR\JJM.MH_JJM_MOKHADA_20028070_VIL_VASHIND_CALC_WTR_CONS_PER_DAY_FOR_LPCD'.,PI Point not found '\\WIN-6SIR0BN8BTR\JJM.MH_JJM_MOKHADA_20028070_VIL_VASHIND_CALC_WTR_CONS_PER_DAY_FOR_LPCD'.,PI Point not found '\\WIN-6SIR0BN8BTR\JJM.MH_JJM_MOKHADA_20028070_VIL_VASHIND_CALC_WTR_CONS_PER_DAY_FOR_LPCD'.,PI Point not found '\\WIN-6SIR0BN8BTR\JJM.MH_JJM_MOKHADA_20028070_VIL_VASHIND_CALC_WTR_CONS_PER_DAY_FOR_LPCD'.,PI Point not found '\\WIN-6SIR0BN8BTR\JJM.MH_JJM_MOKHADA_20028070_VIL_VASHIND_CALC_WTR_CONS_PER_DAY_FOR_LPCD'.,PI Point not found '\\WIN-6SIR0BN8BTR\JJM.MH_JJM_MOKHADA_20028070_VIL_VASHIND_CALC_LPCD'.,PI Point not found '\\WIN-6SIR0BN8BTR\JJM.MH_JJM_MOKHADA_20028070_VIL_VASHIND_CALC_LPCD'.,PI Point not found '\\WIN-6SIR0BN8BTR\JJM.MH_JJM_MOKHADA_20028070_VIL_VASHIND_CALC_LPCD'.,PI Point not found '\\WIN-6SIR0BN8BTR\JJM.MH_JJM_MOKHADA_20028070_VIL_VASHIND_CALC_LPCD'.,PI Point not found '\\WIN-6SIR0BN8BTR\JJM.MH_JJM_MOKHADA_20028070_VIL_VASHIND_CALC_LPCD'.,PI Point not found '\\WIN-6SIR0BN8BTR\JJM.MH_JJM_MOKHADA_20028070_VIL_VASHIND_CALC_LPCD'.,PI Point not found '\\WIN-6SIR0BN8BTR\JJM.MH_JJM_MOKHADA_20028070_VIL_VASHIND_CALC_LPCD'.,11-Jun,12-Jun,13-Jun,14-Jun,15-Jun,16-Jun,10-Jun,11-Jun,12-Jun,13-Jun,14-Jun,15-Jun,16-Jun,0,0,0
Konkan,Panvel,Raigadh,Mangaon,Pen,20020563,Shahapada 38 Villages,Kane,1503,1,0,0,0,0,0,0,0.33,0,0,0.26,0,0,0.24,11-Jun,12-Jun,13-Jun,14-Jun,15-Jun,16-Jun,10-Jun,11-Jun,12-Jun,13-Jun,14-Jun,15-Jun,16-Jun,4,7,0
Konkan,Palghar,Palghar,Palghar,Dahanu,4918426,BADA POKHARAN RETROFITTING RPWSS,Kapshi,1439,1,2.44,1.87,0.3,0.65,1.66,1.81,115.69,169.52,130.3,21.12,45.26,115.69,125.93,11-Jun,12-Jun,13-Jun,14-Jun,15-Jun,16-Jun,10-Jun,11-Jun,12-Jun,13-Jun,14-Jun,15-Jun,16-Jun,0,2,5
Konkan,Palghar,Palghar,Palghar,Mokhada,20028070,"MOKHADA TALUKA 58 VILLAGES R.R.W.S. SCHEME, TAL -MOKHADA",Nashera,308,3,0,0,0,0,0,0,0,0,0,0,0,0,0,11-Jun,12-Jun,13-Jun,14-Jun,15-Jun,16-Jun,10-Jun,11-Jun,12-Jun,13-Jun,14-Jun,15-Jun,16-Jun,7,7,0
Konkan,Palghar,Palghar,Palghar,Dahanu,4918426,BADA POKHARAN RETROFITTING RPWSS,Kolavali- 1,1864,1,3.7,4.59,0.28,3.99,2.38,3.6,246.64,198.63,246.5,15.01,214.19,127.57,193.12,11-Jun,12-Jun,13-Jun,14-Jun,15-Jun,16-Jun,10-Jun,11-Jun,12-Jun,13-Jun,14-Jun,15-Jun,16-Jun,0,1,6
Konkan,Palghar,Palghar,Palghar,Mokhada,20028070,"MOKHADA TALUKA 58 VILLAGES R.R.W.S. SCHEME, TAL -MOKHADA",Nilmati,855,1,0.46,0.23,0.3,0.16,0,0.26,56.32,53.65,27.38,35.31,18.33,0.03,30.46,11-Jun,12-Jun,13-Jun,14-Jun,15-Jun,16-Jun,10-Jun,11-Jun,12-Jun,13-Jun,14-Jun,15-Jun,16-Jun,0,6,1
Konkan,Palghar,Palghar,Palghar,Mokhada,20028070,"MOKHADA TALUKA 58 VILLAGES R.R.W.S. SCHEME, TAL -MOKHADA",Pimplegoan,465,1,0,0,0,0,0,0,0,0,0,0,0,0,0,11-Jun,12-Jun,13-Jun,14-Jun,15-Jun,16-Jun,10-Jun,11-Jun,12-Jun,13-Jun,14-Jun,15-Jun,16-Jun,5,7,0
Konkan,Palghar,Palghar,Palghar,Mokhada,20028070,"MOKHADA TALUKA 58 VILLAGES R.R.W.S. SCHEME, TAL -MOKHADA",Ambyachapada Saturly,205,1,0,0,0,0,0,0,0,0,0,0,2.42,0,1.16,11-Jun,12-Jun,13-Jun,14-Jun,15-Jun,16-Jun,10-Jun,11-Jun,12-Jun,13-Jun,14-Jun,15-Jun,16-Jun,5,7,0
Konkan,Panvel,Raigadh,Mangaon,Pen,20020563,Shahapada 38 Villages,Washinaka,2224,1,0.12,0,0,0,0,0,0,5.61,0.02,0.01,0.01,0.01,0,11-Jun,12-Jun,13-Jun,14-Jun,15-Jun,16-Jun,10-Jun,11-Jun,12-Jun,13-Jun,14-Jun,15-Jun,16-Jun,2,7,0
Konkan,Panvel,Raigadh,Mangaon,Pen,20020563,Shahapada 38 Villages,Wadhav,6000,1,0.01,0,0,0,0,0,0,0.1,0,0,0.01,0,0,11-Jun,12-Jun,13-Jun,14-Jun,15-Jun,16-Jun,10-Jun,11-Jun,12-Jun,13-Jun,14-Jun,15-Jun,16-Jun,4,7,0
Konkan,Panvel,Raigadh,Mangaon,Pen,20020563,Shahapada 38 Villages,Kashmire,2431,1,0.02,1.7,0,0,1.21,0,0.04,0.73,70.05,0.02,0,49.72,0,11-Jun,12-Jun,13-Jun,14-Jun,15-Jun,16-Jun,10-Jun,11-Jun,12-Jun,13-Jun,14-Jun,15-Jun,16-Jun,2,6,1
Konkan,Palghar,Palghar,Palghar,Mokhada,20028070,"MOKHADA TALUKA 58 VILLAGES R.R.W.S. SCHEME, TAL -MOKHADA",Rajewadi Jogalwadi,465,1,0.84,0.44,0.8,0.58,0.06,0,143.22,179.79,94.87,171.01,124.89,13.62,0,11-Jun,12-Jun,13-Jun,14-Jun,15-Jun,16-Jun,10-Jun,11-Jun,12-Jun,13-Jun,14-Jun,15-Jun,16-Jun,1,2,5
Konkan,Palghar,Palghar,Palghar,Dahanu,4918426,BADA POKHARAN RETROFITTING RPWSS,Bada Pokharan,1971,1,0,2.07,0,0,2.67,0,124.09,0.02,104.83,0.03,0.09,135.63,0.02,11-Jun,12-Jun,13-Jun,14-Jun,15-Jun,16-Jun,10-Jun,11-Jun,12-Jun,13-Jun,14-Jun,15-Jun,16-Jun,0,4,3
Konkan,Palghar,Palghar,Palghar,Palghar,20017952,Padghe and 19 villages PWSS,Tokrepada,264,1,0,0,0,0,0,0,0,0,0,0,0,0,0,11-Jun,12-Jun,13-Jun,14-Jun,15-Jun,16-Jun,10-Jun,11-Jun,12-Jun,13-Jun,14-Jun,15-Jun,16-Jun,7,7,0
Konkan,Raigadh,Raigadh,Raigadh,Mangaon,20028626,"Warak Kushade Water Supply Scheme tal- Mnagaon, Dist-Raigad",Warak,805,1,0,0,0,0.02,0,0.01,0,0,0,0,2.21,0.11,1.49,11-Jun,12-Jun,13-Jun,14-Jun,15-Jun,16-Jun,10-Jun,11-Jun,12-Jun,13-Jun,14-Jun,15-Jun,16-Jun,4,7,0
Konkan,Palghar,Palghar,Palghar,Mokhada,20028070,"MOKHADA TALUKA 58 VILLAGES R.R.W.S. SCHEME, TAL -MOKHADA",Wakadpada,632,1,0.35,0.3,0.45,0.36,0.48,0.34,32.81,55.8,47.44,70.87,57.12,76.11,53.12,11-Jun,12-Jun,13-Jun,14-Jun,15-Jun,16-Jun,10-Jun,11-Jun,12-Jun,13-Jun,14-Jun,15-Jun,16-Jun,0,3,4
Konkan,Panvel,Raigadh,Mangaon,Pen,20020563,Shahapada 38 Villages,Shirki,2237,1,0,0,0,0,0,0,0,0,0,0,0,0,0,11-Jun,12-Jun,13-Jun,14-Jun,15-Jun,16-Jun,10-Jun,11-Jun,12-Jun,13-Jun,14-Jun,15-Jun,16-Jun,7,7,0
Konkan,Palghar,Palghar,Palghar,Dahanu,4918426,BADA POKHARAN RETROFITTING RPWSS,Ketkhadi,472,1,1.46,0.88,0,3.15,1.18,0.14,231.49,309.88,185.6,0.17,666.9,250.08,29.92,11-Jun,12-Jun,13-Jun,14-Jun,15-Jun,16-Jun,10-Jun,11-Jun,12-Jun,13-Jun,14-Jun,15-Jun,16-Jun,0,2,5
Konkan,Palghar,Palghar,Palghar,Dahanu,4918426,BADA POKHARAN RETROFITTING RPWSS,Dhakti Dahanu,5483,2,3.2,3.86,0.28,0.95,1.27,1.18,79.36,58.37,70.34,5.15,17.24,23.23,21.58,11-Jun,12-Jun,13-Jun,14-Jun,15-Jun,16-Jun,10-Jun,11-Jun,12-Jun,13-Jun,14-Jun,15-Jun,16-Jun,0,4,3
Konkan,Palghar,Palghar,Palghar,Palghar,20017952,Padghe and 19 villages PWSS,Padghe,454,2,0,0,0.03,0,0.01,0,0,0,0,6.4,0.96,1.18,0.04,11-Jun,12-Jun,13-Jun,14-Jun,15-Jun,16-Jun,10-Jun,11-Jun,12-Jun,13-Jun,14-Jun,15-Jun,16-Jun,3,7,0
Konkan,Palghar,Palghar,Palghar,Mokhada,20028070,"MOKHADA TALUKA 58 VILLAGES R.R.W.S. SCHEME, TAL -MOKHADA",Pangripada Chas,669,1,0,0,0,0,0,0,0,0,0,0,0,0,0,11-Jun,12-Jun,13-Jun,14-Jun,15-Jun,16-Jun,10-Jun,11-Jun,12-Jun,13-Jun,14-Jun,15-Jun,16-Jun,7,7,0
Konkan,Palghar,Palghar,Palghar,Mokhada,20028070,"MOKHADA TALUKA 58 VILLAGES R.R.W.S. SCHEME, TAL -MOKHADA",Sakhari,818,1,0,0,0,0,0,0,0,0,0,0,0,0,0,11-Jun,12-Jun,13-Jun,14-Jun,15-Jun,16-Jun,10-Jun,11-Jun,12-Jun,13-Jun,14-Jun,15-Jun,16-Jun,7,7,0
Konkan,Palghar,Palghar,Palghar,Mokhada,20028070,"MOKHADA TALUKA 58 VILLAGES R.R.W.S. SCHEME, TAL -MOKHADA",Wadachapada Saturly,632,1,0.39,1.21,0.41,0.03,0,0,6.82,61.08,191.12,64.5,4.86,0.31,0.02,11-Jun,12-Jun,13-Jun,14-Jun,15-Jun,16-Jun,10-Jun,11-Jun,12-Jun,13-Jun,14-Jun,15-Jun,16-Jun,0,4,3
Konkan,Palghar,Palghar,Palghar,Mokhada,20028070,"MOKHADA TALUKA 58 VILLAGES R.R.W.S. SCHEME, TAL -MOKHADA",Rest House Khodala,1287,1,0,Calc Failed,Calc Failed,0,0,0,0,0,0,0,0,0,0,11-Jun,12-Jun,13-Jun,14-Jun,15-Jun,16-Jun,10-Jun,11-Jun,12-Jun,13-Jun,14-Jun,15-Jun,16-Jun,7,7,0
Konkan,Palghar,Palghar,Palghar,Mokhada,20028070,"MOKHADA TALUKA 58 VILLAGES R.R.W.S. SCHEME, TAL -MOKHADA",Brahmagaon,1078,1,0.64,0.23,0.08,0.57,0,0,46.07,59.5,21.63,7.33,52.91,0.03,0,11-Jun,12-Jun,13-Jun,14-Jun,15-Jun,16-Jun,10-Jun,11-Jun,12-Jun,13-Jun,14-Jun,15-Jun,16-Jun,1,6,1
Konkan,Palghar,Palghar,Palghar,Dahanu,4918426,BADA POKHARAN RETROFITTING RPWSS,Dhumket,2198,1,2.19,1.34,0.35,1.29,1.73,0.14,65.1,99.73,60.95,15.98,58.81,78.57,6.28,11-Jun,12-Jun,13-Jun,14-Jun,15-Jun,16-Jun,10-Jun,11-Jun,12-Jun,13-Jun,14-Jun,15-Jun,16-Jun,0,2,5
Konkan,Palghar,Palghar,Palghar,Mokhada,20028070,"MOKHADA TALUKA 58 VILLAGES R.R.W.S. SCHEME, TAL -MOKHADA",Wasala,1561,1,0,0,0,0,0,0,0,0,0,0,0,0,0,11-Jun,12-Jun,13-Jun,14-Jun,15-Jun,16-Jun,10-Jun,11-Jun,12-Jun,13-Jun,14-Jun,15-Jun,16-Jun,7,7,0
Konkan,Palghar,Palghar,Palghar,Mokhada,20028070,"MOKHADA TALUKA 58 VILLAGES R.R.W.S. SCHEME, TAL -MOKHADA",Khasti,107,2,0,0,0,0,0,0,0,0,0,0,0,0,0,11-Jun,12-Jun,13-Jun,14-Jun,15-Jun,16-Jun,10-Jun,11-Jun,12-Jun,13-Jun,14-Jun,15-Jun,16-Jun,7,7,0
Konkan,Palghar,Palghar,Palghar,Mokhada,20028070,"MOKHADA TALUKA 58 VILLAGES R.R.W.S. SCHEME, TAL -MOKHADA",Botoshi,140,4,0,0,0.08,0,0.28,0.85,1.61,0.29,0,53.8,0,59.85,182.08,11-Jun,12-Jun,13-Jun,14-Jun,15-Jun,16-Jun,10-Jun,11-Jun,12-Jun,13-Jun,14-Jun,15-Jun,16-Jun,2,5,2
Konkan,Palghar,Palghar,Palghar,Mokhada,20028070,"MOKHADA TALUKA 58 VILLAGES R.R.W.S. SCHEME, TAL -MOKHADA",Morhande,1821,1,0,0,0,0,0,0,0,0,0,0,0,0,0,11-Jun,12-Jun,13-Jun,14-Jun,15-Jun,16-Jun,10-Jun,11-Jun,12-Jun,13-Jun,14-Jun,15-Jun,16-Jun,7,7,0
