Amravati,Amravati,Amravati W.M,W.M.Amravati - 2,Chandur Bazar,20003791,105 Villages RRWSS,Krishnapur,1029,1,1.09,1.69,1.48,1.62,1.53,2.08,169.10,105.93,164.15,143.83,157.76,148.69,202.14,16-Apr,17-Apr,18-Apr,19-Apr,20-Apr,21-Apr,15-Apr,16-Apr,17-Apr,18-Apr,19-Apr,20-Apr,21-Apr,0,0,7
Amravati,Amravati,Amravati W.M,W.M.Amravati - 2,Chandur Bazar,20003791,105 Villages RRWSS,Lasanapur,0,1,0.92,1.76,1.08,1.91,2.05,2.15,0.00,0.00,0.00,0.00,0.00,0.00,0.00,16-Apr,17-Apr,18-Apr,19-Apr,20-Apr,21-Apr,15-Apr,16-Apr,17-Apr,18-Apr,19-Apr,20-Apr,21-Apr,7,7,0
Amravati,Amravati,Amravati,Achalpur,Chandur Bazar,7945938,83 Village RRWS Scheme MJP RR (C 39),Khel Sakharam (Kurha),119,1,14.75,14.04,10.60,8.31,17.51,21.25,8302.52,12390.76,11795.69,8907.56,6979.35,14711.53,17853.50,16-Apr,17-Apr,18-Apr,19-Apr,20-Apr,21-Apr,15-Apr,16-Apr,17-Apr,18-Apr,19-Apr,20-Apr,21-Apr,0,0,7
Amravati,Amravati,Amravati,Achalpur,Chandur Bazar,7945938,83 Village RRWS Scheme MJP RR (C 39),Khel Choudhar,1350,1,0.00,0.00,0.00,0.00,0.00,0.00,0.00,0.00,0.00,0.00,0.00,0.00,0.00,16-Apr,17-Apr,18-Apr,19-Apr,20-Apr,21-Apr,15-Apr,16-Apr,17-Apr,18-Apr,19-Apr,20-Apr,21-Apr,7,7,0
Amravati,Amravati,Amravati W.M,W.M.Amravati - 2,Amravati,20003791,105 Villages RRWSS,Selora,1555,1,0.99,0.65,1.08,0.96,0.85,0.92,61.74,63.67,41.55,69.45,61.54,54.66,59.16,16-Apr,17-Apr,18-Apr,19-Apr,20-Apr,21-Apr,15-Apr,16-Apr,17-Apr,18-Apr,19-Apr,20-Apr,21-Apr,0,2,5
Amravati,Amravati,Amravati W.M,W.M.Amravati - 2,Amravati,20003791,105 Villages RRWSS,Sayat,2238,5,0.00,2.15,0.86,0.37,0.00,1.73,0.00,0.00,96.21,38.43,16.75,0.00,77.30,16-Apr,17-Apr,18-Apr,19-Apr,20-Apr,21-Apr,15-Apr,16-Apr,17-Apr,18-Apr,19-Apr,20-Apr,21-Apr,3,5,2
Amravati,Amravati,Amravati W.M,W.M.Amravati - 2,Amravati,20003791,105 Villages RRWSS,Saur,3880,1,0.00,0.00,0.00,0.00,0.00,0.00,0.00,0.00,0.00,0.00,0.00,0.00,0.00,16-Apr,17-Apr,18-Apr,19-Apr,20-Apr,21-Apr,15-Apr,16-Apr,17-Apr,18-Apr,19-Apr,20-Apr,21-Apr,7,7,0
Amravati,Amravati,Amravati,Achalpur,Chandur Bazar,7945938,83 Village RRWS Scheme MJP RR (C 39),Kondwardha,235,1,0.67,0.91,0.90,1.22,1.32,1.22,344.68,285.11,388.25,382.98,519.53,561.70,519.15,16-Apr,17-Apr,18-Apr,19-Apr,20-Apr,21-Apr,15-Apr,16-Apr,17-Apr,18-Apr,19-Apr,20-Apr,21-Apr,0,0,7
Amravati,Amravati,Amravati,Achalpur,Achalpur,7945938,83 Village RRWS Scheme MJP RR (C 39),Kolha,419,2,1.87,2.41,2.66,4.08,3.82,4.83,864.71,446.30,576.15,634.84,974.56,911.69,1152.74,16-Apr,17-Apr,18-Apr,19-Apr,20-Apr,21-Apr,15-Apr,16-Apr,17-Apr,18-Apr,19-Apr,20-Apr,21-Apr,0,0,7
Amravati,Akola,Buldhana,Khamgaon,Nandura,20028083,Wadali & 8 Villages RRWSS,Wasadi,792,2,0.00,0.00,0.00,0.00,0.00,0.00,0.00,0.00,0.00,0.00,0.00,0.00,0.00,16-Apr,17-Apr,18-Apr,19-Apr,20-Apr,21-Apr,15-Apr,16-Apr,17-Apr,18-Apr,19-Apr,20-Apr,21-Apr,7,7,0
Amravati,Akola,Buldhana,Khamgaon,Nandura,20028083,Wadali & 8 Villages RRWSS,Wadali,1192,2,1.32,1.70,2.09,1.38,1.84,2.79,373.10,110.57,142.84,175.58,115.57,154.32,233.99,16-Apr,17-Apr,18-Apr,19-Apr,20-Apr,21-Apr,15-Apr,16-Apr,17-Apr,18-Apr,19-Apr,20-Apr,21-Apr,0,0,7
Amravati,Akola,Buldhana,Khamgaon,Nandura,20028083,Wadali & 8 Villages RRWSS,Muramba,596,2,0.00,0.81,0.26,0.21,0.33,0.32,53.04,0.00,136.64,43.37,35.76,55.99,53.34,16-Apr,17-Apr,18-Apr,19-Apr,20-Apr,21-Apr,15-Apr,16-Apr,17-Apr,18-Apr,19-Apr,20-Apr,21-Apr,5,1,2
Amravati,Akola,Buldhana,Khamgaon,Nandura,20028083,Wadali & 8 Villages RRWSS,Khatkhed,581,1,0.00,0.00,0.00,0.00,0.00,0.00,0.00,0.00,0.00,0.00,0.00,0.00,0.00,16-Apr,17-Apr,18-Apr,19-Apr,20-Apr,21-Apr,15-Apr,16-Apr,17-Apr,18-Apr,19-Apr,20-Apr,21-Apr,7,7,0
Amravati,Akola,Buldhana,Khamgaon,Nandura,20028083,Wadali & 8 Villages RRWSS,Pimpalkuta Dhande,912,2,0.00,2.07,0.86,0.00,1.63,0.35,15.90,0.00,227.30,93.93,0.00,179.23,38.89,16-Apr,17-Apr,18-Apr,19-Apr,20-Apr,21-Apr,15-Apr,16-Apr,17-Apr,18-Apr,19-Apr,20-Apr,21-Apr,4,1,3
Amravati,Akola,Buldhana,Khamgaon,Nandura,20028083,Wadali & 8 Villages RRWSS,Barafgaon,480,3,0.14,1.36,0.00,0.60,0.55,0.51,114.35,28.33,282.31,0.00,125.10,114.41,105.83,16-Apr,17-Apr,18-Apr,19-Apr,20-Apr,21-Apr,15-Apr,16-Apr,17-Apr,18-Apr,19-Apr,20-Apr,21-Apr,2,1,5
Amravati,Amravati,Amravati W.M,W.M.Amravati - 2,Amravati,20003791,105 Villages RRWSS,Shirajgaon,1491,6,4.29,7.45,4.57,7.52,7.77,6.83,461.44,287.73,499.84,306.51,504.34,521.13,458.08,16-Apr,17-Apr,18-Apr,19-Apr,20-Apr,21-Apr,15-Apr,16-Apr,17-Apr,18-Apr,19-Apr,20-Apr,21-Apr,0,0,7
Amravati,Amravati,Amravati W.M,W.M.Amravati - 2,Amravati,20003791,105 Villages RRWSS,Shirala,10390,6,0.00,7.15,0.00,2.64,1.98,2.42,30.61,0.00,68.82,0.00,25.41,19.06,23.29,16-Apr,17-Apr,18-Apr,19-Apr,20-Apr,21-Apr,15-Apr,16-Apr,17-Apr,18-Apr,19-Apr,20-Apr,21-Apr,6,2,1
Amravati,Amravati,Amravati W.M,W.M.Amravati - 2,Amravati,20003791,105 Villages RRWSS,Talwel,4024,6,2.60,3.33,2.58,3.61,3.65,3.48,86.23,64.61,82.68,64.12,89.63,90.66,86.48,16-Apr,17-Apr,18-Apr,19-Apr,20-Apr,21-Apr,15-Apr,16-Apr,17-Apr,18-Apr,19-Apr,20-Apr,21-Apr,0,0,7
Amravati,Amravati,Amravati W.M,W.M.Amravati - 2,Amravati,20003791,105 Villages RRWSS,Tarkheda,3773,3,1.65,4.13,1.70,3.92,3.47,3.69,100.98,43.73,109.35,45.06,104.00,91.97,97.89,16-Apr,17-Apr,18-Apr,19-Apr,20-Apr,21-Apr,15-Apr,16-Apr,17-Apr,18-Apr,19-Apr,20-Apr,21-Apr,2,0,5
Amravati,Amravati,Amravati W.M,W.M.Amravati - 2,Amravati,20003791,105 Villages RRWSS,Takarkheda,1961,4,0.00,0.00,0.00,0.00,0.00,0.00,0.00,0.00,0.00,0.00,0.00,0.00,0.00,16-Apr,17-Apr,18-Apr,19-Apr,20-Apr,21-Apr,15-Apr,16-Apr,17-Apr,18-Apr,19-Apr,20-Apr,21-Apr,7,7,0
Amravati,Akola,Akola,Akola,Akola,20028565,"Akot 84 VRRWSS Tq. Akola, Akot & Telhara Dist. Akola",Warur,2400,1,0.00,0.00,0.00,6.22,7.97,2.04,209.17,0.00,0.00,0.00,259.17,332.03,84.80,16-Apr,17-Apr,18-Apr,19-Apr,20-Apr,21-Apr,15-Apr,16-Apr,17-Apr,18-Apr,19-Apr,20-Apr,21-Apr,3,3,4
Amravati,Akola,Akola,Akola,Akola,20028565,"Akot 84 VRRWSS Tq. Akola, Akot & Telhara Dist. Akola",Wani,373,1,0.00,0.00,0.30,0.95,0.00,0.00,131.37,0.00,0.00,80.43,254.09,0.00,0.00,16-Apr,17-Apr,18-Apr,19-Apr,20-Apr,21-Apr,15-Apr,16-Apr,17-Apr,18-Apr,19-Apr,20-Apr,21-Apr,4,4,3
Amravati,Akola,Akola,Akola,Akola,20028565,"Akot 84 VRRWSS Tq. Akola, Akot & Telhara Dist. Akola",Warula,1141,1,0.00,0.00,0.00,0.00,0.00,0.00,0.00,0.00,0.00,0.00,0.00,0.00,0.00,16-Apr,17-Apr,18-Apr,19-Apr,20-Apr,21-Apr,15-Apr,16-Apr,17-Apr,18-Apr,19-Apr,20-Apr,21-Apr,7,7,0
Amravati,Akola,Akola,Akola,Akola,20028565,"Akot 84 VRRWSS Tq. Akola, Akot & Telhara Dist. Akola",Taroda,755,1,0.00,0.00,0.00,0.01,0.00,0.70,0.00,0.00,0.00,0.00,1.32,0.00,92.72,16-Apr,17-Apr,18-Apr,19-Apr,20-Apr,21-Apr,15-Apr,16-Apr,17-Apr,18-Apr,19-Apr,20-Apr,21-Apr,6,5,1
Amravati,Akola,Akola,Akola,Akola,20028565,"Akot 84 VRRWSS Tq. Akola, Akot & Telhara Dist. Akola",Takli Kh.,1728,4,0.98,1.50,1.27,1.32,0.92,0.15,31.25,56.71,86.72,73.50,76.24,53.24,8.68,16-Apr,17-Apr,18-Apr,19-Apr,20-Apr,21-Apr,15-Apr,16-Apr,17-Apr,18-Apr,19-Apr,20-Apr,21-Apr,3,0,4
Amravati,Akola,Akola,Akola,Akola,20028565,"Akot 84 VRRWSS Tq. Akola, Akot & Telhara Dist. Akola",Patsul,972,1,0.00,3.38,0.04,0.00,0.00,4.17,0.00,0.00,347.40,4.12,0.00,0.00,429.01,16-Apr,17-Apr,18-Apr,19-Apr,20-Apr,21-Apr,15-Apr,16-Apr,17-Apr,18-Apr,19-Apr,20-Apr,21-Apr,5,4,2
Amravati,Akola,Akola,Akola,Akola,20028565,"Akot 84 VRRWSS Tq. Akola, Akot & Telhara Dist. Akola",Panori,535,1,0.00,0.00,0.00,0.00,0.00,0.00,0.00,0.00,0.00,0.00,0.00,0.00,0.00,16-Apr,17-Apr,18-Apr,19-Apr,20-Apr,21-Apr,15-Apr,16-Apr,17-Apr,18-Apr,19-Apr,20-Apr,21-Apr,7,7,0
Amravati,Akola,Akola,Akola,Akola,20028565,"Akot 84 VRRWSS Tq. Akola, Akot & Telhara Dist. Akola",Nijampur,712,1,0.00,0.91,0.44,0.64,0.74,1.64,0.00,0.00,128.18,61.80,90.25,103.93,230.34,16-Apr,17-Apr,18-Apr,19-Apr,20-Apr,21-Apr,15-Apr,16-Apr,17-Apr,18-Apr,19-Apr,20-Apr,21-Apr,2,2,5
Amravati,Akola,Akola,Akola,Akola,20028565,"Akot 84 VRRWSS Tq. Akola, Akot & Telhara Dist. Akola",Palsod,2116,3,0.00,0.00,0.00,0.00,0.00,0.00,0.00,0.00,0.15,0.00,0.02,0.00,0.02,16-Apr,17-Apr,18-Apr,19-Apr,20-Apr,21-Apr,15-Apr,16-Apr,17-Apr,18-Apr,19-Apr,20-Apr,21-Apr,7,3,0
Amravati,Akola,Akola,Akola,Akola,20028565,"Akot 84 VRRWSS Tq. Akola, Akot & Telhara Dist. Akola",Mundgaon,7199,2,0.00,493.26,229.21,448.41,307.02,7.82,0.00,0.00,6851.77,3183.91,6228.79,4264.76,108.62,16-Apr,17-Apr,18-Apr,19-Apr,20-Apr,21-Apr,15-Apr,16-Apr,17-Apr,18-Apr,19-Apr,20-Apr,21-Apr,2,2,5
Amravati,Akola,Akola,Akola,Akola,20028565,"Akot 84 VRRWSS Tq. Akola, Akot & Telhara Dist. Akola",Sonbardi,712,2,0.00,0.40,0.00,0.52,0.62,0.00,0.00,0.00,56.58,0.00,72.36,86.94,0.00,16-Apr,17-Apr,18-Apr,19-Apr,20-Apr,21-Apr,15-Apr,16-Apr,17-Apr,18-Apr,19-Apr,20-Apr,21-Apr,4,4,3
Amravati,Akola,Akola,Akola,Akola,20028565,"Akot 84 VRRWSS Tq. Akola, Akot & Telhara Dist. Akola",Sangavi,461,1,0.00,0.00,0.09,0.55,3.45,0.60,0.00,0.00,0.00,19.52,118.45,748.37,129.46,16-Apr,17-Apr,18-Apr,19-Apr,20-Apr,21-Apr,15-Apr,16-Apr,17-Apr,18-Apr,19-Apr,20-Apr,21-Apr,4,3,3
Amravati,Akola,Akola,Akola,Akola,20028565,"Akot 84 VRRWSS Tq. Akola, Akot & Telhara Dist. Akola",Rajurwadi,46,1,0.12,2.45,0.00,1.90,0.00,0.23,1195.65,254.35,5326.47,0.00,4130.43,0.00,500.00,16-Apr,17-Apr,18-Apr,19-Apr,20-Apr,21-Apr,15-Apr,16-Apr,17-Apr,18-Apr,19-Apr,20-Apr,21-Apr,2,2,5
Amravati,Akola,Akola,Akola,Akola,20028565,"Akot 84 VRRWSS Tq. Akola, Akot & Telhara Dist. Akola",Pimpari Dikkar,522,1,0.00,0.00,0.00,1.34,0.01,0.03,0.00,0.00,0.00,0.00,256.70,1.92,5.75,16-Apr,17-Apr,18-Apr,19-Apr,20-Apr,21-Apr,15-Apr,16-Apr,17-Apr,18-Apr,19-Apr,20-Apr,21-Apr,6,4,1
Amravati,Akola,Akola,Akola,Akola,20028565,"Akot 84 VRRWSS Tq. Akola, Akot & Telhara Dist. Akola",Keliweli (New),3676,1,0.00,0.95,0.01,0.00,0.00,0.58,0.00,0.00,25.79,0.27,0.00,0.00,15.78,16-Apr,17-Apr,18-Apr,19-Apr,20-Apr,21-Apr,15-Apr,16-Apr,17-Apr,18-Apr,19-Apr,20-Apr,21-Apr,7,4,0
Amravati,Akola,Akola,Akola,Akola,20028565,"Akot 84 VRRWSS Tq. Akola, Akot & Telhara Dist. Akola",Keliweli (Old),3676,1,0.00,0.00,0.00,0.00,0.00,0.00,0.00,0.00,0.00,0.00,0.00,0.00,0.00,16-Apr,17-Apr,18-Apr,19-Apr,20-Apr,21-Apr,15-Apr,16-Apr,17-Apr,18-Apr,19-Apr,20-Apr,21-Apr,7,7,0
Amravati,Akola,Akola,Akola,Akola,20028565,"Akot 84 VRRWSS Tq. Akola, Akot & Telhara Dist. Akola",Kawasa Bk.,1298,3,0.00,0.00,0.00,0.00,0.00,0.34,0.00,0.00,0.00,0.00,0.00,0.00,26.19,16-Apr,17-Apr,18-Apr,19-Apr,20-Apr,21-Apr,15-Apr,16-Apr,17-Apr,18-Apr,19-Apr,20-Apr,21-Apr,7,6,0
Amravati,Akola,Akola,Akola,Akola,20028565,"Akot 84 VRRWSS Tq. Akola, Akot & Telhara Dist. Akola",Karatwadi,1682,1,0.00,1.60,0.00,2.57,0.05,1.61,122.47,0.00,95.09,0.00,152.79,2.97,95.72,16-Apr,17-Apr,18-Apr,19-Apr,20-Apr,21-Apr,15-Apr,16-Apr,17-Apr,18-Apr,19-Apr,20-Apr,21-Apr,3,2,4
Amravati,Akola,Akola,Akola,Akola,20028565,"Akot 84 VRRWSS Tq. Akola, Akot & Telhara Dist. Akola",Jaulka,1312,1,2.98,1.45,2.56,2.22,0.00,0.00,0.00,227.13,110.52,195.27,169.52,0.00,0.00,16-Apr,17-Apr,18-Apr,19-Apr,20-Apr,21-Apr,15-Apr,16-Apr,17-Apr,18-Apr,19-Apr,20-Apr,21-Apr,3,3,4
Amravati,Akola,Akola,Akola,Akola,20028565,"Akot 84 VRRWSS Tq. Akola, Akot & Telhara Dist. Akola",Lotkhed,1143,2,0.00,0.00,0.00,0.00,0.00,0.00,0.00,0.00,0.00,0.00,0.00,0.00,0.00,16-Apr,17-Apr,18-Apr,19-Apr,20-Apr,21-Apr,15-Apr,16-Apr,17-Apr,18-Apr,19-Apr,20-Apr,21-Apr,7,7,0
Amravati,Akola,Akola,Akola,Akola,20028565,"Akot 84 VRRWSS Tq. Akola, Akot & Telhara Dist. Akola",Maroda,1148,1,0.00,0.00,0.00,0.00,0.00,0.00,0.00,0.00,0.00,0.00,0.00,0.00,0.00,16-Apr,17-Apr,18-Apr,19-Apr,20-Apr,21-Apr,15-Apr,16-Apr,17-Apr,18-Apr,19-Apr,20-Apr,21-Apr,7,7,0
Amravati,Akola,Akola,Akola,Akola,20028565,"Akot 84 VRRWSS Tq. Akola, Akot & Telhara Dist. Akola",Khaparwadi Bk.,420,1,0.00,0.00,0.00,0.00,0.00,0.00,0.00,0.00,0.00,0.00,0.00,0.00,0.00,16-Apr,17-Apr,18-Apr,19-Apr,20-Apr,21-Apr,15-Apr,16-Apr,17-Apr,18-Apr,19-Apr,20-Apr,21-Apr,7,7,0
Amravati,Akola,Akola,Akola,Akola,20028565,"Akot 84 VRRWSS Tq. Akola, Akot & Telhara Dist. Akola",Khaparwadi Kh.,229,1,0.00,0.00,0.00,0.00,0.00,0.00,0.00,0.00,0.00,0.00,0.00,0.00,0.00,16-Apr,17-Apr,18-Apr,19-Apr,20-Apr,21-Apr,15-Apr,16-Apr,17-Apr,18-Apr,19-Apr,20-Apr,21-Apr,7,7,0
Amravati,Akola,Akola,Akola,Akola,20028565,"Akot 84 VRRWSS Tq. Akola, Akot & Telhara Dist. Akola",Danori,1296,2,1.04,2.50,0.00,0.00,3.52,4.33,0.00,80.25,192.96,0.00,0.00,271.60,334.10,16-Apr,17-Apr,18-Apr,19-Apr,20-Apr,21-Apr,15-Apr,16-Apr,17-Apr,18-Apr,19-Apr,20-Apr,21-Apr,3,3,4
Amravati,Akola,Akola,Akola,Akola,20028565,"Akot 84 VRRWSS Tq. Akola, Akot & Telhara Dist. Akola",Deori,2560,1,24.98,21.11,0.00,18.16,71.30,16.43,646.09,975.88,824.70,0.00,709.45,2785.22,641.67,16-Apr,17-Apr,18-Apr,19-Apr,20-Apr,21-Apr,15-Apr,16-Apr,17-Apr,18-Apr,19-Apr,20-Apr,21-Apr,1,1,6
Amravati,Akola,Akola,Akola,Akola,20028565,"Akot 84 VRRWSS Tq. Akola, Akot & Telhara Dist. Akola",Balegaon,1353,1,0.00,196.82,110.25,0.10,22.94,404.68,0.00,0.00,14547.15,8148.74,7.70,1695.49,29909.83,16-Apr,17-Apr,18-Apr,19-Apr,20-Apr,21-Apr,15-Apr,16-Apr,17-Apr,18-Apr,19-Apr,20-Apr,21-Apr,3,2,4
Amravati,Akola,Akola,Akola,Akola,20028565,"Akot 84 VRRWSS Tq. Akola, Akot & Telhara Dist. Akola",Alegaon,422,1,0.00,0.00,0.00,2.46,0.00,0.00,585.31,0.00,0.00,0.00,583.21,0.00,0.00,16-Apr,17-Apr,18-Apr,19-Apr,20-Apr,21-Apr,15-Apr,16-Apr,17-Apr,18-Apr,19-Apr,20-Apr,21-Apr,5,5,2
Amravati,Akola,Akola,Akola,Akola,20028565,"Akot 84 VRRWSS Tq. Akola, Akot & Telhara Dist. Akola",Alewadi,800,1,0.16,0.30,0.21,0.19,0.31,0.28,21.25,20.00,37.21,26.25,23.52,38.75,35.00,16-Apr,17-Apr,18-Apr,19-Apr,20-Apr,21-Apr,15-Apr,16-Apr,17-Apr,18-Apr,19-Apr,20-Apr,21-Apr,7,0,0
Amravati,Akola,Akola,Akola,Akola,20028565,"Akot 84 VRRWSS Tq. Akola, Akot & Telhara Dist. Akola",Garsoli,288,1,0.00,0.00,0.00,0.00,0.00,0.00,0.00,0.00,0.00,0.00,0.00,0.00,0.00,16-Apr,17-Apr,18-Apr,19-Apr,20-Apr,21-Apr,15-Apr,16-Apr,17-Apr,18-Apr,19-Apr,20-Apr,21-Apr,7,7,0
Amravati,Akola,Akola,Akola,Akola,20028565,"Akot 84 VRRWSS Tq. Akola, Akot & Telhara Dist. Akola",Dinoda,1491,2,0.00,0.00,0.00,0.00,0.00,0.00,0.00,0.00,0.00,0.00,0.00,0.00,0.00,16-Apr,17-Apr,18-Apr,19-Apr,20-Apr,21-Apr,15-Apr,16-Apr,17-Apr,18-Apr,19-Apr,20-Apr,21-Apr,7,7,0
Amravati,Amravati,Amravati W.M,W.M.Amravati - 2,Achalpur,20003791,105 Villages RRWSS,Virshi,1231,1,1.11,1.45,0.73,1.62,0.69,1.56,73.92,90.17,117.77,59.30,131.44,56.05,126.73,16-Apr,17-Apr,18-Apr,19-Apr,20-Apr,21-Apr,15-Apr,16-Apr,17-Apr,18-Apr,19-Apr,20-Apr,21-Apr,0,0,7
Amravati,Amravati,Amravati W.M,W.M.Amravati - 2,Amravati,20003791,105 Villages RRWSS,Chinchkheda,1185,2,0.34,1.17,0.62,1.03,1.00,1.16,86.92,28.69,99.05,52.32,86.53,84.39,97.89,16-Apr,17-Apr,18-Apr,19-Apr,20-Apr,21-Apr,15-Apr,16-Apr,17-Apr,18-Apr,19-Apr,20-Apr,21-Apr,2,0,5
Amravati,Amravati,Amravati W.M,Daryapur,Anjangaon,20005043,156 Villages Strengthening scheme of 144 villages RR,Telkheda,220,1,0.00,0.00,0.00,410901.82,0.00,185.71,0.00,0.00,0.00,0.00,186773553.53,0.00,84414.03,16-Apr,17-Apr,18-Apr,19-Apr,20-Apr,21-Apr,15-Apr,16-Apr,17-Apr,18-Apr,19-Apr,20-Apr,21-Apr,5,5,2
Amravati,Amravati,Amravati W.M,Daryapur,Anjangaon,20005043,156 Villages Strengthening scheme of 144 villages RR,Yerandgaon,712,1,0.00,928.63,977.55,889.21,962.48,494.02,0.00,0.00,130425.56,137296.35,124889.04,135179.78,69384.83,16-Apr,17-Apr,18-Apr,19-Apr,20-Apr,21-Apr,15-Apr,16-Apr,17-Apr,18-Apr,19-Apr,20-Apr,21-Apr,2,2,5
Amravati,Amravati,Amravati W.M,Daryapur,Anjangaon,20005043,156 Villages Strengthening scheme of 144 villages RR,Antargaon,440,2,0.00,0.00,0.00,0.00,0.00,0.00,0.00,0.00,0.00,0.00,0.00,0.00,0.00,16-Apr,17-Apr,18-Apr,19-Apr,20-Apr,21-Apr,15-Apr,16-Apr,17-Apr,18-Apr,19-Apr,20-Apr,21-Apr,7,7,0
Amravati,Amravati,Amravati W.M,W.M.Amravati - 2,Achalpur,20003791,105 Villages RRWSS,Zanji,175,3,0.02,2.89,0.00,0.02,0.25,4.72,0.00,11.43,1652.02,0.00,11.43,142.86,2697.14,16-Apr,17-Apr,18-Apr,19-Apr,20-Apr,21-Apr,15-Apr,16-Apr,17-Apr,18-Apr,19-Apr,20-Apr,21-Apr,4,2,3
Amravati,Amravati,Amravati W.M,W.M.Amravati - 2,Achalpur,20003791,105 Villages RRWSS,Yelki,1086,2,19.05,39.87,20.28,36.65,23.87,44.91,3831.23,1754.07,3671.33,1867.58,3374.94,2197.66,4135.17,16-Apr,17-Apr,18-Apr,19-Apr,20-Apr,21-Apr,15-Apr,16-Apr,17-Apr,18-Apr,19-Apr,20-Apr,21-Apr,0,0,7
Amravati,Amravati,Amravati W.M,W.M.Amravati - 2,Achalpur,20003791,105 Villages RRWSS,Wathoda,2563,2,2.25,2.76,1.65,1.32,1.88,2.48,14.05,87.79,107.68,64.38,51.57,73.35,96.76,16-Apr,17-Apr,18-Apr,19-Apr,20-Apr,21-Apr,15-Apr,16-Apr,17-Apr,18-Apr,19-Apr,20-Apr,21-Apr,2,0,5
Amravati,Amravati,Amravati W.M,W.M.Amravati - 2,Achalpur,20003791,105 Villages RRWSS,Wandli,494,1,0.00,5.12,0.00,6.93,0.00,5.69,1661.94,0.00,1036.31,0.00,1403.01,0.00,1151.82,16-Apr,17-Apr,18-Apr,19-Apr,20-Apr,21-Apr,15-Apr,16-Apr,17-Apr,18-Apr,19-Apr,20-Apr,21-Apr,3,3,4
Amravati,Amravati,Amravati W.M,W.M.Amravati - 2,Achalpur,20003791,105 Villages RRWSS,Waki,872,2,1.71,0.25,2.40,0.56,0.47,2.82,76.83,195.80,29.22,275.23,64.60,53.90,323.39,16-Apr,17-Apr,18-Apr,19-Apr,20-Apr,21-Apr,15-Apr,16-Apr,17-Apr,18-Apr,19-Apr,20-Apr,21-Apr,2,0,5
Amravati,Amravati,Amravati W.M,W.M.Amravati - 2,Achalpur,20003791,105 Villages RRWSS,Waigaon,1824,2,0.00,0.00,0.00,0.00,0.00,0.00,0.00,0.00,0.00,0.00,0.00,0.00,0.00,16-Apr,17-Apr,18-Apr,19-Apr,20-Apr,21-Apr,15-Apr,16-Apr,17-Apr,18-Apr,19-Apr,20-Apr,21-Apr,7,7,0
Amravati,Amravati,Amravati W.M,W.M.Amravati - 2,Amravati,20003791,105 Villages RRWSS,Rama,891,2,16.44,26.47,15.22,11.60,21.66,15.03,1854.10,1845.12,2970.61,1708.19,1302.20,2430.98,1686.87,16-Apr,17-Apr,18-Apr,19-Apr,20-Apr,21-Apr,15-Apr,16-Apr,17-Apr,18-Apr,19-Apr,20-Apr,21-Apr,0,0,7
Amravati,Amravati,Amravati W.M,W.M.Amravati - 2,Bhatkuli,20003791,105 Villages RRWSS,Kharwadi,1634,1,0.81,1.68,0.68,1.45,1.33,1.59,100.37,49.57,102.71,41.62,88.57,81.40,97.31,16-Apr,17-Apr,18-Apr,19-Apr,20-Apr,21-Apr,15-Apr,16-Apr,17-Apr,18-Apr,19-Apr,20-Apr,21-Apr,2,0,5
Amravati,Amravati,Amravati W.M,W.M.Amravati - 2,Bhatkuli,20003791,105 Villages RRWSS,Khumagad,608,1,0.00,1.20,0.43,0.30,0.00,0.99,0.00,0.00,196.57,70.72,48.80,0.00,162.83,16-Apr,17-Apr,18-Apr,19-Apr,20-Apr,21-Apr,15-Apr,16-Apr,17-Apr,18-Apr,19-Apr,20-Apr,21-Apr,4,3,3
Amravati,Amravati,Amravati W.M,W.M.Amravati - 2,Bhatkuli,20003791,105 Villages RRWSS,Kharala,2392,3,4.82,20.67,4.71,9.66,9.47,9.44,396.32,201.51,863.98,196.91,404.01,395.90,394.65,16-Apr,17-Apr,18-Apr,19-Apr,20-Apr,21-Apr,15-Apr,16-Apr,17-Apr,18-Apr,19-Apr,20-Apr,21-Apr,0,0,7
Amravati,Amravati,Amravati W.M,W.M.Amravati - 2,Bhatkuli,20003791,105 Villages RRWSS,Khanapur,681,2,0.25,0.55,0.24,0.33,0.49,0.46,36.71,36.71,80.63,35.24,48.57,71.95,67.55,16-Apr,17-Apr,18-Apr,19-Apr,20-Apr,21-Apr,15-Apr,16-Apr,17-Apr,18-Apr,19-Apr,20-Apr,21-Apr,4,0,3
Amravati,Amravati,Amravati W.M,W.M.Amravati - 2,Bhatkuli,20003791,105 Villages RRWSS,Koltek,100 Data Type,1,0.47,0.45,0.00,1.10,0.00,0.00,0.00,0.00,0.00,0.00,0.00,0.00,0.00,16-Apr,17-Apr,18-Apr,19-Apr,20-Apr,21-Apr,15-Apr,16-Apr,17-Apr,18-Apr,19-Apr,20-Apr,21-Apr,7,7,0
Amravati,Amravati,Amravati W.M,W.M.Amravati - 2,Bhatkuli,20003791,105 Villages RRWSS,Dhamori,737,4,5.82,30.56,14.91,41.01,21.13,37.04,4128.54,790.32,4147.01,2023.60,5564.66,2867.43,5025.29,16-Apr,17-Apr,18-Apr,19-Apr,20-Apr,21-Apr,15-Apr,16-Apr,17-Apr,18-Apr,19-Apr,20-Apr,21-Apr,0,0,7
Amravati,Amravati,Amravati W.M,W.M.Amravati - 2,Bhatkuli,20003791,105 Villages RRWSS,Dautpur -Kanfodi,353,1,0.44,0.54,0.46,0.60,0.43,0.38,189.80,124.65,152.51,130.31,170.64,121.81,106.80,16-Apr,17-Apr,18-Apr,19-Apr,20-Apr,21-Apr,15-Apr,16-Apr,17-Apr,18-Apr,19-Apr,20-Apr,21-Apr,0,0,7
Amravati,Amravati,Amravati W.M,W.M.Amravati - 2,Bhatkuli,20003791,105 Villages RRWSS,Deori,757,2,1.06,2.00,1.08,1.68,1.77,1.74,289.54,140.03,264.04,142.67,221.87,233.82,229.85,16-Apr,17-Apr,18-Apr,19-Apr,20-Apr,21-Apr,15-Apr,16-Apr,17-Apr,18-Apr,19-Apr,20-Apr,21-Apr,0,0,7
Amravati,Amravati,Amravati W.M,W.M.Amravati - 2,Bhatkuli,20003791,105 Villages RRWSS,Chincholi,1637,3,0.58,1.25,0.57,1.24,1.24,1.25,64.14,35.43,76.34,34.82,75.78,75.75,76.36,16-Apr,17-Apr,18-Apr,19-Apr,20-Apr,21-Apr,15-Apr,16-Apr,17-Apr,18-Apr,19-Apr,20-Apr,21-Apr,2,0,5
Amravati,Amravati,Amravati W.M,W.M.Amravati - 2,Bhatkuli,20003791,105 Villages RRWSS,Gajanan Township,0,3,2.55,5.56,2.96,5.10,4.84,5.04,0.00,0.00,0.00,0.00,0.00,0.00,0.00,16-Apr,17-Apr,18-Apr,19-Apr,20-Apr,21-Apr,15-Apr,16-Apr,17-Apr,18-Apr,19-Apr,20-Apr,21-Apr,7,7,0
Amravati,Amravati,Amravati W.M,W.M.Amravati - 2,Bhatkuli,20003791,105 Villages RRWSS,Asegaon,4180,6,0.00,2.34,0.00,2.67,0.40,2.41,59.09,0.00,55.98,0.00,63.94,9.57,57.66,16-Apr,17-Apr,18-Apr,19-Apr,20-Apr,21-Apr,15-Apr,16-Apr,17-Apr,18-Apr,19-Apr,20-Apr,21-Apr,3,2,4
Amravati,Amravati,Amravati W.M,W.M.Amravati - 2,Bhatkuli,20003791,105 Villages RRWSS,Ashti,3472,5,2.02,2.04,2.01,2.37,2.77,1.84,59.33,58.18,58.89,57.89,68.22,79.78,53.00,16-Apr,17-Apr,18-Apr,19-Apr,20-Apr,21-Apr,15-Apr,16-Apr,17-Apr,18-Apr,19-Apr,20-Apr,21-Apr,1,0,6
Amravati,Amravati,Amravati W.M,W.M.Amravati - 2,Bhatkuli,20003791,105 Villages RRWSS,Chakur,418,1,0.00,0.00,0.00,0.00,0.00,0.00,0.00,0.00,0.00,0.00,0.00,0.00,0.00,16-Apr,17-Apr,18-Apr,19-Apr,20-Apr,21-Apr,15-Apr,16-Apr,17-Apr,18-Apr,19-Apr,20-Apr,21-Apr,7,7,0
Amravati,Amravati,Amravati W.M,W.M.Amravati - 2,Bhatkuli,20003791,105 Villages RRWSS,Bhalsi,519,1,0.63,0.17,0.65,0.45,0.46,0.79,69.36,121.39,33.09,125.24,86.64,88.63,152.22,16-Apr,17-Apr,18-Apr,19-Apr,20-Apr,21-Apr,15-Apr,16-Apr,17-Apr,18-Apr,19-Apr,20-Apr,21-Apr,1,0,6
Amravati,Amravati,Amravati W.M,W.M.Amravati - 2,Bhatkuli,20003791,105 Villages RRWSS,Bhatkuli NP,1310,2,4.45,9.70,4.70,8.87,9.25,9.40,637.40,339.69,740.52,358.78,676.78,706.11,717.56,16-Apr,17-Apr,18-Apr,19-Apr,20-Apr,21-Apr,15-Apr,16-Apr,17-Apr,18-Apr,19-Apr,20-Apr,21-Apr,0,0,7
Amravati,Amravati,Amravati W.M,W.M.Amravati - 2,Chandur Bazar,20003791,105 Villages RRWSS,Makrampur,112,1,0.00,0.00,0.00,1.53,0.00,3.56,3160.71,0.00,0.00,0.00,1367.59,0.00,3178.57,16-Apr,17-Apr,18-Apr,19-Apr,20-Apr,21-Apr,15-Apr,16-Apr,17-Apr,18-Apr,19-Apr,20-Apr,21-Apr,4,4,3
Amravati,Amravati,Yavatmal,Pusad,Pusad,20028563,"Malpathar 28 Villages, (Reju.)",Panhala,1476,2,0.03,0.01,0.03,0.00,0.00,0.01,0.68,2.03,0.68,2.03,0.00,0.00,0.68,16-Apr,17-Apr,18-Apr,19-Apr,20-Apr,21-Apr,15-Apr,16-Apr,17-Apr,18-Apr,19-Apr,20-Apr,21-Apr,7,2,0
Amravati,Amravati,Yavatmal,Pusad,Pusad,20028563,"Malpathar 28 Villages, (Reju.)",Vasantwadi,1599,2,0.00,9.70,27.65,7.16,16.27,0.00,0.00,0.00,606.34,1729.21,448.05,1017.51,0.00,16-Apr,17-Apr,18-Apr,19-Apr,20-Apr,21-Apr,15-Apr,16-Apr,17-Apr,18-Apr,19-Apr,20-Apr,21-Apr,3,3,4
Amravati,Amravati,Yavatmal,Pusad,Pusad,20028563,"Malpathar 28 Villages, (Reju.)",Sattarmal,802,2,0.00,0.00,0.00,0.00,0.00,0.00,0.00,0.00,0.00,0.00,0.00,0.00,0.00,16-Apr,17-Apr,18-Apr,19-Apr,20-Apr,21-Apr,15-Apr,16-Apr,17-Apr,18-Apr,19-Apr,20-Apr,21-Apr,7,7,0
Amravati,Amravati,Yavatmal,Pusad,Pusad,20028563,"Malpathar 28 Villages, (Reju.)",Rohada,3556,1,0.00,0.00,0.00,0.00,0.00,0.00,0.00,0.00,0.00,0.00,0.00,0.00,0.00,16-Apr,17-Apr,18-Apr,19-Apr,20-Apr,21-Apr,15-Apr,16-Apr,17-Apr,18-Apr,19-Apr,20-Apr,21-Apr,7,7,0
Amravati,Amravati,Yavatmal,Pusad,Pusad,20028563,"Malpathar 28 Villages, (Reju.)",Nanad no 2,3116,2,1.02,1.88,0.07,0.16,0.01,0.35,77.98,32.73,60.28,2.25,5.13,0.32,11.23,16-Apr,17-Apr,18-Apr,19-Apr,20-Apr,21-Apr,15-Apr,16-Apr,17-Apr,18-Apr,19-Apr,20-Apr,21-Apr,5,0,2
Amravati,Amravati,Yavatmal,Pusad,Pusad,20028563,"Malpathar 28 Villages, (Reju.)",Hanvantkheda,1783,3,0.00,0.36,0.00,0.00,1.12,0.80,55.52,0.00,20.41,0.00,0.00,62.82,44.87,16-Apr,17-Apr,18-Apr,19-Apr,20-Apr,21-Apr,15-Apr,16-Apr,17-Apr,18-Apr,19-Apr,20-Apr,21-Apr,5,3,2
Amravati,Amravati,Yavatmal,Pusad,Pusad,20028563,"Malpathar 28 Villages, (Reju.)",Kheirkheda,1349,1,1.02,1.88,0.07,0.16,0.01,0.35,180.13,75.61,139.23,5.19,11.86,0.74,25.95,16-Apr,17-Apr,18-Apr,19-Apr,20-Apr,21-Apr,15-Apr,16-Apr,17-Apr,18-Apr,19-Apr,20-Apr,21-Apr,4,0,3
Amravati,Amravati,Yavatmal,Pusad,Pusad,20028563,"Malpathar 28 Villages, (Reju.)",Aamti,1239,2,0.00,0.00,0.00,0.00,0.00,0.00,0.00,0.00,0.00,0.00,0.00,0.00,0.00,16-Apr,17-Apr,18-Apr,19-Apr,20-Apr,21-Apr,15-Apr,16-Apr,17-Apr,18-Apr,19-Apr,20-Apr,21-Apr,7,7,0
Amravati,Amravati,Amravati W.M,W.M.Amravati - 2,Bhatkuli,20003791,105 Villages RRWSS,Dhangarkheda,326,1,0.00,0.97,0.00,0.50,0.41,0.34,33.74,0.00,297.07,0.00,153.37,125.77,104.29,16-Apr,17-Apr,18-Apr,19-Apr,20-Apr,21-Apr,15-Apr,16-Apr,17-Apr,18-Apr,19-Apr,20-Apr,21-Apr,3,2,4
Amravati,Amravati,Amravati,Achalpur,Chandur Bazar,7945938,83 Village RRWS Scheme MJP RR (C 39),Ambada Kandari,276,1,1.00,2.01,0.52,2.12,1.96,2.08,608.70,362.32,729.61,188.41,768.46,710.14,753.62,16-Apr,17-Apr,18-Apr,19-Apr,20-Apr,21-Apr,15-Apr,16-Apr,17-Apr,18-Apr,19-Apr,20-Apr,21-Apr,0,0,7
Amravati,Amravati,Amravati,Achalpur,Chandur Bazar,7945938,83 Village RRWS Scheme MJP RR (C 39),Kandali,3538,9,4.15,15.98,2.68,23.46,11.77,21.89,574.15,117.23,451.55,75.88,663.20,332.74,618.57,16-Apr,17-Apr,18-Apr,19-Apr,20-Apr,21-Apr,15-Apr,16-Apr,17-Apr,18-Apr,19-Apr,20-Apr,21-Apr,0,0,7
Amravati,Amravati,Amravati W.M,W.M.Amravati - 2,Chandur Bazar,20003791,105 Villages RRWSS,Madhalapur,0,1,0.00,0.91,1.12,0.00,0.00,0.49,0.00,0.00,0.00,0.00,0.00,0.00,0.00,16-Apr,17-Apr,18-Apr,19-Apr,20-Apr,21-Apr,15-Apr,16-Apr,17-Apr,18-Apr,19-Apr,20-Apr,21-Apr,7,7,0
Amravati,Amravati,Amravati,Achalpur,Achalpur,7945938,83 Village RRWS Scheme MJP RR (C 39),Thokbarda,101,1,0.00,0.00,0.88,0.57,0.49,0.94,1000.00,0.00,0.00,871.29,567.31,485.15,930.69,16-Apr,17-Apr,18-Apr,19-Apr,20-Apr,21-Apr,15-Apr,16-Apr,17-Apr,18-Apr,19-Apr,20-Apr,21-Apr,2,2,5
Amravati,Amravati,Amravati,Achalpur,Chandur Bazar,7945938,83 Village RRWS Scheme MJP RR (C 39),Kharpi,591,1,2.89,7.16,3.49,6.08,6.17,7.89,1177.66,489.00,1210.79,590.52,1029.47,1043.99,1334.47,16-Apr,17-Apr,18-Apr,19-Apr,20-Apr,21-Apr,15-Apr,16-Apr,17-Apr,18-Apr,19-Apr,20-Apr,21-Apr,0,0,7
Amravati,Amravati,Amravati,Achalpur,Chandur Bazar,7945938,83 Village RRWS Scheme MJP RR (C 39),Kharpi,591,1,2.89,7.16,3.49,6.08,6.17,7.89,1177.66,489.00,1210.79,590.52,1029.47,1043.99,1334.47,16-Apr,17-Apr,18-Apr,19-Apr,20-Apr,21-Apr,15-Apr,16-Apr,17-Apr,18-Apr,19-Apr,20-Apr,21-Apr,0,0,7
Amravati,Amravati,Amravati W.M,Daryapur,Daryapur,20005043,156 Villages Strengthening scheme of 144 villages RR,Ghodchandi,743,1,0.00,615.51,26.58,264.22,1026.15,531.09,0.00,0.00,82840.66,3577.29,35560.70,138109.02,71478.88,16-Apr,17-Apr,18-Apr,19-Apr,20-Apr,21-Apr,15-Apr,16-Apr,17-Apr,18-Apr,19-Apr,20-Apr,21-Apr,2,2,5
Amravati,Amravati,Amravati W.M,Daryapur,Daryapur,20005043,156 Villages Strengthening scheme of 144 villages RR,Pimplod,4197,2,0.00,1.84,0.01,4.85,4.50,3.17,0.00,0.00,43.91,0.22,115.54,107.22,75.56,16-Apr,17-Apr,18-Apr,19-Apr,20-Apr,21-Apr,15-Apr,16-Apr,17-Apr,18-Apr,19-Apr,20-Apr,21-Apr,4,2,3
Amravati,Amravati,Amravati W.M,Daryapur,Daryapur,20005043,156 Villages Strengthening scheme of 144 villages RR,Rajkhed,564,1,0.00,0.31,0.00,0.00,0.00,0.17,0.00,0.00,55.67,0.00,0.00,0.00,30.14,16-Apr,17-Apr,18-Apr,19-Apr,20-Apr,21-Apr,15-Apr,16-Apr,17-Apr,18-Apr,19-Apr,20-Apr,21-Apr,6,5,1
Amravati,Amravati,Amravati,Achalpur,Chandur Bazar,7945938,83 Village RRWS Scheme MJP RR (C 39),Shirajgaon kasba,4069,7,64980.96,59825.55,62584.00,29095.99,108082.88,47271.90,1153216.76,1596976.16,1470276.59,1538068.32,715064.99,2656251.66,1161757.20,16-Apr,17-Apr,18-Apr,19-Apr,20-Apr,21-Apr,15-Apr,16-Apr,17-Apr,18-Apr,19-Apr,20-Apr,21-Apr,0,0,7
Amravati,Amravati,Amravati,Achalpur,Chandur Bazar,7945938,83 Village RRWS Scheme MJP RR (C 39),Narayanpur,183,1,1.66,1.66,1.66,1.66,1.66,1.66,907.10,907.10,907.10,907.10,907.10,907.10,907.10,16-Apr,17-Apr,18-Apr,19-Apr,20-Apr,21-Apr,15-Apr,16-Apr,17-Apr,18-Apr,19-Apr,20-Apr,21-Apr,0,0,7
Amravati,Amravati,Amravati,Achalpur,Chandur Bazar,7945938,83 Village RRWS Scheme MJP RR (C 39),Gourkheda,504,5,21.24,24.98,22.12,27.96,28.72,29.05,5716.38,4213.83,4956.42,4389.15,5548.19,5698.66,5764.78,16-Apr,17-Apr,18-Apr,19-Apr,20-Apr,21-Apr,15-Apr,16-Apr,17-Apr,18-Apr,19-Apr,20-Apr,21-Apr,0,0,7
Amravati,Amravati,Amravati,Achalpur,Chandur Bazar,7945938,83 Village RRWS Scheme MJP RR (C 39),Deomali,1500,3,0.00,0.00,0.00,0.00,0.00,0.00,0.00,0.00,0.00,0.00,0.00,0.00,0.00,16-Apr,17-Apr,18-Apr,19-Apr,20-Apr,21-Apr,15-Apr,16-Apr,17-Apr,18-Apr,19-Apr,20-Apr,21-Apr,7,7,0
Amravati,Amravati,Amravati,Achalpur,Chandur Bazar,7945938,83 Village RRWS Scheme MJP RR (C 39),Kumbhi,612,2,1.51,1.06,1.79,1.21,2.13,1.76,205.88,246.73,173.23,292.48,197.00,348.04,287.58,16-Apr,17-Apr,18-Apr,19-Apr,20-Apr,21-Apr,15-Apr,16-Apr,17-Apr,18-Apr,19-Apr,20-Apr,21-Apr,0,0,7
Amravati,Amravati,Amravati,Achalpur,Chandur Bazar,7945938,83 Village RRWS Scheme MJP RR (C 39),Karajgaon (Mahal),1443,4,0.00,0.00,0.00,0.00,0.00,0.00,0.00,0.00,0.00,0.00,0.00,0.00,0.00,16-Apr,17-Apr,18-Apr,19-Apr,20-Apr,21-Apr,15-Apr,16-Apr,17-Apr,18-Apr,19-Apr,20-Apr,21-Apr,7,7,0
Amravati,Amravati,Amravati,Achalpur,Chandur Bazar,7945938,83 Village RRWS Scheme MJP RR (C 39),Kavitha Bk.,1129,3,3.58,1.50,3.91,3.26,3.52,4.84,372.90,317.09,132.96,346.32,288.97,311.78,428.70,16-Apr,17-Apr,18-Apr,19-Apr,20-Apr,21-Apr,15-Apr,16-Apr,17-Apr,18-Apr,19-Apr,20-Apr,21-Apr,0,0,7
Amravati,Amravati,Amravati,Achalpur,Achalpur,7945938,83 Village RRWS Scheme MJP RR (C 39),Wadgaon Fattepur,855,5,0.18,2.38,1.82,3.43,2.32,4.16,457.31,21.05,278.57,212.87,401.56,271.35,486.55,16-Apr,17-Apr,18-Apr,19-Apr,20-Apr,21-Apr,15-Apr,16-Apr,17-Apr,18-Apr,19-Apr,20-Apr,21-Apr,1,0,6
Amravati,Amravati,Amravati,Achalpur,Achalpur,7945938,83 Village RRWS Scheme MJP RR (C 39),Tondgaon,560,4,0.00,1.11,0.00,1.72,0.00,1.88,326.79,0.00,198.92,0.00,306.61,0.00,335.71,16-Apr,17-Apr,18-Apr,19-Apr,20-Apr,21-Apr,15-Apr,16-Apr,17-Apr,18-Apr,19-Apr,20-Apr,21-Apr,3,3,4
Amravati,Amravati,Amravati,Achalpur,Achalpur,7945938,83 Village RRWS Scheme MJP RR (C 39),Tawalar,675,5,1.20,0.73,0.82,0.98,0.87,1.17,177.78,177.78,107.97,121.48,145.10,128.89,173.33,16-Apr,17-Apr,18-Apr,19-Apr,20-Apr,21-Apr,15-Apr,16-Apr,17-Apr,18-Apr,19-Apr,20-Apr,21-Apr,0,0,7
Amravati,Amravati,Amravati,Achalpur,Achalpur,7945938,83 Village RRWS Scheme MJP RR (C 39),Borgaon Dori,263,1,1.32,1.65,0.70,1.25,1.06,1.12,920.15,501.90,626.36,266.16,476.69,403.04,425.86,16-Apr,17-Apr,18-Apr,19-Apr,20-Apr,21-Apr,15-Apr,16-Apr,17-Apr,18-Apr,19-Apr,20-Apr,21-Apr,0,0,7
Amravati,Amravati,Amravati,Achalpur,Achalpur,7945938,83 Village RRWS Scheme MJP RR (C 39),Borgaon Talani,102,1,0.00,0.00,0.00,0.00,0.00,0.00,0.00,0.00,0.00,0.00,0.00,0.00,0.00,16-Apr,17-Apr,18-Apr,19-Apr,20-Apr,21-Apr,15-Apr,16-Apr,17-Apr,18-Apr,19-Apr,20-Apr,21-Apr,7,7,0
Amravati,Amravati,Amravati,Achalpur,Achalpur,7945938,83 Village RRWS Scheme MJP RR (C 39),Kakda,1104,2,0.00,0.00,2.32,1.36,0.00,0.00,0.00,0.00,0.00,210.14,123.04,0.00,0.00,16-Apr,17-Apr,18-Apr,19-Apr,20-Apr,21-Apr,15-Apr,16-Apr,17-Apr,18-Apr,19-Apr,20-Apr,21-Apr,5,5,2
Amravati,Amravati,Amravati,Achalpur,Achalpur,20029998,Shahanur & 9 Villages RRWS,Kumbhi Wagholi,507,1,0.00,0.00,0.00,0.00,0.00,0.00,0.00,0.00,0.00,0.00,0.00,0.00,0.00,16-Apr,17-Apr,18-Apr,19-Apr,20-Apr,21-Apr,15-Apr,16-Apr,17-Apr,18-Apr,19-Apr,20-Apr,21-Apr,7,7,0
Amravati,Amravati,Amravati,Achalpur,Achalpur,20029998,Shahanur & 9 Villages RRWS,Pardi,302,1,0.00,0.00,0.00,0.00,0.00,0.00,0.00,0.00,0.00,0.00,0.00,0.00,0.00,16-Apr,17-Apr,18-Apr,19-Apr,20-Apr,21-Apr,15-Apr,16-Apr,17-Apr,18-Apr,19-Apr,20-Apr,21-Apr,7,7,0
Amravati,Amravati,Amravati,Achalpur,Achalpur,20029998,Shahanur & 9 Villages RRWS,Januna,1827,3,1.94,2.19,1.19,0.98,1.67,1.36,144.80,106.27,120.12,65.00,53.44,91.49,74.28,16-Apr,17-Apr,18-Apr,19-Apr,20-Apr,21-Apr,15-Apr,16-Apr,17-Apr,18-Apr,19-Apr,20-Apr,21-Apr,1,0,6
Amravati,Amravati,Amravati,Achalpur,Achalpur,20029998,Shahanur & 9 Villages RRWS,Kasampur,1311,2,0.00,0.00,0.00,0.00,0.00,0.00,0.00,0.00,0.00,0.00,0.00,0.00,0.00,16-Apr,17-Apr,18-Apr,19-Apr,20-Apr,21-Apr,15-Apr,16-Apr,17-Apr,18-Apr,19-Apr,20-Apr,21-Apr,7,7,0
Amravati,Amravati,Amravati,Achalpur,Achalpur,20029998,Shahanur & 9 Villages RRWS,Gond Wagholi,1393,2,0.00,0.00,0.00,0.00,0.00,0.00,81.12,0.00,0.00,0.00,0.00,0.00,0.00,16-Apr,17-Apr,18-Apr,19-Apr,20-Apr,21-Apr,15-Apr,16-Apr,17-Apr,18-Apr,19-Apr,20-Apr,21-Apr,6,6,1
Amravati,Amravati,Amravati,Achalpur,Achalpur,7945938,83 Village RRWS Scheme MJP RR (C 39),Belaj,369,2,0.00,0.17,0.00,0.15,0.00,0.17,43.36,0.00,46.07,0.00,40.65,0.00,46.07,16-Apr,17-Apr,18-Apr,19-Apr,20-Apr,21-Apr,15-Apr,16-Apr,17-Apr,18-Apr,19-Apr,20-Apr,21-Apr,7,3,0
Amravati,Amravati,Amravati,Achalpur,Achalpur,20029998,Shahanur & 9 Villages RRWS,Walmikpur,557,1,0.00,0.00,0.00,0.00,0.00,0.00,0.00,0.00,0.00,0.00,0.00,0.00,0.00,16-Apr,17-Apr,18-Apr,19-Apr,20-Apr,21-Apr,15-Apr,16-Apr,17-Apr,18-Apr,19-Apr,20-Apr,21-Apr,7,6,0
Amravati,Amravati,Amravati,Achalpur,Achalpur,20029998,Shahanur & 9 Villages RRWS,Waghdoh,783,2,0.00,0.00,0.00,0.00,0.00,0.00,0.00,0.00,0.00,0.00,0.00,0.00,0.00,16-Apr,17-Apr,18-Apr,19-Apr,20-Apr,21-Apr,15-Apr,16-Apr,17-Apr,18-Apr,19-Apr,20-Apr,21-Apr,7,7,0
Amravati,Amravati,Amravati,Achalpur,Chandur Bazar,7945938,83 Village RRWS Scheme MJP RR (C 39),Pimpari Thugaon,405,1,8.95,15.56,13.63,28.99,21.35,21.48,5081.48,2209.88,3841.51,3365.43,7157.55,5271.60,5303.70,16-Apr,17-Apr,18-Apr,19-Apr,20-Apr,21-Apr,15-Apr,16-Apr,17-Apr,18-Apr,19-Apr,20-Apr,21-Apr,0,0,7
Amravati,Amravati,Amravati,Achalpur,Chandur Bazar,7945938,83 Village RRWS Scheme MJP RR (C 39),Govindpur,330,1,0.65,0.66,0.00,0.97,0.59,0.65,215.15,196.97,198.76,0.00,294.93,178.79,196.97,16-Apr,17-Apr,18-Apr,19-Apr,20-Apr,21-Apr,15-Apr,16-Apr,17-Apr,18-Apr,19-Apr,20-Apr,21-Apr,1,1,6
Amravati,Akola,Buldhana,Buldhana,Buldhana,20021406,Padali & 5 Villages RRWSS,Palaskhed Naik,1098,1,0.00,0.22,0.23,0.55,0.72,0.23,0.00,0.00,20.04,20.95,50.09,65.57,20.95,16-Apr,17-Apr,18-Apr,19-Apr,20-Apr,21-Apr,15-Apr,16-Apr,17-Apr,18-Apr,19-Apr,20-Apr,21-Apr,6,2,1
Amravati,Akola,Buldhana,Buldhana,Buldhana,20021406,Padali & 5 Villages RRWSS,Palaskhed Nago,712,1,0.00,0.00,0.00,0.00,0.54,0.55,0.00,0.00,0.00,0.00,0.00,75.84,77.25,16-Apr,17-Apr,18-Apr,19-Apr,20-Apr,21-Apr,15-Apr,16-Apr,17-Apr,18-Apr,19-Apr,20-Apr,21-Apr,5,5,2
Amravati,Akola,Buldhana,Buldhana,Buldhana,20021406,Padali & 5 Villages RRWSS,Ijalpur,817,1,0.00,0.01,0.00,2.04,0.00,0.01,0.00,0.00,1.22,0.00,249.69,0.00,1.22,16-Apr,17-Apr,18-Apr,19-Apr,20-Apr,21-Apr,15-Apr,16-Apr,17-Apr,18-Apr,19-Apr,20-Apr,21-Apr,6,4,1
Amravati,Akola,Buldhana,Buldhana,Buldhana,20021406,Padali & 5 Villages RRWSS,Gondhankhed,413,1,0.00,0.33,6.99,0.00,0.00,0.00,0.00,0.00,79.90,1692.49,0.00,0.00,0.00,16-Apr,17-Apr,18-Apr,19-Apr,20-Apr,21-Apr,15-Apr,16-Apr,17-Apr,18-Apr,19-Apr,20-Apr,21-Apr,5,5,2
Amravati,Akola,Buldhana,Buldhana,Buldhana,20021406,Padali & 5 Villages RRWSS,Padli,2502,2,1.15,0.20,0.06,0.00,0.00,0.01,88.20,45.82,8.00,2.54,0.00,0.00,0.24,16-Apr,17-Apr,18-Apr,19-Apr,20-Apr,21-Apr,15-Apr,16-Apr,17-Apr,18-Apr,19-Apr,20-Apr,21-Apr,6,2,1
Amravati,Akola,Buldhana,Buldhana,Buldhana,20021406,Padali & 5 Villages RRWSS,Merkhed,125,1,0.00,0.58,0.17,0.24,0.00,0.19,0.00,0.00,464.00,136.00,192.00,0.00,152.00,16-Apr,17-Apr,18-Apr,19-Apr,20-Apr,21-Apr,15-Apr,16-Apr,17-Apr,18-Apr,19-Apr,20-Apr,21-Apr,3,3,4
Amravati,Amravati,Amravati,Achalpur,Chandur Bazar,7945938,83 Village RRWS Scheme MJP RR (C 39),Kajali,363,1,0.89,0.57,0.98,0.60,0.95,0.88,308.54,245.18,156.69,269.97,164.73,261.71,242.42,16-Apr,17-Apr,18-Apr,19-Apr,20-Apr,21-Apr,15-Apr,16-Apr,17-Apr,18-Apr,19-Apr,20-Apr,21-Apr,0,0,7
Amravati,Amravati,Amravati W.M,W.M.Amravati - 2,Bhatkuli,20003791,105 Villages RRWSS,Chimnapur E.,0,1,0.00,0.15,0.00,0.29,0.00,0.51,0.00,0.00,0.00,0.00,0.00,0.00,0.00,16-Apr,17-Apr,18-Apr,19-Apr,20-Apr,21-Apr,15-Apr,16-Apr,17-Apr,18-Apr,19-Apr,20-Apr,21-Apr,7,7,0
Amravati,Amravati,Amravati,Amravati - 2,Nandgaon Khandeshwar,20030287,Takli & 4 Villages RRWS,Takali,2522,2,0.13,0.28,0.00,0.00,0.24,1.02,27.01,5.16,11.04,0.00,0.00,9.56,40.57,16-Apr,17-Apr,18-Apr,19-Apr,20-Apr,21-Apr,15-Apr,16-Apr,17-Apr,18-Apr,19-Apr,20-Apr,21-Apr,7,0,0
Amravati,Amravati,Amravati,Amravati - 2,Nandgaon Khandeshwar,20030287,Takli & 4 Villages RRWS,Hiwara Kh.,1671,2,166.60,186.45,205.49,183.79,209.56,190.41,11508.96,9969.79,11158.07,12297.61,10998.96,12540.82,11395.05,16-Apr,17-Apr,18-Apr,19-Apr,20-Apr,21-Apr,15-Apr,16-Apr,17-Apr,18-Apr,19-Apr,20-Apr,21-Apr,0,0,7
Amravati,Amravati,Amravati,Amravati - 2,Nandgaon Khandeshwar,20030287,Takli & 4 Villages RRWS,Dahigaon,100 Data Type,1,36.96,33.50,19.26,46.79,51.09,39.26,0.00,0.00,0.00,0.00,0.00,0.00,0.00,16-Apr,17-Apr,18-Apr,19-Apr,20-Apr,21-Apr,15-Apr,16-Apr,17-Apr,18-Apr,19-Apr,20-Apr,21-Apr,7,7,0
Amravati,Amravati,Amravati,Amravati - 2,Nandgaon Khandeshwar,20030287,Takli & 4 Villages RRWS,Ful Aamla,1771,2,0.21,0.00,0.43,0.00,0.21,0.00,1.17,12.13,0.00,24.38,0.00,11.88,0.00,16-Apr,17-Apr,18-Apr,19-Apr,20-Apr,21-Apr,15-Apr,16-Apr,17-Apr,18-Apr,19-Apr,20-Apr,21-Apr,7,3,0
Amravati,Amravati,Amravati,Amravati - 2,Nandgaon Khandeshwar,20030287,Takli & 4 Villages RRWS,Bopnemtaba,849,1,0.12,0.08,0.10,0.41,0.27,0.54,22.38,14.13,9.07,11.78,48.29,31.80,63.60,16-Apr,17-Apr,18-Apr,19-Apr,20-Apr,21-Apr,15-Apr,16-Apr,17-Apr,18-Apr,19-Apr,20-Apr,21-Apr,6,0,1
Amravati,Akola,Buldhana,Buldhana,Motala,20028065,Pophali & 3 Villages RRWSS,Wadi,724,3,0.07,0.04,0.07,0.10,0.21,0.07,9.76,9.77,5.08,9.77,13.30,29.12,9.90,16-Apr,17-Apr,18-Apr,19-Apr,20-Apr,21-Apr,15-Apr,16-Apr,17-Apr,18-Apr,19-Apr,20-Apr,21-Apr,7,0,0
Amravati,Akola,Buldhana,Buldhana,Motala,20028065,Pophali & 3 Villages RRWSS,Pophali,2833,2,1.38,2.09,0.87,3.58,2.57,2.99,107.21,48.75,73.91,30.56,126.21,90.61,105.56,16-Apr,17-Apr,18-Apr,19-Apr,20-Apr,21-Apr,15-Apr,16-Apr,17-Apr,18-Apr,19-Apr,20-Apr,21-Apr,2,0,5
Amravati,Akola,Buldhana,Buldhana,Motala,20028065,Pophali & 3 Villages RRWSS,Dhonkhed,970,2,14.49,37.45,10.33,31.18,20.95,18.56,4005.72,1494.28,3860.55,1064.73,3214.03,2159.79,1913.40,16-Apr,17-Apr,18-Apr,19-Apr,20-Apr,21-Apr,15-Apr,16-Apr,17-Apr,18-Apr,19-Apr,20-Apr,21-Apr,0,0,7
Amravati,Akola,Buldhana,Buldhana,Motala,20028065,Pophali & 3 Villages RRWSS,Chawarda,1202,1,1.51,6.60,0.00,7.20,0.00,7.15,307.82,125.62,549.38,0.00,599.34,0.00,594.84,16-Apr,17-Apr,18-Apr,19-Apr,20-Apr,21-Apr,15-Apr,16-Apr,17-Apr,18-Apr,19-Apr,20-Apr,21-Apr,2,2,5
Amravati,Akola,Buldhana,Buldhana,Motala,20027978,Dhamangaon Deshmukh & 9 Villages RRWSS,Isalwadi,1075,1,0.00,0.14,0.82,0.80,0.36,0.00,112.11,0.00,12.68,76.35,74.28,33.23,0.00,16-Apr,17-Apr,18-Apr,19-Apr,20-Apr,21-Apr,15-Apr,16-Apr,17-Apr,18-Apr,19-Apr,20-Apr,21-Apr,4,2,3
Amravati,Akola,Buldhana,Buldhana,Motala,20027978,Dhamangaon Deshmukh & 9 Villages RRWSS,Nimkhedi,850,2,0.00,0.01,0.00,0.08,0.00,0.22,0.01,0.00,0.72,0.00,9.79,0.00,25.72,16-Apr,17-Apr,18-Apr,19-Apr,20-Apr,21-Apr,15-Apr,16-Apr,17-Apr,18-Apr,19-Apr,20-Apr,21-Apr,7,3,0
Amravati,Akola,Buldhana,Buldhana,Motala,20027978,Dhamangaon Deshmukh & 9 Villages RRWSS,Giroli,1418,2,0.00,0.00,0.00,0.00,0.00,0.00,0.00,0.00,0.00,0.00,0.00,0.00,0.00,16-Apr,17-Apr,18-Apr,19-Apr,20-Apr,21-Apr,15-Apr,16-Apr,17-Apr,18-Apr,19-Apr,20-Apr,21-Apr,7,7,0
Amravati,Akola,Buldhana,Buldhana,Motala,20027978,Dhamangaon Deshmukh & 9 Villages RRWSS,Dhamangaon Deshmukh,1452,1,0.75,1.16,0.00,1.07,1.37,0.00,57.77,51.44,79.93,0.03,73.92,94.68,0.00,16-Apr,17-Apr,18-Apr,19-Apr,20-Apr,21-Apr,15-Apr,16-Apr,17-Apr,18-Apr,19-Apr,20-Apr,21-Apr,3,1,4
Amravati,Akola,Buldhana,Buldhana,Motala,20027978,Dhamangaon Deshmukh & 9 Villages RRWSS,Chinchkhed Nath,1366,2,0.00,0.13,0.01,0.00,0.00,0.00,40.56,0.00,9.34,0.61,0.00,0.00,0.02,16-Apr,17-Apr,18-Apr,19-Apr,20-Apr,21-Apr,15-Apr,16-Apr,17-Apr,18-Apr,19-Apr,20-Apr,21-Apr,7,1,0
Amravati,Akola,Buldhana,Buldhana,Motala,20027978,Dhamangaon Deshmukh & 9 Villages RRWSS,Ramgaon Tanda,475,3,0.94,0.52,0.00,25.89,16.75,0.00,256.85,197.04,108.53,0.00,5449.60,3526.32,0.00,16-Apr,17-Apr,18-Apr,19-Apr,20-Apr,21-Apr,15-Apr,16-Apr,17-Apr,18-Apr,19-Apr,20-Apr,21-Apr,2,2,5
Amravati,Akola,Buldhana,Buldhana,Motala,20027978,Dhamangaon Deshmukh & 9 Villages RRWSS,Pimpalgaon Nath Tanda,891,2,21.32,48.97,43.43,11.91,47.32,22.23,5683.42,2392.64,5495.96,4874.56,1336.68,5311.20,2495.19,16-Apr,17-Apr,18-Apr,19-Apr,20-Apr,21-Apr,15-Apr,16-Apr,17-Apr,18-Apr,19-Apr,20-Apr,21-Apr,0,0,7
Amravati,Akola,Buldhana,Buldhana,Motala,20027978,Dhamangaon Deshmukh & 9 Villages RRWSS,Pimpalgaon Nath,1482,2,0.97,0.46,0.00,1.65,0.95,1.19,64.81,65.13,31.31,0.00,111.36,64.08,79.96,16-Apr,17-Apr,18-Apr,19-Apr,20-Apr,21-Apr,15-Apr,16-Apr,17-Apr,18-Apr,19-Apr,20-Apr,21-Apr,2,1,5
Amravati,Akola,Buldhana,Buldhana,Motala,20021409,Kurha & 2 Villages RRWSS,Gotmara,1309,1,0.27,2.95,0.45,1.26,0.98,1.15,116.80,20.68,225.03,34.64,96.47,75.14,87.79,16-Apr,17-Apr,18-Apr,19-Apr,20-Apr,21-Apr,15-Apr,16-Apr,17-Apr,18-Apr,19-Apr,20-Apr,21-Apr,2,0,5
Amravati,Akola,Buldhana,Buldhana,Motala,20027978,Dhamangaon Deshmukh & 9 Villages RRWSS,Bhangi Vasti,244,1,0.00,0.00,0.00,0.00,0.00,0.00,0.00,0.00,0.00,0.00,0.00,0.00,0.00,16-Apr,17-Apr,18-Apr,19-Apr,20-Apr,21-Apr,15-Apr,16-Apr,17-Apr,18-Apr,19-Apr,20-Apr,21-Apr,7,7,0
Amravati,Akola,Buldhana,Buldhana,Motala,20027978,Dhamangaon Deshmukh & 9 Villages RRWSS,Bhangi Tanda,398,1,1.66,1.04,0.00,0.80,0.88,0.54,286.43,417.09,262.56,0.00,201.74,221.11,135.68,16-Apr,17-Apr,18-Apr,19-Apr,20-Apr,21-Apr,15-Apr,16-Apr,17-Apr,18-Apr,19-Apr,20-Apr,21-Apr,1,1,6
Amravati,Akola,Buldhana,Buldhana,Motala,20021409,Kurha & 2 Villages RRWSS,Kurha,2299,2,0.97,3.54,1.50,1.83,0.93,0.00,63.11,42.18,154.11,65.12,79.42,40.64,0.00,16-Apr,17-Apr,18-Apr,19-Apr,20-Apr,21-Apr,15-Apr,16-Apr,17-Apr,18-Apr,19-Apr,20-Apr,21-Apr,3,1,4
Amravati,Akola,Buldhana,Buldhana,Motala,20021409,Kurha & 2 Villages RRWSS,Hanwatkhed,801,1,0.67,3.49,2.14,3.25,2.05,2.82,560.55,83.65,435.16,267.17,405.89,255.93,352.06,16-Apr,17-Apr,18-Apr,19-Apr,20-Apr,21-Apr,15-Apr,16-Apr,17-Apr,18-Apr,19-Apr,20-Apr,21-Apr,0,0,7
Amravati,Amravati,Amravati W.M,W.M.Amravati - 2,Chandur Bazar,20003791,105 Villages RRWSS,Nandura Bk.,2311,3,0.37,1.08,0.12,0.77,0.16,1.48,17.74,16.01,46.88,5.38,33.32,6.92,64.04,16-Apr,17-Apr,18-Apr,19-Apr,20-Apr,21-Apr,15-Apr,16-Apr,17-Apr,18-Apr,19-Apr,20-Apr,21-Apr,6,0,1
Amravati,Amravati,Amravati,Achalpur,Chandur Bazar,7945938,83 Village RRWS Scheme MJP RR (C 39),Deurwada,912,3,0.00,2.16,0.72,3.14,2.90,2.74,302.63,0.00,236.48,78.95,344.22,317.98,300.44,16-Apr,17-Apr,18-Apr,19-Apr,20-Apr,21-Apr,15-Apr,16-Apr,17-Apr,18-Apr,19-Apr,20-Apr,21-Apr,1,1,6
Amravati,Amravati,Amravati W.M,W.M.Amravati - 2,Chandur Bazar,20003791,105 Villages RRWSS,Mhaispur,794,1,0.68,0.00,0.00,1.33,0.82,0.00,147.36,86.13,0.00,0.00,167.43,103.27,0.00,16-Apr,17-Apr,18-Apr,19-Apr,20-Apr,21-Apr,15-Apr,16-Apr,17-Apr,18-Apr,19-Apr,20-Apr,21-Apr,3,3,4
Amravati,Amravati,Amravati W.M,W.M.Amravati - 2,Bhatkuli,20003791,105 Villages RRWSS,Hatkhed,1221,3,0.78,2.02,0.78,1.61,0.76,1.91,89.27,63.88,165.83,63.88,131.77,62.24,156.43,16-Apr,17-Apr,18-Apr,19-Apr,20-Apr,21-Apr,15-Apr,16-Apr,17-Apr,18-Apr,19-Apr,20-Apr,21-Apr,0,0,7
Amravati,Amravati,Amravati W.M,W.M.Amravati - 2,Bhatkuli,20003791,105 Villages RRWSS,Hiwara,689,1,0.00,12.28,0.00,11.05,13.31,8.86,1159.65,0.00,1782.77,0.00,1604.24,1931.79,1285.92,16-Apr,17-Apr,18-Apr,19-Apr,20-Apr,21-Apr,15-Apr,16-Apr,17-Apr,18-Apr,19-Apr,20-Apr,21-Apr,2,2,5
Amravati,Amravati,Yavatmal,Pusad,Pusad,20028563,"Malpathar 28 Villages, (Reju.)",Aadgaon,2510,3,0.57,0.00,0.00,0.17,1.48,0.29,22.31,22.71,0.00,0.00,6.77,58.96,11.55,16-Apr,17-Apr,18-Apr,19-Apr,20-Apr,21-Apr,15-Apr,16-Apr,17-Apr,18-Apr,19-Apr,20-Apr,21-Apr,6,2,1
Amravati,Akola,Akola,Murtizapur,Murtizapur,20028330,Langhapur 50 VRRWSS Tq. Murtizapur Dist. Akola,Rajura Ghate,268,1,0.00,0.00,0.00,1.29,0.00,2.13,0.00,0.00,0.00,0.00,479.99,0.00,794.78,16-Apr,17-Apr,18-Apr,19-Apr,20-Apr,21-Apr,15-Apr,16-Apr,17-Apr,18-Apr,19-Apr,20-Apr,21-Apr,5,5,2
Amravati,Akola,Akola,Murtizapur,Murtizapur,20028330,Langhapur 50 VRRWSS Tq. Murtizapur Dist. Akola,Nimba,541,1,0.00,0.00,0.00,0.00,0.00,0.00,0.00,0.00,0.00,0.00,0.00,0.00,0.00,16-Apr,17-Apr,18-Apr,19-Apr,20-Apr,21-Apr,15-Apr,16-Apr,17-Apr,18-Apr,19-Apr,20-Apr,21-Apr,7,7,0
Amravati,Akola,Akola,Murtizapur,Murtizapur,20028330,Langhapur 50 VRRWSS Tq. Murtizapur Dist. Akola,Dhotra shinde,455,2,0.00,0.00,0.00,0.00,0.00,0.00,0.00,0.00,0.00,0.00,0.00,0.00,0.00,16-Apr,17-Apr,18-Apr,19-Apr,20-Apr,21-Apr,15-Apr,16-Apr,17-Apr,18-Apr,19-Apr,20-Apr,21-Apr,7,7,0
Amravati,Amravati,Amravati,Amravati - 2,Chandur Rly,20030227,Chirodi & 4 Villages RRWS,Sawangi Magrapur,1385,2,0.00,0.27,0.03,0.62,0.59,0.56,0.00,0.00,19.84,1.95,45.02,42.60,40.54,16-Apr,17-Apr,18-Apr,19-Apr,20-Apr,21-Apr,15-Apr,16-Apr,17-Apr,18-Apr,19-Apr,20-Apr,21-Apr,7,2,0
Amravati,Amravati,Amravati,Amravati - 2,Chandur Rly,20030227,Chirodi & 4 Villages RRWS,Pathargaon,879,2,0.00,0.96,0.00,1.72,0.37,1.24,0.00,0.00,109.18,0.00,195.45,42.61,140.51,16-Apr,17-Apr,18-Apr,19-Apr,20-Apr,21-Apr,15-Apr,16-Apr,17-Apr,18-Apr,19-Apr,20-Apr,21-Apr,4,3,3
Amravati,Amravati,Amravati,Amravati - 2,Chandur Rly,20030227,Chirodi & 4 Villages RRWS,Chirodi,2434,4,0.00,0.08,0.31,0.50,0.05,0.54,0.00,0.00,3.36,12.55,20.70,2.04,22.14,16-Apr,17-Apr,18-Apr,19-Apr,20-Apr,21-Apr,15-Apr,16-Apr,17-Apr,18-Apr,19-Apr,20-Apr,21-Apr,7,2,0
Amravati,Amravati,Amravati W.M,W.M.Amravati - 2,Bhatkuli,20003791,105 Villages RRWSS,Jalaka,1577,1,0.68,0.40,0.61,0.48,0.43,0.60,39.32,43.12,25.07,38.68,30.34,27.27,38.05,16-Apr,17-Apr,18-Apr,19-Apr,20-Apr,21-Apr,15-Apr,16-Apr,17-Apr,18-Apr,19-Apr,20-Apr,21-Apr,7,0,0
Amravati,Amravati,Amravati W.M,W.M.Amravati - 2,Bhatkuli,20003791,105 Villages RRWSS,Anakwadi,649,1,0.12,0.13,0.00,0.75,0.00,0.00,0.00,18.49,20.08,0.00,115.56,0.00,0.00,16-Apr,17-Apr,18-Apr,19-Apr,20-Apr,21-Apr,15-Apr,16-Apr,17-Apr,18-Apr,19-Apr,20-Apr,21-Apr,6,4,1
Amravati,Amravati,Amravati W.M,W.M.Amravati - 2,Chandur Bazar,20003791,105 Villages RRWSS,Pusda,5512,4,0.65,0.37,0.60,0.19,0.78,0.61,12.34,11.79,6.63,10.89,3.48,14.15,11.07,16-Apr,17-Apr,18-Apr,19-Apr,20-Apr,21-Apr,15-Apr,16-Apr,17-Apr,18-Apr,19-Apr,20-Apr,21-Apr,7,0,0
Amravati,Amravati,Amravati W.M,W.M.Amravati - 2,Chandur Bazar,20003791,105 Villages RRWSS,Nirul,1528,4,1.56,1.16,1.58,1.42,1.65,1.77,128.93,102.09,75.70,103.40,92.74,107.98,115.84,16-Apr,17-Apr,18-Apr,19-Apr,20-Apr,21-Apr,15-Apr,16-Apr,17-Apr,18-Apr,19-Apr,20-Apr,21-Apr,0,0,7
Amravati,Amravati,Amravati W.M,W.M.Amravati - 2,Chandur Bazar,20003791,105 Villages RRWSS,Naya Akola,3201,6,0.00,0.00,0.00,0.00,0.00,0.00,0.00,0.00,0.00,0.00,0.00,0.00,0.00,16-Apr,17-Apr,18-Apr,19-Apr,20-Apr,21-Apr,15-Apr,16-Apr,17-Apr,18-Apr,19-Apr,20-Apr,21-Apr,7,7,0
Amravati,Amravati,Amravati W.M,W.M.Amravati - 2,Chandur Bazar,20003791,105 Villages RRWSS,Pohara,517,1,0.00,1.32,0.00,1.57,0.00,1.38,295.94,0.00,255.32,0.00,303.68,0.00,266.92,16-Apr,17-Apr,18-Apr,19-Apr,20-Apr,21-Apr,15-Apr,16-Apr,17-Apr,18-Apr,19-Apr,20-Apr,21-Apr,3,3,4
Amravati,Amravati,Amravati W.M,W.M.Amravati - 2,Bhatkuli,20003791,105 Villages RRWSS,Nanori,1237,1,15.62,23.25,19.29,20.73,29.95,20.24,1583.23,1262.57,1879.88,1559.58,1675.96,2420.83,1636.51,16-Apr,17-Apr,18-Apr,19-Apr,20-Apr,21-Apr,15-Apr,16-Apr,17-Apr,18-Apr,19-Apr,20-Apr,21-Apr,0,0,7
Nashik,Nashik,W M Nashik,Malegaon,Chandwad,20086730,Retro.Chandwad and WSS 44 villages. Ta. Chandwad,Sutarkhede,1742,1,0.00,0.57,0.00,0.00,0.87,0.00,3.90,0.00,32.69,0.00,0.00,49.70,0.00,16-Apr,17-Apr,18-Apr,19-Apr,20-Apr,21-Apr,15-Apr,16-Apr,17-Apr,18-Apr,19-Apr,20-Apr,21-Apr,4,7,0
Nashik,Nashik,W M Nashik,Malegaon,Chandwad,20086730,Retro.Chandwad and WSS 44 villages. Ta. Chandwad,Talwade,925,1,0.00,0.00,0.00,0.00,0.00,0.00,0.00,0.00,0.00,0.00,0.00,0.00,0.00,16-Apr,17-Apr,18-Apr,19-Apr,20-Apr,21-Apr,15-Apr,16-Apr,17-Apr,18-Apr,19-Apr,20-Apr,21-Apr,7,7,0
Nashik,Nashik,W M Nashik,Malegaon,Chandwad,20086730,Retro.Chandwad and WSS 44 villages. Ta. Chandwad,Sogras,1649,1,0.00,0.00,0.00,0.00,0.00,0.00,27.99,0.00,0.00,0.00,0.29,0.00,0.00,16-Apr,17-Apr,18-Apr,19-Apr,20-Apr,21-Apr,15-Apr,16-Apr,17-Apr,18-Apr,19-Apr,20-Apr,21-Apr,5,7,0
Nashik,Nashik,W M Nashik,Malegaon,Chandwad,20086730,Retro.Chandwad and WSS 44 villages. Ta. Chandwad,Soni Sangvi,764,1,0.00,0.00,0.00,0.00,0.00,0.00,0.00,0.00,0.00,0.00,0.00,0.00,0.00,16-Apr,17-Apr,18-Apr,19-Apr,20-Apr,21-Apr,15-Apr,16-Apr,17-Apr,18-Apr,19-Apr,20-Apr,21-Apr,7,7,0
Nashik,Nashik,W M Nashik,Malegaon,Chandwad,20086730,Retro.Chandwad and WSS 44 villages. Ta. Chandwad,Shinde,1804,2,0.30,0.06,0.00,0.00,0.28,0.00,0.00,16.44,3.56,0.00,0.00,15.63,0.00,16-Apr,17-Apr,18-Apr,19-Apr,20-Apr,21-Apr,15-Apr,16-Apr,17-Apr,18-Apr,19-Apr,20-Apr,21-Apr,2,7,0
Nashik,Nashik,W M Nashik,Malegaon,Chandwad,20086730,Retro.Chandwad and WSS 44 villages. Ta. Chandwad,Shirsane,1717,1,0.00,0.00,0.60,0.00,0.00,0.67,40.53,0.00,0.00,34.93,0.00,0.00,39.26,16-Apr,17-Apr,18-Apr,19-Apr,20-Apr,21-Apr,15-Apr,16-Apr,17-Apr,18-Apr,19-Apr,20-Apr,21-Apr,2,7,0
Nashik,Nashik,W M Nashik,Malegaon,Chandwad,20086730,Retro.Chandwad and WSS 44 villages. Ta. Chandwad,Shirur,1835,2,0.00,0.00,0.00,0.00,0.00,0.00,0.00,0.00,0.00,0.00,0.00,0.00,0.00,16-Apr,17-Apr,18-Apr,19-Apr,20-Apr,21-Apr,15-Apr,16-Apr,17-Apr,18-Apr,19-Apr,20-Apr,21-Apr,6,7,0
Nashik,Nashik,W M Nashik,Malegaon,Chandwad,20086730,Retro.Chandwad and WSS 44 villages. Ta. Chandwad,Shelu Matha,1622,1,0.00,0.00,0.00,1.27,0.00,0.00,0.00,0.00,0.00,0.00,78.55,0.04,0.00,16-Apr,17-Apr,18-Apr,19-Apr,20-Apr,21-Apr,15-Apr,16-Apr,17-Apr,18-Apr,19-Apr,20-Apr,21-Apr,5,6,1
Nashik,Nashik,W M Nashik,Malegaon,Chandwad,20086730,Retro.Chandwad and WSS 44 villages. Ta. Chandwad,Shelu Varche,1622,1,0.00,0.00,0.00,0.00,0.00,0.00,0.00,0.00,0.00,0.00,0.00,0.00,0.00,16-Apr,17-Apr,18-Apr,19-Apr,20-Apr,21-Apr,15-Apr,16-Apr,17-Apr,18-Apr,19-Apr,20-Apr,21-Apr,7,7,0
Nashik,Nashik,W M Nashik,Malegaon,Chandwad,20086730,Retro.Chandwad and WSS 44 villages. Ta. Chandwad,Vitave,1920,1,0.00,0.06,0.03,0.05,0.07,0.04,0.67,0.00,3.16,1.49,2.83,3.54,2.30,16-Apr,17-Apr,18-Apr,19-Apr,20-Apr,21-Apr,15-Apr,16-Apr,17-Apr,18-Apr,19-Apr,20-Apr,21-Apr,0,7,0
Nashik,Nashik,W M Nashik,Malegaon,Chandwad,20086730,Retro.Chandwad and WSS 44 villages. Ta. Chandwad,Vaki Kh,2158,1,0.00,0.00,0.00,0.00,0.00,0.00,0.00,0.00,0.00,0.00,0.00,0.00,0.00,16-Apr,17-Apr,18-Apr,19-Apr,20-Apr,21-Apr,15-Apr,16-Apr,17-Apr,18-Apr,19-Apr,20-Apr,21-Apr,7,7,0
Nashik,Nashik,W M Nashik,Malegaon,Chandwad,20086730,Retro.Chandwad and WSS 44 villages. Ta. Chandwad,Vijaynagar,905,1,0.00,0.00,0.00,0.16,0.00,0.00,0.00,0.00,0.00,0.00,18.00,0.00,0.00,16-Apr,17-Apr,18-Apr,19-Apr,20-Apr,21-Apr,15-Apr,16-Apr,17-Apr,18-Apr,19-Apr,20-Apr,21-Apr,7,6,0
Nashik,Nashik,W M Nashik,Malegaon,Chandwad,20086730,Retro.Chandwad and WSS 44 villages. Ta. Chandwad,Vadalibhoi,9581,2,0.00,0.00,0.00,0.00,0.00,0.00,0.00,0.00,0.00,0.00,0.00,0.00,0.00,16-Apr,17-Apr,18-Apr,19-Apr,20-Apr,21-Apr,15-Apr,16-Apr,17-Apr,18-Apr,19-Apr,20-Apr,21-Apr,7,7,0
Nashik,Nashik,W M Nashik,Malegaon,Chandwad,20086730,Retro.Chandwad and WSS 44 villages. Ta. Chandwad,Vahegaonsal,4062,1,0.02,0.00,0.00,0.00,0.00,0.00,0.15,0.45,0.00,0.00,0.00,0.00,0.00,16-Apr,17-Apr,18-Apr,19-Apr,20-Apr,21-Apr,15-Apr,16-Apr,17-Apr,18-Apr,19-Apr,20-Apr,21-Apr,7,3,0
Nashik,Nashik,W M Nashik,Malegaon,Chandwad,20086730,Retro.Chandwad and WSS 44 villages. Ta. Chandwad,Vaki Bk,1542,1,0.00,0.00,0.00,0.00,0.00,0.00,0.00,0.00,0.00,0.00,0.00,0.00,0.00,16-Apr,17-Apr,18-Apr,19-Apr,20-Apr,21-Apr,15-Apr,16-Apr,17-Apr,18-Apr,19-Apr,20-Apr,21-Apr,7,7,0
Nashik,Nashik,W M Nashik,Malegaon,Chandwad,20086730,Retro.Chandwad and WSS 44 villages. Ta. Chandwad,Koltek,796,1,0.00,0.34,0.00,0.00,0.00,0.00,0.00,0.00,43.08,0.00,0.00,0.00,0.00,16-Apr,17-Apr,18-Apr,19-Apr,20-Apr,21-Apr,15-Apr,16-Apr,17-Apr,18-Apr,19-Apr,20-Apr,21-Apr,7,5,0
Nashik,Nashik,W M Nashik,Malegaon,Chandwad,20086730,Retro.Chandwad and WSS 44 villages. Ta. Chandwad,Mangrul,2328,2,2.01,1.66,0.31,0.52,0.49,0.81,0.12,86.37,71.21,13.48,22.49,21.08,34.80,16-Apr,17-Apr,18-Apr,19-Apr,20-Apr,21-Apr,15-Apr,16-Apr,17-Apr,18-Apr,19-Apr,20-Apr,21-Apr,5,0,2
Nashik,Nashik,W M Nashik,Malegaon,Chandwad,20086730,Retro.Chandwad and WSS 44 villages. Ta. Chandwad,Kheldari,2246,2,0.00,0.00,0.58,0.00,0.00,0.00,0.00,0.00,0.00,25.65,0.00,0.00,0.00,16-Apr,17-Apr,18-Apr,19-Apr,20-Apr,21-Apr,15-Apr,16-Apr,17-Apr,18-Apr,19-Apr,20-Apr,21-Apr,7,4,0
Nashik,Nashik,W M Nashik,Malegaon,Chandwad,20086730,Retro.Chandwad and WSS 44 villages. Ta. Chandwad,Kokankhede,1991,2,0.00,0.00,0.00,0.00,0.00,0.00,0.00,0.00,0.00,0.00,0.00,0.01,0.00,16-Apr,17-Apr,18-Apr,19-Apr,20-Apr,21-Apr,15-Apr,16-Apr,17-Apr,18-Apr,19-Apr,20-Apr,21-Apr,7,3,0
Nashik,Nashik,W M Nashik,Malegaon,Chandwad,20086730,Retro.Chandwad and WSS 44 villages. Ta. Chandwad,Kalkhode,1543,2,0.00,0.00,0.00,0.00,0.00,0.00,0.00,0.00,0.00,0.00,0.00,0.00,0.00,16-Apr,17-Apr,18-Apr,19-Apr,20-Apr,21-Apr,15-Apr,16-Apr,17-Apr,18-Apr,19-Apr,20-Apr,21-Apr,7,7,0
Nashik,Nashik,W M Nashik,Malegaon,Chandwad,20086730,Retro.Chandwad and WSS 44 villages. Ta. Chandwad,Kanmandale,3261,2,0.00,0.00,0.00,0.00,0.27,0.00,0.00,0.00,0.00,0.00,0.00,8.34,0.00,16-Apr,17-Apr,18-Apr,19-Apr,20-Apr,21-Apr,15-Apr,16-Apr,17-Apr,18-Apr,19-Apr,20-Apr,21-Apr,7,4,0
Nashik,Nashik,W M Nashik,Malegaon,Chandwad,20086730,Retro.Chandwad and WSS 44 villages. Ta. Chandwad,Hatti,1161,1,0.14,0.22,0.00,0.00,0.00,0.00,32.02,12.33,18.71,0.00,0.00,0.00,0.02,16-Apr,17-Apr,18-Apr,19-Apr,20-Apr,21-Apr,15-Apr,16-Apr,17-Apr,18-Apr,19-Apr,20-Apr,21-Apr,7,3,0
Nashik,Nashik,W M Nashik,Malegaon,Chandwad,20086730,Retro.Chandwad and WSS 44 villages. Ta. Chandwad,Jaitapur,580,1,0.00,0.00,0.10,0.00,0.00,0.00,0.00,0.68,0.00,16.47,0.00,0.00,0.00,16-Apr,17-Apr,18-Apr,19-Apr,20-Apr,21-Apr,15-Apr,16-Apr,17-Apr,18-Apr,19-Apr,20-Apr,21-Apr,7,4,0
Nashik,Nashik,W M Nashik,Malegaon,Chandwad,20086730,Retro.Chandwad and WSS 44 villages. Ta. Chandwad,Raypur,3624,1,0.00,0.00,0.00,0.00,0.00,0.00,0.00,0.00,0.00,0.00,0.00,0.00,0.00,16-Apr,17-Apr,18-Apr,19-Apr,20-Apr,21-Apr,15-Apr,16-Apr,17-Apr,18-Apr,19-Apr,20-Apr,21-Apr,7,7,0
Nashik,Nashik,W M Nashik,Malegaon,Chandwad,20086730,Retro.Chandwad and WSS 44 villages. Ta. Chandwad,Patharshembe,2150,1,0.00,0.00,0.00,0.00,0.00,0.00,0.00,0.00,0.00,0.00,0.00,0.00,0.00,16-Apr,17-Apr,18-Apr,19-Apr,20-Apr,21-Apr,15-Apr,16-Apr,17-Apr,18-Apr,19-Apr,20-Apr,21-Apr,7,7,0
Nashik,Nashik,W M Nashik,Malegaon,Chandwad,20086730,Retro.Chandwad and WSS 44 villages. Ta. Chandwad,Pimpalgaon Dabali,919,1,0.00,0.00,0.00,0.00,0.00,0.00,0.00,0.00,0.00,0.00,0.00,0.00,0.00,16-Apr,17-Apr,18-Apr,19-Apr,20-Apr,21-Apr,15-Apr,16-Apr,17-Apr,18-Apr,19-Apr,20-Apr,21-Apr,7,7,0
Nashik,Nashik,W M Nashik,Malegaon,Chandwad,20086730,Retro.Chandwad and WSS 44 villages. Ta. Chandwad,Puri,2836,1,0.00,0.00,0.00,0.00,0.00,0.00,0.00,0.00,0.00,0.00,0.00,0.00,0.00,16-Apr,17-Apr,18-Apr,19-Apr,20-Apr,21-Apr,15-Apr,16-Apr,17-Apr,18-Apr,19-Apr,20-Apr,21-Apr,7,7,0
Nashik,Nashik,W M Nashik,Malegaon,Chandwad,20086730,Retro.Chandwad and WSS 44 villages. Ta. Chandwad,Nimgavhan,1004,1,0.00,0.00,0.00,0.00,0.00,0.00,0.00,0.00,0.00,0.00,0.00,0.00,0.00,16-Apr,17-Apr,18-Apr,19-Apr,20-Apr,21-Apr,15-Apr,16-Apr,17-Apr,18-Apr,19-Apr,20-Apr,21-Apr,7,7,0
Nashik,Nashik,W M Nashik,Malegaon,Chandwad,20086730,Retro.Chandwad and WSS 44 villages. Ta. Chandwad,Panhale,1484,1,0.00,0.00,0.00,0.00,0.00,0.00,0.09,0.09,0.09,0.09,0.09,0.09,0.09,16-Apr,17-Apr,18-Apr,19-Apr,20-Apr,21-Apr,15-Apr,16-Apr,17-Apr,18-Apr,19-Apr,20-Apr,21-Apr,7,0,0
Nashik,Nashik,W M Nashik,Malegaon,Chandwad,20086730,Retro.Chandwad and WSS 44 villages. Ta. Chandwad,Pate,985,1,0.00,0.45,0.00,0.00,0.00,0.00,0.00,0.00,45.60,0.00,0.00,0.00,0.00,16-Apr,17-Apr,18-Apr,19-Apr,20-Apr,21-Apr,15-Apr,16-Apr,17-Apr,18-Apr,19-Apr,20-Apr,21-Apr,7,6,0
Nashik,Nashik,W M Nashik,Malegaon,Chandwad,20086730,Retro.Chandwad and WSS 44 villages. Ta. Chandwad,Nhanave,1019,1,0.03,0.02,0.00,0.05,0.02,0.03,7.43,2.49,2.18,0.00,4.44,2.15,2.92,16-Apr,17-Apr,18-Apr,19-Apr,20-Apr,21-Apr,15-Apr,16-Apr,17-Apr,18-Apr,19-Apr,20-Apr,21-Apr,7,1,0
Nashik,Nashik,W M Nashik,Malegaon,Chandwad,20086730,Retro.Chandwad and WSS 44 villages. Ta. Chandwad,Nimbale,2139,1,0.00,0.00,0.00,0.00,0.00,0.00,0.00,0.00,0.00,0.00,0.00,0.00,0.00,16-Apr,17-Apr,18-Apr,19-Apr,20-Apr,21-Apr,15-Apr,16-Apr,17-Apr,18-Apr,19-Apr,20-Apr,21-Apr,7,7,0
Nashik,Nashik,W M Nashik,Malegaon,Chandwad,20086730,Retro.Chandwad and WSS 44 villages. Ta. Chandwad,Chinchole,914,1,0.00,0.00,0.15,0.00,0.00,0.16,20.47,0.00,0.00,16.08,0.00,0.00,17.10,16-Apr,17-Apr,18-Apr,19-Apr,20-Apr,21-Apr,15-Apr,16-Apr,17-Apr,18-Apr,19-Apr,20-Apr,21-Apr,7,4,0
Nashik,Nashik,W M Nashik,Malegaon,Chandwad,20086730,Retro.Chandwad and WSS 44 villages. Ta. Chandwad,Bharvir,1288,2,0.00,0.00,0.00,0.00,0.00,0.11,0.00,0.00,0.00,0.00,0.00,0.00,8.46,16-Apr,17-Apr,18-Apr,19-Apr,20-Apr,21-Apr,15-Apr,16-Apr,17-Apr,18-Apr,19-Apr,20-Apr,21-Apr,7,6,0
Nashik,Nashik,W M Nashik,Malegaon,Chandwad,20086730,Retro.Chandwad and WSS 44 villages. Ta. Chandwad,Bhutyane,1557,1,0.21,0.00,0.00,0.00,0.00,0.00,0.01,13.35,0.00,0.00,0.00,0.00,0.00,16-Apr,17-Apr,18-Apr,19-Apr,20-Apr,21-Apr,15-Apr,16-Apr,17-Apr,18-Apr,19-Apr,20-Apr,21-Apr,7,2,0
Nashik,Nashik,W M Nashik,Malegaon,Chandwad,20086730,Retro.Chandwad and WSS 44 villages. Ta. Chandwad,Ahirkhede,1089,1,0.00,0.00,0.20,0.00,0.00,0.23,43.76,0.00,0.00,18.57,0.00,0.00,20.82,16-Apr,17-Apr,18-Apr,19-Apr,20-Apr,21-Apr,15-Apr,16-Apr,17-Apr,18-Apr,19-Apr,20-Apr,21-Apr,7,3,0
Nashik,Nashik,W M Nashik,Malegaon,Chandwad,20086730,Retro.Chandwad and WSS 44 villages. Ta. Chandwad,Asarkhede,1473,1,0.00,0.27,0.01,0.43,0.00,0.00,0.00,0.00,18.34,0.92,28.90,0.00,0.00,16-Apr,17-Apr,18-Apr,19-Apr,20-Apr,21-Apr,15-Apr,16-Apr,17-Apr,18-Apr,19-Apr,20-Apr,21-Apr,7,4,0
Nashik,Nashik,W M Nashik,Malegaon,Chandwad,20086730,Retro.Chandwad and WSS 44 villages. Ta. Chandwad,Ganur,2555,1,0.00,0.14,0.12,0.20,1.00,0.00,0.00,0.00,5.37,4.68,7.97,39.32,0.00,16-Apr,17-Apr,18-Apr,19-Apr,20-Apr,21-Apr,15-Apr,16-Apr,17-Apr,18-Apr,19-Apr,20-Apr,21-Apr,7,3,0
Nashik,Nashik,W M Nashik,Malegaon,Chandwad,20086730,Retro.Chandwad and WSS 44 villages. Ta. Chandwad,Harnul,1053,1,0.00,0.00,0.00,0.00,0.00,0.00,0.00,0.00,0.00,0.00,0.00,0.00,0.00,16-Apr,17-Apr,18-Apr,19-Apr,20-Apr,21-Apr,15-Apr,16-Apr,17-Apr,18-Apr,19-Apr,20-Apr,21-Apr,7,7,0
Nashik,Nashik,W M Nashik,Malegaon,Chandwad,20086730,Retro.Chandwad and WSS 44 villages. Ta. Chandwad,Ekrukhe,693,1,0.00,0.00,0.00,0.00,0.00,0.00,0.00,0.00,0.00,0.00,0.00,0.00,0.00,16-Apr,17-Apr,18-Apr,19-Apr,20-Apr,21-Apr,15-Apr,16-Apr,17-Apr,18-Apr,19-Apr,20-Apr,21-Apr,7,7,0
Nashik,Nashik,W M Nashik,Malegaon,Chandwad,20086730,Retro.Chandwad and WSS 44 villages. Ta. Chandwad,Gangave,1658,1,0.00,0.00,0.02,0.02,0.23,0.00,0.00,0.00,0.00,1.30,1.39,14.08,0.00,16-Apr,17-Apr,18-Apr,19-Apr,20-Apr,21-Apr,15-Apr,16-Apr,17-Apr,18-Apr,19-Apr,20-Apr,21-Apr,7,3,0
Nashik,Nashik,W M Nashik,Malegaon,Chandwad,20086730,Retro.Chandwad and WSS 44 villages. Ta. Chandwad,Dighwad,2462,1,0.00,0.00,0.00,0.00,0.00,0.00,0.00,0.00,0.00,0.00,0.00,0.00,0.00,16-Apr,17-Apr,18-Apr,19-Apr,20-Apr,21-Apr,15-Apr,16-Apr,17-Apr,18-Apr,19-Apr,20-Apr,21-Apr,7,7,0
Nashik,Nashik,W M Nashik,Malegaon,Chandwad,20086730,Retro.Chandwad and WSS 44 villages. Ta. Chandwad,Dongargaon,1649,1,0.00,0.00,0.00,0.00,0.00,0.00,0.00,0.00,0.00,0.00,0.00,0.00,0.00,16-Apr,17-Apr,18-Apr,19-Apr,20-Apr,21-Apr,15-Apr,16-Apr,17-Apr,18-Apr,19-Apr,20-Apr,21-Apr,7,7,0
Nashik,Nashik,W M Nashik,Malegaon,Chandwad,20086730,Retro.Chandwad and WSS 44 villages. Ta. Chandwad,Dahiwad,639,1,0.00,0.00,0.00,0.00,0.00,0.00,0.00,0.00,0.00,0.00,0.00,0.00,0.00,16-Apr,17-Apr,18-Apr,19-Apr,20-Apr,21-Apr,15-Apr,16-Apr,17-Apr,18-Apr,19-Apr,20-Apr,21-Apr,7,7,0
Nashik,Nashik,W M Nashik,Malegaon,Chandwad,20086730,Retro.Chandwad and WSS 44 villages. Ta. Chandwad,Dhodambe,4197,1,0.00,0.00,0.00,0.00,0.00,0.00,0.00,0.00,0.00,0.00,0.00,0.00,0.00,16-Apr,17-Apr,18-Apr,19-Apr,20-Apr,21-Apr,15-Apr,16-Apr,17-Apr,18-Apr,19-Apr,20-Apr,21-Apr,7,7,0
Nashik,Ahmednagar,Sangamner,Sangamner,Sangamner,7937337,"Retro.Nimon and 4 villages, Tal. Sangamner",Pimpale,2689,3,0.00,0.00,0.00,0.27,0.00,0.19,0.03,0.00,0.00,0.00,9.97,0.00,6.90,16-Apr,17-Apr,18-Apr,19-Apr,20-Apr,21-Apr,15-Apr,16-Apr,17-Apr,18-Apr,19-Apr,20-Apr,21-Apr,7,4,0
Nashik,Ahmednagar,Sangamner,Sangamner,Sangamner,7937337,"Retro.Nimon and 4 villages, Tal. Sangamner",Sonewadi,2328,2,0.00,0.00,0.00,3.58,1.99,1.01,52.09,0.00,0.00,0.00,153.58,85.45,43.51,16-Apr,17-Apr,18-Apr,19-Apr,20-Apr,21-Apr,15-Apr,16-Apr,17-Apr,18-Apr,19-Apr,20-Apr,21-Apr,5,2,2
Nashik,Ahmednagar,Sangamner,Sangamner,Sangamner,7937337,"Retro.Nimon and 4 villages, Tal. Sangamner",Karhe,2691,2,0.00,0.00,0.00,0.00,0.00,0.00,0.00,0.00,0.00,0.00,0.00,0.00,0.00,16-Apr,17-Apr,18-Apr,19-Apr,20-Apr,21-Apr,15-Apr,16-Apr,17-Apr,18-Apr,19-Apr,20-Apr,21-Apr,7,7,0
Nashik,Ahmednagar,Sangamner,Sangamner,Sangamner,7937337,"Retro.Nimon and 4 villages, Tal. Sangamner",Palaskhede,3954,3,0.81,0.00,0.66,0.16,0.68,0.00,2.53,20.59,0.12,16.69,4.15,17.12,0.00,16-Apr,17-Apr,18-Apr,19-Apr,20-Apr,21-Apr,15-Apr,16-Apr,17-Apr,18-Apr,19-Apr,20-Apr,21-Apr,7,1,0
Nashik,Ahmednagar,Sangamner,Sangamner,Sangamner,20033242,"Retro.Talegaon Dighe and 16 villages, Tal. Sangamner",Wadzari (Bk),1458,1,0.64,0.16,0.30,0.20,0.08,0.36,42.07,44.10,10.93,20.82,13.64,5.23,24.81,16-Apr,17-Apr,18-Apr,19-Apr,20-Apr,21-Apr,15-Apr,16-Apr,17-Apr,18-Apr,19-Apr,20-Apr,21-Apr,7,0,0
Nashik,Ahmednagar,Sangamner,Sangamner,Sangamner,20033242,"Retro.Talegaon Dighe and 16 villages, Tal. Sangamner",Wadzari (Kh),1173,1,0.00,0.00,0.00,0.00,0.00,0.00,0.00,0.00,0.01,0.00,0.00,0.00,0.08,16-Apr,17-Apr,18-Apr,19-Apr,20-Apr,21-Apr,15-Apr,16-Apr,17-Apr,18-Apr,19-Apr,20-Apr,21-Apr,7,5,0
Nashik,Ahmednagar,Sangamner,Sangamner,Sangamner,20033242,"Retro.Talegaon Dighe and 16 villages, Tal. Sangamner",Kakadwadi,2267,2,0.00,0.00,0.00,0.10,0.15,1.27,0.00,0.00,0.00,0.00,4.60,6.52,55.80,16-Apr,17-Apr,18-Apr,19-Apr,20-Apr,21-Apr,15-Apr,16-Apr,17-Apr,18-Apr,19-Apr,20-Apr,21-Apr,6,4,1
Nashik,Ahmednagar,Sangamner,Sangamner,Sangamner,20033242,"Retro.Talegaon Dighe and 16 villages, Tal. Sangamner",chincholi Gurav,3160,4,0.00,0.00,0.00,0.00,0.00,0.00,0.00,0.00,0.00,0.00,0.00,0.00,0.00,16-Apr,17-Apr,18-Apr,19-Apr,20-Apr,21-Apr,15-Apr,16-Apr,17-Apr,18-Apr,19-Apr,20-Apr,21-Apr,7,7,0
Nashik,Nashik,W M Nashik,Sinnar,Naigaon,20028193,Retrofitting To Wadzire (Naigaon) & 4 Villages RRWSS,Wadzire,3369,2,0.79,2.41,0.17,1.59,5.93,0.32,1.94,23.31,71.50,5.07,47.26,176.09,9.54,16-Apr,17-Apr,18-Apr,19-Apr,20-Apr,21-Apr,15-Apr,16-Apr,17-Apr,18-Apr,19-Apr,20-Apr,21-Apr,5,0,2
Nashik,Nashik,W M Nashik,Sinnar,Naigaon,20028193,Retrofitting To Wadzire (Naigaon) & 4 Villages RRWSS,Moh- Mahadari,1025,1,0.09,0.04,0.08,1.59,0.14,2.16,89.67,8.97,4.25,7.62,154.83,14.07,211.13,16-Apr,17-Apr,18-Apr,19-Apr,20-Apr,21-Apr,15-Apr,16-Apr,17-Apr,18-Apr,19-Apr,20-Apr,21-Apr,4,0,3
Nashik,Ahmednagar,Ahmednagar,Newasa,Nevasa,5348540,"Retro.Sonai Karjgaon and 16 villages, Tal. Nevasa",LANDEWADI,2158,2,0.63,0.34,0.36,0.33,0.57,0.66,26.68,29.04,15.77,16.63,15.44,26.54,30.66,16-Apr,17-Apr,18-Apr,19-Apr,20-Apr,21-Apr,15-Apr,16-Apr,17-Apr,18-Apr,19-Apr,20-Apr,21-Apr,7,0,0
Nashik,Nashik,W M Nashik,W.M.Nashik,Nifad,20039258,Ozar-Sakore & 2 Villages,Sakore,4107,2,0.05,1.41,0.00,1.29,0.75,0.00,19.91,1.24,34.25,0.00,31.45,18.34,0.03,16-Apr,17-Apr,18-Apr,19-Apr,20-Apr,21-Apr,15-Apr,16-Apr,17-Apr,18-Apr,19-Apr,20-Apr,21-Apr,7,1,0
Nashik,Nashik,Nashik,Sinnar,Sinnar,20019176,Retro. Bargaonpimpri & 6 VRWSS  Tal Sinnar,Gulwanch,6190,3,0.60,0.00,0.00,0.58,0.45,2.10,21.95,9.75,0.00,0.00,9.41,7.25,33.91,16-Apr,17-Apr,18-Apr,19-Apr,20-Apr,21-Apr,15-Apr,16-Apr,17-Apr,18-Apr,19-Apr,20-Apr,21-Apr,7,2,0
Nashik,Ahmednagar,Ahmednagar,Newasa,Nevasa,5348540,"Retro.Sonai Karjgaon and 16 villages, Tal. Nevasa",Siregaon,3695,1,0.34,0.52,0.00,1.34,0.32,0.41,38.44,9.17,14.04,0.00,36.14,8.74,10.99,16-Apr,17-Apr,18-Apr,19-Apr,20-Apr,21-Apr,15-Apr,16-Apr,17-Apr,18-Apr,19-Apr,20-Apr,21-Apr,7,0,0
Nashik,Ahmednagar,Ahmednagar,Newasa,Nevasa,5348540,"Retro.Sonai Karjgaon and 16 villages, Tal. Nevasa",Navin Chandgaon,1547,1,0.00,0.00,0.00,0.00,0.00,0.00,0.00,0.00,0.00,0.00,0.00,0.00,0.00,16-Apr,17-Apr,18-Apr,19-Apr,20-Apr,21-Apr,15-Apr,16-Apr,17-Apr,18-Apr,19-Apr,20-Apr,21-Apr,7,4,0
Nashik,Ahmednagar,Ahmednagar,Newasa,Nevasa,5348540,"Retro.Sonai Karjgaon and 16 villages, Tal. Nevasa",NIMBHARI,2524,2,0.55,0.53,0.82,0.79,0.79,0.84,31.68,21.80,20.81,32.32,31.16,31.29,33.45,16-Apr,17-Apr,18-Apr,19-Apr,20-Apr,21-Apr,15-Apr,16-Apr,17-Apr,18-Apr,19-Apr,20-Apr,21-Apr,7,0,0
Nashik,Ahmednagar,Ahmednagar,Newasa,Nevasa,5348540,"Retro.Sonai Karjgaon and 16 villages, Tal. Nevasa",PANEGAON,2858,2,0.61,0.80,0.54,0.68,0.80,0.44,21.94,21.32,27.84,18.77,23.64,27.87,15.27,16-Apr,17-Apr,18-Apr,19-Apr,20-Apr,21-Apr,15-Apr,16-Apr,17-Apr,18-Apr,19-Apr,20-Apr,21-Apr,7,0,0
Nashik,Ahmednagar,Ahmednagar,Newasa,Nevasa,5348540,"Retro.Sonai Karjgaon and 16 villages, Tal. Nevasa",KHUPTI,2338,2,1.18,1.30,1.55,1.55,0.39,1.73,62.65,50.59,55.49,66.42,66.22,16.54,73.84,16-Apr,17-Apr,18-Apr,19-Apr,20-Apr,21-Apr,15-Apr,16-Apr,17-Apr,18-Apr,19-Apr,20-Apr,21-Apr,2,0,5
Nashik,Ahmednagar,Ahmednagar,Newasa,Nevasa,5348540,"Retro.Sonai Karjgaon and 16 villages, Tal. Nevasa",KARAJGAON,3750,3,1.04,2.01,0.66,2.60,2.01,1.79,48.29,27.75,53.64,17.48,69.28,53.60,47.86,16-Apr,17-Apr,18-Apr,19-Apr,20-Apr,21-Apr,15-Apr,16-Apr,17-Apr,18-Apr,19-Apr,20-Apr,21-Apr,6,0,1
Nashik,Ahmednagar,Ahmednagar,Newasa,Nevasa,5348540,"Retro.Sonai Karjgaon and 16 villages, Tal. Nevasa",KHARWANDI,6263,2,1.62,1.22,1.98,1.35,2.00,1.84,29.21,25.90,19.44,31.64,21.53,31.89,29.41,16-Apr,17-Apr,18-Apr,19-Apr,20-Apr,21-Apr,15-Apr,16-Apr,17-Apr,18-Apr,19-Apr,20-Apr,21-Apr,7,0,0
Nashik,Ahmednagar,Ahmednagar,Newasa,Nevasa,5348540,"Retro.Sonai Karjgaon and 16 villages, Tal. Nevasa",WATAPUR,1397,2,0.00,1.55,0.03,0.90,0.90,0.99,33.96,0.00,111.18,2.09,64.56,64.15,70.92,16-Apr,17-Apr,18-Apr,19-Apr,20-Apr,21-Apr,15-Apr,16-Apr,17-Apr,18-Apr,19-Apr,20-Apr,21-Apr,3,1,4
Nashik,Ahmednagar,Ahmednagar,Newasa,Nevasa,5348540,"Retro.Sonai Karjgaon and 16 villages, Tal. Nevasa",GOMALWADI,1061,2,0.85,1.37,0.88,1.50,1.31,1.73,142.73,80.38,129.37,83.23,141.74,123.27,163.38,16-Apr,17-Apr,18-Apr,19-Apr,20-Apr,21-Apr,15-Apr,16-Apr,17-Apr,18-Apr,19-Apr,20-Apr,21-Apr,0,0,7
Nashik,Ahmednagar,Ahmednagar,Newasa,Nevasa,5348540,"Retro.Sonai Karjgaon and 16 villages, Tal. Nevasa",GONEGAON,1572,2,0.00,0.22,0.00,0.55,0.00,0.35,23.68,0.00,13.88,0.00,34.87,0.01,22.54,16-Apr,17-Apr,18-Apr,19-Apr,20-Apr,21-Apr,15-Apr,16-Apr,17-Apr,18-Apr,19-Apr,20-Apr,21-Apr,7,1,0
Nashik,Ahmednagar,Ahmednagar,Newasa,Nevasa,5348540,"Retro.Sonai Karjgaon and 16 villages, Tal. Nevasa",AMALNER,2334,2,0.55,0.41,0.55,0.73,0.57,0.63,27.16,23.61,17.72,23.55,31.40,24.39,26.84,16-Apr,17-Apr,18-Apr,19-Apr,20-Apr,21-Apr,15-Apr,16-Apr,17-Apr,18-Apr,19-Apr,20-Apr,21-Apr,7,0,0
Nashik,Ahmednagar,Ahmednagar,Newasa,Nevasa,5348540,"Retro.Sonai Karjgaon and 16 villages, Tal. Nevasa",Belhekarwadi,2991,2,0.00,0.00,2.48,4.16,0.00,3.14,53.11,0.00,0.00,82.86,139.25,0.00,104.84,16-Apr,17-Apr,18-Apr,19-Apr,20-Apr,21-Apr,15-Apr,16-Apr,17-Apr,18-Apr,19-Apr,20-Apr,21-Apr,4,1,3
Nashik,Ahmednagar,Ahmednagar,Newasa,Nevasa,5348540,"Retro.Sonai Karjgaon and 16 villages, Tal. Nevasa",Ganeshwadi,3017,2,2.12,1.60,2.15,1.58,2.52,1.61,71.95,70.33,52.97,71.25,52.27,83.65,53.26,16-Apr,17-Apr,18-Apr,19-Apr,20-Apr,21-Apr,15-Apr,16-Apr,17-Apr,18-Apr,19-Apr,20-Apr,21-Apr,3,0,4
Nashik,Nashik,Nashik,Malegaon,Nandgaon,20037448,"78 villages in Nandgaon, Malegaon and Deola talukas",Nimgaon Kh,1222,2,0.26,0.16,0.23,0.25,0.60,0.30,21.16,21.02,13.03,19.06,20.76,48.84,24.32,16-Apr,17-Apr,18-Apr,19-Apr,20-Apr,21-Apr,15-Apr,16-Apr,17-Apr,18-Apr,19-Apr,20-Apr,21-Apr,7,0,0
Nashik,Nashik,Nashik,Malegaon,Nandgaon,20037448,"78 villages in Nandgaon, Malegaon and Deola talukas",Mehune,3276,2,0.00,0.69,0.00,1.01,0.00,0.00,0.00,0.00,20.98,0.00,30.84,0.00,0.00,16-Apr,17-Apr,18-Apr,19-Apr,20-Apr,21-Apr,15-Apr,16-Apr,17-Apr,18-Apr,19-Apr,20-Apr,21-Apr,7,4,0
Nashik,Nashik,Nashik,Malegaon,Malegaon,20037448,"78 villages in Nandgaon, Malegaon and Deola talukas",Jatpada,1571,2,0.34,0.37,0.59,0.24,0.51,0.55,0.00,21.80,23.61,37.77,15.13,32.67,34.93,16-Apr,17-Apr,18-Apr,19-Apr,20-Apr,21-Apr,15-Apr,16-Apr,17-Apr,18-Apr,19-Apr,20-Apr,21-Apr,7,1,0
Nashik,Nashik,Nashik,Malegaon,Malegaon,20037448,"78 villages in Nandgaon, Malegaon and Deola talukas",Gilane,1765,2,0.00,1.05,0.49,0.00,0.47,0.49,0.00,0.00,59.66,27.86,0.00,26.53,27.51,16-Apr,17-Apr,18-Apr,19-Apr,20-Apr,21-Apr,15-Apr,16-Apr,17-Apr,18-Apr,19-Apr,20-Apr,21-Apr,6,3,1
Nashik,Nashik,Nashik,Malegaon,Malegaon,20037448,"78 villages in Nandgaon, Malegaon and Deola talukas",Ghodegaon,1465,2,0.00,0.44,0.00,0.41,0.00,0.00,35.46,0.00,30.34,0.03,28.31,0.00,0.00,16-Apr,17-Apr,18-Apr,19-Apr,20-Apr,21-Apr,15-Apr,16-Apr,17-Apr,18-Apr,19-Apr,20-Apr,21-Apr,7,3,0
Nashik,Nashik,Nashik,Manmad,Yeola,20030798,Retrofitting To Yeola 38 Villages,Pimpalgaon jalal,1412,1,0.00,0.00,0.00,0.00,0.00,0.00,0.19,0.00,0.01,0.00,0.12,0.00,0.00,16-Apr,17-Apr,18-Apr,19-Apr,20-Apr,21-Apr,15-Apr,16-Apr,17-Apr,18-Apr,19-Apr,20-Apr,21-Apr,7,4,0
Nashik,Nashik,Nashik,Manmad,Yeola,20030798,Retrofitting To Yeola 38 Villages,Pimpalkute BK.,811,1,0.00,0.27,0.47,0.19,0.00,0.54,0.00,0.00,33.87,58.18,23.89,0.00,66.09,16-Apr,17-Apr,18-Apr,19-Apr,20-Apr,21-Apr,15-Apr,16-Apr,17-Apr,18-Apr,19-Apr,20-Apr,21-Apr,5,3,2
Nashik,Nashik,Nashik,Manmad,Yeola,20030798,Retrofitting To Yeola 38 Villages,Pimpalkute Kh.,657,1,0.00,0.00,0.48,0.00,0.00,0.00,0.00,0.00,0.00,72.96,0.00,0.00,0.00,16-Apr,17-Apr,18-Apr,19-Apr,20-Apr,21-Apr,15-Apr,16-Apr,17-Apr,18-Apr,19-Apr,20-Apr,21-Apr,6,3,1
Nashik,Nashik,Nashik,Manmad,Yeola,20030798,Retrofitting To Yeola 38 Villages,Nandesar,1025,1,0.00,0.00,0.00,0.00,0.00,0.00,0.03,0.00,0.00,0.00,0.08,0.06,0.00,16-Apr,17-Apr,18-Apr,19-Apr,20-Apr,21-Apr,15-Apr,16-Apr,17-Apr,18-Apr,19-Apr,20-Apr,21-Apr,7,4,0
Nashik,Nashik,Nashik,Manmad,Yeola,20030798,Retrofitting To Yeola 38 Villages,Nimgaon Madh,3048,1,0.00,0.00,0.00,0.00,0.00,0.00,0.00,0.00,0.00,0.00,0.00,0.00,0.00,16-Apr,17-Apr,18-Apr,19-Apr,20-Apr,21-Apr,15-Apr,16-Apr,17-Apr,18-Apr,19-Apr,20-Apr,21-Apr,7,7,0
Nashik,Nashik,Nashik,Manmad,Yeola,20030798,Retrofitting To Yeola 38 Villages,Gawandgaon,3144,1,0.00,0.01,0.00,0.00,0.02,0.00,0.00,0.00,0.35,0.00,0.10,0.56,0.00,16-Apr,17-Apr,18-Apr,19-Apr,20-Apr,21-Apr,15-Apr,16-Apr,17-Apr,18-Apr,19-Apr,20-Apr,21-Apr,7,3,0
Nashik,Nashik,Nashik,Manmad,Yeola,20030798,Retrofitting To Yeola 38 Villages,Katarni,3110,1,0.00,0.00,0.00,0.00,0.00,0.00,0.00,0.00,0.00,0.00,0.00,0.00,0.00,16-Apr,17-Apr,18-Apr,19-Apr,20-Apr,21-Apr,15-Apr,16-Apr,17-Apr,18-Apr,19-Apr,20-Apr,21-Apr,7,7,0
Nashik,Nashik,Nashik,Manmad,Yeola,20030798,Retrofitting To Yeola 38 Villages,Kusur,2292,1,0.00,0.00,0.00,0.00,0.00,0.00,0.00,0.00,0.00,0.00,0.00,0.00,0.00,16-Apr,17-Apr,18-Apr,19-Apr,20-Apr,21-Apr,15-Apr,16-Apr,17-Apr,18-Apr,19-Apr,20-Apr,21-Apr,7,7,0
Nashik,Nashik,Nashik,Manmad,Yeola,20030798,Retrofitting To Yeola 38 Villages,Undirwadi,3087,1,0.00,0.00,0.00,0.00,0.00,0.00,0.00,0.00,0.00,0.00,0.00,0.00,0.00,16-Apr,17-Apr,18-Apr,19-Apr,20-Apr,21-Apr,15-Apr,16-Apr,17-Apr,18-Apr,19-Apr,20-Apr,21-Apr,7,7,0
Nashik,Nashik,Nashik,Manmad,Yeola,20030798,Retrofitting To Yeola 38 Villages,Vikharni,2325,1,0.00,0.00,0.00,0.00,0.00,0.00,0.00,0.00,0.00,0.00,0.00,0.00,0.00,16-Apr,17-Apr,18-Apr,19-Apr,20-Apr,21-Apr,15-Apr,16-Apr,17-Apr,18-Apr,19-Apr,20-Apr,21-Apr,7,7,0
Nashik,Nashik,Nashik,Manmad,Yeola,20030798,Retrofitting To Yeola 38 Villages,Visapur,1938,1,0.00,0.00,0.00,0.00,0.00,0.00,0.00,0.00,0.00,0.00,0.00,0.00,0.00,16-Apr,17-Apr,18-Apr,19-Apr,20-Apr,21-Apr,15-Apr,16-Apr,17-Apr,18-Apr,19-Apr,20-Apr,21-Apr,7,7,0
Nashik,Nashik,Nashik,Manmad,Yeola,20030798,Retrofitting To Yeola 38 Villages,Somthan Desh,2869,1,0.00,0.00,0.00,0.00,0.00,0.00,0.00,0.00,0.00,0.00,0.00,0.00,0.00,16-Apr,17-Apr,18-Apr,19-Apr,20-Apr,21-Apr,15-Apr,16-Apr,17-Apr,18-Apr,19-Apr,20-Apr,21-Apr,7,7,0
Nashik,Nashik,Nashik,Manmad,Yeola,20030798,Retrofitting To Yeola 38 Villages,Suregaon Rasta,2428,1,0.00,0.00,0.00,0.00,0.00,0.00,0.00,0.00,0.00,0.00,0.00,0.00,0.00,16-Apr,17-Apr,18-Apr,19-Apr,20-Apr,21-Apr,15-Apr,16-Apr,17-Apr,18-Apr,19-Apr,20-Apr,21-Apr,7,7,0
Nashik,Nashik,Nashik,Manmad,Yeola,20030798,Retrofitting To Yeola 38 Villages,Dhamode,657,1,0.00,0.00,0.00,0.00,0.00,0.00,0.00,0.00,0.00,0.00,0.00,0.00,0.00,16-Apr,17-Apr,18-Apr,19-Apr,20-Apr,21-Apr,15-Apr,16-Apr,17-Apr,18-Apr,19-Apr,20-Apr,21-Apr,7,7,0
Nashik,Nashik,Nashik,Manmad,Yeola,20030798,Retrofitting To Yeola 38 Villages,Dhanora,1283,2,1.48,18.87,4.00,4.82,11.34,7.85,913.50,115.18,1470.89,311.74,375.39,883.61,612.19,16-Apr,17-Apr,18-Apr,19-Apr,20-Apr,21-Apr,15-Apr,16-Apr,17-Apr,18-Apr,19-Apr,20-Apr,21-Apr,0,0,7
Nashik,Nashik,Nashik,Manmad,Yeola,20030798,Retrofitting To Yeola 38 Villages,Ankute,2366,1,0.00,0.00,0.00,0.00,0.00,0.00,0.00,0.00,0.00,0.00,0.00,0.00,0.00,16-Apr,17-Apr,18-Apr,19-Apr,20-Apr,21-Apr,15-Apr,16-Apr,17-Apr,18-Apr,19-Apr,20-Apr,21-Apr,7,7,0
Nashik,Nashik,Nashik,Manmad,Yeola,20030798,Retrofitting To Yeola 38 Villages,Bharam,1595,1,0.00,0.00,0.00,0.00,0.00,0.00,0.00,0.00,0.00,0.00,0.00,0.00,0.00,16-Apr,17-Apr,18-Apr,19-Apr,20-Apr,21-Apr,15-Apr,16-Apr,17-Apr,18-Apr,19-Apr,20-Apr,21-Apr,7,7,0
Nashik,Nashik,Nashik,Manmad,Yeola,20030798,Retrofitting To Yeola 38 Villages,Andarsul,15233,4,0.00,4.16,0.00,9.51,9.07,0.00,48.32,0.00,27.34,0.00,62.44,59.57,0.00,16-Apr,17-Apr,18-Apr,19-Apr,20-Apr,21-Apr,15-Apr,16-Apr,17-Apr,18-Apr,19-Apr,20-Apr,21-Apr,5,3,2
Nashik,Nashik,Nashik,Manmad,Nifad,456654,"Retro. Lasalgaon Vinchur 16 Villages, Tal. Nifad",Brahmangaon,9640,1,0.00,0.00,0.00,0.00,0.00,0.00,0.00,0.00,0.00,0.00,0.00,0.00,0.00,16-Apr,17-Apr,18-Apr,19-Apr,20-Apr,21-Apr,15-Apr,16-Apr,17-Apr,18-Apr,19-Apr,20-Apr,21-Apr,7,7,0
Nashik,Nashik,Nashik,Malegaon,Nandgaon,20037448,"78 villages in Nandgaon, Malegaon and Deola talukas",Yesgaon Bk,3698,2,0.05,1.51,0.80,1.13,0.68,1.23,32.04,1.43,40.79,21.63,30.50,18.39,33.32,16-Apr,17-Apr,18-Apr,19-Apr,20-Apr,21-Apr,15-Apr,16-Apr,17-Apr,18-Apr,19-Apr,20-Apr,21-Apr,7,0,0
Nashik,Nashik,Nashik,Malegaon,Nandgaon,20037448,"78 villages in Nandgaon, Malegaon and Deola talukas",Yesgaon Kh,2429,2,0.53,0.82,0.65,0.44,1.18,0.59,46.08,22.00,33.83,26.61,18.13,48.45,24.21,16-Apr,17-Apr,18-Apr,19-Apr,20-Apr,21-Apr,15-Apr,16-Apr,17-Apr,18-Apr,19-Apr,20-Apr,21-Apr,7,0,0
Nashik,Nashik,Nashik,Malegaon,Nandgaon,20037448,"78 villages in Nandgaon, Malegaon and Deola talukas",Wakhari,2400,2,0.00,0.00,0.52,0.30,0.00,0.00,17.20,0.00,0.00,21.65,12.33,0.01,0.00,16-Apr,17-Apr,18-Apr,19-Apr,20-Apr,21-Apr,15-Apr,16-Apr,17-Apr,18-Apr,19-Apr,20-Apr,21-Apr,7,3,0
Nashik,Nashik,Nashik,Sinnar,Sinnar,20019176,Retro. Bargaonpimpri & 6 VRWSS  Tal Sinnar,Pat Pimpri,4002,2,0.00,0.00,0.00,0.51,0.67,0.00,0.00,0.00,0.00,0.00,12.85,16.83,0.02,16-Apr,17-Apr,18-Apr,19-Apr,20-Apr,21-Apr,15-Apr,16-Apr,17-Apr,18-Apr,19-Apr,20-Apr,21-Apr,7,4,0
Nashik,Nashik,Nashik,Sinnar,Sinnar,20019176,Retro. Bargaonpimpri & 6 VRWSS  Tal Sinnar,Sunderpur,2212,2,0.00,0.53,0.00,0.00,0.58,0.00,83.06,0.00,24.09,0.00,0.00,26.10,0.00,16-Apr,17-Apr,18-Apr,19-Apr,20-Apr,21-Apr,15-Apr,16-Apr,17-Apr,18-Apr,19-Apr,20-Apr,21-Apr,6,4,1
Nashik,Nashik,Nashik,Sinnar,Sinnar,20019176,Retro. Bargaonpimpri & 6 VRWSS  Tal Sinnar,K.P Nagar,1078,1,0.00,0.00,0.00,0.00,0.00,0.00,0.00,0.00,0.00,0.00,0.00,0.00,0.00,16-Apr,17-Apr,18-Apr,19-Apr,20-Apr,21-Apr,15-Apr,16-Apr,17-Apr,18-Apr,19-Apr,20-Apr,21-Apr,7,7,0
Nashik,Nashik,Nashik,Sinnar,Sinnar,20019176,Retro. Bargaonpimpri & 6 VRWSS  Tal Sinnar,Nimgaon Sinnar,4811,3,0.00,0.00,0.00,0.00,2.93,0.88,2.09,0.00,0.00,0.00,0.00,60.92,18.21,16-Apr,17-Apr,18-Apr,19-Apr,20-Apr,21-Apr,15-Apr,16-Apr,17-Apr,18-Apr,19-Apr,20-Apr,21-Apr,6,4,1
Nashik,Nashik,Nashik,Sinnar,Sinnar,20019176,Retro. Bargaonpimpri & 6 VRWSS  Tal Sinnar,Hiwargaon,2497,3,0.00,0.00,0.00,0.04,0.00,0.23,0.00,0.00,0.00,0.00,1.44,0.00,9.02,16-Apr,17-Apr,18-Apr,19-Apr,20-Apr,21-Apr,15-Apr,16-Apr,17-Apr,18-Apr,19-Apr,20-Apr,21-Apr,7,3,0
Nashik,Nashik,Nashik,Sinnar,Sinnar,20019286,"Nirhale-Fatehpur and 5 villages, Tal. Sinnar",Nandur Shingote,6496,5,8.06,17.61,11.39,14.63,20.12,15.37,251.80,124.12,271.02,175.26,225.19,309.76,236.65,16-Apr,17-Apr,18-Apr,19-Apr,20-Apr,21-Apr,15-Apr,16-Apr,17-Apr,18-Apr,19-Apr,20-Apr,21-Apr,0,0,7
Nashik,Nashik,Nashik,Sinnar,Sinnar,20019286,"Nirhale-Fatehpur and 5 villages, Tal. Sinnar",Kankori,2427,2,0.00,0.00,0.00,0.00,0.00,0.00,0.00,0.00,0.00,0.00,0.00,0.00,0.00,16-Apr,17-Apr,18-Apr,19-Apr,20-Apr,21-Apr,15-Apr,16-Apr,17-Apr,18-Apr,19-Apr,20-Apr,21-Apr,7,5,0
Nashik,Nashik,Nashik,Sinnar,Sinnar,20019286,"Nirhale-Fatehpur and 5 villages, Tal. Sinnar",Manori,4139,2,0.35,0.00,0.00,0.01,0.48,0.01,0.37,8.56,0.00,0.00,0.17,11.61,0.34,16-Apr,17-Apr,18-Apr,19-Apr,20-Apr,21-Apr,15-Apr,16-Apr,17-Apr,18-Apr,19-Apr,20-Apr,21-Apr,7,2,0
Nashik,Nashik,Nashik,Sinnar,Sinnar,20019286,"Nirhale-Fatehpur and 5 villages, Tal. Sinnar",Marhal (Bk.),2934,1,0.00,0.00,0.00,0.00,0.00,0.00,0.00,0.00,0.00,0.00,0.00,0.00,0.00,16-Apr,17-Apr,18-Apr,19-Apr,20-Apr,21-Apr,15-Apr,16-Apr,17-Apr,18-Apr,19-Apr,20-Apr,21-Apr,7,7,0
Nashik,Nashik,W M Nashik,W.M.Nashik,Nifad,20039258,Ozar-Sakore & 2 Villages,Ozar,86060,4,6.54,3.63,5.46,5.94,6.93,6.40,7.29,7.60,4.22,6.34,6.90,8.06,7.43,16-Apr,17-Apr,18-Apr,19-Apr,20-Apr,21-Apr,15-Apr,16-Apr,17-Apr,18-Apr,19-Apr,20-Apr,21-Apr,7,0,0
Nashik,Jalgaon,Jalgaon,Erandol,Chalisgaon,20053796,Dondigar-Rohini & 15 Villages WSS,Tambole,2918,2,0.00,0.00,0.00,0.00,0.00,0.00,0.00,0.00,0.00,0.00,0.00,0.00,0.00,16-Apr,17-Apr,18-Apr,19-Apr,20-Apr,21-Apr,15-Apr,16-Apr,17-Apr,18-Apr,19-Apr,20-Apr,21-Apr,7,7,0
Nashik,Jalgaon,Jalgaon,Erandol,Chalisgaon,20053796,Dondigar-Rohini & 15 Villages WSS,Bilakhede,2691,2,1.14,1.43,1.85,1.93,1.38,1.24,22.64,42.25,53.21,68.89,71.59,51.28,45.92,16-Apr,17-Apr,18-Apr,19-Apr,20-Apr,21-Apr,15-Apr,16-Apr,17-Apr,18-Apr,19-Apr,20-Apr,21-Apr,5,0,2
Nashik,Jalgaon,Jalgaon,Erandol,Chalisgaon,20053796,Dondigar-Rohini & 15 Villages WSS,Pimpalgaon,1709,2,0.00,0.00,0.00,0.00,0.00,0.00,0.00,0.00,0.00,0.00,0.00,0.00,0.00,16-Apr,17-Apr,18-Apr,19-Apr,20-Apr,21-Apr,15-Apr,16-Apr,17-Apr,18-Apr,19-Apr,20-Apr,21-Apr,7,7,0
Nashik,Jalgaon,Jalgaon,Erandol,Chalisgaon,20053796,Dondigar-Rohini & 15 Villages WSS,Hirapur,3925,3,0.55,1.23,1.54,0.91,1.78,1.67,0.00,13.90,31.46,39.22,23.31,45.30,42.63,16-Apr,17-Apr,18-Apr,19-Apr,20-Apr,21-Apr,15-Apr,16-Apr,17-Apr,18-Apr,19-Apr,20-Apr,21-Apr,7,1,0
Nashik,Jalgaon,Jalgaon,Erandol,Dharangaon,20061165,Paldhi (bk& Kh) RR Tal DHARANGAON,Paldhi Bk.,9303,3,0.00,0.00,0.00,0.00,0.00,0.00,0.00,0.00,0.00,0.00,0.00,0.00,0.00,16-Apr,17-Apr,18-Apr,19-Apr,20-Apr,21-Apr,15-Apr,16-Apr,17-Apr,18-Apr,19-Apr,20-Apr,21-Apr,7,7,0
Nashik,Jalgaon,Jalgaon,Erandol,Dharangaon,20061165,Paldhi (bk& Kh) RR Tal DHARANGAON,Paldhi Kh.,12377,3,10.30,18.76,5.40,6.22,13.26,13.59,55.46,83.19,151.57,43.67,50.25,107.10,109.82,16-Apr,17-Apr,18-Apr,19-Apr,20-Apr,21-Apr,15-Apr,16-Apr,17-Apr,18-Apr,19-Apr,20-Apr,21-Apr,2,0,5
Nashik,Nashik,W M Nashik,W.M.Nashik,Dindori,20039258,Ozar-Sakore & 2 Villages,Janori,7926,1,2.73,1.72,2.77,1.42,3.82,3.31,33.17,34.48,21.71,34.99,17.90,48.23,41.77,16-Apr,17-Apr,18-Apr,19-Apr,20-Apr,21-Apr,15-Apr,16-Apr,17-Apr,18-Apr,19-Apr,20-Apr,21-Apr,7,0,0
Nashik,Nashik,W M Nashik,W.M.Nashik,Dindori,20039258,Ozar-Sakore & 2 Villages,Mohadi,5078,3,0.00,3.24,0.00,2.05,1.37,2.47,59.63,0.00,63.80,0.00,40.42,26.92,48.59,16-Apr,17-Apr,18-Apr,19-Apr,20-Apr,21-Apr,15-Apr,16-Apr,17-Apr,18-Apr,19-Apr,20-Apr,21-Apr,5,2,2
Nashik,Nashik,Nashik,Manmad,Yeola,20030798,Retrofitting To Yeola 38 Villages,Babulgaon Bk.,1774,1,2.97,4.48,0.44,0.00,0.00,0.97,54.92,54.92,54.92,54.92,54.92,54.92,54.92,16-Apr,17-Apr,18-Apr,19-Apr,20-Apr,21-Apr,15-Apr,16-Apr,17-Apr,18-Apr,19-Apr,20-Apr,21-Apr,7,0,0
Nashik,Ahmednagar,Ahmednagar,Ahmednagar,Nagar,20046296,Burhannagar & 45 Villages Retro RRWSS,Kapurwadi,5098,2,0.00,0.00,0.00,0.00,0.00,0.00,0.00,0.00,0.00,0.00,0.00,0.00,0.00,16-Apr,17-Apr,18-Apr,19-Apr,20-Apr,21-Apr,15-Apr,16-Apr,17-Apr,18-Apr,19-Apr,20-Apr,21-Apr,7,7,0
Nashik,Ahmednagar,Sangamner,Sangamner,Sangamner,7937337,"Retro.Nimon and 4 villages, Tal. Sangamner",hilllock,3954,4,3.46,4.22,4.88,10.52,6.64,8.43,180.77,87.59,106.77,123.41,266.02,167.96,213.20,16-Apr,17-Apr,18-Apr,19-Apr,20-Apr,21-Apr,15-Apr,16-Apr,17-Apr,18-Apr,19-Apr,20-Apr,21-Apr,0,0,7
Nashik,Ahmednagar,Sangamner,Kopargaon,Rahata,20054877,Retro.Kelvad Bk.& 2 villages RRWSS. Ta.Rahta,Kelwad Bk,4840,2,0.00,0.91,0.00,0.48,0.00,0.00,0.00,0.00,18.81,0.00,9.96,0.00,0.00,16-Apr,17-Apr,18-Apr,19-Apr,20-Apr,21-Apr,15-Apr,16-Apr,17-Apr,18-Apr,19-Apr,20-Apr,21-Apr,7,5,0
Nashik,Ahmednagar,Sangamner,Kopargaon,Rahata,20054877,Retro.Kelvad Bk.& 2 villages RRWSS. Ta.Rahta,Kelwad Kd,5875,1,0.00,0.00,0.00,0.00,0.00,0.00,0.00,0.00,0.00,0.00,0.00,0.00,0.00,16-Apr,17-Apr,18-Apr,19-Apr,20-Apr,21-Apr,15-Apr,16-Apr,17-Apr,18-Apr,19-Apr,20-Apr,21-Apr,7,7,0
Nashik,Ahmednagar,Sangamner,Kopargaon,Rahata,417239,Retro Rui & Shingave R.R.W.S.S Tal Rahata,Rui,6426,5,438494.93,3.87,437679.00,0.98,484.03,326.89,7738.96,6823761.80,60.26,6811064.37,15.20,7532.34,5086.92,16-Apr,17-Apr,18-Apr,19-Apr,20-Apr,21-Apr,15-Apr,16-Apr,17-Apr,18-Apr,19-Apr,20-Apr,21-Apr,1,0,6
Nashik,Ahmednagar,Sangamner,Kopargaon,Rahata,417239,Retro Rui & Shingave R.R.W.S.S Tal Rahata,Shingve,5274,2,0.00,0.00,0.00,0.00,0.00,0.00,0.00,0.00,0.00,0.00,0.00,0.00,0.00,16-Apr,17-Apr,18-Apr,19-Apr,20-Apr,21-Apr,15-Apr,16-Apr,17-Apr,18-Apr,19-Apr,20-Apr,21-Apr,7,7,0
Nagpur,Chandrapur,Chandrapur,Gadchiroli,Aheri,7890975,Allapalli-Nagapalli RR,Allapalli,12363,1,0.00,0.00,0.00,0.00,0.00,0.00,0.00,0.00,0.00,0.00,0.00,0.00,0.00,16-Apr,17-Apr,18-Apr,19-Apr,20-Apr,21-Apr,15-Apr,16-Apr,17-Apr,18-Apr,19-Apr,20-Apr,21-Apr,7,7,0
Nagpur,Chandrapur,Chandrapur,Gadchiroli,Aheri,7890975,Allapalli-Nagapalli RR,Nagepalli,6999,1,0.00,0.00,0.00,0.00,0.00,0.00,0.00,0.00,0.00,0.00,0.00,0.00,0.00,16-Apr,17-Apr,18-Apr,19-Apr,20-Apr,21-Apr,15-Apr,16-Apr,17-Apr,18-Apr,19-Apr,20-Apr,21-Apr,7,7,0
Nagpur,Chandrapur,Chandrapur,Pombhurna,Pombhurna,7928270,Pomnbhurna Grid & 15 Villages RR Retrofitting,Dewada Kh.,4792,2,0.00,0.00,0.00,0.00,0.00,0.00,0.00,0.00,0.00,0.00,0.00,0.00,0.00,16-Apr,17-Apr,18-Apr,19-Apr,20-Apr,21-Apr,15-Apr,16-Apr,17-Apr,18-Apr,19-Apr,20-Apr,21-Apr,7,7,0
Nagpur,Chandrapur,Chandrapur,Pombhurna,Pombhurna,7928270,Pomnbhurna Grid & 15 Villages RR Retrofitting,Futan,2204,1,0.00,0.00,0.00,0.00,0.00,0.00,0.00,0.00,0.00,0.00,0.00,0.00,0.00,16-Apr,17-Apr,18-Apr,19-Apr,20-Apr,21-Apr,15-Apr,16-Apr,17-Apr,18-Apr,19-Apr,20-Apr,21-Apr,7,7,0
Nagpur,Chandrapur,Chandrapur,Pombhurna,Pombhurna,7928270,Pomnbhurna Grid & 15 Villages RR Retrofitting,Chak Kosambi - 1,724,1,0.00,0.00,0.00,0.00,0.00,0.00,0.00,0.00,0.00,0.00,0.00,0.00,0.00,16-Apr,17-Apr,18-Apr,19-Apr,20-Apr,21-Apr,15-Apr,16-Apr,17-Apr,18-Apr,19-Apr,20-Apr,21-Apr,6,7,0
Nagpur,Chandrapur,Chandrapur,Pombhurna,Pombhurna,7928270,Pomnbhurna Grid & 15 Villages RR Retrofitting,Chak Navegaon,440,1,0.00,0.00,0.00,0.00,0.00,0.00,0.00,0.00,0.00,0.00,0.00,0.00,0.00,16-Apr,17-Apr,18-Apr,19-Apr,20-Apr,21-Apr,15-Apr,16-Apr,17-Apr,18-Apr,19-Apr,20-Apr,21-Apr,7,7,0
Nagpur,Chandrapur,Chandrapur,Pombhurna,Pombhurna,7928270,Pomnbhurna Grid & 15 Villages RR Retrofitting,Chek Thane Wasna,1700,1,0.00,0.00,0.00,0.00,0.00,0.00,0.00,0.00,0.00,0.00,0.00,0.00,0.00,16-Apr,17-Apr,18-Apr,19-Apr,20-Apr,21-Apr,15-Apr,16-Apr,17-Apr,18-Apr,19-Apr,20-Apr,21-Apr,7,7,0
Nagpur,Chandrapur,Chandrapur,Pombhurna,Pombhurna,7928270,Pomnbhurna Grid & 15 Villages RR Retrofitting,Borda Dixit,1008,1,0.00,0.00,0.00,0.00,0.00,0.00,0.00,0.00,0.00,0.00,0.00,0.00,0.00,16-Apr,17-Apr,18-Apr,19-Apr,20-Apr,21-Apr,15-Apr,16-Apr,17-Apr,18-Apr,19-Apr,20-Apr,21-Apr,7,7,0
Nagpur,Chandrapur,Chandrapur,Pombhurna,Pombhurna,7928270,Pomnbhurna Grid & 15 Villages RR Retrofitting,Chak Ghanoti - 1,868,1,0.00,0.00,0.00,0.00,0.00,0.00,0.00,0.00,0.00,0.00,0.00,0.00,0.00,16-Apr,17-Apr,18-Apr,19-Apr,20-Apr,21-Apr,15-Apr,16-Apr,17-Apr,18-Apr,19-Apr,20-Apr,21-Apr,7,7,0
Nagpur,Chandrapur,Chandrapur,Pombhurna,Pombhurna,7928270,Pomnbhurna Grid & 15 Villages RR Retrofitting,Chak Hattibodi,544,2,0.00,0.00,0.00,0.00,0.00,0.00,0.00,0.00,0.00,0.00,0.00,0.00,0.00,16-Apr,17-Apr,18-Apr,19-Apr,20-Apr,21-Apr,15-Apr,16-Apr,17-Apr,18-Apr,19-Apr,20-Apr,21-Apr,7,7,0
Nagpur,Chandrapur,Chandrapur,Pombhurna,Pombhurna,7928270,Pomnbhurna Grid & 15 Villages RR Retrofitting,Welwa,1548,2,0.00,0.00,0.00,0.00,0.00,0.00,0.00,0.00,0.00,0.00,0.00,0.00,0.00,16-Apr,17-Apr,18-Apr,19-Apr,20-Apr,21-Apr,15-Apr,16-Apr,17-Apr,18-Apr,19-Apr,20-Apr,21-Apr,5,7,0
Nagpur,Chandrapur,Chandrapur,Pombhurna,Pombhurna,7928270,Pomnbhurna Grid & 15 Villages RR Retrofitting,Rampur Dixit,680,1,0.00,0.00,0.00,0.00,0.00,0.00,0.00,0.00,0.00,0.00,0.00,0.00,0.00,16-Apr,17-Apr,18-Apr,19-Apr,20-Apr,21-Apr,15-Apr,16-Apr,17-Apr,18-Apr,19-Apr,20-Apr,21-Apr,7,7,0
Nagpur,Chandrapur,Chandrapur,Pombhurna,Pombhurna,7928270,Pomnbhurna Grid & 15 Villages RR Retrofitting,Selur Nagreddi,568,1,0.00,0.00,0.00,0.00,0.00,0.00,0.00,0.00,0.00,0.00,0.00,0.00,0.00,16-Apr,17-Apr,18-Apr,19-Apr,20-Apr,21-Apr,15-Apr,16-Apr,17-Apr,18-Apr,19-Apr,20-Apr,21-Apr,7,7,0
Nagpur,Chandrapur,Chandrapur,Pombhurna,Pombhurna,7928270,Pomnbhurna Grid & 15 Villages RR Retrofitting,Mohadi,3272,1,0.00,0.00,0.01,0.00,0.00,0.00,0.00,0.00,0.00,0.31,0.00,0.00,0.00,16-Apr,17-Apr,18-Apr,19-Apr,20-Apr,21-Apr,15-Apr,16-Apr,17-Apr,18-Apr,19-Apr,20-Apr,21-Apr,7,6,0
Nagpur,Chandrapur,Chandrapur,Pombhurna,Pombhurna,7928270,Pomnbhurna Grid & 15 Villages RR Retrofitting,Navegaon More,1680,1,0.00,0.00,0.00,0.00,0.00,0.00,0.00,0.00,0.00,0.00,0.00,0.00,0.00,16-Apr,17-Apr,18-Apr,19-Apr,20-Apr,21-Apr,15-Apr,16-Apr,17-Apr,18-Apr,19-Apr,20-Apr,21-Apr,7,7,0
Nagpur,Chandrapur,Chandrapur,Pombhurna,Pombhurna,7928270,Pomnbhurna Grid & 15 Villages RR Retrofitting,Jam Kh.,1480,2,0.00,0.00,0.00,0.00,0.00,0.00,0.00,0.00,0.00,0.00,0.00,0.00,0.00,16-Apr,17-Apr,18-Apr,19-Apr,20-Apr,21-Apr,15-Apr,16-Apr,17-Apr,18-Apr,19-Apr,20-Apr,21-Apr,7,7,0
Nagpur,Chandrapur,Chandrapur,Pombhurna,Pombhurna,7928270,Pomnbhurna Grid & 15 Villages RR Retrofitting,Jam Tukum,1172,1,0.00,0.00,0.00,0.00,0.00,0.00,0.00,0.00,0.00,0.00,0.00,0.00,0.00,16-Apr,17-Apr,18-Apr,19-Apr,20-Apr,21-Apr,15-Apr,16-Apr,17-Apr,18-Apr,19-Apr,20-Apr,21-Apr,7,7,0
Nagpur,Nagpur,Nagpur,Chandrapur,Saoali,20036500,Vyahad & 2 Village RR WSS,Samada Kh,524,2,1.48,1.49,1.48,1.48,1.48,1.48,283.00,282.88,283.86,282.88,282.87,282.88,282.89,16-Apr,17-Apr,18-Apr,19-Apr,20-Apr,21-Apr,15-Apr,16-Apr,17-Apr,18-Apr,19-Apr,20-Apr,21-Apr,0,0,7
Nagpur,Nagpur,Nagpur,Chandrapur,Saoali,20036500,Vyahad & 2 Village RR WSS,Vyahad(BK),4572,1,0.00,0.00,0.00,0.00,0.00,0.00,0.00,0.00,0.00,0.00,0.00,0.00,0.00,16-Apr,17-Apr,18-Apr,19-Apr,20-Apr,21-Apr,15-Apr,16-Apr,17-Apr,18-Apr,19-Apr,20-Apr,21-Apr,7,7,0
Nagpur,Chandrapur,Chandrapur,Chandrapur,Chandrapur,20050368,Chinchala and 7 Villages RR Water Supply Scheme,Wandhari,568,2,0.00,0.00,0.00,0.00,0.00,0.00,0.00,0.00,0.00,0.00,0.00,0.00,0.00,16-Apr,17-Apr,18-Apr,19-Apr,20-Apr,21-Apr,15-Apr,16-Apr,17-Apr,18-Apr,19-Apr,20-Apr,21-Apr,7,7,0
Nagpur,Chandrapur,Chandrapur,Chandrapur,Chandrapur,20050368,Chinchala and 7 Villages RR Water Supply Scheme,Vendli,936,2,0.00,0.00,0.00,0.00,0.00,0.00,0.00,0.00,0.00,0.00,0.00,0.00,0.00,16-Apr,17-Apr,18-Apr,19-Apr,20-Apr,21-Apr,15-Apr,16-Apr,17-Apr,18-Apr,19-Apr,20-Apr,21-Apr,7,7,0
Nagpur,Chandrapur,Chandrapur,Chandrapur,Chandrapur,20050368,Chinchala and 7 Villages RR Water Supply Scheme,Nagala,1356,2,0.00,0.00,0.00,0.00,0.00,0.00,0.00,0.00,0.00,0.00,0.00,0.00,0.00,16-Apr,17-Apr,18-Apr,19-Apr,20-Apr,21-Apr,15-Apr,16-Apr,17-Apr,18-Apr,19-Apr,20-Apr,21-Apr,7,7,0
Nagpur,Chandrapur,Chandrapur,Chandrapur,Chandrapur,20050368,Chinchala and 7 Villages RR Water Supply Scheme,Pipari,888,2,0.00,0.00,0.00,0.00,0.00,0.00,0.00,0.00,0.00,0.00,0.00,0.00,0.00,16-Apr,17-Apr,18-Apr,19-Apr,20-Apr,21-Apr,15-Apr,16-Apr,17-Apr,18-Apr,19-Apr,20-Apr,21-Apr,7,7,0
Nagpur,Chandrapur,Chandrapur,Chandrapur,Chandrapur,20050368,Chinchala and 7 Villages RR Water Supply Scheme,Sidur,1000,2,0.00,0.00,0.00,0.00,0.00,0.00,0.00,0.00,0.00,0.00,0.00,0.00,0.00,16-Apr,17-Apr,18-Apr,19-Apr,20-Apr,21-Apr,15-Apr,16-Apr,17-Apr,18-Apr,19-Apr,20-Apr,21-Apr,7,7,0
Nagpur,Chandrapur,Chandrapur,Chandrapur,Chandrapur,20050368,Chinchala and 7 Villages RR Water Supply Scheme,Dhanora,1564,4,0.00,9.08,1.24,0.61,2.31,1.70,2.56,0.00,580.37,79.28,39.00,147.70,108.70,16-Apr,17-Apr,18-Apr,19-Apr,20-Apr,21-Apr,15-Apr,16-Apr,17-Apr,18-Apr,19-Apr,20-Apr,21-Apr,3,1,4
Nagpur,Chandrapur,Chandrapur,Chandrapur,Chandrapur,20050368,Chinchala and 7 Villages RR Water Supply Scheme,Mahakurla,556,1,0.00,0.00,0.00,0.00,0.00,0.00,0.00,0.00,0.00,0.00,0.00,0.00,0.00,16-Apr,17-Apr,18-Apr,19-Apr,20-Apr,21-Apr,15-Apr,16-Apr,17-Apr,18-Apr,19-Apr,20-Apr,21-Apr,7,7,0
Nagpur,Chandrapur,Chandrapur,Chandrapur,Chandrapur,20050368,Chinchala and 7 Villages RR Water Supply Scheme,Chinchala,240,3,0.00,0.00,0.00,0.00,0.00,0.00,0.00,0.00,0.00,0.00,0.00,0.00,0.00,16-Apr,17-Apr,18-Apr,19-Apr,20-Apr,21-Apr,15-Apr,16-Apr,17-Apr,18-Apr,19-Apr,20-Apr,21-Apr,7,7,0
Nagpur,Nagpur,Chandrapur,Wardha,Wardha,7891298,Pipri Meghe and 13 villages RR WSS,Sawangi Meghe,16556,6,0.00,0.00,0.00,0.05,0.01,0.09,0.00,0.00,0.00,0.00,0.30,0.03,0.54,16-Apr,17-Apr,18-Apr,19-Apr,20-Apr,21-Apr,15-Apr,16-Apr,17-Apr,18-Apr,19-Apr,20-Apr,21-Apr,7,4,0
Nagpur,Nagpur,Chandrapur,Wardha,Wardha,7891298,Pipri Meghe and 13 villages RR WSS,Pipri,2696,3,0.00,67.01,0.00,0.00,139.43,0.00,0.00,0.00,2485.56,0.00,0.00,5171.70,0.00,16-Apr,17-Apr,18-Apr,19-Apr,20-Apr,21-Apr,15-Apr,16-Apr,17-Apr,18-Apr,19-Apr,20-Apr,21-Apr,5,5,2
Nagpur,Nagpur,Chandrapur,Wardha,Wardha,7891298,Pipri Meghe and 13 villages RR WSS,Nalwadi,13540,4,0.00,1.56,0.00,0.00,0.00,1.55,0.00,0.00,11.54,0.00,0.00,0.00,11.44,16-Apr,17-Apr,18-Apr,19-Apr,20-Apr,21-Apr,15-Apr,16-Apr,17-Apr,18-Apr,19-Apr,20-Apr,21-Apr,7,5,0
Nagpur,Nagpur,Chandrapur,Wardha,Wardha,7891298,Pipri Meghe and 13 villages RR WSS,Waigaon,8896,3,0.58,0.16,0.00,0.01,0.27,0.16,9.55,6.56,1.78,0.00,0.08,2.98,1.76,16-Apr,17-Apr,18-Apr,19-Apr,20-Apr,21-Apr,15-Apr,16-Apr,17-Apr,18-Apr,19-Apr,20-Apr,21-Apr,7,1,0
Nagpur,Nagpur,Chandrapur,Wardha,Wardha,7891298,Pipri Meghe and 13 villages RR WSS,Varud,616,1,0.00,0.00,0.00,0.00,0.00,0.00,0.00,0.00,0.00,0.00,0.00,0.00,0.00,16-Apr,17-Apr,18-Apr,19-Apr,20-Apr,21-Apr,15-Apr,16-Apr,17-Apr,18-Apr,19-Apr,20-Apr,21-Apr,7,7,0
Nagpur,Nagpur,Chandrapur,Wardha,Wardha,7891298,Pipri Meghe and 13 villages RR WSS,Sotada,1608,1,0.00,1.27,2.52,0.60,0.00,3.78,0.00,0.00,79.12,156.72,37.31,0.00,235.07,16-Apr,17-Apr,18-Apr,19-Apr,20-Apr,21-Apr,15-Apr,16-Apr,17-Apr,18-Apr,19-Apr,20-Apr,21-Apr,4,3,3
Nagpur,Nagpur,Chandrapur,Wardha,Wardha,7891298,Pipri Meghe and 13 villages RR WSS,Sindhi Meghe,29844,4,0.00,338.02,0.00,27454.41,21.49,0.00,0.00,0.00,1132.62,0.00,91993.05,72.01,0.00,16-Apr,17-Apr,18-Apr,19-Apr,20-Apr,21-Apr,15-Apr,16-Apr,17-Apr,18-Apr,19-Apr,20-Apr,21-Apr,4,4,3
Nagpur,Nagpur,Chandrapur,Wardha,Wardha,7891298,Pipri Meghe and 13 villages RR WSS,Masala,548,1,12.35,0.43,6.24,14.90,2.89,5.48,3716.60,2253.00,78.63,1138.69,2718.40,527.87,1000.84,16-Apr,17-Apr,18-Apr,19-Apr,20-Apr,21-Apr,15-Apr,16-Apr,17-Apr,18-Apr,19-Apr,20-Apr,21-Apr,0,0,7
Nagpur,Nagpur,Chandrapur,Wardha,Wardha,7891298,Pipri Meghe and 13 villages RR WSS,Karla,2332,1,4274.53,4104.58,4986.04,3515.68,1905.24,6716.54,199762.75,183298.84,176011.05,213809.61,150758.25,81699.83,288016.30,16-Apr,17-Apr,18-Apr,19-Apr,20-Apr,21-Apr,15-Apr,16-Apr,17-Apr,18-Apr,19-Apr,20-Apr,21-Apr,0,0,7
Nagpur,Nagpur,Chandrapur,Wardha,Wardha,7891298,Pipri Meghe and 13 villages RR WSS,Borgaon,688,3,1890583.08,431.46,309.19,499.90,309.44,493.17,563.43,274794052.99,62711.85,44940.10,72659.91,44976.99,71681.78,16-Apr,17-Apr,18-Apr,19-Apr,20-Apr,21-Apr,15-Apr,16-Apr,17-Apr,18-Apr,19-Apr,20-Apr,21-Apr,0,0,7
Nagpur,Nagpur,Chandrapur,Wardha,Wardha,7891298,Pipri Meghe and 13 villages RR WSS,Alodi,9328,3,0.00,0.00,0.00,0.06,0.02,0.00,0.00,0.00,0.00,0.00,0.69,0.19,0.00,16-Apr,17-Apr,18-Apr,19-Apr,20-Apr,21-Apr,15-Apr,16-Apr,17-Apr,18-Apr,19-Apr,20-Apr,21-Apr,7,5,0
Nagpur,Nagpur,Chandrapur,Gadchiroli,Chamorshi,2009882,Ghot RRWSS,Ghot,4166,2,2.24,1.02,2.49,1.58,2.16,1.76,50.36,53.83,24.45,59.79,37.83,51.95,42.29,16-Apr,17-Apr,18-Apr,19-Apr,20-Apr,21-Apr,15-Apr,16-Apr,17-Apr,18-Apr,19-Apr,20-Apr,21-Apr,6,0,1
Nagpur,Nagpur,Chandrapur,Gadchiroli,Chamorshi,2009882,Ghot RRWSS,Nikatwada,1414,1,0.00,0.00,0.00,0.00,0.00,0.00,0.00,0.00,0.00,0.00,0.00,0.00,0.00,16-Apr,17-Apr,18-Apr,19-Apr,20-Apr,21-Apr,15-Apr,16-Apr,17-Apr,18-Apr,19-Apr,20-Apr,21-Apr,7,7,0
Nagpur,Nagpur,Chandrapur,Gadchiroli,Chamorshi,2009882,Ghot RRWSS,Navegaon,620,1,0.24,0.12,0.23,0.13,0.23,0.21,0.02,39.08,18.66,37.10,20.27,37.44,34.18,16-Apr,17-Apr,18-Apr,19-Apr,20-Apr,21-Apr,15-Apr,16-Apr,17-Apr,18-Apr,19-Apr,20-Apr,21-Apr,7,0,0
Nagpur,Nagpur,Gondia,Sadak Arjuni,Sadak Arjuni,20016939,Putali RR WSS Retrofitting,Kanharpayli,1487,1,0.00,0.00,0.00,0.00,0.00,0.00,0.00,0.00,0.00,0.00,0.00,0.00,0.00,16-Apr,17-Apr,18-Apr,19-Apr,20-Apr,21-Apr,15-Apr,16-Apr,17-Apr,18-Apr,19-Apr,20-Apr,21-Apr,7,7,0
Nagpur,Nagpur,Gondia,Bhandara,Sakoli,631335,Ghanod RR Retrofitting,Ghanod,2280,2,0.00,0.00,0.00,0.00,0.00,0.00,0.00,0.00,0.00,0.00,0.00,0.00,0.00,16-Apr,17-Apr,18-Apr,19-Apr,20-Apr,21-Apr,15-Apr,16-Apr,17-Apr,18-Apr,19-Apr,20-Apr,21-Apr,7,7,0
Nagpur,Nagpur,Gondia,Bhandara,Sakoli,631335,Ghanod RR Retrofitting,Bampewada,10254,1,0.00,0.00,0.00,0.00,0.00,0.00,0.00,0.00,0.00,0.00,0.00,0.00,0.00,16-Apr,17-Apr,18-Apr,19-Apr,20-Apr,21-Apr,15-Apr,16-Apr,17-Apr,18-Apr,19-Apr,20-Apr,21-Apr,7,7,0
Nagpur,Nagpur,Chandrapur,Chandrapur,Chimur,20036536,Bothali & 7 Village RR WSS,Kesarwari,424,1,0.36,0.29,0.36,0.35,0.24,0.20,48.52,85.87,67.74,84.88,82.62,56.75,46.58,16-Apr,17-Apr,18-Apr,19-Apr,20-Apr,21-Apr,15-Apr,16-Apr,17-Apr,18-Apr,19-Apr,20-Apr,21-Apr,2,0,5
Nagpur,Nagpur,Chandrapur,Chandrapur,Chimur,20036536,Bothali & 7 Village RR WSS,Hirapur,1900,1,0.63,0.35,0.82,0.14,0.68,0.24,8.02,32.90,18.46,43.32,7.37,35.68,12.66,16-Apr,17-Apr,18-Apr,19-Apr,20-Apr,21-Apr,15-Apr,16-Apr,17-Apr,18-Apr,19-Apr,20-Apr,21-Apr,7,0,0
Nagpur,Nagpur,Chandrapur,Chandrapur,Chimur,20036536,Bothali & 7 Village RR WSS,Chichbodi,1436,1,1.06,0.69,1.00,0.52,1.01,1.10,56.19,73.61,48.04,69.35,36.54,70.01,76.91,16-Apr,17-Apr,18-Apr,19-Apr,20-Apr,21-Apr,15-Apr,16-Apr,17-Apr,18-Apr,19-Apr,20-Apr,21-Apr,2,0,5
Nagpur,Nagpur,Chandrapur,Chandrapur,Chimur,20036536,Bothali & 7 Village RR WSS,Rajoli Chak,792,1,1.36,3.01,2.40,3.29,2.14,2.71,250.87,171.27,379.62,303.48,415.87,270.83,342.61,16-Apr,17-Apr,18-Apr,19-Apr,20-Apr,21-Apr,15-Apr,16-Apr,17-Apr,18-Apr,19-Apr,20-Apr,21-Apr,0,0,7
Nagpur,Nagpur,Chandrapur,Chandrapur,Chimur,20036536,Bothali & 7 Village RR WSS,Rajoli Fall,5088,1,0.03,0.02,0.03,0.01,1.02,0.01,0.14,0.52,0.47,0.60,0.14,20.10,0.25,16-Apr,17-Apr,18-Apr,19-Apr,20-Apr,21-Apr,15-Apr,16-Apr,17-Apr,18-Apr,19-Apr,20-Apr,21-Apr,7,0,0
Nagpur,Nagpur,Chandrapur,Chandrapur,Chimur,20036536,Bothali & 7 Village RR WSS,Malpiranji,428,1,0.00,0.00,0.00,0.00,0.00,0.00,0.00,0.00,0.00,0.00,0.00,0.00,0.00,16-Apr,17-Apr,18-Apr,19-Apr,20-Apr,21-Apr,15-Apr,16-Apr,17-Apr,18-Apr,19-Apr,20-Apr,21-Apr,7,7,0
Nagpur,Nagpur,Chandrapur,Chandrapur,Chimur,20036536,Bothali & 7 Village RR WSS,Chak Piranji,1632,1,1.40,0.70,0.95,0.64,1.44,1.52,80.07,85.85,42.81,58.36,39.11,88.13,93.44,16-Apr,17-Apr,18-Apr,19-Apr,20-Apr,21-Apr,15-Apr,16-Apr,17-Apr,18-Apr,19-Apr,20-Apr,21-Apr,2,0,5
Nagpur,Nagpur,Chandrapur,Chandrapur,Chimur,20036536,Bothali & 7 Village RR WSS,Bothali,2248,1,0.00,0.00,0.00,0.00,0.00,0.00,0.00,0.00,0.00,0.00,0.00,0.00,0.00,16-Apr,17-Apr,18-Apr,19-Apr,20-Apr,21-Apr,15-Apr,16-Apr,17-Apr,18-Apr,19-Apr,20-Apr,21-Apr,7,7,0
Nagpur,Nagpur,Chandrapur,Chandrapur,Mul,20036862,Bor Chandli 5 Village RR WSS,Pipari (Dixit),1576,1,2.06,1.00,1.69,2.60,2.76,1.96,81.55,130.82,63.46,107.46,165.02,174.95,124.25,16-Apr,17-Apr,18-Apr,19-Apr,20-Apr,21-Apr,15-Apr,16-Apr,17-Apr,18-Apr,19-Apr,20-Apr,21-Apr,0,0,7
Nagpur,Nagpur,Chandrapur,Chandrapur,Mul,20036862,Bor Chandli 5 Village RR WSS,Chak Bembal,700,1,0.31,0.25,0.35,0.25,0.12,0.15,13.02,44.60,36.40,50.53,35.35,16.76,21.32,16-Apr,17-Apr,18-Apr,19-Apr,20-Apr,21-Apr,15-Apr,16-Apr,17-Apr,18-Apr,19-Apr,20-Apr,21-Apr,7,0,0
Nagpur,Nagpur,Chandrapur,Chandrapur,Mul,20036862,Bor Chandli 5 Village RR WSS,Yergaon,1200,1,0.91,0.46,0.83,0.44,0.95,0.91,70.12,75.55,38.42,69.39,36.90,78.75,75.46,16-Apr,17-Apr,18-Apr,19-Apr,20-Apr,21-Apr,15-Apr,16-Apr,17-Apr,18-Apr,19-Apr,20-Apr,21-Apr,2,0,5
Nagpur,Nagpur,Chandrapur,Chandrapur,Mul,20036862,Bor Chandli 5 Village RR WSS,Virai,950,1,0.24,0.25,0.00,0.40,0.36,0.54,0.00,25.75,26.75,0.00,42.60,38.24,56.51,16-Apr,17-Apr,18-Apr,19-Apr,20-Apr,21-Apr,15-Apr,16-Apr,17-Apr,18-Apr,19-Apr,20-Apr,21-Apr,6,2,1
Nagpur,Nagpur,Chandrapur,Chandrapur,Mul,20036862,Bor Chandli 5 Village RR WSS,Sintala,1100,1,0.00,0.00,0.00,0.00,0.00,0.00,0.00,0.00,0.00,0.00,0.00,0.00,0.00,16-Apr,17-Apr,18-Apr,19-Apr,20-Apr,21-Apr,15-Apr,16-Apr,17-Apr,18-Apr,19-Apr,20-Apr,21-Apr,7,7,0
Nagpur,Nagpur,Nagpur,Chandrapur,Saoali,20036500,Vyahad & 2 Village RR WSS,Kondekhal,556,2,0.31,0.43,0.35,0.26,0.53,0.33,116.23,56.38,78.00,63.31,46.87,95.74,59.23,16-Apr,17-Apr,18-Apr,19-Apr,20-Apr,21-Apr,15-Apr,16-Apr,17-Apr,18-Apr,19-Apr,20-Apr,21-Apr,1,0,6
Nagpur,Nagpur,Nagpur,Nagpur,Kamptee,7940695,Bidgaon Tarodi wss,Bidgaon,16860,2,7.54,15.39,8.61,16.74,14.34,16.36,79.90,44.74,91.28,51.07,99.31,85.03,97.04,16-Apr,17-Apr,18-Apr,19-Apr,20-Apr,21-Apr,15-Apr,16-Apr,17-Apr,18-Apr,19-Apr,20-Apr,21-Apr,2,0,5
Nagpur,Nagpur,Gondia,Bhandara,Tumsar,631010,Gobarwahi RR Retrofitting,Ronga,1821,2,0.00,0.00,0.00,0.00,0.54,0.47,37.34,0.00,0.00,0.00,0.00,29.65,25.81,16-Apr,17-Apr,18-Apr,19-Apr,20-Apr,21-Apr,15-Apr,16-Apr,17-Apr,18-Apr,19-Apr,20-Apr,21-Apr,7,4,0
Nagpur,Nagpur,Gondia,Bhandara,Tumsar,631010,Gobarwahi RR Retrofitting,Pitesur,1994,1,0.00,0.00,0.00,0.00,0.00,0.00,0.00,0.00,0.00,0.00,0.00,0.00,0.00,16-Apr,17-Apr,18-Apr,19-Apr,20-Apr,21-Apr,15-Apr,16-Apr,17-Apr,18-Apr,19-Apr,20-Apr,21-Apr,7,7,0
Nagpur,Nagpur,Gondia,Bhandara,Tumsar,631010,Gobarwahi RR Retrofitting,Pawnara,1187,1,4.98,9.21,6.19,9.59,9.48,9.42,758.21,419.62,776.21,521.48,807.70,798.78,793.60,16-Apr,17-Apr,18-Apr,19-Apr,20-Apr,21-Apr,15-Apr,16-Apr,17-Apr,18-Apr,19-Apr,20-Apr,21-Apr,0,0,7
Nagpur,Nagpur,Gondia,Bhandara,Tumsar,20017217,Dewadi RR WSS,Khapa,3087,1,0.00,0.00,0.00,0.00,0.00,0.00,0.00,0.00,0.00,0.00,0.00,0.00,0.00,16-Apr,17-Apr,18-Apr,19-Apr,20-Apr,21-Apr,15-Apr,16-Apr,17-Apr,18-Apr,19-Apr,20-Apr,21-Apr,7,7,0
Nagpur,Nagpur,Gondia,Bhandara,Tumsar,20017217,Dewadi RR WSS,Hasara,2638,1,0.00,0.00,0.00,0.00,0.00,0.00,0.00,0.00,0.00,0.00,0.00,0.00,0.00,16-Apr,17-Apr,18-Apr,19-Apr,20-Apr,21-Apr,15-Apr,16-Apr,17-Apr,18-Apr,19-Apr,20-Apr,21-Apr,7,7,0
Nagpur,Nagpur,Gondia,Bhandara,Tumsar,20017217,Dewadi RR WSS,Dhorwada,1144,1,0.00,0.00,0.00,0.00,0.00,0.00,0.00,0.00,0.00,0.00,0.00,0.00,0.00,16-Apr,17-Apr,18-Apr,19-Apr,20-Apr,21-Apr,15-Apr,16-Apr,17-Apr,18-Apr,19-Apr,20-Apr,21-Apr,7,7,0
Nagpur,Nagpur,Gondia,Bhandara,Tumsar,20017217,Dewadi RR WSS,Stationtoli,1320,1,0.00,0.00,0.00,0.00,0.00,0.00,0.00,0.00,0.00,0.00,0.00,0.00,0.00,16-Apr,17-Apr,18-Apr,19-Apr,20-Apr,21-Apr,15-Apr,16-Apr,17-Apr,18-Apr,19-Apr,20-Apr,21-Apr,7,7,0
Nagpur,Nagpur,Gondia,Bhandara,Tumsar,20017217,Dewadi RR WSS,Paraswada,1400,2,0.00,0.00,0.00,0.00,0.00,0.00,0.00,0.00,0.00,0.00,0.00,0.00,0.00,16-Apr,17-Apr,18-Apr,19-Apr,20-Apr,21-Apr,15-Apr,16-Apr,17-Apr,18-Apr,19-Apr,20-Apr,21-Apr,7,7,0
Nagpur,Nagpur,Gondia,Bhandara,Tumsar,20017217,Dewadi RR WSS,Mangli,1558,1,0.00,0.00,0.00,0.00,0.00,0.00,0.00,0.00,0.00,0.00,0.00,0.00,0.00,16-Apr,17-Apr,18-Apr,19-Apr,20-Apr,21-Apr,15-Apr,16-Apr,17-Apr,18-Apr,19-Apr,20-Apr,21-Apr,7,7,0
Nagpur,Nagpur,Gondia,Bhandara,Tumsar,631010,Gobarwahi RR Retrofitting,Chikhali,1541,1,3.50,1.72,0.52,0.00,0.01,3.81,66.84,227.13,111.63,33.74,0.00,0.65,247.24,16-Apr,17-Apr,18-Apr,19-Apr,20-Apr,21-Apr,15-Apr,16-Apr,17-Apr,18-Apr,19-Apr,20-Apr,21-Apr,3,1,4
Nagpur,Nagpur,Gondia,Bhandara,Tumsar,631010,Gobarwahi RR Retrofitting,Chicholi,2212,1,0.00,0.00,0.00,0.00,0.00,0.11,23.06,0.00,0.00,0.00,0.00,0.00,4.97,16-Apr,17-Apr,18-Apr,19-Apr,20-Apr,21-Apr,15-Apr,16-Apr,17-Apr,18-Apr,19-Apr,20-Apr,21-Apr,7,5,0
Nagpur,Nagpur,Gondia,Bhandara,Tumsar,631010,Gobarwahi RR Retrofitting,Alesur,2400,2,12.25,6.89,0.00,0.00,0.00,0.39,29.17,510.42,287.19,0.00,0.00,0.00,16.36,16-Apr,17-Apr,18-Apr,19-Apr,20-Apr,21-Apr,15-Apr,16-Apr,17-Apr,18-Apr,19-Apr,20-Apr,21-Apr,5,3,2
Nagpur,Nagpur,Gondia,Bhandara,Tumsar,631010,Gobarwahi RR Retrofitting,Paunarkhari,2526,1,0.53,0.00,0.39,0.92,0.00,0.00,163.50,21.04,0.00,15.44,36.42,0.00,0.00,16-Apr,17-Apr,18-Apr,19-Apr,20-Apr,21-Apr,15-Apr,16-Apr,17-Apr,18-Apr,19-Apr,20-Apr,21-Apr,6,3,1
Nagpur,Nagpur,Gondia,Bhandara,Tumsar,631010,Gobarwahi RR Retrofitting,Dongri Bk.,5014,1,23.45,45.48,30.68,45.18,42.52,42.50,870.17,467.66,907.15,611.93,901.02,847.99,847.61,16-Apr,17-Apr,18-Apr,19-Apr,20-Apr,21-Apr,15-Apr,16-Apr,17-Apr,18-Apr,19-Apr,20-Apr,21-Apr,0,0,7
Nagpur,Nagpur,Gondia,Bhandara,Tumsar,631010,Gobarwahi RR Retrofitting,Deonara,648,1,0.46,0.46,0.00,0.00,0.00,0.00,0.00,70.99,71.55,0.00,0.00,0.00,0.00,16-Apr,17-Apr,18-Apr,19-Apr,20-Apr,21-Apr,15-Apr,16-Apr,17-Apr,18-Apr,19-Apr,20-Apr,21-Apr,5,5,2
Nagpur,Nagpur,Nagpur,Nagpur,Kamptee,7940695,Bidgaon Tarodi wss,Tarodi Kh.,7830,2,5.65,8.44,6.35,9.38,7.06,10.06,31.86,72.16,107.80,81.15,119.80,90.16,128.51,16-Apr,17-Apr,18-Apr,19-Apr,20-Apr,21-Apr,15-Apr,16-Apr,17-Apr,18-Apr,19-Apr,20-Apr,21-Apr,1,0,6
Nagpur,Nagpur,Gondia,Sadak Arjuni,Sadak Arjuni,20016939,Putali RR WSS Retrofitting,Mohgata,189,1,0.00,0.00,0.00,0.00,0.00,0.00,0.00,0.00,0.00,0.00,0.00,0.00,0.00,16-Apr,17-Apr,18-Apr,19-Apr,20-Apr,21-Apr,15-Apr,16-Apr,17-Apr,18-Apr,19-Apr,20-Apr,21-Apr,7,7,0
Nagpur,Nagpur,Gondia,Sadak Arjuni,Sadak Arjuni,20016939,Putali RR WSS Retrofitting,Koylari,1575,1,0.00,0.00,0.00,0.00,0.00,0.00,0.00,0.00,0.00,0.00,0.00,0.00,0.00,16-Apr,17-Apr,18-Apr,19-Apr,20-Apr,21-Apr,15-Apr,16-Apr,17-Apr,18-Apr,19-Apr,20-Apr,21-Apr,7,7,0
Nagpur,Nagpur,Gondia,Sadak Arjuni,Sadak Arjuni,20016939,Putali RR WSS Retrofitting,Kohalipar,126,1,0.00,0.00,0.00,0.00,0.00,0.00,0.00,0.00,0.00,0.00,0.00,0.00,0.00,16-Apr,17-Apr,18-Apr,19-Apr,20-Apr,21-Apr,15-Apr,16-Apr,17-Apr,18-Apr,19-Apr,20-Apr,21-Apr,7,7,0
Nagpur,Nagpur,Gondia,Sadak Arjuni,Sadak Arjuni,20016939,Putali RR WSS Retrofitting,Dalli,1606,1,0.00,0.00,0.00,0.00,0.00,0.00,0.00,0.00,0.00,0.00,0.00,0.00,0.00,16-Apr,17-Apr,18-Apr,19-Apr,20-Apr,21-Apr,15-Apr,16-Apr,17-Apr,18-Apr,19-Apr,20-Apr,21-Apr,7,7,0
Nagpur,Nagpur,Gondia,Sadak Arjuni,Sadak Arjuni,20016939,Putali RR WSS Retrofitting,Ushikheda,710,1,0.00,0.00,0.00,0.00,0.00,0.00,0.00,0.00,0.00,0.00,0.00,0.00,0.00,16-Apr,17-Apr,18-Apr,19-Apr,20-Apr,21-Apr,15-Apr,16-Apr,17-Apr,18-Apr,19-Apr,20-Apr,21-Apr,7,7,0
Nagpur,Nagpur,Gondia,Gondia,Gondia,2003645,Kudwa-Katangikala Peri Urban RR,Kudwa,20000,3,3.56,7.00,4.90,6.42,6.82,76.28,31.60,17.82,34.98,24.50,32.11,34.10,381.42,16-Apr,17-Apr,18-Apr,19-Apr,20-Apr,21-Apr,15-Apr,16-Apr,17-Apr,18-Apr,19-Apr,20-Apr,21-Apr,6,0,1
Nagpur,Nagpur,Gondia,Gondia,Gondia,2003645,Kudwa-Katangikala Peri Urban RR,Katangikala,6640,2,2.41,1.03,2.30,2.43,1.19,2.23,48.08,36.36,15.55,34.60,36.61,17.94,33.60,16-Apr,17-Apr,18-Apr,19-Apr,20-Apr,21-Apr,15-Apr,16-Apr,17-Apr,18-Apr,19-Apr,20-Apr,21-Apr,7,0,0
Nagpur,Nagpur,Nagpur,Nagpur,Hingna,20009650,Waddhmna WSS,Waddhmna,5904,7,2.09,1.64,2.03,2.16,2.34,2.55,45.73,35.40,27.73,34.38,36.56,39.63,43.19,16-Apr,17-Apr,18-Apr,19-Apr,20-Apr,21-Apr,15-Apr,16-Apr,17-Apr,18-Apr,19-Apr,20-Apr,21-Apr,7,0,0
Nagpur,Nagpur,Nagpur,Nagpur,Hingna,20009650,Waddhmna WSS,Nagalwadi,2564,1,0.00,0.00,0.00,0.00,0.00,0.00,0.00,0.00,0.00,0.00,0.00,0.00,0.00,16-Apr,17-Apr,18-Apr,19-Apr,20-Apr,21-Apr,15-Apr,16-Apr,17-Apr,18-Apr,19-Apr,20-Apr,21-Apr,7,7,0
Nagpur,Nagpur,Chandrapur,Mul,Mul,7890965,Mul Grid & 24 Villages  RR WSS Retrofitting,Fiskuti,2415,2,0.00,0.00,0.00,0.00,0.00,0.00,0.00,0.00,0.00,0.00,0.00,0.00,0.00,16-Apr,17-Apr,18-Apr,19-Apr,20-Apr,21-Apr,15-Apr,16-Apr,17-Apr,18-Apr,19-Apr,20-Apr,21-Apr,7,7,0
Nagpur,Nagpur,Chandrapur,Mul,Mul,7890965,Mul Grid & 24 Villages  RR WSS Retrofitting,Kantapeth Ryt.,938,1,0.00,0.00,0.00,0.00,0.00,0.00,0.01,0.00,0.02,0.00,0.00,0.00,0.03,16-Apr,17-Apr,18-Apr,19-Apr,20-Apr,21-Apr,15-Apr,16-Apr,17-Apr,18-Apr,19-Apr,20-Apr,21-Apr,7,4,0
Nagpur,Nagpur,Chandrapur,Mul,Mul,7890965,Mul Grid & 24 Villages  RR WSS Retrofitting,Haldi Gaonganna,1238,1,1.01,1.08,1.00,1.13,1.55,0.39,99.49,81.58,87.59,80.56,91.38,124.97,31.14,16-Apr,17-Apr,18-Apr,19-Apr,20-Apr,21-Apr,15-Apr,16-Apr,17-Apr,18-Apr,19-Apr,20-Apr,21-Apr,1,0,6
Nagpur,Nagpur,Chandrapur,Mul,Mul,7890965,Mul Grid & 24 Villages  RR WSS Retrofitting,Gangalwadi,862,1,0.00,0.00,0.00,0.39,0.01,0.02,0.00,0.00,0.10,0.00,44.81,1.43,2.47,16-Apr,17-Apr,18-Apr,19-Apr,20-Apr,21-Apr,15-Apr,16-Apr,17-Apr,18-Apr,19-Apr,20-Apr,21-Apr,7,3,0
Nagpur,Nagpur,Chandrapur,Mul,Mul,7890965,Mul Grid & 24 Villages  RR WSS Retrofitting,Manda Tukum,228,1,0.21,0.00,0.00,0.00,0.00,0.00,0.00,94.04,0.00,0.00,0.00,0.00,0.00,16-Apr,17-Apr,18-Apr,19-Apr,20-Apr,21-Apr,15-Apr,16-Apr,17-Apr,18-Apr,19-Apr,20-Apr,21-Apr,6,6,1
Nagpur,Nagpur,Chandrapur,Mul,Mul,7890965,Mul Grid & 24 Villages  RR WSS Retrofitting,Kosambi,873,1,0.08,0.42,0.07,0.17,0.27,0.49,41.33,9.49,48.32,8.51,18.97,31.45,56.09,16-Apr,17-Apr,18-Apr,19-Apr,20-Apr,21-Apr,15-Apr,16-Apr,17-Apr,18-Apr,19-Apr,20-Apr,21-Apr,6,0,1
Nagpur,Nagpur,Chandrapur,Mul,Mul,7890965,Mul Grid & 24 Villages  RR WSS Retrofitting,Karwan,470,1,0.00,0.00,0.00,0.00,0.00,0.00,0.00,0.00,0.00,0.00,0.00,0.00,0.00,16-Apr,17-Apr,18-Apr,19-Apr,20-Apr,21-Apr,15-Apr,16-Apr,17-Apr,18-Apr,19-Apr,20-Apr,21-Apr,7,7,0
Nagpur,Nagpur,Chandrapur,Mul,Mul,7890965,Mul Grid & 24 Villages  RR WSS Retrofitting,Morwahi Mal,593,1,2.38,0.92,2.09,1.17,2.14,2.24,419.90,401.35,155.84,352.45,197.45,360.88,377.74,16-Apr,17-Apr,18-Apr,19-Apr,20-Apr,21-Apr,15-Apr,16-Apr,17-Apr,18-Apr,19-Apr,20-Apr,21-Apr,0,0,7
Nagpur,Nagpur,Chandrapur,Mul,Mul,7890965,Mul Grid & 24 Villages  RR WSS Retrofitting,Marhegaon,824,1,0.87,0.87,0.87,0.87,0.87,0.87,106.10,106.10,106.10,106.10,106.10,106.10,106.10,16-Apr,17-Apr,18-Apr,19-Apr,20-Apr,21-Apr,15-Apr,16-Apr,17-Apr,18-Apr,19-Apr,20-Apr,21-Apr,0,0,7
Nagpur,Nagpur,Chandrapur,Mul,Mul,7890965,Mul Grid & 24 Villages  RR WSS Retrofitting,Tolewahi,542,1,0.00,0.26,0.03,0.23,0.19,0.20,0.00,0.00,48.45,5.61,42.24,35.94,37.18,16-Apr,17-Apr,18-Apr,19-Apr,20-Apr,21-Apr,15-Apr,16-Apr,17-Apr,18-Apr,19-Apr,20-Apr,21-Apr,7,2,0
Nagpur,Nagpur,Chandrapur,Mul,Mul,7890965,Mul Grid & 24 Villages  RR WSS Retrofitting,Tekadi,2164,1,1.13,0.60,1.18,1.07,0.91,1.11,51.92,52.05,27.88,54.57,49.37,41.83,51.36,16-Apr,17-Apr,18-Apr,19-Apr,20-Apr,21-Apr,15-Apr,16-Apr,17-Apr,18-Apr,19-Apr,20-Apr,21-Apr,7,0,0
Nagpur,Nagpur,Chandrapur,Mul,Mul,7890965,Mul Grid & 24 Villages  RR WSS Retrofitting,Tadala Tukum,1575,1,0.00,0.01,0.00,0.00,0.00,0.00,0.08,0.05,0.90,0.31,0.01,0.00,0.00,16-Apr,17-Apr,18-Apr,19-Apr,20-Apr,21-Apr,15-Apr,16-Apr,17-Apr,18-Apr,19-Apr,20-Apr,21-Apr,7,2,0
Nagpur,Nagpur,Gondia,Gondia,Goregaon,20019216,GOREGAON RR Retrofitting,Bhadanga,4016,1,1.55,0.80,1.39,0.66,0.86,1.68,32.17,38.48,19.92,34.66,16.48,21.48,41.81,16-Apr,17-Apr,18-Apr,19-Apr,20-Apr,21-Apr,15-Apr,16-Apr,17-Apr,18-Apr,19-Apr,20-Apr,21-Apr,7,0,0
Nagpur,Nagpur,Gondia,Gondia,Goregaon,20019216,GOREGAON RR Retrofitting,Katangi,2643,1,0.00,0.00,0.00,0.00,0.00,0.00,0.00,0.00,0.00,0.00,0.00,0.00,0.00,16-Apr,17-Apr,18-Apr,19-Apr,20-Apr,21-Apr,15-Apr,16-Apr,17-Apr,18-Apr,19-Apr,20-Apr,21-Apr,7,7,0
Nagpur,Nagpur,Gondia,Gondia,Goregaon,20019216,GOREGAON RR Retrofitting,Goregaon,8766,3,96.87,61.15,95.55,29.39,88.41,83.32,1108.99,1105.08,697.58,1090.01,335.28,1008.56,950.46,16-Apr,17-Apr,18-Apr,19-Apr,20-Apr,21-Apr,15-Apr,16-Apr,17-Apr,18-Apr,19-Apr,20-Apr,21-Apr,0,0,7
Nagpur,Nagpur,Gondia,Gondia,Goregaon,20019216,GOREGAON RR Retrofitting,Ghoti,3931,1,1.02,0.64,1.06,0.53,0.74,0.92,44.95,25.82,16.36,27.01,13.36,18.72,23.42,16-Apr,17-Apr,18-Apr,19-Apr,20-Apr,21-Apr,15-Apr,16-Apr,17-Apr,18-Apr,19-Apr,20-Apr,21-Apr,7,0,0
Nagpur,Nagpur,Gondia,Gondia,Goregaon,20019216,GOREGAON RR Retrofitting,Mengatola,1000,1,24.28,476.59,658.80,440.23,0.10,0.00,12678.00,2428.48,47659.31,65879.56,44022.69,10.00,0.00,16-Apr,17-Apr,18-Apr,19-Apr,20-Apr,21-Apr,15-Apr,16-Apr,17-Apr,18-Apr,19-Apr,20-Apr,21-Apr,2,1,5
Nagpur,Nagpur,Chandrapur,Mul,Mul,7890965,Mul Grid & 24 Villages  RR WSS Retrofitting,Bhawarala,1032,1,0.00,0.00,0.00,0.00,0.00,0.00,0.00,0.00,0.00,0.00,0.00,0.00,0.00,16-Apr,17-Apr,18-Apr,19-Apr,20-Apr,21-Apr,15-Apr,16-Apr,17-Apr,18-Apr,19-Apr,20-Apr,21-Apr,7,7,0
Nagpur,Nagpur,Chandrapur,Mul,Mul,7890965,Mul Grid & 24 Villages  RR WSS Retrofitting,Akapur,537,1,0.27,0.15,0.31,0.16,0.31,0.28,49.92,49.85,27.32,58.25,30.15,57.40,51.31,16-Apr,17-Apr,18-Apr,19-Apr,20-Apr,21-Apr,15-Apr,16-Apr,17-Apr,18-Apr,19-Apr,20-Apr,21-Apr,5,0,2
Nagpur,Nagpur,Chandrapur,Mul,Mul,7890965,Mul Grid & 24 Villages  RR WSS Retrofitting,Agadi,425,1,0.07,0.05,0.32,0.95,0.92,0.42,57.20,15.32,11.42,75.32,222.57,217.41,98.78,16-Apr,17-Apr,18-Apr,19-Apr,20-Apr,21-Apr,15-Apr,16-Apr,17-Apr,18-Apr,19-Apr,20-Apr,21-Apr,2,0,5
Nagpur,Nagpur,Chandrapur,Mul,Mul,7890965,Mul Grid & 24 Villages  RR WSS Retrofitting,Chak Katwan,247,1,0.41,1.01,0.57,1.05,1.07,0.85,366.15,164.97,409.58,229.77,425.85,434.43,345.79,16-Apr,17-Apr,18-Apr,19-Apr,20-Apr,21-Apr,15-Apr,16-Apr,17-Apr,18-Apr,19-Apr,20-Apr,21-Apr,0,0,7
Nagpur,Nagpur,Chandrapur,Mul,Mul,7890965,Mul Grid & 24 Villages  RR WSS Retrofitting,Chak Chikhli No.1,253,1,0.00,0.00,0.00,0.00,0.00,0.00,0.11,0.12,0.00,0.00,0.00,0.00,0.00,16-Apr,17-Apr,18-Apr,19-Apr,20-Apr,21-Apr,15-Apr,16-Apr,17-Apr,18-Apr,19-Apr,20-Apr,21-Apr,7,5,0
Nagpur,Nagpur,Chandrapur,Mul,Mul,7890965,Mul Grid & 24 Villages  RR WSS Retrofitting,Chimadha,1589,1,0.00,0.00,0.00,0.00,0.00,0.00,0.00,0.00,0.00,0.00,0.00,0.00,0.00,16-Apr,17-Apr,18-Apr,19-Apr,20-Apr,21-Apr,15-Apr,16-Apr,17-Apr,18-Apr,19-Apr,20-Apr,21-Apr,7,7,0
Nagpur,Nagpur,Chandrapur,Mul,Mul,7890965,Mul Grid & 24 Villages  RR WSS Retrofitting,Chicholi,2400,1,0.16,0.51,0.21,0.45,0.44,0.46,14.64,6.58,21.38,8.64,18.69,18.41,19.36,16-Apr,17-Apr,18-Apr,19-Apr,20-Apr,21-Apr,15-Apr,16-Apr,17-Apr,18-Apr,19-Apr,20-Apr,21-Apr,7,0,0
Chhatrapati Sambhajinagar,Chhatrapati Sambhajinagar,Chhatrapati Sambhajinagar,Vaijapur,Vaijapur,20051233,373 Village Gangapur-Vaijapur Grid WSS,Chorwaghalgaon,3313,1,0.39,0.02,0.03,0.19,0.00,0.00,4.83,11.77,0.60,1.05,5.66,0.00,0.00,16-Apr,17-Apr,18-Apr,19-Apr,20-Apr,21-Apr,15-Apr,16-Apr,17-Apr,18-Apr,19-Apr,20-Apr,21-Apr,2,7,0
Chhatrapati Sambhajinagar,Chhatrapati Sambhajinagar,Chhatrapati Sambhajinagar,Vaijapur,Vaijapur,20051233,373 Village Gangapur-Vaijapur Grid WSS,Jategaon,2711,1,0.00,0.02,0.00,0.00,0.04,0.00,1.48,0.00,0.81,0.00,0.00,1.48,0.00,16-Apr,17-Apr,18-Apr,19-Apr,20-Apr,21-Apr,15-Apr,16-Apr,17-Apr,18-Apr,19-Apr,20-Apr,21-Apr,4,7,0
Chhatrapati Sambhajinagar,Latur,Latur,Shirur Anantpal,Shirur Anantpal,20030815,Sakol 7 villages WSS,Sakol,6216,2,0.00,0.18,0.00,2.15,0.00,3.52,29.28,0.00,2.96,0.00,34.59,0.00,56.63,16-Apr,17-Apr,18-Apr,19-Apr,20-Apr,21-Apr,15-Apr,16-Apr,17-Apr,18-Apr,19-Apr,20-Apr,21-Apr,3,6,1
Chhatrapati Sambhajinagar,Latur,Latur,Shirur Anantpal,Shirur Anantpal,20030815,Sakol 7 villages WSS,Kanegaon,256,1,0.00,0.00,0.00,0.00,0.00,0.00,0.00,0.00,0.00,0.00,0.00,0.00,0.00,16-Apr,17-Apr,18-Apr,19-Apr,20-Apr,21-Apr,15-Apr,16-Apr,17-Apr,18-Apr,19-Apr,20-Apr,21-Apr,7,7,0
Chhatrapati Sambhajinagar,Latur,Latur,Shirur Anantpal,Shirur Anantpal,20030815,Sakol 7 villages WSS,Tripal,1850,1,0.00,0.00,0.00,0.00,0.00,0.00,0.00,0.00,0.00,0.00,0.00,0.00,0.00,16-Apr,17-Apr,18-Apr,19-Apr,20-Apr,21-Apr,15-Apr,16-Apr,17-Apr,18-Apr,19-Apr,20-Apr,21-Apr,7,7,0
Chhatrapati Sambhajinagar,Nanded,Nanded,Himayatnagar,Himayatnagar,20013969,Hadgaon and Himayatnagar 132 Village Grid WSS,Pota Kh.,787,1,0.00,0.00,0.00,0.00,0.00,0.00,0.00,0.00,0.00,0.00,0.00,0.00,0.00,16-Apr,17-Apr,18-Apr,19-Apr,20-Apr,21-Apr,15-Apr,16-Apr,17-Apr,18-Apr,19-Apr,20-Apr,21-Apr,7,7,0
Chhatrapati Sambhajinagar,Chhatrapati Sambhajinagar,Chhatrapati Sambhajinagar,Vaijapur,Vaijapur,20051233,373 Village Gangapur-Vaijapur Grid WSS,Bhaggaon,2023,1,1.65,2.18,1.83,2.15,2.38,1.42,88.48,81.40,107.82,90.46,106.25,117.65,70.19,16-Apr,17-Apr,18-Apr,19-Apr,20-Apr,21-Apr,15-Apr,16-Apr,17-Apr,18-Apr,19-Apr,20-Apr,21-Apr,0,0,7
Chhatrapati Sambhajinagar,Nanded,Nanded,Kandhar,Kandhar,7338000,Osmamnagar Shirdhon Combined WSS,Dharashiv,100 Data Type,2,0.00,0.00,0.00,0.00,0.00,0.00,0.00,0.00,0.00,0.00,0.00,0.00,0.00,16-Apr,17-Apr,18-Apr,19-Apr,20-Apr,21-Apr,15-Apr,16-Apr,17-Apr,18-Apr,19-Apr,20-Apr,21-Apr,7,7,0
Chhatrapati Sambhajinagar,Chhatrapati Sambhajinagar,Chhatrapati Sambhajinagar,Vaijapur,Vaijapur,20051233,373 Village Gangapur-Vaijapur Grid WSS,Babhultel,1532,1,0.00,0.00,0.00,0.00,0.00,0.04,0.00,0.00,0.00,0.00,0.00,0.00,2.61,16-Apr,17-Apr,18-Apr,19-Apr,20-Apr,21-Apr,15-Apr,16-Apr,17-Apr,18-Apr,19-Apr,20-Apr,21-Apr,6,7,0
Chhatrapati Sambhajinagar,Latur,Latur,Chakur,Chakur,20030459,Rachnawadi 6 villages WSS,Rachnawadi,493,1,0.00,0.00,27682376.59,0.00,0.00,0.52,0.00,0.00,0.00,5615086529.41,0.00,0.00,105.48,16-Apr,17-Apr,18-Apr,19-Apr,20-Apr,21-Apr,15-Apr,16-Apr,17-Apr,18-Apr,19-Apr,20-Apr,21-Apr,5,5,2
Chhatrapati Sambhajinagar,Chhatrapati Sambhajinagar,Chhatrapati Sambhajinagar,Paithan,Paithan,20018162,Paithan Taluka 178 Village Grid WS,Dadegaon Jahagir,1400,1,8.88,28.60,50.19,3.72,0.00,0.00,226.43,634.29,2042.56,3585.00,265.68,0.00,0.00,16-Apr,17-Apr,18-Apr,19-Apr,20-Apr,21-Apr,15-Apr,16-Apr,17-Apr,18-Apr,19-Apr,20-Apr,21-Apr,2,2,5
Chhatrapati Sambhajinagar,Chhatrapati Sambhajinagar,Chhatrapati Sambhajinagar,Gangapur,Gangapur,20051233,373 Village Gangapur-Vaijapur Grid WSS,Raipur,2196,1,0.00,0.00,0.00,0.00,0.00,0.00,0.00,0.00,0.00,0.00,0.00,0.00,0.00,16-Apr,17-Apr,18-Apr,19-Apr,20-Apr,21-Apr,15-Apr,16-Apr,17-Apr,18-Apr,19-Apr,20-Apr,21-Apr,7,7,0
Chhatrapati Sambhajinagar,Nanded,Nanded,Hadgaon,Hadgaon,20013969,Hadgaon and Himayatnagar 132 Village Grid WSS,Hadsani,1944,1,11.88,8.49,12.65,11.06,11.31,10.97,700.10,611.11,436.70,650.72,568.93,581.79,564.50,16-Apr,17-Apr,18-Apr,19-Apr,20-Apr,21-Apr,15-Apr,16-Apr,17-Apr,18-Apr,19-Apr,20-Apr,21-Apr,0,0,7
Chhatrapati Sambhajinagar,Latur,Latur,Renapur,Renapur,20030820,Pangaon 10 villages WSS,Manusmarwadi,1629,1,0.64,1.77,1.07,0.15,0.00,0.07,66.30,39.29,108.66,65.68,9.27,0.00,4.30,16-Apr,17-Apr,18-Apr,19-Apr,20-Apr,21-Apr,15-Apr,16-Apr,17-Apr,18-Apr,19-Apr,20-Apr,21-Apr,4,1,3
Chhatrapati Sambhajinagar,Chhatrapati Sambhajinagar,Chhatrapati Sambhajinagar,Gangapur,Gangapur,20051233,373 Village Gangapur-Vaijapur Grid WSS,Ranjangaon (s),62282,1,0.00,0.00,0.00,0.00,0.00,0.00,6.90,0.00,0.00,0.00,0.00,0.00,0.00,16-Apr,17-Apr,18-Apr,19-Apr,20-Apr,21-Apr,15-Apr,16-Apr,17-Apr,18-Apr,19-Apr,20-Apr,21-Apr,7,6,0
Chhatrapati Sambhajinagar,Nanded,Nanded,Hadgaon,Hadgaon,20013969,Hadgaon and Himayatnagar 132 Village Grid WSS,Baradshewala,2360,1,0.00,0.00,0.00,0.00,0.00,0.00,0.00,0.00,0.00,0.00,0.00,0.00,0.00,16-Apr,17-Apr,18-Apr,19-Apr,20-Apr,21-Apr,15-Apr,16-Apr,17-Apr,18-Apr,19-Apr,20-Apr,21-Apr,7,7,0
Chhatrapati Sambhajinagar,Nanded,Nanded,Hadgaon,Hadgaon,20013969,Hadgaon and Himayatnagar 132 Village Grid WSS,Hardaf,2364,1,0.00,0.00,0.00,0.00,0.00,0.00,0.00,0.00,0.00,0.00,0.00,0.00,0.00,16-Apr,17-Apr,18-Apr,19-Apr,20-Apr,21-Apr,15-Apr,16-Apr,17-Apr,18-Apr,19-Apr,20-Apr,21-Apr,7,7,0
Chhatrapati Sambhajinagar,Nanded,Nanded,Hadgaon,Hadgaon,20013969,Hadgaon and Himayatnagar 132 Village Grid WSS,Krushnapur,664,1,0.00,0.00,0.00,0.00,0.00,0.00,0.00,0.00,0.00,0.00,0.00,0.00,0.00,16-Apr,17-Apr,18-Apr,19-Apr,20-Apr,21-Apr,15-Apr,16-Apr,17-Apr,18-Apr,19-Apr,20-Apr,21-Apr,7,7,0
Chhatrapati Sambhajinagar,Chhatrapati Sambhajinagar,Chhatrapati Sambhajinagar,Vaijapur,Vaijapur,20051233,373 Village Gangapur-Vaijapur Grid WSS,Kapus Wadgaon,2712,1,0.00,0.00,0.00,0.00,0.00,0.00,0.00,0.00,0.00,0.00,0.00,0.00,0.00,16-Apr,17-Apr,18-Apr,19-Apr,20-Apr,21-Apr,15-Apr,16-Apr,17-Apr,18-Apr,19-Apr,20-Apr,21-Apr,7,7,0
Chhatrapati Sambhajinagar,Chhatrapati sambhajinagar,Chhatrapati sambhajinagar,Vaijapur,Vaijapur,20051233,373 Village Gangapur-Vaijapur Grid WSS,Mali Ghogargaon,2591,1,0.00,0.28,0.23,0.24,0.22,0.06,10.81,0.00,10.73,8.88,9.11,8.49,2.32,16-Apr,17-Apr,18-Apr,19-Apr,20-Apr,21-Apr,15-Apr,16-Apr,17-Apr,18-Apr,19-Apr,20-Apr,21-Apr,7,1,0
Chhatrapati Sambhajinagar,Nanded,Nanded,Hadgaon,Hadgaon,20013969,Hadgaon and Himayatnagar 132 Village Grid WSS,Chinchgawhan,2440,1,0.00,98.63,0.00,30.50,0.00,0.00,0.00,0.00,4042.17,0.00,1250.02,0.00,0.00,16-Apr,17-Apr,18-Apr,19-Apr,20-Apr,21-Apr,15-Apr,16-Apr,17-Apr,18-Apr,19-Apr,20-Apr,21-Apr,5,5,2
Chhatrapati Sambhajinagar,Nanded,Nanded,Hadgaon,Hadgaon,20013969,Hadgaon and Himayatnagar 132 Village Grid WSS,Unchegaon,1958,1,0.63,0.17,0.73,3.64,1.32,5.27,15.83,32.02,8.65,37.26,185.98,67.21,269.12,16-Apr,17-Apr,18-Apr,19-Apr,20-Apr,21-Apr,15-Apr,16-Apr,17-Apr,18-Apr,19-Apr,20-Apr,21-Apr,4,0,3
Chhatrapati Sambhajinagar,Chhatrapati Sambhajinagar,Chhatrapati Sambhajinagar,Gangapur,Gangapur,20051233,373 Village Gangapur-Vaijapur Grid WSS,Warkhed,3343,1,0.02,1.07,0.04,0.22,0.73,0.42,20.64,0.60,31.88,1.20,6.54,21.84,12.56,16-Apr,17-Apr,18-Apr,19-Apr,20-Apr,21-Apr,15-Apr,16-Apr,17-Apr,18-Apr,19-Apr,20-Apr,21-Apr,7,0,0
Chhatrapati Sambhajinagar,Chhatrapati Sambhajinagar,Chhatrapati Sambhajinagar,Vaijapur,Vaijapur,20051233,373 Village Gangapur-Vaijapur Grid WSS,Hadas Pimpalgaon,1611,1,0.00,0.54,0.00,0.70,0.00,0.64,23.59,0.00,33.64,0.00,43.54,0.00,39.73,16-Apr,17-Apr,18-Apr,19-Apr,20-Apr,21-Apr,15-Apr,16-Apr,17-Apr,18-Apr,19-Apr,20-Apr,21-Apr,7,3,0
Chhatrapati Sambhajinagar,Chhatrapati Sambhajinagar,Chhatrapati Sambhajinagar,Vaijapur,Vaijapur,20051233,373 Village Gangapur-Vaijapur Grid WSS,Goygaon,1665,1,0.00,0.00,0.00,0.00,0.00,0.00,0.00,0.00,0.00,0.00,0.00,0.00,0.00,16-Apr,17-Apr,18-Apr,19-Apr,20-Apr,21-Apr,15-Apr,16-Apr,17-Apr,18-Apr,19-Apr,20-Apr,21-Apr,7,7,0
Chhatrapati Sambhajinagar,Chhatrapati Sambhajinagar,Chhatrapati Sambhajinagar,Vaijapur,Vaijapur,20051233,373 Village Gangapur-Vaijapur Grid WSS,Dawala,1483,1,0.00,0.18,0.32,0.16,0.33,0.33,22.25,0.00,12.07,21.58,10.89,22.25,22.25,16-Apr,17-Apr,18-Apr,19-Apr,20-Apr,21-Apr,15-Apr,16-Apr,17-Apr,18-Apr,19-Apr,20-Apr,21-Apr,7,1,0
Chhatrapati Sambhajinagar,Chhatrapati Sambhajinagar,Chhatrapati Sambhajinagar,Vaijapur,Vaijapur,20051233,373 Village Gangapur-Vaijapur Grid WSS,Lasurgaon,6676,1,0.00,0.00,0.00,0.00,0.00,0.00,0.00,0.00,0.00,0.00,0.00,0.00,0.00,16-Apr,17-Apr,18-Apr,19-Apr,20-Apr,21-Apr,15-Apr,16-Apr,17-Apr,18-Apr,19-Apr,20-Apr,21-Apr,7,7,0
Chhatrapati Sambhajinagar,Chhatrapati Sambhajinagar,Chhatrapati Sambhajinagar,Vaijapur,Vaijapur,20051233,373 Village Gangapur-Vaijapur Grid WSS,Khandala,1180,1,0.00,2.68,0.02,1.08,2.02,2.22,259.32,0.00,227.42,1.69,91.69,171.19,188.14,16-Apr,17-Apr,18-Apr,19-Apr,20-Apr,21-Apr,15-Apr,16-Apr,17-Apr,18-Apr,19-Apr,20-Apr,21-Apr,2,1,5
Chhatrapati Sambhajinagar,Chhatrapati Sambhajinagar,Chhatrapati Sambhajinagar,Vaijapur,Vaijapur,20051233,373 Village Gangapur-Vaijapur Grid WSS,Karanjgaon,1983,1,0.31,0.28,0.32,0.27,0.43,0.42,22.69,15.63,14.31,16.14,13.39,21.68,21.18,16-Apr,17-Apr,18-Apr,19-Apr,20-Apr,21-Apr,15-Apr,16-Apr,17-Apr,18-Apr,19-Apr,20-Apr,21-Apr,7,0,0
Chhatrapati Sambhajinagar,Chhatrapati Sambhajinagar,Chhatrapati Sambhajinagar,Vaijapur,Vaijapur,20051233,373 Village Gangapur-Vaijapur Grid WSS,Jarul,3679,1,1.21,0.56,0.86,0.89,1.36,1.01,38.60,32.89,15.28,23.38,24.11,36.97,27.45,16-Apr,17-Apr,18-Apr,19-Apr,20-Apr,21-Apr,15-Apr,16-Apr,17-Apr,18-Apr,19-Apr,20-Apr,21-Apr,7,0,0
Chhatrapati Sambhajinagar,Chhatrapati Sambhajinagar,Chhatrapati Sambhajinagar,Vaijapur,Vaijapur,20051233,373 Village Gangapur-Vaijapur Grid WSS,Jambargaon,2614,1,0.00,0.61,0.00,0.62,0.39,0.00,0.00,0.00,23.38,0.00,23.65,14.92,0.00,16-Apr,17-Apr,18-Apr,19-Apr,20-Apr,21-Apr,15-Apr,16-Apr,17-Apr,18-Apr,19-Apr,20-Apr,21-Apr,7,4,0
Chhatrapati Sambhajinagar,Nanded,Nanded,Himayatnagar,Himayatnagar,20013969,Hadgaon and Himayatnagar 132 Village Grid WSS,Virsani,2817,1,0.89,0.42,0.76,0.46,0.86,0.00,19.52,31.59,14.85,26.98,16.44,30.53,0.00,16-Apr,17-Apr,18-Apr,19-Apr,20-Apr,21-Apr,15-Apr,16-Apr,17-Apr,18-Apr,19-Apr,20-Apr,21-Apr,7,1,0
Chhatrapati Sambhajinagar,Nanded,Nanded,Himayatnagar,Himayatnagar,20013969,Hadgaon and Himayatnagar 132 Village Grid WSS,Tembhi,1927,1,0.00,0.00,0.00,0.00,0.00,0.00,0.00,0.00,0.00,0.00,0.00,0.00,0.00,16-Apr,17-Apr,18-Apr,19-Apr,20-Apr,21-Apr,15-Apr,16-Apr,17-Apr,18-Apr,19-Apr,20-Apr,21-Apr,7,7,0
Chhatrapati Sambhajinagar,Chhatrapati sambhajinagar,Chhatrapati sambhajinagar,Vaijapur,Vaijapur,20051233,373 Village Gangapur-Vaijapur Grid WSS,Raghunathpurwadi,1097,1,0.00,0.00,0.00,0.22,0.00,0.12,0.00,0.00,0.00,0.00,20.41,0.00,10.94,16-Apr,17-Apr,18-Apr,19-Apr,20-Apr,21-Apr,15-Apr,16-Apr,17-Apr,18-Apr,19-Apr,20-Apr,21-Apr,7,5,0
Chhatrapati Sambhajinagar,Chhatrapati Sambhajinagar,Chhatrapati Sambhajinagar,Vaijapur,Vaijapur,20051233,373 Village Gangapur-Vaijapur Grid WSS,Virgaon,2271,1,0.94,4.91,7.01,0.51,0.81,0.10,357.11,41.39,216.05,308.67,22.45,35.67,4.40,16-Apr,17-Apr,18-Apr,19-Apr,20-Apr,21-Apr,15-Apr,16-Apr,17-Apr,18-Apr,19-Apr,20-Apr,21-Apr,4,0,3
Chhatrapati Sambhajinagar,Nanded,Nanded,Himayatnagar,Himayatnagar,20013969,Hadgaon and Himayatnagar 132 Village Grid WSS,Ashti,4091,1,0.00,0.00,0.00,0.00,0.00,0.00,0.00,0.00,0.00,0.00,0.00,0.00,0.00,16-Apr,17-Apr,18-Apr,19-Apr,20-Apr,21-Apr,15-Apr,16-Apr,17-Apr,18-Apr,19-Apr,20-Apr,21-Apr,7,7,0
Chhatrapati Sambhajinagar,Nanded,Nanded,Himayatnagar,Himayatnagar,20013969,Hadgaon and Himayatnagar 132 Village Grid WSS,Walkyachiwadi,4427,1,0.14,0.23,0.42,0.33,0.18,0.40,3.16,3.16,5.21,9.49,7.38,4.07,9.04,16-Apr,17-Apr,18-Apr,19-Apr,20-Apr,21-Apr,15-Apr,16-Apr,17-Apr,18-Apr,19-Apr,20-Apr,21-Apr,7,0,0
Chhatrapati Sambhajinagar,Chhatrapati sambhajinagar,Chhatrapati sambhajinagar,Vaijapur,Vaijapur,20051233,373 Village Gangapur-Vaijapur Grid WSS,Hilalpur,1383,1,0.00,0.00,0.00,0.00,0.00,0.00,0.00,0.00,0.00,0.00,0.00,0.00,0.00,16-Apr,17-Apr,18-Apr,19-Apr,20-Apr,21-Apr,15-Apr,16-Apr,17-Apr,18-Apr,19-Apr,20-Apr,21-Apr,7,7,0
Chhatrapati Sambhajinagar,Chhatrapati Sambhajinagar,Chhatrapati Sambhajinagar,Paithan,Paithan,20018162,Paithan Taluka 178 Village Grid WS,Mharola,2169,1,0.01,0.00,0.00,0.00,0.00,0.00,0.92,0.46,0.00,0.00,0.00,0.00,0.00,16-Apr,17-Apr,18-Apr,19-Apr,20-Apr,21-Apr,15-Apr,16-Apr,17-Apr,18-Apr,19-Apr,20-Apr,21-Apr,7,5,0
Chhatrapati Sambhajinagar,Nanded,Nanded,Hadgaon,Hadgaon,20013969,Hadgaon and Himayatnagar 132 Village Grid WSS,Brahmanwadi,525,1,0.00,0.00,0.00,0.00,0.00,0.00,0.00,0.00,0.00,0.00,0.00,0.00,0.00,16-Apr,17-Apr,18-Apr,19-Apr,20-Apr,21-Apr,15-Apr,16-Apr,17-Apr,18-Apr,19-Apr,20-Apr,21-Apr,7,7,0
Chhatrapati Sambhajinagar,Chhatrapati Sambhajinagar,Chhatrapati Sambhajinagar,Sillod,Sillod,20017395,Shirsala & 4 Village,Sirsala,996,1,0.00,0.00,0.00,0.03,0.00,0.00,0.00,0.00,0.00,0.00,3.09,0.00,0.00,16-Apr,17-Apr,18-Apr,19-Apr,20-Apr,21-Apr,15-Apr,16-Apr,17-Apr,18-Apr,19-Apr,20-Apr,21-Apr,7,6,0
Chhatrapati Sambhajinagar,Latur,Latur,Renapur,Renapur,20030820,Pangaon 10 villages WSS,Murdav,1765,1,0.00,0.00,0.00,0.00,0.00,0.00,0.00,0.00,0.00,0.00,0.00,0.00,0.00,16-Apr,17-Apr,18-Apr,19-Apr,20-Apr,21-Apr,15-Apr,16-Apr,17-Apr,18-Apr,19-Apr,20-Apr,21-Apr,7,7,0
Chhatrapati Sambhajinagar,Chhatrapati sambhajinagar,Chhatrapati sambhajinagar,Vaijapur,Vaijapur,20051233,373 Village Gangapur-Vaijapur Grid WSS,Sudamwadi,750,1,0.00,0.00,0.00,0.00,0.00,0.00,0.00,0.00,0.00,0.00,0.00,0.00,0.00,16-Apr,17-Apr,18-Apr,19-Apr,20-Apr,21-Apr,15-Apr,16-Apr,17-Apr,18-Apr,19-Apr,20-Apr,21-Apr,7,7,0
Chhatrapati Sambhajinagar,Chhatrapati Sambhajinagar,Chhatrapati Sambhajinagar,Paithan,Paithan,20018162,Paithan Taluka 178 Village Grid WS,Dadegaon Bk.,1144,2,0.00,0.00,0.00,0.00,0.00,0.00,0.00,0.00,0.00,0.00,0.00,0.00,0.00,16-Apr,17-Apr,18-Apr,19-Apr,20-Apr,21-Apr,15-Apr,16-Apr,17-Apr,18-Apr,19-Apr,20-Apr,21-Apr,7,7,0
Chhatrapati Sambhajinagar,Chhatrapati Sambhajinagar,Chhatrapati Sambhajinagar,Paithan,Paithan,20018162,Paithan Taluka 178 Village Grid WS,Balanagar,5504,1,1.21,3.25,1.07,2.54,2.98,1.39,39.61,21.98,59.12,19.44,46.09,54.14,25.25,16-Apr,17-Apr,18-Apr,19-Apr,20-Apr,21-Apr,15-Apr,16-Apr,17-Apr,18-Apr,19-Apr,20-Apr,21-Apr,6,0,1
Chhatrapati Sambhajinagar,Chhatrapati Sambhajinagar,Chhatrapati Sambhajinagar,Gangapur,Gangapur,20051233,373 Village Gangapur-Vaijapur Grid WSS,Jogeshwari,13730,1,4.17,4.25,4.59,6.09,6.03,5.86,42.97,30.37,30.97,33.43,44.34,43.92,42.68,16-Apr,17-Apr,18-Apr,19-Apr,20-Apr,21-Apr,15-Apr,16-Apr,17-Apr,18-Apr,19-Apr,20-Apr,21-Apr,7,0,0
Chhatrapati Sambhajinagar,Chhatrapati Sambhajinagar,Chhatrapati Sambhajinagar,Gangapur,Gangapur,20051233,373 Village Gangapur-Vaijapur Grid WSS,Shivrai,2706,1,0.00,0.00,0.32,0.16,0.41,0.30,8.87,0.00,0.00,11.83,5.96,15.15,11.09,16-Apr,17-Apr,18-Apr,19-Apr,20-Apr,21-Apr,15-Apr,16-Apr,17-Apr,18-Apr,19-Apr,20-Apr,21-Apr,7,2,0
Chhatrapati Sambhajinagar,Chhatrapati Sambhajinagar,Chhatrapati Sambhajinagar,Gangapur,Gangapur,20051233,373 Village Gangapur-Vaijapur Grid WSS,Sawangi,5491,1,0.00,0.00,0.00,0.00,0.00,0.00,0.00,0.00,0.00,0.00,0.00,0.00,0.00,16-Apr,17-Apr,18-Apr,19-Apr,20-Apr,21-Apr,15-Apr,16-Apr,17-Apr,18-Apr,19-Apr,20-Apr,21-Apr,7,7,0
Chhatrapati Sambhajinagar,Nanded,Nanded,Naigaon,Naigaon,7942142,Manjram WSS (7942142),Wadi,25016,1,0.00,0.00,0.00,0.00,0.00,0.00,0.00,0.00,0.00,0.00,0.00,0.00,0.00,16-Apr,17-Apr,18-Apr,19-Apr,20-Apr,21-Apr,15-Apr,16-Apr,17-Apr,18-Apr,19-Apr,20-Apr,21-Apr,7,7,0
Chhatrapati Sambhajinagar,Nanded,Nanded,Hadgaon,Hadgaon,20013969,Hadgaon and Himayatnagar 132 Village Grid WSS,Sapti,2440,1,0.00,5.37,0.00,3.16,3.65,2.32,0.00,0.00,219.96,0.00,129.57,149.59,95.08,16-Apr,17-Apr,18-Apr,19-Apr,20-Apr,21-Apr,15-Apr,16-Apr,17-Apr,18-Apr,19-Apr,20-Apr,21-Apr,3,3,4
Chhatrapati Sambhajinagar,Chhatrapati Sambhajinagar,Chhatrapati Sambhajinagar,Vaijapur,Vaijapur,20051233,373 Village Gangapur-Vaijapur Grid WSS,Bhivgaon,2871,1,0.00,0.00,0.00,0.00,0.00,0.00,0.00,0.00,0.00,0.00,0.00,0.00,0.00,16-Apr,17-Apr,18-Apr,19-Apr,20-Apr,21-Apr,15-Apr,16-Apr,17-Apr,18-Apr,19-Apr,20-Apr,21-Apr,7,7,0
Chhatrapati Sambhajinagar,Nanded,Nanded,Hadgaon,Hadgaon,20013969,Hadgaon and Himayatnagar 132 Village Grid WSS,Koli,3873,1,0.00,0.00,0.00,0.00,0.00,0.00,0.00,0.00,0.00,0.00,0.00,0.00,0.00,16-Apr,17-Apr,18-Apr,19-Apr,20-Apr,21-Apr,15-Apr,16-Apr,17-Apr,18-Apr,19-Apr,20-Apr,21-Apr,7,7,0
Chhatrapati Sambhajinagar,Nanded,Nanded,Kandhar,Kandhar,7338000,Osmamnagar Shirdhon Combined WSS,Shiradhon,7804,3,0.00,0.00,0.00,0.00,0.00,0.00,0.00,0.00,0.00,0.00,0.00,0.00,0.00,16-Apr,17-Apr,18-Apr,19-Apr,20-Apr,21-Apr,15-Apr,16-Apr,17-Apr,18-Apr,19-Apr,20-Apr,21-Apr,7,7,0
Chhatrapati Sambhajinagar,Nanded,Nanded,Hadgaon,Hadgaon,20013969,Hadgaon and Himayatnagar 132 Village Grid WSS,Ekrala,1509,1,0.00,0.00,0.00,0.00,0.00,0.00,0.00,0.00,0.00,0.00,0.00,0.00,0.00,16-Apr,17-Apr,18-Apr,19-Apr,20-Apr,21-Apr,15-Apr,16-Apr,17-Apr,18-Apr,19-Apr,20-Apr,21-Apr,7,7,0
Chhatrapati Sambhajinagar,Chhatrapati Sambhajinagar,Chhatrapati Sambhajinagar,Paithan,Paithan,20018162,Paithan Taluka 178 Village Grid WS,Antarwadi Khandi,2331,1,0.00,0.00,0.00,0.00,0.00,0.00,0.00,0.00,0.00,0.00,0.00,0.00,0.00,16-Apr,17-Apr,18-Apr,19-Apr,20-Apr,21-Apr,15-Apr,16-Apr,17-Apr,18-Apr,19-Apr,20-Apr,21-Apr,7,7,0
Chhatrapati Sambhajinagar,Nanded,Nanded,Hadgaon,Hadgaon,20013969,Hadgaon and Himayatnagar 132 Village Grid WSS,Gorlegaon,2313,1,0.00,0.00,0.00,0.00,0.00,0.00,0.00,0.00,0.00,0.00,0.00,0.00,0.00,16-Apr,17-Apr,18-Apr,19-Apr,20-Apr,21-Apr,15-Apr,16-Apr,17-Apr,18-Apr,19-Apr,20-Apr,21-Apr,7,7,0
Chhatrapati Sambhajinagar,Chhatrapati Sambhajinagar,Chhatrapati Sambhajinagar,Vaijapur,Vaijapur,20051233,373 Village Gangapur-Vaijapur Grid WSS,Sakegaon,1780,1,0.00,0.00,0.01,0.00,0.00,0.06,0.00,0.00,0.00,0.56,0.00,0.00,3.37,16-Apr,17-Apr,18-Apr,19-Apr,20-Apr,21-Apr,15-Apr,16-Apr,17-Apr,18-Apr,19-Apr,20-Apr,21-Apr,7,5,0
Chhatrapati Sambhajinagar,Nanded,Nanded,Hadgaon,Hadgaon,20013969,Hadgaon and Himayatnagar 132 Village Grid WSS,Palsa,3436,1,0.00,0.41,0.07,0.22,0.27,0.49,15.42,0.00,12.02,2.04,6.51,7.86,14.26,16-Apr,17-Apr,18-Apr,19-Apr,20-Apr,21-Apr,15-Apr,16-Apr,17-Apr,18-Apr,19-Apr,20-Apr,21-Apr,7,1,0
Chhatrapati Sambhajinagar,Chhatrapati Sambhajinagar,Chhatrapati Sambhajinagar,Paithan,Paithan,20018162,Paithan Taluka 178 Village Grid WS,Dhorkin,3816,1,0.00,0.40,0.16,0.18,0.00,0.00,0.00,0.00,10.48,4.19,4.72,0.00,0.00,16-Apr,17-Apr,18-Apr,19-Apr,20-Apr,21-Apr,15-Apr,16-Apr,17-Apr,18-Apr,19-Apr,20-Apr,21-Apr,7,4,0
Chhatrapati Sambhajinagar,Latur,Latur,Renapur,Renapur,20030820,Pangaon 10 villages WSS,Pangaon,13738,3,0.00,0.34,0.21,0.76,0.82,2.34,0.00,0.00,2.46,1.53,5.52,5.97,17.03,16-Apr,17-Apr,18-Apr,19-Apr,20-Apr,21-Apr,15-Apr,16-Apr,17-Apr,18-Apr,19-Apr,20-Apr,21-Apr,7,2,0
Chhatrapati Sambhajinagar,Latur,Latur,Renapur,Renapur,20030820,Pangaon 10 villages WSS,Ghansargaon,2815,1,0.00,1.00,0.00,0.57,1.03,0.21,38.37,0.00,35.43,0.00,20.42,36.59,7.46,16-Apr,17-Apr,18-Apr,19-Apr,20-Apr,21-Apr,15-Apr,16-Apr,17-Apr,18-Apr,19-Apr,20-Apr,21-Apr,7,2,0
Chhatrapati Sambhajinagar,Chhatrapati Sambhajinagar,Chhatrapati Sambhajinagar,Paithan,Paithan,20018162,Paithan Taluka 178 Village Grid WS,Takli Paithan,0,1,0.60,0.33,0.81,0.33,0.74,0.75,0.00,0.00,0.00,0.00,0.00,0.00,0.00,16-Apr,17-Apr,18-Apr,19-Apr,20-Apr,21-Apr,15-Apr,16-Apr,17-Apr,18-Apr,19-Apr,20-Apr,21-Apr,7,7,0
Chhatrapati Sambhajinagar,Chhatrapati Sambhajinagar,Chhatrapati Sambhajinagar,Paithan,Paithan,20018162,Paithan Taluka 178 Village Grid WS,Geora Bashi,0,1,0.00,0.00,0.00,0.00,0.00,0.00,0.00,0.00,0.00,0.00,0.00,0.00,0.00,16-Apr,17-Apr,18-Apr,19-Apr,20-Apr,21-Apr,15-Apr,16-Apr,17-Apr,18-Apr,19-Apr,20-Apr,21-Apr,7,7,0
Chhatrapati Sambhajinagar,Chhatrapati Sambhajinagar,Chhatrapati Sambhajinagar,Paithan,Paithan,20018162,Paithan Taluka 178 Village Grid WS,Pangara,0,1,0.00,0.00,0.00,0.00,0.00,0.00,0.00,0.00,0.00,0.00,0.00,0.00,0.00,16-Apr,17-Apr,18-Apr,19-Apr,20-Apr,21-Apr,15-Apr,16-Apr,17-Apr,18-Apr,19-Apr,20-Apr,21-Apr,7,7,0
Chhatrapati Sambhajinagar,Chhatrapati Sambhajinagar,Chhatrapati Sambhajinagar,Paithan,Paithan,20018162,Paithan Taluka 178 Village Grid WS,Tupewadi,1240,1,0.00,0.00,0.00,0.00,0.00,0.00,0.00,0.00,0.00,0.00,0.00,0.00,0.00,16-Apr,17-Apr,18-Apr,19-Apr,20-Apr,21-Apr,15-Apr,16-Apr,17-Apr,18-Apr,19-Apr,20-Apr,21-Apr,7,7,0
Chhatrapati Sambhajinagar,Chhatrapati Sambhajinagar,Chhatrapati Sambhajinagar,Paithan,Paithan,20018162,Paithan Taluka 178 Village Grid WS,Geora BK.,0,1,0.00,0.00,0.00,0.00,0.00,0.00,0.00,0.00,0.00,0.00,0.00,0.00,0.00,16-Apr,17-Apr,18-Apr,19-Apr,20-Apr,21-Apr,15-Apr,16-Apr,17-Apr,18-Apr,19-Apr,20-Apr,21-Apr,7,7,0
Chhatrapati Sambhajinagar,Chhatrapati Sambhajinagar,Chhatrapati Sambhajinagar,Paithan,Paithan,20018162,Paithan Taluka 178 Village Grid WS,Lakhegaon,988,1,0.00,0.43,0.00,0.49,0.50,0.30,45.55,0.00,43.75,0.00,49.13,50.61,30.36,16-Apr,17-Apr,18-Apr,19-Apr,20-Apr,21-Apr,15-Apr,16-Apr,17-Apr,18-Apr,19-Apr,20-Apr,21-Apr,7,2,0
Chhatrapati Sambhajinagar,Chhatrapati Sambhajinagar,Chhatrapati Sambhajinagar,Paithan,Paithan,20018162,Paithan Taluka 178 Village Grid WS,Tanda Kh.,0,1,0.00,0.00,0.00,0.00,0.00,0.00,0.00,0.00,0.00,0.00,0.00,0.00,0.00,16-Apr,17-Apr,18-Apr,19-Apr,20-Apr,21-Apr,15-Apr,16-Apr,17-Apr,18-Apr,19-Apr,20-Apr,21-Apr,7,7,0
Chhatrapati Sambhajinagar,Chhatrapati Sambhajinagar,Chhatrapati Sambhajinagar,Paithan,Paithan,20018162,Paithan Taluka 178 Village Grid WS,Shekta,0,1,0.00,0.00,0.00,0.00,0.00,0.00,0.00,0.00,0.00,0.00,0.00,0.00,0.00,16-Apr,17-Apr,18-Apr,19-Apr,20-Apr,21-Apr,15-Apr,16-Apr,17-Apr,18-Apr,19-Apr,20-Apr,21-Apr,7,7,0
Chhatrapati Sambhajinagar,Chhatrapati Sambhajinagar,Chhatrapati Sambhajinagar,Paithan,Paithan,20018162,Paithan Taluka 178 Village Grid WS,Gidhada,564,1,0.40,0.19,0.00,0.55,0.27,0.00,42.55,70.92,33.69,0.00,97.26,47.87,0.00,16-Apr,17-Apr,18-Apr,19-Apr,20-Apr,21-Apr,15-Apr,16-Apr,17-Apr,18-Apr,19-Apr,20-Apr,21-Apr,5,2,2
Chhatrapati Sambhajinagar,Chhatrapati Sambhajinagar,Chhatrapati Sambhajinagar,Paithan,Paithan,20018162,Paithan Taluka 178 Village Grid WS,Dinnapur,900,1,0.36,0.80,0.40,0.63,0.93,0.71,80.00,40.00,88.89,44.44,70.27,103.33,78.89,16-Apr,17-Apr,18-Apr,19-Apr,20-Apr,21-Apr,15-Apr,16-Apr,17-Apr,18-Apr,19-Apr,20-Apr,21-Apr,2,0,5
Chhatrapati Sambhajinagar,Chhatrapati Sambhajinagar,Chhatrapati Sambhajinagar,Paithan,Paithan,20018162,Paithan Taluka 178 Village Grid WS,Dongaon,0,1,0.00,0.00,0.00,0.00,0.00,0.00,0.00,0.00,0.00,0.00,0.00,0.00,0.00,16-Apr,17-Apr,18-Apr,19-Apr,20-Apr,21-Apr,15-Apr,16-Apr,17-Apr,18-Apr,19-Apr,20-Apr,21-Apr,7,7,0
Chhatrapati Sambhajinagar,Chhatrapati Sambhajinagar,Chhatrapati Sambhajinagar,Paithan,Paithan,20018162,Paithan Taluka 178 Village Grid WS,Hiradpuri,1372,1,6.42,1.73,6.33,0.00,4.85,0.00,0.00,467.93,125.97,461.37,0.00,353.50,0.00,16-Apr,17-Apr,18-Apr,19-Apr,20-Apr,21-Apr,15-Apr,16-Apr,17-Apr,18-Apr,19-Apr,20-Apr,21-Apr,3,3,4
Chhatrapati Sambhajinagar,Chhatrapati Sambhajinagar,Chhatrapati Sambhajinagar,Paithan,Paithan,20018162,Paithan Taluka 178 Village Grid WS,Rajapur,1108,1,0.00,0.00,0.00,0.00,0.00,0.00,0.00,0.00,0.00,0.00,0.00,0.00,0.00,16-Apr,17-Apr,18-Apr,19-Apr,20-Apr,21-Apr,15-Apr,16-Apr,17-Apr,18-Apr,19-Apr,20-Apr,21-Apr,7,7,0
Chhatrapati Sambhajinagar,Chhatrapati Sambhajinagar,Chhatrapati Sambhajinagar,Paithan,Paithan,20018162,Paithan Taluka 178 Village Grid WS,Wawa,460,1,0.00,0.22,3.83,4.64,12.74,0.37,0.00,0.00,48.57,832.61,1009.58,2769.57,80.43,16-Apr,17-Apr,18-Apr,19-Apr,20-Apr,21-Apr,15-Apr,16-Apr,17-Apr,18-Apr,19-Apr,20-Apr,21-Apr,3,2,4
Chhatrapati Sambhajinagar,Chhatrapati Sambhajinagar,Chhatrapati Sambhajinagar,Paithan,Paithan,20018162,Paithan Taluka 178 Village Grid WS,Koli Bodkha,3700,1,0.00,0.00,0.00,0.00,0.00,0.00,0.00,0.00,0.00,0.00,0.00,0.00,0.00,16-Apr,17-Apr,18-Apr,19-Apr,20-Apr,21-Apr,15-Apr,16-Apr,17-Apr,18-Apr,19-Apr,20-Apr,21-Apr,7,7,0
Chhatrapati Sambhajinagar,Chhatrapati Sambhajinagar,Chhatrapati Sambhajinagar,Paithan,Paithan,20018162,Paithan Taluka 178 Village Grid WS,Tondoli,0,1,0.00,3.91,0.00,11.98,0.00,30.60,0.00,0.00,0.00,0.00,0.00,0.00,0.00,16-Apr,17-Apr,18-Apr,19-Apr,20-Apr,21-Apr,15-Apr,16-Apr,17-Apr,18-Apr,19-Apr,20-Apr,21-Apr,7,7,0
Chhatrapati Sambhajinagar,Chhatrapati Sambhajinagar,Chhatrapati Sambhajinagar,Paithan,Paithan,20018162,Paithan Taluka 178 Village Grid WS,Somapuri,0,1,0.00,0.00,0.00,0.00,0.00,0.00,0.00,0.00,0.00,0.00,0.00,0.00,0.00,16-Apr,17-Apr,18-Apr,19-Apr,20-Apr,21-Apr,15-Apr,16-Apr,17-Apr,18-Apr,19-Apr,20-Apr,21-Apr,7,7,0
Chhatrapati Sambhajinagar,Chhatrapati Sambhajinagar,Chhatrapati Sambhajinagar,Paithan,Paithan,20018162,Paithan Taluka 178 Village Grid WS,Daregaon,992,1,0.00,0.14,0.00,0.00,0.00,0.00,0.00,0.00,13.90,0.00,0.00,0.00,0.00,16-Apr,17-Apr,18-Apr,19-Apr,20-Apr,21-Apr,15-Apr,16-Apr,17-Apr,18-Apr,19-Apr,20-Apr,21-Apr,7,6,0
Chhatrapati Sambhajinagar,Chhatrapati Sambhajinagar,Chhatrapati Sambhajinagar,Paithan,Paithan,20018162,Paithan Taluka 178 Village Grid WS,Thergaon,1020,1,1.52,3.81,2.24,3.97,3.43,3.82,267.42,149.02,373.78,220.07,389.42,336.27,374.51,16-Apr,17-Apr,18-Apr,19-Apr,20-Apr,21-Apr,15-Apr,16-Apr,17-Apr,18-Apr,19-Apr,20-Apr,21-Apr,0,0,7
Chhatrapati Sambhajinagar,Chhatrapati Sambhajinagar,Chhatrapati Sambhajinagar,Paithan,Paithan,20018162,Paithan Taluka 178 Village Grid WS,kapuswadi,0,1,0.00,0.00,0.00,0.00,0.00,0.00,0.00,0.00,0.00,0.00,0.00,0.00,0.00,16-Apr,17-Apr,18-Apr,19-Apr,20-Apr,21-Apr,15-Apr,16-Apr,17-Apr,18-Apr,19-Apr,20-Apr,21-Apr,7,7,0
Chhatrapati Sambhajinagar,Chhatrapati Sambhajinagar,Chhatrapati Sambhajinagar,Paithan,Paithan,20018162,Paithan Taluka 178 Village Grid WS,Karkin,2680,1,0.79,0.43,0.77,0.44,0.78,0.83,28.73,29.48,16.17,28.73,16.32,29.10,30.97,16-Apr,17-Apr,18-Apr,19-Apr,20-Apr,21-Apr,15-Apr,16-Apr,17-Apr,18-Apr,19-Apr,20-Apr,21-Apr,7,0,0
Chhatrapati Sambhajinagar,Chhatrapati Sambhajinagar,Chhatrapati Sambhajinagar,Paithan,Paithan,20018162,Paithan Taluka 178 Village Grid WS,Khandewadi,0,1,0.00,0.00,0.00,0.00,0.00,0.00,0.00,0.00,0.00,0.00,0.00,0.00,0.00,16-Apr,17-Apr,18-Apr,19-Apr,20-Apr,21-Apr,15-Apr,16-Apr,17-Apr,18-Apr,19-Apr,20-Apr,21-Apr,7,7,0
Chhatrapati Sambhajinagar,Chhatrapati Sambhajinagar,Chhatrapati Sambhajinagar,Paithan,Paithan,20018162,Paithan Taluka 178 Village Grid WS,Kutub Kheda,792,1,0.00,0.00,0.00,0.00,0.00,0.00,0.00,0.00,0.00,0.00,0.00,0.00,0.00,16-Apr,17-Apr,18-Apr,19-Apr,20-Apr,21-Apr,15-Apr,16-Apr,17-Apr,18-Apr,19-Apr,20-Apr,21-Apr,7,7,0
Chhatrapati Sambhajinagar,Chhatrapati Sambhajinagar,Chhatrapati Sambhajinagar,Paithan,Paithan,20018162,Paithan Taluka 178 Village Grid WS,Warwandi Kh.,800,1,0.26,1.76,1.41,0.28,1.69,0.00,782.50,32.50,220.37,176.25,35.00,211.25,0.00,16-Apr,17-Apr,18-Apr,19-Apr,20-Apr,21-Apr,15-Apr,16-Apr,17-Apr,18-Apr,19-Apr,20-Apr,21-Apr,3,1,4
Chhatrapati Sambhajinagar,Chhatrapati Sambhajinagar,Chhatrapati Sambhajinagar,Paithan,Paithan,20018162,Paithan Taluka 178 Village Grid WS,Shivani,440,1,0.00,0.00,1.49,0.11,0.00,0.00,0.00,0.00,0.00,338.64,24.85,0.00,0.00,16-Apr,17-Apr,18-Apr,19-Apr,20-Apr,21-Apr,15-Apr,16-Apr,17-Apr,18-Apr,19-Apr,20-Apr,21-Apr,6,5,1
Chhatrapati Sambhajinagar,Chhatrapati Sambhajinagar,Chhatrapati Sambhajinagar,Paithan,Paithan,20018162,Paithan Taluka 178 Village Grid WS,Narayangaon,1272,1,0.88,0.80,1.22,0.96,1.15,1.12,90.41,69.18,63.17,95.91,75.42,90.41,88.05,16-Apr,17-Apr,18-Apr,19-Apr,20-Apr,21-Apr,15-Apr,16-Apr,17-Apr,18-Apr,19-Apr,20-Apr,21-Apr,0,0,7
Chhatrapati Sambhajinagar,Chhatrapati Sambhajinagar,Chhatrapati Sambhajinagar,Paithan,Paithan,20018162,Paithan Taluka 178 Village Grid WS,Paithan Kheda,1788,1,0.00,0.11,0.00,0.00,0.00,0.00,0.00,0.00,6.20,0.00,0.00,0.00,0.00,16-Apr,17-Apr,18-Apr,19-Apr,20-Apr,21-Apr,15-Apr,16-Apr,17-Apr,18-Apr,19-Apr,20-Apr,21-Apr,7,6,0
Chhatrapati Sambhajinagar,Chhatrapati Sambhajinagar,Chhatrapati Sambhajinagar,Paithan,Paithan,20018162,Paithan Taluka 178 Village Grid WS,Khadgaon,1936,1,0.00,0.10,0.00,0.02,0.00,0.00,0.00,0.00,5.17,0.00,0.81,0.00,0.00,16-Apr,17-Apr,18-Apr,19-Apr,20-Apr,21-Apr,15-Apr,16-Apr,17-Apr,18-Apr,19-Apr,20-Apr,21-Apr,7,5,0
Chhatrapati Sambhajinagar,Chhatrapati Sambhajinagar,Chhatrapati Sambhajinagar,Paithan,Paithan,20018162,Paithan Taluka 178 Village Grid WS,Harshi Bk.,0,1,0.00,0.23,0.36,0.33,0.36,0.44,0.00,0.00,0.00,0.00,0.00,0.00,0.00,16-Apr,17-Apr,18-Apr,19-Apr,20-Apr,21-Apr,15-Apr,16-Apr,17-Apr,18-Apr,19-Apr,20-Apr,21-Apr,7,7,0
Chhatrapati Sambhajinagar,Chhatrapati Sambhajinagar,Chhatrapati Sambhajinagar,Paithan,Paithan,20018162,Paithan Taluka 178 Village Grid WS,Honobachi wadi,783,1,0.00,0.00,2.95,15.71,18.00,17.32,0.00,0.00,0.00,376.76,2006.53,2298.66,2211.69,16-Apr,17-Apr,18-Apr,19-Apr,20-Apr,21-Apr,15-Apr,16-Apr,17-Apr,18-Apr,19-Apr,20-Apr,21-Apr,3,3,4
Chhatrapati Sambhajinagar,Chhatrapati Sambhajinagar,Chhatrapati Sambhajinagar,Paithan,Paithan,20018162,Paithan Taluka 178 Village Grid WS,Geora Kh.,0,1,0.38,0.00,0.00,0.03,0.45,0.00,0.00,0.00,0.00,0.00,0.00,0.00,0.00,16-Apr,17-Apr,18-Apr,19-Apr,20-Apr,21-Apr,15-Apr,16-Apr,17-Apr,18-Apr,19-Apr,20-Apr,21-Apr,7,7,0
Chhatrapati Sambhajinagar,Chhatrapati Sambhajinagar,Chhatrapati Sambhajinagar,Paithan,Paithan,20018162,Paithan Taluka 178 Village Grid WS,Mavasgavhan,588,1,0.00,0.83,1.50,8.28,0.55,0.58,90.14,0.00,141.30,255.10,1408.68,93.54,98.64,16-Apr,17-Apr,18-Apr,19-Apr,20-Apr,21-Apr,15-Apr,16-Apr,17-Apr,18-Apr,19-Apr,20-Apr,21-Apr,1,1,6
Chhatrapati Sambhajinagar,Chhatrapati Sambhajinagar,Chhatrapati Sambhajinagar,Paithan,Paithan,20018162,Paithan Taluka 178 Village Grid WS,Nandar,3360,1,0.00,0.00,15.83,55.98,43.50,63.56,2347.02,0.00,0.00,471.13,1666.02,1294.64,1891.67,16-Apr,17-Apr,18-Apr,19-Apr,20-Apr,21-Apr,15-Apr,16-Apr,17-Apr,18-Apr,19-Apr,20-Apr,21-Apr,2,2,5
Chhatrapati Sambhajinagar,Chhatrapati Sambhajinagar,Chhatrapati Sambhajinagar,Paithan,Paithan,20018162,Paithan Taluka 178 Village Grid WS,Vihamandwa,6440,1,0.00,1.97,0.00,0.78,4.64,2.23,53.73,0.00,30.57,0.00,12.13,72.05,34.63,16-Apr,17-Apr,18-Apr,19-Apr,20-Apr,21-Apr,15-Apr,16-Apr,17-Apr,18-Apr,19-Apr,20-Apr,21-Apr,6,2,1
Chhatrapati Sambhajinagar,Nanded,Nanded,Hadgaon,Hadgaon,20013969,Hadgaon and Himayatnagar 132 Village Grid WSS,Ghogri,1237,1,0.00,3.06,3.22,2.85,2.33,2.39,16.17,0.00,246.98,260.31,230.21,188.36,193.21,16-Apr,17-Apr,18-Apr,19-Apr,20-Apr,21-Apr,15-Apr,16-Apr,17-Apr,18-Apr,19-Apr,20-Apr,21-Apr,2,1,5
Chhatrapati Sambhajinagar,Chhatrapati Sambhajinagar,Chhatrapati Sambhajinagar,Vaijapur,Vaijapur,20051233,373 Village Gangapur-Vaijapur Grid WSS,Belgaon,2403,1,0.00,0.00,0.00,0.00,0.00,0.00,0.00,0.00,0.00,0.00,0.00,0.00,0.00,16-Apr,17-Apr,18-Apr,19-Apr,20-Apr,21-Apr,15-Apr,16-Apr,17-Apr,18-Apr,19-Apr,20-Apr,21-Apr,7,7,0
Chhatrapati Sambhajinagar,Chhatrapati Sambhajinagar,Chhatrapati Sambhajinagar,Vaijapur,Vaijapur,20051233,373 Village Gangapur-Vaijapur Grid WSS,Aghur,3999,1,1.24,1.21,0.93,1.77,1.19,1.39,39.01,31.01,30.24,23.26,44.27,29.76,34.76,16-Apr,17-Apr,18-Apr,19-Apr,20-Apr,21-Apr,15-Apr,16-Apr,17-Apr,18-Apr,19-Apr,20-Apr,21-Apr,7,0,0
Chhatrapati Sambhajinagar,Chhatrapati Sambhajinagar,Chhatrapati Sambhajinagar,Vaijapur,Vaijapur,20051233,373 Village Gangapur-Vaijapur Grid WSS,Agar Saigaon,1601,1,0.00,12.69,6.41,10.03,47.80,49.04,0.00,0.00,792.75,400.37,626.67,2985.63,3063.09,16-Apr,17-Apr,18-Apr,19-Apr,20-Apr,21-Apr,15-Apr,16-Apr,17-Apr,18-Apr,19-Apr,20-Apr,21-Apr,2,2,5
Chhatrapati Sambhajinagar,Chhatrapati Sambhajinagar,Chhatrapati Sambhajinagar,Vaijapur,Vaijapur,20051233,373 Village Gangapur-Vaijapur Grid WSS,Bhaigaon Ganga,1373,1,0.58,0.26,0.08,0.15,0.84,0.64,22.58,42.24,18.93,5.83,10.97,61.18,46.61,16-Apr,17-Apr,18-Apr,19-Apr,20-Apr,21-Apr,15-Apr,16-Apr,17-Apr,18-Apr,19-Apr,20-Apr,21-Apr,6,0,1
Chhatrapati Sambhajinagar,Nanded,Nanded,Himayatnagar,Himayatnagar,20013969,Hadgaon and Himayatnagar 132 Village Grid WSS,Pota (Bk),5377,1,0.00,0.00,0.00,0.00,0.00,0.00,0.00,0.00,0.00,0.00,0.00,0.00,0.00,16-Apr,17-Apr,18-Apr,19-Apr,20-Apr,21-Apr,15-Apr,16-Apr,17-Apr,18-Apr,19-Apr,20-Apr,21-Apr,7,7,0
Chhatrapati Sambhajinagar,Nanded,Parbhani,Senaon,Senaon,20023330,Kawtha Bk & 9 Vill RR WSS,Shinagikhamba,1296,1,2.30,1.31,2.31,3.03,1.87,2.48,317.90,177.47,101.01,178.24,233.80,144.29,191.36,16-Apr,17-Apr,18-Apr,19-Apr,20-Apr,21-Apr,15-Apr,16-Apr,17-Apr,18-Apr,19-Apr,20-Apr,21-Apr,0,0,7
Chhatrapati Sambhajinagar,Nanded,Nanded,Hadgaon,Hadgaon,20013969,Hadgaon and Himayatnagar 132 Village Grid WSS,Babhali,2273,1,0.68,1.41,0.63,18.04,0.52,1.86,21.12,29.92,62.19,27.72,793.81,22.88,81.83,16-Apr,17-Apr,18-Apr,19-Apr,20-Apr,21-Apr,15-Apr,16-Apr,17-Apr,18-Apr,19-Apr,20-Apr,21-Apr,4,0,3
Chhatrapati Sambhajinagar,Nanded,Nanded,Hadgaon,Hadgaon,20013969,Hadgaon and Himayatnagar 132 Village Grid WSS,Umri Ja.,2492,1,0.00,0.00,0.00,0.00,0.00,0.00,0.00,0.00,0.00,0.00,0.00,0.00,0.00,16-Apr,17-Apr,18-Apr,19-Apr,20-Apr,21-Apr,15-Apr,16-Apr,17-Apr,18-Apr,19-Apr,20-Apr,21-Apr,7,7,0
Chhatrapati Sambhajinagar,Chhatrapati Sambhajinagar,Chhatrapati Sambhajinagar,Vaijapur,Vaijapur,20051233,373 Village Gangapur-Vaijapur Grid WSS,Gadhe Pimpalgaon,3803,1,0.00,0.00,0.00,0.00,0.00,0.00,0.00,0.00,0.00,0.00,0.00,0.00,0.00,16-Apr,17-Apr,18-Apr,19-Apr,20-Apr,21-Apr,15-Apr,16-Apr,17-Apr,18-Apr,19-Apr,20-Apr,21-Apr,7,7,0
Chhatrapati Sambhajinagar,Chhatrapati sambhajinagar,Chhatrapati sambhajinagar,Vaijapur,Vaijapur,20051233,373 Village Gangapur-Vaijapur Grid WSS,Babhulgaon Kh,1976,1,0.00,0.00,0.00,0.00,0.00,0.00,0.00,0.00,0.00,0.00,0.00,0.00,0.00,16-Apr,17-Apr,18-Apr,19-Apr,20-Apr,21-Apr,15-Apr,16-Apr,17-Apr,18-Apr,19-Apr,20-Apr,21-Apr,7,7,0
Chhatrapati Sambhajinagar,Chhatrapati Sambhajinagar,Chhatrapati Sambhajinagar,Vaijapur,Vaijapur,20051233,373 Village Gangapur-Vaijapur Grid WSS,Pokhari,2866,1,0.00,0.18,0.00,0.31,0.00,1.56,325.89,0.00,6.28,0.00,10.82,0.00,54.43,16-Apr,17-Apr,18-Apr,19-Apr,20-Apr,21-Apr,15-Apr,16-Apr,17-Apr,18-Apr,19-Apr,20-Apr,21-Apr,6,3,1
Chhatrapati Sambhajinagar,Chhatrapati Sambhajinagar,Chhatrapati Sambhajinagar,Vaijapur,Vaijapur,20051233,373 Village Gangapur-Vaijapur Grid WSS,Mahalgaon,5303,1,0.00,0.02,0.00,0.00,0.01,0.00,0.00,0.00,0.39,0.00,0.00,0.19,0.00,16-Apr,17-Apr,18-Apr,19-Apr,20-Apr,21-Apr,15-Apr,16-Apr,17-Apr,18-Apr,19-Apr,20-Apr,21-Apr,7,5,0
Chhatrapati Sambhajinagar,Nanded,Nanded,Hadgaon,Hadgaon,20013969,Hadgaon and Himayatnagar 132 Village Grid WSS,Talegaon,2044,1,0.00,0.00,0.00,0.00,0.00,0.00,0.00,0.00,0.00,0.00,0.00,0.00,0.00,16-Apr,17-Apr,18-Apr,19-Apr,20-Apr,21-Apr,15-Apr,16-Apr,17-Apr,18-Apr,19-Apr,20-Apr,21-Apr,7,7,0
Chhatrapati Sambhajinagar,Chhatrapati Sambhajinagar,Chhatrapati Sambhajinagar,Sillod,Sillod,20017395,Shirsala & 4 Village,Sirsala Tanda,1032,1,0.33,0.94,0.51,0.42,0.00,0.00,20.35,31.98,91.43,49.42,40.87,0.00,0.00,16-Apr,17-Apr,18-Apr,19-Apr,20-Apr,21-Apr,15-Apr,16-Apr,17-Apr,18-Apr,19-Apr,20-Apr,21-Apr,6,2,1
Chhatrapati Sambhajinagar,Chhatrapati Sambhajinagar,Chhatrapati Sambhajinagar,Sillod,Sillod,20017395,Shirsala & 4 Village,Nanegaon,2284,2,0.00,8.71,0.00,0.97,0.42,15.65,185.64,0.00,381.34,0.00,42.63,18.30,685.20,16-Apr,17-Apr,18-Apr,19-Apr,20-Apr,21-Apr,15-Apr,16-Apr,17-Apr,18-Apr,19-Apr,20-Apr,21-Apr,4,2,3
Chhatrapati Sambhajinagar,Latur,Latur,Chakur,Chakur,20030459,Rachnawadi 6 villages WSS,Her Village,1643,1,2.04,0.00,0.97,1.54,2.11,0.14,100.43,124.16,0.00,59.04,93.53,128.42,8.52,16-Apr,17-Apr,18-Apr,19-Apr,20-Apr,21-Apr,15-Apr,16-Apr,17-Apr,18-Apr,19-Apr,20-Apr,21-Apr,2,1,5
Chhatrapati Sambhajinagar,Chhatrapati Sambhajinagar,Chhatrapati Sambhajinagar,Gangapur,Gangapur,20051233,373 Village Gangapur-Vaijapur Grid WSS,Shivrai,2706,1,0.00,0.00,0.32,0.16,0.41,0.30,8.87,0.00,0.00,11.83,5.96,15.15,11.09,16-Apr,17-Apr,18-Apr,19-Apr,20-Apr,21-Apr,15-Apr,16-Apr,17-Apr,18-Apr,19-Apr,20-Apr,21-Apr,7,2,0
Chhatrapati Sambhajinagar,Nanded,Nanded,Hadgaon,Hadgaon,20013969,Hadgaon and Himayatnagar 132 Village Grid WSS,Sawargaon,4448,1,0.00,0.00,0.00,0.00,0.00,0.00,0.00,0.00,0.00,0.00,0.00,0.00,0.00,16-Apr,17-Apr,18-Apr,19-Apr,20-Apr,21-Apr,15-Apr,16-Apr,17-Apr,18-Apr,19-Apr,20-Apr,21-Apr,7,7,0
Chhatrapati Sambhajinagar,Chhatrapati Sambhajinagar,Chhatrapati Sambhajinagar,Sillod,Sillod,20017395,Shirsala & 4 Village,Pangri,1472,1,1.75,1.20,0.00,1.23,0.00,0.75,201.09,118.89,81.22,0.00,83.55,0.00,50.95,16-Apr,17-Apr,18-Apr,19-Apr,20-Apr,21-Apr,15-Apr,16-Apr,17-Apr,18-Apr,19-Apr,20-Apr,21-Apr,3,2,4
Chhatrapati Sambhajinagar,Nanded,Nanded,Hadgaon,Hadgaon,20013969,Hadgaon and Himayatnagar 132 Village Grid WSS,Kharbi,1461,1,0.76,0.42,0.64,0.01,0.89,0.28,0.00,52.02,28.78,43.81,0.68,60.92,19.16,16-Apr,17-Apr,18-Apr,19-Apr,20-Apr,21-Apr,15-Apr,16-Apr,17-Apr,18-Apr,19-Apr,20-Apr,21-Apr,6,1,1
Chhatrapati Sambhajinagar,Chhatrapati Sambhajinagar,Chhatrapati Sambhajinagar,Gangapur,Gangapur,20051233,373 Village Gangapur-Vaijapur Grid WSS,Babhulgaon Padalsa,1001,1,0.00,1.08,0.00,0.00,0.85,0.67,0.00,0.00,107.89,0.00,0.00,84.92,66.93,16-Apr,17-Apr,18-Apr,19-Apr,20-Apr,21-Apr,15-Apr,16-Apr,17-Apr,18-Apr,19-Apr,20-Apr,21-Apr,4,4,3
Chhatrapati Sambhajinagar,Nanded,Nanded,Himayatnagar,Himayatnagar,20013969,Hadgaon and Himayatnagar 132 Village Grid WSS,Palaspur,2211,1,0.00,2.20,0.00,0.00,4.12,0.00,0.00,0.00,99.36,0.00,0.00,186.34,0.00,16-Apr,17-Apr,18-Apr,19-Apr,20-Apr,21-Apr,15-Apr,16-Apr,17-Apr,18-Apr,19-Apr,20-Apr,21-Apr,5,5,2
Chhatrapati Sambhajinagar,Nanded,Nanded,Himayatnagar,Himayatnagar,20013969,Hadgaon and Himayatnagar 132 Village Grid WSS,Dudhad,1232,1,3.56,0.00,0.00,0.00,0.00,3.50,331.98,288.96,0.00,0.00,0.00,0.00,284.09,16-Apr,17-Apr,18-Apr,19-Apr,20-Apr,21-Apr,15-Apr,16-Apr,17-Apr,18-Apr,19-Apr,20-Apr,21-Apr,4,4,3
Chhatrapati Sambhajinagar,Chhatrapati sambhajinagar,Chhatrapati sambhajinagar,Vaijapur,Vaijapur,20051233,373 Village Gangapur-Vaijapur Grid WSS,Babhulgaon Bk.,2964,1,0.00,0.51,0.00,0.00,0.00,0.00,10.12,0.00,17.04,0.00,0.00,0.00,0.00,16-Apr,17-Apr,18-Apr,19-Apr,20-Apr,21-Apr,15-Apr,16-Apr,17-Apr,18-Apr,19-Apr,20-Apr,21-Apr,7,5,0
Chhatrapati Sambhajinagar,Nanded,Nanded,Hadgaon,Hadgaon,20013969,Hadgaon and Himayatnagar 132 Village Grid WSS,Wadgaon BK.,1840,1,0.00,0.00,0.00,0.00,0.00,0.00,0.00,0.00,0.00,0.00,0.00,0.00,0.00,16-Apr,17-Apr,18-Apr,19-Apr,20-Apr,21-Apr,15-Apr,16-Apr,17-Apr,18-Apr,19-Apr,20-Apr,21-Apr,7,7,0
Chhatrapati Sambhajinagar,Chhatrapati Sambhajinagar,Chhatrapati Sambhajinagar,Paithan,Paithan,20018162,Paithan Taluka 178 Village Grid WS,Akthawada,1508,1,0.27,1.07,0.44,0.66,0.84,0.45,64.99,17.90,71.00,29.18,43.95,55.70,29.84,16-Apr,17-Apr,18-Apr,19-Apr,20-Apr,21-Apr,15-Apr,16-Apr,17-Apr,18-Apr,19-Apr,20-Apr,21-Apr,4,0,3
Chhatrapati Sambhajinagar,Nanded,Nanded,Hadgaon,Hadgaon,20013969,Hadgaon and Himayatnagar 132 Village Grid WSS,Kolgaon,752,1,0.00,0.00,0.00,0.00,0.00,0.00,0.00,0.00,0.00,0.00,0.00,0.00,0.00,16-Apr,17-Apr,18-Apr,19-Apr,20-Apr,21-Apr,15-Apr,16-Apr,17-Apr,18-Apr,19-Apr,20-Apr,21-Apr,7,7,0
Chhatrapati Sambhajinagar,Chhatrapati sambhajinagar,Chhatrapati sambhajinagar,Vaijapur,Vaijapur,20051233,373 Village Gangapur-Vaijapur Grid WSS,Mali Sagaj,2144,1,0.00,0.00,0.49,0.00,0.00,0.48,15.86,0.00,0.00,22.85,0.00,0.00,22.39,16-Apr,17-Apr,18-Apr,19-Apr,20-Apr,21-Apr,15-Apr,16-Apr,17-Apr,18-Apr,19-Apr,20-Apr,21-Apr,7,4,0
Chhatrapati Sambhajinagar,Nanded,Nanded,Hadgaon,Hadgaon,20013969,Hadgaon and Himayatnagar 132 Village Grid WSS,Pingli,460,1,0.89,0.49,0.92,0.70,0.86,0.84,206.52,193.48,105.51,200.00,151.11,186.96,182.61,16-Apr,17-Apr,18-Apr,19-Apr,20-Apr,21-Apr,15-Apr,16-Apr,17-Apr,18-Apr,19-Apr,20-Apr,21-Apr,0,0,7
Chhatrapati Sambhajinagar,Nanded,Nanded,Hadgaon,Hadgaon,20013969,Hadgaon and Himayatnagar 132 Village Grid WSS,Rui,3670,1,0.00,0.00,0.00,0.00,0.00,0.00,0.00,0.00,0.00,0.00,0.00,0.00,0.00,16-Apr,17-Apr,18-Apr,19-Apr,20-Apr,21-Apr,15-Apr,16-Apr,17-Apr,18-Apr,19-Apr,20-Apr,21-Apr,7,7,0
Chhatrapati Sambhajinagar,Nanded,Nanded,Hadgaon,Hadgaon,20013969,Hadgaon and Himayatnagar 132 Village Grid WSS,Shirad,4587,1,0.00,0.00,0.00,0.00,0.00,0.00,0.00,0.00,0.00,0.00,0.00,0.00,0.00,16-Apr,17-Apr,18-Apr,19-Apr,20-Apr,21-Apr,15-Apr,16-Apr,17-Apr,18-Apr,19-Apr,20-Apr,21-Apr,7,7,0
Chhatrapati Sambhajinagar,Nanded,Nanded,Hadgaon,Hadgaon,20013969,Hadgaon and Himayatnagar 132 Village Grid WSS,Mardga,3172,1,0.00,0.00,0.00,0.00,0.00,0.00,0.00,0.00,0.00,0.00,0.00,0.00,0.00,16-Apr,17-Apr,18-Apr,19-Apr,20-Apr,21-Apr,15-Apr,16-Apr,17-Apr,18-Apr,19-Apr,20-Apr,21-Apr,7,7,0
Chhatrapati Sambhajinagar,Nanded,Nanded,Hadgaon,Hadgaon,20013969,Hadgaon and Himayatnagar 132 Village Grid WSS,Shendan,526,1,0.00,0.00,0.00,0.00,0.00,0.00,0.00,0.00,0.00,0.00,0.00,0.00,0.00,16-Apr,17-Apr,18-Apr,19-Apr,20-Apr,21-Apr,15-Apr,16-Apr,17-Apr,18-Apr,19-Apr,20-Apr,21-Apr,7,7,0
Chhatrapati Sambhajinagar,Latur,Latur,Renapur,Renapur,20030820,Pangaon 10 villages WSS,Kharoli,8990,2,0.00,0.00,0.00,0.06,0.00,15.83,0.00,0.00,0.00,0.00,0.70,0.00,176.08,16-Apr,17-Apr,18-Apr,19-Apr,20-Apr,21-Apr,15-Apr,16-Apr,17-Apr,18-Apr,19-Apr,20-Apr,21-Apr,6,5,1
Chhatrapati Sambhajinagar,Nanded,Nanded,Kandhar,Kandhar,7338000,Osmamnagar Shirdhon Combined WSS,Bhutaychiwadi,905,1,0.00,0.00,0.00,0.00,0.00,0.00,0.00,0.00,0.00,0.00,0.00,0.00,0.00,16-Apr,17-Apr,18-Apr,19-Apr,20-Apr,21-Apr,15-Apr,16-Apr,17-Apr,18-Apr,19-Apr,20-Apr,21-Apr,7,7,0
Chhatrapati Sambhajinagar,Chhatrapati sambhajinagar,Chhatrapati sambhajinagar,Vaijapur,Vaijapur,20051233,373 Village Gangapur-Vaijapur Grid WSS,Sirasgaon,3493,1,0.34,0.15,0.27,0.42,0.28,0.54,11.17,9.73,4.24,7.73,12.02,8.02,15.46,16-Apr,17-Apr,18-Apr,19-Apr,20-Apr,21-Apr,15-Apr,16-Apr,17-Apr,18-Apr,19-Apr,20-Apr,21-Apr,7,0,0
Chhatrapati Sambhajinagar,Chhatrapati Sambhajinagar,Chhatrapati Sambhajinagar,Vaijapur,Vaijapur,20051233,373 Village Gangapur-Vaijapur Grid WSS,Parsoda,3588,2,0.00,0.09,0.00,0.00,0.10,0.00,0.00,0.00,2.51,0.00,0.00,2.79,0.00,16-Apr,17-Apr,18-Apr,19-Apr,20-Apr,21-Apr,15-Apr,16-Apr,17-Apr,18-Apr,19-Apr,20-Apr,21-Apr,7,5,0
Chhatrapati Sambhajinagar,Nanded,Nanded,Hadgaon,Hadgaon,20013969,Hadgaon and Himayatnagar 132 Village Grid WSS,Dhanora (Tamsa),1380,1,0.00,0.11,0.01,0.06,0.17,0.00,0.00,0.00,7.72,0.72,4.15,12.32,0.00,16-Apr,17-Apr,18-Apr,19-Apr,20-Apr,21-Apr,15-Apr,16-Apr,17-Apr,18-Apr,19-Apr,20-Apr,21-Apr,7,3,0
Chhatrapati Sambhajinagar,Nanded,Nanded,Hadgaon,Hadgaon,20013969,Hadgaon and Himayatnagar 132 Village Grid WSS,Kedarguda,1564,1,3.33,2.58,5.47,2.91,3.03,6.28,363.81,212.92,164.92,349.74,186.18,193.73,401.53,16-Apr,17-Apr,18-Apr,19-Apr,20-Apr,21-Apr,15-Apr,16-Apr,17-Apr,18-Apr,19-Apr,20-Apr,21-Apr,0,0,7
Chhatrapati Sambhajinagar,Nanded,Nanded,Hadgaon,Hadgaon,20013969,Hadgaon and Himayatnagar 132 Village Grid WSS,Mahatala,1569,1,0.29,0.31,0.50,0.64,0.66,0.24,35.42,18.48,19.72,31.97,40.51,42.07,15.30,16-Apr,17-Apr,18-Apr,19-Apr,20-Apr,21-Apr,15-Apr,16-Apr,17-Apr,18-Apr,19-Apr,20-Apr,21-Apr,7,0,0
Chhatrapati Sambhajinagar,Chhatrapati Sambhajinagar,Chhatrapati Sambhajinagar,Paithan,Paithan,20018162,Paithan Taluka 178 Village Grid WS,Kuranpimpri,720,1,1.21,1.24,0.00,1.61,0.39,0.00,122.22,168.06,172.10,0.00,224.24,54.17,0.00,16-Apr,17-Apr,18-Apr,19-Apr,20-Apr,21-Apr,15-Apr,16-Apr,17-Apr,18-Apr,19-Apr,20-Apr,21-Apr,3,2,4
Chhatrapati Sambhajinagar,Chhatrapati sambhajinagar,Chhatrapati sambhajinagar,Vaijapur,Vaijapur,20051233,373 Village Gangapur-Vaijapur Grid WSS,Garaj,1820,1,0.00,0.24,0.53,0.19,0.47,1.05,0.00,0.00,13.13,29.12,10.29,25.82,57.63,16-Apr,17-Apr,18-Apr,19-Apr,20-Apr,21-Apr,15-Apr,16-Apr,17-Apr,18-Apr,19-Apr,20-Apr,21-Apr,6,2,1
Chhatrapati Sambhajinagar,Chhatrapati Sambhajinagar,Chhatrapati Sambhajinagar,Paithan,Paithan,20018162,Paithan Taluka 178 Village Grid WS,Changatpuri,3387,1,0.00,0.00,0.00,0.00,0.00,0.00,0.00,0.00,0.00,0.00,0.00,0.00,0.00,16-Apr,17-Apr,18-Apr,19-Apr,20-Apr,21-Apr,15-Apr,16-Apr,17-Apr,18-Apr,19-Apr,20-Apr,21-Apr,7,7,0
Chhatrapati Sambhajinagar,Nanded,Nanded,Hadgaon,Hadgaon,20013969,Hadgaon and Himayatnagar 132 Village Grid WSS,Yelamb,2225,1,0.00,0.00,0.00,0.00,0.00,0.00,0.00,0.00,0.00,0.00,0.00,0.00,0.00,16-Apr,17-Apr,18-Apr,19-Apr,20-Apr,21-Apr,15-Apr,16-Apr,17-Apr,18-Apr,19-Apr,20-Apr,21-Apr,7,7,0
Chhatrapati Sambhajinagar,Nanded,Nanded,Hadgaon,Hadgaon,20013969,Hadgaon and Himayatnagar 132 Village Grid WSS,Gargavhan,264,1,22.41,6.66,4.89,20.68,29.28,13.81,2087.12,8488.64,2521.63,1852.27,7835.21,11092.68,5231.06,16-Apr,17-Apr,18-Apr,19-Apr,20-Apr,21-Apr,15-Apr,16-Apr,17-Apr,18-Apr,19-Apr,20-Apr,21-Apr,0,0,7
Chhatrapati Sambhajinagar,Chhatrapati Sambhajinagar,Chhatrapati Sambhajinagar,Gangapur,Gangapur,20051233,373 Village Gangapur-Vaijapur Grid WSS,Domegaon-Borgaon,1535,1,0.00,0.00,0.00,0.00,0.00,0.00,0.00,0.00,0.00,0.00,0.00,0.00,0.00,16-Apr,17-Apr,18-Apr,19-Apr,20-Apr,21-Apr,15-Apr,16-Apr,17-Apr,18-Apr,19-Apr,20-Apr,21-Apr,7,7,0
Chhatrapati Sambhajinagar,Nanded,Nanded,Hadgaon,Hadgaon,20013969,Hadgaon and Himayatnagar 132 Village Grid WSS,Newarwadi,1251,1,0.00,0.00,0.00,0.00,0.00,0.00,0.00,0.00,0.00,0.00,0.00,0.00,0.00,16-Apr,17-Apr,18-Apr,19-Apr,20-Apr,21-Apr,15-Apr,16-Apr,17-Apr,18-Apr,19-Apr,20-Apr,21-Apr,7,7,0
Chhatrapati Sambhajinagar,Nanded,Nanded,Hadgaon,Hadgaon,20013969,Hadgaon and Himayatnagar 132 Village Grid WSS,Pangri (Manatha),772,1,0.00,0.00,0.00,0.00,0.00,0.00,0.00,0.00,0.00,0.00,0.00,0.00,0.00,16-Apr,17-Apr,18-Apr,19-Apr,20-Apr,21-Apr,15-Apr,16-Apr,17-Apr,18-Apr,19-Apr,20-Apr,21-Apr,7,7,0
Chhatrapati Sambhajinagar,Chhatrapati Sambhajinagar,Chhatrapati Sambhajinagar,Vaijapur,Vaijapur,20051233,373 Village Gangapur-Vaijapur Grid WSS,Sanjarpurwadi,2971,1,0.00,0.16,0.40,0.00,0.41,0.00,0.34,0.00,5.51,13.46,0.00,13.80,0.00,16-Apr,17-Apr,18-Apr,19-Apr,20-Apr,21-Apr,15-Apr,16-Apr,17-Apr,18-Apr,19-Apr,20-Apr,21-Apr,7,3,0
Chhatrapati Sambhajinagar,Nanded,Nanded,Naigaon,Naigaon,7942142,Manjram WSS (7942142),Manjram,4704,1,0.00,0.00,0.00,0.00,0.00,0.00,0.00,0.00,0.00,0.00,0.00,0.00,0.00,16-Apr,17-Apr,18-Apr,19-Apr,20-Apr,21-Apr,15-Apr,16-Apr,17-Apr,18-Apr,19-Apr,20-Apr,21-Apr,7,7,0
Chhatrapati Sambhajinagar,Nanded,Nanded,Hadgaon,Hadgaon,20013969,Hadgaon and Himayatnagar 132 Village Grid WSS,Rawangaon (Manatha),1463,1,0.00,0.00,0.00,0.00,0.00,0.00,0.00,0.00,0.00,0.00,0.00,0.00,0.00,16-Apr,17-Apr,18-Apr,19-Apr,20-Apr,21-Apr,15-Apr,16-Apr,17-Apr,18-Apr,19-Apr,20-Apr,21-Apr,7,7,0
Chhatrapati Sambhajinagar,Nanded,Nanded,Hadgaon,Hadgaon,20013969,Hadgaon and Himayatnagar 132 Village Grid WSS,Umri (Daryabai),2262,1,2.31,0.00,4.05,0.00,1.40,0.00,0.00,102.12,0.00,179.05,0.00,61.88,0.00,16-Apr,17-Apr,18-Apr,19-Apr,20-Apr,21-Apr,15-Apr,16-Apr,17-Apr,18-Apr,19-Apr,20-Apr,21-Apr,4,4,3
Chhatrapati Sambhajinagar,Nanded,Nanded,Kandhar,Kandhar,7338000,Osmamnagar Shirdhon Combined WSS,Shirdhon Tanda,100,1,0.00,0.00,0.00,0.00,0.00,0.00,0.00,0.00,0.00,0.00,0.00,0.00,0.00,16-Apr,17-Apr,18-Apr,19-Apr,20-Apr,21-Apr,15-Apr,16-Apr,17-Apr,18-Apr,19-Apr,20-Apr,21-Apr,7,7,0
Pune, Sangli,Solapur,Solapur,Sangola,20027396,Alegaon shirbhavi 82 Village,Chopadi,3313,1,0.00,0.42,1.76,0.52,0.00,1.58,40.52,0.00,12.75,53.20,15.56,0.01,47.66,16-Apr,17-Apr,18-Apr,19-Apr,20-Apr,21-Apr,15-Apr,16-Apr,17-Apr,18-Apr,19-Apr,20-Apr,21-Apr,1,7,0
Pune,Sangli,Solapur,Solapur,Sangola,20027396,Alegaon shirbhavi 82 Village,Khilarwadi,2046,1,0.00,0.00,0.00,0.48,0.00,0.00,0.00,0.00,0.00,0.00,23.50,0.00,0.00,16-Apr,17-Apr,18-Apr,19-Apr,20-Apr,21-Apr,15-Apr,16-Apr,17-Apr,18-Apr,19-Apr,20-Apr,21-Apr,5,7,0
Pune, Sangli,Solapur,Solapur,Sangola,20027396,Alegaon shirbhavi 82 Village,Y Mangewad,2525,1,0.00,0.00,0.00,0.00,0.00,0.00,0.02,0.00,0.01,0.00,0.00,0.00,0.00,16-Apr,17-Apr,18-Apr,19-Apr,20-Apr,21-Apr,15-Apr,16-Apr,17-Apr,18-Apr,19-Apr,20-Apr,21-Apr,2,7,0
Pune,Pune,Pune 1,Baramati,Ambegaon,20017250,LONI BHAPKAR RRWSS,LoniBhapkar,5659,4,87.16,2566.14,59.00,0.00,6666.94,64.03,988.16,1540.24,45346.17,1042.60,0.00,117811.34,1131.45,16-Apr,17-Apr,18-Apr,19-Apr,20-Apr,21-Apr,15-Apr,16-Apr,17-Apr,18-Apr,19-Apr,20-Apr,21-Apr,1,1,6
Pune, Sangli,Solapur,Solapur,Sangola,20027396,Alegaon shirbhavi 82 Village,Burangewadi,4570,1,0.00,0.00,0.00,0.40,0.00,0.00,0.00,0.00,0.00,0.00,8.74,0.00,0.00,16-Apr,17-Apr,18-Apr,19-Apr,20-Apr,21-Apr,15-Apr,16-Apr,17-Apr,18-Apr,19-Apr,20-Apr,21-Apr,6,7,0
Pune,Pune,Satara,Phaltan,Phaltan,20027892,RR Girvi WSS,Bhadali Bk,787,1,0.00,0.00,0.00,0.00,0.00,0.00,0.00,0.00,0.00,0.00,0.00,0.00,0.00,16-Apr,17-Apr,18-Apr,19-Apr,20-Apr,21-Apr,15-Apr,16-Apr,17-Apr,18-Apr,19-Apr,20-Apr,21-Apr,7,7,0
Pune, Sangli,Solapur,Solapur,Sangola,20027396,Alegaon shirbhavi 82 Village,Gaudwadi,1508,1,1.06,0.93,0.00,0.00,0.00,0.00,184.02,70.44,61.61,0.00,0.00,0.00,0.00,16-Apr,17-Apr,18-Apr,19-Apr,20-Apr,21-Apr,15-Apr,16-Apr,17-Apr,18-Apr,19-Apr,20-Apr,21-Apr,4,4,3
Pune,Pune,"MJP Works Division No. 2 , Pune",Pune,Mulshi,20022133,Peth RR,Paragaon,4195,5,0.02,0.09,0.00,0.00,0.13,0.00,0.00,0.51,2.03,0.00,0.00,3.15,0.00,16-Apr,17-Apr,18-Apr,19-Apr,20-Apr,21-Apr,15-Apr,16-Apr,17-Apr,18-Apr,19-Apr,20-Apr,21-Apr,2,7,0
Pune,Sangli,Solapur,Solapur,Mangalvedhe,20033593,Andhalgaon and 3 villages,LAXMIDHAHIWADI,7253,2,0.95,1.22,0.83,0.00,0.00,0.00,8.71,13.04,16.80,11.51,0.00,0.00,0.00,16-Apr,17-Apr,18-Apr,19-Apr,20-Apr,21-Apr,15-Apr,16-Apr,17-Apr,18-Apr,19-Apr,20-Apr,21-Apr,3,7,0
Pune, Sangli,Solapur,Solapur,Sangola,20027396,Alegaon shirbhavi 82 Village,Javala,1703,2,2.75,2.58,3.15,3.11,2.96,3.09,182.38,161.60,151.34,184.87,182.65,173.79,181.34,16-Apr,17-Apr,18-Apr,19-Apr,20-Apr,21-Apr,15-Apr,16-Apr,17-Apr,18-Apr,19-Apr,20-Apr,21-Apr,0,0,7
Pune,Sangli,Solapur,Solapur,Mangalvedhe,20033593,Andhalgaon and 3 villages,CHOKAMELA,7934,1,0.00,0.00,0.00,0.00,0.00,0.00,0.00,0.00,0.00,0.00,0.00,0.00,0.00,16-Apr,17-Apr,18-Apr,19-Apr,20-Apr,21-Apr,15-Apr,16-Apr,17-Apr,18-Apr,19-Apr,20-Apr,21-Apr,7,7,0
Pune,Sangli,Solapur,Solapur,Sangola,20027396,Alegaon shirbhavi 82 Village,Gayghvan,1603,1,0.10,0.12,36.68,0.76,0.72,0.74,50.62,6.34,7.56,2288.26,47.32,45.20,46.35,16-Apr,17-Apr,18-Apr,19-Apr,20-Apr,21-Apr,15-Apr,16-Apr,17-Apr,18-Apr,19-Apr,20-Apr,21-Apr,6,0,1
Pune,Pune,Satara,Phaltan,Phaltan,20027892,RR Girvi WSS,Tirakwadi,1013,1,0.00,0.00,0.00,0.00,0.00,0.00,0.00,0.00,0.00,0.00,0.00,0.00,0.00,16-Apr,17-Apr,18-Apr,19-Apr,20-Apr,21-Apr,15-Apr,16-Apr,17-Apr,18-Apr,19-Apr,20-Apr,21-Apr,7,7,0
Pune,Pune,Satara,Phaltan,Phaltan,20027892,RR Girvi WSS,Sonwadi (Bk),1100,1,0.00,0.00,0.00,0.00,0.43,0.38,15.97,0.00,0.00,0.00,0.00,39.41,34.44,16-Apr,17-Apr,18-Apr,19-Apr,20-Apr,21-Apr,15-Apr,16-Apr,17-Apr,18-Apr,19-Apr,20-Apr,21-Apr,7,4,0
Pune,Pune,Satara,Phaltan,Phaltan,20027892,RR Girvi WSS,Bhadali Gouthan,1230,1,0.16,0.37,0.00,0.62,1.00,1.08,69.75,13.03,30.00,0.00,50.44,80.95,87.92,16-Apr,17-Apr,18-Apr,19-Apr,20-Apr,21-Apr,15-Apr,16-Apr,17-Apr,18-Apr,19-Apr,20-Apr,21-Apr,4,1,3
Pune, Sangli,Solapur,Solapur,Sangola,20027396,Alegaon shirbhavi 82 Village,Watambare,2228,1,1.55,1.62,1.76,1.43,1.61,2.07,94.82,69.42,72.62,78.80,64.17,72.48,92.73,16-Apr,17-Apr,18-Apr,19-Apr,20-Apr,21-Apr,15-Apr,16-Apr,17-Apr,18-Apr,19-Apr,20-Apr,21-Apr,0,0,7
Pune,Pune,Pune 1,Baramati,Ambegaon,20017250,LONI BHAPKAR RRWSS,Tukainagar,3819,2,0.00,0.23,0.00,0.23,0.00,0.23,6.65,0.00,6.01,0.00,6.03,0.00,5.99,16-Apr,17-Apr,18-Apr,19-Apr,20-Apr,21-Apr,15-Apr,16-Apr,17-Apr,18-Apr,19-Apr,20-Apr,21-Apr,7,1,0
Pune,Pune,"MJP Works Division No. 2 , Pune",Pune,Mulshi,20022133,Peth RR,Thugaon,778,5,0.45,0.00,0.40,0.45,0.00,0.19,27.34,57.32,0.00,51.23,57.52,0.01,24.28,16-Apr,17-Apr,18-Apr,19-Apr,20-Apr,21-Apr,15-Apr,16-Apr,17-Apr,18-Apr,19-Apr,20-Apr,21-Apr,5,0,2
Pune, Sangli,Solapur,Solapur,Sangola,20027396,Alegaon shirbhavi 82 Village,Karandewadi,1870,2,0.56,1.32,2.51,1.70,3.22,1.29,95.73,29.98,70.74,134.24,91.16,172.25,69.15,16-Apr,17-Apr,18-Apr,19-Apr,20-Apr,21-Apr,15-Apr,16-Apr,17-Apr,18-Apr,19-Apr,20-Apr,21-Apr,1,0,6
Pune,Sangli,Solapur,Solapur,Sangola,20027396,Alegaon shirbhavi 82 Village,Chincholi Gaon,4045,2,0.96,0.55,0.00,0.08,0.00,0.06,3.93,23.61,13.70,0.00,2.04,0.00,1.46,16-Apr,17-Apr,18-Apr,19-Apr,20-Apr,21-Apr,15-Apr,16-Apr,17-Apr,18-Apr,19-Apr,20-Apr,21-Apr,7,2,0
Pune,Sangli,Solapur,Solapur,Mohol,20029637,Penur Patkul,Penur,8755,2,0.00,0.00,0.00,0.00,0.00,0.00,0.00,0.00,0.00,0.00,0.00,0.00,0.00,16-Apr,17-Apr,18-Apr,19-Apr,20-Apr,21-Apr,15-Apr,16-Apr,17-Apr,18-Apr,19-Apr,20-Apr,21-Apr,7,3,0
Pune, Sangli,Solapur,Solapur,Sangola,20027396,Alegaon shirbhavi 82 Village,Chinke,6814,1,1.42,2.01,1.61,2.56,2.87,1.58,30.32,20.80,29.45,23.64,37.57,42.09,23.17,16-Apr,17-Apr,18-Apr,19-Apr,20-Apr,21-Apr,15-Apr,16-Apr,17-Apr,18-Apr,19-Apr,20-Apr,21-Apr,7,0,0
Pune,Pune,Pune 1,Baramati,Ambegaon,20017250,LONI BHAPKAR RRWSS,Jagtapwasti ESR,1446,1,0.00,0.00,0.09,16.16,0.77,0.05,13.35,0.00,0.00,6.07,1117.30,53.15,3.51,16-Apr,17-Apr,18-Apr,19-Apr,20-Apr,21-Apr,15-Apr,16-Apr,17-Apr,18-Apr,19-Apr,20-Apr,21-Apr,6,2,1
Pune,Pune,Pune 1,Baramati,Ambegaon,20017250,LONI BHAPKAR RRWSS,Sayambachiwadi,1969,2,0.00,0.30,0.00,0.00,0.00,0.61,0.00,0.00,15.22,0.00,0.00,0.00,30.83,16-Apr,17-Apr,18-Apr,19-Apr,20-Apr,21-Apr,15-Apr,16-Apr,17-Apr,18-Apr,19-Apr,20-Apr,21-Apr,7,5,0
Pune,Pune,Pune 1,Baramati,Ambegaon,20017250,LONI BHAPKAR RRWSS,Palsi,2612,4,0.19,17.94,12.38,13.85,0.50,28.75,650.94,7.39,686.84,473.80,530.27,19.12,1100.59,16-Apr,17-Apr,18-Apr,19-Apr,20-Apr,21-Apr,15-Apr,16-Apr,17-Apr,18-Apr,19-Apr,20-Apr,21-Apr,2,0,5
Pune,Pune,Pune 1,Baramati,Ambegaon,20017250,LONI BHAPKAR RRWSS,Bhilarwadi,1249,1,0.00,0.00,0.00,0.00,0.00,0.00,0.00,0.00,0.00,0.00,0.00,0.00,0.00,16-Apr,17-Apr,18-Apr,19-Apr,20-Apr,21-Apr,15-Apr,16-Apr,17-Apr,18-Apr,19-Apr,20-Apr,21-Apr,7,7,0
Pune,Pune,Pune 1,Baramati,Ambegaon,20017250,LONI BHAPKAR RRWSS,Masalwadi,1446,3,1.66,23.54,0.55,3.42,0.00,0.38,0.00,114.57,1627.70,37.87,236.39,0.03,25.96,16-Apr,17-Apr,18-Apr,19-Apr,20-Apr,21-Apr,15-Apr,16-Apr,17-Apr,18-Apr,19-Apr,20-Apr,21-Apr,4,1,3
Pune,Pune,Pune 1,Baramati,Ambegaon,20017250,LONI BHAPKAR RRWSS,Jalakewadi Mudhale,475,3,1.54,0.62,0.15,0.00,0.00,0.00,365.48,324.93,129.58,31.14,0.00,0.00,0.00,16-Apr,17-Apr,18-Apr,19-Apr,20-Apr,21-Apr,15-Apr,16-Apr,17-Apr,18-Apr,19-Apr,20-Apr,21-Apr,4,3,3
Pune,Sangli,Solapur,Solapur,Sangola,20027396,Alegaon shirbhavi 82 Village,Wadegaon,6374,1,3.58,4.76,0.00,0.00,0.00,0.00,86.19,56.09,74.68,0.00,0.00,0.00,0.00,16-Apr,17-Apr,18-Apr,19-Apr,20-Apr,21-Apr,15-Apr,16-Apr,17-Apr,18-Apr,19-Apr,20-Apr,21-Apr,4,4,3
Pune,Pune,Pune 2,Baramati,Ambegaon,20018548,HOL SASTEWADI,Hol,2509,1,0.00,0.33,0.00,0.24,8.94,9.00,8.21,0.00,13.29,0.00,9.64,356.46,358.52,16-Apr,17-Apr,18-Apr,19-Apr,20-Apr,21-Apr,15-Apr,16-Apr,17-Apr,18-Apr,19-Apr,20-Apr,21-Apr,5,2,2
Pune,Pune,"MJP Works Division No. 2 , Pune",Pune,Mulshi,20022133,Peth RR,Karegaon,1749,4,0.00,0.26,0.00,0.00,0.22,0.00,25.60,0.00,14.74,0.05,0.00,12.42,0.24,16-Apr,17-Apr,18-Apr,19-Apr,20-Apr,21-Apr,15-Apr,16-Apr,17-Apr,18-Apr,19-Apr,20-Apr,21-Apr,7,2,0
Pune,Pune,Pune 1,Baramati,Ambegaon,7942125,MURTI & 7 VILLAGES RRWSS,Moralwadi,1462,3,0.39,0.22,0.62,0.14,0.00,0.19,17.81,26.45,14.98,42.51,9.24,0.33,13.07,16-Apr,17-Apr,18-Apr,19-Apr,20-Apr,21-Apr,15-Apr,16-Apr,17-Apr,18-Apr,19-Apr,20-Apr,21-Apr,7,0,0
Pune,Pune,Pune 1,Baramati,Ambegaon,7942125,MURTI & 7 VILLAGES RRWSS,Modhave,2362,2,56.20,0.00,49.36,0.00,51.67,0.00,0.00,2379.44,0.00,2089.80,0.00,2187.68,0.00,16-Apr,17-Apr,18-Apr,19-Apr,20-Apr,21-Apr,15-Apr,16-Apr,17-Apr,18-Apr,19-Apr,20-Apr,21-Apr,4,4,3
Pune,Pune,Pune 1,Baramati,Ambegaon,7942125,MURTI & 7 VILLAGES RRWSS,Magarwadi,1761,1,0.00,27.62,0.00,0.00,0.00,0.00,0.00,0.00,1568.67,0.00,0.00,0.00,0.00,16-Apr,17-Apr,18-Apr,19-Apr,20-Apr,21-Apr,15-Apr,16-Apr,17-Apr,18-Apr,19-Apr,20-Apr,21-Apr,6,6,1
Pune,Pune,Pune 1,Baramati,Ambegaon,7942125,MURTI & 7 VILLAGES RRWSS,Murti gaonthan,1065,2,0.85,1.73,2.74,1.21,61.49,0.90,10351.43,79.46,162.44,257.60,113.35,5774.04,84.15,16-Apr,17-Apr,18-Apr,19-Apr,20-Apr,21-Apr,15-Apr,16-Apr,17-Apr,18-Apr,19-Apr,20-Apr,21-Apr,0,0,7
Pune, Sangli,Solapur,Solapur,Sangola,20027396,Alegaon shirbhavi 82 Village,Godasewadi,2730,1,0.28,0.12,0.00,0.20,0.17,0.16,0.60,10.40,4.48,0.00,7.49,6.27,5.82,16-Apr,17-Apr,18-Apr,19-Apr,20-Apr,21-Apr,15-Apr,16-Apr,17-Apr,18-Apr,19-Apr,20-Apr,21-Apr,7,1,0
Pune,Sangli,Solapur,Solapur,Mohol,20029637,Penur Patkul,Patkul,7358,3,0.00,0.00,0.00,0.00,0.00,0.00,0.00,0.00,0.00,0.00,0.00,0.00,0.00,16-Apr,17-Apr,18-Apr,19-Apr,20-Apr,21-Apr,15-Apr,16-Apr,17-Apr,18-Apr,19-Apr,20-Apr,21-Apr,7,7,0
Pune,Pune,Pune 2,Pune 2,Velhe,20027541,Wangani RRWSS,Wanganichiwadi,1108,3,0.00,0.17,0.55,0.00,0.00,0.68,0.00,0.00,15.60,49.62,0.00,0.00,61.50,16-Apr,17-Apr,18-Apr,19-Apr,20-Apr,21-Apr,15-Apr,16-Apr,17-Apr,18-Apr,19-Apr,20-Apr,21-Apr,6,4,1
Pune, Sangli,Solapur,Solapur,Sangola,20027396,Alegaon shirbhavi 82 Village,Sonanad,1492,1,1.87,0.76,3.24,0.19,3.13,0.17,55.49,125.21,50.60,217.43,13.05,209.51,11.38,16-Apr,17-Apr,18-Apr,19-Apr,20-Apr,21-Apr,15-Apr,16-Apr,17-Apr,18-Apr,19-Apr,20-Apr,21-Apr,3,0,4
Pune, Sangli,Solapur,Solapur,Sangola,20027396,Alegaon shirbhavi 82 Village,Vazare,1954,1,0.00,0.46,0.59,0.00,28.32,0.00,0.00,0.00,23.45,30.33,0.00,1449.16,0.00,16-Apr,17-Apr,18-Apr,19-Apr,20-Apr,21-Apr,15-Apr,16-Apr,17-Apr,18-Apr,19-Apr,20-Apr,21-Apr,6,4,1
Pune, Sangli,Solapur,Solapur,Sangola,20027396,Alegaon shirbhavi 82 Village,Lonavire,3490,1,0.87,0.36,1.02,1.91,0.28,2.07,60.76,24.97,10.30,29.31,54.60,7.94,59.18,16-Apr,17-Apr,18-Apr,19-Apr,20-Apr,21-Apr,15-Apr,16-Apr,17-Apr,18-Apr,19-Apr,20-Apr,21-Apr,5,0,2
Pune,Sangli,Solapur,Solapur,Sangola,20027396,Alegaon shirbhavi 82 Village,shivane,4007,2,0.51,0.00,12.19,0.00,10.60,0.26,0.74,12.75,0.00,304.14,0.00,264.45,6.51,16-Apr,17-Apr,18-Apr,19-Apr,20-Apr,21-Apr,15-Apr,16-Apr,17-Apr,18-Apr,19-Apr,20-Apr,21-Apr,5,2,2
Pune, Sangli,Solapur,Solapur,Sangola,20027396,Alegaon shirbhavi 82 Village,Kidabisari,2657,1,0.00,0.00,0.00,0.00,0.00,0.00,0.00,0.00,0.00,0.00,0.00,0.00,0.00,16-Apr,17-Apr,18-Apr,19-Apr,20-Apr,21-Apr,15-Apr,16-Apr,17-Apr,18-Apr,19-Apr,20-Apr,21-Apr,7,7,0
Pune,Sangli,Solapur,Solapur,Sangola,20027396,Alegaon shirbhavi 82 Village,Dhayati,4586,2,0.00,0.00,0.00,0.00,0.00,0.00,0.00,0.00,0.00,0.00,0.00,0.00,0.00,16-Apr,17-Apr,18-Apr,19-Apr,20-Apr,21-Apr,15-Apr,16-Apr,17-Apr,18-Apr,19-Apr,20-Apr,21-Apr,7,7,0
Pune, Sangli,Solapur,Solapur,Sangola,20027396,Alegaon shirbhavi 82 Village,Kamlapur,1541,1,0.00,0.00,0.00,0.00,0.00,0.00,0.00,0.00,0.00,0.00,0.00,0.00,0.00,16-Apr,17-Apr,18-Apr,19-Apr,20-Apr,21-Apr,15-Apr,16-Apr,17-Apr,18-Apr,19-Apr,20-Apr,21-Apr,7,6,0
Pune,Pune,"MJP Works Division No. 2 , Pune",Pune,Mulshi,20022133,Peth RR,Peth,387,1,1.74,1.12,1.15,1.40,1.68,1.30,466.11,449.35,289.62,296.10,361.11,434.84,335.56,16-Apr,17-Apr,18-Apr,19-Apr,20-Apr,21-Apr,15-Apr,16-Apr,17-Apr,18-Apr,19-Apr,20-Apr,21-Apr,0,0,7
Pune, Sangli,Solapur,Solapur,Sangola,20027396,Alegaon shirbhavi 82 Village,Rajuri,5234,1,0.84,0.63,1.07,2.24,1.68,1.78,18.85,15.98,12.02,20.51,42.79,32.02,33.97,16-Apr,17-Apr,18-Apr,19-Apr,20-Apr,21-Apr,15-Apr,16-Apr,17-Apr,18-Apr,19-Apr,20-Apr,21-Apr,7,0,0
Pune, Sangli,Solapur,Solapur,Sangola,20027396,Alegaon shirbhavi 82 Village,Balwadi,2087,1,0.00,0.00,1.00,0.00,0.00,1.00,48.04,0.00,0.00,48.12,0.00,0.00,47.82,16-Apr,17-Apr,18-Apr,19-Apr,20-Apr,21-Apr,15-Apr,16-Apr,17-Apr,18-Apr,19-Apr,20-Apr,21-Apr,7,3,0
Pune, Sangli,Solapur,Solapur,Sangola,20027396,Alegaon shirbhavi 82 Village,Junoni,4895,1,0.00,0.00,0.00,0.00,0.00,0.00,0.00,0.00,0.00,0.00,0.00,0.00,0.00,16-Apr,17-Apr,18-Apr,19-Apr,20-Apr,21-Apr,15-Apr,16-Apr,17-Apr,18-Apr,19-Apr,20-Apr,21-Apr,7,7,0
Pune,Sangli,Solapur,Solapur,Sangola,20027396,Alegaon shirbhavi 82 Village,Bhamni,2572,1,0.00,0.86,0.47,0.62,0.61,0.56,33.07,0.00,33.51,18.34,23.95,23.72,21.59,16-Apr,17-Apr,18-Apr,19-Apr,20-Apr,21-Apr,15-Apr,16-Apr,17-Apr,18-Apr,19-Apr,20-Apr,21-Apr,7,0,0
Pune,Sangli,Solapur,Solapur,Sangola,20027396,Alegaon shirbhavi 82 Village,Alegaon,4802,1,21.84,0.00,28.69,0.31,23.27,1.61,0.00,454.84,0.00,597.44,6.42,484.63,33.49,16-Apr,17-Apr,18-Apr,19-Apr,20-Apr,21-Apr,15-Apr,16-Apr,17-Apr,18-Apr,19-Apr,20-Apr,21-Apr,4,2,3
Pune, Sangli,Solapur,Solapur,Sangola,20027396,Alegaon shirbhavi 82 Village,Hatid,1057,1,0.08,1.01,0.29,1.44,0.28,1.51,139.70,7.78,95.61,27.27,136.05,26.04,142.93,16-Apr,17-Apr,18-Apr,19-Apr,20-Apr,21-Apr,15-Apr,16-Apr,17-Apr,18-Apr,19-Apr,20-Apr,21-Apr,3,0,4
Pune,Sangli,Solapur,Solapur,Sangola,20027396,Alegaon shirbhavi 82 Village,waki,4742,2,0.02,24.22,0.02,0.05,24.76,0.03,0.85,0.51,510.65,0.35,0.96,522.07,0.67,16-Apr,17-Apr,18-Apr,19-Apr,20-Apr,21-Apr,15-Apr,16-Apr,17-Apr,18-Apr,19-Apr,20-Apr,21-Apr,5,0,2
Pune, Sangli,Solapur,Solapur,Sangola,20027396,Alegaon shirbhavi 82 Village,Nazare,1231,1,0.00,0.00,0.00,0.00,0.00,0.00,0.00,0.00,0.00,0.00,0.00,0.00,0.00,16-Apr,17-Apr,18-Apr,19-Apr,20-Apr,21-Apr,15-Apr,16-Apr,17-Apr,18-Apr,19-Apr,20-Apr,21-Apr,7,7,0
Pune,Sangli,Sangli,Islampur,Valva,7940233,Peth & two Villages,Golewadi,482,1,5.59,0.48,0.00,0.00,0.00,0.00,0.00,1158.91,99.54,0.00,0.00,0.00,0.00,16-Apr,17-Apr,18-Apr,19-Apr,20-Apr,21-Apr,15-Apr,16-Apr,17-Apr,18-Apr,19-Apr,20-Apr,21-Apr,5,5,2
Pune,Sangli,Solapur,Solapur,Mangalvedhe,20033593,Andhalgaon and 3 villages,ANDHALEGAON,6159,3,0.00,0.52,0.00,0.00,0.00,0.00,12.62,0.00,8.48,0.00,0.00,0.00,0.00,16-Apr,17-Apr,18-Apr,19-Apr,20-Apr,21-Apr,15-Apr,16-Apr,17-Apr,18-Apr,19-Apr,20-Apr,21-Apr,7,5,0
Pune,Sangli,Solapur,Solapur,Sangola,20027396,Alegaon shirbhavi 82 Village,shirbavi,4215,1,18.65,0.00,0.00,0.00,0.00,0.00,0.00,442.53,0.03,0.00,0.00,0.00,0.02,16-Apr,17-Apr,18-Apr,19-Apr,20-Apr,21-Apr,15-Apr,16-Apr,17-Apr,18-Apr,19-Apr,20-Apr,21-Apr,6,3,1
Pune,Pune,Pune 2,Baramati,Ambegaon,20018548,HOL SASTEWADI,Sastewadi,3462,7,0.00,4439.65,47.11,1.04,0.00,0.00,1838.14,0.00,128239.59,1360.71,29.92,0.01,0.00,16-Apr,17-Apr,18-Apr,19-Apr,20-Apr,21-Apr,15-Apr,16-Apr,17-Apr,18-Apr,19-Apr,20-Apr,21-Apr,4,2,3
Pune, Sangli,Solapur,Solapur,Sangola,20027396,Alegaon shirbhavi 82 Village,Ajanale,8051,1,0.97,1.05,0.98,1.06,0.99,1.09,14.75,12.08,13.04,12.15,13.20,12.27,13.59,16-Apr,17-Apr,18-Apr,19-Apr,20-Apr,21-Apr,15-Apr,16-Apr,17-Apr,18-Apr,19-Apr,20-Apr,21-Apr,7,0,0
Pune, Sangli,Solapur,Solapur,Sangola,20027396,Alegaon shirbhavi 82 Village,Udenwadi,1834,1,0.04,13.75,40.92,0.73,0.00,0.00,3.64,2.37,749.50,2231.43,39.73,0.00,0.00,16-Apr,17-Apr,18-Apr,19-Apr,20-Apr,21-Apr,15-Apr,16-Apr,17-Apr,18-Apr,19-Apr,20-Apr,21-Apr,5,2,2
Pune,Sangli,Sangli,Islampur,Valva,7940233,Peth & two Villages,Peth,11091,3,0.07,3.96,0.09,1.88,3.30,2.54,0.01,0.60,35.73,0.77,16.92,29.72,22.93,16-Apr,17-Apr,18-Apr,19-Apr,20-Apr,21-Apr,15-Apr,16-Apr,17-Apr,18-Apr,19-Apr,20-Apr,21-Apr,7,0,0
Pune,Sangli,Sangli,Islampur,Valva,7940233,Peth & two Villages,Waghwadi,1161,1,0.56,0.38,0.73,0.58,0.53,0.68,0.00,48.12,33.05,62.90,49.85,45.81,58.92,16-Apr,17-Apr,18-Apr,19-Apr,20-Apr,21-Apr,15-Apr,16-Apr,17-Apr,18-Apr,19-Apr,20-Apr,21-Apr,5,1,2
Pune,Pune,Pune 2,Maval,Daund,20013367,Done Adhale RR,ADHALE BK,1695,2,1.45,0.00,0.00,0.00,0.00,0.00,0.00,85.41,0.00,0.00,0.00,0.00,0.00,16-Apr,17-Apr,18-Apr,19-Apr,20-Apr,21-Apr,15-Apr,16-Apr,17-Apr,18-Apr,19-Apr,20-Apr,21-Apr,6,6,1
Pune, Sangli,Solapur,Solapur,Sangola,20027396,Alegaon shirbhavi 82 Village,Anakdhal,8599,1,0.00,0.63,0.00,0.22,2.70,2.36,6.23,0.00,7.38,0.00,2.59,31.39,27.46,16-Apr,17-Apr,18-Apr,19-Apr,20-Apr,21-Apr,15-Apr,16-Apr,17-Apr,18-Apr,19-Apr,20-Apr,21-Apr,7,1,0
Pune, Sangli,Solapur,Solapur,Sangola,20027396,Alegaon shirbhavi 82 Village,Kolegaon,2922,1,0.00,0.00,0.00,0.00,0.00,0.00,0.00,0.00,0.00,0.00,0.00,0.00,0.00,16-Apr,17-Apr,18-Apr,19-Apr,20-Apr,21-Apr,15-Apr,16-Apr,17-Apr,18-Apr,19-Apr,20-Apr,21-Apr,7,7,0
Pune,Pune,Pune 2,Maval,Daund,20013367,Done Adhale RR,DONE,1044,1,0.00,0.00,0.00,0.00,22.34,0.00,29.80,0.00,0.00,0.00,0.00,2139.71,0.00,16-Apr,17-Apr,18-Apr,19-Apr,20-Apr,21-Apr,15-Apr,16-Apr,17-Apr,18-Apr,19-Apr,20-Apr,21-Apr,6,5,1
Pune,Sangli,Solapur,Solapur,Sangola,20027396,Alegaon shirbhavi 82 Village,Manjari,3049,1,0.00,0.00,0.00,0.00,0.00,0.00,0.00,0.00,0.00,0.00,0.00,0.00,0.00,16-Apr,17-Apr,18-Apr,19-Apr,20-Apr,21-Apr,15-Apr,16-Apr,17-Apr,18-Apr,19-Apr,20-Apr,21-Apr,7,7,0
Pune,Pune,Pune 2,Maval,Daund,20013367,Done Adhale RR,DIVAD,1795,2,24.83,12.01,16.68,0.00,37.84,0.01,797.26,1383.56,668.89,929.27,0.00,2108.26,0.60,16-Apr,17-Apr,18-Apr,19-Apr,20-Apr,21-Apr,15-Apr,16-Apr,17-Apr,18-Apr,19-Apr,20-Apr,21-Apr,2,1,5
Pune,Pune,Pune 2,Maval,Daund,20013367,Done Adhale RR,OVALE,1177,2,0.12,0.48,0.73,0.00,0.39,0.35,18.13,10.22,40.41,61.79,0.00,32.96,29.65,16-Apr,17-Apr,18-Apr,19-Apr,20-Apr,21-Apr,15-Apr,16-Apr,17-Apr,18-Apr,19-Apr,20-Apr,21-Apr,6,0,1
Pune, Sangli,Solapur,Solapur,Sangola,20027396,Alegaon shirbhavi 82 Village,Budhyal,1218,1,0.22,1.06,0.80,1.11,0.81,1.00,101.24,18.22,86.80,65.92,91.00,66.15,81.85,16-Apr,17-Apr,18-Apr,19-Apr,20-Apr,21-Apr,15-Apr,16-Apr,17-Apr,18-Apr,19-Apr,20-Apr,21-Apr,1,0,6
Pune, Sangli,Solapur,Solapur,Sangola,20027396,Alegaon shirbhavi 82 Village,Nizampur,3731,1,0.34,0.46,0.00,0.00,0.58,0.00,31.42,9.01,12.46,0.00,0.00,15.53,0.00,16-Apr,17-Apr,18-Apr,19-Apr,20-Apr,21-Apr,15-Apr,16-Apr,17-Apr,18-Apr,19-Apr,20-Apr,21-Apr,7,3,0
Pune,Sangli,Solapur,Solapur,Sangola,20027396,Alegaon shirbhavi 82 Village,Mahim,4407,1,1.13,1.67,0.00,62.18,2.28,1.65,38.03,25.59,37.86,0.00,1410.84,51.68,37.53,16-Apr,17-Apr,18-Apr,19-Apr,20-Apr,21-Apr,15-Apr,16-Apr,17-Apr,18-Apr,19-Apr,20-Apr,21-Apr,6,1,1
Pune,Sangli,Solapur,Solapur,Sangola,20027396,Alegaon shirbhavi 82 Village,Gherdi,2724,2,3.37,0.42,0.00,4.74,0.71,0.00,0.00,123.80,15.53,0.00,173.98,26.14,0.00,16-Apr,17-Apr,18-Apr,19-Apr,20-Apr,21-Apr,15-Apr,16-Apr,17-Apr,18-Apr,19-Apr,20-Apr,21-Apr,5,3,2
Pune,Pune,Pune 1,Baramati,Ambegaon,7942125,MURTI & 7 VILLAGES RRWSS,Bhapkar mala,1761,1,0.00,0.08,0.00,4.25,0.00,0.00,7.89,0.00,4.77,0.00,241.46,0.00,0.00,16-Apr,17-Apr,18-Apr,19-Apr,20-Apr,21-Apr,15-Apr,16-Apr,17-Apr,18-Apr,19-Apr,20-Apr,21-Apr,6,4,1
Pune,Pune,Pune 1,Baramati,Ambegaon,7942125,MURTI & 7 VILLAGES RRWSS,Chaudharwad,911,2,0.16,0.10,65.78,0.74,0.33,21.06,83.50,17.75,11.19,7220.12,80.84,35.75,2311.65,16-Apr,17-Apr,18-Apr,19-Apr,20-Apr,21-Apr,15-Apr,16-Apr,17-Apr,18-Apr,19-Apr,20-Apr,21-Apr,3,0,4
Pune,Sangli,Solapur,Solapur,Sangola,20027396,Alegaon shirbhavi 82 Village,Devkate Wadi,1261,1,0.00,0.00,0.00,0.00,0.00,0.00,0.00,0.00,0.00,0.00,0.00,0.00,0.01,16-Apr,17-Apr,18-Apr,19-Apr,20-Apr,21-Apr,15-Apr,16-Apr,17-Apr,18-Apr,19-Apr,20-Apr,21-Apr,7,6,0
Pune, Sangli,Solapur,Solapur,Sangola,20027396,Alegaon shirbhavi 82 Village,Pachegaon BK,3466,1,0.00,0.00,0.00,0.00,0.00,0.00,0.00,0.00,0.00,0.00,0.00,0.00,0.00,16-Apr,17-Apr,18-Apr,19-Apr,20-Apr,21-Apr,15-Apr,16-Apr,17-Apr,18-Apr,19-Apr,20-Apr,21-Apr,7,7,0
Pune, Sangli,Solapur,Solapur,Sangola,20027396,Alegaon shirbhavi 82 Village,Bhopasewadi,2875,1,0.00,0.00,0.00,0.00,0.00,0.00,0.00,0.00,0.00,0.00,0.00,0.00,0.00,16-Apr,17-Apr,18-Apr,19-Apr,20-Apr,21-Apr,15-Apr,16-Apr,17-Apr,18-Apr,19-Apr,20-Apr,21-Apr,7,7,0
Pune,Pune,"MJP Works Division No. 2 , Pune",Pune,Mulshi,20022133,Peth RR,Kurwandi,2522,2,0.00,0.00,0.00,0.00,0.00,0.00,0.00,0.00,0.00,0.00,0.00,0.00,0.00,16-Apr,17-Apr,18-Apr,19-Apr,20-Apr,21-Apr,15-Apr,16-Apr,17-Apr,18-Apr,19-Apr,20-Apr,21-Apr,7,7,0
Pune,Pune,Pune 2,Pune 2,Velhe,20027541,Wangani RRWSS,Kolwadi,1226,1,0.00,0.00,0.00,0.00,0.00,0.00,0.00,0.00,0.00,0.00,0.00,0.00,0.00,16-Apr,17-Apr,18-Apr,19-Apr,20-Apr,21-Apr,15-Apr,16-Apr,17-Apr,18-Apr,19-Apr,20-Apr,21-Apr,7,7,0
Pune, Sangli,Solapur,Solapur,Sangola,20027396,Alegaon shirbhavi 82 Village,Vasud,3297,1,0.00,0.23,0.19,0.19,0.08,0.23,5.22,0.01,6.99,5.83,5.69,2.44,6.95,16-Apr,17-Apr,18-Apr,19-Apr,20-Apr,21-Apr,15-Apr,16-Apr,17-Apr,18-Apr,19-Apr,20-Apr,21-Apr,7,0,0
Pune,Pune,Pune 1,Baramati,Ambegaon,7942125,MURTI & 7 VILLAGES RRWSS,Waki,3355,2,1.11,0.76,0.51,0.99,0.85,0.84,34.01,33.05,22.80,15.26,29.56,25.44,25.00,16-Apr,17-Apr,18-Apr,19-Apr,20-Apr,21-Apr,15-Apr,16-Apr,17-Apr,18-Apr,19-Apr,20-Apr,21-Apr,7,0,0
Pune, Sangli,Solapur,Solapur,Sangola,20027396,Alegaon shirbhavi 82 Village,LaxmiNagar,3031,1,0.08,0.22,0.00,0.11,0.18,0.08,3.96,2.48,7.31,0.00,3.79,6.09,2.49,16-Apr,17-Apr,18-Apr,19-Apr,20-Apr,21-Apr,15-Apr,16-Apr,17-Apr,18-Apr,19-Apr,20-Apr,21-Apr,7,0,0
Pune,Pune,Pune 2,Pune 2,Velhe,20027541,Wangani RRWSS,Wangani,1150,1,0.00,0.00,0.00,0.00,0.00,0.00,0.00,0.00,0.00,0.00,0.00,0.00,0.00,16-Apr,17-Apr,18-Apr,19-Apr,20-Apr,21-Apr,15-Apr,16-Apr,17-Apr,18-Apr,19-Apr,20-Apr,21-Apr,7,7,0
Pune,Pune,Pune 2,Pune 2,Velhe,20027541,Wangani RRWSS,Mengajai Wadi,123,1,0.00,0.00,0.00,0.00,0.00,0.00,0.00,0.00,0.00,0.00,0.00,0.00,0.00,16-Apr,17-Apr,18-Apr,19-Apr,20-Apr,21-Apr,15-Apr,16-Apr,17-Apr,18-Apr,19-Apr,20-Apr,21-Apr,7,7,0
Pune,Sangli,Solapur,Solapur,Sangola,20027396,Alegaon shirbhavi 82 Village,Deole,1568,1,0.00,0.00,0.00,0.43,0.00,0.00,31.31,0.00,0.00,0.00,27.15,0.00,0.00,16-Apr,17-Apr,18-Apr,19-Apr,20-Apr,21-Apr,15-Apr,16-Apr,17-Apr,18-Apr,19-Apr,20-Apr,21-Apr,7,5,0
Pune,Pune,"MJP Works Division No. 2 , Pune",Pune,Mulshi,20022133,Peth RR,Bhawadi,1529,3,0.00,0.00,0.00,0.00,0.00,0.00,0.00,0.00,0.00,0.00,0.00,0.00,0.00,16-Apr,17-Apr,18-Apr,19-Apr,20-Apr,21-Apr,15-Apr,16-Apr,17-Apr,18-Apr,19-Apr,20-Apr,21-Apr,7,7,0
Pune,Sangli,Solapur,Solapur,Sangola,20027396,Alegaon shirbhavi 82 Village,Metakar wadi,1286,1,1.09,0.95,0.95,1.30,0.83,1.78,139.94,84.58,73.66,73.69,101.01,64.88,138.76,16-Apr,17-Apr,18-Apr,19-Apr,20-Apr,21-Apr,15-Apr,16-Apr,17-Apr,18-Apr,19-Apr,20-Apr,21-Apr,0,0,7
Pune, Sangli,Solapur,Solapur,Sangola,20027396,Alegaon shirbhavi 82 Village,Tarangewadi,1703,2,0.36,0.56,0.59,0.46,0.32,0.82,39.23,21.00,33.05,34.49,27.19,18.62,48.28,16-Apr,17-Apr,18-Apr,19-Apr,20-Apr,21-Apr,15-Apr,16-Apr,17-Apr,18-Apr,19-Apr,20-Apr,21-Apr,7,0,0
Pune, Sangli,Solapur,Solapur,Sangola,20027396,Alegaon shirbhavi 82 Village,Somewadi,1624,1,0.00,0.00,0.63,0.39,0.64,0.67,0.38,0.25,0.00,38.88,24.23,39.35,41.44,16-Apr,17-Apr,18-Apr,19-Apr,20-Apr,21-Apr,15-Apr,16-Apr,17-Apr,18-Apr,19-Apr,20-Apr,21-Apr,7,1,0
Pune,Pune,Satara,Phaltan,Phaltan,20027892,RR Girvi WSS,Zirapwadi,1451,1,0.00,0.00,0.00,0.00,0.00,0.00,0.00,0.00,0.00,0.00,0.00,0.00,0.00,16-Apr,17-Apr,18-Apr,19-Apr,20-Apr,21-Apr,15-Apr,16-Apr,17-Apr,18-Apr,19-Apr,20-Apr,21-Apr,7,7,0
Pune,Sangli,Solapur,Solapur,Sangola,20027396,Alegaon shirbhavi 82 Village,Sange wadi,2604,1,0.42,0.05,0.00,0.00,0.00,0.00,1.31,16.07,1.87,0.00,0.00,0.00,0.00,16-Apr,17-Apr,18-Apr,19-Apr,20-Apr,21-Apr,15-Apr,16-Apr,17-Apr,18-Apr,19-Apr,20-Apr,21-Apr,7,4,0
Pune, Sangli,Solapur,Solapur,Sangola,20027396,Alegaon shirbhavi 82 Village,Dongargaon,4021,1,0.16,0.00,0.20,0.00,0.20,0.00,0.00,4.03,0.00,4.99,0.00,4.91,0.00,16-Apr,17-Apr,18-Apr,19-Apr,20-Apr,21-Apr,15-Apr,16-Apr,17-Apr,18-Apr,19-Apr,20-Apr,21-Apr,7,4,0
Konkan,Thane,Thane,Thane,Kalyan,20092478,Retrofiting of Gotheghar Dahisar R.R. Water Supply Scheme,Bale,2236,1,1.12,0.47,1.34,2.34,1.30,1.05,40.10,50.22,20.92,59.99,104.60,58.03,46.78,16-Apr,17-Apr,18-Apr,19-Apr,20-Apr,21-Apr,15-Apr,16-Apr,17-Apr,18-Apr,19-Apr,20-Apr,21-Apr,0,4,3
Konkan,Thane,Thane,Palghar,Dahanu,20047871, Modgaon & Tornipada RWSS,Andherpada,1320,1,0.00,0.00,0.00,0.00,0.00,0.00,0.00,0.00,0.00,0.00,0.00,0.00,0.00,16-Apr,17-Apr,18-Apr,19-Apr,20-Apr,21-Apr,15-Apr,16-Apr,17-Apr,18-Apr,19-Apr,20-Apr,21-Apr,7,7,0
Konkan,Thane,Thane,Palghar,Dahanu,20047871, Modgaon & Tornipada RWSS,Navapada,812,1,0.00,0.00,0.00,0.00,0.00,0.00,0.00,0.00,0.00,0.00,0.00,0.00,0.00,16-Apr,17-Apr,18-Apr,19-Apr,20-Apr,21-Apr,15-Apr,16-Apr,17-Apr,18-Apr,19-Apr,20-Apr,21-Apr,7,7,0
Konkan,Thane,Thane,Palghar,Dahanu,20047871, Modgaon & Tornipada RWSS,Janasawarpada,241,1,0.46,0.70,0.70,0.31,0.80,0.00,166.77,190.87,288.85,292.29,127.05,331.14,0.00,16-Apr,17-Apr,18-Apr,19-Apr,20-Apr,21-Apr,15-Apr,16-Apr,17-Apr,18-Apr,19-Apr,20-Apr,21-Apr,1,1,6
Konkan,Thane,Thane,Palghar,Dahanu,20047871, Modgaon & Tornipada RWSS,Savarpada,830,1,0.38,0.31,0.36,0.48,0.33,0.01,53.30,45.57,37.55,42.87,57.27,39.83,1.51,16-Apr,17-Apr,18-Apr,19-Apr,20-Apr,21-Apr,15-Apr,16-Apr,17-Apr,18-Apr,19-Apr,20-Apr,21-Apr,0,6,1
Konkan,Panvel,Raigadh,Mangaon,Khalapur,20028168,Devnhave water supply scheme,Devnhave,2160,3,3.81,2.37,5.54,4.07,3.15,4.38,212.17,176.21,109.68,256.41,188.40,146.01,202.84,16-Apr,17-Apr,18-Apr,19-Apr,20-Apr,21-Apr,15-Apr,16-Apr,17-Apr,18-Apr,19-Apr,20-Apr,21-Apr,0,0,7
Konkan,Panvel,Raigadh,Mangaon,Pen,20020563,Shahapada 38 Villages,Kane,1503,1,0.00,0.11,0.00,0.06,0.00,0.00,0.04,0.00,7.63,0.02,4.26,0.03,0.03,16-Apr,17-Apr,18-Apr,19-Apr,20-Apr,21-Apr,15-Apr,16-Apr,17-Apr,18-Apr,19-Apr,20-Apr,21-Apr,1,7,0
Konkan,Panvel,Raigadh,Mangaon,Pen,20020563,Shahapada 38 Villages,Washinaka,2224,1,0.00,0.00,0.00,0.00,0.00,0.00,0.10,0.00,0.00,0.10,0.00,0.00,0.11,16-Apr,17-Apr,18-Apr,19-Apr,20-Apr,21-Apr,15-Apr,16-Apr,17-Apr,18-Apr,19-Apr,20-Apr,21-Apr,3,7,0
Konkan,Panvel,Raigadh,Mangaon,Pen,20020563,Shahapada 38 Villages,Wadhav,6000,1,0.00,2.29,6.05,0.01,3.14,0.26,45.89,0.01,38.08,100.83,0.10,52.28,4.29,16-Apr,17-Apr,18-Apr,19-Apr,20-Apr,21-Apr,15-Apr,16-Apr,17-Apr,18-Apr,19-Apr,20-Apr,21-Apr,0,6,1
Konkan,Panvel,Raigadh,Mangaon,Pen,20020563,Shahapada 38 Villages,Kashmire,2431,1,0.09,0.00,0.22,0.07,0.00,0.22,7.95,3.68,0.03,9.14,2.86,0.00,9.07,16-Apr,17-Apr,18-Apr,19-Apr,20-Apr,21-Apr,15-Apr,16-Apr,17-Apr,18-Apr,19-Apr,20-Apr,21-Apr,1,7,0
Konkan,Panvel,Raigadh,Mangaon,Pen,20020563,Shahapada 38 Villages,Shirki,2237,1,0.00,0.00,0.00,0.00,0.00,0.00,0.00,0.00,0.00,0.00,0.00,0.00,0.00,16-Apr,17-Apr,18-Apr,19-Apr,20-Apr,21-Apr,15-Apr,16-Apr,17-Apr,18-Apr,19-Apr,20-Apr,21-Apr,7,7,0
