Amravati,Akola,Akola,Akola,Akola,20027951,Khambora 60 VRRWSS Tq. & Dist. Akola,Akhatwada,870,1,0.00,0.00,0.00,0.00,0.00,0.00,0.00,0.43,0.00,0.00,0.00,0.00,0.00,0.00,25-Jul,26-Jul,27-Jul,28-Jul,29-Jul,30-Jul,31-Jul,25-Jul,26-Jul,27-Jul,28-Jul,29-Jul,30-Jul,31-Jul,6,7,0
Amravati,Akola,Akola,Akola,Akola,20027951,Khambora 60 VRRWSS Tq. & Dist. Akola,Apoti Bk.,719,1,0.48,0.00,0.00,1.86,0.00,0.00,1.25,66.38,0.00,0.00,258.67,0.00,0.00,173.20,25-Jul,26-Jul,27-Jul,28-Jul,29-Jul,30-Jul,31-Jul,25-Jul,26-Jul,27-Jul,28-Jul,29-Jul,30-Jul,31-Jul,4,4,3
Amravati,Akola,Akola,Akola,Akola,20027951,Khambora 60 VRRWSS Tq. & Dist. Akola,Gondapur,178,2,0.00,0.00,0.00,0.00,0.00,0.00,0.00,0.00,0.00,0.00,0.00,0.00,0.00,0.00,25-Jul,26-Jul,27-Jul,28-Jul,29-Jul,30-Jul,31-Jul,25-Jul,26-Jul,27-Jul,28-Jul,29-Jul,30-Jul,31-Jul,7,7,0
Amravati,Akola,Akola,Akola,Akola,20027951,Khambora 60 VRRWSS Tq. & Dist. Akola,Kaulkhed Gomase,388,1,0.00,0.00,0.00,0.00,0.00,0.00,0.00,0.00,0.00,0.00,0.00,0.00,0.00,0.00,25-Jul,26-Jul,27-Jul,28-Jul,29-Jul,30-Jul,31-Jul,25-Jul,26-Jul,27-Jul,28-Jul,29-Jul,30-Jul,31-Jul,7,7,0
Amravati,Akola,Akola,Akola,Akola,20027951,Khambora 60 VRRWSS Tq. & Dist. Akola,Marodi,930,1,23.72,45.14,28.45,1.39,12.92,53.66,20.99,2551.01,4853.70,3059.04,149.87,1389.45,5769.46,2257.30,25-Jul,26-Jul,27-Jul,28-Jul,29-Jul,30-Jul,31-Jul,25-Jul,26-Jul,27-Jul,28-Jul,29-Jul,30-Jul,31-Jul,0,0,7
Amravati,Akola,Akola,Akola,Akola,20027951,Khambora 60 VRRWSS Tq. & Dist. Akola,Ramagaon,688,3,0.00,0.00,0.00,0.00,0.00,0.00,0.00,0.00,0.00,0.00,0.00,0.00,0.00,0.00,25-Jul,26-Jul,27-Jul,28-Jul,29-Jul,30-Jul,31-Jul,25-Jul,26-Jul,27-Jul,28-Jul,29-Jul,30-Jul,31-Jul,7,7,0
Amravati,Akola,Akola,Akola,Akola,20028565,"Akot 84 VRRWSS Tq. Akola, Akot & Telhara Dist. Akola",Alegaon,422,1,0.00,2.81,0.00,0.00,0.00,0.00,0.00,0.00,665.88,0.00,0.00,0.00,0.00,0.00,25-Jul,26-Jul,27-Jul,28-Jul,29-Jul,30-Jul,31-Jul,25-Jul,26-Jul,27-Jul,28-Jul,29-Jul,30-Jul,31-Jul,6,6,1
Amravati,Akola,Akola,Akola,Akola,20028565,"Akot 84 VRRWSS Tq. Akola, Akot & Telhara Dist. Akola",Alewadi,800,1,0.00,1.07,0.00,0.01,0.00,0.91,0.00,0.00,133.75,0.00,1.25,0.00,113.75,0.00,25-Jul,26-Jul,27-Jul,28-Jul,29-Jul,30-Jul,31-Jul,25-Jul,26-Jul,27-Jul,28-Jul,29-Jul,30-Jul,31-Jul,4,5,2
Amravati,Akola,Akola,Akola,Akola,20028565,"Akot 84 VRRWSS Tq. Akola, Akot & Telhara Dist. Akola",Balegaon,1353,1,141.78,0.00,0.00,188.17,91.95,0.00,0.00,10479.12,0.00,0.00,13907.61,6796.19,0.00,0.00,25-Jul,26-Jul,27-Jul,28-Jul,29-Jul,30-Jul,31-Jul,25-Jul,26-Jul,27-Jul,28-Jul,29-Jul,30-Jul,31-Jul,4,4,3
Amravati,Akola,Akola,Akola,Akola,20028565,"Akot 84 VRRWSS Tq. Akola, Akot & Telhara Dist. Akola",Chotta Bazar,5151,5,1.23,0.12,0.06,0.02,0.07,0.04,0.00,23.78,2.33,1.16,0.39,1.36,0.78,0.00,25-Jul,26-Jul,27-Jul,28-Jul,29-Jul,30-Jul,31-Jul,25-Jul,26-Jul,27-Jul,28-Jul,29-Jul,30-Jul,31-Jul,1,7,0
Amravati,Akola,Akola,Akola,Akola,20028565,"Akot 84 VRRWSS Tq. Akola, Akot & Telhara Dist. Akola",Danori,1296,2,0.69,3.44,0.00,0.00,0.00,0.80,3.94,53.34,265.43,0.00,0.00,0.00,61.73,304.01,25-Jul,26-Jul,27-Jul,28-Jul,29-Jul,30-Jul,31-Jul,25-Jul,26-Jul,27-Jul,28-Jul,29-Jul,30-Jul,31-Jul,3,4,3
Amravati,Akola,Akola,Akola,Akola,20028565,"Akot 84 VRRWSS Tq. Akola, Akot & Telhara Dist. Akola",Deori,2560,1,0.00,10.47,49.14,0.00,0.00,11.70,63.95,0.00,408.98,1919.63,0.11,0.00,457.03,2498.20,25-Jul,26-Jul,27-Jul,28-Jul,29-Jul,30-Jul,31-Jul,25-Jul,26-Jul,27-Jul,28-Jul,29-Jul,30-Jul,31-Jul,2,3,4
Amravati,Akola,Akola,Akola,Akola,20028565,"Akot 84 VRRWSS Tq. Akola, Akot & Telhara Dist. Akola",Dinoda,1491,2,0.00,0.00,0.00,0.00,0.00,0.00,0.00,0.00,0.00,0.00,0.00,0.00,0.00,0.00,25-Jul,26-Jul,27-Jul,28-Jul,29-Jul,30-Jul,31-Jul,25-Jul,26-Jul,27-Jul,28-Jul,29-Jul,30-Jul,31-Jul,7,7,0
Amravati,Akola,Akola,Akola,Akola,20028565,"Akot 84 VRRWSS Tq. Akola, Akot & Telhara Dist. Akola",Garsoli,288,1,4.26,0.00,0.00,0.00,0.00,0.00,0.00,1479.09,0.00,0.00,0.00,0.00,0.00,0.00,25-Jul,26-Jul,27-Jul,28-Jul,29-Jul,30-Jul,31-Jul,25-Jul,26-Jul,27-Jul,28-Jul,29-Jul,30-Jul,31-Jul,6,6,1
Amravati,Akola,Akola,Akola,Akola,20028565,"Akot 84 VRRWSS Tq. Akola, Akot & Telhara Dist. Akola",Jaulka,1312,1,0.00,0.00,0.00,1.57,5.25,3.28,0.00,0.00,0.00,0.00,119.66,400.09,249.68,0.00,25-Jul,26-Jul,27-Jul,28-Jul,29-Jul,30-Jul,31-Jul,25-Jul,26-Jul,27-Jul,28-Jul,29-Jul,30-Jul,31-Jul,4,4,3
Amravati,Akola,Akola,Akola,Akola,20028565,"Akot 84 VRRWSS Tq. Akola, Akot & Telhara Dist. Akola",Karatwadi,1682,1,1.67,0.63,0.89,0.00,1.11,0.43,1.61,99.54,37.46,52.91,0.00,65.99,25.56,95.72,25-Jul,26-Jul,27-Jul,28-Jul,29-Jul,30-Jul,31-Jul,25-Jul,26-Jul,27-Jul,28-Jul,29-Jul,30-Jul,31-Jul,1,4,3
Amravati,Akola,Akola,Akola,Akola,20028565,"Akot 84 VRRWSS Tq. Akola, Akot & Telhara Dist. Akola",Kawasa,1300,2,2.06,0.22,6.14,9.32,9.59,9.35,5.37,158.19,16.71,472.24,717.10,737.53,719.03,413.43,25-Jul,26-Jul,27-Jul,28-Jul,29-Jul,30-Jul,31-Jul,25-Jul,26-Jul,27-Jul,28-Jul,29-Jul,30-Jul,31-Jul,0,1,6
Amravati,Akola,Akola,Akola,Akola,20028565,"Akot 84 VRRWSS Tq. Akola, Akot & Telhara Dist. Akola",Kawasa Bk.,1298,3,0.00,0.00,0.00,0.00,0.00,0.00,0.00,0.00,0.00,0.00,0.00,0.00,0.00,0.00,25-Jul,26-Jul,27-Jul,28-Jul,29-Jul,30-Jul,31-Jul,25-Jul,26-Jul,27-Jul,28-Jul,29-Jul,30-Jul,31-Jul,7,7,0
Amravati,Akola,Akola,Akola,Akola,20028565,"Akot 84 VRRWSS Tq. Akola, Akot & Telhara Dist. Akola",Keliweli (New),3676,1,0.00,0.00,0.86,1.58,0.00,0.00,0.00,0.00,0.00,23.39,42.98,0.00,0.00,0.00,25-Jul,26-Jul,27-Jul,28-Jul,29-Jul,30-Jul,31-Jul,25-Jul,26-Jul,27-Jul,28-Jul,29-Jul,30-Jul,31-Jul,5,7,0
Amravati,Akola,Akola,Akola,Akola,20028565,"Akot 84 VRRWSS Tq. Akola, Akot & Telhara Dist. Akola",Khanpur,53,4,164.51,76.57,0.01,0.67,33.71,110.46,44.33,310388.56,144469.34,21.23,1260.61,63608.49,208415.09,83636.75,25-Jul,26-Jul,27-Jul,28-Jul,29-Jul,30-Jul,31-Jul,25-Jul,26-Jul,27-Jul,28-Jul,29-Jul,30-Jul,31-Jul,0,1,6
Amravati,Akola,Akola,Akola,Akola,20028565,"Akot 84 VRRWSS Tq. Akola, Akot & Telhara Dist. Akola",Khaparwadi Bk.,420,1,0.00,0.00,0.00,0.00,0.00,0.00,0.00,0.00,0.00,0.00,0.00,0.00,0.00,0.00,25-Jul,26-Jul,27-Jul,28-Jul,29-Jul,30-Jul,31-Jul,25-Jul,26-Jul,27-Jul,28-Jul,29-Jul,30-Jul,31-Jul,7,7,0
Amravati,Akola,Akola,Akola,Akola,20028565,"Akot 84 VRRWSS Tq. Akola, Akot & Telhara Dist. Akola",Khaparwadi Kh.,229,1,132.92,273.36,91.78,0.42,7.71,4.21,2.97,58041.66,119371.18,40076.79,183.41,3366.81,1839.14,1298.62,25-Jul,26-Jul,27-Jul,28-Jul,29-Jul,30-Jul,31-Jul,25-Jul,26-Jul,27-Jul,28-Jul,29-Jul,30-Jul,31-Jul,0,0,7
Amravati,Akola,Akola,Akola,Akola,20028565,"Akot 84 VRRWSS Tq. Akola, Akot & Telhara Dist. Akola",Kutasa,5446,2,8.21,0.51,4.80,0.00,0.55,0.10,3.31,150.66,9.36,88.14,0.00,10.10,1.84,60.82,25-Jul,26-Jul,27-Jul,28-Jul,29-Jul,30-Jul,31-Jul,25-Jul,26-Jul,27-Jul,28-Jul,29-Jul,30-Jul,31-Jul,1,4,3
Amravati,Akola,Akola,Akola,Akola,20028565,"Akot 84 VRRWSS Tq. Akola, Akot & Telhara Dist. Akola",Lotkhed,1143,2,0.00,0.00,0.00,0.00,0.00,0.00,0.00,0.00,0.00,0.00,0.00,0.00,0.00,0.00,25-Jul,26-Jul,27-Jul,28-Jul,29-Jul,30-Jul,31-Jul,25-Jul,26-Jul,27-Jul,28-Jul,29-Jul,30-Jul,31-Jul,7,7,0
Amravati,Akola,Akola,Akola,Akola,20028565,"Akot 84 VRRWSS Tq. Akola, Akot & Telhara Dist. Akola",Maroda,1148,1,0.00,0.01,0.44,0.91,0.00,0.00,0.00,0.00,0.87,38.33,79.27,0.00,0.00,0.00,25-Jul,26-Jul,27-Jul,28-Jul,29-Jul,30-Jul,31-Jul,25-Jul,26-Jul,27-Jul,28-Jul,29-Jul,30-Jul,31-Jul,4,6,1
Amravati,Akola,Akola,Akola,Akola,20028565,"Akot 84 VRRWSS Tq. Akola, Akot & Telhara Dist. Akola",Mundgaon,7199,2,2225.55,3846.96,2266.63,78.35,21.71,10.07,38.48,30914.72,53437.42,31485.35,1088.35,301.57,139.88,534.52,25-Jul,26-Jul,27-Jul,28-Jul,29-Jul,30-Jul,31-Jul,25-Jul,26-Jul,27-Jul,28-Jul,29-Jul,30-Jul,31-Jul,0,0,7
Amravati,Akola,Akola,Akola,Akola,20028565,"Akot 84 VRRWSS Tq. Akola, Akot & Telhara Dist. Akola",Nijampur,712,1,0.00,0.00,0.00,0.00,0.00,0.00,0.00,0.00,0.00,0.00,0.00,0.00,0.00,0.00,25-Jul,26-Jul,27-Jul,28-Jul,29-Jul,30-Jul,31-Jul,25-Jul,26-Jul,27-Jul,28-Jul,29-Jul,30-Jul,31-Jul,7,7,0
Amravati,Akola,Akola,Akola,Akola,20028565,"Akot 84 VRRWSS Tq. Akola, Akot & Telhara Dist. Akola",Palsod,2116,3,0.00,0.09,0.09,0.00,0.00,0.00,0.00,0.00,4.16,4.26,0.00,0.00,0.00,0.04,25-Jul,26-Jul,27-Jul,28-Jul,29-Jul,30-Jul,31-Jul,25-Jul,26-Jul,27-Jul,28-Jul,29-Jul,30-Jul,31-Jul,4,7,0
Amravati,Akola,Akola,Akola,Akola,20028565,"Akot 84 VRRWSS Tq. Akola, Akot & Telhara Dist. Akola",Panori,535,1,0.00,0.00,0.00,0.00,0.00,0.00,0.00,0.00,0.00,0.00,0.00,0.00,0.00,0.00,25-Jul,26-Jul,27-Jul,28-Jul,29-Jul,30-Jul,31-Jul,25-Jul,26-Jul,27-Jul,28-Jul,29-Jul,30-Jul,31-Jul,7,7,0
Amravati,Akola,Akola,Akola,Akola,20028565,"Akot 84 VRRWSS Tq. Akola, Akot & Telhara Dist. Akola",Patsul,972,1,0.00,3.70,3.39,0.02,0.00,3.74,0.04,0.00,380.66,348.77,2.06,0.00,384.77,4.12,25-Jul,26-Jul,27-Jul,28-Jul,29-Jul,30-Jul,31-Jul,25-Jul,26-Jul,27-Jul,28-Jul,29-Jul,30-Jul,31-Jul,2,4,3
Amravati,Akola,Akola,Akola,Akola,20028565,"Akot 84 VRRWSS Tq. Akola, Akot & Telhara Dist. Akola",Pimpari Dikkar,522,1,0.00,1.43,0.00,0.00,0.00,1.07,0.00,0.00,273.95,0.00,0.00,0.00,204.98,0.00,25-Jul,26-Jul,27-Jul,28-Jul,29-Jul,30-Jul,31-Jul,25-Jul,26-Jul,27-Jul,28-Jul,29-Jul,30-Jul,31-Jul,5,5,2
Amravati,Akola,Akola,Akola,Akola,20028565,"Akot 84 VRRWSS Tq. Akola, Akot & Telhara Dist. Akola",Rajurwadi,46,1,0.00,0.00,0.00,0.00,0.00,0.00,0.00,0.00,0.00,0.00,0.00,0.00,0.00,0.00,25-Jul,26-Jul,27-Jul,28-Jul,29-Jul,30-Jul,31-Jul,25-Jul,26-Jul,27-Jul,28-Jul,29-Jul,30-Jul,31-Jul,7,7,0
Amravati,Akola,Akola,Akola,Akola,20028565,"Akot 84 VRRWSS Tq. Akola, Akot & Telhara Dist. Akola",Ronalda,2441,4,0.31,0.00,0.35,0.34,0.54,0.36,0.31,12.70,0.00,14.34,13.93,22.12,14.75,12.70,25-Jul,26-Jul,27-Jul,28-Jul,29-Jul,30-Jul,31-Jul,25-Jul,26-Jul,27-Jul,28-Jul,29-Jul,30-Jul,31-Jul,1,7,0
Amravati,Akola,Akola,Akola,Akola,20028565,"Akot 84 VRRWSS Tq. Akola, Akot & Telhara Dist. Akola",Sangavi,461,1,0.01,0.57,0.07,1.10,0.81,0.05,0.18,1.24,123.64,15.18,238.61,175.70,10.85,39.05,25-Jul,26-Jul,27-Jul,28-Jul,29-Jul,30-Jul,31-Jul,25-Jul,26-Jul,27-Jul,28-Jul,29-Jul,30-Jul,31-Jul,0,4,3
Amravati,Akola,Akola,Akola,Akola,20028565,"Akot 84 VRRWSS Tq. Akola, Akot & Telhara Dist. Akola",Sonbardi,712,2,0.00,0.01,0.38,0.01,0.00,0.00,0.00,0.00,1.40,53.37,1.40,0.00,0.00,0.00,25-Jul,26-Jul,27-Jul,28-Jul,29-Jul,30-Jul,31-Jul,25-Jul,26-Jul,27-Jul,28-Jul,29-Jul,30-Jul,31-Jul,4,7,0
Amravati,Akola,Akola,Akola,Akola,20028565,"Akot 84 VRRWSS Tq. Akola, Akot & Telhara Dist. Akola",Takli Kh.,1728,4,1.23,0.79,0.99,0.94,0.92,0.71,1.40,70.94,45.72,57.29,54.40,53.07,41.09,81.02,25-Jul,26-Jul,27-Jul,28-Jul,29-Jul,30-Jul,31-Jul,25-Jul,26-Jul,27-Jul,28-Jul,29-Jul,30-Jul,31-Jul,0,4,3
Amravati,Akola,Akola,Akola,Akola,20028565,"Akot 84 VRRWSS Tq. Akola, Akot & Telhara Dist. Akola",Tandulwadi,964,3,0.43,0.00,0.00,2.94,0.00,0.00,0.00,44.99,0.00,0.00,304.98,0.00,0.00,0.00,25-Jul,26-Jul,27-Jul,28-Jul,29-Jul,30-Jul,31-Jul,25-Jul,26-Jul,27-Jul,28-Jul,29-Jul,30-Jul,31-Jul,5,6,1
Amravati,Akola,Akola,Akola,Akola,20028565,"Akot 84 VRRWSS Tq. Akola, Akot & Telhara Dist. Akola",Taroda,755,1,0.00,0.41,0.13,0.00,0.00,0.00,0.61,0.00,54.30,17.22,0.00,0.00,0.00,80.79,25-Jul,26-Jul,27-Jul,28-Jul,29-Jul,30-Jul,31-Jul,25-Jul,26-Jul,27-Jul,28-Jul,29-Jul,30-Jul,31-Jul,4,6,1
Amravati,Akola,Akola,Akola,Akola,20028565,"Akot 84 VRRWSS Tq. Akola, Akot & Telhara Dist. Akola",Wani,373,1,1.56,0.20,0.00,1.17,0.00,0.00,0.00,418.23,53.22,0.00,313.67,0.00,0.00,0.00,25-Jul,26-Jul,27-Jul,28-Jul,29-Jul,30-Jul,31-Jul,25-Jul,26-Jul,27-Jul,28-Jul,29-Jul,30-Jul,31-Jul,4,5,2
Amravati,Akola,Akola,Akola,Akola,20028565,"Akot 84 VRRWSS Tq. Akola, Akot & Telhara Dist. Akola",Warula,1141,1,0.00,0.00,0.00,0.00,0.00,0.00,0.00,0.00,0.00,0.00,0.00,0.00,0.00,0.00,25-Jul,26-Jul,27-Jul,28-Jul,29-Jul,30-Jul,31-Jul,25-Jul,26-Jul,27-Jul,28-Jul,29-Jul,30-Jul,31-Jul,7,7,0
Amravati,Akola,Akola,Akola,Akola,20028565,"Akot 84 VRRWSS Tq. Akola, Akot & Telhara Dist. Akola",Warur,2400,1,11.38,0.00,0.00,0.00,0.00,7.31,8.36,474.18,0.00,0.00,0.00,0.00,304.58,348.25,25-Jul,26-Jul,27-Jul,28-Jul,29-Jul,30-Jul,31-Jul,25-Jul,26-Jul,27-Jul,28-Jul,29-Jul,30-Jul,31-Jul,4,4,3
Amravati,Akola,Akola,Akola,Akola,20039455,Khambora 4 VRRWSS Tq. & Dist. Akola,Sukali,1195,3,0.64,0.81,0.83,0.89,0.78,0.91,0.85,53.93,68.07,69.04,74.89,65.49,75.77,71.04,25-Jul,26-Jul,27-Jul,28-Jul,29-Jul,30-Jul,31-Jul,25-Jul,26-Jul,27-Jul,28-Jul,29-Jul,30-Jul,31-Jul,0,1,6
Amravati,Akola,Akola,Akola,Akot,20028420,Popatkhed 97 VRRWSS Tq. Akot & Telhara Dist. Akola,Ambola,3514,2,1.09,1.60,1.71,1.43,1.71,1.73,1.77,30.92,45.48,48.64,40.69,48.55,49.11,50.41,25-Jul,26-Jul,27-Jul,28-Jul,29-Jul,30-Jul,31-Jul,25-Jul,26-Jul,27-Jul,28-Jul,29-Jul,30-Jul,31-Jul,0,7,0
Amravati,Akola,Akola,Akola,Akot,20028420,Popatkhed 97 VRRWSS Tq. Akot & Telhara Dist. Akola,Bambarda Bk.,991,1,0.07,0.00,0.03,1.40,11.67,6.08,7.21,7.35,0.00,3.03,141.27,1177.60,613.52,727.65,25-Jul,26-Jul,27-Jul,28-Jul,29-Jul,30-Jul,31-Jul,25-Jul,26-Jul,27-Jul,28-Jul,29-Jul,30-Jul,31-Jul,1,3,4
Amravati,Akola,Akola,Akola,Akot,20028420,Popatkhed 97 VRRWSS Tq. Akot & Telhara Dist. Akola,Bochara,498,1,3.00,1.71,3.93,3.30,2.73,4.05,3.31,603.30,343.37,789.16,662.65,548.19,813.25,664.66,25-Jul,26-Jul,27-Jul,28-Jul,29-Jul,30-Jul,31-Jul,25-Jul,26-Jul,27-Jul,28-Jul,29-Jul,30-Jul,31-Jul,0,0,7
Amravati,Akola,Akola,Akola,Akot,20028420,Popatkhed 97 VRRWSS Tq. Akot & Telhara Dist. Akola,Chinchpani,547,1,0.65,0.00,0.00,0.00,0.00,0.43,0.66,119.65,0.00,0.00,0.00,0.00,78.57,120.60,25-Jul,26-Jul,27-Jul,28-Jul,29-Jul,30-Jul,31-Jul,25-Jul,26-Jul,27-Jul,28-Jul,29-Jul,30-Jul,31-Jul,4,4,3
Amravati,Akola,Akola,Akola,Akot,20028420,Popatkhed 97 VRRWSS Tq. Akot & Telhara Dist. Akola,Deulgaon,1463,2,0.00,0.00,0.00,0.00,0.00,0.00,0.00,0.00,0.00,0.00,0.00,0.00,0.00,0.00,25-Jul,26-Jul,27-Jul,28-Jul,29-Jul,30-Jul,31-Jul,25-Jul,26-Jul,27-Jul,28-Jul,29-Jul,30-Jul,31-Jul,7,7,0
Amravati,Akola,Akola,Akola,Akot,20028420,Popatkhed 97 VRRWSS Tq. Akot & Telhara Dist. Akola,Diwthana,882,2,1.09,0.03,0.86,1.39,1.57,1.00,1.05,123.20,3.56,97.94,158.02,177.63,113.65,118.51,25-Jul,26-Jul,27-Jul,28-Jul,29-Jul,30-Jul,31-Jul,25-Jul,26-Jul,27-Jul,28-Jul,29-Jul,30-Jul,31-Jul,0,1,6
Amravati,Akola,Akola,Akola,Akot,20028420,Popatkhed 97 VRRWSS Tq. Akot & Telhara Dist. Akola,Gulghat,771,2,0.00,0.00,0.00,0.00,0.00,0.00,0.00,0.00,0.00,0.00,0.00,0.00,0.00,0.00,25-Jul,26-Jul,27-Jul,28-Jul,29-Jul,30-Jul,31-Jul,25-Jul,26-Jul,27-Jul,28-Jul,29-Jul,30-Jul,31-Jul,7,7,0
Amravati,Akola,Akola,Akola,Akot,20028420,Popatkhed 97 VRRWSS Tq. Akot & Telhara Dist. Akola,Jalgaon Nahate,1424,2,0.00,0.00,0.00,0.00,0.00,0.00,0.00,0.00,0.00,0.00,0.00,0.00,0.00,0.00,25-Jul,26-Jul,27-Jul,28-Jul,29-Jul,30-Jul,31-Jul,25-Jul,26-Jul,27-Jul,28-Jul,29-Jul,30-Jul,31-Jul,7,7,0
Amravati,Akola,Akola,Akola,Akot,20028420,Popatkhed 97 VRRWSS Tq. Akot & Telhara Dist. Akola,Jitapur Pr. Rupagad,256,3,0.13,0.00,0.16,0.24,0.13,0.17,0.13,50.26,0.00,63.38,94.46,50.79,68.22,48.87,25-Jul,26-Jul,27-Jul,28-Jul,29-Jul,30-Jul,31-Jul,25-Jul,26-Jul,27-Jul,28-Jul,29-Jul,30-Jul,31-Jul,1,4,3
Amravati,Akola,Akola,Akola,Akot,20028420,Popatkhed 97 VRRWSS Tq. Akot & Telhara Dist. Akola,Khairkhed,1157,2,1.14,1.41,1.67,0.93,1.78,1.35,1.62,98.29,121.87,144.34,80.38,153.85,116.68,140.02,25-Jul,26-Jul,27-Jul,28-Jul,29-Jul,30-Jul,31-Jul,25-Jul,26-Jul,27-Jul,28-Jul,29-Jul,30-Jul,31-Jul,0,0,7
Amravati,Akola,Akola,Akola,Akot,20028420,Popatkhed 97 VRRWSS Tq. Akot & Telhara Dist. Akola,Kund,327,1,0.26,0.22,0.17,0.25,0.26,0.40,0.16,79.08,66.58,50.63,75.28,80.04,123.63,48.71,25-Jul,26-Jul,27-Jul,28-Jul,29-Jul,30-Jul,31-Jul,25-Jul,26-Jul,27-Jul,28-Jul,29-Jul,30-Jul,31-Jul,0,2,5
Amravati,Akola,Akola,Akola,Akot,20028420,Popatkhed 97 VRRWSS Tq. Akot & Telhara Dist. Akola,Machanpur,1124,2,0.36,0.43,0.18,0.46,0.36,0.42,0.49,31.97,38.26,15.99,40.68,32.46,37.33,43.82,25-Jul,26-Jul,27-Jul,28-Jul,29-Jul,30-Jul,31-Jul,25-Jul,26-Jul,27-Jul,28-Jul,29-Jul,30-Jul,31-Jul,0,7,0
Amravati,Akola,Akola,Akola,Akot,20028420,Popatkhed 97 VRRWSS Tq. Akot & Telhara Dist. Akola,Makrampur,842,2,1.02,1.39,1.03,0.89,0.88,0.87,0.87,121.65,165.08,122.33,105.70,104.51,103.33,103.33,25-Jul,26-Jul,27-Jul,28-Jul,29-Jul,30-Jul,31-Jul,25-Jul,26-Jul,27-Jul,28-Jul,29-Jul,30-Jul,31-Jul,0,0,7
Amravati,Akola,Akola,Akola,Akot,20028420,Popatkhed 97 VRRWSS Tq. Akot & Telhara Dist. Akola,Mardi,637,1,0.00,0.00,0.00,0.00,0.00,0.00,0.00,0.00,0.00,0.00,0.00,0.00,0.00,0.00,25-Jul,26-Jul,27-Jul,28-Jul,29-Jul,30-Jul,31-Jul,25-Jul,26-Jul,27-Jul,28-Jul,29-Jul,30-Jul,31-Jul,7,7,0
Amravati,Akola,Akola,Akola,Akot,20028420,Popatkhed 97 VRRWSS Tq. Akot & Telhara Dist. Akola,Mohala,3873,2,0.00,0.00,0.00,0.00,0.00,0.00,0.00,0.00,0.00,0.00,0.00,0.00,0.00,0.00,25-Jul,26-Jul,27-Jul,28-Jul,29-Jul,30-Jul,31-Jul,25-Jul,26-Jul,27-Jul,28-Jul,29-Jul,30-Jul,31-Jul,7,7,0
Amravati,Akola,Akola,Akola,Akot,20028420,Popatkhed 97 VRRWSS Tq. Akot & Telhara Dist. Akola,Pimpri Jainpur,954,2,11.40,0.01,18.22,8.01,9.37,13.70,7.47,1194.55,1.05,1909.85,839.71,982.18,1436.06,782.53,25-Jul,26-Jul,27-Jul,28-Jul,29-Jul,30-Jul,31-Jul,25-Jul,26-Jul,27-Jul,28-Jul,29-Jul,30-Jul,31-Jul,0,1,6
Amravati,Akola,Akola,Akola,Akot,20028420,Popatkhed 97 VRRWSS Tq. Akot & Telhara Dist. Akola,Rambhapur,652,1,0.65,0.47,0.68,0.71,0.82,0.34,1.02,100.31,72.78,104.61,108.96,125.86,51.49,155.76,25-Jul,26-Jul,27-Jul,28-Jul,29-Jul,30-Jul,31-Jul,25-Jul,26-Jul,27-Jul,28-Jul,29-Jul,30-Jul,31-Jul,0,1,6
Amravati,Akola,Akola,Akola,Akot,20028420,Popatkhed 97 VRRWSS Tq. Akot & Telhara Dist. Akola,Rampur Dharul,1247,2,0.93,0.93,1.03,1.15,0.52,1.33,1.11,74.39,74.58,82.60,92.22,41.70,106.66,89.01,25-Jul,26-Jul,27-Jul,28-Jul,29-Jul,30-Jul,31-Jul,25-Jul,26-Jul,27-Jul,28-Jul,29-Jul,30-Jul,31-Jul,0,1,6
Amravati,Akola,Akola,Akola,Akot,20028420,Popatkhed 97 VRRWSS Tq. Akot & Telhara Dist. Akola,Shahapur Pr. Rupagad,1093,2,0.31,1.16,0.99,0.99,1.31,0.93,1.64,27.92,105.89,90.69,90.76,120.13,85.21,149.60,25-Jul,26-Jul,27-Jul,28-Jul,29-Jul,30-Jul,31-Jul,25-Jul,26-Jul,27-Jul,28-Jul,29-Jul,30-Jul,31-Jul,0,1,6
Amravati,Akola,Akola,Akola,Akot,20028420,Popatkhed 97 VRRWSS Tq. Akot & Telhara Dist. Akola,Somthana,626,1,0.00,0.00,0.00,0.00,0.00,0.00,0.00,0.00,0.00,0.00,0.00,0.00,0.00,0.00,25-Jul,26-Jul,27-Jul,28-Jul,29-Jul,30-Jul,31-Jul,25-Jul,26-Jul,27-Jul,28-Jul,29-Jul,30-Jul,31-Jul,7,7,0
Amravati,Akola,Akola,Akola,Akot,20028420,Popatkhed 97 VRRWSS Tq. Akot & Telhara Dist. Akola,Vitali,678,1,0.00,0.00,0.00,0.00,0.00,0.00,0.00,0.00,0.00,0.00,0.00,0.00,0.00,0.00,25-Jul,26-Jul,27-Jul,28-Jul,29-Jul,30-Jul,31-Jul,25-Jul,26-Jul,27-Jul,28-Jul,29-Jul,30-Jul,31-Jul,7,7,0
Amravati,Akola,Akola,Akola,Akot,20028420,Popatkhed 97 VRRWSS Tq. Akot & Telhara Dist. Akola,Waai,671,2,0.00,0.00,0.00,0.00,0.00,0.00,0.00,0.00,0.00,0.00,0.00,0.00,0.00,0.00,25-Jul,26-Jul,27-Jul,28-Jul,29-Jul,30-Jul,31-Jul,25-Jul,26-Jul,27-Jul,28-Jul,29-Jul,30-Jul,31-Jul,7,7,0
Amravati,Akola,Akola,Akola,Akot,20028420,Popatkhed 97 VRRWSS Tq. Akot & Telhara Dist. Akola,Wadali Deshmukh,3704,2,4.74,5.32,2.63,5.78,0.78,0.00,0.00,128.08,143.73,71.06,156.11,21.11,0.00,0.00,25-Jul,26-Jul,27-Jul,28-Jul,29-Jul,30-Jul,31-Jul,25-Jul,26-Jul,27-Jul,28-Jul,29-Jul,30-Jul,31-Jul,2,3,4
Amravati,Akola,Akola,Akola,Akot,20028420,Popatkhed 97 VRRWSS Tq. Akot & Telhara Dist. Akola,Wadali Satwai,2205,1,1.90,1.75,1.92,2.04,1.83,1.89,1.90,85.94,79.38,86.90,92.67,83.12,85.72,86.15,25-Jul,26-Jul,27-Jul,28-Jul,29-Jul,30-Jul,31-Jul,25-Jul,26-Jul,27-Jul,28-Jul,29-Jul,30-Jul,31-Jul,0,0,7
Amravati,Akola,Akola,Akola,Akot,20028420,Popatkhed 97 VRRWSS Tq. Akot & Telhara Dist. Akola,Wadgaon Mendhe,927,3,0.05,0.01,0.68,1.52,1.48,0.45,1.04,5.06,1.29,73.71,164.30,159.52,48.29,112.22,25-Jul,26-Jul,27-Jul,28-Jul,29-Jul,30-Jul,31-Jul,25-Jul,26-Jul,27-Jul,28-Jul,29-Jul,30-Jul,31-Jul,0,3,4
Amravati,Akola,Akola,Akola,Akot,20028420,Popatkhed 97 VRRWSS Tq. Akot & Telhara Dist. Akola,Wastapur,1565,2,0.00,0.00,0.00,0.00,0.00,0.00,0.00,0.00,0.00,0.00,0.00,0.00,0.00,0.00,25-Jul,26-Jul,27-Jul,28-Jul,29-Jul,30-Jul,31-Jul,25-Jul,26-Jul,27-Jul,28-Jul,29-Jul,30-Jul,31-Jul,7,7,0
Amravati,Akola,Akola,Akola,Telhara,20028565,"Akot 84 VRRWSS Tq. Akola, Akot & Telhara Dist. Akola",Ner,1646,1,0.00,0.00,0.00,0.00,0.00,0.00,0.00,0.00,0.00,0.00,0.00,0.00,0.00,0.00,25-Jul,26-Jul,27-Jul,28-Jul,29-Jul,30-Jul,31-Jul,25-Jul,26-Jul,27-Jul,28-Jul,29-Jul,30-Jul,31-Jul,7,7,0
Amravati,Akola,Akola,Murtizapur,Murtizapur,20028270,"Lakhpuri 18 VRRWSS Tq. Murtizapur, Dist. Akola",Ghungshi,636,1,0.74,1.18,0.66,0.38,1.25,0.92,1.07,116.37,185.80,103.64,59.22,195.82,145.25,168.68,25-Jul,26-Jul,27-Jul,28-Jul,29-Jul,30-Jul,31-Jul,25-Jul,26-Jul,27-Jul,28-Jul,29-Jul,30-Jul,31-Jul,0,0,7
Amravati,Akola,Akola,Murtizapur,Murtizapur,20028270,"Lakhpuri 18 VRRWSS Tq. Murtizapur, Dist. Akola",Jambha Bk.,2328,2,0.21,0.03,0.00,0.01,0.00,0.00,0.00,8.97,1.25,0.14,0.33,0.00,0.00,0.00,25-Jul,26-Jul,27-Jul,28-Jul,29-Jul,30-Jul,31-Jul,25-Jul,26-Jul,27-Jul,28-Jul,29-Jul,30-Jul,31-Jul,3,7,0
Amravati,Akola,Akola,Murtizapur,Murtizapur,20028270,"Lakhpuri 18 VRRWSS Tq. Murtizapur, Dist. Akola",Lait,581,1,0.77,1.33,0.87,0.64,0.55,0.72,0.51,133.21,228.41,150.53,109.85,94.11,124.32,88.39,25-Jul,26-Jul,27-Jul,28-Jul,29-Jul,30-Jul,31-Jul,25-Jul,26-Jul,27-Jul,28-Jul,29-Jul,30-Jul,31-Jul,0,0,7
Amravati,Akola,Akola,Murtizapur,Murtizapur,20028270,"Lakhpuri 18 VRRWSS Tq. Murtizapur, Dist. Akola",Lakhpuri,3562,4,1.07,1.06,1.42,2.86,1.18,1.36,2.34,29.95,29.86,39.86,80.39,33.16,38.10,65.58,25-Jul,26-Jul,27-Jul,28-Jul,29-Jul,30-Jul,31-Jul,25-Jul,26-Jul,27-Jul,28-Jul,29-Jul,30-Jul,31-Jul,0,5,2
Amravati,Akola,Akola,Murtizapur,Murtizapur,20028270,"Lakhpuri 18 VRRWSS Tq. Murtizapur, Dist. Akola",Mangrul Kambe,1837,3,3.36,2.81,2.59,2.72,3.18,2.28,3.68,182.83,152.80,141.16,148.21,173.23,124.33,200.10,25-Jul,26-Jul,27-Jul,28-Jul,29-Jul,30-Jul,31-Jul,25-Jul,26-Jul,27-Jul,28-Jul,29-Jul,30-Jul,31-Jul,0,0,7
Amravati,Akola,Akola,Murtizapur,Murtizapur,20028270,"Lakhpuri 18 VRRWSS Tq. Murtizapur, Dist. Akola",Rasulpur,446,1,0.42,0.00,0.96,0.48,0.00,0.89,0.48,93.58,0.00,215.88,107.88,0.00,199.60,106.98,25-Jul,26-Jul,27-Jul,28-Jul,29-Jul,30-Jul,31-Jul,25-Jul,26-Jul,27-Jul,28-Jul,29-Jul,30-Jul,31-Jul,2,2,5
Amravati,Akola,Akola,Murtizapur,Murtizapur,20028270,"Lakhpuri 18 VRRWSS Tq. Murtizapur, Dist. Akola",Virwada,818,1,0.00,0.00,0.00,0.00,0.00,0.00,0.00,0.00,0.00,0.00,0.00,0.00,0.00,0.00,25-Jul,26-Jul,27-Jul,28-Jul,29-Jul,30-Jul,31-Jul,25-Jul,26-Jul,27-Jul,28-Jul,29-Jul,30-Jul,31-Jul,7,7,0
Amravati,Akola,Akola,Murtizapur,Murtizapur,20028298,Kurum & 2 VRRWSS Tq.Murtizapur Dist. Akola,Kurum,7124,3,0.00,0.00,0.00,0.00,0.00,0.00,0.00,0.00,0.00,0.00,0.00,0.00,0.00,0.00,25-Jul,26-Jul,27-Jul,28-Jul,29-Jul,30-Jul,31-Jul,25-Jul,26-Jul,27-Jul,28-Jul,29-Jul,30-Jul,31-Jul,7,7,0
Amravati,Akola,Akola,Murtizapur,Murtizapur,20028308,Pinjar & 2 VRRWSS Tq.Barshitakali Dist.Akola,Junana,2252,2,1.51,0.58,1.80,1.04,0.28,1.75,1.10,67.13,25.92,79.83,46.30,12.40,77.61,48.84,25-Jul,26-Jul,27-Jul,28-Jul,29-Jul,30-Jul,31-Jul,25-Jul,26-Jul,27-Jul,28-Jul,29-Jul,30-Jul,31-Jul,0,4,3
Amravati,Akola,Akola,Murtizapur,Murtizapur,20028308,Pinjar & 2 VRRWSS Tq.Barshitakali Dist.Akola,Pinjar,9112,3,3.08,4.97,1.01,1.75,2.34,2.41,1.51,33.83,54.56,11.08,19.26,25.73,26.40,16.59,25-Jul,26-Jul,27-Jul,28-Jul,29-Jul,30-Jul,31-Jul,25-Jul,26-Jul,27-Jul,28-Jul,29-Jul,30-Jul,31-Jul,0,7,0
Amravati,Akola,Akola,Murtizapur,Murtizapur,20028330,Langhapur 50 VRRWSS Tq. Murtizapur Dist. Akola,Anbhora,396,1,15.69,0.00,19.41,25.46,13.39,7.86,15.07,3961.30,0.00,4901.52,6429.53,3381.31,1984.85,3805.56,25-Jul,26-Jul,27-Jul,28-Jul,29-Jul,30-Jul,31-Jul,25-Jul,26-Jul,27-Jul,28-Jul,29-Jul,30-Jul,31-Jul,1,1,6
Amravati,Akola,Akola,Murtizapur,Murtizapur,20028330,Langhapur 50 VRRWSS Tq. Murtizapur Dist. Akola,Borta,303,4,0.00,0.72,0.00,0.00,0.21,0.70,0.00,0.00,237.20,0.00,0.00,69.58,230.89,0.00,25-Jul,26-Jul,27-Jul,28-Jul,29-Jul,30-Jul,31-Jul,25-Jul,26-Jul,27-Jul,28-Jul,29-Jul,30-Jul,31-Jul,4,4,3
Amravati,Akola,Akola,Murtizapur,Murtizapur,20028330,Langhapur 50 VRRWSS Tq. Murtizapur Dist. Akola,Chikhli,314,2,0.00,0.00,0.00,0.00,0.00,0.00,0.83,0.00,0.00,0.00,0.00,0.00,0.00,264.33,25-Jul,26-Jul,27-Jul,28-Jul,29-Jul,30-Jul,31-Jul,25-Jul,26-Jul,27-Jul,28-Jul,29-Jul,30-Jul,31-Jul,6,6,1
Amravati,Akola,Akola,Murtizapur,Murtizapur,20028330,Langhapur 50 VRRWSS Tq. Murtizapur Dist. Akola,Dahatonda,302,1,0.80,1.23,1.42,1.40,1.19,1.38,1.41,266.54,408.36,468.69,464.80,394.13,458.06,465.67,25-Jul,26-Jul,27-Jul,28-Jul,29-Jul,30-Jul,31-Jul,25-Jul,26-Jul,27-Jul,28-Jul,29-Jul,30-Jul,31-Jul,0,0,7
Amravati,Akola,Akola,Murtizapur,Murtizapur,20028330,Langhapur 50 VRRWSS Tq. Murtizapur Dist. Akola,Dhotra shinde,455,2,0.00,0.00,0.00,0.00,0.00,0.00,0.00,0.00,0.00,0.00,0.00,0.00,0.00,0.00,25-Jul,26-Jul,27-Jul,28-Jul,29-Jul,30-Jul,31-Jul,25-Jul,26-Jul,27-Jul,28-Jul,29-Jul,30-Jul,31-Jul,7,7,0
Amravati,Akola,Akola,Murtizapur,Murtizapur,20028330,Langhapur 50 VRRWSS Tq. Murtizapur Dist. Akola,Nimba,541,1,0.00,0.00,0.00,0.00,0.00,0.00,0.00,0.00,0.00,0.00,0.00,0.00,0.00,0.00,25-Jul,26-Jul,27-Jul,28-Jul,29-Jul,30-Jul,31-Jul,25-Jul,26-Jul,27-Jul,28-Jul,29-Jul,30-Jul,31-Jul,7,7,0
Amravati,Akola,Akola,Murtizapur,Murtizapur,20028330,Langhapur 50 VRRWSS Tq. Murtizapur Dist. Akola,Pohi,301,1,0.58,1.36,0.96,1.08,0.83,1.13,0.95,194.32,453.23,317.94,360.13,274.70,375.19,314.16,25-Jul,26-Jul,27-Jul,28-Jul,29-Jul,30-Jul,31-Jul,25-Jul,26-Jul,27-Jul,28-Jul,29-Jul,30-Jul,31-Jul,0,0,7
Amravati,Akola,Akola,Murtizapur,Murtizapur,20028330,Langhapur 50 VRRWSS Tq. Murtizapur Dist. Akola,Rajura Ghate,268,1,2.01,0.00,0.00,2.02,0.00,0.00,1.37,750.00,0.00,0.00,753.73,0.00,0.00,511.19,25-Jul,26-Jul,27-Jul,28-Jul,29-Jul,30-Jul,31-Jul,25-Jul,26-Jul,27-Jul,28-Jul,29-Jul,30-Jul,31-Jul,4,4,3
Amravati,Akola,Akola,Murtizapur,Murtizapur,20028330,Langhapur 50 VRRWSS Tq. Murtizapur Dist. Akola,Sirso,1395,3,0.00,0.00,0.00,0.00,0.00,0.00,0.00,0.00,0.00,0.00,0.00,0.00,0.00,0.00,25-Jul,26-Jul,27-Jul,28-Jul,29-Jul,30-Jul,31-Jul,25-Jul,26-Jul,27-Jul,28-Jul,29-Jul,30-Jul,31-Jul,7,7,0
Amravati,Akola,Akola,Murtizapur,Murtizapur,20028330,Langhapur 50 VRRWSS Tq. Murtizapur Dist. Akola,Sonori,597,2,0.00,0.39,0.41,0.00,0.50,0.59,0.00,0.00,65.33,68.68,0.00,83.75,98.83,0.00,25-Jul,26-Jul,27-Jul,28-Jul,29-Jul,30-Jul,31-Jul,25-Jul,26-Jul,27-Jul,28-Jul,29-Jul,30-Jul,31-Jul,3,3,4
Amravati,Akola,Buldhana,Buldhana,Buldhana,20021406,Padali & 5 Villages RRWSS,Gondhankhed,413,1,0.00,0.00,0.00,0.00,0.00,0.00,0.00,0.00,0.00,0.00,0.00,0.00,0.00,0.00,25-Jul,26-Jul,27-Jul,28-Jul,29-Jul,30-Jul,31-Jul,25-Jul,26-Jul,27-Jul,28-Jul,29-Jul,30-Jul,31-Jul,7,7,0
Amravati,Akola,Buldhana,Buldhana,Buldhana,20021406,Padali & 5 Villages RRWSS,Ijalpur,817,1,0.04,0.00,0.01,0.02,0.00,0.03,0.05,4.90,0.00,1.22,2.45,0.00,3.67,6.12,25-Jul,26-Jul,27-Jul,28-Jul,29-Jul,30-Jul,31-Jul,25-Jul,26-Jul,27-Jul,28-Jul,29-Jul,30-Jul,31-Jul,2,7,0
Amravati,Akola,Buldhana,Buldhana,Buldhana,20021406,Padali & 5 Villages RRWSS,Merkhed,125,1,0.00,0.07,0.00,0.00,0.00,0.00,0.15,0.00,56.00,0.00,0.00,0.00,0.00,120.00,25-Jul,26-Jul,27-Jul,28-Jul,29-Jul,30-Jul,31-Jul,25-Jul,26-Jul,27-Jul,28-Jul,29-Jul,30-Jul,31-Jul,5,5,2
Amravati,Akola,Buldhana,Buldhana,Buldhana,20021406,Padali & 5 Villages RRWSS,Padli,2502,2,0.27,0.00,0.50,0.00,0.00,0.00,0.00,10.85,0.00,20.11,0.00,0.00,0.00,0.00,25-Jul,26-Jul,27-Jul,28-Jul,29-Jul,30-Jul,31-Jul,25-Jul,26-Jul,27-Jul,28-Jul,29-Jul,30-Jul,31-Jul,5,7,0
Amravati,Akola,Buldhana,Buldhana,Buldhana,20021406,Padali & 5 Villages RRWSS,Palaskhed Nago,712,1,0.00,0.00,0.00,0.32,0.72,0.00,0.00,0.00,0.00,0.00,44.94,101.12,0.00,0.00,25-Jul,26-Jul,27-Jul,28-Jul,29-Jul,30-Jul,31-Jul,25-Jul,26-Jul,27-Jul,28-Jul,29-Jul,30-Jul,31-Jul,5,6,1
Amravati,Akola,Buldhana,Buldhana,Buldhana,20021406,Padali & 5 Villages RRWSS,Palaskhed Naik,1098,1,0.00,0.00,0.00,0.00,0.00,0.00,0.00,0.00,0.00,0.00,0.00,0.00,0.00,0.00,25-Jul,26-Jul,27-Jul,28-Jul,29-Jul,30-Jul,31-Jul,25-Jul,26-Jul,27-Jul,28-Jul,29-Jul,30-Jul,31-Jul,7,7,0
Amravati,Akola,Buldhana,Buldhana,Motala,20021409,Kurha & 2 Villages RRWSS,Gotmara,1309,1,0.00,0.00,0.00,0.00,0.00,0.00,0.00,0.00,0.00,0.00,0.00,0.00,0.00,0.00,25-Jul,26-Jul,27-Jul,28-Jul,29-Jul,30-Jul,31-Jul,25-Jul,26-Jul,27-Jul,28-Jul,29-Jul,30-Jul,31-Jul,7,7,0
Amravati,Akola,Buldhana,Buldhana,Motala,20021409,Kurha & 2 Villages RRWSS,Hanwatkhed,801,1,0.00,0.00,0.00,0.00,0.00,0.00,0.00,0.00,0.00,0.00,0.00,0.00,0.00,0.00,25-Jul,26-Jul,27-Jul,28-Jul,29-Jul,30-Jul,31-Jul,25-Jul,26-Jul,27-Jul,28-Jul,29-Jul,30-Jul,31-Jul,7,7,0
Amravati,Akola,Buldhana,Buldhana,Motala,20021409,Kurha & 2 Villages RRWSS,Kurha,2299,2,0.93,2.11,0.80,1.36,1.38,0.84,1.23,40.55,91.78,34.80,59.16,60.03,36.54,53.50,25-Jul,26-Jul,27-Jul,28-Jul,29-Jul,30-Jul,31-Jul,25-Jul,26-Jul,27-Jul,28-Jul,29-Jul,30-Jul,31-Jul,0,4,3
Amravati,Akola,Buldhana,Buldhana,Motala,20027978,Dhamangaon Deshmukh & 9 Villages RRWSS,Bhangi Tanda,398,1,0.00,0.00,0.00,0.00,0.00,0.00,0.00,0.00,0.00,0.00,0.00,0.00,0.00,0.00,25-Jul,26-Jul,27-Jul,28-Jul,29-Jul,30-Jul,31-Jul,25-Jul,26-Jul,27-Jul,28-Jul,29-Jul,30-Jul,31-Jul,7,7,0
Amravati,Akola,Buldhana,Buldhana,Motala,20027978,Dhamangaon Deshmukh & 9 Villages RRWSS,Bhangi Vasti,244,1,0.00,0.00,0.00,0.00,0.00,0.00,0.00,0.00,0.00,0.00,0.00,0.00,0.00,0.00,25-Jul,26-Jul,27-Jul,28-Jul,29-Jul,30-Jul,31-Jul,25-Jul,26-Jul,27-Jul,28-Jul,29-Jul,30-Jul,31-Jul,7,7,0
Amravati,Akola,Buldhana,Buldhana,Motala,20027978,Dhamangaon Deshmukh & 9 Villages RRWSS,Chinchkhed Nath,1366,2,0.02,0.01,0.00,0.38,0.09,0.01,0.01,1.68,0.49,0.34,28.04,6.74,0.86,0.53,25-Jul,26-Jul,27-Jul,28-Jul,29-Jul,30-Jul,31-Jul,25-Jul,26-Jul,27-Jul,28-Jul,29-Jul,30-Jul,31-Jul,0,7,0
Amravati,Akola,Buldhana,Buldhana,Motala,20027978,Dhamangaon Deshmukh & 9 Villages RRWSS,Dhamangaon Deshmukh,1452,1,0.00,0.00,0.00,0.00,0.00,0.00,0.00,0.00,0.00,0.00,0.00,0.00,0.00,0.00,25-Jul,26-Jul,27-Jul,28-Jul,29-Jul,30-Jul,31-Jul,25-Jul,26-Jul,27-Jul,28-Jul,29-Jul,30-Jul,31-Jul,7,7,0
Amravati,Akola,Buldhana,Buldhana,Motala,20027978,Dhamangaon Deshmukh & 9 Villages RRWSS,Giroli,1418,1,0.00,0.00,0.00,0.00,0.00,0.00,0.00,0.00,0.00,0.00,0.00,0.00,0.00,0.00,25-Jul,26-Jul,27-Jul,28-Jul,29-Jul,30-Jul,31-Jul,25-Jul,26-Jul,27-Jul,28-Jul,29-Jul,30-Jul,31-Jul,7,7,0
Amravati,Akola,Buldhana,Buldhana,Motala,20027978,Dhamangaon Deshmukh & 9 Villages RRWSS,Isalwadi,1075,1,0.81,0.00,0.04,1.42,0.00,0.00,0.00,75.08,0.00,3.50,131.75,0.00,0.00,0.00,25-Jul,26-Jul,27-Jul,28-Jul,29-Jul,30-Jul,31-Jul,25-Jul,26-Jul,27-Jul,28-Jul,29-Jul,30-Jul,31-Jul,4,5,2
Amravati,Akola,Buldhana,Buldhana,Motala,20027978,Dhamangaon Deshmukh & 9 Villages RRWSS,Nimkhedi,850,1,0.11,0.00,0.00,0.00,0.21,0.00,0.00,13.15,0.00,0.00,0.00,25.13,0.00,0.00,25-Jul,26-Jul,27-Jul,28-Jul,29-Jul,30-Jul,31-Jul,25-Jul,26-Jul,27-Jul,28-Jul,29-Jul,30-Jul,31-Jul,5,7,0
Amravati,Akola,Buldhana,Buldhana,Motala,20027978,Dhamangaon Deshmukh & 9 Villages RRWSS,Pimpalgaon Nath,1482,2,0.00,0.00,0.00,0.00,0.00,0.00,0.00,0.00,0.07,0.00,0.00,0.00,0.06,0.06,25-Jul,26-Jul,27-Jul,28-Jul,29-Jul,30-Jul,31-Jul,25-Jul,26-Jul,27-Jul,28-Jul,29-Jul,30-Jul,31-Jul,4,7,0
Amravati,Akola,Buldhana,Buldhana,Motala,20027978,Dhamangaon Deshmukh & 9 Villages RRWSS,Pimpalgaon Nath Tanda,891,2,0.00,5.66,3.44,3.22,12.00,12.80,3.68,0.43,635.20,385.70,361.07,1346.95,1436.52,413.11,25-Jul,26-Jul,27-Jul,28-Jul,29-Jul,30-Jul,31-Jul,25-Jul,26-Jul,27-Jul,28-Jul,29-Jul,30-Jul,31-Jul,0,1,6
Amravati,Akola,Buldhana,Buldhana,Motala,20027978,Dhamangaon Deshmukh & 9 Villages RRWSS,Ramgaon Tanda,475,3,0.43,0.00,0.00,0.81,0.18,0.00,0.00,89.87,0.00,0.00,170.53,37.89,0.00,0.00,25-Jul,26-Jul,27-Jul,28-Jul,29-Jul,30-Jul,31-Jul,25-Jul,26-Jul,27-Jul,28-Jul,29-Jul,30-Jul,31-Jul,4,5,2
Amravati,Akola,Buldhana,Buldhana,Motala,20028065,Pophali & 3 Villages RRWSS,Chawarda,1202,1,5.94,0.00,0.00,4.64,9.73,1.78,0.00,494.23,0.00,0.00,386.02,809.48,148.09,0.00,25-Jul,26-Jul,27-Jul,28-Jul,29-Jul,30-Jul,31-Jul,25-Jul,26-Jul,27-Jul,28-Jul,29-Jul,30-Jul,31-Jul,3,3,4
Amravati,Akola,Buldhana,Buldhana,Motala,20028065,Pophali & 3 Villages RRWSS,Dhonkhed,970,2,0.64,0.18,0.00,0.30,0.00,0.56,0.48,66.47,18.56,0.00,30.93,0.00,57.73,49.48,25-Jul,26-Jul,27-Jul,28-Jul,29-Jul,30-Jul,31-Jul,25-Jul,26-Jul,27-Jul,28-Jul,29-Jul,30-Jul,31-Jul,2,5,2
Amravati,Akola,Buldhana,Buldhana,Motala,20028065,Pophali & 3 Villages RRWSS,Pophali,2833,2,3.38,1.30,2.43,2.14,2.82,3.09,1.31,119.40,45.88,85.93,75.48,99.44,109.24,46.17,25-Jul,26-Jul,27-Jul,28-Jul,29-Jul,30-Jul,31-Jul,25-Jul,26-Jul,27-Jul,28-Jul,29-Jul,30-Jul,31-Jul,0,2,5
Amravati,Akola,Buldhana,Buldhana,Motala,20028065,Pophali & 3 Villages RRWSS,Wadi,724,2,0.12,0.09,0.00,0.14,0.00,0.08,0.08,15.94,12.43,0.38,19.83,0.05,11.05,11.05,25-Jul,26-Jul,27-Jul,28-Jul,29-Jul,30-Jul,31-Jul,25-Jul,26-Jul,27-Jul,28-Jul,29-Jul,30-Jul,31-Jul,0,7,0
Amravati,Akola,Buldhana,Deulgaon Raja,Deulgaon Raja,20011134,Andhera & 9 Villages RRWSS,Dhotra Nandai,2187,3,0.00,0.22,0.05,0.00,0.00,0.00,0.31,0.00,10.07,2.17,0.00,0.00,0.01,14.39,25-Jul,26-Jul,27-Jul,28-Jul,29-Jul,30-Jul,31-Jul,25-Jul,26-Jul,27-Jul,28-Jul,29-Jul,30-Jul,31-Jul,3,7,0
Amravati,Akola,Buldhana,Deulgaon Raja,Deulgaon Raja,20011134,Andhera & 9 Villages RRWSS,Shivni Armal,2142,2,0.00,0.46,0.68,0.85,0.64,0.65,0.87,0.00,21.52,31.89,39.57,29.99,30.32,40.38,25-Jul,26-Jul,27-Jul,28-Jul,29-Jul,30-Jul,31-Jul,25-Jul,26-Jul,27-Jul,28-Jul,29-Jul,30-Jul,31-Jul,1,7,0
Amravati,Akola,Buldhana,Deulgaon Raja,Deulgaon Raja,20011134,Andhera & 9 Villages RRWSS,Waki Bk,1470,2,0.00,0.00,0.26,0.28,0.26,0.00,0.00,0.00,0.00,17.54,18.94,17.92,0.09,0.00,25-Jul,26-Jul,27-Jul,28-Jul,29-Jul,30-Jul,31-Jul,25-Jul,26-Jul,27-Jul,28-Jul,29-Jul,30-Jul,31-Jul,3,7,0
Amravati,Akola,Buldhana,Khamgaon,Khamgaon,20094753,Sambhapur & 4 Villages RRWSS,Sambhapur,950,2,0.00,0.00,0.00,1.30,0.78,0.00,0.00,0.00,0.00,0.00,136.58,81.98,0.00,0.00,25-Jul,26-Jul,27-Jul,28-Jul,29-Jul,30-Jul,31-Jul,25-Jul,26-Jul,27-Jul,28-Jul,29-Jul,30-Jul,31-Jul,5,5,2
Amravati,Akola,Buldhana,Khamgaon,Khamgaon,20094753,Sambhapur & 4 Villages RRWSS,Umara,1514,1,0.00,0.00,0.00,0.00,0.00,0.00,0.00,0.00,0.00,0.00,0.00,0.00,0.00,0.00,25-Jul,26-Jul,27-Jul,28-Jul,29-Jul,30-Jul,31-Jul,25-Jul,26-Jul,27-Jul,28-Jul,29-Jul,30-Jul,31-Jul,7,7,0
Amravati,Akola,Buldhana,Khamgaon,Nandura,20028083,Wadali & 8 Villages RRWSS,Barafgaon,480,3,0.00,0.00,0.00,0.00,0.00,0.00,0.00,0.00,0.00,0.00,0.00,0.00,0.00,0.00,25-Jul,26-Jul,27-Jul,28-Jul,29-Jul,30-Jul,31-Jul,25-Jul,26-Jul,27-Jul,28-Jul,29-Jul,30-Jul,31-Jul,7,7,0
Amravati,Akola,Buldhana,Khamgaon,Nandura,20028083,Wadali & 8 Villages RRWSS,Khatkhed,581,1,0.00,0.00,0.00,0.00,0.00,0.00,0.00,0.00,0.00,0.00,0.00,0.00,0.00,0.00,25-Jul,26-Jul,27-Jul,28-Jul,29-Jul,30-Jul,31-Jul,25-Jul,26-Jul,27-Jul,28-Jul,29-Jul,30-Jul,31-Jul,7,7,0
Amravati,Akola,Buldhana,Khamgaon,Nandura,20028083,Wadali & 8 Villages RRWSS,Muramba,596,2,0.00,0.00,0.00,0.00,0.00,0.00,0.00,0.00,0.00,0.00,0.00,0.00,0.00,0.00,25-Jul,26-Jul,27-Jul,28-Jul,29-Jul,30-Jul,31-Jul,25-Jul,26-Jul,27-Jul,28-Jul,29-Jul,30-Jul,31-Jul,7,7,0
Amravati,Akola,Buldhana,Khamgaon,Nandura,20028083,Wadali & 8 Villages RRWSS,Pimpalkuta Dhande,912,2,0.00,0.00,0.00,0.00,0.00,0.00,0.00,0.41,0.00,0.25,0.00,0.00,0.00,0.53,25-Jul,26-Jul,27-Jul,28-Jul,29-Jul,30-Jul,31-Jul,25-Jul,26-Jul,27-Jul,28-Jul,29-Jul,30-Jul,31-Jul,4,7,0
Amravati,Akola,Buldhana,Khamgaon,Nandura,20028083,Wadali & 8 Villages RRWSS,Wadali,1192,2,0.00,0.00,0.00,0.00,0.00,0.00,0.00,0.00,0.00,0.00,0.00,0.00,0.00,0.00,25-Jul,26-Jul,27-Jul,28-Jul,29-Jul,30-Jul,31-Jul,25-Jul,26-Jul,27-Jul,28-Jul,29-Jul,30-Jul,31-Jul,7,7,0
Amravati,Akola,Buldhana,Khamgaon,Nandura,20028083,Wadali & 8 Villages RRWSS,Wasadi,792,2,0.00,0.00,0.00,0.00,0.00,0.00,0.00,0.00,0.00,0.00,0.00,0.00,0.00,0.00,25-Jul,26-Jul,27-Jul,28-Jul,29-Jul,30-Jul,31-Jul,25-Jul,26-Jul,27-Jul,28-Jul,29-Jul,30-Jul,31-Jul,7,7,0
Amravati,Amravati,Amravati W.M,Daryapur,Anjangaon,20005043,156 Villages Strengthening scheme of 144 villages RR,Telkheda,220,1,0.00,0.00,0.00,0.00,0.00,0.00,330089.08,0.00,0.00,0.00,0.00,0.00,0.00,150040489.53,25-Jul,26-Jul,27-Jul,28-Jul,29-Jul,30-Jul,31-Jul,25-Jul,26-Jul,27-Jul,28-Jul,29-Jul,30-Jul,31-Jul,6,6,1
Amravati,Amravati,Amravati W.M,Daryapur,Anjangaon,20005043,156 Villages Strengthening scheme of 144 villages RR,Yerandgaon,712,1,682.13,711.03,645.89,746.15,672.55,685.50,534.03,95804.78,99863.76,90714.89,104796.35,94459.27,96278.09,75004.21,25-Jul,26-Jul,27-Jul,28-Jul,29-Jul,30-Jul,31-Jul,25-Jul,26-Jul,27-Jul,28-Jul,29-Jul,30-Jul,31-Jul,0,0,7
Amravati,Amravati,Amravati W.M,Daryapur,Daryapur,20005043,156 Villages Strengthening scheme of 144 villages RR,Ghodchandi,743,1,931.25,430.45,563.53,566.75,497.29,668.17,621.43,125335.80,57934.05,75845.22,76278.60,66930.01,89928.67,83637.95,25-Jul,26-Jul,27-Jul,28-Jul,29-Jul,30-Jul,31-Jul,25-Jul,26-Jul,27-Jul,28-Jul,29-Jul,30-Jul,31-Jul,0,0,7
Amravati,Amravati,Amravati W.M,Daryapur,Daryapur,20005043,156 Villages Strengthening scheme of 144 villages RR,Katkheda,408,1,1833.39,0.00,1232.92,555.89,856.73,728.42,0.00,449360.29,0.00,302187.06,136247.55,209982.84,178533.34,0.00,25-Jul,26-Jul,27-Jul,28-Jul,29-Jul,30-Jul,31-Jul,25-Jul,26-Jul,27-Jul,28-Jul,29-Jul,30-Jul,31-Jul,2,2,5
Amravati,Amravati,Amravati W.M,Daryapur,Daryapur,20005043,156 Villages Strengthening scheme of 144 villages RR,Pimplod,4197,2,4.93,4.74,6.85,5.61,4.46,7.01,6.22,117.53,113.05,163.20,133.66,106.17,167.09,148.26,25-Jul,26-Jul,27-Jul,28-Jul,29-Jul,30-Jul,31-Jul,25-Jul,26-Jul,27-Jul,28-Jul,29-Jul,30-Jul,31-Jul,0,0,7
Amravati,Amravati,Amravati W.M,Daryapur,Daryapur,20005043,156 Villages Strengthening scheme of 144 villages RR,Rajkhed,564,1,0.03,0.33,0.04,0.40,0.00,0.40,0.00,5.78,58.51,7.42,70.92,0.00,70.92,0.00,25-Jul,26-Jul,27-Jul,28-Jul,29-Jul,30-Jul,31-Jul,25-Jul,26-Jul,27-Jul,28-Jul,29-Jul,30-Jul,31-Jul,2,4,3
Amravati,Amravati,Amravati W.M,W.M.Amravati - 2,Achalpur,20003791,105 Villages RRWSS,Virshi,1231,1,0.86,5.49,5.64,1.88,3.90,3.09,2.04,69.87,445.98,457.89,152.72,316.82,251.02,165.72,25-Jul,26-Jul,27-Jul,28-Jul,29-Jul,30-Jul,31-Jul,25-Jul,26-Jul,27-Jul,28-Jul,29-Jul,30-Jul,31-Jul,0,0,7
Amravati,Amravati,Amravati W.M,W.M.Amravati - 2,Achalpur,20003791,105 Villages RRWSS,Waigaon,1824,2,0.00,0.00,0.00,0.00,0.00,0.00,0.00,0.00,0.00,0.00,0.00,0.00,0.00,0.00,25-Jul,26-Jul,27-Jul,28-Jul,29-Jul,30-Jul,31-Jul,25-Jul,26-Jul,27-Jul,28-Jul,29-Jul,30-Jul,31-Jul,7,7,0
Amravati,Amravati,Amravati W.M,W.M.Amravati - 2,Achalpur,20003791,105 Villages RRWSS,Waki,872,2,0.00,0.00,0.00,0.10,0.27,0.00,0.13,0.00,0.00,0.00,11.47,30.96,0.00,14.91,25-Jul,26-Jul,27-Jul,28-Jul,29-Jul,30-Jul,31-Jul,25-Jul,26-Jul,27-Jul,28-Jul,29-Jul,30-Jul,31-Jul,4,7,0
Amravati,Amravati,Amravati W.M,W.M.Amravati - 2,Achalpur,20003791,105 Villages RRWSS,Wandli,494,1,8.87,4.17,5.91,6.54,6.52,4.67,6.07,1796.10,844.13,1196.36,1323.89,1319.84,945.34,1228.74,25-Jul,26-Jul,27-Jul,28-Jul,29-Jul,30-Jul,31-Jul,25-Jul,26-Jul,27-Jul,28-Jul,29-Jul,30-Jul,31-Jul,0,0,7
Amravati,Amravati,Amravati W.M,W.M.Amravati - 2,Achalpur,20003791,105 Villages RRWSS,Wathoda,2563,2,1.28,1.05,2.67,2.92,2.42,0.35,1.77,49.81,40.97,104.17,113.93,94.42,13.66,69.06,25-Jul,26-Jul,27-Jul,28-Jul,29-Jul,30-Jul,31-Jul,25-Jul,26-Jul,27-Jul,28-Jul,29-Jul,30-Jul,31-Jul,0,3,4
Amravati,Amravati,Amravati W.M,W.M.Amravati - 2,Achalpur,20003791,105 Villages RRWSS,Yelki,1086,2,0.00,0.00,0.00,0.00,0.00,0.00,0.00,0.00,0.00,0.00,0.00,0.00,0.00,0.00,25-Jul,26-Jul,27-Jul,28-Jul,29-Jul,30-Jul,31-Jul,25-Jul,26-Jul,27-Jul,28-Jul,29-Jul,30-Jul,31-Jul,7,7,0
Amravati,Amravati,Amravati W.M,W.M.Amravati - 2,Achalpur,20003791,105 Villages RRWSS,Zanji,175,3,0.58,1.59,1.01,1.25,1.28,1.41,0.97,329.92,908.57,577.14,714.29,731.43,805.71,554.29,25-Jul,26-Jul,27-Jul,28-Jul,29-Jul,30-Jul,31-Jul,25-Jul,26-Jul,27-Jul,28-Jul,29-Jul,30-Jul,31-Jul,0,0,7
Amravati,Amravati,Amravati W.M,W.M.Amravati - 2,Amravati,20003791,105 Villages RRWSS,Chinchkheda,1185,2,1.08,0.67,0.70,0.68,0.76,0.66,0.88,91.02,56.54,59.07,57.38,64.14,55.70,74.26,25-Jul,26-Jul,27-Jul,28-Jul,29-Jul,30-Jul,31-Jul,25-Jul,26-Jul,27-Jul,28-Jul,29-Jul,30-Jul,31-Jul,0,0,7
Amravati,Amravati,Amravati W.M,W.M.Amravati - 2,Amravati,20003791,105 Villages RRWSS,Rama,891,2,12.21,21.50,17.77,15.70,15.09,17.43,18.12,1370.76,2413.02,1994.39,1762.07,1693.60,1956.23,2033.18,25-Jul,26-Jul,27-Jul,28-Jul,29-Jul,30-Jul,31-Jul,25-Jul,26-Jul,27-Jul,28-Jul,29-Jul,30-Jul,31-Jul,0,0,7
Amravati,Amravati,Amravati W.M,W.M.Amravati - 2,Amravati,20003791,105 Villages RRWSS,Saur,3880,1,0.41,1.11,1.13,1.23,1.20,1.14,1.32,10.66,28.61,29.12,31.70,30.93,29.38,34.02,25-Jul,26-Jul,27-Jul,28-Jul,29-Jul,30-Jul,31-Jul,25-Jul,26-Jul,27-Jul,28-Jul,29-Jul,30-Jul,31-Jul,0,7,0
Amravati,Amravati,Amravati W.M,W.M.Amravati - 2,Amravati,20003791,105 Villages RRWSS,Sayat,2238,5,1.57,1.69,0.90,0.00,1.50,1.48,1.74,70.08,75.51,40.21,0.00,67.02,66.13,77.75,25-Jul,26-Jul,27-Jul,28-Jul,29-Jul,30-Jul,31-Jul,25-Jul,26-Jul,27-Jul,28-Jul,29-Jul,30-Jul,31-Jul,1,2,5
Amravati,Amravati,Amravati W.M,W.M.Amravati - 2,Amravati,20003791,105 Villages RRWSS,Selora,1555,1,0.66,0.96,1.00,0.99,0.83,1.33,0.82,42.37,61.74,64.31,63.67,53.38,85.53,52.73,25-Jul,26-Jul,27-Jul,28-Jul,29-Jul,30-Jul,31-Jul,25-Jul,26-Jul,27-Jul,28-Jul,29-Jul,30-Jul,31-Jul,0,3,4
Amravati,Amravati,Amravati W.M,W.M.Amravati - 2,Amravati,20003791,105 Villages RRWSS,Shirajgaon,1491,6,7.17,6.60,7.29,6.54,7.62,6.44,7.57,481.22,442.66,488.93,438.63,511.07,431.92,507.71,25-Jul,26-Jul,27-Jul,28-Jul,29-Jul,30-Jul,31-Jul,25-Jul,26-Jul,27-Jul,28-Jul,29-Jul,30-Jul,31-Jul,0,0,7
Amravati,Amravati,Amravati W.M,W.M.Amravati - 2,Amravati,20003791,105 Villages RRWSS,Shirala,10390,6,5.22,4.63,5.31,4.38,4.96,2.42,4.87,50.21,44.56,51.11,42.16,47.74,23.29,46.87,25-Jul,26-Jul,27-Jul,28-Jul,29-Jul,30-Jul,31-Jul,25-Jul,26-Jul,27-Jul,28-Jul,29-Jul,30-Jul,31-Jul,0,7,0
Amravati,Amravati,Amravati W.M,W.M.Amravati - 2,Amravati,20003791,105 Villages RRWSS,Takarkheda,1961,4,0.00,0.00,0.00,0.00,0.00,0.00,0.00,0.00,0.00,0.00,0.00,0.00,0.00,0.00,25-Jul,26-Jul,27-Jul,28-Jul,29-Jul,30-Jul,31-Jul,25-Jul,26-Jul,27-Jul,28-Jul,29-Jul,30-Jul,31-Jul,7,7,0
Amravati,Amravati,Amravati W.M,W.M.Amravati - 2,Amravati,20003791,105 Villages RRWSS,Talwel,4024,6,3.09,4.10,3.55,4.29,3.43,4.51,3.80,76.80,101.89,88.32,106.61,85.24,112.11,94.43,25-Jul,26-Jul,27-Jul,28-Jul,29-Jul,30-Jul,31-Jul,25-Jul,26-Jul,27-Jul,28-Jul,29-Jul,30-Jul,31-Jul,0,0,7
Amravati,Amravati,Amravati W.M,W.M.Amravati - 2,Amravati,20003791,105 Villages RRWSS,Tarkheda,3773,3,3.84,3.16,3.48,3.34,3.46,0.19,3.74,101.90,83.75,92.23,88.52,91.70,5.04,99.13,25-Jul,26-Jul,27-Jul,28-Jul,29-Jul,30-Jul,31-Jul,25-Jul,26-Jul,27-Jul,28-Jul,29-Jul,30-Jul,31-Jul,0,1,6
Amravati,Amravati,Amravati W.M,W.M.Amravati - 2,Bhatkuli,20003791,105 Villages RRWSS,Anakwadi,649,1,0.07,0.00,0.55,0.00,0.00,0.49,0.00,10.58,0.00,84.75,0.00,0.00,75.50,0.00,25-Jul,26-Jul,27-Jul,28-Jul,29-Jul,30-Jul,31-Jul,25-Jul,26-Jul,27-Jul,28-Jul,29-Jul,30-Jul,31-Jul,4,5,2
Amravati,Amravati,Amravati W.M,W.M.Amravati - 2,Bhatkuli,20003791,105 Villages RRWSS,Asegaon,4180,6,1.11,1.11,1.11,1.11,1.11,1.11,1.11,26.54,26.56,26.56,26.56,26.56,26.62,26.56,25-Jul,26-Jul,27-Jul,28-Jul,29-Jul,30-Jul,31-Jul,25-Jul,26-Jul,27-Jul,28-Jul,29-Jul,30-Jul,31-Jul,0,7,0
Amravati,Amravati,Amravati W.M,W.M.Amravati - 2,Bhatkuli,20003791,105 Villages RRWSS,Ashti,3472,5,1.77,2.17,3.33,2.69,2.09,3.55,2.60,51.10,62.50,95.91,77.48,60.20,102.25,74.88,25-Jul,26-Jul,27-Jul,28-Jul,29-Jul,30-Jul,31-Jul,25-Jul,26-Jul,27-Jul,28-Jul,29-Jul,30-Jul,31-Jul,0,1,6
Amravati,Amravati,Amravati W.M,W.M.Amravati - 2,Bhatkuli,20003791,105 Villages RRWSS,Bhalsi,519,1,0.46,0.51,0.73,0.51,0.65,0.51,0.62,89.07,98.27,140.66,98.27,125.24,98.27,119.46,25-Jul,26-Jul,27-Jul,28-Jul,29-Jul,30-Jul,31-Jul,25-Jul,26-Jul,27-Jul,28-Jul,29-Jul,30-Jul,31-Jul,0,0,7
Amravati,Amravati,Amravati W.M,W.M.Amravati - 2,Bhatkuli,20003791,105 Villages RRWSS,Bhatkuli NP,1310,2,7.91,7.71,7.06,7.19,7.30,7.69,7.17,603.94,588.52,538.93,548.85,557.25,587.02,547.33,25-Jul,26-Jul,27-Jul,28-Jul,29-Jul,30-Jul,31-Jul,25-Jul,26-Jul,27-Jul,28-Jul,29-Jul,30-Jul,31-Jul,0,0,7
Amravati,Amravati,Amravati W.M,W.M.Amravati - 2,Bhatkuli,20003791,105 Villages RRWSS,Chakur,418,1,0.00,0.00,0.00,0.00,0.00,0.00,0.00,0.00,0.00,0.00,0.00,0.00,0.00,0.00,25-Jul,26-Jul,27-Jul,28-Jul,29-Jul,30-Jul,31-Jul,25-Jul,26-Jul,27-Jul,28-Jul,29-Jul,30-Jul,31-Jul,7,7,0
Amravati,Amravati,Amravati W.M,W.M.Amravati - 2,Bhatkuli,20003791,105 Villages RRWSS,Chimnapur E.,0,1,0.10,0.01,0.17,0.00,0.00,0.20,0.00,0.00,0.00,0.00,0.00,0.00,0.00,0.00,25-Jul,26-Jul,27-Jul,28-Jul,29-Jul,30-Jul,31-Jul,25-Jul,26-Jul,27-Jul,28-Jul,29-Jul,30-Jul,31-Jul,7,7,0
Amravati,Amravati,Amravati W.M,W.M.Amravati - 2,Bhatkuli,20003791,105 Villages RRWSS,Chincholi,1637,3,0.00,0.00,0.00,0.00,0.00,0.00,0.00,0.00,0.00,0.00,0.00,0.00,0.00,0.00,25-Jul,26-Jul,27-Jul,28-Jul,29-Jul,30-Jul,31-Jul,25-Jul,26-Jul,27-Jul,28-Jul,29-Jul,30-Jul,31-Jul,7,7,0
Amravati,Amravati,Amravati W.M,W.M.Amravati - 2,Bhatkuli,20003791,105 Villages RRWSS,Dautpur -Kanfodi,353,1,0.63,0.62,0.88,0.76,0.46,0.79,0.82,178.40,175.64,249.29,215.30,130.31,223.80,232.29,25-Jul,26-Jul,27-Jul,28-Jul,29-Jul,30-Jul,31-Jul,25-Jul,26-Jul,27-Jul,28-Jul,29-Jul,30-Jul,31-Jul,0,0,7
Amravati,Amravati,Amravati W.M,W.M.Amravati - 2,Bhatkuli,20003791,105 Villages RRWSS,Deori,757,2,1.77,1.90,1.42,1.88,1.96,1.93,1.48,233.94,250.99,187.58,248.35,258.92,254.95,195.51,25-Jul,26-Jul,27-Jul,28-Jul,29-Jul,30-Jul,31-Jul,25-Jul,26-Jul,27-Jul,28-Jul,29-Jul,30-Jul,31-Jul,0,0,7
Amravati,Amravati,Amravati W.M,W.M.Amravati - 2,Bhatkuli,20003791,105 Villages RRWSS,Dhamori,737,4,42.17,38.86,35.63,34.69,34.06,37.20,37.64,5722.27,5272.98,4834.21,4706.24,4621.86,5047.49,5107.73,25-Jul,26-Jul,27-Jul,28-Jul,29-Jul,30-Jul,31-Jul,25-Jul,26-Jul,27-Jul,28-Jul,29-Jul,30-Jul,31-Jul,0,0,7
Amravati,Amravati,Amravati W.M,W.M.Amravati - 2,Bhatkuli,20003791,105 Villages RRWSS,Dhangarkheda,326,1,0.56,0.60,0.28,0.52,0.41,0.43,0.44,170.66,184.05,85.89,159.51,125.77,131.90,134.97,25-Jul,26-Jul,27-Jul,28-Jul,29-Jul,30-Jul,31-Jul,25-Jul,26-Jul,27-Jul,28-Jul,29-Jul,30-Jul,31-Jul,0,0,7
Amravati,Amravati,Amravati W.M,W.M.Amravati - 2,Bhatkuli,20003791,105 Villages RRWSS,Gajanan Township,0,3,5.22,5.59,4.77,5.56,4.85,5.31,4.73,0.00,0.00,0.00,0.00,0.00,0.00,0.00,25-Jul,26-Jul,27-Jul,28-Jul,29-Jul,30-Jul,31-Jul,25-Jul,26-Jul,27-Jul,28-Jul,29-Jul,30-Jul,31-Jul,7,7,0
Amravati,Amravati,Amravati W.M,W.M.Amravati - 2,Bhatkuli,20003791,105 Villages RRWSS,Hatkhed,1221,3,0.39,0.51,0.74,0.60,0.84,0.64,0.58,31.59,41.77,60.61,49.14,68.80,52.42,47.50,25-Jul,26-Jul,27-Jul,28-Jul,29-Jul,30-Jul,31-Jul,25-Jul,26-Jul,27-Jul,28-Jul,29-Jul,30-Jul,31-Jul,0,5,2
Amravati,Amravati,Amravati W.M,W.M.Amravati - 2,Bhatkuli,20003791,105 Villages RRWSS,Hiwara,689,1,10.74,8.36,11.14,7.97,11.48,9.01,10.79,1558.78,1213.35,1616.84,1156.75,1666.18,1307.69,1566.04,25-Jul,26-Jul,27-Jul,28-Jul,29-Jul,30-Jul,31-Jul,25-Jul,26-Jul,27-Jul,28-Jul,29-Jul,30-Jul,31-Jul,0,0,7
Amravati,Amravati,Amravati W.M,W.M.Amravati - 2,Bhatkuli,20003791,105 Villages RRWSS,Jalaka,1577,1,0.40,0.45,0.74,0.85,0.74,0.24,0.86,25.19,28.54,46.92,53.90,46.92,15.22,54.53,25-Jul,26-Jul,27-Jul,28-Jul,29-Jul,30-Jul,31-Jul,25-Jul,26-Jul,27-Jul,28-Jul,29-Jul,30-Jul,31-Jul,0,7,0
Amravati,Amravati,Amravati W.M,W.M.Amravati - 2,Bhatkuli,20003791,105 Villages RRWSS,Khanapur,681,2,0.24,0.46,0.20,0.40,0.39,0.20,0.37,34.76,67.55,29.37,58.74,57.27,29.37,54.33,25-Jul,26-Jul,27-Jul,28-Jul,29-Jul,30-Jul,31-Jul,25-Jul,26-Jul,27-Jul,28-Jul,29-Jul,30-Jul,31-Jul,0,4,3
Amravati,Amravati,Amravati W.M,W.M.Amravati - 2,Bhatkuli,20003791,105 Villages RRWSS,Kharala,2392,3,10.31,10.16,10.03,10.08,10.48,10.08,10.06,431.07,424.75,419.31,421.40,438.13,421.40,420.57,25-Jul,26-Jul,27-Jul,28-Jul,29-Jul,30-Jul,31-Jul,25-Jul,26-Jul,27-Jul,28-Jul,29-Jul,30-Jul,31-Jul,0,0,7
Amravati,Amravati,Amravati W.M,W.M.Amravati - 2,Bhatkuli,20003791,105 Villages RRWSS,Kharwadi,1634,1,1.57,0.70,1.46,0.55,1.28,1.09,1.47,96.32,42.84,89.35,33.66,78.34,66.71,89.96,25-Jul,26-Jul,27-Jul,28-Jul,29-Jul,30-Jul,31-Jul,25-Jul,26-Jul,27-Jul,28-Jul,29-Jul,30-Jul,31-Jul,0,2,5
Amravati,Amravati,Amravati W.M,W.M.Amravati - 2,Bhatkuli,20003791,105 Villages RRWSS,Khumagad,608,1,0.00,0.00,0.69,0.00,0.57,0.00,0.62,0.00,0.00,113.49,0.00,93.75,0.00,101.97,25-Jul,26-Jul,27-Jul,28-Jul,29-Jul,30-Jul,31-Jul,25-Jul,26-Jul,27-Jul,28-Jul,29-Jul,30-Jul,31-Jul,4,4,3
Amravati,Amravati,Amravati W.M,W.M.Amravati - 2,Bhatkuli,20003791,105 Villages RRWSS,Koltek,,1,0.00,0.00,0.00,0.00,0.00,0.00,0.00,0.00,0.00,0.00,0.00,0.00,0.00,0.00,25-Jul,26-Jul,27-Jul,28-Jul,29-Jul,30-Jul,31-Jul,25-Jul,26-Jul,27-Jul,28-Jul,29-Jul,30-Jul,31-Jul,7,7,0
Amravati,Amravati,Amravati W.M,W.M.Amravati - 2,Chandur Bazar,20003791,105 Villages RRWSS,Krishnapur,1029,1,1.35,1.55,1.47,1.59,1.56,1.60,1.78,131.66,150.63,142.86,154.52,151.60,155.49,172.98,25-Jul,26-Jul,27-Jul,28-Jul,29-Jul,30-Jul,31-Jul,25-Jul,26-Jul,27-Jul,28-Jul,29-Jul,30-Jul,31-Jul,0,0,7
Amravati,Amravati,Amravati W.M,W.M.Amravati - 2,Chandur Bazar,20003791,105 Villages RRWSS,Lasanapur,0,1,1.99,1.74,1.72,1.01,1.68,1.74,1.65,0.00,0.00,0.00,0.00,0.00,0.00,0.00,25-Jul,26-Jul,27-Jul,28-Jul,29-Jul,30-Jul,31-Jul,25-Jul,26-Jul,27-Jul,28-Jul,29-Jul,30-Jul,31-Jul,7,7,0
Amravati,Amravati,Amravati W.M,W.M.Amravati - 2,Chandur Bazar,20003791,105 Villages RRWSS,Madhalapur,0,1,0.93,0.81,1.17,0.81,0.99,0.67,1.03,0.00,0.00,0.00,0.00,0.00,0.00,0.00,25-Jul,26-Jul,27-Jul,28-Jul,29-Jul,30-Jul,31-Jul,25-Jul,26-Jul,27-Jul,28-Jul,29-Jul,30-Jul,31-Jul,7,7,0
Amravati,Amravati,Amravati W.M,W.M.Amravati - 2,Chandur Bazar,20003791,105 Villages RRWSS,Makrampur,112,1,0.00,3.49,0.00,0.00,2.50,0.00,0.00,0.00,3116.07,0.00,0.00,2232.14,0.00,0.00,25-Jul,26-Jul,27-Jul,28-Jul,29-Jul,30-Jul,31-Jul,25-Jul,26-Jul,27-Jul,28-Jul,29-Jul,30-Jul,31-Jul,5,5,2
Amravati,Amravati,Amravati W.M,W.M.Amravati - 2,Chandur Bazar,20003791,105 Villages RRWSS,Mhaispur,794,1,0.38,0.61,0.56,0.73,0.58,0.70,0.56,48.07,76.83,70.53,91.94,73.05,88.16,70.53,25-Jul,26-Jul,27-Jul,28-Jul,29-Jul,30-Jul,31-Jul,25-Jul,26-Jul,27-Jul,28-Jul,29-Jul,30-Jul,31-Jul,0,1,6
Amravati,Amravati,Amravati W.M,W.M.Amravati - 2,Chandur Bazar,20003791,105 Villages RRWSS,Nandura Bk.,2311,3,0.00,74.86,13.52,0.00,0.00,19.02,6.83,0.00,3239.35,584.86,0.00,0.00,822.96,295.62,25-Jul,26-Jul,27-Jul,28-Jul,29-Jul,30-Jul,31-Jul,25-Jul,26-Jul,27-Jul,28-Jul,29-Jul,30-Jul,31-Jul,3,3,4
Amravati,Amravati,Amravati W.M,W.M.Amravati - 2,Chandur Bazar,20003791,105 Villages RRWSS,Nanori,1237,1,33.24,25.00,33.51,24.75,33.38,22.56,33.16,2686.89,2020.66,2708.95,2000.43,2698.46,1824.15,2680.76,25-Jul,26-Jul,27-Jul,28-Jul,29-Jul,30-Jul,31-Jul,25-Jul,26-Jul,27-Jul,28-Jul,29-Jul,30-Jul,31-Jul,0,0,7
Amravati,Amravati,Amravati W.M,W.M.Amravati - 2,Chandur Bazar,20003791,105 Villages RRWSS,Naya Akola,3201,6,0.00,0.00,0.00,0.00,0.00,0.00,0.00,0.00,0.00,0.00,0.00,0.00,0.00,0.00,25-Jul,26-Jul,27-Jul,28-Jul,29-Jul,30-Jul,31-Jul,25-Jul,26-Jul,27-Jul,28-Jul,29-Jul,30-Jul,31-Jul,7,7,0
Amravati,Amravati,Amravati W.M,W.M.Amravati - 2,Chandur Bazar,20003791,105 Villages RRWSS,Nirul,1528,4,1.15,1.57,1.55,1.58,1.61,1.53,1.63,75.57,102.75,101.44,103.40,105.37,100.13,106.68,25-Jul,26-Jul,27-Jul,28-Jul,29-Jul,30-Jul,31-Jul,25-Jul,26-Jul,27-Jul,28-Jul,29-Jul,30-Jul,31-Jul,0,0,7
Amravati,Amravati,Amravati W.M,W.M.Amravati - 2,Chandur Bazar,20003791,105 Villages RRWSS,Pohara,517,1,0.57,0.66,0.00,1.14,0.09,1.13,0.00,110.65,127.66,0.00,220.50,17.41,218.57,0.00,25-Jul,26-Jul,27-Jul,28-Jul,29-Jul,30-Jul,31-Jul,25-Jul,26-Jul,27-Jul,28-Jul,29-Jul,30-Jul,31-Jul,2,3,4
Amravati,Amravati,Amravati W.M,W.M.Amravati - 2,Chandur Bazar,20003791,105 Villages RRWSS,Pusda,5512,4,0.45,0.97,0.78,0.97,0.64,1.01,0.57,8.14,17.60,14.15,17.60,11.61,18.32,10.34,25-Jul,26-Jul,27-Jul,28-Jul,29-Jul,30-Jul,31-Jul,25-Jul,26-Jul,27-Jul,28-Jul,29-Jul,30-Jul,31-Jul,0,7,0
Amravati,Amravati,Amravati,Achalpur,Achalpur,20029998,Shahanur & 9 Villages RRWS,Gond Wagholi,1393,2,1.95,1.65,1.86,1.55,0.00,0.00,0.00,140.08,118.45,133.52,111.27,0.00,0.00,0.00,25-Jul,26-Jul,27-Jul,28-Jul,29-Jul,30-Jul,31-Jul,25-Jul,26-Jul,27-Jul,28-Jul,29-Jul,30-Jul,31-Jul,3,3,4
Amravati,Amravati,Amravati,Achalpur,Achalpur,20029998,Shahanur & 9 Villages RRWS,Januna,1827,3,1.99,1.67,0.00,0.00,0.00,0.00,2.10,109.18,91.65,0.00,0.00,0.00,0.00,115.19,25-Jul,26-Jul,27-Jul,28-Jul,29-Jul,30-Jul,31-Jul,25-Jul,26-Jul,27-Jul,28-Jul,29-Jul,30-Jul,31-Jul,4,4,3
Amravati,Amravati,Amravati,Achalpur,Achalpur,20029998,Shahanur & 9 Villages RRWS,Kasampur,1311,2,0.00,0.00,0.00,0.00,0.00,0.00,0.00,0.00,0.00,0.00,0.00,0.00,0.00,0.00,25-Jul,26-Jul,27-Jul,28-Jul,29-Jul,30-Jul,31-Jul,25-Jul,26-Jul,27-Jul,28-Jul,29-Jul,30-Jul,31-Jul,7,7,0
Amravati,Amravati,Amravati,Achalpur,Achalpur,20029998,Shahanur & 9 Villages RRWS,Kumbhi Wagholi,507,1,0.00,0.00,0.00,0.00,0.00,0.00,0.00,0.00,0.00,0.00,0.00,0.00,0.00,0.00,25-Jul,26-Jul,27-Jul,28-Jul,29-Jul,30-Jul,31-Jul,25-Jul,26-Jul,27-Jul,28-Jul,29-Jul,30-Jul,31-Jul,7,7,0
Amravati,Amravati,Amravati,Achalpur,Achalpur,20029998,Shahanur & 9 Villages RRWS,Pardi,302,1,0.00,0.00,0.00,0.00,0.00,0.00,0.00,0.00,0.00,0.00,0.00,0.00,0.00,0.00,25-Jul,26-Jul,27-Jul,28-Jul,29-Jul,30-Jul,31-Jul,25-Jul,26-Jul,27-Jul,28-Jul,29-Jul,30-Jul,31-Jul,7,7,0
Amravati,Amravati,Amravati,Achalpur,Achalpur,20029998,Shahanur & 9 Villages RRWS,Waghdoh,783,2,0.00,0.00,0.00,1.11,0.94,0.00,0.00,0.00,0.00,0.00,142.12,120.35,0.00,0.00,25-Jul,26-Jul,27-Jul,28-Jul,29-Jul,30-Jul,31-Jul,25-Jul,26-Jul,27-Jul,28-Jul,29-Jul,30-Jul,31-Jul,5,5,2
Amravati,Amravati,Amravati,Achalpur,Achalpur,20029998,Shahanur & 9 Villages RRWS,Walmikpur,557,1,0.00,0.00,0.00,0.00,0.00,0.00,0.00,0.00,0.00,0.00,0.00,0.00,0.00,0.00,25-Jul,26-Jul,27-Jul,28-Jul,29-Jul,30-Jul,31-Jul,25-Jul,26-Jul,27-Jul,28-Jul,29-Jul,30-Jul,31-Jul,7,7,0
Amravati,Amravati,Amravati,Achalpur,Achalpur,7945938,83 Village RRWS Scheme MJP RR (C 39),Aregaon,158,1,0.00,0.00,0.09,0.00,0.00,0.00,0.12,0.00,0.00,56.96,0.00,0.00,0.00,75.95,25-Jul,26-Jul,27-Jul,28-Jul,29-Jul,30-Jul,31-Jul,25-Jul,26-Jul,27-Jul,28-Jul,29-Jul,30-Jul,31-Jul,5,5,2
Amravati,Amravati,Amravati,Achalpur,Achalpur,7945938,83 Village RRWS Scheme MJP RR (C 39),Belaj,369,2,0.18,0.00,0.18,0.00,0.18,0.00,0.12,48.78,0.00,48.78,0.00,48.78,0.00,32.52,25-Jul,26-Jul,27-Jul,28-Jul,29-Jul,30-Jul,31-Jul,25-Jul,26-Jul,27-Jul,28-Jul,29-Jul,30-Jul,31-Jul,3,7,0
Amravati,Amravati,Amravati,Achalpur,Achalpur,7945938,83 Village RRWS Scheme MJP RR (C 39),Bordi,335,1,14.85,15.41,9.39,6.91,5.66,20.57,4.85,4432.18,4600.00,2802.99,2062.69,1689.55,6140.30,1447.76,25-Jul,26-Jul,27-Jul,28-Jul,29-Jul,30-Jul,31-Jul,25-Jul,26-Jul,27-Jul,28-Jul,29-Jul,30-Jul,31-Jul,0,0,7
Amravati,Amravati,Amravati,Achalpur,Achalpur,7945938,83 Village RRWS Scheme MJP RR (C 39),Borgaon Dori,263,1,0.76,1.39,0.68,0.27,1.55,1.46,1.21,287.38,529.09,258.56,102.66,589.35,555.13,460.08,25-Jul,26-Jul,27-Jul,28-Jul,29-Jul,30-Jul,31-Jul,25-Jul,26-Jul,27-Jul,28-Jul,29-Jul,30-Jul,31-Jul,0,0,7
Amravati,Amravati,Amravati,Achalpur,Achalpur,7945938,83 Village RRWS Scheme MJP RR (C 39),Borgaon Talani,102,1,0.00,0.00,0.00,0.00,0.00,0.00,0.00,0.00,0.00,0.00,0.00,0.00,0.00,0.00,25-Jul,26-Jul,27-Jul,28-Jul,29-Jul,30-Jul,31-Jul,25-Jul,26-Jul,27-Jul,28-Jul,29-Jul,30-Jul,31-Jul,7,7,0
Amravati,Amravati,Amravati,Achalpur,Achalpur,7945938,83 Village RRWS Scheme MJP RR (C 39),Chachondi,36,1,0.00,0.00,0.00,0.00,0.00,0.00,0.00,0.00,0.00,0.00,0.00,0.00,0.00,0.00,25-Jul,26-Jul,27-Jul,28-Jul,29-Jul,30-Jul,31-Jul,25-Jul,26-Jul,27-Jul,28-Jul,29-Jul,30-Jul,31-Jul,7,7,0
Amravati,Amravati,Amravati,Achalpur,Achalpur,7945938,83 Village RRWS Scheme MJP RR (C 39),Chamak Kh,254,1,8.09,8.48,9.43,10.29,10.84,9.72,9.71,3185.22,3338.58,3712.60,4051.18,4267.72,3826.77,3822.83,25-Jul,26-Jul,27-Jul,28-Jul,29-Jul,30-Jul,31-Jul,25-Jul,26-Jul,27-Jul,28-Jul,29-Jul,30-Jul,31-Jul,0,0,7
Amravati,Amravati,Amravati,Achalpur,Achalpur,7945938,83 Village RRWS Scheme MJP RR (C 39),Dewari,107,1,0.00,0.00,0.00,0.00,0.00,0.00,0.00,0.00,0.00,0.00,0.00,0.00,0.00,0.00,25-Jul,26-Jul,27-Jul,28-Jul,29-Jul,30-Jul,31-Jul,25-Jul,26-Jul,27-Jul,28-Jul,29-Jul,30-Jul,31-Jul,7,7,0
Amravati,Amravati,Amravati,Achalpur,Achalpur,7945938,83 Village RRWS Scheme MJP RR (C 39),Dhanora,149,1,0.00,0.00,0.00,0.00,0.00,0.00,0.00,0.00,0.00,0.00,0.00,0.00,0.00,0.00,25-Jul,26-Jul,27-Jul,28-Jul,29-Jul,30-Jul,31-Jul,25-Jul,26-Jul,27-Jul,28-Jul,29-Jul,30-Jul,31-Jul,7,7,0
Amravati,Amravati,Amravati,Achalpur,Achalpur,7945938,83 Village RRWS Scheme MJP RR (C 39),Dhotarkheda,802,2,0.00,0.00,0.00,0.00,0.00,0.00,0.00,0.00,0.00,0.00,0.00,0.00,0.00,0.00,25-Jul,26-Jul,27-Jul,28-Jul,29-Jul,30-Jul,31-Jul,25-Jul,26-Jul,27-Jul,28-Jul,29-Jul,30-Jul,31-Jul,7,7,0
Amravati,Amravati,Amravati,Achalpur,Achalpur,7945938,83 Village RRWS Scheme MJP RR (C 39),Eklaspur,486,4,4.12,3.83,3.37,3.97,3.58,3.76,3.02,847.79,788.07,693.42,816.87,736.63,773.66,621.40,25-Jul,26-Jul,27-Jul,28-Jul,29-Jul,30-Jul,31-Jul,25-Jul,26-Jul,27-Jul,28-Jul,29-Jul,30-Jul,31-Jul,0,0,7
Amravati,Amravati,Amravati,Achalpur,Achalpur,7945938,83 Village RRWS Scheme MJP RR (C 39),Jawardi,221,1,55.31,26.65,30.21,31.02,30.56,28.35,26.87,25025.42,12057.62,13668.34,14035.88,13826.25,12829.72,12156.11,25-Jul,26-Jul,27-Jul,28-Jul,29-Jul,30-Jul,31-Jul,25-Jul,26-Jul,27-Jul,28-Jul,29-Jul,30-Jul,31-Jul,0,0,7
Amravati,Amravati,Amravati,Achalpur,Achalpur,7945938,83 Village RRWS Scheme MJP RR (C 39),Kakda,1104,2,1.48,0.00,0.00,0.00,1.89,2.02,0.00,133.80,0.00,0.00,0.00,171.20,182.97,0.00,25-Jul,26-Jul,27-Jul,28-Jul,29-Jul,30-Jul,31-Jul,25-Jul,26-Jul,27-Jul,28-Jul,29-Jul,30-Jul,31-Jul,4,4,3
Amravati,Amravati,Amravati,Achalpur,Achalpur,7945938,83 Village RRWS Scheme MJP RR (C 39),Kolha,419,2,0.00,0.00,0.00,0.00,0.00,0.00,0.00,0.00,0.00,0.00,0.00,0.00,0.00,0.00,25-Jul,26-Jul,27-Jul,28-Jul,29-Jul,30-Jul,31-Jul,25-Jul,26-Jul,27-Jul,28-Jul,29-Jul,30-Jul,31-Jul,7,7,0
Amravati,Amravati,Amravati,Achalpur,Achalpur,7945938,83 Village RRWS Scheme MJP RR (C 39),Kushta kd,225,1,0.32,0.33,0.21,0.39,0.74,1.43,4.50,142.22,146.67,93.33,173.33,328.89,635.56,2000.00,25-Jul,26-Jul,27-Jul,28-Jul,29-Jul,30-Jul,31-Jul,25-Jul,26-Jul,27-Jul,28-Jul,29-Jul,30-Jul,31-Jul,0,0,7
Amravati,Amravati,Amravati,Achalpur,Achalpur,7945938,83 Village RRWS Scheme MJP RR (C 39),Shekapur,64,1,0.00,0.00,0.00,0.00,0.00,0.00,0.00,0.00,0.00,0.00,0.00,0.00,0.00,0.00,25-Jul,26-Jul,27-Jul,28-Jul,29-Jul,30-Jul,31-Jul,25-Jul,26-Jul,27-Jul,28-Jul,29-Jul,30-Jul,31-Jul,7,7,0
Amravati,Amravati,Amravati,Achalpur,Achalpur,7945938,83 Village RRWS Scheme MJP RR (C 39),Tawalar,675,5,0.48,0.84,0.55,0.89,0.81,0.77,0.56,71.25,124.44,81.48,131.85,120.00,114.07,82.96,25-Jul,26-Jul,27-Jul,28-Jul,29-Jul,30-Jul,31-Jul,25-Jul,26-Jul,27-Jul,28-Jul,29-Jul,30-Jul,31-Jul,0,0,7
Amravati,Amravati,Amravati,Achalpur,Achalpur,7945938,83 Village RRWS Scheme MJP RR (C 39),Thokbarda,101,1,0.66,0.00,0.84,1.33,0.74,0.00,0.01,652.13,0.00,831.68,1316.83,732.67,0.00,9.90,25-Jul,26-Jul,27-Jul,28-Jul,29-Jul,30-Jul,31-Jul,25-Jul,26-Jul,27-Jul,28-Jul,29-Jul,30-Jul,31-Jul,2,3,4
Amravati,Amravati,Amravati,Achalpur,Achalpur,7945938,83 Village RRWS Scheme MJP RR (C 39),Tondgaon,560,4,0.07,2.02,0.00,1.53,0.00,2.09,0.00,13.28,360.71,0.00,273.21,0.00,373.21,0.00,25-Jul,26-Jul,27-Jul,28-Jul,29-Jul,30-Jul,31-Jul,25-Jul,26-Jul,27-Jul,28-Jul,29-Jul,30-Jul,31-Jul,3,4,3
Amravati,Amravati,Amravati,Achalpur,Achalpur,7945938,83 Village RRWS Scheme MJP RR (C 39),Tuljapur jahagir,96,1,173.53,24.24,4.80,0.00,0.00,0.00,0.00,180756.84,25248.37,5000.00,0.00,0.00,0.00,0.00,25-Jul,26-Jul,27-Jul,28-Jul,29-Jul,30-Jul,31-Jul,25-Jul,26-Jul,27-Jul,28-Jul,29-Jul,30-Jul,31-Jul,4,4,3
Amravati,Amravati,Amravati,Achalpur,Achalpur,7945938,83 Village RRWS Scheme MJP RR (C 39),Wadgaon Fattepur,855,5,2.58,1.98,2.10,2.29,2.06,2.78,2.11,301.75,231.58,245.61,267.84,240.94,325.15,246.78,25-Jul,26-Jul,27-Jul,28-Jul,29-Jul,30-Jul,31-Jul,25-Jul,26-Jul,27-Jul,28-Jul,29-Jul,30-Jul,31-Jul,0,0,7
Amravati,Amravati,Amravati,Achalpur,Chandur Bazar,7945938,83 Village RRWS Scheme MJP RR (C 39),Ambada Kandari,276,1,1.83,1.65,1.71,1.60,1.85,1.72,1.54,663.50,597.83,619.57,579.71,670.29,623.19,557.97,25-Jul,26-Jul,27-Jul,28-Jul,29-Jul,30-Jul,31-Jul,25-Jul,26-Jul,27-Jul,28-Jul,29-Jul,30-Jul,31-Jul,0,0,7
Amravati,Amravati,Amravati,Achalpur,Chandur Bazar,7945938,83 Village RRWS Scheme MJP RR (C 39),Deomali,1500,3,0.00,0.00,0.00,0.00,0.00,0.00,0.00,0.00,0.00,0.00,0.00,0.00,0.00,0.00,25-Jul,26-Jul,27-Jul,28-Jul,29-Jul,30-Jul,31-Jul,25-Jul,26-Jul,27-Jul,28-Jul,29-Jul,30-Jul,31-Jul,7,7,0
Amravati,Amravati,Amravati,Achalpur,Chandur Bazar,7945938,83 Village RRWS Scheme MJP RR (C 39),Deurwada,912,3,2.92,3.06,3.46,3.36,0.00,3.16,1.90,320.68,335.53,379.39,368.42,0.00,346.49,208.33,25-Jul,26-Jul,27-Jul,28-Jul,29-Jul,30-Jul,31-Jul,25-Jul,26-Jul,27-Jul,28-Jul,29-Jul,30-Jul,31-Jul,1,1,6
Amravati,Amravati,Amravati,Achalpur,Chandur Bazar,7945938,83 Village RRWS Scheme MJP RR (C 39),Gourkheda,504,5,0.89,1.10,1.17,0.96,1.05,1.11,10.70,175.70,217.80,233.12,190.45,208.86,219.51,2122.36,25-Jul,26-Jul,27-Jul,28-Jul,29-Jul,30-Jul,31-Jul,25-Jul,26-Jul,27-Jul,28-Jul,29-Jul,30-Jul,31-Jul,0,0,7
Amravati,Amravati,Amravati,Achalpur,Chandur Bazar,7945938,83 Village RRWS Scheme MJP RR (C 39),Govindpur,330,1,0.80,0.65,0.61,0.67,0.65,0.64,0.65,242.95,196.97,184.85,203.03,196.97,193.94,196.97,25-Jul,26-Jul,27-Jul,28-Jul,29-Jul,30-Jul,31-Jul,25-Jul,26-Jul,27-Jul,28-Jul,29-Jul,30-Jul,31-Jul,0,0,7
Amravati,Amravati,Amravati,Achalpur,Chandur Bazar,7945938,83 Village RRWS Scheme MJP RR (C 39),Kajali,363,1,0.59,1.65,1.08,0.87,0.80,0.84,0.91,162.66,454.55,297.52,239.67,220.39,231.40,250.69,25-Jul,26-Jul,27-Jul,28-Jul,29-Jul,30-Jul,31-Jul,25-Jul,26-Jul,27-Jul,28-Jul,29-Jul,30-Jul,31-Jul,0,0,7
Amravati,Amravati,Amravati,Achalpur,Chandur Bazar,7945938,83 Village RRWS Scheme MJP RR (C 39),Kandali,3538,9,7.87,13.09,10.38,17.73,8.24,21.94,15.16,222.45,370.05,293.51,501.17,232.96,620.09,428.48,25-Jul,26-Jul,27-Jul,28-Jul,29-Jul,30-Jul,31-Jul,25-Jul,26-Jul,27-Jul,28-Jul,29-Jul,30-Jul,31-Jul,0,0,7
Amravati,Amravati,Amravati,Achalpur,Chandur Bazar,7945938,83 Village RRWS Scheme MJP RR (C 39),Karajgaon (Mahal),1443,4,0.00,0.00,0.00,0.00,0.00,0.00,0.00,0.00,0.00,0.00,0.00,0.00,0.00,0.00,25-Jul,26-Jul,27-Jul,28-Jul,29-Jul,30-Jul,31-Jul,25-Jul,26-Jul,27-Jul,28-Jul,29-Jul,30-Jul,31-Jul,7,7,0
Amravati,Amravati,Amravati,Achalpur,Chandur Bazar,7945938,83 Village RRWS Scheme MJP RR (C 39),Kavitha Bk.,1129,3,1.35,0.50,1.92,0.94,1.05,0.60,1.27,119.76,44.29,169.69,83.26,93.00,53.14,112.49,25-Jul,26-Jul,27-Jul,28-Jul,29-Jul,30-Jul,31-Jul,25-Jul,26-Jul,27-Jul,28-Jul,29-Jul,30-Jul,31-Jul,0,2,5
Amravati,Amravati,Amravati,Achalpur,Chandur Bazar,7945938,83 Village RRWS Scheme MJP RR (C 39),Kharpi,591,1,5.86,4.88,5.24,2.95,6.15,5.35,5.09,992.06,825.72,886.63,499.15,1040.61,905.25,861.25,25-Jul,26-Jul,27-Jul,28-Jul,29-Jul,30-Jul,31-Jul,25-Jul,26-Jul,27-Jul,28-Jul,29-Jul,30-Jul,31-Jul,0,0,7
Amravati,Amravati,Amravati,Achalpur,Chandur Bazar,7945938,83 Village RRWS Scheme MJP RR (C 39),Khel Choudhar,1350,1,6.28,5.00,5.77,4.65,6.12,4.34,7.06,465.29,370.11,427.52,344.79,453.58,321.47,522.71,25-Jul,26-Jul,27-Jul,28-Jul,29-Jul,30-Jul,31-Jul,25-Jul,26-Jul,27-Jul,28-Jul,29-Jul,30-Jul,31-Jul,0,0,7
Amravati,Amravati,Amravati,Achalpur,Chandur Bazar,7945938,83 Village RRWS Scheme MJP RR (C 39),Khel Sakharam (Kurha),119,1,9.55,14.57,21.78,22.35,20.92,19.37,18.71,8026.92,12245.01,18301.21,18780.20,17580.23,16276.00,15719.33,25-Jul,26-Jul,27-Jul,28-Jul,29-Jul,30-Jul,31-Jul,25-Jul,26-Jul,27-Jul,28-Jul,29-Jul,30-Jul,31-Jul,0,0,7
Amravati,Amravati,Amravati,Achalpur,Chandur Bazar,7945938,83 Village RRWS Scheme MJP RR (C 39),Kondwardha,235,1,0.73,0.93,1.39,1.24,1.20,0.69,1.24,310.70,395.74,591.49,527.66,510.64,293.62,527.66,25-Jul,26-Jul,27-Jul,28-Jul,29-Jul,30-Jul,31-Jul,25-Jul,26-Jul,27-Jul,28-Jul,29-Jul,30-Jul,31-Jul,0,0,7
Amravati,Amravati,Amravati,Achalpur,Chandur Bazar,7945938,83 Village RRWS Scheme MJP RR (C 39),Kumbhi,612,2,0.00,0.00,0.25,1.19,0.60,0.08,1.41,0.00,0.00,40.85,193.84,98.85,12.45,230.39,25-Jul,26-Jul,27-Jul,28-Jul,29-Jul,30-Jul,31-Jul,25-Jul,26-Jul,27-Jul,28-Jul,29-Jul,30-Jul,31-Jul,2,4,3
Amravati,Amravati,Amravati,Achalpur,Chandur Bazar,7945938,83 Village RRWS Scheme MJP RR (C 39),Narayanpur,183,1,0.95,0.77,1.09,2.50,0.00,0.86,1.68,517.48,420.77,595.63,1366.12,0.00,469.95,918.03,25-Jul,26-Jul,27-Jul,28-Jul,29-Jul,30-Jul,31-Jul,25-Jul,26-Jul,27-Jul,28-Jul,29-Jul,30-Jul,31-Jul,1,1,6
Amravati,Amravati,Amravati,Achalpur,Chandur Bazar,7945938,83 Village RRWS Scheme MJP RR (C 39),Pimpari Thugaon,405,1,18.59,13.62,22.97,16.20,24.90,18.41,18.81,4590.82,3362.96,5671.60,4000.00,6148.15,4545.68,4644.44,25-Jul,26-Jul,27-Jul,28-Jul,29-Jul,30-Jul,31-Jul,25-Jul,26-Jul,27-Jul,28-Jul,29-Jul,30-Jul,31-Jul,0,0,7
Amravati,Amravati,Amravati,Achalpur,Chandur Bazar,7945938,83 Village RRWS Scheme MJP RR (C 39),Shirajgaon kasba,4069,7,0.00,5.43,10.34,4.99,10.78,5.46,10.20,0.00,133.56,254.04,122.60,265.02,134.17,250.73,25-Jul,26-Jul,27-Jul,28-Jul,29-Jul,30-Jul,31-Jul,25-Jul,26-Jul,27-Jul,28-Jul,29-Jul,30-Jul,31-Jul,1,1,6
Amravati,Amravati,Amravati,Amravati - 2,Chandur Rly,20030227,Chirodi & 4 Villages RRWS,Chirodi,2434,4,0.12,0.14,0.31,0.37,0.34,0.17,0.13,4.92,5.67,12.74,15.19,14.16,7.11,5.29,25-Jul,26-Jul,27-Jul,28-Jul,29-Jul,30-Jul,31-Jul,25-Jul,26-Jul,27-Jul,28-Jul,29-Jul,30-Jul,31-Jul,0,7,0
Amravati,Amravati,Amravati,Amravati - 2,Chandur Rly,20030227,Chirodi & 4 Villages RRWS,Karala,3161,4,8221.52,7318.32,8710.72,1748.00,7896.64,7127.44,6425.15,260092.38,231519.14,275568.49,55298.96,249814.62,225480.54,203263.21,25-Jul,26-Jul,27-Jul,28-Jul,29-Jul,30-Jul,31-Jul,25-Jul,26-Jul,27-Jul,28-Jul,29-Jul,30-Jul,31-Jul,0,0,7
Amravati,Amravati,Amravati,Amravati - 2,Chandur Rly,20030227,Chirodi & 4 Villages RRWS,Pathargaon,879,2,0.00,1.83,0.00,1.70,0.00,1.77,0.25,0.00,208.48,0.00,193.24,0.00,201.14,28.44,25-Jul,26-Jul,27-Jul,28-Jul,29-Jul,30-Jul,31-Jul,25-Jul,26-Jul,27-Jul,28-Jul,29-Jul,30-Jul,31-Jul,3,4,3
Amravati,Amravati,Amravati,Amravati - 2,Chandur Rly,20030227,Chirodi & 4 Villages RRWS,Sawangi Magrapur,1385,2,0.00,1.22,1.28,0.00,0.90,0.87,0.87,0.20,88.21,92.09,0.13,65.06,62.62,62.47,25-Jul,26-Jul,27-Jul,28-Jul,29-Jul,30-Jul,31-Jul,25-Jul,26-Jul,27-Jul,28-Jul,29-Jul,30-Jul,31-Jul,0,2,5
Amravati,Amravati,Amravati,Amravati - 2,Nandgaon Khandeshwar,20030120,Papal & 5 Villages RRWS,Lohgaon,,2,1.19,0.39,0.49,0.50,0.71,0.54,0.60,0.00,0.00,0.00,0.00,0.00,0.00,0.00,25-Jul,26-Jul,27-Jul,28-Jul,29-Jul,30-Jul,31-Jul,25-Jul,26-Jul,27-Jul,28-Jul,29-Jul,30-Jul,31-Jul,7,7,0
Amravati,Amravati,Amravati,Amravati - 2,Nandgaon Khandeshwar,20030120,Papal & 5 Villages RRWS,Papal,3628,2,0.00,0.00,0.00,0.00,0.00,0.00,0.00,0.00,0.00,0.00,0.00,0.00,0.00,0.00,25-Jul,26-Jul,27-Jul,28-Jul,29-Jul,30-Jul,31-Jul,25-Jul,26-Jul,27-Jul,28-Jul,29-Jul,30-Jul,31-Jul,7,7,0
Amravati,Amravati,Amravati,Amravati - 2,Nandgaon Khandeshwar,20030120,Papal & 5 Villages RRWS,Tighora,433,1,0.00,0.00,0.00,0.00,0.00,0.00,0.00,0.00,0.00,0.00,0.00,0.00,0.00,0.00,25-Jul,26-Jul,27-Jul,28-Jul,29-Jul,30-Jul,31-Jul,25-Jul,26-Jul,27-Jul,28-Jul,29-Jul,30-Jul,31-Jul,7,7,0
Amravati,Amravati,Amravati,Amravati - 2,Nandgaon Khandeshwar,20030263,Dhanora Gurav & 8 Villages RRWS,Dhanora Gurav,1796,2,0.32,0.00,0.56,0.00,0.00,0.57,0.00,17.86,0.00,31.21,0.00,0.00,31.82,0.14,25-Jul,26-Jul,27-Jul,28-Jul,29-Jul,30-Jul,31-Jul,25-Jul,26-Jul,27-Jul,28-Jul,29-Jul,30-Jul,31-Jul,3,7,0
Amravati,Amravati,Amravati,Amravati - 2,Nandgaon Khandeshwar,20030263,Dhanora Gurav & 8 Villages RRWS,Dharmapur,809,1,0.00,0.00,0.00,0.00,0.00,0.00,0.00,0.00,0.00,0.24,0.00,0.00,0.19,0.25,25-Jul,26-Jul,27-Jul,28-Jul,29-Jul,30-Jul,31-Jul,25-Jul,26-Jul,27-Jul,28-Jul,29-Jul,30-Jul,31-Jul,4,7,0
Amravati,Amravati,Amravati,Amravati - 2,Nandgaon Khandeshwar,20030263,Dhanora Gurav & 8 Villages RRWS,Hiwra Murada,1089,2,0.64,0.63,0.65,0.72,0.00,0.05,0.74,59.01,58.25,59.82,66.01,0.05,4.53,68.02,25-Jul,26-Jul,27-Jul,28-Jul,29-Jul,30-Jul,31-Jul,25-Jul,26-Jul,27-Jul,28-Jul,29-Jul,30-Jul,31-Jul,0,2,5
Amravati,Amravati,Amravati,Amravati - 2,Nandgaon Khandeshwar,20030263,Dhanora Gurav & 8 Villages RRWS,Palas Mandal,1353,2,0.00,0.00,0.00,0.00,0.00,0.00,0.00,0.00,0.00,0.00,0.00,0.00,0.00,0.00,25-Jul,26-Jul,27-Jul,28-Jul,29-Jul,30-Jul,31-Jul,25-Jul,26-Jul,27-Jul,28-Jul,29-Jul,30-Jul,31-Jul,7,7,0
Amravati,Amravati,Amravati,Amravati - 2,Nandgaon Khandeshwar,20030263,Dhanora Gurav & 8 Villages RRWS,Pimpri Gawanda,536,1,0.00,0.00,0.00,0.00,0.00,0.00,0.00,0.00,0.00,0.00,0.00,0.00,0.00,0.00,25-Jul,26-Jul,27-Jul,28-Jul,29-Jul,30-Jul,31-Jul,25-Jul,26-Jul,27-Jul,28-Jul,29-Jul,30-Jul,31-Jul,7,7,0
Amravati,Amravati,Amravati,Amravati - 2,Nandgaon Khandeshwar,20030263,Dhanora Gurav & 8 Villages RRWS,Pusner,441,1,0.58,0.59,0.75,0.74,0.56,0.73,0.48,132.31,134.57,169.55,168.14,126.65,166.14,109.70,25-Jul,26-Jul,27-Jul,28-Jul,29-Jul,30-Jul,31-Jul,25-Jul,26-Jul,27-Jul,28-Jul,29-Jul,30-Jul,31-Jul,0,0,7
Amravati,Amravati,Amravati,Amravati - 2,Nandgaon Khandeshwar,20030263,Dhanora Gurav & 8 Villages RRWS,Wadala,446,1,1.03,0.78,0.87,0.77,1.00,0.72,1.02,230.09,175.81,195.41,173.42,224.23,162.34,228.88,25-Jul,26-Jul,27-Jul,28-Jul,29-Jul,30-Jul,31-Jul,25-Jul,26-Jul,27-Jul,28-Jul,29-Jul,30-Jul,31-Jul,0,0,7
Amravati,Amravati,Amravati,Amravati - 2,Nandgaon Khandeshwar,20030287,Takli & 4 Villages RRWS,Bopnemtaba,849,1,0.00,0.55,0.30,0.38,0.27,0.17,0.87,0.00,64.78,35.34,44.76,31.80,20.02,102.47,25-Jul,26-Jul,27-Jul,28-Jul,29-Jul,30-Jul,31-Jul,25-Jul,26-Jul,27-Jul,28-Jul,29-Jul,30-Jul,31-Jul,1,5,2
Amravati,Amravati,Amravati,Amravati - 2,Nandgaon Khandeshwar,20030287,Takli & 4 Villages RRWS,Dahigaon,,1,16.14,34.09,13.79,19.02,13.17,13.33,26.16,0.00,0.00,0.00,0.00,0.00,0.00,0.00,25-Jul,26-Jul,27-Jul,28-Jul,29-Jul,30-Jul,31-Jul,25-Jul,26-Jul,27-Jul,28-Jul,29-Jul,30-Jul,31-Jul,7,7,0
Amravati,Amravati,Amravati,Amravati - 2,Nandgaon Khandeshwar,20030287,Takli & 4 Villages RRWS,Ful Aamla,1771,2,0.01,0.00,0.00,0.00,0.00,0.00,0.00,0.31,0.00,0.00,0.00,0.00,0.00,0.00,25-Jul,26-Jul,27-Jul,28-Jul,29-Jul,30-Jul,31-Jul,25-Jul,26-Jul,27-Jul,28-Jul,29-Jul,30-Jul,31-Jul,6,7,0
Amravati,Amravati,Amravati,Amravati - 2,Nandgaon Khandeshwar,20030287,Takli & 4 Villages RRWS,Hiwara Kh.,1671,2,133.02,183.69,203.55,185.71,191.74,186.63,175.50,7960.20,10992.82,12181.33,11113.70,11474.57,11168.76,10502.69,25-Jul,26-Jul,27-Jul,28-Jul,29-Jul,30-Jul,31-Jul,25-Jul,26-Jul,27-Jul,28-Jul,29-Jul,30-Jul,31-Jul,0,0,7
Amravati,Amravati,Amravati,Amravati - 2,Nandgaon Khandeshwar,20030287,Takli & 4 Villages RRWS,Takali,2522,2,0.85,0.50,0.22,0.81,0.92,0.52,0.18,33.82,19.88,8.77,32.16,36.66,20.76,7.18,25-Jul,26-Jul,27-Jul,28-Jul,29-Jul,30-Jul,31-Jul,25-Jul,26-Jul,27-Jul,28-Jul,29-Jul,30-Jul,31-Jul,0,7,0
Amravati,Amravati,Yavatmal,Pusad,Pusad,20028563,"Malpathar 28 Villages, (Reju.)",Aadgaon,2510,3,0.00,0.00,0.00,0.85,0.00,0.00,0.00,0.00,0.00,0.00,33.86,0.00,0.00,0.00,25-Jul,26-Jul,27-Jul,28-Jul,29-Jul,30-Jul,31-Jul,25-Jul,26-Jul,27-Jul,28-Jul,29-Jul,30-Jul,31-Jul,6,7,0
Amravati,Amravati,Yavatmal,Pusad,Pusad,20028563,"Malpathar 28 Villages, (Reju.)",Aamti,1239,2,0.00,0.00,0.00,0.00,0.00,0.00,0.00,0.00,0.00,0.00,0.00,0.00,0.00,0.00,25-Jul,26-Jul,27-Jul,28-Jul,29-Jul,30-Jul,31-Jul,25-Jul,26-Jul,27-Jul,28-Jul,29-Jul,30-Jul,31-Jul,7,7,0
Amravati,Amravati,Yavatmal,Pusad,Pusad,20028563,"Malpathar 28 Villages, (Reju.)",Hanvantkheda,1783,3,1.22,0.00,0.00,0.00,0.00,1.01,0.00,68.48,0.00,0.00,0.00,0.00,56.65,0.00,25-Jul,26-Jul,27-Jul,28-Jul,29-Jul,30-Jul,31-Jul,25-Jul,26-Jul,27-Jul,28-Jul,29-Jul,30-Jul,31-Jul,5,5,2
Amravati,Amravati,Yavatmal,Pusad,Pusad,20028563,"Malpathar 28 Villages, (Reju.)",Kheirkheda,1349,1,1.15,0.10,0.02,2.74,2.03,0.00,0.76,85.41,7.41,1.48,203.11,150.48,0.00,56.34,25-Jul,26-Jul,27-Jul,28-Jul,29-Jul,30-Jul,31-Jul,25-Jul,26-Jul,27-Jul,28-Jul,29-Jul,30-Jul,31-Jul,1,3,4
Amravati,Amravati,Yavatmal,Pusad,Pusad,20028563,"Malpathar 28 Villages, (Reju.)",Nanad no 2,3116,2,1.15,0.10,0.02,2.74,2.03,0.00,0.76,36.97,3.21,0.64,87.93,65.15,0.00,24.39,25-Jul,26-Jul,27-Jul,28-Jul,29-Jul,30-Jul,31-Jul,25-Jul,26-Jul,27-Jul,28-Jul,29-Jul,30-Jul,31-Jul,1,5,2
Amravati,Amravati,Yavatmal,Pusad,Pusad,20028563,"Malpathar 28 Villages, (Reju.)",Panhala,1476,2,0.00,0.00,0.00,0.00,0.00,0.00,0.00,0.00,0.00,0.00,0.00,0.00,0.00,0.00,25-Jul,26-Jul,27-Jul,28-Jul,29-Jul,30-Jul,31-Jul,25-Jul,26-Jul,27-Jul,28-Jul,29-Jul,30-Jul,31-Jul,7,7,0
Amravati,Amravati,Yavatmal,Pusad,Pusad,20028563,"Malpathar 28 Villages, (Reju.)",Rohada,3556,1,0.00,0.00,0.00,0.00,0.00,0.00,0.00,0.00,0.00,0.00,0.00,0.00,0.00,0.00,25-Jul,26-Jul,27-Jul,28-Jul,29-Jul,30-Jul,31-Jul,25-Jul,26-Jul,27-Jul,28-Jul,29-Jul,30-Jul,31-Jul,7,7,0
Amravati,Amravati,Yavatmal,Pusad,Pusad,20028563,"Malpathar 28 Villages, (Reju.)",Sattarmal,802,2,0.00,0.00,0.00,0.00,0.00,0.00,0.00,0.00,0.00,0.00,0.00,0.00,0.00,0.00,25-Jul,26-Jul,27-Jul,28-Jul,29-Jul,30-Jul,31-Jul,25-Jul,26-Jul,27-Jul,28-Jul,29-Jul,30-Jul,31-Jul,7,7,0
Amravati,Amravati,Yavatmal,Pusad,Pusad,20028563,"Malpathar 28 Villages, (Reju.)",Vasantwadi,1599,2,0.00,0.00,0.00,52.82,0.00,0.00,7.65,0.00,0.00,0.00,3303.31,0.00,0.00,478.42,25-Jul,26-Jul,27-Jul,28-Jul,29-Jul,30-Jul,31-Jul,25-Jul,26-Jul,27-Jul,28-Jul,29-Jul,30-Jul,31-Jul,5,5,2
Nashik,Ahmednagar,Ahmednagar,Ahmednagar,Nagar,20046296,Burhannagar & 45 Villages Retro RRWSS,Burhannagar,9485,4,2.13,9.31,10.79,13.57,9.28,11.01,11.65,22.50,98.13,113.79,143.05,97.88,116.03,122.86,25-Jul,26-Jul,27-Jul,28-Jul,29-Jul,30-Jul,31-Jul,25-Jul,26-Jul,27-Jul,28-Jul,29-Jul,30-Jul,31-Jul,0,1,6
Nashik,Ahmednagar,Ahmednagar,Ahmednagar,Nagar,20046296,Burhannagar & 45 Villages Retro RRWSS,Dahigaon,1734,1,0.00,0.01,0.38,0.50,0.00,0.00,0.00,0.02,0.44,21.88,29.02,0.00,0.00,0.00,25-Jul,26-Jul,27-Jul,28-Jul,29-Jul,30-Jul,31-Jul,25-Jul,26-Jul,27-Jul,28-Jul,29-Jul,30-Jul,31-Jul,3,7,0
Nashik,Ahmednagar,Ahmednagar,Ahmednagar,Nagar,20046296,Burhannagar & 45 Villages Retro RRWSS,Darewadi,15591,6,0.00,0.00,0.00,0.48,0.00,0.00,0.00,0.00,0.00,0.00,3.06,0.01,0.00,0.00,25-Jul,26-Jul,27-Jul,28-Jul,29-Jul,30-Jul,31-Jul,25-Jul,26-Jul,27-Jul,28-Jul,29-Jul,30-Jul,31-Jul,5,7,0
Nashik,Ahmednagar,Ahmednagar,Ahmednagar,Nagar,20046296,Burhannagar & 45 Villages Retro RRWSS,Dhangarwadi,2389,2,0.00,0.00,0.00,0.00,0.00,0.00,0.00,0.00,0.00,0.00,0.00,0.00,0.00,0.00,25-Jul,26-Jul,27-Jul,28-Jul,29-Jul,30-Jul,31-Jul,25-Jul,26-Jul,27-Jul,28-Jul,29-Jul,30-Jul,31-Jul,7,7,0
Nashik,Ahmednagar,Ahmednagar,Ahmednagar,Nagar,20046296,Burhannagar & 45 Villages Retro RRWSS,Jeur,11087,2,0.00,0.00,0.00,0.00,0.00,0.00,0.00,0.00,0.00,0.00,0.00,0.00,0.00,0.00,25-Jul,26-Jul,27-Jul,28-Jul,29-Jul,30-Jul,31-Jul,25-Jul,26-Jul,27-Jul,28-Jul,29-Jul,30-Jul,31-Jul,7,7,0
Nashik,Ahmednagar,Ahmednagar,Ahmednagar,Nagar,20046296,Burhannagar & 45 Villages Retro RRWSS,Kapurwadi,5098,2,0.00,0.00,0.00,0.00,0.00,0.00,0.00,0.00,0.00,0.00,0.00,0.00,0.00,0.00,25-Jul,26-Jul,27-Jul,28-Jul,29-Jul,30-Jul,31-Jul,25-Jul,26-Jul,27-Jul,28-Jul,29-Jul,30-Jul,31-Jul,7,7,0
Nashik,Ahmednagar,Ahmednagar,Ahmednagar,Nagar,20046296,Burhannagar & 45 Villages Retro RRWSS,Pimpalgaon Malvi,6581,5,0.71,1.35,1.24,1.32,0.59,1.32,1.23,10.76,20.46,18.88,20.00,8.98,20.05,18.61,25-Jul,26-Jul,27-Jul,28-Jul,29-Jul,30-Jul,31-Jul,25-Jul,26-Jul,27-Jul,28-Jul,29-Jul,30-Jul,31-Jul,0,7,0
Nashik,Ahmednagar,Ahmednagar,Ahmednagar,Nagar,20046296,Burhannagar & 45 Villages Retro RRWSS,Pimpalgaon Ujjaini,3527,2,0.00,0.00,0.00,0.00,0.00,0.00,0.00,0.00,0.03,0.00,0.00,0.00,0.00,0.00,25-Jul,26-Jul,27-Jul,28-Jul,29-Jul,30-Jul,31-Jul,25-Jul,26-Jul,27-Jul,28-Jul,29-Jul,30-Jul,31-Jul,6,7,0
Nashik,Ahmednagar,Ahmednagar,Ahmednagar,Nagar,20046296,Burhannagar & 45 Villages Retro RRWSS,Rui Chattashi,4035,2,0.00,0.00,0.00,0.00,0.00,0.00,0.00,0.00,0.00,0.00,0.00,0.00,0.00,0.00,25-Jul,26-Jul,27-Jul,28-Jul,29-Jul,30-Jul,31-Jul,25-Jul,26-Jul,27-Jul,28-Jul,29-Jul,30-Jul,31-Jul,7,7,0
Nashik,Ahmednagar,Ahmednagar,Ahmednagar,Nagar,20046296,Burhannagar & 45 Villages Retro RRWSS,Sahapur Ketki,4243,3,0.00,0.00,0.00,0.01,0.00,0.00,0.00,0.00,0.00,0.00,0.20,0.00,0.00,0.00,25-Jul,26-Jul,27-Jul,28-Jul,29-Jul,30-Jul,31-Jul,25-Jul,26-Jul,27-Jul,28-Jul,29-Jul,30-Jul,31-Jul,6,7,0
Nashik,Ahmednagar,Ahmednagar,Ahmednagar,Nagar,20046296,Burhannagar & 45 Villages Retro RRWSS,Sakat Kh.,1769,2,0.00,0.00,0.00,0.00,0.00,0.00,0.00,0.00,0.00,0.00,0.00,0.00,0.00,0.00,25-Jul,26-Jul,27-Jul,28-Jul,29-Jul,30-Jul,31-Jul,25-Jul,26-Jul,27-Jul,28-Jul,29-Jul,30-Jul,31-Jul,7,7,0
Nashik,Ahmednagar,Ahmednagar,Ahmednagar,Nagar,20046296,Burhannagar & 45 Villages Retro RRWSS,Shendi,4865,3,0.00,0.00,0.00,0.00,0.00,0.51,0.98,0.00,0.00,0.00,0.00,0.00,10.58,20.19,25-Jul,26-Jul,27-Jul,28-Jul,29-Jul,30-Jul,31-Jul,25-Jul,26-Jul,27-Jul,28-Jul,29-Jul,30-Jul,31-Jul,5,7,0
Nashik,Ahmednagar,Ahmednagar,Ahmednagar,Nagar,20046349,Retro Ghospuri & 16 Villages RRWSS Tal- Nagar,Deualgaon Siddhi,4433,3,0.49,0.89,1.37,1.39,1.44,1.46,0.00,11.00,20.08,30.84,31.29,32.55,32.95,0.00,25-Jul,26-Jul,27-Jul,28-Jul,29-Jul,30-Jul,31-Jul,25-Jul,26-Jul,27-Jul,28-Jul,29-Jul,30-Jul,31-Jul,1,7,0
Nashik,Ahmednagar,Ahmednagar,Ahmednagar,Nagar,20046349,Retro Ghospuri & 16 Villages RRWSS Tal- Nagar,Khadaki,1647,1,0.32,0.00,0.74,0.00,0.00,2.13,0.11,19.30,0.00,44.96,0.00,0.00,129.04,6.94,25-Jul,26-Jul,27-Jul,28-Jul,29-Jul,30-Jul,31-Jul,25-Jul,26-Jul,27-Jul,28-Jul,29-Jul,30-Jul,31-Jul,3,6,1
Nashik,Ahmednagar,Ahmednagar,Ahmednagar,Nagar,20046349,Retro Ghospuri & 16 Villages RRWSS Tal- Nagar,Wadgaon Tandali,1947,1,3.46,1.98,3.04,2.64,2.58,2.61,2.65,177.70,101.91,156.17,135.69,132.34,133.99,136.18,25-Jul,26-Jul,27-Jul,28-Jul,29-Jul,30-Jul,31-Jul,25-Jul,26-Jul,27-Jul,28-Jul,29-Jul,30-Jul,31-Jul,0,0,7
Nashik,Ahmednagar,Ahmednagar,Newasa,Nevasa,5348540,"Retro.Sonai Karjgaon and 16 villages, Tal. Nevasa",AMALNER,2334,2,0.00,0.00,0.00,0.68,0.82,0.59,0.65,0.00,0.00,0.00,29.03,34.99,25.19,27.71,25-Jul,26-Jul,27-Jul,28-Jul,29-Jul,30-Jul,31-Jul,25-Jul,26-Jul,27-Jul,28-Jul,29-Jul,30-Jul,31-Jul,3,7,0
Nashik,Ahmednagar,Ahmednagar,Newasa,Nevasa,5348540,"Retro.Sonai Karjgaon and 16 villages, Tal. Nevasa",Belhekarwadi,2991,2,0.00,0.00,0.00,3.47,2.63,2.14,0.00,0.00,0.00,0.00,115.88,87.83,71.50,0.00,25-Jul,26-Jul,27-Jul,28-Jul,29-Jul,30-Jul,31-Jul,25-Jul,26-Jul,27-Jul,28-Jul,29-Jul,30-Jul,31-Jul,4,4,3
Nashik,Ahmednagar,Ahmednagar,Newasa,Nevasa,5348540,"Retro.Sonai Karjgaon and 16 villages, Tal. Nevasa",Ganeshwadi,3017,2,0.21,0.00,0.00,0.32,0.46,0.21,0.69,7.02,0.00,0.00,10.72,15.24,7.01,22.75,25-Jul,26-Jul,27-Jul,28-Jul,29-Jul,30-Jul,31-Jul,25-Jul,26-Jul,27-Jul,28-Jul,29-Jul,30-Jul,31-Jul,2,7,0
Nashik,Ahmednagar,Ahmednagar,Newasa,Nevasa,5348540,"Retro.Sonai Karjgaon and 16 villages, Tal. Nevasa",GOMALWADI,1061,2,0.00,0.00,0.75,0.95,1.37,1.24,1.44,0.00,0.00,70.67,89.39,129.49,117.25,135.27,25-Jul,26-Jul,27-Jul,28-Jul,29-Jul,30-Jul,31-Jul,25-Jul,26-Jul,27-Jul,28-Jul,29-Jul,30-Jul,31-Jul,2,2,5
Nashik,Ahmednagar,Ahmednagar,Newasa,Nevasa,5348540,"Retro.Sonai Karjgaon and 16 villages, Tal. Nevasa",GONEGAON,1572,2,0.00,0.01,0.00,0.56,0.00,0.37,0.37,0.00,0.52,0.00,35.38,0.00,23.58,23.46,25-Jul,26-Jul,27-Jul,28-Jul,29-Jul,30-Jul,31-Jul,25-Jul,26-Jul,27-Jul,28-Jul,29-Jul,30-Jul,31-Jul,3,7,0
Nashik,Ahmednagar,Ahmednagar,Newasa,Nevasa,5348540,"Retro.Sonai Karjgaon and 16 villages, Tal. Nevasa",IMAMPUR,350,1,0.00,0.00,0.00,0.00,0.00,0.00,0.00,0.00,0.00,0.00,0.00,0.00,0.00,0.00,25-Jul,26-Jul,27-Jul,28-Jul,29-Jul,30-Jul,31-Jul,25-Jul,26-Jul,27-Jul,28-Jul,29-Jul,30-Jul,31-Jul,7,7,0
Nashik,Ahmednagar,Ahmednagar,Newasa,Nevasa,5348540,"Retro.Sonai Karjgaon and 16 villages, Tal. Nevasa",KARAJGAON,3750,3,0.04,0.03,0.36,0.96,0.72,0.94,0.93,1.11,0.89,9.61,25.65,19.08,25.12,24.72,25-Jul,26-Jul,27-Jul,28-Jul,29-Jul,30-Jul,31-Jul,25-Jul,26-Jul,27-Jul,28-Jul,29-Jul,30-Jul,31-Jul,0,7,0
Nashik,Ahmednagar,Ahmednagar,Newasa,Nevasa,5348540,"Retro.Sonai Karjgaon and 16 villages, Tal. Nevasa",KHARWANDI,6263,2,0.36,0.19,0.20,1.74,2.16,1.85,0.07,5.83,3.06,3.21,27.79,34.51,29.51,1.19,25-Jul,26-Jul,27-Jul,28-Jul,29-Jul,30-Jul,31-Jul,25-Jul,26-Jul,27-Jul,28-Jul,29-Jul,30-Jul,31-Jul,0,7,0
Nashik,Ahmednagar,Ahmednagar,Newasa,Nevasa,5348540,"Retro.Sonai Karjgaon and 16 villages, Tal. Nevasa",Khedle Parmanand,2836,2,0.00,0.22,1.01,1.25,0.91,1.37,1.22,0.00,7.81,35.47,43.91,32.20,48.38,42.90,25-Jul,26-Jul,27-Jul,28-Jul,29-Jul,30-Jul,31-Jul,25-Jul,26-Jul,27-Jul,28-Jul,29-Jul,30-Jul,31-Jul,1,7,0
Nashik,Ahmednagar,Ahmednagar,Newasa,Nevasa,5348540,"Retro.Sonai Karjgaon and 16 villages, Tal. Nevasa",KHUPTI,2338,2,0.01,0.93,0.97,0.87,0.65,2.38,1.80,0.30,39.77,41.37,37.18,27.60,101.98,76.94,25-Jul,26-Jul,27-Jul,28-Jul,29-Jul,30-Jul,31-Jul,25-Jul,26-Jul,27-Jul,28-Jul,29-Jul,30-Jul,31-Jul,0,5,2
Nashik,Ahmednagar,Ahmednagar,Newasa,Nevasa,5348540,"Retro.Sonai Karjgaon and 16 villages, Tal. Nevasa",LANDEWADI,2158,2,0.00,0.00,0.00,0.00,0.00,0.00,0.00,0.00,0.00,0.00,0.00,0.00,0.00,0.00,25-Jul,26-Jul,27-Jul,28-Jul,29-Jul,30-Jul,31-Jul,25-Jul,26-Jul,27-Jul,28-Jul,29-Jul,30-Jul,31-Jul,7,7,0
Nashik,Ahmednagar,Ahmednagar,Newasa,Nevasa,5348540,"Retro.Sonai Karjgaon and 16 villages, Tal. Nevasa",Navin Chandgaon,1547,1,0.00,0.00,0.00,0.00,0.00,0.53,0.50,0.00,0.00,0.00,0.00,0.00,34.47,32.43,25-Jul,26-Jul,27-Jul,28-Jul,29-Jul,30-Jul,31-Jul,25-Jul,26-Jul,27-Jul,28-Jul,29-Jul,30-Jul,31-Jul,5,7,0
Nashik,Ahmednagar,Ahmednagar,Newasa,Nevasa,5348540,"Retro.Sonai Karjgaon and 16 villages, Tal. Nevasa",NIMBHARI,2524,2,0.00,0.00,1.17,1.29,0.79,0.95,0.04,0.00,0.00,46.50,51.22,31.47,37.68,1.60,25-Jul,26-Jul,27-Jul,28-Jul,29-Jul,30-Jul,31-Jul,25-Jul,26-Jul,27-Jul,28-Jul,29-Jul,30-Jul,31-Jul,2,7,0
Nashik,Ahmednagar,Ahmednagar,Newasa,Nevasa,5348540,"Retro.Sonai Karjgaon and 16 villages, Tal. Nevasa",PANEGAON,2858,2,0.04,0.00,0.72,0.59,0.14,0.81,0.75,1.30,0.01,25.34,20.72,4.73,28.21,26.09,25-Jul,26-Jul,27-Jul,28-Jul,29-Jul,30-Jul,31-Jul,25-Jul,26-Jul,27-Jul,28-Jul,29-Jul,30-Jul,31-Jul,0,7,0
Nashik,Ahmednagar,Ahmednagar,Newasa,Nevasa,5348540,"Retro.Sonai Karjgaon and 16 villages, Tal. Nevasa",Siregaon,3695,1,0.00,1.05,1.21,0.75,2.41,0.00,0.04,0.00,28.40,32.78,20.20,65.30,0.00,1.13,25-Jul,26-Jul,27-Jul,28-Jul,29-Jul,30-Jul,31-Jul,25-Jul,26-Jul,27-Jul,28-Jul,29-Jul,30-Jul,31-Jul,2,6,1
Nashik,Ahmednagar,Ahmednagar,Newasa,Nevasa,5348540,"Retro.Sonai Karjgaon and 16 villages, Tal. Nevasa",WATAPUR,1397,2,0.00,0.00,0.00,0.00,0.00,0.00,0.00,0.00,0.00,0.00,0.00,0.00,0.00,0.00,25-Jul,26-Jul,27-Jul,28-Jul,29-Jul,30-Jul,31-Jul,25-Jul,26-Jul,27-Jul,28-Jul,29-Jul,30-Jul,31-Jul,7,7,0
Nashik,Ahmednagar,Ahmednagar,Newasa,Pathardi,20040662,"Retro.Miri-Tisgaon and 33 villages, Tal. Pathardi",Gunjale,1602,2,0.00,0.00,0.00,0.00,0.00,0.00,0.00,0.00,0.00,0.00,0.00,0.00,0.00,0.00,25-Jul,26-Jul,27-Jul,28-Jul,29-Jul,30-Jul,31-Jul,25-Jul,26-Jul,27-Jul,28-Jul,29-Jul,30-Jul,31-Jul,7,7,0
Nashik,Ahmednagar,Ahmednagar,Newasa,Pathardi,20040662,"Retro.Miri-Tisgaon and 33 villages, Tal. Pathardi",Lohasar,2118,2,0.00,0.22,0.00,0.44,0.00,0.33,0.00,0.09,10.62,0.00,20.93,0.00,15.79,0.00,25-Jul,26-Jul,27-Jul,28-Jul,29-Jul,30-Jul,31-Jul,25-Jul,26-Jul,27-Jul,28-Jul,29-Jul,30-Jul,31-Jul,3,7,0
Nashik,Ahmednagar,Ahmednagar,Newasa,Pathardi,20040662,"Retro.Miri-Tisgaon and 33 villages, Tal. Pathardi",Tisgaon,,7,0.28,0.00,0.00,0.00,4.64,4.71,4.32,0.00,0.00,0.00,0.00,0.00,0.00,0.00,25-Jul,26-Jul,27-Jul,28-Jul,29-Jul,30-Jul,31-Jul,25-Jul,26-Jul,27-Jul,28-Jul,29-Jul,30-Jul,31-Jul,7,7,0
Nashik,Ahmednagar,Ahmednagar,Newasa,shevgaon,20028535,"Amarapur and Mali Babhulgaon 49 villages, Tal. Pathardi",Awhane Bk,1995,2,0.69,0.00,1.81,0.00,1.72,0.00,1.72,34.80,0.00,90.60,0.00,86.05,0.00,86.44,25-Jul,26-Jul,27-Jul,28-Jul,29-Jul,30-Jul,31-Jul,25-Jul,26-Jul,27-Jul,28-Jul,29-Jul,30-Jul,31-Jul,3,4,3
Nashik,Ahmednagar,Ahmednagar,Newasa,shevgaon,20028535,"Amarapur and Mali Babhulgaon 49 villages, Tal. Pathardi",Hasnapur,2123,2,0.00,0.00,0.00,0.00,0.00,2.02,0.04,0.00,0.00,0.00,0.00,0.00,95.22,1.68,25-Jul,26-Jul,27-Jul,28-Jul,29-Jul,30-Jul,31-Jul,25-Jul,26-Jul,27-Jul,28-Jul,29-Jul,30-Jul,31-Jul,5,6,1
Nashik,Ahmednagar,Ahmednagar,Newasa,shevgaon,20028535,"Amarapur and Mali Babhulgaon 49 villages, Tal. Pathardi",Lolegaon,835,1,0.00,0.00,0.00,0.00,0.00,0.00,0.00,0.01,0.13,0.01,0.00,0.00,0.01,0.00,25-Jul,26-Jul,27-Jul,28-Jul,29-Jul,30-Jul,31-Jul,25-Jul,26-Jul,27-Jul,28-Jul,29-Jul,30-Jul,31-Jul,3,7,0
Nashik,Ahmednagar,Ahmednagar,Newasa,shevgaon,20028535,"Amarapur and Mali Babhulgaon 49 villages, Tal. Pathardi",Malegaon,889,2,1.10,0.93,0.89,1.15,1.14,2.11,0.53,123.84,104.72,100.05,129.18,127.95,236.80,59.35,25-Jul,26-Jul,27-Jul,28-Jul,29-Jul,30-Jul,31-Jul,25-Jul,26-Jul,27-Jul,28-Jul,29-Jul,30-Jul,31-Jul,0,0,7
Nashik,Ahmednagar,Ahmednagar,Newasa,shevgaon,20028535,"Amarapur and Mali Babhulgaon 49 villages, Tal. Pathardi",Samangaon,1804,2,0.00,0.34,0.37,1.15,1.52,0.13,0.41,0.00,18.65,20.32,63.60,84.43,7.23,22.70,25-Jul,26-Jul,27-Jul,28-Jul,29-Jul,30-Jul,31-Jul,25-Jul,26-Jul,27-Jul,28-Jul,29-Jul,30-Jul,31-Jul,1,5,2
Nashik,Ahmednagar,Ahmednagar,Newasa,shevgaon,20028535,"Amarapur and Mali Babhulgaon 49 villages, Tal. Pathardi",Sangavi Bk,765,2,0.00,0.00,0.00,0.00,0.00,0.00,0.15,0.00,0.00,0.00,0.00,0.00,0.00,19.67,25-Jul,26-Jul,27-Jul,28-Jul,29-Jul,30-Jul,31-Jul,25-Jul,26-Jul,27-Jul,28-Jul,29-Jul,30-Jul,31-Jul,6,7,0
Nashik,Ahmednagar,Ahmednagar,Newasa,shevgaon,20028535,"Amarapur and Mali Babhulgaon 49 villages, Tal. Pathardi",Sangavi Kh,657,2,0.00,0.00,0.00,0.00,0.00,0.00,0.15,0.00,0.00,0.00,0.00,0.00,0.00,22.91,25-Jul,26-Jul,27-Jul,28-Jul,29-Jul,30-Jul,31-Jul,25-Jul,26-Jul,27-Jul,28-Jul,29-Jul,30-Jul,31-Jul,6,7,0
Nashik,Ahmednagar,Ahmednagar,Newasa,shevgaon,20028535,"Amarapur and Mali Babhulgaon 49 villages, Tal. Pathardi",Susare,4080,2,0.00,1.05,0.00,0.86,0.00,1.86,0.00,0.00,25.71,0.00,21.13,0.00,45.49,0.00,25-Jul,26-Jul,27-Jul,28-Jul,29-Jul,30-Jul,31-Jul,25-Jul,26-Jul,27-Jul,28-Jul,29-Jul,30-Jul,31-Jul,4,7,0
Nashik,Ahmednagar,Ahmednagar,Newasa,shevgaon,20028535,"Amarapur and Mali Babhulgaon 49 villages, Tal. Pathardi",Warur Bk.,3014,3,1.49,2.50,2.51,2.48,1.49,2.32,0.00,49.45,80.68,82.27,82.43,48.05,71.72,0.00,25-Jul,26-Jul,27-Jul,28-Jul,29-Jul,30-Jul,31-Jul,25-Jul,26-Jul,27-Jul,28-Jul,29-Jul,30-Jul,31-Jul,1,3,4
Nashik,Ahmednagar,Ahmednagar,Newasa,Shevgaon,20029079,Retro.Bodhegaon and 7 villages RRWSS. Ta. Shevgaon,Antarwali Kh,1020,2,0.00,0.00,0.00,0.00,0.00,0.00,0.00,0.00,0.00,0.00,0.21,0.00,0.00,0.00,25-Jul,26-Jul,27-Jul,28-Jul,29-Jul,30-Jul,31-Jul,25-Jul,26-Jul,27-Jul,28-Jul,29-Jul,30-Jul,31-Jul,6,7,0
Nashik,Ahmednagar,Ahmednagar,Shreerampur,Rahata,20030767,Retro.Kolhar-Bhagwatipur (aug) RRWSS. Ta.Rahta,Kolhar BK,16201,8,0.00,0.00,0.00,0.00,0.00,0.00,0.00,0.00,0.00,0.00,0.00,0.00,0.00,0.00,25-Jul,26-Jul,27-Jul,28-Jul,29-Jul,30-Jul,31-Jul,25-Jul,26-Jul,27-Jul,28-Jul,29-Jul,30-Jul,31-Jul,7,7,0
Nashik,Ahmednagar,Sangamner,Akole,Akole,20028069,Ganore and 4 villagesTa. Akole,Virgaon,3620,6,0.24,0.31,0.24,0.31,0.17,0.24,0.01,6.52,8.67,6.55,8.46,4.74,6.75,0.17,25-Jul,26-Jul,27-Jul,28-Jul,29-Jul,30-Jul,31-Jul,25-Jul,26-Jul,27-Jul,28-Jul,29-Jul,30-Jul,31-Jul,0,7,0
Nashik,Ahmednagar,Sangamner,Kopargaon,Rahata,20054877,Retro.Kelvad Bk.& 2 villages RRWSS. Ta.Rahta,Kelwad Bk,4840,2,0.00,0.00,1.07,0.00,0.00,0.00,0.00,0.00,0.00,22.12,0.00,0.00,0.00,0.00,25-Jul,26-Jul,27-Jul,28-Jul,29-Jul,30-Jul,31-Jul,25-Jul,26-Jul,27-Jul,28-Jul,29-Jul,30-Jul,31-Jul,6,7,0
Nashik,Ahmednagar,Sangamner,Kopargaon,Rahata,20054877,Retro.Kelvad Bk.& 2 villages RRWSS. Ta.Rahta,Kelwad Kd,5875,1,0.00,0.00,0.00,0.00,0.00,0.00,0.00,0.00,0.00,0.00,0.00,0.00,0.00,0.00,25-Jul,26-Jul,27-Jul,28-Jul,29-Jul,30-Jul,31-Jul,25-Jul,26-Jul,27-Jul,28-Jul,29-Jul,30-Jul,31-Jul,7,7,0
Nashik,Ahmednagar,Sangamner,Kopargaon,Rahata,20054895,Retro Korhale and 1 other village,Korhale,6871,6,1.45,1.76,1.44,2.22,1.67,2.17,2.24,21.11,25.64,20.94,32.37,24.32,31.52,32.55,25-Jul,26-Jul,27-Jul,28-Jul,29-Jul,30-Jul,31-Jul,25-Jul,26-Jul,27-Jul,28-Jul,29-Jul,30-Jul,31-Jul,0,7,0
Nashik,Ahmednagar,Sangamner,Kopargaon,Rahata,417239,Retro Rui & Shingave R.R.W.S.S Tal Rahata,Rui,6426,5,1.82,4.69,2.70,5555.12,2.51,5.37,0.00,28.36,73.02,42.07,86447.51,39.08,83.61,0.00,25-Jul,26-Jul,27-Jul,28-Jul,29-Jul,30-Jul,31-Jul,25-Jul,26-Jul,27-Jul,28-Jul,29-Jul,30-Jul,31-Jul,1,4,3
Nashik,Ahmednagar,Sangamner,Kopargaon,Rahata,417239,Retro Rui & Shingave R.R.W.S.S Tal Rahata,Shingve,5274,2,0.00,0.00,0.00,0.00,0.00,0.00,0.00,0.00,0.00,0.00,0.00,0.00,0.00,0.00,25-Jul,26-Jul,27-Jul,28-Jul,29-Jul,30-Jul,31-Jul,25-Jul,26-Jul,27-Jul,28-Jul,29-Jul,30-Jul,31-Jul,7,7,0
Nashik,Ahmednagar,Sangamner,Sangamner,Sangamner,20033242,"Retro.Talegaon Dighe and 16 villages, Tal. Sangamner",chincholi Gurav,3160,4,0.00,0.00,0.00,0.00,0.00,0.00,0.00,0.00,0.00,0.00,0.00,0.00,0.00,0.00,25-Jul,26-Jul,27-Jul,28-Jul,29-Jul,30-Jul,31-Jul,25-Jul,26-Jul,27-Jul,28-Jul,29-Jul,30-Jul,31-Jul,7,7,0
Nashik,Ahmednagar,Sangamner,Sangamner,Sangamner,20033242,"Retro.Talegaon Dighe and 16 villages, Tal. Sangamner",Kakadwadi,2267,2,0.00,0.00,0.00,0.00,0.00,0.00,0.00,0.00,0.00,0.00,0.00,0.00,0.00,0.00,25-Jul,26-Jul,27-Jul,28-Jul,29-Jul,30-Jul,31-Jul,25-Jul,26-Jul,27-Jul,28-Jul,29-Jul,30-Jul,31-Jul,7,7,0
Nashik,Ahmednagar,Sangamner,Sangamner,Sangamner,20033242,"Retro.Talegaon Dighe and 16 villages, Tal. Sangamner",Wadzari (Bk),1458,1,0.29,0.87,0.53,0.77,0.03,0.08,0.21,20.10,59.53,36.40,52.81,2.06,5.63,14.54,25-Jul,26-Jul,27-Jul,28-Jul,29-Jul,30-Jul,31-Jul,25-Jul,26-Jul,27-Jul,28-Jul,29-Jul,30-Jul,31-Jul,0,6,1
Nashik,Ahmednagar,Sangamner,Sangamner,Sangamner,20033242,"Retro.Talegaon Dighe and 16 villages, Tal. Sangamner",Wadzari (Kh),1173,1,0.00,0.00,0.00,0.00,0.00,0.00,0.00,0.00,0.00,0.00,0.00,0.00,0.00,0.00,25-Jul,26-Jul,27-Jul,28-Jul,29-Jul,30-Jul,31-Jul,25-Jul,26-Jul,27-Jul,28-Jul,29-Jul,30-Jul,31-Jul,7,7,0
Nashik,Ahmednagar,Sangamner,Sangamner,Sangamner,7937337,"Retro.Nimon and 4 villages, Tal. Sangamner",hilllock,3954,6,5.66,6.15,5.13,0.00,2.52,3.01,5.49,143.18,155.60,129.71,0.00,63.84,76.25,138.79,25-Jul,26-Jul,27-Jul,28-Jul,29-Jul,30-Jul,31-Jul,25-Jul,26-Jul,27-Jul,28-Jul,29-Jul,30-Jul,31-Jul,1,1,6
Nashik,Ahmednagar,Sangamner,Sangamner,Sangamner,7937337,"Retro.Nimon and 4 villages, Tal. Sangamner",Karhe,2691,2,0.00,0.00,0.00,0.00,0.00,0.00,0.00,0.00,0.00,0.00,0.00,0.00,0.00,0.00,25-Jul,26-Jul,27-Jul,28-Jul,29-Jul,30-Jul,31-Jul,25-Jul,26-Jul,27-Jul,28-Jul,29-Jul,30-Jul,31-Jul,7,7,0
Nashik,Ahmednagar,Sangamner,Sangamner,Sangamner,7937337,"Retro.Nimon and 4 villages, Tal. Sangamner",Palaskhede,3954,3,0.19,1.22,0.00,0.00,0.00,0.95,0.00,4.92,30.82,0.00,0.00,0.00,24.02,0.00,25-Jul,26-Jul,27-Jul,28-Jul,29-Jul,30-Jul,31-Jul,25-Jul,26-Jul,27-Jul,28-Jul,29-Jul,30-Jul,31-Jul,4,7,0
Nashik,Ahmednagar,Sangamner,Sangamner,Sangamner,7937337,"Retro.Nimon and 4 villages, Tal. Sangamner",Pimpale,2689,3,0.00,0.00,0.00,0.00,0.00,0.00,0.30,0.00,0.00,0.00,0.00,0.00,0.00,11.25,25-Jul,26-Jul,27-Jul,28-Jul,29-Jul,30-Jul,31-Jul,25-Jul,26-Jul,27-Jul,28-Jul,29-Jul,30-Jul,31-Jul,6,7,0
Nashik,Ahmednagar,Sangamner,Sangamner,Sangamner,7937337,"Retro.Nimon and 4 villages, Tal. Sangamner",Sonewadi,2328,2,0.84,1.58,1.27,0.00,0.00,2.25,0.03,36.00,68.03,54.41,0.00,0.00,96.69,1.12,25-Jul,26-Jul,27-Jul,28-Jul,29-Jul,30-Jul,31-Jul,25-Jul,26-Jul,27-Jul,28-Jul,29-Jul,30-Jul,31-Jul,2,5,2
Nashik,Jalgaon,Jalgaon,Chopda,Chopda,20053731,Lasur and 9 villages RRWSS. Ta. Chopda,Chahardi,15064,2,3.48,4.27,4.85,5.54,2.45,3.74,3.68,23.10,28.33,32.18,36.79,16.26,24.86,24.43,25-Jul,26-Jul,27-Jul,28-Jul,29-Jul,30-Jul,31-Jul,25-Jul,26-Jul,27-Jul,28-Jul,29-Jul,30-Jul,31-Jul,0,7,0
Nashik,Jalgaon,Jalgaon,Chopda,Chopda,20053731,Lasur and 9 villages RRWSS. Ta. Chopda,Chaugaon,2980,2,2.57,1.93,2.58,1.43,0.92,0.45,1.50,86.39,64.91,86.50,47.94,30.96,15.18,50.34,25-Jul,26-Jul,27-Jul,28-Jul,29-Jul,30-Jul,31-Jul,25-Jul,26-Jul,27-Jul,28-Jul,29-Jul,30-Jul,31-Jul,0,4,3
Nashik,Jalgaon,Jalgaon,Chopda,Chopda,20053731,Lasur and 9 villages RRWSS. Ta. Chopda,Chunchale,5224,2,0.00,0.00,0.00,0.00,0.00,0.00,0.00,0.00,0.00,0.00,0.00,0.00,0.00,0.00,25-Jul,26-Jul,27-Jul,28-Jul,29-Jul,30-Jul,31-Jul,25-Jul,26-Jul,27-Jul,28-Jul,29-Jul,30-Jul,31-Jul,7,7,0
Nashik,Jalgaon,Jalgaon,Chopda,Chopda,20053731,Lasur and 9 villages RRWSS. Ta. Chopda,Galwade,910,1,1.43,0.85,0.83,0.36,0.00,0.42,0.42,157.25,93.87,91.38,39.68,0.00,46.16,45.66,25-Jul,26-Jul,27-Jul,28-Jul,29-Jul,30-Jul,31-Jul,25-Jul,26-Jul,27-Jul,28-Jul,29-Jul,30-Jul,31-Jul,1,4,3
Nashik,Jalgaon,Jalgaon,Chopda,Chopda,20053731,Lasur and 9 villages RRWSS. Ta. Chopda,Hatede Kh,3009,2,3.66,3.60,3.97,2.02,0.17,1.43,1.89,121.61,119.56,131.82,67.04,5.63,47.43,62.74,25-Jul,26-Jul,27-Jul,28-Jul,29-Jul,30-Jul,31-Jul,25-Jul,26-Jul,27-Jul,28-Jul,29-Jul,30-Jul,31-Jul,0,2,5
Nashik,Jalgaon,Jalgaon,Chopda,Chopda,20053731,Lasur and 9 villages RRWSS. Ta. Chopda,Kazipura,863,2,2.04,1.43,1.45,1.34,0.41,1.31,1.23,236.32,165.90,168.51,154.99,46.94,151.42,142.72,25-Jul,26-Jul,27-Jul,28-Jul,29-Jul,30-Jul,31-Jul,25-Jul,26-Jul,27-Jul,28-Jul,29-Jul,30-Jul,31-Jul,0,1,6
Nashik,Jalgaon,Jalgaon,Chopda,Chopda,20053731,Lasur and 9 villages RRWSS. Ta. Chopda,Lasur,10272,6,3.41,3.29,3.52,1.39,1.15,1.52,2.14,33.17,32.05,34.27,13.55,11.16,14.83,20.80,25-Jul,26-Jul,27-Jul,28-Jul,29-Jul,30-Jul,31-Jul,25-Jul,26-Jul,27-Jul,28-Jul,29-Jul,30-Jul,31-Jul,0,7,0
Nashik,Jalgaon,Jalgaon,Chopda,Chopda,20053731,Lasur and 9 villages RRWSS. Ta. Chopda,Majare Hingone,1501,2,1.03,0.95,1.31,1.22,0.43,0.22,0.24,68.79,63.58,87.47,81.52,28.95,14.88,16.29,25-Jul,26-Jul,27-Jul,28-Jul,29-Jul,30-Jul,31-Jul,25-Jul,26-Jul,27-Jul,28-Jul,29-Jul,30-Jul,31-Jul,0,3,4
Nashik,Jalgaon,Jalgaon,Chopda,Chopda,20053731,Lasur and 9 villages RRWSS. Ta. Chopda,Mamalde,3572,2,4.77,4.53,4.09,2.53,0.32,2.59,2.60,133.42,126.73,114.41,70.79,8.83,72.59,72.72,25-Jul,26-Jul,27-Jul,28-Jul,29-Jul,30-Jul,31-Jul,25-Jul,26-Jul,27-Jul,28-Jul,29-Jul,30-Jul,31-Jul,0,1,6
Nashik,Jalgaon,Jalgaon,Erandol,Chalisgaon,20053796,Dondigar-Rohini & 15 Villages WSS,Andhari,1743,1,0.52,1.02,0.45,1.32,1.26,0.77,0.93,30.09,58.80,25.69,75.46,72.55,44.42,53.52,25-Jul,26-Jul,27-Jul,28-Jul,29-Jul,30-Jul,31-Jul,25-Jul,26-Jul,27-Jul,28-Jul,29-Jul,30-Jul,31-Jul,0,4,3
Nashik,Jalgaon,Jalgaon,Erandol,Chalisgaon,20053796,Dondigar-Rohini & 15 Villages WSS,Bilakhede,2691,2,0.49,0.64,1.59,1.06,1.36,1.07,8.36,18.28,23.91,58.93,39.52,50.56,39.61,310.66,25-Jul,26-Jul,27-Jul,28-Jul,29-Jul,30-Jul,31-Jul,25-Jul,26-Jul,27-Jul,28-Jul,29-Jul,30-Jul,31-Jul,0,5,2
Nashik,Jalgaon,Jalgaon,Erandol,Chalisgaon,20053796,Dondigar-Rohini & 15 Villages WSS,Bramhanshevga,2049,2,0.00,0.00,0.00,0.00,0.00,0.00,0.00,0.00,0.00,0.00,0.00,0.00,0.03,0.00,25-Jul,26-Jul,27-Jul,28-Jul,29-Jul,30-Jul,31-Jul,25-Jul,26-Jul,27-Jul,28-Jul,29-Jul,30-Jul,31-Jul,6,7,0
Nashik,Jalgaon,Jalgaon,Erandol,Chalisgaon,20053796,Dondigar-Rohini & 15 Villages WSS,Don Digar,3217,3,1.05,0.86,1.23,1.53,1.41,1.42,1.16,32.57,26.76,38.27,47.58,43.68,44.07,36.05,25-Jul,26-Jul,27-Jul,28-Jul,29-Jul,30-Jul,31-Jul,25-Jul,26-Jul,27-Jul,28-Jul,29-Jul,30-Jul,31-Jul,0,7,0
Nashik,Jalgaon,Jalgaon,Erandol,Chalisgaon,20053796,Dondigar-Rohini & 15 Villages WSS,Hatgaon,3573,2,0.30,0.00,2.91,1.72,5.15,0.14,0.00,8.31,0.10,81.33,48.24,144.10,3.98,0.06,25-Jul,26-Jul,27-Jul,28-Jul,29-Jul,30-Jul,31-Jul,25-Jul,26-Jul,27-Jul,28-Jul,29-Jul,30-Jul,31-Jul,0,5,2
Nashik,Jalgaon,Jalgaon,Erandol,Chalisgaon,20053796,Dondigar-Rohini & 15 Villages WSS,Hirapur,3925,3,0.78,1.27,1.46,1.75,0.00,0.00,1.04,20.00,32.33,37.20,44.67,0.00,0.00,26.47,25-Jul,26-Jul,27-Jul,28-Jul,29-Jul,30-Jul,31-Jul,25-Jul,26-Jul,27-Jul,28-Jul,29-Jul,30-Jul,31-Jul,2,7,0
Nashik,Jalgaon,Jalgaon,Erandol,Chalisgaon,20053796,Dondigar-Rohini & 15 Villages WSS,Karajgaon,1879,1,0.27,0.28,0.00,0.08,0.40,0.00,0.07,14.13,15.13,0.00,4.34,21.15,0.00,3.88,25-Jul,26-Jul,27-Jul,28-Jul,29-Jul,30-Jul,31-Jul,25-Jul,26-Jul,27-Jul,28-Jul,29-Jul,30-Jul,31-Jul,2,7,0
Nashik,Jalgaon,Jalgaon,Erandol,Chalisgaon,20053796,Dondigar-Rohini & 15 Villages WSS,Khadki Bk.,3100,3,2.91,3.38,3.92,0.35,5.28,3.27,4.46,93.92,109.03,126.56,11.40,170.46,105.38,143.87,25-Jul,26-Jul,27-Jul,28-Jul,29-Jul,30-Jul,31-Jul,25-Jul,26-Jul,27-Jul,28-Jul,29-Jul,30-Jul,31-Jul,0,1,6
Nashik,Jalgaon,Jalgaon,Erandol,Chalisgaon,20053796,Dondigar-Rohini & 15 Villages WSS,Krushnanagar,2803,2,0.00,0.00,0.53,0.00,0.00,0.00,0.00,0.00,0.00,19.05,0.00,0.00,0.00,0.00,25-Jul,26-Jul,27-Jul,28-Jul,29-Jul,30-Jul,31-Jul,25-Jul,26-Jul,27-Jul,28-Jul,29-Jul,30-Jul,31-Jul,6,7,0
Nashik,Jalgaon,Jalgaon,Erandol,Chalisgaon,20053796,Dondigar-Rohini & 15 Villages WSS,Pimpalgaon,1709,2,0.00,0.00,0.00,0.00,0.00,0.00,0.00,0.00,0.00,0.00,0.00,0.00,0.00,0.00,25-Jul,26-Jul,27-Jul,28-Jul,29-Jul,30-Jul,31-Jul,25-Jul,26-Jul,27-Jul,28-Jul,29-Jul,30-Jul,31-Jul,7,7,0
Nashik,Jalgaon,Jalgaon,Erandol,Chalisgaon,20053796,Dondigar-Rohini & 15 Villages WSS,Pimpri Budruk,1804,2,1.14,0.61,0.00,0.01,0.00,0.63,0.01,63.28,33.93,0.08,0.71,0.16,34.98,0.29,25-Jul,26-Jul,27-Jul,28-Jul,29-Jul,30-Jul,31-Jul,25-Jul,26-Jul,27-Jul,28-Jul,29-Jul,30-Jul,31-Jul,0,6,1
Nashik,Jalgaon,Jalgaon,Erandol,Chalisgaon,20053796,Dondigar-Rohini & 15 Villages WSS,Rohini,2811,3,0.55,0.34,0.15,0.35,0.19,0.00,0.28,19.68,11.95,5.44,12.58,6.85,0.01,10.11,25-Jul,26-Jul,27-Jul,28-Jul,29-Jul,30-Jul,31-Jul,25-Jul,26-Jul,27-Jul,28-Jul,29-Jul,30-Jul,31-Jul,0,7,0
Nashik,Jalgaon,Jalgaon,Erandol,Chalisgaon,20053796,Dondigar-Rohini & 15 Villages WSS,Talegaon,3647,2,0.00,0.00,0.00,0.00,0.00,0.00,0.00,0.00,0.00,0.00,0.00,0.00,0.00,0.00,25-Jul,26-Jul,27-Jul,28-Jul,29-Jul,30-Jul,31-Jul,25-Jul,26-Jul,27-Jul,28-Jul,29-Jul,30-Jul,31-Jul,7,7,0
Nashik,Jalgaon,Jalgaon,Erandol,Chalisgaon,20053796,Dondigar-Rohini & 15 Villages WSS,Tambole,2918,2,0.00,0.00,0.93,0.00,0.00,0.00,0.26,0.00,0.00,31.90,0.00,0.00,0.00,8.77,25-Jul,26-Jul,27-Jul,28-Jul,29-Jul,30-Jul,31-Jul,25-Jul,26-Jul,27-Jul,28-Jul,29-Jul,30-Jul,31-Jul,5,7,0
Nashik,Jalgaon,Jalgaon,Erandol,Dharangaon,20061165,Paldhi (bk& Kh) RR Tal DHARANGAON,Paldhi Bk.,9303,3,0.00,0.00,0.00,0.00,0.00,0.00,0.00,0.00,0.00,0.00,0.00,0.00,0.00,0.00,25-Jul,26-Jul,27-Jul,28-Jul,29-Jul,30-Jul,31-Jul,25-Jul,26-Jul,27-Jul,28-Jul,29-Jul,30-Jul,31-Jul,7,7,0
Nashik,Jalgaon,Jalgaon,Erandol,Dharangaon,20061165,Paldhi (bk& Kh) RR Tal DHARANGAON,Paldhi Kh.,12377,3,5.82,6.99,7.88,2.83,13.41,5.08,6.96,47.04,56.44,63.66,22.90,108.34,41.04,56.23,25-Jul,26-Jul,27-Jul,28-Jul,29-Jul,30-Jul,31-Jul,25-Jul,26-Jul,27-Jul,28-Jul,29-Jul,30-Jul,31-Jul,0,3,4
Nashik,Jalgaon,Jalgaon,Erandol,Jamner,20025401,Pahur Peth& Pahur Kasbe 2 Villages WSS Tal Jamner,Kharchane,615,1,1.70,0.00,2.05,0.00,1.64,0.00,1.50,276.40,0.00,334.13,0.00,266.81,0.00,243.91,25-Jul,26-Jul,27-Jul,28-Jul,29-Jul,30-Jul,31-Jul,25-Jul,26-Jul,27-Jul,28-Jul,29-Jul,30-Jul,31-Jul,3,3,4
Nashik,Jalgaon,Jalgaon,Erandol,Jamner,20025401,Pahur Peth& Pahur Kasbe 2 Villages WSS Tal Jamner,Pahur Kasbe,11162,6,0.00,0.00,0.01,0.00,0.00,0.11,0.20,0.00,0.00,0.11,0.00,0.00,0.99,1.81,25-Jul,26-Jul,27-Jul,28-Jul,29-Jul,30-Jul,31-Jul,25-Jul,26-Jul,27-Jul,28-Jul,29-Jul,30-Jul,31-Jul,4,7,0
Nashik,Jalgaon,Jalgaon,Erandol,Jamner,20025401,Pahur Peth& Pahur Kasbe 2 Villages WSS Tal Jamner,Pahur Peth,13205,5,2.52,3.18,1.33,1.66,2.18,3.25,2.56,19.07,24.10,10.05,12.58,16.52,24.64,19.36,25-Jul,26-Jul,27-Jul,28-Jul,29-Jul,30-Jul,31-Jul,25-Jul,26-Jul,27-Jul,28-Jul,29-Jul,30-Jul,31-Jul,0,7,0
Nashik,Jalgaon,Jalgaon,Erandol,Muktainagar,20025401,Pahur Peth& Pahur Kasbe 2 Villages WSS Tal Jamner,Sangvi,679,1,0.00,0.00,0.00,0.00,0.00,0.00,0.00,0.00,0.00,0.00,0.00,0.00,0.00,0.00,25-Jul,26-Jul,27-Jul,28-Jul,29-Jul,30-Jul,31-Jul,25-Jul,26-Jul,27-Jul,28-Jul,29-Jul,30-Jul,31-Jul,7,7,0
Nashik,Jalgaon,Jalgaon,Nandurbar,Nandurbar,20055662,Pachorabari - Narayanpur WSS,Narayanpur,1851,2,0.00,0.00,0.00,0.00,0.00,0.00,0.00,0.00,0.00,0.00,0.00,0.00,0.00,0.00,25-Jul,26-Jul,27-Jul,28-Jul,29-Jul,30-Jul,31-Jul,25-Jul,26-Jul,27-Jul,28-Jul,29-Jul,30-Jul,31-Jul,7,7,0
Nashik,Jalgaon,Jalgaon,Nandurbar,Nandurbar,20055662,Pachorabari - Narayanpur WSS,Pachorabari,1251,4,0.00,0.00,0.00,0.00,0.00,0.00,0.00,0.00,0.00,0.00,0.00,0.00,0.00,0.00,25-Jul,26-Jul,27-Jul,28-Jul,29-Jul,30-Jul,31-Jul,25-Jul,26-Jul,27-Jul,28-Jul,29-Jul,30-Jul,31-Jul,7,7,0
Nashik,Jalgaon,Jalgaon,Nandurbar,Nandurbar,20056839,"Gujar bhawali , Jambholi & 4 Villages",Gujar Bhawali,2629,2,0.57,0.00,0.46,0.00,0.36,0.08,0.40,21.64,0.03,17.67,0.00,13.87,2.86,15.28,25-Jul,26-Jul,27-Jul,28-Jul,29-Jul,30-Jul,31-Jul,25-Jul,26-Jul,27-Jul,28-Jul,29-Jul,30-Jul,31-Jul,1,7,0
Nashik,Jalgaon,Jalgaon,Nandurbar,Nandurbar,20056839,"Gujar bhawali , Jambholi & 4 Villages",Gujar Jamboli,2338,3,0.61,1.02,1.22,0.10,0.81,0.76,0.55,26.08,43.79,52.19,4.26,34.81,32.33,23.50,25-Jul,26-Jul,27-Jul,28-Jul,29-Jul,30-Jul,31-Jul,25-Jul,26-Jul,27-Jul,28-Jul,29-Jul,30-Jul,31-Jul,0,7,0
Nashik,Jalgaon,Jalgaon,Nandurbar,Nandurbar,20057127,"Khamgaon, Tokartale , Vichak & 2 Wadies RRWSS",Khamgaon,2602,2,0.00,0.00,0.01,0.01,0.00,0.00,0.01,0.18,0.10,0.22,0.42,0.11,0.07,0.32,25-Jul,26-Jul,27-Jul,28-Jul,29-Jul,30-Jul,31-Jul,25-Jul,26-Jul,27-Jul,28-Jul,29-Jul,30-Jul,31-Jul,0,7,0
Nashik,Jalgaon,Jalgaon,Nandurbar,Nandurbar,20057127,"Khamgaon, Tokartale , Vichak & 2 Wadies RRWSS",Tokartale,3510,2,0.44,0.00,0.89,0.86,0.86,0.30,0.32,12.66,0.00,25.33,24.45,24.63,8.43,8.99,25-Jul,26-Jul,27-Jul,28-Jul,29-Jul,30-Jul,31-Jul,25-Jul,26-Jul,27-Jul,28-Jul,29-Jul,30-Jul,31-Jul,1,7,0
Nashik,Jalgaon,Jalgaon,Nandurbar,Nandurbar,20057127,"Khamgaon, Tokartale , Vichak & 2 Wadies RRWSS",Wadgaon Pada,167,2,0.15,0.02,0.01,0.01,0.00,0.01,0.03,87.21,12.55,6.80,8.08,2.51,4.21,15.69,25-Jul,26-Jul,27-Jul,28-Jul,29-Jul,30-Jul,31-Jul,25-Jul,26-Jul,27-Jul,28-Jul,29-Jul,30-Jul,31-Jul,0,6,1
Nashik,Jalgaon,Jalgaon,Nandurbar,Nandurbar,20057131,Waghale & 3 Villages,Haripur,1445,2,0.00,0.00,0.00,0.00,0.00,0.00,0.00,0.00,0.00,0.00,0.00,0.00,0.00,0.00,25-Jul,26-Jul,27-Jul,28-Jul,29-Jul,30-Jul,31-Jul,25-Jul,26-Jul,27-Jul,28-Jul,29-Jul,30-Jul,31-Jul,7,7,0
Nashik,Jalgaon,Jalgaon,Nandurbar,Nandurbar,20057131,Waghale & 3 Villages,Nandarkhe,2862,3,1.67,1.74,1.50,1.63,1.05,1.03,0.68,58.39,60.96,52.36,56.93,36.81,35.84,23.67,25-Jul,26-Jul,27-Jul,28-Jul,29-Jul,30-Jul,31-Jul,25-Jul,26-Jul,27-Jul,28-Jul,29-Jul,30-Jul,31-Jul,0,4,3
Nashik,Jalgaon,Jalgaon,Nandurbar,Nandurbar,20057131,Waghale & 3 Villages,Waghale,3987,5,0.85,1.14,1.27,1.08,1.22,1.13,1.06,21.31,28.57,31.92,27.11,30.68,28.37,26.62,25-Jul,26-Jul,27-Jul,28-Jul,29-Jul,30-Jul,31-Jul,25-Jul,26-Jul,27-Jul,28-Jul,29-Jul,30-Jul,31-Jul,0,7,0
Nashik,Nashik,Nashik,Malegaon,Baglan,7971089,Nampur and 4 villages RR Tal Baglan (C 39),Askheda,3580,3,4.04,3.56,5.63,2.72,2.82,0.34,0.30,112.85,99.36,157.22,75.89,78.65,9.43,8.30,25-Jul,26-Jul,27-Jul,28-Jul,29-Jul,30-Jul,31-Jul,25-Jul,26-Jul,27-Jul,28-Jul,29-Jul,30-Jul,31-Jul,0,2,5
Nashik,Nashik,Nashik,Malegaon,Baglan,7971089,Nampur and 4 villages RR Tal Baglan (C 39),Jaikheda,8177,3,2.04,2.17,1.88,1.85,1.65,1.29,1.10,24.97,26.49,22.96,22.68,20.17,15.81,13.50,25-Jul,26-Jul,27-Jul,28-Jul,29-Jul,30-Jul,31-Jul,25-Jul,26-Jul,27-Jul,28-Jul,29-Jul,30-Jul,31-Jul,0,7,0
Nashik,Nashik,Nashik,Malegaon,Deola,20037448,"78 villages in Nandgaon, Malegaon and Deola talukas",Ajande,786,1,1.20,1.19,1.24,1.32,1.27,0.00,1.06,152.04,151.33,158.04,167.79,161.29,0.00,134.86,25-Jul,26-Jul,27-Jul,28-Jul,29-Jul,30-Jul,31-Jul,25-Jul,26-Jul,27-Jul,28-Jul,29-Jul,30-Jul,31-Jul,1,1,6
Nashik,Nashik,Nashik,Malegaon,Malegaon,20037448,"78 villages in Nandgaon, Malegaon and Deola talukas",Babhulwadi,715,1,0.57,0.52,0.95,0.66,0.79,0.62,0.64,79.19,73.17,132.36,92.84,110.95,86.67,90.13,25-Jul,26-Jul,27-Jul,28-Jul,29-Jul,30-Jul,31-Jul,25-Jul,26-Jul,27-Jul,28-Jul,29-Jul,30-Jul,31-Jul,0,0,7
Nashik,Nashik,Nashik,Malegaon,Malegaon,20037448,"78 villages in Nandgaon, Malegaon and Deola talukas",DoctorWadi,1255,1,0.00,0.00,0.00,0.00,0.00,0.00,0.69,0.00,0.00,0.00,0.00,0.00,0.00,54.73,25-Jul,26-Jul,27-Jul,28-Jul,29-Jul,30-Jul,31-Jul,25-Jul,26-Jul,27-Jul,28-Jul,29-Jul,30-Jul,31-Jul,6,7,0
Nashik,Nashik,Nashik,Malegaon,Malegaon,20037448,"78 villages in Nandgaon, Malegaon and Deola talukas",Ganesh Nagar,1298,2,0.10,0.00,0.16,0.32,0.47,0.32,0.00,7.44,0.00,11.96,24.49,36.10,24.58,0.00,25-Jul,26-Jul,27-Jul,28-Jul,29-Jul,30-Jul,31-Jul,25-Jul,26-Jul,27-Jul,28-Jul,29-Jul,30-Jul,31-Jul,2,7,0
Nashik,Nashik,Nashik,Malegaon,Malegaon,20037448,"78 villages in Nandgaon, Malegaon and Deola talukas",Ghodegaon,1465,2,0.00,0.00,0.00,0.47,0.11,0.32,0.00,0.00,0.00,0.01,32.25,7.83,22.03,0.00,25-Jul,26-Jul,27-Jul,28-Jul,29-Jul,30-Jul,31-Jul,25-Jul,26-Jul,27-Jul,28-Jul,29-Jul,30-Jul,31-Jul,3,7,0
Nashik,Nashik,Nashik,Malegaon,Malegaon,20037448,"78 villages in Nandgaon, Malegaon and Deola talukas",Ghodegaon Chauki,682,1,0.00,0.63,0.00,0.00,0.00,0.00,0.00,0.00,92.14,0.00,0.00,0.00,0.00,0.00,25-Jul,26-Jul,27-Jul,28-Jul,29-Jul,30-Jul,31-Jul,25-Jul,26-Jul,27-Jul,28-Jul,29-Jul,30-Jul,31-Jul,6,6,1
Nashik,Nashik,Nashik,Malegaon,Malegaon,20037448,"78 villages in Nandgaon, Malegaon and Deola talukas",Gilane,1765,2,0.00,0.00,0.00,0.00,0.00,0.00,0.00,0.00,0.00,0.00,0.00,0.00,0.00,0.00,25-Jul,26-Jul,27-Jul,28-Jul,29-Jul,30-Jul,31-Jul,25-Jul,26-Jul,27-Jul,28-Jul,29-Jul,30-Jul,31-Jul,7,7,0
Nashik,Nashik,Nashik,Malegaon,Malegaon,20037448,"78 villages in Nandgaon, Malegaon and Deola talukas",Hiswal Bk,1875,1,0.00,0.00,0.00,0.00,0.00,0.00,0.00,0.00,0.00,0.00,0.00,0.00,0.00,0.00,25-Jul,26-Jul,27-Jul,28-Jul,29-Jul,30-Jul,31-Jul,25-Jul,26-Jul,27-Jul,28-Jul,29-Jul,30-Jul,31-Jul,7,7,0
Nashik,Nashik,Nashik,Malegaon,Malegaon,20037448,"78 villages in Nandgaon, Malegaon and Deola talukas",Hiswal Kh,1785,1,0.00,0.00,0.00,0.00,0.62,0.00,0.00,0.00,0.00,0.00,0.00,34.89,0.00,0.00,25-Jul,26-Jul,27-Jul,28-Jul,29-Jul,30-Jul,31-Jul,25-Jul,26-Jul,27-Jul,28-Jul,29-Jul,30-Jul,31-Jul,6,7,0
Nashik,Nashik,Nashik,Malegaon,Malegaon,20037448,"78 villages in Nandgaon, Malegaon and Deola talukas",Jalgaon,3726,2,0.14,0.89,0.34,0.67,0.79,0.57,0.63,3.79,23.87,9.08,17.90,21.28,15.27,16.81,25-Jul,26-Jul,27-Jul,28-Jul,29-Jul,30-Jul,31-Jul,25-Jul,26-Jul,27-Jul,28-Jul,29-Jul,30-Jul,31-Jul,0,7,0
Nashik,Nashik,Nashik,Malegaon,Malegaon,20037448,"78 villages in Nandgaon, Malegaon and Deola talukas",Jatpada,1571,2,0.16,0.28,0.26,0.56,0.26,0.40,0.33,10.29,17.70,16.84,35.72,16.70,25.42,21.03,25-Jul,26-Jul,27-Jul,28-Jul,29-Jul,30-Jul,31-Jul,25-Jul,26-Jul,27-Jul,28-Jul,29-Jul,30-Jul,31-Jul,0,7,0
Nashik,Nashik,Nashik,Malegaon,Malegaon,20037448,"78 villages in Nandgaon, Malegaon and Deola talukas",Jiwardi Bk,1174,2,0.29,0.17,0.00,0.00,0.00,0.00,0.34,24.31,14.60,0.00,0.03,0.00,0.00,29.04,25-Jul,26-Jul,27-Jul,28-Jul,29-Jul,30-Jul,31-Jul,25-Jul,26-Jul,27-Jul,28-Jul,29-Jul,30-Jul,31-Jul,3,7,0
Nashik,Nashik,Nashik,Malegaon,Malegaon,20037448,"78 villages in Nandgaon, Malegaon and Deola talukas",Krantinagar,1385,3,0.00,0.00,0.00,0.00,0.00,0.00,0.00,0.00,0.00,0.00,0.00,0.00,0.00,0.00,25-Jul,26-Jul,27-Jul,28-Jul,29-Jul,30-Jul,31-Jul,25-Jul,26-Jul,27-Jul,28-Jul,29-Jul,30-Jul,31-Jul,7,7,0
Nashik,Nashik,Nashik,Malegaon,Malegaon,20037448,"78 villages in Nandgaon, Malegaon and Deola talukas",Manikpunj,1335,5,0.00,0.00,0.00,0.36,0.00,0.00,0.00,0.00,0.00,0.00,27.07,0.00,0.00,0.00,25-Jul,26-Jul,27-Jul,28-Jul,29-Jul,30-Jul,31-Jul,25-Jul,26-Jul,27-Jul,28-Jul,29-Jul,30-Jul,31-Jul,6,7,0
Nashik,Nashik,Nashik,Malegaon,Malegaon,20037448,"78 villages in Nandgaon, Malegaon and Deola talukas",Manjare,1819,2,0.00,0.00,0.17,1.12,0.00,0.00,0.00,0.00,0.00,9.36,61.76,0.00,0.00,0.00,25-Jul,26-Jul,27-Jul,28-Jul,29-Jul,30-Jul,31-Jul,25-Jul,26-Jul,27-Jul,28-Jul,29-Jul,30-Jul,31-Jul,5,6,1
Nashik,Nashik,Nashik,Malegaon,Nandgaon,20037448,"78 villages in Nandgaon, Malegaon and Deola talukas",Manwad,3580,2,0.00,0.00,0.01,0.92,0.00,0.00,0.00,0.00,0.00,0.27,25.73,0.00,0.00,0.00,25-Jul,26-Jul,27-Jul,28-Jul,29-Jul,30-Jul,31-Jul,25-Jul,26-Jul,27-Jul,28-Jul,29-Jul,30-Jul,31-Jul,5,7,0
Nashik,Nashik,Nashik,Malegaon,Nandgaon,20037448,"78 villages in Nandgaon, Malegaon and Deola talukas",Mehune,3276,2,0.00,0.00,1.02,0.00,0.00,0.00,0.00,0.00,0.00,31.01,0.00,0.00,0.00,0.00,25-Jul,26-Jul,27-Jul,28-Jul,29-Jul,30-Jul,31-Jul,25-Jul,26-Jul,27-Jul,28-Jul,29-Jul,30-Jul,31-Jul,6,7,0
Nashik,Nashik,Nashik,Malegaon,Nandgaon,20037448,"78 villages in Nandgaon, Malegaon and Deola talukas",Nimgaon Bk,11399,3,1.77,1.33,1.51,0.92,1.45,0.85,1.30,15.54,11.64,13.27,8.03,12.70,7.45,11.37,25-Jul,26-Jul,27-Jul,28-Jul,29-Jul,30-Jul,31-Jul,25-Jul,26-Jul,27-Jul,28-Jul,29-Jul,30-Jul,31-Jul,0,7,0
Nashik,Nashik,Nashik,Malegaon,Nandgaon,20037448,"78 villages in Nandgaon, Malegaon and Deola talukas",Nimgaon Kh,1222,2,0.00,0.25,0.00,0.00,0.27,0.00,0.00,0.00,20.26,0.00,0.00,21.80,0.00,0.00,25-Jul,26-Jul,27-Jul,28-Jul,29-Jul,30-Jul,31-Jul,25-Jul,26-Jul,27-Jul,28-Jul,29-Jul,30-Jul,31-Jul,5,7,0
Nashik,Nashik,Nashik,Malegaon,Nandgaon,20037448,"78 villages in Nandgaon, Malegaon and Deola talukas",Nimgule,602,1,0.00,0.74,0.71,0.92,0.00,0.00,0.00,0.00,123.60,118.59,152.71,0.00,0.00,0.00,25-Jul,26-Jul,27-Jul,28-Jul,29-Jul,30-Jul,31-Jul,25-Jul,26-Jul,27-Jul,28-Jul,29-Jul,30-Jul,31-Jul,4,4,3
Nashik,Nashik,Nashik,Malegaon,Nandgaon,20037448,"78 villages in Nandgaon, Malegaon and Deola talukas",Patharde,879,2,1.36,0.00,0.41,1.06,0.00,0.00,0.00,154.43,0.00,47.09,120.04,0.00,0.00,0.00,25-Jul,26-Jul,27-Jul,28-Jul,29-Jul,30-Jul,31-Jul,25-Jul,26-Jul,27-Jul,28-Jul,29-Jul,30-Jul,31-Jul,4,5,2
Nashik,Nashik,Nashik,Malegaon,Nandgaon,20037448,"78 villages in Nandgaon, Malegaon and Deola talukas",Pimparkhed,2655,1,0.36,0.65,0.00,0.00,0.00,0.00,0.00,13.46,24.47,0.00,0.00,0.00,0.00,0.00,25-Jul,26-Jul,27-Jul,28-Jul,29-Jul,30-Jul,31-Jul,25-Jul,26-Jul,27-Jul,28-Jul,29-Jul,30-Jul,31-Jul,5,7,0
Nashik,Nashik,Nashik,Malegaon,Nandgaon,20037448,"78 villages in Nandgaon, Malegaon and Deola talukas",Pimprale,2160,2,0.00,0.02,1.10,0.66,0.65,0.99,0.64,0.00,1.15,50.78,30.49,30.14,45.64,29.50,25-Jul,26-Jul,27-Jul,28-Jul,29-Jul,30-Jul,31-Jul,25-Jul,26-Jul,27-Jul,28-Jul,29-Jul,30-Jul,31-Jul,1,7,0
Nashik,Nashik,Nashik,Malegaon,Nandgaon,20037448,"78 villages in Nandgaon, Malegaon and Deola talukas",Pimpri Haveli,2550,1,0.57,1.27,0.84,0.72,0.00,0.28,0.92,22.34,49.76,32.92,28.42,0.01,10.90,35.89,25-Jul,26-Jul,27-Jul,28-Jul,29-Jul,30-Jul,31-Jul,25-Jul,26-Jul,27-Jul,28-Jul,29-Jul,30-Jul,31-Jul,0,7,0
Nashik,Nashik,Nashik,Malegaon,Nandgaon,20037448,"78 villages in Nandgaon, Malegaon and Deola talukas",Sakuri,3920,2,0.36,0.00,0.00,0.00,0.00,0.00,0.00,9.17,0.00,0.00,0.00,0.00,0.00,0.00,25-Jul,26-Jul,27-Jul,28-Jul,29-Jul,30-Jul,31-Jul,25-Jul,26-Jul,27-Jul,28-Jul,29-Jul,30-Jul,31-Jul,6,7,0
Nashik,Nashik,Nashik,Malegaon,Nandgaon,20037448,"78 villages in Nandgaon, Malegaon and Deola talukas",Saundane,9450,3,0.08,2.13,0.32,2.22,0.04,0.92,0.25,0.82,22.54,3.35,23.51,0.47,9.73,2.70,25-Jul,26-Jul,27-Jul,28-Jul,29-Jul,30-Jul,31-Jul,25-Jul,26-Jul,27-Jul,28-Jul,29-Jul,30-Jul,31-Jul,0,7,0
Nashik,Nashik,Nashik,Malegaon,Nandgaon,20037448,"78 villages in Nandgaon, Malegaon and Deola talukas",Sawakarwadi,2811,3,0.00,0.00,0.00,0.16,0.00,0.00,0.00,0.00,0.00,0.00,5.59,0.00,0.00,0.00,25-Jul,26-Jul,27-Jul,28-Jul,29-Jul,30-Jul,31-Jul,25-Jul,26-Jul,27-Jul,28-Jul,29-Jul,30-Jul,31-Jul,6,7,0
Nashik,Nashik,Nashik,Malegaon,Nandgaon,20037448,"78 villages in Nandgaon, Malegaon and Deola talukas",Shirsondi,1807,2,0.94,0.19,0.00,1.09,0.31,0.00,0.00,52.29,10.36,0.00,60.10,17.23,0.13,0.02,25-Jul,26-Jul,27-Jul,28-Jul,29-Jul,30-Jul,31-Jul,25-Jul,26-Jul,27-Jul,28-Jul,29-Jul,30-Jul,31-Jul,1,6,1
Nashik,Nashik,Nashik,Malegaon,Nandgaon,20037448,"78 villages in Nandgaon, Malegaon and Deola talukas",Soygaon,1680,2,0.00,0.96,0.00,0.04,0.00,0.03,0.00,0.00,57.42,0.00,2.62,0.00,1.89,0.00,25-Jul,26-Jul,27-Jul,28-Jul,29-Jul,30-Jul,31-Jul,25-Jul,26-Jul,27-Jul,28-Jul,29-Jul,30-Jul,31-Jul,4,6,1
Nashik,Nashik,Nashik,Malegaon,Nandgaon,20037448,"78 villages in Nandgaon, Malegaon and Deola talukas",Takli,4532,3,0.00,0.73,0.00,0.00,0.72,0.00,0.00,0.00,16.12,0.00,0.00,15.96,0.00,0.00,25-Jul,26-Jul,27-Jul,28-Jul,29-Jul,30-Jul,31-Jul,25-Jul,26-Jul,27-Jul,28-Jul,29-Jul,30-Jul,31-Jul,5,7,0
Nashik,Nashik,Nashik,Malegaon,Nandgaon,20037448,"78 villages in Nandgaon, Malegaon and Deola talukas",Takli Bk,1965,3,0.01,0.40,0.00,0.01,0.35,0.31,0.00,0.48,20.54,0.00,0.33,17.97,15.52,0.00,25-Jul,26-Jul,27-Jul,28-Jul,29-Jul,30-Jul,31-Jul,25-Jul,26-Jul,27-Jul,28-Jul,29-Jul,30-Jul,31-Jul,2,7,0
Nashik,Nashik,Nashik,Malegaon,Nandgaon,20037448,"78 villages in Nandgaon, Malegaon and Deola talukas",Tandulwadi,915,2,0.49,0.35,0.25,0.54,0.55,0.09,1.76,53.75,38.26,27.71,59.24,60.58,9.47,192.71,25-Jul,26-Jul,27-Jul,28-Jul,29-Jul,30-Jul,31-Jul,25-Jul,26-Jul,27-Jul,28-Jul,29-Jul,30-Jul,31-Jul,0,4,3
Nashik,Nashik,Nashik,Malegaon,Nandgaon,20037448,"78 villages in Nandgaon, Malegaon and Deola talukas",Varhale,1036,1,0.02,0.39,0.00,0.00,0.02,0.41,0.00,1.57,37.97,0.00,0.00,1.50,40.02,0.00,25-Jul,26-Jul,27-Jul,28-Jul,29-Jul,30-Jul,31-Jul,25-Jul,26-Jul,27-Jul,28-Jul,29-Jul,30-Jul,31-Jul,3,7,0
Nashik,Nashik,Nashik,Malegaon,Nandgaon,20037448,"78 villages in Nandgaon, Malegaon and Deola talukas",Varhane,2285,3,0.00,0.00,0.05,0.74,0.29,0.35,0.68,0.00,0.00,2.25,32.56,12.55,15.25,29.59,25-Jul,26-Jul,27-Jul,28-Jul,29-Jul,30-Jul,31-Jul,25-Jul,26-Jul,27-Jul,28-Jul,29-Jul,30-Jul,31-Jul,2,7,0
Nashik,Nashik,Nashik,Malegaon,Nandgaon,20037448,"78 villages in Nandgaon, Malegaon and Deola talukas",Wakhari,2400,2,0.31,0.00,0.43,0.00,0.45,0.00,0.00,12.84,0.00,17.77,0.00,18.88,0.00,0.00,25-Jul,26-Jul,27-Jul,28-Jul,29-Jul,30-Jul,31-Jul,25-Jul,26-Jul,27-Jul,28-Jul,29-Jul,30-Jul,31-Jul,4,7,0
Nashik,Nashik,Nashik,Malegaon,Nandgaon,20037448,"78 villages in Nandgaon, Malegaon and Deola talukas",Yesgaon Bk,3698,2,0.02,0.09,2.11,0.75,0.00,0.00,0.00,0.53,2.35,57.00,20.17,0.00,0.00,0.00,25-Jul,26-Jul,27-Jul,28-Jul,29-Jul,30-Jul,31-Jul,25-Jul,26-Jul,27-Jul,28-Jul,29-Jul,30-Jul,31-Jul,3,6,1
Nashik,Nashik,Nashik,Malegaon,Nandgaon,20037448,"78 villages in Nandgaon, Malegaon and Deola talukas",Yesgaon Kh,2429,2,0.00,0.00,0.00,0.00,0.00,0.00,0.00,0.00,0.00,0.00,0.00,0.00,0.00,0.00,25-Jul,26-Jul,27-Jul,28-Jul,29-Jul,30-Jul,31-Jul,25-Jul,26-Jul,27-Jul,28-Jul,29-Jul,30-Jul,31-Jul,7,7,0
Nashik,Nashik,Nashik,Manmad,Nifad,456654,"Retro. Lasalgaon Vinchur 16 Villages, Tal. Nifad",Bokaddara,2968,1,0.03,0.70,0.73,0.17,0.65,0.00,0.00,1.01,23.43,24.72,5.75,21.83,0.00,0.00,25-Jul,26-Jul,27-Jul,28-Jul,29-Jul,30-Jul,31-Jul,25-Jul,26-Jul,27-Jul,28-Jul,29-Jul,30-Jul,31-Jul,2,7,0
Nashik,Nashik,Nashik,Manmad,Nifad,456654,"Retro. Lasalgaon Vinchur 16 Villages, Tal. Nifad",Brahmangaon,9640,1,0.00,0.90,0.00,0.00,0.00,0.00,0.96,0.00,9.35,0.00,0.00,0.00,0.00,9.99,25-Jul,26-Jul,27-Jul,28-Jul,29-Jul,30-Jul,31-Jul,25-Jul,26-Jul,27-Jul,28-Jul,29-Jul,30-Jul,31-Jul,5,7,0
Nashik,Nashik,Nashik,Manmad,Nifad,456654,"Retro. Lasalgaon Vinchur 16 Villages, Tal. Nifad",Dharangaon Khadak,3648,1,0.74,0.02,1.34,0.02,1.06,0.01,0.30,20.28,0.48,36.66,0.64,29.11,0.38,8.29,25-Jul,26-Jul,27-Jul,28-Jul,29-Jul,30-Jul,31-Jul,25-Jul,26-Jul,27-Jul,28-Jul,29-Jul,30-Jul,31-Jul,0,7,0
Nashik,Nashik,Nashik,Manmad,Nifad,456654,"Retro. Lasalgaon Vinchur 16 Villages, Tal. Nifad",Dharangaon Veer,3494,1,0.00,0.98,0.00,0.00,1.40,0.00,1.12,0.00,27.99,0.00,0.00,40.01,0.00,32.00,25-Jul,26-Jul,27-Jul,28-Jul,29-Jul,30-Jul,31-Jul,25-Jul,26-Jul,27-Jul,28-Jul,29-Jul,30-Jul,31-Jul,4,7,0
Nashik,Nashik,Nashik,Manmad,Nifad,456654,"Retro. Lasalgaon Vinchur 16 Villages, Tal. Nifad",Dongargaon,5460,1,0.00,0.00,0.00,0.00,0.00,0.00,0.00,0.00,0.00,0.00,0.00,0.00,0.00,0.00,25-Jul,26-Jul,27-Jul,28-Jul,29-Jul,30-Jul,31-Jul,25-Jul,26-Jul,27-Jul,28-Jul,29-Jul,30-Jul,31-Jul,7,7,0
Nashik,Nashik,Nashik,Manmad,Nifad,456654,"Retro. Lasalgaon Vinchur 16 Villages, Tal. Nifad",Hanuman Nagar,2684,1,0.64,0.70,0.70,0.06,0.57,0.62,0.19,23.71,26.22,25.93,2.25,21.12,23.22,7.09,25-Jul,26-Jul,27-Jul,28-Jul,29-Jul,30-Jul,31-Jul,25-Jul,26-Jul,27-Jul,28-Jul,29-Jul,30-Jul,31-Jul,0,7,0
Nashik,Nashik,Nashik,Manmad,Nifad,456654,"Retro. Lasalgaon Vinchur 16 Villages, Tal. Nifad",Kotamgaon,4189,2,0.30,0.47,0.05,0.00,0.00,0.99,0.03,7.21,11.17,1.25,0.00,0.00,23.65,0.71,25-Jul,26-Jul,27-Jul,28-Jul,29-Jul,30-Jul,31-Jul,25-Jul,26-Jul,27-Jul,28-Jul,29-Jul,30-Jul,31-Jul,2,7,0
Nashik,Nashik,Nashik,Manmad,Nifad,456654,"Retro. Lasalgaon Vinchur 16 Villages, Tal. Nifad",Lasalgaon,19821,5,5.23,7.56,4.41,4.85,8.07,2.14,10.54,26.39,38.12,22.27,24.48,40.72,10.80,53.16,25-Jul,26-Jul,27-Jul,28-Jul,29-Jul,30-Jul,31-Jul,25-Jul,26-Jul,27-Jul,28-Jul,29-Jul,30-Jul,31-Jul,0,7,0
Nashik,Nashik,Nashik,Manmad,Nifad,456654,"Retro. Lasalgaon Vinchur 16 Villages, Tal. Nifad",Nandgaon,3266,1,0.00,0.00,0.00,0.00,0.00,0.00,0.00,0.00,0.00,0.00,0.00,0.00,0.00,0.00,25-Jul,26-Jul,27-Jul,28-Jul,29-Jul,30-Jul,31-Jul,25-Jul,26-Jul,27-Jul,28-Jul,29-Jul,30-Jul,31-Jul,7,7,0
Nashik,Nashik,Nashik,Manmad,Nifad,456654,"Retro. Lasalgaon Vinchur 16 Villages, Tal. Nifad",Nimgaon Wakada,3798,3,0.38,1.04,0.41,1.15,0.39,1.17,0.39,9.91,27.46,10.88,30.38,10.35,30.81,10.17,25-Jul,26-Jul,27-Jul,28-Jul,29-Jul,30-Jul,31-Jul,25-Jul,26-Jul,27-Jul,28-Jul,29-Jul,30-Jul,31-Jul,0,7,0
Nashik,Nashik,Nashik,Manmad,Nifad,456654,"Retro. Lasalgaon Vinchur 16 Villages, Tal. Nifad",Pimpalgaon Najik,11607,2,1.49,2.47,2.62,2.47,2.18,4.10,2.38,12.81,21.27,22.57,21.27,18.81,35.29,20.50,25-Jul,26-Jul,27-Jul,28-Jul,29-Jul,30-Jul,31-Jul,25-Jul,26-Jul,27-Jul,28-Jul,29-Jul,30-Jul,31-Jul,0,7,0
Nashik,Nashik,Nashik,Manmad,Nifad,456654,"Retro. Lasalgaon Vinchur 16 Villages, Tal. Nifad",Subhash Nagar,1532,1,0.00,0.00,0.00,0.00,0.00,0.00,0.00,0.01,0.01,0.00,0.00,0.00,0.00,0.00,25-Jul,26-Jul,27-Jul,28-Jul,29-Jul,30-Jul,31-Jul,25-Jul,26-Jul,27-Jul,28-Jul,29-Jul,30-Jul,31-Jul,5,7,0
Nashik,Nashik,Nashik,Manmad,Nifad,456654,"Retro. Lasalgaon Vinchur 16 Villages, Tal. Nifad",Takali Vinchur,9423,2,0.17,1.27,0.00,0.00,0.00,0.00,0.62,1.85,13.53,0.00,0.00,0.00,0.00,6.63,25-Jul,26-Jul,27-Jul,28-Jul,29-Jul,30-Jul,31-Jul,25-Jul,26-Jul,27-Jul,28-Jul,29-Jul,30-Jul,31-Jul,4,7,0
Nashik,Nashik,Nashik,Manmad,Nifad,456654,"Retro. Lasalgaon Vinchur 16 Villages, Tal. Nifad",Vinchur,16088,3,4.48,0.23,5.75,0.00,1.50,0.79,0.87,27.88,1.45,35.71,0.00,9.30,4.92,5.38,25-Jul,26-Jul,27-Jul,28-Jul,29-Jul,30-Jul,31-Jul,25-Jul,26-Jul,27-Jul,28-Jul,29-Jul,30-Jul,31-Jul,1,7,0
Nashik,Nashik,Nashik,Manmad,Nifad,456654,"Retro. Lasalgaon Vinchur 16 Villages, Tal. Nifad",Vishnu Nagar,1254,1,0.34,0.79,0.76,0.47,0.67,0.06,0.23,27.10,62.79,60.46,37.73,53.05,4.96,18.69,25-Jul,26-Jul,27-Jul,28-Jul,29-Jul,30-Jul,31-Jul,25-Jul,26-Jul,27-Jul,28-Jul,29-Jul,30-Jul,31-Jul,0,5,2
Nashik,Nashik,Nashik,Manmad,Nifad,456654,"Retro. Lasalgaon Vinchur 16 Villages, Tal. Nifad",Vitthalwadi,1029,1,0.62,0.82,0.54,0.28,0.36,0.93,0.52,60.20,79.34,52.75,27.64,35.34,90.42,50.55,25-Jul,26-Jul,27-Jul,28-Jul,29-Jul,30-Jul,31-Jul,25-Jul,26-Jul,27-Jul,28-Jul,29-Jul,30-Jul,31-Jul,0,4,3
Nashik,Nashik,Nashik,Manmad,Yeola,20030798,Retrofitting To Yeola 38 Villages,Adgaon chautha,2244,1,0.00,0.00,0.00,0.00,0.00,0.00,0.00,0.00,0.00,0.00,0.00,0.00,0.00,0.00,25-Jul,26-Jul,27-Jul,28-Jul,29-Jul,30-Jul,31-Jul,25-Jul,26-Jul,27-Jul,28-Jul,29-Jul,30-Jul,31-Jul,7,7,0
Nashik,Nashik,Nashik,Manmad,Yeola,20030798,Retrofitting To Yeola 38 Villages,Andarsul,15233,4,13.28,6.13,0.00,0.00,0.27,16.49,8.76,87.18,40.26,0.00,0.00,1.80,108.25,57.53,25-Jul,26-Jul,27-Jul,28-Jul,29-Jul,30-Jul,31-Jul,25-Jul,26-Jul,27-Jul,28-Jul,29-Jul,30-Jul,31-Jul,2,4,3
Nashik,Nashik,Nashik,Manmad,Yeola,20030798,Retrofitting To Yeola 38 Villages,Ankute,2366,1,0.00,0.15,0.14,0.19,0.00,0.00,2.36,0.00,6.42,5.86,8.08,0.00,0.00,99.95,25-Jul,26-Jul,27-Jul,28-Jul,29-Jul,30-Jul,31-Jul,25-Jul,26-Jul,27-Jul,28-Jul,29-Jul,30-Jul,31-Jul,3,6,1
Nashik,Nashik,Nashik,Manmad,Yeola,20030798,Retrofitting To Yeola 38 Villages,Babulgaon Bk.,1774,1,0.65,0.02,1.43,1.75,2.28,4.97,4.52,36.62,1.29,80.76,98.76,128.70,280.27,254.54,25-Jul,26-Jul,27-Jul,28-Jul,29-Jul,30-Jul,31-Jul,25-Jul,26-Jul,27-Jul,28-Jul,29-Jul,30-Jul,31-Jul,0,2,5
Nashik,Nashik,Nashik,Manmad,Yeola,20030798,Retrofitting To Yeola 38 Villages,Bharam,1595,1,0.00,0.00,0.00,0.00,0.00,0.00,0.00,0.00,0.00,0.00,0.00,0.00,0.00,0.00,25-Jul,26-Jul,27-Jul,28-Jul,29-Jul,30-Jul,31-Jul,25-Jul,26-Jul,27-Jul,28-Jul,29-Jul,30-Jul,31-Jul,7,7,0
Nashik,Nashik,Nashik,Manmad,Yeola,20030798,Retrofitting To Yeola 38 Villages,Dhamode,657,1,0.00,0.00,0.00,0.00,0.00,0.00,0.00,0.00,0.00,0.00,0.00,0.00,0.00,0.00,25-Jul,26-Jul,27-Jul,28-Jul,29-Jul,30-Jul,31-Jul,25-Jul,26-Jul,27-Jul,28-Jul,29-Jul,30-Jul,31-Jul,7,7,0
Nashik,Nashik,Nashik,Manmad,Yeola,20030798,Retrofitting To Yeola 38 Villages,Dhanora,1283,2,1.93,1.13,3.12,1.93,2.97,2.92,4.43,150.18,88.38,243.38,150.76,231.70,227.69,344.90,25-Jul,26-Jul,27-Jul,28-Jul,29-Jul,30-Jul,31-Jul,25-Jul,26-Jul,27-Jul,28-Jul,29-Jul,30-Jul,31-Jul,0,0,7
Nashik,Nashik,Nashik,Manmad,Yeola,20030798,Retrofitting To Yeola 38 Villages,Gawandgaon,3144,1,0.00,0.00,0.00,0.00,0.00,0.00,0.00,0.00,0.00,0.00,0.00,0.00,0.00,0.00,25-Jul,26-Jul,27-Jul,28-Jul,29-Jul,30-Jul,31-Jul,25-Jul,26-Jul,27-Jul,28-Jul,29-Jul,30-Jul,31-Jul,7,7,0
Nashik,Nashik,Nashik,Manmad,Yeola,20030798,Retrofitting To Yeola 38 Villages,Katarni,3110,1,0.00,0.00,0.00,0.00,0.00,0.00,0.00,0.00,0.00,0.00,0.00,0.00,0.00,0.00,25-Jul,26-Jul,27-Jul,28-Jul,29-Jul,30-Jul,31-Jul,25-Jul,26-Jul,27-Jul,28-Jul,29-Jul,30-Jul,31-Jul,7,7,0
Nashik,Nashik,Nashik,Manmad,Yeola,20030798,Retrofitting To Yeola 38 Villages,Kusur,2292,1,0.00,0.00,0.00,0.00,0.00,0.00,0.00,0.00,0.00,0.00,0.00,0.00,0.00,0.00,25-Jul,26-Jul,27-Jul,28-Jul,29-Jul,30-Jul,31-Jul,25-Jul,26-Jul,27-Jul,28-Jul,29-Jul,30-Jul,31-Jul,7,7,0
Nashik,Nashik,Nashik,Manmad,Yeola,20030798,Retrofitting To Yeola 38 Villages,Nandesar,1025,1,0.00,0.00,0.00,0.00,0.00,0.00,0.00,0.00,0.00,0.00,0.00,0.00,0.00,0.00,25-Jul,26-Jul,27-Jul,28-Jul,29-Jul,30-Jul,31-Jul,25-Jul,26-Jul,27-Jul,28-Jul,29-Jul,30-Jul,31-Jul,7,7,0
Nashik,Nashik,Nashik,Manmad,Yeola,20030798,Retrofitting To Yeola 38 Villages,Nimgaon Madh,3048,1,0.09,0.00,0.48,1.04,0.69,0.00,0.43,3.09,0.00,15.88,34.16,22.53,0.08,14.01,25-Jul,26-Jul,27-Jul,28-Jul,29-Jul,30-Jul,31-Jul,25-Jul,26-Jul,27-Jul,28-Jul,29-Jul,30-Jul,31-Jul,1,7,0
Nashik,Nashik,Nashik,Manmad,Yeola,20030798,Retrofitting To Yeola 38 Villages,Pimpalgaon jalal,1412,1,0.00,0.00,0.00,0.00,0.00,0.00,0.00,0.00,0.00,0.00,0.00,0.00,0.00,0.00,25-Jul,26-Jul,27-Jul,28-Jul,29-Jul,30-Jul,31-Jul,25-Jul,26-Jul,27-Jul,28-Jul,29-Jul,30-Jul,31-Jul,7,7,0
Nashik,Nashik,Nashik,Manmad,Yeola,20030798,Retrofitting To Yeola 38 Villages,Pimpalkute BK.,811,1,0.02,0.55,0.00,0.00,0.72,0.08,0.00,2.50,68.35,0.00,0.00,88.50,9.95,0.00,25-Jul,26-Jul,27-Jul,28-Jul,29-Jul,30-Jul,31-Jul,25-Jul,26-Jul,27-Jul,28-Jul,29-Jul,30-Jul,31-Jul,3,5,2
Nashik,Nashik,Nashik,Manmad,Yeola,20030798,Retrofitting To Yeola 38 Villages,Pimpalkute Kh.,657,1,0.00,0.00,0.00,0.00,0.00,0.00,0.00,0.00,0.00,0.02,0.00,0.00,0.00,0.00,25-Jul,26-Jul,27-Jul,28-Jul,29-Jul,30-Jul,31-Jul,25-Jul,26-Jul,27-Jul,28-Jul,29-Jul,30-Jul,31-Jul,6,7,0
Nashik,Nashik,Nashik,Manmad,Yeola,20030798,Retrofitting To Yeola 38 Villages,Somthan Desh,2869,1,0.00,0.00,0.00,0.00,0.00,0.00,0.00,0.00,0.00,0.00,0.00,0.00,0.00,0.00,25-Jul,26-Jul,27-Jul,28-Jul,29-Jul,30-Jul,31-Jul,25-Jul,26-Jul,27-Jul,28-Jul,29-Jul,30-Jul,31-Jul,7,7,0
Nashik,Nashik,Nashik,Manmad,Yeola,20030798,Retrofitting To Yeola 38 Villages,Suregaon Rasta,2428,1,0.00,0.00,0.00,0.00,0.00,0.00,0.00,0.00,0.00,0.00,0.00,0.00,0.00,0.00,25-Jul,26-Jul,27-Jul,28-Jul,29-Jul,30-Jul,31-Jul,25-Jul,26-Jul,27-Jul,28-Jul,29-Jul,30-Jul,31-Jul,7,7,0
Nashik,Nashik,Nashik,Manmad,Yeola,20030798,Retrofitting To Yeola 38 Villages,Undirwadi,3087,1,0.00,0.00,0.00,0.00,0.00,0.00,0.00,0.00,0.00,0.00,0.00,0.00,0.00,0.00,25-Jul,26-Jul,27-Jul,28-Jul,29-Jul,30-Jul,31-Jul,25-Jul,26-Jul,27-Jul,28-Jul,29-Jul,30-Jul,31-Jul,7,7,0
Nashik,Nashik,Nashik,Manmad,Yeola,20030798,Retrofitting To Yeola 38 Villages,Vikharni,2325,1,0.00,0.00,0.00,0.00,0.00,0.00,0.00,0.00,0.00,0.00,0.00,0.00,0.00,0.00,25-Jul,26-Jul,27-Jul,28-Jul,29-Jul,30-Jul,31-Jul,25-Jul,26-Jul,27-Jul,28-Jul,29-Jul,30-Jul,31-Jul,7,7,0
Nashik,Nashik,Nashik,Manmad,Yeola,20030798,Retrofitting To Yeola 38 Villages,Visapur,1938,1,0.33,0.00,0.00,0.00,0.00,0.87,0.00,17.10,0.00,0.25,0.00,0.00,44.84,0.00,25-Jul,26-Jul,27-Jul,28-Jul,29-Jul,30-Jul,31-Jul,25-Jul,26-Jul,27-Jul,28-Jul,29-Jul,30-Jul,31-Jul,4,7,0
Nashik,Nashik,Nashik,Nashik,Peth,20083505,Surgane & 2 Vill RRWSS Tal.Peth,Ghubadsaka,0,1,0.00,0.00,0.00,0.00,0.00,0.00,0.00,0.00,0.00,0.00,0.00,0.00,0.00,0.00,25-Jul,26-Jul,27-Jul,28-Jul,29-Jul,30-Jul,31-Jul,25-Jul,26-Jul,27-Jul,28-Jul,29-Jul,30-Jul,31-Jul,7,7,0
Nashik,Nashik,Nashik,Nashik,Peth,20083505,Surgane & 2 Vill RRWSS Tal.Peth,Harangaon,1570,1,0.00,0.00,0.00,0.00,0.00,0.00,0.00,0.00,0.00,0.00,0.00,0.00,0.00,0.00,25-Jul,26-Jul,27-Jul,28-Jul,29-Jul,30-Jul,31-Jul,25-Jul,26-Jul,27-Jul,28-Jul,29-Jul,30-Jul,31-Jul,7,7,0
Nashik,Nashik,Nashik,Nashik,Peth,20083505,Surgane & 2 Vill RRWSS Tal.Peth,Surgane,1114,6,0.00,0.00,0.00,0.00,0.00,0.00,0.00,0.00,0.00,0.00,0.00,0.00,0.00,0.00,25-Jul,26-Jul,27-Jul,28-Jul,29-Jul,30-Jul,31-Jul,25-Jul,26-Jul,27-Jul,28-Jul,29-Jul,30-Jul,31-Jul,7,7,0
Nashik,Nashik,Nashik,Nashik,Trambakeshwar,20017222,Waghera & 14 RRWSS Tal Trambakeshwar,Bramhanwade,1232,1,0.00,0.00,0.00,0.00,0.00,0.00,0.00,0.00,0.00,0.00,0.00,0.00,0.00,0.00,25-Jul,26-Jul,27-Jul,28-Jul,29-Jul,30-Jul,31-Jul,25-Jul,26-Jul,27-Jul,28-Jul,29-Jul,30-Jul,31-Jul,7,7,0
Nashik,Nashik,Nashik,Nashik,Trambakeshwar,20017222,Waghera & 14 RRWSS Tal Trambakeshwar,Ganeshgaon,463,2,0.00,0.00,0.00,0.00,0.00,0.00,0.00,0.00,0.00,0.00,0.00,0.00,0.00,0.00,25-Jul,26-Jul,27-Jul,28-Jul,29-Jul,30-Jul,31-Jul,25-Jul,26-Jul,27-Jul,28-Jul,29-Jul,30-Jul,31-Jul,7,7,0
Nashik,Nashik,Nashik,Nashik,Trambakeshwar,20017222,Waghera & 14 RRWSS Tal Trambakeshwar,Gorthan,621,1,0.00,0.00,0.00,0.00,0.00,0.00,0.00,0.00,0.00,0.01,0.01,0.00,0.00,0.00,25-Jul,26-Jul,27-Jul,28-Jul,29-Jul,30-Jul,31-Jul,25-Jul,26-Jul,27-Jul,28-Jul,29-Jul,30-Jul,31-Jul,5,7,0
Nashik,Nashik,Nashik,Nashik,Trambakeshwar,20017222,Waghera & 14 RRWSS Tal Trambakeshwar,Kone,1655,2,0.00,0.00,0.00,0.00,0.00,0.00,0.00,0.00,0.00,0.00,0.00,0.00,0.00,0.00,25-Jul,26-Jul,27-Jul,28-Jul,29-Jul,30-Jul,31-Jul,25-Jul,26-Jul,27-Jul,28-Jul,29-Jul,30-Jul,31-Jul,7,7,0
Nashik,Nashik,Nashik,Nashik,Trambakeshwar,20017222,Waghera & 14 RRWSS Tal Trambakeshwar,Waghera,3746,2,0.33,0.00,0.00,0.00,0.00,0.06,0.00,8.75,0.00,0.00,0.00,0.00,1.68,0.05,25-Jul,26-Jul,27-Jul,28-Jul,29-Jul,30-Jul,31-Jul,25-Jul,26-Jul,27-Jul,28-Jul,29-Jul,30-Jul,31-Jul,4,7,0
Nashik,Nashik,Nashik,Nashik,Trambakeshwar,20017222,Waghera & 14 RRWSS Tal Trambakeshwar,Welunj,3013,2,0.31,0.00,0.38,0.00,0.00,0.00,0.00,10.35,0.00,12.52,0.00,0.00,0.00,0.00,25-Jul,26-Jul,27-Jul,28-Jul,29-Jul,30-Jul,31-Jul,25-Jul,26-Jul,27-Jul,28-Jul,29-Jul,30-Jul,31-Jul,5,7,0
Nashik,Nashik,Nashik,Sinnar,Sinnar,20019176,Retro. Bargaonpimpri & 6 VRWSS  Tal Sinnar,Gulwanch,6190,3,0.41,0.00,0.00,0.01,0.83,0.67,0.73,6.63,0.00,0.00,0.24,13.33,10.85,11.76,25-Jul,26-Jul,27-Jul,28-Jul,29-Jul,30-Jul,31-Jul,25-Jul,26-Jul,27-Jul,28-Jul,29-Jul,30-Jul,31-Jul,2,7,0
Nashik,Nashik,Nashik,Sinnar,Sinnar,20019176,Retro. Bargaonpimpri & 6 VRWSS  Tal Sinnar,Hiwargaon,2497,3,0.14,0.00,0.00,0.08,0.13,0.00,0.00,5.53,0.01,0.00,3.11,5.10,0.00,0.00,25-Jul,26-Jul,27-Jul,28-Jul,29-Jul,30-Jul,31-Jul,25-Jul,26-Jul,27-Jul,28-Jul,29-Jul,30-Jul,31-Jul,3,7,0
Nashik,Nashik,Nashik,Sinnar,Sinnar,20019176,Retro. Bargaonpimpri & 6 VRWSS  Tal Sinnar,K.P Nagar,1078,1,0.00,0.00,0.00,0.00,0.00,0.00,0.00,0.00,0.00,0.00,0.00,0.00,0.00,0.00,25-Jul,26-Jul,27-Jul,28-Jul,29-Jul,30-Jul,31-Jul,25-Jul,26-Jul,27-Jul,28-Jul,29-Jul,30-Jul,31-Jul,7,7,0
Nashik,Nashik,Nashik,Sinnar,Sinnar,20019176,Retro. Bargaonpimpri & 6 VRWSS  Tal Sinnar,Nimgaon Sinnar,4811,3,0.20,0.00,0.00,0.00,0.00,0.00,0.00,4.19,0.00,0.06,0.00,0.00,0.01,0.08,25-Jul,26-Jul,27-Jul,28-Jul,29-Jul,30-Jul,31-Jul,25-Jul,26-Jul,27-Jul,28-Jul,29-Jul,30-Jul,31-Jul,3,7,0
Nashik,Nashik,Nashik,Sinnar,Sinnar,20019176,Retro. Bargaonpimpri & 6 VRWSS  Tal Sinnar,Pat Pimpri,4002,2,0.00,0.00,0.00,0.31,0.26,0.00,0.00,0.00,0.00,0.00,7.74,6.48,0.02,0.00,25-Jul,26-Jul,27-Jul,28-Jul,29-Jul,30-Jul,31-Jul,25-Jul,26-Jul,27-Jul,28-Jul,29-Jul,30-Jul,31-Jul,4,7,0
Nashik,Nashik,Nashik,Sinnar,Sinnar,20019176,Retro. Bargaonpimpri & 6 VRWSS  Tal Sinnar,Sunderpur,2212,2,0.00,0.00,0.00,0.00,0.00,0.00,0.00,0.00,0.00,0.00,0.00,0.00,0.00,0.00,25-Jul,26-Jul,27-Jul,28-Jul,29-Jul,30-Jul,31-Jul,25-Jul,26-Jul,27-Jul,28-Jul,29-Jul,30-Jul,31-Jul,7,7,0
Nashik,Nashik,Nashik,Sinnar,Sinnar,20019286,"Nirhale-Fatehpur and 5 villages, Tal. Sinnar",Kankori,2427,2,0.00,0.00,0.00,0.00,0.00,0.00,0.00,0.00,0.00,0.00,0.00,0.00,0.00,0.00,25-Jul,26-Jul,27-Jul,28-Jul,29-Jul,30-Jul,31-Jul,25-Jul,26-Jul,27-Jul,28-Jul,29-Jul,30-Jul,31-Jul,7,7,0
Nashik,Nashik,Nashik,Sinnar,Sinnar,20019286,"Nirhale-Fatehpur and 5 villages, Tal. Sinnar",Manori,4139,2,0.00,0.00,0.00,0.00,0.00,0.00,0.00,0.00,0.00,0.00,0.00,0.00,0.00,0.00,25-Jul,26-Jul,27-Jul,28-Jul,29-Jul,30-Jul,31-Jul,25-Jul,26-Jul,27-Jul,28-Jul,29-Jul,30-Jul,31-Jul,7,7,0
Nashik,Nashik,Nashik,Sinnar,Sinnar,20019286,"Nirhale-Fatehpur and 5 villages, Tal. Sinnar",Marhal (Bk.),2934,1,0.00,0.01,0.03,0.16,0.15,0.16,0.22,0.14,0.44,0.86,5.40,5.07,5.36,7.62,25-Jul,26-Jul,27-Jul,28-Jul,29-Jul,30-Jul,31-Jul,25-Jul,26-Jul,27-Jul,28-Jul,29-Jul,30-Jul,31-Jul,0,7,0
Nashik,Nashik,Nashik,Sinnar,Sinnar,20019286,"Nirhale-Fatehpur and 5 villages, Tal. Sinnar",Nandur Shingote,6496,5,0.14,0.09,0.08,0.00,0.00,0.00,0.00,2.23,1.37,1.25,0.00,0.00,0.00,0.00,25-Jul,26-Jul,27-Jul,28-Jul,29-Jul,30-Jul,31-Jul,25-Jul,26-Jul,27-Jul,28-Jul,29-Jul,30-Jul,31-Jul,4,7,0
Nashik,Nashik,W M Nashik,Malegaon,Chandwad,20086730,Retro.Chandwad and WSS 44 villages. Ta. Chandwad,Ahirkhede,1089,1,0.00,0.00,0.00,0.00,0.00,0.00,0.00,0.00,0.00,0.00,0.00,0.00,0.00,0.00,25-Jul,26-Jul,27-Jul,28-Jul,29-Jul,30-Jul,31-Jul,25-Jul,26-Jul,27-Jul,28-Jul,29-Jul,30-Jul,31-Jul,7,7,0
Nashik,Nashik,W M Nashik,Malegaon,Chandwad,20086730,Retro.Chandwad and WSS 44 villages. Ta. Chandwad,Asarkhede,1473,1,0.00,0.00,0.00,0.00,0.00,0.05,0.78,0.00,0.00,0.00,0.00,0.00,3.43,53.03,25-Jul,26-Jul,27-Jul,28-Jul,29-Jul,30-Jul,31-Jul,25-Jul,26-Jul,27-Jul,28-Jul,29-Jul,30-Jul,31-Jul,5,7,0
Nashik,Nashik,W M Nashik,Malegaon,Chandwad,20086730,Retro.Chandwad and WSS 44 villages. Ta. Chandwad,Bharvir,1288,2,0.00,0.00,0.00,0.00,0.00,0.00,0.00,0.00,0.00,0.00,0.00,0.00,0.00,0.00,25-Jul,26-Jul,27-Jul,28-Jul,29-Jul,30-Jul,31-Jul,25-Jul,26-Jul,27-Jul,28-Jul,29-Jul,30-Jul,31-Jul,7,7,0
Nashik,Nashik,W M Nashik,Malegaon,Chandwad,20086730,Retro.Chandwad and WSS 44 villages. Ta. Chandwad,Bhutyane,1557,1,0.00,0.00,0.31,0.38,0.00,0.00,0.55,0.00,0.00,20.23,24.59,0.01,0.00,35.45,25-Jul,26-Jul,27-Jul,28-Jul,29-Jul,30-Jul,31-Jul,25-Jul,26-Jul,27-Jul,28-Jul,29-Jul,30-Jul,31-Jul,3,7,0
Nashik,Nashik,W M Nashik,Malegaon,Chandwad,20086730,Retro.Chandwad and WSS 44 villages. Ta. Chandwad,Chinchole,914,1,0.00,0.24,0.00,0.00,0.15,0.00,0.00,0.00,26.39,0.06,0.00,16.82,0.00,0.00,25-Jul,26-Jul,27-Jul,28-Jul,29-Jul,30-Jul,31-Jul,25-Jul,26-Jul,27-Jul,28-Jul,29-Jul,30-Jul,31-Jul,4,7,0
Nashik,Nashik,W M Nashik,Malegaon,Chandwad,20086730,Retro.Chandwad and WSS 44 villages. Ta. Chandwad,Dahiwad,639,1,0.00,0.00,0.00,1.00,0.00,0.00,0.46,0.00,0.00,0.00,155.93,0.00,0.00,72.12,25-Jul,26-Jul,27-Jul,28-Jul,29-Jul,30-Jul,31-Jul,25-Jul,26-Jul,27-Jul,28-Jul,29-Jul,30-Jul,31-Jul,5,5,2
Nashik,Nashik,W M Nashik,Malegaon,Chandwad,20086730,Retro.Chandwad and WSS 44 villages. Ta. Chandwad,Dhodambe,4197,1,0.81,1.07,1.13,0.23,1.00,0.45,2.73,19.30,25.54,26.96,5.56,23.71,10.69,65.16,25-Jul,26-Jul,27-Jul,28-Jul,29-Jul,30-Jul,31-Jul,25-Jul,26-Jul,27-Jul,28-Jul,29-Jul,30-Jul,31-Jul,0,6,1
Nashik,Nashik,W M Nashik,Malegaon,Chandwad,20086730,Retro.Chandwad and WSS 44 villages. Ta. Chandwad,Dighwad,2462,1,0.00,0.00,0.00,0.00,0.00,0.00,0.00,0.00,0.00,0.00,0.00,0.00,0.00,0.00,25-Jul,26-Jul,27-Jul,28-Jul,29-Jul,30-Jul,31-Jul,25-Jul,26-Jul,27-Jul,28-Jul,29-Jul,30-Jul,31-Jul,7,7,0
Nashik,Nashik,W M Nashik,Malegaon,Chandwad,20086730,Retro.Chandwad and WSS 44 villages. Ta. Chandwad,Dongargaon,1649,1,0.00,0.00,0.00,0.33,0.00,0.59,0.00,0.00,0.00,0.00,20.06,0.00,35.84,0.00,25-Jul,26-Jul,27-Jul,28-Jul,29-Jul,30-Jul,31-Jul,25-Jul,26-Jul,27-Jul,28-Jul,29-Jul,30-Jul,31-Jul,5,7,0
Nashik,Nashik,W M Nashik,Malegaon,Chandwad,20086730,Retro.Chandwad and WSS 44 villages. Ta. Chandwad,Dugaon,4741,1,0.00,0.00,0.00,1.51,5.24,0.00,0.00,0.00,0.00,0.00,31.82,110.43,0.00,0.00,25-Jul,26-Jul,27-Jul,28-Jul,29-Jul,30-Jul,31-Jul,25-Jul,26-Jul,27-Jul,28-Jul,29-Jul,30-Jul,31-Jul,5,6,1
Nashik,Nashik,W M Nashik,Malegaon,Chandwad,20086730,Retro.Chandwad and WSS 44 villages. Ta. Chandwad,Ekrukhe,693,1,0.00,0.00,0.00,0.00,0.00,0.00,0.00,0.00,0.00,0.00,0.00,0.00,0.00,0.00,25-Jul,26-Jul,27-Jul,28-Jul,29-Jul,30-Jul,31-Jul,25-Jul,26-Jul,27-Jul,28-Jul,29-Jul,30-Jul,31-Jul,7,7,0
Nashik,Nashik,W M Nashik,Malegaon,Chandwad,20086730,Retro.Chandwad and WSS 44 villages. Ta. Chandwad,Gangave,1658,1,0.00,0.14,0.98,0.00,0.00,0.00,0.00,0.00,8.15,59.03,0.00,0.00,0.00,0.00,25-Jul,26-Jul,27-Jul,28-Jul,29-Jul,30-Jul,31-Jul,25-Jul,26-Jul,27-Jul,28-Jul,29-Jul,30-Jul,31-Jul,5,6,1
Nashik,Nashik,W M Nashik,Malegaon,Chandwad,20086730,Retro.Chandwad and WSS 44 villages. Ta. Chandwad,Ganur,2555,1,0.00,0.00,0.00,0.00,0.00,0.00,0.91,0.00,0.00,0.00,0.00,0.00,0.00,35.81,25-Jul,26-Jul,27-Jul,28-Jul,29-Jul,30-Jul,31-Jul,25-Jul,26-Jul,27-Jul,28-Jul,29-Jul,30-Jul,31-Jul,6,7,0
Nashik,Nashik,W M Nashik,Malegaon,Chandwad,20086730,Retro.Chandwad and WSS 44 villages. Ta. Chandwad,Harnul,1053,1,0.00,0.00,0.00,0.00,0.00,0.00,0.00,0.00,0.00,0.00,0.00,0.00,0.00,0.00,25-Jul,26-Jul,27-Jul,28-Jul,29-Jul,30-Jul,31-Jul,25-Jul,26-Jul,27-Jul,28-Jul,29-Jul,30-Jul,31-Jul,7,7,0
Nashik,Nashik,W M Nashik,Malegaon,Chandwad,20086730,Retro.Chandwad and WSS 44 villages. Ta. Chandwad,Hatti,1161,1,0.20,0.09,0.00,0.00,0.49,0.59,0.35,16.82,7.81,0.00,0.00,42.49,50.66,30.25,25-Jul,26-Jul,27-Jul,28-Jul,29-Jul,30-Jul,31-Jul,25-Jul,26-Jul,27-Jul,28-Jul,29-Jul,30-Jul,31-Jul,2,7,0
Nashik,Nashik,W M Nashik,Malegaon,Chandwad,20086730,Retro.Chandwad and WSS 44 villages. Ta. Chandwad,Jaitapur,580,1,0.00,0.00,0.05,0.00,0.00,0.01,0.08,0.00,0.00,8.73,0.00,0.00,2.01,12.96,25-Jul,26-Jul,27-Jul,28-Jul,29-Jul,30-Jul,31-Jul,25-Jul,26-Jul,27-Jul,28-Jul,29-Jul,30-Jul,31-Jul,4,7,0
Nashik,Nashik,W M Nashik,Malegaon,Chandwad,20086730,Retro.Chandwad and WSS 44 villages. Ta. Chandwad,Kalkhode,1543,2,0.00,0.00,0.00,0.00,0.00,0.00,0.00,0.00,0.00,0.00,0.00,0.00,0.00,0.00,25-Jul,26-Jul,27-Jul,28-Jul,29-Jul,30-Jul,31-Jul,25-Jul,26-Jul,27-Jul,28-Jul,29-Jul,30-Jul,31-Jul,7,7,0
Nashik,Nashik,W M Nashik,Malegaon,Chandwad,20086730,Retro.Chandwad and WSS 44 villages. Ta. Chandwad,Kanmandale,3261,2,0.51,1.05,0.12,0.01,0.40,0.28,0.00,15.51,32.15,3.80,0.37,12.18,8.57,0.00,25-Jul,26-Jul,27-Jul,28-Jul,29-Jul,30-Jul,31-Jul,25-Jul,26-Jul,27-Jul,28-Jul,29-Jul,30-Jul,31-Jul,1,7,0
Nashik,Nashik,W M Nashik,Malegaon,Chandwad,20086730,Retro.Chandwad and WSS 44 villages. Ta. Chandwad,Kheldari,2246,2,0.00,0.00,0.00,0.00,0.00,0.00,0.00,0.00,0.00,0.00,0.00,0.00,0.00,0.00,25-Jul,26-Jul,27-Jul,28-Jul,29-Jul,30-Jul,31-Jul,25-Jul,26-Jul,27-Jul,28-Jul,29-Jul,30-Jul,31-Jul,7,7,0
Nashik,Nashik,W M Nashik,Malegaon,Chandwad,20086730,Retro.Chandwad and WSS 44 villages. Ta. Chandwad,Kokankhede,1991,2,0.00,0.00,0.00,0.00,0.00,0.00,0.00,0.00,0.00,0.00,0.00,0.00,0.00,0.00,25-Jul,26-Jul,27-Jul,28-Jul,29-Jul,30-Jul,31-Jul,25-Jul,26-Jul,27-Jul,28-Jul,29-Jul,30-Jul,31-Jul,7,7,0
Nashik,Nashik,W M Nashik,Malegaon,Chandwad,20086730,Retro.Chandwad and WSS 44 villages. Ta. Chandwad,Koltek,796,1,0.00,0.00,0.58,0.00,0.00,0.00,0.03,0.00,0.00,72.29,0.00,0.00,0.00,3.21,25-Jul,26-Jul,27-Jul,28-Jul,29-Jul,30-Jul,31-Jul,25-Jul,26-Jul,27-Jul,28-Jul,29-Jul,30-Jul,31-Jul,5,6,1
Nashik,Nashik,W M Nashik,Malegaon,Chandwad,20086730,Retro.Chandwad and WSS 44 villages. Ta. Chandwad,Mangrul,2328,2,0.32,0.00,0.00,0.00,0.00,0.00,0.00,13.90,0.00,0.00,0.00,0.00,0.00,0.00,25-Jul,26-Jul,27-Jul,28-Jul,29-Jul,30-Jul,31-Jul,25-Jul,26-Jul,27-Jul,28-Jul,29-Jul,30-Jul,31-Jul,6,7,0
Nashik,Nashik,W M Nashik,Malegaon,Chandwad,20086730,Retro.Chandwad and WSS 44 villages. Ta. Chandwad,Nhanave,1019,1,0.00,0.03,0.08,0.02,0.00,0.00,0.00,0.00,2.82,7.80,1.76,0.00,0.00,0.00,25-Jul,26-Jul,27-Jul,28-Jul,29-Jul,30-Jul,31-Jul,25-Jul,26-Jul,27-Jul,28-Jul,29-Jul,30-Jul,31-Jul,4,7,0
Nashik,Nashik,W M Nashik,Malegaon,Chandwad,20086730,Retro.Chandwad and WSS 44 villages. Ta. Chandwad,Nimbale,2139,1,0.00,0.00,0.00,0.00,0.00,0.00,0.00,0.00,0.00,0.00,0.00,0.00,0.00,0.00,25-Jul,26-Jul,27-Jul,28-Jul,29-Jul,30-Jul,31-Jul,25-Jul,26-Jul,27-Jul,28-Jul,29-Jul,30-Jul,31-Jul,7,7,0
Nashik,Nashik,W M Nashik,Malegaon,Chandwad,20086730,Retro.Chandwad and WSS 44 villages. Ta. Chandwad,Nimgavhan,1004,1,0.00,0.00,0.00,0.00,0.00,0.00,0.00,0.00,0.00,0.00,0.00,0.00,0.00,0.00,25-Jul,26-Jul,27-Jul,28-Jul,29-Jul,30-Jul,31-Jul,25-Jul,26-Jul,27-Jul,28-Jul,29-Jul,30-Jul,31-Jul,7,7,0
Nashik,Nashik,W M Nashik,Malegaon,Chandwad,20086730,Retro.Chandwad and WSS 44 villages. Ta. Chandwad,Panhale,1484,1,0.00,0.00,0.00,0.00,0.00,0.00,0.54,0.00,0.00,0.00,0.10,0.13,0.00,36.51,25-Jul,26-Jul,27-Jul,28-Jul,29-Jul,30-Jul,31-Jul,25-Jul,26-Jul,27-Jul,28-Jul,29-Jul,30-Jul,31-Jul,4,7,0
Nashik,Nashik,W M Nashik,Malegaon,Chandwad,20086730,Retro.Chandwad and WSS 44 villages. Ta. Chandwad,Pate,985,1,0.00,0.00,0.00,0.00,0.00,0.00,0.00,0.00,0.00,0.00,0.00,0.00,0.00,0.00,25-Jul,26-Jul,27-Jul,28-Jul,29-Jul,30-Jul,31-Jul,25-Jul,26-Jul,27-Jul,28-Jul,29-Jul,30-Jul,31-Jul,7,7,0
Nashik,Nashik,W M Nashik,Malegaon,Chandwad,20086730,Retro.Chandwad and WSS 44 villages. Ta. Chandwad,Patharshembe,2150,1,0.21,0.81,0.00,0.00,0.00,0.00,0.00,9.57,37.65,0.00,0.00,0.00,0.00,0.00,25-Jul,26-Jul,27-Jul,28-Jul,29-Jul,30-Jul,31-Jul,25-Jul,26-Jul,27-Jul,28-Jul,29-Jul,30-Jul,31-Jul,5,7,0
Nashik,Nashik,W M Nashik,Malegaon,Chandwad,20086730,Retro.Chandwad and WSS 44 villages. Ta. Chandwad,Pimpalgaon Dabali,919,1,0.00,0.00,0.00,0.00,0.00,0.00,0.00,0.00,0.00,0.00,0.00,0.00,0.00,0.00,25-Jul,26-Jul,27-Jul,28-Jul,29-Jul,30-Jul,31-Jul,25-Jul,26-Jul,27-Jul,28-Jul,29-Jul,30-Jul,31-Jul,7,7,0
Nashik,Nashik,W M Nashik,Malegaon,Chandwad,20086730,Retro.Chandwad and WSS 44 villages. Ta. Chandwad,Puri,2836,1,0.00,0.00,0.00,0.00,0.00,0.00,0.00,0.00,0.00,0.00,0.00,0.00,0.00,0.00,25-Jul,26-Jul,27-Jul,28-Jul,29-Jul,30-Jul,31-Jul,25-Jul,26-Jul,27-Jul,28-Jul,29-Jul,30-Jul,31-Jul,7,7,0
Nashik,Nashik,W M Nashik,Malegaon,Chandwad,20086730,Retro.Chandwad and WSS 44 villages. Ta. Chandwad,Raypur,3624,1,0.00,1.12,1.30,0.00,0.00,0.00,0.00,0.00,30.98,35.77,0.00,0.00,0.00,0.00,25-Jul,26-Jul,27-Jul,28-Jul,29-Jul,30-Jul,31-Jul,25-Jul,26-Jul,27-Jul,28-Jul,29-Jul,30-Jul,31-Jul,5,7,0
Nashik,Nashik,W M Nashik,Malegaon,Chandwad,20086730,Retro.Chandwad and WSS 44 villages. Ta. Chandwad,Redgaon Kh,1898,1,0.00,0.00,0.00,0.00,0.00,0.00,0.00,0.00,0.00,0.00,0.00,0.00,0.00,0.00,25-Jul,26-Jul,27-Jul,28-Jul,29-Jul,30-Jul,31-Jul,25-Jul,26-Jul,27-Jul,28-Jul,29-Jul,30-Jul,31-Jul,7,7,0
Nashik,Nashik,W M Nashik,Malegaon,Chandwad,20086730,Retro.Chandwad and WSS 44 villages. Ta. Chandwad,Shelu Matha,1622,1,0.00,0.00,0.00,0.00,0.00,0.00,0.00,0.00,0.00,0.00,0.00,0.00,0.00,0.00,25-Jul,26-Jul,27-Jul,28-Jul,29-Jul,30-Jul,31-Jul,25-Jul,26-Jul,27-Jul,28-Jul,29-Jul,30-Jul,31-Jul,7,7,0
Nashik,Nashik,W M Nashik,Malegaon,Chandwad,20086730,Retro.Chandwad and WSS 44 villages. Ta. Chandwad,Shelu Varche,1622,1,0.00,0.00,0.00,0.00,0.00,0.00,0.00,0.00,0.00,0.00,0.00,0.00,0.00,0.00,25-Jul,26-Jul,27-Jul,28-Jul,29-Jul,30-Jul,31-Jul,25-Jul,26-Jul,27-Jul,28-Jul,29-Jul,30-Jul,31-Jul,7,7,0
Nashik,Nashik,W M Nashik,Malegaon,Chandwad,20086730,Retro.Chandwad and WSS 44 villages. Ta. Chandwad,Shinde,1804,2,0.80,0.03,0.00,0.25,1.57,0.03,3.97,44.45,1.60,0.00,13.64,86.77,1.78,220.24,25-Jul,26-Jul,27-Jul,28-Jul,29-Jul,30-Jul,31-Jul,25-Jul,26-Jul,27-Jul,28-Jul,29-Jul,30-Jul,31-Jul,1,5,2
Nashik,Nashik,W M Nashik,Malegaon,Chandwad,20086730,Retro.Chandwad and WSS 44 villages. Ta. Chandwad,Shirsane,1717,1,0.00,0.00,0.00,0.00,0.00,0.00,0.00,0.00,0.00,0.00,0.00,0.00,0.00,0.00,25-Jul,26-Jul,27-Jul,28-Jul,29-Jul,30-Jul,31-Jul,25-Jul,26-Jul,27-Jul,28-Jul,29-Jul,30-Jul,31-Jul,7,7,0
Nashik,Nashik,W M Nashik,Malegaon,Chandwad,20086730,Retro.Chandwad and WSS 44 villages. Ta. Chandwad,Shirur,1835,2,0.00,0.00,0.00,0.00,0.00,0.00,0.00,0.00,0.00,0.00,0.00,0.00,0.00,0.00,25-Jul,26-Jul,27-Jul,28-Jul,29-Jul,30-Jul,31-Jul,25-Jul,26-Jul,27-Jul,28-Jul,29-Jul,30-Jul,31-Jul,7,7,0
Nashik,Nashik,W M Nashik,Malegaon,Chandwad,20086730,Retro.Chandwad and WSS 44 villages. Ta. Chandwad,Sogras,1649,1,1.01,0.00,0.00,0.00,0.00,0.00,0.00,61.48,0.00,0.00,0.00,0.00,0.00,0.00,25-Jul,26-Jul,27-Jul,28-Jul,29-Jul,30-Jul,31-Jul,25-Jul,26-Jul,27-Jul,28-Jul,29-Jul,30-Jul,31-Jul,6,6,1
Nashik,Nashik,W M Nashik,Malegaon,Chandwad,20086730,Retro.Chandwad and WSS 44 villages. Ta. Chandwad,Soni Sangvi,764,1,0.00,0.00,0.00,0.00,0.00,0.00,0.00,0.00,0.00,0.00,0.00,0.00,0.00,0.00,25-Jul,26-Jul,27-Jul,28-Jul,29-Jul,30-Jul,31-Jul,25-Jul,26-Jul,27-Jul,28-Jul,29-Jul,30-Jul,31-Jul,7,7,0
Nashik,Nashik,W M Nashik,Malegaon,Chandwad,20086730,Retro.Chandwad and WSS 44 villages. Ta. Chandwad,Sutarkhede,1742,1,0.06,0.00,0.76,0.00,0.00,0.00,0.86,3.25,0.00,43.73,0.00,0.00,0.00,49.37,25-Jul,26-Jul,27-Jul,28-Jul,29-Jul,30-Jul,31-Jul,25-Jul,26-Jul,27-Jul,28-Jul,29-Jul,30-Jul,31-Jul,4,7,0
Nashik,Nashik,W M Nashik,Malegaon,Chandwad,20086730,Retro.Chandwad and WSS 44 villages. Ta. Chandwad,Talegaon Rohi,8039,1,0.00,0.00,0.00,0.00,0.00,0.00,0.00,0.00,0.00,0.00,0.00,0.00,0.00,0.00,25-Jul,26-Jul,27-Jul,28-Jul,29-Jul,30-Jul,31-Jul,25-Jul,26-Jul,27-Jul,28-Jul,29-Jul,30-Jul,31-Jul,7,7,0
Nashik,Nashik,W M Nashik,Malegaon,Chandwad,20086730,Retro.Chandwad and WSS 44 villages. Ta. Chandwad,Talwade,925,1,0.00,0.07,0.00,0.00,0.00,0.00,0.00,0.00,8.01,0.00,0.00,0.00,0.00,0.00,25-Jul,26-Jul,27-Jul,28-Jul,29-Jul,30-Jul,31-Jul,25-Jul,26-Jul,27-Jul,28-Jul,29-Jul,30-Jul,31-Jul,6,7,0
Nashik,Nashik,W M Nashik,Malegaon,Chandwad,20086730,Retro.Chandwad and WSS 44 villages. Ta. Chandwad,Vadalibhoi,9581,2,0.45,1.09,0.23,0.41,0.85,1.33,2.31,4.74,11.35,2.43,4.32,8.87,13.91,24.09,25-Jul,26-Jul,27-Jul,28-Jul,29-Jul,30-Jul,31-Jul,25-Jul,26-Jul,27-Jul,28-Jul,29-Jul,30-Jul,31-Jul,0,7,0
Nashik,Nashik,W M Nashik,Malegaon,Chandwad,20086730,Retro.Chandwad and WSS 44 villages. Ta. Chandwad,Vahegaonsal,4062,1,0.00,0.00,0.00,0.00,0.00,0.00,0.13,0.00,0.00,0.00,0.00,0.00,0.00,3.21,25-Jul,26-Jul,27-Jul,28-Jul,29-Jul,30-Jul,31-Jul,25-Jul,26-Jul,27-Jul,28-Jul,29-Jul,30-Jul,31-Jul,6,7,0
Nashik,Nashik,W M Nashik,Malegaon,Chandwad,20086730,Retro.Chandwad and WSS 44 villages. Ta. Chandwad,Vaki Bk,1542,1,0.00,0.00,0.00,0.00,0.00,0.00,0.00,0.00,0.00,0.00,0.00,0.00,0.00,0.00,25-Jul,26-Jul,27-Jul,28-Jul,29-Jul,30-Jul,31-Jul,25-Jul,26-Jul,27-Jul,28-Jul,29-Jul,30-Jul,31-Jul,7,7,0
Nashik,Nashik,W M Nashik,Malegaon,Chandwad,20086730,Retro.Chandwad and WSS 44 villages. Ta. Chandwad,Vaki Kh,2158,1,0.49,0.00,0.00,0.00,0.00,0.00,0.00,22.48,0.00,0.00,0.00,0.00,0.00,0.00,25-Jul,26-Jul,27-Jul,28-Jul,29-Jul,30-Jul,31-Jul,25-Jul,26-Jul,27-Jul,28-Jul,29-Jul,30-Jul,31-Jul,6,7,0
Nashik,Nashik,W M Nashik,Malegaon,Chandwad,20086730,Retro.Chandwad and WSS 44 villages. Ta. Chandwad,Vijaynagar,905,1,0.00,0.00,0.26,0.00,0.00,0.26,0.26,0.00,0.00,28.43,0.00,0.00,28.29,28.87,25-Jul,26-Jul,27-Jul,28-Jul,29-Jul,30-Jul,31-Jul,25-Jul,26-Jul,27-Jul,28-Jul,29-Jul,30-Jul,31-Jul,4,7,0
Nashik,Nashik,W M Nashik,Malegaon,Chandwad,20086730,Retro.Chandwad and WSS 44 villages. Ta. Chandwad,Vitave,1920,1,0.30,0.02,0.39,0.62,0.02,0.42,0.61,15.50,0.95,20.19,32.04,1.23,21.62,31.68,25-Jul,26-Jul,27-Jul,28-Jul,29-Jul,30-Jul,31-Jul,25-Jul,26-Jul,27-Jul,28-Jul,29-Jul,30-Jul,31-Jul,0,7,0
Nashik,Nashik,W M Nashik,Malegaon,Malegaon,20018579,Malmatha and 25 villages Ta. Malegaon,Astane,4436,3,4.16,5.20,6.00,1.35,0.19,4.74,5.83,93.70,117.31,135.32,30.39,4.24,106.77,131.51,25-Jul,26-Jul,27-Jul,28-Jul,29-Jul,30-Jul,31-Jul,25-Jul,26-Jul,27-Jul,28-Jul,29-Jul,30-Jul,31-Jul,0,2,5
Nashik,Nashik,W M Nashik,Malegaon,Malegaon,20018579,Malmatha and 25 villages Ta. Malegaon,Dahidi,2354,1,0.33,0.55,0.11,0.44,0.34,0.55,0.60,13.98,23.56,4.58,18.62,14.60,23.52,25.61,25-Jul,26-Jul,27-Jul,28-Jul,29-Jul,30-Jul,31-Jul,25-Jul,26-Jul,27-Jul,28-Jul,29-Jul,30-Jul,31-Jul,0,7,0
Nashik,Nashik,W M Nashik,Malegaon,Malegaon,20018579,Malmatha and 25 villages Ta. Malegaon,Dasane,1186,1,4.15,5.46,0.02,0.00,0.00,0.00,0.00,350.20,460.20,1.30,0.00,0.00,0.00,0.00,25-Jul,26-Jul,27-Jul,28-Jul,29-Jul,30-Jul,31-Jul,25-Jul,26-Jul,27-Jul,28-Jul,29-Jul,30-Jul,31-Jul,4,5,2
Nashik,Nashik,W M Nashik,Malegaon,Malegaon,20018579,Malmatha and 25 villages Ta. Malegaon,Lonwade,1505,1,3.07,0.00,0.00,0.00,0.00,0.00,0.00,203.83,0.00,0.00,0.00,0.00,0.00,0.00,25-Jul,26-Jul,27-Jul,28-Jul,29-Jul,30-Jul,31-Jul,25-Jul,26-Jul,27-Jul,28-Jul,29-Jul,30-Jul,31-Jul,6,6,1
Nashik,Nashik,W M Nashik,Malegaon,Malegaon,20018682,Dhahiwal &25 Villages WSS Tal Malegaon,Bodhe,540,2,0.00,0.00,0.00,0.00,0.00,1.39,0.26,0.00,0.00,0.00,0.00,0.00,257.00,48.07,25-Jul,26-Jul,27-Jul,28-Jul,29-Jul,30-Jul,31-Jul,25-Jul,26-Jul,27-Jul,28-Jul,29-Jul,30-Jul,31-Jul,5,6,1
Nashik,Nashik,W M Nashik,Malegaon,Malegaon,20018682,Dhahiwal &25 Villages WSS Tal Malegaon,Dahiwal,3362,2,0.00,0.00,0.88,0.00,4.47,2.10,0.00,0.00,0.00,26.05,0.00,133.09,62.52,0.00,25-Jul,26-Jul,27-Jul,28-Jul,29-Jul,30-Jul,31-Jul,25-Jul,26-Jul,27-Jul,28-Jul,29-Jul,30-Jul,31-Jul,4,5,2
Nashik,Nashik,W M Nashik,Malegaon,Malegaon,20018682,Dhahiwal &25 Villages WSS Tal Malegaon,Devarpada,3639,2,0.01,9.75,0.96,0.00,0.00,2.04,0.00,0.38,267.81,26.39,0.07,0.00,56.14,0.00,25-Jul,26-Jul,27-Jul,28-Jul,29-Jul,30-Jul,31-Jul,25-Jul,26-Jul,27-Jul,28-Jul,29-Jul,30-Jul,31-Jul,2,5,2
Nashik,Nashik,W M Nashik,Malegaon,Malegaon,20018682,Dhahiwal &25 Villages WSS Tal Malegaon,Hiswal,2038,1,2.30,0.01,0.00,0.00,0.00,0.00,2.74,112.79,0.70,0.00,0.00,0.00,0.05,134.54,25-Jul,26-Jul,27-Jul,28-Jul,29-Jul,30-Jul,31-Jul,25-Jul,26-Jul,27-Jul,28-Jul,29-Jul,30-Jul,31-Jul,3,5,2
Nashik,Nashik,W M Nashik,Malegaon,Malegaon,20018682,Dhahiwal &25 Villages WSS Tal Malegaon,Nale,575,1,0.00,0.00,0.00,2.78,0.15,0.00,0.00,0.05,0.01,0.00,482.73,25.74,0.03,0.00,25-Jul,26-Jul,27-Jul,28-Jul,29-Jul,30-Jul,31-Jul,25-Jul,26-Jul,27-Jul,28-Jul,29-Jul,30-Jul,31-Jul,2,6,1
Nashik,Nashik,W M Nashik,Malegaon,Malegaon,20018682,Dhahiwal &25 Villages WSS Tal Malegaon,Roze,1159,2,0.00,0.00,0.00,0.00,0.00,1.57,0.00,0.00,0.00,0.00,0.00,0.00,135.33,0.00,25-Jul,26-Jul,27-Jul,28-Jul,29-Jul,30-Jul,31-Jul,25-Jul,26-Jul,27-Jul,28-Jul,29-Jul,30-Jul,31-Jul,6,6,1
Nashik,Nashik,W M Nashik,Malegaon,Malegaon,20018682,Dhahiwal &25 Villages WSS Tal Malegaon,Shendurni,1323,2,0.00,0.00,6.34,0.11,0.00,0.00,0.00,0.00,0.00,479.50,8.00,0.00,0.00,0.00,25-Jul,26-Jul,27-Jul,28-Jul,29-Jul,30-Jul,31-Jul,25-Jul,26-Jul,27-Jul,28-Jul,29-Jul,30-Jul,31-Jul,5,6,1
Nashik,Nashik,W M Nashik,Malegaon,Malegaon,20018682,Dhahiwal &25 Villages WSS Tal Malegaon,Sherul,2637,2,2.51,0.00,0.00,0.00,0.00,3.16,6.87,95.33,0.00,0.00,0.00,0.00,119.86,260.59,25-Jul,26-Jul,27-Jul,28-Jul,29-Jul,30-Jul,31-Jul,25-Jul,26-Jul,27-Jul,28-Jul,29-Jul,30-Jul,31-Jul,4,4,3
Nashik,Nashik,W M Nashik,Sinnar,Naigaon,20028193,Retrofitting To Wadzire (Naigaon) & 4 Villages RRWSS,Moh- Mahadari,1025,1,1.99,0.01,0.00,0.00,4.62,2.71,0.00,194.22,0.56,0.01,0.00,450.40,264.24,0.00,25-Jul,26-Jul,27-Jul,28-Jul,29-Jul,30-Jul,31-Jul,25-Jul,26-Jul,27-Jul,28-Jul,29-Jul,30-Jul,31-Jul,2,4,3
Nashik,Nashik,W M Nashik,Sinnar,Naigaon,20028193,Retrofitting To Wadzire (Naigaon) & 4 Villages RRWSS,Wadzire,3369,2,2.20,0.00,3.06,0.50,0.00,0.06,2.87,65.25,0.00,90.89,14.88,0.00,1.85,85.32,25-Jul,26-Jul,27-Jul,28-Jul,29-Jul,30-Jul,31-Jul,25-Jul,26-Jul,27-Jul,28-Jul,29-Jul,30-Jul,31-Jul,2,4,3
Nashik,Nashik,W M Nashik,W.M.Nashik,Dindori,20039258,Ozar-Sakore & 2 Villages,Janori,7926,1,1.46,2.74,2.63,2.65,2.61,2.56,2.44,18.41,34.63,33.22,33.49,32.94,32.27,30.77,25-Jul,26-Jul,27-Jul,28-Jul,29-Jul,30-Jul,31-Jul,25-Jul,26-Jul,27-Jul,28-Jul,29-Jul,30-Jul,31-Jul,0,7,0
Nashik,Nashik,W M Nashik,W.M.Nashik,Dindori,20039258,Ozar-Sakore & 2 Villages,Mohadi,5078,3,2.79,1.37,4.12,0.54,3.43,0.73,2.83,54.95,27.04,81.06,10.70,67.62,14.40,55.67,25-Jul,26-Jul,27-Jul,28-Jul,29-Jul,30-Jul,31-Jul,25-Jul,26-Jul,27-Jul,28-Jul,29-Jul,30-Jul,31-Jul,0,4,3
Nashik,Nashik,W M Nashik,W.M.Nashik,Dindori,20039676,Mulane & 3Villages RRWSS Tal. Dindori,Babapur,964,1,0.13,0.02,0.93,0.52,0.00,0.00,1.04,13.27,2.26,95.97,53.79,0.00,0.00,107.53,25-Jul,26-Jul,27-Jul,28-Jul,29-Jul,30-Jul,31-Jul,25-Jul,26-Jul,27-Jul,28-Jul,29-Jul,30-Jul,31-Jul,2,5,2
Nashik,Nashik,W M Nashik,W.M.Nashik,Dindori,20039676,Mulane & 3Villages RRWSS Tal. Dindori,Mulane,1003,1,0.00,0.00,0.00,0.00,0.00,0.00,0.00,0.00,0.00,0.00,0.00,0.00,0.00,0.00,25-Jul,26-Jul,27-Jul,28-Jul,29-Jul,30-Jul,31-Jul,25-Jul,26-Jul,27-Jul,28-Jul,29-Jul,30-Jul,31-Jul,7,7,0
Nashik,Nashik,W M Nashik,W.M.Nashik,Dindori,20039676,Mulane & 3Villages RRWSS Tal. Dindori,Sangamner,1076,1,0.00,0.00,0.00,0.14,0.00,0.00,0.00,0.00,0.00,0.00,13.39,0.00,0.00,0.00,25-Jul,26-Jul,27-Jul,28-Jul,29-Jul,30-Jul,31-Jul,25-Jul,26-Jul,27-Jul,28-Jul,29-Jul,30-Jul,31-Jul,6,7,0
Nashik,Nashik,W M Nashik,W.M.Nashik,Dindori,20039676,Mulane & 3Villages RRWSS Tal. Dindori,Talegaon Vani,2106,4,0.00,0.00,0.00,0.00,0.01,0.00,0.00,0.02,0.11,0.15,0.22,0.28,0.17,0.16,25-Jul,26-Jul,27-Jul,28-Jul,29-Jul,30-Jul,31-Jul,25-Jul,26-Jul,27-Jul,28-Jul,29-Jul,30-Jul,31-Jul,0,7,0
Nashik,Nashik,W M Nashik,W.M.Nashik,Nifad,20039258,Ozar-Sakore & 2 Villages,Ozar,86060,4,2.34,2.90,2.97,2.87,2.85,2.98,3.16,2.72,3.37,3.45,3.33,3.31,3.47,3.68,25-Jul,26-Jul,27-Jul,28-Jul,29-Jul,30-Jul,31-Jul,25-Jul,26-Jul,27-Jul,28-Jul,29-Jul,30-Jul,31-Jul,0,7,0
Nashik,Nashik,W M Nashik,W.M.Nashik,Nifad,20039258,Ozar-Sakore & 2 Villages,Sakore,4107,2,0.21,0.00,0.00,0.00,0.00,0.00,0.00,5.16,0.00,0.00,0.01,0.01,0.01,0.01,25-Jul,26-Jul,27-Jul,28-Jul,29-Jul,30-Jul,31-Jul,25-Jul,26-Jul,27-Jul,28-Jul,29-Jul,30-Jul,31-Jul,2,7,0
Nagpur,Chandrapur,Chandrapur,Chandrapur,Chandrapur,20050368,Chinchala and 7 Villages RR Water Supply Scheme,Chinchala,240,3,0.00,0.00,0.00,0.00,0.00,0.00,0.00,0.00,0.00,0.00,0.00,0.00,0.00,0.00,25-Jul,26-Jul,27-Jul,28-Jul,29-Jul,30-Jul,31-Jul,25-Jul,26-Jul,27-Jul,28-Jul,29-Jul,30-Jul,31-Jul,7,7,0
Nagpur,Chandrapur,Chandrapur,Chandrapur,Chandrapur,20050368,Chinchala and 7 Villages RR Water Supply Scheme,Dhanora,1564,4,1.17,4.13,0.00,2.23,1.61,1.01,5.39,74.98,264.07,0.00,142.58,102.94,64.58,344.63,25-Jul,26-Jul,27-Jul,28-Jul,29-Jul,30-Jul,31-Jul,25-Jul,26-Jul,27-Jul,28-Jul,29-Jul,30-Jul,31-Jul,1,1,6
Nagpur,Chandrapur,Chandrapur,Chandrapur,Chandrapur,20050368,Chinchala and 7 Villages RR Water Supply Scheme,Mahakurla,556,1,0.00,0.00,0.00,0.00,0.00,0.00,0.00,0.00,0.00,0.00,0.00,0.00,0.00,0.00,25-Jul,26-Jul,27-Jul,28-Jul,29-Jul,30-Jul,31-Jul,25-Jul,26-Jul,27-Jul,28-Jul,29-Jul,30-Jul,31-Jul,7,7,0
Nagpur,Chandrapur,Chandrapur,Chandrapur,Chandrapur,20050368,Chinchala and 7 Villages RR Water Supply Scheme,Nagala,1356,2,0.00,0.00,0.00,0.00,0.00,0.00,0.00,0.00,0.00,0.00,0.00,0.00,0.00,0.00,25-Jul,26-Jul,27-Jul,28-Jul,29-Jul,30-Jul,31-Jul,25-Jul,26-Jul,27-Jul,28-Jul,29-Jul,30-Jul,31-Jul,7,7,0
Nagpur,Chandrapur,Chandrapur,Chandrapur,Chandrapur,20050368,Chinchala and 7 Villages RR Water Supply Scheme,Pipari,888,2,0.00,0.00,0.00,0.00,0.00,0.00,0.00,0.00,0.00,0.00,0.00,0.00,0.00,0.00,25-Jul,26-Jul,27-Jul,28-Jul,29-Jul,30-Jul,31-Jul,25-Jul,26-Jul,27-Jul,28-Jul,29-Jul,30-Jul,31-Jul,7,7,0
Nagpur,Chandrapur,Chandrapur,Chandrapur,Chandrapur,20050368,Chinchala and 7 Villages RR Water Supply Scheme,Sidur,1000,2,0.00,0.00,0.00,0.00,0.00,0.00,0.00,0.00,0.00,0.00,0.00,0.00,0.00,0.00,25-Jul,26-Jul,27-Jul,28-Jul,29-Jul,30-Jul,31-Jul,25-Jul,26-Jul,27-Jul,28-Jul,29-Jul,30-Jul,31-Jul,7,7,0
Nagpur,Chandrapur,Chandrapur,Chandrapur,Chandrapur,20050368,Chinchala and 7 Villages RR Water Supply Scheme,Vendli,936,2,0.00,0.00,0.00,0.00,0.00,0.00,0.00,0.00,0.00,0.00,0.00,0.00,0.00,0.00,25-Jul,26-Jul,27-Jul,28-Jul,29-Jul,30-Jul,31-Jul,25-Jul,26-Jul,27-Jul,28-Jul,29-Jul,30-Jul,31-Jul,7,7,0
Nagpur,Chandrapur,Chandrapur,Chandrapur,Chandrapur,20050368,Chinchala and 7 Villages RR Water Supply Scheme,Wandhari,568,2,0.00,0.00,0.00,0.00,0.00,0.00,0.00,0.00,0.00,0.00,0.00,0.00,0.00,0.00,25-Jul,26-Jul,27-Jul,28-Jul,29-Jul,30-Jul,31-Jul,25-Jul,26-Jul,27-Jul,28-Jul,29-Jul,30-Jul,31-Jul,7,7,0
Nagpur,Chandrapur,Chandrapur,Gadchiroli,Aheri,7890975,Allapalli-Nagapalli RR,Allapalli,14263,1,8.73,8.57,11.47,11.95,9.29,11.67,10.99,61.22,60.08,80.43,83.75,65.15,81.81,77.06,25-Jul,26-Jul,27-Jul,28-Jul,29-Jul,30-Jul,31-Jul,25-Jul,26-Jul,27-Jul,28-Jul,29-Jul,30-Jul,31-Jul,0,0,7
Nagpur,Chandrapur,Chandrapur,Gadchiroli,Aheri,7890975,Allapalli-Nagapalli RR,Nagepalli,4334,1,0.00,0.00,0.00,0.00,0.00,0.00,0.00,0.00,0.00,0.00,0.00,0.00,0.00,0.00,25-Jul,26-Jul,27-Jul,28-Jul,29-Jul,30-Jul,31-Jul,25-Jul,26-Jul,27-Jul,28-Jul,29-Jul,30-Jul,31-Jul,7,7,0
Nagpur,Chandrapur,Chandrapur,Gadchiroli,Korpana,20050391,Nimani & 5 Villages RR Water Supply Scheme,Bhkhardi,1950,1,0.00,0.00,0.00,0.00,0.00,0.00,0.00,0.00,0.00,0.00,0.00,0.00,0.00,0.00,25-Jul,26-Jul,27-Jul,28-Jul,29-Jul,30-Jul,31-Jul,25-Jul,26-Jul,27-Jul,28-Jul,29-Jul,30-Jul,31-Jul,7,7,0
Nagpur,Chandrapur,Chandrapur,Gadchiroli,Korpana,20050391,Nimani & 5 Villages RR Water Supply Scheme,Hirapur,1067,1,0.00,0.00,0.00,0.00,0.00,0.00,0.00,0.00,0.00,0.00,0.00,0.00,0.00,0.00,25-Jul,26-Jul,27-Jul,28-Jul,29-Jul,30-Jul,31-Jul,25-Jul,26-Jul,27-Jul,28-Jul,29-Jul,30-Jul,31-Jul,7,7,0
Nagpur,Chandrapur,Chandrapur,Gadchiroli,Korpana,20050391,Nimani & 5 Villages RR Water Supply Scheme,Kawathala,2098,2,0.24,0.04,0.00,0.00,0.00,0.00,0.00,11.29,1.91,0.00,0.00,0.00,0.00,0.00,25-Jul,26-Jul,27-Jul,28-Jul,29-Jul,30-Jul,31-Jul,25-Jul,26-Jul,27-Jul,28-Jul,29-Jul,30-Jul,31-Jul,5,7,0
Nagpur,Chandrapur,Chandrapur,Gadchiroli,Korpana,20050391,Nimani & 5 Villages RR Water Supply Scheme,Nandgaon,,2,0.00,0.00,0.00,0.00,0.00,0.00,0.00,0.00,0.00,0.00,0.00,0.00,0.00,0.00,25-Jul,26-Jul,27-Jul,28-Jul,29-Jul,30-Jul,31-Jul,25-Jul,26-Jul,27-Jul,28-Jul,29-Jul,30-Jul,31-Jul,7,7,0
Nagpur,Chandrapur,Chandrapur,Gadchiroli,Korpana,20050391,Nimani & 5 Villages RR Water Supply Scheme,Nimni,1583,1,0.00,0.00,0.00,0.00,0.00,0.00,0.00,0.00,0.00,0.00,0.00,0.00,0.00,0.00,25-Jul,26-Jul,27-Jul,28-Jul,29-Jul,30-Jul,31-Jul,25-Jul,26-Jul,27-Jul,28-Jul,29-Jul,30-Jul,31-Jul,7,7,0
Nagpur,Chandrapur,Chandrapur,Gadchiroli,Korpana,20050391,Nimani & 5 Villages RR Water Supply Scheme,Talodhi,1180,2,0.00,0.00,0.00,0.00,0.00,0.00,0.00,0.00,0.00,0.00,0.00,0.00,0.00,0.00,25-Jul,26-Jul,27-Jul,28-Jul,29-Jul,30-Jul,31-Jul,25-Jul,26-Jul,27-Jul,28-Jul,29-Jul,30-Jul,31-Jul,7,7,0
Nagpur,Chandrapur,Chandrapur,Pombhurna,Pombhurna,7928270,Pomnbhurna Grid & 15 Villages RR Retrofitting,Borda Dixit,1008,1,0.00,0.00,0.00,0.00,0.00,0.00,0.00,0.00,0.00,0.00,0.00,0.00,0.00,0.00,25-Jul,26-Jul,27-Jul,28-Jul,29-Jul,30-Jul,31-Jul,25-Jul,26-Jul,27-Jul,28-Jul,29-Jul,30-Jul,31-Jul,7,7,0
Nagpur,Chandrapur,Chandrapur,Pombhurna,Pombhurna,7928270,Pomnbhurna Grid & 15 Villages RR Retrofitting,Chak Ghanoti - 1,868,1,0.00,0.00,0.00,0.00,0.00,0.00,0.00,0.00,0.00,0.00,0.00,0.00,0.00,0.00,25-Jul,26-Jul,27-Jul,28-Jul,29-Jul,30-Jul,31-Jul,25-Jul,26-Jul,27-Jul,28-Jul,29-Jul,30-Jul,31-Jul,7,7,0
Nagpur,Chandrapur,Chandrapur,Pombhurna,Pombhurna,7928270,Pomnbhurna Grid & 15 Villages RR Retrofitting,Chak Hattibodi,544,2,0.69,1.09,0.72,0.81,0.91,1.14,1.29,126.51,199.65,132.41,148.33,168.07,209.20,237.33,25-Jul,26-Jul,27-Jul,28-Jul,29-Jul,30-Jul,31-Jul,25-Jul,26-Jul,27-Jul,28-Jul,29-Jul,30-Jul,31-Jul,0,0,7
Nagpur,Chandrapur,Chandrapur,Pombhurna,Pombhurna,7928270,Pomnbhurna Grid & 15 Villages RR Retrofitting,Chak Kosambi - 1,724,1,0.00,0.00,0.00,0.00,0.00,0.00,0.00,0.00,0.00,0.00,0.00,0.00,0.00,0.00,25-Jul,26-Jul,27-Jul,28-Jul,29-Jul,30-Jul,31-Jul,25-Jul,26-Jul,27-Jul,28-Jul,29-Jul,30-Jul,31-Jul,7,7,0
Nagpur,Chandrapur,Chandrapur,Pombhurna,Pombhurna,7928270,Pomnbhurna Grid & 15 Villages RR Retrofitting,Chak Navegaon,440,1,0.00,0.00,0.00,0.00,0.00,0.00,0.00,0.00,0.00,0.00,0.00,0.00,0.00,0.00,25-Jul,26-Jul,27-Jul,28-Jul,29-Jul,30-Jul,31-Jul,25-Jul,26-Jul,27-Jul,28-Jul,29-Jul,30-Jul,31-Jul,7,7,0
Nagpur,Chandrapur,Chandrapur,Pombhurna,Pombhurna,7928270,Pomnbhurna Grid & 15 Villages RR Retrofitting,Chek Thane Wasna,1700,1,0.16,0.20,0.29,0.02,0.14,0.08,0.00,9.54,11.77,17.09,0.95,8.20,4.60,0.00,25-Jul,26-Jul,27-Jul,28-Jul,29-Jul,30-Jul,31-Jul,25-Jul,26-Jul,27-Jul,28-Jul,29-Jul,30-Jul,31-Jul,1,7,0
Nagpur,Chandrapur,Chandrapur,Pombhurna,Pombhurna,7928270,Pomnbhurna Grid & 15 Villages RR Retrofitting,Dewada Kh.,4792,2,1.09,0.83,1.04,1.09,1.26,1.19,1.51,22.65,17.42,21.63,22.71,26.30,24.73,31.59,25-Jul,26-Jul,27-Jul,28-Jul,29-Jul,30-Jul,31-Jul,25-Jul,26-Jul,27-Jul,28-Jul,29-Jul,30-Jul,31-Jul,0,7,0
Nagpur,Chandrapur,Chandrapur,Pombhurna,Pombhurna,7928270,Pomnbhurna Grid & 15 Villages RR Retrofitting,Futan,2204,1,0.00,0.00,0.00,0.00,0.00,0.00,0.00,0.00,0.00,0.00,0.00,0.00,0.00,0.00,25-Jul,26-Jul,27-Jul,28-Jul,29-Jul,30-Jul,31-Jul,25-Jul,26-Jul,27-Jul,28-Jul,29-Jul,30-Jul,31-Jul,7,7,0
Nagpur,Chandrapur,Chandrapur,Pombhurna,Pombhurna,7928270,Pomnbhurna Grid & 15 Villages RR Retrofitting,Jam Kh.,1480,2,0.00,0.00,0.00,0.00,0.00,0.00,0.00,0.00,0.00,0.00,0.00,0.00,0.00,0.00,25-Jul,26-Jul,27-Jul,28-Jul,29-Jul,30-Jul,31-Jul,25-Jul,26-Jul,27-Jul,28-Jul,29-Jul,30-Jul,31-Jul,7,7,0
Nagpur,Chandrapur,Chandrapur,Pombhurna,Pombhurna,7928270,Pomnbhurna Grid & 15 Villages RR Retrofitting,Jam Tukum,1172,1,0.00,0.00,0.00,0.00,0.00,0.00,0.00,0.00,0.00,0.00,0.00,0.00,0.00,0.00,25-Jul,26-Jul,27-Jul,28-Jul,29-Jul,30-Jul,31-Jul,25-Jul,26-Jul,27-Jul,28-Jul,29-Jul,30-Jul,31-Jul,7,7,0
Nagpur,Chandrapur,Chandrapur,Pombhurna,Pombhurna,7928270,Pomnbhurna Grid & 15 Villages RR Retrofitting,Mohadi,3272,1,0.00,0.00,0.00,0.00,0.00,0.00,0.05,0.00,0.00,0.00,0.00,0.00,0.00,1.53,25-Jul,26-Jul,27-Jul,28-Jul,29-Jul,30-Jul,31-Jul,25-Jul,26-Jul,27-Jul,28-Jul,29-Jul,30-Jul,31-Jul,6,7,0
Nagpur,Chandrapur,Chandrapur,Pombhurna,Pombhurna,7928270,Pomnbhurna Grid & 15 Villages RR Retrofitting,Navegaon More,1680,1,0.00,0.00,0.00,0.00,0.00,0.00,0.00,0.00,0.00,0.00,0.00,0.00,0.00,0.00,25-Jul,26-Jul,27-Jul,28-Jul,29-Jul,30-Jul,31-Jul,25-Jul,26-Jul,27-Jul,28-Jul,29-Jul,30-Jul,31-Jul,7,7,0
Nagpur,Chandrapur,Chandrapur,Pombhurna,Pombhurna,7928270,Pomnbhurna Grid & 15 Villages RR Retrofitting,Rampur Dixit,680,1,0.00,0.00,0.00,0.00,0.00,0.00,0.00,0.00,0.00,0.00,0.00,0.00,0.00,0.00,25-Jul,26-Jul,27-Jul,28-Jul,29-Jul,30-Jul,31-Jul,25-Jul,26-Jul,27-Jul,28-Jul,29-Jul,30-Jul,31-Jul,7,7,0
Nagpur,Chandrapur,Chandrapur,Pombhurna,Pombhurna,7928270,Pomnbhurna Grid & 15 Villages RR Retrofitting,Selur Nagreddi,568,1,0.67,4.15,0.00,2.36,0.00,4.38,3.20,117.08,730.63,0.00,415.49,0.00,771.13,563.38,25-Jul,26-Jul,27-Jul,28-Jul,29-Jul,30-Jul,31-Jul,25-Jul,26-Jul,27-Jul,28-Jul,29-Jul,30-Jul,31-Jul,2,2,5
Nagpur,Chandrapur,Chandrapur,Pombhurna,Pombhurna,7928270,Pomnbhurna Grid & 15 Villages RR Retrofitting,Welwa,1548,2,0.00,0.00,0.00,0.00,0.00,0.00,0.00,0.00,0.00,0.00,0.00,0.00,0.00,0.00,25-Jul,26-Jul,27-Jul,28-Jul,29-Jul,30-Jul,31-Jul,25-Jul,26-Jul,27-Jul,28-Jul,29-Jul,30-Jul,31-Jul,7,7,0
Nagpur,Chandrapur,Wardha,Wardha,Hinganghat,20027837,Allipur & 6 Village RRWSS,Alamdoh,856,2,0.00,0.00,0.00,0.00,0.00,0.00,0.07,0.00,0.00,0.00,0.00,0.00,0.00,8.56,25-Jul,26-Jul,27-Jul,28-Jul,29-Jul,30-Jul,31-Jul,25-Jul,26-Jul,27-Jul,28-Jul,29-Jul,30-Jul,31-Jul,6,7,0
Nagpur,Chandrapur,Wardha,Wardha,Hinganghat,20027837,Allipur & 6 Village RRWSS,Allipur,75080,3,0.30,0.28,0.46,0.28,0.32,1.63,2.27,0.40,0.37,0.61,0.37,0.43,2.17,3.02,25-Jul,26-Jul,27-Jul,28-Jul,29-Jul,30-Jul,31-Jul,25-Jul,26-Jul,27-Jul,28-Jul,29-Jul,30-Jul,31-Jul,0,7,0
Nagpur,Chandrapur,Wardha,Wardha,Hinganghat,20027837,Allipur & 6 Village RRWSS,Kachangaon Fata,1544,1,15.44,15.56,0.00,3.78,14.74,11.18,10.57,999.78,1007.52,0.00,244.82,954.65,724.41,684.27,25-Jul,26-Jul,27-Jul,28-Jul,29-Jul,30-Jul,31-Jul,25-Jul,26-Jul,27-Jul,28-Jul,29-Jul,30-Jul,31-Jul,1,1,6
Nagpur,Chandrapur,Wardha,Wardha,Hinganghat,20027837,Allipur & 6 Village RRWSS,Kanchangaon,1544,2,0.00,0.00,0.00,0.00,0.00,0.00,0.00,0.00,0.00,0.00,0.00,0.00,0.02,0.00,25-Jul,26-Jul,27-Jul,28-Jul,29-Jul,30-Jul,31-Jul,25-Jul,26-Jul,27-Jul,28-Jul,29-Jul,30-Jul,31-Jul,6,7,0
Nagpur,Chandrapur,Wardha,Wardha,Hinganghat,20027837,Allipur & 6 Village RRWSS,Mansaoli,1044,2,0.86,1.15,1.08,1.11,1.63,1.23,1.08,81.95,110.15,103.45,106.32,156.13,117.82,103.45,25-Jul,26-Jul,27-Jul,28-Jul,29-Jul,30-Jul,31-Jul,25-Jul,26-Jul,27-Jul,28-Jul,29-Jul,30-Jul,31-Jul,0,0,7
Nagpur,Chandrapur,Wardha,Wardha,Hinganghat,20027837,Allipur & 6 Village RRWSS,Pavni,168,2,0.00,0.00,0.00,0.00,0.00,9.01,16.42,0.00,0.00,0.00,0.00,0.00,5361.59,9772.34,25-Jul,26-Jul,27-Jul,28-Jul,29-Jul,30-Jul,31-Jul,25-Jul,26-Jul,27-Jul,28-Jul,29-Jul,30-Jul,31-Jul,5,5,2
Nagpur,Chandrapur,Wardha,Wardha,Hinganghat,20027837,Allipur & 6 Village RRWSS,Sirasgaon,1892,1,1.06,0.00,0.93,0.85,0.00,0.91,0.00,56.08,0.09,49.15,44.93,0.00,48.10,0.00,25-Jul,26-Jul,27-Jul,28-Jul,29-Jul,30-Jul,31-Jul,25-Jul,26-Jul,27-Jul,28-Jul,29-Jul,30-Jul,31-Jul,2,6,1
Nagpur,Chandrapur,Wardha,Wardha,Hinganghat,20027837,Allipur & 6 Village RRWSS,Sonegaon,1360,1,0.00,0.00,0.00,0.00,0.00,0.00,0.00,0.00,0.00,0.00,0.00,0.00,0.00,0.00,25-Jul,26-Jul,27-Jul,28-Jul,29-Jul,30-Jul,31-Jul,25-Jul,26-Jul,27-Jul,28-Jul,29-Jul,30-Jul,31-Jul,7,7,0
Nagpur,Chandrapur,Wardha,Wardha,Wardha,20010215,Sewagram & 5 Villages RRWSS,Barbadi,7000,3,3.61,1.80,5.89,1.70,3.98,2.11,4.50,51.62,25.71,84.14,24.29,56.86,30.14,64.29,25-Jul,26-Jul,27-Jul,28-Jul,29-Jul,30-Jul,31-Jul,25-Jul,26-Jul,27-Jul,28-Jul,29-Jul,30-Jul,31-Jul,0,4,3
Nagpur,Chandrapur,Wardha,Wardha,Wardha,20010215,Sewagram & 5 Villages RRWSS,Chitoda,2400,2,1.12,0.71,1.17,0.94,1.06,1.48,1.29,46.57,29.58,48.75,39.17,44.17,61.67,53.75,25-Jul,26-Jul,27-Jul,28-Jul,29-Jul,30-Jul,31-Jul,25-Jul,26-Jul,27-Jul,28-Jul,29-Jul,30-Jul,31-Jul,0,6,1
Nagpur,Chandrapur,Wardha,Wardha,Wardha,20010215,Sewagram & 5 Villages RRWSS,Injhapur,2200,2,0.00,0.00,0.00,0.00,0.00,0.00,0.00,0.00,0.00,0.00,0.00,0.00,0.00,0.00,25-Jul,26-Jul,27-Jul,28-Jul,29-Jul,30-Jul,31-Jul,25-Jul,26-Jul,27-Jul,28-Jul,29-Jul,30-Jul,31-Jul,7,7,0
Nagpur,Chandrapur,Wardha,Wardha,Wardha,20010215,Sewagram & 5 Villages RRWSS,Selakate,3000,1,0.00,0.00,0.00,0.00,0.00,0.00,0.00,0.00,0.00,0.00,0.00,0.00,0.00,0.00,25-Jul,26-Jul,27-Jul,28-Jul,29-Jul,30-Jul,31-Jul,25-Jul,26-Jul,27-Jul,28-Jul,29-Jul,30-Jul,31-Jul,7,7,0
Nagpur,Chandrapur,Wardha,Wardha,Wardha,20010215,Sewagram & 5 Villages RRWSS,Sewagram,6792,6,0.00,0.00,0.00,0.00,0.00,0.28,0.00,0.00,0.00,0.00,0.00,0.00,4.12,0.00,25-Jul,26-Jul,27-Jul,28-Jul,29-Jul,30-Jul,31-Jul,25-Jul,26-Jul,27-Jul,28-Jul,29-Jul,30-Jul,31-Jul,6,7,0
Nagpur,Chandrapur,Wardha,Wardha,Wardha,20010215,Sewagram & 5 Villages RRWSS,Sewagram (Zone 3),6792,1,226.77,250.60,310.09,212.62,338.20,256.51,324.40,3338.82,3689.63,4565.52,3130.45,4979.39,3776.65,4776.21,25-Jul,26-Jul,27-Jul,28-Jul,29-Jul,30-Jul,31-Jul,25-Jul,26-Jul,27-Jul,28-Jul,29-Jul,30-Jul,31-Jul,0,0,7
Nagpur,Nagpur,Chandrapur,Chandrapur,Chimur,20036536,Bothali & 7 Village RR WSS,Bothali,2250,1,0.00,0.00,0.00,0.00,0.00,0.00,0.00,0.00,0.00,0.00,0.00,0.00,0.00,0.00,25-Jul,26-Jul,27-Jul,28-Jul,29-Jul,30-Jul,31-Jul,25-Jul,26-Jul,27-Jul,28-Jul,29-Jul,30-Jul,31-Jul,7,7,0
Nagpur,Nagpur,Chandrapur,Chandrapur,Chimur,20036536,Bothali & 7 Village RR WSS,Chak Piranji,1771,1,0.00,0.00,0.00,0.00,0.00,0.00,0.00,0.00,0.00,0.00,0.00,0.00,0.00,0.00,25-Jul,26-Jul,27-Jul,28-Jul,29-Jul,30-Jul,31-Jul,25-Jul,26-Jul,27-Jul,28-Jul,29-Jul,30-Jul,31-Jul,7,7,0
Nagpur,Nagpur,Chandrapur,Chandrapur,Chimur,20036536,Bothali & 7 Village RR WSS,Chichbodi,1436,1,0.00,0.00,0.00,0.00,0.00,0.00,0.00,0.00,0.00,0.00,0.00,0.00,0.00,0.00,25-Jul,26-Jul,27-Jul,28-Jul,29-Jul,30-Jul,31-Jul,25-Jul,26-Jul,27-Jul,28-Jul,29-Jul,30-Jul,31-Jul,7,7,0
Nagpur,Nagpur,Chandrapur,Chandrapur,Chimur,20036536,Bothali & 7 Village RR WSS,Hirapur,1793,1,0.00,0.00,0.00,0.00,0.00,0.00,0.00,0.00,0.00,0.00,0.02,0.00,0.00,0.00,25-Jul,26-Jul,27-Jul,28-Jul,29-Jul,30-Jul,31-Jul,25-Jul,26-Jul,27-Jul,28-Jul,29-Jul,30-Jul,31-Jul,6,7,0
Nagpur,Nagpur,Chandrapur,Chandrapur,Chimur,20036536,Bothali & 7 Village RR WSS,Kesarwari,429,1,0.00,0.00,0.00,0.00,0.00,0.00,0.00,0.00,0.00,0.33,0.21,0.00,0.40,0.47,25-Jul,26-Jul,27-Jul,28-Jul,29-Jul,30-Jul,31-Jul,25-Jul,26-Jul,27-Jul,28-Jul,29-Jul,30-Jul,31-Jul,3,7,0
Nagpur,Nagpur,Chandrapur,Chandrapur,Chimur,20036536,Bothali & 7 Village RR WSS,Rajoli Chak,377,1,0.00,0.00,0.00,0.00,0.00,0.00,0.00,0.00,0.00,0.00,0.00,0.00,0.00,0.00,25-Jul,26-Jul,27-Jul,28-Jul,29-Jul,30-Jul,31-Jul,25-Jul,26-Jul,27-Jul,28-Jul,29-Jul,30-Jul,31-Jul,7,7,0
Nagpur,Nagpur,Chandrapur,Chandrapur,Chimur,20036536,Bothali & 7 Village RR WSS,Rajoli Fall,824,1,0.00,0.00,0.00,0.00,0.00,0.00,0.00,0.00,0.00,0.00,0.08,0.00,0.06,0.00,25-Jul,26-Jul,27-Jul,28-Jul,29-Jul,30-Jul,31-Jul,25-Jul,26-Jul,27-Jul,28-Jul,29-Jul,30-Jul,31-Jul,5,7,0
Nagpur,Nagpur,Chandrapur,Chandrapur,Mul,20036862,Bor Chandli 5 Village RR WSS,Chak Bembal,345,1,0.00,0.00,0.00,0.00,0.00,0.00,0.00,0.00,0.00,0.00,0.00,0.00,0.00,0.00,25-Jul,26-Jul,27-Jul,28-Jul,29-Jul,30-Jul,31-Jul,25-Jul,26-Jul,27-Jul,28-Jul,29-Jul,30-Jul,31-Jul,7,7,0
Nagpur,Nagpur,Chandrapur,Chandrapur,Mul,20036862,Bor Chandli 5 Village RR WSS,Pipari (Dixit),1207,1,0.00,0.00,0.00,0.00,0.00,0.00,0.00,0.00,0.00,0.00,0.00,0.00,0.00,0.00,25-Jul,26-Jul,27-Jul,28-Jul,29-Jul,30-Jul,31-Jul,25-Jul,26-Jul,27-Jul,28-Jul,29-Jul,30-Jul,31-Jul,7,7,0
Nagpur,Nagpur,Chandrapur,Chandrapur,Mul,20036862,Bor Chandli 5 Village RR WSS,Sintala,1092,1,0.00,0.00,0.00,0.00,0.00,0.00,0.00,0.00,0.00,0.00,0.00,0.00,0.00,0.00,25-Jul,26-Jul,27-Jul,28-Jul,29-Jul,30-Jul,31-Jul,25-Jul,26-Jul,27-Jul,28-Jul,29-Jul,30-Jul,31-Jul,7,7,0
Nagpur,Nagpur,Chandrapur,Chandrapur,Mul,20036862,Bor Chandli 5 Village RR WSS,Virai,1720,1,0.00,0.00,0.00,0.00,0.00,0.00,0.00,0.00,0.00,0.00,0.00,0.00,0.00,0.00,25-Jul,26-Jul,27-Jul,28-Jul,29-Jul,30-Jul,31-Jul,25-Jul,26-Jul,27-Jul,28-Jul,29-Jul,30-Jul,31-Jul,7,7,0
Nagpur,Nagpur,Chandrapur,Chandrapur,Mul,20036862,Bor Chandli 5 Village RR WSS,Yergaon,2061,1,0.00,0.00,0.00,0.01,0.00,0.03,0.00,0.00,0.00,0.07,0.73,0.00,1.28,0.01,25-Jul,26-Jul,27-Jul,28-Jul,29-Jul,30-Jul,31-Jul,25-Jul,26-Jul,27-Jul,28-Jul,29-Jul,30-Jul,31-Jul,3,7,0
Nagpur,Nagpur,Chandrapur,Gadchiroli,Chamorshi,2009882,Ghot RRWSS,Ghot,4218,2,0.04,0.00,0.06,0.12,0.00,0.00,0.04,0.83,0.00,1.34,2.90,0.00,0.00,0.91,25-Jul,26-Jul,27-Jul,28-Jul,29-Jul,30-Jul,31-Jul,25-Jul,26-Jul,27-Jul,28-Jul,29-Jul,30-Jul,31-Jul,3,7,0
Nagpur,Nagpur,Chandrapur,Gadchiroli,Chamorshi,2009882,Ghot RRWSS,Navegaon,645,1,0.00,0.00,0.00,0.00,0.00,0.00,0.00,0.00,0.00,0.00,0.00,0.00,0.00,0.00,25-Jul,26-Jul,27-Jul,28-Jul,29-Jul,30-Jul,31-Jul,25-Jul,26-Jul,27-Jul,28-Jul,29-Jul,30-Jul,31-Jul,7,7,0
Nagpur,Nagpur,Chandrapur,Gadchiroli,Chamorshi,2009882,Ghot RRWSS,Nikatwada,1455,1,0.00,0.00,0.00,0.03,0.00,0.00,0.00,0.00,0.00,0.00,2.09,0.00,0.00,0.00,25-Jul,26-Jul,27-Jul,28-Jul,29-Jul,30-Jul,31-Jul,25-Jul,26-Jul,27-Jul,28-Jul,29-Jul,30-Jul,31-Jul,6,7,0
Nagpur,Nagpur,Chandrapur,Mul,Mul,7890965,Mul Grid & 24 Villages  RR WSS Retrofitting,Agadi,425,1,0.00,0.00,0.00,0.00,0.00,0.00,0.00,0.00,0.00,0.65,0.00,0.00,0.00,0.00,25-Jul,26-Jul,27-Jul,28-Jul,29-Jul,30-Jul,31-Jul,25-Jul,26-Jul,27-Jul,28-Jul,29-Jul,30-Jul,31-Jul,6,7,0
Nagpur,Nagpur,Chandrapur,Mul,Mul,7890965,Mul Grid & 24 Villages  RR WSS Retrofitting,Akapur,537,1,0.00,0.00,0.00,0.00,0.00,0.00,0.00,0.00,0.00,0.00,0.00,0.00,0.00,0.00,25-Jul,26-Jul,27-Jul,28-Jul,29-Jul,30-Jul,31-Jul,25-Jul,26-Jul,27-Jul,28-Jul,29-Jul,30-Jul,31-Jul,7,7,0
Nagpur,Nagpur,Chandrapur,Mul,Mul,7890965,Mul Grid & 24 Villages  RR WSS Retrofitting,Bhawarala,1032,1,0.00,2836.76,0.00,91.59,0.00,0.00,0.00,0.00,274879.77,0.00,8874.83,0.00,0.00,0.00,25-Jul,26-Jul,27-Jul,28-Jul,29-Jul,30-Jul,31-Jul,25-Jul,26-Jul,27-Jul,28-Jul,29-Jul,30-Jul,31-Jul,5,5,2
Nagpur,Nagpur,Chandrapur,Mul,Mul,7890965,Mul Grid & 24 Villages  RR WSS Retrofitting,Chak Chikhli No.1,253,1,0.00,0.00,0.00,0.00,0.00,0.00,0.00,0.00,0.00,0.00,0.00,0.00,0.00,0.00,25-Jul,26-Jul,27-Jul,28-Jul,29-Jul,30-Jul,31-Jul,25-Jul,26-Jul,27-Jul,28-Jul,29-Jul,30-Jul,31-Jul,7,7,0
Nagpur,Nagpur,Chandrapur,Mul,Mul,7890965,Mul Grid & 24 Villages  RR WSS Retrofitting,Chak Katwan,247,1,0.00,0.00,0.00,0.00,0.00,0.00,0.00,0.00,0.00,0.00,0.00,0.00,0.00,0.00,25-Jul,26-Jul,27-Jul,28-Jul,29-Jul,30-Jul,31-Jul,25-Jul,26-Jul,27-Jul,28-Jul,29-Jul,30-Jul,31-Jul,7,7,0
Nagpur,Nagpur,Chandrapur,Mul,Mul,7890965,Mul Grid & 24 Villages  RR WSS Retrofitting,Chichala (Mo),3322,1,0.87,0.07,1.42,2.38,0.12,1.94,2.88,26.17,2.15,42.68,71.66,3.56,58.53,86.71,25-Jul,26-Jul,27-Jul,28-Jul,29-Jul,30-Jul,31-Jul,25-Jul,26-Jul,27-Jul,28-Jul,29-Jul,30-Jul,31-Jul,0,4,3
Nagpur,Nagpur,Chandrapur,Mul,Mul,7890965,Mul Grid & 24 Villages  RR WSS Retrofitting,Chicholi,2400,1,0.00,0.00,0.00,0.00,0.00,0.00,0.00,0.00,0.00,0.00,0.00,0.00,0.00,0.00,25-Jul,26-Jul,27-Jul,28-Jul,29-Jul,30-Jul,31-Jul,25-Jul,26-Jul,27-Jul,28-Jul,29-Jul,30-Jul,31-Jul,7,7,0
Nagpur,Nagpur,Chandrapur,Mul,Mul,7890965,Mul Grid & 24 Villages  RR WSS Retrofitting,Chimadha,1589,1,0.00,0.00,0.00,0.00,0.00,0.00,0.00,0.00,0.00,0.00,0.00,0.00,0.00,0.00,25-Jul,26-Jul,27-Jul,28-Jul,29-Jul,30-Jul,31-Jul,25-Jul,26-Jul,27-Jul,28-Jul,29-Jul,30-Jul,31-Jul,7,7,0
Nagpur,Nagpur,Chandrapur,Mul,Mul,7890965,Mul Grid & 24 Villages  RR WSS Retrofitting,Churul Tukum,402,1,0.03,0.00,0.00,0.04,0.00,0.00,0.03,6.50,0.01,0.32,11.13,0.00,0.00,6.68,25-Jul,26-Jul,27-Jul,28-Jul,29-Jul,30-Jul,31-Jul,25-Jul,26-Jul,27-Jul,28-Jul,29-Jul,30-Jul,31-Jul,2,7,0
Nagpur,Nagpur,Chandrapur,Mul,Mul,7890965,Mul Grid & 24 Villages  RR WSS Retrofitting,Fiskuti,2415,2,0.00,0.00,0.00,0.00,0.00,0.00,0.00,0.00,0.00,0.00,0.00,0.00,0.00,0.00,25-Jul,26-Jul,27-Jul,28-Jul,29-Jul,30-Jul,31-Jul,25-Jul,26-Jul,27-Jul,28-Jul,29-Jul,30-Jul,31-Jul,7,7,0
Nagpur,Nagpur,Chandrapur,Mul,Mul,7890965,Mul Grid & 24 Villages  RR WSS Retrofitting,Gangalwadi,862,1,0.00,0.00,0.00,0.00,0.00,0.00,0.00,0.00,0.00,0.00,0.00,0.00,0.00,0.00,25-Jul,26-Jul,27-Jul,28-Jul,29-Jul,30-Jul,31-Jul,25-Jul,26-Jul,27-Jul,28-Jul,29-Jul,30-Jul,31-Jul,7,7,0
Nagpur,Nagpur,Chandrapur,Mul,Mul,7890965,Mul Grid & 24 Villages  RR WSS Retrofitting,Haldi Gaonganna,1238,1,0.46,0.09,0.54,0.99,0.00,0.00,0.29,37.34,7.41,43.26,80.19,0.18,0.40,23.29,25-Jul,26-Jul,27-Jul,28-Jul,29-Jul,30-Jul,31-Jul,25-Jul,26-Jul,27-Jul,28-Jul,29-Jul,30-Jul,31-Jul,0,6,1
Nagpur,Nagpur,Chandrapur,Mul,Mul,7890965,Mul Grid & 24 Villages  RR WSS Retrofitting,Janala Ryt.,890,4,0.00,0.00,0.01,0.00,0.00,0.00,0.00,0.08,0.34,0.60,0.25,0.07,0.00,0.01,25-Jul,26-Jul,27-Jul,28-Jul,29-Jul,30-Jul,31-Jul,25-Jul,26-Jul,27-Jul,28-Jul,29-Jul,30-Jul,31-Jul,1,7,0
Nagpur,Nagpur,Chandrapur,Mul,Mul,7890965,Mul Grid & 24 Villages  RR WSS Retrofitting,Kantapeth Ryt.,938,1,0.00,0.00,0.00,0.00,0.00,0.00,0.00,0.00,0.00,0.00,0.00,0.00,0.00,0.00,25-Jul,26-Jul,27-Jul,28-Jul,29-Jul,30-Jul,31-Jul,25-Jul,26-Jul,27-Jul,28-Jul,29-Jul,30-Jul,31-Jul,7,7,0
Nagpur,Nagpur,Chandrapur,Mul,Mul,7890965,Mul Grid & 24 Villages  RR WSS Retrofitting,Karwan,470,1,0.00,0.00,0.00,0.00,0.00,0.00,0.00,0.00,0.00,0.00,0.00,0.00,0.00,0.00,25-Jul,26-Jul,27-Jul,28-Jul,29-Jul,30-Jul,31-Jul,25-Jul,26-Jul,27-Jul,28-Jul,29-Jul,30-Jul,31-Jul,7,7,0
Nagpur,Nagpur,Chandrapur,Mul,Mul,7890965,Mul Grid & 24 Villages  RR WSS Retrofitting,Kosambi,873,1,0.00,0.00,0.52,0.22,0.00,0.01,0.04,0.00,0.00,59.12,25.12,0.00,1.14,4.77,25-Jul,26-Jul,27-Jul,28-Jul,29-Jul,30-Jul,31-Jul,25-Jul,26-Jul,27-Jul,28-Jul,29-Jul,30-Jul,31-Jul,3,6,1
Nagpur,Nagpur,Chandrapur,Mul,Mul,7890965,Mul Grid & 24 Villages  RR WSS Retrofitting,Manda Tukum,228,1,0.03,0.01,0.06,0.04,0.00,0.01,0.01,12.02,4.69,24.25,18.68,0.00,4.34,3.77,25-Jul,26-Jul,27-Jul,28-Jul,29-Jul,30-Jul,31-Jul,25-Jul,26-Jul,27-Jul,28-Jul,29-Jul,30-Jul,31-Jul,1,7,0
Nagpur,Nagpur,Chandrapur,Mul,Mul,7890965,Mul Grid & 24 Villages  RR WSS Retrofitting,Marhegaon,824,1,3.83,0.00,3.96,1.51,0.00,0.00,0.73,464.58,0.03,480.34,182.67,0.02,0.01,88.15,25-Jul,26-Jul,27-Jul,28-Jul,29-Jul,30-Jul,31-Jul,25-Jul,26-Jul,27-Jul,28-Jul,29-Jul,30-Jul,31-Jul,0,3,4
Nagpur,Nagpur,Chandrapur,Mul,Mul,7890965,Mul Grid & 24 Villages  RR WSS Retrofitting,Maroda,4360,1,0.00,0.00,0.00,0.00,0.00,0.00,0.00,0.00,0.00,0.00,0.00,0.00,0.00,0.00,25-Jul,26-Jul,27-Jul,28-Jul,29-Jul,30-Jul,31-Jul,25-Jul,26-Jul,27-Jul,28-Jul,29-Jul,30-Jul,31-Jul,7,7,0
Nagpur,Nagpur,Chandrapur,Mul,Mul,7890965,Mul Grid & 24 Villages  RR WSS Retrofitting,Morwahi Mal,593,1,1.16,2.32,0.81,0.00,0.09,0.00,0.00,196.14,391.23,136.59,0.00,15.18,0.00,0.00,25-Jul,26-Jul,27-Jul,28-Jul,29-Jul,30-Jul,31-Jul,25-Jul,26-Jul,27-Jul,28-Jul,29-Jul,30-Jul,31-Jul,3,4,3
Nagpur,Nagpur,Chandrapur,Mul,Mul,7890965,Mul Grid & 24 Villages  RR WSS Retrofitting,Rajgad,1638,1,0.61,0.13,0.00,0.54,0.00,0.00,0.00,37.22,7.77,0.23,32.96,0.00,0.00,0.00,25-Jul,26-Jul,27-Jul,28-Jul,29-Jul,30-Jul,31-Jul,25-Jul,26-Jul,27-Jul,28-Jul,29-Jul,30-Jul,31-Jul,3,7,0
Nagpur,Nagpur,Chandrapur,Mul,Mul,7890965,Mul Grid & 24 Villages  RR WSS Retrofitting,Tadala Tukum,1575,1,0.00,0.00,0.00,0.00,0.00,0.00,0.00,0.00,0.00,0.00,0.00,0.00,0.00,0.00,25-Jul,26-Jul,27-Jul,28-Jul,29-Jul,30-Jul,31-Jul,25-Jul,26-Jul,27-Jul,28-Jul,29-Jul,30-Jul,31-Jul,7,7,0
Nagpur,Nagpur,Chandrapur,Mul,Mul,7890965,Mul Grid & 24 Villages  RR WSS Retrofitting,Tekadi,2164,1,0.00,0.00,0.00,0.00,0.00,0.00,0.00,0.00,0.00,0.00,0.00,0.00,0.00,0.00,25-Jul,26-Jul,27-Jul,28-Jul,29-Jul,30-Jul,31-Jul,25-Jul,26-Jul,27-Jul,28-Jul,29-Jul,30-Jul,31-Jul,7,7,0
Nagpur,Nagpur,Chandrapur,Mul,Mul,7890965,Mul Grid & 24 Villages  RR WSS Retrofitting,Tolewahi,542,1,0.00,0.00,0.00,0.00,0.00,0.00,0.00,0.00,0.00,0.00,0.00,0.00,0.00,0.00,25-Jul,26-Jul,27-Jul,28-Jul,29-Jul,30-Jul,31-Jul,25-Jul,26-Jul,27-Jul,28-Jul,29-Jul,30-Jul,31-Jul,7,7,0
Nagpur,Nagpur,Chandrapur,Wardha,Wardha,7891298,Pipri Meghe and 13 villages RR WSS,Alodi,9328,3,0.00,0.00,0.00,0.00,0.00,0.00,0.00,0.00,0.00,0.00,0.00,0.00,0.00,0.00,25-Jul,26-Jul,27-Jul,28-Jul,29-Jul,30-Jul,31-Jul,25-Jul,26-Jul,27-Jul,28-Jul,29-Jul,30-Jul,31-Jul,7,7,0
Nagpur,Nagpur,Chandrapur,Wardha,Wardha,7891298,Pipri Meghe and 13 villages RR WSS,Borgaon,688,3,236.30,305.52,84.66,149.37,462.90,548.88,561.90,34345.57,44407.51,12305.84,21711.33,67282.15,79779.12,81672.07,25-Jul,26-Jul,27-Jul,28-Jul,29-Jul,30-Jul,31-Jul,25-Jul,26-Jul,27-Jul,28-Jul,29-Jul,30-Jul,31-Jul,0,0,7
Nagpur,Nagpur,Chandrapur,Wardha,Wardha,7891298,Pipri Meghe and 13 villages RR WSS,Karla,2332,1,1.56,0.05,0.16,3.28,0.46,2.64,0.00,66.91,2.33,6.66,140.72,19.63,113.25,0.00,25-Jul,26-Jul,27-Jul,28-Jul,29-Jul,30-Jul,31-Jul,25-Jul,26-Jul,27-Jul,28-Jul,29-Jul,30-Jul,31-Jul,1,4,3
Nagpur,Nagpur,Chandrapur,Wardha,Wardha,7891298,Pipri Meghe and 13 villages RR WSS,Masala,548,2,3.10,2.45,0.00,1.79,3.83,6.54,30.23,566.39,447.59,0.00,326.88,698.04,1193.66,5516.42,25-Jul,26-Jul,27-Jul,28-Jul,29-Jul,30-Jul,31-Jul,25-Jul,26-Jul,27-Jul,28-Jul,29-Jul,30-Jul,31-Jul,1,1,6
Nagpur,Nagpur,Chandrapur,Wardha,Wardha,7891298,Pipri Meghe and 13 villages RR WSS,Nalwadi,13540,4,1.43,0.00,7.04,4.77,4.59,0.00,9.44,10.57,0.00,52.03,35.20,33.88,0.03,69.70,25-Jul,26-Jul,27-Jul,28-Jul,29-Jul,30-Jul,31-Jul,25-Jul,26-Jul,27-Jul,28-Jul,29-Jul,30-Jul,31-Jul,1,6,1
Nagpur,Nagpur,Chandrapur,Wardha,Wardha,7891298,Pipri Meghe and 13 villages RR WSS,Pipri,2696,3,0.42,0.00,0.00,0.72,0.00,0.00,0.91,15.66,0.00,0.00,26.54,0.00,0.00,33.75,25-Jul,26-Jul,27-Jul,28-Jul,29-Jul,30-Jul,31-Jul,25-Jul,26-Jul,27-Jul,28-Jul,29-Jul,30-Jul,31-Jul,4,7,0
Nagpur,Nagpur,Chandrapur,Wardha,Wardha,7891298,Pipri Meghe and 13 villages RR WSS,Sawangi Meghe,16556,7,0.00,0.00,156.85,112.43,237.44,299.91,20.51,0.00,0.00,947.37,679.09,1434.13,1811.46,123.91,25-Jul,26-Jul,27-Jul,28-Jul,29-Jul,30-Jul,31-Jul,25-Jul,26-Jul,27-Jul,28-Jul,29-Jul,30-Jul,31-Jul,2,2,5
Nagpur,Nagpur,Chandrapur,Wardha,Wardha,7891298,Pipri Meghe and 13 villages RR WSS,Sawangi Meghe T-Point,16556,1,132.79,580.78,431.62,505.04,568.15,691.06,558.98,802.07,3507.97,2607.03,3050.50,3431.69,4174.08,3376.30,25-Jul,26-Jul,27-Jul,28-Jul,29-Jul,30-Jul,31-Jul,25-Jul,26-Jul,27-Jul,28-Jul,29-Jul,30-Jul,31-Jul,0,0,7
Nagpur,Nagpur,Chandrapur,Wardha,Wardha,7891298,Pipri Meghe and 13 villages RR WSS,Sindhi Meghe,29844,6,0.05,0.00,0.00,0.00,0.00,1.05,0.00,0.17,0.00,0.00,0.00,0.00,3.52,0.00,25-Jul,26-Jul,27-Jul,28-Jul,29-Jul,30-Jul,31-Jul,25-Jul,26-Jul,27-Jul,28-Jul,29-Jul,30-Jul,31-Jul,5,7,0
Nagpur,Nagpur,Chandrapur,Wardha,Wardha,7891298,Pipri Meghe and 13 villages RR WSS,Sotada,1608,1,0.00,0.00,3.45,1.15,0.00,0.00,4.05,0.00,0.00,214.55,71.52,0.00,0.00,251.87,25-Jul,26-Jul,27-Jul,28-Jul,29-Jul,30-Jul,31-Jul,25-Jul,26-Jul,27-Jul,28-Jul,29-Jul,30-Jul,31-Jul,4,4,3
Nagpur,Nagpur,Chandrapur,Wardha,Wardha,7891298,Pipri Meghe and 13 villages RR WSS,Varud,616,1,0.00,0.00,0.17,0.00,0.38,1.63,3.42,0.00,0.00,28.17,0.00,61.51,264.82,555.42,25-Jul,26-Jul,27-Jul,28-Jul,29-Jul,30-Jul,31-Jul,25-Jul,26-Jul,27-Jul,28-Jul,29-Jul,30-Jul,31-Jul,3,4,3
Nagpur,Nagpur,Chandrapur,Wardha,Wardha,7891298,Pipri Meghe and 13 villages RR WSS,Waigaon,8896,4,0.00,0.00,8.65,22.90,0.03,85.77,258.65,0.00,0.00,97.23,257.46,0.37,964.17,2907.49,25-Jul,26-Jul,27-Jul,28-Jul,29-Jul,30-Jul,31-Jul,25-Jul,26-Jul,27-Jul,28-Jul,29-Jul,30-Jul,31-Jul,2,3,4
Nagpur,Nagpur,Gondia,Bhandara,Sakoli,631335,Ghanod RR Retrofitting,Bampewada,10254,1,0.00,0.00,0.00,0.00,0.00,0.00,0.00,0.00,0.00,0.00,0.00,0.00,0.00,0.00,25-Jul,26-Jul,27-Jul,28-Jul,29-Jul,30-Jul,31-Jul,25-Jul,26-Jul,27-Jul,28-Jul,29-Jul,30-Jul,31-Jul,7,7,0
Nagpur,Nagpur,Gondia,Bhandara,Sakoli,631335,Ghanod RR Retrofitting,Ghanod,2280,2,0.00,0.06,0.00,0.06,0.03,0.06,0.26,0.00,2.63,0.00,2.69,1.44,2.49,11.46,25-Jul,26-Jul,27-Jul,28-Jul,29-Jul,30-Jul,31-Jul,25-Jul,26-Jul,27-Jul,28-Jul,29-Jul,30-Jul,31-Jul,2,7,0
Nagpur,Nagpur,Gondia,Bhandara,Sakoli,631335,Ghanod RR Retrofitting,Sendurwafa,10254,1,20.20,2.04,1.15,2.40,17.81,8.12,0.16,197.01,19.89,11.22,23.41,173.69,79.19,1.56,25-Jul,26-Jul,27-Jul,28-Jul,29-Jul,30-Jul,31-Jul,25-Jul,26-Jul,27-Jul,28-Jul,29-Jul,30-Jul,31-Jul,0,4,3
Nagpur,Nagpur,Gondia,Bhandara,Tumsar,20017217,Dewadi RR WSS,Dhorwada,1144,1,0.06,0.00,0.16,0.40,0.00,0.31,0.40,5.53,0.00,14.23,34.73,0.00,27.06,35.07,25-Jul,26-Jul,27-Jul,28-Jul,29-Jul,30-Jul,31-Jul,25-Jul,26-Jul,27-Jul,28-Jul,29-Jul,30-Jul,31-Jul,2,7,0
Nagpur,Nagpur,Gondia,Bhandara,Tumsar,20017217,Dewadi RR WSS,Hasara,2638,1,0.00,0.00,0.00,0.00,0.00,0.00,0.00,0.00,0.00,0.00,0.00,0.00,0.00,0.00,25-Jul,26-Jul,27-Jul,28-Jul,29-Jul,30-Jul,31-Jul,25-Jul,26-Jul,27-Jul,28-Jul,29-Jul,30-Jul,31-Jul,7,7,0
Nagpur,Nagpur,Gondia,Bhandara,Tumsar,20017217,Dewadi RR WSS,Khapa,3087,1,0.00,0.00,0.00,0.00,0.00,0.00,0.00,0.00,0.00,0.00,0.00,0.00,0.00,0.00,25-Jul,26-Jul,27-Jul,28-Jul,29-Jul,30-Jul,31-Jul,25-Jul,26-Jul,27-Jul,28-Jul,29-Jul,30-Jul,31-Jul,7,7,0
Nagpur,Nagpur,Gondia,Bhandara,Tumsar,20017217,Dewadi RR WSS,Mangli,1558,1,0.00,0.00,0.02,0.01,0.00,0.00,0.00,0.14,0.08,1.13,0.53,0.09,0.06,0.16,25-Jul,26-Jul,27-Jul,28-Jul,29-Jul,30-Jul,31-Jul,25-Jul,26-Jul,27-Jul,28-Jul,29-Jul,30-Jul,31-Jul,0,7,0
Nagpur,Nagpur,Gondia,Bhandara,Tumsar,20017217,Dewadi RR WSS,Paraswada,1400,2,0.00,0.00,0.00,0.00,0.00,0.00,0.00,0.00,0.00,0.00,0.02,0.02,0.02,0.01,25-Jul,26-Jul,27-Jul,28-Jul,29-Jul,30-Jul,31-Jul,25-Jul,26-Jul,27-Jul,28-Jul,29-Jul,30-Jul,31-Jul,3,7,0
Nagpur,Nagpur,Gondia,Bhandara,Tumsar,20017217,Dewadi RR WSS,Stationtoli,1320,1,0.00,0.00,0.00,0.00,0.00,0.00,0.00,0.18,0.00,0.00,0.00,0.00,0.01,0.00,25-Jul,26-Jul,27-Jul,28-Jul,29-Jul,30-Jul,31-Jul,25-Jul,26-Jul,27-Jul,28-Jul,29-Jul,30-Jul,31-Jul,5,7,0
Nagpur,Nagpur,Gondia,Bhandara,Tumsar,631010,Gobarwahi RR Retrofitting,Alesur,928,2,21.84,16.85,18.38,19.74,19.81,21.49,15.90,2353.70,1815.67,1980.60,2127.16,2134.70,2315.73,1713.36,25-Jul,26-Jul,27-Jul,28-Jul,29-Jul,30-Jul,31-Jul,25-Jul,26-Jul,27-Jul,28-Jul,29-Jul,30-Jul,31-Jul,0,0,7
Nagpur,Nagpur,Gondia,Bhandara,Tumsar,631010,Gobarwahi RR Retrofitting,Chicholi,2212,1,0.00,0.00,0.00,0.00,0.00,0.00,0.00,0.00,0.00,0.00,0.00,0.00,0.00,0.00,25-Jul,26-Jul,27-Jul,28-Jul,29-Jul,30-Jul,31-Jul,25-Jul,26-Jul,27-Jul,28-Jul,29-Jul,30-Jul,31-Jul,7,7,0
Nagpur,Nagpur,Gondia,Bhandara,Tumsar,631010,Gobarwahi RR Retrofitting,Chikhali,1541,1,0.00,0.00,0.00,0.00,0.00,0.00,0.00,0.00,0.00,0.00,0.00,0.00,0.00,0.00,25-Jul,26-Jul,27-Jul,28-Jul,29-Jul,30-Jul,31-Jul,25-Jul,26-Jul,27-Jul,28-Jul,29-Jul,30-Jul,31-Jul,7,7,0
Nagpur,Nagpur,Gondia,Bhandara,Tumsar,631010,Gobarwahi RR Retrofitting,Deonara,648,1,0.00,0.00,0.00,0.00,0.00,0.00,0.00,0.00,0.00,0.00,0.00,0.00,0.00,0.00,25-Jul,26-Jul,27-Jul,28-Jul,29-Jul,30-Jul,31-Jul,25-Jul,26-Jul,27-Jul,28-Jul,29-Jul,30-Jul,31-Jul,7,7,0
Nagpur,Nagpur,Gondia,Bhandara,Tumsar,631010,Gobarwahi RR Retrofitting,Dongri Bk.,5014,1,0.00,0.00,0.00,0.00,0.00,0.00,0.00,0.00,0.00,0.00,0.00,0.00,0.00,0.00,25-Jul,26-Jul,27-Jul,28-Jul,29-Jul,30-Jul,31-Jul,25-Jul,26-Jul,27-Jul,28-Jul,29-Jul,30-Jul,31-Jul,7,7,0
Nagpur,Nagpur,Gondia,Bhandara,Tumsar,631010,Gobarwahi RR Retrofitting,Paunarkhari,2526,1,0.06,0.00,2.32,0.00,0.00,0.73,0.00,2.24,0.00,91.84,0.00,0.00,28.90,0.00,25-Jul,26-Jul,27-Jul,28-Jul,29-Jul,30-Jul,31-Jul,25-Jul,26-Jul,27-Jul,28-Jul,29-Jul,30-Jul,31-Jul,4,6,1
Nagpur,Nagpur,Gondia,Bhandara,Tumsar,631010,Gobarwahi RR Retrofitting,Pawnara,1187,1,5.46,5.93,5.88,5.76,5.31,4.15,5.04,459.63,499.21,495.37,485.56,447.62,349.40,424.60,25-Jul,26-Jul,27-Jul,28-Jul,29-Jul,30-Jul,31-Jul,25-Jul,26-Jul,27-Jul,28-Jul,29-Jul,30-Jul,31-Jul,0,0,7
Nagpur,Nagpur,Gondia,Bhandara,Tumsar,631010,Gobarwahi RR Retrofitting,Pitesur,1994,1,0.00,0.00,0.00,0.00,0.00,0.00,0.00,0.00,0.00,0.00,0.00,0.00,0.00,0.00,25-Jul,26-Jul,27-Jul,28-Jul,29-Jul,30-Jul,31-Jul,25-Jul,26-Jul,27-Jul,28-Jul,29-Jul,30-Jul,31-Jul,7,7,0
Nagpur,Nagpur,Gondia,Bhandara,Tumsar,631010,Gobarwahi RR Retrofitting,Ronga,1821,2,3.35,0.61,0.78,0.83,0.78,0.66,0.39,184.14,33.50,42.83,45.58,42.83,36.24,21.42,25-Jul,26-Jul,27-Jul,28-Jul,29-Jul,30-Jul,31-Jul,25-Jul,26-Jul,27-Jul,28-Jul,29-Jul,30-Jul,31-Jul,0,6,1
Nagpur,Nagpur,Gondia,Deori,Deori,20017028,Chichgad Palandur RR Retrofitting,Garartola,859,1,0.00,0.00,0.00,0.00,0.00,0.00,0.00,0.00,0.00,0.00,0.00,0.00,0.00,0.00,25-Jul,26-Jul,27-Jul,28-Jul,29-Jul,30-Jul,31-Jul,25-Jul,26-Jul,27-Jul,28-Jul,29-Jul,30-Jul,31-Jul,7,7,0
Nagpur,Nagpur,Gondia,Deori,Deori,20017028,Chichgad Palandur RR Retrofitting,Palandur,2216,1,0.00,0.00,0.00,0.00,0.00,0.00,0.00,0.00,0.00,0.00,0.00,0.00,0.00,0.00,25-Jul,26-Jul,27-Jul,28-Jul,29-Jul,30-Jul,31-Jul,25-Jul,26-Jul,27-Jul,28-Jul,29-Jul,30-Jul,31-Jul,7,7,0
Nagpur,Nagpur,Gondia,Deori,Deori,20017028,Chichgad Palandur RR Retrofitting,Singamdoh,700,1,0.00,0.00,0.00,0.00,0.00,0.00,0.00,0.00,0.00,0.00,0.00,0.00,0.00,0.00,25-Jul,26-Jul,27-Jul,28-Jul,29-Jul,30-Jul,31-Jul,25-Jul,26-Jul,27-Jul,28-Jul,29-Jul,30-Jul,31-Jul,7,7,0
Nagpur,Nagpur,Gondia,Deori,Deori,20017028,Chichgad Palandur RR Retrofitting,Sukali,400,1,0.00,0.00,0.00,0.00,0.00,0.00,0.00,0.00,0.00,0.00,0.00,0.00,0.00,0.00,25-Jul,26-Jul,27-Jul,28-Jul,29-Jul,30-Jul,31-Jul,25-Jul,26-Jul,27-Jul,28-Jul,29-Jul,30-Jul,31-Jul,7,7,0
Nagpur,Nagpur,Gondia,Deori,Deori,20017028,Chichgad Palandur RR Retrofitting,Tekri Magardoh Balapur,1800,3,0.00,0.00,0.00,0.00,0.00,0.00,0.00,0.00,0.00,0.00,0.00,0.00,0.00,0.00,25-Jul,26-Jul,27-Jul,28-Jul,29-Jul,30-Jul,31-Jul,25-Jul,26-Jul,27-Jul,28-Jul,29-Jul,30-Jul,31-Jul,7,7,0
Nagpur,Nagpur,Gondia,Gondia,Gondia,2003645,Kudwa-Katangikala Peri Urban RR,Katangikala,6640,2,1.95,1.27,0.37,0.30,3.02,2.69,3.50,29.34,19.07,5.56,4.55,45.52,40.46,52.71,25-Jul,26-Jul,27-Jul,28-Jul,29-Jul,30-Jul,31-Jul,25-Jul,26-Jul,27-Jul,28-Jul,29-Jul,30-Jul,31-Jul,0,7,0
Nagpur,Nagpur,Gondia,Gondia,Gondia,2003645,Kudwa-Katangikala Peri Urban RR,Kudwa,20000,3,0.00,570.54,0.00,0.00,0.00,0.00,0.00,0.00,2852.68,0.00,0.00,0.00,0.00,0.00,25-Jul,26-Jul,27-Jul,28-Jul,29-Jul,30-Jul,31-Jul,25-Jul,26-Jul,27-Jul,28-Jul,29-Jul,30-Jul,31-Jul,6,6,1
Nagpur,Nagpur,Gondia,Gondia,Goregaon,20019216,GOREGAON RR Retrofitting,Bhadanga,4016,1,0.82,0.17,1.79,1.97,1.52,1.51,2.33,20.32,4.36,44.49,49.00,37.74,37.52,58.00,25-Jul,26-Jul,27-Jul,28-Jul,29-Jul,30-Jul,31-Jul,25-Jul,26-Jul,27-Jul,28-Jul,29-Jul,30-Jul,31-Jul,0,6,1
Nagpur,Nagpur,Gondia,Gondia,Goregaon,20019216,GOREGAON RR Retrofitting,Ghoti,3931,1,0.23,0.00,0.00,0.09,0.00,0.00,0.93,5.87,0.00,0.00,2.37,0.00,0.00,23.68,25-Jul,26-Jul,27-Jul,28-Jul,29-Jul,30-Jul,31-Jul,25-Jul,26-Jul,27-Jul,28-Jul,29-Jul,30-Jul,31-Jul,4,7,0
Nagpur,Nagpur,Gondia,Gondia,Goregaon,20019216,GOREGAON RR Retrofitting,Goregaon,8766,3,1.25,0.91,1.75,1.21,1.79,1.75,3.00,14.27,10.33,19.99,13.76,20.41,19.97,34.24,25-Jul,26-Jul,27-Jul,28-Jul,29-Jul,30-Jul,31-Jul,25-Jul,26-Jul,27-Jul,28-Jul,29-Jul,30-Jul,31-Jul,0,7,0
Nagpur,Nagpur,Gondia,Gondia,Goregaon,20019216,GOREGAON RR Retrofitting,Katangi,2643,1,0.00,0.00,0.00,0.00,0.00,0.00,0.00,0.00,0.00,0.00,0.00,0.00,0.00,0.00,25-Jul,26-Jul,27-Jul,28-Jul,29-Jul,30-Jul,31-Jul,25-Jul,26-Jul,27-Jul,28-Jul,29-Jul,30-Jul,31-Jul,7,7,0
Nagpur,Nagpur,Gondia,Gondia,Goregaon,20019216,GOREGAON RR Retrofitting,Mengatola,1000,1,50.94,30.86,52.15,49.89,42.00,42.06,16.05,5093.72,3086.22,5215.23,4988.58,4199.97,4206.29,1605.04,25-Jul,26-Jul,27-Jul,28-Jul,29-Jul,30-Jul,31-Jul,25-Jul,26-Jul,27-Jul,28-Jul,29-Jul,30-Jul,31-Jul,0,0,7
Nagpur,Nagpur,Gondia,Sadak Arjuni,Sadak Arjuni,20016939,Putali RR WSS Retrofitting,Chirchadi,905,1,0.00,0.00,0.00,0.00,0.00,0.00,0.00,0.00,0.00,0.00,0.00,0.00,0.00,0.00,25-Jul,26-Jul,27-Jul,28-Jul,29-Jul,30-Jul,31-Jul,25-Jul,26-Jul,27-Jul,28-Jul,29-Jul,30-Jul,31-Jul,7,7,0
Nagpur,Nagpur,Gondia,Sadak Arjuni,Sadak Arjuni,20016939,Putali RR WSS Retrofitting,Dalli,1606,1,0.00,0.00,0.00,0.00,0.00,0.00,0.00,0.00,0.00,0.00,0.00,0.00,0.00,0.00,25-Jul,26-Jul,27-Jul,28-Jul,29-Jul,30-Jul,31-Jul,25-Jul,26-Jul,27-Jul,28-Jul,29-Jul,30-Jul,31-Jul,7,7,0
Nagpur,Nagpur,Gondia,Sadak Arjuni,Sadak Arjuni,20016939,Putali RR WSS Retrofitting,Kanharpayli,1487,1,0.00,0.00,0.00,0.00,0.00,0.00,0.00,0.00,0.00,0.00,0.00,0.00,0.00,0.00,25-Jul,26-Jul,27-Jul,28-Jul,29-Jul,30-Jul,31-Jul,25-Jul,26-Jul,27-Jul,28-Jul,29-Jul,30-Jul,31-Jul,7,7,0
Nagpur,Nagpur,Gondia,Sadak Arjuni,Sadak Arjuni,20016939,Putali RR WSS Retrofitting,Kohalipar,126,1,0.00,0.00,0.00,0.00,0.00,0.00,0.00,0.00,0.00,0.00,0.00,0.00,0.00,0.00,25-Jul,26-Jul,27-Jul,28-Jul,29-Jul,30-Jul,31-Jul,25-Jul,26-Jul,27-Jul,28-Jul,29-Jul,30-Jul,31-Jul,7,7,0
Nagpur,Nagpur,Gondia,Sadak Arjuni,Sadak Arjuni,20016939,Putali RR WSS Retrofitting,Koylari,1575,1,0.00,0.00,0.00,0.00,0.00,0.00,0.00,0.00,0.00,0.00,0.00,0.00,0.00,0.00,25-Jul,26-Jul,27-Jul,28-Jul,29-Jul,30-Jul,31-Jul,25-Jul,26-Jul,27-Jul,28-Jul,29-Jul,30-Jul,31-Jul,7,7,0
Nagpur,Nagpur,Gondia,Sadak Arjuni,Sadak Arjuni,20016939,Putali RR WSS Retrofitting,Mohgata,189,1,0.00,0.00,0.00,0.00,0.00,0.00,0.00,0.00,0.00,0.00,0.00,0.00,0.00,0.00,25-Jul,26-Jul,27-Jul,28-Jul,29-Jul,30-Jul,31-Jul,25-Jul,26-Jul,27-Jul,28-Jul,29-Jul,30-Jul,31-Jul,7,7,0
Nagpur,Nagpur,Gondia,Sadak Arjuni,Sadak Arjuni,20016939,Putali RR WSS Retrofitting,Rengepar,1581,1,0.26,0.00,0.00,0.00,0.00,0.00,0.00,16.25,0.00,0.00,0.00,0.00,0.00,0.00,25-Jul,26-Jul,27-Jul,28-Jul,29-Jul,30-Jul,31-Jul,25-Jul,26-Jul,27-Jul,28-Jul,29-Jul,30-Jul,31-Jul,6,7,0
Nagpur,Nagpur,Gondia,Sadak Arjuni,Sadak Arjuni,20016939,Putali RR WSS Retrofitting,Ushikheda,710,1,0.00,0.00,0.00,0.00,0.00,0.00,0.00,0.00,0.00,0.00,0.00,0.00,0.00,0.00,25-Jul,26-Jul,27-Jul,28-Jul,29-Jul,30-Jul,31-Jul,25-Jul,26-Jul,27-Jul,28-Jul,29-Jul,30-Jul,31-Jul,7,7,0
Nagpur,Nagpur,Gondia,Sakoli,Sakoli-Lakhani,20022100,Sakoli Lakhani RR Retrofitting,Gadegaon,3072,2,2.94,3.43,4.17,4.21,3.49,3.51,3.19,95.82,111.65,135.87,137.04,113.61,114.20,103.84,25-Jul,26-Jul,27-Jul,28-Jul,29-Jul,30-Jul,31-Jul,25-Jul,26-Jul,27-Jul,28-Jul,29-Jul,30-Jul,31-Jul,0,0,7
Nagpur,Nagpur,Gondia,Sakoli,Sakoli-Lakhani,20022100,Sakoli Lakhani RR Retrofitting,Gondsawari,946,1,0.00,0.00,0.00,0.00,0.00,0.00,0.00,0.00,0.00,0.00,0.00,0.00,0.00,0.00,25-Jul,26-Jul,27-Jul,28-Jul,29-Jul,30-Jul,31-Jul,25-Jul,26-Jul,27-Jul,28-Jul,29-Jul,30-Jul,31-Jul,7,7,0
Nagpur,Nagpur,Gondia,Sakoli,Sakoli-Lakhani,20022100,Sakoli Lakhani RR Retrofitting,Jambhai,1844,1,0.00,0.00,0.00,2.86,0.00,0.00,0.00,0.00,0.00,0.00,155.10,0.00,0.00,0.00,25-Jul,26-Jul,27-Jul,28-Jul,29-Jul,30-Jul,31-Jul,25-Jul,26-Jul,27-Jul,28-Jul,29-Jul,30-Jul,31-Jul,6,6,1
Nagpur,Nagpur,Gondia,Sakoli,Sakoli-Lakhani,20022100,Sakoli Lakhani RR Retrofitting,Khandala,1847,1,0.00,0.00,0.00,0.00,0.00,0.00,0.00,0.00,0.00,0.00,0.00,0.00,0.00,0.00,25-Jul,26-Jul,27-Jul,28-Jul,29-Jul,30-Jul,31-Jul,25-Jul,26-Jul,27-Jul,28-Jul,29-Jul,30-Jul,31-Jul,7,7,0
Nagpur,Nagpur,Gondia,Sakoli,Sakoli-Lakhani,20022100,Sakoli Lakhani RR Retrofitting,Lakhori,2751,1,0.00,0.00,0.00,0.00,0.00,0.00,0.00,0.00,0.00,0.00,0.00,0.00,0.00,0.00,25-Jul,26-Jul,27-Jul,28-Jul,29-Jul,30-Jul,31-Jul,25-Jul,26-Jul,27-Jul,28-Jul,29-Jul,30-Jul,31-Jul,7,7,0
Nagpur,Nagpur,Gondia,Sakoli,Sakoli-Lakhani,20022100,Sakoli Lakhani RR Retrofitting,Manegaon,,1,0.00,0.00,0.00,0.00,0.00,0.00,0.00,0.00,0.00,0.00,0.00,0.00,0.00,0.00,25-Jul,26-Jul,27-Jul,28-Jul,29-Jul,30-Jul,31-Jul,25-Jul,26-Jul,27-Jul,28-Jul,29-Jul,30-Jul,31-Jul,7,7,0
Nagpur,Nagpur,Gondia,Sakoli,Sakoli-Lakhani,20022100,Sakoli Lakhani RR Retrofitting,Pimpalgaon,,1,0.00,0.00,0.00,0.00,0.00,0.00,0.00,0.00,0.00,0.00,0.00,0.00,0.00,0.00,25-Jul,26-Jul,27-Jul,28-Jul,29-Jul,30-Jul,31-Jul,25-Jul,26-Jul,27-Jul,28-Jul,29-Jul,30-Jul,31-Jul,7,7,0
Nagpur,Nagpur,Gondia,Sakoli,Sakoli-Lakhani,20022100,Sakoli Lakhani RR Retrofitting,Pindkepar,1388,1,0.00,0.00,0.00,0.00,0.00,0.00,0.00,0.00,0.00,0.00,0.00,0.00,0.00,0.00,25-Jul,26-Jul,27-Jul,28-Jul,29-Jul,30-Jul,31-Jul,25-Jul,26-Jul,27-Jul,28-Jul,29-Jul,30-Jul,31-Jul,7,7,0
Nagpur,Nagpur,Gondia,Sakoli,Sakoli-Lakhani,20022100,Sakoli Lakhani RR Retrofitting,Pohara,5000,1,1.14,0.85,0.97,0.98,1.24,0.64,0.61,22.80,17.00,19.40,19.60,24.80,12.80,12.20,25-Jul,26-Jul,27-Jul,28-Jul,29-Jul,30-Jul,31-Jul,25-Jul,26-Jul,27-Jul,28-Jul,29-Jul,30-Jul,31-Jul,0,7,0
Nagpur,Nagpur,Gondia,Sakoli,Sakoli-Lakhani,20022100,Sakoli Lakhani RR Retrofitting,Rengepar,1581,1,1.07,1.16,1.03,0.93,0.92,1.03,0.92,67.78,73.37,65.15,58.82,58.19,65.15,58.19,25-Jul,26-Jul,27-Jul,28-Jul,29-Jul,30-Jul,31-Jul,25-Jul,26-Jul,27-Jul,28-Jul,29-Jul,30-Jul,31-Jul,0,0,7
Nagpur,Nagpur,Gondia,Sakoli,Sakoli-Lakhani,20022100,Sakoli Lakhani RR Retrofitting,Sawarbandh,1669,1,0.00,0.00,0.00,0.00,0.00,0.00,0.00,0.00,0.00,0.00,0.00,0.00,0.00,0.00,25-Jul,26-Jul,27-Jul,28-Jul,29-Jul,30-Jul,31-Jul,25-Jul,26-Jul,27-Jul,28-Jul,29-Jul,30-Jul,31-Jul,7,7,0
Nagpur,Nagpur,Gondia,Sakoli,Sakoli-Lakhani,20022100,Sakoli Lakhani RR Retrofitting,Sawari,4078,2,2.22,2.26,2.38,2.30,2.27,2.32,2.34,54.32,55.42,58.36,56.40,55.66,56.89,57.38,25-Jul,26-Jul,27-Jul,28-Jul,29-Jul,30-Jul,31-Jul,25-Jul,26-Jul,27-Jul,28-Jul,29-Jul,30-Jul,31-Jul,0,1,6
Nagpur,Nagpur,Gondia,Sakoli,Sakoli-Lakhani,20022100,Sakoli Lakhani RR Retrofitting,Sivanibandh,1504,1,0.00,0.00,0.00,0.00,1.53,0.00,0.00,0.00,0.00,0.00,0.00,101.73,0.00,0.00,25-Jul,26-Jul,27-Jul,28-Jul,29-Jul,30-Jul,31-Jul,25-Jul,26-Jul,27-Jul,28-Jul,29-Jul,30-Jul,31-Jul,6,6,1
Nagpur,Nagpur,Gondia,Sakoli,Sakoli-Lakhani,20022100,Sakoli Lakhani RR Retrofitting,Somalwada,2142,2,0.00,0.00,0.00,0.00,0.00,0.00,0.00,0.00,0.00,0.00,0.00,0.00,0.00,0.00,25-Jul,26-Jul,27-Jul,28-Jul,29-Jul,30-Jul,31-Jul,25-Jul,26-Jul,27-Jul,28-Jul,29-Jul,30-Jul,31-Jul,7,7,0
Nagpur,Nagpur,Nagpur,Chandrapur,Saoali,20036500,Vyahad & 2 Village RR WSS,Kondekhal,556,2,0.00,0.00,0.03,0.01,0.00,0.00,0.04,0.00,0.00,5.67,1.96,0.00,0.00,8.09,25-Jul,26-Jul,27-Jul,28-Jul,29-Jul,30-Jul,31-Jul,25-Jul,26-Jul,27-Jul,28-Jul,29-Jul,30-Jul,31-Jul,4,7,0
Nagpur,Nagpur,Nagpur,Chandrapur,Saoali,20036500,Vyahad & 2 Village RR WSS,Samada Kh,524,2,0.00,0.00,0.48,0.15,0.00,0.05,0.42,0.00,0.02,91.40,28.77,0.00,9.05,80.13,25-Jul,26-Jul,27-Jul,28-Jul,29-Jul,30-Jul,31-Jul,25-Jul,26-Jul,27-Jul,28-Jul,29-Jul,30-Jul,31-Jul,2,5,2
Nagpur,Nagpur,Nagpur,Chandrapur,Saoali,20036500,Vyahad & 2 Village RR WSS,Vyahad(BK),4572,1,0.00,0.00,0.00,0.00,0.00,0.00,0.00,0.00,0.00,0.00,0.00,0.00,0.00,0.00,25-Jul,26-Jul,27-Jul,28-Jul,29-Jul,30-Jul,31-Jul,25-Jul,26-Jul,27-Jul,28-Jul,29-Jul,30-Jul,31-Jul,7,7,0
Nagpur,Nagpur,Nagpur,Nagpur,Hingna,20009650,Waddhmna WSS,Nagalwadi,2564,1,0.00,0.00,0.00,5.84,2.22,14.89,9.65,0.00,0.00,0.00,227.77,86.58,580.73,376.37,25-Jul,26-Jul,27-Jul,28-Jul,29-Jul,30-Jul,31-Jul,25-Jul,26-Jul,27-Jul,28-Jul,29-Jul,30-Jul,31-Jul,3,3,4
Nagpur,Nagpur,Nagpur,Nagpur,Hingna,20009650,Waddhmna WSS,Waddhmna,5904,7,3.52,4.82,4.87,4.90,5.04,4.82,4.93,59.61,81.64,82.51,83.08,85.37,81.68,83.50,25-Jul,26-Jul,27-Jul,28-Jul,29-Jul,30-Jul,31-Jul,25-Jul,26-Jul,27-Jul,28-Jul,29-Jul,30-Jul,31-Jul,0,0,7
Nagpur,Nagpur,Nagpur,Nagpur,Kamptee,7940695,Bidgaon Tarodi wss,Bidgaon,16860,2,17.00,16.41,16.26,16.47,16.34,15.64,12.86,97.72,94.19,93.30,97.67,96.89,92.79,76.28,25-Jul,26-Jul,27-Jul,28-Jul,29-Jul,30-Jul,31-Jul,25-Jul,26-Jul,27-Jul,28-Jul,29-Jul,30-Jul,31-Jul,0,0,7
Nagpur,Nagpur,Nagpur,Nagpur,Kamptee,7940695,Bidgaon Tarodi wss,Tarodi Kh.,7830,2,0.16,0.11,0.14,0.23,0.11,0.10,0.12,2.01,1.42,1.82,2.97,1.39,1.24,1.59,25-Jul,26-Jul,27-Jul,28-Jul,29-Jul,30-Jul,31-Jul,25-Jul,26-Jul,27-Jul,28-Jul,29-Jul,30-Jul,31-Jul,0,7,0
Chhatrapati Sambhajinagar,Chhatrapati Sambhajinagar,Chhatrapati Sambhajinagar,Gangapur,Gangapur,20051233,373 Village Gangapur-Vaijapur Grid WSS,Babhulgaon Padalsa,1001,1,0.34,0.21,0.46,0.00,0.00,0.00,0.24,33.97,20.61,45.61,0.00,0.00,0.00,23.98,25-Jul,26-Jul,27-Jul,28-Jul,29-Jul,30-Jul,31-Jul,25-Jul,26-Jul,27-Jul,28-Jul,29-Jul,30-Jul,31-Jul,3,7,0
Chhatrapati Sambhajinagar,Chhatrapati Sambhajinagar,Chhatrapati Sambhajinagar,Gangapur,Gangapur,20051233,373 Village Gangapur-Vaijapur Grid WSS,Domegaon-Borgaon,1535,1,0.00,0.00,0.00,0.00,0.00,0.00,0.00,0.00,0.00,0.00,0.00,0.00,0.00,0.00,25-Jul,26-Jul,27-Jul,28-Jul,29-Jul,30-Jul,31-Jul,25-Jul,26-Jul,27-Jul,28-Jul,29-Jul,30-Jul,31-Jul,7,7,0
Chhatrapati Sambhajinagar,Chhatrapati Sambhajinagar,Chhatrapati Sambhajinagar,Gangapur,Gangapur,20051233,373 Village Gangapur-Vaijapur Grid WSS,Jogeshwari,13730,1,0.43,0.13,0.00,2.65,1.36,2.89,2.41,3.10,0.96,0.00,19.30,9.93,21.07,17.52,25-Jul,26-Jul,27-Jul,28-Jul,29-Jul,30-Jul,31-Jul,25-Jul,26-Jul,27-Jul,28-Jul,29-Jul,30-Jul,31-Jul,1,7,0
Chhatrapati Sambhajinagar,Chhatrapati Sambhajinagar,Chhatrapati Sambhajinagar,Gangapur,Gangapur,20051233,373 Village Gangapur-Vaijapur Grid WSS,Raipur,2196,1,0.00,0.00,0.00,0.00,0.00,0.00,0.00,0.00,0.00,0.00,0.00,0.00,0.00,0.00,25-Jul,26-Jul,27-Jul,28-Jul,29-Jul,30-Jul,31-Jul,25-Jul,26-Jul,27-Jul,28-Jul,29-Jul,30-Jul,31-Jul,7,7,0
Chhatrapati Sambhajinagar,Chhatrapati Sambhajinagar,Chhatrapati Sambhajinagar,Gangapur,Gangapur,20051233,373 Village Gangapur-Vaijapur Grid WSS,Ranjangaon (s),62282,1,0.00,0.00,0.10,0.00,0.00,1.76,0.00,0.00,0.00,0.16,0.00,0.00,2.83,0.00,25-Jul,26-Jul,27-Jul,28-Jul,29-Jul,30-Jul,31-Jul,25-Jul,26-Jul,27-Jul,28-Jul,29-Jul,30-Jul,31-Jul,5,7,0
Chhatrapati Sambhajinagar,Chhatrapati Sambhajinagar,Chhatrapati Sambhajinagar,Gangapur,Gangapur,20051233,373 Village Gangapur-Vaijapur Grid WSS,Sawangi,5491,1,0.00,0.00,0.00,0.00,0.00,0.00,0.00,0.00,0.00,0.00,0.00,0.00,0.00,0.00,25-Jul,26-Jul,27-Jul,28-Jul,29-Jul,30-Jul,31-Jul,25-Jul,26-Jul,27-Jul,28-Jul,29-Jul,30-Jul,31-Jul,7,7,0
Chhatrapati Sambhajinagar,Chhatrapati Sambhajinagar,Chhatrapati Sambhajinagar,Gangapur,Gangapur,20051233,373 Village Gangapur-Vaijapur Grid WSS,Shivrai,2706,1,0.17,0.00,0.30,0.25,0.31,0.30,0.29,6.29,0.00,11.09,9.24,11.46,11.09,10.72,25-Jul,26-Jul,27-Jul,28-Jul,29-Jul,30-Jul,31-Jul,25-Jul,26-Jul,27-Jul,28-Jul,29-Jul,30-Jul,31-Jul,1,7,0
Chhatrapati Sambhajinagar,Chhatrapati Sambhajinagar,Chhatrapati Sambhajinagar,Gangapur,Gangapur,20051233,373 Village Gangapur-Vaijapur Grid WSS,Warkhed,3343,1,0.39,0.00,0.45,0.11,0.00,0.71,0.80,11.74,0.00,13.46,3.29,0.00,21.24,23.93,25-Jul,26-Jul,27-Jul,28-Jul,29-Jul,30-Jul,31-Jul,25-Jul,26-Jul,27-Jul,28-Jul,29-Jul,30-Jul,31-Jul,2,7,0
Chhatrapati Sambhajinagar,Chhatrapati Sambhajinagar,Chhatrapati Sambhajinagar,Paithan,Paithan,20018162,Paithan Taluka 178 Village Grid WS,Akthawada,1508,1,0.73,2.26,0.58,0.44,2.98,0.46,0.40,48.12,149.87,38.46,29.18,197.61,30.50,26.53,25-Jul,26-Jul,27-Jul,28-Jul,29-Jul,30-Jul,31-Jul,25-Jul,26-Jul,27-Jul,28-Jul,29-Jul,30-Jul,31-Jul,0,5,2
Chhatrapati Sambhajinagar,Chhatrapati Sambhajinagar,Chhatrapati Sambhajinagar,Paithan,Paithan,20018162,Paithan Taluka 178 Village Grid WS,Antarwadi Khandi,2331,1,0.00,0.00,0.00,0.00,0.00,0.00,0.00,0.00,0.00,0.00,0.00,0.00,0.00,0.00,25-Jul,26-Jul,27-Jul,28-Jul,29-Jul,30-Jul,31-Jul,25-Jul,26-Jul,27-Jul,28-Jul,29-Jul,30-Jul,31-Jul,7,7,0
Chhatrapati Sambhajinagar,Chhatrapati Sambhajinagar,Chhatrapati Sambhajinagar,Paithan,Paithan,20018162,Paithan Taluka 178 Village Grid WS,Balanagar,5504,1,1.64,1.63,2.17,2.74,3.13,2.93,3.03,29.77,29.61,39.43,49.78,56.87,53.23,55.05,25-Jul,26-Jul,27-Jul,28-Jul,29-Jul,30-Jul,31-Jul,25-Jul,26-Jul,27-Jul,28-Jul,29-Jul,30-Jul,31-Jul,0,5,2
Chhatrapati Sambhajinagar,Chhatrapati Sambhajinagar,Chhatrapati Sambhajinagar,Paithan,Paithan,20018162,Paithan Taluka 178 Village Grid WS,Changatpuri,3387,1,0.00,0.00,0.00,0.00,0.00,0.00,0.00,0.00,0.00,0.00,0.00,0.00,0.00,0.00,25-Jul,26-Jul,27-Jul,28-Jul,29-Jul,30-Jul,31-Jul,25-Jul,26-Jul,27-Jul,28-Jul,29-Jul,30-Jul,31-Jul,7,7,0
Chhatrapati Sambhajinagar,Chhatrapati Sambhajinagar,Chhatrapati Sambhajinagar,Paithan,Paithan,20018162,Paithan Taluka 178 Village Grid WS,Dadegaon Bk.,1144,2,0.14,0.00,0.00,0.00,0.52,0.23,0.24,12.39,0.00,0.00,0.00,45.45,20.10,20.98,25-Jul,26-Jul,27-Jul,28-Jul,29-Jul,30-Jul,31-Jul,25-Jul,26-Jul,27-Jul,28-Jul,29-Jul,30-Jul,31-Jul,3,7,0
Chhatrapati Sambhajinagar,Chhatrapati Sambhajinagar,Chhatrapati Sambhajinagar,Paithan,Paithan,20018162,Paithan Taluka 178 Village Grid WS,Dadegaon Jahagir,1400,1,4.40,0.00,0.00,0.65,2.10,0.00,15.81,314.09,0.00,0.00,46.43,150.00,0.00,1129.29,25-Jul,26-Jul,27-Jul,28-Jul,29-Jul,30-Jul,31-Jul,25-Jul,26-Jul,27-Jul,28-Jul,29-Jul,30-Jul,31-Jul,3,4,3
Chhatrapati Sambhajinagar,Chhatrapati Sambhajinagar,Chhatrapati Sambhajinagar,Paithan,Paithan,20018162,Paithan Taluka 178 Village Grid WS,Daregaon,992,1,0.00,0.00,0.00,0.00,0.00,0.00,0.00,0.00,0.00,0.00,0.00,0.00,0.00,0.00,25-Jul,26-Jul,27-Jul,28-Jul,29-Jul,30-Jul,31-Jul,25-Jul,26-Jul,27-Jul,28-Jul,29-Jul,30-Jul,31-Jul,7,7,0
Chhatrapati Sambhajinagar,Chhatrapati Sambhajinagar,Chhatrapati Sambhajinagar,Paithan,Paithan,20018162,Paithan Taluka 178 Village Grid WS,Dhorkin,3816,1,0.00,0.01,0.00,0.00,0.00,0.44,0.01,0.00,0.26,0.00,0.00,0.00,11.53,0.26,25-Jul,26-Jul,27-Jul,28-Jul,29-Jul,30-Jul,31-Jul,25-Jul,26-Jul,27-Jul,28-Jul,29-Jul,30-Jul,31-Jul,4,7,0
Chhatrapati Sambhajinagar,Chhatrapati Sambhajinagar,Chhatrapati Sambhajinagar,Paithan,Paithan,20018162,Paithan Taluka 178 Village Grid WS,Dinnapur,900,1,0.26,0.36,0.98,1.00,0.45,0.65,0.65,28.38,40.00,108.89,111.11,50.00,72.22,72.22,25-Jul,26-Jul,27-Jul,28-Jul,29-Jul,30-Jul,31-Jul,25-Jul,26-Jul,27-Jul,28-Jul,29-Jul,30-Jul,31-Jul,0,3,4
Chhatrapati Sambhajinagar,Chhatrapati Sambhajinagar,Chhatrapati Sambhajinagar,Paithan,Paithan,20018162,Paithan Taluka 178 Village Grid WS,Dongaon,0,1,0.00,0.00,0.00,0.00,0.00,0.00,0.00,0.00,0.00,0.00,0.00,0.00,0.00,0.00,25-Jul,26-Jul,27-Jul,28-Jul,29-Jul,30-Jul,31-Jul,25-Jul,26-Jul,27-Jul,28-Jul,29-Jul,30-Jul,31-Jul,7,7,0
Chhatrapati Sambhajinagar,Chhatrapati Sambhajinagar,Chhatrapati Sambhajinagar,Paithan,Paithan,20018162,Paithan Taluka 178 Village Grid WS,Geora Bashi,0,1,0.00,0.00,0.00,0.00,0.00,0.00,0.00,0.00,0.00,0.00,0.00,0.00,0.00,0.00,25-Jul,26-Jul,27-Jul,28-Jul,29-Jul,30-Jul,31-Jul,25-Jul,26-Jul,27-Jul,28-Jul,29-Jul,30-Jul,31-Jul,7,7,0
Chhatrapati Sambhajinagar,Chhatrapati Sambhajinagar,Chhatrapati Sambhajinagar,Paithan,Paithan,20018162,Paithan Taluka 178 Village Grid WS,Geora BK.,0,1,0.00,0.00,0.00,0.00,0.00,0.00,0.00,0.00,0.00,0.00,0.00,0.00,0.00,0.00,25-Jul,26-Jul,27-Jul,28-Jul,29-Jul,30-Jul,31-Jul,25-Jul,26-Jul,27-Jul,28-Jul,29-Jul,30-Jul,31-Jul,7,7,0
Chhatrapati Sambhajinagar,Chhatrapati Sambhajinagar,Chhatrapati Sambhajinagar,Paithan,Paithan,20018162,Paithan Taluka 178 Village Grid WS,Geora Kh.,0,1,0.00,0.00,0.00,0.00,0.00,0.00,0.00,0.00,0.00,0.00,0.00,0.00,0.00,0.00,25-Jul,26-Jul,27-Jul,28-Jul,29-Jul,30-Jul,31-Jul,25-Jul,26-Jul,27-Jul,28-Jul,29-Jul,30-Jul,31-Jul,7,7,0
Chhatrapati Sambhajinagar,Chhatrapati Sambhajinagar,Chhatrapati Sambhajinagar,Paithan,Paithan,20018162,Paithan Taluka 178 Village Grid WS,Gidhada,564,1,0.00,0.00,0.00,0.00,0.00,0.00,0.00,0.00,0.00,0.00,0.00,0.00,0.00,0.00,25-Jul,26-Jul,27-Jul,28-Jul,29-Jul,30-Jul,31-Jul,25-Jul,26-Jul,27-Jul,28-Jul,29-Jul,30-Jul,31-Jul,7,7,0
Chhatrapati Sambhajinagar,Chhatrapati Sambhajinagar,Chhatrapati Sambhajinagar,Paithan,Paithan,20018162,Paithan Taluka 178 Village Grid WS,Harshi Bk.,0,1,0.00,0.00,0.00,0.00,0.00,0.00,0.00,0.00,0.00,0.00,0.00,0.00,0.00,0.00,25-Jul,26-Jul,27-Jul,28-Jul,29-Jul,30-Jul,31-Jul,25-Jul,26-Jul,27-Jul,28-Jul,29-Jul,30-Jul,31-Jul,7,7,0
Chhatrapati Sambhajinagar,Chhatrapati Sambhajinagar,Chhatrapati Sambhajinagar,Paithan,Paithan,20018162,Paithan Taluka 178 Village Grid WS,Hiradpuri,1372,1,0.00,0.00,0.00,0.00,0.00,0.00,0.00,0.00,0.00,0.00,0.00,0.00,0.00,0.00,25-Jul,26-Jul,27-Jul,28-Jul,29-Jul,30-Jul,31-Jul,25-Jul,26-Jul,27-Jul,28-Jul,29-Jul,30-Jul,31-Jul,7,7,0
Chhatrapati Sambhajinagar,Chhatrapati Sambhajinagar,Chhatrapati Sambhajinagar,Paithan,Paithan,20018162,Paithan Taluka 178 Village Grid WS,Honobachi wadi,783,1,0.00,0.00,0.00,0.00,0.00,0.00,0.00,0.00,0.00,0.00,0.00,0.00,0.00,0.00,25-Jul,26-Jul,27-Jul,28-Jul,29-Jul,30-Jul,31-Jul,25-Jul,26-Jul,27-Jul,28-Jul,29-Jul,30-Jul,31-Jul,7,7,0
Chhatrapati Sambhajinagar,Chhatrapati Sambhajinagar,Chhatrapati Sambhajinagar,Paithan,Paithan,20018162,Paithan Taluka 178 Village Grid WS,kapuswadi,0,1,0.00,0.00,0.00,0.00,0.00,0.00,0.00,0.00,0.00,0.00,0.00,0.00,0.00,0.00,25-Jul,26-Jul,27-Jul,28-Jul,29-Jul,30-Jul,31-Jul,25-Jul,26-Jul,27-Jul,28-Jul,29-Jul,30-Jul,31-Jul,7,7,0
Chhatrapati Sambhajinagar,Chhatrapati Sambhajinagar,Chhatrapati Sambhajinagar,Paithan,Paithan,20018162,Paithan Taluka 178 Village Grid WS,Karkin,2680,1,0.50,0.75,0.92,0.82,0.82,0.00,0.77,18.82,27.99,34.33,30.60,30.60,0.00,28.73,25-Jul,26-Jul,27-Jul,28-Jul,29-Jul,30-Jul,31-Jul,25-Jul,26-Jul,27-Jul,28-Jul,29-Jul,30-Jul,31-Jul,1,7,0
Chhatrapati Sambhajinagar,Chhatrapati Sambhajinagar,Chhatrapati Sambhajinagar,Paithan,Paithan,20018162,Paithan Taluka 178 Village Grid WS,Khadgaon,1936,1,0.00,0.00,0.00,0.00,0.00,0.00,0.00,0.00,0.00,0.00,0.00,0.00,0.00,0.00,25-Jul,26-Jul,27-Jul,28-Jul,29-Jul,30-Jul,31-Jul,25-Jul,26-Jul,27-Jul,28-Jul,29-Jul,30-Jul,31-Jul,7,7,0
Chhatrapati Sambhajinagar,Chhatrapati Sambhajinagar,Chhatrapati Sambhajinagar,Paithan,Paithan,20018162,Paithan Taluka 178 Village Grid WS,Khandewadi,0,1,0.03,0.02,0.08,0.00,0.00,0.00,0.00,0.00,0.00,0.00,0.00,0.00,0.00,0.00,25-Jul,26-Jul,27-Jul,28-Jul,29-Jul,30-Jul,31-Jul,25-Jul,26-Jul,27-Jul,28-Jul,29-Jul,30-Jul,31-Jul,7,7,0
Chhatrapati Sambhajinagar,Chhatrapati Sambhajinagar,Chhatrapati Sambhajinagar,Paithan,Paithan,20018162,Paithan Taluka 178 Village Grid WS,Koli Bodkha,3700,1,0.00,0.00,0.00,0.00,0.00,0.00,0.00,0.00,0.00,0.00,0.00,0.00,0.00,0.00,25-Jul,26-Jul,27-Jul,28-Jul,29-Jul,30-Jul,31-Jul,25-Jul,26-Jul,27-Jul,28-Jul,29-Jul,30-Jul,31-Jul,7,7,0
Chhatrapati Sambhajinagar,Chhatrapati Sambhajinagar,Chhatrapati Sambhajinagar,Paithan,Paithan,20018162,Paithan Taluka 178 Village Grid WS,Kuranpimpri,720,1,0.10,0.00,0.52,1.09,0.50,0.55,0.60,14.22,0.00,72.22,151.39,69.44,76.39,83.33,25-Jul,26-Jul,27-Jul,28-Jul,29-Jul,30-Jul,31-Jul,25-Jul,26-Jul,27-Jul,28-Jul,29-Jul,30-Jul,31-Jul,1,2,5
Chhatrapati Sambhajinagar,Chhatrapati Sambhajinagar,Chhatrapati Sambhajinagar,Paithan,Paithan,20018162,Paithan Taluka 178 Village Grid WS,Kutub Kheda,792,1,0.00,0.00,0.00,0.00,0.00,0.00,0.00,0.00,0.00,0.00,0.00,0.00,0.00,0.00,25-Jul,26-Jul,27-Jul,28-Jul,29-Jul,30-Jul,31-Jul,25-Jul,26-Jul,27-Jul,28-Jul,29-Jul,30-Jul,31-Jul,7,7,0
Chhatrapati Sambhajinagar,Chhatrapati Sambhajinagar,Chhatrapati Sambhajinagar,Paithan,Paithan,20018162,Paithan Taluka 178 Village Grid WS,Lakhegaon,988,1,0.16,0.81,0.00,0.48,0.58,0.31,0.30,16.09,81.98,0.00,48.58,58.70,31.38,30.36,25-Jul,26-Jul,27-Jul,28-Jul,29-Jul,30-Jul,31-Jul,25-Jul,26-Jul,27-Jul,28-Jul,29-Jul,30-Jul,31-Jul,1,5,2
Chhatrapati Sambhajinagar,Chhatrapati Sambhajinagar,Chhatrapati Sambhajinagar,Paithan,Paithan,20018162,Paithan Taluka 178 Village Grid WS,Mavasgavhan,588,1,2.56,2.13,0.73,3.97,1.06,0.34,1.77,435.92,362.24,124.15,675.17,180.27,57.82,301.02,25-Jul,26-Jul,27-Jul,28-Jul,29-Jul,30-Jul,31-Jul,25-Jul,26-Jul,27-Jul,28-Jul,29-Jul,30-Jul,31-Jul,0,0,7
Chhatrapati Sambhajinagar,Chhatrapati Sambhajinagar,Chhatrapati Sambhajinagar,Paithan,Paithan,20018162,Paithan Taluka 178 Village Grid WS,Mharola,2169,1,0.01,0.01,0.00,0.01,0.01,0.06,0.30,0.46,0.46,0.00,0.46,0.46,2.77,13.83,25-Jul,26-Jul,27-Jul,28-Jul,29-Jul,30-Jul,31-Jul,25-Jul,26-Jul,27-Jul,28-Jul,29-Jul,30-Jul,31-Jul,1,7,0
Chhatrapati Sambhajinagar,Chhatrapati Sambhajinagar,Chhatrapati Sambhajinagar,Paithan,Paithan,20018162,Paithan Taluka 178 Village Grid WS,Nandar,3360,1,25.57,69.09,55.47,73.97,60.66,64.74,73.03,760.99,2056.25,1650.97,2201.53,1805.39,1926.79,2173.63,25-Jul,26-Jul,27-Jul,28-Jul,29-Jul,30-Jul,31-Jul,25-Jul,26-Jul,27-Jul,28-Jul,29-Jul,30-Jul,31-Jul,0,0,7
Chhatrapati Sambhajinagar,Chhatrapati Sambhajinagar,Chhatrapati Sambhajinagar,Paithan,Paithan,20018162,Paithan Taluka 178 Village Grid WS,Narayangaon,1272,1,1.09,1.61,1.47,1.49,1.56,1.75,1.50,85.33,126.57,115.57,117.14,122.64,137.58,117.92,25-Jul,26-Jul,27-Jul,28-Jul,29-Jul,30-Jul,31-Jul,25-Jul,26-Jul,27-Jul,28-Jul,29-Jul,30-Jul,31-Jul,0,0,7
Chhatrapati Sambhajinagar,Chhatrapati Sambhajinagar,Chhatrapati Sambhajinagar,Paithan,Paithan,20018162,Paithan Taluka 178 Village Grid WS,Paithan Kheda,1788,1,0.00,0.00,0.00,0.00,0.00,0.00,0.00,0.00,0.00,0.00,0.00,0.00,0.00,0.00,25-Jul,26-Jul,27-Jul,28-Jul,29-Jul,30-Jul,31-Jul,25-Jul,26-Jul,27-Jul,28-Jul,29-Jul,30-Jul,31-Jul,7,7,0
Chhatrapati Sambhajinagar,Chhatrapati Sambhajinagar,Chhatrapati Sambhajinagar,Paithan,Paithan,20018162,Paithan Taluka 178 Village Grid WS,Pangara,0,1,0.00,0.00,0.00,0.00,0.00,0.00,0.00,0.00,0.00,0.00,0.00,0.00,0.00,0.00,25-Jul,26-Jul,27-Jul,28-Jul,29-Jul,30-Jul,31-Jul,25-Jul,26-Jul,27-Jul,28-Jul,29-Jul,30-Jul,31-Jul,7,7,0
Chhatrapati Sambhajinagar,Chhatrapati Sambhajinagar,Chhatrapati Sambhajinagar,Paithan,Paithan,20018162,Paithan Taluka 178 Village Grid WS,Rajapur,1108,1,0.00,0.00,0.00,0.00,0.00,0.00,0.00,0.00,0.00,0.00,0.00,0.00,0.00,0.00,25-Jul,26-Jul,27-Jul,28-Jul,29-Jul,30-Jul,31-Jul,25-Jul,26-Jul,27-Jul,28-Jul,29-Jul,30-Jul,31-Jul,7,7,0
Chhatrapati Sambhajinagar,Chhatrapati Sambhajinagar,Chhatrapati Sambhajinagar,Paithan,Paithan,20018162,Paithan Taluka 178 Village Grid WS,Shekta,0,1,0.00,0.00,0.00,0.00,0.00,0.00,0.00,0.00,0.00,0.00,0.00,0.00,0.00,0.00,25-Jul,26-Jul,27-Jul,28-Jul,29-Jul,30-Jul,31-Jul,25-Jul,26-Jul,27-Jul,28-Jul,29-Jul,30-Jul,31-Jul,7,7,0
Chhatrapati Sambhajinagar,Chhatrapati Sambhajinagar,Chhatrapati Sambhajinagar,Paithan,Paithan,20018162,Paithan Taluka 178 Village Grid WS,Shivani,440,1,0.00,0.00,1.39,0.00,0.00,0.00,1.35,0.00,0.00,315.91,0.00,0.00,0.00,306.82,25-Jul,26-Jul,27-Jul,28-Jul,29-Jul,30-Jul,31-Jul,25-Jul,26-Jul,27-Jul,28-Jul,29-Jul,30-Jul,31-Jul,5,5,2
Chhatrapati Sambhajinagar,Chhatrapati Sambhajinagar,Chhatrapati Sambhajinagar,Paithan,Paithan,20018162,Paithan Taluka 178 Village Grid WS,Somapuri,0,1,0.00,0.00,0.00,0.00,0.00,0.00,0.00,0.00,0.00,0.00,0.00,0.00,0.00,0.00,25-Jul,26-Jul,27-Jul,28-Jul,29-Jul,30-Jul,31-Jul,25-Jul,26-Jul,27-Jul,28-Jul,29-Jul,30-Jul,31-Jul,7,7,0
Chhatrapati Sambhajinagar,Chhatrapati Sambhajinagar,Chhatrapati Sambhajinagar,Paithan,Paithan,20018162,Paithan Taluka 178 Village Grid WS,Takli Paithan,0,1,0.39,0.57,0.65,0.72,0.69,0.73,0.69,0.00,0.00,0.00,0.00,0.00,0.00,0.00,25-Jul,26-Jul,27-Jul,28-Jul,29-Jul,30-Jul,31-Jul,25-Jul,26-Jul,27-Jul,28-Jul,29-Jul,30-Jul,31-Jul,7,7,0
Chhatrapati Sambhajinagar,Chhatrapati Sambhajinagar,Chhatrapati Sambhajinagar,Paithan,Paithan,20018162,Paithan Taluka 178 Village Grid WS,Tanda Kh.,0,1,0.00,0.00,0.00,0.00,0.00,0.00,0.00,0.00,0.00,0.00,0.00,0.00,0.00,0.00,25-Jul,26-Jul,27-Jul,28-Jul,29-Jul,30-Jul,31-Jul,25-Jul,26-Jul,27-Jul,28-Jul,29-Jul,30-Jul,31-Jul,7,7,0
Chhatrapati Sambhajinagar,Chhatrapati Sambhajinagar,Chhatrapati Sambhajinagar,Paithan,Paithan,20018162,Paithan Taluka 178 Village Grid WS,Thergaon,1020,1,2.80,2.48,2.47,3.69,4.18,4.31,3.09,274.81,243.14,242.16,361.76,409.81,422.55,302.94,25-Jul,26-Jul,27-Jul,28-Jul,29-Jul,30-Jul,31-Jul,25-Jul,26-Jul,27-Jul,28-Jul,29-Jul,30-Jul,31-Jul,0,0,7
Chhatrapati Sambhajinagar,Chhatrapati Sambhajinagar,Chhatrapati Sambhajinagar,Paithan,Paithan,20018162,Paithan Taluka 178 Village Grid WS,Tondoli,0,1,0.00,0.00,0.00,31.47,0.00,23.35,13.91,0.00,0.00,0.00,0.00,0.00,0.00,0.00,25-Jul,26-Jul,27-Jul,28-Jul,29-Jul,30-Jul,31-Jul,25-Jul,26-Jul,27-Jul,28-Jul,29-Jul,30-Jul,31-Jul,7,7,0
Chhatrapati Sambhajinagar,Chhatrapati Sambhajinagar,Chhatrapati Sambhajinagar,Paithan,Paithan,20018162,Paithan Taluka 178 Village Grid WS,Tupewadi,1240,1,0.00,0.00,0.00,0.00,0.00,0.00,0.00,0.00,0.00,0.00,0.00,0.00,0.00,0.00,25-Jul,26-Jul,27-Jul,28-Jul,29-Jul,30-Jul,31-Jul,25-Jul,26-Jul,27-Jul,28-Jul,29-Jul,30-Jul,31-Jul,7,7,0
Chhatrapati Sambhajinagar,Chhatrapati Sambhajinagar,Chhatrapati Sambhajinagar,Paithan,Paithan,20018162,Paithan Taluka 178 Village Grid WS,Vihamandwa,6440,1,0.00,3.58,3.35,0.00,0.00,0.16,1.71,0.00,55.59,52.02,0.00,0.00,2.48,26.55,25-Jul,26-Jul,27-Jul,28-Jul,29-Jul,30-Jul,31-Jul,25-Jul,26-Jul,27-Jul,28-Jul,29-Jul,30-Jul,31-Jul,3,6,1
Chhatrapati Sambhajinagar,Chhatrapati Sambhajinagar,Chhatrapati Sambhajinagar,Paithan,Paithan,20018162,Paithan Taluka 178 Village Grid WS,Warundi Bk.,2125,1,0.01,0.00,0.00,0.01,0.00,0.02,0.00,0.51,0.00,0.00,0.47,0.00,0.94,0.00,25-Jul,26-Jul,27-Jul,28-Jul,29-Jul,30-Jul,31-Jul,25-Jul,26-Jul,27-Jul,28-Jul,29-Jul,30-Jul,31-Jul,4,7,0
Chhatrapati Sambhajinagar,Chhatrapati Sambhajinagar,Chhatrapati Sambhajinagar,Paithan,Paithan,20018162,Paithan Taluka 178 Village Grid WS,Warwandi Kh.,800,1,0.00,0.00,0.00,0.63,0.47,0.00,0.79,0.00,0.00,0.00,78.75,58.75,0.00,98.75,25-Jul,26-Jul,27-Jul,28-Jul,29-Jul,30-Jul,31-Jul,25-Jul,26-Jul,27-Jul,28-Jul,29-Jul,30-Jul,31-Jul,4,4,3
Chhatrapati Sambhajinagar,Chhatrapati Sambhajinagar,Chhatrapati Sambhajinagar,Paithan,Paithan,20018162,Paithan Taluka 178 Village Grid WS,Wawa,460,1,0.00,0.00,0.39,0.34,0.00,0.35,2.06,0.00,0.00,84.78,73.91,0.00,76.09,447.83,25-Jul,26-Jul,27-Jul,28-Jul,29-Jul,30-Jul,31-Jul,25-Jul,26-Jul,27-Jul,28-Jul,29-Jul,30-Jul,31-Jul,3,3,4
Chhatrapati Sambhajinagar,Chhatrapati Sambhajinagar,Chhatrapati Sambhajinagar,Sillod,Sillod,20017395,Shirsala & 4 Village,Janjala,1088,1,0.94,0.78,0.36,0.61,0.00,0.64,0.00,86.49,71.69,33.09,56.07,0.00,58.82,0.00,25-Jul,26-Jul,27-Jul,28-Jul,29-Jul,30-Jul,31-Jul,25-Jul,26-Jul,27-Jul,28-Jul,29-Jul,30-Jul,31-Jul,2,3,4
Chhatrapati Sambhajinagar,Chhatrapati Sambhajinagar,Chhatrapati Sambhajinagar,Sillod,Sillod,20017395,Shirsala & 4 Village,Nanegaon,2284,3,0.46,0.00,0.00,0.80,1.16,0.00,0.00,20.00,0.00,0.00,35.03,50.64,0.00,0.00,25-Jul,26-Jul,27-Jul,28-Jul,29-Jul,30-Jul,31-Jul,25-Jul,26-Jul,27-Jul,28-Jul,29-Jul,30-Jul,31-Jul,4,7,0
Chhatrapati Sambhajinagar,Chhatrapati Sambhajinagar,Chhatrapati Sambhajinagar,Sillod,Sillod,20017395,Shirsala & 4 Village,Pangri,1472,1,0.98,1.90,0.99,1.27,1.38,1.36,0.29,66.58,129.08,67.26,86.28,93.75,92.39,19.70,25-Jul,26-Jul,27-Jul,28-Jul,29-Jul,30-Jul,31-Jul,25-Jul,26-Jul,27-Jul,28-Jul,29-Jul,30-Jul,31-Jul,0,1,6
Chhatrapati Sambhajinagar,Chhatrapati Sambhajinagar,Chhatrapati Sambhajinagar,Sillod,Sillod,20017395,Shirsala & 4 Village,Sirsala,996,1,0.49,0.29,0.07,0.57,0.00,0.56,0.00,49.60,29.12,7.03,57.23,0.00,56.22,0.00,25-Jul,26-Jul,27-Jul,28-Jul,29-Jul,30-Jul,31-Jul,25-Jul,26-Jul,27-Jul,28-Jul,29-Jul,30-Jul,31-Jul,2,5,2
Chhatrapati Sambhajinagar,Chhatrapati Sambhajinagar,Chhatrapati Sambhajinagar,Sillod,Sillod,20017395,Shirsala & 4 Village,Sirsala Tanda,1032,1,0.00,0.00,0.00,0.00,0.00,0.00,0.28,0.00,0.00,0.00,0.00,0.00,0.00,27.13,25-Jul,26-Jul,27-Jul,28-Jul,29-Jul,30-Jul,31-Jul,25-Jul,26-Jul,27-Jul,28-Jul,29-Jul,30-Jul,31-Jul,6,7,0
Chhatrapati Sambhajinagar,Chhatrapati Sambhajinagar,Chhatrapati Sambhajinagar,Vaijapur,Vaijapur,20051233,373 Village Gangapur-Vaijapur Grid WSS,Agar Saigaon,1601,1,2.56,0.00,0.00,50.51,21.35,18.30,49.79,160.06,0.00,0.00,3154.90,1333.54,1143.04,3109.93,25-Jul,26-Jul,27-Jul,28-Jul,29-Jul,30-Jul,31-Jul,25-Jul,26-Jul,27-Jul,28-Jul,29-Jul,30-Jul,31-Jul,2,2,5
Chhatrapati Sambhajinagar,Chhatrapati Sambhajinagar,Chhatrapati Sambhajinagar,Vaijapur,Vaijapur,20051233,373 Village Gangapur-Vaijapur Grid WSS,Aghur,3999,1,1.45,1.11,1.47,1.23,1.55,1.12,1.53,36.29,27.76,36.76,30.76,38.76,28.01,38.26,25-Jul,26-Jul,27-Jul,28-Jul,29-Jul,30-Jul,31-Jul,25-Jul,26-Jul,27-Jul,28-Jul,29-Jul,30-Jul,31-Jul,0,7,0
Chhatrapati Sambhajinagar,Chhatrapati Sambhajinagar,Chhatrapati Sambhajinagar,Vaijapur,Vaijapur,20051233,373 Village Gangapur-Vaijapur Grid WSS,Babhulgaon Bk.,2964,1,0.18,0.36,0.26,0.00,0.67,0.66,0.00,5.95,12.15,8.77,0.00,22.60,22.27,0.00,25-Jul,26-Jul,27-Jul,28-Jul,29-Jul,30-Jul,31-Jul,25-Jul,26-Jul,27-Jul,28-Jul,29-Jul,30-Jul,31-Jul,2,7,0
Chhatrapati Sambhajinagar,Chhatrapati Sambhajinagar,Chhatrapati Sambhajinagar,Vaijapur,Vaijapur,20051233,373 Village Gangapur-Vaijapur Grid WSS,Babhulgaon Kh,1976,1,0.00,0.00,0.00,0.00,0.00,0.00,0.00,0.00,0.00,0.00,0.00,0.00,0.00,0.00,25-Jul,26-Jul,27-Jul,28-Jul,29-Jul,30-Jul,31-Jul,25-Jul,26-Jul,27-Jul,28-Jul,29-Jul,30-Jul,31-Jul,7,7,0
Chhatrapati Sambhajinagar,Chhatrapati Sambhajinagar,Chhatrapati Sambhajinagar,Vaijapur,Vaijapur,20051233,373 Village Gangapur-Vaijapur Grid WSS,Babhultel,1532,1,0.00,0.00,0.00,0.00,0.00,0.00,0.00,0.00,0.00,0.00,0.00,0.00,0.00,0.00,25-Jul,26-Jul,27-Jul,28-Jul,29-Jul,30-Jul,31-Jul,25-Jul,26-Jul,27-Jul,28-Jul,29-Jul,30-Jul,31-Jul,7,7,0
Chhatrapati Sambhajinagar,Chhatrapati Sambhajinagar,Chhatrapati Sambhajinagar,Vaijapur,Vaijapur,20051233,373 Village Gangapur-Vaijapur Grid WSS,Belgaon,2403,1,0.00,0.00,0.00,0.00,0.00,0.00,0.00,0.00,0.00,0.00,0.00,0.00,0.00,0.00,25-Jul,26-Jul,27-Jul,28-Jul,29-Jul,30-Jul,31-Jul,25-Jul,26-Jul,27-Jul,28-Jul,29-Jul,30-Jul,31-Jul,7,7,0
Chhatrapati Sambhajinagar,Chhatrapati Sambhajinagar,Chhatrapati Sambhajinagar,Vaijapur,Vaijapur,20051233,373 Village Gangapur-Vaijapur Grid WSS,Bhaggaon,2023,1,0.00,0.00,0.00,0.00,0.00,0.00,0.00,0.00,0.00,0.00,0.00,0.00,0.00,0.00,25-Jul,26-Jul,27-Jul,28-Jul,29-Jul,30-Jul,31-Jul,25-Jul,26-Jul,27-Jul,28-Jul,29-Jul,30-Jul,31-Jul,7,7,0
Chhatrapati Sambhajinagar,Chhatrapati Sambhajinagar,Chhatrapati Sambhajinagar,Vaijapur,Vaijapur,20051233,373 Village Gangapur-Vaijapur Grid WSS,Bhaigaon Ganga,1373,1,0.00,0.00,0.00,0.00,0.00,0.00,0.00,0.00,0.00,0.00,0.00,0.00,0.00,0.00,25-Jul,26-Jul,27-Jul,28-Jul,29-Jul,30-Jul,31-Jul,25-Jul,26-Jul,27-Jul,28-Jul,29-Jul,30-Jul,31-Jul,7,7,0
Chhatrapati Sambhajinagar,Chhatrapati Sambhajinagar,Chhatrapati Sambhajinagar,Vaijapur,Vaijapur,20051233,373 Village Gangapur-Vaijapur Grid WSS,Bhivgaon,2871,1,0.00,0.00,0.00,0.00,0.00,0.00,0.00,0.00,0.00,0.00,0.00,0.00,0.00,0.00,25-Jul,26-Jul,27-Jul,28-Jul,29-Jul,30-Jul,31-Jul,25-Jul,26-Jul,27-Jul,28-Jul,29-Jul,30-Jul,31-Jul,7,7,0
Chhatrapati Sambhajinagar,Chhatrapati Sambhajinagar,Chhatrapati Sambhajinagar,Vaijapur,Vaijapur,20051233,373 Village Gangapur-Vaijapur Grid WSS,Chorwaghalgaon,3313,1,0.10,0.47,0.22,0.39,0.19,0.34,0.00,2.91,14.19,6.64,11.77,5.73,10.26,0.00,25-Jul,26-Jul,27-Jul,28-Jul,29-Jul,30-Jul,31-Jul,25-Jul,26-Jul,27-Jul,28-Jul,29-Jul,30-Jul,31-Jul,1,7,0
Chhatrapati Sambhajinagar,Chhatrapati Sambhajinagar,Chhatrapati Sambhajinagar,Vaijapur,Vaijapur,20051233,373 Village Gangapur-Vaijapur Grid WSS,Dawala,1483,1,0.24,0.44,0.43,0.00,0.32,0.21,0.33,16.06,29.67,29.00,0.00,21.58,14.16,22.25,25-Jul,26-Jul,27-Jul,28-Jul,29-Jul,30-Jul,31-Jul,25-Jul,26-Jul,27-Jul,28-Jul,29-Jul,30-Jul,31-Jul,1,7,0
Chhatrapati Sambhajinagar,Chhatrapati Sambhajinagar,Chhatrapati Sambhajinagar,Vaijapur,Vaijapur,20051233,373 Village Gangapur-Vaijapur Grid WSS,Deogaon Shani,934,1,0.00,0.00,0.00,0.00,0.00,0.00,0.00,0.00,0.00,0.00,0.00,0.00,0.00,0.00,25-Jul,26-Jul,27-Jul,28-Jul,29-Jul,30-Jul,31-Jul,25-Jul,26-Jul,27-Jul,28-Jul,29-Jul,30-Jul,31-Jul,7,7,0
Chhatrapati Sambhajinagar,Chhatrapati Sambhajinagar,Chhatrapati Sambhajinagar,Vaijapur,Vaijapur,20051233,373 Village Gangapur-Vaijapur Grid WSS,Gadhe Pimpalgaon,3803,1,0.00,0.00,0.00,0.00,0.00,0.00,0.00,0.00,0.00,0.00,0.00,0.00,0.00,0.00,25-Jul,26-Jul,27-Jul,28-Jul,29-Jul,30-Jul,31-Jul,25-Jul,26-Jul,27-Jul,28-Jul,29-Jul,30-Jul,31-Jul,7,7,0
Chhatrapati Sambhajinagar,Chhatrapati Sambhajinagar,Chhatrapati Sambhajinagar,Vaijapur,Vaijapur,20051233,373 Village Gangapur-Vaijapur Grid WSS,Garaj,1820,1,0.00,0.00,0.37,0.02,0.67,0.11,0.00,0.00,0.00,20.33,0.94,36.81,5.79,0.00,25-Jul,26-Jul,27-Jul,28-Jul,29-Jul,30-Jul,31-Jul,25-Jul,26-Jul,27-Jul,28-Jul,29-Jul,30-Jul,31-Jul,3,7,0
Chhatrapati Sambhajinagar,Chhatrapati Sambhajinagar,Chhatrapati Sambhajinagar,Vaijapur,Vaijapur,20051233,373 Village Gangapur-Vaijapur Grid WSS,Goygaon,1665,1,0.00,0.00,0.00,0.00,0.00,0.00,0.00,0.00,0.00,0.00,0.00,0.00,0.00,0.00,25-Jul,26-Jul,27-Jul,28-Jul,29-Jul,30-Jul,31-Jul,25-Jul,26-Jul,27-Jul,28-Jul,29-Jul,30-Jul,31-Jul,7,7,0
Chhatrapati Sambhajinagar,Chhatrapati Sambhajinagar,Chhatrapati Sambhajinagar,Vaijapur,Vaijapur,20051233,373 Village Gangapur-Vaijapur Grid WSS,Hadas Pimpalgaon,1611,1,0.24,0.43,0.00,0.00,0.00,0.00,0.00,14.79,26.69,0.00,0.00,0.00,0.00,0.00,25-Jul,26-Jul,27-Jul,28-Jul,29-Jul,30-Jul,31-Jul,25-Jul,26-Jul,27-Jul,28-Jul,29-Jul,30-Jul,31-Jul,5,7,0
Chhatrapati Sambhajinagar,Chhatrapati Sambhajinagar,Chhatrapati Sambhajinagar,Vaijapur,Vaijapur,20051233,373 Village Gangapur-Vaijapur Grid WSS,Hilalpur,1383,1,0.00,0.00,0.00,0.00,0.00,0.00,0.00,0.00,0.00,0.00,0.00,0.00,0.00,0.00,25-Jul,26-Jul,27-Jul,28-Jul,29-Jul,30-Jul,31-Jul,25-Jul,26-Jul,27-Jul,28-Jul,29-Jul,30-Jul,31-Jul,7,7,0
Chhatrapati Sambhajinagar,Chhatrapati Sambhajinagar,Chhatrapati Sambhajinagar,Vaijapur,Vaijapur,20051233,373 Village Gangapur-Vaijapur Grid WSS,Jambargaon,2614,1,0.22,0.00,0.00,0.16,0.00,0.37,0.46,8.54,0.00,0.00,6.12,0.00,14.15,17.60,25-Jul,26-Jul,27-Jul,28-Jul,29-Jul,30-Jul,31-Jul,25-Jul,26-Jul,27-Jul,28-Jul,29-Jul,30-Jul,31-Jul,3,7,0
Chhatrapati Sambhajinagar,Chhatrapati Sambhajinagar,Chhatrapati Sambhajinagar,Vaijapur,Vaijapur,20051233,373 Village Gangapur-Vaijapur Grid WSS,Jarul,3679,1,0.00,0.00,0.00,0.00,0.00,0.00,0.00,0.00,0.00,0.00,0.00,0.00,0.00,0.00,25-Jul,26-Jul,27-Jul,28-Jul,29-Jul,30-Jul,31-Jul,25-Jul,26-Jul,27-Jul,28-Jul,29-Jul,30-Jul,31-Jul,7,7,0
Chhatrapati Sambhajinagar,Chhatrapati Sambhajinagar,Chhatrapati Sambhajinagar,Vaijapur,Vaijapur,20051233,373 Village Gangapur-Vaijapur Grid WSS,Jategaon,2711,1,0.00,0.00,0.00,0.00,0.00,0.00,0.00,0.00,0.00,0.00,0.00,0.00,0.00,0.00,25-Jul,26-Jul,27-Jul,28-Jul,29-Jul,30-Jul,31-Jul,25-Jul,26-Jul,27-Jul,28-Jul,29-Jul,30-Jul,31-Jul,7,7,0
Chhatrapati Sambhajinagar,Chhatrapati Sambhajinagar,Chhatrapati Sambhajinagar,Vaijapur,Vaijapur,20051233,373 Village Gangapur-Vaijapur Grid WSS,Kapus Wadgaon,2712,1,0.00,0.00,0.00,0.00,0.00,0.00,0.00,0.00,0.00,0.00,0.00,0.00,0.00,0.00,25-Jul,26-Jul,27-Jul,28-Jul,29-Jul,30-Jul,31-Jul,25-Jul,26-Jul,27-Jul,28-Jul,29-Jul,30-Jul,31-Jul,7,7,0
Chhatrapati Sambhajinagar,Chhatrapati Sambhajinagar,Chhatrapati Sambhajinagar,Vaijapur,Vaijapur,20051233,373 Village Gangapur-Vaijapur Grid WSS,Karanjgaon,1983,1,0.01,0.00,0.31,0.00,0.03,0.00,0.01,0.29,0.00,15.45,0.00,1.71,0.00,0.34,25-Jul,26-Jul,27-Jul,28-Jul,29-Jul,30-Jul,31-Jul,25-Jul,26-Jul,27-Jul,28-Jul,29-Jul,30-Jul,31-Jul,3,7,0
Chhatrapati Sambhajinagar,Chhatrapati Sambhajinagar,Chhatrapati Sambhajinagar,Vaijapur,Vaijapur,20051233,373 Village Gangapur-Vaijapur Grid WSS,Khandala,1180,1,0.00,0.00,0.00,0.00,0.00,0.00,0.00,0.00,0.00,0.00,0.00,0.00,0.00,0.00,25-Jul,26-Jul,27-Jul,28-Jul,29-Jul,30-Jul,31-Jul,25-Jul,26-Jul,27-Jul,28-Jul,29-Jul,30-Jul,31-Jul,7,7,0
Chhatrapati Sambhajinagar,Chhatrapati Sambhajinagar,Chhatrapati Sambhajinagar,Vaijapur,Vaijapur,20051233,373 Village Gangapur-Vaijapur Grid WSS,Lasurgaon,6676,1,0.00,0.00,0.00,0.00,0.00,0.00,0.00,0.00,0.00,0.00,0.00,0.00,0.00,0.00,25-Jul,26-Jul,27-Jul,28-Jul,29-Jul,30-Jul,31-Jul,25-Jul,26-Jul,27-Jul,28-Jul,29-Jul,30-Jul,31-Jul,7,7,0
Chhatrapati Sambhajinagar,Chhatrapati Sambhajinagar,Chhatrapati Sambhajinagar,Vaijapur,Vaijapur,20051233,373 Village Gangapur-Vaijapur Grid WSS,Loni Bk.,2210,1,0.00,0.21,0.00,0.17,0.11,0.29,0.22,0.00,9.50,0.00,7.69,4.98,13.12,9.95,25-Jul,26-Jul,27-Jul,28-Jul,29-Jul,30-Jul,31-Jul,25-Jul,26-Jul,27-Jul,28-Jul,29-Jul,30-Jul,31-Jul,2,7,0
Chhatrapati Sambhajinagar,Chhatrapati Sambhajinagar,Chhatrapati Sambhajinagar,Vaijapur,Vaijapur,20051233,373 Village Gangapur-Vaijapur Grid WSS,Mahalgaon,5303,1,0.01,0.00,0.02,0.00,0.00,0.01,0.00,0.11,0.00,0.38,0.00,0.00,0.19,0.00,25-Jul,26-Jul,27-Jul,28-Jul,29-Jul,30-Jul,31-Jul,25-Jul,26-Jul,27-Jul,28-Jul,29-Jul,30-Jul,31-Jul,4,7,0
Chhatrapati Sambhajinagar,Chhatrapati Sambhajinagar,Chhatrapati Sambhajinagar,Vaijapur,Vaijapur,20051233,373 Village Gangapur-Vaijapur Grid WSS,Mali Ghogargaon,2591,1,0.00,0.00,0.00,0.00,0.00,0.00,0.00,0.00,0.00,0.00,0.00,0.00,0.00,0.00,25-Jul,26-Jul,27-Jul,28-Jul,29-Jul,30-Jul,31-Jul,25-Jul,26-Jul,27-Jul,28-Jul,29-Jul,30-Jul,31-Jul,7,7,0
Chhatrapati Sambhajinagar,Chhatrapati Sambhajinagar,Chhatrapati Sambhajinagar,Vaijapur,Vaijapur,20051233,373 Village Gangapur-Vaijapur Grid WSS,Mali Sagaj,2144,1,7.35,0.00,0.00,0.14,0.00,0.00,0.00,342.79,0.00,0.00,6.53,0.00,0.00,0.00,25-Jul,26-Jul,27-Jul,28-Jul,29-Jul,30-Jul,31-Jul,25-Jul,26-Jul,27-Jul,28-Jul,29-Jul,30-Jul,31-Jul,5,6,1
Chhatrapati Sambhajinagar,Chhatrapati Sambhajinagar,Chhatrapati Sambhajinagar,Vaijapur,Vaijapur,20051233,373 Village Gangapur-Vaijapur Grid WSS,Parsoda,3588,2,0.00,0.00,0.09,0.00,0.00,0.20,0.13,0.00,0.00,2.51,0.00,0.00,5.57,3.62,25-Jul,26-Jul,27-Jul,28-Jul,29-Jul,30-Jul,31-Jul,25-Jul,26-Jul,27-Jul,28-Jul,29-Jul,30-Jul,31-Jul,4,7,0
Chhatrapati Sambhajinagar,Chhatrapati Sambhajinagar,Chhatrapati Sambhajinagar,Vaijapur,Vaijapur,20051233,373 Village Gangapur-Vaijapur Grid WSS,Pokhari,2866,1,3.23,2.62,0.00,0.00,0.63,0.00,0.01,112.62,91.42,0.00,0.00,21.98,0.00,0.35,25-Jul,26-Jul,27-Jul,28-Jul,29-Jul,30-Jul,31-Jul,25-Jul,26-Jul,27-Jul,28-Jul,29-Jul,30-Jul,31-Jul,3,5,2
Chhatrapati Sambhajinagar,Chhatrapati Sambhajinagar,Chhatrapati Sambhajinagar,Vaijapur,Vaijapur,20051233,373 Village Gangapur-Vaijapur Grid WSS,Raghunathpurwadi,1097,1,0.00,0.00,0.00,0.00,0.00,0.65,0.26,0.00,0.00,0.00,0.00,0.00,59.25,23.70,25-Jul,26-Jul,27-Jul,28-Jul,29-Jul,30-Jul,31-Jul,25-Jul,26-Jul,27-Jul,28-Jul,29-Jul,30-Jul,31-Jul,5,6,1
Chhatrapati Sambhajinagar,Chhatrapati Sambhajinagar,Chhatrapati Sambhajinagar,Vaijapur,Vaijapur,20051233,373 Village Gangapur-Vaijapur Grid WSS,Sakegaon,1780,1,0.00,0.00,0.00,0.00,0.00,0.00,0.00,0.00,0.00,0.00,0.00,0.00,0.00,0.00,25-Jul,26-Jul,27-Jul,28-Jul,29-Jul,30-Jul,31-Jul,25-Jul,26-Jul,27-Jul,28-Jul,29-Jul,30-Jul,31-Jul,7,7,0
Chhatrapati Sambhajinagar,Chhatrapati Sambhajinagar,Chhatrapati Sambhajinagar,Vaijapur,Vaijapur,20051233,373 Village Gangapur-Vaijapur Grid WSS,Sanjarpurwadi,2971,1,0.00,0.00,0.00,0.00,0.00,0.00,0.00,0.00,0.00,0.00,0.00,0.00,0.00,0.00,25-Jul,26-Jul,27-Jul,28-Jul,29-Jul,30-Jul,31-Jul,25-Jul,26-Jul,27-Jul,28-Jul,29-Jul,30-Jul,31-Jul,7,7,0
Chhatrapati Sambhajinagar,Chhatrapati Sambhajinagar,Chhatrapati Sambhajinagar,Vaijapur,Vaijapur,20051233,373 Village Gangapur-Vaijapur Grid WSS,Shivrai,2706,1,0.00,0.00,0.51,0.00,1.07,0.00,0.00,0.00,0.00,18.85,0.00,39.54,0.00,0.00,25-Jul,26-Jul,27-Jul,28-Jul,29-Jul,30-Jul,31-Jul,25-Jul,26-Jul,27-Jul,28-Jul,29-Jul,30-Jul,31-Jul,5,7,0
Chhatrapati Sambhajinagar,Chhatrapati Sambhajinagar,Chhatrapati Sambhajinagar,Vaijapur,Vaijapur,20051233,373 Village Gangapur-Vaijapur Grid WSS,Sirasgaon,1855,1,0.00,0.00,0.00,0.00,0.00,0.00,0.00,0.00,0.00,0.00,0.00,0.00,0.00,0.00,25-Jul,26-Jul,27-Jul,28-Jul,29-Jul,30-Jul,31-Jul,25-Jul,26-Jul,27-Jul,28-Jul,29-Jul,30-Jul,31-Jul,7,7,0
Chhatrapati Sambhajinagar,Chhatrapati Sambhajinagar,Chhatrapati Sambhajinagar,Vaijapur,Vaijapur,20051233,373 Village Gangapur-Vaijapur Grid WSS,Sudamwadi,750,1,0.00,0.00,0.00,0.00,0.00,0.00,0.00,0.00,0.00,0.00,0.00,0.00,0.00,0.00,25-Jul,26-Jul,27-Jul,28-Jul,29-Jul,30-Jul,31-Jul,25-Jul,26-Jul,27-Jul,28-Jul,29-Jul,30-Jul,31-Jul,7,7,0
Chhatrapati Sambhajinagar,Chhatrapati Sambhajinagar,Chhatrapati Sambhajinagar,Vaijapur,Vaijapur,20051233,373 Village Gangapur-Vaijapur Grid WSS,Virgaon,2271,1,0.00,5.80,0.00,0.00,4.17,0.00,0.00,0.00,255.39,0.00,0.00,183.62,0.00,0.00,25-Jul,26-Jul,27-Jul,28-Jul,29-Jul,30-Jul,31-Jul,25-Jul,26-Jul,27-Jul,28-Jul,29-Jul,30-Jul,31-Jul,5,5,2
Chhatrapati Sambhajinagar,Chhatrapati Sambhajinagar,Jalna,Jalna,Jalna,20094559,"120 Villages Extension Scheme for Works Not Considered in 173 GRID WSS and 95 GRID WSS Tq. Partur, Mantha and Jalna Dist: Jalna",Sondeo,1547,1,0.00,0.00,0.00,0.00,0.00,0.00,0.00,0.00,0.00,0.00,0.00,0.00,0.00,0.00,25-Jul,26-Jul,27-Jul,28-Jul,29-Jul,30-Jul,31-Jul,25-Jul,26-Jul,27-Jul,28-Jul,29-Jul,30-Jul,31-Jul,7,7,0
Chhatrapati Sambhajinagar,Chhatrapati Sambhajinagar,Jalna,Jalna,Jalna,20094559,"120 Villages Extension Scheme for Works Not Considered in 173 GRID WSS and 95 GRID WSS Tq. Partur, Mantha and Jalna Dist: Jalna",Erandwadgaon,1530,1,0.26,0.26,0.16,0.98,0.14,1.15,0.26,17.18,16.94,10.63,63.80,8.89,75.09,16.70,25-Jul,26-Jul,27-Jul,28-Jul,29-Jul,30-Jul,31-Jul,25-Jul,26-Jul,27-Jul,28-Jul,29-Jul,30-Jul,31-Jul,0,5,2
Chhatrapati Sambhajinagar,Chhatrapati Sambhajinagar,Jalna,Jalna,Jalna,20094559,"120 Villages Extension Scheme for Works Not Considered in 173 GRID WSS and 95 GRID WSS Tq. Partur, Mantha and Jalna Dist: Jalna",Pimpalwadi,1302,1,0.00,0.00,0.00,0.00,0.00,0.00,0.01,0.00,0.00,0.00,0.00,0.00,0.00,0.83,25-Jul,26-Jul,27-Jul,28-Jul,29-Jul,30-Jul,31-Jul,25-Jul,26-Jul,27-Jul,28-Jul,29-Jul,30-Jul,31-Jul,6,7,0
Chhatrapati Sambhajinagar,Chhatrapati Sambhajinagar,Jalna,Jalna,Jalna,20094559,"120 Villages Extension Scheme for Works Not Considered in 173 GRID WSS and 95 GRID WSS Tq. Partur, Mantha and Jalna Dist: Jalna",Sawergan Bhagde,1165,1,0.00,0.77,0.00,0.00,0.16,0.00,0.00,0.00,66.02,0.01,0.00,13.85,0.00,0.00,25-Jul,26-Jul,27-Jul,28-Jul,29-Jul,30-Jul,31-Jul,25-Jul,26-Jul,27-Jul,28-Jul,29-Jul,30-Jul,31-Jul,4,6,1
Chhatrapati Sambhajinagar,Chhatrapati Sambhajinagar,Jalna,Mantha,Mantha,20094559,"120 Villages Extension Scheme for Works Not Considered in 173 GRID WSS and 95 GRID WSS Tq. Partur, Mantha and Jalna Dist: Jalna",Waghoda Tanda,1941,1,0.00,0.00,0.00,0.00,0.00,0.00,0.00,0.00,0.00,0.00,0.00,0.00,0.00,0.00,25-Jul,26-Jul,27-Jul,28-Jul,29-Jul,30-Jul,31-Jul,25-Jul,26-Jul,27-Jul,28-Jul,29-Jul,30-Jul,31-Jul,7,7,0
Chhatrapati Sambhajinagar,Chhatrapati Sambhajinagar,Jalna,Mantha,Mantha,20094559,"120 Villages Extension Scheme for Works Not Considered in 173 GRID WSS and 95 GRID WSS Tq. Partur, Mantha and Jalna Dist: Jalna",DHOKSAL,2073,1,0.00,0.01,0.41,1.22,0.00,0.00,0.04,0.15,0.72,19.92,59.07,0.00,0.00,2.02,25-Jul,26-Jul,27-Jul,28-Jul,29-Jul,30-Jul,31-Jul,25-Jul,26-Jul,27-Jul,28-Jul,29-Jul,30-Jul,31-Jul,2,6,1
Chhatrapati Sambhajinagar,Chhatrapati Sambhajinagar,Jalna,Mantha,Mantha,20094559,"120 Villages Extension Scheme for Works Not Considered in 173 GRID WSS and 95 GRID WSS Tq. Partur, Mantha and Jalna Dist: Jalna",Virgavhan Tanda,577,1,0.00,0.00,0.00,0.00,0.00,0.00,0.00,0.00,0.00,0.00,0.00,0.00,0.00,0.00,25-Jul,26-Jul,27-Jul,28-Jul,29-Jul,30-Jul,31-Jul,25-Jul,26-Jul,27-Jul,28-Jul,29-Jul,30-Jul,31-Jul,7,7,0
Chhatrapati Sambhajinagar,Chhatrapati Sambhajinagar,Jalna,Mantha,Mantha,20094559,"120 Villages Extension Scheme for Works Not Considered in 173 GRID WSS and 95 GRID WSS Tq. Partur, Mantha and Jalna Dist: Jalna",Andhawadi,1026,1,0.00,0.18,0.71,0.00,0.17,0.28,0.00,0.00,17.16,68.83,0.00,16.29,26.97,0.00,25-Jul,26-Jul,27-Jul,28-Jul,29-Jul,30-Jul,31-Jul,25-Jul,26-Jul,27-Jul,28-Jul,29-Jul,30-Jul,31-Jul,3,6,1
Chhatrapati Sambhajinagar,Chhatrapati Sambhajinagar,Jalna,Mantha,Mantha,20094559,"120 Villages Extension Scheme for Works Not Considered in 173 GRID WSS and 95 GRID WSS Tq. Partur, Mantha and Jalna Dist: Jalna",RAMTIRTH,1143,1,0.25,0.00,0.00,0.00,0.00,0.00,0.00,21.74,0.00,0.00,0.00,0.00,0.00,0.00,25-Jul,26-Jul,27-Jul,28-Jul,29-Jul,30-Jul,31-Jul,25-Jul,26-Jul,27-Jul,28-Jul,29-Jul,30-Jul,31-Jul,6,7,0
Chhatrapati Sambhajinagar,Chhatrapati Sambhajinagar,Jalna,Mantha,Mantha,20094559,"120 Villages Extension Scheme for Works Not Considered in 173 GRID WSS and 95 GRID WSS Tq. Partur, Mantha and Jalna Dist: Jalna",Incha,501,1,0.00,0.00,0.00,0.00,0.00,0.00,0.00,0.00,0.00,0.00,0.00,0.00,0.00,0.00,25-Jul,26-Jul,27-Jul,28-Jul,29-Jul,30-Jul,31-Jul,25-Jul,26-Jul,27-Jul,28-Jul,29-Jul,30-Jul,31-Jul,7,7,0
Chhatrapati Sambhajinagar,Chhatrapati Sambhajinagar,Jalna,Mantha,Mantha,20094559,"120 Villages Extension Scheme for Works Not Considered in 173 GRID WSS and 95 GRID WSS Tq. Partur, Mantha and Jalna Dist: Jalna",Kanadi,1040,1,0.00,0.00,0.00,0.00,0.00,0.00,0.00,0.00,0.00,0.00,0.00,0.00,0.00,0.00,25-Jul,26-Jul,27-Jul,28-Jul,29-Jul,30-Jul,31-Jul,25-Jul,26-Jul,27-Jul,28-Jul,29-Jul,30-Jul,31-Jul,7,7,0
Chhatrapati Sambhajinagar,Chhatrapati Sambhajinagar,Jalna,Mantha,Mantha,20094559,"120 Villages Extension Scheme for Works Not Considered in 173 GRID WSS and 95 GRID WSS Tq. Partur, Mantha and Jalna Dist: Jalna",Sevali,7669,1,0.00,0.00,30.68,8.99,0.00,0.00,0.00,0.00,0.00,400.05,117.23,0.00,0.00,0.00,25-Jul,26-Jul,27-Jul,28-Jul,29-Jul,30-Jul,31-Jul,25-Jul,26-Jul,27-Jul,28-Jul,29-Jul,30-Jul,31-Jul,5,5,2
Chhatrapati Sambhajinagar,Chhatrapati Sambhajinagar,Jalna,Mantha,Mantha,20094559,"120 Villages Extension Scheme for Works Not Considered in 173 GRID WSS and 95 GRID WSS Tq. Partur, Mantha and Jalna Dist: Jalna",Tokawadi,705,2,0.54,0.66,0.64,0.81,1.02,0.00,1.26,77.22,93.12,91.11,114.59,144.94,0.00,178.15,25-Jul,26-Jul,27-Jul,28-Jul,29-Jul,30-Jul,31-Jul,25-Jul,26-Jul,27-Jul,28-Jul,29-Jul,30-Jul,31-Jul,1,1,6
Chhatrapati Sambhajinagar,Chhatrapati Sambhajinagar,Jalna,Mantha,Mantha,20094559,"120 Villages Extension Scheme for Works Not Considered in 173 GRID WSS and 95 GRID WSS Tq. Partur, Mantha and Jalna Dist: Jalna",Takalkhopa,1461,1,0.00,0.00,0.00,0.00,0.00,0.00,0.00,0.00,0.00,0.00,0.00,0.00,0.00,0.00,25-Jul,26-Jul,27-Jul,28-Jul,29-Jul,30-Jul,31-Jul,25-Jul,26-Jul,27-Jul,28-Jul,29-Jul,30-Jul,31-Jul,7,7,0
Chhatrapati Sambhajinagar,Chhatrapati Sambhajinagar,Jalna,Mantha,Mantha,20094559,"120 Villages Extension Scheme for Works Not Considered in 173 GRID WSS and 95 GRID WSS Tq. Partur, Mantha and Jalna Dist: Jalna",Lawani,804,1,0.00,0.00,0.00,0.00,0.00,0.00,0.00,0.00,0.00,0.00,0.00,0.00,0.00,0.00,25-Jul,26-Jul,27-Jul,28-Jul,29-Jul,30-Jul,31-Jul,25-Jul,26-Jul,27-Jul,28-Jul,29-Jul,30-Jul,31-Jul,7,7,0
Chhatrapati Sambhajinagar,Chhatrapati Sambhajinagar,Jalna,Mantha,Mantha,20094559,"120 Villages Extension Scheme for Works Not Considered in 173 GRID WSS and 95 GRID WSS Tq. Partur, Mantha and Jalna Dist: Jalna",Wadgaon Sarhadu,1136,1,0.00,0.00,0.00,0.00,0.00,0.00,0.00,0.00,0.00,0.00,0.00,0.00,0.00,0.00,25-Jul,26-Jul,27-Jul,28-Jul,29-Jul,30-Jul,31-Jul,25-Jul,26-Jul,27-Jul,28-Jul,29-Jul,30-Jul,31-Jul,7,7,0
Chhatrapati Sambhajinagar,Chhatrapati Sambhajinagar,Jalna,Mantha,Mantha,20094559,"120 Villages Extension Scheme for Works Not Considered in 173 GRID WSS and 95 GRID WSS Tq. Partur, Mantha and Jalna Dist: Jalna",Dhondi Pimpalgaon,773,1,0.00,0.00,0.00,0.00,0.00,0.00,0.00,0.00,0.00,0.00,0.00,0.00,0.00,0.00,25-Jul,26-Jul,27-Jul,28-Jul,29-Jul,30-Jul,31-Jul,25-Jul,26-Jul,27-Jul,28-Jul,29-Jul,30-Jul,31-Jul,7,7,0
Chhatrapati Sambhajinagar,Chhatrapati Sambhajinagar,Jalna,Mantha,Mantha,20094559,"120 Villages Extension Scheme for Works Not Considered in 173 GRID WSS and 95 GRID WSS Tq. Partur, Mantha and Jalna Dist: Jalna",Naigaon MBR,1491,2,1.80,0.05,1.02,0.70,1.93,0.00,2.24,120.52,3.35,68.41,47.10,129.53,0.00,150.25,25-Jul,26-Jul,27-Jul,28-Jul,29-Jul,30-Jul,31-Jul,25-Jul,26-Jul,27-Jul,28-Jul,29-Jul,30-Jul,31-Jul,1,3,4
Chhatrapati Sambhajinagar,Chhatrapati Sambhajinagar,Jalna,Mantha,Mantha,20094559,"120 Villages Extension Scheme for Works Not Considered in 173 GRID WSS and 95 GRID WSS Tq. Partur, Mantha and Jalna Dist: Jalna",Khorad Sawangi,2661,5,5.65,0.01,0.00,10.63,0.00,6.17,1.88,212.29,0.24,0.00,399.41,0.04,231.86,70.78,25-Jul,26-Jul,27-Jul,28-Jul,29-Jul,30-Jul,31-Jul,25-Jul,26-Jul,27-Jul,28-Jul,29-Jul,30-Jul,31-Jul,1,3,4
Chhatrapati Sambhajinagar,Chhatrapati Sambhajinagar,Jalna,Mantha,Mantha,20094559,"120 Villages Extension Scheme for Works Not Considered in 173 GRID WSS and 95 GRID WSS Tq. Partur, Mantha and Jalna Dist: Jalna",Daghi,1485,1,0.00,0.00,0.00,0.00,0.00,0.00,0.00,0.00,0.00,0.00,0.00,0.00,0.00,0.00,25-Jul,26-Jul,27-Jul,28-Jul,29-Jul,30-Jul,31-Jul,25-Jul,26-Jul,27-Jul,28-Jul,29-Jul,30-Jul,31-Jul,7,7,0
Chhatrapati Sambhajinagar,Chhatrapati Sambhajinagar,Jalna,Mantha,Mantha,20094559,"120 Villages Extension Scheme for Works Not Considered in 173 GRID WSS and 95 GRID WSS Tq. Partur, Mantha and Jalna Dist: Jalna",Mosa,166,1,0.00,0.00,0.00,0.00,0.00,0.00,0.00,0.00,0.00,0.00,0.00,0.00,0.00,0.00,25-Jul,26-Jul,27-Jul,28-Jul,29-Jul,30-Jul,31-Jul,25-Jul,26-Jul,27-Jul,28-Jul,29-Jul,30-Jul,31-Jul,7,7,0
Chhatrapati Sambhajinagar,Chhatrapati Sambhajinagar,Jalna,Mantha,Mantha,20094559,"120 Villages Extension Scheme for Works Not Considered in 173 GRID WSS and 95 GRID WSS Tq. Partur, Mantha and Jalna Dist: Jalna",Belora,2127,1,0.00,0.00,0.00,0.00,0.00,0.00,0.00,0.00,0.00,0.00,0.00,0.00,0.00,0.00,25-Jul,26-Jul,27-Jul,28-Jul,29-Jul,30-Jul,31-Jul,25-Jul,26-Jul,27-Jul,28-Jul,29-Jul,30-Jul,31-Jul,7,7,0
Chhatrapati Sambhajinagar,Chhatrapati Sambhajinagar,Jalna,Mantha,Mantha,20094559,"120 Villages Extension Scheme for Works Not Considered in 173 GRID WSS and 95 GRID WSS Tq. Partur, Mantha and Jalna Dist: Jalna",Meskheda,1641,1,0.17,0.00,0.00,0.65,0.74,0.40,0.00,10.50,0.00,0.00,39.37,45.26,24.65,0.00,25-Jul,26-Jul,27-Jul,28-Jul,29-Jul,30-Jul,31-Jul,25-Jul,26-Jul,27-Jul,28-Jul,29-Jul,30-Jul,31-Jul,3,7,0
Chhatrapati Sambhajinagar,Chhatrapati Sambhajinagar,Jalna,Mantha,Mantha,20094559,"120 Villages Extension Scheme for Works Not Considered in 173 GRID WSS and 95 GRID WSS Tq. Partur, Mantha and Jalna Dist: Jalna",Pangra Gadadhe,2126,2,5.00,26.97,0.00,0.00,0.00,0.00,0.00,235.18,1268.58,0.00,0.00,0.00,0.00,0.00,25-Jul,26-Jul,27-Jul,28-Jul,29-Jul,30-Jul,31-Jul,25-Jul,26-Jul,27-Jul,28-Jul,29-Jul,30-Jul,31-Jul,5,5,2
Chhatrapati Sambhajinagar,Chhatrapati Sambhajinagar,Jalna,Mantha,Mantha,20094559,"120 Villages Extension Scheme for Works Not Considered in 173 GRID WSS and 95 GRID WSS Tq. Partur, Mantha and Jalna Dist: Jalna",Kendhali Tanda,263,1,0.00,0.00,0.00,0.00,0.00,0.00,0.00,0.00,0.00,0.00,0.00,0.00,0.00,0.00,25-Jul,26-Jul,27-Jul,28-Jul,29-Jul,30-Jul,31-Jul,25-Jul,26-Jul,27-Jul,28-Jul,29-Jul,30-Jul,31-Jul,7,7,0
Chhatrapati Sambhajinagar,Chhatrapati Sambhajinagar,Jalna,Mantha,Mantha,20094559,"120 Villages Extension Scheme for Works Not Considered in 173 GRID WSS and 95 GRID WSS Tq. Partur, Mantha and Jalna Dist: Jalna",PANGRI KH.,3178,1,0.00,0.00,0.00,0.00,0.00,0.00,0.00,0.00,0.00,0.00,0.00,0.00,0.00,0.00,25-Jul,26-Jul,27-Jul,28-Jul,29-Jul,30-Jul,31-Jul,25-Jul,26-Jul,27-Jul,28-Jul,29-Jul,30-Jul,31-Jul,7,7,0
Chhatrapati Sambhajinagar,Chhatrapati Sambhajinagar,Jalna,Mantha,Mantha,20094559,"120 Villages Extension Scheme for Works Not Considered in 173 GRID WSS and 95 GRID WSS Tq. Partur, Mantha and Jalna Dist: Jalna",Kanphodi,196,1,0.00,0.00,0.00,0.00,0.00,0.00,0.00,0.00,0.00,0.00,0.00,0.00,0.00,0.00,25-Jul,26-Jul,27-Jul,28-Jul,29-Jul,30-Jul,31-Jul,25-Jul,26-Jul,27-Jul,28-Jul,29-Jul,30-Jul,31-Jul,7,7,0
Chhatrapati Sambhajinagar,Chhatrapati Sambhajinagar,Jalna,Mantha,Mantha,20094559,"120 Villages Extension Scheme for Works Not Considered in 173 GRID WSS and 95 GRID WSS Tq. Partur, Mantha and Jalna Dist: Jalna",Talegaon,1215,2,0.99,0.00,0.00,0.00,1.06,0.00,0.00,81.40,0.00,0.01,0.02,87.34,0.00,0.00,25-Jul,26-Jul,27-Jul,28-Jul,29-Jul,30-Jul,31-Jul,25-Jul,26-Jul,27-Jul,28-Jul,29-Jul,30-Jul,31-Jul,3,5,2
Chhatrapati Sambhajinagar,Chhatrapati Sambhajinagar,Jalna,Mantha,Mantha,20094559,"120 Villages Extension Scheme for Works Not Considered in 173 GRID WSS and 95 GRID WSS Tq. Partur, Mantha and Jalna Dist: Jalna",Idoli(kd),1836,1,0.00,0.00,0.35,0.40,0.46,0.00,0.24,0.00,0.00,19.18,21.62,25.11,0.00,13.08,25-Jul,26-Jul,27-Jul,28-Jul,29-Jul,30-Jul,31-Jul,25-Jul,26-Jul,27-Jul,28-Jul,29-Jul,30-Jul,31-Jul,3,7,0
Chhatrapati Sambhajinagar,Chhatrapati Sambhajinagar,Jalna,Mantha,Mantha,20094559,"120 Villages Extension Scheme for Works Not Considered in 173 GRID WSS and 95 GRID WSS Tq. Partur, Mantha and Jalna Dist: Jalna",Devthana Mantha,1068,1,0.32,14.36,0.17,0.00,0.14,0.00,0.12,29.56,1344.57,15.92,0.00,13.11,0.00,11.24,25-Jul,26-Jul,27-Jul,28-Jul,29-Jul,30-Jul,31-Jul,25-Jul,26-Jul,27-Jul,28-Jul,29-Jul,30-Jul,31-Jul,2,6,1
Chhatrapati Sambhajinagar,Chhatrapati Sambhajinagar,Jalna,Mantha,Mantha,20094559,"120 Villages Extension Scheme for Works Not Considered in 173 GRID WSS and 95 GRID WSS Tq. Partur, Mantha and Jalna Dist: Jalna",Sawargaon vayal,1401,2,0.24,0.00,1.02,0.95,0.92,0.60,0.37,16.90,0.28,72.59,67.85,65.34,43.09,26.28,25-Jul,26-Jul,27-Jul,28-Jul,29-Jul,30-Jul,31-Jul,25-Jul,26-Jul,27-Jul,28-Jul,29-Jul,30-Jul,31-Jul,0,4,3
Chhatrapati Sambhajinagar,Chhatrapati Sambhajinagar,Jalna,Mantha,Mantha,20094559,"120 Villages Extension Scheme for Works Not Considered in 173 GRID WSS and 95 GRID WSS Tq. Partur, Mantha and Jalna Dist: Jalna",Nansi,1123,3,0.38,0.00,0.00,0.14,0.00,0.00,0.00,26.64,0.03,0.06,9.74,0.00,0.00,0.00,25-Jul,26-Jul,27-Jul,28-Jul,29-Jul,30-Jul,31-Jul,25-Jul,26-Jul,27-Jul,28-Jul,29-Jul,30-Jul,31-Jul,3,7,0
Chhatrapati Sambhajinagar,Chhatrapati Sambhajinagar,Jalna,Mantha,Mantha,20094559,"120 Villages Extension Scheme for Works Not Considered in 173 GRID WSS and 95 GRID WSS Tq. Partur, Mantha and Jalna Dist: Jalna",Naigaon Tanda,1491,1,0.18,0.00,0.00,0.00,0.24,0.00,0.00,12.23,0.00,0.00,0.00,16.29,0.00,0.00,25-Jul,26-Jul,27-Jul,28-Jul,29-Jul,30-Jul,31-Jul,25-Jul,26-Jul,27-Jul,28-Jul,29-Jul,30-Jul,31-Jul,5,7,0
Chhatrapati Sambhajinagar,Chhatrapati Sambhajinagar,Jalna,Mantha,Mantha,20094559,"120 Villages Extension Scheme for Works Not Considered in 173 GRID WSS and 95 GRID WSS Tq. Partur, Mantha and Jalna Dist: Jalna",Pimparkheda Kharabe Tanda,421,1,0.00,0.00,0.00,0.00,0.00,0.00,0.00,0.00,0.00,0.00,0.00,0.00,0.00,0.00,25-Jul,26-Jul,27-Jul,28-Jul,29-Jul,30-Jul,31-Jul,25-Jul,26-Jul,27-Jul,28-Jul,29-Jul,30-Jul,31-Jul,7,7,0
Chhatrapati Sambhajinagar,Chhatrapati Sambhajinagar,Jalna,Mantha,Mantha,20094559,"120 Villages Extension Scheme for Works Not Considered in 173 GRID WSS and 95 GRID WSS Tq. Partur, Mantha and Jalna Dist: Jalna",Sonunkarwadi,409,1,0.21,0.36,0.18,0.13,0.11,0.20,0.25,50.77,87.78,44.36,32.78,27.98,48.20,60.21,25-Jul,26-Jul,27-Jul,28-Jul,29-Jul,30-Jul,31-Jul,25-Jul,26-Jul,27-Jul,28-Jul,29-Jul,30-Jul,31-Jul,0,5,2
Chhatrapati Sambhajinagar,Chhatrapati Sambhajinagar,Jalna,Mantha,Mantha,20094559,"120 Villages Extension Scheme for Works Not Considered in 173 GRID WSS and 95 GRID WSS Tq. Partur, Mantha and Jalna Dist: Jalna",PIMPARKHEDA KHARABE,2101,1,0.00,0.00,0.36,0.01,0.00,0.12,0.00,0.00,0.00,17.12,0.34,0.01,5.54,0.01,25-Jul,26-Jul,27-Jul,28-Jul,29-Jul,30-Jul,31-Jul,25-Jul,26-Jul,27-Jul,28-Jul,29-Jul,30-Jul,31-Jul,2,7,0
Chhatrapati Sambhajinagar,Chhatrapati Sambhajinagar,Jalna,Mantha,Mantha,20094559,"120 Villages Extension Scheme for Works Not Considered in 173 GRID WSS and 95 GRID WSS Tq. Partur, Mantha and Jalna Dist: Jalna",Borgaon,2304,2,3048.51,5736.58,9163.50,12811.97,7167.66,10040.92,16394.20,132313.72,248983.51,397721.35,556075.09,311096.35,435803.75,711553.85,25-Jul,26-Jul,27-Jul,28-Jul,29-Jul,30-Jul,31-Jul,25-Jul,26-Jul,27-Jul,28-Jul,29-Jul,30-Jul,31-Jul,0,0,7
Chhatrapati Sambhajinagar,Chhatrapati Sambhajinagar,Jalna,Mantha,Mantha,20094559,"120 Villages Extension Scheme for Works Not Considered in 173 GRID WSS and 95 GRID WSS Tq. Partur, Mantha and Jalna Dist: Jalna",PANGRI KH.TANDA,701,1,0.00,0.00,1.31,0.00,0.00,0.00,0.00,0.00,0.00,186.88,0.00,0.00,0.00,0.00,25-Jul,26-Jul,27-Jul,28-Jul,29-Jul,30-Jul,31-Jul,25-Jul,26-Jul,27-Jul,28-Jul,29-Jul,30-Jul,31-Jul,6,6,1
Chhatrapati Sambhajinagar,Chhatrapati Sambhajinagar,Jalna,Mantha,Mantha,20094559,"120 Villages Extension Scheme for Works Not Considered in 173 GRID WSS and 95 GRID WSS Tq. Partur, Mantha and Jalna Dist: Jalna",Vaidhywadgaon,2600,1,0.45,1.17,0.00,0.00,0.91,0.71,0.00,17.13,45.00,0.00,0.00,35.00,27.31,0.00,25-Jul,26-Jul,27-Jul,28-Jul,29-Jul,30-Jul,31-Jul,25-Jul,26-Jul,27-Jul,28-Jul,29-Jul,30-Jul,31-Jul,3,7,0
Chhatrapati Sambhajinagar,Chhatrapati Sambhajinagar,Jalna,Mantha,Mantha,20094559,"120 Villages Extension Scheme for Works Not Considered in 173 GRID WSS and 95 GRID WSS Tq. Partur, Mantha and Jalna Dist: Jalna",Kharodsawangi,3859,1,0.73,0.00,0.00,1.27,0.00,0.00,0.00,18.99,0.00,0.00,32.87,0.00,0.00,0.00,25-Jul,26-Jul,27-Jul,28-Jul,29-Jul,30-Jul,31-Jul,25-Jul,26-Jul,27-Jul,28-Jul,29-Jul,30-Jul,31-Jul,5,7,0
Chhatrapati Sambhajinagar,Chhatrapati Sambhajinagar,Jalna,Mantha,Mantha,20094559,"120 Villages Extension Scheme for Works Not Considered in 173 GRID WSS and 95 GRID WSS Tq. Partur, Mantha and Jalna Dist: Jalna",Lavani Tanda,1283,1,0.70,0.00,0.00,0.00,0.40,0.12,0.00,54.32,0.00,0.00,0.00,31.18,9.35,0.00,25-Jul,26-Jul,27-Jul,28-Jul,29-Jul,30-Jul,31-Jul,25-Jul,26-Jul,27-Jul,28-Jul,29-Jul,30-Jul,31-Jul,4,7,0
Chhatrapati Sambhajinagar,Chhatrapati Sambhajinagar,Jalna,Mantha,Mantha,20094559,"120 Villages Extension Scheme for Works Not Considered in 173 GRID WSS and 95 GRID WSS Tq. Partur, Mantha and Jalna Dist: Jalna",Belora Tanda,847,1,0.00,0.00,0.00,0.00,0.00,0.00,0.00,0.00,0.00,0.00,0.00,0.00,0.00,0.00,25-Jul,26-Jul,27-Jul,28-Jul,29-Jul,30-Jul,31-Jul,25-Jul,26-Jul,27-Jul,28-Jul,29-Jul,30-Jul,31-Jul,7,7,0
Chhatrapati Sambhajinagar,Chhatrapati Sambhajinagar,Jalna,Mantha,Mantha,20094559,"120 Villages Extension Scheme for Works Not Considered in 173 GRID WSS and 95 GRID WSS Tq. Partur, Mantha and Jalna Dist: Jalna",PANGRI BK. TANDA,1075,1,0.00,0.00,0.00,0.00,0.00,0.00,0.00,0.00,0.00,0.00,0.00,0.00,0.00,0.00,25-Jul,26-Jul,27-Jul,28-Jul,29-Jul,30-Jul,31-Jul,25-Jul,26-Jul,27-Jul,28-Jul,29-Jul,30-Jul,31-Jul,7,7,0
Chhatrapati Sambhajinagar,Chhatrapati Sambhajinagar,Jalna,Mantha,Mantha,20094559,"120 Villages Extension Scheme for Works Not Considered in 173 GRID WSS and 95 GRID WSS Tq. Partur, Mantha and Jalna Dist: Jalna",Ranmala,1746,1,0.44,0.00,0.47,0.00,0.51,0.35,0.00,25.38,0.00,27.15,0.00,29.07,20.23,0.00,25-Jul,26-Jul,27-Jul,28-Jul,29-Jul,30-Jul,31-Jul,25-Jul,26-Jul,27-Jul,28-Jul,29-Jul,30-Jul,31-Jul,3,7,0
Chhatrapati Sambhajinagar,Chhatrapati Sambhajinagar,Jalna,Mantha,Mantha,20094559,"120 Villages Extension Scheme for Works Not Considered in 173 GRID WSS and 95 GRID WSS Tq. Partur, Mantha and Jalna Dist: Jalna",Aradakhari,985,1,54.57,120.74,14.14,0.23,0.00,0.00,0.00,5540.12,12257.84,1435.53,23.35,0.00,0.00,0.00,25-Jul,26-Jul,27-Jul,28-Jul,29-Jul,30-Jul,31-Jul,25-Jul,26-Jul,27-Jul,28-Jul,29-Jul,30-Jul,31-Jul,3,4,3
Chhatrapati Sambhajinagar,Chhatrapati Sambhajinagar,Jalna,Mantha,Mantha,20094559,"120 Villages Extension Scheme for Works Not Considered in 173 GRID WSS and 95 GRID WSS Tq. Partur, Mantha and Jalna Dist: Jalna",Khorvad,2017,1,0.00,0.00,0.01,0.00,0.00,0.00,0.00,0.05,0.00,0.70,0.00,0.24,0.00,0.00,25-Jul,26-Jul,27-Jul,28-Jul,29-Jul,30-Jul,31-Jul,25-Jul,26-Jul,27-Jul,28-Jul,29-Jul,30-Jul,31-Jul,4,7,0
Chhatrapati Sambhajinagar,Chhatrapati Sambhajinagar,Jalna,Mantha,Mantha,20094559,"120 Villages Extension Scheme for Works Not Considered in 173 GRID WSS and 95 GRID WSS Tq. Partur, Mantha and Jalna Dist: Jalna",Kedarwakadi,1337,1,0.39,0.05,0.26,0.02,0.00,0.00,0.00,29.49,3.47,19.16,1.53,0.01,0.00,0.00,25-Jul,26-Jul,27-Jul,28-Jul,29-Jul,30-Jul,31-Jul,25-Jul,26-Jul,27-Jul,28-Jul,29-Jul,30-Jul,31-Jul,2,7,0
Chhatrapati Sambhajinagar,Chhatrapati Sambhajinagar,Jalna,Mantha,Mantha,20094559,"120 Villages Extension Scheme for Works Not Considered in 173 GRID WSS and 95 GRID WSS Tq. Partur, Mantha and Jalna Dist: Jalna",Idoli(bk),3856,1,0.00,0.00,0.00,0.20,0.13,0.00,0.15,0.00,0.00,0.00,5.20,3.34,0.00,3.79,25-Jul,26-Jul,27-Jul,28-Jul,29-Jul,30-Jul,31-Jul,25-Jul,26-Jul,27-Jul,28-Jul,29-Jul,30-Jul,31-Jul,4,7,0
Chhatrapati Sambhajinagar,Chhatrapati Sambhajinagar,Jalna,Mantha,Mantha,20094559,"120 Villages Extension Scheme for Works Not Considered in 173 GRID WSS and 95 GRID WSS Tq. Partur, Mantha and Jalna Dist: Jalna",Ambhora Kadam,4360,1,0.00,0.00,0.00,0.00,0.00,0.00,0.00,0.00,0.00,0.00,0.00,0.00,0.00,0.00,25-Jul,26-Jul,27-Jul,28-Jul,29-Jul,30-Jul,31-Jul,25-Jul,26-Jul,27-Jul,28-Jul,29-Jul,30-Jul,31-Jul,7,7,0
Chhatrapati Sambhajinagar,Chhatrapati Sambhajinagar,Jalna,Mantha,Mantha,20094559,"120 Villages Extension Scheme for Works Not Considered in 173 GRID WSS and 95 GRID WSS Tq. Partur, Mantha and Jalna Dist: Jalna",Wazarsarkate,2525,1,0.00,0.00,176916.44,35.84,1973196.80,0.00,0.00,0.00,0.00,7006591.61,1419.41,78146407.92,0.00,0.00,25-Jul,26-Jul,27-Jul,28-Jul,29-Jul,30-Jul,31-Jul,25-Jul,26-Jul,27-Jul,28-Jul,29-Jul,30-Jul,31-Jul,4,4,3
Chhatrapati Sambhajinagar,Chhatrapati Sambhajinagar,Jalna,Mantha,Mantha,20094559,"120 Villages Extension Scheme for Works Not Considered in 173 GRID WSS and 95 GRID WSS Tq. Partur, Mantha and Jalna Dist: Jalna",LIMBEWADGAON GHARKUL,540,1,0.00,0.00,0.00,0.00,0.00,0.00,0.00,0.00,0.00,0.00,0.00,0.00,0.00,0.00,25-Jul,26-Jul,27-Jul,28-Jul,29-Jul,30-Jul,31-Jul,25-Jul,26-Jul,27-Jul,28-Jul,29-Jul,30-Jul,31-Jul,7,7,0
Chhatrapati Sambhajinagar,Chhatrapati Sambhajinagar,Jalna,Mantha,Mantha,20094559,"120 Villages Extension Scheme for Works Not Considered in 173 GRID WSS and 95 GRID WSS Tq. Partur, Mantha and Jalna Dist: Jalna",Khari Arda,571,1,0.00,673.97,0.00,0.00,0.00,942.39,0.00,0.00,118034.10,0.00,0.00,0.00,165041.59,0.00,25-Jul,26-Jul,27-Jul,28-Jul,29-Jul,30-Jul,31-Jul,25-Jul,26-Jul,27-Jul,28-Jul,29-Jul,30-Jul,31-Jul,5,5,2
Chhatrapati Sambhajinagar,Chhatrapati Sambhajinagar,Jalna,Mantha,Mantha,20094559,"120 Villages Extension Scheme for Works Not Considered in 173 GRID WSS and 95 GRID WSS Tq. Partur, Mantha and Jalna Dist: Jalna",Limbaji Barbada,369,1,0.00,0.00,0.00,0.00,0.21,0.00,0.32,0.00,0.00,0.00,0.00,56.91,0.00,86.72,25-Jul,26-Jul,27-Jul,28-Jul,29-Jul,30-Jul,31-Jul,25-Jul,26-Jul,27-Jul,28-Jul,29-Jul,30-Jul,31-Jul,5,5,2
Chhatrapati Sambhajinagar,Chhatrapati Sambhajinagar,Jalna,Mantha,Mantha,20094559,"120 Villages Extension Scheme for Works Not Considered in 173 GRID WSS and 95 GRID WSS Tq. Partur, Mantha and Jalna Dist: Jalna",Mohadi,1179,1,0.69,0.00,0.02,0.00,0.30,1.28,0.42,58.30,0.00,1.31,0.00,25.66,108.82,35.55,25-Jul,26-Jul,27-Jul,28-Jul,29-Jul,30-Jul,31-Jul,25-Jul,26-Jul,27-Jul,28-Jul,29-Jul,30-Jul,31-Jul,2,5,2
Chhatrapati Sambhajinagar,Chhatrapati Sambhajinagar,Jalna,Mantha,Mantha,20094559,"120 Villages Extension Scheme for Works Not Considered in 173 GRID WSS and 95 GRID WSS Tq. Partur, Mantha and Jalna Dist: Jalna",Dahiphal Khandare,3011,1,0.06,0.00,0.00,0.00,0.32,0.00,0.00,2.08,0.00,0.00,0.00,10.68,0.00,0.00,25-Jul,26-Jul,27-Jul,28-Jul,29-Jul,30-Jul,31-Jul,25-Jul,26-Jul,27-Jul,28-Jul,29-Jul,30-Jul,31-Jul,5,7,0
Chhatrapati Sambhajinagar,Chhatrapati Sambhajinagar,Jalna,Mantha,Mantha,20094559,"120 Villages Extension Scheme for Works Not Considered in 173 GRID WSS and 95 GRID WSS Tq. Partur, Mantha and Jalna Dist: Jalna",Tuppa,366,1,0.00,0.00,0.00,0.00,0.00,0.00,0.00,0.00,0.00,0.00,0.00,0.00,0.00,0.00,25-Jul,26-Jul,27-Jul,28-Jul,29-Jul,30-Jul,31-Jul,25-Jul,26-Jul,27-Jul,28-Jul,29-Jul,30-Jul,31-Jul,7,7,0
Chhatrapati Sambhajinagar,Chhatrapati Sambhajinagar,Jalna,Mantha,Mantha,20094559,"120 Villages Extension Scheme for Works Not Considered in 173 GRID WSS and 95 GRID WSS Tq. Partur, Mantha and Jalna Dist: Jalna",Taltondi,1388,1,0.00,0.00,0.00,0.00,0.00,0.00,0.00,0.00,0.00,0.00,0.00,0.00,0.00,0.00,25-Jul,26-Jul,27-Jul,28-Jul,29-Jul,30-Jul,31-Jul,25-Jul,26-Jul,27-Jul,28-Jul,29-Jul,30-Jul,31-Jul,7,7,0
Chhatrapati Sambhajinagar,Chhatrapati Sambhajinagar,Jalna,Mantha,Mantha,20094559,"120 Villages Extension Scheme for Works Not Considered in 173 GRID WSS and 95 GRID WSS Tq. Partur, Mantha and Jalna Dist: Jalna",Pakni,873,1,0.00,0.00,0.00,0.00,0.00,0.02,0.00,0.00,0.00,0.00,0.00,0.00,2.29,0.00,25-Jul,26-Jul,27-Jul,28-Jul,29-Jul,30-Jul,31-Jul,25-Jul,26-Jul,27-Jul,28-Jul,29-Jul,30-Jul,31-Jul,6,7,0
Chhatrapati Sambhajinagar,Chhatrapati Sambhajinagar,Jalna,Mantha,Mantha,20094559,"120 Villages Extension Scheme for Works Not Considered in 173 GRID WSS and 95 GRID WSS Tq. Partur, Mantha and Jalna Dist: Jalna",Hivarkheda,1949,1,1.33,2.36,0.39,0.09,0.81,1.99,0.03,67.98,121.06,20.04,4.87,41.37,102.05,1.77,25-Jul,26-Jul,27-Jul,28-Jul,29-Jul,30-Jul,31-Jul,25-Jul,26-Jul,27-Jul,28-Jul,29-Jul,30-Jul,31-Jul,0,4,3
Chhatrapati Sambhajinagar,Chhatrapati Sambhajinagar,Jalna,Mantha,Mantha,20094559,"120 Villages Extension Scheme for Works Not Considered in 173 GRID WSS and 95 GRID WSS Tq. Partur, Mantha and Jalna Dist: Jalna",Kirtapur,1080,1,0.00,0.00,0.00,0.00,0.00,0.00,0.00,0.00,0.00,0.00,0.00,0.00,0.00,0.00,25-Jul,26-Jul,27-Jul,28-Jul,29-Jul,30-Jul,31-Jul,25-Jul,26-Jul,27-Jul,28-Jul,29-Jul,30-Jul,31-Jul,7,7,0
Chhatrapati Sambhajinagar,Chhatrapati Sambhajinagar,Jalna,Mantha,Mantha,20094559,"120 Villages Extension Scheme for Works Not Considered in 173 GRID WSS and 95 GRID WSS Tq. Partur, Mantha and Jalna Dist: Jalna",Mohdari,431,1,0.00,0.00,0.00,0.00,0.02,0.00,0.00,0.00,0.00,0.00,0.00,4.26,0.00,0.00,25-Jul,26-Jul,27-Jul,28-Jul,29-Jul,30-Jul,31-Jul,25-Jul,26-Jul,27-Jul,28-Jul,29-Jul,30-Jul,31-Jul,6,7,0
Chhatrapati Sambhajinagar,Chhatrapati Sambhajinagar,Jalna,Mantha,Mantha,20094559,"120 Villages Extension Scheme for Works Not Considered in 173 GRID WSS and 95 GRID WSS Tq. Partur, Mantha and Jalna Dist: Jalna",Tokawadi Tanda,643,1,0.00,0.00,0.00,0.00,0.00,0.00,0.00,0.00,0.00,0.00,0.00,0.00,0.00,0.00,25-Jul,26-Jul,27-Jul,28-Jul,29-Jul,30-Jul,31-Jul,25-Jul,26-Jul,27-Jul,28-Jul,29-Jul,30-Jul,31-Jul,7,7,0
Chhatrapati Sambhajinagar,Chhatrapati Sambhajinagar,Jalna,Mantha,Mantha,20094559,"120 Villages Extension Scheme for Works Not Considered in 173 GRID WSS and 95 GRID WSS Tq. Partur, Mantha and Jalna Dist: Jalna",Shivangiri,2008,1,0.00,0.00,0.00,0.11,0.65,0.00,0.00,0.00,0.00,0.00,5.61,32.35,0.16,0.07,25-Jul,26-Jul,27-Jul,28-Jul,29-Jul,30-Jul,31-Jul,25-Jul,26-Jul,27-Jul,28-Jul,29-Jul,30-Jul,31-Jul,3,7,0
Chhatrapati Sambhajinagar,Chhatrapati Sambhajinagar,Jalna,Mantha,Mantha,20094559,"120 Villages Extension Scheme for Works Not Considered in 173 GRID WSS and 95 GRID WSS Tq. Partur, Mantha and Jalna Dist: Jalna",WANJOLA,1817,1,0.00,0.00,0.00,0.00,0.00,0.00,0.00,0.00,0.00,0.00,0.00,0.00,0.00,0.00,25-Jul,26-Jul,27-Jul,28-Jul,29-Jul,30-Jul,31-Jul,25-Jul,26-Jul,27-Jul,28-Jul,29-Jul,30-Jul,31-Jul,7,7,0
Chhatrapati Sambhajinagar,Chhatrapati Sambhajinagar,Jalna,Partur,Partur,20094559,"120 Villages Extension Scheme for Works Not Considered in 173 GRID WSS and 95 GRID WSS Tq. Partur, Mantha and Jalna Dist: Jalna",Kawajawala,1582,1,0.00,0.00,0.00,0.00,0.00,0.00,0.00,0.00,0.00,0.00,0.00,0.00,0.00,0.00,25-Jul,26-Jul,27-Jul,28-Jul,29-Jul,30-Jul,31-Jul,25-Jul,26-Jul,27-Jul,28-Jul,29-Jul,30-Jul,31-Jul,7,7,0
Chhatrapati Sambhajinagar,Chhatrapati Sambhajinagar,Jalna,Partur,Partur,20094559,"120 Villages Extension Scheme for Works Not Considered in 173 GRID WSS and 95 GRID WSS Tq. Partur, Mantha and Jalna Dist: Jalna",Karhala,2429,1,0.00,0.00,0.00,0.00,0.00,0.00,0.00,0.00,0.00,0.00,0.00,0.00,0.00,0.00,25-Jul,26-Jul,27-Jul,28-Jul,29-Jul,30-Jul,31-Jul,25-Jul,26-Jul,27-Jul,28-Jul,29-Jul,30-Jul,31-Jul,7,7,0
Chhatrapati Sambhajinagar,Chhatrapati Sambhajinagar,Jalna,Partur,Partur,20094559,"120 Villages Extension Scheme for Works Not Considered in 173 GRID WSS and 95 GRID WSS Tq. Partur, Mantha and Jalna Dist: Jalna",Asangaon,1225,1,0.15,0.00,0.00,0.35,0.32,0.31,0.35,12.13,0.00,0.00,28.57,26.12,25.31,28.57,25-Jul,26-Jul,27-Jul,28-Jul,29-Jul,30-Jul,31-Jul,25-Jul,26-Jul,27-Jul,28-Jul,29-Jul,30-Jul,31-Jul,2,7,0
Chhatrapati Sambhajinagar,Chhatrapati Sambhajinagar,Jalna,Partur,Partur,20094559,"120 Villages Extension Scheme for Works Not Considered in 173 GRID WSS and 95 GRID WSS Tq. Partur, Mantha and Jalna Dist: Jalna",Khandviwadi,1823,1,0.40,0.15,0.00,0.00,0.00,0.00,0.00,21.97,8.09,0.00,0.00,0.00,0.00,0.00,25-Jul,26-Jul,27-Jul,28-Jul,29-Jul,30-Jul,31-Jul,25-Jul,26-Jul,27-Jul,28-Jul,29-Jul,30-Jul,31-Jul,5,7,0
Chhatrapati Sambhajinagar,Chhatrapati Sambhajinagar,Jalna,Partur,Partur,20094559,"120 Villages Extension Scheme for Works Not Considered in 173 GRID WSS and 95 GRID WSS Tq. Partur, Mantha and Jalna Dist: Jalna",Khadki,481,1,0.00,0.00,0.00,0.00,0.00,0.00,0.00,0.00,0.00,0.00,0.00,0.00,0.02,0.00,25-Jul,26-Jul,27-Jul,28-Jul,29-Jul,30-Jul,31-Jul,25-Jul,26-Jul,27-Jul,28-Jul,29-Jul,30-Jul,31-Jul,6,7,0
Chhatrapati Sambhajinagar,Chhatrapati Sambhajinagar,Jalna,Partur,Partur,20094559,"120 Villages Extension Scheme for Works Not Considered in 173 GRID WSS and 95 GRID WSS Tq. Partur, Mantha and Jalna Dist: Jalna",Hatwan,1694,1,0.49,0.36,0.00,0.60,0.82,0.56,0.19,29.08,21.21,0.07,35.50,48.63,33.34,11.49,25-Jul,26-Jul,27-Jul,28-Jul,29-Jul,30-Jul,31-Jul,25-Jul,26-Jul,27-Jul,28-Jul,29-Jul,30-Jul,31-Jul,0,7,0
Chhatrapati Sambhajinagar,Chhatrapati Sambhajinagar,Jalna,Partur,Partur,20094559,"120 Villages Extension Scheme for Works Not Considered in 173 GRID WSS and 95 GRID WSS Tq. Partur, Mantha and Jalna Dist: Jalna",Daithana (bk),1363,1,0.00,0.00,0.00,0.35,0.51,0.68,0.95,0.00,0.00,0.00,25.59,37.33,49.96,69.56,25-Jul,26-Jul,27-Jul,28-Jul,29-Jul,30-Jul,31-Jul,25-Jul,26-Jul,27-Jul,28-Jul,29-Jul,30-Jul,31-Jul,3,6,1
Chhatrapati Sambhajinagar,Chhatrapati Sambhajinagar,Jalna,Partur,Partur,20094559,"120 Villages Extension Scheme for Works Not Considered in 173 GRID WSS and 95 GRID WSS Tq. Partur, Mantha and Jalna Dist: Jalna",Waijoda,1365,1,0.00,0.00,0.00,0.00,0.00,0.00,0.00,0.00,0.00,0.21,0.06,0.00,0.00,0.00,25-Jul,26-Jul,27-Jul,28-Jul,29-Jul,30-Jul,31-Jul,25-Jul,26-Jul,27-Jul,28-Jul,29-Jul,30-Jul,31-Jul,5,7,0
Chhatrapati Sambhajinagar,Chhatrapati Sambhajinagar,Jalna,Partur,Partur,20094559,"120 Villages Extension Scheme for Works Not Considered in 173 GRID WSS and 95 GRID WSS Tq. Partur, Mantha and Jalna Dist: Jalna",Bramhanwadi,1563,1,0.13,0.05,0.30,0.00,0.02,0.89,0.00,8.06,2.94,19.09,0.02,1.51,56.76,0.00,25-Jul,26-Jul,27-Jul,28-Jul,29-Jul,30-Jul,31-Jul,25-Jul,26-Jul,27-Jul,28-Jul,29-Jul,30-Jul,31-Jul,1,6,1
Chhatrapati Sambhajinagar,Chhatrapati Sambhajinagar,Jalna,Partur,Partur,20094559,"120 Villages Extension Scheme for Works Not Considered in 173 GRID WSS and 95 GRID WSS Tq. Partur, Mantha and Jalna Dist: Jalna",Banachiwadi,898,1,0.00,0.00,0.00,0.00,0.00,0.00,0.00,0.00,0.22,0.11,0.06,0.01,0.02,0.01,25-Jul,26-Jul,27-Jul,28-Jul,29-Jul,30-Jul,31-Jul,25-Jul,26-Jul,27-Jul,28-Jul,29-Jul,30-Jul,31-Jul,1,7,0
Chhatrapati Sambhajinagar,Chhatrapati Sambhajinagar,Jalna,Partur,Partur,20094559,"120 Villages Extension Scheme for Works Not Considered in 173 GRID WSS and 95 GRID WSS Tq. Partur, Mantha and Jalna Dist: Jalna",Rohina (Bk),953,1,0.00,0.00,0.00,0.00,0.00,0.00,0.00,0.00,0.00,0.00,0.00,0.00,0.00,0.00,25-Jul,26-Jul,27-Jul,28-Jul,29-Jul,30-Jul,31-Jul,25-Jul,26-Jul,27-Jul,28-Jul,29-Jul,30-Jul,31-Jul,7,7,0
Chhatrapati Sambhajinagar,Chhatrapati Sambhajinagar,Jalna,Partur,Partur,20094559,"120 Villages Extension Scheme for Works Not Considered in 173 GRID WSS and 95 GRID WSS Tq. Partur, Mantha and Jalna Dist: Jalna",Ganeshpur (Hanwadi),289,1,0.04,0.00,0.01,0.04,0.07,0.09,0.01,12.16,0.34,4.17,14.58,22.79,32.08,2.56,25-Jul,26-Jul,27-Jul,28-Jul,29-Jul,30-Jul,31-Jul,25-Jul,26-Jul,27-Jul,28-Jul,29-Jul,30-Jul,31-Jul,0,7,0
Chhatrapati Sambhajinagar,Chhatrapati Sambhajinagar,Jalna,Partur,Partur,20094559,"120 Villages Extension Scheme for Works Not Considered in 173 GRID WSS and 95 GRID WSS Tq. Partur, Mantha and Jalna Dist: Jalna",Takali Rangopant,1726,1,0.00,0.00,0.00,0.00,0.00,0.00,0.00,0.00,0.00,0.00,0.00,0.00,0.00,0.00,25-Jul,26-Jul,27-Jul,28-Jul,29-Jul,30-Jul,31-Jul,25-Jul,26-Jul,27-Jul,28-Jul,29-Jul,30-Jul,31-Jul,7,7,0
Chhatrapati Sambhajinagar,Chhatrapati Sambhajinagar,Jalna,Partur,Partur,20094559,"120 Villages Extension Scheme for Works Not Considered in 173 GRID WSS and 95 GRID WSS Tq. Partur, Mantha and Jalna Dist: Jalna",Akoli,1067,1,0.02,0.00,0.00,0.00,0.00,0.00,0.00,2.15,0.00,0.01,0.00,0.00,0.00,0.00,25-Jul,26-Jul,27-Jul,28-Jul,29-Jul,30-Jul,31-Jul,25-Jul,26-Jul,27-Jul,28-Jul,29-Jul,30-Jul,31-Jul,5,7,0
Chhatrapati Sambhajinagar,Chhatrapati Sambhajinagar,Jalna,Partur,Partur,20094559,"120 Villages Extension Scheme for Works Not Considered in 173 GRID WSS and 95 GRID WSS Tq. Partur, Mantha and Jalna Dist: Jalna",Rohina Kh,2293,1,0.20,0.32,0.00,0.42,0.38,0.34,0.36,8.72,13.96,0.00,18.32,16.57,14.83,15.70,25-Jul,26-Jul,27-Jul,28-Jul,29-Jul,30-Jul,31-Jul,25-Jul,26-Jul,27-Jul,28-Jul,29-Jul,30-Jul,31-Jul,1,7,0
Chhatrapati Sambhajinagar,Chhatrapati Sambhajinagar,Jalna,Partur,Partur,20094559,"120 Villages Extension Scheme for Works Not Considered in 173 GRID WSS and 95 GRID WSS Tq. Partur, Mantha and Jalna Dist: Jalna",Dahiphal Tanda,545,1,0.00,0.00,0.00,0.00,0.00,0.00,0.00,0.00,0.00,0.00,0.00,0.00,0.00,0.00,25-Jul,26-Jul,27-Jul,28-Jul,29-Jul,30-Jul,31-Jul,25-Jul,26-Jul,27-Jul,28-Jul,29-Jul,30-Jul,31-Jul,7,7,0
Chhatrapati Sambhajinagar,Chhatrapati Sambhajinagar,Jalna,Partur,Partur,20094559,"120 Villages Extension Scheme for Works Not Considered in 173 GRID WSS and 95 GRID WSS Tq. Partur, Mantha and Jalna Dist: Jalna",Hareramnagar,377,1,0.00,0.00,0.00,0.00,0.00,0.00,0.00,0.00,0.00,0.00,0.00,0.00,0.00,0.00,25-Jul,26-Jul,27-Jul,28-Jul,29-Jul,30-Jul,31-Jul,25-Jul,26-Jul,27-Jul,28-Jul,29-Jul,30-Jul,31-Jul,7,7,0
Chhatrapati Sambhajinagar,Chhatrapati Sambhajinagar,Jalna,Partur,Partur,20094559,"120 Villages Extension Scheme for Works Not Considered in 173 GRID WSS and 95 GRID WSS Tq. Partur, Mantha and Jalna Dist: Jalna",Hastur Tanda,1454,1,0.00,0.00,0.00,0.00,0.00,0.00,0.00,0.00,0.00,0.00,0.00,0.00,0.00,0.00,25-Jul,26-Jul,27-Jul,28-Jul,29-Jul,30-Jul,31-Jul,25-Jul,26-Jul,27-Jul,28-Jul,29-Jul,30-Jul,31-Jul,7,7,0
Chhatrapati Sambhajinagar,Chhatrapati Sambhajinagar,Jalna,Partur,Partur,20094559,"120 Villages Extension Scheme for Works Not Considered in 173 GRID WSS and 95 GRID WSS Tq. Partur, Mantha and Jalna Dist: Jalna",Anandwadi,2333,1,0.00,0.00,0.00,0.00,0.00,0.00,0.00,0.00,0.00,0.00,0.00,0.00,0.00,0.00,25-Jul,26-Jul,27-Jul,28-Jul,29-Jul,30-Jul,31-Jul,25-Jul,26-Jul,27-Jul,28-Jul,29-Jul,30-Jul,31-Jul,7,7,0
Chhatrapati Sambhajinagar,Chhatrapati Sambhajinagar,Jalna,Partur,Partur,20094559,"120 Villages Extension Scheme for Works Not Considered in 173 GRID WSS and 95 GRID WSS Tq. Partur, Mantha and Jalna Dist: Jalna",Mapegaon KH,1293,1,0.00,0.00,0.00,0.00,0.00,0.00,0.00,0.00,0.00,0.00,0.00,0.00,0.00,0.00,25-Jul,26-Jul,27-Jul,28-Jul,29-Jul,30-Jul,31-Jul,25-Jul,26-Jul,27-Jul,28-Jul,29-Jul,30-Jul,31-Jul,7,7,0
Chhatrapati Sambhajinagar,Chhatrapati Sambhajinagar,Jalna,Partur,Partur,20094559,"120 Villages Extension Scheme for Works Not Considered in 173 GRID WSS and 95 GRID WSS Tq. Partur, Mantha and Jalna Dist: Jalna",Shreshti,2637,1,0.00,0.00,0.00,0.00,0.00,0.00,0.00,0.05,0.04,0.05,0.05,0.09,0.07,0.03,25-Jul,26-Jul,27-Jul,28-Jul,29-Jul,30-Jul,31-Jul,25-Jul,26-Jul,27-Jul,28-Jul,29-Jul,30-Jul,31-Jul,0,7,0
Chhatrapati Sambhajinagar,Chhatrapati Sambhajinagar,Jalna,Partur,Partur,20094559,"120 Villages Extension Scheme for Works Not Considered in 173 GRID WSS and 95 GRID WSS Tq. Partur, Mantha and Jalna Dist: Jalna",Wahegaon Satara,1417,1,0.00,0.00,0.00,0.00,0.02,0.00,0.24,0.00,0.00,0.00,0.00,1.73,0.00,16.62,25-Jul,26-Jul,27-Jul,28-Jul,29-Jul,30-Jul,31-Jul,25-Jul,26-Jul,27-Jul,28-Jul,29-Jul,30-Jul,31-Jul,5,7,0
Chhatrapati Sambhajinagar,Chhatrapati Sambhajinagar,Jalna,Partur,Partur,20094559,"120 Villages Extension Scheme for Works Not Considered in 173 GRID WSS and 95 GRID WSS Tq. Partur, Mantha and Jalna Dist: Jalna",Surumgaon,947,2,7.49,4.27,5.01,0.26,2.05,10.81,16.98,790.65,451.39,529.18,26.93,215.95,1141.07,1793.41,25-Jul,26-Jul,27-Jul,28-Jul,29-Jul,30-Jul,31-Jul,25-Jul,26-Jul,27-Jul,28-Jul,29-Jul,30-Jul,31-Jul,0,1,6
Chhatrapati Sambhajinagar,Chhatrapati Sambhajinagar,Jalna,Partur,Partur,20094559,"120 Villages Extension Scheme for Works Not Considered in 173 GRID WSS and 95 GRID WSS Tq. Partur, Mantha and Jalna Dist: Jalna",Raipur,607,1,0.32,0.00,0.01,0.02,0.00,0.01,0.02,52.82,0.58,1.75,2.72,0.68,1.95,3.36,25-Jul,26-Jul,27-Jul,28-Jul,29-Jul,30-Jul,31-Jul,25-Jul,26-Jul,27-Jul,28-Jul,29-Jul,30-Jul,31-Jul,0,7,0
Chhatrapati Sambhajinagar,Chhatrapati Sambhajinagar,Jalna,Partur,Partur,20094559,"120 Villages Extension Scheme for Works Not Considered in 173 GRID WSS and 95 GRID WSS Tq. Partur, Mantha and Jalna Dist: Jalna",Satarawahegaon,1264,1,0.22,0.36,0.56,0.00,0.00,0.00,0.00,17.28,28.32,44.11,0.12,0.00,0.00,0.00,25-Jul,26-Jul,27-Jul,28-Jul,29-Jul,30-Jul,31-Jul,25-Jul,26-Jul,27-Jul,28-Jul,29-Jul,30-Jul,31-Jul,3,7,0
Chhatrapati Sambhajinagar,Chhatrapati Sambhajinagar,Jalna,Partur,Partur,20094559,"120 Villages Extension Scheme for Works Not Considered in 173 GRID WSS and 95 GRID WSS Tq. Partur, Mantha and Jalna Dist: Jalna",Mav Patoda,1542,1,0.00,0.57,0.00,0.00,0.20,0.42,0.00,0.00,37.19,0.00,0.00,12.84,27.36,0.00,25-Jul,26-Jul,27-Jul,28-Jul,29-Jul,30-Jul,31-Jul,25-Jul,26-Jul,27-Jul,28-Jul,29-Jul,30-Jul,31-Jul,4,7,0
Chhatrapati Sambhajinagar,Chhatrapati Sambhajinagar,Jalna,Partur,Partur,20094559,"120 Villages Extension Scheme for Works Not Considered in 173 GRID WSS and 95 GRID WSS Tq. Partur, Mantha and Jalna Dist: Jalna",Pimprula (bk),1111,1,0.53,0.79,0.70,0.53,0.73,0.50,0.46,47.83,71.26,62.86,47.29,66.11,44.95,41.78,25-Jul,26-Jul,27-Jul,28-Jul,29-Jul,30-Jul,31-Jul,25-Jul,26-Jul,27-Jul,28-Jul,29-Jul,30-Jul,31-Jul,0,4,3
Chhatrapati Sambhajinagar,Chhatrapati Sambhajinagar,Jalna,Partur,Partur,20094559,"120 Villages Extension Scheme for Works Not Considered in 173 GRID WSS and 95 GRID WSS Tq. Partur, Mantha and Jalna Dist: Jalna",Babai,1088,1,0.51,0.54,1.97,0.30,0.31,0.30,0.00,47.08,49.60,181.53,27.94,28.47,27.62,0.00,25-Jul,26-Jul,27-Jul,28-Jul,29-Jul,30-Jul,31-Jul,25-Jul,26-Jul,27-Jul,28-Jul,29-Jul,30-Jul,31-Jul,1,6,1
Chhatrapati Sambhajinagar,Chhatrapati Sambhajinagar,Jalna,Partur,Partur,20094559,"120 Villages Extension Scheme for Works Not Considered in 173 GRID WSS and 95 GRID WSS Tq. Partur, Mantha and Jalna Dist: Jalna",Pandepokhari,2434,1,0.04,0.06,0.00,0.00,0.01,0.20,0.01,1.68,2.27,0.11,0.03,0.22,8.24,0.28,25-Jul,26-Jul,27-Jul,28-Jul,29-Jul,30-Jul,31-Jul,25-Jul,26-Jul,27-Jul,28-Jul,29-Jul,30-Jul,31-Jul,0,7,0
Chhatrapati Sambhajinagar,Chhatrapati Sambhajinagar,Jalna,Partur,Partur,20094559,"120 Villages Extension Scheme for Works Not Considered in 173 GRID WSS and 95 GRID WSS Tq. Partur, Mantha and Jalna Dist: Jalna",Sirasgaon,1422,1,0.00,0.34,0.00,0.49,0.01,0.18,0.00,0.01,23.56,0.17,34.41,0.63,12.84,0.00,25-Jul,26-Jul,27-Jul,28-Jul,29-Jul,30-Jul,31-Jul,25-Jul,26-Jul,27-Jul,28-Jul,29-Jul,30-Jul,31-Jul,1,7,0
Chhatrapati Sambhajinagar,Chhatrapati Sambhajinagar,Jalna,Partur,Partur,20094559,"120 Villages Extension Scheme for Works Not Considered in 173 GRID WSS and 95 GRID WSS Tq. Partur, Mantha and Jalna Dist: Jalna",Bramhawadgaon,728,1,3.95,0.00,0.00,0.14,0.00,0.00,0.04,542.58,0.00,0.00,19.23,0.00,0.00,5.08,25-Jul,26-Jul,27-Jul,28-Jul,29-Jul,30-Jul,31-Jul,25-Jul,26-Jul,27-Jul,28-Jul,29-Jul,30-Jul,31-Jul,4,6,1
Chhatrapati Sambhajinagar,Chhatrapati Sambhajinagar,Jalna,Partur,Partur,20094559,"120 Villages Extension Scheme for Works Not Considered in 173 GRID WSS and 95 GRID WSS Tq. Partur, Mantha and Jalna Dist: Jalna",Padli Pardhi,540,1,0.00,0.00,0.00,0.00,0.00,0.00,0.00,0.00,0.00,0.00,0.00,0.00,0.00,0.00,25-Jul,26-Jul,27-Jul,28-Jul,29-Jul,30-Jul,31-Jul,25-Jul,26-Jul,27-Jul,28-Jul,29-Jul,30-Jul,31-Jul,7,7,0
Chhatrapati Sambhajinagar,Chhatrapati Sambhajinagar,Jalna,Partur,Partur,20094559,"120 Villages Extension Scheme for Works Not Considered in 173 GRID WSS and 95 GRID WSS Tq. Partur, Mantha and Jalna Dist: Jalna",Lingsa,2168,1,0.00,0.00,0.00,0.00,0.00,0.00,0.00,0.00,0.00,0.00,0.00,0.00,0.00,0.00,25-Jul,26-Jul,27-Jul,28-Jul,29-Jul,30-Jul,31-Jul,25-Jul,26-Jul,27-Jul,28-Jul,29-Jul,30-Jul,31-Jul,7,7,0
Chhatrapati Sambhajinagar,Chhatrapati Sambhajinagar,Jalna,Partur,Partur,20094559,"120 Villages Extension Scheme for Works Not Considered in 173 GRID WSS and 95 GRID WSS Tq. Partur, Mantha and Jalna Dist: Jalna",Raigavan,1839,1,0.00,0.00,0.00,0.00,0.00,0.00,0.00,0.00,0.00,0.00,0.00,0.00,0.00,0.00,25-Jul,26-Jul,27-Jul,28-Jul,29-Jul,30-Jul,31-Jul,25-Jul,26-Jul,27-Jul,28-Jul,29-Jul,30-Jul,31-Jul,7,7,0
Chhatrapati Sambhajinagar,Chhatrapati Sambhajinagar,Jalna,Partur,Partur,20094559,"120 Villages Extension Scheme for Works Not Considered in 173 GRID WSS and 95 GRID WSS Tq. Partur, Mantha and Jalna Dist: Jalna",Babultara,1652,1,0.00,1.23,0.49,0.42,1.02,1.44,1.46,0.03,74.48,29.70,25.37,61.83,87.22,88.50,25-Jul,26-Jul,27-Jul,28-Jul,29-Jul,30-Jul,31-Jul,25-Jul,26-Jul,27-Jul,28-Jul,29-Jul,30-Jul,31-Jul,0,3,4
Chhatrapati Sambhajinagar,Chhatrapati Sambhajinagar,Jalna,Partur,Partur,20094559,"120 Villages Extension Scheme for Works Not Considered in 173 GRID WSS and 95 GRID WSS Tq. Partur, Mantha and Jalna Dist: Jalna",Pimpali Dhamangaon,1892,1,0.84,1.10,1.36,1.16,1.29,0.98,1.25,44.18,58.17,72.04,61.39,67.94,51.95,65.90,25-Jul,26-Jul,27-Jul,28-Jul,29-Jul,30-Jul,31-Jul,25-Jul,26-Jul,27-Jul,28-Jul,29-Jul,30-Jul,31-Jul,0,2,5
Chhatrapati Sambhajinagar,Chhatrapati Sambhajinagar,Jalna,Partur,Partur,20094559,"120 Villages Extension Scheme for Works Not Considered in 173 GRID WSS and 95 GRID WSS Tq. Partur, Mantha and Jalna Dist: Jalna",Shreshti Tanda,574,1,0.00,0.00,0.00,0.00,0.00,0.00,0.00,0.00,0.00,0.00,0.00,0.00,0.00,0.00,25-Jul,26-Jul,27-Jul,28-Jul,29-Jul,30-Jul,31-Jul,25-Jul,26-Jul,27-Jul,28-Jul,29-Jul,30-Jul,31-Jul,7,7,0
Chhatrapati Sambhajinagar,Chhatrapati Sambhajinagar,Jalna,Partur,Partur,20094559,"120 Villages Extension Scheme for Works Not Considered in 173 GRID WSS and 95 GRID WSS Tq. Partur, Mantha and Jalna Dist: Jalna",Hatadi,1759,1,0.00,0.00,0.00,0.00,0.00,0.00,0.00,0.00,0.00,0.00,0.00,0.00,0.00,0.00,25-Jul,26-Jul,27-Jul,28-Jul,29-Jul,30-Jul,31-Jul,25-Jul,26-Jul,27-Jul,28-Jul,29-Jul,30-Jul,31-Jul,7,7,0
Chhatrapati Sambhajinagar,Chhatrapati Sambhajinagar,Jalna,Partur,Partur,20094559,"120 Villages Extension Scheme for Works Not Considered in 173 GRID WSS and 95 GRID WSS Tq. Partur, Mantha and Jalna Dist: Jalna",Soyajanna,1238,2,0.00,0.00,0.53,0.00,0.00,0.54,0.02,0.01,0.00,42.50,0.00,0.00,43.56,1.35,25-Jul,26-Jul,27-Jul,28-Jul,29-Jul,30-Jul,31-Jul,25-Jul,26-Jul,27-Jul,28-Jul,29-Jul,30-Jul,31-Jul,3,7,0
Chhatrapati Sambhajinagar,Chhatrapati Sambhajinagar,Jalna,Partur,Partur,20094559,"120 Villages Extension Scheme for Works Not Considered in 173 GRID WSS and 95 GRID WSS Tq. Partur, Mantha and Jalna Dist: Jalna",Yenora,2262,1,0.00,0.00,0.00,0.00,0.00,0.00,0.00,0.00,0.00,0.00,0.00,0.00,0.00,0.00,25-Jul,26-Jul,27-Jul,28-Jul,29-Jul,30-Jul,31-Jul,25-Jul,26-Jul,27-Jul,28-Jul,29-Jul,30-Jul,31-Jul,7,7,0
Chhatrapati Sambhajinagar,Chhatrapati Sambhajinagar,Jalna,Partur,Partur,20094559,"120 Villages Extension Scheme for Works Not Considered in 173 GRID WSS and 95 GRID WSS Tq. Partur, Mantha and Jalna Dist: Jalna",Likhitpimpri,1174,1,0.10,0.00,0.26,0.00,0.00,0.00,0.00,8.74,0.00,22.15,0.00,0.00,0.00,0.00,25-Jul,26-Jul,27-Jul,28-Jul,29-Jul,30-Jul,31-Jul,25-Jul,26-Jul,27-Jul,28-Jul,29-Jul,30-Jul,31-Jul,5,7,0
Chhatrapati Sambhajinagar,Chhatrapati Sambhajinagar,Jalna,Partur,Partur,20094559,"120 Villages Extension Scheme for Works Not Considered in 173 GRID WSS and 95 GRID WSS Tq. Partur, Mantha and Jalna Dist: Jalna",Watur Fata,4297,1,0.00,0.00,0.00,0.00,0.00,0.00,0.00,0.00,0.00,0.00,0.00,0.00,0.00,0.00,25-Jul,26-Jul,27-Jul,28-Jul,29-Jul,30-Jul,31-Jul,25-Jul,26-Jul,27-Jul,28-Jul,29-Jul,30-Jul,31-Jul,7,7,0
Chhatrapati Sambhajinagar,Chhatrapati Sambhajinagar,Jalna,Partur,Partur,20094559,"120 Villages Extension Scheme for Works Not Considered in 173 GRID WSS and 95 GRID WSS Tq. Partur, Mantha and Jalna Dist: Jalna",Singhona,2345,1,0.00,0.00,0.00,0.00,0.00,0.00,0.58,0.00,0.00,0.00,0.00,0.00,0.00,24.53,25-Jul,26-Jul,27-Jul,28-Jul,29-Jul,30-Jul,31-Jul,25-Jul,26-Jul,27-Jul,28-Jul,29-Jul,30-Jul,31-Jul,6,7,0
Chhatrapati Sambhajinagar,Chhatrapati Sambhajinagar,Jalna,Partur,Partur,20094559,"120 Villages Extension Scheme for Works Not Considered in 173 GRID WSS and 95 GRID WSS Tq. Partur, Mantha and Jalna Dist: Jalna",Shelavda,521,1,0.00,0.03,0.00,0.00,0.00,0.00,0.00,0.00,5.76,0.00,0.00,0.00,0.00,0.00,25-Jul,26-Jul,27-Jul,28-Jul,29-Jul,30-Jul,31-Jul,25-Jul,26-Jul,27-Jul,28-Jul,29-Jul,30-Jul,31-Jul,6,7,0
Chhatrapati Sambhajinagar,Chhatrapati Sambhajinagar,Jalna,Partur,Partur,20094559,"120 Villages Extension Scheme for Works Not Considered in 173 GRID WSS and 95 GRID WSS Tq. Partur, Mantha and Jalna Dist: Jalna",Daithana Kh.,1844,1,0.00,0.00,0.00,0.00,0.00,0.00,0.00,0.00,0.00,0.00,0.00,0.00,0.00,0.00,25-Jul,26-Jul,27-Jul,28-Jul,29-Jul,30-Jul,31-Jul,25-Jul,26-Jul,27-Jul,28-Jul,29-Jul,30-Jul,31-Jul,7,7,0
Chhatrapati Sambhajinagar,Chhatrapati Sambhajinagar,Jalna,Partur,Partur,20094559,"120 Villages Extension Scheme for Works Not Considered in 173 GRID WSS and 95 GRID WSS Tq. Partur, Mantha and Jalna Dist: Jalna",Sankanpuri,1994,1,0.00,0.00,0.00,0.00,0.00,0.00,0.00,0.00,0.00,0.00,0.00,0.00,0.00,0.00,25-Jul,26-Jul,27-Jul,28-Jul,29-Jul,30-Jul,31-Jul,25-Jul,26-Jul,27-Jul,28-Jul,29-Jul,30-Jul,31-Jul,7,7,0
Chhatrapati Sambhajinagar,Chhatrapati Sambhajinagar,Jalna,Partur,Partur,20094559,"120 Villages Extension Scheme for Works Not Considered in 173 GRID WSS and 95 GRID WSS Tq. Partur, Mantha and Jalna Dist: Jalna",Dhokmal Tanda,1058,1,0.83,0.64,0.38,0.00,0.00,0.00,0.00,78.04,60.37,35.92,0.00,0.00,0.00,0.00,25-Jul,26-Jul,27-Jul,28-Jul,29-Jul,30-Jul,31-Jul,25-Jul,26-Jul,27-Jul,28-Jul,29-Jul,30-Jul,31-Jul,4,5,2
Chhatrapati Sambhajinagar,Chhatrapati Sambhajinagar,Jalna,Partur,Partur,20094559,"120 Villages Extension Scheme for Works Not Considered in 173 GRID WSS and 95 GRID WSS Tq. Partur, Mantha and Jalna Dist: Jalna",Ekrukha,325,1,0.00,0.00,0.00,0.00,0.00,0.00,0.00,0.00,0.00,0.00,0.00,0.00,0.00,0.00,25-Jul,26-Jul,27-Jul,28-Jul,29-Jul,30-Jul,31-Jul,25-Jul,26-Jul,27-Jul,28-Jul,29-Jul,30-Jul,31-Jul,7,7,0
Chhatrapati Sambhajinagar,Chhatrapati Sambhajinagar,Jalna,Partur,Partur,20094559,"120 Villages Extension Scheme for Works Not Considered in 173 GRID WSS and 95 GRID WSS Tq. Partur, Mantha and Jalna Dist: Jalna",Patoda Mav,2967,1,0.13,0.00,0.00,0.00,0.00,0.00,0.00,4.32,0.00,0.00,0.01,0.00,0.01,0.01,25-Jul,26-Jul,27-Jul,28-Jul,29-Jul,30-Jul,31-Jul,25-Jul,26-Jul,27-Jul,28-Jul,29-Jul,30-Jul,31-Jul,3,7,0
Chhatrapati Sambhajinagar,Chhatrapati Sambhajinagar,Jalna,Partur,Partur,20094559,"120 Villages Extension Scheme for Works Not Considered in 173 GRID WSS and 95 GRID WSS Tq. Partur, Mantha and Jalna Dist: Jalna",Varphal,3649,1,0.00,0.00,0.00,0.00,0.00,0.00,0.00,0.00,0.00,0.00,0.00,0.00,0.00,0.00,25-Jul,26-Jul,27-Jul,28-Jul,29-Jul,30-Jul,31-Jul,25-Jul,26-Jul,27-Jul,28-Jul,29-Jul,30-Jul,31-Jul,7,7,0
Chhatrapati Sambhajinagar,Chhatrapati Sambhajinagar,Jalna,Partur,Partur,20094559,"120 Villages Extension Scheme for Works Not Considered in 173 GRID WSS and 95 GRID WSS Tq. Partur, Mantha and Jalna Dist: Jalna",Devala,1141,1,0.96,0.27,0.67,0.35,0.27,0.28,0.37,84.16,23.66,58.72,30.67,23.66,24.54,32.43,25-Jul,26-Jul,27-Jul,28-Jul,29-Jul,30-Jul,31-Jul,25-Jul,26-Jul,27-Jul,28-Jul,29-Jul,30-Jul,31-Jul,0,5,2
Chhatrapati Sambhajinagar,Chhatrapati Sambhajinagar,Jalna,Partur,Partur,20094559,"120 Villages Extension Scheme for Works Not Considered in 173 GRID WSS and 95 GRID WSS Tq. Partur, Mantha and Jalna Dist: Jalna",Masala,716,1,0.49,0.05,0.02,0.00,0.00,0.02,0.00,68.16,7.68,2.78,0.14,0.44,2.18,0.10,25-Jul,26-Jul,27-Jul,28-Jul,29-Jul,30-Jul,31-Jul,25-Jul,26-Jul,27-Jul,28-Jul,29-Jul,30-Jul,31-Jul,0,6,1
Chhatrapati Sambhajinagar,Chhatrapati Sambhajinagar,Jalna,Partur,Partur,20094559,"120 Villages Extension Scheme for Works Not Considered in 173 GRID WSS and 95 GRID WSS Tq. Partur, Mantha and Jalna Dist: Jalna",Khandvi,2404,1,0.00,0.00,0.00,0.00,0.00,0.00,0.00,0.00,0.00,0.00,0.00,0.00,0.00,0.00,25-Jul,26-Jul,27-Jul,28-Jul,29-Jul,30-Jul,31-Jul,25-Jul,26-Jul,27-Jul,28-Jul,29-Jul,30-Jul,31-Jul,7,7,0
Chhatrapati Sambhajinagar,Chhatrapati Sambhajinagar,Jalna,Partur,Partur,20094559,"120 Villages Extension Scheme for Works Not Considered in 173 GRID WSS and 95 GRID WSS Tq. Partur, Mantha and Jalna Dist: Jalna",Kokate Hatgaon,3363,2,0.00,0.00,0.00,0.00,0.00,0.00,0.00,0.00,0.00,0.00,0.00,0.00,0.00,0.00,25-Jul,26-Jul,27-Jul,28-Jul,29-Jul,30-Jul,31-Jul,25-Jul,26-Jul,27-Jul,28-Jul,29-Jul,30-Jul,31-Jul,7,7,0
Chhatrapati Sambhajinagar,Chhatrapati Sambhajinagar,Jalna,Partur,Partur,20094559,"120 Villages Extension Scheme for Works Not Considered in 173 GRID WSS and 95 GRID WSS Tq. Partur, Mantha and Jalna Dist: Jalna",Wadarwadi,1117,1,0.00,0.00,0.00,0.00,0.00,0.00,0.00,0.00,0.10,0.07,0.04,0.03,0.03,0.03,25-Jul,26-Jul,27-Jul,28-Jul,29-Jul,30-Jul,31-Jul,25-Jul,26-Jul,27-Jul,28-Jul,29-Jul,30-Jul,31-Jul,1,7,0
Chhatrapati Sambhajinagar,Chhatrapati Sambhajinagar,Jalna,Partur,Partur,20094559,"120 Villages Extension Scheme for Works Not Considered in 173 GRID WSS and 95 GRID WSS Tq. Partur, Mantha and Jalna Dist: Jalna",Salgaon,1029,1,0.39,0.09,0.61,0.00,0.00,0.01,0.30,38.03,8.75,59.28,0.00,0.00,0.97,29.15,25-Jul,26-Jul,27-Jul,28-Jul,29-Jul,30-Jul,31-Jul,25-Jul,26-Jul,27-Jul,28-Jul,29-Jul,30-Jul,31-Jul,2,6,1
Chhatrapati Sambhajinagar,Chhatrapati Sambhajinagar,Jalna,Partur,Partur,20094559,"120 Villages Extension Scheme for Works Not Considered in 173 GRID WSS and 95 GRID WSS Tq. Partur, Mantha and Jalna Dist: Jalna",Paratwadi,2311,2,0.00,0.00,0.00,0.00,0.72,0.00,1.22,0.00,0.00,0.00,0.00,31.16,0.00,52.79,25-Jul,26-Jul,27-Jul,28-Jul,29-Jul,30-Jul,31-Jul,25-Jul,26-Jul,27-Jul,28-Jul,29-Jul,30-Jul,31-Jul,5,7,0
Chhatrapati Sambhajinagar,Chhatrapati Sambhajinagar,Jalna,Partur,Partur,20094559,"120 Villages Extension Scheme for Works Not Considered in 173 GRID WSS and 95 GRID WSS Tq. Partur, Mantha and Jalna Dist: Jalna",Chincholi,1805,1,0.00,12.51,0.00,0.00,0.00,0.00,0.00,0.00,693.07,0.00,0.00,0.00,0.00,0.00,25-Jul,26-Jul,27-Jul,28-Jul,29-Jul,30-Jul,31-Jul,25-Jul,26-Jul,27-Jul,28-Jul,29-Jul,30-Jul,31-Jul,6,6,1
Chhatrapati Sambhajinagar,Chhatrapati Sambhajinagar,Jalna,Partur,Partur,20094559,"120 Villages Extension Scheme for Works Not Considered in 173 GRID WSS and 95 GRID WSS Tq. Partur, Mantha and Jalna Dist: Jalna",Walkhed,1443,1,0.00,0.00,0.00,0.00,0.00,0.00,0.00,0.00,0.00,0.01,0.00,0.00,0.00,0.01,25-Jul,26-Jul,27-Jul,28-Jul,29-Jul,30-Jul,31-Jul,25-Jul,26-Jul,27-Jul,28-Jul,29-Jul,30-Jul,31-Jul,5,7,0
Chhatrapati Sambhajinagar,Chhatrapati Sambhajinagar,Jalna,Partur,Partur,20094559,"120 Villages Extension Scheme for Works Not Considered in 173 GRID WSS and 95 GRID WSS Tq. Partur, Mantha and Jalna Dist: Jalna",Varphalwadi,1029,1,1.18,0.26,1.50,0.00,1.01,0.00,0.84,114.34,25.27,145.77,0.00,98.15,0.00,81.63,25-Jul,26-Jul,27-Jul,28-Jul,29-Jul,30-Jul,31-Jul,25-Jul,26-Jul,27-Jul,28-Jul,29-Jul,30-Jul,31-Jul,2,3,4
Chhatrapati Sambhajinagar,Chhatrapati Sambhajinagar,Jalna,Partur,Partur,20094559,"120 Villages Extension Scheme for Works Not Considered in 173 GRID WSS and 95 GRID WSS Tq. Partur, Mantha and Jalna Dist: Jalna",Raniwahegaon 40P,452,1,0.00,0.00,0.01,0.02,0.02,0.05,0.00,0.00,0.05,2.57,5.05,3.55,10.91,0.11,25-Jul,26-Jul,27-Jul,28-Jul,29-Jul,30-Jul,31-Jul,25-Jul,26-Jul,27-Jul,28-Jul,29-Jul,30-Jul,31-Jul,1,7,0
Chhatrapati Sambhajinagar,Chhatrapati Sambhajinagar,Jalna,Partur,Partur,20094559,"120 Villages Extension Scheme for Works Not Considered in 173 GRID WSS and 95 GRID WSS Tq. Partur, Mantha and Jalna Dist: Jalna",Pokhari Takle,721,1,0.00,0.00,0.00,0.00,0.00,0.00,0.00,0.09,0.31,0.53,0.00,0.00,0.00,0.00,25-Jul,26-Jul,27-Jul,28-Jul,29-Jul,30-Jul,31-Jul,25-Jul,26-Jul,27-Jul,28-Jul,29-Jul,30-Jul,31-Jul,4,7,0
Chhatrapati Sambhajinagar,Chhatrapati Sambhajinagar,Jalna,Partur,Partur,20094559,"120 Villages Extension Scheme for Works Not Considered in 173 GRID WSS and 95 GRID WSS Tq. Partur, Mantha and Jalna Dist: Jalna",Raniwahegaon,1131,2,0.57,0.28,0.97,0.75,0.07,0.00,1.20,50.40,24.42,85.58,66.35,5.98,0.00,106.33,25-Jul,26-Jul,27-Jul,28-Jul,29-Jul,30-Jul,31-Jul,25-Jul,26-Jul,27-Jul,28-Jul,29-Jul,30-Jul,31-Jul,1,4,3
Chhatrapati Sambhajinagar,Chhatrapati Sambhajinagar,Jalna,Partur,Partur,20094559,"120 Villages Extension Scheme for Works Not Considered in 173 GRID WSS and 95 GRID WSS Tq. Partur, Mantha and Jalna Dist: Jalna",Amba,4701,1,1.38,1.84,1.79,1.84,2.96,1.63,2.41,29.37,39.23,37.97,39.05,62.92,34.77,51.31,25-Jul,26-Jul,27-Jul,28-Jul,29-Jul,30-Jul,31-Jul,25-Jul,26-Jul,27-Jul,28-Jul,29-Jul,30-Jul,31-Jul,0,6,1
Chhatrapati Sambhajinagar,Chhatrapati Sambhajinagar,Jalna,Partur,Partur,20094559,"120 Villages Extension Scheme for Works Not Considered in 173 GRID WSS and 95 GRID WSS Tq. Partur, Mantha and Jalna Dist: Jalna",Koregaon,1388,1,0.48,0.00,0.64,0.39,0.68,0.00,0.85,34.69,0.00,46.11,28.10,48.99,0.00,61.24,25-Jul,26-Jul,27-Jul,28-Jul,29-Jul,30-Jul,31-Jul,25-Jul,26-Jul,27-Jul,28-Jul,29-Jul,30-Jul,31-Jul,2,6,1
Chhatrapati Sambhajinagar,Latur,Latur,Chakur,Chakur,20030459,Rachnawadi 6 villages WSS,Her Village,6571,1,0.00,0.00,0.00,0.00,0.00,0.00,0.00,0.00,0.00,0.00,0.00,0.00,0.00,0.00,25-Jul,26-Jul,27-Jul,28-Jul,29-Jul,30-Jul,31-Jul,25-Jul,26-Jul,27-Jul,28-Jul,29-Jul,30-Jul,31-Jul,7,7,0
Chhatrapati Sambhajinagar,Latur,Latur,Chakur,Chakur,20030459,Rachnawadi 6 villages WSS,Rachnawadi,2228,1,0.00,0.00,0.00,0.03,0.00,5.51,0.00,0.00,0.00,0.00,1.30,0.00,247.31,0.00,25-Jul,26-Jul,27-Jul,28-Jul,29-Jul,30-Jul,31-Jul,25-Jul,26-Jul,27-Jul,28-Jul,29-Jul,30-Jul,31-Jul,5,6,1
Chhatrapati Sambhajinagar,Latur,Latur,Renapur,Renapur,20030820,Pangaon 10 villages WSS,Ghansargaon,2815,1,0.00,0.00,0.00,0.00,0.00,0.00,0.00,0.00,0.00,0.00,0.00,0.00,0.00,0.00,25-Jul,26-Jul,27-Jul,28-Jul,29-Jul,30-Jul,31-Jul,25-Jul,26-Jul,27-Jul,28-Jul,29-Jul,30-Jul,31-Jul,7,7,0
Chhatrapati Sambhajinagar,Latur,Latur,Renapur,Renapur,20030820,Pangaon 10 villages WSS,Kharoli,8990,2,0.00,0.00,0.00,0.00,0.00,0.00,8.19,0.00,0.00,0.00,0.00,0.00,0.00,91.10,25-Jul,26-Jul,27-Jul,28-Jul,29-Jul,30-Jul,31-Jul,25-Jul,26-Jul,27-Jul,28-Jul,29-Jul,30-Jul,31-Jul,6,6,1
Chhatrapati Sambhajinagar,Latur,Latur,Renapur,Renapur,20030820,Pangaon 10 villages WSS,Manusmarwadi,1629,1,0.31,0.00,0.00,0.00,0.00,0.00,1.61,18.88,0.00,0.00,0.00,0.00,0.00,98.83,25-Jul,26-Jul,27-Jul,28-Jul,29-Jul,30-Jul,31-Jul,25-Jul,26-Jul,27-Jul,28-Jul,29-Jul,30-Jul,31-Jul,5,6,1
Chhatrapati Sambhajinagar,Latur,Latur,Renapur,Renapur,20030820,Pangaon 10 villages WSS,Murdav,1765,1,0.00,0.00,0.00,0.00,0.00,0.00,0.00,0.00,0.00,0.00,0.00,0.00,0.00,0.00,25-Jul,26-Jul,27-Jul,28-Jul,29-Jul,30-Jul,31-Jul,25-Jul,26-Jul,27-Jul,28-Jul,29-Jul,30-Jul,31-Jul,7,7,0
Chhatrapati Sambhajinagar,Latur,Latur,Renapur,Renapur,20030820,Pangaon 10 villages WSS,Pangaon,13738,3,0.27,1.04,1.08,0.00,0.00,0.00,1.31,1.93,7.57,7.86,0.00,0.00,0.00,9.54,25-Jul,26-Jul,27-Jul,28-Jul,29-Jul,30-Jul,31-Jul,25-Jul,26-Jul,27-Jul,28-Jul,29-Jul,30-Jul,31-Jul,3,7,0
Chhatrapati Sambhajinagar,Latur,Latur,Shirur Anantpal,Shirur Anantpal,20030815,Sakol 7 villages WSS,Kanegaon,1604,1,2.57,0.00,0.00,3.10,6.92,7.62,2.19,160.17,0.00,0.00,193.27,431.42,475.06,136.53,25-Jul,26-Jul,27-Jul,28-Jul,29-Jul,30-Jul,31-Jul,25-Jul,26-Jul,27-Jul,28-Jul,29-Jul,30-Jul,31-Jul,2,2,5
Chhatrapati Sambhajinagar,Latur,Latur,Shirur Anantpal,Shirur Anantpal,20030815,Sakol 7 villages WSS,Sakol,8777,2,0.00,0.00,2.14,4.22,3.82,0.00,0.00,0.00,0.00,24.38,48.08,43.52,0.00,0.00,25-Jul,26-Jul,27-Jul,28-Jul,29-Jul,30-Jul,31-Jul,25-Jul,26-Jul,27-Jul,28-Jul,29-Jul,30-Jul,31-Jul,4,7,0
Chhatrapati Sambhajinagar,Latur,Latur,Shirur Anantpal,Shirur Anantpal,20030815,Sakol 7 villages WSS,Tripal,1086,1,0.00,0.00,0.00,0.00,0.00,0.00,0.00,0.00,0.00,0.00,0.00,0.00,0.00,0.00,25-Jul,26-Jul,27-Jul,28-Jul,29-Jul,30-Jul,31-Jul,25-Jul,26-Jul,27-Jul,28-Jul,29-Jul,30-Jul,31-Jul,7,7,0
Chhatrapati Sambhajinagar,Nanded,Nanded,Hadgaon,Hadgaon,20013969,Hadgaon and Himayatnagar 132 Village Grid WSS,Babhali,2273,1,0.27,0.00,0.00,0.81,0.00,0.00,0.70,11.77,0.00,0.00,35.80,0.00,0.00,30.90,25-Jul,26-Jul,27-Jul,28-Jul,29-Jul,30-Jul,31-Jul,25-Jul,26-Jul,27-Jul,28-Jul,29-Jul,30-Jul,31-Jul,4,7,0
Chhatrapati Sambhajinagar,Nanded,Nanded,Hadgaon,Hadgaon,20013969,Hadgaon and Himayatnagar 132 Village Grid WSS,Bamani,1117,1,0.00,0.00,0.00,0.00,0.00,0.00,0.00,0.00,0.00,0.00,0.00,0.00,0.00,0.00,25-Jul,26-Jul,27-Jul,28-Jul,29-Jul,30-Jul,31-Jul,25-Jul,26-Jul,27-Jul,28-Jul,29-Jul,30-Jul,31-Jul,7,7,0
Chhatrapati Sambhajinagar,Nanded,Nanded,Hadgaon,Hadgaon,20013969,Hadgaon and Himayatnagar 132 Village Grid WSS,Baradshewala,2360,2,0.00,0.00,0.00,0.00,0.00,0.00,0.00,0.00,0.00,0.00,0.00,0.00,0.00,0.00,25-Jul,26-Jul,27-Jul,28-Jul,29-Jul,30-Jul,31-Jul,25-Jul,26-Jul,27-Jul,28-Jul,29-Jul,30-Jul,31-Jul,7,7,0
Chhatrapati Sambhajinagar,Nanded,Nanded,Hadgaon,Hadgaon,20013969,Hadgaon and Himayatnagar 132 Village Grid WSS,Bhanegaon Tanda,971,1,1.38,0.24,1.03,1.67,1.19,0.93,1.17,142.55,24.72,106.08,172.19,122.55,95.78,120.49,25-Jul,26-Jul,27-Jul,28-Jul,29-Jul,30-Jul,31-Jul,25-Jul,26-Jul,27-Jul,28-Jul,29-Jul,30-Jul,31-Jul,0,1,6
Chhatrapati Sambhajinagar,Nanded,Nanded,Hadgaon,Hadgaon,20013969,Hadgaon and Himayatnagar 132 Village Grid WSS,Brahmanwadi,525,1,0.00,0.00,0.00,0.00,0.00,0.00,0.00,0.00,0.00,0.00,0.00,0.00,0.00,0.00,25-Jul,26-Jul,27-Jul,28-Jul,29-Jul,30-Jul,31-Jul,25-Jul,26-Jul,27-Jul,28-Jul,29-Jul,30-Jul,31-Jul,7,7,0
Chhatrapati Sambhajinagar,Nanded,Nanded,Hadgaon,Hadgaon,20013969,Hadgaon and Himayatnagar 132 Village Grid WSS,Chinchgawhan,2440,1,0.03,0.08,0.00,0.00,0.00,0.01,0.15,1.04,3.28,0.00,0.00,0.00,0.41,6.15,25-Jul,26-Jul,27-Jul,28-Jul,29-Jul,30-Jul,31-Jul,25-Jul,26-Jul,27-Jul,28-Jul,29-Jul,30-Jul,31-Jul,3,7,0
Chhatrapati Sambhajinagar,Nanded,Nanded,Hadgaon,Hadgaon,20013969,Hadgaon and Himayatnagar 132 Village Grid WSS,Dhanora (Hastara),2529,1,11.24,21.50,13.50,10.23,6.81,12.16,5.37,444.37,850.06,533.98,404.51,269.25,480.65,212.34,25-Jul,26-Jul,27-Jul,28-Jul,29-Jul,30-Jul,31-Jul,25-Jul,26-Jul,27-Jul,28-Jul,29-Jul,30-Jul,31-Jul,0,0,7
Chhatrapati Sambhajinagar,Nanded,Nanded,Hadgaon,Hadgaon,20013969,Hadgaon and Himayatnagar 132 Village Grid WSS,Dhanora (Tamsa),1380,1,0.00,0.00,0.00,0.00,0.00,0.00,0.00,0.00,0.00,0.00,0.00,0.00,0.00,0.00,25-Jul,26-Jul,27-Jul,28-Jul,29-Jul,30-Jul,31-Jul,25-Jul,26-Jul,27-Jul,28-Jul,29-Jul,30-Jul,31-Jul,7,7,0
Chhatrapati Sambhajinagar,Nanded,Nanded,Hadgaon,Hadgaon,20013969,Hadgaon and Himayatnagar 132 Village Grid WSS,Ekrala,1509,1,0.00,0.00,0.00,0.00,0.00,0.00,0.00,0.00,0.00,0.00,0.00,0.00,0.00,0.00,25-Jul,26-Jul,27-Jul,28-Jul,29-Jul,30-Jul,31-Jul,25-Jul,26-Jul,27-Jul,28-Jul,29-Jul,30-Jul,31-Jul,7,7,0
Chhatrapati Sambhajinagar,Nanded,Nanded,Hadgaon,Hadgaon,20013969,Hadgaon and Himayatnagar 132 Village Grid WSS,Gargavhan,264,1,7.28,13.27,7.86,20.74,7.63,12.68,6.75,2755.86,5027.11,2977.27,7856.06,2890.15,4803.03,2556.82,25-Jul,26-Jul,27-Jul,28-Jul,29-Jul,30-Jul,31-Jul,25-Jul,26-Jul,27-Jul,28-Jul,29-Jul,30-Jul,31-Jul,0,0,7
Chhatrapati Sambhajinagar,Nanded,Nanded,Hadgaon,Hadgaon,20013969,Hadgaon and Himayatnagar 132 Village Grid WSS,Ghogri,1237,1,0.00,0.00,0.00,0.00,0.00,2.84,4.01,0.00,0.00,0.00,0.00,0.00,229.59,324.17,25-Jul,26-Jul,27-Jul,28-Jul,29-Jul,30-Jul,31-Jul,25-Jul,26-Jul,27-Jul,28-Jul,29-Jul,30-Jul,31-Jul,5,5,2
Chhatrapati Sambhajinagar,Nanded,Nanded,Hadgaon,Hadgaon,20013969,Hadgaon and Himayatnagar 132 Village Grid WSS,Gorlegaon,2313,1,0.00,0.00,0.00,0.00,0.00,0.00,0.00,0.00,0.00,0.00,0.00,0.00,0.00,0.00,25-Jul,26-Jul,27-Jul,28-Jul,29-Jul,30-Jul,31-Jul,25-Jul,26-Jul,27-Jul,28-Jul,29-Jul,30-Jul,31-Jul,7,7,0
Chhatrapati Sambhajinagar,Nanded,Nanded,Hadgaon,Hadgaon,20013969,Hadgaon and Himayatnagar 132 Village Grid WSS,Hadsani,1944,1,12.60,15.04,13.39,15.72,14.49,17.99,21.48,647.98,773.66,688.79,808.64,745.37,925.41,1105.09,25-Jul,26-Jul,27-Jul,28-Jul,29-Jul,30-Jul,31-Jul,25-Jul,26-Jul,27-Jul,28-Jul,29-Jul,30-Jul,31-Jul,0,0,7
Chhatrapati Sambhajinagar,Nanded,Nanded,Hadgaon,Hadgaon,20013969,Hadgaon and Himayatnagar 132 Village Grid WSS,Hardaf,2364,1,0.00,0.00,0.00,0.00,0.00,0.00,0.00,0.00,0.00,0.00,0.00,0.00,0.00,0.00,25-Jul,26-Jul,27-Jul,28-Jul,29-Jul,30-Jul,31-Jul,25-Jul,26-Jul,27-Jul,28-Jul,29-Jul,30-Jul,31-Jul,7,7,0
Chhatrapati Sambhajinagar,Nanded,Nanded,Hadgaon,Hadgaon,20013969,Hadgaon and Himayatnagar 132 Village Grid WSS,Kedarguda,1564,1,26.20,18.92,28.73,8.64,9.95,25.41,20.27,1675.45,1209.95,1836.68,552.58,636.19,1624.91,1295.84,25-Jul,26-Jul,27-Jul,28-Jul,29-Jul,30-Jul,31-Jul,25-Jul,26-Jul,27-Jul,28-Jul,29-Jul,30-Jul,31-Jul,0,0,7
Chhatrapati Sambhajinagar,Nanded,Nanded,Hadgaon,Hadgaon,20013969,Hadgaon and Himayatnagar 132 Village Grid WSS,Kharbi,1461,1,5.98,6.76,11.44,5.66,3.54,1.35,1.69,409.44,462.70,783.18,387.41,242.30,92.40,115.67,25-Jul,26-Jul,27-Jul,28-Jul,29-Jul,30-Jul,31-Jul,25-Jul,26-Jul,27-Jul,28-Jul,29-Jul,30-Jul,31-Jul,0,0,7
Chhatrapati Sambhajinagar,Nanded,Nanded,Hadgaon,Hadgaon,20013969,Hadgaon and Himayatnagar 132 Village Grid WSS,Kolgaon,752,1,0.00,0.00,0.00,0.00,0.00,0.00,0.00,0.00,0.00,0.00,0.00,0.00,0.00,0.00,25-Jul,26-Jul,27-Jul,28-Jul,29-Jul,30-Jul,31-Jul,25-Jul,26-Jul,27-Jul,28-Jul,29-Jul,30-Jul,31-Jul,7,7,0
Chhatrapati Sambhajinagar,Nanded,Nanded,Hadgaon,Hadgaon,20013969,Hadgaon and Himayatnagar 132 Village Grid WSS,Koli,3873,1,0.00,0.00,0.00,0.00,0.00,0.00,0.00,0.00,0.00,0.00,0.00,0.00,0.00,0.00,25-Jul,26-Jul,27-Jul,28-Jul,29-Jul,30-Jul,31-Jul,25-Jul,26-Jul,27-Jul,28-Jul,29-Jul,30-Jul,31-Jul,7,7,0
Chhatrapati Sambhajinagar,Nanded,Nanded,Hadgaon,Hadgaon,20013969,Hadgaon and Himayatnagar 132 Village Grid WSS,Krushnapur,664,1,0.00,0.00,0.00,0.00,0.00,0.00,0.00,0.00,0.00,0.00,0.00,0.00,0.00,0.00,25-Jul,26-Jul,27-Jul,28-Jul,29-Jul,30-Jul,31-Jul,25-Jul,26-Jul,27-Jul,28-Jul,29-Jul,30-Jul,31-Jul,7,7,0
Chhatrapati Sambhajinagar,Nanded,Nanded,Hadgaon,Hadgaon,20013969,Hadgaon and Himayatnagar 132 Village Grid WSS,Loha,2244,1,0.62,0.62,0.73,0.00,2.46,1.19,0.00,27.57,27.63,32.53,0.00,109.63,53.03,0.00,25-Jul,26-Jul,27-Jul,28-Jul,29-Jul,30-Jul,31-Jul,25-Jul,26-Jul,27-Jul,28-Jul,29-Jul,30-Jul,31-Jul,2,6,1
Chhatrapati Sambhajinagar,Nanded,Nanded,Hadgaon,Hadgaon,20013969,Hadgaon and Himayatnagar 132 Village Grid WSS,Mahatala,1569,1,0.00,0.00,0.00,0.00,0.00,0.00,0.00,0.00,0.00,0.00,0.00,0.00,0.00,0.00,25-Jul,26-Jul,27-Jul,28-Jul,29-Jul,30-Jul,31-Jul,25-Jul,26-Jul,27-Jul,28-Jul,29-Jul,30-Jul,31-Jul,7,7,0
Chhatrapati Sambhajinagar,Nanded,Nanded,Hadgaon,Hadgaon,20013969,Hadgaon and Himayatnagar 132 Village Grid WSS,Mardga,3172,1,0.00,0.07,0.74,1.90,0.00,0.00,0.00,0.00,2.21,23.33,59.88,0.00,0.00,0.00,25-Jul,26-Jul,27-Jul,28-Jul,29-Jul,30-Jul,31-Jul,25-Jul,26-Jul,27-Jul,28-Jul,29-Jul,30-Jul,31-Jul,4,6,1
Chhatrapati Sambhajinagar,Nanded,Nanded,Hadgaon,Hadgaon,20013969,Hadgaon and Himayatnagar 132 Village Grid WSS,Nevri,2518,1,0.00,0.00,0.00,0.00,0.00,0.00,0.00,0.00,0.00,0.00,0.00,0.00,0.00,0.00,25-Jul,26-Jul,27-Jul,28-Jul,29-Jul,30-Jul,31-Jul,25-Jul,26-Jul,27-Jul,28-Jul,29-Jul,30-Jul,31-Jul,7,7,0
Chhatrapati Sambhajinagar,Nanded,Nanded,Hadgaon,Hadgaon,20013969,Hadgaon and Himayatnagar 132 Village Grid WSS,Newarwadi,1251,1,0.00,0.00,0.00,0.00,0.00,0.00,0.00,0.00,0.00,0.00,0.00,0.00,0.00,0.00,25-Jul,26-Jul,27-Jul,28-Jul,29-Jul,30-Jul,31-Jul,25-Jul,26-Jul,27-Jul,28-Jul,29-Jul,30-Jul,31-Jul,7,7,0
Chhatrapati Sambhajinagar,Nanded,Nanded,Hadgaon,Hadgaon,20013969,Hadgaon and Himayatnagar 132 Village Grid WSS,Niwdha,8189,1,4.59,2.97,3.89,2.85,3.84,3.83,3.62,56.00,36.27,47.45,34.80,46.89,46.72,44.21,25-Jul,26-Jul,27-Jul,28-Jul,29-Jul,30-Jul,31-Jul,25-Jul,26-Jul,27-Jul,28-Jul,29-Jul,30-Jul,31-Jul,0,6,1
Chhatrapati Sambhajinagar,Nanded,Nanded,Hadgaon,Hadgaon,20013969,Hadgaon and Himayatnagar 132 Village Grid WSS,Niwla,1510,1,0.00,0.00,0.00,0.00,0.00,0.00,0.00,0.00,0.00,0.00,0.00,0.00,0.00,0.00,25-Jul,26-Jul,27-Jul,28-Jul,29-Jul,30-Jul,31-Jul,25-Jul,26-Jul,27-Jul,28-Jul,29-Jul,30-Jul,31-Jul,7,7,0
Chhatrapati Sambhajinagar,Nanded,Nanded,Hadgaon,Hadgaon,20013969,Hadgaon and Himayatnagar 132 Village Grid WSS,Palsa,3436,1,0.06,0.90,0.00,0.00,1.89,0.06,0.00,1.65,26.19,0.00,0.00,55.01,1.75,0.00,25-Jul,26-Jul,27-Jul,28-Jul,29-Jul,30-Jul,31-Jul,25-Jul,26-Jul,27-Jul,28-Jul,29-Jul,30-Jul,31-Jul,3,6,1
Chhatrapati Sambhajinagar,Nanded,Nanded,Hadgaon,Hadgaon,20013969,Hadgaon and Himayatnagar 132 Village Grid WSS,Pangri (Manatha),772,1,0.00,0.00,0.00,0.00,0.00,0.00,0.00,0.00,0.00,0.00,0.00,0.00,0.00,0.00,25-Jul,26-Jul,27-Jul,28-Jul,29-Jul,30-Jul,31-Jul,25-Jul,26-Jul,27-Jul,28-Jul,29-Jul,30-Jul,31-Jul,7,7,0
Chhatrapati Sambhajinagar,Nanded,Nanded,Hadgaon,Hadgaon,20013969,Hadgaon and Himayatnagar 132 Village Grid WSS,Pingli,460,1,0.71,1.60,1.55,1.19,1.26,1.66,1.24,153.41,347.83,336.96,258.70,273.91,360.87,269.57,25-Jul,26-Jul,27-Jul,28-Jul,29-Jul,30-Jul,31-Jul,25-Jul,26-Jul,27-Jul,28-Jul,29-Jul,30-Jul,31-Jul,0,0,7
Chhatrapati Sambhajinagar,Nanded,Nanded,Hadgaon,Hadgaon,20013969,Hadgaon and Himayatnagar 132 Village Grid WSS,Rawangaon (Manatha),1463,1,0.00,0.00,0.00,0.00,0.00,0.00,0.00,0.00,0.00,0.00,0.00,0.00,0.00,0.00,25-Jul,26-Jul,27-Jul,28-Jul,29-Jul,30-Jul,31-Jul,25-Jul,26-Jul,27-Jul,28-Jul,29-Jul,30-Jul,31-Jul,7,7,0
Chhatrapati Sambhajinagar,Nanded,Nanded,Hadgaon,Hadgaon,20013969,Hadgaon and Himayatnagar 132 Village Grid WSS,Rui,3670,1,0.00,0.00,0.00,0.00,0.00,0.00,0.00,0.00,0.00,0.00,0.00,0.00,0.00,0.00,25-Jul,26-Jul,27-Jul,28-Jul,29-Jul,30-Jul,31-Jul,25-Jul,26-Jul,27-Jul,28-Jul,29-Jul,30-Jul,31-Jul,7,7,0
Chhatrapati Sambhajinagar,Nanded,Nanded,Hadgaon,Hadgaon,20013969,Hadgaon and Himayatnagar 132 Village Grid WSS,Sapti,2440,1,5.29,1.58,1.85,1.77,1.07,1.05,0.51,216.93,64.75,75.82,72.54,43.85,43.03,20.90,25-Jul,26-Jul,27-Jul,28-Jul,29-Jul,30-Jul,31-Jul,25-Jul,26-Jul,27-Jul,28-Jul,29-Jul,30-Jul,31-Jul,0,3,4
Chhatrapati Sambhajinagar,Nanded,Nanded,Hadgaon,Hadgaon,20013969,Hadgaon and Himayatnagar 132 Village Grid WSS,Sawargaon,4448,1,0.00,1.27,0.71,0.00,0.00,0.00,0.00,0.00,28.55,15.91,0.00,0.00,0.00,0.00,25-Jul,26-Jul,27-Jul,28-Jul,29-Jul,30-Jul,31-Jul,25-Jul,26-Jul,27-Jul,28-Jul,29-Jul,30-Jul,31-Jul,5,7,0
Chhatrapati Sambhajinagar,Nanded,Nanded,Hadgaon,Hadgaon,20013969,Hadgaon and Himayatnagar 132 Village Grid WSS,Shendan,526,1,0.00,0.00,0.00,0.00,0.00,0.00,0.00,0.00,0.00,0.00,0.00,0.00,0.00,0.00,25-Jul,26-Jul,27-Jul,28-Jul,29-Jul,30-Jul,31-Jul,25-Jul,26-Jul,27-Jul,28-Jul,29-Jul,30-Jul,31-Jul,7,7,0
Chhatrapati Sambhajinagar,Nanded,Nanded,Hadgaon,Hadgaon,20013969,Hadgaon and Himayatnagar 132 Village Grid WSS,Shirad,4587,1,0.00,0.00,0.00,0.00,0.00,0.00,0.00,0.00,0.00,0.00,0.00,0.00,0.00,0.00,25-Jul,26-Jul,27-Jul,28-Jul,29-Jul,30-Jul,31-Jul,25-Jul,26-Jul,27-Jul,28-Jul,29-Jul,30-Jul,31-Jul,7,7,0
Chhatrapati Sambhajinagar,Nanded,Nanded,Hadgaon,Hadgaon,20013969,Hadgaon and Himayatnagar 132 Village Grid WSS,Shivani,823,1,0.00,0.00,0.00,0.00,0.00,0.00,0.00,0.00,0.00,0.00,0.00,0.00,0.00,0.00,25-Jul,26-Jul,27-Jul,28-Jul,29-Jul,30-Jul,31-Jul,25-Jul,26-Jul,27-Jul,28-Jul,29-Jul,30-Jul,31-Jul,7,7,0
Chhatrapati Sambhajinagar,Nanded,Nanded,Hadgaon,Hadgaon,20013969,Hadgaon and Himayatnagar 132 Village Grid WSS,Talang,579,1,0.00,0.00,0.00,0.00,0.00,0.00,0.00,0.00,0.00,0.00,0.00,0.00,0.00,0.00,25-Jul,26-Jul,27-Jul,28-Jul,29-Jul,30-Jul,31-Jul,25-Jul,26-Jul,27-Jul,28-Jul,29-Jul,30-Jul,31-Jul,7,7,0
Chhatrapati Sambhajinagar,Nanded,Nanded,Hadgaon,Hadgaon,20013969,Hadgaon and Himayatnagar 132 Village Grid WSS,Talegaon,2044,1,0.00,0.00,0.00,0.00,0.00,0.00,0.00,0.00,0.00,0.00,0.00,0.00,0.00,0.00,25-Jul,26-Jul,27-Jul,28-Jul,29-Jul,30-Jul,31-Jul,25-Jul,26-Jul,27-Jul,28-Jul,29-Jul,30-Jul,31-Jul,7,7,0
Chhatrapati Sambhajinagar,Nanded,Nanded,Hadgaon,Hadgaon,20013969,Hadgaon and Himayatnagar 132 Village Grid WSS,Talni,7037,1,0.31,0.00,0.56,0.00,0.57,0.00,0.49,4.38,0.00,7.96,0.00,8.10,0.00,6.96,25-Jul,26-Jul,27-Jul,28-Jul,29-Jul,30-Jul,31-Jul,25-Jul,26-Jul,27-Jul,28-Jul,29-Jul,30-Jul,31-Jul,3,7,0
Chhatrapati Sambhajinagar,Nanded,Nanded,Hadgaon,Hadgaon,20013969,Hadgaon and Himayatnagar 132 Village Grid WSS,Umri (Daryabai),2262,1,0.00,0.00,0.00,0.00,0.00,0.01,0.00,0.00,0.00,0.00,0.00,0.00,0.34,0.00,25-Jul,26-Jul,27-Jul,28-Jul,29-Jul,30-Jul,31-Jul,25-Jul,26-Jul,27-Jul,28-Jul,29-Jul,30-Jul,31-Jul,6,7,0
Chhatrapati Sambhajinagar,Nanded,Nanded,Hadgaon,Hadgaon,20013969,Hadgaon and Himayatnagar 132 Village Grid WSS,Umri Ja.,2492,1,0.00,0.00,0.00,0.00,0.00,0.00,0.00,0.00,0.00,0.00,0.00,0.00,0.00,0.00,25-Jul,26-Jul,27-Jul,28-Jul,29-Jul,30-Jul,31-Jul,25-Jul,26-Jul,27-Jul,28-Jul,29-Jul,30-Jul,31-Jul,7,7,0
Chhatrapati Sambhajinagar,Nanded,Nanded,Hadgaon,Hadgaon,20013969,Hadgaon and Himayatnagar 132 Village Grid WSS,Umri kh,1022,1,0.00,0.00,0.00,0.00,0.00,0.00,0.00,0.00,0.00,0.00,0.00,0.00,0.00,0.00,25-Jul,26-Jul,27-Jul,28-Jul,29-Jul,30-Jul,31-Jul,25-Jul,26-Jul,27-Jul,28-Jul,29-Jul,30-Jul,31-Jul,7,7,0
Chhatrapati Sambhajinagar,Nanded,Nanded,Hadgaon,Hadgaon,20013969,Hadgaon and Himayatnagar 132 Village Grid WSS,Unchada,1881,1,0.35,0.00,1.50,0.02,0.16,0.19,0.34,18.80,0.00,79.74,1.06,8.51,10.10,18.08,25-Jul,26-Jul,27-Jul,28-Jul,29-Jul,30-Jul,31-Jul,25-Jul,26-Jul,27-Jul,28-Jul,29-Jul,30-Jul,31-Jul,1,6,1
Chhatrapati Sambhajinagar,Nanded,Nanded,Hadgaon,Hadgaon,20013969,Hadgaon and Himayatnagar 132 Village Grid WSS,Unchegaon,1958,1,0.00,0.00,0.21,0.12,0.00,0.00,0.44,0.00,0.00,10.55,6.08,0.00,0.00,22.72,25-Jul,26-Jul,27-Jul,28-Jul,29-Jul,30-Jul,31-Jul,25-Jul,26-Jul,27-Jul,28-Jul,29-Jul,30-Jul,31-Jul,4,7,0
Chhatrapati Sambhajinagar,Nanded,Nanded,Hadgaon,Hadgaon,20013969,Hadgaon and Himayatnagar 132 Village Grid WSS,Wadgaon BK.,1840,1,0.00,0.00,0.00,0.00,0.00,0.00,0.00,0.00,0.00,0.00,0.00,0.00,0.00,0.00,25-Jul,26-Jul,27-Jul,28-Jul,29-Jul,30-Jul,31-Jul,25-Jul,26-Jul,27-Jul,28-Jul,29-Jul,30-Jul,31-Jul,7,7,0
Chhatrapati Sambhajinagar,Nanded,Nanded,Hadgaon,Hadgaon,20013969,Hadgaon and Himayatnagar 132 Village Grid WSS,Wai Pana Bk,3017,1,0.00,0.00,0.00,0.00,0.00,0.00,0.00,0.00,0.00,0.00,0.00,0.00,0.00,0.00,25-Jul,26-Jul,27-Jul,28-Jul,29-Jul,30-Jul,31-Jul,25-Jul,26-Jul,27-Jul,28-Jul,29-Jul,30-Jul,31-Jul,7,7,0
Chhatrapati Sambhajinagar,Nanded,Nanded,Hadgaon,Hadgaon,20013969,Hadgaon and Himayatnagar 132 Village Grid WSS,Yelamb,2225,1,526.51,745.74,992.42,802.39,370.31,421.00,687.47,23663.31,33516.40,44603.15,36062.25,16643.34,18921.35,30897.44,25-Jul,26-Jul,27-Jul,28-Jul,29-Jul,30-Jul,31-Jul,25-Jul,26-Jul,27-Jul,28-Jul,29-Jul,30-Jul,31-Jul,0,0,7
Chhatrapati Sambhajinagar,Nanded,Nanded,Himayatnagar,Himayatnagar,20013969,Hadgaon and Himayatnagar 132 Village Grid WSS,Ashti,4091,1,0.00,0.00,0.00,0.00,0.00,0.00,0.00,0.00,0.00,0.00,0.00,0.00,0.00,0.00,25-Jul,26-Jul,27-Jul,28-Jul,29-Jul,30-Jul,31-Jul,25-Jul,26-Jul,27-Jul,28-Jul,29-Jul,30-Jul,31-Jul,7,7,0
Chhatrapati Sambhajinagar,Nanded,Nanded,Himayatnagar,Himayatnagar,20013969,Hadgaon and Himayatnagar 132 Village Grid WSS,Borgadi,1212,1,0.00,0.00,0.00,0.00,0.00,0.00,0.00,0.00,0.00,0.00,0.00,0.00,0.00,0.00,25-Jul,26-Jul,27-Jul,28-Jul,29-Jul,30-Jul,31-Jul,25-Jul,26-Jul,27-Jul,28-Jul,29-Jul,30-Jul,31-Jul,7,7,0
Chhatrapati Sambhajinagar,Nanded,Nanded,Himayatnagar,Himayatnagar,20013969,Hadgaon and Himayatnagar 132 Village Grid WSS,Borgaon (Tamsa),787,1,0.00,0.00,0.00,0.00,0.00,0.00,0.00,0.00,0.00,0.00,0.00,0.00,0.00,0.00,25-Jul,26-Jul,27-Jul,28-Jul,29-Jul,30-Jul,31-Jul,25-Jul,26-Jul,27-Jul,28-Jul,29-Jul,30-Jul,31-Jul,7,7,0
Chhatrapati Sambhajinagar,Nanded,Nanded,Himayatnagar,Himayatnagar,20013969,Hadgaon and Himayatnagar 132 Village Grid WSS,Dudhad,1232,1,0.00,0.00,0.00,0.00,0.00,0.00,0.00,0.00,0.00,0.00,0.00,0.00,0.00,0.00,25-Jul,26-Jul,27-Jul,28-Jul,29-Jul,30-Jul,31-Jul,25-Jul,26-Jul,27-Jul,28-Jul,29-Jul,30-Jul,31-Jul,7,7,0
Chhatrapati Sambhajinagar,Nanded,Nanded,Himayatnagar,Himayatnagar,20013969,Hadgaon and Himayatnagar 132 Village Grid WSS,Kamari,4301,1,5.87,6.92,12.14,8.64,0.00,0.00,0.00,136.51,160.89,282.26,200.88,0.00,0.00,0.00,25-Jul,26-Jul,27-Jul,28-Jul,29-Jul,30-Jul,31-Jul,25-Jul,26-Jul,27-Jul,28-Jul,29-Jul,30-Jul,31-Jul,3,3,4
Chhatrapati Sambhajinagar,Nanded,Nanded,Himayatnagar,Himayatnagar,20013969,Hadgaon and Himayatnagar 132 Village Grid WSS,Karanji,1346,1,0.00,0.00,0.00,0.00,0.00,0.00,0.02,0.00,0.00,0.00,0.00,0.00,0.00,1.60,25-Jul,26-Jul,27-Jul,28-Jul,29-Jul,30-Jul,31-Jul,25-Jul,26-Jul,27-Jul,28-Jul,29-Jul,30-Jul,31-Jul,6,7,0
Chhatrapati Sambhajinagar,Nanded,Nanded,Himayatnagar,Himayatnagar,20013969,Hadgaon and Himayatnagar 132 Village Grid WSS,Khadki (Bazar),3524,1,0.00,0.00,0.00,0.00,0.00,0.00,0.00,0.00,0.00,0.00,0.00,0.00,0.00,0.00,25-Jul,26-Jul,27-Jul,28-Jul,29-Jul,30-Jul,31-Jul,25-Jul,26-Jul,27-Jul,28-Jul,29-Jul,30-Jul,31-Jul,7,7,0
Chhatrapati Sambhajinagar,Nanded,Nanded,Himayatnagar,Himayatnagar,20013969,Hadgaon and Himayatnagar 132 Village Grid WSS,Khairgaon (jahagir),425,1,0.00,0.00,0.00,0.00,0.00,0.00,0.00,0.00,0.00,0.00,0.00,0.00,0.00,0.00,25-Jul,26-Jul,27-Jul,28-Jul,29-Jul,30-Jul,31-Jul,25-Jul,26-Jul,27-Jul,28-Jul,29-Jul,30-Jul,31-Jul,7,7,0
Chhatrapati Sambhajinagar,Nanded,Nanded,Himayatnagar,Himayatnagar,20013969,Hadgaon and Himayatnagar 132 Village Grid WSS,Mangrul,2278,1,0.00,0.00,0.00,0.00,0.00,0.00,0.00,0.00,0.00,0.00,0.00,0.00,0.00,0.00,25-Jul,26-Jul,27-Jul,28-Jul,29-Jul,30-Jul,31-Jul,25-Jul,26-Jul,27-Jul,28-Jul,29-Jul,30-Jul,31-Jul,7,7,0
Chhatrapati Sambhajinagar,Nanded,Nanded,Himayatnagar,Himayatnagar,20013969,Hadgaon and Himayatnagar 132 Village Grid WSS,Palaspur,2211,1,2.53,0.00,5.22,0.00,4.27,4.11,0.00,114.60,0.00,236.09,0.00,193.13,185.89,0.00,25-Jul,26-Jul,27-Jul,28-Jul,29-Jul,30-Jul,31-Jul,25-Jul,26-Jul,27-Jul,28-Jul,29-Jul,30-Jul,31-Jul,3,3,4
Chhatrapati Sambhajinagar,Nanded,Nanded,Himayatnagar,Himayatnagar,20013969,Hadgaon and Himayatnagar 132 Village Grid WSS,Pawana,2623,1,0.00,0.00,0.00,0.00,0.00,0.00,0.00,0.00,0.00,0.00,0.00,0.00,0.00,0.00,25-Jul,26-Jul,27-Jul,28-Jul,29-Jul,30-Jul,31-Jul,25-Jul,26-Jul,27-Jul,28-Jul,29-Jul,30-Jul,31-Jul,7,7,0
Chhatrapati Sambhajinagar,Nanded,Nanded,Himayatnagar,Himayatnagar,20013969,Hadgaon and Himayatnagar 132 Village Grid WSS,Pota (Bk),5377,1,0.00,0.00,0.00,0.00,0.00,0.00,0.00,0.00,0.00,0.07,0.00,0.00,0.00,0.00,25-Jul,26-Jul,27-Jul,28-Jul,29-Jul,30-Jul,31-Jul,25-Jul,26-Jul,27-Jul,28-Jul,29-Jul,30-Jul,31-Jul,6,7,0
Chhatrapati Sambhajinagar,Nanded,Nanded,Himayatnagar,Himayatnagar,20013969,Hadgaon and Himayatnagar 132 Village Grid WSS,Pota Kh.,787,1,0.00,0.00,0.00,0.00,0.00,0.00,0.00,0.00,0.00,0.00,0.00,0.00,0.00,0.00,25-Jul,26-Jul,27-Jul,28-Jul,29-Jul,30-Jul,31-Jul,25-Jul,26-Jul,27-Jul,28-Jul,29-Jul,30-Jul,31-Jul,7,7,0
Chhatrapati Sambhajinagar,Nanded,Nanded,Himayatnagar,Himayatnagar,20013969,Hadgaon and Himayatnagar 132 Village Grid WSS,Shibadara (J),1480,1,0.00,0.01,0.00,0.00,0.08,0.67,0.36,0.00,0.68,0.00,0.00,5.41,45.27,24.32,25-Jul,26-Jul,27-Jul,28-Jul,29-Jul,30-Jul,31-Jul,25-Jul,26-Jul,27-Jul,28-Jul,29-Jul,30-Jul,31-Jul,3,7,0
Chhatrapati Sambhajinagar,Nanded,Nanded,Himayatnagar,Himayatnagar,20013969,Hadgaon and Himayatnagar 132 Village Grid WSS,Tembhi,1927,1,0.00,0.00,0.00,0.00,0.00,0.00,0.00,0.00,0.00,0.00,0.00,0.00,0.00,0.00,25-Jul,26-Jul,27-Jul,28-Jul,29-Jul,30-Jul,31-Jul,25-Jul,26-Jul,27-Jul,28-Jul,29-Jul,30-Jul,31-Jul,7,7,0
Chhatrapati Sambhajinagar,Nanded,Nanded,Himayatnagar,Himayatnagar,20013969,Hadgaon and Himayatnagar 132 Village Grid WSS,Virsani,2817,1,0.51,0.85,0.86,0.88,0.86,0.00,0.89,17.99,30.17,30.53,31.24,30.53,0.00,31.59,25-Jul,26-Jul,27-Jul,28-Jul,29-Jul,30-Jul,31-Jul,25-Jul,26-Jul,27-Jul,28-Jul,29-Jul,30-Jul,31-Jul,1,7,0
Chhatrapati Sambhajinagar,Nanded,Nanded,Himayatnagar,Himayatnagar,20013969,Hadgaon and Himayatnagar 132 Village Grid WSS,Waghi,1428,1,4.97,0.00,0.00,4.02,6.30,6.43,6.41,348.38,0.00,0.00,281.51,441.18,450.28,448.88,25-Jul,26-Jul,27-Jul,28-Jul,29-Jul,30-Jul,31-Jul,25-Jul,26-Jul,27-Jul,28-Jul,29-Jul,30-Jul,31-Jul,2,2,5
Chhatrapati Sambhajinagar,Nanded,Nanded,Himayatnagar,Himayatnagar,20013969,Hadgaon and Himayatnagar 132 Village Grid WSS,Walkyachiwadi,4427,1,0.00,0.00,0.00,0.00,0.00,0.00,0.00,0.00,0.00,0.00,0.00,0.00,0.00,0.00,25-Jul,26-Jul,27-Jul,28-Jul,29-Jul,30-Jul,31-Jul,25-Jul,26-Jul,27-Jul,28-Jul,29-Jul,30-Jul,31-Jul,7,7,0
Chhatrapati Sambhajinagar,Nanded,Nanded,Himayatnagar,Himayatnagar,20013969,Hadgaon and Himayatnagar 132 Village Grid WSS,Yewli,3092,1,0.30,0.28,0.33,0.40,0.32,0.36,0.39,9.65,9.06,10.67,12.94,10.35,11.64,12.61,25-Jul,26-Jul,27-Jul,28-Jul,29-Jul,30-Jul,31-Jul,25-Jul,26-Jul,27-Jul,28-Jul,29-Jul,30-Jul,31-Jul,0,7,0
Chhatrapati Sambhajinagar,Nanded,Nanded,Kandhar,Kandhar,7338000,Osmamnagar Shirdhon Combined WSS,Bhutaychiwadi,905,1,0.00,0.00,0.00,0.00,0.00,0.00,0.00,0.00,0.00,0.00,0.00,0.00,0.00,0.00,25-Jul,26-Jul,27-Jul,28-Jul,29-Jul,30-Jul,31-Jul,25-Jul,26-Jul,27-Jul,28-Jul,29-Jul,30-Jul,31-Jul,7,7,0
Chhatrapati Sambhajinagar,Nanded,Nanded,Kandhar,Kandhar,7338000,Osmamnagar Shirdhon Combined WSS,Osmamnagar,,2,0.00,0.00,0.00,0.00,0.00,0.00,0.00,0.00,0.00,0.00,0.00,0.00,0.00,0.00,25-Jul,26-Jul,27-Jul,28-Jul,29-Jul,30-Jul,31-Jul,25-Jul,26-Jul,27-Jul,28-Jul,29-Jul,30-Jul,31-Jul,7,7,0
Chhatrapati Sambhajinagar,Nanded,Nanded,Kandhar,Kandhar,7338000,Osmamnagar Shirdhon Combined WSS,Shiradhon,7804,3,6.18,62.06,0.00,0.00,0.00,0.00,0.00,79.19,795.21,0.00,0.00,0.00,0.00,0.00,25-Jul,26-Jul,27-Jul,28-Jul,29-Jul,30-Jul,31-Jul,25-Jul,26-Jul,27-Jul,28-Jul,29-Jul,30-Jul,31-Jul,5,5,2
Chhatrapati Sambhajinagar,Nanded,Nanded,Kandhar,Kandhar,7338000,Osmamnagar Shirdhon Combined WSS,Shirdhon Tanda,,1,0.00,1.95,0.00,0.00,0.00,0.00,0.00,0.00,0.00,0.00,0.00,0.00,0.00,0.00,25-Jul,26-Jul,27-Jul,28-Jul,29-Jul,30-Jul,31-Jul,25-Jul,26-Jul,27-Jul,28-Jul,29-Jul,30-Jul,31-Jul,7,7,0
Chhatrapati Sambhajinagar,Nanded,Nanded,Naigaon,Naigaon,7942142,Manjram WSS (7942142),Manjram,4704,1,0.00,0.00,0.00,0.00,0.00,0.00,0.00,0.00,0.00,0.00,0.00,0.00,0.00,0.00,25-Jul,26-Jul,27-Jul,28-Jul,29-Jul,30-Jul,31-Jul,25-Jul,26-Jul,27-Jul,28-Jul,29-Jul,30-Jul,31-Jul,7,7,0
Chhatrapati Sambhajinagar,Nanded,Nanded,Naigaon,Naigaon,7942142,Manjram WSS (7942142),Wadi,25016,1,0.52,1.25,0.00,0.00,0.00,0.00,0.00,2.09,5.00,0.00,0.00,0.00,0.00,0.00,25-Jul,26-Jul,27-Jul,28-Jul,29-Jul,30-Jul,31-Jul,25-Jul,26-Jul,27-Jul,28-Jul,29-Jul,30-Jul,31-Jul,5,7,0
Chhatrapati Sambhajinagar,Nanded,Parbhani,Senaon,Senaon,20023330,Kawtha Bk & 9 Vill RR WSS,Shinagikhamba,1296,1,2.64,9.12,4.59,3.78,5.23,5.85,4.81,203.58,703.70,354.17,291.67,403.55,451.39,371.14,25-Jul,26-Jul,27-Jul,28-Jul,29-Jul,30-Jul,31-Jul,25-Jul,26-Jul,27-Jul,28-Jul,29-Jul,30-Jul,31-Jul,0,0,7
Pune,Pune,Pune 1,Baramati,Ambegaon,20017250,LONI BHAPKAR RRWSS,Bhilarwadi,1249,1,0.00,0.00,0.00,0.00,0.00,0.00,0.00,0.00,0.00,0.00,0.00,0.00,0.00,0.00,25-Jul,26-Jul,27-Jul,28-Jul,29-Jul,30-Jul,31-Jul,25-Jul,26-Jul,27-Jul,28-Jul,29-Jul,30-Jul,31-Jul,7,7,0
Pune,Pune,Pune 1,Baramati,Ambegaon,20017250,LONI BHAPKAR RRWSS,Jagtapwasti ESR,1446,1,0.00,0.00,0.00,0.00,0.00,0.00,0.00,0.00,0.00,0.00,0.00,0.00,0.00,0.00,25-Jul,26-Jul,27-Jul,28-Jul,29-Jul,30-Jul,31-Jul,25-Jul,26-Jul,27-Jul,28-Jul,29-Jul,30-Jul,31-Jul,7,7,0
Pune,Pune,Pune 1,Baramati,Ambegaon,20017250,LONI BHAPKAR RRWSS,Jalakewadi Mudhale,475,3,0.00,0.00,0.00,0.00,0.00,0.00,0.00,0.00,0.00,0.00,0.00,0.00,0.00,0.00,25-Jul,26-Jul,27-Jul,28-Jul,29-Jul,30-Jul,31-Jul,25-Jul,26-Jul,27-Jul,28-Jul,29-Jul,30-Jul,31-Jul,7,7,0
Pune,Pune,Pune 1,Baramati,Ambegaon,20017250,LONI BHAPKAR RRWSS,LoniBhapkar,5659,4,74.62,9.76,0.57,4651.01,3593.65,33.08,0.62,1318.63,172.46,10.09,82187.84,63503.29,584.50,10.90,25-Jul,26-Jul,27-Jul,28-Jul,29-Jul,30-Jul,31-Jul,25-Jul,26-Jul,27-Jul,28-Jul,29-Jul,30-Jul,31-Jul,0,2,5
Pune,Pune,Pune 1,Baramati,Ambegaon,20017250,LONI BHAPKAR RRWSS,Masalwadi,1446,3,0.00,39.65,0.12,35.70,0.25,0.27,0.45,0.00,2742.00,7.96,2468.71,17.01,18.45,31.29,25-Jul,26-Jul,27-Jul,28-Jul,29-Jul,30-Jul,31-Jul,25-Jul,26-Jul,27-Jul,28-Jul,29-Jul,30-Jul,31-Jul,1,5,2
Pune,Pune,Pune 1,Baramati,Ambegaon,20017250,LONI BHAPKAR RRWSS,Palsi,2612,4,0.11,0.00,0.00,0.39,0.00,0.16,0.18,4.14,0.00,0.00,14.96,0.00,6.16,6.74,25-Jul,26-Jul,27-Jul,28-Jul,29-Jul,30-Jul,31-Jul,25-Jul,26-Jul,27-Jul,28-Jul,29-Jul,30-Jul,31-Jul,3,7,0
Pune,Pune,Pune 1,Baramati,Ambegaon,20017250,LONI BHAPKAR RRWSS,Sayambachiwadi,1969,2,30.22,0.00,53.70,23.05,24.28,0.00,0.00,1534.96,0.00,2727.49,1170.63,1233.03,0.00,0.00,25-Jul,26-Jul,27-Jul,28-Jul,29-Jul,30-Jul,31-Jul,25-Jul,26-Jul,27-Jul,28-Jul,29-Jul,30-Jul,31-Jul,3,3,4
Pune,Pune,Pune 1,Baramati,Ambegaon,20017250,LONI BHAPKAR RRWSS,Tukainagar,3819,2,0.11,0.28,0.00,0.18,0.00,0.01,0.33,2.86,7.26,0.00,4.59,0.00,0.36,8.52,25-Jul,26-Jul,27-Jul,28-Jul,29-Jul,30-Jul,31-Jul,25-Jul,26-Jul,27-Jul,28-Jul,29-Jul,30-Jul,31-Jul,2,7,0
Pune,Pune,Pune 1,Baramati,Ambegaon,7942125,MURTI & 7 VILLAGES RRWSS,Bhapkar mala,1761,1,20.56,0.26,0.00,0.00,0.00,25.33,0.00,1167.65,14.76,0.00,0.00,0.00,1438.47,0.00,25-Jul,26-Jul,27-Jul,28-Jul,29-Jul,30-Jul,31-Jul,25-Jul,26-Jul,27-Jul,28-Jul,29-Jul,30-Jul,31-Jul,4,5,2
Pune,Pune,Pune 1,Baramati,Ambegaon,7942125,MURTI & 7 VILLAGES RRWSS,Chaudharwad,911,2,0.13,0.26,0.25,0.24,0.29,115.34,0.25,14.41,29.08,27.14,26.81,31.47,12661.30,27.95,25-Jul,26-Jul,27-Jul,28-Jul,29-Jul,30-Jul,31-Jul,25-Jul,26-Jul,27-Jul,28-Jul,29-Jul,30-Jul,31-Jul,0,6,1
Pune,Pune,Pune 1,Baramati,Ambegaon,7942125,MURTI & 7 VILLAGES RRWSS,Magarwadi,1761,1,0.00,0.00,0.00,0.00,0.00,0.00,0.00,0.00,0.00,0.00,0.00,0.00,0.00,0.00,25-Jul,26-Jul,27-Jul,28-Jul,29-Jul,30-Jul,31-Jul,25-Jul,26-Jul,27-Jul,28-Jul,29-Jul,30-Jul,31-Jul,7,7,0
Pune,Pune,Pune 1,Baramati,Ambegaon,7942125,MURTI & 7 VILLAGES RRWSS,Modhave,2362,2,0.00,0.00,62.36,0.00,18.29,20.65,0.00,0.00,0.00,2640.03,0.00,774.21,874.08,0.00,25-Jul,26-Jul,27-Jul,28-Jul,29-Jul,30-Jul,31-Jul,25-Jul,26-Jul,27-Jul,28-Jul,29-Jul,30-Jul,31-Jul,4,4,3
Pune,Pune,Pune 1,Baramati,Ambegaon,7942125,MURTI & 7 VILLAGES RRWSS,Moralwadi,1462,3,0.00,0.00,0.00,0.00,0.00,0.00,0.00,0.00,0.00,0.00,0.00,0.00,0.00,0.00,25-Jul,26-Jul,27-Jul,28-Jul,29-Jul,30-Jul,31-Jul,25-Jul,26-Jul,27-Jul,28-Jul,29-Jul,30-Jul,31-Jul,7,7,0
Pune,Pune,Pune 1,Baramati,Ambegaon,7942125,MURTI & 7 VILLAGES RRWSS,Murti gaonthan,1065,2,0.00,0.00,0.00,0.00,0.00,0.00,0.00,0.00,0.00,0.00,0.00,0.00,0.00,0.00,25-Jul,26-Jul,27-Jul,28-Jul,29-Jul,30-Jul,31-Jul,25-Jul,26-Jul,27-Jul,28-Jul,29-Jul,30-Jul,31-Jul,7,7,0
Pune,Pune,Pune 1,Baramati,Ambegaon,7942125,MURTI & 7 VILLAGES RRWSS,Waki,3355,2,0.00,0.00,0.00,0.00,0.00,0.00,206.45,0.00,0.00,0.00,0.00,0.00,0.00,6153.53,25-Jul,26-Jul,27-Jul,28-Jul,29-Jul,30-Jul,31-Jul,25-Jul,26-Jul,27-Jul,28-Jul,29-Jul,30-Jul,31-Jul,6,6,1
Pune,Pune,Pune 1,Pune 1,Daund,7942135,"Gar, Sonwadi, Nanviz RR",Betwadi,1500,1,0.00,0.00,0.00,0.00,0.00,0.00,0.00,0.00,0.00,0.00,0.00,0.00,0.00,0.00,25-Jul,26-Jul,27-Jul,28-Jul,29-Jul,30-Jul,31-Jul,25-Jul,26-Jul,27-Jul,28-Jul,29-Jul,30-Jul,31-Jul,7,7,0
Pune,Pune,Pune 1,Pune 1,Daund,7942135,"Gar, Sonwadi, Nanviz RR",Gholapnaagar,1591,1,0.00,0.00,0.00,0.00,0.00,0.00,0.00,0.00,0.00,0.00,0.00,0.00,0.00,0.00,25-Jul,26-Jul,27-Jul,28-Jul,29-Jul,30-Jul,31-Jul,25-Jul,26-Jul,27-Jul,28-Jul,29-Jul,30-Jul,31-Jul,7,7,0
Pune,Pune,Pune 1,Pune 1,Daund,7942135,"Gar, Sonwadi, Nanviz RR",Holimala,734,2,0.00,0.00,0.00,0.00,0.00,0.00,0.00,0.00,0.00,0.00,0.00,0.00,0.00,0.00,25-Jul,26-Jul,27-Jul,28-Jul,29-Jul,30-Jul,31-Jul,25-Jul,26-Jul,27-Jul,28-Jul,29-Jul,30-Jul,31-Jul,7,7,0
Pune,Pune,Pune 1,Pune 1,Daund,7942135,"Gar, Sonwadi, Nanviz RR",Nanviz,300,2,0.00,0.00,0.00,0.00,0.00,0.00,0.00,0.00,0.00,0.00,0.00,0.00,0.00,0.00,25-Jul,26-Jul,27-Jul,28-Jul,29-Jul,30-Jul,31-Jul,25-Jul,26-Jul,27-Jul,28-Jul,29-Jul,30-Jul,31-Jul,7,7,0
Pune,Pune,Pune 1,Pune 1,Daund,7942135,"Gar, Sonwadi, Nanviz RR",Sonwadi,4636,1,0.00,0.00,0.00,0.00,0.00,0.00,0.00,0.00,0.00,0.00,0.00,0.00,0.00,0.00,25-Jul,26-Jul,27-Jul,28-Jul,29-Jul,30-Jul,31-Jul,25-Jul,26-Jul,27-Jul,28-Jul,29-Jul,30-Jul,31-Jul,7,7,0
Pune,Pune,Pune 2,Baramati,Ambegaon,20018548,HOL SASTEWADI,Hol,2509,1,0.12,0.29,0.27,0.21,0.21,0.21,0.21,4.63,11.53,10.87,8.19,8.19,8.19,8.21,25-Jul,26-Jul,27-Jul,28-Jul,29-Jul,30-Jul,31-Jul,25-Jul,26-Jul,27-Jul,28-Jul,29-Jul,30-Jul,31-Jul,0,7,0
Pune,Pune,Pune 2,Baramati,Ambegaon,20018548,HOL SASTEWADI,Sastewadi,3462,7,0.00,0.00,0.00,0.00,0.12,0.00,0.00,0.00,0.00,0.00,0.00,3.40,0.00,0.00,25-Jul,26-Jul,27-Jul,28-Jul,29-Jul,30-Jul,31-Jul,25-Jul,26-Jul,27-Jul,28-Jul,29-Jul,30-Jul,31-Jul,6,7,0
Pune,Pune,Pune 2,Maval,Daund,20013367,Done Adhale RR,ADHALE BK,1695,2,0.00,0.00,0.00,0.00,0.00,0.00,0.00,0.00,0.00,0.00,0.00,0.00,0.00,0.00,25-Jul,26-Jul,27-Jul,28-Jul,29-Jul,30-Jul,31-Jul,25-Jul,26-Jul,27-Jul,28-Jul,29-Jul,30-Jul,31-Jul,7,7,0
Pune,Pune,Pune 2,Maval,Daund,20013367,Done Adhale RR,DIVAD,1795,2,0.00,0.00,0.00,0.00,0.00,0.00,0.00,0.00,0.00,0.00,0.00,0.00,0.00,0.00,25-Jul,26-Jul,27-Jul,28-Jul,29-Jul,30-Jul,31-Jul,25-Jul,26-Jul,27-Jul,28-Jul,29-Jul,30-Jul,31-Jul,7,7,0
Pune,Pune,Pune 2,Maval,Daund,20013367,Done Adhale RR,DONE,1044,1,0.00,0.00,0.00,0.00,0.00,0.00,0.00,0.00,0.00,0.00,0.00,0.00,0.00,0.00,25-Jul,26-Jul,27-Jul,28-Jul,29-Jul,30-Jul,31-Jul,25-Jul,26-Jul,27-Jul,28-Jul,29-Jul,30-Jul,31-Jul,7,7,0
Pune,Pune,Pune 2,Maval,Daund,20013367,Done Adhale RR,OVALE,1177,2,0.00,0.00,0.00,0.00,0.00,0.00,0.00,0.00,0.00,0.00,0.00,0.00,0.00,0.00,25-Jul,26-Jul,27-Jul,28-Jul,29-Jul,30-Jul,31-Jul,25-Jul,26-Jul,27-Jul,28-Jul,29-Jul,30-Jul,31-Jul,7,7,0
Pune,Pune,Pune 2,Pune 2,Velhe,20027541,Wangani RRWSS,Kolwadi,1226,1,0.00,0.00,0.00,0.00,0.00,0.00,0.00,0.00,0.00,0.00,0.00,0.00,0.00,0.00,25-Jul,26-Jul,27-Jul,28-Jul,29-Jul,30-Jul,31-Jul,25-Jul,26-Jul,27-Jul,28-Jul,29-Jul,30-Jul,31-Jul,7,7,0
Pune,Pune,Pune 2,Pune 2,Velhe,20027541,Wangani RRWSS,Mengajai Wadi,123,1,0.00,0.00,0.00,0.00,0.00,0.00,0.00,0.00,0.00,0.00,0.00,0.00,0.00,0.00,25-Jul,26-Jul,27-Jul,28-Jul,29-Jul,30-Jul,31-Jul,25-Jul,26-Jul,27-Jul,28-Jul,29-Jul,30-Jul,31-Jul,7,7,0
Pune,Pune,Pune 2,Pune 2,Velhe,20027541,Wangani RRWSS,Wangani,1150,1,0.00,0.00,0.00,0.00,0.00,0.00,0.00,0.00,0.00,0.00,0.00,0.00,0.00,0.00,25-Jul,26-Jul,27-Jul,28-Jul,29-Jul,30-Jul,31-Jul,25-Jul,26-Jul,27-Jul,28-Jul,29-Jul,30-Jul,31-Jul,7,7,0
Pune,Pune,Pune 2,Pune 2,Velhe,20027541,Wangani RRWSS,Wanganichiwadi,1108,3,0.00,0.00,0.00,0.00,0.00,0.00,0.00,0.00,0.00,0.00,0.00,0.00,0.00,0.00,25-Jul,26-Jul,27-Jul,28-Jul,29-Jul,30-Jul,31-Jul,25-Jul,26-Jul,27-Jul,28-Jul,29-Jul,30-Jul,31-Jul,7,7,0
Pune,Pune,Pune 2,Pune,Daund,20027689,Patan & 8 Villages RWSS,Aundholi,594,2,0.00,0.00,0.00,0.00,0.00,0.00,0.00,0.00,0.00,0.00,0.00,0.00,0.00,0.00,25-Jul,26-Jul,27-Jul,28-Jul,29-Jul,30-Jul,31-Jul,25-Jul,26-Jul,27-Jul,28-Jul,29-Jul,30-Jul,31-Jul,7,7,0
Pune,Pune,Pune 2,Pune,Daund,20027689,Patan & 8 Villages RWSS,Bhaje,3140,5,0.00,0.00,0.00,0.00,0.00,0.00,0.00,0.01,0.00,0.06,0.00,0.00,0.01,0.00,25-Jul,26-Jul,27-Jul,28-Jul,29-Jul,30-Jul,31-Jul,25-Jul,26-Jul,27-Jul,28-Jul,29-Jul,30-Jul,31-Jul,4,7,0
Pune,Pune,Pune 2,Pune,Daund,20027689,Patan & 8 Villages RWSS,Boraj,565,1,0.00,0.00,0.00,0.00,0.00,0.00,0.00,0.00,0.00,0.00,0.00,0.00,0.00,0.00,25-Jul,26-Jul,27-Jul,28-Jul,29-Jul,30-Jul,31-Jul,25-Jul,26-Jul,27-Jul,28-Jul,29-Jul,30-Jul,31-Jul,7,7,0
Pune,Pune,Pune 2,Pune,Daund,20027689,Patan & 8 Villages RWSS,DEVLE,2052,2,0.00,0.00,0.00,0.00,0.00,0.00,0.00,0.00,0.00,0.00,0.00,0.00,0.00,0.00,25-Jul,26-Jul,27-Jul,28-Jul,29-Jul,30-Jul,31-Jul,25-Jul,26-Jul,27-Jul,28-Jul,29-Jul,30-Jul,31-Jul,7,7,0
Pune,Pune,Pune 2,Pune,Daund,20027689,Patan & 8 Villages RWSS,Dudhivare,375,3,0.00,0.00,0.00,0.00,0.00,0.00,0.00,0.00,0.00,0.00,0.00,0.00,0.00,0.00,25-Jul,26-Jul,27-Jul,28-Jul,29-Jul,30-Jul,31-Jul,25-Jul,26-Jul,27-Jul,28-Jul,29-Jul,30-Jul,31-Jul,7,7,0
Pune,Pune,Pune 2,Pune,Daund,20027689,Patan & 8 Villages RWSS,PATAN,1762,3,0.00,0.00,0.00,0.00,0.00,0.00,0.00,0.00,0.00,0.00,0.00,0.00,0.00,0.00,25-Jul,26-Jul,27-Jul,28-Jul,29-Jul,30-Jul,31-Jul,25-Jul,26-Jul,27-Jul,28-Jul,29-Jul,30-Jul,31-Jul,7,7,0
Pune,Pune,Pune 2,Pune,Daund,20027689,Patan & 8 Villages RWSS,Shindgaon,343,1,0.00,0.57,0.17,0.00,0.00,0.00,0.00,0.00,165.09,49.55,0.04,0.00,0.00,0.00,25-Jul,26-Jul,27-Jul,28-Jul,29-Jul,30-Jul,31-Jul,25-Jul,26-Jul,27-Jul,28-Jul,29-Jul,30-Jul,31-Jul,4,6,1
Pune,Pune,Pune 2,Pune,Daund,7948923,Karla & 7 villages RR,KARLA,2114,3,0.00,0.00,0.00,0.00,0.00,0.00,0.00,0.00,0.00,0.00,0.00,0.00,0.00,0.00,25-Jul,26-Jul,27-Jul,28-Jul,29-Jul,30-Jul,31-Jul,25-Jul,26-Jul,27-Jul,28-Jul,29-Jul,30-Jul,31-Jul,7,7,0
Pune,Pune,Pune 2,Pune,Daund,7948923,Karla & 7 villages RR,SHILTHANE,1741,1,0.00,0.00,0.00,0.00,0.00,0.00,0.00,0.00,0.00,0.00,0.00,0.00,0.00,0.00,25-Jul,26-Jul,27-Jul,28-Jul,29-Jul,30-Jul,31-Jul,25-Jul,26-Jul,27-Jul,28-Jul,29-Jul,30-Jul,31-Jul,7,7,0
Pune,Pune,Pune 2,Pune,Velhe,20013219,Wajeghar RR,Dadawadi,188,3,0.00,0.00,0.00,0.00,0.00,0.00,0.00,0.00,0.00,0.00,0.00,0.00,0.00,0.00,25-Jul,26-Jul,27-Jul,28-Jul,29-Jul,30-Jul,31-Jul,25-Jul,26-Jul,27-Jul,28-Jul,29-Jul,30-Jul,31-Jul,7,7,0
Pune,Pune,Pune 2,Pune,Velhe,20013219,Wajeghar RR,Khatpewadi,662,3,0.00,0.00,0.00,0.00,0.00,0.00,0.00,0.00,0.00,0.00,0.00,0.00,0.00,0.00,25-Jul,26-Jul,27-Jul,28-Jul,29-Jul,30-Jul,31-Jul,25-Jul,26-Jul,27-Jul,28-Jul,29-Jul,30-Jul,31-Jul,7,7,0
Pune,Pune,Pune 2,Pune,Velhe,20013219,Wajeghar RR,Lavhi,276,3,0.00,0.00,0.00,0.00,0.00,0.00,0.00,0.00,0.00,0.00,0.00,0.00,0.00,0.00,25-Jul,26-Jul,27-Jul,28-Jul,29-Jul,30-Jul,31-Jul,25-Jul,26-Jul,27-Jul,28-Jul,29-Jul,30-Jul,31-Jul,7,7,0
Pune,Pune,Pune 2,Pune,Velhe,20013219,Wajeghar RR,Merawane,666,1,0.00,0.00,0.00,0.00,0.00,0.00,0.00,0.00,0.00,0.00,0.00,0.00,0.00,0.00,25-Jul,26-Jul,27-Jul,28-Jul,29-Jul,30-Jul,31-Jul,25-Jul,26-Jul,27-Jul,28-Jul,29-Jul,30-Jul,31-Jul,7,7,0
Pune,Pune,Pune 2,Pune,Velhe,20013219,Wajeghar RR,PAL BK,729,1,0.00,0.00,0.00,0.00,0.00,0.00,0.00,0.00,0.00,0.00,0.00,0.00,0.00,0.00,25-Jul,26-Jul,27-Jul,28-Jul,29-Jul,30-Jul,31-Jul,25-Jul,26-Jul,27-Jul,28-Jul,29-Jul,30-Jul,31-Jul,7,7,0
Pune,Pune,Pune 2,Pune,Velhe,20013219,Wajeghar RR,PAL KH,437,3,0.00,0.00,0.00,0.00,0.00,0.00,0.00,0.00,0.00,0.00,0.00,0.00,0.00,0.00,25-Jul,26-Jul,27-Jul,28-Jul,29-Jul,30-Jul,31-Jul,25-Jul,26-Jul,27-Jul,28-Jul,29-Jul,30-Jul,31-Jul,7,7,0
Pune,Pune,Pune,Pune,Ambegaon,20017194,Gadadarewadi & Khandobachiwadi,GADADARWADI,2253,5,26.12,87.29,0.00,0.00,0.02,0.02,0.01,1159.34,3874.54,0.00,0.00,0.92,0.68,0.54,25-Jul,26-Jul,27-Jul,28-Jul,29-Jul,30-Jul,31-Jul,25-Jul,26-Jul,27-Jul,28-Jul,29-Jul,30-Jul,31-Jul,2,5,2
Pune,Pune,Pune,Pune,Ambegaon,20017262,Supe,AMBE KHURD,1149,1,0.00,5849.02,10401.10,197.32,225.24,5531.70,0.00,0.00,509053.09,905230.64,17173.19,19603.13,481436.20,0.00,25-Jul,26-Jul,27-Jul,28-Jul,29-Jul,30-Jul,31-Jul,25-Jul,26-Jul,27-Jul,28-Jul,29-Jul,30-Jul,31-Jul,2,2,5
Pune,Pune,Pune,Pune,Ambegaon,20017262,Supe,BABURDI,1667,1,0.00,0.00,369.09,0.00,0.49,0.00,0.00,0.00,0.00,22140.97,0.00,29.39,0.00,0.00,25-Jul,26-Jul,27-Jul,28-Jul,29-Jul,30-Jul,31-Jul,25-Jul,26-Jul,27-Jul,28-Jul,29-Jul,30-Jul,31-Jul,5,6,1
Pune,Pune,Pune,Pune,Ambegaon,20017262,Supe,DANDWADI,2124,3,0.00,2091.03,2532.12,1954.78,2702.53,0.00,0.00,0.00,98447.86,119214.69,92032.96,127237.76,0.00,0.00,25-Jul,26-Jul,27-Jul,28-Jul,29-Jul,30-Jul,31-Jul,25-Jul,26-Jul,27-Jul,28-Jul,29-Jul,30-Jul,31-Jul,3,3,4
Pune,Pune,Pune,Pune,Ambegaon,20017262,Supe,KALKHAIREWADI,1812,2,0.00,0.00,0.00,0.00,0.00,0.00,0.00,0.00,0.00,0.00,0.00,0.00,0.00,0.00,25-Jul,26-Jul,27-Jul,28-Jul,29-Jul,30-Jul,31-Jul,25-Jul,26-Jul,27-Jul,28-Jul,29-Jul,30-Jul,31-Jul,7,7,0
Pune,Pune,Pune,Pune,Ambegaon,20017262,Supe,KUTAWALWADI,2290,2,0.00,0.00,0.00,0.00,0.00,0.00,0.00,0.00,0.00,0.00,0.00,0.00,0.00,0.00,25-Jul,26-Jul,27-Jul,28-Jul,29-Jul,30-Jul,31-Jul,25-Jul,26-Jul,27-Jul,28-Jul,29-Jul,30-Jul,31-Jul,7,7,0
Pune,Pune,Pune,Pune,Ambegaon,20017262,Supe,MANGOBACHIWADI,257,2,0.00,0.00,641.99,1776.82,0.00,0.00,0.00,0.00,0.00,249801.56,691369.65,0.00,0.00,0.00,25-Jul,26-Jul,27-Jul,28-Jul,29-Jul,30-Jul,31-Jul,25-Jul,26-Jul,27-Jul,28-Jul,29-Jul,30-Jul,31-Jul,5,5,2
Pune,Pune,Pune,Pune,Ambegaon,20017262,Supe,NAROLI,1486,1,0.00,0.00,134.41,199.82,1.03,0.00,0.02,0.00,0.00,9045.09,13446.84,69.23,0.00,1.24,25-Jul,26-Jul,27-Jul,28-Jul,29-Jul,30-Jul,31-Jul,25-Jul,26-Jul,27-Jul,28-Jul,29-Jul,30-Jul,31-Jul,3,4,3
Pune,Pune,Pune,Pune,Ambegaon,20017262,Supe,SHERECHIWADI,1089,1,0.00,0.21,0.15,0.04,0.11,0.00,0.00,0.00,19.28,13.77,3.67,10.10,0.00,0.00,25-Jul,26-Jul,27-Jul,28-Jul,29-Jul,30-Jul,31-Jul,25-Jul,26-Jul,27-Jul,28-Jul,29-Jul,30-Jul,31-Jul,3,7,0
Pune,Pune,Pune,Pune,Ambegaon,20017262,Supe,SUPE,5512,2,0.00,19997.84,17484.54,25017.16,22993.54,26975.60,10621.94,0.00,362805.52,317208.64,453867.20,417154.21,489397.68,192705.82,25-Jul,26-Jul,27-Jul,28-Jul,29-Jul,30-Jul,31-Jul,25-Jul,26-Jul,27-Jul,28-Jul,29-Jul,30-Jul,31-Jul,1,1,6
Pune,Pune,Pune,Pune,Ambegaon,20017262,Supe,TAMBEWASTI,667,2,0.00,0.00,42.22,0.75,0.00,0.00,0.00,0.00,0.00,6329.84,112.44,0.00,0.00,0.00,25-Jul,26-Jul,27-Jul,28-Jul,29-Jul,30-Jul,31-Jul,25-Jul,26-Jul,27-Jul,28-Jul,29-Jul,30-Jul,31-Jul,5,5,2
Pune,Pune,Pune,Pune,Ambegaon,20017262,Supe,VADHANE,1981,3,0.00,7223.08,7184.40,4924.40,0.00,0.37,1.11,0.00,364617.87,362665.32,248581.52,0.00,18.89,56.15,25-Jul,26-Jul,27-Jul,28-Jul,29-Jul,30-Jul,31-Jul,25-Jul,26-Jul,27-Jul,28-Jul,29-Jul,30-Jul,31-Jul,2,3,4
Pune,Pune,Pune,Pune,Ambegaon,20027855,Thopatewadi Late,Bajarangwadi,1748,3,0.00,0.00,0.00,0.00,0.00,0.00,0.00,0.00,0.00,0.00,0.00,0.00,0.00,0.00,25-Jul,26-Jul,27-Jul,28-Jul,29-Jul,30-Jul,31-Jul,25-Jul,26-Jul,27-Jul,28-Jul,29-Jul,30-Jul,31-Jul,7,7,0
Pune,Pune,Pune,Pune,Ambegaon,20027855,Thopatewadi Late,Kurnewadi,1484,2,0.00,0.00,0.00,0.00,0.00,0.00,0.00,0.00,0.00,0.00,0.00,0.00,0.00,0.00,25-Jul,26-Jul,27-Jul,28-Jul,29-Jul,30-Jul,31-Jul,25-Jul,26-Jul,27-Jul,28-Jul,29-Jul,30-Jul,31-Jul,7,7,0
Pune,Pune,Pune,Pune,Ambegaon,20027855,Thopatewadi Late,Late,1222,2,0.00,11789.32,13884.63,10902.64,0.00,0.00,0.87,0.00,964756.14,1136221.77,892196.40,0.00,0.00,70.93,25-Jul,26-Jul,27-Jul,28-Jul,29-Jul,30-Jul,31-Jul,25-Jul,26-Jul,27-Jul,28-Jul,29-Jul,30-Jul,31-Jul,3,3,4
Pune,Pune,Pune,Pune,Ambegaon,20027855,Thopatewadi Late,Malwadi,1230,2,0.00,196.03,235.25,473.24,0.00,0.00,0.00,0.00,15937.40,19125.69,38474.95,0.00,0.02,0.01,25-Jul,26-Jul,27-Jul,28-Jul,29-Jul,30-Jul,31-Jul,25-Jul,26-Jul,27-Jul,28-Jul,29-Jul,30-Jul,31-Jul,2,4,3
Pune,Pune,Pune,Pune,Ambegaon,20027855,Thopatewadi Late,Thopatewadi,2118,4,0.00,0.00,0.00,0.00,0.00,0.00,0.00,0.00,0.00,0.00,0.00,0.00,0.00,0.00,25-Jul,26-Jul,27-Jul,28-Jul,29-Jul,30-Jul,31-Jul,25-Jul,26-Jul,27-Jul,28-Jul,29-Jul,30-Jul,31-Jul,7,7,0
Pune,Pune,Pune,Pune,Indapur,20051606,Varodi BK & 2 Villages,Varodi BK,428,3,0.00,196855490070376000000000.00,0.00,21926985072.64,594522656187555000000000000000.00,104011.13,157971911902356000000000000000000000.00,0.00,45994273380928900000000000.00,0.00,5123127353420.56,138907162660644000000000000000000.00,24301665.89,36909325210830700000000000000000000000.00,25-Jul,26-Jul,27-Jul,28-Jul,29-Jul,30-Jul,31-Jul,25-Jul,26-Jul,27-Jul,28-Jul,29-Jul,30-Jul,31-Jul,2,2,5
Pune,Pune,Pune,Pune,Indapur,20051606,Varodi BK & 2 Villages,Varodi Kh,723,4,586.33,1226.70,514559545449591000000000000000.00,1274.93,0.00,112074744932598.00,0.01,81097.47,169668.14,71170061611285000000000000000000.00,176338.87,0.00,15501347846832300.00,2.04,25-Jul,26-Jul,27-Jul,28-Jul,29-Jul,30-Jul,31-Jul,25-Jul,26-Jul,27-Jul,28-Jul,29-Jul,30-Jul,31-Jul,1,2,5
Pune,Pune,Pune,Pune,Khed,20050028,Uddhat,Jambh,1457,3,0.00,0.00,0.00,0.00,0.00,0.00,0.00,0.00,0.00,0.00,0.00,0.00,0.00,0.00,25-Jul,26-Jul,27-Jul,28-Jul,29-Jul,30-Jul,31-Jul,25-Jul,26-Jul,27-Jul,28-Jul,29-Jul,30-Jul,31-Jul,7,7,0
Pune,Pune,Pune,Pune,Khed,20050028,Uddhat,Tavashi,3010,3,0.00,0.00,0.00,0.00,0.00,0.00,0.00,0.00,0.00,0.00,0.00,0.00,0.00,0.00,25-Jul,26-Jul,27-Jul,28-Jul,29-Jul,30-Jul,31-Jul,25-Jul,26-Jul,27-Jul,28-Jul,29-Jul,30-Jul,31-Jul,7,7,0
Pune,Pune,Pune,Pune,Khed,20050028,Uddhat,Thoratwadi,2050,2,0.00,0.00,0.00,0.00,0.00,0.00,0.00,0.00,0.00,0.00,0.00,0.00,0.00,0.00,25-Jul,26-Jul,27-Jul,28-Jul,29-Jul,30-Jul,31-Jul,25-Jul,26-Jul,27-Jul,28-Jul,29-Jul,30-Jul,31-Jul,7,7,0
Pune,Pune,Pune,Pune,Khed,20050028,Uddhat,Uddhat,2780,3,0.00,0.00,0.00,0.00,0.00,0.00,0.00,0.00,0.00,0.00,0.00,0.00,0.00,0.00,25-Jul,26-Jul,27-Jul,28-Jul,29-Jul,30-Jul,31-Jul,25-Jul,26-Jul,27-Jul,28-Jul,29-Jul,30-Jul,31-Jul,7,7,0
Pune,Pune,Pune,Pune,Khed,20050028,Uddhat,Udnaiwadi,5000,1,0.00,0.00,0.00,0.00,0.00,0.00,0.00,0.00,0.00,0.00,0.00,0.00,0.00,0.00,25-Jul,26-Jul,27-Jul,28-Jul,29-Jul,30-Jul,31-Jul,25-Jul,26-Jul,27-Jul,28-Jul,29-Jul,30-Jul,31-Jul,7,7,0
Pune,Pune,Pune,Pune,Mulshi,20022133,Peth RR,Bhawadi,1529,3,0.00,0.00,0.00,0.00,0.00,0.00,0.00,0.00,0.00,0.00,0.00,0.00,0.00,0.00,25-Jul,26-Jul,27-Jul,28-Jul,29-Jul,30-Jul,31-Jul,25-Jul,26-Jul,27-Jul,28-Jul,29-Jul,30-Jul,31-Jul,7,7,0
Pune,Pune,Pune,Pune,Mulshi,20022133,Peth RR,Karegaon,1749,4,0.09,1.13,0.92,0.86,1.47,0.11,0.86,5.00,64.60,52.54,49.04,84.15,6.24,49.11,25-Jul,26-Jul,27-Jul,28-Jul,29-Jul,30-Jul,31-Jul,25-Jul,26-Jul,27-Jul,28-Jul,29-Jul,30-Jul,31-Jul,0,5,2
Pune,Pune,Pune,Pune,Mulshi,20022133,Peth RR,Kurwandi,2522,7,0.00,0.00,0.00,0.00,0.00,0.00,0.00,0.00,0.00,0.00,0.00,0.00,0.00,0.00,25-Jul,26-Jul,27-Jul,28-Jul,29-Jul,30-Jul,31-Jul,25-Jul,26-Jul,27-Jul,28-Jul,29-Jul,30-Jul,31-Jul,7,7,0
Pune,Pune,Pune,Pune,Mulshi,20022133,Peth RR,Paragaon,4195,10,0.00,0.07,0.34,0.29,0.13,0.00,0.18,0.00,1.56,8.04,6.84,3.09,0.12,4.18,25-Jul,26-Jul,27-Jul,28-Jul,29-Jul,30-Jul,31-Jul,25-Jul,26-Jul,27-Jul,28-Jul,29-Jul,30-Jul,31-Jul,1,7,0
Pune,Pune,Pune,Pune,Mulshi,20022133,Peth RR,Peth,387,6,0.92,0.20,0.73,1.79,0.74,2.63,1.09,237.18,51.34,188.42,463.62,190.44,680.05,282.50,25-Jul,26-Jul,27-Jul,28-Jul,29-Jul,30-Jul,31-Jul,25-Jul,26-Jul,27-Jul,28-Jul,29-Jul,30-Jul,31-Jul,0,1,6
Pune,Pune,Pune,Pune,Mulshi,20022133,Peth RR,Thugaon,778,5,0.10,0.26,0.19,0.63,0.00,0.11,0.56,12.75,33.62,23.80,80.85,0.05,14.35,72.48,25-Jul,26-Jul,27-Jul,28-Jul,29-Jul,30-Jul,31-Jul,25-Jul,26-Jul,27-Jul,28-Jul,29-Jul,30-Jul,31-Jul,0,5,2
Pune,Pune,Pune,Pune,Purandar,20016917,Dive,PAWARWADI,1160,1,0.02,0.00,0.12,0.01,0.00,0.00,0.00,1.85,0.00,10.34,0.86,0.00,0.00,0.00,25-Jul,26-Jul,27-Jul,28-Jul,29-Jul,30-Jul,31-Jul,25-Jul,26-Jul,27-Jul,28-Jul,29-Jul,30-Jul,31-Jul,4,7,0
Pune,Pune,Pune,Pune,Purandar,20027436,Pargaoan Malshiras,Pargaon,3108,2,0.00,0.00,0.00,0.00,0.00,0.00,0.00,0.00,0.00,0.00,0.00,0.00,0.00,0.00,25-Jul,26-Jul,27-Jul,28-Jul,29-Jul,30-Jul,31-Jul,25-Jul,26-Jul,27-Jul,28-Jul,29-Jul,30-Jul,31-Jul,7,7,0
Pune,Pune,Pune,Pune,Purandar,20027436,Pargaoan Malshiras,Rise,1478,2,0.00,5331.20,5530.32,0.00,0.00,0.00,6306.46,0.00,360703.65,374175.91,0.00,0.00,0.00,426688.77,25-Jul,26-Jul,27-Jul,28-Jul,29-Jul,30-Jul,31-Jul,25-Jul,26-Jul,27-Jul,28-Jul,29-Jul,30-Jul,31-Jul,4,4,3
Pune,Pune,Pune,Pune,Purandar,20027436,Pargaoan Malshiras,Singapur Gaothan,1373,1,0.00,0.00,0.00,0.00,0.00,0.00,0.00,0.00,0.00,0.00,0.00,0.00,0.00,0.00,25-Jul,26-Jul,27-Jul,28-Jul,29-Jul,30-Jul,31-Jul,25-Jul,26-Jul,27-Jul,28-Jul,29-Jul,30-Jul,31-Jul,7,7,0
Pune,Pune,Pune,Pune,Purandar,20027459,Shivari,MUNJEWADI-EKHATAPUR,1651,2,0.00,0.00,0.00,0.00,0.00,0.00,0.00,0.00,0.00,0.00,0.00,0.00,0.00,0.00,25-Jul,26-Jul,27-Jul,28-Jul,29-Jul,30-Jul,31-Jul,25-Jul,26-Jul,27-Jul,28-Jul,29-Jul,30-Jul,31-Jul,7,7,0
Pune,Pune,Pune,Pune,Purandar,20027459,Shivari,SAKURDE GAVTHAN,2692,3,3900.25,0.14,1196.62,8243.44,0.00,0.00,0.04,144882.94,5.20,44450.97,306219.89,0.00,0.00,1.36,25-Jul,26-Jul,27-Jul,28-Jul,29-Jul,30-Jul,31-Jul,25-Jul,26-Jul,27-Jul,28-Jul,29-Jul,30-Jul,31-Jul,2,4,3
Pune,Pune,Pune,Pune,Purandar,20027459,Shivari,SHIVARI,2109,4,0.00,464.54,284.06,518.65,0.00,0.00,0.00,0.00,22026.55,13468.94,24592.22,0.00,0.00,0.00,25-Jul,26-Jul,27-Jul,28-Jul,29-Jul,30-Jul,31-Jul,25-Jul,26-Jul,27-Jul,28-Jul,29-Jul,30-Jul,31-Jul,4,4,3
Pune,Pune,Pune,Satara,Satara,20027924,Shapur Jakatwadi,JAKATWADI,2619,3,824.93,307.87,394.76,852.26,777.60,729.15,703.21,31497.90,11755.30,15072.83,32541.57,29690.72,27840.96,26850.48,25-Jul,26-Jul,27-Jul,28-Jul,29-Jul,30-Jul,31-Jul,25-Jul,26-Jul,27-Jul,28-Jul,29-Jul,30-Jul,31-Jul,0,0,7
Pune,Pune,Pune,Satara,Satara,20027924,Shapur Jakatwadi,SHAHAPUR,972,1,0.00,0.00,51.29,63950100137737000000000.00,0.00,0.00,0.36,0.00,0.00,5276.52,6579228409232200000000000.00,0.00,0.00,37.36,25-Jul,26-Jul,27-Jul,28-Jul,29-Jul,30-Jul,31-Jul,25-Jul,26-Jul,27-Jul,28-Jul,29-Jul,30-Jul,31-Jul,4,5,2
Pune,Pune,Satara,Phaltan,Phaltan,20027892,RR Girvi WSS,Bhadali Bk,787,1,0.00,0.00,0.00,0.00,0.00,0.00,0.00,0.00,0.00,0.00,0.00,0.00,0.00,0.00,25-Jul,26-Jul,27-Jul,28-Jul,29-Jul,30-Jul,31-Jul,25-Jul,26-Jul,27-Jul,28-Jul,29-Jul,30-Jul,31-Jul,7,7,0
Pune,Pune,Satara,Phaltan,Phaltan,20027892,RR Girvi WSS,Bhadali Gouthan,1230,1,0.00,0.00,0.00,0.00,0.00,0.00,0.00,0.00,0.00,0.00,0.00,0.00,0.00,0.00,25-Jul,26-Jul,27-Jul,28-Jul,29-Jul,30-Jul,31-Jul,25-Jul,26-Jul,27-Jul,28-Jul,29-Jul,30-Jul,31-Jul,7,7,0
Pune,Pune,Satara,Phaltan,Phaltan,20027892,RR Girvi WSS,Sonwadi (Bk),1100,1,0.00,0.00,0.91,0.00,0.00,0.00,1.22,0.00,0.00,82.92,0.00,0.00,0.00,111.33,25-Jul,26-Jul,27-Jul,28-Jul,29-Jul,30-Jul,31-Jul,25-Jul,26-Jul,27-Jul,28-Jul,29-Jul,30-Jul,31-Jul,5,5,2
Pune,Pune,Satara,Phaltan,Phaltan,20027892,RR Girvi WSS,Tirakwadi,1013,1,0.00,0.00,0.00,0.00,0.00,0.00,0.00,0.00,0.00,0.00,0.00,0.00,0.00,0.00,25-Jul,26-Jul,27-Jul,28-Jul,29-Jul,30-Jul,31-Jul,25-Jul,26-Jul,27-Jul,28-Jul,29-Jul,30-Jul,31-Jul,7,7,0
Pune,Pune,Satara,Phaltan,Phaltan,20027892,RR Girvi WSS,Zirapwadi,1451,1,0.00,0.00,0.00,0.00,0.00,0.00,0.00,0.00,0.00,0.00,0.00,0.00,0.00,0.00,25-Jul,26-Jul,27-Jul,28-Jul,29-Jul,30-Jul,31-Jul,25-Jul,26-Jul,27-Jul,28-Jul,29-Jul,30-Jul,31-Jul,7,7,0
Pune,Pune,Satara,Pune,Phaltan,20019021,Dhuldev Algudewadi,Algudewadi,434,4,0.00,0.00,0.00,0.00,0.00,0.00,0.00,0.00,0.00,0.00,0.00,0.00,0.00,0.00,25-Jul,26-Jul,27-Jul,28-Jul,29-Jul,30-Jul,31-Jul,25-Jul,26-Jul,27-Jul,28-Jul,29-Jul,30-Jul,31-Jul,7,7,0
Pune,Pune,Satara,Pune,Phaltan,20019021,Dhuldev Algudewadi,Dhuldev,434,4,0.07,0.00,0.00,0.00,0.00,0.00,0.00,15.12,0.00,0.00,0.00,0.00,0.00,0.00,25-Jul,26-Jul,27-Jul,28-Jul,29-Jul,30-Jul,31-Jul,25-Jul,26-Jul,27-Jul,28-Jul,29-Jul,30-Jul,31-Jul,6,7,0
Pune,Pune,Satara,Pune,Phaltan,20019031,Hol Khamgaon,HOL,2189,5,0.00,0.00,0.00,0.00,0.00,0.00,0.00,0.00,0.00,0.00,0.00,0.00,0.00,0.00,25-Jul,26-Jul,27-Jul,28-Jul,29-Jul,30-Jul,31-Jul,25-Jul,26-Jul,27-Jul,28-Jul,29-Jul,30-Jul,31-Jul,7,7,0
Pune,Sangli,Sangli,Islampur,Valva,7940233,Peth & two Villages,Golewadi,482,1,0.00,0.00,0.00,0.00,0.00,0.00,0.00,0.00,0.00,0.00,0.00,0.00,0.00,0.00,25-Jul,26-Jul,27-Jul,28-Jul,29-Jul,30-Jul,31-Jul,25-Jul,26-Jul,27-Jul,28-Jul,29-Jul,30-Jul,31-Jul,7,7,0
Pune,Sangli,Sangli,Islampur,Valva,7940233,Peth & two Villages,Peth,11091,3,2.35,0.00,3.48,0.00,0.00,4.17,0.00,21.19,0.00,31.40,0.00,0.00,37.59,0.00,25-Jul,26-Jul,27-Jul,28-Jul,29-Jul,30-Jul,31-Jul,25-Jul,26-Jul,27-Jul,28-Jul,29-Jul,30-Jul,31-Jul,4,7,0
Pune,Sangli,Sangli,Islampur,Valva,7940233,Peth & two Villages,Waghwadi,1161,1,0.63,0.35,0.59,0.00,0.54,0.58,0.61,53.98,29.81,50.84,0.28,46.32,49.81,52.65,25-Jul,26-Jul,27-Jul,28-Jul,29-Jul,30-Jul,31-Jul,25-Jul,26-Jul,27-Jul,28-Jul,29-Jul,30-Jul,31-Jul,0,7,0
Pune,Sangli,Solapur,Solapur,Mangalvedhe,20033593,Andhalgaon and 3 villages,ANDHALEGAON,6159,3,0.00,0.00,0.00,0.00,0.00,0.00,0.00,0.00,0.00,0.00,0.00,0.00,0.00,0.00,25-Jul,26-Jul,27-Jul,28-Jul,29-Jul,30-Jul,31-Jul,25-Jul,26-Jul,27-Jul,28-Jul,29-Jul,30-Jul,31-Jul,7,7,0
Pune,Sangli,Solapur,Solapur,Mangalvedhe,20033593,Andhalgaon and 3 villages,CHOKAMELA,7934,1,0.00,0.00,0.00,0.00,0.00,0.00,0.00,0.00,0.00,0.00,0.00,0.00,0.00,0.00,25-Jul,26-Jul,27-Jul,28-Jul,29-Jul,30-Jul,31-Jul,25-Jul,26-Jul,27-Jul,28-Jul,29-Jul,30-Jul,31-Jul,7,7,0
Pune,Sangli,Solapur,Solapur,Mangalvedhe,20033593,Andhalgaon and 3 villages,LAXMIDHAHIWADI,7253,2,0.00,0.00,0.00,0.00,0.00,0.00,0.00,0.00,0.00,0.00,0.00,0.00,0.00,0.00,25-Jul,26-Jul,27-Jul,28-Jul,29-Jul,30-Jul,31-Jul,25-Jul,26-Jul,27-Jul,28-Jul,29-Jul,30-Jul,31-Jul,7,7,0
Pune,Sangli,Solapur,Solapur,Mohol,20029637,Penur Patkul,Patkul,7358,3,0.00,0.00,0.00,0.00,0.00,0.00,0.00,0.00,0.00,0.00,0.00,0.00,0.00,0.00,25-Jul,26-Jul,27-Jul,28-Jul,29-Jul,30-Jul,31-Jul,25-Jul,26-Jul,27-Jul,28-Jul,29-Jul,30-Jul,31-Jul,7,7,0
Pune,Sangli,Solapur,Solapur,Mohol,20029637,Penur Patkul,Penur,8755,2,0.00,0.00,0.00,0.00,0.00,0.00,0.00,0.00,0.00,0.00,0.00,0.00,0.00,0.01,25-Jul,26-Jul,27-Jul,28-Jul,29-Jul,30-Jul,31-Jul,25-Jul,26-Jul,27-Jul,28-Jul,29-Jul,30-Jul,31-Jul,6,7,0
Pune,Sangli,Solapur,Solapur,Sangola,20027396,Alegaon shirbhavi 82 Village,Ajanale,8051,1,0.58,1.13,1.12,1.16,0.98,0.99,1.21,7.23,13.99,13.96,14.42,12.12,12.32,14.98,25-Jul,26-Jul,27-Jul,28-Jul,29-Jul,30-Jul,31-Jul,25-Jul,26-Jul,27-Jul,28-Jul,29-Jul,30-Jul,31-Jul,0,7,0
Pune,Sangli,Solapur,Solapur,Sangola,20027396,Alegaon shirbhavi 82 Village,Alegaon,4802,1,0.00,0.00,0.00,0.00,0.00,0.00,0.00,0.00,0.00,0.00,0.00,0.00,0.00,0.00,25-Jul,26-Jul,27-Jul,28-Jul,29-Jul,30-Jul,31-Jul,25-Jul,26-Jul,27-Jul,28-Jul,29-Jul,30-Jul,31-Jul,7,7,0
Pune,Sangli,Solapur,Solapur,Sangola,20027396,Alegaon shirbhavi 82 Village,Anakdhal,8599,1,0.00,0.00,0.00,0.00,0.00,0.00,0.00,0.00,0.00,0.00,0.00,0.00,0.00,0.00,25-Jul,26-Jul,27-Jul,28-Jul,29-Jul,30-Jul,31-Jul,25-Jul,26-Jul,27-Jul,28-Jul,29-Jul,30-Jul,31-Jul,7,7,0
Pune,Sangli,Solapur,Solapur,Sangola,20027396,Alegaon shirbhavi 82 Village,Balwadi,2087,1,0.29,0.72,0.00,0.00,0.96,0.00,0.00,13.77,34.36,0.00,0.00,45.83,0.01,0.00,25-Jul,26-Jul,27-Jul,28-Jul,29-Jul,30-Jul,31-Jul,25-Jul,26-Jul,27-Jul,28-Jul,29-Jul,30-Jul,31-Jul,3,7,0
Pune,Sangli,Solapur,Solapur,Sangola,20027396,Alegaon shirbhavi 82 Village,Bhamni,2572,1,1.45,71.08,1.34,1.57,2.05,0.00,85.96,56.48,2763.43,51.97,60.94,79.61,0.00,3342.00,25-Jul,26-Jul,27-Jul,28-Jul,29-Jul,30-Jul,31-Jul,25-Jul,26-Jul,27-Jul,28-Jul,29-Jul,30-Jul,31-Jul,1,2,5
Pune,Sangli,Solapur,Solapur,Sangola,20027396,Alegaon shirbhavi 82 Village,Bhopasewadi,2875,1,0.00,0.00,0.00,0.00,0.00,0.00,0.00,0.00,0.00,0.00,0.00,0.00,0.00,0.00,25-Jul,26-Jul,27-Jul,28-Jul,29-Jul,30-Jul,31-Jul,25-Jul,26-Jul,27-Jul,28-Jul,29-Jul,30-Jul,31-Jul,7,7,0
Pune,Sangli,Solapur,Solapur,Sangola,20027396,Alegaon shirbhavi 82 Village,Budhyal,1218,1,2.10,0.80,3.52,2.09,1.53,2.73,1.64,172.34,66.08,288.84,171.88,125.22,223.73,134.49,25-Jul,26-Jul,27-Jul,28-Jul,29-Jul,30-Jul,31-Jul,25-Jul,26-Jul,27-Jul,28-Jul,29-Jul,30-Jul,31-Jul,0,0,7
Pune,Sangli,Solapur,Solapur,Sangola,20027396,Alegaon shirbhavi 82 Village,Burangewadi,4570,1,0.25,0.00,0.00,0.00,0.22,0.00,0.00,5.55,0.00,0.00,0.00,4.92,0.00,0.00,25-Jul,26-Jul,27-Jul,28-Jul,29-Jul,30-Jul,31-Jul,25-Jul,26-Jul,27-Jul,28-Jul,29-Jul,30-Jul,31-Jul,5,7,0
Pune,Sangli,Solapur,Solapur,Sangola,20027396,Alegaon shirbhavi 82 Village,Chincholi Gaon,4045,2,0.06,0.00,0.08,0.00,0.09,0.00,0.07,1.53,0.00,2.06,0.00,2.29,0.00,1.78,25-Jul,26-Jul,27-Jul,28-Jul,29-Jul,30-Jul,31-Jul,25-Jul,26-Jul,27-Jul,28-Jul,29-Jul,30-Jul,31-Jul,3,7,0
Pune,Sangli,Solapur,Solapur,Sangola,20027396,Alegaon shirbhavi 82 Village,Chinke,6814,1,0.91,1.67,2.53,0.00,1.86,2.21,1.54,13.35,24.54,37.18,0.00,27.28,32.48,22.63,25-Jul,26-Jul,27-Jul,28-Jul,29-Jul,30-Jul,31-Jul,25-Jul,26-Jul,27-Jul,28-Jul,29-Jul,30-Jul,31-Jul,1,7,0
Pune,Sangli,Solapur,Solapur,Sangola,20027396,Alegaon shirbhavi 82 Village,Chopadi,3313,1,0.00,0.00,0.00,0.00,0.00,0.00,0.00,0.00,0.00,0.00,0.00,0.00,0.00,0.00,25-Jul,26-Jul,27-Jul,28-Jul,29-Jul,30-Jul,31-Jul,25-Jul,26-Jul,27-Jul,28-Jul,29-Jul,30-Jul,31-Jul,7,7,0
Pune,Sangli,Solapur,Solapur,Sangola,20027396,Alegaon shirbhavi 82 Village,Deole,1568,1,0.38,0.00,0.00,0.00,0.41,0.00,0.00,24.53,0.00,0.00,0.00,25.92,0.00,0.00,25-Jul,26-Jul,27-Jul,28-Jul,29-Jul,30-Jul,31-Jul,25-Jul,26-Jul,27-Jul,28-Jul,29-Jul,30-Jul,31-Jul,5,7,0
Pune,Sangli,Solapur,Solapur,Sangola,20027396,Alegaon shirbhavi 82 Village,Devkate Wadi,1261,1,0.00,0.00,0.00,0.00,0.00,0.00,0.00,0.00,0.00,0.00,0.00,0.00,0.00,0.00,25-Jul,26-Jul,27-Jul,28-Jul,29-Jul,30-Jul,31-Jul,25-Jul,26-Jul,27-Jul,28-Jul,29-Jul,30-Jul,31-Jul,7,7,0
Pune,Sangli,Solapur,Solapur,Sangola,20027396,Alegaon shirbhavi 82 Village,Dhayati,4586,2,0.00,0.00,0.00,0.00,0.00,0.00,0.00,0.00,0.00,0.00,0.00,0.00,0.00,0.00,25-Jul,26-Jul,27-Jul,28-Jul,29-Jul,30-Jul,31-Jul,25-Jul,26-Jul,27-Jul,28-Jul,29-Jul,30-Jul,31-Jul,7,7,0
Pune,Sangli,Solapur,Solapur,Sangola,20027396,Alegaon shirbhavi 82 Village,Dongargaon,4021,1,0.15,0.00,0.23,0.00,0.00,0.26,0.00,3.71,0.09,5.73,0.00,0.07,6.39,0.00,25-Jul,26-Jul,27-Jul,28-Jul,29-Jul,30-Jul,31-Jul,25-Jul,26-Jul,27-Jul,28-Jul,29-Jul,30-Jul,31-Jul,2,7,0
Pune,Sangli,Solapur,Solapur,Sangola,20027396,Alegaon shirbhavi 82 Village,Gaudwadi,1508,1,0.00,0.00,0.00,0.00,0.00,0.00,0.00,0.00,0.00,0.00,0.00,0.00,0.00,0.00,25-Jul,26-Jul,27-Jul,28-Jul,29-Jul,30-Jul,31-Jul,25-Jul,26-Jul,27-Jul,28-Jul,29-Jul,30-Jul,31-Jul,7,7,0
Pune,Sangli,Solapur,Solapur,Sangola,20027396,Alegaon shirbhavi 82 Village,Gayghvan,1603,1,0.00,0.00,0.00,0.00,0.00,0.00,0.00,0.00,0.00,0.00,0.00,0.00,0.00,0.00,25-Jul,26-Jul,27-Jul,28-Jul,29-Jul,30-Jul,31-Jul,25-Jul,26-Jul,27-Jul,28-Jul,29-Jul,30-Jul,31-Jul,7,7,0
Pune,Sangli,Solapur,Solapur,Sangola,20027396,Alegaon shirbhavi 82 Village,Gherdi,2724,2,0.51,0.72,0.74,0.00,2.04,0.00,1.10,18.85,26.40,27.15,0.00,74.77,0.00,40.34,25-Jul,26-Jul,27-Jul,28-Jul,29-Jul,30-Jul,31-Jul,25-Jul,26-Jul,27-Jul,28-Jul,29-Jul,30-Jul,31-Jul,2,6,1
Pune,Sangli,Solapur,Solapur,Sangola,20027396,Alegaon shirbhavi 82 Village,Godasewadi,2730,1,0.37,0.93,0.87,1.03,0.74,0.86,0.62,13.41,34.19,31.86,37.69,27.13,31.65,22.73,25-Jul,26-Jul,27-Jul,28-Jul,29-Jul,30-Jul,31-Jul,25-Jul,26-Jul,27-Jul,28-Jul,29-Jul,30-Jul,31-Jul,0,7,0
Pune,Sangli,Solapur,Solapur,Sangola,20027396,Alegaon shirbhavi 82 Village,Hatid,1057,1,0.28,0.08,0.23,1.30,0.33,1.23,0.28,26.44,7.38,21.84,123.00,31.66,116.23,26.10,25-Jul,26-Jul,27-Jul,28-Jul,29-Jul,30-Jul,31-Jul,25-Jul,26-Jul,27-Jul,28-Jul,29-Jul,30-Jul,31-Jul,0,5,2
Pune,Sangli,Solapur,Solapur,Sangola,20027396,Alegaon shirbhavi 82 Village,Javala,1703,2,1.64,2.15,2.58,2.74,2.22,2.16,2.51,96.27,126.08,151.53,160.78,130.17,127.06,147.42,25-Jul,26-Jul,27-Jul,28-Jul,29-Jul,30-Jul,31-Jul,25-Jul,26-Jul,27-Jul,28-Jul,29-Jul,30-Jul,31-Jul,0,0,7
Pune,Sangli,Solapur,Solapur,Sangola,20027396,Alegaon shirbhavi 82 Village,Junoni,4895,1,0.00,0.00,0.00,0.00,0.00,0.00,0.00,0.00,0.00,0.00,0.00,0.00,0.00,0.00,25-Jul,26-Jul,27-Jul,28-Jul,29-Jul,30-Jul,31-Jul,25-Jul,26-Jul,27-Jul,28-Jul,29-Jul,30-Jul,31-Jul,7,7,0
Pune,Sangli,Solapur,Solapur,Sangola,20027396,Alegaon shirbhavi 82 Village,Kamlapur,1541,1,0.00,0.00,0.00,0.00,0.00,0.00,0.00,0.00,0.00,0.00,0.00,0.00,0.00,0.00,25-Jul,26-Jul,27-Jul,28-Jul,29-Jul,30-Jul,31-Jul,25-Jul,26-Jul,27-Jul,28-Jul,29-Jul,30-Jul,31-Jul,7,7,0
Pune,Sangli,Solapur,Solapur,Sangola,20027396,Alegaon shirbhavi 82 Village,Karandewadi,1870,2,1.21,2.96,1.73,0.44,1.36,1.93,0.06,64.97,158.52,92.71,23.54,72.98,103.33,3.17,25-Jul,26-Jul,27-Jul,28-Jul,29-Jul,30-Jul,31-Jul,25-Jul,26-Jul,27-Jul,28-Jul,29-Jul,30-Jul,31-Jul,0,2,5
Pune,Sangli,Solapur,Solapur,Sangola,20027396,Alegaon shirbhavi 82 Village,Khilarwadi,2046,1,0.19,0.50,0.00,0.35,0.00,0.31,0.00,9.31,24.39,0.02,16.98,0.00,15.30,0.00,25-Jul,26-Jul,27-Jul,28-Jul,29-Jul,30-Jul,31-Jul,25-Jul,26-Jul,27-Jul,28-Jul,29-Jul,30-Jul,31-Jul,2,7,0
Pune,Sangli,Solapur,Solapur,Sangola,20027396,Alegaon shirbhavi 82 Village,Kidabisari,2657,1,0.00,0.00,0.00,0.00,0.00,0.00,0.00,0.00,0.00,0.00,0.00,0.00,0.00,0.00,25-Jul,26-Jul,27-Jul,28-Jul,29-Jul,30-Jul,31-Jul,25-Jul,26-Jul,27-Jul,28-Jul,29-Jul,30-Jul,31-Jul,7,7,0
Pune,Sangli,Solapur,Solapur,Sangola,20027396,Alegaon shirbhavi 82 Village,Kolegaon,2922,1,0.00,0.00,0.00,0.00,0.00,0.00,0.00,0.00,0.00,0.00,0.00,0.00,0.00,0.00,25-Jul,26-Jul,27-Jul,28-Jul,29-Jul,30-Jul,31-Jul,25-Jul,26-Jul,27-Jul,28-Jul,29-Jul,30-Jul,31-Jul,7,7,0
Pune,Sangli,Solapur,Solapur,Sangola,20027396,Alegaon shirbhavi 82 Village,LaxmiNagar,3031,1,0.00,1.66,0.00,0.71,1.12,1.25,1.19,0.00,54.74,0.02,23.41,36.83,41.20,39.36,25-Jul,26-Jul,27-Jul,28-Jul,29-Jul,30-Jul,31-Jul,25-Jul,26-Jul,27-Jul,28-Jul,29-Jul,30-Jul,31-Jul,1,7,0
Pune,Sangli,Solapur,Solapur,Sangola,20027396,Alegaon shirbhavi 82 Village,Lonavire,3490,1,0.02,1.50,0.62,0.47,1.76,0.49,0.03,0.59,43.05,17.75,13.42,50.30,14.11,0.77,25-Jul,26-Jul,27-Jul,28-Jul,29-Jul,30-Jul,31-Jul,25-Jul,26-Jul,27-Jul,28-Jul,29-Jul,30-Jul,31-Jul,0,7,0
Pune,Sangli,Solapur,Solapur,Sangola,20027396,Alegaon shirbhavi 82 Village,Mahim,4407,1,2.29,2.58,2.20,3.12,2.47,2.20,2.37,51.95,58.63,49.91,70.77,55.98,49.86,53.80,25-Jul,26-Jul,27-Jul,28-Jul,29-Jul,30-Jul,31-Jul,25-Jul,26-Jul,27-Jul,28-Jul,29-Jul,30-Jul,31-Jul,0,4,3
Pune,Sangli,Solapur,Solapur,Sangola,20027396,Alegaon shirbhavi 82 Village,Manjari,3049,1,0.00,0.00,0.00,0.00,0.00,0.00,0.00,0.00,0.00,0.00,0.00,0.00,0.00,0.00,25-Jul,26-Jul,27-Jul,28-Jul,29-Jul,30-Jul,31-Jul,25-Jul,26-Jul,27-Jul,28-Jul,29-Jul,30-Jul,31-Jul,7,7,0
Pune,Sangli,Solapur,Solapur,Sangola,20027396,Alegaon shirbhavi 82 Village,Metakar wadi,1286,2,2.14,0.32,1.23,2.60,1.95,1.78,1.30,166.50,24.75,95.39,202.21,151.61,138.25,101.32,25-Jul,26-Jul,27-Jul,28-Jul,29-Jul,30-Jul,31-Jul,25-Jul,26-Jul,27-Jul,28-Jul,29-Jul,30-Jul,31-Jul,0,1,6
Pune,Sangli,Solapur,Solapur,Sangola,20027396,Alegaon shirbhavi 82 Village,Nazare,1231,1,0.00,0.00,0.00,0.00,0.00,0.00,0.00,0.00,0.00,0.00,0.00,0.00,0.00,0.00,25-Jul,26-Jul,27-Jul,28-Jul,29-Jul,30-Jul,31-Jul,25-Jul,26-Jul,27-Jul,28-Jul,29-Jul,30-Jul,31-Jul,7,7,0
Pune,Sangli,Solapur,Solapur,Sangola,20027396,Alegaon shirbhavi 82 Village,Nizampur,3731,1,0.00,0.00,0.00,0.89,1.17,0.01,0.49,0.00,0.00,0.00,23.72,31.45,0.29,13.14,25-Jul,26-Jul,27-Jul,28-Jul,29-Jul,30-Jul,31-Jul,25-Jul,26-Jul,27-Jul,28-Jul,29-Jul,30-Jul,31-Jul,3,7,0
Pune,Sangli,Solapur,Solapur,Sangola,20027396,Alegaon shirbhavi 82 Village,Pachegaon BK,3466,1,0.00,0.00,0.00,0.00,0.00,0.00,0.00,0.00,0.00,0.00,0.00,0.00,0.00,0.00,25-Jul,26-Jul,27-Jul,28-Jul,29-Jul,30-Jul,31-Jul,25-Jul,26-Jul,27-Jul,28-Jul,29-Jul,30-Jul,31-Jul,7,7,0
Pune,Sangli,Solapur,Solapur,Sangola,20027396,Alegaon shirbhavi 82 Village,Rajuri,5234,1,1.65,1.75,1.28,1.47,1.78,1.70,1.20,31.45,33.48,24.48,28.06,33.96,32.44,22.86,25-Jul,26-Jul,27-Jul,28-Jul,29-Jul,30-Jul,31-Jul,25-Jul,26-Jul,27-Jul,28-Jul,29-Jul,30-Jul,31-Jul,0,7,0
Pune,Sangli,Solapur,Solapur,Sangola,20027396,Alegaon shirbhavi 82 Village,Sange wadi,2604,1,0.00,0.00,0.00,0.00,0.00,0.00,0.00,0.00,0.00,0.00,0.00,0.00,0.00,0.00,25-Jul,26-Jul,27-Jul,28-Jul,29-Jul,30-Jul,31-Jul,25-Jul,26-Jul,27-Jul,28-Jul,29-Jul,30-Jul,31-Jul,7,7,0
Pune,Sangli,Solapur,Solapur,Sangola,20027396,Alegaon shirbhavi 82 Village,shirbavi,4215,1,0.00,0.00,0.00,18.90,0.00,0.00,0.00,0.00,0.00,0.00,448.43,0.00,0.00,0.00,25-Jul,26-Jul,27-Jul,28-Jul,29-Jul,30-Jul,31-Jul,25-Jul,26-Jul,27-Jul,28-Jul,29-Jul,30-Jul,31-Jul,6,6,1
Pune,Sangli,Solapur,Solapur,Sangola,20027396,Alegaon shirbhavi 82 Village,shivane,4007,2,0.00,28.69,0.36,18.51,0.00,0.00,30.60,0.00,716.03,8.95,462.01,0.00,0.00,763.61,25-Jul,26-Jul,27-Jul,28-Jul,29-Jul,30-Jul,31-Jul,25-Jul,26-Jul,27-Jul,28-Jul,29-Jul,30-Jul,31-Jul,3,4,3
Pune,Sangli,Solapur,Solapur,Sangola,20027396,Alegaon shirbhavi 82 Village,Somewadi,1624,1,0.87,0.08,0.00,0.02,0.39,0.40,0.00,53.80,4.68,0.00,1.04,23.88,24.80,0.00,25-Jul,26-Jul,27-Jul,28-Jul,29-Jul,30-Jul,31-Jul,25-Jul,26-Jul,27-Jul,28-Jul,29-Jul,30-Jul,31-Jul,2,7,0
Pune,Sangli,Solapur,Solapur,Sangola,20027396,Alegaon shirbhavi 82 Village,Sonanad,1492,1,0.64,2.24,1.10,2.58,0.90,2.32,1.13,42.99,150.06,73.45,173.06,60.14,155.57,75.61,25-Jul,26-Jul,27-Jul,28-Jul,29-Jul,30-Jul,31-Jul,25-Jul,26-Jul,27-Jul,28-Jul,29-Jul,30-Jul,31-Jul,0,1,6
Pune,Sangli,Solapur,Solapur,Sangola,20027396,Alegaon shirbhavi 82 Village,Tarangewadi,1703,2,1.21,0.62,0.62,0.55,0.58,0.64,0.52,70.98,36.36,36.17,32.15,34.24,37.30,30.69,25-Jul,26-Jul,27-Jul,28-Jul,29-Jul,30-Jul,31-Jul,25-Jul,26-Jul,27-Jul,28-Jul,29-Jul,30-Jul,31-Jul,0,6,1
Pune,Sangli,Solapur,Solapur,Sangola,20027396,Alegaon shirbhavi 82 Village,Udenwadi,1834,1,0.00,0.00,0.00,0.00,0.00,0.00,0.00,0.00,0.00,0.00,0.00,0.00,0.00,0.00,25-Jul,26-Jul,27-Jul,28-Jul,29-Jul,30-Jul,31-Jul,25-Jul,26-Jul,27-Jul,28-Jul,29-Jul,30-Jul,31-Jul,7,7,0
Pune,Sangli,Solapur,Solapur,Sangola,20027396,Alegaon shirbhavi 82 Village,Vasud,3297,1,0.00,0.00,0.00,0.00,0.00,0.00,0.00,0.00,0.00,0.00,0.00,0.00,0.00,0.00,25-Jul,26-Jul,27-Jul,28-Jul,29-Jul,30-Jul,31-Jul,25-Jul,26-Jul,27-Jul,28-Jul,29-Jul,30-Jul,31-Jul,7,7,0
Pune,Sangli,Solapur,Solapur,Sangola,20027396,Alegaon shirbhavi 82 Village,Vazare,1954,1,0.00,15.71,0.00,19.51,0.00,0.00,35.77,0.00,804.03,0.00,998.39,0.00,0.00,1830.39,25-Jul,26-Jul,27-Jul,28-Jul,29-Jul,30-Jul,31-Jul,25-Jul,26-Jul,27-Jul,28-Jul,29-Jul,30-Jul,31-Jul,4,4,3
Pune,Sangli,Solapur,Solapur,Sangola,20027396,Alegaon shirbhavi 82 Village,Wadegaon,6374,1,0.00,0.00,0.00,0.00,0.00,0.00,0.00,0.00,0.00,0.00,0.00,0.00,0.00,0.00,25-Jul,26-Jul,27-Jul,28-Jul,29-Jul,30-Jul,31-Jul,25-Jul,26-Jul,27-Jul,28-Jul,29-Jul,30-Jul,31-Jul,7,7,0
Pune,Sangli,Solapur,Solapur,Sangola,20027396,Alegaon shirbhavi 82 Village,waki,2173,4,9.60,99.57,0.02,8.83,99.55,0.08,0.70,441.86,4582.27,1.11,406.44,4581.35,3.72,32.44,25-Jul,26-Jul,27-Jul,28-Jul,29-Jul,30-Jul,31-Jul,25-Jul,26-Jul,27-Jul,28-Jul,29-Jul,30-Jul,31-Jul,0,3,4
Pune,Sangli,Solapur,Solapur,Sangola,20027396,Alegaon shirbhavi 82 Village,Watambare,2228,1,1.51,1.90,1.81,2.00,1.85,1.65,2.10,67.77,85.15,81.09,89.79,83.25,74.07,94.25,25-Jul,26-Jul,27-Jul,28-Jul,29-Jul,30-Jul,31-Jul,25-Jul,26-Jul,27-Jul,28-Jul,29-Jul,30-Jul,31-Jul,0,0,7
Pune,Sangli,Solapur,Solapur,Sangola,20027396,Alegaon shirbhavi 82 Village,Y Mangewad,2525,1,0.00,0.00,0.00,0.00,0.00,0.12,0.11,0.00,0.00,0.00,0.00,0.00,4.75,4.42,25-Jul,26-Jul,27-Jul,28-Jul,29-Jul,30-Jul,31-Jul,25-Jul,26-Jul,27-Jul,28-Jul,29-Jul,30-Jul,31-Jul,5,7,0
Konkan,Palghar,Palghar,Palghar,Dahanu,4918426,BADA POKHARAN RETROFITTING RPWSS,Asangaon,2246,1,0.91,4.42,5.45,3.85,2.56,2.27,3.81,40.56,196.71,242.65,171.36,114.01,101.02,169.72,25-Jul,26-Jul,27-Jul,28-Jul,29-Jul,30-Jul,31-Jul,25-Jul,26-Jul,27-Jul,28-Jul,29-Jul,30-Jul,31-Jul,0,1,6
Konkan,Palghar,Palghar,Palghar,Dahanu,4918426,BADA POKHARAN RETROFITTING RPWSS,Asangaon Dandipada,688,2,0.86,2.00,6.20,0.46,1.59,0.15,1.66,125.70,291.26,901.39,66.55,230.57,22.28,241.32,25-Jul,26-Jul,27-Jul,28-Jul,29-Jul,30-Jul,31-Jul,25-Jul,26-Jul,27-Jul,28-Jul,29-Jul,30-Jul,31-Jul,0,1,6
Konkan,Palghar,Palghar,Palghar,Dahanu,4918426,BADA POKHARAN RETROFITTING RPWSS,Bada Pokharan,1971,1,0.23,0.00,0.00,2.22,1.66,0.00,1.98,11.91,0.00,0.00,112.47,84.12,0.00,100.51,25-Jul,26-Jul,27-Jul,28-Jul,29-Jul,30-Jul,31-Jul,25-Jul,26-Jul,27-Jul,28-Jul,29-Jul,30-Jul,31-Jul,3,4,3
Konkan,Palghar,Palghar,Palghar,Dahanu,4918426,BADA POKHARAN RETROFITTING RPWSS,Bavade,545,1,1.08,0.56,0.00,0.83,1.59,0.85,0.00,197.38,103.09,0.00,151.72,291.77,155.12,0.23,25-Jul,26-Jul,27-Jul,28-Jul,29-Jul,30-Jul,31-Jul,25-Jul,26-Jul,27-Jul,28-Jul,29-Jul,30-Jul,31-Jul,1,2,5
Konkan,Palghar,Palghar,Palghar,Dahanu,4918426,BADA POKHARAN RETROFITTING RPWSS,Chandigaon,1352,1,0.00,1.98,1.50,1.82,1.61,1.80,1.65,0.00,146.29,110.60,134.28,119.37,133.39,122.37,25-Jul,26-Jul,27-Jul,28-Jul,29-Jul,30-Jul,31-Jul,25-Jul,26-Jul,27-Jul,28-Jul,29-Jul,30-Jul,31-Jul,1,1,6
Konkan,Palghar,Palghar,Palghar,Dahanu,4918426,BADA POKHARAN RETROFITTING RPWSS,Chinchani,4890,4,5.51,26.56,2.65,26.26,3.66,27.15,2.73,112.58,543.18,54.14,537.10,74.90,555.17,55.81,25-Jul,26-Jul,27-Jul,28-Jul,29-Jul,30-Jul,31-Jul,25-Jul,26-Jul,27-Jul,28-Jul,29-Jul,30-Jul,31-Jul,0,1,6
Konkan,Palghar,Palghar,Palghar,Dahanu,4918426,BADA POKHARAN RETROFITTING RPWSS,Dedale,149,1,0.00,0.00,0.00,0.00,0.00,0.00,0.00,0.00,0.00,0.00,0.00,0.00,0.00,0.00,25-Jul,26-Jul,27-Jul,28-Jul,29-Jul,30-Jul,31-Jul,25-Jul,26-Jul,27-Jul,28-Jul,29-Jul,30-Jul,31-Jul,7,7,0
Konkan,Palghar,Palghar,Palghar,Dahanu,4918426,BADA POKHARAN RETROFITTING RPWSS,Dhakti Dahanu,5483,2,4.27,3.87,3.91,5.30,6.42,5.53,5.36,77.83,70.50,71.24,96.71,117.04,100.91,97.67,25-Jul,26-Jul,27-Jul,28-Jul,29-Jul,30-Jul,31-Jul,25-Jul,26-Jul,27-Jul,28-Jul,29-Jul,30-Jul,31-Jul,0,0,7
Konkan,Palghar,Palghar,Palghar,Dahanu,4918426,BADA POKHARAN RETROFITTING RPWSS,Dhumket,2198,1,0.00,1.85,2.18,0.95,1.00,1.09,2.21,0.00,84.23,99.18,43.18,45.51,49.46,100.55,25-Jul,26-Jul,27-Jul,28-Jul,29-Jul,30-Jul,31-Jul,25-Jul,26-Jul,27-Jul,28-Jul,29-Jul,30-Jul,31-Jul,1,4,3
Konkan,Palghar,Palghar,Palghar,Dahanu,4918426,BADA POKHARAN RETROFITTING RPWSS,Gowane,2872,1,0.05,3.64,5.54,4.67,2.54,3.24,3.34,1.76,126.65,192.81,162.72,88.60,112.83,116.40,25-Jul,26-Jul,27-Jul,28-Jul,29-Jul,30-Jul,31-Jul,25-Jul,26-Jul,27-Jul,28-Jul,29-Jul,30-Jul,31-Jul,0,1,6
Konkan,Palghar,Palghar,Palghar,Dahanu,4918426,BADA POKHARAN RETROFITTING RPWSS,Gungavade,1328,1,1.96,2.04,1.85,1.50,0.98,0.80,1.80,147.72,153.52,139.44,113.05,73.62,60.00,135.18,25-Jul,26-Jul,27-Jul,28-Jul,29-Jul,30-Jul,31-Jul,25-Jul,26-Jul,27-Jul,28-Jul,29-Jul,30-Jul,31-Jul,0,0,7
Konkan,Palghar,Palghar,Palghar,Dahanu,4918426,BADA POKHARAN RETROFITTING RPWSS,Kambode,300,2,2.16,0.38,2.61,0.80,3.05,0.28,2.10,720.62,127.55,871.38,266.41,1015.18,92.27,698.62,25-Jul,26-Jul,27-Jul,28-Jul,29-Jul,30-Jul,31-Jul,25-Jul,26-Jul,27-Jul,28-Jul,29-Jul,30-Jul,31-Jul,0,0,7
Konkan,Palghar,Palghar,Palghar,Dahanu,4918426,BADA POKHARAN RETROFITTING RPWSS,Kapshi,1439,1,1.04,1.76,1.27,2.60,1.19,1.93,1.27,72.37,122.57,87.97,180.36,82.57,134.30,88.02,25-Jul,26-Jul,27-Jul,28-Jul,29-Jul,30-Jul,31-Jul,25-Jul,26-Jul,27-Jul,28-Jul,29-Jul,30-Jul,31-Jul,0,0,7
Konkan,Palghar,Palghar,Palghar,Dahanu,4918426,BADA POKHARAN RETROFITTING RPWSS,Ketkhadi,472,1,0.00,0.57,0.49,0.51,0.99,0.43,0.63,0.00,120.16,103.18,108.34,210.09,90.96,134.13,25-Jul,26-Jul,27-Jul,28-Jul,29-Jul,30-Jul,31-Jul,25-Jul,26-Jul,27-Jul,28-Jul,29-Jul,30-Jul,31-Jul,1,1,6
Konkan,Palghar,Palghar,Palghar,Dahanu,4918426,BADA POKHARAN RETROFITTING RPWSS,Kolavali- 1,1864,1,0.00,0.00,0.00,0.00,0.00,0.00,0.00,0.00,0.00,0.00,0.00,0.00,0.00,0.00,25-Jul,26-Jul,27-Jul,28-Jul,29-Jul,30-Jul,31-Jul,25-Jul,26-Jul,27-Jul,28-Jul,29-Jul,30-Jul,31-Jul,7,7,0
Konkan,Palghar,Palghar,Palghar,Dahanu,4918426,BADA POKHARAN RETROFITTING RPWSS,Kotim,316,1,0.28,0.00,3.67,3.01,2.13,0.96,1.02,89.66,0.00,1162.84,953.42,675.49,302.62,321.42,25-Jul,26-Jul,27-Jul,28-Jul,29-Jul,30-Jul,31-Jul,25-Jul,26-Jul,27-Jul,28-Jul,29-Jul,30-Jul,31-Jul,1,1,6
Konkan,Palghar,Palghar,Palghar,Dahanu,4918426,BADA POKHARAN RETROFITTING RPWSS,Matgaon,1282,2,1.31,3.67,2.69,0.41,1.92,1.68,2.41,102.20,285.92,210.10,32.18,149.42,131.07,187.80,25-Jul,26-Jul,27-Jul,28-Jul,29-Jul,30-Jul,31-Jul,25-Jul,26-Jul,27-Jul,28-Jul,29-Jul,30-Jul,31-Jul,0,1,6
Konkan,Palghar,Palghar,Palghar,Dahanu,4918426,BADA POKHARAN RETROFITTING RPWSS,Pokharan,621,1,0.00,0.00,0.00,0.00,0.00,0.00,0.00,0.00,0.00,0.00,0.00,0.00,0.00,0.00,25-Jul,26-Jul,27-Jul,28-Jul,29-Jul,30-Jul,31-Jul,25-Jul,26-Jul,27-Jul,28-Jul,29-Jul,30-Jul,31-Jul,7,7,0
Konkan,Palghar,Palghar,Palghar,Dahanu,4918426,BADA POKHARAN RETROFITTING RPWSS,Sawarai,260,2,0.37,0.16,1.79,0.25,0.92,0.00,0.00,140.42,62.50,687.91,95.14,353.49,0.04,0.75,25-Jul,26-Jul,27-Jul,28-Jul,29-Jul,30-Jul,31-Jul,25-Jul,26-Jul,27-Jul,28-Jul,29-Jul,30-Jul,31-Jul,0,2,5
Konkan,Palghar,Palghar,Palghar,Dahanu,4918426,BADA POKHARAN RETROFITTING RPWSS,Tadiyale,1490,1,0.00,0.00,0.00,0.00,0.00,0.00,0.00,0.00,0.00,0.00,0.00,0.00,0.00,0.00,25-Jul,26-Jul,27-Jul,28-Jul,29-Jul,30-Jul,31-Jul,25-Jul,26-Jul,27-Jul,28-Jul,29-Jul,30-Jul,31-Jul,7,7,0
Konkan,Palghar,Palghar,Palghar,Dahanu,4918426,BADA POKHARAN RETROFITTING RPWSS,Tanashi,1208,1,0.00,0.00,0.00,0.00,0.00,0.00,0.00,0.00,0.00,0.00,0.00,0.00,0.00,0.00,25-Jul,26-Jul,27-Jul,28-Jul,29-Jul,30-Jul,31-Jul,25-Jul,26-Jul,27-Jul,28-Jul,29-Jul,30-Jul,31-Jul,7,7,0
Konkan,Palghar,Palghar,Palghar,Dahanu,4918426,BADA POKHARAN RETROFITTING RPWSS,Tarapur,6238,1,0.00,0.00,0.00,0.00,0.00,0.00,0.00,0.00,0.00,0.00,0.00,0.00,0.00,0.00,25-Jul,26-Jul,27-Jul,28-Jul,29-Jul,30-Jul,31-Jul,25-Jul,26-Jul,27-Jul,28-Jul,29-Jul,30-Jul,31-Jul,7,7,0
Konkan,Palghar,Palghar,Palghar,Dahanu,4918426,BADA POKHARAN RETROFITTING RPWSS,Tighare ada,1012,1,0.00,0.00,0.00,0.00,0.00,0.00,0.00,0.00,0.00,0.00,0.00,0.00,0.00,0.00,25-Jul,26-Jul,27-Jul,28-Jul,29-Jul,30-Jul,31-Jul,25-Jul,26-Jul,27-Jul,28-Jul,29-Jul,30-Jul,31-Jul,7,7,0
Konkan,Palghar,Palghar,Palghar,Dahanu,4918426,BADA POKHARAN RETROFITTING RPWSS,Vangaon,7617,4,0.00,0.00,0.00,0.00,0.00,0.00,0.00,0.00,0.00,0.00,0.00,0.00,0.00,0.00,25-Jul,26-Jul,27-Jul,28-Jul,29-Jul,30-Jul,31-Jul,25-Jul,26-Jul,27-Jul,28-Jul,29-Jul,30-Jul,31-Jul,7,7,0
Konkan,Palghar,Palghar,Palghar,Dahanu,4918426,BADA POKHARAN RETROFITTING RPWSS,Varor,4090,2,0.00,0.00,0.03,0.08,0.00,0.00,0.04,0.00,0.00,0.81,2.02,0.00,0.00,0.94,25-Jul,26-Jul,27-Jul,28-Jul,29-Jul,30-Jul,31-Jul,25-Jul,26-Jul,27-Jul,28-Jul,29-Jul,30-Jul,31-Jul,4,7,0
Konkan,Palghar,Palghar,Palghar,Dahanu,4918426,BADA POKHARAN RETROFITTING RPWSS,Vasgaon,1396,1,2.00,0.00,0.71,0.87,0.83,1.46,0.71,143.05,0.01,50.97,62.23,59.60,104.82,51.21,25-Jul,26-Jul,27-Jul,28-Jul,29-Jul,30-Jul,31-Jul,25-Jul,26-Jul,27-Jul,28-Jul,29-Jul,30-Jul,31-Jul,0,3,4
Konkan,Palghar,Palghar,Palghar,Dahanu,4918426,BADA POKHARAN RETROFITTING RPWSS,Wadhavan,1278,1,0.00,0.00,0.00,0.00,0.00,0.00,0.00,0.00,0.00,0.01,0.00,0.00,0.00,0.00,25-Jul,26-Jul,27-Jul,28-Jul,29-Jul,30-Jul,31-Jul,25-Jul,26-Jul,27-Jul,28-Jul,29-Jul,30-Jul,31-Jul,6,7,0
Konkan,Palghar,Palghar,Palghar,Dahanu,4918426,BADA POKHARAN RETROFITTING RPWSS,Wadhwan,1278,1,0.00,0.00,0.00,0.00,0.00,0.00,0.00,0.00,0.00,0.00,0.00,0.00,0.00,0.00,25-Jul,26-Jul,27-Jul,28-Jul,29-Jul,30-Jul,31-Jul,25-Jul,26-Jul,27-Jul,28-Jul,29-Jul,30-Jul,31-Jul,7,7,0
Konkan,Palghar,Palghar,Palghar,Mokhada,20028070,"MOKHADA TALUKA 58 VILLAGES R.R.W.S. SCHEME, TAL -MOKHADA",Ambyachapada Saturly,205,1,0.01,0.00,0.00,0.00,0.00,0.00,0.00,4.76,0.00,0.00,0.00,0.00,0.00,0.00,25-Jul,26-Jul,27-Jul,28-Jul,29-Jul,30-Jul,31-Jul,25-Jul,26-Jul,27-Jul,28-Jul,29-Jul,30-Jul,31-Jul,6,7,0
Konkan,Palghar,Palghar,Palghar,Mokhada,20028070,"MOKHADA TALUKA 58 VILLAGES R.R.W.S. SCHEME, TAL -MOKHADA",Botoshi,140,4,0.00,0.00,0.00,0.00,0.00,0.00,0.00,0.00,0.00,2.65,0.00,0.00,0.00,0.34,25-Jul,26-Jul,27-Jul,28-Jul,29-Jul,30-Jul,31-Jul,25-Jul,26-Jul,27-Jul,28-Jul,29-Jul,30-Jul,31-Jul,5,7,0
Konkan,Palghar,Palghar,Palghar,Mokhada,20028070,"MOKHADA TALUKA 58 VILLAGES R.R.W.S. SCHEME, TAL -MOKHADA",Brahmagaon,1078,1,0.01,0.12,0.00,0.00,0.00,0.01,0.02,1.01,10.76,0.00,0.00,0.00,1.10,2.20,25-Jul,26-Jul,27-Jul,28-Jul,29-Jul,30-Jul,31-Jul,25-Jul,26-Jul,27-Jul,28-Jul,29-Jul,30-Jul,31-Jul,3,7,0
Konkan,Palghar,Palghar,Palghar,Mokhada,20028070,"MOKHADA TALUKA 58 VILLAGES R.R.W.S. SCHEME, TAL -MOKHADA",Charangaon,669,1,0.00,0.00,0.00,0.00,0.00,0.00,0.02,0.08,0.02,0.04,0.05,0.29,0.00,2.94,25-Jul,26-Jul,27-Jul,28-Jul,29-Jul,30-Jul,31-Jul,25-Jul,26-Jul,27-Jul,28-Jul,29-Jul,30-Jul,31-Jul,1,7,0
Konkan,Palghar,Palghar,Palghar,Mokhada,20028070,"MOKHADA TALUKA 58 VILLAGES R.R.W.S. SCHEME, TAL -MOKHADA",Chas,1003,1,0.00,0.00,0.00,0.00,0.00,0.00,0.00,0.00,0.00,0.00,0.01,0.00,0.01,0.00,25-Jul,26-Jul,27-Jul,28-Jul,29-Jul,30-Jul,31-Jul,25-Jul,26-Jul,27-Jul,28-Jul,29-Jul,30-Jul,31-Jul,5,7,0
Konkan,Palghar,Palghar,Palghar,Mokhada,20028070,"MOKHADA TALUKA 58 VILLAGES R.R.W.S. SCHEME, TAL -MOKHADA",Dandwal,446,1,0.00,0.00,0.00,0.00,0.00,0.00,0.00,0.00,0.00,0.01,0.00,0.00,0.01,0.00,25-Jul,26-Jul,27-Jul,28-Jul,29-Jul,30-Jul,31-Jul,25-Jul,26-Jul,27-Jul,28-Jul,29-Jul,30-Jul,31-Jul,5,7,0
Konkan,Palghar,Palghar,Palghar,Mokhada,20028070,"MOKHADA TALUKA 58 VILLAGES R.R.W.S. SCHEME, TAL -MOKHADA",Dhudgaon,1819,1,0.03,0.17,0.00,0.00,0.00,0.00,0.00,1.81,9.27,0.00,0.00,0.00,0.00,0.00,25-Jul,26-Jul,27-Jul,28-Jul,29-Jul,30-Jul,31-Jul,25-Jul,26-Jul,27-Jul,28-Jul,29-Jul,30-Jul,31-Jul,5,7,0
Konkan,Palghar,Palghar,Palghar,Mokhada,20028070,"MOKHADA TALUKA 58 VILLAGES R.R.W.S. SCHEME, TAL -MOKHADA",Dolhare,612,2,0.00,0.00,0.00,0.00,0.00,0.00,0.09,0.30,0.04,0.00,0.00,0.10,0.00,14.34,25-Jul,26-Jul,27-Jul,28-Jul,29-Jul,30-Jul,31-Jul,25-Jul,26-Jul,27-Jul,28-Jul,29-Jul,30-Jul,31-Jul,3,7,0
Konkan,Palghar,Palghar,Palghar,Mokhada,20028070,"MOKHADA TALUKA 58 VILLAGES R.R.W.S. SCHEME, TAL -MOKHADA",Dongarwadi,542,1,0.00,0.17,0.25,0.11,0.13,1.34,0.17,0.00,30.72,46.32,20.59,24.21,247.79,31.74,25-Jul,26-Jul,27-Jul,28-Jul,29-Jul,30-Jul,31-Jul,25-Jul,26-Jul,27-Jul,28-Jul,29-Jul,30-Jul,31-Jul,1,6,1
Konkan,Palghar,Palghar,Palghar,Mokhada,20028070,"MOKHADA TALUKA 58 VILLAGES R.R.W.S. SCHEME, TAL -MOKHADA",Gaymukhpada Gonde BK,864,1,0.00,0.00,0.00,0.00,0.00,0.00,0.00,0.00,0.00,0.00,0.00,0.00,0.00,0.00,25-Jul,26-Jul,27-Jul,28-Jul,29-Jul,30-Jul,31-Jul,25-Jul,26-Jul,27-Jul,28-Jul,29-Jul,30-Jul,31-Jul,7,7,0
Konkan,Palghar,Palghar,Palghar,Mokhada,20028070,"MOKHADA TALUKA 58 VILLAGES R.R.W.S. SCHEME, TAL -MOKHADA",Ghanwal,296,1,0.00,0.00,0.00,0.00,0.00,0.00,0.00,0.00,0.00,0.00,0.00,0.00,0.00,0.00,25-Jul,26-Jul,27-Jul,28-Jul,29-Jul,30-Jul,31-Jul,25-Jul,26-Jul,27-Jul,28-Jul,29-Jul,30-Jul,31-Jul,7,7,0
Konkan,Palghar,Palghar,Palghar,Mokhada,20028070,"MOKHADA TALUKA 58 VILLAGES R.R.W.S. SCHEME, TAL -MOKHADA",Ghodichapada Sakhari,275,1,0.00,0.00,0.00,0.00,0.00,0.00,0.00,0.19,0.11,0.07,0.08,0.04,0.06,0.01,25-Jul,26-Jul,27-Jul,28-Jul,29-Jul,30-Jul,31-Jul,25-Jul,26-Jul,27-Jul,28-Jul,29-Jul,30-Jul,31-Jul,0,7,0
Konkan,Palghar,Palghar,Palghar,Mokhada,20028070,"MOKHADA TALUKA 58 VILLAGES R.R.W.S. SCHEME, TAL -MOKHADA",Gomghar,200,1,0.00,0.00,0.00,0.00,0.00,0.00,0.00,0.00,0.00,0.00,0.00,0.00,0.00,0.00,25-Jul,26-Jul,27-Jul,28-Jul,29-Jul,30-Jul,31-Jul,25-Jul,26-Jul,27-Jul,28-Jul,29-Jul,30-Jul,31-Jul,7,7,0
Konkan,Palghar,Palghar,Palghar,Mokhada,20028070,"MOKHADA TALUKA 58 VILLAGES R.R.W.S. SCHEME, TAL -MOKHADA",Gonde BK,1226,1,0.00,0.00,0.00,0.00,0.00,0.00,0.00,0.00,0.00,0.00,0.00,0.00,0.00,0.00,25-Jul,26-Jul,27-Jul,28-Jul,29-Jul,30-Jul,31-Jul,25-Jul,26-Jul,27-Jul,28-Jul,29-Jul,30-Jul,31-Jul,7,7,0
Konkan,Palghar,Palghar,Palghar,Mokhada,20028070,"MOKHADA TALUKA 58 VILLAGES R.R.W.S. SCHEME, TAL -MOKHADA",Gonde KH,1189,1,0.00,0.00,0.00,0.00,0.00,0.00,0.00,0.00,0.00,0.03,0.05,0.00,0.02,0.04,25-Jul,26-Jul,27-Jul,28-Jul,29-Jul,30-Jul,31-Jul,25-Jul,26-Jul,27-Jul,28-Jul,29-Jul,30-Jul,31-Jul,3,7,0
Konkan,Palghar,Palghar,Palghar,Mokhada,20028070,"MOKHADA TALUKA 58 VILLAGES R.R.W.S. SCHEME, TAL -MOKHADA",Hattipada Chas,257,1,0.00,0.00,0.00,0.00,0.00,0.00,0.00,0.00,0.00,0.00,0.00,0.00,0.00,0.00,25-Jul,26-Jul,27-Jul,28-Jul,29-Jul,30-Jul,31-Jul,25-Jul,26-Jul,27-Jul,28-Jul,29-Jul,30-Jul,31-Jul,7,7,0
Konkan,Palghar,Palghar,Palghar,Mokhada,20028070,"MOKHADA TALUKA 58 VILLAGES R.R.W.S. SCHEME, TAL -MOKHADA",Jogalwadi,799,1,0.00,0.00,0.37,0.11,0.00,0.04,0.00,0.00,0.00,46.61,13.68,0.34,5.55,0.00,25-Jul,26-Jul,27-Jul,28-Jul,29-Jul,30-Jul,31-Jul,25-Jul,26-Jul,27-Jul,28-Jul,29-Jul,30-Jul,31-Jul,3,7,0
Konkan,Palghar,Palghar,Palghar,Mokhada,20028070,"MOKHADA TALUKA 58 VILLAGES R.R.W.S. SCHEME, TAL -MOKHADA",Kaduchiwadi,1215,1,0.00,0.00,0.00,1.34,0.00,0.00,0.11,0.00,0.00,0.00,110.02,0.00,0.00,9.35,25-Jul,26-Jul,27-Jul,28-Jul,29-Jul,30-Jul,31-Jul,25-Jul,26-Jul,27-Jul,28-Jul,29-Jul,30-Jul,31-Jul,5,6,1
Konkan,Palghar,Palghar,Palghar,Mokhada,20028070,"MOKHADA TALUKA 58 VILLAGES R.R.W.S. SCHEME, TAL -MOKHADA",Kalamgoan,245,1,0.00,0.00,0.00,0.00,0.00,0.00,0.00,0.00,0.00,0.00,0.00,0.00,0.00,0.00,25-Jul,26-Jul,27-Jul,28-Jul,29-Jul,30-Jul,31-Jul,25-Jul,26-Jul,27-Jul,28-Jul,29-Jul,30-Jul,31-Jul,7,7,0
Konkan,Palghar,Palghar,Palghar,Mokhada,20028070,"MOKHADA TALUKA 58 VILLAGES R.R.W.S. SCHEME, TAL -MOKHADA",Karegoan,907,1,0.00,0.00,0.00,0.00,0.00,0.00,0.00,0.00,0.00,0.00,0.00,0.00,0.00,0.00,25-Jul,26-Jul,27-Jul,28-Jul,29-Jul,30-Jul,31-Jul,25-Jul,26-Jul,27-Jul,28-Jul,29-Jul,30-Jul,31-Jul,7,7,0
Konkan,Palghar,Palghar,Palghar,Mokhada,20028070,"MOKHADA TALUKA 58 VILLAGES R.R.W.S. SCHEME, TAL -MOKHADA",Karol,390,1,0.00,0.00,0.00,0.00,0.00,0.00,0.00,0.00,0.00,0.00,0.00,0.00,0.00,0.00,25-Jul,26-Jul,27-Jul,28-Jul,29-Jul,30-Jul,31-Jul,25-Jul,26-Jul,27-Jul,28-Jul,29-Jul,30-Jul,31-Jul,7,7,0
Konkan,Palghar,Palghar,Palghar,Mokhada,20028070,"MOKHADA TALUKA 58 VILLAGES R.R.W.S. SCHEME, TAL -MOKHADA",Kengwadi Kodala,338,1,0.00,0.00,0.00,0.00,0.00,0.00,0.00,0.00,0.00,0.00,0.00,0.00,0.00,0.00,25-Jul,26-Jul,27-Jul,28-Jul,29-Jul,30-Jul,31-Jul,25-Jul,26-Jul,27-Jul,28-Jul,29-Jul,30-Jul,31-Jul,7,7,0
Konkan,Palghar,Palghar,Palghar,Mokhada,20028070,"MOKHADA TALUKA 58 VILLAGES R.R.W.S. SCHEME, TAL -MOKHADA",Khasti,107,2,0.00,0.00,0.00,0.00,0.00,0.01,0.00,0.00,0.21,0.34,0.14,0.00,5.76,0.25,25-Jul,26-Jul,27-Jul,28-Jul,29-Jul,30-Jul,31-Jul,25-Jul,26-Jul,27-Jul,28-Jul,29-Jul,30-Jul,31-Jul,2,7,0
Konkan,Palghar,Palghar,Palghar,Mokhada,20028070,"MOKHADA TALUKA 58 VILLAGES R.R.W.S. SCHEME, TAL -MOKHADA",Khoch,855,1,0.00,0.00,0.00,0.00,0.00,0.00,0.00,0.00,0.00,0.00,0.00,0.02,0.04,0.05,25-Jul,26-Jul,27-Jul,28-Jul,29-Jul,30-Jul,31-Jul,25-Jul,26-Jul,27-Jul,28-Jul,29-Jul,30-Jul,31-Jul,4,7,0
Konkan,Palghar,Palghar,Palghar,Mokhada,20028070,"MOKHADA TALUKA 58 VILLAGES R.R.W.S. SCHEME, TAL -MOKHADA",Kineste,465,2,0.00,0.00,1.92,0.00,0.00,0.00,0.00,0.00,0.02,412.22,0.00,0.00,0.00,0.02,25-Jul,26-Jul,27-Jul,28-Jul,29-Jul,30-Jul,31-Jul,25-Jul,26-Jul,27-Jul,28-Jul,29-Jul,30-Jul,31-Jul,4,6,1
Konkan,Palghar,Palghar,Palghar,Mokhada,20028070,"MOKHADA TALUKA 58 VILLAGES R.R.W.S. SCHEME, TAL -MOKHADA",Madkyachimet Pimpalgaon,268,1,0.00,0.00,0.00,0.00,0.00,0.00,0.00,0.00,0.00,0.00,0.00,0.00,0.00,0.00,25-Jul,26-Jul,27-Jul,28-Jul,29-Jul,30-Jul,31-Jul,25-Jul,26-Jul,27-Jul,28-Jul,29-Jul,30-Jul,31-Jul,7,7,0
Konkan,Palghar,Palghar,Palghar,Mokhada,20028070,"MOKHADA TALUKA 58 VILLAGES R.R.W.S. SCHEME, TAL -MOKHADA",Morhande,1821,1,0.00,0.00,0.00,0.00,0.00,0.00,0.00,0.00,0.04,0.01,0.01,0.01,0.01,0.00,25-Jul,26-Jul,27-Jul,28-Jul,29-Jul,30-Jul,31-Jul,25-Jul,26-Jul,27-Jul,28-Jul,29-Jul,30-Jul,31-Jul,2,7,0
Konkan,Palghar,Palghar,Palghar,Mokhada,20028070,"MOKHADA TALUKA 58 VILLAGES R.R.W.S. SCHEME, TAL -MOKHADA",Nashera,308,3,0.00,0.00,0.00,0.00,0.00,0.00,0.00,0.00,0.00,0.00,0.00,0.00,0.00,0.00,25-Jul,26-Jul,27-Jul,28-Jul,29-Jul,30-Jul,31-Jul,25-Jul,26-Jul,27-Jul,28-Jul,29-Jul,30-Jul,31-Jul,7,7,0
Konkan,Palghar,Palghar,Palghar,Mokhada,20028070,"MOKHADA TALUKA 58 VILLAGES R.R.W.S. SCHEME, TAL -MOKHADA",Nilmati,855,1,0.41,0.13,0.14,0.25,0.34,0.25,0.39,47.78,15.57,16.17,29.65,40.25,28.82,45.59,25-Jul,26-Jul,27-Jul,28-Jul,29-Jul,30-Jul,31-Jul,25-Jul,26-Jul,27-Jul,28-Jul,29-Jul,30-Jul,31-Jul,0,7,0
Konkan,Palghar,Palghar,Palghar,Mokhada,20028070,"MOKHADA TALUKA 58 VILLAGES R.R.W.S. SCHEME, TAL -MOKHADA",Osarvira,303,2,0.00,0.00,0.00,0.00,0.00,0.00,0.00,0.00,0.00,0.00,0.00,0.00,0.00,0.00,25-Jul,26-Jul,27-Jul,28-Jul,29-Jul,30-Jul,31-Jul,25-Jul,26-Jul,27-Jul,28-Jul,29-Jul,30-Jul,31-Jul,7,7,0
Konkan,Palghar,Palghar,Palghar,Mokhada,20028070,"MOKHADA TALUKA 58 VILLAGES R.R.W.S. SCHEME, TAL -MOKHADA",Palsunde,1338,1,0.00,0.00,0.00,0.00,0.00,0.00,0.00,0.00,0.00,0.00,0.01,0.01,0.00,0.01,25-Jul,26-Jul,27-Jul,28-Jul,29-Jul,30-Jul,31-Jul,25-Jul,26-Jul,27-Jul,28-Jul,29-Jul,30-Jul,31-Jul,4,7,0
Konkan,Palghar,Palghar,Palghar,Mokhada,20028070,"MOKHADA TALUKA 58 VILLAGES R.R.W.S. SCHEME, TAL -MOKHADA",Pangripada Chas,669,1,0.00,0.00,0.00,0.00,0.00,0.00,0.00,0.00,0.00,0.00,0.00,0.00,0.00,0.00,25-Jul,26-Jul,27-Jul,28-Jul,29-Jul,30-Jul,31-Jul,25-Jul,26-Jul,27-Jul,28-Jul,29-Jul,30-Jul,31-Jul,7,7,0
Konkan,Palghar,Palghar,Palghar,Mokhada,20028070,"MOKHADA TALUKA 58 VILLAGES R.R.W.S. SCHEME, TAL -MOKHADA",Pardhyachimet Poshera,435,1,0.00,0.00,0.00,0.00,0.00,0.00,0.00,0.00,0.00,0.00,0.00,0.00,0.00,0.00,25-Jul,26-Jul,27-Jul,28-Jul,29-Jul,30-Jul,31-Jul,25-Jul,26-Jul,27-Jul,28-Jul,29-Jul,30-Jul,31-Jul,7,7,0
Konkan,Palghar,Palghar,Palghar,Mokhada,20028070,"MOKHADA TALUKA 58 VILLAGES R.R.W.S. SCHEME, TAL -MOKHADA",Pawarpada Poshera,679,1,0.00,0.00,0.00,0.01,0.00,0.47,0.32,0.00,0.02,0.02,0.81,0.00,69.15,47.06,25-Jul,26-Jul,27-Jul,28-Jul,29-Jul,30-Jul,31-Jul,25-Jul,26-Jul,27-Jul,28-Jul,29-Jul,30-Jul,31-Jul,2,6,1
Konkan,Palghar,Palghar,Palghar,Mokhada,20028070,"MOKHADA TALUKA 58 VILLAGES R.R.W.S. SCHEME, TAL -MOKHADA",Pimpalpada Hirwe,655,1,0.00,0.00,0.00,0.00,0.00,0.00,0.00,0.00,0.00,0.00,0.00,0.00,0.00,0.00,25-Jul,26-Jul,27-Jul,28-Jul,29-Jul,30-Jul,31-Jul,25-Jul,26-Jul,27-Jul,28-Jul,29-Jul,30-Jul,31-Jul,7,7,0
Konkan,Palghar,Palghar,Palghar,Mokhada,20028070,"MOKHADA TALUKA 58 VILLAGES R.R.W.S. SCHEME, TAL -MOKHADA",Pimplegoan,465,1,0.00,0.00,0.00,0.00,0.00,0.00,0.00,0.00,0.00,0.00,0.00,0.00,0.00,0.00,25-Jul,26-Jul,27-Jul,28-Jul,29-Jul,30-Jul,31-Jul,25-Jul,26-Jul,27-Jul,28-Jul,29-Jul,30-Jul,31-Jul,7,7,0
Konkan,Palghar,Palghar,Palghar,Mokhada,20028070,"MOKHADA TALUKA 58 VILLAGES R.R.W.S. SCHEME, TAL -MOKHADA",Poshera,3308,1,0.00,0.00,0.00,0.00,0.00,0.00,0.00,0.00,0.00,0.00,0.00,0.00,0.00,0.00,25-Jul,26-Jul,27-Jul,28-Jul,29-Jul,30-Jul,31-Jul,25-Jul,26-Jul,27-Jul,28-Jul,29-Jul,30-Jul,31-Jul,7,7,0
Konkan,Palghar,Palghar,Palghar,Mokhada,20028070,"MOKHADA TALUKA 58 VILLAGES R.R.W.S. SCHEME, TAL -MOKHADA",Rajewadi Jogalwadi,465,1,0.00,0.00,0.03,0.00,0.22,0.04,0.95,0.00,0.00,7.43,0.00,47.75,9.16,203.39,25-Jul,26-Jul,27-Jul,28-Jul,29-Jul,30-Jul,31-Jul,25-Jul,26-Jul,27-Jul,28-Jul,29-Jul,30-Jul,31-Jul,3,6,1
Konkan,Palghar,Palghar,Palghar,Mokhada,20028070,"MOKHADA TALUKA 58 VILLAGES R.R.W.S. SCHEME, TAL -MOKHADA",Rest House Khodala,1287,1,0.00,0.00,0.00,0.00,0.00,0.00,0.00,0.00,0.01,0.01,0.02,0.04,0.01,0.07,25-Jul,26-Jul,27-Jul,28-Jul,29-Jul,30-Jul,31-Jul,25-Jul,26-Jul,27-Jul,28-Jul,29-Jul,30-Jul,31-Jul,1,7,0
Konkan,Palghar,Palghar,Palghar,Mokhada,20028070,"MOKHADA TALUKA 58 VILLAGES R.R.W.S. SCHEME, TAL -MOKHADA",Sadakwadi Koshimshet,1375,1,0.00,0.00,0.00,0.00,0.00,28.03,0.00,0.00,0.00,0.00,0.00,0.00,2038.43,0.00,25-Jul,26-Jul,27-Jul,28-Jul,29-Jul,30-Jul,31-Jul,25-Jul,26-Jul,27-Jul,28-Jul,29-Jul,30-Jul,31-Jul,6,6,1
Konkan,Palghar,Palghar,Palghar,Mokhada,20028070,"MOKHADA TALUKA 58 VILLAGES R.R.W.S. SCHEME, TAL -MOKHADA",Sakhari,818,1,0.00,0.00,0.00,0.00,0.00,0.00,0.00,0.00,0.00,0.02,0.00,0.04,0.01,0.06,25-Jul,26-Jul,27-Jul,28-Jul,29-Jul,30-Jul,31-Jul,25-Jul,26-Jul,27-Jul,28-Jul,29-Jul,30-Jul,31-Jul,3,7,0
Konkan,Palghar,Palghar,Palghar,Mokhada,20028070,"MOKHADA TALUKA 58 VILLAGES R.R.W.S. SCHEME, TAL -MOKHADA",Sayade,224,2,0.00,0.00,0.00,0.00,0.00,0.00,0.00,0.00,0.01,0.08,0.01,0.02,0.00,0.00,25-Jul,26-Jul,27-Jul,28-Jul,29-Jul,30-Jul,31-Jul,25-Jul,26-Jul,27-Jul,28-Jul,29-Jul,30-Jul,31-Jul,3,7,0
Konkan,Palghar,Palghar,Palghar,Mokhada,20028070,"MOKHADA TALUKA 58 VILLAGES R.R.W.S. SCHEME, TAL -MOKHADA",Shirson,904,1,0.00,0.00,0.00,0.00,0.00,0.00,0.00,0.00,0.00,0.00,0.00,0.00,0.00,0.00,25-Jul,26-Jul,27-Jul,28-Jul,29-Jul,30-Jul,31-Jul,25-Jul,26-Jul,27-Jul,28-Jul,29-Jul,30-Jul,31-Jul,7,7,0
Konkan,Palghar,Palghar,Palghar,Mokhada,20028070,"MOKHADA TALUKA 58 VILLAGES R.R.W.S. SCHEME, TAL -MOKHADA",Shivali,1267,1,0.14,0.00,0.00,0.00,0.00,0.00,0.00,11.01,0.00,0.00,0.00,0.00,0.00,0.02,25-Jul,26-Jul,27-Jul,28-Jul,29-Jul,30-Jul,31-Jul,25-Jul,26-Jul,27-Jul,28-Jul,29-Jul,30-Jul,31-Jul,5,7,0
Konkan,Palghar,Palghar,Palghar,Mokhada,20028070,"MOKHADA TALUKA 58 VILLAGES R.R.W.S. SCHEME, TAL -MOKHADA",Sonarwadi Koshimshet,209,1,0.00,0.00,0.00,0.00,0.00,0.00,0.38,0.00,0.00,0.01,0.00,0.00,0.00,183.50,25-Jul,26-Jul,27-Jul,28-Jul,29-Jul,30-Jul,31-Jul,25-Jul,26-Jul,27-Jul,28-Jul,29-Jul,30-Jul,31-Jul,5,6,1
Konkan,Palghar,Palghar,Palghar,Mokhada,20028070,"MOKHADA TALUKA 58 VILLAGES R.R.W.S. SCHEME, TAL -MOKHADA",Telu Umbarpada,789,1,0.23,0.00,0.00,0.00,0.38,0.00,0.00,29.16,0.00,0.01,0.00,48.58,0.00,0.00,25-Jul,26-Jul,27-Jul,28-Jul,29-Jul,30-Jul,31-Jul,25-Jul,26-Jul,27-Jul,28-Jul,29-Jul,30-Jul,31-Jul,4,7,0
Konkan,Palghar,Palghar,Palghar,Mokhada,20028070,"MOKHADA TALUKA 58 VILLAGES R.R.W.S. SCHEME, TAL -MOKHADA",Udhale,725,2,0.00,0.00,0.36,0.00,0.00,1.21,0.04,0.00,0.10,49.68,0.56,0.06,167.00,4.95,25-Jul,26-Jul,27-Jul,28-Jul,29-Jul,30-Jul,31-Jul,25-Jul,26-Jul,27-Jul,28-Jul,29-Jul,30-Jul,31-Jul,1,6,1
Konkan,Palghar,Palghar,Palghar,Mokhada,20028070,"MOKHADA TALUKA 58 VILLAGES R.R.W.S. SCHEME, TAL -MOKHADA",Umbarpada Beriste,799,1,0.00,0.00,0.00,0.00,0.00,0.00,0.00,0.00,0.00,0.00,0.00,0.00,0.00,0.00,25-Jul,26-Jul,27-Jul,28-Jul,29-Jul,30-Jul,31-Jul,25-Jul,26-Jul,27-Jul,28-Jul,29-Jul,30-Jul,31-Jul,7,7,0
Konkan,Palghar,Palghar,Palghar,Mokhada,20028070,"MOKHADA TALUKA 58 VILLAGES R.R.W.S. SCHEME, TAL -MOKHADA",Vashind,671,1,0.00,0.00,0.00,0.00,0.00,0.00,0.00,0.00,0.00,0.00,0.00,0.00,0.00,0.00,25-Jul,26-Jul,27-Jul,28-Jul,29-Jul,30-Jul,31-Jul,25-Jul,26-Jul,27-Jul,28-Jul,29-Jul,30-Jul,31-Jul,7,7,0
Konkan,Palghar,Palghar,Palghar,Mokhada,20028070,"MOKHADA TALUKA 58 VILLAGES R.R.W.S. SCHEME, TAL -MOKHADA",Wadachapada Saturly,632,1,0.04,0.23,0.00,0.00,0.00,0.00,0.00,5.75,37.17,0.00,0.00,0.01,0.00,0.00,25-Jul,26-Jul,27-Jul,28-Jul,29-Jul,30-Jul,31-Jul,25-Jul,26-Jul,27-Jul,28-Jul,29-Jul,30-Jul,31-Jul,4,7,0
Konkan,Palghar,Palghar,Palghar,Mokhada,20028070,"MOKHADA TALUKA 58 VILLAGES R.R.W.S. SCHEME, TAL -MOKHADA",Wakadpada,632,1,7.34,4.02,0.56,0.25,1.70,0.73,0.01,1161.73,635.51,88.73,39.71,268.38,114.94,0.85,25-Jul,26-Jul,27-Jul,28-Jul,29-Jul,30-Jul,31-Jul,25-Jul,26-Jul,27-Jul,28-Jul,29-Jul,30-Jul,31-Jul,0,2,5
Konkan,Palghar,Palghar,Palghar,Mokhada,20028070,"MOKHADA TALUKA 58 VILLAGES R.R.W.S. SCHEME, TAL -MOKHADA",Wasala,1561,1,0.00,0.00,0.00,0.00,0.00,0.00,0.00,0.00,0.00,0.00,0.00,0.00,0.00,0.00,25-Jul,26-Jul,27-Jul,28-Jul,29-Jul,30-Jul,31-Jul,25-Jul,26-Jul,27-Jul,28-Jul,29-Jul,30-Jul,31-Jul,7,7,0
Konkan,Palghar,Palghar,Palghar,Palghar,20017952,Padghe and 19 villages PWSS,Devkhop,477,1,0.00,0.00,0.00,0.00,0.00,0.00,0.00,0.00,0.00,0.00,0.00,0.00,0.00,0.00,25-Jul,26-Jul,27-Jul,28-Jul,29-Jul,30-Jul,31-Jul,25-Jul,26-Jul,27-Jul,28-Jul,29-Jul,30-Jul,31-Jul,7,7,0
Konkan,Palghar,Palghar,Palghar,Palghar,20017952,Padghe and 19 villages PWSS,Padghe,454,2,0.00,0.00,0.00,0.00,0.00,0.00,0.00,0.00,0.00,0.00,0.00,0.00,0.00,0.00,25-Jul,26-Jul,27-Jul,28-Jul,29-Jul,30-Jul,31-Jul,25-Jul,26-Jul,27-Jul,28-Jul,29-Jul,30-Jul,31-Jul,7,7,0
Konkan,Palghar,Palghar,Palghar,Palghar,20017952,Padghe and 19 villages PWSS,Tokrepada,264,1,0.00,0.00,0.00,0.00,0.00,0.00,0.00,0.00,0.00,0.00,0.00,0.00,0.00,0.00,25-Jul,26-Jul,27-Jul,28-Jul,29-Jul,30-Jul,31-Jul,25-Jul,26-Jul,27-Jul,28-Jul,29-Jul,30-Jul,31-Jul,7,7,0
Konkan,Panvel,Raigadh,Mangaon,Khalapur,20028168,Devnhave water supply scheme,Devnhave,2160,3,1.76,3.01,1.99,4.43,2.38,2.53,1.88,81.63,139.15,91.98,204.92,110.28,117.33,87.03,25-Jul,26-Jul,27-Jul,28-Jul,29-Jul,30-Jul,31-Jul,25-Jul,26-Jul,27-Jul,28-Jul,29-Jul,30-Jul,31-Jul,0,0,7
Konkan,Panvel,Raigadh,Mangaon,Pen,20020563,Shahapada 38 Villages,Kane,1503,1,0.00,0.00,0.00,0.01,0.00,0.00,0.01,0.11,0.00,0.00,0.50,0.20,0.17,0.49,25-Jul,26-Jul,27-Jul,28-Jul,29-Jul,30-Jul,31-Jul,25-Jul,26-Jul,27-Jul,28-Jul,29-Jul,30-Jul,31-Jul,2,7,0
Konkan,Panvel,Raigadh,Mangaon,Pen,20020563,Shahapada 38 Villages,Kashmire,2431,1,0.04,0.00,0.36,0.00,0.00,0.16,0.00,1.48,0.00,14.85,0.02,0.00,6.78,0.05,25-Jul,26-Jul,27-Jul,28-Jul,29-Jul,30-Jul,31-Jul,25-Jul,26-Jul,27-Jul,28-Jul,29-Jul,30-Jul,31-Jul,2,7,0
Konkan,Panvel,Raigadh,Mangaon,Pen,20020563,Shahapada 38 Villages,Shirki,2237,1,0.00,0.00,0.00,0.00,0.00,0.00,0.00,0.00,0.00,0.00,0.00,0.00,0.00,0.00,25-Jul,26-Jul,27-Jul,28-Jul,29-Jul,30-Jul,31-Jul,25-Jul,26-Jul,27-Jul,28-Jul,29-Jul,30-Jul,31-Jul,7,7,0
Konkan,Panvel,Raigadh,Mangaon,Pen,20020563,Shahapada 38 Villages,Wadhav,6000,1,0.00,0.00,0.00,0.00,0.00,0.00,0.00,0.00,0.00,0.00,0.00,0.00,0.00,0.00,25-Jul,26-Jul,27-Jul,28-Jul,29-Jul,30-Jul,31-Jul,25-Jul,26-Jul,27-Jul,28-Jul,29-Jul,30-Jul,31-Jul,7,7,0
Konkan,Panvel,Raigadh,Mangaon,Pen,20020563,Shahapada 38 Villages,Washinaka,2224,1,0.00,0.00,0.00,0.00,0.00,0.00,6.40,0.00,0.00,0.00,0.00,0.00,0.00,287.87,25-Jul,26-Jul,27-Jul,28-Jul,29-Jul,30-Jul,31-Jul,25-Jul,26-Jul,27-Jul,28-Jul,29-Jul,30-Jul,31-Jul,6,6,1
Konkan,Raigadh,Raigadh,Raigadh,Karjat,20028195,"Kadav water supply scheme, Tal. Karjat Dist. Raigad",Kadav,2490,1,0.00,0.00,0.00,0.00,0.00,0.00,0.00,0.01,0.00,0.01,0.01,0.00,0.00,0.00,25-Jul,26-Jul,27-Jul,28-Jul,29-Jul,30-Jul,31-Jul,25-Jul,26-Jul,27-Jul,28-Jul,29-Jul,30-Jul,31-Jul,4,7,0
Konkan,Raigadh,Raigadh,Raigadh,Mangaon,20028626,"Warak Kushade Water Supply Scheme tal- Mnagaon, Dist-Raigad",Koshimbale,339,1,0.00,0.00,0.00,0.00,0.00,0.00,0.00,0.00,0.00,0.00,0.00,0.00,0.00,0.00,25-Jul,26-Jul,27-Jul,28-Jul,29-Jul,30-Jul,31-Jul,25-Jul,26-Jul,27-Jul,28-Jul,29-Jul,30-Jul,31-Jul,7,7,0
Konkan,Raigadh,Raigadh,Raigadh,Mangaon,20028626,"Warak Kushade Water Supply Scheme tal- Mnagaon, Dist-Raigad",Kushede,555,1,0.00,0.00,0.00,0.00,0.00,0.00,0.00,0.46,0.00,0.03,0.38,0.00,0.00,0.00,25-Jul,26-Jul,27-Jul,28-Jul,29-Jul,30-Jul,31-Jul,25-Jul,26-Jul,27-Jul,28-Jul,29-Jul,30-Jul,31-Jul,4,7,0
Konkan,Raigadh,Raigadh,Raigadh,Mangaon,20028626,"Warak Kushade Water Supply Scheme tal- Mnagaon, Dist-Raigad",Vighavli,816,1,0.00,0.00,0.00,0.00,0.00,0.00,0.00,0.00,0.00,0.00,0.00,0.00,0.00,0.00,25-Jul,26-Jul,27-Jul,28-Jul,29-Jul,30-Jul,31-Jul,25-Jul,26-Jul,27-Jul,28-Jul,29-Jul,30-Jul,31-Jul,7,7,0
Konkan,Raigadh,Raigadh,Raigadh,Mangaon,20028626,"Warak Kushade Water Supply Scheme tal- Mnagaon, Dist-Raigad",Warak,805,1,0.01,0.00,0.00,0.00,0.00,0.00,0.00,1.68,0.00,0.00,0.00,0.00,0.00,0.00,25-Jul,26-Jul,27-Jul,28-Jul,29-Jul,30-Jul,31-Jul,25-Jul,26-Jul,27-Jul,28-Jul,29-Jul,30-Jul,31-Jul,6,7,0
Konkan,Ratnagiri,Ratnagiri,Ratnagiri,Chipalun,20017771,Ovali - Kalkavane - Valoti RR WSS,Dadar,330,1,0.00,0.00,0.00,0.00,0.00,0.00,0.00,0.00,0.00,0.00,0.00,0.00,0.00,0.00,25-Jul,26-Jul,27-Jul,28-Jul,29-Jul,30-Jul,31-Jul,25-Jul,26-Jul,27-Jul,28-Jul,29-Jul,30-Jul,31-Jul,7,7,0
Konkan,Ratnagiri,Ratnagiri,Ratnagiri,Chipalun,20017771,Ovali - Kalkavane - Valoti RR WSS,Kalkavane,900,4,0.00,0.00,0.00,0.00,0.00,0.00,0.00,0.00,0.00,0.00,0.00,0.00,0.00,0.00,25-Jul,26-Jul,27-Jul,28-Jul,29-Jul,30-Jul,31-Jul,25-Jul,26-Jul,27-Jul,28-Jul,29-Jul,30-Jul,31-Jul,7,7,0
Konkan,Ratnagiri,Ratnagiri,Ratnagiri,Chipalun,20017771,Ovali - Kalkavane - Valoti RR WSS,Ovali,1211,1,0.00,0.00,0.00,0.00,0.00,0.00,0.00,0.00,0.00,0.00,0.00,0.00,0.00,0.00,25-Jul,26-Jul,27-Jul,28-Jul,29-Jul,30-Jul,31-Jul,25-Jul,26-Jul,27-Jul,28-Jul,29-Jul,30-Jul,31-Jul,7,7,0
Konkan,Ratnagiri,Ratnagiri,Ratnagiri,Chipalun,20017771,Ovali - Kalkavane - Valoti RR WSS,Valoti,162,3,0.00,0.00,0.00,0.00,0.00,0.00,0.00,0.02,0.01,0.00,0.01,0.00,0.02,0.00,25-Jul,26-Jul,27-Jul,28-Jul,29-Jul,30-Jul,31-Jul,25-Jul,26-Jul,27-Jul,28-Jul,29-Jul,30-Jul,31-Jul,3,7,0
Konkan,Thane,Thane,Palghar,Dahanu,20047871, Modgaon & Tornipada RWSS,Andherpada,1320,1,0.00,0.00,0.00,0.00,0.00,0.00,0.00,0.00,0.00,0.00,0.00,0.00,0.07,0.00,25-Jul,26-Jul,27-Jul,28-Jul,29-Jul,30-Jul,31-Jul,25-Jul,26-Jul,27-Jul,28-Jul,29-Jul,30-Jul,31-Jul,6,7,0
Konkan,Thane,Thane,Palghar,Dahanu,20047871, Modgaon & Tornipada RWSS,Janasawarpada,241,1,0.26,0.42,0.56,0.00,0.57,0.57,0.66,108.50,174.54,230.33,1.62,236.58,238.45,273.01,25-Jul,26-Jul,27-Jul,28-Jul,29-Jul,30-Jul,31-Jul,25-Jul,26-Jul,27-Jul,28-Jul,29-Jul,30-Jul,31-Jul,0,1,6
Konkan,Thane,Thane,Palghar,Dahanu,20047871, Modgaon & Tornipada RWSS,Navapada,812,1,0.00,0.00,0.00,0.00,0.00,0.00,0.00,0.00,0.00,0.00,0.00,0.00,0.00,0.00,25-Jul,26-Jul,27-Jul,28-Jul,29-Jul,30-Jul,31-Jul,25-Jul,26-Jul,27-Jul,28-Jul,29-Jul,30-Jul,31-Jul,7,7,0
Konkan,Thane,Thane,Palghar,Dahanu,20047871, Modgaon & Tornipada RWSS,Savarpada,830,1,0.06,0.33,0.59,0.34,0.47,0.58,0.86,7.67,40.35,71.38,41.40,56.18,70.29,103.56,25-Jul,26-Jul,27-Jul,28-Jul,29-Jul,30-Jul,31-Jul,25-Jul,26-Jul,27-Jul,28-Jul,29-Jul,30-Jul,31-Jul,0,3,4
Konkan,Thane,Thane,Thane,Kalyan,20092478,Retrofiting of Gotheghar Dahisar R.R. Water Supply Scheme,Bale,2236,1,0.00,0.00,0.00,0.00,0.00,0.00,0.00,0.00,0.00,0.00,0.00,0.00,0.00,0.00,25-Jul,26-Jul,27-Jul,28-Jul,29-Jul,30-Jul,31-Jul,25-Jul,26-Jul,27-Jul,28-Jul,29-Jul,30-Jul,31-Jul,7,7,0
