Amravati,Akola,Buldhana,Khamgaon,Shegaon,20013865,Chincholi & 30 Villages RRWSS,Gaigaon BK,1282,2,0.00,0.00,0.00,0.00,0.00,0.00,0.00,0.00,0.00,0.00,0.00,0.00,0.00,0.00,26-Sep,27-Sep,28-Sep,29-Sep,30-Sep,1-Oct,2-Oct,26-Sep,27-Sep,28-Sep,29-Sep,30-Sep,1-Oct,2-Oct,7,7,0
Amravati,Amravati,Yavatmal,Pusad,Pusad,20028563,"Malpathar 28 Villages, (Reju.)",Kanherwadi,1040,3,0.00,0.00,0.00,0.00,0.00,0.00,0.00,0.00,0.00,0.00,0.00,0.00,0.00,0.00,26-Sep,27-Sep,28-Sep,29-Sep,30-Sep,1-Oct,2-Oct,26-Sep,27-Sep,28-Sep,29-Sep,30-Sep,1-Oct,2-Oct,7,7,0
Amravati,Akola,Buldhana,Khamgaon,Nandura,4104783,Hingne Gavhad & 13 Villages RRWSS,Mamulwadi,1889,2,0.00,0.46,0.00,0.37,0.00,0.35,0.20,0.00,24.32,0.00,19.38,0.00,18.73,10.53,26-Sep,27-Sep,28-Sep,29-Sep,30-Sep,1-Oct,2-Oct,26-Sep,27-Sep,28-Sep,29-Sep,30-Sep,1-Oct,2-Oct,3,7,0
Amravati,Akola,Buldhana,Deulgaon Raja,Buldana,20091206,Deulgaon Dhad & 5 Villages scheme,Dhad,13423,3,0.00,0.00,0.00,0.00,0.00,0.00,0.00,0.00,0.00,0.00,0.00,0.00,0.00,0.00,26-Sep,27-Sep,28-Sep,29-Sep,30-Sep,1-Oct,2-Oct,26-Sep,27-Sep,28-Sep,29-Sep,30-Sep,1-Oct,2-Oct,7,7,0
Amravati,Akola,Akola,Murtizapur,Murtizapur,20028270,"Lakhpuri 18 VRRWSS Tq. Murtizapur, Dist. Akola",Jambha Bk.,2328,2,0.10,0.00,0.00,0.00,0.02,0.12,0.13,4.26,0.08,0.00,0.00,0.83,5.23,5.60,26-Sep,27-Sep,28-Sep,29-Sep,30-Sep,1-Oct,2-Oct,26-Sep,27-Sep,28-Sep,29-Sep,30-Sep,1-Oct,2-Oct,2,7,0
Amravati,Akola,Buldhana,Khamgaon,Shegaon,20013865,Chincholi & 30 Villages RRWSS,Jawala Palaskhed,2323,2,2.20,1.59,1.87,1.23,0.51,0.29,0.00,94.81,68.48,80.39,52.82,22.06,12.51,0.00,26-Sep,27-Sep,28-Sep,29-Sep,30-Sep,1-Oct,2-Oct,26-Sep,27-Sep,28-Sep,29-Sep,30-Sep,1-Oct,2-Oct,1,4,3
Amravati,Akola,Akola,Akola,Akola,20027951,Khambora 60 VRRWSS Tq. & Dist. Akola,Mathodi,988,1,0.00,0.00,0.00,0.00,0.00,0.00,0.00,0.00,0.00,0.00,0.00,0.00,0.00,0.00,26-Sep,27-Sep,28-Sep,29-Sep,30-Sep,1-Oct,2-Oct,26-Sep,27-Sep,28-Sep,29-Sep,30-Sep,1-Oct,2-Oct,7,7,0
Amravati,Akola,Akola,Akola,Telhara_Akola,20028565,"Akot 84 VRRWSS Tq. Akola, Akot & Telhara Dist. Akola",Alegaon,422,1,0.00,0.00,0.00,0.00,0.00,0.00,0.00,0.00,0.00,0.00,0.00,0.00,0.00,0.00,26-Sep,27-Sep,28-Sep,29-Sep,30-Sep,1-Oct,2-Oct,26-Sep,27-Sep,28-Sep,29-Sep,30-Sep,1-Oct,2-Oct,7,7,0
Amravati,Amravati,Amravati,Amravati - 2,Nandgaon Khandeshwar,20030263,Dhanora Gurav & 8 Villages RRWS,Pimpri Gawanda,536,1,0.00,0.00,0.00,0.00,0.00,0.00,0.00,0.00,0.00,0.00,0.00,0.00,0.00,0.00,26-Sep,27-Sep,28-Sep,29-Sep,30-Sep,1-Oct,2-Oct,26-Sep,27-Sep,28-Sep,29-Sep,30-Sep,1-Oct,2-Oct,7,7,0
Amravati,Akola,Buldhana,Khamgaon,Nandura,4104783,Hingne Gavhad & 13 Villages RRWSS,Kharkundi,473,1,0.00,0.00,0.00,0.00,0.10,0.40,0.65,0.00,0.00,0.00,0.00,20.13,85.12,136.73,26-Sep,27-Sep,28-Sep,29-Sep,30-Sep,1-Oct,2-Oct,26-Sep,27-Sep,28-Sep,29-Sep,30-Sep,1-Oct,2-Oct,4,5,2
Amravati,Amravati,Amravati,Amravati - 2,Amravati_Morshi_Tiwasa,20017838,Nandgaon Peth & 32 Villages,Jamod,416,1,0.17,0.00,0.00,0.00,0.00,0.33,0.00,40.06,0.00,0.00,0.00,0.00,78.99,0.00,26-Sep,27-Sep,28-Sep,29-Sep,30-Sep,1-Oct,2-Oct,26-Sep,27-Sep,28-Sep,29-Sep,30-Sep,1-Oct,2-Oct,5,6,1
Amravati,Akola,Buldhana,Buldhana,Motala,20021409,Kurha & 2 Villages RRWSS,Hanwatkhed,801,1,0.00,0.00,0.00,0.00,0.00,0.00,0.00,0.00,0.00,0.00,0.00,0.00,0.00,0.00,26-Sep,27-Sep,28-Sep,29-Sep,30-Sep,1-Oct,2-Oct,26-Sep,27-Sep,28-Sep,29-Sep,30-Sep,1-Oct,2-Oct,7,7,0
Amravati,Amravati,Yavatmal,Pusad,Pusad,20018633,Jawala 13 Villages RR PWS,Dudhagiri,1143,1,0.00,0.00,0.00,0.00,0.00,0.00,0.00,0.00,0.00,0.00,0.00,0.00,0.00,0.00,26-Sep,27-Sep,28-Sep,29-Sep,30-Sep,1-Oct,2-Oct,26-Sep,27-Sep,28-Sep,29-Sep,30-Sep,1-Oct,2-Oct,7,7,0
Amravati,Akola,Akola,Akola,Akola,20039455,Khambora 4 VRRWSS Tq. & Dist. Akola,Sukali,1195,2,1.02,1.15,0.89,1.08,0.24,0.11,0.00,85.25,96.16,74.89,90.51,19.94,9.15,0.00,26-Sep,27-Sep,28-Sep,29-Sep,30-Sep,1-Oct,2-Oct,26-Sep,27-Sep,28-Sep,29-Sep,30-Sep,1-Oct,2-Oct,1,3,4
Amravati,Akola,Akola,Akola,Akot_Telhara,20028420,Popatkhed 97 VRRWSS Tq. Akot & Telhara Dist. Akola,Ambola,3514,2,1.70,1.78,1.70,1.76,1.73,1.71,1.66,48.28,50.71,48.25,50.21,49.15,48.57,47.15,26-Sep,27-Sep,28-Sep,29-Sep,30-Sep,1-Oct,2-Oct,26-Sep,27-Sep,28-Sep,29-Sep,30-Sep,1-Oct,2-Oct,0,7,0
Amravati,Amravati,Amravati W.M,W.M.Amravati - 2,Chandur Bazar_Achalpur_Amravati_Bhatkuli,20003791,105 Villages RRWSS,Naya Akola,3201,3,0.00,0.00,0.00,0.00,0.00,0.00,0.00,0.00,0.00,0.00,0.00,0.00,0.00,0.00,26-Sep,27-Sep,28-Sep,29-Sep,30-Sep,1-Oct,2-Oct,26-Sep,27-Sep,28-Sep,29-Sep,30-Sep,1-Oct,2-Oct,7,7,0
Amravati,Amravati,Amravati W.M,W.M.Amravati - 2,Chandur Bazar_Achalpur_Amravati_Bhatkuli,20003791,105 Villages RRWSS,Chinchkheda,1185,1,0.79,1.18,0.76,1.23,0.83,0.90,1.34,66.67,99.58,64.14,103.80,70.04,75.95,113.08,26-Sep,27-Sep,28-Sep,29-Sep,30-Sep,1-Oct,2-Oct,26-Sep,27-Sep,28-Sep,29-Sep,30-Sep,1-Oct,2-Oct,0,0,7
Amravati,Akola,Akola,Akola,Akot_Telhara,20028420,Popatkhed 97 VRRWSS Tq. Akot & Telhara Dist. Akola,Shahapur Pr. Rupagad,1093,2,0.00,0.00,0.00,0.00,0.00,0.00,0.00,0.00,0.00,0.00,0.00,0.00,0.00,0.00,26-Sep,27-Sep,28-Sep,29-Sep,30-Sep,1-Oct,2-Oct,26-Sep,27-Sep,28-Sep,29-Sep,30-Sep,1-Oct,2-Oct,7,7,0
Amravati,Akola,Akola,Akola,Barshitakali,20028246,Kanheri & 10 Villages RRWSS Tq. Barshitakli. Dist.Akola,kanheri,5509,2,4.15,4.53,5.16,3.87,5.16,5.67,4.16,75.42,82.14,93.74,70.31,93.67,102.95,75.53,26-Sep,27-Sep,28-Sep,29-Sep,30-Sep,1-Oct,2-Oct,26-Sep,27-Sep,28-Sep,29-Sep,30-Sep,1-Oct,2-Oct,0,0,7
Amravati,Amravati,Amravati,Achalpur,Achalpur_Chandur Bazar,7945938,83 Village RRWS Scheme MJP RR (C 39),Wadgaon Fattepur,855,3,2.70,2.18,2.51,4.42,2.67,1.91,2.54,315.79,254.97,293.57,516.96,312.28,223.39,297.08,26-Sep,27-Sep,28-Sep,29-Sep,30-Sep,1-Oct,2-Oct,26-Sep,27-Sep,28-Sep,29-Sep,30-Sep,1-Oct,2-Oct,0,0,7
Amravati,Akola,Akola,Akola,Balapur,20028208,"Wadegaon & 24 VRRWSS Tq. Akola, Balapur & Barshitakali Dist.Akola",Bhaurad,4081,2,4.54,4.88,4.45,4.77,4.56,4.66,5.14,111.28,119.46,109.02,116.96,111.84,114.18,126.00,26-Sep,27-Sep,28-Sep,29-Sep,30-Sep,1-Oct,2-Oct,26-Sep,27-Sep,28-Sep,29-Sep,30-Sep,1-Oct,2-Oct,0,0,7
Amravati,Amravati,Amravati,Amravati - 2,Nandgaon Khandeshwar,20029922,Chandsura & 9 Villages RRWS,Loni,4503,3,7.11,7.75,7.18,7.98,7.42,8.23,7.92,157.90,172.02,159.35,177.19,164.82,182.84,175.78,26-Sep,27-Sep,28-Sep,29-Sep,30-Sep,1-Oct,2-Oct,26-Sep,27-Sep,28-Sep,29-Sep,30-Sep,1-Oct,2-Oct,0,0,7
Amravati,Akola,Akola,Akola,Akola,20027951,Khambora 60 VRRWSS Tq. & Dist. Akola,Ramagaon,688,2,0.00,0.00,0.00,0.00,0.00,0.00,0.00,0.00,0.00,0.00,0.00,0.00,0.00,0.00,26-Sep,27-Sep,28-Sep,29-Sep,30-Sep,1-Oct,2-Oct,26-Sep,27-Sep,28-Sep,29-Sep,30-Sep,1-Oct,2-Oct,7,7,0
Amravati,Akola,Akola,Akola,Akot_Telhara,20028420,Popatkhed 97 VRRWSS Tq. Akot & Telhara Dist. Akola,Mardi,637,1,0.00,0.00,0.00,0.00,0.00,0.00,0.00,0.00,0.00,0.00,0.00,0.00,0.00,0.00,26-Sep,27-Sep,28-Sep,29-Sep,30-Sep,1-Oct,2-Oct,26-Sep,27-Sep,28-Sep,29-Sep,30-Sep,1-Oct,2-Oct,7,7,0
Amravati,Akola,Buldhana,Buldhana,Motala,20021409,Kurha & 2 Villages RRWSS,Gotmara,1309,1,0.99,0.54,0.19,0.52,0.76,1.05,0.90,75.98,41.53,14.33,39.84,58.16,80.04,68.61,26-Sep,27-Sep,28-Sep,29-Sep,30-Sep,1-Oct,2-Oct,26-Sep,27-Sep,28-Sep,29-Sep,30-Sep,1-Oct,2-Oct,0,3,4
Amravati,Amravati,Amravati,Achalpur,Achalpur_Chandur Bazar,7945938,83 Village RRWS Scheme MJP RR (C 39),Thokbarda,101,1,0.79,0.00,0.89,1.11,0.54,0.00,0.00,782.18,0.00,881.19,1099.01,534.65,0.00,0.00,26-Sep,27-Sep,28-Sep,29-Sep,30-Sep,1-Oct,2-Oct,26-Sep,27-Sep,28-Sep,29-Sep,30-Sep,1-Oct,2-Oct,3,3,4
Amravati,Amravati,Amravati,Achalpur,Achalpur_Chandur Bazar,7945938,83 Village RRWS Scheme MJP RR (C 39),Pimpari Thugaon,405,1,17.51,21.38,15.85,21.38,15.47,25.51,17.49,4323.46,5278.11,3913.58,5279.01,3819.75,6298.77,4318.52,26-Sep,27-Sep,28-Sep,29-Sep,30-Sep,1-Oct,2-Oct,26-Sep,27-Sep,28-Sep,29-Sep,30-Sep,1-Oct,2-Oct,0,0,7
Amravati,Amravati,Amravati W.M,W.M.Amravati - 2,Chandur Bazar_Achalpur_Amravati_Bhatkuli,20003791,105 Villages RRWSS,Deori,757,2,2.09,2.11,1.05,0.90,1.40,1.10,1.21,276.09,278.73,138.71,118.89,184.94,145.31,159.84,26-Sep,27-Sep,28-Sep,29-Sep,30-Sep,1-Oct,2-Oct,26-Sep,27-Sep,28-Sep,29-Sep,30-Sep,1-Oct,2-Oct,0,0,7
Amravati,Amravati,Amravati W.M,W.M.Amravati - 2,Chandur Bazar_Achalpur_Amravati_Bhatkuli,20003791,105 Villages RRWSS,Shirajgaon,1491,5,6.69,8.03,7.08,7.89,6.72,8.62,6.89,448.69,538.56,474.85,529.18,450.70,578.14,462.11,26-Sep,27-Sep,28-Sep,29-Sep,30-Sep,1-Oct,2-Oct,26-Sep,27-Sep,28-Sep,29-Sep,30-Sep,1-Oct,2-Oct,0,0,7
Amravati,Akola,Akola,Murtizapur,Murtizapur,20028270,"Lakhpuri 18 VRRWSS Tq. Murtizapur, Dist. Akola",Virwada,818,1,0.90,0.99,0.95,0.99,0.92,1.16,1.39,110.49,121.52,115.67,121.11,112.04,141.56,170.07,26-Sep,27-Sep,28-Sep,29-Sep,30-Sep,1-Oct,2-Oct,26-Sep,27-Sep,28-Sep,29-Sep,30-Sep,1-Oct,2-Oct,0,0,7
Amravati,Akola,Akola,Akola,Akot_Telhara,20028420,Popatkhed 97 VRRWSS Tq. Akot & Telhara Dist. Akola,Waai,671,2,0.21,0.21,0.25,0.21,0.21,0.22,0.24,32.04,31.81,37.70,32.02,31.10,33.29,36.49,26-Sep,27-Sep,28-Sep,29-Sep,30-Sep,1-Oct,2-Oct,26-Sep,27-Sep,28-Sep,29-Sep,30-Sep,1-Oct,2-Oct,0,7,0
Amravati,Akola,Akola,Murtizapur,Murtizapur,20028270,"Lakhpuri 18 VRRWSS Tq. Murtizapur, Dist. Akola",Mangrul Kambe,1837,3,2.29,2.69,3.26,3.24,2.77,3.59,3.38,124.45,146.43,177.35,176.39,150.57,195.31,183.88,26-Sep,27-Sep,28-Sep,29-Sep,30-Sep,1-Oct,2-Oct,26-Sep,27-Sep,28-Sep,29-Sep,30-Sep,1-Oct,2-Oct,0,0,7
Amravati,Akola,Akola,Murtizapur,Murtizapur,20028308,Pinjar & 2 VRRWSS Tq.Barshitakali Dist.Akola,Junana,2252,2,0.18,0.80,1.11,1.08,0.44,1.70,1.09,7.99,35.42,49.39,47.97,19.44,75.38,48.28,26-Sep,27-Sep,28-Sep,29-Sep,30-Sep,1-Oct,2-Oct,26-Sep,27-Sep,28-Sep,29-Sep,30-Sep,1-Oct,2-Oct,0,6,1
Amravati,Akola,Akola,Akola,Telhara_Akola,20028565,"Akot 84 VRRWSS Tq. Akola, Akot & Telhara Dist. Akola",Danori,1296,2,0.98,0.00,0.00,2.15,2.24,0.00,0.00,75.35,0.00,0.00,165.90,172.54,0.00,0.00,26-Sep,27-Sep,28-Sep,29-Sep,30-Sep,1-Oct,2-Oct,26-Sep,27-Sep,28-Sep,29-Sep,30-Sep,1-Oct,2-Oct,4,4,3
Amravati,Amravati,Amravati,Achalpur,Achalpur_Chandur Bazar,7945938,83 Village RRWS Scheme MJP RR (C 39),Kolha,419,2,0.00,0.00,0.00,0.00,0.00,0.00,0.00,0.00,0.00,0.00,0.00,0.00,0.00,0.00,26-Sep,27-Sep,28-Sep,29-Sep,30-Sep,1-Oct,2-Oct,26-Sep,27-Sep,28-Sep,29-Sep,30-Sep,1-Oct,2-Oct,7,7,0
Amravati,Akola,Akola,Akola,Telhara_Akola,20028565,"Akot 84 VRRWSS Tq. Akola, Akot & Telhara Dist. Akola",Karatwadi,1682,1,0.04,1.30,0.00,1.97,0.05,1.28,0.00,2.38,77.29,0.00,117.12,2.97,76.10,0.00,26-Sep,27-Sep,28-Sep,29-Sep,30-Sep,1-Oct,2-Oct,26-Sep,27-Sep,28-Sep,29-Sep,30-Sep,1-Oct,2-Oct,2,4,3
Amravati,Amravati,Amravati,Amravati - 2,Nandgaon Khandeshwar,20030120,Papal & 5 Villages RRWS,Lohgaon,,2,0.44,0.15,1.22,0.44,0.00,1.41,0.41,0.00,0.00,0.00,0.00,0.00,0.00,0.00,26-Sep,27-Sep,28-Sep,29-Sep,30-Sep,1-Oct,2-Oct,26-Sep,27-Sep,28-Sep,29-Sep,30-Sep,1-Oct,2-Oct,7,7,0
Amravati,Amravati,Amravati,Amravati - 2,Amravati_Morshi_Tiwasa,20017838,Nandgaon Peth & 32 Villages,Bramhanwada,1705,1,,,,0.00,0.00,0.00,0.00,,,,0.00,0.00,0.00,0.00,26-Sep,27-Sep,28-Sep,29-Sep,30-Sep,1-Oct,2-Oct,26-Sep,27-Sep,28-Sep,29-Sep,30-Sep,1-Oct,2-Oct,4,4,0
Amravati,Akola,Akola,Akola,Akot_Telhara,20028420,Popatkhed 97 VRRWSS Tq. Akot & Telhara Dist. Akola,Chinchpani,547,1,0.73,0.00,0.47,0.84,0.52,0.68,0.90,132.78,0.00,86.71,154.43,95.55,124.68,163.66,26-Sep,27-Sep,28-Sep,29-Sep,30-Sep,1-Oct,2-Oct,26-Sep,27-Sep,28-Sep,29-Sep,30-Sep,1-Oct,2-Oct,1,1,6
Amravati,Akola,Buldhana,Khamgaon,Khamgaon,20094753,Sambhapur & 4 Villages RRWSS,Sambhapur,950,2,0.97,1.49,0.00,0.00,0.00,0.76,1.49,101.68,156.37,0.00,0.00,0.00,79.62,156.52,26-Sep,27-Sep,28-Sep,29-Sep,30-Sep,1-Oct,2-Oct,26-Sep,27-Sep,28-Sep,29-Sep,30-Sep,1-Oct,2-Oct,3,3,4
Amravati,Akola,Akola,Akola,Telhara_Akola,20028565,"Akot 84 VRRWSS Tq. Akola, Akot & Telhara Dist. Akola",Tandulwadi,964,3,0.00,0.00,1.73,0.00,0.00,0.00,2.02,0.00,0.00,179.46,0.00,0.00,0.00,209.54,26-Sep,27-Sep,28-Sep,29-Sep,30-Sep,1-Oct,2-Oct,26-Sep,27-Sep,28-Sep,29-Sep,30-Sep,1-Oct,2-Oct,5,5,2
Amravati,Amravati,Amravati,Amravati - 2,Nandgaon Khandeshwar,20029922,Chandsura & 9 Villages RRWS,Morgaon,932,2,0.81,0.71,0.72,0.86,0.72,0.90,0.80,86.43,76.29,77.64,92.10,77.74,96.60,85.80,26-Sep,27-Sep,28-Sep,29-Sep,30-Sep,1-Oct,2-Oct,26-Sep,27-Sep,28-Sep,29-Sep,30-Sep,1-Oct,2-Oct,0,0,7
Amravati,Amravati,Amravati,Chandur Bazar,Morshi,20029439,Charghad 23 Villages RRWS Under Charghad Project,Dabheri,830,1,1.05,1.10,1.69,0.72,1.47,1.28,1.11,126.35,132.13,203.25,87.02,176.55,154.56,134.17,26-Sep,27-Sep,28-Sep,29-Sep,30-Sep,1-Oct,2-Oct,26-Sep,27-Sep,28-Sep,29-Sep,30-Sep,1-Oct,2-Oct,0,0,7
Amravati,Akola,Akola,Akola,Balapur_Akola,20028254,Balapur 69 VRRWSS Tq. Balapur Dist. Akola,Morgaon Sadijan,2030,3,0.00,0.00,0.00,0.00,0.00,0.00,0.00,0.00,0.00,0.00,0.00,0.00,0.00,0.00,26-Sep,27-Sep,28-Sep,29-Sep,30-Sep,1-Oct,2-Oct,26-Sep,27-Sep,28-Sep,29-Sep,30-Sep,1-Oct,2-Oct,7,7,0
Amravati,Akola,Akola,Akola,Telhara_Akola,20028565,"Akot 84 VRRWSS Tq. Akola, Akot & Telhara Dist. Akola",Nijampur,712,1,0.00,0.00,0.00,0.00,0.00,0.00,0.00,0.00,0.00,0.00,0.00,0.00,0.00,0.00,26-Sep,27-Sep,28-Sep,29-Sep,30-Sep,1-Oct,2-Oct,26-Sep,27-Sep,28-Sep,29-Sep,30-Sep,1-Oct,2-Oct,7,7,0
Amravati,Akola,Buldhana,Buldhana,Motala,20027978,Dhamangaon Deshmukh & 9 Villages RRWSS,Giroli,1418,1,0.04,0.04,0.00,0.02,0.00,0.12,0.00,2.67,2.81,0.00,1.56,0.00,8.51,0.24,26-Sep,27-Sep,28-Sep,29-Sep,30-Sep,1-Oct,2-Oct,26-Sep,27-Sep,28-Sep,29-Sep,30-Sep,1-Oct,2-Oct,2,7,0
Amravati,Amravati,Amravati,Amravati - 2,Amravati_Morshi_Tiwasa,20017838,Nandgaon Peth & 32 Villages,Sawardi,1138,3,,,,,,,,,,,,,,,26-Sep,27-Sep,28-Sep,29-Sep,30-Sep,1-Oct,2-Oct,26-Sep,27-Sep,28-Sep,29-Sep,30-Sep,1-Oct,2-Oct,0,0,0
Amravati,Akola,Akola,Akola,Akot_Telhara,20028420,Popatkhed 97 VRRWSS Tq. Akot & Telhara Dist. Akola,Wadali Satwai,2205,1,2.24,1.72,2.15,1.65,2.04,2.07,1.84,101.61,78.13,97.48,74.62,92.47,93.68,83.64,26-Sep,27-Sep,28-Sep,29-Sep,30-Sep,1-Oct,2-Oct,26-Sep,27-Sep,28-Sep,29-Sep,30-Sep,1-Oct,2-Oct,0,0,7
Amravati,Akola,Buldhana,Khamgaon,Nandura,4104783,Hingne Gavhad & 13 Villages RRWSS,Dhadi,737,1,0.00,0.16,0.02,0.01,0.23,0.00,0.20,0.49,21.53,2.10,1.68,30.69,0.00,27.34,26-Sep,27-Sep,28-Sep,29-Sep,30-Sep,1-Oct,2-Oct,26-Sep,27-Sep,28-Sep,29-Sep,30-Sep,1-Oct,2-Oct,1,7,0
Amravati,Akola,Buldhana,Buldhana,Motala,20028065,Pophali & 3 Villages RRWSS,Wadi,724,2,0.00,0.00,0.00,0.00,0.00,0.00,0.00,0.15,0.04,0.18,0.39,0.00,0.00,0.13,26-Sep,27-Sep,28-Sep,29-Sep,30-Sep,1-Oct,2-Oct,26-Sep,27-Sep,28-Sep,29-Sep,30-Sep,1-Oct,2-Oct,2,7,0
Amravati,Akola,Akola,Akola,Balapur_Akola,20028254,Balapur 69 VRRWSS Tq. Balapur Dist. Akola,Morzadi,1431,2,0.67,0.85,0.77,0.86,0.74,0.38,0.86,46.47,59.54,53.99,60.32,51.50,26.43,59.88,26-Sep,27-Sep,28-Sep,29-Sep,30-Sep,1-Oct,2-Oct,26-Sep,27-Sep,28-Sep,29-Sep,30-Sep,1-Oct,2-Oct,0,4,3
Amravati,Akola,Akola,Akola,Akola,20027951,Khambora 60 VRRWSS Tq. & Dist. Akola,Majlapur,2017,1,0.00,0.00,0.00,0.00,0.00,0.00,0.00,0.00,0.00,0.00,0.00,0.00,0.00,0.00,26-Sep,27-Sep,28-Sep,29-Sep,30-Sep,1-Oct,2-Oct,26-Sep,27-Sep,28-Sep,29-Sep,30-Sep,1-Oct,2-Oct,7,7,0
Amravati,Akola,Buldhana,Deulgaon Raja,Buldana,20091206,Deulgaon Dhad & 5 Villages scheme,Chauthala,1948,2,0.00,0.00,0.00,0.00,0.36,0.62,0.64,0.00,0.00,0.00,0.00,18.41,32.03,33.00,26-Sep,27-Sep,28-Sep,29-Sep,30-Sep,1-Oct,2-Oct,26-Sep,27-Sep,28-Sep,29-Sep,30-Sep,1-Oct,2-Oct,4,7,0
Amravati,Akola,Buldhana,Khamgaon,Shegaon,20094779,30 Villages RRWS Tal Shegaon(C39-ZP),Padsul,915,2,0.53,0.19,0.44,0.35,1.10,0.57,0.54,57.74,20.42,47.96,38.74,120.53,62.72,59.37,26-Sep,27-Sep,28-Sep,29-Sep,30-Sep,1-Oct,2-Oct,26-Sep,27-Sep,28-Sep,29-Sep,30-Sep,1-Oct,2-Oct,0,3,4
Amravati,Akola,Akola,Akola,Akot_Telhara,20028420,Popatkhed 97 VRRWSS Tq. Akot & Telhara Dist. Akola,Rampur Dharul,1247,2,0.62,0.00,0.79,0.10,1.80,0.99,1.17,49.72,0.00,63.35,8.13,144.35,79.39,93.83,26-Sep,27-Sep,28-Sep,29-Sep,30-Sep,1-Oct,2-Oct,26-Sep,27-Sep,28-Sep,29-Sep,30-Sep,1-Oct,2-Oct,1,3,4
Amravati,Akola,Akola,Akola,Balapur_Akola,20028254,Balapur 69 VRRWSS Tq. Balapur Dist. Akola,Nimbi,654,1,0.00,0.00,0.00,0.00,0.00,0.00,0.00,0.00,0.00,0.00,0.00,0.00,0.00,0.00,26-Sep,27-Sep,28-Sep,29-Sep,30-Sep,1-Oct,2-Oct,26-Sep,27-Sep,28-Sep,29-Sep,30-Sep,1-Oct,2-Oct,7,7,0
Amravati,Amravati,Amravati,Achalpur,Achalpur_Chandur Bazar,7945938,83 Village RRWS Scheme MJP RR (C 39),Tuljapur jahagir,96,1,0.00,0.86,0.44,0.00,0.00,0.00,0.00,0.00,895.83,458.33,0.00,0.00,0.00,0.00,26-Sep,27-Sep,28-Sep,29-Sep,30-Sep,1-Oct,2-Oct,26-Sep,27-Sep,28-Sep,29-Sep,30-Sep,1-Oct,2-Oct,5,5,2
Amravati,Akola,Akola,Akola,Telhara_Akola,20028565,"Akot 84 VRRWSS Tq. Akola, Akot & Telhara Dist. Akola",Warur,2400,1,0.00,0.00,5.76,10.72,0.00,0.00,0.02,0.00,0.00,240.00,446.67,0.00,0.00,0.83,26-Sep,27-Sep,28-Sep,29-Sep,30-Sep,1-Oct,2-Oct,26-Sep,27-Sep,28-Sep,29-Sep,30-Sep,1-Oct,2-Oct,4,5,2
Amravati,Akola,Buldhana,Khamgaon,Shegaon,20013865,Chincholi & 30 Villages RRWSS,Warud,959,1,0.00,0.00,0.00,0.00,0.00,0.00,0.00,0.00,0.00,0.00,0.00,0.00,0.00,0.00,26-Sep,27-Sep,28-Sep,29-Sep,30-Sep,1-Oct,2-Oct,26-Sep,27-Sep,28-Sep,29-Sep,30-Sep,1-Oct,2-Oct,7,7,0
Amravati,Amravati,Amravati,Achalpur,Achalpur_Chandur Bazar,7945938,83 Village RRWS Scheme MJP RR (C 39),Eklaspur,486,3,3.70,3.32,2.85,3.56,3.85,2.57,3.87,761.32,683.13,586.42,732.51,792.18,528.81,796.30,26-Sep,27-Sep,28-Sep,29-Sep,30-Sep,1-Oct,2-Oct,26-Sep,27-Sep,28-Sep,29-Sep,30-Sep,1-Oct,2-Oct,0,0,7
Amravati,Amravati,Amravati,Achalpur,Achalpur_Chandur Bazar,7945938,83 Village RRWS Scheme MJP RR (C 39),Aregaon,158,1,0.00,0.00,0.00,0.00,0.00,0.00,0.00,0.00,0.00,0.00,0.00,0.00,0.00,0.00,26-Sep,27-Sep,28-Sep,29-Sep,30-Sep,1-Oct,2-Oct,26-Sep,27-Sep,28-Sep,29-Sep,30-Sep,1-Oct,2-Oct,7,7,0
Amravati,Amravati,Amravati,Achalpur,Achalpur_Chandur Bazar,7945938,83 Village RRWS Scheme MJP RR (C 39),Kandali,3538,4,19.39,13.68,20.05,12.62,26.45,9.61,23.02,547.93,386.64,566.57,356.84,747.51,271.64,650.69,26-Sep,27-Sep,28-Sep,29-Sep,30-Sep,1-Oct,2-Oct,26-Sep,27-Sep,28-Sep,29-Sep,30-Sep,1-Oct,2-Oct,0,0,7
Amravati,Akola,Buldhana,Khamgaon,Shegaon,20013865,Chincholi & 30 Villages RRWSS,Gavhan,1528,1,0.00,0.00,0.00,0.00,0.00,0.00,0.00,0.00,0.00,0.00,0.00,0.00,0.00,0.00,26-Sep,27-Sep,28-Sep,29-Sep,30-Sep,1-Oct,2-Oct,26-Sep,27-Sep,28-Sep,29-Sep,30-Sep,1-Oct,2-Oct,7,7,0
Amravati,Amravati,Amravati,Amravati - 2,Nandgaon Khandeshwar,20029922,Chandsura & 9 Villages RRWS,Dharfal,796,1,0.30,0.00,0.34,0.61,0.39,0.66,0.25,37.68,0.00,43.07,76.76,48.94,82.80,31.99,26-Sep,27-Sep,28-Sep,29-Sep,30-Sep,1-Oct,2-Oct,26-Sep,27-Sep,28-Sep,29-Sep,30-Sep,1-Oct,2-Oct,1,5,2
Amravati,Amravati,Amravati,Achalpur,Achalpur,20028532,"24 Villages RRWSS, Ta. Achalpur",Borgaon Peth,1902,2,1.16,1.08,0.57,0.46,1.87,1.97,1.88,60.88,56.57,29.96,24.40,98.57,103.65,98.61,26-Sep,27-Sep,28-Sep,29-Sep,30-Sep,1-Oct,2-Oct,26-Sep,27-Sep,28-Sep,29-Sep,30-Sep,1-Oct,2-Oct,0,2,5
Amravati,Akola,Akola,Akola,Akola,20027951,Khambora 60 VRRWSS Tq. & Dist. Akola,Marodi,930,1,0.01,0.00,15.74,5.78,12.80,28.73,2.86,0.80,0.00,1692.21,621.59,1375.99,3089.48,307.45,26-Sep,27-Sep,28-Sep,29-Sep,30-Sep,1-Oct,2-Oct,26-Sep,27-Sep,28-Sep,29-Sep,30-Sep,1-Oct,2-Oct,1,2,5
Amravati,Amravati,Amravati,Achalpur,Achalpur_Chandur Bazar,7945938,83 Village RRWS Scheme MJP RR (C 39),Dhotarkheda,802,2,0.00,0.00,0.00,0.00,0.00,0.00,0.00,0.00,0.00,0.00,0.00,0.00,0.00,0.00,26-Sep,27-Sep,28-Sep,29-Sep,30-Sep,1-Oct,2-Oct,26-Sep,27-Sep,28-Sep,29-Sep,30-Sep,1-Oct,2-Oct,7,7,0
Amravati,Akola,Akola,Murtizapur,Murtizapur,20028330,Langhapur 50 VRRWSS Tq. Murtizapur Dist. Akola,Dahatonda,302,1,1.48,1.46,1.48,1.47,1.48,1.82,2.08,491.58,482.95,489.29,487.21,489.76,604.13,690.30,26-Sep,27-Sep,28-Sep,29-Sep,30-Sep,1-Oct,2-Oct,26-Sep,27-Sep,28-Sep,29-Sep,30-Sep,1-Oct,2-Oct,0,0,7
Amravati,Amravati,Amravati W.M,W.M.Amravati - 2,Chandur Bazar_Achalpur_Amravati_Bhatkuli,20003791,105 Villages RRWSS,Chincholi,1637,2,1.11,1.04,1.09,1.01,1.17,1.11,1.09,67.81,63.53,66.59,61.70,71.47,67.81,66.59,26-Sep,27-Sep,28-Sep,29-Sep,30-Sep,1-Oct,2-Oct,26-Sep,27-Sep,28-Sep,29-Sep,30-Sep,1-Oct,2-Oct,0,0,7
Amravati,Amravati,Amravati W.M,W.M.Amravati - 2,Chandur Bazar_Achalpur_Amravati_Bhatkuli,20003791,105 Villages RRWSS,Makrampur,112,1,0.00,0.00,0.00,0.00,0.00,0.00,0.00,0.00,0.00,0.00,0.00,0.00,0.00,0.00,26-Sep,27-Sep,28-Sep,29-Sep,30-Sep,1-Oct,2-Oct,26-Sep,27-Sep,28-Sep,29-Sep,30-Sep,1-Oct,2-Oct,7,7,0
Amravati,Amravati,Amravati,Achalpur,Achalpur,20029998,Shahanur & 9 Villages RRWS,Pardi,302,1,0.00,0.00,0.00,0.00,0.00,0.00,0.00,0.00,0.00,0.00,0.00,0.00,0.00,0.00,26-Sep,27-Sep,28-Sep,29-Sep,30-Sep,1-Oct,2-Oct,26-Sep,27-Sep,28-Sep,29-Sep,30-Sep,1-Oct,2-Oct,7,7,0
Amravati,Amravati,Amravati W.M,Daryapur,Anjangaon_Daryapur_Bhatkuli,20005043,156 Villages Strengthening scheme of 144 villages RR,Shingnapur,3425,2,0.00,4.31,3.85,4.24,3.37,2.39,4.21,0.00,125.78,112.44,123.68,98.45,69.83,122.97,26-Sep,27-Sep,28-Sep,29-Sep,30-Sep,1-Oct,2-Oct,26-Sep,27-Sep,28-Sep,29-Sep,30-Sep,1-Oct,2-Oct,1,1,6
Amravati,Akola,Akola,Akola,Telhara_Akola,20028565,"Akot 84 VRRWSS Tq. Akola, Akot & Telhara Dist. Akola",Kalwadi,945,2,4.00,0.00,0.00,0.00,0.00,0.00,4.51,423.28,0.00,0.00,0.00,0.00,0.00,477.25,26-Sep,27-Sep,28-Sep,29-Sep,30-Sep,1-Oct,2-Oct,26-Sep,27-Sep,28-Sep,29-Sep,30-Sep,1-Oct,2-Oct,5,5,2
Amravati,Akola,Akola,Murtizapur,Murtizapur,20028298,Kurum & 2 VRRWSS Tq.Murtizapur Dist. Akola,Kurum,7124,3,14.62,0.25,1.16,0.33,0.00,0.00,0.00,205.22,3.51,16.28,4.63,0.00,0.00,0.00,26-Sep,27-Sep,28-Sep,29-Sep,30-Sep,1-Oct,2-Oct,26-Sep,27-Sep,28-Sep,29-Sep,30-Sep,1-Oct,2-Oct,3,6,1
Amravati,Akola,Akola,Akola,Telhara_Akola,20028565,"Akot 84 VRRWSS Tq. Akola, Akot & Telhara Dist. Akola",Kawasa Bk.,1298,1,0.05,0.00,0.00,0.00,0.01,0.00,0.00,3.85,0.00,0.00,0.00,0.77,0.00,0.00,26-Sep,27-Sep,28-Sep,29-Sep,30-Sep,1-Oct,2-Oct,26-Sep,27-Sep,28-Sep,29-Sep,30-Sep,1-Oct,2-Oct,5,7,0
Amravati,Akola,Buldhana,Khamgaon,Shegaon,20013865,Chincholi & 30 Villages RRWSS,Pahurjira,5830,4,3.23,2.19,0.78,2.10,1.79,1.96,2.10,55.35,37.49,13.33,36.09,30.63,33.54,36.00,26-Sep,27-Sep,28-Sep,29-Sep,30-Sep,1-Oct,2-Oct,26-Sep,27-Sep,28-Sep,29-Sep,30-Sep,1-Oct,2-Oct,0,6,1
Amravati,Amravati,Amravati,Achalpur,Achalpur_Chandur Bazar,7945938,83 Village RRWS Scheme MJP RR (C 39),Borgaon Dori,263,1,0.44,1.03,0.68,1.68,0.72,0.36,1.06,167.30,391.63,258.56,638.78,273.76,136.88,403.04,26-Sep,27-Sep,28-Sep,29-Sep,30-Sep,1-Oct,2-Oct,26-Sep,27-Sep,28-Sep,29-Sep,30-Sep,1-Oct,2-Oct,0,0,7
Amravati,Amravati,Amravati,Amravati - 2,Nandgaon Khandeshwar,20030263,Dhanora Gurav & 8 Villages RRWS,Hiwra Murada,1089,2,0.00,0.00,1.21,0.00,1.26,0.22,1.00,0.00,0.00,110.75,0.00,115.95,20.39,91.47,26-Sep,27-Sep,28-Sep,29-Sep,30-Sep,1-Oct,2-Oct,26-Sep,27-Sep,28-Sep,29-Sep,30-Sep,1-Oct,2-Oct,3,4,3
Amravati,Akola,Akola,Akola,Akot_Telhara,20028420,Popatkhed 97 VRRWSS Tq. Akot & Telhara Dist. Akola,Popatkhed,295,4,0.00,0.32,1.22,0.51,0.01,1.63,0.41,0.00,109.16,413.21,172.53,4.61,553.05,139.07,26-Sep,27-Sep,28-Sep,29-Sep,30-Sep,1-Oct,2-Oct,26-Sep,27-Sep,28-Sep,29-Sep,30-Sep,1-Oct,2-Oct,1,2,5
Amravati,Amravati,Amravati,Amravati - 2,Nandgaon Khandeshwar,20030287,Takli & 4 Villages RRWS,Bopnemtaba,849,1,0.76,0.49,0.56,0.59,0.76,0.71,0.77,89.52,57.71,65.96,69.49,89.52,83.63,90.69,26-Sep,27-Sep,28-Sep,29-Sep,30-Sep,1-Oct,2-Oct,26-Sep,27-Sep,28-Sep,29-Sep,30-Sep,1-Oct,2-Oct,0,0,7
Amravati,Amravati,Amravati,Chandur Bazar,Morshi,20029439,Charghad 23 Villages RRWS Under Charghad Project,Ambada,10162,3,0.00,2.18,2.27,0.00,0.42,4.53,0.00,0.00,21.43,22.29,0.00,4.17,44.55,0.00,26-Sep,27-Sep,28-Sep,29-Sep,30-Sep,1-Oct,2-Oct,26-Sep,27-Sep,28-Sep,29-Sep,30-Sep,1-Oct,2-Oct,3,7,0
Amravati,Amravati,Amravati W.M,W.M.Amravati - 2,Chandur Bazar_Achalpur_Amravati_Bhatkuli,20003791,105 Villages RRWSS,Saur,3880,1,1.26,1.24,1.07,1.49,1.21,1.24,1.29,32.47,31.96,27.58,38.40,31.19,31.96,33.25,26-Sep,27-Sep,28-Sep,29-Sep,30-Sep,1-Oct,2-Oct,26-Sep,27-Sep,28-Sep,29-Sep,30-Sep,1-Oct,2-Oct,0,7,0
Amravati,Amravati,Amravati W.M,W.M.Amravati - 2,Chandur Bazar_Achalpur_Amravati_Bhatkuli,20003791,105 Villages RRWSS,Hatkhed,1221,2,0.63,0.60,0.69,0.69,0.53,0.65,0.65,51.60,49.14,56.51,56.51,43.41,53.24,53.24,26-Sep,27-Sep,28-Sep,29-Sep,30-Sep,1-Oct,2-Oct,26-Sep,27-Sep,28-Sep,29-Sep,30-Sep,1-Oct,2-Oct,0,5,2
Amravati,Amravati,Amravati,Chandur Bazar,Morshi,20029439,Charghad 23 Villages RRWS Under Charghad Project,Ashtoli,1078,1,3.49,3.09,3.41,3.45,3.74,3.57,3.26,323.48,287.08,316.08,320.12,346.60,331.15,302.78,26-Sep,27-Sep,28-Sep,29-Sep,30-Sep,1-Oct,2-Oct,26-Sep,27-Sep,28-Sep,29-Sep,30-Sep,1-Oct,2-Oct,0,0,7
Amravati,Akola,Akola,Akola,Telhara_Akola,20028565,"Akot 84 VRRWSS Tq. Akola, Akot & Telhara Dist. Akola",Ner,1646,1,0.06,0.12,0.00,0.00,0.00,0.00,0.06,3.65,7.29,0.00,0.00,0.00,0.00,3.65,26-Sep,27-Sep,28-Sep,29-Sep,30-Sep,1-Oct,2-Oct,26-Sep,27-Sep,28-Sep,29-Sep,30-Sep,1-Oct,2-Oct,4,7,0
Amravati,Amravati,Amravati,Achalpur,Achalpur_Chandur Bazar,7945938,83 Village RRWS Scheme MJP RR (C 39),Chachondi,36,1,0.00,0.00,0.00,0.00,0.00,0.00,0.00,0.00,0.00,0.00,0.00,0.00,0.00,0.00,26-Sep,27-Sep,28-Sep,29-Sep,30-Sep,1-Oct,2-Oct,26-Sep,27-Sep,28-Sep,29-Sep,30-Sep,1-Oct,2-Oct,7,7,0
Amravati,Akola,Buldhana,Deulgaon Raja,Buldana,20091206,Deulgaon Dhad & 5 Villages scheme,Chandol,10089,4,1.82,2.84,2.71,0.40,0.00,0.77,0.01,18.03,28.13,26.81,3.97,0.02,7.67,0.06,26-Sep,27-Sep,28-Sep,29-Sep,30-Sep,1-Oct,2-Oct,26-Sep,27-Sep,28-Sep,29-Sep,30-Sep,1-Oct,2-Oct,0,7,0
Amravati,Amravati,Amravati,Achalpur,Achalpur_Chandur Bazar,7945938,83 Village RRWS Scheme MJP RR (C 39),Kavitha Bk.,1129,2,2.33,0.46,1.01,0.84,2.21,2.72,2.47,206.38,40.74,89.46,74.40,195.75,240.92,219.15,26-Sep,27-Sep,28-Sep,29-Sep,30-Sep,1-Oct,2-Oct,26-Sep,27-Sep,28-Sep,29-Sep,30-Sep,1-Oct,2-Oct,0,1,6
Amravati,Amravati,Yavatmal,Pusad,Pusad,20028563,"Malpathar 28 Villages, (Reju.)",Nandura Ijara,1616,2,0.00,0.00,0.00,0.00,0.16,0.00,0.00,0.00,0.00,0.00,0.00,9.90,0.00,0.00,26-Sep,27-Sep,28-Sep,29-Sep,30-Sep,1-Oct,2-Oct,26-Sep,27-Sep,28-Sep,29-Sep,30-Sep,1-Oct,2-Oct,6,7,0
Amravati,Amravati,Amravati W.M,Daryapur,Anjangaon_Daryapur_Bhatkuli,20005043,156 Villages Strengthening scheme of 144 villages RR,Kalamgavhan,526,1,0.00,1.20,0.11,1.14,0.14,1.02,0.00,0.00,228.85,20.87,217.24,26.97,193.99,0.00,26-Sep,27-Sep,28-Sep,29-Sep,30-Sep,1-Oct,2-Oct,26-Sep,27-Sep,28-Sep,29-Sep,30-Sep,1-Oct,2-Oct,2,4,3
Amravati,Akola,Buldhana,Khamgaon,Nandura,4104783,Hingne Gavhad & 13 Villages RRWSS,Hingne Gawad,2139,1,0.11,0.26,0.00,0.43,0.66,0.51,0.05,5.37,12.22,0.00,20.16,30.85,23.71,2.34,26-Sep,27-Sep,28-Sep,29-Sep,30-Sep,1-Oct,2-Oct,26-Sep,27-Sep,28-Sep,29-Sep,30-Sep,1-Oct,2-Oct,1,7,0
Amravati,Akola,Akola,Akola,Telhara_Akola,20028565,"Akot 84 VRRWSS Tq. Akola, Akot & Telhara Dist. Akola",Patsul,972,1,0.07,0.00,2.90,0.02,0.00,0.05,2.88,7.20,0.00,298.35,2.06,0.00,5.14,296.30,26-Sep,27-Sep,28-Sep,29-Sep,30-Sep,1-Oct,2-Oct,26-Sep,27-Sep,28-Sep,29-Sep,30-Sep,1-Oct,2-Oct,2,5,2
Amravati,Akola,Buldhana,Buldhana,Motala,20027978,Dhamangaon Deshmukh & 9 Villages RRWSS,Bhangi Vasti,244,1,0.00,0.00,0.00,0.00,0.00,0.00,0.00,0.00,0.00,0.00,0.00,0.00,0.00,0.00,26-Sep,27-Sep,28-Sep,29-Sep,30-Sep,1-Oct,2-Oct,26-Sep,27-Sep,28-Sep,29-Sep,30-Sep,1-Oct,2-Oct,7,7,0
Amravati,Amravati,Amravati,Chandur Bazar,Morshi,20029439,Charghad 23 Villages RRWS Under Charghad Project,Chincholi Gavali,3444,4,1.54,1.29,1.61,1.39,1.41,1.37,1.31,44.60,37.44,46.89,40.48,40.93,39.66,37.91,26-Sep,27-Sep,28-Sep,29-Sep,30-Sep,1-Oct,2-Oct,26-Sep,27-Sep,28-Sep,29-Sep,30-Sep,1-Oct,2-Oct,0,7,0
Amravati,Akola,Akola,Akola,Telhara_Akola,20028565,"Akot 84 VRRWSS Tq. Akola, Akot & Telhara Dist. Akola",Khanpur,53,1,0.01,0.00,0.04,0.00,85.79,148.01,84.83,14.01,0.00,79.04,0.00,161872.15,279257.83,160059.19,26-Sep,27-Sep,28-Sep,29-Sep,30-Sep,1-Oct,2-Oct,26-Sep,27-Sep,28-Sep,29-Sep,30-Sep,1-Oct,2-Oct,2,3,4
Amravati,Akola,Akola,Murtizapur,Murtizapur,20028330,Langhapur 50 VRRWSS Tq. Murtizapur Dist. Akola,Nimba,541,1,0.00,0.00,0.00,0.00,0.00,0.00,0.00,0.00,0.00,0.00,0.00,0.00,0.00,0.00,26-Sep,27-Sep,28-Sep,29-Sep,30-Sep,1-Oct,2-Oct,26-Sep,27-Sep,28-Sep,29-Sep,30-Sep,1-Oct,2-Oct,7,7,0
Amravati,Amravati,Amravati,Amravati - 2,Nandgaon Khandeshwar,20030287,Takli & 4 Villages RRWS,Dahigaon,,1,29.72,14.42,16.58,14.97,34.87,17.37,36.12,0.00,0.00,0.00,0.00,0.00,0.00,0.00,26-Sep,27-Sep,28-Sep,29-Sep,30-Sep,1-Oct,2-Oct,26-Sep,27-Sep,28-Sep,29-Sep,30-Sep,1-Oct,2-Oct,7,7,0
Amravati,Amravati,Amravati,Achalpur,Achalpur_Chandur Bazar,7945938,83 Village RRWS Scheme MJP RR (C 39),Borgaon Talani,102,1,0.00,0.00,0.00,0.00,0.00,0.00,0.00,0.00,0.00,0.00,0.00,0.00,0.00,0.00,26-Sep,27-Sep,28-Sep,29-Sep,30-Sep,1-Oct,2-Oct,26-Sep,27-Sep,28-Sep,29-Sep,30-Sep,1-Oct,2-Oct,7,7,0
Amravati,Amravati,Amravati,Achalpur,Achalpur,20029998,Shahanur & 9 Villages RRWS,Kumbhi Wagholi,507,1,0.00,0.00,0.00,0.00,0.00,0.00,0.00,0.00,0.00,0.00,0.00,0.00,0.00,0.00,26-Sep,27-Sep,28-Sep,29-Sep,30-Sep,1-Oct,2-Oct,26-Sep,27-Sep,28-Sep,29-Sep,30-Sep,1-Oct,2-Oct,7,7,0
Amravati,Amravati,Amravati,Amravati - 2,Amravati,20029977,Bhankhed & 8 Village RRWSS,Pardi,1926,3,2.45,2.53,2.99,2.25,2.91,3.44,2.43,126.95,131.39,155.47,117.00,150.84,178.82,126.23,26-Sep,27-Sep,28-Sep,29-Sep,30-Sep,1-Oct,2-Oct,26-Sep,27-Sep,28-Sep,29-Sep,30-Sep,1-Oct,2-Oct,0,0,7
Amravati,Akola,Buldhana,Khamgaon,Nandura,4104783,Hingne Gavhad & 13 Villages RRWSS,Isarkhed,1022,2,0.00,0.00,0.00,0.00,0.00,0.00,0.00,0.03,0.02,0.01,0.01,0.00,0.03,0.00,26-Sep,27-Sep,28-Sep,29-Sep,30-Sep,1-Oct,2-Oct,26-Sep,27-Sep,28-Sep,29-Sep,30-Sep,1-Oct,2-Oct,2,7,0
Amravati,Akola,Buldhana,Buldhana,Motala,20028065,Pophali & 3 Villages RRWSS,Dhonkhed,970,2,0.00,0.42,0.22,0.18,0.21,0.50,0.37,0.00,43.30,22.68,18.56,21.65,51.55,38.14,26-Sep,27-Sep,28-Sep,29-Sep,30-Sep,1-Oct,2-Oct,26-Sep,27-Sep,28-Sep,29-Sep,30-Sep,1-Oct,2-Oct,1,7,0
Amravati,Akola,Buldhana,Khamgaon,Nandura,20028083,Wadali & 8 Villages RRWSS,Khatkhed,581,1,0.00,0.00,0.00,0.00,0.00,0.00,0.00,0.00,0.00,0.00,0.00,0.00,0.00,0.00,26-Sep,27-Sep,28-Sep,29-Sep,30-Sep,1-Oct,2-Oct,26-Sep,27-Sep,28-Sep,29-Sep,30-Sep,1-Oct,2-Oct,7,7,0
Amravati,Amravati,Amravati W.M,Daryapur,Anjangaon_Daryapur_Bhatkuli,20005043,156 Villages Strengthening scheme of 144 villages RR,Rajkhed,564,1,0.31,0.00,0.32,0.00,0.35,0.25,0.24,54.96,0.00,56.74,0.00,62.06,44.33,42.55,26-Sep,27-Sep,28-Sep,29-Sep,30-Sep,1-Oct,2-Oct,26-Sep,27-Sep,28-Sep,29-Sep,30-Sep,1-Oct,2-Oct,2,5,2
Amravati,Akola,Akola,Akola,Telhara_Akola,20028565,"Akot 84 VRRWSS Tq. Akola, Akot & Telhara Dist. Akola",Keliweli (New),3676,1,0.58,1.01,0.77,0.00,0.35,0.87,0.50,15.78,27.48,20.95,0.00,9.52,23.67,13.60,26-Sep,27-Sep,28-Sep,29-Sep,30-Sep,1-Oct,2-Oct,26-Sep,27-Sep,28-Sep,29-Sep,30-Sep,1-Oct,2-Oct,1,7,0
Amravati,Akola,Buldhana,Khamgaon,Khamgaon,20094753,Sambhapur & 4 Villages RRWSS,Umara,1514,1,0.00,0.00,0.00,0.00,0.00,0.00,0.00,0.00,0.00,0.00,0.00,0.00,0.00,0.00,26-Sep,27-Sep,28-Sep,29-Sep,30-Sep,1-Oct,2-Oct,26-Sep,27-Sep,28-Sep,29-Sep,30-Sep,1-Oct,2-Oct,7,7,0
Amravati,Amravati,Amravati,Chandur Bazar,Morshi,20029439,Charghad 23 Villages RRWS Under Charghad Project,Bhivkundi,1071,2,0.06,0.21,0.33,0.42,0.40,0.31,0.16,6.02,19.45,30.63,39.57,37.14,28.85,14.85,26-Sep,27-Sep,28-Sep,29-Sep,30-Sep,1-Oct,2-Oct,26-Sep,27-Sep,28-Sep,29-Sep,30-Sep,1-Oct,2-Oct,0,7,0
Amravati,Amravati,Amravati W.M,Daryapur,Anjangaon_Daryapur_Bhatkuli,20005043,156 Villages Strengthening scheme of 144 villages RR,Nawed,802,1,0.00,0.10,0.87,0.07,0.90,0.11,1.01,0.00,12.15,108.79,8.15,112.32,13.68,125.50,26-Sep,27-Sep,28-Sep,29-Sep,30-Sep,1-Oct,2-Oct,26-Sep,27-Sep,28-Sep,29-Sep,30-Sep,1-Oct,2-Oct,1,4,3
Amravati,Akola,Buldhana,Deulgaon Raja,Deulgaon Raja,20011134,Andhera & 9 Villages RRWSS,Waki Bk,1470,2,0.00,0.00,0.22,0.64,0.00,0.00,0.00,0.00,0.00,15.12,43.60,0.00,0.00,0.00,26-Sep,27-Sep,28-Sep,29-Sep,30-Sep,1-Oct,2-Oct,26-Sep,27-Sep,28-Sep,29-Sep,30-Sep,1-Oct,2-Oct,5,7,0
Amravati,Akola,Akola,Akola,Akola,20027951,Khambora 60 VRRWSS Tq. & Dist. Akola,Gondapur,178,2,0.00,0.00,11.42,41.19,0.00,0.13,0.00,0.00,0.00,6415.52,23143.24,0.00,74.93,0.00,26-Sep,27-Sep,28-Sep,29-Sep,30-Sep,1-Oct,2-Oct,26-Sep,27-Sep,28-Sep,29-Sep,30-Sep,1-Oct,2-Oct,4,4,3
Amravati,Amravati,Yavatmal,Pusad,Pusad,20028563,"Malpathar 28 Villages, (Reju.)",Berola Bk,3045,2,0.00,0.00,0.07,0.05,0.01,0.07,0.00,0.00,0.00,2.30,1.64,0.33,2.30,0.00,26-Sep,27-Sep,28-Sep,29-Sep,30-Sep,1-Oct,2-Oct,26-Sep,27-Sep,28-Sep,29-Sep,30-Sep,1-Oct,2-Oct,3,7,0
Amravati,Akola,Akola,Akola,Telhara_Akola,20028565,"Akot 84 VRRWSS Tq. Akola, Akot & Telhara Dist. Akola",Parala,1231,1,0.00,0.18,0.75,0.00,0.00,0.00,0.00,0.00,14.52,60.85,0.00,0.00,0.00,0.01,26-Sep,27-Sep,28-Sep,29-Sep,30-Sep,1-Oct,2-Oct,26-Sep,27-Sep,28-Sep,29-Sep,30-Sep,1-Oct,2-Oct,4,6,1
Amravati,Akola,Buldhana,Khamgaon,Nandura,4104783,Hingne Gavhad & 13 Villages RRWSS,Alampur,4257,2,0.00,0.00,0.00,0.00,0.00,0.00,0.00,0.00,0.00,0.00,0.00,0.00,0.00,0.00,26-Sep,27-Sep,28-Sep,29-Sep,30-Sep,1-Oct,2-Oct,26-Sep,27-Sep,28-Sep,29-Sep,30-Sep,1-Oct,2-Oct,7,7,0
Amravati,Akola,Akola,Akola,Barshitakali,20028235,Dhaba & 13 Villages RRWSS Tq.Barshitakali Dist.Akola,Januna,1827,2,0.61,0.00,0.00,0.23,0.48,0.75,0.50,33.13,0.00,0.00,12.53,26.38,40.93,27.54,26-Sep,27-Sep,28-Sep,29-Sep,30-Sep,1-Oct,2-Oct,26-Sep,27-Sep,28-Sep,29-Sep,30-Sep,1-Oct,2-Oct,2,7,0
Amravati,Akola,Buldhana,Khamgaon,Nandura,4104783,Hingne Gavhad & 13 Villages RRWSS,Palsoda,3112,2,0.48,0.44,0.46,0.56,1.11,0.47,0.00,15.36,14.11,14.80,18.06,35.54,15.04,0.00,26-Sep,27-Sep,28-Sep,29-Sep,30-Sep,1-Oct,2-Oct,26-Sep,27-Sep,28-Sep,29-Sep,30-Sep,1-Oct,2-Oct,1,7,0
Amravati,Akola,Buldhana,Deulgaon Raja,Deulgaon Raja,20011134,Andhera & 9 Villages RRWSS,Pimpri Andhare,2178,3,0.00,0.00,0.00,0.00,0.59,1.04,0.97,0.00,0.00,0.00,0.00,27.21,47.74,44.69,26-Sep,27-Sep,28-Sep,29-Sep,30-Sep,1-Oct,2-Oct,26-Sep,27-Sep,28-Sep,29-Sep,30-Sep,1-Oct,2-Oct,4,7,0
Amravati,Amravati,Amravati,Amravati - 2,Amravati,20029977,Bhankhed & 8 Village RRWSS,Udkhed,654,1,1.78,1.26,1.53,1.76,1.64,1.58,1.72,272.12,192.88,234.32,269.75,251.02,240.93,262.88,26-Sep,27-Sep,28-Sep,29-Sep,30-Sep,1-Oct,2-Oct,26-Sep,27-Sep,28-Sep,29-Sep,30-Sep,1-Oct,2-Oct,0,0,7
Amravati,Akola,Akola,Murtizapur,Murtizapur,20028270,"Lakhpuri 18 VRRWSS Tq. Murtizapur, Dist. Akola",Rasulpur,446,1,0.39,0.00,0.52,0.47,0.69,0.80,0.76,87.83,0.00,116.68,104.55,155.51,180.47,170.99,26-Sep,27-Sep,28-Sep,29-Sep,30-Sep,1-Oct,2-Oct,26-Sep,27-Sep,28-Sep,29-Sep,30-Sep,1-Oct,2-Oct,1,1,6
Amravati,Amravati,Amravati,Achalpur,Achalpur_Chandur Bazar,7945938,83 Village RRWS Scheme MJP RR (C 39),Bordi,335,1,10.39,15.13,9.89,12.26,11.58,13.73,11.03,3101.49,4516.42,2952.24,3659.70,3456.72,4098.51,3292.54,26-Sep,27-Sep,28-Sep,29-Sep,30-Sep,1-Oct,2-Oct,26-Sep,27-Sep,28-Sep,29-Sep,30-Sep,1-Oct,2-Oct,0,0,7
Amravati,Amravati,Amravati,Amravati - 2,Nandgaon Khandeshwar,20030263,Dhanora Gurav & 8 Villages RRWS,Palas Mandal,1353,2,0.00,0.00,0.00,0.00,0.00,0.00,0.00,0.00,0.00,0.00,0.00,0.00,0.00,0.00,26-Sep,27-Sep,28-Sep,29-Sep,30-Sep,1-Oct,2-Oct,26-Sep,27-Sep,28-Sep,29-Sep,30-Sep,1-Oct,2-Oct,7,7,0
Amravati,Amravati,Amravati,Achalpur,Achalpur_Chandur Bazar,7945938,83 Village RRWS Scheme MJP RR (C 39),Kharpi,591,1,4.74,5.54,4.63,5.08,5.72,5.87,5.14,802.03,937.39,783.42,859.56,967.85,993.23,869.71,26-Sep,27-Sep,28-Sep,29-Sep,30-Sep,1-Oct,2-Oct,26-Sep,27-Sep,28-Sep,29-Sep,30-Sep,1-Oct,2-Oct,0,0,7
Amravati,Akola,Akola,Akola,Telhara_Akola,20028565,"Akot 84 VRRWSS Tq. Akola, Akot & Telhara Dist. Akola",Khaparwadi Kh.,229,1,22.30,48.46,13.00,7.46,25.67,2.88,5.83,9737.99,21159.97,5676.27,3257.64,11210.77,1257.64,2545.85,26-Sep,27-Sep,28-Sep,29-Sep,30-Sep,1-Oct,2-Oct,26-Sep,27-Sep,28-Sep,29-Sep,30-Sep,1-Oct,2-Oct,0,0,7
Amravati,Akola,Akola,Akola,Telhara_Akola,20028565,"Akot 84 VRRWSS Tq. Akola, Akot & Telhara Dist. Akola",Keliweli (Old),3676,1,0.39,0.00,0.00,1.04,2.40,0.33,0.86,10.63,0.00,0.00,28.29,65.37,8.98,23.31,26-Sep,27-Sep,28-Sep,29-Sep,30-Sep,1-Oct,2-Oct,26-Sep,27-Sep,28-Sep,29-Sep,30-Sep,1-Oct,2-Oct,2,6,1
Amravati,Akola,Akola,Akola,Telhara_Akola,20028565,"Akot 84 VRRWSS Tq. Akola, Akot & Telhara Dist. Akola",Lotkhed,1143,2,0.00,0.00,0.00,1.73,5.28,0.00,0.03,0.00,0.00,0.00,151.36,461.94,0.00,2.62,26-Sep,27-Sep,28-Sep,29-Sep,30-Sep,1-Oct,2-Oct,26-Sep,27-Sep,28-Sep,29-Sep,30-Sep,1-Oct,2-Oct,4,5,2
Amravati,Akola,Buldhana,Buldhana,Motala,20027978,Dhamangaon Deshmukh & 9 Villages RRWSS,Nimkhedi,850,1,0.00,0.00,0.00,0.00,0.00,0.00,0.00,0.00,0.00,0.00,0.00,0.00,0.00,0.00,26-Sep,27-Sep,28-Sep,29-Sep,30-Sep,1-Oct,2-Oct,26-Sep,27-Sep,28-Sep,29-Sep,30-Sep,1-Oct,2-Oct,7,7,0
Amravati,Amravati,Amravati W.M,W.M.Amravati - 2,Chandur Bazar_Achalpur_Amravati_Bhatkuli,20003791,105 Villages RRWSS,Takarkheda,1961,1,0.00,0.00,0.00,0.00,0.00,0.00,0.00,0.00,0.00,0.00,0.00,0.00,0.00,0.00,26-Sep,27-Sep,28-Sep,29-Sep,30-Sep,1-Oct,2-Oct,26-Sep,27-Sep,28-Sep,29-Sep,30-Sep,1-Oct,2-Oct,7,7,0
Amravati,Akola,Buldhana,Khamgaon,Shegaon,20013865,Chincholi & 30 Villages RRWSS,Morgaon Digras,1110,1,0.80,0.67,0.64,0.75,0.69,0.72,0.89,71.88,60.47,58.04,67.75,61.89,64.67,79.98,26-Sep,27-Sep,28-Sep,29-Sep,30-Sep,1-Oct,2-Oct,26-Sep,27-Sep,28-Sep,29-Sep,30-Sep,1-Oct,2-Oct,0,0,7
Amravati,Akola,Akola,Murtizapur,Murtizapur,20028330,Langhapur 50 VRRWSS Tq. Murtizapur Dist. Akola,Borta,303,2,0.00,0.20,0.64,0.00,0.24,0.74,0.00,0.00,66.30,211.71,0.00,77.77,243.78,0.00,26-Sep,27-Sep,28-Sep,29-Sep,30-Sep,1-Oct,2-Oct,26-Sep,27-Sep,28-Sep,29-Sep,30-Sep,1-Oct,2-Oct,3,3,4
Amravati,Akola,Akola,Akola,Telhara_Akola,20028565,"Akot 84 VRRWSS Tq. Akola, Akot & Telhara Dist. Akola",Takli Kh.,1728,4,0.82,2.01,1.04,0.93,1.29,0.63,1.25,47.45,116.10,60.19,53.82,74.65,36.46,72.34,26-Sep,27-Sep,28-Sep,29-Sep,30-Sep,1-Oct,2-Oct,26-Sep,27-Sep,28-Sep,29-Sep,30-Sep,1-Oct,2-Oct,0,3,4
Amravati,Akola,Akola,Akola,Barshitakali,20028246,Kanheri & 10 Villages RRWSS Tq. Barshitakli. Dist.Akola,Sarav,1206,2,1.18,0.98,1.17,1.02,1.50,0.99,1.52,97.81,81.19,96.65,84.65,124.28,82.06,126.26,26-Sep,27-Sep,28-Sep,29-Sep,30-Sep,1-Oct,2-Oct,26-Sep,27-Sep,28-Sep,29-Sep,30-Sep,1-Oct,2-Oct,0,0,7
Amravati,Amravati,Yavatmal,Pusad,Pusad,20028563,"Malpathar 28 Villages, (Reju.)",Panhala,1476,2,0.00,0.00,0.00,0.00,0.00,0.00,0.00,0.00,0.00,0.00,0.00,0.00,0.00,0.00,26-Sep,27-Sep,28-Sep,29-Sep,30-Sep,1-Oct,2-Oct,26-Sep,27-Sep,28-Sep,29-Sep,30-Sep,1-Oct,2-Oct,7,7,0
Amravati,Amravati,Amravati,Amravati - 2,Chandur Rly,20030227,Chirodi & 4 Villages RRWS,Pathargaon,879,2,1.70,0.00,1.89,0.32,0.78,1.94,0.11,193.69,0.00,214.80,36.21,88.75,220.58,13.05,26-Sep,27-Sep,28-Sep,29-Sep,30-Sep,1-Oct,2-Oct,26-Sep,27-Sep,28-Sep,29-Sep,30-Sep,1-Oct,2-Oct,1,3,4
Amravati,Amravati,Amravati W.M,W.M.Amravati - 2,Chandur Bazar_Achalpur_Amravati_Bhatkuli,20003791,105 Villages RRWSS,Wathoda,2563,2,0.42,2.90,2.67,2.15,0.26,1.62,1.99,16.39,113.15,104.17,83.89,10.14,63.21,77.64,26-Sep,27-Sep,28-Sep,29-Sep,30-Sep,1-Oct,2-Oct,26-Sep,27-Sep,28-Sep,29-Sep,30-Sep,1-Oct,2-Oct,0,2,5
Amravati,Amravati,Yavatmal,Pusad,Pusad,20028563,"Malpathar 28 Villages, (Reju.)",Mop,1576,2,0.00,0.00,0.00,0.00,0.00,0.00,0.00,0.00,0.00,0.00,0.00,0.00,0.00,0.00,26-Sep,27-Sep,28-Sep,29-Sep,30-Sep,1-Oct,2-Oct,26-Sep,27-Sep,28-Sep,29-Sep,30-Sep,1-Oct,2-Oct,7,7,0
Amravati,Amravati,Yavatmal,Pusad,Pusad,20028563,"Malpathar 28 Villages, (Reju.)",Vasantwadi,1599,2,0.00,0.00,0.00,0.00,18.44,32.26,8.13,0.00,0.00,0.00,0.00,1153.22,2017.51,508.44,26-Sep,27-Sep,28-Sep,29-Sep,30-Sep,1-Oct,2-Oct,26-Sep,27-Sep,28-Sep,29-Sep,30-Sep,1-Oct,2-Oct,4,4,3
Amravati,Akola,Buldhana,Khamgaon,Nandura,20028083,Wadali & 8 Villages RRWSS,Wadali,1192,2,0.00,0.00,0.00,0.00,0.00,0.00,0.00,0.00,0.00,0.00,0.00,0.00,0.00,0.00,26-Sep,27-Sep,28-Sep,29-Sep,30-Sep,1-Oct,2-Oct,26-Sep,27-Sep,28-Sep,29-Sep,30-Sep,1-Oct,2-Oct,7,7,0
Amravati,Akola,Akola,Akola,Akot_Telhara,20028420,Popatkhed 97 VRRWSS Tq. Akot & Telhara Dist. Akola,Bambarda Bk.,991,1,0.21,0.06,0.44,0.52,0.37,17.23,1.49,21.19,6.05,44.40,52.47,37.34,1738.65,150.35,26-Sep,27-Sep,28-Sep,29-Sep,30-Sep,1-Oct,2-Oct,26-Sep,27-Sep,28-Sep,29-Sep,30-Sep,1-Oct,2-Oct,0,5,2
Amravati,Amravati,Amravati,Amravati - 2,Nandgaon Khandeshwar,20030263,Dhanora Gurav & 8 Villages RRWS,Dharmapur,809,1,0.02,0.00,0.00,0.00,0.00,0.01,0.00,1.97,0.00,0.27,0.00,0.23,0.80,0.01,26-Sep,27-Sep,28-Sep,29-Sep,30-Sep,1-Oct,2-Oct,26-Sep,27-Sep,28-Sep,29-Sep,30-Sep,1-Oct,2-Oct,2,7,0
Amravati,Amravati,Amravati W.M,W.M.Amravati - 2,Chandur Bazar_Achalpur_Amravati_Bhatkuli,20003791,105 Villages RRWSS,Hiwara,689,1,8.83,10.92,8.51,11.19,8.11,12.47,7.71,1281.57,1584.91,1235.12,1624.09,1177.07,1809.87,1119.01,26-Sep,27-Sep,28-Sep,29-Sep,30-Sep,1-Oct,2-Oct,26-Sep,27-Sep,28-Sep,29-Sep,30-Sep,1-Oct,2-Oct,0,0,7
Amravati,Akola,Akola,Akola,Akot_Telhara,20028420,Popatkhed 97 VRRWSS Tq. Akot & Telhara Dist. Akola,Umara,310,2,2.54,2.87,3.45,3.41,3.64,3.30,3.49,820.79,926.34,1113.50,1101.07,1173.77,1063.75,1125.29,26-Sep,27-Sep,28-Sep,29-Sep,30-Sep,1-Oct,2-Oct,26-Sep,27-Sep,28-Sep,29-Sep,30-Sep,1-Oct,2-Oct,0,0,7
Amravati,Akola,Buldhana,Buldhana,Buldhana,20094594,Hatedi & 5 Villages RRWSS,Hatedi Kh.,1198,1,0.60,0.38,0.38,0.38,0.38,0.53,0.31,50.26,31.86,31.89,31.78,31.86,43.84,25.58,26-Sep,27-Sep,28-Sep,29-Sep,30-Sep,1-Oct,2-Oct,26-Sep,27-Sep,28-Sep,29-Sep,30-Sep,1-Oct,2-Oct,0,7,0
Amravati,Akola,Akola,Akola,Telhara_Akola,20028565,"Akot 84 VRRWSS Tq. Akola, Akot & Telhara Dist. Akola",Kutasa,5446,2,8.67,0.29,4.13,0.00,0.00,0.00,0.00,159.20,5.33,75.84,0.00,0.00,0.00,0.00,26-Sep,27-Sep,28-Sep,29-Sep,30-Sep,1-Oct,2-Oct,26-Sep,27-Sep,28-Sep,29-Sep,30-Sep,1-Oct,2-Oct,4,5,2
Amravati,Amravati,Amravati,Amravati - 2,Nandgaon Khandeshwar,20029922,Chandsura & 9 Villages RRWS,Sarsi,1363,2,0.28,0.29,0.31,0.19,0.55,0.49,0.68,20.89,20.98,22.55,14.09,40.68,35.93,49.76,26-Sep,27-Sep,28-Sep,29-Sep,30-Sep,1-Oct,2-Oct,26-Sep,27-Sep,28-Sep,29-Sep,30-Sep,1-Oct,2-Oct,0,7,0
Amravati,Amravati,Amravati W.M,W.M.Amravati - 2,Chandur Bazar_Achalpur_Amravati_Bhatkuli,20003791,105 Villages RRWSS,Chakur,418,1,3.10,4.38,0.00,6.45,3.92,0.00,4.45,741.63,1047.85,0.00,1543.06,937.80,0.00,1064.59,26-Sep,27-Sep,28-Sep,29-Sep,30-Sep,1-Oct,2-Oct,26-Sep,27-Sep,28-Sep,29-Sep,30-Sep,1-Oct,2-Oct,2,2,5
Amravati,Amravati,Amravati,Achalpur,Achalpur,20028532,"24 Villages RRWSS, Ta. Achalpur",Rawalgaon,445,2,,,,,,1375919716453460000000000000000000000.00,0.00,,,,,,309195441899653000000000000000000000000.00,0.00,26-Sep,27-Sep,28-Sep,29-Sep,30-Sep,1-Oct,2-Oct,26-Sep,27-Sep,28-Sep,29-Sep,30-Sep,1-Oct,2-Oct,1,1,1
Amravati,Amravati,Amravati W.M,W.M.Amravati - 2,Chandur Bazar_Achalpur_Amravati_Bhatkuli,20003791,105 Villages RRWSS,Jalaka,1577,1,0.82,0.59,0.62,0.81,0.70,0.55,0.49,52.00,37.41,39.32,51.36,44.39,34.88,31.07,26-Sep,27-Sep,28-Sep,29-Sep,30-Sep,1-Oct,2-Oct,26-Sep,27-Sep,28-Sep,29-Sep,30-Sep,1-Oct,2-Oct,0,7,0
Amravati,Amravati,Amravati,Achalpur,Achalpur_Chandur Bazar,7945938,83 Village RRWS Scheme MJP RR (C 39),Khel Sakharam (Kurha),119,1,2.16,11.64,29.67,2.45,8.99,15.33,16.27,1815.13,9784.17,24933.89,2062.18,7554.62,12884.87,13671.43,26-Sep,27-Sep,28-Sep,29-Sep,30-Sep,1-Oct,2-Oct,26-Sep,27-Sep,28-Sep,29-Sep,30-Sep,1-Oct,2-Oct,0,0,7
Amravati,Amravati,Amravati,Amravati - 2,Nandgaon Khandeshwar,20030263,Dhanora Gurav & 8 Villages RRWS,Dhanora Gurav,1796,2,0.00,0.00,0.00,0.00,0.00,0.00,0.00,0.00,0.00,0.00,0.00,0.00,0.00,0.00,26-Sep,27-Sep,28-Sep,29-Sep,30-Sep,1-Oct,2-Oct,26-Sep,27-Sep,28-Sep,29-Sep,30-Sep,1-Oct,2-Oct,7,7,0
Amravati,Akola,Akola,Akola,Telhara_Akola,20028565,"Akot 84 VRRWSS Tq. Akola, Akot & Telhara Dist. Akola",Palsod,2116,2,0.38,0.15,0.00,88041.61,0.01,0.27,0.00,17.88,7.11,0.00,4160756.76,0.44,12.86,0.00,26-Sep,27-Sep,28-Sep,29-Sep,30-Sep,1-Oct,2-Oct,26-Sep,27-Sep,28-Sep,29-Sep,30-Sep,1-Oct,2-Oct,2,6,1
Amravati,Akola,Akola,Akola,Akola,20027951,Khambora 60 VRRWSS Tq. & Dist. Akola,Kapileshwar,801,1,2.44,1.39,3.77,2.26,2.57,3.30,2.71,304.50,173.10,470.70,281.97,321.03,412.48,338.74,26-Sep,27-Sep,28-Sep,29-Sep,30-Sep,1-Oct,2-Oct,26-Sep,27-Sep,28-Sep,29-Sep,30-Sep,1-Oct,2-Oct,0,0,7
Amravati,Amravati,Amravati W.M,W.M.Amravati - 2,Chandur Bazar_Achalpur_Amravati_Bhatkuli,20003791,105 Villages RRWSS,Selora,1555,1,0.98,0.84,0.90,0.70,0.98,0.83,0.84,63.02,54.02,57.88,45.02,63.02,53.38,54.02,26-Sep,27-Sep,28-Sep,29-Sep,30-Sep,1-Oct,2-Oct,26-Sep,27-Sep,28-Sep,29-Sep,30-Sep,1-Oct,2-Oct,0,4,3
Amravati,Amravati,Amravati,Amravati - 2,Amravati_Morshi_Tiwasa,20017838,Nandgaon Peth & 32 Villages,Takli Jahangir,1954,2,2.41,2.36,2.45,2.41,2.43,2.52,2.48,123.15,120.73,125.25,123.27,124.11,128.82,126.87,26-Sep,27-Sep,28-Sep,29-Sep,30-Sep,1-Oct,2-Oct,26-Sep,27-Sep,28-Sep,29-Sep,30-Sep,1-Oct,2-Oct,0,0,7
Amravati,Akola,Buldhana,Khamgaon,Nandura,20028083,Wadali & 8 Villages RRWSS,Wasadi,792,2,0.00,0.00,0.00,0.00,0.00,0.00,0.00,0.00,0.00,0.00,0.00,0.00,0.00,0.00,26-Sep,27-Sep,28-Sep,29-Sep,30-Sep,1-Oct,2-Oct,26-Sep,27-Sep,28-Sep,29-Sep,30-Sep,1-Oct,2-Oct,7,7,0
Amravati,Akola,Akola,Akola,Balapur_Akola,20028254,Balapur 69 VRRWSS Tq. Balapur Dist. Akola,Kalamba Mahagaon,1076,3,0.62,0.26,0.02,0.66,0.76,0.65,0.77,57.81,24.56,2.06,61.03,70.89,60.75,71.38,26-Sep,27-Sep,28-Sep,29-Sep,30-Sep,1-Oct,2-Oct,26-Sep,27-Sep,28-Sep,29-Sep,30-Sep,1-Oct,2-Oct,0,2,5
Amravati,Amravati,Amravati W.M,W.M.Amravati - 2,Chandur Bazar_Achalpur_Amravati_Bhatkuli,20003791,105 Villages RRWSS,Yelki,1086,2,41.21,26.90,40.27,27.84,40.60,32.37,41.78,3794.48,2476.80,3708.52,2563.41,3738.77,2980.54,3846.78,26-Sep,27-Sep,28-Sep,29-Sep,30-Sep,1-Oct,2-Oct,26-Sep,27-Sep,28-Sep,29-Sep,30-Sep,1-Oct,2-Oct,0,0,7
Amravati,Akola,Akola,Murtizapur,Murtizapur,20028308,Pinjar & 2 VRRWSS Tq.Barshitakali Dist.Akola,Pinjar,9112,3,3.20,2.28,1.70,0.02,0.01,0.03,4.78,35.12,24.99,18.69,0.18,0.15,0.33,52.48,26-Sep,27-Sep,28-Sep,29-Sep,30-Sep,1-Oct,2-Oct,26-Sep,27-Sep,28-Sep,29-Sep,30-Sep,1-Oct,2-Oct,0,7,0
Amravati,Akola,Akola,Akola,Akola,20027951,Khambora 60 VRRWSS Tq. & Dist. Akola,Apoti Bk.,719,1,1.56,3.74,2.02,0.00,0.00,0.00,0.00,217.11,520.58,280.42,0.00,0.00,0.00,0.00,26-Sep,27-Sep,28-Sep,29-Sep,30-Sep,1-Oct,2-Oct,26-Sep,27-Sep,28-Sep,29-Sep,30-Sep,1-Oct,2-Oct,4,4,3
Amravati,Amravati,Amravati,Achalpur,Achalpur,20029998,Shahanur & 9 Villages RRWS,Waghdoh,783,2,1.18,1.16,0.00,1.11,1.19,1.19,1.97,150.79,147.52,0.00,142.24,152.07,151.56,251.25,26-Sep,27-Sep,28-Sep,29-Sep,30-Sep,1-Oct,2-Oct,26-Sep,27-Sep,28-Sep,29-Sep,30-Sep,1-Oct,2-Oct,1,1,6
Amravati,Amravati,Amravati W.M,W.M.Amravati - 2,Chandur Bazar_Achalpur_Amravati_Bhatkuli,20003791,105 Villages RRWSS,Lasanapur,0,1,1.70,1.59,1.25,1.16,1.65,1.47,1.50,0.00,0.00,0.00,0.00,0.00,0.00,0.00,26-Sep,27-Sep,28-Sep,29-Sep,30-Sep,1-Oct,2-Oct,26-Sep,27-Sep,28-Sep,29-Sep,30-Sep,1-Oct,2-Oct,7,7,0
Amravati,Akola,Akola,Akola,Akot_Telhara,20028420,Popatkhed 97 VRRWSS Tq. Akot & Telhara Dist. Akola,Diwthana,882,2,0.00,0.00,0.00,0.00,0.00,0.00,0.00,0.00,0.00,0.00,0.00,0.00,0.00,0.00,26-Sep,27-Sep,28-Sep,29-Sep,30-Sep,1-Oct,2-Oct,26-Sep,27-Sep,28-Sep,29-Sep,30-Sep,1-Oct,2-Oct,7,7,0
Amravati,Akola,Buldhana,Buldhana,Motala,20028065,Pophali & 3 Villages RRWSS,Chawarda,1202,1,12.12,3.20,0.00,0.00,9.15,3.21,0.00,1008.32,266.22,0.00,0.00,761.23,267.05,0.00,26-Sep,27-Sep,28-Sep,29-Sep,30-Sep,1-Oct,2-Oct,26-Sep,27-Sep,28-Sep,29-Sep,30-Sep,1-Oct,2-Oct,3,3,4
Amravati,Amravati,Amravati W.M,W.M.Amravati - 2,Chandur Bazar_Achalpur_Amravati_Bhatkuli,20003791,105 Villages RRWSS,Waigaon,1824,2,0.00,0.00,0.00,0.00,0.00,0.00,0.00,0.00,0.00,0.00,0.00,0.00,0.00,0.00,26-Sep,27-Sep,28-Sep,29-Sep,30-Sep,1-Oct,2-Oct,26-Sep,27-Sep,28-Sep,29-Sep,30-Sep,1-Oct,2-Oct,7,7,0
Amravati,Akola,Akola,Akola,Telhara_Akola,20028565,"Akot 84 VRRWSS Tq. Akola, Akot & Telhara Dist. Akola",Pimpari Dikkar,522,1,1.31,0.00,0.00,0.00,1.17,0.00,0.00,250.96,0.00,0.00,0.00,224.14,0.00,0.00,26-Sep,27-Sep,28-Sep,29-Sep,30-Sep,1-Oct,2-Oct,26-Sep,27-Sep,28-Sep,29-Sep,30-Sep,1-Oct,2-Oct,5,5,2
Amravati,Amravati,Amravati,Amravati - 2,Nandgaon Khandeshwar,20030120,Papal & 5 Villages RRWS,Papal,3628,2,0.00,0.00,0.00,0.00,0.00,0.00,0.00,0.00,0.00,0.00,0.00,0.00,0.00,0.00,26-Sep,27-Sep,28-Sep,29-Sep,30-Sep,1-Oct,2-Oct,26-Sep,27-Sep,28-Sep,29-Sep,30-Sep,1-Oct,2-Oct,7,7,0
Amravati,Amravati,Amravati W.M,W.M.Amravati - 2,Chandur Bazar_Achalpur_Amravati_Bhatkuli,20003791,105 Villages RRWSS,Pusda,5512,3,0.92,0.92,0.84,0.57,0.72,0.75,0.57,16.69,16.69,15.24,10.34,13.06,13.61,10.34,26-Sep,27-Sep,28-Sep,29-Sep,30-Sep,1-Oct,2-Oct,26-Sep,27-Sep,28-Sep,29-Sep,30-Sep,1-Oct,2-Oct,0,7,0
Amravati,Akola,Buldhana,Buldhana,Motala,20028065,Pophali & 3 Villages RRWSS,Pophali,2833,2,2.68,2.19,1.37,2.92,2.15,2.73,3.02,94.50,77.18,48.35,102.97,75.79,96.45,106.49,26-Sep,27-Sep,28-Sep,29-Sep,30-Sep,1-Oct,2-Oct,26-Sep,27-Sep,28-Sep,29-Sep,30-Sep,1-Oct,2-Oct,0,1,6
Amravati,Amravati,Amravati W.M,W.M.Amravati - 2,Chandur Bazar_Achalpur_Amravati_Bhatkuli,20003791,105 Villages RRWSS,Khumagad,608,1,0.00,0.68,0.00,0.79,0.00,1.03,0.00,0.00,111.84,0.00,129.93,0.00,169.41,0.00,26-Sep,27-Sep,28-Sep,29-Sep,30-Sep,1-Oct,2-Oct,26-Sep,27-Sep,28-Sep,29-Sep,30-Sep,1-Oct,2-Oct,4,4,3
Amravati,Akola,Akola,Akola,Barshitakali,20028246,Kanheri & 10 Villages RRWSS Tq. Barshitakli. Dist.Akola,Yeranda,1932,2,1.52,0.84,0.75,1.61,1.15,0.66,1.38,78.67,43.33,38.57,83.27,59.52,34.42,71.60,26-Sep,27-Sep,28-Sep,29-Sep,30-Sep,1-Oct,2-Oct,26-Sep,27-Sep,28-Sep,29-Sep,30-Sep,1-Oct,2-Oct,0,3,4
Amravati,Amravati,Amravati W.M,Daryapur,Anjangaon_Daryapur_Bhatkuli,20005043,156 Villages Strengthening scheme of 144 villages RR,Elichpur,344,1,0.00,0.00,0.00,0.00,0.00,0.00,0.00,0.00,0.00,0.00,0.00,0.00,0.00,0.00,26-Sep,27-Sep,28-Sep,29-Sep,30-Sep,1-Oct,2-Oct,26-Sep,27-Sep,28-Sep,29-Sep,30-Sep,1-Oct,2-Oct,7,7,0
Amravati,Amravati,Amravati,Achalpur,Achalpur,20028532,"24 Villages RRWSS, Ta. Achalpur",Isapur,116,2,1.26,1.12,1.06,1.03,1.34,0.72,1.19,1090.18,964.44,910.32,888.98,1153.83,617.23,1025.52,26-Sep,27-Sep,28-Sep,29-Sep,30-Sep,1-Oct,2-Oct,26-Sep,27-Sep,28-Sep,29-Sep,30-Sep,1-Oct,2-Oct,0,0,7
Amravati,Akola,Buldhana,Buldhana,Buldhana,20021406,Padali & 5 Villages RRWSS,Palaskhed Nago,712,1,0.00,0.42,0.00,0.49,0.00,0.09,0.00,0.00,58.99,0.00,68.82,0.00,12.64,0.00,26-Sep,27-Sep,28-Sep,29-Sep,30-Sep,1-Oct,2-Oct,26-Sep,27-Sep,28-Sep,29-Sep,30-Sep,1-Oct,2-Oct,4,5,2
Amravati,Akola,Akola,Akola,Akot_Telhara,20028420,Popatkhed 97 VRRWSS Tq. Akot & Telhara Dist. Akola,Machanpur,1124,2,0.39,0.12,0.43,0.27,0.19,0.24,0.44,34.55,10.67,38.20,23.68,17.19,21.56,39.39,26-Sep,27-Sep,28-Sep,29-Sep,30-Sep,1-Oct,2-Oct,26-Sep,27-Sep,28-Sep,29-Sep,30-Sep,1-Oct,2-Oct,0,7,0
Amravati,Amravati,Amravati,Achalpur,Achalpur_Chandur Bazar,7945938,83 Village RRWS Scheme MJP RR (C 39),Kumbhi,612,2,0.42,1.71,0.47,1.27,1.62,1.62,1.87,69.37,279.41,76.22,206.86,264.71,264.71,305.56,26-Sep,27-Sep,28-Sep,29-Sep,30-Sep,1-Oct,2-Oct,26-Sep,27-Sep,28-Sep,29-Sep,30-Sep,1-Oct,2-Oct,0,0,7
Amravati,Amravati,Amravati,Amravati - 2,Nandgaon Khandeshwar,20030120,Papal & 5 Villages RRWS,Tighora,433,1,0.00,0.00,0.00,0.00,0.00,0.00,0.00,0.00,0.00,0.00,0.00,0.00,0.00,0.00,26-Sep,27-Sep,28-Sep,29-Sep,30-Sep,1-Oct,2-Oct,26-Sep,27-Sep,28-Sep,29-Sep,30-Sep,1-Oct,2-Oct,7,7,0
Amravati,Akola,Buldhana,Deulgaon Raja,Deulgaon Raja,20011134,Andhera & 9 Villages RRWSS,Mendgaon,2015,2,3.85,2.32,2.68,3.53,4.23,2.11,0.00,191.03,115.26,133.11,175.40,210.01,104.76,0.00,26-Sep,27-Sep,28-Sep,29-Sep,30-Sep,1-Oct,2-Oct,26-Sep,27-Sep,28-Sep,29-Sep,30-Sep,1-Oct,2-Oct,1,1,6
Amravati,Amravati,Amravati,Amravati - 2,Amravati_Morshi_Tiwasa,20017838,Nandgaon Peth & 32 Villages,Yawali Shahid,4590,1,6.01,2.74,5.43,2.77,5.42,2.15,5.66,130.93,59.70,118.31,60.28,118.04,46.83,123.30,26-Sep,27-Sep,28-Sep,29-Sep,30-Sep,1-Oct,2-Oct,26-Sep,27-Sep,28-Sep,29-Sep,30-Sep,1-Oct,2-Oct,0,1,6
Amravati,Amravati,Amravati W.M,W.M.Amravati - 2,Chandur Bazar_Achalpur_Amravati_Bhatkuli,20003791,105 Villages RRWSS,Zanji,175,2,1.06,1.10,1.46,1.40,1.60,1.13,1.99,605.71,628.57,834.29,800.00,914.29,645.71,1137.14,26-Sep,27-Sep,28-Sep,29-Sep,30-Sep,1-Oct,2-Oct,26-Sep,27-Sep,28-Sep,29-Sep,30-Sep,1-Oct,2-Oct,0,0,7
Amravati,Amravati,Amravati,Achalpur,Achalpur_Chandur Bazar,7945938,83 Village RRWS Scheme MJP RR (C 39),Belaj,369,2,0.00,0.00,0.00,0.00,0.00,0.00,0.00,0.00,0.00,0.00,0.00,0.00,0.00,0.00,26-Sep,27-Sep,28-Sep,29-Sep,30-Sep,1-Oct,2-Oct,26-Sep,27-Sep,28-Sep,29-Sep,30-Sep,1-Oct,2-Oct,7,7,0
Amravati,Amravati,Amravati,Amravati - 2,Amravati,20029977,Bhankhed & 8 Village RRWSS,Bhankheda Kh.,1456,2,0.89,0.46,0.76,0.25,0.73,0.00,1.05,61.35,31.62,52.25,17.38,50.44,0.00,72.21,26-Sep,27-Sep,28-Sep,29-Sep,30-Sep,1-Oct,2-Oct,26-Sep,27-Sep,28-Sep,29-Sep,30-Sep,1-Oct,2-Oct,1,5,2
Amravati,Amravati,Yavatmal,Pusad,Pusad,20028563,"Malpathar 28 Villages, (Reju.)",Hanvantkheda,1783,2,0.00,0.00,0.00,2.27,0.83,0.00,2.46,0.00,0.00,0.00,127.31,46.35,0.00,137.97,26-Sep,27-Sep,28-Sep,29-Sep,30-Sep,1-Oct,2-Oct,26-Sep,27-Sep,28-Sep,29-Sep,30-Sep,1-Oct,2-Oct,4,5,2
Amravati,Amravati,Amravati W.M,W.M.Amravati - 2,Chandur Bazar_Achalpur_Amravati_Bhatkuli,20003791,105 Villages RRWSS,Dautpur -Kanfodi,353,1,0.73,0.54,0.24,0.46,0.51,0.46,0.55,206.80,152.97,67.99,130.31,144.48,130.31,155.81,26-Sep,27-Sep,28-Sep,29-Sep,30-Sep,1-Oct,2-Oct,26-Sep,27-Sep,28-Sep,29-Sep,30-Sep,1-Oct,2-Oct,0,0,7
Amravati,Amravati,Amravati W.M,W.M.Amravati - 2,Chandur Bazar_Achalpur_Amravati_Bhatkuli,20003791,105 Villages RRWSS,Nirul,1528,4,1.63,1.51,1.60,1.54,1.56,1.67,1.63,106.68,98.82,104.71,100.79,102.09,109.42,106.68,26-Sep,27-Sep,28-Sep,29-Sep,30-Sep,1-Oct,2-Oct,26-Sep,27-Sep,28-Sep,29-Sep,30-Sep,1-Oct,2-Oct,0,0,7
Amravati,Akola,Akola,Akola,Telhara_Akola,20028565,"Akot 84 VRRWSS Tq. Akola, Akot & Telhara Dist. Akola",Taroda,755,1,0.00,0.00,0.00,0.00,0.00,0.00,0.00,0.00,0.00,0.00,0.00,0.00,0.00,0.00,26-Sep,27-Sep,28-Sep,29-Sep,30-Sep,1-Oct,2-Oct,26-Sep,27-Sep,28-Sep,29-Sep,30-Sep,1-Oct,2-Oct,7,7,0
Amravati,Amravati,Amravati,Achalpur,Achalpur_Chandur Bazar,7945938,83 Village RRWS Scheme MJP RR (C 39),Shirajgaon kasba,4069,4,0.55,0.00,0.72,0.00,0.72,0.00,0.54,13.52,0.00,17.69,0.00,17.69,0.00,13.27,26-Sep,27-Sep,28-Sep,29-Sep,30-Sep,1-Oct,2-Oct,26-Sep,27-Sep,28-Sep,29-Sep,30-Sep,1-Oct,2-Oct,3,7,0
Amravati,Amravati,Amravati W.M,W.M.Amravati - 2,Chandur Bazar_Achalpur_Amravati_Bhatkuli,20003791,105 Villages RRWSS,Asegaon,4180,4,1.11,1.11,1.11,1.11,1.11,1.11,1.11,26.56,26.56,26.56,26.56,26.56,26.56,26.62,26-Sep,27-Sep,28-Sep,29-Sep,30-Sep,1-Oct,2-Oct,26-Sep,27-Sep,28-Sep,29-Sep,30-Sep,1-Oct,2-Oct,0,7,0
Amravati,Akola,Akola,Akola,Akot_Telhara,20028420,Popatkhed 97 VRRWSS Tq. Akot & Telhara Dist. Akola,Panj,5584,2,1.43,0.85,1.40,1.70,1.45,1.51,1.42,25.54,15.26,25.03,30.45,25.98,27.10,25.44,26-Sep,27-Sep,28-Sep,29-Sep,30-Sep,1-Oct,2-Oct,26-Sep,27-Sep,28-Sep,29-Sep,30-Sep,1-Oct,2-Oct,0,7,0
Amravati,Akola,Akola,Murtizapur,Murtizapur,20028330,Langhapur 50 VRRWSS Tq. Murtizapur Dist. Akola,Anbhora,396,1,10.81,0.00,7.19,6.83,0.00,22.03,38.95,2729.80,0.00,1815.66,1724.75,0.00,5563.13,9835.86,26-Sep,27-Sep,28-Sep,29-Sep,30-Sep,1-Oct,2-Oct,26-Sep,27-Sep,28-Sep,29-Sep,30-Sep,1-Oct,2-Oct,2,2,5
Amravati,Akola,Buldhana,Khamgaon,Khamgaon,20090947,Lakhanwada & 21 villages RRWSS,Kanchanpur,2132,2,0.00,2.13,0.00,0.00,1.26,0.58,0.00,0.00,99.78,0.00,0.00,58.92,27.15,0.00,26-Sep,27-Sep,28-Sep,29-Sep,30-Sep,1-Oct,2-Oct,26-Sep,27-Sep,28-Sep,29-Sep,30-Sep,1-Oct,2-Oct,4,5,2
Amravati,Amravati,Amravati,Achalpur,Achalpur_Chandur Bazar,7945938,83 Village RRWS Scheme MJP RR (C 39),Gourkheda,504,4,10.37,8.65,4.30,11.96,13.95,14.69,15.13,2058.30,1715.65,853.29,2372.78,2767.41,2913.96,3002.85,26-Sep,27-Sep,28-Sep,29-Sep,30-Sep,1-Oct,2-Oct,26-Sep,27-Sep,28-Sep,29-Sep,30-Sep,1-Oct,2-Oct,0,0,7
Amravati,Akola,Akola,Akola,Akot_Telhara,20028420,Popatkhed 97 VRRWSS Tq. Akot & Telhara Dist. Akola,Makrampur,842,2,0.77,0.83,1.14,0.39,0.61,0.86,0.00,91.45,98.57,135.39,46.32,72.45,102.14,0.00,26-Sep,27-Sep,28-Sep,29-Sep,30-Sep,1-Oct,2-Oct,26-Sep,27-Sep,28-Sep,29-Sep,30-Sep,1-Oct,2-Oct,1,2,5
Amravati,Akola,Akola,Akola,Telhara_Akola,20028565,"Akot 84 VRRWSS Tq. Akola, Akot & Telhara Dist. Akola",Sangavi,461,1,0.00,0.91,0.59,0.00,1.25,0.58,0.00,0.00,197.40,128.13,0.00,271.15,125.81,0.00,26-Sep,27-Sep,28-Sep,29-Sep,30-Sep,1-Oct,2-Oct,26-Sep,27-Sep,28-Sep,29-Sep,30-Sep,1-Oct,2-Oct,3,3,4
Amravati,Amravati,Amravati W.M,Daryapur,Anjangaon_Daryapur_Bhatkuli,20005043,156 Villages Strengthening scheme of 144 villages RR,Ghodchandi,743,1,407.70,0.00,646.10,592.52,297.30,0.00,0.00,54872.14,0.00,86958.28,79746.97,40013.46,0.00,0.00,26-Sep,27-Sep,28-Sep,29-Sep,30-Sep,1-Oct,2-Oct,26-Sep,27-Sep,28-Sep,29-Sep,30-Sep,1-Oct,2-Oct,3,3,4
Amravati,Akola,Akola,Akola,Akola,20027951,Khambora 60 VRRWSS Tq. & Dist. Akola,Palso Bk.,654,1,0.00,0.00,0.00,0.00,0.00,0.00,0.00,0.30,0.30,0.00,0.00,0.00,0.00,0.00,26-Sep,27-Sep,28-Sep,29-Sep,30-Sep,1-Oct,2-Oct,26-Sep,27-Sep,28-Sep,29-Sep,30-Sep,1-Oct,2-Oct,5,7,0
Amravati,Akola,Akola,Akola,Barshitakali,20028246,Kanheri & 10 Villages RRWSS Tq. Barshitakli. Dist.Akola,Wizora,2318,2,0.00,0.00,0.00,0.00,0.00,0.00,0.00,0.00,0.00,0.00,0.00,0.00,0.00,0.00,26-Sep,27-Sep,28-Sep,29-Sep,30-Sep,1-Oct,2-Oct,26-Sep,27-Sep,28-Sep,29-Sep,30-Sep,1-Oct,2-Oct,7,7,0
Amravati,Akola,Akola,Akola,Balapur_Akola,20028254,Balapur 69 VRRWSS Tq. Balapur Dist. Akola,Nimba,541,3,4.20,3.75,3.51,3.21,3.58,4.28,0.98,776.46,693.23,648.41,593.18,661.07,790.63,181.96,26-Sep,27-Sep,28-Sep,29-Sep,30-Sep,1-Oct,2-Oct,26-Sep,27-Sep,28-Sep,29-Sep,30-Sep,1-Oct,2-Oct,0,0,7
Amravati,Akola,Buldhana,Buldhana,Buldhana,20021406,Padali & 5 Villages RRWSS,Merkhed,125,1,0.00,0.12,0.00,0.00,0.00,0.00,0.00,0.00,96.00,0.00,0.00,0.00,0.00,0.00,26-Sep,27-Sep,28-Sep,29-Sep,30-Sep,1-Oct,2-Oct,26-Sep,27-Sep,28-Sep,29-Sep,30-Sep,1-Oct,2-Oct,6,6,1
Amravati,Akola,Akola,Akola,Akola,20027951,Khambora 60 VRRWSS Tq. & Dist. Akola,Jalabad,695,1,0.00,0.00,0.00,0.00,0.00,0.00,0.00,0.00,0.00,0.00,0.00,0.00,0.00,0.00,26-Sep,27-Sep,28-Sep,29-Sep,30-Sep,1-Oct,2-Oct,26-Sep,27-Sep,28-Sep,29-Sep,30-Sep,1-Oct,2-Oct,7,7,0
Amravati,Amravati,Amravati,Amravati - 2,Nandgaon Khandeshwar,20029975,Mangrul Chavhala & 8 Villages RRWS,Shivra,1465,2,0.71,0.00,1.16,1.72,0.00,0.00,0.00,48.14,0.00,79.09,117.10,0.00,0.00,0.00,26-Sep,27-Sep,28-Sep,29-Sep,30-Sep,1-Oct,2-Oct,26-Sep,27-Sep,28-Sep,29-Sep,30-Sep,1-Oct,2-Oct,4,5,2
Amravati,Amravati,Yavatmal,Pusad,Pusad,20028563,"Malpathar 28 Villages, (Reju.)",Kheirkheda,1349,1,0.49,0.00,0.00,0.00,0.30,0.00,0.22,36.32,0.00,0.00,0.00,22.24,0.00,16.31,26-Sep,27-Sep,28-Sep,29-Sep,30-Sep,1-Oct,2-Oct,26-Sep,27-Sep,28-Sep,29-Sep,30-Sep,1-Oct,2-Oct,4,7,0
Amravati,Akola,Buldhana,Buldhana,Motala,20027978,Dhamangaon Deshmukh & 9 Villages RRWSS,Pimpalgaon Nath Tanda,891,2,0.01,0.00,0.03,0.23,0.16,0.24,0.06,1.56,0.11,3.00,26.30,17.59,26.66,6.26,26-Sep,27-Sep,28-Sep,29-Sep,30-Sep,1-Oct,2-Oct,26-Sep,27-Sep,28-Sep,29-Sep,30-Sep,1-Oct,2-Oct,0,7,0
Amravati,Amravati,Amravati,Achalpur,Achalpur_Chandur Bazar,7945938,83 Village RRWS Scheme MJP RR (C 39),Kushta kd,225,1,0.06,0.14,0.00,0.04,0.00,0.00,0.00,26.67,62.22,0.00,17.78,0.00,0.00,0.00,26-Sep,27-Sep,28-Sep,29-Sep,30-Sep,1-Oct,2-Oct,26-Sep,27-Sep,28-Sep,29-Sep,30-Sep,1-Oct,2-Oct,4,6,1
Amravati,Akola,Akola,Murtizapur,Murtizapur,20028330,Langhapur 50 VRRWSS Tq. Murtizapur Dist. Akola,Dhotra shinde,455,2,22.75,21.27,19.46,16.17,14.74,13.50,12.84,4999.18,4674.91,4277.14,3554.29,3238.53,2967.40,2822.34,26-Sep,27-Sep,28-Sep,29-Sep,30-Sep,1-Oct,2-Oct,26-Sep,27-Sep,28-Sep,29-Sep,30-Sep,1-Oct,2-Oct,0,0,7
Amravati,Akola,Akola,Akola,Telhara_Akola,20028565,"Akot 84 VRRWSS Tq. Akola, Akot & Telhara Dist. Akola",Maroda,1148,1,0.36,0.03,0.00,0.00,0.00,0.01,2.05,31.72,2.38,0.00,0.00,0.00,0.87,178.89,26-Sep,27-Sep,28-Sep,29-Sep,30-Sep,1-Oct,2-Oct,26-Sep,27-Sep,28-Sep,29-Sep,30-Sep,1-Oct,2-Oct,3,6,1
Amravati,Akola,Buldhana,Deulgaon Raja,Mehkar,20038668,Deulgaon Sakarsha & 5 Village RRWSS,Deulgaon Sakarasha,6410,1,0.00,0.00,0.00,4.66,0.00,2.78,0.00,0.00,0.00,0.00,72.73,0.00,43.44,0.00,26-Sep,27-Sep,28-Sep,29-Sep,30-Sep,1-Oct,2-Oct,26-Sep,27-Sep,28-Sep,29-Sep,30-Sep,1-Oct,2-Oct,5,6,1
Amravati,Amravati,Amravati,Amravati - 2,Nandgaon Khandeshwar,20029922,Chandsura & 9 Villages RRWS,Dhavalsari,1937,2,0.77,1.05,0.95,1.00,0.98,0.94,0.99,39.53,54.14,49.25,51.76,50.39,48.53,51.30,26-Sep,27-Sep,28-Sep,29-Sep,30-Sep,1-Oct,2-Oct,26-Sep,27-Sep,28-Sep,29-Sep,30-Sep,1-Oct,2-Oct,0,7,0
Amravati,Amravati,Amravati,Chandur Bazar,Chandur Bazar,20027511,"19 Villages RRWSS, Ta. Chandur Bazaar",Nimkhed,846,1,0.00,0.00,0.00,0.00,0.00,0.00,0.00,0.00,0.00,0.00,0.00,0.00,0.00,0.00,26-Sep,27-Sep,28-Sep,29-Sep,30-Sep,1-Oct,2-Oct,26-Sep,27-Sep,28-Sep,29-Sep,30-Sep,1-Oct,2-Oct,7,7,0
Amravati,Amravati,Amravati W.M,Daryapur,Anjangaon_Daryapur_Bhatkuli,20005043,156 Villages Strengthening scheme of 144 villages RR,Katkheda,408,1,3736.82,642.84,373.65,2162.81,1540.05,1423.00,1047.49,915886.39,157559.16,91580.45,530099.46,377463.12,348774.06,256738.59,26-Sep,27-Sep,28-Sep,29-Sep,30-Sep,1-Oct,2-Oct,26-Sep,27-Sep,28-Sep,29-Sep,30-Sep,1-Oct,2-Oct,0,0,7
Amravati,Amravati,Amravati W.M,W.M.Amravati - 2,Chandur Bazar_Achalpur_Amravati_Bhatkuli,20003791,105 Villages RRWSS,Nandura Bk.,2311,2,0.00,0.59,0.00,0.59,0.00,0.54,0.00,0.00,25.53,0.00,25.53,0.00,23.37,0.00,26-Sep,27-Sep,28-Sep,29-Sep,30-Sep,1-Oct,2-Oct,26-Sep,27-Sep,28-Sep,29-Sep,30-Sep,1-Oct,2-Oct,4,7,0
Amravati,Amravati,Amravati W.M,W.M.Amravati - 2,Chandur Bazar_Achalpur_Amravati_Bhatkuli,20003791,105 Villages RRWSS,Rama,891,2,0.00,0.00,0.00,0.00,0.00,0.00,0.00,0.00,0.00,0.00,0.00,0.00,0.00,0.00,26-Sep,27-Sep,28-Sep,29-Sep,30-Sep,1-Oct,2-Oct,26-Sep,27-Sep,28-Sep,29-Sep,30-Sep,1-Oct,2-Oct,7,7,0
Amravati,Amravati,Amravati W.M,W.M.Amravati - 2,Chandur Bazar_Achalpur_Amravati_Bhatkuli,20003791,105 Villages RRWSS,Pohara,517,1,1.09,0.00,1.07,0.12,1.10,0.00,1.18,210.83,0.00,206.96,23.21,212.77,0.00,228.24,26-Sep,27-Sep,28-Sep,29-Sep,30-Sep,1-Oct,2-Oct,26-Sep,27-Sep,28-Sep,29-Sep,30-Sep,1-Oct,2-Oct,2,3,4
Amravati,Akola,Akola,Akola,Akola,20039455,Khambora 4 VRRWSS Tq. & Dist. Akola,Borgaon,19711,2,2.10,2.02,2.63,2.34,1.71,2.30,1.90,10.67,10.25,13.36,11.88,8.67,11.69,9.62,26-Sep,27-Sep,28-Sep,29-Sep,30-Sep,1-Oct,2-Oct,26-Sep,27-Sep,28-Sep,29-Sep,30-Sep,1-Oct,2-Oct,0,7,0
Amravati,Amravati,Amravati,Achalpur,Achalpur_Chandur Bazar,7945938,83 Village RRWS Scheme MJP RR (C 39),Shekapur,64,1,0.00,0.08,0.40,0.00,0.00,0.00,0.00,0.00,125.00,625.00,0.00,0.00,0.00,0.00,26-Sep,27-Sep,28-Sep,29-Sep,30-Sep,1-Oct,2-Oct,26-Sep,27-Sep,28-Sep,29-Sep,30-Sep,1-Oct,2-Oct,5,5,2
Amravati,Akola,Akola,Akola,Telhara_Akola,20028565,"Akot 84 VRRWSS Tq. Akola, Akot & Telhara Dist. Akola",Kawasa,1300,1,0.00,0.00,0.00,0.00,0.00,0.00,0.00,0.00,0.00,0.00,0.00,0.00,0.00,0.00,26-Sep,27-Sep,28-Sep,29-Sep,30-Sep,1-Oct,2-Oct,26-Sep,27-Sep,28-Sep,29-Sep,30-Sep,1-Oct,2-Oct,7,7,0
Amravati,Amravati,Amravati,Achalpur,Achalpur_Chandur Bazar,7945938,83 Village RRWS Scheme MJP RR (C 39),Jawardi,221,1,7.48,6.79,11.29,12.37,13.72,14.56,15.89,3384.62,3072.25,5107.47,5596.15,6207.84,6586.73,7191.40,26-Sep,27-Sep,28-Sep,29-Sep,30-Sep,1-Oct,2-Oct,26-Sep,27-Sep,28-Sep,29-Sep,30-Sep,1-Oct,2-Oct,0,0,7
Amravati,Amravati,Amravati W.M,W.M.Amravati - 2,Chandur Bazar_Achalpur_Amravati_Bhatkuli,20003791,105 Villages RRWSS,Shirala,10390,4,3.58,3.69,4.49,3.41,3.82,3.72,3.57,34.46,35.51,43.21,32.82,36.77,35.80,34.36,26-Sep,27-Sep,28-Sep,29-Sep,30-Sep,1-Oct,2-Oct,26-Sep,27-Sep,28-Sep,29-Sep,30-Sep,1-Oct,2-Oct,0,7,0
Amravati,Akola,Buldhana,Khamgaon,Nandura,4104783,Hingne Gavhad & 13 Villages RRWSS,Takli,3128,2,1.90,0.70,0.48,0.83,0.98,2.89,2.24,60.58,22.40,15.49,26.67,31.38,92.38,71.54,26-Sep,27-Sep,28-Sep,29-Sep,30-Sep,1-Oct,2-Oct,26-Sep,27-Sep,28-Sep,29-Sep,30-Sep,1-Oct,2-Oct,0,4,3
Amravati,Amravati,Amravati,Amravati - 2,Nandgaon Khandeshwar,20029975,Mangrul Chavhala & 8 Villages RRWS,Veni Ganeshpur,2242,2,1.48,0.11,0.39,1.60,3.01,1.79,0.59,65.80,4.73,17.58,71.58,134.29,79.68,26.44,26-Sep,27-Sep,28-Sep,29-Sep,30-Sep,1-Oct,2-Oct,26-Sep,27-Sep,28-Sep,29-Sep,30-Sep,1-Oct,2-Oct,0,3,4
Amravati,Amravati,Amravati W.M,W.M.Amravati - 2,Chandur Bazar_Achalpur_Amravati_Bhatkuli,20003791,105 Villages RRWSS,Anakwadi,649,1,0.00,0.00,0.35,0.00,0.00,0.73,0.00,0.00,0.00,53.93,0.00,0.00,112.48,0.00,26-Sep,27-Sep,28-Sep,29-Sep,30-Sep,1-Oct,2-Oct,26-Sep,27-Sep,28-Sep,29-Sep,30-Sep,1-Oct,2-Oct,5,6,1
Amravati,Amravati,Amravati,Achalpur,Achalpur_Chandur Bazar,7945938,83 Village RRWS Scheme MJP RR (C 39),Dewari,107,1,0.00,0.00,0.00,0.00,0.00,0.00,0.00,0.00,0.00,0.00,0.00,0.00,0.00,0.00,26-Sep,27-Sep,28-Sep,29-Sep,30-Sep,1-Oct,2-Oct,26-Sep,27-Sep,28-Sep,29-Sep,30-Sep,1-Oct,2-Oct,7,7,0
Amravati,Akola,Buldhana,Khamgaon,Nandura,4104783,Hingne Gavhad & 13 Villages RRWSS,Kodarkhed,298,3,0.37,0.53,0.00,2.14,1.27,1.90,3.70,123.65,178.71,0.00,718.25,426.78,636.49,1240.90,26-Sep,27-Sep,28-Sep,29-Sep,30-Sep,1-Oct,2-Oct,26-Sep,27-Sep,28-Sep,29-Sep,30-Sep,1-Oct,2-Oct,1,1,6
Amravati,Amravati,Yavatmal,Pusad,Pusad,20028563,"Malpathar 28 Villages, (Reju.)",Aadgaon,2510,2,0.01,0.07,0.00,0.00,0.00,0.02,0.00,0.40,2.79,0.00,0.00,0.00,0.80,0.00,26-Sep,27-Sep,28-Sep,29-Sep,30-Sep,1-Oct,2-Oct,26-Sep,27-Sep,28-Sep,29-Sep,30-Sep,1-Oct,2-Oct,4,7,0
Amravati,Akola,Buldhana,Khamgaon,Shegaon,20094779,30 Villages RRWS Tal Shegaon(C39-ZP),Alsana,3026,3,3.56,1.87,2.08,1.67,3.47,1.62,2.16,117.54,61.84,68.81,55.06,114.52,53.68,71.53,26-Sep,27-Sep,28-Sep,29-Sep,30-Sep,1-Oct,2-Oct,26-Sep,27-Sep,28-Sep,29-Sep,30-Sep,1-Oct,2-Oct,0,1,6
Amravati,Akola,Akola,Akola,Telhara_Akola,20028565,"Akot 84 VRRWSS Tq. Akola, Akot & Telhara Dist. Akola",Garsoli,288,1,2.45,0.00,0.05,1.46,1.44,0.00,0.00,850.67,0.00,15.65,506.49,500.00,0.00,0.00,26-Sep,27-Sep,28-Sep,29-Sep,30-Sep,1-Oct,2-Oct,26-Sep,27-Sep,28-Sep,29-Sep,30-Sep,1-Oct,2-Oct,3,4,3
Amravati,Akola,Akola,Akola,Balapur,20028208,"Wadegaon & 24 VRRWSS Tq. Akola, Balapur & Barshitakali Dist.Akola",Nakashi,1912,2,2.79,1.34,0.00,1.06,2.53,2.92,0.08,145.80,69.86,0.00,55.42,132.38,152.82,4.03,26-Sep,27-Sep,28-Sep,29-Sep,30-Sep,1-Oct,2-Oct,26-Sep,27-Sep,28-Sep,29-Sep,30-Sep,1-Oct,2-Oct,1,2,5
Amravati,Amravati,Amravati,Achalpur,Achalpur_Chandur Bazar,7945938,83 Village RRWS Scheme MJP RR (C 39),Govindpur,330,1,0.75,0.69,0.56,0.63,0.67,0.67,0.68,227.27,209.09,169.70,190.91,203.03,203.03,206.06,26-Sep,27-Sep,28-Sep,29-Sep,30-Sep,1-Oct,2-Oct,26-Sep,27-Sep,28-Sep,29-Sep,30-Sep,1-Oct,2-Oct,0,0,7
Amravati,Akola,Akola,Akola,Akot_Telhara,20028420,Popatkhed 97 VRRWSS Tq. Akot & Telhara Dist. Akola,Khairkhed,1157,2,1.29,1.63,0.66,2.26,1.28,1.62,1.03,111.50,140.88,57.04,195.33,110.63,140.02,89.02,26-Sep,27-Sep,28-Sep,29-Sep,30-Sep,1-Oct,2-Oct,26-Sep,27-Sep,28-Sep,29-Sep,30-Sep,1-Oct,2-Oct,0,0,7
Amravati,Akola,Akola,Akola,Telhara_Akola,20028565,"Akot 84 VRRWSS Tq. Akola, Akot & Telhara Dist. Akola",Ronalda,2441,4,0.00,0.00,0.00,0.00,0.00,0.00,0.00,0.00,0.00,0.00,0.00,0.00,0.00,0.00,26-Sep,27-Sep,28-Sep,29-Sep,30-Sep,1-Oct,2-Oct,26-Sep,27-Sep,28-Sep,29-Sep,30-Sep,1-Oct,2-Oct,7,7,0
Amravati,Akola,Buldhana,Khamgaon,Nandura,20028083,Wadali & 8 Villages RRWSS,Pimpalkuta Dhande,912,2,0.00,0.00,0.00,0.00,0.00,0.00,0.00,0.00,0.40,0.44,0.00,0.00,0.00,0.00,26-Sep,27-Sep,28-Sep,29-Sep,30-Sep,1-Oct,2-Oct,26-Sep,27-Sep,28-Sep,29-Sep,30-Sep,1-Oct,2-Oct,5,7,0
Amravati,Amravati,Amravati,Amravati - 2,Amravati_Morshi_Tiwasa,20017838,Nandgaon Peth & 32 Villages,Salora,1973,2,0.00,0.00,0.00,0.00,0.00,0.00,0.00,0.00,0.00,0.00,0.00,0.00,0.00,0.00,26-Sep,27-Sep,28-Sep,29-Sep,30-Sep,1-Oct,2-Oct,26-Sep,27-Sep,28-Sep,29-Sep,30-Sep,1-Oct,2-Oct,7,7,0
Amravati,Amravati,Amravati W.M,Daryapur,Anjangaon_Daryapur_Bhatkuli,20005043,156 Villages Strengthening scheme of 144 villages RR,Telkheda,220,1,0.00,0.00,0.00,167765.48,0.00,0.00,90292.31,0.00,0.00,0.00,76257036.36,0.00,0.00,41041956.98,26-Sep,27-Sep,28-Sep,29-Sep,30-Sep,1-Oct,2-Oct,26-Sep,27-Sep,28-Sep,29-Sep,30-Sep,1-Oct,2-Oct,5,5,2
Amravati,Akola,Buldhana,Khamgaon,Khamgaon,20090947,Lakhanwada & 21 villages RRWSS,Shirla Nemane,3534,1,1.82,1.61,1.01,0.59,0.01,2.03,1.83,51.37,45.44,28.65,16.83,0.28,57.36,51.69,26-Sep,27-Sep,28-Sep,29-Sep,30-Sep,1-Oct,2-Oct,26-Sep,27-Sep,28-Sep,29-Sep,30-Sep,1-Oct,2-Oct,0,6,1
Amravati,Amravati,Amravati,Amravati - 2,Nandgaon Khandeshwar,20030263,Dhanora Gurav & 8 Villages RRWS,Khandala,816,1,1.08,0.00,0.00,0.00,0.73,1.18,0.54,132.30,0.00,0.00,0.00,89.24,144.45,65.64,26-Sep,27-Sep,28-Sep,29-Sep,30-Sep,1-Oct,2-Oct,26-Sep,27-Sep,28-Sep,29-Sep,30-Sep,1-Oct,2-Oct,3,3,4
Amravati,Amravati,Amravati,Chandur Bazar,Chandur Bazar,20027511,"19 Villages RRWSS, Ta. Chandur Bazaar",Boraj,806,1,0.56,0.62,0.59,0.52,0.69,0.76,1.02,68.98,76.32,73.16,64.47,85.71,94.34,126.55,26-Sep,27-Sep,28-Sep,29-Sep,30-Sep,1-Oct,2-Oct,26-Sep,27-Sep,28-Sep,29-Sep,30-Sep,1-Oct,2-Oct,0,0,7
Amravati,Akola,Buldhana,Buldhana,Motala,20027978,Dhamangaon Deshmukh & 9 Villages RRWSS,Isalwadi,1075,1,0.00,0.00,0.00,0.00,0.08,0.00,0.00,0.00,0.00,0.08,0.00,7.86,0.00,0.02,26-Sep,27-Sep,28-Sep,29-Sep,30-Sep,1-Oct,2-Oct,26-Sep,27-Sep,28-Sep,29-Sep,30-Sep,1-Oct,2-Oct,4,7,0
Amravati,Akola,Akola,Akola,Barshitakali,20028235,Dhaba & 13 Villages RRWSS Tq.Barshitakali Dist.Akola,Jalalabad,867,2,3.87,4.41,2.66,1.72,3.20,2.39,4.14,446.14,508.97,306.59,198.33,369.56,275.41,477.06,26-Sep,27-Sep,28-Sep,29-Sep,30-Sep,1-Oct,2-Oct,26-Sep,27-Sep,28-Sep,29-Sep,30-Sep,1-Oct,2-Oct,0,0,7
Amravati,Akola,Buldhana,Buldhana,Buldhana,20094594,Hatedi & 5 Villages RRWSS,Chikhla,1352,2,1.13,0.00,1.18,0.00,0.70,0.00,1.25,83.23,0.00,87.30,0.00,51.91,0.00,92.45,26-Sep,27-Sep,28-Sep,29-Sep,30-Sep,1-Oct,2-Oct,26-Sep,27-Sep,28-Sep,29-Sep,30-Sep,1-Oct,2-Oct,3,4,3
Amravati,Amravati,Amravati,Achalpur,Achalpur,20028532,"24 Villages RRWSS, Ta. Achalpur",Wasani Bk.,1074,1,,,,,,0.00,0.00,,,,,,0.00,0.00,26-Sep,27-Sep,28-Sep,29-Sep,30-Sep,1-Oct,2-Oct,26-Sep,27-Sep,28-Sep,29-Sep,30-Sep,1-Oct,2-Oct,2,2,0
Amravati,Amravati,Amravati,Amravati - 2,Amravati_Morshi_Tiwasa,20017838,Nandgaon Peth & 32 Villages,Sarshi,1291,2,0.76,1.45,1.06,0.66,1.62,1.37,1.41,59.18,112.48,82.20,50.76,125.36,106.21,109.22,26-Sep,27-Sep,28-Sep,29-Sep,30-Sep,1-Oct,2-Oct,26-Sep,27-Sep,28-Sep,29-Sep,30-Sep,1-Oct,2-Oct,0,1,6
Amravati,Amravati,Amravati W.M,Daryapur,Anjangaon_Daryapur_Bhatkuli,20005043,156 Villages Strengthening scheme of 144 villages RR,Darapur,1898,1,0.00,5.32,5.07,5.04,4.81,4.92,4.60,0.00,280.33,267.33,265.55,253.55,259.05,242.50,26-Sep,27-Sep,28-Sep,29-Sep,30-Sep,1-Oct,2-Oct,26-Sep,27-Sep,28-Sep,29-Sep,30-Sep,1-Oct,2-Oct,1,1,6
Amravati,Akola,Buldhana,Deulgaon Raja,Mehkar,20022859,Janefal Kalambeshwar RRWSS,Janefal,9586,3,5.28,7.60,4.33,0.07,3.16,4.60,4.83,55.04,79.28,45.17,0.75,32.94,47.99,50.44,26-Sep,27-Sep,28-Sep,29-Sep,30-Sep,1-Oct,2-Oct,26-Sep,27-Sep,28-Sep,29-Sep,30-Sep,1-Oct,2-Oct,0,5,2
Amravati,Amravati,Amravati,Chandur Bazar,Chandur Bazar,20027511,"19 Villages RRWSS, Ta. Chandur Bazaar",Ghatladki Devinagar,8658,2,0.00,0.00,3.06,3.12,0.00,3.11,2.85,0.00,0.00,35.30,36.00,0.00,35.95,32.92,26-Sep,27-Sep,28-Sep,29-Sep,30-Sep,1-Oct,2-Oct,26-Sep,27-Sep,28-Sep,29-Sep,30-Sep,1-Oct,2-Oct,3,7,0
Amravati,Amravati,Amravati,Achalpur,Achalpur,20029998,Shahanur & 9 Villages RRWS,Gond Wagholi,1393,2,0.00,0.00,0.84,1.76,1.39,1.99,3.21,0.00,0.00,60.30,126.35,99.78,142.86,230.44,26-Sep,27-Sep,28-Sep,29-Sep,30-Sep,1-Oct,2-Oct,26-Sep,27-Sep,28-Sep,29-Sep,30-Sep,1-Oct,2-Oct,2,2,5
Amravati,Amravati,Amravati,Achalpur,Achalpur_Chandur Bazar,7945938,83 Village RRWS Scheme MJP RR (C 39),Kondwardha,235,1,1.52,1.09,0.96,1.20,1.22,1.05,1.29,646.81,463.83,408.51,510.64,519.15,446.81,548.94,26-Sep,27-Sep,28-Sep,29-Sep,30-Sep,1-Oct,2-Oct,26-Sep,27-Sep,28-Sep,29-Sep,30-Sep,1-Oct,2-Oct,0,0,7
Amravati,Amravati,Amravati W.M,W.M.Amravati - 2,Chandur Bazar_Achalpur_Amravati_Bhatkuli,20003791,105 Villages RRWSS,Koltek,,1,0.50,0.00,0.85,0.28,0.00,0.00,0.00,0.00,0.00,0.00,0.00,0.00,0.00,0.00,26-Sep,27-Sep,28-Sep,29-Sep,30-Sep,1-Oct,2-Oct,26-Sep,27-Sep,28-Sep,29-Sep,30-Sep,1-Oct,2-Oct,7,7,0
Amravati,Akola,Buldhana,Khamgaon,Khamgaon,20090947,Lakhanwada & 21 villages RRWSS,Wahala,640,2,0.00,0.00,0.00,0.00,0.00,0.00,0.00,0.00,0.00,0.00,0.18,0.00,0.01,0.00,26-Sep,27-Sep,28-Sep,29-Sep,30-Sep,1-Oct,2-Oct,26-Sep,27-Sep,28-Sep,29-Sep,30-Sep,1-Oct,2-Oct,5,7,0
Amravati,Amravati,Amravati,Achalpur,Achalpur,20029998,Shahanur & 9 Villages RRWS,Kasampur,1311,2,0.00,0.00,0.00,0.00,0.00,0.00,0.00,0.00,0.00,0.00,0.00,0.00,0.00,0.00,26-Sep,27-Sep,28-Sep,29-Sep,30-Sep,1-Oct,2-Oct,26-Sep,27-Sep,28-Sep,29-Sep,30-Sep,1-Oct,2-Oct,7,7,0
Amravati,Akola,Buldhana,Khamgaon,Nandura,20028083,Wadali & 8 Villages RRWSS,Barafgaon,480,2,0.45,0.74,0.86,0.45,0.40,0.86,0.37,92.78,154.82,178.73,93.44,83.55,178.42,76.62,26-Sep,27-Sep,28-Sep,29-Sep,30-Sep,1-Oct,2-Oct,26-Sep,27-Sep,28-Sep,29-Sep,30-Sep,1-Oct,2-Oct,0,0,7
Amravati,Akola,Akola,Akola,Telhara_Akola,20028565,"Akot 84 VRRWSS Tq. Akola, Akot & Telhara Dist. Akola",Jaulka,1312,1,2.05,5.29,2.25,0.00,0.91,0.00,1.58,156.25,403.20,171.49,0.00,69.36,0.00,120.43,26-Sep,27-Sep,28-Sep,29-Sep,30-Sep,1-Oct,2-Oct,26-Sep,27-Sep,28-Sep,29-Sep,30-Sep,1-Oct,2-Oct,2,2,5
Amravati,Akola,Akola,Akola,Akola,20027951,Khambora 60 VRRWSS Tq. & Dist. Akola,Akhatwada,870,1,0.00,0.00,0.00,0.00,0.00,0.00,0.00,0.00,0.00,0.20,0.00,0.00,0.00,0.14,26-Sep,27-Sep,28-Sep,29-Sep,30-Sep,1-Oct,2-Oct,26-Sep,27-Sep,28-Sep,29-Sep,30-Sep,1-Oct,2-Oct,5,7,0
Amravati,Amravati,Amravati,Amravati - 2,Nandgaon Khandeshwar,20030287,Takli & 4 Villages RRWS,Ful Aamla,1771,2,0.00,0.00,0.00,0.00,0.00,0.00,0.00,0.00,0.00,0.00,0.00,0.00,0.00,0.00,26-Sep,27-Sep,28-Sep,29-Sep,30-Sep,1-Oct,2-Oct,26-Sep,27-Sep,28-Sep,29-Sep,30-Sep,1-Oct,2-Oct,7,7,0
Amravati,Amravati,Amravati W.M,Daryapur,Anjangaon_Daryapur_Bhatkuli,20005043,156 Villages Strengthening scheme of 144 villages RR,Yerandgaon,712,1,688.80,767.64,694.64,477.99,723.04,1033.91,506.26,96741.57,107814.61,97561.80,67133.43,101550.56,145212.08,71103.93,26-Sep,27-Sep,28-Sep,29-Sep,30-Sep,1-Oct,2-Oct,26-Sep,27-Sep,28-Sep,29-Sep,30-Sep,1-Oct,2-Oct,0,0,7
Amravati,Amravati,Amravati W.M,W.M.Amravati - 2,Chandur Bazar_Achalpur_Amravati_Bhatkuli,20003791,105 Villages RRWSS,Khanapur,681,2,0.47,0.22,0.19,0.37,0.41,0.22,0.43,69.02,32.31,27.90,54.33,60.21,32.31,63.14,26-Sep,27-Sep,28-Sep,29-Sep,30-Sep,1-Oct,2-Oct,26-Sep,27-Sep,28-Sep,29-Sep,30-Sep,1-Oct,2-Oct,0,4,3
Amravati,Akola,Buldhana,Khamgaon,Shegaon,20013865,Chincholi & 30 Villages RRWSS,Tintrav,2045,2,1.01,1.59,1.64,1.30,1.79,0.05,1.54,49.30,77.97,79.98,63.42,87.29,2.24,75.52,26-Sep,27-Sep,28-Sep,29-Sep,30-Sep,1-Oct,2-Oct,26-Sep,27-Sep,28-Sep,29-Sep,30-Sep,1-Oct,2-Oct,0,2,5
Amravati,Amravati,Amravati W.M,W.M.Amravati - 2,Chandur Bazar_Achalpur_Amravati_Bhatkuli,20003791,105 Villages RRWSS,Ashti,3472,4,2.18,1.73,2.76,2.30,1.61,3.03,2.10,62.79,49.83,79.49,66.24,46.37,87.27,60.48,26-Sep,27-Sep,28-Sep,29-Sep,30-Sep,1-Oct,2-Oct,26-Sep,27-Sep,28-Sep,29-Sep,30-Sep,1-Oct,2-Oct,0,2,5
Amravati,Amravati,Amravati,Amravati - 2,Amravati,20029977,Bhankhed & 8 Village RRWSS,Kastura,441,1,0.28,0.20,1.00,0.52,0.00,0.00,1.40,62.40,45.20,227.37,117.35,0.00,0.00,318.59,26-Sep,27-Sep,28-Sep,29-Sep,30-Sep,1-Oct,2-Oct,26-Sep,27-Sep,28-Sep,29-Sep,30-Sep,1-Oct,2-Oct,2,3,4
Amravati,Amravati,Amravati,Amravati - 2,Amravati,20029977,Bhankhed & 8 Village RRWSS,Bhankheda Bk.,1595,2,0.13,0.00,0.64,0.00,0.76,0.01,0.00,8.23,0.00,40.12,0.00,47.91,0.45,0.00,26-Sep,27-Sep,28-Sep,29-Sep,30-Sep,1-Oct,2-Oct,26-Sep,27-Sep,28-Sep,29-Sep,30-Sep,1-Oct,2-Oct,3,7,0
Amravati,Amravati,Amravati,Amravati - 2,Nandgaon Khandeshwar,20029975,Mangrul Chavhala & 8 Villages RRWS,Kani Mirzapur,1030,1,0.80,0.84,0.72,0.85,0.77,0.89,0.82,77.79,81.41,70.39,82.48,74.57,86.12,80.06,26-Sep,27-Sep,28-Sep,29-Sep,30-Sep,1-Oct,2-Oct,26-Sep,27-Sep,28-Sep,29-Sep,30-Sep,1-Oct,2-Oct,0,0,7
Amravati,Amravati,Yavatmal,Pusad,Pusad,20028563,"Malpathar 28 Villages, (Reju.)",Sattarmal,802,2,0.00,0.00,0.00,0.00,0.00,0.00,0.00,0.00,0.00,0.00,0.00,0.00,0.00,0.00,26-Sep,27-Sep,28-Sep,29-Sep,30-Sep,1-Oct,2-Oct,26-Sep,27-Sep,28-Sep,29-Sep,30-Sep,1-Oct,2-Oct,7,7,0
Amravati,Akola,Akola,Akola,Akot_Telhara,20028420,Popatkhed 97 VRRWSS Tq. Akot & Telhara Dist. Akola,Pimperkhed,1779,2,7.69,0.00,7.25,0.60,10.34,7.91,8.10,432.27,0.00,407.53,33.73,581.23,444.63,455.31,26-Sep,27-Sep,28-Sep,29-Sep,30-Sep,1-Oct,2-Oct,26-Sep,27-Sep,28-Sep,29-Sep,30-Sep,1-Oct,2-Oct,1,2,5
Amravati,Akola,Akola,Murtizapur,Murtizapur,20028330,Langhapur 50 VRRWSS Tq. Murtizapur Dist. Akola,Sonori,597,2,1.16,2.27,1.24,0.00,0.03,1.42,1.37,194.30,380.23,207.71,0.00,5.03,237.86,229.48,26-Sep,27-Sep,28-Sep,29-Sep,30-Sep,1-Oct,2-Oct,26-Sep,27-Sep,28-Sep,29-Sep,30-Sep,1-Oct,2-Oct,1,2,5
Amravati,Akola,Buldhana,Deulgaon Raja,Deulgaon Raja,20011134,Andhera & 9 Villages RRWSS,Shivni Armal,2142,2,0.99,0.38,0.35,0.33,0.92,0.83,0.64,46.18,17.96,16.18,15.32,42.84,38.82,29.74,26-Sep,27-Sep,28-Sep,29-Sep,30-Sep,1-Oct,2-Oct,26-Sep,27-Sep,28-Sep,29-Sep,30-Sep,1-Oct,2-Oct,0,7,0
Amravati,Akola,Akola,Akola,Telhara_Akola,20028565,"Akot 84 VRRWSS Tq. Akola, Akot & Telhara Dist. Akola",Rohana,809,1,0.81,2.55,0.76,4.13,11.08,3.70,1.18,100.28,315.79,94.33,510.86,1369.45,457.86,146.08,26-Sep,27-Sep,28-Sep,29-Sep,30-Sep,1-Oct,2-Oct,26-Sep,27-Sep,28-Sep,29-Sep,30-Sep,1-Oct,2-Oct,0,0,7
Amravati,Akola,Buldhana,Khamgaon,Nandura,4104783,Hingne Gavhad & 13 Villages RRWSS,Khedgaon,1379,2,0.47,0.00,0.00,0.00,0.45,0.00,0.76,33.81,0.00,0.00,0.00,32.39,0.00,55.35,26-Sep,27-Sep,28-Sep,29-Sep,30-Sep,1-Oct,2-Oct,26-Sep,27-Sep,28-Sep,29-Sep,30-Sep,1-Oct,2-Oct,4,6,1
Amravati,Akola,Buldhana,Buldhana,Buldhana,20021415,DongarKhandala & Kherdi RRWSS,Kherdi,515,2,1.22,0.00,0.53,1.28,0.00,0.20,0.14,237.29,0.00,103.01,248.74,0.00,37.93,27.76,26-Sep,27-Sep,28-Sep,29-Sep,30-Sep,1-Oct,2-Oct,26-Sep,27-Sep,28-Sep,29-Sep,30-Sep,1-Oct,2-Oct,2,4,3
Amravati,Amravati,Amravati W.M,W.M.Amravati - 2,Chandur Bazar_Achalpur_Amravati_Bhatkuli,20003791,105 Villages RRWSS,Kharwadi,1634,1,1.47,0.66,1.35,0.83,1.41,1.41,1.28,89.96,40.39,82.62,50.80,86.29,86.29,78.34,26-Sep,27-Sep,28-Sep,29-Sep,30-Sep,1-Oct,2-Oct,26-Sep,27-Sep,28-Sep,29-Sep,30-Sep,1-Oct,2-Oct,0,2,5
Amravati,Akola,Akola,Akola,Telhara_Akola,20028565,"Akot 84 VRRWSS Tq. Akola, Akot & Telhara Dist. Akola",Hingani Bk.,1792,3,0.00,7.91,0.00,0.00,0.00,0.00,0.00,0.00,441.33,0.00,0.12,0.00,0.00,0.00,26-Sep,27-Sep,28-Sep,29-Sep,30-Sep,1-Oct,2-Oct,26-Sep,27-Sep,28-Sep,29-Sep,30-Sep,1-Oct,2-Oct,5,6,1
Amravati,Akola,Buldhana,Khamgaon,Nandura,4104783,Hingne Gavhad & 13 Villages RRWSS,Sawargaon Chahu,803,2,0.00,0.20,0.14,0.21,0.00,0.21,0.21,0.00,25.28,17.24,26.37,0.00,25.94,26.05,26-Sep,27-Sep,28-Sep,29-Sep,30-Sep,1-Oct,2-Oct,26-Sep,27-Sep,28-Sep,29-Sep,30-Sep,1-Oct,2-Oct,2,7,0
Amravati,Amravati,Yavatmal,Pusad,Pusad,20028563,"Malpathar 28 Villages, (Reju.)",Aamti,1239,2,0.00,0.00,0.00,0.00,0.00,0.00,0.00,0.00,0.00,0.00,0.00,0.00,0.00,0.00,26-Sep,27-Sep,28-Sep,29-Sep,30-Sep,1-Oct,2-Oct,26-Sep,27-Sep,28-Sep,29-Sep,30-Sep,1-Oct,2-Oct,7,7,0
Amravati,Akola,Buldhana,Buldhana,Buldhana,20021406,Padali & 5 Villages RRWSS,Padli,2502,2,0.00,0.00,0.00,0.00,0.72,1.40,0.47,0.00,0.00,0.00,0.00,28.83,55.84,18.67,26-Sep,27-Sep,28-Sep,29-Sep,30-Sep,1-Oct,2-Oct,26-Sep,27-Sep,28-Sep,29-Sep,30-Sep,1-Oct,2-Oct,4,6,1
Amravati,Akola,Akola,Akola,Telhara_Akola,20028565,"Akot 84 VRRWSS Tq. Akola, Akot & Telhara Dist. Akola",Pati,1020,1,0.17,0.07,0.12,0.08,0.13,5.06,0.34,16.64,7.31,12.05,7.76,12.48,495.89,33.59,26-Sep,27-Sep,28-Sep,29-Sep,30-Sep,1-Oct,2-Oct,26-Sep,27-Sep,28-Sep,29-Sep,30-Sep,1-Oct,2-Oct,0,6,1
Amravati,Amravati,Amravati W.M,W.M.Amravati - 2,Chandur Bazar_Achalpur_Amravati_Bhatkuli,20003791,105 Villages RRWSS,Talwel,4024,3,3.85,3.55,3.18,2.77,3.26,3.34,3.54,95.68,88.22,79.03,68.84,81.01,83.00,87.97,26-Sep,27-Sep,28-Sep,29-Sep,30-Sep,1-Oct,2-Oct,26-Sep,27-Sep,28-Sep,29-Sep,30-Sep,1-Oct,2-Oct,0,0,7
Amravati,Amravati,Amravati W.M,W.M.Amravati - 2,Chandur Bazar_Achalpur_Amravati_Bhatkuli,20003791,105 Villages RRWSS,Bhalsi,519,1,0.43,0.00,0.67,0.58,0.00,0.63,0.57,82.85,0.00,129.09,111.75,0.00,121.39,109.83,26-Sep,27-Sep,28-Sep,29-Sep,30-Sep,1-Oct,2-Oct,26-Sep,27-Sep,28-Sep,29-Sep,30-Sep,1-Oct,2-Oct,2,2,5
Amravati,Amravati,Amravati,Achalpur,Achalpur,20028532,"24 Villages RRWSS, Ta. Achalpur",Ashadpur,5432,3,0.00,0.00,0.00,0.00,0.00,0.00,0.00,0.00,0.00,0.00,0.00,0.00,0.00,0.00,26-Sep,27-Sep,28-Sep,29-Sep,30-Sep,1-Oct,2-Oct,26-Sep,27-Sep,28-Sep,29-Sep,30-Sep,1-Oct,2-Oct,7,7,0
Amravati,Akola,Akola,Akola,Akot_Telhara,20028420,Popatkhed 97 VRRWSS Tq. Akot & Telhara Dist. Akola,Rambhapur,652,1,0.69,1.08,0.38,0.69,0.54,1.57,1.07,106.06,165.77,58.29,106.50,82.62,240.07,164.05,26-Sep,27-Sep,28-Sep,29-Sep,30-Sep,1-Oct,2-Oct,26-Sep,27-Sep,28-Sep,29-Sep,30-Sep,1-Oct,2-Oct,0,0,7
Amravati,Amravati,Amravati,Amravati - 2,Amravati_Morshi_Tiwasa,20017838,Nandgaon Peth & 32 Villages,Kapustalni,7409,3,0.00,0.00,0.00,0.00,0.00,0.00,0.00,0.00,0.00,0.00,0.00,0.00,0.00,0.00,26-Sep,27-Sep,28-Sep,29-Sep,30-Sep,1-Oct,2-Oct,26-Sep,27-Sep,28-Sep,29-Sep,30-Sep,1-Oct,2-Oct,7,7,0
Amravati,Akola,Buldhana,Buldhana,Buldhana,20021406,Padali & 5 Villages RRWSS,Palaskhed Naik,1098,1,0.00,0.00,0.00,0.00,0.00,0.00,0.00,0.00,0.00,0.00,0.00,0.00,0.00,0.00,26-Sep,27-Sep,28-Sep,29-Sep,30-Sep,1-Oct,2-Oct,26-Sep,27-Sep,28-Sep,29-Sep,30-Sep,1-Oct,2-Oct,7,7,0
Amravati,Akola,Akola,Akola,Akot_Telhara,20028420,Popatkhed 97 VRRWSS Tq. Akot & Telhara Dist. Akola,Vitali,678,1,6.54,0.00,0.00,1.56,14.12,0.00,0.00,964.60,0.00,0.00,230.09,2082.55,0.00,0.00,26-Sep,27-Sep,28-Sep,29-Sep,30-Sep,1-Oct,2-Oct,26-Sep,27-Sep,28-Sep,29-Sep,30-Sep,1-Oct,2-Oct,4,4,3
Amravati,Amravati,Amravati W.M,Daryapur,Anjangaon_Daryapur_Bhatkuli,20005043,156 Villages Strengthening scheme of 144 villages RR,Chandikapur,3000,1,0.00,2.16,2.12,2.07,2.02,2.49,1.86,0.00,71.89,70.63,68.88,67.31,82.92,61.99,26-Sep,27-Sep,28-Sep,29-Sep,30-Sep,1-Oct,2-Oct,26-Sep,27-Sep,28-Sep,29-Sep,30-Sep,1-Oct,2-Oct,1,1,6
Amravati,Akola,Akola,Akola,Balapur_Akola,20028254,Balapur 69 VRRWSS Tq. Balapur Dist. Akola,Galgaon,4926,2,0.00,0.00,0.00,0.00,4.33,3.19,3.38,0.00,0.00,0.00,0.00,87.86,64.73,68.61,26-Sep,27-Sep,28-Sep,29-Sep,30-Sep,1-Oct,2-Oct,26-Sep,27-Sep,28-Sep,29-Sep,30-Sep,1-Oct,2-Oct,4,4,3
Amravati,Amravati,Amravati W.M,Daryapur,Anjangaon_Daryapur_Bhatkuli,20005043,156 Villages Strengthening scheme of 144 villages RR,Sasan Ramapur,1781,1,6034.96,9540.69,9119.88,7952.22,6617.89,14595.98,5309.28,338852.57,535692.92,512065.31,446502.90,371582.71,819538.21,298106.68,26-Sep,27-Sep,28-Sep,29-Sep,30-Sep,1-Oct,2-Oct,26-Sep,27-Sep,28-Sep,29-Sep,30-Sep,1-Oct,2-Oct,0,0,7
Amravati,Akola,Akola,Akola,Akot_Telhara,20028420,Popatkhed 97 VRRWSS Tq. Akot & Telhara Dist. Akola,Deulgaon,1463,2,0.00,0.00,0.00,0.00,0.00,0.00,0.00,0.00,0.00,0.00,0.00,0.00,0.00,0.00,26-Sep,27-Sep,28-Sep,29-Sep,30-Sep,1-Oct,2-Oct,26-Sep,27-Sep,28-Sep,29-Sep,30-Sep,1-Oct,2-Oct,7,7,0
Amravati,Amravati,Amravati,Amravati - 2,Nandgaon Khandeshwar,20029975,Mangrul Chavhala & 8 Villages RRWS,Shivni,664,1,0.42,0.01,0.49,0.58,0.90,0.67,0.79,63.20,1.62,73.31,86.82,135.84,100.26,118.94,26-Sep,27-Sep,28-Sep,29-Sep,30-Sep,1-Oct,2-Oct,26-Sep,27-Sep,28-Sep,29-Sep,30-Sep,1-Oct,2-Oct,0,1,6
Amravati,Akola,Buldhana,Khamgaon,Nandura,4104783,Hingne Gavhad & 13 Villages RRWSS,Patonda,2076,2,0.32,0.54,0.00,0.61,0.25,0.76,0.77,15.52,25.85,0.00,29.61,12.21,36.39,36.86,26-Sep,27-Sep,28-Sep,29-Sep,30-Sep,1-Oct,2-Oct,26-Sep,27-Sep,28-Sep,29-Sep,30-Sep,1-Oct,2-Oct,1,7,0
Amravati,Akola,Akola,Akola,Telhara_Akola,20028565,"Akot 84 VRRWSS Tq. Akola, Akot & Telhara Dist. Akola",Deori,2560,1,14.17,64.67,7.00,0.00,17.11,58.13,6.31,553.52,2526.22,273.33,0.00,668.36,2270.74,246.52,26-Sep,27-Sep,28-Sep,29-Sep,30-Sep,1-Oct,2-Oct,26-Sep,27-Sep,28-Sep,29-Sep,30-Sep,1-Oct,2-Oct,1,1,6
Amravati,Akola,Akola,Akola,Akot_Telhara,20028420,Popatkhed 97 VRRWSS Tq. Akot & Telhara Dist. Akola,Pimpri Jainpur,954,2,10.60,10.17,11.79,10.02,11.36,14.87,12.10,1111.11,1066.04,1235.83,1050.31,1190.78,1558.70,1268.34,26-Sep,27-Sep,28-Sep,29-Sep,30-Sep,1-Oct,2-Oct,26-Sep,27-Sep,28-Sep,29-Sep,30-Sep,1-Oct,2-Oct,0,0,7
Amravati,Amravati,Amravati,Achalpur,Achalpur,20028532,"24 Villages RRWSS, Ta. Achalpur",Wasani Kh.,991,2,1.84,2.00,1.78,1.99,2.01,2.17,2.37,185.61,202.26,179.20,201.29,202.72,218.89,239.43,26-Sep,27-Sep,28-Sep,29-Sep,30-Sep,1-Oct,2-Oct,26-Sep,27-Sep,28-Sep,29-Sep,30-Sep,1-Oct,2-Oct,0,0,7
Amravati,Akola,Buldhana,Khamgaon,Khamgaon,20090947,Lakhanwada & 21 villages RRWSS,Lakhanwada Kh,1248,2,1.00,0.97,0.64,1.12,0.97,0.14,2.22,80.04,77.87,51.36,89.70,77.49,11.49,178.21,26-Sep,27-Sep,28-Sep,29-Sep,30-Sep,1-Oct,2-Oct,26-Sep,27-Sep,28-Sep,29-Sep,30-Sep,1-Oct,2-Oct,0,2,5
Amravati,Akola,Akola,Akola,Akola,20039455,Khambora 4 VRRWSS Tq. & Dist. Akola,Nipana,1527,1,2.10,0.00,0.00,0.00,0.00,0.00,0.00,137.23,0.00,0.00,0.00,0.00,0.00,0.00,26-Sep,27-Sep,28-Sep,29-Sep,30-Sep,1-Oct,2-Oct,26-Sep,27-Sep,28-Sep,29-Sep,30-Sep,1-Oct,2-Oct,6,6,1
Amravati,Akola,Buldhana,Khamgaon,Shegaon,20094779,30 Villages RRWS Tal Shegaon(C39-ZP),Zadegaon,1321,2,2.38,0.83,1.93,1.93,1.75,0.64,1.78,180.04,62.82,145.90,146.12,132.70,48.79,134.73,26-Sep,27-Sep,28-Sep,29-Sep,30-Sep,1-Oct,2-Oct,26-Sep,27-Sep,28-Sep,29-Sep,30-Sep,1-Oct,2-Oct,0,1,6
Amravati,Amravati,Amravati,Achalpur,Achalpur,20028532,"24 Villages RRWSS, Ta. Achalpur",Rasegaon,3491,4,1.67,1.49,1.72,1.54,1.80,1.58,1.72,47.93,42.69,49.19,44.08,51.68,45.21,49.22,26-Sep,27-Sep,28-Sep,29-Sep,30-Sep,1-Oct,2-Oct,26-Sep,27-Sep,28-Sep,29-Sep,30-Sep,1-Oct,2-Oct,0,7,0
Amravati,Akola,Akola,Akola,Balapur,20028208,"Wadegaon & 24 VRRWSS Tq. Akola, Balapur & Barshitakali Dist.Akola",Nimbi Malokar,1108,2,0.59,0.48,0.47,0.89,0.41,0.55,0.64,53.51,43.00,42.09,80.54,37.07,49.23,58.17,26-Sep,27-Sep,28-Sep,29-Sep,30-Sep,1-Oct,2-Oct,26-Sep,27-Sep,28-Sep,29-Sep,30-Sep,1-Oct,2-Oct,0,5,2
Amravati,Amravati,Amravati,Achalpur,Achalpur,20029998,Shahanur & 9 Villages RRWS,Walmikpur,557,1,0.00,0.00,0.00,0.00,0.00,0.00,0.00,0.00,0.00,0.00,0.00,0.00,0.00,0.00,26-Sep,27-Sep,28-Sep,29-Sep,30-Sep,1-Oct,2-Oct,26-Sep,27-Sep,28-Sep,29-Sep,30-Sep,1-Oct,2-Oct,7,7,0
Amravati,Akola,Akola,Akola,Akot_Telhara,20028420,Popatkhed 97 VRRWSS Tq. Akot & Telhara Dist. Akola,Wadali Deshmukh,3704,2,0.00,0.00,0.00,0.00,0.00,0.00,0.00,0.00,0.00,0.00,0.00,0.00,0.00,0.00,26-Sep,27-Sep,28-Sep,29-Sep,30-Sep,1-Oct,2-Oct,26-Sep,27-Sep,28-Sep,29-Sep,30-Sep,1-Oct,2-Oct,7,7,0
Amravati,Amravati,Amravati,Amravati - 2,Amravati_Morshi_Tiwasa,20017838,Nandgaon Peth & 32 Villages,Nandgaon Peth,13366,4,7.95,3.89,7.90,7.90,8.02,9.31,8.26,59.45,29.11,59.13,59.09,60.03,69.67,61.82,26-Sep,27-Sep,28-Sep,29-Sep,30-Sep,1-Oct,2-Oct,26-Sep,27-Sep,28-Sep,29-Sep,30-Sep,1-Oct,2-Oct,0,1,6
Amravati,Amravati,Amravati W.M,W.M.Amravati - 2,Chandur Bazar_Achalpur_Amravati_Bhatkuli,20003791,105 Villages RRWSS,Rajura,658,1,0.95,0.61,0.33,0.91,1.13,0.99,0.73,144.38,92.71,50.15,138.30,171.73,150.46,110.94,26-Sep,27-Sep,28-Sep,29-Sep,30-Sep,1-Oct,2-Oct,26-Sep,27-Sep,28-Sep,29-Sep,30-Sep,1-Oct,2-Oct,0,1,6
Amravati,Amravati,Amravati,Amravati - 2,Amravati_Morshi_Tiwasa,20017838,Nandgaon Peth & 32 Villages,Nerapinglai,15597,4,9.45,8.36,9.72,10.06,9.64,9.37,8.87,60.58,53.57,62.35,64.51,61.81,60.08,56.85,26-Sep,27-Sep,28-Sep,29-Sep,30-Sep,1-Oct,2-Oct,26-Sep,27-Sep,28-Sep,29-Sep,30-Sep,1-Oct,2-Oct,0,1,6
Amravati,Akola,Buldhana,Khamgaon,Shegaon,20013865,Chincholi & 30 Villages RRWSS,Shirasgaon Nile,733,2,0.00,1.74,1.42,0.62,1.42,2.00,0.81,0.00,237.61,194.27,85.21,194.08,272.21,110.86,26-Sep,27-Sep,28-Sep,29-Sep,30-Sep,1-Oct,2-Oct,26-Sep,27-Sep,28-Sep,29-Sep,30-Sep,1-Oct,2-Oct,1,1,6
Amravati,Akola,Akola,Akola,Balapur,20028208,"Wadegaon & 24 VRRWSS Tq. Akola, Balapur & Barshitakali Dist.Akola",Chandur,5874,3,7.51,8.12,8.39,9.16,8.36,9.26,8.85,127.89,138.24,142.87,155.94,142.41,157.57,150.74,26-Sep,27-Sep,28-Sep,29-Sep,30-Sep,1-Oct,2-Oct,26-Sep,27-Sep,28-Sep,29-Sep,30-Sep,1-Oct,2-Oct,0,0,7
Amravati,Akola,Akola,Akola,Patur,20028224,Shirpur & 12 VRRWSS Tq. Patur Dist. Akola,Sasti,6071,2,1.07,0.97,1.23,1.17,0.89,1.22,1.20,17.62,16.05,20.25,19.30,14.67,20.15,19.70,26-Sep,27-Sep,28-Sep,29-Sep,30-Sep,1-Oct,2-Oct,26-Sep,27-Sep,28-Sep,29-Sep,30-Sep,1-Oct,2-Oct,0,7,0
Amravati,Amravati,Amravati W.M,W.M.Amravati - 2,Chandur Bazar_Achalpur_Amravati_Bhatkuli,20003791,105 Villages RRWSS,Tarkheda,3773,2,3.58,3.46,3.24,3.63,3.62,3.22,3.70,94.88,91.70,85.87,96.21,95.94,85.34,98.07,26-Sep,27-Sep,28-Sep,29-Sep,30-Sep,1-Oct,2-Oct,26-Sep,27-Sep,28-Sep,29-Sep,30-Sep,1-Oct,2-Oct,0,0,7
Amravati,Akola,Akola,Akola,Akot_Telhara,20028420,Popatkhed 97 VRRWSS Tq. Akot & Telhara Dist. Akola,Amona,393,1,0.00,0.16,0.17,1.72,0.83,1.58,1.80,0.00,41.03,42.50,438.75,211.19,402.73,458.74,26-Sep,27-Sep,28-Sep,29-Sep,30-Sep,1-Oct,2-Oct,26-Sep,27-Sep,28-Sep,29-Sep,30-Sep,1-Oct,2-Oct,1,3,4
Amravati,Amravati,Amravati,Achalpur,Achalpur_Chandur Bazar,7945938,83 Village RRWS Scheme MJP RR (C 39),Kakda,1104,2,0.00,0.00,0.00,3.35,0.00,0.00,0.00,0.00,0.00,0.00,303.44,0.00,0.00,0.00,26-Sep,27-Sep,28-Sep,29-Sep,30-Sep,1-Oct,2-Oct,26-Sep,27-Sep,28-Sep,29-Sep,30-Sep,1-Oct,2-Oct,6,6,1
Amravati,Akola,Akola,Akola,Patur,20028224,Shirpur & 12 VRRWSS Tq. Patur Dist. Akola,Pangartati,500,1,0.00,0.00,0.03,1.11,0.42,0.61,0.54,0.00,0.00,6.38,222.49,84.73,122.83,107.92,26-Sep,27-Sep,28-Sep,29-Sep,30-Sep,1-Oct,2-Oct,26-Sep,27-Sep,28-Sep,29-Sep,30-Sep,1-Oct,2-Oct,2,3,4
Amravati,Amravati,Amravati,Amravati - 2,Nandgaon Khandeshwar,20030263,Dhanora Gurav & 8 Villages RRWS,Wadala,446,1,0.66,0.18,1.28,0.36,0.86,0.50,0.05,148.95,39.71,287.59,80.77,192.60,111.87,11.03,26-Sep,27-Sep,28-Sep,29-Sep,30-Sep,1-Oct,2-Oct,26-Sep,27-Sep,28-Sep,29-Sep,30-Sep,1-Oct,2-Oct,0,2,5
Amravati,Akola,Akola,Akola,Barshitakali,20028246,Kanheri & 10 Villages RRWSS Tq. Barshitakli. Dist.Akola,Rustamabaad,2036,2,1.41,0.00,1.29,1.81,0.69,0.00,0.00,69.16,0.00,63.16,89.03,33.96,0.00,0.00,26-Sep,27-Sep,28-Sep,29-Sep,30-Sep,1-Oct,2-Oct,26-Sep,27-Sep,28-Sep,29-Sep,30-Sep,1-Oct,2-Oct,3,4,3
Amravati,Akola,Buldhana,Khamgaon,Nandura,20028083,Wadali & 8 Villages RRWSS,Muramba,596,2,0.00,0.00,0.00,0.00,0.00,0.00,0.00,0.00,0.00,0.00,0.00,0.00,0.00,0.00,26-Sep,27-Sep,28-Sep,29-Sep,30-Sep,1-Oct,2-Oct,26-Sep,27-Sep,28-Sep,29-Sep,30-Sep,1-Oct,2-Oct,7,7,0
Amravati,Akola,Akola,Akola,Telhara_Akola,20028565,"Akot 84 VRRWSS Tq. Akola, Akot & Telhara Dist. Akola",Khaparwadi Bk.,420,1,0.00,0.00,0.00,0.00,0.00,0.00,0.00,0.00,0.00,0.00,0.00,0.00,0.00,0.00,26-Sep,27-Sep,28-Sep,29-Sep,30-Sep,1-Oct,2-Oct,26-Sep,27-Sep,28-Sep,29-Sep,30-Sep,1-Oct,2-Oct,7,7,0
Amravati,Amravati,Amravati W.M,W.M.Amravati - 2,Chandur Bazar_Achalpur_Amravati_Bhatkuli,20003791,105 Villages RRWSS,Krishnapur,1029,1,1.51,1.49,0.93,1.90,1.52,1.75,1.39,146.74,144.80,90.38,184.65,147.72,170.07,135.08,26-Sep,27-Sep,28-Sep,29-Sep,30-Sep,1-Oct,2-Oct,26-Sep,27-Sep,28-Sep,29-Sep,30-Sep,1-Oct,2-Oct,0,0,7
Amravati,Akola,Akola,Akola,Akot_Telhara,20028420,Popatkhed 97 VRRWSS Tq. Akot & Telhara Dist. Akola,Shivpur,2631,3,0.00,0.00,0.00,0.00,0.00,0.00,0.00,0.00,0.00,0.00,0.00,0.00,0.00,0.00,26-Sep,27-Sep,28-Sep,29-Sep,30-Sep,1-Oct,2-Oct,26-Sep,27-Sep,28-Sep,29-Sep,30-Sep,1-Oct,2-Oct,7,7,0
Amravati,Amravati,Amravati W.M,Daryapur,Anjangaon_Daryapur_Bhatkuli,20005043,156 Villages Strengthening scheme of 144 villages RR,Naigaon,595,1,0.00,0.66,0.00,0.62,0.00,0.74,0.00,0.00,110.77,0.00,103.96,0.00,124.21,0.00,26-Sep,27-Sep,28-Sep,29-Sep,30-Sep,1-Oct,2-Oct,26-Sep,27-Sep,28-Sep,29-Sep,30-Sep,1-Oct,2-Oct,4,4,3
Amravati,Akola,Akola,Akola,Akola,20027951,Khambora 60 VRRWSS Tq. & Dist. Akola,Anakwadi,563,1,0.00,0.00,0.00,0.00,0.00,0.00,0.00,0.00,0.00,0.00,0.00,0.00,0.00,0.00,26-Sep,27-Sep,28-Sep,29-Sep,30-Sep,1-Oct,2-Oct,26-Sep,27-Sep,28-Sep,29-Sep,30-Sep,1-Oct,2-Oct,7,7,0
Amravati,Amravati,Amravati,Amravati - 2,Amravati,20029977,Bhankhed & 8 Village RRWSS,Mogra,1511,3,0.00,0.85,1.27,0.66,1.17,0.87,0.23,0.00,56.18,83.93,43.45,77.18,57.55,14.93,26-Sep,27-Sep,28-Sep,29-Sep,30-Sep,1-Oct,2-Oct,26-Sep,27-Sep,28-Sep,29-Sep,30-Sep,1-Oct,2-Oct,1,3,4
Amravati,Akola,Akola,Murtizapur,Murtizapur,20028330,Langhapur 50 VRRWSS Tq. Murtizapur Dist. Akola,Sirso,1395,3,0.14,1.75,0.00,1.76,0.03,1.76,0.28,10.25,125.80,0.00,126.40,2.09,126.18,20.12,26-Sep,27-Sep,28-Sep,29-Sep,30-Sep,1-Oct,2-Oct,26-Sep,27-Sep,28-Sep,29-Sep,30-Sep,1-Oct,2-Oct,1,4,3
Amravati,Amravati,Amravati W.M,W.M.Amravati - 2,Chandur Bazar_Achalpur_Amravati_Bhatkuli,20003791,105 Villages RRWSS,Waki,872,2,0.14,0.00,0.00,0.00,0.18,0.00,0.13,16.06,0.00,0.00,0.00,20.64,0.00,14.91,26-Sep,27-Sep,28-Sep,29-Sep,30-Sep,1-Oct,2-Oct,26-Sep,27-Sep,28-Sep,29-Sep,30-Sep,1-Oct,2-Oct,4,7,0
Amravati,Akola,Akola,Akola,Barshitakali,20028235,Dhaba & 13 Villages RRWSS Tq.Barshitakali Dist.Akola,Rajanda,4346,3,2.96,0.00,0.32,1.14,2.09,1.80,2.79,68.04,0.00,7.44,26.15,48.18,41.44,64.11,26-Sep,27-Sep,28-Sep,29-Sep,30-Sep,1-Oct,2-Oct,26-Sep,27-Sep,28-Sep,29-Sep,30-Sep,1-Oct,2-Oct,1,5,2
Amravati,Amravati,Amravati,Achalpur,Achalpur_Chandur Bazar,7945938,83 Village RRWS Scheme MJP RR (C 39),Deurwada,912,3,2.89,2.89,2.60,3.38,3.39,3.06,2.84,316.89,316.89,285.09,370.61,371.71,335.53,311.40,26-Sep,27-Sep,28-Sep,29-Sep,30-Sep,1-Oct,2-Oct,26-Sep,27-Sep,28-Sep,29-Sep,30-Sep,1-Oct,2-Oct,0,0,7
Amravati,Amravati,Amravati,Chandur Bazar,Chandur Bazar,20027511,"19 Villages RRWSS, Ta. Chandur Bazaar",Sonori Sultanpur,2399,2,0.00,0.00,0.00,0.00,0.00,0.00,0.00,0.00,0.00,0.00,0.00,0.00,0.00,0.00,26-Sep,27-Sep,28-Sep,29-Sep,30-Sep,1-Oct,2-Oct,26-Sep,27-Sep,28-Sep,29-Sep,30-Sep,1-Oct,2-Oct,7,7,0
Amravati,Akola,Akola,Akola,Akot_Telhara,20028420,Popatkhed 97 VRRWSS Tq. Akot & Telhara Dist. Akola,Wastapur,1565,2,0.00,0.00,0.00,0.00,0.00,0.00,0.00,0.00,0.00,0.00,0.00,0.00,0.00,0.00,26-Sep,27-Sep,28-Sep,29-Sep,30-Sep,1-Oct,2-Oct,26-Sep,27-Sep,28-Sep,29-Sep,30-Sep,1-Oct,2-Oct,7,7,0
Amravati,Amravati,Amravati W.M,W.M.Amravati - 2,Chandur Bazar_Achalpur_Amravati_Bhatkuli,20003791,105 Villages RRWSS,Dhamori,737,3,37.44,39.28,43.27,38.12,2.38,0.00,0.00,5080.21,5329.13,5870.81,5172.12,323.25,0.00,0.00,26-Sep,27-Sep,28-Sep,29-Sep,30-Sep,1-Oct,2-Oct,26-Sep,27-Sep,28-Sep,29-Sep,30-Sep,1-Oct,2-Oct,2,2,5
Amravati,Amravati,Amravati W.M,W.M.Amravati - 2,Chandur Bazar_Achalpur_Amravati_Bhatkuli,20003791,105 Villages RRWSS,Chimnapur E.,62,1,0.00,0.01,0.22,0.00,0.00,0.27,0.00,0.00,16.13,354.84,0.00,0.00,435.48,0.00,26-Sep,27-Sep,28-Sep,29-Sep,30-Sep,1-Oct,2-Oct,26-Sep,27-Sep,28-Sep,29-Sep,30-Sep,1-Oct,2-Oct,4,5,2
Amravati,Akola,Akola,Akola,Patur,20028224,Shirpur & 12 VRRWSS Tq. Patur Dist. Akola,Chatari,3054,3,0.00,0.00,0.00,0.00,0.00,0.00,0.00,0.00,0.00,0.00,0.00,0.00,0.00,0.00,26-Sep,27-Sep,28-Sep,29-Sep,30-Sep,1-Oct,2-Oct,26-Sep,27-Sep,28-Sep,29-Sep,30-Sep,1-Oct,2-Oct,7,7,0
Amravati,Akola,Buldhana,Khamgaon,Shegaon,20013865,Chincholi & 30 Villages RRWSS,Gaulkhed,1490,2,0.47,0.33,0.47,0.17,0.49,0.32,0.38,31.48,21.93,31.73,11.36,32.58,21.63,25.84,26-Sep,27-Sep,28-Sep,29-Sep,30-Sep,1-Oct,2-Oct,26-Sep,27-Sep,28-Sep,29-Sep,30-Sep,1-Oct,2-Oct,0,7,0
Amravati,Amravati,Amravati W.M,W.M.Amravati - 2,Chandur Bazar_Achalpur_Amravati_Bhatkuli,20003791,105 Villages RRWSS,Kharala,2392,3,10.12,10.01,10.62,10.03,9.95,7.94,0.52,423.08,418.48,443.98,419.31,415.97,331.94,21.74,26-Sep,27-Sep,28-Sep,29-Sep,30-Sep,1-Oct,2-Oct,26-Sep,27-Sep,28-Sep,29-Sep,30-Sep,1-Oct,2-Oct,0,1,6
Amravati,Akola,Akola,Akola,Akot_Telhara,20028420,Popatkhed 97 VRRWSS Tq. Akot & Telhara Dist. Akola,Jitapur Pr. Rupagad,256,3,0.22,0.09,0.15,0.18,0.18,0.24,0.23,85.64,35.84,59.53,71.80,70.83,94.74,89.66,26-Sep,27-Sep,28-Sep,29-Sep,30-Sep,1-Oct,2-Oct,26-Sep,27-Sep,28-Sep,29-Sep,30-Sep,1-Oct,2-Oct,0,1,6
Amravati,Amravati,Amravati,Achalpur,Achalpur,20029998,Shahanur & 9 Villages RRWS,Januna,1827,2,1.74,2.41,2.79,2.29,2.45,2.39,1.92,95.04,131.66,152.53,125.19,134.01,130.81,105.00,26-Sep,27-Sep,28-Sep,29-Sep,30-Sep,1-Oct,2-Oct,26-Sep,27-Sep,28-Sep,29-Sep,30-Sep,1-Oct,2-Oct,0,0,7
Amravati,Amravati,Amravati W.M,W.M.Amravati - 2,Chandur Bazar_Achalpur_Amravati_Bhatkuli,20003791,105 Villages RRWSS,Bhatkuli NP,1310,2,7.94,7.84,8.00,8.11,7.86,8.24,7.93,606.11,598.47,610.69,619.08,600.00,629.01,605.34,26-Sep,27-Sep,28-Sep,29-Sep,30-Sep,1-Oct,2-Oct,26-Sep,27-Sep,28-Sep,29-Sep,30-Sep,1-Oct,2-Oct,0,0,7
Amravati,Akola,Akola,Akola,Akot_Telhara,20028420,Popatkhed 97 VRRWSS Tq. Akot & Telhara Dist. Akola,Bochara,498,1,3.74,4.21,5.27,5.44,4.62,4.95,6.95,751.00,845.38,1058.23,1092.37,927.71,993.98,1395.58,26-Sep,27-Sep,28-Sep,29-Sep,30-Sep,1-Oct,2-Oct,26-Sep,27-Sep,28-Sep,29-Sep,30-Sep,1-Oct,2-Oct,0,0,7
Amravati,Amravati,Amravati W.M,W.M.Amravati - 2,Chandur Bazar_Achalpur_Amravati_Bhatkuli,20003791,105 Villages RRWSS,Nanori,1237,2,0.00,0.00,0.00,0.00,0.00,0.00,0.00,0.00,0.00,0.00,0.00,0.00,0.00,0.00,26-Sep,27-Sep,28-Sep,29-Sep,30-Sep,1-Oct,2-Oct,26-Sep,27-Sep,28-Sep,29-Sep,30-Sep,1-Oct,2-Oct,7,7,0
Amravati,Amravati,Amravati W.M,Daryapur,Anjangaon_Daryapur_Bhatkuli,20005043,156 Villages Strengthening scheme of 144 villages RR,Ahmadpur,689,1,0.00,0.25,0.34,0.24,0.48,0.28,0.40,0.00,36.81,49.94,34.33,70.04,40.58,58.38,26-Sep,27-Sep,28-Sep,29-Sep,30-Sep,1-Oct,2-Oct,26-Sep,27-Sep,28-Sep,29-Sep,30-Sep,1-Oct,2-Oct,1,5,2
Amravati,Akola,Akola,Murtizapur,Murtizapur,20028330,Langhapur 50 VRRWSS Tq. Murtizapur Dist. Akola,Chikhli,314,2,0.00,0.00,0.00,0.00,0.00,0.00,0.00,0.00,0.00,0.00,0.00,0.00,0.00,0.00,26-Sep,27-Sep,28-Sep,29-Sep,30-Sep,1-Oct,2-Oct,26-Sep,27-Sep,28-Sep,29-Sep,30-Sep,1-Oct,2-Oct,7,7,0
Amravati,Amravati,Amravati,Achalpur,Achalpur_Chandur Bazar,7945938,83 Village RRWS Scheme MJP RR (C 39),Dhanora,149,1,0.00,0.00,0.00,0.00,0.00,0.00,0.00,0.00,0.00,0.00,0.00,0.00,0.00,0.00,26-Sep,27-Sep,28-Sep,29-Sep,30-Sep,1-Oct,2-Oct,26-Sep,27-Sep,28-Sep,29-Sep,30-Sep,1-Oct,2-Oct,7,7,0
Amravati,Akola,Akola,Akola,Telhara_Akola,20028565,"Akot 84 VRRWSS Tq. Akola, Akot & Telhara Dist. Akola",Wani,373,1,0.86,0.00,0.00,1.68,0.35,0.00,0.00,230.56,0.00,0.00,450.40,93.83,0.00,0.00,26-Sep,27-Sep,28-Sep,29-Sep,30-Sep,1-Oct,2-Oct,26-Sep,27-Sep,28-Sep,29-Sep,30-Sep,1-Oct,2-Oct,4,4,3
Amravati,Akola,Buldhana,Khamgaon,Nandura,4104783,Hingne Gavhad & 13 Villages RRWSS,Belad,1060,1,0.00,0.00,0.00,0.01,0.00,0.08,0.00,0.00,0.00,0.00,0.80,0.00,7.54,0.00,26-Sep,27-Sep,28-Sep,29-Sep,30-Sep,1-Oct,2-Oct,26-Sep,27-Sep,28-Sep,29-Sep,30-Sep,1-Oct,2-Oct,5,7,0
Amravati,Amravati,Amravati,Achalpur,Achalpur_Chandur Bazar,7945938,83 Village RRWS Scheme MJP RR (C 39),Kajali,363,1,0.94,0.84,0.93,0.93,1.04,1.09,1.57,258.95,231.40,256.20,256.20,286.50,300.28,432.51,26-Sep,27-Sep,28-Sep,29-Sep,30-Sep,1-Oct,2-Oct,26-Sep,27-Sep,28-Sep,29-Sep,30-Sep,1-Oct,2-Oct,0,0,7
Amravati,Amravati,Amravati W.M,W.M.Amravati - 2,Chandur Bazar_Achalpur_Amravati_Bhatkuli,20003791,105 Villages RRWSS,Wandli,494,1,3.83,4.26,4.66,4.35,2.01,4.24,3.55,775.30,862.35,943.32,880.57,406.88,858.30,718.62,26-Sep,27-Sep,28-Sep,29-Sep,30-Sep,1-Oct,2-Oct,26-Sep,27-Sep,28-Sep,29-Sep,30-Sep,1-Oct,2-Oct,0,0,7
Amravati,Amravati,Amravati,Amravati - 2,Nandgaon Khandeshwar,20030287,Takli & 4 Villages RRWS,Hiwara Kh.,1671,2,181.71,184.02,188.38,183.31,182.18,203.62,193.39,10874.33,11012.57,11273.49,10970.08,10902.45,12185.52,11573.31,26-Sep,27-Sep,28-Sep,29-Sep,30-Sep,1-Oct,2-Oct,26-Sep,27-Sep,28-Sep,29-Sep,30-Sep,1-Oct,2-Oct,0,0,7
Amravati,Amravati,Yavatmal,Pusad,Pusad,20028563,"Malpathar 28 Villages, (Reju.)",Rohada,3556,1,0.00,0.00,0.00,0.00,0.00,0.00,0.06,0.00,0.00,0.00,0.00,0.00,0.00,1.69,26-Sep,27-Sep,28-Sep,29-Sep,30-Sep,1-Oct,2-Oct,26-Sep,27-Sep,28-Sep,29-Sep,30-Sep,1-Oct,2-Oct,6,7,0
Amravati,Amravati,Amravati,Amravati - 2,Nandgaon Khandeshwar,20030263,Dhanora Gurav & 8 Villages RRWS,Pusner,441,1,0.00,0.00,0.00,0.00,0.00,0.00,0.00,0.00,0.00,0.00,0.00,0.00,0.00,0.00,26-Sep,27-Sep,28-Sep,29-Sep,30-Sep,1-Oct,2-Oct,26-Sep,27-Sep,28-Sep,29-Sep,30-Sep,1-Oct,2-Oct,7,7,0
Amravati,Amravati,Amravati,Achalpur,Achalpur_Chandur Bazar,7945938,83 Village RRWS Scheme MJP RR (C 39),Tawalar,675,3,1.07,0.93,1.08,0.80,1.06,0.95,1.25,158.52,137.78,160.00,118.52,157.04,140.74,185.19,26-Sep,27-Sep,28-Sep,29-Sep,30-Sep,1-Oct,2-Oct,26-Sep,27-Sep,28-Sep,29-Sep,30-Sep,1-Oct,2-Oct,0,0,7
Amravati,Amravati,Amravati W.M,W.M.Amravati - 2,Chandur Bazar_Achalpur_Amravati_Bhatkuli,20003791,105 Villages RRWSS,Mhaispur,794,1,0.61,0.55,0.61,0.60,0.45,0.68,0.68,76.83,69.27,76.83,75.57,56.68,85.64,85.64,26-Sep,27-Sep,28-Sep,29-Sep,30-Sep,1-Oct,2-Oct,26-Sep,27-Sep,28-Sep,29-Sep,30-Sep,1-Oct,2-Oct,0,0,7
Amravati,Amravati,Amravati W.M,Daryapur,Anjangaon_Daryapur_Bhatkuli,20005043,156 Villages Strengthening scheme of 144 villages RR,Umari KuranKhed,376,1,0.00,0.00,0.00,0.00,0.00,0.00,0.00,0.00,0.00,0.00,0.00,0.00,0.00,0.00,26-Sep,27-Sep,28-Sep,29-Sep,30-Sep,1-Oct,2-Oct,26-Sep,27-Sep,28-Sep,29-Sep,30-Sep,1-Oct,2-Oct,7,7,0
Amravati,Akola,Akola,Akola,Balapur,20028208,"Wadegaon & 24 VRRWSS Tq. Akola, Balapur & Barshitakali Dist.Akola",Khirpuri Kh.,675,1,0.57,0.62,0.60,0.62,0.55,0.63,0.58,84.11,91.71,89.51,92.19,81.56,93.02,86.43,26-Sep,27-Sep,28-Sep,29-Sep,30-Sep,1-Oct,2-Oct,26-Sep,27-Sep,28-Sep,29-Sep,30-Sep,1-Oct,2-Oct,0,0,7
Amravati,Akola,Buldhana,Khamgaon,Shegaon,20013865,Chincholi & 30 Villages RRWSS,Chincholi,2886,1,0.00,0.00,0.00,0.00,0.00,0.00,0.00,0.00,0.00,0.00,0.00,0.00,0.00,0.00,26-Sep,27-Sep,28-Sep,29-Sep,30-Sep,1-Oct,2-Oct,26-Sep,27-Sep,28-Sep,29-Sep,30-Sep,1-Oct,2-Oct,7,7,0
Amravati,Akola,Akola,Akola,Telhara_Akola,20028565,"Akot 84 VRRWSS Tq. Akola, Akot & Telhara Dist. Akola",Warula,1141,1,0.00,0.00,0.00,0.00,0.00,0.00,0.00,0.00,0.00,0.00,0.00,0.00,0.00,0.00,26-Sep,27-Sep,28-Sep,29-Sep,30-Sep,1-Oct,2-Oct,26-Sep,27-Sep,28-Sep,29-Sep,30-Sep,1-Oct,2-Oct,7,7,0
Amravati,Akola,Buldhana,Khamgaon,Shegaon,20013865,Chincholi & 30 Villages RRWSS,Warkhed KH,1306,2,0.00,0.00,0.00,0.00,0.00,0.00,0.00,0.00,0.00,0.00,0.00,0.00,0.00,0.00,26-Sep,27-Sep,28-Sep,29-Sep,30-Sep,1-Oct,2-Oct,26-Sep,27-Sep,28-Sep,29-Sep,30-Sep,1-Oct,2-Oct,7,7,0
Amravati,Amravati,Yavatmal,Pusad,Pusad,20018633,Jawala 13 Villages RR PWS,Deothana,1208,3,0.60,0.29,0.41,1.52,0.34,1.42,0.19,49.33,24.26,33.81,125.94,28.36,117.37,16.07,26-Sep,27-Sep,28-Sep,29-Sep,30-Sep,1-Oct,2-Oct,26-Sep,27-Sep,28-Sep,29-Sep,30-Sep,1-Oct,2-Oct,0,5,2
Amravati,Akola,Akola,Akola,Balapur_Akola,20028254,Balapur 69 VRRWSS Tq. Balapur Dist. Akola,Karanja Ramjan,1287,2,0.00,0.43,2.34,0.39,1.89,0.39,1.73,0.14,33.39,181.49,30.14,146.80,30.45,134.30,26-Sep,27-Sep,28-Sep,29-Sep,30-Sep,1-Oct,2-Oct,26-Sep,27-Sep,28-Sep,29-Sep,30-Sep,1-Oct,2-Oct,0,4,3
Amravati,Akola,Akola,Akola,Akot_Telhara,20028420,Popatkhed 97 VRRWSS Tq. Akot & Telhara Dist. Akola,Wadgaon Mendhe,927,3,1.03,1.40,0.05,1.29,1.45,1.45,0.79,111.03,150.86,4.93,139.36,156.56,156.52,85.24,26-Sep,27-Sep,28-Sep,29-Sep,30-Sep,1-Oct,2-Oct,26-Sep,27-Sep,28-Sep,29-Sep,30-Sep,1-Oct,2-Oct,0,1,6
Amravati,Akola,Buldhana,Buldhana,Motala,20027978,Dhamangaon Deshmukh & 9 Villages RRWSS,Ramgaon Tanda,475,2,0.00,0.00,0.00,0.00,0.92,0.04,0.00,0.00,0.00,0.00,0.00,193.68,8.42,0.00,26-Sep,27-Sep,28-Sep,29-Sep,30-Sep,1-Oct,2-Oct,26-Sep,27-Sep,28-Sep,29-Sep,30-Sep,1-Oct,2-Oct,5,6,1
Amravati,Akola,Akola,Akola,Balapur,20028208,"Wadegaon & 24 VRRWSS Tq. Akola, Balapur & Barshitakali Dist.Akola",Ridhora,3925,3,0.73,0.73,0.73,0.74,0.70,0.74,0.74,18.67,18.68,18.72,18.74,17.89,18.78,18.74,26-Sep,27-Sep,28-Sep,29-Sep,30-Sep,1-Oct,2-Oct,26-Sep,27-Sep,28-Sep,29-Sep,30-Sep,1-Oct,2-Oct,0,7,0
Amravati,Akola,Akola,Akola,Patur,20028224,Shirpur & 12 VRRWSS Tq. Patur Dist. Akola,Tulanga KH,1934,2,0.14,1.25,0.98,0.00,2.10,0.05,0.93,7.45,64.67,50.78,0.00,108.70,2.33,48.06,26-Sep,27-Sep,28-Sep,29-Sep,30-Sep,1-Oct,2-Oct,26-Sep,27-Sep,28-Sep,29-Sep,30-Sep,1-Oct,2-Oct,1,5,2
Amravati,Amravati,Amravati,Achalpur,Achalpur_Chandur Bazar,7945938,83 Village RRWS Scheme MJP RR (C 39),Tondgaon,560,3,2.00,0.04,1.30,0.00,2.04,0.00,2.06,357.14,7.14,232.14,0.00,364.29,0.00,367.86,26-Sep,27-Sep,28-Sep,29-Sep,30-Sep,1-Oct,2-Oct,26-Sep,27-Sep,28-Sep,29-Sep,30-Sep,1-Oct,2-Oct,2,3,4
Amravati,Amravati,Amravati,Amravati - 2,Nandgaon Khandeshwar,20029975,Mangrul Chavhala & 8 Villages RRWS,Mangrul Chawada,4127,4,0.09,2.11,2.63,2.50,3.10,2.95,2.43,2.30,51.19,63.71,60.67,75.01,71.43,58.96,26-Sep,27-Sep,28-Sep,29-Sep,30-Sep,1-Oct,2-Oct,26-Sep,27-Sep,28-Sep,29-Sep,30-Sep,1-Oct,2-Oct,0,2,5
Amravati,Akola,Akola,Akola,Akola,20027951,Khambora 60 VRRWSS Tq. & Dist. Akola,Dahigaon,3458,2,0.00,0.00,0.00,0.00,0.00,0.00,0.00,0.00,0.00,0.00,0.00,0.00,0.00,0.00,26-Sep,27-Sep,28-Sep,29-Sep,30-Sep,1-Oct,2-Oct,26-Sep,27-Sep,28-Sep,29-Sep,30-Sep,1-Oct,2-Oct,7,7,0
Amravati,Akola,Buldhana,Buldhana,Motala,20027978,Dhamangaon Deshmukh & 9 Villages RRWSS,Chinchkhed Nath,1366,2,0.02,0.02,0.05,0.04,0.05,0.02,0.05,1.37,1.36,3.75,2.95,3.68,1.69,3.39,26-Sep,27-Sep,28-Sep,29-Sep,30-Sep,1-Oct,2-Oct,26-Sep,27-Sep,28-Sep,29-Sep,30-Sep,1-Oct,2-Oct,0,7,0
Amravati,Akola,Akola,Akola,Akot_Telhara,20028420,Popatkhed 97 VRRWSS Tq. Akot & Telhara Dist. Akola,Jalgaon Nahate,1424,2,0.16,0.30,0.21,0.20,0.19,0.61,0.14,11.14,21.03,14.56,14.26,13.46,43.08,10.18,26-Sep,27-Sep,28-Sep,29-Sep,30-Sep,1-Oct,2-Oct,26-Sep,27-Sep,28-Sep,29-Sep,30-Sep,1-Oct,2-Oct,0,7,0
Amravati,Amravati,Amravati,Amravati - 2,Chandur Rly,20030227,Chirodi & 4 Villages RRWS,Chirodi,2434,3,0.66,0.39,0.29,0.23,0.24,0.17,0.30,27.08,16.07,11.82,9.45,9.84,7.08,12.43,26-Sep,27-Sep,28-Sep,29-Sep,30-Sep,1-Oct,2-Oct,26-Sep,27-Sep,28-Sep,29-Sep,30-Sep,1-Oct,2-Oct,0,7,0
Amravati,Akola,Akola,Akola,Telhara_Akola,20028565,"Akot 84 VRRWSS Tq. Akola, Akot & Telhara Dist. Akola",Panori,535,1,0.00,0.00,0.00,0.00,0.00,0.00,0.00,0.00,0.00,0.00,0.00,0.00,0.00,0.00,26-Sep,27-Sep,28-Sep,29-Sep,30-Sep,1-Oct,2-Oct,26-Sep,27-Sep,28-Sep,29-Sep,30-Sep,1-Oct,2-Oct,7,7,0
Amravati,Akola,Buldhana,Buldhana,Motala,20027978,Dhamangaon Deshmukh & 9 Villages RRWSS,Bhangi Tanda,398,1,0.00,0.00,0.00,0.00,0.00,0.00,0.00,0.00,0.00,0.00,0.00,0.00,0.00,0.00,26-Sep,27-Sep,28-Sep,29-Sep,30-Sep,1-Oct,2-Oct,26-Sep,27-Sep,28-Sep,29-Sep,30-Sep,1-Oct,2-Oct,7,7,0
Amravati,Akola,Buldhana,Buldhana,Buldhana,20094594,Hatedi & 5 Villages RRWSS,Hatedi Bk.,2891,2,0.00,0.00,0.00,0.00,0.00,0.00,0.00,0.00,0.00,0.00,0.00,0.00,0.00,0.00,26-Sep,27-Sep,28-Sep,29-Sep,30-Sep,1-Oct,2-Oct,26-Sep,27-Sep,28-Sep,29-Sep,30-Sep,1-Oct,2-Oct,7,7,0
Amravati,Akola,Akola,Murtizapur,Murtizapur,20028270,"Lakhpuri 18 VRRWSS Tq. Murtizapur, Dist. Akola",Ghungshi,636,1,0.93,0.80,0.94,0.74,0.65,0.82,0.96,146.98,125.94,147.75,116.25,101.52,128.97,151.00,26-Sep,27-Sep,28-Sep,29-Sep,30-Sep,1-Oct,2-Oct,26-Sep,27-Sep,28-Sep,29-Sep,30-Sep,1-Oct,2-Oct,0,0,7
Amravati,Amravati,Amravati,Achalpur,Achalpur,20028532,"24 Villages RRWSS, Ta. Achalpur",Yevata,1718,2,0.00,0.00,0.00,0.00,0.00,0.00,0.00,0.00,0.00,0.00,0.00,0.00,0.00,0.00,26-Sep,27-Sep,28-Sep,29-Sep,30-Sep,1-Oct,2-Oct,26-Sep,27-Sep,28-Sep,29-Sep,30-Sep,1-Oct,2-Oct,7,7,0
Amravati,Akola,Akola,Akola,Telhara_Akola,20028565,"Akot 84 VRRWSS Tq. Akola, Akot & Telhara Dist. Akola",Balegaon,1353,1,3.04,0.00,210.37,143.85,0.00,0.00,258.54,224.69,0.00,15548.41,10631.99,0.00,0.00,19108.65,26-Sep,27-Sep,28-Sep,29-Sep,30-Sep,1-Oct,2-Oct,26-Sep,27-Sep,28-Sep,29-Sep,30-Sep,1-Oct,2-Oct,3,3,4
Amravati,Akola,Buldhana,Deulgaon Raja,Mehkar,20094641,Loni Kale & 7 VRRWSS,Gomedhar,1504,2,0.00,0.00,0.29,1.20,0.00,0.00,0.58,0.00,0.00,19.58,79.86,0.00,0.00,38.42,26-Sep,27-Sep,28-Sep,29-Sep,30-Sep,1-Oct,2-Oct,26-Sep,27-Sep,28-Sep,29-Sep,30-Sep,1-Oct,2-Oct,4,6,1
Amravati,Amravati,Amravati,Amravati - 2,Amravati_Morshi_Tiwasa,20017838,Nandgaon Peth & 32 Villages,Mahuli Jahangir,7089,2,5.53,3.67,1.06,7.10,8.45,7.45,7.96,78.04,51.77,14.97,100.09,119.23,105.09,112.33,26-Sep,27-Sep,28-Sep,29-Sep,30-Sep,1-Oct,2-Oct,26-Sep,27-Sep,28-Sep,29-Sep,30-Sep,1-Oct,2-Oct,0,2,5
Amravati,Amravati,Amravati W.M,Daryapur,Anjangaon_Daryapur_Bhatkuli,20005043,156 Villages Strengthening scheme of 144 villages RR,Kalashi,1663,1,0.00,0.24,0.78,0.23,1.07,0.21,0.90,0.00,14.38,46.78,13.70,64.58,12.60,54.15,26-Sep,27-Sep,28-Sep,29-Sep,30-Sep,1-Oct,2-Oct,26-Sep,27-Sep,28-Sep,29-Sep,30-Sep,1-Oct,2-Oct,1,6,1
Amravati,Akola,Buldhana,Buldhana,Motala,20021409,Kurha & 2 Villages RRWSS,Kurha,2299,2,1.87,1.38,1.91,1.68,1.36,1.86,2.09,81.34,60.03,83.08,73.08,59.16,80.90,90.91,26-Sep,27-Sep,28-Sep,29-Sep,30-Sep,1-Oct,2-Oct,26-Sep,27-Sep,28-Sep,29-Sep,30-Sep,1-Oct,2-Oct,0,0,7
Amravati,Akola,Buldhana,Buldhana,Buldhana,20021406,Padali & 5 Villages RRWSS,Gondhankhed,413,1,0.00,0.00,0.00,0.00,0.00,0.00,0.00,0.00,0.00,0.00,0.00,0.00,0.00,0.00,26-Sep,27-Sep,28-Sep,29-Sep,30-Sep,1-Oct,2-Oct,26-Sep,27-Sep,28-Sep,29-Sep,30-Sep,1-Oct,2-Oct,7,7,0
Amravati,Amravati,Amravati,Amravati - 2,Nandgaon Khandeshwar,20029922,Chandsura & 9 Villages RRWS,Jawara,1145,2,1.17,0.97,0.05,1.18,1.02,0.94,1.20,102.29,84.36,4.68,103.45,88.77,82.12,104.52,26-Sep,27-Sep,28-Sep,29-Sep,30-Sep,1-Oct,2-Oct,26-Sep,27-Sep,28-Sep,29-Sep,30-Sep,1-Oct,2-Oct,0,1,6
Amravati,Akola,Buldhana,Buldhana,Buldhana,20021406,Padali & 5 Villages RRWSS,Ijalpur,817,1,0.00,0.00,0.00,0.00,0.00,0.00,0.00,0.00,0.00,0.00,0.00,0.00,0.00,0.00,26-Sep,27-Sep,28-Sep,29-Sep,30-Sep,1-Oct,2-Oct,26-Sep,27-Sep,28-Sep,29-Sep,30-Sep,1-Oct,2-Oct,7,7,0
Amravati,Amravati,Yavatmal,Pusad,Pusad,20028563,"Malpathar 28 Villages, (Reju.)",Nanad no 2,3116,2,0.49,0.00,0.00,0.00,0.30,0.00,0.22,15.73,0.00,0.00,0.00,9.63,0.00,7.06,26-Sep,27-Sep,28-Sep,29-Sep,30-Sep,1-Oct,2-Oct,26-Sep,27-Sep,28-Sep,29-Sep,30-Sep,1-Oct,2-Oct,4,7,0
Amravati,Akola,Akola,Murtizapur,Murtizapur,20028270,"Lakhpuri 18 VRRWSS Tq. Murtizapur, Dist. Akola",Lakhpuri,3562,3,0.03,2.22,1.50,0.00,0.00,0.00,0.00,0.77,62.19,42.00,0.00,0.00,0.00,0.00,26-Sep,27-Sep,28-Sep,29-Sep,30-Sep,1-Oct,2-Oct,26-Sep,27-Sep,28-Sep,29-Sep,30-Sep,1-Oct,2-Oct,4,6,1
Amravati,Akola,Buldhana,Buldhana,Buldhana,20094594,Hatedi & 5 Villages RRWSS,Zari,593,1,0.00,0.00,0.00,0.00,0.00,0.00,0.00,0.00,0.00,0.00,0.00,0.00,0.00,0.00,26-Sep,27-Sep,28-Sep,29-Sep,30-Sep,1-Oct,2-Oct,26-Sep,27-Sep,28-Sep,29-Sep,30-Sep,1-Oct,2-Oct,7,7,0
Amravati,Akola,Akola,Akola,Balapur_Akola,20028254,Balapur 69 VRRWSS Tq. Balapur Dist. Akola,Antri Malkapur,1755,1,0.00,0.00,0.00,0.00,0.00,0.00,0.00,0.00,0.00,0.00,0.00,0.00,0.00,0.00,26-Sep,27-Sep,28-Sep,29-Sep,30-Sep,1-Oct,2-Oct,26-Sep,27-Sep,28-Sep,29-Sep,30-Sep,1-Oct,2-Oct,7,7,0
Amravati,Amravati,Amravati,Chandur Bazar,Morshi,20029439,Charghad 23 Villages RRWS Under Charghad Project,Domak,1125,2,1.00,1.13,1.72,1.33,1.93,2.61,1.34,89.14,100.17,153.14,118.66,171.34,232.36,119.19,26-Sep,27-Sep,28-Sep,29-Sep,30-Sep,1-Oct,2-Oct,26-Sep,27-Sep,28-Sep,29-Sep,30-Sep,1-Oct,2-Oct,0,0,7
Amravati,Amravati,Amravati,Chandur Bazar,Chandur Bazar,20027511,"19 Villages RRWSS, Ta. Chandur Bazaar",Surali,1519,2,1.12,1.41,1.17,1.21,1.50,0.94,1.53,73.95,92.89,76.88,79.66,98.90,61.98,100.85,26-Sep,27-Sep,28-Sep,29-Sep,30-Sep,1-Oct,2-Oct,26-Sep,27-Sep,28-Sep,29-Sep,30-Sep,1-Oct,2-Oct,0,0,7
Amravati,Akola,Akola,Akola,Akot_Telhara,20028420,Popatkhed 97 VRRWSS Tq. Akot & Telhara Dist. Akola,Mohala,3873,2,0.00,0.00,0.00,0.00,0.00,0.00,0.00,0.00,0.00,0.00,0.00,0.00,0.00,0.00,26-Sep,27-Sep,28-Sep,29-Sep,30-Sep,1-Oct,2-Oct,26-Sep,27-Sep,28-Sep,29-Sep,30-Sep,1-Oct,2-Oct,7,7,0
Amravati,Akola,Buldhana,Khamgaon,Nandura,4104783,Hingne Gavhad & 13 Villages RRWSS,Mominabad,2356,1,1.04,0.00,0.46,1.33,1.29,0.77,0.00,44.12,0.00,19.32,56.46,54.56,32.67,0.00,26-Sep,27-Sep,28-Sep,29-Sep,30-Sep,1-Oct,2-Oct,26-Sep,27-Sep,28-Sep,29-Sep,30-Sep,1-Oct,2-Oct,2,6,1
Amravati,Amravati,Amravati W.M,Daryapur,Anjangaon_Daryapur_Bhatkuli,20005043,156 Villages Strengthening scheme of 144 villages RR,Bhambora,343,1,0.30,0.05,0.06,0.00,0.00,0.02,0.22,86.43,13.58,18.67,0.00,0.00,4.78,63.02,26-Sep,27-Sep,28-Sep,29-Sep,30-Sep,1-Oct,2-Oct,26-Sep,27-Sep,28-Sep,29-Sep,30-Sep,1-Oct,2-Oct,2,5,2
Amravati,Akola,Buldhana,Khamgaon,Shegaon,20013865,Chincholi & 30 Villages RRWSS,Kherda,1687,2,1.01,0.94,1.03,1.22,1.11,1.11,1.09,59.59,55.85,60.86,72.41,65.99,65.56,64.68,26-Sep,27-Sep,28-Sep,29-Sep,30-Sep,1-Oct,2-Oct,26-Sep,27-Sep,28-Sep,29-Sep,30-Sep,1-Oct,2-Oct,0,0,7
Amravati,Akola,Akola,Murtizapur,Murtizapur,20028270,"Lakhpuri 18 VRRWSS Tq. Murtizapur, Dist. Akola",Lait,581,1,0.46,0.73,0.89,0.59,1.14,0.81,1.21,79.57,126.03,154.02,102.29,195.46,140.23,207.62,26-Sep,27-Sep,28-Sep,29-Sep,30-Sep,1-Oct,2-Oct,26-Sep,27-Sep,28-Sep,29-Sep,30-Sep,1-Oct,2-Oct,0,0,7
Amravati,Amravati,Amravati,Amravati - 2,Amravati_Morshi_Tiwasa,20017838,Nandgaon Peth & 32 Villages,Wagholi,2745,2,1.34,0.48,2.02,2.01,1.91,1.88,1.65,48.92,17.66,73.70,73.29,69.75,68.37,60.06,26-Sep,27-Sep,28-Sep,29-Sep,30-Sep,1-Oct,2-Oct,26-Sep,27-Sep,28-Sep,29-Sep,30-Sep,1-Oct,2-Oct,0,2,5
Amravati,Amravati,Amravati W.M,Daryapur,Anjangaon_Daryapur_Bhatkuli,20005043,156 Villages Strengthening scheme of 144 villages RR,Pimplod,4197,2,6.37,3.64,4.29,5.85,4.33,6.62,6.01,151.82,86.63,102.32,139.42,103.18,157.71,143.32,26-Sep,27-Sep,28-Sep,29-Sep,30-Sep,1-Oct,2-Oct,26-Sep,27-Sep,28-Sep,29-Sep,30-Sep,1-Oct,2-Oct,0,0,7
Amravati,Akola,Akola,Akola,Telhara_Akola,20028565,"Akot 84 VRRWSS Tq. Akola, Akot & Telhara Dist. Akola",Alewadi,800,1,0.91,0.00,0.01,0.00,0.95,0.00,0.00,113.75,0.00,1.25,0.00,118.75,0.00,0.00,26-Sep,27-Sep,28-Sep,29-Sep,30-Sep,1-Oct,2-Oct,26-Sep,27-Sep,28-Sep,29-Sep,30-Sep,1-Oct,2-Oct,4,5,2
Amravati,Amravati,Amravati,Chandur Bazar,Morshi,20029439,Charghad 23 Villages RRWS Under Charghad Project,Pimpri,1886,1,0.00,0.00,0.00,0.00,0.00,0.00,0.00,0.00,0.00,0.00,0.00,0.00,0.00,0.00,26-Sep,27-Sep,28-Sep,29-Sep,30-Sep,1-Oct,2-Oct,26-Sep,27-Sep,28-Sep,29-Sep,30-Sep,1-Oct,2-Oct,7,7,0
Amravati,Amravati,Amravati,Achalpur,Achalpur_Chandur Bazar,7945938,83 Village RRWS Scheme MJP RR (C 39),Chamak Kh,254,1,9.40,9.43,9.25,9.18,10.61,9.99,9.73,3700.79,3712.60,3641.73,3614.17,4177.17,3933.07,3830.12,26-Sep,27-Sep,28-Sep,29-Sep,30-Sep,1-Oct,2-Oct,26-Sep,27-Sep,28-Sep,29-Sep,30-Sep,1-Oct,2-Oct,0,0,7
Amravati,Amravati,Amravati,Amravati - 2,Nandgaon Khandeshwar,20029922,Chandsura & 9 Villages RRWS,Januna,1512,1,0.00,0.00,0.00,0.00,0.00,0.00,0.00,0.00,0.00,0.00,0.00,0.00,0.00,0.00,26-Sep,27-Sep,28-Sep,29-Sep,30-Sep,1-Oct,2-Oct,26-Sep,27-Sep,28-Sep,29-Sep,30-Sep,1-Oct,2-Oct,7,7,0
Amravati,Akola,Akola,Akola,Akot_Telhara,20028420,Popatkhed 97 VRRWSS Tq. Akot & Telhara Dist. Akola,Somthana,626,1,0.00,0.00,0.00,0.00,0.00,0.00,0.00,0.00,0.00,0.00,0.00,0.00,0.00,0.00,26-Sep,27-Sep,28-Sep,29-Sep,30-Sep,1-Oct,2-Oct,26-Sep,27-Sep,28-Sep,29-Sep,30-Sep,1-Oct,2-Oct,7,7,0
Amravati,Akola,Akola,Akola,Akot_Telhara,20028420,Popatkhed 97 VRRWSS Tq. Akot & Telhara Dist. Akola,Kund,327,1,0.30,0.10,0.32,0.40,0.40,0.35,0.24,90.29,30.43,98.82,123.22,121.14,105.87,72.25,26-Sep,27-Sep,28-Sep,29-Sep,30-Sep,1-Oct,2-Oct,26-Sep,27-Sep,28-Sep,29-Sep,30-Sep,1-Oct,2-Oct,0,1,6
Amravati,Akola,Akola,Murtizapur,Murtizapur,20028330,Langhapur 50 VRRWSS Tq. Murtizapur Dist. Akola,Pohi,301,1,1.85,0.24,1.34,1.27,0.34,1.71,0.91,614.13,80.25,443.58,422.13,113.16,566.56,303.85,26-Sep,27-Sep,28-Sep,29-Sep,30-Sep,1-Oct,2-Oct,26-Sep,27-Sep,28-Sep,29-Sep,30-Sep,1-Oct,2-Oct,0,0,7
Amravati,Amravati,Amravati,Amravati - 2,Chandur Rly,20030227,Chirodi & 4 Villages RRWS,Sawangi Magrapur,1385,2,0.83,0.78,0.93,0.86,0.00,0.00,2.43,59.88,56.36,67.44,62.25,0.12,0.07,175.60,26-Sep,27-Sep,28-Sep,29-Sep,30-Sep,1-Oct,2-Oct,26-Sep,27-Sep,28-Sep,29-Sep,30-Sep,1-Oct,2-Oct,0,2,5
Amravati,Amravati,Amravati W.M,W.M.Amravati - 2,Chandur Bazar_Achalpur_Amravati_Bhatkuli,20003791,105 Villages RRWSS,Virshi,1231,1,1.38,12.66,15.69,0.59,1.15,1.73,1.01,112.10,1028.43,1274.79,47.93,93.42,140.54,82.05,26-Sep,27-Sep,28-Sep,29-Sep,30-Sep,1-Oct,2-Oct,26-Sep,27-Sep,28-Sep,29-Sep,30-Sep,1-Oct,2-Oct,0,1,6
Amravati,Akola,Akola,Akola,Patur,20028224,Shirpur & 12 VRRWSS Tq. Patur Dist. Akola,Shirpur,1750,2,1.26,0.92,0.24,2.12,1.24,0.78,1.31,71.81,52.83,13.89,121.38,71.01,44.50,74.80,26-Sep,27-Sep,28-Sep,29-Sep,30-Sep,1-Oct,2-Oct,26-Sep,27-Sep,28-Sep,29-Sep,30-Sep,1-Oct,2-Oct,0,3,4
Amravati,Akola,Akola,Akola,Telhara_Akola,20028565,"Akot 84 VRRWSS Tq. Akola, Akot & Telhara Dist. Akola",Rajurwadi,46,1,0.00,0.00,0.00,0.00,0.00,0.00,0.00,0.00,0.00,0.00,0.00,0.00,0.00,0.00,26-Sep,27-Sep,28-Sep,29-Sep,30-Sep,1-Oct,2-Oct,26-Sep,27-Sep,28-Sep,29-Sep,30-Sep,1-Oct,2-Oct,7,7,0
Amravati,Amravati,Amravati W.M,W.M.Amravati - 2,Chandur Bazar_Achalpur_Amravati_Bhatkuli,20003791,105 Villages RRWSS,Madhalapur,500,1,0.68,1.11,0.59,1.03,0.68,0.91,0.72,136.00,222.00,118.00,206.00,136.00,182.00,144.00,26-Sep,27-Sep,28-Sep,29-Sep,30-Sep,1-Oct,2-Oct,26-Sep,27-Sep,28-Sep,29-Sep,30-Sep,1-Oct,2-Oct,0,0,7
Amravati,Akola,Buldhana,Buldhana,Motala,20027978,Dhamangaon Deshmukh & 9 Villages RRWSS,Dhamangaon Deshmukh,1452,1,0.00,0.00,0.00,0.00,0.00,0.00,0.00,0.00,0.00,0.00,0.00,0.00,0.00,0.00,26-Sep,27-Sep,28-Sep,29-Sep,30-Sep,1-Oct,2-Oct,26-Sep,27-Sep,28-Sep,29-Sep,30-Sep,1-Oct,2-Oct,7,7,0
Amravati,Akola,Buldhana,Khamgaon,Khamgaon,20090947,Lakhanwada & 21 villages RRWSS,Ambetakli,2311,2,0.00,0.04,0.90,4.56,3.00,2.35,0.10,0.00,1.56,39.03,197.19,129.65,101.72,4.18,26-Sep,27-Sep,28-Sep,29-Sep,30-Sep,1-Oct,2-Oct,26-Sep,27-Sep,28-Sep,29-Sep,30-Sep,1-Oct,2-Oct,1,4,3
Amravati,Amravati,Amravati,Amravati - 2,Nandgaon Khandeshwar,20029975,Mangrul Chavhala & 8 Villages RRWS,Sangrampur,664,1,2.92,0.00,2.36,3.15,1.97,2.24,1.81,439.15,0.06,355.75,474.74,296.02,337.16,272.89,26-Sep,27-Sep,28-Sep,29-Sep,30-Sep,1-Oct,2-Oct,26-Sep,27-Sep,28-Sep,29-Sep,30-Sep,1-Oct,2-Oct,0,1,6
Amravati,Amravati,Amravati,Achalpur,Achalpur_Chandur Bazar,7945938,83 Village RRWS Scheme MJP RR (C 39),Deomali,1500,2,6.60,6.87,6.47,6.99,6.76,6.66,6.74,440.00,458.00,431.33,466.00,450.67,444.00,449.44,26-Sep,27-Sep,28-Sep,29-Sep,30-Sep,1-Oct,2-Oct,26-Sep,27-Sep,28-Sep,29-Sep,30-Sep,1-Oct,2-Oct,0,0,7
Amravati,Amravati,Amravati W.M,W.M.Amravati - 2,Chandur Bazar_Achalpur_Amravati_Bhatkuli,20003791,105 Villages RRWSS,Sayat,2238,4,0.00,0.72,1.75,1.73,3.42,0.22,0.00,0.00,32.17,78.19,77.30,152.82,9.83,0.00,26-Sep,27-Sep,28-Sep,29-Sep,30-Sep,1-Oct,2-Oct,26-Sep,27-Sep,28-Sep,29-Sep,30-Sep,1-Oct,2-Oct,2,4,3
Amravati,Akola,Akola,Akola,Patur,20028224,Shirpur & 12 VRRWSS Tq. Patur Dist. Akola,Tulanga BK,1983,1,1.10,0.31,0.06,0.00,0.88,1.11,0.00,55.72,15.70,2.98,0.00,44.54,56.22,0.00,26-Sep,27-Sep,28-Sep,29-Sep,30-Sep,1-Oct,2-Oct,26-Sep,27-Sep,28-Sep,29-Sep,30-Sep,1-Oct,2-Oct,2,5,2
Amravati,Amravati,Amravati,Amravati - 2,Amravati_Morshi_Tiwasa,20017838,Nandgaon Peth & 32 Villages,Digargawan,819,1,1.26,0.49,0.83,0.63,0.56,0.71,0.75,154.11,60.22,101.76,76.76,67.81,87.26,92.07,26-Sep,27-Sep,28-Sep,29-Sep,30-Sep,1-Oct,2-Oct,26-Sep,27-Sep,28-Sep,29-Sep,30-Sep,1-Oct,2-Oct,0,0,7
Amravati,Akola,Akola,Akola,Akola,20027951,Khambora 60 VRRWSS Tq. & Dist. Akola,Likhanda Bk.,304,1,0.00,0.00,0.00,0.00,0.00,0.00,0.00,0.00,0.00,0.00,0.00,0.00,0.00,0.00,26-Sep,27-Sep,28-Sep,29-Sep,30-Sep,1-Oct,2-Oct,26-Sep,27-Sep,28-Sep,29-Sep,30-Sep,1-Oct,2-Oct,7,7,0
Amravati,Akola,Akola,Akola,Akola,20027951,Khambora 60 VRRWSS Tq. & Dist. Akola,Kaulkhed Gomase,388,1,0.00,0.00,0.00,0.00,0.00,0.00,0.00,0.00,0.00,0.00,0.00,0.00,0.00,0.00,26-Sep,27-Sep,28-Sep,29-Sep,30-Sep,1-Oct,2-Oct,26-Sep,27-Sep,28-Sep,29-Sep,30-Sep,1-Oct,2-Oct,7,7,0
Amravati,Akola,Buldhana,Khamgaon,Shegaon,20013865,Chincholi & 30 Villages RRWSS,Pimparala,1025,3,0.00,0.00,0.00,0.00,0.04,0.71,0.66,0.00,0.00,0.00,0.00,4.01,69.02,64.03,26-Sep,27-Sep,28-Sep,29-Sep,30-Sep,1-Oct,2-Oct,26-Sep,27-Sep,28-Sep,29-Sep,30-Sep,1-Oct,2-Oct,4,5,2
Amravati,Amravati,Amravati,Achalpur,Achalpur_Chandur Bazar,7945938,83 Village RRWS Scheme MJP RR (C 39),Ambada Kandari,276,1,1.96,1.85,1.85,1.82,1.60,1.99,1.87,710.14,670.29,670.29,659.42,579.71,721.01,677.54,26-Sep,27-Sep,28-Sep,29-Sep,30-Sep,1-Oct,2-Oct,26-Sep,27-Sep,28-Sep,29-Sep,30-Sep,1-Oct,2-Oct,0,0,7
Amravati,Amravati,Amravati,Achalpur,Achalpur_Chandur Bazar,7945938,83 Village RRWS Scheme MJP RR (C 39),Khel Choudhar,1350,1,6.31,6.07,6.12,7.01,5.98,7.47,5.59,467.16,449.41,453.39,519.08,442.96,553.37,414.16,26-Sep,27-Sep,28-Sep,29-Sep,30-Sep,1-Oct,2-Oct,26-Sep,27-Sep,28-Sep,29-Sep,30-Sep,1-Oct,2-Oct,0,0,7
Amravati,Akola,Akola,Akola,Barshitakali,20028246,Kanheri & 10 Villages RRWSS Tq. Barshitakli. Dist.Akola,Pimpalkhuta,1447,3,1.85,1.43,1.08,2.31,0.65,1.55,1.35,128.06,98.57,74.30,159.87,45.23,107.02,93.17,26-Sep,27-Sep,28-Sep,29-Sep,30-Sep,1-Oct,2-Oct,26-Sep,27-Sep,28-Sep,29-Sep,30-Sep,1-Oct,2-Oct,0,1,6
Amravati,Akola,Buldhana,Khamgaon,Shegaon,20013865,Chincholi & 30 Villages RRWSS,Warkhed BK,1542,1,0.00,0.00,0.00,0.00,0.00,0.00,0.00,0.00,0.00,0.00,0.00,0.00,0.00,0.00,26-Sep,27-Sep,28-Sep,29-Sep,30-Sep,1-Oct,2-Oct,26-Sep,27-Sep,28-Sep,29-Sep,30-Sep,1-Oct,2-Oct,7,7,0
Amravati,Akola,Akola,Akola,Balapur,20028208,"Wadegaon & 24 VRRWSS Tq. Akola, Balapur & Barshitakali Dist.Akola",Kanheri,4542,2,3.35,2.95,3.96,3.82,4.05,5.06,4.67,73.67,64.87,87.12,84.20,89.19,111.41,102.91,26-Sep,27-Sep,28-Sep,29-Sep,30-Sep,1-Oct,2-Oct,26-Sep,27-Sep,28-Sep,29-Sep,30-Sep,1-Oct,2-Oct,0,0,7
Amravati,Akola,Akola,Akola,Barshitakali,20028235,Dhaba & 13 Villages RRWSS Tq.Barshitakali Dist.Akola,Patkhed,1537,3,7.16,47.22,24.25,0.03,0.41,2.01,0.22,465.59,3072.48,1577.55,1.65,26.66,130.91,14.48,26-Sep,27-Sep,28-Sep,29-Sep,30-Sep,1-Oct,2-Oct,26-Sep,27-Sep,28-Sep,29-Sep,30-Sep,1-Oct,2-Oct,0,3,4
Amravati,Akola,Buldhana,Khamgaon,Shegaon,20094779,30 Villages RRWS Tal Shegaon(C39-ZP),Sangwa,624,1,0.12,0.00,0.48,0.41,0.10,0.59,0.14,19.03,0.17,77.15,66.01,16.09,93.87,22.16,26-Sep,27-Sep,28-Sep,29-Sep,30-Sep,1-Oct,2-Oct,26-Sep,27-Sep,28-Sep,29-Sep,30-Sep,1-Oct,2-Oct,0,4,3
Amravati,Akola,Buldhana,Buldhana,Motala,20027978,Dhamangaon Deshmukh & 9 Villages RRWSS,Pimpalgaon Nath,1482,2,0.00,0.00,0.00,0.00,0.00,0.00,0.00,0.00,0.00,0.00,0.12,0.00,0.00,0.00,26-Sep,27-Sep,28-Sep,29-Sep,30-Sep,1-Oct,2-Oct,26-Sep,27-Sep,28-Sep,29-Sep,30-Sep,1-Oct,2-Oct,6,7,0
Amravati,Akola,Akola,Akola,Telhara_Akola,20028565,"Akot 84 VRRWSS Tq. Akola, Akot & Telhara Dist. Akola",Dinoda,1491,2,0.00,0.00,0.00,0.00,0.00,0.00,0.00,0.00,0.00,0.00,0.00,0.00,0.00,0.00,26-Sep,27-Sep,28-Sep,29-Sep,30-Sep,1-Oct,2-Oct,26-Sep,27-Sep,28-Sep,29-Sep,30-Sep,1-Oct,2-Oct,7,7,0
Amravati,Amravati,Amravati,Achalpur,Achalpur_Chandur Bazar,7945938,83 Village RRWS Scheme MJP RR (C 39),Narayanpur,183,1,0.21,0.71,0.00,0.31,0.17,0.00,0.01,114.75,387.98,0.00,169.40,92.90,0.00,5.46,26-Sep,27-Sep,28-Sep,29-Sep,30-Sep,1-Oct,2-Oct,26-Sep,27-Sep,28-Sep,29-Sep,30-Sep,1-Oct,2-Oct,2,3,4
Amravati,Amravati,Amravati,Achalpur,Achalpur_Chandur Bazar,7945938,83 Village RRWS Scheme MJP RR (C 39),Karajgaon (Mahal),1443,2,0.00,0.00,0.00,0.00,0.00,0.00,0.00,0.00,0.00,0.00,0.00,0.00,0.00,0.00,26-Sep,27-Sep,28-Sep,29-Sep,30-Sep,1-Oct,2-Oct,26-Sep,27-Sep,28-Sep,29-Sep,30-Sep,1-Oct,2-Oct,7,7,0
Amravati,Akola,Akola,Akola,Telhara_Akola,20028565,"Akot 84 VRRWSS Tq. Akola, Akot & Telhara Dist. Akola",Sonbardi,712,2,0.02,0.68,0.20,0.00,0.03,0.56,0.18,2.81,95.51,28.09,0.00,4.21,78.65,25.28,26-Sep,27-Sep,28-Sep,29-Sep,30-Sep,1-Oct,2-Oct,26-Sep,27-Sep,28-Sep,29-Sep,30-Sep,1-Oct,2-Oct,1,5,2
Amravati,Akola,Akola,Akola,Telhara_Akola,20028565,"Akot 84 VRRWSS Tq. Akola, Akot & Telhara Dist. Akola",Chotta Bazar,5151,4,0.00,0.01,0.00,0.00,0.00,0.00,0.00,0.00,0.19,0.00,0.00,0.00,0.00,0.00,26-Sep,27-Sep,28-Sep,29-Sep,30-Sep,1-Oct,2-Oct,26-Sep,27-Sep,28-Sep,29-Sep,30-Sep,1-Oct,2-Oct,6,7,0
Amravati,Akola,Akola,Akola,Telhara_Akola,20028565,"Akot 84 VRRWSS Tq. Akola, Akot & Telhara Dist. Akola",Mundgaon,7199,2,5.23,4.10,0.00,5.54,5.29,2.67,0.00,72.65,57.00,0.00,76.99,73.45,37.13,0.00,26-Sep,27-Sep,28-Sep,29-Sep,30-Sep,1-Oct,2-Oct,26-Sep,27-Sep,28-Sep,29-Sep,30-Sep,1-Oct,2-Oct,2,3,4
Amravati,Amravati,Amravati W.M,Daryapur,Anjangaon_Daryapur_Bhatkuli,20005043,156 Villages Strengthening scheme of 144 villages RR,Nanded Bk.,2509,1,0.00,0.00,0.97,0.11,1.34,0.00,1.17,0.00,0.00,38.62,4.36,53.45,0.06,46.70,26-Sep,27-Sep,28-Sep,29-Sep,30-Sep,1-Oct,2-Oct,26-Sep,27-Sep,28-Sep,29-Sep,30-Sep,1-Oct,2-Oct,2,7,0
Amravati,Amravati,Amravati,Amravati - 2,Nandgaon Khandeshwar,20030287,Takli & 4 Villages RRWS,Takali,2522,2,0.92,0.00,1.10,0.93,0.27,0.89,1.11,36.58,0.00,43.67,36.93,10.80,35.34,44.06,26-Sep,27-Sep,28-Sep,29-Sep,30-Sep,1-Oct,2-Oct,26-Sep,27-Sep,28-Sep,29-Sep,30-Sep,1-Oct,2-Oct,1,7,0
Amravati,Amravati,Amravati W.M,W.M.Amravati - 2,Chandur Bazar_Achalpur_Amravati_Bhatkuli,20003791,105 Villages RRWSS,Dhangarkheda,326,1,0.33,0.51,0.00,0.16,0.42,0.18,0.09,101.23,156.44,0.00,49.08,128.83,55.21,27.61,26-Sep,27-Sep,28-Sep,29-Sep,30-Sep,1-Oct,2-Oct,26-Sep,27-Sep,28-Sep,29-Sep,30-Sep,1-Oct,2-Oct,1,3,4
Amravati,Akola,Akola,Akola,Akot_Telhara,20028420,Popatkhed 97 VRRWSS Tq. Akot & Telhara Dist. Akola,Gulghat,771,2,0.00,0.94,0.00,0.94,0.00,0.93,0.00,0.00,122.41,0.00,121.51,0.00,120.02,0.00,26-Sep,27-Sep,28-Sep,29-Sep,30-Sep,1-Oct,2-Oct,26-Sep,27-Sep,28-Sep,29-Sep,30-Sep,1-Oct,2-Oct,4,4,3
Amravati,Akola,Buldhana,Deulgaon Raja,Mehkar,20022859,Janefal Kalambeshwar RRWSS,Kalambeshwar,6063,2,0.35,0.00,0.00,1.48,0.71,0.00,5.40,5.80,0.00,0.00,24.38,11.66,0.00,89.02,26-Sep,27-Sep,28-Sep,29-Sep,30-Sep,1-Oct,2-Oct,26-Sep,27-Sep,28-Sep,29-Sep,30-Sep,1-Oct,2-Oct,3,6,1
Amravati,Amravati,Amravati W.M,W.M.Amravati - 2,Chandur Bazar_Achalpur_Amravati_Bhatkuli,20003791,105 Villages RRWSS,Gajanan Township,0,2,4.54,4.43,4.14,4.47,4.86,4.43,4.07,0.00,0.00,0.00,0.00,0.00,0.00,0.00,26-Sep,27-Sep,28-Sep,29-Sep,30-Sep,1-Oct,2-Oct,26-Sep,27-Sep,28-Sep,29-Sep,30-Sep,1-Oct,2-Oct,7,7,0
Amravati,Akola,Buldhana,Deulgaon Raja,Deulgaon Raja,20011134,Andhera & 9 Villages RRWSS,Dhotra Nandai,2187,3,0.08,0.38,0.14,0.34,0.00,0.04,0.34,3.60,17.55,6.27,15.40,0.00,1.61,15.74,26-Sep,27-Sep,28-Sep,29-Sep,30-Sep,1-Oct,2-Oct,26-Sep,27-Sep,28-Sep,29-Sep,30-Sep,1-Oct,2-Oct,1,7,0
Amravati,Akola,Akola,Murtizapur,Murtizapur,20028330,Langhapur 50 VRRWSS Tq. Murtizapur Dist. Akola,Rajura Ghate,268,1,0.00,0.00,0.00,2.06,0.00,0.00,2.12,0.00,0.00,0.00,768.66,0.00,0.00,791.04,26-Sep,27-Sep,28-Sep,29-Sep,30-Sep,1-Oct,2-Oct,26-Sep,27-Sep,28-Sep,29-Sep,30-Sep,1-Oct,2-Oct,5,5,2
Nashik,Jalgaon,Jalgaon,Erandol,Chalisgaon,20053796,Dondigar-Rohini & 15 Villages WSS,Pimpalgaon,1709,2,0.00,0.00,0.00,0.00,0.00,0.00,0.00,0.00,0.00,0.00,0.00,0.00,0.00,0.00,26-Sep,27-Sep,28-Sep,29-Sep,30-Sep,1-Oct,2-Oct,26-Sep,27-Sep,28-Sep,29-Sep,30-Sep,1-Oct,2-Oct,7,7,0
Nashik,Nashik,W M Nashik,Malegaon,Malegaon,20018682,Dhahiwal &25 Villages WSS Tal Malegaon,Palasadare,2027,1,0.15,0.00,0.00,0.16,1.91,0.00,0.00,7.28,0.05,0.05,8.02,94.25,0.03,0.00,26-Sep,27-Sep,28-Sep,29-Sep,30-Sep,1-Oct,2-Oct,26-Sep,27-Sep,28-Sep,29-Sep,30-Sep,1-Oct,2-Oct,1,6,1
Nashik,Nashik,Nashik,Malegaon,Malegaon,20037448,"78 villages in Nandgaon, Malegaon and Deola talukas",Kaulane,3303,2,0.00,0.87,1.07,1.03,0.58,0.99,1.55,0.00,26.37,32.39,31.10,17.53,29.97,46.96,26-Sep,27-Sep,28-Sep,29-Sep,30-Sep,1-Oct,2-Oct,26-Sep,27-Sep,28-Sep,29-Sep,30-Sep,1-Oct,2-Oct,1,7,0
Nashik,Nashik,W M Nashik,Malegaon,Chandwad,20086730,Retro.Chandwad and WSS 44 villages. Ta. Chandwad,Bhutyane,1557,1,0.52,0.00,0.00,0.00,0.54,0.00,0.00,33.59,0.00,0.00,0.00,34.77,0.00,0.00,26-Sep,27-Sep,28-Sep,29-Sep,30-Sep,1-Oct,2-Oct,26-Sep,27-Sep,28-Sep,29-Sep,30-Sep,1-Oct,2-Oct,5,7,0
Nashik,Nashik,W M Nashik,Malegaon,Chandwad,20086730,Retro.Chandwad and WSS 44 villages. Ta. Chandwad,Ganur,2555,1,0.00,0.00,0.00,0.00,0.00,0.00,0.00,0.02,0.00,0.00,0.00,0.00,0.00,0.00,26-Sep,27-Sep,28-Sep,29-Sep,30-Sep,1-Oct,2-Oct,26-Sep,27-Sep,28-Sep,29-Sep,30-Sep,1-Oct,2-Oct,6,7,0
Nashik,Nashik,W M Nashik,Malegaon,Chandwad,20086730,Retro.Chandwad and WSS 44 villages. Ta. Chandwad,Shirur,1835,2,0.00,0.00,0.00,0.00,0.00,0.00,0.00,0.00,0.00,0.00,0.00,0.00,0.00,0.00,26-Sep,27-Sep,28-Sep,29-Sep,30-Sep,1-Oct,2-Oct,26-Sep,27-Sep,28-Sep,29-Sep,30-Sep,1-Oct,2-Oct,7,7,0
Nashik,Nashik,Nashik,Manmad,Nifad,456654,"Retro. Lasalgaon Vinchur 16 Villages, Tal. Nifad",Vinchur,16088,3,5.64,1.95,0.00,0.75,0.00,4.70,3.02,35.07,12.09,0.00,4.64,0.00,29.21,18.75,26-Sep,27-Sep,28-Sep,29-Sep,30-Sep,1-Oct,2-Oct,26-Sep,27-Sep,28-Sep,29-Sep,30-Sep,1-Oct,2-Oct,2,7,0
Nashik,Nashik,Nashik,Sinnar,Sinnar,20019176,Retro. Bargaonpimpri & 6 VRWSS  Tal Sinnar,Gulwanch,6190,3,1.18,0.00,0.00,0.00,0.62,1.23,0.14,19.14,0.00,0.00,0.00,10.07,19.80,2.22,26-Sep,27-Sep,28-Sep,29-Sep,30-Sep,1-Oct,2-Oct,26-Sep,27-Sep,28-Sep,29-Sep,30-Sep,1-Oct,2-Oct,3,7,0
Nashik,Jalgaon,Jalgaon,Erandol,Muktainagar,20025401,Pahur Peth& Pahur Kasbe 2 Villages WSS Tal Jamner,Sangvi,679,1,0.00,0.00,0.00,0.00,0.00,0.00,0.00,0.00,0.00,0.00,0.00,0.00,0.00,0.00,26-Sep,27-Sep,28-Sep,29-Sep,30-Sep,1-Oct,2-Oct,26-Sep,27-Sep,28-Sep,29-Sep,30-Sep,1-Oct,2-Oct,7,7,0
Nashik,Nashik,W M Nashik,Malegaon,Chandwad,20086730,Retro.Chandwad and WSS 44 villages. Ta. Chandwad,Shirsane,1717,1,0.00,0.00,0.00,0.00,0.00,0.00,0.00,0.00,0.00,0.00,0.00,0.00,0.00,0.00,26-Sep,27-Sep,28-Sep,29-Sep,30-Sep,1-Oct,2-Oct,26-Sep,27-Sep,28-Sep,29-Sep,30-Sep,1-Oct,2-Oct,7,7,0
Nashik,Nashik,W M Nashik,Malegaon,Chandwad,20086730,Retro.Chandwad and WSS 44 villages. Ta. Chandwad,Pate,985,1,0.00,0.00,0.00,0.00,0.00,0.00,0.00,0.00,0.00,0.00,0.00,0.00,0.00,0.00,26-Sep,27-Sep,28-Sep,29-Sep,30-Sep,1-Oct,2-Oct,26-Sep,27-Sep,28-Sep,29-Sep,30-Sep,1-Oct,2-Oct,7,7,0
Nashik,Nashik,W M Nashik,Malegaon,Malegaon,20018682,Dhahiwal &25 Villages WSS Tal Malegaon,Gigaon,1317,2,0.00,0.00,0.00,0.00,0.00,0.00,0.00,0.00,0.00,0.00,0.00,0.00,0.00,0.00,26-Sep,27-Sep,28-Sep,29-Sep,30-Sep,1-Oct,2-Oct,26-Sep,27-Sep,28-Sep,29-Sep,30-Sep,1-Oct,2-Oct,7,7,0
Nashik,Jalgaon,Jalgaon,Nandurbar,Nandurbar,20057131,Waghale & 3 Villages,Waghale,3987,5,0.65,0.82,0.96,0.79,0.69,0.99,0.72,16.24,20.52,24.11,19.79,17.35,24.84,18.12,26-Sep,27-Sep,28-Sep,29-Sep,30-Sep,1-Oct,2-Oct,26-Sep,27-Sep,28-Sep,29-Sep,30-Sep,1-Oct,2-Oct,0,7,0
Nashik,Nashik,W M Nashik,Malegaon,Chandwad,20086730,Retro.Chandwad and WSS 44 villages. Ta. Chandwad,Redgaon Kh,1898,1,0.00,0.00,0.00,0.00,0.00,0.00,0.00,0.00,0.00,0.00,0.00,0.00,0.00,0.00,26-Sep,27-Sep,28-Sep,29-Sep,30-Sep,1-Oct,2-Oct,26-Sep,27-Sep,28-Sep,29-Sep,30-Sep,1-Oct,2-Oct,7,7,0
Nashik,Ahmednagar,Ahmednagar,Newasa,Pathardi,20040662,"Retro.Miri-Tisgaon and 33 villages, Tal. Pathardi",Lohasar,2118,2,0.00,0.00,0.00,0.00,0.00,0.00,0.00,0.00,0.00,0.00,0.00,0.00,0.00,0.00,26-Sep,27-Sep,28-Sep,29-Sep,30-Sep,1-Oct,2-Oct,26-Sep,27-Sep,28-Sep,29-Sep,30-Sep,1-Oct,2-Oct,7,7,0
Nashik,Ahmednagar,Sangamner,Akole,Akole,20028069,Ganore and 4 villagesTa. Akole,Ganore,4035,3,0.00,0.18,0.00,0.00,0.08,0.00,0.67,0.02,4.34,0.00,0.01,1.98,0.00,16.62,26-Sep,27-Sep,28-Sep,29-Sep,30-Sep,1-Oct,2-Oct,26-Sep,27-Sep,28-Sep,29-Sep,30-Sep,1-Oct,2-Oct,2,7,0
Nashik,Ahmednagar,Ahmednagar,Newasa,shevgaon,20028535,"Amarapur and Mali Babhulgaon 49 villages, Tal. Pathardi",Sangavi Bk,765,2,0.00,0.00,0.00,0.00,0.00,0.00,0.00,0.00,0.00,0.00,0.00,0.00,0.00,0.00,26-Sep,27-Sep,28-Sep,29-Sep,30-Sep,1-Oct,2-Oct,26-Sep,27-Sep,28-Sep,29-Sep,30-Sep,1-Oct,2-Oct,7,7,0
Nashik,Nashik,W M Nashik,Malegaon,Chandwad,20086730,Retro.Chandwad and WSS 44 villages. Ta. Chandwad,Bharvir,1288,2,0.00,0.00,0.00,0.00,0.00,0.00,0.00,0.00,0.00,0.00,0.00,0.00,0.00,0.00,26-Sep,27-Sep,28-Sep,29-Sep,30-Sep,1-Oct,2-Oct,26-Sep,27-Sep,28-Sep,29-Sep,30-Sep,1-Oct,2-Oct,7,7,0
Nashik,Nashik,W M Nashik,Malegaon,Chandwad,20086730,Retro.Chandwad and WSS 44 villages. Ta. Chandwad,Gangave,1658,1,0.94,0.00,0.00,0.00,0.00,0.00,0.00,56.67,0.00,0.00,0.00,0.00,0.00,0.00,26-Sep,27-Sep,28-Sep,29-Sep,30-Sep,1-Oct,2-Oct,26-Sep,27-Sep,28-Sep,29-Sep,30-Sep,1-Oct,2-Oct,6,6,1
Nashik,Nashik,W M Nashik,Malegaon,Malegaon,20018682,Dhahiwal &25 Villages WSS Tal Malegaon,Sitane,854,1,0.00,0.00,1.07,0.00,0.00,1.17,0.36,0.00,0.00,125.40,0.00,0.00,137.55,41.77,26-Sep,27-Sep,28-Sep,29-Sep,30-Sep,1-Oct,2-Oct,26-Sep,27-Sep,28-Sep,29-Sep,30-Sep,1-Oct,2-Oct,4,5,2
Nashik,Jalgaon,Jalgaon,Chopda,Chopda,20053731,Lasur and 9 villages RRWSS. Ta. Chopda,Chaugaon,2980,2,1.74,2.51,1.73,2.55,1.82,2.69,1.42,58.32,84.30,57.93,85.44,61.11,90.29,47.72,26-Sep,27-Sep,28-Sep,29-Sep,30-Sep,1-Oct,2-Oct,26-Sep,27-Sep,28-Sep,29-Sep,30-Sep,1-Oct,2-Oct,0,1,6
Nashik,Nashik,W M Nashik,Malegaon,Chandwad,20086730,Retro.Chandwad and WSS 44 villages. Ta. Chandwad,Kheldari,2246,2,0.00,0.00,0.00,0.00,0.00,0.00,0.00,0.00,0.00,0.00,0.00,0.00,0.00,0.00,26-Sep,27-Sep,28-Sep,29-Sep,30-Sep,1-Oct,2-Oct,26-Sep,27-Sep,28-Sep,29-Sep,30-Sep,1-Oct,2-Oct,7,7,0
Nashik,Nashik,W M Nashik,Malegaon,Chandwad,20086730,Retro.Chandwad and WSS 44 villages. Ta. Chandwad,Pimpalgaon Dabali,919,1,0.00,0.00,0.00,0.00,0.00,0.00,0.00,0.00,0.00,0.00,0.00,0.00,0.00,0.00,26-Sep,27-Sep,28-Sep,29-Sep,30-Sep,1-Oct,2-Oct,26-Sep,27-Sep,28-Sep,29-Sep,30-Sep,1-Oct,2-Oct,7,7,0
Nashik,Nashik,Nashik,Manmad,Yeola,20030798,Retrofitting To Yeola 38 Villages,N. Kheda BK.,1152,1,0.00,0.00,0.00,0.00,0.00,0.00,0.00,0.00,0.00,0.00,0.00,0.00,0.00,0.00,26-Sep,27-Sep,28-Sep,29-Sep,30-Sep,1-Oct,2-Oct,26-Sep,27-Sep,28-Sep,29-Sep,30-Sep,1-Oct,2-Oct,7,7,0
Nashik,Nashik,Nashik,Manmad,Yeola,20030798,Retrofitting To Yeola 38 Villages,Pimpalkute Kh.,657,1,0.00,0.00,0.00,0.00,0.00,0.00,0.00,0.00,0.00,0.00,0.00,0.00,0.00,0.00,26-Sep,27-Sep,28-Sep,29-Sep,30-Sep,1-Oct,2-Oct,26-Sep,27-Sep,28-Sep,29-Sep,30-Sep,1-Oct,2-Oct,7,7,0
Nashik,Ahmednagar,Ahmednagar,Ahmednagar,Nagar,20046349,Retro Ghospuri & 16 Villages RRWSS Tal- Nagar,Baburdi Bend,1328,2,0.00,0.00,0.00,0.00,0.00,0.00,0.00,0.00,0.00,0.00,0.00,0.00,0.00,0.00,26-Sep,27-Sep,28-Sep,29-Sep,30-Sep,1-Oct,2-Oct,26-Sep,27-Sep,28-Sep,29-Sep,30-Sep,1-Oct,2-Oct,7,7,0
Nashik,Nashik,W M Nashik,Malegaon,Chandwad,20086730,Retro.Chandwad and WSS 44 villages. Ta. Chandwad,Nimgavhan,1004,1,0.00,0.00,0.00,0.00,0.00,0.00,0.00,0.00,0.00,0.00,0.00,0.00,0.00,0.00,26-Sep,27-Sep,28-Sep,29-Sep,30-Sep,1-Oct,2-Oct,26-Sep,27-Sep,28-Sep,29-Sep,30-Sep,1-Oct,2-Oct,7,7,0
Nashik,Ahmednagar,Ahmednagar,Ahmednagar,Nagar,20046296,Burhannagar & 45 Villages Retro RRWSS,Rui Chattashi,4035,2,0.00,0.00,0.00,0.00,0.00,0.00,0.00,0.00,0.00,0.00,0.00,0.00,0.00,0.00,26-Sep,27-Sep,28-Sep,29-Sep,30-Sep,1-Oct,2-Oct,26-Sep,27-Sep,28-Sep,29-Sep,30-Sep,1-Oct,2-Oct,7,7,0
Nashik,Jalgaon,Jalgaon,Dhule,Shindkheda,20056040,"Chimthane and 85 villages, Tal. Shindkheda",Gavhane,1442,2,0.32,0.20,0.36,0.20,0.32,0.19,0.09,22.22,13.65,24.76,14.07,22.36,13.46,6.44,26-Sep,27-Sep,28-Sep,29-Sep,30-Sep,1-Oct,2-Oct,26-Sep,27-Sep,28-Sep,29-Sep,30-Sep,1-Oct,2-Oct,0,7,0
Nashik,Ahmednagar,Sangamner,Kopargaon,Rahata,20054877,Retro.Kelvad Bk.& 2 villages RRWSS. Ta.Rahta,Kelwad Kd,5875,1,0.00,0.00,0.00,0.00,0.00,0.00,0.00,0.00,0.00,0.00,0.00,0.00,0.00,0.00,26-Sep,27-Sep,28-Sep,29-Sep,30-Sep,1-Oct,2-Oct,26-Sep,27-Sep,28-Sep,29-Sep,30-Sep,1-Oct,2-Oct,7,7,0
Nashik,Ahmednagar,Ahmednagar,Newasa,Nevasa,5348540,"Retro.Sonai Karjgaon and 16 villages, Tal. Nevasa",KHARWANDI,6263,2,1.82,1.78,0.07,1.54,1.70,1.78,1.91,29.11,28.35,1.04,24.54,27.08,28.49,30.49,26-Sep,27-Sep,28-Sep,29-Sep,30-Sep,1-Oct,2-Oct,26-Sep,27-Sep,28-Sep,29-Sep,30-Sep,1-Oct,2-Oct,0,7,0
Nashik,Jalgaon,Jalgaon,Chopda,Chopda,20053731,Lasur and 9 villages RRWSS. Ta. Chopda,Kazipura,863,2,1.55,1.62,1.45,1.47,1.37,1.49,1.55,179.88,188.20,168.37,169.88,158.38,172.39,179.41,26-Sep,27-Sep,28-Sep,29-Sep,30-Sep,1-Oct,2-Oct,26-Sep,27-Sep,28-Sep,29-Sep,30-Sep,1-Oct,2-Oct,0,0,7
Nashik,Nashik,Nashik,Malegaon,Nandgaon,20037448,"78 villages in Nandgaon, Malegaon and Deola talukas",Yesgaon Bk,3698,2,0.74,2.23,0.39,1.74,0.83,1.00,1.53,20.08,60.32,10.52,47.12,22.34,27.16,41.31,26-Sep,27-Sep,28-Sep,29-Sep,30-Sep,1-Oct,2-Oct,26-Sep,27-Sep,28-Sep,29-Sep,30-Sep,1-Oct,2-Oct,0,6,1
Nashik,Nashik,W M Nashik,Malegaon,Chandwad,20086730,Retro.Chandwad and WSS 44 villages. Ta. Chandwad,Vadalibhoi,9581,2,1.92,1.76,1.56,2.94,2.95,2.29,2.43,20.09,18.35,16.32,30.68,30.78,23.89,25.34,26-Sep,27-Sep,28-Sep,29-Sep,30-Sep,1-Oct,2-Oct,26-Sep,27-Sep,28-Sep,29-Sep,30-Sep,1-Oct,2-Oct,0,7,0
Nashik,Nashik,W M Nashik,Malegaon,Malegaon,20018579,Malmatha and 25 villages Ta. Malegaon,Dahidi,2354,1,0.37,0.73,0.00,0.62,0.61,0.64,0.66,15.60,31.08,0.00,26.37,25.92,27.06,28.24,26-Sep,27-Sep,28-Sep,29-Sep,30-Sep,1-Oct,2-Oct,26-Sep,27-Sep,28-Sep,29-Sep,30-Sep,1-Oct,2-Oct,1,7,0
Nashik,Ahmednagar,Ahmednagar,Newasa,shevgaon,20028535,"Amarapur and Mali Babhulgaon 49 villages, Tal. Pathardi",Awhane Bk,1995,2,0.01,1.70,0.00,1.46,0.00,1.53,0.00,0.48,85.32,0.00,73.42,0.00,76.65,0.00,26-Sep,27-Sep,28-Sep,29-Sep,30-Sep,1-Oct,2-Oct,26-Sep,27-Sep,28-Sep,29-Sep,30-Sep,1-Oct,2-Oct,3,4,3
Nashik,Ahmednagar,Ahmednagar,Shreerampur,Rahuri,20041657,Warvandi and others 10 villages. Tal.Rahuri,Dhamori Kh.,2033,2,0.06,0.00,0.07,0.00,0.08,0.00,0.06,2.95,0.00,3.36,0.01,3.96,0.00,3.09,26-Sep,27-Sep,28-Sep,29-Sep,30-Sep,1-Oct,2-Oct,26-Sep,27-Sep,28-Sep,29-Sep,30-Sep,1-Oct,2-Oct,2,7,0
Nashik,Ahmednagar,Ahmednagar,Newasa,shevgaon,20028535,"Amarapur and Mali Babhulgaon 49 villages, Tal. Pathardi",Talani,1300,2,0.50,0.46,0.00,0.45,0.42,0.44,0.43,38.13,35.27,0.19,34.50,32.66,33.57,33.44,26-Sep,27-Sep,28-Sep,29-Sep,30-Sep,1-Oct,2-Oct,26-Sep,27-Sep,28-Sep,29-Sep,30-Sep,1-Oct,2-Oct,0,7,0
Nashik,Jalgaon,Jalgaon,Dhule,Shindkheda,20056040,"Chimthane and 85 villages, Tal. Shindkheda",Dabali,1672,2,3.42,2.42,3.54,7.02,2.75,2.04,7.58,204.58,144.49,211.55,419.96,164.22,121.72,453.20,26-Sep,27-Sep,28-Sep,29-Sep,30-Sep,1-Oct,2-Oct,26-Sep,27-Sep,28-Sep,29-Sep,30-Sep,1-Oct,2-Oct,0,0,7
Nashik,Ahmednagar,Ahmednagar,Shreerampur,Shrirampur,20030740,"Belapur Bk. Wss, Ta. Shrirampur",Belapur Bk.,9515,10,0.84,0.71,1.15,1.09,0.71,0.86,0.74,8.86,7.46,12.10,11.42,7.45,9.07,7.73,26-Sep,27-Sep,28-Sep,29-Sep,30-Sep,1-Oct,2-Oct,26-Sep,27-Sep,28-Sep,29-Sep,30-Sep,1-Oct,2-Oct,0,7,0
Nashik,Nashik,W M Nashik,Malegaon,Malegaon,20018579,Malmatha and 25 villages Ta. Malegaon,Astane,4436,3,2.51,0.69,5.65,4.37,1.72,0.43,0.80,56.49,15.67,127.38,98.50,38.77,9.78,17.94,26-Sep,27-Sep,28-Sep,29-Sep,30-Sep,1-Oct,2-Oct,26-Sep,27-Sep,28-Sep,29-Sep,30-Sep,1-Oct,2-Oct,0,4,3
Nashik,Nashik,W M Nashik,W.M.Nashik,Dindori,20039676,Mulane & 3Villages RRWSS Tal. Dindori,Sangamner,1076,1,0.21,0.12,0.00,0.07,0.08,0.12,0.00,19.31,11.23,0.03,6.06,7.06,10.93,0.00,26-Sep,27-Sep,28-Sep,29-Sep,30-Sep,1-Oct,2-Oct,26-Sep,27-Sep,28-Sep,29-Sep,30-Sep,1-Oct,2-Oct,1,7,0
Nashik,Nashik,W M Nashik,Malegaon,Chandwad,20086730,Retro.Chandwad and WSS 44 villages. Ta. Chandwad,Raypur,3624,1,1.22,0.87,0.00,0.20,0.00,0.00,0.00,33.70,24.04,0.00,5.47,0.00,0.00,0.00,26-Sep,27-Sep,28-Sep,29-Sep,30-Sep,1-Oct,2-Oct,26-Sep,27-Sep,28-Sep,29-Sep,30-Sep,1-Oct,2-Oct,4,7,0
Nashik,Nashik,Nashik,Manmad,Yeola,20040090,"Dhulgaon and 17 villages, Tal. Yeola",Satali,1087,1,0.00,0.08,0.73,0.19,0.00,0.72,0.00,0.00,7.24,66.84,17.37,0.00,66.09,0.00,26-Sep,27-Sep,28-Sep,29-Sep,30-Sep,1-Oct,2-Oct,26-Sep,27-Sep,28-Sep,29-Sep,30-Sep,1-Oct,2-Oct,3,5,2
Nashik,Ahmednagar,Ahmednagar,Shreerampur,Rahuri,20028775,Sonegaon and Dhanore WSS. Ta.Rahuri,Dhanore,4991,7,0.07,3.05,3.71,1.47,3.30,3.67,2.05,1.31,61.04,74.40,29.42,66.16,73.51,41.10,26-Sep,27-Sep,28-Sep,29-Sep,30-Sep,1-Oct,2-Oct,26-Sep,27-Sep,28-Sep,29-Sep,30-Sep,1-Oct,2-Oct,0,3,4
Nashik,Nashik,Nashik,Manmad,Yeola,20030798,Retrofitting To Yeola 38 Villages,Vikharni,2325,1,0.00,1.07,0.00,0.00,0.00,1.06,0.00,0.00,46.02,0.00,0.00,0.00,45.70,0.02,26-Sep,27-Sep,28-Sep,29-Sep,30-Sep,1-Oct,2-Oct,26-Sep,27-Sep,28-Sep,29-Sep,30-Sep,1-Oct,2-Oct,4,7,0
Nashik,Ahmednagar,Sangamner,Sangamner,Sangamner,7937337,"Retro.Nimon and 4 villages, Tal. Sangamner",Palaskhede,3954,2,0.00,0.00,0.00,0.00,0.00,0.00,0.00,0.00,0.00,0.00,0.00,0.00,0.00,0.00,26-Sep,27-Sep,28-Sep,29-Sep,30-Sep,1-Oct,2-Oct,26-Sep,27-Sep,28-Sep,29-Sep,30-Sep,1-Oct,2-Oct,7,7,0
Nashik,Nashik,Nashik,Manmad,Nifad,456654,"Retro. Lasalgaon Vinchur 16 Villages, Tal. Nifad",Pimpalgaon Najik,11607,2,2.77,4.27,0.00,1.65,0.00,0.00,1.65,23.84,36.79,0.00,14.20,0.00,0.00,14.23,26-Sep,27-Sep,28-Sep,29-Sep,30-Sep,1-Oct,2-Oct,26-Sep,27-Sep,28-Sep,29-Sep,30-Sep,1-Oct,2-Oct,3,7,0
Nashik,Nashik,Nashik,Malegaon,Malegaon,20037448,"78 villages in Nandgaon, Malegaon and Deola talukas",Jatpada,1571,2,0.28,0.26,0.00,0.00,0.00,0.00,0.00,17.56,16.41,0.00,0.00,0.00,0.00,0.00,26-Sep,27-Sep,28-Sep,29-Sep,30-Sep,1-Oct,2-Oct,26-Sep,27-Sep,28-Sep,29-Sep,30-Sep,1-Oct,2-Oct,5,7,0
Nashik,Nashik,W M Nashik,Malegaon,Chandwad,20086730,Retro.Chandwad and WSS 44 villages. Ta. Chandwad,Shinde,1804,2,0.00,0.00,0.00,0.28,0.14,0.15,0.00,0.00,0.00,0.00,15.76,7.70,8.41,0.00,26-Sep,27-Sep,28-Sep,29-Sep,30-Sep,1-Oct,2-Oct,26-Sep,27-Sep,28-Sep,29-Sep,30-Sep,1-Oct,2-Oct,4,7,0
Nashik,Jalgaon,Jalgaon,Erandol,Jamner,20025401,Pahur Peth& Pahur Kasbe 2 Villages WSS Tal Jamner,Pahur Peth,13205,5,9.43,6.81,12.23,4.75,1.80,4.98,3.94,71.40,51.56,92.60,35.99,13.61,37.73,29.84,26-Sep,27-Sep,28-Sep,29-Sep,30-Sep,1-Oct,2-Oct,26-Sep,27-Sep,28-Sep,29-Sep,30-Sep,1-Oct,2-Oct,0,5,2
Nashik,Ahmednagar,Ahmednagar,Newasa,Pathardi,20040662,"Retro.Miri-Tisgaon and 33 villages, Tal. Pathardi",Bhose,1285,1,0.00,0.00,0.00,0.00,0.00,###############################################################################################################################################################################################################################################################,0.00,0.00,0.00,0.00,0.00,0.00,###############################################################################################################################################################################################################################################################,0.00,26-Sep,27-Sep,28-Sep,29-Sep,30-Sep,1-Oct,2-Oct,26-Sep,27-Sep,28-Sep,29-Sep,30-Sep,1-Oct,2-Oct,6,6,1
Nashik,Ahmednagar,Ahmednagar,Newasa,shevgaon,20028535,"Amarapur and Mali Babhulgaon 49 villages, Tal. Pathardi",Malegaon,889,2,0.00,0.00,0.00,0.00,0.00,0.00,0.00,0.00,0.00,0.00,0.00,0.00,0.00,0.00,26-Sep,27-Sep,28-Sep,29-Sep,30-Sep,1-Oct,2-Oct,26-Sep,27-Sep,28-Sep,29-Sep,30-Sep,1-Oct,2-Oct,7,7,0
Nashik,Nashik,Nashik,Malegaon,Nandgaon,20037448,"78 villages in Nandgaon, Malegaon and Deola talukas",Varhane,2285,3,0.00,1.09,0.00,0.88,0.70,0.36,0.37,0.00,47.75,0.00,38.64,30.67,15.76,16.06,26-Sep,27-Sep,28-Sep,29-Sep,30-Sep,1-Oct,2-Oct,26-Sep,27-Sep,28-Sep,29-Sep,30-Sep,1-Oct,2-Oct,2,7,0
Nashik,Nashik,Nashik,Sinnar,Sinnar,20019176,Retro. Bargaonpimpri & 6 VRWSS  Tal Sinnar,Baragaon Pimpri,5275,2,0.00,0.00,0.00,0.00,0.00,0.65,1.76,0.00,0.00,0.01,0.00,0.00,12.28,33.38,26-Sep,27-Sep,28-Sep,29-Sep,30-Sep,1-Oct,2-Oct,26-Sep,27-Sep,28-Sep,29-Sep,30-Sep,1-Oct,2-Oct,4,7,0
Nashik,Jalgaon,Jalgaon,Dhule,Shindkheda,20056088,Mouje betawad & padawad WSS tal Shindkheda,Padhawad,2674,2,1.63,1.53,2.16,1.81,1.92,2.05,1.84,61.04,57.14,80.64,67.61,71.87,76.54,68.82,26-Sep,27-Sep,28-Sep,29-Sep,30-Sep,1-Oct,2-Oct,26-Sep,27-Sep,28-Sep,29-Sep,30-Sep,1-Oct,2-Oct,0,0,7
Nashik,Jalgaon,Jalgaon,Dhule,Shindkheda,20056088,Mouje betawad & padawad WSS tal Shindkheda,Betawad,8854,3,9.74,8.86,1.54,8.93,10.43,9.00,15.20,109.96,100.08,17.36,100.89,117.75,101.62,171.69,26-Sep,27-Sep,28-Sep,29-Sep,30-Sep,1-Oct,2-Oct,26-Sep,27-Sep,28-Sep,29-Sep,30-Sep,1-Oct,2-Oct,0,1,6
Nashik,Jalgaon,Jalgaon,Erandol,Chalisgaon,20053796,Dondigar-Rohini & 15 Villages WSS,Hatgaon,3573,2,5.06,1.65,0.39,1.50,1.24,0.06,0.97,141.65,46.18,10.84,41.97,34.64,1.78,27.28,26-Sep,27-Sep,28-Sep,29-Sep,30-Sep,1-Oct,2-Oct,26-Sep,27-Sep,28-Sep,29-Sep,30-Sep,1-Oct,2-Oct,0,6,1
Nashik,Nashik,W M Nashik,Malegaon,Chandwad,20086730,Retro.Chandwad and WSS 44 villages. Ta. Chandwad,Kalkhode,1543,2,0.00,0.00,0.00,0.00,0.00,0.00,0.00,0.00,0.00,0.00,0.00,0.00,0.00,0.00,26-Sep,27-Sep,28-Sep,29-Sep,30-Sep,1-Oct,2-Oct,26-Sep,27-Sep,28-Sep,29-Sep,30-Sep,1-Oct,2-Oct,7,7,0
Nashik,Nashik,Nashik,Sinnar,Sinnar,20019286,"Nirhale-Fatehpur and 5 villages, Tal. Sinnar",Kankori,2427,2,0.00,0.00,0.00,0.00,0.00,0.00,0.00,0.00,0.00,0.00,0.00,0.00,0.00,0.00,26-Sep,27-Sep,28-Sep,29-Sep,30-Sep,1-Oct,2-Oct,26-Sep,27-Sep,28-Sep,29-Sep,30-Sep,1-Oct,2-Oct,7,7,0
Nashik,Nashik,W M Nashik,Malegaon,Chandwad,20086730,Retro.Chandwad and WSS 44 villages. Ta. Chandwad,Salsane,1435,1,0.14,0.00,0.00,0.69,0.00,0.00,0.00,9.66,0.00,0.00,47.87,0.00,0.00,0.00,26-Sep,27-Sep,28-Sep,29-Sep,30-Sep,1-Oct,2-Oct,26-Sep,27-Sep,28-Sep,29-Sep,30-Sep,1-Oct,2-Oct,5,7,0
Nashik,Nashik,W M Nashik,Malegaon,Chandwad,20086730,Retro.Chandwad and WSS 44 villages. Ta. Chandwad,Sogras,1649,1,0.00,0.00,0.00,0.00,0.00,0.00,0.00,0.00,0.00,0.00,0.00,0.00,0.00,0.00,26-Sep,27-Sep,28-Sep,29-Sep,30-Sep,1-Oct,2-Oct,26-Sep,27-Sep,28-Sep,29-Sep,30-Sep,1-Oct,2-Oct,7,7,0
Nashik,Nashik,Nashik,Manmad,Yeola,20030798,Retrofitting To Yeola 38 Villages,Visapur,1938,1,0.00,0.11,0.00,0.67,0.00,0.00,0.01,0.00,5.47,0.00,34.53,0.00,0.01,0.72,26-Sep,27-Sep,28-Sep,29-Sep,30-Sep,1-Oct,2-Oct,26-Sep,27-Sep,28-Sep,29-Sep,30-Sep,1-Oct,2-Oct,3,7,0
Nashik,Nashik,Nashik,Manmad,Yeola,20030798,Retrofitting To Yeola 38 Villages,Suregaon Rasta,2428,1,0.56,0.76,0.00,0.00,0.00,0.13,0.71,23.09,31.27,0.00,0.00,0.00,5.15,29.13,26-Sep,27-Sep,28-Sep,29-Sep,30-Sep,1-Oct,2-Oct,26-Sep,27-Sep,28-Sep,29-Sep,30-Sep,1-Oct,2-Oct,3,7,0
Nashik,Nashik,Nashik,Manmad,Nifad,456654,"Retro. Lasalgaon Vinchur 16 Villages, Tal. Nifad",Dongargaon,5460,1,0.02,0.14,0.14,0.13,0.12,0.03,0.01,0.31,2.53,2.62,2.46,2.11,0.64,0.24,26-Sep,27-Sep,28-Sep,29-Sep,30-Sep,1-Oct,2-Oct,26-Sep,27-Sep,28-Sep,29-Sep,30-Sep,1-Oct,2-Oct,0,7,0
Nashik,Jalgaon,Jalgaon,Erandol,Chalisgaon,20053796,Dondigar-Rohini & 15 Villages WSS,Ghodegaon,4904,2,0.00,0.86,0.00,0.55,0.00,0.00,1.73,0.00,17.53,0.00,11.31,0.00,0.00,35.38,26-Sep,27-Sep,28-Sep,29-Sep,30-Sep,1-Oct,2-Oct,26-Sep,27-Sep,28-Sep,29-Sep,30-Sep,1-Oct,2-Oct,4,7,0
Nashik,Nashik,Nashik,Manmad,Yeola,20040090,"Dhulgaon and 17 villages, Tal. Yeola",Shirsagaon Lauki,1890,2,1.63,0.74,0.00,0.00,0.73,0.77,0.72,86.37,39.16,0.00,0.00,38.68,40.96,38.15,26-Sep,27-Sep,28-Sep,29-Sep,30-Sep,1-Oct,2-Oct,26-Sep,27-Sep,28-Sep,29-Sep,30-Sep,1-Oct,2-Oct,2,6,1
Nashik,Nashik,Nashik,Malegaon,Malegaon,20037448,"78 villages in Nandgaon, Malegaon and Deola talukas",Jalgaon,3726,2,0.85,0.37,0.34,0.97,0.21,0.28,0.87,22.85,10.00,9.12,25.93,5.74,7.44,23.45,26-Sep,27-Sep,28-Sep,29-Sep,30-Sep,1-Oct,2-Oct,26-Sep,27-Sep,28-Sep,29-Sep,30-Sep,1-Oct,2-Oct,0,7,0
Nashik,Nashik,Nashik,Manmad,Nifad,456654,"Retro. Lasalgaon Vinchur 16 Villages, Tal. Nifad",Vishnu Nagar,1254,1,0.75,0.75,0.23,0.41,0.73,1.19,0.64,60.02,60.02,18.52,32.52,57.98,94.53,51.38,26-Sep,27-Sep,28-Sep,29-Sep,30-Sep,1-Oct,2-Oct,26-Sep,27-Sep,28-Sep,29-Sep,30-Sep,1-Oct,2-Oct,0,3,4
Nashik,Jalgaon,Jalgaon,Dhule,Shindkheda,20056040,"Chimthane and 85 villages, Tal. Shindkheda",Dandarane,1410,2,0.27,0.20,0.19,0.51,0.00,0.36,0.34,19.49,14.45,13.67,35.94,0.00,25.71,24.14,26-Sep,27-Sep,28-Sep,29-Sep,30-Sep,1-Oct,2-Oct,26-Sep,27-Sep,28-Sep,29-Sep,30-Sep,1-Oct,2-Oct,1,7,0
Nashik,Jalgaon,Jalgaon,Nandurbar,Nandurbar,20056839,"Gujar bhawali , Jambholi & 4 Villages",Gujar Bhawali,2629,2,0.59,0.00,0.08,0.64,0.06,0.67,0.36,22.57,0.00,3.15,24.38,2.36,25.53,13.51,26-Sep,27-Sep,28-Sep,29-Sep,30-Sep,1-Oct,2-Oct,26-Sep,27-Sep,28-Sep,29-Sep,30-Sep,1-Oct,2-Oct,1,7,0
Nashik,Ahmednagar,Ahmednagar,Newasa,Nevasa,5348540,"Retro.Sonai Karjgaon and 16 villages, Tal. Nevasa",GONEGAON,1572,2,0.37,0.00,0.00,0.00,0.36,0.37,0.00,23.58,0.02,0.00,0.01,23.11,23.70,0.02,26-Sep,27-Sep,28-Sep,29-Sep,30-Sep,1-Oct,2-Oct,26-Sep,27-Sep,28-Sep,29-Sep,30-Sep,1-Oct,2-Oct,1,7,0
Nashik,Nashik,Nashik,Malegaon,Malegaon,20030518,"Dabhadi and 12 villages, Tal. Malegaon",Talwade,8633,3,0.00,0.00,0.00,0.00,0.00,0.00,0.00,0.00,0.00,0.00,0.00,0.00,0.00,0.00,26-Sep,27-Sep,28-Sep,29-Sep,30-Sep,1-Oct,2-Oct,26-Sep,27-Sep,28-Sep,29-Sep,30-Sep,1-Oct,2-Oct,7,7,0
Nashik,Nashik,Nashik,Manmad,Nifad,456654,"Retro. Lasalgaon Vinchur 16 Villages, Tal. Nifad",Nandgaon,3266,1,0.00,0.00,0.00,0.00,0.00,0.00,0.00,0.00,0.00,0.00,0.00,0.00,0.00,0.00,26-Sep,27-Sep,28-Sep,29-Sep,30-Sep,1-Oct,2-Oct,26-Sep,27-Sep,28-Sep,29-Sep,30-Sep,1-Oct,2-Oct,7,7,0
Nashik,Nashik,Nashik,Sinnar,Sinnar,20019176,Retro. Bargaonpimpri & 6 VRWSS  Tal Sinnar,K.P Nagar,1078,1,0.00,0.00,0.00,0.00,0.00,0.00,0.00,0.00,0.00,0.00,0.00,0.00,0.00,0.00,26-Sep,27-Sep,28-Sep,29-Sep,30-Sep,1-Oct,2-Oct,26-Sep,27-Sep,28-Sep,29-Sep,30-Sep,1-Oct,2-Oct,7,7,0
Nashik,Ahmednagar,Ahmednagar,Newasa,shevgaon,20028535,"Amarapur and Mali Babhulgaon 49 villages, Tal. Pathardi",Najik Babhulgaon,1652,2,0.68,0.51,0.29,0.13,0.53,0.51,0.54,40.86,31.10,17.74,7.90,32.15,30.77,32.45,26-Sep,27-Sep,28-Sep,29-Sep,30-Sep,1-Oct,2-Oct,26-Sep,27-Sep,28-Sep,29-Sep,30-Sep,1-Oct,2-Oct,0,7,0
Nashik,Nashik,W M Nashik,Malegaon,Malegaon,20018682,Dhahiwal &25 Villages WSS Tal Malegaon,Nale,575,1,0.10,0.00,0.04,0.08,3.03,2.24,0.26,17.62,0.00,7.28,13.25,527.57,390.08,45.43,26-Sep,27-Sep,28-Sep,29-Sep,30-Sep,1-Oct,2-Oct,26-Sep,27-Sep,28-Sep,29-Sep,30-Sep,1-Oct,2-Oct,1,5,2
Nashik,Ahmednagar,Sangamner,Sangamner,Sangamner,7937337,"Retro.Nimon and 4 villages, Tal. Sangamner",Sonewadi,2328,2,0.00,0.00,0.00,0.00,0.00,0.00,0.00,0.00,0.00,0.00,0.00,0.00,0.00,0.00,26-Sep,27-Sep,28-Sep,29-Sep,30-Sep,1-Oct,2-Oct,26-Sep,27-Sep,28-Sep,29-Sep,30-Sep,1-Oct,2-Oct,7,7,0
Nashik,Ahmednagar,Ahmednagar,Shreerampur,Rahuri,20015193,New Bramhani & 6 Villages RRWSS Tal- Rahuri,Sade,4087,3,0.00,0.00,0.00,0.00,0.00,0.00,0.16,0.00,0.00,0.00,0.00,0.00,0.00,4.01,26-Sep,27-Sep,28-Sep,29-Sep,30-Sep,1-Oct,2-Oct,26-Sep,27-Sep,28-Sep,29-Sep,30-Sep,1-Oct,2-Oct,6,7,0
Nashik,Ahmednagar,Ahmednagar,Newasa,shevgaon,20028535,"Amarapur and Mali Babhulgaon 49 villages, Tal. Pathardi",Padali,1597,2,0.19,0.00,0.00,0.88,0.18,0.00,0.92,12.15,0.00,0.00,55.10,11.45,0.00,57.53,26-Sep,27-Sep,28-Sep,29-Sep,30-Sep,1-Oct,2-Oct,26-Sep,27-Sep,28-Sep,29-Sep,30-Sep,1-Oct,2-Oct,3,5,2
Nashik,Jalgaon,Jalgaon,Erandol,Jamner,20025401,Pahur Peth& Pahur Kasbe 2 Villages WSS Tal Jamner,Pahur Kasbe,11162,3,0.00,0.00,0.00,0.00,0.00,0.00,0.00,0.00,0.00,0.00,0.00,0.00,0.00,0.00,26-Sep,27-Sep,28-Sep,29-Sep,30-Sep,1-Oct,2-Oct,26-Sep,27-Sep,28-Sep,29-Sep,30-Sep,1-Oct,2-Oct,7,7,0
Nashik,Nashik,W M Nashik,W.M.Nashik,Nifad,20039258,Ozar-Sakore & 2 Villages,Sakore,4107,2,0.00,0.00,0.00,0.00,0.00,0.00,0.00,0.00,0.00,0.00,0.00,0.00,0.00,0.00,26-Sep,27-Sep,28-Sep,29-Sep,30-Sep,1-Oct,2-Oct,26-Sep,27-Sep,28-Sep,29-Sep,30-Sep,1-Oct,2-Oct,7,7,0
Nashik,Nashik,W M Nashik,Malegaon,Malegaon,20018682,Dhahiwal &25 Villages WSS Tal Malegaon,Devarpada,3639,2,0.00,0.00,11.58,0.00,0.00,0.00,0.00,0.00,0.00,318.24,0.00,0.00,0.00,0.00,26-Sep,27-Sep,28-Sep,29-Sep,30-Sep,1-Oct,2-Oct,26-Sep,27-Sep,28-Sep,29-Sep,30-Sep,1-Oct,2-Oct,6,6,1
Nashik,Nashik,Nashik,Manmad,Nifad,456654,"Retro. Lasalgaon Vinchur 16 Villages, Tal. Nifad",Vitthalwadi,1029,1,0.74,1.04,0.00,0.00,0.00,0.69,0.11,72.20,101.35,0.00,0.00,0.00,67.31,10.81,26-Sep,27-Sep,28-Sep,29-Sep,30-Sep,1-Oct,2-Oct,26-Sep,27-Sep,28-Sep,29-Sep,30-Sep,1-Oct,2-Oct,3,4,3
Nashik,Ahmednagar,Ahmednagar,Ahmednagar,Nagar,20046349,Retro Ghospuri & 16 Villages RRWSS Tal- Nagar,Walki,13387,3,0.00,0.69,4.87,3.00,0.00,2.34,10.96,0.00,5.13,36.40,22.39,0.00,17.50,81.87,26-Sep,27-Sep,28-Sep,29-Sep,30-Sep,1-Oct,2-Oct,26-Sep,27-Sep,28-Sep,29-Sep,30-Sep,1-Oct,2-Oct,2,6,1
Nashik,Ahmednagar,Ahmednagar,Ahmednagar,Nagar,20046296,Burhannagar & 45 Villages Retro RRWSS,Pimpalgaon Ujjaini,3527,2,0.00,0.00,0.00,0.00,0.00,0.00,0.00,0.00,0.00,0.00,0.00,0.00,0.00,0.00,26-Sep,27-Sep,28-Sep,29-Sep,30-Sep,1-Oct,2-Oct,26-Sep,27-Sep,28-Sep,29-Sep,30-Sep,1-Oct,2-Oct,7,7,0
Nashik,Nashik,Nashik,Malegaon,Nandgaon,20037448,"78 villages in Nandgaon, Malegaon and Deola talukas",Wakhari,2400,2,0.45,0.00,0.00,0.45,0.00,0.02,0.51,18.93,0.03,0.02,18.75,0.00,0.79,21.18,26-Sep,27-Sep,28-Sep,29-Sep,30-Sep,1-Oct,2-Oct,26-Sep,27-Sep,28-Sep,29-Sep,30-Sep,1-Oct,2-Oct,1,7,0
Nashik,Ahmednagar,Ahmednagar,Newasa,Shevgaon,20029079,Retro.Bodhegaon and 7 villages RRWSS. Ta. Shevgaon,Shingori,1887,2,0.00,0.00,0.00,0.03,0.00,0.00,0.00,0.00,0.00,0.00,1.80,0.00,0.00,0.00,26-Sep,27-Sep,28-Sep,29-Sep,30-Sep,1-Oct,2-Oct,26-Sep,27-Sep,28-Sep,29-Sep,30-Sep,1-Oct,2-Oct,6,7,0
Nashik,Ahmednagar,Ahmednagar,Shreerampur,Rahuri,20041657,Warvandi and others 10 villages. Tal.Rahuri,Khadambe Bk.,1632,2,1.45,0.87,1.93,1.08,1.65,0.84,1.56,88.93,53.60,118.27,66.03,101.17,51.62,95.38,26-Sep,27-Sep,28-Sep,29-Sep,30-Sep,1-Oct,2-Oct,26-Sep,27-Sep,28-Sep,29-Sep,30-Sep,1-Oct,2-Oct,0,2,5
Nashik,Nashik,Nashik,Nashik,Peth,20083505,Surgane & 2 Vill RRWSS Tal.Peth,Ghubadsaka,0,1,0.00,0.00,0.00,0.00,0.00,0.00,0.00,0.00,0.00,0.00,0.00,0.00,0.00,0.00,26-Sep,27-Sep,28-Sep,29-Sep,30-Sep,1-Oct,2-Oct,26-Sep,27-Sep,28-Sep,29-Sep,30-Sep,1-Oct,2-Oct,7,7,0
Nashik,Ahmednagar,Ahmednagar,Newasa,Shevgaon,20029079,Retro.Bodhegaon and 7 villages RRWSS. Ta. Shevgaon,Bodhegaon,8347,3,0.00,0.00,0.00,0.00,0.00,0.00,0.00,0.00,0.00,0.00,0.00,0.00,0.00,0.00,26-Sep,27-Sep,28-Sep,29-Sep,30-Sep,1-Oct,2-Oct,26-Sep,27-Sep,28-Sep,29-Sep,30-Sep,1-Oct,2-Oct,7,7,0
Nashik,Ahmednagar,Sangamner,Sangamner,Sangamner,20033242,"Retro.Talegaon Dighe and 16 villages, Tal. Sangamner",Kakadwadi,2267,2,0.00,0.00,0.00,0.00,0.00,0.00,0.00,0.00,0.00,0.00,0.00,0.00,0.00,0.00,26-Sep,27-Sep,28-Sep,29-Sep,30-Sep,1-Oct,2-Oct,26-Sep,27-Sep,28-Sep,29-Sep,30-Sep,1-Oct,2-Oct,7,7,0
Nashik,Nashik,Nashik,Nashik,Trambakeshwar,20017222,Waghera & 14 RRWSS Tal Trambakeshwar,Ganeshgaon,463,2,0.00,0.00,0.00,0.00,0.00,0.00,0.00,0.00,0.00,0.00,0.00,0.00,0.00,0.00,26-Sep,27-Sep,28-Sep,29-Sep,30-Sep,1-Oct,2-Oct,26-Sep,27-Sep,28-Sep,29-Sep,30-Sep,1-Oct,2-Oct,7,7,0
Nashik,Ahmednagar,Ahmednagar,Newasa,Nevasa,20029472,Retro.Bhenda Kukana and 4 villages WSS. Ta. Nevasa,Bhenda Bk.,7643,3,0.00,0.00,0.00,0.00,0.00,0.00,0.00,0.00,0.00,0.00,0.00,0.00,0.00,0.00,26-Sep,27-Sep,28-Sep,29-Sep,30-Sep,1-Oct,2-Oct,26-Sep,27-Sep,28-Sep,29-Sep,30-Sep,1-Oct,2-Oct,7,7,0
Nashik,Jalgaon,Jalgaon,Nandurbar,Nandurbar,20057131,Waghale & 3 Villages,Haripur,1445,2,0.00,0.00,0.00,0.00,0.00,0.00,0.00,0.00,0.00,0.00,0.00,0.00,0.00,0.00,26-Sep,27-Sep,28-Sep,29-Sep,30-Sep,1-Oct,2-Oct,26-Sep,27-Sep,28-Sep,29-Sep,30-Sep,1-Oct,2-Oct,7,7,0
Nashik,Nashik,Nashik,Manmad,Nifad,456654,"Retro. Lasalgaon Vinchur 16 Villages, Tal. Nifad",Subhash Nagar,1532,1,0.01,0.00,0.00,0.06,0.00,0.15,1.80,0.53,0.08,0.00,3.84,0.00,9.99,117.69,26-Sep,27-Sep,28-Sep,29-Sep,30-Sep,1-Oct,2-Oct,26-Sep,27-Sep,28-Sep,29-Sep,30-Sep,1-Oct,2-Oct,2,6,1
Nashik,Nashik,Nashik,Nashik,Trambakeshwar,20017222,Waghera & 14 RRWSS Tal Trambakeshwar,Kone,1655,2,1369579310644200000000000000.00,0.00,0.00,0.00,0.00,0.00,0.00,82754036896930300000000000000.00,0.00,0.00,0.00,0.00,0.00,0.00,26-Sep,27-Sep,28-Sep,29-Sep,30-Sep,1-Oct,2-Oct,26-Sep,27-Sep,28-Sep,29-Sep,30-Sep,1-Oct,2-Oct,6,6,1
Nashik,Jalgaon,Jalgaon,Erandol,Dharangaon,20061165,Paldhi (bk& Kh) RR Tal DHARANGAON,Paldhi Kh.,12377,3,6.05,9.58,4.92,0.61,5.51,3.88,13.58,48.89,77.44,39.72,4.90,44.56,31.36,109.75,26-Sep,27-Sep,28-Sep,29-Sep,30-Sep,1-Oct,2-Oct,26-Sep,27-Sep,28-Sep,29-Sep,30-Sep,1-Oct,2-Oct,0,5,2
Nashik,Ahmednagar,Ahmednagar,Newasa,Nevasa,20029472,Retro.Bhenda Kukana and 4 villages WSS. Ta. Nevasa,Chilekhanwadi,1373,1,0.00,0.00,0.00,0.00,0.00,0.00,0.00,0.00,0.00,0.00,0.00,0.00,0.00,0.00,26-Sep,27-Sep,28-Sep,29-Sep,30-Sep,1-Oct,2-Oct,26-Sep,27-Sep,28-Sep,29-Sep,30-Sep,1-Oct,2-Oct,7,7,0
Nashik,Nashik,Nashik,Malegaon,Baglan,7971089,Nampur and 4 villages RR Tal Baglan (C 39),Nampur,16748,1,0.00,0.00,0.00,0.00,0.00,0.00,0.00,0.00,0.00,0.00,0.00,0.00,0.00,0.00,26-Sep,27-Sep,28-Sep,29-Sep,30-Sep,1-Oct,2-Oct,26-Sep,27-Sep,28-Sep,29-Sep,30-Sep,1-Oct,2-Oct,7,7,0
Nashik,Ahmednagar,Ahmednagar,Newasa,shevgaon,20028535,"Amarapur and Mali Babhulgaon 49 villages, Tal. Pathardi",Malibabhulgaon,4969,2,0.00,0.00,0.00,0.00,0.00,0.00,0.00,0.00,0.00,0.00,0.00,0.00,0.00,0.00,26-Sep,27-Sep,28-Sep,29-Sep,30-Sep,1-Oct,2-Oct,26-Sep,27-Sep,28-Sep,29-Sep,30-Sep,1-Oct,2-Oct,7,7,0
Nashik,Nashik,W M Nashik,Malegaon,Chandwad,20086730,Retro.Chandwad and WSS 44 villages. Ta. Chandwad,Vijaynagar,905,1,0.00,0.00,0.25,0.00,0.00,0.25,0.00,0.00,0.00,28.06,0.00,0.00,27.73,0.00,26-Sep,27-Sep,28-Sep,29-Sep,30-Sep,1-Oct,2-Oct,26-Sep,27-Sep,28-Sep,29-Sep,30-Sep,1-Oct,2-Oct,5,7,0
Nashik,Nashik,Nashik,Manmad,Yeola,20030798,Retrofitting To Yeola 38 Villages,Babulgaon Bk.,1774,1,0.00,2.11,0.00,0.00,2.13,4.47,3.69,0.01,118.97,0.00,0.00,119.90,252.14,208.01,26-Sep,27-Sep,28-Sep,29-Sep,30-Sep,1-Oct,2-Oct,26-Sep,27-Sep,28-Sep,29-Sep,30-Sep,1-Oct,2-Oct,2,3,4
Nashik,Nashik,Nashik,Manmad,Yeola,20040090,"Dhulgaon and 17 villages, Tal. Yeola",Neurgaon,2792,1,0.99,0.00,0.00,0.00,0.00,0.00,0.00,35.29,0.00,0.00,0.00,0.00,0.00,0.00,26-Sep,27-Sep,28-Sep,29-Sep,30-Sep,1-Oct,2-Oct,26-Sep,27-Sep,28-Sep,29-Sep,30-Sep,1-Oct,2-Oct,6,7,0
Nashik,Ahmednagar,Ahmednagar,Ahmednagar,Shrigonda,20028612,"Ruikhel & 6 villages, tal. Shrigonda",Ruikhel,2298,2,0.44,0.91,1.92,0.69,0.00,0.68,1.25,19.14,39.69,83.36,30.14,0.00,29.63,54.58,26-Sep,27-Sep,28-Sep,29-Sep,30-Sep,1-Oct,2-Oct,26-Sep,27-Sep,28-Sep,29-Sep,30-Sep,1-Oct,2-Oct,1,6,1
Nashik,Nashik,W M Nashik,Malegaon,Chandwad,20086730,Retro.Chandwad and WSS 44 villages. Ta. Chandwad,Talwade,925,1,0.00,0.00,0.00,0.00,0.00,0.00,0.00,0.00,0.00,0.00,0.00,0.00,0.00,0.00,26-Sep,27-Sep,28-Sep,29-Sep,30-Sep,1-Oct,2-Oct,26-Sep,27-Sep,28-Sep,29-Sep,30-Sep,1-Oct,2-Oct,7,7,0
Nashik,Jalgaon,Jalgaon,Erandol,Chalisgaon,20053796,Dondigar-Rohini & 15 Villages WSS,Tambole,2918,2,0.00,0.00,1.27,0.00,0.00,1.55,0.00,0.00,0.00,43.52,0.00,0.00,52.95,0.00,26-Sep,27-Sep,28-Sep,29-Sep,30-Sep,1-Oct,2-Oct,26-Sep,27-Sep,28-Sep,29-Sep,30-Sep,1-Oct,2-Oct,5,7,0
Nashik,Nashik,Nashik,Nashik,Trambakeshwar,20017222,Waghera & 14 RRWSS Tal Trambakeshwar,Gorthan,621,1,0.00,0.00,0.00,0.00,0.00,0.00,0.00,0.01,0.00,0.00,0.00,0.00,0.00,0.00,26-Sep,27-Sep,28-Sep,29-Sep,30-Sep,1-Oct,2-Oct,26-Sep,27-Sep,28-Sep,29-Sep,30-Sep,1-Oct,2-Oct,6,7,0
Nashik,Ahmednagar,Ahmednagar,Newasa,shevgaon,20028535,"Amarapur and Mali Babhulgaon 49 villages, Tal. Pathardi",Kuntefal,1437,3,0.00,0.00,0.00,0.00,0.00,0.00,0.00,0.00,0.00,0.00,0.00,0.00,0.00,0.00,26-Sep,27-Sep,28-Sep,29-Sep,30-Sep,1-Oct,2-Oct,26-Sep,27-Sep,28-Sep,29-Sep,30-Sep,1-Oct,2-Oct,7,7,0
Nashik,Nashik,Nashik,Sinnar,Sinnar,20019286,"Nirhale-Fatehpur and 5 villages, Tal. Sinnar",Marhal (Bk.),2934,1,34.59,42.85,128.57,131.45,156.43,166.54,121.22,1179.05,1460.45,4381.94,4480.07,5331.62,5676.31,4131.65,26-Sep,27-Sep,28-Sep,29-Sep,30-Sep,1-Oct,2-Oct,26-Sep,27-Sep,28-Sep,29-Sep,30-Sep,1-Oct,2-Oct,0,0,7
Nashik,Jalgaon,Jalgaon,Chopda,Chopda,20053731,Lasur and 9 villages RRWSS. Ta. Chopda,Lasur,10272,4,3.66,4.14,3.78,3.41,3.87,3.23,3.54,35.63,40.30,36.79,33.18,37.67,31.46,34.45,26-Sep,27-Sep,28-Sep,29-Sep,30-Sep,1-Oct,2-Oct,26-Sep,27-Sep,28-Sep,29-Sep,30-Sep,1-Oct,2-Oct,0,7,0
Nashik,Nashik,W M Nashik,W.M.Nashik,Dindori,20039258,Ozar-Sakore & 2 Villages,Janori,7926,1,2.46,2.55,2.61,2.55,2.62,2.67,2.30,31.02,32.16,32.92,32.17,33.06,33.63,29.04,26-Sep,27-Sep,28-Sep,29-Sep,30-Sep,1-Oct,2-Oct,26-Sep,27-Sep,28-Sep,29-Sep,30-Sep,1-Oct,2-Oct,0,7,0
Nashik,Ahmednagar,Ahmednagar,Newasa,shevgaon,20028535,"Amarapur and Mali Babhulgaon 49 villages, Tal. Pathardi",Roatale,935,1,0.00,0.32,0.38,0.14,0.26,0.04,0.00,0.00,34.66,40.71,15.22,27.93,4.32,0.00,26-Sep,27-Sep,28-Sep,29-Sep,30-Sep,1-Oct,2-Oct,26-Sep,27-Sep,28-Sep,29-Sep,30-Sep,1-Oct,2-Oct,2,7,0
Nashik,Ahmednagar,Ahmednagar,Newasa,Pathardi,20040662,"Retro.Miri-Tisgaon and 33 villages, Tal. Pathardi",Jawakhedekalsa,3200,2,1.01,0.88,0.00,0.00,1.02,0.00,0.00,31.72,27.55,0.00,0.00,31.84,0.00,0.01,26-Sep,27-Sep,28-Sep,29-Sep,30-Sep,1-Oct,2-Oct,26-Sep,27-Sep,28-Sep,29-Sep,30-Sep,1-Oct,2-Oct,3,7,0
Nashik,Ahmednagar,Ahmednagar,Ahmednagar,Shrigonda,20028612,"Ruikhel & 6 villages, tal. Shrigonda",Mahadulwadi,3899,3,0.00,0.00,0.00,0.00,0.00,0.00,0.00,0.00,0.00,0.00,0.00,0.00,0.00,0.00,26-Sep,27-Sep,28-Sep,29-Sep,30-Sep,1-Oct,2-Oct,26-Sep,27-Sep,28-Sep,29-Sep,30-Sep,1-Oct,2-Oct,7,7,0
Nashik,Ahmednagar,Ahmednagar,Newasa,Shevgaon,20029079,Retro.Bodhegaon and 7 villages RRWSS. Ta. Shevgaon,Antarwali Kh,1020,2,0.00,0.00,0.00,0.00,0.00,0.00,0.00,0.00,0.00,0.00,0.00,0.00,0.00,0.00,26-Sep,27-Sep,28-Sep,29-Sep,30-Sep,1-Oct,2-Oct,26-Sep,27-Sep,28-Sep,29-Sep,30-Sep,1-Oct,2-Oct,7,7,0
Nashik,Nashik,Nashik,Manmad,Nifad,456654,"Retro. Lasalgaon Vinchur 16 Villages, Tal. Nifad",Takali Vinchur,9423,2,0.00,1.63,1.55,0.01,0.00,0.00,0.94,0.00,17.34,16.49,0.16,0.00,0.00,9.93,26-Sep,27-Sep,28-Sep,29-Sep,30-Sep,1-Oct,2-Oct,26-Sep,27-Sep,28-Sep,29-Sep,30-Sep,1-Oct,2-Oct,3,7,0
Nashik,Nashik,W M Nashik,Malegaon,Malegaon,20018579,Malmatha and 25 villages Ta. Malegaon,Dasane,1186,1,0.00,0.00,0.00,0.00,0.05,0.00,0.00,0.00,0.00,0.00,0.00,3.97,0.00,0.00,26-Sep,27-Sep,28-Sep,29-Sep,30-Sep,1-Oct,2-Oct,26-Sep,27-Sep,28-Sep,29-Sep,30-Sep,1-Oct,2-Oct,6,7,0
Nashik,Ahmednagar,Ahmednagar,Shreerampur,Rahuri,20015193,New Bramhani & 6 Villages RRWSS Tal- Rahuri,Pimpri Avghad,2562,3,0.00,0.00,0.00,0.00,0.00,0.00,0.00,0.00,0.00,0.00,0.00,0.00,0.00,0.00,26-Sep,27-Sep,28-Sep,29-Sep,30-Sep,1-Oct,2-Oct,26-Sep,27-Sep,28-Sep,29-Sep,30-Sep,1-Oct,2-Oct,7,7,0
Nashik,Ahmednagar,Ahmednagar,Ahmednagar,Nagar,20046296,Burhannagar & 45 Villages Retro RRWSS,Gunwadi,1662,1,0.00,0.00,0.00,0.00,0.00,0.00,0.00,0.00,0.00,0.00,0.00,0.00,0.00,0.00,26-Sep,27-Sep,28-Sep,29-Sep,30-Sep,1-Oct,2-Oct,26-Sep,27-Sep,28-Sep,29-Sep,30-Sep,1-Oct,2-Oct,7,7,0
Nashik,Jalgaon,Jalgaon,Erandol,Chalisgaon,20053796,Dondigar-Rohini & 15 Villages WSS,Bilakhede,2691,2,0.73,0.87,0.00,2.15,0.62,0.83,0.48,27.10,32.36,0.09,79.76,22.91,31.01,17.70,26-Sep,27-Sep,28-Sep,29-Sep,30-Sep,1-Oct,2-Oct,26-Sep,27-Sep,28-Sep,29-Sep,30-Sep,1-Oct,2-Oct,0,6,1
Nashik,Ahmednagar,Ahmednagar,Ahmednagar,Nagar,20046296,Burhannagar & 45 Villages Retro RRWSS,Jeur,11087,2,0.00,0.00,0.00,0.00,0.00,0.00,0.00,0.00,0.00,0.00,0.00,0.00,0.00,0.00,26-Sep,27-Sep,28-Sep,29-Sep,30-Sep,1-Oct,2-Oct,26-Sep,27-Sep,28-Sep,29-Sep,30-Sep,1-Oct,2-Oct,7,7,0
Nashik,Nashik,Nashik,Malegaon,Deola,20037448,"78 villages in Nandgaon, Malegaon and Deola talukas",Ajande,786,1,1.40,0.04,1.13,1.38,1.18,1.43,1.34,178.70,4.62,143.33,175.73,150.18,181.51,170.27,26-Sep,27-Sep,28-Sep,29-Sep,30-Sep,1-Oct,2-Oct,26-Sep,27-Sep,28-Sep,29-Sep,30-Sep,1-Oct,2-Oct,0,1,6
Nashik,Jalgaon,Jalgaon,Erandol,Chalisgaon,20053796,Dondigar-Rohini & 15 Villages WSS,Krushnanagar,2803,2,0.00,0.00,0.00,0.00,0.00,0.00,0.00,0.00,0.00,0.00,0.00,0.00,0.00,0.00,26-Sep,27-Sep,28-Sep,29-Sep,30-Sep,1-Oct,2-Oct,26-Sep,27-Sep,28-Sep,29-Sep,30-Sep,1-Oct,2-Oct,7,7,0
Nashik,Ahmednagar,Ahmednagar,Ahmednagar,Nagar,20046296,Burhannagar & 45 Villages Retro RRWSS,Dhangarwadi,2389,2,0.00,0.00,0.00,0.00,0.00,0.00,0.00,0.00,0.00,0.00,0.00,0.00,0.00,0.00,26-Sep,27-Sep,28-Sep,29-Sep,30-Sep,1-Oct,2-Oct,26-Sep,27-Sep,28-Sep,29-Sep,30-Sep,1-Oct,2-Oct,7,7,0
Nashik,Ahmednagar,Ahmednagar,Newasa,Nevasa,5348540,"Retro.Sonai Karjgaon and 16 villages, Tal. Nevasa",AMALNER,2334,2,0.48,0.45,0.61,0.56,0.75,0.61,0.60,20.61,19.15,26.10,24.13,32.03,25.93,25.77,26-Sep,27-Sep,28-Sep,29-Sep,30-Sep,1-Oct,2-Oct,26-Sep,27-Sep,28-Sep,29-Sep,30-Sep,1-Oct,2-Oct,0,7,0
Nashik,Nashik,W M Nashik,Malegaon,Chandwad,20086730,Retro.Chandwad and WSS 44 villages. Ta. Chandwad,Adgaon,,2,0.59,0.83,0.00,0.00,0.57,0.65,0.00,0.00,0.00,0.00,0.00,0.00,0.00,0.00,26-Sep,27-Sep,28-Sep,29-Sep,30-Sep,1-Oct,2-Oct,26-Sep,27-Sep,28-Sep,29-Sep,30-Sep,1-Oct,2-Oct,7,7,0
Nashik,Jalgaon,Jalgaon,Nandurbar,Nandurbar,20055639,Bhagsari & 8 Villages,Jun Mohide,2025,2,0.00,0.00,0.00,0.00,0.00,0.00,0.00,0.00,0.00,0.00,0.00,0.00,0.00,0.00,26-Sep,27-Sep,28-Sep,29-Sep,30-Sep,1-Oct,2-Oct,26-Sep,27-Sep,28-Sep,29-Sep,30-Sep,1-Oct,2-Oct,7,7,0
Nashik,Nashik,W M Nashik,W.M.Nashik,Dindori,20039676,Mulane & 3Villages RRWSS Tal. Dindori,Babapur,964,1,0.40,0.00,0.00,0.00,0.39,0.00,0.38,42.00,0.00,0.00,0.00,40.17,0.00,39.55,26-Sep,27-Sep,28-Sep,29-Sep,30-Sep,1-Oct,2-Oct,26-Sep,27-Sep,28-Sep,29-Sep,30-Sep,1-Oct,2-Oct,4,7,0
Nashik,Nashik,W M Nashik,Malegaon,Chandwad,20086730,Retro.Chandwad and WSS 44 villages. Ta. Chandwad,Vaki Bk,1542,1,0.00,0.00,0.00,0.00,0.00,0.00,0.00,0.00,0.00,0.00,0.00,0.00,0.00,0.00,26-Sep,27-Sep,28-Sep,29-Sep,30-Sep,1-Oct,2-Oct,26-Sep,27-Sep,28-Sep,29-Sep,30-Sep,1-Oct,2-Oct,7,7,0
Nashik,Ahmednagar,Ahmednagar,Newasa,shevgaon,20028535,"Amarapur and Mali Babhulgaon 49 villages, Tal. Pathardi",Nivdunge,5093,2,0.00,0.71,0.01,1.99,0.00,0.00,2.66,0.00,13.99,0.16,39.10,0.00,0.00,52.19,26-Sep,27-Sep,28-Sep,29-Sep,30-Sep,1-Oct,2-Oct,26-Sep,27-Sep,28-Sep,29-Sep,30-Sep,1-Oct,2-Oct,3,7,0
Nashik,Nashik,W M Nashik,W.M.Nashik,Dindori,20039676,Mulane & 3Villages RRWSS Tal. Dindori,Talegaon Vani,2106,3,0.00,0.01,0.00,0.00,0.00,0.00,0.01,0.23,0.25,0.00,0.14,0.11,0.12,0.30,26-Sep,27-Sep,28-Sep,29-Sep,30-Sep,1-Oct,2-Oct,26-Sep,27-Sep,28-Sep,29-Sep,30-Sep,1-Oct,2-Oct,1,7,0
Nashik,Ahmednagar,Ahmednagar,Ahmednagar,Nagar,20046349,Retro Ghospuri & 16 Villages RRWSS Tal- Nagar,Khandala,2110,1,0.00,0.00,0.00,0.00,0.00,0.00,0.00,0.00,0.00,0.00,0.00,0.00,0.00,0.00,26-Sep,27-Sep,28-Sep,29-Sep,30-Sep,1-Oct,2-Oct,26-Sep,27-Sep,28-Sep,29-Sep,30-Sep,1-Oct,2-Oct,7,7,0
Nashik,Nashik,W M Nashik,W.M.Nashik,Nifad,20039258,Ozar-Sakore & 2 Villages,Ozar,86060,4,0.00,0.00,0.00,0.00,0.00,0.00,0.00,0.00,0.00,0.00,0.00,0.00,0.00,0.00,26-Sep,27-Sep,28-Sep,29-Sep,30-Sep,1-Oct,2-Oct,26-Sep,27-Sep,28-Sep,29-Sep,30-Sep,1-Oct,2-Oct,7,7,0
Nashik,Ahmednagar,Ahmednagar,Shreerampur,Shrirampur,20030774,Nipani Wadgaon WSS.Ta. Shrirampur,Nipani Wadgaon,14677,16,1.37,0.83,0.00,0.67,0.84,0.41,0.44,9.35,5.63,0.01,4.56,5.75,2.81,2.98,26-Sep,27-Sep,28-Sep,29-Sep,30-Sep,1-Oct,2-Oct,26-Sep,27-Sep,28-Sep,29-Sep,30-Sep,1-Oct,2-Oct,0,7,0
Nashik,Ahmednagar,Ahmednagar,Newasa,Nevasa,5348540,"Retro.Sonai Karjgaon and 16 villages, Tal. Nevasa",WATAPUR,1397,2,0.00,0.00,0.00,0.00,0.00,0.00,0.00,0.00,0.00,0.00,0.00,0.00,0.00,0.00,26-Sep,27-Sep,28-Sep,29-Sep,30-Sep,1-Oct,2-Oct,26-Sep,27-Sep,28-Sep,29-Sep,30-Sep,1-Oct,2-Oct,7,7,0
Nashik,Ahmednagar,Ahmednagar,Newasa,shevgaon,20028535,"Amarapur and Mali Babhulgaon 49 villages, Tal. Pathardi",Susare,4080,2,1.60,0.00,1.27,0.00,1.47,0.00,1.64,39.30,0.00,31.18,0.00,36.08,0.00,40.12,26-Sep,27-Sep,28-Sep,29-Sep,30-Sep,1-Oct,2-Oct,26-Sep,27-Sep,28-Sep,29-Sep,30-Sep,1-Oct,2-Oct,3,7,0
Nashik,Nashik,W M Nashik,Malegaon,Chandwad,20086730,Retro.Chandwad and WSS 44 villages. Ta. Chandwad,Walkewade Fata,11596,1,,,0.00,0.00,0.00,0.00,0.86,,,0.00,0.00,0.00,0.00,0.00,26-Sep,27-Sep,28-Sep,29-Sep,30-Sep,1-Oct,2-Oct,26-Sep,27-Sep,28-Sep,29-Sep,30-Sep,1-Oct,2-Oct,5,5,0
Nashik,Ahmednagar,Ahmednagar,Shreerampur,Rahuri,20041657,Warvandi and others 10 villages. Tal.Rahuri,Shingawe,2592,2,2.94,0.00,2.96,2.86,2.88,2.87,2.92,113.61,0.00,114.01,110.45,110.96,110.77,112.47,26-Sep,27-Sep,28-Sep,29-Sep,30-Sep,1-Oct,2-Oct,26-Sep,27-Sep,28-Sep,29-Sep,30-Sep,1-Oct,2-Oct,1,1,6
Nashik,Nashik,Nashik,Malegaon,Malegaon,20037448,"78 villages in Nandgaon, Malegaon and Deola talukas",Chaukatpada,698,1,0.00,0.33,0.00,0.00,0.24,0.00,0.00,0.00,47.19,0.00,0.00,35.02,0.00,0.00,26-Sep,27-Sep,28-Sep,29-Sep,30-Sep,1-Oct,2-Oct,26-Sep,27-Sep,28-Sep,29-Sep,30-Sep,1-Oct,2-Oct,5,7,0
Nashik,Nashik,W M Nashik,Malegaon,Chandwad,20086730,Retro.Chandwad and WSS 44 villages. Ta. Chandwad,Ahirkhede,1089,1,0.00,0.00,0.00,0.00,0.00,0.00,0.00,0.00,0.00,0.00,0.00,0.00,0.00,0.00,26-Sep,27-Sep,28-Sep,29-Sep,30-Sep,1-Oct,2-Oct,26-Sep,27-Sep,28-Sep,29-Sep,30-Sep,1-Oct,2-Oct,7,7,0
Nashik,Ahmednagar,Ahmednagar,Ahmednagar,Nagar,20046349,Retro Ghospuri & 16 Villages RRWSS Tal- Nagar,Baburdi Gumat,2337,1,0.71,0.91,0.00,1.00,0.00,1.06,0.98,30.21,39.14,0.00,42.64,0.00,45.18,41.87,26-Sep,27-Sep,28-Sep,29-Sep,30-Sep,1-Oct,2-Oct,26-Sep,27-Sep,28-Sep,29-Sep,30-Sep,1-Oct,2-Oct,2,7,0
Nashik,Ahmednagar,Ahmednagar,Newasa,shevgaon,20028535,"Amarapur and Mali Babhulgaon 49 villages, Tal. Pathardi",Kherde,1128,2,0.00,0.00,0.00,0.00,0.00,0.00,0.00,0.00,0.00,0.00,0.00,0.00,0.00,0.00,26-Sep,27-Sep,28-Sep,29-Sep,30-Sep,1-Oct,2-Oct,26-Sep,27-Sep,28-Sep,29-Sep,30-Sep,1-Oct,2-Oct,7,7,0
Nashik,Nashik,Nashik,Malegaon,Nandgaon,20037448,"78 villages in Nandgaon, Malegaon and Deola talukas",Nimgule,602,1,0.50,0.00,0.85,0.70,0.94,0.65,0.71,83.35,0.00,141.07,116.65,155.35,108.38,118.04,26-Sep,27-Sep,28-Sep,29-Sep,30-Sep,1-Oct,2-Oct,26-Sep,27-Sep,28-Sep,29-Sep,30-Sep,1-Oct,2-Oct,1,1,6
Nashik,Nashik,Nashik,Malegaon,Nandgaon,20037448,"78 villages in Nandgaon, Malegaon and Deola talukas",Sakuri,3920,2,0.00,0.00,0.00,0.00,0.00,0.00,0.83,0.00,0.00,0.00,0.00,0.00,0.00,21.09,26-Sep,27-Sep,28-Sep,29-Sep,30-Sep,1-Oct,2-Oct,26-Sep,27-Sep,28-Sep,29-Sep,30-Sep,1-Oct,2-Oct,6,7,0
Nashik,Jalgaon,Jalgaon,Erandol,Chalisgaon,20053796,Dondigar-Rohini & 15 Villages WSS,Khadki Bk.,3100,3,1.80,0.39,0.32,1.37,0.00,2.90,5.01,58.01,12.58,10.40,44.32,0.00,93.64,161.54,26-Sep,27-Sep,28-Sep,29-Sep,30-Sep,1-Oct,2-Oct,26-Sep,27-Sep,28-Sep,29-Sep,30-Sep,1-Oct,2-Oct,1,4,3
Nashik,Nashik,W M Nashik,Malegaon,Malegaon,20018682,Dhahiwal &25 Villages WSS Tal Malegaon,Dahiwal,3362,2,0.00,0.00,0.00,0.00,0.00,0.00,7.99,0.00,0.00,0.00,0.00,0.00,0.00,237.56,26-Sep,27-Sep,28-Sep,29-Sep,30-Sep,1-Oct,2-Oct,26-Sep,27-Sep,28-Sep,29-Sep,30-Sep,1-Oct,2-Oct,6,6,1
Nashik,Ahmednagar,Ahmednagar,Newasa,shevgaon,20028535,"Amarapur and Mali Babhulgaon 49 villages, Tal. Pathardi",Kurudgaon,1117,2,7.00,2.24,1.97,1.90,2.06,2.48,1.88,626.41,200.94,176.33,170.46,184.15,222.46,168.40,26-Sep,27-Sep,28-Sep,29-Sep,30-Sep,1-Oct,2-Oct,26-Sep,27-Sep,28-Sep,29-Sep,30-Sep,1-Oct,2-Oct,0,0,7
Nashik,Nashik,Nashik,Sinnar,Sinnar,20031739,"Shah and 4 villages Ta, Sinnar",Bharatpur,1781,1,0.24,0.65,0.01,0.05,0.84,0.00,0.95,13.30,36.77,0.41,2.98,47.17,0.00,53.23,26-Sep,27-Sep,28-Sep,29-Sep,30-Sep,1-Oct,2-Oct,26-Sep,27-Sep,28-Sep,29-Sep,30-Sep,1-Oct,2-Oct,1,7,0
Nashik,Nashik,W M Nashik,Manmad,Malegaon,20050090,Kajwade & Rampura RRWSS Tal. Malegaon,Kajwade,2695,2,0.00,0.00,0.00,0.00,0.00,0.00,0.00,0.00,0.00,0.00,0.00,0.00,0.00,0.00,26-Sep,27-Sep,28-Sep,29-Sep,30-Sep,1-Oct,2-Oct,26-Sep,27-Sep,28-Sep,29-Sep,30-Sep,1-Oct,2-Oct,7,7,0
Nashik,Nashik,Nashik,Manmad,Yeola,20030798,Retrofitting To Yeola 38 Villages,Andarsul,15233,2,0.00,4.92,0.00,11.31,5.73,0.00,0.00,0.00,32.27,0.00,74.22,37.63,0.00,0.00,26-Sep,27-Sep,28-Sep,29-Sep,30-Sep,1-Oct,2-Oct,26-Sep,27-Sep,28-Sep,29-Sep,30-Sep,1-Oct,2-Oct,4,6,1
Nashik,Ahmednagar,Ahmednagar,Ahmednagar,Nagar,20046296,Burhannagar & 45 Villages Retro RRWSS,Dahigaon,1734,1,0.58,0.00,0.00,0.00,0.00,0.00,0.00,33.36,0.00,0.00,0.00,0.00,0.00,0.00,26-Sep,27-Sep,28-Sep,29-Sep,30-Sep,1-Oct,2-Oct,26-Sep,27-Sep,28-Sep,29-Sep,30-Sep,1-Oct,2-Oct,6,7,0
Nashik,Jalgaon,Jalgaon,Dhule,Shindkheda,20056040,"Chimthane and 85 villages, Tal. Shindkheda",Malich,2624,2,3.72,4.17,3.04,2.78,3.45,4.21,3.67,141.75,159.04,115.87,105.97,131.32,160.25,140.05,26-Sep,27-Sep,28-Sep,29-Sep,30-Sep,1-Oct,2-Oct,26-Sep,27-Sep,28-Sep,29-Sep,30-Sep,1-Oct,2-Oct,0,0,7
Nashik,Nashik,W M Nashik,Malegaon,Malegaon,20018682,Dhahiwal &25 Villages WSS Tal Malegaon,Shendurni,1323,2,0.00,0.00,0.00,0.00,10.49,0.00,0.13,0.00,0.00,0.00,0.00,792.66,0.00,10.13,26-Sep,27-Sep,28-Sep,29-Sep,30-Sep,1-Oct,2-Oct,26-Sep,27-Sep,28-Sep,29-Sep,30-Sep,1-Oct,2-Oct,5,6,1
Nashik,Nashik,Nashik,Sinnar,Sinnar,20031739,"Shah and 4 villages Ta, Sinnar",Mith-Sagare,2017,2,0.00,0.00,0.00,0.00,0.00,0.00,0.00,0.00,0.00,0.00,0.00,0.00,0.00,0.00,26-Sep,27-Sep,28-Sep,29-Sep,30-Sep,1-Oct,2-Oct,26-Sep,27-Sep,28-Sep,29-Sep,30-Sep,1-Oct,2-Oct,7,7,0
Nashik,Nashik,Nashik,Manmad,Nifad,456654,"Retro. Lasalgaon Vinchur 16 Villages, Tal. Nifad",Kotamgaon,4189,2,1.82,1.21,0.00,0.00,0.94,0.15,1.01,43.39,28.87,0.00,0.00,22.54,3.51,24.07,26-Sep,27-Sep,28-Sep,29-Sep,30-Sep,1-Oct,2-Oct,26-Sep,27-Sep,28-Sep,29-Sep,30-Sep,1-Oct,2-Oct,2,7,0
Nashik,Jalgaon,Jalgaon,Dhule,Shindkheda,20056040,"Chimthane and 85 villages, Tal. Shindkheda",Melane,1009,2,1.36,0.00,0.00,1.30,0.25,0.56,0.79,134.83,0.00,0.00,129.00,24.81,55.34,78.32,26-Sep,27-Sep,28-Sep,29-Sep,30-Sep,1-Oct,2-Oct,26-Sep,27-Sep,28-Sep,29-Sep,30-Sep,1-Oct,2-Oct,2,3,4
Nashik,Nashik,Nashik,Malegaon,Nandgaon,20037448,"78 villages in Nandgaon, Malegaon and Deola talukas",Yesgaon Kh,2429,2,0.00,0.00,0.00,0.00,0.00,0.00,0.00,0.00,0.00,0.00,0.00,0.00,0.00,0.00,26-Sep,27-Sep,28-Sep,29-Sep,30-Sep,1-Oct,2-Oct,26-Sep,27-Sep,28-Sep,29-Sep,30-Sep,1-Oct,2-Oct,7,7,0
Nashik,Nashik,Nashik,Manmad,Yeola,20040090,"Dhulgaon and 17 villages, Tal. Yeola",Manori Bk,1700,2,0.00,0.00,0.00,0.00,0.00,0.00,0.00,0.00,0.00,0.00,0.00,0.00,0.00,0.00,26-Sep,27-Sep,28-Sep,29-Sep,30-Sep,1-Oct,2-Oct,26-Sep,27-Sep,28-Sep,29-Sep,30-Sep,1-Oct,2-Oct,7,7,0
Nashik,Jalgaon,Jalgaon,Nandurbar,Nandurbar,20057131,Waghale & 3 Villages,Ashte,3920,2,1.45,0.81,0.00,1.41,0.69,0.00,1.48,37.08,20.68,0.00,35.97,17.69,0.00,37.63,26-Sep,27-Sep,28-Sep,29-Sep,30-Sep,1-Oct,2-Oct,26-Sep,27-Sep,28-Sep,29-Sep,30-Sep,1-Oct,2-Oct,2,7,0
Nashik,Jalgaon,Jalgaon,Erandol,Parola,20025410,Bahadarpur & 2 Village RRWSS,Mahalpur,2033,2,0.75,1.10,1.41,0.75,1.34,1.42,0.77,37.08,54.03,69.30,37.14,65.84,69.70,37.87,26-Sep,27-Sep,28-Sep,29-Sep,30-Sep,1-Oct,2-Oct,26-Sep,27-Sep,28-Sep,29-Sep,30-Sep,1-Oct,2-Oct,0,4,3
Nashik,Nashik,W M Nashik,Malegaon,Chandwad,20086730,Retro.Chandwad and WSS 44 villages. Ta. Chandwad,Soni Sangvi,764,1,0.04,0.00,0.00,0.48,0.00,0.00,0.48,5.89,0.00,0.00,62.31,0.00,0.00,63.22,26-Sep,27-Sep,28-Sep,29-Sep,30-Sep,1-Oct,2-Oct,26-Sep,27-Sep,28-Sep,29-Sep,30-Sep,1-Oct,2-Oct,4,5,2
Nashik,Ahmednagar,Ahmednagar,Newasa,Pathardi,20040662,"Retro.Miri-Tisgaon and 33 villages, Tal. Pathardi",Karanji,7256,2,0.00,0.00,0.00,0.00,0.00,0.00,1.12,0.00,0.03,0.00,0.00,0.00,0.00,15.45,26-Sep,27-Sep,28-Sep,29-Sep,30-Sep,1-Oct,2-Oct,26-Sep,27-Sep,28-Sep,29-Sep,30-Sep,1-Oct,2-Oct,5,7,0
Nashik,Ahmednagar,Ahmednagar,Ahmednagar,Nagar,20046296,Burhannagar & 45 Villages Retro RRWSS,Shendi,4865,3,0.59,0.11,0.00,0.00,0.00,0.00,0.29,12.09,2.30,0.00,0.00,0.01,0.00,6.03,26-Sep,27-Sep,28-Sep,29-Sep,30-Sep,1-Oct,2-Oct,26-Sep,27-Sep,28-Sep,29-Sep,30-Sep,1-Oct,2-Oct,3,7,0
Nashik,Nashik,Nashik,Manmad,Yeola,20030798,Retrofitting To Yeola 38 Villages,Bharam,1595,1,0.00,0.00,0.00,0.00,0.00,0.00,0.00,0.00,0.00,0.00,0.00,0.00,0.00,0.00,26-Sep,27-Sep,28-Sep,29-Sep,30-Sep,1-Oct,2-Oct,26-Sep,27-Sep,28-Sep,29-Sep,30-Sep,1-Oct,2-Oct,7,7,0
Nashik,Nashik,Nashik,Malegaon,Malegaon,20037448,"78 villages in Nandgaon, Malegaon and Deola talukas",Manjare,1819,2,0.00,0.00,0.00,0.00,1.29,0.00,1.07,0.00,0.00,0.03,0.00,71.08,0.00,58.61,26-Sep,27-Sep,28-Sep,29-Sep,30-Sep,1-Oct,2-Oct,26-Sep,27-Sep,28-Sep,29-Sep,30-Sep,1-Oct,2-Oct,4,5,2
Nashik,Ahmednagar,Ahmednagar,Ahmednagar,Nagar,20046349,Retro Ghospuri & 16 Villages RRWSS Tal- Nagar,Khadaki,1647,1,0.71,0.72,0.21,0.78,0.36,1.06,0.71,43.33,43.73,12.51,47.64,21.95,64.11,43.35,26-Sep,27-Sep,28-Sep,29-Sep,30-Sep,1-Oct,2-Oct,26-Sep,27-Sep,28-Sep,29-Sep,30-Sep,1-Oct,2-Oct,0,6,1
Nashik,Ahmednagar,Ahmednagar,Newasa,shevgaon,20028535,"Amarapur and Mali Babhulgaon 49 villages, Tal. Pathardi",Malegaon NE,1170,2,0.01,0.30,0.10,0.00,0.33,0.05,0.36,0.93,25.90,8.80,0.00,28.58,3.88,30.77,26-Sep,27-Sep,28-Sep,29-Sep,30-Sep,1-Oct,2-Oct,26-Sep,27-Sep,28-Sep,29-Sep,30-Sep,1-Oct,2-Oct,1,7,0
Nashik,Ahmednagar,Ahmednagar,Newasa,shevgaon,20028535,"Amarapur and Mali Babhulgaon 49 villages, Tal. Pathardi",Awhane Kh,979,1,2.55,0.00,1.52,0.31,2.42,0.17,2.30,260.08,0.00,155.43,31.48,247.57,17.82,234.82,26-Sep,27-Sep,28-Sep,29-Sep,30-Sep,1-Oct,2-Oct,26-Sep,27-Sep,28-Sep,29-Sep,30-Sep,1-Oct,2-Oct,1,3,4
Nashik,Ahmednagar,Ahmednagar,Ahmednagar,Nagar,20046296,Burhannagar & 45 Villages Retro RRWSS,Watephal,1630,2,0.15,0.00,0.00,0.00,0.00,0.00,0.00,8.98,0.00,0.03,0.00,0.00,0.00,0.00,26-Sep,27-Sep,28-Sep,29-Sep,30-Sep,1-Oct,2-Oct,26-Sep,27-Sep,28-Sep,29-Sep,30-Sep,1-Oct,2-Oct,5,7,0
Nashik,Nashik,W M Nashik,Malegaon,Chandwad,20086730,Retro.Chandwad and WSS 44 villages. Ta. Chandwad,Harnul,1053,1,0.00,0.00,0.00,0.00,0.00,0.00,0.00,0.00,0.00,0.00,0.00,0.00,0.00,0.00,26-Sep,27-Sep,28-Sep,29-Sep,30-Sep,1-Oct,2-Oct,26-Sep,27-Sep,28-Sep,29-Sep,30-Sep,1-Oct,2-Oct,7,7,0
Nashik,Ahmednagar,Ahmednagar,Ahmednagar,Nagar,20046296,Burhannagar & 45 Villages Retro RRWSS,Walunj,,3,0.00,0.00,0.00,0.00,0.00,0.00,0.00,0.00,0.00,0.00,0.00,0.00,0.00,0.00,26-Sep,27-Sep,28-Sep,29-Sep,30-Sep,1-Oct,2-Oct,26-Sep,27-Sep,28-Sep,29-Sep,30-Sep,1-Oct,2-Oct,7,7,0
Nashik,Nashik,Nashik,Sinnar,Sinnar,20019176,Retro. Bargaonpimpri & 6 VRWSS  Tal Sinnar,Nimgaon Sinnar,4811,3,0.00,0.00,0.00,0.00,0.00,0.52,0.00,0.04,0.00,0.00,0.00,0.00,10.83,0.02,26-Sep,27-Sep,28-Sep,29-Sep,30-Sep,1-Oct,2-Oct,26-Sep,27-Sep,28-Sep,29-Sep,30-Sep,1-Oct,2-Oct,4,7,0
Nashik,Nashik,Nashik,Malegaon,Malegaon,20037448,"78 villages in Nandgaon, Malegaon and Deola talukas",Babhulwadi,715,1,0.67,0.52,0.00,0.64,0.52,0.67,0.69,94.14,73.32,0.00,89.58,72.76,93.87,96.45,26-Sep,27-Sep,28-Sep,29-Sep,30-Sep,1-Oct,2-Oct,26-Sep,27-Sep,28-Sep,29-Sep,30-Sep,1-Oct,2-Oct,1,1,6
Nashik,Ahmednagar,Sangamner,Kopargaon,Rahata,20054877,Retro.Kelvad Bk.& 2 villages RRWSS. Ta.Rahta,Kelwad Bk,4840,2,0.00,0.00,0.00,0.00,0.00,0.00,0.00,0.00,0.00,0.00,0.00,0.00,0.00,0.00,26-Sep,27-Sep,28-Sep,29-Sep,30-Sep,1-Oct,2-Oct,26-Sep,27-Sep,28-Sep,29-Sep,30-Sep,1-Oct,2-Oct,7,7,0
Nashik,Ahmednagar,Ahmednagar,Newasa,Pathardi,20040662,"Retro.Miri-Tisgaon and 33 villages, Tal. Pathardi",Gunjale,1602,2,0.00,0.00,0.00,0.00,0.00,0.00,0.00,0.00,0.00,0.00,0.00,0.00,0.00,0.00,26-Sep,27-Sep,28-Sep,29-Sep,30-Sep,1-Oct,2-Oct,26-Sep,27-Sep,28-Sep,29-Sep,30-Sep,1-Oct,2-Oct,7,7,0
Nashik,Jalgaon,Jalgaon,Chopda,Chopda,20053731,Lasur and 9 villages RRWSS. Ta. Chopda,Majare Hingone,1501,2,0.17,0.02,0.00,0.54,0.26,2.43,2.38,11.66,1.51,0.00,36.22,17.44,161.78,158.26,26-Sep,27-Sep,28-Sep,29-Sep,30-Sep,1-Oct,2-Oct,26-Sep,27-Sep,28-Sep,29-Sep,30-Sep,1-Oct,2-Oct,1,5,2
Nashik,Jalgaon,Jalgaon,Chopda,Chopda,20053731,Lasur and 9 villages RRWSS. Ta. Chopda,Mamalde,3572,2,4.78,4.69,4.50,4.47,5.03,4.49,5.11,133.69,131.30,126.02,125.11,140.86,125.64,143.16,26-Sep,27-Sep,28-Sep,29-Sep,30-Sep,1-Oct,2-Oct,26-Sep,27-Sep,28-Sep,29-Sep,30-Sep,1-Oct,2-Oct,0,0,7
Nashik,Ahmednagar,Ahmednagar,Ahmednagar,Shrigonda,20028612,"Ruikhel & 6 villages, tal. Shrigonda",Bangarde,2872,2,0.00,0.00,0.00,0.00,0.00,0.00,0.00,0.00,0.00,0.00,0.00,0.00,0.00,0.00,26-Sep,27-Sep,28-Sep,29-Sep,30-Sep,1-Oct,2-Oct,26-Sep,27-Sep,28-Sep,29-Sep,30-Sep,1-Oct,2-Oct,7,7,0
Nashik,Ahmednagar,Ahmednagar,Ahmednagar,Nagar,20046349,Retro Ghospuri & 16 Villages RRWSS Tal- Nagar,Jadhavvwadi,479,1,0.00,0.00,0.00,0.00,0.00,0.62,0.63,0.03,0.00,0.00,0.00,0.20,129.65,131.63,26-Sep,27-Sep,28-Sep,29-Sep,30-Sep,1-Oct,2-Oct,26-Sep,27-Sep,28-Sep,29-Sep,30-Sep,1-Oct,2-Oct,3,5,2
Nashik,Ahmednagar,Ahmednagar,Shreerampur,Shrirampur,20028795,"Kadit Bk. And 5 villages, ta. Shrirampur",Fatyabad,1934,2,0.00,0.00,0.00,0.00,0.00,0.00,0.00,0.00,0.00,0.00,0.00,0.00,0.00,0.00,26-Sep,27-Sep,28-Sep,29-Sep,30-Sep,1-Oct,2-Oct,26-Sep,27-Sep,28-Sep,29-Sep,30-Sep,1-Oct,2-Oct,7,7,0
Nashik,Nashik,Nashik,Sinnar,Sinnar,20019286,"Nirhale-Fatehpur and 5 villages, Tal. Sinnar",Nandur Shingote,6496,5,0.00,0.00,0.00,0.00,0.00,0.00,0.00,0.00,0.00,0.00,0.00,0.00,0.00,0.00,26-Sep,27-Sep,28-Sep,29-Sep,30-Sep,1-Oct,2-Oct,26-Sep,27-Sep,28-Sep,29-Sep,30-Sep,1-Oct,2-Oct,7,7,0
Nashik,Nashik,W M Nashik,Malegaon,Malegaon,20018682,Dhahiwal &25 Villages WSS Tal Malegaon,Hiswal,2038,1,3.27,1.71,0.25,0.09,0.01,0.00,0.00,160.54,83.82,12.08,4.57,0.46,0.00,0.00,26-Sep,27-Sep,28-Sep,29-Sep,30-Sep,1-Oct,2-Oct,26-Sep,27-Sep,28-Sep,29-Sep,30-Sep,1-Oct,2-Oct,2,5,2
Nashik,Nashik,W M Nashik,Malegaon,Chandwad,20086730,Retro.Chandwad and WSS 44 villages. Ta. Chandwad,Panhale,1484,1,0.00,0.05,0.00,0.00,0.49,0.00,0.00,0.15,3.58,0.00,0.00,32.99,0.00,0.08,26-Sep,27-Sep,28-Sep,29-Sep,30-Sep,1-Oct,2-Oct,26-Sep,27-Sep,28-Sep,29-Sep,30-Sep,1-Oct,2-Oct,3,7,0
Nashik,Ahmednagar,Sangamner,Sangamner,Sangamner,20033242,"Retro.Talegaon Dighe and 16 villages, Tal. Sangamner",Wadzari (Bk),1458,1,0.12,0.21,0.11,0.06,0.03,0.06,0.02,8.54,14.07,7.88,3.89,1.83,3.88,1.32,26-Sep,27-Sep,28-Sep,29-Sep,30-Sep,1-Oct,2-Oct,26-Sep,27-Sep,28-Sep,29-Sep,30-Sep,1-Oct,2-Oct,0,7,0
Nashik,Nashik,Nashik,Malegaon,Malegaon,20030518,"Dabhadi and 12 villages, Tal. Malegaon",Vake,2967,2,0.00,0.00,0.00,0.00,0.00,0.00,0.00,0.00,0.00,0.00,0.00,0.00,0.00,0.00,26-Sep,27-Sep,28-Sep,29-Sep,30-Sep,1-Oct,2-Oct,26-Sep,27-Sep,28-Sep,29-Sep,30-Sep,1-Oct,2-Oct,7,7,0
Nashik,Ahmednagar,Ahmednagar,Newasa,shevgaon,20028535,"Amarapur and Mali Babhulgaon 49 villages, Tal. Pathardi",Lolegaon,835,1,0.00,0.00,0.00,0.00,0.00,0.00,0.00,0.03,0.00,0.01,0.00,0.03,0.09,0.01,26-Sep,27-Sep,28-Sep,29-Sep,30-Sep,1-Oct,2-Oct,26-Sep,27-Sep,28-Sep,29-Sep,30-Sep,1-Oct,2-Oct,2,7,0
Nashik,Ahmednagar,Ahmednagar,Ahmednagar,Nagar,20046296,Burhannagar & 45 Villages Retro RRWSS,Pimpalgaon Malvi,6581,5,1.26,1.19,0.00,0.00,0.00,0.00,0.00,19.14,18.03,0.00,0.00,0.00,0.00,0.00,26-Sep,27-Sep,28-Sep,29-Sep,30-Sep,1-Oct,2-Oct,26-Sep,27-Sep,28-Sep,29-Sep,30-Sep,1-Oct,2-Oct,5,7,0
Nashik,Ahmednagar,Ahmednagar,Newasa,shevgaon,20028535,"Amarapur and Mali Babhulgaon 49 villages, Tal. Pathardi",Hatral Saidapur,1254,2,0.28,0.07,0.00,0.00,0.26,0.00,0.02,22.44,5.84,0.00,0.00,20.68,0.00,1.89,26-Sep,27-Sep,28-Sep,29-Sep,30-Sep,1-Oct,2-Oct,26-Sep,27-Sep,28-Sep,29-Sep,30-Sep,1-Oct,2-Oct,3,7,0
Nashik,Nashik,Nashik,Manmad,Yeola,20030798,Retrofitting To Yeola 38 Villages,Katarni,3110,1,0.00,0.00,0.00,0.00,0.00,0.00,0.00,0.00,0.00,0.00,0.00,0.00,0.00,0.00,26-Sep,27-Sep,28-Sep,29-Sep,30-Sep,1-Oct,2-Oct,26-Sep,27-Sep,28-Sep,29-Sep,30-Sep,1-Oct,2-Oct,7,7,0
Nashik,Nashik,W M Nashik,Malegaon,Malegaon,20018682,Dhahiwal &25 Villages WSS Tal Malegaon,Gugulwad,1865,2,0.00,0.00,0.00,0.09,0.00,0.00,0.00,0.00,0.00,0.00,4.71,0.00,0.00,0.00,26-Sep,27-Sep,28-Sep,29-Sep,30-Sep,1-Oct,2-Oct,26-Sep,27-Sep,28-Sep,29-Sep,30-Sep,1-Oct,2-Oct,6,7,0
Nashik,Ahmednagar,Sangamner,Sangamner,Sangamner,20033242,"Retro.Talegaon Dighe and 16 villages, Tal. Sangamner",Karule,2284,1,0.26,0.00,0.87,0.81,0.00,0.02,0.00,11.45,0.00,37.88,35.51,0.21,0.90,0.01,26-Sep,27-Sep,28-Sep,29-Sep,30-Sep,1-Oct,2-Oct,26-Sep,27-Sep,28-Sep,29-Sep,30-Sep,1-Oct,2-Oct,1,7,0
Nashik,Nashik,W M Nashik,Malegaon,Chandwad,20086730,Retro.Chandwad and WSS 44 villages. Ta. Chandwad,Chinchole,914,1,0.30,1.01,0.00,0.00,0.17,0.00,0.00,32.42,110.31,0.00,0.00,18.50,0.00,0.00,26-Sep,27-Sep,28-Sep,29-Sep,30-Sep,1-Oct,2-Oct,26-Sep,27-Sep,28-Sep,29-Sep,30-Sep,1-Oct,2-Oct,4,6,1
Nashik,Ahmednagar,Sangamner,Sangamner,Sangamner,20027709,Nimgaon Bhojapur & 3 Villages Tal. Sangamner,Velhale,4742,4,1.95,2.10,0.31,0.18,0.62,0.00,0.00,41.23,44.37,6.59,3.89,13.07,0.00,0.00,26-Sep,27-Sep,28-Sep,29-Sep,30-Sep,1-Oct,2-Oct,26-Sep,27-Sep,28-Sep,29-Sep,30-Sep,1-Oct,2-Oct,2,7,0
Nashik,Nashik,Nashik,Manmad,Yeola,20030798,Retrofitting To Yeola 38 Villages,Dhamode,657,1,0.00,0.00,0.00,0.00,0.00,0.00,0.00,0.00,0.00,0.00,0.00,0.00,0.00,0.00,26-Sep,27-Sep,28-Sep,29-Sep,30-Sep,1-Oct,2-Oct,26-Sep,27-Sep,28-Sep,29-Sep,30-Sep,1-Oct,2-Oct,7,7,0
Nashik,Nashik,Nashik,Sinnar,Sinnar,20019176,Retro. Bargaonpimpri & 6 VRWSS  Tal Sinnar,Hiwargaon,2497,3,0.56,0.00,0.00,0.07,0.51,0.09,0.26,22.34,0.00,0.00,2.95,20.39,3.52,10.37,26-Sep,27-Sep,28-Sep,29-Sep,30-Sep,1-Oct,2-Oct,26-Sep,27-Sep,28-Sep,29-Sep,30-Sep,1-Oct,2-Oct,2,7,0
Nashik,Ahmednagar,Sangamner,Sangamner,Sangamner,20033242,"Retro.Talegaon Dighe and 16 villages, Tal. Sangamner",Wadzari (Kh),1173,1,0.00,0.00,0.00,0.00,0.00,0.00,0.00,0.00,0.00,0.00,0.00,0.00,0.00,0.00,26-Sep,27-Sep,28-Sep,29-Sep,30-Sep,1-Oct,2-Oct,26-Sep,27-Sep,28-Sep,29-Sep,30-Sep,1-Oct,2-Oct,7,7,0
Nashik,Ahmednagar,Sangamner,Akole,Akole,20028069,Ganore and 4 villagesTa. Akole,Hiwargaon,2246,5,0.17,0.00,0.17,0.00,0.16,0.00,0.14,7.76,0.00,7.79,0.06,6.93,0.00,6.10,26-Sep,27-Sep,28-Sep,29-Sep,30-Sep,1-Oct,2-Oct,26-Sep,27-Sep,28-Sep,29-Sep,30-Sep,1-Oct,2-Oct,2,7,0
Nashik,Nashik,W M Nashik,Malegaon,Chandwad,20086730,Retro.Chandwad and WSS 44 villages. Ta. Chandwad,Harsul,,1,0.00,0.00,0.00,0.00,0.00,0.00,0.00,0.00,0.00,0.00,0.00,0.00,0.00,0.00,26-Sep,27-Sep,28-Sep,29-Sep,30-Sep,1-Oct,2-Oct,26-Sep,27-Sep,28-Sep,29-Sep,30-Sep,1-Oct,2-Oct,7,7,0
Nashik,Ahmednagar,Sangamner,Kopargaon,Rahata,417239,Retro Rui & Shingave R.R.W.S.S Tal Rahata,Rui,6426,4,6.72,5.88,5.04,6.46,7.73,7.29,8.96,104.50,91.53,78.45,100.45,120.26,113.40,139.38,26-Sep,27-Sep,28-Sep,29-Sep,30-Sep,1-Oct,2-Oct,26-Sep,27-Sep,28-Sep,29-Sep,30-Sep,1-Oct,2-Oct,0,0,7
Nashik,Nashik,W M Nashik,Malegaon,Malegaon,20018579,Malmatha and 25 villages Ta. Malegaon,Lonwade,1505,1,0.00,0.00,0.00,0.88,0.00,0.00,0.00,0.00,0.00,0.00,58.68,0.00,0.00,0.00,26-Sep,27-Sep,28-Sep,29-Sep,30-Sep,1-Oct,2-Oct,26-Sep,27-Sep,28-Sep,29-Sep,30-Sep,1-Oct,2-Oct,6,6,1
Nashik,Nashik,Nashik,Manmad,Nifad,456654,"Retro. Lasalgaon Vinchur 16 Villages, Tal. Nifad",Lasalgaon,19821,5,9.52,19.34,1.90,0.00,0.00,0.34,7.69,48.03,97.57,9.58,0.00,0.00,1.71,38.81,26-Sep,27-Sep,28-Sep,29-Sep,30-Sep,1-Oct,2-Oct,26-Sep,27-Sep,28-Sep,29-Sep,30-Sep,1-Oct,2-Oct,2,6,1
Nashik,Nashik,Nashik,Manmad,Yeola,20030798,Retrofitting To Yeola 38 Villages,Savargaon,3130,1,0.00,0.00,0.00,0.00,0.00,0.00,0.00,0.00,0.00,0.00,0.00,0.00,0.00,0.00,26-Sep,27-Sep,28-Sep,29-Sep,30-Sep,1-Oct,2-Oct,26-Sep,27-Sep,28-Sep,29-Sep,30-Sep,1-Oct,2-Oct,7,7,0
Nashik,Ahmednagar,Ahmednagar,Newasa,Nevasa,5348540,"Retro.Sonai Karjgaon and 16 villages, Tal. Nevasa",Siregaon,3695,1,0.96,0.00,0.00,0.58,0.72,1.13,0.41,25.96,0.00,0.01,15.68,19.44,30.55,11.11,26-Sep,27-Sep,28-Sep,29-Sep,30-Sep,1-Oct,2-Oct,26-Sep,27-Sep,28-Sep,29-Sep,30-Sep,1-Oct,2-Oct,1,7,0
Nashik,Ahmednagar,Ahmednagar,Newasa,Pathardi,20040662,"Retro.Miri-Tisgaon and 33 villages, Tal. Pathardi",Dharwadi,910,2,0.11,0.01,0.12,0.18,0.26,0.29,0.22,12.15,0.90,12.83,19.60,28.96,31.79,24.09,26-Sep,27-Sep,28-Sep,29-Sep,30-Sep,1-Oct,2-Oct,26-Sep,27-Sep,28-Sep,29-Sep,30-Sep,1-Oct,2-Oct,0,7,0
Nashik,Nashik,Nashik,Manmad,Yeola,20030798,Retrofitting To Yeola 38 Villages,Pimpalgaon jalal,1412,1,0.00,0.00,0.00,0.00,0.00,0.00,0.00,0.00,0.00,0.00,0.00,0.00,0.00,0.00,26-Sep,27-Sep,28-Sep,29-Sep,30-Sep,1-Oct,2-Oct,26-Sep,27-Sep,28-Sep,29-Sep,30-Sep,1-Oct,2-Oct,7,7,0
Nashik,Jalgaon,Jalgaon,Chopda,Chopda,20053731,Lasur and 9 villages RRWSS. Ta. Chopda,Chunchale,5224,2,0.00,0.00,0.00,0.00,0.00,0.00,0.00,0.00,0.00,0.00,0.00,0.00,0.00,0.00,26-Sep,27-Sep,28-Sep,29-Sep,30-Sep,1-Oct,2-Oct,26-Sep,27-Sep,28-Sep,29-Sep,30-Sep,1-Oct,2-Oct,7,7,0
Nashik,Ahmednagar,Ahmednagar,Shreerampur,Rahuri,20028775,Sonegaon and Dhanore WSS. Ta.Rahuri,Songaon,2298,1,1.16,0.62,1.14,0.65,1.35,0.57,1.10,50.61,27.18,49.50,28.08,58.92,24.72,47.93,26-Sep,27-Sep,28-Sep,29-Sep,30-Sep,1-Oct,2-Oct,26-Sep,27-Sep,28-Sep,29-Sep,30-Sep,1-Oct,2-Oct,0,6,1
Nashik,Nashik,Nashik,Malegaon,Nandgaon,20037448,"78 villages in Nandgaon, Malegaon and Deola talukas",Pimprale,2160,2,0.00,0.00,0.00,0.51,0.54,0.54,0.00,0.00,0.00,0.00,23.62,24.96,24.80,0.00,26-Sep,27-Sep,28-Sep,29-Sep,30-Sep,1-Oct,2-Oct,26-Sep,27-Sep,28-Sep,29-Sep,30-Sep,1-Oct,2-Oct,4,7,0
Nashik,Nashik,Nashik,Malegaon,Nandgaon,20037448,"78 villages in Nandgaon, Malegaon and Deola talukas",Mehune,3276,2,0.00,0.00,0.00,0.00,1.02,0.00,0.00,0.00,0.00,0.00,0.00,31.15,0.00,0.00,26-Sep,27-Sep,28-Sep,29-Sep,30-Sep,1-Oct,2-Oct,26-Sep,27-Sep,28-Sep,29-Sep,30-Sep,1-Oct,2-Oct,6,7,0
Nashik,Ahmednagar,Sangamner,Sangamner,Sangamner,7937337,"Retro.Nimon and 4 villages, Tal. Sangamner",Karhe,2691,2,0.00,0.00,0.00,0.00,0.00,0.00,0.00,0.00,0.00,0.00,0.00,0.00,0.00,0.00,26-Sep,27-Sep,28-Sep,29-Sep,30-Sep,1-Oct,2-Oct,26-Sep,27-Sep,28-Sep,29-Sep,30-Sep,1-Oct,2-Oct,7,7,0
Nashik,Nashik,Nashik,Manmad,Nifad,456654,"Retro. Lasalgaon Vinchur 16 Villages, Tal. Nifad",Brahmangaon,9640,1,0.00,0.00,0.00,0.00,1.27,0.00,0.00,0.00,0.00,0.00,0.00,13.22,0.01,0.00,26-Sep,27-Sep,28-Sep,29-Sep,30-Sep,1-Oct,2-Oct,26-Sep,27-Sep,28-Sep,29-Sep,30-Sep,1-Oct,2-Oct,5,7,0
Nashik,Nashik,Nashik,Manmad,Nifad,456654,"Retro. Lasalgaon Vinchur 16 Villages, Tal. Nifad",Nimgaon Wakada,3798,1,0.38,1.36,0.37,1.12,0.32,0.35,1.01,10.06,35.82,9.80,29.42,8.33,9.12,26.71,26-Sep,27-Sep,28-Sep,29-Sep,30-Sep,1-Oct,2-Oct,26-Sep,27-Sep,28-Sep,29-Sep,30-Sep,1-Oct,2-Oct,0,7,0
Nashik,Jalgaon,Jalgaon,Nandurbar,Nandurbar,20055639,Bhagsari & 8 Villages,Shindgavhan,1743,2,0.00,0.00,209.79,2.41,0.00,214.88,1.95,0.00,0.00,12036.29,138.03,0.00,12328.37,111.65,26-Sep,27-Sep,28-Sep,29-Sep,30-Sep,1-Oct,2-Oct,26-Sep,27-Sep,28-Sep,29-Sep,30-Sep,1-Oct,2-Oct,3,3,4
Nashik,Nashik,W M Nashik,W.M.Nashik,Dindori,20039258,Ozar-Sakore & 2 Villages,Mohadi,5078,3,2.85,0.46,2.77,0.82,2.91,0.22,3.21,56.13,8.98,54.50,16.05,57.38,4.31,63.20,26-Sep,27-Sep,28-Sep,29-Sep,30-Sep,1-Oct,2-Oct,26-Sep,27-Sep,28-Sep,29-Sep,30-Sep,1-Oct,2-Oct,0,4,3
Nashik,Nashik,Nashik,Manmad,Yeola,20030798,Retrofitting To Yeola 38 Villages,Adgaon chautha,2244,1,0.00,0.00,0.00,0.00,0.00,0.00,0.00,0.00,0.00,0.00,0.00,0.00,0.00,0.00,26-Sep,27-Sep,28-Sep,29-Sep,30-Sep,1-Oct,2-Oct,26-Sep,27-Sep,28-Sep,29-Sep,30-Sep,1-Oct,2-Oct,7,7,0
Nashik,Jalgaon,Jalgaon,Erandol,Chalisgaon,20053796,Dondigar-Rohini & 15 Villages WSS,Karajgaon,1879,1,0.00,0.00,0.00,0.00,0.00,0.00,0.00,0.02,0.06,0.00,0.00,0.00,0.00,0.01,26-Sep,27-Sep,28-Sep,29-Sep,30-Sep,1-Oct,2-Oct,26-Sep,27-Sep,28-Sep,29-Sep,30-Sep,1-Oct,2-Oct,4,7,0
Nashik,Nashik,W M Nashik,Malegaon,Chandwad,20086730,Retro.Chandwad and WSS 44 villages. Ta. Chandwad,Vitave,1920,1,0.56,0.78,0.28,0.62,0.24,0.55,0.67,29.05,40.39,14.34,32.36,12.55,28.85,34.99,26-Sep,27-Sep,28-Sep,29-Sep,30-Sep,1-Oct,2-Oct,26-Sep,27-Sep,28-Sep,29-Sep,30-Sep,1-Oct,2-Oct,0,7,0
Nashik,Nashik,Nashik,Manmad,Yeola,20030798,Retrofitting To Yeola 38 Villages,Saygaon,3117,1,2.43,0.52,0.00,0.00,0.00,0.00,1.98,78.11,16.59,0.00,0.00,0.00,0.00,63.41,26-Sep,27-Sep,28-Sep,29-Sep,30-Sep,1-Oct,2-Oct,26-Sep,27-Sep,28-Sep,29-Sep,30-Sep,1-Oct,2-Oct,4,5,2
Nashik,Nashik,Nashik,Sinnar,Sinnar,20019176,Retro. Bargaonpimpri & 6 VRWSS  Tal Sinnar,Sunderpur,2212,2,0.00,0.00,0.00,0.00,0.00,0.00,0.00,0.00,0.00,0.00,0.00,0.00,0.00,0.00,26-Sep,27-Sep,28-Sep,29-Sep,30-Sep,1-Oct,2-Oct,26-Sep,27-Sep,28-Sep,29-Sep,30-Sep,1-Oct,2-Oct,7,7,0
Nashik,Nashik,Nashik,Malegaon,Malegaon,20037448,"78 villages in Nandgaon, Malegaon and Deola talukas",DoctorWadi,1255,1,0.00,0.00,0.00,0.00,0.00,0.00,0.00,0.00,0.00,0.00,0.00,0.00,0.00,0.00,26-Sep,27-Sep,28-Sep,29-Sep,30-Sep,1-Oct,2-Oct,26-Sep,27-Sep,28-Sep,29-Sep,30-Sep,1-Oct,2-Oct,7,7,0
Nashik,Nashik,Nashik,Malegaon,Nandgaon,20037448,"78 villages in Nandgaon, Malegaon and Deola talukas",Takli Bk,1965,3,0.43,0.27,0.00,0.05,0.44,0.32,0.00,22.00,13.66,0.00,2.38,22.62,16.10,0.00,26-Sep,27-Sep,28-Sep,29-Sep,30-Sep,1-Oct,2-Oct,26-Sep,27-Sep,28-Sep,29-Sep,30-Sep,1-Oct,2-Oct,2,7,0
Nashik,Nashik,Nashik,Malegaon,Baglan,7971089,Nampur and 4 villages RR Tal Baglan (C 39),Jaikheda,8177,3,2.17,1.60,0.79,2.14,1.77,2.20,1.67,26.50,19.58,9.64,26.20,21.69,26.92,20.43,26-Sep,27-Sep,28-Sep,29-Sep,30-Sep,1-Oct,2-Oct,26-Sep,27-Sep,28-Sep,29-Sep,30-Sep,1-Oct,2-Oct,0,7,0
Nashik,Ahmednagar,Ahmednagar,Shreerampur,Shrirampur,20030740,"Belapur Bk. Wss, Ta. Shrirampur",Ainatpur,9958,8,0.66,0.39,0.00,0.39,0.95,0.00,0.00,6.67,3.94,0.00,3.90,9.51,0.00,0.00,26-Sep,27-Sep,28-Sep,29-Sep,30-Sep,1-Oct,2-Oct,26-Sep,27-Sep,28-Sep,29-Sep,30-Sep,1-Oct,2-Oct,3,7,0
Nashik,Ahmednagar,Ahmednagar,Newasa,Nevasa,5348540,"Retro.Sonai Karjgaon and 16 villages, Tal. Nevasa",Belhekarwadi,2991,2,4.66,4.02,0.57,3.45,1.86,0.00,0.00,155.77,134.55,19.07,115.22,62.33,0.00,0.00,26-Sep,27-Sep,28-Sep,29-Sep,30-Sep,1-Oct,2-Oct,26-Sep,27-Sep,28-Sep,29-Sep,30-Sep,1-Oct,2-Oct,2,3,4
Nashik,Nashik,W M Nashik,Malegaon,Chandwad,20086730,Retro.Chandwad and WSS 44 villages. Ta. Chandwad,Koltek,796,1,0.00,0.00,0.00,0.00,0.31,0.00,0.00,0.00,0.00,0.00,0.00,39.25,0.00,0.00,26-Sep,27-Sep,28-Sep,29-Sep,30-Sep,1-Oct,2-Oct,26-Sep,27-Sep,28-Sep,29-Sep,30-Sep,1-Oct,2-Oct,6,7,0
Nashik,Ahmednagar,Ahmednagar,Shreerampur,Rahuri,20041657,Warvandi and others 10 villages. Tal.Rahuri,Dehere,6894,2,2.90,3.72,2.69,3.72,2.88,4.42,3.03,42.12,53.99,38.97,54.02,41.74,64.05,43.88,26-Sep,27-Sep,28-Sep,29-Sep,30-Sep,1-Oct,2-Oct,26-Sep,27-Sep,28-Sep,29-Sep,30-Sep,1-Oct,2-Oct,0,6,1
Nashik,Nashik,Nashik,Malegaon,Malegaon,20037448,"78 villages in Nandgaon, Malegaon and Deola talukas",Ganesh Nagar,1298,2,0.28,0.27,0.00,0.39,0.14,0.51,0.22,21.42,20.45,0.00,29.97,10.95,39.43,17.23,26-Sep,27-Sep,28-Sep,29-Sep,30-Sep,1-Oct,2-Oct,26-Sep,27-Sep,28-Sep,29-Sep,30-Sep,1-Oct,2-Oct,1,7,0
Nashik,Nashik,Nashik,Nashik,Peth,20083505,Surgane & 2 Vill RRWSS Tal.Peth,Surgane,1114,6,0.00,0.00,0.00,0.00,0.00,0.00,0.00,0.00,0.00,0.00,0.00,0.00,0.00,0.00,26-Sep,27-Sep,28-Sep,29-Sep,30-Sep,1-Oct,2-Oct,26-Sep,27-Sep,28-Sep,29-Sep,30-Sep,1-Oct,2-Oct,7,7,0
Nashik,Ahmednagar,Sangamner,Sangamner,Sangamner,7937337,"Retro.Nimon and 4 villages, Tal. Sangamner",hilllock,3954,1,0.00,0.00,0.00,0.00,0.00,0.00,0.00,0.00,0.00,0.00,0.00,0.00,0.00,0.05,26-Sep,27-Sep,28-Sep,29-Sep,30-Sep,1-Oct,2-Oct,26-Sep,27-Sep,28-Sep,29-Sep,30-Sep,1-Oct,2-Oct,6,7,0
Nashik,Ahmednagar,Sangamner,Akole,Akole,20035141,"Retro.Akole and 32 villages, Tal. Akole",Gardani,2232,2,2.34,10.43,0.89,0.13,0.57,2.27,0.23,105.04,467.16,39.97,5.60,25.70,101.59,10.26,26-Sep,27-Sep,28-Sep,29-Sep,30-Sep,1-Oct,2-Oct,26-Sep,27-Sep,28-Sep,29-Sep,30-Sep,1-Oct,2-Oct,0,4,3
Nashik,Jalgaon,Jalgaon,Erandol,Chalisgaon,20053796,Dondigar-Rohini & 15 Villages WSS,Rohini,2811,3,0.29,0.43,0.70,0.32,0.00,0.00,0.24,10.38,15.30,24.85,11.42,0.00,0.00,8.39,26-Sep,27-Sep,28-Sep,29-Sep,30-Sep,1-Oct,2-Oct,26-Sep,27-Sep,28-Sep,29-Sep,30-Sep,1-Oct,2-Oct,2,7,0
Nashik,Ahmednagar,Ahmednagar,Newasa,Nevasa,5348540,"Retro.Sonai Karjgaon and 16 villages, Tal. Nevasa",KHUPTI,2338,2,1.84,1.68,1.52,2.05,1.66,1.18,1.38,78.81,71.79,64.85,87.49,71.13,50.60,59.02,26-Sep,27-Sep,28-Sep,29-Sep,30-Sep,1-Oct,2-Oct,26-Sep,27-Sep,28-Sep,29-Sep,30-Sep,1-Oct,2-Oct,0,1,6
Nashik,Nashik,Nashik,Manmad,Yeola,20030798,Retrofitting To Yeola 38 Villages,Nimgaon Madh,3048,1,0.00,0.00,0.00,0.00,0.00,1.67,0.04,0.00,0.00,0.00,0.00,0.00,54.75,1.30,26-Sep,27-Sep,28-Sep,29-Sep,30-Sep,1-Oct,2-Oct,26-Sep,27-Sep,28-Sep,29-Sep,30-Sep,1-Oct,2-Oct,5,7,0
Nashik,Nashik,W M Nashik,Malegaon,Malegaon,20018579,Malmatha and 25 villages Ta. Malegaon,Hatane,2413,1,0.00,0.00,2.79,6.19,0.03,0.00,0.00,0.00,0.00,115.54,256.38,1.07,0.00,0.00,26-Sep,27-Sep,28-Sep,29-Sep,30-Sep,1-Oct,2-Oct,26-Sep,27-Sep,28-Sep,29-Sep,30-Sep,1-Oct,2-Oct,4,5,2
Nashik,Ahmednagar,Sangamner,Kopargaon,Rahata,417239,Retro Rui & Shingave R.R.W.S.S Tal Rahata,Shingve,5274,2,0.00,0.00,0.00,0.00,0.00,0.00,0.00,0.00,0.00,0.00,0.00,0.00,0.00,0.00,26-Sep,27-Sep,28-Sep,29-Sep,30-Sep,1-Oct,2-Oct,26-Sep,27-Sep,28-Sep,29-Sep,30-Sep,1-Oct,2-Oct,7,7,0
Nashik,Nashik,Nashik,Manmad,Yeola,20030798,Retrofitting To Yeola 38 Villages,Nagarsul,10277,1,0.00,0.00,0.00,0.00,0.00,0.00,0.00,0.00,0.00,0.00,0.00,0.00,0.00,0.00,26-Sep,27-Sep,28-Sep,29-Sep,30-Sep,1-Oct,2-Oct,26-Sep,27-Sep,28-Sep,29-Sep,30-Sep,1-Oct,2-Oct,7,7,0
Nashik,Jalgaon,Jalgaon,Nandurbar,Nandurbar,20057127,"Khamgaon, Tokartale , Vichak & 2 Wadies RRWSS",Tokartale,3510,2,1.68,1.03,0.43,1.19,0.56,1.85,1.82,47.95,29.25,12.18,33.86,15.92,52.72,51.95,26-Sep,27-Sep,28-Sep,29-Sep,30-Sep,1-Oct,2-Oct,26-Sep,27-Sep,28-Sep,29-Sep,30-Sep,1-Oct,2-Oct,0,7,0
Nashik,Ahmednagar,Ahmednagar,Newasa,shevgaon,20028535,"Amarapur and Mali Babhulgaon 49 villages, Tal. Pathardi",Kolegaon,1090,2,0.32,0.45,0.37,0.42,0.58,0.36,0.47,29.49,40.83,33.90,38.70,52.99,33.36,43.19,26-Sep,27-Sep,28-Sep,29-Sep,30-Sep,1-Oct,2-Oct,26-Sep,27-Sep,28-Sep,29-Sep,30-Sep,1-Oct,2-Oct,0,7,0
Nashik,Nashik,W M Nashik,Malegaon,Malegaon,20018682,Dhahiwal &25 Villages WSS Tal Malegaon,Bodhe,540,2,0.00,0.00,0.00,0.00,0.00,0.00,0.00,0.00,0.01,0.12,0.00,0.00,0.00,0.00,26-Sep,27-Sep,28-Sep,29-Sep,30-Sep,1-Oct,2-Oct,26-Sep,27-Sep,28-Sep,29-Sep,30-Sep,1-Oct,2-Oct,5,7,0
Nashik,Nashik,Nashik,Manmad,Yeola,20030798,Retrofitting To Yeola 38 Villages,Somthan Desh,2869,1,0.00,0.00,0.00,0.00,0.00,0.00,0.00,0.00,0.00,0.00,0.00,0.00,0.00,0.00,26-Sep,27-Sep,28-Sep,29-Sep,30-Sep,1-Oct,2-Oct,26-Sep,27-Sep,28-Sep,29-Sep,30-Sep,1-Oct,2-Oct,7,7,0
Nashik,Ahmednagar,Ahmednagar,Newasa,shevgaon,20028535,"Amarapur and Mali Babhulgaon 49 villages, Tal. Pathardi",Wadule Bk,2479,2,0.00,0.00,0.00,0.39,0.05,0.00,0.00,0.00,0.00,0.00,15.84,1.99,0.00,0.00,26-Sep,27-Sep,28-Sep,29-Sep,30-Sep,1-Oct,2-Oct,26-Sep,27-Sep,28-Sep,29-Sep,30-Sep,1-Oct,2-Oct,5,7,0
Nashik,Ahmednagar,Sangamner,Sangamner,Sangamner,20033242,"Retro.Talegaon Dighe and 16 villages, Tal. Sangamner",chincholi Gurav,3160,4,0.00,0.00,0.00,0.00,0.15,0.54,0.00,0.00,0.01,0.00,0.00,4.72,16.93,0.00,26-Sep,27-Sep,28-Sep,29-Sep,30-Sep,1-Oct,2-Oct,26-Sep,27-Sep,28-Sep,29-Sep,30-Sep,1-Oct,2-Oct,4,7,0
Nashik,Nashik,Nashik,Manmad,Yeola,20030798,Retrofitting To Yeola 38 Villages,Pimpalkute BK.,811,1,0.56,0.04,0.00,0.00,0.00,0.53,0.34,68.56,5.02,0.00,0.00,0.00,64.83,41.36,26-Sep,27-Sep,28-Sep,29-Sep,30-Sep,1-Oct,2-Oct,26-Sep,27-Sep,28-Sep,29-Sep,30-Sep,1-Oct,2-Oct,3,5,2
Nashik,Ahmednagar,Ahmednagar,Newasa,Pathardi,20040662,"Retro.Miri-Tisgaon and 33 villages, Tal. Pathardi",Dagadwadi,1414,2,0.85,0.91,0.00,0.00,0.34,0.57,0.00,59.87,64.54,0.00,0.00,23.74,40.12,0.00,26-Sep,27-Sep,28-Sep,29-Sep,30-Sep,1-Oct,2-Oct,26-Sep,27-Sep,28-Sep,29-Sep,30-Sep,1-Oct,2-Oct,3,5,2
Nashik,Nashik,W M Nashik,Malegaon,Chandwad,20086730,Retro.Chandwad and WSS 44 villages. Ta. Chandwad,Nimbale,2139,1,0.00,0.00,0.00,0.00,0.00,0.00,1.23,0.00,0.00,0.00,0.00,0.00,0.00,57.34,26-Sep,27-Sep,28-Sep,29-Sep,30-Sep,1-Oct,2-Oct,26-Sep,27-Sep,28-Sep,29-Sep,30-Sep,1-Oct,2-Oct,6,6,1
Nashik,Nashik,Nashik,Malegaon,Nandgaon,20037448,"78 villages in Nandgaon, Malegaon and Deola talukas",Sawakarwadi,2811,3,0.00,0.00,0.00,0.00,2.31,0.00,0.00,0.00,0.00,0.00,0.00,82.25,0.00,0.00,26-Sep,27-Sep,28-Sep,29-Sep,30-Sep,1-Oct,2-Oct,26-Sep,27-Sep,28-Sep,29-Sep,30-Sep,1-Oct,2-Oct,6,6,1
Nashik,Ahmednagar,Sangamner,Sangamner,Sangamner,20033242,"Retro.Talegaon Dighe and 16 villages, Tal. Sangamner",Devkawthe,1467,3,0.00,0.00,0.00,0.00,0.00,0.00,0.00,0.00,0.02,0.00,0.00,0.00,0.00,0.00,26-Sep,27-Sep,28-Sep,29-Sep,30-Sep,1-Oct,2-Oct,26-Sep,27-Sep,28-Sep,29-Sep,30-Sep,1-Oct,2-Oct,6,7,0
Nashik,Nashik,Nashik,Malegaon,Malegaon,20037448,"78 villages in Nandgaon, Malegaon and Deola talukas",Hiswal Kh,1785,1,0.00,0.00,0.00,0.00,0.54,0.00,0.00,0.00,0.00,0.00,0.00,30.00,0.00,0.00,26-Sep,27-Sep,28-Sep,29-Sep,30-Sep,1-Oct,2-Oct,26-Sep,27-Sep,28-Sep,29-Sep,30-Sep,1-Oct,2-Oct,6,7,0
Nashik,Ahmednagar,Ahmednagar,Ahmednagar,Nagar,20046296,Burhannagar & 45 Villages Retro RRWSS,Burhannagar,9485,4,7.04,8.74,8.87,6.60,8.37,9.72,11.10,74.21,92.12,93.49,69.61,88.21,102.45,117.02,26-Sep,27-Sep,28-Sep,29-Sep,30-Sep,1-Oct,2-Oct,26-Sep,27-Sep,28-Sep,29-Sep,30-Sep,1-Oct,2-Oct,0,0,7
Nashik,Ahmednagar,Ahmednagar,Newasa,shevgaon,20028535,"Amarapur and Mali Babhulgaon 49 villages, Tal. Pathardi",Hasnapur,2123,2,0.00,0.00,0.00,0.00,0.00,0.00,0.00,0.00,0.00,0.00,0.00,0.00,0.00,0.00,26-Sep,27-Sep,28-Sep,29-Sep,30-Sep,1-Oct,2-Oct,26-Sep,27-Sep,28-Sep,29-Sep,30-Sep,1-Oct,2-Oct,7,7,0
Nashik,Nashik,Nashik,Manmad,Yeola,20040090,"Dhulgaon and 17 villages, Tal. Yeola",Chinchodi Bk,1893,2,1.04,0.17,0.19,0.23,0.14,0.00,0.00,54.96,8.91,9.80,12.00,7.39,0.00,0.00,26-Sep,27-Sep,28-Sep,29-Sep,30-Sep,1-Oct,2-Oct,26-Sep,27-Sep,28-Sep,29-Sep,30-Sep,1-Oct,2-Oct,2,7,0
Nashik,Nashik,W M Nashik,Malegaon,Chandwad,20086730,Retro.Chandwad and WSS 44 villages. Ta. Chandwad,Dighwad,2462,1,0.05,0.42,0.00,0.00,0.00,0.00,0.00,1.99,16.98,0.00,0.00,0.00,0.00,0.00,26-Sep,27-Sep,28-Sep,29-Sep,30-Sep,1-Oct,2-Oct,26-Sep,27-Sep,28-Sep,29-Sep,30-Sep,1-Oct,2-Oct,5,7,0
Nashik,Ahmednagar,Ahmednagar,Ahmednagar,Nagar,20046349,Retro Ghospuri & 16 Villages RRWSS Tal- Nagar,Deualgaon Siddhi,4433,3,0.98,0.06,0.00,1.48,1.44,1.50,1.50,22.19,1.38,0.00,33.41,32.49,33.84,33.82,26-Sep,27-Sep,28-Sep,29-Sep,30-Sep,1-Oct,2-Oct,26-Sep,27-Sep,28-Sep,29-Sep,30-Sep,1-Oct,2-Oct,1,7,0
Nashik,Nashik,W M Nashik,Sinnar,Naigaon,20028193,Retrofitting To Wadzire (Naigaon) & 4 Villages RRWSS,Wadzire,3369,2,1.62,0.63,3.32,0.34,1.94,0.74,0.19,48.19,18.72,98.62,10.08,57.71,22.04,5.50,26-Sep,27-Sep,28-Sep,29-Sep,30-Sep,1-Oct,2-Oct,26-Sep,27-Sep,28-Sep,29-Sep,30-Sep,1-Oct,2-Oct,0,5,2
Nashik,Nashik,W M Nashik,Malegaon,Chandwad,20086730,Retro.Chandwad and WSS 44 villages. Ta. Chandwad,Kanmandale,3261,2,0.63,0.76,0.71,0.00,0.15,0.63,0.90,19.43,23.45,21.76,0.00,4.45,19.30,27.64,26-Sep,27-Sep,28-Sep,29-Sep,30-Sep,1-Oct,2-Oct,26-Sep,27-Sep,28-Sep,29-Sep,30-Sep,1-Oct,2-Oct,1,7,0
Nashik,Ahmednagar,Ahmednagar,Newasa,Shevgaon,20029079,Retro.Bodhegaon and 7 villages RRWSS. Ta. Shevgaon,Chapadgaon,3786,4,0.00,0.00,0.00,0.00,0.00,0.00,0.00,0.00,0.00,0.00,0.00,0.00,0.00,0.00,26-Sep,27-Sep,28-Sep,29-Sep,30-Sep,1-Oct,2-Oct,26-Sep,27-Sep,28-Sep,29-Sep,30-Sep,1-Oct,2-Oct,7,7,0
Nashik,Ahmednagar,Sangamner,Sangamner,Sangamner,7937337,"Retro.Nimon and 4 villages, Tal. Sangamner",Pimpale,2689,3,0.00,0.00,0.00,0.00,0.00,0.00,0.00,0.00,0.00,0.00,0.01,0.00,0.01,0.00,26-Sep,27-Sep,28-Sep,29-Sep,30-Sep,1-Oct,2-Oct,26-Sep,27-Sep,28-Sep,29-Sep,30-Sep,1-Oct,2-Oct,5,7,0
Nashik,Ahmednagar,Ahmednagar,Newasa,Nevasa,5348540,"Retro.Sonai Karjgaon and 16 villages, Tal. Nevasa",PANEGAON,2858,2,1.28,0.84,1.80,1.20,1.08,1.44,0.70,44.61,29.51,62.85,42.08,37.64,50.37,24.58,26-Sep,27-Sep,28-Sep,29-Sep,30-Sep,1-Oct,2-Oct,26-Sep,27-Sep,28-Sep,29-Sep,30-Sep,1-Oct,2-Oct,0,6,1
Nashik,Nashik,W M Nashik,Sinnar,Naigaon,20028193,Retrofitting To Wadzire (Naigaon) & 4 Villages RRWSS,Moh- Mahadari,1025,1,0.00,0.00,0.00,0.00,2.03,0.00,0.00,0.00,0.00,0.00,0.00,197.86,0.00,0.00,26-Sep,27-Sep,28-Sep,29-Sep,30-Sep,1-Oct,2-Oct,26-Sep,27-Sep,28-Sep,29-Sep,30-Sep,1-Oct,2-Oct,6,6,1
Nashik,Nashik,W M Nashik,Malegaon,Chandwad,20086730,Retro.Chandwad and WSS 44 villages. Ta. Chandwad,Denewadi,0,1,0.00,0.00,0.00,0.00,0.00,0.00,0.00,0.00,0.00,0.00,0.00,0.00,0.00,0.00,26-Sep,27-Sep,28-Sep,29-Sep,30-Sep,1-Oct,2-Oct,26-Sep,27-Sep,28-Sep,29-Sep,30-Sep,1-Oct,2-Oct,7,7,0
Nashik,Ahmednagar,Ahmednagar,Newasa,shevgaon,20028535,"Amarapur and Mali Babhulgaon 49 villages, Tal. Pathardi",Bhagur,1307,2,0.00,0.34,0.00,0.31,0.23,0.36,0.21,0.00,25.78,0.00,23.78,17.96,27.36,15.69,26-Sep,27-Sep,28-Sep,29-Sep,30-Sep,1-Oct,2-Oct,26-Sep,27-Sep,28-Sep,29-Sep,30-Sep,1-Oct,2-Oct,2,7,0
Nashik,Nashik,Nashik,Manmad,Nifad,456654,"Retro. Lasalgaon Vinchur 16 Villages, Tal. Nifad",Dharangaon Khadak,3648,1,0.02,0.80,0.00,0.38,0.04,1.10,0.00,0.48,21.98,0.00,10.33,1.20,30.07,0.00,26-Sep,27-Sep,28-Sep,29-Sep,30-Sep,1-Oct,2-Oct,26-Sep,27-Sep,28-Sep,29-Sep,30-Sep,1-Oct,2-Oct,2,7,0
Nashik,Nashik,Nashik,Malegaon,Nandgaon,20037448,"78 villages in Nandgaon, Malegaon and Deola talukas",Pimpri Haveli,2550,1,0.98,0.03,0.00,0.44,0.00,0.64,1.11,38.51,1.28,0.00,17.18,0.00,25.03,43.36,26-Sep,27-Sep,28-Sep,29-Sep,30-Sep,1-Oct,2-Oct,26-Sep,27-Sep,28-Sep,29-Sep,30-Sep,1-Oct,2-Oct,2,7,0
Nashik,Ahmednagar,Ahmednagar,Ahmednagar,Nagar,20046349,Retro Ghospuri & 16 Villages RRWSS Tal- Nagar,Wadgaon Tandali,1947,1,2.70,2.64,1.45,2.65,1.26,2.42,2.54,138.86,135.63,74.48,136.15,64.56,124.43,130.36,26-Sep,27-Sep,28-Sep,29-Sep,30-Sep,1-Oct,2-Oct,26-Sep,27-Sep,28-Sep,29-Sep,30-Sep,1-Oct,2-Oct,0,0,7
Nashik,Ahmednagar,Ahmednagar,Newasa,Nevasa,5348540,"Retro.Sonai Karjgaon and 16 villages, Tal. Nevasa",Ganeshwadi,3017,2,0.50,0.16,0.16,0.00,0.50,0.54,0.52,16.53,5.41,5.19,0.00,16.43,18.01,17.11,26-Sep,27-Sep,28-Sep,29-Sep,30-Sep,1-Oct,2-Oct,26-Sep,27-Sep,28-Sep,29-Sep,30-Sep,1-Oct,2-Oct,1,7,0
Nashik,Nashik,W M Nashik,Malegaon,Chandwad,20086730,Retro.Chandwad and WSS 44 villages. Ta. Chandwad,Nhanave,1019,1,0.07,0.00,0.00,0.02,0.00,0.00,0.00,6.69,0.00,0.00,1.73,0.00,0.00,0.00,26-Sep,27-Sep,28-Sep,29-Sep,30-Sep,1-Oct,2-Oct,26-Sep,27-Sep,28-Sep,29-Sep,30-Sep,1-Oct,2-Oct,5,7,0
Nashik,Nashik,Nashik,Nashik,Trambakeshwar,20017222,Waghera & 14 RRWSS Tal Trambakeshwar,Bramhanwade,1232,1,0.00,0.00,0.00,0.00,0.00,0.00,0.00,0.00,0.00,0.00,0.00,0.00,0.00,0.00,26-Sep,27-Sep,28-Sep,29-Sep,30-Sep,1-Oct,2-Oct,26-Sep,27-Sep,28-Sep,29-Sep,30-Sep,1-Oct,2-Oct,7,7,0
Nashik,Nashik,Nashik,Malegaon,Malegaon,20030518,"Dabhadi and 12 villages, Tal. Malegaon",Mungase,5210,2,0.00,0.00,0.00,0.00,0.00,0.00,0.00,0.00,0.00,0.00,0.00,0.00,0.00,0.00,26-Sep,27-Sep,28-Sep,29-Sep,30-Sep,1-Oct,2-Oct,26-Sep,27-Sep,28-Sep,29-Sep,30-Sep,1-Oct,2-Oct,7,7,0
Nashik,Nashik,Nashik,Nashik,Trambakeshwar,20017222,Waghera & 14 RRWSS Tal Trambakeshwar,Waghera,3746,2,0.24,0.52,0.60,0.04,0.07,0.39,0.94,6.32,13.77,16.04,1.13,1.78,10.36,24.99,26-Sep,27-Sep,28-Sep,29-Sep,30-Sep,1-Oct,2-Oct,26-Sep,27-Sep,28-Sep,29-Sep,30-Sep,1-Oct,2-Oct,0,7,0
Nashik,Nashik,W M Nashik,Sinnar,Naigaon,20028193,Retrofitting To Wadzire (Naigaon) & 4 Villages RRWSS,Jaygaon,1595,1,,,0.00,0.00,0.00,0.00,0.00,,,0.00,0.00,0.00,0.00,0.00,26-Sep,27-Sep,28-Sep,29-Sep,30-Sep,1-Oct,2-Oct,26-Sep,27-Sep,28-Sep,29-Sep,30-Sep,1-Oct,2-Oct,5,5,0
Nashik,Jalgaon,Jalgaon,Nandurbar,Nandurbar,20055662,Pachorabari - Narayanpur WSS,Narayanpur,1851,2,0.00,0.00,0.00,0.00,0.00,0.00,0.00,0.00,0.00,0.00,0.00,0.00,0.00,0.00,26-Sep,27-Sep,28-Sep,29-Sep,30-Sep,1-Oct,2-Oct,26-Sep,27-Sep,28-Sep,29-Sep,30-Sep,1-Oct,2-Oct,7,7,0
Nashik,Nashik,Nashik,Malegaon,Malegaon,20037448,"78 villages in Nandgaon, Malegaon and Deola talukas",Gilane,1765,2,0.00,0.00,0.00,0.00,0.00,0.00,0.00,0.00,0.00,0.00,0.00,0.00,0.00,0.00,26-Sep,27-Sep,28-Sep,29-Sep,30-Sep,1-Oct,2-Oct,26-Sep,27-Sep,28-Sep,29-Sep,30-Sep,1-Oct,2-Oct,7,7,0
Nashik,Ahmednagar,Ahmednagar,Newasa,shevgaon,20028535,"Amarapur and Mali Babhulgaon 49 villages, Tal. Pathardi",Ghotan,4158,3,0.00,0.00,0.00,0.00,0.00,0.00,0.05,0.00,0.00,0.00,0.00,0.08,0.03,1.15,26-Sep,27-Sep,28-Sep,29-Sep,30-Sep,1-Oct,2-Oct,26-Sep,27-Sep,28-Sep,29-Sep,30-Sep,1-Oct,2-Oct,4,7,0
Nashik,Jalgaon,Jalgaon,Erandol,Chalisgaon,20053796,Dondigar-Rohini & 15 Villages WSS,Hirapur,3925,3,1.84,1.17,0.67,1.63,1.91,0.27,0.00,46.84,29.93,17.17,41.42,48.71,6.76,0.00,26-Sep,27-Sep,28-Sep,29-Sep,30-Sep,1-Oct,2-Oct,26-Sep,27-Sep,28-Sep,29-Sep,30-Sep,1-Oct,2-Oct,1,7,0
Nashik,Jalgaon,Jalgaon,Nandurbar,Nandurbar,20055639,Bhagsari & 8 Villages,Bhaler,2770,2,0.00,0.00,0.00,0.00,0.00,0.00,0.00,0.00,0.00,0.00,0.00,0.00,0.00,0.00,26-Sep,27-Sep,28-Sep,29-Sep,30-Sep,1-Oct,2-Oct,26-Sep,27-Sep,28-Sep,29-Sep,30-Sep,1-Oct,2-Oct,7,7,0
Nashik,Ahmednagar,Ahmednagar,Ahmednagar,Nagar,20046296,Burhannagar & 45 Villages Retro RRWSS,Darewadi,15591,6,0.00,0.00,0.00,0.00,0.00,0.58,0.00,0.00,0.00,0.00,0.00,0.00,3.74,0.00,26-Sep,27-Sep,28-Sep,29-Sep,30-Sep,1-Oct,2-Oct,26-Sep,27-Sep,28-Sep,29-Sep,30-Sep,1-Oct,2-Oct,6,7,0
Nashik,Nashik,Nashik,Manmad,Yeola,20030798,Retrofitting To Yeola 38 Villages,N. Kheda KD,541,1,0.00,0.00,0.00,0.00,0.00,0.00,0.00,0.00,0.00,0.00,0.00,0.00,0.00,0.00,26-Sep,27-Sep,28-Sep,29-Sep,30-Sep,1-Oct,2-Oct,26-Sep,27-Sep,28-Sep,29-Sep,30-Sep,1-Oct,2-Oct,7,7,0
Nashik,Nashik,Nashik,Manmad,Nifad,456654,"Retro. Lasalgaon Vinchur 16 Villages, Tal. Nifad",Hanuman Nagar,2684,1,0.57,0.64,0.62,0.01,0.76,0.70,0.71,21.18,23.70,23.26,0.46,28.32,26.09,26.40,26-Sep,27-Sep,28-Sep,29-Sep,30-Sep,1-Oct,2-Oct,26-Sep,27-Sep,28-Sep,29-Sep,30-Sep,1-Oct,2-Oct,0,7,0
Nashik,Ahmednagar,Sangamner,Akole,Akole,20028069,Ganore and 4 villagesTa. Akole,Virgaon,3620,6,2.46,0.26,1.54,3.19,0.35,2.53,1.93,68.06,7.20,42.53,88.14,9.71,69.96,53.42,26-Sep,27-Sep,28-Sep,29-Sep,30-Sep,1-Oct,2-Oct,26-Sep,27-Sep,28-Sep,29-Sep,30-Sep,1-Oct,2-Oct,0,4,3
Nashik,Nashik,Nashik,Sinnar,Sinnar,20019176,Retro. Bargaonpimpri & 6 VRWSS  Tal Sinnar,Pat Pimpri,4002,2,0.00,0.27,0.00,0.00,0.28,0.00,0.00,0.00,6.67,0.00,0.00,7.08,0.00,0.00,26-Sep,27-Sep,28-Sep,29-Sep,30-Sep,1-Oct,2-Oct,26-Sep,27-Sep,28-Sep,29-Sep,30-Sep,1-Oct,2-Oct,5,7,0
Nashik,Ahmednagar,Ahmednagar,Ahmednagar,Nagar,20046296,Burhannagar & 45 Villages Retro RRWSS,Sahapur Ketki,4243,3,0.00,0.00,0.00,0.00,0.00,0.00,0.00,0.00,0.00,0.00,0.00,0.00,0.00,0.00,26-Sep,27-Sep,28-Sep,29-Sep,30-Sep,1-Oct,2-Oct,26-Sep,27-Sep,28-Sep,29-Sep,30-Sep,1-Oct,2-Oct,7,7,0
Nashik,Nashik,Nashik,Manmad,Yeola,20030798,Retrofitting To Yeola 38 Villages,Dhanora,1283,2,0.36,2.54,1.31,4.36,6.61,1.19,0.00,28.17,198.06,101.89,339.70,515.53,92.99,0.00,26-Sep,27-Sep,28-Sep,29-Sep,30-Sep,1-Oct,2-Oct,26-Sep,27-Sep,28-Sep,29-Sep,30-Sep,1-Oct,2-Oct,1,2,5
Nashik,Ahmednagar,Ahmednagar,Newasa,shevgaon,20028535,"Amarapur and Mali Babhulgaon 49 villages, Tal. Pathardi",Sultanpur,1010,1,0.01,1.66,0.00,0.54,0.00,1.58,0.00,0.52,164.12,0.00,53.40,0.00,156.55,0.00,26-Sep,27-Sep,28-Sep,29-Sep,30-Sep,1-Oct,2-Oct,26-Sep,27-Sep,28-Sep,29-Sep,30-Sep,1-Oct,2-Oct,3,5,2
Nashik,Ahmednagar,Ahmednagar,Shreerampur,Shrirampur,20028795,"Kadit Bk. And 5 villages, ta. Shrirampur",Galnimb,2974,3,1.47,3.63,0.45,2.98,3.12,1.23,0.00,49.53,122.09,15.11,100.13,104.95,41.41,0.00,26-Sep,27-Sep,28-Sep,29-Sep,30-Sep,1-Oct,2-Oct,26-Sep,27-Sep,28-Sep,29-Sep,30-Sep,1-Oct,2-Oct,1,4,3
Nashik,Ahmednagar,Ahmednagar,Newasa,Shevgaon,20029079,Retro.Bodhegaon and 7 villages RRWSS. Ta. Shevgaon,Dahigaon,1897,1,0.00,0.00,0.00,0.00,0.00,0.00,0.00,0.00,0.00,0.00,0.00,0.00,0.00,0.00,26-Sep,27-Sep,28-Sep,29-Sep,30-Sep,1-Oct,2-Oct,26-Sep,27-Sep,28-Sep,29-Sep,30-Sep,1-Oct,2-Oct,7,7,0
Nashik,Ahmednagar,Ahmednagar,Newasa,shevgaon,20028535,"Amarapur and Mali Babhulgaon 49 villages, Tal. Pathardi",Warur Bk.,3014,3,2.56,1.86,0.61,2.00,2.07,1.65,1.86,84.88,61.73,20.17,66.38,68.65,54.74,61.59,26-Sep,27-Sep,28-Sep,29-Sep,30-Sep,1-Oct,2-Oct,26-Sep,27-Sep,28-Sep,29-Sep,30-Sep,1-Oct,2-Oct,0,2,5
Nashik,Nashik,Nashik,Nashik,Peth,20083505,Surgane & 2 Vill RRWSS Tal.Peth,Harangaon,1570,1,0.00,0.00,0.00,0.00,0.00,0.00,0.00,0.00,0.00,0.00,0.00,0.00,0.00,0.00,26-Sep,27-Sep,28-Sep,29-Sep,30-Sep,1-Oct,2-Oct,26-Sep,27-Sep,28-Sep,29-Sep,30-Sep,1-Oct,2-Oct,7,7,0
Nashik,Nashik,Nashik,Malegaon,Baglan,7971089,Nampur and 4 villages RR Tal Baglan (C 39),Nalkas RD,868,2,0.00,0.00,0.00,0.00,0.00,0.00,0.00,0.00,0.00,0.00,0.00,0.00,0.00,0.00,26-Sep,27-Sep,28-Sep,29-Sep,30-Sep,1-Oct,2-Oct,26-Sep,27-Sep,28-Sep,29-Sep,30-Sep,1-Oct,2-Oct,7,7,0
Nashik,Ahmednagar,Sangamner,Sangamner,Sangamner,417233,"Retro.Nimgaon and 7 villages, Tal. Sangamner",Sawarchol,2477,2,0.00,0.35,0.00,0.00,0.41,0.00,0.45,0.00,14.12,0.00,0.00,16.59,0.00,18.21,26-Sep,27-Sep,28-Sep,29-Sep,30-Sep,1-Oct,2-Oct,26-Sep,27-Sep,28-Sep,29-Sep,30-Sep,1-Oct,2-Oct,4,7,0
Nashik,Nashik,Nashik,Sinnar,Sinnar,20019286,"Nirhale-Fatehpur and 5 villages, Tal. Sinnar",Manori,4139,2,0.00,0.00,0.00,0.00,0.00,0.00,0.00,0.00,0.00,0.00,0.00,0.00,0.00,0.00,26-Sep,27-Sep,28-Sep,29-Sep,30-Sep,1-Oct,2-Oct,26-Sep,27-Sep,28-Sep,29-Sep,30-Sep,1-Oct,2-Oct,7,7,0
Nashik,Ahmednagar,Ahmednagar,Shreerampur,Rahuri,20015193,New Bramhani & 6 Villages RRWSS Tal- Rahuri,Chedgaon,2926,2,0.00,0.00,0.00,0.00,0.00,0.00,0.00,0.00,0.00,0.00,0.00,0.00,0.00,0.00,26-Sep,27-Sep,28-Sep,29-Sep,30-Sep,1-Oct,2-Oct,26-Sep,27-Sep,28-Sep,29-Sep,30-Sep,1-Oct,2-Oct,7,7,0
Nashik,Ahmednagar,Ahmednagar,Newasa,shevgaon,20028535,"Amarapur and Mali Babhulgaon 49 villages, Tal. Pathardi",Sangavi Kh,657,2,0.00,0.00,0.00,0.00,0.00,0.00,0.00,0.00,0.00,0.00,0.00,0.00,0.00,0.00,26-Sep,27-Sep,28-Sep,29-Sep,30-Sep,1-Oct,2-Oct,26-Sep,27-Sep,28-Sep,29-Sep,30-Sep,1-Oct,2-Oct,7,7,0
Nashik,Nashik,Nashik,Nashik,Trambakeshwar,20017222,Waghera & 14 RRWSS Tal Trambakeshwar,Welunj,3013,2,0.48,0.44,0.00,0.00,0.27,0.47,0.00,16.09,14.47,0.00,0.00,8.97,15.65,0.00,26-Sep,27-Sep,28-Sep,29-Sep,30-Sep,1-Oct,2-Oct,26-Sep,27-Sep,28-Sep,29-Sep,30-Sep,1-Oct,2-Oct,3,7,0
Nashik,Nashik,Nashik,Manmad,Yeola,20030798,Retrofitting To Yeola 38 Villages,Gawandgaon,3144,1,0.00,0.00,0.00,0.00,0.00,0.00,0.00,0.00,0.00,0.00,0.00,0.00,0.00,0.00,26-Sep,27-Sep,28-Sep,29-Sep,30-Sep,1-Oct,2-Oct,26-Sep,27-Sep,28-Sep,29-Sep,30-Sep,1-Oct,2-Oct,7,7,0
Nashik,Nashik,Nashik,Manmad,Nifad,456654,"Retro. Lasalgaon Vinchur 16 Villages, Tal. Nifad",Bokaddara,2968,1,0.01,0.63,0.30,0.11,0.00,0.38,0.49,0.50,21.32,10.25,3.67,0.00,12.96,16.61,26-Sep,27-Sep,28-Sep,29-Sep,30-Sep,1-Oct,2-Oct,26-Sep,27-Sep,28-Sep,29-Sep,30-Sep,1-Oct,2-Oct,1,7,0
Nashik,Ahmednagar,Ahmednagar,Newasa,Shevgaon,20029079,Retro.Bodhegaon and 7 villages RRWSS. Ta. Shevgaon,Thakur Pimpalgaon,2399,2,0.00,0.00,0.00,0.00,0.00,0.00,0.00,0.00,0.00,0.00,0.00,0.00,0.00,0.00,26-Sep,27-Sep,28-Sep,29-Sep,30-Sep,1-Oct,2-Oct,26-Sep,27-Sep,28-Sep,29-Sep,30-Sep,1-Oct,2-Oct,7,7,0
Nashik,Jalgaon,Jalgaon,Nandurbar,Nandurbar,20057127,"Khamgaon, Tokartale , Vichak & 2 Wadies RRWSS",Khamgaon,2602,2,0.01,0.00,0.01,0.01,0.00,0.01,0.00,0.21,0.10,0.43,0.30,0.16,0.25,0.12,26-Sep,27-Sep,28-Sep,29-Sep,30-Sep,1-Oct,2-Oct,26-Sep,27-Sep,28-Sep,29-Sep,30-Sep,1-Oct,2-Oct,0,7,0
Nashik,Ahmednagar,Ahmednagar,Shreerampur,Shrirampur,20028795,"Kadit Bk. And 5 villages, ta. Shrirampur",Kuranpur,1331,2,1.82,1.84,0.72,1.70,1.00,0.95,0.06,137.09,138.47,53.99,128.03,75.11,71.27,4.69,26-Sep,27-Sep,28-Sep,29-Sep,30-Sep,1-Oct,2-Oct,26-Sep,27-Sep,28-Sep,29-Sep,30-Sep,1-Oct,2-Oct,0,2,5
Nashik,Nashik,Nashik,Malegaon,Baglan,7971089,Nampur and 4 villages RR Tal Baglan (C 39),Askheda,3580,3,8.94,3.53,1.35,3.59,3.12,0.76,2.23,249.62,98.74,37.67,100.38,87.11,21.27,62.43,26-Sep,27-Sep,28-Sep,29-Sep,30-Sep,1-Oct,2-Oct,26-Sep,27-Sep,28-Sep,29-Sep,30-Sep,1-Oct,2-Oct,0,2,5
Nashik,Ahmednagar,Sangamner,Sangamner,Sangamner,20027709,Nimgaon Bhojapur & 3 Villages Tal. Sangamner,Chikani,2864,2,0.00,0.00,0.00,0.00,0.00,0.00,0.00,0.00,0.00,0.00,0.00,0.00,0.00,0.00,26-Sep,27-Sep,28-Sep,29-Sep,30-Sep,1-Oct,2-Oct,26-Sep,27-Sep,28-Sep,29-Sep,30-Sep,1-Oct,2-Oct,7,7,0
Nashik,Nashik,W M Nashik,Malegaon,Chandwad,20086730,Retro.Chandwad and WSS 44 villages. Ta. Chandwad,Ekrukhe,693,1,0.00,0.00,0.00,0.00,0.22,0.00,0.00,0.00,0.00,0.00,0.00,31.18,0.00,0.15,26-Sep,27-Sep,28-Sep,29-Sep,30-Sep,1-Oct,2-Oct,26-Sep,27-Sep,28-Sep,29-Sep,30-Sep,1-Oct,2-Oct,5,7,0
Nashik,Ahmednagar,Ahmednagar,Ahmednagar,Nagar,20046349,Retro Ghospuri & 16 Villages RRWSS Tal- Nagar,Sonewadi,1599,2,0.00,0.00,0.00,0.00,0.00,0.00,0.00,0.00,0.00,0.00,0.00,0.00,0.00,0.00,26-Sep,27-Sep,28-Sep,29-Sep,30-Sep,1-Oct,2-Oct,26-Sep,27-Sep,28-Sep,29-Sep,30-Sep,1-Oct,2-Oct,7,7,0
Nashik,Nashik,Nashik,Malegaon,Malegaon,20037448,"78 villages in Nandgaon, Malegaon and Deola talukas",Krantinagar,1385,3,0.00,0.00,0.00,0.00,0.00,0.00,0.00,0.00,0.00,0.00,0.00,0.00,0.00,0.00,26-Sep,27-Sep,28-Sep,29-Sep,30-Sep,1-Oct,2-Oct,26-Sep,27-Sep,28-Sep,29-Sep,30-Sep,1-Oct,2-Oct,7,7,0
Nashik,Nashik,W M Nashik,Malegaon,Chandwad,20086730,Retro.Chandwad and WSS 44 villages. Ta. Chandwad,Shelu Varche,1622,1,0.00,0.00,0.00,0.00,0.00,0.00,0.00,0.00,0.00,0.00,0.00,0.00,0.00,0.00,26-Sep,27-Sep,28-Sep,29-Sep,30-Sep,1-Oct,2-Oct,26-Sep,27-Sep,28-Sep,29-Sep,30-Sep,1-Oct,2-Oct,7,7,0
Nashik,Ahmednagar,Ahmednagar,Newasa,Pathardi,20040662,"Retro.Miri-Tisgaon and 33 villages, Tal. Pathardi",Tisgaon,,7,1.52,1.18,0.00,2.74,2.03,4.49,0.00,0.00,0.00,0.00,0.00,0.00,0.00,0.00,26-Sep,27-Sep,28-Sep,29-Sep,30-Sep,1-Oct,2-Oct,26-Sep,27-Sep,28-Sep,29-Sep,30-Sep,1-Oct,2-Oct,7,7,0
Nashik,Ahmednagar,Ahmednagar,Newasa,shevgaon,20028535,"Amarapur and Mali Babhulgaon 49 villages, Tal. Pathardi",Thakur Nimgaon,1966,2,1.10,0.91,0.18,0.77,1.10,0.20,0.28,56.19,46.10,9.03,39.38,55.92,10.37,14.27,26-Sep,27-Sep,28-Sep,29-Sep,30-Sep,1-Oct,2-Oct,26-Sep,27-Sep,28-Sep,29-Sep,30-Sep,1-Oct,2-Oct,0,5,2
Nashik,Jalgaon,Jalgaon,Nandurbar,Nandurbar,20057131,Waghale & 3 Villages,Nandarkhe,2862,3,1.90,1.43,2.51,0.00,2.51,1.72,1.10,66.53,50.12,87.75,0.00,87.53,60.06,38.29,26-Sep,27-Sep,28-Sep,29-Sep,30-Sep,1-Oct,2-Oct,26-Sep,27-Sep,28-Sep,29-Sep,30-Sep,1-Oct,2-Oct,1,3,4
Nashik,Ahmednagar,Ahmednagar,Ahmednagar,Parner,20041647,Hivre Korda & 3 Villages RR Tal Parner,Malkup,1633,2,0.00,1.28,0.95,0.18,0.80,1.48,1.29,0.00,78.38,58.12,11.25,49.24,90.84,79.19,26-Sep,27-Sep,28-Sep,29-Sep,30-Sep,1-Oct,2-Oct,26-Sep,27-Sep,28-Sep,29-Sep,30-Sep,1-Oct,2-Oct,1,3,4
Nashik,Nashik,Nashik,Sinnar,Sinnar,20031739,"Shah and 4 villages Ta, Sinnar",Shaha,4139,3,2.02,0.90,1.32,0.55,1.03,1.05,0.84,48.74,21.79,31.89,13.37,24.83,25.39,20.30,26-Sep,27-Sep,28-Sep,29-Sep,30-Sep,1-Oct,2-Oct,26-Sep,27-Sep,28-Sep,29-Sep,30-Sep,1-Oct,2-Oct,0,7,0
Nashik,Ahmednagar,Ahmednagar,Ahmednagar,Nagar,20046296,Burhannagar & 45 Villages Retro RRWSS,Takali Khatgaon,2975,2,0.00,6.48,6.17,53.77,31.34,31.38,39.86,0.00,217.85,207.46,1807.28,1053.46,1054.74,1339.87,26-Sep,27-Sep,28-Sep,29-Sep,30-Sep,1-Oct,2-Oct,26-Sep,27-Sep,28-Sep,29-Sep,30-Sep,1-Oct,2-Oct,1,1,6
Nashik,Ahmednagar,Ahmednagar,Newasa,Nevasa,5348540,"Retro.Sonai Karjgaon and 16 villages, Tal. Nevasa",GOMALWADI,1061,2,1.23,1.45,1.62,1.30,0.98,1.59,1.56,115.58,136.81,152.51,122.23,92.18,150.28,147.47,26-Sep,27-Sep,28-Sep,29-Sep,30-Sep,1-Oct,2-Oct,26-Sep,27-Sep,28-Sep,29-Sep,30-Sep,1-Oct,2-Oct,0,0,7
Nashik,Jalgaon,Jalgaon,Erandol,Parola,20025410,Bahadarpur & 2 Village RRWSS,Bahadarpur,2842,2,1.53,2.67,2.69,3.31,0.00,1.97,1.60,53.79,93.79,94.77,116.31,0.00,69.21,56.46,26-Sep,27-Sep,28-Sep,29-Sep,30-Sep,1-Oct,2-Oct,26-Sep,27-Sep,28-Sep,29-Sep,30-Sep,1-Oct,2-Oct,1,2,5
Nashik,Ahmednagar,Ahmednagar,Shreerampur,Rahuri,20041657,Warvandi and others 10 villages. Tal.Rahuri,Khadambe Kh.,4545,2,0.00,3.65,1.22,3.84,0.18,4.28,0.00,0.00,80.30,26.87,84.50,4.03,94.25,0.00,26-Sep,27-Sep,28-Sep,29-Sep,30-Sep,1-Oct,2-Oct,26-Sep,27-Sep,28-Sep,29-Sep,30-Sep,1-Oct,2-Oct,2,4,3
Nashik,Nashik,Nashik,Malegaon,Nandgaon,20037448,"78 villages in Nandgaon, Malegaon and Deola talukas",Manwad,3580,2,0.00,0.00,0.00,0.00,0.87,0.00,0.00,0.00,0.00,0.00,0.00,24.43,0.00,0.00,26-Sep,27-Sep,28-Sep,29-Sep,30-Sep,1-Oct,2-Oct,26-Sep,27-Sep,28-Sep,29-Sep,30-Sep,1-Oct,2-Oct,6,7,0
Nashik,Jalgaon,Jalgaon,Erandol,Chalisgaon,20053796,Dondigar-Rohini & 15 Villages WSS,Andhari,1743,1,0.41,1.16,0.00,0.00,0.77,0.38,0.48,23.66,66.77,0.00,0.00,44.06,21.98,27.47,26-Sep,27-Sep,28-Sep,29-Sep,30-Sep,1-Oct,2-Oct,26-Sep,27-Sep,28-Sep,29-Sep,30-Sep,1-Oct,2-Oct,2,6,1
Nashik,Ahmednagar,Ahmednagar,Newasa,shevgaon,20028535,"Amarapur and Mali Babhulgaon 49 villages, Tal. Pathardi",Samangaon,1804,2,0.44,0.41,0.00,0.70,0.22,0.15,1.00,24.12,22.89,0.00,38.62,12.39,8.53,55.48,26-Sep,27-Sep,28-Sep,29-Sep,30-Sep,1-Oct,2-Oct,26-Sep,27-Sep,28-Sep,29-Sep,30-Sep,1-Oct,2-Oct,1,6,1
Nashik,Nashik,Nashik,Malegaon,Nandgaon,20037448,"78 villages in Nandgaon, Malegaon and Deola talukas",Nimgaon Bk,11399,3,1.87,0.78,1.41,0.91,1.24,1.33,3.80,16.36,6.85,12.38,7.98,10.84,11.70,33.32,26-Sep,27-Sep,28-Sep,29-Sep,30-Sep,1-Oct,2-Oct,26-Sep,27-Sep,28-Sep,29-Sep,30-Sep,1-Oct,2-Oct,0,7,0
Nashik,Nashik,W M Nashik,Malegaon,Malegaon,20018579,Malmatha and 25 villages Ta. Malegaon,Lulle,1492,1,0.00,0.00,0.00,0.00,0.00,0.00,0.00,0.00,0.00,0.00,0.00,0.00,0.00,0.00,26-Sep,27-Sep,28-Sep,29-Sep,30-Sep,1-Oct,2-Oct,26-Sep,27-Sep,28-Sep,29-Sep,30-Sep,1-Oct,2-Oct,7,7,0
Nashik,Jalgaon,Jalgaon,Erandol,Dharangaon,20061165,Paldhi (bk& Kh) RR Tal DHARANGAON,Paldhi Bk.,9303,3,19.26,20.09,16.59,21.69,18.93,20.78,21.43,207.03,215.95,178.33,233.15,203.48,223.37,230.36,26-Sep,27-Sep,28-Sep,29-Sep,30-Sep,1-Oct,2-Oct,26-Sep,27-Sep,28-Sep,29-Sep,30-Sep,1-Oct,2-Oct,0,0,7
Nashik,Nashik,W M Nashik,Malegaon,Malegaon,20018682,Dhahiwal &25 Villages WSS Tal Malegaon,Chikhalohal,3638,2,0.00,3.78,0.55,0.04,0.00,0.00,1.17,0.00,103.98,15.16,1.07,0.00,0.00,32.21,26-Sep,27-Sep,28-Sep,29-Sep,30-Sep,1-Oct,2-Oct,26-Sep,27-Sep,28-Sep,29-Sep,30-Sep,1-Oct,2-Oct,3,6,1
Nashik,Ahmednagar,Ahmednagar,Ahmednagar,Parner,20041647,Hivre Korda & 3 Villages RR Tal Parner,Goregaon,3803,3,0.82,1.47,0.00,1.61,1.66,0.97,1.47,21.68,38.69,0.00,42.22,43.68,25.60,38.75,26-Sep,27-Sep,28-Sep,29-Sep,30-Sep,1-Oct,2-Oct,26-Sep,27-Sep,28-Sep,29-Sep,30-Sep,1-Oct,2-Oct,1,7,0
Nashik,Nashik,W M Nashik,Malegaon,Chandwad,20086730,Retro.Chandwad and WSS 44 villages. Ta. Chandwad,Jaitapur,580,1,0.00,0.00,0.00,0.00,0.00,0.08,0.00,0.00,0.00,0.00,0.00,0.00,13.48,0.00,26-Sep,27-Sep,28-Sep,29-Sep,30-Sep,1-Oct,2-Oct,26-Sep,27-Sep,28-Sep,29-Sep,30-Sep,1-Oct,2-Oct,6,7,0
Nashik,Ahmednagar,Ahmednagar,Newasa,shevgaon,20028535,"Amarapur and Mali Babhulgaon 49 villages, Tal. Pathardi",Mangrul Bk,1088,2,0.91,0.65,1.02,1.20,0.00,0.90,1.16,83.33,59.84,93.50,110.65,0.00,82.64,107.03,26-Sep,27-Sep,28-Sep,29-Sep,30-Sep,1-Oct,2-Oct,26-Sep,27-Sep,28-Sep,29-Sep,30-Sep,1-Oct,2-Oct,1,1,6
Nashik,Ahmednagar,Sangamner,Akole,Akole,20035141,"Retro.Akole and 32 villages, Tal. Akole",Induri,2320,2,0.11,0.11,0.11,0.12,0.11,0.12,0.13,4.56,4.58,4.85,5.11,4.75,5.17,5.42,26-Sep,27-Sep,28-Sep,29-Sep,30-Sep,1-Oct,2-Oct,26-Sep,27-Sep,28-Sep,29-Sep,30-Sep,1-Oct,2-Oct,0,7,0
Nashik,Ahmednagar,Ahmednagar,Shreerampur,Rahuri,20015193,New Bramhani & 6 Villages RRWSS Tal- Rahuri,Bramhani,9616,4,0.00,0.00,0.00,0.00,0.00,0.00,0.21,0.00,0.00,0.00,0.00,0.00,0.00,2.17,26-Sep,27-Sep,28-Sep,29-Sep,30-Sep,1-Oct,2-Oct,26-Sep,27-Sep,28-Sep,29-Sep,30-Sep,1-Oct,2-Oct,6,7,0
Nashik,Jalgaon,Jalgaon,Dhule,Shindkheda,20056040,"Chimthane and 85 villages, Tal. Shindkheda",Kalmadi,,2,0.00,0.00,0.00,0.00,0.00,0.00,0.00,0.00,0.00,0.00,0.00,0.00,0.00,0.00,26-Sep,27-Sep,28-Sep,29-Sep,30-Sep,1-Oct,2-Oct,26-Sep,27-Sep,28-Sep,29-Sep,30-Sep,1-Oct,2-Oct,7,7,0
Nashik,Ahmednagar,Ahmednagar,Shreerampur,Rahuri,20041657,Warvandi and others 10 villages. Tal.Rahuri,Warvandi,4070,3,2.10,0.00,1.49,0.00,1.83,0.00,2.64,51.56,0.00,36.62,0.00,44.89,0.00,64.94,26-Sep,27-Sep,28-Sep,29-Sep,30-Sep,1-Oct,2-Oct,26-Sep,27-Sep,28-Sep,29-Sep,30-Sep,1-Oct,2-Oct,3,6,1
Nashik,Nashik,W M Nashik,Malegaon,Chandwad,20086730,Retro.Chandwad and WSS 44 villages. Ta. Chandwad,Puri,2836,1,0.00,0.00,0.00,0.00,0.00,0.00,0.00,0.00,0.00,0.00,0.00,0.00,0.00,0.00,26-Sep,27-Sep,28-Sep,29-Sep,30-Sep,1-Oct,2-Oct,26-Sep,27-Sep,28-Sep,29-Sep,30-Sep,1-Oct,2-Oct,7,7,0
Nashik,Nashik,Nashik,Malegaon,Malegaon,20037448,"78 villages in Nandgaon, Malegaon and Deola talukas",Ghodegaon Chauki,682,1,0.00,0.00,0.00,0.00,0.00,1.14,0.39,0.00,0.00,0.00,0.00,0.00,166.46,56.64,26-Sep,27-Sep,28-Sep,29-Sep,30-Sep,1-Oct,2-Oct,26-Sep,27-Sep,28-Sep,29-Sep,30-Sep,1-Oct,2-Oct,5,5,2
Nashik,Ahmednagar,Ahmednagar,Shreerampur,Rahuri,20041657,Warvandi and others 10 villages. Tal.Rahuri,Babhulgaon,2839,2,4.02,2.29,4.20,2.40,4.36,2.46,4.10,141.64,80.72,148.01,84.61,153.57,86.49,144.49,26-Sep,27-Sep,28-Sep,29-Sep,30-Sep,1-Oct,2-Oct,26-Sep,27-Sep,28-Sep,29-Sep,30-Sep,1-Oct,2-Oct,0,0,7
Nashik,Ahmednagar,Ahmednagar,Shreerampur,Rahata,20030767,Retro.Kolhar-Bhagwatipur (aug) RRWSS. Ta.Rahta,Kolhar BK,16201,8,1.24,1.65,1.21,1.73,1.90,0.97,0.86,7.62,10.15,7.45,10.67,11.75,5.99,5.30,26-Sep,27-Sep,28-Sep,29-Sep,30-Sep,1-Oct,2-Oct,26-Sep,27-Sep,28-Sep,29-Sep,30-Sep,1-Oct,2-Oct,0,7,0
Nashik,Nashik,Nashik,Manmad,Yeola,20040090,"Dhulgaon and 17 villages, Tal. Yeola",Dhulgaon,3357,3,0.79,0.28,0.00,0.00,0.00,0.00,0.00,23.44,8.41,0.00,0.00,0.00,0.00,0.00,26-Sep,27-Sep,28-Sep,29-Sep,30-Sep,1-Oct,2-Oct,26-Sep,27-Sep,28-Sep,29-Sep,30-Sep,1-Oct,2-Oct,5,7,0
Nashik,Nashik,Nashik,Malegaon,Nandgaon,20037448,"78 villages in Nandgaon, Malegaon and Deola talukas",Nimgaon Kh,1222,2,0.25,0.25,0.08,0.25,0.25,0.25,0.25,20.60,20.46,6.40,20.66,20.50,20.51,20.65,26-Sep,27-Sep,28-Sep,29-Sep,30-Sep,1-Oct,2-Oct,26-Sep,27-Sep,28-Sep,29-Sep,30-Sep,1-Oct,2-Oct,0,7,0
Nashik,Nashik,Nashik,Manmad,Yeola,20040090,"Dhulgaon and 17 villages, Tal. Yeola",Chinchodi Kh,2029,2,0.00,0.00,0.70,0.05,0.57,0.04,0.91,0.00,0.12,34.56,2.48,27.86,1.86,44.87,26-Sep,27-Sep,28-Sep,29-Sep,30-Sep,1-Oct,2-Oct,26-Sep,27-Sep,28-Sep,29-Sep,30-Sep,1-Oct,2-Oct,1,7,0
Nashik,Nashik,Nashik,Malegaon,Malegaon,20037448,"78 villages in Nandgaon, Malegaon and Deola talukas",Hiswal Bk,1875,1,0.93,0.00,0.00,0.82,0.00,0.00,0.00,49.71,0.01,0.00,43.75,0.00,0.00,0.00,26-Sep,27-Sep,28-Sep,29-Sep,30-Sep,1-Oct,2-Oct,26-Sep,27-Sep,28-Sep,29-Sep,30-Sep,1-Oct,2-Oct,4,7,0
Nashik,Ahmednagar,Ahmednagar,Shreerampur,Rahuri,20041657,Warvandi and others 10 villages. Tal.Rahuri,Nandgaon,2879,1,0.00,0.00,0.00,0.00,0.00,0.00,0.00,0.00,0.00,0.00,0.00,0.00,0.00,0.00,26-Sep,27-Sep,28-Sep,29-Sep,30-Sep,1-Oct,2-Oct,26-Sep,27-Sep,28-Sep,29-Sep,30-Sep,1-Oct,2-Oct,7,7,0
Nashik,Nashik,Nashik,Malegaon,Nandgaon,20037448,"78 villages in Nandgaon, Malegaon and Deola talukas",Pimparkhed,2655,1,0.00,0.65,0.63,0.77,0.62,0.00,0.76,0.00,24.45,23.79,29.14,23.17,0.00,28.67,26-Sep,27-Sep,28-Sep,29-Sep,30-Sep,1-Oct,2-Oct,26-Sep,27-Sep,28-Sep,29-Sep,30-Sep,1-Oct,2-Oct,2,7,0
Nashik,Nashik,Nashik,Manmad,Yeola,20030798,Retrofitting To Yeola 38 Villages,Kusur,2292,1,0.23,0.58,0.76,0.00,0.00,0.67,3.74,10.09,25.11,33.31,0.00,0.00,29.12,163.28,26-Sep,27-Sep,28-Sep,29-Sep,30-Sep,1-Oct,2-Oct,26-Sep,27-Sep,28-Sep,29-Sep,30-Sep,1-Oct,2-Oct,2,6,1
Nashik,Jalgaon,Jalgaon,Chopda,Chopda,20053731,Lasur and 9 villages RRWSS. Ta. Chopda,Hatede Kh,3009,2,3.38,4.10,3.32,3.44,3.55,3.44,3.75,112.24,136.10,110.48,114.34,118.11,114.22,124.66,26-Sep,27-Sep,28-Sep,29-Sep,30-Sep,1-Oct,2-Oct,26-Sep,27-Sep,28-Sep,29-Sep,30-Sep,1-Oct,2-Oct,0,0,7
Nashik,Nashik,Nashik,Malegaon,Nandgaon,20037448,"78 villages in Nandgaon, Malegaon and Deola talukas",Tandulwadi,915,2,0.04,0.29,0.00,0.00,0.00,0.00,0.00,4.28,31.98,0.00,0.00,0.00,0.00,0.00,26-Sep,27-Sep,28-Sep,29-Sep,30-Sep,1-Oct,2-Oct,26-Sep,27-Sep,28-Sep,29-Sep,30-Sep,1-Oct,2-Oct,5,7,0
Nashik,Jalgaon,Jalgaon,Erandol,Chalisgaon,20053796,Dondigar-Rohini & 15 Villages WSS,Don Digar,3217,3,1.43,1.03,0.39,0.95,1.53,1.08,1.44,44.51,32.05,12.18,29.46,47.45,33.50,44.67,26-Sep,27-Sep,28-Sep,29-Sep,30-Sep,1-Oct,2-Oct,26-Sep,27-Sep,28-Sep,29-Sep,30-Sep,1-Oct,2-Oct,0,7,0
Nashik,Nashik,Nashik,Manmad,Yeola,20030798,Retrofitting To Yeola 38 Villages,Nandesar,1025,1,0.00,0.00,0.00,0.00,0.00,0.00,0.00,0.00,0.00,0.00,0.00,0.00,0.00,0.00,26-Sep,27-Sep,28-Sep,29-Sep,30-Sep,1-Oct,2-Oct,26-Sep,27-Sep,28-Sep,29-Sep,30-Sep,1-Oct,2-Oct,7,7,0
Nashik,Nashik,W M Nashik,Malegaon,Chandwad,20086730,Retro.Chandwad and WSS 44 villages. Ta. Chandwad,Kokankhede,1991,2,0.00,0.00,0.00,0.00,0.00,0.00,0.00,0.00,0.00,0.00,0.00,0.00,0.00,0.00,26-Sep,27-Sep,28-Sep,29-Sep,30-Sep,1-Oct,2-Oct,26-Sep,27-Sep,28-Sep,29-Sep,30-Sep,1-Oct,2-Oct,7,7,0
Nashik,Nashik,Nashik,Malegaon,Malegaon,20037448,"78 villages in Nandgaon, Malegaon and Deola talukas",Jiwardi Bk,1174,2,0.41,0.00,0.00,0.00,0.02,0.00,0.00,34.90,0.00,0.00,0.00,1.65,0.00,0.00,26-Sep,27-Sep,28-Sep,29-Sep,30-Sep,1-Oct,2-Oct,26-Sep,27-Sep,28-Sep,29-Sep,30-Sep,1-Oct,2-Oct,5,7,0
Nashik,Nashik,Nashik,Malegaon,Nandgaon,20037448,"78 villages in Nandgaon, Malegaon and Deola talukas",Soygaon,1680,2,0.00,0.00,0.00,0.11,0.93,0.00,0.00,0.00,0.00,0.00,6.44,55.59,0.00,0.00,26-Sep,27-Sep,28-Sep,29-Sep,30-Sep,1-Oct,2-Oct,26-Sep,27-Sep,28-Sep,29-Sep,30-Sep,1-Oct,2-Oct,5,6,1
Nashik,Ahmednagar,Ahmednagar,Newasa,Nevasa,5348540,"Retro.Sonai Karjgaon and 16 villages, Tal. Nevasa",Khedle Parmanand,2836,2,0.92,1.09,1.03,0.87,1.10,1.04,0.93,32.46,38.43,36.39,30.67,38.88,36.70,32.96,26-Sep,27-Sep,28-Sep,29-Sep,30-Sep,1-Oct,2-Oct,26-Sep,27-Sep,28-Sep,29-Sep,30-Sep,1-Oct,2-Oct,0,7,0
Nashik,Jalgaon,Jalgaon,Dhule,Shindkheda,20056040,"Chimthane and 85 villages, Tal. Shindkheda",Waghadi Kh.,1265,1,1.05,1.50,0.00,0.00,1.26,0.99,0.91,83.00,118.70,0.00,0.00,99.78,78.16,71.91,26-Sep,27-Sep,28-Sep,29-Sep,30-Sep,1-Oct,2-Oct,26-Sep,27-Sep,28-Sep,29-Sep,30-Sep,1-Oct,2-Oct,2,2,5
Nashik,Nashik,Nashik,Malegaon,Nandgaon,20037448,"78 villages in Nandgaon, Malegaon and Deola talukas",Patharde,879,2,0.00,0.00,3.31,3.06,0.86,1.13,3.10,0.00,0.00,376.93,348.50,97.31,128.70,352.81,26-Sep,27-Sep,28-Sep,29-Sep,30-Sep,1-Oct,2-Oct,26-Sep,27-Sep,28-Sep,29-Sep,30-Sep,1-Oct,2-Oct,2,2,5
Nashik,Ahmednagar,Ahmednagar,Newasa,Nevasa,5348540,"Retro.Sonai Karjgaon and 16 villages, Tal. Nevasa",IMAMPUR,350,1,0.00,0.00,0.00,0.00,0.00,0.00,0.00,0.00,0.00,0.00,0.00,0.00,0.00,0.00,26-Sep,27-Sep,28-Sep,29-Sep,30-Sep,1-Oct,2-Oct,26-Sep,27-Sep,28-Sep,29-Sep,30-Sep,1-Oct,2-Oct,7,7,0
Nashik,Ahmednagar,Ahmednagar,Newasa,Nevasa,5348540,"Retro.Sonai Karjgaon and 16 villages, Tal. Nevasa",NIMBHARI,2524,2,0.07,0.00,0.04,0.00,0.06,0.10,0.13,2.75,0.00,1.50,0.00,2.34,4.14,5.07,26-Sep,27-Sep,28-Sep,29-Sep,30-Sep,1-Oct,2-Oct,26-Sep,27-Sep,28-Sep,29-Sep,30-Sep,1-Oct,2-Oct,2,7,0
Nashik,Nashik,Nashik,Malegaon,Malegaon,20037448,"78 villages in Nandgaon, Malegaon and Deola talukas",Manikpunj,1335,3,0.00,0.00,0.00,0.07,0.00,0.00,0.00,0.00,0.00,0.00,5.18,0.00,0.00,0.00,26-Sep,27-Sep,28-Sep,29-Sep,30-Sep,1-Oct,2-Oct,26-Sep,27-Sep,28-Sep,29-Sep,30-Sep,1-Oct,2-Oct,6,7,0
Nashik,Nashik,W M Nashik,Malegaon,Chandwad,20086730,Retro.Chandwad and WSS 44 villages. Ta. Chandwad,Patharshembe,2150,1,0.00,0.00,0.00,0.00,0.00,1.10,0.00,0.00,0.00,0.00,0.00,0.00,51.26,0.00,26-Sep,27-Sep,28-Sep,29-Sep,30-Sep,1-Oct,2-Oct,26-Sep,27-Sep,28-Sep,29-Sep,30-Sep,1-Oct,2-Oct,6,7,0
Nashik,Nashik,W M Nashik,Manmad,Malegaon,20050090,Kajwade & Rampura RRWSS Tal. Malegaon,Rampura,1156,2,0.00,0.00,0.00,0.00,0.00,0.00,0.00,0.00,0.00,0.00,0.00,0.00,0.00,0.00,26-Sep,27-Sep,28-Sep,29-Sep,30-Sep,1-Oct,2-Oct,26-Sep,27-Sep,28-Sep,29-Sep,30-Sep,1-Oct,2-Oct,7,7,0
Nashik,Nashik,Nashik,Malegaon,Nandgaon,20037448,"78 villages in Nandgaon, Malegaon and Deola talukas",Saundane,9450,3,0.07,2.50,0.03,2.22,0.08,2.26,0.02,0.70,26.45,0.30,23.51,0.86,23.92,0.16,26-Sep,27-Sep,28-Sep,29-Sep,30-Sep,1-Oct,2-Oct,26-Sep,27-Sep,28-Sep,29-Sep,30-Sep,1-Oct,2-Oct,0,7,0
Nashik,Ahmednagar,Ahmednagar,Shreerampur,Rahuri,20015193,New Bramhani & 6 Villages RRWSS Tal- Rahuri,Kukkadwedhe,2102,2,0.00,0.00,0.00,0.00,0.00,0.00,0.00,0.00,0.00,0.00,0.00,0.00,0.00,0.00,26-Sep,27-Sep,28-Sep,29-Sep,30-Sep,1-Oct,2-Oct,26-Sep,27-Sep,28-Sep,29-Sep,30-Sep,1-Oct,2-Oct,7,7,0
Nashik,Ahmednagar,Ahmednagar,Newasa,Shevgaon,20029079,Retro.Bodhegaon and 7 villages RRWSS. Ta. Shevgaon,Balam Takali,5550,3,0.00,0.00,0.00,0.10,0.88,2.08,0.69,0.00,0.00,0.00,1.81,15.91,37.51,12.50,26-Sep,27-Sep,28-Sep,29-Sep,30-Sep,1-Oct,2-Oct,26-Sep,27-Sep,28-Sep,29-Sep,30-Sep,1-Oct,2-Oct,3,7,0
Nashik,Nashik,W M Nashik,Malegaon,Chandwad,20086730,Retro.Chandwad and WSS 44 villages. Ta. Chandwad,Shelu Matha,1622,1,0.00,0.00,0.00,0.00,0.00,0.00,0.00,0.00,0.00,0.00,0.00,0.00,0.00,0.00,26-Sep,27-Sep,28-Sep,29-Sep,30-Sep,1-Oct,2-Oct,26-Sep,27-Sep,28-Sep,29-Sep,30-Sep,1-Oct,2-Oct,7,7,0
Nashik,Ahmednagar,Ahmednagar,Newasa,Nevasa,5348540,"Retro.Sonai Karjgaon and 16 villages, Tal. Nevasa",LANDEWADI,2158,2,0.00,0.00,0.00,0.00,0.00,0.00,0.00,0.00,0.00,0.00,0.00,0.00,0.00,0.00,26-Sep,27-Sep,28-Sep,29-Sep,30-Sep,1-Oct,2-Oct,26-Sep,27-Sep,28-Sep,29-Sep,30-Sep,1-Oct,2-Oct,7,7,0
Nashik,Ahmednagar,Ahmednagar,Newasa,shevgaon,20028535,"Amarapur and Mali Babhulgaon 49 villages, Tal. Pathardi",Salwadgaon,1763,2,0.00,0.00,0.00,0.00,0.00,0.00,0.00,0.00,0.00,0.00,0.00,0.00,0.00,0.00,26-Sep,27-Sep,28-Sep,29-Sep,30-Sep,1-Oct,2-Oct,26-Sep,27-Sep,28-Sep,29-Sep,30-Sep,1-Oct,2-Oct,7,7,0
Nashik,Jalgaon,Jalgaon,Jalgaon,Jalgaon,20055900,Kusumbe & Manyarkhede WSS,Kusumbe,8598,7,6.50,2.63,4.39,4.61,5.59,0.63,2.03,75.57,30.64,51.06,53.59,65.04,7.27,23.58,26-Sep,27-Sep,28-Sep,29-Sep,30-Sep,1-Oct,2-Oct,26-Sep,27-Sep,28-Sep,29-Sep,30-Sep,1-Oct,2-Oct,0,5,2
Nashik,Nashik,W M Nashik,Malegaon,Malegaon,20018682,Dhahiwal &25 Villages WSS Tal Malegaon,Sherul,2637,2,5.97,1.58,0.00,0.00,0.00,0.00,0.00,226.53,59.83,0.00,0.00,0.00,0.00,0.00,26-Sep,27-Sep,28-Sep,29-Sep,30-Sep,1-Oct,2-Oct,26-Sep,27-Sep,28-Sep,29-Sep,30-Sep,1-Oct,2-Oct,5,5,2
Nashik,Nashik,W M Nashik,W.M.Nashik,Dindori,20039676,Mulane & 3Villages RRWSS Tal. Dindori,Mulane,1003,1,0.00,0.00,0.00,0.00,0.00,0.03,0.00,0.00,0.00,0.00,0.00,0.11,2.77,0.02,26-Sep,27-Sep,28-Sep,29-Sep,30-Sep,1-Oct,2-Oct,26-Sep,27-Sep,28-Sep,29-Sep,30-Sep,1-Oct,2-Oct,4,7,0
Nashik,Jalgaon,Jalgaon,Nandurbar,Nandurbar,20055662,Pachorabari - Narayanpur WSS,Pachorabari,1251,4,0.00,0.00,0.00,0.00,0.00,0.00,0.00,0.00,0.00,0.00,0.00,0.00,0.00,0.00,26-Sep,27-Sep,28-Sep,29-Sep,30-Sep,1-Oct,2-Oct,26-Sep,27-Sep,28-Sep,29-Sep,30-Sep,1-Oct,2-Oct,7,7,0
Nashik,Ahmednagar,Ahmednagar,Ahmednagar,Nagar,20046296,Burhannagar & 45 Villages Retro RRWSS,Kapurwadi,5098,2,0.03,0.49,0.02,0.89,0.22,0.92,0.01,0.53,9.53,0.37,17.48,4.33,18.12,0.11,26-Sep,27-Sep,28-Sep,29-Sep,30-Sep,1-Oct,2-Oct,26-Sep,27-Sep,28-Sep,29-Sep,30-Sep,1-Oct,2-Oct,0,7,0
Nashik,Nashik,W M Nashik,Malegaon,Chandwad,20086730,Retro.Chandwad and WSS 44 villages. Ta. Chandwad,Dhodambe,4197,1,1.36,1.04,1.36,0.22,1.04,0.46,1.37,32.47,24.88,32.51,5.33,24.68,10.92,32.62,26-Sep,27-Sep,28-Sep,29-Sep,30-Sep,1-Oct,2-Oct,26-Sep,27-Sep,28-Sep,29-Sep,30-Sep,1-Oct,2-Oct,0,7,0
Nashik,Jalgaon,Jalgaon,Nandurbar,Nandurbar,20057127,"Khamgaon, Tokartale , Vichak & 2 Wadies RRWSS",Wadgaon Pada,167,2,0.03,0.04,0.01,0.06,0.16,0.06,0.07,15.96,25.06,4.09,36.60,95.04,37.76,41.71,26-Sep,27-Sep,28-Sep,29-Sep,30-Sep,1-Oct,2-Oct,26-Sep,27-Sep,28-Sep,29-Sep,30-Sep,1-Oct,2-Oct,0,6,1
Nashik,Nashik,W M Nashik,Malegaon,Chandwad,20086730,Retro.Chandwad and WSS 44 villages. Ta. Chandwad,Sutarkhede,1742,1,0.00,0.00,0.00,0.69,0.07,0.09,0.74,0.00,0.00,0.00,39.48,4.00,4.93,42.58,26-Sep,27-Sep,28-Sep,29-Sep,30-Sep,1-Oct,2-Oct,26-Sep,27-Sep,28-Sep,29-Sep,30-Sep,1-Oct,2-Oct,3,7,0
Nashik,Jalgaon,Jalgaon,Nandurbar,Nandurbar,20056839,"Gujar bhawali , Jambholi & 4 Villages",Gujar Jamboli,2338,3,1.01,0.62,0.98,0.00,0.18,0.73,0.71,43.10,26.68,41.96,0.00,7.53,31.28,30.26,26-Sep,27-Sep,28-Sep,29-Sep,30-Sep,1-Oct,2-Oct,26-Sep,27-Sep,28-Sep,29-Sep,30-Sep,1-Oct,2-Oct,1,7,0
Nashik,Jalgaon,Jalgaon,Nandurbar,Nandurbar,20055639,Bhagsari & 8 Villages,Vikharan,2065,2,3.43,2.61,4.45,3.28,2.91,3.62,3.77,165.96,126.51,215.28,159.06,141.15,175.34,182.64,26-Sep,27-Sep,28-Sep,29-Sep,30-Sep,1-Oct,2-Oct,26-Sep,27-Sep,28-Sep,29-Sep,30-Sep,1-Oct,2-Oct,0,0,7
Nashik,Nashik,Nashik,Manmad,Yeola,20030798,Retrofitting To Yeola 38 Villages,Undirwadi,3087,1,0.00,0.00,0.00,0.00,0.00,0.00,0.00,0.00,0.00,0.00,0.00,0.00,0.00,0.00,26-Sep,27-Sep,28-Sep,29-Sep,30-Sep,1-Oct,2-Oct,26-Sep,27-Sep,28-Sep,29-Sep,30-Sep,1-Oct,2-Oct,7,7,0
Nashik,Nashik,W M Nashik,Malegaon,Chandwad,20086730,Retro.Chandwad and WSS 44 villages. Ta. Chandwad,Asarkhede,1473,1,0.00,0.00,0.00,0.00,0.00,0.00,0.00,0.00,0.00,0.00,0.00,0.00,0.00,0.00,26-Sep,27-Sep,28-Sep,29-Sep,30-Sep,1-Oct,2-Oct,26-Sep,27-Sep,28-Sep,29-Sep,30-Sep,1-Oct,2-Oct,7,7,0
Nashik,Nashik,Nashik,Malegaon,Malegaon,20037448,"78 villages in Nandgaon, Malegaon and Deola talukas",Ghodegaon,1465,2,0.00,0.00,0.00,0.95,0.42,0.00,0.00,0.00,0.00,0.00,64.98,28.72,0.00,0.00,26-Sep,27-Sep,28-Sep,29-Sep,30-Sep,1-Oct,2-Oct,26-Sep,27-Sep,28-Sep,29-Sep,30-Sep,1-Oct,2-Oct,5,6,1
Nashik,Nashik,W M Nashik,Malegaon,Chandwad,20086730,Retro.Chandwad and WSS 44 villages. Ta. Chandwad,Hatti,1161,1,0.35,0.00,0.00,0.00,0.36,0.15,0.36,30.21,0.00,0.00,0.02,30.76,12.81,30.77,26-Sep,27-Sep,28-Sep,29-Sep,30-Sep,1-Oct,2-Oct,26-Sep,27-Sep,28-Sep,29-Sep,30-Sep,1-Oct,2-Oct,2,7,0
Nashik,Nashik,Nashik,Malegaon,Nandgaon,20037448,"78 villages in Nandgaon, Malegaon and Deola talukas",Shriram Nagar,1145,2,0.00,0.00,0.00,0.00,0.00,0.00,0.00,0.00,0.12,0.00,0.00,0.00,0.00,0.00,26-Sep,27-Sep,28-Sep,29-Sep,30-Sep,1-Oct,2-Oct,26-Sep,27-Sep,28-Sep,29-Sep,30-Sep,1-Oct,2-Oct,6,7,0
Nashik,Nashik,W M Nashik,Malegaon,Malegaon,20018682,Dhahiwal &25 Villages WSS Tal Malegaon,Roze,1159,2,0.00,0.00,0.00,0.00,0.00,0.00,0.00,0.00,0.00,0.00,0.00,0.00,0.00,0.00,26-Sep,27-Sep,28-Sep,29-Sep,30-Sep,1-Oct,2-Oct,26-Sep,27-Sep,28-Sep,29-Sep,30-Sep,1-Oct,2-Oct,7,7,0
Nashik,Ahmednagar,Ahmednagar,Newasa,Nevasa,5348540,"Retro.Sonai Karjgaon and 16 villages, Tal. Nevasa",KARAJGAON,3750,3,0.85,0.99,0.92,0.90,0.78,0.87,1.00,22.73,26.42,24.47,23.92,20.71,23.17,26.78,26-Sep,27-Sep,28-Sep,29-Sep,30-Sep,1-Oct,2-Oct,26-Sep,27-Sep,28-Sep,29-Sep,30-Sep,1-Oct,2-Oct,0,7,0
Nashik,Jalgaon,Jalgaon,Nandurbar,Nandurbar,20055639,Bhagsari & 8 Villages,Bamdod,510,2,0.00,0.00,0.00,0.00,0.00,0.00,0.00,0.00,0.00,0.00,0.00,0.00,0.00,0.00,26-Sep,27-Sep,28-Sep,29-Sep,30-Sep,1-Oct,2-Oct,26-Sep,27-Sep,28-Sep,29-Sep,30-Sep,1-Oct,2-Oct,7,7,0
Nashik,Nashik,Nashik,Manmad,Nifad,456654,"Retro. Lasalgaon Vinchur 16 Villages, Tal. Nifad",Dharangaon Veer,3494,1,0.66,0.00,0.00,0.00,0.00,0.93,0.00,18.78,0.00,0.00,0.00,0.00,26.72,0.00,26-Sep,27-Sep,28-Sep,29-Sep,30-Sep,1-Oct,2-Oct,26-Sep,27-Sep,28-Sep,29-Sep,30-Sep,1-Oct,2-Oct,5,7,0
Nashik,Ahmednagar,Ahmednagar,Newasa,shevgaon,20028535,"Amarapur and Mali Babhulgaon 49 villages, Tal. Pathardi",Wadgaon,1219,2,0.21,0.00,0.00,0.00,0.20,0.05,0.20,17.01,0.00,0.00,0.31,16.57,4.42,16.50,26-Sep,27-Sep,28-Sep,29-Sep,30-Sep,1-Oct,2-Oct,26-Sep,27-Sep,28-Sep,29-Sep,30-Sep,1-Oct,2-Oct,2,7,0
Nashik,Ahmednagar,Sangamner,Kopargaon,Rahata,20054895,Retro Korhale and 1 other village,Korhale,6871,6,1.86,1.61,0.00,0.00,2.20,2.21,1.38,27.02,23.50,0.00,0.02,32.03,32.22,20.05,26-Sep,27-Sep,28-Sep,29-Sep,30-Sep,1-Oct,2-Oct,26-Sep,27-Sep,28-Sep,29-Sep,30-Sep,1-Oct,2-Oct,1,7,0
Nashik,Jalgaon,Jalgaon,Dhule,Shindkheda,20056040,"Chimthane and 85 villages, Tal. Shindkheda",Waghadi Bk.,2722,2,1.31,1.33,1.30,0.94,1.60,1.27,1.35,48.16,48.77,47.87,34.54,58.79,46.61,49.41,26-Sep,27-Sep,28-Sep,29-Sep,30-Sep,1-Oct,2-Oct,26-Sep,27-Sep,28-Sep,29-Sep,30-Sep,1-Oct,2-Oct,0,6,1
Nashik,Ahmednagar,Ahmednagar,Ahmednagar,Nagar,20046296,Burhannagar & 45 Villages Retro RRWSS,Sakat Kh.,1769,2,0.00,0.00,0.00,0.00,0.00,0.00,0.00,0.00,0.00,0.00,0.00,0.00,0.00,0.00,26-Sep,27-Sep,28-Sep,29-Sep,30-Sep,1-Oct,2-Oct,26-Sep,27-Sep,28-Sep,29-Sep,30-Sep,1-Oct,2-Oct,7,7,0
Nashik,Nashik,W M Nashik,Malegaon,Chandwad,20086730,Retro.Chandwad and WSS 44 villages. Ta. Chandwad,Dugaon,4741,1,2.08,2.10,0.00,1.53,0.00,2.84,0.90,43.89,44.26,0.00,32.27,0.00,59.94,18.96,26-Sep,27-Sep,28-Sep,29-Sep,30-Sep,1-Oct,2-Oct,26-Sep,27-Sep,28-Sep,29-Sep,30-Sep,1-Oct,2-Oct,2,6,1
Nashik,Nashik,Nashik,Malegaon,Nandgaon,20037448,"78 villages in Nandgaon, Malegaon and Deola talukas",Varhale,1036,1,0.65,0.62,0.00,0.42,0.00,0.00,0.56,63.02,59.37,0.00,40.26,0.00,0.00,54.49,26-Sep,27-Sep,28-Sep,29-Sep,30-Sep,1-Oct,2-Oct,26-Sep,27-Sep,28-Sep,29-Sep,30-Sep,1-Oct,2-Oct,3,5,2
Nashik,Nashik,W M Nashik,Malegaon,Chandwad,20086730,Retro.Chandwad and WSS 44 villages. Ta. Chandwad,Dahiwad,639,1,0.00,0.00,0.00,0.00,0.91,0.00,0.00,0.00,0.00,0.00,0.00,142.26,0.00,0.00,26-Sep,27-Sep,28-Sep,29-Sep,30-Sep,1-Oct,2-Oct,26-Sep,27-Sep,28-Sep,29-Sep,30-Sep,1-Oct,2-Oct,6,6,1
Nashik,Ahmednagar,Sangamner,Sangamner,Sangamner,20033242,"Retro.Talegaon Dighe and 16 villages, Tal. Sangamner",Nannaj Dumala,3498,4,0.14,0.33,0.00,0.71,0.05,0.43,0.28,4.04,9.55,0.01,20.33,1.45,12.39,8.01,26-Sep,27-Sep,28-Sep,29-Sep,30-Sep,1-Oct,2-Oct,26-Sep,27-Sep,28-Sep,29-Sep,30-Sep,1-Oct,2-Oct,0,7,0
Nashik,Ahmednagar,Sangamner,Akole,Akole,20028069,Ganore and 4 villagesTa. Akole,Pimpalgaon Nipani,3033,3,0.00,0.47,0.00,1.21,1.04,0.63,0.72,0.00,15.52,0.00,39.78,34.22,20.68,23.69,26-Sep,27-Sep,28-Sep,29-Sep,30-Sep,1-Oct,2-Oct,26-Sep,27-Sep,28-Sep,29-Sep,30-Sep,1-Oct,2-Oct,2,7,0
Nashik,Ahmednagar,Ahmednagar,Newasa,shevgaon,20028535,"Amarapur and Mali Babhulgaon 49 villages, Tal. Pathardi",Shahajapur,613,1,0.00,0.00,0.00,1.29,0.00,0.00,0.00,0.00,0.00,0.00,209.69,0.00,0.00,0.00,26-Sep,27-Sep,28-Sep,29-Sep,30-Sep,1-Oct,2-Oct,26-Sep,27-Sep,28-Sep,29-Sep,30-Sep,1-Oct,2-Oct,6,6,1
Nashik,Jalgaon,Jalgaon,Chopda,Chopda,20053731,Lasur and 9 villages RRWSS. Ta. Chopda,Galwade,910,1,0.84,0.73,0.86,0.87,0.85,0.67,0.75,91.83,79.92,94.06,95.57,93.88,74.08,82.13,26-Sep,27-Sep,28-Sep,29-Sep,30-Sep,1-Oct,2-Oct,26-Sep,27-Sep,28-Sep,29-Sep,30-Sep,1-Oct,2-Oct,0,0,7
Nashik,Ahmednagar,Ahmednagar,Ahmednagar,Parner,20041647,Hivre Korda & 3 Villages RR Tal Parner,Hivare Korda,2439,3,0.00,0.00,0.00,0.00,0.00,0.00,0.00,0.00,0.00,0.00,0.00,0.00,0.00,0.00,26-Sep,27-Sep,28-Sep,29-Sep,30-Sep,1-Oct,2-Oct,26-Sep,27-Sep,28-Sep,29-Sep,30-Sep,1-Oct,2-Oct,7,7,0
Nashik,Jalgaon,Jalgaon,Erandol,Jamner,20025401,Pahur Peth& Pahur Kasbe 2 Villages WSS Tal Jamner,Kharchane,615,1,1.36,0.92,1.11,1.22,1.41,0.75,1.52,220.99,149.88,180.24,197.77,229.35,121.23,246.91,26-Sep,27-Sep,28-Sep,29-Sep,30-Sep,1-Oct,2-Oct,26-Sep,27-Sep,28-Sep,29-Sep,30-Sep,1-Oct,2-Oct,0,0,7
Nashik,Jalgaon,Jalgaon,Erandol,Chalisgaon,20053796,Dondigar-Rohini & 15 Villages WSS,Pimpri Budruk,1804,2,0.34,1.68,0.01,0.81,0.11,0.33,0.24,19.10,93.27,0.32,45.16,6.24,18.03,13.35,26-Sep,27-Sep,28-Sep,29-Sep,30-Sep,1-Oct,2-Oct,26-Sep,27-Sep,28-Sep,29-Sep,30-Sep,1-Oct,2-Oct,0,6,1
Nashik,Nashik,Nashik,Manmad,Yeola,20040090,"Dhulgaon and 17 villages, Tal. Yeola",Purangaon,1321,4,0.00,0.00,0.02,0.00,0.00,0.40,0.21,0.00,0.00,1.31,0.02,0.08,30.33,15.78,26-Sep,27-Sep,28-Sep,29-Sep,30-Sep,1-Oct,2-Oct,26-Sep,27-Sep,28-Sep,29-Sep,30-Sep,1-Oct,2-Oct,2,7,0
Nashik,Nashik,W M Nashik,Malegaon,Malegaon,20018682,Dhahiwal &25 Villages WSS Tal Malegaon,Ronzane,1480,1,2.12,0.20,0.04,0.00,2.94,5.41,0.00,142.91,13.44,2.84,0.00,198.75,365.80,0.00,26-Sep,27-Sep,28-Sep,29-Sep,30-Sep,1-Oct,2-Oct,26-Sep,27-Sep,28-Sep,29-Sep,30-Sep,1-Oct,2-Oct,2,4,3
Nashik,Nashik,W M Nashik,Malegaon,Chandwad,20086730,Retro.Chandwad and WSS 44 villages. Ta. Chandwad,Dongargaon,1649,1,0.00,0.81,0.00,0.00,0.00,0.00,0.00,0.19,49.36,0.00,0.00,0.00,0.00,0.00,26-Sep,27-Sep,28-Sep,29-Sep,30-Sep,1-Oct,2-Oct,26-Sep,27-Sep,28-Sep,29-Sep,30-Sep,1-Oct,2-Oct,5,7,0
Nashik,Jalgaon,Jalgaon,Erandol,Chalisgaon,20053796,Dondigar-Rohini & 15 Villages WSS,Talegaon,3647,2,0.00,0.00,0.00,0.00,0.00,0.00,0.00,0.00,0.00,0.00,0.00,0.00,0.00,0.00,26-Sep,27-Sep,28-Sep,29-Sep,30-Sep,1-Oct,2-Oct,26-Sep,27-Sep,28-Sep,29-Sep,30-Sep,1-Oct,2-Oct,7,7,0
Nashik,Ahmednagar,Ahmednagar,Shreerampur,Rahuri,20015193,New Bramhani & 6 Villages RRWSS Tal- Rahuri,Mokal Ohal,1837,3,0.21,0.22,0.01,0.00,0.29,0.47,0.44,11.23,11.84,0.33,0.00,15.92,25.82,24.12,26-Sep,27-Sep,28-Sep,29-Sep,30-Sep,1-Oct,2-Oct,26-Sep,27-Sep,28-Sep,29-Sep,30-Sep,1-Oct,2-Oct,1,7,0
Nashik,Nashik,W M Nashik,Malegaon,Chandwad,20086730,Retro.Chandwad and WSS 44 villages. Ta. Chandwad,Vahegaonsal,4062,1,0.00,0.00,0.00,0.00,0.00,0.63,0.01,0.00,0.00,0.00,0.00,0.00,15.44,0.32,26-Sep,27-Sep,28-Sep,29-Sep,30-Sep,1-Oct,2-Oct,26-Sep,27-Sep,28-Sep,29-Sep,30-Sep,1-Oct,2-Oct,5,7,0
Nashik,Ahmednagar,Ahmednagar,Newasa,Pathardi,20040662,"Retro.Miri-Tisgaon and 33 villages, Tal. Pathardi",Dongarwadi,856,1,0.18,0.00,0.28,0.47,0.50,2.13,8.45,20.70,0.00,32.28,55.22,58.04,248.78,986.67,26-Sep,27-Sep,28-Sep,29-Sep,30-Sep,1-Oct,2-Oct,26-Sep,27-Sep,28-Sep,29-Sep,30-Sep,1-Oct,2-Oct,1,3,4
Nashik,Nashik,Nashik,Manmad,Yeola,20030798,Retrofitting To Yeola 38 Villages,Ankute,2366,1,0.00,1.37,0.17,0.10,0.00,0.00,0.00,0.00,58.10,7.13,4.26,0.00,0.00,0.00,26-Sep,27-Sep,28-Sep,29-Sep,30-Sep,1-Oct,2-Oct,26-Sep,27-Sep,28-Sep,29-Sep,30-Sep,1-Oct,2-Oct,4,6,1
Nashik,Ahmednagar,Ahmednagar,Newasa,Nevasa,20029472,Retro.Bhenda Kukana and 4 villages WSS. Ta. Nevasa,Antarwadi,1542,4,1.10,0.03,1.08,0.06,1.17,0.04,1.26,71.19,2.23,69.81,3.70,75.82,2.68,81.50,26-Sep,27-Sep,28-Sep,29-Sep,30-Sep,1-Oct,2-Oct,26-Sep,27-Sep,28-Sep,29-Sep,30-Sep,1-Oct,2-Oct,0,3,4
Nashik,Nashik,Nashik,Malegaon,Nandgaon,20037448,"78 villages in Nandgaon, Malegaon and Deola talukas",Takli,4532,3,0.00,0.72,0.00,0.00,0.73,0.00,0.00,0.00,15.97,0.00,0.00,16.06,0.00,0.00,26-Sep,27-Sep,28-Sep,29-Sep,30-Sep,1-Oct,2-Oct,26-Sep,27-Sep,28-Sep,29-Sep,30-Sep,1-Oct,2-Oct,5,7,0
Nashik,Nashik,W M Nashik,Malegaon,Chandwad,20086730,Retro.Chandwad and WSS 44 villages. Ta. Chandwad,Vaki Kh,2158,1,0.00,0.00,0.00,0.00,0.00,0.00,0.00,0.00,0.00,0.00,0.00,0.00,0.00,0.00,26-Sep,27-Sep,28-Sep,29-Sep,30-Sep,1-Oct,2-Oct,26-Sep,27-Sep,28-Sep,29-Sep,30-Sep,1-Oct,2-Oct,7,7,0
Nashik,Ahmednagar,Ahmednagar,Newasa,Nevasa,5348540,"Retro.Sonai Karjgaon and 16 villages, Tal. Nevasa",Navin Chandgaon,1547,1,0.29,0.55,0.00,0.00,0.00,0.49,0.38,18.81,35.30,0.00,0.00,0.00,31.64,24.42,26-Sep,27-Sep,28-Sep,29-Sep,30-Sep,1-Oct,2-Oct,26-Sep,27-Sep,28-Sep,29-Sep,30-Sep,1-Oct,2-Oct,3,7,0
Nashik,Nashik,W M Nashik,Malegaon,Chandwad,20086730,Retro.Chandwad and WSS 44 villages. Ta. Chandwad,Mangrul,2328,2,0.00,0.00,0.00,0.00,0.00,0.00,0.00,0.00,0.00,0.00,0.00,0.00,0.00,0.00,26-Sep,27-Sep,28-Sep,29-Sep,30-Sep,1-Oct,2-Oct,26-Sep,27-Sep,28-Sep,29-Sep,30-Sep,1-Oct,2-Oct,7,7,0
Nashik,Ahmednagar,Ahmednagar,Newasa,Nevasa,20029472,Retro.Bhenda Kukana and 4 villages WSS. Ta. Nevasa,Tarwadi,2925,1,2.37,0.53,2.10,0.59,2.36,0.50,2.25,81.08,18.05,71.95,20.00,80.83,17.07,77.05,26-Sep,27-Sep,28-Sep,29-Sep,30-Sep,1-Oct,2-Oct,26-Sep,27-Sep,28-Sep,29-Sep,30-Sep,1-Oct,2-Oct,0,3,4
Nashik,Jalgaon,Jalgaon,Erandol,Chalisgaon,20053796,Dondigar-Rohini & 15 Villages WSS,Bramhanshevga,2049,2,0.00,0.00,0.00,0.00,0.00,0.00,0.00,0.00,0.00,0.00,0.00,0.00,0.00,0.00,26-Sep,27-Sep,28-Sep,29-Sep,30-Sep,1-Oct,2-Oct,26-Sep,27-Sep,28-Sep,29-Sep,30-Sep,1-Oct,2-Oct,7,7,0
Nashik,Jalgaon,Jalgaon,Chopda,Chopda,20053731,Lasur and 9 villages RRWSS. Ta. Chopda,Chahardi,15064,2,1.41,1.58,2.64,1.76,1.36,1.93,1.52,9.36,10.46,17.54,11.67,9.02,12.80,10.12,26-Sep,27-Sep,28-Sep,29-Sep,30-Sep,1-Oct,2-Oct,26-Sep,27-Sep,28-Sep,29-Sep,30-Sep,1-Oct,2-Oct,0,7,0
Nashik,Nashik,W M Nashik,Malegaon,Chandwad,20086730,Retro.Chandwad and WSS 44 villages. Ta. Chandwad,Talegaon Rohi,8039,1,0.00,0.00,0.00,0.72,0.00,0.00,0.00,0.00,0.00,0.00,8.97,0.00,0.00,0.00,26-Sep,27-Sep,28-Sep,29-Sep,30-Sep,1-Oct,2-Oct,26-Sep,27-Sep,28-Sep,29-Sep,30-Sep,1-Oct,2-Oct,6,7,0
Nashik,Nashik,Nashik,Malegaon,Nandgaon,20037448,"78 villages in Nandgaon, Malegaon and Deola talukas",Shirsondi,1807,2,0.37,0.31,0.55,0.19,0.00,0.84,0.00,20.63,17.27,30.34,10.76,0.00,46.76,0.00,26-Sep,27-Sep,28-Sep,29-Sep,30-Sep,1-Oct,2-Oct,26-Sep,27-Sep,28-Sep,29-Sep,30-Sep,1-Oct,2-Oct,2,7,0
Nashik,Ahmednagar,Ahmednagar,Newasa,shevgaon,20028535,"Amarapur and Mali Babhulgaon 49 villages, Tal. Pathardi",Shekate,2194,1,0.00,0.00,0.00,0.00,0.00,0.32,0.00,0.00,0.00,0.00,0.00,0.00,14.41,0.00,26-Sep,27-Sep,28-Sep,29-Sep,30-Sep,1-Oct,2-Oct,26-Sep,27-Sep,28-Sep,29-Sep,30-Sep,1-Oct,2-Oct,6,7,0
Nagpur,Nagpur,Gondia,Bhandara,Sakoli,631335,Ghanod RR Retrofitting,Sendurwafa,10254,1,0.07,19.27,4.73,0.11,0.10,29.44,66.40,0.68,187.93,46.13,1.07,0.98,287.11,647.60,26-Sep,27-Sep,28-Sep,29-Sep,30-Sep,1-Oct,2-Oct,26-Sep,27-Sep,28-Sep,29-Sep,30-Sep,1-Oct,2-Oct,0,4,3
Nagpur,Nagpur,Gondia,Sadak Arjuni,Sadak Arjuni,20016939,Putali RR WSS Retrofitting,Koylari,1575,1,0.00,0.00,0.00,0.00,0.00,0.00,0.00,0.00,0.00,0.00,0.00,0.00,0.00,0.00,26-Sep,27-Sep,28-Sep,29-Sep,30-Sep,1-Oct,2-Oct,26-Sep,27-Sep,28-Sep,29-Sep,30-Sep,1-Oct,2-Oct,7,7,0
Nagpur,Chandrapur,Wardha,Wardha,Hinganghat,20027837,Allipur & 6 Village RRWSS,Kachangaon Fata,1544,1,0.00,0.00,0.00,0.00,0.00,0.00,0.00,0.00,0.00,0.00,0.00,0.00,0.00,0.00,26-Sep,27-Sep,28-Sep,29-Sep,30-Sep,1-Oct,2-Oct,26-Sep,27-Sep,28-Sep,29-Sep,30-Sep,1-Oct,2-Oct,7,7,0
Nagpur,Chandrapur,Chandrapur,Chandrapur,Chandrapur,20050368,Chinchala and 7 Villages RR Water Supply Scheme,Vendli,936,2,0.00,0.00,0.00,0.00,0.00,0.00,0.00,0.00,0.00,0.00,0.00,0.00,0.00,0.00,26-Sep,27-Sep,28-Sep,29-Sep,30-Sep,1-Oct,2-Oct,26-Sep,27-Sep,28-Sep,29-Sep,30-Sep,1-Oct,2-Oct,7,7,0
Nagpur,Nagpur,Gondia,Deori,Deori,20017028,Chichgad Palandur RR Retrofitting,Sukali,400,1,0.00,0.00,0.00,0.00,0.00,0.00,0.00,0.00,0.00,0.00,0.00,0.00,0.00,0.00,26-Sep,27-Sep,28-Sep,29-Sep,30-Sep,1-Oct,2-Oct,26-Sep,27-Sep,28-Sep,29-Sep,30-Sep,1-Oct,2-Oct,7,7,0
Nagpur,Nagpur,Chandrapur,Wardha,Wardha,7891298,Pipri Meghe and 13 villages RR WSS,Karla,2332,1,0.00,0.00,2.65,2.31,0.00,0.26,0.06,0.00,0.00,113.64,99.07,0.00,11.21,2.70,26-Sep,27-Sep,28-Sep,29-Sep,30-Sep,1-Oct,2-Oct,26-Sep,27-Sep,28-Sep,29-Sep,30-Sep,1-Oct,2-Oct,3,5,2
Nagpur,Nagpur,Chandrapur,Mul,Mul,7890965,Mul Grid & 24 Villages  RR WSS Retrofitting,Tadala Tukum,1575,1,0.00,0.00,0.00,0.00,0.00,0.00,0.00,0.00,0.00,0.00,0.00,0.00,0.00,0.00,26-Sep,27-Sep,28-Sep,29-Sep,30-Sep,1-Oct,2-Oct,26-Sep,27-Sep,28-Sep,29-Sep,30-Sep,1-Oct,2-Oct,7,7,0
Nagpur,Nagpur,Gondia,Sadak Arjuni,Sadak Arjuni,20016939,Putali RR WSS Retrofitting,Kanharpayli (Salaitola),1584,1,0.00,0.00,0.00,0.00,0.00,0.00,0.00,0.00,0.00,0.00,0.00,0.00,0.00,0.00,26-Sep,27-Sep,28-Sep,29-Sep,30-Sep,1-Oct,2-Oct,26-Sep,27-Sep,28-Sep,29-Sep,30-Sep,1-Oct,2-Oct,7,7,0
Nagpur,Nagpur,Gondia,Sadak Arjuni,Sadak Arjuni,20016939,Putali RR WSS Retrofitting,Kanharpayli,1487,1,0.00,0.00,0.00,0.00,0.00,0.00,0.00,0.00,0.00,0.00,0.00,0.00,0.00,0.00,26-Sep,27-Sep,28-Sep,29-Sep,30-Sep,1-Oct,2-Oct,26-Sep,27-Sep,28-Sep,29-Sep,30-Sep,1-Oct,2-Oct,7,7,0
Nagpur,Nagpur,Chandrapur,Chandrapur,Chimur,20036536,Bothali & 7 Village RR WSS,Hirapur,1793,1,0.00,0.00,0.00,0.00,0.00,0.00,0.00,0.00,0.00,0.00,0.00,0.00,0.00,0.00,26-Sep,27-Sep,28-Sep,29-Sep,30-Sep,1-Oct,2-Oct,26-Sep,27-Sep,28-Sep,29-Sep,30-Sep,1-Oct,2-Oct,7,7,0
Nagpur,Chandrapur,Chandrapur,Ballarpur,Ballarpur,7890972,Ballarpur Grid 18 villages RR WSS Retrofitting,Bhivkund,724,1,0.00,0.00,0.00,0.00,0.00,0.00,0.00,0.00,0.00,0.00,0.00,0.00,0.00,0.00,26-Sep,27-Sep,28-Sep,29-Sep,30-Sep,1-Oct,2-Oct,26-Sep,27-Sep,28-Sep,29-Sep,30-Sep,1-Oct,2-Oct,7,7,0
Nagpur,Chandrapur,Chandrapur,Chandrapur,Chandrapur,20050368,Chinchala and 7 Villages RR Water Supply Scheme,Wandhari,568,2,0.00,0.00,0.00,0.00,0.00,0.00,0.00,0.00,0.00,0.00,0.00,0.00,0.00,0.00,26-Sep,27-Sep,28-Sep,29-Sep,30-Sep,1-Oct,2-Oct,26-Sep,27-Sep,28-Sep,29-Sep,30-Sep,1-Oct,2-Oct,7,7,0
Nagpur,Chandrapur,Chandrapur,Pombhurna,Pombhurna,7928270,Pomnbhurna Grid & 15 Villages RR Retrofitting,Dewada Kh.,4792,2,1.10,1.11,3.12,1.54,1.23,1.48,1.35,22.93,23.10,65.07,32.23,25.65,30.85,28.25,26-Sep,27-Sep,28-Sep,29-Sep,30-Sep,1-Oct,2-Oct,26-Sep,27-Sep,28-Sep,29-Sep,30-Sep,1-Oct,2-Oct,0,6,1
Nagpur,Chandrapur,Wardha,Wardha,Hinganghat,20027837,Allipur & 6 Village RRWSS,Allipur,75080,3,1.18,1.02,1.27,0.00,0.88,1.21,1.08,1.57,1.36,1.69,0.00,1.17,1.61,1.44,26-Sep,27-Sep,28-Sep,29-Sep,30-Sep,1-Oct,2-Oct,26-Sep,27-Sep,28-Sep,29-Sep,30-Sep,1-Oct,2-Oct,1,7,0
Nagpur,Chandrapur,Wardha,Wardha,Wardha,20010215,Sewagram & 5 Villages RRWSS,Injhapur,2200,2,1.88,4.59,4.91,4.82,3.43,6.05,2.60,85.67,208.81,223.35,218.93,156.08,275.05,118.13,26-Sep,27-Sep,28-Sep,29-Sep,30-Sep,1-Oct,2-Oct,26-Sep,27-Sep,28-Sep,29-Sep,30-Sep,1-Oct,2-Oct,0,0,7
Nagpur,Nagpur,Chandrapur,Mul,Mul,7890965,Mul Grid & 24 Villages  RR WSS Retrofitting,Chak Katwan,247,1,0.00,0.00,0.00,0.00,0.01,0.09,0.00,0.00,0.11,0.00,0.00,2.54,35.51,0.00,26-Sep,27-Sep,28-Sep,29-Sep,30-Sep,1-Oct,2-Oct,26-Sep,27-Sep,28-Sep,29-Sep,30-Sep,1-Oct,2-Oct,4,7,0
Nagpur,Chandrapur,Chandrapur,Mul,Sindewahi,20039948,Pathari & 7 Village RR WSS,Pathari,4152,2,0.00,0.00,0.00,0.00,0.00,0.00,0.00,0.00,0.00,0.00,0.00,0.00,0.00,0.00,26-Sep,27-Sep,28-Sep,29-Sep,30-Sep,1-Oct,2-Oct,26-Sep,27-Sep,28-Sep,29-Sep,30-Sep,1-Oct,2-Oct,7,7,0
Nagpur,Nagpur,Chandrapur,Chandrapur,Chimur,20036536,Bothali & 7 Village RR WSS,Kesarwari,429,1,0.00,0.00,0.00,0.00,0.00,0.00,0.00,0.09,0.00,0.39,0.16,0.37,0.02,0.19,26-Sep,27-Sep,28-Sep,29-Sep,30-Sep,1-Oct,2-Oct,26-Sep,27-Sep,28-Sep,29-Sep,30-Sep,1-Oct,2-Oct,1,7,0
Nagpur,Nagpur,Gondia,Bhandara,Sakoli,631335,Ghanod RR Retrofitting,Ghanod,2280,2,0.00,0.00,0.00,0.00,0.00,0.00,0.00,0.00,0.00,0.00,0.00,0.00,0.00,0.00,26-Sep,27-Sep,28-Sep,29-Sep,30-Sep,1-Oct,2-Oct,26-Sep,27-Sep,28-Sep,29-Sep,30-Sep,1-Oct,2-Oct,7,7,0
Nagpur,Chandrapur,Chandrapur,Pombhurna,Pombhurna,7928270,Pomnbhurna Grid & 15 Villages RR Retrofitting,Chak Hattibodi,544,1,2.41,2.28,4.92,2.75,3.07,2.52,4.17,443.01,419.12,903.80,505.84,564.34,463.24,766.54,26-Sep,27-Sep,28-Sep,29-Sep,30-Sep,1-Oct,2-Oct,26-Sep,27-Sep,28-Sep,29-Sep,30-Sep,1-Oct,2-Oct,0,0,7
Nagpur,Nagpur,Chandrapur,Chandrapur,Chimur,20036536,Bothali & 7 Village RR WSS,Bothali,2250,1,0.00,0.00,0.00,0.00,0.00,0.00,0.00,0.00,0.00,0.00,0.00,0.00,0.00,0.00,26-Sep,27-Sep,28-Sep,29-Sep,30-Sep,1-Oct,2-Oct,26-Sep,27-Sep,28-Sep,29-Sep,30-Sep,1-Oct,2-Oct,7,7,0
Nagpur,Nagpur,Chandrapur,Chandrapur,Mul,20036862,Bor Chandli 5 Village RR WSS,Chak Bembal,345,1,0.00,0.00,0.00,0.00,0.00,0.00,0.00,0.00,0.00,0.00,0.00,0.00,0.00,0.00,26-Sep,27-Sep,28-Sep,29-Sep,30-Sep,1-Oct,2-Oct,26-Sep,27-Sep,28-Sep,29-Sep,30-Sep,1-Oct,2-Oct,7,7,0
Nagpur,Chandrapur,Chandrapur,Chandrapur,Chandrapur,20050368,Chinchala and 7 Villages RR Water Supply Scheme,Mahakurla,556,1,0.00,0.00,0.00,0.00,0.00,0.00,0.00,0.00,0.00,0.00,0.00,0.00,0.00,0.00,26-Sep,27-Sep,28-Sep,29-Sep,30-Sep,1-Oct,2-Oct,26-Sep,27-Sep,28-Sep,29-Sep,30-Sep,1-Oct,2-Oct,7,7,0
Nagpur,Nagpur,Gondia,Sakoli,Sakoli-Lakhani,20022100,Sakoli Lakhani RR Retrofitting,Sawarbandh,1669,1,0.00,0.00,0.00,0.00,0.00,0.00,0.23,0.00,0.00,0.00,0.00,0.00,0.00,13.78,26-Sep,27-Sep,28-Sep,29-Sep,30-Sep,1-Oct,2-Oct,26-Sep,27-Sep,28-Sep,29-Sep,30-Sep,1-Oct,2-Oct,6,7,0
Nagpur,Nagpur,Chandrapur,Mul,Mul,7890965,Mul Grid & 24 Villages  RR WSS Retrofitting,Akapur,537,1,0.00,0.00,0.00,0.00,0.00,0.00,0.00,0.00,0.00,0.00,0.00,0.00,0.00,0.00,26-Sep,27-Sep,28-Sep,29-Sep,30-Sep,1-Oct,2-Oct,26-Sep,27-Sep,28-Sep,29-Sep,30-Sep,1-Oct,2-Oct,7,7,0
Nagpur,Chandrapur,Chandrapur,Pombhurna,Pombhurna,7928270,Pomnbhurna Grid & 15 Villages RR Retrofitting,Navegaon More,1680,1,0.00,0.00,0.00,0.00,0.00,0.00,0.00,0.00,0.00,0.00,0.00,0.00,0.00,0.00,26-Sep,27-Sep,28-Sep,29-Sep,30-Sep,1-Oct,2-Oct,26-Sep,27-Sep,28-Sep,29-Sep,30-Sep,1-Oct,2-Oct,7,7,0
Nagpur,Chandrapur,Wardha,Wardha,Hinganghat,20027837,Allipur & 6 Village RRWSS,Sirasgaon,1892,1,0.52,0.05,0.43,0.00,0.79,0.86,0.92,27.48,2.64,22.73,0.00,41.75,45.45,48.63,26-Sep,27-Sep,28-Sep,29-Sep,30-Sep,1-Oct,2-Oct,26-Sep,27-Sep,28-Sep,29-Sep,30-Sep,1-Oct,2-Oct,1,7,0
Nagpur,Nagpur,Gondia,Bhandara,Tumsar,20017217,Dewadi RR WSS,Paraswada,1400,2,0.00,0.00,0.00,0.00,0.00,0.00,0.00,0.00,0.00,0.00,0.00,0.00,0.00,0.00,26-Sep,27-Sep,28-Sep,29-Sep,30-Sep,1-Oct,2-Oct,26-Sep,27-Sep,28-Sep,29-Sep,30-Sep,1-Oct,2-Oct,7,7,0
Nagpur,Nagpur,Chandrapur,Wardha,Wardha,7891298,Pipri Meghe and 13 villages RR WSS,Sawangi Meghe T-Point,16556,1,333.26,239.89,358.67,172.81,810.67,1005.04,829.35,2012.93,1448.98,2166.40,1043.79,4896.51,6070.54,5009.34,26-Sep,27-Sep,28-Sep,29-Sep,30-Sep,1-Oct,2-Oct,26-Sep,27-Sep,28-Sep,29-Sep,30-Sep,1-Oct,2-Oct,0,0,7
Nagpur,Nagpur,Gondia,Deori,Deori,20017028,Chichgad Palandur RR Retrofitting,Singamdoh,700,1,0.00,0.00,0.00,0.00,0.00,0.00,0.00,0.00,0.00,0.00,0.00,0.00,0.00,0.00,26-Sep,27-Sep,28-Sep,29-Sep,30-Sep,1-Oct,2-Oct,26-Sep,27-Sep,28-Sep,29-Sep,30-Sep,1-Oct,2-Oct,7,7,0
Nagpur,Nagpur,Gondia,Sakoli,Sakoli-Lakhani,20022100,Sakoli Lakhani RR Retrofitting,Manegaon,,1,0.00,0.00,0.00,0.00,0.00,0.00,0.00,0.00,0.00,0.00,0.00,0.00,0.00,0.00,26-Sep,27-Sep,28-Sep,29-Sep,30-Sep,1-Oct,2-Oct,26-Sep,27-Sep,28-Sep,29-Sep,30-Sep,1-Oct,2-Oct,7,7,0
Nagpur,Nagpur,Nagpur,Chandrapur,Saoali,20036500,Vyahad & 2 Village RR WSS,Kondekhal,556,2,0.00,0.00,0.00,0.00,0.00,0.00,0.00,0.00,0.00,0.00,0.00,0.00,0.00,0.00,26-Sep,27-Sep,28-Sep,29-Sep,30-Sep,1-Oct,2-Oct,26-Sep,27-Sep,28-Sep,29-Sep,30-Sep,1-Oct,2-Oct,7,7,0
Nagpur,Nagpur,Chandrapur,Mul,Mul,7890965,Mul Grid & 24 Villages  RR WSS Retrofitting,Tekadi,2164,1,0.09,0.00,0.01,0.00,0.07,0.00,0.01,4.38,0.00,0.52,0.10,3.34,0.00,0.60,26-Sep,27-Sep,28-Sep,29-Sep,30-Sep,1-Oct,2-Oct,26-Sep,27-Sep,28-Sep,29-Sep,30-Sep,1-Oct,2-Oct,2,7,0
Nagpur,Nagpur,Chandrapur,Wardha,Wardha,7891298,Pipri Meghe and 13 villages RR WSS,Borgaon,688,2,1.30,0.02,0.41,0.55,0.86,3.14,2.43,188.46,3.50,59.74,79.41,125.36,455.82,353.10,26-Sep,27-Sep,28-Sep,29-Sep,30-Sep,1-Oct,2-Oct,26-Sep,27-Sep,28-Sep,29-Sep,30-Sep,1-Oct,2-Oct,0,1,6
Nagpur,Nagpur,Chandrapur,Mul,Mul,7890965,Mul Grid & 24 Villages  RR WSS Retrofitting,Janala Ryt.,890,2,0.00,0.00,0.00,0.00,0.00,0.00,0.00,0.00,0.00,0.00,0.00,0.00,0.00,0.00,26-Sep,27-Sep,28-Sep,29-Sep,30-Sep,1-Oct,2-Oct,26-Sep,27-Sep,28-Sep,29-Sep,30-Sep,1-Oct,2-Oct,7,7,0
Nagpur,Nagpur,Gondia,Deori,Deori,20017028,Chichgad Palandur RR Retrofitting,Garartola,859,1,0.00,0.00,0.00,0.00,0.00,0.00,0.00,0.00,0.00,0.00,0.00,0.00,0.00,0.00,26-Sep,27-Sep,28-Sep,29-Sep,30-Sep,1-Oct,2-Oct,26-Sep,27-Sep,28-Sep,29-Sep,30-Sep,1-Oct,2-Oct,7,7,0
Nagpur,Chandrapur,Chandrapur,Gadchiroli,Korpana,20050391,Nimani & 5 Villages RR Water Supply Scheme,Nimni,1583,1,0.00,0.00,0.00,0.00,0.00,0.00,0.00,0.00,0.00,0.00,0.00,0.00,0.00,0.00,26-Sep,27-Sep,28-Sep,29-Sep,30-Sep,1-Oct,2-Oct,26-Sep,27-Sep,28-Sep,29-Sep,30-Sep,1-Oct,2-Oct,7,7,0
Nagpur,Chandrapur,Chandrapur,Pombhurna,Pombhurna,7928270,Pomnbhurna Grid & 15 Villages RR Retrofitting,Chak Ghanoti - 1,868,1,0.00,0.00,0.00,0.00,0.00,0.00,0.00,0.00,0.00,0.00,0.00,0.00,0.00,0.00,26-Sep,27-Sep,28-Sep,29-Sep,30-Sep,1-Oct,2-Oct,26-Sep,27-Sep,28-Sep,29-Sep,30-Sep,1-Oct,2-Oct,7,7,0
Nagpur,Nagpur,Gondia,Sadak Arjuni,Sadak Arjuni,20016939,Putali RR WSS Retrofitting,Chirchadi,905,1,0.00,2.20,0.00,0.00,0.00,0.96,16.73,0.00,243.09,0.00,0.00,0.00,106.08,1848.62,26-Sep,27-Sep,28-Sep,29-Sep,30-Sep,1-Oct,2-Oct,26-Sep,27-Sep,28-Sep,29-Sep,30-Sep,1-Oct,2-Oct,4,4,3
Nagpur,Nagpur,Chandrapur,Mul,Mul,7890965,Mul Grid & 24 Villages  RR WSS Retrofitting,Kantapeth Ryt.,938,1,0.00,0.00,0.00,0.00,0.00,0.00,0.00,0.00,0.00,0.00,0.00,0.00,0.00,0.00,26-Sep,27-Sep,28-Sep,29-Sep,30-Sep,1-Oct,2-Oct,26-Sep,27-Sep,28-Sep,29-Sep,30-Sep,1-Oct,2-Oct,7,7,0
Nagpur,Nagpur,Chandrapur,Chandrapur,Chimur,20036536,Bothali & 7 Village RR WSS,Chak Piranji,1771,1,0.00,0.00,0.00,0.00,0.00,0.00,0.00,0.00,0.00,0.00,0.00,0.00,0.00,0.00,26-Sep,27-Sep,28-Sep,29-Sep,30-Sep,1-Oct,2-Oct,26-Sep,27-Sep,28-Sep,29-Sep,30-Sep,1-Oct,2-Oct,7,7,0
Nagpur,Nagpur,Gondia,Bhandara,Tumsar,20017217,Dewadi RR WSS,Hasara,2638,1,0.01,0.07,0.00,0.00,0.00,0.00,0.00,0.22,2.74,0.00,0.00,0.00,0.00,0.00,26-Sep,27-Sep,28-Sep,29-Sep,30-Sep,1-Oct,2-Oct,26-Sep,27-Sep,28-Sep,29-Sep,30-Sep,1-Oct,2-Oct,5,7,0
Nagpur,Nagpur,Gondia,Bhandara,Sakoli,631335,Ghanod RR Retrofitting,Bampewada,10254,1,0.00,0.00,0.00,0.00,0.18,0.00,0.00,0.00,0.00,0.00,0.00,1.76,0.00,0.00,26-Sep,27-Sep,28-Sep,29-Sep,30-Sep,1-Oct,2-Oct,26-Sep,27-Sep,28-Sep,29-Sep,30-Sep,1-Oct,2-Oct,6,7,0
Nagpur,Nagpur,Gondia,Sakoli,Sakoli-Lakhani,20022100,Sakoli Lakhani RR Retrofitting,Gadegaon,3072,2,3.10,3.04,3.95,3.79,3.30,2.75,2.69,100.79,98.96,128.58,123.46,107.42,89.52,87.57,26-Sep,27-Sep,28-Sep,29-Sep,30-Sep,1-Oct,2-Oct,26-Sep,27-Sep,28-Sep,29-Sep,30-Sep,1-Oct,2-Oct,0,0,7
Nagpur,Nagpur,Chandrapur,Gadchiroli,Chamorshi,2009882,Ghot RRWSS,Navegaon,645,1,0.00,0.00,0.00,0.00,0.00,0.00,0.00,0.00,0.00,0.00,0.00,0.00,0.00,0.00,26-Sep,27-Sep,28-Sep,29-Sep,30-Sep,1-Oct,2-Oct,26-Sep,27-Sep,28-Sep,29-Sep,30-Sep,1-Oct,2-Oct,7,7,0
Nagpur,Nagpur,Chandrapur,Mul,Mul,7890965,Mul Grid & 24 Villages  RR WSS Retrofitting,Chicholi,2400,1,0.00,0.00,0.00,0.00,0.00,0.00,0.00,0.00,0.00,0.00,0.00,0.00,0.00,0.00,26-Sep,27-Sep,28-Sep,29-Sep,30-Sep,1-Oct,2-Oct,26-Sep,27-Sep,28-Sep,29-Sep,30-Sep,1-Oct,2-Oct,7,7,0
Nagpur,Chandrapur,Chandrapur,Mul,Sindewahi,20039948,Pathari & 7 Village RR WSS,Tambegadi,1248,2,0.00,8.08,17.47,15.95,4.71,9.03,8.10,0.00,647.41,1399.67,1278.25,377.75,723.77,648.72,26-Sep,27-Sep,28-Sep,29-Sep,30-Sep,1-Oct,2-Oct,26-Sep,27-Sep,28-Sep,29-Sep,30-Sep,1-Oct,2-Oct,1,1,6
Nagpur,Chandrapur,Wardha,Wardha,Hinganghat,20027837,Allipur & 6 Village RRWSS,Alamdoh,856,2,0.11,0.00,0.38,0.02,0.65,0.52,0.94,13.43,0.58,43.94,2.40,76.10,61.12,109.92,26-Sep,27-Sep,28-Sep,29-Sep,30-Sep,1-Oct,2-Oct,26-Sep,27-Sep,28-Sep,29-Sep,30-Sep,1-Oct,2-Oct,0,4,3
Nagpur,Nagpur,Chandrapur,Gadchiroli,Chamorshi,2009882,Ghot RRWSS,Nikatwada,1455,1,0.00,0.00,0.00,0.00,0.00,0.00,0.00,0.00,0.00,0.00,0.00,0.00,0.00,0.00,26-Sep,27-Sep,28-Sep,29-Sep,30-Sep,1-Oct,2-Oct,26-Sep,27-Sep,28-Sep,29-Sep,30-Sep,1-Oct,2-Oct,7,7,0
Nagpur,Chandrapur,Chandrapur,Pombhurna,Pombhurna,7928270,Pomnbhurna Grid & 15 Villages RR Retrofitting,Jam Tukum,1172,1,0.00,0.00,0.00,0.00,0.00,0.00,0.00,0.00,0.00,0.00,0.00,0.00,0.00,0.00,26-Sep,27-Sep,28-Sep,29-Sep,30-Sep,1-Oct,2-Oct,26-Sep,27-Sep,28-Sep,29-Sep,30-Sep,1-Oct,2-Oct,7,7,0
Nagpur,Nagpur,Gondia,Sakoli,Sakoli-Lakhani,20022100,Sakoli Lakhani RR Retrofitting,Pohara,5000,1,0.00,0.00,0.00,0.00,0.00,0.00,0.00,0.00,0.00,0.00,0.00,0.00,0.00,0.00,26-Sep,27-Sep,28-Sep,29-Sep,30-Sep,1-Oct,2-Oct,26-Sep,27-Sep,28-Sep,29-Sep,30-Sep,1-Oct,2-Oct,7,7,0
Nagpur,Nagpur,Gondia,Bhandara,Tumsar,20017217,Dewadi RR WSS,Stationtoli,1320,1,31.06,0.23,595.51,344.83,97.93,630.82,155.42,2353.03,17.42,45114.39,26123.48,7418.90,47789.56,11774.24,26-Sep,27-Sep,28-Sep,29-Sep,30-Sep,1-Oct,2-Oct,26-Sep,27-Sep,28-Sep,29-Sep,30-Sep,1-Oct,2-Oct,0,1,6
Nagpur,Nagpur,Gondia,Bhandara,Tumsar,631010,Gobarwahi RR Retrofitting,Chicholi,2212,1,0.00,0.00,0.00,0.00,0.00,0.00,0.00,0.00,0.00,0.00,0.00,0.00,0.00,0.00,26-Sep,27-Sep,28-Sep,29-Sep,30-Sep,1-Oct,2-Oct,26-Sep,27-Sep,28-Sep,29-Sep,30-Sep,1-Oct,2-Oct,7,7,0
Nagpur,Chandrapur,Chandrapur,Gadchiroli,Aheri,7890975,Allapalli-Nagapalli RR,Allapalli,14263,1,6.51,6.33,6.20,6.23,6.84,6.99,6.57,45.66,44.36,43.44,43.66,47.97,48.97,46.07,26-Sep,27-Sep,28-Sep,29-Sep,30-Sep,1-Oct,2-Oct,26-Sep,27-Sep,28-Sep,29-Sep,30-Sep,1-Oct,2-Oct,0,7,0
Nagpur,Nagpur,Chandrapur,Wardha,Wardha,7891298,Pipri Meghe and 13 villages RR WSS,Waigaon,8896,3,0.03,0.00,0.00,0.03,0.03,0.21,0.00,0.36,0.00,0.00,0.32,0.37,2.36,0.02,26-Sep,27-Sep,28-Sep,29-Sep,30-Sep,1-Oct,2-Oct,26-Sep,27-Sep,28-Sep,29-Sep,30-Sep,1-Oct,2-Oct,2,7,0
Nagpur,Nagpur,Gondia,Bhandara,Tumsar,631010,Gobarwahi RR Retrofitting,Ronga,1821,2,0.00,0.00,0.00,0.00,0.00,0.00,0.00,0.00,0.00,0.00,0.00,0.00,0.00,0.00,26-Sep,27-Sep,28-Sep,29-Sep,30-Sep,1-Oct,2-Oct,26-Sep,27-Sep,28-Sep,29-Sep,30-Sep,1-Oct,2-Oct,7,7,0
Nagpur,Nagpur,Gondia,Sadak Arjuni,Sadak Arjuni,20016939,Putali RR WSS Retrofitting,Dalli,1606,1,0.00,0.00,0.00,0.00,0.00,0.00,0.00,0.00,0.00,0.00,0.00,0.00,0.00,0.00,26-Sep,27-Sep,28-Sep,29-Sep,30-Sep,1-Oct,2-Oct,26-Sep,27-Sep,28-Sep,29-Sep,30-Sep,1-Oct,2-Oct,7,7,0
Nagpur,Nagpur,Nagpur,Nagpur,Hingna,20009650,Waddhmna WSS,Nagalwadi,2564,1,0.00,0.00,0.00,0.00,0.00,0.00,0.00,0.00,0.00,0.00,0.00,0.00,0.00,0.00,26-Sep,27-Sep,28-Sep,29-Sep,30-Sep,1-Oct,2-Oct,26-Sep,27-Sep,28-Sep,29-Sep,30-Sep,1-Oct,2-Oct,7,7,0
Nagpur,Chandrapur,Wardha,Wardha,Wardha,20010215,Sewagram & 5 Villages RRWSS,Barbadi,7000,2,4.28,3.67,3.38,0.00,5.80,5.32,3.77,61.14,52.43,48.32,0.00,82.79,76.00,53.86,26-Sep,27-Sep,28-Sep,29-Sep,30-Sep,1-Oct,2-Oct,26-Sep,27-Sep,28-Sep,29-Sep,30-Sep,1-Oct,2-Oct,1,4,3
Nagpur,Chandrapur,Wardha,Wardha,Hinganghat,20027837,Allipur & 6 Village RRWSS,Sonegaon,1360,1,0.28,0.00,0.00,0.00,0.00,0.00,0.00,20.35,0.00,0.00,0.00,0.00,0.00,0.00,26-Sep,27-Sep,28-Sep,29-Sep,30-Sep,1-Oct,2-Oct,26-Sep,27-Sep,28-Sep,29-Sep,30-Sep,1-Oct,2-Oct,6,7,0
Nagpur,Chandrapur,Chandrapur,Pombhurna,Pombhurna,7928270,Pomnbhurna Grid & 15 Villages RR Retrofitting,Mohadi,3272,1,0.00,0.00,0.00,0.41,0.00,0.00,0.00,0.00,0.00,0.00,12.53,0.00,0.00,0.00,26-Sep,27-Sep,28-Sep,29-Sep,30-Sep,1-Oct,2-Oct,26-Sep,27-Sep,28-Sep,29-Sep,30-Sep,1-Oct,2-Oct,6,7,0
Nagpur,Chandrapur,Chandrapur,Pombhurna,Pombhurna,7928270,Pomnbhurna Grid & 15 Villages RR Retrofitting,Jam Kh.,1480,2,0.00,0.00,0.00,0.00,0.00,0.00,0.00,0.00,0.00,0.00,0.00,0.00,0.00,0.00,26-Sep,27-Sep,28-Sep,29-Sep,30-Sep,1-Oct,2-Oct,26-Sep,27-Sep,28-Sep,29-Sep,30-Sep,1-Oct,2-Oct,7,7,0
Nagpur,Nagpur,Gondia,Sakoli,Sakoli-Lakhani,20022100,Sakoli Lakhani RR Retrofitting,Sivanibandh,1504,1,0.00,0.15,0.19,0.00,0.00,0.19,0.92,0.00,9.97,12.44,0.00,0.00,12.63,61.07,26-Sep,27-Sep,28-Sep,29-Sep,30-Sep,1-Oct,2-Oct,26-Sep,27-Sep,28-Sep,29-Sep,30-Sep,1-Oct,2-Oct,3,6,1
Nagpur,Chandrapur,Chandrapur,Pombhurna,Pombhurna,7928270,Pomnbhurna Grid & 15 Villages RR Retrofitting,Chak Kosambi - 1,724,1,0.00,0.00,0.00,0.00,0.00,0.00,0.00,0.00,0.00,0.00,0.00,0.00,0.00,0.00,26-Sep,27-Sep,28-Sep,29-Sep,30-Sep,1-Oct,2-Oct,26-Sep,27-Sep,28-Sep,29-Sep,30-Sep,1-Oct,2-Oct,7,7,0
Nagpur,Nagpur,Chandrapur,Mul,Mul,7890965,Mul Grid & 24 Villages  RR WSS Retrofitting,Marhegaon,824,1,0.00,0.00,0.00,0.00,1.21,0.00,0.04,0.03,0.02,0.00,0.05,146.37,0.18,4.64,26-Sep,27-Sep,28-Sep,29-Sep,30-Sep,1-Oct,2-Oct,26-Sep,27-Sep,28-Sep,29-Sep,30-Sep,1-Oct,2-Oct,1,6,1
Nagpur,Chandrapur,Chandrapur,Mul,Sindewahi,20039948,Pathari & 7 Village RR WSS,Saimara Tukam,639,1,0.00,0.00,0.15,0.00,0.20,0.27,0.46,0.00,0.00,23.47,0.00,31.30,42.25,71.99,26-Sep,27-Sep,28-Sep,29-Sep,30-Sep,1-Oct,2-Oct,26-Sep,27-Sep,28-Sep,29-Sep,30-Sep,1-Oct,2-Oct,3,6,1
Nagpur,Nagpur,Chandrapur,Wardha,Wardha,7891298,Pipri Meghe and 13 villages RR WSS,Masala,548,1,499.74,716.13,0.00,0.00,0.00,0.00,0.00,91193.43,130680.90,0.00,0.00,0.00,0.00,0.00,26-Sep,27-Sep,28-Sep,29-Sep,30-Sep,1-Oct,2-Oct,26-Sep,27-Sep,28-Sep,29-Sep,30-Sep,1-Oct,2-Oct,5,5,2
Nagpur,Nagpur,Nagpur,Chandrapur,Saoali,20036500,Vyahad & 2 Village RR WSS,Samada Kh,524,2,0.05,0.00,0.35,0.00,0.03,0.01,0.01,9.68,0.03,65.88,0.00,5.15,2.30,2.52,26-Sep,27-Sep,28-Sep,29-Sep,30-Sep,1-Oct,2-Oct,26-Sep,27-Sep,28-Sep,29-Sep,30-Sep,1-Oct,2-Oct,1,6,1
Nagpur,Chandrapur,Wardha,Wardha,Wardha,20010215,Sewagram & 5 Villages RRWSS,Bhugaon,2400,2,1.65,1.90,1.23,14.38,8.24,1.67,1.82,68.75,79.17,51.25,599.17,343.44,69.58,75.83,26-Sep,27-Sep,28-Sep,29-Sep,30-Sep,1-Oct,2-Oct,26-Sep,27-Sep,28-Sep,29-Sep,30-Sep,1-Oct,2-Oct,0,1,6
Nagpur,Nagpur,Chandrapur,Mul,Mul,7890965,Mul Grid & 24 Villages  RR WSS Retrofitting,Agadi,425,1,0.00,0.00,0.00,0.00,0.00,0.00,0.00,0.00,0.00,0.00,0.00,0.00,0.00,0.00,26-Sep,27-Sep,28-Sep,29-Sep,30-Sep,1-Oct,2-Oct,26-Sep,27-Sep,28-Sep,29-Sep,30-Sep,1-Oct,2-Oct,7,7,0
Nagpur,Chandrapur,Wardha,Wardha,Wardha,20010215,Sewagram & 5 Villages RRWSS,Chitoda,2400,2,1.10,0.94,0.48,1.43,1.48,0.91,1.32,45.83,39.17,20.00,59.58,61.87,37.92,55.00,26-Sep,27-Sep,28-Sep,29-Sep,30-Sep,1-Oct,2-Oct,26-Sep,27-Sep,28-Sep,29-Sep,30-Sep,1-Oct,2-Oct,0,4,2
Nagpur,Nagpur,Chandrapur,Chandrapur,Chimur,20036536,Bothali & 7 Village RR WSS,Malpiranji,469,1,0.00,0.00,0.00,0.00,0.00,0.00,0.00,0.00,0.00,0.00,0.00,0.00,0.00,0.00,26-Sep,27-Sep,28-Sep,29-Sep,30-Sep,1-Oct,2-Oct,26-Sep,27-Sep,28-Sep,29-Sep,30-Sep,1-Oct,2-Oct,7,7,0
Nagpur,Chandrapur,Wardha,Wardha,Hinganghat,20027837,Allipur & 6 Village RRWSS,Kanchangaon,1544,2,0.20,1.83,6.49,8.43,9.87,9.82,10.92,12.67,118.32,420.09,545.95,639.06,636.04,707.20,26-Sep,27-Sep,28-Sep,29-Sep,30-Sep,1-Oct,2-Oct,26-Sep,27-Sep,28-Sep,29-Sep,30-Sep,1-Oct,2-Oct,0,1,6
Nagpur,Nagpur,Chandrapur,Chandrapur,Chimur,20036536,Bothali & 7 Village RR WSS,Chichbodi,1436,1,0.00,0.00,0.00,0.00,0.00,0.00,0.00,0.00,0.00,0.00,0.00,0.00,0.00,0.00,26-Sep,27-Sep,28-Sep,29-Sep,30-Sep,1-Oct,2-Oct,26-Sep,27-Sep,28-Sep,29-Sep,30-Sep,1-Oct,2-Oct,7,7,0
Nagpur,Nagpur,Gondia,Bhandara,Tumsar,631010,Gobarwahi RR Retrofitting,Deonara,648,1,0.00,0.00,0.00,0.00,0.00,0.00,0.00,0.00,0.00,0.00,0.00,0.00,0.00,0.00,26-Sep,27-Sep,28-Sep,29-Sep,30-Sep,1-Oct,2-Oct,26-Sep,27-Sep,28-Sep,29-Sep,30-Sep,1-Oct,2-Oct,7,7,0
Nagpur,Nagpur,Gondia,Gondia,Gondia,2003645,Kudwa-Katangikala Peri Urban RR,Katangikala,6640,2,2.96,1.52,1.69,2.89,2.86,2.89,2.88,44.58,22.89,25.45,43.52,43.07,43.52,43.37,26-Sep,27-Sep,28-Sep,29-Sep,30-Sep,1-Oct,2-Oct,26-Sep,27-Sep,28-Sep,29-Sep,30-Sep,1-Oct,2-Oct,0,7,0
Nagpur,Nagpur,Chandrapur,Mul,Mul,7890965,Mul Grid & 24 Villages  RR WSS Retrofitting,Karwan,470,1,0.46,0.33,0.00,0.00,0.00,0.00,0.00,97.37,70.56,0.00,0.00,0.00,0.00,0.00,26-Sep,27-Sep,28-Sep,29-Sep,30-Sep,1-Oct,2-Oct,26-Sep,27-Sep,28-Sep,29-Sep,30-Sep,1-Oct,2-Oct,5,5,2
Nagpur,Nagpur,Gondia,Bhandara,Tumsar,631010,Gobarwahi RR Retrofitting,Chikhali,1541,1,0.00,0.00,0.00,0.00,0.00,0.00,0.00,0.00,0.00,0.00,0.00,0.00,0.00,0.00,26-Sep,27-Sep,28-Sep,29-Sep,30-Sep,1-Oct,2-Oct,26-Sep,27-Sep,28-Sep,29-Sep,30-Sep,1-Oct,2-Oct,7,7,0
Nagpur,Nagpur,Gondia,Sakoli,Sakoli-Lakhani,20022100,Sakoli Lakhani RR Retrofitting,Khandala,1847,1,0.00,0.36,0.18,0.00,0.59,0.94,0.72,0.00,19.49,9.75,0.00,31.94,50.89,38.98,26-Sep,27-Sep,28-Sep,29-Sep,30-Sep,1-Oct,2-Oct,26-Sep,27-Sep,28-Sep,29-Sep,30-Sep,1-Oct,2-Oct,2,7,0
Nagpur,Chandrapur,Chandrapur,Pombhurna,Pombhurna,7928270,Pomnbhurna Grid & 15 Villages RR Retrofitting,Selur Nagreddi,568,1,0.00,3.52,3.52,2.83,2.89,0.00,0.00,0.00,619.72,619.72,498.24,508.80,0.00,0.00,26-Sep,27-Sep,28-Sep,29-Sep,30-Sep,1-Oct,2-Oct,26-Sep,27-Sep,28-Sep,29-Sep,30-Sep,1-Oct,2-Oct,3,3,4
Nagpur,Chandrapur,Chandrapur,Ballarpur,Ballarpur,7890972,Ballarpur Grid 18 villages RR WSS Retrofitting,Nandgaon Pode,3740,2,1.14,1.23,1.39,1.30,1.23,1.30,1.02,30.48,32.89,37.17,34.76,32.89,34.76,27.27,26-Sep,27-Sep,28-Sep,29-Sep,30-Sep,1-Oct,2-Oct,26-Sep,27-Sep,28-Sep,29-Sep,30-Sep,1-Oct,2-Oct,0,7,0
Nagpur,Nagpur,Gondia,Sadak Arjuni,Sadak Arjuni,20016939,Putali RR WSS Retrofitting,Mohgata,189,1,0.00,0.00,0.00,0.00,0.00,0.00,0.00,0.00,0.00,0.00,0.00,0.00,0.00,0.00,26-Sep,27-Sep,28-Sep,29-Sep,30-Sep,1-Oct,2-Oct,26-Sep,27-Sep,28-Sep,29-Sep,30-Sep,1-Oct,2-Oct,7,7,0
Nagpur,Chandrapur,Chandrapur,Chandrapur,Chandrapur,20050368,Chinchala and 7 Villages RR Water Supply Scheme,Nagala,1356,2,0.00,0.00,0.00,0.00,0.00,0.00,0.00,0.00,0.00,0.00,0.00,0.00,0.00,0.00,26-Sep,27-Sep,28-Sep,29-Sep,30-Sep,1-Oct,2-Oct,26-Sep,27-Sep,28-Sep,29-Sep,30-Sep,1-Oct,2-Oct,7,7,0
Nagpur,Nagpur,Gondia,Sakoli,Sakoli-Lakhani,20022100,Sakoli Lakhani RR Retrofitting,Lakhori,2751,1,1.49,0.00,0.00,0.00,0.00,0.00,0.00,54.16,0.00,0.00,0.00,0.00,0.00,0.00,26-Sep,27-Sep,28-Sep,29-Sep,30-Sep,1-Oct,2-Oct,26-Sep,27-Sep,28-Sep,29-Sep,30-Sep,1-Oct,2-Oct,6,7,0
Nagpur,Nagpur,Chandrapur,Chandrapur,Chimur,20036536,Bothali & 7 Village RR WSS,Rajoli Fall,824,1,0.00,0.00,0.04,0.00,0.15,0.07,0.20,0.00,0.00,5.44,0.00,18.59,8.61,23.91,26-Sep,27-Sep,28-Sep,29-Sep,30-Sep,1-Oct,2-Oct,26-Sep,27-Sep,28-Sep,29-Sep,30-Sep,1-Oct,2-Oct,3,7,0
Nagpur,Nagpur,Chandrapur,Mul,Mul,7890965,Mul Grid & 24 Villages  RR WSS Retrofitting,Kosambi,873,1,0.05,0.02,0.03,0.00,0.00,0.03,0.03,5.99,2.34,3.55,0.00,0.00,3.55,3.80,26-Sep,27-Sep,28-Sep,29-Sep,30-Sep,1-Oct,2-Oct,26-Sep,27-Sep,28-Sep,29-Sep,30-Sep,1-Oct,2-Oct,2,7,0
Nagpur,Nagpur,Chandrapur,Mul,Mul,7890965,Mul Grid & 24 Villages  RR WSS Retrofitting,Churul Tukum,402,1,3.35,0.00,0.00,0.00,0.04,0.00,0.04,832.74,0.00,0.00,0.00,10.60,0.00,10.71,26-Sep,27-Sep,28-Sep,29-Sep,30-Sep,1-Oct,2-Oct,26-Sep,27-Sep,28-Sep,29-Sep,30-Sep,1-Oct,2-Oct,4,6,1
Nagpur,Nagpur,Gondia,Bhandara,Tumsar,631010,Gobarwahi RR Retrofitting,Paunarkhari,2526,1,0.31,0.58,0.88,0.40,0.93,0.33,0.77,12.27,22.96,34.84,15.84,36.82,13.06,30.48,26-Sep,27-Sep,28-Sep,29-Sep,30-Sep,1-Oct,2-Oct,26-Sep,27-Sep,28-Sep,29-Sep,30-Sep,1-Oct,2-Oct,0,7,0
Nagpur,Nagpur,Chandrapur,Mul,Mul,7890965,Mul Grid & 24 Villages  RR WSS Retrofitting,Tolewahi,542,1,0.00,0.00,0.00,0.00,0.00,0.00,0.00,0.00,0.00,0.00,0.00,0.00,0.00,0.00,26-Sep,27-Sep,28-Sep,29-Sep,30-Sep,1-Oct,2-Oct,26-Sep,27-Sep,28-Sep,29-Sep,30-Sep,1-Oct,2-Oct,7,7,0
Nagpur,Nagpur,Gondia,Sadak Arjuni,Sadak Arjuni,20016939,Putali RR WSS Retrofitting,Rengepar,1581,1,0.00,0.13,0.00,0.00,0.00,0.00,0.00,0.00,8.22,0.00,0.00,0.00,0.00,0.00,26-Sep,27-Sep,28-Sep,29-Sep,30-Sep,1-Oct,2-Oct,26-Sep,27-Sep,28-Sep,29-Sep,30-Sep,1-Oct,2-Oct,6,7,0
Nagpur,Nagpur,Chandrapur,Wardha,Wardha,7891298,Pipri Meghe and 13 villages RR WSS,Sindhi Meghe,29844,3,0.00,0.00,0.00,0.00,0.47,0.00,0.00,0.00,0.00,0.00,0.00,1.57,0.00,0.00,26-Sep,27-Sep,28-Sep,29-Sep,30-Sep,1-Oct,2-Oct,26-Sep,27-Sep,28-Sep,29-Sep,30-Sep,1-Oct,2-Oct,6,7,0
Nagpur,Nagpur,Gondia,Deori,Deori,20017028,Chichgad Palandur RR Retrofitting,Palandur,2216,1,0.00,0.00,0.00,0.00,0.00,0.00,0.00,0.00,0.00,0.00,0.00,0.00,0.00,0.00,26-Sep,27-Sep,28-Sep,29-Sep,30-Sep,1-Oct,2-Oct,26-Sep,27-Sep,28-Sep,29-Sep,30-Sep,1-Oct,2-Oct,7,7,0
Nagpur,Chandrapur,Wardha,Wardha,Wardha,20010215,Sewagram & 5 Villages RRWSS,Selakate,3000,1,0.00,0.01,0.01,0.00,0.00,0.01,0.01,0.00,0.33,0.33,0.00,0.00,0.33,0.33,26-Sep,27-Sep,28-Sep,29-Sep,30-Sep,1-Oct,2-Oct,26-Sep,27-Sep,28-Sep,29-Sep,30-Sep,1-Oct,2-Oct,3,7,0
Nagpur,Nagpur,Chandrapur,Wardha,Wardha,7891298,Pipri Meghe and 13 villages RR WSS,Pipari Meghe,27164,1,108.26,16.60,75.10,137.55,84.37,53.00,2.56,398.54,61.09,276.48,506.38,310.58,195.09,9.42,26-Sep,27-Sep,28-Sep,29-Sep,30-Sep,1-Oct,2-Oct,26-Sep,27-Sep,28-Sep,29-Sep,30-Sep,1-Oct,2-Oct,0,1,6
Nagpur,Nagpur,Gondia,Bhandara,Tumsar,631010,Gobarwahi RR Retrofitting,Alesur,2400,2,0.00,0.00,0.00,0.00,0.00,0.00,0.00,0.00,0.00,0.00,0.00,0.00,0.00,0.00,26-Sep,27-Sep,28-Sep,29-Sep,30-Sep,1-Oct,2-Oct,26-Sep,27-Sep,28-Sep,29-Sep,30-Sep,1-Oct,2-Oct,7,7,0
Nagpur,Nagpur,Nagpur,Nagpur,Hingna,20009650,Waddhmna WSS,Waddhmna,5904,6,0.57,0.82,2.20,1.93,2.13,1.91,2.38,9.65,13.89,37.26,32.69,36.08,32.35,40.31,26-Sep,27-Sep,28-Sep,29-Sep,30-Sep,1-Oct,2-Oct,26-Sep,27-Sep,28-Sep,29-Sep,30-Sep,1-Oct,2-Oct,0,7,0
Nagpur,Nagpur,Nagpur,Nagpur,Kamptee,7940695,Bidgaon Tarodi wss,Bidgaon,16860,2,16.77,16.85,16.13,15.39,7.43,12.79,14.38,99.44,99.92,95.67,91.29,44.05,75.87,85.31,26-Sep,27-Sep,28-Sep,29-Sep,30-Sep,1-Oct,2-Oct,26-Sep,27-Sep,28-Sep,29-Sep,30-Sep,1-Oct,2-Oct,0,1,6
Nagpur,Nagpur,Chandrapur,Chandrapur,Mul,20036862,Bor Chandli 5 Village RR WSS,Sintala,1092,1,0.00,0.00,0.00,0.00,0.00,0.00,0.00,0.00,0.00,0.00,0.00,0.00,0.00,0.00,26-Sep,27-Sep,28-Sep,29-Sep,30-Sep,1-Oct,2-Oct,26-Sep,27-Sep,28-Sep,29-Sep,30-Sep,1-Oct,2-Oct,7,7,0
Nagpur,Nagpur,Chandrapur,Mul,Mul,7890965,Mul Grid & 24 Villages  RR WSS Retrofitting,Morwahi Mal,593,1,0.00,0.00,0.00,0.00,0.00,0.00,0.00,0.00,0.00,0.00,0.00,0.00,0.00,0.00,26-Sep,27-Sep,28-Sep,29-Sep,30-Sep,1-Oct,2-Oct,26-Sep,27-Sep,28-Sep,29-Sep,30-Sep,1-Oct,2-Oct,7,7,0
Nagpur,Nagpur,Chandrapur,Wardha,Wardha,7891298,Pipri Meghe and 13 villages RR WSS,Nalwadi,13540,2,0.00,4.67,7.72,0.00,0.00,8.42,9.99,0.00,34.49,57.03,0.00,0.00,62.15,73.79,26-Sep,27-Sep,28-Sep,29-Sep,30-Sep,1-Oct,2-Oct,26-Sep,27-Sep,28-Sep,29-Sep,30-Sep,1-Oct,2-Oct,3,4,3
Nagpur,Chandrapur,Chandrapur,Gadchiroli,Korpana,20050391,Nimani & 5 Villages RR Water Supply Scheme,Hirapur,1067,1,0.00,0.00,0.00,0.00,0.00,0.00,0.00,0.00,0.00,0.00,0.00,0.00,0.00,0.00,26-Sep,27-Sep,28-Sep,29-Sep,30-Sep,1-Oct,2-Oct,26-Sep,27-Sep,28-Sep,29-Sep,30-Sep,1-Oct,2-Oct,7,7,0
Nagpur,Nagpur,Gondia,Bhandara,Tumsar,20017217,Dewadi RR WSS,Mangli,1558,1,0.12,0.46,0.09,0.25,0.27,0.51,0.53,7.95,29.66,6.07,16.16,17.45,32.77,33.74,26-Sep,27-Sep,28-Sep,29-Sep,30-Sep,1-Oct,2-Oct,26-Sep,27-Sep,28-Sep,29-Sep,30-Sep,1-Oct,2-Oct,0,7,0
Nagpur,Chandrapur,Chandrapur,Ballarpur,Ballarpur,7890972,Ballarpur Grid 18 villages RR WSS Retrofitting,Kem Tukam,231,1,0.00,0.09,0.00,0.00,0.00,0.00,0.00,0.00,38.96,0.00,0.00,0.00,0.00,0.00,26-Sep,27-Sep,28-Sep,29-Sep,30-Sep,1-Oct,2-Oct,26-Sep,27-Sep,28-Sep,29-Sep,30-Sep,1-Oct,2-Oct,6,7,0
Nagpur,Nagpur,Chandrapur,Gadchiroli,Chamorshi,2009882,Ghot RRWSS,Ghot,8436,2,0.00,0.00,0.00,0.00,0.00,0.00,0.00,0.00,0.00,0.00,0.00,0.00,0.00,0.00,26-Sep,27-Sep,28-Sep,29-Sep,30-Sep,1-Oct,2-Oct,26-Sep,27-Sep,28-Sep,29-Sep,30-Sep,1-Oct,2-Oct,7,7,0
Nagpur,Nagpur,Nagpur,Nagpur,Kamptee,7940695,Bidgaon Tarodi wss,Tarodi Kh.,7830,2,0.17,0.24,0.27,0.21,0.24,0.21,0.16,2.18,3.04,3.44,2.63,3.01,2.66,2.09,26-Sep,27-Sep,28-Sep,29-Sep,30-Sep,1-Oct,2-Oct,26-Sep,27-Sep,28-Sep,29-Sep,30-Sep,1-Oct,2-Oct,0,7,0
Nagpur,Nagpur,Gondia,Sakoli,Sakoli-Lakhani,20022100,Sakoli Lakhani RR Retrofitting,Jambhai,1844,1,0.81,0.00,0.00,0.00,2.54,2.47,0.00,43.93,0.00,0.00,0.00,137.74,133.95,0.00,26-Sep,27-Sep,28-Sep,29-Sep,30-Sep,1-Oct,2-Oct,26-Sep,27-Sep,28-Sep,29-Sep,30-Sep,1-Oct,2-Oct,4,5,2
Nagpur,Nagpur,Chandrapur,Mul,Mul,7890965,Mul Grid & 24 Villages  RR WSS Retrofitting,Rajgad,1638,1,0.77,0.54,1.01,1.27,1.29,0.86,0.64,46.71,33.13,61.74,77.76,78.53,52.73,39.30,26-Sep,27-Sep,28-Sep,29-Sep,30-Sep,1-Oct,2-Oct,26-Sep,27-Sep,28-Sep,29-Sep,30-Sep,1-Oct,2-Oct,0,4,3
Nagpur,Chandrapur,Chandrapur,Gadchiroli,Korpana,20050391,Nimani & 5 Villages RR Water Supply Scheme,Kawathala,2098,2,0.00,0.00,0.00,0.00,0.00,0.00,0.00,0.00,0.00,0.00,0.00,0.00,0.00,0.00,26-Sep,27-Sep,28-Sep,29-Sep,30-Sep,1-Oct,2-Oct,26-Sep,27-Sep,28-Sep,29-Sep,30-Sep,1-Oct,2-Oct,7,7,0
Nagpur,Chandrapur,Chandrapur,Gadchiroli,Korpana,20050391,Nimani & 5 Villages RR Water Supply Scheme,Bhkhardi,1950,1,0.00,0.00,0.00,0.00,0.00,0.00,0.00,0.00,0.00,0.00,0.00,0.00,0.00,0.00,26-Sep,27-Sep,28-Sep,29-Sep,30-Sep,1-Oct,2-Oct,26-Sep,27-Sep,28-Sep,29-Sep,30-Sep,1-Oct,2-Oct,7,7,0
Nagpur,Nagpur,Gondia,Gondia,Goregaon,20019216,GOREGAON RR Retrofitting,Katangi,2643,1,0.03,0.10,0.05,0.01,0.13,0.04,0.00,1.08,3.63,1.79,0.40,4.73,1.37,0.00,26-Sep,27-Sep,28-Sep,29-Sep,30-Sep,1-Oct,2-Oct,26-Sep,27-Sep,28-Sep,29-Sep,30-Sep,1-Oct,2-Oct,1,7,0
Nagpur,Chandrapur,Chandrapur,Chandrapur,Chandrapur,20050368,Chinchala and 7 Villages RR Water Supply Scheme,Pipari,888,2,0.00,0.00,0.00,0.00,0.00,0.00,0.00,0.00,0.00,0.00,0.00,0.00,0.00,0.00,26-Sep,27-Sep,28-Sep,29-Sep,30-Sep,1-Oct,2-Oct,26-Sep,27-Sep,28-Sep,29-Sep,30-Sep,1-Oct,2-Oct,7,7,0
Nagpur,Chandrapur,Chandrapur,Gadchiroli,Korpana,20050391,Nimani & 5 Villages RR Water Supply Scheme,Nandgaon,,2,0.00,0.00,0.00,0.00,0.00,0.00,0.00,0.00,0.00,0.00,0.00,0.00,0.00,0.00,26-Sep,27-Sep,28-Sep,29-Sep,30-Sep,1-Oct,2-Oct,26-Sep,27-Sep,28-Sep,29-Sep,30-Sep,1-Oct,2-Oct,7,7,0
Nagpur,Chandrapur,Wardha,Wardha,Wardha,20010215,Sewagram & 5 Villages RRWSS,Sewagram (Zone 2),6792,1,1.91,1.34,1.38,1.06,0.40,1.70,0.36,28.12,19.73,20.32,15.61,5.89,25.03,5.30,26-Sep,27-Sep,28-Sep,29-Sep,30-Sep,1-Oct,2-Oct,26-Sep,27-Sep,28-Sep,29-Sep,30-Sep,1-Oct,2-Oct,0,7,0
Nagpur,Nagpur,Chandrapur,Wardha,Wardha,7891298,Pipri Meghe and 13 villages RR WSS,Alodi,9328,2,7.31,3.29,7.18,4.72,0.00,0.22,4.22,78.38,35.31,77.00,50.64,0.00,2.34,45.25,26-Sep,27-Sep,28-Sep,29-Sep,30-Sep,1-Oct,2-Oct,26-Sep,27-Sep,28-Sep,29-Sep,30-Sep,1-Oct,2-Oct,1,5,2
Nagpur,Chandrapur,Chandrapur,Pombhurna,Pombhurna,7928270,Pomnbhurna Grid & 15 Villages RR Retrofitting,Borda Dixit,1008,1,0.39,0.00,0.00,0.00,0.00,0.00,0.00,38.31,0.09,0.00,0.00,0.00,0.00,0.00,26-Sep,27-Sep,28-Sep,29-Sep,30-Sep,1-Oct,2-Oct,26-Sep,27-Sep,28-Sep,29-Sep,30-Sep,1-Oct,2-Oct,5,7,0
Nagpur,Nagpur,Gondia,Bhandara,Tumsar,20017217,Dewadi RR WSS,Dhorwada,1144,1,0.37,0.43,0.10,0.00,0.41,0.42,0.42,32.40,37.32,8.88,0.00,36.10,36.85,37.05,26-Sep,27-Sep,28-Sep,29-Sep,30-Sep,1-Oct,2-Oct,26-Sep,27-Sep,28-Sep,29-Sep,30-Sep,1-Oct,2-Oct,1,7,0
Nagpur,Chandrapur,Chandrapur,Gadchiroli,Aheri,7890975,Allapalli-Nagapalli RR,Nagepalli,4334,1,0.00,0.00,0.00,0.00,0.00,0.00,0.00,0.00,0.00,0.00,0.00,0.00,0.00,0.00,26-Sep,27-Sep,28-Sep,29-Sep,30-Sep,1-Oct,2-Oct,26-Sep,27-Sep,28-Sep,29-Sep,30-Sep,1-Oct,2-Oct,7,7,0
Nagpur,Nagpur,Gondia,Bhandara,Tumsar,631010,Gobarwahi RR Retrofitting,Pitesur,1994,1,0.00,0.00,0.00,0.00,0.00,0.00,0.00,0.00,0.00,0.00,0.00,0.00,0.00,0.00,26-Sep,27-Sep,28-Sep,29-Sep,30-Sep,1-Oct,2-Oct,26-Sep,27-Sep,28-Sep,29-Sep,30-Sep,1-Oct,2-Oct,7,7,0
Nagpur,Nagpur,Gondia,Gondia,Goregaon,20019216,GOREGAON RR Retrofitting,Ghoti,3931,1,0.00,0.00,0.00,0.00,0.00,0.00,0.00,0.00,0.00,0.00,0.00,0.00,0.00,0.00,26-Sep,27-Sep,28-Sep,29-Sep,30-Sep,1-Oct,2-Oct,26-Sep,27-Sep,28-Sep,29-Sep,30-Sep,1-Oct,2-Oct,7,7,0
Nagpur,Nagpur,Gondia,Sakoli,Sakoli-Lakhani,20022100,Sakoli Lakhani RR Retrofitting,Rengepar,1581,1,1.05,1.02,0.93,1.05,1.08,1.00,1.01,66.41,64.52,58.82,66.41,68.31,63.25,63.88,26-Sep,27-Sep,28-Sep,29-Sep,30-Sep,1-Oct,2-Oct,26-Sep,27-Sep,28-Sep,29-Sep,30-Sep,1-Oct,2-Oct,0,0,7
Nagpur,Chandrapur,Chandrapur,Chandrapur,Chandrapur,20050368,Chinchala and 7 Villages RR Water Supply Scheme,Dhanora,1564,3,0.00,0.79,2.28,0.00,0.00,0.44,1.90,0.00,50.51,145.78,0.00,0.00,28.13,121.48,26-Sep,27-Sep,28-Sep,29-Sep,30-Sep,1-Oct,2-Oct,26-Sep,27-Sep,28-Sep,29-Sep,30-Sep,1-Oct,2-Oct,3,5,2
Nagpur,Chandrapur,Chandrapur,Pombhurna,Pombhurna,7928270,Pomnbhurna Grid & 15 Villages RR Retrofitting,Chak Navegaon,440,1,0.00,0.00,0.00,0.00,0.00,0.00,0.00,0.00,0.00,0.00,0.00,0.00,0.00,0.00,26-Sep,27-Sep,28-Sep,29-Sep,30-Sep,1-Oct,2-Oct,26-Sep,27-Sep,28-Sep,29-Sep,30-Sep,1-Oct,2-Oct,7,7,0
Nagpur,Chandrapur,Chandrapur,Pombhurna,Pombhurna,7928270,Pomnbhurna Grid & 15 Villages RR Retrofitting,Chek Thane Wasna,1700,1,0.07,0.16,0.26,0.00,0.46,0.57,0.55,3.86,9.43,15.44,0.01,27.17,33.32,32.41,26-Sep,27-Sep,28-Sep,29-Sep,30-Sep,1-Oct,2-Oct,26-Sep,27-Sep,28-Sep,29-Sep,30-Sep,1-Oct,2-Oct,0,7,0
Nagpur,Nagpur,Chandrapur,Chandrapur,Chimur,20036536,Bothali & 7 Village RR WSS,Rajoli Chak,377,1,0.00,0.00,0.00,0.00,0.00,0.00,0.00,0.00,0.00,0.00,0.00,0.00,0.00,0.00,26-Sep,27-Sep,28-Sep,29-Sep,30-Sep,1-Oct,2-Oct,26-Sep,27-Sep,28-Sep,29-Sep,30-Sep,1-Oct,2-Oct,7,7,0
Nagpur,Nagpur,Gondia,Deori,Deori,20017028,Chichgad Palandur RR Retrofitting,Tekri Magardoh Balapur,1800,1,0.00,0.00,0.00,0.00,0.00,0.00,0.00,0.00,0.00,0.00,0.00,0.00,0.00,0.00,26-Sep,27-Sep,28-Sep,29-Sep,30-Sep,1-Oct,2-Oct,26-Sep,27-Sep,28-Sep,29-Sep,30-Sep,1-Oct,2-Oct,7,7,0
Nagpur,Nagpur,Chandrapur,Mul,Mul,7890965,Mul Grid & 24 Villages  RR WSS Retrofitting,Manda Tukum,228,1,0.00,0.00,0.00,0.00,0.00,0.00,0.00,0.00,0.00,0.00,0.00,0.00,0.00,0.00,26-Sep,27-Sep,28-Sep,29-Sep,30-Sep,1-Oct,2-Oct,26-Sep,27-Sep,28-Sep,29-Sep,30-Sep,1-Oct,2-Oct,7,7,0
Nagpur,Nagpur,Gondia,Gondia,Goregaon,20019216,GOREGAON RR Retrofitting,Bhadanga,4016,1,1.14,0.80,0.35,0.61,0.13,1.16,1.33,28.48,19.85,8.68,15.25,3.24,28.96,33.19,26-Sep,27-Sep,28-Sep,29-Sep,30-Sep,1-Oct,2-Oct,26-Sep,27-Sep,28-Sep,29-Sep,30-Sep,1-Oct,2-Oct,0,7,0
Nagpur,Nagpur,Gondia,Bhandara,Tumsar,631010,Gobarwahi RR Retrofitting,Dongri Bk.,5014,1,0.00,0.00,0.00,0.00,0.00,0.51,0.17,0.00,0.00,0.00,0.00,0.00,10.15,3.44,26-Sep,27-Sep,28-Sep,29-Sep,30-Sep,1-Oct,2-Oct,26-Sep,27-Sep,28-Sep,29-Sep,30-Sep,1-Oct,2-Oct,5,7,0
Nagpur,Chandrapur,Chandrapur,Pombhurna,Pombhurna,7928270,Pomnbhurna Grid & 15 Villages RR Retrofitting,Welwa,1548,2,0.00,0.00,0.00,0.00,0.00,0.00,0.00,0.00,0.00,0.00,0.00,0.00,0.00,0.00,26-Sep,27-Sep,28-Sep,29-Sep,30-Sep,1-Oct,2-Oct,26-Sep,27-Sep,28-Sep,29-Sep,30-Sep,1-Oct,2-Oct,7,7,0
Nagpur,Nagpur,Gondia,Sakoli,Sakoli-Lakhani,20022100,Sakoli Lakhani RR Retrofitting,Pindkepar,1388,1,0.00,0.00,1.74,0.00,2.23,1.63,0.00,0.00,0.00,125.36,0.00,160.66,117.44,0.00,26-Sep,27-Sep,28-Sep,29-Sep,30-Sep,1-Oct,2-Oct,26-Sep,27-Sep,28-Sep,29-Sep,30-Sep,1-Oct,2-Oct,4,4,3
Nagpur,Chandrapur,Chandrapur,Ballarpur,Ballarpur,7890972,Ballarpur Grid 18 villages RR WSS Retrofitting,Chunabhati,1346,2,11.16,19.00,3.01,4.26,4.90,5.03,4.24,829.12,1411.55,223.63,316.49,364.04,373.70,315.01,26-Sep,27-Sep,28-Sep,29-Sep,30-Sep,1-Oct,2-Oct,26-Sep,27-Sep,28-Sep,29-Sep,30-Sep,1-Oct,2-Oct,0,0,7
Nagpur,Nagpur,Chandrapur,Mul,Mul,7890965,Mul Grid & 24 Villages  RR WSS Retrofitting,Chak Chikhli No.1,253,1,0.00,0.00,0.00,0.00,0.00,0.00,0.00,0.00,0.00,0.00,0.00,0.00,0.00,0.00,26-Sep,27-Sep,28-Sep,29-Sep,30-Sep,1-Oct,2-Oct,26-Sep,27-Sep,28-Sep,29-Sep,30-Sep,1-Oct,2-Oct,7,7,0
Nagpur,Nagpur,Chandrapur,Mul,Mul,7890965,Mul Grid & 24 Villages  RR WSS Retrofitting,Chimadha,1589,1,0.00,0.00,0.00,0.00,0.00,0.00,0.00,0.00,0.00,0.00,0.00,0.00,0.00,0.00,26-Sep,27-Sep,28-Sep,29-Sep,30-Sep,1-Oct,2-Oct,26-Sep,27-Sep,28-Sep,29-Sep,30-Sep,1-Oct,2-Oct,7,7,0
Nagpur,Nagpur,Chandrapur,Mul,Mul,7890965,Mul Grid & 24 Villages  RR WSS Retrofitting,Bhawarala,1032,1,0.52,0.00,0.00,0.00,0.11,0.54,0.00,50.33,0.00,0.03,0.00,10.72,52.06,0.00,26-Sep,27-Sep,28-Sep,29-Sep,30-Sep,1-Oct,2-Oct,26-Sep,27-Sep,28-Sep,29-Sep,30-Sep,1-Oct,2-Oct,3,7,0
Nagpur,Nagpur,Gondia,Bhandara,Tumsar,631010,Gobarwahi RR Retrofitting,Pawnara,1187,1,0.00,0.00,0.00,0.00,0.00,0.00,0.00,0.00,0.00,0.00,0.00,0.00,0.00,0.00,26-Sep,27-Sep,28-Sep,29-Sep,30-Sep,1-Oct,2-Oct,26-Sep,27-Sep,28-Sep,29-Sep,30-Sep,1-Oct,2-Oct,7,7,0
Nagpur,Nagpur,Nagpur,Chandrapur,Saoali,20036500,Vyahad & 2 Village RR WSS,Vyahad(BK),4572,1,0.00,0.00,0.00,0.00,0.00,0.00,0.00,0.00,0.00,0.00,0.00,0.00,0.00,0.00,26-Sep,27-Sep,28-Sep,29-Sep,30-Sep,1-Oct,2-Oct,26-Sep,27-Sep,28-Sep,29-Sep,30-Sep,1-Oct,2-Oct,7,7,0
Nagpur,Nagpur,Gondia,Gondia,Goregaon,20019216,GOREGAON RR Retrofitting,Mengatola,1000,1,0.00,0.00,0.00,0.04,0.04,0.04,0.06,0.00,0.00,0.00,4.27,4.12,4.12,6.45,26-Sep,27-Sep,28-Sep,29-Sep,30-Sep,1-Oct,2-Oct,26-Sep,27-Sep,28-Sep,29-Sep,30-Sep,1-Oct,2-Oct,3,7,0
Nagpur,Nagpur,Gondia,Sadak Arjuni,Sadak Arjuni,20016939,Putali RR WSS Retrofitting,Kohalipar,126,1,0.00,0.00,0.00,0.00,0.00,0.00,0.00,0.00,0.00,0.00,0.00,0.00,0.00,0.00,26-Sep,27-Sep,28-Sep,29-Sep,30-Sep,1-Oct,2-Oct,26-Sep,27-Sep,28-Sep,29-Sep,30-Sep,1-Oct,2-Oct,7,7,0
Nagpur,Chandrapur,Chandrapur,Gadchiroli,Korpana,20050391,Nimani & 5 Villages RR Water Supply Scheme,Talodhi,1180,2,0.00,0.00,0.00,0.00,0.00,0.00,0.00,0.00,0.00,0.00,0.00,0.00,0.00,0.00,26-Sep,27-Sep,28-Sep,29-Sep,30-Sep,1-Oct,2-Oct,26-Sep,27-Sep,28-Sep,29-Sep,30-Sep,1-Oct,2-Oct,7,7,0
Nagpur,Chandrapur,Chandrapur,Pombhurna,Pombhurna,7928270,Pomnbhurna Grid & 15 Villages RR Retrofitting,Rampur Dixit,680,1,0.00,0.00,0.00,0.00,0.00,0.00,0.00,0.00,0.00,0.00,0.00,0.00,0.00,0.00,26-Sep,27-Sep,28-Sep,29-Sep,30-Sep,1-Oct,2-Oct,26-Sep,27-Sep,28-Sep,29-Sep,30-Sep,1-Oct,2-Oct,7,7,0
Nagpur,Nagpur,Gondia,Gondia,Gondia,2003645,Kudwa-Katangikala Peri Urban RR,Kudwa,20000,3,0.00,0.00,0.00,0.00,0.00,0.00,0.00,0.00,0.00,0.00,0.00,0.00,0.00,0.00,26-Sep,27-Sep,28-Sep,29-Sep,30-Sep,1-Oct,2-Oct,26-Sep,27-Sep,28-Sep,29-Sep,30-Sep,1-Oct,2-Oct,7,7,0
Nagpur,Nagpur,Chandrapur,Mul,Mul,7890965,Mul Grid & 24 Villages  RR WSS Retrofitting,Chichala (Mo),3322,1,0.12,0.00,0.00,0.00,0.00,0.00,0.00,3.67,0.00,0.00,0.00,0.00,0.00,0.00,26-Sep,27-Sep,28-Sep,29-Sep,30-Sep,1-Oct,2-Oct,26-Sep,27-Sep,28-Sep,29-Sep,30-Sep,1-Oct,2-Oct,6,7,0
Nagpur,Chandrapur,Wardha,Wardha,Hinganghat,20027837,Allipur & 6 Village RRWSS,Pavni,168,2,11.02,5.58,5.64,0.01,4.75,15.42,8.43,6558.48,3320.48,3356.68,3.64,2827.38,9175.72,5020.04,26-Sep,27-Sep,28-Sep,29-Sep,30-Sep,1-Oct,2-Oct,26-Sep,27-Sep,28-Sep,29-Sep,30-Sep,1-Oct,2-Oct,0,1,6
Nagpur,Nagpur,Chandrapur,Mul,Mul,7890965,Mul Grid & 24 Villages  RR WSS Retrofitting,Fiskuti,2415,2,0.00,0.00,0.00,0.00,0.00,0.00,0.00,0.00,0.00,0.00,0.00,0.00,0.00,0.00,26-Sep,27-Sep,28-Sep,29-Sep,30-Sep,1-Oct,2-Oct,26-Sep,27-Sep,28-Sep,29-Sep,30-Sep,1-Oct,2-Oct,7,7,0
Nagpur,Nagpur,Gondia,Sakoli,Sakoli-Lakhani,20022100,Sakoli Lakhani RR Retrofitting,Pimpalgaon,,1,0.00,0.00,0.00,0.00,0.00,0.00,0.00,0.00,0.00,0.00,0.00,0.00,0.00,0.00,26-Sep,27-Sep,28-Sep,29-Sep,30-Sep,1-Oct,2-Oct,26-Sep,27-Sep,28-Sep,29-Sep,30-Sep,1-Oct,2-Oct,7,7,0
Nagpur,Nagpur,Chandrapur,Mul,Mul,7890965,Mul Grid & 24 Villages  RR WSS Retrofitting,Maroda,4360,1,0.00,0.00,0.00,0.00,0.00,0.00,0.00,0.00,0.00,0.00,0.00,0.00,0.00,0.00,26-Sep,27-Sep,28-Sep,29-Sep,30-Sep,1-Oct,2-Oct,26-Sep,27-Sep,28-Sep,29-Sep,30-Sep,1-Oct,2-Oct,7,7,0
Nagpur,Chandrapur,Wardha,Wardha,Hinganghat,20027837,Allipur & 6 Village RRWSS,Mansaoli,1044,2,1.05,0.81,1.36,2.13,1.21,1.18,1.19,100.57,77.59,130.27,204.02,115.90,113.03,113.98,26-Sep,27-Sep,28-Sep,29-Sep,30-Sep,1-Oct,2-Oct,26-Sep,27-Sep,28-Sep,29-Sep,30-Sep,1-Oct,2-Oct,0,0,7
Nagpur,Nagpur,Chandrapur,Wardha,Wardha,7891298,Pipri Meghe and 13 villages RR WSS,Sawangi Meghe,16556,3,0.34,0.01,0.27,0.67,0.01,0.00,0.85,2.05,0.06,1.61,4.05,0.07,0.00,5.13,26-Sep,27-Sep,28-Sep,29-Sep,30-Sep,1-Oct,2-Oct,26-Sep,27-Sep,28-Sep,29-Sep,30-Sep,1-Oct,2-Oct,1,7,0
Nagpur,Nagpur,Chandrapur,Mul,Mul,7890965,Mul Grid & 24 Villages  RR WSS Retrofitting,Haldi Gaonganna,1238,1,0.00,0.00,0.00,0.08,0.23,0.82,0.06,0.00,0.00,0.00,6.31,18.86,66.63,4.96,26-Sep,27-Sep,28-Sep,29-Sep,30-Sep,1-Oct,2-Oct,26-Sep,27-Sep,28-Sep,29-Sep,30-Sep,1-Oct,2-Oct,3,6,1
Nagpur,Nagpur,Chandrapur,Wardha,Wardha,7891298,Pipri Meghe and 13 villages RR WSS,Pipri,2696,2,0.00,0.00,0.00,0.00,0.00,0.00,0.00,0.00,0.00,0.00,0.00,0.00,0.00,0.00,26-Sep,27-Sep,28-Sep,29-Sep,30-Sep,1-Oct,2-Oct,26-Sep,27-Sep,28-Sep,29-Sep,30-Sep,1-Oct,2-Oct,7,7,0
Nagpur,Chandrapur,Chandrapur,Chandrapur,Chandrapur,20050368,Chinchala and 7 Villages RR Water Supply Scheme,Sidur,1000,2,0.00,0.00,0.00,0.00,0.00,0.00,0.00,0.00,0.00,0.00,0.00,0.00,0.00,0.00,26-Sep,27-Sep,28-Sep,29-Sep,30-Sep,1-Oct,2-Oct,26-Sep,27-Sep,28-Sep,29-Sep,30-Sep,1-Oct,2-Oct,7,7,0
Nagpur,Nagpur,Chandrapur,Mul,Mul,7890965,Mul Grid & 24 Villages  RR WSS Retrofitting,Chitegaon Zone-III,1300,1,0.00,0.78,0.00,0.01,0.00,0.00,1.05,0.00,60.00,0.00,0.77,0.00,0.00,80.77,26-Sep,27-Sep,28-Sep,29-Sep,30-Sep,1-Oct,2-Oct,26-Sep,27-Sep,28-Sep,29-Sep,30-Sep,1-Oct,2-Oct,4,5,2
Nagpur,Nagpur,Chandrapur,Chandrapur,Mul,20036862,Bor Chandli 5 Village RR WSS,Yergaon,2061,1,0.00,0.00,0.00,0.00,0.00,0.00,0.00,0.00,0.00,0.00,0.00,0.00,0.00,0.00,26-Sep,27-Sep,28-Sep,29-Sep,30-Sep,1-Oct,2-Oct,26-Sep,27-Sep,28-Sep,29-Sep,30-Sep,1-Oct,2-Oct,7,7,0
Nagpur,Nagpur,Gondia,Sadak Arjuni,Sadak Arjuni,20016939,Putali RR WSS Retrofitting,Ushikheda,710,1,0.00,0.00,0.00,0.00,0.00,0.00,0.00,0.00,0.00,0.00,0.00,0.00,0.00,0.00,26-Sep,27-Sep,28-Sep,29-Sep,30-Sep,1-Oct,2-Oct,26-Sep,27-Sep,28-Sep,29-Sep,30-Sep,1-Oct,2-Oct,7,7,0
Nagpur,Nagpur,Gondia,Sakoli,Sakoli-Lakhani,20022100,Sakoli Lakhani RR Retrofitting,Somalwada,2142,2,0.00,0.33,0.00,0.00,0.00,0.00,0.00,0.00,15.41,0.00,0.00,0.00,0.00,0.00,26-Sep,27-Sep,28-Sep,29-Sep,30-Sep,1-Oct,2-Oct,26-Sep,27-Sep,28-Sep,29-Sep,30-Sep,1-Oct,2-Oct,6,7,0
Nagpur,Chandrapur,Chandrapur,Pombhurna,Pombhurna,7928270,Pomnbhurna Grid & 15 Villages RR Retrofitting,Futan,2204,1,0.00,0.00,0.00,0.00,0.00,0.00,1.65,0.00,0.00,0.00,0.00,0.00,0.00,74.77,26-Sep,27-Sep,28-Sep,29-Sep,30-Sep,1-Oct,2-Oct,26-Sep,27-Sep,28-Sep,29-Sep,30-Sep,1-Oct,2-Oct,6,6,1
Nagpur,Chandrapur,Chandrapur,Chandrapur,Chandrapur,20050368,Chinchala and 7 Villages RR Water Supply Scheme,Chinchala,240,3,0.00,0.02,0.00,0.00,0.00,0.00,0.00,0.03,9.74,0.00,0.04,0.00,0.00,0.00,26-Sep,27-Sep,28-Sep,29-Sep,30-Sep,1-Oct,2-Oct,26-Sep,27-Sep,28-Sep,29-Sep,30-Sep,1-Oct,2-Oct,4,7,0
Nagpur,Chandrapur,Wardha,Wardha,Wardha,20010215,Sewagram & 5 Villages RRWSS,Sewagram,6792,3,3.97,4.76,2.01,1.20,1.21,1.88,1.66,58.45,70.07,29.59,17.67,17.82,27.68,24.44,26-Sep,27-Sep,28-Sep,29-Sep,30-Sep,1-Oct,2-Oct,26-Sep,27-Sep,28-Sep,29-Sep,30-Sep,1-Oct,2-Oct,0,5,2
Nagpur,Nagpur,Chandrapur,Chandrapur,Mul,20036862,Bor Chandli 5 Village RR WSS,Virai,1720,1,0.00,0.00,0.00,0.00,0.00,0.00,0.00,0.00,0.00,0.00,0.00,0.00,0.00,0.00,26-Sep,27-Sep,28-Sep,29-Sep,30-Sep,1-Oct,2-Oct,26-Sep,27-Sep,28-Sep,29-Sep,30-Sep,1-Oct,2-Oct,7,7,0
Nagpur,Nagpur,Chandrapur,Wardha,Wardha,7891298,Pipri Meghe and 13 villages RR WSS,Sotada,1608,1,0.00,2.46,0.00,0.00,3.13,0.00,2.66,0.00,152.99,0.00,0.00,194.65,0.00,165.42,26-Sep,27-Sep,28-Sep,29-Sep,30-Sep,1-Oct,2-Oct,26-Sep,27-Sep,28-Sep,29-Sep,30-Sep,1-Oct,2-Oct,4,4,3
Nagpur,Nagpur,Gondia,Sakoli,Sakoli-Lakhani,20022100,Sakoli Lakhani RR Retrofitting,Gondsawari,946,1,0.00,0.00,0.00,0.00,0.00,0.00,0.00,0.00,0.00,0.00,0.00,0.00,0.00,0.00,26-Sep,27-Sep,28-Sep,29-Sep,30-Sep,1-Oct,2-Oct,26-Sep,27-Sep,28-Sep,29-Sep,30-Sep,1-Oct,2-Oct,7,7,0
Nagpur,Nagpur,Chandrapur,Chandrapur,Mul,20036862,Bor Chandli 5 Village RR WSS,Pipari (Dixit),1207,1,0.00,0.00,0.00,0.00,0.00,0.00,0.00,0.00,0.00,0.00,0.00,0.00,0.00,0.00,26-Sep,27-Sep,28-Sep,29-Sep,30-Sep,1-Oct,2-Oct,26-Sep,27-Sep,28-Sep,29-Sep,30-Sep,1-Oct,2-Oct,7,7,0
Nagpur,Nagpur,Chandrapur,Mul,Mul,7890965,Mul Grid & 24 Villages  RR WSS Retrofitting,Gangalwadi,862,1,0.00,0.00,0.00,0.00,0.00,0.00,0.00,0.00,0.00,0.00,0.00,0.00,0.00,0.00,26-Sep,27-Sep,28-Sep,29-Sep,30-Sep,1-Oct,2-Oct,26-Sep,27-Sep,28-Sep,29-Sep,30-Sep,1-Oct,2-Oct,7,7,0
Nagpur,Nagpur,Gondia,Gondia,Goregaon,20019216,GOREGAON RR Retrofitting,Goregaon,8766,3,19.95,26.08,41.76,54.11,49.11,36.88,33.44,227.63,297.55,476.37,617.28,560.18,420.73,381.48,26-Sep,27-Sep,28-Sep,29-Sep,30-Sep,1-Oct,2-Oct,26-Sep,27-Sep,28-Sep,29-Sep,30-Sep,1-Oct,2-Oct,0,0,7
Nagpur,Nagpur,Gondia,Bhandara,Tumsar,20017217,Dewadi RR WSS,Khapa,3087,1,0.00,0.02,0.03,0.18,0.17,0.04,0.05,0.01,0.58,0.84,5.83,5.51,1.45,1.76,26-Sep,27-Sep,28-Sep,29-Sep,30-Sep,1-Oct,2-Oct,26-Sep,27-Sep,28-Sep,29-Sep,30-Sep,1-Oct,2-Oct,0,7,0
Nagpur,Chandrapur,Wardha,Wardha,Wardha,20010215,Sewagram & 5 Villages RRWSS,Sewagram (Zone 3),6792,1,213.34,286.24,195.48,289.89,223.94,266.88,207.75,3141.05,4214.37,2878.09,4268.11,3297.11,3929.33,3058.75,26-Sep,27-Sep,28-Sep,29-Sep,30-Sep,1-Oct,2-Oct,26-Sep,27-Sep,28-Sep,29-Sep,30-Sep,1-Oct,2-Oct,0,0,7
Nagpur,Nagpur,Gondia,Sakoli,Sakoli-Lakhani,20022100,Sakoli Lakhani RR Retrofitting,Sawari,4078,2,2.29,2.28,2.32,2.23,2.38,2.33,2.32,56.15,55.91,56.89,54.68,58.36,57.14,56.89,26-Sep,27-Sep,28-Sep,29-Sep,30-Sep,1-Oct,2-Oct,26-Sep,27-Sep,28-Sep,29-Sep,30-Sep,1-Oct,2-Oct,0,1,6
Nagpur,Nagpur,Chandrapur,Wardha,Wardha,7891298,Pipri Meghe and 13 villages RR WSS,Varud,616,1,0.00,0.00,0.00,0.01,0.04,0.33,0.00,0.03,0.00,0.00,1.98,6.15,53.05,0.00,26-Sep,27-Sep,28-Sep,29-Sep,30-Sep,1-Oct,2-Oct,26-Sep,27-Sep,28-Sep,29-Sep,30-Sep,1-Oct,2-Oct,3,7,0
Chhatrapati Sambhajinagar,Nanded,Nanded,Himayatnagar,Himayatnagar,20013969,Hadgaon and Himayatnagar 132 Village Grid WSS,Waghi,1428,1,6.99,12.49,9.02,0.00,0.37,1.41,2.08,489.50,874.65,631.48,0.00,25.91,98.74,145.66,26-Sep,27-Sep,28-Sep,29-Sep,30-Sep,1-Oct,2-Oct,26-Sep,27-Sep,28-Sep,29-Sep,30-Sep,1-Oct,2-Oct,1,2,5
Chhatrapati Sambhajinagar,Nanded,Nanded,Kandhar,Kandhar,7338000,Osmamnagar Shirdhon Combined WSS,Osmamnagar,,2,0.00,0.10,0.00,0.00,0.00,0.00,0.00,0.00,0.00,0.00,0.00,0.00,0.00,0.00,26-Sep,27-Sep,28-Sep,29-Sep,30-Sep,1-Oct,2-Oct,26-Sep,27-Sep,28-Sep,29-Sep,30-Sep,1-Oct,2-Oct,7,7,0
Chhatrapati Sambhajinagar,Nanded,Nanded,Hadgaon,Hadgaon,20013969,Hadgaon and Himayatnagar 132 Village Grid WSS,Dhanora (Hastara),2529,1,30.18,25.06,32.39,32.18,37.60,26.74,34.26,1193.48,990.97,1280.84,1272.32,1486.64,1057.34,1354.49,26-Sep,27-Sep,28-Sep,29-Sep,30-Sep,1-Oct,2-Oct,26-Sep,27-Sep,28-Sep,29-Sep,30-Sep,1-Oct,2-Oct,0,0,7
Chhatrapati Sambhajinagar,Chhatrapati Sambhajinagar,Jalna,Mantha,Mantha,20094559,"120 Villages Extension Scheme for Works Not Considered in 173 GRID WSS and 95 GRID WSS Tq. Partur, Mantha and Jalna Dist: Jalna",Warud,470,1,0.00,0.21,0.09,0.00,0.00,0.00,0.00,0.02,45.11,19.93,0.01,0.02,0.13,0.00,26-Sep,27-Sep,28-Sep,29-Sep,30-Sep,1-Oct,2-Oct,26-Sep,27-Sep,28-Sep,29-Sep,30-Sep,1-Oct,2-Oct,1,7,0
Chhatrapati Sambhajinagar,Chhatrapati Sambhajinagar,Jalna,Mantha,Mantha,20094559,"120 Villages Extension Scheme for Works Not Considered in 173 GRID WSS and 95 GRID WSS Tq. Partur, Mantha and Jalna Dist: Jalna",Pokhari Kendhali,967,1,0.00,0.00,0.00,0.00,0.00,0.00,0.00,0.00,0.00,0.00,0.00,0.00,0.00,0.00,26-Sep,27-Sep,28-Sep,29-Sep,30-Sep,1-Oct,2-Oct,26-Sep,27-Sep,28-Sep,29-Sep,30-Sep,1-Oct,2-Oct,7,7,0
Chhatrapati Sambhajinagar,Chhatrapati Sambhajinagar,Jalna,Partur,Partur,20094559,"120 Villages Extension Scheme for Works Not Considered in 173 GRID WSS and 95 GRID WSS Tq. Partur, Mantha and Jalna Dist: Jalna",Chincholi,1805,1,0.00,71.89,0.00,0.00,0.00,0.00,0.00,0.00,3982.83,0.00,0.00,0.00,0.00,0.00,26-Sep,27-Sep,28-Sep,29-Sep,30-Sep,1-Oct,2-Oct,26-Sep,27-Sep,28-Sep,29-Sep,30-Sep,1-Oct,2-Oct,6,6,1
Chhatrapati Sambhajinagar,Chhatrapati Sambhajinagar,Jalna,Mantha,Mantha,20094559,"120 Villages Extension Scheme for Works Not Considered in 173 GRID WSS and 95 GRID WSS Tq. Partur, Mantha and Jalna Dist: Jalna",Naigaon,1491,1,0.00,0.00,0.00,0.00,0.00,0.00,0.00,0.00,0.00,0.00,0.00,0.00,0.00,0.00,26-Sep,27-Sep,28-Sep,29-Sep,30-Sep,1-Oct,2-Oct,26-Sep,27-Sep,28-Sep,29-Sep,30-Sep,1-Oct,2-Oct,7,7,0
Chhatrapati Sambhajinagar,Chhatrapati Sambhajinagar,Jalna,Mantha,Mantha,20094559,"120 Villages Extension Scheme for Works Not Considered in 173 GRID WSS and 95 GRID WSS Tq. Partur, Mantha and Jalna Dist: Jalna",Vaidhywadgaon,2600,1,0.00,0.00,0.00,0.00,0.00,0.00,0.00,0.00,0.00,0.00,0.00,0.00,0.00,0.00,26-Sep,27-Sep,28-Sep,29-Sep,30-Sep,1-Oct,2-Oct,26-Sep,27-Sep,28-Sep,29-Sep,30-Sep,1-Oct,2-Oct,7,7,0
Chhatrapati Sambhajinagar,Chhatrapati Sambhajinagar,Jalna,Jalna,Jalna,20094559,"120 Villages Extension Scheme for Works Not Considered in 173 GRID WSS and 95 GRID WSS Tq. Partur, Mantha and Jalna Dist: Jalna",Dhara,527,1,0.00,0.00,0.00,0.00,0.00,0.00,0.00,0.00,0.04,0.00,0.01,0.03,0.00,0.00,26-Sep,27-Sep,28-Sep,29-Sep,30-Sep,1-Oct,2-Oct,26-Sep,27-Sep,28-Sep,29-Sep,30-Sep,1-Oct,2-Oct,4,7,0
Chhatrapati Sambhajinagar,Nanded,Nanded,Hadgaon,Hadgaon,20013969,Hadgaon and Himayatnagar 132 Village Grid WSS,Brahmanwadi,525,1,0.00,0.00,0.00,0.00,0.00,0.00,0.00,0.00,0.00,0.00,0.00,0.00,0.00,0.00,26-Sep,27-Sep,28-Sep,29-Sep,30-Sep,1-Oct,2-Oct,26-Sep,27-Sep,28-Sep,29-Sep,30-Sep,1-Oct,2-Oct,7,7,0
Chhatrapati Sambhajinagar,Chhatrapati Sambhajinagar,Jalna,Mantha,Mantha,20094559,"120 Villages Extension Scheme for Works Not Considered in 173 GRID WSS and 95 GRID WSS Tq. Partur, Mantha and Jalna Dist: Jalna",Pakni,873,1,0.02,2.22,0.00,0.00,0.00,0.00,0.00,2.29,254.30,0.00,0.00,0.00,0.00,0.00,26-Sep,27-Sep,28-Sep,29-Sep,30-Sep,1-Oct,2-Oct,26-Sep,27-Sep,28-Sep,29-Sep,30-Sep,1-Oct,2-Oct,5,6,1
Chhatrapati Sambhajinagar,Chhatrapati Sambhajinagar,Jalna,Partur,Partur,20094559,"120 Villages Extension Scheme for Works Not Considered in 173 GRID WSS and 95 GRID WSS Tq. Partur, Mantha and Jalna Dist: Jalna",Paratwadi,2311,2,0.00,0.00,0.00,0.00,0.00,0.00,0.00,0.00,0.00,0.00,0.00,0.00,0.00,0.00,26-Sep,27-Sep,28-Sep,29-Sep,30-Sep,1-Oct,2-Oct,26-Sep,27-Sep,28-Sep,29-Sep,30-Sep,1-Oct,2-Oct,7,7,0
Chhatrapati Sambhajinagar,Chhatrapati Sambhajinagar,Chhatrapati Sambhajinagar,Paithan,Paithan,20018162,Paithan Taluka 178 Village Grid WS,Koli Bodkha,3700,1,0.00,0.00,0.00,0.00,0.00,0.00,0.00,0.00,0.00,0.00,0.00,0.00,0.00,0.00,26-Sep,27-Sep,28-Sep,29-Sep,30-Sep,1-Oct,2-Oct,26-Sep,27-Sep,28-Sep,29-Sep,30-Sep,1-Oct,2-Oct,7,7,0
Chhatrapati Sambhajinagar,Chhatrapati Sambhajinagar,Jalna,Partur,Partur,20094559,"120 Villages Extension Scheme for Works Not Considered in 173 GRID WSS and 95 GRID WSS Tq. Partur, Mantha and Jalna Dist: Jalna",Raniwahegaon,1131,1,0.00,0.00,0.00,0.00,0.00,0.00,0.00,0.00,0.00,0.00,0.00,0.00,0.00,0.00,26-Sep,27-Sep,28-Sep,29-Sep,30-Sep,1-Oct,2-Oct,26-Sep,27-Sep,28-Sep,29-Sep,30-Sep,1-Oct,2-Oct,7,7,0
Chhatrapati Sambhajinagar,Chhatrapati Sambhajinagar,Jalna,Partur,Partur,20094559,"120 Villages Extension Scheme for Works Not Considered in 173 GRID WSS and 95 GRID WSS Tq. Partur, Mantha and Jalna Dist: Jalna",Pandepokhari,2434,1,0.00,0.00,0.00,0.00,0.00,0.00,0.00,0.00,0.00,0.00,0.00,0.00,0.00,0.00,26-Sep,27-Sep,28-Sep,29-Sep,30-Sep,1-Oct,2-Oct,26-Sep,27-Sep,28-Sep,29-Sep,30-Sep,1-Oct,2-Oct,7,7,0
Chhatrapati Sambhajinagar,Chhatrapati Sambhajinagar,Jalna,Mantha,Mantha,20094559,"120 Villages Extension Scheme for Works Not Considered in 173 GRID WSS and 95 GRID WSS Tq. Partur, Mantha and Jalna Dist: Jalna",Daha,1634,1,0.55,0.00,0.00,0.00,0.00,0.00,0.00,33.54,0.00,0.00,0.00,0.00,0.00,0.00,26-Sep,27-Sep,28-Sep,29-Sep,30-Sep,1-Oct,2-Oct,26-Sep,27-Sep,28-Sep,29-Sep,30-Sep,1-Oct,2-Oct,6,7,0
Chhatrapati Sambhajinagar,Nanded,Nanded,Hadgaon,Hadgaon,20013969,Hadgaon and Himayatnagar 132 Village Grid WSS,Unchada,1881,1,0.00,0.00,0.00,0.00,0.00,0.00,0.00,0.00,0.00,0.00,0.00,0.00,0.00,0.00,26-Sep,27-Sep,28-Sep,29-Sep,30-Sep,1-Oct,2-Oct,26-Sep,27-Sep,28-Sep,29-Sep,30-Sep,1-Oct,2-Oct,7,7,0
Chhatrapati Sambhajinagar,Chhatrapati Sambhajinagar,Jalna,Partur,Partur,20094559,"120 Villages Extension Scheme for Works Not Considered in 173 GRID WSS and 95 GRID WSS Tq. Partur, Mantha and Jalna Dist: Jalna",Sirasgaon,1422,1,0.35,0.00,0.00,0.36,0.00,0.32,0.00,24.57,0.00,0.00,24.99,0.00,22.21,0.00,26-Sep,27-Sep,28-Sep,29-Sep,30-Sep,1-Oct,2-Oct,26-Sep,27-Sep,28-Sep,29-Sep,30-Sep,1-Oct,2-Oct,4,7,0
Chhatrapati Sambhajinagar,Nanded,Nanded,Hadgaon,Hadgaon,20013969,Hadgaon and Himayatnagar 132 Village Grid WSS,Malzara,2202,1,0.00,0.00,0.00,0.00,0.00,0.00,0.00,0.00,0.00,0.00,0.00,0.00,0.00,0.00,26-Sep,27-Sep,28-Sep,29-Sep,30-Sep,1-Oct,2-Oct,26-Sep,27-Sep,28-Sep,29-Sep,30-Sep,1-Oct,2-Oct,7,7,0
Chhatrapati Sambhajinagar,Chhatrapati Sambhajinagar,Jalna,Mantha,Mantha,20094559,"120 Villages Extension Scheme for Works Not Considered in 173 GRID WSS and 95 GRID WSS Tq. Partur, Mantha and Jalna Dist: Jalna",Belora,2127,1,0.00,0.00,0.00,0.00,0.00,0.00,0.00,0.00,0.00,0.00,0.00,0.00,0.00,0.00,26-Sep,27-Sep,28-Sep,29-Sep,30-Sep,1-Oct,2-Oct,26-Sep,27-Sep,28-Sep,29-Sep,30-Sep,1-Oct,2-Oct,7,7,0
Chhatrapati Sambhajinagar,Nanded,Nanded,Hadgaon,Hadgaon,20013969,Hadgaon and Himayatnagar 132 Village Grid WSS,Pingli,460,1,0.00,0.00,0.00,0.00,0.00,0.00,0.00,0.00,0.00,0.00,0.00,0.00,0.00,0.00,26-Sep,27-Sep,28-Sep,29-Sep,30-Sep,1-Oct,2-Oct,26-Sep,27-Sep,28-Sep,29-Sep,30-Sep,1-Oct,2-Oct,7,7,0
Chhatrapati Sambhajinagar,Chhatrapati Sambhajinagar,Jalna,Jalna,Jalna,20094559,"120 Villages Extension Scheme for Works Not Considered in 173 GRID WSS and 95 GRID WSS Tq. Partur, Mantha and Jalna Dist: Jalna",Umri,624,1,0.19,0.14,0.56,2.91,0.41,0.23,0.16,31.19,22.04,89.22,465.94,65.61,37.10,24.86,26-Sep,27-Sep,28-Sep,29-Sep,30-Sep,1-Oct,2-Oct,26-Sep,27-Sep,28-Sep,29-Sep,30-Sep,1-Oct,2-Oct,0,4,3
Chhatrapati Sambhajinagar,Chhatrapati Sambhajinagar,Chhatrapati Sambhajinagar,Sillod,Sillod,20017395,Shirsala & 4 Village,Sirsala Tanda,1032,1,0.65,0.00,0.00,0.75,0.44,0.36,0.39,62.98,0.00,0.00,72.59,42.71,34.88,38.20,26-Sep,27-Sep,28-Sep,29-Sep,30-Sep,1-Oct,2-Oct,26-Sep,27-Sep,28-Sep,29-Sep,30-Sep,1-Oct,2-Oct,2,5,2
Chhatrapati Sambhajinagar,Chhatrapati Sambhajinagar,Jalna,Partur,Partur,20094559,"120 Villages Extension Scheme for Works Not Considered in 173 GRID WSS and 95 GRID WSS Tq. Partur, Mantha and Jalna Dist: Jalna",Waijoda,1365,1,0.00,0.00,0.00,0.00,0.00,0.00,0.00,0.00,0.00,0.00,0.00,0.00,0.00,0.00,26-Sep,27-Sep,28-Sep,29-Sep,30-Sep,1-Oct,2-Oct,26-Sep,27-Sep,28-Sep,29-Sep,30-Sep,1-Oct,2-Oct,7,7,0
Chhatrapati Sambhajinagar,Chhatrapati Sambhajinagar,Jalna,Mantha,Mantha,20094559,"120 Villages Extension Scheme for Works Not Considered in 173 GRID WSS and 95 GRID WSS Tq. Partur, Mantha and Jalna Dist: Jalna",Mosa,166,1,0.00,0.00,0.00,0.00,0.00,0.00,0.00,0.00,0.00,0.00,0.02,0.00,0.00,0.00,26-Sep,27-Sep,28-Sep,29-Sep,30-Sep,1-Oct,2-Oct,26-Sep,27-Sep,28-Sep,29-Sep,30-Sep,1-Oct,2-Oct,6,7,0
Chhatrapati Sambhajinagar,Nanded,Nanded,Hadgaon,Hadgaon,20013969,Hadgaon and Himayatnagar 132 Village Grid WSS,Sapti,2440,1,0.00,0.00,0.00,0.00,0.00,0.00,0.00,0.00,0.00,0.00,0.00,0.00,0.00,0.00,26-Sep,27-Sep,28-Sep,29-Sep,30-Sep,1-Oct,2-Oct,26-Sep,27-Sep,28-Sep,29-Sep,30-Sep,1-Oct,2-Oct,7,7,0
Chhatrapati Sambhajinagar,Nanded,Nanded,Hadgaon,Hadgaon,20013969,Hadgaon and Himayatnagar 132 Village Grid WSS,Gorlegaon,2313,1,0.00,0.00,0.00,0.00,0.00,0.00,0.00,0.00,0.00,0.00,0.00,0.00,0.00,0.00,26-Sep,27-Sep,28-Sep,29-Sep,30-Sep,1-Oct,2-Oct,26-Sep,27-Sep,28-Sep,29-Sep,30-Sep,1-Oct,2-Oct,7,7,0
Chhatrapati Sambhajinagar,Nanded,Nanded,Naigaon,Naigaon,7942142,Manjram WSS (7942142),Manjram,4704,1,0.00,0.00,0.00,0.00,0.00,0.00,0.00,0.00,0.00,0.00,0.00,0.00,0.00,0.00,26-Sep,27-Sep,28-Sep,29-Sep,30-Sep,1-Oct,2-Oct,26-Sep,27-Sep,28-Sep,29-Sep,30-Sep,1-Oct,2-Oct,7,7,0
Chhatrapati Sambhajinagar,Chhatrapati Sambhajinagar,Chhatrapati Sambhajinagar,Paithan,Paithan,20018162,Paithan Taluka 178 Village Grid WS,Balanagar,5504,1,2.00,1.47,3.07,2.93,2.54,1.83,1.28,36.34,26.71,55.78,53.23,46.15,33.25,23.26,26-Sep,27-Sep,28-Sep,29-Sep,30-Sep,1-Oct,2-Oct,26-Sep,27-Sep,28-Sep,29-Sep,30-Sep,1-Oct,2-Oct,0,6,1
Chhatrapati Sambhajinagar,Chhatrapati Sambhajinagar,Jalna,Partur,Partur,20094559,"120 Villages Extension Scheme for Works Not Considered in 173 GRID WSS and 95 GRID WSS Tq. Partur, Mantha and Jalna Dist: Jalna",Pokhari Takle,721,1,0.00,0.00,0.00,0.00,0.00,0.00,0.00,0.00,0.44,0.00,0.02,0.00,0.00,0.00,26-Sep,27-Sep,28-Sep,29-Sep,30-Sep,1-Oct,2-Oct,26-Sep,27-Sep,28-Sep,29-Sep,30-Sep,1-Oct,2-Oct,5,7,0
Chhatrapati Sambhajinagar,Chhatrapati Sambhajinagar,Jalna,Mantha,Mantha,20094559,"120 Villages Extension Scheme for Works Not Considered in 173 GRID WSS and 95 GRID WSS Tq. Partur, Mantha and Jalna Dist: Jalna",Lawani,804,1,0.00,0.00,0.00,0.00,0.00,0.00,0.00,0.00,0.00,0.00,0.00,0.00,0.00,0.00,26-Sep,27-Sep,28-Sep,29-Sep,30-Sep,1-Oct,2-Oct,26-Sep,27-Sep,28-Sep,29-Sep,30-Sep,1-Oct,2-Oct,7,7,0
Chhatrapati Sambhajinagar,Chhatrapati Sambhajinagar,Jalna,Jalna,Jalna,20094559,"120 Villages Extension Scheme for Works Not Considered in 173 GRID WSS and 95 GRID WSS Tq. Partur, Mantha and Jalna Dist: Jalna",Sondeo,1547,1,0.00,0.00,0.00,0.00,0.00,0.00,0.00,0.00,0.00,0.00,0.00,0.00,0.00,0.00,26-Sep,27-Sep,28-Sep,29-Sep,30-Sep,1-Oct,2-Oct,26-Sep,27-Sep,28-Sep,29-Sep,30-Sep,1-Oct,2-Oct,7,7,0
Chhatrapati Sambhajinagar,Chhatrapati Sambhajinagar,Jalna,Partur,Partur,20094559,"120 Villages Extension Scheme for Works Not Considered in 173 GRID WSS and 95 GRID WSS Tq. Partur, Mantha and Jalna Dist: Jalna",Wadarwadi,1117,1,0.00,0.00,0.00,0.00,0.00,0.00,0.00,0.01,0.00,0.00,0.01,0.01,0.00,0.00,26-Sep,27-Sep,28-Sep,29-Sep,30-Sep,1-Oct,2-Oct,26-Sep,27-Sep,28-Sep,29-Sep,30-Sep,1-Oct,2-Oct,4,7,0
Chhatrapati Sambhajinagar,Chhatrapati Sambhajinagar,Jalna,Mantha,Mantha,20094559,"120 Villages Extension Scheme for Works Not Considered in 173 GRID WSS and 95 GRID WSS Tq. Partur, Mantha and Jalna Dist: Jalna",Takalkhopa,1461,1,0.00,0.00,0.00,0.00,0.00,0.00,0.00,0.00,0.00,0.00,0.00,0.00,0.00,0.00,26-Sep,27-Sep,28-Sep,29-Sep,30-Sep,1-Oct,2-Oct,26-Sep,27-Sep,28-Sep,29-Sep,30-Sep,1-Oct,2-Oct,7,7,0
Chhatrapati Sambhajinagar,Chhatrapati Sambhajinagar,Jalna,Jalna,Jalna,20094559,"120 Villages Extension Scheme for Works Not Considered in 173 GRID WSS and 95 GRID WSS Tq. Partur, Mantha and Jalna Dist: Jalna",Nagapur,690,1,0.00,0.00,0.00,0.00,0.00,0.00,0.00,0.00,0.00,0.00,0.00,0.00,0.00,0.00,26-Sep,27-Sep,28-Sep,29-Sep,30-Sep,1-Oct,2-Oct,26-Sep,27-Sep,28-Sep,29-Sep,30-Sep,1-Oct,2-Oct,7,7,0
Chhatrapati Sambhajinagar,Chhatrapati Sambhajinagar,Jalna,Partur,Partur,20094559,"120 Villages Extension Scheme for Works Not Considered in 173 GRID WSS and 95 GRID WSS Tq. Partur, Mantha and Jalna Dist: Jalna",Yenora,2262,2,705.32,188.66,964.27,728.50,461.45,154.38,0.00,31181.38,8340.35,42628.90,32205.84,20400.03,6824.78,0.00,26-Sep,27-Sep,28-Sep,29-Sep,30-Sep,1-Oct,2-Oct,26-Sep,27-Sep,28-Sep,29-Sep,30-Sep,1-Oct,2-Oct,1,1,6
Chhatrapati Sambhajinagar,Chhatrapati Sambhajinagar,Jalna,Partur,Partur,20094559,"120 Villages Extension Scheme for Works Not Considered in 173 GRID WSS and 95 GRID WSS Tq. Partur, Mantha and Jalna Dist: Jalna",Raipur,607,1,0.00,0.00,0.00,0.00,0.00,0.00,0.00,0.00,0.00,0.00,0.00,0.00,0.00,0.00,26-Sep,27-Sep,28-Sep,29-Sep,30-Sep,1-Oct,2-Oct,26-Sep,27-Sep,28-Sep,29-Sep,30-Sep,1-Oct,2-Oct,7,7,0
Chhatrapati Sambhajinagar,Chhatrapati Sambhajinagar,Jalna,Partur,Partur,20094559,"120 Villages Extension Scheme for Works Not Considered in 173 GRID WSS and 95 GRID WSS Tq. Partur, Mantha and Jalna Dist: Jalna",Landakdara,455,1,284.88,0.00,0.24,166.17,140.47,168.56,307.89,62609.89,0.00,52.75,36520.88,30872.53,37046.37,67668.10,26-Sep,27-Sep,28-Sep,29-Sep,30-Sep,1-Oct,2-Oct,26-Sep,27-Sep,28-Sep,29-Sep,30-Sep,1-Oct,2-Oct,1,2,5
Chhatrapati Sambhajinagar,Chhatrapati Sambhajinagar,Jalna,Mantha,Mantha,20094559,"120 Villages Extension Scheme for Works Not Considered in 173 GRID WSS and 95 GRID WSS Tq. Partur, Mantha and Jalna Dist: Jalna",Waghala,2087,1,0.00,0.00,0.00,0.00,0.00,0.00,0.00,0.00,0.00,0.00,0.00,0.00,0.00,0.00,26-Sep,27-Sep,28-Sep,29-Sep,30-Sep,1-Oct,2-Oct,26-Sep,27-Sep,28-Sep,29-Sep,30-Sep,1-Oct,2-Oct,7,7,0
Chhatrapati Sambhajinagar,Chhatrapati Sambhajinagar,Jalna,Mantha,Mantha,20094559,"120 Villages Extension Scheme for Works Not Considered in 173 GRID WSS and 95 GRID WSS Tq. Partur, Mantha and Jalna Dist: Jalna",Taltondi,1388,1,0.00,0.00,0.00,0.00,0.00,0.00,0.00,0.00,0.00,0.00,0.00,0.00,0.00,0.00,26-Sep,27-Sep,28-Sep,29-Sep,30-Sep,1-Oct,2-Oct,26-Sep,27-Sep,28-Sep,29-Sep,30-Sep,1-Oct,2-Oct,7,7,0
Chhatrapati Sambhajinagar,Chhatrapati Sambhajinagar,Chhatrapati Sambhajinagar,Paithan,Paithan,20018162,Paithan Taluka 178 Village Grid WS,Karkin,2680,1,0.00,0.00,0.00,0.00,0.00,0.00,0.00,0.00,0.00,0.00,0.00,0.00,0.00,0.00,26-Sep,27-Sep,28-Sep,29-Sep,30-Sep,1-Oct,2-Oct,26-Sep,27-Sep,28-Sep,29-Sep,30-Sep,1-Oct,2-Oct,7,7,0
Chhatrapati Sambhajinagar,Chhatrapati Sambhajinagar,Jalna,Mantha,Mantha,20094559,"120 Villages Extension Scheme for Works Not Considered in 173 GRID WSS and 95 GRID WSS Tq. Partur, Mantha and Jalna Dist: Jalna",Borgaon,2304,2,0.71,0.04,0.00,0.00,0.63,0.77,0.12,30.80,1.82,0.08,0.13,27.20,33.62,5.21,26-Sep,27-Sep,28-Sep,29-Sep,30-Sep,1-Oct,2-Oct,26-Sep,27-Sep,28-Sep,29-Sep,30-Sep,1-Oct,2-Oct,0,7,0
Chhatrapati Sambhajinagar,Nanded,Nanded,Hadgaon,Hadgaon,20013969,Hadgaon and Himayatnagar 132 Village Grid WSS,Loha,2244,1,8.06,1.29,0.00,0.00,0.00,0.00,0.00,359.18,57.49,0.00,0.00,0.00,0.00,0.00,26-Sep,27-Sep,28-Sep,29-Sep,30-Sep,1-Oct,2-Oct,26-Sep,27-Sep,28-Sep,29-Sep,30-Sep,1-Oct,2-Oct,5,5,2
Chhatrapati Sambhajinagar,Chhatrapati Sambhajinagar,Jalna,Partur,Partur,20094559,"120 Villages Extension Scheme for Works Not Considered in 173 GRID WSS and 95 GRID WSS Tq. Partur, Mantha and Jalna Dist: Jalna",Waghadi,554,1,0.00,0.00,0.00,0.00,0.00,0.00,0.00,0.00,0.00,0.00,0.00,0.00,0.00,0.00,26-Sep,27-Sep,28-Sep,29-Sep,30-Sep,1-Oct,2-Oct,26-Sep,27-Sep,28-Sep,29-Sep,30-Sep,1-Oct,2-Oct,7,7,0
Chhatrapati Sambhajinagar,Chhatrapati Sambhajinagar,Jalna,Partur,Partur,20094559,"120 Villages Extension Scheme for Works Not Considered in 173 GRID WSS and 95 GRID WSS Tq. Partur, Mantha and Jalna Dist: Jalna",Sankanpuri,1994,1,0.00,0.00,0.00,0.00,0.00,0.00,0.00,0.00,0.00,0.00,0.00,0.00,0.00,0.00,26-Sep,27-Sep,28-Sep,29-Sep,30-Sep,1-Oct,2-Oct,26-Sep,27-Sep,28-Sep,29-Sep,30-Sep,1-Oct,2-Oct,7,7,0
Chhatrapati Sambhajinagar,Chhatrapati Sambhajinagar,Chhatrapati Sambhajinagar,Vaijapur,Vaijapur,20051233,373 Village Gangapur-Vaijapur Grid WSS,Sirasgaon,1855,1,0.00,0.00,0.00,0.00,0.00,0.00,0.00,0.00,0.00,0.00,0.00,0.00,0.00,0.00,26-Sep,27-Sep,28-Sep,29-Sep,30-Sep,1-Oct,2-Oct,26-Sep,27-Sep,28-Sep,29-Sep,30-Sep,1-Oct,2-Oct,7,7,0
Chhatrapati Sambhajinagar,Chhatrapati Sambhajinagar,Jalna,Mantha,Mantha,20094559,"120 Villages Extension Scheme for Works Not Considered in 173 GRID WSS and 95 GRID WSS Tq. Partur, Mantha and Jalna Dist: Jalna",PANGRI KH.TANDA,701,1,0.17,0.00,0.72,0.00,0.00,0.00,0.00,24.25,0.00,102.71,0.00,0.00,0.00,0.00,26-Sep,27-Sep,28-Sep,29-Sep,30-Sep,1-Oct,2-Oct,26-Sep,27-Sep,28-Sep,29-Sep,30-Sep,1-Oct,2-Oct,5,6,1
Chhatrapati Sambhajinagar,Chhatrapati Sambhajinagar,Jalna,Mantha,Mantha,20094559,"120 Villages Extension Scheme for Works Not Considered in 173 GRID WSS and 95 GRID WSS Tq. Partur, Mantha and Jalna Dist: Jalna",Idoli(kd),1836,1,0.00,0.00,0.00,0.00,0.00,0.00,0.00,0.00,0.01,0.01,0.02,0.00,0.00,0.00,26-Sep,27-Sep,28-Sep,29-Sep,30-Sep,1-Oct,2-Oct,26-Sep,27-Sep,28-Sep,29-Sep,30-Sep,1-Oct,2-Oct,4,7,0
Chhatrapati Sambhajinagar,Chhatrapati Sambhajinagar,Jalna,Mantha,Mantha,20094559,"120 Villages Extension Scheme for Works Not Considered in 173 GRID WSS and 95 GRID WSS Tq. Partur, Mantha and Jalna Dist: Jalna",Wadhegaon,0,1,0.00,0.00,0.00,0.00,0.00,0.00,0.00,0.00,0.00,0.00,0.00,0.00,0.00,0.00,26-Sep,27-Sep,28-Sep,29-Sep,30-Sep,1-Oct,2-Oct,26-Sep,27-Sep,28-Sep,29-Sep,30-Sep,1-Oct,2-Oct,7,7,0
Chhatrapati Sambhajinagar,Nanded,Nanded,Hadgaon,Hadgaon,20013969,Hadgaon and Himayatnagar 132 Village Grid WSS,Talang,579,1,0.00,0.00,0.00,0.00,0.00,0.00,0.00,0.00,0.00,0.00,0.00,0.00,0.00,0.00,26-Sep,27-Sep,28-Sep,29-Sep,30-Sep,1-Oct,2-Oct,26-Sep,27-Sep,28-Sep,29-Sep,30-Sep,1-Oct,2-Oct,7,7,0
Chhatrapati Sambhajinagar,Chhatrapati Sambhajinagar,Chhatrapati Sambhajinagar,Vaijapur,Vaijapur,20051233,373 Village Gangapur-Vaijapur Grid WSS,Garaj,1820,1,0.00,0.00,0.00,0.00,0.00,0.00,0.00,0.00,0.00,0.00,0.00,0.00,0.00,0.00,26-Sep,27-Sep,28-Sep,29-Sep,30-Sep,1-Oct,2-Oct,26-Sep,27-Sep,28-Sep,29-Sep,30-Sep,1-Oct,2-Oct,7,7,0
Chhatrapati Sambhajinagar,Nanded,Nanded,Hadgaon,Hadgaon,20013969,Hadgaon and Himayatnagar 132 Village Grid WSS,Ekrala,1509,1,0.00,0.00,0.00,0.00,0.00,0.00,0.00,0.00,0.00,0.00,0.00,0.00,0.00,0.00,26-Sep,27-Sep,28-Sep,29-Sep,30-Sep,1-Oct,2-Oct,26-Sep,27-Sep,28-Sep,29-Sep,30-Sep,1-Oct,2-Oct,7,7,0
Chhatrapati Sambhajinagar,Chhatrapati Sambhajinagar,Chhatrapati Sambhajinagar,Paithan,Paithan,20018162,Paithan Taluka 178 Village Grid WS,Dhorkin,3816,1,0.01,0.14,0.43,0.00,0.00,1.97,0.63,0.26,3.67,11.27,0.00,0.00,51.62,16.51,26-Sep,27-Sep,28-Sep,29-Sep,30-Sep,1-Oct,2-Oct,26-Sep,27-Sep,28-Sep,29-Sep,30-Sep,1-Oct,2-Oct,2,7,0
Chhatrapati Sambhajinagar,Chhatrapati Sambhajinagar,Chhatrapati Sambhajinagar,Vaijapur,Vaijapur,20051233,373 Village Gangapur-Vaijapur Grid WSS,Sudamwadi,750,1,0.00,0.00,0.00,0.00,0.00,0.00,0.00,0.00,0.00,0.00,0.00,0.00,0.00,0.00,26-Sep,27-Sep,28-Sep,29-Sep,30-Sep,1-Oct,2-Oct,26-Sep,27-Sep,28-Sep,29-Sep,30-Sep,1-Oct,2-Oct,7,7,0
Chhatrapati Sambhajinagar,Chhatrapati Sambhajinagar,Chhatrapati Sambhajinagar,Paithan,Paithan,20018162,Paithan Taluka 178 Village Grid WS,Akthawada,1508,1,0.85,0.74,0.31,1.08,0.73,0.00,0.08,56.37,49.07,20.56,71.62,48.41,0.00,5.31,26-Sep,27-Sep,28-Sep,29-Sep,30-Sep,1-Oct,2-Oct,26-Sep,27-Sep,28-Sep,29-Sep,30-Sep,1-Oct,2-Oct,1,5,2
Chhatrapati Sambhajinagar,Chhatrapati Sambhajinagar,Jalna,Jalna,Jalna,20094559,"120 Villages Extension Scheme for Works Not Considered in 173 GRID WSS and 95 GRID WSS Tq. Partur, Mantha and Jalna Dist: Jalna",Shambhu,524,1,0.00,0.00,0.00,0.00,0.00,0.00,0.00,0.00,0.00,0.00,0.00,0.00,0.00,0.00,26-Sep,27-Sep,28-Sep,29-Sep,30-Sep,1-Oct,2-Oct,26-Sep,27-Sep,28-Sep,29-Sep,30-Sep,1-Oct,2-Oct,7,7,0
Chhatrapati Sambhajinagar,Chhatrapati Sambhajinagar,Jalna,Mantha,Mantha,20094559,"120 Villages Extension Scheme for Works Not Considered in 173 GRID WSS and 95 GRID WSS Tq. Partur, Mantha and Jalna Dist: Jalna",Shriram Tanda,594,1,0.00,0.00,0.00,0.00,0.00,0.00,0.00,0.00,0.00,0.00,0.00,0.00,0.00,0.02,26-Sep,27-Sep,28-Sep,29-Sep,30-Sep,1-Oct,2-Oct,26-Sep,27-Sep,28-Sep,29-Sep,30-Sep,1-Oct,2-Oct,6,7,0
Chhatrapati Sambhajinagar,Chhatrapati Sambhajinagar,Jalna,Partur,Partur,20094559,"120 Villages Extension Scheme for Works Not Considered in 173 GRID WSS and 95 GRID WSS Tq. Partur, Mantha and Jalna Dist: Jalna",Amba,4701,1,1.56,1.42,1.47,1.45,1.45,1.41,1.46,33.21,30.19,31.20,30.82,30.77,30.03,31.12,26-Sep,27-Sep,28-Sep,29-Sep,30-Sep,1-Oct,2-Oct,26-Sep,27-Sep,28-Sep,29-Sep,30-Sep,1-Oct,2-Oct,0,7,0
Chhatrapati Sambhajinagar,Nanded,Nanded,Himayatnagar,Himayatnagar,20013969,Hadgaon and Himayatnagar 132 Village Grid WSS,Palaspur,2211,1,0.00,0.00,0.00,0.00,0.00,0.00,0.00,0.00,0.00,0.00,0.00,0.00,0.00,0.00,26-Sep,27-Sep,28-Sep,29-Sep,30-Sep,1-Oct,2-Oct,26-Sep,27-Sep,28-Sep,29-Sep,30-Sep,1-Oct,2-Oct,7,7,0
Chhatrapati Sambhajinagar,Chhatrapati Sambhajinagar,Jalna,Partur,Partur,20094559,"120 Villages Extension Scheme for Works Not Considered in 173 GRID WSS and 95 GRID WSS Tq. Partur, Mantha and Jalna Dist: Jalna",Hareramnagar,377,1,0.00,0.00,0.00,0.00,0.02,0.03,0.01,0.00,0.00,0.00,0.00,4.24,6.96,2.31,26-Sep,27-Sep,28-Sep,29-Sep,30-Sep,1-Oct,2-Oct,26-Sep,27-Sep,28-Sep,29-Sep,30-Sep,1-Oct,2-Oct,4,7,0
Chhatrapati Sambhajinagar,Chhatrapati Sambhajinagar,Jalna,Partur,Partur,20094559,"120 Villages Extension Scheme for Works Not Considered in 173 GRID WSS and 95 GRID WSS Tq. Partur, Mantha and Jalna Dist: Jalna",Khandvi,2404,1,0.00,0.00,0.00,0.00,0.00,0.00,0.00,0.00,0.00,0.00,0.00,0.00,0.00,0.00,26-Sep,27-Sep,28-Sep,29-Sep,30-Sep,1-Oct,2-Oct,26-Sep,27-Sep,28-Sep,29-Sep,30-Sep,1-Oct,2-Oct,7,7,0
Chhatrapati Sambhajinagar,Chhatrapati Sambhajinagar,Jalna,Partur,Partur,20094559,"120 Villages Extension Scheme for Works Not Considered in 173 GRID WSS and 95 GRID WSS Tq. Partur, Mantha and Jalna Dist: Jalna",Daithana (bk),1363,1,0.00,0.00,0.00,0.00,0.00,0.00,0.00,0.00,0.00,0.00,0.00,0.00,0.00,0.00,26-Sep,27-Sep,28-Sep,29-Sep,30-Sep,1-Oct,2-Oct,26-Sep,27-Sep,28-Sep,29-Sep,30-Sep,1-Oct,2-Oct,7,7,0
Chhatrapati Sambhajinagar,Chhatrapati Sambhajinagar,Chhatrapati Sambhajinagar,Vaijapur,Vaijapur,20051233,373 Village Gangapur-Vaijapur Grid WSS,Mahalgaon,5303,1,6.82,7.38,7.98,8.06,8.11,8.34,8.25,128.61,139.17,150.49,151.99,152.93,157.31,155.57,26-Sep,27-Sep,28-Sep,29-Sep,30-Sep,1-Oct,2-Oct,26-Sep,27-Sep,28-Sep,29-Sep,30-Sep,1-Oct,2-Oct,0,0,7
Chhatrapati Sambhajinagar,Chhatrapati Sambhajinagar,Chhatrapati Sambhajinagar,Paithan,Paithan,20018162,Paithan Taluka 178 Village Grid WS,Kutub Kheda,792,1,0.00,0.00,0.00,0.00,0.00,0.00,0.00,0.00,0.00,0.00,0.00,0.00,0.00,0.00,26-Sep,27-Sep,28-Sep,29-Sep,30-Sep,1-Oct,2-Oct,26-Sep,27-Sep,28-Sep,29-Sep,30-Sep,1-Oct,2-Oct,7,7,0
Chhatrapati Sambhajinagar,Chhatrapati Sambhajinagar,Chhatrapati Sambhajinagar,Paithan,Paithan,20018162,Paithan Taluka 178 Village Grid WS,Nandar,3360,1,83.10,2.94,1.63,2.07,1.82,48.13,75.66,2473.08,87.50,48.51,61.61,54.17,1432.44,2251.79,26-Sep,27-Sep,28-Sep,29-Sep,30-Sep,1-Oct,2-Oct,26-Sep,27-Sep,28-Sep,29-Sep,30-Sep,1-Oct,2-Oct,0,2,5
Chhatrapati Sambhajinagar,Nanded,Nanded,Hadgaon,Hadgaon,20013969,Hadgaon and Himayatnagar 132 Village Grid WSS,Hardaf,2364,1,0.00,0.00,0.00,0.00,0.00,0.00,0.00,0.00,0.00,0.00,0.00,0.00,0.00,0.00,26-Sep,27-Sep,28-Sep,29-Sep,30-Sep,1-Oct,2-Oct,26-Sep,27-Sep,28-Sep,29-Sep,30-Sep,1-Oct,2-Oct,7,7,0
Chhatrapati Sambhajinagar,Chhatrapati Sambhajinagar,Jalna,Partur,Partur,20094559,"120 Villages Extension Scheme for Works Not Considered in 173 GRID WSS and 95 GRID WSS Tq. Partur, Mantha and Jalna Dist: Jalna",Singhona,2345,1,0.05,0.00,0.10,0.00,0.00,0.00,0.00,2.31,0.00,4.23,0.00,0.00,0.00,0.00,26-Sep,27-Sep,28-Sep,29-Sep,30-Sep,1-Oct,2-Oct,26-Sep,27-Sep,28-Sep,29-Sep,30-Sep,1-Oct,2-Oct,5,7,0
Chhatrapati Sambhajinagar,Chhatrapati Sambhajinagar,Chhatrapati Sambhajinagar,Paithan,Paithan,20018162,Paithan Taluka 178 Village Grid WS,Lakhegaon,988,1,0.27,0.60,0.42,0.00,0.55,0.48,0.01,27.33,60.73,42.51,0.00,55.67,48.58,1.01,26-Sep,27-Sep,28-Sep,29-Sep,30-Sep,1-Oct,2-Oct,26-Sep,27-Sep,28-Sep,29-Sep,30-Sep,1-Oct,2-Oct,1,5,2
Chhatrapati Sambhajinagar,Nanded,Nanded,Hadgaon,Hadgaon,20013969,Hadgaon and Himayatnagar 132 Village Grid WSS,Baradshewala,5626,2,0.00,0.00,0.00,0.00,0.00,0.00,0.00,0.00,0.00,0.00,0.00,0.00,0.00,0.00,26-Sep,27-Sep,28-Sep,29-Sep,30-Sep,1-Oct,2-Oct,26-Sep,27-Sep,28-Sep,29-Sep,30-Sep,1-Oct,2-Oct,7,7,0
Chhatrapati Sambhajinagar,Chhatrapati Sambhajinagar,Chhatrapati Sambhajinagar,Paithan,Paithan,20018162,Paithan Taluka 178 Village Grid WS,Pangara,0,1,0.00,0.00,0.00,0.00,0.00,0.00,0.00,0.00,0.00,0.00,0.00,0.00,0.00,0.00,26-Sep,27-Sep,28-Sep,29-Sep,30-Sep,1-Oct,2-Oct,26-Sep,27-Sep,28-Sep,29-Sep,30-Sep,1-Oct,2-Oct,7,7,0
Chhatrapati Sambhajinagar,Nanded,Nanded,Hadgaon,Hadgaon,20013969,Hadgaon and Himayatnagar 132 Village Grid WSS,Rui,3670,1,0.00,0.00,0.00,0.00,0.00,0.00,0.00,0.00,0.00,0.00,0.00,0.00,0.00,0.00,26-Sep,27-Sep,28-Sep,29-Sep,30-Sep,1-Oct,2-Oct,26-Sep,27-Sep,28-Sep,29-Sep,30-Sep,1-Oct,2-Oct,7,7,0
Chhatrapati Sambhajinagar,Chhatrapati Sambhajinagar,Jalna,Partur,Partur,20094559,"120 Villages Extension Scheme for Works Not Considered in 173 GRID WSS and 95 GRID WSS Tq. Partur, Mantha and Jalna Dist: Jalna",Mav Patoda,1542,1,0.00,0.00,0.00,0.00,0.00,0.00,0.00,0.00,0.00,0.00,0.00,0.00,0.00,0.00,26-Sep,27-Sep,28-Sep,29-Sep,30-Sep,1-Oct,2-Oct,26-Sep,27-Sep,28-Sep,29-Sep,30-Sep,1-Oct,2-Oct,7,7,0
Chhatrapati Sambhajinagar,Chhatrapati Sambhajinagar,Chhatrapati Sambhajinagar,Vaijapur,Vaijapur,20051233,373 Village Gangapur-Vaijapur Grid WSS,Jambargaon,2614,1,0.00,0.39,0.00,0.00,0.00,0.38,0.00,0.00,14.92,0.00,0.00,0.00,14.54,0.00,26-Sep,27-Sep,28-Sep,29-Sep,30-Sep,1-Oct,2-Oct,26-Sep,27-Sep,28-Sep,29-Sep,30-Sep,1-Oct,2-Oct,5,7,0
Chhatrapati Sambhajinagar,Chhatrapati Sambhajinagar,Chhatrapati Sambhajinagar,Vaijapur,Vaijapur,20051233,373 Village Gangapur-Vaijapur Grid WSS,Chorwaghalgaon,3313,1,0.18,0.44,0.00,0.64,0.00,0.60,0.00,5.43,13.28,0.00,19.32,0.00,18.11,0.00,26-Sep,27-Sep,28-Sep,29-Sep,30-Sep,1-Oct,2-Oct,26-Sep,27-Sep,28-Sep,29-Sep,30-Sep,1-Oct,2-Oct,3,7,0
Chhatrapati Sambhajinagar,Chhatrapati Sambhajinagar,Chhatrapati Sambhajinagar,Paithan,Paithan,20018162,Paithan Taluka 178 Village Grid WS,Gidhada,564,1,0.00,0.00,0.00,0.00,0.00,0.00,0.00,0.00,0.00,0.00,0.00,0.00,0.00,0.00,26-Sep,27-Sep,28-Sep,29-Sep,30-Sep,1-Oct,2-Oct,26-Sep,27-Sep,28-Sep,29-Sep,30-Sep,1-Oct,2-Oct,7,7,0
Chhatrapati Sambhajinagar,Nanded,Nanded,Himayatnagar,Himayatnagar,20013969,Hadgaon and Himayatnagar 132 Village Grid WSS,Borgaon (Tamsa),787,1,0.00,0.00,0.00,0.00,0.00,0.00,0.00,0.00,0.00,0.00,0.00,0.00,0.00,0.00,26-Sep,27-Sep,28-Sep,29-Sep,30-Sep,1-Oct,2-Oct,26-Sep,27-Sep,28-Sep,29-Sep,30-Sep,1-Oct,2-Oct,7,7,0
Chhatrapati Sambhajinagar,Chhatrapati Sambhajinagar,Jalna,Partur,Partur,20094559,"120 Villages Extension Scheme for Works Not Considered in 173 GRID WSS and 95 GRID WSS Tq. Partur, Mantha and Jalna Dist: Jalna",Akoli,1067,1,0.00,0.00,0.00,0.00,0.00,0.00,0.00,0.00,0.00,0.00,0.00,0.00,0.00,0.00,26-Sep,27-Sep,28-Sep,29-Sep,30-Sep,1-Oct,2-Oct,26-Sep,27-Sep,28-Sep,29-Sep,30-Sep,1-Oct,2-Oct,7,7,0
Chhatrapati Sambhajinagar,Chhatrapati Sambhajinagar,Jalna,Mantha,Mantha,20094559,"120 Villages Extension Scheme for Works Not Considered in 173 GRID WSS and 95 GRID WSS Tq. Partur, Mantha and Jalna Dist: Jalna",Andhawadi,1026,1,0.23,0.00,0.00,0.35,0.00,0.11,0.25,22.27,0.00,0.00,34.12,0.00,10.40,24.19,26-Sep,27-Sep,28-Sep,29-Sep,30-Sep,1-Oct,2-Oct,26-Sep,27-Sep,28-Sep,29-Sep,30-Sep,1-Oct,2-Oct,3,7,0
Chhatrapati Sambhajinagar,Chhatrapati Sambhajinagar,Jalna,Mantha,Mantha,20094559,"120 Villages Extension Scheme for Works Not Considered in 173 GRID WSS and 95 GRID WSS Tq. Partur, Mantha and Jalna Dist: Jalna",Incha,501,1,0.00,0.00,0.00,0.00,0.00,0.00,0.00,0.00,0.00,0.00,0.00,0.00,0.00,0.00,26-Sep,27-Sep,28-Sep,29-Sep,30-Sep,1-Oct,2-Oct,26-Sep,27-Sep,28-Sep,29-Sep,30-Sep,1-Oct,2-Oct,7,7,0
Chhatrapati Sambhajinagar,Chhatrapati Sambhajinagar,Chhatrapati Sambhajinagar,Paithan,Paithan,20018162,Paithan Taluka 178 Village Grid WS,kapuswadi,0,1,0.00,0.00,0.00,0.00,0.00,0.00,0.00,0.00,0.00,0.00,0.00,0.00,0.00,0.00,26-Sep,27-Sep,28-Sep,29-Sep,30-Sep,1-Oct,2-Oct,26-Sep,27-Sep,28-Sep,29-Sep,30-Sep,1-Oct,2-Oct,7,7,0
Chhatrapati Sambhajinagar,Chhatrapati Sambhajinagar,Chhatrapati Sambhajinagar,Vaijapur,Vaijapur,20051233,373 Village Gangapur-Vaijapur Grid WSS,Khandala,1180,1,0.00,0.00,0.00,0.00,0.00,0.00,0.00,0.00,0.00,0.00,0.00,0.00,0.00,0.00,26-Sep,27-Sep,28-Sep,29-Sep,30-Sep,1-Oct,2-Oct,26-Sep,27-Sep,28-Sep,29-Sep,30-Sep,1-Oct,2-Oct,7,7,0
Chhatrapati Sambhajinagar,Chhatrapati Sambhajinagar,Chhatrapati Sambhajinagar,Vaijapur,Vaijapur,20051233,373 Village Gangapur-Vaijapur Grid WSS,Jategaon,2711,1,0.00,0.00,0.00,0.00,0.00,0.00,0.00,0.00,0.00,0.00,0.00,0.00,0.00,0.00,26-Sep,27-Sep,28-Sep,29-Sep,30-Sep,1-Oct,2-Oct,26-Sep,27-Sep,28-Sep,29-Sep,30-Sep,1-Oct,2-Oct,7,7,0
Chhatrapati Sambhajinagar,Chhatrapati Sambhajinagar,Jalna,Mantha,Mantha,20094559,"120 Villages Extension Scheme for Works Not Considered in 173 GRID WSS and 95 GRID WSS Tq. Partur, Mantha and Jalna Dist: Jalna",Jaipur,2861,1,0.00,0.00,0.00,0.00,0.00,0.00,0.00,0.00,0.00,0.00,0.00,0.00,0.00,0.00,26-Sep,27-Sep,28-Sep,29-Sep,30-Sep,1-Oct,2-Oct,26-Sep,27-Sep,28-Sep,29-Sep,30-Sep,1-Oct,2-Oct,7,7,0
Chhatrapati Sambhajinagar,Nanded,Nanded,Hadgaon,Hadgaon,20013969,Hadgaon and Himayatnagar 132 Village Grid WSS,Umri kh,1022,1,0.00,0.00,0.00,0.00,0.00,0.00,0.43,0.00,0.00,0.00,0.00,0.00,0.00,41.83,26-Sep,27-Sep,28-Sep,29-Sep,30-Sep,1-Oct,2-Oct,26-Sep,27-Sep,28-Sep,29-Sep,30-Sep,1-Oct,2-Oct,6,7,0
Chhatrapati Sambhajinagar,Chhatrapati Sambhajinagar,Jalna,Jalna,Jalna,20094559,"120 Villages Extension Scheme for Works Not Considered in 173 GRID WSS and 95 GRID WSS Tq. Partur, Mantha and Jalna Dist: Jalna",Shivani,488,1,0.22,0.44,0.00,0.23,0.00,0.21,0.06,46.04,90.00,0.00,47.67,0.00,42.57,12.06,26-Sep,27-Sep,28-Sep,29-Sep,30-Sep,1-Oct,2-Oct,26-Sep,27-Sep,28-Sep,29-Sep,30-Sep,1-Oct,2-Oct,2,6,1
Chhatrapati Sambhajinagar,Chhatrapati Sambhajinagar,Chhatrapati Sambhajinagar,Paithan,Paithan,20018162,Paithan Taluka 178 Village Grid WS,Antarwadi Khandi,2331,1,0.00,0.00,0.00,0.00,0.00,0.00,0.00,0.00,0.00,0.00,0.00,0.00,0.00,0.00,26-Sep,27-Sep,28-Sep,29-Sep,30-Sep,1-Oct,2-Oct,26-Sep,27-Sep,28-Sep,29-Sep,30-Sep,1-Oct,2-Oct,7,7,0
Chhatrapati Sambhajinagar,Nanded,Nanded,Hadgaon,Hadgaon,20013969,Hadgaon and Himayatnagar 132 Village Grid WSS,Lyahari,2525,1,0.00,0.00,0.00,0.00,0.00,0.00,0.00,0.00,0.00,0.00,0.00,0.00,0.00,0.00,26-Sep,27-Sep,28-Sep,29-Sep,30-Sep,1-Oct,2-Oct,26-Sep,27-Sep,28-Sep,29-Sep,30-Sep,1-Oct,2-Oct,7,7,0
Chhatrapati Sambhajinagar,Chhatrapati Sambhajinagar,Jalna,Mantha,Mantha,20094559,"120 Villages Extension Scheme for Works Not Considered in 173 GRID WSS and 95 GRID WSS Tq. Partur, Mantha and Jalna Dist: Jalna",Kokarsa,378,1,0.00,0.78,0.00,0.00,0.00,0.00,0.00,0.00,206.35,0.00,0.00,0.00,0.00,0.00,26-Sep,27-Sep,28-Sep,29-Sep,30-Sep,1-Oct,2-Oct,26-Sep,27-Sep,28-Sep,29-Sep,30-Sep,1-Oct,2-Oct,6,6,1
Chhatrapati Sambhajinagar,Chhatrapati Sambhajinagar,Jalna,Partur,Partur,20094559,"120 Villages Extension Scheme for Works Not Considered in 173 GRID WSS and 95 GRID WSS Tq. Partur, Mantha and Jalna Dist: Jalna",Lingsa,2168,1,0.00,0.00,0.00,0.00,0.00,0.00,0.00,0.00,0.00,0.00,0.00,0.00,0.00,0.00,26-Sep,27-Sep,28-Sep,29-Sep,30-Sep,1-Oct,2-Oct,26-Sep,27-Sep,28-Sep,29-Sep,30-Sep,1-Oct,2-Oct,7,7,0
Chhatrapati Sambhajinagar,Chhatrapati Sambhajinagar,Jalna,Partur,Partur,20094559,"120 Villages Extension Scheme for Works Not Considered in 173 GRID WSS and 95 GRID WSS Tq. Partur, Mantha and Jalna Dist: Jalna",Revalgaon,865,1,1723.16,25.15,22.43,1591.70,1678.43,1506.64,1571.88,199209.25,2907.51,2593.06,184011.56,194037.92,174178.32,181720.23,26-Sep,27-Sep,28-Sep,29-Sep,30-Sep,1-Oct,2-Oct,26-Sep,27-Sep,28-Sep,29-Sep,30-Sep,1-Oct,2-Oct,0,0,7
Chhatrapati Sambhajinagar,Chhatrapati Sambhajinagar,Jalna,Partur,Partur,20094559,"120 Villages Extension Scheme for Works Not Considered in 173 GRID WSS and 95 GRID WSS Tq. Partur, Mantha and Jalna Dist: Jalna",Hastur Tanda,1454,1,0.00,0.00,0.00,0.00,0.00,0.00,0.00,0.00,0.00,0.00,0.00,0.00,0.00,0.00,26-Sep,27-Sep,28-Sep,29-Sep,30-Sep,1-Oct,2-Oct,26-Sep,27-Sep,28-Sep,29-Sep,30-Sep,1-Oct,2-Oct,7,7,0
Chhatrapati Sambhajinagar,Chhatrapati Sambhajinagar,Jalna,Mantha,Mantha,20094559,"120 Villages Extension Scheme for Works Not Considered in 173 GRID WSS and 95 GRID WSS Tq. Partur, Mantha and Jalna Dist: Jalna",Kharodsawangi,3859,1,0.00,0.00,0.00,0.00,0.00,0.00,0.00,0.00,0.00,0.00,0.00,0.00,0.00,0.00,26-Sep,27-Sep,28-Sep,29-Sep,30-Sep,1-Oct,2-Oct,26-Sep,27-Sep,28-Sep,29-Sep,30-Sep,1-Oct,2-Oct,7,7,0
Chhatrapati Sambhajinagar,Latur,Latur,Renapur,Renapur,20030820,Pangaon 10 villages WSS,Manusmarwadi,1629,1,0.00,0.00,0.00,0.00,0.00,0.00,0.00,0.00,0.00,0.00,0.00,0.00,0.00,0.00,26-Sep,27-Sep,28-Sep,29-Sep,30-Sep,1-Oct,2-Oct,26-Sep,27-Sep,28-Sep,29-Sep,30-Sep,1-Oct,2-Oct,7,7,0
Chhatrapati Sambhajinagar,Chhatrapati Sambhajinagar,Chhatrapati Sambhajinagar,Sillod,Sillod,20017395,Shirsala & 4 Village,Pangri,1472,1,1.96,0.96,2.25,2.44,0.05,0.11,2.23,133.15,65.22,152.85,165.76,3.40,7.47,151.49,26-Sep,27-Sep,28-Sep,29-Sep,30-Sep,1-Oct,2-Oct,26-Sep,27-Sep,28-Sep,29-Sep,30-Sep,1-Oct,2-Oct,0,2,5
Chhatrapati Sambhajinagar,Nanded,Nanded,Himayatnagar,Himayatnagar,20013969,Hadgaon and Himayatnagar 132 Village Grid WSS,Shibadara (J),1480,1,0.39,0.27,0.29,0.50,0.40,0.34,0.19,26.66,18.24,19.59,33.78,27.03,22.64,12.84,26-Sep,27-Sep,28-Sep,29-Sep,30-Sep,1-Oct,2-Oct,26-Sep,27-Sep,28-Sep,29-Sep,30-Sep,1-Oct,2-Oct,0,7,0
Chhatrapati Sambhajinagar,Nanded,Nanded,Hadgaon,Hadgaon,20013969,Hadgaon and Himayatnagar 132 Village Grid WSS,Koli,3873,1,0.00,0.00,0.00,0.00,0.00,0.00,0.00,0.00,0.00,0.00,0.00,0.00,0.00,0.00,26-Sep,27-Sep,28-Sep,29-Sep,30-Sep,1-Oct,2-Oct,26-Sep,27-Sep,28-Sep,29-Sep,30-Sep,1-Oct,2-Oct,7,7,0
Chhatrapati Sambhajinagar,Nanded,Nanded,Hadgaon,Hadgaon,20013969,Hadgaon and Himayatnagar 132 Village Grid WSS,Yelamb,2225,1,973.45,137.46,0.00,0.00,0.00,0.00,0.00,43750.42,6177.98,0.00,0.00,0.00,0.00,0.00,26-Sep,27-Sep,28-Sep,29-Sep,30-Sep,1-Oct,2-Oct,26-Sep,27-Sep,28-Sep,29-Sep,30-Sep,1-Oct,2-Oct,5,5,2
Chhatrapati Sambhajinagar,Chhatrapati Sambhajinagar,Jalna,Jalna,Jalna,20094559,"120 Villages Extension Scheme for Works Not Considered in 173 GRID WSS and 95 GRID WSS Tq. Partur, Mantha and Jalna Dist: Jalna",Pathrud Tanda,491,1,0.00,0.00,0.00,0.00,0.00,0.00,0.00,0.15,0.00,0.00,0.00,0.00,0.00,0.00,26-Sep,27-Sep,28-Sep,29-Sep,30-Sep,1-Oct,2-Oct,26-Sep,27-Sep,28-Sep,29-Sep,30-Sep,1-Oct,2-Oct,6,7,0
Chhatrapati Sambhajinagar,Chhatrapati Sambhajinagar,Jalna,Jalna,Jalna,20094559,"120 Villages Extension Scheme for Works Not Considered in 173 GRID WSS and 95 GRID WSS Tq. Partur, Mantha and Jalna Dist: Jalna",Umri Tanda,285,1,0.00,0.00,0.00,0.00,0.00,0.00,0.00,0.00,0.00,0.00,0.00,0.00,0.00,0.00,26-Sep,27-Sep,28-Sep,29-Sep,30-Sep,1-Oct,2-Oct,26-Sep,27-Sep,28-Sep,29-Sep,30-Sep,1-Oct,2-Oct,7,7,0
Chhatrapati Sambhajinagar,Chhatrapati Sambhajinagar,Jalna,Jalna,Jalna,20094559,"120 Villages Extension Scheme for Works Not Considered in 173 GRID WSS and 95 GRID WSS Tq. Partur, Mantha and Jalna Dist: Jalna",Bibi,426,1,0.00,0.00,0.00,0.00,0.00,0.00,0.00,0.00,0.00,0.00,0.00,0.00,0.00,0.00,26-Sep,27-Sep,28-Sep,29-Sep,30-Sep,1-Oct,2-Oct,26-Sep,27-Sep,28-Sep,29-Sep,30-Sep,1-Oct,2-Oct,7,7,0
Chhatrapati Sambhajinagar,Chhatrapati Sambhajinagar,Jalna,Mantha,Mantha,20094559,"120 Villages Extension Scheme for Works Not Considered in 173 GRID WSS and 95 GRID WSS Tq. Partur, Mantha and Jalna Dist: Jalna",Naigaon Tanda,1491,1,0.28,0.00,0.25,0.00,0.00,0.30,0.24,18.76,0.00,16.49,0.00,0.00,19.88,16.35,26-Sep,27-Sep,28-Sep,29-Sep,30-Sep,1-Oct,2-Oct,26-Sep,27-Sep,28-Sep,29-Sep,30-Sep,1-Oct,2-Oct,3,7,0
Chhatrapati Sambhajinagar,Chhatrapati Sambhajinagar,Jalna,Partur,Partur,20094559,"120 Villages Extension Scheme for Works Not Considered in 173 GRID WSS and 95 GRID WSS Tq. Partur, Mantha and Jalna Dist: Jalna",Watur Fata,4297,2,0.02,0.01,0.01,0.00,0.00,0.01,0.01,0.44,0.28,0.30,0.02,0.07,0.18,0.13,26-Sep,27-Sep,28-Sep,29-Sep,30-Sep,1-Oct,2-Oct,26-Sep,27-Sep,28-Sep,29-Sep,30-Sep,1-Oct,2-Oct,0,7,0
Chhatrapati Sambhajinagar,Chhatrapati Sambhajinagar,Jalna,Partur,Partur,20094559,"120 Villages Extension Scheme for Works Not Considered in 173 GRID WSS and 95 GRID WSS Tq. Partur, Mantha and Jalna Dist: Jalna",Hatwan,1694,1,0.00,0.00,0.00,0.00,0.00,0.00,0.00,0.00,0.00,0.00,0.00,0.00,0.00,0.00,26-Sep,27-Sep,28-Sep,29-Sep,30-Sep,1-Oct,2-Oct,26-Sep,27-Sep,28-Sep,29-Sep,30-Sep,1-Oct,2-Oct,7,7,0
Chhatrapati Sambhajinagar,Chhatrapati Sambhajinagar,Jalna,Jalna,Jalna,20094559,"120 Villages Extension Scheme for Works Not Considered in 173 GRID WSS and 95 GRID WSS Tq. Partur, Mantha and Jalna Dist: Jalna",Warkheda Sevali,1187,1,0.00,0.00,0.00,0.00,0.00,0.00,0.00,0.00,0.00,0.00,0.01,0.00,0.00,0.00,26-Sep,27-Sep,28-Sep,29-Sep,30-Sep,1-Oct,2-Oct,26-Sep,27-Sep,28-Sep,29-Sep,30-Sep,1-Oct,2-Oct,6,7,0
Chhatrapati Sambhajinagar,Nanded,Nanded,Hadgaon,Hadgaon,20013969,Hadgaon and Himayatnagar 132 Village Grid WSS,Unchegaon,1958,1,0.00,0.00,0.00,0.00,0.00,0.00,0.00,0.00,0.00,0.00,0.00,0.00,0.00,0.00,26-Sep,27-Sep,28-Sep,29-Sep,30-Sep,1-Oct,2-Oct,26-Sep,27-Sep,28-Sep,29-Sep,30-Sep,1-Oct,2-Oct,7,7,0
Chhatrapati Sambhajinagar,Chhatrapati Sambhajinagar,Jalna,Partur,Partur,20094559,"120 Villages Extension Scheme for Works Not Considered in 173 GRID WSS and 95 GRID WSS Tq. Partur, Mantha and Jalna Dist: Jalna",Rohina Kh,2293,1,0.00,0.00,0.00,0.00,0.00,0.00,0.00,0.00,0.00,0.00,0.00,0.00,0.00,0.00,26-Sep,27-Sep,28-Sep,29-Sep,30-Sep,1-Oct,2-Oct,26-Sep,27-Sep,28-Sep,29-Sep,30-Sep,1-Oct,2-Oct,7,7,0
Chhatrapati Sambhajinagar,Chhatrapati Sambhajinagar,Chhatrapati Sambhajinagar,Gangapur,Gangapur,20051233,373 Village Gangapur-Vaijapur Grid WSS,Warkhed,3343,1,0.20,0.05,0.05,0.71,0.69,0.64,0.08,5.98,1.50,1.50,21.24,20.64,19.14,2.39,26-Sep,27-Sep,28-Sep,29-Sep,30-Sep,1-Oct,2-Oct,26-Sep,27-Sep,28-Sep,29-Sep,30-Sep,1-Oct,2-Oct,0,7,0
Chhatrapati Sambhajinagar,Nanded,Nanded,Hadgaon,Hadgaon,20013969,Hadgaon and Himayatnagar 132 Village Grid WSS,Hadsani,1944,1,18.68,10.88,0.00,30.41,8.63,15.22,15.86,960.91,559.67,0.00,1564.30,443.93,782.92,815.84,26-Sep,27-Sep,28-Sep,29-Sep,30-Sep,1-Oct,2-Oct,26-Sep,27-Sep,28-Sep,29-Sep,30-Sep,1-Oct,2-Oct,1,1,6
Chhatrapati Sambhajinagar,Chhatrapati Sambhajinagar,Chhatrapati Sambhajinagar,Paithan,Paithan,20018162,Paithan Taluka 178 Village Grid WS,Khandewadi,0,1,0.00,0.00,0.00,0.00,0.00,0.00,0.00,0.00,0.00,0.00,0.00,0.00,0.00,0.00,26-Sep,27-Sep,28-Sep,29-Sep,30-Sep,1-Oct,2-Oct,26-Sep,27-Sep,28-Sep,29-Sep,30-Sep,1-Oct,2-Oct,7,7,0
Chhatrapati Sambhajinagar,Chhatrapati Sambhajinagar,Chhatrapati Sambhajinagar,Vaijapur,Vaijapur,20051233,373 Village Gangapur-Vaijapur Grid WSS,Bhaggaon,2023,1,0.00,0.00,0.00,0.00,0.00,0.00,0.00,0.00,0.00,0.00,0.00,0.00,0.00,0.00,26-Sep,27-Sep,28-Sep,29-Sep,30-Sep,1-Oct,2-Oct,26-Sep,27-Sep,28-Sep,29-Sep,30-Sep,1-Oct,2-Oct,7,7,0
Chhatrapati Sambhajinagar,Chhatrapati Sambhajinagar,Chhatrapati Sambhajinagar,Vaijapur,Vaijapur,20051233,373 Village Gangapur-Vaijapur Grid WSS,Babhultel,1532,1,0.00,0.00,0.00,0.00,0.00,0.00,0.00,0.00,0.00,0.00,0.00,0.00,0.00,0.00,26-Sep,27-Sep,28-Sep,29-Sep,30-Sep,1-Oct,2-Oct,26-Sep,27-Sep,28-Sep,29-Sep,30-Sep,1-Oct,2-Oct,7,7,0
Chhatrapati Sambhajinagar,Chhatrapati Sambhajinagar,Jalna,Mantha,Mantha,20094559,"120 Villages Extension Scheme for Works Not Considered in 173 GRID WSS and 95 GRID WSS Tq. Partur, Mantha and Jalna Dist: Jalna",Waghoda Tanda,1941,1,0.00,0.00,0.00,0.00,0.00,0.00,0.00,0.00,0.00,0.00,0.00,0.00,0.00,0.00,26-Sep,27-Sep,28-Sep,29-Sep,30-Sep,1-Oct,2-Oct,26-Sep,27-Sep,28-Sep,29-Sep,30-Sep,1-Oct,2-Oct,7,7,0
Chhatrapati Sambhajinagar,Chhatrapati Sambhajinagar,Chhatrapati Sambhajinagar,Gangapur,Gangapur,20051233,373 Village Gangapur-Vaijapur Grid WSS,Domegaon-Borgaon,1535,1,0.00,0.00,0.00,0.00,0.00,0.00,0.00,0.00,0.00,0.00,0.00,0.00,0.00,0.00,26-Sep,27-Sep,28-Sep,29-Sep,30-Sep,1-Oct,2-Oct,26-Sep,27-Sep,28-Sep,29-Sep,30-Sep,1-Oct,2-Oct,7,7,0
Chhatrapati Sambhajinagar,Chhatrapati Sambhajinagar,Jalna,Partur,Partur,20094559,"120 Villages Extension Scheme for Works Not Considered in 173 GRID WSS and 95 GRID WSS Tq. Partur, Mantha and Jalna Dist: Jalna",Mapegaon KH,1293,1,0.00,0.00,0.00,0.00,0.00,0.00,0.00,0.00,0.00,0.00,0.00,0.00,0.00,0.00,26-Sep,27-Sep,28-Sep,29-Sep,30-Sep,1-Oct,2-Oct,26-Sep,27-Sep,28-Sep,29-Sep,30-Sep,1-Oct,2-Oct,7,7,0
Chhatrapati Sambhajinagar,Nanded,Nanded,Hadgaon,Hadgaon,20013969,Hadgaon and Himayatnagar 132 Village Grid WSS,Wai Pana Bk,3017,1,0.00,0.00,0.00,0.00,0.00,0.00,0.00,0.00,0.00,0.00,0.00,0.00,0.00,0.00,26-Sep,27-Sep,28-Sep,29-Sep,30-Sep,1-Oct,2-Oct,26-Sep,27-Sep,28-Sep,29-Sep,30-Sep,1-Oct,2-Oct,7,7,0
Chhatrapati Sambhajinagar,Chhatrapati Sambhajinagar,Chhatrapati Sambhajinagar,Vaijapur,Vaijapur,20051233,373 Village Gangapur-Vaijapur Grid WSS,Lasurgaon,6676,1,0.00,0.00,0.00,0.00,0.00,0.00,0.00,0.00,0.00,0.00,0.00,0.00,0.00,0.00,26-Sep,27-Sep,28-Sep,29-Sep,30-Sep,1-Oct,2-Oct,26-Sep,27-Sep,28-Sep,29-Sep,30-Sep,1-Oct,2-Oct,7,7,0
Chhatrapati Sambhajinagar,Nanded,Nanded,Himayatnagar,Himayatnagar,20013969,Hadgaon and Himayatnagar 132 Village Grid WSS,Sirpalli,980,1,0.00,0.00,0.00,0.00,0.00,0.00,0.00,0.00,0.00,0.00,0.00,0.00,0.00,0.00,26-Sep,27-Sep,28-Sep,29-Sep,30-Sep,1-Oct,2-Oct,26-Sep,27-Sep,28-Sep,29-Sep,30-Sep,1-Oct,2-Oct,7,7,0
Chhatrapati Sambhajinagar,Chhatrapati Sambhajinagar,Jalna,Partur,Partur,20094559,"120 Villages Extension Scheme for Works Not Considered in 173 GRID WSS and 95 GRID WSS Tq. Partur, Mantha and Jalna Dist: Jalna",Banachiwadi,898,1,0.00,0.00,0.00,0.00,0.00,0.00,0.00,0.00,0.00,0.00,0.00,0.00,0.00,0.00,26-Sep,27-Sep,28-Sep,29-Sep,30-Sep,1-Oct,2-Oct,26-Sep,27-Sep,28-Sep,29-Sep,30-Sep,1-Oct,2-Oct,7,7,0
Chhatrapati Sambhajinagar,Nanded,Nanded,Hadgaon,Hadgaon,20013969,Hadgaon and Himayatnagar 132 Village Grid WSS,Sawargaon,4448,1,0.00,0.00,0.00,0.00,0.00,0.00,0.00,0.00,0.00,0.00,0.00,0.00,0.00,0.00,26-Sep,27-Sep,28-Sep,29-Sep,30-Sep,1-Oct,2-Oct,26-Sep,27-Sep,28-Sep,29-Sep,30-Sep,1-Oct,2-Oct,7,7,0
Chhatrapati Sambhajinagar,Chhatrapati Sambhajinagar,Jalna,Mantha,Mantha,20094559,"120 Villages Extension Scheme for Works Not Considered in 173 GRID WSS and 95 GRID WSS Tq. Partur, Mantha and Jalna Dist: Jalna",Virgavhan Tanda,577,1,0.00,0.00,0.00,0.00,0.00,0.00,0.00,0.00,0.00,0.00,0.00,0.00,0.00,0.00,26-Sep,27-Sep,28-Sep,29-Sep,30-Sep,1-Oct,2-Oct,26-Sep,27-Sep,28-Sep,29-Sep,30-Sep,1-Oct,2-Oct,7,7,0
Chhatrapati Sambhajinagar,Chhatrapati Sambhajinagar,Jalna,Jalna,Jalna,20094559,"120 Villages Extension Scheme for Works Not Considered in 173 GRID WSS and 95 GRID WSS Tq. Partur, Mantha and Jalna Dist: Jalna",Ner Tanda,256,1,0.00,0.00,0.00,0.00,0.00,0.00,0.00,0.00,0.00,0.00,0.00,0.00,0.00,0.00,26-Sep,27-Sep,28-Sep,29-Sep,30-Sep,1-Oct,2-Oct,26-Sep,27-Sep,28-Sep,29-Sep,30-Sep,1-Oct,2-Oct,7,7,0
Chhatrapati Sambhajinagar,Chhatrapati Sambhajinagar,Jalna,Partur,Partur,20094559,"120 Villages Extension Scheme for Works Not Considered in 173 GRID WSS and 95 GRID WSS Tq. Partur, Mantha and Jalna Dist: Jalna",Ashti,15470,2,0.01,0.00,0.00,0.00,0.01,0.00,0.01,0.04,0.03,0.02,0.02,0.04,0.02,0.07,26-Sep,27-Sep,28-Sep,29-Sep,30-Sep,1-Oct,2-Oct,26-Sep,27-Sep,28-Sep,29-Sep,30-Sep,1-Oct,2-Oct,0,7,0
Chhatrapati Sambhajinagar,Chhatrapati Sambhajinagar,Jalna,Mantha,Mantha,20094559,"120 Villages Extension Scheme for Works Not Considered in 173 GRID WSS and 95 GRID WSS Tq. Partur, Mantha and Jalna Dist: Jalna",Wadgaon Sarhadu,1136,1,0.00,0.00,0.00,0.00,0.00,0.00,0.00,0.00,0.00,0.00,0.00,0.00,0.00,0.00,26-Sep,27-Sep,28-Sep,29-Sep,30-Sep,1-Oct,2-Oct,26-Sep,27-Sep,28-Sep,29-Sep,30-Sep,1-Oct,2-Oct,7,7,0
Chhatrapati Sambhajinagar,Chhatrapati Sambhajinagar,Chhatrapati Sambhajinagar,Sillod,Sillod,20017395,Shirsala & 4 Village,Sirsala,996,1,0.00,0.00,0.48,0.52,0.00,0.51,0.50,0.00,0.00,48.19,52.21,0.00,51.20,50.20,26-Sep,27-Sep,28-Sep,29-Sep,30-Sep,1-Oct,2-Oct,26-Sep,27-Sep,28-Sep,29-Sep,30-Sep,1-Oct,2-Oct,3,7,0
Chhatrapati Sambhajinagar,Chhatrapati Sambhajinagar,Chhatrapati Sambhajinagar,Paithan,Paithan,20018162,Paithan Taluka 178 Village Grid WS,Warundi Bk.,2125,1,0.01,0.00,0.00,0.00,0.00,0.00,20.40,0.47,0.00,0.00,0.00,0.00,0.00,960.00,26-Sep,27-Sep,28-Sep,29-Sep,30-Sep,1-Oct,2-Oct,26-Sep,27-Sep,28-Sep,29-Sep,30-Sep,1-Oct,2-Oct,5,6,1
Chhatrapati Sambhajinagar,Chhatrapati Sambhajinagar,Chhatrapati Sambhajinagar,Vaijapur,Vaijapur,20051233,373 Village Gangapur-Vaijapur Grid WSS,Babhulgaon Bk.,2964,1,1.13,0.15,0.00,0.33,1.29,0.65,0.37,38.12,5.06,0.00,11.13,43.52,21.93,12.48,26-Sep,27-Sep,28-Sep,29-Sep,30-Sep,1-Oct,2-Oct,26-Sep,27-Sep,28-Sep,29-Sep,30-Sep,1-Oct,2-Oct,1,7,0
Chhatrapati Sambhajinagar,Chhatrapati Sambhajinagar,Jalna,Partur,Partur,20094559,"120 Villages Extension Scheme for Works Not Considered in 173 GRID WSS and 95 GRID WSS Tq. Partur, Mantha and Jalna Dist: Jalna",Salgaon,1029,1,0.00,0.27,0.00,0.00,0.00,0.39,0.52,0.00,26.24,0.00,0.00,0.00,37.90,50.53,26-Sep,27-Sep,28-Sep,29-Sep,30-Sep,1-Oct,2-Oct,26-Sep,27-Sep,28-Sep,29-Sep,30-Sep,1-Oct,2-Oct,4,7,0
Chhatrapati Sambhajinagar,Chhatrapati Sambhajinagar,Chhatrapati Sambhajinagar,Vaijapur,Vaijapur,20051233,373 Village Gangapur-Vaijapur Grid WSS,Mali Ghogargaon,2591,1,0.00,0.00,0.00,0.25,0.00,0.62,0.00,0.00,0.00,0.00,9.72,0.00,23.93,0.00,26-Sep,27-Sep,28-Sep,29-Sep,30-Sep,1-Oct,2-Oct,26-Sep,27-Sep,28-Sep,29-Sep,30-Sep,1-Oct,2-Oct,5,7,0
Chhatrapati Sambhajinagar,Chhatrapati Sambhajinagar,Jalna,Mantha,Mantha,20094559,"120 Villages Extension Scheme for Works Not Considered in 173 GRID WSS and 95 GRID WSS Tq. Partur, Mantha and Jalna Dist: Jalna",Thenge Wadgaon,790,1,0.00,0.00,0.00,0.00,0.00,0.00,0.00,0.00,0.00,0.00,0.00,0.00,0.00,0.00,26-Sep,27-Sep,28-Sep,29-Sep,30-Sep,1-Oct,2-Oct,26-Sep,27-Sep,28-Sep,29-Sep,30-Sep,1-Oct,2-Oct,7,7,0
Chhatrapati Sambhajinagar,Nanded,Nanded,Hadgaon,Hadgaon,20013969,Hadgaon and Himayatnagar 132 Village Grid WSS,Palsa,3436,1,0.00,0.00,0.00,0.01,0.00,0.00,0.00,0.00,0.00,0.00,0.29,0.00,0.00,0.00,26-Sep,27-Sep,28-Sep,29-Sep,30-Sep,1-Oct,2-Oct,26-Sep,27-Sep,28-Sep,29-Sep,30-Sep,1-Oct,2-Oct,6,7,0
Chhatrapati Sambhajinagar,Chhatrapati Sambhajinagar,Chhatrapati Sambhajinagar,Gangapur,Gangapur,20051233,373 Village Gangapur-Vaijapur Grid WSS,Shivrai,7718,1,0.00,0.00,0.09,0.42,0.39,0.50,0.41,0.00,0.00,1.17,5.44,5.05,6.48,5.31,26-Sep,27-Sep,28-Sep,29-Sep,30-Sep,1-Oct,2-Oct,26-Sep,27-Sep,28-Sep,29-Sep,30-Sep,1-Oct,2-Oct,2,7,0
Chhatrapati Sambhajinagar,Chhatrapati Sambhajinagar,Chhatrapati Sambhajinagar,Paithan,Paithan,20018162,Paithan Taluka 178 Village Grid WS,Geora Kh.,0,1,0.00,0.00,0.00,0.00,0.00,0.00,0.00,0.00,0.00,0.00,0.00,0.00,0.00,0.00,26-Sep,27-Sep,28-Sep,29-Sep,30-Sep,1-Oct,2-Oct,26-Sep,27-Sep,28-Sep,29-Sep,30-Sep,1-Oct,2-Oct,7,7,0
Chhatrapati Sambhajinagar,Chhatrapati Sambhajinagar,Jalna,Partur,Partur,20094559,"120 Villages Extension Scheme for Works Not Considered in 173 GRID WSS and 95 GRID WSS Tq. Partur, Mantha and Jalna Dist: Jalna",Surumgaon,947,2,0.00,0.00,0.00,0.00,0.00,0.00,0.00,0.00,0.00,0.00,0.00,0.00,0.00,0.00,26-Sep,27-Sep,28-Sep,29-Sep,30-Sep,1-Oct,2-Oct,26-Sep,27-Sep,28-Sep,29-Sep,30-Sep,1-Oct,2-Oct,7,7,0
Chhatrapati Sambhajinagar,Chhatrapati Sambhajinagar,Jalna,Mantha,Mantha,20094559,"120 Villages Extension Scheme for Works Not Considered in 173 GRID WSS and 95 GRID WSS Tq. Partur, Mantha and Jalna Dist: Jalna",Nansi,1123,2,0.00,0.00,0.00,0.00,0.00,0.00,0.00,0.00,0.00,0.00,0.00,0.00,0.00,0.00,26-Sep,27-Sep,28-Sep,29-Sep,30-Sep,1-Oct,2-Oct,26-Sep,27-Sep,28-Sep,29-Sep,30-Sep,1-Oct,2-Oct,7,7,0
Chhatrapati Sambhajinagar,Chhatrapati Sambhajinagar,Jalna,Partur,Partur,20094559,"120 Villages Extension Scheme for Works Not Considered in 173 GRID WSS and 95 GRID WSS Tq. Partur, Mantha and Jalna Dist: Jalna",Dahiphal Tanda,545,1,0.00,0.00,0.00,0.00,0.00,0.00,0.00,0.00,0.00,0.00,0.00,0.00,0.00,0.00,26-Sep,27-Sep,28-Sep,29-Sep,30-Sep,1-Oct,2-Oct,26-Sep,27-Sep,28-Sep,29-Sep,30-Sep,1-Oct,2-Oct,7,7,0
Chhatrapati Sambhajinagar,Chhatrapati Sambhajinagar,Jalna,Jalna,Jalna,20094559,"120 Villages Extension Scheme for Works Not Considered in 173 GRID WSS and 95 GRID WSS Tq. Partur, Mantha and Jalna Dist: Jalna",Sevali Tanda,801,1,0.00,0.00,0.00,0.00,0.00,0.00,0.00,0.00,0.00,0.00,0.00,0.00,0.00,0.00,26-Sep,27-Sep,28-Sep,29-Sep,30-Sep,1-Oct,2-Oct,26-Sep,27-Sep,28-Sep,29-Sep,30-Sep,1-Oct,2-Oct,7,7,0
Chhatrapati Sambhajinagar,Chhatrapati Sambhajinagar,Jalna,Mantha,Mantha,20094559,"120 Villages Extension Scheme for Works Not Considered in 173 GRID WSS and 95 GRID WSS Tq. Partur, Mantha and Jalna Dist: Jalna",Kanadi,1040,1,0.00,0.00,0.00,0.00,0.00,0.00,0.00,0.00,0.00,0.00,0.00,0.00,0.00,0.00,26-Sep,27-Sep,28-Sep,29-Sep,30-Sep,1-Oct,2-Oct,26-Sep,27-Sep,28-Sep,29-Sep,30-Sep,1-Oct,2-Oct,7,7,0
Chhatrapati Sambhajinagar,Chhatrapati Sambhajinagar,Jalna,Mantha,Mantha,20094559,"120 Villages Extension Scheme for Works Not Considered in 173 GRID WSS and 95 GRID WSS Tq. Partur, Mantha and Jalna Dist: Jalna",PANGRI BK. TANDA,1075,1,0.00,0.00,0.00,0.00,0.00,0.00,0.00,0.00,0.00,0.00,0.00,0.00,0.00,0.00,26-Sep,27-Sep,28-Sep,29-Sep,30-Sep,1-Oct,2-Oct,26-Sep,27-Sep,28-Sep,29-Sep,30-Sep,1-Oct,2-Oct,7,7,0
Chhatrapati Sambhajinagar,Chhatrapati Sambhajinagar,Jalna,Partur,Partur,20094559,"120 Villages Extension Scheme for Works Not Considered in 173 GRID WSS and 95 GRID WSS Tq. Partur, Mantha and Jalna Dist: Jalna",Asangaon,1225,1,0.00,0.00,0.00,0.00,0.00,0.00,0.00,0.00,0.00,0.00,0.00,0.00,0.00,0.00,26-Sep,27-Sep,28-Sep,29-Sep,30-Sep,1-Oct,2-Oct,26-Sep,27-Sep,28-Sep,29-Sep,30-Sep,1-Oct,2-Oct,7,7,0
Chhatrapati Sambhajinagar,Chhatrapati Sambhajinagar,Chhatrapati Sambhajinagar,Gangapur,Gangapur,20051233,373 Village Gangapur-Vaijapur Grid WSS,Jogeshwari,13730,1,5.60,4.68,2.06,5.00,6.42,8.08,4.00,40.76,34.06,15.02,36.44,46.76,58.81,29.14,26-Sep,27-Sep,28-Sep,29-Sep,30-Sep,1-Oct,2-Oct,26-Sep,27-Sep,28-Sep,29-Sep,30-Sep,1-Oct,2-Oct,0,6,1
Chhatrapati Sambhajinagar,Nanded,Nanded,Hadgaon,Hadgaon,20013969,Hadgaon and Himayatnagar 132 Village Grid WSS,Bhanegaon Tanda,971,1,0.00,0.03,0.00,0.00,0.00,0.00,0.00,0.00,3.09,0.00,0.00,0.00,0.00,0.00,26-Sep,27-Sep,28-Sep,29-Sep,30-Sep,1-Oct,2-Oct,26-Sep,27-Sep,28-Sep,29-Sep,30-Sep,1-Oct,2-Oct,6,7,0
Chhatrapati Sambhajinagar,Chhatrapati Sambhajinagar,Chhatrapati Sambhajinagar,Vaijapur,Vaijapur,20051233,373 Village Gangapur-Vaijapur Grid WSS,Hilalpur,1383,1,0.00,0.00,0.00,0.00,0.00,0.00,0.00,0.00,0.00,0.00,0.00,0.00,0.00,0.00,26-Sep,27-Sep,28-Sep,29-Sep,30-Sep,1-Oct,2-Oct,26-Sep,27-Sep,28-Sep,29-Sep,30-Sep,1-Oct,2-Oct,7,7,0
Chhatrapati Sambhajinagar,Chhatrapati Sambhajinagar,Jalna,Mantha,Mantha,20094559,"120 Villages Extension Scheme for Works Not Considered in 173 GRID WSS and 95 GRID WSS Tq. Partur, Mantha and Jalna Dist: Jalna",Kanphodi Tanda,1082,1,0.00,0.00,0.00,0.00,0.00,0.00,0.00,0.06,0.04,0.00,0.01,0.06,0.01,0.00,26-Sep,27-Sep,28-Sep,29-Sep,30-Sep,1-Oct,2-Oct,26-Sep,27-Sep,28-Sep,29-Sep,30-Sep,1-Oct,2-Oct,2,7,0
Chhatrapati Sambhajinagar,Nanded,Nanded,Himayatnagar,Himayatnagar,20013969,Hadgaon and Himayatnagar 132 Village Grid WSS,Khairgaon (jahagir),425,1,0.00,0.00,0.00,0.00,0.00,0.00,0.00,0.00,0.00,0.00,0.00,0.00,0.00,0.00,26-Sep,27-Sep,28-Sep,29-Sep,30-Sep,1-Oct,2-Oct,26-Sep,27-Sep,28-Sep,29-Sep,30-Sep,1-Oct,2-Oct,7,7,0
Chhatrapati Sambhajinagar,Chhatrapati Sambhajinagar,Jalna,Partur,Partur,20094559,"120 Villages Extension Scheme for Works Not Considered in 173 GRID WSS and 95 GRID WSS Tq. Partur, Mantha and Jalna Dist: Jalna",Pimpali Dhamangaon,1892,1,1.12,0.05,0.49,0.40,1.12,1.18,0.91,59.29,2.83,25.90,20.88,58.94,62.24,48.02,26-Sep,27-Sep,28-Sep,29-Sep,30-Sep,1-Oct,2-Oct,26-Sep,27-Sep,28-Sep,29-Sep,30-Sep,1-Oct,2-Oct,0,4,3
Chhatrapati Sambhajinagar,Nanded,Nanded,Himayatnagar,Himayatnagar,20013969,Hadgaon and Himayatnagar 132 Village Grid WSS,Dudhad,1232,1,0.00,0.00,0.00,0.00,0.00,0.00,0.00,0.00,0.00,0.00,0.00,0.00,0.00,0.00,26-Sep,27-Sep,28-Sep,29-Sep,30-Sep,1-Oct,2-Oct,26-Sep,27-Sep,28-Sep,29-Sep,30-Sep,1-Oct,2-Oct,7,7,0
Chhatrapati Sambhajinagar,Chhatrapati Sambhajinagar,Chhatrapati Sambhajinagar,Vaijapur,Vaijapur,20051233,373 Village Gangapur-Vaijapur Grid WSS,Babhulgaon Kh,1976,1,0.00,0.00,0.00,0.00,0.00,0.00,0.00,0.00,0.00,0.00,0.00,0.00,0.00,0.00,26-Sep,27-Sep,28-Sep,29-Sep,30-Sep,1-Oct,2-Oct,26-Sep,27-Sep,28-Sep,29-Sep,30-Sep,1-Oct,2-Oct,7,7,0
Chhatrapati Sambhajinagar,Chhatrapati Sambhajinagar,Jalna,Mantha,Mantha,20094559,"120 Villages Extension Scheme for Works Not Considered in 173 GRID WSS and 95 GRID WSS Tq. Partur, Mantha and Jalna Dist: Jalna",Mahora,822,1,0.00,0.00,0.00,0.00,0.00,0.00,0.00,0.00,0.04,0.00,0.00,0.00,0.00,0.00,26-Sep,27-Sep,28-Sep,29-Sep,30-Sep,1-Oct,2-Oct,26-Sep,27-Sep,28-Sep,29-Sep,30-Sep,1-Oct,2-Oct,6,7,0
Chhatrapati Sambhajinagar,Chhatrapati Sambhajinagar,Chhatrapati Sambhajinagar,Vaijapur,Vaijapur,20051233,373 Village Gangapur-Vaijapur Grid WSS,Aghur,3999,1,1.49,1.12,1.13,1.12,1.73,1.24,1.64,37.26,28.01,28.26,28.01,43.26,31.01,41.01,26-Sep,27-Sep,28-Sep,29-Sep,30-Sep,1-Oct,2-Oct,26-Sep,27-Sep,28-Sep,29-Sep,30-Sep,1-Oct,2-Oct,0,7,0
Chhatrapati Sambhajinagar,Chhatrapati Sambhajinagar,Chhatrapati Sambhajinagar,Vaijapur,Vaijapur,20051233,373 Village Gangapur-Vaijapur Grid WSS,Pokhari,2866,1,0.00,0.37,0.00,0.00,0.00,0.18,0.58,0.00,12.91,0.00,0.00,0.00,6.28,20.24,26-Sep,27-Sep,28-Sep,29-Sep,30-Sep,1-Oct,2-Oct,26-Sep,27-Sep,28-Sep,29-Sep,30-Sep,1-Oct,2-Oct,4,7,0
Chhatrapati Sambhajinagar,Chhatrapati Sambhajinagar,Chhatrapati Sambhajinagar,Vaijapur,Vaijapur,20051233,373 Village Gangapur-Vaijapur Grid WSS,Deogaon Shani,934,1,0.00,0.00,0.00,0.00,0.00,0.00,0.00,0.00,0.00,0.00,0.00,0.00,0.00,0.00,26-Sep,27-Sep,28-Sep,29-Sep,30-Sep,1-Oct,2-Oct,26-Sep,27-Sep,28-Sep,29-Sep,30-Sep,1-Oct,2-Oct,7,7,0
Chhatrapati Sambhajinagar,Chhatrapati Sambhajinagar,Jalna,Partur,Partur,20094559,"120 Villages Extension Scheme for Works Not Considered in 173 GRID WSS and 95 GRID WSS Tq. Partur, Mantha and Jalna Dist: Jalna",Bramhawadgaon,728,1,0.00,0.00,0.00,0.00,0.00,0.00,0.00,0.00,0.00,0.00,0.00,0.00,0.00,0.00,26-Sep,27-Sep,28-Sep,29-Sep,30-Sep,1-Oct,2-Oct,26-Sep,27-Sep,28-Sep,29-Sep,30-Sep,1-Oct,2-Oct,7,7,0
Chhatrapati Sambhajinagar,Chhatrapati Sambhajinagar,Jalna,Partur,Partur,20094559,"120 Villages Extension Scheme for Works Not Considered in 173 GRID WSS and 95 GRID WSS Tq. Partur, Mantha and Jalna Dist: Jalna",Rohina (Bk),953,1,0.00,0.00,0.00,0.00,0.00,0.00,0.00,0.00,0.00,0.00,0.00,0.00,0.00,0.00,26-Sep,27-Sep,28-Sep,29-Sep,30-Sep,1-Oct,2-Oct,26-Sep,27-Sep,28-Sep,29-Sep,30-Sep,1-Oct,2-Oct,7,7,0
Chhatrapati Sambhajinagar,Chhatrapati Sambhajinagar,Jalna,Partur,Partur,20094559,"120 Villages Extension Scheme for Works Not Considered in 173 GRID WSS and 95 GRID WSS Tq. Partur, Mantha and Jalna Dist: Jalna",Wadhona Tanda,442,1,0.08,0.00,0.03,0.34,0.04,0.01,0.04,17.78,0.00,7.83,77.03,8.56,1.45,9.99,26-Sep,27-Sep,28-Sep,29-Sep,30-Sep,1-Oct,2-Oct,26-Sep,27-Sep,28-Sep,29-Sep,30-Sep,1-Oct,2-Oct,1,6,1
Chhatrapati Sambhajinagar,Chhatrapati Sambhajinagar,Jalna,Mantha,Mantha,20094559,"120 Villages Extension Scheme for Works Not Considered in 173 GRID WSS and 95 GRID WSS Tq. Partur, Mantha and Jalna Dist: Jalna",Daghi,1485,1,0.00,0.00,0.00,0.00,0.00,0.00,0.00,0.00,0.00,0.00,0.00,0.00,0.00,0.00,26-Sep,27-Sep,28-Sep,29-Sep,30-Sep,1-Oct,2-Oct,26-Sep,27-Sep,28-Sep,29-Sep,30-Sep,1-Oct,2-Oct,7,7,0
Chhatrapati Sambhajinagar,Chhatrapati Sambhajinagar,Jalna,Jalna,Jalna,20094559,"120 Villages Extension Scheme for Works Not Considered in 173 GRID WSS and 95 GRID WSS Tq. Partur, Mantha and Jalna Dist: Jalna",Rameshwar Tanda,804,1,0.00,0.00,0.00,0.00,0.00,0.00,0.00,0.00,0.00,0.00,0.00,0.00,0.00,0.00,26-Sep,27-Sep,28-Sep,29-Sep,30-Sep,1-Oct,2-Oct,26-Sep,27-Sep,28-Sep,29-Sep,30-Sep,1-Oct,2-Oct,7,7,0
Chhatrapati Sambhajinagar,Latur,Latur,Chakur,Chakur,20030459,Rachnawadi 6 villages WSS,Rachnawadi,2228,1,1.76,0.00,1.99,0.62,2.13,0.01,1.72,78.87,0.00,89.32,27.78,95.60,0.27,77.20,26-Sep,27-Sep,28-Sep,29-Sep,30-Sep,1-Oct,2-Oct,26-Sep,27-Sep,28-Sep,29-Sep,30-Sep,1-Oct,2-Oct,1,3,4
Chhatrapati Sambhajinagar,Nanded,Nanded,Hadgaon,Hadgaon,20013969,Hadgaon and Himayatnagar 132 Village Grid WSS,Krushnapur,664,1,0.00,0.00,0.00,0.00,0.00,0.00,0.00,0.00,0.00,0.00,0.00,0.00,0.00,0.00,26-Sep,27-Sep,28-Sep,29-Sep,30-Sep,1-Oct,2-Oct,26-Sep,27-Sep,28-Sep,29-Sep,30-Sep,1-Oct,2-Oct,7,7,0
Chhatrapati Sambhajinagar,Chhatrapati Sambhajinagar,Chhatrapati Sambhajinagar,Vaijapur,Vaijapur,20051233,373 Village Gangapur-Vaijapur Grid WSS,Agar Saigaon,1601,1,0.00,15.34,0.00,0.00,5.55,253.19,0.00,0.00,958.15,0.00,0.00,346.66,15814.57,0.00,26-Sep,27-Sep,28-Sep,29-Sep,30-Sep,1-Oct,2-Oct,26-Sep,27-Sep,28-Sep,29-Sep,30-Sep,1-Oct,2-Oct,4,4,3
Chhatrapati Sambhajinagar,Chhatrapati Sambhajinagar,Chhatrapati Sambhajinagar,Gangapur,Gangapur,20051233,373 Village Gangapur-Vaijapur Grid WSS,Babhulgaon Padalsa,1001,1,0.00,0.00,0.00,0.00,0.00,0.00,0.00,0.00,0.00,0.00,0.00,0.00,0.00,0.00,26-Sep,27-Sep,28-Sep,29-Sep,30-Sep,1-Oct,2-Oct,26-Sep,27-Sep,28-Sep,29-Sep,30-Sep,1-Oct,2-Oct,7,7,0
Chhatrapati Sambhajinagar,Chhatrapati Sambhajinagar,Jalna,Partur,Partur,20094559,"120 Villages Extension Scheme for Works Not Considered in 173 GRID WSS and 95 GRID WSS Tq. Partur, Mantha and Jalna Dist: Jalna",Dhokmal Tanda,1058,1,0.00,2.70,3.97,0.00,4.31,5.69,0.00,0.00,255.20,375.24,0.00,407.37,537.81,0.00,26-Sep,27-Sep,28-Sep,29-Sep,30-Sep,1-Oct,2-Oct,26-Sep,27-Sep,28-Sep,29-Sep,30-Sep,1-Oct,2-Oct,3,3,4
Chhatrapati Sambhajinagar,Chhatrapati Sambhajinagar,Jalna,Partur,Partur,20094559,"120 Villages Extension Scheme for Works Not Considered in 173 GRID WSS and 95 GRID WSS Tq. Partur, Mantha and Jalna Dist: Jalna",Babultara,1652,1,0.00,0.00,0.00,0.00,0.00,0.00,0.00,0.00,0.00,0.00,0.00,0.00,0.00,0.00,26-Sep,27-Sep,28-Sep,29-Sep,30-Sep,1-Oct,2-Oct,26-Sep,27-Sep,28-Sep,29-Sep,30-Sep,1-Oct,2-Oct,7,7,0
Chhatrapati Sambhajinagar,Chhatrapati Sambhajinagar,Jalna,Partur,Partur,20094559,"120 Villages Extension Scheme for Works Not Considered in 173 GRID WSS and 95 GRID WSS Tq. Partur, Mantha and Jalna Dist: Jalna",Shreshti,2637,1,0.17,0.00,0.10,0.24,0.08,0.24,0.19,6.41,0.00,3.70,9.14,3.21,9.00,7.08,26-Sep,27-Sep,28-Sep,29-Sep,30-Sep,1-Oct,2-Oct,26-Sep,27-Sep,28-Sep,29-Sep,30-Sep,1-Oct,2-Oct,1,7,0
Chhatrapati Sambhajinagar,Chhatrapati Sambhajinagar,Jalna,Jalna,Jalna,20094559,"120 Villages Extension Scheme for Works Not Considered in 173 GRID WSS and 95 GRID WSS Tq. Partur, Mantha and Jalna Dist: Jalna",Kolewadi Sump,468,1,0.00,0.00,0.00,0.00,0.00,0.00,0.00,0.00,0.00,0.00,0.00,0.00,0.00,0.00,26-Sep,27-Sep,28-Sep,29-Sep,30-Sep,1-Oct,2-Oct,26-Sep,27-Sep,28-Sep,29-Sep,30-Sep,1-Oct,2-Oct,7,7,0
Chhatrapati Sambhajinagar,Nanded,Nanded,Hadgaon,Hadgaon,20013969,Hadgaon and Himayatnagar 132 Village Grid WSS,Shendan,526,1,0.00,0.00,0.00,0.00,0.00,0.00,0.00,0.00,0.00,0.00,0.00,0.00,0.00,0.00,26-Sep,27-Sep,28-Sep,29-Sep,30-Sep,1-Oct,2-Oct,26-Sep,27-Sep,28-Sep,29-Sep,30-Sep,1-Oct,2-Oct,7,7,0
Chhatrapati Sambhajinagar,Chhatrapati Sambhajinagar,Jalna,Mantha,Mantha,20094559,"120 Villages Extension Scheme for Works Not Considered in 173 GRID WSS and 95 GRID WSS Tq. Partur, Mantha and Jalna Dist: Jalna",Naigaon MBR,1491,1,0.00,0.00,0.00,0.00,0.00,0.00,1.52,0.00,0.00,0.00,0.00,0.00,0.00,101.72,26-Sep,27-Sep,28-Sep,29-Sep,30-Sep,1-Oct,2-Oct,26-Sep,27-Sep,28-Sep,29-Sep,30-Sep,1-Oct,2-Oct,6,6,1
Chhatrapati Sambhajinagar,Chhatrapati Sambhajinagar,Jalna,Mantha,Mantha,20094559,"120 Villages Extension Scheme for Works Not Considered in 173 GRID WSS and 95 GRID WSS Tq. Partur, Mantha and Jalna Dist: Jalna",DHOKSAL,2073,1,0.00,0.00,0.00,0.00,0.00,0.00,0.06,0.00,0.00,0.00,0.00,0.00,0.15,2.88,26-Sep,27-Sep,28-Sep,29-Sep,30-Sep,1-Oct,2-Oct,26-Sep,27-Sep,28-Sep,29-Sep,30-Sep,1-Oct,2-Oct,5,7,0
Chhatrapati Sambhajinagar,Chhatrapati Sambhajinagar,Jalna,Mantha,Mantha,20094559,"120 Villages Extension Scheme for Works Not Considered in 173 GRID WSS and 95 GRID WSS Tq. Partur, Mantha and Jalna Dist: Jalna",Sonunkarwadi Tanda,993,1,0.00,0.00,0.00,0.00,0.00,0.00,0.00,0.00,0.00,0.00,0.00,0.00,0.00,0.00,26-Sep,27-Sep,28-Sep,29-Sep,30-Sep,1-Oct,2-Oct,26-Sep,27-Sep,28-Sep,29-Sep,30-Sep,1-Oct,2-Oct,7,7,0
Chhatrapati Sambhajinagar,Chhatrapati Sambhajinagar,Jalna,Partur,Partur,20094559,"120 Villages Extension Scheme for Works Not Considered in 173 GRID WSS and 95 GRID WSS Tq. Partur, Mantha and Jalna Dist: Jalna",Walkhed,1443,1,0.00,0.00,0.00,0.00,0.00,0.00,0.00,0.00,0.00,0.00,0.00,0.00,0.00,0.00,26-Sep,27-Sep,28-Sep,29-Sep,30-Sep,1-Oct,2-Oct,26-Sep,27-Sep,28-Sep,29-Sep,30-Sep,1-Oct,2-Oct,7,7,0
Chhatrapati Sambhajinagar,Chhatrapati Sambhajinagar,Jalna,Mantha,Mantha,20094559,"120 Villages Extension Scheme for Works Not Considered in 173 GRID WSS and 95 GRID WSS Tq. Partur, Mantha and Jalna Dist: Jalna",PANGRI KH.,3178,1,0.00,0.00,0.00,0.00,0.00,0.00,0.00,0.00,0.00,0.00,0.00,0.00,0.00,0.00,26-Sep,27-Sep,28-Sep,29-Sep,30-Sep,1-Oct,2-Oct,26-Sep,27-Sep,28-Sep,29-Sep,30-Sep,1-Oct,2-Oct,7,7,0
Chhatrapati Sambhajinagar,Chhatrapati Sambhajinagar,Chhatrapati Sambhajinagar,Paithan,Paithan,20018162,Paithan Taluka 178 Village Grid WS,Shekta,0,1,0.00,0.00,0.00,0.00,0.00,0.00,0.00,0.00,0.00,0.00,0.00,0.00,0.00,0.00,26-Sep,27-Sep,28-Sep,29-Sep,30-Sep,1-Oct,2-Oct,26-Sep,27-Sep,28-Sep,29-Sep,30-Sep,1-Oct,2-Oct,7,7,0
Chhatrapati Sambhajinagar,Chhatrapati Sambhajinagar,Jalna,Mantha,Mantha,20094559,"120 Villages Extension Scheme for Works Not Considered in 173 GRID WSS and 95 GRID WSS Tq. Partur, Mantha and Jalna Dist: Jalna",Hanwat Kheda,531,1,0.00,0.00,0.00,0.00,0.00,0.00,0.00,0.00,0.00,0.00,0.00,0.00,0.00,0.00,26-Sep,27-Sep,28-Sep,29-Sep,30-Sep,1-Oct,2-Oct,26-Sep,27-Sep,28-Sep,29-Sep,30-Sep,1-Oct,2-Oct,7,7,0
Chhatrapati Sambhajinagar,Nanded,Nanded,Hadgaon,Hadgaon,20013969,Hadgaon and Himayatnagar 132 Village Grid WSS,Pangri (Manatha),772,1,0.00,0.00,0.00,0.00,0.00,0.00,0.00,0.00,0.00,0.00,0.00,0.00,0.00,0.00,26-Sep,27-Sep,28-Sep,29-Sep,30-Sep,1-Oct,2-Oct,26-Sep,27-Sep,28-Sep,29-Sep,30-Sep,1-Oct,2-Oct,7,7,0
Chhatrapati Sambhajinagar,Chhatrapati Sambhajinagar,Jalna,Jalna,Jalna,20094559,"120 Villages Extension Scheme for Works Not Considered in 173 GRID WSS and 95 GRID WSS Tq. Partur, Mantha and Jalna Dist: Jalna",Wasaram Naik Tanda,373,1,0.00,0.00,0.00,0.00,0.00,0.00,0.00,0.05,0.00,0.02,0.03,0.05,0.05,0.03,26-Sep,27-Sep,28-Sep,29-Sep,30-Sep,1-Oct,2-Oct,26-Sep,27-Sep,28-Sep,29-Sep,30-Sep,1-Oct,2-Oct,1,7,0
Chhatrapati Sambhajinagar,Nanded,Nanded,Hadgaon,Hadgaon,20013969,Hadgaon and Himayatnagar 132 Village Grid WSS,Chinchgawhan,2440,1,0.00,0.00,0.03,0.00,0.00,0.02,0.07,0.00,0.00,1.23,0.00,0.00,0.82,2.87,26-Sep,27-Sep,28-Sep,29-Sep,30-Sep,1-Oct,2-Oct,26-Sep,27-Sep,28-Sep,29-Sep,30-Sep,1-Oct,2-Oct,4,7,0
Chhatrapati Sambhajinagar,Chhatrapati Sambhajinagar,Jalna,Mantha,Mantha,20094559,"120 Villages Extension Scheme for Works Not Considered in 173 GRID WSS and 95 GRID WSS Tq. Partur, Mantha and Jalna Dist: Jalna",Saskheda,568,1,0.00,0.00,0.00,0.00,0.00,0.00,0.00,0.00,0.00,0.00,0.00,0.00,0.00,0.00,26-Sep,27-Sep,28-Sep,29-Sep,30-Sep,1-Oct,2-Oct,26-Sep,27-Sep,28-Sep,29-Sep,30-Sep,1-Oct,2-Oct,7,7,0
Chhatrapati Sambhajinagar,Chhatrapati Sambhajinagar,Chhatrapati Sambhajinagar,Paithan,Paithan,20018162,Paithan Taluka 178 Village Grid WS,Dadegaon Jahagir,1400,1,0.00,1.11,83.62,35.81,30.82,27.91,25.13,0.00,79.29,5972.86,2558.07,2201.19,1993.48,1794.79,26-Sep,27-Sep,28-Sep,29-Sep,30-Sep,1-Oct,2-Oct,26-Sep,27-Sep,28-Sep,29-Sep,30-Sep,1-Oct,2-Oct,1,1,6
Chhatrapati Sambhajinagar,Chhatrapati Sambhajinagar,Chhatrapati Sambhajinagar,Paithan,Paithan,20018162,Paithan Taluka 178 Village Grid WS,Changatpuri,3387,1,0.00,0.00,0.00,0.00,0.00,0.00,0.00,0.00,0.00,0.00,0.00,0.00,0.00,0.00,26-Sep,27-Sep,28-Sep,29-Sep,30-Sep,1-Oct,2-Oct,26-Sep,27-Sep,28-Sep,29-Sep,30-Sep,1-Oct,2-Oct,7,7,0
Chhatrapati Sambhajinagar,Chhatrapati Sambhajinagar,Jalna,Mantha,Mantha,20094559,"120 Villages Extension Scheme for Works Not Considered in 173 GRID WSS and 95 GRID WSS Tq. Partur, Mantha and Jalna Dist: Jalna",Limbaji Barbada,369,1,0.00,0.00,54.55,0.00,0.00,0.00,0.00,0.00,0.00,14783.20,0.00,0.00,0.00,0.00,26-Sep,27-Sep,28-Sep,29-Sep,30-Sep,1-Oct,2-Oct,26-Sep,27-Sep,28-Sep,29-Sep,30-Sep,1-Oct,2-Oct,6,6,1
Chhatrapati Sambhajinagar,Latur,Latur,Renapur,Renapur,20030820,Pangaon 10 villages WSS,Kharoli,8990,2,0.08,0.00,0.00,0.00,0.00,1.00,5.68,0.89,0.00,0.00,0.00,0.00,11.12,63.18,26-Sep,27-Sep,28-Sep,29-Sep,30-Sep,1-Oct,2-Oct,26-Sep,27-Sep,28-Sep,29-Sep,30-Sep,1-Oct,2-Oct,4,6,1
Chhatrapati Sambhajinagar,Chhatrapati Sambhajinagar,Chhatrapati Sambhajinagar,Sillod,Sillod,20017395,Shirsala & 4 Village,Janjala,1088,1,0.11,0.00,0.91,0.80,0.69,0.59,0.83,10.11,0.00,83.64,73.53,63.42,54.23,76.29,26-Sep,27-Sep,28-Sep,29-Sep,30-Sep,1-Oct,2-Oct,26-Sep,27-Sep,28-Sep,29-Sep,30-Sep,1-Oct,2-Oct,1,3,4
Chhatrapati Sambhajinagar,Chhatrapati Sambhajinagar,Jalna,Mantha,Mantha,20094559,"120 Villages Extension Scheme for Works Not Considered in 173 GRID WSS and 95 GRID WSS Tq. Partur, Mantha and Jalna Dist: Jalna",Pangra Gadadhe,2126,2,0.00,23.01,0.00,0.00,0.00,0.00,0.00,0.00,1082.31,0.00,0.00,0.00,0.00,0.00,26-Sep,27-Sep,28-Sep,29-Sep,30-Sep,1-Oct,2-Oct,26-Sep,27-Sep,28-Sep,29-Sep,30-Sep,1-Oct,2-Oct,6,6,1
Chhatrapati Sambhajinagar,Chhatrapati Sambhajinagar,Chhatrapati Sambhajinagar,Paithan,Paithan,20018162,Paithan Taluka 178 Village Grid WS,Dinnapur,900,1,0.00,0.00,0.00,0.00,0.00,0.00,0.00,0.00,0.00,0.00,0.00,0.00,0.00,0.00,26-Sep,27-Sep,28-Sep,29-Sep,30-Sep,1-Oct,2-Oct,26-Sep,27-Sep,28-Sep,29-Sep,30-Sep,1-Oct,2-Oct,7,7,0
Chhatrapati Sambhajinagar,Chhatrapati Sambhajinagar,Jalna,Partur,Partur,20094559,"120 Villages Extension Scheme for Works Not Considered in 173 GRID WSS and 95 GRID WSS Tq. Partur, Mantha and Jalna Dist: Jalna",Likhitpimpri,1174,1,0.00,0.00,0.00,0.00,0.00,0.00,0.00,0.00,0.00,0.00,0.00,0.00,0.00,0.00,26-Sep,27-Sep,28-Sep,29-Sep,30-Sep,1-Oct,2-Oct,26-Sep,27-Sep,28-Sep,29-Sep,30-Sep,1-Oct,2-Oct,7,7,0
Chhatrapati Sambhajinagar,Chhatrapati Sambhajinagar,Jalna,Mantha,Mantha,20094559,"120 Villages Extension Scheme for Works Not Considered in 173 GRID WSS and 95 GRID WSS Tq. Partur, Mantha and Jalna Dist: Jalna",Hivarkheda,1949,1,0.00,0.00,0.00,0.00,0.00,0.00,0.00,0.00,0.00,0.00,0.00,0.00,0.00,0.00,26-Sep,27-Sep,28-Sep,29-Sep,30-Sep,1-Oct,2-Oct,26-Sep,27-Sep,28-Sep,29-Sep,30-Sep,1-Oct,2-Oct,7,7,0
Chhatrapati Sambhajinagar,Chhatrapati Sambhajinagar,Jalna,Mantha,Mantha,20094559,"120 Villages Extension Scheme for Works Not Considered in 173 GRID WSS and 95 GRID WSS Tq. Partur, Mantha and Jalna Dist: Jalna",RAMTIRTH,1143,1,0.00,0.00,0.00,0.00,0.00,0.00,0.00,0.00,0.00,0.00,0.00,0.00,0.00,0.00,26-Sep,27-Sep,28-Sep,29-Sep,30-Sep,1-Oct,2-Oct,26-Sep,27-Sep,28-Sep,29-Sep,30-Sep,1-Oct,2-Oct,7,7,0
Chhatrapati Sambhajinagar,Nanded,Nanded,Hadgaon,Hadgaon,20013969,Hadgaon and Himayatnagar 132 Village Grid WSS,Kharbi,1461,1,0.97,10.74,10.69,0.02,0.47,1.54,1.67,66.39,735.11,731.69,1.37,32.17,105.41,114.31,26-Sep,27-Sep,28-Sep,29-Sep,30-Sep,1-Oct,2-Oct,26-Sep,27-Sep,28-Sep,29-Sep,30-Sep,1-Oct,2-Oct,0,2,5
Chhatrapati Sambhajinagar,Nanded,Nanded,Himayatnagar,Himayatnagar,20013969,Hadgaon and Himayatnagar 132 Village Grid WSS,Pawana,2623,1,0.00,0.00,0.00,0.00,0.00,0.00,0.00,0.00,0.00,0.00,0.00,0.00,0.00,0.00,26-Sep,27-Sep,28-Sep,29-Sep,30-Sep,1-Oct,2-Oct,26-Sep,27-Sep,28-Sep,29-Sep,30-Sep,1-Oct,2-Oct,7,7,0
Chhatrapati Sambhajinagar,Chhatrapati Sambhajinagar,Jalna,Mantha,Mantha,20094559,"120 Villages Extension Scheme for Works Not Considered in 173 GRID WSS and 95 GRID WSS Tq. Partur, Mantha and Jalna Dist: Jalna",Limbona,1496,1,0.00,0.00,0.00,0.00,0.00,0.00,0.00,0.00,0.00,0.00,0.00,0.00,0.00,0.00,26-Sep,27-Sep,28-Sep,29-Sep,30-Sep,1-Oct,2-Oct,26-Sep,27-Sep,28-Sep,29-Sep,30-Sep,1-Oct,2-Oct,7,7,0
Chhatrapati Sambhajinagar,Chhatrapati Sambhajinagar,Jalna,Mantha,Mantha,20094559,"120 Villages Extension Scheme for Works Not Considered in 173 GRID WSS and 95 GRID WSS Tq. Partur, Mantha and Jalna Dist: Jalna",Shivangiri,2008,2,0.00,0.00,0.00,0.00,0.00,0.00,0.00,0.04,0.01,0.00,0.00,0.00,0.01,0.00,26-Sep,27-Sep,28-Sep,29-Sep,30-Sep,1-Oct,2-Oct,26-Sep,27-Sep,28-Sep,29-Sep,30-Sep,1-Oct,2-Oct,4,7,0
Chhatrapati Sambhajinagar,Chhatrapati Sambhajinagar,Jalna,Partur,Partur,20094559,"120 Villages Extension Scheme for Works Not Considered in 173 GRID WSS and 95 GRID WSS Tq. Partur, Mantha and Jalna Dist: Jalna",Sawargaon(bk),1176,1,0.00,0.00,0.00,0.00,0.00,0.00,0.00,0.00,0.00,0.00,0.00,0.00,0.01,0.00,26-Sep,27-Sep,28-Sep,29-Sep,30-Sep,1-Oct,2-Oct,26-Sep,27-Sep,28-Sep,29-Sep,30-Sep,1-Oct,2-Oct,6,7,0
Chhatrapati Sambhajinagar,Chhatrapati Sambhajinagar,Jalna,Partur,Partur,20094559,"120 Villages Extension Scheme for Works Not Considered in 173 GRID WSS and 95 GRID WSS Tq. Partur, Mantha and Jalna Dist: Jalna",Kokate Hatgaon,3363,2,0.00,0.00,0.00,0.00,0.00,0.00,0.00,0.00,0.00,0.00,0.00,0.00,0.00,0.00,26-Sep,27-Sep,28-Sep,29-Sep,30-Sep,1-Oct,2-Oct,26-Sep,27-Sep,28-Sep,29-Sep,30-Sep,1-Oct,2-Oct,7,7,0
Chhatrapati Sambhajinagar,Latur,Latur,Renapur,Renapur,20030820,Pangaon 10 villages WSS,Murdav,1765,1,0.00,0.00,0.00,0.00,0.00,0.00,0.00,0.00,0.00,0.00,0.00,0.00,0.00,0.00,26-Sep,27-Sep,28-Sep,29-Sep,30-Sep,1-Oct,2-Oct,26-Sep,27-Sep,28-Sep,29-Sep,30-Sep,1-Oct,2-Oct,7,7,0
Chhatrapati Sambhajinagar,Chhatrapati Sambhajinagar,Jalna,Partur,Partur,20094559,"120 Villages Extension Scheme for Works Not Considered in 173 GRID WSS and 95 GRID WSS Tq. Partur, Mantha and Jalna Dist: Jalna",Padli Pardhi,540,1,0.00,0.00,0.00,0.00,0.00,0.00,0.00,0.00,0.00,0.01,0.02,0.04,0.05,0.04,26-Sep,27-Sep,28-Sep,29-Sep,30-Sep,1-Oct,2-Oct,26-Sep,27-Sep,28-Sep,29-Sep,30-Sep,1-Oct,2-Oct,2,7,0
Chhatrapati Sambhajinagar,Nanded,Nanded,Hadgaon,Hadgaon,20013969,Hadgaon and Himayatnagar 132 Village Grid WSS,Wai Pana Kh,1296,1,0.00,0.00,0.00,0.00,0.00,0.00,0.00,0.00,0.00,0.00,0.00,0.00,0.00,0.00,26-Sep,27-Sep,28-Sep,29-Sep,30-Sep,1-Oct,2-Oct,26-Sep,27-Sep,28-Sep,29-Sep,30-Sep,1-Oct,2-Oct,7,7,0
Chhatrapati Sambhajinagar,Chhatrapati Sambhajinagar,Jalna,Jalna,Jalna,20094559,"120 Villages Extension Scheme for Works Not Considered in 173 GRID WSS and 95 GRID WSS Tq. Partur, Mantha and Jalna Dist: Jalna",Erandwadgaon,1530,1,0.00,0.01,0.03,0.00,0.00,0.00,0.00,0.07,0.57,1.65,0.00,0.01,0.01,0.01,26-Sep,27-Sep,28-Sep,29-Sep,30-Sep,1-Oct,2-Oct,26-Sep,27-Sep,28-Sep,29-Sep,30-Sep,1-Oct,2-Oct,1,7,0
Chhatrapati Sambhajinagar,Chhatrapati Sambhajinagar,Chhatrapati Sambhajinagar,Paithan,Paithan,20018162,Paithan Taluka 178 Village Grid WS,Dongaon,0,1,0.00,0.00,0.00,0.00,0.00,0.00,0.00,0.00,0.00,0.00,0.00,0.00,0.00,0.00,26-Sep,27-Sep,28-Sep,29-Sep,30-Sep,1-Oct,2-Oct,26-Sep,27-Sep,28-Sep,29-Sep,30-Sep,1-Oct,2-Oct,7,7,0
Chhatrapati Sambhajinagar,Nanded,Nanded,Hadgaon,Hadgaon,20013969,Hadgaon and Himayatnagar 132 Village Grid WSS,Shirad,4587,1,0.00,0.00,0.00,0.00,0.00,0.00,0.00,0.00,0.00,0.00,0.00,0.00,0.00,0.00,26-Sep,27-Sep,28-Sep,29-Sep,30-Sep,1-Oct,2-Oct,26-Sep,27-Sep,28-Sep,29-Sep,30-Sep,1-Oct,2-Oct,7,7,0
Chhatrapati Sambhajinagar,Nanded,Nanded,Kandhar,Kandhar,7338000,Osmamnagar Shirdhon Combined WSS,Shiradhon,7804,3,1.07,3.26,0.00,0.00,0.00,0.01,0.00,13.71,41.77,0.00,0.00,0.00,0.13,0.00,26-Sep,27-Sep,28-Sep,29-Sep,30-Sep,1-Oct,2-Oct,26-Sep,27-Sep,28-Sep,29-Sep,30-Sep,1-Oct,2-Oct,4,7,0
Chhatrapati Sambhajinagar,Chhatrapati Sambhajinagar,Jalna,Mantha,Mantha,20094559,"120 Villages Extension Scheme for Works Not Considered in 173 GRID WSS and 95 GRID WSS Tq. Partur, Mantha and Jalna Dist: Jalna",Belora Tanda,847,1,0.00,0.00,0.00,0.00,0.00,0.00,0.00,0.00,0.00,0.00,0.00,0.00,0.00,0.00,26-Sep,27-Sep,28-Sep,29-Sep,30-Sep,1-Oct,2-Oct,26-Sep,27-Sep,28-Sep,29-Sep,30-Sep,1-Oct,2-Oct,7,7,0
Chhatrapati Sambhajinagar,Chhatrapati Sambhajinagar,Jalna,Jalna,Jalna,20094559,"120 Villages Extension Scheme for Works Not Considered in 173 GRID WSS and 95 GRID WSS Tq. Partur, Mantha and Jalna Dist: Jalna",Daregaon (Ner),330,1,0.20,0.00,0.02,0.00,0.00,0.12,0.17,60.08,0.03,5.20,0.00,0.00,34.89,51.62,26-Sep,27-Sep,28-Sep,29-Sep,30-Sep,1-Oct,2-Oct,26-Sep,27-Sep,28-Sep,29-Sep,30-Sep,1-Oct,2-Oct,2,6,1
Chhatrapati Sambhajinagar,Chhatrapati Sambhajinagar,Jalna,Partur,Partur,20094559,"120 Villages Extension Scheme for Works Not Considered in 173 GRID WSS and 95 GRID WSS Tq. Partur, Mantha and Jalna Dist: Jalna",Bramhanwadi,1563,1,0.56,1.29,0.60,0.37,0.47,1.18,1.24,35.79,82.50,38.16,23.80,30.06,75.45,79.65,26-Sep,27-Sep,28-Sep,29-Sep,30-Sep,1-Oct,2-Oct,26-Sep,27-Sep,28-Sep,29-Sep,30-Sep,1-Oct,2-Oct,0,4,3
Chhatrapati Sambhajinagar,Chhatrapati Sambhajinagar,Jalna,Partur,Partur,20094559,"120 Villages Extension Scheme for Works Not Considered in 173 GRID WSS and 95 GRID WSS Tq. Partur, Mantha and Jalna Dist: Jalna",Shelgaon,1734,1,0.00,0.00,0.00,0.00,0.00,0.00,0.00,0.00,0.00,0.00,0.00,0.00,0.00,0.00,26-Sep,27-Sep,28-Sep,29-Sep,30-Sep,1-Oct,2-Oct,26-Sep,27-Sep,28-Sep,29-Sep,30-Sep,1-Oct,2-Oct,7,7,0
Chhatrapati Sambhajinagar,Chhatrapati Sambhajinagar,Jalna,Mantha,Mantha,20094559,"120 Villages Extension Scheme for Works Not Considered in 173 GRID WSS and 95 GRID WSS Tq. Partur, Mantha and Jalna Dist: Jalna",Mohdari,431,1,0.00,0.00,0.00,0.00,0.00,0.00,0.00,0.00,0.00,0.00,0.00,0.00,0.00,0.00,26-Sep,27-Sep,28-Sep,29-Sep,30-Sep,1-Oct,2-Oct,26-Sep,27-Sep,28-Sep,29-Sep,30-Sep,1-Oct,2-Oct,7,7,0
Chhatrapati Sambhajinagar,Chhatrapati Sambhajinagar,Jalna,Jalna,Jalna,20094559,"120 Villages Extension Scheme for Works Not Considered in 173 GRID WSS and 95 GRID WSS Tq. Partur, Mantha and Jalna Dist: Jalna",Kolwadi,557,2,0.00,0.00,0.00,0.00,0.00,0.00,0.00,0.00,0.00,0.00,0.00,0.00,0.00,0.00,26-Sep,27-Sep,28-Sep,29-Sep,30-Sep,1-Oct,2-Oct,26-Sep,27-Sep,28-Sep,29-Sep,30-Sep,1-Oct,2-Oct,7,7,0
Chhatrapati Sambhajinagar,Chhatrapati Sambhajinagar,Jalna,Mantha,Mantha,20094559,"120 Villages Extension Scheme for Works Not Considered in 173 GRID WSS and 95 GRID WSS Tq. Partur, Mantha and Jalna Dist: Jalna",PIMPARKHEDA KHARABE,2101,1,0.05,0.00,0.00,0.05,0.00,0.00,0.00,2.44,0.00,0.00,2.19,0.00,0.00,0.00,26-Sep,27-Sep,28-Sep,29-Sep,30-Sep,1-Oct,2-Oct,26-Sep,27-Sep,28-Sep,29-Sep,30-Sep,1-Oct,2-Oct,5,7,0
Chhatrapati Sambhajinagar,Chhatrapati Sambhajinagar,Jalna,Partur,Partur,20094559,"120 Villages Extension Scheme for Works Not Considered in 173 GRID WSS and 95 GRID WSS Tq. Partur, Mantha and Jalna Dist: Jalna",Waghadi Tanda,424,1,0.00,0.00,0.00,0.00,0.00,0.00,0.00,0.00,0.00,0.01,0.00,0.00,0.00,0.00,26-Sep,27-Sep,28-Sep,29-Sep,30-Sep,1-Oct,2-Oct,26-Sep,27-Sep,28-Sep,29-Sep,30-Sep,1-Oct,2-Oct,6,7,0
Chhatrapati Sambhajinagar,Chhatrapati Sambhajinagar,Chhatrapati Sambhajinagar,Paithan,Paithan,20018162,Paithan Taluka 178 Village Grid WS,Daregaon,992,1,0.00,0.00,0.00,0.00,0.00,0.00,0.00,0.00,0.00,0.00,0.00,0.00,0.00,0.00,26-Sep,27-Sep,28-Sep,29-Sep,30-Sep,1-Oct,2-Oct,26-Sep,27-Sep,28-Sep,29-Sep,30-Sep,1-Oct,2-Oct,7,7,0
Chhatrapati Sambhajinagar,Chhatrapati Sambhajinagar,Jalna,Mantha,Mantha,20094559,"120 Villages Extension Scheme for Works Not Considered in 173 GRID WSS and 95 GRID WSS Tq. Partur, Mantha and Jalna Dist: Jalna",Sawargaon vayal,1401,2,0.63,0.49,0.00,0.15,0.85,0.80,0.53,44.95,34.80,0.00,10.54,60.95,57.07,38.05,26-Sep,27-Sep,28-Sep,29-Sep,30-Sep,1-Oct,2-Oct,26-Sep,27-Sep,28-Sep,29-Sep,30-Sep,1-Oct,2-Oct,1,5,2
Chhatrapati Sambhajinagar,Chhatrapati Sambhajinagar,Jalna,Mantha,Mantha,20094559,"120 Villages Extension Scheme for Works Not Considered in 173 GRID WSS and 95 GRID WSS Tq. Partur, Mantha and Jalna Dist: Jalna",Sonunkarwadi,409,1,0.00,0.00,0.00,0.00,0.00,0.00,0.00,0.00,0.00,0.00,0.00,0.00,0.00,0.00,26-Sep,27-Sep,28-Sep,29-Sep,30-Sep,1-Oct,2-Oct,26-Sep,27-Sep,28-Sep,29-Sep,30-Sep,1-Oct,2-Oct,7,7,0
Chhatrapati Sambhajinagar,Chhatrapati Sambhajinagar,Jalna,Mantha,Mantha,20094559,"120 Villages Extension Scheme for Works Not Considered in 173 GRID WSS and 95 GRID WSS Tq. Partur, Mantha and Jalna Dist: Jalna",WANJOLA,1817,1,0.00,0.00,0.00,0.00,0.00,0.00,0.00,0.00,0.00,0.00,0.00,0.00,0.00,0.00,26-Sep,27-Sep,28-Sep,29-Sep,30-Sep,1-Oct,2-Oct,26-Sep,27-Sep,28-Sep,29-Sep,30-Sep,1-Oct,2-Oct,7,7,0
Chhatrapati Sambhajinagar,Nanded,Nanded,Hadgaon,Hadgaon,20013969,Hadgaon and Himayatnagar 132 Village Grid WSS,Kolgaon,752,1,0.00,0.00,0.00,0.00,0.00,0.00,0.00,0.00,0.00,0.00,0.00,0.00,0.00,0.00,26-Sep,27-Sep,28-Sep,29-Sep,30-Sep,1-Oct,2-Oct,26-Sep,27-Sep,28-Sep,29-Sep,30-Sep,1-Oct,2-Oct,7,7,0
Chhatrapati Sambhajinagar,Latur,Latur,Renapur,Renapur,20030820,Pangaon 10 villages WSS,Ghansargaon,2815,1,0.00,0.00,0.00,0.00,0.00,0.00,0.00,0.00,0.00,0.00,0.00,0.00,0.00,0.00,26-Sep,27-Sep,28-Sep,29-Sep,30-Sep,1-Oct,2-Oct,26-Sep,27-Sep,28-Sep,29-Sep,30-Sep,1-Oct,2-Oct,7,7,0
Chhatrapati Sambhajinagar,Nanded,Nanded,Hadgaon,Hadgaon,20013969,Hadgaon and Himayatnagar 132 Village Grid WSS,Bamani,1117,1,0.00,0.00,0.00,0.00,0.00,0.00,0.00,0.00,0.00,0.00,0.00,0.00,0.00,0.00,26-Sep,27-Sep,28-Sep,29-Sep,30-Sep,1-Oct,2-Oct,26-Sep,27-Sep,28-Sep,29-Sep,30-Sep,1-Oct,2-Oct,7,7,0
Chhatrapati Sambhajinagar,Chhatrapati Sambhajinagar,Chhatrapati Sambhajinagar,Vaijapur,Vaijapur,20051233,373 Village Gangapur-Vaijapur Grid WSS,Jarul,3679,1,0.00,0.00,0.00,0.00,0.00,0.00,0.00,0.00,0.00,0.00,0.00,0.00,0.00,0.00,26-Sep,27-Sep,28-Sep,29-Sep,30-Sep,1-Oct,2-Oct,26-Sep,27-Sep,28-Sep,29-Sep,30-Sep,1-Oct,2-Oct,7,7,0
Chhatrapati Sambhajinagar,Chhatrapati Sambhajinagar,Jalna,Partur,Partur,20094559,"120 Villages Extension Scheme for Works Not Considered in 173 GRID WSS and 95 GRID WSS Tq. Partur, Mantha and Jalna Dist: Jalna",Changatpuri,2013,1,1.66,0.42,1.14,0.00,0.00,0.00,0.00,82.34,20.91,56.78,0.00,0.00,0.00,0.00,26-Sep,27-Sep,28-Sep,29-Sep,30-Sep,1-Oct,2-Oct,26-Sep,27-Sep,28-Sep,29-Sep,30-Sep,1-Oct,2-Oct,4,5,2
Chhatrapati Sambhajinagar,Chhatrapati Sambhajinagar,Jalna,Mantha,Mantha,20094559,"120 Villages Extension Scheme for Works Not Considered in 173 GRID WSS and 95 GRID WSS Tq. Partur, Mantha and Jalna Dist: Jalna",Kokrambha,619,1,0.00,0.00,0.00,0.00,0.00,0.00,0.00,0.00,0.00,0.00,0.00,0.00,0.00,0.00,26-Sep,27-Sep,28-Sep,29-Sep,30-Sep,1-Oct,2-Oct,26-Sep,27-Sep,28-Sep,29-Sep,30-Sep,1-Oct,2-Oct,7,7,0
Chhatrapati Sambhajinagar,Nanded,Nanded,Hadgaon,Hadgaon,20013969,Hadgaon and Himayatnagar 132 Village Grid WSS,Shivani,823,1,0.00,0.00,0.00,0.00,0.00,0.00,0.00,0.00,0.00,0.00,0.00,0.00,0.00,0.00,26-Sep,27-Sep,28-Sep,29-Sep,30-Sep,1-Oct,2-Oct,26-Sep,27-Sep,28-Sep,29-Sep,30-Sep,1-Oct,2-Oct,7,7,0
Chhatrapati Sambhajinagar,Chhatrapati Sambhajinagar,Jalna,Jalna,Jalna,20094559,"120 Villages Extension Scheme for Works Not Considered in 173 GRID WSS and 95 GRID WSS Tq. Partur, Mantha and Jalna Dist: Jalna",Pimpalwadi,1302,2,0.00,0.00,0.00,0.00,0.00,0.00,0.00,0.00,0.00,0.00,0.00,0.00,0.00,0.00,26-Sep,27-Sep,28-Sep,29-Sep,30-Sep,1-Oct,2-Oct,26-Sep,27-Sep,28-Sep,29-Sep,30-Sep,1-Oct,2-Oct,7,7,0
Chhatrapati Sambhajinagar,Chhatrapati Sambhajinagar,Chhatrapati Sambhajinagar,Paithan,Paithan,20018162,Paithan Taluka 178 Village Grid WS,Shivani,440,1,0.88,0.00,0.00,0.00,1.45,0.00,0.00,200.00,0.00,0.00,0.00,329.55,0.00,0.00,26-Sep,27-Sep,28-Sep,29-Sep,30-Sep,1-Oct,2-Oct,26-Sep,27-Sep,28-Sep,29-Sep,30-Sep,1-Oct,2-Oct,5,5,2
Chhatrapati Sambhajinagar,Chhatrapati Sambhajinagar,Chhatrapati Sambhajinagar,Vaijapur,Vaijapur,20051233,373 Village Gangapur-Vaijapur Grid WSS,Belgaon,2403,1,0.00,0.00,0.00,0.00,0.00,0.00,0.00,0.00,0.00,0.00,0.00,0.00,0.00,0.00,26-Sep,27-Sep,28-Sep,29-Sep,30-Sep,1-Oct,2-Oct,26-Sep,27-Sep,28-Sep,29-Sep,30-Sep,1-Oct,2-Oct,7,7,0
Chhatrapati Sambhajinagar,Chhatrapati Sambhajinagar,Jalna,Mantha,Mantha,20094559,"120 Villages Extension Scheme for Works Not Considered in 173 GRID WSS and 95 GRID WSS Tq. Partur, Mantha and Jalna Dist: Jalna",Tuppa,366,1,0.00,0.00,0.00,0.00,0.00,0.00,0.00,0.00,0.75,0.61,0.52,0.12,0.00,0.02,26-Sep,27-Sep,28-Sep,29-Sep,30-Sep,1-Oct,2-Oct,26-Sep,27-Sep,28-Sep,29-Sep,30-Sep,1-Oct,2-Oct,2,7,0
Chhatrapati Sambhajinagar,Chhatrapati Sambhajinagar,Jalna,Mantha,Mantha,20094559,"120 Villages Extension Scheme for Works Not Considered in 173 GRID WSS and 95 GRID WSS Tq. Partur, Mantha and Jalna Dist: Jalna",Pangri Gosavi,5045,1,0.89,6.98,4.83,1.24,1.54,0.23,0.35,17.64,138.35,95.74,24.58,30.53,4.56,6.95,26-Sep,27-Sep,28-Sep,29-Sep,30-Sep,1-Oct,2-Oct,26-Sep,27-Sep,28-Sep,29-Sep,30-Sep,1-Oct,2-Oct,0,5,2
Chhatrapati Sambhajinagar,Chhatrapati Sambhajinagar,Chhatrapati Sambhajinagar,Paithan,Paithan,20018162,Paithan Taluka 178 Village Grid WS,Warwandi Kh.,800,1,0.42,0.27,0.00,1.06,0.34,0.00,0.68,52.50,33.75,0.00,132.50,42.50,0.00,85.00,26-Sep,27-Sep,28-Sep,29-Sep,30-Sep,1-Oct,2-Oct,26-Sep,27-Sep,28-Sep,29-Sep,30-Sep,1-Oct,2-Oct,2,5,2
Chhatrapati Sambhajinagar,Nanded,Nanded,Hadgaon,Hadgaon,20013969,Hadgaon and Himayatnagar 132 Village Grid WSS,Babhali,2273,1,1.12,0.83,0.64,0.00,0.00,0.00,0.47,49.08,36.34,28.16,0.00,0.00,0.00,20.68,26-Sep,27-Sep,28-Sep,29-Sep,30-Sep,1-Oct,2-Oct,26-Sep,27-Sep,28-Sep,29-Sep,30-Sep,1-Oct,2-Oct,3,7,0
Chhatrapati Sambhajinagar,Chhatrapati Sambhajinagar,Chhatrapati Sambhajinagar,Vaijapur,Vaijapur,20051233,373 Village Gangapur-Vaijapur Grid WSS,Parsoda,3588,2,0.07,0.00,0.00,0.14,0.02,0.00,0.08,1.95,0.00,0.00,3.90,0.56,0.00,2.23,26-Sep,27-Sep,28-Sep,29-Sep,30-Sep,1-Oct,2-Oct,26-Sep,27-Sep,28-Sep,29-Sep,30-Sep,1-Oct,2-Oct,3,7,0
Chhatrapati Sambhajinagar,Chhatrapati Sambhajinagar,Jalna,Jalna,Jalna,20094559,"120 Villages Extension Scheme for Works Not Considered in 173 GRID WSS and 95 GRID WSS Tq. Partur, Mantha and Jalna Dist: Jalna",Gargoti Tanda,179,1,0.00,0.00,0.00,0.00,0.00,0.00,0.00,0.00,0.00,0.00,0.00,0.00,0.00,0.00,26-Sep,27-Sep,28-Sep,29-Sep,30-Sep,1-Oct,2-Oct,26-Sep,27-Sep,28-Sep,29-Sep,30-Sep,1-Oct,2-Oct,7,7,0
Chhatrapati Sambhajinagar,Chhatrapati Sambhajinagar,Jalna,Mantha,Mantha,20094559,"120 Villages Extension Scheme for Works Not Considered in 173 GRID WSS and 95 GRID WSS Tq. Partur, Mantha and Jalna Dist: Jalna",Shambhu Sawargaon,1254,2,0.00,0.00,0.00,0.00,0.00,0.00,0.00,0.00,0.01,0.03,0.00,0.00,0.00,0.00,26-Sep,27-Sep,28-Sep,29-Sep,30-Sep,1-Oct,2-Oct,26-Sep,27-Sep,28-Sep,29-Sep,30-Sep,1-Oct,2-Oct,5,7,0
Chhatrapati Sambhajinagar,Nanded,Nanded,Hadgaon,Hadgaon,20013969,Hadgaon and Himayatnagar 132 Village Grid WSS,Gargavhan,264,1,12.69,11.99,15.03,11.39,14.19,17.74,8.20,4806.82,4541.67,5693.18,4314.39,5375.00,6719.70,3106.06,26-Sep,27-Sep,28-Sep,29-Sep,30-Sep,1-Oct,2-Oct,26-Sep,27-Sep,28-Sep,29-Sep,30-Sep,1-Oct,2-Oct,0,0,7
Chhatrapati Sambhajinagar,Chhatrapati Sambhajinagar,Chhatrapati Sambhajinagar,Paithan,Paithan,20018162,Paithan Taluka 178 Village Grid WS,Khadgaon,1936,1,0.00,0.00,0.00,0.00,0.00,0.00,0.00,0.00,0.00,0.00,0.00,0.00,0.00,0.00,26-Sep,27-Sep,28-Sep,29-Sep,30-Sep,1-Oct,2-Oct,26-Sep,27-Sep,28-Sep,29-Sep,30-Sep,1-Oct,2-Oct,7,7,0
Chhatrapati Sambhajinagar,Latur,Latur,Renapur,Renapur,20030820,Pangaon 10 villages WSS,Pangaon,13738,3,1.00,0.00,5.38,7.02,3.50,0.14,0.00,7.28,0.00,39.16,51.10,25.48,1.02,0.00,26-Sep,27-Sep,28-Sep,29-Sep,30-Sep,1-Oct,2-Oct,26-Sep,27-Sep,28-Sep,29-Sep,30-Sep,1-Oct,2-Oct,2,7,0
Chhatrapati Sambhajinagar,Chhatrapati Sambhajinagar,Chhatrapati Sambhajinagar,Vaijapur,Vaijapur,20051233,373 Village Gangapur-Vaijapur Grid WSS,Bhaigaon Ganga,1373,1,0.00,0.00,0.00,0.00,0.00,0.00,0.00,0.00,0.00,0.00,0.00,0.00,0.00,0.00,26-Sep,27-Sep,28-Sep,29-Sep,30-Sep,1-Oct,2-Oct,26-Sep,27-Sep,28-Sep,29-Sep,30-Sep,1-Oct,2-Oct,7,7,0
Chhatrapati Sambhajinagar,Nanded,Nanded,Himayatnagar,Himayatnagar,20013969,Hadgaon and Himayatnagar 132 Village Grid WSS,Yewli,3092,1,0.32,0.23,0.21,0.14,0.24,0.36,0.35,10.35,7.48,6.79,4.53,7.76,11.64,11.32,26-Sep,27-Sep,28-Sep,29-Sep,30-Sep,1-Oct,2-Oct,26-Sep,27-Sep,28-Sep,29-Sep,30-Sep,1-Oct,2-Oct,0,7,0
Chhatrapati Sambhajinagar,Chhatrapati Sambhajinagar,Chhatrapati Sambhajinagar,Vaijapur,Vaijapur,20051233,373 Village Gangapur-Vaijapur Grid WSS,Sakegaon,1780,1,0.00,0.00,0.00,0.00,0.00,0.00,0.00,0.00,0.00,0.00,0.00,0.00,0.00,0.00,26-Sep,27-Sep,28-Sep,29-Sep,30-Sep,1-Oct,2-Oct,26-Sep,27-Sep,28-Sep,29-Sep,30-Sep,1-Oct,2-Oct,7,7,0
Chhatrapati Sambhajinagar,Chhatrapati Sambhajinagar,Chhatrapati Sambhajinagar,Paithan,Paithan,20018162,Paithan Taluka 178 Village Grid WS,Narayangaon,1272,1,0.00,0.00,0.00,0.00,0.00,0.00,0.00,0.00,0.00,0.00,0.00,0.00,0.00,0.00,26-Sep,27-Sep,28-Sep,29-Sep,30-Sep,1-Oct,2-Oct,26-Sep,27-Sep,28-Sep,29-Sep,30-Sep,1-Oct,2-Oct,7,7,0
Chhatrapati Sambhajinagar,Chhatrapati Sambhajinagar,Chhatrapati Sambhajinagar,Paithan,Paithan,20018162,Paithan Taluka 178 Village Grid WS,Hiradpuri,1372,1,0.00,0.00,0.00,0.00,0.00,0.00,0.00,0.00,0.00,0.00,0.00,0.00,0.00,0.00,26-Sep,27-Sep,28-Sep,29-Sep,30-Sep,1-Oct,2-Oct,26-Sep,27-Sep,28-Sep,29-Sep,30-Sep,1-Oct,2-Oct,7,7,0
Chhatrapati Sambhajinagar,Chhatrapati Sambhajinagar,Chhatrapati Sambhajinagar,Paithan,Paithan,20018162,Paithan Taluka 178 Village Grid WS,Thergaon,1020,1,5.07,2.47,5.04,2.76,2.77,4.62,4.29,496.63,242.16,494.12,270.59,271.57,452.94,420.59,26-Sep,27-Sep,28-Sep,29-Sep,30-Sep,1-Oct,2-Oct,26-Sep,27-Sep,28-Sep,29-Sep,30-Sep,1-Oct,2-Oct,0,0,7
Chhatrapati Sambhajinagar,Chhatrapati Sambhajinagar,Chhatrapati Sambhajinagar,Vaijapur,Vaijapur,20051233,373 Village Gangapur-Vaijapur Grid WSS,Goygaon,1665,1,0.00,0.00,0.00,0.00,0.00,0.00,0.00,0.00,0.00,0.00,0.00,0.00,0.00,0.00,26-Sep,27-Sep,28-Sep,29-Sep,30-Sep,1-Oct,2-Oct,26-Sep,27-Sep,28-Sep,29-Sep,30-Sep,1-Oct,2-Oct,7,7,0
Chhatrapati Sambhajinagar,Chhatrapati Sambhajinagar,Jalna,Partur,Partur,20094559,"120 Villages Extension Scheme for Works Not Considered in 173 GRID WSS and 95 GRID WSS Tq. Partur, Mantha and Jalna Dist: Jalna",Pimprula (bk),1111,1,0.00,0.00,0.00,0.00,0.00,0.00,0.00,0.00,0.00,0.00,0.00,0.00,0.00,0.00,26-Sep,27-Sep,28-Sep,29-Sep,30-Sep,1-Oct,2-Oct,26-Sep,27-Sep,28-Sep,29-Sep,30-Sep,1-Oct,2-Oct,7,7,0
Chhatrapati Sambhajinagar,Chhatrapati Sambhajinagar,Chhatrapati Sambhajinagar,Paithan,Paithan,20018162,Paithan Taluka 178 Village Grid WS,Wawa,460,1,0.00,0.00,0.00,0.00,0.00,0.00,0.00,0.00,0.00,0.00,0.00,0.00,0.00,0.00,26-Sep,27-Sep,28-Sep,29-Sep,30-Sep,1-Oct,2-Oct,26-Sep,27-Sep,28-Sep,29-Sep,30-Sep,1-Oct,2-Oct,7,7,0
Chhatrapati Sambhajinagar,Chhatrapati Sambhajinagar,Jalna,Jalna,Jalna,20094559,"120 Villages Extension Scheme for Works Not Considered in 173 GRID WSS and 95 GRID WSS Tq. Partur, Mantha and Jalna Dist: Jalna",Kakada,628,1,0.00,0.00,0.00,0.00,0.00,0.00,0.00,0.00,0.00,0.00,0.00,0.00,0.00,0.00,26-Sep,27-Sep,28-Sep,29-Sep,30-Sep,1-Oct,2-Oct,26-Sep,27-Sep,28-Sep,29-Sep,30-Sep,1-Oct,2-Oct,7,7,0
Chhatrapati Sambhajinagar,Nanded,Nanded,Hadgaon,Hadgaon,20013969,Hadgaon and Himayatnagar 132 Village Grid WSS,Talegaon,2044,1,0.00,0.00,0.00,0.00,0.00,0.00,0.00,0.00,0.00,0.00,0.00,0.00,0.00,0.00,26-Sep,27-Sep,28-Sep,29-Sep,30-Sep,1-Oct,2-Oct,26-Sep,27-Sep,28-Sep,29-Sep,30-Sep,1-Oct,2-Oct,7,7,0
Chhatrapati Sambhajinagar,Nanded,Nanded,Hadgaon,Hadgaon,20013969,Hadgaon and Himayatnagar 132 Village Grid WSS,Mardga,3172,1,0.00,0.00,0.00,0.00,0.00,0.00,0.00,0.00,0.00,0.00,0.00,0.00,0.00,0.00,26-Sep,27-Sep,28-Sep,29-Sep,30-Sep,1-Oct,2-Oct,26-Sep,27-Sep,28-Sep,29-Sep,30-Sep,1-Oct,2-Oct,7,7,0
Chhatrapati Sambhajinagar,Chhatrapati Sambhajinagar,Jalna,Mantha,Mantha,20094559,"120 Villages Extension Scheme for Works Not Considered in 173 GRID WSS and 95 GRID WSS Tq. Partur, Mantha and Jalna Dist: Jalna",Tokawadi,705,2,0.23,0.00,0.38,0.28,0.54,0.27,0.19,32.72,0.00,54.15,39.17,75.93,38.32,26.36,26-Sep,27-Sep,28-Sep,29-Sep,30-Sep,1-Oct,2-Oct,26-Sep,27-Sep,28-Sep,29-Sep,30-Sep,1-Oct,2-Oct,1,6,1
Chhatrapati Sambhajinagar,Nanded,Nanded,Himayatnagar,Himayatnagar,20013969,Hadgaon and Himayatnagar 132 Village Grid WSS,Virsani,2817,1,0.89,0.00,0.00,0.80,0.90,0.70,0.00,31.59,0.00,0.00,28.40,31.95,24.85,0.00,26-Sep,27-Sep,28-Sep,29-Sep,30-Sep,1-Oct,2-Oct,26-Sep,27-Sep,28-Sep,29-Sep,30-Sep,1-Oct,2-Oct,3,7,0
Chhatrapati Sambhajinagar,Chhatrapati Sambhajinagar,Jalna,Mantha,Mantha,20094559,"120 Villages Extension Scheme for Works Not Considered in 173 GRID WSS and 95 GRID WSS Tq. Partur, Mantha and Jalna Dist: Jalna",Erandeshwar,304,1,0.00,0.00,0.00,0.00,0.00,0.00,0.00,0.00,0.00,0.00,0.00,0.00,0.00,0.00,26-Sep,27-Sep,28-Sep,29-Sep,30-Sep,1-Oct,2-Oct,26-Sep,27-Sep,28-Sep,29-Sep,30-Sep,1-Oct,2-Oct,7,7,0
Chhatrapati Sambhajinagar,Chhatrapati Sambhajinagar,Jalna,Mantha,Mantha,20094559,"120 Villages Extension Scheme for Works Not Considered in 173 GRID WSS and 95 GRID WSS Tq. Partur, Mantha and Jalna Dist: Jalna",Usvad Deothana,2209,1,0.00,0.00,0.00,0.00,0.00,0.00,0.00,0.00,0.00,0.00,0.00,0.00,0.00,0.00,26-Sep,27-Sep,28-Sep,29-Sep,30-Sep,1-Oct,2-Oct,26-Sep,27-Sep,28-Sep,29-Sep,30-Sep,1-Oct,2-Oct,7,7,0
Chhatrapati Sambhajinagar,Nanded,Nanded,Himayatnagar,Himayatnagar,20013969,Hadgaon and Himayatnagar 132 Village Grid WSS,Mangrul,2278,1,0.00,0.00,0.00,0.00,0.00,0.00,0.00,0.00,0.00,0.00,0.00,0.00,0.00,0.00,26-Sep,27-Sep,28-Sep,29-Sep,30-Sep,1-Oct,2-Oct,26-Sep,27-Sep,28-Sep,29-Sep,30-Sep,1-Oct,2-Oct,7,7,0
Chhatrapati Sambhajinagar,Nanded,Nanded,Himayatnagar,Himayatnagar,20013969,Hadgaon and Himayatnagar 132 Village Grid WSS,Ashti,4091,1,0.00,0.00,0.00,0.00,0.00,0.00,0.00,0.00,0.00,0.00,0.00,0.00,0.00,0.00,26-Sep,27-Sep,28-Sep,29-Sep,30-Sep,1-Oct,2-Oct,26-Sep,27-Sep,28-Sep,29-Sep,30-Sep,1-Oct,2-Oct,7,7,0
Chhatrapati Sambhajinagar,Chhatrapati Sambhajinagar,Chhatrapati Sambhajinagar,Gangapur,Gangapur,20051233,373 Village Gangapur-Vaijapur Grid WSS,Sawangi,5491,1,0.00,0.00,0.00,0.00,0.00,0.00,0.00,0.00,0.00,0.00,0.00,0.00,0.00,0.00,26-Sep,27-Sep,28-Sep,29-Sep,30-Sep,1-Oct,2-Oct,26-Sep,27-Sep,28-Sep,29-Sep,30-Sep,1-Oct,2-Oct,7,7,0
Chhatrapati Sambhajinagar,Chhatrapati Sambhajinagar,Chhatrapati Sambhajinagar,Paithan,Paithan,20018162,Paithan Taluka 178 Village Grid WS,Somapuri,0,1,0.00,0.00,0.00,0.00,0.00,0.00,0.00,0.00,0.00,0.00,0.00,0.00,0.00,0.00,26-Sep,27-Sep,28-Sep,29-Sep,30-Sep,1-Oct,2-Oct,26-Sep,27-Sep,28-Sep,29-Sep,30-Sep,1-Oct,2-Oct,7,7,0
Chhatrapati Sambhajinagar,Chhatrapati Sambhajinagar,Jalna,Mantha,Mantha,20094559,"120 Villages Extension Scheme for Works Not Considered in 173 GRID WSS and 95 GRID WSS Tq. Partur, Mantha and Jalna Dist: Jalna",Pimparkheda Kharabe Tanda,421,1,0.00,0.00,0.00,0.00,0.00,0.00,0.00,0.00,0.00,0.00,0.00,0.00,0.00,0.00,26-Sep,27-Sep,28-Sep,29-Sep,30-Sep,1-Oct,2-Oct,26-Sep,27-Sep,28-Sep,29-Sep,30-Sep,1-Oct,2-Oct,7,7,0
Chhatrapati Sambhajinagar,Chhatrapati Sambhajinagar,Jalna,Mantha,Mantha,20094559,"120 Villages Extension Scheme for Works Not Considered in 173 GRID WSS and 95 GRID WSS Tq. Partur, Mantha and Jalna Dist: Jalna",Tokawadi Tanda,643,1,0.00,0.00,0.00,0.00,0.00,0.00,0.00,0.00,0.00,0.00,0.00,0.00,0.00,0.00,26-Sep,27-Sep,28-Sep,29-Sep,30-Sep,1-Oct,2-Oct,26-Sep,27-Sep,28-Sep,29-Sep,30-Sep,1-Oct,2-Oct,7,7,0
Chhatrapati Sambhajinagar,Chhatrapati Sambhajinagar,Jalna,Partur,Partur,20094559,"120 Villages Extension Scheme for Works Not Considered in 173 GRID WSS and 95 GRID WSS Tq. Partur, Mantha and Jalna Dist: Jalna",Dhodwadi,743,1,0.00,0.00,0.00,0.00,0.00,0.00,0.00,0.00,0.00,0.00,0.00,0.00,0.00,0.00,26-Sep,27-Sep,28-Sep,29-Sep,30-Sep,1-Oct,2-Oct,26-Sep,27-Sep,28-Sep,29-Sep,30-Sep,1-Oct,2-Oct,7,7,0
Chhatrapati Sambhajinagar,Chhatrapati Sambhajinagar,Jalna,Mantha,Mantha,20094559,"120 Villages Extension Scheme for Works Not Considered in 173 GRID WSS and 95 GRID WSS Tq. Partur, Mantha and Jalna Dist: Jalna",Pandhurna,671,1,0.00,0.00,0.00,0.00,0.00,0.00,0.00,0.00,0.00,0.00,0.00,0.00,0.00,0.00,26-Sep,27-Sep,28-Sep,29-Sep,30-Sep,1-Oct,2-Oct,26-Sep,27-Sep,28-Sep,29-Sep,30-Sep,1-Oct,2-Oct,7,7,0
Chhatrapati Sambhajinagar,Chhatrapati Sambhajinagar,Chhatrapati Sambhajinagar,Vaijapur,Vaijapur,20051233,373 Village Gangapur-Vaijapur Grid WSS,Dawala,1483,1,0.40,0.34,0.00,0.00,0.00,0.00,0.00,26.97,22.93,0.00,0.00,0.00,0.00,0.00,26-Sep,27-Sep,28-Sep,29-Sep,30-Sep,1-Oct,2-Oct,26-Sep,27-Sep,28-Sep,29-Sep,30-Sep,1-Oct,2-Oct,5,7,0
Chhatrapati Sambhajinagar,Chhatrapati Sambhajinagar,Chhatrapati Sambhajinagar,Paithan,Paithan,20018162,Paithan Taluka 178 Village Grid WS,Dadegaon Bk.,1144,2,0.20,0.00,0.00,0.22,0.27,0.00,0.29,17.48,0.00,0.00,19.23,23.60,0.00,25.35,26-Sep,27-Sep,28-Sep,29-Sep,30-Sep,1-Oct,2-Oct,26-Sep,27-Sep,28-Sep,29-Sep,30-Sep,1-Oct,2-Oct,3,7,0
Chhatrapati Sambhajinagar,Chhatrapati Sambhajinagar,Chhatrapati Sambhajinagar,Paithan,Paithan,20018162,Paithan Taluka 178 Village Grid WS,Harshi Bk.,0,1,0.00,7106656.62,0.00,0.00,4777241.16,48.19,0.00,0.00,0.00,0.00,0.00,0.00,0.00,0.00,26-Sep,27-Sep,28-Sep,29-Sep,30-Sep,1-Oct,2-Oct,26-Sep,27-Sep,28-Sep,29-Sep,30-Sep,1-Oct,2-Oct,7,7,0
Chhatrapati Sambhajinagar,Nanded,Nanded,Hadgaon,Hadgaon,20013969,Hadgaon and Himayatnagar 132 Village Grid WSS,Newarwadi,1251,1,0.06,0.00,0.00,0.00,0.00,0.00,0.00,4.70,0.00,0.00,0.00,0.00,0.00,0.00,26-Sep,27-Sep,28-Sep,29-Sep,30-Sep,1-Oct,2-Oct,26-Sep,27-Sep,28-Sep,29-Sep,30-Sep,1-Oct,2-Oct,6,7,0
Chhatrapati Sambhajinagar,Nanded,Nanded,Himayatnagar,Himayatnagar,20013969,Hadgaon and Himayatnagar 132 Village Grid WSS,Khadki (Bazar),3524,1,0.00,0.00,0.00,0.00,0.00,0.00,0.00,0.00,0.00,0.00,0.00,0.00,0.00,0.00,26-Sep,27-Sep,28-Sep,29-Sep,30-Sep,1-Oct,2-Oct,26-Sep,27-Sep,28-Sep,29-Sep,30-Sep,1-Oct,2-Oct,7,7,0
Chhatrapati Sambhajinagar,Chhatrapati Sambhajinagar,Chhatrapati Sambhajinagar,Sillod,Sillod,20017384,Charner & 7 Village,Kotnandra,2280,1,0.00,0.00,0.52,0.00,0.00,0.00,0.62,0.00,0.00,22.81,0.00,0.00,0.00,0.00,26-Sep,27-Sep,28-Sep,29-Sep,30-Sep,1-Oct,2-Oct,26-Sep,27-Sep,28-Sep,29-Sep,30-Sep,1-Oct,2-Oct,6,7,0
Chhatrapati Sambhajinagar,Chhatrapati Sambhajinagar,Jalna,Mantha,Mantha,20094559,"120 Villages Extension Scheme for Works Not Considered in 173 GRID WSS and 95 GRID WSS Tq. Partur, Mantha and Jalna Dist: Jalna",Ranmala,1746,1,0.43,0.00,0.75,0.00,0.87,0.00,0.73,24.48,0.00,42.95,0.00,49.79,0.00,41.94,26-Sep,27-Sep,28-Sep,29-Sep,30-Sep,1-Oct,2-Oct,26-Sep,27-Sep,28-Sep,29-Sep,30-Sep,1-Oct,2-Oct,3,7,0
Chhatrapati Sambhajinagar,Chhatrapati Sambhajinagar,Jalna,Partur,Partur,20094559,"120 Villages Extension Scheme for Works Not Considered in 173 GRID WSS and 95 GRID WSS Tq. Partur, Mantha and Jalna Dist: Jalna",Koregaon,1388,1,0.00,0.00,1.18,0.00,1.04,0.00,0.17,0.00,0.00,85.01,0.00,74.93,0.00,12.25,26-Sep,27-Sep,28-Sep,29-Sep,30-Sep,1-Oct,2-Oct,26-Sep,27-Sep,28-Sep,29-Sep,30-Sep,1-Oct,2-Oct,4,5,2
Chhatrapati Sambhajinagar,Nanded,Nanded,Hadgaon,Hadgaon,20013969,Hadgaon and Himayatnagar 132 Village Grid WSS,Niwla,1510,1,0.01,0.00,0.00,0.00,0.00,0.00,0.00,0.36,0.00,0.00,0.00,0.00,0.00,0.00,26-Sep,27-Sep,28-Sep,29-Sep,30-Sep,1-Oct,2-Oct,26-Sep,27-Sep,28-Sep,29-Sep,30-Sep,1-Oct,2-Oct,6,7,0
Chhatrapati Sambhajinagar,Chhatrapati Sambhajinagar,Chhatrapati Sambhajinagar,Paithan,Paithan,20018162,Paithan Taluka 178 Village Grid WS,Takli Paithan,0,1,0.00,0.00,0.00,0.00,0.00,0.00,0.00,0.00,0.00,0.00,0.00,0.00,0.00,0.00,26-Sep,27-Sep,28-Sep,29-Sep,30-Sep,1-Oct,2-Oct,26-Sep,27-Sep,28-Sep,29-Sep,30-Sep,1-Oct,2-Oct,7,7,0
Chhatrapati Sambhajinagar,Chhatrapati Sambhajinagar,Jalna,Mantha,Mantha,20094559,"120 Villages Extension Scheme for Works Not Considered in 173 GRID WSS and 95 GRID WSS Tq. Partur, Mantha and Jalna Dist: Jalna",Dahiphal Khandare,3011,2,0.00,0.00,0.00,0.21,0.05,0.02,0.02,0.00,0.00,0.00,6.98,1.51,0.81,0.75,26-Sep,27-Sep,28-Sep,29-Sep,30-Sep,1-Oct,2-Oct,26-Sep,27-Sep,28-Sep,29-Sep,30-Sep,1-Oct,2-Oct,3,7,0
Chhatrapati Sambhajinagar,Chhatrapati Sambhajinagar,Jalna,Jalna,Jalna,20094559,"120 Villages Extension Scheme for Works Not Considered in 173 GRID WSS and 95 GRID WSS Tq. Partur, Mantha and Jalna Dist: Jalna",Pathrud,1051,2,0.37,0.00,0.00,0.00,0.58,0.86,0.62,35.54,0.00,0.00,0.02,55.30,81.43,58.61,26-Sep,27-Sep,28-Sep,29-Sep,30-Sep,1-Oct,2-Oct,26-Sep,27-Sep,28-Sep,29-Sep,30-Sep,1-Oct,2-Oct,2,4,3
Chhatrapati Sambhajinagar,Nanded,Nanded,Hadgaon,Hadgaon,20013969,Hadgaon and Himayatnagar 132 Village Grid WSS,Wadgaon BK.,1840,1,0.00,0.00,0.00,0.00,0.00,0.00,0.00,0.00,0.00,0.00,0.00,0.00,0.00,0.00,26-Sep,27-Sep,28-Sep,29-Sep,30-Sep,1-Oct,2-Oct,26-Sep,27-Sep,28-Sep,29-Sep,30-Sep,1-Oct,2-Oct,7,7,0
Chhatrapati Sambhajinagar,Chhatrapati Sambhajinagar,Jalna,Partur,Partur,20094559,"120 Villages Extension Scheme for Works Not Considered in 173 GRID WSS and 95 GRID WSS Tq. Partur, Mantha and Jalna Dist: Jalna",Wahegaon Satara,1417,1,0.00,0.00,0.00,0.00,0.00,0.00,0.00,0.00,0.00,0.00,0.00,0.00,0.00,0.00,26-Sep,27-Sep,28-Sep,29-Sep,30-Sep,1-Oct,2-Oct,26-Sep,27-Sep,28-Sep,29-Sep,30-Sep,1-Oct,2-Oct,7,7,0
Chhatrapati Sambhajinagar,Chhatrapati Sambhajinagar,Jalna,Partur,Partur,20094559,"120 Villages Extension Scheme for Works Not Considered in 173 GRID WSS and 95 GRID WSS Tq. Partur, Mantha and Jalna Dist: Jalna",Khandviwadi,1823,1,0.00,0.00,0.00,0.00,0.00,0.00,0.00,0.00,0.00,0.00,0.00,0.00,0.00,0.00,26-Sep,27-Sep,28-Sep,29-Sep,30-Sep,1-Oct,2-Oct,26-Sep,27-Sep,28-Sep,29-Sep,30-Sep,1-Oct,2-Oct,7,7,0
Chhatrapati Sambhajinagar,Latur,Latur,Shirur Anantpal,Shirur Anantpal,20030815,Sakol 7 villages WSS,Tripal,1086,1,0.00,0.00,0.00,0.00,0.00,0.00,0.00,0.00,0.00,0.00,0.00,0.00,0.00,0.00,26-Sep,27-Sep,28-Sep,29-Sep,30-Sep,1-Oct,2-Oct,26-Sep,27-Sep,28-Sep,29-Sep,30-Sep,1-Oct,2-Oct,7,7,0
Chhatrapati Sambhajinagar,Nanded,Nanded,Kandhar,Kandhar,7338000,Osmamnagar Shirdhon Combined WSS,Bhutaychiwadi,905,1,0.00,0.00,0.00,0.00,0.00,0.00,0.00,0.00,0.00,0.00,0.00,0.00,0.00,0.00,26-Sep,27-Sep,28-Sep,29-Sep,30-Sep,1-Oct,2-Oct,26-Sep,27-Sep,28-Sep,29-Sep,30-Sep,1-Oct,2-Oct,7,7,0
Chhatrapati Sambhajinagar,Chhatrapati Sambhajinagar,Jalna,Jalna,Jalna,20094559,"120 Villages Extension Scheme for Works Not Considered in 173 GRID WSS and 95 GRID WSS Tq. Partur, Mantha and Jalna Dist: Jalna",Sawergan Bhagde,1165,1,0.00,0.00,0.00,0.00,0.00,0.00,0.00,0.00,0.11,0.01,0.01,0.01,0.00,0.00,26-Sep,27-Sep,28-Sep,29-Sep,30-Sep,1-Oct,2-Oct,26-Sep,27-Sep,28-Sep,29-Sep,30-Sep,1-Oct,2-Oct,3,7,0
Chhatrapati Sambhajinagar,Chhatrapati Sambhajinagar,Jalna,Mantha,Mantha,20094559,"120 Villages Extension Scheme for Works Not Considered in 173 GRID WSS and 95 GRID WSS Tq. Partur, Mantha and Jalna Dist: Jalna",Ambhora Shelke,1240,1,0.00,0.00,0.00,0.00,0.00,0.00,0.00,0.00,0.00,0.00,0.00,0.00,0.00,0.00,26-Sep,27-Sep,28-Sep,29-Sep,30-Sep,1-Oct,2-Oct,26-Sep,27-Sep,28-Sep,29-Sep,30-Sep,1-Oct,2-Oct,7,7,0
Chhatrapati Sambhajinagar,Chhatrapati Sambhajinagar,Jalna,Mantha,Mantha,20094559,"120 Villages Extension Scheme for Works Not Considered in 173 GRID WSS and 95 GRID WSS Tq. Partur, Mantha and Jalna Dist: Jalna",Khari Arda,571,1,0.00,0.00,0.00,0.00,0.00,0.00,0.00,0.00,0.00,0.00,0.00,0.00,0.00,0.00,26-Sep,27-Sep,28-Sep,29-Sep,30-Sep,1-Oct,2-Oct,26-Sep,27-Sep,28-Sep,29-Sep,30-Sep,1-Oct,2-Oct,7,7,0
Chhatrapati Sambhajinagar,Chhatrapati Sambhajinagar,Chhatrapati Sambhajinagar,Paithan,Paithan,20018162,Paithan Taluka 178 Village Grid WS,Geora BK.,0,1,0.00,0.00,0.00,0.00,0.00,0.00,0.00,0.00,0.00,0.00,0.00,0.00,0.00,0.00,26-Sep,27-Sep,28-Sep,29-Sep,30-Sep,1-Oct,2-Oct,26-Sep,27-Sep,28-Sep,29-Sep,30-Sep,1-Oct,2-Oct,7,7,0
Chhatrapati Sambhajinagar,Nanded,Nanded,Himayatnagar,Himayatnagar,20013969,Hadgaon and Himayatnagar 132 Village Grid WSS,Pota (Bk),5377,1,0.00,0.00,0.00,0.00,0.00,0.00,0.00,0.00,0.00,0.00,0.00,0.00,0.00,0.00,26-Sep,27-Sep,28-Sep,29-Sep,30-Sep,1-Oct,2-Oct,26-Sep,27-Sep,28-Sep,29-Sep,30-Sep,1-Oct,2-Oct,7,7,0
Chhatrapati Sambhajinagar,Nanded,Nanded,Hadgaon,Hadgaon,20013969,Hadgaon and Himayatnagar 132 Village Grid WSS,Patharad,3020,1,0.00,0.00,0.00,0.00,0.00,0.00,0.00,0.00,0.00,0.00,0.00,0.00,0.00,0.00,26-Sep,27-Sep,28-Sep,29-Sep,30-Sep,1-Oct,2-Oct,26-Sep,27-Sep,28-Sep,29-Sep,30-Sep,1-Oct,2-Oct,7,7,0
Chhatrapati Sambhajinagar,Chhatrapati Sambhajinagar,Jalna,Partur,Partur,20094559,"120 Villages Extension Scheme for Works Not Considered in 173 GRID WSS and 95 GRID WSS Tq. Partur, Mantha and Jalna Dist: Jalna",Daithana Kh.,1844,1,0.00,0.00,0.00,0.00,0.00,0.00,0.00,0.00,0.00,0.00,0.00,0.00,0.00,0.00,26-Sep,27-Sep,28-Sep,29-Sep,30-Sep,1-Oct,2-Oct,26-Sep,27-Sep,28-Sep,29-Sep,30-Sep,1-Oct,2-Oct,7,7,0
Chhatrapati Sambhajinagar,Chhatrapati Sambhajinagar,Jalna,Mantha,Mantha,20094559,"120 Villages Extension Scheme for Works Not Considered in 173 GRID WSS and 95 GRID WSS Tq. Partur, Mantha and Jalna Dist: Jalna",Ganeshpur (Ambhora Jahagir),214,1,0.96,1.14,0.96,1.38,1.20,0.93,0.86,446.89,533.24,446.35,644.98,562.11,433.56,402.57,26-Sep,27-Sep,28-Sep,29-Sep,30-Sep,1-Oct,2-Oct,26-Sep,27-Sep,28-Sep,29-Sep,30-Sep,1-Oct,2-Oct,0,0,7
Chhatrapati Sambhajinagar,Chhatrapati Sambhajinagar,Jalna,Mantha,Mantha,20094559,"120 Villages Extension Scheme for Works Not Considered in 173 GRID WSS and 95 GRID WSS Tq. Partur, Mantha and Jalna Dist: Jalna",Awalgaon,507,1,0.00,0.00,0.00,0.00,0.00,0.00,0.00,0.00,0.00,0.00,0.00,0.00,0.00,0.00,26-Sep,27-Sep,28-Sep,29-Sep,30-Sep,1-Oct,2-Oct,26-Sep,27-Sep,28-Sep,29-Sep,30-Sep,1-Oct,2-Oct,7,7,0
Chhatrapati Sambhajinagar,Nanded,Nanded,Naigaon,Naigaon,7942142,Manjram WSS (7942142),Wadi,25016,1,1.27,0.06,0.00,1.60,0.49,0.14,0.00,5.08,0.24,0.00,6.40,1.96,0.56,0.00,26-Sep,27-Sep,28-Sep,29-Sep,30-Sep,1-Oct,2-Oct,26-Sep,27-Sep,28-Sep,29-Sep,30-Sep,1-Oct,2-Oct,2,7,0
Chhatrapati Sambhajinagar,Chhatrapati Sambhajinagar,Jalna,Partur,Partur,20094559,"120 Villages Extension Scheme for Works Not Considered in 173 GRID WSS and 95 GRID WSS Tq. Partur, Mantha and Jalna Dist: Jalna",Phulwadi,1672,1,0.05,0.00,0.00,0.02,0.00,0.02,0.00,3.21,0.00,0.00,0.90,0.01,1.14,0.00,26-Sep,27-Sep,28-Sep,29-Sep,30-Sep,1-Oct,2-Oct,26-Sep,27-Sep,28-Sep,29-Sep,30-Sep,1-Oct,2-Oct,3,7,0
Chhatrapati Sambhajinagar,Chhatrapati Sambhajinagar,Chhatrapati Sambhajinagar,Paithan,Paithan,20018162,Paithan Taluka 178 Village Grid WS,Kuranpimpri,720,1,0.00,0.00,0.00,0.00,0.00,0.00,0.00,0.00,0.00,0.00,0.00,0.00,0.00,0.00,26-Sep,27-Sep,28-Sep,29-Sep,30-Sep,1-Oct,2-Oct,26-Sep,27-Sep,28-Sep,29-Sep,30-Sep,1-Oct,2-Oct,7,7,0
Chhatrapati Sambhajinagar,Chhatrapati Sambhajinagar,Jalna,Mantha,Mantha,20094559,"120 Villages Extension Scheme for Works Not Considered in 173 GRID WSS and 95 GRID WSS Tq. Partur, Mantha and Jalna Dist: Jalna",Kathala (bk),725,1,0.00,0.00,0.00,0.00,0.00,0.00,0.00,0.00,0.00,0.00,0.00,0.00,0.00,0.00,26-Sep,27-Sep,28-Sep,29-Sep,30-Sep,1-Oct,2-Oct,26-Sep,27-Sep,28-Sep,29-Sep,30-Sep,1-Oct,2-Oct,7,7,0
Chhatrapati Sambhajinagar,Chhatrapati Sambhajinagar,Jalna,Mantha,Mantha,20094559,"120 Villages Extension Scheme for Works Not Considered in 173 GRID WSS and 95 GRID WSS Tq. Partur, Mantha and Jalna Dist: Jalna",Kirtapur,1080,1,0.00,0.00,0.00,0.00,0.00,0.00,0.00,0.00,0.00,0.00,0.00,0.00,0.00,0.00,26-Sep,27-Sep,28-Sep,29-Sep,30-Sep,1-Oct,2-Oct,26-Sep,27-Sep,28-Sep,29-Sep,30-Sep,1-Oct,2-Oct,7,7,0
Chhatrapati Sambhajinagar,Chhatrapati Sambhajinagar,Jalna,Mantha,Mantha,20094559,"120 Villages Extension Scheme for Works Not Considered in 173 GRID WSS and 95 GRID WSS Tq. Partur, Mantha and Jalna Dist: Jalna",Naldoh,688,1,0.00,0.00,0.00,0.00,0.00,0.00,0.00,0.00,0.00,0.00,0.00,0.00,0.00,0.00,26-Sep,27-Sep,28-Sep,29-Sep,30-Sep,1-Oct,2-Oct,26-Sep,27-Sep,28-Sep,29-Sep,30-Sep,1-Oct,2-Oct,7,7,0
Chhatrapati Sambhajinagar,Nanded,Parbhani,Senaon,Senaon,20023330,Kawtha Bk & 9 Vill RR WSS,Shinagikhamba,1296,1,0.00,4.43,5.33,2.27,6.79,4.93,5.57,0.00,341.82,411.27,175.15,523.92,380.40,429.78,26-Sep,27-Sep,28-Sep,29-Sep,30-Sep,1-Oct,2-Oct,26-Sep,27-Sep,28-Sep,29-Sep,30-Sep,1-Oct,2-Oct,1,1,6
Chhatrapati Sambhajinagar,Nanded,Nanded,Hadgaon,Hadgaon,20013969,Hadgaon and Himayatnagar 132 Village Grid WSS,Umri Ja.,2492,1,0.00,0.00,0.00,0.00,0.00,0.00,0.00,0.00,0.00,0.00,0.00,0.00,0.00,0.00,26-Sep,27-Sep,28-Sep,29-Sep,30-Sep,1-Oct,2-Oct,26-Sep,27-Sep,28-Sep,29-Sep,30-Sep,1-Oct,2-Oct,7,7,0
Chhatrapati Sambhajinagar,Chhatrapati Sambhajinagar,Chhatrapati Sambhajinagar,Vaijapur,Vaijapur,20051233,373 Village Gangapur-Vaijapur Grid WSS,Hadas Pimpalgaon,1611,1,0.00,0.00,0.00,0.00,0.00,0.00,0.00,0.00,0.00,0.00,0.00,0.00,0.00,0.00,26-Sep,27-Sep,28-Sep,29-Sep,30-Sep,1-Oct,2-Oct,26-Sep,27-Sep,28-Sep,29-Sep,30-Sep,1-Oct,2-Oct,7,7,0
Chhatrapati Sambhajinagar,Nanded,Nanded,Himayatnagar,Himayatnagar,20013969,Hadgaon and Himayatnagar 132 Village Grid WSS,Kamari,4301,1,0.00,0.00,0.00,0.00,0.00,0.00,0.00,0.00,0.00,0.00,0.00,0.00,0.00,0.00,26-Sep,27-Sep,28-Sep,29-Sep,30-Sep,1-Oct,2-Oct,26-Sep,27-Sep,28-Sep,29-Sep,30-Sep,1-Oct,2-Oct,7,7,0
Chhatrapati Sambhajinagar,Chhatrapati Sambhajinagar,Jalna,Partur,Partur,20094559,"120 Villages Extension Scheme for Works Not Considered in 173 GRID WSS and 95 GRID WSS Tq. Partur, Mantha and Jalna Dist: Jalna",Shreshti Tanda,574,1,0.00,0.00,0.00,0.00,0.00,0.00,0.00,0.27,0.00,0.22,0.36,0.34,0.24,0.08,26-Sep,27-Sep,28-Sep,29-Sep,30-Sep,1-Oct,2-Oct,26-Sep,27-Sep,28-Sep,29-Sep,30-Sep,1-Oct,2-Oct,1,7,0
Chhatrapati Sambhajinagar,Chhatrapati Sambhajinagar,Chhatrapati Sambhajinagar,Paithan,Paithan,20018162,Paithan Taluka 178 Village Grid WS,Paithan Kheda,1788,1,0.45,0.00,0.00,0.00,0.00,0.00,0.00,25.17,0.00,0.00,0.00,0.00,0.00,0.00,26-Sep,27-Sep,28-Sep,29-Sep,30-Sep,1-Oct,2-Oct,26-Sep,27-Sep,28-Sep,29-Sep,30-Sep,1-Oct,2-Oct,6,7,0
Chhatrapati Sambhajinagar,Chhatrapati Sambhajinagar,Chhatrapati Sambhajinagar,Vaijapur,Vaijapur,20051233,373 Village Gangapur-Vaijapur Grid WSS,Loni Bk.,2210,1,0.54,0.00,0.00,0.00,0.00,1.17,0.00,24.36,0.00,0.00,0.00,0.00,52.94,0.00,26-Sep,27-Sep,28-Sep,29-Sep,30-Sep,1-Oct,2-Oct,26-Sep,27-Sep,28-Sep,29-Sep,30-Sep,1-Oct,2-Oct,5,7,0
Chhatrapati Sambhajinagar,Chhatrapati Sambhajinagar,Jalna,Partur,Partur,20094559,"120 Villages Extension Scheme for Works Not Considered in 173 GRID WSS and 95 GRID WSS Tq. Partur, Mantha and Jalna Dist: Jalna",Anandwadi,2333,1,0.00,0.00,0.00,0.00,0.00,0.00,0.00,0.00,0.00,0.00,0.00,0.00,0.00,0.00,26-Sep,27-Sep,28-Sep,29-Sep,30-Sep,1-Oct,2-Oct,26-Sep,27-Sep,28-Sep,29-Sep,30-Sep,1-Oct,2-Oct,7,7,0
Chhatrapati Sambhajinagar,Chhatrapati Sambhajinagar,Chhatrapati Sambhajinagar,Paithan,Paithan,20018162,Paithan Taluka 178 Village Grid WS,Geora Bashi,0,1,0.00,0.00,0.00,0.00,0.00,0.00,0.00,0.00,0.00,0.00,0.00,0.00,0.00,0.00,26-Sep,27-Sep,28-Sep,29-Sep,30-Sep,1-Oct,2-Oct,26-Sep,27-Sep,28-Sep,29-Sep,30-Sep,1-Oct,2-Oct,7,7,0
Chhatrapati Sambhajinagar,Chhatrapati Sambhajinagar,Jalna,Mantha,Mantha,20094559,"120 Villages Extension Scheme for Works Not Considered in 173 GRID WSS and 95 GRID WSS Tq. Partur, Mantha and Jalna Dist: Jalna",Khorvad,2017,1,0.00,0.00,0.00,0.00,0.00,0.00,0.00,0.02,0.00,0.00,0.00,0.00,0.00,0.00,26-Sep,27-Sep,28-Sep,29-Sep,30-Sep,1-Oct,2-Oct,26-Sep,27-Sep,28-Sep,29-Sep,30-Sep,1-Oct,2-Oct,6,7,0
Chhatrapati Sambhajinagar,Latur,Latur,Chakur,Chakur,20030459,Rachnawadi 6 villages WSS,Her Village,6571,1,0.11,0.00,0.00,0.00,0.00,0.77,0.03,1.67,0.00,0.00,0.00,0.00,11.72,0.40,26-Sep,27-Sep,28-Sep,29-Sep,30-Sep,1-Oct,2-Oct,26-Sep,27-Sep,28-Sep,29-Sep,30-Sep,1-Oct,2-Oct,4,7,0
Chhatrapati Sambhajinagar,Chhatrapati Sambhajinagar,Jalna,Jalna,Jalna,20094559,"120 Villages Extension Scheme for Works Not Considered in 173 GRID WSS and 95 GRID WSS Tq. Partur, Mantha and Jalna Dist: Jalna",Jada Tanda,212,1,0.00,0.00,0.00,0.00,0.00,0.00,0.00,0.00,0.00,0.00,0.00,0.00,0.00,0.00,26-Sep,27-Sep,28-Sep,29-Sep,30-Sep,1-Oct,2-Oct,26-Sep,27-Sep,28-Sep,29-Sep,30-Sep,1-Oct,2-Oct,7,7,0
Chhatrapati Sambhajinagar,Chhatrapati Sambhajinagar,Chhatrapati Sambhajinagar,Vaijapur,Vaijapur,20051233,373 Village Gangapur-Vaijapur Grid WSS,Shivrai,7718,1,0.00,0.00,0.00,0.00,0.99,0.52,0.00,0.00,0.00,0.00,0.00,12.83,6.74,0.00,26-Sep,27-Sep,28-Sep,29-Sep,30-Sep,1-Oct,2-Oct,26-Sep,27-Sep,28-Sep,29-Sep,30-Sep,1-Oct,2-Oct,5,7,0
Chhatrapati Sambhajinagar,Chhatrapati Sambhajinagar,Jalna,Mantha,Mantha,20094559,"120 Villages Extension Scheme for Works Not Considered in 173 GRID WSS and 95 GRID WSS Tq. Partur, Mantha and Jalna Dist: Jalna",Idoli(bk),3856,1,0.00,0.00,0.00,0.00,0.15,0.00,0.00,0.00,0.00,0.00,0.00,3.79,0.00,0.00,26-Sep,27-Sep,28-Sep,29-Sep,30-Sep,1-Oct,2-Oct,26-Sep,27-Sep,28-Sep,29-Sep,30-Sep,1-Oct,2-Oct,6,7,0
Chhatrapati Sambhajinagar,Chhatrapati Sambhajinagar,Jalna,Mantha,Mantha,20094559,"120 Villages Extension Scheme for Works Not Considered in 173 GRID WSS and 95 GRID WSS Tq. Partur, Mantha and Jalna Dist: Jalna",Talegaon,1215,2,0.00,0.00,0.00,0.00,0.00,0.00,0.00,0.00,0.00,0.00,0.00,0.00,0.00,0.00,26-Sep,27-Sep,28-Sep,29-Sep,30-Sep,1-Oct,2-Oct,26-Sep,27-Sep,28-Sep,29-Sep,30-Sep,1-Oct,2-Oct,7,7,0
Chhatrapati Sambhajinagar,Chhatrapati Sambhajinagar,Jalna,Jalna,Jalna,20094559,"120 Villages Extension Scheme for Works Not Considered in 173 GRID WSS and 95 GRID WSS Tq. Partur, Mantha and Jalna Dist: Jalna",Timanaik Tanda,598,1,0.00,0.00,0.00,0.00,0.00,0.00,0.00,0.00,0.01,0.02,0.00,0.00,0.00,0.00,26-Sep,27-Sep,28-Sep,29-Sep,30-Sep,1-Oct,2-Oct,26-Sep,27-Sep,28-Sep,29-Sep,30-Sep,1-Oct,2-Oct,5,7,0
Chhatrapati Sambhajinagar,Chhatrapati Sambhajinagar,Chhatrapati Sambhajinagar,Paithan,Paithan,20018162,Paithan Taluka 178 Village Grid WS,Vihamandwa,6440,1,0.00,0.00,0.00,0.00,0.00,0.00,0.00,0.00,0.00,0.00,0.00,0.00,0.00,0.00,26-Sep,27-Sep,28-Sep,29-Sep,30-Sep,1-Oct,2-Oct,26-Sep,27-Sep,28-Sep,29-Sep,30-Sep,1-Oct,2-Oct,7,7,0
Chhatrapati Sambhajinagar,Chhatrapati Sambhajinagar,Chhatrapati Sambhajinagar,Vaijapur,Vaijapur,20051233,373 Village Gangapur-Vaijapur Grid WSS,Gadhe Pimpalgaon,3803,1,0.00,0.00,0.00,0.00,0.00,0.00,0.00,0.00,0.00,0.00,0.00,0.00,0.00,0.00,26-Sep,27-Sep,28-Sep,29-Sep,30-Sep,1-Oct,2-Oct,26-Sep,27-Sep,28-Sep,29-Sep,30-Sep,1-Oct,2-Oct,7,7,0
Chhatrapati Sambhajinagar,Chhatrapati Sambhajinagar,Jalna,Mantha,Mantha,20094559,"120 Villages Extension Scheme for Works Not Considered in 173 GRID WSS and 95 GRID WSS Tq. Partur, Mantha and Jalna Dist: Jalna",Meskheda,1641,1,0.00,0.25,0.00,0.08,0.00,0.00,0.00,0.00,15.50,0.00,5.12,0.00,0.00,0.00,26-Sep,27-Sep,28-Sep,29-Sep,30-Sep,1-Oct,2-Oct,26-Sep,27-Sep,28-Sep,29-Sep,30-Sep,1-Oct,2-Oct,5,7,0
Chhatrapati Sambhajinagar,Latur,Latur,Shirur Anantpal,Shirur Anantpal,20030815,Sakol 7 villages WSS,Kanegaon,1604,1,0.10,0.00,0.00,4.19,6.78,8.19,8.07,6.25,0.00,0.00,261.22,422.69,510.60,503.12,26-Sep,27-Sep,28-Sep,29-Sep,30-Sep,1-Oct,2-Oct,26-Sep,27-Sep,28-Sep,29-Sep,30-Sep,1-Oct,2-Oct,2,3,4
Chhatrapati Sambhajinagar,Chhatrapati Sambhajinagar,Jalna,Partur,Partur,20094559,"120 Villages Extension Scheme for Works Not Considered in 173 GRID WSS and 95 GRID WSS Tq. Partur, Mantha and Jalna Dist: Jalna",Babai,1088,1,0.00,0.00,0.00,0.00,0.00,0.00,0.00,0.00,0.00,0.00,0.00,0.00,0.00,0.00,26-Sep,27-Sep,28-Sep,29-Sep,30-Sep,1-Oct,2-Oct,26-Sep,27-Sep,28-Sep,29-Sep,30-Sep,1-Oct,2-Oct,7,7,0
Chhatrapati Sambhajinagar,Nanded,Nanded,Himayatnagar,Himayatnagar,20013969,Hadgaon and Himayatnagar 132 Village Grid WSS,Tembhi,1927,1,0.00,0.00,0.00,0.00,0.00,0.00,0.00,0.00,0.00,0.00,0.00,0.00,0.00,0.00,26-Sep,27-Sep,28-Sep,29-Sep,30-Sep,1-Oct,2-Oct,26-Sep,27-Sep,28-Sep,29-Sep,30-Sep,1-Oct,2-Oct,7,7,0
Chhatrapati Sambhajinagar,Chhatrapati Sambhajinagar,Jalna,Mantha,Mantha,20094559,"120 Villages Extension Scheme for Works Not Considered in 173 GRID WSS and 95 GRID WSS Tq. Partur, Mantha and Jalna Dist: Jalna",Kanphodi,196,1,0.00,0.00,0.00,0.00,0.00,0.00,0.00,0.00,0.00,0.00,0.00,0.00,0.00,0.00,26-Sep,27-Sep,28-Sep,29-Sep,30-Sep,1-Oct,2-Oct,26-Sep,27-Sep,28-Sep,29-Sep,30-Sep,1-Oct,2-Oct,7,7,0
Chhatrapati Sambhajinagar,Chhatrapati Sambhajinagar,Chhatrapati Sambhajinagar,Paithan,Paithan,20018162,Paithan Taluka 178 Village Grid WS,Mavasgavhan,588,1,0.00,0.00,0.00,0.00,0.00,0.00,0.00,0.00,0.00,0.00,0.00,0.00,0.00,0.00,26-Sep,27-Sep,28-Sep,29-Sep,30-Sep,1-Oct,2-Oct,26-Sep,27-Sep,28-Sep,29-Sep,30-Sep,1-Oct,2-Oct,7,7,0
Chhatrapati Sambhajinagar,Nanded,Nanded,Hadgaon,Hadgaon,20013969,Hadgaon and Himayatnagar 132 Village Grid WSS,Niwdha,8189,1,0.00,0.00,0.00,0.00,0.00,0.00,0.00,0.00,0.00,0.00,0.00,0.00,0.00,0.00,26-Sep,27-Sep,28-Sep,29-Sep,30-Sep,1-Oct,2-Oct,26-Sep,27-Sep,28-Sep,29-Sep,30-Sep,1-Oct,2-Oct,7,7,0
Chhatrapati Sambhajinagar,Chhatrapati Sambhajinagar,Chhatrapati Sambhajinagar,Paithan,Paithan,20018162,Paithan Taluka 178 Village Grid WS,Tanda Kh.,0,1,0.00,0.00,0.00,0.00,0.00,0.00,0.00,0.00,0.00,0.00,0.00,0.00,0.00,0.00,26-Sep,27-Sep,28-Sep,29-Sep,30-Sep,1-Oct,2-Oct,26-Sep,27-Sep,28-Sep,29-Sep,30-Sep,1-Oct,2-Oct,7,7,0
Chhatrapati Sambhajinagar,Chhatrapati Sambhajinagar,Chhatrapati Sambhajinagar,Paithan,Paithan,20018162,Paithan Taluka 178 Village Grid WS,Tupewadi,1240,1,0.00,0.00,0.00,0.00,0.00,0.00,0.00,0.00,0.00,0.00,0.00,0.00,0.00,0.00,26-Sep,27-Sep,28-Sep,29-Sep,30-Sep,1-Oct,2-Oct,26-Sep,27-Sep,28-Sep,29-Sep,30-Sep,1-Oct,2-Oct,7,7,0
Chhatrapati Sambhajinagar,Chhatrapati Sambhajinagar,Jalna,Mantha,Mantha,20094559,"120 Villages Extension Scheme for Works Not Considered in 173 GRID WSS and 95 GRID WSS Tq. Partur, Mantha and Jalna Dist: Jalna",Mohadi,1179,1,1.01,0.00,0.00,0.79,0.68,0.00,1.14,85.54,0.00,0.00,67.33,58.04,0.00,96.76,26-Sep,27-Sep,28-Sep,29-Sep,30-Sep,1-Oct,2-Oct,26-Sep,27-Sep,28-Sep,29-Sep,30-Sep,1-Oct,2-Oct,3,3,4
Chhatrapati Sambhajinagar,Chhatrapati Sambhajinagar,Jalna,Partur,Partur,20094559,"120 Villages Extension Scheme for Works Not Considered in 173 GRID WSS and 95 GRID WSS Tq. Partur, Mantha and Jalna Dist: Jalna",Devala,1141,1,0.29,0.50,0.00,0.47,0.56,1.39,1.26,25.42,43.82,0.00,41.19,49.08,121.82,110.43,26-Sep,27-Sep,28-Sep,29-Sep,30-Sep,1-Oct,2-Oct,26-Sep,27-Sep,28-Sep,29-Sep,30-Sep,1-Oct,2-Oct,1,5,2
Chhatrapati Sambhajinagar,Chhatrapati Sambhajinagar,Jalna,Partur,Partur,20094559,"120 Villages Extension Scheme for Works Not Considered in 173 GRID WSS and 95 GRID WSS Tq. Partur, Mantha and Jalna Dist: Jalna",Raigavan,1839,1,0.00,0.00,0.00,0.00,0.00,0.00,0.00,0.00,0.00,0.00,0.00,0.00,0.00,0.00,26-Sep,27-Sep,28-Sep,29-Sep,30-Sep,1-Oct,2-Oct,26-Sep,27-Sep,28-Sep,29-Sep,30-Sep,1-Oct,2-Oct,7,7,0
Chhatrapati Sambhajinagar,Chhatrapati Sambhajinagar,Jalna,Mantha,Mantha,20094559,"120 Villages Extension Scheme for Works Not Considered in 173 GRID WSS and 95 GRID WSS Tq. Partur, Mantha and Jalna Dist: Jalna",Jambharun,852,2,0.00,0.00,0.00,0.00,0.00,0.00,0.00,0.00,0.00,0.00,0.00,0.00,0.00,0.00,26-Sep,27-Sep,28-Sep,29-Sep,30-Sep,1-Oct,2-Oct,26-Sep,27-Sep,28-Sep,29-Sep,30-Sep,1-Oct,2-Oct,7,7,0
Chhatrapati Sambhajinagar,Chhatrapati Sambhajinagar,Jalna,Mantha,Mantha,20094559,"120 Villages Extension Scheme for Works Not Considered in 173 GRID WSS and 95 GRID WSS Tq. Partur, Mantha and Jalna Dist: Jalna",Lavani Tanda,1283,1,0.00,0.00,0.00,0.06,0.00,0.00,0.00,0.00,0.00,0.00,4.68,0.00,0.00,0.00,26-Sep,27-Sep,28-Sep,29-Sep,30-Sep,1-Oct,2-Oct,26-Sep,27-Sep,28-Sep,29-Sep,30-Sep,1-Oct,2-Oct,6,7,0
Chhatrapati Sambhajinagar,Chhatrapati Sambhajinagar,Chhatrapati Sambhajinagar,Paithan,Paithan,20018162,Paithan Taluka 178 Village Grid WS,Mharola,2169,1,0.00,0.00,0.00,0.00,0.00,0.00,0.00,0.00,0.00,0.00,0.00,0.00,0.00,0.00,26-Sep,27-Sep,28-Sep,29-Sep,30-Sep,1-Oct,2-Oct,26-Sep,27-Sep,28-Sep,29-Sep,30-Sep,1-Oct,2-Oct,7,7,0
Chhatrapati Sambhajinagar,Chhatrapati Sambhajinagar,Jalna,Partur,Partur,20094559,"120 Villages Extension Scheme for Works Not Considered in 173 GRID WSS and 95 GRID WSS Tq. Partur, Mantha and Jalna Dist: Jalna",Raniwahegaon 40P,452,1,0.00,0.00,0.00,0.00,0.00,0.00,0.00,0.00,0.00,0.00,0.00,0.03,0.32,0.00,26-Sep,27-Sep,28-Sep,29-Sep,30-Sep,1-Oct,2-Oct,26-Sep,27-Sep,28-Sep,29-Sep,30-Sep,1-Oct,2-Oct,5,7,0
Chhatrapati Sambhajinagar,Chhatrapati Sambhajinagar,Jalna,Partur,Partur,20094559,"120 Villages Extension Scheme for Works Not Considered in 173 GRID WSS and 95 GRID WSS Tq. Partur, Mantha and Jalna Dist: Jalna",Khadki,481,1,0.00,0.00,0.00,0.00,0.00,0.00,0.00,0.00,0.00,0.00,0.00,0.00,0.00,0.00,26-Sep,27-Sep,28-Sep,29-Sep,30-Sep,1-Oct,2-Oct,26-Sep,27-Sep,28-Sep,29-Sep,30-Sep,1-Oct,2-Oct,7,7,0
Chhatrapati Sambhajinagar,Chhatrapati Sambhajinagar,Jalna,Partur,Partur,20094559,"120 Villages Extension Scheme for Works Not Considered in 173 GRID WSS and 95 GRID WSS Tq. Partur, Mantha and Jalna Dist: Jalna",Shelavda,521,1,0.00,0.05,0.00,0.93,0.00,0.00,0.00,0.00,9.60,0.00,178.50,0.00,0.00,0.00,26-Sep,27-Sep,28-Sep,29-Sep,30-Sep,1-Oct,2-Oct,26-Sep,27-Sep,28-Sep,29-Sep,30-Sep,1-Oct,2-Oct,5,6,1
Chhatrapati Sambhajinagar,Chhatrapati Sambhajinagar,Jalna,Mantha,Mantha,20094559,"120 Villages Extension Scheme for Works Not Considered in 173 GRID WSS and 95 GRID WSS Tq. Partur, Mantha and Jalna Dist: Jalna",Dhondi Pimpalgaon,773,1,0.00,0.00,0.00,0.00,0.00,0.00,0.00,0.00,0.00,0.00,0.00,0.00,0.00,0.00,26-Sep,27-Sep,28-Sep,29-Sep,30-Sep,1-Oct,2-Oct,26-Sep,27-Sep,28-Sep,29-Sep,30-Sep,1-Oct,2-Oct,7,7,0
Chhatrapati Sambhajinagar,Chhatrapati Sambhajinagar,Jalna,Jalna,Jalna,20094559,"120 Villages Extension Scheme for Works Not Considered in 173 GRID WSS and 95 GRID WSS Tq. Partur, Mantha and Jalna Dist: Jalna",Bhanunaik Tanda,596,1,0.00,0.00,0.00,0.00,0.00,0.00,0.00,0.00,0.00,0.00,0.00,0.00,0.00,0.00,26-Sep,27-Sep,28-Sep,29-Sep,30-Sep,1-Oct,2-Oct,26-Sep,27-Sep,28-Sep,29-Sep,30-Sep,1-Oct,2-Oct,7,7,0
Chhatrapati Sambhajinagar,Chhatrapati Sambhajinagar,Jalna,Partur,Partur,20094559,"120 Villages Extension Scheme for Works Not Considered in 173 GRID WSS and 95 GRID WSS Tq. Partur, Mantha and Jalna Dist: Jalna",Takali Rangopant,1726,1,0.00,0.00,0.00,0.00,0.00,0.00,0.00,0.00,0.00,0.00,0.00,0.00,0.00,0.00,26-Sep,27-Sep,28-Sep,29-Sep,30-Sep,1-Oct,2-Oct,26-Sep,27-Sep,28-Sep,29-Sep,30-Sep,1-Oct,2-Oct,7,7,0
Chhatrapati Sambhajinagar,Chhatrapati Sambhajinagar,Chhatrapati Sambhajinagar,Paithan,Paithan,20018162,Paithan Taluka 178 Village Grid WS,Honobachi wadi,783,1,0.00,0.00,0.00,0.00,0.00,0.00,0.00,0.00,0.00,0.00,0.00,0.00,0.00,0.00,26-Sep,27-Sep,28-Sep,29-Sep,30-Sep,1-Oct,2-Oct,26-Sep,27-Sep,28-Sep,29-Sep,30-Sep,1-Oct,2-Oct,7,7,0
Chhatrapati Sambhajinagar,Chhatrapati Sambhajinagar,Jalna,Mantha,Mantha,20094559,"120 Villages Extension Scheme for Works Not Considered in 173 GRID WSS and 95 GRID WSS Tq. Partur, Mantha and Jalna Dist: Jalna",Aradakhari,985,1,0.00,13.69,0.00,0.00,0.00,0.00,0.00,0.00,1389.85,0.00,0.00,0.00,0.00,0.00,26-Sep,27-Sep,28-Sep,29-Sep,30-Sep,1-Oct,2-Oct,26-Sep,27-Sep,28-Sep,29-Sep,30-Sep,1-Oct,2-Oct,6,6,1
Chhatrapati Sambhajinagar,Chhatrapati Sambhajinagar,Chhatrapati Sambhajinagar,Vaijapur,Vaijapur,20051233,373 Village Gangapur-Vaijapur Grid WSS,Karanjgaon,1983,1,0.69,0.01,0.02,0.03,0.00,0.48,0.07,34.63,0.34,0.83,1.33,0.00,23.96,3.35,26-Sep,27-Sep,28-Sep,29-Sep,30-Sep,1-Oct,2-Oct,26-Sep,27-Sep,28-Sep,29-Sep,30-Sep,1-Oct,2-Oct,1,7,0
Chhatrapati Sambhajinagar,Chhatrapati Sambhajinagar,Chhatrapati Sambhajinagar,Gangapur,Gangapur,20051233,373 Village Gangapur-Vaijapur Grid WSS,Raipur,2196,1,0.00,0.00,0.00,0.00,0.00,0.00,0.00,0.00,0.00,0.00,0.00,0.00,0.00,0.00,26-Sep,27-Sep,28-Sep,29-Sep,30-Sep,1-Oct,2-Oct,26-Sep,27-Sep,28-Sep,29-Sep,30-Sep,1-Oct,2-Oct,7,7,0
Chhatrapati Sambhajinagar,Chhatrapati Sambhajinagar,Jalna,Mantha,Mantha,20094559,"120 Villages Extension Scheme for Works Not Considered in 173 GRID WSS and 95 GRID WSS Tq. Partur, Mantha and Jalna Dist: Jalna",Ambhora Kadam,4360,1,0.00,0.00,0.00,0.00,0.00,0.00,0.00,0.00,0.00,0.00,0.00,0.00,0.00,0.00,26-Sep,27-Sep,28-Sep,29-Sep,30-Sep,1-Oct,2-Oct,26-Sep,27-Sep,28-Sep,29-Sep,30-Sep,1-Oct,2-Oct,7,7,0
Chhatrapati Sambhajinagar,Nanded,Nanded,Himayatnagar,Himayatnagar,20013969,Hadgaon and Himayatnagar 132 Village Grid WSS,Pota Kh.,787,1,0.00,0.00,0.00,0.00,0.00,0.00,0.00,0.00,0.00,0.00,0.00,0.00,0.00,0.00,26-Sep,27-Sep,28-Sep,29-Sep,30-Sep,1-Oct,2-Oct,26-Sep,27-Sep,28-Sep,29-Sep,30-Sep,1-Oct,2-Oct,7,7,0
Chhatrapati Sambhajinagar,Nanded,Nanded,Hadgaon,Hadgaon,20013969,Hadgaon and Himayatnagar 132 Village Grid WSS,Nevri,2518,1,0.00,0.00,0.00,0.00,0.00,0.00,0.00,0.00,0.00,0.00,0.00,0.00,0.00,0.00,26-Sep,27-Sep,28-Sep,29-Sep,30-Sep,1-Oct,2-Oct,26-Sep,27-Sep,28-Sep,29-Sep,30-Sep,1-Oct,2-Oct,7,7,0
Chhatrapati Sambhajinagar,Nanded,Nanded,Himayatnagar,Himayatnagar,20013969,Hadgaon and Himayatnagar 132 Village Grid WSS,Borgadi,1212,1,0.00,0.00,0.00,0.00,0.00,0.00,0.00,0.00,0.00,0.00,0.00,0.00,0.00,0.00,26-Sep,27-Sep,28-Sep,29-Sep,30-Sep,1-Oct,2-Oct,26-Sep,27-Sep,28-Sep,29-Sep,30-Sep,1-Oct,2-Oct,7,7,0
Chhatrapati Sambhajinagar,Chhatrapati Sambhajinagar,Jalna,Jalna,Jalna,20094559,"120 Villages Extension Scheme for Works Not Considered in 173 GRID WSS and 95 GRID WSS Tq. Partur, Mantha and Jalna Dist: Jalna",Rathod Nagar,1254,2,0.00,0.00,0.00,0.00,0.00,0.00,0.00,0.00,0.00,0.00,0.00,0.00,0.00,0.00,26-Sep,27-Sep,28-Sep,29-Sep,30-Sep,1-Oct,2-Oct,26-Sep,27-Sep,28-Sep,29-Sep,30-Sep,1-Oct,2-Oct,7,7,0
Chhatrapati Sambhajinagar,Chhatrapati Sambhajinagar,Jalna,Jalna,Jalna,20094559,"120 Villages Extension Scheme for Works Not Considered in 173 GRID WSS and 95 GRID WSS Tq. Partur, Mantha and Jalna Dist: Jalna",Pashta,1614,1,0.00,0.00,0.00,0.00,0.00,0.00,0.00,0.00,0.00,0.00,0.00,0.04,0.06,0.00,26-Sep,27-Sep,28-Sep,29-Sep,30-Sep,1-Oct,2-Oct,26-Sep,27-Sep,28-Sep,29-Sep,30-Sep,1-Oct,2-Oct,5,7,0
Chhatrapati Sambhajinagar,Chhatrapati Sambhajinagar,Jalna,Jalna,Jalna,20094559,"120 Villages Extension Scheme for Works Not Considered in 173 GRID WSS and 95 GRID WSS Tq. Partur, Mantha and Jalna Dist: Jalna",Ukhali,998,1,0.01,0.00,0.00,0.00,0.00,0.00,0.00,0.52,0.00,0.13,0.05,0.13,0.02,0.00,26-Sep,27-Sep,28-Sep,29-Sep,30-Sep,1-Oct,2-Oct,26-Sep,27-Sep,28-Sep,29-Sep,30-Sep,1-Oct,2-Oct,2,7,0
Chhatrapati Sambhajinagar,Chhatrapati Sambhajinagar,Jalna,Partur,Partur,20094559,"120 Villages Extension Scheme for Works Not Considered in 173 GRID WSS and 95 GRID WSS Tq. Partur, Mantha and Jalna Dist: Jalna",Varphal,3649,1,0.00,0.00,0.00,0.00,0.00,0.00,0.00,0.00,0.00,0.00,0.00,0.00,0.00,0.00,26-Sep,27-Sep,28-Sep,29-Sep,30-Sep,1-Oct,2-Oct,26-Sep,27-Sep,28-Sep,29-Sep,30-Sep,1-Oct,2-Oct,7,7,0
Chhatrapati Sambhajinagar,Chhatrapati Sambhajinagar,Jalna,Partur,Partur,20094559,"120 Villages Extension Scheme for Works Not Considered in 173 GRID WSS and 95 GRID WSS Tq. Partur, Mantha and Jalna Dist: Jalna",Anandgaon,1279,1,0.41,0.00,0.00,0.02,0.47,0.65,0.55,32.20,0.00,0.00,1.23,37.04,50.67,42.95,26-Sep,27-Sep,28-Sep,29-Sep,30-Sep,1-Oct,2-Oct,26-Sep,27-Sep,28-Sep,29-Sep,30-Sep,1-Oct,2-Oct,2,7,0
Chhatrapati Sambhajinagar,Chhatrapati Sambhajinagar,Chhatrapati Sambhajinagar,Vaijapur,Vaijapur,20051233,373 Village Gangapur-Vaijapur Grid WSS,Kapus Wadgaon,2712,1,0.00,0.00,0.00,0.00,0.00,0.00,0.00,0.00,0.00,0.00,0.00,0.00,0.00,0.00,26-Sep,27-Sep,28-Sep,29-Sep,30-Sep,1-Oct,2-Oct,26-Sep,27-Sep,28-Sep,29-Sep,30-Sep,1-Oct,2-Oct,7,7,0
Chhatrapati Sambhajinagar,Chhatrapati Sambhajinagar,Jalna,Mantha,Mantha,20094559,"120 Villages Extension Scheme for Works Not Considered in 173 GRID WSS and 95 GRID WSS Tq. Partur, Mantha and Jalna Dist: Jalna",Limbkheda,1763,1,0.00,0.00,0.00,0.00,0.00,0.00,0.00,0.00,0.00,0.00,0.00,0.00,0.00,0.00,26-Sep,27-Sep,28-Sep,29-Sep,30-Sep,1-Oct,2-Oct,26-Sep,27-Sep,28-Sep,29-Sep,30-Sep,1-Oct,2-Oct,7,7,0
Chhatrapati Sambhajinagar,Nanded,Nanded,Himayatnagar,Himayatnagar,20013969,Hadgaon and Himayatnagar 132 Village Grid WSS,Walkyachiwadi,4427,1,0.15,8.94,9.24,3.24,0.00,0.00,0.13,3.39,201.94,208.72,73.17,0.00,0.00,2.94,26-Sep,27-Sep,28-Sep,29-Sep,30-Sep,1-Oct,2-Oct,26-Sep,27-Sep,28-Sep,29-Sep,30-Sep,1-Oct,2-Oct,2,4,3
Chhatrapati Sambhajinagar,Chhatrapati Sambhajinagar,Jalna,Partur,Partur,20094559,"120 Villages Extension Scheme for Works Not Considered in 173 GRID WSS and 95 GRID WSS Tq. Partur, Mantha and Jalna Dist: Jalna",Sawangi Gangakinara,1468,1,0.00,0.00,0.00,0.00,0.00,0.00,0.00,0.00,0.00,0.00,0.00,0.00,0.00,0.00,26-Sep,27-Sep,28-Sep,29-Sep,30-Sep,1-Oct,2-Oct,26-Sep,27-Sep,28-Sep,29-Sep,30-Sep,1-Oct,2-Oct,7,7,0
Chhatrapati Sambhajinagar,Chhatrapati Sambhajinagar,Chhatrapati Sambhajinagar,Vaijapur,Vaijapur,20051233,373 Village Gangapur-Vaijapur Grid WSS,Bhivgaon,2871,1,0.00,0.00,0.00,0.00,0.00,0.00,0.00,0.00,0.00,0.00,0.00,0.00,0.00,0.00,26-Sep,27-Sep,28-Sep,29-Sep,30-Sep,1-Oct,2-Oct,26-Sep,27-Sep,28-Sep,29-Sep,30-Sep,1-Oct,2-Oct,7,7,0
Chhatrapati Sambhajinagar,Chhatrapati Sambhajinagar,Chhatrapati Sambhajinagar,Vaijapur,Vaijapur,20051233,373 Village Gangapur-Vaijapur Grid WSS,Virgaon,2271,1,0.63,0.00,0.00,0.72,0.00,0.00,1.55,27.74,0.00,0.00,31.70,0.00,0.00,68.25,26-Sep,27-Sep,28-Sep,29-Sep,30-Sep,1-Oct,2-Oct,26-Sep,27-Sep,28-Sep,29-Sep,30-Sep,1-Oct,2-Oct,4,6,1
Chhatrapati Sambhajinagar,Nanded,Nanded,Hadgaon,Hadgaon,20013969,Hadgaon and Himayatnagar 132 Village Grid WSS,Kedarguda,1564,1,17.42,25.74,12.52,12.51,17.02,13.64,13.74,1114.09,1645.57,800.74,799.87,1088.40,872.12,878.52,26-Sep,27-Sep,28-Sep,29-Sep,30-Sep,1-Oct,2-Oct,26-Sep,27-Sep,28-Sep,29-Sep,30-Sep,1-Oct,2-Oct,0,0,7
Chhatrapati Sambhajinagar,Chhatrapati Sambhajinagar,Jalna,Partur,Partur,20094559,"120 Villages Extension Scheme for Works Not Considered in 173 GRID WSS and 95 GRID WSS Tq. Partur, Mantha and Jalna Dist: Jalna",Masala,716,1,0.01,0.01,0.00,0.00,0.01,0.01,0.01,1.35,1.36,0.00,0.09,1.46,1.70,1.71,26-Sep,27-Sep,28-Sep,29-Sep,30-Sep,1-Oct,2-Oct,26-Sep,27-Sep,28-Sep,29-Sep,30-Sep,1-Oct,2-Oct,1,7,0
Chhatrapati Sambhajinagar,Chhatrapati Sambhajinagar,Jalna,Partur,Partur,20094559,"120 Villages Extension Scheme for Works Not Considered in 173 GRID WSS and 95 GRID WSS Tq. Partur, Mantha and Jalna Dist: Jalna",Ganeshpur (Hanwadi),289,1,0.00,0.04,0.00,0.02,0.03,0.18,0.47,0.38,12.47,1.23,5.73,10.82,63.67,163.88,26-Sep,27-Sep,28-Sep,29-Sep,30-Sep,1-Oct,2-Oct,26-Sep,27-Sep,28-Sep,29-Sep,30-Sep,1-Oct,2-Oct,0,5,2
Chhatrapati Sambhajinagar,Chhatrapati Sambhajinagar,Jalna,Mantha,Mantha,20094559,"120 Villages Extension Scheme for Works Not Considered in 173 GRID WSS and 95 GRID WSS Tq. Partur, Mantha and Jalna Dist: Jalna",Kedarwakadi,1337,1,0.00,0.00,0.00,0.00,0.00,0.00,0.00,0.00,0.00,0.00,0.00,0.00,0.00,0.00,26-Sep,27-Sep,28-Sep,29-Sep,30-Sep,1-Oct,2-Oct,26-Sep,27-Sep,28-Sep,29-Sep,30-Sep,1-Oct,2-Oct,7,7,0
Chhatrapati Sambhajinagar,Nanded,Nanded,Hadgaon,Hadgaon,20013969,Hadgaon and Himayatnagar 132 Village Grid WSS,Ghogri,1237,1,0.00,0.00,0.00,0.00,0.00,4.16,3.29,0.00,0.00,0.00,0.00,0.00,336.30,265.97,26-Sep,27-Sep,28-Sep,29-Sep,30-Sep,1-Oct,2-Oct,26-Sep,27-Sep,28-Sep,29-Sep,30-Sep,1-Oct,2-Oct,5,5,2
Chhatrapati Sambhajinagar,Chhatrapati Sambhajinagar,Jalna,Partur,Partur,20094559,"120 Villages Extension Scheme for Works Not Considered in 173 GRID WSS and 95 GRID WSS Tq. Partur, Mantha and Jalna Dist: Jalna",Ekrukha,325,1,0.00,0.00,0.00,0.00,0.00,0.00,0.00,0.00,0.00,0.00,0.00,0.00,0.00,0.00,26-Sep,27-Sep,28-Sep,29-Sep,30-Sep,1-Oct,2-Oct,26-Sep,27-Sep,28-Sep,29-Sep,30-Sep,1-Oct,2-Oct,7,7,0
Chhatrapati Sambhajinagar,Nanded,Nanded,Hadgaon,Hadgaon,20013969,Hadgaon and Himayatnagar 132 Village Grid WSS,Dagadwadi,1225,1,0.71,0.30,0.30,0.85,0.00,0.00,0.60,57.96,24.49,24.49,69.39,0.00,0.00,48.98,26-Sep,27-Sep,28-Sep,29-Sep,30-Sep,1-Oct,2-Oct,26-Sep,27-Sep,28-Sep,29-Sep,30-Sep,1-Oct,2-Oct,2,5,2
Chhatrapati Sambhajinagar,Chhatrapati Sambhajinagar,Jalna,Mantha,Mantha,20094559,"120 Villages Extension Scheme for Works Not Considered in 173 GRID WSS and 95 GRID WSS Tq. Partur, Mantha and Jalna Dist: Jalna",LIMBEWADGAON GHARKUL,540,1,0.00,0.00,0.00,0.00,0.00,0.00,0.00,0.00,0.00,0.00,0.00,0.00,0.00,0.00,26-Sep,27-Sep,28-Sep,29-Sep,30-Sep,1-Oct,2-Oct,26-Sep,27-Sep,28-Sep,29-Sep,30-Sep,1-Oct,2-Oct,7,7,0
Chhatrapati Sambhajinagar,Chhatrapati Sambhajinagar,Jalna,Partur,Partur,20094559,"120 Villages Extension Scheme for Works Not Considered in 173 GRID WSS and 95 GRID WSS Tq. Partur, Mantha and Jalna Dist: Jalna",Patoda Mav,2967,1,0.00,0.00,0.00,0.00,0.00,0.00,0.00,0.00,0.00,0.00,0.00,0.00,0.00,0.00,26-Sep,27-Sep,28-Sep,29-Sep,30-Sep,1-Oct,2-Oct,26-Sep,27-Sep,28-Sep,29-Sep,30-Sep,1-Oct,2-Oct,7,7,0
Chhatrapati Sambhajinagar,Chhatrapati Sambhajinagar,Jalna,Partur,Partur,20094559,"120 Villages Extension Scheme for Works Not Considered in 173 GRID WSS and 95 GRID WSS Tq. Partur, Mantha and Jalna Dist: Jalna",Karhala,2429,1,0.00,0.00,0.00,0.00,0.00,0.00,0.00,0.00,0.00,0.00,0.00,0.00,0.00,0.00,26-Sep,27-Sep,28-Sep,29-Sep,30-Sep,1-Oct,2-Oct,26-Sep,27-Sep,28-Sep,29-Sep,30-Sep,1-Oct,2-Oct,7,7,0
Chhatrapati Sambhajinagar,Chhatrapati Sambhajinagar,Jalna,Mantha,Mantha,20094559,"120 Villages Extension Scheme for Works Not Considered in 173 GRID WSS and 95 GRID WSS Tq. Partur, Mantha and Jalna Dist: Jalna",Khorad Sawangi,2661,1,0.07,0.00,0.08,0.09,0.07,0.11,0.12,2.50,0.10,3.07,3.23,2.45,4.13,4.42,26-Sep,27-Sep,28-Sep,29-Sep,30-Sep,1-Oct,2-Oct,26-Sep,27-Sep,28-Sep,29-Sep,30-Sep,1-Oct,2-Oct,0,7,0
Chhatrapati Sambhajinagar,Chhatrapati Sambhajinagar,Jalna,Mantha,Mantha,20094559,"120 Villages Extension Scheme for Works Not Considered in 173 GRID WSS and 95 GRID WSS Tq. Partur, Mantha and Jalna Dist: Jalna",Kendhali Tanda,263,1,0.00,0.00,0.00,0.00,0.00,0.00,0.00,0.00,0.00,0.00,0.00,0.00,0.00,0.00,26-Sep,27-Sep,28-Sep,29-Sep,30-Sep,1-Oct,2-Oct,26-Sep,27-Sep,28-Sep,29-Sep,30-Sep,1-Oct,2-Oct,7,7,0
Chhatrapati Sambhajinagar,Chhatrapati Sambhajinagar,Jalna,Mantha,Mantha,20094559,"120 Villages Extension Scheme for Works Not Considered in 173 GRID WSS and 95 GRID WSS Tq. Partur, Mantha and Jalna Dist: Jalna",Devthana Mantha,1068,1,0.19,0.00,0.14,0.00,0.20,0.00,1.89,17.79,0.00,13.11,0.00,18.73,0.00,176.97,26-Sep,27-Sep,28-Sep,29-Sep,30-Sep,1-Oct,2-Oct,26-Sep,27-Sep,28-Sep,29-Sep,30-Sep,1-Oct,2-Oct,3,6,1
Chhatrapati Sambhajinagar,Chhatrapati Sambhajinagar,Jalna,Partur,Partur,20094559,"120 Villages Extension Scheme for Works Not Considered in 173 GRID WSS and 95 GRID WSS Tq. Partur, Mantha and Jalna Dist: Jalna",Soyajanna,1238,2,0.00,0.00,0.00,0.00,0.56,0.01,0.00,0.00,0.00,0.00,0.12,45.14,1.16,0.00,26-Sep,27-Sep,28-Sep,29-Sep,30-Sep,1-Oct,2-Oct,26-Sep,27-Sep,28-Sep,29-Sep,30-Sep,1-Oct,2-Oct,4,7,0
Chhatrapati Sambhajinagar,Nanded,Nanded,Hadgaon,Hadgaon,20013969,Hadgaon and Himayatnagar 132 Village Grid WSS,Mahatala,1569,1,0.00,0.00,0.00,0.00,0.00,0.00,0.00,0.00,0.00,0.00,0.00,0.00,0.00,0.00,26-Sep,27-Sep,28-Sep,29-Sep,30-Sep,1-Oct,2-Oct,26-Sep,27-Sep,28-Sep,29-Sep,30-Sep,1-Oct,2-Oct,7,7,0
Chhatrapati Sambhajinagar,Nanded,Nanded,Hadgaon,Hadgaon,20013969,Hadgaon and Himayatnagar 132 Village Grid WSS,Umri (Daryabai),2262,1,0.96,0.00,0.01,0.00,0.00,0.00,0.00,42.44,0.00,0.65,0.00,0.00,0.00,0.00,26-Sep,27-Sep,28-Sep,29-Sep,30-Sep,1-Oct,2-Oct,26-Sep,27-Sep,28-Sep,29-Sep,30-Sep,1-Oct,2-Oct,5,7,0
Chhatrapati Sambhajinagar,Nanded,Nanded,Kandhar,Kandhar,7338000,Osmamnagar Shirdhon Combined WSS,Shirdhon Tanda,,1,0.29,7.39,0.00,0.00,0.00,0.00,0.00,0.00,0.00,0.00,0.00,0.00,0.00,0.00,26-Sep,27-Sep,28-Sep,29-Sep,30-Sep,1-Oct,2-Oct,26-Sep,27-Sep,28-Sep,29-Sep,30-Sep,1-Oct,2-Oct,7,7,0
Chhatrapati Sambhajinagar,Chhatrapati Sambhajinagar,Chhatrapati Sambhajinagar,Vaijapur,Vaijapur,20051233,373 Village Gangapur-Vaijapur Grid WSS,Raghunathpurwadi,1097,1,0.20,0.00,0.00,0.00,0.00,0.00,0.00,18.23,0.00,0.00,0.00,0.00,0.00,0.00,26-Sep,27-Sep,28-Sep,29-Sep,30-Sep,1-Oct,2-Oct,26-Sep,27-Sep,28-Sep,29-Sep,30-Sep,1-Oct,2-Oct,6,7,0
Chhatrapati Sambhajinagar,Chhatrapati Sambhajinagar,Chhatrapati Sambhajinagar,Vaijapur,Vaijapur,20051233,373 Village Gangapur-Vaijapur Grid WSS,Sanjarpurwadi,2971,1,0.00,0.00,0.00,0.00,0.00,0.00,0.00,0.00,0.00,0.00,0.00,0.00,0.00,0.00,26-Sep,27-Sep,28-Sep,29-Sep,30-Sep,1-Oct,2-Oct,26-Sep,27-Sep,28-Sep,29-Sep,30-Sep,1-Oct,2-Oct,7,7,0
Chhatrapati Sambhajinagar,Chhatrapati Sambhajinagar,Chhatrapati Sambhajinagar,Sillod,Sillod,20017395,Shirsala & 4 Village,Nanegaon,2284,3,10814696.86,0.00,0.00,0.01,0.05,0.00,0.00,473498111.37,0.00,0.00,0.44,2.19,0.00,0.00,26-Sep,27-Sep,28-Sep,29-Sep,30-Sep,1-Oct,2-Oct,26-Sep,27-Sep,28-Sep,29-Sep,30-Sep,1-Oct,2-Oct,4,6,1
Chhatrapati Sambhajinagar,Chhatrapati Sambhajinagar,Jalna,Mantha,Mantha,20094559,"120 Villages Extension Scheme for Works Not Considered in 173 GRID WSS and 95 GRID WSS Tq. Partur, Mantha and Jalna Dist: Jalna",Wazarsarkate,2525,1,0.00,0.00,0.00,0.00,0.00,0.00,0.00,0.00,0.00,0.00,0.00,0.00,0.00,0.00,26-Sep,27-Sep,28-Sep,29-Sep,30-Sep,1-Oct,2-Oct,26-Sep,27-Sep,28-Sep,29-Sep,30-Sep,1-Oct,2-Oct,7,7,0
Chhatrapati Sambhajinagar,Chhatrapati Sambhajinagar,Jalna,Mantha,Mantha,20094559,"120 Villages Extension Scheme for Works Not Considered in 173 GRID WSS and 95 GRID WSS Tq. Partur, Mantha and Jalna Dist: Jalna",Kathala (Kh),347,1,0.00,0.00,0.00,0.00,0.00,0.00,0.00,0.00,0.00,0.00,0.00,0.00,0.00,0.00,26-Sep,27-Sep,28-Sep,29-Sep,30-Sep,1-Oct,2-Oct,26-Sep,27-Sep,28-Sep,29-Sep,30-Sep,1-Oct,2-Oct,7,7,0
Chhatrapati Sambhajinagar,Chhatrapati Sambhajinagar,Jalna,Partur,Partur,20094559,"120 Villages Extension Scheme for Works Not Considered in 173 GRID WSS and 95 GRID WSS Tq. Partur, Mantha and Jalna Dist: Jalna",Satarawahegaon,1264,1,0.00,0.00,0.00,0.00,0.00,0.00,0.00,0.00,0.00,0.00,0.00,0.00,0.00,0.00,26-Sep,27-Sep,28-Sep,29-Sep,30-Sep,1-Oct,2-Oct,26-Sep,27-Sep,28-Sep,29-Sep,30-Sep,1-Oct,2-Oct,7,7,0
Chhatrapati Sambhajinagar,Chhatrapati Sambhajinagar,Chhatrapati Sambhajinagar,Vaijapur,Vaijapur,20051233,373 Village Gangapur-Vaijapur Grid WSS,Mali Sagaj,2144,1,0.00,0.00,0.00,0.01,0.00,0.00,0.00,0.00,0.00,0.00,0.47,0.00,0.00,0.00,26-Sep,27-Sep,28-Sep,29-Sep,30-Sep,1-Oct,2-Oct,26-Sep,27-Sep,28-Sep,29-Sep,30-Sep,1-Oct,2-Oct,6,7,0
Chhatrapati Sambhajinagar,Nanded,Nanded,Hadgaon,Hadgaon,20013969,Hadgaon and Himayatnagar 132 Village Grid WSS,Talni,7037,1,0.00,0.48,0.00,0.30,0.00,0.74,0.00,0.00,6.82,0.00,4.26,0.00,10.52,0.00,26-Sep,27-Sep,28-Sep,29-Sep,30-Sep,1-Oct,2-Oct,26-Sep,27-Sep,28-Sep,29-Sep,30-Sep,1-Oct,2-Oct,4,7,0
Chhatrapati Sambhajinagar,Chhatrapati Sambhajinagar,Jalna,Partur,Partur,20094559,"120 Villages Extension Scheme for Works Not Considered in 173 GRID WSS and 95 GRID WSS Tq. Partur, Mantha and Jalna Dist: Jalna",Kawajawala,1582,1,0.00,0.00,0.00,0.00,0.00,0.00,0.00,0.00,0.00,0.00,0.00,0.00,0.00,0.00,26-Sep,27-Sep,28-Sep,29-Sep,30-Sep,1-Oct,2-Oct,26-Sep,27-Sep,28-Sep,29-Sep,30-Sep,1-Oct,2-Oct,7,7,0
Chhatrapati Sambhajinagar,Chhatrapati Sambhajinagar,Jalna,Partur,Partur,20094559,"120 Villages Extension Scheme for Works Not Considered in 173 GRID WSS and 95 GRID WSS Tq. Partur, Mantha and Jalna Dist: Jalna",Varphalwadi,1029,1,0.00,0.00,0.00,0.00,0.00,0.00,0.00,0.00,0.00,0.00,0.00,0.00,0.00,0.00,26-Sep,27-Sep,28-Sep,29-Sep,30-Sep,1-Oct,2-Oct,26-Sep,27-Sep,28-Sep,29-Sep,30-Sep,1-Oct,2-Oct,7,7,0
Chhatrapati Sambhajinagar,Chhatrapati Sambhajinagar,Chhatrapati Sambhajinagar,Gangapur,Gangapur,20051233,373 Village Gangapur-Vaijapur Grid WSS,Ranjangaon (s),62282,1,0.95,0.00,0.00,0.00,0.00,0.16,0.00,1.53,0.00,0.00,0.00,0.00,0.26,0.00,26-Sep,27-Sep,28-Sep,29-Sep,30-Sep,1-Oct,2-Oct,26-Sep,27-Sep,28-Sep,29-Sep,30-Sep,1-Oct,2-Oct,5,7,0
Chhatrapati Sambhajinagar,Nanded,Nanded,Hadgaon,Hadgaon,20013969,Hadgaon and Himayatnagar 132 Village Grid WSS,Rawangaon (Manatha),1463,1,0.00,0.00,0.00,0.00,0.00,0.00,0.00,0.00,0.00,0.00,0.00,0.00,0.00,0.00,26-Sep,27-Sep,28-Sep,29-Sep,30-Sep,1-Oct,2-Oct,26-Sep,27-Sep,28-Sep,29-Sep,30-Sep,1-Oct,2-Oct,7,7,0
Chhatrapati Sambhajinagar,Chhatrapati Sambhajinagar,Jalna,Jalna,Jalna,20094559,"120 Villages Extension Scheme for Works Not Considered in 173 GRID WSS and 95 GRID WSS Tq. Partur, Mantha and Jalna Dist: Jalna",Khambewadi,1300,1,0.00,0.00,0.00,0.00,0.00,0.00,0.00,0.00,0.00,0.00,0.00,0.06,0.00,0.02,26-Sep,27-Sep,28-Sep,29-Sep,30-Sep,1-Oct,2-Oct,26-Sep,27-Sep,28-Sep,29-Sep,30-Sep,1-Oct,2-Oct,5,7,0
Chhatrapati Sambhajinagar,Chhatrapati Sambhajinagar,Jalna,Jalna,Jalna,20094559,"120 Villages Extension Scheme for Works Not Considered in 173 GRID WSS and 95 GRID WSS Tq. Partur, Mantha and Jalna Dist: Jalna",Dhagi,1485,1,0.00,21.97,1.70,14.75,11.85,16.60,18.82,0.00,1479.46,114.48,993.27,797.98,1117.58,1267.34,26-Sep,27-Sep,28-Sep,29-Sep,30-Sep,1-Oct,2-Oct,26-Sep,27-Sep,28-Sep,29-Sep,30-Sep,1-Oct,2-Oct,1,1,6
Chhatrapati Sambhajinagar,Nanded,Nanded,Himayatnagar,Himayatnagar,20013969,Hadgaon and Himayatnagar 132 Village Grid WSS,Karanji,1346,1,0.00,0.00,0.00,0.00,0.00,0.00,0.00,0.00,0.00,0.00,0.00,0.00,0.00,0.00,26-Sep,27-Sep,28-Sep,29-Sep,30-Sep,1-Oct,2-Oct,26-Sep,27-Sep,28-Sep,29-Sep,30-Sep,1-Oct,2-Oct,7,7,0
Chhatrapati Sambhajinagar,Chhatrapati Sambhajinagar,Jalna,Partur,Partur,20094559,"120 Villages Extension Scheme for Works Not Considered in 173 GRID WSS and 95 GRID WSS Tq. Partur, Mantha and Jalna Dist: Jalna",Dolara,1422,1,0.00,0.00,0.00,0.00,0.00,0.00,0.00,0.00,0.00,0.00,0.00,0.00,0.00,0.00,26-Sep,27-Sep,28-Sep,29-Sep,30-Sep,1-Oct,2-Oct,26-Sep,27-Sep,28-Sep,29-Sep,30-Sep,1-Oct,2-Oct,7,7,0
Chhatrapati Sambhajinagar,Chhatrapati Sambhajinagar,Jalna,Mantha,Mantha,20094559,"120 Villages Extension Scheme for Works Not Considered in 173 GRID WSS and 95 GRID WSS Tq. Partur, Mantha and Jalna Dist: Jalna",Sevali,7669,1,0.00,0.00,0.00,0.00,0.00,0.00,0.00,0.00,0.00,0.00,0.00,0.00,0.00,0.00,26-Sep,27-Sep,28-Sep,29-Sep,30-Sep,1-Oct,2-Oct,26-Sep,27-Sep,28-Sep,29-Sep,30-Sep,1-Oct,2-Oct,7,7,0
Chhatrapati Sambhajinagar,Chhatrapati Sambhajinagar,Jalna,Mantha,Mantha,20094559,"120 Villages Extension Scheme for Works Not Considered in 173 GRID WSS and 95 GRID WSS Tq. Partur, Mantha and Jalna Dist: Jalna",Mangrul,1893,1,0.68,1.11,1.87,1.76,0.25,0.00,0.00,35.97,58.64,98.98,92.99,13.18,0.00,0.00,26-Sep,27-Sep,28-Sep,29-Sep,30-Sep,1-Oct,2-Oct,26-Sep,27-Sep,28-Sep,29-Sep,30-Sep,1-Oct,2-Oct,2,4,3
Chhatrapati Sambhajinagar,Nanded,Nanded,Hadgaon,Hadgaon,20013969,Hadgaon and Himayatnagar 132 Village Grid WSS,Dhanora (Tamsa),1380,1,0.00,0.09,0.00,0.00,0.00,0.00,0.00,0.00,6.52,0.00,0.00,0.00,0.00,0.00,26-Sep,27-Sep,28-Sep,29-Sep,30-Sep,1-Oct,2-Oct,26-Sep,27-Sep,28-Sep,29-Sep,30-Sep,1-Oct,2-Oct,6,7,0
Chhatrapati Sambhajinagar,Nanded,Nanded,Himayatnagar,Himayatnagar,20013969,Hadgaon and Himayatnagar 132 Village Grid WSS,Dolhari,1871,1,0.00,0.00,0.00,0.00,0.00,0.00,0.00,0.00,0.00,0.00,0.00,0.00,0.00,0.00,26-Sep,27-Sep,28-Sep,29-Sep,30-Sep,1-Oct,2-Oct,26-Sep,27-Sep,28-Sep,29-Sep,30-Sep,1-Oct,2-Oct,7,7,0
Chhatrapati Sambhajinagar,Chhatrapati Sambhajinagar,Jalna,Partur,Partur,20094559,"120 Villages Extension Scheme for Works Not Considered in 173 GRID WSS and 95 GRID WSS Tq. Partur, Mantha and Jalna Dist: Jalna",Hatadi,1759,1,0.00,0.00,0.00,0.11,0.00,0.12,0.06,0.00,0.00,0.00,6.43,0.00,7.09,3.40,26-Sep,27-Sep,28-Sep,29-Sep,30-Sep,1-Oct,2-Oct,26-Sep,27-Sep,28-Sep,29-Sep,30-Sep,1-Oct,2-Oct,4,7,0
Chhatrapati Sambhajinagar,Latur,Latur,Shirur Anantpal,Shirur Anantpal,20030815,Sakol 7 villages WSS,Sakol,8777,2,0.00,0.00,0.00,4.22,3.34,1.84,0.70,0.00,0.00,0.00,48.08,38.05,20.96,7.98,26-Sep,27-Sep,28-Sep,29-Sep,30-Sep,1-Oct,2-Oct,26-Sep,27-Sep,28-Sep,29-Sep,30-Sep,1-Oct,2-Oct,3,7,0
Chhatrapati Sambhajinagar,Chhatrapati Sambhajinagar,Chhatrapati Sambhajinagar,Paithan,Paithan,20018162,Paithan Taluka 178 Village Grid WS,Tondoli,0,1,0.00,0.00,0.00,0.00,0.00,0.00,0.00,0.00,0.00,0.00,0.00,0.00,0.00,0.00,26-Sep,27-Sep,28-Sep,29-Sep,30-Sep,1-Oct,2-Oct,26-Sep,27-Sep,28-Sep,29-Sep,30-Sep,1-Oct,2-Oct,7,7,0
Chhatrapati Sambhajinagar,Chhatrapati Sambhajinagar,Chhatrapati Sambhajinagar,Paithan,Paithan,20018162,Paithan Taluka 178 Village Grid WS,Rajapur,1108,1,0.00,0.00,0.00,0.00,0.00,0.00,0.00,0.00,0.00,0.00,0.00,0.00,0.00,0.00,26-Sep,27-Sep,28-Sep,29-Sep,30-Sep,1-Oct,2-Oct,26-Sep,27-Sep,28-Sep,29-Sep,30-Sep,1-Oct,2-Oct,7,7,0
Chhatrapati Sambhajinagar,Chhatrapati Sambhajinagar,Jalna,Jalna,Jalna,20094559,"120 Villages Extension Scheme for Works Not Considered in 173 GRID WSS and 95 GRID WSS Tq. Partur, Mantha and Jalna Dist: Jalna",Phokhari Baber,522,1,0.00,0.00,0.00,0.00,0.00,0.00,0.00,0.00,0.00,0.00,0.00,0.00,0.00,0.00,26-Sep,27-Sep,28-Sep,29-Sep,30-Sep,1-Oct,2-Oct,26-Sep,27-Sep,28-Sep,29-Sep,30-Sep,1-Oct,2-Oct,7,7,0
Pune,Sangli,Solapur,Solapur,Sangola,20027396,Alegaon shirbhavi 82 Village,Dhayati,4586,1,0.00,0.00,0.00,0.00,0.00,0.00,0.00,0.00,0.00,0.00,0.00,0.00,0.00,0.00,26-Sep,27-Sep,28-Sep,29-Sep,30-Sep,1-Oct,2-Oct,26-Sep,27-Sep,28-Sep,29-Sep,30-Sep,1-Oct,2-Oct,7,7,0
Pune,Pune,Pune,Pune,Ambegaon,20017262,Supe,NAROLI,1486,1,0.03,0.01,0.01,0.01,0.00,0.04,0.02,1.92,0.71,0.36,0.71,0.14,2.53,1.14,26-Sep,27-Sep,28-Sep,29-Sep,30-Sep,1-Oct,2-Oct,26-Sep,27-Sep,28-Sep,29-Sep,30-Sep,1-Oct,2-Oct,0,7,0
Pune,Sangli,Solapur,Solapur,Sangola,20027396,Alegaon shirbhavi 82 Village,Mahim,4407,1,2.82,2.61,1.50,2.06,2.14,2.20,2.76,63.93,59.27,34.00,46.73,48.56,49.97,62.72,26-Sep,27-Sep,28-Sep,29-Sep,30-Sep,1-Oct,2-Oct,26-Sep,27-Sep,28-Sep,29-Sep,30-Sep,1-Oct,2-Oct,0,4,3
Pune,Pune,Pune 1,Baramati,Ambegaon,7942125,MURTI & 7 VILLAGES RRWSS,Murti gaonthan,1065,2,0.00,0.00,0.00,0.00,0.00,0.00,0.00,0.00,0.00,0.00,0.00,0.00,0.00,0.00,26-Sep,27-Sep,28-Sep,29-Sep,30-Sep,1-Oct,2-Oct,26-Sep,27-Sep,28-Sep,29-Sep,30-Sep,1-Oct,2-Oct,7,7,0
Pune,Pune,Pune 1,Pune 1,Daund,7942135,"Gar, Sonwadi, Nanviz RR",Betwadi,1500,1,0.00,0.00,0.00,0.00,0.00,0.00,0.00,0.00,0.00,0.00,0.00,0.00,0.00,0.00,26-Sep,27-Sep,28-Sep,29-Sep,30-Sep,1-Oct,2-Oct,26-Sep,27-Sep,28-Sep,29-Sep,30-Sep,1-Oct,2-Oct,7,7,0
Pune,Sangli,Sangli,Islampur,Valva,7940233,Peth & two Villages,Golewadi,482,1,0.00,0.00,0.00,0.00,0.00,0.00,0.00,0.00,0.00,0.00,0.00,0.00,0.00,0.00,26-Sep,27-Sep,28-Sep,29-Sep,30-Sep,1-Oct,2-Oct,26-Sep,27-Sep,28-Sep,29-Sep,30-Sep,1-Oct,2-Oct,7,7,0
Pune,Pune,Pune 2,Pune,Daund,20027689,Patan & 8 Villages RWSS,DEVLE,2052,2,0.00,0.00,0.00,0.00,0.00,0.03,0.00,0.00,0.00,0.00,0.00,0.00,1.62,0.00,26-Sep,27-Sep,28-Sep,29-Sep,30-Sep,1-Oct,2-Oct,26-Sep,27-Sep,28-Sep,29-Sep,30-Sep,1-Oct,2-Oct,6,7,0
Pune,Pune,Pune,Pune,Ambegaon,20017262,Supe,KALKHAIREWADI,1812,2,14409.98,14971.20,13602.84,4992.26,4990.31,12788.11,12166.10,795252.98,826225.20,750708.44,275511.24,275403.54,705745.50,671418.30,26-Sep,27-Sep,28-Sep,29-Sep,30-Sep,1-Oct,2-Oct,26-Sep,27-Sep,28-Sep,29-Sep,30-Sep,1-Oct,2-Oct,0,0,7
Pune,Pune,Pune,Satara,Satara,20027924,Shapur Jakatwadi,SHAHAPUR,972,1,1.49,1.67,0.68,1.65,1.77,1.67,1.62,152.87,171.52,69.72,169.87,182.09,171.47,166.66,26-Sep,27-Sep,28-Sep,29-Sep,30-Sep,1-Oct,2-Oct,26-Sep,27-Sep,28-Sep,29-Sep,30-Sep,1-Oct,2-Oct,0,0,7
Pune,Pune,Pune 1,Baramati,Ambegaon,20017250,LONI BHAPKAR RRWSS,Tukainagar,3819,1,0.00,0.00,0.00,0.00,0.00,0.00,0.00,0.00,0.00,0.00,0.00,0.00,0.00,0.00,26-Sep,27-Sep,28-Sep,29-Sep,30-Sep,1-Oct,2-Oct,26-Sep,27-Sep,28-Sep,29-Sep,30-Sep,1-Oct,2-Oct,7,7,0
Pune,Pune,Pune 2,Pune,Daund,7948923,Karla & 7 villages RR,SHILTHANE,1741,1,0.00,0.00,0.00,0.00,0.00,0.00,0.00,0.00,0.00,0.00,0.00,0.00,0.00,0.00,26-Sep,27-Sep,28-Sep,29-Sep,30-Sep,1-Oct,2-Oct,26-Sep,27-Sep,28-Sep,29-Sep,30-Sep,1-Oct,2-Oct,7,7,0
Pune,Pune,Satara,Phaltan,Phaltan,20027892,RR Girvi WSS,Bhadali Gouthan,1230,1,0.00,0.00,0.00,0.00,0.00,0.00,0.00,0.00,0.00,0.00,0.00,0.00,0.00,0.00,26-Sep,27-Sep,28-Sep,29-Sep,30-Sep,1-Oct,2-Oct,26-Sep,27-Sep,28-Sep,29-Sep,30-Sep,1-Oct,2-Oct,7,7,0
Pune,Pune,Pune,Pune,Purandar,20027459,Shivari,MUNJEWADI-EKHATAPUR,1651,1,0.00,0.25,0.16,0.00,0.35,0.00,0.92,0.00,14.95,9.91,0.00,21.07,0.00,55.55,26-Sep,27-Sep,28-Sep,29-Sep,30-Sep,1-Oct,2-Oct,26-Sep,27-Sep,28-Sep,29-Sep,30-Sep,1-Oct,2-Oct,3,6,1
Pune,Pune,Pune 2,Pune,Velhe,20013219,Wajeghar RR,PAL KH,437,1,0.11,0.10,0.08,0.07,0.08,0.01,0.00,26.21,23.45,19.33,15.80,19.27,1.87,0.00,26-Sep,27-Sep,28-Sep,29-Sep,30-Sep,1-Oct,2-Oct,26-Sep,27-Sep,28-Sep,29-Sep,30-Sep,1-Oct,2-Oct,1,7,0
Pune,Sangli,Solapur,Solapur,Sangola,20027396,Alegaon shirbhavi 82 Village,Ajanale,8051,1,1.02,0.10,1.27,0.98,1.98,1.79,1.77,12.67,1.26,15.76,12.23,24.58,22.23,22.02,26-Sep,27-Sep,28-Sep,29-Sep,30-Sep,1-Oct,2-Oct,26-Sep,27-Sep,28-Sep,29-Sep,30-Sep,1-Oct,2-Oct,0,7,0
Pune,Sangli,Solapur,Solapur,Sangola,20027396,Alegaon shirbhavi 82 Village,Junoni,4895,1,0.00,0.00,0.00,0.00,0.00,0.00,0.00,0.00,0.00,0.00,0.00,0.00,0.00,0.00,26-Sep,27-Sep,28-Sep,29-Sep,30-Sep,1-Oct,2-Oct,26-Sep,27-Sep,28-Sep,29-Sep,30-Sep,1-Oct,2-Oct,7,7,0
Pune,Pune,Satara,Pune,Phaltan,20019031,Hol Khamgaon,HOL,2189,5,0.00,0.00,0.00,0.00,0.00,0.00,0.00,0.00,0.00,0.00,0.00,0.00,0.00,0.00,26-Sep,27-Sep,28-Sep,29-Sep,30-Sep,1-Oct,2-Oct,26-Sep,27-Sep,28-Sep,29-Sep,30-Sep,1-Oct,2-Oct,7,7,0
Pune,Pune,Pune,Pune,Ambegaon,20017262,Supe,CHANDUGADEWADI,767,1,0.00,0.52,0.00,0.48,0.00,0.46,0.00,0.00,67.65,0.00,62.70,0.00,60.27,0.00,26-Sep,27-Sep,28-Sep,29-Sep,30-Sep,1-Oct,2-Oct,26-Sep,27-Sep,28-Sep,29-Sep,30-Sep,1-Oct,2-Oct,4,4,3
Pune,Sangli,Solapur,Solapur,Sangola,20027396,Alegaon shirbhavi 82 Village,Sonanad,1492,1,1.11,1.30,0.91,2.46,0.51,2.09,1.20,74.26,87.18,61.28,164.64,34.31,139.90,80.50,26-Sep,27-Sep,28-Sep,29-Sep,30-Sep,1-Oct,2-Oct,26-Sep,27-Sep,28-Sep,29-Sep,30-Sep,1-Oct,2-Oct,0,1,6
Pune,Pune,Pune,Pune,Maval,7948936,Aug. Dongargaon-Kusgaon RR,Dongargaon,999,1,0.00,0.00,0.00,0.00,0.00,0.00,0.00,0.00,0.00,0.00,0.00,0.00,0.00,0.00,26-Sep,27-Sep,28-Sep,29-Sep,30-Sep,1-Oct,2-Oct,26-Sep,27-Sep,28-Sep,29-Sep,30-Sep,1-Oct,2-Oct,7,7,0
Pune,Pune,Pune,Pune,Ambegaon,20016938,Karanjepul and Karanje,KARANJEPUL,3273,2,0.04,0.18,0.12,0.00,0.19,0.34,0.17,1.09,5.46,3.60,0.07,5.71,10.29,5.15,26-Sep,27-Sep,28-Sep,29-Sep,30-Sep,1-Oct,2-Oct,26-Sep,27-Sep,28-Sep,29-Sep,30-Sep,1-Oct,2-Oct,0,7,0
Pune,Pune,Pune,Pune,Khed,20050028,Uddhat,Udnaiwadi,5000,1,0.51,0.06,0.46,0.05,0.62,0.04,0.42,10.26,1.14,9.25,1.04,12.49,0.74,8.30,26-Sep,27-Sep,28-Sep,29-Sep,30-Sep,1-Oct,2-Oct,26-Sep,27-Sep,28-Sep,29-Sep,30-Sep,1-Oct,2-Oct,0,7,0
Pune,Sangli,Solapur,Solapur,Sangola,20027396,Alegaon shirbhavi 82 Village,Rajuri,5234,1,1.97,1.40,1.59,0.87,2.98,1.33,1.38,37.57,26.78,30.37,16.64,56.96,25.43,26.34,26-Sep,27-Sep,28-Sep,29-Sep,30-Sep,1-Oct,2-Oct,26-Sep,27-Sep,28-Sep,29-Sep,30-Sep,1-Oct,2-Oct,0,6,1
Pune,Pune,Pune,Pune,Purandar,20027436,Pargaoan Malshiras,Amble,1475,3,0.00,0.00,0.00,0.00,0.53,0.55,0.28,0.00,0.00,0.00,0.00,35.77,37.15,18.96,26-Sep,27-Sep,28-Sep,29-Sep,30-Sep,1-Oct,2-Oct,26-Sep,27-Sep,28-Sep,29-Sep,30-Sep,1-Oct,2-Oct,4,7,0
Pune,Pune,Pune,Pune,Ambegaon,20027855,Thopatewadi Late,Kurnewadi,1484,1,0.04,0.06,0.06,0.18,0.17,0.18,0.18,2.88,3.87,4.32,11.84,11.15,11.98,12.40,26-Sep,27-Sep,28-Sep,29-Sep,30-Sep,1-Oct,2-Oct,26-Sep,27-Sep,28-Sep,29-Sep,30-Sep,1-Oct,2-Oct,0,7,0
Pune,Pune,Pune,Pune,Ambegaon,20017194,Gadadarewadi & Khandobachiwadi,Masobawadi,347,1,0.00,0.00,0.00,0.00,0.00,0.00,0.00,0.00,0.00,0.00,0.00,0.00,0.00,0.00,26-Sep,27-Sep,28-Sep,29-Sep,30-Sep,1-Oct,2-Oct,26-Sep,27-Sep,28-Sep,29-Sep,30-Sep,1-Oct,2-Oct,7,7,0
Pune,Pune,Pune 1,Baramati,Ambegaon,20017250,LONI BHAPKAR RRWSS,Jagtapwasti ESR,1446,1,66.48,30.01,0.03,0.00,68.31,0.00,0.00,4597.26,2075.10,1.95,0.00,4723.93,0.00,0.00,26-Sep,27-Sep,28-Sep,29-Sep,30-Sep,1-Oct,2-Oct,26-Sep,27-Sep,28-Sep,29-Sep,30-Sep,1-Oct,2-Oct,3,4,3
Pune,Sangli,Solapur,Solapur,Mohol,20029637,Penur Patkul,Penur,8755,1,0.00,0.00,0.00,0.00,0.00,0.00,0.00,0.00,0.00,0.00,0.00,0.00,0.00,0.00,26-Sep,27-Sep,28-Sep,29-Sep,30-Sep,1-Oct,2-Oct,26-Sep,27-Sep,28-Sep,29-Sep,30-Sep,1-Oct,2-Oct,7,7,0
Pune,Sangli,Solapur,Solapur,Sangola,20027396,Alegaon shirbhavi 82 Village,Chopadi,3313,1,0.00,0.00,0.00,0.00,0.00,0.00,0.00,0.00,0.00,0.00,0.00,0.00,0.00,0.00,26-Sep,27-Sep,28-Sep,29-Sep,30-Sep,1-Oct,2-Oct,26-Sep,27-Sep,28-Sep,29-Sep,30-Sep,1-Oct,2-Oct,7,7,0
Pune,Pune,Pune 1,Baramati,Ambegaon,20017250,LONI BHAPKAR RRWSS,Masalwadi,1446,2,0.00,0.00,0.00,0.00,9.90,0.00,0.00,0.00,0.00,0.00,0.00,684.55,0.00,0.00,26-Sep,27-Sep,28-Sep,29-Sep,30-Sep,1-Oct,2-Oct,26-Sep,27-Sep,28-Sep,29-Sep,30-Sep,1-Oct,2-Oct,6,6,1
Pune,Pune,Pune,Pune,Mulshi,20022133,Peth RR,Paragaon,15022,8,0.23,0.15,0.00,0.15,0.52,0.34,0.89,1.51,1.01,0.01,0.98,3.44,2.24,5.90,26-Sep,27-Sep,28-Sep,29-Sep,30-Sep,1-Oct,2-Oct,26-Sep,27-Sep,28-Sep,29-Sep,30-Sep,1-Oct,2-Oct,0,7,0
Pune,Pune,Pune,Pune,Ambegaon,20017262,Supe,SUPE,5512,2,15380.53,2502.89,7825.99,10651.88,18667.79,16706.24,19896.26,279037.17,45408.02,141980.88,193248.91,338675.44,303088.58,360962.54,26-Sep,27-Sep,28-Sep,29-Sep,30-Sep,1-Oct,2-Oct,26-Sep,27-Sep,28-Sep,29-Sep,30-Sep,1-Oct,2-Oct,0,0,7
Pune,Pune,Pune 2,Pune,Velhe,20013219,Wajeghar RR,Dadawadi,188,1,0.00,0.09,0.00,0.11,0.00,0.09,0.09,0.00,45.61,0.00,60.82,0.00,45.24,49.87,26-Sep,27-Sep,28-Sep,29-Sep,30-Sep,1-Oct,2-Oct,26-Sep,27-Sep,28-Sep,29-Sep,30-Sep,1-Oct,2-Oct,3,6,1
Pune,Pune,Pune,Satara,Satara,20027924,Shapur Jakatwadi,JAKATWADI,2619,3,527.70,2298.80,913.86,609.76,826.68,667.14,2845.75,20148.91,87773.92,34893.60,23282.28,31564.87,25473.13,108658.02,26-Sep,27-Sep,28-Sep,29-Sep,30-Sep,1-Oct,2-Oct,26-Sep,27-Sep,28-Sep,29-Sep,30-Sep,1-Oct,2-Oct,0,0,7
Pune,Pune,Pune,Pune,Ambegaon,20027855,Thopatewadi Late,Late,1222,1,1.61,1.53,1.74,1.09,1.85,2.06,1.39,131.45,125.17,142.02,89.09,151.25,168.30,114.10,26-Sep,27-Sep,28-Sep,29-Sep,30-Sep,1-Oct,2-Oct,26-Sep,27-Sep,28-Sep,29-Sep,30-Sep,1-Oct,2-Oct,0,0,7
Pune,Pune,Pune 2,Pune 2,Velhe,20027541,Wangani RRWSS,Mengajai Wadi,123,1,0.00,0.00,0.00,0.00,0.00,0.00,0.00,0.00,0.00,0.00,0.00,0.00,0.00,0.00,26-Sep,27-Sep,28-Sep,29-Sep,30-Sep,1-Oct,2-Oct,26-Sep,27-Sep,28-Sep,29-Sep,30-Sep,1-Oct,2-Oct,7,7,0
Pune,Sangli,Solapur,Solapur,Sangola,20027396,Alegaon shirbhavi 82 Village,Vasud,3297,1,0.00,0.00,0.00,0.00,0.00,0.00,0.00,0.00,0.00,0.00,0.00,0.00,0.00,0.00,26-Sep,27-Sep,28-Sep,29-Sep,30-Sep,1-Oct,2-Oct,26-Sep,27-Sep,28-Sep,29-Sep,30-Sep,1-Oct,2-Oct,7,7,0
Pune,Pune,Satara,Phaltan,Phaltan,20027892,RR Girvi WSS,Tirakwadi,1013,1,0.00,0.00,0.00,0.00,0.00,0.00,0.00,0.00,0.00,0.00,0.00,0.00,0.00,0.00,26-Sep,27-Sep,28-Sep,29-Sep,30-Sep,1-Oct,2-Oct,26-Sep,27-Sep,28-Sep,29-Sep,30-Sep,1-Oct,2-Oct,7,7,0
Pune,Sangli,Solapur,Solapur,Sangola,20027396,Alegaon shirbhavi 82 Village,Wadegaon,6374,1,0.00,0.00,0.00,0.00,0.00,0.00,0.00,0.00,0.00,0.00,0.00,0.00,0.00,0.00,26-Sep,27-Sep,28-Sep,29-Sep,30-Sep,1-Oct,2-Oct,26-Sep,27-Sep,28-Sep,29-Sep,30-Sep,1-Oct,2-Oct,7,7,0
Pune,Pune,Pune,Pune,Mulshi,20022133,Peth RR,Thugaon,1897,5,0.00,0.45,0.37,0.00,0.00,0.29,0.45,0.00,23.49,19.62,0.00,0.00,15.16,23.87,26-Sep,27-Sep,28-Sep,29-Sep,30-Sep,1-Oct,2-Oct,26-Sep,27-Sep,28-Sep,29-Sep,30-Sep,1-Oct,2-Oct,3,7,0
Pune,Pune,Pune 2,Baramati,Ambegaon,20018548,HOL SASTEWADI,Sastewadi,3462,6,0.00,0.00,0.00,0.00,0.00,0.00,0.00,0.00,0.00,0.00,0.00,0.00,0.00,0.00,26-Sep,27-Sep,28-Sep,29-Sep,30-Sep,1-Oct,2-Oct,26-Sep,27-Sep,28-Sep,29-Sep,30-Sep,1-Oct,2-Oct,7,7,0
Pune,Pune,Pune,Pune,Khed,20050028,Uddhat,Uddhat,2780,3,0.43,0.19,0.72,0.01,0.81,0.00,0.65,15.34,6.80,25.74,0.27,29.15,0.00,23.49,26-Sep,27-Sep,28-Sep,29-Sep,30-Sep,1-Oct,2-Oct,26-Sep,27-Sep,28-Sep,29-Sep,30-Sep,1-Oct,2-Oct,1,7,0
Pune,Pune,Pune,Pune,Khed,20050028,Uddhat,Thoratwadi,2050,2,0.17,0.08,0.04,0.06,0.04,0.06,0.05,8.16,3.86,2.07,3.01,2.11,2.97,2.43,26-Sep,27-Sep,28-Sep,29-Sep,30-Sep,1-Oct,2-Oct,26-Sep,27-Sep,28-Sep,29-Sep,30-Sep,1-Oct,2-Oct,0,7,0
Pune,Pune,Pune 2,Pune,Velhe,20013219,Wajeghar RR,Pimpri,255,1,0.00,0.00,0.00,0.00,0.00,0.00,0.00,0.00,0.00,0.00,0.00,0.00,0.00,0.00,26-Sep,27-Sep,28-Sep,29-Sep,30-Sep,1-Oct,2-Oct,26-Sep,27-Sep,28-Sep,29-Sep,30-Sep,1-Oct,2-Oct,7,7,0
Pune,Pune,Pune 2,Pune,Velhe,20013219,Wajeghar RR,Wajeghar KH,147,2,0.00,0.00,0.00,0.00,0.00,0.00,0.00,0.00,0.00,0.00,0.00,0.00,0.00,0.00,26-Sep,27-Sep,28-Sep,29-Sep,30-Sep,1-Oct,2-Oct,26-Sep,27-Sep,28-Sep,29-Sep,30-Sep,1-Oct,2-Oct,7,7,0
Pune,Pune,Pune,Pune,Khed,20050028,Uddhat,Tavashi,3010,3,0.07,0.52,0.09,0.41,0.14,0.77,0.16,2.28,17.25,3.00,13.66,4.62,25.49,5.29,26-Sep,27-Sep,28-Sep,29-Sep,30-Sep,1-Oct,2-Oct,26-Sep,27-Sep,28-Sep,29-Sep,30-Sep,1-Oct,2-Oct,0,7,0
Pune,Sangli,Solapur,Solapur,Mangalvedhe,20033593,Andhalgaon and 3 villages,ANDHALEGAON,6159,3,0.00,0.00,0.00,0.00,0.00,0.00,0.00,0.00,0.00,0.00,0.00,0.00,0.00,0.00,26-Sep,27-Sep,28-Sep,29-Sep,30-Sep,1-Oct,2-Oct,26-Sep,27-Sep,28-Sep,29-Sep,30-Sep,1-Oct,2-Oct,7,7,0
Pune,Pune,Pune 1,Pune 1,Daund,7942135,"Gar, Sonwadi, Nanviz RR",Gholapnaagar,1591,1,0.00,0.00,0.00,0.00,0.00,0.00,0.00,0.00,0.00,0.00,0.00,0.00,0.00,0.00,26-Sep,27-Sep,28-Sep,29-Sep,30-Sep,1-Oct,2-Oct,26-Sep,27-Sep,28-Sep,29-Sep,30-Sep,1-Oct,2-Oct,7,7,0
Pune,Sangli,Solapur,Solapur,Sangola,20027396,Alegaon shirbhavi 82 Village,Godasewadi,2730,1,0.00,0.00,0.38,1.00,0.58,0.98,0.64,0.00,0.00,14.02,36.67,21.40,35.99,23.58,26-Sep,27-Sep,28-Sep,29-Sep,30-Sep,1-Oct,2-Oct,26-Sep,27-Sep,28-Sep,29-Sep,30-Sep,1-Oct,2-Oct,2,7,0
Pune,Pune,Pune,Pune,Purandar,20027436,Pargaoan Malshiras,MALSHIRAS,3944,1,0.00,1.45,0.00,0.00,1.32,0.00,0.90,0.00,36.83,0.00,0.00,33.55,0.00,22.75,26-Sep,27-Sep,28-Sep,29-Sep,30-Sep,1-Oct,2-Oct,26-Sep,27-Sep,28-Sep,29-Sep,30-Sep,1-Oct,2-Oct,4,7,0
Pune,Pune,Pune,Pune,Ambegaon,20017262,Supe,AMBE KHURD,1149,1,1.38,0.13,1.67,0.13,1.57,0.00,1.72,119.91,10.88,145.22,10.93,136.50,0.00,149.81,26-Sep,27-Sep,28-Sep,29-Sep,30-Sep,1-Oct,2-Oct,26-Sep,27-Sep,28-Sep,29-Sep,30-Sep,1-Oct,2-Oct,1,3,4
Pune,Pune,Pune 2,Pune,Velhe,20013219,Wajeghar RR,Khatpewadi,662,1,0.00,0.00,0.11,3.39,2.90,0.11,3.26,0.00,0.00,16.25,511.96,437.40,16.08,492.03,26-Sep,27-Sep,28-Sep,29-Sep,30-Sep,1-Oct,2-Oct,26-Sep,27-Sep,28-Sep,29-Sep,30-Sep,1-Oct,2-Oct,2,4,3
Pune,Sangli,Solapur,Solapur,Mangalvedhe,20033593,Andhalgaon and 3 villages,CHOKAMELA,7934,1,0.00,0.00,0.00,0.00,0.00,0.00,0.00,0.00,0.00,0.00,0.00,0.00,0.00,0.00,26-Sep,27-Sep,28-Sep,29-Sep,30-Sep,1-Oct,2-Oct,26-Sep,27-Sep,28-Sep,29-Sep,30-Sep,1-Oct,2-Oct,7,7,0
Pune,Sangli,Solapur,Solapur,Sangola,20027396,Alegaon shirbhavi 82 Village,Khilarwadi,2046,1,0.86,0.23,0.55,0.00,0.10,0.00,0.29,42.13,11.04,27.03,0.00,4.97,0.00,14.16,26-Sep,27-Sep,28-Sep,29-Sep,30-Sep,1-Oct,2-Oct,26-Sep,27-Sep,28-Sep,29-Sep,30-Sep,1-Oct,2-Oct,2,7,0
Pune,Sangli,Solapur,Solapur,Sangola,20027396,Alegaon shirbhavi 82 Village,Y Mangewad,2525,1,0.00,0.00,0.00,0.00,0.00,0.00,0.00,0.00,0.00,0.00,0.00,0.00,0.00,0.00,26-Sep,27-Sep,28-Sep,29-Sep,30-Sep,1-Oct,2-Oct,26-Sep,27-Sep,28-Sep,29-Sep,30-Sep,1-Oct,2-Oct,7,7,0
Pune,Pune,Pune 2,Pune,Daund,20027689,Patan & 8 Villages RWSS,Shindgaon,343,1,0.00,0.00,0.00,0.00,0.00,0.38,0.31,0.00,0.00,0.00,0.00,0.01,109.63,91.53,26-Sep,27-Sep,28-Sep,29-Sep,30-Sep,1-Oct,2-Oct,26-Sep,27-Sep,28-Sep,29-Sep,30-Sep,1-Oct,2-Oct,4,5,2
Pune,Sangli,Solapur,Solapur,Sangola,20027396,Alegaon shirbhavi 82 Village,Gaudwadi,1508,1,0.00,0.00,0.00,0.00,0.00,0.00,0.00,0.00,0.00,0.00,0.00,0.00,0.00,0.00,26-Sep,27-Sep,28-Sep,29-Sep,30-Sep,1-Oct,2-Oct,26-Sep,27-Sep,28-Sep,29-Sep,30-Sep,1-Oct,2-Oct,7,7,0
Pune,Pune,Pune 1,Pune 1,Daund,7942135,"Gar, Sonwadi, Nanviz RR",Nanviz,300,2,0.00,0.00,0.00,0.00,0.00,0.00,0.00,0.00,0.00,0.00,0.00,0.00,0.00,0.00,26-Sep,27-Sep,28-Sep,29-Sep,30-Sep,1-Oct,2-Oct,26-Sep,27-Sep,28-Sep,29-Sep,30-Sep,1-Oct,2-Oct,7,7,0
Pune,Pune,Satara,Phaltan,Phaltan,20027892,RR Girvi WSS,Bhadali Bk,787,1,0.00,0.00,0.00,0.00,0.00,0.00,0.00,0.00,0.00,0.00,0.00,0.00,0.00,0.00,26-Sep,27-Sep,28-Sep,29-Sep,30-Sep,1-Oct,2-Oct,26-Sep,27-Sep,28-Sep,29-Sep,30-Sep,1-Oct,2-Oct,7,7,0
Pune,Pune,Pune 2,Pune,Daund,20027689,Patan & 8 Villages RWSS,Bhaje,3140,5,0.00,0.00,0.00,0.00,0.00,0.00,0.00,0.00,0.00,0.00,0.00,0.00,0.00,0.00,26-Sep,27-Sep,28-Sep,29-Sep,30-Sep,1-Oct,2-Oct,26-Sep,27-Sep,28-Sep,29-Sep,30-Sep,1-Oct,2-Oct,7,7,0
Pune,Pune,Pune,Pune,Mulshi,20022133,Peth RR,Peth,5492,6,1.87,1.32,0.14,0.93,1.33,0.61,1.61,34.01,23.98,2.54,17.02,24.22,11.04,29.36,26-Sep,27-Sep,28-Sep,29-Sep,30-Sep,1-Oct,2-Oct,26-Sep,27-Sep,28-Sep,29-Sep,30-Sep,1-Oct,2-Oct,0,7,0
Pune,Pune,Pune,Pune,Khed,20050028,Uddhat,Jambh,1457,3,0.00,0.00,0.00,0.00,0.00,0.00,0.00,0.00,0.00,0.00,0.00,0.00,0.00,0.00,26-Sep,27-Sep,28-Sep,29-Sep,30-Sep,1-Oct,2-Oct,26-Sep,27-Sep,28-Sep,29-Sep,30-Sep,1-Oct,2-Oct,7,7,0
Pune,Pune,Pune 1,Pune 1,Daund,7942135,"Gar, Sonwadi, Nanviz RR",Holimala,734,2,0.00,0.00,0.00,0.00,0.00,0.00,0.00,0.00,0.00,0.00,0.00,0.00,0.00,0.00,26-Sep,27-Sep,28-Sep,29-Sep,30-Sep,1-Oct,2-Oct,26-Sep,27-Sep,28-Sep,29-Sep,30-Sep,1-Oct,2-Oct,7,7,0
Pune,Sangli,Solapur,Solapur,Sangola,20027396,Alegaon shirbhavi 82 Village,Hatid,1057,1,1.45,0.09,0.40,0.26,1.59,0.38,1.40,136.86,8.32,37.80,24.99,150.46,35.49,131.98,26-Sep,27-Sep,28-Sep,29-Sep,30-Sep,1-Oct,2-Oct,26-Sep,27-Sep,28-Sep,29-Sep,30-Sep,1-Oct,2-Oct,0,4,3
Pune,Sangli,Solapur,Solapur,Sangola,20027396,Alegaon shirbhavi 82 Village,waki,2173,3,0.06,0.04,0.10,0.08,0.13,0.15,0.10,2.66,1.64,4.50,3.79,6.16,7.05,4.67,26-Sep,27-Sep,28-Sep,29-Sep,30-Sep,1-Oct,2-Oct,26-Sep,27-Sep,28-Sep,29-Sep,30-Sep,1-Oct,2-Oct,0,7,0
Pune,Sangli,Solapur,Solapur,Sangola,20027396,Alegaon shirbhavi 82 Village,Pachegaon BK,3466,1,0.00,0.00,0.00,0.00,0.00,0.00,0.00,0.00,0.00,0.00,0.00,0.00,0.00,0.00,26-Sep,27-Sep,28-Sep,29-Sep,30-Sep,1-Oct,2-Oct,26-Sep,27-Sep,28-Sep,29-Sep,30-Sep,1-Oct,2-Oct,7,7,0
Pune,Pune,Pune 1,Pune 1,Daund,7942135,"Gar, Sonwadi, Nanviz RR",Sonwadi,4636,1,0.00,0.00,0.00,0.00,0.00,0.00,0.00,0.00,0.00,0.00,0.00,0.00,0.00,0.00,26-Sep,27-Sep,28-Sep,29-Sep,30-Sep,1-Oct,2-Oct,26-Sep,27-Sep,28-Sep,29-Sep,30-Sep,1-Oct,2-Oct,7,7,0
Pune,Pune,Pune 1,Baramati,Ambegaon,20017250,LONI BHAPKAR RRWSS,Jalakewadi Mudhale,475,2,0.00,0.00,0.00,0.00,0.00,0.00,0.00,0.00,0.00,0.00,0.00,0.00,0.00,0.00,26-Sep,27-Sep,28-Sep,29-Sep,30-Sep,1-Oct,2-Oct,26-Sep,27-Sep,28-Sep,29-Sep,30-Sep,1-Oct,2-Oct,7,7,0
Pune,Sangli,Solapur,Solapur,Sangola,20027396,Alegaon shirbhavi 82 Village,Kolegaon,2922,1,0.00,0.00,0.00,0.00,0.00,0.00,0.00,0.00,0.00,0.00,0.00,0.00,0.00,0.00,26-Sep,27-Sep,28-Sep,29-Sep,30-Sep,1-Oct,2-Oct,26-Sep,27-Sep,28-Sep,29-Sep,30-Sep,1-Oct,2-Oct,7,7,0
Pune,Pune,Pune,Pune,Ambegaon,20017262,Supe,BABURDI,1667,1,0.00,0.09,0.05,0.00,0.05,0.05,0.05,0.00,5.29,2.80,0.00,2.87,2.72,3.15,26-Sep,27-Sep,28-Sep,29-Sep,30-Sep,1-Oct,2-Oct,26-Sep,27-Sep,28-Sep,29-Sep,30-Sep,1-Oct,2-Oct,2,7,0
Pune,Sangli,Solapur,Solapur,Sangola,20027396,Alegaon shirbhavi 82 Village,Balwadi,2087,1,0.00,0.00,0.96,0.00,0.96,0.00,0.00,0.00,0.00,45.85,0.00,46.22,0.00,0.00,26-Sep,27-Sep,28-Sep,29-Sep,30-Sep,1-Oct,2-Oct,26-Sep,27-Sep,28-Sep,29-Sep,30-Sep,1-Oct,2-Oct,5,7,0
Pune,Sangli,Solapur,Solapur,Sangola,20027396,Alegaon shirbhavi 82 Village,Nazare,1231,1,0.00,0.00,0.00,0.00,0.00,0.00,0.00,0.00,0.00,0.00,0.00,0.00,0.00,0.00,26-Sep,27-Sep,28-Sep,29-Sep,30-Sep,1-Oct,2-Oct,26-Sep,27-Sep,28-Sep,29-Sep,30-Sep,1-Oct,2-Oct,7,7,0
Pune,Sangli,Solapur,Solapur,Sangola,20027396,Alegaon shirbhavi 82 Village,Karandewadi,5849,2,0.00,0.00,0.11,1.52,1.86,0.75,1.91,0.00,0.00,1.90,25.95,31.79,12.88,32.66,26-Sep,27-Sep,28-Sep,29-Sep,30-Sep,1-Oct,2-Oct,26-Sep,27-Sep,28-Sep,29-Sep,30-Sep,1-Oct,2-Oct,2,7,0
Pune,Pune,Pune,Pune,Shirur,20027611,Kanhur Mesai & Savindane RR,Sanvidane,1700,2,1.06,0.00,1.06,0.00,1.38,1.00,1.05,62.41,0.00,62.38,0.00,81.46,59.09,61.96,26-Sep,27-Sep,28-Sep,29-Sep,30-Sep,1-Oct,2-Oct,26-Sep,27-Sep,28-Sep,29-Sep,30-Sep,1-Oct,2-Oct,2,2,5
Pune,Sangli,Solapur,Solapur,Sangola,20027396,Alegaon shirbhavi 82 Village,Chinke,6814,1,3.13,0.40,0.00,3.68,1.29,1.63,1.31,45.90,5.91,0.00,53.96,18.96,23.89,19.21,26-Sep,27-Sep,28-Sep,29-Sep,30-Sep,1-Oct,2-Oct,26-Sep,27-Sep,28-Sep,29-Sep,30-Sep,1-Oct,2-Oct,1,7,0
Pune,Pune,Pune,Pune,Maval,7948936,Aug. Dongargaon-Kusgaon RR,OLKAIWADI,0,2,0.15,0.11,0.10,0.23,0.19,0.12,0.14,0.00,0.00,0.00,0.00,0.00,0.00,0.00,26-Sep,27-Sep,28-Sep,29-Sep,30-Sep,1-Oct,2-Oct,26-Sep,27-Sep,28-Sep,29-Sep,30-Sep,1-Oct,2-Oct,7,7,0
Pune,Pune,Pune 1,Baramati,Ambegaon,20017250,LONI BHAPKAR RRWSS,Bhilarwadi,1249,1,0.00,0.00,0.00,0.00,0.00,0.00,0.00,0.00,0.00,0.00,0.00,0.00,0.00,0.00,26-Sep,27-Sep,28-Sep,29-Sep,30-Sep,1-Oct,2-Oct,26-Sep,27-Sep,28-Sep,29-Sep,30-Sep,1-Oct,2-Oct,7,7,0
Pune,Pune,Pune,Pune,Purandar,20027459,Shivari,SAKURDE GAVTHAN,2692,2,1.00,0.03,0.13,1.42,0.01,0.09,0.75,37.33,0.94,5.00,52.71,0.44,3.37,27.76,26-Sep,27-Sep,28-Sep,29-Sep,30-Sep,1-Oct,2-Oct,26-Sep,27-Sep,28-Sep,29-Sep,30-Sep,1-Oct,2-Oct,0,7,0
Pune,Pune,Pune,Pune,Shirur,20027611,Kanhur Mesai & Savindane RR,Kanhur Mesai,3266,8,0.97,0.00,0.00,0.87,0.00,0.42,0.00,29.67,0.00,0.00,26.50,0.00,12.75,0.00,26-Sep,27-Sep,28-Sep,29-Sep,30-Sep,1-Oct,2-Oct,26-Sep,27-Sep,28-Sep,29-Sep,30-Sep,1-Oct,2-Oct,4,7,0
Pune,Sangli,Solapur,Solapur,Sangola,20027396,Alegaon shirbhavi 82 Village,Somewadi,1624,1,0.44,0.00,0.00,0.30,0.00,0.25,0.00,27.20,0.00,0.00,18.56,0.00,15.53,0.00,26-Sep,27-Sep,28-Sep,29-Sep,30-Sep,1-Oct,2-Oct,26-Sep,27-Sep,28-Sep,29-Sep,30-Sep,1-Oct,2-Oct,4,7,0
Pune,Pune,Pune,Pune,Purandar,20027436,Pargaoan Malshiras,Rise,1478,2,0.29,0.00,0.00,0.12,0.00,0.00,0.53,19.88,0.00,0.27,8.31,0.00,0.00,35.78,26-Sep,27-Sep,28-Sep,29-Sep,30-Sep,1-Oct,2-Oct,26-Sep,27-Sep,28-Sep,29-Sep,30-Sep,1-Oct,2-Oct,3,7,0
Pune,Pune,Pune 2,Pune,Velhe,20013219,Wajeghar RR,Merawane,666,1,0.00,0.00,0.00,0.00,0.00,0.00,0.00,0.00,0.00,0.00,0.00,0.00,0.00,0.00,26-Sep,27-Sep,28-Sep,29-Sep,30-Sep,1-Oct,2-Oct,26-Sep,27-Sep,28-Sep,29-Sep,30-Sep,1-Oct,2-Oct,7,7,0
Pune,Sangli,Solapur,Solapur,Sangola,20027396,Alegaon shirbhavi 82 Village,Sange wadi,2604,1,0.00,0.00,0.00,0.00,0.00,0.00,0.00,0.00,0.00,0.00,0.00,0.00,0.00,0.00,26-Sep,27-Sep,28-Sep,29-Sep,30-Sep,1-Oct,2-Oct,26-Sep,27-Sep,28-Sep,29-Sep,30-Sep,1-Oct,2-Oct,7,7,0
Pune,Pune,Pune 2,Maval,Daund,20013367,Done Adhale RR,DIVAD,1795,1,0.00,0.00,0.00,0.00,0.00,0.00,0.00,0.00,0.00,0.00,0.00,0.00,0.00,0.00,26-Sep,27-Sep,28-Sep,29-Sep,30-Sep,1-Oct,2-Oct,26-Sep,27-Sep,28-Sep,29-Sep,30-Sep,1-Oct,2-Oct,7,7,0
Pune,Pune,Pune 1,Baramati,Ambegaon,7942125,MURTI & 7 VILLAGES RRWSS,Moralwadi,1462,2,0.67,0.00,0.24,0.00,0.57,0.28,0.63,45.85,0.00,16.53,0.00,39.04,18.83,43.39,26-Sep,27-Sep,28-Sep,29-Sep,30-Sep,1-Oct,2-Oct,26-Sep,27-Sep,28-Sep,29-Sep,30-Sep,1-Oct,2-Oct,2,7,0
Pune,Sangli,Solapur,Solapur,Sangola,20027396,Alegaon shirbhavi 82 Village,Javala,7674,2,2.66,1.03,0.84,2.61,3.29,2.93,2.85,34.60,13.45,10.93,33.98,42.84,38.13,37.08,26-Sep,27-Sep,28-Sep,29-Sep,30-Sep,1-Oct,2-Oct,26-Sep,27-Sep,28-Sep,29-Sep,30-Sep,1-Oct,2-Oct,0,7,0
Pune,Pune,Pune 2,Maval,Daund,20013367,Done Adhale RR,OVALE,1177,1,0.00,0.00,0.00,0.00,0.00,0.00,0.00,0.00,0.00,0.00,0.00,0.00,0.00,0.00,26-Sep,27-Sep,28-Sep,29-Sep,30-Sep,1-Oct,2-Oct,26-Sep,27-Sep,28-Sep,29-Sep,30-Sep,1-Oct,2-Oct,7,7,0
Pune,Sangli,Sangli,Islampur,Valva,7940233,Peth & two Villages,Peth,11091,3,3.99,0.00,1.28,3.05,0.00,1.55,3.26,36.00,0.00,11.52,27.48,0.00,13.96,29.37,26-Sep,27-Sep,28-Sep,29-Sep,30-Sep,1-Oct,2-Oct,26-Sep,27-Sep,28-Sep,29-Sep,30-Sep,1-Oct,2-Oct,2,7,0
Pune,Pune,Pune 1,Baramati,Ambegaon,20017250,LONI BHAPKAR RRWSS,Sayambachiwadi,1969,1,0.00,0.00,0.00,0.00,0.00,0.00,0.00,0.00,0.00,0.00,0.00,0.00,0.00,0.00,26-Sep,27-Sep,28-Sep,29-Sep,30-Sep,1-Oct,2-Oct,26-Sep,27-Sep,28-Sep,29-Sep,30-Sep,1-Oct,2-Oct,7,7,0
Pune,Pune,Pune,Pune,Ambegaon,20016938,Karanjepul and Karanje,GAIKWADWASTI,8588,5,1.06,0.99,0.87,0.71,0.94,1.12,0.93,12.31,11.57,10.19,8.28,10.99,13.00,10.83,26-Sep,27-Sep,28-Sep,29-Sep,30-Sep,1-Oct,2-Oct,26-Sep,27-Sep,28-Sep,29-Sep,30-Sep,1-Oct,2-Oct,0,7,0
Pune,Pune,Pune,Pune,Mulshi,20022133,Peth RR,Bhawadi,1529,3,0.00,0.00,0.00,0.00,0.00,0.00,0.00,0.00,0.00,0.00,0.00,0.00,0.00,0.00,26-Sep,27-Sep,28-Sep,29-Sep,30-Sep,1-Oct,2-Oct,26-Sep,27-Sep,28-Sep,29-Sep,30-Sep,1-Oct,2-Oct,7,7,0
Pune,Pune,Pune 2,Maval,Daund,20013367,Done Adhale RR,DONE,1044,1,0.00,0.00,0.00,0.00,0.00,0.00,0.00,0.00,0.00,0.00,0.00,0.00,0.00,0.00,26-Sep,27-Sep,28-Sep,29-Sep,30-Sep,1-Oct,2-Oct,26-Sep,27-Sep,28-Sep,29-Sep,30-Sep,1-Oct,2-Oct,7,7,0
Pune,Sangli,Solapur,Solapur,Sangola,20027396,Alegaon shirbhavi 82 Village,Gayghvan,1603,1,0.00,0.00,0.00,0.00,0.00,0.00,0.00,0.00,0.00,0.00,0.00,0.00,0.00,0.00,26-Sep,27-Sep,28-Sep,29-Sep,30-Sep,1-Oct,2-Oct,26-Sep,27-Sep,28-Sep,29-Sep,30-Sep,1-Oct,2-Oct,7,7,0
Pune,Pune,Pune 2,Pune,Daund,7948923,Karla & 7 villages RR,KARLA,2114,3,0.00,0.00,0.00,4.86,0.00,0.00,0.00,0.00,0.00,0.00,229.99,0.00,0.00,0.01,26-Sep,27-Sep,28-Sep,29-Sep,30-Sep,1-Oct,2-Oct,26-Sep,27-Sep,28-Sep,29-Sep,30-Sep,1-Oct,2-Oct,5,6,1
Pune,Pune,Satara,Pune,Phaltan,20019021,Dhuldev Algudewadi,Algudewadi,1584,4,0.00,0.00,0.00,0.00,0.00,0.00,0.00,0.00,0.00,0.00,0.00,0.00,0.00,0.00,26-Sep,27-Sep,28-Sep,29-Sep,30-Sep,1-Oct,2-Oct,26-Sep,27-Sep,28-Sep,29-Sep,30-Sep,1-Oct,2-Oct,7,7,0
Pune,Sangli,Solapur,Solapur,Mangalvedhe,20033593,Andhalgaon and 3 villages,LAXMIDHAHIWADI,7253,2,0.00,0.00,0.00,0.00,0.00,0.00,0.00,0.00,0.00,0.00,0.00,0.00,0.00,0.00,26-Sep,27-Sep,28-Sep,29-Sep,30-Sep,1-Oct,2-Oct,26-Sep,27-Sep,28-Sep,29-Sep,30-Sep,1-Oct,2-Oct,7,7,0
Pune,Pune,Pune,Pune,Purandar,20027436,Pargaoan Malshiras,Naygaon,2061,2,0.00,0.01,0.12,0.00,0.00,0.00,0.73,0.00,0.36,5.97,0.00,0.00,0.00,35.38,26-Sep,27-Sep,28-Sep,29-Sep,30-Sep,1-Oct,2-Oct,26-Sep,27-Sep,28-Sep,29-Sep,30-Sep,1-Oct,2-Oct,4,7,0
Pune,Pune,Pune,Pune,Mulshi,20022133,Peth RR,Karegaon,1749,3,0.00,0.46,0.00,0.28,0.00,1.81,0.00,0.00,26.30,0.00,16.19,0.00,103.44,0.00,26-Sep,27-Sep,28-Sep,29-Sep,30-Sep,1-Oct,2-Oct,26-Sep,27-Sep,28-Sep,29-Sep,30-Sep,1-Oct,2-Oct,4,6,1
Pune,Sangli,Solapur,Solapur,Sangola,20027396,Alegaon shirbhavi 82 Village,Gherdi,2724,2,0.00,0.00,0.00,0.00,0.00,0.00,0.00,0.00,0.00,0.00,0.00,0.00,0.00,0.00,26-Sep,27-Sep,28-Sep,29-Sep,30-Sep,1-Oct,2-Oct,26-Sep,27-Sep,28-Sep,29-Sep,30-Sep,1-Oct,2-Oct,7,7,0
Pune,Pune,Pune 2,Pune,Daund,20027689,Patan & 8 Villages RWSS,PATAN,1762,3,0.00,0.00,0.00,0.00,0.00,0.07,0.03,0.00,0.00,0.00,0.00,0.00,3.80,1.77,26-Sep,27-Sep,28-Sep,29-Sep,30-Sep,1-Oct,2-Oct,26-Sep,27-Sep,28-Sep,29-Sep,30-Sep,1-Oct,2-Oct,5,7,0
Pune,Sangli,Solapur,Solapur,Sangola,20027396,Alegaon shirbhavi 82 Village,Bhamni,2572,1,1.02,0.00,0.61,2.13,1.22,2.21,0.00,39.72,0.00,23.87,82.62,47.44,85.92,0.00,26-Sep,27-Sep,28-Sep,29-Sep,30-Sep,1-Oct,2-Oct,26-Sep,27-Sep,28-Sep,29-Sep,30-Sep,1-Oct,2-Oct,2,5,2
Pune,Sangli,Solapur,Solapur,Sangola,20027396,Alegaon shirbhavi 82 Village,Manjari,3049,1,0.00,0.00,0.00,0.00,0.00,0.00,0.00,0.00,0.00,0.00,0.00,0.00,0.00,0.00,26-Sep,27-Sep,28-Sep,29-Sep,30-Sep,1-Oct,2-Oct,26-Sep,27-Sep,28-Sep,29-Sep,30-Sep,1-Oct,2-Oct,7,7,0
Pune,Pune,Pune,Pune,Ambegaon,20027855,Thopatewadi Late,Thopatewadi,2118,3,0.31,0.00,0.00,0.14,0.11,0.13,0.13,14.59,0.01,0.00,6.71,5.41,6.00,6.01,26-Sep,27-Sep,28-Sep,29-Sep,30-Sep,1-Oct,2-Oct,26-Sep,27-Sep,28-Sep,29-Sep,30-Sep,1-Oct,2-Oct,1,7,0
Pune,Pune,Pune 2,Pune,Daund,20027689,Patan & 8 Villages RWSS,Aundholi,594,1,0.00,0.00,0.00,0.00,0.00,0.00,0.00,0.00,0.00,0.00,0.00,0.00,0.00,0.00,26-Sep,27-Sep,28-Sep,29-Sep,30-Sep,1-Oct,2-Oct,26-Sep,27-Sep,28-Sep,29-Sep,30-Sep,1-Oct,2-Oct,7,7,0
Pune,Pune,Pune,Pune,Purandar,20027459,Shivari,KHALAD,5050,2,0.63,0.32,0.01,0.63,0.52,0.09,0.02,12.55,6.44,0.23,12.44,10.36,1.87,0.42,26-Sep,27-Sep,28-Sep,29-Sep,30-Sep,1-Oct,2-Oct,26-Sep,27-Sep,28-Sep,29-Sep,30-Sep,1-Oct,2-Oct,0,7,0
Pune,Pune,Pune,Pune,Indapur,20051606,Varodi BK & 2 Villages,Varodi Kh,723,2,0.24,0.42,0.23,0.22,0.26,0.34,0.40,33.62,58.07,31.87,30.90,36.16,46.85,55.34,26-Sep,27-Sep,28-Sep,29-Sep,30-Sep,1-Oct,2-Oct,26-Sep,27-Sep,28-Sep,29-Sep,30-Sep,1-Oct,2-Oct,0,5,2
Pune,Pune,Pune,Pune,Ambegaon,20017262,Supe,TAMBEWASTI,667,1,0.37,0.40,0.32,0.24,0.76,0.71,1.23,55.15,60.05,48.32,36.15,114.06,105.89,184.85,26-Sep,27-Sep,28-Sep,29-Sep,30-Sep,1-Oct,2-Oct,26-Sep,27-Sep,28-Sep,29-Sep,30-Sep,1-Oct,2-Oct,0,2,5
Pune,Pune,Pune,Pune,Ambegaon,20017262,Supe,DANDWADI,2124,1,0.54,1.31,0.69,1.21,0.53,1.23,0.56,25.49,61.87,32.63,56.89,24.91,58.01,26.51,26-Sep,27-Sep,28-Sep,29-Sep,30-Sep,1-Oct,2-Oct,26-Sep,27-Sep,28-Sep,29-Sep,30-Sep,1-Oct,2-Oct,0,4,3
Pune,Sangli,Solapur,Solapur,Sangola,20027396,Alegaon shirbhavi 82 Village,Budhyal,1218,1,4.15,3.44,2.01,4.82,5.90,2.52,0.47,341.03,282.29,164.82,395.37,484.45,207.00,38.67,26-Sep,27-Sep,28-Sep,29-Sep,30-Sep,1-Oct,2-Oct,26-Sep,27-Sep,28-Sep,29-Sep,30-Sep,1-Oct,2-Oct,0,1,6
Pune,Pune,Pune 2,Pune 2,Velhe,20027541,Wangani RRWSS,Kolwadi,1226,1,0.00,0.00,0.00,0.00,0.00,0.00,0.00,0.00,0.00,0.00,0.00,0.00,0.00,0.00,26-Sep,27-Sep,28-Sep,29-Sep,30-Sep,1-Oct,2-Oct,26-Sep,27-Sep,28-Sep,29-Sep,30-Sep,1-Oct,2-Oct,7,7,0
Pune,Pune,Pune 2,Pune 2,Velhe,20027541,Wangani RRWSS,Wangani,1150,1,0.00,0.00,0.00,0.00,0.00,0.00,0.00,0.00,0.00,0.00,0.00,0.00,0.00,0.00,26-Sep,27-Sep,28-Sep,29-Sep,30-Sep,1-Oct,2-Oct,26-Sep,27-Sep,28-Sep,29-Sep,30-Sep,1-Oct,2-Oct,7,7,0
Pune,Pune,Satara,Phaltan,Phaltan,20027892,RR Girvi WSS,Zirapwadi,1451,1,0.00,0.00,0.00,0.00,0.00,0.00,0.00,0.00,0.00,0.00,0.00,0.00,0.00,0.00,26-Sep,27-Sep,28-Sep,29-Sep,30-Sep,1-Oct,2-Oct,26-Sep,27-Sep,28-Sep,29-Sep,30-Sep,1-Oct,2-Oct,7,7,0
Pune,Sangli,Solapur,Solapur,Sangola,20027396,Alegaon shirbhavi 82 Village,Dongargaon,4021,1,0.04,0.00,0.21,0.00,0.00,0.26,0.00,0.99,0.07,5.27,0.00,0.10,6.57,0.01,26-Sep,27-Sep,28-Sep,29-Sep,30-Sep,1-Oct,2-Oct,26-Sep,27-Sep,28-Sep,29-Sep,30-Sep,1-Oct,2-Oct,1,7,0
Pune,Sangli,Solapur,Solapur,Sangola,20027396,Alegaon shirbhavi 82 Village,Kamlapur,1541,1,0.00,0.00,0.00,0.00,0.00,0.00,0.00,0.00,0.00,0.00,0.00,0.00,0.00,0.00,26-Sep,27-Sep,28-Sep,29-Sep,30-Sep,1-Oct,2-Oct,26-Sep,27-Sep,28-Sep,29-Sep,30-Sep,1-Oct,2-Oct,7,7,0
Pune,Sangli,Solapur,Solapur,Sangola,20027396,Alegaon shirbhavi 82 Village,shivane,4007,1,0.00,0.00,50.59,0.00,0.00,24.83,0.00,0.00,0.00,1262.47,0.00,0.00,619.76,0.00,26-Sep,27-Sep,28-Sep,29-Sep,30-Sep,1-Oct,2-Oct,26-Sep,27-Sep,28-Sep,29-Sep,30-Sep,1-Oct,2-Oct,5,5,2
Pune,Sangli,Solapur,Solapur,Sangola,20027396,Alegaon shirbhavi 82 Village,Tarangewadi,4363,2,0.00,0.00,0.38,0.00,0.29,0.00,0.43,0.00,0.00,8.80,0.00,6.71,0.00,9.80,26-Sep,27-Sep,28-Sep,29-Sep,30-Sep,1-Oct,2-Oct,26-Sep,27-Sep,28-Sep,29-Sep,30-Sep,1-Oct,2-Oct,4,7,0
Pune,Pune,Pune,Pune,Ambegaon,20017262,Supe,KUTAWALWADI,2290,1,0.33,0.60,0.19,0.54,0.20,0.56,0.45,14.35,26.01,8.25,23.51,8.91,24.46,19.81,26-Sep,27-Sep,28-Sep,29-Sep,30-Sep,1-Oct,2-Oct,26-Sep,27-Sep,28-Sep,29-Sep,30-Sep,1-Oct,2-Oct,0,7,0
Pune,Pune,Pune,Pune,Ambegaon,20017194,Gadadarewadi & Khandobachiwadi,GADADARWADI,2253,3,0.06,0.09,0.04,0.07,0.07,1.64,2.16,2.45,4.00,1.92,2.98,3.15,72.80,95.66,26-Sep,27-Sep,28-Sep,29-Sep,30-Sep,1-Oct,2-Oct,26-Sep,27-Sep,28-Sep,29-Sep,30-Sep,1-Oct,2-Oct,0,5,2
Pune,Sangli,Solapur,Solapur,Sangola,20027396,Alegaon shirbhavi 82 Village,Bhopasewadi,2875,1,0.00,0.00,0.12,0.00,0.00,0.00,0.00,0.00,0.00,4.16,0.00,0.00,0.00,0.00,26-Sep,27-Sep,28-Sep,29-Sep,30-Sep,1-Oct,2-Oct,26-Sep,27-Sep,28-Sep,29-Sep,30-Sep,1-Oct,2-Oct,6,7,0
Pune,Pune,Pune 1,Baramati,Ambegaon,7942125,MURTI & 7 VILLAGES RRWSS,Modhave,2362,1,0.00,0.00,0.00,0.00,0.00,0.00,0.00,0.00,0.00,0.00,0.00,0.00,0.00,0.00,26-Sep,27-Sep,28-Sep,29-Sep,30-Sep,1-Oct,2-Oct,26-Sep,27-Sep,28-Sep,29-Sep,30-Sep,1-Oct,2-Oct,7,7,0
Pune,Pune,Pune 2,Pune,Daund,20027689,Patan & 8 Villages RWSS,Dudhivare,375,2,0.18,0.00,0.00,0.00,0.00,64.30,6.52,47.88,0.00,0.00,0.00,0.02,17146.04,1738.84,26-Sep,27-Sep,28-Sep,29-Sep,30-Sep,1-Oct,2-Oct,26-Sep,27-Sep,28-Sep,29-Sep,30-Sep,1-Oct,2-Oct,3,5,2
Pune,Pune,Pune,Pune,Ambegaon,20017262,Supe,SHERECHIWADI,1089,1,0.00,0.23,0.00,0.00,0.00,0.00,0.00,0.00,21.15,0.00,0.00,0.00,0.00,0.00,26-Sep,27-Sep,28-Sep,29-Sep,30-Sep,1-Oct,2-Oct,26-Sep,27-Sep,28-Sep,29-Sep,30-Sep,1-Oct,2-Oct,6,7,0
Pune,Pune,Pune,Pune,Ambegaon,20017262,Supe,MANGOBACHIWADI,257,1,0.24,0.18,0.17,0.20,0.24,0.08,0.00,94.27,70.55,67.47,78.82,93.97,29.27,0.00,26-Sep,27-Sep,28-Sep,29-Sep,30-Sep,1-Oct,2-Oct,26-Sep,27-Sep,28-Sep,29-Sep,30-Sep,1-Oct,2-Oct,1,2,5
Pune,Pune,Pune,Pune,Purandar,20016917,Dive,KALEWADI,1532,1,0.00,0.00,0.00,0.00,0.00,0.00,0.00,0.00,0.02,0.00,0.01,0.00,0.00,0.00,26-Sep,27-Sep,28-Sep,29-Sep,30-Sep,1-Oct,2-Oct,26-Sep,27-Sep,28-Sep,29-Sep,30-Sep,1-Oct,2-Oct,5,7,0
Pune,Pune,Pune,Pune,Purandar,20016917,Dive,PAWARWADI,1160,1,0.00,0.00,0.00,0.00,0.00,0.00,0.00,0.00,0.00,0.00,0.00,0.00,0.00,0.00,26-Sep,27-Sep,28-Sep,29-Sep,30-Sep,1-Oct,2-Oct,26-Sep,27-Sep,28-Sep,29-Sep,30-Sep,1-Oct,2-Oct,7,7,0
Pune,Sangli,Solapur,Solapur,Sangola,20027396,Alegaon shirbhavi 82 Village,Anakdhal,8599,1,0.00,0.00,0.00,0.00,0.00,0.00,0.00,0.00,0.00,0.00,0.00,0.00,0.00,0.00,26-Sep,27-Sep,28-Sep,29-Sep,30-Sep,1-Oct,2-Oct,26-Sep,27-Sep,28-Sep,29-Sep,30-Sep,1-Oct,2-Oct,7,7,0
Pune,Sangli,Solapur,Solapur,Sangola,20027396,Alegaon shirbhavi 82 Village,Udenwadi,1834,1,0.00,0.00,0.00,0.00,0.00,0.00,0.00,0.00,0.00,0.00,0.00,0.00,0.00,0.00,26-Sep,27-Sep,28-Sep,29-Sep,30-Sep,1-Oct,2-Oct,26-Sep,27-Sep,28-Sep,29-Sep,30-Sep,1-Oct,2-Oct,7,7,0
Pune,Sangli,Solapur,Solapur,Sangola,20027396,Alegaon shirbhavi 82 Village,Metakar wadi,1286,2,1.06,0.00,0.00,1.85,0.95,1.86,2.71,82.46,0.00,0.00,143.91,73.84,144.71,210.45,26-Sep,27-Sep,28-Sep,29-Sep,30-Sep,1-Oct,2-Oct,26-Sep,27-Sep,28-Sep,29-Sep,30-Sep,1-Oct,2-Oct,2,2,5
Pune,Sangli,Solapur,Solapur,Sangola,20027396,Alegaon shirbhavi 82 Village,Chincholi Gaon,4045,1,0.00,0.00,5.01,0.06,0.00,0.08,0.00,0.00,0.00,123.94,1.52,0.00,1.93,0.00,26-Sep,27-Sep,28-Sep,29-Sep,30-Sep,1-Oct,2-Oct,26-Sep,27-Sep,28-Sep,29-Sep,30-Sep,1-Oct,2-Oct,4,6,1
Pune,Pune,Pune,Pune,Purandar,20016917,Dive,DIVE,3968,2,0.00,0.00,0.00,0.00,0.00,0.00,0.00,0.00,0.00,0.00,0.00,0.00,0.00,0.00,26-Sep,27-Sep,28-Sep,29-Sep,30-Sep,1-Oct,2-Oct,26-Sep,27-Sep,28-Sep,29-Sep,30-Sep,1-Oct,2-Oct,7,7,0
Pune,Pune,Pune,Pune,Maval,7948936,Aug. Dongargaon-Kusgaon RR,Kusgaon,355,2,0.69,0.74,0.65,2.15,0.19,0.00,0.74,193.93,209.73,182.38,606.92,52.45,0.00,209.45,26-Sep,27-Sep,28-Sep,29-Sep,30-Sep,1-Oct,2-Oct,26-Sep,27-Sep,28-Sep,29-Sep,30-Sep,1-Oct,2-Oct,1,2,5
Pune,Pune,Pune 2,Maval,Daund,20013367,Done Adhale RR,ADHALE BK,1695,1,0.00,0.00,0.00,0.00,0.00,0.00,0.00,0.00,0.00,0.00,0.00,0.00,0.00,0.00,26-Sep,27-Sep,28-Sep,29-Sep,30-Sep,1-Oct,2-Oct,26-Sep,27-Sep,28-Sep,29-Sep,30-Sep,1-Oct,2-Oct,7,7,0
Pune,Pune,Pune,Pune,Maval,7948936,Aug. Dongargaon-Kusgaon RR,BHAIRAVNATHNAGAR,2299,2,0.00,0.00,0.00,0.00,0.00,0.00,0.00,0.00,0.00,0.00,0.00,0.00,0.00,0.00,26-Sep,27-Sep,28-Sep,29-Sep,30-Sep,1-Oct,2-Oct,26-Sep,27-Sep,28-Sep,29-Sep,30-Sep,1-Oct,2-Oct,7,7,0
Pune,Pune,Pune,Pune,Purandar,20027436,Pargaoan Malshiras,Pargaon,3108,2,0.00,0.00,0.00,0.00,0.00,0.00,0.00,0.00,0.00,0.00,0.00,0.00,0.00,0.00,26-Sep,27-Sep,28-Sep,29-Sep,30-Sep,1-Oct,2-Oct,26-Sep,27-Sep,28-Sep,29-Sep,30-Sep,1-Oct,2-Oct,7,7,0
Pune,Pune,Pune 1,Baramati,Ambegaon,20017250,LONI BHAPKAR RRWSS,LoniBhapkar,5659,3,0.00,0.00,0.00,8253.75,3517.84,0.00,0.00,0.00,0.00,0.00,145851.76,62163.69,0.00,0.00,26-Sep,27-Sep,28-Sep,29-Sep,30-Sep,1-Oct,2-Oct,26-Sep,27-Sep,28-Sep,29-Sep,30-Sep,1-Oct,2-Oct,5,5,2
Pune,Pune,Pune,Pune,Ambegaon,20017262,Supe,BORKARWADI,2105,1,2366.19,3355.38,1637.57,0.00,0.20,4461.42,4895.82,112408.01,159400.48,77794.32,0.00,9.71,211943.71,232580.59,26-Sep,27-Sep,28-Sep,29-Sep,30-Sep,1-Oct,2-Oct,26-Sep,27-Sep,28-Sep,29-Sep,30-Sep,1-Oct,2-Oct,1,2,5
Pune,Pune,Pune 2,Baramati,Ambegaon,20018548,HOL SASTEWADI,Hol,2509,1,0.00,0.21,0.21,0.21,0.21,0.24,0.21,0.00,8.19,8.26,8.22,8.22,9.40,8.23,26-Sep,27-Sep,28-Sep,29-Sep,30-Sep,1-Oct,2-Oct,26-Sep,27-Sep,28-Sep,29-Sep,30-Sep,1-Oct,2-Oct,1,7,0
Pune,Pune,Satara,Pune,Phaltan,20019021,Dhuldev Algudewadi,Dhuldev,2564,4,0.00,0.00,0.00,0.00,0.00,0.00,0.00,0.00,0.00,0.00,0.00,0.00,0.00,0.00,26-Sep,27-Sep,28-Sep,29-Sep,30-Sep,1-Oct,2-Oct,26-Sep,27-Sep,28-Sep,29-Sep,30-Sep,1-Oct,2-Oct,7,7,0
Pune,Pune,Pune 1,Baramati,Ambegaon,7942125,MURTI & 7 VILLAGES RRWSS,Waki,3355,1,0.00,0.00,0.00,0.00,0.00,0.00,0.00,0.00,0.00,0.00,0.00,0.00,0.00,0.00,26-Sep,27-Sep,28-Sep,29-Sep,30-Sep,1-Oct,2-Oct,26-Sep,27-Sep,28-Sep,29-Sep,30-Sep,1-Oct,2-Oct,7,7,0
Pune,Pune,Pune,Pune,Ambegaon,20027855,Thopatewadi Late,Malwadi,1230,2,0.02,0.01,0.00,0.01,0.00,0.02,0.02,1.58,0.78,0.00,0.81,0.00,1.72,2.01,26-Sep,27-Sep,28-Sep,29-Sep,30-Sep,1-Oct,2-Oct,26-Sep,27-Sep,28-Sep,29-Sep,30-Sep,1-Oct,2-Oct,2,7,0
Pune,Sangli,Solapur,Solapur,Sangola,20027396,Alegaon shirbhavi 82 Village,shirbavi,4215,1,0.00,0.00,0.00,0.00,0.00,0.00,0.00,0.00,0.00,0.00,0.00,0.00,0.00,0.00,26-Sep,27-Sep,28-Sep,29-Sep,30-Sep,1-Oct,2-Oct,26-Sep,27-Sep,28-Sep,29-Sep,30-Sep,1-Oct,2-Oct,7,7,0
Pune,Sangli,Solapur,Solapur,Sangola,20027396,Alegaon shirbhavi 82 Village,Alegaon,4802,1,0.00,0.00,0.00,0.00,0.00,0.00,0.00,0.00,0.00,0.00,0.00,0.00,0.00,0.00,26-Sep,27-Sep,28-Sep,29-Sep,30-Sep,1-Oct,2-Oct,26-Sep,27-Sep,28-Sep,29-Sep,30-Sep,1-Oct,2-Oct,7,7,0
Pune,Pune,Pune 2,Pune,Daund,20027689,Patan & 8 Villages RWSS,Boraj,565,1,0.00,0.00,0.00,0.00,0.00,0.00,0.00,0.03,0.00,0.00,0.15,0.00,0.00,0.08,26-Sep,27-Sep,28-Sep,29-Sep,30-Sep,1-Oct,2-Oct,26-Sep,27-Sep,28-Sep,29-Sep,30-Sep,1-Oct,2-Oct,4,7,0
Pune,Pune,Pune,Pune,Purandar,20027436,Pargaoan Malshiras,Singapur Gaothan,1373,1,0.37,0.00,0.00,0.38,0.01,0.37,0.00,26.72,0.00,0.00,27.67,1.01,26.74,0.00,26-Sep,27-Sep,28-Sep,29-Sep,30-Sep,1-Oct,2-Oct,26-Sep,27-Sep,28-Sep,29-Sep,30-Sep,1-Oct,2-Oct,3,7,0
Pune,Pune,Pune 2,Pune,Velhe,20013219,Wajeghar RR,Phansi,200,1,0.00,0.00,0.00,0.00,0.00,0.00,0.00,0.00,0.00,0.00,0.00,0.00,0.00,0.00,26-Sep,27-Sep,28-Sep,29-Sep,30-Sep,1-Oct,2-Oct,26-Sep,27-Sep,28-Sep,29-Sep,30-Sep,1-Oct,2-Oct,7,7,0
Pune,Pune,Pune,Pune,Ambegaon,20017262,Supe,VADHANE,1981,1,1.79,0.21,2.79,0.15,0.53,1.59,0.27,90.43,10.60,140.99,7.38,26.95,80.45,13.80,26-Sep,27-Sep,28-Sep,29-Sep,30-Sep,1-Oct,2-Oct,26-Sep,27-Sep,28-Sep,29-Sep,30-Sep,1-Oct,2-Oct,0,4,3
Pune,Pune,Pune 1,Baramati,Ambegaon,7942125,MURTI & 7 VILLAGES RRWSS,Magarwadi,1761,1,0.00,0.00,0.00,66.90,0.00,0.00,0.00,0.00,0.00,0.00,3798.73,0.00,0.00,0.00,26-Sep,27-Sep,28-Sep,29-Sep,30-Sep,1-Oct,2-Oct,26-Sep,27-Sep,28-Sep,29-Sep,30-Sep,1-Oct,2-Oct,6,6,1
Pune,Sangli,Solapur,Solapur,Sangola,20027396,Alegaon shirbhavi 82 Village,Kidabisari,2657,1,0.00,0.00,0.00,0.00,0.00,0.00,0.00,0.00,0.00,0.00,0.00,0.00,0.00,0.00,26-Sep,27-Sep,28-Sep,29-Sep,30-Sep,1-Oct,2-Oct,26-Sep,27-Sep,28-Sep,29-Sep,30-Sep,1-Oct,2-Oct,7,7,0
Pune,Sangli,Solapur,Solapur,Sangola,20027396,Alegaon shirbhavi 82 Village,Devkate Wadi,1261,1,0.00,0.00,0.00,0.00,0.00,0.00,0.00,0.00,0.00,0.00,0.00,0.00,0.00,0.00,26-Sep,27-Sep,28-Sep,29-Sep,30-Sep,1-Oct,2-Oct,26-Sep,27-Sep,28-Sep,29-Sep,30-Sep,1-Oct,2-Oct,7,7,0
Pune,Pune,Pune,Pune,Mulshi,20022133,Peth RR,Kurwandi,2522,5,0.00,0.00,0.00,0.11,0.00,0.00,0.00,0.00,0.00,0.00,4.18,0.00,0.00,0.00,26-Sep,27-Sep,28-Sep,29-Sep,30-Sep,1-Oct,2-Oct,26-Sep,27-Sep,28-Sep,29-Sep,30-Sep,1-Oct,2-Oct,6,7,0
Pune,Sangli,Solapur,Solapur,Sangola,20027396,Alegaon shirbhavi 82 Village,LaxmiNagar,3031,1,0.08,0.00,0.02,1.97,2.44,1.18,1.47,2.49,0.00,0.62,64.93,80.44,38.79,48.39,26-Sep,27-Sep,28-Sep,29-Sep,30-Sep,1-Oct,2-Oct,26-Sep,27-Sep,28-Sep,29-Sep,30-Sep,1-Oct,2-Oct,1,5,2
Pune,Pune,Pune,Pune,Ambegaon,20027855,Thopatewadi Late,Bajarangwadi,1748,3,0.00,0.00,0.00,0.00,0.00,0.00,0.00,0.00,0.00,0.00,0.00,0.00,0.00,0.00,26-Sep,27-Sep,28-Sep,29-Sep,30-Sep,1-Oct,2-Oct,26-Sep,27-Sep,28-Sep,29-Sep,30-Sep,1-Oct,2-Oct,7,7,0
Pune,Pune,Pune,Pune,Khed,20051642,Chakan Industrial Area 18 Villages,KHARABWADI,890,1,1.95,8.47,8.51,5.55,9.64,2.41,18.11,218.62,951.80,956.16,623.31,1082.83,271.03,2034.42,26-Sep,27-Sep,28-Sep,29-Sep,30-Sep,1-Oct,2-Oct,26-Sep,27-Sep,28-Sep,29-Sep,30-Sep,1-Oct,2-Oct,0,0,7
Pune,Pune,Pune 1,Baramati,Ambegaon,20017250,LONI BHAPKAR RRWSS,Palsi,2612,2,0.00,0.43,0.00,0.26,0.00,0.00,0.23,0.00,16.46,0.00,9.78,0.00,0.00,8.95,26-Sep,27-Sep,28-Sep,29-Sep,30-Sep,1-Oct,2-Oct,26-Sep,27-Sep,28-Sep,29-Sep,30-Sep,1-Oct,2-Oct,4,7,0
Pune,Sangli,Sangli,Islampur,Valva,7940233,Peth & two Villages,Waghwadi,1161,1,0.68,0.00,0.35,0.47,0.58,0.42,0.73,58.42,0.00,30.40,40.26,50.31,36.36,62.90,26-Sep,27-Sep,28-Sep,29-Sep,30-Sep,1-Oct,2-Oct,26-Sep,27-Sep,28-Sep,29-Sep,30-Sep,1-Oct,2-Oct,1,5,2
Pune,Pune,Satara,Phaltan,Phaltan,20027892,RR Girvi WSS,Sonwadi (Bk),1100,1,0.00,0.00,0.00,0.00,0.00,0.00,0.00,0.00,0.00,0.00,0.00,0.00,0.00,0.00,26-Sep,27-Sep,28-Sep,29-Sep,30-Sep,1-Oct,2-Oct,26-Sep,27-Sep,28-Sep,29-Sep,30-Sep,1-Oct,2-Oct,7,7,0
Pune,Sangli,Solapur,Solapur,Sangola,20027396,Alegaon shirbhavi 82 Village,Lonavire,3490,1,1.68,0.00,0.00,2.04,0.96,0.00,2.58,48.18,0.00,0.00,58.32,27.40,0.00,73.80,26-Sep,27-Sep,28-Sep,29-Sep,30-Sep,1-Oct,2-Oct,26-Sep,27-Sep,28-Sep,29-Sep,30-Sep,1-Oct,2-Oct,3,5,2
Pune,Pune,Pune,Pune,Maval,7948936,Aug. Dongargaon-Kusgaon RR,Kevaregaon,2219,1,0.18,0.18,0.08,0.09,0.01,0.17,0.18,8.29,8.15,3.61,3.87,0.32,7.80,8.06,26-Sep,27-Sep,28-Sep,29-Sep,30-Sep,1-Oct,2-Oct,26-Sep,27-Sep,28-Sep,29-Sep,30-Sep,1-Oct,2-Oct,0,7,0
Pune,Pune,Pune 2,Pune,Velhe,20013219,Wajeghar RR,PAL BK,729,1,0.00,0.00,0.00,0.00,0.00,0.00,0.00,0.00,0.00,0.00,0.00,0.00,0.00,0.00,26-Sep,27-Sep,28-Sep,29-Sep,30-Sep,1-Oct,2-Oct,26-Sep,27-Sep,28-Sep,29-Sep,30-Sep,1-Oct,2-Oct,7,7,0
Pune,Pune,Pune 2,Pune 2,Velhe,20027541,Wangani RRWSS,Wanganichiwadi,1108,1,0.00,0.00,0.00,0.00,0.00,0.00,0.00,0.00,0.00,0.00,0.00,0.00,0.00,0.00,26-Sep,27-Sep,28-Sep,29-Sep,30-Sep,1-Oct,2-Oct,26-Sep,27-Sep,28-Sep,29-Sep,30-Sep,1-Oct,2-Oct,7,7,0
Pune,Pune,Pune,Pune,Indapur,20051606,Varodi BK & 2 Villages,Varodi BK,428,1,0.15,0.07,0.07,10.88,0.05,0.18,0.22,35.94,15.80,17.52,2541.67,10.75,42.72,50.43,26-Sep,27-Sep,28-Sep,29-Sep,30-Sep,1-Oct,2-Oct,26-Sep,27-Sep,28-Sep,29-Sep,30-Sep,1-Oct,2-Oct,0,6,1
Pune,Pune,Pune 1,Baramati,Ambegaon,7942125,MURTI & 7 VILLAGES RRWSS,Chaudharwad,911,1,146.41,0.22,114.00,0.02,0.22,0.24,0.29,16071.13,23.96,12513.94,2.18,24.38,26.32,31.59,26-Sep,27-Sep,28-Sep,29-Sep,30-Sep,1-Oct,2-Oct,26-Sep,27-Sep,28-Sep,29-Sep,30-Sep,1-Oct,2-Oct,0,5,2
Pune,Pune,Pune 2,Pune,Velhe,20013219,Wajeghar RR,Lavhi,276,1,0.20,0.12,0.17,0.00,0.21,0.13,0.11,72.91,43.32,62.03,0.00,75.99,47.59,41.65,26-Sep,27-Sep,28-Sep,29-Sep,30-Sep,1-Oct,2-Oct,26-Sep,27-Sep,28-Sep,29-Sep,30-Sep,1-Oct,2-Oct,1,4,3
Pune,Sangli,Solapur,Solapur,Sangola,20027396,Alegaon shirbhavi 82 Village,Burangewadi,4570,1,0.00,0.00,0.00,0.00,0.00,0.00,0.00,0.00,0.00,0.01,0.00,0.00,0.00,0.00,26-Sep,27-Sep,28-Sep,29-Sep,30-Sep,1-Oct,2-Oct,26-Sep,27-Sep,28-Sep,29-Sep,30-Sep,1-Oct,2-Oct,6,7,0
Pune,Pune,Pune,Pune,Purandar,20027459,Shivari,SHIVARI,2109,4,0.07,0.04,0.07,0.04,0.07,0.08,0.11,3.17,1.67,3.22,1.85,3.28,3.70,5.01,26-Sep,27-Sep,28-Sep,29-Sep,30-Sep,1-Oct,2-Oct,26-Sep,27-Sep,28-Sep,29-Sep,30-Sep,1-Oct,2-Oct,0,7,0
Pune,Sangli,Solapur,Solapur,Mohol,20029637,Penur Patkul,Patkul,7358,2,0.00,0.00,0.00,0.00,0.00,0.00,0.00,0.00,0.00,0.00,0.00,0.00,0.00,0.00,26-Sep,27-Sep,28-Sep,29-Sep,30-Sep,1-Oct,2-Oct,26-Sep,27-Sep,28-Sep,29-Sep,30-Sep,1-Oct,2-Oct,7,7,0
Pune,Sangli,Solapur,Solapur,Sangola,20027396,Alegaon shirbhavi 82 Village,Deole,1568,1,0.00,0.00,0.00,0.00,0.00,0.00,0.00,0.00,0.00,0.00,0.00,0.00,0.00,0.00,26-Sep,27-Sep,28-Sep,29-Sep,30-Sep,1-Oct,2-Oct,26-Sep,27-Sep,28-Sep,29-Sep,30-Sep,1-Oct,2-Oct,7,7,0
Pune,Sangli,Solapur,Solapur,Sangola,20027396,Alegaon shirbhavi 82 Village,Nizampur,3731,1,0.00,0.00,0.67,1.09,0.00,0.11,1.12,0.00,0.00,18.08,29.23,0.00,3.05,29.99,26-Sep,27-Sep,28-Sep,29-Sep,30-Sep,1-Oct,2-Oct,26-Sep,27-Sep,28-Sep,29-Sep,30-Sep,1-Oct,2-Oct,3,7,0
Pune,Sangli,Solapur,Solapur,Sangola,20027396,Alegaon shirbhavi 82 Village,Watambare,2228,1,1.87,0.25,0.97,1.94,0.86,2.25,2.17,84.02,11.04,43.66,86.98,38.42,100.86,97.27,26-Sep,27-Sep,28-Sep,29-Sep,30-Sep,1-Oct,2-Oct,26-Sep,27-Sep,28-Sep,29-Sep,30-Sep,1-Oct,2-Oct,0,3,4
Pune,Sangli,Solapur,Solapur,Sangola,20027396,Alegaon shirbhavi 82 Village,Vazare,1954,1,0.00,0.00,0.00,0.00,0.00,0.00,0.00,0.00,0.00,0.00,0.00,0.00,0.00,0.00,26-Sep,27-Sep,28-Sep,29-Sep,30-Sep,1-Oct,2-Oct,26-Sep,27-Sep,28-Sep,29-Sep,30-Sep,1-Oct,2-Oct,7,7,0
Pune,Pune,Pune 1,Baramati,Ambegaon,7942125,MURTI & 7 VILLAGES RRWSS,Bhapkar mala,1761,1,0.28,0.01,0.13,0.00,26.95,0.00,0.00,15.82,0.43,7.19,0.00,1530.38,0.00,0.00,26-Sep,27-Sep,28-Sep,29-Sep,30-Sep,1-Oct,2-Oct,26-Sep,27-Sep,28-Sep,29-Sep,30-Sep,1-Oct,2-Oct,3,6,1
Konkan,Panvel,Raigadh,Mangaon,Khalapur,20028168,Devnhave water supply scheme,Devnhave,2160,3,0.00,0.00,0.00,0.00,0.00,0.00,0.00,0.00,0.00,0.00,0.00,0.00,0.00,0.00,26-Sep,27-Sep,28-Sep,29-Sep,30-Sep,1-Oct,2-Oct,26-Sep,27-Sep,28-Sep,29-Sep,30-Sep,1-Oct,2-Oct,7,7,0
Konkan,Palghar,Palghar,Palghar,Dahanu,4918426,BADA POKHARAN RETROFITTING RPWSS,Asangaon,2246,1,3.27,3.40,1.57,4.12,2.16,3.77,0.11,145.67,151.17,69.80,183.35,96.04,167.68,4.87,26-Sep,27-Sep,28-Sep,29-Sep,30-Sep,1-Oct,2-Oct,26-Sep,27-Sep,28-Sep,29-Sep,30-Sep,1-Oct,2-Oct,0,1,6
Konkan,Palghar,Palghar,Palghar,Mokhada,20028070,"MOKHADA TALUKA 58 VILLAGES R.R.W.S. SCHEME, TAL -MOKHADA",Pangripada Chas,669,1,0.00,0.00,0.00,0.00,0.00,0.00,0.00,0.00,0.00,0.00,0.00,0.00,0.00,0.00,26-Sep,27-Sep,28-Sep,29-Sep,30-Sep,1-Oct,2-Oct,26-Sep,27-Sep,28-Sep,29-Sep,30-Sep,1-Oct,2-Oct,7,7,0
Konkan,Palghar,Palghar,Palghar,Mokhada,20028070,"MOKHADA TALUKA 58 VILLAGES R.R.W.S. SCHEME, TAL -MOKHADA",Poshera,3308,1,0.00,0.00,0.00,0.00,0.00,0.00,0.00,0.00,0.00,0.00,0.00,0.00,0.00,0.00,26-Sep,27-Sep,28-Sep,29-Sep,30-Sep,1-Oct,2-Oct,26-Sep,27-Sep,28-Sep,29-Sep,30-Sep,1-Oct,2-Oct,7,7,0
Konkan,Palghar,Palghar,Palghar,Mokhada,20028070,"MOKHADA TALUKA 58 VILLAGES R.R.W.S. SCHEME, TAL -MOKHADA",Karol,390,1,0.00,0.00,0.00,0.00,0.00,0.00,0.00,0.00,0.00,0.00,0.00,0.00,0.00,0.00,26-Sep,27-Sep,28-Sep,29-Sep,30-Sep,1-Oct,2-Oct,26-Sep,27-Sep,28-Sep,29-Sep,30-Sep,1-Oct,2-Oct,7,7,0
Konkan,Ratnagiri,Ratnagiri,Ratnagiri,Chipalun,20017771,Ovali - Kalkavane - Valoti RR WSS,Valoti,1024,3,0.00,0.00,0.00,0.00,0.00,0.00,0.00,0.00,0.00,0.00,0.00,0.00,0.00,0.00,26-Sep,27-Sep,28-Sep,29-Sep,30-Sep,1-Oct,2-Oct,26-Sep,27-Sep,28-Sep,29-Sep,30-Sep,1-Oct,2-Oct,7,7,0
Konkan,Palghar,Palghar,Palghar,Mokhada,20028070,"MOKHADA TALUKA 58 VILLAGES R.R.W.S. SCHEME, TAL -MOKHADA",Sadakwadi Koshimshet,1375,1,0.00,0.00,0.00,0.00,0.00,0.00,0.00,0.00,0.00,0.00,0.00,0.00,0.00,0.00,26-Sep,27-Sep,28-Sep,29-Sep,30-Sep,1-Oct,2-Oct,26-Sep,27-Sep,28-Sep,29-Sep,30-Sep,1-Oct,2-Oct,7,7,0
Konkan,Panvel,Raigadh,Mangaon,Pen,20020563,Shahapada 38 Villages,Kashmire,2431,1,0.00,0.00,0.00,0.00,0.00,0.00,0.00,0.00,0.00,0.00,0.00,0.00,0.00,0.00,26-Sep,27-Sep,28-Sep,29-Sep,30-Sep,1-Oct,2-Oct,26-Sep,27-Sep,28-Sep,29-Sep,30-Sep,1-Oct,2-Oct,7,7,0
Konkan,Palghar,Palghar,Palghar,Mokhada,20028070,"MOKHADA TALUKA 58 VILLAGES R.R.W.S. SCHEME, TAL -MOKHADA",Kineste,1580,2,0.90,0.00,0.00,0.27,0.19,0.75,0.21,57.24,0.00,0.01,17.40,12.02,47.59,13.47,26-Sep,27-Sep,28-Sep,29-Sep,30-Sep,1-Oct,2-Oct,26-Sep,27-Sep,28-Sep,29-Sep,30-Sep,1-Oct,2-Oct,1,6,1
Konkan,Palghar,Palghar,Palghar,Dahanu,4918426,BADA POKHARAN RETROFITTING RPWSS,Kapshi,1439,1,1.75,1.28,0.23,0.19,1.58,1.77,1.13,121.70,88.86,15.77,12.91,110.12,122.84,78.52,26-Sep,27-Sep,28-Sep,29-Sep,30-Sep,1-Oct,2-Oct,26-Sep,27-Sep,28-Sep,29-Sep,30-Sep,1-Oct,2-Oct,0,2,5
Konkan,Palghar,Palghar,Palghar,Mokhada,20028070,"MOKHADA TALUKA 58 VILLAGES R.R.W.S. SCHEME, TAL -MOKHADA",Palsunde,1338,1,0.00,0.00,0.00,0.00,0.00,0.00,0.00,0.00,0.00,0.00,0.00,0.00,0.00,0.00,26-Sep,27-Sep,28-Sep,29-Sep,30-Sep,1-Oct,2-Oct,26-Sep,27-Sep,28-Sep,29-Sep,30-Sep,1-Oct,2-Oct,7,7,0
Konkan,Palghar,Palghar,Palghar,Mokhada,20028070,"MOKHADA TALUKA 58 VILLAGES R.R.W.S. SCHEME, TAL -MOKHADA",Karegoan,907,1,0.00,0.46,0.00,0.00,0.17,0.00,0.00,0.00,51.14,0.00,0.01,18.71,0.00,0.00,26-Sep,27-Sep,28-Sep,29-Sep,30-Sep,1-Oct,2-Oct,26-Sep,27-Sep,28-Sep,29-Sep,30-Sep,1-Oct,2-Oct,4,7,0
Konkan,Palghar,Palghar,Palghar,Mokhada,20028070,"MOKHADA TALUKA 58 VILLAGES R.R.W.S. SCHEME, TAL -MOKHADA",Wadachapada Saturly,632,1,0.02,0.14,0.00,0.00,0.28,0.02,0.05,2.87,22.59,0.00,0.00,44.72,3.06,7.55,26-Sep,27-Sep,28-Sep,29-Sep,30-Sep,1-Oct,2-Oct,26-Sep,27-Sep,28-Sep,29-Sep,30-Sep,1-Oct,2-Oct,2,7,0
Konkan,Palghar,Palghar,Palghar,Mokhada,20028070,"MOKHADA TALUKA 58 VILLAGES R.R.W.S. SCHEME, TAL -MOKHADA",Osarvira,303,2,0.39,0.00,0.00,0.00,0.74,0.49,0.00,128.67,0.00,0.00,0.00,245.70,161.53,0.00,26-Sep,27-Sep,28-Sep,29-Sep,30-Sep,1-Oct,2-Oct,26-Sep,27-Sep,28-Sep,29-Sep,30-Sep,1-Oct,2-Oct,4,4,3
Konkan,Palghar,Palghar,Palghar,Mokhada,20028070,"MOKHADA TALUKA 58 VILLAGES R.R.W.S. SCHEME, TAL -MOKHADA",Chas,1003,1,0.00,0.00,0.00,0.00,0.00,0.00,0.00,0.00,0.00,0.00,0.00,0.00,0.00,0.00,26-Sep,27-Sep,28-Sep,29-Sep,30-Sep,1-Oct,2-Oct,26-Sep,27-Sep,28-Sep,29-Sep,30-Sep,1-Oct,2-Oct,7,7,0
Konkan,Palghar,Palghar,Palghar,Dahanu,4918426,BADA POKHARAN RETROFITTING RPWSS,Pokharan,621,1,0.00,0.00,0.00,0.00,0.00,0.00,0.00,0.00,0.00,0.00,0.00,0.00,0.00,0.00,26-Sep,27-Sep,28-Sep,29-Sep,30-Sep,1-Oct,2-Oct,26-Sep,27-Sep,28-Sep,29-Sep,30-Sep,1-Oct,2-Oct,7,7,0
Konkan,Palghar,Palghar,Palghar,Mokhada,20028070,"MOKHADA TALUKA 58 VILLAGES R.R.W.S. SCHEME, TAL -MOKHADA",Morhande,1821,1,0.00,0.00,0.00,0.00,0.94,1.07,0.00,0.00,0.00,0.00,0.01,51.46,58.72,0.00,26-Sep,27-Sep,28-Sep,29-Sep,30-Sep,1-Oct,2-Oct,26-Sep,27-Sep,28-Sep,29-Sep,30-Sep,1-Oct,2-Oct,4,6,1
Konkan,Palghar,Palghar,Palghar,Palghar,20017952,Padghe and 19 villages PWSS,Devkhop,477,1,0.00,0.00,0.00,0.00,0.00,0.00,0.00,0.00,0.00,0.00,0.00,0.00,0.00,0.00,26-Sep,27-Sep,28-Sep,29-Sep,30-Sep,1-Oct,2-Oct,26-Sep,27-Sep,28-Sep,29-Sep,30-Sep,1-Oct,2-Oct,7,7,0
Konkan,Palghar,Palghar,Palghar,Mokhada,20028070,"MOKHADA TALUKA 58 VILLAGES R.R.W.S. SCHEME, TAL -MOKHADA",Jogalwadi,799,1,2.03,0.09,0.00,0.20,1.40,0.01,0.00,253.65,11.56,0.00,25.37,174.73,1.12,0.00,26-Sep,27-Sep,28-Sep,29-Sep,30-Sep,1-Oct,2-Oct,26-Sep,27-Sep,28-Sep,29-Sep,30-Sep,1-Oct,2-Oct,2,5,2
Konkan,Palghar,Palghar,Palghar,Mokhada,20028070,"MOKHADA TALUKA 58 VILLAGES R.R.W.S. SCHEME, TAL -MOKHADA",Shirson,904,1,0.00,0.00,0.00,0.00,0.00,0.00,0.00,0.00,0.00,0.00,0.00,0.00,0.00,0.00,26-Sep,27-Sep,28-Sep,29-Sep,30-Sep,1-Oct,2-Oct,26-Sep,27-Sep,28-Sep,29-Sep,30-Sep,1-Oct,2-Oct,7,7,0
Konkan,Palghar,Palghar,Palghar,Mokhada,20028070,"MOKHADA TALUKA 58 VILLAGES R.R.W.S. SCHEME, TAL -MOKHADA",Pimpalpada Hirwe,655,1,0.00,0.00,0.00,0.00,0.00,0.00,0.00,0.00,0.00,0.00,0.00,0.00,0.00,0.00,26-Sep,27-Sep,28-Sep,29-Sep,30-Sep,1-Oct,2-Oct,26-Sep,27-Sep,28-Sep,29-Sep,30-Sep,1-Oct,2-Oct,7,7,0
Konkan,Panvel,Raigadh,Mangaon,Pen,20020563,Shahapada 38 Villages,Wadhav,6000,1,0.00,0.00,0.00,0.00,0.00,0.00,0.00,0.00,0.00,0.00,0.00,0.00,0.00,0.00,26-Sep,27-Sep,28-Sep,29-Sep,30-Sep,1-Oct,2-Oct,26-Sep,27-Sep,28-Sep,29-Sep,30-Sep,1-Oct,2-Oct,7,7,0
Konkan,Palghar,Palghar,Palghar,Dahanu,4918426,BADA POKHARAN RETROFITTING RPWSS,Kotim,316,1,0.00,0.00,0.00,3.41,1.77,0.00,2.03,0.00,0.09,0.11,1079.76,559.65,0.01,641.74,26-Sep,27-Sep,28-Sep,29-Sep,30-Sep,1-Oct,2-Oct,26-Sep,27-Sep,28-Sep,29-Sep,30-Sep,1-Oct,2-Oct,1,4,3
Konkan,Palghar,Palghar,Palghar,Mokhada,20028070,"MOKHADA TALUKA 58 VILLAGES R.R.W.S. SCHEME, TAL -MOKHADA",Hattipada Chas,257,1,0.00,0.00,0.02,0.00,0.00,0.00,0.00,0.00,0.80,9.61,0.00,0.00,0.00,0.00,26-Sep,27-Sep,28-Sep,29-Sep,30-Sep,1-Oct,2-Oct,26-Sep,27-Sep,28-Sep,29-Sep,30-Sep,1-Oct,2-Oct,5,7,0
Konkan,Raigadh,Raigadh,Raigadh,Mangaon,20028626,"Warak Kushade Water Supply Scheme tal- Mnagaon, Dist-Raigad",Kushede,555,1,0.00,0.00,0.00,0.00,0.00,0.00,0.00,0.00,0.82,0.04,0.28,0.17,0.00,0.00,26-Sep,27-Sep,28-Sep,29-Sep,30-Sep,1-Oct,2-Oct,26-Sep,27-Sep,28-Sep,29-Sep,30-Sep,1-Oct,2-Oct,3,7,0
Konkan,Palghar,Palghar,Palghar,Mokhada,20028070,"MOKHADA TALUKA 58 VILLAGES R.R.W.S. SCHEME, TAL -MOKHADA",Rajewadi Jogalwadi,465,1,0.35,0.70,0.00,0.41,0.65,0.89,0.00,75.21,150.81,0.00,88.54,140.18,190.97,0.00,26-Sep,27-Sep,28-Sep,29-Sep,30-Sep,1-Oct,2-Oct,26-Sep,27-Sep,28-Sep,29-Sep,30-Sep,1-Oct,2-Oct,2,2,5
Konkan,Palghar,Palghar,Palghar,Mokhada,20028070,"MOKHADA TALUKA 58 VILLAGES R.R.W.S. SCHEME, TAL -MOKHADA",Gaymukhpada Gonde BK,864,1,0.00,0.00,0.00,0.00,0.00,0.00,0.00,0.00,0.00,0.00,0.00,0.00,0.00,0.00,26-Sep,27-Sep,28-Sep,29-Sep,30-Sep,1-Oct,2-Oct,26-Sep,27-Sep,28-Sep,29-Sep,30-Sep,1-Oct,2-Oct,7,7,0
Konkan,Palghar,Palghar,Palghar,Mokhada,20028070,"MOKHADA TALUKA 58 VILLAGES R.R.W.S. SCHEME, TAL -MOKHADA",Sonarwadi Koshimshet,209,1,0.00,0.00,0.00,0.00,0.00,0.00,0.00,0.00,0.00,0.00,0.05,0.09,0.00,0.00,26-Sep,27-Sep,28-Sep,29-Sep,30-Sep,1-Oct,2-Oct,26-Sep,27-Sep,28-Sep,29-Sep,30-Sep,1-Oct,2-Oct,5,7,0
Konkan,Palghar,Palghar,Palghar,Mokhada,20028070,"MOKHADA TALUKA 58 VILLAGES R.R.W.S. SCHEME, TAL -MOKHADA",Wasala,1561,1,0.00,0.00,0.00,0.00,0.00,0.00,0.00,0.00,0.00,0.00,0.00,0.00,0.00,0.00,26-Sep,27-Sep,28-Sep,29-Sep,30-Sep,1-Oct,2-Oct,26-Sep,27-Sep,28-Sep,29-Sep,30-Sep,1-Oct,2-Oct,7,7,0
Konkan,Palghar,Palghar,Palghar,Dahanu,4918426,BADA POKHARAN RETROFITTING RPWSS,Tadiyale,1490,1,0.00,0.00,0.00,0.00,0.00,0.00,0.00,0.01,0.00,0.00,0.00,0.00,0.00,0.00,26-Sep,27-Sep,28-Sep,29-Sep,30-Sep,1-Oct,2-Oct,26-Sep,27-Sep,28-Sep,29-Sep,30-Sep,1-Oct,2-Oct,6,7,0
Konkan,Thane,Thane,Palghar,Dahanu,20047871, Modgaon & Tornipada RWSS,Savarpada,830,1,0.52,1.09,0.00,0.38,1.38,1.20,0.59,63.12,130.80,0.00,45.24,166.18,144.37,70.88,26-Sep,27-Sep,28-Sep,29-Sep,30-Sep,1-Oct,2-Oct,26-Sep,27-Sep,28-Sep,29-Sep,30-Sep,1-Oct,2-Oct,1,2,5
Konkan,Palghar,Palghar,Palghar,Mokhada,20028070,"MOKHADA TALUKA 58 VILLAGES R.R.W.S. SCHEME, TAL -MOKHADA",Kengwadi Kodala,338,1,0.00,0.00,0.00,0.00,0.00,0.00,0.00,0.00,0.00,0.00,0.00,0.00,0.00,0.00,26-Sep,27-Sep,28-Sep,29-Sep,30-Sep,1-Oct,2-Oct,26-Sep,27-Sep,28-Sep,29-Sep,30-Sep,1-Oct,2-Oct,7,7,0
Konkan,Palghar,Palghar,Palghar,Mokhada,20028070,"MOKHADA TALUKA 58 VILLAGES R.R.W.S. SCHEME, TAL -MOKHADA",Madkyachimet Pimpalgaon,268,1,0.00,0.00,0.00,0.00,0.00,0.00,0.00,0.00,0.00,0.00,0.00,0.00,0.00,0.00,26-Sep,27-Sep,28-Sep,29-Sep,30-Sep,1-Oct,2-Oct,26-Sep,27-Sep,28-Sep,29-Sep,30-Sep,1-Oct,2-Oct,7,7,0
Konkan,Palghar,Palghar,Palghar,Mokhada,20028070,"MOKHADA TALUKA 58 VILLAGES R.R.W.S. SCHEME, TAL -MOKHADA",Khasti,107,2,0.00,0.00,0.00,0.00,0.00,0.00,0.00,0.00,0.00,0.00,0.13,0.16,0.00,0.00,26-Sep,27-Sep,28-Sep,29-Sep,30-Sep,1-Oct,2-Oct,26-Sep,27-Sep,28-Sep,29-Sep,30-Sep,1-Oct,2-Oct,5,7,0
Konkan,Palghar,Palghar,Palghar,Dahanu,4918426,BADA POKHARAN RETROFITTING RPWSS,Kolavali- 1,1864,1,3.27,3.00,0.90,1.97,3.91,4.00,4.31,175.61,160.82,48.36,105.56,209.97,214.67,231.08,26-Sep,27-Sep,28-Sep,29-Sep,30-Sep,1-Oct,2-Oct,26-Sep,27-Sep,28-Sep,29-Sep,30-Sep,1-Oct,2-Oct,0,1,6
Konkan,Palghar,Palghar,Palghar,Mokhada,20028070,"MOKHADA TALUKA 58 VILLAGES R.R.W.S. SCHEME, TAL -MOKHADA",Brahmagaon,1078,1,0.07,0.03,0.00,0.00,0.02,0.63,0.07,6.16,2.40,0.00,0.00,2.19,58.22,6.96,26-Sep,27-Sep,28-Sep,29-Sep,30-Sep,1-Oct,2-Oct,26-Sep,27-Sep,28-Sep,29-Sep,30-Sep,1-Oct,2-Oct,2,6,1
Konkan,Palghar,Palghar,Palghar,Mokhada,20028070,"MOKHADA TALUKA 58 VILLAGES R.R.W.S. SCHEME, TAL -MOKHADA",Botoshi,3730,4,0.09,0.09,0.07,0.03,0.03,0.10,0.08,2.42,2.34,1.75,0.94,0.75,2.81,2.28,26-Sep,27-Sep,28-Sep,29-Sep,30-Sep,1-Oct,2-Oct,26-Sep,27-Sep,28-Sep,29-Sep,30-Sep,1-Oct,2-Oct,0,7,0
Konkan,Palghar,Palghar,Palghar,Mokhada,20028070,"MOKHADA TALUKA 58 VILLAGES R.R.W.S. SCHEME, TAL -MOKHADA",Kalamgoan,245,1,0.00,0.00,0.00,0.00,0.00,0.00,0.00,0.00,0.00,0.00,0.00,0.00,0.00,0.00,26-Sep,27-Sep,28-Sep,29-Sep,30-Sep,1-Oct,2-Oct,26-Sep,27-Sep,28-Sep,29-Sep,30-Sep,1-Oct,2-Oct,7,7,0
Konkan,Raigadh,Raigadh,Raigadh,Mangaon,20028626,"Warak Kushade Water Supply Scheme tal- Mnagaon, Dist-Raigad",Warak,805,1,0.00,0.01,0.00,0.00,0.00,0.00,0.00,0.00,1.36,0.00,0.36,0.00,0.00,0.00,26-Sep,27-Sep,28-Sep,29-Sep,30-Sep,1-Oct,2-Oct,26-Sep,27-Sep,28-Sep,29-Sep,30-Sep,1-Oct,2-Oct,5,7,0
Konkan,Palghar,Palghar,Palghar,Dahanu,4918426,BADA POKHARAN RETROFITTING RPWSS,Gowane,2872,1,6.48,4.31,0.42,2.25,6.77,7.11,6.71,225.49,150.07,14.65,78.50,235.75,247.70,233.61,26-Sep,27-Sep,28-Sep,29-Sep,30-Sep,1-Oct,2-Oct,26-Sep,27-Sep,28-Sep,29-Sep,30-Sep,1-Oct,2-Oct,0,1,6
Konkan,Palghar,Palghar,Palghar,Mokhada,20028070,"MOKHADA TALUKA 58 VILLAGES R.R.W.S. SCHEME, TAL -MOKHADA",Rest House Khodala,1287,1,0.00,0.00,0.00,0.28,0.00,0.00,0.00,0.00,0.00,0.00,21.46,0.07,0.00,0.00,26-Sep,27-Sep,28-Sep,29-Sep,30-Sep,1-Oct,2-Oct,26-Sep,27-Sep,28-Sep,29-Sep,30-Sep,1-Oct,2-Oct,5,7,0
Konkan,Palghar,Palghar,Palghar,Dahanu,4918426,BADA POKHARAN RETROFITTING RPWSS,Dhakti Dahanu,5483,2,4.89,2.17,0.00,0.00,0.00,518.96,0.00,89.24,39.49,0.00,0.00,0.00,9464.97,0.00,26-Sep,27-Sep,28-Sep,29-Sep,30-Sep,1-Oct,2-Oct,26-Sep,27-Sep,28-Sep,29-Sep,30-Sep,1-Oct,2-Oct,4,5,2
Konkan,Palghar,Palghar,Palghar,Mokhada,20028070,"MOKHADA TALUKA 58 VILLAGES R.R.W.S. SCHEME, TAL -MOKHADA",Ambyachapada Saturly,205,1,0.00,0.00,0.00,0.00,0.00,0.00,0.00,0.00,0.00,2.35,0.00,0.00,0.00,0.00,26-Sep,27-Sep,28-Sep,29-Sep,30-Sep,1-Oct,2-Oct,26-Sep,27-Sep,28-Sep,29-Sep,30-Sep,1-Oct,2-Oct,6,7,0
Konkan,Palghar,Palghar,Palghar,Mokhada,20028070,"MOKHADA TALUKA 58 VILLAGES R.R.W.S. SCHEME, TAL -MOKHADA",Shivali,1267,1,0.00,0.00,0.00,0.00,0.00,0.00,0.00,0.00,0.00,0.00,0.00,0.00,0.00,0.00,26-Sep,27-Sep,28-Sep,29-Sep,30-Sep,1-Oct,2-Oct,26-Sep,27-Sep,28-Sep,29-Sep,30-Sep,1-Oct,2-Oct,7,7,0
Konkan,Palghar,Palghar,Palghar,Dahanu,4918426,BADA POKHARAN RETROFITTING RPWSS,Wadhavan,1278,1,0.00,0.00,0.00,0.00,0.00,0.00,0.00,0.00,0.00,0.00,0.00,0.00,0.00,0.01,26-Sep,27-Sep,28-Sep,29-Sep,30-Sep,1-Oct,2-Oct,26-Sep,27-Sep,28-Sep,29-Sep,30-Sep,1-Oct,2-Oct,6,7,0
Konkan,Palghar,Palghar,Palghar,Mokhada,20028070,"MOKHADA TALUKA 58 VILLAGES R.R.W.S. SCHEME, TAL -MOKHADA",Ghanwal,296,1,0.00,0.00,0.00,0.00,0.00,0.00,0.00,0.00,0.14,0.05,0.00,0.00,0.00,0.00,26-Sep,27-Sep,28-Sep,29-Sep,30-Sep,1-Oct,2-Oct,26-Sep,27-Sep,28-Sep,29-Sep,30-Sep,1-Oct,2-Oct,5,7,0
Konkan,Palghar,Palghar,Palghar,Dahanu,4918426,BADA POKHARAN RETROFITTING RPWSS,Ketkhadi,472,1,0.00,0.79,0.00,0.78,0.79,1.23,0.32,0.00,168.26,0.00,164.20,167.32,260.69,67.20,26-Sep,27-Sep,28-Sep,29-Sep,30-Sep,1-Oct,2-Oct,26-Sep,27-Sep,28-Sep,29-Sep,30-Sep,1-Oct,2-Oct,2,2,5
Konkan,Palghar,Palghar,Palghar,Mokhada,20028070,"MOKHADA TALUKA 58 VILLAGES R.R.W.S. SCHEME, TAL -MOKHADA",Umbarpada Beriste,799,1,0.42,0.00,0.00,0.00,0.32,0.36,0.00,52.93,0.00,0.00,0.01,39.66,45.64,0.00,26-Sep,27-Sep,28-Sep,29-Sep,30-Sep,1-Oct,2-Oct,26-Sep,27-Sep,28-Sep,29-Sep,30-Sep,1-Oct,2-Oct,3,7,0
Konkan,Raigadh,Raigadh,Raigadh,Mangaon,20028626,"Warak Kushade Water Supply Scheme tal- Mnagaon, Dist-Raigad",Koshimbale,339,1,0.00,0.00,0.00,0.00,0.00,0.00,0.00,0.00,0.00,0.00,0.00,0.00,0.00,0.00,26-Sep,27-Sep,28-Sep,29-Sep,30-Sep,1-Oct,2-Oct,26-Sep,27-Sep,28-Sep,29-Sep,30-Sep,1-Oct,2-Oct,7,7,0
Konkan,Palghar,Palghar,Palghar,Dahanu,4918426,BADA POKHARAN RETROFITTING RPWSS,Tanashi,1208,1,0.00,0.00,0.00,0.00,0.00,0.00,0.00,0.00,0.00,0.00,0.00,0.00,0.00,0.00,26-Sep,27-Sep,28-Sep,29-Sep,30-Sep,1-Oct,2-Oct,26-Sep,27-Sep,28-Sep,29-Sep,30-Sep,1-Oct,2-Oct,7,7,0
Konkan,Palghar,Palghar,Palghar,Dahanu,4918426,BADA POKHARAN RETROFITTING RPWSS,Gungavade,1328,1,1.83,1.20,0.22,0.86,0.66,1.02,1.20,137.92,90.68,16.47,64.66,50.00,76.64,90.62,26-Sep,27-Sep,28-Sep,29-Sep,30-Sep,1-Oct,2-Oct,26-Sep,27-Sep,28-Sep,29-Sep,30-Sep,1-Oct,2-Oct,0,2,5
Konkan,Palghar,Palghar,Palghar,Palghar,20017952,Padghe and 19 villages PWSS,Padghe,454,2,0.00,0.00,0.00,0.00,0.00,0.00,0.00,0.00,0.00,0.00,0.00,0.00,0.00,0.00,26-Sep,27-Sep,28-Sep,29-Sep,30-Sep,1-Oct,2-Oct,26-Sep,27-Sep,28-Sep,29-Sep,30-Sep,1-Oct,2-Oct,7,7,0
Konkan,Palghar,Palghar,Palghar,Dahanu,4918426,BADA POKHARAN RETROFITTING RPWSS,Varor,4090,2,0.14,0.07,0.02,0.06,0.02,0.02,0.10,3.36,1.80,0.40,1.46,0.45,0.46,2.39,26-Sep,27-Sep,28-Sep,29-Sep,30-Sep,1-Oct,2-Oct,26-Sep,27-Sep,28-Sep,29-Sep,30-Sep,1-Oct,2-Oct,0,7,0
Konkan,Palghar,Palghar,Palghar,Mokhada,20028070,"MOKHADA TALUKA 58 VILLAGES R.R.W.S. SCHEME, TAL -MOKHADA",Pimplegoan,465,1,0.00,0.00,0.00,0.00,0.00,0.00,0.00,0.00,0.00,0.00,0.00,0.00,0.00,0.00,26-Sep,27-Sep,28-Sep,29-Sep,30-Sep,1-Oct,2-Oct,26-Sep,27-Sep,28-Sep,29-Sep,30-Sep,1-Oct,2-Oct,7,7,0
Konkan,Palghar,Palghar,Palghar,Mokhada,20028070,"MOKHADA TALUKA 58 VILLAGES R.R.W.S. SCHEME, TAL -MOKHADA",Sakhari,818,1,0.00,0.00,0.00,0.00,0.00,0.00,0.00,0.00,0.00,0.00,0.02,0.01,0.00,0.00,26-Sep,27-Sep,28-Sep,29-Sep,30-Sep,1-Oct,2-Oct,26-Sep,27-Sep,28-Sep,29-Sep,30-Sep,1-Oct,2-Oct,5,7,0
Konkan,Palghar,Palghar,Palghar,Mokhada,20028070,"MOKHADA TALUKA 58 VILLAGES R.R.W.S. SCHEME, TAL -MOKHADA",Charangaon,669,1,0.00,0.00,0.00,0.00,0.00,0.00,0.00,0.00,0.00,0.00,0.00,0.00,0.00,0.00,26-Sep,27-Sep,28-Sep,29-Sep,30-Sep,1-Oct,2-Oct,26-Sep,27-Sep,28-Sep,29-Sep,30-Sep,1-Oct,2-Oct,7,7,0
Konkan,Palghar,Palghar,Palghar,Mokhada,20028070,"MOKHADA TALUKA 58 VILLAGES R.R.W.S. SCHEME, TAL -MOKHADA",Gonde KH,1189,1,0.00,0.00,0.00,0.00,0.00,0.00,0.00,0.00,0.00,0.00,0.05,0.03,0.00,0.00,26-Sep,27-Sep,28-Sep,29-Sep,30-Sep,1-Oct,2-Oct,26-Sep,27-Sep,28-Sep,29-Sep,30-Sep,1-Oct,2-Oct,5,7,0
Konkan,Palghar,Palghar,Palghar,Mokhada,20028070,"MOKHADA TALUKA 58 VILLAGES R.R.W.S. SCHEME, TAL -MOKHADA",Kaduchiwadi,1215,1,0.00,0.00,0.00,0.00,0.00,0.00,0.00,0.00,0.00,0.00,0.00,0.01,0.00,0.00,26-Sep,27-Sep,28-Sep,29-Sep,30-Sep,1-Oct,2-Oct,26-Sep,27-Sep,28-Sep,29-Sep,30-Sep,1-Oct,2-Oct,6,7,0
Konkan,Palghar,Palghar,Palghar,Mokhada,20028070,"MOKHADA TALUKA 58 VILLAGES R.R.W.S. SCHEME, TAL -MOKHADA",Khoch,855,1,0.00,0.01,0.00,0.00,0.04,0.00,0.00,0.03,1.19,0.00,0.00,4.29,0.16,0.00,26-Sep,27-Sep,28-Sep,29-Sep,30-Sep,1-Oct,2-Oct,26-Sep,27-Sep,28-Sep,29-Sep,30-Sep,1-Oct,2-Oct,3,7,0
Konkan,Palghar,Palghar,Palghar,Dahanu,4918426,BADA POKHARAN RETROFITTING RPWSS,Chinchani,4890,4,11.24,1.84,2.60,13.12,8.91,4.11,23.51,229.76,37.59,53.07,268.40,182.13,83.96,480.68,26-Sep,27-Sep,28-Sep,29-Sep,30-Sep,1-Oct,2-Oct,26-Sep,27-Sep,28-Sep,29-Sep,30-Sep,1-Oct,2-Oct,0,2,5
Konkan,Palghar,Palghar,Palghar,Mokhada,20028070,"MOKHADA TALUKA 58 VILLAGES R.R.W.S. SCHEME, TAL -MOKHADA",Dhudgaon,1819,1,0.15,0.00,0.00,0.00,0.00,3.06,0.00,8.13,0.00,0.00,0.00,0.00,168.48,0.00,26-Sep,27-Sep,28-Sep,29-Sep,30-Sep,1-Oct,2-Oct,26-Sep,27-Sep,28-Sep,29-Sep,30-Sep,1-Oct,2-Oct,5,6,1
Konkan,Raigadh,Raigadh,Raigadh,Mangaon,20028626,"Warak Kushade Water Supply Scheme tal- Mnagaon, Dist-Raigad",Sale,775,1,0.00,0.00,0.00,0.00,0.00,0.00,0.00,0.00,0.00,0.18,0.00,0.00,0.00,0.00,26-Sep,27-Sep,28-Sep,29-Sep,30-Sep,1-Oct,2-Oct,26-Sep,27-Sep,28-Sep,29-Sep,30-Sep,1-Oct,2-Oct,6,7,0
Konkan,Panvel,Raigadh,Mangaon,Pen,20020563,Shahapada 38 Villages,Kane,1503,1,0.00,0.00,0.00,0.00,0.00,0.00,0.00,0.25,0.00,0.08,0.23,0.01,0.00,0.23,26-Sep,27-Sep,28-Sep,29-Sep,30-Sep,1-Oct,2-Oct,26-Sep,27-Sep,28-Sep,29-Sep,30-Sep,1-Oct,2-Oct,2,7,0
Konkan,Palghar,Palghar,Palghar,Mokhada,20028070,"MOKHADA TALUKA 58 VILLAGES R.R.W.S. SCHEME, TAL -MOKHADA",Aase,1765,1,1.22,0.31,0.50,0.57,0.77,0.03,1.22,68.85,17.57,28.14,32.54,43.75,1.50,69.12,26-Sep,27-Sep,28-Sep,29-Sep,30-Sep,1-Oct,2-Oct,26-Sep,27-Sep,28-Sep,29-Sep,30-Sep,1-Oct,2-Oct,0,5,2
Konkan,Palghar,Palghar,Palghar,Dahanu,4918426,BADA POKHARAN RETROFITTING RPWSS,Chandigaon,1352,1,0.00,1.83,0.00,0.86,1.87,2.10,1.80,0.00,135.54,0.00,63.56,138.23,155.40,132.82,26-Sep,27-Sep,28-Sep,29-Sep,30-Sep,1-Oct,2-Oct,26-Sep,27-Sep,28-Sep,29-Sep,30-Sep,1-Oct,2-Oct,2,2,5
Konkan,Thane,Thane,Palghar,Dahanu,20047871, Modgaon & Tornipada RWSS,Navapada,812,1,0.00,0.00,0.00,0.00,0.00,0.00,0.00,0.00,0.00,0.00,0.00,0.00,0.00,0.00,26-Sep,27-Sep,28-Sep,29-Sep,30-Sep,1-Oct,2-Oct,26-Sep,27-Sep,28-Sep,29-Sep,30-Sep,1-Oct,2-Oct,7,7,0
Konkan,Palghar,Palghar,Palghar,Dahanu,4918426,BADA POKHARAN RETROFITTING RPWSS,Dhumket,2198,1,2.52,2.72,0.00,1.38,3.16,3.05,1.74,114.56,123.95,0.00,62.76,143.96,138.87,79.25,26-Sep,27-Sep,28-Sep,29-Sep,30-Sep,1-Oct,2-Oct,26-Sep,27-Sep,28-Sep,29-Sep,30-Sep,1-Oct,2-Oct,1,1,6
Konkan,Palghar,Palghar,Palghar,Dahanu,4918426,BADA POKHARAN RETROFITTING RPWSS,Sawarai,619,2,0.01,0.00,0.00,0.00,0.56,0.86,0.00,0.84,0.06,0.12,0.00,90.78,139.16,0.00,26-Sep,27-Sep,28-Sep,29-Sep,30-Sep,1-Oct,2-Oct,26-Sep,27-Sep,28-Sep,29-Sep,30-Sep,1-Oct,2-Oct,2,5,2
Konkan,Palghar,Palghar,Palghar,Mokhada,20028070,"MOKHADA TALUKA 58 VILLAGES R.R.W.S. SCHEME, TAL -MOKHADA",Gonde BK,1226,1,0.00,0.00,0.00,0.00,0.20,0.00,0.59,0.00,0.00,0.00,0.01,16.57,0.00,48.48,26-Sep,27-Sep,28-Sep,29-Sep,30-Sep,1-Oct,2-Oct,26-Sep,27-Sep,28-Sep,29-Sep,30-Sep,1-Oct,2-Oct,4,7,0
Konkan,Ratnagiri,Ratnagiri,Ratnagiri,Chipalun,20017771,Ovali - Kalkavane - Valoti RR WSS,Ovali,1211,1,0.00,0.00,0.00,0.00,0.00,0.00,0.00,0.00,0.00,0.00,0.00,0.00,0.00,0.00,26-Sep,27-Sep,28-Sep,29-Sep,30-Sep,1-Oct,2-Oct,26-Sep,27-Sep,28-Sep,29-Sep,30-Sep,1-Oct,2-Oct,7,7,0
Konkan,Palghar,Palghar,Palghar,Palghar,20017952,Padghe and 19 villages PWSS,Tokrepada,264,1,0.00,0.00,0.00,0.00,0.00,0.00,0.00,0.00,0.00,0.00,0.00,0.01,0.03,0.04,26-Sep,27-Sep,28-Sep,29-Sep,30-Sep,1-Oct,2-Oct,26-Sep,27-Sep,28-Sep,29-Sep,30-Sep,1-Oct,2-Oct,4,7,0
Konkan,Raigadh,Raigadh,Raigadh,Karjat,20028195,"Kadav water supply scheme, Tal. Karjat Dist. Raigad",Kadav,2490,1,0.00,0.00,0.00,0.00,0.00,0.00,0.00,0.00,0.00,0.09,0.01,0.00,0.00,0.00,26-Sep,27-Sep,28-Sep,29-Sep,30-Sep,1-Oct,2-Oct,26-Sep,27-Sep,28-Sep,29-Sep,30-Sep,1-Oct,2-Oct,5,7,0
Konkan,Palghar,Palghar,Palghar,Dahanu,4918426,BADA POKHARAN RETROFITTING RPWSS,Asangaon Dandipada,688,2,0.97,4.83,0.07,0.19,1.62,3.14,4.20,141.13,701.54,10.25,27.47,235.74,455.75,610.25,26-Sep,27-Sep,28-Sep,29-Sep,30-Sep,1-Oct,2-Oct,26-Sep,27-Sep,28-Sep,29-Sep,30-Sep,1-Oct,2-Oct,0,2,5
Konkan,Palghar,Palghar,Palghar,Dahanu,4918426,BADA POKHARAN RETROFITTING RPWSS,Vangaon,7617,4,0.00,1.27,0.00,1.36,1.28,1.33,1.26,0.00,16.62,0.00,17.85,16.85,17.40,16.53,26-Sep,27-Sep,28-Sep,29-Sep,30-Sep,1-Oct,2-Oct,26-Sep,27-Sep,28-Sep,29-Sep,30-Sep,1-Oct,2-Oct,2,7,0
Konkan,Raigadh,Raigadh,Raigadh,Mangaon,20028626,"Warak Kushade Water Supply Scheme tal- Mnagaon, Dist-Raigad",Vighavli,816,1,0.00,0.00,0.00,0.00,0.00,0.00,0.00,0.00,0.00,0.07,0.02,0.00,0.00,0.00,26-Sep,27-Sep,28-Sep,29-Sep,30-Sep,1-Oct,2-Oct,26-Sep,27-Sep,28-Sep,29-Sep,30-Sep,1-Oct,2-Oct,5,7,0
Konkan,Ratnagiri,Ratnagiri,Ratnagiri,Chipalun,20017771,Ovali - Kalkavane - Valoti RR WSS,Kalkavane,900,4,0.00,0.00,0.00,0.00,0.00,0.00,0.00,0.00,0.00,0.00,0.00,0.00,0.00,0.00,26-Sep,27-Sep,28-Sep,29-Sep,30-Sep,1-Oct,2-Oct,26-Sep,27-Sep,28-Sep,29-Sep,30-Sep,1-Oct,2-Oct,7,7,0
Konkan,Thane,Thane,Palghar,Dahanu,20047871, Modgaon & Tornipada RWSS,Andherpada,1320,1,0.00,0.00,0.00,0.00,0.00,0.00,0.00,0.00,0.00,0.00,0.00,0.08,0.00,0.00,26-Sep,27-Sep,28-Sep,29-Sep,30-Sep,1-Oct,2-Oct,26-Sep,27-Sep,28-Sep,29-Sep,30-Sep,1-Oct,2-Oct,6,7,0
Konkan,Palghar,Palghar,Palghar,Mokhada,20028070,"MOKHADA TALUKA 58 VILLAGES R.R.W.S. SCHEME, TAL -MOKHADA",Dongarwadi,542,1,0.24,0.90,0.15,2.52,0.22,0.95,0.30,44.99,166.35,27.70,464.58,40.78,174.43,55.95,26-Sep,27-Sep,28-Sep,29-Sep,30-Sep,1-Oct,2-Oct,26-Sep,27-Sep,28-Sep,29-Sep,30-Sep,1-Oct,2-Oct,0,3,4
Konkan,Palghar,Palghar,Palghar,Dahanu,4918426,BADA POKHARAN RETROFITTING RPWSS,Bada Pokharan,1971,1,0.00,0.00,0.00,0.00,0.00,0.00,0.00,0.00,0.00,0.00,0.00,0.00,0.00,0.00,26-Sep,27-Sep,28-Sep,29-Sep,30-Sep,1-Oct,2-Oct,26-Sep,27-Sep,28-Sep,29-Sep,30-Sep,1-Oct,2-Oct,7,7,0
Konkan,Palghar,Palghar,Palghar,Mokhada,20028070,"MOKHADA TALUKA 58 VILLAGES R.R.W.S. SCHEME, TAL -MOKHADA",Nilmati,855,1,0.41,0.30,0.40,0.22,0.41,0.27,0.19,48.48,35.50,46.98,26.16,48.37,31.25,21.88,26-Sep,27-Sep,28-Sep,29-Sep,30-Sep,1-Oct,2-Oct,26-Sep,27-Sep,28-Sep,29-Sep,30-Sep,1-Oct,2-Oct,0,7,0
Konkan,Panvel,Raigadh,Mangaon,Pen,20020563,Shahapada 38 Villages,Shirki,2237,1,0.00,0.00,0.00,0.00,0.00,0.00,0.00,0.00,0.00,0.00,0.00,0.00,0.00,0.00,26-Sep,27-Sep,28-Sep,29-Sep,30-Sep,1-Oct,2-Oct,26-Sep,27-Sep,28-Sep,29-Sep,30-Sep,1-Oct,2-Oct,7,7,0
Konkan,Palghar,Palghar,Palghar,Mokhada,20028070,"MOKHADA TALUKA 58 VILLAGES R.R.W.S. SCHEME, TAL -MOKHADA",Dolhare,2106,2,0.00,0.00,0.00,0.00,0.00,0.00,0.00,0.00,0.00,0.00,0.00,0.00,0.00,0.01,26-Sep,27-Sep,28-Sep,29-Sep,30-Sep,1-Oct,2-Oct,26-Sep,27-Sep,28-Sep,29-Sep,30-Sep,1-Oct,2-Oct,6,7,0
Konkan,Thane,Thane,Palghar,Dahanu,20047871, Modgaon & Tornipada RWSS,Janasawarpada,241,1,0.00,0.00,0.13,0.00,0.00,0.45,0.59,0.00,0.00,52.28,0.00,0.00,185.74,244.22,26-Sep,27-Sep,28-Sep,29-Sep,30-Sep,1-Oct,2-Oct,26-Sep,27-Sep,28-Sep,29-Sep,30-Sep,1-Oct,2-Oct,4,5,2
Konkan,Thane,Thane,Thane,Kalyan,20092478,Retrofiting of Gotheghar Dahisar R.R. Water Supply Scheme,Bale,2236,1,0.00,0.00,0.00,0.00,0.00,0.00,0.00,0.00,0.00,0.00,0.00,0.00,0.00,0.00,26-Sep,27-Sep,28-Sep,29-Sep,30-Sep,1-Oct,2-Oct,26-Sep,27-Sep,28-Sep,29-Sep,30-Sep,1-Oct,2-Oct,7,7,0
Konkan,Palghar,Palghar,Palghar,Mokhada,20028070,"MOKHADA TALUKA 58 VILLAGES R.R.W.S. SCHEME, TAL -MOKHADA",Wakadpada,632,1,0.52,0.25,0.00,0.23,1.89,3.40,7.70,82.54,39.06,0.02,36.20,298.58,537.24,1218.75,26-Sep,27-Sep,28-Sep,29-Sep,30-Sep,1-Oct,2-Oct,26-Sep,27-Sep,28-Sep,29-Sep,30-Sep,1-Oct,2-Oct,0,3,4
Konkan,Palghar,Palghar,Palghar,Dahanu,4918426,BADA POKHARAN RETROFITTING RPWSS,Bavade,545,1,0.27,1.51,0.00,0.69,0.45,0.46,0.24,49.00,276.37,0.18,126.84,82.09,85.22,44.29,26-Sep,27-Sep,28-Sep,29-Sep,30-Sep,1-Oct,2-Oct,26-Sep,27-Sep,28-Sep,29-Sep,30-Sep,1-Oct,2-Oct,0,3,4
Konkan,Palghar,Palghar,Palghar,Mokhada,20028070,"MOKHADA TALUKA 58 VILLAGES R.R.W.S. SCHEME, TAL -MOKHADA",Pardhyachimet Poshera,435,1,0.00,0.00,0.00,0.00,0.00,0.00,0.00,0.00,0.00,0.00,0.00,0.00,0.00,0.00,26-Sep,27-Sep,28-Sep,29-Sep,30-Sep,1-Oct,2-Oct,26-Sep,27-Sep,28-Sep,29-Sep,30-Sep,1-Oct,2-Oct,7,7,0
Konkan,Palghar,Palghar,Palghar,Dahanu,4918426,BADA POKHARAN RETROFITTING RPWSS,Wadhwan,1278,1,0.00,0.00,0.00,0.00,0.00,0.00,0.00,0.00,0.00,0.00,0.00,0.00,0.00,0.00,26-Sep,27-Sep,28-Sep,29-Sep,30-Sep,1-Oct,2-Oct,26-Sep,27-Sep,28-Sep,29-Sep,30-Sep,1-Oct,2-Oct,7,7,0
Konkan,Palghar,Palghar,Palghar,Mokhada,20028070,"MOKHADA TALUKA 58 VILLAGES R.R.W.S. SCHEME, TAL -MOKHADA",Nashera,1611,3,0.00,0.00,0.00,0.00,0.00,0.00,0.00,0.00,0.00,0.00,0.00,0.00,0.00,0.00,26-Sep,27-Sep,28-Sep,29-Sep,30-Sep,1-Oct,2-Oct,26-Sep,27-Sep,28-Sep,29-Sep,30-Sep,1-Oct,2-Oct,7,7,0
Konkan,Palghar,Palghar,Palghar,Dahanu,4918426,BADA POKHARAN RETROFITTING RPWSS,Vasgaon,1396,1,0.30,0.00,0.00,0.00,1.21,1.39,0.50,21.84,0.00,0.00,0.00,86.64,99.25,35.72,26-Sep,27-Sep,28-Sep,29-Sep,30-Sep,1-Oct,2-Oct,26-Sep,27-Sep,28-Sep,29-Sep,30-Sep,1-Oct,2-Oct,3,5,2
Konkan,Palghar,Palghar,Palghar,Mokhada,20028070,"MOKHADA TALUKA 58 VILLAGES R.R.W.S. SCHEME, TAL -MOKHADA",Sayade,541,2,0.81,0.00,0.00,0.00,0.49,0.64,0.00,149.54,0.00,0.00,0.07,90.68,118.62,0.00,26-Sep,27-Sep,28-Sep,29-Sep,30-Sep,1-Oct,2-Oct,26-Sep,27-Sep,28-Sep,29-Sep,30-Sep,1-Oct,2-Oct,3,4,3
Konkan,Palghar,Palghar,Palghar,Mokhada,20028070,"MOKHADA TALUKA 58 VILLAGES R.R.W.S. SCHEME, TAL -MOKHADA",Udhale,1819,2,2.50,1.59,0.00,1.50,1.74,2.72,0.03,137.69,87.51,0.00,82.65,95.48,149.56,1.74,26-Sep,27-Sep,28-Sep,29-Sep,30-Sep,1-Oct,2-Oct,26-Sep,27-Sep,28-Sep,29-Sep,30-Sep,1-Oct,2-Oct,1,2,5
Konkan,Palghar,Palghar,Palghar,Mokhada,20028070,"MOKHADA TALUKA 58 VILLAGES R.R.W.S. SCHEME, TAL -MOKHADA",Dandwal,446,1,0.00,0.00,0.00,0.00,0.00,0.00,0.00,0.00,0.00,0.00,0.01,0.00,0.00,0.00,26-Sep,27-Sep,28-Sep,29-Sep,30-Sep,1-Oct,2-Oct,26-Sep,27-Sep,28-Sep,29-Sep,30-Sep,1-Oct,2-Oct,6,7,0
Konkan,Palghar,Palghar,Palghar,Mokhada,20028070,"MOKHADA TALUKA 58 VILLAGES R.R.W.S. SCHEME, TAL -MOKHADA",Saturly,1664,1,1.79,0.00,1.83,0.00,0.21,0.10,0.00,107.34,0.00,110.27,0.00,12.86,5.88,0.00,26-Sep,27-Sep,28-Sep,29-Sep,30-Sep,1-Oct,2-Oct,26-Sep,27-Sep,28-Sep,29-Sep,30-Sep,1-Oct,2-Oct,3,5,2
Konkan,Palghar,Palghar,Palghar,Mokhada,20028070,"MOKHADA TALUKA 58 VILLAGES R.R.W.S. SCHEME, TAL -MOKHADA",Vashind,671,1,0.37,0.31,0.00,0.25,0.00,0.13,0.14,55.63,46.59,0.00,36.83,0.00,20.11,21.55,26-Sep,27-Sep,28-Sep,29-Sep,30-Sep,1-Oct,2-Oct,26-Sep,27-Sep,28-Sep,29-Sep,30-Sep,1-Oct,2-Oct,2,6,1
Konkan,Palghar,Palghar,Palghar,Mokhada,20028070,"MOKHADA TALUKA 58 VILLAGES R.R.W.S. SCHEME, TAL -MOKHADA",Ghodichapada Sakhari,275,1,0.00,0.00,0.00,0.00,0.00,0.00,0.00,0.00,0.01,0.09,0.04,0.05,0.00,0.00,26-Sep,27-Sep,28-Sep,29-Sep,30-Sep,1-Oct,2-Oct,26-Sep,27-Sep,28-Sep,29-Sep,30-Sep,1-Oct,2-Oct,3,7,0
Konkan,Palghar,Palghar,Palghar,Dahanu,4918426,BADA POKHARAN RETROFITTING RPWSS,Tighare ada,1012,1,0.00,0.00,0.00,0.00,0.00,0.00,0.00,0.00,0.00,0.00,0.00,0.00,0.00,0.00,26-Sep,27-Sep,28-Sep,29-Sep,30-Sep,1-Oct,2-Oct,26-Sep,27-Sep,28-Sep,29-Sep,30-Sep,1-Oct,2-Oct,7,7,0
Konkan,Palghar,Palghar,Palghar,Mokhada,20028070,"MOKHADA TALUKA 58 VILLAGES R.R.W.S. SCHEME, TAL -MOKHADA",Gomghar,200,1,0.12,0.39,0.00,0.85,0.10,1.12,0.00,59.52,196.36,0.00,424.35,51.06,560.73,0.00,26-Sep,27-Sep,28-Sep,29-Sep,30-Sep,1-Oct,2-Oct,26-Sep,27-Sep,28-Sep,29-Sep,30-Sep,1-Oct,2-Oct,2,3,4
Konkan,Palghar,Palghar,Palghar,Dahanu,4918426,BADA POKHARAN RETROFITTING RPWSS,Matgaon,1282,2,2.21,1.02,0.37,0.20,1.08,5.18,0.29,172.59,79.91,28.64,15.87,84.23,404.16,22.55,26-Sep,27-Sep,28-Sep,29-Sep,30-Sep,1-Oct,2-Oct,26-Sep,27-Sep,28-Sep,29-Sep,30-Sep,1-Oct,2-Oct,0,3,4
Konkan,Palghar,Palghar,Palghar,Mokhada,20028070,"MOKHADA TALUKA 58 VILLAGES R.R.W.S. SCHEME, TAL -MOKHADA",Pawarpada Poshera,679,1,0.13,0.10,0.00,0.00,1.86,1.48,0.00,18.95,14.27,0.00,0.00,273.48,218.25,0.14,26-Sep,27-Sep,28-Sep,29-Sep,30-Sep,1-Oct,2-Oct,26-Sep,27-Sep,28-Sep,29-Sep,30-Sep,1-Oct,2-Oct,2,5,2
Konkan,Palghar,Palghar,Palghar,Mokhada,20028070,"MOKHADA TALUKA 58 VILLAGES R.R.W.S. SCHEME, TAL -MOKHADA",Telu Umbarpada,789,1,0.05,0.36,0.00,0.00,0.00,0.49,0.00,5.80,45.81,0.00,0.01,0.21,62.37,0.04,26-Sep,27-Sep,28-Sep,29-Sep,30-Sep,1-Oct,2-Oct,26-Sep,27-Sep,28-Sep,29-Sep,30-Sep,1-Oct,2-Oct,1,6,1
Konkan,Ratnagiri,Ratnagiri,Ratnagiri,Chipalun,20017771,Ovali - Kalkavane - Valoti RR WSS,Dadar,330,1,0.00,0.00,0.00,0.00,0.00,0.00,0.00,0.00,0.02,0.01,0.01,0.05,0.00,0.00,26-Sep,27-Sep,28-Sep,29-Sep,30-Sep,1-Oct,2-Oct,26-Sep,27-Sep,28-Sep,29-Sep,30-Sep,1-Oct,2-Oct,3,7,0
Konkan,Palghar,Palghar,Palghar,Dahanu,4918426,BADA POKHARAN RETROFITTING RPWSS,Tarapur,6238,1,0.00,0.00,0.00,0.00,0.00,0.00,0.00,0.00,0.00,0.00,0.00,0.00,0.00,0.00,26-Sep,27-Sep,28-Sep,29-Sep,30-Sep,1-Oct,2-Oct,26-Sep,27-Sep,28-Sep,29-Sep,30-Sep,1-Oct,2-Oct,7,7,0
Konkan,Palghar,Palghar,Palghar,Dahanu,4918426,BADA POKHARAN RETROFITTING RPWSS,Kambode,300,2,0.43,1.90,0.00,0.00,1.97,2.07,0.00,143.15,634.75,0.00,0.02,658.29,688.72,0.00,26-Sep,27-Sep,28-Sep,29-Sep,30-Sep,1-Oct,2-Oct,26-Sep,27-Sep,28-Sep,29-Sep,30-Sep,1-Oct,2-Oct,2,3,4
Konkan,Palghar,Palghar,Palghar,Dahanu,4918426,BADA POKHARAN RETROFITTING RPWSS,Dedale,149,1,0.00,0.00,0.00,0.00,0.00,0.00,0.00,0.00,0.00,0.00,0.00,0.00,0.00,0.00,26-Sep,27-Sep,28-Sep,29-Sep,30-Sep,1-Oct,2-Oct,26-Sep,27-Sep,28-Sep,29-Sep,30-Sep,1-Oct,2-Oct,7,7,0
Konkan,Panvel,Raigadh,Mangaon,Pen,20020563,Shahapada 38 Villages,Washinaka,2224,1,0.00,0.00,0.00,0.00,0.00,0.00,0.00,0.00,0.07,0.00,0.04,0.06,0.08,0.00,26-Sep,27-Sep,28-Sep,29-Sep,30-Sep,1-Oct,2-Oct,26-Sep,27-Sep,28-Sep,29-Sep,30-Sep,1-Oct,2-Oct,3,7,0
