Amravati,Amravati,Amravati,Amravati - 2,Amravati,20029977,Bhankhed & 8 Village RRWSS,Kastura,441,1,0.39,0.79,0.54,0.39,1.33,0.00,0.45,87.97,178.60,123.47,88.80,301.74,0.00,102.13,15-Sep,16-Sep,17-Sep,18-Sep,19-Sep,20-Sep,21-Sep,15-Sep,16-Sep,17-Sep,18-Sep,19-Sep,20-Sep,21-Sep,1,1,6
Amravati,Amravati,Amravati,Amravati - 2,Nandgaon Khandeshwar,20030263,Dhanora Gurav & 8 Villages RRWS,Pusner,441,1,0.00,0.00,0.00,0.00,0.00,0.00,0.00,0.00,0.00,0.00,0.00,0.00,0.00,0.00,15-Sep,16-Sep,17-Sep,18-Sep,19-Sep,20-Sep,21-Sep,15-Sep,16-Sep,17-Sep,18-Sep,19-Sep,20-Sep,21-Sep,7,7,0
Amravati,Amravati,Amravati,Achalpur,Achalpur_Chandur Bazar,7945938,83 Village RRWS Scheme MJP RR (C 39),Aregaon,158,1,0.00,0.00,0.00,0.00,0.00,0.00,0.00,0.00,0.00,0.00,0.00,0.00,0.00,0.00,15-Sep,16-Sep,17-Sep,18-Sep,19-Sep,20-Sep,21-Sep,15-Sep,16-Sep,17-Sep,18-Sep,19-Sep,20-Sep,21-Sep,7,7,0
Amravati,Akola,Buldhana,Khamgaon,Nandura,4104783,Hingne Gavhad & 13 Villages RRWSS,Hingne Gawad,2139,1,0.00,0.00,0.56,0.47,0.50,0.79,0.61,0.00,0.00,26.04,22.10,23.45,36.98,28.50,15-Sep,16-Sep,17-Sep,18-Sep,19-Sep,20-Sep,21-Sep,15-Sep,16-Sep,17-Sep,18-Sep,19-Sep,20-Sep,21-Sep,2,7,0
Amravati,Amravati,Amravati W.M,W.M.Amravati - 2,Chandur Bazar_Achalpur_Amravati_Bhatkuli,20003791,105 Villages RRWSS,Shirala,10390,4,3.63,3.86,3.92,3.49,3.77,3.48,3.79,34.94,37.15,37.73,33.59,36.28,33.49,36.48,15-Sep,16-Sep,17-Sep,18-Sep,19-Sep,20-Sep,21-Sep,15-Sep,16-Sep,17-Sep,18-Sep,19-Sep,20-Sep,21-Sep,0,7,0
Amravati,Akola,Akola,Akola,Akola,20039455,Khambora 4 VRRWSS Tq. & Dist. Akola,Sukali,1195,2,1.31,1.00,0.93,0.84,0.98,0.87,1.26,109.71,83.68,78.17,70.70,81.89,73.07,105.39,15-Sep,16-Sep,17-Sep,18-Sep,19-Sep,20-Sep,21-Sep,15-Sep,16-Sep,17-Sep,18-Sep,19-Sep,20-Sep,21-Sep,0,0,7
Amravati,Akola,Buldhana,Khamgaon,Khamgaon,20090947,Lakhanwada & 21 villages RRWSS,Wahala,640,2,0.00,0.00,0.00,0.00,0.98,0.00,0.00,0.00,0.00,0.00,0.00,0.00,0.00,0.00,15-Sep,16-Sep,17-Sep,18-Sep,19-Sep,20-Sep,21-Sep,15-Sep,16-Sep,17-Sep,18-Sep,19-Sep,20-Sep,21-Sep,7,7,0
Amravati,Akola,Buldhana,Khamgaon,Nandura,20028083,Wadali & 8 Villages RRWSS,Wadali,1192,2,0.00,0.00,0.00,0.00,0.00,0.00,0.00,0.00,0.00,0.00,0.00,0.00,0.00,0.00,15-Sep,16-Sep,17-Sep,18-Sep,19-Sep,20-Sep,21-Sep,15-Sep,16-Sep,17-Sep,18-Sep,19-Sep,20-Sep,21-Sep,7,7,0
Amravati,Akola,Akola,Akola,Telhara_Akola,20028565,"Akot 84 VRRWSS Tq. Akola, Akot & Telhara Dist. Akola",Mundgaon,7199,2,0.29,15.86,0.00,0.00,9.43,9.74,0.00,4.04,220.31,0.00,0.00,131.00,135.25,0.00,15-Sep,16-Sep,17-Sep,18-Sep,19-Sep,20-Sep,21-Sep,15-Sep,16-Sep,17-Sep,18-Sep,19-Sep,20-Sep,21-Sep,3,4,3
Amravati,Akola,Buldhana,Buldhana,Motala,20027978,Dhamangaon Deshmukh & 9 Villages RRWSS,Ramgaon Tanda,475,2,0.00,0.00,0.00,0.00,1.10,0.00,0.00,0.00,0.00,0.00,0.00,231.58,0.00,0.00,15-Sep,16-Sep,17-Sep,18-Sep,19-Sep,20-Sep,21-Sep,15-Sep,16-Sep,17-Sep,18-Sep,19-Sep,20-Sep,21-Sep,6,6,1
Amravati,Amravati,Amravati,Achalpur,Achalpur_Chandur Bazar,7945938,83 Village RRWS Scheme MJP RR (C 39),Wadgaon Fattepur,855,3,2.54,2.51,2.57,1.89,3.20,3.02,1.27,297.08,293.57,300.58,221.05,374.27,353.22,148.54,15-Sep,16-Sep,17-Sep,18-Sep,19-Sep,20-Sep,21-Sep,15-Sep,16-Sep,17-Sep,18-Sep,19-Sep,20-Sep,21-Sep,0,0,7
Amravati,Amravati,Amravati,Achalpur,Achalpur_Chandur Bazar,7945938,83 Village RRWS Scheme MJP RR (C 39),Khel Choudhar,1350,1,3.80,5.55,6.25,5.47,7.11,5.76,7.30,281.44,411.39,462.79,405.20,526.77,426.70,540.46,15-Sep,16-Sep,17-Sep,18-Sep,19-Sep,20-Sep,21-Sep,15-Sep,16-Sep,17-Sep,18-Sep,19-Sep,20-Sep,21-Sep,0,0,7
Amravati,Amravati,Amravati,Amravati - 2,Amravati_Morshi_Tiwasa,20017838,Nandgaon Peth & 32 Villages,kekatpur,1798,3,0.91,2.39,2.39,2.83,2.50,2.61,1.64,50.41,132.88,132.72,157.33,139.19,145.24,91.02,15-Sep,16-Sep,17-Sep,18-Sep,19-Sep,20-Sep,21-Sep,15-Sep,16-Sep,17-Sep,18-Sep,19-Sep,20-Sep,21-Sep,0,1,6
Amravati,Akola,Buldhana,Khamgaon,Shegaon,20013865,Chincholi & 30 Villages RRWSS,Shirasgaon Nile,733,2,0.00,2.09,0.65,0.83,2.06,0.00,1.19,0.00,285.77,88.68,112.91,280.46,0.00,162.26,15-Sep,16-Sep,17-Sep,18-Sep,19-Sep,20-Sep,21-Sep,15-Sep,16-Sep,17-Sep,18-Sep,19-Sep,20-Sep,21-Sep,2,2,5
Amravati,Amravati,Amravati,Amravati - 2,Nandgaon Khandeshwar,20029922,Chandsura & 9 Villages RRWS,Morgaon,932,2,0.77,0.75,0.67,0.73,0.83,0.71,0.91,82.45,80.90,72.14,78.25,89.53,76.27,97.14,15-Sep,16-Sep,17-Sep,18-Sep,19-Sep,20-Sep,21-Sep,15-Sep,16-Sep,17-Sep,18-Sep,19-Sep,20-Sep,21-Sep,0,0,7
Amravati,Amravati,Amravati,Amravati - 2,Nandgaon Khandeshwar,20029975,Mangrul Chavhala & 8 Villages RRWS,Kani Mirzapur,1030,1,0.87,0.81,0.83,0.82,0.87,0.76,0.93,84.94,78.49,80.84,79.20,84.81,73.53,90.04,15-Sep,16-Sep,17-Sep,18-Sep,19-Sep,20-Sep,21-Sep,15-Sep,16-Sep,17-Sep,18-Sep,19-Sep,20-Sep,21-Sep,0,0,7
Amravati,Amravati,Amravati,Chandur Bazar,Morshi,20029439,Charghad 23 Villages RRWS Under Charghad Project,Ambada,10162,3,0.00,0.00,0.00,0.00,1.72,0.00,0.00,0.00,0.00,0.00,0.00,0.00,0.00,0.00,15-Sep,16-Sep,17-Sep,18-Sep,19-Sep,20-Sep,21-Sep,15-Sep,16-Sep,17-Sep,18-Sep,19-Sep,20-Sep,21-Sep,7,7,0
Amravati,Amravati,Amravati,Amravati - 2,Nandgaon Khandeshwar,20029975,Mangrul Chavhala & 8 Villages RRWS,Shivra,1465,2,0.12,0.89,0.00,0.16,1.49,1.13,0.18,8.14,60.78,0.00,10.81,101.39,76.86,12.03,15-Sep,16-Sep,17-Sep,18-Sep,19-Sep,20-Sep,21-Sep,15-Sep,16-Sep,17-Sep,18-Sep,19-Sep,20-Sep,21-Sep,1,4,3
Amravati,Amravati,Amravati W.M,W.M.Amravati - 2,Chandur Bazar_Achalpur_Amravati_Bhatkuli,20003791,105 Villages RRWSS,Chinchkheda,1185,1,0.89,1.02,0.83,1.05,0.76,0.74,1.17,75.11,86.08,70.04,88.61,64.14,62.45,98.73,15-Sep,16-Sep,17-Sep,18-Sep,19-Sep,20-Sep,21-Sep,15-Sep,16-Sep,17-Sep,18-Sep,19-Sep,20-Sep,21-Sep,0,0,7
Amravati,Amravati,Amravati,Amravati - 2,Amravati_Morshi_Tiwasa,20017838,Nandgaon Peth & 32 Villages,Sawardi,1138,3,,,,,,,,,,,,,,,15-Sep,16-Sep,17-Sep,18-Sep,19-Sep,20-Sep,21-Sep,15-Sep,16-Sep,17-Sep,18-Sep,19-Sep,20-Sep,21-Sep,0,0,0
Amravati,Akola,Akola,Akola,Telhara_Akola,20028565,"Akot 84 VRRWSS Tq. Akola, Akot & Telhara Dist. Akola",Wani,373,1,0.92,0.00,0.00,0.00,0.00,3.17,1.47,246.65,0.00,0.00,0.00,0.00,849.87,394.10,15-Sep,16-Sep,17-Sep,18-Sep,19-Sep,20-Sep,21-Sep,15-Sep,16-Sep,17-Sep,18-Sep,19-Sep,20-Sep,21-Sep,4,4,3
Amravati,Akola,Akola,Akola,Telhara_Akola,20028565,"Akot 84 VRRWSS Tq. Akola, Akot & Telhara Dist. Akola",Kutasa,5446,2,1.20,0.00,1.51,0.00,0.00,10.33,0.62,22.03,0.00,27.73,0.00,0.00,189.68,11.45,15-Sep,16-Sep,17-Sep,18-Sep,19-Sep,20-Sep,21-Sep,15-Sep,16-Sep,17-Sep,18-Sep,19-Sep,20-Sep,21-Sep,3,6,1
Amravati,Amravati,Amravati,Achalpur,Achalpur_Chandur Bazar,7945938,83 Village RRWS Scheme MJP RR (C 39),Tondgaon,560,3,0.00,1.86,0.00,1.83,0.00,1.95,0.00,0.00,332.14,0.00,326.79,0.00,348.21,0.00,15-Sep,16-Sep,17-Sep,18-Sep,19-Sep,20-Sep,21-Sep,15-Sep,16-Sep,17-Sep,18-Sep,19-Sep,20-Sep,21-Sep,4,4,3
Amravati,Akola,Buldhana,Buldhana,Motala,20028065,Pophali & 3 Villages RRWSS,Dhonkhed,970,2,0.63,0.00,0.00,0.36,0.51,0.16,0.30,64.95,0.00,0.00,37.11,52.58,16.49,30.93,15-Sep,16-Sep,17-Sep,18-Sep,19-Sep,20-Sep,21-Sep,15-Sep,16-Sep,17-Sep,18-Sep,19-Sep,20-Sep,21-Sep,2,6,1
Amravati,Amravati,Amravati,Amravati - 2,Amravati,20029977,Bhankhed & 8 Village RRWSS,Bhankheda Bk.,1595,2,0.00,0.00,0.00,0.76,0.00,0.00,0.91,0.00,0.03,0.01,47.36,0.00,0.09,57.00,15-Sep,16-Sep,17-Sep,18-Sep,19-Sep,20-Sep,21-Sep,15-Sep,16-Sep,17-Sep,18-Sep,19-Sep,20-Sep,21-Sep,2,6,1
Amravati,Amravati,Amravati W.M,W.M.Amravati - 2,Chandur Bazar_Achalpur_Amravati_Bhatkuli,20003791,105 Villages RRWSS,Dhamori,737,3,29.15,38.30,44.20,37.08,44.99,38.44,40.58,3955.86,5196.07,5997.69,5031.43,6103.92,5216.08,5505.76,15-Sep,16-Sep,17-Sep,18-Sep,19-Sep,20-Sep,21-Sep,15-Sep,16-Sep,17-Sep,18-Sep,19-Sep,20-Sep,21-Sep,0,0,7
Amravati,Amravati,Amravati,Chandur Bazar,Chandur Bazar,20027511,"19 Villages RRWSS, Ta. Chandur Bazaar",Sonori Sultanpur,2399,2,0.00,0.00,0.00,0.00,0.00,0.00,0.00,0.00,0.00,0.00,0.00,0.00,0.00,0.00,15-Sep,16-Sep,17-Sep,18-Sep,19-Sep,20-Sep,21-Sep,15-Sep,16-Sep,17-Sep,18-Sep,19-Sep,20-Sep,21-Sep,7,7,0
Amravati,Amravati,Amravati W.M,W.M.Amravati - 2,Chandur Bazar_Achalpur_Amravati_Bhatkuli,20003791,105 Villages RRWSS,Khanapur,681,2,0.34,0.20,0.47,0.32,0.16,0.45,0.23,49.93,29.37,69.02,46.99,23.49,66.08,33.77,15-Sep,16-Sep,17-Sep,18-Sep,19-Sep,20-Sep,21-Sep,15-Sep,16-Sep,17-Sep,18-Sep,19-Sep,20-Sep,21-Sep,0,5,2
Amravati,Amravati,Amravati,Chandur Bazar,Morshi,20029439,Charghad 23 Villages RRWS Under Charghad Project,Bhivkundi,1071,2,0.00,0.00,0.00,0.00,0.42,0.41,0.41,0.00,0.00,0.00,0.00,0.00,0.00,0.00,15-Sep,16-Sep,17-Sep,18-Sep,19-Sep,20-Sep,21-Sep,15-Sep,16-Sep,17-Sep,18-Sep,19-Sep,20-Sep,21-Sep,7,7,0
Amravati,Amravati,Yavatmal,Pusad,Pusad,20018633,Jawala 13 Villages RR PWS,Dudhagiri,1143,1,0.00,0.00,0.00,0.00,0.00,0.00,0.00,0.00,0.00,0.00,0.00,0.00,0.00,0.00,15-Sep,16-Sep,17-Sep,18-Sep,19-Sep,20-Sep,21-Sep,15-Sep,16-Sep,17-Sep,18-Sep,19-Sep,20-Sep,21-Sep,7,7,0
Amravati,Akola,Buldhana,Buldhana,Motala,20027978,Dhamangaon Deshmukh & 9 Villages RRWSS,Bhangi Tanda,398,1,0.00,0.00,0.00,0.00,0.00,0.00,0.00,0.00,0.00,0.00,0.00,0.00,0.00,0.00,15-Sep,16-Sep,17-Sep,18-Sep,19-Sep,20-Sep,21-Sep,15-Sep,16-Sep,17-Sep,18-Sep,19-Sep,20-Sep,21-Sep,7,7,0
Amravati,Akola,Akola,Akola,Akot_Telhara,20028420,Popatkhed 97 VRRWSS Tq. Akot & Telhara Dist. Akola,Somthana,626,1,0.00,0.00,0.00,0.00,0.00,0.00,0.00,0.00,0.00,0.00,0.00,0.00,0.00,0.00,15-Sep,16-Sep,17-Sep,18-Sep,19-Sep,20-Sep,21-Sep,15-Sep,16-Sep,17-Sep,18-Sep,19-Sep,20-Sep,21-Sep,7,7,0
Amravati,Amravati,Amravati W.M,W.M.Amravati - 2,Chandur Bazar_Achalpur_Amravati_Bhatkuli,20003791,105 Villages RRWSS,Saur,3880,1,1.66,1.61,1.16,1.21,1.50,1.47,1.26,42.78,41.49,29.90,31.19,38.66,37.89,32.47,15-Sep,16-Sep,17-Sep,18-Sep,19-Sep,20-Sep,21-Sep,15-Sep,16-Sep,17-Sep,18-Sep,19-Sep,20-Sep,21-Sep,0,7,0
Amravati,Amravati,Amravati W.M,W.M.Amravati - 2,Chandur Bazar_Achalpur_Amravati_Bhatkuli,20003791,105 Villages RRWSS,Krishnapur,1029,1,1.76,1.57,1.53,1.39,1.58,1.42,1.47,171.04,152.58,148.69,135.08,153.55,138.00,142.86,15-Sep,16-Sep,17-Sep,18-Sep,19-Sep,20-Sep,21-Sep,15-Sep,16-Sep,17-Sep,18-Sep,19-Sep,20-Sep,21-Sep,0,0,7
Amravati,Akola,Akola,Akola,Akot_Telhara,20028420,Popatkhed 97 VRRWSS Tq. Akot & Telhara Dist. Akola,Shahapur Pr. Rupagad,1093,2,0.00,0.00,0.00,0.00,0.00,0.00,0.00,0.00,0.00,0.00,0.00,0.00,0.00,0.00,15-Sep,16-Sep,17-Sep,18-Sep,19-Sep,20-Sep,21-Sep,15-Sep,16-Sep,17-Sep,18-Sep,19-Sep,20-Sep,21-Sep,7,7,0
Nagpur,Akola,Akola,Akola,Telhara_Akola,20028565,"Akot 84 VRRWSS Tq. Akola, Akot & Telhara Dist. Akola",Chotta Bazar,5151,4,0.06,0.09,0.00,0.00,0.00,0.00,0.00,1.16,1.75,0.00,0.00,0.00,0.00,0.00,15-Sep,16-Sep,17-Sep,18-Sep,19-Sep,20-Sep,21-Sep,15-Sep,16-Sep,17-Sep,18-Sep,19-Sep,20-Sep,21-Sep,5,7,0
Nagpur,Akola,Akola,Akola,Telhara_Akola,20028565,"Akot 84 VRRWSS Tq. Akola, Akot & Telhara Dist. Akola",Patsul,972,1,0.00,2.94,0.00,0.03,0.05,2.30,0.02,0.00,302.47,0.00,3.09,5.14,236.63,2.06,15-Sep,16-Sep,17-Sep,18-Sep,19-Sep,20-Sep,21-Sep,15-Sep,16-Sep,17-Sep,18-Sep,19-Sep,20-Sep,21-Sep,2,5,2
Amravati,Akola,Buldhana,Khamgaon,Nandura,4104783,Hingne Gavhad & 13 Villages RRWSS,Mominabad,2356,1,1.39,0.00,0.61,0.04,1.71,1.06,0.28,58.94,0.00,25.96,1.60,72.73,45.01,11.72,15-Sep,16-Sep,17-Sep,18-Sep,19-Sep,20-Sep,21-Sep,15-Sep,16-Sep,17-Sep,18-Sep,19-Sep,20-Sep,21-Sep,1,5,2
Amravati,Akola,Buldhana,Khamgaon,Shegaon,20094779,30 Villages RRWS Tal Shegaon(C39-ZP),Zadegaon,1321,2,0.85,1.64,1.64,1.30,1.82,1.77,2.17,64.15,124.26,124.12,98.57,137.63,134.28,164.18,15-Sep,16-Sep,17-Sep,18-Sep,19-Sep,20-Sep,21-Sep,15-Sep,16-Sep,17-Sep,18-Sep,19-Sep,20-Sep,21-Sep,0,0,7
Amravati,Akola,Akola,Akola,Akola,20027951,Khambora 60 VRRWSS Tq. & Dist. Akola,Anakwadi,563,1,0.00,0.00,0.00,0.00,0.00,0.00,0.00,0.00,0.00,0.00,0.00,0.00,0.00,0.00,15-Sep,16-Sep,17-Sep,18-Sep,19-Sep,20-Sep,21-Sep,15-Sep,16-Sep,17-Sep,18-Sep,19-Sep,20-Sep,21-Sep,7,7,0
Amravati,Akola,Akola,Akola,Akot_Telhara,20028420,Popatkhed 97 VRRWSS Tq. Akot & Telhara Dist. Akola,Rambhapur,652,1,0.80,1.07,0.87,0.68,0.70,0.45,0.73,123.21,164.29,133.20,105.00,107.46,68.33,112.05,15-Sep,16-Sep,17-Sep,18-Sep,19-Sep,20-Sep,21-Sep,15-Sep,16-Sep,17-Sep,18-Sep,19-Sep,20-Sep,21-Sep,0,0,7
Amravati,Amravati,Amravati,Achalpur,Achalpur_Chandur Bazar,7945938,83 Village RRWS Scheme MJP RR (C 39),Borgaon Dori,263,1,0.35,0.36,0.86,0.86,0.96,0.97,1.06,133.08,136.88,327.00,327.00,365.02,368.82,403.04,15-Sep,16-Sep,17-Sep,18-Sep,19-Sep,20-Sep,21-Sep,15-Sep,16-Sep,17-Sep,18-Sep,19-Sep,20-Sep,21-Sep,0,0,7
Amravati,Amravati,Amravati W.M,W.M.Amravati - 2,Chandur Bazar_Achalpur_Amravati_Bhatkuli,20003791,105 Villages RRWSS,Rama,891,2,0.00,0.00,0.00,0.00,0.00,0.00,0.00,0.00,0.00,0.00,0.00,0.00,0.00,0.00,15-Sep,16-Sep,17-Sep,18-Sep,19-Sep,20-Sep,21-Sep,15-Sep,16-Sep,17-Sep,18-Sep,19-Sep,20-Sep,21-Sep,7,7,0
Amravati,Akola,Akola,Murtizapur,Murtizapur,20028330,Langhapur 50 VRRWSS Tq. Murtizapur Dist. Akola,Rajura Ghate,268,1,1.71,0.00,0.00,2.72,0.00,0.00,0.00,638.06,0.00,0.00,1014.93,0.00,0.00,0.00,15-Sep,16-Sep,17-Sep,18-Sep,19-Sep,20-Sep,21-Sep,15-Sep,16-Sep,17-Sep,18-Sep,19-Sep,20-Sep,21-Sep,5,5,2
Amravati,Akola,Akola,Akola,Balapur_Akola,20028254,Balapur 69 VRRWSS Tq. Balapur Dist. Akola,Antri Malkapur,1755,1,0.00,0.00,0.00,0.00,0.00,0.00,0.00,0.00,0.00,0.00,0.00,0.00,0.00,0.00,15-Sep,16-Sep,17-Sep,18-Sep,19-Sep,20-Sep,21-Sep,15-Sep,16-Sep,17-Sep,18-Sep,19-Sep,20-Sep,21-Sep,7,7,0
Amravati,Akola,Buldhana,Buldhana,Motala,20027978,Dhamangaon Deshmukh & 9 Villages RRWSS,Nimkhedi,850,1,0.00,0.00,0.00,0.00,0.00,0.00,0.00,0.00,0.00,0.00,0.00,0.00,0.00,0.00,15-Sep,16-Sep,17-Sep,18-Sep,19-Sep,20-Sep,21-Sep,15-Sep,16-Sep,17-Sep,18-Sep,19-Sep,20-Sep,21-Sep,7,7,0
Amravati,Amravati,Amravati,Amravati - 2,Nandgaon Khandeshwar,20029922,Chandsura & 9 Villages RRWS,Jawara,1145,2,0.96,0.99,1.02,0.88,1.13,1.07,0.36,84.26,86.17,88.82,77.17,98.55,93.75,31.80,15-Sep,16-Sep,17-Sep,18-Sep,19-Sep,20-Sep,21-Sep,15-Sep,16-Sep,17-Sep,18-Sep,19-Sep,20-Sep,21-Sep,0,1,6
Amravati,Akola,Akola,Akola,Akot_Telhara,20028420,Popatkhed 97 VRRWSS Tq. Akot & Telhara Dist. Akola,Jitapur Pr. Rupagad,256,3,0.12,0.10,0.12,0.00,0.12,0.10,0.04,48.36,37.66,48.60,0.00,48.43,38.66,15.52,15-Sep,16-Sep,17-Sep,18-Sep,19-Sep,20-Sep,21-Sep,15-Sep,16-Sep,17-Sep,18-Sep,19-Sep,20-Sep,21-Sep,1,7,0
Amravati,Amravati,Amravati,Achalpur,Achalpur,20028532,"24 Villages RRWSS, Ta. Achalpur",Rasegaon,3491,4,1.99,0.96,1.96,0.44,1.81,1.86,2.22,57.06,27.54,56.23,12.49,51.95,53.16,63.45,15-Sep,16-Sep,17-Sep,18-Sep,19-Sep,20-Sep,21-Sep,15-Sep,16-Sep,17-Sep,18-Sep,19-Sep,20-Sep,21-Sep,0,4,3
Amravati,Amravati,Amravati,Amravati - 2,Nandgaon Khandeshwar,20030287,Takli & 4 Villages RRWS,Ful Aamla,1771,2,0.00,0.00,0.00,0.00,0.00,0.00,0.00,0.00,0.00,0.00,0.00,0.00,0.00,0.00,15-Sep,16-Sep,17-Sep,18-Sep,19-Sep,20-Sep,21-Sep,15-Sep,16-Sep,17-Sep,18-Sep,19-Sep,20-Sep,21-Sep,7,7,0
Amravati,Akola,Akola,Akola,Akot_Telhara,20028420,Popatkhed 97 VRRWSS Tq. Akot & Telhara Dist. Akola,Wadali Satwai,2205,1,1.98,2.02,1.90,2.19,1.84,2.00,2.00,89.68,91.70,86.22,99.52,83.55,90.66,90.92,15-Sep,16-Sep,17-Sep,18-Sep,19-Sep,20-Sep,21-Sep,15-Sep,16-Sep,17-Sep,18-Sep,19-Sep,20-Sep,21-Sep,0,0,7
Amravati,Akola,Akola,Akola,Telhara_Akola,20028565,"Akot 84 VRRWSS Tq. Akola, Akot & Telhara Dist. Akola",Parala,1231,1,0.00,0.00,0.54,0.65,0.00,0.00,0.00,0.00,0.00,43.58,52.41,0.00,0.00,0.00,15-Sep,16-Sep,17-Sep,18-Sep,19-Sep,20-Sep,21-Sep,15-Sep,16-Sep,17-Sep,18-Sep,19-Sep,20-Sep,21-Sep,5,7,0
Amravati,Amravati,Amravati W.M,W.M.Amravati - 2,Chandur Bazar_Achalpur_Amravati_Bhatkuli,20003791,105 Villages RRWSS,Khumagad,608,1,0.78,0.01,0.60,0.00,0.83,0.00,0.82,128.29,1.64,98.68,0.00,136.51,0.00,134.87,15-Sep,16-Sep,17-Sep,18-Sep,19-Sep,20-Sep,21-Sep,15-Sep,16-Sep,17-Sep,18-Sep,19-Sep,20-Sep,21-Sep,2,3,4
Amravati,Amravati,Amravati,Amravati - 2,Amravati_Morshi_Tiwasa,20017838,Nandgaon Peth & 32 Villages,Nandgaon Peth,13366,4,0.00,0.00,0.00,0.00,7.97,8.43,7.84,0.00,0.00,0.00,0.00,0.00,0.00,0.00,15-Sep,16-Sep,17-Sep,18-Sep,19-Sep,20-Sep,21-Sep,15-Sep,16-Sep,17-Sep,18-Sep,19-Sep,20-Sep,21-Sep,7,7,0
Amravati,Akola,Akola,Murtizapur,Murtizapur,20028270,"Lakhpuri 18 VRRWSS Tq. Murtizapur, Dist. Akola",Lait,581,1,0.90,0.60,1.18,0.46,1.63,0.81,0.79,154.27,103.85,202.26,78.61,281.34,139.84,135.46,15-Sep,16-Sep,17-Sep,18-Sep,19-Sep,20-Sep,21-Sep,15-Sep,16-Sep,17-Sep,18-Sep,19-Sep,20-Sep,21-Sep,0,0,7
Amravati,Akola,Akola,Akola,Akot_Telhara,20028420,Popatkhed 97 VRRWSS Tq. Akot & Telhara Dist. Akola,Diwthana,882,2,1.24,0.00,0.00,0.00,0.00,0.00,0.00,140.81,0.00,0.00,0.00,0.00,0.00,0.00,15-Sep,16-Sep,17-Sep,18-Sep,19-Sep,20-Sep,21-Sep,15-Sep,16-Sep,17-Sep,18-Sep,19-Sep,20-Sep,21-Sep,6,6,1
Amravati,Akola,Akola,Akola,Telhara_Akola,20028565,"Akot 84 VRRWSS Tq. Akola, Akot & Telhara Dist. Akola",Panori,535,1,0.00,0.00,0.00,0.00,0.00,0.00,0.00,0.00,0.00,0.00,0.00,0.00,0.00,0.00,15-Sep,16-Sep,17-Sep,18-Sep,19-Sep,20-Sep,21-Sep,15-Sep,16-Sep,17-Sep,18-Sep,19-Sep,20-Sep,21-Sep,7,7,0
Amravati,Amravati,Amravati W.M,W.M.Amravati - 2,Chandur Bazar_Achalpur_Amravati_Bhatkuli,20003791,105 Villages RRWSS,Hatkhed,1221,2,0.70,0.76,0.67,0.65,0.71,0.65,0.58,57.33,62.24,54.87,53.24,58.15,53.24,47.50,15-Sep,16-Sep,17-Sep,18-Sep,19-Sep,20-Sep,21-Sep,15-Sep,16-Sep,17-Sep,18-Sep,19-Sep,20-Sep,21-Sep,0,4,3
Amravati,Akola,Buldhana,Buldhana,Motala,20027978,Dhamangaon Deshmukh & 9 Villages RRWSS,Pimpalgaon Nath,1482,2,0.00,0.00,0.00,0.00,0.00,0.00,0.00,0.10,0.00,0.00,0.00,0.19,0.00,0.00,15-Sep,16-Sep,17-Sep,18-Sep,19-Sep,20-Sep,21-Sep,15-Sep,16-Sep,17-Sep,18-Sep,19-Sep,20-Sep,21-Sep,5,7,0
Amravati,Akola,Buldhana,Khamgaon,Nandura,4104783,Hingne Gavhad & 13 Villages RRWSS,Isarkhed,1022,2,0.00,0.00,0.00,0.00,0.00,0.00,0.00,0.00,0.06,0.01,0.02,0.00,0.02,0.02,15-Sep,16-Sep,17-Sep,18-Sep,19-Sep,20-Sep,21-Sep,15-Sep,16-Sep,17-Sep,18-Sep,19-Sep,20-Sep,21-Sep,2,7,0
Amravati,Amravati,Amravati,Amravati - 2,Nandgaon Khandeshwar,20030287,Takli & 4 Villages RRWS,Dahigaon,,1,25.72,31.01,24.20,35.86,21.31,25.76,28.55,0.00,0.00,0.00,0.00,0.00,0.00,0.00,15-Sep,16-Sep,17-Sep,18-Sep,19-Sep,20-Sep,21-Sep,15-Sep,16-Sep,17-Sep,18-Sep,19-Sep,20-Sep,21-Sep,7,7,0
Amravati,Amravati,Amravati W.M,W.M.Amravati - 2,Chandur Bazar_Achalpur_Amravati_Bhatkuli,20003791,105 Villages RRWSS,Wandli,494,1,5.03,4.60,5.31,4.71,5.91,4.25,3.52,1018.22,931.17,1074.90,953.44,1196.36,860.32,712.55,15-Sep,16-Sep,17-Sep,18-Sep,19-Sep,20-Sep,21-Sep,15-Sep,16-Sep,17-Sep,18-Sep,19-Sep,20-Sep,21-Sep,0,0,7
Amravati,Akola,Akola,Akola,Balapur_Akola,20028254,Balapur 69 VRRWSS Tq. Balapur Dist. Akola,Morzadi,1431,2,0.00,0.00,0.00,0.00,0.88,0.73,0.41,0.00,0.00,0.00,0.00,0.00,0.00,0.00,15-Sep,16-Sep,17-Sep,18-Sep,19-Sep,20-Sep,21-Sep,15-Sep,16-Sep,17-Sep,18-Sep,19-Sep,20-Sep,21-Sep,7,7,0
Amravati,Akola,Akola,Akola,Akot_Telhara,20028420,Popatkhed 97 VRRWSS Tq. Akot & Telhara Dist. Akola,Rampur Dharul,1247,2,0.50,0.63,1.23,0.96,0.64,0.50,0.59,40.10,50.52,98.64,76.98,51.32,40.10,47.31,15-Sep,16-Sep,17-Sep,18-Sep,19-Sep,20-Sep,21-Sep,15-Sep,16-Sep,17-Sep,18-Sep,19-Sep,20-Sep,21-Sep,0,5,2
Amravati,Akola,Buldhana,Khamgaon,Nandura,4104783,Hingne Gavhad & 13 Villages RRWSS,Belad,1060,1,0.00,0.00,0.00,0.00,0.00,0.00,0.00,0.00,0.00,0.00,0.00,0.00,0.00,0.00,15-Sep,16-Sep,17-Sep,18-Sep,19-Sep,20-Sep,21-Sep,15-Sep,16-Sep,17-Sep,18-Sep,19-Sep,20-Sep,21-Sep,7,7,0
Amravati,Akola,Akola,Akola,Akot_Telhara,20028420,Popatkhed 97 VRRWSS Tq. Akot & Telhara Dist. Akola,Bochara,498,1,5.30,15.62,3.24,3.83,5.07,4.30,0.27,1064.26,3136.95,650.60,769.08,1018.07,863.45,54.22,15-Sep,16-Sep,17-Sep,18-Sep,19-Sep,20-Sep,21-Sep,15-Sep,16-Sep,17-Sep,18-Sep,19-Sep,20-Sep,21-Sep,0,1,6
Amravati,Akola,Buldhana,Khamgaon,Nandura,4104783,Hingne Gavhad & 13 Villages RRWSS,Mamulwadi,1889,2,0.00,0.00,0.46,0.00,0.61,0.19,0.31,0.00,0.00,24.19,0.00,32.05,9.85,16.24,15-Sep,16-Sep,17-Sep,18-Sep,19-Sep,20-Sep,21-Sep,15-Sep,16-Sep,17-Sep,18-Sep,19-Sep,20-Sep,21-Sep,3,7,0
Amravati,Akola,Akola,Murtizapur,Murtizapur,20028270,"Lakhpuri 18 VRRWSS Tq. Murtizapur, Dist. Akola",Rasulpur,446,1,0.83,0.45,0.50,0.47,0.00,0.97,0.52,186.12,101.25,112.24,104.82,0.00,217.06,116.06,15-Sep,16-Sep,17-Sep,18-Sep,19-Sep,20-Sep,21-Sep,15-Sep,16-Sep,17-Sep,18-Sep,19-Sep,20-Sep,21-Sep,1,1,6
Amravati,Akola,Akola,Akola,Akola,20027951,Khambora 60 VRRWSS Tq. & Dist. Akola,Gondapur,178,2,0.00,0.00,0.00,0.00,0.00,0.00,0.00,0.00,0.00,0.00,0.00,0.00,0.00,0.00,15-Sep,16-Sep,17-Sep,18-Sep,19-Sep,20-Sep,21-Sep,15-Sep,16-Sep,17-Sep,18-Sep,19-Sep,20-Sep,21-Sep,7,7,0
Amravati,Akola,Buldhana,Khamgaon,Khamgaon,20090947,Lakhanwada & 21 villages RRWSS,Lakhanwada Kh,1248,2,0.00,0.00,0.00,0.00,0.48,0.00,0.00,0.00,0.00,0.00,0.00,0.00,0.00,0.00,15-Sep,16-Sep,17-Sep,18-Sep,19-Sep,20-Sep,21-Sep,15-Sep,16-Sep,17-Sep,18-Sep,19-Sep,20-Sep,21-Sep,7,7,0
Amravati,Amravati,Amravati W.M,W.M.Amravati - 2,Chandur Bazar_Achalpur_Amravati_Bhatkuli,20003791,105 Villages RRWSS,Pusda,5512,3,0.68,0.64,0.65,0.92,0.78,0.87,0.69,12.34,11.61,11.79,16.69,14.15,15.78,12.52,15-Sep,16-Sep,17-Sep,18-Sep,19-Sep,20-Sep,21-Sep,15-Sep,16-Sep,17-Sep,18-Sep,19-Sep,20-Sep,21-Sep,0,7,0
Amravati,Akola,Akola,Akola,Akola,20027951,Khambora 60 VRRWSS Tq. & Dist. Akola,Ramagaon,688,2,0.00,0.00,0.00,0.00,0.00,0.00,0.00,0.00,0.00,0.00,0.00,0.00,0.00,0.00,15-Sep,16-Sep,17-Sep,18-Sep,19-Sep,20-Sep,21-Sep,15-Sep,16-Sep,17-Sep,18-Sep,19-Sep,20-Sep,21-Sep,7,7,0
Amravati,Amravati,Amravati,Achalpur,Achalpur,20028532,"24 Villages RRWSS, Ta. Achalpur",Rawalgaon,445,2,2801660064688900000.00,678856169575736000000.00,0.00,0.00,3070590701058350000000000000000000000.00,797555812229816000000000000000000000.00,0.00,629586531390765000000.00,152551948219267000000000.00,0.00,0.00,690020382260302000000000000000000000000.00,179226025220183000000000000000000000000.00,0.00,15-Sep,16-Sep,17-Sep,18-Sep,19-Sep,20-Sep,21-Sep,15-Sep,16-Sep,17-Sep,18-Sep,19-Sep,20-Sep,21-Sep,3,3,4
Amravati,Akola,Buldhana,Buldhana,Buldhana,20094594,Hatedi & 5 Villages RRWSS,Hatedi Kh.,1198,1,0.38,0.38,0.46,0.38,0.00,1.14,0.38,31.93,31.88,38.33,31.68,0.00,94.81,31.56,15-Sep,16-Sep,17-Sep,18-Sep,19-Sep,20-Sep,21-Sep,15-Sep,16-Sep,17-Sep,18-Sep,19-Sep,20-Sep,21-Sep,1,6,1
Amravati,Akola,Buldhana,Buldhana,Buldhana,20021406,Padali & 5 Villages RRWSS,Ijalpur,817,1,0.00,0.00,0.00,0.00,0.00,0.00,0.00,0.00,0.00,0.00,0.00,0.00,0.00,0.00,15-Sep,16-Sep,17-Sep,18-Sep,19-Sep,20-Sep,21-Sep,15-Sep,16-Sep,17-Sep,18-Sep,19-Sep,20-Sep,21-Sep,7,7,0
Amravati,Amravati,Amravati,Achalpur,Achalpur_Chandur Bazar,7945938,83 Village RRWS Scheme MJP RR (C 39),Deurwada,912,3,2.93,3.00,2.81,2.75,2.80,1.14,3.01,321.27,328.95,308.11,301.54,307.02,125.00,330.04,15-Sep,16-Sep,17-Sep,18-Sep,19-Sep,20-Sep,21-Sep,15-Sep,16-Sep,17-Sep,18-Sep,19-Sep,20-Sep,21-Sep,0,0,7
Amravati,Amravati,Amravati W.M,W.M.Amravati - 2,Chandur Bazar_Achalpur_Amravati_Bhatkuli,20003791,105 Villages RRWSS,Tarkheda,3773,2,3.49,3.61,3.79,3.51,3.62,3.51,3.56,92.50,95.68,100.45,93.03,95.94,93.03,94.35,15-Sep,16-Sep,17-Sep,18-Sep,19-Sep,20-Sep,21-Sep,15-Sep,16-Sep,17-Sep,18-Sep,19-Sep,20-Sep,21-Sep,0,0,7
Amravati,Amravati,Amravati,Achalpur,Achalpur_Chandur Bazar,7945938,83 Village RRWS Scheme MJP RR (C 39),Kolha,419,2,0.00,0.00,0.00,0.00,0.00,0.00,0.00,0.00,0.00,0.00,0.00,0.00,0.00,0.00,15-Sep,16-Sep,17-Sep,18-Sep,19-Sep,20-Sep,21-Sep,15-Sep,16-Sep,17-Sep,18-Sep,19-Sep,20-Sep,21-Sep,7,7,0
Amravati,Amravati,Amravati W.M,W.M.Amravati - 2,Chandur Bazar_Achalpur_Amravati_Bhatkuli,20003791,105 Villages RRWSS,Zanji,175,2,0.96,1.41,1.25,1.50,0.88,2.15,1.32,548.57,805.71,714.29,857.14,502.86,1228.57,754.29,15-Sep,16-Sep,17-Sep,18-Sep,19-Sep,20-Sep,21-Sep,15-Sep,16-Sep,17-Sep,18-Sep,19-Sep,20-Sep,21-Sep,0,0,7
Nashik,Amravati,Amravati,Achalpur,Achalpur,20028532,"24 Villages RRWSS, Ta. Achalpur",Isapur,116,2,1.04,0.77,1.16,1.31,1.07,1.13,0.98,892.42,659.84,995.88,1128.97,923.26,972.35,840.84,15-Sep,16-Sep,17-Sep,18-Sep,19-Sep,20-Sep,21-Sep,15-Sep,16-Sep,17-Sep,18-Sep,19-Sep,20-Sep,21-Sep,0,0,7
Nashik,Amravati,Amravati W.M,W.M.Amravati - 2,Chandur Bazar_Achalpur_Amravati_Bhatkuli,20003791,105 Villages RRWSS,Bhalsi,519,1,0.00,0.85,0.48,0.50,0.00,0.55,0.54,0.00,163.78,92.49,96.34,0.00,105.97,104.05,15-Sep,16-Sep,17-Sep,18-Sep,19-Sep,20-Sep,21-Sep,15-Sep,16-Sep,17-Sep,18-Sep,19-Sep,20-Sep,21-Sep,2,2,5
Amravati,Amravati,Amravati,Amravati - 2,Amravati_Morshi_Tiwasa,20017838,Nandgaon Peth & 32 Villages,Nandura,878,1,0.24,1.88,1.57,0.97,0.74,1.53,0.66,27.50,213.60,179.05,110.83,83.92,174.20,74.85,15-Sep,16-Sep,17-Sep,18-Sep,19-Sep,20-Sep,21-Sep,15-Sep,16-Sep,17-Sep,18-Sep,19-Sep,20-Sep,21-Sep,0,1,6
Amravati,Akola,Buldhana,Buldhana,Motala,20027978,Dhamangaon Deshmukh & 9 Villages RRWSS,Pimpalgaon Nath Tanda,891,2,0.03,0.00,0.01,0.01,0.00,0.03,0.01,3.15,0.33,0.73,0.85,0.40,3.82,0.62,15-Sep,16-Sep,17-Sep,18-Sep,19-Sep,20-Sep,21-Sep,15-Sep,16-Sep,17-Sep,18-Sep,19-Sep,20-Sep,21-Sep,0,7,0
Amravati,Akola,Buldhana,Deulgaon Raja,Mehkar,20038668,Deulgaon Sakarsha & 5 Village RRWSS,Deulgaon Sakarasha,6410,1,0.00,0.00,0.00,0.00,0.00,0.00,0.00,0.00,0.00,0.00,0.00,0.00,0.00,0.00,15-Sep,16-Sep,17-Sep,18-Sep,19-Sep,20-Sep,21-Sep,15-Sep,16-Sep,17-Sep,18-Sep,19-Sep,20-Sep,21-Sep,7,7,0
Amravati,Amravati,Amravati,Amravati - 2,Amravati_Morshi_Tiwasa,20017838,Nandgaon Peth & 32 Villages,Wagholi,2745,2,1.26,1.89,2.09,1.96,2.01,1.86,2.02,45.84,68.77,76.08,71.46,73.39,67.85,73.72,15-Sep,16-Sep,17-Sep,18-Sep,19-Sep,20-Sep,21-Sep,15-Sep,16-Sep,17-Sep,18-Sep,19-Sep,20-Sep,21-Sep,0,1,6
Amravati,Amravati,Amravati,Chandur Bazar,Morshi,20029439,Charghad 23 Villages RRWS Under Charghad Project,Domak,1125,2,0.00,0.00,0.00,2.28,1.51,1.54,1.87,0.00,0.00,0.00,202.56,0.00,0.00,0.00,15-Sep,16-Sep,17-Sep,18-Sep,19-Sep,20-Sep,21-Sep,15-Sep,16-Sep,17-Sep,18-Sep,19-Sep,20-Sep,21-Sep,6,6,1
Amravati,Akola,Akola,Akola,Balapur_Akola,20028254,Balapur 69 VRRWSS Tq. Balapur Dist. Akola,Morgaon Sadijan,2030,3,0.00,0.00,0.00,0.00,0.00,0.00,0.00,0.00,0.00,0.00,0.00,0.00,0.00,0.00,15-Sep,16-Sep,17-Sep,18-Sep,19-Sep,20-Sep,21-Sep,15-Sep,16-Sep,17-Sep,18-Sep,19-Sep,20-Sep,21-Sep,7,7,0
Amravati,Amravati,Amravati,Amravati - 2,Nandgaon Khandeshwar,20030263,Dhanora Gurav & 8 Villages RRWS,Khandala,816,1,0.23,0.53,0.00,1.14,0.41,0.83,0.69,27.78,64.97,0.00,139.79,50.45,101.59,84.20,15-Sep,16-Sep,17-Sep,18-Sep,19-Sep,20-Sep,21-Sep,15-Sep,16-Sep,17-Sep,18-Sep,19-Sep,20-Sep,21-Sep,1,3,4
Amravati,Akola,Akola,Murtizapur,Murtizapur,20028330,Langhapur 50 VRRWSS Tq. Murtizapur Dist. Akola,Anbhora,396,1,0.00,6.99,0.00,30.82,69.05,0.00,21.09,0.00,1765.15,0.00,7782.83,17436.74,0.00,5325.76,15-Sep,16-Sep,17-Sep,18-Sep,19-Sep,20-Sep,21-Sep,15-Sep,16-Sep,17-Sep,18-Sep,19-Sep,20-Sep,21-Sep,3,3,4
Amravati,Amravati,Amravati W.M,Daryapur,Anjangaon_Daryapur_Bhatkuli,20005043,156 Villages Strengthening scheme of 144 villages RR,Katkheda,408,1,313.71,215.07,2342.15,658.20,467.03,4516.48,393.24,76889.11,52713.59,574057.07,161324.42,114467.42,1106979.85,96382.34,15-Sep,16-Sep,17-Sep,18-Sep,19-Sep,20-Sep,21-Sep,15-Sep,16-Sep,17-Sep,18-Sep,19-Sep,20-Sep,21-Sep,0,0,7
Amravati,Amravati,Amravati,Amravati - 2,Amravati_Morshi_Tiwasa,20017838,Nandgaon Peth & 32 Villages,Kapustalni,7409,3,0.00,0.00,0.00,0.00,0.00,0.00,0.00,0.00,0.00,0.00,0.00,0.00,0.00,0.00,15-Sep,16-Sep,17-Sep,18-Sep,19-Sep,20-Sep,21-Sep,15-Sep,16-Sep,17-Sep,18-Sep,19-Sep,20-Sep,21-Sep,7,7,0
Amravati,Akola,Akola,Akola,Balapur_Akola,20028254,Balapur 69 VRRWSS Tq. Balapur Dist. Akola,Kalamba Mahagaon,1076,3,0.72,0.85,1.03,1.10,0.88,0.00,0.00,67.04,78.91,95.67,102.51,81.93,0.00,0.00,15-Sep,16-Sep,17-Sep,18-Sep,19-Sep,20-Sep,21-Sep,15-Sep,16-Sep,17-Sep,18-Sep,19-Sep,20-Sep,21-Sep,2,2,5
Amravati,Akola,Buldhana,Khamgaon,Shegaon,20013865,Chincholi & 30 Villages RRWSS,Pahurjira,5830,4,0.32,0.52,0.35,0.42,0.05,0.00,1.34,5.49,8.85,5.93,7.22,0.92,0.00,23.00,15-Sep,16-Sep,17-Sep,18-Sep,19-Sep,20-Sep,21-Sep,15-Sep,16-Sep,17-Sep,18-Sep,19-Sep,20-Sep,21-Sep,1,7,0
Amravati,Amravati,Amravati W.M,W.M.Amravati - 2,Chandur Bazar_Achalpur_Amravati_Bhatkuli,20003791,105 Villages RRWSS,Takarkheda,1961,1,0.00,0.00,0.00,0.00,0.00,0.00,0.00,0.00,0.00,0.00,0.00,0.00,0.00,0.00,15-Sep,16-Sep,17-Sep,18-Sep,19-Sep,20-Sep,21-Sep,15-Sep,16-Sep,17-Sep,18-Sep,19-Sep,20-Sep,21-Sep,7,7,0
Amravati,Amravati,Amravati,Achalpur,Achalpur_Chandur Bazar,7945938,83 Village RRWS Scheme MJP RR (C 39),Thokbarda,101,1,0.98,0.73,0.00,0.00,0.83,0.00,0.99,970.30,722.77,0.00,0.00,821.78,0.00,980.20,15-Sep,16-Sep,17-Sep,18-Sep,19-Sep,20-Sep,21-Sep,15-Sep,16-Sep,17-Sep,18-Sep,19-Sep,20-Sep,21-Sep,3,3,4
Amravati,Amravati,Amravati,Amravati - 2,Nandgaon Khandeshwar,20030120,Papal & 5 Villages RRWS,Tighora,433,1,0.00,0.00,0.00,0.00,0.00,0.00,0.00,0.00,0.00,0.00,0.00,0.00,0.00,0.00,15-Sep,16-Sep,17-Sep,18-Sep,19-Sep,20-Sep,21-Sep,15-Sep,16-Sep,17-Sep,18-Sep,19-Sep,20-Sep,21-Sep,7,7,0
Amravati,Akola,Akola,Murtizapur,Murtizapur,20028308,Pinjar & 2 VRRWSS Tq.Barshitakali Dist.Akola,Pinjar,9112,3,5.43,2.52,2.24,3.71,6.53,0.15,0.00,59.57,27.65,24.54,40.75,71.70,1.59,0.00,15-Sep,16-Sep,17-Sep,18-Sep,19-Sep,20-Sep,21-Sep,15-Sep,16-Sep,17-Sep,18-Sep,19-Sep,20-Sep,21-Sep,1,5,2
Amravati,Amravati,Amravati W.M,W.M.Amravati - 2,Chandur Bazar_Achalpur_Amravati_Bhatkuli,20003791,105 Villages RRWSS,Deori,757,2,1.25,1.04,0.90,1.95,2.09,2.05,2.27,165.13,137.38,118.89,257.60,276.09,270.81,299.87,15-Sep,16-Sep,17-Sep,18-Sep,19-Sep,20-Sep,21-Sep,15-Sep,16-Sep,17-Sep,18-Sep,19-Sep,20-Sep,21-Sep,0,0,7
Amravati,Akola,Buldhana,Khamgaon,Shegaon,20094779,30 Villages RRWS Tal Shegaon(C39-ZP),Sangwa,624,1,0.51,0.09,0.58,0.14,0.51,0.15,0.56,82.20,14.57,92.58,22.72,81.96,23.70,90.47,15-Sep,16-Sep,17-Sep,18-Sep,19-Sep,20-Sep,21-Sep,15-Sep,16-Sep,17-Sep,18-Sep,19-Sep,20-Sep,21-Sep,0,3,4
Amravati,Amravati,Amravati,Achalpur,Achalpur_Chandur Bazar,7945938,83 Village RRWS Scheme MJP RR (C 39),Kajali,363,1,1.23,0.86,1.02,0.74,1.12,1.08,1.00,338.84,236.91,280.99,203.86,308.54,297.52,275.48,15-Sep,16-Sep,17-Sep,18-Sep,19-Sep,20-Sep,21-Sep,15-Sep,16-Sep,17-Sep,18-Sep,19-Sep,20-Sep,21-Sep,0,0,7
Amravati,Amravati,Amravati,Achalpur,Achalpur,20029998,Shahanur & 9 Villages RRWS,Pardi,302,1,0.00,0.00,0.00,0.00,0.00,0.00,0.00,0.00,0.00,0.00,0.00,0.00,0.00,0.00,15-Sep,16-Sep,17-Sep,18-Sep,19-Sep,20-Sep,21-Sep,15-Sep,16-Sep,17-Sep,18-Sep,19-Sep,20-Sep,21-Sep,7,7,0
Amravati,Amravati,Amravati,Amravati - 2,Amravati_Morshi_Tiwasa,20017838,Nandgaon Peth & 32 Villages,Digargawan,819,1,0.67,0.61,0.67,0.61,0.70,0.53,0.87,81.26,74.99,81.97,75.01,85.64,65.12,106.61,15-Sep,16-Sep,17-Sep,18-Sep,19-Sep,20-Sep,21-Sep,15-Sep,16-Sep,17-Sep,18-Sep,19-Sep,20-Sep,21-Sep,0,0,7
Amravati,Amravati,Amravati,Achalpur,Achalpur_Chandur Bazar,7945938,83 Village RRWS Scheme MJP RR (C 39),Deomali,1500,2,6.44,6.67,6.05,6.53,5.87,5.52,6.26,429.33,444.78,403.33,435.56,391.33,368.00,417.22,15-Sep,16-Sep,17-Sep,18-Sep,19-Sep,20-Sep,21-Sep,15-Sep,16-Sep,17-Sep,18-Sep,19-Sep,20-Sep,21-Sep,0,0,7
Amravati,Amravati,Amravati W.M,W.M.Amravati - 2,Chandur Bazar_Achalpur_Amravati_Bhatkuli,20003791,105 Villages RRWSS,Yelki,1086,2,31.63,36.25,30.69,41.78,30.98,43.46,29.00,2912.34,3337.81,2825.66,3847.39,2852.98,4001.57,2670.62,15-Sep,16-Sep,17-Sep,18-Sep,19-Sep,20-Sep,21-Sep,15-Sep,16-Sep,17-Sep,18-Sep,19-Sep,20-Sep,21-Sep,0,0,7
Amravati,Amravati,Amravati,Achalpur,Achalpur_Chandur Bazar,7945938,83 Village RRWS Scheme MJP RR (C 39),Kakda,1104,2,0.00,0.00,0.00,0.00,2.89,0.00,0.00,0.00,0.00,0.00,0.00,261.78,0.00,0.00,15-Sep,16-Sep,17-Sep,18-Sep,19-Sep,20-Sep,21-Sep,15-Sep,16-Sep,17-Sep,18-Sep,19-Sep,20-Sep,21-Sep,6,6,1
Amravati,Amravati,Amravati,Achalpur,Achalpur_Chandur Bazar,7945938,83 Village RRWS Scheme MJP RR (C 39),Borgaon Talani,102,1,0.00,0.00,0.00,0.00,0.00,0.00,0.00,0.00,0.00,0.00,0.00,0.00,0.00,0.00,15-Sep,16-Sep,17-Sep,18-Sep,19-Sep,20-Sep,21-Sep,15-Sep,16-Sep,17-Sep,18-Sep,19-Sep,20-Sep,21-Sep,7,7,0
Amravati,Amravati,Amravati W.M,Daryapur,Anjangaon_Daryapur_Bhatkuli,20005043,156 Villages Strengthening scheme of 144 villages RR,Ghodchandi,743,1,591.47,721.08,413.57,451.79,582.62,537.20,236.97,79605.65,97049.96,55662.72,60806.19,78414.54,72301.48,31893.67,15-Sep,16-Sep,17-Sep,18-Sep,19-Sep,20-Sep,21-Sep,15-Sep,16-Sep,17-Sep,18-Sep,19-Sep,20-Sep,21-Sep,0,0,7
Amravati,Akola,Buldhana,Deulgaon Raja,Mehkar,20022859,Janefal Kalambeshwar RRWSS,Kalambeshwar,6063,2,0.00,0.00,0.00,0.00,0.27,0.37,1.40,0.00,0.00,0.00,0.00,0.00,0.00,0.00,15-Sep,16-Sep,17-Sep,18-Sep,19-Sep,20-Sep,21-Sep,15-Sep,16-Sep,17-Sep,18-Sep,19-Sep,20-Sep,21-Sep,7,7,0
Amravati,Akola,Buldhana,Buldhana,Buldhana,20094594,Hatedi & 5 Villages RRWSS,Zari,593,1,0.00,0.00,0.00,0.00,0.00,0.00,0.00,0.00,0.00,0.00,0.00,0.00,0.00,0.00,15-Sep,16-Sep,17-Sep,18-Sep,19-Sep,20-Sep,21-Sep,15-Sep,16-Sep,17-Sep,18-Sep,19-Sep,20-Sep,21-Sep,7,7,0
Amravati,Akola,Akola,Akola,Barshitakali,20028246,Kanheri & 10 Villages RRWSS Tq. Barshitakli. Dist.Akola,Yeranda,1932,2,1.18,0.78,1.57,1.05,0.57,1.03,1.37,61.00,40.18,81.33,54.49,29.32,53.38,70.79,15-Sep,16-Sep,17-Sep,18-Sep,19-Sep,20-Sep,21-Sep,15-Sep,16-Sep,17-Sep,18-Sep,19-Sep,20-Sep,21-Sep,0,4,3
Amravati,Akola,Akola,Akola,Patur,20028224,Shirpur & 12 VRRWSS Tq. Patur Dist. Akola,Tulanga BK,1983,1,0.00,0.00,0.00,0.00,1.76,0.00,1.23,0.00,0.00,0.00,0.00,0.00,0.00,0.00,15-Sep,16-Sep,17-Sep,18-Sep,19-Sep,20-Sep,21-Sep,15-Sep,16-Sep,17-Sep,18-Sep,19-Sep,20-Sep,21-Sep,7,7,0
Amravati,Akola,Buldhana,Khamgaon,Khamgaon,20090947,Lakhanwada & 21 villages RRWSS,Shirla Nemane,3534,1,0.00,0.00,0.00,0.00,0.21,0.00,0.00,0.00,0.00,0.00,0.00,0.00,0.00,0.00,15-Sep,16-Sep,17-Sep,18-Sep,19-Sep,20-Sep,21-Sep,15-Sep,16-Sep,17-Sep,18-Sep,19-Sep,20-Sep,21-Sep,7,7,0
Amravati,Amravati,Amravati,Chandur Bazar,Morshi,20029439,Charghad 23 Villages RRWS Under Charghad Project,Saiwada,670,1,,,,,,,,,,,,,,,15-Sep,16-Sep,17-Sep,18-Sep,19-Sep,20-Sep,21-Sep,15-Sep,16-Sep,17-Sep,18-Sep,19-Sep,20-Sep,21-Sep,0,0,0
Amravati,Akola,Akola,Akola,Telhara_Akola,20028565,"Akot 84 VRRWSS Tq. Akola, Akot & Telhara Dist. Akola",Ner,1646,1,0.00,0.00,0.00,0.00,0.00,0.03,0.00,0.00,0.00,0.00,0.00,0.00,1.82,0.00,15-Sep,16-Sep,17-Sep,18-Sep,19-Sep,20-Sep,21-Sep,15-Sep,16-Sep,17-Sep,18-Sep,19-Sep,20-Sep,21-Sep,6,7,0
Amravati,Akola,Akola,Murtizapur,Murtizapur,20028270,"Lakhpuri 18 VRRWSS Tq. Murtizapur, Dist. Akola",Lakhpuri,3562,3,2.84,2.59,0.88,2.64,0.67,3.55,1.80,79.84,72.81,24.80,74.17,18.85,99.64,50.48,15-Sep,16-Sep,17-Sep,18-Sep,19-Sep,20-Sep,21-Sep,15-Sep,16-Sep,17-Sep,18-Sep,19-Sep,20-Sep,21-Sep,0,3,4
Amravati,Amravati,Amravati W.M,W.M.Amravati - 2,Chandur Bazar_Achalpur_Amravati_Bhatkuli,20003791,105 Villages RRWSS,Rajura,658,1,1.16,1.02,0.98,1.08,1.27,1.10,0.92,176.29,155.02,148.94,164.13,193.01,167.17,139.82,15-Sep,16-Sep,17-Sep,18-Sep,19-Sep,20-Sep,21-Sep,15-Sep,16-Sep,17-Sep,18-Sep,19-Sep,20-Sep,21-Sep,0,0,7
Amravati,Amravati,Amravati W.M,W.M.Amravati - 2,Chandur Bazar_Achalpur_Amravati_Bhatkuli,20003791,105 Villages RRWSS,Makrampur,112,1,2.35,0.00,0.00,2.44,0.00,0.00,2.16,2098.21,0.00,0.00,2178.57,0.00,0.00,1928.57,15-Sep,16-Sep,17-Sep,18-Sep,19-Sep,20-Sep,21-Sep,15-Sep,16-Sep,17-Sep,18-Sep,19-Sep,20-Sep,21-Sep,4,4,3
Amravati,Amravati,Amravati,Achalpur,Achalpur,20029998,Shahanur & 9 Villages RRWS,Walmikpur,557,1,0.00,0.00,0.00,0.00,0.00,0.00,0.00,0.00,0.00,0.00,0.00,0.00,0.00,0.00,15-Sep,16-Sep,17-Sep,18-Sep,19-Sep,20-Sep,21-Sep,15-Sep,16-Sep,17-Sep,18-Sep,19-Sep,20-Sep,21-Sep,7,7,0
Amravati,Amravati,Amravati,Amravati - 2,Chandur Rly,20030227,Chirodi & 4 Villages RRWS,Sawangi Magrapur,1385,2,0.71,0.55,0.72,0.72,0.75,0.84,0.14,51.62,39.42,52.32,52.20,54.11,60.80,10.25,15-Sep,16-Sep,17-Sep,18-Sep,19-Sep,20-Sep,21-Sep,15-Sep,16-Sep,17-Sep,18-Sep,19-Sep,20-Sep,21-Sep,0,6,1
Amravati,Amravati,Amravati W.M,W.M.Amravati - 2,Chandur Bazar_Achalpur_Amravati_Bhatkuli,20003791,105 Villages RRWSS,Nirul,1528,4,1.59,1.66,1.54,1.91,1.57,1.68,1.49,104.06,108.64,100.79,125.00,102.75,109.95,97.51,15-Sep,16-Sep,17-Sep,18-Sep,19-Sep,20-Sep,21-Sep,15-Sep,16-Sep,17-Sep,18-Sep,19-Sep,20-Sep,21-Sep,0,0,7
Amravati,Amravati,Amravati,Achalpur,Achalpur_Chandur Bazar,7945938,83 Village RRWS Scheme MJP RR (C 39),Karajgaon (Mahal),1443,2,0.00,0.00,0.00,0.00,0.00,0.00,0.00,0.00,0.00,0.00,0.00,0.00,0.00,0.00,15-Sep,16-Sep,17-Sep,18-Sep,19-Sep,20-Sep,21-Sep,15-Sep,16-Sep,17-Sep,18-Sep,19-Sep,20-Sep,21-Sep,7,7,0
Amravati,Akola,Akola,Akola,Telhara_Akola,20028565,"Akot 84 VRRWSS Tq. Akola, Akot & Telhara Dist. Akola",Kawasa Bk.,1298,1,0.00,0.01,0.14,0.02,0.00,0.00,0.00,0.00,0.77,10.79,1.54,0.00,0.00,0.00,15-Sep,16-Sep,17-Sep,18-Sep,19-Sep,20-Sep,21-Sep,15-Sep,16-Sep,17-Sep,18-Sep,19-Sep,20-Sep,21-Sep,4,7,0
Amravati,Akola,Akola,Akola,Balapur,20028208,"Wadegaon & 24 VRRWSS Tq. Akola, Balapur & Barshitakali Dist.Akola",Khirpuri Kh.,675,1,0.00,0.00,0.00,0.00,0.54,0.61,0.58,0.00,0.00,0.00,0.00,0.00,0.00,0.00,15-Sep,16-Sep,17-Sep,18-Sep,19-Sep,20-Sep,21-Sep,15-Sep,16-Sep,17-Sep,18-Sep,19-Sep,20-Sep,21-Sep,7,7,0
Amravati,Akola,Akola,Akola,Akola,20027951,Khambora 60 VRRWSS Tq. & Dist. Akola,Palso Bk.,654,1,0.00,0.00,0.00,0.00,0.00,0.00,0.00,0.00,0.00,0.00,0.00,0.00,0.17,0.00,15-Sep,16-Sep,17-Sep,18-Sep,19-Sep,20-Sep,21-Sep,15-Sep,16-Sep,17-Sep,18-Sep,19-Sep,20-Sep,21-Sep,6,7,0
Amravati,Akola,Akola,Akola,Telhara_Akola,20028565,"Akot 84 VRRWSS Tq. Akola, Akot & Telhara Dist. Akola",Nijampur,712,1,0.00,0.00,0.00,0.00,0.00,0.00,0.00,0.00,0.00,0.00,0.00,0.00,0.00,0.00,15-Sep,16-Sep,17-Sep,18-Sep,19-Sep,20-Sep,21-Sep,15-Sep,16-Sep,17-Sep,18-Sep,19-Sep,20-Sep,21-Sep,7,7,0
Amravati,Akola,Buldhana,Buldhana,Motala,20027978,Dhamangaon Deshmukh & 9 Villages RRWSS,Bhangi Vasti,244,1,0.00,0.00,0.00,0.00,0.00,0.00,0.00,0.00,0.00,0.00,0.00,0.00,0.00,0.00,15-Sep,16-Sep,17-Sep,18-Sep,19-Sep,20-Sep,21-Sep,15-Sep,16-Sep,17-Sep,18-Sep,19-Sep,20-Sep,21-Sep,7,7,0
Amravati,Amravati,Amravati,Amravati - 2,Amravati,20029977,Bhankhed & 8 Village RRWSS,Udkhed,654,1,1.43,1.46,1.34,1.52,1.35,1.58,2.06,219.34,223.59,204.42,233.12,205.94,241.86,315.07,15-Sep,16-Sep,17-Sep,18-Sep,19-Sep,20-Sep,21-Sep,15-Sep,16-Sep,17-Sep,18-Sep,19-Sep,20-Sep,21-Sep,0,0,7
Amravati,Akola,Akola,Murtizapur,Murtizapur,20028270,"Lakhpuri 18 VRRWSS Tq. Murtizapur, Dist. Akola",Mangrul Kambe,1837,3,2.44,3.57,2.71,2.84,3.58,3.30,3.68,132.57,194.31,147.71,154.41,195.05,179.61,200.46,15-Sep,16-Sep,17-Sep,18-Sep,19-Sep,20-Sep,21-Sep,15-Sep,16-Sep,17-Sep,18-Sep,19-Sep,20-Sep,21-Sep,0,0,7
Amravati,Akola,Akola,Murtizapur,Murtizapur,20028330,Langhapur 50 VRRWSS Tq. Murtizapur Dist. Akola,Dhotra shinde,455,2,0.79,0.00,0.00,0.00,0.00,0.00,0.00,173.63,0.00,0.00,0.00,0.00,0.00,0.00,15-Sep,16-Sep,17-Sep,18-Sep,19-Sep,20-Sep,21-Sep,15-Sep,16-Sep,17-Sep,18-Sep,19-Sep,20-Sep,21-Sep,6,6,1
Amravati,Akola,Akola,Akola,Balapur,20028208,"Wadegaon & 24 VRRWSS Tq. Akola, Balapur & Barshitakali Dist.Akola",Chandur,5874,3,0.00,0.00,0.00,0.00,8.24,6.44,5.33,0.00,0.00,0.00,0.00,0.00,0.00,0.00,15-Sep,16-Sep,17-Sep,18-Sep,19-Sep,20-Sep,21-Sep,15-Sep,16-Sep,17-Sep,18-Sep,19-Sep,20-Sep,21-Sep,7,7,0
Amravati,Akola,Akola,Murtizapur,Murtizapur,20028270,"Lakhpuri 18 VRRWSS Tq. Murtizapur, Dist. Akola",Virwada,818,1,1.05,0.93,1.03,1.10,1.07,1.38,1.09,127.93,113.71,126.07,134.57,131.00,168.30,133.53,15-Sep,16-Sep,17-Sep,18-Sep,19-Sep,20-Sep,21-Sep,15-Sep,16-Sep,17-Sep,18-Sep,19-Sep,20-Sep,21-Sep,0,0,7
Amravati,Amravati,Amravati W.M,Daryapur,Anjangaon_Daryapur_Bhatkuli,20005043,156 Villages Strengthening scheme of 144 villages RR,Telkheda,220,1,0.00,0.00,0.00,288957.84,0.00,452919.62,0.00,0.00,0.00,0.00,131344470.46,0.00,205872554.69,0.00,15-Sep,16-Sep,17-Sep,18-Sep,19-Sep,20-Sep,21-Sep,15-Sep,16-Sep,17-Sep,18-Sep,19-Sep,20-Sep,21-Sep,5,5,2
Amravati,Amravati,Amravati W.M,W.M.Amravati - 2,Chandur Bazar_Achalpur_Amravati_Bhatkuli,20003791,105 Villages RRWSS,Bhatkuli NP,1310,2,7.67,7.53,8.35,8.02,8.31,7.87,8.81,585.50,574.81,637.40,612.21,634.35,600.76,672.52,15-Sep,16-Sep,17-Sep,18-Sep,19-Sep,20-Sep,21-Sep,15-Sep,16-Sep,17-Sep,18-Sep,19-Sep,20-Sep,21-Sep,0,0,7
Amravati,Amravati,Amravati,Amravati - 2,Nandgaon Khandeshwar,20029975,Mangrul Chavhala & 8 Villages RRWS,Shivni,664,1,0.00,1.03,0.35,1.30,0.43,0.78,0.61,0.31,154.61,52.68,196.01,64.22,117.12,92.58,15-Sep,16-Sep,17-Sep,18-Sep,19-Sep,20-Sep,21-Sep,15-Sep,16-Sep,17-Sep,18-Sep,19-Sep,20-Sep,21-Sep,0,2,5
Amravati,Amravati,Amravati,Amravati - 2,Amravati_Morshi_Tiwasa,20017838,Nandgaon Peth & 32 Villages,Jamod,416,1,0.00,0.00,0.25,0.07,0.34,0.00,0.00,0.00,0.00,59.19,18.00,82.62,0.00,0.00,15-Sep,16-Sep,17-Sep,18-Sep,19-Sep,20-Sep,21-Sep,15-Sep,16-Sep,17-Sep,18-Sep,19-Sep,20-Sep,21-Sep,4,5,2
Amravati,Akola,Akola,Akola,Telhara_Akola,20028565,"Akot 84 VRRWSS Tq. Akola, Akot & Telhara Dist. Akola",Warur,2400,1,0.00,5.69,10.15,0.00,0.00,0.00,0.00,0.00,237.08,423.00,0.00,0.00,0.00,0.00,15-Sep,16-Sep,17-Sep,18-Sep,19-Sep,20-Sep,21-Sep,15-Sep,16-Sep,17-Sep,18-Sep,19-Sep,20-Sep,21-Sep,5,5,2
Amravati,Amravati,Yavatmal,Pusad,Pusad,20028563,"Malpathar 28 Villages, (Reju.)",Kheirkheda,1349,1,0.02,0.00,0.01,0.01,0.05,0.00,0.03,1.48,0.00,0.74,0.74,3.71,0.00,2.22,15-Sep,16-Sep,17-Sep,18-Sep,19-Sep,20-Sep,21-Sep,15-Sep,16-Sep,17-Sep,18-Sep,19-Sep,20-Sep,21-Sep,2,7,0
Amravati,Akola,Akola,Akola,Patur,20028224,Shirpur & 12 VRRWSS Tq. Patur Dist. Akola,Chatari,3054,3,0.00,0.00,0.00,0.00,0.00,0.00,0.00,0.00,0.00,0.00,0.00,0.00,0.00,0.00,15-Sep,16-Sep,17-Sep,18-Sep,19-Sep,20-Sep,21-Sep,15-Sep,16-Sep,17-Sep,18-Sep,19-Sep,20-Sep,21-Sep,7,7,0
Amravati,Akola,Buldhana,Deulgaon Raja,Deulgaon Raja,20011134,Andhera & 9 Villages RRWSS,Shivni Armal,2142,2,0.43,0.45,0.47,0.84,1.05,0.72,0.75,19.86,21.23,21.74,39.00,49.18,33.44,34.98,15-Sep,16-Sep,17-Sep,18-Sep,19-Sep,20-Sep,21-Sep,15-Sep,16-Sep,17-Sep,18-Sep,19-Sep,20-Sep,21-Sep,0,7,0
Amravati,Akola,Buldhana,Khamgaon,Shegaon,20013865,Chincholi & 30 Villages RRWSS,Chincholi,2886,1,0.00,0.00,0.00,0.00,0.00,0.00,0.00,0.00,0.00,0.00,0.00,0.00,0.00,0.00,15-Sep,16-Sep,17-Sep,18-Sep,19-Sep,20-Sep,21-Sep,15-Sep,16-Sep,17-Sep,18-Sep,19-Sep,20-Sep,21-Sep,7,7,0
Amravati,Akola,Buldhana,Deulgaon Raja,Deulgaon Raja,20011134,Andhera & 9 Villages RRWSS,Dhotra Nandai,2187,3,0.16,0.23,0.40,0.34,0.33,0.08,0.11,7.30,10.39,18.50,15.65,15.19,3.82,5.06,15-Sep,16-Sep,17-Sep,18-Sep,19-Sep,20-Sep,21-Sep,15-Sep,16-Sep,17-Sep,18-Sep,19-Sep,20-Sep,21-Sep,0,7,0
Amravati,Amravati,Amravati,Amravati - 2,Nandgaon Khandeshwar,20029922,Chandsura & 9 Villages RRWS,Dharfal,796,1,0.36,0.00,0.28,0.30,0.51,0.40,0.28,45.79,0.00,34.95,37.26,64.21,50.43,35.76,15-Sep,16-Sep,17-Sep,18-Sep,19-Sep,20-Sep,21-Sep,15-Sep,16-Sep,17-Sep,18-Sep,19-Sep,20-Sep,21-Sep,1,6,1
Amravati,Akola,Akola,Akola,Telhara_Akola,20028565,"Akot 84 VRRWSS Tq. Akola, Akot & Telhara Dist. Akola",Palsod,2116,2,0.53,0.00,68.76,0.00,0.00,0.20,0.00,25.11,0.00,3249.61,0.00,0.09,9.38,0.05,15-Sep,16-Sep,17-Sep,18-Sep,19-Sep,20-Sep,21-Sep,15-Sep,16-Sep,17-Sep,18-Sep,19-Sep,20-Sep,21-Sep,2,6,1
Amravati,Amravati,Amravati,Achalpur,Achalpur,20028532,"24 Villages RRWSS, Ta. Achalpur",Wasani Kh.,991,2,2.11,1.70,2.24,1.42,2.15,1.82,1.92,213.20,171.38,225.76,142.93,216.98,183.41,193.41,15-Sep,16-Sep,17-Sep,18-Sep,19-Sep,20-Sep,21-Sep,15-Sep,16-Sep,17-Sep,18-Sep,19-Sep,20-Sep,21-Sep,0,0,7
Amravati,Akola,Akola,Akola,Akot_Telhara,20028420,Popatkhed 97 VRRWSS Tq. Akot & Telhara Dist. Akola,Ambola,3514,2,1.85,1.76,2.04,1.84,1.79,1.57,1.73,52.75,49.98,58.03,52.39,50.87,44.72,49.14,15-Sep,16-Sep,17-Sep,18-Sep,19-Sep,20-Sep,21-Sep,15-Sep,16-Sep,17-Sep,18-Sep,19-Sep,20-Sep,21-Sep,0,6,1
Amravati,Akola,Akola,Akola,Akola,20027951,Khambora 60 VRRWSS Tq. & Dist. Akola,Apoti Bk.,719,1,0.00,0.00,0.00,1.85,1.52,3.69,0.57,0.00,0.00,0.00,256.65,212.09,513.39,79.11,15-Sep,16-Sep,17-Sep,18-Sep,19-Sep,20-Sep,21-Sep,15-Sep,16-Sep,17-Sep,18-Sep,19-Sep,20-Sep,21-Sep,3,3,4
Amravati,Amravati,Amravati,Achalpur,Achalpur_Chandur Bazar,7945938,83 Village RRWS Scheme MJP RR (C 39),Tawalar,675,3,0.78,0.51,0.75,0.94,0.75,0.59,0.66,115.56,75.56,111.11,139.26,111.11,87.41,97.78,15-Sep,16-Sep,17-Sep,18-Sep,19-Sep,20-Sep,21-Sep,15-Sep,16-Sep,17-Sep,18-Sep,19-Sep,20-Sep,21-Sep,0,0,7
Amravati,Amravati,Amravati,Amravati - 2,Nandgaon Khandeshwar,20029922,Chandsura & 9 Villages RRWS,Loni,4503,3,8.12,7.23,7.75,7.32,6.22,8.11,8.01,180.29,160.64,172.05,162.52,138.22,180.04,177.85,15-Sep,16-Sep,17-Sep,18-Sep,19-Sep,20-Sep,21-Sep,15-Sep,16-Sep,17-Sep,18-Sep,19-Sep,20-Sep,21-Sep,0,0,7
Amravati,Amravati,Amravati W.M,W.M.Amravati - 2,Chandur Bazar_Achalpur_Amravati_Bhatkuli,20003791,105 Villages RRWSS,Chincholi,1637,2,1.01,1.11,1.06,1.06,1.05,1.07,1.24,61.70,67.81,64.75,64.75,64.14,65.36,75.75,15-Sep,16-Sep,17-Sep,18-Sep,19-Sep,20-Sep,21-Sep,15-Sep,16-Sep,17-Sep,18-Sep,19-Sep,20-Sep,21-Sep,0,0,7
Amravati,Akola,Buldhana,Buldhana,Motala,20028065,Pophali & 3 Villages RRWSS,Chawarda,1202,1,3.00,0.00,1.53,5.87,7.03,0.00,1.76,249.58,0.00,127.29,488.35,584.86,0.00,146.42,15-Sep,16-Sep,17-Sep,18-Sep,19-Sep,20-Sep,21-Sep,15-Sep,16-Sep,17-Sep,18-Sep,19-Sep,20-Sep,21-Sep,2,2,5
Amravati,Akola,Buldhana,Buldhana,Motala,20027978,Dhamangaon Deshmukh & 9 Villages RRWSS,Chinchkhed Nath,1366,2,0.02,0.06,0.01,0.03,0.02,0.02,0.05,1.38,4.53,0.58,1.85,1.55,1.48,3.84,15-Sep,16-Sep,17-Sep,18-Sep,19-Sep,20-Sep,21-Sep,15-Sep,16-Sep,17-Sep,18-Sep,19-Sep,20-Sep,21-Sep,0,7,0
Amravati,Akola,Akola,Akola,Telhara_Akola,20028565,"Akot 84 VRRWSS Tq. Akola, Akot & Telhara Dist. Akola",Pati,1020,1,0.00,0.00,0.00,0.00,1.05,0.08,0.05,0.00,0.00,0.00,0.00,0.00,0.00,0.00,15-Sep,16-Sep,17-Sep,18-Sep,19-Sep,20-Sep,21-Sep,15-Sep,16-Sep,17-Sep,18-Sep,19-Sep,20-Sep,21-Sep,7,7,0
Amravati,Akola,Akola,Akola,Telhara_Akola,20028565,"Akot 84 VRRWSS Tq. Akola, Akot & Telhara Dist. Akola",Taroda,755,1,0.00,0.00,0.00,0.00,0.00,0.00,0.00,0.00,0.00,0.00,0.00,0.00,0.00,0.00,15-Sep,16-Sep,17-Sep,18-Sep,19-Sep,20-Sep,21-Sep,15-Sep,16-Sep,17-Sep,18-Sep,19-Sep,20-Sep,21-Sep,7,7,0
Amravati,Amravati,Amravati,Achalpur,Achalpur_Chandur Bazar,7945938,83 Village RRWS Scheme MJP RR (C 39),Narayanpur,183,1,0.53,0.02,0.00,0.58,0.01,0.02,0.55,289.62,10.93,0.00,316.94,5.46,10.93,300.55,15-Sep,16-Sep,17-Sep,18-Sep,19-Sep,20-Sep,21-Sep,15-Sep,16-Sep,17-Sep,18-Sep,19-Sep,20-Sep,21-Sep,1,4,3
Amravati,Amravati,Amravati,Amravati - 2,Amravati_Morshi_Tiwasa,20017838,Nandgaon Peth & 32 Villages,Yawali Shahid,4590,1,2.02,4.33,2.79,2.57,2.39,5.01,2.65,0.00,0.00,0.00,0.00,0.00,0.00,0.00,15-Sep,16-Sep,17-Sep,18-Sep,19-Sep,20-Sep,21-Sep,15-Sep,16-Sep,17-Sep,18-Sep,19-Sep,20-Sep,21-Sep,7,7,0
Amravati,Amravati,Amravati,Amravati - 2,Nandgaon Khandeshwar,20029922,Chandsura & 9 Villages RRWS,Januna,1512,1,0.00,0.00,0.00,0.00,0.00,0.00,0.00,0.00,0.00,0.00,0.00,0.00,0.00,0.00,15-Sep,16-Sep,17-Sep,18-Sep,19-Sep,20-Sep,21-Sep,15-Sep,16-Sep,17-Sep,18-Sep,19-Sep,20-Sep,21-Sep,7,7,0
Amravati,Amravati,Amravati,Achalpur,Achalpur_Chandur Bazar,7945938,83 Village RRWS Scheme MJP RR (C 39),Gourkheda,504,4,10.67,7.64,7.63,10.00,12.09,10.54,12.37,2116.29,1515.38,1514.83,1984.19,2399.61,2090.32,2453.54,15-Sep,16-Sep,17-Sep,18-Sep,19-Sep,20-Sep,21-Sep,15-Sep,16-Sep,17-Sep,18-Sep,19-Sep,20-Sep,21-Sep,0,0,7
Amravati,Amravati,Amravati,Achalpur,Achalpur_Chandur Bazar,7945938,83 Village RRWS Scheme MJP RR (C 39),Dhotarkheda,802,2,0.00,0.00,0.00,0.00,0.00,0.00,0.00,0.00,0.00,0.00,0.00,0.00,0.00,0.00,15-Sep,16-Sep,17-Sep,18-Sep,19-Sep,20-Sep,21-Sep,15-Sep,16-Sep,17-Sep,18-Sep,19-Sep,20-Sep,21-Sep,7,7,0
Amravati,Amravati,Amravati W.M,W.M.Amravati - 2,Chandur Bazar_Achalpur_Amravati_Bhatkuli,20003791,105 Villages RRWSS,Mhaispur,794,1,0.57,0.58,0.58,0.57,0.59,0.60,0.64,71.79,73.05,73.05,71.79,74.31,75.57,80.60,15-Sep,16-Sep,17-Sep,18-Sep,19-Sep,20-Sep,21-Sep,15-Sep,16-Sep,17-Sep,18-Sep,19-Sep,20-Sep,21-Sep,0,0,7
Amravati,Akola,Buldhana,Khamgaon,Shegaon,20094779,30 Villages RRWS Tal Shegaon(C39-ZP),Padsul,915,2,0.38,0.47,0.49,0.66,0.53,0.82,0.51,41.17,51.05,53.45,71.98,57.95,89.92,56.11,15-Sep,16-Sep,17-Sep,18-Sep,19-Sep,20-Sep,21-Sep,15-Sep,16-Sep,17-Sep,18-Sep,19-Sep,20-Sep,21-Sep,0,3,4
Amravati,Akola,Akola,Akola,Telhara_Akola,20028565,"Akot 84 VRRWSS Tq. Akola, Akot & Telhara Dist. Akola",Tandulwadi,964,3,3.56,0.23,0.00,0.17,0.00,3.17,0.02,369.29,23.86,0.00,17.63,0.00,328.84,2.07,15-Sep,16-Sep,17-Sep,18-Sep,19-Sep,20-Sep,21-Sep,15-Sep,16-Sep,17-Sep,18-Sep,19-Sep,20-Sep,21-Sep,2,5,2
Amravati,Akola,Buldhana,Buldhana,Buldhana,20021406,Padali & 5 Villages RRWSS,Palaskhed Naik,1098,1,0.00,0.00,0.00,0.00,0.00,0.00,0.00,0.00,0.00,0.00,0.00,0.00,0.00,0.00,15-Sep,16-Sep,17-Sep,18-Sep,19-Sep,20-Sep,21-Sep,15-Sep,16-Sep,17-Sep,18-Sep,19-Sep,20-Sep,21-Sep,7,7,0
Amravati,Akola,Akola,Akola,Telhara_Akola,20028565,"Akot 84 VRRWSS Tq. Akola, Akot & Telhara Dist. Akola",Dinoda,1491,2,0.00,0.00,0.00,0.00,0.00,0.00,0.00,0.00,0.00,0.00,0.00,0.00,0.00,0.00,15-Sep,16-Sep,17-Sep,18-Sep,19-Sep,20-Sep,21-Sep,15-Sep,16-Sep,17-Sep,18-Sep,19-Sep,20-Sep,21-Sep,7,7,0
Amravati,Amravati,Amravati,Amravati - 2,Nandgaon Khandeshwar,20030287,Takli & 4 Villages RRWS,Hiwara Kh.,1671,2,172.11,178.77,186.95,180.48,167.65,183.55,166.25,10299.82,10698.38,11187.91,10800.72,10032.91,10984.44,9949.13,15-Sep,16-Sep,17-Sep,18-Sep,19-Sep,20-Sep,21-Sep,15-Sep,16-Sep,17-Sep,18-Sep,19-Sep,20-Sep,21-Sep,0,0,7
Amravati,Akola,Buldhana,Buldhana,Motala,20021409,Kurha & 2 Villages RRWSS,Kurha,2299,2,1.66,0.54,1.62,2.00,1.86,1.60,1.55,72.21,23.49,70.47,86.99,80.90,69.60,67.42,15-Sep,16-Sep,17-Sep,18-Sep,19-Sep,20-Sep,21-Sep,15-Sep,16-Sep,17-Sep,18-Sep,19-Sep,20-Sep,21-Sep,0,1,6
Amravati,Akola,Buldhana,Buldhana,Motala,20027978,Dhamangaon Deshmukh & 9 Villages RRWSS,Giroli,1418,1,0.00,0.08,0.00,0.02,0.00,0.09,0.00,0.08,5.65,0.00,1.19,0.00,6.29,0.00,15-Sep,16-Sep,17-Sep,18-Sep,19-Sep,20-Sep,21-Sep,15-Sep,16-Sep,17-Sep,18-Sep,19-Sep,20-Sep,21-Sep,3,7,0
Amravati,Akola,Akola,Akola,Balapur_Akola,20028254,Balapur 69 VRRWSS Tq. Balapur Dist. Akola,Nimba,541,3,0.00,0.00,0.00,0.00,3.95,4.10,3.12,0.00,0.00,0.00,0.00,0.00,0.00,0.00,15-Sep,16-Sep,17-Sep,18-Sep,19-Sep,20-Sep,21-Sep,15-Sep,16-Sep,17-Sep,18-Sep,19-Sep,20-Sep,21-Sep,7,7,0
Amravati,Akola,Akola,Akola,Akola,20027951,Khambora 60 VRRWSS Tq. & Dist. Akola,Mathodi,988,1,0.00,0.00,0.00,0.00,0.00,0.00,0.00,0.00,0.00,0.00,0.00,0.00,0.00,0.00,15-Sep,16-Sep,17-Sep,18-Sep,19-Sep,20-Sep,21-Sep,15-Sep,16-Sep,17-Sep,18-Sep,19-Sep,20-Sep,21-Sep,7,7,0
Amravati,Akola,Akola,Murtizapur,Murtizapur,20028330,Langhapur 50 VRRWSS Tq. Murtizapur Dist. Akola,Chikhli,314,2,0.00,0.00,0.00,0.00,0.00,0.00,0.00,0.00,0.00,0.00,0.00,0.00,0.00,0.00,15-Sep,16-Sep,17-Sep,18-Sep,19-Sep,20-Sep,21-Sep,15-Sep,16-Sep,17-Sep,18-Sep,19-Sep,20-Sep,21-Sep,7,7,0
Amravati,Akola,Buldhana,Deulgaon Raja,Buldana,20091206,Deulgaon Dhad & 5 Villages scheme,Dhad,13423,3,0.00,0.00,0.00,0.00,0.00,0.00,0.00,0.00,0.00,0.00,0.00,0.00,0.00,0.00,15-Sep,16-Sep,17-Sep,18-Sep,19-Sep,20-Sep,21-Sep,15-Sep,16-Sep,17-Sep,18-Sep,19-Sep,20-Sep,21-Sep,7,7,0
Amravati,Amravati,Amravati,Achalpur,Achalpur_Chandur Bazar,7945938,83 Village RRWS Scheme MJP RR (C 39),Kharpi,591,1,5.51,4.91,5.39,4.38,3.14,2.25,2.20,932.32,830.80,912.01,741.12,531.30,380.71,372.25,15-Sep,16-Sep,17-Sep,18-Sep,19-Sep,20-Sep,21-Sep,15-Sep,16-Sep,17-Sep,18-Sep,19-Sep,20-Sep,21-Sep,0,0,7
Amravati,Akola,Akola,Akola,Akot_Telhara,20028420,Popatkhed 97 VRRWSS Tq. Akot & Telhara Dist. Akola,Kund,327,1,0.34,0.10,0.41,0.24,0.40,0.10,0.35,103.05,30.55,124.77,74.14,120.95,30.84,107.27,15-Sep,16-Sep,17-Sep,18-Sep,19-Sep,20-Sep,21-Sep,15-Sep,16-Sep,17-Sep,18-Sep,19-Sep,20-Sep,21-Sep,0,2,5
Amravati,Amravati,Amravati,Achalpur,Achalpur_Chandur Bazar,7945938,83 Village RRWS Scheme MJP RR (C 39),Kavitha Bk.,1129,2,1.12,1.10,2.58,1.03,0.33,1.86,1.01,99.20,97.43,228.52,91.23,29.23,164.75,89.46,15-Sep,16-Sep,17-Sep,18-Sep,19-Sep,20-Sep,21-Sep,15-Sep,16-Sep,17-Sep,18-Sep,19-Sep,20-Sep,21-Sep,0,1,6
Amravati,Akola,Akola,Akola,Akot_Telhara,20028420,Popatkhed 97 VRRWSS Tq. Akot & Telhara Dist. Akola,Deulgaon,1463,2,0.00,0.00,0.00,0.00,0.00,0.00,0.00,0.00,0.00,0.00,0.00,0.00,0.00,0.00,15-Sep,16-Sep,17-Sep,18-Sep,19-Sep,20-Sep,21-Sep,15-Sep,16-Sep,17-Sep,18-Sep,19-Sep,20-Sep,21-Sep,7,7,0
Amravati,Amravati,Yavatmal,Pusad,Pusad,20028563,"Malpathar 28 Villages, (Reju.)",Sattarmal,802,2,0.00,0.00,0.00,0.00,0.00,0.00,0.00,0.00,0.00,0.00,0.00,0.00,0.00,0.00,15-Sep,16-Sep,17-Sep,18-Sep,19-Sep,20-Sep,21-Sep,15-Sep,16-Sep,17-Sep,18-Sep,19-Sep,20-Sep,21-Sep,7,7,0
Amravati,Amravati,Amravati,Achalpur,Achalpur,20028532,"24 Villages RRWSS, Ta. Achalpur",Yevata,1718,2,0.00,0.00,0.00,0.00,0.00,0.00,0.00,0.00,0.00,0.00,0.00,0.00,0.00,0.00,15-Sep,16-Sep,17-Sep,18-Sep,19-Sep,20-Sep,21-Sep,15-Sep,16-Sep,17-Sep,18-Sep,19-Sep,20-Sep,21-Sep,7,7,0
Amravati,Amravati,Amravati W.M,W.M.Amravati - 2,Chandur Bazar_Achalpur_Amravati_Bhatkuli,20003791,105 Villages RRWSS,Jalaka,1577,1,0.73,0.80,0.82,0.69,0.77,0.70,0.77,46.29,50.73,52.00,43.75,48.83,44.39,48.83,15-Sep,16-Sep,17-Sep,18-Sep,19-Sep,20-Sep,21-Sep,15-Sep,16-Sep,17-Sep,18-Sep,19-Sep,20-Sep,21-Sep,0,7,0
Amravati,Amravati,Amravati,Amravati - 2,Amravati,20029977,Bhankhed & 8 Village RRWSS,Bhankheda Kh.,1456,2,0.75,0.30,0.39,0.28,0.91,0.40,0.51,51.85,20.93,26.50,19.25,62.27,27.15,35.11,15-Sep,16-Sep,17-Sep,18-Sep,19-Sep,20-Sep,21-Sep,15-Sep,16-Sep,17-Sep,18-Sep,19-Sep,20-Sep,21-Sep,0,6,1
Amravati,Amravati,Amravati W.M,W.M.Amravati - 2,Chandur Bazar_Achalpur_Amravati_Bhatkuli,20003791,105 Villages RRWSS,Wathoda,2563,2,0.70,0.93,2.56,2.48,2.54,0.00,1.62,27.31,36.29,99.88,96.76,99.10,0.00,63.21,15-Sep,16-Sep,17-Sep,18-Sep,19-Sep,20-Sep,21-Sep,15-Sep,16-Sep,17-Sep,18-Sep,19-Sep,20-Sep,21-Sep,1,3,4
Amravati,Akola,Buldhana,Khamgaon,Nandura,4104783,Hingne Gavhad & 13 Villages RRWSS,Kodarkhed,298,3,0.99,0.00,1.81,1.44,2.02,2.81,2.29,330.62,0.00,607.92,482.64,677.40,943.16,769.98,15-Sep,16-Sep,17-Sep,18-Sep,19-Sep,20-Sep,21-Sep,15-Sep,16-Sep,17-Sep,18-Sep,19-Sep,20-Sep,21-Sep,1,1,6
Amravati,Akola,Buldhana,Buldhana,Motala,20021409,Kurha & 2 Villages RRWSS,Gotmara,1309,1,0.99,0.44,1.01,0.79,0.71,1.00,0.68,75.58,34.00,77.16,60.30,54.26,76.06,52.01,15-Sep,16-Sep,17-Sep,18-Sep,19-Sep,20-Sep,21-Sep,15-Sep,16-Sep,17-Sep,18-Sep,19-Sep,20-Sep,21-Sep,0,3,4
Amravati,Amravati,Amravati,Amravati - 2,Nandgaon Khandeshwar,20029975,Mangrul Chavhala & 8 Villages RRWS,Veni Ganeshpur,2242,2,0.94,0.37,3.43,1.22,1.04,0.31,3.64,41.97,16.62,153.18,54.48,46.27,13.88,162.20,15-Sep,16-Sep,17-Sep,18-Sep,19-Sep,20-Sep,21-Sep,15-Sep,16-Sep,17-Sep,18-Sep,19-Sep,20-Sep,21-Sep,0,5,2
Amravati,Amravati,Amravati,Achalpur,Achalpur_Chandur Bazar,7945938,83 Village RRWS Scheme MJP RR (C 39),Kandali,3538,4,14.17,11.68,14.58,26.63,11.32,26.97,13.48,400.57,330.14,412.19,752.57,320.03,762.27,381.10,15-Sep,16-Sep,17-Sep,18-Sep,19-Sep,20-Sep,21-Sep,15-Sep,16-Sep,17-Sep,18-Sep,19-Sep,20-Sep,21-Sep,0,0,7
Amravati,Amravati,Amravati,Chandur Bazar,Morshi,20029439,Charghad 23 Villages RRWS Under Charghad Project,Dabheri,830,1,0.00,0.00,0.00,0.00,0.76,0.00,0.00,0.00,0.00,0.00,0.00,0.00,0.00,0.00,15-Sep,16-Sep,17-Sep,18-Sep,19-Sep,20-Sep,21-Sep,15-Sep,16-Sep,17-Sep,18-Sep,19-Sep,20-Sep,21-Sep,7,7,0
Amravati,Amravati,Amravati,Amravati - 2,Nandgaon Khandeshwar,20030263,Dhanora Gurav & 8 Villages RRWS,Wadala,446,1,0.59,0.83,0.00,0.81,0.78,0.82,0.89,132.09,186.09,0.00,182.57,175.73,184.66,199.44,15-Sep,16-Sep,17-Sep,18-Sep,19-Sep,20-Sep,21-Sep,15-Sep,16-Sep,17-Sep,18-Sep,19-Sep,20-Sep,21-Sep,1,1,6
Amravati,Amravati,Yavatmal,Pusad,Pusad,20028563,"Malpathar 28 Villages, (Reju.)",Hanvantkheda,1783,2,1.66,0.60,0.00,0.00,0.00,0.00,0.00,93.10,33.64,0.00,0.00,0.00,0.00,0.00,15-Sep,16-Sep,17-Sep,18-Sep,19-Sep,20-Sep,21-Sep,15-Sep,16-Sep,17-Sep,18-Sep,19-Sep,20-Sep,21-Sep,5,6,1
Amravati,Akola,Akola,Akola,Akot_Telhara,20028420,Popatkhed 97 VRRWSS Tq. Akot & Telhara Dist. Akola,Wastapur,1565,2,0.00,0.00,0.00,0.00,0.00,0.00,0.00,0.00,0.00,0.00,0.00,0.00,0.00,0.00,15-Sep,16-Sep,17-Sep,18-Sep,19-Sep,20-Sep,21-Sep,15-Sep,16-Sep,17-Sep,18-Sep,19-Sep,20-Sep,21-Sep,7,7,0
Amravati,Amravati,Amravati,Achalpur,Achalpur_Chandur Bazar,7945938,83 Village RRWS Scheme MJP RR (C 39),Kondwardha,235,1,1.26,1.03,1.16,1.11,1.28,0.96,0.98,536.17,438.30,493.62,472.34,544.68,408.51,417.02,15-Sep,16-Sep,17-Sep,18-Sep,19-Sep,20-Sep,21-Sep,15-Sep,16-Sep,17-Sep,18-Sep,19-Sep,20-Sep,21-Sep,0,0,7
Amravati,Akola,Akola,Akola,Akola,20027951,Khambora 60 VRRWSS Tq. & Dist. Akola,Kapileshwar,801,1,2.49,2.42,2.48,2.10,1.91,0.00,0.00,310.99,302.30,309.78,262.74,238.54,0.00,0.00,15-Sep,16-Sep,17-Sep,18-Sep,19-Sep,20-Sep,21-Sep,15-Sep,16-Sep,17-Sep,18-Sep,19-Sep,20-Sep,21-Sep,2,2,5
Amravati,Amravati,Amravati,Amravati - 2,Nandgaon Khandeshwar,20030287,Takli & 4 Villages RRWS,Takali,2522,2,0.99,0.80,0.01,0.95,1.12,1.05,0.52,39.31,31.86,0.25,37.77,44.52,41.70,20.66,15-Sep,16-Sep,17-Sep,18-Sep,19-Sep,20-Sep,21-Sep,15-Sep,16-Sep,17-Sep,18-Sep,19-Sep,20-Sep,21-Sep,0,7,0
Amravati,Akola,Akola,Akola,Balapur,20028208,"Wadegaon & 24 VRRWSS Tq. Akola, Balapur & Barshitakali Dist.Akola",Ridhora,3925,3,0.00,0.00,0.00,0.00,0.73,0.00,0.73,0.00,0.00,0.00,0.00,0.00,0.00,0.00,15-Sep,16-Sep,17-Sep,18-Sep,19-Sep,20-Sep,21-Sep,15-Sep,16-Sep,17-Sep,18-Sep,19-Sep,20-Sep,21-Sep,7,7,0
Amravati,Akola,Akola,Akola,Patur,20028224,Shirpur & 12 VRRWSS Tq. Patur Dist. Akola,Tulanga KH,1934,2,0.00,0.00,0.00,0.00,0.82,1.38,0.97,0.00,0.00,0.00,0.00,0.00,0.00,0.00,15-Sep,16-Sep,17-Sep,18-Sep,19-Sep,20-Sep,21-Sep,15-Sep,16-Sep,17-Sep,18-Sep,19-Sep,20-Sep,21-Sep,7,7,0
Amravati,Amravati,Amravati W.M,W.M.Amravati - 2,Chandur Bazar_Achalpur_Amravati_Bhatkuli,20003791,105 Villages RRWSS,Nandura Bk.,2311,2,0.76,0.52,0.00,0.53,0.00,0.14,0.70,32.89,22.50,0.00,22.93,0.00,6.06,30.29,15-Sep,16-Sep,17-Sep,18-Sep,19-Sep,20-Sep,21-Sep,15-Sep,16-Sep,17-Sep,18-Sep,19-Sep,20-Sep,21-Sep,2,7,0
Amravati,Akola,Buldhana,Khamgaon,Shegaon,20013865,Chincholi & 30 Villages RRWSS,Gavhan,1528,1,0.00,0.00,0.00,0.00,0.00,0.00,0.00,0.00,0.00,0.00,0.00,0.00,0.00,0.00,15-Sep,16-Sep,17-Sep,18-Sep,19-Sep,20-Sep,21-Sep,15-Sep,16-Sep,17-Sep,18-Sep,19-Sep,20-Sep,21-Sep,7,7,0
Amravati,Akola,Akola,Akola,Akot_Telhara,20028420,Popatkhed 97 VRRWSS Tq. Akot & Telhara Dist. Akola,Shivpur,2631,3,0.00,0.00,0.00,0.00,0.00,0.00,0.00,0.00,0.00,0.00,0.00,0.00,0.00,0.00,15-Sep,16-Sep,17-Sep,18-Sep,19-Sep,20-Sep,21-Sep,15-Sep,16-Sep,17-Sep,18-Sep,19-Sep,20-Sep,21-Sep,7,7,0
Amravati,Akola,Akola,Akola,Akola,20027951,Khambora 60 VRRWSS Tq. & Dist. Akola,Likhanda Bk.,304,1,0.00,0.00,0.00,0.00,0.00,0.00,0.00,0.00,0.00,0.00,0.00,0.00,0.00,0.00,15-Sep,16-Sep,17-Sep,18-Sep,19-Sep,20-Sep,21-Sep,15-Sep,16-Sep,17-Sep,18-Sep,19-Sep,20-Sep,21-Sep,7,7,0
Amravati,Akola,Akola,Murtizapur,Murtizapur,20028330,Langhapur 50 VRRWSS Tq. Murtizapur Dist. Akola,Nimba,541,1,0.00,0.00,0.00,0.00,0.00,0.00,0.00,0.00,0.00,0.00,0.00,0.00,0.00,0.00,15-Sep,16-Sep,17-Sep,18-Sep,19-Sep,20-Sep,21-Sep,15-Sep,16-Sep,17-Sep,18-Sep,19-Sep,20-Sep,21-Sep,7,7,0
Amravati,Amravati,Amravati,Achalpur,Achalpur_Chandur Bazar,7945938,83 Village RRWS Scheme MJP RR (C 39),Bordi,335,1,14.10,9.26,12.61,10.31,15.46,9.20,14.68,4208.96,2764.18,3764.18,3077.61,4614.93,2746.27,4382.09,15-Sep,16-Sep,17-Sep,18-Sep,19-Sep,20-Sep,21-Sep,15-Sep,16-Sep,17-Sep,18-Sep,19-Sep,20-Sep,21-Sep,0,0,7
Amravati,Amravati,Amravati,Amravati - 2,Nandgaon Khandeshwar,20029975,Mangrul Chavhala & 8 Villages RRWS,Sangrampur,664,1,1.28,1.25,2.81,1.56,2.47,2.17,2.34,193.25,187.81,423.31,234.85,372.72,326.31,352.96,15-Sep,16-Sep,17-Sep,18-Sep,19-Sep,20-Sep,21-Sep,15-Sep,16-Sep,17-Sep,18-Sep,19-Sep,20-Sep,21-Sep,0,0,7
Amravati,Akola,Buldhana,Khamgaon,Shegaon,20013865,Chincholi & 30 Villages RRWSS,Warkhed KH,1306,2,0.00,0.00,0.00,0.00,0.00,0.00,0.00,0.00,0.00,0.00,0.00,0.00,0.00,0.00,15-Sep,16-Sep,17-Sep,18-Sep,19-Sep,20-Sep,21-Sep,15-Sep,16-Sep,17-Sep,18-Sep,19-Sep,20-Sep,21-Sep,7,7,0
Amravati,Akola,Akola,Akola,Telhara_Akola,20028565,"Akot 84 VRRWSS Tq. Akola, Akot & Telhara Dist. Akola",Sangavi,461,1,0.00,0.18,0.09,0.00,0.10,0.49,0.66,0.00,39.05,19.52,0.00,21.69,106.29,143.17,15-Sep,16-Sep,17-Sep,18-Sep,19-Sep,20-Sep,21-Sep,15-Sep,16-Sep,17-Sep,18-Sep,19-Sep,20-Sep,21-Sep,2,5,2
Amravati,Akola,Buldhana,Khamgaon,Nandura,4104783,Hingne Gavhad & 13 Villages RRWSS,Khedgaon,1379,2,0.62,0.00,0.00,0.00,0.66,0.00,0.00,44.76,0.00,0.00,0.00,47.65,0.00,0.00,15-Sep,16-Sep,17-Sep,18-Sep,19-Sep,20-Sep,21-Sep,15-Sep,16-Sep,17-Sep,18-Sep,19-Sep,20-Sep,21-Sep,5,7,0
Amravati,Akola,Akola,Akola,Akola,20027951,Khambora 60 VRRWSS Tq. & Dist. Akola,Akhatwada,870,1,0.00,0.00,0.00,0.00,0.00,0.01,0.00,0.00,0.00,0.00,0.00,0.06,0.86,0.00,15-Sep,16-Sep,17-Sep,18-Sep,19-Sep,20-Sep,21-Sep,15-Sep,16-Sep,17-Sep,18-Sep,19-Sep,20-Sep,21-Sep,5,7,0
Amravati,Amravati,Amravati,Achalpur,Achalpur_Chandur Bazar,7945938,83 Village RRWS Scheme MJP RR (C 39),Shekapur,64,1,0.00,0.00,0.00,0.00,0.00,0.00,0.00,0.00,0.00,0.00,0.00,0.00,0.00,0.00,15-Sep,16-Sep,17-Sep,18-Sep,19-Sep,20-Sep,21-Sep,15-Sep,16-Sep,17-Sep,18-Sep,19-Sep,20-Sep,21-Sep,7,7,0
Amravati,Amravati,Amravati,Amravati - 2,Amravati_Morshi_Tiwasa,20017838,Nandgaon Peth & 32 Villages,Sarshi,1291,2,1.38,1.55,1.28,1.13,1.35,1.10,1.33,107.20,119.77,99.22,87.82,104.85,85.13,102.77,15-Sep,16-Sep,17-Sep,18-Sep,19-Sep,20-Sep,21-Sep,15-Sep,16-Sep,17-Sep,18-Sep,19-Sep,20-Sep,21-Sep,0,0,7
Amravati,Akola,Akola,Akola,Telhara_Akola,20028565,"Akot 84 VRRWSS Tq. Akola, Akot & Telhara Dist. Akola",Jaulka,1312,1,5.92,1.91,0.00,0.00,0.00,1.79,4.54,451.55,145.60,0.00,0.00,0.00,136.43,346.29,15-Sep,16-Sep,17-Sep,18-Sep,19-Sep,20-Sep,21-Sep,15-Sep,16-Sep,17-Sep,18-Sep,19-Sep,20-Sep,21-Sep,3,3,4
Amravati,Akola,Akola,Akola,Akot_Telhara,20028420,Popatkhed 97 VRRWSS Tq. Akot & Telhara Dist. Akola,Makrampur,842,2,1.14,1.37,1.45,1.30,1.20,1.06,1.13,135.39,162.71,172.21,154.39,142.52,125.89,134.20,15-Sep,16-Sep,17-Sep,18-Sep,19-Sep,20-Sep,21-Sep,15-Sep,16-Sep,17-Sep,18-Sep,19-Sep,20-Sep,21-Sep,0,0,7
Amravati,Amravati,Amravati,Chandur Bazar,Morshi,20029439,Charghad 23 Villages RRWS Under Charghad Project,Pimpri,1886,1,0.00,0.00,0.00,0.00,0.00,0.00,0.00,0.00,0.00,0.00,0.00,0.00,0.00,0.00,15-Sep,16-Sep,17-Sep,18-Sep,19-Sep,20-Sep,21-Sep,15-Sep,16-Sep,17-Sep,18-Sep,19-Sep,20-Sep,21-Sep,7,7,0
Amravati,Akola,Buldhana,Khamgaon,Shegaon,20013865,Chincholi & 30 Villages RRWSS,Morgaon Digras,1110,1,0.78,1.07,0.81,0.70,0.72,0.67,0.76,70.00,96.44,73.09,63.04,65.20,60.32,68.71,15-Sep,16-Sep,17-Sep,18-Sep,19-Sep,20-Sep,21-Sep,15-Sep,16-Sep,17-Sep,18-Sep,19-Sep,20-Sep,21-Sep,0,0,7
Amravati,Amravati,Amravati,Amravati - 2,Chandur Rly,20030227,Chirodi & 4 Villages RRWS,Chirodi,2434,3,0.82,0.51,0.42,0.29,0.69,0.53,0.36,33.84,20.95,17.25,11.84,28.17,21.59,14.68,15-Sep,16-Sep,17-Sep,18-Sep,19-Sep,20-Sep,21-Sep,15-Sep,16-Sep,17-Sep,18-Sep,19-Sep,20-Sep,21-Sep,0,7,0
Amravati,Amravati,Amravati W.M,W.M.Amravati - 2,Chandur Bazar_Achalpur_Amravati_Bhatkuli,20003791,105 Villages RRWSS,Anakwadi,649,1,0.00,0.42,0.00,0.00,0.14,0.00,0.00,0.00,64.71,0.00,0.00,21.57,0.00,0.00,15-Sep,16-Sep,17-Sep,18-Sep,19-Sep,20-Sep,21-Sep,15-Sep,16-Sep,17-Sep,18-Sep,19-Sep,20-Sep,21-Sep,5,6,1
Amravati,Amravati,Amravati,Amravati - 2,Nandgaon Khandeshwar,20030287,Takli & 4 Villages RRWS,Bopnemtaba,849,1,0.63,0.55,0.81,0.59,0.60,0.55,0.76,74.20,64.78,95.41,69.49,70.67,64.78,89.52,15-Sep,16-Sep,17-Sep,18-Sep,19-Sep,20-Sep,21-Sep,15-Sep,16-Sep,17-Sep,18-Sep,19-Sep,20-Sep,21-Sep,0,0,7
Amravati,Akola,Akola,Akola,Telhara_Akola,20028565,"Akot 84 VRRWSS Tq. Akola, Akot & Telhara Dist. Akola",Sonbardi,712,2,0.11,0.00,0.00,0.06,0.62,0.61,0.25,15.45,0.00,0.00,8.43,87.08,85.67,35.11,15-Sep,16-Sep,17-Sep,18-Sep,19-Sep,20-Sep,21-Sep,15-Sep,16-Sep,17-Sep,18-Sep,19-Sep,20-Sep,21-Sep,2,5,2
Amravati,Amravati,Yavatmal,Pusad,Pusad,20028563,"Malpathar 28 Villages, (Reju.)",Aadgaon,2510,2,0.00,0.00,0.00,0.00,0.00,0.00,0.00,0.00,0.00,0.00,0.00,0.00,0.00,0.00,15-Sep,16-Sep,17-Sep,18-Sep,19-Sep,20-Sep,21-Sep,15-Sep,16-Sep,17-Sep,18-Sep,19-Sep,20-Sep,21-Sep,7,7,0
Amravati,Akola,Akola,Akola,Telhara_Akola,20028565,"Akot 84 VRRWSS Tq. Akola, Akot & Telhara Dist. Akola",Keliweli (New),3676,1,0.00,0.00,0.01,0.94,1.28,0.49,0.00,0.00,0.00,0.27,25.57,34.82,13.33,0.00,15-Sep,16-Sep,17-Sep,18-Sep,19-Sep,20-Sep,21-Sep,15-Sep,16-Sep,17-Sep,18-Sep,19-Sep,20-Sep,21-Sep,3,7,0
Amravati,Amravati,Amravati,Achalpur,Achalpur,20029998,Shahanur & 9 Villages RRWS,Januna,1827,2,1.64,0.27,2.12,1.61,1.69,3.09,2.44,89.84,14.54,116.23,87.91,92.49,168.96,133.78,15-Sep,16-Sep,17-Sep,18-Sep,19-Sep,20-Sep,21-Sep,15-Sep,16-Sep,17-Sep,18-Sep,19-Sep,20-Sep,21-Sep,0,1,6
Amravati,Akola,Akola,Akola,Telhara_Akola,20028565,"Akot 84 VRRWSS Tq. Akola, Akot & Telhara Dist. Akola",Maroda,1148,1,0.00,0.00,0.00,0.00,0.00,0.47,0.00,0.00,0.00,0.00,0.00,0.00,40.94,0.31,15-Sep,16-Sep,17-Sep,18-Sep,19-Sep,20-Sep,21-Sep,15-Sep,16-Sep,17-Sep,18-Sep,19-Sep,20-Sep,21-Sep,5,7,0
Amravati,Akola,Buldhana,Khamgaon,Khamgaon,20094753,Sambhapur & 4 Villages RRWSS,Umara,1514,1,0.00,0.00,0.00,0.00,0.00,0.00,0.00,0.00,0.00,0.00,0.00,0.00,0.00,0.00,15-Sep,16-Sep,17-Sep,18-Sep,19-Sep,20-Sep,21-Sep,15-Sep,16-Sep,17-Sep,18-Sep,19-Sep,20-Sep,21-Sep,7,7,0
Amravati,Akola,Buldhana,Buldhana,Buldhana,20021406,Padali & 5 Villages RRWSS,Padli,2502,2,0.00,0.47,1.02,0.54,0.44,0.80,1.24,0.00,18.84,40.66,21.54,17.44,31.82,49.66,15-Sep,16-Sep,17-Sep,18-Sep,19-Sep,20-Sep,21-Sep,15-Sep,16-Sep,17-Sep,18-Sep,19-Sep,20-Sep,21-Sep,1,7,0
Amravati,Akola,Akola,Akola,Akot_Telhara,20028420,Popatkhed 97 VRRWSS Tq. Akot & Telhara Dist. Akola,Mohala,3873,2,0.00,0.00,0.00,0.00,0.00,0.00,0.00,0.00,0.00,0.00,0.00,0.00,0.00,0.00,15-Sep,16-Sep,17-Sep,18-Sep,19-Sep,20-Sep,21-Sep,15-Sep,16-Sep,17-Sep,18-Sep,19-Sep,20-Sep,21-Sep,7,7,0
Amravati,Akola,Akola,Murtizapur,Murtizapur,20028330,Langhapur 50 VRRWSS Tq. Murtizapur Dist. Akola,Dahatonda,302,1,1.49,1.51,1.30,1.37,1.48,1.47,1.50,491.87,499.21,430.66,453.01,490.29,485.13,495.65,15-Sep,16-Sep,17-Sep,18-Sep,19-Sep,20-Sep,21-Sep,15-Sep,16-Sep,17-Sep,18-Sep,19-Sep,20-Sep,21-Sep,0,0,7
Amravati,Akola,Buldhana,Khamgaon,Nandura,4104783,Hingne Gavhad & 13 Villages RRWSS,Dhadi,737,1,0.00,0.03,0.00,0.00,0.00,0.00,0.00,0.03,3.59,0.00,0.00,0.00,0.01,0.12,15-Sep,16-Sep,17-Sep,18-Sep,19-Sep,20-Sep,21-Sep,15-Sep,16-Sep,17-Sep,18-Sep,19-Sep,20-Sep,21-Sep,3,7,0
Amravati,Akola,Akola,Akola,Akola,20027951,Khambora 60 VRRWSS Tq. & Dist. Akola,Jalabad,695,1,0.00,0.00,0.00,0.00,0.00,0.00,0.00,0.00,0.00,0.00,0.00,0.00,0.00,0.00,15-Sep,16-Sep,17-Sep,18-Sep,19-Sep,20-Sep,21-Sep,15-Sep,16-Sep,17-Sep,18-Sep,19-Sep,20-Sep,21-Sep,7,7,0
Amravati,Akola,Buldhana,Khamgaon,Shegaon,20013865,Chincholi & 30 Villages RRWSS,Warud,959,1,0.00,0.00,0.00,0.00,0.00,0.00,0.00,0.00,0.00,0.00,0.00,0.00,0.00,0.00,15-Sep,16-Sep,17-Sep,18-Sep,19-Sep,20-Sep,21-Sep,15-Sep,16-Sep,17-Sep,18-Sep,19-Sep,20-Sep,21-Sep,7,7,0
Amravati,Amravati,Amravati,Amravati - 2,Nandgaon Khandeshwar,20030120,Papal & 5 Villages RRWS,Papal,3628,2,0.00,0.00,0.00,0.00,0.00,0.00,0.00,0.00,0.00,0.00,0.00,0.00,0.00,0.00,15-Sep,16-Sep,17-Sep,18-Sep,19-Sep,20-Sep,21-Sep,15-Sep,16-Sep,17-Sep,18-Sep,19-Sep,20-Sep,21-Sep,7,7,0
Amravati,Akola,Akola,Akola,Balapur_Akola,20028254,Balapur 69 VRRWSS Tq. Balapur Dist. Akola,Nimbi,654,1,0.00,0.00,0.00,0.00,0.00,0.00,0.00,0.00,0.00,0.00,0.00,0.00,0.00,0.00,15-Sep,16-Sep,17-Sep,18-Sep,19-Sep,20-Sep,21-Sep,15-Sep,16-Sep,17-Sep,18-Sep,19-Sep,20-Sep,21-Sep,7,7,0
Amravati,Akola,Akola,Akola,Telhara_Akola,20028565,"Akot 84 VRRWSS Tq. Akola, Akot & Telhara Dist. Akola",Garsoli,288,1,0.00,0.00,0.00,3.85,0.00,0.00,0.00,0.00,0.00,0.00,1336.29,0.00,0.00,0.00,15-Sep,16-Sep,17-Sep,18-Sep,19-Sep,20-Sep,21-Sep,15-Sep,16-Sep,17-Sep,18-Sep,19-Sep,20-Sep,21-Sep,6,6,1
Amravati,Amravati,Amravati,Amravati - 2,Amravati_Morshi_Tiwasa,20017838,Nandgaon Peth & 32 Villages,Nerapinglai,15597,4,8.97,8.98,8.60,9.39,9.15,8.30,7.53,57.50,57.60,55.13,60.21,58.64,53.24,48.27,15-Sep,16-Sep,17-Sep,18-Sep,19-Sep,20-Sep,21-Sep,15-Sep,16-Sep,17-Sep,18-Sep,19-Sep,20-Sep,21-Sep,0,2,5
Amravati,Amravati,Yavatmal,Pusad,Pusad,20028563,"Malpathar 28 Villages, (Reju.)",Nandura Ijara,1616,2,0.00,0.00,0.00,0.00,0.00,0.32,0.00,0.00,0.00,0.00,0.00,0.00,0.00,0.00,15-Sep,16-Sep,17-Sep,18-Sep,19-Sep,20-Sep,21-Sep,15-Sep,16-Sep,17-Sep,18-Sep,19-Sep,20-Sep,21-Sep,7,7,0
Amravati,Amravati,Amravati,Chandur Bazar,Morshi,20029439,Charghad 23 Villages RRWS Under Charghad Project,Ashtoli,1078,1,0.00,0.00,0.00,0.00,2.49,0.00,0.00,0.00,0.00,0.00,0.00,0.00,0.00,0.00,15-Sep,16-Sep,17-Sep,18-Sep,19-Sep,20-Sep,21-Sep,15-Sep,16-Sep,17-Sep,18-Sep,19-Sep,20-Sep,21-Sep,7,7,0
Amravati,Amravati,Amravati,Amravati - 2,Nandgaon Khandeshwar,20030263,Dhanora Gurav & 8 Villages RRWS,Hiwra Murada,1089,2,0.54,0.83,0.69,1.07,0.00,1.12,0.00,49.47,75.94,63.32,98.66,0.00,102.76,0.00,15-Sep,16-Sep,17-Sep,18-Sep,19-Sep,20-Sep,21-Sep,15-Sep,16-Sep,17-Sep,18-Sep,19-Sep,20-Sep,21-Sep,2,3,4
Amravati,Akola,Akola,Akola,Telhara_Akola,20028565,"Akot 84 VRRWSS Tq. Akola, Akot & Telhara Dist. Akola",Ronalda,2441,4,0.00,0.00,0.00,0.00,0.00,0.00,0.00,0.00,0.00,0.00,0.00,0.00,0.00,0.00,15-Sep,16-Sep,17-Sep,18-Sep,19-Sep,20-Sep,21-Sep,15-Sep,16-Sep,17-Sep,18-Sep,19-Sep,20-Sep,21-Sep,7,7,0
Amravati,Amravati,Amravati,Amravati - 2,Chandur Rly,20030227,Chirodi & 4 Villages RRWS,Pathargaon,879,2,0.00,2.03,0.00,1.97,0.00,1.94,0.56,0.00,230.61,0.00,224.49,0.06,220.52,63.87,15-Sep,16-Sep,17-Sep,18-Sep,19-Sep,20-Sep,21-Sep,15-Sep,16-Sep,17-Sep,18-Sep,19-Sep,20-Sep,21-Sep,2,3,4
Amravati,Amravati,Amravati,Achalpur,Achalpur_Chandur Bazar,7945938,83 Village RRWS Scheme MJP RR (C 39),Kushta kd,225,1,0.00,0.00,0.10,0.17,0.00,0.00,0.00,0.00,0.00,44.44,75.56,0.00,0.00,0.00,15-Sep,16-Sep,17-Sep,18-Sep,19-Sep,20-Sep,21-Sep,15-Sep,16-Sep,17-Sep,18-Sep,19-Sep,20-Sep,21-Sep,5,6,1
Amravati,Akola,Akola,Akola,Akot_Telhara,20028420,Popatkhed 97 VRRWSS Tq. Akot & Telhara Dist. Akola,Waai,671,2,0.26,0.00,0.00,0.29,0.22,0.22,0.23,39.46,0.00,0.00,43.19,32.51,32.30,33.75,15-Sep,16-Sep,17-Sep,18-Sep,19-Sep,20-Sep,21-Sep,15-Sep,16-Sep,17-Sep,18-Sep,19-Sep,20-Sep,21-Sep,2,7,0
Amravati,Akola,Buldhana,Buldhana,Buldhana,20021406,Padali & 5 Villages RRWSS,Gondhankhed,413,1,0.00,0.00,0.00,0.00,0.00,0.00,0.00,0.00,0.00,0.00,0.00,0.00,0.00,0.00,15-Sep,16-Sep,17-Sep,18-Sep,19-Sep,20-Sep,21-Sep,15-Sep,16-Sep,17-Sep,18-Sep,19-Sep,20-Sep,21-Sep,7,7,0
Amravati,Akola,Akola,Akola,Telhara_Akola,20028565,"Akot 84 VRRWSS Tq. Akola, Akot & Telhara Dist. Akola",Rohana,809,1,0.00,1.43,1.97,4.93,1.94,1.33,1.14,0.00,0.00,0.00,0.00,0.00,0.00,0.00,15-Sep,16-Sep,17-Sep,18-Sep,19-Sep,20-Sep,21-Sep,15-Sep,16-Sep,17-Sep,18-Sep,19-Sep,20-Sep,21-Sep,7,7,0
Amravati,Amravati,Amravati W.M,W.M.Amravati - 2,Chandur Bazar_Achalpur_Amravati_Bhatkuli,20003791,105 Villages RRWSS,Chimnapur E.,62,1,0.00,0.19,0.00,0.00,0.16,0.00,0.01,0.00,306.45,0.00,0.00,258.06,0.00,16.13,15-Sep,16-Sep,17-Sep,18-Sep,19-Sep,20-Sep,21-Sep,15-Sep,16-Sep,17-Sep,18-Sep,19-Sep,20-Sep,21-Sep,4,5,2
Amravati,Amravati,Amravati,Amravati - 2,Nandgaon Khandeshwar,20030263,Dhanora Gurav & 8 Villages RRWS,Palas Mandal,1353,2,0.00,0.00,0.00,0.00,0.00,0.00,0.00,0.00,0.00,0.00,0.00,0.00,0.00,0.00,15-Sep,16-Sep,17-Sep,18-Sep,19-Sep,20-Sep,21-Sep,15-Sep,16-Sep,17-Sep,18-Sep,19-Sep,20-Sep,21-Sep,7,7,0
Amravati,Amravati,Amravati W.M,W.M.Amravati - 2,Chandur Bazar_Achalpur_Amravati_Bhatkuli,20003791,105 Villages RRWSS,Lasanapur,0,1,1.64,1.48,1.86,1.61,1.54,1.38,1.60,0.00,0.00,0.00,0.00,0.00,0.00,0.00,15-Sep,16-Sep,17-Sep,18-Sep,19-Sep,20-Sep,21-Sep,15-Sep,16-Sep,17-Sep,18-Sep,19-Sep,20-Sep,21-Sep,7,7,0
Amravati,Amravati,Amravati,Achalpur,Achalpur_Chandur Bazar,7945938,83 Village RRWS Scheme MJP RR (C 39),Belaj,369,2,0.00,0.00,0.00,0.00,0.00,0.00,0.00,0.00,0.00,0.00,0.00,0.00,0.00,0.00,15-Sep,16-Sep,17-Sep,18-Sep,19-Sep,20-Sep,21-Sep,15-Sep,16-Sep,17-Sep,18-Sep,19-Sep,20-Sep,21-Sep,7,7,0
Amravati,Amravati,Amravati,Achalpur,Achalpur_Chandur Bazar,7945938,83 Village RRWS Scheme MJP RR (C 39),Ambada Kandari,276,1,1.27,1.80,1.83,1.70,1.83,1.75,1.76,460.14,652.17,663.04,615.94,663.04,634.06,637.68,15-Sep,16-Sep,17-Sep,18-Sep,19-Sep,20-Sep,21-Sep,15-Sep,16-Sep,17-Sep,18-Sep,19-Sep,20-Sep,21-Sep,0,0,7
Amravati,Akola,Akola,Akola,Akot_Telhara,20028420,Popatkhed 97 VRRWSS Tq. Akot & Telhara Dist. Akola,Gulghat,771,2,0.80,0.27,0.83,0.00,0.96,0.20,0.82,103.62,35.13,107.26,0.00,124.17,26.06,106.31,15-Sep,16-Sep,17-Sep,18-Sep,19-Sep,20-Sep,21-Sep,15-Sep,16-Sep,17-Sep,18-Sep,19-Sep,20-Sep,21-Sep,1,3,4
Amravati,Akola,Buldhana,Khamgaon,Shegaon,20013865,Chincholi & 30 Villages RRWSS,Kherda,1687,2,0.48,0.12,1.20,1.03,1.14,1.12,1.18,28.22,7.35,71.30,61.00,67.36,66.38,70.20,15-Sep,16-Sep,17-Sep,18-Sep,19-Sep,20-Sep,21-Sep,15-Sep,16-Sep,17-Sep,18-Sep,19-Sep,20-Sep,21-Sep,0,2,5
Amravati,Akola,Akola,Akola,Barshitakali,20028246,Kanheri & 10 Villages RRWSS Tq. Barshitakli. Dist.Akola,Wizora,2318,2,0.00,0.00,0.00,0.00,0.00,0.00,0.00,0.00,0.00,0.00,0.00,0.00,0.00,0.00,15-Sep,16-Sep,17-Sep,18-Sep,19-Sep,20-Sep,21-Sep,15-Sep,16-Sep,17-Sep,18-Sep,19-Sep,20-Sep,21-Sep,7,7,0
Amravati,Amravati,Amravati W.M,W.M.Amravati - 2,Chandur Bazar_Achalpur_Amravati_Bhatkuli,20003791,105 Villages RRWSS,Nanori,1237,2,0.00,0.00,0.00,0.00,0.00,0.00,0.00,0.00,0.00,0.00,0.00,0.00,0.00,0.00,15-Sep,16-Sep,17-Sep,18-Sep,19-Sep,20-Sep,21-Sep,15-Sep,16-Sep,17-Sep,18-Sep,19-Sep,20-Sep,21-Sep,7,7,0
Amravati,Amravati,Amravati,Achalpur,Achalpur_Chandur Bazar,7945938,83 Village RRWS Scheme MJP RR (C 39),Shirajgaon kasba,4069,4,0.00,0.55,0.00,0.45,0.00,0.70,0.63,0.00,13.52,0.00,11.06,0.00,17.20,15.48,15-Sep,16-Sep,17-Sep,18-Sep,19-Sep,20-Sep,21-Sep,15-Sep,16-Sep,17-Sep,18-Sep,19-Sep,20-Sep,21-Sep,3,7,0
Amravati,Akola,Akola,Akola,Barshitakali,20028246,Kanheri & 10 Villages RRWSS Tq. Barshitakli. Dist.Akola,kanheri,5509,2,4.63,4.70,4.22,4.52,4.82,4.39,4.89,84.13,85.32,76.53,82.08,87.53,79.75,88.68,15-Sep,16-Sep,17-Sep,18-Sep,19-Sep,20-Sep,21-Sep,15-Sep,16-Sep,17-Sep,18-Sep,19-Sep,20-Sep,21-Sep,0,0,7
Amravati,Amravati,Yavatmal,Pusad,Pusad,20028563,"Malpathar 28 Villages, (Reju.)",Rohada,3556,1,0.00,0.00,0.00,0.00,0.00,0.00,0.00,0.00,0.00,0.00,0.00,0.00,0.00,0.00,15-Sep,16-Sep,17-Sep,18-Sep,19-Sep,20-Sep,21-Sep,15-Sep,16-Sep,17-Sep,18-Sep,19-Sep,20-Sep,21-Sep,7,7,0
Amravati,Akola,Akola,Akola,Akola,20027951,Khambora 60 VRRWSS Tq. & Dist. Akola,Marodi,930,1,2.16,2.30,1.08,0.00,0.00,1.12,0.11,232.21,246.98,116.37,0.00,0.00,120.83,12.31,15-Sep,16-Sep,17-Sep,18-Sep,19-Sep,20-Sep,21-Sep,15-Sep,16-Sep,17-Sep,18-Sep,19-Sep,20-Sep,21-Sep,2,3,4
Amravati,Akola,Akola,Akola,Telhara_Akola,20028565,"Akot 84 VRRWSS Tq. Akola, Akot & Telhara Dist. Akola",Karatwadi,1682,1,0.71,1.71,0.01,1.67,0.10,1.45,0.61,42.21,101.66,0.59,99.29,5.95,86.21,36.27,15-Sep,16-Sep,17-Sep,18-Sep,19-Sep,20-Sep,21-Sep,15-Sep,16-Sep,17-Sep,18-Sep,19-Sep,20-Sep,21-Sep,0,4,3
Amravati,Akola,Buldhana,Deulgaon Raja,Mehkar,20094641,Loni Kale & 7 VRRWSS,Gomedhar,1504,2,0.00,0.00,0.00,0.00,0.00,0.80,0.00,0.00,0.00,0.00,0.00,0.00,0.00,0.00,15-Sep,16-Sep,17-Sep,18-Sep,19-Sep,20-Sep,21-Sep,15-Sep,16-Sep,17-Sep,18-Sep,19-Sep,20-Sep,21-Sep,7,7,0
Amravati,Amravati,Amravati W.M,W.M.Amravati - 2,Chandur Bazar_Achalpur_Amravati_Bhatkuli,20003791,105 Villages RRWSS,Naya Akola,3201,3,0.00,0.00,0.00,0.00,0.00,0.00,0.00,0.00,0.00,0.00,0.00,0.00,0.00,0.00,15-Sep,16-Sep,17-Sep,18-Sep,19-Sep,20-Sep,21-Sep,15-Sep,16-Sep,17-Sep,18-Sep,19-Sep,20-Sep,21-Sep,7,7,0
Amravati,Akola,Akola,Akola,Akot_Telhara,20028420,Popatkhed 97 VRRWSS Tq. Akot & Telhara Dist. Akola,Popatkhed,295,4,1.60,0.00,0.00,1.19,0.80,0.00,1.33,540.93,0.00,0.00,403.73,271.34,0.00,449.78,15-Sep,16-Sep,17-Sep,18-Sep,19-Sep,20-Sep,21-Sep,15-Sep,16-Sep,17-Sep,18-Sep,19-Sep,20-Sep,21-Sep,3,3,4
Amravati,Amravati,Amravati,Achalpur,Achalpur_Chandur Bazar,7945938,83 Village RRWS Scheme MJP RR (C 39),Jawardi,221,1,0.00,0.00,0.00,0.00,0.00,1.84,9.07,0.00,0.00,0.00,0.00,0.00,832.58,4104.07,15-Sep,16-Sep,17-Sep,18-Sep,19-Sep,20-Sep,21-Sep,15-Sep,16-Sep,17-Sep,18-Sep,19-Sep,20-Sep,21-Sep,5,5,2
Amravati,Amravati,Amravati W.M,W.M.Amravati - 2,Chandur Bazar_Achalpur_Amravati_Bhatkuli,20003791,105 Villages RRWSS,Kharwadi,1634,1,1.34,0.64,1.48,1.41,1.54,1.41,1.38,82.01,39.17,90.58,86.29,94.25,86.29,84.46,15-Sep,16-Sep,17-Sep,18-Sep,19-Sep,20-Sep,21-Sep,15-Sep,16-Sep,17-Sep,18-Sep,19-Sep,20-Sep,21-Sep,0,1,6
Amravati,Akola,Akola,Murtizapur,Murtizapur,20028330,Langhapur 50 VRRWSS Tq. Murtizapur Dist. Akola,Pohi,301,1,1.08,1.13,0.92,1.35,1.18,1.13,0.70,357.49,376.64,304.15,450.04,392.03,374.44,232.21,15-Sep,16-Sep,17-Sep,18-Sep,19-Sep,20-Sep,21-Sep,15-Sep,16-Sep,17-Sep,18-Sep,19-Sep,20-Sep,21-Sep,0,0,7
Amravati,Amravati,Amravati,Amravati - 2,Nandgaon Khandeshwar,20030263,Dhanora Gurav & 8 Villages RRWS,Pimpri Gawanda,536,1,0.00,0.00,0.00,0.00,0.00,0.00,0.00,0.00,0.00,0.00,0.00,0.00,0.00,0.00,15-Sep,16-Sep,17-Sep,18-Sep,19-Sep,20-Sep,21-Sep,15-Sep,16-Sep,17-Sep,18-Sep,19-Sep,20-Sep,21-Sep,7,7,0
Amravati,Akola,Akola,Akola,Balapur,20028208,"Wadegaon & 24 VRRWSS Tq. Akola, Balapur & Barshitakali Dist.Akola",Kanheri,4542,2,0.00,0.00,0.00,0.00,4.04,4.34,4.20,0.00,0.00,0.00,0.00,0.00,0.00,0.00,15-Sep,16-Sep,17-Sep,18-Sep,19-Sep,20-Sep,21-Sep,15-Sep,16-Sep,17-Sep,18-Sep,19-Sep,20-Sep,21-Sep,7,7,0
Amravati,Amravati,Amravati W.M,Daryapur,Anjangaon_Daryapur_Bhatkuli,20005043,156 Villages Strengthening scheme of 144 villages RR,Rajkhed,564,1,0.01,0.26,0.00,0.44,0.00,0.36,0.00,1.77,46.10,0.00,78.01,0.00,63.83,0.00,15-Sep,16-Sep,17-Sep,18-Sep,19-Sep,20-Sep,21-Sep,15-Sep,16-Sep,17-Sep,18-Sep,19-Sep,20-Sep,21-Sep,3,5,2
Amravati,Akola,Akola,Akola,Telhara_Akola,20028565,"Akot 84 VRRWSS Tq. Akola, Akot & Telhara Dist. Akola",Warula,1141,1,0.00,0.00,0.00,0.00,0.00,0.00,0.00,0.00,0.00,0.00,0.00,0.00,0.00,0.00,15-Sep,16-Sep,17-Sep,18-Sep,19-Sep,20-Sep,21-Sep,15-Sep,16-Sep,17-Sep,18-Sep,19-Sep,20-Sep,21-Sep,7,7,0
Amravati,Akola,Akola,Akola,Telhara_Akola,20028565,"Akot 84 VRRWSS Tq. Akola, Akot & Telhara Dist. Akola",Hingani Bk.,1792,3,0.00,0.00,0.00,15.45,0.00,5.33,6.94,0.00,0.00,0.00,861.92,0.00,0.00,0.00,15-Sep,16-Sep,17-Sep,18-Sep,19-Sep,20-Sep,21-Sep,15-Sep,16-Sep,17-Sep,18-Sep,19-Sep,20-Sep,21-Sep,6,6,1
Amravati,Amravati,Amravati,Chandur Bazar,Chandur Bazar,20027511,"19 Villages RRWSS, Ta. Chandur Bazaar",Boraj,806,1,0.59,0.77,0.57,0.60,0.59,0.56,0.62,72.93,96.13,70.63,74.71,73.34,69.53,77.00,15-Sep,16-Sep,17-Sep,18-Sep,19-Sep,20-Sep,21-Sep,15-Sep,16-Sep,17-Sep,18-Sep,19-Sep,20-Sep,21-Sep,0,0,7
Amravati,Amravati,Amravati W.M,W.M.Amravati - 2,Chandur Bazar_Achalpur_Amravati_Bhatkuli,20003791,105 Villages RRWSS,Dautpur -Kanfodi,353,1,0.57,0.77,0.87,0.53,0.50,0.53,0.51,161.47,218.13,246.46,150.14,141.64,150.14,144.48,15-Sep,16-Sep,17-Sep,18-Sep,19-Sep,20-Sep,21-Sep,15-Sep,16-Sep,17-Sep,18-Sep,19-Sep,20-Sep,21-Sep,0,0,7
Amravati,Amravati,Amravati W.M,W.M.Amravati - 2,Chandur Bazar_Achalpur_Amravati_Bhatkuli,20003791,105 Villages RRWSS,Chakur,418,1,0.00,4.33,4.25,0.00,7.21,3.56,0.00,0.00,1035.89,1016.75,0.00,1724.88,851.67,0.00,15-Sep,16-Sep,17-Sep,18-Sep,19-Sep,20-Sep,21-Sep,15-Sep,16-Sep,17-Sep,18-Sep,19-Sep,20-Sep,21-Sep,3,3,4
Amravati,Amravati,Amravati,Achalpur,Achalpur,20029998,Shahanur & 9 Villages RRWS,Waghdoh,783,2,0.00,0.00,0.86,0.00,0.19,0.97,1.03,0.00,0.37,109.52,0.00,24.87,124.05,131.30,15-Sep,16-Sep,17-Sep,18-Sep,19-Sep,20-Sep,21-Sep,15-Sep,16-Sep,17-Sep,18-Sep,19-Sep,20-Sep,21-Sep,2,4,3
Amravati,Akola,Akola,Akola,Barshitakali,20028246,Kanheri & 10 Villages RRWSS Tq. Barshitakli. Dist.Akola,Pimpalkhuta,1447,3,1.68,1.36,2.40,1.19,1.07,2.02,1.34,115.88,94.13,166.06,82.36,73.66,139.34,92.56,15-Sep,16-Sep,17-Sep,18-Sep,19-Sep,20-Sep,21-Sep,15-Sep,16-Sep,17-Sep,18-Sep,19-Sep,20-Sep,21-Sep,0,0,7
Amravati,Akola,Akola,Akola,Telhara_Akola,20028565,"Akot 84 VRRWSS Tq. Akola, Akot & Telhara Dist. Akola",Kawasa,1300,1,0.00,0.00,0.00,1.29,0.14,0.00,0.00,0.00,0.00,0.00,99.50,11.07,0.00,0.00,15-Sep,16-Sep,17-Sep,18-Sep,19-Sep,20-Sep,21-Sep,15-Sep,16-Sep,17-Sep,18-Sep,19-Sep,20-Sep,21-Sep,5,6,1
Amravati,Amravati,Amravati,Achalpur,Achalpur_Chandur Bazar,7945938,83 Village RRWS Scheme MJP RR (C 39),Tuljapur jahagir,96,1,0.00,0.42,0.31,0.00,0.00,0.00,0.71,0.00,437.50,322.92,0.00,0.00,0.00,739.58,15-Sep,16-Sep,17-Sep,18-Sep,19-Sep,20-Sep,21-Sep,15-Sep,16-Sep,17-Sep,18-Sep,19-Sep,20-Sep,21-Sep,4,4,3
Amravati,Akola,Buldhana,Khamgaon,Shegaon,20013865,Chincholi & 30 Villages RRWSS,Pimparala,1025,3,0.06,0.00,0.00,0.00,0.00,0.00,0.00,5.62,0.00,0.00,0.33,0.00,0.00,0.00,15-Sep,16-Sep,17-Sep,18-Sep,19-Sep,20-Sep,21-Sep,15-Sep,16-Sep,17-Sep,18-Sep,19-Sep,20-Sep,21-Sep,5,7,0
Amravati,Akola,Buldhana,Khamgaon,Khamgaon,20090947,Lakhanwada & 21 villages RRWSS,Lakhanwada Bk,8157,2,,,,,,,,,,,,,,,15-Sep,16-Sep,17-Sep,18-Sep,19-Sep,20-Sep,21-Sep,15-Sep,16-Sep,17-Sep,18-Sep,19-Sep,20-Sep,21-Sep,0,0,0
Amravati,Amravati,Amravati W.M,W.M.Amravati - 2,Chandur Bazar_Achalpur_Amravati_Bhatkuli,20003791,105 Villages RRWSS,Gajanan Township,0,2,4.91,4.48,4.48,4.44,4.98,4.44,4.08,0.00,0.00,0.00,0.00,0.00,0.00,0.00,15-Sep,16-Sep,17-Sep,18-Sep,19-Sep,20-Sep,21-Sep,15-Sep,16-Sep,17-Sep,18-Sep,19-Sep,20-Sep,21-Sep,7,7,0
Amravati,Amravati,Yavatmal,Pusad,Pusad,20028563,"Malpathar 28 Villages, (Reju.)",Vasantwadi,1599,2,14.00,0.00,0.00,34.31,15.31,0.00,0.00,875.55,0.00,0.00,2145.72,957.47,0.00,0.00,15-Sep,16-Sep,17-Sep,18-Sep,19-Sep,20-Sep,21-Sep,15-Sep,16-Sep,17-Sep,18-Sep,19-Sep,20-Sep,21-Sep,4,4,3
Amravati,Akola,Akola,Akola,Akot_Telhara,20028420,Popatkhed 97 VRRWSS Tq. Akot & Telhara Dist. Akola,Jalgaon Nahate,1424,2,0.34,1.74,0.21,0.21,0.19,0.21,0.20,23.72,121.94,14.99,14.69,13.66,14.51,14.06,15-Sep,16-Sep,17-Sep,18-Sep,19-Sep,20-Sep,21-Sep,15-Sep,16-Sep,17-Sep,18-Sep,19-Sep,20-Sep,21-Sep,0,6,1
Amravati,Akola,Akola,Akola,Akot_Telhara,20028420,Popatkhed 97 VRRWSS Tq. Akot & Telhara Dist. Akola,Panj,5584,2,1.01,1.72,1.52,1.69,1.49,1.04,0.88,18.09,30.86,27.20,30.32,26.77,18.68,15.73,15-Sep,16-Sep,17-Sep,18-Sep,19-Sep,20-Sep,21-Sep,15-Sep,16-Sep,17-Sep,18-Sep,19-Sep,20-Sep,21-Sep,0,7,0
Amravati,Amravati,Amravati W.M,W.M.Amravati - 2,Chandur Bazar_Achalpur_Amravati_Bhatkuli,20003791,105 Villages RRWSS,Waigaon,1824,2,0.00,0.00,0.00,0.00,0.00,0.00,0.00,0.00,0.00,0.00,0.00,0.00,0.00,0.00,15-Sep,16-Sep,17-Sep,18-Sep,19-Sep,20-Sep,21-Sep,15-Sep,16-Sep,17-Sep,18-Sep,19-Sep,20-Sep,21-Sep,7,7,0
Amravati,Akola,Akola,Murtizapur,Murtizapur,20028330,Langhapur 50 VRRWSS Tq. Murtizapur Dist. Akola,Sonori,597,2,1.34,0.89,0.00,0.13,1.51,0.92,0.00,224.46,149.08,0.00,21.78,252.93,154.10,0.00,15-Sep,16-Sep,17-Sep,18-Sep,19-Sep,20-Sep,21-Sep,15-Sep,16-Sep,17-Sep,18-Sep,19-Sep,20-Sep,21-Sep,2,3,4
Amravati,Akola,Buldhana,Khamgaon,Nandura,4104783,Hingne Gavhad & 13 Villages RRWSS,Kharkundi,473,1,0.00,0.14,0.32,0.00,0.00,0.26,0.23,0.00,28.56,67.52,0.00,0.00,55.64,47.65,15-Sep,16-Sep,17-Sep,18-Sep,19-Sep,20-Sep,21-Sep,15-Sep,16-Sep,17-Sep,18-Sep,19-Sep,20-Sep,21-Sep,3,5,2
Amravati,Amravati,Amravati,Amravati - 2,Amravati_Morshi_Tiwasa,20017838,Nandgaon Peth & 32 Villages,Mahuli Jahangir,7089,2,0.11,6.02,7.96,3.21,0.39,7.66,8.82,0.00,0.00,0.00,0.00,0.00,0.00,0.00,15-Sep,16-Sep,17-Sep,18-Sep,19-Sep,20-Sep,21-Sep,15-Sep,16-Sep,17-Sep,18-Sep,19-Sep,20-Sep,21-Sep,7,7,0
Amravati,Amravati,Amravati,Amravati - 2,Nandgaon Khandeshwar,20029975,Mangrul Chavhala & 8 Villages RRWS,Mangrul Chawada,4127,4,2.46,2.43,2.87,2.56,2.94,1.98,2.84,59.63,58.97,69.57,62.10,71.16,47.86,68.82,15-Sep,16-Sep,17-Sep,18-Sep,19-Sep,20-Sep,21-Sep,15-Sep,16-Sep,17-Sep,18-Sep,19-Sep,20-Sep,21-Sep,0,1,6
Amravati,Akola,Akola,Akola,Telhara_Akola,20028565,"Akot 84 VRRWSS Tq. Akola, Akot & Telhara Dist. Akola",Alewadi,800,1,0.01,0.00,0.92,0.01,0.00,0.00,0.01,1.25,0.00,115.00,1.25,0.00,0.00,1.25,15-Sep,16-Sep,17-Sep,18-Sep,19-Sep,20-Sep,21-Sep,15-Sep,16-Sep,17-Sep,18-Sep,19-Sep,20-Sep,21-Sep,3,6,1
Amravati,Akola,Buldhana,Deulgaon Raja,Deulgaon Raja,20011134,Andhera & 9 Villages RRWSS,Waki Bk,1470,2,0.00,0.51,0.00,0.25,0.57,0.00,0.40,0.00,34.51,0.00,17.11,38.95,0.00,27.38,15-Sep,16-Sep,17-Sep,18-Sep,19-Sep,20-Sep,21-Sep,15-Sep,16-Sep,17-Sep,18-Sep,19-Sep,20-Sep,21-Sep,3,7,0
Amravati,Amravati,Amravati,Amravati - 2,Amravati,20029977,Bhankhed & 8 Village RRWSS,Mogra,1511,3,0.93,0.62,0.97,0.64,0.83,0.00,1.82,61.58,41.20,63.91,42.68,55.16,0.00,120.38,15-Sep,16-Sep,17-Sep,18-Sep,19-Sep,20-Sep,21-Sep,15-Sep,16-Sep,17-Sep,18-Sep,19-Sep,20-Sep,21-Sep,1,3,4
Amravati,Akola,Akola,Akola,Patur,20028224,Shirpur & 12 VRRWSS Tq. Patur Dist. Akola,Shirpur,1750,2,0.00,0.00,0.00,0.00,0.25,1.09,1.78,0.00,0.00,0.00,0.00,0.00,0.00,0.00,15-Sep,16-Sep,17-Sep,18-Sep,19-Sep,20-Sep,21-Sep,15-Sep,16-Sep,17-Sep,18-Sep,19-Sep,20-Sep,21-Sep,7,7,0
Amravati,Akola,Akola,Akola,Akot_Telhara,20028420,Popatkhed 97 VRRWSS Tq. Akot & Telhara Dist. Akola,Bambarda Bk.,991,1,0.19,5.22,8.71,9.69,0.33,0.36,0.01,19.17,526.74,878.64,977.90,33.30,36.33,1.01,15-Sep,16-Sep,17-Sep,18-Sep,19-Sep,20-Sep,21-Sep,15-Sep,16-Sep,17-Sep,18-Sep,19-Sep,20-Sep,21-Sep,0,4,3
Amravati,Akola,Akola,Akola,Telhara_Akola,20028565,"Akot 84 VRRWSS Tq. Akola, Akot & Telhara Dist. Akola",Alegaon,422,1,0.00,0.00,0.00,0.00,0.00,0.00,0.00,0.00,0.00,0.00,0.00,0.00,0.00,0.00,15-Sep,16-Sep,17-Sep,18-Sep,19-Sep,20-Sep,21-Sep,15-Sep,16-Sep,17-Sep,18-Sep,19-Sep,20-Sep,21-Sep,7,7,0
Amravati,Akola,Buldhana,Deulgaon Raja,Buldana,20091206,Deulgaon Dhad & 5 Villages scheme,Chandol,10089,4,0.00,0.00,0.00,0.00,2.51,2.76,2.23,0.00,0.00,0.00,0.00,0.00,0.00,0.00,15-Sep,16-Sep,17-Sep,18-Sep,19-Sep,20-Sep,21-Sep,15-Sep,16-Sep,17-Sep,18-Sep,19-Sep,20-Sep,21-Sep,7,7,0
Amravati,Akola,Akola,Akola,Barshitakali,20028235,Dhaba & 13 Villages RRWSS Tq.Barshitakali Dist.Akola,Rajanda,4346,3,3.05,2.78,1.16,0.20,1.36,2.40,2.40,70.23,63.92,26.75,4.52,31.26,55.20,55.28,15-Sep,16-Sep,17-Sep,18-Sep,19-Sep,20-Sep,21-Sep,15-Sep,16-Sep,17-Sep,18-Sep,19-Sep,20-Sep,21-Sep,0,3,4
Amravati,Akola,Akola,Murtizapur,Murtizapur,20028270,"Lakhpuri 18 VRRWSS Tq. Murtizapur, Dist. Akola",Jambha Bk.,2328,2,0.00,0.00,0.00,0.00,0.08,0.04,0.06,0.00,0.00,0.00,0.00,3.35,1.80,2.48,15-Sep,16-Sep,17-Sep,18-Sep,19-Sep,20-Sep,21-Sep,15-Sep,16-Sep,17-Sep,18-Sep,19-Sep,20-Sep,21-Sep,4,7,0
Amravati,Akola,Akola,Akola,Akola,20039455,Khambora 4 VRRWSS Tq. & Dist. Akola,Nipana,1527,1,0.02,0.00,0.00,0.00,0.60,0.00,0.00,1.63,0.00,0.00,0.00,39.17,0.00,0.00,15-Sep,16-Sep,17-Sep,18-Sep,19-Sep,20-Sep,21-Sep,15-Sep,16-Sep,17-Sep,18-Sep,19-Sep,20-Sep,21-Sep,5,7,0
Amravati,Akola,Buldhana,Buldhana,Motala,20027978,Dhamangaon Deshmukh & 9 Villages RRWSS,Isalwadi,1075,1,0.00,0.00,0.00,0.00,1.14,0.00,0.00,0.00,0.00,0.00,0.00,105.67,0.00,0.00,15-Sep,16-Sep,17-Sep,18-Sep,19-Sep,20-Sep,21-Sep,15-Sep,16-Sep,17-Sep,18-Sep,19-Sep,20-Sep,21-Sep,6,6,1
Amravati,Akola,Akola,Akola,Akot_Telhara,20028420,Popatkhed 97 VRRWSS Tq. Akot & Telhara Dist. Akola,Wadgaon Mendhe,927,3,1.45,0.05,0.53,1.47,1.46,0.05,1.18,156.68,5.15,57.42,158.05,157.78,5.02,127.73,15-Sep,16-Sep,17-Sep,18-Sep,19-Sep,20-Sep,21-Sep,15-Sep,16-Sep,17-Sep,18-Sep,19-Sep,20-Sep,21-Sep,0,2,5
Amravati,Akola,Buldhana,Khamgaon,Khamgaon,20094753,Sambhapur & 4 Villages RRWSS,Sambhapur,950,2,0.00,0.00,0.99,1.54,0.18,0.00,0.02,0.00,0.00,104.20,161.59,19.28,0.00,2.27,15-Sep,16-Sep,17-Sep,18-Sep,19-Sep,20-Sep,21-Sep,15-Sep,16-Sep,17-Sep,18-Sep,19-Sep,20-Sep,21-Sep,3,5,2
Amravati,Amravati,Amravati,Achalpur,Achalpur_Chandur Bazar,7945938,83 Village RRWS Scheme MJP RR (C 39),Chachondi,36,1,0.00,0.00,0.00,0.00,0.00,0.00,0.00,0.00,0.00,0.00,0.00,0.00,0.00,0.00,15-Sep,16-Sep,17-Sep,18-Sep,19-Sep,20-Sep,21-Sep,15-Sep,16-Sep,17-Sep,18-Sep,19-Sep,20-Sep,21-Sep,7,7,0
Amravati,Akola,Akola,Akola,Akola,20027951,Khambora 60 VRRWSS Tq. & Dist. Akola,Majlapur,2017,1,0.00,0.00,0.00,0.00,0.00,0.00,0.00,0.00,0.00,0.00,0.00,0.00,0.00,0.00,15-Sep,16-Sep,17-Sep,18-Sep,19-Sep,20-Sep,21-Sep,15-Sep,16-Sep,17-Sep,18-Sep,19-Sep,20-Sep,21-Sep,7,7,0
Amravati,Akola,Buldhana,Buldhana,Motala,20027978,Dhamangaon Deshmukh & 9 Villages RRWSS,Dhamangaon Deshmukh,1452,1,0.00,0.00,0.00,0.00,0.00,0.00,0.00,0.00,0.00,0.00,0.00,0.00,0.00,0.00,15-Sep,16-Sep,17-Sep,18-Sep,19-Sep,20-Sep,21-Sep,15-Sep,16-Sep,17-Sep,18-Sep,19-Sep,20-Sep,21-Sep,7,7,0
Amravati,Amravati,Amravati,Achalpur,Achalpur,20029998,Shahanur & 9 Villages RRWS,Gond Wagholi,1393,2,1.65,2.12,1.15,1.69,1.94,1.52,1.50,118.45,152.19,82.56,121.32,139.27,109.12,107.68,15-Sep,16-Sep,17-Sep,18-Sep,19-Sep,20-Sep,21-Sep,15-Sep,16-Sep,17-Sep,18-Sep,19-Sep,20-Sep,21-Sep,0,0,7
Amravati,Amravati,Amravati,Achalpur,Achalpur_Chandur Bazar,7945938,83 Village RRWS Scheme MJP RR (C 39),Dhanora,149,1,0.00,0.00,0.00,0.00,0.00,0.00,0.00,0.00,0.00,0.00,0.00,0.00,0.00,0.00,15-Sep,16-Sep,17-Sep,18-Sep,19-Sep,20-Sep,21-Sep,15-Sep,16-Sep,17-Sep,18-Sep,19-Sep,20-Sep,21-Sep,7,7,0
Amravati,Amravati,Yavatmal,Pusad,Pusad,20028563,"Malpathar 28 Villages, (Reju.)",Aamti,1239,2,0.00,0.00,0.00,0.00,0.00,0.00,0.00,0.00,0.00,0.00,0.00,0.00,0.00,0.00,15-Sep,16-Sep,17-Sep,18-Sep,19-Sep,20-Sep,21-Sep,15-Sep,16-Sep,17-Sep,18-Sep,19-Sep,20-Sep,21-Sep,7,7,0
Amravati,Akola,Akola,Akola,Barshitakali,20028246,Kanheri & 10 Villages RRWSS Tq. Barshitakli. Dist.Akola,Rustamabaad,2036,2,1.95,1.42,0.44,1.75,1.88,1.58,1.79,95.55,69.67,21.53,85.94,92.41,77.55,87.77,15-Sep,16-Sep,17-Sep,18-Sep,19-Sep,20-Sep,21-Sep,15-Sep,16-Sep,17-Sep,18-Sep,19-Sep,20-Sep,21-Sep,0,1,6
Amravati,Akola,Akola,Akola,Telhara_Akola,20028565,"Akot 84 VRRWSS Tq. Akola, Akot & Telhara Dist. Akola",Lotkhed,1143,2,0.00,0.00,0.00,1.19,0.03,0.00,0.00,0.00,0.00,0.00,103.84,2.62,0.00,0.00,15-Sep,16-Sep,17-Sep,18-Sep,19-Sep,20-Sep,21-Sep,15-Sep,16-Sep,17-Sep,18-Sep,19-Sep,20-Sep,21-Sep,5,6,1
Amravati,Amravati,Amravati,Amravati - 2,Nandgaon Khandeshwar,20029922,Chandsura & 9 Villages RRWS,Dhavalsari,1937,2,1.09,0.89,0.61,0.96,0.60,1.07,0.97,56.40,45.83,31.50,49.78,31.06,55.35,50.27,15-Sep,16-Sep,17-Sep,18-Sep,19-Sep,20-Sep,21-Sep,15-Sep,16-Sep,17-Sep,18-Sep,19-Sep,20-Sep,21-Sep,0,5,2
Amravati,Amravati,Amravati,Amravati - 2,Amravati,20029977,Bhankhed & 8 Village RRWSS,Pardi,1926,3,2.54,2.92,2.31,2.91,2.76,2.29,2.69,131.65,151.70,119.98,150.89,143.49,118.93,139.84,15-Sep,16-Sep,17-Sep,18-Sep,19-Sep,20-Sep,21-Sep,15-Sep,16-Sep,17-Sep,18-Sep,19-Sep,20-Sep,21-Sep,0,0,7
Amravati,Amravati,Amravati,Amravati - 2,Chandur Rly,20030227,Chirodi & 4 Villages RRWS,Karala,3161,3,815.56,19361.77,12484.11,9837.09,8333.35,10714.61,17977.50,25800.70,612520.55,394941.86,311201.88,263630.08,338962.67,568728.18,15-Sep,16-Sep,17-Sep,18-Sep,19-Sep,20-Sep,21-Sep,15-Sep,16-Sep,17-Sep,18-Sep,19-Sep,20-Sep,21-Sep,0,0,7
Amravati,Akola,Akola,Akola,Balapur,20028208,"Wadegaon & 24 VRRWSS Tq. Akola, Balapur & Barshitakali Dist.Akola",Goregaon Kh.,2431,3,,,,,,,,,,,,,,,15-Sep,16-Sep,17-Sep,18-Sep,19-Sep,20-Sep,21-Sep,15-Sep,16-Sep,17-Sep,18-Sep,19-Sep,20-Sep,21-Sep,0,0,0
Amravati,Amravati,Amravati W.M,W.M.Amravati - 2,Chandur Bazar_Achalpur_Amravati_Bhatkuli,20003791,105 Villages RRWSS,Waki,872,2,0.00,0.00,0.00,0.18,0.00,0.14,0.00,0.00,0.00,0.00,20.64,0.00,16.06,0.00,15-Sep,16-Sep,17-Sep,18-Sep,19-Sep,20-Sep,21-Sep,15-Sep,16-Sep,17-Sep,18-Sep,19-Sep,20-Sep,21-Sep,5,7,0
Amravati,Amravati,Amravati,Achalpur,Achalpur,20028532,"24 Villages RRWSS, Ta. Achalpur",Ashadpur,5432,3,0.00,0.00,0.00,0.00,0.00,0.00,0.00,0.00,0.00,0.00,0.00,0.00,0.00,0.00,15-Sep,16-Sep,17-Sep,18-Sep,19-Sep,20-Sep,21-Sep,15-Sep,16-Sep,17-Sep,18-Sep,19-Sep,20-Sep,21-Sep,7,7,0
Amravati,Akola,Akola,Akola,Akola,20027951,Khambora 60 VRRWSS Tq. & Dist. Akola,Kaulkhed Gomase,388,1,0.00,0.00,0.00,0.00,0.00,0.00,0.00,0.00,0.00,0.00,0.00,0.00,0.00,0.00,15-Sep,16-Sep,17-Sep,18-Sep,19-Sep,20-Sep,21-Sep,15-Sep,16-Sep,17-Sep,18-Sep,19-Sep,20-Sep,21-Sep,7,7,0
Amravati,Akola,Akola,Akola,Balapur,20028208,"Wadegaon & 24 VRRWSS Tq. Akola, Balapur & Barshitakali Dist.Akola",Nakashi,1912,2,0.00,0.00,0.00,0.00,2.85,2.57,1.80,0.00,0.00,0.00,0.00,0.00,0.00,0.00,15-Sep,16-Sep,17-Sep,18-Sep,19-Sep,20-Sep,21-Sep,15-Sep,16-Sep,17-Sep,18-Sep,19-Sep,20-Sep,21-Sep,7,7,0
Amravati,Akola,Buldhana,Khamgaon,Nandura,20028083,Wadali & 8 Villages RRWSS,Barafgaon,480,2,0.00,0.00,0.00,0.00,0.67,1.28,0.19,0.00,0.00,0.00,0.00,139.34,266.43,40.33,15-Sep,16-Sep,17-Sep,18-Sep,19-Sep,20-Sep,21-Sep,15-Sep,16-Sep,17-Sep,18-Sep,19-Sep,20-Sep,21-Sep,4,5,2
Amravati,Akola,Buldhana,Khamgaon,Nandura,4104783,Hingne Gavhad & 13 Villages RRWSS,Patonda,2076,2,0.22,0.00,0.00,0.89,0.56,0.54,0.28,10.61,0.00,0.00,43.00,27.08,25.84,13.46,15-Sep,16-Sep,17-Sep,18-Sep,19-Sep,20-Sep,21-Sep,15-Sep,16-Sep,17-Sep,18-Sep,19-Sep,20-Sep,21-Sep,2,7,0
Amravati,Amravati,Amravati,Chandur Bazar,Chandur Bazar,20027511,"19 Villages RRWSS, Ta. Chandur Bazaar",Ghatladki Devinagar,8658,2,1.53,0.00,0.00,5.99,0.00,0.00,0.00,17.70,0.00,0.00,69.19,0.00,0.00,0.00,15-Sep,16-Sep,17-Sep,18-Sep,19-Sep,20-Sep,21-Sep,15-Sep,16-Sep,17-Sep,18-Sep,19-Sep,20-Sep,21-Sep,5,6,1
Amravati,Akola,Buldhana,Buldhana,Motala,20028065,Pophali & 3 Villages RRWSS,Pophali,2833,2,3.49,1.35,1.75,2.84,3.08,3.16,2.84,123.16,47.80,61.73,100.31,108.64,111.63,100.20,15-Sep,16-Sep,17-Sep,18-Sep,19-Sep,20-Sep,21-Sep,15-Sep,16-Sep,17-Sep,18-Sep,19-Sep,20-Sep,21-Sep,0,1,6
Amravati,Akola,Buldhana,Khamgaon,Shegaon,20013865,Chincholi & 30 Villages RRWSS,Gaigaon BK,1282,2,0.00,0.00,0.00,0.00,0.00,0.00,0.00,0.00,0.00,0.00,0.00,0.00,0.00,0.00,15-Sep,16-Sep,17-Sep,18-Sep,19-Sep,20-Sep,21-Sep,15-Sep,16-Sep,17-Sep,18-Sep,19-Sep,20-Sep,21-Sep,7,7,0
Amravati,Amravati,Amravati W.M,W.M.Amravati - 2,Chandur Bazar_Achalpur_Amravati_Bhatkuli,20003791,105 Villages RRWSS,Koltek,,1,0.00,0.00,0.00,0.00,0.00,0.00,0.00,0.00,0.00,0.00,0.00,0.00,0.00,0.00,15-Sep,16-Sep,17-Sep,18-Sep,19-Sep,20-Sep,21-Sep,15-Sep,16-Sep,17-Sep,18-Sep,19-Sep,20-Sep,21-Sep,7,7,0
Amravati,Akola,Buldhana,Khamgaon,Nandura,4104783,Hingne Gavhad & 13 Villages RRWSS,Sawargaon Chahu,803,2,0.38,0.00,0.17,0.38,0.34,0.00,0.45,46.80,0.00,21.11,47.64,41.80,0.00,55.96,15-Sep,16-Sep,17-Sep,18-Sep,19-Sep,20-Sep,21-Sep,15-Sep,16-Sep,17-Sep,18-Sep,19-Sep,20-Sep,21-Sep,2,6,1
Amravati,Akola,Buldhana,Deulgaon Raja,Mehkar,20022859,Janefal Kalambeshwar RRWSS,Janefal,9586,3,0.00,0.00,0.00,0.00,6.17,9.77,4.53,0.00,0.00,0.00,0.00,0.00,0.00,0.00,15-Sep,16-Sep,17-Sep,18-Sep,19-Sep,20-Sep,21-Sep,15-Sep,16-Sep,17-Sep,18-Sep,19-Sep,20-Sep,21-Sep,7,7,0
Amravati,Akola,Akola,Akola,Balapur_Akola,20028254,Balapur 69 VRRWSS Tq. Balapur Dist. Akola,Karanja Ramjan,1287,2,0.57,1.94,0.55,2.35,0.53,2.80,0.50,44.33,150.39,43.07,182.54,41.21,217.23,39.17,15-Sep,16-Sep,17-Sep,18-Sep,19-Sep,20-Sep,21-Sep,15-Sep,16-Sep,17-Sep,18-Sep,19-Sep,20-Sep,21-Sep,0,4,3
Amravati,Akola,Akola,Akola,Barshitakali,20028235,Dhaba & 13 Villages RRWSS Tq.Barshitakali Dist.Akola,Jalalabad,867,2,1.73,3.17,2.47,2.11,2.59,2.28,2.35,199.48,366.11,285.33,243.87,298.45,263.27,270.65,15-Sep,16-Sep,17-Sep,18-Sep,19-Sep,20-Sep,21-Sep,15-Sep,16-Sep,17-Sep,18-Sep,19-Sep,20-Sep,21-Sep,0,0,7
Amravati,Akola,Akola,Murtizapur,Murtizapur,20028330,Langhapur 50 VRRWSS Tq. Murtizapur Dist. Akola,Borta,303,2,0.86,0.00,0.00,0.82,0.00,0.00,0.91,283.13,0.00,0.00,271.47,0.00,0.00,298.83,15-Sep,16-Sep,17-Sep,18-Sep,19-Sep,20-Sep,21-Sep,15-Sep,16-Sep,17-Sep,18-Sep,19-Sep,20-Sep,21-Sep,4,4,3
Amravati,Akola,Akola,Akola,Akot_Telhara,20028420,Popatkhed 97 VRRWSS Tq. Akot & Telhara Dist. Akola,Pimperkhed,1779,2,13.61,4.70,3.16,8.96,0.00,2.50,7.75,765.04,264.19,177.63,503.65,0.00,140.53,435.64,15-Sep,16-Sep,17-Sep,18-Sep,19-Sep,20-Sep,21-Sep,15-Sep,16-Sep,17-Sep,18-Sep,19-Sep,20-Sep,21-Sep,1,1,6
Amravati,Akola,Akola,Akola,Telhara_Akola,20028565,"Akot 84 VRRWSS Tq. Akola, Akot & Telhara Dist. Akola",Deori,2560,1,3.08,0.00,13.99,25.95,16.62,21.84,0.00,120.16,0.00,546.48,1013.67,649.22,853.02,0.00,15-Sep,16-Sep,17-Sep,18-Sep,19-Sep,20-Sep,21-Sep,15-Sep,16-Sep,17-Sep,18-Sep,19-Sep,20-Sep,21-Sep,2,2,5
Amravati,Akola,Akola,Akola,Akot_Telhara,20028420,Popatkhed 97 VRRWSS Tq. Akot & Telhara Dist. Akola,Chinchpani,547,1,0.00,0.11,0.00,0.34,0.64,0.67,0.86,0.00,20.26,0.00,61.73,117.57,121.59,157.10,15-Sep,16-Sep,17-Sep,18-Sep,19-Sep,20-Sep,21-Sep,15-Sep,16-Sep,17-Sep,18-Sep,19-Sep,20-Sep,21-Sep,2,3,4
Amravati,Akola,Akola,Akola,Barshitakali,20028235,Dhaba & 13 Villages RRWSS Tq.Barshitakali Dist.Akola,Januna,1827,2,0.60,0.00,0.00,0.00,0.00,4.04,0.83,32.92,0.00,0.00,0.00,0.00,221.18,45.69,15-Sep,16-Sep,17-Sep,18-Sep,19-Sep,20-Sep,21-Sep,15-Sep,16-Sep,17-Sep,18-Sep,19-Sep,20-Sep,21-Sep,4,6,1
Amravati,Akola,Akola,Akola,Telhara_Akola,20028565,"Akot 84 VRRWSS Tq. Akola, Akot & Telhara Dist. Akola",Keliweli (Old),3676,1,0.00,0.00,0.38,0.45,0.63,0.03,0.33,0.00,0.00,10.36,12.28,17.16,0.86,9.09,15-Sep,16-Sep,17-Sep,18-Sep,19-Sep,20-Sep,21-Sep,15-Sep,16-Sep,17-Sep,18-Sep,19-Sep,20-Sep,21-Sep,2,7,0
Amravati,Akola,Buldhana,Deulgaon Raja,Buldana,20091206,Deulgaon Dhad & 5 Villages scheme,Chauthala,1948,2,0.00,0.00,0.00,0.00,0.00,0.00,0.00,0.00,0.00,0.00,0.00,0.00,0.00,0.00,15-Sep,16-Sep,17-Sep,18-Sep,19-Sep,20-Sep,21-Sep,15-Sep,16-Sep,17-Sep,18-Sep,19-Sep,20-Sep,21-Sep,7,7,0
Amravati,Amravati,Amravati W.M,W.M.Amravati - 2,Chandur Bazar_Achalpur_Amravati_Bhatkuli,20003791,105 Villages RRWSS,Selora,1555,1,0.87,0.98,0.88,0.77,0.77,0.83,0.75,55.95,63.02,56.59,49.52,49.52,53.38,48.23,15-Sep,16-Sep,17-Sep,18-Sep,19-Sep,20-Sep,21-Sep,15-Sep,16-Sep,17-Sep,18-Sep,19-Sep,20-Sep,21-Sep,0,4,3
Amravati,Akola,Akola,Akola,Telhara_Akola,20028565,"Akot 84 VRRWSS Tq. Akola, Akot & Telhara Dist. Akola",Danori,1296,2,0.00,0.00,0.00,2.32,2.96,0.00,0.00,0.00,0.00,0.00,179.01,228.40,0.00,0.00,15-Sep,16-Sep,17-Sep,18-Sep,19-Sep,20-Sep,21-Sep,15-Sep,16-Sep,17-Sep,18-Sep,19-Sep,20-Sep,21-Sep,5,5,2
Amravati,Amravati,Yavatmal,Pusad,Pusad,20018633,Jawala 13 Villages RR PWS,Deothana,1208,3,0.00,0.00,0.00,0.00,0.74,0.09,1.52,0.00,0.00,0.00,0.00,0.00,0.00,0.00,15-Sep,16-Sep,17-Sep,18-Sep,19-Sep,20-Sep,21-Sep,15-Sep,16-Sep,17-Sep,18-Sep,19-Sep,20-Sep,21-Sep,7,7,0
Amravati,Amravati,Amravati,Chandur Bazar,Chandur Bazar,20027511,"19 Villages RRWSS, Ta. Chandur Bazaar",Nimkhed,846,1,0.70,0.67,0.67,0.71,0.00,0.00,0.00,82.82,78.87,79.13,83.67,0.00,0.00,0.00,15-Sep,16-Sep,17-Sep,18-Sep,19-Sep,20-Sep,21-Sep,15-Sep,16-Sep,17-Sep,18-Sep,19-Sep,20-Sep,21-Sep,3,3,4
Amravati,Akola,Buldhana,Khamgaon,Nandura,20028083,Wadali & 8 Villages RRWSS,Wasadi,792,2,0.00,0.00,0.00,0.00,0.00,0.00,0.00,0.00,0.00,0.00,0.00,0.00,0.00,0.00,15-Sep,16-Sep,17-Sep,18-Sep,19-Sep,20-Sep,21-Sep,15-Sep,16-Sep,17-Sep,18-Sep,19-Sep,20-Sep,21-Sep,7,7,0
Amravati,Akola,Buldhana,Buldhana,Buldhana,20094594,Hatedi & 5 Villages RRWSS,Hatedi Bk.,2891,2,0.00,0.00,0.00,0.00,0.00,0.00,0.00,0.00,0.00,0.00,0.00,0.00,0.00,0.00,15-Sep,16-Sep,17-Sep,18-Sep,19-Sep,20-Sep,21-Sep,15-Sep,16-Sep,17-Sep,18-Sep,19-Sep,20-Sep,21-Sep,7,7,0
Amravati,Akola,Buldhana,Khamgaon,Shegaon,20013865,Chincholi & 30 Villages RRWSS,Tintrav,2045,2,1.79,1.38,1.37,1.64,1.59,1.17,1.07,87.77,67.32,66.96,80.01,77.54,57.01,52.50,15-Sep,16-Sep,17-Sep,18-Sep,19-Sep,20-Sep,21-Sep,15-Sep,16-Sep,17-Sep,18-Sep,19-Sep,20-Sep,21-Sep,0,1,6
Amravati,Amravati,Amravati W.M,W.M.Amravati - 2,Chandur Bazar_Achalpur_Amravati_Bhatkuli,20003791,105 Villages RRWSS,Hiwara,689,1,10.45,8.56,11.58,8.12,10.93,8.18,12.15,1516.69,1242.38,1680.70,1178.52,1586.36,1187.23,1763.43,15-Sep,16-Sep,17-Sep,18-Sep,19-Sep,20-Sep,21-Sep,15-Sep,16-Sep,17-Sep,18-Sep,19-Sep,20-Sep,21-Sep,0,0,7
Amravati,Akola,Buldhana,Buldhana,Motala,20021409,Kurha & 2 Villages RRWSS,Hanwatkhed,801,1,0.00,0.00,0.00,0.00,0.00,0.00,0.00,0.00,0.00,0.00,0.00,0.00,0.00,0.00,15-Sep,16-Sep,17-Sep,18-Sep,19-Sep,20-Sep,21-Sep,15-Sep,16-Sep,17-Sep,18-Sep,19-Sep,20-Sep,21-Sep,7,7,0
Amravati,Amravati,Amravati W.M,W.M.Amravati - 2,Chandur Bazar_Achalpur_Amravati_Bhatkuli,20003791,105 Villages RRWSS,Madhalapur,500,1,1.21,0.49,0.99,0.65,1.00,0.67,1.13,242.00,98.00,198.00,130.00,200.00,134.00,226.00,15-Sep,16-Sep,17-Sep,18-Sep,19-Sep,20-Sep,21-Sep,15-Sep,16-Sep,17-Sep,18-Sep,19-Sep,20-Sep,21-Sep,0,0,7
Amravati,Akola,Buldhana,Khamgaon,Shegaon,20013865,Chincholi & 30 Villages RRWSS,Jawala Palaskhed,2323,2,1.51,0.00,0.85,1.09,0.82,1.14,0.71,65.10,0.00,36.43,47.13,35.43,49.26,30.41,15-Sep,16-Sep,17-Sep,18-Sep,19-Sep,20-Sep,21-Sep,15-Sep,16-Sep,17-Sep,18-Sep,19-Sep,20-Sep,21-Sep,1,6,1
Amravati,Akola,Akola,Akola,Patur,20028224,Shirpur & 12 VRRWSS Tq. Patur Dist. Akola,Sasti,6071,2,0.00,0.00,0.00,0.00,1.24,1.10,0.85,0.00,0.00,0.00,0.00,0.00,0.00,0.00,15-Sep,16-Sep,17-Sep,18-Sep,19-Sep,20-Sep,21-Sep,15-Sep,16-Sep,17-Sep,18-Sep,19-Sep,20-Sep,21-Sep,7,7,0
Amravati,Amravati,Amravati W.M,Daryapur,Anjangaon_Daryapur_Bhatkuli,20005043,156 Villages Strengthening scheme of 144 villages RR,Sasan Ramapur,1781,1,19147.18,11410.43,14773.02,14966.37,17465.40,7958.26,9656.71,1075080.29,640675.46,829478.72,840335.38,980651.49,446842.41,542207.19,15-Sep,16-Sep,17-Sep,18-Sep,19-Sep,20-Sep,21-Sep,15-Sep,16-Sep,17-Sep,18-Sep,19-Sep,20-Sep,21-Sep,0,0,7
Amravati,Akola,Buldhana,Khamgaon,Nandura,20028083,Wadali & 8 Villages RRWSS,Khatkhed,581,1,0.00,0.00,0.00,0.00,0.00,0.00,0.00,0.00,0.00,0.00,0.00,0.00,0.00,0.00,15-Sep,16-Sep,17-Sep,18-Sep,19-Sep,20-Sep,21-Sep,15-Sep,16-Sep,17-Sep,18-Sep,19-Sep,20-Sep,21-Sep,7,7,0
Amravati,Amravati,Amravati,Amravati - 2,Amravati_Morshi_Tiwasa,20017838,Nandgaon Peth & 32 Villages,Takli Jahangir,1954,2,0.00,0.00,0.00,0.00,2.49,2.46,2.35,0.00,0.00,0.00,0.00,0.00,0.00,0.00,15-Sep,16-Sep,17-Sep,18-Sep,19-Sep,20-Sep,21-Sep,15-Sep,16-Sep,17-Sep,18-Sep,19-Sep,20-Sep,21-Sep,7,7,0
Amravati,Amravati,Amravati W.M,Daryapur,Anjangaon_Daryapur_Bhatkuli,20005043,156 Villages Strengthening scheme of 144 villages RR,Pimplod,4197,2,4.19,5.88,6.05,5.29,5.69,5.64,5.96,99.83,140.01,144.08,126.03,135.59,134.40,141.93,15-Sep,16-Sep,17-Sep,18-Sep,19-Sep,20-Sep,21-Sep,15-Sep,16-Sep,17-Sep,18-Sep,19-Sep,20-Sep,21-Sep,0,0,7
Amravati,Akola,Akola,Akola,Telhara_Akola,20028565,"Akot 84 VRRWSS Tq. Akola, Akot & Telhara Dist. Akola",Balegaon,1353,1,159.71,188.70,0.00,0.00,0.00,190.68,141.47,11804.14,13947.07,0.00,0.00,0.00,14093.13,10455.69,15-Sep,16-Sep,17-Sep,18-Sep,19-Sep,20-Sep,21-Sep,15-Sep,16-Sep,17-Sep,18-Sep,19-Sep,20-Sep,21-Sep,3,3,4
Amravati,Akola,Akola,Akola,Patur,20028224,Shirpur & 12 VRRWSS Tq. Patur Dist. Akola,Pangartati,500,1,0.00,0.00,0.00,0.00,0.00,0.81,0.00,0.00,0.00,0.00,0.00,0.00,0.00,0.00,15-Sep,16-Sep,17-Sep,18-Sep,19-Sep,20-Sep,21-Sep,15-Sep,16-Sep,17-Sep,18-Sep,19-Sep,20-Sep,21-Sep,7,7,0
Amravati,Amravati,Amravati,Achalpur,Achalpur_Chandur Bazar,7945938,83 Village RRWS Scheme MJP RR (C 39),Dewari,107,1,0.00,0.00,0.04,0.00,0.00,0.00,0.03,0.00,0.00,37.38,0.00,0.00,0.00,28.04,15-Sep,16-Sep,17-Sep,18-Sep,19-Sep,20-Sep,21-Sep,15-Sep,16-Sep,17-Sep,18-Sep,19-Sep,20-Sep,21-Sep,5,7,0
Amravati,Amravati,Amravati,Achalpur,Achalpur,20029998,Shahanur & 9 Villages RRWS,Kumbhi Wagholi,507,1,0.00,0.00,0.00,0.00,0.00,0.00,0.00,0.00,0.00,0.00,0.00,0.00,0.00,0.00,15-Sep,16-Sep,17-Sep,18-Sep,19-Sep,20-Sep,21-Sep,15-Sep,16-Sep,17-Sep,18-Sep,19-Sep,20-Sep,21-Sep,7,7,0
Amravati,Akola,Akola,Murtizapur,Murtizapur,20028308,Pinjar & 2 VRRWSS Tq.Barshitakali Dist.Akola,Junana,2252,2,0.95,0.36,0.08,0.98,1.12,1.11,0.24,42.20,15.88,3.49,43.60,49.92,49.43,10.83,15-Sep,16-Sep,17-Sep,18-Sep,19-Sep,20-Sep,21-Sep,15-Sep,16-Sep,17-Sep,18-Sep,19-Sep,20-Sep,21-Sep,0,7,0
Amravati,Amravati,Amravati W.M,W.M.Amravati - 2,Chandur Bazar_Achalpur_Amravati_Bhatkuli,20003791,105 Villages RRWSS,Dhangarkheda,326,1,0.82,0.00,0.37,0.00,0.92,0.00,0.00,251.53,0.00,113.50,0.00,282.21,0.00,0.00,15-Sep,16-Sep,17-Sep,18-Sep,19-Sep,20-Sep,21-Sep,15-Sep,16-Sep,17-Sep,18-Sep,19-Sep,20-Sep,21-Sep,4,4,3
Amravati,Amravati,Amravati,Amravati - 2,Amravati_Morshi_Tiwasa,20017838,Nandgaon Peth & 32 Villages,Salora,1973,2,0.00,0.00,0.00,0.00,0.00,0.00,0.00,0.00,0.00,0.00,0.00,0.00,0.00,0.00,15-Sep,16-Sep,17-Sep,18-Sep,19-Sep,20-Sep,21-Sep,15-Sep,16-Sep,17-Sep,18-Sep,19-Sep,20-Sep,21-Sep,7,7,0
Amravati,Akola,Buldhana,Buldhana,Motala,20028065,Pophali & 3 Villages RRWSS,Wadi,724,2,0.04,0.00,0.00,0.00,0.00,0.00,0.00,5.62,0.00,0.07,0.57,0.00,0.00,0.19,15-Sep,16-Sep,17-Sep,18-Sep,19-Sep,20-Sep,21-Sep,15-Sep,16-Sep,17-Sep,18-Sep,19-Sep,20-Sep,21-Sep,3,7,0
Amravati,Akola,Buldhana,Khamgaon,Nandura,4104783,Hingne Gavhad & 13 Villages RRWSS,Palsoda,3112,2,0.93,0.00,0.00,0.00,0.55,0.43,0.58,30.01,0.00,0.15,0.00,17.72,13.89,18.71,15-Sep,16-Sep,17-Sep,18-Sep,19-Sep,20-Sep,21-Sep,15-Sep,16-Sep,17-Sep,18-Sep,19-Sep,20-Sep,21-Sep,2,7,0
Amravati,Akola,Akola,Akola,Telhara_Akola,20028565,"Akot 84 VRRWSS Tq. Akola, Akot & Telhara Dist. Akola",Pimpari Dikkar,522,1,0.02,0.00,1.23,0.01,0.01,0.02,0.03,3.83,0.00,235.63,1.92,1.92,3.83,5.75,15-Sep,16-Sep,17-Sep,18-Sep,19-Sep,20-Sep,21-Sep,15-Sep,16-Sep,17-Sep,18-Sep,19-Sep,20-Sep,21-Sep,1,6,1
Amravati,Akola,Akola,Murtizapur,Murtizapur,20028330,Langhapur 50 VRRWSS Tq. Murtizapur Dist. Akola,Sirso,1395,3,1.87,0.00,1.14,0.00,1.14,0.00,1.77,134.24,0.00,81.83,0.00,81.86,0.00,127.01,15-Sep,16-Sep,17-Sep,18-Sep,19-Sep,20-Sep,21-Sep,15-Sep,16-Sep,17-Sep,18-Sep,19-Sep,20-Sep,21-Sep,3,3,4
Amravati,Akola,Akola,Akola,Akot_Telhara,20028420,Popatkhed 97 VRRWSS Tq. Akot & Telhara Dist. Akola,Wadali Deshmukh,3704,2,0.00,0.00,0.00,0.00,0.00,0.00,0.00,0.00,0.00,0.00,0.00,0.00,0.00,0.00,15-Sep,16-Sep,17-Sep,18-Sep,19-Sep,20-Sep,21-Sep,15-Sep,16-Sep,17-Sep,18-Sep,19-Sep,20-Sep,21-Sep,7,7,0
Amravati,Amravati,Amravati,Amravati - 2,Nandgaon Khandeshwar,20030120,Papal & 5 Villages RRWS,Lohgaon,,2,0.00,0.00,0.00,0.65,0.98,0.42,0.53,0.00,0.00,0.00,0.00,0.00,0.00,0.00,15-Sep,16-Sep,17-Sep,18-Sep,19-Sep,20-Sep,21-Sep,15-Sep,16-Sep,17-Sep,18-Sep,19-Sep,20-Sep,21-Sep,7,7,0
Amravati,Akola,Akola,Akola,Telhara_Akola,20028565,"Akot 84 VRRWSS Tq. Akola, Akot & Telhara Dist. Akola",Rajurwadi,46,1,0.00,0.00,0.00,0.00,0.00,0.00,0.00,0.00,0.00,0.00,0.00,0.00,0.00,0.00,15-Sep,16-Sep,17-Sep,18-Sep,19-Sep,20-Sep,21-Sep,15-Sep,16-Sep,17-Sep,18-Sep,19-Sep,20-Sep,21-Sep,7,7,0
Amravati,Akola,Akola,Murtizapur,Murtizapur,20028270,"Lakhpuri 18 VRRWSS Tq. Murtizapur, Dist. Akola",Ghungshi,636,1,1.13,1.22,0.24,0.82,0.99,1.03,1.00,177.19,191.65,37.02,129.58,154.95,162.55,157.87,15-Sep,16-Sep,17-Sep,18-Sep,19-Sep,20-Sep,21-Sep,15-Sep,16-Sep,17-Sep,18-Sep,19-Sep,20-Sep,21-Sep,0,1,6
Amravati,Akola,Akola,Akola,Balapur_Akola,20028254,Balapur 69 VRRWSS Tq. Balapur Dist. Akola,Galgaon,4926,2,0.00,0.00,0.00,0.00,0.00,0.00,0.00,0.00,0.00,0.00,0.00,0.00,0.00,0.00,15-Sep,16-Sep,17-Sep,18-Sep,19-Sep,20-Sep,21-Sep,15-Sep,16-Sep,17-Sep,18-Sep,19-Sep,20-Sep,21-Sep,7,7,0
Amravati,Akola,Buldhana,Khamgaon,Nandura,20028083,Wadali & 8 Villages RRWSS,Muramba,596,2,0.00,0.00,0.00,0.00,0.00,0.00,0.00,0.00,0.00,0.00,0.00,0.00,0.00,0.00,15-Sep,16-Sep,17-Sep,18-Sep,19-Sep,20-Sep,21-Sep,15-Sep,16-Sep,17-Sep,18-Sep,19-Sep,20-Sep,21-Sep,7,7,0
Amravati,Amravati,Amravati W.M,W.M.Amravati - 2,Chandur Bazar_Achalpur_Amravati_Bhatkuli,20003791,105 Villages RRWSS,Shirajgaon,1491,5,8.07,7.25,7.94,7.00,9.42,30.21,7.02,541.25,486.25,532.53,469.48,631.79,2026.16,470.82,15-Sep,16-Sep,17-Sep,18-Sep,19-Sep,20-Sep,21-Sep,15-Sep,16-Sep,17-Sep,18-Sep,19-Sep,20-Sep,21-Sep,0,0,7
Amravati,Amravati,Amravati W.M,W.M.Amravati - 2,Chandur Bazar_Achalpur_Amravati_Bhatkuli,20003791,105 Villages RRWSS,Pohara,517,1,0.00,1.03,0.00,1.00,0.00,1.22,0.08,0.00,199.23,0.00,193.42,0.00,235.98,15.47,15-Sep,16-Sep,17-Sep,18-Sep,19-Sep,20-Sep,21-Sep,15-Sep,16-Sep,17-Sep,18-Sep,19-Sep,20-Sep,21-Sep,3,4,3
Amravati,Akola,Akola,Akola,Telhara_Akola,20028565,"Akot 84 VRRWSS Tq. Akola, Akot & Telhara Dist. Akola",Takli Kh.,1728,4,1.23,1.60,0.94,0.68,0.63,1.03,1.31,71.18,92.59,54.40,39.35,36.46,59.61,75.81,15-Sep,16-Sep,17-Sep,18-Sep,19-Sep,20-Sep,21-Sep,15-Sep,16-Sep,17-Sep,18-Sep,19-Sep,20-Sep,21-Sep,0,3,4
Amravati,Akola,Akola,Akola,Telhara_Akola,20028565,"Akot 84 VRRWSS Tq. Akola, Akot & Telhara Dist. Akola",Khaparwadi Bk.,420,1,0.00,0.00,0.00,0.00,0.00,0.00,0.00,0.00,0.00,0.00,0.00,0.00,0.00,0.00,15-Sep,16-Sep,17-Sep,18-Sep,19-Sep,20-Sep,21-Sep,15-Sep,16-Sep,17-Sep,18-Sep,19-Sep,20-Sep,21-Sep,7,7,0
Amravati,Amravati,Amravati,Amravati - 2,Nandgaon Khandeshwar,20030263,Dhanora Gurav & 8 Villages RRWS,Dhanora Gurav,1796,2,0.00,0.00,0.00,0.00,0.00,0.00,0.00,0.00,0.00,0.00,0.00,0.00,0.00,0.00,15-Sep,16-Sep,17-Sep,18-Sep,19-Sep,20-Sep,21-Sep,15-Sep,16-Sep,17-Sep,18-Sep,19-Sep,20-Sep,21-Sep,7,7,0
Amravati,Akola,Buldhana,Khamgaon,Khamgaon,20090947,Lakhanwada & 21 villages RRWSS,Kanchanpur,2132,2,0.00,0.00,0.00,0.00,1.24,0.00,0.00,0.00,0.00,0.00,0.00,0.00,0.00,0.00,15-Sep,16-Sep,17-Sep,18-Sep,19-Sep,20-Sep,21-Sep,15-Sep,16-Sep,17-Sep,18-Sep,19-Sep,20-Sep,21-Sep,7,7,0
Amravati,Akola,Akola,Akola,Telhara_Akola,20028565,"Akot 84 VRRWSS Tq. Akola, Akot & Telhara Dist. Akola",Kalwadi,945,2,0.00,0.00,0.00,0.00,0.00,4.37,0.00,0.00,0.00,0.00,0.00,0.00,462.43,0.00,15-Sep,16-Sep,17-Sep,18-Sep,19-Sep,20-Sep,21-Sep,15-Sep,16-Sep,17-Sep,18-Sep,19-Sep,20-Sep,21-Sep,6,6,1
Amravati,Amravati,Yavatmal,Pusad,Pusad,20028563,"Malpathar 28 Villages, (Reju.)",Panhala,1476,2,0.00,0.00,0.00,0.00,0.00,0.00,0.00,0.00,0.00,0.00,0.00,0.00,0.00,0.00,15-Sep,16-Sep,17-Sep,18-Sep,19-Sep,20-Sep,21-Sep,15-Sep,16-Sep,17-Sep,18-Sep,19-Sep,20-Sep,21-Sep,7,7,0
Amravati,Akola,Akola,Akola,Akot_Telhara,20028420,Popatkhed 97 VRRWSS Tq. Akot & Telhara Dist. Akola,Umara,310,2,3.35,3.85,3.57,3.43,3.70,3.57,3.47,1079.67,1243.16,1153.11,1107.34,1193.41,1151.81,1117.96,15-Sep,16-Sep,17-Sep,18-Sep,19-Sep,20-Sep,21-Sep,15-Sep,16-Sep,17-Sep,18-Sep,19-Sep,20-Sep,21-Sep,0,0,7
Amravati,Amravati,Amravati W.M,Daryapur,Anjangaon_Daryapur_Bhatkuli,20005043,156 Villages Strengthening scheme of 144 villages RR,Yerandgaon,712,1,693.11,738.16,701.87,718.27,854.92,672.56,710.54,97346.91,103674.16,98577.25,100880.62,120073.03,94460.67,99794.94,15-Sep,16-Sep,17-Sep,18-Sep,19-Sep,20-Sep,21-Sep,15-Sep,16-Sep,17-Sep,18-Sep,19-Sep,20-Sep,21-Sep,0,0,7
Amravati,Akola,Akola,Akola,Balapur,20028208,"Wadegaon & 24 VRRWSS Tq. Akola, Balapur & Barshitakali Dist.Akola",Nimbi Malokar,1108,2,0.00,0.00,0.00,0.00,0.52,0.56,0.23,0.00,0.00,0.00,0.00,0.00,0.00,0.00,15-Sep,16-Sep,17-Sep,18-Sep,19-Sep,20-Sep,21-Sep,15-Sep,16-Sep,17-Sep,18-Sep,19-Sep,20-Sep,21-Sep,7,7,0
Amravati,Akola,Buldhana,Khamgaon,Shegaon,20013865,Chincholi & 30 Villages RRWSS,Warkhed BK,1542,1,0.00,0.00,0.00,0.00,0.00,0.00,0.00,0.00,0.00,0.00,0.00,0.00,0.00,0.00,15-Sep,16-Sep,17-Sep,18-Sep,19-Sep,20-Sep,21-Sep,15-Sep,16-Sep,17-Sep,18-Sep,19-Sep,20-Sep,21-Sep,7,7,0
Amravati,Akola,Buldhana,Buldhana,Buldhana,20094594,Hatedi & 5 Villages RRWSS,Chikhla,1352,2,1.15,0.00,0.00,1.26,0.09,1.25,0.00,85.19,0.00,0.02,93.43,6.66,92.45,0.08,15-Sep,16-Sep,17-Sep,18-Sep,19-Sep,20-Sep,21-Sep,15-Sep,16-Sep,17-Sep,18-Sep,19-Sep,20-Sep,21-Sep,1,4,3
Amravati,Amravati,Yavatmal,Pusad,Pusad,20028563,"Malpathar 28 Villages, (Reju.)",Nanad no 2,3116,2,0.02,0.00,0.01,0.01,0.05,0.00,0.03,0.64,0.00,0.32,0.32,1.60,0.00,0.96,15-Sep,16-Sep,17-Sep,18-Sep,19-Sep,20-Sep,21-Sep,15-Sep,16-Sep,17-Sep,18-Sep,19-Sep,20-Sep,21-Sep,2,7,0
Amravati,Akola,Buldhana,Khamgaon,Nandura,4104783,Hingne Gavhad & 13 Villages RRWSS,Takli,3128,2,0.81,0.00,0.53,0.90,0.64,1.97,0.80,25.78,0.00,17.07,28.66,20.53,63.06,25.70,15-Sep,16-Sep,17-Sep,18-Sep,19-Sep,20-Sep,21-Sep,15-Sep,16-Sep,17-Sep,18-Sep,19-Sep,20-Sep,21-Sep,1,6,1
Amravati,Amravati,Amravati W.M,W.M.Amravati - 2,Chandur Bazar_Achalpur_Amravati_Bhatkuli,20003791,105 Villages RRWSS,Kharala,2392,3,9.98,10.08,10.13,10.05,10.01,10.43,10.08,417.22,421.40,423.49,420.15,418.48,436.04,421.40,15-Sep,16-Sep,17-Sep,18-Sep,19-Sep,20-Sep,21-Sep,15-Sep,16-Sep,17-Sep,18-Sep,19-Sep,20-Sep,21-Sep,0,0,7
Amravati,Amravati,Yavatmal,Pusad,Pusad,20028563,"Malpathar 28 Villages, (Reju.)",Mop,1576,2,0.00,0.00,0.00,0.00,0.00,0.00,0.00,0.00,0.00,0.00,0.00,0.00,0.00,0.00,15-Sep,16-Sep,17-Sep,18-Sep,19-Sep,20-Sep,21-Sep,15-Sep,16-Sep,17-Sep,18-Sep,19-Sep,20-Sep,21-Sep,7,7,0
Amravati,Amravati,Amravati W.M,W.M.Amravati - 2,Chandur Bazar_Achalpur_Amravati_Bhatkuli,20003791,105 Villages RRWSS,Sayat,2238,4,2.23,0.00,0.42,1.90,1.51,3.14,0.00,99.64,0.00,18.77,84.90,67.47,140.30,0.00,15-Sep,16-Sep,17-Sep,18-Sep,19-Sep,20-Sep,21-Sep,15-Sep,16-Sep,17-Sep,18-Sep,19-Sep,20-Sep,21-Sep,2,3,4
Amravati,Akola,Akola,Akola,Barshitakali,20028235,Dhaba & 13 Villages RRWSS Tq.Barshitakali Dist.Akola,Patkhed,1537,3,0.94,1.26,0.06,0.02,0.02,0.02,0.01,61.09,81.75,3.99,1.25,1.29,1.38,0.52,15-Sep,16-Sep,17-Sep,18-Sep,19-Sep,20-Sep,21-Sep,15-Sep,16-Sep,17-Sep,18-Sep,19-Sep,20-Sep,21-Sep,0,5,2
Amravati,Amravati,Amravati,Achalpur,Achalpur_Chandur Bazar,7945938,83 Village RRWS Scheme MJP RR (C 39),Khel Sakharam (Kurha),119,1,10.42,4.08,12.03,1.70,6.96,0.56,3.72,8756.30,3428.57,10109.53,1428.57,5848.74,470.59,3126.33,15-Sep,16-Sep,17-Sep,18-Sep,19-Sep,20-Sep,21-Sep,15-Sep,16-Sep,17-Sep,18-Sep,19-Sep,20-Sep,21-Sep,0,0,7
Amravati,Akola,Akola,Akola,Akot_Telhara,20028420,Popatkhed 97 VRRWSS Tq. Akot & Telhara Dist. Akola,Machanpur,1124,2,0.41,0.47,0.49,0.42,0.54,0.51,0.53,36.39,41.44,43.16,37.54,48.41,45.59,47.44,15-Sep,16-Sep,17-Sep,18-Sep,19-Sep,20-Sep,21-Sep,15-Sep,16-Sep,17-Sep,18-Sep,19-Sep,20-Sep,21-Sep,0,7,0
Amravati,Amravati,Amravati,Amravati - 2,Nandgaon Khandeshwar,20029922,Chandsura & 9 Villages RRWS,Sarsi,1363,2,0.00,0.54,0.81,0.52,1.02,0.33,0.00,0.00,39.28,59.68,38.05,74.97,24.10,0.00,15-Sep,16-Sep,17-Sep,18-Sep,19-Sep,20-Sep,21-Sep,15-Sep,16-Sep,17-Sep,18-Sep,19-Sep,20-Sep,21-Sep,2,5,2
Amravati,Akola,Akola,Akola,Akot_Telhara,20028420,Popatkhed 97 VRRWSS Tq. Akot & Telhara Dist. Akola,Mardi,637,1,0.00,0.00,0.00,0.00,0.00,0.00,0.00,0.00,0.00,0.00,0.00,0.00,0.00,0.00,15-Sep,16-Sep,17-Sep,18-Sep,19-Sep,20-Sep,21-Sep,15-Sep,16-Sep,17-Sep,18-Sep,19-Sep,20-Sep,21-Sep,7,7,0
Amravati,Amravati,Amravati,Chandur Bazar,Morshi,20029439,Charghad 23 Villages RRWS Under Charghad Project,Chincholi Gavali,3444,4,0.00,0.00,0.00,0.00,1.39,1.72,1.35,0.00,0.00,0.00,0.00,0.00,0.00,0.00,15-Sep,16-Sep,17-Sep,18-Sep,19-Sep,20-Sep,21-Sep,15-Sep,16-Sep,17-Sep,18-Sep,19-Sep,20-Sep,21-Sep,7,7,0
Amravati,Amravati,Amravati,Achalpur,Achalpur,20028532,"24 Villages RRWSS, Ta. Achalpur",Wasani Bk.,1074,1,0.00,62518934702658000000000000000.00,0.00,688616064773444000000000000000000.00,0.00,12875752088927500000000000000.00,0.00,0.00,5821129860582680000000000000000.00,0.00,64116952027322500000000000000000000.00,0.00,1198859598596600000000000000000.00,0.00,15-Sep,16-Sep,17-Sep,18-Sep,19-Sep,20-Sep,21-Sep,15-Sep,16-Sep,17-Sep,18-Sep,19-Sep,20-Sep,21-Sep,4,4,3
Amravati,Amravati,Yavatmal,Pusad,Pusad,20028563,"Malpathar 28 Villages, (Reju.)",Berola Bk,3045,2,0.00,0.00,0.00,0.00,0.00,0.00,0.00,0.00,0.00,0.00,0.00,0.00,0.00,0.00,15-Sep,16-Sep,17-Sep,18-Sep,19-Sep,20-Sep,21-Sep,15-Sep,16-Sep,17-Sep,18-Sep,19-Sep,20-Sep,21-Sep,7,7,0
Amravati,Amravati,Amravati,Achalpur,Achalpur_Chandur Bazar,7945938,83 Village RRWS Scheme MJP RR (C 39),Pimpari Thugaon,405,1,16.21,21.02,24.08,13.36,19.91,14.51,20.73,4002.47,5190.12,5945.68,3298.77,4916.05,3582.72,5118.52,15-Sep,16-Sep,17-Sep,18-Sep,19-Sep,20-Sep,21-Sep,15-Sep,16-Sep,17-Sep,18-Sep,19-Sep,20-Sep,21-Sep,0,0,7
Amravati,Amravati,Amravati,Amravati - 2,Nandgaon Khandeshwar,20030263,Dhanora Gurav & 8 Villages RRWS,Dharmapur,809,1,0.00,0.00,0.00,0.00,0.00,0.01,0.00,0.00,0.16,0.00,0.00,0.00,1.12,0.00,15-Sep,16-Sep,17-Sep,18-Sep,19-Sep,20-Sep,21-Sep,15-Sep,16-Sep,17-Sep,18-Sep,19-Sep,20-Sep,21-Sep,5,7,0
Amravati,Akola,Buldhana,Buldhana,Buldhana,20021406,Padali & 5 Villages RRWSS,Palaskhed Nago,712,1,0.06,0.48,0.22,0.00,0.00,0.00,0.00,8.43,67.42,30.90,0.00,0.00,0.00,0.00,15-Sep,16-Sep,17-Sep,18-Sep,19-Sep,20-Sep,21-Sep,15-Sep,16-Sep,17-Sep,18-Sep,19-Sep,20-Sep,21-Sep,4,6,1
Amravati,Amravati,Amravati,Achalpur,Achalpur_Chandur Bazar,7945938,83 Village RRWS Scheme MJP RR (C 39),Chamak Kh,254,1,8.98,8.63,9.78,8.96,8.73,9.95,9.08,3535.43,3397.64,3850.39,3527.43,3437.01,3917.32,3574.80,15-Sep,16-Sep,17-Sep,18-Sep,19-Sep,20-Sep,21-Sep,15-Sep,16-Sep,17-Sep,18-Sep,19-Sep,20-Sep,21-Sep,0,0,7
Amravati,Amravati,Yavatmal,Pusad,Pusad,20028563,"Malpathar 28 Villages, (Reju.)",Kanherwadi,1040,3,0.00,0.00,0.00,0.00,0.00,0.00,0.00,0.00,0.00,0.00,0.00,0.00,0.00,0.00,15-Sep,16-Sep,17-Sep,18-Sep,19-Sep,20-Sep,21-Sep,15-Sep,16-Sep,17-Sep,18-Sep,19-Sep,20-Sep,21-Sep,7,7,0
Amravati,Akola,Akola,Akola,Telhara_Akola,20028565,"Akot 84 VRRWSS Tq. Akola, Akot & Telhara Dist. Akola",Khanpur,53,1,0.00,0.00,0.00,0.00,0.00,0.00,0.00,0.00,0.00,0.00,0.00,0.00,0.00,0.00,15-Sep,16-Sep,17-Sep,18-Sep,19-Sep,20-Sep,21-Sep,15-Sep,16-Sep,17-Sep,18-Sep,19-Sep,20-Sep,21-Sep,7,7,0
Amravati,Akola,Akola,Akola,Telhara_Akola,20028565,"Akot 84 VRRWSS Tq. Akola, Akot & Telhara Dist. Akola",Khaparwadi Kh.,229,1,1.87,7.08,1.63,8.18,4.32,5.92,40.15,816.59,3093.30,711.79,3572.05,1888.06,2585.15,17532.75,15-Sep,16-Sep,17-Sep,18-Sep,19-Sep,20-Sep,21-Sep,15-Sep,16-Sep,17-Sep,18-Sep,19-Sep,20-Sep,21-Sep,0,0,7
Amravati,Akola,Buldhana,Khamgaon,Nandura,4104783,Hingne Gavhad & 13 Villages RRWSS,Alampur,4257,2,0.00,0.00,0.00,0.00,0.00,0.00,0.00,0.00,0.00,0.00,0.00,0.00,0.00,0.00,15-Sep,16-Sep,17-Sep,18-Sep,19-Sep,20-Sep,21-Sep,15-Sep,16-Sep,17-Sep,18-Sep,19-Sep,20-Sep,21-Sep,7,7,0
Amravati,Amravati,Amravati,Achalpur,Achalpur_Chandur Bazar,7945938,83 Village RRWS Scheme MJP RR (C 39),Eklaspur,486,3,2.67,3.29,3.51,4.17,3.68,3.01,2.84,549.38,676.95,722.22,858.02,757.20,619.34,584.36,15-Sep,16-Sep,17-Sep,18-Sep,19-Sep,20-Sep,21-Sep,15-Sep,16-Sep,17-Sep,18-Sep,19-Sep,20-Sep,21-Sep,0,0,7
Amravati,Amravati,Amravati W.M,W.M.Amravati - 2,Chandur Bazar_Achalpur_Amravati_Bhatkuli,20003791,105 Villages RRWSS,Virshi,1231,1,1.40,1.30,1.47,1.08,1.07,1.39,1.44,113.73,105.61,119.42,87.73,86.92,112.92,116.98,15-Sep,16-Sep,17-Sep,18-Sep,19-Sep,20-Sep,21-Sep,15-Sep,16-Sep,17-Sep,18-Sep,19-Sep,20-Sep,21-Sep,0,0,7
Amravati,Akola,Buldhana,Khamgaon,Nandura,20028083,Wadali & 8 Villages RRWSS,Pimpalkuta Dhande,912,2,0.00,0.00,0.00,0.00,0.00,0.00,0.00,0.00,0.00,0.19,0.38,0.00,0.00,0.00,15-Sep,16-Sep,17-Sep,18-Sep,19-Sep,20-Sep,21-Sep,15-Sep,16-Sep,17-Sep,18-Sep,19-Sep,20-Sep,21-Sep,5,7,0
Amravati,Akola,Buldhana,Buldhana,Buldhana,20021406,Padali & 5 Villages RRWSS,Merkhed,125,1,0.00,0.00,0.00,0.00,0.00,0.00,0.00,0.00,0.00,0.00,0.00,0.00,0.00,0.00,15-Sep,16-Sep,17-Sep,18-Sep,19-Sep,20-Sep,21-Sep,15-Sep,16-Sep,17-Sep,18-Sep,19-Sep,20-Sep,21-Sep,7,7,0
Amravati,Akola,Akola,Akola,Balapur,20028208,"Wadegaon & 24 VRRWSS Tq. Akola, Balapur & Barshitakali Dist.Akola",Bhaurad,4081,2,0.00,0.00,0.00,0.00,4.68,5.68,5.13,0.00,0.00,0.00,0.00,0.00,0.00,0.00,15-Sep,16-Sep,17-Sep,18-Sep,19-Sep,20-Sep,21-Sep,15-Sep,16-Sep,17-Sep,18-Sep,19-Sep,20-Sep,21-Sep,7,7,0
Amravati,Akola,Buldhana,Khamgaon,Shegaon,20094779,30 Villages RRWS Tal Shegaon(C39-ZP),Alsana,3026,3,2.01,1.88,1.44,3.47,1.63,1.81,1.46,66.34,62.08,47.50,114.81,53.96,59.72,48.33,15-Sep,16-Sep,17-Sep,18-Sep,19-Sep,20-Sep,21-Sep,15-Sep,16-Sep,17-Sep,18-Sep,19-Sep,20-Sep,21-Sep,0,3,4
Amravati,Amravati,Amravati W.M,W.M.Amravati - 2,Chandur Bazar_Achalpur_Amravati_Bhatkuli,20003791,105 Villages RRWSS,Talwel,4024,3,4.27,3.52,3.62,3.94,3.66,3.78,3.36,106.11,87.48,89.96,97.91,90.95,93.94,83.56,15-Sep,16-Sep,17-Sep,18-Sep,19-Sep,20-Sep,21-Sep,15-Sep,16-Sep,17-Sep,18-Sep,19-Sep,20-Sep,21-Sep,0,0,7
Amravati,Amravati,Amravati,Achalpur,Achalpur_Chandur Bazar,7945938,83 Village RRWS Scheme MJP RR (C 39),Kumbhi,612,2,1.23,1.18,1.65,0.98,1.39,1.87,1.49,200.43,192.81,269.61,160.95,227.12,305.56,243.46,15-Sep,16-Sep,17-Sep,18-Sep,19-Sep,20-Sep,21-Sep,15-Sep,16-Sep,17-Sep,18-Sep,19-Sep,20-Sep,21-Sep,0,0,7
Amravati,Amravati,Amravati,Achalpur,Achalpur,20029998,Shahanur & 9 Villages RRWS,Kasampur,1311,2,0.00,0.00,0.00,0.00,0.00,0.00,0.00,0.00,0.00,0.00,0.00,0.00,0.00,0.00,15-Sep,16-Sep,17-Sep,18-Sep,19-Sep,20-Sep,21-Sep,15-Sep,16-Sep,17-Sep,18-Sep,19-Sep,20-Sep,21-Sep,7,7,0
Amravati,Amravati,Amravati W.M,W.M.Amravati - 2,Chandur Bazar_Achalpur_Amravati_Bhatkuli,20003791,105 Villages RRWSS,Ashti,3472,4,2.21,2.72,1.92,2.06,2.66,1.97,1.64,63.65,78.34,55.30,59.33,76.61,56.74,47.24,15-Sep,16-Sep,17-Sep,18-Sep,19-Sep,20-Sep,21-Sep,15-Sep,16-Sep,17-Sep,18-Sep,19-Sep,20-Sep,21-Sep,0,1,6
Amravati,Amravati,Amravati W.M,W.M.Amravati - 2,Chandur Bazar_Achalpur_Amravati_Bhatkuli,20003791,105 Villages RRWSS,Asegaon,4180,4,1.12,1.11,1.11,1.11,1.11,1.11,1.12,26.79,26.56,26.56,26.56,26.56,26.56,26.79,15-Sep,16-Sep,17-Sep,18-Sep,19-Sep,20-Sep,21-Sep,15-Sep,16-Sep,17-Sep,18-Sep,19-Sep,20-Sep,21-Sep,0,7,0
Amravati,Akola,Akola,Murtizapur,Murtizapur,20028298,Kurum & 2 VRRWSS Tq.Murtizapur Dist. Akola,Kurum,7124,3,0.00,0.00,0.00,0.00,0.00,0.00,0.00,0.00,0.00,0.00,0.00,0.00,0.00,0.00,15-Sep,16-Sep,17-Sep,18-Sep,19-Sep,20-Sep,21-Sep,15-Sep,16-Sep,17-Sep,18-Sep,19-Sep,20-Sep,21-Sep,7,7,0
Amravati,Akola,Akola,Akola,Akot_Telhara,20028420,Popatkhed 97 VRRWSS Tq. Akot & Telhara Dist. Akola,Amona,393,1,0.84,0.00,0.15,0.00,0.00,0.54,1.47,214.21,0.00,38.91,0.00,0.00,137.43,375.11,15-Sep,16-Sep,17-Sep,18-Sep,19-Sep,20-Sep,21-Sep,15-Sep,16-Sep,17-Sep,18-Sep,19-Sep,20-Sep,21-Sep,3,4,3
Amravati,Akola,Akola,Akola,Barshitakali,20028246,Kanheri & 10 Villages RRWSS Tq. Barshitakli. Dist.Akola,Sarav,1206,2,1.15,1.14,1.11,1.25,1.17,1.23,0.92,94.98,94.36,92.03,103.39,96.87,101.67,76.34,15-Sep,16-Sep,17-Sep,18-Sep,19-Sep,20-Sep,21-Sep,15-Sep,16-Sep,17-Sep,18-Sep,19-Sep,20-Sep,21-Sep,0,0,7
Amravati,Akola,Akola,Akola,Akola,20039455,Khambora 4 VRRWSS Tq. & Dist. Akola,Borgaon,19711,2,2.47,2.89,3.15,5.44,4.56,3.88,5.19,12.51,14.68,15.97,27.57,23.11,19.67,26.32,15-Sep,16-Sep,17-Sep,18-Sep,19-Sep,20-Sep,21-Sep,15-Sep,16-Sep,17-Sep,18-Sep,19-Sep,20-Sep,21-Sep,0,7,0
Amravati,Amravati,Amravati,Chandur Bazar,Chandur Bazar,20027511,"19 Villages RRWSS, Ta. Chandur Bazaar",Surali,1519,2,2.70,1.02,1.91,0.73,1.63,0.89,1.34,177.47,66.93,126.06,47.99,107.42,58.91,88.51,15-Sep,16-Sep,17-Sep,18-Sep,19-Sep,20-Sep,21-Sep,15-Sep,16-Sep,17-Sep,18-Sep,19-Sep,20-Sep,21-Sep,0,1,6
Amravati,Amravati,Amravati,Achalpur,Achalpur_Chandur Bazar,7945938,83 Village RRWS Scheme MJP RR (C 39),Govindpur,330,1,0.67,0.68,0.63,0.72,0.67,0.71,0.66,203.03,206.06,190.91,218.18,203.03,215.15,200.00,15-Sep,16-Sep,17-Sep,18-Sep,19-Sep,20-Sep,21-Sep,15-Sep,16-Sep,17-Sep,18-Sep,19-Sep,20-Sep,21-Sep,0,0,7
Amravati,Akola,Akola,Akola,Akola,20027951,Khambora 60 VRRWSS Tq. & Dist. Akola,Dahigaon,3458,2,0.00,0.00,0.00,0.00,0.00,0.00,0.00,0.00,0.00,0.00,0.00,0.00,0.00,0.00,15-Sep,16-Sep,17-Sep,18-Sep,19-Sep,20-Sep,21-Sep,15-Sep,16-Sep,17-Sep,18-Sep,19-Sep,20-Sep,21-Sep,7,7,0
Amravati,Akola,Akola,Akola,Akot_Telhara,20028420,Popatkhed 97 VRRWSS Tq. Akot & Telhara Dist. Akola,Vitali,678,1,11.34,0.01,0.00,0.00,4.95,6.02,2.70,1673.06,1.47,0.00,0.00,730.09,888.35,398.23,15-Sep,16-Sep,17-Sep,18-Sep,19-Sep,20-Sep,21-Sep,15-Sep,16-Sep,17-Sep,18-Sep,19-Sep,20-Sep,21-Sep,2,3,4
Amravati,Amravati,Amravati,Achalpur,Achalpur,20028532,"24 Villages RRWSS, Ta. Achalpur",Borgaon Peth,1902,2,0.47,2.62,1.21,1.22,2.48,2.79,2.16,24.58,137.69,63.69,64.37,130.21,146.45,113.52,15-Sep,16-Sep,17-Sep,18-Sep,19-Sep,20-Sep,21-Sep,15-Sep,16-Sep,17-Sep,18-Sep,19-Sep,20-Sep,21-Sep,0,1,6
Amravati,Akola,Akola,Akola,Akot_Telhara,20028420,Popatkhed 97 VRRWSS Tq. Akot & Telhara Dist. Akola,Khairkhed,1157,2,1.55,1.49,1.71,1.62,1.92,1.55,1.64,133.97,128.78,147.80,140.02,165.95,133.97,141.75,15-Sep,16-Sep,17-Sep,18-Sep,19-Sep,20-Sep,21-Sep,15-Sep,16-Sep,17-Sep,18-Sep,19-Sep,20-Sep,21-Sep,0,0,7
Amravati,Akola,Buldhana,Khamgaon,Shegaon,20013865,Chincholi & 30 Villages RRWSS,Gaulkhed,1490,2,0.03,0.86,0.46,0.22,0.72,0.33,0.25,2.13,57.72,30.59,14.99,48.62,21.90,16.91,15-Sep,16-Sep,17-Sep,18-Sep,19-Sep,20-Sep,21-Sep,15-Sep,16-Sep,17-Sep,18-Sep,19-Sep,20-Sep,21-Sep,0,6,1
Amravati,Akola,Akola,Akola,Akot_Telhara,20028420,Popatkhed 97 VRRWSS Tq. Akot & Telhara Dist. Akola,Pimpri Jainpur,954,2,17.61,8.80,12.89,4.22,11.19,10.73,14.83,1845.91,922.20,1351.15,442.35,1172.96,1125.09,1554.51,15-Sep,16-Sep,17-Sep,18-Sep,19-Sep,20-Sep,21-Sep,15-Sep,16-Sep,17-Sep,18-Sep,19-Sep,20-Sep,21-Sep,0,0,7
Nashik,Nashik,Nashik,Manmad,Yeola,20040090,"Dhulgaon and 17 villages, Tal. Yeola",Purangaon,1321,4,0.00,0.00,0.00,0.00,0.58,0.00,0.00,0.00,0.00,0.00,0.00,0.00,0.00,0.00,15-Sep,16-Sep,17-Sep,18-Sep,19-Sep,20-Sep,21-Sep,15-Sep,16-Sep,17-Sep,18-Sep,19-Sep,20-Sep,21-Sep,7,7,0
Nashik,Ahmednagar,Ahmednagar,Ahmednagar,Nagar,20046296,Burhannagar & 45 Villages Retro RRWSS,Rui Chattashi,4035,2,0.00,0.00,0.00,0.00,0.00,0.00,0.00,0.00,0.00,0.00,0.00,0.00,0.00,0.00,15-Sep,16-Sep,17-Sep,18-Sep,19-Sep,20-Sep,21-Sep,15-Sep,16-Sep,17-Sep,18-Sep,19-Sep,20-Sep,21-Sep,7,7,0
Nashik,Nashik,W M Nashik,Malegaon,Malegaon,20018682,Dhahiwal &25 Villages WSS Tal Malegaon,Roze,1159,2,1.20,0.00,0.00,0.00,0.00,0.00,0.00,103.64,0.00,0.00,0.00,0.00,0.00,0.00,15-Sep,16-Sep,17-Sep,18-Sep,19-Sep,20-Sep,21-Sep,15-Sep,16-Sep,17-Sep,18-Sep,19-Sep,20-Sep,21-Sep,6,6,1
Nashik,Nashik,Nashik,Malegaon,Malegaon,20037448,"78 villages in Nandgaon, Malegaon and Deola talukas",Krantinagar,1385,3,0.00,0.00,0.00,0.00,0.00,0.00,0.00,0.00,0.00,0.00,0.00,0.00,0.00,0.00,15-Sep,16-Sep,17-Sep,18-Sep,19-Sep,20-Sep,21-Sep,15-Sep,16-Sep,17-Sep,18-Sep,19-Sep,20-Sep,21-Sep,7,7,0
Nashik,Nashik,Nashik,Manmad,Yeola,20030798,Retrofitting To Yeola 38 Villages,Pimpalgaon jalal,1412,1,0.00,0.00,0.00,0.00,0.00,0.00,0.00,0.00,0.00,0.00,0.00,0.00,0.00,0.00,15-Sep,16-Sep,17-Sep,18-Sep,19-Sep,20-Sep,21-Sep,15-Sep,16-Sep,17-Sep,18-Sep,19-Sep,20-Sep,21-Sep,7,7,0
Nashik,Jalgaon,Jalgaon,Jalgaon,Jalgaon,20055900,Kusumbe & Manyarkhede WSS,Kusumbe,8598,7,4.27,4.57,5.15,4.82,2.73,4.03,5.44,49.64,53.10,59.84,56.05,31.79,46.87,63.28,15-Sep,16-Sep,17-Sep,18-Sep,19-Sep,20-Sep,21-Sep,15-Sep,16-Sep,17-Sep,18-Sep,19-Sep,20-Sep,21-Sep,0,4,3
Nashik,Ahmednagar,Ahmednagar,Shreerampur,Shrirampur,20028795,"Kadit Bk. And 5 villages, ta. Shrirampur",Galnimb,2974,3,2.22,0.00,2.22,3.08,1.11,0.00,0.00,74.50,0.00,74.60,103.59,37.40,0.00,0.00,15-Sep,16-Sep,17-Sep,18-Sep,19-Sep,20-Sep,21-Sep,15-Sep,16-Sep,17-Sep,18-Sep,19-Sep,20-Sep,21-Sep,3,4,3
Nashik,Ahmednagar,Ahmednagar,Ahmednagar,Nagar,20046296,Burhannagar & 45 Villages Retro RRWSS,Sakat Kh.,1769,2,0.00,0.00,0.00,0.00,0.01,0.00,0.00,0.00,0.00,0.00,0.00,0.35,0.00,0.00,15-Sep,16-Sep,17-Sep,18-Sep,19-Sep,20-Sep,21-Sep,15-Sep,16-Sep,17-Sep,18-Sep,19-Sep,20-Sep,21-Sep,6,7,0
Nashik,Ahmednagar,Ahmednagar,Newasa,Nevasa,5348540,"Retro.Sonai Karjgaon and 16 villages, Tal. Nevasa",Ganeshwadi,3017,2,0.05,0.68,0.36,0.98,0.88,0.61,0.20,1.80,22.40,11.93,32.50,29.28,20.34,6.59,15-Sep,16-Sep,17-Sep,18-Sep,19-Sep,20-Sep,21-Sep,15-Sep,16-Sep,17-Sep,18-Sep,19-Sep,20-Sep,21-Sep,0,7,0
Nashik,Nashik,Nashik,Manmad,Nifad,456654,"Retro. Lasalgaon Vinchur 16 Villages, Tal. Nifad",Vitthalwadi,1029,1,0.94,0.63,0.75,0.33,0.03,0.87,0.68,91.58,61.33,73.16,32.36,2.72,84.76,66.12,15-Sep,16-Sep,17-Sep,18-Sep,19-Sep,20-Sep,21-Sep,15-Sep,16-Sep,17-Sep,18-Sep,19-Sep,20-Sep,21-Sep,0,2,5
Nashik,Ahmednagar,Ahmednagar,Shreerampur,Rahuri,20015193,New Bramhani & 6 Villages RRWSS Tal- Rahuri,Sade,4087,3,0.00,0.00,0.00,0.00,0.00,0.00,0.00,0.00,0.00,0.00,0.00,0.00,0.00,0.00,15-Sep,16-Sep,17-Sep,18-Sep,19-Sep,20-Sep,21-Sep,15-Sep,16-Sep,17-Sep,18-Sep,19-Sep,20-Sep,21-Sep,7,7,0
Nashik,Nashik,Nashik,Manmad,Nifad,456654,"Retro. Lasalgaon Vinchur 16 Villages, Tal. Nifad",Brahmangaon,9640,1,0.15,0.00,0.00,0.00,1.49,0.58,0.00,1.54,0.00,0.00,0.00,15.47,6.03,0.00,15-Sep,16-Sep,17-Sep,18-Sep,19-Sep,20-Sep,21-Sep,15-Sep,16-Sep,17-Sep,18-Sep,19-Sep,20-Sep,21-Sep,4,7,0
Nashik,Jalgaon,Jalgaon,Erandol,Chalisgaon,20053796,Dondigar-Rohini & 15 Villages WSS,Ghodegaon,4904,2,0.00,0.30,1.90,1.84,1.74,0.00,0.00,0.00,6.16,38.77,37.56,35.54,0.00,0.00,15-Sep,16-Sep,17-Sep,18-Sep,19-Sep,20-Sep,21-Sep,15-Sep,16-Sep,17-Sep,18-Sep,19-Sep,20-Sep,21-Sep,3,7,0
Nashik,Nashik,Nashik,Manmad,Nifad,456654,"Retro. Lasalgaon Vinchur 16 Villages, Tal. Nifad",Dharangaon Veer,3494,1,0.00,1.38,0.00,1.23,0.00,1.24,0.00,0.00,39.55,0.00,35.11,0.00,35.37,0.00,15-Sep,16-Sep,17-Sep,18-Sep,19-Sep,20-Sep,21-Sep,15-Sep,16-Sep,17-Sep,18-Sep,19-Sep,20-Sep,21-Sep,4,7,0
Nashik,Nashik,W M Nashik,Malegaon,Chandwad,20086730,Retro.Chandwad and WSS 44 villages. Ta. Chandwad,Soni Sangvi,764,1,0.00,0.03,0.23,0.23,0.03,0.14,0.50,0.00,4.07,29.88,29.48,3.29,18.07,65.18,15-Sep,16-Sep,17-Sep,18-Sep,19-Sep,20-Sep,21-Sep,15-Sep,16-Sep,17-Sep,18-Sep,19-Sep,20-Sep,21-Sep,1,6,1
Nashik,Jalgaon,Jalgaon,Erandol,Dharangaon,20061165,Paldhi (bk& Kh) RR Tal DHARANGAON,Paldhi Kh.,12377,3,17.06,6.71,0.04,3.11,0.14,9.12,11.55,137.81,54.25,0.32,25.10,1.16,73.64,93.31,15-Sep,16-Sep,17-Sep,18-Sep,19-Sep,20-Sep,21-Sep,15-Sep,16-Sep,17-Sep,18-Sep,19-Sep,20-Sep,21-Sep,0,4,3
Nashik,Ahmednagar,Ahmednagar,Newasa,shevgaon,20028535,"Amarapur and Mali Babhulgaon 49 villages, Tal. Pathardi",Nivdunge,5093,2,0.00,1.85,0.10,0.07,0.33,0.05,0.00,0.00,36.42,1.99,1.44,6.44,1.06,0.00,15-Sep,16-Sep,17-Sep,18-Sep,19-Sep,20-Sep,21-Sep,15-Sep,16-Sep,17-Sep,18-Sep,19-Sep,20-Sep,21-Sep,2,7,0
Nashik,Nashik,Nashik,Malegaon,Nandgaon,20037448,"78 villages in Nandgaon, Malegaon and Deola talukas",Yesgaon Kh,2429,2,0.00,0.00,0.00,0.00,0.00,0.00,0.00,0.00,0.00,0.00,0.00,0.00,0.00,0.00,15-Sep,16-Sep,17-Sep,18-Sep,19-Sep,20-Sep,21-Sep,15-Sep,16-Sep,17-Sep,18-Sep,19-Sep,20-Sep,21-Sep,7,7,0
Nashik,Nashik,W M Nashik,Malegaon,Chandwad,20086730,Retro.Chandwad and WSS 44 villages. Ta. Chandwad,Shirsane,1717,1,0.00,0.00,0.00,0.00,0.00,0.00,0.00,0.00,0.00,0.00,0.00,0.00,0.00,0.00,15-Sep,16-Sep,17-Sep,18-Sep,19-Sep,20-Sep,21-Sep,15-Sep,16-Sep,17-Sep,18-Sep,19-Sep,20-Sep,21-Sep,7,7,0
Nashik,Ahmednagar,Ahmednagar,Newasa,shevgaon,20028535,"Amarapur and Mali Babhulgaon 49 villages, Tal. Pathardi",Samangaon,1804,2,0.00,0.42,0.57,0.09,0.88,0.80,0.32,0.00,23.44,31.58,5.24,48.70,44.28,17.95,15-Sep,16-Sep,17-Sep,18-Sep,19-Sep,20-Sep,21-Sep,15-Sep,16-Sep,17-Sep,18-Sep,19-Sep,20-Sep,21-Sep,1,7,0
Nashik,Nashik,Nashik,Malegaon,Baglan,7971089,Nampur and 4 villages RR Tal Baglan (C 39),Jaikheda,8177,3,2.41,2.82,2.04,1.90,2.12,1.85,1.84,29.41,34.53,25.00,23.24,25.88,22.65,22.45,15-Sep,16-Sep,17-Sep,18-Sep,19-Sep,20-Sep,21-Sep,15-Sep,16-Sep,17-Sep,18-Sep,19-Sep,20-Sep,21-Sep,0,7,0
Nashik,Nashik,W M Nashik,Malegaon,Chandwad,20086730,Retro.Chandwad and WSS 44 villages. Ta. Chandwad,Shelu Matha,1622,1,0.00,0.00,0.00,0.00,0.00,0.00,0.00,0.00,0.00,0.00,0.00,0.00,0.00,0.00,15-Sep,16-Sep,17-Sep,18-Sep,19-Sep,20-Sep,21-Sep,15-Sep,16-Sep,17-Sep,18-Sep,19-Sep,20-Sep,21-Sep,7,7,0
Nashik,Ahmednagar,Ahmednagar,Newasa,shevgaon,20028535,"Amarapur and Mali Babhulgaon 49 villages, Tal. Pathardi",Malegaon,889,2,0.02,0.00,0.00,0.73,1.01,1.36,0.90,2.44,0.00,0.00,82.03,113.83,152.56,100.85,15-Sep,16-Sep,17-Sep,18-Sep,19-Sep,20-Sep,21-Sep,15-Sep,16-Sep,17-Sep,18-Sep,19-Sep,20-Sep,21-Sep,2,3,4
Nashik,Ahmednagar,Ahmednagar,Shreerampur,Shrirampur,20028795,"Kadit Bk. And 5 villages, ta. Shrirampur",Kuranpur,1331,2,2.10,0.97,1.96,1.62,0.86,0.00,0.00,157.67,72.82,147.45,121.68,64.53,0.00,0.00,15-Sep,16-Sep,17-Sep,18-Sep,19-Sep,20-Sep,21-Sep,15-Sep,16-Sep,17-Sep,18-Sep,19-Sep,20-Sep,21-Sep,2,2,5
Nashik,Jalgaon,Jalgaon,Nandurbar,Nandurbar,20055639,Bhagsari & 8 Villages,Bhaler,2770,2,1.08,0.68,0.00,0.00,0.00,0.00,0.00,38.94,24.69,0.00,0.00,0.00,0.00,0.00,15-Sep,16-Sep,17-Sep,18-Sep,19-Sep,20-Sep,21-Sep,15-Sep,16-Sep,17-Sep,18-Sep,19-Sep,20-Sep,21-Sep,5,7,0
Nashik,Nashik,Nashik,Manmad,Yeola,20030798,Retrofitting To Yeola 38 Villages,Undirwadi,3087,1,0.00,0.00,0.00,0.00,0.00,0.00,0.00,0.00,0.00,0.00,0.00,0.00,0.00,0.00,15-Sep,16-Sep,17-Sep,18-Sep,19-Sep,20-Sep,21-Sep,15-Sep,16-Sep,17-Sep,18-Sep,19-Sep,20-Sep,21-Sep,7,7,0
Nashik,Ahmednagar,Ahmednagar,Newasa,Pathardi,20040662,"Retro.Miri-Tisgaon and 33 villages, Tal. Pathardi",Dharwadi,910,2,0.00,0.06,0.02,0.25,0.28,0.40,0.39,0.00,6.93,2.50,27.16,31.18,43.94,43.13,15-Sep,16-Sep,17-Sep,18-Sep,19-Sep,20-Sep,21-Sep,15-Sep,16-Sep,17-Sep,18-Sep,19-Sep,20-Sep,21-Sep,1,7,0
Nashik,Ahmednagar,Ahmednagar,Newasa,Shevgaon,20029079,Retro.Bodhegaon and 7 villages RRWSS. Ta. Shevgaon,Bodhegaon,8347,3,0.01,1.48,0.00,0.72,1.49,0.00,1.40,0.16,17.73,0.00,8.64,17.87,0.00,16.76,15-Sep,16-Sep,17-Sep,18-Sep,19-Sep,20-Sep,21-Sep,15-Sep,16-Sep,17-Sep,18-Sep,19-Sep,20-Sep,21-Sep,2,7,0
Nashik,Jalgaon,Jalgaon,Erandol,Chalisgaon,20053796,Dondigar-Rohini & 15 Villages WSS,Khadki Bk.,3100,3,3.04,2.40,0.00,3.93,1.62,0.11,0.42,98.05,77.26,0.03,126.90,52.13,3.50,13.40,15-Sep,16-Sep,17-Sep,18-Sep,19-Sep,20-Sep,21-Sep,15-Sep,16-Sep,17-Sep,18-Sep,19-Sep,20-Sep,21-Sep,0,4,3
Nashik,Nashik,Nashik,Sinnar,Sinnar,20019286,"Nirhale-Fatehpur and 5 villages, Tal. Sinnar",Nandur Shingote,6496,5,0.00,0.00,0.00,0.00,0.00,0.00,0.00,0.00,0.00,0.00,0.00,0.00,0.00,0.00,15-Sep,16-Sep,17-Sep,18-Sep,19-Sep,20-Sep,21-Sep,15-Sep,16-Sep,17-Sep,18-Sep,19-Sep,20-Sep,21-Sep,7,7,0
Nashik,Nashik,Nashik,Nashik,Trambakeshwar,20017222,Waghera & 14 RRWSS Tal Trambakeshwar,Ganeshgaon,463,2,0.00,0.00,0.00,0.00,0.00,0.00,0.00,0.00,0.00,0.00,0.00,0.00,0.00,0.00,15-Sep,16-Sep,17-Sep,18-Sep,19-Sep,20-Sep,21-Sep,15-Sep,16-Sep,17-Sep,18-Sep,19-Sep,20-Sep,21-Sep,7,7,0
Nashik,Ahmednagar,Ahmednagar,Shreerampur,Shrirampur,20030774,Nipani Wadgaon WSS.Ta. Shrirampur,Nipani Wadgaon,14677,16,0.00,0.00,0.00,0.27,0.09,0.00,0.14,0.00,0.00,0.00,1.86,0.00,0.00,0.00,15-Sep,16-Sep,17-Sep,18-Sep,19-Sep,20-Sep,21-Sep,15-Sep,16-Sep,17-Sep,18-Sep,19-Sep,20-Sep,21-Sep,6,7,0
Nashik,Nashik,Nashik,Malegaon,Malegaon,20037448,"78 villages in Nandgaon, Malegaon and Deola talukas",DoctorWadi,1255,1,0.32,1.39,0.28,0.00,0.97,0.00,0.00,25.65,111.05,21.99,0.00,77.06,0.00,0.00,15-Sep,16-Sep,17-Sep,18-Sep,19-Sep,20-Sep,21-Sep,15-Sep,16-Sep,17-Sep,18-Sep,19-Sep,20-Sep,21-Sep,3,5,2
Nashik,Nashik,W M Nashik,Malegaon,Chandwad,20086730,Retro.Chandwad and WSS 44 villages. Ta. Chandwad,Salsane,1435,1,0.00,0.00,0.00,0.31,0.00,0.41,0.53,0.00,0.00,0.00,21.49,0.00,28.55,36.66,15-Sep,16-Sep,17-Sep,18-Sep,19-Sep,20-Sep,21-Sep,15-Sep,16-Sep,17-Sep,18-Sep,19-Sep,20-Sep,21-Sep,4,7,0
Nashik,Nashik,Nashik,Malegaon,Nandgaon,20037448,"78 villages in Nandgaon, Malegaon and Deola talukas",Saundane,9450,3,0.09,2.08,0.07,2.08,0.17,2.49,0.19,0.92,21.96,0.79,22.01,1.81,26.36,2.02,15-Sep,16-Sep,17-Sep,18-Sep,19-Sep,20-Sep,21-Sep,15-Sep,16-Sep,17-Sep,18-Sep,19-Sep,20-Sep,21-Sep,0,7,0
Nashik,Nashik,Nashik,Nashik,Trambakeshwar,20017222,Waghera & 14 RRWSS Tal Trambakeshwar,Gorthan,621,1,0.00,0.00,0.00,0.00,0.00,0.00,0.00,0.00,0.00,0.01,0.00,0.00,0.00,0.00,15-Sep,16-Sep,17-Sep,18-Sep,19-Sep,20-Sep,21-Sep,15-Sep,16-Sep,17-Sep,18-Sep,19-Sep,20-Sep,21-Sep,6,7,0
Nashik,Ahmednagar,Ahmednagar,Ahmednagar,Shrigonda,20028612,"Ruikhel & 6 villages, tal. Shrigonda",Bangarde,2872,2,0.00,0.00,0.00,0.00,0.00,0.00,0.00,0.00,0.00,0.00,0.00,0.00,0.00,0.00,15-Sep,16-Sep,17-Sep,18-Sep,19-Sep,20-Sep,21-Sep,15-Sep,16-Sep,17-Sep,18-Sep,19-Sep,20-Sep,21-Sep,7,7,0
Nashik,Jalgaon,Jalgaon,Nandurbar,Nandurbar,20055639,Bhagsari & 8 Villages,Bamdod,510,2,0.00,0.00,0.00,0.00,0.00,0.00,0.00,0.00,0.00,0.00,0.00,0.00,0.00,0.00,15-Sep,16-Sep,17-Sep,18-Sep,19-Sep,20-Sep,21-Sep,15-Sep,16-Sep,17-Sep,18-Sep,19-Sep,20-Sep,21-Sep,7,7,0
Nashik,Nashik,Nashik,Malegaon,Nandgaon,20037448,"78 villages in Nandgaon, Malegaon and Deola talukas",Takli,4532,3,0.00,0.00,0.76,0.00,0.00,0.72,0.00,0.00,0.00,16.69,0.00,0.00,15.92,0.00,15-Sep,16-Sep,17-Sep,18-Sep,19-Sep,20-Sep,21-Sep,15-Sep,16-Sep,17-Sep,18-Sep,19-Sep,20-Sep,21-Sep,5,7,0
Nashik,Ahmednagar,Ahmednagar,Newasa,Shevgaon,20029079,Retro.Bodhegaon and 7 villages RRWSS. Ta. Shevgaon,Dahigaon,1897,1,0.31,0.72,0.32,0.43,0.23,0.29,0.37,16.08,37.96,17.07,22.65,11.86,15.26,19.34,15-Sep,16-Sep,17-Sep,18-Sep,19-Sep,20-Sep,21-Sep,15-Sep,16-Sep,17-Sep,18-Sep,19-Sep,20-Sep,21-Sep,0,7,0
Nashik,Ahmednagar,Sangamner,Sangamner,Sangamner,20027709,Nimgaon Bhojapur & 3 Villages Tal. Sangamner,Chikani,2864,2,0.00,0.00,0.00,0.00,0.00,0.00,0.00,0.00,0.00,0.00,0.00,0.00,0.00,0.00,15-Sep,16-Sep,17-Sep,18-Sep,19-Sep,20-Sep,21-Sep,15-Sep,16-Sep,17-Sep,18-Sep,19-Sep,20-Sep,21-Sep,7,7,0
Nashik,Ahmednagar,Ahmednagar,Newasa,Nevasa,20029472,Retro.Bhenda Kukana and 4 villages WSS. Ta. Nevasa,Bhenda Bk.,7643,3,0.00,0.00,0.00,0.00,0.00,0.00,0.00,0.00,0.00,0.00,0.00,0.00,0.00,0.00,15-Sep,16-Sep,17-Sep,18-Sep,19-Sep,20-Sep,21-Sep,15-Sep,16-Sep,17-Sep,18-Sep,19-Sep,20-Sep,21-Sep,7,7,0
Nashik,Nashik,Nashik,Malegaon,Malegaon,20037448,"78 villages in Nandgaon, Malegaon and Deola talukas",Ghodegaon,1465,2,0.00,0.00,1.12,0.00,0.00,0.00,0.00,0.00,0.00,76.22,0.05,0.00,0.00,0.00,15-Sep,16-Sep,17-Sep,18-Sep,19-Sep,20-Sep,21-Sep,15-Sep,16-Sep,17-Sep,18-Sep,19-Sep,20-Sep,21-Sep,5,6,1
Nashik,Ahmednagar,Ahmednagar,Ahmednagar,Nagar,20046349,Retro Ghospuri & 16 Villages RRWSS Tal- Nagar,Wadgaon Tandali,1947,1,0.29,2.54,1.86,0.57,3.54,1.45,2.19,14.70,130.66,95.54,29.52,181.95,74.52,112.24,15-Sep,16-Sep,17-Sep,18-Sep,19-Sep,20-Sep,21-Sep,15-Sep,16-Sep,17-Sep,18-Sep,19-Sep,20-Sep,21-Sep,0,2,5
Nashik,Ahmednagar,Ahmednagar,Ahmednagar,Shrigonda,20028612,"Ruikhel & 6 villages, tal. Shrigonda",Ruikhel,2298,2,0.58,0.00,0.44,0.00,0.77,0.26,0.43,25.32,0.00,18.94,0.00,33.50,11.14,18.82,15-Sep,16-Sep,17-Sep,18-Sep,19-Sep,20-Sep,21-Sep,15-Sep,16-Sep,17-Sep,18-Sep,19-Sep,20-Sep,21-Sep,2,7,0
Nashik,Jalgaon,Jalgaon,Nandurbar,Nandurbar,20057127,"Khamgaon, Tokartale , Vichak & 2 Wadies RRWSS",Khamgaon,2602,2,0.01,0.00,0.00,0.00,0.01,0.00,0.00,0.21,0.00,0.14,0.05,0.21,0.11,0.12,15-Sep,16-Sep,17-Sep,18-Sep,19-Sep,20-Sep,21-Sep,15-Sep,16-Sep,17-Sep,18-Sep,19-Sep,20-Sep,21-Sep,1,7,0
Nashik,Nashik,W M Nashik,Malegaon,Chandwad,20086730,Retro.Chandwad and WSS 44 villages. Ta. Chandwad,Ekrukhe,693,1,0.22,0.00,0.00,0.00,0.00,0.00,0.00,31.26,0.00,0.00,0.00,0.00,0.00,0.00,15-Sep,16-Sep,17-Sep,18-Sep,19-Sep,20-Sep,21-Sep,15-Sep,16-Sep,17-Sep,18-Sep,19-Sep,20-Sep,21-Sep,6,7,0
Nashik,Jalgaon,Jalgaon,Erandol,Chalisgaon,20053796,Dondigar-Rohini & 15 Villages WSS,Karajgaon,1879,1,0.00,0.00,0.47,0.00,0.00,0.00,0.00,0.00,0.00,25.18,0.02,0.05,0.04,0.00,15-Sep,16-Sep,17-Sep,18-Sep,19-Sep,20-Sep,21-Sep,15-Sep,16-Sep,17-Sep,18-Sep,19-Sep,20-Sep,21-Sep,3,7,0
Nashik,Nashik,Nashik,Manmad,Nifad,456654,"Retro. Lasalgaon Vinchur 16 Villages, Tal. Nifad",Dongargaon,5460,1,0.15,0.05,0.08,0.13,0.11,0.08,0.10,2.75,0.99,1.42,2.37,2.09,1.46,1.89,15-Sep,16-Sep,17-Sep,18-Sep,19-Sep,20-Sep,21-Sep,15-Sep,16-Sep,17-Sep,18-Sep,19-Sep,20-Sep,21-Sep,0,7,0
Nashik,Nashik,W M Nashik,Malegaon,Chandwad,20086730,Retro.Chandwad and WSS 44 villages. Ta. Chandwad,Talegaon Rohi,8039,1,0.00,0.00,0.00,0.00,0.00,1.46,0.00,0.00,0.00,0.00,0.00,0.00,18.15,0.00,15-Sep,16-Sep,17-Sep,18-Sep,19-Sep,20-Sep,21-Sep,15-Sep,16-Sep,17-Sep,18-Sep,19-Sep,20-Sep,21-Sep,6,7,0
Nashik,Jalgaon,Jalgaon,Erandol,Muktainagar,20025401,Pahur Peth& Pahur Kasbe 2 Villages WSS Tal Jamner,Sangvi,679,1,0.00,0.00,0.00,0.00,0.00,0.00,0.00,0.00,0.00,0.00,0.00,0.00,0.00,0.00,15-Sep,16-Sep,17-Sep,18-Sep,19-Sep,20-Sep,21-Sep,15-Sep,16-Sep,17-Sep,18-Sep,19-Sep,20-Sep,21-Sep,7,7,0
Nashik,Ahmednagar,Sangamner,Sangamner,Sangamner,7937337,"Retro.Nimon and 4 villages, Tal. Sangamner",Pimpale,2689,3,0.00,0.00,0.00,0.00,0.00,0.00,0.00,0.00,0.00,0.00,0.00,0.00,0.00,0.00,15-Sep,16-Sep,17-Sep,18-Sep,19-Sep,20-Sep,21-Sep,15-Sep,16-Sep,17-Sep,18-Sep,19-Sep,20-Sep,21-Sep,7,7,0
Nashik,Ahmednagar,Ahmednagar,Shreerampur,Rahuri,20041657,Warvandi and others 10 villages. Tal.Rahuri,Dhamori Kh.,2033,2,0.00,0.00,0.00,0.05,0.00,0.06,0.00,0.00,0.00,0.00,0.00,0.00,0.00,0.00,15-Sep,16-Sep,17-Sep,18-Sep,19-Sep,20-Sep,21-Sep,15-Sep,16-Sep,17-Sep,18-Sep,19-Sep,20-Sep,21-Sep,7,7,0
Nashik,Nashik,W M Nashik,Malegaon,Chandwad,20086730,Retro.Chandwad and WSS 44 villages. Ta. Chandwad,Pate,985,1,0.00,0.00,0.00,0.00,0.00,0.00,0.00,0.00,0.00,0.00,0.00,0.00,0.00,0.00,15-Sep,16-Sep,17-Sep,18-Sep,19-Sep,20-Sep,21-Sep,15-Sep,16-Sep,17-Sep,18-Sep,19-Sep,20-Sep,21-Sep,7,7,0
Nashik,Nashik,Nashik,Malegaon,Nandgaon,20037448,"78 villages in Nandgaon, Malegaon and Deola talukas",Nimgaon Bk,11399,3,1.01,1.11,1.44,0.00,0.00,0.00,0.72,8.84,9.77,12.61,0.00,0.00,0.00,6.30,15-Sep,16-Sep,17-Sep,18-Sep,19-Sep,20-Sep,21-Sep,15-Sep,16-Sep,17-Sep,18-Sep,19-Sep,20-Sep,21-Sep,3,7,0
Nashik,Jalgaon,Jalgaon,Erandol,Chalisgaon,20053796,Dondigar-Rohini & 15 Villages WSS,Rohini,2811,3,0.88,1.28,0.00,0.71,0.55,0.77,0.98,31.36,45.68,0.00,25.35,19.59,27.56,34.70,15-Sep,16-Sep,17-Sep,18-Sep,19-Sep,20-Sep,21-Sep,15-Sep,16-Sep,17-Sep,18-Sep,19-Sep,20-Sep,21-Sep,1,7,0
Nashik,Nashik,Nashik,Manmad,Yeola,20030798,Retrofitting To Yeola 38 Villages,Nagarsul,10277,1,0.00,0.00,0.00,0.00,0.00,0.00,0.00,0.00,0.00,0.00,0.00,0.00,0.00,0.00,15-Sep,16-Sep,17-Sep,18-Sep,19-Sep,20-Sep,21-Sep,15-Sep,16-Sep,17-Sep,18-Sep,19-Sep,20-Sep,21-Sep,7,7,0
Nashik,Nashik,W M Nashik,Malegaon,Chandwad,20086730,Retro.Chandwad and WSS 44 villages. Ta. Chandwad,Dongargaon,1649,1,0.64,0.00,0.00,0.00,0.00,0.48,0.00,38.88,0.00,0.00,0.00,0.00,29.36,0.00,15-Sep,16-Sep,17-Sep,18-Sep,19-Sep,20-Sep,21-Sep,15-Sep,16-Sep,17-Sep,18-Sep,19-Sep,20-Sep,21-Sep,5,7,0
Nashik,Ahmednagar,Ahmednagar,Newasa,shevgaon,20028535,"Amarapur and Mali Babhulgaon 49 villages, Tal. Pathardi",Kuntefal,1437,3,0.00,0.00,0.00,0.00,0.00,0.00,0.00,0.00,0.00,0.00,0.00,0.00,0.00,0.00,15-Sep,16-Sep,17-Sep,18-Sep,19-Sep,20-Sep,21-Sep,15-Sep,16-Sep,17-Sep,18-Sep,19-Sep,20-Sep,21-Sep,7,7,0
Nashik,Ahmednagar,Sangamner,Sangamner,Sangamner,20033242,"Retro.Talegaon Dighe and 16 villages, Tal. Sangamner",Karule,2284,1,0.00,0.00,0.00,0.00,0.00,0.00,0.00,0.00,0.00,0.00,0.00,0.00,0.00,0.00,15-Sep,16-Sep,17-Sep,18-Sep,19-Sep,20-Sep,21-Sep,15-Sep,16-Sep,17-Sep,18-Sep,19-Sep,20-Sep,21-Sep,7,7,0
Nashik,Ahmednagar,Ahmednagar,Newasa,shevgaon,20028535,"Amarapur and Mali Babhulgaon 49 villages, Tal. Pathardi",Wadule Bk,2479,2,0.00,0.01,0.01,0.00,0.00,0.77,0.00,0.00,0.50,0.25,0.00,0.00,31.23,0.00,15-Sep,16-Sep,17-Sep,18-Sep,19-Sep,20-Sep,21-Sep,15-Sep,16-Sep,17-Sep,18-Sep,19-Sep,20-Sep,21-Sep,4,7,0
Nashik,Nashik,W M Nashik,Malegaon,Chandwad,20086730,Retro.Chandwad and WSS 44 villages. Ta. Chandwad,Chinchole,914,1,0.07,0.00,0.00,0.00,0.14,0.00,0.00,7.51,0.00,0.00,0.00,15.85,0.00,0.00,15-Sep,16-Sep,17-Sep,18-Sep,19-Sep,20-Sep,21-Sep,15-Sep,16-Sep,17-Sep,18-Sep,19-Sep,20-Sep,21-Sep,5,7,0
Nashik,Nashik,W M Nashik,Malegaon,Chandwad,20086730,Retro.Chandwad and WSS 44 villages. Ta. Chandwad,Shelu Varche,1622,1,0.00,0.00,0.00,0.00,0.00,0.00,0.00,0.00,0.00,0.00,0.00,0.00,0.00,0.00,15-Sep,16-Sep,17-Sep,18-Sep,19-Sep,20-Sep,21-Sep,15-Sep,16-Sep,17-Sep,18-Sep,19-Sep,20-Sep,21-Sep,7,7,0
Nashik,Ahmednagar,Ahmednagar,Newasa,shevgaon,20028535,"Amarapur and Mali Babhulgaon 49 villages, Tal. Pathardi",Thakur Nimgaon,1966,2,0.91,0.00,0.48,0.32,0.90,0.40,0.00,46.53,0.00,24.46,16.32,45.97,20.48,0.03,15-Sep,16-Sep,17-Sep,18-Sep,19-Sep,20-Sep,21-Sep,15-Sep,16-Sep,17-Sep,18-Sep,19-Sep,20-Sep,21-Sep,1,7,0
Nashik,Nashik,W M Nashik,W.M.Nashik,Dindori,20039676,Mulane & 3Villages RRWSS Tal. Dindori,Talegaon Vani,2106,3,0.01,0.00,0.00,0.00,0.00,0.00,0.00,0.24,0.00,0.09,0.03,0.17,0.14,0.23,15-Sep,16-Sep,17-Sep,18-Sep,19-Sep,20-Sep,21-Sep,15-Sep,16-Sep,17-Sep,18-Sep,19-Sep,20-Sep,21-Sep,1,7,0
Nashik,Nashik,Nashik,Manmad,Nifad,456654,"Retro. Lasalgaon Vinchur 16 Villages, Tal. Nifad",Vinchur,16088,3,5.79,0.00,1.44,1.07,0.00,3.53,5.83,35.97,0.00,8.96,6.66,0.00,21.97,36.24,15-Sep,16-Sep,17-Sep,18-Sep,19-Sep,20-Sep,21-Sep,15-Sep,16-Sep,17-Sep,18-Sep,19-Sep,20-Sep,21-Sep,2,7,0
Nashik,Nashik,Nashik,Sinnar,Sinnar,20019286,"Nirhale-Fatehpur and 5 villages, Tal. Sinnar",Marhal (Bk.),2934,1,0.00,13.21,1.45,0.45,146.34,177.58,165.84,0.00,450.22,49.54,15.35,4987.66,6052.46,5652.45,15-Sep,16-Sep,17-Sep,18-Sep,19-Sep,20-Sep,21-Sep,15-Sep,16-Sep,17-Sep,18-Sep,19-Sep,20-Sep,21-Sep,1,3,4
Nashik,Nashik,W M Nashik,Malegaon,Malegaon,20018682,Dhahiwal &25 Villages WSS Tal Malegaon,Shendurni,1323,2,0.00,0.00,0.92,0.00,0.00,5.41,0.00,0.00,0.00,69.24,0.00,0.00,408.79,0.00,15-Sep,16-Sep,17-Sep,18-Sep,19-Sep,20-Sep,21-Sep,15-Sep,16-Sep,17-Sep,18-Sep,19-Sep,20-Sep,21-Sep,5,5,2
Nashik,Ahmednagar,Ahmednagar,Newasa,Pathardi,20040662,"Retro.Miri-Tisgaon and 33 villages, Tal. Pathardi",Lohasar,2118,2,0.00,0.05,0.00,0.00,0.00,0.00,0.00,0.00,2.36,0.00,0.00,0.00,0.00,0.00,15-Sep,16-Sep,17-Sep,18-Sep,19-Sep,20-Sep,21-Sep,15-Sep,16-Sep,17-Sep,18-Sep,19-Sep,20-Sep,21-Sep,6,7,0
Nashik,Nashik,Nashik,Manmad,Nifad,456654,"Retro. Lasalgaon Vinchur 16 Villages, Tal. Nifad",Nimgaon Wakada,3798,1,0.58,0.38,1.90,0.26,1.11,0.36,1.20,15.25,10.05,50.09,6.76,29.29,9.54,31.61,15-Sep,16-Sep,17-Sep,18-Sep,19-Sep,20-Sep,21-Sep,15-Sep,16-Sep,17-Sep,18-Sep,19-Sep,20-Sep,21-Sep,0,7,0
Nashik,Nashik,Nashik,Manmad,Yeola,20030798,Retrofitting To Yeola 38 Villages,Saygaon,3117,1,0.00,0.13,2.27,1.59,2.46,1.85,0.71,0.00,4.03,72.74,51.06,78.79,59.38,22.64,15-Sep,16-Sep,17-Sep,18-Sep,19-Sep,20-Sep,21-Sep,15-Sep,16-Sep,17-Sep,18-Sep,19-Sep,20-Sep,21-Sep,1,4,3
Nashik,Nashik,W M Nashik,Malegaon,Chandwad,20086730,Retro.Chandwad and WSS 44 villages. Ta. Chandwad,Dugaon,4741,1,0.00,0.00,0.00,0.00,1.51,0.00,0.00,0.00,0.00,0.00,0.00,31.95,0.00,0.00,15-Sep,16-Sep,17-Sep,18-Sep,19-Sep,20-Sep,21-Sep,15-Sep,16-Sep,17-Sep,18-Sep,19-Sep,20-Sep,21-Sep,6,7,0
Nashik,Ahmednagar,Ahmednagar,Newasa,Nevasa,5348540,"Retro.Sonai Karjgaon and 16 villages, Tal. Nevasa",GONEGAON,1572,2,0.00,0.37,0.37,0.00,0.36,0.41,0.47,0.10,23.60,23.59,0.02,23.22,26.22,29.89,15-Sep,16-Sep,17-Sep,18-Sep,19-Sep,20-Sep,21-Sep,15-Sep,16-Sep,17-Sep,18-Sep,19-Sep,20-Sep,21-Sep,0,7,0
Nashik,Ahmednagar,Ahmednagar,Newasa,shevgaon,20028535,"Amarapur and Mali Babhulgaon 49 villages, Tal. Pathardi",Sangavi Bk,765,2,0.00,0.00,0.00,0.00,0.00,0.00,0.00,0.00,0.07,0.00,0.00,0.00,0.00,0.00,15-Sep,16-Sep,17-Sep,18-Sep,19-Sep,20-Sep,21-Sep,15-Sep,16-Sep,17-Sep,18-Sep,19-Sep,20-Sep,21-Sep,6,7,0
Nashik,Ahmednagar,Ahmednagar,Ahmednagar,Nagar,20046349,Retro Ghospuri & 16 Villages RRWSS Tal- Nagar,Jadhavvwadi,479,1,0.00,0.22,1.13,0.64,0.50,0.00,0.00,0.00,46.01,235.34,134.10,104.32,0.27,0.00,15-Sep,16-Sep,17-Sep,18-Sep,19-Sep,20-Sep,21-Sep,15-Sep,16-Sep,17-Sep,18-Sep,19-Sep,20-Sep,21-Sep,2,4,3
Nashik,Ahmednagar,Sangamner,Sangamner,Sangamner,20033242,"Retro.Talegaon Dighe and 16 villages, Tal. Sangamner",chincholi Gurav,3160,4,0.00,0.00,0.00,0.00,0.00,0.00,0.00,0.00,0.00,0.00,0.00,0.00,0.00,0.00,15-Sep,16-Sep,17-Sep,18-Sep,19-Sep,20-Sep,21-Sep,15-Sep,16-Sep,17-Sep,18-Sep,19-Sep,20-Sep,21-Sep,7,7,0
Nashik,Jalgaon,Jalgaon,Erandol,Jamner,20025401,Pahur Peth& Pahur Kasbe 2 Villages WSS Tal Jamner,Pahur Kasbe,11162,3,0.00,0.00,0.00,0.00,0.00,0.00,0.00,0.00,0.00,0.00,0.00,0.00,0.00,0.00,15-Sep,16-Sep,17-Sep,18-Sep,19-Sep,20-Sep,21-Sep,15-Sep,16-Sep,17-Sep,18-Sep,19-Sep,20-Sep,21-Sep,7,7,0
Nashik,Nashik,Nashik,Manmad,Yeola,20040090,"Dhulgaon and 17 villages, Tal. Yeola",Neurgaon,2792,1,0.00,0.00,1.27,1.16,1.00,0.00,0.00,0.00,0.00,0.00,0.00,0.00,0.00,0.00,15-Sep,16-Sep,17-Sep,18-Sep,19-Sep,20-Sep,21-Sep,15-Sep,16-Sep,17-Sep,18-Sep,19-Sep,20-Sep,21-Sep,7,7,0
Nashik,Ahmednagar,Ahmednagar,Newasa,shevgaon,20028535,"Amarapur and Mali Babhulgaon 49 villages, Tal. Pathardi",Sangavi Kh,657,2,0.00,0.00,0.00,0.00,0.00,0.00,0.00,0.00,0.09,0.00,0.00,0.00,0.00,0.00,15-Sep,16-Sep,17-Sep,18-Sep,19-Sep,20-Sep,21-Sep,15-Sep,16-Sep,17-Sep,18-Sep,19-Sep,20-Sep,21-Sep,6,7,0
Nashik,Nashik,Nashik,Malegaon,Malegaon,20037448,"78 villages in Nandgaon, Malegaon and Deola talukas",Babhulwadi,715,1,0.50,0.56,0.70,0.59,1.06,0.80,1.77,69.54,78.88,97.48,82.49,148.66,111.47,247.03,15-Sep,16-Sep,17-Sep,18-Sep,19-Sep,20-Sep,21-Sep,15-Sep,16-Sep,17-Sep,18-Sep,19-Sep,20-Sep,21-Sep,0,0,7
Nashik,Ahmednagar,Ahmednagar,Ahmednagar,Nagar,20046349,Retro Ghospuri & 16 Villages RRWSS Tal- Nagar,Baburdi Gumat,2337,1,0.00,0.85,0.30,0.81,1.01,0.69,1.00,0.00,36.20,12.84,34.48,43.35,29.31,42.83,15-Sep,16-Sep,17-Sep,18-Sep,19-Sep,20-Sep,21-Sep,15-Sep,16-Sep,17-Sep,18-Sep,19-Sep,20-Sep,21-Sep,1,7,0
Nashik,Jalgaon,Jalgaon,Nandurbar,Nandurbar,20057131,Waghale & 3 Villages,Haripur,1445,2,0.00,0.00,0.00,0.00,0.00,0.00,0.00,0.00,0.00,0.00,0.00,0.00,0.00,0.00,15-Sep,16-Sep,17-Sep,18-Sep,19-Sep,20-Sep,21-Sep,15-Sep,16-Sep,17-Sep,18-Sep,19-Sep,20-Sep,21-Sep,7,7,0
Nashik,Ahmednagar,Ahmednagar,Newasa,shevgaon,20028535,"Amarapur and Mali Babhulgaon 49 villages, Tal. Pathardi",Talani,1300,2,0.44,0.47,0.51,0.45,0.49,0.47,0.44,33.57,36.21,39.30,34.46,37.65,36.42,33.96,15-Sep,16-Sep,17-Sep,18-Sep,19-Sep,20-Sep,21-Sep,15-Sep,16-Sep,17-Sep,18-Sep,19-Sep,20-Sep,21-Sep,0,7,0
Nashik,Ahmednagar,Ahmednagar,Newasa,Shevgaon,20029079,Retro.Bodhegaon and 7 villages RRWSS. Ta. Shevgaon,Balam Takali,5550,3,1.65,1.83,0.76,0.67,1.15,0.00,3.12,29.82,32.94,13.71,12.09,20.76,0.01,56.25,15-Sep,16-Sep,17-Sep,18-Sep,19-Sep,20-Sep,21-Sep,15-Sep,16-Sep,17-Sep,18-Sep,19-Sep,20-Sep,21-Sep,0,6,1
Nashik,Jalgaon,Jalgaon,Chopda,Chopda,20053731,Lasur and 9 villages RRWSS. Ta. Chopda,Mamalde,3572,2,4.65,4.52,5.22,4.51,5.04,4.60,4.74,130.10,126.43,146.18,126.16,141.03,128.68,132.57,15-Sep,16-Sep,17-Sep,18-Sep,19-Sep,20-Sep,21-Sep,15-Sep,16-Sep,17-Sep,18-Sep,19-Sep,20-Sep,21-Sep,0,0,7
Nashik,Nashik,Nashik,Sinnar,Sinnar,20019286,"Nirhale-Fatehpur and 5 villages, Tal. Sinnar",Kankori,2427,2,0.00,0.00,0.00,0.00,0.00,0.00,0.00,0.00,0.00,0.00,0.00,0.00,0.00,0.00,15-Sep,16-Sep,17-Sep,18-Sep,19-Sep,20-Sep,21-Sep,15-Sep,16-Sep,17-Sep,18-Sep,19-Sep,20-Sep,21-Sep,7,7,0
Nashik,Nashik,W M Nashik,W.M.Nashik,Dindori,20039258,Ozar-Sakore & 2 Villages,Mohadi,5078,3,0.55,3.36,0.43,3.29,0.23,3.32,0.00,10.91,66.13,8.50,64.82,4.44,65.41,0.00,15-Sep,16-Sep,17-Sep,18-Sep,19-Sep,20-Sep,21-Sep,15-Sep,16-Sep,17-Sep,18-Sep,19-Sep,20-Sep,21-Sep,1,4,3
Nashik,Jalgaon,Jalgaon,Erandol,Jamner,20025401,Pahur Peth& Pahur Kasbe 2 Villages WSS Tal Jamner,Pahur Peth,13205,5,0.02,0.14,4.21,5.62,11.13,12.72,7.12,0.16,1.09,31.86,42.59,84.31,96.35,53.92,15-Sep,16-Sep,17-Sep,18-Sep,19-Sep,20-Sep,21-Sep,15-Sep,16-Sep,17-Sep,18-Sep,19-Sep,20-Sep,21-Sep,0,5,2
Nashik,Nashik,W M Nashik,W.M.Nashik,Dindori,20039676,Mulane & 3Villages RRWSS Tal. Dindori,Sangamner,1076,1,0.26,0.17,0.33,0.03,0.23,0.22,0.02,23.76,15.93,31.03,2.78,21.32,20.51,1.71,15-Sep,16-Sep,17-Sep,18-Sep,19-Sep,20-Sep,21-Sep,15-Sep,16-Sep,17-Sep,18-Sep,19-Sep,20-Sep,21-Sep,0,7,0
Nashik,Jalgaon,Jalgaon,Nandurbar,Nandurbar,20057131,Waghale & 3 Villages,Ashte,3920,2,1.41,1.53,0.01,0.00,1.48,1.47,0.00,35.95,38.95,0.21,0.00,37.64,37.58,0.00,15-Sep,16-Sep,17-Sep,18-Sep,19-Sep,20-Sep,21-Sep,15-Sep,16-Sep,17-Sep,18-Sep,19-Sep,20-Sep,21-Sep,2,7,0
Nashik,Jalgaon,Jalgaon,Erandol,Chalisgaon,20053796,Dondigar-Rohini & 15 Villages WSS,Krushnanagar,2803,2,0.00,0.00,1.08,0.25,0.77,0.13,0.00,0.00,0.00,38.41,8.77,27.37,4.60,0.00,15-Sep,16-Sep,17-Sep,18-Sep,19-Sep,20-Sep,21-Sep,15-Sep,16-Sep,17-Sep,18-Sep,19-Sep,20-Sep,21-Sep,3,7,0
Nashik,Nashik,W M Nashik,Malegaon,Chandwad,20086730,Retro.Chandwad and WSS 44 villages. Ta. Chandwad,Shinde,1804,2,0.00,0.00,0.34,0.00,0.28,0.28,0.01,0.00,0.00,18.82,0.00,15.64,15.72,0.66,15-Sep,16-Sep,17-Sep,18-Sep,19-Sep,20-Sep,21-Sep,15-Sep,16-Sep,17-Sep,18-Sep,19-Sep,20-Sep,21-Sep,3,7,0
Nashik,Ahmednagar,Ahmednagar,Newasa,Pathardi,20040662,"Retro.Miri-Tisgaon and 33 villages, Tal. Pathardi",Jawakhedekalsa,3200,2,0.00,0.00,0.99,1.00,0.00,0.24,0.82,0.00,0.07,31.04,31.25,0.00,7.58,25.52,15-Sep,16-Sep,17-Sep,18-Sep,19-Sep,20-Sep,21-Sep,15-Sep,16-Sep,17-Sep,18-Sep,19-Sep,20-Sep,21-Sep,2,7,0
Nashik,Nashik,Nashik,Manmad,Yeola,20040090,"Dhulgaon and 17 villages, Tal. Yeola",Chinchodi Bk,1893,2,,,0.09,0.23,0.66,0.10,0.20,,,0.00,0.00,0.00,0.00,0.00,15-Sep,16-Sep,17-Sep,18-Sep,19-Sep,20-Sep,21-Sep,15-Sep,16-Sep,17-Sep,18-Sep,19-Sep,20-Sep,21-Sep,5,5,0
Nashik,Nashik,Nashik,Sinnar,Sinnar,20019176,Retro. Bargaonpimpri & 6 VRWSS  Tal Sinnar,Hiwargaon,2497,3,0.15,0.29,0.45,0.00,1.05,0.17,0.16,6.06,11.44,17.99,0.00,42.16,6.63,6.38,15-Sep,16-Sep,17-Sep,18-Sep,19-Sep,20-Sep,21-Sep,15-Sep,16-Sep,17-Sep,18-Sep,19-Sep,20-Sep,21-Sep,1,7,0
Nashik,Nashik,Nashik,Manmad,Yeola,20030798,Retrofitting To Yeola 38 Villages,Dhanora,1283,2,3.18,7.15,0.33,10.92,3.50,0.00,5.26,247.61,557.17,25.41,851.42,273.12,0.00,410.07,15-Sep,16-Sep,17-Sep,18-Sep,19-Sep,20-Sep,21-Sep,15-Sep,16-Sep,17-Sep,18-Sep,19-Sep,20-Sep,21-Sep,1,2,5
Nashik,Ahmednagar,Ahmednagar,Ahmednagar,Nagar,20046296,Burhannagar & 45 Villages Retro RRWSS,Watephal,1630,2,0.00,0.00,0.00,0.00,0.20,0.00,0.00,0.00,0.00,0.00,0.00,11.98,0.29,0.00,15-Sep,16-Sep,17-Sep,18-Sep,19-Sep,20-Sep,21-Sep,15-Sep,16-Sep,17-Sep,18-Sep,19-Sep,20-Sep,21-Sep,5,7,0
Nashik,Nashik,Nashik,Malegaon,Nandgaon,20037448,"78 villages in Nandgaon, Malegaon and Deola talukas",Sawakarwadi,2811,3,2.22,0.00,0.00,0.00,0.00,0.00,0.00,79.11,0.00,0.00,0.00,0.00,0.00,0.00,15-Sep,16-Sep,17-Sep,18-Sep,19-Sep,20-Sep,21-Sep,15-Sep,16-Sep,17-Sep,18-Sep,19-Sep,20-Sep,21-Sep,6,6,1
Nashik,Jalgaon,Jalgaon,Erandol,Chalisgaon,20053796,Dondigar-Rohini & 15 Villages WSS,Hirapur,3925,3,1.07,0.00,1.96,2.09,1.75,1.58,1.92,27.29,0.00,49.83,53.20,44.64,40.17,48.89,15-Sep,16-Sep,17-Sep,18-Sep,19-Sep,20-Sep,21-Sep,15-Sep,16-Sep,17-Sep,18-Sep,19-Sep,20-Sep,21-Sep,1,7,0
Nashik,Nashik,Nashik,Nashik,Peth,20083505,Surgane & 2 Vill RRWSS Tal.Peth,Harangaon,1570,1,0.00,0.00,0.00,0.00,0.00,0.00,0.00,0.00,0.00,0.00,0.00,0.00,0.00,0.00,15-Sep,16-Sep,17-Sep,18-Sep,19-Sep,20-Sep,21-Sep,15-Sep,16-Sep,17-Sep,18-Sep,19-Sep,20-Sep,21-Sep,7,7,0
Nashik,Ahmednagar,Ahmednagar,Newasa,Pathardi,20040662,"Retro.Miri-Tisgaon and 33 villages, Tal. Pathardi",Karanji,7256,2,0.00,0.00,0.00,0.00,0.00,0.00,0.74,0.00,0.00,0.00,0.00,0.00,0.00,10.16,15-Sep,16-Sep,17-Sep,18-Sep,19-Sep,20-Sep,21-Sep,15-Sep,16-Sep,17-Sep,18-Sep,19-Sep,20-Sep,21-Sep,6,7,0
Nashik,Nashik,Nashik,Nashik,Trambakeshwar,20017222,Waghera & 14 RRWSS Tal Trambakeshwar,Kone,1655,2,0.00,0.00,0.00,0.00,4.97,0.00,0.00,0.00,0.00,0.00,0.00,300.02,0.00,0.00,15-Sep,16-Sep,17-Sep,18-Sep,19-Sep,20-Sep,21-Sep,15-Sep,16-Sep,17-Sep,18-Sep,19-Sep,20-Sep,21-Sep,6,6,1
Nashik,Ahmednagar,Ahmednagar,Newasa,Nevasa,5348540,"Retro.Sonai Karjgaon and 16 villages, Tal. Nevasa",Navin Chandgaon,1547,1,0.53,0.52,0.45,0.54,0.30,0.00,0.30,34.41,33.90,28.82,34.98,19.14,0.00,19.47,15-Sep,16-Sep,17-Sep,18-Sep,19-Sep,20-Sep,21-Sep,15-Sep,16-Sep,17-Sep,18-Sep,19-Sep,20-Sep,21-Sep,1,7,0
Nashik,Nashik,Nashik,Malegaon,Nandgaon,20037448,"78 villages in Nandgaon, Malegaon and Deola talukas",Patharde,879,2,1.38,0.00,0.05,0.26,0.00,0.52,0.59,157.18,0.00,5.48,30.04,0.00,59.66,67.25,15-Sep,16-Sep,17-Sep,18-Sep,19-Sep,20-Sep,21-Sep,15-Sep,16-Sep,17-Sep,18-Sep,19-Sep,20-Sep,21-Sep,2,4,3
Nashik,Ahmednagar,Ahmednagar,Ahmednagar,Nagar,20046349,Retro Ghospuri & 16 Villages RRWSS Tal- Nagar,Khadaki,1647,1,1.32,0.65,0.00,1.75,0.72,0.97,0.78,80.14,39.24,0.00,106.54,43.72,58.81,47.56,15-Sep,16-Sep,17-Sep,18-Sep,19-Sep,20-Sep,21-Sep,15-Sep,16-Sep,17-Sep,18-Sep,19-Sep,20-Sep,21-Sep,1,4,3
Nashik,Nashik,Nashik,Manmad,Nifad,456654,"Retro. Lasalgaon Vinchur 16 Villages, Tal. Nifad",Vishnu Nagar,1254,1,0.69,0.71,0.72,1.05,0.66,0.86,0.77,54.75,56.99,57.30,83.51,52.43,68.64,61.52,15-Sep,16-Sep,17-Sep,18-Sep,19-Sep,20-Sep,21-Sep,15-Sep,16-Sep,17-Sep,18-Sep,19-Sep,20-Sep,21-Sep,0,2,5
Nashik,Jalgaon,Jalgaon,Chopda,Chopda,20053731,Lasur and 9 villages RRWSS. Ta. Chopda,Chaugaon,2980,2,2.50,1.88,2.30,1.91,2.58,1.46,2.57,83.93,63.25,77.26,64.09,86.67,49.04,86.27,15-Sep,16-Sep,17-Sep,18-Sep,19-Sep,20-Sep,21-Sep,15-Sep,16-Sep,17-Sep,18-Sep,19-Sep,20-Sep,21-Sep,0,1,6
Nashik,Nashik,Nashik,Sinnar,Sinnar,20019286,"Nirhale-Fatehpur and 5 villages, Tal. Sinnar",Manori,4139,2,0.00,0.00,0.00,0.00,0.00,0.00,0.00,0.00,0.00,0.00,0.00,0.00,0.00,0.00,15-Sep,16-Sep,17-Sep,18-Sep,19-Sep,20-Sep,21-Sep,15-Sep,16-Sep,17-Sep,18-Sep,19-Sep,20-Sep,21-Sep,7,7,0
Nashik,Nashik,Nashik,Nashik,Peth,20083505,Surgane & 2 Vill RRWSS Tal.Peth,Surgane,1114,6,0.00,0.00,0.00,0.00,0.00,0.00,0.00,0.00,0.00,0.00,0.00,0.00,0.00,0.00,15-Sep,16-Sep,17-Sep,18-Sep,19-Sep,20-Sep,21-Sep,15-Sep,16-Sep,17-Sep,18-Sep,19-Sep,20-Sep,21-Sep,7,7,0
Nashik,Nashik,Nashik,Manmad,Yeola,20030798,Retrofitting To Yeola 38 Villages,Bharam,1595,1,0.00,0.00,0.00,0.00,0.00,0.00,0.00,0.00,0.00,0.00,0.00,0.00,0.00,0.00,15-Sep,16-Sep,17-Sep,18-Sep,19-Sep,20-Sep,21-Sep,15-Sep,16-Sep,17-Sep,18-Sep,19-Sep,20-Sep,21-Sep,7,7,0
Nashik,Ahmednagar,Ahmednagar,Newasa,shevgaon,20028535,"Amarapur and Mali Babhulgaon 49 villages, Tal. Pathardi",Salwadgaon,1763,2,0.00,0.00,0.00,0.00,0.00,0.00,0.00,0.00,0.00,0.00,0.00,0.00,0.00,0.00,15-Sep,16-Sep,17-Sep,18-Sep,19-Sep,20-Sep,21-Sep,15-Sep,16-Sep,17-Sep,18-Sep,19-Sep,20-Sep,21-Sep,7,7,0
Nashik,Ahmednagar,Ahmednagar,Ahmednagar,Nagar,20046349,Retro Ghospuri & 16 Villages RRWSS Tal- Nagar,Khandala,2110,1,0.00,0.00,0.00,0.00,0.00,0.00,0.00,0.00,0.00,0.00,0.00,0.00,0.00,0.00,15-Sep,16-Sep,17-Sep,18-Sep,19-Sep,20-Sep,21-Sep,15-Sep,16-Sep,17-Sep,18-Sep,19-Sep,20-Sep,21-Sep,7,7,0
Nashik,Ahmednagar,Ahmednagar,Shreerampur,Rahuri,20041657,Warvandi and others 10 villages. Tal.Rahuri,Shingawe,2592,2,2.86,2.81,2.85,2.91,3.02,0.18,2.98,110.25,108.26,109.85,112.11,116.51,7.11,115.15,15-Sep,16-Sep,17-Sep,18-Sep,19-Sep,20-Sep,21-Sep,15-Sep,16-Sep,17-Sep,18-Sep,19-Sep,20-Sep,21-Sep,0,1,6
Nashik,Nashik,Nashik,Manmad,Yeola,20030798,Retrofitting To Yeola 38 Villages,Babulgaon Bk.,1774,1,0.90,1.75,3.32,4.94,2.10,0.00,0.00,50.78,98.81,187.30,278.46,118.20,0.00,0.00,15-Sep,16-Sep,17-Sep,18-Sep,19-Sep,20-Sep,21-Sep,15-Sep,16-Sep,17-Sep,18-Sep,19-Sep,20-Sep,21-Sep,2,3,4
Nashik,Nashik,Nashik,Malegaon,Malegaon,20037448,"78 villages in Nandgaon, Malegaon and Deola talukas",Hiswal Bk,1875,1,0.95,1.08,0.00,0.00,0.00,0.00,0.95,50.43,57.68,0.00,0.00,0.00,0.01,50.63,15-Sep,16-Sep,17-Sep,18-Sep,19-Sep,20-Sep,21-Sep,15-Sep,16-Sep,17-Sep,18-Sep,19-Sep,20-Sep,21-Sep,3,6,1
Nashik,Ahmednagar,Ahmednagar,Newasa,shevgaon,20028535,"Amarapur and Mali Babhulgaon 49 villages, Tal. Pathardi",Warur Bk.,3014,3,0.00,2.46,1.87,2.28,2.05,2.38,1.81,0.00,81.56,62.07,75.53,68.08,79.12,59.97,15-Sep,16-Sep,17-Sep,18-Sep,19-Sep,20-Sep,21-Sep,15-Sep,16-Sep,17-Sep,18-Sep,19-Sep,20-Sep,21-Sep,1,1,6
Nashik,Nashik,W M Nashik,Malegaon,Chandwad,20086730,Retro.Chandwad and WSS 44 villages. Ta. Chandwad,Pimpalgaon Dabali,919,1,0.00,0.00,0.00,0.00,0.00,0.00,0.00,0.00,0.00,0.00,0.00,0.00,0.00,0.00,15-Sep,16-Sep,17-Sep,18-Sep,19-Sep,20-Sep,21-Sep,15-Sep,16-Sep,17-Sep,18-Sep,19-Sep,20-Sep,21-Sep,7,7,0
Nashik,Nashik,Nashik,Manmad,Yeola,20030798,Retrofitting To Yeola 38 Villages,Andarsul,15233,2,8.40,0.00,0.00,6.62,11.83,0.00,7.00,55.11,0.00,0.00,43.49,77.68,0.00,45.97,15-Sep,16-Sep,17-Sep,18-Sep,19-Sep,20-Sep,21-Sep,15-Sep,16-Sep,17-Sep,18-Sep,19-Sep,20-Sep,21-Sep,3,5,2
Nashik,Ahmednagar,Ahmednagar,Ahmednagar,Nagar,20046296,Burhannagar & 45 Villages Retro RRWSS,Pimpalgaon Ujjaini,3527,2,0.00,0.00,0.09,0.00,0.00,0.08,0.00,0.00,0.00,2.51,0.00,0.00,2.31,0.00,15-Sep,16-Sep,17-Sep,18-Sep,19-Sep,20-Sep,21-Sep,15-Sep,16-Sep,17-Sep,18-Sep,19-Sep,20-Sep,21-Sep,5,7,0
Nashik,Ahmednagar,Ahmednagar,Shreerampur,Rahuri,20041657,Warvandi and others 10 villages. Tal.Rahuri,Khadambe Kh.,4545,2,2.78,1.68,3.11,2.17,2.91,1.53,3.32,61.18,36.93,68.35,47.72,63.94,33.64,73.09,15-Sep,16-Sep,17-Sep,18-Sep,19-Sep,20-Sep,21-Sep,15-Sep,16-Sep,17-Sep,18-Sep,19-Sep,20-Sep,21-Sep,0,3,4
Nashik,Ahmednagar,Sangamner,Sangamner,Sangamner,20033242,"Retro.Talegaon Dighe and 16 villages, Tal. Sangamner",Wadzari (Bk),1458,1,0.09,0.10,0.08,0.03,0.04,0.10,0.05,6.00,7.04,5.79,2.31,2.54,7.18,3.13,15-Sep,16-Sep,17-Sep,18-Sep,19-Sep,20-Sep,21-Sep,15-Sep,16-Sep,17-Sep,18-Sep,19-Sep,20-Sep,21-Sep,0,7,0
Nashik,Nashik,Nashik,Nashik,Peth,20083505,Surgane & 2 Vill RRWSS Tal.Peth,Ghubadsaka,0,1,0.00,0.00,0.00,0.00,0.00,0.00,0.00,0.00,0.00,0.00,0.00,0.00,0.00,0.00,15-Sep,16-Sep,17-Sep,18-Sep,19-Sep,20-Sep,21-Sep,15-Sep,16-Sep,17-Sep,18-Sep,19-Sep,20-Sep,21-Sep,7,7,0
Nashik,Ahmednagar,Ahmednagar,Newasa,shevgaon,20028535,"Amarapur and Mali Babhulgaon 49 villages, Tal. Pathardi",Kurudgaon,1117,2,1.22,1.48,0.88,5.10,5.42,4.85,5.38,109.39,132.43,78.65,456.71,484.91,434.43,481.85,15-Sep,16-Sep,17-Sep,18-Sep,19-Sep,20-Sep,21-Sep,15-Sep,16-Sep,17-Sep,18-Sep,19-Sep,20-Sep,21-Sep,0,0,7
Nashik,Jalgaon,Jalgaon,Nandurbar,Nandurbar,20055639,Bhagsari & 8 Villages,Jun Mohide,2025,2,0.00,5.03,0.00,0.00,0.00,0.00,0.00,0.00,248.46,0.00,0.00,0.00,0.00,0.00,15-Sep,16-Sep,17-Sep,18-Sep,19-Sep,20-Sep,21-Sep,15-Sep,16-Sep,17-Sep,18-Sep,19-Sep,20-Sep,21-Sep,6,6,1
Nashik,Ahmednagar,Ahmednagar,Newasa,Nevasa,20029472,Retro.Bhenda Kukana and 4 villages WSS. Ta. Nevasa,Tarwadi,2925,1,0.64,2.63,0.70,2.29,0.31,2.12,0.38,22.05,89.97,23.95,78.17,10.74,72.32,12.86,15-Sep,16-Sep,17-Sep,18-Sep,19-Sep,20-Sep,21-Sep,15-Sep,16-Sep,17-Sep,18-Sep,19-Sep,20-Sep,21-Sep,0,4,3
Nashik,Ahmednagar,Ahmednagar,Newasa,shevgaon,20028535,"Amarapur and Mali Babhulgaon 49 villages, Tal. Pathardi",Malegaon NE,1170,2,0.01,0.11,0.24,0.33,0.00,0.01,0.28,1.18,9.79,20.25,28.17,0.12,0.86,24.23,15-Sep,16-Sep,17-Sep,18-Sep,19-Sep,20-Sep,21-Sep,15-Sep,16-Sep,17-Sep,18-Sep,19-Sep,20-Sep,21-Sep,0,7,0
Nashik,Nashik,Nashik,Manmad,Yeola,20030798,Retrofitting To Yeola 38 Villages,Gawandgaon,3144,1,0.00,0.00,0.00,0.00,0.00,0.00,0.00,0.00,0.00,0.00,0.00,0.00,0.00,0.00,15-Sep,16-Sep,17-Sep,18-Sep,19-Sep,20-Sep,21-Sep,15-Sep,16-Sep,17-Sep,18-Sep,19-Sep,20-Sep,21-Sep,7,7,0
Nashik,Jalgaon,Jalgaon,Erandol,Chalisgaon,20053796,Dondigar-Rohini & 15 Villages WSS,Hatgaon,3573,2,1.21,1.01,0.00,0.00,0.00,4.75,1.38,33.94,28.38,0.00,0.01,0.00,133.05,38.51,15-Sep,16-Sep,17-Sep,18-Sep,19-Sep,20-Sep,21-Sep,15-Sep,16-Sep,17-Sep,18-Sep,19-Sep,20-Sep,21-Sep,2,6,1
Nashik,Ahmednagar,Ahmednagar,Ahmednagar,Nagar,20046296,Burhannagar & 45 Villages Retro RRWSS,Shendi,4865,3,4.39,0.56,0.00,0.00,0.69,1.42,0.09,90.27,11.61,0.00,0.00,14.11,29.11,1.76,15-Sep,16-Sep,17-Sep,18-Sep,19-Sep,20-Sep,21-Sep,15-Sep,16-Sep,17-Sep,18-Sep,19-Sep,20-Sep,21-Sep,2,6,1
Nashik,Nashik,Nashik,Malegaon,Malegaon,20037448,"78 villages in Nandgaon, Malegaon and Deola talukas",Ganesh Nagar,1298,2,0.38,0.33,0.29,0.14,0.39,0.17,0.32,29.34,25.77,22.71,10.51,29.82,13.13,24.88,15-Sep,16-Sep,17-Sep,18-Sep,19-Sep,20-Sep,21-Sep,15-Sep,16-Sep,17-Sep,18-Sep,19-Sep,20-Sep,21-Sep,0,7,0
Nashik,Nashik,Nashik,Malegaon,Nandgaon,20037448,"78 villages in Nandgaon, Malegaon and Deola talukas",Yesgaon Bk,3698,2,0.60,0.19,0.28,1.46,0.88,0.80,0.00,16.13,5.17,7.57,39.54,23.67,21.54,0.00,15-Sep,16-Sep,17-Sep,18-Sep,19-Sep,20-Sep,21-Sep,15-Sep,16-Sep,17-Sep,18-Sep,19-Sep,20-Sep,21-Sep,1,7,0
Nashik,Nashik,Nashik,Sinnar,Sinnar,20019176,Retro. Bargaonpimpri & 6 VRWSS  Tal Sinnar,Nimgaon Sinnar,4811,3,0.42,0.01,0.00,0.00,0.00,0.00,0.00,8.78,0.15,0.07,0.00,0.01,0.00,0.00,15-Sep,16-Sep,17-Sep,18-Sep,19-Sep,20-Sep,21-Sep,15-Sep,16-Sep,17-Sep,18-Sep,19-Sep,20-Sep,21-Sep,3,7,0
Nashik,Nashik,Nashik,Malegaon,Nandgaon,20037448,"78 villages in Nandgaon, Malegaon and Deola talukas",Shirsondi,1807,2,0.33,0.27,0.74,0.03,1.00,0.59,0.26,18.40,14.75,40.75,1.63,55.32,32.81,14.42,15-Sep,16-Sep,17-Sep,18-Sep,19-Sep,20-Sep,21-Sep,15-Sep,16-Sep,17-Sep,18-Sep,19-Sep,20-Sep,21-Sep,0,6,1
Nashik,Nashik,W M Nashik,Malegaon,Malegaon,20018579,Malmatha and 25 villages Ta. Malegaon,Dasane,1186,1,0.83,0.00,0.00,1.30,5.52,2.04,0.00,69.61,0.00,0.00,109.91,465.38,172.10,0.00,15-Sep,16-Sep,17-Sep,18-Sep,19-Sep,20-Sep,21-Sep,15-Sep,16-Sep,17-Sep,18-Sep,19-Sep,20-Sep,21-Sep,3,3,4
Nashik,Nashik,W M Nashik,Malegaon,Chandwad,20086730,Retro.Chandwad and WSS 44 villages. Ta. Chandwad,Vijaynagar,905,1,0.00,0.50,0.00,0.00,0.25,0.00,0.00,0.00,55.66,0.00,0.00,28.09,0.00,0.00,15-Sep,16-Sep,17-Sep,18-Sep,19-Sep,20-Sep,21-Sep,15-Sep,16-Sep,17-Sep,18-Sep,19-Sep,20-Sep,21-Sep,5,6,1
Nashik,Nashik,W M Nashik,Malegaon,Chandwad,20086730,Retro.Chandwad and WSS 44 villages. Ta. Chandwad,Nimgavhan,1004,1,0.00,0.00,0.00,0.00,0.00,0.00,0.00,0.00,0.00,0.00,0.00,0.00,0.00,0.00,15-Sep,16-Sep,17-Sep,18-Sep,19-Sep,20-Sep,21-Sep,15-Sep,16-Sep,17-Sep,18-Sep,19-Sep,20-Sep,21-Sep,7,7,0
Nashik,Ahmednagar,Ahmednagar,Newasa,shevgaon,20028535,"Amarapur and Mali Babhulgaon 49 villages, Tal. Pathardi",Roatale,935,1,0.00,0.13,0.19,0.25,0.00,0.00,0.24,0.00,13.98,20.66,26.89,0.00,0.00,25.92,15-Sep,16-Sep,17-Sep,18-Sep,19-Sep,20-Sep,21-Sep,15-Sep,16-Sep,17-Sep,18-Sep,19-Sep,20-Sep,21-Sep,3,7,0
Nashik,Nashik,Nashik,Manmad,Yeola,20030798,Retrofitting To Yeola 38 Villages,Nimgaon Madh,3048,1,0.00,0.00,0.82,1.19,0.17,0.00,0.00,0.00,0.00,26.88,39.17,5.74,0.00,0.00,15-Sep,16-Sep,17-Sep,18-Sep,19-Sep,20-Sep,21-Sep,15-Sep,16-Sep,17-Sep,18-Sep,19-Sep,20-Sep,21-Sep,4,7,0
Nashik,Nashik,W M Nashik,Manmad,Malegaon,20050090,Kajwade & Rampura RRWSS Tal. Malegaon,Rampura,1156,2,,,,,0.00,0.00,0.00,,,,,0.00,0.00,0.00,15-Sep,16-Sep,17-Sep,18-Sep,19-Sep,20-Sep,21-Sep,15-Sep,16-Sep,17-Sep,18-Sep,19-Sep,20-Sep,21-Sep,3,3,0
Nashik,Nashik,W M Nashik,Malegaon,Chandwad,20086730,Retro.Chandwad and WSS 44 villages. Ta. Chandwad,Kalkhode,1543,2,0.00,0.00,0.00,0.00,0.00,0.00,0.00,0.00,0.00,0.00,0.00,0.00,0.00,0.00,15-Sep,16-Sep,17-Sep,18-Sep,19-Sep,20-Sep,21-Sep,15-Sep,16-Sep,17-Sep,18-Sep,19-Sep,20-Sep,21-Sep,7,7,0
Nashik,Nashik,Nashik,Manmad,Yeola,20030798,Retrofitting To Yeola 38 Villages,Suregaon Rasta,2428,1,1.07,0.00,0.03,0.34,0.00,0.70,0.91,44.22,0.00,1.11,13.83,0.00,28.91,37.29,15-Sep,16-Sep,17-Sep,18-Sep,19-Sep,20-Sep,21-Sep,15-Sep,16-Sep,17-Sep,18-Sep,19-Sep,20-Sep,21-Sep,2,7,0
Nashik,Nashik,W M Nashik,Malegaon,Malegaon,20018682,Dhahiwal &25 Villages WSS Tal Malegaon,Sherul,2637,2,0.06,5.58,7.65,0.06,0.00,0.00,0.00,2.18,211.47,290.26,2.16,0.00,0.00,0.00,15-Sep,16-Sep,17-Sep,18-Sep,19-Sep,20-Sep,21-Sep,15-Sep,16-Sep,17-Sep,18-Sep,19-Sep,20-Sep,21-Sep,3,5,2
Nashik,Ahmednagar,Ahmednagar,Shreerampur,Rahuri,20015193,New Bramhani & 6 Villages RRWSS Tal- Rahuri,Pimpri Avghad,2562,3,0.00,0.00,0.00,0.00,0.00,0.00,0.00,0.00,0.00,0.00,0.00,0.00,0.00,0.00,15-Sep,16-Sep,17-Sep,18-Sep,19-Sep,20-Sep,21-Sep,15-Sep,16-Sep,17-Sep,18-Sep,19-Sep,20-Sep,21-Sep,7,7,0
Nashik,Nashik,Nashik,Manmad,Nifad,456654,"Retro. Lasalgaon Vinchur 16 Villages, Tal. Nifad",Nandgaon,3266,1,0.00,0.00,0.00,0.00,0.00,0.00,0.00,0.00,0.00,0.00,0.00,0.00,0.00,0.00,15-Sep,16-Sep,17-Sep,18-Sep,19-Sep,20-Sep,21-Sep,15-Sep,16-Sep,17-Sep,18-Sep,19-Sep,20-Sep,21-Sep,7,7,0
Nashik,Nashik,Nashik,Manmad,Nifad,456654,"Retro. Lasalgaon Vinchur 16 Villages, Tal. Nifad",Dharangaon Khadak,3648,1,0.95,0.02,1.21,0.12,0.91,0.06,0.94,26.02,0.45,33.13,3.19,24.82,1.64,25.88,15-Sep,16-Sep,17-Sep,18-Sep,19-Sep,20-Sep,21-Sep,15-Sep,16-Sep,17-Sep,18-Sep,19-Sep,20-Sep,21-Sep,0,7,0
Nashik,Ahmednagar,Ahmednagar,Newasa,Nevasa,20029472,Retro.Bhenda Kukana and 4 villages WSS. Ta. Nevasa,Chilekhanwadi,1373,1,0.00,0.00,0.00,0.00,0.00,0.00,0.00,0.00,0.00,0.00,0.00,0.00,0.00,0.00,15-Sep,16-Sep,17-Sep,18-Sep,19-Sep,20-Sep,21-Sep,15-Sep,16-Sep,17-Sep,18-Sep,19-Sep,20-Sep,21-Sep,7,7,0
Nashik,Nashik,Nashik,Manmad,Yeola,20030798,Retrofitting To Yeola 38 Villages,Nandesar,1025,1,0.00,0.00,0.00,0.00,0.00,0.00,0.00,0.00,0.00,0.00,0.00,0.00,0.00,0.00,15-Sep,16-Sep,17-Sep,18-Sep,19-Sep,20-Sep,21-Sep,15-Sep,16-Sep,17-Sep,18-Sep,19-Sep,20-Sep,21-Sep,7,7,0
Nashik,Jalgaon,Jalgaon,Nandurbar,Nandurbar,20057131,Waghale & 3 Villages,Waghale,3987,5,0.76,0.74,0.76,0.78,0.82,0.73,0.79,19.03,18.63,18.95,19.44,20.57,18.33,19.75,15-Sep,16-Sep,17-Sep,18-Sep,19-Sep,20-Sep,21-Sep,15-Sep,16-Sep,17-Sep,18-Sep,19-Sep,20-Sep,21-Sep,0,7,0
Nashik,Ahmednagar,Sangamner,Kopargaon,Rahata,417239,Retro Rui & Shingave R.R.W.S.S Tal Rahata,Rui,6426,4,7.00,5.49,4.48,5.77,3.98,5.65,9.46,108.94,85.50,69.74,89.72,61.95,87.98,147.22,15-Sep,16-Sep,17-Sep,18-Sep,19-Sep,20-Sep,21-Sep,15-Sep,16-Sep,17-Sep,18-Sep,19-Sep,20-Sep,21-Sep,0,0,7
Nashik,Ahmednagar,Ahmednagar,Shreerampur,Rahuri,20028775,Sonegaon and Dhanore WSS. Ta.Rahuri,Dhanore,4991,7,0.04,0.00,0.58,0.41,0.00,0.23,0.57,0.78,0.00,11.68,8.29,0.00,4.70,11.38,15-Sep,16-Sep,17-Sep,18-Sep,19-Sep,20-Sep,21-Sep,15-Sep,16-Sep,17-Sep,18-Sep,19-Sep,20-Sep,21-Sep,2,7,0
Nashik,Nashik,W M Nashik,Malegaon,Chandwad,20086730,Retro.Chandwad and WSS 44 villages. Ta. Chandwad,Puri,2836,1,0.00,0.00,0.00,0.00,0.00,0.00,0.00,0.00,0.00,0.00,0.00,0.00,0.00,0.00,15-Sep,16-Sep,17-Sep,18-Sep,19-Sep,20-Sep,21-Sep,15-Sep,16-Sep,17-Sep,18-Sep,19-Sep,20-Sep,21-Sep,7,7,0
Nashik,Jalgaon,Jalgaon,Nandurbar,Nandurbar,20057127,"Khamgaon, Tokartale , Vichak & 2 Wadies RRWSS",Wadgaon Pada,167,2,0.06,0.16,0.03,0.08,0.16,0.05,0.11,35.09,98.42,17.77,47.66,98.15,31.43,66.60,15-Sep,16-Sep,17-Sep,18-Sep,19-Sep,20-Sep,21-Sep,15-Sep,16-Sep,17-Sep,18-Sep,19-Sep,20-Sep,21-Sep,0,4,3
Nashik,Ahmednagar,Ahmednagar,Newasa,Nevasa,5348540,"Retro.Sonai Karjgaon and 16 villages, Tal. Nevasa",NIMBHARI,2524,2,0.00,0.03,0.00,0.03,0.54,0.09,0.33,0.00,1.22,0.00,1.17,21.41,3.70,13.06,15-Sep,16-Sep,17-Sep,18-Sep,19-Sep,20-Sep,21-Sep,15-Sep,16-Sep,17-Sep,18-Sep,19-Sep,20-Sep,21-Sep,2,7,0
Nashik,Ahmednagar,Sangamner,Akole,Akole,20028069,Ganore and 4 villagesTa. Akole,Virgaon,3620,6,0.56,2.87,1.86,2.07,1.29,0.77,2.52,15.43,79.20,51.40,57.22,35.76,21.29,69.74,15-Sep,16-Sep,17-Sep,18-Sep,19-Sep,20-Sep,21-Sep,15-Sep,16-Sep,17-Sep,18-Sep,19-Sep,20-Sep,21-Sep,0,4,3
Nashik,Jalgaon,Jalgaon,Nandurbar,Nandurbar,20055662,Pachorabari - Narayanpur WSS,Narayanpur,1851,2,0.00,0.00,0.00,0.00,0.00,0.00,0.00,0.00,0.00,0.00,0.00,0.00,0.00,0.00,15-Sep,16-Sep,17-Sep,18-Sep,19-Sep,20-Sep,21-Sep,15-Sep,16-Sep,17-Sep,18-Sep,19-Sep,20-Sep,21-Sep,7,7,0
Nashik,Ahmednagar,Ahmednagar,Newasa,shevgaon,20028535,"Amarapur and Mali Babhulgaon 49 villages, Tal. Pathardi",Mangrul Bk,1088,2,0.97,0.88,0.73,0.00,0.73,0.00,0.96,88.76,81.02,67.36,0.00,67.10,0.00,88.51,15-Sep,16-Sep,17-Sep,18-Sep,19-Sep,20-Sep,21-Sep,15-Sep,16-Sep,17-Sep,18-Sep,19-Sep,20-Sep,21-Sep,2,2,5
Nashik,Nashik,W M Nashik,Malegaon,Chandwad,20086730,Retro.Chandwad and WSS 44 villages. Ta. Chandwad,Bhutyane,1557,1,0.25,0.00,0.34,0.00,0.00,0.00,0.00,16.10,0.00,21.67,0.00,0.00,0.00,0.00,15-Sep,16-Sep,17-Sep,18-Sep,19-Sep,20-Sep,21-Sep,15-Sep,16-Sep,17-Sep,18-Sep,19-Sep,20-Sep,21-Sep,5,7,0
Nashik,Nashik,Nashik,Malegaon,Malegaon,20037448,"78 villages in Nandgaon, Malegaon and Deola talukas",Jiwardi Bk,1174,2,0.00,0.00,0.00,0.00,0.40,0.00,0.00,0.00,0.00,0.00,0.00,34.47,0.00,0.00,15-Sep,16-Sep,17-Sep,18-Sep,19-Sep,20-Sep,21-Sep,15-Sep,16-Sep,17-Sep,18-Sep,19-Sep,20-Sep,21-Sep,6,7,0
Nashik,Ahmednagar,Ahmednagar,Ahmednagar,Nagar,20046296,Burhannagar & 45 Villages Retro RRWSS,Dhangarwadi,2389,2,0.00,0.00,0.00,0.00,0.00,0.00,0.00,0.00,0.00,0.00,0.00,0.00,0.00,0.00,15-Sep,16-Sep,17-Sep,18-Sep,19-Sep,20-Sep,21-Sep,15-Sep,16-Sep,17-Sep,18-Sep,19-Sep,20-Sep,21-Sep,7,7,0
Nashik,Nashik,W M Nashik,Malegaon,Malegaon,20018579,Malmatha and 25 villages Ta. Malegaon,Astane,4436,3,4.88,1.03,1.17,1.14,1.01,2.34,8.74,109.90,23.14,26.29,25.80,22.71,52.76,197.11,15-Sep,16-Sep,17-Sep,18-Sep,19-Sep,20-Sep,21-Sep,15-Sep,16-Sep,17-Sep,18-Sep,19-Sep,20-Sep,21-Sep,0,5,2
Nashik,Nashik,Nashik,Malegaon,Malegaon,20037448,"78 villages in Nandgaon, Malegaon and Deola talukas",Gilane,1765,2,0.00,0.00,0.00,0.00,0.00,0.00,0.00,0.00,0.00,0.00,0.00,0.00,0.00,0.00,15-Sep,16-Sep,17-Sep,18-Sep,19-Sep,20-Sep,21-Sep,15-Sep,16-Sep,17-Sep,18-Sep,19-Sep,20-Sep,21-Sep,7,7,0
Nashik,Nashik,W M Nashik,Malegaon,Chandwad,20086730,Retro.Chandwad and WSS 44 villages. Ta. Chandwad,Vaki Kh,2158,1,0.00,0.80,0.00,0.79,0.00,0.00,0.00,0.00,37.26,0.00,36.53,0.00,0.00,0.00,15-Sep,16-Sep,17-Sep,18-Sep,19-Sep,20-Sep,21-Sep,15-Sep,16-Sep,17-Sep,18-Sep,19-Sep,20-Sep,21-Sep,5,7,0
Nashik,Ahmednagar,Ahmednagar,Ahmednagar,Nagar,20046349,Retro Ghospuri & 16 Villages RRWSS Tal- Nagar,Baburdi Bend,1328,2,0.00,0.00,0.00,0.00,0.00,0.00,0.00,0.00,0.00,0.00,0.00,0.00,0.00,0.00,15-Sep,16-Sep,17-Sep,18-Sep,19-Sep,20-Sep,21-Sep,15-Sep,16-Sep,17-Sep,18-Sep,19-Sep,20-Sep,21-Sep,7,7,0
Nashik,Jalgaon,Jalgaon,Erandol,Chalisgaon,20053796,Dondigar-Rohini & 15 Villages WSS,Andhari,1743,1,0.60,0.43,0.62,0.00,0.35,0.74,0.61,34.63,24.76,35.53,0.00,19.86,42.40,34.87,15-Sep,16-Sep,17-Sep,18-Sep,19-Sep,20-Sep,21-Sep,15-Sep,16-Sep,17-Sep,18-Sep,19-Sep,20-Sep,21-Sep,1,7,0
Nashik,Ahmednagar,Ahmednagar,Ahmednagar,Nagar,20046296,Burhannagar & 45 Villages Retro RRWSS,Kapurwadi,5098,2,0.00,0.23,0.00,0.01,0.96,0.16,1.72,0.00,4.51,0.04,0.12,18.85,3.16,33.64,15-Sep,16-Sep,17-Sep,18-Sep,19-Sep,20-Sep,21-Sep,15-Sep,16-Sep,17-Sep,18-Sep,19-Sep,20-Sep,21-Sep,1,7,0
Nashik,Nashik,W M Nashik,Malegaon,Chandwad,20086730,Retro.Chandwad and WSS 44 villages. Ta. Chandwad,Denewadi,0,1,0.00,0.00,0.00,0.00,0.00,0.00,0.00,0.00,0.00,0.00,0.00,0.00,0.00,0.00,15-Sep,16-Sep,17-Sep,18-Sep,19-Sep,20-Sep,21-Sep,15-Sep,16-Sep,17-Sep,18-Sep,19-Sep,20-Sep,21-Sep,7,7,0
Nashik,Ahmednagar,Ahmednagar,Newasa,Nevasa,20029472,Retro.Bhenda Kukana and 4 villages WSS. Ta. Nevasa,Antarwadi,1542,4,1.11,0.07,1.03,0.07,1.09,0.04,0.98,71.82,4.45,66.74,4.30,70.66,2.51,63.61,15-Sep,16-Sep,17-Sep,18-Sep,19-Sep,20-Sep,21-Sep,15-Sep,16-Sep,17-Sep,18-Sep,19-Sep,20-Sep,21-Sep,0,3,4
Nashik,Jalgaon,Jalgaon,Chopda,Chopda,20053731,Lasur and 9 villages RRWSS. Ta. Chopda,Galwade,910,1,0.81,0.79,0.88,0.88,0.84,0.75,0.87,89.13,87.19,96.80,96.58,92.13,81.98,95.69,15-Sep,16-Sep,17-Sep,18-Sep,19-Sep,20-Sep,21-Sep,15-Sep,16-Sep,17-Sep,18-Sep,19-Sep,20-Sep,21-Sep,0,0,7
Nashik,Nashik,Nashik,Malegaon,Malegaon,20037448,"78 villages in Nandgaon, Malegaon and Deola talukas",Ghodegaon Chauki,682,1,0.00,0.00,0.00,0.00,0.00,0.00,0.00,0.00,0.00,0.00,0.00,0.00,0.00,0.00,15-Sep,16-Sep,17-Sep,18-Sep,19-Sep,20-Sep,21-Sep,15-Sep,16-Sep,17-Sep,18-Sep,19-Sep,20-Sep,21-Sep,7,7,0
Nashik,Nashik,W M Nashik,Malegaon,Chandwad,20086730,Retro.Chandwad and WSS 44 villages. Ta. Chandwad,Vadalibhoi,9581,2,2.55,1.72,1.48,1.08,1.58,1.74,1.60,26.63,17.96,15.41,11.25,16.46,18.17,16.72,15-Sep,16-Sep,17-Sep,18-Sep,19-Sep,20-Sep,21-Sep,15-Sep,16-Sep,17-Sep,18-Sep,19-Sep,20-Sep,21-Sep,0,7,0
Nashik,Nashik,Nashik,Manmad,Nifad,456654,"Retro. Lasalgaon Vinchur 16 Villages, Tal. Nifad",Kotamgaon,4189,2,1.04,0.11,0.05,1.02,0.00,0.03,1.08,24.76,2.71,1.14,24.40,0.00,0.80,25.83,15-Sep,16-Sep,17-Sep,18-Sep,19-Sep,20-Sep,21-Sep,15-Sep,16-Sep,17-Sep,18-Sep,19-Sep,20-Sep,21-Sep,1,7,0
Nashik,Nashik,W M Nashik,Malegaon,Chandwad,20086730,Retro.Chandwad and WSS 44 villages. Ta. Chandwad,Koltek,796,1,0.00,0.58,0.00,0.00,0.00,0.00,0.00,0.00,72.72,0.00,0.00,0.00,0.00,0.00,15-Sep,16-Sep,17-Sep,18-Sep,19-Sep,20-Sep,21-Sep,15-Sep,16-Sep,17-Sep,18-Sep,19-Sep,20-Sep,21-Sep,6,6,1
Nashik,Ahmednagar,Ahmednagar,Newasa,Nevasa,5348540,"Retro.Sonai Karjgaon and 16 villages, Tal. Nevasa",Khedle Parmanand,2836,2,0.92,1.04,1.24,1.04,1.04,1.05,1.08,32.47,36.72,43.82,36.61,36.84,36.96,38.04,15-Sep,16-Sep,17-Sep,18-Sep,19-Sep,20-Sep,21-Sep,15-Sep,16-Sep,17-Sep,18-Sep,19-Sep,20-Sep,21-Sep,0,7,0
Nashik,Ahmednagar,Ahmednagar,Shreerampur,Rahuri,20041657,Warvandi and others 10 villages. Tal.Rahuri,Khadambe Bk.,1632,2,0.57,1.66,1.17,1.90,0.76,1.45,1.15,34.99,101.89,71.65,116.31,46.72,88.54,70.64,15-Sep,16-Sep,17-Sep,18-Sep,19-Sep,20-Sep,21-Sep,15-Sep,16-Sep,17-Sep,18-Sep,19-Sep,20-Sep,21-Sep,0,2,5
Nashik,Nashik,Nashik,Manmad,Yeola,20030798,Retrofitting To Yeola 38 Villages,Pimpalkute Kh.,657,1,0.00,0.00,0.00,0.00,0.00,0.00,0.00,0.00,0.00,0.00,0.00,0.00,0.00,0.00,15-Sep,16-Sep,17-Sep,18-Sep,19-Sep,20-Sep,21-Sep,15-Sep,16-Sep,17-Sep,18-Sep,19-Sep,20-Sep,21-Sep,7,7,0
Nashik,Nashik,Nashik,Manmad,Nifad,456654,"Retro. Lasalgaon Vinchur 16 Villages, Tal. Nifad",Lasalgaon,19821,5,9.31,9.07,15.06,10.13,0.01,4.03,25.58,46.98,45.75,75.96,51.11,0.06,20.32,129.06,15-Sep,16-Sep,17-Sep,18-Sep,19-Sep,20-Sep,21-Sep,15-Sep,16-Sep,17-Sep,18-Sep,19-Sep,20-Sep,21-Sep,0,5,2
Nashik,Nashik,W M Nashik,W.M.Nashik,Nifad,20039258,Ozar-Sakore & 2 Villages,Sakore,4107,2,0.00,0.00,0.00,0.00,0.00,0.00,0.00,0.00,0.00,0.00,0.00,0.00,0.00,0.00,15-Sep,16-Sep,17-Sep,18-Sep,19-Sep,20-Sep,21-Sep,15-Sep,16-Sep,17-Sep,18-Sep,19-Sep,20-Sep,21-Sep,7,7,0
Nashik,Ahmednagar,Ahmednagar,Newasa,shevgaon,20028535,"Amarapur and Mali Babhulgaon 49 villages, Tal. Pathardi",Bhagur,1307,2,0.40,0.45,0.31,0.34,0.26,0.29,0.38,30.86,34.30,23.71,26.02,19.90,22.42,29.28,15-Sep,16-Sep,17-Sep,18-Sep,19-Sep,20-Sep,21-Sep,15-Sep,16-Sep,17-Sep,18-Sep,19-Sep,20-Sep,21-Sep,0,7,0
Nashik,Ahmednagar,Sangamner,Akole,Akole,20028069,Ganore and 4 villagesTa. Akole,Pimpalgaon Nipani,3033,3,0.00,0.00,0.00,0.00,0.00,0.00,0.00,0.02,0.00,0.02,0.00,0.01,0.01,0.00,15-Sep,16-Sep,17-Sep,18-Sep,19-Sep,20-Sep,21-Sep,15-Sep,16-Sep,17-Sep,18-Sep,19-Sep,20-Sep,21-Sep,3,7,0
Nashik,Jalgaon,Jalgaon,Erandol,Chalisgaon,20053796,Dondigar-Rohini & 15 Villages WSS,Bilakhede,2691,2,0.58,0.60,0.44,0.76,0.92,0.73,1.07,21.51,22.28,16.35,28.26,34.17,27.15,39.90,15-Sep,16-Sep,17-Sep,18-Sep,19-Sep,20-Sep,21-Sep,15-Sep,16-Sep,17-Sep,18-Sep,19-Sep,20-Sep,21-Sep,0,7,0
Nashik,Ahmednagar,Ahmednagar,Newasa,Shevgaon,20029079,Retro.Bodhegaon and 7 villages RRWSS. Ta. Shevgaon,Chapadgaon,3786,4,0.58,0.75,0.53,0.57,0.00,0.55,0.00,15.45,19.81,13.88,15.07,0.00,14.56,0.00,15-Sep,16-Sep,17-Sep,18-Sep,19-Sep,20-Sep,21-Sep,15-Sep,16-Sep,17-Sep,18-Sep,19-Sep,20-Sep,21-Sep,2,7,0
Nashik,Ahmednagar,Sangamner,Sangamner,Sangamner,20033242,"Retro.Talegaon Dighe and 16 villages, Tal. Sangamner",Nannaj Dumala,3498,4,0.49,0.00,0.00,0.84,0.20,0.00,0.11,14.06,0.00,0.00,24.06,5.83,0.00,3.27,15-Sep,16-Sep,17-Sep,18-Sep,19-Sep,20-Sep,21-Sep,15-Sep,16-Sep,17-Sep,18-Sep,19-Sep,20-Sep,21-Sep,3,7,0
Nashik,Nashik,Nashik,Malegaon,Nandgaon,20037448,"78 villages in Nandgaon, Malegaon and Deola talukas",Manwad,3580,2,0.80,0.00,0.00,0.00,0.00,0.00,0.00,22.48,0.00,0.00,0.00,0.00,0.00,0.00,15-Sep,16-Sep,17-Sep,18-Sep,19-Sep,20-Sep,21-Sep,15-Sep,16-Sep,17-Sep,18-Sep,19-Sep,20-Sep,21-Sep,6,7,0
Nashik,Ahmednagar,Ahmednagar,Shreerampur,Shrirampur,20030740,"Belapur Bk. Wss, Ta. Shrirampur",Belapur Bk.,9515,10,1.18,0.85,1.25,0.78,1.04,1.01,1.16,12.44,8.90,13.13,8.16,10.90,10.66,12.17,15-Sep,16-Sep,17-Sep,18-Sep,19-Sep,20-Sep,21-Sep,15-Sep,16-Sep,17-Sep,18-Sep,19-Sep,20-Sep,21-Sep,0,7,0
Nashik,Ahmednagar,Ahmednagar,Newasa,shevgaon,20028535,"Amarapur and Mali Babhulgaon 49 villages, Tal. Pathardi",Kolegaon,1090,2,0.47,0.55,0.50,0.34,0.07,0.00,0.47,43.32,50.60,45.86,30.76,6.02,0.00,42.96,15-Sep,16-Sep,17-Sep,18-Sep,19-Sep,20-Sep,21-Sep,15-Sep,16-Sep,17-Sep,18-Sep,19-Sep,20-Sep,21-Sep,1,7,0
Nashik,Nashik,W M Nashik,Malegaon,Chandwad,20086730,Retro.Chandwad and WSS 44 villages. Ta. Chandwad,Jaitapur,580,1,0.00,0.00,0.00,0.00,0.04,0.00,0.00,0.00,0.00,0.00,0.00,7.17,0.00,0.00,15-Sep,16-Sep,17-Sep,18-Sep,19-Sep,20-Sep,21-Sep,15-Sep,16-Sep,17-Sep,18-Sep,19-Sep,20-Sep,21-Sep,6,7,0
Nashik,Nashik,Nashik,Malegaon,Nandgaon,20037448,"78 villages in Nandgaon, Malegaon and Deola talukas",Wakhari,2400,2,0.14,0.00,0.47,0.00,0.00,0.47,0.00,5.74,0.00,19.58,0.00,0.00,19.71,0.00,15-Sep,16-Sep,17-Sep,18-Sep,19-Sep,20-Sep,21-Sep,15-Sep,16-Sep,17-Sep,18-Sep,19-Sep,20-Sep,21-Sep,4,7,0
Nashik,Ahmednagar,Ahmednagar,Shreerampur,Rahuri,20041657,Warvandi and others 10 villages. Tal.Rahuri,Nandgaon,2879,1,0.00,0.00,0.00,0.00,0.00,0.00,0.00,0.00,0.00,0.00,0.00,0.00,0.00,0.00,15-Sep,16-Sep,17-Sep,18-Sep,19-Sep,20-Sep,21-Sep,15-Sep,16-Sep,17-Sep,18-Sep,19-Sep,20-Sep,21-Sep,7,7,0
Nashik,Ahmednagar,Ahmednagar,Newasa,shevgaon,20028535,"Amarapur and Mali Babhulgaon 49 villages, Tal. Pathardi",Awhane Bk,1995,2,1.63,0.00,1.64,0.00,1.69,0.00,1.47,81.90,0.00,82.42,0.00,84.91,0.00,73.43,15-Sep,16-Sep,17-Sep,18-Sep,19-Sep,20-Sep,21-Sep,15-Sep,16-Sep,17-Sep,18-Sep,19-Sep,20-Sep,21-Sep,3,3,4
Nashik,Nashik,Nashik,Malegaon,Malegaon,20037448,"78 villages in Nandgaon, Malegaon and Deola talukas",Jatpada,1571,2,0.16,0.05,0.38,0.37,0.22,0.00,0.27,10.49,3.01,24.38,23.38,14.10,0.00,17.46,15-Sep,16-Sep,17-Sep,18-Sep,19-Sep,20-Sep,21-Sep,15-Sep,16-Sep,17-Sep,18-Sep,19-Sep,20-Sep,21-Sep,1,7,0
Nashik,Nashik,W M Nashik,Malegaon,Malegaon,20018682,Dhahiwal &25 Villages WSS Tal Malegaon,Dahiwal,3362,2,2.70,0.00,0.00,0.49,0.00,0.00,0.00,80.30,0.00,0.00,14.57,0.00,0.00,0.00,15-Sep,16-Sep,17-Sep,18-Sep,19-Sep,20-Sep,21-Sep,15-Sep,16-Sep,17-Sep,18-Sep,19-Sep,20-Sep,21-Sep,5,6,1
Nashik,Jalgaon,Jalgaon,Erandol,Parola,20025410,Bahadarpur & 2 Village RRWSS,Mahalpur,2033,2,1.22,1.35,0.76,1.19,1.37,0.74,1.11,59.77,66.58,37.44,58.37,67.30,36.30,54.79,15-Sep,16-Sep,17-Sep,18-Sep,19-Sep,20-Sep,21-Sep,15-Sep,16-Sep,17-Sep,18-Sep,19-Sep,20-Sep,21-Sep,0,3,4
Nashik,Nashik,W M Nashik,Malegaon,Chandwad,20086730,Retro.Chandwad and WSS 44 villages. Ta. Chandwad,Ganur,2555,1,0.00,0.00,0.00,0.00,0.98,0.00,0.00,0.00,0.00,0.00,0.00,38.33,0.00,0.00,15-Sep,16-Sep,17-Sep,18-Sep,19-Sep,20-Sep,21-Sep,15-Sep,16-Sep,17-Sep,18-Sep,19-Sep,20-Sep,21-Sep,6,7,0
Nashik,Nashik,W M Nashik,Malegaon,Chandwad,20086730,Retro.Chandwad and WSS 44 villages. Ta. Chandwad,Redgaon Kh,1898,1,0.00,0.00,0.00,0.00,0.00,0.00,0.00,0.00,0.00,0.00,0.00,0.00,0.00,0.00,15-Sep,16-Sep,17-Sep,18-Sep,19-Sep,20-Sep,21-Sep,15-Sep,16-Sep,17-Sep,18-Sep,19-Sep,20-Sep,21-Sep,7,7,0
Nashik,Ahmednagar,Ahmednagar,Shreerampur,Rahuri,20041657,Warvandi and others 10 villages. Tal.Rahuri,Warvandi,4070,3,0.00,1.99,0.00,1.95,0.00,1.93,0.00,0.00,48.85,0.00,47.87,0.00,47.51,0.00,15-Sep,16-Sep,17-Sep,18-Sep,19-Sep,20-Sep,21-Sep,15-Sep,16-Sep,17-Sep,18-Sep,19-Sep,20-Sep,21-Sep,4,7,0
Nashik,Ahmednagar,Ahmednagar,Ahmednagar,Parner,20041647,Hivre Korda & 3 Villages RR Tal Parner,Malkup,1633,2,0.00,0.27,1.38,0.09,0.96,0.36,0.00,0.00,16.74,84.59,5.70,58.81,22.22,0.00,15-Sep,16-Sep,17-Sep,18-Sep,19-Sep,20-Sep,21-Sep,15-Sep,16-Sep,17-Sep,18-Sep,19-Sep,20-Sep,21-Sep,2,5,2
Nashik,Ahmednagar,Ahmednagar,Shreerampur,Rahuri,20028775,Sonegaon and Dhanore WSS. Ta.Rahuri,Songaon,2298,1,1.33,0.73,1.23,0.36,1.23,0.37,1.27,57.66,31.94,53.59,15.56,53.51,16.22,55.27,15-Sep,16-Sep,17-Sep,18-Sep,19-Sep,20-Sep,21-Sep,15-Sep,16-Sep,17-Sep,18-Sep,19-Sep,20-Sep,21-Sep,0,5,2
Nashik,Ahmednagar,Sangamner,Kopargaon,Rahata,20054895,Retro Korhale and 1 other village,Korhale,6871,6,1.58,2.15,1.38,2.19,1.76,1.87,2.08,23.03,31.36,20.05,31.93,25.64,27.17,30.21,15-Sep,16-Sep,17-Sep,18-Sep,19-Sep,20-Sep,21-Sep,15-Sep,16-Sep,17-Sep,18-Sep,19-Sep,20-Sep,21-Sep,0,7,0
Nashik,Nashik,Nashik,Malegaon,Malegaon,20037448,"78 villages in Nandgaon, Malegaon and Deola talukas",Hiswal Kh,1785,1,0.68,0.77,0.00,0.00,0.00,0.00,0.72,37.96,43.08,0.00,0.00,0.00,0.00,40.29,15-Sep,16-Sep,17-Sep,18-Sep,19-Sep,20-Sep,21-Sep,15-Sep,16-Sep,17-Sep,18-Sep,19-Sep,20-Sep,21-Sep,4,7,0
Nashik,Nashik,Nashik,Manmad,Nifad,456654,"Retro. Lasalgaon Vinchur 16 Villages, Tal. Nifad",Hanuman Nagar,2684,1,0.03,0.71,0.65,0.65,0.61,0.60,0.73,1.06,26.37,24.40,24.10,22.63,22.30,27.15,15-Sep,16-Sep,17-Sep,18-Sep,19-Sep,20-Sep,21-Sep,15-Sep,16-Sep,17-Sep,18-Sep,19-Sep,20-Sep,21-Sep,0,7,0
Nashik,Nashik,Nashik,Malegaon,Baglan,7971089,Nampur and 4 villages RR Tal Baglan (C 39),Nampur,16748,1,0.00,0.00,0.00,0.00,0.00,0.00,0.00,0.00,0.00,0.00,0.00,0.00,0.00,0.00,15-Sep,16-Sep,17-Sep,18-Sep,19-Sep,20-Sep,21-Sep,15-Sep,16-Sep,17-Sep,18-Sep,19-Sep,20-Sep,21-Sep,7,7,0
Nashik,Nashik,W M Nashik,Malegaon,Malegaon,20018682,Dhahiwal &25 Villages WSS Tal Malegaon,Nale,575,1,0.00,0.00,0.00,0.00,0.00,0.90,2.44,0.00,0.00,0.00,0.00,0.08,156.63,424.63,15-Sep,16-Sep,17-Sep,18-Sep,19-Sep,20-Sep,21-Sep,15-Sep,16-Sep,17-Sep,18-Sep,19-Sep,20-Sep,21-Sep,4,5,2
Nashik,Nashik,Nashik,Malegaon,Baglan,7971089,Nampur and 4 villages RR Tal Baglan (C 39),Nalkas RD,868,2,,,,,0.00,0.00,0.00,,,,,0.00,0.00,0.00,15-Sep,16-Sep,17-Sep,18-Sep,19-Sep,20-Sep,21-Sep,15-Sep,16-Sep,17-Sep,18-Sep,19-Sep,20-Sep,21-Sep,3,3,0
Nashik,Nashik,Nashik,Manmad,Yeola,20040090,"Dhulgaon and 17 villages, Tal. Yeola",Chinchodi Kh,2029,2,0.00,0.00,0.00,1.03,0.00,0.39,0.64,0.00,0.00,0.00,0.00,0.00,0.00,0.00,15-Sep,16-Sep,17-Sep,18-Sep,19-Sep,20-Sep,21-Sep,15-Sep,16-Sep,17-Sep,18-Sep,19-Sep,20-Sep,21-Sep,7,7,0
Nashik,Nashik,Nashik,Sinnar,Sinnar,20019176,Retro. Bargaonpimpri & 6 VRWSS  Tal Sinnar,Gulwanch,6190,3,0.00,0.00,0.03,0.70,0.34,0.00,0.00,0.00,0.00,0.43,11.35,5.49,0.00,0.00,15-Sep,16-Sep,17-Sep,18-Sep,19-Sep,20-Sep,21-Sep,15-Sep,16-Sep,17-Sep,18-Sep,19-Sep,20-Sep,21-Sep,4,7,0
Nashik,Jalgaon,Jalgaon,Chopda,Chopda,20053731,Lasur and 9 villages RRWSS. Ta. Chopda,Kazipura,863,2,1.43,1.36,1.55,1.37,1.63,1.73,1.51,165.90,157.42,180.14,159.08,189.02,200.08,174.53,15-Sep,16-Sep,17-Sep,18-Sep,19-Sep,20-Sep,21-Sep,15-Sep,16-Sep,17-Sep,18-Sep,19-Sep,20-Sep,21-Sep,0,0,7
Nashik,Nashik,Nashik,Malegaon,Malegaon,20037448,"78 villages in Nandgaon, Malegaon and Deola talukas",Manjare,1819,2,1.46,0.00,0.00,1.38,0.00,0.00,0.00,80.46,0.00,0.00,75.84,0.00,0.00,0.00,15-Sep,16-Sep,17-Sep,18-Sep,19-Sep,20-Sep,21-Sep,15-Sep,16-Sep,17-Sep,18-Sep,19-Sep,20-Sep,21-Sep,5,5,2
Nashik,Nashik,Nashik,Manmad,Nifad,456654,"Retro. Lasalgaon Vinchur 16 Villages, Tal. Nifad",Bokaddara,2968,1,0.74,0.87,0.04,0.00,0.42,0.40,0.79,25.05,29.39,1.22,0.00,13.98,13.43,26.78,15-Sep,16-Sep,17-Sep,18-Sep,19-Sep,20-Sep,21-Sep,15-Sep,16-Sep,17-Sep,18-Sep,19-Sep,20-Sep,21-Sep,1,7,0
Nashik,Jalgaon,Jalgaon,Erandol,Chalisgaon,20053796,Dondigar-Rohini & 15 Villages WSS,Tambole,2918,2,0.41,0.00,1.38,0.00,0.00,1.27,0.00,14.05,0.00,47.23,0.00,0.00,43.62,0.00,15-Sep,16-Sep,17-Sep,18-Sep,19-Sep,20-Sep,21-Sep,15-Sep,16-Sep,17-Sep,18-Sep,19-Sep,20-Sep,21-Sep,4,7,0
Nashik,Jalgaon,Jalgaon,Nandurbar,Nandurbar,20056839,"Gujar bhawali , Jambholi & 4 Villages",Gujar Jamboli,2338,3,0.70,2.27,0.80,0.86,1.71,0.88,1.65,29.95,97.17,34.30,36.67,72.99,37.74,70.44,15-Sep,16-Sep,17-Sep,18-Sep,19-Sep,20-Sep,21-Sep,15-Sep,16-Sep,17-Sep,18-Sep,19-Sep,20-Sep,21-Sep,0,4,3
Nashik,Ahmednagar,Ahmednagar,Newasa,Shevgaon,20029079,Retro.Bodhegaon and 7 villages RRWSS. Ta. Shevgaon,Thakur Pimpalgaon,2399,2,0.00,0.00,0.00,0.00,0.00,0.00,0.00,0.00,0.00,0.00,0.00,0.00,0.00,0.00,15-Sep,16-Sep,17-Sep,18-Sep,19-Sep,20-Sep,21-Sep,15-Sep,16-Sep,17-Sep,18-Sep,19-Sep,20-Sep,21-Sep,7,7,0
Nashik,Ahmednagar,Ahmednagar,Newasa,shevgaon,20028535,"Amarapur and Mali Babhulgaon 49 villages, Tal. Pathardi",Padali,1597,2,0.93,0.00,0.00,0.71,0.43,0.00,0.51,58.40,0.00,0.00,44.71,26.94,0.00,31.77,15-Sep,16-Sep,17-Sep,18-Sep,19-Sep,20-Sep,21-Sep,15-Sep,16-Sep,17-Sep,18-Sep,19-Sep,20-Sep,21-Sep,3,6,1
Nashik,Nashik,Nashik,Sinnar,Sinnar,20019176,Retro. Bargaonpimpri & 6 VRWSS  Tal Sinnar,K.P Nagar,1078,1,0.00,0.00,0.00,0.00,0.00,0.00,0.00,0.00,0.00,0.00,0.00,0.00,0.00,0.00,15-Sep,16-Sep,17-Sep,18-Sep,19-Sep,20-Sep,21-Sep,15-Sep,16-Sep,17-Sep,18-Sep,19-Sep,20-Sep,21-Sep,7,7,0
Nashik,Nashik,W M Nashik,Malegaon,Chandwad,20086730,Retro.Chandwad and WSS 44 villages. Ta. Chandwad,Kanmandale,3261,2,0.19,0.56,1.04,0.40,0.04,0.00,0.70,5.94,17.05,32.02,12.16,1.34,0.01,21.49,15-Sep,16-Sep,17-Sep,18-Sep,19-Sep,20-Sep,21-Sep,15-Sep,16-Sep,17-Sep,18-Sep,19-Sep,20-Sep,21-Sep,0,7,0
Nashik,Nashik,W M Nashik,Malegaon,Chandwad,20086730,Retro.Chandwad and WSS 44 villages. Ta. Chandwad,Ahirkhede,1089,1,0.00,0.00,0.00,0.00,0.00,0.00,0.00,0.00,0.00,0.00,0.00,0.00,0.00,0.00,15-Sep,16-Sep,17-Sep,18-Sep,19-Sep,20-Sep,21-Sep,15-Sep,16-Sep,17-Sep,18-Sep,19-Sep,20-Sep,21-Sep,7,7,0
Nashik,Ahmednagar,Ahmednagar,Newasa,Nevasa,5348540,"Retro.Sonai Karjgaon and 16 villages, Tal. Nevasa",KARAJGAON,3750,3,0.88,0.86,0.92,1.05,0.58,1.25,0.96,23.45,22.86,24.60,28.03,15.47,33.36,25.62,15-Sep,16-Sep,17-Sep,18-Sep,19-Sep,20-Sep,21-Sep,15-Sep,16-Sep,17-Sep,18-Sep,19-Sep,20-Sep,21-Sep,0,7,0
Nashik,Ahmednagar,Ahmednagar,Newasa,Pathardi,20040662,"Retro.Miri-Tisgaon and 33 villages, Tal. Pathardi",Dongarwadi,856,1,12.58,1.02,0.00,0.00,0.21,0.31,5.34,1469.47,119.55,0.00,0.00,24.31,36.49,624.23,15-Sep,16-Sep,17-Sep,18-Sep,19-Sep,20-Sep,21-Sep,15-Sep,16-Sep,17-Sep,18-Sep,19-Sep,20-Sep,21-Sep,2,4,3
Nashik,Nashik,W M Nashik,Malegaon,Chandwad,20086730,Retro.Chandwad and WSS 44 villages. Ta. Chandwad,Panhale,1484,1,0.57,0.00,0.00,0.00,0.10,0.00,0.00,38.28,0.00,0.00,0.00,6.51,0.00,0.00,15-Sep,16-Sep,17-Sep,18-Sep,19-Sep,20-Sep,21-Sep,15-Sep,16-Sep,17-Sep,18-Sep,19-Sep,20-Sep,21-Sep,5,7,0
Nashik,Ahmednagar,Sangamner,Akole,Akole,20035141,"Retro.Akole and 32 villages, Tal. Akole",Induri,2320,2,0.00,0.00,0.00,0.06,0.02,0.00,0.02,0.00,0.00,0.00,0.00,0.00,0.00,0.00,15-Sep,16-Sep,17-Sep,18-Sep,19-Sep,20-Sep,21-Sep,15-Sep,16-Sep,17-Sep,18-Sep,19-Sep,20-Sep,21-Sep,7,7,0
Nashik,Ahmednagar,Ahmednagar,Shreerampur,Shrirampur,20028795,"Kadit Bk. And 5 villages, ta. Shrirampur",Fatyabad,1934,2,0.00,0.00,0.00,0.00,0.00,0.00,0.00,0.00,0.00,0.00,0.00,0.00,0.00,0.00,15-Sep,16-Sep,17-Sep,18-Sep,19-Sep,20-Sep,21-Sep,15-Sep,16-Sep,17-Sep,18-Sep,19-Sep,20-Sep,21-Sep,7,7,0
Nashik,Nashik,Nashik,Manmad,Yeola,20030798,Retrofitting To Yeola 38 Villages,Adgaon chautha,2244,1,0.00,0.00,0.00,0.00,0.00,0.00,0.00,0.00,0.00,0.00,0.00,0.00,0.00,0.00,15-Sep,16-Sep,17-Sep,18-Sep,19-Sep,20-Sep,21-Sep,15-Sep,16-Sep,17-Sep,18-Sep,19-Sep,20-Sep,21-Sep,7,7,0
Nashik,Ahmednagar,Ahmednagar,Newasa,Nevasa,5348540,"Retro.Sonai Karjgaon and 16 villages, Tal. Nevasa",KHUPTI,2338,2,1.96,1.86,0.93,1.55,1.51,1.52,1.65,83.90,79.63,39.93,66.30,64.44,65.06,70.76,15-Sep,16-Sep,17-Sep,18-Sep,19-Sep,20-Sep,21-Sep,15-Sep,16-Sep,17-Sep,18-Sep,19-Sep,20-Sep,21-Sep,0,1,6
Nashik,Nashik,W M Nashik,Malegaon,Chandwad,20086730,Retro.Chandwad and WSS 44 villages. Ta. Chandwad,Asarkhede,1473,1,0.00,0.00,0.00,0.00,0.00,0.00,0.00,0.00,0.00,0.00,0.00,0.00,0.00,0.00,15-Sep,16-Sep,17-Sep,18-Sep,19-Sep,20-Sep,21-Sep,15-Sep,16-Sep,17-Sep,18-Sep,19-Sep,20-Sep,21-Sep,7,7,0
Nashik,Jalgaon,Jalgaon,Erandol,Chalisgaon,20053796,Dondigar-Rohini & 15 Villages WSS,Pimpri Budruk,1804,2,0.05,0.14,0.90,1.40,0.02,0.00,1.34,2.61,7.65,50.01,77.63,0.83,0.06,74.27,15-Sep,16-Sep,17-Sep,18-Sep,19-Sep,20-Sep,21-Sep,15-Sep,16-Sep,17-Sep,18-Sep,19-Sep,20-Sep,21-Sep,0,5,2
Nashik,Nashik,W M Nashik,W.M.Nashik,Dindori,20039676,Mulane & 3Villages RRWSS Tal. Dindori,Babapur,964,1,0.51,0.00,0.51,0.00,0.46,0.45,0.45,52.53,0.00,52.82,0.00,47.43,46.41,47.18,15-Sep,16-Sep,17-Sep,18-Sep,19-Sep,20-Sep,21-Sep,15-Sep,16-Sep,17-Sep,18-Sep,19-Sep,20-Sep,21-Sep,2,7,0
Nashik,Nashik,W M Nashik,Malegaon,Chandwad,20086730,Retro.Chandwad and WSS 44 villages. Ta. Chandwad,Vahegaonsal,4062,1,0.00,0.00,0.00,1.12,0.00,0.00,0.00,0.00,0.00,0.00,27.47,0.00,0.00,0.00,15-Sep,16-Sep,17-Sep,18-Sep,19-Sep,20-Sep,21-Sep,15-Sep,16-Sep,17-Sep,18-Sep,19-Sep,20-Sep,21-Sep,6,7,0
Nashik,Ahmednagar,Sangamner,Sangamner,Sangamner,7937337,"Retro.Nimon and 4 villages, Tal. Sangamner",hilllock,3954,1,91.06,0.00,123.23,0.00,0.00,0.00,0.00,2302.89,0.00,3116.69,0.00,0.00,0.00,0.00,15-Sep,16-Sep,17-Sep,18-Sep,19-Sep,20-Sep,21-Sep,15-Sep,16-Sep,17-Sep,18-Sep,19-Sep,20-Sep,21-Sep,5,5,2
Nashik,Nashik,Nashik,Malegaon,Malegaon,20037448,"78 villages in Nandgaon, Malegaon and Deola talukas",Manikpunj,1335,3,0.00,0.21,0.00,0.00,0.00,0.01,0.00,0.00,15.99,0.00,0.00,0.00,0.82,0.00,15-Sep,16-Sep,17-Sep,18-Sep,19-Sep,20-Sep,21-Sep,15-Sep,16-Sep,17-Sep,18-Sep,19-Sep,20-Sep,21-Sep,5,7,0
Nashik,Nashik,Nashik,Malegaon,Deola,20037448,"78 villages in Nandgaon, Malegaon and Deola talukas",Ajande,786,1,1.41,1.50,1.05,0.38,1.52,1.53,1.44,178.82,190.99,133.09,48.25,192.81,195.17,183.62,15-Sep,16-Sep,17-Sep,18-Sep,19-Sep,20-Sep,21-Sep,15-Sep,16-Sep,17-Sep,18-Sep,19-Sep,20-Sep,21-Sep,0,1,6
Nashik,Jalgaon,Jalgaon,Erandol,Chalisgaon,20053796,Dondigar-Rohini & 15 Villages WSS,Talegaon,3647,2,0.00,0.00,0.00,0.00,0.00,0.00,0.00,0.00,0.00,0.00,0.00,0.00,0.00,0.00,15-Sep,16-Sep,17-Sep,18-Sep,19-Sep,20-Sep,21-Sep,15-Sep,16-Sep,17-Sep,18-Sep,19-Sep,20-Sep,21-Sep,7,7,0
Nashik,Nashik,Nashik,Manmad,Yeola,20030798,Retrofitting To Yeola 38 Villages,Kusur,2292,1,2.23,0.00,0.00,0.99,0.00,0.76,0.75,97.42,0.00,0.00,43.40,0.00,33.17,32.78,15-Sep,16-Sep,17-Sep,18-Sep,19-Sep,20-Sep,21-Sep,15-Sep,16-Sep,17-Sep,18-Sep,19-Sep,20-Sep,21-Sep,3,6,1
Nashik,Ahmednagar,Ahmednagar,Newasa,shevgaon,20028535,"Amarapur and Mali Babhulgaon 49 villages, Tal. Pathardi",Hasnapur,2123,2,0.00,0.00,0.00,6.76,0.00,0.00,0.00,0.00,0.00,0.00,318.56,0.00,0.00,0.00,15-Sep,16-Sep,17-Sep,18-Sep,19-Sep,20-Sep,21-Sep,15-Sep,16-Sep,17-Sep,18-Sep,19-Sep,20-Sep,21-Sep,6,6,1
Nashik,Ahmednagar,Ahmednagar,Newasa,Nevasa,5348540,"Retro.Sonai Karjgaon and 16 villages, Tal. Nevasa",PANEGAON,2858,2,0.82,0.98,1.26,1.73,0.83,0.01,0.00,28.69,34.21,43.98,60.37,28.90,0.52,0.04,15-Sep,16-Sep,17-Sep,18-Sep,19-Sep,20-Sep,21-Sep,15-Sep,16-Sep,17-Sep,18-Sep,19-Sep,20-Sep,21-Sep,0,6,1
Nashik,Jalgaon,Jalgaon,Nandurbar,Nandurbar,20055639,Bhagsari & 8 Villages,Shindgavhan,1743,2,173.17,0.00,0.00,0.00,183.19,2.83,91.56,9935.17,0.00,0.00,0.00,10509.76,162.39,5253.18,15-Sep,16-Sep,17-Sep,18-Sep,19-Sep,20-Sep,21-Sep,15-Sep,16-Sep,17-Sep,18-Sep,19-Sep,20-Sep,21-Sep,3,3,4
Nashik,Nashik,W M Nashik,Malegaon,Chandwad,20086730,Retro.Chandwad and WSS 44 villages. Ta. Chandwad,Nimbale,2139,1,0.00,0.00,0.00,0.00,0.00,0.00,0.00,0.00,0.00,0.00,0.00,0.00,0.00,0.00,15-Sep,16-Sep,17-Sep,18-Sep,19-Sep,20-Sep,21-Sep,15-Sep,16-Sep,17-Sep,18-Sep,19-Sep,20-Sep,21-Sep,7,7,0
Nashik,Jalgaon,Jalgaon,Chopda,Chopda,20053731,Lasur and 9 villages RRWSS. Ta. Chopda,Chunchale,5224,2,0.00,0.00,0.00,0.00,0.00,0.00,0.00,0.00,0.00,0.00,0.00,0.00,0.00,0.00,15-Sep,16-Sep,17-Sep,18-Sep,19-Sep,20-Sep,21-Sep,15-Sep,16-Sep,17-Sep,18-Sep,19-Sep,20-Sep,21-Sep,7,7,0
Nashik,Nashik,W M Nashik,Malegaon,Chandwad,20086730,Retro.Chandwad and WSS 44 villages. Ta. Chandwad,Harsul,,1,0.00,0.00,0.00,0.00,0.00,0.00,0.00,0.00,0.00,0.00,0.00,0.00,0.00,0.00,15-Sep,16-Sep,17-Sep,18-Sep,19-Sep,20-Sep,21-Sep,15-Sep,16-Sep,17-Sep,18-Sep,19-Sep,20-Sep,21-Sep,7,7,0
Nashik,Nashik,Nashik,Malegaon,Malegaon,20037448,"78 villages in Nandgaon, Malegaon and Deola talukas",Jalgaon,3726,2,0.00,0.00,0.00,0.00,0.99,0.00,0.88,0.00,0.00,0.00,0.00,26.58,0.02,23.57,15-Sep,16-Sep,17-Sep,18-Sep,19-Sep,20-Sep,21-Sep,15-Sep,16-Sep,17-Sep,18-Sep,19-Sep,20-Sep,21-Sep,4,7,0
Nashik,Jalgaon,Jalgaon,Nandurbar,Nandurbar,20057127,"Khamgaon, Tokartale , Vichak & 2 Wadies RRWSS",Tokartale,3510,2,1.43,1.40,1.69,1.64,0.93,0.81,0.96,40.63,39.95,48.03,46.77,26.40,23.19,27.21,15-Sep,16-Sep,17-Sep,18-Sep,19-Sep,20-Sep,21-Sep,15-Sep,16-Sep,17-Sep,18-Sep,19-Sep,20-Sep,21-Sep,0,7,0
Nashik,Ahmednagar,Ahmednagar,Ahmednagar,Nagar,20046349,Retro Ghospuri & 16 Villages RRWSS Tal- Nagar,Walki,13387,3,0.20,2.62,3.96,10.18,2.22,0.00,0.00,1.50,19.56,29.56,76.04,16.59,0.00,0.00,15-Sep,16-Sep,17-Sep,18-Sep,19-Sep,20-Sep,21-Sep,15-Sep,16-Sep,17-Sep,18-Sep,19-Sep,20-Sep,21-Sep,2,6,1
Nashik,Ahmednagar,Sangamner,Sangamner,Sangamner,7937337,"Retro.Nimon and 4 villages, Tal. Sangamner",Sonewadi,2328,2,0.00,0.00,0.00,0.00,0.00,0.00,0.00,0.00,0.00,0.00,0.00,0.00,0.00,0.00,15-Sep,16-Sep,17-Sep,18-Sep,19-Sep,20-Sep,21-Sep,15-Sep,16-Sep,17-Sep,18-Sep,19-Sep,20-Sep,21-Sep,7,7,0
Nashik,Nashik,W M Nashik,Malegaon,Chandwad,20086730,Retro.Chandwad and WSS 44 villages. Ta. Chandwad,Vaki Bk,1542,1,0.00,0.00,0.00,0.00,0.00,0.00,0.00,0.00,0.00,0.00,0.00,0.00,0.00,0.00,15-Sep,16-Sep,17-Sep,18-Sep,19-Sep,20-Sep,21-Sep,15-Sep,16-Sep,17-Sep,18-Sep,19-Sep,20-Sep,21-Sep,7,7,0
Nashik,Ahmednagar,Sangamner,Akole,Akole,20028069,Ganore and 4 villagesTa. Akole,Hiwargaon,2246,5,0.00,0.47,0.00,0.15,0.00,0.10,0.00,0.00,20.85,0.00,6.86,0.01,4.49,0.01,15-Sep,16-Sep,17-Sep,18-Sep,19-Sep,20-Sep,21-Sep,15-Sep,16-Sep,17-Sep,18-Sep,19-Sep,20-Sep,21-Sep,2,7,0
Nashik,Nashik,Nashik,Nashik,Trambakeshwar,20017222,Waghera & 14 RRWSS Tal Trambakeshwar,Bramhanwade,1232,1,0.00,0.00,0.00,0.00,0.00,0.00,0.00,0.00,0.00,0.00,0.00,0.00,0.00,0.00,15-Sep,16-Sep,17-Sep,18-Sep,19-Sep,20-Sep,21-Sep,15-Sep,16-Sep,17-Sep,18-Sep,19-Sep,20-Sep,21-Sep,7,7,0
Nashik,Nashik,Nashik,Manmad,Nifad,456654,"Retro. Lasalgaon Vinchur 16 Villages, Tal. Nifad",Takali Vinchur,9423,2,0.00,0.00,1.95,0.00,0.71,0.00,1.92,0.00,0.00,20.71,0.00,7.53,0.00,20.33,15-Sep,16-Sep,17-Sep,18-Sep,19-Sep,20-Sep,21-Sep,15-Sep,16-Sep,17-Sep,18-Sep,19-Sep,20-Sep,21-Sep,4,7,0
Nashik,Jalgaon,Jalgaon,Nandurbar,Nandurbar,20056839,"Gujar bhawali , Jambholi & 4 Villages",Gujar Bhawali,2629,2,0.05,0.49,0.05,0.73,0.00,0.50,0.00,2.07,18.61,1.81,27.87,0.00,18.86,0.00,15-Sep,16-Sep,17-Sep,18-Sep,19-Sep,20-Sep,21-Sep,15-Sep,16-Sep,17-Sep,18-Sep,19-Sep,20-Sep,21-Sep,2,7,0
Nashik,Nashik,W M Nashik,Malegaon,Chandwad,20086730,Retro.Chandwad and WSS 44 villages. Ta. Chandwad,Dahiwad,639,1,0.94,0.00,0.00,0.52,0.00,0.00,0.00,147.07,0.00,0.00,80.98,0.00,0.00,0.00,15-Sep,16-Sep,17-Sep,18-Sep,19-Sep,20-Sep,21-Sep,15-Sep,16-Sep,17-Sep,18-Sep,19-Sep,20-Sep,21-Sep,5,5,2
Nashik,Nashik,W M Nashik,Malegaon,Chandwad,20086730,Retro.Chandwad and WSS 44 villages. Ta. Chandwad,Talwade,925,1,0.00,0.00,0.00,0.00,0.00,0.00,0.00,0.00,0.00,0.00,0.00,0.00,0.00,0.00,15-Sep,16-Sep,17-Sep,18-Sep,19-Sep,20-Sep,21-Sep,15-Sep,16-Sep,17-Sep,18-Sep,19-Sep,20-Sep,21-Sep,7,7,0
Nashik,Nashik,W M Nashik,Malegaon,Chandwad,20086730,Retro.Chandwad and WSS 44 villages. Ta. Chandwad,Adgaon,,2,0.94,0.00,0.00,0.70,0.77,0.00,0.00,0.00,0.00,0.00,0.00,0.00,0.00,0.00,15-Sep,16-Sep,17-Sep,18-Sep,19-Sep,20-Sep,21-Sep,15-Sep,16-Sep,17-Sep,18-Sep,19-Sep,20-Sep,21-Sep,7,7,0
Nashik,Ahmednagar,Ahmednagar,Newasa,Nevasa,5348540,"Retro.Sonai Karjgaon and 16 villages, Tal. Nevasa",LANDEWADI,2158,2,0.00,0.00,0.00,0.00,0.00,0.00,0.00,0.00,0.00,0.00,0.00,0.00,0.00,0.00,15-Sep,16-Sep,17-Sep,18-Sep,19-Sep,20-Sep,21-Sep,15-Sep,16-Sep,17-Sep,18-Sep,19-Sep,20-Sep,21-Sep,7,7,0
Nashik,Ahmednagar,Ahmednagar,Ahmednagar,Nagar,20046296,Burhannagar & 45 Villages Retro RRWSS,Jeur,11087,2,0.00,0.00,0.00,0.00,0.00,0.00,0.00,0.00,0.00,0.00,0.00,0.00,0.00,0.00,15-Sep,16-Sep,17-Sep,18-Sep,19-Sep,20-Sep,21-Sep,15-Sep,16-Sep,17-Sep,18-Sep,19-Sep,20-Sep,21-Sep,7,7,0
Nashik,Nashik,Nashik,Manmad,Yeola,20030798,Retrofitting To Yeola 38 Villages,Dhamode,657,1,0.00,0.00,0.00,0.00,0.00,0.00,0.00,0.00,0.00,0.00,0.00,0.00,0.00,0.00,15-Sep,16-Sep,17-Sep,18-Sep,19-Sep,20-Sep,21-Sep,15-Sep,16-Sep,17-Sep,18-Sep,19-Sep,20-Sep,21-Sep,7,7,0
Nashik,Nashik,W M Nashik,Sinnar,Naigaon,20028193,Retrofitting To Wadzire (Naigaon) & 4 Villages RRWSS,Moh- Mahadari,1025,1,0.10,2.11,0.80,0.36,2.74,0.15,0.03,9.28,205.50,77.57,35.07,267.70,14.50,2.47,15-Sep,16-Sep,17-Sep,18-Sep,19-Sep,20-Sep,21-Sep,15-Sep,16-Sep,17-Sep,18-Sep,19-Sep,20-Sep,21-Sep,0,4,3
Nashik,Ahmednagar,Ahmednagar,Newasa,shevgaon,20028535,"Amarapur and Mali Babhulgaon 49 villages, Tal. Pathardi",Malibabhulgaon,4969,2,0.00,0.00,0.00,0.00,0.00,0.00,0.00,0.00,0.00,0.00,0.00,0.00,0.00,0.00,15-Sep,16-Sep,17-Sep,18-Sep,19-Sep,20-Sep,21-Sep,15-Sep,16-Sep,17-Sep,18-Sep,19-Sep,20-Sep,21-Sep,7,7,0
Nashik,Jalgaon,Jalgaon,Chopda,Chopda,20053731,Lasur and 9 villages RRWSS. Ta. Chopda,Chahardi,15064,2,1.80,1.89,5.11,2.52,2.09,0.34,0.56,11.96,12.57,33.92,16.70,13.86,2.27,3.70,15-Sep,16-Sep,17-Sep,18-Sep,19-Sep,20-Sep,21-Sep,15-Sep,16-Sep,17-Sep,18-Sep,19-Sep,20-Sep,21-Sep,0,7,0
Nashik,Ahmednagar,Ahmednagar,Ahmednagar,Parner,20041647,Hivre Korda & 3 Villages RR Tal Parner,Goregaon,3803,3,1.48,1.48,1.79,0.82,1.46,1.47,1.68,38.87,38.95,47.01,21.55,38.49,38.78,44.14,15-Sep,16-Sep,17-Sep,18-Sep,19-Sep,20-Sep,21-Sep,15-Sep,16-Sep,17-Sep,18-Sep,19-Sep,20-Sep,21-Sep,0,7,0
Nashik,Ahmednagar,Ahmednagar,Newasa,shevgaon,20028535,"Amarapur and Mali Babhulgaon 49 villages, Tal. Pathardi",Najik Babhulgaon,1652,2,0.31,0.39,0.45,0.06,0.06,0.90,0.00,19.01,23.53,27.39,3.65,3.39,54.38,0.25,15-Sep,16-Sep,17-Sep,18-Sep,19-Sep,20-Sep,21-Sep,15-Sep,16-Sep,17-Sep,18-Sep,19-Sep,20-Sep,21-Sep,0,7,0
Nashik,Ahmednagar,Ahmednagar,Newasa,Pathardi,20040662,"Retro.Miri-Tisgaon and 33 villages, Tal. Pathardi",Tisgaon,,7,0.00,1.44,0.00,0.00,1.49,3.04,0.09,0.00,0.00,0.00,0.00,0.00,0.00,0.00,15-Sep,16-Sep,17-Sep,18-Sep,19-Sep,20-Sep,21-Sep,15-Sep,16-Sep,17-Sep,18-Sep,19-Sep,20-Sep,21-Sep,7,7,0
Nashik,Jalgaon,Jalgaon,Erandol,Chalisgaon,20053796,Dondigar-Rohini & 15 Villages WSS,Pimpalgaon,1709,2,0.00,0.00,0.00,0.00,0.00,0.00,0.00,0.00,0.00,0.00,0.00,0.00,0.00,0.00,15-Sep,16-Sep,17-Sep,18-Sep,19-Sep,20-Sep,21-Sep,15-Sep,16-Sep,17-Sep,18-Sep,19-Sep,20-Sep,21-Sep,7,7,0
Nashik,Nashik,W M Nashik,Malegaon,Malegaon,20018579,Malmatha and 25 villages Ta. Malegaon,Lonwade,1505,1,5.02,0.20,0.00,0.00,0.00,0.00,0.00,333.81,12.96,0.00,0.00,0.00,0.00,0.00,15-Sep,16-Sep,17-Sep,18-Sep,19-Sep,20-Sep,21-Sep,15-Sep,16-Sep,17-Sep,18-Sep,19-Sep,20-Sep,21-Sep,5,6,1
Nashik,Ahmednagar,Ahmednagar,Ahmednagar,Nagar,20046296,Burhannagar & 45 Villages Retro RRWSS,Takali Khatgaon,2975,2,0.00,0.00,0.00,0.00,0.00,0.00,0.00,0.00,0.00,0.00,0.00,0.00,0.00,0.00,15-Sep,16-Sep,17-Sep,18-Sep,19-Sep,20-Sep,21-Sep,15-Sep,16-Sep,17-Sep,18-Sep,19-Sep,20-Sep,21-Sep,7,7,0
Nashik,Ahmednagar,Ahmednagar,Ahmednagar,Nagar,20046296,Burhannagar & 45 Villages Retro RRWSS,Sahapur Ketki,4243,3,0.00,0.00,0.00,0.00,0.00,0.00,0.00,0.00,0.00,0.00,0.00,0.00,0.00,0.00,15-Sep,16-Sep,17-Sep,18-Sep,19-Sep,20-Sep,21-Sep,15-Sep,16-Sep,17-Sep,18-Sep,19-Sep,20-Sep,21-Sep,7,7,0
Nashik,Ahmednagar,Ahmednagar,Newasa,Nevasa,5348540,"Retro.Sonai Karjgaon and 16 villages, Tal. Nevasa",Belhekarwadi,2991,2,4.33,2.89,2.79,0.00,2.19,0.01,0.00,144.80,96.58,93.24,0.00,73.31,0.40,0.07,15-Sep,16-Sep,17-Sep,18-Sep,19-Sep,20-Sep,21-Sep,15-Sep,16-Sep,17-Sep,18-Sep,19-Sep,20-Sep,21-Sep,1,3,4
Nashik,Ahmednagar,Sangamner,Kopargaon,Rahata,20054877,Retro.Kelvad Bk.& 2 villages RRWSS. Ta.Rahta,Kelwad Kd,5875,1,0.00,0.00,0.00,0.00,0.00,0.00,0.00,0.00,0.00,0.00,0.00,0.00,0.00,0.00,15-Sep,16-Sep,17-Sep,18-Sep,19-Sep,20-Sep,21-Sep,15-Sep,16-Sep,17-Sep,18-Sep,19-Sep,20-Sep,21-Sep,7,7,0
Nashik,Nashik,W M Nashik,Malegaon,Chandwad,20086730,Retro.Chandwad and WSS 44 villages. Ta. Chandwad,Dhodambe,4197,1,0.23,0.44,1.02,1.65,1.13,1.36,1.10,5.58,10.49,24.32,39.39,26.96,32.51,26.24,15-Sep,16-Sep,17-Sep,18-Sep,19-Sep,20-Sep,21-Sep,15-Sep,16-Sep,17-Sep,18-Sep,19-Sep,20-Sep,21-Sep,0,7,0
Nashik,Nashik,W M Nashik,Malegaon,Malegaon,20018682,Dhahiwal &25 Villages WSS Tal Malegaon,Bodhe,540,2,1.62,0.00,0.10,0.00,0.00,0.00,0.00,300.86,0.00,17.90,0.00,0.00,0.00,0.00,15-Sep,16-Sep,17-Sep,18-Sep,19-Sep,20-Sep,21-Sep,15-Sep,16-Sep,17-Sep,18-Sep,19-Sep,20-Sep,21-Sep,5,6,1
Nashik,Nashik,W M Nashik,Malegaon,Chandwad,20086730,Retro.Chandwad and WSS 44 villages. Ta. Chandwad,Bharvir,1288,2,0.00,0.00,0.00,0.00,0.00,0.00,0.00,0.00,0.00,0.00,0.00,0.00,0.00,0.00,15-Sep,16-Sep,17-Sep,18-Sep,19-Sep,20-Sep,21-Sep,15-Sep,16-Sep,17-Sep,18-Sep,19-Sep,20-Sep,21-Sep,7,7,0
Nashik,Nashik,Nashik,Manmad,Yeola,20030798,Retrofitting To Yeola 38 Villages,N. Kheda KD,541,1,0.00,0.00,0.00,0.12,0.10,0.00,0.00,0.00,0.00,0.00,21.56,18.50,0.00,0.00,15-Sep,16-Sep,17-Sep,18-Sep,19-Sep,20-Sep,21-Sep,15-Sep,16-Sep,17-Sep,18-Sep,19-Sep,20-Sep,21-Sep,5,7,0
Nashik,Nashik,W M Nashik,Malegaon,Chandwad,20086730,Retro.Chandwad and WSS 44 villages. Ta. Chandwad,Kokankhede,1991,2,0.00,0.00,0.00,0.00,0.00,0.00,0.00,0.00,0.00,0.00,0.00,0.00,0.00,0.00,15-Sep,16-Sep,17-Sep,18-Sep,19-Sep,20-Sep,21-Sep,15-Sep,16-Sep,17-Sep,18-Sep,19-Sep,20-Sep,21-Sep,7,7,0
Nashik,Nashik,Nashik,Manmad,Yeola,20030798,Retrofitting To Yeola 38 Villages,N. Kheda BK.,1152,1,0.00,0.00,0.00,0.00,0.00,0.00,0.00,0.00,0.00,0.00,0.00,0.00,0.00,0.00,15-Sep,16-Sep,17-Sep,18-Sep,19-Sep,20-Sep,21-Sep,15-Sep,16-Sep,17-Sep,18-Sep,19-Sep,20-Sep,21-Sep,7,7,0
Nashik,Ahmednagar,Sangamner,Kopargaon,Rahata,417239,Retro Rui & Shingave R.R.W.S.S Tal Rahata,Shingve,5274,2,0.00,0.00,0.00,0.00,0.00,0.00,0.00,0.00,0.00,0.00,0.00,0.00,0.00,0.00,15-Sep,16-Sep,17-Sep,18-Sep,19-Sep,20-Sep,21-Sep,15-Sep,16-Sep,17-Sep,18-Sep,19-Sep,20-Sep,21-Sep,7,7,0
Nashik,Jalgaon,Jalgaon,Nandurbar,Nandurbar,20057131,Waghale & 3 Villages,Nandarkhe,2862,3,0.46,0.45,0.46,0.22,0.46,2.03,1.65,16.09,15.72,16.10,7.55,16.03,70.99,57.77,15-Sep,16-Sep,17-Sep,18-Sep,19-Sep,20-Sep,21-Sep,15-Sep,16-Sep,17-Sep,18-Sep,19-Sep,20-Sep,21-Sep,0,5,2
Nashik,Nashik,W M Nashik,Malegaon,Chandwad,20086730,Retro.Chandwad and WSS 44 villages. Ta. Chandwad,Raypur,3624,1,0.78,0.00,0.00,0.00,1.05,0.88,0.85,21.39,0.00,0.00,0.00,29.01,24.23,23.41,15-Sep,16-Sep,17-Sep,18-Sep,19-Sep,20-Sep,21-Sep,15-Sep,16-Sep,17-Sep,18-Sep,19-Sep,20-Sep,21-Sep,3,7,0
Nashik,Jalgaon,Jalgaon,Erandol,Parola,20025410,Bahadarpur & 2 Village RRWSS,Bahadarpur,2842,2,3.65,2.83,0.11,0.51,3.14,2.29,2.94,128.39,99.61,4.03,17.83,110.47,80.57,103.32,15-Sep,16-Sep,17-Sep,18-Sep,19-Sep,20-Sep,21-Sep,15-Sep,16-Sep,17-Sep,18-Sep,19-Sep,20-Sep,21-Sep,0,2,5
Nashik,Nashik,W M Nashik,Sinnar,Naigaon,20028193,Retrofitting To Wadzire (Naigaon) & 4 Villages RRWSS,Wadzire,3369,2,1.74,0.11,1.97,2.63,1.48,1.54,1.61,51.72,3.21,58.46,78.13,43.84,45.58,47.70,15-Sep,16-Sep,17-Sep,18-Sep,19-Sep,20-Sep,21-Sep,15-Sep,16-Sep,17-Sep,18-Sep,19-Sep,20-Sep,21-Sep,0,5,2
Nashik,Ahmednagar,Sangamner,Akole,Akole,20028069,Ganore and 4 villagesTa. Akole,Ganore,4035,3,,,0.00,0.00,0.00,0.01,0.00,,,0.00,0.00,0.00,0.00,0.00,15-Sep,16-Sep,17-Sep,18-Sep,19-Sep,20-Sep,21-Sep,15-Sep,16-Sep,17-Sep,18-Sep,19-Sep,20-Sep,21-Sep,5,5,0
Nashik,Ahmednagar,Ahmednagar,Newasa,shevgaon,20028535,"Amarapur and Mali Babhulgaon 49 villages, Tal. Pathardi",Kherde,1128,2,0.00,0.00,0.00,0.00,0.00,0.00,0.00,0.01,0.00,0.00,0.00,0.00,0.00,0.00,15-Sep,16-Sep,17-Sep,18-Sep,19-Sep,20-Sep,21-Sep,15-Sep,16-Sep,17-Sep,18-Sep,19-Sep,20-Sep,21-Sep,6,7,0
Nashik,Nashik,Nashik,Malegaon,Nandgaon,20037448,"78 villages in Nandgaon, Malegaon and Deola talukas",Takli Bk,1965,3,0.00,0.49,0.40,0.00,0.00,0.41,0.00,0.00,24.88,20.58,0.00,0.00,21.03,0.00,15-Sep,16-Sep,17-Sep,18-Sep,19-Sep,20-Sep,21-Sep,15-Sep,16-Sep,17-Sep,18-Sep,19-Sep,20-Sep,21-Sep,4,7,0
Nashik,Ahmednagar,Ahmednagar,Newasa,Nevasa,5348540,"Retro.Sonai Karjgaon and 16 villages, Tal. Nevasa",WATAPUR,1397,2,0.00,0.00,0.00,0.00,0.00,0.00,0.00,0.00,0.00,0.00,0.00,0.00,0.00,0.00,15-Sep,16-Sep,17-Sep,18-Sep,19-Sep,20-Sep,21-Sep,15-Sep,16-Sep,17-Sep,18-Sep,19-Sep,20-Sep,21-Sep,7,7,0
Nashik,Nashik,Nashik,Malegaon,Nandgaon,20037448,"78 villages in Nandgaon, Malegaon and Deola talukas",Tandulwadi,915,2,0.00,0.00,0.00,0.47,0.87,0.62,0.39,0.00,0.00,0.00,50.95,95.41,68.02,42.13,15-Sep,16-Sep,17-Sep,18-Sep,19-Sep,20-Sep,21-Sep,15-Sep,16-Sep,17-Sep,18-Sep,19-Sep,20-Sep,21-Sep,3,5,2
Nashik,Nashik,W M Nashik,Malegaon,Chandwad,20086730,Retro.Chandwad and WSS 44 villages. Ta. Chandwad,Hatti,1161,1,0.00,0.36,0.00,0.35,0.00,0.33,0.21,0.02,30.90,0.00,30.37,0.00,28.12,17.78,15-Sep,16-Sep,17-Sep,18-Sep,19-Sep,20-Sep,21-Sep,15-Sep,16-Sep,17-Sep,18-Sep,19-Sep,20-Sep,21-Sep,2,7,0
Nashik,Ahmednagar,Ahmednagar,Shreerampur,Rahuri,20041657,Warvandi and others 10 villages. Tal.Rahuri,Dehere,6894,2,3.38,3.17,3.85,2.91,3.97,3.35,3.86,48.99,46.04,55.78,42.27,57.54,48.65,56.04,15-Sep,16-Sep,17-Sep,18-Sep,19-Sep,20-Sep,21-Sep,15-Sep,16-Sep,17-Sep,18-Sep,19-Sep,20-Sep,21-Sep,0,4,3
Nashik,Ahmednagar,Ahmednagar,Newasa,shevgaon,20028535,"Amarapur and Mali Babhulgaon 49 villages, Tal. Pathardi",Awhane Kh,979,1,0.00,2.74,0.08,2.64,0.07,2.39,0.39,0.00,279.58,8.35,269.87,7.34,243.63,40.22,15-Sep,16-Sep,17-Sep,18-Sep,19-Sep,20-Sep,21-Sep,15-Sep,16-Sep,17-Sep,18-Sep,19-Sep,20-Sep,21-Sep,1,4,3
Nashik,Ahmednagar,Ahmednagar,Shreerampur,Rahuri,20015193,New Bramhani & 6 Villages RRWSS Tal- Rahuri,Kukkadwedhe,2102,2,0.00,0.00,0.00,0.00,0.00,0.00,0.00,0.00,0.00,0.00,0.00,0.00,0.00,0.00,15-Sep,16-Sep,17-Sep,18-Sep,19-Sep,20-Sep,21-Sep,15-Sep,16-Sep,17-Sep,18-Sep,19-Sep,20-Sep,21-Sep,7,7,0
Nashik,Ahmednagar,Ahmednagar,Ahmednagar,Shrigonda,20028612,"Ruikhel & 6 villages, tal. Shrigonda",Mahadulwadi,3899,3,0.00,0.00,0.00,0.00,0.00,0.00,0.00,0.00,0.00,0.00,0.00,0.00,0.00,0.00,15-Sep,16-Sep,17-Sep,18-Sep,19-Sep,20-Sep,21-Sep,15-Sep,16-Sep,17-Sep,18-Sep,19-Sep,20-Sep,21-Sep,7,7,0
Nashik,Ahmednagar,Ahmednagar,Shreerampur,Shrirampur,20030740,"Belapur Bk. Wss, Ta. Shrirampur",Ainatpur,9958,8,0.38,0.40,0.00,0.00,0.35,0.00,0.00,3.84,3.97,0.00,0.00,3.47,0.00,0.00,15-Sep,16-Sep,17-Sep,18-Sep,19-Sep,20-Sep,21-Sep,15-Sep,16-Sep,17-Sep,18-Sep,19-Sep,20-Sep,21-Sep,4,7,0
Nashik,Jalgaon,Jalgaon,Chopda,Chopda,20053731,Lasur and 9 villages RRWSS. Ta. Chopda,Hatede Kh,3009,2,3.55,3.32,3.62,3.14,3.87,2.99,4.49,117.95,110.40,120.29,104.51,128.51,99.31,149.21,15-Sep,16-Sep,17-Sep,18-Sep,19-Sep,20-Sep,21-Sep,15-Sep,16-Sep,17-Sep,18-Sep,19-Sep,20-Sep,21-Sep,0,0,7
Nashik,Nashik,W M Nashik,Malegaon,Malegaon,20018682,Dhahiwal &25 Villages WSS Tal Malegaon,Devarpada,3639,2,0.00,0.00,0.00,12.30,7.14,0.43,0.00,0.00,0.00,0.00,338.08,196.19,11.72,0.00,15-Sep,16-Sep,17-Sep,18-Sep,19-Sep,20-Sep,21-Sep,15-Sep,16-Sep,17-Sep,18-Sep,19-Sep,20-Sep,21-Sep,4,5,2
Nashik,Nashik,Nashik,Manmad,Yeola,20030798,Retrofitting To Yeola 38 Villages,Somthan Desh,2869,1,0.00,0.00,0.00,0.00,0.00,0.00,0.00,0.00,0.00,0.00,0.00,0.00,0.00,0.00,15-Sep,16-Sep,17-Sep,18-Sep,19-Sep,20-Sep,21-Sep,15-Sep,16-Sep,17-Sep,18-Sep,19-Sep,20-Sep,21-Sep,7,7,0
Nashik,Nashik,W M Nashik,W.M.Nashik,Dindori,20039258,Ozar-Sakore & 2 Villages,Janori,7926,1,2.62,2.65,2.78,2.44,2.74,2.31,2.65,33.09,33.48,35.11,30.75,34.52,29.16,33.39,15-Sep,16-Sep,17-Sep,18-Sep,19-Sep,20-Sep,21-Sep,15-Sep,16-Sep,17-Sep,18-Sep,19-Sep,20-Sep,21-Sep,0,7,0
Nashik,Ahmednagar,Sangamner,Sangamner,Sangamner,7937337,"Retro.Nimon and 4 villages, Tal. Sangamner",Karhe,2691,2,0.00,0.00,0.00,0.00,0.00,0.00,0.00,0.00,0.00,0.00,0.00,0.00,0.00,0.00,15-Sep,16-Sep,17-Sep,18-Sep,19-Sep,20-Sep,21-Sep,15-Sep,16-Sep,17-Sep,18-Sep,19-Sep,20-Sep,21-Sep,7,7,0
Nashik,Nashik,Nashik,Malegaon,Nandgaon,20037448,"78 villages in Nandgaon, Malegaon and Deola talukas",Nimgaon Kh,1222,2,0.14,0.25,0.25,0.25,0.25,0.25,0.25,11.42,20.44,20.48,20.48,20.51,20.52,20.77,15-Sep,16-Sep,17-Sep,18-Sep,19-Sep,20-Sep,21-Sep,15-Sep,16-Sep,17-Sep,18-Sep,19-Sep,20-Sep,21-Sep,0,7,0
Nashik,Ahmednagar,Sangamner,Kopargaon,Rahata,20054877,Retro.Kelvad Bk.& 2 villages RRWSS. Ta.Rahta,Kelwad Bk,4840,2,0.00,0.23,0.00,0.00,0.00,0.00,0.00,0.00,4.85,0.00,0.00,0.00,0.00,0.00,15-Sep,16-Sep,17-Sep,18-Sep,19-Sep,20-Sep,21-Sep,15-Sep,16-Sep,17-Sep,18-Sep,19-Sep,20-Sep,21-Sep,6,7,0
Nashik,Ahmednagar,Ahmednagar,Ahmednagar,Nagar,20046296,Burhannagar & 45 Villages Retro RRWSS,Darewadi,15591,6,0.00,0.00,0.00,0.00,0.00,0.00,0.30,0.00,0.00,0.00,0.00,0.00,0.00,1.91,15-Sep,16-Sep,17-Sep,18-Sep,19-Sep,20-Sep,21-Sep,15-Sep,16-Sep,17-Sep,18-Sep,19-Sep,20-Sep,21-Sep,6,7,0
Nashik,Ahmednagar,Ahmednagar,Newasa,Nevasa,5348540,"Retro.Sonai Karjgaon and 16 villages, Tal. Nevasa",KHARWANDI,6263,2,1.60,1.67,1.62,1.73,1.23,0.14,0.16,25.62,26.63,25.81,27.64,19.69,2.28,2.62,15-Sep,16-Sep,17-Sep,18-Sep,19-Sep,20-Sep,21-Sep,15-Sep,16-Sep,17-Sep,18-Sep,19-Sep,20-Sep,21-Sep,0,7,0
Nashik,Nashik,Nashik,Manmad,Yeola,20040090,"Dhulgaon and 17 villages, Tal. Yeola",Satali,1087,1,0.00,0.00,0.09,0.73,0.00,0.49,0.68,0.00,0.00,0.00,0.00,0.00,0.00,0.00,15-Sep,16-Sep,17-Sep,18-Sep,19-Sep,20-Sep,21-Sep,15-Sep,16-Sep,17-Sep,18-Sep,19-Sep,20-Sep,21-Sep,7,7,0
Nashik,Jalgaon,Jalgaon,Erandol,Dharangaon,20061165,Paldhi (bk& Kh) RR Tal DHARANGAON,Paldhi Bk.,9303,3,20.66,15.04,15.78,13.89,20.95,23.34,22.79,222.08,161.67,169.62,149.31,225.20,250.89,244.97,15-Sep,16-Sep,17-Sep,18-Sep,19-Sep,20-Sep,21-Sep,15-Sep,16-Sep,17-Sep,18-Sep,19-Sep,20-Sep,21-Sep,0,0,7
Nashik,Ahmednagar,Sangamner,Akole,Akole,20035141,"Retro.Akole and 32 villages, Tal. Akole",Gardani,2232,2,0.00,0.00,0.00,31.00,22.28,25.50,7.66,0.00,0.00,0.00,0.00,0.00,0.00,0.00,15-Sep,16-Sep,17-Sep,18-Sep,19-Sep,20-Sep,21-Sep,15-Sep,16-Sep,17-Sep,18-Sep,19-Sep,20-Sep,21-Sep,7,7,0
Nashik,Nashik,Nashik,Malegaon,Nandgaon,20037448,"78 villages in Nandgaon, Malegaon and Deola talukas",Soygaon,1680,2,0.00,0.87,0.00,0.00,0.00,0.36,0.00,0.00,51.58,0.00,0.00,0.00,21.43,0.00,15-Sep,16-Sep,17-Sep,18-Sep,19-Sep,20-Sep,21-Sep,15-Sep,16-Sep,17-Sep,18-Sep,19-Sep,20-Sep,21-Sep,5,7,0
Nashik,Nashik,Nashik,Malegaon,Nandgaon,20037448,"78 villages in Nandgaon, Malegaon and Deola talukas",Pimprale,2160,2,0.00,0.07,0.93,0.45,0.00,0.00,0.38,0.00,3.06,42.87,20.80,0.00,0.00,17.49,15-Sep,16-Sep,17-Sep,18-Sep,19-Sep,20-Sep,21-Sep,15-Sep,16-Sep,17-Sep,18-Sep,19-Sep,20-Sep,21-Sep,3,7,0
Nashik,Ahmednagar,Ahmednagar,Newasa,Nevasa,5348540,"Retro.Sonai Karjgaon and 16 villages, Tal. Nevasa",Siregaon,3695,1,0.76,0.35,1.41,1.00,0.78,1.35,0.00,20.60,9.50,38.11,26.99,21.05,36.52,0.00,15-Sep,16-Sep,17-Sep,18-Sep,19-Sep,20-Sep,21-Sep,15-Sep,16-Sep,17-Sep,18-Sep,19-Sep,20-Sep,21-Sep,1,7,0
Nashik,Ahmednagar,Ahmednagar,Newasa,Nevasa,5348540,"Retro.Sonai Karjgaon and 16 villages, Tal. Nevasa",IMAMPUR,350,1,0.00,0.00,0.00,0.00,0.00,0.00,0.00,0.00,0.00,0.00,0.00,0.00,0.00,0.00,15-Sep,16-Sep,17-Sep,18-Sep,19-Sep,20-Sep,21-Sep,15-Sep,16-Sep,17-Sep,18-Sep,19-Sep,20-Sep,21-Sep,7,7,0
Nashik,Ahmednagar,Sangamner,Sangamner,Sangamner,20033242,"Retro.Talegaon Dighe and 16 villages, Tal. Sangamner",Kakadwadi,2267,2,0.00,0.00,0.00,0.00,0.00,0.00,0.00,0.00,0.00,0.00,0.00,0.00,0.00,0.00,15-Sep,16-Sep,17-Sep,18-Sep,19-Sep,20-Sep,21-Sep,15-Sep,16-Sep,17-Sep,18-Sep,19-Sep,20-Sep,21-Sep,7,7,0
Nashik,Ahmednagar,Ahmednagar,Newasa,Nevasa,5348540,"Retro.Sonai Karjgaon and 16 villages, Tal. Nevasa",AMALNER,2334,2,0.54,0.12,1.11,0.00,0.80,0.00,1.02,23.20,5.22,47.62,0.00,34.13,0.00,43.51,15-Sep,16-Sep,17-Sep,18-Sep,19-Sep,20-Sep,21-Sep,15-Sep,16-Sep,17-Sep,18-Sep,19-Sep,20-Sep,21-Sep,2,7,0
Nashik,Nashik,Nashik,Malegaon,Nandgaon,20037448,"78 villages in Nandgaon, Malegaon and Deola talukas",Nimgule,602,1,1.24,0.00,0.82,0.58,0.00,0.00,0.00,206.01,0.00,135.51,96.77,0.00,0.00,0.00,15-Sep,16-Sep,17-Sep,18-Sep,19-Sep,20-Sep,21-Sep,15-Sep,16-Sep,17-Sep,18-Sep,19-Sep,20-Sep,21-Sep,4,4,3
Nashik,Jalgaon,Jalgaon,Erandol,Chalisgaon,20053796,Dondigar-Rohini & 15 Villages WSS,Bramhanshevga,2049,2,0.00,0.00,0.00,0.00,0.00,0.00,0.00,0.00,0.00,0.00,0.00,0.00,0.00,0.00,15-Sep,16-Sep,17-Sep,18-Sep,19-Sep,20-Sep,21-Sep,15-Sep,16-Sep,17-Sep,18-Sep,19-Sep,20-Sep,21-Sep,7,7,0
Nashik,Jalgaon,Jalgaon,Nandurbar,Nandurbar,20055662,Pachorabari - Narayanpur WSS,Pachorabari,1251,4,0.00,0.00,0.00,0.00,0.00,0.00,0.00,0.00,0.00,0.00,0.00,0.00,0.00,0.00,15-Sep,16-Sep,17-Sep,18-Sep,19-Sep,20-Sep,21-Sep,15-Sep,16-Sep,17-Sep,18-Sep,19-Sep,20-Sep,21-Sep,7,7,0
Nashik,Nashik,Nashik,Manmad,Yeola,20030798,Retrofitting To Yeola 38 Villages,Ankute,2366,1,0.98,0.00,0.00,0.00,0.00,0.13,0.73,41.30,0.00,0.00,0.00,0.00,5.68,30.89,15-Sep,16-Sep,17-Sep,18-Sep,19-Sep,20-Sep,21-Sep,15-Sep,16-Sep,17-Sep,18-Sep,19-Sep,20-Sep,21-Sep,4,7,0
Nashik,Ahmednagar,Ahmednagar,Ahmednagar,Nagar,20046296,Burhannagar & 45 Villages Retro RRWSS,Walunj,,3,0.00,0.00,0.00,0.00,0.00,0.00,0.00,0.00,0.00,0.00,0.00,0.00,0.00,0.00,15-Sep,16-Sep,17-Sep,18-Sep,19-Sep,20-Sep,21-Sep,15-Sep,16-Sep,17-Sep,18-Sep,19-Sep,20-Sep,21-Sep,7,7,0
Nashik,Ahmednagar,Sangamner,Sangamner,Sangamner,20033242,"Retro.Talegaon Dighe and 16 villages, Tal. Sangamner",Wadzari (Kh),1173,1,0.00,0.00,0.00,0.00,0.00,0.00,0.00,0.00,0.00,0.00,0.00,0.00,0.00,0.00,15-Sep,16-Sep,17-Sep,18-Sep,19-Sep,20-Sep,21-Sep,15-Sep,16-Sep,17-Sep,18-Sep,19-Sep,20-Sep,21-Sep,7,7,0
Nashik,Nashik,W M Nashik,W.M.Nashik,Nifad,20039258,Ozar-Sakore & 2 Villages,Ozar,86060,4,2.57,2.92,0.00,0.00,0.00,0.00,0.00,2.99,3.39,0.00,0.00,0.00,0.00,0.00,15-Sep,16-Sep,17-Sep,18-Sep,19-Sep,20-Sep,21-Sep,15-Sep,16-Sep,17-Sep,18-Sep,19-Sep,20-Sep,21-Sep,5,7,0
Nashik,Ahmednagar,Ahmednagar,Newasa,shevgaon,20028535,"Amarapur and Mali Babhulgaon 49 villages, Tal. Pathardi",Shekate,2194,1,0.00,0.00,0.00,0.23,0.00,0.00,0.35,0.00,0.00,0.00,10.30,0.00,0.00,15.94,15-Sep,16-Sep,17-Sep,18-Sep,19-Sep,20-Sep,21-Sep,15-Sep,16-Sep,17-Sep,18-Sep,19-Sep,20-Sep,21-Sep,5,7,0
Nashik,Nashik,Nashik,Manmad,Nifad,456654,"Retro. Lasalgaon Vinchur 16 Villages, Tal. Nifad",Pimpalgaon Najik,11607,2,0.97,2.67,3.64,2.61,0.31,0.00,3.58,8.33,22.96,31.34,22.46,2.67,0.00,30.85,15-Sep,16-Sep,17-Sep,18-Sep,19-Sep,20-Sep,21-Sep,15-Sep,16-Sep,17-Sep,18-Sep,19-Sep,20-Sep,21-Sep,1,7,0
Nashik,Nashik,Nashik,Malegaon,Nandgaon,20037448,"78 villages in Nandgaon, Malegaon and Deola talukas",Mehune,3276,2,0.00,0.00,0.72,0.00,0.00,1.03,0.00,0.00,0.00,21.98,0.00,0.00,31.35,0.00,15-Sep,16-Sep,17-Sep,18-Sep,19-Sep,20-Sep,21-Sep,15-Sep,16-Sep,17-Sep,18-Sep,19-Sep,20-Sep,21-Sep,5,7,0
Nashik,Ahmednagar,Ahmednagar,Newasa,Shevgaon,20029079,Retro.Bodhegaon and 7 villages RRWSS. Ta. Shevgaon,Antarwali Kh,1020,2,0.00,0.00,0.00,0.62,0.00,0.97,0.00,0.00,0.00,0.00,60.48,0.00,95.58,0.00,15-Sep,16-Sep,17-Sep,18-Sep,19-Sep,20-Sep,21-Sep,15-Sep,16-Sep,17-Sep,18-Sep,19-Sep,20-Sep,21-Sep,5,5,2
Nashik,Ahmednagar,Ahmednagar,Newasa,shevgaon,20028535,"Amarapur and Mali Babhulgaon 49 villages, Tal. Pathardi",Susare,4080,2,0.00,1.35,0.00,1.36,0.00,1.58,0.35,0.00,33.06,0.00,33.42,0.00,38.62,8.56,15-Sep,16-Sep,17-Sep,18-Sep,19-Sep,20-Sep,21-Sep,15-Sep,16-Sep,17-Sep,18-Sep,19-Sep,20-Sep,21-Sep,3,7,0
Nashik,Nashik,W M Nashik,Malegaon,Malegaon,20018579,Malmatha and 25 villages Ta. Malegaon,Dahidi,2354,1,0.63,0.43,0.73,0.53,0.54,0.96,0.21,26.82,18.29,30.94,22.45,22.98,40.66,9.00,15-Sep,16-Sep,17-Sep,18-Sep,19-Sep,20-Sep,21-Sep,15-Sep,16-Sep,17-Sep,18-Sep,19-Sep,20-Sep,21-Sep,0,7,0
Nashik,Nashik,W M Nashik,Malegaon,Chandwad,20086730,Retro.Chandwad and WSS 44 villages. Ta. Chandwad,Patharshembe,2150,1,0.15,1.12,0.00,0.00,0.08,1.14,0.00,6.87,51.92,0.00,0.00,3.89,53.15,0.00,15-Sep,16-Sep,17-Sep,18-Sep,19-Sep,20-Sep,21-Sep,15-Sep,16-Sep,17-Sep,18-Sep,19-Sep,20-Sep,21-Sep,3,7,0
Nashik,Jalgaon,Jalgaon,Nandurbar,Nandurbar,20055639,Bhagsari & 8 Villages,Vikharan,2065,2,2.79,3.00,3.46,3.32,3.36,3.41,3.12,135.06,145.17,167.52,160.82,162.94,165.04,150.95,15-Sep,16-Sep,17-Sep,18-Sep,19-Sep,20-Sep,21-Sep,15-Sep,16-Sep,17-Sep,18-Sep,19-Sep,20-Sep,21-Sep,0,0,7
Nashik,Ahmednagar,Ahmednagar,Ahmednagar,Nagar,20046296,Burhannagar & 45 Villages Retro RRWSS,Dahigaon,1734,1,0.00,0.00,0.00,0.00,0.00,0.03,0.79,0.07,0.00,0.00,0.00,0.00,1.96,45.80,15-Sep,16-Sep,17-Sep,18-Sep,19-Sep,20-Sep,21-Sep,15-Sep,16-Sep,17-Sep,18-Sep,19-Sep,20-Sep,21-Sep,4,7,0
Nashik,Nashik,W M Nashik,Malegaon,Chandwad,20086730,Retro.Chandwad and WSS 44 villages. Ta. Chandwad,Harnul,1053,1,0.00,0.00,0.00,0.00,0.00,0.00,0.00,0.00,0.00,0.00,0.00,0.00,0.00,0.00,15-Sep,16-Sep,17-Sep,18-Sep,19-Sep,20-Sep,21-Sep,15-Sep,16-Sep,17-Sep,18-Sep,19-Sep,20-Sep,21-Sep,7,7,0
Nashik,Nashik,W M Nashik,Malegaon,Chandwad,20086730,Retro.Chandwad and WSS 44 villages. Ta. Chandwad,Shirur,1835,2,0.00,0.00,0.00,0.00,0.00,0.00,0.00,0.00,0.00,0.00,0.00,0.00,0.00,0.01,15-Sep,16-Sep,17-Sep,18-Sep,19-Sep,20-Sep,21-Sep,15-Sep,16-Sep,17-Sep,18-Sep,19-Sep,20-Sep,21-Sep,6,7,0
Nashik,Nashik,Nashik,Nashik,Trambakeshwar,20017222,Waghera & 14 RRWSS Tal Trambakeshwar,Waghera,3746,2,0.68,0.65,0.09,0.74,0.79,0.44,0.25,18.16,17.26,2.51,19.68,21.01,11.78,6.66,15-Sep,16-Sep,17-Sep,18-Sep,19-Sep,20-Sep,21-Sep,15-Sep,16-Sep,17-Sep,18-Sep,19-Sep,20-Sep,21-Sep,0,7,0
Nashik,Nashik,Nashik,Malegaon,Nandgaon,20037448,"78 villages in Nandgaon, Malegaon and Deola talukas",Varhale,1036,1,0.67,0.09,0.00,0.00,0.22,0.53,0.05,64.65,8.86,0.00,0.00,21.08,51.58,5.30,15-Sep,16-Sep,17-Sep,18-Sep,19-Sep,20-Sep,21-Sep,15-Sep,16-Sep,17-Sep,18-Sep,19-Sep,20-Sep,21-Sep,2,6,1
Nashik,Nashik,Nashik,Manmad,Yeola,20030798,Retrofitting To Yeola 38 Villages,Pimpalkute BK.,811,1,0.05,0.00,0.76,0.00,0.00,0.56,0.06,6.22,0.00,93.21,0.00,0.00,69.25,7.18,15-Sep,16-Sep,17-Sep,18-Sep,19-Sep,20-Sep,21-Sep,15-Sep,16-Sep,17-Sep,18-Sep,19-Sep,20-Sep,21-Sep,3,5,2
Nashik,Ahmednagar,Ahmednagar,Newasa,shevgaon,20028535,"Amarapur and Mali Babhulgaon 49 villages, Tal. Pathardi",Hatral Saidapur,1254,2,0.00,0.00,0.00,0.25,0.00,0.00,0.44,0.00,0.00,0.00,19.85,0.00,0.00,34.98,15-Sep,16-Sep,17-Sep,18-Sep,19-Sep,20-Sep,21-Sep,15-Sep,16-Sep,17-Sep,18-Sep,19-Sep,20-Sep,21-Sep,5,7,0
Nashik,Nashik,Nashik,Malegaon,Baglan,7971089,Nampur and 4 villages RR Tal Baglan (C 39),Askheda,3580,3,3.94,4.32,5.36,4.71,3.85,2.28,0.91,109.95,120.61,149.61,131.51,107.62,63.79,25.54,15-Sep,16-Sep,17-Sep,18-Sep,19-Sep,20-Sep,21-Sep,15-Sep,16-Sep,17-Sep,18-Sep,19-Sep,20-Sep,21-Sep,0,1,6
Nashik,Ahmednagar,Ahmednagar,Shreerampur,Rahuri,20015193,New Bramhani & 6 Villages RRWSS Tal- Rahuri,Chedgaon,2926,2,0.00,0.00,0.00,0.00,0.00,0.00,0.00,0.00,0.00,0.00,0.00,0.00,0.00,0.00,15-Sep,16-Sep,17-Sep,18-Sep,19-Sep,20-Sep,21-Sep,15-Sep,16-Sep,17-Sep,18-Sep,19-Sep,20-Sep,21-Sep,7,7,0
Nashik,Nashik,Nashik,Manmad,Yeola,20030798,Retrofitting To Yeola 38 Villages,Vikharni,2325,1,1.24,0.37,1.02,0.00,0.00,1.09,0.08,53.30,16.06,43.81,0.00,0.00,46.77,3.57,15-Sep,16-Sep,17-Sep,18-Sep,19-Sep,20-Sep,21-Sep,15-Sep,16-Sep,17-Sep,18-Sep,19-Sep,20-Sep,21-Sep,2,7,0
Nashik,Ahmednagar,Ahmednagar,Shreerampur,Rahuri,20015193,New Bramhani & 6 Villages RRWSS Tal- Rahuri,Mokal Ohal,1837,3,0.29,0.42,0.39,0.55,0.00,0.41,0.36,15.97,22.70,21.11,29.70,0.00,22.24,19.57,15-Sep,16-Sep,17-Sep,18-Sep,19-Sep,20-Sep,21-Sep,15-Sep,16-Sep,17-Sep,18-Sep,19-Sep,20-Sep,21-Sep,1,7,0
Nashik,Nashik,Nashik,Manmad,Yeola,20030798,Retrofitting To Yeola 38 Villages,Savargaon,3130,1,0.00,0.00,0.00,0.00,0.00,0.00,0.00,0.00,0.00,0.00,0.00,0.00,0.00,0.00,15-Sep,16-Sep,17-Sep,18-Sep,19-Sep,20-Sep,21-Sep,15-Sep,16-Sep,17-Sep,18-Sep,19-Sep,20-Sep,21-Sep,7,7,0
Nashik,Nashik,Nashik,Malegaon,Nandgaon,20037448,"78 villages in Nandgaon, Malegaon and Deola talukas",Sakuri,3920,2,0.00,0.00,0.00,0.00,0.00,0.48,0.38,0.00,0.00,0.00,0.00,0.00,12.36,9.76,15-Sep,16-Sep,17-Sep,18-Sep,19-Sep,20-Sep,21-Sep,15-Sep,16-Sep,17-Sep,18-Sep,19-Sep,20-Sep,21-Sep,5,7,0
Nashik,Nashik,W M Nashik,Malegaon,Chandwad,20086730,Retro.Chandwad and WSS 44 villages. Ta. Chandwad,Gangave,1658,1,0.00,0.00,0.00,0.00,0.00,0.00,0.00,0.00,0.00,0.00,0.00,0.00,0.00,0.00,15-Sep,16-Sep,17-Sep,18-Sep,19-Sep,20-Sep,21-Sep,15-Sep,16-Sep,17-Sep,18-Sep,19-Sep,20-Sep,21-Sep,7,7,0
Nashik,Nashik,W M Nashik,Malegaon,Chandwad,20086730,Retro.Chandwad and WSS 44 villages. Ta. Chandwad,Kheldari,2246,2,0.00,0.00,0.00,0.00,0.00,0.00,0.00,0.00,0.00,0.00,0.00,0.00,0.00,0.00,15-Sep,16-Sep,17-Sep,18-Sep,19-Sep,20-Sep,21-Sep,15-Sep,16-Sep,17-Sep,18-Sep,19-Sep,20-Sep,21-Sep,7,7,0
Nashik,Nashik,W M Nashik,Manmad,Malegaon,20050090,Kajwade & Rampura RRWSS Tal. Malegaon,Kajwade,2695,2,0.00,0.00,0.00,0.00,0.00,0.00,0.00,0.00,0.00,0.00,0.00,0.00,0.00,0.00,15-Sep,16-Sep,17-Sep,18-Sep,19-Sep,20-Sep,21-Sep,15-Sep,16-Sep,17-Sep,18-Sep,19-Sep,20-Sep,21-Sep,7,7,0
Nashik,Ahmednagar,Ahmednagar,Newasa,Shevgaon,20029079,Retro.Bodhegaon and 7 villages RRWSS. Ta. Shevgaon,Shingori,1887,2,0.12,0.59,0.22,1.47,0.24,1.47,0.40,6.14,31.40,11.90,77.99,12.98,77.79,21.40,15-Sep,16-Sep,17-Sep,18-Sep,19-Sep,20-Sep,21-Sep,15-Sep,16-Sep,17-Sep,18-Sep,19-Sep,20-Sep,21-Sep,0,5,2
Nashik,Nashik,Nashik,Manmad,Yeola,20030798,Retrofitting To Yeola 38 Villages,Katarni,3110,1,0.00,0.00,0.00,0.00,0.00,0.00,0.00,0.00,0.00,0.00,0.00,0.00,0.00,0.00,15-Sep,16-Sep,17-Sep,18-Sep,19-Sep,20-Sep,21-Sep,15-Sep,16-Sep,17-Sep,18-Sep,19-Sep,20-Sep,21-Sep,7,7,0
Nashik,Ahmednagar,Ahmednagar,Newasa,shevgaon,20028535,"Amarapur and Mali Babhulgaon 49 villages, Tal. Pathardi",Shahajapur,613,1,1.11,0.00,0.00,0.00,1.42,0.00,0.00,181.11,0.00,0.00,0.00,230.87,0.00,0.00,15-Sep,16-Sep,17-Sep,18-Sep,19-Sep,20-Sep,21-Sep,15-Sep,16-Sep,17-Sep,18-Sep,19-Sep,20-Sep,21-Sep,5,5,2
Nashik,Ahmednagar,Ahmednagar,Newasa,Pathardi,20040662,"Retro.Miri-Tisgaon and 33 villages, Tal. Pathardi",Gunjale,1602,2,0.00,0.00,0.00,0.00,0.00,0.00,0.00,0.00,0.00,0.00,0.00,0.00,0.00,0.00,15-Sep,16-Sep,17-Sep,18-Sep,19-Sep,20-Sep,21-Sep,15-Sep,16-Sep,17-Sep,18-Sep,19-Sep,20-Sep,21-Sep,7,7,0
Nashik,Ahmednagar,Ahmednagar,Shreerampur,Rahata,20030767,Retro.Kolhar-Bhagwatipur (aug) RRWSS. Ta.Rahta,Kolhar BK,16201,8,0.81,0.94,1.46,1.04,1.28,0.97,1.73,5.03,5.81,9.04,6.41,7.89,6.01,10.68,15-Sep,16-Sep,17-Sep,18-Sep,19-Sep,20-Sep,21-Sep,15-Sep,16-Sep,17-Sep,18-Sep,19-Sep,20-Sep,21-Sep,0,7,0
Nashik,Jalgaon,Jalgaon,Chopda,Chopda,20053731,Lasur and 9 villages RRWSS. Ta. Chopda,Majare Hingone,1501,2,0.80,0.48,1.15,1.61,1.50,0.73,0.68,53.36,31.99,76.29,107.50,99.78,48.73,45.58,15-Sep,16-Sep,17-Sep,18-Sep,19-Sep,20-Sep,21-Sep,15-Sep,16-Sep,17-Sep,18-Sep,19-Sep,20-Sep,21-Sep,0,4,3
Nashik,Nashik,W M Nashik,Malegaon,Chandwad,20086730,Retro.Chandwad and WSS 44 villages. Ta. Chandwad,Mangrul,2328,2,0.00,0.00,0.00,0.00,0.00,0.00,0.00,0.00,0.00,0.00,0.00,0.00,0.00,0.00,15-Sep,16-Sep,17-Sep,18-Sep,19-Sep,20-Sep,21-Sep,15-Sep,16-Sep,17-Sep,18-Sep,19-Sep,20-Sep,21-Sep,7,7,0
Nashik,Nashik,Nashik,Malegaon,Nandgaon,20037448,"78 villages in Nandgaon, Malegaon and Deola talukas",Pimpri Haveli,2550,1,0.00,0.00,0.70,1.23,1.09,0.00,0.78,0.02,0.00,27.34,48.35,42.66,0.01,30.73,15-Sep,16-Sep,17-Sep,18-Sep,19-Sep,20-Sep,21-Sep,15-Sep,16-Sep,17-Sep,18-Sep,19-Sep,20-Sep,21-Sep,1,7,0
Nashik,Ahmednagar,Ahmednagar,Newasa,Pathardi,20040662,"Retro.Miri-Tisgaon and 33 villages, Tal. Pathardi",Dagadwadi,1414,2,0.00,0.00,0.00,0.21,0.86,0.75,0.78,0.00,0.00,0.00,14.79,60.79,52.72,55.00,15-Sep,16-Sep,17-Sep,18-Sep,19-Sep,20-Sep,21-Sep,15-Sep,16-Sep,17-Sep,18-Sep,19-Sep,20-Sep,21-Sep,3,5,1
Nashik,Nashik,W M Nashik,Malegaon,Chandwad,20086730,Retro.Chandwad and WSS 44 villages. Ta. Chandwad,Sogras,1649,1,0.00,0.00,0.00,0.00,0.00,0.00,0.00,0.00,0.00,0.00,0.00,0.00,0.00,0.00,15-Sep,16-Sep,17-Sep,18-Sep,19-Sep,20-Sep,21-Sep,15-Sep,16-Sep,17-Sep,18-Sep,19-Sep,20-Sep,21-Sep,7,7,0
Nashik,Nashik,W M Nashik,Malegaon,Chandwad,20086730,Retro.Chandwad and WSS 44 villages. Ta. Chandwad,Dighwad,2462,1,0.00,0.00,0.00,0.00,0.00,0.00,0.00,0.00,0.00,0.00,0.00,0.00,0.00,0.00,15-Sep,16-Sep,17-Sep,18-Sep,19-Sep,20-Sep,21-Sep,15-Sep,16-Sep,17-Sep,18-Sep,19-Sep,20-Sep,21-Sep,7,7,0
Nashik,Jalgaon,Jalgaon,Erandol,Chalisgaon,20053796,Dondigar-Rohini & 15 Villages WSS,Don Digar,3217,3,2.19,1.11,1.16,1.39,1.35,1.01,1.67,67.97,34.51,36.12,43.30,42.09,31.33,51.90,15-Sep,16-Sep,17-Sep,18-Sep,19-Sep,20-Sep,21-Sep,15-Sep,16-Sep,17-Sep,18-Sep,19-Sep,20-Sep,21-Sep,0,6,1
Nashik,Jalgaon,Jalgaon,Chopda,Chopda,20053731,Lasur and 9 villages RRWSS. Ta. Chopda,Lasur,10272,4,3.38,3.32,3.75,3.37,3.98,4.08,3.63,32.92,32.33,36.54,32.84,38.73,39.74,35.39,15-Sep,16-Sep,17-Sep,18-Sep,19-Sep,20-Sep,21-Sep,15-Sep,16-Sep,17-Sep,18-Sep,19-Sep,20-Sep,21-Sep,0,7,0
Nashik,Nashik,Nashik,Sinnar,Sinnar,20019176,Retro. Bargaonpimpri & 6 VRWSS  Tal Sinnar,Pat Pimpri,4002,2,0.00,0.00,0.00,0.00,0.00,0.00,0.00,0.00,0.00,0.01,0.00,0.00,0.00,0.00,15-Sep,16-Sep,17-Sep,18-Sep,19-Sep,20-Sep,21-Sep,15-Sep,16-Sep,17-Sep,18-Sep,19-Sep,20-Sep,21-Sep,6,7,0
Nashik,Ahmednagar,Ahmednagar,Ahmednagar,Nagar,20046296,Burhannagar & 45 Villages Retro RRWSS,Pimpalgaon Malvi,6581,5,1.19,1.19,1.17,1.30,1.22,1.22,1.18,18.03,18.13,17.71,19.70,18.60,18.60,17.86,15-Sep,16-Sep,17-Sep,18-Sep,19-Sep,20-Sep,21-Sep,15-Sep,16-Sep,17-Sep,18-Sep,19-Sep,20-Sep,21-Sep,0,7,0
Nashik,Jalgaon,Jalgaon,Erandol,Jamner,20025401,Pahur Peth& Pahur Kasbe 2 Villages WSS Tal Jamner,Kharchane,615,1,1.13,1.30,0.76,2.25,1.05,3.11,1.06,183.85,210.97,123.72,366.41,170.67,505.85,172.63,15-Sep,16-Sep,17-Sep,18-Sep,19-Sep,20-Sep,21-Sep,15-Sep,16-Sep,17-Sep,18-Sep,19-Sep,20-Sep,21-Sep,0,0,7
Nashik,Nashik,Nashik,Malegaon,Nandgaon,20037448,"78 villages in Nandgaon, Malegaon and Deola talukas",Pimparkhed,2655,1,0.00,0.00,0.97,0.62,0.79,0.00,0.64,0.00,0.00,36.36,23.29,29.74,0.00,24.25,15-Sep,16-Sep,17-Sep,18-Sep,19-Sep,20-Sep,21-Sep,15-Sep,16-Sep,17-Sep,18-Sep,19-Sep,20-Sep,21-Sep,3,7,0
Nashik,Nashik,Nashik,Nashik,Trambakeshwar,20017222,Waghera & 14 RRWSS Tal Trambakeshwar,Welunj,3013,2,0.00,0.00,0.00,0.31,0.47,0.47,0.45,0.00,0.00,0.00,10.31,15.60,15.48,15.09,15-Sep,16-Sep,17-Sep,18-Sep,19-Sep,20-Sep,21-Sep,15-Sep,16-Sep,17-Sep,18-Sep,19-Sep,20-Sep,21-Sep,3,7,0
Nashik,Nashik,Nashik,Manmad,Yeola,20030798,Retrofitting To Yeola 38 Villages,Visapur,1938,1,0.05,1.00,0.00,0.00,0.00,0.00,0.18,2.58,51.53,0.09,0.00,0.00,0.00,9.51,15-Sep,16-Sep,17-Sep,18-Sep,19-Sep,20-Sep,21-Sep,15-Sep,16-Sep,17-Sep,18-Sep,19-Sep,20-Sep,21-Sep,3,7,0
Nashik,Nashik,W M Nashik,W.M.Nashik,Dindori,20039676,Mulane & 3Villages RRWSS Tal. Dindori,Mulane,1003,1,0.00,0.00,0.00,0.00,0.00,0.00,0.00,0.00,0.00,0.00,0.00,0.01,0.00,0.00,15-Sep,16-Sep,17-Sep,18-Sep,19-Sep,20-Sep,21-Sep,15-Sep,16-Sep,17-Sep,18-Sep,19-Sep,20-Sep,21-Sep,6,7,0
Nashik,Nashik,W M Nashik,Malegaon,Malegaon,20018682,Dhahiwal &25 Villages WSS Tal Malegaon,Hiswal,2038,1,0.04,3.17,1.91,0.15,0.00,0.00,0.00,1.79,155.64,93.58,7.56,0.00,0.00,0.00,15-Sep,16-Sep,17-Sep,18-Sep,19-Sep,20-Sep,21-Sep,15-Sep,16-Sep,17-Sep,18-Sep,19-Sep,20-Sep,21-Sep,3,5,2
Nashik,Nashik,Nashik,Malegaon,Nandgaon,20037448,"78 villages in Nandgaon, Malegaon and Deola talukas",Varhane,2285,3,0.00,0.46,0.80,0.00,0.00,0.81,0.76,0.00,20.32,34.89,0.00,0.00,35.50,33.10,15-Sep,16-Sep,17-Sep,18-Sep,19-Sep,20-Sep,21-Sep,15-Sep,16-Sep,17-Sep,18-Sep,19-Sep,20-Sep,21-Sep,3,7,0
Nashik,Ahmednagar,Sangamner,Sangamner,Sangamner,7937337,"Retro.Nimon and 4 villages, Tal. Sangamner",Palaskhede,3954,2,0.00,0.00,0.00,0.00,0.00,0.00,0.00,0.00,0.00,0.00,0.00,0.00,0.00,0.00,15-Sep,16-Sep,17-Sep,18-Sep,19-Sep,20-Sep,21-Sep,15-Sep,16-Sep,17-Sep,18-Sep,19-Sep,20-Sep,21-Sep,7,7,0
Nashik,Nashik,Nashik,Manmad,Nifad,456654,"Retro. Lasalgaon Vinchur 16 Villages, Tal. Nifad",Subhash Nagar,1532,1,0.00,0.13,0.18,0.00,0.00,0.31,0.02,0.00,8.74,11.46,0.00,0.01,20.05,1.09,15-Sep,16-Sep,17-Sep,18-Sep,19-Sep,20-Sep,21-Sep,15-Sep,16-Sep,17-Sep,18-Sep,19-Sep,20-Sep,21-Sep,2,7,0
Nashik,Nashik,W M Nashik,Malegaon,Chandwad,20086730,Retro.Chandwad and WSS 44 villages. Ta. Chandwad,Nhanave,1019,1,0.08,0.00,0.02,0.00,0.71,0.09,0.00,7.62,0.00,2.32,0.00,69.28,8.80,0.00,15-Sep,16-Sep,17-Sep,18-Sep,19-Sep,20-Sep,21-Sep,15-Sep,16-Sep,17-Sep,18-Sep,19-Sep,20-Sep,21-Sep,3,6,1
Nashik,Nashik,W M Nashik,Malegaon,Chandwad,20086730,Retro.Chandwad and WSS 44 villages. Ta. Chandwad,Sutarkhede,1742,1,0.00,0.10,0.00,0.84,0.00,0.00,0.70,0.00,5.55,0.00,48.27,0.00,0.00,40.27,15-Sep,16-Sep,17-Sep,18-Sep,19-Sep,20-Sep,21-Sep,15-Sep,16-Sep,17-Sep,18-Sep,19-Sep,20-Sep,21-Sep,4,7,0
Nashik,Ahmednagar,Ahmednagar,Shreerampur,Rahuri,20041657,Warvandi and others 10 villages. Tal.Rahuri,Babhulgaon,2839,2,0.00,4.50,2.35,4.10,2.49,4.25,2.50,0.00,158.41,82.70,144.57,87.60,149.70,87.99,15-Sep,16-Sep,17-Sep,18-Sep,19-Sep,20-Sep,21-Sep,15-Sep,16-Sep,17-Sep,18-Sep,19-Sep,20-Sep,21-Sep,1,1,6
Nashik,Ahmednagar,Ahmednagar,Newasa,shevgaon,20028535,"Amarapur and Mali Babhulgaon 49 villages, Tal. Pathardi",Sultanpur,1010,1,0.73,0.00,1.56,0.00,0.67,0.00,1.50,72.59,0.00,154.42,0.00,66.24,0.00,148.34,15-Sep,16-Sep,17-Sep,18-Sep,19-Sep,20-Sep,21-Sep,15-Sep,16-Sep,17-Sep,18-Sep,19-Sep,20-Sep,21-Sep,3,3,4
Nashik,Ahmednagar,Ahmednagar,Ahmednagar,Nagar,20046296,Burhannagar & 45 Villages Retro RRWSS,Burhannagar,9485,4,2.80,1.27,0.02,0.92,11.64,10.56,10.64,29.48,13.37,0.24,9.74,122.74,111.28,112.14,15-Sep,16-Sep,17-Sep,18-Sep,19-Sep,20-Sep,21-Sep,15-Sep,16-Sep,17-Sep,18-Sep,19-Sep,20-Sep,21-Sep,0,4,3
Nashik,Ahmednagar,Ahmednagar,Ahmednagar,Nagar,20046349,Retro Ghospuri & 16 Villages RRWSS Tal- Nagar,Deualgaon Siddhi,4433,3,0.00,0.00,0.00,1.60,0.40,0.52,1.26,0.00,0.00,0.00,36.16,8.96,11.64,28.43,15-Sep,16-Sep,17-Sep,18-Sep,19-Sep,20-Sep,21-Sep,15-Sep,16-Sep,17-Sep,18-Sep,19-Sep,20-Sep,21-Sep,3,7,0
Nashik,Nashik,Nashik,Sinnar,Sinnar,20019176,Retro. Bargaonpimpri & 6 VRWSS  Tal Sinnar,Sunderpur,2212,2,1.15,0.00,0.00,0.00,0.00,0.00,0.00,52.05,0.00,0.00,0.00,0.00,0.00,0.00,15-Sep,16-Sep,17-Sep,18-Sep,19-Sep,20-Sep,21-Sep,15-Sep,16-Sep,17-Sep,18-Sep,19-Sep,20-Sep,21-Sep,6,7,0
Nashik,Ahmednagar,Ahmednagar,Newasa,shevgaon,20028535,"Amarapur and Mali Babhulgaon 49 villages, Tal. Pathardi",Wadgaon,1219,2,0.00,0.07,0.22,0.00,0.14,0.03,0.22,0.00,5.66,17.65,0.24,11.70,2.60,17.70,15-Sep,16-Sep,17-Sep,18-Sep,19-Sep,20-Sep,21-Sep,15-Sep,16-Sep,17-Sep,18-Sep,19-Sep,20-Sep,21-Sep,1,7,0
Nashik,Ahmednagar,Ahmednagar,Newasa,shevgaon,20028535,"Amarapur and Mali Babhulgaon 49 villages, Tal. Pathardi",Lolegaon,835,1,0.00,0.00,0.00,0.00,0.00,0.00,0.00,0.00,0.02,0.01,0.02,0.05,0.02,0.05,15-Sep,16-Sep,17-Sep,18-Sep,19-Sep,20-Sep,21-Sep,15-Sep,16-Sep,17-Sep,18-Sep,19-Sep,20-Sep,21-Sep,1,7,0
Nashik,Nashik,Nashik,Manmad,Yeola,20040090,"Dhulgaon and 17 villages, Tal. Yeola",Shirsagaon Lauki,1890,2,0.00,0.00,0.71,0.00,0.61,1.13,0.90,0.00,0.00,0.00,0.00,0.00,0.00,0.00,15-Sep,16-Sep,17-Sep,18-Sep,19-Sep,20-Sep,21-Sep,15-Sep,16-Sep,17-Sep,18-Sep,19-Sep,20-Sep,21-Sep,7,7,0
Nashik,Ahmednagar,Ahmednagar,Newasa,Nevasa,5348540,"Retro.Sonai Karjgaon and 16 villages, Tal. Nevasa",GOMALWADI,1061,2,1.62,1.45,1.35,1.44,1.32,1.41,1.03,153.15,136.43,127.05,136.16,124.22,133.21,96.85,15-Sep,16-Sep,17-Sep,18-Sep,19-Sep,20-Sep,21-Sep,15-Sep,16-Sep,17-Sep,18-Sep,19-Sep,20-Sep,21-Sep,0,0,7
Nashik,Ahmednagar,Ahmednagar,Shreerampur,Rahuri,20015193,New Bramhani & 6 Villages RRWSS Tal- Rahuri,Bramhani,9616,4,0.00,0.00,0.00,0.00,0.00,0.00,0.00,0.00,0.00,0.00,0.00,0.00,0.00,0.00,15-Sep,16-Sep,17-Sep,18-Sep,19-Sep,20-Sep,21-Sep,15-Sep,16-Sep,17-Sep,18-Sep,19-Sep,20-Sep,21-Sep,7,7,0
Nashik,Nashik,W M Nashik,Malegaon,Chandwad,20086730,Retro.Chandwad and WSS 44 villages. Ta. Chandwad,Vitave,1920,1,0.43,0.01,0.44,0.73,0.17,0.02,0.76,22.56,0.71,22.81,37.77,8.69,1.08,39.55,15-Sep,16-Sep,17-Sep,18-Sep,19-Sep,20-Sep,21-Sep,15-Sep,16-Sep,17-Sep,18-Sep,19-Sep,20-Sep,21-Sep,0,7,0
Nagpur,Nagpur,Chandrapur,Mul,Mul,7890965,Mul Grid & 24 Villages  RR WSS Retrofitting,Haldi Gaonganna,1238,1,0.29,1.11,0.29,0.94,0.88,0.72,0.86,23.12,89.49,23.44,75.73,71.26,57.77,69.23,15-Sep,16-Sep,17-Sep,18-Sep,19-Sep,20-Sep,21-Sep,15-Sep,16-Sep,17-Sep,18-Sep,19-Sep,20-Sep,21-Sep,0,2,5
Nagpur,Chandrapur,Chandrapur,Chandrapur,Chandrapur,20050368,Chinchala and 7 Villages RR Water Supply Scheme,Vendli,936,2,0.00,0.00,0.00,0.00,0.00,0.00,0.00,0.00,0.00,0.00,0.00,0.00,0.00,0.00,15-Sep,16-Sep,17-Sep,18-Sep,19-Sep,20-Sep,21-Sep,15-Sep,16-Sep,17-Sep,18-Sep,19-Sep,20-Sep,21-Sep,7,7,0
Nagpur,Chandrapur,Chandrapur,Pombhurna,Pombhurna,7928270,Pomnbhurna Grid & 15 Villages RR Retrofitting,Chak Hattibodi,544,1,0.00,3.55,3.38,3.38,2.57,0.00,0.00,0.00,652.57,621.32,621.32,472.43,0.00,0.00,15-Sep,16-Sep,17-Sep,18-Sep,19-Sep,20-Sep,21-Sep,15-Sep,16-Sep,17-Sep,18-Sep,19-Sep,20-Sep,21-Sep,3,3,4
Nagpur,Nagpur,Gondia,Gondia,Goregaon,20019216,GOREGAON RR Retrofitting,Goregaon,8766,3,2.49,2.03,1.90,2.31,2.75,2.62,2.10,28.36,23.19,21.68,26.40,31.40,29.84,23.93,15-Sep,16-Sep,17-Sep,18-Sep,19-Sep,20-Sep,21-Sep,15-Sep,16-Sep,17-Sep,18-Sep,19-Sep,20-Sep,21-Sep,0,7,0
Nagpur,Nagpur,Chandrapur,Chandrapur,Chimur,20036536,Bothali & 7 Village RR WSS,Rajoli Fall,824,1,0.00,0.00,0.00,0.00,0.00,0.00,0.00,0.00,0.00,0.00,0.00,0.00,0.00,0.00,15-Sep,16-Sep,17-Sep,18-Sep,19-Sep,20-Sep,21-Sep,15-Sep,16-Sep,17-Sep,18-Sep,19-Sep,20-Sep,21-Sep,7,7,0
Nagpur,Nagpur,Nagpur,Chandrapur,Saoali,20036500,Vyahad & 2 Village RR WSS,Kondekhal,556,2,0.00,0.00,0.00,0.00,0.00,0.00,0.00,0.00,0.00,0.00,0.00,0.00,0.00,0.00,15-Sep,16-Sep,17-Sep,18-Sep,19-Sep,20-Sep,21-Sep,15-Sep,16-Sep,17-Sep,18-Sep,19-Sep,20-Sep,21-Sep,7,7,0
Nagpur,Nagpur,Gondia,Sadak Arjuni,Sadak Arjuni,20016939,Putali RR WSS Retrofitting,Rengepar,1581,1,0.00,0.00,0.00,0.00,0.00,0.04,0.00,0.00,0.00,0.00,0.00,0.00,2.53,0.00,15-Sep,16-Sep,17-Sep,18-Sep,19-Sep,20-Sep,21-Sep,15-Sep,16-Sep,17-Sep,18-Sep,19-Sep,20-Sep,21-Sep,6,7,0
Nagpur,Chandrapur,Chandrapur,Pombhurna,Pombhurna,7928270,Pomnbhurna Grid & 15 Villages RR Retrofitting,Welwa,1548,2,0.00,0.00,0.00,0.00,0.00,0.00,0.00,0.00,0.00,0.00,0.00,0.00,0.00,0.00,15-Sep,16-Sep,17-Sep,18-Sep,19-Sep,20-Sep,21-Sep,15-Sep,16-Sep,17-Sep,18-Sep,19-Sep,20-Sep,21-Sep,7,7,0
Nagpur,Nagpur,Chandrapur,Mul,Mul,7890965,Mul Grid & 24 Villages  RR WSS Retrofitting,Chimadha,1589,1,0.00,0.00,0.00,0.00,0.00,0.00,0.00,0.00,0.00,0.00,0.00,0.00,0.00,0.00,15-Sep,16-Sep,17-Sep,18-Sep,19-Sep,20-Sep,21-Sep,15-Sep,16-Sep,17-Sep,18-Sep,19-Sep,20-Sep,21-Sep,7,7,0
Nagpur,Chandrapur,Wardha,Wardha,Hinganghat,20027837,Allipur & 6 Village RRWSS,Allipur,75080,3,1.93,1.29,1.99,1.04,1.63,0.96,1.88,2.57,1.72,2.65,1.39,2.17,1.28,2.50,15-Sep,16-Sep,17-Sep,18-Sep,19-Sep,20-Sep,21-Sep,15-Sep,16-Sep,17-Sep,18-Sep,19-Sep,20-Sep,21-Sep,0,7,0
Nagpur,Nagpur,Chandrapur,Mul,Mul,7890965,Mul Grid & 24 Villages  RR WSS Retrofitting,Rajgad,1638,1,0.99,0.82,1.16,0.81,1.49,0.95,0.94,60.50,49.83,70.97,49.32,90.93,57.97,57.42,15-Sep,16-Sep,17-Sep,18-Sep,19-Sep,20-Sep,21-Sep,15-Sep,16-Sep,17-Sep,18-Sep,19-Sep,20-Sep,21-Sep,0,2,5
Nagpur,Nagpur,Chandrapur,Wardha,Wardha,7891298,Pipri Meghe and 13 villages RR WSS,Karla,2332,1,0.00,0.31,0.00,0.00,3.29,0.15,0.00,0.00,13.40,0.00,0.00,140.90,6.48,0.00,15-Sep,16-Sep,17-Sep,18-Sep,19-Sep,20-Sep,21-Sep,15-Sep,16-Sep,17-Sep,18-Sep,19-Sep,20-Sep,21-Sep,4,6,1
Nagpur,Nagpur,Chandrapur,Wardha,Wardha,7891298,Pipri Meghe and 13 villages RR WSS,Sawangi Meghe T-Point,16556,1,411.17,435.90,443.79,622.84,604.39,59.61,530.68,2483.51,2632.88,2680.53,3761.99,3650.60,360.05,3205.39,15-Sep,16-Sep,17-Sep,18-Sep,19-Sep,20-Sep,21-Sep,15-Sep,16-Sep,17-Sep,18-Sep,19-Sep,20-Sep,21-Sep,0,0,7
Nagpur,Nagpur,Gondia,Bhandara,Sakoli,631335,Ghanod RR Retrofitting,Ghanod,2280,2,0.00,0.00,0.00,0.00,0.00,0.00,0.00,0.00,0.00,0.00,0.00,0.00,0.00,0.00,15-Sep,16-Sep,17-Sep,18-Sep,19-Sep,20-Sep,21-Sep,15-Sep,16-Sep,17-Sep,18-Sep,19-Sep,20-Sep,21-Sep,7,7,0
Nagpur,Chandrapur,Wardha,Wardha,Hinganghat,20027837,Allipur & 6 Village RRWSS,Pavni,168,2,7.59,6.26,13.41,9.48,8.88,7.32,8.68,4520.43,3726.19,7983.50,5640.93,5288.05,4355.27,5164.94,15-Sep,16-Sep,17-Sep,18-Sep,19-Sep,20-Sep,21-Sep,15-Sep,16-Sep,17-Sep,18-Sep,19-Sep,20-Sep,21-Sep,0,0,7
Nagpur,Chandrapur,Chandrapur,Pombhurna,Pombhurna,7928270,Pomnbhurna Grid & 15 Villages RR Retrofitting,Chak Navegaon,440,1,0.00,0.00,0.00,0.00,0.00,0.00,0.00,0.00,0.00,0.00,0.00,0.00,0.00,0.00,15-Sep,16-Sep,17-Sep,18-Sep,19-Sep,20-Sep,21-Sep,15-Sep,16-Sep,17-Sep,18-Sep,19-Sep,20-Sep,21-Sep,7,7,0
Nagpur,Nagpur,Chandrapur,Mul,Mul,7890965,Mul Grid & 24 Villages  RR WSS Retrofitting,Maroda,4360,1,0.00,0.00,0.00,0.00,0.00,0.00,0.00,0.00,0.00,0.00,0.00,0.00,0.00,0.00,15-Sep,16-Sep,17-Sep,18-Sep,19-Sep,20-Sep,21-Sep,15-Sep,16-Sep,17-Sep,18-Sep,19-Sep,20-Sep,21-Sep,7,7,0
Nagpur,Nagpur,Gondia,Sakoli,Sakoli-Lakhani,20022100,Sakoli Lakhani RR Retrofitting,Sawari,4078,2,2.29,2.35,2.29,2.32,2.55,0.00,0.00,56.15,57.63,56.15,56.89,62.53,0.00,0.00,15-Sep,16-Sep,17-Sep,18-Sep,19-Sep,20-Sep,21-Sep,15-Sep,16-Sep,17-Sep,18-Sep,19-Sep,20-Sep,21-Sep,2,2,5
Nagpur,Nagpur,Gondia,Sakoli,Sakoli-Lakhani,20022100,Sakoli Lakhani RR Retrofitting,Gadegaon,3072,2,3.01,3.90,4.03,3.74,3.38,3.39,3.40,98.11,126.92,131.19,121.64,110.03,110.35,110.68,15-Sep,16-Sep,17-Sep,18-Sep,19-Sep,20-Sep,21-Sep,15-Sep,16-Sep,17-Sep,18-Sep,19-Sep,20-Sep,21-Sep,0,0,7
Nagpur,Nagpur,Chandrapur,Wardha,Wardha,7891298,Pipri Meghe and 13 villages RR WSS,Masala,548,1,0.00,0.00,0.00,0.00,0.00,0.00,29.04,0.00,0.00,0.00,0.00,0.00,0.00,5299.27,15-Sep,16-Sep,17-Sep,18-Sep,19-Sep,20-Sep,21-Sep,15-Sep,16-Sep,17-Sep,18-Sep,19-Sep,20-Sep,21-Sep,6,6,1
Nagpur,Nagpur,Gondia,Deori,Deori,20017028,Chichgad Palandur RR Retrofitting,Singamdoh,700,1,0.00,0.00,0.00,0.00,0.00,0.00,0.00,0.00,0.00,0.00,0.00,0.00,0.00,0.00,15-Sep,16-Sep,17-Sep,18-Sep,19-Sep,20-Sep,21-Sep,15-Sep,16-Sep,17-Sep,18-Sep,19-Sep,20-Sep,21-Sep,7,7,0
Nagpur,Nagpur,Chandrapur,Chandrapur,Chimur,20036536,Bothali & 7 Village RR WSS,Bothali,2250,1,0.00,0.00,0.00,0.00,0.00,0.00,0.00,0.00,0.00,0.00,0.00,0.00,0.00,0.00,15-Sep,16-Sep,17-Sep,18-Sep,19-Sep,20-Sep,21-Sep,15-Sep,16-Sep,17-Sep,18-Sep,19-Sep,20-Sep,21-Sep,7,7,0
Nagpur,Nagpur,Nagpur,Chandrapur,Saoali,20036500,Vyahad & 2 Village RR WSS,Vyahad(BK),4572,1,0.00,0.00,0.00,0.00,0.00,0.00,0.00,0.00,0.00,0.00,0.00,0.00,0.00,0.00,15-Sep,16-Sep,17-Sep,18-Sep,19-Sep,20-Sep,21-Sep,15-Sep,16-Sep,17-Sep,18-Sep,19-Sep,20-Sep,21-Sep,7,7,0
Nagpur,Chandrapur,Chandrapur,Chandrapur,Chandrapur,20050368,Chinchala and 7 Villages RR Water Supply Scheme,Pipari,888,2,0.00,0.00,0.00,0.00,0.00,0.00,0.00,0.00,0.00,0.00,0.00,0.00,0.00,0.00,15-Sep,16-Sep,17-Sep,18-Sep,19-Sep,20-Sep,21-Sep,15-Sep,16-Sep,17-Sep,18-Sep,19-Sep,20-Sep,21-Sep,7,7,0
Nagpur,Chandrapur,Chandrapur,Pombhurna,Pombhurna,7928270,Pomnbhurna Grid & 15 Villages RR Retrofitting,Dewada Kh.,4792,2,2.13,1.48,1.51,1.82,2.19,0.33,0.00,44.45,30.93,31.47,37.97,45.79,6.98,0.00,15-Sep,16-Sep,17-Sep,18-Sep,19-Sep,20-Sep,21-Sep,15-Sep,16-Sep,17-Sep,18-Sep,19-Sep,20-Sep,21-Sep,1,7,0
Nagpur,Chandrapur,Chandrapur,Ballarpur,Ballarpur,7890972,Ballarpur Grid 18 villages RR WSS Retrofitting,Kem Tukam,231,1,0.00,0.00,0.00,13.52,0.00,0.00,15.22,0.00,0.00,0.00,5852.81,0.00,0.00,6588.74,15-Sep,16-Sep,17-Sep,18-Sep,19-Sep,20-Sep,21-Sep,15-Sep,16-Sep,17-Sep,18-Sep,19-Sep,20-Sep,21-Sep,5,5,2
Nagpur,Nagpur,Gondia,Bhandara,Tumsar,631010,Gobarwahi RR Retrofitting,Pitesur,1994,1,0.00,0.00,0.00,0.00,0.00,0.00,0.00,0.00,0.00,0.00,0.00,0.00,0.00,0.00,15-Sep,16-Sep,17-Sep,18-Sep,19-Sep,20-Sep,21-Sep,15-Sep,16-Sep,17-Sep,18-Sep,19-Sep,20-Sep,21-Sep,7,7,0
Nagpur,Chandrapur,Chandrapur,Gadchiroli,Korpana,20050391,Nimani & 5 Villages RR Water Supply Scheme,Kawathala,2098,2,0.00,0.00,0.00,0.00,0.00,0.00,0.00,0.00,0.00,0.00,0.00,0.00,0.00,0.00,15-Sep,16-Sep,17-Sep,18-Sep,19-Sep,20-Sep,21-Sep,15-Sep,16-Sep,17-Sep,18-Sep,19-Sep,20-Sep,21-Sep,7,7,0
Nagpur,Nagpur,Gondia,Gondia,Goregaon,20019216,GOREGAON RR Retrofitting,Mengatola,1000,1,0.15,0.04,0.00,0.00,0.00,0.00,0.00,15.43,4.07,0.00,0.00,0.00,0.00,0.00,15-Sep,16-Sep,17-Sep,18-Sep,19-Sep,20-Sep,21-Sep,15-Sep,16-Sep,17-Sep,18-Sep,19-Sep,20-Sep,21-Sep,5,7,0
Nagpur,Nagpur,Chandrapur,Mul,Mul,7890965,Mul Grid & 24 Villages  RR WSS Retrofitting,Tolewahi,542,1,0.00,0.00,0.03,0.03,0.04,0.00,0.00,0.00,0.00,4.70,4.94,7.34,0.00,0.00,15-Sep,16-Sep,17-Sep,18-Sep,19-Sep,20-Sep,21-Sep,15-Sep,16-Sep,17-Sep,18-Sep,19-Sep,20-Sep,21-Sep,4,7,0
Nagpur,Nagpur,Chandrapur,Mul,Mul,7890965,Mul Grid & 24 Villages  RR WSS Retrofitting,Karwan,470,1,0.59,0.44,0.33,0.43,1.16,0.51,0.44,126.23,94.06,69.19,90.73,247.47,108.46,93.84,15-Sep,16-Sep,17-Sep,18-Sep,19-Sep,20-Sep,21-Sep,15-Sep,16-Sep,17-Sep,18-Sep,19-Sep,20-Sep,21-Sep,0,0,7
Nagpur,Nagpur,Chandrapur,Wardha,Wardha,7891298,Pipri Meghe and 13 villages RR WSS,Waigaon,8896,3,0.00,0.01,0.38,0.71,0.26,0.03,0.00,0.00,0.06,4.28,7.96,2.92,0.30,0.01,15-Sep,16-Sep,17-Sep,18-Sep,19-Sep,20-Sep,21-Sep,15-Sep,16-Sep,17-Sep,18-Sep,19-Sep,20-Sep,21-Sep,1,7,0
Nagpur,Nagpur,Chandrapur,Wardha,Wardha,7891298,Pipri Meghe and 13 villages RR WSS,Varud,616,1,0.00,0.00,0.00,0.00,1.57,0.00,0.00,0.00,0.00,0.00,0.00,255.07,0.19,0.00,15-Sep,16-Sep,17-Sep,18-Sep,19-Sep,20-Sep,21-Sep,15-Sep,16-Sep,17-Sep,18-Sep,19-Sep,20-Sep,21-Sep,5,6,1
Nagpur,Chandrapur,Wardha,Wardha,Hinganghat,20027837,Allipur & 6 Village RRWSS,Alamdoh,856,2,0.54,0.54,0.62,0.38,0.43,0.38,0.75,62.63,63.46,72.54,44.58,50.46,44.06,87.33,15-Sep,16-Sep,17-Sep,18-Sep,19-Sep,20-Sep,21-Sep,15-Sep,16-Sep,17-Sep,18-Sep,19-Sep,20-Sep,21-Sep,0,3,4
Nagpur,Nagpur,Gondia,Sakoli,Sakoli-Lakhani,20022100,Sakoli Lakhani RR Retrofitting,Lakhori,2751,1,1.28,1.38,1.31,1.27,1.28,1.36,1.54,46.53,50.16,47.62,46.17,46.53,49.44,55.98,15-Sep,16-Sep,17-Sep,18-Sep,19-Sep,20-Sep,21-Sep,15-Sep,16-Sep,17-Sep,18-Sep,19-Sep,20-Sep,21-Sep,0,6,1
Nagpur,Nagpur,Chandrapur,Chandrapur,Mul,20036862,Bor Chandli 5 Village RR WSS,Pipari (Dixit),1207,1,0.00,0.00,0.00,0.00,0.00,0.00,0.00,0.00,0.00,0.00,0.00,0.00,0.00,0.00,15-Sep,16-Sep,17-Sep,18-Sep,19-Sep,20-Sep,21-Sep,15-Sep,16-Sep,17-Sep,18-Sep,19-Sep,20-Sep,21-Sep,7,7,0
Nagpur,Nagpur,Gondia,Bhandara,Tumsar,20017217,Dewadi RR WSS,Stationtoli,1320,1,0.00,0.00,0.00,0.00,0.00,0.00,0.00,0.00,0.00,0.00,0.00,0.00,0.00,0.00,15-Sep,16-Sep,17-Sep,18-Sep,19-Sep,20-Sep,21-Sep,15-Sep,16-Sep,17-Sep,18-Sep,19-Sep,20-Sep,21-Sep,7,7,0
Nagpur,Nagpur,Gondia,Gondia,Gondia,2003645,Kudwa-Katangikala Peri Urban RR,Kudwa,20000,3,0.00,0.00,0.00,0.93,0.00,0.00,0.00,0.00,0.00,0.00,4.65,0.00,0.00,0.00,15-Sep,16-Sep,17-Sep,18-Sep,19-Sep,20-Sep,21-Sep,15-Sep,16-Sep,17-Sep,18-Sep,19-Sep,20-Sep,21-Sep,6,7,0
Nagpur,Nagpur,Gondia,Sadak Arjuni,Sadak Arjuni,20016939,Putali RR WSS Retrofitting,Kanharpayli,1487,1,0.00,0.00,0.00,0.00,0.00,0.00,0.00,0.00,0.00,0.00,0.00,0.00,0.00,0.00,15-Sep,16-Sep,17-Sep,18-Sep,19-Sep,20-Sep,21-Sep,15-Sep,16-Sep,17-Sep,18-Sep,19-Sep,20-Sep,21-Sep,7,7,0
Nagpur,Nagpur,Chandrapur,Mul,Mul,7890965,Mul Grid & 24 Villages  RR WSS Retrofitting,Akapur,537,1,0.00,0.00,0.00,0.00,0.00,0.00,0.00,0.00,0.00,0.00,0.00,0.00,0.00,0.00,15-Sep,16-Sep,17-Sep,18-Sep,19-Sep,20-Sep,21-Sep,15-Sep,16-Sep,17-Sep,18-Sep,19-Sep,20-Sep,21-Sep,7,7,0
Nagpur,Chandrapur,Wardha,Wardha,Wardha,20010215,Sewagram & 5 Villages RRWSS,Sewagram (Zone 3),6792,1,0.01,100.51,222.78,209.12,252.45,217.50,269.49,0.08,1479.83,3280.04,3078.92,3716.87,3202.30,3967.76,15-Sep,16-Sep,17-Sep,18-Sep,19-Sep,20-Sep,21-Sep,15-Sep,16-Sep,17-Sep,18-Sep,19-Sep,20-Sep,21-Sep,0,1,6
Nagpur,Chandrapur,Wardha,Wardha,Wardha,20010215,Sewagram & 5 Villages RRWSS,Barbadi,7000,2,17.93,4.64,6.05,6.30,4.88,4.79,5.17,256.17,66.29,86.43,90.00,69.71,68.43,73.86,15-Sep,16-Sep,17-Sep,18-Sep,19-Sep,20-Sep,21-Sep,15-Sep,16-Sep,17-Sep,18-Sep,19-Sep,20-Sep,21-Sep,0,0,7
Nagpur,Nagpur,Chandrapur,Chandrapur,Chimur,20036536,Bothali & 7 Village RR WSS,Rajoli Chak,377,1,0.00,0.00,0.00,0.00,0.00,0.00,0.00,0.00,0.00,0.00,0.00,0.00,0.00,0.00,15-Sep,16-Sep,17-Sep,18-Sep,19-Sep,20-Sep,21-Sep,15-Sep,16-Sep,17-Sep,18-Sep,19-Sep,20-Sep,21-Sep,7,7,0
Nagpur,Chandrapur,Chandrapur,Pombhurna,Pombhurna,7928270,Pomnbhurna Grid & 15 Villages RR Retrofitting,Futan,2204,1,0.00,0.00,0.00,0.00,0.00,0.00,0.00,0.00,0.00,0.00,0.00,0.00,0.00,0.00,15-Sep,16-Sep,17-Sep,18-Sep,19-Sep,20-Sep,21-Sep,15-Sep,16-Sep,17-Sep,18-Sep,19-Sep,20-Sep,21-Sep,7,7,0
Nagpur,Chandrapur,Wardha,Wardha,Wardha,20010215,Sewagram & 5 Villages RRWSS,Bhugaon,2400,2,1.52,3.02,14.14,1.66,1.45,2.14,19.70,63.33,125.83,589.34,69.17,60.42,89.17,820.83,15-Sep,16-Sep,17-Sep,18-Sep,19-Sep,20-Sep,21-Sep,15-Sep,16-Sep,17-Sep,18-Sep,19-Sep,20-Sep,21-Sep,0,0,7
Nagpur,Nagpur,Chandrapur,Mul,Mul,7890965,Mul Grid & 24 Villages  RR WSS Retrofitting,Churul Tukum,402,1,0.00,0.05,0.06,0.05,0.06,0.05,0.04,0.22,12.75,15.05,12.62,14.53,12.72,10.14,15-Sep,16-Sep,17-Sep,18-Sep,19-Sep,20-Sep,21-Sep,15-Sep,16-Sep,17-Sep,18-Sep,19-Sep,20-Sep,21-Sep,0,7,0
Nagpur,Chandrapur,Wardha,Wardha,Wardha,20010215,Sewagram & 5 Villages RRWSS,Chitoda,2400,2,1.16,1.40,1.37,1.48,1.47,1.72,1.24,48.33,58.33,57.08,61.67,61.25,71.67,51.67,15-Sep,16-Sep,17-Sep,18-Sep,19-Sep,20-Sep,21-Sep,15-Sep,16-Sep,17-Sep,18-Sep,19-Sep,20-Sep,21-Sep,0,2,5
Nagpur,Nagpur,Nagpur,Nagpur,Kamptee,7940695,Bidgaon Tarodi wss,Bidgaon,16860,2,7.29,0.00,2.72,12.53,13.90,8.27,17.67,43.24,0.00,16.13,74.32,82.44,49.05,104.80,15-Sep,16-Sep,17-Sep,18-Sep,19-Sep,20-Sep,21-Sep,15-Sep,16-Sep,17-Sep,18-Sep,19-Sep,20-Sep,21-Sep,1,4,3
Nagpur,Nagpur,Chandrapur,Wardha,Wardha,7891298,Pipri Meghe and 13 villages RR WSS,Pipri,2696,2,0.00,0.00,0.00,0.00,0.00,0.00,0.00,0.00,0.00,0.00,0.00,0.00,0.00,0.00,15-Sep,16-Sep,17-Sep,18-Sep,19-Sep,20-Sep,21-Sep,15-Sep,16-Sep,17-Sep,18-Sep,19-Sep,20-Sep,21-Sep,7,7,0
Nagpur,Chandrapur,Chandrapur,Pombhurna,Pombhurna,7928270,Pomnbhurna Grid & 15 Villages RR Retrofitting,Chak Kosambi - 1,724,1,0.00,0.00,0.00,0.00,0.00,0.00,0.00,0.00,0.00,0.00,0.00,0.00,0.00,0.00,15-Sep,16-Sep,17-Sep,18-Sep,19-Sep,20-Sep,21-Sep,15-Sep,16-Sep,17-Sep,18-Sep,19-Sep,20-Sep,21-Sep,7,7,0
Nagpur,Chandrapur,Chandrapur,Gadchiroli,Korpana,20050391,Nimani & 5 Villages RR Water Supply Scheme,Bhkhardi,1950,1,0.00,0.00,0.00,0.00,0.00,0.00,0.00,0.00,0.00,0.00,0.00,0.00,0.00,0.00,15-Sep,16-Sep,17-Sep,18-Sep,19-Sep,20-Sep,21-Sep,15-Sep,16-Sep,17-Sep,18-Sep,19-Sep,20-Sep,21-Sep,7,7,0
Nagpur,Nagpur,Chandrapur,Chandrapur,Mul,20036862,Bor Chandli 5 Village RR WSS,Yergaon,2061,1,0.00,0.00,0.00,0.00,0.00,0.00,0.00,0.00,0.00,0.00,0.00,0.00,0.00,0.00,15-Sep,16-Sep,17-Sep,18-Sep,19-Sep,20-Sep,21-Sep,15-Sep,16-Sep,17-Sep,18-Sep,19-Sep,20-Sep,21-Sep,7,7,0
Nagpur,Chandrapur,Chandrapur,Chandrapur,Chandrapur,20050368,Chinchala and 7 Villages RR Water Supply Scheme,Chinchala,240,3,0.00,0.00,0.00,0.23,0.13,0.00,0.00,0.00,0.03,0.00,93.94,52.40,0.00,0.00,15-Sep,16-Sep,17-Sep,18-Sep,19-Sep,20-Sep,21-Sep,15-Sep,16-Sep,17-Sep,18-Sep,19-Sep,20-Sep,21-Sep,4,6,1
Nagpur,Nagpur,Chandrapur,Mul,Mul,7890965,Mul Grid & 24 Villages  RR WSS Retrofitting,Bhawarala,1032,1,0.78,0.51,0.54,0.65,0.61,0.53,0.51,75.66,49.82,52.65,62.66,59.27,51.39,49.33,15-Sep,16-Sep,17-Sep,18-Sep,19-Sep,20-Sep,21-Sep,15-Sep,16-Sep,17-Sep,18-Sep,19-Sep,20-Sep,21-Sep,0,4,3
Nagpur,Nagpur,Chandrapur,Mul,Mul,7890965,Mul Grid & 24 Villages  RR WSS Retrofitting,Fiskuti,2415,2,0.00,0.00,0.00,0.00,0.00,0.00,0.00,0.00,0.00,0.00,0.00,0.00,0.00,0.00,15-Sep,16-Sep,17-Sep,18-Sep,19-Sep,20-Sep,21-Sep,15-Sep,16-Sep,17-Sep,18-Sep,19-Sep,20-Sep,21-Sep,7,7,0
Nagpur,Nagpur,Gondia,Sadak Arjuni,Sadak Arjuni,20016939,Putali RR WSS Retrofitting,Kanharpayli (Salaitola),1584,1,0.00,0.00,0.00,0.00,0.00,0.00,0.00,0.00,0.00,0.00,0.00,0.00,0.00,0.00,15-Sep,16-Sep,17-Sep,18-Sep,19-Sep,20-Sep,21-Sep,15-Sep,16-Sep,17-Sep,18-Sep,19-Sep,20-Sep,21-Sep,7,7,0
Nagpur,Nagpur,Gondia,Bhandara,Tumsar,20017217,Dewadi RR WSS,Dhorwada,1144,1,0.14,0.23,0.15,0.42,0.40,0.44,0.44,11.88,20.43,12.85,36.43,35.37,38.09,38.21,15-Sep,16-Sep,17-Sep,18-Sep,19-Sep,20-Sep,21-Sep,15-Sep,16-Sep,17-Sep,18-Sep,19-Sep,20-Sep,21-Sep,0,7,0
Nagpur,Chandrapur,Chandrapur,Chandrapur,Chandrapur,20050368,Chinchala and 7 Villages RR Water Supply Scheme,Nagala,1356,2,0.00,0.00,0.00,0.00,0.00,0.00,0.00,0.00,0.00,0.00,0.00,0.00,0.00,0.00,15-Sep,16-Sep,17-Sep,18-Sep,19-Sep,20-Sep,21-Sep,15-Sep,16-Sep,17-Sep,18-Sep,19-Sep,20-Sep,21-Sep,7,7,0
Nagpur,Nagpur,Gondia,Gondia,Gondia,2003645,Kudwa-Katangikala Peri Urban RR,Katangikala,6640,2,2.39,0.99,4.35,3.75,2.85,2.91,2.87,35.97,14.89,65.45,56.40,42.92,43.83,43.22,15-Sep,16-Sep,17-Sep,18-Sep,19-Sep,20-Sep,21-Sep,15-Sep,16-Sep,17-Sep,18-Sep,19-Sep,20-Sep,21-Sep,0,5,2
Nagpur,Nagpur,Chandrapur,Chandrapur,Mul,20036862,Bor Chandli 5 Village RR WSS,Chak Bembal,345,1,0.00,0.00,0.00,0.00,0.00,0.00,0.00,0.00,0.00,0.00,0.00,0.00,0.00,0.00,15-Sep,16-Sep,17-Sep,18-Sep,19-Sep,20-Sep,21-Sep,15-Sep,16-Sep,17-Sep,18-Sep,19-Sep,20-Sep,21-Sep,7,7,0
Nagpur,Nagpur,Chandrapur,Gadchiroli,Chamorshi,2009882,Ghot RRWSS,Ghot,8436,2,0.00,0.00,0.00,0.00,0.00,0.00,0.00,0.00,0.00,0.00,0.00,0.00,0.00,0.00,15-Sep,16-Sep,17-Sep,18-Sep,19-Sep,20-Sep,21-Sep,15-Sep,16-Sep,17-Sep,18-Sep,19-Sep,20-Sep,21-Sep,7,7,0
Nagpur,Chandrapur,Wardha,Wardha,Wardha,20010215,Sewagram & 5 Villages RRWSS,Injhapur,2200,2,2.31,2.22,3.11,2.31,3.13,3.44,2.16,104.96,101.11,141.27,105.19,142.29,156.23,98.12,15-Sep,16-Sep,17-Sep,18-Sep,19-Sep,20-Sep,21-Sep,15-Sep,16-Sep,17-Sep,18-Sep,19-Sep,20-Sep,21-Sep,0,0,7
Nagpur,Nagpur,Gondia,Bhandara,Tumsar,631010,Gobarwahi RR Retrofitting,Alesur,2400,2,0.00,0.00,0.00,0.00,0.00,0.00,0.00,0.00,0.00,0.00,0.00,0.00,0.00,0.00,15-Sep,16-Sep,17-Sep,18-Sep,19-Sep,20-Sep,21-Sep,15-Sep,16-Sep,17-Sep,18-Sep,19-Sep,20-Sep,21-Sep,7,7,0
Nagpur,Nagpur,Nagpur,Nagpur,Kamptee,7940695,Bidgaon Tarodi wss,Tarodi Kh.,7830,2,0.08,0.00,0.17,0.21,0.22,0.26,0.28,0.98,0.03,2.13,2.65,2.81,3.30,3.52,15-Sep,16-Sep,17-Sep,18-Sep,19-Sep,20-Sep,21-Sep,15-Sep,16-Sep,17-Sep,18-Sep,19-Sep,20-Sep,21-Sep,0,7,0
Nagpur,Nagpur,Chandrapur,Chandrapur,Chimur,20036536,Bothali & 7 Village RR WSS,Chichbodi,1436,1,0.00,0.00,0.00,0.00,0.00,0.00,0.00,0.00,0.00,0.00,0.00,0.00,0.00,0.00,15-Sep,16-Sep,17-Sep,18-Sep,19-Sep,20-Sep,21-Sep,15-Sep,16-Sep,17-Sep,18-Sep,19-Sep,20-Sep,21-Sep,7,7,0
Nagpur,Chandrapur,Wardha,Wardha,Wardha,20010215,Sewagram & 5 Villages RRWSS,Sewagram (Zone 2),6792,1,2.72,0.35,2.74,2.02,1.44,0.53,0.80,40.05,5.15,40.34,29.74,21.20,7.80,11.78,15-Sep,16-Sep,17-Sep,18-Sep,19-Sep,20-Sep,21-Sep,15-Sep,16-Sep,17-Sep,18-Sep,19-Sep,20-Sep,21-Sep,0,7,0
Nagpur,Nagpur,Chandrapur,Wardha,Wardha,7891298,Pipri Meghe and 13 villages RR WSS,Nalwadi,13540,2,2.80,0.00,0.00,10.87,10.14,0.00,0.00,20.71,0.00,0.00,80.28,74.91,0.00,0.00,15-Sep,16-Sep,17-Sep,18-Sep,19-Sep,20-Sep,21-Sep,15-Sep,16-Sep,17-Sep,18-Sep,19-Sep,20-Sep,21-Sep,4,5,2
Nagpur,Nagpur,Chandrapur,Chandrapur,Chimur,20036536,Bothali & 7 Village RR WSS,Kesarwari,429,1,0.00,0.00,0.00,0.00,0.00,0.00,0.00,0.33,0.23,0.02,0.07,0.05,0.12,0.19,15-Sep,16-Sep,17-Sep,18-Sep,19-Sep,20-Sep,21-Sep,15-Sep,16-Sep,17-Sep,18-Sep,19-Sep,20-Sep,21-Sep,0,7,0
Nagpur,Chandrapur,Wardha,Wardha,Hinganghat,20027837,Allipur & 6 Village RRWSS,Mansaoli,1044,2,1.05,1.05,1.09,1.00,0.98,1.11,1.26,100.57,100.57,104.41,95.79,93.87,106.32,120.69,15-Sep,16-Sep,17-Sep,18-Sep,19-Sep,20-Sep,21-Sep,15-Sep,16-Sep,17-Sep,18-Sep,19-Sep,20-Sep,21-Sep,0,0,7
Nagpur,Nagpur,Chandrapur,Mul,Mul,7890965,Mul Grid & 24 Villages  RR WSS Retrofitting,Agadi,425,1,0.00,0.00,0.00,0.00,0.00,0.00,0.00,0.00,0.00,0.00,0.00,0.00,0.00,0.00,15-Sep,16-Sep,17-Sep,18-Sep,19-Sep,20-Sep,21-Sep,15-Sep,16-Sep,17-Sep,18-Sep,19-Sep,20-Sep,21-Sep,7,7,0
Nagpur,Nagpur,Chandrapur,Mul,Mul,7890965,Mul Grid & 24 Villages  RR WSS Retrofitting,Chak Katwan,247,1,0.00,0.41,0.04,0.00,0.00,0.02,0.00,0.00,166.35,15.90,0.00,0.01,7.79,0.00,15-Sep,16-Sep,17-Sep,18-Sep,19-Sep,20-Sep,21-Sep,15-Sep,16-Sep,17-Sep,18-Sep,19-Sep,20-Sep,21-Sep,3,6,1
Nagpur,Chandrapur,Chandrapur,Gadchiroli,Korpana,20050391,Nimani & 5 Villages RR Water Supply Scheme,Hirapur,1067,1,0.00,0.00,0.00,0.00,0.00,0.00,0.00,0.00,0.00,0.00,0.00,0.00,0.00,0.00,15-Sep,16-Sep,17-Sep,18-Sep,19-Sep,20-Sep,21-Sep,15-Sep,16-Sep,17-Sep,18-Sep,19-Sep,20-Sep,21-Sep,7,7,0
Nagpur,Nagpur,Gondia,Bhandara,Tumsar,631010,Gobarwahi RR Retrofitting,Deonara,648,1,0.00,0.00,0.00,0.00,0.00,0.00,0.00,0.00,0.00,0.00,0.00,0.00,0.00,0.00,15-Sep,16-Sep,17-Sep,18-Sep,19-Sep,20-Sep,21-Sep,15-Sep,16-Sep,17-Sep,18-Sep,19-Sep,20-Sep,21-Sep,7,7,0
Nagpur,Chandrapur,Chandrapur,Gadchiroli,Korpana,20050391,Nimani & 5 Villages RR Water Supply Scheme,Nimni,1583,1,0.00,0.00,0.00,0.00,0.00,0.00,0.00,0.00,0.00,0.00,0.00,0.00,0.00,0.00,15-Sep,16-Sep,17-Sep,18-Sep,19-Sep,20-Sep,21-Sep,15-Sep,16-Sep,17-Sep,18-Sep,19-Sep,20-Sep,21-Sep,7,7,0
Nagpur,Nagpur,Chandrapur,Mul,Mul,7890965,Mul Grid & 24 Villages  RR WSS Retrofitting,Kosambi,873,1,0.08,0.06,0.31,0.08,0.14,0.13,0.05,9.33,6.49,36.07,8.97,15.98,15.01,5.71,15-Sep,16-Sep,17-Sep,18-Sep,19-Sep,20-Sep,21-Sep,15-Sep,16-Sep,17-Sep,18-Sep,19-Sep,20-Sep,21-Sep,0,7,0
Nagpur,Chandrapur,Wardha,Wardha,Wardha,20010215,Sewagram & 5 Villages RRWSS,Selakate,3000,1,0.00,0.01,0.00,0.00,0.01,0.01,0.00,0.00,0.33,0.00,0.00,0.33,0.33,0.00,15-Sep,16-Sep,17-Sep,18-Sep,19-Sep,20-Sep,21-Sep,15-Sep,16-Sep,17-Sep,18-Sep,19-Sep,20-Sep,21-Sep,4,7,0
Nagpur,Nagpur,Nagpur,Nagpur,Hingna,20009650,Waddhmna WSS,Nagalwadi,2564,1,0.00,0.00,0.00,0.00,0.00,0.00,0.00,0.00,0.00,0.00,0.00,0.00,0.00,0.00,15-Sep,16-Sep,17-Sep,18-Sep,19-Sep,20-Sep,21-Sep,15-Sep,16-Sep,17-Sep,18-Sep,19-Sep,20-Sep,21-Sep,7,7,0
Nagpur,Nagpur,Gondia,Sakoli,Sakoli-Lakhani,20022100,Sakoli Lakhani RR Retrofitting,Pimpalgaon,,1,0.00,0.29,0.00,0.00,0.00,0.00,0.00,0.00,0.00,0.00,0.00,0.00,0.00,0.00,15-Sep,16-Sep,17-Sep,18-Sep,19-Sep,20-Sep,21-Sep,15-Sep,16-Sep,17-Sep,18-Sep,19-Sep,20-Sep,21-Sep,7,7,0
Nagpur,Chandrapur,Chandrapur,Chandrapur,Chandrapur,20050368,Chinchala and 7 Villages RR Water Supply Scheme,Wandhari,568,2,0.00,0.00,0.00,0.00,0.00,0.00,0.00,0.00,0.00,0.00,0.00,0.00,0.00,0.00,15-Sep,16-Sep,17-Sep,18-Sep,19-Sep,20-Sep,21-Sep,15-Sep,16-Sep,17-Sep,18-Sep,19-Sep,20-Sep,21-Sep,7,7,0
Nagpur,Chandrapur,Chandrapur,Gadchiroli,Aheri,7890975,Allapalli-Nagapalli RR,Nagepalli,4334,1,0.00,0.00,0.00,0.00,0.00,0.00,0.00,0.00,0.00,0.00,0.00,0.00,0.00,0.00,15-Sep,16-Sep,17-Sep,18-Sep,19-Sep,20-Sep,21-Sep,15-Sep,16-Sep,17-Sep,18-Sep,19-Sep,20-Sep,21-Sep,7,7,0
Nagpur,Nagpur,Gondia,Sakoli,Sakoli-Lakhani,20022100,Sakoli Lakhani RR Retrofitting,Jambhai,1844,1,0.00,0.00,0.00,0.00,0.43,0.00,0.00,0.00,0.00,0.00,0.00,23.32,0.00,0.00,15-Sep,16-Sep,17-Sep,18-Sep,19-Sep,20-Sep,21-Sep,15-Sep,16-Sep,17-Sep,18-Sep,19-Sep,20-Sep,21-Sep,6,7,0
Nagpur,Nagpur,Gondia,Sadak Arjuni,Sadak Arjuni,20016939,Putali RR WSS Retrofitting,Dalli,1606,1,0.00,0.00,0.00,0.00,0.00,0.00,0.00,0.00,0.00,0.00,0.00,0.00,0.00,0.00,15-Sep,16-Sep,17-Sep,18-Sep,19-Sep,20-Sep,21-Sep,15-Sep,16-Sep,17-Sep,18-Sep,19-Sep,20-Sep,21-Sep,7,7,0
Nagpur,Nagpur,Chandrapur,Wardha,Wardha,7891298,Pipri Meghe and 13 villages RR WSS,Pipari Meghe,27164,1,2.51,2.66,0.00,2.41,2.20,0.00,2.35,9.24,9.79,0.00,8.87,8.10,0.00,8.65,15-Sep,16-Sep,17-Sep,18-Sep,19-Sep,20-Sep,21-Sep,15-Sep,16-Sep,17-Sep,18-Sep,19-Sep,20-Sep,21-Sep,2,7,0
Nagpur,Nagpur,Gondia,Bhandara,Tumsar,20017217,Dewadi RR WSS,Khapa,3087,1,0.14,0.01,0.23,0.00,0.00,0.00,0.00,4.49,0.29,7.58,0.00,0.00,0.00,0.00,15-Sep,16-Sep,17-Sep,18-Sep,19-Sep,20-Sep,21-Sep,15-Sep,16-Sep,17-Sep,18-Sep,19-Sep,20-Sep,21-Sep,4,7,0
Nagpur,Nagpur,Gondia,Deori,Deori,20017028,Chichgad Palandur RR Retrofitting,Sukali,400,1,0.00,0.00,0.00,0.00,0.00,0.00,0.00,0.00,0.00,0.00,0.00,0.00,0.00,0.00,15-Sep,16-Sep,17-Sep,18-Sep,19-Sep,20-Sep,21-Sep,15-Sep,16-Sep,17-Sep,18-Sep,19-Sep,20-Sep,21-Sep,7,7,0
Nagpur,Nagpur,Gondia,Sakoli,Sakoli-Lakhani,20022100,Sakoli Lakhani RR Retrofitting,Gondsawari,946,1,0.00,0.00,0.00,0.00,0.00,0.00,0.00,0.00,0.00,0.00,0.00,0.00,0.00,0.00,15-Sep,16-Sep,17-Sep,18-Sep,19-Sep,20-Sep,21-Sep,15-Sep,16-Sep,17-Sep,18-Sep,19-Sep,20-Sep,21-Sep,7,7,0
Nagpur,Nagpur,Gondia,Bhandara,Tumsar,631010,Gobarwahi RR Retrofitting,Paunarkhari,2526,1,0.99,0.00,0.63,0.00,0.81,0.00,0.73,39.19,0.00,24.94,0.00,32.07,0.00,28.90,15-Sep,16-Sep,17-Sep,18-Sep,19-Sep,20-Sep,21-Sep,15-Sep,16-Sep,17-Sep,18-Sep,19-Sep,20-Sep,21-Sep,3,7,0
Nagpur,Chandrapur,Wardha,Wardha,Hinganghat,20027837,Allipur & 6 Village RRWSS,Sirasgaon,1892,1,0.86,0.00,0.83,0.94,0.00,0.00,0.00,45.45,0.00,43.87,49.68,0.00,0.00,0.00,15-Sep,16-Sep,17-Sep,18-Sep,19-Sep,20-Sep,21-Sep,15-Sep,16-Sep,17-Sep,18-Sep,19-Sep,20-Sep,21-Sep,4,7,0
Nagpur,Nagpur,Gondia,Bhandara,Tumsar,20017217,Dewadi RR WSS,Hasara,2638,1,0.00,0.00,0.00,0.00,0.00,0.00,0.00,0.00,0.00,0.00,0.00,0.00,0.00,0.00,15-Sep,16-Sep,17-Sep,18-Sep,19-Sep,20-Sep,21-Sep,15-Sep,16-Sep,17-Sep,18-Sep,19-Sep,20-Sep,21-Sep,7,7,0
Nagpur,Chandrapur,Wardha,Wardha,Hinganghat,20027837,Allipur & 6 Village RRWSS,Sonegaon,1360,1,0.09,0.61,0.00,0.04,0.21,0.29,0.10,6.84,44.53,0.00,2.97,15.64,21.07,7.07,15-Sep,16-Sep,17-Sep,18-Sep,19-Sep,20-Sep,21-Sep,15-Sep,16-Sep,17-Sep,18-Sep,19-Sep,20-Sep,21-Sep,1,7,0
Nagpur,Chandrapur,Chandrapur,Pombhurna,Pombhurna,7928270,Pomnbhurna Grid & 15 Villages RR Retrofitting,Chek Thane Wasna,1700,1,0.05,0.16,0.11,0.52,0.48,0.00,0.00,2.96,9.37,6.42,30.65,28.17,0.00,0.00,15-Sep,16-Sep,17-Sep,18-Sep,19-Sep,20-Sep,21-Sep,15-Sep,16-Sep,17-Sep,18-Sep,19-Sep,20-Sep,21-Sep,2,7,0
Nagpur,Nagpur,Chandrapur,Mul,Mul,7890965,Mul Grid & 24 Villages  RR WSS Retrofitting,Morwahi Mal,593,1,0.00,0.00,0.00,0.00,0.00,0.00,0.00,0.00,0.00,0.00,0.00,0.00,0.00,0.00,15-Sep,16-Sep,17-Sep,18-Sep,19-Sep,20-Sep,21-Sep,15-Sep,16-Sep,17-Sep,18-Sep,19-Sep,20-Sep,21-Sep,7,7,0
Nagpur,Nagpur,Chandrapur,Wardha,Wardha,7891298,Pipri Meghe and 13 villages RR WSS,Sotada,1608,1,1.20,0.00,0.00,1.85,1.51,0.00,0.00,74.63,0.00,0.00,115.05,93.91,0.00,0.00,15-Sep,16-Sep,17-Sep,18-Sep,19-Sep,20-Sep,21-Sep,15-Sep,16-Sep,17-Sep,18-Sep,19-Sep,20-Sep,21-Sep,4,4,3
Nagpur,Chandrapur,Chandrapur,Pombhurna,Pombhurna,7928270,Pomnbhurna Grid & 15 Villages RR Retrofitting,Selur Nagreddi,568,1,0.00,0.00,0.00,0.00,0.00,0.00,0.00,0.00,0.00,0.00,0.00,0.00,0.00,0.00,15-Sep,16-Sep,17-Sep,18-Sep,19-Sep,20-Sep,21-Sep,15-Sep,16-Sep,17-Sep,18-Sep,19-Sep,20-Sep,21-Sep,7,7,0
Nagpur,Nagpur,Chandrapur,Mul,Mul,7890965,Mul Grid & 24 Villages  RR WSS Retrofitting,Janala Ryt.,890,2,0.00,0.00,0.00,0.00,0.00,0.00,0.00,0.00,0.00,0.00,0.00,0.00,0.00,0.00,15-Sep,16-Sep,17-Sep,18-Sep,19-Sep,20-Sep,21-Sep,15-Sep,16-Sep,17-Sep,18-Sep,19-Sep,20-Sep,21-Sep,7,7,0
Nagpur,Nagpur,Gondia,Bhandara,Sakoli,631335,Ghanod RR Retrofitting,Bampewada,10254,1,0.00,0.00,0.00,0.00,0.00,0.00,0.00,0.00,0.00,0.00,0.00,0.00,0.00,0.00,15-Sep,16-Sep,17-Sep,18-Sep,19-Sep,20-Sep,21-Sep,15-Sep,16-Sep,17-Sep,18-Sep,19-Sep,20-Sep,21-Sep,7,7,0
Nagpur,Nagpur,Chandrapur,Chandrapur,Chimur,20036536,Bothali & 7 Village RR WSS,Chak Piranji,1771,1,0.00,0.00,0.00,0.00,0.00,0.00,0.00,0.00,0.00,0.00,0.00,0.00,0.00,0.00,15-Sep,16-Sep,17-Sep,18-Sep,19-Sep,20-Sep,21-Sep,15-Sep,16-Sep,17-Sep,18-Sep,19-Sep,20-Sep,21-Sep,7,7,0
Nagpur,Nagpur,Chandrapur,Wardha,Wardha,7891298,Pipri Meghe and 13 villages RR WSS,Sawangi Meghe,16556,3,0.79,0.42,1.50,0.25,0.16,0.27,0.01,4.78,2.51,9.06,1.51,0.97,1.65,0.04,15-Sep,16-Sep,17-Sep,18-Sep,19-Sep,20-Sep,21-Sep,15-Sep,16-Sep,17-Sep,18-Sep,19-Sep,20-Sep,21-Sep,0,7,0
Nagpur,Nagpur,Chandrapur,Wardha,Wardha,7891298,Pipri Meghe and 13 villages RR WSS,Sindhi Meghe,29844,3,0.00,0.00,0.00,0.00,0.00,0.00,0.00,0.00,0.00,0.00,0.00,0.00,0.00,0.00,15-Sep,16-Sep,17-Sep,18-Sep,19-Sep,20-Sep,21-Sep,15-Sep,16-Sep,17-Sep,18-Sep,19-Sep,20-Sep,21-Sep,7,7,0
Nagpur,Nagpur,Gondia,Deori,Deori,20017028,Chichgad Palandur RR Retrofitting,Palandur,2216,1,0.00,0.00,0.00,0.00,0.00,0.00,0.00,0.00,0.00,0.00,0.00,0.00,0.00,0.00,15-Sep,16-Sep,17-Sep,18-Sep,19-Sep,20-Sep,21-Sep,15-Sep,16-Sep,17-Sep,18-Sep,19-Sep,20-Sep,21-Sep,7,7,0
Nagpur,Chandrapur,Chandrapur,Pombhurna,Pombhurna,7928270,Pomnbhurna Grid & 15 Villages RR Retrofitting,Rampur Dixit,680,1,0.00,0.00,0.00,0.00,0.00,0.00,0.00,0.00,0.00,0.00,0.00,0.00,0.00,0.00,15-Sep,16-Sep,17-Sep,18-Sep,19-Sep,20-Sep,21-Sep,15-Sep,16-Sep,17-Sep,18-Sep,19-Sep,20-Sep,21-Sep,7,7,0
Nagpur,Nagpur,Chandrapur,Gadchiroli,Chamorshi,2009882,Ghot RRWSS,Navegaon,645,1,0.00,0.00,0.00,0.00,0.00,0.00,0.00,0.00,0.00,0.00,0.00,0.00,0.00,0.00,15-Sep,16-Sep,17-Sep,18-Sep,19-Sep,20-Sep,21-Sep,15-Sep,16-Sep,17-Sep,18-Sep,19-Sep,20-Sep,21-Sep,7,7,0
Nagpur,Chandrapur,Chandrapur,Gadchiroli,Aheri,7890975,Allapalli-Nagapalli RR,Allapalli,14263,1,4.50,3.64,4.31,6.01,13.52,14.26,16.74,31.53,25.54,30.20,42.11,94.78,99.99,117.34,15-Sep,16-Sep,17-Sep,18-Sep,19-Sep,20-Sep,21-Sep,15-Sep,16-Sep,17-Sep,18-Sep,19-Sep,20-Sep,21-Sep,0,4,3
Nagpur,Nagpur,Gondia,Deori,Deori,20017028,Chichgad Palandur RR Retrofitting,Tekri Magardoh Balapur,1800,1,0.00,0.00,0.00,0.00,0.00,0.00,0.00,0.00,0.00,0.00,0.00,0.00,0.00,0.00,15-Sep,16-Sep,17-Sep,18-Sep,19-Sep,20-Sep,21-Sep,15-Sep,16-Sep,17-Sep,18-Sep,19-Sep,20-Sep,21-Sep,7,7,0
Nagpur,Nagpur,Chandrapur,Chandrapur,Chimur,20036536,Bothali & 7 Village RR WSS,Hirapur,1793,1,0.00,0.00,0.00,0.00,0.00,0.00,0.00,0.00,0.00,0.00,0.00,0.00,0.00,0.00,15-Sep,16-Sep,17-Sep,18-Sep,19-Sep,20-Sep,21-Sep,15-Sep,16-Sep,17-Sep,18-Sep,19-Sep,20-Sep,21-Sep,7,7,0
Nagpur,Chandrapur,Chandrapur,Chandrapur,Chandrapur,20050368,Chinchala and 7 Villages RR Water Supply Scheme,Mahakurla,556,1,0.00,0.00,0.00,0.00,0.00,0.00,0.00,0.00,0.00,0.00,0.00,0.00,0.00,0.00,15-Sep,16-Sep,17-Sep,18-Sep,19-Sep,20-Sep,21-Sep,15-Sep,16-Sep,17-Sep,18-Sep,19-Sep,20-Sep,21-Sep,7,7,0
Nagpur,Nagpur,Gondia,Sakoli,Sakoli-Lakhani,20022100,Sakoli Lakhani RR Retrofitting,Pohara,5000,1,1.91,2.36,3.11,0.01,2.36,0.00,3.81,38.20,47.20,62.20,0.20,47.20,0.00,76.20,15-Sep,16-Sep,17-Sep,18-Sep,19-Sep,20-Sep,21-Sep,15-Sep,16-Sep,17-Sep,18-Sep,19-Sep,20-Sep,21-Sep,1,5,2
Nagpur,Nagpur,Chandrapur,Wardha,Wardha,7891298,Pipri Meghe and 13 villages RR WSS,Alodi,9328,2,1.51,0.00,0.00,2.02,4.12,0.00,0.00,16.22,0.00,0.00,21.64,44.18,0.00,0.00,15-Sep,16-Sep,17-Sep,18-Sep,19-Sep,20-Sep,21-Sep,15-Sep,16-Sep,17-Sep,18-Sep,19-Sep,20-Sep,21-Sep,4,7,0
Nagpur,Chandrapur,Wardha,Wardha,Hinganghat,20027837,Allipur & 6 Village RRWSS,Kachangaon Fata,1544,1,0.00,0.00,0.00,0.01,0.00,0.02,0.01,0.00,0.00,0.00,0.67,0.00,1.30,0.65,15-Sep,16-Sep,17-Sep,18-Sep,19-Sep,20-Sep,21-Sep,15-Sep,16-Sep,17-Sep,18-Sep,19-Sep,20-Sep,21-Sep,4,7,0
Nagpur,Nagpur,Chandrapur,Mul,Mul,7890965,Mul Grid & 24 Villages  RR WSS Retrofitting,Chicholi,2400,1,0.27,0.20,0.23,0.26,0.28,0.28,0.05,11.21,8.39,9.65,10.75,11.72,11.75,1.94,15-Sep,16-Sep,17-Sep,18-Sep,19-Sep,20-Sep,21-Sep,15-Sep,16-Sep,17-Sep,18-Sep,19-Sep,20-Sep,21-Sep,0,7,0
Nagpur,Nagpur,Gondia,Bhandara,Tumsar,20017217,Dewadi RR WSS,Paraswada,1400,2,0.49,0.42,0.19,0.35,0.34,0.35,0.71,35.23,30.00,13.85,24.91,24.10,25.12,50.92,15-Sep,16-Sep,17-Sep,18-Sep,19-Sep,20-Sep,21-Sep,15-Sep,16-Sep,17-Sep,18-Sep,19-Sep,20-Sep,21-Sep,0,7,0
Nagpur,Nagpur,Chandrapur,Mul,Mul,7890965,Mul Grid & 24 Villages  RR WSS Retrofitting,Tekadi,2164,1,0.00,0.43,0.71,0.34,0.21,0.07,0.05,0.00,19.91,32.74,15.52,9.81,3.28,2.45,15-Sep,16-Sep,17-Sep,18-Sep,19-Sep,20-Sep,21-Sep,15-Sep,16-Sep,17-Sep,18-Sep,19-Sep,20-Sep,21-Sep,1,7,0
Nagpur,Nagpur,Chandrapur,Mul,Mul,7890965,Mul Grid & 24 Villages  RR WSS Retrofitting,Marhegaon,824,1,0.91,2.05,4.00,2.37,1.82,1.17,0.00,110.03,248.74,485.02,287.63,220.72,141.59,0.00,15-Sep,16-Sep,17-Sep,18-Sep,19-Sep,20-Sep,21-Sep,15-Sep,16-Sep,17-Sep,18-Sep,19-Sep,20-Sep,21-Sep,1,1,6
Nagpur,Nagpur,Chandrapur,Mul,Mul,7890965,Mul Grid & 24 Villages  RR WSS Retrofitting,Chak Chikhli No.1,253,1,0.00,0.00,0.00,0.00,0.00,0.00,0.00,0.00,0.00,0.00,0.00,0.00,0.00,0.00,15-Sep,16-Sep,17-Sep,18-Sep,19-Sep,20-Sep,21-Sep,15-Sep,16-Sep,17-Sep,18-Sep,19-Sep,20-Sep,21-Sep,7,7,0
Nagpur,Nagpur,Gondia,Sakoli,Sakoli-Lakhani,20022100,Sakoli Lakhani RR Retrofitting,Khandala,1847,1,0.00,0.00,0.00,0.00,0.00,0.31,0.00,0.00,0.00,0.00,0.00,0.00,16.78,0.00,15-Sep,16-Sep,17-Sep,18-Sep,19-Sep,20-Sep,21-Sep,15-Sep,16-Sep,17-Sep,18-Sep,19-Sep,20-Sep,21-Sep,6,7,0
Nagpur,Nagpur,Gondia,Sadak Arjuni,Sadak Arjuni,20016939,Putali RR WSS Retrofitting,Mohgata,189,1,0.00,0.00,0.00,0.00,0.00,0.00,0.00,0.00,0.00,0.00,0.00,0.00,0.00,0.00,15-Sep,16-Sep,17-Sep,18-Sep,19-Sep,20-Sep,21-Sep,15-Sep,16-Sep,17-Sep,18-Sep,19-Sep,20-Sep,21-Sep,7,7,0
Nagpur,Nagpur,Gondia,Bhandara,Tumsar,631010,Gobarwahi RR Retrofitting,Dongri Bk.,5014,1,0.00,0.35,0.00,0.00,0.27,0.50,0.21,0.00,6.95,0.00,0.00,5.35,10.01,4.09,15-Sep,16-Sep,17-Sep,18-Sep,19-Sep,20-Sep,21-Sep,15-Sep,16-Sep,17-Sep,18-Sep,19-Sep,20-Sep,21-Sep,3,7,0
Nagpur,Nagpur,Chandrapur,Chandrapur,Mul,20036862,Bor Chandli 5 Village RR WSS,Sintala,1092,1,0.00,0.00,0.00,0.00,0.00,0.00,0.00,0.00,0.00,0.00,0.00,0.00,0.00,0.00,15-Sep,16-Sep,17-Sep,18-Sep,19-Sep,20-Sep,21-Sep,15-Sep,16-Sep,17-Sep,18-Sep,19-Sep,20-Sep,21-Sep,7,7,0
Nagpur,Nagpur,Chandrapur,Mul,Mul,7890965,Mul Grid & 24 Villages  RR WSS Retrofitting,Chichala (Mo),3322,1,2.06,2.46,1.82,2.38,0.40,3.39,2.78,61.92,73.97,54.93,71.68,11.93,102.10,83.56,15-Sep,16-Sep,17-Sep,18-Sep,19-Sep,20-Sep,21-Sep,15-Sep,16-Sep,17-Sep,18-Sep,19-Sep,20-Sep,21-Sep,0,2,5
Nagpur,Nagpur,Gondia,Deori,Deori,20017028,Chichgad Palandur RR Retrofitting,Garartola,859,1,0.00,0.00,0.00,0.00,0.00,0.00,0.00,0.00,0.00,0.00,0.00,0.00,0.00,0.00,15-Sep,16-Sep,17-Sep,18-Sep,19-Sep,20-Sep,21-Sep,15-Sep,16-Sep,17-Sep,18-Sep,19-Sep,20-Sep,21-Sep,7,7,0
Nagpur,Nagpur,Chandrapur,Mul,Mul,7890965,Mul Grid & 24 Villages  RR WSS Retrofitting,Tadala Tukum,1575,1,0.00,0.00,0.00,0.00,0.00,0.00,0.00,0.00,0.00,0.00,0.00,0.00,0.00,0.00,15-Sep,16-Sep,17-Sep,18-Sep,19-Sep,20-Sep,21-Sep,15-Sep,16-Sep,17-Sep,18-Sep,19-Sep,20-Sep,21-Sep,7,7,0
Nagpur,Nagpur,Gondia,Bhandara,Tumsar,631010,Gobarwahi RR Retrofitting,Chikhali,1541,1,0.00,0.00,0.00,0.00,0.00,0.00,0.00,0.00,0.00,0.00,0.00,0.00,0.00,0.00,15-Sep,16-Sep,17-Sep,18-Sep,19-Sep,20-Sep,21-Sep,15-Sep,16-Sep,17-Sep,18-Sep,19-Sep,20-Sep,21-Sep,7,7,0
Nagpur,Nagpur,Gondia,Sakoli,Sakoli-Lakhani,20022100,Sakoli Lakhani RR Retrofitting,Sawarbandh,1669,1,0.00,0.00,0.00,0.00,0.00,0.00,0.00,0.00,0.00,0.00,0.00,0.00,0.00,0.00,15-Sep,16-Sep,17-Sep,18-Sep,19-Sep,20-Sep,21-Sep,15-Sep,16-Sep,17-Sep,18-Sep,19-Sep,20-Sep,21-Sep,7,7,0
Nagpur,Nagpur,Gondia,Bhandara,Tumsar,631010,Gobarwahi RR Retrofitting,Chicholi,2212,1,0.00,0.00,0.00,0.00,0.00,0.00,0.00,0.00,0.00,0.00,0.00,0.00,0.00,0.00,15-Sep,16-Sep,17-Sep,18-Sep,19-Sep,20-Sep,21-Sep,15-Sep,16-Sep,17-Sep,18-Sep,19-Sep,20-Sep,21-Sep,7,7,0
Nagpur,Chandrapur,Chandrapur,Pombhurna,Pombhurna,7928270,Pomnbhurna Grid & 15 Villages RR Retrofitting,Borda Dixit,1008,1,0.00,0.00,0.00,0.00,0.00,0.01,0.00,0.00,0.00,0.00,0.00,0.00,1.47,0.00,15-Sep,16-Sep,17-Sep,18-Sep,19-Sep,20-Sep,21-Sep,15-Sep,16-Sep,17-Sep,18-Sep,19-Sep,20-Sep,21-Sep,6,7,0
Nagpur,Chandrapur,Chandrapur,Pombhurna,Pombhurna,7928270,Pomnbhurna Grid & 15 Villages RR Retrofitting,Jam Kh.,1480,2,0.00,0.00,0.00,0.00,0.00,0.00,0.00,0.00,0.00,0.00,0.00,0.00,0.00,0.00,15-Sep,16-Sep,17-Sep,18-Sep,19-Sep,20-Sep,21-Sep,15-Sep,16-Sep,17-Sep,18-Sep,19-Sep,20-Sep,21-Sep,7,7,0
Nagpur,Chandrapur,Chandrapur,Pombhurna,Pombhurna,7928270,Pomnbhurna Grid & 15 Villages RR Retrofitting,Navegaon More,1680,1,0.00,0.00,0.00,0.00,0.00,0.00,0.00,0.00,0.00,0.00,0.00,0.00,0.00,0.00,15-Sep,16-Sep,17-Sep,18-Sep,19-Sep,20-Sep,21-Sep,15-Sep,16-Sep,17-Sep,18-Sep,19-Sep,20-Sep,21-Sep,7,7,0
Nagpur,Nagpur,Gondia,Gondia,Goregaon,20019216,GOREGAON RR Retrofitting,Katangi,2643,1,0.68,0.01,0.00,0.01,0.00,0.01,0.04,25.70,0.53,0.06,0.40,0.00,0.42,1.67,15-Sep,16-Sep,17-Sep,18-Sep,19-Sep,20-Sep,21-Sep,15-Sep,16-Sep,17-Sep,18-Sep,19-Sep,20-Sep,21-Sep,1,7,0
Nagpur,Nagpur,Chandrapur,Mul,Mul,7890965,Mul Grid & 24 Villages  RR WSS Retrofitting,Kantapeth Ryt.,938,1,0.00,0.00,0.00,0.00,0.00,0.00,0.00,0.00,0.00,0.00,0.00,0.00,0.00,0.00,15-Sep,16-Sep,17-Sep,18-Sep,19-Sep,20-Sep,21-Sep,15-Sep,16-Sep,17-Sep,18-Sep,19-Sep,20-Sep,21-Sep,7,7,0
Nagpur,Nagpur,Chandrapur,Mul,Mul,7890965,Mul Grid & 24 Villages  RR WSS Retrofitting,Manda Tukum,228,1,0.00,0.00,0.00,0.00,0.00,0.00,0.00,0.00,0.00,0.00,0.00,0.00,0.00,0.00,15-Sep,16-Sep,17-Sep,18-Sep,19-Sep,20-Sep,21-Sep,15-Sep,16-Sep,17-Sep,18-Sep,19-Sep,20-Sep,21-Sep,7,7,0
Nagpur,Chandrapur,Wardha,Wardha,Hinganghat,20027837,Allipur & 6 Village RRWSS,Kanchangaon,1544,2,8.40,9.69,9.17,10.18,11.40,9.24,8.48,544.10,627.61,593.91,659.33,738.35,598.45,549.22,15-Sep,16-Sep,17-Sep,18-Sep,19-Sep,20-Sep,21-Sep,15-Sep,16-Sep,17-Sep,18-Sep,19-Sep,20-Sep,21-Sep,0,0,7
Nagpur,Nagpur,Gondia,Sadak Arjuni,Sadak Arjuni,20016939,Putali RR WSS Retrofitting,Ushikheda,710,1,0.00,0.00,0.00,0.00,0.00,0.00,0.00,0.00,0.00,0.00,0.00,0.00,0.00,0.00,15-Sep,16-Sep,17-Sep,18-Sep,19-Sep,20-Sep,21-Sep,15-Sep,16-Sep,17-Sep,18-Sep,19-Sep,20-Sep,21-Sep,7,7,0
Nagpur,Nagpur,Gondia,Gondia,Goregaon,20019216,GOREGAON RR Retrofitting,Bhadanga,4016,1,0.00,0.00,0.00,0.00,0.00,0.00,0.00,0.00,0.00,0.00,0.00,0.00,0.00,0.00,15-Sep,16-Sep,17-Sep,18-Sep,19-Sep,20-Sep,21-Sep,15-Sep,16-Sep,17-Sep,18-Sep,19-Sep,20-Sep,21-Sep,7,7,0
Nagpur,Nagpur,Nagpur,Chandrapur,Saoali,20036500,Vyahad & 2 Village RR WSS,Samada Kh,524,2,0.02,0.24,0.22,0.10,0.02,0.07,0.11,4.65,46.29,41.15,18.90,4.53,13.24,20.35,15-Sep,16-Sep,17-Sep,18-Sep,19-Sep,20-Sep,21-Sep,15-Sep,16-Sep,17-Sep,18-Sep,19-Sep,20-Sep,21-Sep,0,7,0
Nagpur,Nagpur,Chandrapur,Mul,Mul,7890965,Mul Grid & 24 Villages  RR WSS Retrofitting,Gangalwadi,862,1,0.00,0.00,0.00,0.00,0.00,0.00,0.00,0.00,0.00,0.00,0.00,0.00,0.00,0.00,15-Sep,16-Sep,17-Sep,18-Sep,19-Sep,20-Sep,21-Sep,15-Sep,16-Sep,17-Sep,18-Sep,19-Sep,20-Sep,21-Sep,7,7,0
Nagpur,Nagpur,Gondia,Sakoli,Sakoli-Lakhani,20022100,Sakoli Lakhani RR Retrofitting,Rengepar,1581,1,1.15,0.95,1.11,1.12,1.14,1.12,1.00,72.74,60.09,70.21,70.84,72.11,70.84,63.25,15-Sep,16-Sep,17-Sep,18-Sep,19-Sep,20-Sep,21-Sep,15-Sep,16-Sep,17-Sep,18-Sep,19-Sep,20-Sep,21-Sep,0,0,7
Nagpur,Chandrapur,Chandrapur,Chandrapur,Chandrapur,20050368,Chinchala and 7 Villages RR Water Supply Scheme,Dhanora,1564,3,0.00,2.20,1.46,2.48,0.91,0.00,1.40,0.00,140.66,93.35,158.57,58.18,0.00,89.51,15-Sep,16-Sep,17-Sep,18-Sep,19-Sep,20-Sep,21-Sep,15-Sep,16-Sep,17-Sep,18-Sep,19-Sep,20-Sep,21-Sep,2,2,5
Nagpur,Nagpur,Gondia,Bhandara,Tumsar,631010,Gobarwahi RR Retrofitting,Ronga,1821,2,0.64,0.68,0.00,0.00,0.00,0.00,0.00,35.15,37.34,0.00,0.00,0.00,0.00,0.00,15-Sep,16-Sep,17-Sep,18-Sep,19-Sep,20-Sep,21-Sep,15-Sep,16-Sep,17-Sep,18-Sep,19-Sep,20-Sep,21-Sep,5,7,0
Nagpur,Nagpur,Gondia,Bhandara,Tumsar,20017217,Dewadi RR WSS,Mangli,1558,1,0.66,0.08,0.26,0.54,0.58,0.61,0.63,42.63,5.36,16.87,34.90,36.95,39.07,40.44,15-Sep,16-Sep,17-Sep,18-Sep,19-Sep,20-Sep,21-Sep,15-Sep,16-Sep,17-Sep,18-Sep,19-Sep,20-Sep,21-Sep,0,7,0
Nagpur,Chandrapur,Chandrapur,Gadchiroli,Korpana,20050391,Nimani & 5 Villages RR Water Supply Scheme,Nandgaon,,2,0.00,0.00,0.00,0.00,0.00,0.00,0.00,0.00,0.00,0.00,0.00,0.00,0.00,0.00,15-Sep,16-Sep,17-Sep,18-Sep,19-Sep,20-Sep,21-Sep,15-Sep,16-Sep,17-Sep,18-Sep,19-Sep,20-Sep,21-Sep,7,7,0
Nagpur,Nagpur,Gondia,Gondia,Goregaon,20019216,GOREGAON RR Retrofitting,Ghoti,3931,1,2.52,0.00,0.00,0.00,0.00,0.00,0.00,63.98,0.00,0.00,0.00,0.00,0.00,0.00,15-Sep,16-Sep,17-Sep,18-Sep,19-Sep,20-Sep,21-Sep,15-Sep,16-Sep,17-Sep,18-Sep,19-Sep,20-Sep,21-Sep,6,6,1
Nagpur,Nagpur,Gondia,Bhandara,Sakoli,631335,Ghanod RR Retrofitting,Sendurwafa,10254,1,0.00,0.23,1.23,0.00,0.02,1.99,2.69,0.00,2.24,12.00,0.00,0.20,19.41,26.23,15-Sep,16-Sep,17-Sep,18-Sep,19-Sep,20-Sep,21-Sep,15-Sep,16-Sep,17-Sep,18-Sep,19-Sep,20-Sep,21-Sep,2,7,0
Nagpur,Nagpur,Chandrapur,Chandrapur,Chimur,20036536,Bothali & 7 Village RR WSS,Malpiranji,469,1,0.00,0.00,0.00,0.00,0.00,0.00,0.00,0.00,0.00,0.00,0.00,0.00,0.00,0.00,15-Sep,16-Sep,17-Sep,18-Sep,19-Sep,20-Sep,21-Sep,15-Sep,16-Sep,17-Sep,18-Sep,19-Sep,20-Sep,21-Sep,7,7,0
Nagpur,Nagpur,Chandrapur,Gadchiroli,Chamorshi,2009882,Ghot RRWSS,Nikatwada,1455,1,0.00,0.00,0.00,0.00,0.00,0.00,0.00,0.00,0.00,0.00,0.00,0.00,0.00,0.00,15-Sep,16-Sep,17-Sep,18-Sep,19-Sep,20-Sep,21-Sep,15-Sep,16-Sep,17-Sep,18-Sep,19-Sep,20-Sep,21-Sep,7,7,0
Nagpur,Nagpur,Gondia,Sadak Arjuni,Sadak Arjuni,20016939,Putali RR WSS Retrofitting,Koylari,1575,1,0.00,0.00,0.00,0.00,0.00,0.00,0.00,0.00,0.00,0.00,0.00,0.00,0.00,0.00,15-Sep,16-Sep,17-Sep,18-Sep,19-Sep,20-Sep,21-Sep,15-Sep,16-Sep,17-Sep,18-Sep,19-Sep,20-Sep,21-Sep,7,7,0
Nagpur,Chandrapur,Chandrapur,Chandrapur,Chandrapur,20050368,Chinchala and 7 Villages RR Water Supply Scheme,Sidur,1000,2,0.00,0.00,0.00,0.00,0.00,0.00,0.00,0.00,0.00,0.00,0.00,0.00,0.00,0.00,15-Sep,16-Sep,17-Sep,18-Sep,19-Sep,20-Sep,21-Sep,15-Sep,16-Sep,17-Sep,18-Sep,19-Sep,20-Sep,21-Sep,7,7,0
Nagpur,Nagpur,Gondia,Sadak Arjuni,Sadak Arjuni,20016939,Putali RR WSS Retrofitting,Chirchadi,905,1,0.59,0.00,0.00,0.00,4.62,15.18,0.00,65.19,0.00,0.00,0.00,510.50,1676.85,0.00,15-Sep,16-Sep,17-Sep,18-Sep,19-Sep,20-Sep,21-Sep,15-Sep,16-Sep,17-Sep,18-Sep,19-Sep,20-Sep,21-Sep,4,4,3
Nagpur,Nagpur,Gondia,Sakoli,Sakoli-Lakhani,20022100,Sakoli Lakhani RR Retrofitting,Somalwada,2142,2,0.00,0.00,0.00,0.00,0.01,0.00,0.00,0.00,0.00,0.00,0.00,0.39,0.00,0.00,15-Sep,16-Sep,17-Sep,18-Sep,19-Sep,20-Sep,21-Sep,15-Sep,16-Sep,17-Sep,18-Sep,19-Sep,20-Sep,21-Sep,6,7,0
Nagpur,Nagpur,Gondia,Sadak Arjuni,Sadak Arjuni,20016939,Putali RR WSS Retrofitting,Kohalipar,126,1,0.00,0.00,0.00,0.00,0.00,0.00,0.00,0.00,0.00,0.00,0.00,0.00,0.00,0.00,15-Sep,16-Sep,17-Sep,18-Sep,19-Sep,20-Sep,21-Sep,15-Sep,16-Sep,17-Sep,18-Sep,19-Sep,20-Sep,21-Sep,7,7,0
Nagpur,Chandrapur,Chandrapur,Ballarpur,Ballarpur,7890972,Ballarpur Grid 18 villages RR WSS Retrofitting,Chunabhati,1346,2,3.21,4.72,5.28,3.06,0.00,0.00,0.00,238.48,350.67,392.27,227.34,0.00,0.00,0.00,15-Sep,16-Sep,17-Sep,18-Sep,19-Sep,20-Sep,21-Sep,15-Sep,16-Sep,17-Sep,18-Sep,19-Sep,20-Sep,21-Sep,3,3,4
Nagpur,Nagpur,Chandrapur,Mul,Mul,7890965,Mul Grid & 24 Villages  RR WSS Retrofitting,Chitegaon Zone-III,1300,1,0.00,0.00,0.01,0.00,0.00,0.00,0.00,0.00,0.00,0.77,0.00,0.00,0.00,0.00,15-Sep,16-Sep,17-Sep,18-Sep,19-Sep,20-Sep,21-Sep,15-Sep,16-Sep,17-Sep,18-Sep,19-Sep,20-Sep,21-Sep,6,7,0
Nagpur,Chandrapur,Chandrapur,Pombhurna,Pombhurna,7928270,Pomnbhurna Grid & 15 Villages RR Retrofitting,Chak Ghanoti - 1,868,1,0.00,0.00,0.00,0.00,0.00,0.00,0.00,0.00,0.00,0.00,0.00,0.00,0.00,0.00,15-Sep,16-Sep,17-Sep,18-Sep,19-Sep,20-Sep,21-Sep,15-Sep,16-Sep,17-Sep,18-Sep,19-Sep,20-Sep,21-Sep,7,7,0
Nagpur,Nagpur,Gondia,Sakoli,Sakoli-Lakhani,20022100,Sakoli Lakhani RR Retrofitting,Sivanibandh,1504,1,0.00,0.00,0.00,0.00,0.00,0.00,0.00,0.00,0.00,0.00,0.00,0.00,0.00,0.00,15-Sep,16-Sep,17-Sep,18-Sep,19-Sep,20-Sep,21-Sep,15-Sep,16-Sep,17-Sep,18-Sep,19-Sep,20-Sep,21-Sep,7,7,0
Nagpur,Nagpur,Nagpur,Nagpur,Hingna,20009650,Waddhmna WSS,Waddhmna,5904,6,1.77,1.73,2.25,1.76,2.04,2.02,3.08,29.98,29.30,38.11,29.81,34.55,34.21,52.17,15-Sep,16-Sep,17-Sep,18-Sep,19-Sep,20-Sep,21-Sep,15-Sep,16-Sep,17-Sep,18-Sep,19-Sep,20-Sep,21-Sep,0,7,0
Nagpur,Nagpur,Chandrapur,Wardha,Wardha,7891298,Pipri Meghe and 13 villages RR WSS,Borgaon,688,2,2.31,1.67,1.57,3.39,2.00,0.00,2.97,335.46,242.07,228.42,492.69,290.06,0.15,431.58,15-Sep,16-Sep,17-Sep,18-Sep,19-Sep,20-Sep,21-Sep,15-Sep,16-Sep,17-Sep,18-Sep,19-Sep,20-Sep,21-Sep,0,1,6
Nagpur,Chandrapur,Chandrapur,Ballarpur,Ballarpur,7890972,Ballarpur Grid 18 villages RR WSS Retrofitting,Nandgaon Pode,3740,2,1.43,1.30,1.38,1.36,1.37,1.25,1.24,38.24,34.76,36.90,36.36,36.63,33.42,33.16,15-Sep,16-Sep,17-Sep,18-Sep,19-Sep,20-Sep,21-Sep,15-Sep,16-Sep,17-Sep,18-Sep,19-Sep,20-Sep,21-Sep,0,7,0
Nagpur,Chandrapur,Chandrapur,Pombhurna,Pombhurna,7928270,Pomnbhurna Grid & 15 Villages RR Retrofitting,Jam Tukum,1172,1,0.00,0.00,0.00,0.00,0.00,0.00,0.00,0.00,0.00,0.00,0.00,0.00,0.00,0.00,15-Sep,16-Sep,17-Sep,18-Sep,19-Sep,20-Sep,21-Sep,15-Sep,16-Sep,17-Sep,18-Sep,19-Sep,20-Sep,21-Sep,7,7,0
Nagpur,Nagpur,Gondia,Sakoli,Sakoli-Lakhani,20022100,Sakoli Lakhani RR Retrofitting,Pindkepar,1388,1,0.00,0.00,0.00,0.00,0.00,0.00,0.00,0.00,0.00,0.00,0.00,0.00,0.00,0.00,15-Sep,16-Sep,17-Sep,18-Sep,19-Sep,20-Sep,21-Sep,15-Sep,16-Sep,17-Sep,18-Sep,19-Sep,20-Sep,21-Sep,7,7,0
Nagpur,Nagpur,Gondia,Bhandara,Tumsar,631010,Gobarwahi RR Retrofitting,Pawnara,1187,1,0.00,0.00,0.17,0.36,0.00,0.47,0.00,0.00,0.00,14.32,30.33,0.00,39.60,0.00,15-Sep,16-Sep,17-Sep,18-Sep,19-Sep,20-Sep,21-Sep,15-Sep,16-Sep,17-Sep,18-Sep,19-Sep,20-Sep,21-Sep,4,7,0
Nagpur,Nagpur,Gondia,Sakoli,Sakoli-Lakhani,20022100,Sakoli Lakhani RR Retrofitting,Manegaon,,1,0.00,0.00,0.00,0.00,0.00,0.00,0.00,0.00,0.00,0.00,0.00,0.00,0.00,0.00,15-Sep,16-Sep,17-Sep,18-Sep,19-Sep,20-Sep,21-Sep,15-Sep,16-Sep,17-Sep,18-Sep,19-Sep,20-Sep,21-Sep,7,7,0
Nagpur,Chandrapur,Chandrapur,Gadchiroli,Korpana,20050391,Nimani & 5 Villages RR Water Supply Scheme,Talodhi,1180,2,0.00,0.00,0.00,0.00,0.00,0.00,0.00,0.00,0.00,0.00,0.00,0.00,0.00,0.00,15-Sep,16-Sep,17-Sep,18-Sep,19-Sep,20-Sep,21-Sep,15-Sep,16-Sep,17-Sep,18-Sep,19-Sep,20-Sep,21-Sep,7,7,0
Nagpur,Chandrapur,Chandrapur,Ballarpur,Ballarpur,7890972,Ballarpur Grid 18 villages RR WSS Retrofitting,Bhivkund,724,1,0.00,0.00,0.00,0.00,0.00,0.00,0.00,0.00,0.00,0.00,0.00,0.00,0.00,0.00,15-Sep,16-Sep,17-Sep,18-Sep,19-Sep,20-Sep,21-Sep,15-Sep,16-Sep,17-Sep,18-Sep,19-Sep,20-Sep,21-Sep,7,7,0
Nagpur,Chandrapur,Chandrapur,Pombhurna,Pombhurna,7928270,Pomnbhurna Grid & 15 Villages RR Retrofitting,Mohadi,3272,1,0.00,2.24,0.00,0.00,0.00,0.00,0.00,0.00,68.46,0.00,0.00,0.00,0.00,0.00,15-Sep,16-Sep,17-Sep,18-Sep,19-Sep,20-Sep,21-Sep,15-Sep,16-Sep,17-Sep,18-Sep,19-Sep,20-Sep,21-Sep,6,6,1
Nagpur,Nagpur,Chandrapur,Chandrapur,Mul,20036862,Bor Chandli 5 Village RR WSS,Virai,1720,1,0.00,0.00,0.00,0.00,0.00,0.00,0.00,0.00,0.00,0.00,0.00,0.00,0.00,0.00,15-Sep,16-Sep,17-Sep,18-Sep,19-Sep,20-Sep,21-Sep,15-Sep,16-Sep,17-Sep,18-Sep,19-Sep,20-Sep,21-Sep,7,7,0
Nagpur,Chandrapur,Wardha,Wardha,Wardha,20010215,Sewagram & 5 Villages RRWSS,Sewagram,6792,3,2.58,3.35,3.69,4.98,4.52,4.83,4.84,37.99,49.32,54.29,73.32,66.55,71.11,71.26,15-Sep,16-Sep,17-Sep,18-Sep,19-Sep,20-Sep,21-Sep,15-Sep,16-Sep,17-Sep,18-Sep,19-Sep,20-Sep,21-Sep,0,3,4
Chhatrapati Sambhajinagar,Chhatrapati Sambhajinagar,Jalna,Partur,Partur,20094559,"120 Villages Extension Scheme for Works Not Considered in 173 GRID WSS and 95 GRID WSS Tq. Partur, Mantha and Jalna Dist: Jalna",Wadarwadi,1117,1,0.00,0.00,0.00,0.00,0.00,0.00,0.00,0.00,0.01,0.00,0.00,0.01,0.00,0.01,15-Sep,16-Sep,17-Sep,18-Sep,19-Sep,20-Sep,21-Sep,15-Sep,16-Sep,17-Sep,18-Sep,19-Sep,20-Sep,21-Sep,4,7,0
Chhatrapati Sambhajinagar,Chhatrapati Sambhajinagar,Jalna,Partur,Partur,20094559,"120 Villages Extension Scheme for Works Not Considered in 173 GRID WSS and 95 GRID WSS Tq. Partur, Mantha and Jalna Dist: Jalna",Soyajanna,1238,2,0.00,0.00,0.40,0.00,0.01,0.49,0.00,0.08,0.09,32.41,0.06,0.83,39.58,0.00,15-Sep,16-Sep,17-Sep,18-Sep,19-Sep,20-Sep,21-Sep,15-Sep,16-Sep,17-Sep,18-Sep,19-Sep,20-Sep,21-Sep,1,7,0
Chhatrapati Sambhajinagar,Chhatrapati Sambhajinagar,Jalna,Mantha,Mantha,20094559,"120 Villages Extension Scheme for Works Not Considered in 173 GRID WSS and 95 GRID WSS Tq. Partur, Mantha and Jalna Dist: Jalna",Jaipur,2861,1,0.00,0.00,0.00,0.00,0.00,0.00,0.00,0.00,0.00,0.00,0.00,0.00,0.00,0.00,15-Sep,16-Sep,17-Sep,18-Sep,19-Sep,20-Sep,21-Sep,15-Sep,16-Sep,17-Sep,18-Sep,19-Sep,20-Sep,21-Sep,7,7,0
Chhatrapati Sambhajinagar,Nanded,Nanded,Himayatnagar,Himayatnagar,20013969,Hadgaon and Himayatnagar 132 Village Grid WSS,Virsani,2817,1,1.97,0.00,1.06,0.00,1.83,0.00,1.28,69.93,0.00,37.63,0.00,64.96,0.00,45.44,15-Sep,16-Sep,17-Sep,18-Sep,19-Sep,20-Sep,21-Sep,15-Sep,16-Sep,17-Sep,18-Sep,19-Sep,20-Sep,21-Sep,3,5,2
Chhatrapati Sambhajinagar,Chhatrapati Sambhajinagar,Jalna,Partur,Partur,20094559,"120 Villages Extension Scheme for Works Not Considered in 173 GRID WSS and 95 GRID WSS Tq. Partur, Mantha and Jalna Dist: Jalna",Raigavan,1839,1,0.00,0.00,0.00,0.00,0.00,0.00,0.00,0.00,0.00,0.00,0.00,0.00,0.00,0.00,15-Sep,16-Sep,17-Sep,18-Sep,19-Sep,20-Sep,21-Sep,15-Sep,16-Sep,17-Sep,18-Sep,19-Sep,20-Sep,21-Sep,7,7,0
Chhatrapati Sambhajinagar,Chhatrapati Sambhajinagar,Jalna,Mantha,Mantha,20094559,"120 Villages Extension Scheme for Works Not Considered in 173 GRID WSS and 95 GRID WSS Tq. Partur, Mantha and Jalna Dist: Jalna",Kedarwakadi,1337,1,0.00,0.00,0.00,0.00,0.00,0.00,0.00,0.00,0.00,0.00,0.00,0.00,0.00,0.00,15-Sep,16-Sep,17-Sep,18-Sep,19-Sep,20-Sep,21-Sep,15-Sep,16-Sep,17-Sep,18-Sep,19-Sep,20-Sep,21-Sep,7,7,0
Chhatrapati Sambhajinagar,Nanded,Nanded,Himayatnagar,Himayatnagar,20013969,Hadgaon and Himayatnagar 132 Village Grid WSS,Kamari,4301,1,0.00,0.00,0.00,0.00,0.00,0.00,0.00,0.00,0.00,0.00,0.00,0.00,0.00,0.00,15-Sep,16-Sep,17-Sep,18-Sep,19-Sep,20-Sep,21-Sep,15-Sep,16-Sep,17-Sep,18-Sep,19-Sep,20-Sep,21-Sep,7,7,0
Chhatrapati Sambhajinagar,Chhatrapati Sambhajinagar,Jalna,Mantha,Mantha,20094559,"120 Villages Extension Scheme for Works Not Considered in 173 GRID WSS and 95 GRID WSS Tq. Partur, Mantha and Jalna Dist: Jalna",PIMPARKHEDA KHARABE,2101,1,0.00,0.00,0.00,0.00,0.00,0.00,0.22,0.00,0.00,0.00,0.00,0.01,0.00,10.53,15-Sep,16-Sep,17-Sep,18-Sep,19-Sep,20-Sep,21-Sep,15-Sep,16-Sep,17-Sep,18-Sep,19-Sep,20-Sep,21-Sep,5,7,0
Chhatrapati Sambhajinagar,Nanded,Nanded,Hadgaon,Hadgaon,20013969,Hadgaon and Himayatnagar 132 Village Grid WSS,Ekrala,1509,1,0.00,0.00,0.00,0.00,0.00,0.00,0.00,0.00,0.00,0.00,0.00,0.00,0.00,0.00,15-Sep,16-Sep,17-Sep,18-Sep,19-Sep,20-Sep,21-Sep,15-Sep,16-Sep,17-Sep,18-Sep,19-Sep,20-Sep,21-Sep,7,7,0
Chhatrapati Sambhajinagar,Chhatrapati Sambhajinagar,Chhatrapati Sambhajinagar,Vaijapur,Vaijapur,20051233,373 Village Gangapur-Vaijapur Grid WSS,Hadas Pimpalgaon,1611,1,0.00,0.00,0.00,0.00,0.00,0.00,0.00,0.00,0.00,0.00,0.00,0.00,0.00,0.00,15-Sep,16-Sep,17-Sep,18-Sep,19-Sep,20-Sep,21-Sep,15-Sep,16-Sep,17-Sep,18-Sep,19-Sep,20-Sep,21-Sep,7,7,0
Chhatrapati Sambhajinagar,Nanded,Nanded,Himayatnagar,Himayatnagar,20013969,Hadgaon and Himayatnagar 132 Village Grid WSS,Waghi,1428,1,0.36,6.24,4.95,6.20,6.66,6.41,6.21,25.21,436.97,346.64,434.17,466.39,448.88,434.87,15-Sep,16-Sep,17-Sep,18-Sep,19-Sep,20-Sep,21-Sep,15-Sep,16-Sep,17-Sep,18-Sep,19-Sep,20-Sep,21-Sep,0,1,6
Chhatrapati Sambhajinagar,Chhatrapati Sambhajinagar,Chhatrapati Sambhajinagar,Paithan,Paithan,20018162,Paithan Taluka 178 Village Grid WS,Dinnapur,900,1,0.00,0.00,0.00,0.00,0.00,0.00,0.00,0.00,0.00,0.00,0.00,0.00,0.00,0.00,15-Sep,16-Sep,17-Sep,18-Sep,19-Sep,20-Sep,21-Sep,15-Sep,16-Sep,17-Sep,18-Sep,19-Sep,20-Sep,21-Sep,7,7,0
Chhatrapati Sambhajinagar,Chhatrapati Sambhajinagar,Chhatrapati Sambhajinagar,Vaijapur,Vaijapur,20051233,373 Village Gangapur-Vaijapur Grid WSS,Bhaggaon,2023,1,0.00,0.00,0.00,0.00,0.00,0.00,0.00,0.00,0.00,0.00,0.00,0.00,0.00,0.00,15-Sep,16-Sep,17-Sep,18-Sep,19-Sep,20-Sep,21-Sep,15-Sep,16-Sep,17-Sep,18-Sep,19-Sep,20-Sep,21-Sep,7,7,0
Chhatrapati Sambhajinagar,Chhatrapati Sambhajinagar,Jalna,Jalna,Jalna,20094559,"120 Villages Extension Scheme for Works Not Considered in 173 GRID WSS and 95 GRID WSS Tq. Partur, Mantha and Jalna Dist: Jalna",Bibi,426,1,0.00,0.00,0.00,0.00,0.00,0.00,0.00,0.00,0.00,0.00,0.00,0.00,0.00,0.00,15-Sep,16-Sep,17-Sep,18-Sep,19-Sep,20-Sep,21-Sep,15-Sep,16-Sep,17-Sep,18-Sep,19-Sep,20-Sep,21-Sep,7,7,0
Chhatrapati Sambhajinagar,Chhatrapati Sambhajinagar,Chhatrapati Sambhajinagar,Paithan,Paithan,20018162,Paithan Taluka 178 Village Grid WS,Somapuri,0,1,0.00,0.00,0.00,0.00,0.00,0.00,0.00,0.00,0.00,0.00,0.00,0.00,0.00,0.00,15-Sep,16-Sep,17-Sep,18-Sep,19-Sep,20-Sep,21-Sep,15-Sep,16-Sep,17-Sep,18-Sep,19-Sep,20-Sep,21-Sep,7,7,0
Chhatrapati Sambhajinagar,Chhatrapati Sambhajinagar,Jalna,Partur,Partur,20094559,"120 Villages Extension Scheme for Works Not Considered in 173 GRID WSS and 95 GRID WSS Tq. Partur, Mantha and Jalna Dist: Jalna",Devala,1141,1,0.30,0.24,0.00,0.27,0.39,1.03,0.16,26.29,21.03,0.00,23.66,34.18,90.27,14.02,15-Sep,16-Sep,17-Sep,18-Sep,19-Sep,20-Sep,21-Sep,15-Sep,16-Sep,17-Sep,18-Sep,19-Sep,20-Sep,21-Sep,1,6,1
Chhatrapati Sambhajinagar,Chhatrapati Sambhajinagar,Jalna,Mantha,Mantha,20094559,"120 Villages Extension Scheme for Works Not Considered in 173 GRID WSS and 95 GRID WSS Tq. Partur, Mantha and Jalna Dist: Jalna",Limbaji Barbada,369,1,0.00,0.00,0.00,20.40,0.00,0.04,0.00,0.00,0.00,0.00,5528.46,0.00,10.84,0.00,15-Sep,16-Sep,17-Sep,18-Sep,19-Sep,20-Sep,21-Sep,15-Sep,16-Sep,17-Sep,18-Sep,19-Sep,20-Sep,21-Sep,5,6,1
Chhatrapati Sambhajinagar,Chhatrapati Sambhajinagar,Chhatrapati Sambhajinagar,Paithan,Paithan,20018162,Paithan Taluka 178 Village Grid WS,Kutub Kheda,792,1,0.00,0.00,0.00,0.00,0.00,0.00,0.00,0.00,0.00,0.00,0.00,0.00,0.00,0.00,15-Sep,16-Sep,17-Sep,18-Sep,19-Sep,20-Sep,21-Sep,15-Sep,16-Sep,17-Sep,18-Sep,19-Sep,20-Sep,21-Sep,7,7,0
Chhatrapati Sambhajinagar,Chhatrapati Sambhajinagar,Jalna,Mantha,Mantha,20094559,"120 Villages Extension Scheme for Works Not Considered in 173 GRID WSS and 95 GRID WSS Tq. Partur, Mantha and Jalna Dist: Jalna",Tokawadi Tanda,643,1,0.00,0.00,0.00,0.00,0.00,0.00,0.00,0.00,0.00,0.00,0.00,0.00,0.00,0.00,15-Sep,16-Sep,17-Sep,18-Sep,19-Sep,20-Sep,21-Sep,15-Sep,16-Sep,17-Sep,18-Sep,19-Sep,20-Sep,21-Sep,7,7,0
Chhatrapati Sambhajinagar,Nanded,Nanded,Hadgaon,Hadgaon,20013969,Hadgaon and Himayatnagar 132 Village Grid WSS,Patharad,3020,1,0.00,0.00,0.00,0.00,0.00,0.00,0.00,0.00,0.00,0.00,0.00,0.00,0.00,0.00,15-Sep,16-Sep,17-Sep,18-Sep,19-Sep,20-Sep,21-Sep,15-Sep,16-Sep,17-Sep,18-Sep,19-Sep,20-Sep,21-Sep,7,7,0
Chhatrapati Sambhajinagar,Nanded,Nanded,Hadgaon,Hadgaon,20013969,Hadgaon and Himayatnagar 132 Village Grid WSS,Ghogri,1237,1,0.00,0.00,4.41,0.00,0.00,0.00,0.00,0.00,0.00,356.51,0.00,0.00,0.00,0.00,15-Sep,16-Sep,17-Sep,18-Sep,19-Sep,20-Sep,21-Sep,15-Sep,16-Sep,17-Sep,18-Sep,19-Sep,20-Sep,21-Sep,6,6,1
Chhatrapati Sambhajinagar,Chhatrapati Sambhajinagar,Chhatrapati Sambhajinagar,Paithan,Paithan,20018162,Paithan Taluka 178 Village Grid WS,Khandewadi,0,1,0.00,0.00,0.00,0.00,0.00,0.00,0.00,0.00,0.00,0.00,0.00,0.00,0.00,0.00,15-Sep,16-Sep,17-Sep,18-Sep,19-Sep,20-Sep,21-Sep,15-Sep,16-Sep,17-Sep,18-Sep,19-Sep,20-Sep,21-Sep,7,7,0
Chhatrapati Sambhajinagar,Chhatrapati Sambhajinagar,Chhatrapati Sambhajinagar,Vaijapur,Vaijapur,20051233,373 Village Gangapur-Vaijapur Grid WSS,Mali Ghogargaon,2591,1,0.07,0.00,0.00,0.00,0.83,0.00,1.14,2.70,0.00,0.00,0.00,32.03,0.00,44.00,15-Sep,16-Sep,17-Sep,18-Sep,19-Sep,20-Sep,21-Sep,15-Sep,16-Sep,17-Sep,18-Sep,19-Sep,20-Sep,21-Sep,4,7,0
Chhatrapati Sambhajinagar,Chhatrapati Sambhajinagar,Jalna,Jalna,Jalna,20094559,"120 Villages Extension Scheme for Works Not Considered in 173 GRID WSS and 95 GRID WSS Tq. Partur, Mantha and Jalna Dist: Jalna",Erandwadgaon,1530,1,0.05,0.00,0.02,0.00,0.04,0.08,0.06,3.57,0.27,1.23,0.03,2.38,5.09,4.21,15-Sep,16-Sep,17-Sep,18-Sep,19-Sep,20-Sep,21-Sep,15-Sep,16-Sep,17-Sep,18-Sep,19-Sep,20-Sep,21-Sep,0,7,0
Chhatrapati Sambhajinagar,Chhatrapati Sambhajinagar,Jalna,Partur,Partur,20094559,"120 Villages Extension Scheme for Works Not Considered in 173 GRID WSS and 95 GRID WSS Tq. Partur, Mantha and Jalna Dist: Jalna",Shelgaon,1734,1,,0.00,0.00,0.00,0.00,0.00,0.00,,0.00,0.00,0.00,0.00,0.00,0.00,15-Sep,16-Sep,17-Sep,18-Sep,19-Sep,20-Sep,21-Sep,15-Sep,16-Sep,17-Sep,18-Sep,19-Sep,20-Sep,21-Sep,6,6,0
Chhatrapati Sambhajinagar,Chhatrapati Sambhajinagar,Jalna,Partur,Partur,20094559,"120 Villages Extension Scheme for Works Not Considered in 173 GRID WSS and 95 GRID WSS Tq. Partur, Mantha and Jalna Dist: Jalna",Lingsa,2168,1,0.00,0.00,0.00,0.00,0.00,0.00,0.00,0.00,0.00,0.00,0.00,0.00,0.00,0.00,15-Sep,16-Sep,17-Sep,18-Sep,19-Sep,20-Sep,21-Sep,15-Sep,16-Sep,17-Sep,18-Sep,19-Sep,20-Sep,21-Sep,7,7,0
Chhatrapati Sambhajinagar,Chhatrapati Sambhajinagar,Jalna,Jalna,Jalna,20094559,"120 Villages Extension Scheme for Works Not Considered in 173 GRID WSS and 95 GRID WSS Tq. Partur, Mantha and Jalna Dist: Jalna",Rameshwar Tanda,804,1,0.00,0.00,0.00,0.00,0.00,0.00,0.00,0.00,0.00,0.00,0.00,0.00,0.00,0.00,15-Sep,16-Sep,17-Sep,18-Sep,19-Sep,20-Sep,21-Sep,15-Sep,16-Sep,17-Sep,18-Sep,19-Sep,20-Sep,21-Sep,7,7,0
Chhatrapati Sambhajinagar,Chhatrapati Sambhajinagar,Jalna,Partur,Partur,20094559,"120 Villages Extension Scheme for Works Not Considered in 173 GRID WSS and 95 GRID WSS Tq. Partur, Mantha and Jalna Dist: Jalna",Patoda Mav,2967,1,0.00,0.00,0.00,0.00,0.00,0.00,0.00,0.00,0.00,0.00,0.00,0.00,0.00,0.00,15-Sep,16-Sep,17-Sep,18-Sep,19-Sep,20-Sep,21-Sep,15-Sep,16-Sep,17-Sep,18-Sep,19-Sep,20-Sep,21-Sep,7,7,0
Chhatrapati Sambhajinagar,Chhatrapati Sambhajinagar,Chhatrapati Sambhajinagar,Paithan,Paithan,20018162,Paithan Taluka 178 Village Grid WS,Antarwadi Khandi,2331,1,0.00,0.00,0.00,0.00,0.00,0.00,0.00,0.00,0.00,0.00,0.00,0.00,0.00,0.00,15-Sep,16-Sep,17-Sep,18-Sep,19-Sep,20-Sep,21-Sep,15-Sep,16-Sep,17-Sep,18-Sep,19-Sep,20-Sep,21-Sep,7,7,0
Chhatrapati Sambhajinagar,Chhatrapati Sambhajinagar,Jalna,Mantha,Mantha,20094559,"120 Villages Extension Scheme for Works Not Considered in 173 GRID WSS and 95 GRID WSS Tq. Partur, Mantha and Jalna Dist: Jalna",Talegaon,1215,2,0.00,0.00,0.00,0.00,0.00,0.00,0.00,0.00,0.00,0.00,0.00,0.00,0.00,0.00,15-Sep,16-Sep,17-Sep,18-Sep,19-Sep,20-Sep,21-Sep,15-Sep,16-Sep,17-Sep,18-Sep,19-Sep,20-Sep,21-Sep,7,7,0
Chhatrapati Sambhajinagar,Chhatrapati Sambhajinagar,Chhatrapati Sambhajinagar,Vaijapur,Vaijapur,20051233,373 Village Gangapur-Vaijapur Grid WSS,Mahalgaon,5303,1,6.09,7.47,7.75,7.30,8.06,7.96,7.14,114.90,140.88,146.14,137.74,151.99,150.13,134.64,15-Sep,16-Sep,17-Sep,18-Sep,19-Sep,20-Sep,21-Sep,15-Sep,16-Sep,17-Sep,18-Sep,19-Sep,20-Sep,21-Sep,0,0,7
Chhatrapati Sambhajinagar,Chhatrapati Sambhajinagar,Chhatrapati Sambhajinagar,Vaijapur,Vaijapur,20051233,373 Village Gangapur-Vaijapur Grid WSS,Sanjarpurwadi,2971,1,0.00,0.00,0.00,0.00,0.00,0.00,0.00,0.00,0.00,0.00,0.00,0.00,0.00,0.00,15-Sep,16-Sep,17-Sep,18-Sep,19-Sep,20-Sep,21-Sep,15-Sep,16-Sep,17-Sep,18-Sep,19-Sep,20-Sep,21-Sep,7,7,0
Chhatrapati Sambhajinagar,Chhatrapati Sambhajinagar,Jalna,Mantha,Mantha,20094559,"120 Villages Extension Scheme for Works Not Considered in 173 GRID WSS and 95 GRID WSS Tq. Partur, Mantha and Jalna Dist: Jalna",PANGRI KH.TANDA,701,1,0.16,0.00,0.14,0.00,0.00,0.00,0.00,22.82,0.00,19.97,0.00,0.00,0.00,0.00,15-Sep,16-Sep,17-Sep,18-Sep,19-Sep,20-Sep,21-Sep,15-Sep,16-Sep,17-Sep,18-Sep,19-Sep,20-Sep,21-Sep,5,7,0
Chhatrapati Sambhajinagar,Chhatrapati Sambhajinagar,Jalna,Partur,Partur,20094559,"120 Villages Extension Scheme for Works Not Considered in 173 GRID WSS and 95 GRID WSS Tq. Partur, Mantha and Jalna Dist: Jalna",Pimprula (bk),1111,1,0.00,0.00,0.00,0.00,0.00,0.00,0.00,0.00,0.00,0.00,0.00,0.00,0.00,0.00,15-Sep,16-Sep,17-Sep,18-Sep,19-Sep,20-Sep,21-Sep,15-Sep,16-Sep,17-Sep,18-Sep,19-Sep,20-Sep,21-Sep,7,7,0
Chhatrapati Sambhajinagar,Chhatrapati Sambhajinagar,Jalna,Jalna,Jalna,20094559,"120 Villages Extension Scheme for Works Not Considered in 173 GRID WSS and 95 GRID WSS Tq. Partur, Mantha and Jalna Dist: Jalna",Wasaram Naik Tanda,373,1,0.00,0.00,0.00,0.00,0.00,0.00,0.00,0.00,0.00,0.00,0.00,0.01,0.01,0.01,15-Sep,16-Sep,17-Sep,18-Sep,19-Sep,20-Sep,21-Sep,15-Sep,16-Sep,17-Sep,18-Sep,19-Sep,20-Sep,21-Sep,4,7,0
Chhatrapati Sambhajinagar,Chhatrapati Sambhajinagar,Chhatrapati Sambhajinagar,Vaijapur,Vaijapur,20051233,373 Village Gangapur-Vaijapur Grid WSS,Agar Saigaon,1601,1,70.51,10.18,0.00,0.00,0.00,0.00,0.00,4404.02,635.85,0.00,0.00,0.00,0.00,0.00,15-Sep,16-Sep,17-Sep,18-Sep,19-Sep,20-Sep,21-Sep,15-Sep,16-Sep,17-Sep,18-Sep,19-Sep,20-Sep,21-Sep,5,5,2
Chhatrapati Sambhajinagar,Chhatrapati Sambhajinagar,Chhatrapati Sambhajinagar,Paithan,Paithan,20018162,Paithan Taluka 178 Village Grid WS,Gidhada,564,1,0.00,0.00,0.00,0.00,0.00,0.00,0.00,0.00,0.00,0.00,0.00,0.00,0.00,0.00,15-Sep,16-Sep,17-Sep,18-Sep,19-Sep,20-Sep,21-Sep,15-Sep,16-Sep,17-Sep,18-Sep,19-Sep,20-Sep,21-Sep,7,7,0
Chhatrapati Sambhajinagar,Chhatrapati Sambhajinagar,Chhatrapati Sambhajinagar,Paithan,Paithan,20018162,Paithan Taluka 178 Village Grid WS,Wawa,460,1,0.00,0.00,0.00,0.53,0.00,0.00,0.00,0.00,0.00,0.00,115.22,0.00,0.00,0.00,15-Sep,16-Sep,17-Sep,18-Sep,19-Sep,20-Sep,21-Sep,15-Sep,16-Sep,17-Sep,18-Sep,19-Sep,20-Sep,21-Sep,6,6,1
Chhatrapati Sambhajinagar,Chhatrapati Sambhajinagar,Jalna,Partur,Partur,20094559,"120 Villages Extension Scheme for Works Not Considered in 173 GRID WSS and 95 GRID WSS Tq. Partur, Mantha and Jalna Dist: Jalna",Babultara,1652,1,0.00,0.00,0.00,0.00,0.00,0.00,0.00,0.00,0.00,0.01,0.00,0.01,0.01,0.01,15-Sep,16-Sep,17-Sep,18-Sep,19-Sep,20-Sep,21-Sep,15-Sep,16-Sep,17-Sep,18-Sep,19-Sep,20-Sep,21-Sep,3,7,0
Chhatrapati Sambhajinagar,Chhatrapati Sambhajinagar,Jalna,Partur,Partur,20094559,"120 Villages Extension Scheme for Works Not Considered in 173 GRID WSS and 95 GRID WSS Tq. Partur, Mantha and Jalna Dist: Jalna",Karhala,2429,1,0.00,0.00,0.00,0.00,0.00,0.00,0.00,0.00,0.00,0.00,0.00,0.00,0.00,0.00,15-Sep,16-Sep,17-Sep,18-Sep,19-Sep,20-Sep,21-Sep,15-Sep,16-Sep,17-Sep,18-Sep,19-Sep,20-Sep,21-Sep,7,7,0
Chhatrapati Sambhajinagar,Nanded,Nanded,Hadgaon,Hadgaon,20013969,Hadgaon and Himayatnagar 132 Village Grid WSS,Gargavhan,264,1,2.53,18.26,5.45,15.54,17.46,13.92,12.88,958.33,6916.67,2064.39,5886.36,6614.13,5272.73,4877.78,15-Sep,16-Sep,17-Sep,18-Sep,19-Sep,20-Sep,21-Sep,15-Sep,16-Sep,17-Sep,18-Sep,19-Sep,20-Sep,21-Sep,0,0,7
Chhatrapati Sambhajinagar,Chhatrapati Sambhajinagar,Chhatrapati Sambhajinagar,Paithan,Paithan,20018162,Paithan Taluka 178 Village Grid WS,Paithan Kheda,1788,1,0.00,0.00,0.04,0.36,0.00,0.00,0.00,0.00,0.00,2.24,20.13,0.00,0.00,0.00,15-Sep,16-Sep,17-Sep,18-Sep,19-Sep,20-Sep,21-Sep,15-Sep,16-Sep,17-Sep,18-Sep,19-Sep,20-Sep,21-Sep,5,7,0
Chhatrapati Sambhajinagar,Latur,Latur,Shirur Anantpal,Shirur Anantpal,20030815,Sakol 7 villages WSS,Kanegaon,1604,1,6.99,3.97,3.73,4.26,0.13,5.66,2.37,435.49,247.30,232.32,265.43,7.89,352.67,147.60,15-Sep,16-Sep,17-Sep,18-Sep,19-Sep,20-Sep,21-Sep,15-Sep,16-Sep,17-Sep,18-Sep,19-Sep,20-Sep,21-Sep,0,1,6
Chhatrapati Sambhajinagar,Chhatrapati Sambhajinagar,Chhatrapati Sambhajinagar,Paithan,Paithan,20018162,Paithan Taluka 178 Village Grid WS,Lakhegaon,988,1,0.55,0.47,0.15,0.28,0.53,0.49,0.63,55.67,47.57,15.18,28.34,53.31,49.60,63.77,15-Sep,16-Sep,17-Sep,18-Sep,19-Sep,20-Sep,21-Sep,15-Sep,16-Sep,17-Sep,18-Sep,19-Sep,20-Sep,21-Sep,0,5,2
Chhatrapati Sambhajinagar,Chhatrapati Sambhajinagar,Chhatrapati Sambhajinagar,Vaijapur,Vaijapur,20051233,373 Village Gangapur-Vaijapur Grid WSS,Shivrai,7718,1,0.56,0.00,0.00,0.70,0.76,0.00,0.00,7.26,0.00,0.00,9.07,9.85,0.00,0.00,15-Sep,16-Sep,17-Sep,18-Sep,19-Sep,20-Sep,21-Sep,15-Sep,16-Sep,17-Sep,18-Sep,19-Sep,20-Sep,21-Sep,4,7,0
Chhatrapati Sambhajinagar,Chhatrapati Sambhajinagar,Jalna,Partur,Partur,20094559,"120 Villages Extension Scheme for Works Not Considered in 173 GRID WSS and 95 GRID WSS Tq. Partur, Mantha and Jalna Dist: Jalna",Banachiwadi,898,1,0.00,0.00,0.00,0.00,0.00,0.00,0.00,0.00,0.00,0.00,0.00,0.00,0.00,0.00,15-Sep,16-Sep,17-Sep,18-Sep,19-Sep,20-Sep,21-Sep,15-Sep,16-Sep,17-Sep,18-Sep,19-Sep,20-Sep,21-Sep,7,7,0
Chhatrapati Sambhajinagar,Chhatrapati Sambhajinagar,Jalna,Partur,Partur,20094559,"120 Villages Extension Scheme for Works Not Considered in 173 GRID WSS and 95 GRID WSS Tq. Partur, Mantha and Jalna Dist: Jalna",Waijoda,1365,1,0.00,0.00,0.00,0.00,0.00,0.00,0.00,0.01,0.00,0.01,0.00,0.08,0.00,0.00,15-Sep,16-Sep,17-Sep,18-Sep,19-Sep,20-Sep,21-Sep,15-Sep,16-Sep,17-Sep,18-Sep,19-Sep,20-Sep,21-Sep,4,7,0
Chhatrapati Sambhajinagar,Chhatrapati Sambhajinagar,Jalna,Partur,Partur,20094559,"120 Villages Extension Scheme for Works Not Considered in 173 GRID WSS and 95 GRID WSS Tq. Partur, Mantha and Jalna Dist: Jalna",Wadhona Tanda,442,1,0.01,0.04,0.00,0.01,0.06,0.19,0.04,3.14,10.15,0.00,2.75,14.05,43.21,9.60,15-Sep,16-Sep,17-Sep,18-Sep,19-Sep,20-Sep,21-Sep,15-Sep,16-Sep,17-Sep,18-Sep,19-Sep,20-Sep,21-Sep,1,7,0
Chhatrapati Sambhajinagar,Chhatrapati Sambhajinagar,Jalna,Mantha,Mantha,20094559,"120 Villages Extension Scheme for Works Not Considered in 173 GRID WSS and 95 GRID WSS Tq. Partur, Mantha and Jalna Dist: Jalna",Dhondi Pimpalgaon,773,1,0.00,0.00,0.00,0.00,0.00,0.00,0.00,0.00,0.00,0.00,0.00,0.00,0.00,0.00,15-Sep,16-Sep,17-Sep,18-Sep,19-Sep,20-Sep,21-Sep,15-Sep,16-Sep,17-Sep,18-Sep,19-Sep,20-Sep,21-Sep,7,7,0
Chhatrapati Sambhajinagar,Chhatrapati Sambhajinagar,Chhatrapati Sambhajinagar,Paithan,Paithan,20018162,Paithan Taluka 178 Village Grid WS,Takli Paithan,0,1,0.64,0.73,0.68,0.58,0.00,0.00,0.00,0.00,0.00,0.00,0.00,0.00,0.00,0.00,15-Sep,16-Sep,17-Sep,18-Sep,19-Sep,20-Sep,21-Sep,15-Sep,16-Sep,17-Sep,18-Sep,19-Sep,20-Sep,21-Sep,7,7,0
Chhatrapati Sambhajinagar,Chhatrapati Sambhajinagar,Jalna,Mantha,Mantha,20094559,"120 Villages Extension Scheme for Works Not Considered in 173 GRID WSS and 95 GRID WSS Tq. Partur, Mantha and Jalna Dist: Jalna",Thenge Wadgaon,790,1,0.00,0.00,0.00,0.01,0.00,0.00,0.00,0.00,0.00,0.00,0.75,0.00,0.03,0.00,15-Sep,16-Sep,17-Sep,18-Sep,19-Sep,20-Sep,21-Sep,15-Sep,16-Sep,17-Sep,18-Sep,19-Sep,20-Sep,21-Sep,5,7,0
Chhatrapati Sambhajinagar,Chhatrapati Sambhajinagar,Jalna,Mantha,Mantha,20094559,"120 Villages Extension Scheme for Works Not Considered in 173 GRID WSS and 95 GRID WSS Tq. Partur, Mantha and Jalna Dist: Jalna",Warud,470,1,0.20,0.14,0.15,0.00,0.00,0.14,0.00,41.89,29.17,31.00,0.16,0.00,29.50,0.00,15-Sep,16-Sep,17-Sep,18-Sep,19-Sep,20-Sep,21-Sep,15-Sep,16-Sep,17-Sep,18-Sep,19-Sep,20-Sep,21-Sep,2,7,0
Chhatrapati Sambhajinagar,Nanded,Nanded,Hadgaon,Hadgaon,20013969,Hadgaon and Himayatnagar 132 Village Grid WSS,Chinchgawhan,2440,1,0.07,0.00,0.01,0.00,0.08,0.00,0.00,2.87,0.00,0.41,0.00,3.28,0.00,0.00,15-Sep,16-Sep,17-Sep,18-Sep,19-Sep,20-Sep,21-Sep,15-Sep,16-Sep,17-Sep,18-Sep,19-Sep,20-Sep,21-Sep,4,7,0
Chhatrapati Sambhajinagar,Chhatrapati Sambhajinagar,Jalna,Jalna,Jalna,20094559,"120 Villages Extension Scheme for Works Not Considered in 173 GRID WSS and 95 GRID WSS Tq. Partur, Mantha and Jalna Dist: Jalna",Pathrud Tanda,491,1,0.00,0.00,0.00,0.00,0.00,0.00,0.00,0.00,0.00,0.00,0.00,0.02,0.00,0.00,15-Sep,16-Sep,17-Sep,18-Sep,19-Sep,20-Sep,21-Sep,15-Sep,16-Sep,17-Sep,18-Sep,19-Sep,20-Sep,21-Sep,6,7,0
Chhatrapati Sambhajinagar,Chhatrapati Sambhajinagar,Jalna,Partur,Partur,20094559,"120 Villages Extension Scheme for Works Not Considered in 173 GRID WSS and 95 GRID WSS Tq. Partur, Mantha and Jalna Dist: Jalna",Shreshti,2637,1,0.06,0.25,0.08,0.12,0.27,0.00,0.18,2.18,9.36,2.93,4.62,10.11,0.00,6.69,15-Sep,16-Sep,17-Sep,18-Sep,19-Sep,20-Sep,21-Sep,15-Sep,16-Sep,17-Sep,18-Sep,19-Sep,20-Sep,21-Sep,1,7,0
Chhatrapati Sambhajinagar,Chhatrapati Sambhajinagar,Jalna,Mantha,Mantha,20094559,"120 Villages Extension Scheme for Works Not Considered in 173 GRID WSS and 95 GRID WSS Tq. Partur, Mantha and Jalna Dist: Jalna",Kanphodi,196,1,0.00,0.00,0.07,0.00,0.00,0.00,0.00,0.00,0.00,35.71,0.00,0.00,0.00,0.00,15-Sep,16-Sep,17-Sep,18-Sep,19-Sep,20-Sep,21-Sep,15-Sep,16-Sep,17-Sep,18-Sep,19-Sep,20-Sep,21-Sep,6,7,0
Chhatrapati Sambhajinagar,Chhatrapati Sambhajinagar,Jalna,Partur,Partur,20094559,"120 Villages Extension Scheme for Works Not Considered in 173 GRID WSS and 95 GRID WSS Tq. Partur, Mantha and Jalna Dist: Jalna",Revalgaon,865,1,1678.54,1629.30,50.14,1670.25,1838.65,1759.88,1852.47,194050.87,188358.73,5796.82,193092.49,212560.58,203454.39,214158.19,15-Sep,16-Sep,17-Sep,18-Sep,19-Sep,20-Sep,21-Sep,15-Sep,16-Sep,17-Sep,18-Sep,19-Sep,20-Sep,21-Sep,0,0,7
Chhatrapati Sambhajinagar,Chhatrapati Sambhajinagar,Chhatrapati Sambhajinagar,Gangapur,Gangapur,20051233,373 Village Gangapur-Vaijapur Grid WSS,Warkhed,3343,1,0.76,0.51,0.65,0.00,0.00,0.61,0.70,22.73,15.26,19.44,0.00,0.00,18.25,20.94,15-Sep,16-Sep,17-Sep,18-Sep,19-Sep,20-Sep,21-Sep,15-Sep,16-Sep,17-Sep,18-Sep,19-Sep,20-Sep,21-Sep,2,7,0
Chhatrapati Sambhajinagar,Nanded,Nanded,Hadgaon,Hadgaon,20013969,Hadgaon and Himayatnagar 132 Village Grid WSS,Nevri,2518,1,0.00,0.00,0.00,0.00,0.00,0.00,0.00,0.00,0.00,0.00,0.00,0.00,0.00,0.00,15-Sep,16-Sep,17-Sep,18-Sep,19-Sep,20-Sep,21-Sep,15-Sep,16-Sep,17-Sep,18-Sep,19-Sep,20-Sep,21-Sep,7,7,0
Chhatrapati Sambhajinagar,Chhatrapati Sambhajinagar,Chhatrapati Sambhajinagar,Paithan,Paithan,20018162,Paithan Taluka 178 Village Grid WS,Geora Bashi,0,1,0.00,0.00,0.00,0.00,0.00,0.00,0.00,0.00,0.00,0.00,0.00,0.00,0.00,0.00,15-Sep,16-Sep,17-Sep,18-Sep,19-Sep,20-Sep,21-Sep,15-Sep,16-Sep,17-Sep,18-Sep,19-Sep,20-Sep,21-Sep,7,7,0
Chhatrapati Sambhajinagar,Chhatrapati Sambhajinagar,Jalna,Partur,Partur,20094559,"120 Villages Extension Scheme for Works Not Considered in 173 GRID WSS and 95 GRID WSS Tq. Partur, Mantha and Jalna Dist: Jalna",Takali Rangopant,1726,1,0.00,0.00,0.00,0.00,0.00,0.00,0.00,0.00,0.00,0.00,0.00,0.00,0.00,0.00,15-Sep,16-Sep,17-Sep,18-Sep,19-Sep,20-Sep,21-Sep,15-Sep,16-Sep,17-Sep,18-Sep,19-Sep,20-Sep,21-Sep,7,7,0
Chhatrapati Sambhajinagar,Chhatrapati Sambhajinagar,Jalna,Mantha,Mantha,20094559,"120 Villages Extension Scheme for Works Not Considered in 173 GRID WSS and 95 GRID WSS Tq. Partur, Mantha and Jalna Dist: Jalna",Pangri Gosavi,5045,1,0.00,0.85,4.99,4.09,0.98,3.42,2.90,0.00,16.85,98.98,81.07,19.43,67.79,57.48,15-Sep,16-Sep,17-Sep,18-Sep,19-Sep,20-Sep,21-Sep,15-Sep,16-Sep,17-Sep,18-Sep,19-Sep,20-Sep,21-Sep,1,3,4
Chhatrapati Sambhajinagar,Chhatrapati Sambhajinagar,Chhatrapati Sambhajinagar,Vaijapur,Vaijapur,20051233,373 Village Gangapur-Vaijapur Grid WSS,Jarul,3679,1,0.00,0.00,0.00,0.00,0.00,0.00,0.00,0.00,0.00,0.00,0.00,0.00,0.00,0.00,15-Sep,16-Sep,17-Sep,18-Sep,19-Sep,20-Sep,21-Sep,15-Sep,16-Sep,17-Sep,18-Sep,19-Sep,20-Sep,21-Sep,7,7,0
Chhatrapati Sambhajinagar,Chhatrapati Sambhajinagar,Jalna,Mantha,Mantha,20094559,"120 Villages Extension Scheme for Works Not Considered in 173 GRID WSS and 95 GRID WSS Tq. Partur, Mantha and Jalna Dist: Jalna",Mahora,822,1,0.00,0.00,0.00,0.00,0.00,0.00,0.00,0.19,0.00,0.00,0.00,0.03,0.00,0.00,15-Sep,16-Sep,17-Sep,18-Sep,19-Sep,20-Sep,21-Sep,15-Sep,16-Sep,17-Sep,18-Sep,19-Sep,20-Sep,21-Sep,5,7,0
Chhatrapati Sambhajinagar,Nanded,Nanded,Hadgaon,Hadgaon,20013969,Hadgaon and Himayatnagar 132 Village Grid WSS,Pingli,460,1,1.21,0.00,1.20,0.98,0.00,0.00,0.00,263.04,0.00,260.87,213.04,0.00,0.00,0.00,15-Sep,16-Sep,17-Sep,18-Sep,19-Sep,20-Sep,21-Sep,15-Sep,16-Sep,17-Sep,18-Sep,19-Sep,20-Sep,21-Sep,4,4,3
Chhatrapati Sambhajinagar,Chhatrapati Sambhajinagar,Jalna,Partur,Partur,20094559,"120 Villages Extension Scheme for Works Not Considered in 173 GRID WSS and 95 GRID WSS Tq. Partur, Mantha and Jalna Dist: Jalna",Babai,1088,1,0.00,0.00,0.00,0.00,0.00,0.00,0.00,0.00,0.00,0.00,0.00,0.00,0.00,0.00,15-Sep,16-Sep,17-Sep,18-Sep,19-Sep,20-Sep,21-Sep,15-Sep,16-Sep,17-Sep,18-Sep,19-Sep,20-Sep,21-Sep,7,7,0
Chhatrapati Sambhajinagar,Chhatrapati Sambhajinagar,Jalna,Partur,Partur,20094559,"120 Villages Extension Scheme for Works Not Considered in 173 GRID WSS and 95 GRID WSS Tq. Partur, Mantha and Jalna Dist: Jalna",Chincholi,1805,1,0.00,0.53,0.00,7.81,0.00,0.00,0.00,0.00,29.36,0.00,432.65,0.00,0.00,0.00,15-Sep,16-Sep,17-Sep,18-Sep,19-Sep,20-Sep,21-Sep,15-Sep,16-Sep,17-Sep,18-Sep,19-Sep,20-Sep,21-Sep,5,6,1
Chhatrapati Sambhajinagar,Nanded,Nanded,Hadgaon,Hadgaon,20013969,Hadgaon and Himayatnagar 132 Village Grid WSS,Babhali,2273,1,0.45,0.53,0.64,1.44,0.45,0.46,0.54,19.80,23.32,28.16,63.35,19.80,20.24,23.76,15-Sep,16-Sep,17-Sep,18-Sep,19-Sep,20-Sep,21-Sep,15-Sep,16-Sep,17-Sep,18-Sep,19-Sep,20-Sep,21-Sep,0,6,1
Chhatrapati Sambhajinagar,Chhatrapati Sambhajinagar,Chhatrapati Sambhajinagar,Paithan,Paithan,20018162,Paithan Taluka 178 Village Grid WS,Karkin,2680,1,1.10,0.76,0.89,0.77,0.99,0.00,0.00,41.04,28.36,33.21,28.73,36.94,0.00,0.00,15-Sep,16-Sep,17-Sep,18-Sep,19-Sep,20-Sep,21-Sep,15-Sep,16-Sep,17-Sep,18-Sep,19-Sep,20-Sep,21-Sep,2,7,0
Chhatrapati Sambhajinagar,Chhatrapati Sambhajinagar,Jalna,Mantha,Mantha,20094559,"120 Villages Extension Scheme for Works Not Considered in 173 GRID WSS and 95 GRID WSS Tq. Partur, Mantha and Jalna Dist: Jalna",Taltondi,1388,1,0.00,0.00,0.00,0.00,0.00,0.00,0.00,0.00,0.00,0.00,0.00,0.00,0.00,0.00,15-Sep,16-Sep,17-Sep,18-Sep,19-Sep,20-Sep,21-Sep,15-Sep,16-Sep,17-Sep,18-Sep,19-Sep,20-Sep,21-Sep,7,7,0
Chhatrapati Sambhajinagar,Chhatrapati Sambhajinagar,Jalna,Mantha,Mantha,20094559,"120 Villages Extension Scheme for Works Not Considered in 173 GRID WSS and 95 GRID WSS Tq. Partur, Mantha and Jalna Dist: Jalna",Kendhali Tanda,263,1,0.00,0.00,0.00,0.00,0.00,0.00,0.00,0.00,0.00,0.00,0.00,0.00,0.00,0.00,15-Sep,16-Sep,17-Sep,18-Sep,19-Sep,20-Sep,21-Sep,15-Sep,16-Sep,17-Sep,18-Sep,19-Sep,20-Sep,21-Sep,7,7,0
Chhatrapati Sambhajinagar,Chhatrapati Sambhajinagar,Chhatrapati Sambhajinagar,Vaijapur,Vaijapur,20051233,373 Village Gangapur-Vaijapur Grid WSS,Pokhari,2866,1,0.87,5.16,6.36,1.67,0.00,0.22,9.06,30.36,180.07,221.91,58.27,0.00,7.68,316.12,15-Sep,16-Sep,17-Sep,18-Sep,19-Sep,20-Sep,21-Sep,15-Sep,16-Sep,17-Sep,18-Sep,19-Sep,20-Sep,21-Sep,1,3,4
Chhatrapati Sambhajinagar,Chhatrapati Sambhajinagar,Chhatrapati Sambhajinagar,Paithan,Paithan,20018162,Paithan Taluka 178 Village Grid WS,Shivani,440,1,0.00,0.00,0.44,0.97,0.00,0.00,0.58,0.00,0.00,100.00,220.45,0.00,0.00,131.82,15-Sep,16-Sep,17-Sep,18-Sep,19-Sep,20-Sep,21-Sep,15-Sep,16-Sep,17-Sep,18-Sep,19-Sep,20-Sep,21-Sep,4,4,3
Chhatrapati Sambhajinagar,Nanded,Nanded,Hadgaon,Hadgaon,20013969,Hadgaon and Himayatnagar 132 Village Grid WSS,Wai Pana Kh,1296,1,0.00,0.00,0.00,0.00,0.00,0.00,0.00,0.00,0.00,0.00,0.00,0.00,0.00,0.00,15-Sep,16-Sep,17-Sep,18-Sep,19-Sep,20-Sep,21-Sep,15-Sep,16-Sep,17-Sep,18-Sep,19-Sep,20-Sep,21-Sep,7,7,0
Chhatrapati Sambhajinagar,Nanded,Nanded,Himayatnagar,Himayatnagar,20013969,Hadgaon and Himayatnagar 132 Village Grid WSS,Mangrul,2278,1,0.00,0.00,0.00,0.00,0.00,0.00,0.00,0.00,0.00,0.00,0.00,0.00,0.00,0.00,15-Sep,16-Sep,17-Sep,18-Sep,19-Sep,20-Sep,21-Sep,15-Sep,16-Sep,17-Sep,18-Sep,19-Sep,20-Sep,21-Sep,7,7,0
Chhatrapati Sambhajinagar,Chhatrapati Sambhajinagar,Jalna,Partur,Partur,20094559,"120 Villages Extension Scheme for Works Not Considered in 173 GRID WSS and 95 GRID WSS Tq. Partur, Mantha and Jalna Dist: Jalna",Masala,716,1,0.00,0.01,0.00,0.00,0.01,0.01,0.02,0.65,0.87,0.24,0.38,1.38,1.36,2.46,15-Sep,16-Sep,17-Sep,18-Sep,19-Sep,20-Sep,21-Sep,15-Sep,16-Sep,17-Sep,18-Sep,19-Sep,20-Sep,21-Sep,0,7,0
Chhatrapati Sambhajinagar,Chhatrapati Sambhajinagar,Jalna,Mantha,Mantha,20094559,"120 Villages Extension Scheme for Works Not Considered in 173 GRID WSS and 95 GRID WSS Tq. Partur, Mantha and Jalna Dist: Jalna",Wazarsarkate,2525,1,0.00,0.00,0.00,0.00,0.00,0.00,0.00,0.00,0.00,0.00,0.00,0.00,0.00,0.00,15-Sep,16-Sep,17-Sep,18-Sep,19-Sep,20-Sep,21-Sep,15-Sep,16-Sep,17-Sep,18-Sep,19-Sep,20-Sep,21-Sep,7,7,0
Chhatrapati Sambhajinagar,Chhatrapati Sambhajinagar,Jalna,Mantha,Mantha,20094559,"120 Villages Extension Scheme for Works Not Considered in 173 GRID WSS and 95 GRID WSS Tq. Partur, Mantha and Jalna Dist: Jalna",LIMBEWADGAON GHARKUL,540,1,0.00,0.00,0.00,0.00,0.00,0.00,0.00,0.00,0.00,0.00,0.00,0.00,0.00,0.00,15-Sep,16-Sep,17-Sep,18-Sep,19-Sep,20-Sep,21-Sep,15-Sep,16-Sep,17-Sep,18-Sep,19-Sep,20-Sep,21-Sep,7,7,0
Chhatrapati Sambhajinagar,Chhatrapati Sambhajinagar,Chhatrapati Sambhajinagar,Gangapur,Gangapur,20051233,373 Village Gangapur-Vaijapur Grid WSS,Domegaon-Borgaon,1535,1,0.00,0.00,0.00,0.00,0.00,0.00,0.00,0.00,0.00,0.00,0.00,0.00,0.00,0.00,15-Sep,16-Sep,17-Sep,18-Sep,19-Sep,20-Sep,21-Sep,15-Sep,16-Sep,17-Sep,18-Sep,19-Sep,20-Sep,21-Sep,7,7,0
Chhatrapati Sambhajinagar,Latur,Latur,Renapur,Renapur,20030820,Pangaon 10 villages WSS,Manusmarwadi,1629,1,0.00,0.00,0.00,0.00,1.15,1.76,2.16,0.00,0.00,0.00,0.00,70.60,108.04,132.87,15-Sep,16-Sep,17-Sep,18-Sep,19-Sep,20-Sep,21-Sep,15-Sep,16-Sep,17-Sep,18-Sep,19-Sep,20-Sep,21-Sep,4,4,3
Chhatrapati Sambhajinagar,Chhatrapati Sambhajinagar,Jalna,Mantha,Mantha,20094559,"120 Villages Extension Scheme for Works Not Considered in 173 GRID WSS and 95 GRID WSS Tq. Partur, Mantha and Jalna Dist: Jalna",Kathala (bk),725,1,0.00,0.00,0.00,0.00,0.00,0.00,0.00,0.00,0.00,0.00,0.00,0.00,0.00,0.00,15-Sep,16-Sep,17-Sep,18-Sep,19-Sep,20-Sep,21-Sep,15-Sep,16-Sep,17-Sep,18-Sep,19-Sep,20-Sep,21-Sep,7,7,0
Chhatrapati Sambhajinagar,Nanded,Nanded,Hadgaon,Hadgaon,20013969,Hadgaon and Himayatnagar 132 Village Grid WSS,Talang,579,1,0.00,0.00,0.00,0.00,0.00,0.00,0.00,0.00,0.00,0.00,0.00,0.00,0.00,0.00,15-Sep,16-Sep,17-Sep,18-Sep,19-Sep,20-Sep,21-Sep,15-Sep,16-Sep,17-Sep,18-Sep,19-Sep,20-Sep,21-Sep,7,7,0
Chhatrapati Sambhajinagar,Chhatrapati Sambhajinagar,Jalna,Mantha,Mantha,20094559,"120 Villages Extension Scheme for Works Not Considered in 173 GRID WSS and 95 GRID WSS Tq. Partur, Mantha and Jalna Dist: Jalna",Lavani Tanda,1283,1,0.00,0.00,0.00,0.00,0.00,0.00,0.00,0.00,0.00,0.00,0.00,0.00,0.00,0.00,15-Sep,16-Sep,17-Sep,18-Sep,19-Sep,20-Sep,21-Sep,15-Sep,16-Sep,17-Sep,18-Sep,19-Sep,20-Sep,21-Sep,7,7,0
Chhatrapati Sambhajinagar,Chhatrapati Sambhajinagar,Chhatrapati Sambhajinagar,Vaijapur,Vaijapur,20051233,373 Village Gangapur-Vaijapur Grid WSS,Babhultel,1532,1,0.00,0.00,0.00,0.00,0.00,0.00,0.00,0.00,0.00,0.00,0.00,0.00,0.00,0.00,15-Sep,16-Sep,17-Sep,18-Sep,19-Sep,20-Sep,21-Sep,15-Sep,16-Sep,17-Sep,18-Sep,19-Sep,20-Sep,21-Sep,7,7,0
Chhatrapati Sambhajinagar,Chhatrapati Sambhajinagar,Jalna,Mantha,Mantha,20094559,"120 Villages Extension Scheme for Works Not Considered in 173 GRID WSS and 95 GRID WSS Tq. Partur, Mantha and Jalna Dist: Jalna",Idoli(bk),3856,1,0.00,0.00,0.00,0.18,0.00,0.09,0.14,0.00,0.00,0.00,4.75,0.00,2.46,3.56,15-Sep,16-Sep,17-Sep,18-Sep,19-Sep,20-Sep,21-Sep,15-Sep,16-Sep,17-Sep,18-Sep,19-Sep,20-Sep,21-Sep,4,7,0
Chhatrapati Sambhajinagar,Chhatrapati Sambhajinagar,Jalna,Partur,Partur,20094559,"120 Villages Extension Scheme for Works Not Considered in 173 GRID WSS and 95 GRID WSS Tq. Partur, Mantha and Jalna Dist: Jalna",Varphal,3649,1,0.00,0.00,0.00,0.00,0.00,0.00,0.00,0.00,0.00,0.00,0.00,0.00,0.00,0.00,15-Sep,16-Sep,17-Sep,18-Sep,19-Sep,20-Sep,21-Sep,15-Sep,16-Sep,17-Sep,18-Sep,19-Sep,20-Sep,21-Sep,7,7,0
Chhatrapati Sambhajinagar,Chhatrapati Sambhajinagar,Jalna,Mantha,Mantha,20094559,"120 Villages Extension Scheme for Works Not Considered in 173 GRID WSS and 95 GRID WSS Tq. Partur, Mantha and Jalna Dist: Jalna",Kokrambha,619,1,0.00,0.00,0.00,0.00,0.00,0.00,0.00,0.00,0.00,0.00,0.00,0.00,0.00,0.00,15-Sep,16-Sep,17-Sep,18-Sep,19-Sep,20-Sep,21-Sep,15-Sep,16-Sep,17-Sep,18-Sep,19-Sep,20-Sep,21-Sep,7,7,0
Chhatrapati Sambhajinagar,Chhatrapati Sambhajinagar,Chhatrapati Sambhajinagar,Vaijapur,Vaijapur,20051233,373 Village Gangapur-Vaijapur Grid WSS,Garaj,1820,1,0.00,0.00,0.00,0.00,0.00,0.00,0.00,0.00,0.00,0.00,0.00,0.00,0.00,0.00,15-Sep,16-Sep,17-Sep,18-Sep,19-Sep,20-Sep,21-Sep,15-Sep,16-Sep,17-Sep,18-Sep,19-Sep,20-Sep,21-Sep,7,7,0
Chhatrapati Sambhajinagar,Nanded,Nanded,Hadgaon,Hadgaon,20013969,Hadgaon and Himayatnagar 132 Village Grid WSS,Niwdha,8189,1,0.00,0.00,0.00,0.00,0.00,0.00,0.00,0.00,0.00,0.00,0.00,0.00,0.00,0.00,15-Sep,16-Sep,17-Sep,18-Sep,19-Sep,20-Sep,21-Sep,15-Sep,16-Sep,17-Sep,18-Sep,19-Sep,20-Sep,21-Sep,7,7,0
Chhatrapati Sambhajinagar,Chhatrapati Sambhajinagar,Jalna,Partur,Partur,20094559,"120 Villages Extension Scheme for Works Not Considered in 173 GRID WSS and 95 GRID WSS Tq. Partur, Mantha and Jalna Dist: Jalna",Surumgaon,947,2,0.00,0.00,0.01,0.00,0.30,0.60,0.54,0.16,0.11,0.78,0.11,31.50,63.66,57.27,15-Sep,16-Sep,17-Sep,18-Sep,19-Sep,20-Sep,21-Sep,15-Sep,16-Sep,17-Sep,18-Sep,19-Sep,20-Sep,21-Sep,0,5,2
Chhatrapati Sambhajinagar,Chhatrapati Sambhajinagar,Jalna,Mantha,Mantha,20094559,"120 Villages Extension Scheme for Works Not Considered in 173 GRID WSS and 95 GRID WSS Tq. Partur, Mantha and Jalna Dist: Jalna",Virgavhan Tanda,577,1,0.00,0.00,0.00,0.00,0.00,0.00,0.00,0.00,0.00,0.00,0.00,0.00,0.00,0.00,15-Sep,16-Sep,17-Sep,18-Sep,19-Sep,20-Sep,21-Sep,15-Sep,16-Sep,17-Sep,18-Sep,19-Sep,20-Sep,21-Sep,7,7,0
Chhatrapati Sambhajinagar,Chhatrapati Sambhajinagar,Jalna,Mantha,Mantha,20094559,"120 Villages Extension Scheme for Works Not Considered in 173 GRID WSS and 95 GRID WSS Tq. Partur, Mantha and Jalna Dist: Jalna",Erandeshwar,304,1,0.00,0.00,0.00,0.00,0.00,0.00,0.00,0.00,0.00,0.00,0.00,0.00,0.00,0.00,15-Sep,16-Sep,17-Sep,18-Sep,19-Sep,20-Sep,21-Sep,15-Sep,16-Sep,17-Sep,18-Sep,19-Sep,20-Sep,21-Sep,7,7,0
Chhatrapati Sambhajinagar,Chhatrapati Sambhajinagar,Jalna,Partur,Partur,20094559,"120 Villages Extension Scheme for Works Not Considered in 173 GRID WSS and 95 GRID WSS Tq. Partur, Mantha and Jalna Dist: Jalna",Walkhed,1443,1,0.00,0.00,0.00,0.00,0.00,0.00,0.00,0.00,0.00,0.00,0.00,0.00,0.00,0.00,15-Sep,16-Sep,17-Sep,18-Sep,19-Sep,20-Sep,21-Sep,15-Sep,16-Sep,17-Sep,18-Sep,19-Sep,20-Sep,21-Sep,7,7,0
Chhatrapati Sambhajinagar,Chhatrapati Sambhajinagar,Chhatrapati Sambhajinagar,Paithan,Paithan,20018162,Paithan Taluka 178 Village Grid WS,Thergaon,1020,1,3.88,2.46,4.24,5.03,2.46,2.54,2.56,380.07,241.18,415.69,493.14,241.18,249.02,250.98,15-Sep,16-Sep,17-Sep,18-Sep,19-Sep,20-Sep,21-Sep,15-Sep,16-Sep,17-Sep,18-Sep,19-Sep,20-Sep,21-Sep,0,0,7
Chhatrapati Sambhajinagar,Chhatrapati Sambhajinagar,Chhatrapati Sambhajinagar,Vaijapur,Vaijapur,20051233,373 Village Gangapur-Vaijapur Grid WSS,Gadhe Pimpalgaon,3803,1,0.00,0.00,0.00,0.00,0.00,0.00,0.00,0.00,0.00,0.00,0.00,0.00,0.00,0.00,15-Sep,16-Sep,17-Sep,18-Sep,19-Sep,20-Sep,21-Sep,15-Sep,16-Sep,17-Sep,18-Sep,19-Sep,20-Sep,21-Sep,7,7,0
Chhatrapati Sambhajinagar,Chhatrapati Sambhajinagar,Jalna,Mantha,Mantha,20094559,"120 Villages Extension Scheme for Works Not Considered in 173 GRID WSS and 95 GRID WSS Tq. Partur, Mantha and Jalna Dist: Jalna",Sonunkarwadi,409,1,0.00,0.00,0.00,0.00,0.00,0.00,0.00,0.00,0.00,0.00,0.00,0.00,0.00,0.00,15-Sep,16-Sep,17-Sep,18-Sep,19-Sep,20-Sep,21-Sep,15-Sep,16-Sep,17-Sep,18-Sep,19-Sep,20-Sep,21-Sep,7,7,0
Chhatrapati Sambhajinagar,Nanded,Nanded,Naigaon,Naigaon,7942142,Manjram WSS (7942142),Manjram,4704,1,0.00,0.00,0.00,0.00,0.00,0.00,0.00,0.00,0.00,0.00,0.00,0.00,0.00,0.00,15-Sep,16-Sep,17-Sep,18-Sep,19-Sep,20-Sep,21-Sep,15-Sep,16-Sep,17-Sep,18-Sep,19-Sep,20-Sep,21-Sep,7,7,0
Chhatrapati Sambhajinagar,Chhatrapati Sambhajinagar,Jalna,Mantha,Mantha,20094559,"120 Villages Extension Scheme for Works Not Considered in 173 GRID WSS and 95 GRID WSS Tq. Partur, Mantha and Jalna Dist: Jalna",Naigaon MBR,1491,1,0.00,0.00,0.00,0.00,0.00,0.00,0.00,0.00,0.00,0.00,0.00,0.00,0.00,0.00,15-Sep,16-Sep,17-Sep,18-Sep,19-Sep,20-Sep,21-Sep,15-Sep,16-Sep,17-Sep,18-Sep,19-Sep,20-Sep,21-Sep,7,7,0
Chhatrapati Sambhajinagar,Chhatrapati Sambhajinagar,Jalna,Mantha,Mantha,20094559,"120 Villages Extension Scheme for Works Not Considered in 173 GRID WSS and 95 GRID WSS Tq. Partur, Mantha and Jalna Dist: Jalna",Ganeshpur (Ambhora Jahagir),214,1,0.14,0.11,0.61,1.20,0.90,0.62,0.78,63.56,52.61,284.24,560.34,422.41,288.29,366.28,15-Sep,16-Sep,17-Sep,18-Sep,19-Sep,20-Sep,21-Sep,15-Sep,16-Sep,17-Sep,18-Sep,19-Sep,20-Sep,21-Sep,0,1,6
Chhatrapati Sambhajinagar,Nanded,Nanded,Himayatnagar,Himayatnagar,20013969,Hadgaon and Himayatnagar 132 Village Grid WSS,Pawana,2623,1,0.00,0.00,0.00,0.00,0.00,0.00,0.00,0.00,0.00,0.00,0.00,0.00,0.00,0.00,15-Sep,16-Sep,17-Sep,18-Sep,19-Sep,20-Sep,21-Sep,15-Sep,16-Sep,17-Sep,18-Sep,19-Sep,20-Sep,21-Sep,7,7,0
Chhatrapati Sambhajinagar,Chhatrapati Sambhajinagar,Jalna,Mantha,Mantha,20094559,"120 Villages Extension Scheme for Works Not Considered in 173 GRID WSS and 95 GRID WSS Tq. Partur, Mantha and Jalna Dist: Jalna",Jambharun,852,2,0.00,0.00,0.00,0.00,0.00,0.00,0.00,0.00,0.00,0.00,0.00,0.00,0.00,0.00,15-Sep,16-Sep,17-Sep,18-Sep,19-Sep,20-Sep,21-Sep,15-Sep,16-Sep,17-Sep,18-Sep,19-Sep,20-Sep,21-Sep,7,7,0
Chhatrapati Sambhajinagar,Chhatrapati Sambhajinagar,Chhatrapati Sambhajinagar,Vaijapur,Vaijapur,20051233,373 Village Gangapur-Vaijapur Grid WSS,Mali Sagaj,2144,1,0.00,0.00,0.00,0.00,0.08,0.00,0.00,0.00,0.00,0.00,0.00,3.73,0.00,0.00,15-Sep,16-Sep,17-Sep,18-Sep,19-Sep,20-Sep,21-Sep,15-Sep,16-Sep,17-Sep,18-Sep,19-Sep,20-Sep,21-Sep,6,7,0
Chhatrapati Sambhajinagar,Chhatrapati Sambhajinagar,Chhatrapati Sambhajinagar,Paithan,Paithan,20018162,Paithan Taluka 178 Village Grid WS,Pangara,0,1,0.00,0.00,0.00,0.00,0.00,0.00,0.00,0.00,0.00,0.00,0.00,0.00,0.00,0.00,15-Sep,16-Sep,17-Sep,18-Sep,19-Sep,20-Sep,21-Sep,15-Sep,16-Sep,17-Sep,18-Sep,19-Sep,20-Sep,21-Sep,7,7,0
Chhatrapati Sambhajinagar,Latur,Latur,Shirur Anantpal,Shirur Anantpal,20030815,Sakol 7 villages WSS,Sakol,8777,2,7.30,0.01,0.00,2.86,3.79,3.22,1.54,83.17,0.11,0.00,32.59,43.18,36.69,17.55,15-Sep,16-Sep,17-Sep,18-Sep,19-Sep,20-Sep,21-Sep,15-Sep,16-Sep,17-Sep,18-Sep,19-Sep,20-Sep,21-Sep,1,6,1
Chhatrapati Sambhajinagar,Chhatrapati Sambhajinagar,Jalna,Mantha,Mantha,20094559,"120 Villages Extension Scheme for Works Not Considered in 173 GRID WSS and 95 GRID WSS Tq. Partur, Mantha and Jalna Dist: Jalna",Meskheda,1641,1,0.52,0.55,0.00,0.32,0.33,1.12,0.00,31.42,33.27,0.00,19.75,19.81,68.01,0.00,15-Sep,16-Sep,17-Sep,18-Sep,19-Sep,20-Sep,21-Sep,15-Sep,16-Sep,17-Sep,18-Sep,19-Sep,20-Sep,21-Sep,2,6,1
Chhatrapati Sambhajinagar,Chhatrapati Sambhajinagar,Jalna,Mantha,Mantha,20094559,"120 Villages Extension Scheme for Works Not Considered in 173 GRID WSS and 95 GRID WSS Tq. Partur, Mantha and Jalna Dist: Jalna",RAMTIRTH,1143,1,0.00,0.00,0.00,0.00,0.00,0.00,0.00,0.00,0.00,0.00,0.00,0.00,0.00,0.00,15-Sep,16-Sep,17-Sep,18-Sep,19-Sep,20-Sep,21-Sep,15-Sep,16-Sep,17-Sep,18-Sep,19-Sep,20-Sep,21-Sep,7,7,0
Chhatrapati Sambhajinagar,Chhatrapati Sambhajinagar,Jalna,Partur,Partur,20094559,"120 Villages Extension Scheme for Works Not Considered in 173 GRID WSS and 95 GRID WSS Tq. Partur, Mantha and Jalna Dist: Jalna",Satarawahegaon,1264,1,0.00,0.00,0.00,0.00,0.00,0.00,0.00,0.00,0.00,0.00,0.00,0.00,0.00,0.00,15-Sep,16-Sep,17-Sep,18-Sep,19-Sep,20-Sep,21-Sep,15-Sep,16-Sep,17-Sep,18-Sep,19-Sep,20-Sep,21-Sep,7,7,0
Chhatrapati Sambhajinagar,Chhatrapati Sambhajinagar,Jalna,Jalna,Jalna,20094559,"120 Villages Extension Scheme for Works Not Considered in 173 GRID WSS and 95 GRID WSS Tq. Partur, Mantha and Jalna Dist: Jalna",Ukhali,998,1,0.00,0.00,0.00,0.00,0.00,0.00,0.00,0.05,0.08,0.01,0.01,0.04,0.00,0.00,15-Sep,16-Sep,17-Sep,18-Sep,19-Sep,20-Sep,21-Sep,15-Sep,16-Sep,17-Sep,18-Sep,19-Sep,20-Sep,21-Sep,2,7,0
Chhatrapati Sambhajinagar,Latur,Latur,Shirur Anantpal,Shirur Anantpal,20030815,Sakol 7 villages WSS,Tripal,1086,1,0.00,0.00,0.00,0.00,0.00,0.00,0.00,0.00,0.00,0.00,0.00,0.00,0.00,0.00,15-Sep,16-Sep,17-Sep,18-Sep,19-Sep,20-Sep,21-Sep,15-Sep,16-Sep,17-Sep,18-Sep,19-Sep,20-Sep,21-Sep,7,7,0
Chhatrapati Sambhajinagar,Chhatrapati Sambhajinagar,Jalna,Partur,Partur,20094559,"120 Villages Extension Scheme for Works Not Considered in 173 GRID WSS and 95 GRID WSS Tq. Partur, Mantha and Jalna Dist: Jalna",Sirasgaon,1422,1,0.33,0.00,0.00,0.00,0.00,0.36,0.00,23.38,0.00,0.00,0.00,0.00,25.64,0.00,15-Sep,16-Sep,17-Sep,18-Sep,19-Sep,20-Sep,21-Sep,15-Sep,16-Sep,17-Sep,18-Sep,19-Sep,20-Sep,21-Sep,5,7,0
Chhatrapati Sambhajinagar,Chhatrapati Sambhajinagar,Jalna,Mantha,Mantha,20094559,"120 Villages Extension Scheme for Works Not Considered in 173 GRID WSS and 95 GRID WSS Tq. Partur, Mantha and Jalna Dist: Jalna",Shambhu Sawargaon,1254,2,0.00,0.00,0.00,0.00,0.00,0.00,0.00,0.00,0.31,0.01,0.00,0.38,0.00,0.02,15-Sep,16-Sep,17-Sep,18-Sep,19-Sep,20-Sep,21-Sep,15-Sep,16-Sep,17-Sep,18-Sep,19-Sep,20-Sep,21-Sep,3,7,0
Chhatrapati Sambhajinagar,Chhatrapati Sambhajinagar,Jalna,Jalna,Jalna,20094559,"120 Villages Extension Scheme for Works Not Considered in 173 GRID WSS and 95 GRID WSS Tq. Partur, Mantha and Jalna Dist: Jalna",Ner Tanda,256,1,0.00,0.00,0.00,0.00,0.00,0.00,0.00,0.00,1.33,0.00,0.00,0.00,0.00,0.00,15-Sep,16-Sep,17-Sep,18-Sep,19-Sep,20-Sep,21-Sep,15-Sep,16-Sep,17-Sep,18-Sep,19-Sep,20-Sep,21-Sep,6,7,0
Chhatrapati Sambhajinagar,Chhatrapati Sambhajinagar,Chhatrapati Sambhajinagar,Gangapur,Gangapur,20051233,373 Village Gangapur-Vaijapur Grid WSS,Sawangi,5491,1,0.00,0.00,0.00,0.00,0.00,0.00,0.00,0.00,0.00,0.00,0.00,0.00,0.00,0.00,15-Sep,16-Sep,17-Sep,18-Sep,19-Sep,20-Sep,21-Sep,15-Sep,16-Sep,17-Sep,18-Sep,19-Sep,20-Sep,21-Sep,7,7,0
Chhatrapati Sambhajinagar,Nanded,Nanded,Hadgaon,Hadgaon,20013969,Hadgaon and Himayatnagar 132 Village Grid WSS,Sapti,2440,1,0.00,0.00,0.00,0.00,0.00,0.00,0.00,0.00,0.00,0.00,0.00,0.00,0.00,0.00,15-Sep,16-Sep,17-Sep,18-Sep,19-Sep,20-Sep,21-Sep,15-Sep,16-Sep,17-Sep,18-Sep,19-Sep,20-Sep,21-Sep,7,7,0
Chhatrapati Sambhajinagar,Chhatrapati Sambhajinagar,Jalna,Mantha,Mantha,20094559,"120 Villages Extension Scheme for Works Not Considered in 173 GRID WSS and 95 GRID WSS Tq. Partur, Mantha and Jalna Dist: Jalna",Pangra Gadadhe,2126,2,0.00,0.00,0.00,16.18,4.17,0.75,2.14,0.00,0.00,0.00,761.05,196.14,35.28,100.66,15-Sep,16-Sep,17-Sep,18-Sep,19-Sep,20-Sep,21-Sep,15-Sep,16-Sep,17-Sep,18-Sep,19-Sep,20-Sep,21-Sep,3,4,3
Chhatrapati Sambhajinagar,Chhatrapati Sambhajinagar,Jalna,Partur,Partur,20094559,"120 Villages Extension Scheme for Works Not Considered in 173 GRID WSS and 95 GRID WSS Tq. Partur, Mantha and Jalna Dist: Jalna",Shreshti Tanda,574,1,0.00,0.00,0.00,0.00,0.00,0.00,0.00,0.00,0.26,0.35,0.00,0.15,0.08,0.35,15-Sep,16-Sep,17-Sep,18-Sep,19-Sep,20-Sep,21-Sep,15-Sep,16-Sep,17-Sep,18-Sep,19-Sep,20-Sep,21-Sep,2,7,0
Chhatrapati Sambhajinagar,Chhatrapati Sambhajinagar,Jalna,Mantha,Mantha,20094559,"120 Villages Extension Scheme for Works Not Considered in 173 GRID WSS and 95 GRID WSS Tq. Partur, Mantha and Jalna Dist: Jalna",Waghala,2087,1,0.00,0.00,0.00,0.00,0.00,0.00,0.00,0.00,0.00,0.00,0.00,0.00,0.00,0.00,15-Sep,16-Sep,17-Sep,18-Sep,19-Sep,20-Sep,21-Sep,15-Sep,16-Sep,17-Sep,18-Sep,19-Sep,20-Sep,21-Sep,7,7,0
Chhatrapati Sambhajinagar,Chhatrapati Sambhajinagar,Jalna,Mantha,Mantha,20094559,"120 Villages Extension Scheme for Works Not Considered in 173 GRID WSS and 95 GRID WSS Tq. Partur, Mantha and Jalna Dist: Jalna",Ambhora Shelke,1240,1,0.00,0.00,0.00,0.00,0.00,0.23,0.22,0.00,0.00,0.00,0.00,0.00,18.32,17.85,15-Sep,16-Sep,17-Sep,18-Sep,19-Sep,20-Sep,21-Sep,15-Sep,16-Sep,17-Sep,18-Sep,19-Sep,20-Sep,21-Sep,5,7,0
Chhatrapati Sambhajinagar,Chhatrapati Sambhajinagar,Chhatrapati Sambhajinagar,Paithan,Paithan,20018162,Paithan Taluka 178 Village Grid WS,Mharola,2169,1,0.00,0.00,0.00,0.00,0.00,0.00,0.00,0.00,0.00,0.00,0.00,0.00,0.00,0.00,15-Sep,16-Sep,17-Sep,18-Sep,19-Sep,20-Sep,21-Sep,15-Sep,16-Sep,17-Sep,18-Sep,19-Sep,20-Sep,21-Sep,7,7,0
Chhatrapati Sambhajinagar,Nanded,Nanded,Hadgaon,Hadgaon,20013969,Hadgaon and Himayatnagar 132 Village Grid WSS,Yelamb,2225,1,2565.39,2626.72,2678.78,2678.69,2677.40,2678.96,2221.67,115298.43,118054.78,120394.56,120390.49,120332.36,120402.85,99850.20,15-Sep,16-Sep,17-Sep,18-Sep,19-Sep,20-Sep,21-Sep,15-Sep,16-Sep,17-Sep,18-Sep,19-Sep,20-Sep,21-Sep,0,0,7
Chhatrapati Sambhajinagar,Chhatrapati Sambhajinagar,Jalna,Partur,Partur,20094559,"120 Villages Extension Scheme for Works Not Considered in 173 GRID WSS and 95 GRID WSS Tq. Partur, Mantha and Jalna Dist: Jalna",Asangaon,1225,1,0.21,0.35,0.00,1.10,0.00,0.08,0.15,17.14,28.57,0.00,89.80,0.00,6.53,12.24,15-Sep,16-Sep,17-Sep,18-Sep,19-Sep,20-Sep,21-Sep,15-Sep,16-Sep,17-Sep,18-Sep,19-Sep,20-Sep,21-Sep,2,6,1
Chhatrapati Sambhajinagar,Chhatrapati Sambhajinagar,Jalna,Jalna,Jalna,20094559,"120 Villages Extension Scheme for Works Not Considered in 173 GRID WSS and 95 GRID WSS Tq. Partur, Mantha and Jalna Dist: Jalna",Bhanunaik Tanda,596,1,0.00,0.00,0.00,0.00,0.00,0.00,0.00,0.00,0.00,0.00,0.00,0.00,0.00,0.00,15-Sep,16-Sep,17-Sep,18-Sep,19-Sep,20-Sep,21-Sep,15-Sep,16-Sep,17-Sep,18-Sep,19-Sep,20-Sep,21-Sep,7,7,0
Chhatrapati Sambhajinagar,Chhatrapati Sambhajinagar,Jalna,Mantha,Mantha,20094559,"120 Villages Extension Scheme for Works Not Considered in 173 GRID WSS and 95 GRID WSS Tq. Partur, Mantha and Jalna Dist: Jalna",Kanadi,1040,1,0.00,0.00,0.00,0.00,0.00,0.00,0.00,0.00,0.00,0.00,0.00,0.00,0.00,0.00,15-Sep,16-Sep,17-Sep,18-Sep,19-Sep,20-Sep,21-Sep,15-Sep,16-Sep,17-Sep,18-Sep,19-Sep,20-Sep,21-Sep,7,7,0
Chhatrapati Sambhajinagar,Chhatrapati Sambhajinagar,Chhatrapati Sambhajinagar,Paithan,Paithan,20018162,Paithan Taluka 178 Village Grid WS,Balanagar,5504,1,2.55,1.77,1.95,2.54,3.46,1.40,1.35,46.33,32.16,35.43,46.15,62.86,25.44,24.53,15-Sep,16-Sep,17-Sep,18-Sep,19-Sep,20-Sep,21-Sep,15-Sep,16-Sep,17-Sep,18-Sep,19-Sep,20-Sep,21-Sep,0,6,1
Chhatrapati Sambhajinagar,Chhatrapati Sambhajinagar,Chhatrapati Sambhajinagar,Vaijapur,Vaijapur,20051233,373 Village Gangapur-Vaijapur Grid WSS,Hilalpur,1383,1,0.00,0.00,0.00,0.00,0.00,0.00,0.00,0.00,0.00,0.00,0.00,0.00,0.00,0.00,15-Sep,16-Sep,17-Sep,18-Sep,19-Sep,20-Sep,21-Sep,15-Sep,16-Sep,17-Sep,18-Sep,19-Sep,20-Sep,21-Sep,7,7,0
Chhatrapati Sambhajinagar,Chhatrapati Sambhajinagar,Jalna,Mantha,Mantha,20094559,"120 Villages Extension Scheme for Works Not Considered in 173 GRID WSS and 95 GRID WSS Tq. Partur, Mantha and Jalna Dist: Jalna",Pandhurna,671,1,0.00,0.00,0.00,0.00,0.00,0.00,0.00,0.00,0.00,0.00,0.00,0.00,0.00,0.00,15-Sep,16-Sep,17-Sep,18-Sep,19-Sep,20-Sep,21-Sep,15-Sep,16-Sep,17-Sep,18-Sep,19-Sep,20-Sep,21-Sep,7,7,0
Chhatrapati Sambhajinagar,Chhatrapati Sambhajinagar,Jalna,Mantha,Mantha,20094559,"120 Villages Extension Scheme for Works Not Considered in 173 GRID WSS and 95 GRID WSS Tq. Partur, Mantha and Jalna Dist: Jalna",Shriram Tanda,594,1,0.00,0.00,0.00,0.00,0.00,0.00,0.00,0.00,0.00,0.00,0.00,0.00,0.00,0.00,15-Sep,16-Sep,17-Sep,18-Sep,19-Sep,20-Sep,21-Sep,15-Sep,16-Sep,17-Sep,18-Sep,19-Sep,20-Sep,21-Sep,7,7,0
Chhatrapati Sambhajinagar,Chhatrapati Sambhajinagar,Chhatrapati Sambhajinagar,Paithan,Paithan,20018162,Paithan Taluka 178 Village Grid WS,Tupewadi,1240,1,0.00,0.00,0.00,0.00,0.00,0.00,0.00,0.00,0.00,0.00,0.00,0.00,0.00,0.00,15-Sep,16-Sep,17-Sep,18-Sep,19-Sep,20-Sep,21-Sep,15-Sep,16-Sep,17-Sep,18-Sep,19-Sep,20-Sep,21-Sep,7,7,0
Chhatrapati Sambhajinagar,Chhatrapati Sambhajinagar,Jalna,Partur,Partur,20094559,"120 Villages Extension Scheme for Works Not Considered in 173 GRID WSS and 95 GRID WSS Tq. Partur, Mantha and Jalna Dist: Jalna",Khadki,481,1,0.00,0.00,0.00,0.00,0.00,0.00,0.00,0.00,0.00,0.00,0.00,0.00,0.00,0.00,15-Sep,16-Sep,17-Sep,18-Sep,19-Sep,20-Sep,21-Sep,15-Sep,16-Sep,17-Sep,18-Sep,19-Sep,20-Sep,21-Sep,7,7,0
Chhatrapati Sambhajinagar,Chhatrapati Sambhajinagar,Jalna,Jalna,Jalna,20094559,"120 Villages Extension Scheme for Works Not Considered in 173 GRID WSS and 95 GRID WSS Tq. Partur, Mantha and Jalna Dist: Jalna",Kolewadi Sump,468,1,0.00,0.00,0.00,0.00,0.00,0.00,0.00,0.00,0.00,0.00,0.00,0.00,0.00,0.00,15-Sep,16-Sep,17-Sep,18-Sep,19-Sep,20-Sep,21-Sep,15-Sep,16-Sep,17-Sep,18-Sep,19-Sep,20-Sep,21-Sep,7,7,0
Chhatrapati Sambhajinagar,Chhatrapati Sambhajinagar,Chhatrapati Sambhajinagar,Vaijapur,Vaijapur,20051233,373 Village Gangapur-Vaijapur Grid WSS,Loni Bk.,2210,1,0.00,0.00,0.00,0.00,0.00,0.49,1.11,0.00,0.00,0.00,0.00,0.00,22.17,50.23,15-Sep,16-Sep,17-Sep,18-Sep,19-Sep,20-Sep,21-Sep,15-Sep,16-Sep,17-Sep,18-Sep,19-Sep,20-Sep,21-Sep,5,7,0
Chhatrapati Sambhajinagar,Latur,Latur,Chakur,Chakur,20030459,Rachnawadi 6 villages WSS,Her Village,6571,1,0.00,0.00,0.00,1.32,0.83,0.63,0.00,0.00,0.00,0.00,20.09,12.63,9.59,0.00,15-Sep,16-Sep,17-Sep,18-Sep,19-Sep,20-Sep,21-Sep,15-Sep,16-Sep,17-Sep,18-Sep,19-Sep,20-Sep,21-Sep,4,7,0
Chhatrapati Sambhajinagar,Chhatrapati Sambhajinagar,Jalna,Mantha,Mantha,20094559,"120 Villages Extension Scheme for Works Not Considered in 173 GRID WSS and 95 GRID WSS Tq. Partur, Mantha and Jalna Dist: Jalna",Mohdari,431,1,0.00,0.00,0.00,0.00,0.00,0.00,0.00,0.00,0.00,0.00,0.00,0.00,0.00,0.00,15-Sep,16-Sep,17-Sep,18-Sep,19-Sep,20-Sep,21-Sep,15-Sep,16-Sep,17-Sep,18-Sep,19-Sep,20-Sep,21-Sep,7,7,0
Chhatrapati Sambhajinagar,Chhatrapati Sambhajinagar,Jalna,Partur,Partur,20094559,"120 Villages Extension Scheme for Works Not Considered in 173 GRID WSS and 95 GRID WSS Tq. Partur, Mantha and Jalna Dist: Jalna",Changatpuri,2013,1,0.00,1.46,0.75,0.27,0.74,1.11,1.29,0.00,72.67,0.00,0.00,0.00,0.00,0.00,15-Sep,16-Sep,17-Sep,18-Sep,19-Sep,20-Sep,21-Sep,15-Sep,16-Sep,17-Sep,18-Sep,19-Sep,20-Sep,21-Sep,6,6,1
Chhatrapati Sambhajinagar,Chhatrapati Sambhajinagar,Jalna,Partur,Partur,20094559,"120 Villages Extension Scheme for Works Not Considered in 173 GRID WSS and 95 GRID WSS Tq. Partur, Mantha and Jalna Dist: Jalna",Kokate Hatgaon,3363,2,0.00,0.00,0.00,0.01,0.00,0.00,0.00,0.02,0.00,0.02,0.33,0.01,0.00,0.00,15-Sep,16-Sep,17-Sep,18-Sep,19-Sep,20-Sep,21-Sep,15-Sep,16-Sep,17-Sep,18-Sep,19-Sep,20-Sep,21-Sep,3,7,0
Chhatrapati Sambhajinagar,Chhatrapati Sambhajinagar,Chhatrapati Sambhajinagar,Vaijapur,Vaijapur,20051233,373 Village Gangapur-Vaijapur Grid WSS,Chorwaghalgaon,3313,1,0.18,0.00,0.50,0.00,0.42,0.25,0.39,5.43,0.00,15.09,0.00,12.68,7.55,11.77,15-Sep,16-Sep,17-Sep,18-Sep,19-Sep,20-Sep,21-Sep,15-Sep,16-Sep,17-Sep,18-Sep,19-Sep,20-Sep,21-Sep,2,7,0
Chhatrapati Sambhajinagar,Chhatrapati Sambhajinagar,Chhatrapati Sambhajinagar,Vaijapur,Vaijapur,20051233,373 Village Gangapur-Vaijapur Grid WSS,Sirasgaon,1855,1,0.00,0.00,0.00,0.00,0.00,0.00,0.00,0.00,0.00,0.00,0.00,0.00,0.00,0.00,15-Sep,16-Sep,17-Sep,18-Sep,19-Sep,20-Sep,21-Sep,15-Sep,16-Sep,17-Sep,18-Sep,19-Sep,20-Sep,21-Sep,7,7,0
Chhatrapati Sambhajinagar,Nanded,Nanded,Hadgaon,Hadgaon,20013969,Hadgaon and Himayatnagar 132 Village Grid WSS,Umri kh,1022,1,0.00,0.00,0.00,0.00,0.00,0.00,0.00,0.00,0.00,0.00,0.00,0.00,0.00,0.00,15-Sep,16-Sep,17-Sep,18-Sep,19-Sep,20-Sep,21-Sep,15-Sep,16-Sep,17-Sep,18-Sep,19-Sep,20-Sep,21-Sep,7,7,0
Chhatrapati Sambhajinagar,Nanded,Nanded,Hadgaon,Hadgaon,20013969,Hadgaon and Himayatnagar 132 Village Grid WSS,Niwla,1510,1,0.00,0.00,0.00,0.00,0.00,0.00,0.00,0.00,0.00,0.00,0.00,0.00,0.00,0.00,15-Sep,16-Sep,17-Sep,18-Sep,19-Sep,20-Sep,21-Sep,15-Sep,16-Sep,17-Sep,18-Sep,19-Sep,20-Sep,21-Sep,7,7,0
Chhatrapati Sambhajinagar,Chhatrapati Sambhajinagar,Chhatrapati Sambhajinagar,Vaijapur,Vaijapur,20051233,373 Village Gangapur-Vaijapur Grid WSS,Aghur,3999,1,1.13,1.13,1.53,1.14,1.59,1.30,1.53,28.26,28.26,38.26,28.51,39.76,32.51,38.26,15-Sep,16-Sep,17-Sep,18-Sep,19-Sep,20-Sep,21-Sep,15-Sep,16-Sep,17-Sep,18-Sep,19-Sep,20-Sep,21-Sep,0,7,0
Chhatrapati Sambhajinagar,Chhatrapati Sambhajinagar,Jalna,Partur,Partur,20094559,"120 Villages Extension Scheme for Works Not Considered in 173 GRID WSS and 95 GRID WSS Tq. Partur, Mantha and Jalna Dist: Jalna",Sawangi Gangakinara,1468,1,0.00,0.00,0.00,0.00,0.00,0.00,0.00,0.00,0.00,0.00,0.00,0.00,0.00,0.00,15-Sep,16-Sep,17-Sep,18-Sep,19-Sep,20-Sep,21-Sep,15-Sep,16-Sep,17-Sep,18-Sep,19-Sep,20-Sep,21-Sep,7,7,0
Chhatrapati Sambhajinagar,Chhatrapati Sambhajinagar,Jalna,Partur,Partur,20094559,"120 Villages Extension Scheme for Works Not Considered in 173 GRID WSS and 95 GRID WSS Tq. Partur, Mantha and Jalna Dist: Jalna",Hareramnagar,377,1,0.00,0.00,0.00,0.01,0.01,0.01,0.01,0.00,0.45,0.38,1.94,3.04,3.93,2.42,15-Sep,16-Sep,17-Sep,18-Sep,19-Sep,20-Sep,21-Sep,15-Sep,16-Sep,17-Sep,18-Sep,19-Sep,20-Sep,21-Sep,1,7,0
Chhatrapati Sambhajinagar,Chhatrapati Sambhajinagar,Chhatrapati Sambhajinagar,Paithan,Paithan,20018162,Paithan Taluka 178 Village Grid WS,Mavasgavhan,588,1,0.00,0.00,0.00,0.00,0.00,0.00,0.00,0.00,0.00,0.00,0.00,0.00,0.00,0.00,15-Sep,16-Sep,17-Sep,18-Sep,19-Sep,20-Sep,21-Sep,15-Sep,16-Sep,17-Sep,18-Sep,19-Sep,20-Sep,21-Sep,7,7,0
Chhatrapati Sambhajinagar,Chhatrapati Sambhajinagar,Jalna,Partur,Partur,20094559,"120 Villages Extension Scheme for Works Not Considered in 173 GRID WSS and 95 GRID WSS Tq. Partur, Mantha and Jalna Dist: Jalna",Hatadi,1759,1,0.06,0.12,0.02,0.15,0.00,0.20,0.14,3.30,6.94,1.03,8.54,0.00,11.51,7.91,15-Sep,16-Sep,17-Sep,18-Sep,19-Sep,20-Sep,21-Sep,15-Sep,16-Sep,17-Sep,18-Sep,19-Sep,20-Sep,21-Sep,1,7,0
Chhatrapati Sambhajinagar,Nanded,Nanded,Hadgaon,Hadgaon,20013969,Hadgaon and Himayatnagar 132 Village Grid WSS,Talni,7037,1,0.51,0.00,0.50,0.00,0.53,0.00,0.47,7.25,0.00,7.11,0.00,7.53,0.00,6.68,15-Sep,16-Sep,17-Sep,18-Sep,19-Sep,20-Sep,21-Sep,15-Sep,16-Sep,17-Sep,18-Sep,19-Sep,20-Sep,21-Sep,3,7,0
Chhatrapati Sambhajinagar,Chhatrapati Sambhajinagar,Chhatrapati Sambhajinagar,Paithan,Paithan,20018162,Paithan Taluka 178 Village Grid WS,Hiradpuri,1372,1,0.00,0.00,0.00,0.00,0.00,0.00,0.00,0.00,0.00,0.00,0.00,0.00,0.00,0.00,15-Sep,16-Sep,17-Sep,18-Sep,19-Sep,20-Sep,21-Sep,15-Sep,16-Sep,17-Sep,18-Sep,19-Sep,20-Sep,21-Sep,7,7,0
Chhatrapati Sambhajinagar,Nanded,Nanded,Hadgaon,Hadgaon,20013969,Hadgaon and Himayatnagar 132 Village Grid WSS,Wadgaon BK.,1840,1,0.00,0.00,0.00,0.00,0.00,0.00,0.00,0.00,0.00,0.00,0.00,0.00,0.00,0.00,15-Sep,16-Sep,17-Sep,18-Sep,19-Sep,20-Sep,21-Sep,15-Sep,16-Sep,17-Sep,18-Sep,19-Sep,20-Sep,21-Sep,7,7,0
Chhatrapati Sambhajinagar,Nanded,Nanded,Hadgaon,Hadgaon,20013969,Hadgaon and Himayatnagar 132 Village Grid WSS,Palsa,3436,1,0.00,0.26,0.01,0.28,2.34,0.00,0.00,0.00,7.57,0.29,8.15,68.12,0.00,0.00,15-Sep,16-Sep,17-Sep,18-Sep,19-Sep,20-Sep,21-Sep,15-Sep,16-Sep,17-Sep,18-Sep,19-Sep,20-Sep,21-Sep,3,6,1
Chhatrapati Sambhajinagar,Chhatrapati Sambhajinagar,Jalna,Partur,Partur,20094559,"120 Villages Extension Scheme for Works Not Considered in 173 GRID WSS and 95 GRID WSS Tq. Partur, Mantha and Jalna Dist: Jalna",Kawajawala,1582,1,0.00,0.00,0.00,0.00,0.00,0.00,0.00,0.00,0.00,0.00,0.00,0.00,0.00,0.00,15-Sep,16-Sep,17-Sep,18-Sep,19-Sep,20-Sep,21-Sep,15-Sep,16-Sep,17-Sep,18-Sep,19-Sep,20-Sep,21-Sep,7,7,0
Chhatrapati Sambhajinagar,Chhatrapati Sambhajinagar,Jalna,Mantha,Mantha,20094559,"120 Villages Extension Scheme for Works Not Considered in 173 GRID WSS and 95 GRID WSS Tq. Partur, Mantha and Jalna Dist: Jalna",Usvad Deothana,2209,1,0.00,0.00,0.00,0.00,0.00,0.00,0.00,0.00,0.00,0.00,0.00,0.00,0.00,0.00,15-Sep,16-Sep,17-Sep,18-Sep,19-Sep,20-Sep,21-Sep,15-Sep,16-Sep,17-Sep,18-Sep,19-Sep,20-Sep,21-Sep,7,7,0
Chhatrapati Sambhajinagar,Chhatrapati Sambhajinagar,Jalna,Mantha,Mantha,20094559,"120 Villages Extension Scheme for Works Not Considered in 173 GRID WSS and 95 GRID WSS Tq. Partur, Mantha and Jalna Dist: Jalna",Daghi,1485,1,0.00,0.00,0.00,0.00,0.00,0.00,0.00,0.00,0.00,0.00,0.00,0.00,0.00,0.00,15-Sep,16-Sep,17-Sep,18-Sep,19-Sep,20-Sep,21-Sep,15-Sep,16-Sep,17-Sep,18-Sep,19-Sep,20-Sep,21-Sep,7,7,0
Chhatrapati Sambhajinagar,Chhatrapati Sambhajinagar,Jalna,Partur,Partur,20094559,"120 Villages Extension Scheme for Works Not Considered in 173 GRID WSS and 95 GRID WSS Tq. Partur, Mantha and Jalna Dist: Jalna",Koregaon,1388,1,0.66,0.00,0.00,0.90,0.00,1.45,1.12,47.55,0.00,0.00,64.84,0.00,104.47,80.69,15-Sep,16-Sep,17-Sep,18-Sep,19-Sep,20-Sep,21-Sep,15-Sep,16-Sep,17-Sep,18-Sep,19-Sep,20-Sep,21-Sep,3,4,3
Chhatrapati Sambhajinagar,Nanded,Nanded,Hadgaon,Hadgaon,20013969,Hadgaon and Himayatnagar 132 Village Grid WSS,Brahmanwadi,525,1,0.00,0.00,0.00,0.00,0.00,0.00,0.00,0.00,0.00,0.00,0.00,0.00,0.00,0.00,15-Sep,16-Sep,17-Sep,18-Sep,19-Sep,20-Sep,21-Sep,15-Sep,16-Sep,17-Sep,18-Sep,19-Sep,20-Sep,21-Sep,7,7,0
Chhatrapati Sambhajinagar,Chhatrapati Sambhajinagar,Jalna,Mantha,Mantha,20094559,"120 Villages Extension Scheme for Works Not Considered in 173 GRID WSS and 95 GRID WSS Tq. Partur, Mantha and Jalna Dist: Jalna",Naldoh,688,1,0.00,0.00,0.00,0.00,0.00,0.00,0.00,0.00,0.00,0.00,0.00,0.00,0.00,0.00,15-Sep,16-Sep,17-Sep,18-Sep,19-Sep,20-Sep,21-Sep,15-Sep,16-Sep,17-Sep,18-Sep,19-Sep,20-Sep,21-Sep,7,7,0
Chhatrapati Sambhajinagar,Chhatrapati Sambhajinagar,Jalna,Partur,Partur,20094559,"120 Villages Extension Scheme for Works Not Considered in 173 GRID WSS and 95 GRID WSS Tq. Partur, Mantha and Jalna Dist: Jalna",Bramhanwadi,1563,1,0.18,0.23,0.80,0.55,0.63,0.75,0.00,11.37,14.74,51.36,35.20,40.22,48.25,0.00,15-Sep,16-Sep,17-Sep,18-Sep,19-Sep,20-Sep,21-Sep,15-Sep,16-Sep,17-Sep,18-Sep,19-Sep,20-Sep,21-Sep,1,7,0
Chhatrapati Sambhajinagar,Chhatrapati Sambhajinagar,Jalna,Mantha,Mantha,20094559,"120 Villages Extension Scheme for Works Not Considered in 173 GRID WSS and 95 GRID WSS Tq. Partur, Mantha and Jalna Dist: Jalna",Kanphodi Tanda,1082,1,1.35,0.03,0.12,0.00,0.00,0.00,0.00,125.21,2.67,11.31,0.21,0.15,0.03,0.01,15-Sep,16-Sep,17-Sep,18-Sep,19-Sep,20-Sep,21-Sep,15-Sep,16-Sep,17-Sep,18-Sep,19-Sep,20-Sep,21-Sep,0,6,1
Chhatrapati Sambhajinagar,Nanded,Nanded,Himayatnagar,Himayatnagar,20013969,Hadgaon and Himayatnagar 132 Village Grid WSS,Pota (Bk),5377,1,0.00,0.00,0.00,0.00,0.00,0.00,0.00,0.00,0.00,0.00,0.00,0.00,0.00,0.00,15-Sep,16-Sep,17-Sep,18-Sep,19-Sep,20-Sep,21-Sep,15-Sep,16-Sep,17-Sep,18-Sep,19-Sep,20-Sep,21-Sep,7,7,0
Chhatrapati Sambhajinagar,Chhatrapati Sambhajinagar,Jalna,Mantha,Mantha,20094559,"120 Villages Extension Scheme for Works Not Considered in 173 GRID WSS and 95 GRID WSS Tq. Partur, Mantha and Jalna Dist: Jalna",Kathala (Kh),347,1,0.00,0.00,0.00,0.00,0.00,0.00,0.00,0.00,0.00,0.00,0.00,0.00,0.00,0.00,15-Sep,16-Sep,17-Sep,18-Sep,19-Sep,20-Sep,21-Sep,15-Sep,16-Sep,17-Sep,18-Sep,19-Sep,20-Sep,21-Sep,7,7,0
Chhatrapati Sambhajinagar,Chhatrapati Sambhajinagar,Chhatrapati Sambhajinagar,Sillod,Sillod,20017395,Shirsala & 4 Village,Pangri,1472,1,0.48,1.98,1.43,2.68,2.04,2.13,2.18,32.61,134.51,97.15,182.07,138.59,144.70,148.10,15-Sep,16-Sep,17-Sep,18-Sep,19-Sep,20-Sep,21-Sep,15-Sep,16-Sep,17-Sep,18-Sep,19-Sep,20-Sep,21-Sep,0,1,6
Chhatrapati Sambhajinagar,Chhatrapati Sambhajinagar,Chhatrapati Sambhajinagar,Vaijapur,Vaijapur,20051233,373 Village Gangapur-Vaijapur Grid WSS,Babhulgaon Kh,1976,1,0.00,0.00,0.00,0.00,0.00,0.00,0.00,0.00,0.00,0.00,0.00,0.00,0.00,0.00,15-Sep,16-Sep,17-Sep,18-Sep,19-Sep,20-Sep,21-Sep,15-Sep,16-Sep,17-Sep,18-Sep,19-Sep,20-Sep,21-Sep,7,7,0
Chhatrapati Sambhajinagar,Chhatrapati Sambhajinagar,Jalna,Partur,Partur,20094559,"120 Villages Extension Scheme for Works Not Considered in 173 GRID WSS and 95 GRID WSS Tq. Partur, Mantha and Jalna Dist: Jalna",Paratwadi,2311,2,0.00,0.00,0.00,0.00,0.03,0.09,0.07,0.11,0.03,0.10,0.01,1.16,3.87,3.11,15-Sep,16-Sep,17-Sep,18-Sep,19-Sep,20-Sep,21-Sep,15-Sep,16-Sep,17-Sep,18-Sep,19-Sep,20-Sep,21-Sep,0,7,0
Chhatrapati Sambhajinagar,Chhatrapati Sambhajinagar,Jalna,Mantha,Mantha,20094559,"120 Villages Extension Scheme for Works Not Considered in 173 GRID WSS and 95 GRID WSS Tq. Partur, Mantha and Jalna Dist: Jalna",Belora Tanda,847,1,0.00,0.00,0.00,0.00,0.00,0.00,0.00,0.00,0.00,0.00,0.00,0.00,0.00,0.00,15-Sep,16-Sep,17-Sep,18-Sep,19-Sep,20-Sep,21-Sep,15-Sep,16-Sep,17-Sep,18-Sep,19-Sep,20-Sep,21-Sep,7,7,0
Chhatrapati Sambhajinagar,Nanded,Nanded,Hadgaon,Hadgaon,20013969,Hadgaon and Himayatnagar 132 Village Grid WSS,Dhanora (Tamsa),1380,1,0.33,0.00,0.00,0.00,0.00,0.00,0.06,23.91,0.00,0.00,0.00,0.00,0.00,4.35,15-Sep,16-Sep,17-Sep,18-Sep,19-Sep,20-Sep,21-Sep,15-Sep,16-Sep,17-Sep,18-Sep,19-Sep,20-Sep,21-Sep,5,7,0
Chhatrapati Sambhajinagar,Chhatrapati Sambhajinagar,Jalna,Jalna,Jalna,20094559,"120 Villages Extension Scheme for Works Not Considered in 173 GRID WSS and 95 GRID WSS Tq. Partur, Mantha and Jalna Dist: Jalna",Umri,624,1,0.00,0.00,0.13,0.11,0.20,0.17,0.06,0.05,0.05,20.50,17.07,31.53,27.48,10.02,15-Sep,16-Sep,17-Sep,18-Sep,19-Sep,20-Sep,21-Sep,15-Sep,16-Sep,17-Sep,18-Sep,19-Sep,20-Sep,21-Sep,0,7,0
Chhatrapati Sambhajinagar,Chhatrapati Sambhajinagar,Jalna,Partur,Partur,20094559,"120 Villages Extension Scheme for Works Not Considered in 173 GRID WSS and 95 GRID WSS Tq. Partur, Mantha and Jalna Dist: Jalna",Hastur Tanda,1454,1,0.00,0.00,0.00,0.00,0.00,0.00,0.00,0.00,0.00,0.00,0.00,0.00,0.00,0.00,15-Sep,16-Sep,17-Sep,18-Sep,19-Sep,20-Sep,21-Sep,15-Sep,16-Sep,17-Sep,18-Sep,19-Sep,20-Sep,21-Sep,7,7,0
Chhatrapati Sambhajinagar,Chhatrapati Sambhajinagar,Jalna,Partur,Partur,20094559,"120 Villages Extension Scheme for Works Not Considered in 173 GRID WSS and 95 GRID WSS Tq. Partur, Mantha and Jalna Dist: Jalna",Amba,4701,1,1.30,1.43,1.44,0.01,1.38,1.20,1.01,27.76,30.52,30.67,0.19,29.40,25.44,21.41,15-Sep,16-Sep,17-Sep,18-Sep,19-Sep,20-Sep,21-Sep,15-Sep,16-Sep,17-Sep,18-Sep,19-Sep,20-Sep,21-Sep,0,7,0
Chhatrapati Sambhajinagar,Chhatrapati Sambhajinagar,Jalna,Partur,Partur,20094559,"120 Villages Extension Scheme for Works Not Considered in 173 GRID WSS and 95 GRID WSS Tq. Partur, Mantha and Jalna Dist: Jalna",Hatwan,1694,1,0.00,0.00,0.00,0.00,0.00,0.00,0.00,0.00,0.00,0.00,0.00,0.00,0.00,0.00,15-Sep,16-Sep,17-Sep,18-Sep,19-Sep,20-Sep,21-Sep,15-Sep,16-Sep,17-Sep,18-Sep,19-Sep,20-Sep,21-Sep,7,7,0
Chhatrapati Sambhajinagar,Nanded,Nanded,Hadgaon,Hadgaon,20013969,Hadgaon and Himayatnagar 132 Village Grid WSS,Shendan,526,1,0.00,0.00,0.00,0.00,0.00,0.00,0.00,0.00,0.00,0.00,0.00,0.00,0.00,0.00,15-Sep,16-Sep,17-Sep,18-Sep,19-Sep,20-Sep,21-Sep,15-Sep,16-Sep,17-Sep,18-Sep,19-Sep,20-Sep,21-Sep,7,7,0
Chhatrapati Sambhajinagar,Nanded,Nanded,Hadgaon,Hadgaon,20013969,Hadgaon and Himayatnagar 132 Village Grid WSS,Mahatala,1569,1,0.00,0.00,0.00,0.00,0.00,0.00,0.00,0.00,0.00,0.00,0.00,0.00,0.00,0.00,15-Sep,16-Sep,17-Sep,18-Sep,19-Sep,20-Sep,21-Sep,15-Sep,16-Sep,17-Sep,18-Sep,19-Sep,20-Sep,21-Sep,7,7,0
Chhatrapati Sambhajinagar,Chhatrapati Sambhajinagar,Chhatrapati Sambhajinagar,Paithan,Paithan,20018162,Paithan Taluka 178 Village Grid WS,Dadegaon Jahagir,1400,1,0.00,0.00,1.22,1.11,1.15,1.14,1.84,0.00,0.00,87.14,79.29,82.14,81.43,131.43,15-Sep,16-Sep,17-Sep,18-Sep,19-Sep,20-Sep,21-Sep,15-Sep,16-Sep,17-Sep,18-Sep,19-Sep,20-Sep,21-Sep,2,2,5
Chhatrapati Sambhajinagar,Chhatrapati Sambhajinagar,Jalna,Partur,Partur,20094559,"120 Villages Extension Scheme for Works Not Considered in 173 GRID WSS and 95 GRID WSS Tq. Partur, Mantha and Jalna Dist: Jalna",Shelavda,521,1,0.08,0.35,0.00,0.00,0.00,0.09,0.00,15.36,67.18,0.00,0.00,0.00,17.27,0.00,15-Sep,16-Sep,17-Sep,18-Sep,19-Sep,20-Sep,21-Sep,15-Sep,16-Sep,17-Sep,18-Sep,19-Sep,20-Sep,21-Sep,4,6,1
Chhatrapati Sambhajinagar,Nanded,Nanded,Himayatnagar,Himayatnagar,20013969,Hadgaon and Himayatnagar 132 Village Grid WSS,Khairgaon (jahagir),425,1,0.00,0.00,0.00,0.00,0.00,0.00,0.00,0.00,0.00,0.00,0.00,0.00,0.00,0.00,15-Sep,16-Sep,17-Sep,18-Sep,19-Sep,20-Sep,21-Sep,15-Sep,16-Sep,17-Sep,18-Sep,19-Sep,20-Sep,21-Sep,7,7,0
Chhatrapati Sambhajinagar,Chhatrapati Sambhajinagar,Jalna,Partur,Partur,20094559,"120 Villages Extension Scheme for Works Not Considered in 173 GRID WSS and 95 GRID WSS Tq. Partur, Mantha and Jalna Dist: Jalna",Dhodwadi,743,1,0.00,0.00,0.00,0.00,0.00,0.00,0.00,0.00,0.00,0.00,0.00,0.00,0.00,0.00,15-Sep,16-Sep,17-Sep,18-Sep,19-Sep,20-Sep,21-Sep,15-Sep,16-Sep,17-Sep,18-Sep,19-Sep,20-Sep,21-Sep,7,7,0
Chhatrapati Sambhajinagar,Chhatrapati Sambhajinagar,Jalna,Mantha,Mantha,20094559,"120 Villages Extension Scheme for Works Not Considered in 173 GRID WSS and 95 GRID WSS Tq. Partur, Mantha and Jalna Dist: Jalna",Mosa,166,1,0.00,0.00,0.00,0.00,0.00,0.00,0.00,0.00,0.00,0.00,0.00,0.00,0.00,0.00,15-Sep,16-Sep,17-Sep,18-Sep,19-Sep,20-Sep,21-Sep,15-Sep,16-Sep,17-Sep,18-Sep,19-Sep,20-Sep,21-Sep,7,7,0
Chhatrapati Sambhajinagar,Chhatrapati Sambhajinagar,Chhatrapati Sambhajinagar,Paithan,Paithan,20018162,Paithan Taluka 178 Village Grid WS,Rajapur,1108,1,0.00,0.00,0.00,0.00,0.00,0.00,0.00,0.00,0.00,0.00,0.00,0.00,0.00,0.00,15-Sep,16-Sep,17-Sep,18-Sep,19-Sep,20-Sep,21-Sep,15-Sep,16-Sep,17-Sep,18-Sep,19-Sep,20-Sep,21-Sep,7,7,0
Chhatrapati Sambhajinagar,Nanded,Nanded,Hadgaon,Hadgaon,20013969,Hadgaon and Himayatnagar 132 Village Grid WSS,Unchada,1881,1,0.00,0.00,0.00,0.00,0.00,0.00,0.00,0.00,0.00,0.00,0.00,0.00,0.00,0.00,15-Sep,16-Sep,17-Sep,18-Sep,19-Sep,20-Sep,21-Sep,15-Sep,16-Sep,17-Sep,18-Sep,19-Sep,20-Sep,21-Sep,7,7,0
Chhatrapati Sambhajinagar,Chhatrapati Sambhajinagar,Jalna,Mantha,Mantha,20094559,"120 Villages Extension Scheme for Works Not Considered in 173 GRID WSS and 95 GRID WSS Tq. Partur, Mantha and Jalna Dist: Jalna",Kharodsawangi,3859,1,0.00,0.00,0.00,0.00,0.00,0.00,0.00,0.00,0.00,0.00,0.00,0.00,0.00,0.00,15-Sep,16-Sep,17-Sep,18-Sep,19-Sep,20-Sep,21-Sep,15-Sep,16-Sep,17-Sep,18-Sep,19-Sep,20-Sep,21-Sep,7,7,0
Chhatrapati Sambhajinagar,Nanded,Nanded,Himayatnagar,Himayatnagar,20013969,Hadgaon and Himayatnagar 132 Village Grid WSS,Ashti,4091,1,0.00,0.00,0.00,0.00,0.00,0.00,0.00,0.00,0.00,0.00,0.00,0.00,0.00,0.00,15-Sep,16-Sep,17-Sep,18-Sep,19-Sep,20-Sep,21-Sep,15-Sep,16-Sep,17-Sep,18-Sep,19-Sep,20-Sep,21-Sep,7,7,0
Chhatrapati Sambhajinagar,Nanded,Parbhani,Senaon,Senaon,20023330,Kawtha Bk & 9 Vill RR WSS,Shinagikhamba,1296,1,3.49,1.47,6.51,9.50,10.57,10.25,3.29,269.29,113.43,502.31,733.02,815.43,791.11,253.86,15-Sep,16-Sep,17-Sep,18-Sep,19-Sep,20-Sep,21-Sep,15-Sep,16-Sep,17-Sep,18-Sep,19-Sep,20-Sep,21-Sep,0,0,7
Chhatrapati Sambhajinagar,Chhatrapati Sambhajinagar,Jalna,Partur,Partur,20094559,"120 Villages Extension Scheme for Works Not Considered in 173 GRID WSS and 95 GRID WSS Tq. Partur, Mantha and Jalna Dist: Jalna",Ekrukha,325,1,0.00,0.00,0.00,0.00,0.00,0.00,0.00,0.00,0.00,0.00,0.00,0.00,0.00,0.00,15-Sep,16-Sep,17-Sep,18-Sep,19-Sep,20-Sep,21-Sep,15-Sep,16-Sep,17-Sep,18-Sep,19-Sep,20-Sep,21-Sep,7,7,0
Chhatrapati Sambhajinagar,Chhatrapati Sambhajinagar,Jalna,Jalna,Jalna,20094559,"120 Villages Extension Scheme for Works Not Considered in 173 GRID WSS and 95 GRID WSS Tq. Partur, Mantha and Jalna Dist: Jalna",Pimpalwadi,1302,2,0.00,0.00,0.00,0.00,0.00,0.00,0.00,0.00,0.03,0.00,0.00,0.00,0.01,0.00,15-Sep,16-Sep,17-Sep,18-Sep,19-Sep,20-Sep,21-Sep,15-Sep,16-Sep,17-Sep,18-Sep,19-Sep,20-Sep,21-Sep,5,7,0
Chhatrapati Sambhajinagar,Chhatrapati Sambhajinagar,Chhatrapati Sambhajinagar,Paithan,Paithan,20018162,Paithan Taluka 178 Village Grid WS,Narayangaon,1272,1,0.00,0.00,0.00,0.00,0.00,0.00,0.00,0.00,0.00,0.00,0.00,0.00,0.00,0.00,15-Sep,16-Sep,17-Sep,18-Sep,19-Sep,20-Sep,21-Sep,15-Sep,16-Sep,17-Sep,18-Sep,19-Sep,20-Sep,21-Sep,7,7,0
Chhatrapati Sambhajinagar,Chhatrapati Sambhajinagar,Jalna,Jalna,Jalna,20094559,"120 Villages Extension Scheme for Works Not Considered in 173 GRID WSS and 95 GRID WSS Tq. Partur, Mantha and Jalna Dist: Jalna",Kolwadi,557,2,0.00,0.00,0.00,0.00,0.00,0.00,0.00,0.01,0.00,0.00,0.00,0.00,0.00,0.00,15-Sep,16-Sep,17-Sep,18-Sep,19-Sep,20-Sep,21-Sep,15-Sep,16-Sep,17-Sep,18-Sep,19-Sep,20-Sep,21-Sep,6,7,0
Chhatrapati Sambhajinagar,Chhatrapati Sambhajinagar,Chhatrapati Sambhajinagar,Paithan,Paithan,20018162,Paithan Taluka 178 Village Grid WS,Honobachi wadi,783,1,0.04,0.02,0.00,0.00,0.00,0.00,0.00,5.11,2.55,0.00,0.00,0.00,0.00,0.00,15-Sep,16-Sep,17-Sep,18-Sep,19-Sep,20-Sep,21-Sep,15-Sep,16-Sep,17-Sep,18-Sep,19-Sep,20-Sep,21-Sep,5,7,0
Chhatrapati Sambhajinagar,Chhatrapati Sambhajinagar,Jalna,Mantha,Mantha,20094559,"120 Villages Extension Scheme for Works Not Considered in 173 GRID WSS and 95 GRID WSS Tq. Partur, Mantha and Jalna Dist: Jalna",Limbona,1496,1,0.00,0.00,0.00,0.00,0.00,0.00,0.00,0.00,0.00,0.00,0.00,0.00,0.00,0.00,15-Sep,16-Sep,17-Sep,18-Sep,19-Sep,20-Sep,21-Sep,15-Sep,16-Sep,17-Sep,18-Sep,19-Sep,20-Sep,21-Sep,7,7,0
Chhatrapati Sambhajinagar,Chhatrapati Sambhajinagar,Jalna,Mantha,Mantha,20094559,"120 Villages Extension Scheme for Works Not Considered in 173 GRID WSS and 95 GRID WSS Tq. Partur, Mantha and Jalna Dist: Jalna",Khorvad,2017,1,0.00,0.00,0.00,0.00,0.00,0.00,0.06,0.00,0.00,0.00,0.00,0.00,0.00,3.06,15-Sep,16-Sep,17-Sep,18-Sep,19-Sep,20-Sep,21-Sep,15-Sep,16-Sep,17-Sep,18-Sep,19-Sep,20-Sep,21-Sep,6,7,0
Chhatrapati Sambhajinagar,Chhatrapati Sambhajinagar,Jalna,Mantha,Mantha,20094559,"120 Villages Extension Scheme for Works Not Considered in 173 GRID WSS and 95 GRID WSS Tq. Partur, Mantha and Jalna Dist: Jalna",Sevali,7669,1,0.00,0.00,0.00,0.00,0.00,0.00,0.00,0.00,0.00,0.00,0.00,0.00,0.00,0.00,15-Sep,16-Sep,17-Sep,18-Sep,19-Sep,20-Sep,21-Sep,15-Sep,16-Sep,17-Sep,18-Sep,19-Sep,20-Sep,21-Sep,7,7,0
Chhatrapati Sambhajinagar,Latur,Latur,Renapur,Renapur,20030820,Pangaon 10 villages WSS,Pangaon,13738,3,0.14,0.00,2.64,7.06,0.15,0.00,0.87,1.02,0.00,19.22,51.39,1.09,0.00,6.33,15-Sep,16-Sep,17-Sep,18-Sep,19-Sep,20-Sep,21-Sep,15-Sep,16-Sep,17-Sep,18-Sep,19-Sep,20-Sep,21-Sep,2,7,0
Chhatrapati Sambhajinagar,Chhatrapati Sambhajinagar,Jalna,Mantha,Mantha,20094559,"120 Villages Extension Scheme for Works Not Considered in 173 GRID WSS and 95 GRID WSS Tq. Partur, Mantha and Jalna Dist: Jalna",Takalkhopa,1461,1,0.00,0.00,0.00,0.00,0.00,0.00,0.00,0.00,0.00,0.00,0.00,0.00,0.00,0.00,15-Sep,16-Sep,17-Sep,18-Sep,19-Sep,20-Sep,21-Sep,15-Sep,16-Sep,17-Sep,18-Sep,19-Sep,20-Sep,21-Sep,7,7,0
Chhatrapati Sambhajinagar,Chhatrapati Sambhajinagar,Jalna,Partur,Partur,20094559,"120 Villages Extension Scheme for Works Not Considered in 173 GRID WSS and 95 GRID WSS Tq. Partur, Mantha and Jalna Dist: Jalna",Dahiphal Tanda,545,1,0.00,0.00,0.00,0.00,0.00,0.00,0.00,0.00,0.00,0.00,0.00,0.00,0.00,0.00,15-Sep,16-Sep,17-Sep,18-Sep,19-Sep,20-Sep,21-Sep,15-Sep,16-Sep,17-Sep,18-Sep,19-Sep,20-Sep,21-Sep,7,7,0
Chhatrapati Sambhajinagar,Chhatrapati Sambhajinagar,Jalna,Partur,Partur,20094559,"120 Villages Extension Scheme for Works Not Considered in 173 GRID WSS and 95 GRID WSS Tq. Partur, Mantha and Jalna Dist: Jalna",Mav Patoda,1542,1,0.00,0.00,0.00,0.00,0.00,0.00,0.00,0.00,0.00,0.00,0.00,0.00,0.00,0.00,15-Sep,16-Sep,17-Sep,18-Sep,19-Sep,20-Sep,21-Sep,15-Sep,16-Sep,17-Sep,18-Sep,19-Sep,20-Sep,21-Sep,7,7,0
Chhatrapati Sambhajinagar,Chhatrapati Sambhajinagar,Jalna,Partur,Partur,20094559,"120 Villages Extension Scheme for Works Not Considered in 173 GRID WSS and 95 GRID WSS Tq. Partur, Mantha and Jalna Dist: Jalna",Likhitpimpri,1174,1,0.00,0.00,0.00,0.00,0.00,0.00,0.00,0.00,0.00,0.00,0.00,0.00,0.00,0.00,15-Sep,16-Sep,17-Sep,18-Sep,19-Sep,20-Sep,21-Sep,15-Sep,16-Sep,17-Sep,18-Sep,19-Sep,20-Sep,21-Sep,7,7,0
Chhatrapati Sambhajinagar,Chhatrapati Sambhajinagar,Jalna,Jalna,Jalna,20094559,"120 Villages Extension Scheme for Works Not Considered in 173 GRID WSS and 95 GRID WSS Tq. Partur, Mantha and Jalna Dist: Jalna",Shambhu,524,1,0.00,0.00,0.00,0.00,0.00,0.00,0.00,0.00,0.00,0.00,0.00,0.00,0.00,0.00,15-Sep,16-Sep,17-Sep,18-Sep,19-Sep,20-Sep,21-Sep,15-Sep,16-Sep,17-Sep,18-Sep,19-Sep,20-Sep,21-Sep,7,7,0
Chhatrapati Sambhajinagar,Chhatrapati Sambhajinagar,Jalna,Jalna,Jalna,20094559,"120 Villages Extension Scheme for Works Not Considered in 173 GRID WSS and 95 GRID WSS Tq. Partur, Mantha and Jalna Dist: Jalna",Shivani,488,1,0.17,0.21,0.00,0.68,0.27,0.00,0.21,35.44,43.54,0.00,139.56,54.91,0.00,43.32,15-Sep,16-Sep,17-Sep,18-Sep,19-Sep,20-Sep,21-Sep,15-Sep,16-Sep,17-Sep,18-Sep,19-Sep,20-Sep,21-Sep,2,6,1
Chhatrapati Sambhajinagar,Chhatrapati Sambhajinagar,Jalna,Jalna,Jalna,20094559,"120 Villages Extension Scheme for Works Not Considered in 173 GRID WSS and 95 GRID WSS Tq. Partur, Mantha and Jalna Dist: Jalna",Nagapur,690,1,0.00,0.00,0.00,0.00,0.01,0.01,0.00,0.00,0.00,0.00,0.00,1.87,1.79,0.61,15-Sep,16-Sep,17-Sep,18-Sep,19-Sep,20-Sep,21-Sep,15-Sep,16-Sep,17-Sep,18-Sep,19-Sep,20-Sep,21-Sep,4,7,0
Chhatrapati Sambhajinagar,Chhatrapati Sambhajinagar,Jalna,Partur,Partur,20094559,"120 Villages Extension Scheme for Works Not Considered in 173 GRID WSS and 95 GRID WSS Tq. Partur, Mantha and Jalna Dist: Jalna",Salgaon,1029,1,0.18,0.52,0.00,0.05,0.00,0.00,0.04,17.49,50.53,0.00,4.86,0.00,0.00,3.89,15-Sep,16-Sep,17-Sep,18-Sep,19-Sep,20-Sep,21-Sep,15-Sep,16-Sep,17-Sep,18-Sep,19-Sep,20-Sep,21-Sep,3,7,0
Chhatrapati Sambhajinagar,Chhatrapati Sambhajinagar,Jalna,Partur,Partur,20094559,"120 Villages Extension Scheme for Works Not Considered in 173 GRID WSS and 95 GRID WSS Tq. Partur, Mantha and Jalna Dist: Jalna",Watur Fata,4297,2,0.00,0.00,0.00,0.00,0.00,0.00,0.00,0.00,0.00,0.00,0.00,0.00,0.01,0.09,15-Sep,16-Sep,17-Sep,18-Sep,19-Sep,20-Sep,21-Sep,15-Sep,16-Sep,17-Sep,18-Sep,19-Sep,20-Sep,21-Sep,5,7,0
Chhatrapati Sambhajinagar,Chhatrapati Sambhajinagar,Jalna,Partur,Partur,20094559,"120 Villages Extension Scheme for Works Not Considered in 173 GRID WSS and 95 GRID WSS Tq. Partur, Mantha and Jalna Dist: Jalna",Raniwahegaon,1131,1,0.00,0.00,0.00,0.00,0.00,0.18,0.00,0.00,0.00,0.00,0.00,0.00,16.32,0.00,15-Sep,16-Sep,17-Sep,18-Sep,19-Sep,20-Sep,21-Sep,15-Sep,16-Sep,17-Sep,18-Sep,19-Sep,20-Sep,21-Sep,6,7,0
Chhatrapati Sambhajinagar,Nanded,Nanded,Hadgaon,Hadgaon,20013969,Hadgaon and Himayatnagar 132 Village Grid WSS,Shirad,4587,1,0.00,0.00,0.00,0.00,0.00,0.00,0.00,0.00,0.00,0.00,0.00,0.00,0.00,0.00,15-Sep,16-Sep,17-Sep,18-Sep,19-Sep,20-Sep,21-Sep,15-Sep,16-Sep,17-Sep,18-Sep,19-Sep,20-Sep,21-Sep,7,7,0
Chhatrapati Sambhajinagar,Chhatrapati Sambhajinagar,Jalna,Jalna,Jalna,20094559,"120 Villages Extension Scheme for Works Not Considered in 173 GRID WSS and 95 GRID WSS Tq. Partur, Mantha and Jalna Dist: Jalna",Sawergan Bhagde,1165,1,0.00,0.00,0.00,0.00,0.00,0.00,0.00,0.00,0.36,0.01,0.00,0.00,0.01,0.00,15-Sep,16-Sep,17-Sep,18-Sep,19-Sep,20-Sep,21-Sep,15-Sep,16-Sep,17-Sep,18-Sep,19-Sep,20-Sep,21-Sep,4,7,0
Chhatrapati Sambhajinagar,Chhatrapati Sambhajinagar,Chhatrapati Sambhajinagar,Paithan,Paithan,20018162,Paithan Taluka 178 Village Grid WS,Tondoli,0,1,0.00,0.00,0.00,0.00,0.00,0.00,0.00,0.00,0.00,0.00,0.00,0.00,0.00,0.00,15-Sep,16-Sep,17-Sep,18-Sep,19-Sep,20-Sep,21-Sep,15-Sep,16-Sep,17-Sep,18-Sep,19-Sep,20-Sep,21-Sep,7,7,0
Chhatrapati Sambhajinagar,Chhatrapati Sambhajinagar,Chhatrapati Sambhajinagar,Paithan,Paithan,20018162,Paithan Taluka 178 Village Grid WS,Warundi Bk.,2125,1,0.00,0.00,0.00,0.00,0.00,0.00,0.01,0.00,0.00,0.00,0.00,0.00,0.00,0.47,15-Sep,16-Sep,17-Sep,18-Sep,19-Sep,20-Sep,21-Sep,15-Sep,16-Sep,17-Sep,18-Sep,19-Sep,20-Sep,21-Sep,6,7,0
Chhatrapati Sambhajinagar,Chhatrapati Sambhajinagar,Chhatrapati Sambhajinagar,Paithan,Paithan,20018162,Paithan Taluka 178 Village Grid WS,Akthawada,1508,1,0.34,1.85,0.00,0.46,0.00,1.11,1.43,22.55,122.68,0.00,30.50,0.00,73.41,94.83,15-Sep,16-Sep,17-Sep,18-Sep,19-Sep,20-Sep,21-Sep,15-Sep,16-Sep,17-Sep,18-Sep,19-Sep,20-Sep,21-Sep,2,4,3
Chhatrapati Sambhajinagar,Chhatrapati Sambhajinagar,Chhatrapati Sambhajinagar,Paithan,Paithan,20018162,Paithan Taluka 178 Village Grid WS,Daregaon,992,1,0.00,0.00,0.00,0.00,0.00,0.00,0.00,0.00,0.00,0.00,0.00,0.00,0.00,0.00,15-Sep,16-Sep,17-Sep,18-Sep,19-Sep,20-Sep,21-Sep,15-Sep,16-Sep,17-Sep,18-Sep,19-Sep,20-Sep,21-Sep,7,7,0
Chhatrapati Sambhajinagar,Chhatrapati Sambhajinagar,Jalna,Partur,Partur,20094559,"120 Villages Extension Scheme for Works Not Considered in 173 GRID WSS and 95 GRID WSS Tq. Partur, Mantha and Jalna Dist: Jalna",Dhokmal Tanda,1058,1,0.00,0.00,0.00,0.00,2.88,0.58,1.89,0.00,0.00,0.00,0.00,272.21,54.82,178.64,15-Sep,16-Sep,17-Sep,18-Sep,19-Sep,20-Sep,21-Sep,15-Sep,16-Sep,17-Sep,18-Sep,19-Sep,20-Sep,21-Sep,4,5,2
Chhatrapati Sambhajinagar,Chhatrapati Sambhajinagar,Jalna,Mantha,Mantha,20094559,"120 Villages Extension Scheme for Works Not Considered in 173 GRID WSS and 95 GRID WSS Tq. Partur, Mantha and Jalna Dist: Jalna",Naigaon Tanda,1491,1,0.29,0.27,0.00,0.00,0.00,0.26,0.00,19.15,18.40,0.00,0.00,0.00,17.19,0.00,15-Sep,16-Sep,17-Sep,18-Sep,19-Sep,20-Sep,21-Sep,15-Sep,16-Sep,17-Sep,18-Sep,19-Sep,20-Sep,21-Sep,4,7,0
Chhatrapati Sambhajinagar,Chhatrapati Sambhajinagar,Jalna,Partur,Partur,20094559,"120 Villages Extension Scheme for Works Not Considered in 173 GRID WSS and 95 GRID WSS Tq. Partur, Mantha and Jalna Dist: Jalna",Mapegaon KH,1293,1,0.00,0.00,0.00,0.00,0.00,0.00,0.00,0.00,0.00,0.00,0.00,0.00,0.00,0.00,15-Sep,16-Sep,17-Sep,18-Sep,19-Sep,20-Sep,21-Sep,15-Sep,16-Sep,17-Sep,18-Sep,19-Sep,20-Sep,21-Sep,7,7,0
Chhatrapati Sambhajinagar,Nanded,Nanded,Himayatnagar,Himayatnagar,20013969,Hadgaon and Himayatnagar 132 Village Grid WSS,Palaspur,2211,1,0.00,0.00,0.00,0.00,0.00,0.00,0.00,0.00,0.00,0.00,0.00,0.00,0.00,0.00,15-Sep,16-Sep,17-Sep,18-Sep,19-Sep,20-Sep,21-Sep,15-Sep,16-Sep,17-Sep,18-Sep,19-Sep,20-Sep,21-Sep,7,7,0
Chhatrapati Sambhajinagar,Chhatrapati Sambhajinagar,Chhatrapati Sambhajinagar,Paithan,Paithan,20018162,Paithan Taluka 178 Village Grid WS,Dhorkin,3816,1,0.01,0.27,1.94,0.00,0.00,0.01,0.00,0.26,7.08,50.84,0.00,0.00,0.26,0.00,15-Sep,16-Sep,17-Sep,18-Sep,19-Sep,20-Sep,21-Sep,15-Sep,16-Sep,17-Sep,18-Sep,19-Sep,20-Sep,21-Sep,3,7,0
Chhatrapati Sambhajinagar,Chhatrapati Sambhajinagar,Chhatrapati Sambhajinagar,Gangapur,Gangapur,20051233,373 Village Gangapur-Vaijapur Grid WSS,Jogeshwari,13730,1,5.51,5.58,5.36,5.26,2.51,4.58,3.59,40.10,40.64,39.07,38.32,18.29,33.39,26.17,15-Sep,16-Sep,17-Sep,18-Sep,19-Sep,20-Sep,21-Sep,15-Sep,16-Sep,17-Sep,18-Sep,19-Sep,20-Sep,21-Sep,0,7,0
Chhatrapati Sambhajinagar,Chhatrapati Sambhajinagar,Chhatrapati Sambhajinagar,Paithan,Paithan,20018162,Paithan Taluka 178 Village Grid WS,Tanda Kh.,0,1,0.00,0.00,0.00,0.00,0.00,0.00,0.00,0.00,0.00,0.00,0.00,0.00,0.00,0.00,15-Sep,16-Sep,17-Sep,18-Sep,19-Sep,20-Sep,21-Sep,15-Sep,16-Sep,17-Sep,18-Sep,19-Sep,20-Sep,21-Sep,7,7,0
Chhatrapati Sambhajinagar,Chhatrapati Sambhajinagar,Chhatrapati Sambhajinagar,Paithan,Paithan,20018162,Paithan Taluka 178 Village Grid WS,Dadegaon Bk.,1144,2,0.00,0.00,0.23,0.44,0.22,0.00,0.25,0.00,0.00,20.10,38.46,19.23,0.00,21.85,15-Sep,16-Sep,17-Sep,18-Sep,19-Sep,20-Sep,21-Sep,15-Sep,16-Sep,17-Sep,18-Sep,19-Sep,20-Sep,21-Sep,3,7,0
Chhatrapati Sambhajinagar,Chhatrapati Sambhajinagar,Chhatrapati Sambhajinagar,Paithan,Paithan,20018162,Paithan Taluka 178 Village Grid WS,Kuranpimpri,720,1,0.00,0.00,0.00,0.00,0.00,0.00,0.00,0.00,0.00,0.00,0.00,0.00,0.00,0.00,15-Sep,16-Sep,17-Sep,18-Sep,19-Sep,20-Sep,21-Sep,15-Sep,16-Sep,17-Sep,18-Sep,19-Sep,20-Sep,21-Sep,7,7,0
Chhatrapati Sambhajinagar,Nanded,Nanded,Hadgaon,Hadgaon,20013969,Hadgaon and Himayatnagar 132 Village Grid WSS,Bhanegaon Tanda,971,1,0.30,0.28,0.00,0.03,0.00,0.00,0.00,30.90,28.84,0.00,3.09,0.00,0.00,0.00,15-Sep,16-Sep,17-Sep,18-Sep,19-Sep,20-Sep,21-Sep,15-Sep,16-Sep,17-Sep,18-Sep,19-Sep,20-Sep,21-Sep,4,7,0
Chhatrapati Sambhajinagar,Chhatrapati Sambhajinagar,Jalna,Mantha,Mantha,20094559,"120 Villages Extension Scheme for Works Not Considered in 173 GRID WSS and 95 GRID WSS Tq. Partur, Mantha and Jalna Dist: Jalna",Khorad Sawangi,2661,1,0.06,0.06,0.00,0.04,0.13,0.08,0.11,2.36,2.41,0.00,1.46,4.81,2.90,4.17,15-Sep,16-Sep,17-Sep,18-Sep,19-Sep,20-Sep,21-Sep,15-Sep,16-Sep,17-Sep,18-Sep,19-Sep,20-Sep,21-Sep,1,7,0
Chhatrapati Sambhajinagar,Nanded,Nanded,Hadgaon,Hadgaon,20013969,Hadgaon and Himayatnagar 132 Village Grid WSS,Unchegaon,1958,1,9.89,1.85,1.14,0.07,0.00,0.00,0.00,505.04,94.61,58.22,3.58,0.00,0.00,0.00,15-Sep,16-Sep,17-Sep,18-Sep,19-Sep,20-Sep,21-Sep,15-Sep,16-Sep,17-Sep,18-Sep,19-Sep,20-Sep,21-Sep,3,4,3
Chhatrapati Sambhajinagar,Nanded,Nanded,Hadgaon,Hadgaon,20013969,Hadgaon and Himayatnagar 132 Village Grid WSS,Sawargaon,4448,1,0.00,0.00,0.00,0.00,0.00,0.00,0.00,0.00,0.00,0.00,0.00,0.00,0.00,0.00,15-Sep,16-Sep,17-Sep,18-Sep,19-Sep,20-Sep,21-Sep,15-Sep,16-Sep,17-Sep,18-Sep,19-Sep,20-Sep,21-Sep,7,7,0
Chhatrapati Sambhajinagar,Chhatrapati Sambhajinagar,Jalna,Mantha,Mantha,20094559,"120 Villages Extension Scheme for Works Not Considered in 173 GRID WSS and 95 GRID WSS Tq. Partur, Mantha and Jalna Dist: Jalna",Pakni,873,1,0.00,0.00,0.00,0.20,0.00,0.00,0.01,0.00,0.00,0.00,22.91,0.00,0.00,1.15,15-Sep,16-Sep,17-Sep,18-Sep,19-Sep,20-Sep,21-Sep,15-Sep,16-Sep,17-Sep,18-Sep,19-Sep,20-Sep,21-Sep,5,7,0
Chhatrapati Sambhajinagar,Nanded,Nanded,Hadgaon,Hadgaon,20013969,Hadgaon and Himayatnagar 132 Village Grid WSS,Hadsani,1944,1,12.73,2.24,24.12,20.82,9.56,14.68,13.15,654.84,115.23,1240.74,1070.99,491.77,755.14,676.44,15-Sep,16-Sep,17-Sep,18-Sep,19-Sep,20-Sep,21-Sep,15-Sep,16-Sep,17-Sep,18-Sep,19-Sep,20-Sep,21-Sep,0,0,7
Chhatrapati Sambhajinagar,Nanded,Nanded,Hadgaon,Hadgaon,20013969,Hadgaon and Himayatnagar 132 Village Grid WSS,Rawangaon (Manatha),1463,1,0.00,0.00,0.00,0.00,0.00,0.00,0.00,0.00,0.00,0.00,0.00,0.00,0.00,0.00,15-Sep,16-Sep,17-Sep,18-Sep,19-Sep,20-Sep,21-Sep,15-Sep,16-Sep,17-Sep,18-Sep,19-Sep,20-Sep,21-Sep,7,7,0
Chhatrapati Sambhajinagar,Chhatrapati Sambhajinagar,Jalna,Jalna,Jalna,20094559,"120 Villages Extension Scheme for Works Not Considered in 173 GRID WSS and 95 GRID WSS Tq. Partur, Mantha and Jalna Dist: Jalna",Jada Tanda,212,1,0.00,0.00,0.00,0.00,0.00,0.00,0.00,0.00,0.00,0.00,0.00,0.00,0.00,0.00,15-Sep,16-Sep,17-Sep,18-Sep,19-Sep,20-Sep,21-Sep,15-Sep,16-Sep,17-Sep,18-Sep,19-Sep,20-Sep,21-Sep,7,7,0
Chhatrapati Sambhajinagar,Latur,Latur,Renapur,Renapur,20030820,Pangaon 10 villages WSS,Ghansargaon,2815,1,0.00,0.00,0.00,0.00,0.00,0.00,0.00,0.00,0.00,0.00,0.00,0.00,0.00,0.00,15-Sep,16-Sep,17-Sep,18-Sep,19-Sep,20-Sep,21-Sep,15-Sep,16-Sep,17-Sep,18-Sep,19-Sep,20-Sep,21-Sep,7,7,0
Chhatrapati Sambhajinagar,Chhatrapati Sambhajinagar,Chhatrapati Sambhajinagar,Paithan,Paithan,20018162,Paithan Taluka 178 Village Grid WS,Harshi Bk.,0,1,0.00,0.00,0.00,0.00,0.00,0.00,18286744.95,0.00,0.00,0.00,0.00,0.00,0.00,0.00,15-Sep,16-Sep,17-Sep,18-Sep,19-Sep,20-Sep,21-Sep,15-Sep,16-Sep,17-Sep,18-Sep,19-Sep,20-Sep,21-Sep,7,7,0
Chhatrapati Sambhajinagar,Chhatrapati Sambhajinagar,Chhatrapati Sambhajinagar,Paithan,Paithan,20018162,Paithan Taluka 178 Village Grid WS,Vihamandwa,6440,1,0.00,0.00,0.00,0.00,0.00,0.00,0.00,0.00,0.00,0.00,0.00,0.00,0.00,0.00,15-Sep,16-Sep,17-Sep,18-Sep,19-Sep,20-Sep,21-Sep,15-Sep,16-Sep,17-Sep,18-Sep,19-Sep,20-Sep,21-Sep,7,7,0
Chhatrapati Sambhajinagar,Nanded,Nanded,Hadgaon,Hadgaon,20013969,Hadgaon and Himayatnagar 132 Village Grid WSS,Kedarguda,1564,1,20.18,25.07,21.12,25.85,16.06,34.73,31.74,1290.28,1602.62,1350.21,1653.11,1026.85,2220.76,2029.45,15-Sep,16-Sep,17-Sep,18-Sep,19-Sep,20-Sep,21-Sep,15-Sep,16-Sep,17-Sep,18-Sep,19-Sep,20-Sep,21-Sep,0,0,7
Chhatrapati Sambhajinagar,Chhatrapati Sambhajinagar,Chhatrapati Sambhajinagar,Paithan,Paithan,20018162,Paithan Taluka 178 Village Grid WS,Shekta,0,1,0.00,0.00,0.00,0.00,0.00,0.00,0.00,0.00,0.00,0.00,0.00,0.00,0.00,0.00,15-Sep,16-Sep,17-Sep,18-Sep,19-Sep,20-Sep,21-Sep,15-Sep,16-Sep,17-Sep,18-Sep,19-Sep,20-Sep,21-Sep,7,7,0
Chhatrapati Sambhajinagar,Nanded,Nanded,Hadgaon,Hadgaon,20013969,Hadgaon and Himayatnagar 132 Village Grid WSS,Shivani,823,1,0.00,0.00,0.00,0.00,0.00,0.00,0.00,0.00,0.00,0.00,0.00,0.00,0.00,0.00,15-Sep,16-Sep,17-Sep,18-Sep,19-Sep,20-Sep,21-Sep,15-Sep,16-Sep,17-Sep,18-Sep,19-Sep,20-Sep,21-Sep,7,7,0
Chhatrapati Sambhajinagar,Chhatrapati Sambhajinagar,Jalna,Jalna,Jalna,20094559,"120 Villages Extension Scheme for Works Not Considered in 173 GRID WSS and 95 GRID WSS Tq. Partur, Mantha and Jalna Dist: Jalna",Dhagi,1485,1,0.00,0.00,0.00,0.00,0.00,0.00,0.00,0.00,0.00,0.00,0.00,0.00,0.00,0.00,15-Sep,16-Sep,17-Sep,18-Sep,19-Sep,20-Sep,21-Sep,15-Sep,16-Sep,17-Sep,18-Sep,19-Sep,20-Sep,21-Sep,7,7,0
Chhatrapati Sambhajinagar,Nanded,Nanded,Himayatnagar,Himayatnagar,20013969,Hadgaon and Himayatnagar 132 Village Grid WSS,Borgadi,1212,1,0.00,0.00,0.00,0.00,0.00,0.00,0.00,0.00,0.00,0.00,0.00,0.00,0.00,0.00,15-Sep,16-Sep,17-Sep,18-Sep,19-Sep,20-Sep,21-Sep,15-Sep,16-Sep,17-Sep,18-Sep,19-Sep,20-Sep,21-Sep,7,7,0
Chhatrapati Sambhajinagar,Chhatrapati Sambhajinagar,Jalna,Partur,Partur,20094559,"120 Villages Extension Scheme for Works Not Considered in 173 GRID WSS and 95 GRID WSS Tq. Partur, Mantha and Jalna Dist: Jalna",Phulwadi,1672,1,0.11,0.05,0.01,0.01,0.01,0.00,0.01,6.56,3.06,0.69,0.38,0.39,0.00,0.64,15-Sep,16-Sep,17-Sep,18-Sep,19-Sep,20-Sep,21-Sep,15-Sep,16-Sep,17-Sep,18-Sep,19-Sep,20-Sep,21-Sep,1,7,0
Chhatrapati Sambhajinagar,Chhatrapati Sambhajinagar,Jalna,Partur,Partur,20094559,"120 Villages Extension Scheme for Works Not Considered in 173 GRID WSS and 95 GRID WSS Tq. Partur, Mantha and Jalna Dist: Jalna",Pimpali Dhamangaon,1892,1,0.93,0.28,1.04,0.56,0.00,1.81,1.25,49.41,14.84,55.04,29.40,0.01,95.65,66.18,15-Sep,16-Sep,17-Sep,18-Sep,19-Sep,20-Sep,21-Sep,15-Sep,16-Sep,17-Sep,18-Sep,19-Sep,20-Sep,21-Sep,0,4,3
Chhatrapati Sambhajinagar,Chhatrapati Sambhajinagar,Jalna,Mantha,Mantha,20094559,"120 Villages Extension Scheme for Works Not Considered in 173 GRID WSS and 95 GRID WSS Tq. Partur, Mantha and Jalna Dist: Jalna",Tokawadi,705,2,0.21,0.25,0.43,0.22,0.19,0.00,0.25,29.79,34.88,61.53,31.01,26.25,0.04,35.87,15-Sep,16-Sep,17-Sep,18-Sep,19-Sep,20-Sep,21-Sep,15-Sep,16-Sep,17-Sep,18-Sep,19-Sep,20-Sep,21-Sep,0,6,1
Chhatrapati Sambhajinagar,Chhatrapati Sambhajinagar,Chhatrapati Sambhajinagar,Paithan,Paithan,20018162,Paithan Taluka 178 Village Grid WS,Geora BK.,0,1,0.00,0.00,0.00,0.00,0.00,0.00,0.00,0.00,0.00,0.00,0.00,0.00,0.00,0.00,15-Sep,16-Sep,17-Sep,18-Sep,19-Sep,20-Sep,21-Sep,15-Sep,16-Sep,17-Sep,18-Sep,19-Sep,20-Sep,21-Sep,7,7,0
Chhatrapati Sambhajinagar,Chhatrapati Sambhajinagar,Jalna,Partur,Partur,20094559,"120 Villages Extension Scheme for Works Not Considered in 173 GRID WSS and 95 GRID WSS Tq. Partur, Mantha and Jalna Dist: Jalna",Ganeshpur (Hanwadi),289,1,0.00,0.00,0.00,0.01,0.00,0.00,0.01,0.30,0.01,0.00,2.20,0.89,1.23,3.56,15-Sep,16-Sep,17-Sep,18-Sep,19-Sep,20-Sep,21-Sep,15-Sep,16-Sep,17-Sep,18-Sep,19-Sep,20-Sep,21-Sep,1,7,0
Chhatrapati Sambhajinagar,Chhatrapati Sambhajinagar,Chhatrapati Sambhajinagar,Gangapur,Gangapur,20051233,373 Village Gangapur-Vaijapur Grid WSS,Raipur,2196,1,0.00,0.00,0.00,0.00,0.00,0.00,0.00,0.00,0.00,0.00,0.00,0.00,0.00,0.00,15-Sep,16-Sep,17-Sep,18-Sep,19-Sep,20-Sep,21-Sep,15-Sep,16-Sep,17-Sep,18-Sep,19-Sep,20-Sep,21-Sep,7,7,0
Chhatrapati Sambhajinagar,Chhatrapati Sambhajinagar,Jalna,Jalna,Jalna,20094559,"120 Villages Extension Scheme for Works Not Considered in 173 GRID WSS and 95 GRID WSS Tq. Partur, Mantha and Jalna Dist: Jalna",Daregaon (Ner),330,1,0.00,0.00,0.00,0.17,0.00,0.00,0.01,0.00,0.02,0.00,51.38,0.00,0.00,3.45,15-Sep,16-Sep,17-Sep,18-Sep,19-Sep,20-Sep,21-Sep,15-Sep,16-Sep,17-Sep,18-Sep,19-Sep,20-Sep,21-Sep,4,7,0
Chhatrapati Sambhajinagar,Chhatrapati Sambhajinagar,Chhatrapati Sambhajinagar,Gangapur,Gangapur,20051233,373 Village Gangapur-Vaijapur Grid WSS,Ranjangaon (s),62282,1,0.00,0.00,0.00,2.41,0.00,0.75,0.00,0.00,0.00,0.00,3.87,0.00,1.21,0.00,15-Sep,16-Sep,17-Sep,18-Sep,19-Sep,20-Sep,21-Sep,15-Sep,16-Sep,17-Sep,18-Sep,19-Sep,20-Sep,21-Sep,5,7,0
Chhatrapati Sambhajinagar,Chhatrapati Sambhajinagar,Jalna,Mantha,Mantha,20094559,"120 Villages Extension Scheme for Works Not Considered in 173 GRID WSS and 95 GRID WSS Tq. Partur, Mantha and Jalna Dist: Jalna",Daha,1634,1,0.00,0.00,0.00,0.00,0.00,0.00,0.00,0.00,0.00,0.00,0.00,0.00,0.00,0.00,15-Sep,16-Sep,17-Sep,18-Sep,19-Sep,20-Sep,21-Sep,15-Sep,16-Sep,17-Sep,18-Sep,19-Sep,20-Sep,21-Sep,7,7,0
Chhatrapati Sambhajinagar,Chhatrapati Sambhajinagar,Jalna,Mantha,Mantha,20094559,"120 Villages Extension Scheme for Works Not Considered in 173 GRID WSS and 95 GRID WSS Tq. Partur, Mantha and Jalna Dist: Jalna",Ranmala,1746,1,0.00,0.77,0.00,0.10,0.00,0.00,0.68,0.00,43.89,0.00,5.74,0.00,0.01,38.79,15-Sep,16-Sep,17-Sep,18-Sep,19-Sep,20-Sep,21-Sep,15-Sep,16-Sep,17-Sep,18-Sep,19-Sep,20-Sep,21-Sep,3,7,0
Chhatrapati Sambhajinagar,Chhatrapati Sambhajinagar,Jalna,Partur,Partur,20094559,"120 Villages Extension Scheme for Works Not Considered in 173 GRID WSS and 95 GRID WSS Tq. Partur, Mantha and Jalna Dist: Jalna",Wahegaon Satara,1417,1,0.00,0.00,0.00,0.00,0.00,0.00,0.00,0.00,0.00,0.00,0.00,0.00,0.00,0.00,15-Sep,16-Sep,17-Sep,18-Sep,19-Sep,20-Sep,21-Sep,15-Sep,16-Sep,17-Sep,18-Sep,19-Sep,20-Sep,21-Sep,7,7,0
Chhatrapati Sambhajinagar,Chhatrapati Sambhajinagar,Chhatrapati Sambhajinagar,Paithan,Paithan,20018162,Paithan Taluka 178 Village Grid WS,Nandar,3360,1,79.84,70.82,31.68,97.05,98.77,37.54,44.15,2376.04,2107.59,942.83,2888.39,2939.71,1117.41,1313.90,15-Sep,16-Sep,17-Sep,18-Sep,19-Sep,20-Sep,21-Sep,15-Sep,16-Sep,17-Sep,18-Sep,19-Sep,20-Sep,21-Sep,0,0,7
Chhatrapati Sambhajinagar,Chhatrapati Sambhajinagar,Jalna,Partur,Partur,20094559,"120 Villages Extension Scheme for Works Not Considered in 173 GRID WSS and 95 GRID WSS Tq. Partur, Mantha and Jalna Dist: Jalna",Khandvi,2404,1,0.00,0.00,0.00,0.00,0.00,0.00,0.00,0.00,0.00,0.00,0.00,0.00,0.00,0.00,15-Sep,16-Sep,17-Sep,18-Sep,19-Sep,20-Sep,21-Sep,15-Sep,16-Sep,17-Sep,18-Sep,19-Sep,20-Sep,21-Sep,7,7,0
Chhatrapati Sambhajinagar,Chhatrapati Sambhajinagar,Jalna,Partur,Partur,20094559,"120 Villages Extension Scheme for Works Not Considered in 173 GRID WSS and 95 GRID WSS Tq. Partur, Mantha and Jalna Dist: Jalna",Dolara,1422,1,0.00,0.00,0.00,0.00,0.00,0.00,0.00,0.00,0.00,0.00,0.00,0.00,0.00,0.00,15-Sep,16-Sep,17-Sep,18-Sep,19-Sep,20-Sep,21-Sep,15-Sep,16-Sep,17-Sep,18-Sep,19-Sep,20-Sep,21-Sep,7,7,0
Chhatrapati Sambhajinagar,Chhatrapati Sambhajinagar,Jalna,Mantha,Mantha,20094559,"120 Villages Extension Scheme for Works Not Considered in 173 GRID WSS and 95 GRID WSS Tq. Partur, Mantha and Jalna Dist: Jalna",Aradakhari,985,1,0.00,0.00,3.51,18.31,5.72,0.21,0.00,0.00,0.00,356.35,1858.88,580.71,21.32,0.00,15-Sep,16-Sep,17-Sep,18-Sep,19-Sep,20-Sep,21-Sep,15-Sep,16-Sep,17-Sep,18-Sep,19-Sep,20-Sep,21-Sep,3,4,3
Chhatrapati Sambhajinagar,Nanded,Nanded,Kandhar,Kandhar,7338000,Osmamnagar Shirdhon Combined WSS,Osmamnagar,,2,0.00,0.00,0.00,0.00,0.00,0.00,0.00,0.00,0.00,0.00,0.00,0.00,0.00,0.00,15-Sep,16-Sep,17-Sep,18-Sep,19-Sep,20-Sep,21-Sep,15-Sep,16-Sep,17-Sep,18-Sep,19-Sep,20-Sep,21-Sep,7,7,0
Chhatrapati Sambhajinagar,Chhatrapati Sambhajinagar,Jalna,Partur,Partur,20094559,"120 Villages Extension Scheme for Works Not Considered in 173 GRID WSS and 95 GRID WSS Tq. Partur, Mantha and Jalna Dist: Jalna",Daithana Kh.,1844,1,0.00,0.00,0.00,0.00,0.00,0.00,0.00,0.00,0.00,0.00,0.00,0.00,0.00,0.00,15-Sep,16-Sep,17-Sep,18-Sep,19-Sep,20-Sep,21-Sep,15-Sep,16-Sep,17-Sep,18-Sep,19-Sep,20-Sep,21-Sep,7,7,0
Chhatrapati Sambhajinagar,Chhatrapati Sambhajinagar,Chhatrapati Sambhajinagar,Vaijapur,Vaijapur,20051233,373 Village Gangapur-Vaijapur Grid WSS,Goygaon,1665,1,0.00,0.00,0.00,0.00,0.00,0.00,0.00,0.00,0.00,0.00,0.00,0.00,0.00,0.00,15-Sep,16-Sep,17-Sep,18-Sep,19-Sep,20-Sep,21-Sep,15-Sep,16-Sep,17-Sep,18-Sep,19-Sep,20-Sep,21-Sep,7,7,0
Chhatrapati Sambhajinagar,Nanded,Nanded,Hadgaon,Hadgaon,20013969,Hadgaon and Himayatnagar 132 Village Grid WSS,Wai Pana Bk,3017,1,0.00,0.00,0.00,0.00,0.00,0.00,0.00,0.00,0.00,0.00,0.00,0.00,0.00,0.00,15-Sep,16-Sep,17-Sep,18-Sep,19-Sep,20-Sep,21-Sep,15-Sep,16-Sep,17-Sep,18-Sep,19-Sep,20-Sep,21-Sep,7,7,0
Chhatrapati Sambhajinagar,Nanded,Nanded,Himayatnagar,Himayatnagar,20013969,Hadgaon and Himayatnagar 132 Village Grid WSS,Walkyachiwadi,4427,1,1.97,20.95,0.59,0.00,0.01,0.00,3.47,44.43,473.23,13.33,0.00,0.23,0.00,78.38,15-Sep,16-Sep,17-Sep,18-Sep,19-Sep,20-Sep,21-Sep,15-Sep,16-Sep,17-Sep,18-Sep,19-Sep,20-Sep,21-Sep,2,5,2
Chhatrapati Sambhajinagar,Nanded,Nanded,Himayatnagar,Himayatnagar,20013969,Hadgaon and Himayatnagar 132 Village Grid WSS,Dudhad,1232,1,0.00,0.00,0.00,0.00,0.00,0.00,0.00,0.00,0.00,0.00,0.00,0.00,0.00,0.00,15-Sep,16-Sep,17-Sep,18-Sep,19-Sep,20-Sep,21-Sep,15-Sep,16-Sep,17-Sep,18-Sep,19-Sep,20-Sep,21-Sep,7,7,0
Chhatrapati Sambhajinagar,Chhatrapati Sambhajinagar,Chhatrapati Sambhajinagar,Paithan,Paithan,20018162,Paithan Taluka 178 Village Grid WS,Geora Kh.,0,1,0.00,0.00,0.00,0.00,0.00,0.00,0.00,0.00,0.00,0.00,0.00,0.00,0.00,0.00,15-Sep,16-Sep,17-Sep,18-Sep,19-Sep,20-Sep,21-Sep,15-Sep,16-Sep,17-Sep,18-Sep,19-Sep,20-Sep,21-Sep,7,7,0
Chhatrapati Sambhajinagar,Chhatrapati Sambhajinagar,Chhatrapati Sambhajinagar,Vaijapur,Vaijapur,20051233,373 Village Gangapur-Vaijapur Grid WSS,Dawala,1483,1,0.32,0.40,0.00,0.34,0.63,0.34,0.00,21.58,26.97,0.00,22.93,42.48,22.93,0.00,15-Sep,16-Sep,17-Sep,18-Sep,19-Sep,20-Sep,21-Sep,15-Sep,16-Sep,17-Sep,18-Sep,19-Sep,20-Sep,21-Sep,2,7,0
Chhatrapati Sambhajinagar,Nanded,Nanded,Hadgaon,Hadgaon,20013969,Hadgaon and Himayatnagar 132 Village Grid WSS,Kharbi,1461,1,1.35,1.78,1.99,1.32,1.47,1.93,1.29,92.40,121.83,136.21,90.35,100.62,132.10,88.30,15-Sep,16-Sep,17-Sep,18-Sep,19-Sep,20-Sep,21-Sep,15-Sep,16-Sep,17-Sep,18-Sep,19-Sep,20-Sep,21-Sep,0,0,7
Chhatrapati Sambhajinagar,Chhatrapati Sambhajinagar,Chhatrapati Sambhajinagar,Vaijapur,Vaijapur,20051233,373 Village Gangapur-Vaijapur Grid WSS,Sudamwadi,750,1,0.00,0.00,0.00,0.00,0.00,0.00,0.00,0.00,0.00,0.00,0.00,0.00,0.00,0.00,15-Sep,16-Sep,17-Sep,18-Sep,19-Sep,20-Sep,21-Sep,15-Sep,16-Sep,17-Sep,18-Sep,19-Sep,20-Sep,21-Sep,7,7,0
Chhatrapati Sambhajinagar,Chhatrapati Sambhajinagar,Jalna,Mantha,Mantha,20094559,"120 Villages Extension Scheme for Works Not Considered in 173 GRID WSS and 95 GRID WSS Tq. Partur, Mantha and Jalna Dist: Jalna",Borgaon,2304,2,0.38,0.10,0.00,0.00,0.60,0.49,0.01,16.32,4.42,0.00,0.00,25.89,21.48,0.43,15-Sep,16-Sep,17-Sep,18-Sep,19-Sep,20-Sep,21-Sep,15-Sep,16-Sep,17-Sep,18-Sep,19-Sep,20-Sep,21-Sep,2,7,0
Chhatrapati Sambhajinagar,Chhatrapati Sambhajinagar,Jalna,Jalna,Jalna,20094559,"120 Villages Extension Scheme for Works Not Considered in 173 GRID WSS and 95 GRID WSS Tq. Partur, Mantha and Jalna Dist: Jalna",Kakada,628,1,0.00,0.00,0.00,0.00,0.00,0.00,0.00,0.00,0.00,0.00,0.00,0.00,0.00,0.00,15-Sep,16-Sep,17-Sep,18-Sep,19-Sep,20-Sep,21-Sep,15-Sep,16-Sep,17-Sep,18-Sep,19-Sep,20-Sep,21-Sep,7,7,0
Chhatrapati Sambhajinagar,Chhatrapati Sambhajinagar,Jalna,Mantha,Mantha,20094559,"120 Villages Extension Scheme for Works Not Considered in 173 GRID WSS and 95 GRID WSS Tq. Partur, Mantha and Jalna Dist: Jalna",Pokhari Kendhali,967,1,0.00,0.00,0.00,0.00,0.00,0.00,0.00,0.00,0.00,0.00,0.00,0.00,0.00,0.00,15-Sep,16-Sep,17-Sep,18-Sep,19-Sep,20-Sep,21-Sep,15-Sep,16-Sep,17-Sep,18-Sep,19-Sep,20-Sep,21-Sep,7,7,0
Chhatrapati Sambhajinagar,Chhatrapati Sambhajinagar,Jalna,Mantha,Mantha,20094559,"120 Villages Extension Scheme for Works Not Considered in 173 GRID WSS and 95 GRID WSS Tq. Partur, Mantha and Jalna Dist: Jalna",Wadgaon Sarhadu,1136,1,0.00,0.00,0.00,0.00,0.00,0.00,0.00,0.00,0.00,0.00,0.00,0.01,0.00,0.00,15-Sep,16-Sep,17-Sep,18-Sep,19-Sep,20-Sep,21-Sep,15-Sep,16-Sep,17-Sep,18-Sep,19-Sep,20-Sep,21-Sep,6,7,0
Chhatrapati Sambhajinagar,Nanded,Nanded,Himayatnagar,Himayatnagar,20013969,Hadgaon and Himayatnagar 132 Village Grid WSS,Shibadara (J),1480,1,0.92,1.00,0.54,0.54,0.37,0.59,0.50,62.16,67.57,36.49,36.49,24.69,39.53,33.46,15-Sep,16-Sep,17-Sep,18-Sep,19-Sep,20-Sep,21-Sep,15-Sep,16-Sep,17-Sep,18-Sep,19-Sep,20-Sep,21-Sep,0,5,2
Chhatrapati Sambhajinagar,Chhatrapati Sambhajinagar,Chhatrapati Sambhajinagar,Sillod,Sillod,20017395,Shirsala & 4 Village,Nanegaon,2284,3,0.33,109509.98,0.00,1.92,1.87,0.00,0.01,14.45,4794657.64,0.00,84.06,81.87,0.00,0.44,15-Sep,16-Sep,17-Sep,18-Sep,19-Sep,20-Sep,21-Sep,15-Sep,16-Sep,17-Sep,18-Sep,19-Sep,20-Sep,21-Sep,2,4,3
Chhatrapati Sambhajinagar,Chhatrapati Sambhajinagar,Jalna,Jalna,Jalna,20094559,"120 Villages Extension Scheme for Works Not Considered in 173 GRID WSS and 95 GRID WSS Tq. Partur, Mantha and Jalna Dist: Jalna",Gargoti Tanda,179,1,0.00,0.00,0.00,0.00,0.00,0.00,0.00,0.00,0.00,0.00,0.00,0.00,0.00,0.00,15-Sep,16-Sep,17-Sep,18-Sep,19-Sep,20-Sep,21-Sep,15-Sep,16-Sep,17-Sep,18-Sep,19-Sep,20-Sep,21-Sep,7,7,0
Chhatrapati Sambhajinagar,Chhatrapati Sambhajinagar,Jalna,Mantha,Mantha,20094559,"120 Villages Extension Scheme for Works Not Considered in 173 GRID WSS and 95 GRID WSS Tq. Partur, Mantha and Jalna Dist: Jalna",Waghoda Tanda,1941,1,0.00,0.00,0.00,0.00,0.00,0.00,0.00,0.00,0.00,0.00,0.00,0.00,0.00,0.00,15-Sep,16-Sep,17-Sep,18-Sep,19-Sep,20-Sep,21-Sep,15-Sep,16-Sep,17-Sep,18-Sep,19-Sep,20-Sep,21-Sep,7,7,0
Chhatrapati Sambhajinagar,Chhatrapati Sambhajinagar,Jalna,Partur,Partur,20094559,"120 Villages Extension Scheme for Works Not Considered in 173 GRID WSS and 95 GRID WSS Tq. Partur, Mantha and Jalna Dist: Jalna",Sawargaon(bk),1176,1,0.00,0.00,0.00,0.00,0.00,0.00,0.00,0.00,0.00,0.00,0.00,0.00,0.00,0.00,15-Sep,16-Sep,17-Sep,18-Sep,19-Sep,20-Sep,21-Sep,15-Sep,16-Sep,17-Sep,18-Sep,19-Sep,20-Sep,21-Sep,7,7,0
Chhatrapati Sambhajinagar,Chhatrapati Sambhajinagar,Jalna,Mantha,Mantha,20094559,"120 Villages Extension Scheme for Works Not Considered in 173 GRID WSS and 95 GRID WSS Tq. Partur, Mantha and Jalna Dist: Jalna",WANJOLA,1817,1,0.00,0.00,0.00,0.00,0.00,0.00,0.00,0.00,0.00,0.00,0.00,0.00,0.00,0.00,15-Sep,16-Sep,17-Sep,18-Sep,19-Sep,20-Sep,21-Sep,15-Sep,16-Sep,17-Sep,18-Sep,19-Sep,20-Sep,21-Sep,7,7,0
Chhatrapati Sambhajinagar,Chhatrapati Sambhajinagar,Jalna,Mantha,Mantha,20094559,"120 Villages Extension Scheme for Works Not Considered in 173 GRID WSS and 95 GRID WSS Tq. Partur, Mantha and Jalna Dist: Jalna",Incha,501,1,0.00,0.00,0.00,0.00,0.00,0.00,0.00,0.00,0.00,0.00,0.00,0.00,0.00,0.00,15-Sep,16-Sep,17-Sep,18-Sep,19-Sep,20-Sep,21-Sep,15-Sep,16-Sep,17-Sep,18-Sep,19-Sep,20-Sep,21-Sep,7,7,0
Chhatrapati Sambhajinagar,Nanded,Nanded,Himayatnagar,Himayatnagar,20013969,Hadgaon and Himayatnagar 132 Village Grid WSS,Yewli,3092,1,0.30,0.30,0.35,0.29,0.29,0.31,0.25,9.70,9.71,11.32,9.38,9.38,10.09,8.09,15-Sep,16-Sep,17-Sep,18-Sep,19-Sep,20-Sep,21-Sep,15-Sep,16-Sep,17-Sep,18-Sep,19-Sep,20-Sep,21-Sep,0,7,0
Chhatrapati Sambhajinagar,Nanded,Nanded,Hadgaon,Hadgaon,20013969,Hadgaon and Himayatnagar 132 Village Grid WSS,Mardga,3172,1,1.08,1.15,2.19,2.45,2.53,1.76,0.00,34.05,36.25,69.04,77.24,79.76,55.49,0.00,15-Sep,16-Sep,17-Sep,18-Sep,19-Sep,20-Sep,21-Sep,15-Sep,16-Sep,17-Sep,18-Sep,19-Sep,20-Sep,21-Sep,1,3,4
Chhatrapati Sambhajinagar,Chhatrapati Sambhajinagar,Jalna,Jalna,Jalna,20094559,"120 Villages Extension Scheme for Works Not Considered in 173 GRID WSS and 95 GRID WSS Tq. Partur, Mantha and Jalna Dist: Jalna",Rathod Nagar,1254,2,0.00,0.00,0.00,0.00,0.00,0.00,0.00,0.00,0.00,0.00,0.00,0.00,0.00,0.00,15-Sep,16-Sep,17-Sep,18-Sep,19-Sep,20-Sep,21-Sep,15-Sep,16-Sep,17-Sep,18-Sep,19-Sep,20-Sep,21-Sep,7,7,0
Chhatrapati Sambhajinagar,Chhatrapati Sambhajinagar,Jalna,Partur,Partur,20094559,"120 Villages Extension Scheme for Works Not Considered in 173 GRID WSS and 95 GRID WSS Tq. Partur, Mantha and Jalna Dist: Jalna",Daithana (bk),1363,1,0.00,0.00,0.00,0.00,0.00,0.00,0.00,0.00,0.00,0.00,0.00,0.00,0.00,0.00,15-Sep,16-Sep,17-Sep,18-Sep,19-Sep,20-Sep,21-Sep,15-Sep,16-Sep,17-Sep,18-Sep,19-Sep,20-Sep,21-Sep,7,7,0
Chhatrapati Sambhajinagar,Nanded,Nanded,Hadgaon,Hadgaon,20013969,Hadgaon and Himayatnagar 132 Village Grid WSS,Bamani,1117,1,0.00,0.00,0.00,0.00,0.00,0.00,0.00,0.00,0.00,0.00,0.00,0.00,0.00,0.00,15-Sep,16-Sep,17-Sep,18-Sep,19-Sep,20-Sep,21-Sep,15-Sep,16-Sep,17-Sep,18-Sep,19-Sep,20-Sep,21-Sep,7,7,0
Chhatrapati Sambhajinagar,Chhatrapati Sambhajinagar,Jalna,Mantha,Mantha,20094559,"120 Villages Extension Scheme for Works Not Considered in 173 GRID WSS and 95 GRID WSS Tq. Partur, Mantha and Jalna Dist: Jalna",Saskheda,568,1,0.00,0.00,0.00,0.00,0.00,0.00,0.00,0.00,0.00,0.00,0.00,0.00,0.00,0.00,15-Sep,16-Sep,17-Sep,18-Sep,19-Sep,20-Sep,21-Sep,15-Sep,16-Sep,17-Sep,18-Sep,19-Sep,20-Sep,21-Sep,7,7,0
Chhatrapati Sambhajinagar,Chhatrapati Sambhajinagar,Jalna,Mantha,Mantha,20094559,"120 Villages Extension Scheme for Works Not Considered in 173 GRID WSS and 95 GRID WSS Tq. Partur, Mantha and Jalna Dist: Jalna",Dahiphal Khandare,3011,2,0.00,0.00,0.01,0.00,0.00,0.00,0.03,0.00,0.00,0.27,0.00,0.00,0.00,1.05,15-Sep,16-Sep,17-Sep,18-Sep,19-Sep,20-Sep,21-Sep,15-Sep,16-Sep,17-Sep,18-Sep,19-Sep,20-Sep,21-Sep,5,7,0
Chhatrapati Sambhajinagar,Latur,Latur,Renapur,Renapur,20030820,Pangaon 10 villages WSS,Kharoli,8990,2,3.59,8.03,2.80,10.03,6.49,2.97,0.00,39.93,89.36,31.15,111.52,72.19,33.04,0.00,15-Sep,16-Sep,17-Sep,18-Sep,19-Sep,20-Sep,21-Sep,15-Sep,16-Sep,17-Sep,18-Sep,19-Sep,20-Sep,21-Sep,1,4,3
Chhatrapati Sambhajinagar,Chhatrapati Sambhajinagar,Chhatrapati Sambhajinagar,Vaijapur,Vaijapur,20051233,373 Village Gangapur-Vaijapur Grid WSS,Deogaon Shani,934,1,0.00,0.00,0.00,0.00,0.00,0.00,0.00,0.00,0.00,0.00,0.00,0.00,0.00,0.00,15-Sep,16-Sep,17-Sep,18-Sep,19-Sep,20-Sep,21-Sep,15-Sep,16-Sep,17-Sep,18-Sep,19-Sep,20-Sep,21-Sep,7,7,0
Chhatrapati Sambhajinagar,Nanded,Nanded,Himayatnagar,Himayatnagar,20013969,Hadgaon and Himayatnagar 132 Village Grid WSS,Sirpalli,980,1,0.00,0.00,0.00,0.00,0.00,0.00,0.00,0.00,0.00,0.00,0.00,0.00,0.00,0.00,15-Sep,16-Sep,17-Sep,18-Sep,19-Sep,20-Sep,21-Sep,15-Sep,16-Sep,17-Sep,18-Sep,19-Sep,20-Sep,21-Sep,7,7,0
Chhatrapati Sambhajinagar,Chhatrapati Sambhajinagar,Jalna,Jalna,Jalna,20094559,"120 Villages Extension Scheme for Works Not Considered in 173 GRID WSS and 95 GRID WSS Tq. Partur, Mantha and Jalna Dist: Jalna",Pashta,1614,1,0.00,0.00,0.00,0.00,0.00,0.00,0.00,0.00,0.00,0.00,0.03,0.01,0.00,0.00,15-Sep,16-Sep,17-Sep,18-Sep,19-Sep,20-Sep,21-Sep,15-Sep,16-Sep,17-Sep,18-Sep,19-Sep,20-Sep,21-Sep,5,7,0
Chhatrapati Sambhajinagar,Nanded,Nanded,Kandhar,Kandhar,7338000,Osmamnagar Shirdhon Combined WSS,Shiradhon,7804,3,4.31,0.00,0.00,0.00,5.68,0.00,0.00,55.23,0.00,0.00,0.00,72.78,0.00,0.00,15-Sep,16-Sep,17-Sep,18-Sep,19-Sep,20-Sep,21-Sep,15-Sep,16-Sep,17-Sep,18-Sep,19-Sep,20-Sep,21-Sep,5,5,2
Chhatrapati Sambhajinagar,Nanded,Nanded,Himayatnagar,Himayatnagar,20013969,Hadgaon and Himayatnagar 132 Village Grid WSS,Dolhari,1871,1,0.00,0.00,0.00,0.00,0.00,0.00,0.00,0.00,0.00,0.00,0.00,0.00,0.00,0.00,15-Sep,16-Sep,17-Sep,18-Sep,19-Sep,20-Sep,21-Sep,15-Sep,16-Sep,17-Sep,18-Sep,19-Sep,20-Sep,21-Sep,7,7,0
Chhatrapati Sambhajinagar,Nanded,Nanded,Hadgaon,Hadgaon,20013969,Hadgaon and Himayatnagar 132 Village Grid WSS,Malzara,2202,1,0.00,0.00,0.00,0.00,0.00,0.00,0.00,0.00,0.00,0.00,0.00,0.00,0.00,0.00,15-Sep,16-Sep,17-Sep,18-Sep,19-Sep,20-Sep,21-Sep,15-Sep,16-Sep,17-Sep,18-Sep,19-Sep,20-Sep,21-Sep,7,7,0
Chhatrapati Sambhajinagar,Nanded,Nanded,Himayatnagar,Himayatnagar,20013969,Hadgaon and Himayatnagar 132 Village Grid WSS,Borgaon (Tamsa),787,1,0.00,0.00,0.00,0.00,0.00,0.00,0.00,0.00,0.00,0.00,0.00,0.00,0.00,0.00,15-Sep,16-Sep,17-Sep,18-Sep,19-Sep,20-Sep,21-Sep,15-Sep,16-Sep,17-Sep,18-Sep,19-Sep,20-Sep,21-Sep,7,7,0
Chhatrapati Sambhajinagar,Chhatrapati Sambhajinagar,Chhatrapati Sambhajinagar,Vaijapur,Vaijapur,20051233,373 Village Gangapur-Vaijapur Grid WSS,Jategaon,2711,1,0.00,0.00,0.00,0.00,0.00,0.00,0.00,0.00,0.00,0.00,0.00,0.00,0.00,0.00,15-Sep,16-Sep,17-Sep,18-Sep,19-Sep,20-Sep,21-Sep,15-Sep,16-Sep,17-Sep,18-Sep,19-Sep,20-Sep,21-Sep,7,7,0
Chhatrapati Sambhajinagar,Chhatrapati Sambhajinagar,Jalna,Mantha,Mantha,20094559,"120 Villages Extension Scheme for Works Not Considered in 173 GRID WSS and 95 GRID WSS Tq. Partur, Mantha and Jalna Dist: Jalna",Devthana Mantha,1068,1,0.16,0.00,0.14,0.00,0.16,0.00,0.18,14.98,0.00,13.11,0.00,14.98,0.00,16.85,15-Sep,16-Sep,17-Sep,18-Sep,19-Sep,20-Sep,21-Sep,15-Sep,16-Sep,17-Sep,18-Sep,19-Sep,20-Sep,21-Sep,3,7,0
Chhatrapati Sambhajinagar,Nanded,Nanded,Hadgaon,Hadgaon,20013969,Hadgaon and Himayatnagar 132 Village Grid WSS,Dagadwadi,1225,1,1.09,0.57,0.77,1.17,0.75,1.49,0.97,88.98,46.53,62.86,95.51,61.22,121.63,79.18,15-Sep,16-Sep,17-Sep,18-Sep,19-Sep,20-Sep,21-Sep,15-Sep,16-Sep,17-Sep,18-Sep,19-Sep,20-Sep,21-Sep,0,1,6
Chhatrapati Sambhajinagar,Chhatrapati Sambhajinagar,Jalna,Mantha,Mantha,20094559,"120 Villages Extension Scheme for Works Not Considered in 173 GRID WSS and 95 GRID WSS Tq. Partur, Mantha and Jalna Dist: Jalna",Ambhora Kadam,4360,1,0.00,0.00,0.00,0.00,0.00,0.00,0.00,0.00,0.00,0.00,0.00,0.00,0.00,0.00,15-Sep,16-Sep,17-Sep,18-Sep,19-Sep,20-Sep,21-Sep,15-Sep,16-Sep,17-Sep,18-Sep,19-Sep,20-Sep,21-Sep,7,7,0
Chhatrapati Sambhajinagar,Nanded,Nanded,Hadgaon,Hadgaon,20013969,Hadgaon and Himayatnagar 132 Village Grid WSS,Umri Ja.,2492,1,0.00,0.00,0.00,0.00,0.00,0.00,0.00,0.00,0.00,0.00,0.00,0.00,0.00,0.00,15-Sep,16-Sep,17-Sep,18-Sep,19-Sep,20-Sep,21-Sep,15-Sep,16-Sep,17-Sep,18-Sep,19-Sep,20-Sep,21-Sep,7,7,0
Chhatrapati Sambhajinagar,Chhatrapati Sambhajinagar,Jalna,Mantha,Mantha,20094559,"120 Villages Extension Scheme for Works Not Considered in 173 GRID WSS and 95 GRID WSS Tq. Partur, Mantha and Jalna Dist: Jalna",Tuppa,366,1,0.01,0.00,0.00,0.00,0.01,0.01,0.00,1.37,0.99,0.28,1.22,2.33,1.78,0.32,15-Sep,16-Sep,17-Sep,18-Sep,19-Sep,20-Sep,21-Sep,15-Sep,16-Sep,17-Sep,18-Sep,19-Sep,20-Sep,21-Sep,0,7,0
Chhatrapati Sambhajinagar,Chhatrapati Sambhajinagar,Jalna,Mantha,Mantha,20094559,"120 Villages Extension Scheme for Works Not Considered in 173 GRID WSS and 95 GRID WSS Tq. Partur, Mantha and Jalna Dist: Jalna",Kokarsa,378,1,0.00,0.00,0.00,0.00,0.00,0.00,0.00,0.00,0.00,0.00,0.00,0.00,0.00,0.00,15-Sep,16-Sep,17-Sep,18-Sep,19-Sep,20-Sep,21-Sep,15-Sep,16-Sep,17-Sep,18-Sep,19-Sep,20-Sep,21-Sep,7,7,0
Chhatrapati Sambhajinagar,Nanded,Nanded,Himayatnagar,Himayatnagar,20013969,Hadgaon and Himayatnagar 132 Village Grid WSS,Karanji,1346,1,0.00,0.00,0.00,0.00,0.00,0.38,0.00,0.00,0.00,0.00,0.00,0.00,27.98,0.00,15-Sep,16-Sep,17-Sep,18-Sep,19-Sep,20-Sep,21-Sep,15-Sep,16-Sep,17-Sep,18-Sep,19-Sep,20-Sep,21-Sep,6,7,0
Chhatrapati Sambhajinagar,Nanded,Nanded,Hadgaon,Hadgaon,20013969,Hadgaon and Himayatnagar 132 Village Grid WSS,Kolgaon,752,1,0.00,0.00,0.00,0.00,0.00,0.00,0.00,0.00,0.00,0.00,0.00,0.00,0.00,0.00,15-Sep,16-Sep,17-Sep,18-Sep,19-Sep,20-Sep,21-Sep,15-Sep,16-Sep,17-Sep,18-Sep,19-Sep,20-Sep,21-Sep,7,7,0
Chhatrapati Sambhajinagar,Chhatrapati Sambhajinagar,Chhatrapati Sambhajinagar,Gangapur,Gangapur,20051233,373 Village Gangapur-Vaijapur Grid WSS,Babhulgaon Padalsa,1001,1,0.00,0.00,0.00,0.00,0.00,0.00,0.00,0.00,0.00,0.00,0.00,0.00,0.00,0.00,15-Sep,16-Sep,17-Sep,18-Sep,19-Sep,20-Sep,21-Sep,15-Sep,16-Sep,17-Sep,18-Sep,19-Sep,20-Sep,21-Sep,7,7,0
Chhatrapati Sambhajinagar,Chhatrapati Sambhajinagar,Chhatrapati Sambhajinagar,Sillod,Sillod,20017395,Shirsala & 4 Village,Sirsala Tanda,1032,1,0.00,0.43,0.00,0.00,0.00,0.00,0.00,0.00,41.67,0.00,0.00,0.00,0.00,0.00,15-Sep,16-Sep,17-Sep,18-Sep,19-Sep,20-Sep,21-Sep,15-Sep,16-Sep,17-Sep,18-Sep,19-Sep,20-Sep,21-Sep,6,7,0
Chhatrapati Sambhajinagar,Chhatrapati Sambhajinagar,Jalna,Jalna,Jalna,20094559,"120 Villages Extension Scheme for Works Not Considered in 173 GRID WSS and 95 GRID WSS Tq. Partur, Mantha and Jalna Dist: Jalna",Timanaik Tanda,598,1,0.00,0.00,0.00,0.00,0.00,0.00,0.00,0.01,0.42,0.15,0.03,0.02,0.05,0.02,15-Sep,16-Sep,17-Sep,18-Sep,19-Sep,20-Sep,21-Sep,15-Sep,16-Sep,17-Sep,18-Sep,19-Sep,20-Sep,21-Sep,0,7,0
Chhatrapati Sambhajinagar,Latur,Latur,Chakur,Chakur,20030459,Rachnawadi 6 villages WSS,Rachnawadi,2228,1,0.19,1.80,0.00,1.93,0.02,0.38,0.00,8.36,80.79,0.00,86.62,0.90,17.06,0.00,15-Sep,16-Sep,17-Sep,18-Sep,19-Sep,20-Sep,21-Sep,15-Sep,16-Sep,17-Sep,18-Sep,19-Sep,20-Sep,21-Sep,2,5,2
Chhatrapati Sambhajinagar,Chhatrapati Sambhajinagar,Jalna,Mantha,Mantha,20094559,"120 Villages Extension Scheme for Works Not Considered in 173 GRID WSS and 95 GRID WSS Tq. Partur, Mantha and Jalna Dist: Jalna",Khari Arda,571,1,0.00,0.00,0.00,0.00,0.00,0.00,0.00,0.00,0.00,0.00,0.00,0.00,0.00,0.00,15-Sep,16-Sep,17-Sep,18-Sep,19-Sep,20-Sep,21-Sep,15-Sep,16-Sep,17-Sep,18-Sep,19-Sep,20-Sep,21-Sep,7,7,0
Chhatrapati Sambhajinagar,Chhatrapati Sambhajinagar,Jalna,Mantha,Mantha,20094559,"120 Villages Extension Scheme for Works Not Considered in 173 GRID WSS and 95 GRID WSS Tq. Partur, Mantha and Jalna Dist: Jalna",Idoli(kd),1836,1,0.33,0.00,0.13,0.00,0.23,0.18,0.06,18.22,0.01,7.29,0.00,12.41,9.95,3.28,15-Sep,16-Sep,17-Sep,18-Sep,19-Sep,20-Sep,21-Sep,15-Sep,16-Sep,17-Sep,18-Sep,19-Sep,20-Sep,21-Sep,1,7,0
Chhatrapati Sambhajinagar,Chhatrapati Sambhajinagar,Jalna,Partur,Partur,20094559,"120 Villages Extension Scheme for Works Not Considered in 173 GRID WSS and 95 GRID WSS Tq. Partur, Mantha and Jalna Dist: Jalna",Raipur,607,1,0.00,0.00,0.00,0.00,0.00,0.00,0.00,0.00,0.00,0.00,0.00,0.00,0.00,0.00,15-Sep,16-Sep,17-Sep,18-Sep,19-Sep,20-Sep,21-Sep,15-Sep,16-Sep,17-Sep,18-Sep,19-Sep,20-Sep,21-Sep,7,7,0
Chhatrapati Sambhajinagar,Chhatrapati Sambhajinagar,Chhatrapati Sambhajinagar,Sillod,Sillod,20017395,Shirsala & 4 Village,Sirsala,996,1,0.21,0.01,0.53,0.00,0.43,0.27,0.67,21.08,1.00,53.21,0.00,43.17,27.11,67.27,15-Sep,16-Sep,17-Sep,18-Sep,19-Sep,20-Sep,21-Sep,15-Sep,16-Sep,17-Sep,18-Sep,19-Sep,20-Sep,21-Sep,1,6,1
Chhatrapati Sambhajinagar,Chhatrapati Sambhajinagar,Jalna,Partur,Partur,20094559,"120 Villages Extension Scheme for Works Not Considered in 173 GRID WSS and 95 GRID WSS Tq. Partur, Mantha and Jalna Dist: Jalna",Akoli,1067,1,0.00,0.00,0.00,0.00,0.00,0.00,0.00,0.00,0.00,0.00,0.00,0.00,0.00,0.00,15-Sep,16-Sep,17-Sep,18-Sep,19-Sep,20-Sep,21-Sep,15-Sep,16-Sep,17-Sep,18-Sep,19-Sep,20-Sep,21-Sep,7,7,0
Chhatrapati Sambhajinagar,Chhatrapati Sambhajinagar,Jalna,Partur,Partur,20094559,"120 Villages Extension Scheme for Works Not Considered in 173 GRID WSS and 95 GRID WSS Tq. Partur, Mantha and Jalna Dist: Jalna",Khandviwadi,1823,1,0.00,0.00,0.00,0.00,0.00,0.00,0.00,0.00,0.05,0.00,0.00,0.00,0.00,0.06,15-Sep,16-Sep,17-Sep,18-Sep,19-Sep,20-Sep,21-Sep,15-Sep,16-Sep,17-Sep,18-Sep,19-Sep,20-Sep,21-Sep,5,7,0
Chhatrapati Sambhajinagar,Chhatrapati Sambhajinagar,Jalna,Partur,Partur,20094559,"120 Villages Extension Scheme for Works Not Considered in 173 GRID WSS and 95 GRID WSS Tq. Partur, Mantha and Jalna Dist: Jalna",Sankanpuri,1994,1,0.00,0.00,0.00,0.00,0.00,0.00,0.00,0.00,0.00,0.00,0.00,0.00,0.00,0.00,15-Sep,16-Sep,17-Sep,18-Sep,19-Sep,20-Sep,21-Sep,15-Sep,16-Sep,17-Sep,18-Sep,19-Sep,20-Sep,21-Sep,7,7,0
Chhatrapati Sambhajinagar,Chhatrapati Sambhajinagar,Jalna,Mantha,Mantha,20094559,"120 Villages Extension Scheme for Works Not Considered in 173 GRID WSS and 95 GRID WSS Tq. Partur, Mantha and Jalna Dist: Jalna",Hanwat Kheda,531,1,0.00,0.00,0.00,0.00,0.00,0.00,0.00,0.00,0.00,0.00,0.00,0.00,0.00,0.00,15-Sep,16-Sep,17-Sep,18-Sep,19-Sep,20-Sep,21-Sep,15-Sep,16-Sep,17-Sep,18-Sep,19-Sep,20-Sep,21-Sep,7,7,0
Chhatrapati Sambhajinagar,Chhatrapati Sambhajinagar,Jalna,Mantha,Mantha,20094559,"120 Villages Extension Scheme for Works Not Considered in 173 GRID WSS and 95 GRID WSS Tq. Partur, Mantha and Jalna Dist: Jalna",Mohadi,1179,1,0.00,0.00,0.00,0.00,0.00,0.00,0.00,0.00,0.00,0.00,0.00,0.00,0.00,0.00,15-Sep,16-Sep,17-Sep,18-Sep,19-Sep,20-Sep,21-Sep,15-Sep,16-Sep,17-Sep,18-Sep,19-Sep,20-Sep,21-Sep,7,7,0
Chhatrapati Sambhajinagar,Chhatrapati Sambhajinagar,Jalna,Mantha,Mantha,20094559,"120 Villages Extension Scheme for Works Not Considered in 173 GRID WSS and 95 GRID WSS Tq. Partur, Mantha and Jalna Dist: Jalna",DHOKSAL,2073,1,0.25,0.31,0.08,0.10,0.01,0.00,0.02,12.06,14.83,4.08,4.70,0.40,0.00,1.16,15-Sep,16-Sep,17-Sep,18-Sep,19-Sep,20-Sep,21-Sep,15-Sep,16-Sep,17-Sep,18-Sep,19-Sep,20-Sep,21-Sep,1,7,0
Chhatrapati Sambhajinagar,Chhatrapati Sambhajinagar,Jalna,Mantha,Mantha,20094559,"120 Villages Extension Scheme for Works Not Considered in 173 GRID WSS and 95 GRID WSS Tq. Partur, Mantha and Jalna Dist: Jalna",PANGRI BK. TANDA,1075,1,0.00,0.00,0.00,0.00,0.00,0.00,0.00,0.00,0.00,0.00,0.00,0.00,0.00,0.00,15-Sep,16-Sep,17-Sep,18-Sep,19-Sep,20-Sep,21-Sep,15-Sep,16-Sep,17-Sep,18-Sep,19-Sep,20-Sep,21-Sep,7,7,0
Chhatrapati Sambhajinagar,Nanded,Nanded,Himayatnagar,Himayatnagar,20013969,Hadgaon and Himayatnagar 132 Village Grid WSS,Khadki (Bazar),3524,1,0.00,0.00,0.00,0.00,0.00,0.00,0.00,0.00,0.00,0.00,0.00,0.00,0.00,0.00,15-Sep,16-Sep,17-Sep,18-Sep,19-Sep,20-Sep,21-Sep,15-Sep,16-Sep,17-Sep,18-Sep,19-Sep,20-Sep,21-Sep,7,7,0
Chhatrapati Sambhajinagar,Nanded,Nanded,Kandhar,Kandhar,7338000,Osmamnagar Shirdhon Combined WSS,Shirdhon Tanda,,1,0.00,0.00,0.00,0.00,0.37,0.00,0.00,0.00,0.00,0.00,0.00,0.00,0.00,0.00,15-Sep,16-Sep,17-Sep,18-Sep,19-Sep,20-Sep,21-Sep,15-Sep,16-Sep,17-Sep,18-Sep,19-Sep,20-Sep,21-Sep,7,7,0
Chhatrapati Sambhajinagar,Chhatrapati Sambhajinagar,Chhatrapati Sambhajinagar,Vaijapur,Vaijapur,20051233,373 Village Gangapur-Vaijapur Grid WSS,Kapus Wadgaon,2712,1,0.00,0.00,0.00,0.00,0.00,0.00,0.00,0.00,0.00,0.00,0.00,0.00,0.00,0.00,15-Sep,16-Sep,17-Sep,18-Sep,19-Sep,20-Sep,21-Sep,15-Sep,16-Sep,17-Sep,18-Sep,19-Sep,20-Sep,21-Sep,7,7,0
Chhatrapati Sambhajinagar,Chhatrapati Sambhajinagar,Chhatrapati Sambhajinagar,Paithan,Paithan,20018162,Paithan Taluka 178 Village Grid WS,Changatpuri,3387,1,0.00,0.00,0.00,0.00,0.00,0.00,0.00,0.00,0.00,0.00,0.00,0.00,0.00,0.00,15-Sep,16-Sep,17-Sep,18-Sep,19-Sep,20-Sep,21-Sep,15-Sep,16-Sep,17-Sep,18-Sep,19-Sep,20-Sep,21-Sep,7,7,0
Chhatrapati Sambhajinagar,Chhatrapati Sambhajinagar,Jalna,Partur,Partur,20094559,"120 Villages Extension Scheme for Works Not Considered in 173 GRID WSS and 95 GRID WSS Tq. Partur, Mantha and Jalna Dist: Jalna",Singhona,2345,1,0.00,0.00,0.00,0.00,0.00,0.16,0.00,0.00,0.00,0.00,0.00,0.00,6.61,0.00,15-Sep,16-Sep,17-Sep,18-Sep,19-Sep,20-Sep,21-Sep,15-Sep,16-Sep,17-Sep,18-Sep,19-Sep,20-Sep,21-Sep,6,7,0
Chhatrapati Sambhajinagar,Chhatrapati Sambhajinagar,Jalna,Jalna,Jalna,20094559,"120 Villages Extension Scheme for Works Not Considered in 173 GRID WSS and 95 GRID WSS Tq. Partur, Mantha and Jalna Dist: Jalna",Sondeo,1547,1,0.00,0.00,0.00,0.00,0.00,0.00,0.00,0.11,0.00,0.00,0.00,0.00,0.00,0.00,15-Sep,16-Sep,17-Sep,18-Sep,19-Sep,20-Sep,21-Sep,15-Sep,16-Sep,17-Sep,18-Sep,19-Sep,20-Sep,21-Sep,6,7,0
Chhatrapati Sambhajinagar,Chhatrapati Sambhajinagar,Jalna,Mantha,Mantha,20094559,"120 Villages Extension Scheme for Works Not Considered in 173 GRID WSS and 95 GRID WSS Tq. Partur, Mantha and Jalna Dist: Jalna",Pimparkheda Kharabe Tanda,421,1,0.00,0.00,0.00,0.00,0.00,0.00,0.00,0.00,0.00,0.00,0.00,0.00,0.00,0.00,15-Sep,16-Sep,17-Sep,18-Sep,19-Sep,20-Sep,21-Sep,15-Sep,16-Sep,17-Sep,18-Sep,19-Sep,20-Sep,21-Sep,7,7,0
Chhatrapati Sambhajinagar,Chhatrapati Sambhajinagar,Jalna,Mantha,Mantha,20094559,"120 Villages Extension Scheme for Works Not Considered in 173 GRID WSS and 95 GRID WSS Tq. Partur, Mantha and Jalna Dist: Jalna",Vaidhywadgaon,2600,1,0.00,0.00,0.00,0.00,0.00,0.00,0.00,0.00,0.00,0.00,0.00,0.00,0.00,0.00,15-Sep,16-Sep,17-Sep,18-Sep,19-Sep,20-Sep,21-Sep,15-Sep,16-Sep,17-Sep,18-Sep,19-Sep,20-Sep,21-Sep,7,7,0
Chhatrapati Sambhajinagar,Nanded,Nanded,Hadgaon,Hadgaon,20013969,Hadgaon and Himayatnagar 132 Village Grid WSS,Baradshewala,5626,2,0.00,0.00,0.00,0.00,0.00,0.00,0.00,0.00,0.00,0.00,0.00,0.00,0.00,0.00,15-Sep,16-Sep,17-Sep,18-Sep,19-Sep,20-Sep,21-Sep,15-Sep,16-Sep,17-Sep,18-Sep,19-Sep,20-Sep,21-Sep,7,7,0
Chhatrapati Sambhajinagar,Nanded,Nanded,Hadgaon,Hadgaon,20013969,Hadgaon and Himayatnagar 132 Village Grid WSS,Hardaf,2364,1,0.00,0.00,0.00,0.00,0.00,0.00,0.00,0.00,0.00,0.00,0.00,0.00,0.00,0.00,15-Sep,16-Sep,17-Sep,18-Sep,19-Sep,20-Sep,21-Sep,15-Sep,16-Sep,17-Sep,18-Sep,19-Sep,20-Sep,21-Sep,7,7,0
Chhatrapati Sambhajinagar,Chhatrapati Sambhajinagar,Jalna,Mantha,Mantha,20094559,"120 Villages Extension Scheme for Works Not Considered in 173 GRID WSS and 95 GRID WSS Tq. Partur, Mantha and Jalna Dist: Jalna",Limbkheda,1763,1,0.00,0.00,0.00,0.00,0.00,0.00,0.00,0.00,0.00,0.00,0.00,0.00,0.00,0.00,15-Sep,16-Sep,17-Sep,18-Sep,19-Sep,20-Sep,21-Sep,15-Sep,16-Sep,17-Sep,18-Sep,19-Sep,20-Sep,21-Sep,7,7,0
Chhatrapati Sambhajinagar,Chhatrapati Sambhajinagar,Chhatrapati Sambhajinagar,Sillod,Sillod,20017395,Shirsala & 4 Village,Janjala,1088,1,0.70,0.21,0.88,0.62,0.56,0.34,0.82,64.34,19.30,80.88,56.99,51.47,31.25,75.37,15-Sep,16-Sep,17-Sep,18-Sep,19-Sep,20-Sep,21-Sep,15-Sep,16-Sep,17-Sep,18-Sep,19-Sep,20-Sep,21-Sep,0,3,4
Chhatrapati Sambhajinagar,Chhatrapati Sambhajinagar,Jalna,Jalna,Jalna,20094559,"120 Villages Extension Scheme for Works Not Considered in 173 GRID WSS and 95 GRID WSS Tq. Partur, Mantha and Jalna Dist: Jalna",Dhara,527,1,0.00,0.00,0.01,0.00,0.00,0.00,0.00,0.24,0.13,1.10,0.00,0.75,0.00,0.00,15-Sep,16-Sep,17-Sep,18-Sep,19-Sep,20-Sep,21-Sep,15-Sep,16-Sep,17-Sep,18-Sep,19-Sep,20-Sep,21-Sep,3,7,0
Chhatrapati Sambhajinagar,Chhatrapati Sambhajinagar,Chhatrapati Sambhajinagar,Paithan,Paithan,20018162,Paithan Taluka 178 Village Grid WS,Dongaon,0,1,0.00,0.00,0.00,0.00,0.00,0.00,0.00,0.00,0.00,0.00,0.00,0.00,0.00,0.00,15-Sep,16-Sep,17-Sep,18-Sep,19-Sep,20-Sep,21-Sep,15-Sep,16-Sep,17-Sep,18-Sep,19-Sep,20-Sep,21-Sep,7,7,0
Chhatrapati Sambhajinagar,Chhatrapati Sambhajinagar,Jalna,Mantha,Mantha,20094559,"120 Villages Extension Scheme for Works Not Considered in 173 GRID WSS and 95 GRID WSS Tq. Partur, Mantha and Jalna Dist: Jalna",Awalgaon,507,1,0.00,0.00,0.00,0.00,0.00,0.00,0.00,0.00,0.00,0.00,0.00,0.00,0.00,0.00,15-Sep,16-Sep,17-Sep,18-Sep,19-Sep,20-Sep,21-Sep,15-Sep,16-Sep,17-Sep,18-Sep,19-Sep,20-Sep,21-Sep,7,7,0
Chhatrapati Sambhajinagar,Chhatrapati Sambhajinagar,Jalna,Partur,Partur,20094559,"120 Villages Extension Scheme for Works Not Considered in 173 GRID WSS and 95 GRID WSS Tq. Partur, Mantha and Jalna Dist: Jalna",Pokhari Takle,721,1,0.00,0.00,0.00,0.00,0.00,0.00,0.00,0.28,0.00,0.05,0.00,0.00,0.02,0.00,15-Sep,16-Sep,17-Sep,18-Sep,19-Sep,20-Sep,21-Sep,15-Sep,16-Sep,17-Sep,18-Sep,19-Sep,20-Sep,21-Sep,4,7,0
Chhatrapati Sambhajinagar,Nanded,Nanded,Hadgaon,Hadgaon,20013969,Hadgaon and Himayatnagar 132 Village Grid WSS,Loha,2244,1,0.97,0.83,1.84,0.00,0.00,0.00,0.00,43.23,36.99,82.00,0.00,0.00,0.00,0.00,15-Sep,16-Sep,17-Sep,18-Sep,19-Sep,20-Sep,21-Sep,15-Sep,16-Sep,17-Sep,18-Sep,19-Sep,20-Sep,21-Sep,4,6,1
Chhatrapati Sambhajinagar,Chhatrapati Sambhajinagar,Jalna,Mantha,Mantha,20094559,"120 Villages Extension Scheme for Works Not Considered in 173 GRID WSS and 95 GRID WSS Tq. Partur, Mantha and Jalna Dist: Jalna",Nansi,1123,2,0.00,0.00,0.00,0.00,0.00,0.00,0.00,0.00,0.00,0.00,0.02,0.00,0.00,0.00,15-Sep,16-Sep,17-Sep,18-Sep,19-Sep,20-Sep,21-Sep,15-Sep,16-Sep,17-Sep,18-Sep,19-Sep,20-Sep,21-Sep,6,7,0
Chhatrapati Sambhajinagar,Chhatrapati Sambhajinagar,Jalna,Partur,Partur,20094559,"120 Villages Extension Scheme for Works Not Considered in 173 GRID WSS and 95 GRID WSS Tq. Partur, Mantha and Jalna Dist: Jalna",Waghadi,554,1,0.00,0.00,0.00,0.00,0.00,0.00,0.00,0.24,0.00,0.00,0.00,0.16,0.09,0.16,15-Sep,16-Sep,17-Sep,18-Sep,19-Sep,20-Sep,21-Sep,15-Sep,16-Sep,17-Sep,18-Sep,19-Sep,20-Sep,21-Sep,3,7,0
Chhatrapati Sambhajinagar,Chhatrapati Sambhajinagar,Jalna,Mantha,Mantha,20094559,"120 Villages Extension Scheme for Works Not Considered in 173 GRID WSS and 95 GRID WSS Tq. Partur, Mantha and Jalna Dist: Jalna",Sawargaon vayal,1401,2,0.62,0.28,0.00,0.00,0.00,1.00,1.22,44.35,20.15,0.01,0.00,0.02,71.06,86.79,15-Sep,16-Sep,17-Sep,18-Sep,19-Sep,20-Sep,21-Sep,15-Sep,16-Sep,17-Sep,18-Sep,19-Sep,20-Sep,21-Sep,1,5,2
Chhatrapati Sambhajinagar,Chhatrapati Sambhajinagar,Chhatrapati Sambhajinagar,Vaijapur,Vaijapur,20051233,373 Village Gangapur-Vaijapur Grid WSS,Raghunathpurwadi,1097,1,0.00,0.00,0.00,0.00,0.99,0.13,0.00,0.00,0.00,0.00,0.00,90.25,11.85,0.00,15-Sep,16-Sep,17-Sep,18-Sep,19-Sep,20-Sep,21-Sep,15-Sep,16-Sep,17-Sep,18-Sep,19-Sep,20-Sep,21-Sep,5,6,1
Chhatrapati Sambhajinagar,Chhatrapati Sambhajinagar,Jalna,Jalna,Jalna,20094559,"120 Villages Extension Scheme for Works Not Considered in 173 GRID WSS and 95 GRID WSS Tq. Partur, Mantha and Jalna Dist: Jalna",Pathrud,1051,2,0.00,0.00,0.00,0.00,0.28,0.00,0.00,0.28,0.00,0.00,0.00,26.48,0.00,0.00,15-Sep,16-Sep,17-Sep,18-Sep,19-Sep,20-Sep,21-Sep,15-Sep,16-Sep,17-Sep,18-Sep,19-Sep,20-Sep,21-Sep,5,7,0
Chhatrapati Sambhajinagar,Chhatrapati Sambhajinagar,Jalna,Jalna,Jalna,20094559,"120 Villages Extension Scheme for Works Not Considered in 173 GRID WSS and 95 GRID WSS Tq. Partur, Mantha and Jalna Dist: Jalna",Umri Tanda,285,1,0.00,0.00,0.00,0.00,0.00,0.00,0.00,0.00,0.00,0.00,0.00,0.00,0.00,0.00,15-Sep,16-Sep,17-Sep,18-Sep,19-Sep,20-Sep,21-Sep,15-Sep,16-Sep,17-Sep,18-Sep,19-Sep,20-Sep,21-Sep,7,7,0
Chhatrapati Sambhajinagar,Chhatrapati Sambhajinagar,Jalna,Partur,Partur,20094559,"120 Villages Extension Scheme for Works Not Considered in 173 GRID WSS and 95 GRID WSS Tq. Partur, Mantha and Jalna Dist: Jalna",Landakdara,455,1,70.89,69.27,25.16,66.10,202.26,176.52,179.77,15580.22,15224.18,5529.67,14527.47,44452.75,38795.60,39509.89,15-Sep,16-Sep,17-Sep,18-Sep,19-Sep,20-Sep,21-Sep,15-Sep,16-Sep,17-Sep,18-Sep,19-Sep,20-Sep,21-Sep,0,0,7
Chhatrapati Sambhajinagar,Chhatrapati Sambhajinagar,Jalna,Partur,Partur,20094559,"120 Villages Extension Scheme for Works Not Considered in 173 GRID WSS and 95 GRID WSS Tq. Partur, Mantha and Jalna Dist: Jalna",Yenora,2262,2,493.08,339.23,683.50,1435.22,841.52,806.57,1001.80,21798.45,14996.96,30216.73,63448.96,37202.49,35657.39,44288.44,15-Sep,16-Sep,17-Sep,18-Sep,19-Sep,20-Sep,21-Sep,15-Sep,16-Sep,17-Sep,18-Sep,19-Sep,20-Sep,21-Sep,0,0,7
Chhatrapati Sambhajinagar,Chhatrapati Sambhajinagar,Jalna,Partur,Partur,20094559,"120 Villages Extension Scheme for Works Not Considered in 173 GRID WSS and 95 GRID WSS Tq. Partur, Mantha and Jalna Dist: Jalna",Ashti,15470,2,0.00,0.00,0.00,0.00,0.00,0.00,0.00,0.00,0.00,0.00,0.00,0.00,0.00,0.01,15-Sep,16-Sep,17-Sep,18-Sep,19-Sep,20-Sep,21-Sep,15-Sep,16-Sep,17-Sep,18-Sep,19-Sep,20-Sep,21-Sep,6,7,0
Chhatrapati Sambhajinagar,Nanded,Nanded,Kandhar,Kandhar,7338000,Osmamnagar Shirdhon Combined WSS,Bhutaychiwadi,905,1,0.00,0.00,0.00,0.00,0.00,0.00,0.00,0.00,0.00,0.00,0.00,0.00,0.00,0.00,15-Sep,16-Sep,17-Sep,18-Sep,19-Sep,20-Sep,21-Sep,15-Sep,16-Sep,17-Sep,18-Sep,19-Sep,20-Sep,21-Sep,7,7,0
Chhatrapati Sambhajinagar,Chhatrapati Sambhajinagar,Chhatrapati Sambhajinagar,Vaijapur,Vaijapur,20051233,373 Village Gangapur-Vaijapur Grid WSS,Babhulgaon Bk.,2964,1,0.29,0.00,0.80,1.56,0.38,0.82,1.17,9.78,0.00,26.99,52.63,12.82,27.67,39.47,15-Sep,16-Sep,17-Sep,18-Sep,19-Sep,20-Sep,21-Sep,15-Sep,16-Sep,17-Sep,18-Sep,19-Sep,20-Sep,21-Sep,1,7,0
Chhatrapati Sambhajinagar,Chhatrapati Sambhajinagar,Jalna,Jalna,Jalna,20094559,"120 Villages Extension Scheme for Works Not Considered in 173 GRID WSS and 95 GRID WSS Tq. Partur, Mantha and Jalna Dist: Jalna",Phokhari Baber,522,1,0.00,0.00,0.00,0.00,0.00,0.00,0.00,0.00,0.00,0.00,0.00,0.00,0.00,0.00,15-Sep,16-Sep,17-Sep,18-Sep,19-Sep,20-Sep,21-Sep,15-Sep,16-Sep,17-Sep,18-Sep,19-Sep,20-Sep,21-Sep,7,7,0
Chhatrapati Sambhajinagar,Chhatrapati Sambhajinagar,Chhatrapati Sambhajinagar,Paithan,Paithan,20018162,Paithan Taluka 178 Village Grid WS,kapuswadi,0,1,0.00,0.00,0.00,0.00,0.00,0.00,0.00,0.00,0.00,0.00,0.00,0.00,0.00,0.00,15-Sep,16-Sep,17-Sep,18-Sep,19-Sep,20-Sep,21-Sep,15-Sep,16-Sep,17-Sep,18-Sep,19-Sep,20-Sep,21-Sep,7,7,0
Chhatrapati Sambhajinagar,Chhatrapati Sambhajinagar,Jalna,Partur,Partur,20094559,"120 Villages Extension Scheme for Works Not Considered in 173 GRID WSS and 95 GRID WSS Tq. Partur, Mantha and Jalna Dist: Jalna",Pandepokhari,2434,1,0.00,0.00,0.00,0.00,0.00,0.00,0.00,0.00,0.00,0.00,0.00,0.00,0.00,0.00,15-Sep,16-Sep,17-Sep,18-Sep,19-Sep,20-Sep,21-Sep,15-Sep,16-Sep,17-Sep,18-Sep,19-Sep,20-Sep,21-Sep,7,7,0
Chhatrapati Sambhajinagar,Chhatrapati Sambhajinagar,Jalna,Jalna,Jalna,20094559,"120 Villages Extension Scheme for Works Not Considered in 173 GRID WSS and 95 GRID WSS Tq. Partur, Mantha and Jalna Dist: Jalna",Khambewadi,1300,1,0.00,0.00,0.00,0.00,0.00,0.00,0.00,0.00,0.00,0.00,0.00,0.00,0.00,0.00,15-Sep,16-Sep,17-Sep,18-Sep,19-Sep,20-Sep,21-Sep,15-Sep,16-Sep,17-Sep,18-Sep,19-Sep,20-Sep,21-Sep,7,7,0
Chhatrapati Sambhajinagar,Chhatrapati Sambhajinagar,Jalna,Partur,Partur,20094559,"120 Villages Extension Scheme for Works Not Considered in 173 GRID WSS and 95 GRID WSS Tq. Partur, Mantha and Jalna Dist: Jalna",Bramhawadgaon,728,1,0.00,0.00,0.00,0.00,0.00,0.00,0.00,0.00,0.00,0.00,0.00,0.00,0.00,0.00,15-Sep,16-Sep,17-Sep,18-Sep,19-Sep,20-Sep,21-Sep,15-Sep,16-Sep,17-Sep,18-Sep,19-Sep,20-Sep,21-Sep,7,7,0
Chhatrapati Sambhajinagar,Nanded,Nanded,Hadgaon,Hadgaon,20013969,Hadgaon and Himayatnagar 132 Village Grid WSS,Pangri (Manatha),772,1,0.00,0.00,0.00,0.00,0.00,0.00,0.00,0.00,0.00,0.00,0.00,0.00,0.00,0.00,15-Sep,16-Sep,17-Sep,18-Sep,19-Sep,20-Sep,21-Sep,15-Sep,16-Sep,17-Sep,18-Sep,19-Sep,20-Sep,21-Sep,7,7,0
Chhatrapati Sambhajinagar,Chhatrapati Sambhajinagar,Jalna,Partur,Partur,20094559,"120 Villages Extension Scheme for Works Not Considered in 173 GRID WSS and 95 GRID WSS Tq. Partur, Mantha and Jalna Dist: Jalna",Waghadi Tanda,424,1,0.00,0.00,0.00,0.00,0.00,0.00,0.00,0.03,0.03,0.01,0.00,0.00,0.00,0.01,15-Sep,16-Sep,17-Sep,18-Sep,19-Sep,20-Sep,21-Sep,15-Sep,16-Sep,17-Sep,18-Sep,19-Sep,20-Sep,21-Sep,3,7,0
Chhatrapati Sambhajinagar,Chhatrapati Sambhajinagar,Jalna,Partur,Partur,20094559,"120 Villages Extension Scheme for Works Not Considered in 173 GRID WSS and 95 GRID WSS Tq. Partur, Mantha and Jalna Dist: Jalna",Padli Pardhi,540,1,0.00,0.00,0.00,0.00,0.00,0.00,0.00,0.00,0.00,0.00,0.00,0.00,0.00,0.00,15-Sep,16-Sep,17-Sep,18-Sep,19-Sep,20-Sep,21-Sep,15-Sep,16-Sep,17-Sep,18-Sep,19-Sep,20-Sep,21-Sep,7,7,0
Chhatrapati Sambhajinagar,Nanded,Nanded,Hadgaon,Hadgaon,20013969,Hadgaon and Himayatnagar 132 Village Grid WSS,Lyahari,2525,1,0.00,0.00,0.00,0.00,0.00,0.00,0.00,0.00,0.00,0.00,0.00,0.00,0.00,0.00,15-Sep,16-Sep,17-Sep,18-Sep,19-Sep,20-Sep,21-Sep,15-Sep,16-Sep,17-Sep,18-Sep,19-Sep,20-Sep,21-Sep,7,7,0
Chhatrapati Sambhajinagar,Chhatrapati Sambhajinagar,Jalna,Mantha,Mantha,20094559,"120 Villages Extension Scheme for Works Not Considered in 173 GRID WSS and 95 GRID WSS Tq. Partur, Mantha and Jalna Dist: Jalna",Belora,2127,1,0.00,0.00,0.00,0.00,0.00,0.00,0.00,0.00,0.00,0.00,0.00,0.00,0.00,0.00,15-Sep,16-Sep,17-Sep,18-Sep,19-Sep,20-Sep,21-Sep,15-Sep,16-Sep,17-Sep,18-Sep,19-Sep,20-Sep,21-Sep,7,7,0
Chhatrapati Sambhajinagar,Chhatrapati Sambhajinagar,Jalna,Mantha,Mantha,20094559,"120 Villages Extension Scheme for Works Not Considered in 173 GRID WSS and 95 GRID WSS Tq. Partur, Mantha and Jalna Dist: Jalna",Lawani,804,1,0.00,0.00,0.00,0.00,0.00,0.00,0.00,0.00,0.00,0.00,0.00,0.00,0.00,0.00,15-Sep,16-Sep,17-Sep,18-Sep,19-Sep,20-Sep,21-Sep,15-Sep,16-Sep,17-Sep,18-Sep,19-Sep,20-Sep,21-Sep,7,7,0
Chhatrapati Sambhajinagar,Chhatrapati Sambhajinagar,Jalna,Mantha,Mantha,20094559,"120 Villages Extension Scheme for Works Not Considered in 173 GRID WSS and 95 GRID WSS Tq. Partur, Mantha and Jalna Dist: Jalna",Sonunkarwadi Tanda,993,1,0.00,0.00,0.00,0.00,0.00,0.00,0.00,0.00,0.00,0.00,0.00,0.00,0.00,0.00,15-Sep,16-Sep,17-Sep,18-Sep,19-Sep,20-Sep,21-Sep,15-Sep,16-Sep,17-Sep,18-Sep,19-Sep,20-Sep,21-Sep,7,7,0
Chhatrapati Sambhajinagar,Chhatrapati Sambhajinagar,Chhatrapati Sambhajinagar,Vaijapur,Vaijapur,20051233,373 Village Gangapur-Vaijapur Grid WSS,Bhaigaon Ganga,1373,1,0.00,0.00,0.00,0.00,0.00,0.00,0.00,0.00,0.00,0.00,0.00,0.00,0.00,0.00,15-Sep,16-Sep,17-Sep,18-Sep,19-Sep,20-Sep,21-Sep,15-Sep,16-Sep,17-Sep,18-Sep,19-Sep,20-Sep,21-Sep,7,7,0
Chhatrapati Sambhajinagar,Nanded,Nanded,Hadgaon,Hadgaon,20013969,Hadgaon and Himayatnagar 132 Village Grid WSS,Umri (Daryabai),2262,1,1.00,0.00,0.00,0.00,0.00,0.00,0.00,44.42,0.00,0.00,0.00,0.00,0.00,0.00,15-Sep,16-Sep,17-Sep,18-Sep,19-Sep,20-Sep,21-Sep,15-Sep,16-Sep,17-Sep,18-Sep,19-Sep,20-Sep,21-Sep,6,7,0
Chhatrapati Sambhajinagar,Chhatrapati Sambhajinagar,Jalna,Partur,Partur,20094559,"120 Villages Extension Scheme for Works Not Considered in 173 GRID WSS and 95 GRID WSS Tq. Partur, Mantha and Jalna Dist: Jalna",Rohina (Bk),953,1,0.00,0.00,0.00,0.00,0.00,0.00,0.00,0.00,0.00,0.00,0.00,0.00,0.00,0.00,15-Sep,16-Sep,17-Sep,18-Sep,19-Sep,20-Sep,21-Sep,15-Sep,16-Sep,17-Sep,18-Sep,19-Sep,20-Sep,21-Sep,7,7,0
Chhatrapati Sambhajinagar,Chhatrapati Sambhajinagar,Jalna,Mantha,Mantha,20094559,"120 Villages Extension Scheme for Works Not Considered in 173 GRID WSS and 95 GRID WSS Tq. Partur, Mantha and Jalna Dist: Jalna",Hivarkheda,1949,1,0.00,0.00,0.00,0.00,0.00,0.00,0.00,0.00,0.00,0.00,0.00,0.00,0.00,0.00,15-Sep,16-Sep,17-Sep,18-Sep,19-Sep,20-Sep,21-Sep,15-Sep,16-Sep,17-Sep,18-Sep,19-Sep,20-Sep,21-Sep,7,7,0
Chhatrapati Sambhajinagar,Chhatrapati Sambhajinagar,Jalna,Mantha,Mantha,20094559,"120 Villages Extension Scheme for Works Not Considered in 173 GRID WSS and 95 GRID WSS Tq. Partur, Mantha and Jalna Dist: Jalna",Shivangiri,2008,2,0.00,0.00,0.00,0.00,0.00,0.00,0.00,0.00,0.00,0.00,0.00,0.00,0.00,0.00,15-Sep,16-Sep,17-Sep,18-Sep,19-Sep,20-Sep,21-Sep,15-Sep,16-Sep,17-Sep,18-Sep,19-Sep,20-Sep,21-Sep,7,7,0
Chhatrapati Sambhajinagar,Chhatrapati Sambhajinagar,Jalna,Jalna,Jalna,20094559,"120 Villages Extension Scheme for Works Not Considered in 173 GRID WSS and 95 GRID WSS Tq. Partur, Mantha and Jalna Dist: Jalna",Sevali Tanda,801,1,0.00,0.00,0.00,0.00,0.00,0.00,0.00,0.00,0.01,0.01,0.10,0.00,0.00,0.00,15-Sep,16-Sep,17-Sep,18-Sep,19-Sep,20-Sep,21-Sep,15-Sep,16-Sep,17-Sep,18-Sep,19-Sep,20-Sep,21-Sep,4,7,0
Chhatrapati Sambhajinagar,Chhatrapati Sambhajinagar,Chhatrapati Sambhajinagar,Vaijapur,Vaijapur,20051233,373 Village Gangapur-Vaijapur Grid WSS,Parsoda,3588,2,0.34,0.14,0.04,0.03,0.12,0.04,0.08,9.48,3.90,1.11,0.84,3.34,1.11,2.23,15-Sep,16-Sep,17-Sep,18-Sep,19-Sep,20-Sep,21-Sep,15-Sep,16-Sep,17-Sep,18-Sep,19-Sep,20-Sep,21-Sep,0,7,0
Chhatrapati Sambhajinagar,Nanded,Nanded,Naigaon,Naigaon,7942142,Manjram WSS (7942142),Wadi,25016,1,0.87,7.14,10.77,10.19,12.06,19.09,24.18,3.48,28.54,43.05,40.75,48.19,76.29,96.65,15-Sep,16-Sep,17-Sep,18-Sep,19-Sep,20-Sep,21-Sep,15-Sep,16-Sep,17-Sep,18-Sep,19-Sep,20-Sep,21-Sep,0,5,2
Chhatrapati Sambhajinagar,Chhatrapati Sambhajinagar,Chhatrapati Sambhajinagar,Vaijapur,Vaijapur,20051233,373 Village Gangapur-Vaijapur Grid WSS,Jambargaon,2614,1,0.00,0.00,0.39,0.34,0.00,0.40,0.00,0.00,0.00,14.92,13.01,0.00,15.30,0.00,15-Sep,16-Sep,17-Sep,18-Sep,19-Sep,20-Sep,21-Sep,15-Sep,16-Sep,17-Sep,18-Sep,19-Sep,20-Sep,21-Sep,4,7,0
Chhatrapati Sambhajinagar,Chhatrapati Sambhajinagar,Jalna,Partur,Partur,20094559,"120 Villages Extension Scheme for Works Not Considered in 173 GRID WSS and 95 GRID WSS Tq. Partur, Mantha and Jalna Dist: Jalna",Raniwahegaon 40P,452,1,0.00,0.00,0.00,0.00,0.00,0.00,0.00,0.00,0.00,0.00,0.00,0.02,0.00,0.00,15-Sep,16-Sep,17-Sep,18-Sep,19-Sep,20-Sep,21-Sep,15-Sep,16-Sep,17-Sep,18-Sep,19-Sep,20-Sep,21-Sep,6,7,0
Chhatrapati Sambhajinagar,Nanded,Nanded,Hadgaon,Hadgaon,20013969,Hadgaon and Himayatnagar 132 Village Grid WSS,Gorlegaon,2313,1,0.00,0.00,0.00,0.00,0.00,0.00,0.00,0.00,0.00,0.00,0.00,0.00,0.00,0.00,15-Sep,16-Sep,17-Sep,18-Sep,19-Sep,20-Sep,21-Sep,15-Sep,16-Sep,17-Sep,18-Sep,19-Sep,20-Sep,21-Sep,7,7,0
Chhatrapati Sambhajinagar,Nanded,Nanded,Himayatnagar,Himayatnagar,20013969,Hadgaon and Himayatnagar 132 Village Grid WSS,Tembhi,1927,1,0.00,0.00,0.00,0.00,0.00,0.00,0.00,0.00,0.00,0.00,0.00,0.00,0.00,0.00,15-Sep,16-Sep,17-Sep,18-Sep,19-Sep,20-Sep,21-Sep,15-Sep,16-Sep,17-Sep,18-Sep,19-Sep,20-Sep,21-Sep,7,7,0
Chhatrapati Sambhajinagar,Nanded,Nanded,Hadgaon,Hadgaon,20013969,Hadgaon and Himayatnagar 132 Village Grid WSS,Rui,3670,1,0.00,0.00,0.00,0.00,0.00,0.00,0.00,0.00,0.00,0.00,0.00,0.00,0.00,0.00,15-Sep,16-Sep,17-Sep,18-Sep,19-Sep,20-Sep,21-Sep,15-Sep,16-Sep,17-Sep,18-Sep,19-Sep,20-Sep,21-Sep,7,7,0
Chhatrapati Sambhajinagar,Nanded,Nanded,Himayatnagar,Himayatnagar,20013969,Hadgaon and Himayatnagar 132 Village Grid WSS,Pota Kh.,787,1,0.00,0.00,0.00,0.00,0.00,0.00,0.00,0.00,0.00,0.00,0.00,0.00,0.00,0.00,15-Sep,16-Sep,17-Sep,18-Sep,19-Sep,20-Sep,21-Sep,15-Sep,16-Sep,17-Sep,18-Sep,19-Sep,20-Sep,21-Sep,7,7,0
Chhatrapati Sambhajinagar,Chhatrapati Sambhajinagar,Jalna,Partur,Partur,20094559,"120 Villages Extension Scheme for Works Not Considered in 173 GRID WSS and 95 GRID WSS Tq. Partur, Mantha and Jalna Dist: Jalna",Rohina Kh,2293,1,0.00,0.00,0.00,0.00,0.00,0.00,0.00,0.00,0.00,0.00,0.00,0.00,0.00,0.00,15-Sep,16-Sep,17-Sep,18-Sep,19-Sep,20-Sep,21-Sep,15-Sep,16-Sep,17-Sep,18-Sep,19-Sep,20-Sep,21-Sep,7,7,0
Chhatrapati Sambhajinagar,Chhatrapati Sambhajinagar,Chhatrapati Sambhajinagar,Vaijapur,Vaijapur,20051233,373 Village Gangapur-Vaijapur Grid WSS,Khandala,1180,1,0.00,0.00,0.00,0.00,0.00,0.00,0.00,0.00,0.00,0.00,0.00,0.00,0.00,0.00,15-Sep,16-Sep,17-Sep,18-Sep,19-Sep,20-Sep,21-Sep,15-Sep,16-Sep,17-Sep,18-Sep,19-Sep,20-Sep,21-Sep,7,7,0
Chhatrapati Sambhajinagar,Nanded,Nanded,Hadgaon,Hadgaon,20013969,Hadgaon and Himayatnagar 132 Village Grid WSS,Newarwadi,1251,1,0.00,0.00,0.00,0.00,0.00,0.00,0.00,0.00,0.00,0.00,0.00,0.00,0.00,0.00,15-Sep,16-Sep,17-Sep,18-Sep,19-Sep,20-Sep,21-Sep,15-Sep,16-Sep,17-Sep,18-Sep,19-Sep,20-Sep,21-Sep,7,7,0
Chhatrapati Sambhajinagar,Nanded,Nanded,Hadgaon,Hadgaon,20013969,Hadgaon and Himayatnagar 132 Village Grid WSS,Krushnapur,664,1,0.00,0.00,0.00,0.00,0.00,0.00,0.00,0.00,0.00,0.00,0.00,0.00,0.00,0.00,15-Sep,16-Sep,17-Sep,18-Sep,19-Sep,20-Sep,21-Sep,15-Sep,16-Sep,17-Sep,18-Sep,19-Sep,20-Sep,21-Sep,7,7,0
Chhatrapati Sambhajinagar,Nanded,Nanded,Hadgaon,Hadgaon,20013969,Hadgaon and Himayatnagar 132 Village Grid WSS,Dhanora (Hastara),2529,1,68.15,73.35,64.92,50.07,42.14,35.96,32.35,2694.74,2900.22,2567.18,1980.02,1666.19,1421.79,1279.00,15-Sep,16-Sep,17-Sep,18-Sep,19-Sep,20-Sep,21-Sep,15-Sep,16-Sep,17-Sep,18-Sep,19-Sep,20-Sep,21-Sep,0,0,7
Chhatrapati Sambhajinagar,Chhatrapati Sambhajinagar,Jalna,Mantha,Mantha,20094559,"120 Villages Extension Scheme for Works Not Considered in 173 GRID WSS and 95 GRID WSS Tq. Partur, Mantha and Jalna Dist: Jalna",PANGRI KH.,3178,1,0.00,0.00,0.00,0.00,0.00,0.00,0.00,0.00,0.00,0.00,0.00,0.00,0.00,0.00,15-Sep,16-Sep,17-Sep,18-Sep,19-Sep,20-Sep,21-Sep,15-Sep,16-Sep,17-Sep,18-Sep,19-Sep,20-Sep,21-Sep,7,7,0
Chhatrapati Sambhajinagar,Chhatrapati Sambhajinagar,Chhatrapati Sambhajinagar,Paithan,Paithan,20018162,Paithan Taluka 178 Village Grid WS,Koli Bodkha,3700,1,0.00,0.00,0.00,0.00,0.00,0.00,0.00,0.00,0.00,0.00,0.00,0.00,0.00,0.00,15-Sep,16-Sep,17-Sep,18-Sep,19-Sep,20-Sep,21-Sep,15-Sep,16-Sep,17-Sep,18-Sep,19-Sep,20-Sep,21-Sep,7,7,0
Chhatrapati Sambhajinagar,Chhatrapati Sambhajinagar,Chhatrapati Sambhajinagar,Gangapur,Gangapur,20051233,373 Village Gangapur-Vaijapur Grid WSS,Shivrai,7718,1,0.31,0.00,0.41,0.30,0.41,0.39,0.41,4.02,0.00,5.31,3.89,5.31,5.05,5.31,15-Sep,16-Sep,17-Sep,18-Sep,19-Sep,20-Sep,21-Sep,15-Sep,16-Sep,17-Sep,18-Sep,19-Sep,20-Sep,21-Sep,1,7,0
Chhatrapati Sambhajinagar,Chhatrapati Sambhajinagar,Chhatrapati Sambhajinagar,Vaijapur,Vaijapur,20051233,373 Village Gangapur-Vaijapur Grid WSS,Karanjgaon,1983,1,0.12,0.01,0.11,0.42,0.01,0.15,0.31,6.06,0.36,5.37,21.20,0.70,7.35,15.84,15-Sep,16-Sep,17-Sep,18-Sep,19-Sep,20-Sep,21-Sep,15-Sep,16-Sep,17-Sep,18-Sep,19-Sep,20-Sep,21-Sep,0,7,0
Chhatrapati Sambhajinagar,Chhatrapati Sambhajinagar,Jalna,Partur,Partur,20094559,"120 Villages Extension Scheme for Works Not Considered in 173 GRID WSS and 95 GRID WSS Tq. Partur, Mantha and Jalna Dist: Jalna",Varphalwadi,1029,1,0.00,0.00,0.00,0.00,0.00,0.00,0.00,0.00,0.00,0.00,0.00,0.00,0.00,0.00,15-Sep,16-Sep,17-Sep,18-Sep,19-Sep,20-Sep,21-Sep,15-Sep,16-Sep,17-Sep,18-Sep,19-Sep,20-Sep,21-Sep,7,7,0
Chhatrapati Sambhajinagar,Nanded,Nanded,Hadgaon,Hadgaon,20013969,Hadgaon and Himayatnagar 132 Village Grid WSS,Talegaon,2044,1,0.00,0.00,0.00,0.00,0.00,0.00,0.00,0.00,0.00,0.00,0.00,0.00,0.00,0.00,15-Sep,16-Sep,17-Sep,18-Sep,19-Sep,20-Sep,21-Sep,15-Sep,16-Sep,17-Sep,18-Sep,19-Sep,20-Sep,21-Sep,7,7,0
Chhatrapati Sambhajinagar,Chhatrapati Sambhajinagar,Chhatrapati Sambhajinagar,Vaijapur,Vaijapur,20051233,373 Village Gangapur-Vaijapur Grid WSS,Lasurgaon,6676,1,0.00,0.00,0.00,0.00,0.00,0.00,0.00,0.00,0.00,0.00,0.00,0.00,0.00,0.00,15-Sep,16-Sep,17-Sep,18-Sep,19-Sep,20-Sep,21-Sep,15-Sep,16-Sep,17-Sep,18-Sep,19-Sep,20-Sep,21-Sep,7,7,0
Chhatrapati Sambhajinagar,Chhatrapati Sambhajinagar,Jalna,Partur,Partur,20094559,"120 Villages Extension Scheme for Works Not Considered in 173 GRID WSS and 95 GRID WSS Tq. Partur, Mantha and Jalna Dist: Jalna",Anandwadi,2333,1,0.00,0.00,0.00,0.00,0.00,0.00,0.00,0.00,0.00,0.00,0.00,0.00,0.00,0.00,15-Sep,16-Sep,17-Sep,18-Sep,19-Sep,20-Sep,21-Sep,15-Sep,16-Sep,17-Sep,18-Sep,19-Sep,20-Sep,21-Sep,7,7,0
Chhatrapati Sambhajinagar,Chhatrapati Sambhajinagar,Chhatrapati Sambhajinagar,Vaijapur,Vaijapur,20051233,373 Village Gangapur-Vaijapur Grid WSS,Sakegaon,1780,1,0.00,0.00,0.00,0.00,0.00,0.00,0.00,0.00,0.00,0.00,0.00,0.00,0.00,0.00,15-Sep,16-Sep,17-Sep,18-Sep,19-Sep,20-Sep,21-Sep,15-Sep,16-Sep,17-Sep,18-Sep,19-Sep,20-Sep,21-Sep,7,7,0
Chhatrapati Sambhajinagar,Chhatrapati Sambhajinagar,Jalna,Jalna,Jalna,20094559,"120 Villages Extension Scheme for Works Not Considered in 173 GRID WSS and 95 GRID WSS Tq. Partur, Mantha and Jalna Dist: Jalna",Warkheda Sevali,1187,1,0.00,0.00,0.00,0.00,0.00,0.00,0.00,0.00,0.00,0.00,0.00,0.00,0.00,0.00,15-Sep,16-Sep,17-Sep,18-Sep,19-Sep,20-Sep,21-Sep,15-Sep,16-Sep,17-Sep,18-Sep,19-Sep,20-Sep,21-Sep,7,7,0
Chhatrapati Sambhajinagar,Chhatrapati Sambhajinagar,Jalna,Mantha,Mantha,20094559,"120 Villages Extension Scheme for Works Not Considered in 173 GRID WSS and 95 GRID WSS Tq. Partur, Mantha and Jalna Dist: Jalna",Andhawadi,1026,1,0.42,0.16,0.00,0.00,0.00,0.16,0.00,40.94,16.07,0.00,0.00,0.00,15.62,0.00,15-Sep,16-Sep,17-Sep,18-Sep,19-Sep,20-Sep,21-Sep,15-Sep,16-Sep,17-Sep,18-Sep,19-Sep,20-Sep,21-Sep,4,7,0
Chhatrapati Sambhajinagar,Chhatrapati Sambhajinagar,Chhatrapati Sambhajinagar,Paithan,Paithan,20018162,Paithan Taluka 178 Village Grid WS,Khadgaon,1936,1,0.00,0.00,0.33,0.00,0.00,0.00,0.00,0.00,0.00,17.05,0.00,0.00,0.00,0.00,15-Sep,16-Sep,17-Sep,18-Sep,19-Sep,20-Sep,21-Sep,15-Sep,16-Sep,17-Sep,18-Sep,19-Sep,20-Sep,21-Sep,6,7,0
Chhatrapati Sambhajinagar,Nanded,Nanded,Hadgaon,Hadgaon,20013969,Hadgaon and Himayatnagar 132 Village Grid WSS,Koli,3873,1,0.00,0.00,0.00,0.00,0.00,0.00,0.00,0.00,0.00,0.00,0.00,0.00,0.00,0.00,15-Sep,16-Sep,17-Sep,18-Sep,19-Sep,20-Sep,21-Sep,15-Sep,16-Sep,17-Sep,18-Sep,19-Sep,20-Sep,21-Sep,7,7,0
Chhatrapati Sambhajinagar,Latur,Latur,Renapur,Renapur,20030820,Pangaon 10 villages WSS,Murdav,1765,1,0.00,0.00,0.00,0.00,0.00,0.00,0.00,0.00,0.00,0.00,0.00,0.00,0.00,0.00,15-Sep,16-Sep,17-Sep,18-Sep,19-Sep,20-Sep,21-Sep,15-Sep,16-Sep,17-Sep,18-Sep,19-Sep,20-Sep,21-Sep,7,7,0
Chhatrapati Sambhajinagar,Chhatrapati Sambhajinagar,Chhatrapati Sambhajinagar,Vaijapur,Vaijapur,20051233,373 Village Gangapur-Vaijapur Grid WSS,Belgaon,2403,1,0.00,0.00,0.00,0.00,0.00,0.00,0.00,0.00,0.00,0.00,0.00,0.00,0.00,0.00,15-Sep,16-Sep,17-Sep,18-Sep,19-Sep,20-Sep,21-Sep,15-Sep,16-Sep,17-Sep,18-Sep,19-Sep,20-Sep,21-Sep,7,7,0
Chhatrapati Sambhajinagar,Chhatrapati Sambhajinagar,Chhatrapati Sambhajinagar,Vaijapur,Vaijapur,20051233,373 Village Gangapur-Vaijapur Grid WSS,Bhivgaon,2871,1,0.00,0.00,0.00,0.00,0.00,0.00,0.00,0.00,0.00,0.00,0.00,0.00,0.00,0.00,15-Sep,16-Sep,17-Sep,18-Sep,19-Sep,20-Sep,21-Sep,15-Sep,16-Sep,17-Sep,18-Sep,19-Sep,20-Sep,21-Sep,7,7,0
Chhatrapati Sambhajinagar,Chhatrapati Sambhajinagar,Chhatrapati Sambhajinagar,Paithan,Paithan,20018162,Paithan Taluka 178 Village Grid WS,Warwandi Kh.,800,1,0.75,0.00,0.00,0.00,0.00,0.87,0.49,93.75,0.00,0.00,0.00,0.00,108.75,61.25,15-Sep,16-Sep,17-Sep,18-Sep,19-Sep,20-Sep,21-Sep,15-Sep,16-Sep,17-Sep,18-Sep,19-Sep,20-Sep,21-Sep,4,4,3
Chhatrapati Sambhajinagar,Chhatrapati Sambhajinagar,Jalna,Mantha,Mantha,20094559,"120 Villages Extension Scheme for Works Not Considered in 173 GRID WSS and 95 GRID WSS Tq. Partur, Mantha and Jalna Dist: Jalna",Kirtapur,1080,1,0.00,0.00,0.00,0.00,0.00,0.00,0.00,0.00,0.00,0.00,0.00,0.00,0.00,0.00,15-Sep,16-Sep,17-Sep,18-Sep,19-Sep,20-Sep,21-Sep,15-Sep,16-Sep,17-Sep,18-Sep,19-Sep,20-Sep,21-Sep,7,7,0
Chhatrapati Sambhajinagar,Chhatrapati Sambhajinagar,Chhatrapati Sambhajinagar,Vaijapur,Vaijapur,20051233,373 Village Gangapur-Vaijapur Grid WSS,Virgaon,2271,1,10.34,48.46,24.26,5.10,1.68,1.01,1.28,455.31,2133.69,1068.11,224.57,73.98,44.47,56.36,15-Sep,16-Sep,17-Sep,18-Sep,19-Sep,20-Sep,21-Sep,15-Sep,16-Sep,17-Sep,18-Sep,19-Sep,20-Sep,21-Sep,0,1,6
Pune,Pune,Pune,Pune,Ambegaon,20017262,Supe,TAMBEWASTI,667,1,0.53,0.08,0.59,1.15,0.40,0.41,0.77,79.65,12.08,88.95,172.05,59.75,62.04,116.00,15-Sep,16-Sep,17-Sep,18-Sep,19-Sep,20-Sep,21-Sep,15-Sep,16-Sep,17-Sep,18-Sep,19-Sep,20-Sep,21-Sep,0,1,6
Pune,Pune,Pune,Pune,Ambegaon,20017262,Supe,BORKARWADI,2105,1,1.16,2282.39,422.21,0.06,3507.01,9332.94,5609.87,54.95,108427.08,20057.59,2.82,166604.03,443370.24,266502.14,15-Sep,16-Sep,17-Sep,18-Sep,19-Sep,20-Sep,21-Sep,15-Sep,16-Sep,17-Sep,18-Sep,19-Sep,20-Sep,21-Sep,0,2,5
Pune,Sangli,Solapur,Solapur,Sangola,20027396,Alegaon shirbhavi 82 Village,Rajuri,5234,1,1.10,1.54,1.41,1.29,2.36,2.45,0.75,20.97,29.47,26.95,24.65,45.12,46.85,14.30,15-Sep,16-Sep,17-Sep,18-Sep,19-Sep,20-Sep,21-Sep,15-Sep,16-Sep,17-Sep,18-Sep,19-Sep,20-Sep,21-Sep,0,7,0
Pune,Sangli,Solapur,Solapur,Sangola,20027396,Alegaon shirbhavi 82 Village,Metakar wadi,1286,2,2.15,1.67,2.58,2.34,2.40,0.80,1.86,167.14,129.72,200.29,181.81,186.32,62.34,144.70,15-Sep,16-Sep,17-Sep,18-Sep,19-Sep,20-Sep,21-Sep,15-Sep,16-Sep,17-Sep,18-Sep,19-Sep,20-Sep,21-Sep,0,0,7
Pune,Sangli,Solapur,Solapur,Sangola,20027396,Alegaon shirbhavi 82 Village,shivane,4007,1,0.00,28.78,19.52,0.00,31.74,0.00,0.00,0.00,718.30,487.27,0.00,792.14,0.00,0.00,15-Sep,16-Sep,17-Sep,18-Sep,19-Sep,20-Sep,21-Sep,15-Sep,16-Sep,17-Sep,18-Sep,19-Sep,20-Sep,21-Sep,4,4,3
Pune,Pune,Pune 2,Pune,Daund,20027689,Patan & 8 Villages RWSS,DEVLE,2052,2,0.00,0.00,0.00,0.00,0.00,0.00,0.00,0.00,0.00,0.00,0.00,0.00,0.00,0.00,15-Sep,16-Sep,17-Sep,18-Sep,19-Sep,20-Sep,21-Sep,15-Sep,16-Sep,17-Sep,18-Sep,19-Sep,20-Sep,21-Sep,7,7,0
Pune,Sangli,Sangli,Islampur,Valva,7940233,Peth & two Villages,Peth,11091,3,0.00,4.28,0.00,2.10,2.23,2.17,1.10,0.00,38.57,0.00,18.90,20.13,19.56,9.93,15-Sep,16-Sep,17-Sep,18-Sep,19-Sep,20-Sep,21-Sep,15-Sep,16-Sep,17-Sep,18-Sep,19-Sep,20-Sep,21-Sep,2,7,0
Pune,Sangli,Sangli,Islampur,Valva,7940233,Peth & two Villages,Golewadi,482,1,0.00,0.00,0.00,0.00,0.00,0.00,0.00,0.00,0.00,0.00,0.00,0.00,0.00,0.00,15-Sep,16-Sep,17-Sep,18-Sep,19-Sep,20-Sep,21-Sep,15-Sep,16-Sep,17-Sep,18-Sep,19-Sep,20-Sep,21-Sep,7,7,0
Pune,Sangli,Solapur,Solapur,Sangola,20027396,Alegaon shirbhavi 82 Village,Gherdi,2724,2,0.00,0.00,0.00,0.00,0.00,0.00,0.00,0.00,0.00,0.00,0.00,0.00,0.00,0.00,15-Sep,16-Sep,17-Sep,18-Sep,19-Sep,20-Sep,21-Sep,15-Sep,16-Sep,17-Sep,18-Sep,19-Sep,20-Sep,21-Sep,7,7,0
Pune,Pune,Pune 2,Pune,Daund,20027689,Patan & 8 Villages RWSS,Dudhivare,375,2,0.16,0.00,0.00,0.10,0.00,0.01,0.00,42.29,0.00,0.00,26.86,0.00,1.93,0.00,15-Sep,16-Sep,17-Sep,18-Sep,19-Sep,20-Sep,21-Sep,15-Sep,16-Sep,17-Sep,18-Sep,19-Sep,20-Sep,21-Sep,4,7,0
Pune,Pune,Pune,Pune,Khed,20050028,Uddhat,Tavashi,3010,3,0.15,0.14,0.16,0.12,0.12,0.08,0.46,4.96,4.79,5.26,4.12,4.07,2.66,15.24,15-Sep,16-Sep,17-Sep,18-Sep,19-Sep,20-Sep,21-Sep,15-Sep,16-Sep,17-Sep,18-Sep,19-Sep,20-Sep,21-Sep,0,7,0
Pune,Pune,Satara,Phaltan,Phaltan,20027892,RR Girvi WSS,Tirakwadi,1013,1,0.00,0.12,0.02,0.00,0.00,0.00,0.12,0.00,12.25,1.50,0.00,0.00,0.00,12.25,15-Sep,16-Sep,17-Sep,18-Sep,19-Sep,20-Sep,21-Sep,15-Sep,16-Sep,17-Sep,18-Sep,19-Sep,20-Sep,21-Sep,4,7,0
Pune,Pune,Pune,Pune,Ambegaon,20017262,Supe,DANDWADI,2124,1,0.49,0.80,0.60,0.86,0.78,0.89,0.71,23.16,37.58,28.22,40.31,36.94,41.77,33.47,15-Sep,16-Sep,17-Sep,18-Sep,19-Sep,20-Sep,21-Sep,15-Sep,16-Sep,17-Sep,18-Sep,19-Sep,20-Sep,21-Sep,0,7,0
Pune,Sangli,Solapur,Solapur,Sangola,20027396,Alegaon shirbhavi 82 Village,Watambare,2228,1,0.28,1.78,1.08,0.30,1.21,3.24,1.62,12.73,79.76,48.44,13.60,54.21,145.47,72.58,15-Sep,16-Sep,17-Sep,18-Sep,19-Sep,20-Sep,21-Sep,15-Sep,16-Sep,17-Sep,18-Sep,19-Sep,20-Sep,21-Sep,0,4,3
Pune,Pune,Pune,Pune,Khed,20050028,Uddhat,Jambh,1457,3,0.48,0.43,0.00,0.00,0.00,0.03,0.00,33.25,29.72,0.00,0.00,0.00,1.74,0.00,15-Sep,16-Sep,17-Sep,18-Sep,19-Sep,20-Sep,21-Sep,15-Sep,16-Sep,17-Sep,18-Sep,19-Sep,20-Sep,21-Sep,4,7,0
Pune,Sangli,Solapur,Solapur,Sangola,20027396,Alegaon shirbhavi 82 Village,Lonavire,3490,1,0.76,0.00,1.72,0.25,0.92,1.80,1.29,21.87,0.00,49.28,7.24,26.26,51.61,36.97,15-Sep,16-Sep,17-Sep,18-Sep,19-Sep,20-Sep,21-Sep,15-Sep,16-Sep,17-Sep,18-Sep,19-Sep,20-Sep,21-Sep,1,7,0
Pune,Sangli,Solapur,Solapur,Sangola,20027396,Alegaon shirbhavi 82 Village,Khilarwadi,2046,1,0.00,0.00,0.00,0.43,0.28,0.47,0.43,0.00,0.00,0.00,21.03,13.69,23.03,20.95,15-Sep,16-Sep,17-Sep,18-Sep,19-Sep,20-Sep,21-Sep,15-Sep,16-Sep,17-Sep,18-Sep,19-Sep,20-Sep,21-Sep,3,7,0
Pune,Pune,Pune 1,Baramati,Ambegaon,7942125,MURTI & 7 VILLAGES RRWSS,Bhapkar mala,1761,1,0.17,0.07,0.00,28.26,20.32,0.00,31.37,9.48,4.11,0.00,1604.91,1153.80,0.00,1781.34,15-Sep,16-Sep,17-Sep,18-Sep,19-Sep,20-Sep,21-Sep,15-Sep,16-Sep,17-Sep,18-Sep,19-Sep,20-Sep,21-Sep,2,4,3
Pune,Pune,Pune,Pune,Purandar,20027459,Shivari,SAKURDE GAVTHAN,2692,2,0.02,0.11,0.73,0.01,0.11,1.33,0.03,0.76,4.08,27.18,0.54,4.16,49.36,1.08,15-Sep,16-Sep,17-Sep,18-Sep,19-Sep,20-Sep,21-Sep,15-Sep,16-Sep,17-Sep,18-Sep,19-Sep,20-Sep,21-Sep,0,7,0
Pune,Pune,Pune,Pune,Ambegaon,20017262,Supe,BABURDI,1667,1,0.00,0.04,0.05,0.05,0.00,0.00,0.05,0.00,2.69,2.72,2.76,0.00,0.00,2.80,15-Sep,16-Sep,17-Sep,18-Sep,19-Sep,20-Sep,21-Sep,15-Sep,16-Sep,17-Sep,18-Sep,19-Sep,20-Sep,21-Sep,3,7,0
Pune,Pune,Pune 2,Pune,Daund,20027689,Patan & 8 Villages RWSS,Boraj,565,1,0.00,0.00,0.02,0.13,0.00,0.11,0.00,0.00,0.00,4.41,23.02,0.00,19.71,0.00,15-Sep,16-Sep,17-Sep,18-Sep,19-Sep,20-Sep,21-Sep,15-Sep,16-Sep,17-Sep,18-Sep,19-Sep,20-Sep,21-Sep,4,7,0
Pune,Pune,Pune 2,Pune,Velhe,20013219,Wajeghar RR,Phansi,200,1,0.00,0.00,0.00,0.00,0.00,0.00,0.00,0.00,0.00,0.00,0.00,0.00,0.00,0.22,15-Sep,16-Sep,17-Sep,18-Sep,19-Sep,20-Sep,21-Sep,15-Sep,16-Sep,17-Sep,18-Sep,19-Sep,20-Sep,21-Sep,6,7,0
Pune,Sangli,Solapur,Solapur,Sangola,20027396,Alegaon shirbhavi 82 Village,LaxmiNagar,3031,1,0.38,0.04,0.69,1.37,1.90,2.11,2.91,12.57,1.46,22.79,45.24,62.70,69.75,96.08,15-Sep,16-Sep,17-Sep,18-Sep,19-Sep,20-Sep,21-Sep,15-Sep,16-Sep,17-Sep,18-Sep,19-Sep,20-Sep,21-Sep,0,4,3
Pune,Pune,Pune,Pune,Ambegaon,20017194,Gadadarewadi & Khandobachiwadi,Masobawadi,347,1,0.00,0.00,0.00,0.00,0.00,0.00,0.00,0.00,0.00,0.00,0.00,0.00,0.00,0.00,15-Sep,16-Sep,17-Sep,18-Sep,19-Sep,20-Sep,21-Sep,15-Sep,16-Sep,17-Sep,18-Sep,19-Sep,20-Sep,21-Sep,7,7,0
Pune,Pune,Pune,Pune,Ambegaon,20017262,Supe,NAROLI,1486,1,0.00,0.01,0.02,0.01,0.04,0.02,0.06,0.00,0.57,1.02,0.70,2.74,1.10,3.95,15-Sep,16-Sep,17-Sep,18-Sep,19-Sep,20-Sep,21-Sep,15-Sep,16-Sep,17-Sep,18-Sep,19-Sep,20-Sep,21-Sep,1,7,0
Pune,Pune,Pune 1,Pune 1,Daund,7942135,"Gar, Sonwadi, Nanviz RR",Nanviz,300,2,0.00,0.00,0.00,0.00,0.00,0.00,0.00,0.00,0.00,0.00,0.00,0.00,0.00,0.00,15-Sep,16-Sep,17-Sep,18-Sep,19-Sep,20-Sep,21-Sep,15-Sep,16-Sep,17-Sep,18-Sep,19-Sep,20-Sep,21-Sep,7,7,0
Pune,Pune,Pune,Pune,Purandar,20027459,Shivari,MUNJEWADI-EKHATAPUR,1651,1,0.00,0.50,0.00,0.00,0.00,0.00,0.00,0.00,30.22,0.00,0.00,0.00,0.00,0.00,15-Sep,16-Sep,17-Sep,18-Sep,19-Sep,20-Sep,21-Sep,15-Sep,16-Sep,17-Sep,18-Sep,19-Sep,20-Sep,21-Sep,6,7,0
Pune,Pune,Pune,Pune,Ambegaon,20017262,Supe,SUPE,5512,2,11719.94,12149.72,11864.09,20205.10,7438.70,27432.85,18588.98,212625.96,220423.10,215241.16,366565.70,134954.59,497693.27,337245.73,15-Sep,16-Sep,17-Sep,18-Sep,19-Sep,20-Sep,21-Sep,15-Sep,16-Sep,17-Sep,18-Sep,19-Sep,20-Sep,21-Sep,0,0,7
Pune,Pune,Pune,Pune,Purandar,20027436,Pargaoan Malshiras,Pargaon,3108,2,0.00,0.00,0.00,0.00,0.00,0.00,0.00,0.00,0.00,0.00,0.00,0.00,0.00,0.00,15-Sep,16-Sep,17-Sep,18-Sep,19-Sep,20-Sep,21-Sep,15-Sep,16-Sep,17-Sep,18-Sep,19-Sep,20-Sep,21-Sep,7,7,0
Pune,Pune,Pune 2,Pune,Daund,7948923,Karla & 7 villages RR,SHILTHANE,1741,1,0.00,0.00,0.00,0.00,0.00,0.00,0.00,0.00,0.00,0.00,0.00,0.00,0.00,0.00,15-Sep,16-Sep,17-Sep,18-Sep,19-Sep,20-Sep,21-Sep,15-Sep,16-Sep,17-Sep,18-Sep,19-Sep,20-Sep,21-Sep,7,7,0
Pune,Pune,Pune 2,Pune,Velhe,20013219,Wajeghar RR,PAL BK,729,1,0.00,0.00,6.85,0.25,0.00,0.00,0.00,0.00,0.00,939.58,34.82,0.00,0.00,0.00,15-Sep,16-Sep,17-Sep,18-Sep,19-Sep,20-Sep,21-Sep,15-Sep,16-Sep,17-Sep,18-Sep,19-Sep,20-Sep,21-Sep,5,6,1
Pune,Pune,Pune,Pune,Ambegaon,20016938,Karanjepul and Karanje,GAIKWADWASTI,8588,5,0.00,0.00,0.00,0.00,0.00,0.00,0.00,0.00,0.00,0.00,0.00,0.00,0.00,0.00,15-Sep,16-Sep,17-Sep,18-Sep,19-Sep,20-Sep,21-Sep,15-Sep,16-Sep,17-Sep,18-Sep,19-Sep,20-Sep,21-Sep,7,7,0
Pune,Sangli,Solapur,Solapur,Sangola,20027396,Alegaon shirbhavi 82 Village,shirbavi,4215,1,0.00,0.00,0.00,0.00,0.00,0.00,0.00,0.00,0.00,0.00,0.00,0.00,0.00,0.00,15-Sep,16-Sep,17-Sep,18-Sep,19-Sep,20-Sep,21-Sep,15-Sep,16-Sep,17-Sep,18-Sep,19-Sep,20-Sep,21-Sep,7,7,0
Pune,Pune,Pune 2,Pune,Velhe,20013219,Wajeghar RR,PAL KH,437,1,0.00,0.00,0.00,0.00,0.00,0.00,0.06,0.00,0.00,0.00,0.00,0.00,0.00,13.20,15-Sep,16-Sep,17-Sep,18-Sep,19-Sep,20-Sep,21-Sep,15-Sep,16-Sep,17-Sep,18-Sep,19-Sep,20-Sep,21-Sep,6,7,0
Pune,Pune,Pune,Pune,Maval,7948936,Aug. Dongargaon-Kusgaon RR,Kusgaon,355,2,0.00,0.71,1.03,0.00,0.68,0.00,0.00,0.00,0.00,0.00,0.00,0.00,0.00,0.00,15-Sep,16-Sep,17-Sep,18-Sep,19-Sep,20-Sep,21-Sep,15-Sep,16-Sep,17-Sep,18-Sep,19-Sep,20-Sep,21-Sep,7,7,0
Pune,Pune,Pune,Pune,Ambegaon,20017262,Supe,CHANDUGADEWADI,767,1,0.00,0.59,0.00,0.00,0.49,0.00,0.00,0.00,77.29,0.00,0.06,64.04,0.00,0.00,15-Sep,16-Sep,17-Sep,18-Sep,19-Sep,20-Sep,21-Sep,15-Sep,16-Sep,17-Sep,18-Sep,19-Sep,20-Sep,21-Sep,4,5,2
Pune,Sangli,Solapur,Solapur,Sangola,20027396,Alegaon shirbhavi 82 Village,Hatid,1057,1,0.31,0.20,0.34,0.13,0.42,1.54,0.43,29.43,19.03,31.74,11.97,39.74,145.52,40.28,15-Sep,16-Sep,17-Sep,18-Sep,19-Sep,20-Sep,21-Sep,15-Sep,16-Sep,17-Sep,18-Sep,19-Sep,20-Sep,21-Sep,0,6,1
Pune,Pune,Pune 2,Pune,Velhe,20013219,Wajeghar RR,Dadawadi,188,1,0.00,0.00,2.83,0.08,0.09,0.13,0.16,0.00,0.00,1503.67,44.92,45.60,69.66,83.32,15-Sep,16-Sep,17-Sep,18-Sep,19-Sep,20-Sep,21-Sep,15-Sep,16-Sep,17-Sep,18-Sep,19-Sep,20-Sep,21-Sep,2,4,3
Pune,Pune,Pune 1,Baramati,Ambegaon,7942125,MURTI & 7 VILLAGES RRWSS,Waki,3355,1,0.00,0.00,0.00,0.00,0.00,0.00,0.00,0.00,0.00,0.00,0.00,0.00,0.00,0.00,15-Sep,16-Sep,17-Sep,18-Sep,19-Sep,20-Sep,21-Sep,15-Sep,16-Sep,17-Sep,18-Sep,19-Sep,20-Sep,21-Sep,7,7,0
Pune,Pune,Pune,Satara,Satara,20027924,Shapur Jakatwadi,JAKATWADI,2619,3,387.54,545.01,299.25,524.89,276.62,426.32,181.47,14797.09,20809.75,11426.18,20041.70,10561.95,16277.97,6928.90,15-Sep,16-Sep,17-Sep,18-Sep,19-Sep,20-Sep,21-Sep,15-Sep,16-Sep,17-Sep,18-Sep,19-Sep,20-Sep,21-Sep,0,0,7
Pune,Pune,Pune 2,Baramati,Ambegaon,20018548,HOL SASTEWADI,Hol,2509,1,0.21,0.21,0.21,0.21,0.00,0.21,0.21,8.18,8.20,8.21,8.22,0.00,8.23,8.25,15-Sep,16-Sep,17-Sep,18-Sep,19-Sep,20-Sep,21-Sep,15-Sep,16-Sep,17-Sep,18-Sep,19-Sep,20-Sep,21-Sep,1,7,0
Pune,Pune,Pune 2,Maval,Daund,20013367,Done Adhale RR,DIVAD,1795,1,0.00,0.00,0.00,0.00,0.00,0.00,0.00,0.00,0.00,0.00,0.00,0.00,0.00,0.00,15-Sep,16-Sep,17-Sep,18-Sep,19-Sep,20-Sep,21-Sep,15-Sep,16-Sep,17-Sep,18-Sep,19-Sep,20-Sep,21-Sep,7,7,0
Pune,Pune,Pune,Pune,Mulshi,20022133,Peth RR,Karegaon,1749,3,0.00,0.35,0.00,0.00,2.03,0.00,0.93,0.00,20.06,0.00,0.00,115.87,0.00,53.45,15-Sep,16-Sep,17-Sep,18-Sep,19-Sep,20-Sep,21-Sep,15-Sep,16-Sep,17-Sep,18-Sep,19-Sep,20-Sep,21-Sep,4,6,1
Pune,Pune,Satara,Pune,Phaltan,20019031,Hol Khamgaon,HOL,2189,5,0.00,0.00,0.00,0.00,0.00,0.00,0.00,0.00,0.00,0.00,0.00,0.00,0.00,0.00,15-Sep,16-Sep,17-Sep,18-Sep,19-Sep,20-Sep,21-Sep,15-Sep,16-Sep,17-Sep,18-Sep,19-Sep,20-Sep,21-Sep,7,7,0
Pune,Pune,Pune,Pune,Ambegaon,20027855,Thopatewadi Late,Thopatewadi,2118,3,0.00,0.00,0.06,0.12,0.00,0.12,0.11,0.00,0.00,2.89,5.85,0.00,5.54,5.14,15-Sep,16-Sep,17-Sep,18-Sep,19-Sep,20-Sep,21-Sep,15-Sep,16-Sep,17-Sep,18-Sep,19-Sep,20-Sep,21-Sep,3,7,0
Pune,Pune,Satara,Phaltan,Phaltan,20027892,RR Girvi WSS,Bhadali Gouthan,1230,1,0.00,0.00,0.00,0.00,0.00,0.00,0.00,0.00,0.00,0.00,0.00,0.00,0.00,0.00,15-Sep,16-Sep,17-Sep,18-Sep,19-Sep,20-Sep,21-Sep,15-Sep,16-Sep,17-Sep,18-Sep,19-Sep,20-Sep,21-Sep,7,7,0
Pune,Pune,Pune,Pune,Ambegaon,20016938,Karanjepul and Karanje,KARANJEPUL,3273,2,0.00,0.00,0.00,0.00,0.00,0.00,0.00,0.00,0.00,0.00,0.00,0.00,0.00,0.00,15-Sep,16-Sep,17-Sep,18-Sep,19-Sep,20-Sep,21-Sep,15-Sep,16-Sep,17-Sep,18-Sep,19-Sep,20-Sep,21-Sep,7,7,0
Pune,Sangli,Solapur,Solapur,Mangalvedhe,20033593,Andhalgaon and 3 villages,LAXMIDHAHIWADI,7253,2,0.00,0.00,0.00,0.00,0.00,0.00,0.00,0.00,0.00,0.00,0.00,0.00,0.00,0.00,15-Sep,16-Sep,17-Sep,18-Sep,19-Sep,20-Sep,21-Sep,15-Sep,16-Sep,17-Sep,18-Sep,19-Sep,20-Sep,21-Sep,7,7,0
Pune,Sangli,Solapur,Solapur,Sangola,20027396,Alegaon shirbhavi 82 Village,Nizampur,3731,1,0.00,1.04,0.85,0.10,0.99,0.09,0.54,0.00,27.91,22.71,2.55,26.64,2.40,14.55,15-Sep,16-Sep,17-Sep,18-Sep,19-Sep,20-Sep,21-Sep,15-Sep,16-Sep,17-Sep,18-Sep,19-Sep,20-Sep,21-Sep,1,7,0
Pune,Pune,Pune 1,Pune 1,Daund,7942135,"Gar, Sonwadi, Nanviz RR",Gholapnaagar,1591,1,0.00,0.00,0.00,0.00,0.00,0.00,0.00,0.00,0.00,0.00,0.00,0.00,0.00,0.00,15-Sep,16-Sep,17-Sep,18-Sep,19-Sep,20-Sep,21-Sep,15-Sep,16-Sep,17-Sep,18-Sep,19-Sep,20-Sep,21-Sep,7,7,0
Pune,Sangli,Solapur,Solapur,Sangola,20027396,Alegaon shirbhavi 82 Village,Bhopasewadi,2875,1,0.00,0.00,0.00,0.00,0.00,0.00,0.00,0.00,0.00,0.00,0.00,0.00,0.00,0.00,15-Sep,16-Sep,17-Sep,18-Sep,19-Sep,20-Sep,21-Sep,15-Sep,16-Sep,17-Sep,18-Sep,19-Sep,20-Sep,21-Sep,7,7,0
Pune,Pune,Satara,Pune,Phaltan,20019021,Dhuldev Algudewadi,Dhuldev,2564,4,0.00,0.00,0.00,0.00,0.00,0.00,0.00,0.00,0.00,0.00,0.00,0.00,0.00,0.00,15-Sep,16-Sep,17-Sep,18-Sep,19-Sep,20-Sep,21-Sep,15-Sep,16-Sep,17-Sep,18-Sep,19-Sep,20-Sep,21-Sep,7,7,0
Pune,Pune,Pune 2,Pune,Velhe,20013219,Wajeghar RR,Wajeghar KH,147,2,0.00,0.00,0.00,0.00,0.00,0.00,0.10,0.00,0.00,0.00,0.00,0.00,0.00,69.10,15-Sep,16-Sep,17-Sep,18-Sep,19-Sep,20-Sep,21-Sep,15-Sep,16-Sep,17-Sep,18-Sep,19-Sep,20-Sep,21-Sep,6,6,1
Pune,Sangli,Solapur,Solapur,Sangola,20027396,Alegaon shirbhavi 82 Village,Balwadi,2087,1,0.95,0.00,0.00,0.95,0.00,0.00,0.00,45.73,0.00,0.00,45.55,0.00,0.00,0.00,15-Sep,16-Sep,17-Sep,18-Sep,19-Sep,20-Sep,21-Sep,15-Sep,16-Sep,17-Sep,18-Sep,19-Sep,20-Sep,21-Sep,5,7,0
Pune,Pune,Pune 2,Pune,Daund,20027689,Patan & 8 Villages RWSS,PATAN,1762,3,0.00,0.00,0.00,0.00,0.00,0.00,0.00,0.00,0.00,0.00,0.00,0.00,0.00,0.00,15-Sep,16-Sep,17-Sep,18-Sep,19-Sep,20-Sep,21-Sep,15-Sep,16-Sep,17-Sep,18-Sep,19-Sep,20-Sep,21-Sep,7,7,0
Pune,Pune,Pune 2,Pune,Daund,20027689,Patan & 8 Villages RWSS,Shindgaon,343,1,0.00,0.00,0.08,0.00,0.00,0.22,0.00,0.00,0.00,22.19,0.01,0.01,65.10,0.02,15-Sep,16-Sep,17-Sep,18-Sep,19-Sep,20-Sep,21-Sep,15-Sep,16-Sep,17-Sep,18-Sep,19-Sep,20-Sep,21-Sep,2,6,1
Pune,Pune,Pune 2,Pune,Velhe,20013219,Wajeghar RR,Khatpewadi,662,1,0.00,0.00,0.00,0.00,0.00,0.00,0.00,0.00,0.00,0.00,0.00,0.00,0.00,0.00,15-Sep,16-Sep,17-Sep,18-Sep,19-Sep,20-Sep,21-Sep,15-Sep,16-Sep,17-Sep,18-Sep,19-Sep,20-Sep,21-Sep,7,7,0
Pune,Pune,Pune,Pune,Ambegaon,20017262,Supe,AMBE KHURD,1149,1,1.12,0.04,1.55,0.01,1.68,0.35,0.55,97.86,3.34,135.17,0.93,145.93,30.31,47.70,15-Sep,16-Sep,17-Sep,18-Sep,19-Sep,20-Sep,21-Sep,15-Sep,16-Sep,17-Sep,18-Sep,19-Sep,20-Sep,21-Sep,0,4,3
Pune,Pune,Pune,Pune,Indapur,20051606,Varodi BK & 2 Villages,Varodi BK,428,1,0.11,0.08,0.16,0.17,0.16,0.18,0.20,26.22,19.21,37.95,40.01,37.50,42.20,46.68,15-Sep,16-Sep,17-Sep,18-Sep,19-Sep,20-Sep,21-Sep,15-Sep,16-Sep,17-Sep,18-Sep,19-Sep,20-Sep,21-Sep,0,7,0
Pune,Pune,Pune,Pune,Mulshi,20022133,Peth RR,Bhawadi,1529,3,0.00,0.00,0.00,0.00,0.00,0.00,0.00,0.00,0.00,0.00,0.00,0.00,0.00,0.00,15-Sep,16-Sep,17-Sep,18-Sep,19-Sep,20-Sep,21-Sep,15-Sep,16-Sep,17-Sep,18-Sep,19-Sep,20-Sep,21-Sep,7,7,0
Pune,Pune,Pune 1,Baramati,Ambegaon,7942125,MURTI & 7 VILLAGES RRWSS,Murti gaonthan,1065,2,0.00,0.00,0.00,0.00,0.00,0.00,0.00,0.00,0.00,0.00,0.00,0.00,0.00,0.00,15-Sep,16-Sep,17-Sep,18-Sep,19-Sep,20-Sep,21-Sep,15-Sep,16-Sep,17-Sep,18-Sep,19-Sep,20-Sep,21-Sep,7,7,0
Pune,Sangli,Solapur,Solapur,Sangola,20027396,Alegaon shirbhavi 82 Village,Anakdhal,8599,1,0.00,0.00,0.00,0.00,0.00,0.00,0.00,0.00,0.00,0.00,0.00,0.00,0.00,0.00,15-Sep,16-Sep,17-Sep,18-Sep,19-Sep,20-Sep,21-Sep,15-Sep,16-Sep,17-Sep,18-Sep,19-Sep,20-Sep,21-Sep,7,7,0
Pune,Sangli,Solapur,Solapur,Sangola,20027396,Alegaon shirbhavi 82 Village,Dongargaon,4021,1,0.24,0.00,0.00,0.26,0.00,0.25,0.23,6.09,0.04,0.00,6.42,0.11,6.09,5.67,15-Sep,16-Sep,17-Sep,18-Sep,19-Sep,20-Sep,21-Sep,15-Sep,16-Sep,17-Sep,18-Sep,19-Sep,20-Sep,21-Sep,1,7,0
Pune,Sangli,Solapur,Solapur,Sangola,20027396,Alegaon shirbhavi 82 Village,Karandewadi,5849,2,0.01,0.36,1.19,0.33,0.00,0.00,0.00,0.09,6.13,20.38,5.59,0.00,0.00,0.00,15-Sep,16-Sep,17-Sep,18-Sep,19-Sep,20-Sep,21-Sep,15-Sep,16-Sep,17-Sep,18-Sep,19-Sep,20-Sep,21-Sep,3,7,0
Pune,Pune,Pune,Pune,Khed,20051642,Chakan Industrial Area 18 Villages,KHARABWADI,890,1,0.00,0.00,0.00,0.00,0.00,0.00,0.00,0.00,0.00,0.00,0.00,0.00,0.00,0.00,15-Sep,16-Sep,17-Sep,18-Sep,19-Sep,20-Sep,21-Sep,15-Sep,16-Sep,17-Sep,18-Sep,19-Sep,20-Sep,21-Sep,7,7,0
Pune,Sangli,Solapur,Solapur,Sangola,20027396,Alegaon shirbhavi 82 Village,Nazare,1231,1,0.00,0.00,0.00,0.00,0.00,0.00,0.00,0.00,0.00,0.00,0.00,0.00,0.00,0.00,15-Sep,16-Sep,17-Sep,18-Sep,19-Sep,20-Sep,21-Sep,15-Sep,16-Sep,17-Sep,18-Sep,19-Sep,20-Sep,21-Sep,7,7,0
Pune,Pune,Pune,Pune,Ambegaon,20017262,Supe,KUTAWALWADI,2290,1,0.37,0.00,0.37,0.12,0.63,0.17,0.46,16.22,0.00,16.30,5.20,27.42,7.24,19.98,15-Sep,16-Sep,17-Sep,18-Sep,19-Sep,20-Sep,21-Sep,15-Sep,16-Sep,17-Sep,18-Sep,19-Sep,20-Sep,21-Sep,1,7,0
Pune,Sangli,Solapur,Solapur,Sangola,20027396,Alegaon shirbhavi 82 Village,Y Mangewad,2525,1,0.00,0.00,0.00,0.00,0.00,0.00,0.00,0.00,0.00,0.00,0.00,0.00,0.00,0.00,15-Sep,16-Sep,17-Sep,18-Sep,19-Sep,20-Sep,21-Sep,15-Sep,16-Sep,17-Sep,18-Sep,19-Sep,20-Sep,21-Sep,7,7,0
Pune,Sangli,Solapur,Solapur,Sangola,20027396,Alegaon shirbhavi 82 Village,Kidabisari,2657,1,0.00,0.00,0.00,0.00,0.00,0.00,0.00,0.00,0.00,0.00,0.00,0.00,0.00,0.00,15-Sep,16-Sep,17-Sep,18-Sep,19-Sep,20-Sep,21-Sep,15-Sep,16-Sep,17-Sep,18-Sep,19-Sep,20-Sep,21-Sep,7,7,0
Pune,Sangli,Solapur,Solapur,Sangola,20027396,Alegaon shirbhavi 82 Village,Sonanad,1492,1,3.21,0.01,3.05,0.89,3.83,3.01,1.54,215.42,0.95,204.32,59.41,256.44,201.45,103.30,15-Sep,16-Sep,17-Sep,18-Sep,19-Sep,20-Sep,21-Sep,15-Sep,16-Sep,17-Sep,18-Sep,19-Sep,20-Sep,21-Sep,0,1,6
Pune,Pune,Pune,Pune,Purandar,20027459,Shivari,SHIVARI,2109,4,0.02,0.16,0.14,0.01,0.07,0.07,0.12,0.72,7.66,6.73,0.52,3.34,3.18,5.64,15-Sep,16-Sep,17-Sep,18-Sep,19-Sep,20-Sep,21-Sep,15-Sep,16-Sep,17-Sep,18-Sep,19-Sep,20-Sep,21-Sep,0,7,0
Pune,Sangli,Solapur,Solapur,Sangola,20027396,Alegaon shirbhavi 82 Village,Javala,7674,2,3.06,2.88,1.20,2.51,2.71,2.27,2.35,39.90,37.52,15.58,32.77,35.36,29.59,30.61,15-Sep,16-Sep,17-Sep,18-Sep,19-Sep,20-Sep,21-Sep,15-Sep,16-Sep,17-Sep,18-Sep,19-Sep,20-Sep,21-Sep,0,7,0
Pune,Pune,Pune 1,Baramati,Ambegaon,7942125,MURTI & 7 VILLAGES RRWSS,Moralwadi,1462,2,0.07,0.61,0.00,0.00,0.35,0.64,0.00,4.98,41.84,0.00,0.00,23.63,44.08,0.00,15-Sep,16-Sep,17-Sep,18-Sep,19-Sep,20-Sep,21-Sep,15-Sep,16-Sep,17-Sep,18-Sep,19-Sep,20-Sep,21-Sep,3,7,0
Pune,Sangli,Solapur,Solapur,Sangola,20027396,Alegaon shirbhavi 82 Village,Somewadi,1624,1,0.10,0.00,0.15,0.01,0.09,0.49,0.47,6.38,0.00,9.45,0.78,5.67,30.45,28.77,15-Sep,16-Sep,17-Sep,18-Sep,19-Sep,20-Sep,21-Sep,15-Sep,16-Sep,17-Sep,18-Sep,19-Sep,20-Sep,21-Sep,1,7,0
Pune,Pune,Pune,Pune,Ambegaon,20017262,Supe,VADHANE,1981,1,0.22,0.87,2.79,0.99,2.95,0.07,2.49,11.20,43.75,141.06,50.17,149.16,3.48,125.54,15-Sep,16-Sep,17-Sep,18-Sep,19-Sep,20-Sep,21-Sep,15-Sep,16-Sep,17-Sep,18-Sep,19-Sep,20-Sep,21-Sep,0,4,3
Pune,Pune,Pune,Pune,Maval,7948936,Aug. Dongargaon-Kusgaon RR,Kevaregaon,2219,1,0.00,0.18,0.17,0.18,0.18,0.00,0.00,0.00,0.00,0.00,0.00,0.00,0.00,0.00,15-Sep,16-Sep,17-Sep,18-Sep,19-Sep,20-Sep,21-Sep,15-Sep,16-Sep,17-Sep,18-Sep,19-Sep,20-Sep,21-Sep,7,7,0
Pune,Sangli,Solapur,Solapur,Sangola,20027396,Alegaon shirbhavi 82 Village,Devkate Wadi,1261,1,0.00,0.00,0.00,0.00,0.00,0.00,0.00,0.00,0.00,0.00,0.00,0.20,0.00,0.24,15-Sep,16-Sep,17-Sep,18-Sep,19-Sep,20-Sep,21-Sep,15-Sep,16-Sep,17-Sep,18-Sep,19-Sep,20-Sep,21-Sep,5,7,0
Pune,Pune,Pune,Pune,Mulshi,20022133,Peth RR,Thugaon,1897,5,0.22,0.00,0.41,0.25,0.44,0.00,0.23,11.80,0.02,21.39,13.27,23.08,0.00,11.94,15-Sep,16-Sep,17-Sep,18-Sep,19-Sep,20-Sep,21-Sep,15-Sep,16-Sep,17-Sep,18-Sep,19-Sep,20-Sep,21-Sep,1,7,0
Pune,Pune,Pune 2,Maval,Daund,20013367,Done Adhale RR,ADHALE BK,1695,1,0.00,0.00,0.00,0.00,0.00,0.00,0.00,0.00,0.00,0.00,0.00,0.00,0.00,0.00,15-Sep,16-Sep,17-Sep,18-Sep,19-Sep,20-Sep,21-Sep,15-Sep,16-Sep,17-Sep,18-Sep,19-Sep,20-Sep,21-Sep,7,7,0
Pune,Sangli,Solapur,Solapur,Sangola,20027396,Alegaon shirbhavi 82 Village,Budhyal,1218,1,0.33,1.55,1.95,0.82,0.86,2.11,3.60,27.04,126.92,159.79,66.94,70.79,173.13,295.56,15-Sep,16-Sep,17-Sep,18-Sep,19-Sep,20-Sep,21-Sep,15-Sep,16-Sep,17-Sep,18-Sep,19-Sep,20-Sep,21-Sep,0,1,6
Pune,Pune,Pune 2,Pune 2,Velhe,20027541,Wangani RRWSS,Kolwadi,1226,1,0.00,0.00,0.00,0.00,0.00,0.00,0.00,0.00,0.00,0.00,0.00,0.00,0.00,0.00,15-Sep,16-Sep,17-Sep,18-Sep,19-Sep,20-Sep,21-Sep,15-Sep,16-Sep,17-Sep,18-Sep,19-Sep,20-Sep,21-Sep,7,7,0
Pune,Pune,Pune,Pune,Khed,20050028,Uddhat,Udnaiwadi,5000,1,0.65,0.05,0.00,0.00,0.00,0.67,0.03,13.07,1.10,0.00,0.00,0.00,13.31,0.60,15-Sep,16-Sep,17-Sep,18-Sep,19-Sep,20-Sep,21-Sep,15-Sep,16-Sep,17-Sep,18-Sep,19-Sep,20-Sep,21-Sep,3,7,0
Pune,Pune,Pune,Pune,Ambegaon,20017262,Supe,SHERECHIWADI,1089,1,0.00,0.00,0.27,0.31,0.00,0.00,0.00,0.00,0.00,24.48,28.45,0.00,0.00,0.00,15-Sep,16-Sep,17-Sep,18-Sep,19-Sep,20-Sep,21-Sep,15-Sep,16-Sep,17-Sep,18-Sep,19-Sep,20-Sep,21-Sep,5,7,0
Pune,Pune,Pune,Pune,Indapur,20051606,Varodi BK & 2 Villages,Varodi Kh,723,2,0.29,0.29,0.32,0.29,0.36,0.22,0.33,40.30,40.26,44.14,40.58,49.75,30.82,45.48,15-Sep,16-Sep,17-Sep,18-Sep,19-Sep,20-Sep,21-Sep,15-Sep,16-Sep,17-Sep,18-Sep,19-Sep,20-Sep,21-Sep,0,7,0
Pune,Pune,Pune 2,Pune 2,Velhe,20027541,Wangani RRWSS,Mengajai Wadi,123,1,0.00,0.00,0.00,0.00,0.00,0.00,0.00,0.00,0.00,0.00,0.00,0.00,0.00,0.00,15-Sep,16-Sep,17-Sep,18-Sep,19-Sep,20-Sep,21-Sep,15-Sep,16-Sep,17-Sep,18-Sep,19-Sep,20-Sep,21-Sep,7,7,0
Pune,Sangli,Solapur,Solapur,Sangola,20027396,Alegaon shirbhavi 82 Village,Vazare,1954,1,0.00,0.00,25.71,0.00,0.00,0.00,0.00,0.00,0.00,1316.01,0.00,0.00,0.00,0.00,15-Sep,16-Sep,17-Sep,18-Sep,19-Sep,20-Sep,21-Sep,15-Sep,16-Sep,17-Sep,18-Sep,19-Sep,20-Sep,21-Sep,6,6,1
Pune,Pune,Pune 2,Pune,Daund,20027689,Patan & 8 Villages RWSS,Bhaje,3140,5,0.00,0.00,0.00,0.00,0.00,0.00,0.00,0.00,0.00,0.00,0.00,0.00,0.00,0.00,15-Sep,16-Sep,17-Sep,18-Sep,19-Sep,20-Sep,21-Sep,15-Sep,16-Sep,17-Sep,18-Sep,19-Sep,20-Sep,21-Sep,7,7,0
Pune,Sangli,Solapur,Solapur,Sangola,20027396,Alegaon shirbhavi 82 Village,Dhayati,4586,1,0.00,0.00,0.00,0.00,0.00,0.00,0.00,0.00,0.00,0.00,0.00,0.00,0.00,0.00,15-Sep,16-Sep,17-Sep,18-Sep,19-Sep,20-Sep,21-Sep,15-Sep,16-Sep,17-Sep,18-Sep,19-Sep,20-Sep,21-Sep,7,7,0
Pune,Pune,Pune 1,Pune 1,Daund,7942135,"Gar, Sonwadi, Nanviz RR",Holimala,734,2,0.00,0.00,0.00,0.00,0.00,0.00,0.00,0.00,0.00,0.00,0.00,0.00,0.00,0.00,15-Sep,16-Sep,17-Sep,18-Sep,19-Sep,20-Sep,21-Sep,15-Sep,16-Sep,17-Sep,18-Sep,19-Sep,20-Sep,21-Sep,7,7,0
Pune,Pune,Pune 1,Baramati,Ambegaon,20017250,LONI BHAPKAR RRWSS,Sayambachiwadi,1969,1,0.00,0.00,0.00,0.00,0.00,0.00,0.00,0.00,0.00,0.00,0.00,0.00,0.00,0.00,15-Sep,16-Sep,17-Sep,18-Sep,19-Sep,20-Sep,21-Sep,15-Sep,16-Sep,17-Sep,18-Sep,19-Sep,20-Sep,21-Sep,7,7,0
Pune,Pune,Pune 2,Pune 2,Velhe,20027541,Wangani RRWSS,Wangani,1150,1,0.00,0.00,0.00,0.00,0.00,0.00,0.00,0.00,0.00,0.00,0.00,0.00,0.00,0.00,15-Sep,16-Sep,17-Sep,18-Sep,19-Sep,20-Sep,21-Sep,15-Sep,16-Sep,17-Sep,18-Sep,19-Sep,20-Sep,21-Sep,7,7,0
Pune,Sangli,Solapur,Solapur,Sangola,20027396,Alegaon shirbhavi 82 Village,Burangewadi,4570,1,0.00,0.00,0.00,0.00,0.00,0.00,0.00,0.01,0.00,0.00,0.00,0.00,0.01,0.00,15-Sep,16-Sep,17-Sep,18-Sep,19-Sep,20-Sep,21-Sep,15-Sep,16-Sep,17-Sep,18-Sep,19-Sep,20-Sep,21-Sep,5,7,0
Pune,Pune,Pune,Pune,Ambegaon,20027855,Thopatewadi Late,Bajarangwadi,1748,3,0.00,0.00,0.00,0.00,0.00,0.00,0.00,0.00,0.00,0.00,0.00,0.00,0.00,0.00,15-Sep,16-Sep,17-Sep,18-Sep,19-Sep,20-Sep,21-Sep,15-Sep,16-Sep,17-Sep,18-Sep,19-Sep,20-Sep,21-Sep,7,7,0
Pune,Pune,Pune,Pune,Ambegaon,20017194,Gadadarewadi & Khandobachiwadi,GADADARWADI,2253,3,0.05,0.08,0.10,0.05,0.07,0.10,0.04,2.05,3.43,4.32,2.16,3.19,4.64,1.60,15-Sep,16-Sep,17-Sep,18-Sep,19-Sep,20-Sep,21-Sep,15-Sep,16-Sep,17-Sep,18-Sep,19-Sep,20-Sep,21-Sep,0,7,0
Pune,Sangli,Solapur,Solapur,Mangalvedhe,20033593,Andhalgaon and 3 villages,ANDHALEGAON,6159,3,0.00,0.00,0.00,0.00,0.00,0.00,0.00,0.00,0.00,0.00,0.00,0.00,0.00,0.00,15-Sep,16-Sep,17-Sep,18-Sep,19-Sep,20-Sep,21-Sep,15-Sep,16-Sep,17-Sep,18-Sep,19-Sep,20-Sep,21-Sep,7,7,0
Pune,Sangli,Solapur,Solapur,Sangola,20027396,Alegaon shirbhavi 82 Village,waki,2173,3,0.10,0.09,108.82,0.06,0.24,108.92,0.18,2.13,2.00,2294.77,1.22,5.09,2297.01,3.83,15-Sep,16-Sep,17-Sep,18-Sep,19-Sep,20-Sep,21-Sep,15-Sep,16-Sep,17-Sep,18-Sep,19-Sep,20-Sep,21-Sep,0,5,2
Pune,Pune,Pune,Pune,Khed,20050028,Uddhat,Uddhat,2780,3,0.94,0.77,0.16,0.00,0.00,0.52,0.00,33.76,27.60,5.75,0.00,0.00,18.72,0.00,15-Sep,16-Sep,17-Sep,18-Sep,19-Sep,20-Sep,21-Sep,15-Sep,16-Sep,17-Sep,18-Sep,19-Sep,20-Sep,21-Sep,3,7,0
Pune,Sangli,Solapur,Solapur,Sangola,20027396,Alegaon shirbhavi 82 Village,Chincholi Gaon,4045,1,0.00,0.07,0.00,0.08,0.00,0.08,0.08,0.00,1.71,0.00,2.00,0.00,1.85,1.86,15-Sep,16-Sep,17-Sep,18-Sep,19-Sep,20-Sep,21-Sep,15-Sep,16-Sep,17-Sep,18-Sep,19-Sep,20-Sep,21-Sep,3,7,0
Pune,Sangli,Solapur,Solapur,Sangola,20027396,Alegaon shirbhavi 82 Village,Bhamni,2572,1,0.00,123.76,0.39,0.29,0.37,0.84,1.67,0.00,4811.95,15.21,11.23,14.53,32.56,65.10,15-Sep,16-Sep,17-Sep,18-Sep,19-Sep,20-Sep,21-Sep,15-Sep,16-Sep,17-Sep,18-Sep,19-Sep,20-Sep,21-Sep,1,5,2
Pune,Sangli,Solapur,Solapur,Sangola,20027396,Alegaon shirbhavi 82 Village,Godasewadi,2730,1,0.00,0.38,0.49,0.67,0.97,0.61,0.68,0.00,13.93,18.03,24.43,35.44,22.34,24.94,15-Sep,16-Sep,17-Sep,18-Sep,19-Sep,20-Sep,21-Sep,15-Sep,16-Sep,17-Sep,18-Sep,19-Sep,20-Sep,21-Sep,1,7,0
Pune,Pune,Pune 1,Baramati,Ambegaon,20017250,LONI BHAPKAR RRWSS,Jagtapwasti ESR,1446,1,0.00,0.00,61.41,0.00,0.00,0.00,36.93,0.00,0.00,4247.23,0.00,0.00,0.00,2553.99,15-Sep,16-Sep,17-Sep,18-Sep,19-Sep,20-Sep,21-Sep,15-Sep,16-Sep,17-Sep,18-Sep,19-Sep,20-Sep,21-Sep,5,5,2
Pune,Pune,Pune,Pune,Purandar,20016917,Dive,PAWARWADI,1160,1,0.00,0.00,0.00,0.00,0.00,0.00,0.00,0.00,0.00,0.00,0.00,0.00,0.00,0.00,15-Sep,16-Sep,17-Sep,18-Sep,19-Sep,20-Sep,21-Sep,15-Sep,16-Sep,17-Sep,18-Sep,19-Sep,20-Sep,21-Sep,7,7,0
Pune,Pune,Pune,Pune,Ambegaon,20027855,Thopatewadi Late,Malwadi,1230,2,0.05,0.03,0.01,0.04,0.05,0.03,0.03,4.05,2.29,1.20,3.61,4.18,2.17,2.03,15-Sep,16-Sep,17-Sep,18-Sep,19-Sep,20-Sep,21-Sep,15-Sep,16-Sep,17-Sep,18-Sep,19-Sep,20-Sep,21-Sep,0,7,0
Pune,Sangli,Solapur,Solapur,Sangola,20027396,Alegaon shirbhavi 82 Village,Ajanale,8051,1,1.23,1.15,0.98,1.03,0.97,1.75,1.32,15.32,14.27,12.15,12.85,12.11,21.74,16.35,15-Sep,16-Sep,17-Sep,18-Sep,19-Sep,20-Sep,21-Sep,15-Sep,16-Sep,17-Sep,18-Sep,19-Sep,20-Sep,21-Sep,0,7,0
Pune,Pune,Pune 2,Pune,Daund,7948923,Karla & 7 villages RR,KARLA,2114,3,0.00,0.00,0.14,5.49,0.00,0.00,0.00,0.00,0.00,3.80,150.20,0.00,0.00,0.00,15-Sep,16-Sep,17-Sep,18-Sep,19-Sep,20-Sep,21-Sep,15-Sep,16-Sep,17-Sep,18-Sep,19-Sep,20-Sep,21-Sep,5,6,1
Pune,Pune,Pune 2,Pune,Velhe,20013219,Wajeghar RR,Lavhi,276,1,0.00,0.00,0.00,0.00,0.00,0.00,0.46,0.00,0.00,0.00,0.00,0.00,0.00,166.73,15-Sep,16-Sep,17-Sep,18-Sep,19-Sep,20-Sep,21-Sep,15-Sep,16-Sep,17-Sep,18-Sep,19-Sep,20-Sep,21-Sep,6,6,1
Pune,Sangli,Solapur,Solapur,Sangola,20027396,Alegaon shirbhavi 82 Village,Deole,1568,1,0.00,0.00,0.00,0.00,0.00,0.00,0.00,0.00,0.00,0.00,0.00,0.00,0.00,0.00,15-Sep,16-Sep,17-Sep,18-Sep,19-Sep,20-Sep,21-Sep,15-Sep,16-Sep,17-Sep,18-Sep,19-Sep,20-Sep,21-Sep,7,7,0
Pune,Pune,Pune 1,Pune 1,Daund,7942135,"Gar, Sonwadi, Nanviz RR",Sonwadi,4636,1,0.00,0.00,0.00,0.00,0.00,0.00,0.00,0.00,0.00,0.00,0.00,0.00,0.00,0.00,15-Sep,16-Sep,17-Sep,18-Sep,19-Sep,20-Sep,21-Sep,15-Sep,16-Sep,17-Sep,18-Sep,19-Sep,20-Sep,21-Sep,7,7,0
Pune,Sangli,Solapur,Solapur,Sangola,20027396,Alegaon shirbhavi 82 Village,Wadegaon,6374,1,0.00,0.00,0.00,0.00,0.00,0.00,0.00,0.00,0.00,0.00,0.00,0.00,0.00,0.00,15-Sep,16-Sep,17-Sep,18-Sep,19-Sep,20-Sep,21-Sep,15-Sep,16-Sep,17-Sep,18-Sep,19-Sep,20-Sep,21-Sep,7,7,0
Pune,Sangli,Solapur,Solapur,Mohol,20029637,Penur Patkul,Penur,8755,1,0.00,0.00,0.00,0.00,0.00,0.00,0.00,0.00,0.00,0.00,0.00,0.00,0.00,0.00,15-Sep,16-Sep,17-Sep,18-Sep,19-Sep,20-Sep,21-Sep,15-Sep,16-Sep,17-Sep,18-Sep,19-Sep,20-Sep,21-Sep,7,7,0
Pune,Sangli,Solapur,Solapur,Mohol,20029637,Penur Patkul,Patkul,7358,2,0.00,0.00,0.00,0.00,0.00,0.00,0.00,0.00,0.00,0.00,0.00,0.00,0.00,0.00,15-Sep,16-Sep,17-Sep,18-Sep,19-Sep,20-Sep,21-Sep,15-Sep,16-Sep,17-Sep,18-Sep,19-Sep,20-Sep,21-Sep,7,7,0
Pune,Pune,Pune 2,Maval,Daund,20013367,Done Adhale RR,OVALE,1177,1,0.00,0.00,0.00,0.00,0.00,0.00,0.00,0.00,0.00,0.00,0.00,0.00,0.00,0.00,15-Sep,16-Sep,17-Sep,18-Sep,19-Sep,20-Sep,21-Sep,15-Sep,16-Sep,17-Sep,18-Sep,19-Sep,20-Sep,21-Sep,7,7,0
Pune,Pune,Pune 1,Baramati,Ambegaon,7942125,MURTI & 7 VILLAGES RRWSS,Magarwadi,1761,1,0.00,0.00,0.00,0.00,0.00,65.28,0.00,0.00,0.00,0.00,0.00,0.00,3707.00,0.00,15-Sep,16-Sep,17-Sep,18-Sep,19-Sep,20-Sep,21-Sep,15-Sep,16-Sep,17-Sep,18-Sep,19-Sep,20-Sep,21-Sep,6,6,1
Pune,Pune,Pune 1,Pune 1,Daund,7942135,"Gar, Sonwadi, Nanviz RR",Betwadi,1500,1,0.00,0.00,0.00,0.00,0.00,0.00,0.00,0.00,0.00,0.00,0.00,0.00,0.00,0.00,15-Sep,16-Sep,17-Sep,18-Sep,19-Sep,20-Sep,21-Sep,15-Sep,16-Sep,17-Sep,18-Sep,19-Sep,20-Sep,21-Sep,7,7,0
Pune,Sangli,Solapur,Solapur,Sangola,20027396,Alegaon shirbhavi 82 Village,Gayghvan,1603,1,0.00,0.00,0.00,0.00,0.00,0.00,0.00,0.00,0.00,0.00,0.00,0.00,0.00,0.00,15-Sep,16-Sep,17-Sep,18-Sep,19-Sep,20-Sep,21-Sep,15-Sep,16-Sep,17-Sep,18-Sep,19-Sep,20-Sep,21-Sep,7,7,0
Pune,Pune,Pune,Pune,Ambegaon,20027855,Thopatewadi Late,Late,1222,1,1.03,0.83,1.11,1.90,1.60,1.26,1.55,84.25,68.24,91.11,155.44,131.17,103.15,126.58,15-Sep,16-Sep,17-Sep,18-Sep,19-Sep,20-Sep,21-Sep,15-Sep,16-Sep,17-Sep,18-Sep,19-Sep,20-Sep,21-Sep,0,0,7
Pune,Pune,Pune,Pune,Mulshi,20022133,Peth RR,Paragaon,15022,8,0.00,0.00,0.18,0.24,0.22,0.00,0.40,0.00,0.00,1.20,1.59,1.49,0.01,2.65,15-Sep,16-Sep,17-Sep,18-Sep,19-Sep,20-Sep,21-Sep,15-Sep,16-Sep,17-Sep,18-Sep,19-Sep,20-Sep,21-Sep,2,7,0
Pune,Sangli,Solapur,Solapur,Sangola,20027396,Alegaon shirbhavi 82 Village,Vasud,3297,1,0.00,0.00,0.00,0.00,0.00,0.00,0.00,0.00,0.00,0.00,0.00,0.00,0.00,0.00,15-Sep,16-Sep,17-Sep,18-Sep,19-Sep,20-Sep,21-Sep,15-Sep,16-Sep,17-Sep,18-Sep,19-Sep,20-Sep,21-Sep,7,7,0
Pune,Sangli,Sangli,Islampur,Valva,7940233,Peth & two Villages,Waghwadi,1161,1,0.66,0.41,0.62,0.41,0.62,0.81,0.59,56.75,35.66,53.32,35.44,53.64,69.60,50.63,15-Sep,16-Sep,17-Sep,18-Sep,19-Sep,20-Sep,21-Sep,15-Sep,16-Sep,17-Sep,18-Sep,19-Sep,20-Sep,21-Sep,0,5,2
Pune,Pune,Pune,Pune,Shirur,20027611,Kanhur Mesai & Savindane RR,Sanvidane,1700,2,0.00,0.00,0.00,0.00,0.00,0.00,0.00,0.00,0.00,0.00,0.00,0.00,0.00,0.00,15-Sep,16-Sep,17-Sep,18-Sep,19-Sep,20-Sep,21-Sep,15-Sep,16-Sep,17-Sep,18-Sep,19-Sep,20-Sep,21-Sep,7,7,0
Pune,Pune,Pune 2,Baramati,Ambegaon,20018548,HOL SASTEWADI,Sastewadi,3462,6,0.00,0.00,0.00,0.00,0.00,0.00,0.00,0.00,0.00,0.00,0.00,0.00,0.00,0.00,15-Sep,16-Sep,17-Sep,18-Sep,19-Sep,20-Sep,21-Sep,15-Sep,16-Sep,17-Sep,18-Sep,19-Sep,20-Sep,21-Sep,7,7,0
Pune,Pune,Pune 2,Pune,Velhe,20013219,Wajeghar RR,Pimpri,255,1,0.00,0.00,0.00,0.00,0.00,0.00,0.05,0.00,0.00,0.00,0.00,0.00,0.00,17.71,15-Sep,16-Sep,17-Sep,18-Sep,19-Sep,20-Sep,21-Sep,15-Sep,16-Sep,17-Sep,18-Sep,19-Sep,20-Sep,21-Sep,6,7,0
Pune,Pune,Pune 1,Baramati,Ambegaon,20017250,LONI BHAPKAR RRWSS,Tukainagar,3819,1,0.00,0.00,0.00,0.00,0.00,0.00,0.00,0.00,0.00,0.00,0.00,0.00,0.00,0.00,15-Sep,16-Sep,17-Sep,18-Sep,19-Sep,20-Sep,21-Sep,15-Sep,16-Sep,17-Sep,18-Sep,19-Sep,20-Sep,21-Sep,7,7,0
Pune,Pune,Pune 1,Baramati,Ambegaon,20017250,LONI BHAPKAR RRWSS,Bhilarwadi,1249,1,0.00,0.00,0.00,0.00,0.00,0.00,0.00,0.00,0.00,0.00,0.00,0.00,0.00,0.00,15-Sep,16-Sep,17-Sep,18-Sep,19-Sep,20-Sep,21-Sep,15-Sep,16-Sep,17-Sep,18-Sep,19-Sep,20-Sep,21-Sep,7,7,0
Pune,Pune,Pune,Pune,Ambegaon,20017262,Supe,KALKHAIREWADI,1812,2,0.06,0.07,0.00,8709.22,14648.98,14158.83,14330.52,3.55,3.74,0.02,480641.05,808442.39,781392.36,790867.27,15-Sep,16-Sep,17-Sep,18-Sep,19-Sep,20-Sep,21-Sep,15-Sep,16-Sep,17-Sep,18-Sep,19-Sep,20-Sep,21-Sep,0,3,4
Pune,Pune,Satara,Pune,Phaltan,20019021,Dhuldev Algudewadi,Algudewadi,1584,4,0.00,0.00,0.00,0.00,0.00,0.00,0.00,0.00,0.00,0.00,0.00,0.00,0.00,0.00,15-Sep,16-Sep,17-Sep,18-Sep,19-Sep,20-Sep,21-Sep,15-Sep,16-Sep,17-Sep,18-Sep,19-Sep,20-Sep,21-Sep,7,7,0
Pune,Pune,Pune 2,Pune,Velhe,20013219,Wajeghar RR,Merawane,666,1,0.00,0.00,0.00,0.00,0.00,0.00,0.00,0.00,0.00,0.00,0.00,0.00,0.00,0.00,15-Sep,16-Sep,17-Sep,18-Sep,19-Sep,20-Sep,21-Sep,15-Sep,16-Sep,17-Sep,18-Sep,19-Sep,20-Sep,21-Sep,7,7,0
Pune,Pune,Pune,Pune,Mulshi,20022133,Peth RR,Peth,5492,6,0.03,0.34,2.23,1.01,2.42,0.71,1.75,0.62,6.11,40.57,18.45,43.98,12.88,31.86,15-Sep,16-Sep,17-Sep,18-Sep,19-Sep,20-Sep,21-Sep,15-Sep,16-Sep,17-Sep,18-Sep,19-Sep,20-Sep,21-Sep,0,7,0
Pune,Pune,Pune,Pune,Maval,7948936,Aug. Dongargaon-Kusgaon RR,Dongargaon,999,1,0.00,0.00,0.00,0.00,0.00,0.00,0.00,0.00,0.00,0.00,0.00,0.00,0.00,0.00,15-Sep,16-Sep,17-Sep,18-Sep,19-Sep,20-Sep,21-Sep,15-Sep,16-Sep,17-Sep,18-Sep,19-Sep,20-Sep,21-Sep,7,7,0
Pune,Pune,Pune 1,Baramati,Ambegaon,20017250,LONI BHAPKAR RRWSS,LoniBhapkar,5659,3,4711.21,0.00,0.00,8253.75,0.00,0.00,4735.00,83251.67,0.00,0.00,145851.76,0.00,0.00,83671.99,15-Sep,16-Sep,17-Sep,18-Sep,19-Sep,20-Sep,21-Sep,15-Sep,16-Sep,17-Sep,18-Sep,19-Sep,20-Sep,21-Sep,4,4,3
Pune,Pune,Pune,Pune,Maval,7948936,Aug. Dongargaon-Kusgaon RR,BHAIRAVNATHNAGAR,2299,2,0.00,0.00,0.00,0.00,0.00,0.00,0.00,0.00,0.00,0.00,0.00,0.00,0.00,0.00,15-Sep,16-Sep,17-Sep,18-Sep,19-Sep,20-Sep,21-Sep,15-Sep,16-Sep,17-Sep,18-Sep,19-Sep,20-Sep,21-Sep,7,7,0
Pune,Pune,Pune 1,Baramati,Ambegaon,20017250,LONI BHAPKAR RRWSS,Jalakewadi Mudhale,475,2,0.00,0.00,0.00,0.00,0.00,0.00,0.00,0.00,0.00,0.00,0.00,0.00,0.00,0.00,15-Sep,16-Sep,17-Sep,18-Sep,19-Sep,20-Sep,21-Sep,15-Sep,16-Sep,17-Sep,18-Sep,19-Sep,20-Sep,21-Sep,7,7,0
Pune,Pune,Pune 1,Baramati,Ambegaon,7942125,MURTI & 7 VILLAGES RRWSS,Chaudharwad,911,1,0.24,0.21,196.19,0.27,115.42,0.24,0.25,26.78,23.58,21535.20,29.15,12669.29,26.88,27.82,15-Sep,16-Sep,17-Sep,18-Sep,19-Sep,20-Sep,21-Sep,15-Sep,16-Sep,17-Sep,18-Sep,19-Sep,20-Sep,21-Sep,0,5,2
Pune,Sangli,Solapur,Solapur,Sangola,20027396,Alegaon shirbhavi 82 Village,Kolegaon,2922,1,0.00,0.00,0.00,0.00,0.00,0.00,0.00,0.00,0.00,0.00,0.00,0.00,0.00,0.00,15-Sep,16-Sep,17-Sep,18-Sep,19-Sep,20-Sep,21-Sep,15-Sep,16-Sep,17-Sep,18-Sep,19-Sep,20-Sep,21-Sep,7,7,0
Pune,Pune,Pune 1,Baramati,Ambegaon,20017250,LONI BHAPKAR RRWSS,Palsi,2612,2,1.54,0.16,1.71,0.00,0.35,1.09,0.00,59.05,6.12,65.59,0.00,13.23,41.87,0.00,15-Sep,16-Sep,17-Sep,18-Sep,19-Sep,20-Sep,21-Sep,15-Sep,16-Sep,17-Sep,18-Sep,19-Sep,20-Sep,21-Sep,2,5,2
Pune,Pune,Pune 2,Pune 2,Velhe,20027541,Wangani RRWSS,Wanganichiwadi,1108,1,0.00,0.00,0.00,0.00,0.00,0.00,0.00,0.00,0.00,0.00,0.00,0.00,0.00,0.00,15-Sep,16-Sep,17-Sep,18-Sep,19-Sep,20-Sep,21-Sep,15-Sep,16-Sep,17-Sep,18-Sep,19-Sep,20-Sep,21-Sep,7,7,0
Pune,Pune,Satara,Phaltan,Phaltan,20027892,RR Girvi WSS,Zirapwadi,1451,1,0.00,0.00,0.00,0.00,0.00,0.00,0.00,0.00,0.00,0.00,0.00,0.00,0.00,0.00,15-Sep,16-Sep,17-Sep,18-Sep,19-Sep,20-Sep,21-Sep,15-Sep,16-Sep,17-Sep,18-Sep,19-Sep,20-Sep,21-Sep,7,7,0
Pune,Sangli,Solapur,Solapur,Sangola,20027396,Alegaon shirbhavi 82 Village,Gaudwadi,1508,1,0.00,0.00,0.00,0.00,0.00,0.00,0.00,0.00,0.00,0.00,0.00,0.00,0.00,0.00,15-Sep,16-Sep,17-Sep,18-Sep,19-Sep,20-Sep,21-Sep,15-Sep,16-Sep,17-Sep,18-Sep,19-Sep,20-Sep,21-Sep,7,7,0
Pune,Sangli,Solapur,Solapur,Sangola,20027396,Alegaon shirbhavi 82 Village,Mahim,4407,1,2.49,2.35,1.87,2.74,3.09,2.65,3.21,56.54,53.22,42.42,62.20,70.21,60.18,72.81,15-Sep,16-Sep,17-Sep,18-Sep,19-Sep,20-Sep,21-Sep,15-Sep,16-Sep,17-Sep,18-Sep,19-Sep,20-Sep,21-Sep,0,2,5
Pune,Pune,Pune 1,Baramati,Ambegaon,7942125,MURTI & 7 VILLAGES RRWSS,Modhave,2362,1,0.00,0.00,0.00,0.00,0.00,0.00,0.00,0.00,0.00,0.00,0.00,0.00,0.00,0.00,15-Sep,16-Sep,17-Sep,18-Sep,19-Sep,20-Sep,21-Sep,15-Sep,16-Sep,17-Sep,18-Sep,19-Sep,20-Sep,21-Sep,7,7,0
Pune,Pune,Pune,Pune,Khed,20050028,Uddhat,Thoratwadi,2050,2,0.04,0.04,0.05,0.05,0.03,0.04,0.07,1.95,1.94,2.56,2.35,1.60,1.79,3.32,15-Sep,16-Sep,17-Sep,18-Sep,19-Sep,20-Sep,21-Sep,15-Sep,16-Sep,17-Sep,18-Sep,19-Sep,20-Sep,21-Sep,0,7,0
Pune,Pune,Satara,Phaltan,Phaltan,20027892,RR Girvi WSS,Bhadali Bk,787,1,0.00,0.00,0.00,0.00,0.00,0.00,0.00,0.00,0.00,0.00,0.00,0.00,0.00,0.00,15-Sep,16-Sep,17-Sep,18-Sep,19-Sep,20-Sep,21-Sep,15-Sep,16-Sep,17-Sep,18-Sep,19-Sep,20-Sep,21-Sep,7,7,0
Pune,Sangli,Solapur,Solapur,Sangola,20027396,Alegaon shirbhavi 82 Village,Pachegaon BK,3466,1,0.00,0.00,0.00,0.00,0.00,0.00,0.00,0.00,0.00,0.00,0.00,0.00,0.00,0.00,15-Sep,16-Sep,17-Sep,18-Sep,19-Sep,20-Sep,21-Sep,15-Sep,16-Sep,17-Sep,18-Sep,19-Sep,20-Sep,21-Sep,7,7,0
Pune,Pune,Pune,Pune,Maval,7948936,Aug. Dongargaon-Kusgaon RR,OLKAIWADI,0,2,0.00,0.14,0.14,0.13,0.12,0.00,0.00,0.00,0.00,0.00,0.00,0.00,0.00,0.00,15-Sep,16-Sep,17-Sep,18-Sep,19-Sep,20-Sep,21-Sep,15-Sep,16-Sep,17-Sep,18-Sep,19-Sep,20-Sep,21-Sep,7,7,0
Pune,Pune,Satara,Phaltan,Phaltan,20027892,RR Girvi WSS,Sonwadi (Bk),1100,1,0.00,0.00,0.00,0.00,0.00,34.92,0.00,0.00,0.00,0.09,0.00,0.00,3174.21,0.00,15-Sep,16-Sep,17-Sep,18-Sep,19-Sep,20-Sep,21-Sep,15-Sep,16-Sep,17-Sep,18-Sep,19-Sep,20-Sep,21-Sep,5,6,1
Pune,Sangli,Solapur,Solapur,Sangola,20027396,Alegaon shirbhavi 82 Village,Udenwadi,1834,1,0.00,0.00,0.00,0.00,0.00,0.00,0.00,0.00,0.00,0.00,0.00,0.00,0.00,0.00,15-Sep,16-Sep,17-Sep,18-Sep,19-Sep,20-Sep,21-Sep,15-Sep,16-Sep,17-Sep,18-Sep,19-Sep,20-Sep,21-Sep,7,7,0
Pune,Pune,Pune 1,Baramati,Ambegaon,20017250,LONI BHAPKAR RRWSS,Masalwadi,1446,2,0.35,0.77,0.00,0.39,0.63,0.31,0.00,24.07,53.33,0.00,26.69,43.34,21.74,0.00,15-Sep,16-Sep,17-Sep,18-Sep,19-Sep,20-Sep,21-Sep,15-Sep,16-Sep,17-Sep,18-Sep,19-Sep,20-Sep,21-Sep,2,7,0
Pune,Pune,Pune 2,Pune,Daund,20027689,Patan & 8 Villages RWSS,Aundholi,594,1,0.00,0.00,0.00,0.00,0.00,0.00,0.00,0.00,0.00,0.00,0.00,0.00,0.00,0.00,15-Sep,16-Sep,17-Sep,18-Sep,19-Sep,20-Sep,21-Sep,15-Sep,16-Sep,17-Sep,18-Sep,19-Sep,20-Sep,21-Sep,7,7,0
Pune,Sangli,Solapur,Solapur,Sangola,20027396,Alegaon shirbhavi 82 Village,Kamlapur,1541,1,0.00,0.00,0.00,0.00,0.00,0.00,0.00,0.00,0.00,0.00,0.00,0.00,0.00,0.00,15-Sep,16-Sep,17-Sep,18-Sep,19-Sep,20-Sep,21-Sep,15-Sep,16-Sep,17-Sep,18-Sep,19-Sep,20-Sep,21-Sep,7,7,0
Pune,Sangli,Solapur,Solapur,Sangola,20027396,Alegaon shirbhavi 82 Village,Manjari,3049,1,0.00,0.00,0.00,0.00,0.00,0.00,0.00,0.00,0.00,0.00,0.00,0.00,0.00,0.00,15-Sep,16-Sep,17-Sep,18-Sep,19-Sep,20-Sep,21-Sep,15-Sep,16-Sep,17-Sep,18-Sep,19-Sep,20-Sep,21-Sep,7,7,0
Pune,Pune,Pune,Pune,Ambegaon,20017262,Supe,MANGOBACHIWADI,257,1,0.18,0.25,0.18,0.27,0.19,0.26,0.20,70.22,96.15,69.76,104.78,73.71,99.31,78.05,15-Sep,16-Sep,17-Sep,18-Sep,19-Sep,20-Sep,21-Sep,15-Sep,16-Sep,17-Sep,18-Sep,19-Sep,20-Sep,21-Sep,0,0,7
Pune,Pune,Pune,Pune,Purandar,20027436,Pargaoan Malshiras,Singapur Gaothan,1373,1,0.00,0.00,0.00,12.98,0.00,0.35,0.00,0.00,0.00,0.00,945.41,0.00,25.77,0.00,15-Sep,16-Sep,17-Sep,18-Sep,19-Sep,20-Sep,21-Sep,15-Sep,16-Sep,17-Sep,18-Sep,19-Sep,20-Sep,21-Sep,5,6,1
Pune,Sangli,Solapur,Solapur,Mangalvedhe,20033593,Andhalgaon and 3 villages,CHOKAMELA,7934,1,0.00,0.00,0.00,0.00,0.00,0.00,0.00,0.00,0.00,0.00,0.00,0.00,0.00,0.00,15-Sep,16-Sep,17-Sep,18-Sep,19-Sep,20-Sep,21-Sep,15-Sep,16-Sep,17-Sep,18-Sep,19-Sep,20-Sep,21-Sep,7,7,0
Pune,Sangli,Solapur,Solapur,Sangola,20027396,Alegaon shirbhavi 82 Village,Alegaon,4802,1,0.00,0.00,0.00,0.00,0.00,0.00,0.00,0.00,0.00,0.00,0.00,0.00,0.00,0.00,15-Sep,16-Sep,17-Sep,18-Sep,19-Sep,20-Sep,21-Sep,15-Sep,16-Sep,17-Sep,18-Sep,19-Sep,20-Sep,21-Sep,7,7,0
Pune,Sangli,Solapur,Solapur,Sangola,20027396,Alegaon shirbhavi 82 Village,Chinke,6814,1,1.27,1.64,1.27,1.89,1.67,2.50,1.73,18.57,24.14,18.58,27.75,24.44,36.73,25.32,15-Sep,16-Sep,17-Sep,18-Sep,19-Sep,20-Sep,21-Sep,15-Sep,16-Sep,17-Sep,18-Sep,19-Sep,20-Sep,21-Sep,0,7,0
Pune,Sangli,Solapur,Solapur,Sangola,20027396,Alegaon shirbhavi 82 Village,Chopadi,3313,1,0.00,0.00,0.00,0.00,0.00,0.00,0.00,0.00,0.00,0.00,0.00,0.00,0.00,0.00,15-Sep,16-Sep,17-Sep,18-Sep,19-Sep,20-Sep,21-Sep,15-Sep,16-Sep,17-Sep,18-Sep,19-Sep,20-Sep,21-Sep,7,7,0
Pune,Sangli,Solapur,Solapur,Sangola,20027396,Alegaon shirbhavi 82 Village,Tarangewadi,4363,2,0.82,0.56,0.62,1.04,0.30,1.92,0.63,18.87,12.93,14.22,23.79,6.97,44.03,14.45,15-Sep,16-Sep,17-Sep,18-Sep,19-Sep,20-Sep,21-Sep,15-Sep,16-Sep,17-Sep,18-Sep,19-Sep,20-Sep,21-Sep,0,7,0
Pune,Pune,Pune,Pune,Ambegaon,20027855,Thopatewadi Late,Kurnewadi,1484,1,0.14,0.09,0.14,0.05,0.07,0.07,0.02,9.52,5.89,9.19,3.35,4.56,4.81,1.18,15-Sep,16-Sep,17-Sep,18-Sep,19-Sep,20-Sep,21-Sep,15-Sep,16-Sep,17-Sep,18-Sep,19-Sep,20-Sep,21-Sep,0,7,0
Pune,Pune,Pune,Pune,Mulshi,20022133,Peth RR,Kurwandi,2522,5,0.00,0.00,0.01,0.00,0.00,0.00,0.00,0.00,0.00,0.56,0.00,0.00,0.00,0.00,15-Sep,16-Sep,17-Sep,18-Sep,19-Sep,20-Sep,21-Sep,15-Sep,16-Sep,17-Sep,18-Sep,19-Sep,20-Sep,21-Sep,6,7,0
Pune,Sangli,Solapur,Solapur,Sangola,20027396,Alegaon shirbhavi 82 Village,Junoni,4895,1,0.00,0.00,0.00,0.00,0.00,0.00,0.00,0.00,0.00,0.00,0.00,0.00,0.00,0.00,15-Sep,16-Sep,17-Sep,18-Sep,19-Sep,20-Sep,21-Sep,15-Sep,16-Sep,17-Sep,18-Sep,19-Sep,20-Sep,21-Sep,7,7,0
Pune,Sangli,Solapur,Solapur,Sangola,20027396,Alegaon shirbhavi 82 Village,Sange wadi,2604,1,0.00,0.00,0.00,0.00,0.00,0.00,0.00,0.00,0.00,0.00,0.00,0.00,0.00,0.00,15-Sep,16-Sep,17-Sep,18-Sep,19-Sep,20-Sep,21-Sep,15-Sep,16-Sep,17-Sep,18-Sep,19-Sep,20-Sep,21-Sep,7,7,0
Pune,Pune,Pune 2,Maval,Daund,20013367,Done Adhale RR,DONE,1044,1,0.00,0.00,0.00,0.00,0.00,0.00,0.00,0.00,0.00,0.00,0.00,0.00,0.00,0.00,15-Sep,16-Sep,17-Sep,18-Sep,19-Sep,20-Sep,21-Sep,15-Sep,16-Sep,17-Sep,18-Sep,19-Sep,20-Sep,21-Sep,7,7,0
Pune,Pune,Pune,Pune,Purandar,20027436,Pargaoan Malshiras,Rise,1478,2,0.00,0.38,0.00,0.00,0.54,0.53,0.00,0.00,25.95,0.00,0.00,36.63,36.17,0.00,15-Sep,16-Sep,17-Sep,18-Sep,19-Sep,20-Sep,21-Sep,15-Sep,16-Sep,17-Sep,18-Sep,19-Sep,20-Sep,21-Sep,4,7,0
Pune,Pune,Pune,Satara,Satara,20027924,Shapur Jakatwadi,SHAHAPUR,972,1,0.00,0.00,0.00,120111.67,208.14,1.29,1.34,0.00,0.00,0.00,12357167.70,21413.61,132.56,137.48,15-Sep,16-Sep,17-Sep,18-Sep,19-Sep,20-Sep,21-Sep,15-Sep,16-Sep,17-Sep,18-Sep,19-Sep,20-Sep,21-Sep,3,3,4
Konkan,Palghar,Palghar,Palghar,Mokhada,20028070,"MOKHADA TALUKA 58 VILLAGES R.R.W.S. SCHEME, TAL -MOKHADA",Gonde KH,1189,1,0.00,0.00,0.00,0.00,0.00,0.00,0.00,0.00,0.06,0.06,0.00,0.00,0.00,0.00,15-Sep,16-Sep,17-Sep,18-Sep,19-Sep,20-Sep,21-Sep,15-Sep,16-Sep,17-Sep,18-Sep,19-Sep,20-Sep,21-Sep,5,7,0
Konkan,Raigadh,Raigadh,Raigadh,Mangaon,20028626,"Warak Kushade Water Supply Scheme tal- Mnagaon, Dist-Raigad",Sale,775,1,0.00,0.00,0.00,0.00,0.00,0.00,0.00,0.00,0.00,0.00,0.00,0.00,0.00,0.00,15-Sep,16-Sep,17-Sep,18-Sep,19-Sep,20-Sep,21-Sep,15-Sep,16-Sep,17-Sep,18-Sep,19-Sep,20-Sep,21-Sep,7,7,0
Konkan,Palghar,Palghar,Palghar,Mokhada,20028070,"MOKHADA TALUKA 58 VILLAGES R.R.W.S. SCHEME, TAL -MOKHADA",Dandwal,446,1,0.06,0.00,0.00,0.00,0.00,0.00,0.00,12.84,0.00,0.00,0.00,0.00,0.00,0.00,15-Sep,16-Sep,17-Sep,18-Sep,19-Sep,20-Sep,21-Sep,15-Sep,16-Sep,17-Sep,18-Sep,19-Sep,20-Sep,21-Sep,6,7,0
Konkan,Palghar,Palghar,Palghar,Mokhada,20028070,"MOKHADA TALUKA 58 VILLAGES R.R.W.S. SCHEME, TAL -MOKHADA",Pardhyachimet Poshera,435,1,0.00,0.00,0.00,0.00,0.00,0.00,0.00,0.00,0.00,0.00,0.00,0.00,0.00,0.00,15-Sep,16-Sep,17-Sep,18-Sep,19-Sep,20-Sep,21-Sep,15-Sep,16-Sep,17-Sep,18-Sep,19-Sep,20-Sep,21-Sep,7,7,0
Konkan,Ratnagiri,Ratnagiri,Ratnagiri,Chipalun,20017771,Ovali - Kalkavane - Valoti RR WSS,Dadar,330,1,0.00,0.00,0.00,0.00,0.00,0.00,0.00,0.00,0.03,0.01,0.00,0.00,0.00,0.02,15-Sep,16-Sep,17-Sep,18-Sep,19-Sep,20-Sep,21-Sep,15-Sep,16-Sep,17-Sep,18-Sep,19-Sep,20-Sep,21-Sep,4,7,0
Konkan,Palghar,Palghar,Palghar,Mokhada,20028070,"MOKHADA TALUKA 58 VILLAGES R.R.W.S. SCHEME, TAL -MOKHADA",Telu Umbarpada,789,1,0.00,0.00,0.37,0.00,0.32,0.01,0.36,0.00,0.00,46.28,0.04,40.56,1.24,45.43,15-Sep,16-Sep,17-Sep,18-Sep,19-Sep,20-Sep,21-Sep,15-Sep,16-Sep,17-Sep,18-Sep,19-Sep,20-Sep,21-Sep,2,7,0
Konkan,Panvel,Raigadh,Mangaon,Pen,20020563,Shahapada 38 Villages,Wadhav,6000,1,0.00,0.00,0.00,0.00,0.00,0.00,0.00,0.00,0.00,0.00,0.00,0.00,0.00,0.01,15-Sep,16-Sep,17-Sep,18-Sep,19-Sep,20-Sep,21-Sep,15-Sep,16-Sep,17-Sep,18-Sep,19-Sep,20-Sep,21-Sep,6,7,0
Konkan,Palghar,Palghar,Palghar,Mokhada,20028070,"MOKHADA TALUKA 58 VILLAGES R.R.W.S. SCHEME, TAL -MOKHADA",Madkyachimet Pimpalgaon,268,1,0.00,0.00,0.00,0.00,0.00,0.00,0.00,0.00,0.00,0.00,0.00,0.00,0.00,0.00,15-Sep,16-Sep,17-Sep,18-Sep,19-Sep,20-Sep,21-Sep,15-Sep,16-Sep,17-Sep,18-Sep,19-Sep,20-Sep,21-Sep,7,7,0
Konkan,Palghar,Palghar,Palghar,Dahanu,4918426,BADA POKHARAN RETROFITTING RPWSS,Asangaon Dandipada,688,2,0.00,2.78,2.02,3.06,0.19,0.29,2.42,0.00,404.49,294.16,444.97,27.59,41.67,351.81,15-Sep,16-Sep,17-Sep,18-Sep,19-Sep,20-Sep,21-Sep,15-Sep,16-Sep,17-Sep,18-Sep,19-Sep,20-Sep,21-Sep,1,3,4
Konkan,Palghar,Palghar,Palghar,Mokhada,20028070,"MOKHADA TALUKA 58 VILLAGES R.R.W.S. SCHEME, TAL -MOKHADA",Gaymukhpada Gonde BK,864,1,0.00,0.00,0.00,0.00,0.00,0.00,0.00,0.00,0.00,0.00,0.00,0.00,0.00,0.00,15-Sep,16-Sep,17-Sep,18-Sep,19-Sep,20-Sep,21-Sep,15-Sep,16-Sep,17-Sep,18-Sep,19-Sep,20-Sep,21-Sep,7,7,0
Konkan,Raigadh,Raigadh,Raigadh,Mangaon,20028626,"Warak Kushade Water Supply Scheme tal- Mnagaon, Dist-Raigad",Koshimbale,339,1,0.00,0.00,0.00,0.00,0.00,0.00,0.00,0.00,0.00,0.06,0.00,0.00,0.00,0.00,15-Sep,16-Sep,17-Sep,18-Sep,19-Sep,20-Sep,21-Sep,15-Sep,16-Sep,17-Sep,18-Sep,19-Sep,20-Sep,21-Sep,6,7,0
Konkan,Palghar,Palghar,Palghar,Mokhada,20028070,"MOKHADA TALUKA 58 VILLAGES R.R.W.S. SCHEME, TAL -MOKHADA",Pimplegoan,465,1,0.00,0.00,0.00,0.00,0.00,0.00,0.00,0.00,0.00,0.00,0.00,0.00,0.00,0.00,15-Sep,16-Sep,17-Sep,18-Sep,19-Sep,20-Sep,21-Sep,15-Sep,16-Sep,17-Sep,18-Sep,19-Sep,20-Sep,21-Sep,7,7,0
Konkan,Palghar,Palghar,Palghar,Mokhada,20028070,"MOKHADA TALUKA 58 VILLAGES R.R.W.S. SCHEME, TAL -MOKHADA",Wadachapada Saturly,632,1,0.17,0.04,0.26,0.29,0.10,0.09,0.12,27.48,6.78,40.66,45.63,16.21,14.85,18.40,15-Sep,16-Sep,17-Sep,18-Sep,19-Sep,20-Sep,21-Sep,15-Sep,16-Sep,17-Sep,18-Sep,19-Sep,20-Sep,21-Sep,0,7,0
Konkan,Palghar,Palghar,Palghar,Palghar,20017952,Padghe and 19 villages PWSS,Padghe,454,2,0.00,0.00,0.00,0.00,0.00,0.00,0.00,0.00,0.00,0.00,0.00,0.00,0.00,0.00,15-Sep,16-Sep,17-Sep,18-Sep,19-Sep,20-Sep,21-Sep,15-Sep,16-Sep,17-Sep,18-Sep,19-Sep,20-Sep,21-Sep,7,7,0
Konkan,Palghar,Palghar,Palghar,Mokhada,20028070,"MOKHADA TALUKA 58 VILLAGES R.R.W.S. SCHEME, TAL -MOKHADA",Gonde BK,1226,1,0.83,0.00,0.00,0.00,0.00,0.00,0.00,68.04,0.00,0.00,0.00,0.00,0.00,0.00,15-Sep,16-Sep,17-Sep,18-Sep,19-Sep,20-Sep,21-Sep,15-Sep,16-Sep,17-Sep,18-Sep,19-Sep,20-Sep,21-Sep,6,6,1
Konkan,Palghar,Palghar,Palghar,Dahanu,4918426,BADA POKHARAN RETROFITTING RPWSS,Matgaon,1282,2,1.11,2.43,2.80,0.84,2.80,3.39,1.99,86.87,189.58,218.61,65.64,218.37,264.32,155.23,15-Sep,16-Sep,17-Sep,18-Sep,19-Sep,20-Sep,21-Sep,15-Sep,16-Sep,17-Sep,18-Sep,19-Sep,20-Sep,21-Sep,0,0,7
Konkan,Palghar,Palghar,Palghar,Mokhada,20028070,"MOKHADA TALUKA 58 VILLAGES R.R.W.S. SCHEME, TAL -MOKHADA",Karegoan,907,1,0.00,0.00,0.00,0.39,0.00,0.00,0.00,0.00,0.01,0.00,42.60,0.00,0.00,0.00,15-Sep,16-Sep,17-Sep,18-Sep,19-Sep,20-Sep,21-Sep,15-Sep,16-Sep,17-Sep,18-Sep,19-Sep,20-Sep,21-Sep,5,7,0
Konkan,Raigadh,Raigadh,Raigadh,Mangaon,20028626,"Warak Kushade Water Supply Scheme tal- Mnagaon, Dist-Raigad",Kushede,555,1,0.00,0.00,0.00,0.00,0.01,0.00,0.00,0.00,0.31,0.00,0.00,1.89,0.42,0.00,15-Sep,16-Sep,17-Sep,18-Sep,19-Sep,20-Sep,21-Sep,15-Sep,16-Sep,17-Sep,18-Sep,19-Sep,20-Sep,21-Sep,4,7,0
Konkan,Palghar,Palghar,Palghar,Dahanu,4918426,BADA POKHARAN RETROFITTING RPWSS,Tadiyale,1490,1,0.00,0.00,0.00,0.00,0.00,0.00,0.00,0.00,0.00,0.00,0.00,0.00,0.00,0.00,15-Sep,16-Sep,17-Sep,18-Sep,19-Sep,20-Sep,21-Sep,15-Sep,16-Sep,17-Sep,18-Sep,19-Sep,20-Sep,21-Sep,7,7,0
Konkan,Palghar,Palghar,Palghar,Mokhada,20028070,"MOKHADA TALUKA 58 VILLAGES R.R.W.S. SCHEME, TAL -MOKHADA",Sonarwadi Koshimshet,209,1,0.00,0.00,0.00,0.00,0.00,0.00,0.00,0.00,0.01,0.04,0.00,0.00,0.00,0.00,15-Sep,16-Sep,17-Sep,18-Sep,19-Sep,20-Sep,21-Sep,15-Sep,16-Sep,17-Sep,18-Sep,19-Sep,20-Sep,21-Sep,5,7,0
Konkan,Panvel,Raigadh,Mangaon,Pen,20020563,Shahapada 38 Villages,Kashmire,2431,1,0.00,0.00,0.00,0.00,0.00,0.00,0.00,0.00,0.00,0.00,0.00,0.00,0.00,0.00,15-Sep,16-Sep,17-Sep,18-Sep,19-Sep,20-Sep,21-Sep,15-Sep,16-Sep,17-Sep,18-Sep,19-Sep,20-Sep,21-Sep,7,7,0
Konkan,Palghar,Palghar,Palghar,Mokhada,20028070,"MOKHADA TALUKA 58 VILLAGES R.R.W.S. SCHEME, TAL -MOKHADA",Kineste,1580,2,0.27,0.00,0.73,1.32,1.10,1.31,0.00,17.27,0.01,45.98,83.26,69.68,83.00,0.00,15-Sep,16-Sep,17-Sep,18-Sep,19-Sep,20-Sep,21-Sep,15-Sep,16-Sep,17-Sep,18-Sep,19-Sep,20-Sep,21-Sep,1,4,3
Konkan,Palghar,Palghar,Palghar,Mokhada,20028070,"MOKHADA TALUKA 58 VILLAGES R.R.W.S. SCHEME, TAL -MOKHADA",Chas,1003,1,0.00,0.00,0.00,0.00,0.00,0.00,0.00,0.00,0.03,0.00,0.00,0.00,0.00,0.00,15-Sep,16-Sep,17-Sep,18-Sep,19-Sep,20-Sep,21-Sep,15-Sep,16-Sep,17-Sep,18-Sep,19-Sep,20-Sep,21-Sep,6,7,0
Konkan,Palghar,Palghar,Palghar,Mokhada,20028070,"MOKHADA TALUKA 58 VILLAGES R.R.W.S. SCHEME, TAL -MOKHADA",Sakhari,818,1,0.00,0.00,0.00,0.00,0.00,0.00,0.00,0.00,0.00,0.00,0.00,0.00,0.00,0.00,15-Sep,16-Sep,17-Sep,18-Sep,19-Sep,20-Sep,21-Sep,15-Sep,16-Sep,17-Sep,18-Sep,19-Sep,20-Sep,21-Sep,7,7,0
Konkan,Palghar,Palghar,Palghar,Dahanu,4918426,BADA POKHARAN RETROFITTING RPWSS,Tanashi,1208,1,0.00,0.00,0.00,0.00,0.00,0.00,0.00,0.00,0.00,0.00,0.00,0.00,0.00,0.00,15-Sep,16-Sep,17-Sep,18-Sep,19-Sep,20-Sep,21-Sep,15-Sep,16-Sep,17-Sep,18-Sep,19-Sep,20-Sep,21-Sep,7,7,0
Konkan,Palghar,Palghar,Palghar,Mokhada,20028070,"MOKHADA TALUKA 58 VILLAGES R.R.W.S. SCHEME, TAL -MOKHADA",Pangripada Chas,669,1,0.00,0.00,0.00,0.00,0.00,0.00,0.00,0.00,0.00,0.00,0.00,0.00,0.00,0.00,15-Sep,16-Sep,17-Sep,18-Sep,19-Sep,20-Sep,21-Sep,15-Sep,16-Sep,17-Sep,18-Sep,19-Sep,20-Sep,21-Sep,7,7,0
Konkan,Palghar,Palghar,Palghar,Mokhada,20028070,"MOKHADA TALUKA 58 VILLAGES R.R.W.S. SCHEME, TAL -MOKHADA",Shivali,1267,1,0.44,0.00,0.00,0.00,0.00,0.00,0.00,34.94,0.00,0.00,0.00,0.00,0.00,0.00,15-Sep,16-Sep,17-Sep,18-Sep,19-Sep,20-Sep,21-Sep,15-Sep,16-Sep,17-Sep,18-Sep,19-Sep,20-Sep,21-Sep,6,7,0
Konkan,Palghar,Palghar,Palghar,Mokhada,20028070,"MOKHADA TALUKA 58 VILLAGES R.R.W.S. SCHEME, TAL -MOKHADA",Jogalwadi,799,1,0.40,0.00,0.64,1.48,0.76,1.87,0.36,50.32,0.00,79.50,185.53,94.60,233.57,44.47,15-Sep,16-Sep,17-Sep,18-Sep,19-Sep,20-Sep,21-Sep,15-Sep,16-Sep,17-Sep,18-Sep,19-Sep,20-Sep,21-Sep,1,3,4
Konkan,Palghar,Palghar,Palghar,Mokhada,20028070,"MOKHADA TALUKA 58 VILLAGES R.R.W.S. SCHEME, TAL -MOKHADA",Charangaon,669,1,0.00,0.00,0.00,0.00,0.00,0.00,0.00,0.00,0.00,0.00,0.00,0.00,0.00,0.00,15-Sep,16-Sep,17-Sep,18-Sep,19-Sep,20-Sep,21-Sep,15-Sep,16-Sep,17-Sep,18-Sep,19-Sep,20-Sep,21-Sep,7,7,0
Konkan,Palghar,Palghar,Palghar,Mokhada,20028070,"MOKHADA TALUKA 58 VILLAGES R.R.W.S. SCHEME, TAL -MOKHADA",Pawarpada Poshera,679,1,0.07,0.12,0.05,0.06,0.00,0.00,0.00,10.24,17.95,7.08,8.12,0.00,0.00,0.00,15-Sep,16-Sep,17-Sep,18-Sep,19-Sep,20-Sep,21-Sep,15-Sep,16-Sep,17-Sep,18-Sep,19-Sep,20-Sep,21-Sep,3,7,0
Konkan,Palghar,Palghar,Palghar,Dahanu,4918426,BADA POKHARAN RETROFITTING RPWSS,Wadhwan,1278,1,0.00,0.00,0.00,0.00,0.00,0.00,0.00,0.11,0.00,0.00,0.00,0.01,0.10,0.00,15-Sep,16-Sep,17-Sep,18-Sep,19-Sep,20-Sep,21-Sep,15-Sep,16-Sep,17-Sep,18-Sep,19-Sep,20-Sep,21-Sep,4,7,0
Konkan,Palghar,Palghar,Palghar,Dahanu,4918426,BADA POKHARAN RETROFITTING RPWSS,Kolavali- 1,1864,1,4.37,2.93,2.59,4.84,7.22,3.76,4.30,234.34,157.31,138.76,259.51,387.36,201.56,230.93,15-Sep,16-Sep,17-Sep,18-Sep,19-Sep,20-Sep,21-Sep,15-Sep,16-Sep,17-Sep,18-Sep,19-Sep,20-Sep,21-Sep,0,0,7
Konkan,Ratnagiri,Ratnagiri,Ratnagiri,Chipalun,20017771,Ovali - Kalkavane - Valoti RR WSS,Valoti,1024,3,0.00,0.00,0.00,0.00,0.00,0.00,0.00,0.00,0.00,0.00,0.00,0.00,0.00,0.00,15-Sep,16-Sep,17-Sep,18-Sep,19-Sep,20-Sep,21-Sep,15-Sep,16-Sep,17-Sep,18-Sep,19-Sep,20-Sep,21-Sep,7,7,0
Konkan,Palghar,Palghar,Palghar,Mokhada,20028070,"MOKHADA TALUKA 58 VILLAGES R.R.W.S. SCHEME, TAL -MOKHADA",Dhudgaon,1819,1,0.11,0.00,0.00,0.05,0.34,0.00,0.14,6.16,0.00,0.00,2.58,18.54,0.00,7.52,15-Sep,16-Sep,17-Sep,18-Sep,19-Sep,20-Sep,21-Sep,15-Sep,16-Sep,17-Sep,18-Sep,19-Sep,20-Sep,21-Sep,3,7,0
Konkan,Palghar,Palghar,Palghar,Mokhada,20028070,"MOKHADA TALUKA 58 VILLAGES R.R.W.S. SCHEME, TAL -MOKHADA",Pimpalpada Hirwe,655,1,0.00,0.00,0.00,0.00,0.00,0.00,0.00,0.00,0.00,0.00,0.00,0.00,0.00,0.00,15-Sep,16-Sep,17-Sep,18-Sep,19-Sep,20-Sep,21-Sep,15-Sep,16-Sep,17-Sep,18-Sep,19-Sep,20-Sep,21-Sep,7,7,0
Konkan,Ratnagiri,Ratnagiri,Ratnagiri,Chipalun,20017771,Ovali - Kalkavane - Valoti RR WSS,Kalkavane,900,4,0.00,0.00,0.00,0.00,0.00,0.00,0.00,0.00,0.00,0.00,0.00,0.00,0.00,0.00,15-Sep,16-Sep,17-Sep,18-Sep,19-Sep,20-Sep,21-Sep,15-Sep,16-Sep,17-Sep,18-Sep,19-Sep,20-Sep,21-Sep,7,7,0
Konkan,Palghar,Palghar,Palghar,Mokhada,20028070,"MOKHADA TALUKA 58 VILLAGES R.R.W.S. SCHEME, TAL -MOKHADA",Ambyachapada Saturly,205,1,0.00,0.00,0.00,0.00,0.00,0.00,0.00,0.00,0.00,0.00,0.00,0.00,0.16,0.00,15-Sep,16-Sep,17-Sep,18-Sep,19-Sep,20-Sep,21-Sep,15-Sep,16-Sep,17-Sep,18-Sep,19-Sep,20-Sep,21-Sep,6,7,0
Konkan,Palghar,Palghar,Palghar,Mokhada,20028070,"MOKHADA TALUKA 58 VILLAGES R.R.W.S. SCHEME, TAL -MOKHADA",Brahmagaon,1078,1,0.20,0.11,0.57,0.08,0.10,0.02,0.00,18.10,10.13,53.03,7.65,9.68,1.41,0.00,15-Sep,16-Sep,17-Sep,18-Sep,19-Sep,20-Sep,21-Sep,15-Sep,16-Sep,17-Sep,18-Sep,19-Sep,20-Sep,21-Sep,1,7,0
Konkan,Palghar,Palghar,Palghar,Mokhada,20028070,"MOKHADA TALUKA 58 VILLAGES R.R.W.S. SCHEME, TAL -MOKHADA",Morhande,1821,1,0.00,0.00,0.00,0.00,0.00,0.00,0.00,0.00,0.03,0.01,0.00,0.00,0.00,0.00,15-Sep,16-Sep,17-Sep,18-Sep,19-Sep,20-Sep,21-Sep,15-Sep,16-Sep,17-Sep,18-Sep,19-Sep,20-Sep,21-Sep,5,7,0
Konkan,Palghar,Palghar,Palghar,Mokhada,20028070,"MOKHADA TALUKA 58 VILLAGES R.R.W.S. SCHEME, TAL -MOKHADA",Kaduchiwadi,1215,1,0.00,0.00,0.00,0.00,0.00,0.00,0.00,0.00,0.00,0.00,0.00,0.00,0.00,0.00,15-Sep,16-Sep,17-Sep,18-Sep,19-Sep,20-Sep,21-Sep,15-Sep,16-Sep,17-Sep,18-Sep,19-Sep,20-Sep,21-Sep,7,7,0
Konkan,Palghar,Palghar,Palghar,Dahanu,4918426,BADA POKHARAN RETROFITTING RPWSS,Kambode,300,2,0.70,0.06,1.30,0.45,0.61,1.71,1.28,233.27,19.47,433.82,150.58,201.89,571.11,426.52,15-Sep,16-Sep,17-Sep,18-Sep,19-Sep,20-Sep,21-Sep,15-Sep,16-Sep,17-Sep,18-Sep,19-Sep,20-Sep,21-Sep,0,1,6
Konkan,Palghar,Palghar,Palghar,Dahanu,4918426,BADA POKHARAN RETROFITTING RPWSS,Tighare ada,1012,1,0.00,0.00,0.00,0.00,0.00,0.00,0.00,0.00,0.00,0.00,0.00,0.00,0.00,0.00,15-Sep,16-Sep,17-Sep,18-Sep,19-Sep,20-Sep,21-Sep,15-Sep,16-Sep,17-Sep,18-Sep,19-Sep,20-Sep,21-Sep,7,7,0
Konkan,Palghar,Palghar,Palghar,Dahanu,4918426,BADA POKHARAN RETROFITTING RPWSS,Gungavade,1328,1,2.12,1.29,0.69,0.89,0.07,0.56,1.82,159.99,96.94,52.08,66.73,5.22,42.49,136.95,15-Sep,16-Sep,17-Sep,18-Sep,19-Sep,20-Sep,21-Sep,15-Sep,16-Sep,17-Sep,18-Sep,19-Sep,20-Sep,21-Sep,0,3,4
Konkan,Panvel,Raigadh,Mangaon,Pen,20020563,Shahapada 38 Villages,Washinaka,2224,1,0.00,0.00,0.00,0.00,0.00,0.00,0.00,0.00,0.00,0.00,0.03,0.05,0.01,0.00,15-Sep,16-Sep,17-Sep,18-Sep,19-Sep,20-Sep,21-Sep,15-Sep,16-Sep,17-Sep,18-Sep,19-Sep,20-Sep,21-Sep,4,7,0
Konkan,Palghar,Palghar,Palghar,Dahanu,4918426,BADA POKHARAN RETROFITTING RPWSS,Ketkhadi,472,1,0.20,0.38,0.83,0.52,0.00,0.55,0.44,41.60,80.33,176.08,110.77,0.00,117.54,92.27,15-Sep,16-Sep,17-Sep,18-Sep,19-Sep,20-Sep,21-Sep,15-Sep,16-Sep,17-Sep,18-Sep,19-Sep,20-Sep,21-Sep,1,2,5
Konkan,Panvel,Raigadh,Mangaon,Pen,20020563,Shahapada 38 Villages,Kane,1503,1,0.00,0.00,0.00,0.00,0.00,0.00,0.00,0.08,0.00,0.28,0.09,0.08,0.21,0.00,15-Sep,16-Sep,17-Sep,18-Sep,19-Sep,20-Sep,21-Sep,15-Sep,16-Sep,17-Sep,18-Sep,19-Sep,20-Sep,21-Sep,2,7,0
Konkan,Palghar,Palghar,Palghar,Dahanu,4918426,BADA POKHARAN RETROFITTING RPWSS,Kapshi,1439,1,1.66,1.08,1.01,1.85,1.28,1.09,2.25,115.57,75.18,70.36,128.26,89.17,75.65,156.16,15-Sep,16-Sep,17-Sep,18-Sep,19-Sep,20-Sep,21-Sep,15-Sep,16-Sep,17-Sep,18-Sep,19-Sep,20-Sep,21-Sep,0,0,7
Konkan,Palghar,Palghar,Palghar,Mokhada,20028070,"MOKHADA TALUKA 58 VILLAGES R.R.W.S. SCHEME, TAL -MOKHADA",Udhale,1819,2,0.72,0.00,1.22,1.70,0.64,1.73,1.87,39.84,0.00,67.05,93.47,35.35,95.17,102.55,15-Sep,16-Sep,17-Sep,18-Sep,19-Sep,20-Sep,21-Sep,15-Sep,16-Sep,17-Sep,18-Sep,19-Sep,20-Sep,21-Sep,1,3,4
Konkan,Palghar,Palghar,Palghar,Mokhada,20028070,"MOKHADA TALUKA 58 VILLAGES R.R.W.S. SCHEME, TAL -MOKHADA",Osarvira,303,2,0.00,0.00,0.00,0.00,0.00,0.00,0.00,0.00,0.00,0.00,0.00,0.00,0.00,0.00,15-Sep,16-Sep,17-Sep,18-Sep,19-Sep,20-Sep,21-Sep,15-Sep,16-Sep,17-Sep,18-Sep,19-Sep,20-Sep,21-Sep,7,7,0
Konkan,Palghar,Palghar,Palghar,Mokhada,20028070,"MOKHADA TALUKA 58 VILLAGES R.R.W.S. SCHEME, TAL -MOKHADA",Palsunde,1338,1,0.00,0.00,0.00,0.00,0.00,0.00,0.00,0.00,0.00,0.00,0.00,0.00,0.00,0.00,15-Sep,16-Sep,17-Sep,18-Sep,19-Sep,20-Sep,21-Sep,15-Sep,16-Sep,17-Sep,18-Sep,19-Sep,20-Sep,21-Sep,7,7,0
Konkan,Palghar,Palghar,Palghar,Mokhada,20028070,"MOKHADA TALUKA 58 VILLAGES R.R.W.S. SCHEME, TAL -MOKHADA",Rest House Khodala,1287,1,0.00,0.00,0.00,0.00,0.00,0.00,0.00,0.00,0.05,0.00,0.00,0.00,0.00,0.00,15-Sep,16-Sep,17-Sep,18-Sep,19-Sep,20-Sep,21-Sep,15-Sep,16-Sep,17-Sep,18-Sep,19-Sep,20-Sep,21-Sep,6,7,0
Konkan,Palghar,Palghar,Palghar,Mokhada,20028070,"MOKHADA TALUKA 58 VILLAGES R.R.W.S. SCHEME, TAL -MOKHADA",Wakadpada,632,1,2.90,0.00,4.20,6.62,9.42,4.69,1.70,458.79,0.00,664.22,1048.14,1490.43,742.87,269.59,15-Sep,16-Sep,17-Sep,18-Sep,19-Sep,20-Sep,21-Sep,15-Sep,16-Sep,17-Sep,18-Sep,19-Sep,20-Sep,21-Sep,1,1,6
Konkan,Palghar,Palghar,Palghar,Mokhada,20028070,"MOKHADA TALUKA 58 VILLAGES R.R.W.S. SCHEME, TAL -MOKHADA",Ghodichapada Sakhari,275,1,0.00,0.00,0.00,0.00,0.00,0.00,0.00,0.01,0.01,0.46,0.11,0.01,0.33,0.00,15-Sep,16-Sep,17-Sep,18-Sep,19-Sep,20-Sep,21-Sep,15-Sep,16-Sep,17-Sep,18-Sep,19-Sep,20-Sep,21-Sep,1,7,0
Konkan,Palghar,Palghar,Palghar,Mokhada,20028070,"MOKHADA TALUKA 58 VILLAGES R.R.W.S. SCHEME, TAL -MOKHADA",Karol,390,1,0.00,0.00,0.00,0.00,0.00,0.00,0.00,0.00,0.00,0.00,0.00,0.00,0.00,0.00,15-Sep,16-Sep,17-Sep,18-Sep,19-Sep,20-Sep,21-Sep,15-Sep,16-Sep,17-Sep,18-Sep,19-Sep,20-Sep,21-Sep,7,7,0
Konkan,Raigadh,Raigadh,Raigadh,Mangaon,20028626,"Warak Kushade Water Supply Scheme tal- Mnagaon, Dist-Raigad",Warak,805,1,0.00,0.00,0.00,0.00,0.03,0.00,0.00,0.00,0.00,0.00,0.00,3.12,0.57,0.00,15-Sep,16-Sep,17-Sep,18-Sep,19-Sep,20-Sep,21-Sep,15-Sep,16-Sep,17-Sep,18-Sep,19-Sep,20-Sep,21-Sep,5,7,0
Konkan,Palghar,Palghar,Palghar,Dahanu,4918426,BADA POKHARAN RETROFITTING RPWSS,Bada Pokharan,1971,1,2.19,0.00,1.22,2.42,0.00,0.00,0.00,110.98,0.00,61.71,123.03,0.00,0.00,0.00,15-Sep,16-Sep,17-Sep,18-Sep,19-Sep,20-Sep,21-Sep,15-Sep,16-Sep,17-Sep,18-Sep,19-Sep,20-Sep,21-Sep,4,4,3
Konkan,Ratnagiri,Ratnagiri,Ratnagiri,Chipalun,20017771,Ovali - Kalkavane - Valoti RR WSS,Ovali,1211,1,0.00,0.00,0.00,0.00,0.00,0.00,0.00,0.00,0.00,0.00,0.00,0.00,0.00,0.00,15-Sep,16-Sep,17-Sep,18-Sep,19-Sep,20-Sep,21-Sep,15-Sep,16-Sep,17-Sep,18-Sep,19-Sep,20-Sep,21-Sep,7,7,0
Konkan,Palghar,Palghar,Palghar,Dahanu,4918426,BADA POKHARAN RETROFITTING RPWSS,Vangaon,7617,4,1.08,1.05,1.06,1.21,0.10,1.34,1.16,14.17,13.73,13.91,15.86,1.27,17.58,15.17,15-Sep,16-Sep,17-Sep,18-Sep,19-Sep,20-Sep,21-Sep,15-Sep,16-Sep,17-Sep,18-Sep,19-Sep,20-Sep,21-Sep,0,7,0
Konkan,Palghar,Palghar,Palghar,Dahanu,4918426,BADA POKHARAN RETROFITTING RPWSS,Dedale,149,1,0.00,0.00,0.00,0.00,0.00,0.00,0.00,0.00,0.00,0.00,0.00,0.00,0.00,0.00,15-Sep,16-Sep,17-Sep,18-Sep,19-Sep,20-Sep,21-Sep,15-Sep,16-Sep,17-Sep,18-Sep,19-Sep,20-Sep,21-Sep,7,7,0
Konkan,Palghar,Palghar,Palghar,Dahanu,4918426,BADA POKHARAN RETROFITTING RPWSS,Varor,4090,2,0.01,0.01,0.06,0.08,0.00,0.00,0.00,0.16,0.33,1.47,1.92,0.11,0.09,0.08,15-Sep,16-Sep,17-Sep,18-Sep,19-Sep,20-Sep,21-Sep,15-Sep,16-Sep,17-Sep,18-Sep,19-Sep,20-Sep,21-Sep,0,7,0
Konkan,Palghar,Palghar,Palghar,Mokhada,20028070,"MOKHADA TALUKA 58 VILLAGES R.R.W.S. SCHEME, TAL -MOKHADA",Wasala,1561,1,0.00,0.00,0.00,0.00,0.00,0.00,0.00,0.00,0.00,0.00,0.00,0.00,0.00,0.00,15-Sep,16-Sep,17-Sep,18-Sep,19-Sep,20-Sep,21-Sep,15-Sep,16-Sep,17-Sep,18-Sep,19-Sep,20-Sep,21-Sep,7,7,0
Konkan,Panvel,Raigadh,Mangaon,Khalapur,20028168,Devnhave water supply scheme,Devnhave,2160,3,0.00,0.00,0.00,0.00,0.00,0.00,0.00,0.00,0.00,0.00,0.00,0.00,0.00,0.00,15-Sep,16-Sep,17-Sep,18-Sep,19-Sep,20-Sep,21-Sep,15-Sep,16-Sep,17-Sep,18-Sep,19-Sep,20-Sep,21-Sep,7,7,0
Konkan,Palghar,Palghar,Palghar,Mokhada,20028070,"MOKHADA TALUKA 58 VILLAGES R.R.W.S. SCHEME, TAL -MOKHADA",Aase,1765,1,0.52,0.53,0.69,0.00,1.03,0.48,0.45,29.34,29.98,38.95,0.00,58.13,27.07,25.35,15-Sep,16-Sep,17-Sep,18-Sep,19-Sep,20-Sep,21-Sep,15-Sep,16-Sep,17-Sep,18-Sep,19-Sep,20-Sep,21-Sep,1,6,1
Konkan,Palghar,Palghar,Palghar,Mokhada,20028070,"MOKHADA TALUKA 58 VILLAGES R.R.W.S. SCHEME, TAL -MOKHADA",Khasti,107,2,0.00,0.00,0.00,0.00,0.00,0.00,0.00,0.00,0.00,0.08,0.00,0.00,0.00,0.00,15-Sep,16-Sep,17-Sep,18-Sep,19-Sep,20-Sep,21-Sep,15-Sep,16-Sep,17-Sep,18-Sep,19-Sep,20-Sep,21-Sep,6,7,0
Konkan,Raigadh,Raigadh,Raigadh,Karjat,20028195,"Kadav water supply scheme, Tal. Karjat Dist. Raigad",Kadav,2490,1,0.00,0.00,0.00,0.00,0.00,0.00,0.00,0.00,0.01,0.03,0.00,0.00,0.00,0.00,15-Sep,16-Sep,17-Sep,18-Sep,19-Sep,20-Sep,21-Sep,15-Sep,16-Sep,17-Sep,18-Sep,19-Sep,20-Sep,21-Sep,5,7,0
Konkan,Palghar,Palghar,Palghar,Dahanu,4918426,BADA POKHARAN RETROFITTING RPWSS,Chinchani,4890,4,0.37,20.80,1.81,24.87,6.79,0.00,25.23,7.50,425.31,37.10,508.56,138.89,0.00,515.85,15-Sep,16-Sep,17-Sep,18-Sep,19-Sep,20-Sep,21-Sep,15-Sep,16-Sep,17-Sep,18-Sep,19-Sep,20-Sep,21-Sep,1,3,4
Konkan,Palghar,Palghar,Palghar,Mokhada,20028070,"MOKHADA TALUKA 58 VILLAGES R.R.W.S. SCHEME, TAL -MOKHADA",Sadakwadi Koshimshet,1375,1,0.00,0.00,0.00,0.00,0.00,0.00,0.00,0.01,0.00,0.00,0.00,0.00,0.00,0.00,15-Sep,16-Sep,17-Sep,18-Sep,19-Sep,20-Sep,21-Sep,15-Sep,16-Sep,17-Sep,18-Sep,19-Sep,20-Sep,21-Sep,6,7,0
Konkan,Palghar,Palghar,Palghar,Dahanu,4918426,BADA POKHARAN RETROFITTING RPWSS,Bavade,545,1,0.69,0.12,0.32,1.10,0.68,0.19,0.00,127.04,21.38,59.53,202.17,125.07,34.01,0.00,15-Sep,16-Sep,17-Sep,18-Sep,19-Sep,20-Sep,21-Sep,15-Sep,16-Sep,17-Sep,18-Sep,19-Sep,20-Sep,21-Sep,1,3,4
Konkan,Palghar,Palghar,Palghar,Mokhada,20028070,"MOKHADA TALUKA 58 VILLAGES R.R.W.S. SCHEME, TAL -MOKHADA",Ghanwal,296,1,0.00,0.00,0.00,0.00,0.00,0.00,0.00,0.00,0.07,0.00,0.00,0.49,0.00,0.00,15-Sep,16-Sep,17-Sep,18-Sep,19-Sep,20-Sep,21-Sep,15-Sep,16-Sep,17-Sep,18-Sep,19-Sep,20-Sep,21-Sep,5,7,0
Konkan,Palghar,Palghar,Palghar,Mokhada,20028070,"MOKHADA TALUKA 58 VILLAGES R.R.W.S. SCHEME, TAL -MOKHADA",Vashind,671,1,0.29,0.00,0.21,0.24,0.18,0.21,0.00,43.30,0.29,30.65,35.32,26.46,31.87,0.00,15-Sep,16-Sep,17-Sep,18-Sep,19-Sep,20-Sep,21-Sep,15-Sep,16-Sep,17-Sep,18-Sep,19-Sep,20-Sep,21-Sep,1,7,0
Konkan,Palghar,Palghar,Palghar,Mokhada,20028070,"MOKHADA TALUKA 58 VILLAGES R.R.W.S. SCHEME, TAL -MOKHADA",Botoshi,3730,4,0.09,0.00,0.89,0.11,1.22,0.10,0.16,2.43,0.02,23.98,3.04,32.59,2.71,4.24,15-Sep,16-Sep,17-Sep,18-Sep,19-Sep,20-Sep,21-Sep,15-Sep,16-Sep,17-Sep,18-Sep,19-Sep,20-Sep,21-Sep,0,7,0
Konkan,Thane,Thane,Thane,Kalyan,20092478,Retrofiting of Gotheghar Dahisar R.R. Water Supply Scheme,Bale,2236,1,0.00,0.00,0.00,0.00,0.00,0.00,0.00,0.00,0.00,0.00,0.00,0.00,0.00,0.00,15-Sep,16-Sep,17-Sep,18-Sep,19-Sep,20-Sep,21-Sep,15-Sep,16-Sep,17-Sep,18-Sep,19-Sep,20-Sep,21-Sep,7,7,0
Konkan,Thane,Thane,Palghar,Dahanu,20047871, Modgaon & Tornipada RWSS,Navapada,812,1,0.00,0.00,0.00,0.00,0.00,0.00,0.00,0.00,0.00,0.00,0.00,0.00,0.00,0.00,15-Sep,16-Sep,17-Sep,18-Sep,19-Sep,20-Sep,21-Sep,15-Sep,16-Sep,17-Sep,18-Sep,19-Sep,20-Sep,21-Sep,7,7,0
Konkan,Raigadh,Raigadh,Raigadh,Mangaon,20028626,"Warak Kushade Water Supply Scheme tal- Mnagaon, Dist-Raigad",Vighavli,816,1,0.00,0.00,0.00,0.00,0.00,0.00,0.00,0.00,0.00,0.04,0.00,0.00,0.00,0.00,15-Sep,16-Sep,17-Sep,18-Sep,19-Sep,20-Sep,21-Sep,15-Sep,16-Sep,17-Sep,18-Sep,19-Sep,20-Sep,21-Sep,6,7,0
Konkan,Palghar,Palghar,Palghar,Dahanu,4918426,BADA POKHARAN RETROFITTING RPWSS,Pokharan,621,1,0.00,0.00,0.00,0.00,0.00,0.00,0.00,0.00,0.00,0.00,0.00,0.00,0.00,0.00,15-Sep,16-Sep,17-Sep,18-Sep,19-Sep,20-Sep,21-Sep,15-Sep,16-Sep,17-Sep,18-Sep,19-Sep,20-Sep,21-Sep,7,7,0
Konkan,Palghar,Palghar,Palghar,Palghar,20017952,Padghe and 19 villages PWSS,Devkhop,477,1,0.00,0.00,0.00,0.00,0.00,0.00,0.00,0.00,0.00,0.00,0.00,0.00,0.00,0.00,15-Sep,16-Sep,17-Sep,18-Sep,19-Sep,20-Sep,21-Sep,15-Sep,16-Sep,17-Sep,18-Sep,19-Sep,20-Sep,21-Sep,7,7,0
Konkan,Palghar,Palghar,Palghar,Mokhada,20028070,"MOKHADA TALUKA 58 VILLAGES R.R.W.S. SCHEME, TAL -MOKHADA",Hattipada Chas,257,1,0.00,0.00,0.00,0.00,0.00,0.00,0.00,0.00,0.00,0.00,0.00,0.93,0.00,0.00,15-Sep,16-Sep,17-Sep,18-Sep,19-Sep,20-Sep,21-Sep,15-Sep,16-Sep,17-Sep,18-Sep,19-Sep,20-Sep,21-Sep,6,7,0
Konkan,Palghar,Palghar,Palghar,Mokhada,20028070,"MOKHADA TALUKA 58 VILLAGES R.R.W.S. SCHEME, TAL -MOKHADA",Dolhare,2106,2,0.00,0.00,0.00,0.00,0.00,0.00,0.00,0.00,0.00,0.00,0.00,0.00,0.00,0.00,15-Sep,16-Sep,17-Sep,18-Sep,19-Sep,20-Sep,21-Sep,15-Sep,16-Sep,17-Sep,18-Sep,19-Sep,20-Sep,21-Sep,7,7,0
Konkan,Palghar,Palghar,Palghar,Mokhada,20028070,"MOKHADA TALUKA 58 VILLAGES R.R.W.S. SCHEME, TAL -MOKHADA",Dongarwadi,542,1,0.00,0.00,0.12,0.19,0.21,0.22,0.38,0.00,0.06,22.42,34.17,38.04,41.03,69.29,15-Sep,16-Sep,17-Sep,18-Sep,19-Sep,20-Sep,21-Sep,15-Sep,16-Sep,17-Sep,18-Sep,19-Sep,20-Sep,21-Sep,1,6,1
Konkan,Palghar,Palghar,Palghar,Dahanu,4918426,BADA POKHARAN RETROFITTING RPWSS,Sawarai,619,2,0.63,0.03,1.35,0.79,0.74,1.42,0.87,101.17,5.14,218.50,128.29,120.28,228.81,140.10,15-Sep,16-Sep,17-Sep,18-Sep,19-Sep,20-Sep,21-Sep,15-Sep,16-Sep,17-Sep,18-Sep,19-Sep,20-Sep,21-Sep,0,1,6
Konkan,Thane,Thane,Palghar,Dahanu,20047871, Modgaon & Tornipada RWSS,Savarpada,830,1,0.68,5.79,4.05,0.87,3.12,7.00,5.93,82.17,697.98,487.96,104.66,375.56,843.77,714.88,15-Sep,16-Sep,17-Sep,18-Sep,19-Sep,20-Sep,21-Sep,15-Sep,16-Sep,17-Sep,18-Sep,19-Sep,20-Sep,21-Sep,0,0,7
Konkan,Palghar,Palghar,Palghar,Dahanu,4918426,BADA POKHARAN RETROFITTING RPWSS,Wadhavan,1278,1,0.00,0.00,0.00,0.00,0.00,0.00,0.00,0.00,0.00,0.00,0.03,0.00,0.00,0.00,15-Sep,16-Sep,17-Sep,18-Sep,19-Sep,20-Sep,21-Sep,15-Sep,16-Sep,17-Sep,18-Sep,19-Sep,20-Sep,21-Sep,6,7,0
Konkan,Palghar,Palghar,Palghar,Dahanu,4918426,BADA POKHARAN RETROFITTING RPWSS,Kotim,316,1,0.99,0.00,0.11,2.68,0.06,0.00,3.52,313.57,0.00,33.58,849.66,20.09,0.26,1112.64,15-Sep,16-Sep,17-Sep,18-Sep,19-Sep,20-Sep,21-Sep,15-Sep,16-Sep,17-Sep,18-Sep,19-Sep,20-Sep,21-Sep,1,4,3
Konkan,Palghar,Palghar,Palghar,Mokhada,20028070,"MOKHADA TALUKA 58 VILLAGES R.R.W.S. SCHEME, TAL -MOKHADA",Shirson,904,1,0.00,0.00,0.00,0.00,0.00,0.00,0.00,0.00,0.00,0.00,0.00,0.00,0.00,0.00,15-Sep,16-Sep,17-Sep,18-Sep,19-Sep,20-Sep,21-Sep,15-Sep,16-Sep,17-Sep,18-Sep,19-Sep,20-Sep,21-Sep,7,7,0
Konkan,Palghar,Palghar,Palghar,Mokhada,20028070,"MOKHADA TALUKA 58 VILLAGES R.R.W.S. SCHEME, TAL -MOKHADA",Umbarpada Beriste,799,1,0.00,0.00,0.00,0.00,0.00,0.06,0.43,0.00,0.00,0.00,0.17,0.00,7.23,54.36,15-Sep,16-Sep,17-Sep,18-Sep,19-Sep,20-Sep,21-Sep,15-Sep,16-Sep,17-Sep,18-Sep,19-Sep,20-Sep,21-Sep,4,7,0
Konkan,Palghar,Palghar,Palghar,Mokhada,20028070,"MOKHADA TALUKA 58 VILLAGES R.R.W.S. SCHEME, TAL -MOKHADA",Gomghar,200,1,0.73,0.02,0.27,1.35,0.35,1.05,0.39,365.31,9.21,136.80,672.50,175.01,522.63,193.47,15-Sep,16-Sep,17-Sep,18-Sep,19-Sep,20-Sep,21-Sep,15-Sep,16-Sep,17-Sep,18-Sep,19-Sep,20-Sep,21-Sep,0,1,6
Konkan,Palghar,Palghar,Palghar,Dahanu,4918426,BADA POKHARAN RETROFITTING RPWSS,Asangaon,2246,1,2.78,2.67,2.16,1.49,4.32,4.87,3.53,123.57,119.05,96.09,66.30,192.53,216.88,157.03,15-Sep,16-Sep,17-Sep,18-Sep,19-Sep,20-Sep,21-Sep,15-Sep,16-Sep,17-Sep,18-Sep,19-Sep,20-Sep,21-Sep,0,0,7
Konkan,Palghar,Palghar,Palghar,Dahanu,4918426,BADA POKHARAN RETROFITTING RPWSS,Dhakti Dahanu,5483,2,3.55,2.34,2.78,3.03,1.01,1.53,2.81,64.80,42.59,50.79,55.25,18.36,27.88,51.23,15-Sep,16-Sep,17-Sep,18-Sep,19-Sep,20-Sep,21-Sep,15-Sep,16-Sep,17-Sep,18-Sep,19-Sep,20-Sep,21-Sep,0,5,2
Konkan,Palghar,Palghar,Palghar,Dahanu,4918426,BADA POKHARAN RETROFITTING RPWSS,Vasgaon,1396,1,2.02,0.40,0.72,0.66,1.85,0.40,0.74,144.39,28.66,51.27,47.61,132.80,28.98,52.72,15-Sep,16-Sep,17-Sep,18-Sep,19-Sep,20-Sep,21-Sep,15-Sep,16-Sep,17-Sep,18-Sep,19-Sep,20-Sep,21-Sep,0,5,2
Konkan,Palghar,Palghar,Palghar,Mokhada,20028070,"MOKHADA TALUKA 58 VILLAGES R.R.W.S. SCHEME, TAL -MOKHADA",Nashera,1611,3,0.00,0.00,0.00,0.00,0.00,0.00,0.00,0.00,0.00,0.00,0.00,0.00,0.00,0.00,15-Sep,16-Sep,17-Sep,18-Sep,19-Sep,20-Sep,21-Sep,15-Sep,16-Sep,17-Sep,18-Sep,19-Sep,20-Sep,21-Sep,7,7,0
Konkan,Palghar,Palghar,Palghar,Mokhada,20028070,"MOKHADA TALUKA 58 VILLAGES R.R.W.S. SCHEME, TAL -MOKHADA",Khoch,855,1,0.00,0.00,0.00,0.03,0.00,0.00,0.00,0.00,0.00,0.00,3.38,0.01,0.01,0.00,15-Sep,16-Sep,17-Sep,18-Sep,19-Sep,20-Sep,21-Sep,15-Sep,16-Sep,17-Sep,18-Sep,19-Sep,20-Sep,21-Sep,4,7,0
Konkan,Palghar,Palghar,Palghar,Mokhada,20028070,"MOKHADA TALUKA 58 VILLAGES R.R.W.S. SCHEME, TAL -MOKHADA",Kalamgoan,245,1,0.00,0.00,0.00,0.00,0.00,0.00,0.00,0.00,0.00,0.00,0.00,0.00,0.00,0.00,15-Sep,16-Sep,17-Sep,18-Sep,19-Sep,20-Sep,21-Sep,15-Sep,16-Sep,17-Sep,18-Sep,19-Sep,20-Sep,21-Sep,7,7,0
Konkan,Palghar,Palghar,Palghar,Mokhada,20028070,"MOKHADA TALUKA 58 VILLAGES R.R.W.S. SCHEME, TAL -MOKHADA",Rajewadi Jogalwadi,465,1,0.25,0.00,0.24,0.57,0.19,0.32,0.79,53.44,0.00,51.62,121.84,40.22,68.55,169.18,15-Sep,16-Sep,17-Sep,18-Sep,19-Sep,20-Sep,21-Sep,15-Sep,16-Sep,17-Sep,18-Sep,19-Sep,20-Sep,21-Sep,1,4,3
Konkan,Palghar,Palghar,Palghar,Mokhada,20028070,"MOKHADA TALUKA 58 VILLAGES R.R.W.S. SCHEME, TAL -MOKHADA",Saturly,1664,1,0.00,0.00,0.45,0.04,0.00,0.00,0.00,0.00,0.00,26.88,2.26,0.00,0.00,0.00,15-Sep,16-Sep,17-Sep,18-Sep,19-Sep,20-Sep,21-Sep,15-Sep,16-Sep,17-Sep,18-Sep,19-Sep,20-Sep,21-Sep,5,7,0
Konkan,Palghar,Palghar,Palghar,Dahanu,4918426,BADA POKHARAN RETROFITTING RPWSS,Dhumket,2198,1,0.00,2.52,2.42,2.43,1.91,2.71,2.06,0.00,114.80,110.05,110.75,86.86,123.48,93.85,15-Sep,16-Sep,17-Sep,18-Sep,19-Sep,20-Sep,21-Sep,15-Sep,16-Sep,17-Sep,18-Sep,19-Sep,20-Sep,21-Sep,1,1,6
Konkan,Palghar,Palghar,Palghar,Dahanu,4918426,BADA POKHARAN RETROFITTING RPWSS,Tarapur,6238,1,0.00,0.00,0.00,0.00,0.00,0.00,0.00,0.00,0.00,0.00,0.00,0.00,0.00,0.00,15-Sep,16-Sep,17-Sep,18-Sep,19-Sep,20-Sep,21-Sep,15-Sep,16-Sep,17-Sep,18-Sep,19-Sep,20-Sep,21-Sep,7,7,0
Konkan,Thane,Thane,Palghar,Dahanu,20047871, Modgaon & Tornipada RWSS,Janasawarpada,241,1,0.00,0.00,0.00,0.00,0.00,0.00,0.00,0.00,0.00,0.00,0.00,0.00,0.00,0.00,15-Sep,16-Sep,17-Sep,18-Sep,19-Sep,20-Sep,21-Sep,15-Sep,16-Sep,17-Sep,18-Sep,19-Sep,20-Sep,21-Sep,7,7,0
Konkan,Palghar,Palghar,Palghar,Mokhada,20028070,"MOKHADA TALUKA 58 VILLAGES R.R.W.S. SCHEME, TAL -MOKHADA",Poshera,3308,1,0.00,0.00,0.00,0.00,0.00,0.00,0.00,0.00,0.00,0.00,0.00,0.00,0.00,0.00,15-Sep,16-Sep,17-Sep,18-Sep,19-Sep,20-Sep,21-Sep,15-Sep,16-Sep,17-Sep,18-Sep,19-Sep,20-Sep,21-Sep,7,7,0
Konkan,Thane,Thane,Palghar,Dahanu,20047871, Modgaon & Tornipada RWSS,Andherpada,1320,1,0.00,0.00,0.00,0.00,0.00,0.00,0.00,0.00,0.00,0.00,0.00,0.00,0.00,0.00,15-Sep,16-Sep,17-Sep,18-Sep,19-Sep,20-Sep,21-Sep,15-Sep,16-Sep,17-Sep,18-Sep,19-Sep,20-Sep,21-Sep,7,7,0
Konkan,Palghar,Palghar,Palghar,Mokhada,20028070,"MOKHADA TALUKA 58 VILLAGES R.R.W.S. SCHEME, TAL -MOKHADA",Nilmati,855,1,0.26,0.09,0.37,0.31,0.34,0.41,0.25,30.15,10.09,42.77,35.76,39.65,48.42,28.88,15-Sep,16-Sep,17-Sep,18-Sep,19-Sep,20-Sep,21-Sep,15-Sep,16-Sep,17-Sep,18-Sep,19-Sep,20-Sep,21-Sep,0,7,0
Konkan,Panvel,Raigadh,Mangaon,Pen,20020563,Shahapada 38 Villages,Shirki,2237,1,0.00,0.00,0.00,0.00,0.00,0.00,0.00,0.00,0.00,0.00,0.00,0.00,0.00,0.00,15-Sep,16-Sep,17-Sep,18-Sep,19-Sep,20-Sep,21-Sep,15-Sep,16-Sep,17-Sep,18-Sep,19-Sep,20-Sep,21-Sep,7,7,0
Konkan,Palghar,Palghar,Palghar,Mokhada,20028070,"MOKHADA TALUKA 58 VILLAGES R.R.W.S. SCHEME, TAL -MOKHADA",Kengwadi Kodala,338,1,0.00,0.00,0.00,0.00,0.00,0.00,0.00,0.00,0.00,0.00,0.00,0.00,0.00,0.00,15-Sep,16-Sep,17-Sep,18-Sep,19-Sep,20-Sep,21-Sep,15-Sep,16-Sep,17-Sep,18-Sep,19-Sep,20-Sep,21-Sep,7,7,0
Konkan,Palghar,Palghar,Palghar,Palghar,20017952,Padghe and 19 villages PWSS,Tokrepada,264,1,0.00,0.00,0.00,0.00,0.00,0.00,0.00,0.00,0.00,0.00,0.00,0.00,0.00,0.00,15-Sep,16-Sep,17-Sep,18-Sep,19-Sep,20-Sep,21-Sep,15-Sep,16-Sep,17-Sep,18-Sep,19-Sep,20-Sep,21-Sep,7,7,0
Konkan,Palghar,Palghar,Palghar,Mokhada,20028070,"MOKHADA TALUKA 58 VILLAGES R.R.W.S. SCHEME, TAL -MOKHADA",Sayade,541,2,0.00,0.00,0.00,0.00,0.00,0.00,0.00,0.00,0.06,0.07,0.00,0.00,0.00,0.00,15-Sep,16-Sep,17-Sep,18-Sep,19-Sep,20-Sep,21-Sep,15-Sep,16-Sep,17-Sep,18-Sep,19-Sep,20-Sep,21-Sep,5,7,0
Konkan,Palghar,Palghar,Palghar,Dahanu,4918426,BADA POKHARAN RETROFITTING RPWSS,Gowane,2872,1,1.52,4.35,5.91,4.30,0.15,4.29,8.01,52.79,151.54,205.71,149.86,5.29,149.39,278.76,15-Sep,16-Sep,17-Sep,18-Sep,19-Sep,20-Sep,21-Sep,15-Sep,16-Sep,17-Sep,18-Sep,19-Sep,20-Sep,21-Sep,0,2,5
Konkan,Palghar,Palghar,Palghar,Dahanu,4918426,BADA POKHARAN RETROFITTING RPWSS,Chandigaon,1352,1,1.63,1.86,2.82,1.77,0.00,1.48,2.03,120.35,137.22,208.66,131.10,0.00,109.60,149.79,15-Sep,16-Sep,17-Sep,18-Sep,19-Sep,20-Sep,21-Sep,15-Sep,16-Sep,17-Sep,18-Sep,19-Sep,20-Sep,21-Sep,1,1,6
