Amravati,Amravati,Amravati W.M,W.M.Amravati - 2,Chandur Bazar,20003791,105 Villages RRWSS,Krishnapur,1029,1,1.89,1.55,1.72,1.7,1.58,1.73,177.84,183.67,150.63,167.15,165.21,153.55,168.12,04-Jun,05-Jun,06-Jun,07-Jun,08-Jun,09-Jun,03-Jun,04-Jun,05-Jun,06-Jun,07-Jun,08-Jun,09-Jun,0,0,7
Amravati,Amravati,Amravati W.M,W.M.Amravati - 2,Chandur Bazar,20003791,105 Villages RRWSS,Lasanapur,0,1,1.76,1.66,1.62,1.58,1.77,1.73,0,0,0,0,0,0,0,04-Jun,05-Jun,06-Jun,07-Jun,08-Jun,09-Jun,03-Jun,04-Jun,05-Jun,06-Jun,07-Jun,08-Jun,09-Jun,7,7,0
Amravati,Amravati,Amravati,Achalpur,Chandur Bazar,7945938,83 Village RRWS Scheme MJP RR (C 39),Khel Sakharam (Kurha),119,1,0.13,5.97,0.01,0.02,0.69,0.62,9176.47,109.24,5016.81,8.4,16.81,579.83,521.01,04-Jun,05-Jun,06-Jun,07-Jun,08-Jun,09-Jun,03-Jun,04-Jun,05-Jun,06-Jun,07-Jun,08-Jun,09-Jun,0,2,5
Amravati,Amravati,Amravati,Achalpur,Chandur Bazar,7945938,83 Village RRWS Scheme MJP RR (C 39),Khel Choudhar,1350,1,0,0,0,0,0,0,0,0,0,0,0,0,0,04-Jun,05-Jun,06-Jun,07-Jun,08-Jun,09-Jun,03-Jun,04-Jun,05-Jun,06-Jun,07-Jun,08-Jun,09-Jun,7,7,0
Amravati,Amravati,Amravati W.M,W.M.Amravati - 2,Amravati,20003791,105 Villages RRWSS,Selora,1555,1,1.03,0.97,1.36,0.84,0.94,1.06,82.96,66.24,62.38,87.46,54.02,60.45,68.17,04-Jun,05-Jun,06-Jun,07-Jun,08-Jun,09-Jun,03-Jun,04-Jun,05-Jun,06-Jun,07-Jun,08-Jun,09-Jun,0,1,6
Amravati,Amravati,Amravati W.M,W.M.Amravati - 2,Amravati,20003791,105 Villages RRWSS,Sayat,2238,5,0.05,0.81,1.11,1.75,1.42,0,0,2.23,36.19,49.6,78.19,63.45,0,04-Jun,05-Jun,06-Jun,07-Jun,08-Jun,09-Jun,03-Jun,04-Jun,05-Jun,06-Jun,07-Jun,08-Jun,09-Jun,2,5,2
Amravati,Amravati,Amravati W.M,W.M.Amravati - 2,Amravati,20003791,105 Villages RRWSS,Saur,3880,1,1.92,1.24,1.9,2.05,1.55,1.24,27.06,49.48,31.96,48.97,52.84,39.95,31.96,04-Jun,05-Jun,06-Jun,07-Jun,08-Jun,09-Jun,03-Jun,04-Jun,05-Jun,06-Jun,07-Jun,08-Jun,09-Jun,0,7,0
Amravati,Amravati,Amravati,Achalpur,Chandur Bazar,7945938,83 Village RRWS Scheme MJP RR (C 39),Kondwardha,235,1,1.09,1.39,1.14,1.39,1.13,1.53,608.51,463.83,591.49,485.11,591.49,480.85,651.06,04-Jun,05-Jun,06-Jun,07-Jun,08-Jun,09-Jun,03-Jun,04-Jun,05-Jun,06-Jun,07-Jun,08-Jun,09-Jun,0,0,7
Amravati,Amravati,Amravati,Achalpur,Achalpur,7945938,83 Village RRWS Scheme MJP RR (C 39),Kolha,419,2,0,0,0,0,0,0,0,0,0,0,0,0,0,04-Jun,05-Jun,06-Jun,07-Jun,08-Jun,09-Jun,03-Jun,04-Jun,05-Jun,06-Jun,07-Jun,08-Jun,09-Jun,7,7,0
Amravati,Amravati,Amravati,Achalpur,Achalpur,7945938,83 Village RRWS Scheme MJP RR (C 39),Tuljapur jahagir,96,1,No Data,No Data,No Data,No Data,No Data,0,No Data,No Data,No Data,No Data,No Data,No Data,0,04-Jun,05-Jun,06-Jun,07-Jun,08-Jun,09-Jun,03-Jun,04-Jun,05-Jun,06-Jun,07-Jun,08-Jun,09-Jun,1,1,0
Amravati,Akola,Buldhana,Khamgaon,Nandura,20028083,Wadali & 8 Villages RRWSS,Wasadi,792,2,0,0,0,0,0,0,0,0,0,0,0,0,0,04-Jun,05-Jun,06-Jun,07-Jun,08-Jun,09-Jun,03-Jun,04-Jun,05-Jun,06-Jun,07-Jun,08-Jun,09-Jun,7,7,0
Amravati,Akola,Buldhana,Khamgaon,Nandura,20028083,Wadali & 8 Villages RRWSS,Wadali,1192,2,0.14,0.14,0.14,0.13,0.13,0.11,13.32,11.77,11.81,11.52,11.27,11.31,9.58,04-Jun,05-Jun,06-Jun,07-Jun,08-Jun,09-Jun,03-Jun,04-Jun,05-Jun,06-Jun,07-Jun,08-Jun,09-Jun,0,7,0
Amravati,Akola,Buldhana,Khamgaon,Nandura,20028083,Wadali & 8 Villages RRWSS,Muramba,596,2,0.07,0,0,0,0.64,0.6,85.63,11.53,0,0,0,108.1,100.33,04-Jun,05-Jun,06-Jun,07-Jun,08-Jun,09-Jun,03-Jun,04-Jun,05-Jun,06-Jun,07-Jun,08-Jun,09-Jun,2,4,3
Amravati,Akola,Buldhana,Khamgaon,Nandura,20028083,Wadali & 8 Villages RRWSS,Khatkhed,581,1,0,0,0,0,0,0,0,0,0,0,0,0,0,04-Jun,05-Jun,06-Jun,07-Jun,08-Jun,09-Jun,03-Jun,04-Jun,05-Jun,06-Jun,07-Jun,08-Jun,09-Jun,7,7,0
Amravati,Akola,Buldhana,Khamgaon,Nandura,20028083,Wadali & 8 Villages RRWSS,Pimpalkuta Dhande,912,2,0.16,1.21,1.26,1.05,0.11,1.18,104.38,17.35,132.46,138.3,115,12.17,129.69,04-Jun,05-Jun,06-Jun,07-Jun,08-Jun,09-Jun,03-Jun,04-Jun,05-Jun,06-Jun,07-Jun,08-Jun,09-Jun,0,2,5
Amravati,Akola,Buldhana,Khamgaon,Nandura,20028083,Wadali & 8 Villages RRWSS,Barafgaon,480,3,0.75,0.38,0.52,0,0.76,0.96,112.99,156.15,79.42,108.08,0,159.33,200.39,04-Jun,05-Jun,06-Jun,07-Jun,08-Jun,09-Jun,03-Jun,04-Jun,05-Jun,06-Jun,07-Jun,08-Jun,09-Jun,1,1,6
Amravati,Amravati,Amravati W.M,W.M.Amravati - 2,Amravati,20003791,105 Villages RRWSS,Shirajgaon,1491,6,6.22,7.48,6.63,7.77,6.55,7.67,503.69,417.17,501.68,444.67,521.13,439.3,514.42,04-Jun,05-Jun,06-Jun,07-Jun,08-Jun,09-Jun,03-Jun,04-Jun,05-Jun,06-Jun,07-Jun,08-Jun,09-Jun,0,0,7
Amravati,Amravati,Amravati W.M,W.M.Amravati - 2,Amravati,20003791,105 Villages RRWSS,Shirala,10390,6,2.05,1.03,2.52,1.94,2.39,2.46,27.05,19.73,9.91,24.25,18.67,23,23.68,04-Jun,05-Jun,06-Jun,07-Jun,08-Jun,09-Jun,03-Jun,04-Jun,05-Jun,06-Jun,07-Jun,08-Jun,09-Jun,0,7,0
Amravati,Amravati,Amravati W.M,W.M.Amravati - 2,Amravati,20003791,105 Villages RRWSS,Talwel,4024,6,3.18,3.57,3.94,3.72,3.26,3.84,84.99,79.05,88.72,97.91,92.45,81.01,95.43,04-Jun,05-Jun,06-Jun,07-Jun,08-Jun,09-Jun,03-Jun,04-Jun,05-Jun,06-Jun,07-Jun,08-Jun,09-Jun,0,0,7
Amravati,Amravati,Amravati W.M,W.M.Amravati - 2,Amravati,20003791,105 Villages RRWSS,Tarkheda,3773,3,3.44,3.56,3.3,3.33,3.46,3.32,94.62,91.17,94.35,87.46,88.26,91.7,87.99,04-Jun,05-Jun,06-Jun,07-Jun,08-Jun,09-Jun,03-Jun,04-Jun,05-Jun,06-Jun,07-Jun,08-Jun,09-Jun,0,0,7
Amravati,Amravati,Amravati W.M,W.M.Amravati - 2,Amravati,20003791,105 Villages RRWSS,Takarkheda,1961,4,0,0,0,0,0,0,0,0,0,0,0,0,0,04-Jun,05-Jun,06-Jun,07-Jun,08-Jun,09-Jun,03-Jun,04-Jun,05-Jun,06-Jun,07-Jun,08-Jun,09-Jun,7,7,0
Amravati,Akola,Akola,Akola,Akola,20028565,"Akot 84 VRRWSS Tq. Akola, Akot & Telhara Dist. Akola",Warur,2400,1,0,0,0,6.43,8.55,0,0,0,0,0,267.92,356.16,0,04-Jun,05-Jun,06-Jun,07-Jun,08-Jun,09-Jun,03-Jun,04-Jun,05-Jun,06-Jun,07-Jun,08-Jun,09-Jun,5,5,2
Amravati,Akola,Akola,Akola,Akola,20028565,"Akot 84 VRRWSS Tq. Akola, Akot & Telhara Dist. Akola",Wani,373,1,0,0,1.54,0.41,0,0,0,0,0,412.87,111.04,0,0,04-Jun,05-Jun,06-Jun,07-Jun,08-Jun,09-Jun,03-Jun,04-Jun,05-Jun,06-Jun,07-Jun,08-Jun,09-Jun,5,5,2
Amravati,Akola,Akola,Akola,Akola,20028565,"Akot 84 VRRWSS Tq. Akola, Akot & Telhara Dist. Akola",Warula,1141,1,0,0,0,0,0,0,0,0,0,0,0,0,0,04-Jun,05-Jun,06-Jun,07-Jun,08-Jun,09-Jun,03-Jun,04-Jun,05-Jun,06-Jun,07-Jun,08-Jun,09-Jun,7,7,0
Amravati,Akola,Akola,Akola,Akola,20028565,"Akot 84 VRRWSS Tq. Akola, Akot & Telhara Dist. Akola",Taroda,755,1,0.65,0.04,0.01,0.03,0.15,0,1.32,86.09,5.3,1.32,3.55,19.87,0,04-Jun,05-Jun,06-Jun,07-Jun,08-Jun,09-Jun,03-Jun,04-Jun,05-Jun,06-Jun,07-Jun,08-Jun,09-Jun,1,6,1
Amravati,Akola,Akola,Akola,Akola,20028565,"Akot 84 VRRWSS Tq. Akola, Akot & Telhara Dist. Akola",Takli Kh.,1728,4,0.79,1.41,0.97,1.05,0.57,0.45,58.05,45.72,81.6,56.13,60.76,32.99,26.04,04-Jun,05-Jun,06-Jun,07-Jun,08-Jun,09-Jun,03-Jun,04-Jun,05-Jun,06-Jun,07-Jun,08-Jun,09-Jun,0,3,4
Amravati,Akola,Akola,Akola,Akola,20028565,"Akot 84 VRRWSS Tq. Akola, Akot & Telhara Dist. Akola",Tandulwadi,964,3,1.47,1.35,0,0,3.63,0,0,152.49,140.04,0,0,376.56,0,04-Jun,05-Jun,06-Jun,07-Jun,08-Jun,09-Jun,03-Jun,04-Jun,05-Jun,06-Jun,07-Jun,08-Jun,09-Jun,4,4,3
Amravati,Akola,Akola,Akola,Akola,20028565,"Akot 84 VRRWSS Tq. Akola, Akot & Telhara Dist. Akola",Patsul,972,1,2.73,4.33,0,0,2.41,0.75,0,280.86,445.47,0,0,247.94,77.16,04-Jun,05-Jun,06-Jun,07-Jun,08-Jun,09-Jun,03-Jun,04-Jun,05-Jun,06-Jun,07-Jun,08-Jun,09-Jun,3,3,4
Amravati,Akola,Akola,Akola,Akola,20028565,"Akot 84 VRRWSS Tq. Akola, Akot & Telhara Dist. Akola",Panori,535,1,0,0,0,0,0,0,0,0,0,0,0,0,0,04-Jun,05-Jun,06-Jun,07-Jun,08-Jun,09-Jun,03-Jun,04-Jun,05-Jun,06-Jun,07-Jun,08-Jun,09-Jun,7,7,0
Amravati,Akola,Akola,Akola,Akola,20028565,"Akot 84 VRRWSS Tq. Akola, Akot & Telhara Dist. Akola",Nijampur,712,1,0,0,0,0,0,0,0,0,0,0,0,0,0,04-Jun,05-Jun,06-Jun,07-Jun,08-Jun,09-Jun,03-Jun,04-Jun,05-Jun,06-Jun,07-Jun,08-Jun,09-Jun,7,7,0
Amravati,Akola,Akola,Akola,Akola,20028565,"Akot 84 VRRWSS Tq. Akola, Akot & Telhara Dist. Akola",Palsod,2116,3,0,0,0,0.05,0.73,0.18,11.82,0.02,0.08,0.03,2.34,34.59,8.55,04-Jun,05-Jun,06-Jun,07-Jun,08-Jun,09-Jun,03-Jun,04-Jun,05-Jun,06-Jun,07-Jun,08-Jun,09-Jun,0,7,0
Amravati,Akola,Akola,Akola,Akola,20028565,"Akot 84 VRRWSS Tq. Akola, Akot & Telhara Dist. Akola",Mundgaon,7199,2,48.01,2263.77,2060.39,2137.22,171.52,780.69,254.48,666.9,31445.62,28620.43,29687.73,2382.55,10844.42,04-Jun,05-Jun,06-Jun,07-Jun,08-Jun,09-Jun,03-Jun,04-Jun,05-Jun,06-Jun,07-Jun,08-Jun,09-Jun,0,0,7
Amravati,Akola,Akola,Akola,Akola,20028565,"Akot 84 VRRWSS Tq. Akola, Akot & Telhara Dist. Akola",Sonbardi,712,2,0,0.34,0.31,0,0,0,2.81,0,47.75,43.54,0,0,0,04-Jun,05-Jun,06-Jun,07-Jun,08-Jun,09-Jun,03-Jun,04-Jun,05-Jun,06-Jun,07-Jun,08-Jun,09-Jun,4,7,0
Amravati,Akola,Akola,Akola,Akola,20028565,"Akot 84 VRRWSS Tq. Akola, Akot & Telhara Dist. Akola",Sangavi,461,1,0,0,0,1.26,0.07,0.07,184.38,0,0,0,273.32,15.18,15.18,04-Jun,05-Jun,06-Jun,07-Jun,08-Jun,09-Jun,03-Jun,04-Jun,05-Jun,06-Jun,07-Jun,08-Jun,09-Jun,3,5,2
Amravati,Akola,Akola,Akola,Akola,20028565,"Akot 84 VRRWSS Tq. Akola, Akot & Telhara Dist. Akola",Rajurwadi,46,1,0,0,0,0,0,0,0,0,0,0,0,0,0,04-Jun,05-Jun,06-Jun,07-Jun,08-Jun,09-Jun,03-Jun,04-Jun,05-Jun,06-Jun,07-Jun,08-Jun,09-Jun,7,7,0
Amravati,Akola,Akola,Akola,Akola,20028565,"Akot 84 VRRWSS Tq. Akola, Akot & Telhara Dist. Akola",Pimpari Dikkar,522,1,0,0.01,0.01,1.39,0.19,0.04,289.27,0,1.92,1.92,266.28,36.4,7.66,04-Jun,05-Jun,06-Jun,07-Jun,08-Jun,09-Jun,03-Jun,04-Jun,05-Jun,06-Jun,07-Jun,08-Jun,09-Jun,1,5,2
Amravati,Akola,Akola,Akola,Akola,20028565,"Akot 84 VRRWSS Tq. Akola, Akot & Telhara Dist. Akola",Keliweli (New),3676,1,0.38,0.36,0,0.19,2.82,0.36,0,10.34,9.79,0,5.17,76.71,9.79,04-Jun,05-Jun,06-Jun,07-Jun,08-Jun,09-Jun,03-Jun,04-Jun,05-Jun,06-Jun,07-Jun,08-Jun,09-Jun,2,6,1
Amravati,Akola,Akola,Akola,Akola,20028565,"Akot 84 VRRWSS Tq. Akola, Akot & Telhara Dist. Akola",Kawasa Bk.,1298,3,0,0.26,0,0,0,0,0,0,20.03,0,0,0,0,04-Jun,05-Jun,06-Jun,07-Jun,08-Jun,09-Jun,03-Jun,04-Jun,05-Jun,06-Jun,07-Jun,08-Jun,09-Jun,6,7,0
Amravati,Akola,Akola,Akola,Akola,20028565,"Akot 84 VRRWSS Tq. Akola, Akot & Telhara Dist. Akola",Karatwadi,1682,1,1.61,0.95,0,1.86,1.28,0.42,17.84,95.72,56.48,0,110.58,76.1,24.97,04-Jun,05-Jun,06-Jun,07-Jun,08-Jun,09-Jun,03-Jun,04-Jun,05-Jun,06-Jun,07-Jun,08-Jun,09-Jun,1,3,4
Amravati,Akola,Akola,Akola,Akola,20028565,"Akot 84 VRRWSS Tq. Akola, Akot & Telhara Dist. Akola",Jaulka,1312,1,0,0,5.95,2.84,0,0,0,0,0,453.51,216.08,0,0,04-Jun,05-Jun,06-Jun,07-Jun,08-Jun,09-Jun,03-Jun,04-Jun,05-Jun,06-Jun,07-Jun,08-Jun,09-Jun,5,5,2
Amravati,Akola,Akola,Akola,Akola,20028565,"Akot 84 VRRWSS Tq. Akola, Akot & Telhara Dist. Akola",Lotkhed,1143,2,0,0,0,0,0,0,0,0,0,0,0,0,0,04-Jun,05-Jun,06-Jun,07-Jun,08-Jun,09-Jun,03-Jun,04-Jun,05-Jun,06-Jun,07-Jun,08-Jun,09-Jun,7,7,0
Amravati,Akola,Akola,Akola,Akola,20028565,"Akot 84 VRRWSS Tq. Akola, Akot & Telhara Dist. Akola",Maroda,1148,1,0,0,0,0,0.14,0,0,0,0,0,0,12.2,0,04-Jun,05-Jun,06-Jun,07-Jun,08-Jun,09-Jun,03-Jun,04-Jun,05-Jun,06-Jun,07-Jun,08-Jun,09-Jun,6,7,0
Amravati,Akola,Akola,Akola,Akola,20028565,"Akot 84 VRRWSS Tq. Akola, Akot & Telhara Dist. Akola",Khaparwadi Bk.,420,1,0,0,0,0,0,0,0,0,0,0,0,0,0,04-Jun,05-Jun,06-Jun,07-Jun,08-Jun,09-Jun,03-Jun,04-Jun,05-Jun,06-Jun,07-Jun,08-Jun,09-Jun,7,7,0
Amravati,Akola,Akola,Akola,Akola,20028565,"Akot 84 VRRWSS Tq. Akola, Akot & Telhara Dist. Akola",Khaparwadi Kh.,229,1,0,0,0,0,0,0,0,0,0,0,0,0,0,04-Jun,05-Jun,06-Jun,07-Jun,08-Jun,09-Jun,03-Jun,04-Jun,05-Jun,06-Jun,07-Jun,08-Jun,09-Jun,7,7,0
Amravati,Akola,Akola,Akola,Akola,20028565,"Akot 84 VRRWSS Tq. Akola, Akot & Telhara Dist. Akola",Danori,1296,2,0,0,5.23,5.96,0,0,0,0,0,403.55,459.54,0,0,04-Jun,05-Jun,06-Jun,07-Jun,08-Jun,09-Jun,03-Jun,04-Jun,05-Jun,06-Jun,07-Jun,08-Jun,09-Jun,5,5,2
Amravati,Akola,Akola,Akola,Akola,20028565,"Akot 84 VRRWSS Tq. Akola, Akot & Telhara Dist. Akola",Deori,2560,1,57.23,5.85,0,10.71,56.37,6.45,500.78,2235.61,228.32,0,418.36,2202.1,251.88,04-Jun,05-Jun,06-Jun,07-Jun,08-Jun,09-Jun,03-Jun,04-Jun,05-Jun,06-Jun,07-Jun,08-Jun,09-Jun,1,1,6
Amravati,Akola,Akola,Akola,Akola,20028565,"Akot 84 VRRWSS Tq. Akola, Akot & Telhara Dist. Akola",Balegaon,1353,1,0,375.52,0,0,0,0,0,0,27754.62,0,0,0,0,04-Jun,05-Jun,06-Jun,07-Jun,08-Jun,09-Jun,03-Jun,04-Jun,05-Jun,06-Jun,07-Jun,08-Jun,09-Jun,6,6,1
Amravati,Akola,Akola,Akola,Akola,20028565,"Akot 84 VRRWSS Tq. Akola, Akot & Telhara Dist. Akola",Alegaon,422,1,0,0,0,0,0,0,0,0,0,0,0,0,0,04-Jun,05-Jun,06-Jun,07-Jun,08-Jun,09-Jun,03-Jun,04-Jun,05-Jun,06-Jun,07-Jun,08-Jun,09-Jun,7,7,0
Amravati,Akola,Akola,Akola,Akola,20028565,"Akot 84 VRRWSS Tq. Akola, Akot & Telhara Dist. Akola",Alewadi,800,1,0,0,0,0,0,0,0,0,0,0,0,0,0,04-Jun,05-Jun,06-Jun,07-Jun,08-Jun,09-Jun,03-Jun,04-Jun,05-Jun,06-Jun,07-Jun,08-Jun,09-Jun,7,7,0
Amravati,Akola,Akola,Akola,Akola,20028565,"Akot 84 VRRWSS Tq. Akola, Akot & Telhara Dist. Akola",Garsoli,288,1,16.03,12.41,3.27,4.02,1.91,4.99,916.67,5567.67,4309.35,1135.42,1394.15,663.19,1732.05,04-Jun,05-Jun,06-Jun,07-Jun,08-Jun,09-Jun,03-Jun,04-Jun,05-Jun,06-Jun,07-Jun,08-Jun,09-Jun,0,0,7
Amravati,Akola,Akola,Akola,Akola,20028565,"Akot 84 VRRWSS Tq. Akola, Akot & Telhara Dist. Akola",Dinoda,1491,2,0,0,0,0,0,0,0,0,0,0,0,0,0,04-Jun,05-Jun,06-Jun,07-Jun,08-Jun,09-Jun,03-Jun,04-Jun,05-Jun,06-Jun,07-Jun,08-Jun,09-Jun,7,7,0
Amravati,Akola,Akola,Akola,Telhara,20028565,"Akot 84 VRRWSS Tq. Akola, Akot & Telhara Dist. Akola",Ner,1646,1,0,0,0,0,0,0,0,0,0,0,0,0,0,04-Jun,05-Jun,06-Jun,07-Jun,08-Jun,09-Jun,03-Jun,04-Jun,05-Jun,06-Jun,07-Jun,08-Jun,09-Jun,7,7,0
Amravati,Amravati,Amravati W.M,W.M.Amravati - 2,Achalpur,20003791,105 Villages RRWSS,Virshi,1231,1,0.9,1.53,1.83,1.09,0.68,1.89,47.12,73.11,124.29,148.66,88.55,55.24,153.53,04-Jun,05-Jun,06-Jun,07-Jun,08-Jun,09-Jun,03-Jun,04-Jun,05-Jun,06-Jun,07-Jun,08-Jun,09-Jun,0,1,6
Amravati,Amravati,Amravati W.M,W.M.Amravati - 2,Amravati,20003791,105 Villages RRWSS,Chinchkheda,1185,2,0.64,0.84,0.98,1.31,0.68,0.95,108.02,54.01,70.89,82.7,110.55,57.38,80.17,04-Jun,05-Jun,06-Jun,07-Jun,08-Jun,09-Jun,03-Jun,04-Jun,05-Jun,06-Jun,07-Jun,08-Jun,09-Jun,0,1,6
Amravati,Amravati,Amravati W.M,Daryapur,Anjangaon,20005043,156 Villages Strengthening scheme of 144 villages RR,Telkheda,220,1,43096.07,220495,61965.8,0,14666.83,123628.93,0,19589124.42,100225001.6,28166271.12,0,6666742.13,56194967.22,04-Jun,05-Jun,06-Jun,07-Jun,08-Jun,09-Jun,03-Jun,04-Jun,05-Jun,06-Jun,07-Jun,08-Jun,09-Jun,2,2,5
Amravati,Amravati,Amravati W.M,Daryapur,Anjangaon,20005043,156 Villages Strengthening scheme of 144 villages RR,Yerandgaon,712,1,877.3,1000.16,1598.93,833.01,906.81,1083.95,152581.46,123216.29,140471.91,224568.82,116995.79,127360.96,152240.17,04-Jun,05-Jun,06-Jun,07-Jun,08-Jun,09-Jun,03-Jun,04-Jun,05-Jun,06-Jun,07-Jun,08-Jun,09-Jun,0,0,7
Amravati,Amravati,Amravati W.M,Daryapur,Anjangaon,20005043,156 Villages Strengthening scheme of 144 villages RR,Antargaon,440,2,0,0,0,0,0,0,0,0,0,0,0,0,0,04-Jun,05-Jun,06-Jun,07-Jun,08-Jun,09-Jun,03-Jun,04-Jun,05-Jun,06-Jun,07-Jun,08-Jun,09-Jun,7,7,0
Amravati,Amravati,Amravati,Achalpur,Achalpur,7945938,83 Village RRWS Scheme MJP RR (C 39),Chamak Kh,254,1,No Data,No Data,No Data,No Data,No Data,9.32,0,0,0,0,0,0,3669.29,04-Jun,05-Jun,06-Jun,07-Jun,08-Jun,09-Jun,03-Jun,04-Jun,05-Jun,06-Jun,07-Jun,08-Jun,09-Jun,6,6,1
Amravati,Amravati,Amravati W.M,W.M.Amravati - 2,Achalpur,20003791,105 Villages RRWSS,Zanji,175,3,2.28,0.9,2.01,0.33,2.71,0.82,668.57,1302.86,514.29,1148.57,188.57,1548.57,468.57,04-Jun,05-Jun,06-Jun,07-Jun,08-Jun,09-Jun,03-Jun,04-Jun,05-Jun,06-Jun,07-Jun,08-Jun,09-Jun,0,0,7
Amravati,Amravati,Amravati W.M,W.M.Amravati - 2,Achalpur,20003791,105 Villages RRWSS,Yelki,1086,2,38.4,26.93,37.32,23.74,37.63,25.98,2522.56,3535.57,2479.89,3436.21,2185.83,3465.01,2391.86,04-Jun,05-Jun,06-Jun,07-Jun,08-Jun,09-Jun,03-Jun,04-Jun,05-Jun,06-Jun,07-Jun,08-Jun,09-Jun,0,0,7
Amravati,Amravati,Amravati W.M,W.M.Amravati - 2,Achalpur,20003791,105 Villages RRWSS,Wathoda,2563,2,2.84,1.46,0.68,2.02,3.17,3.16,112.76,110.81,56.96,26.53,78.81,123.68,123.29,04-Jun,05-Jun,06-Jun,07-Jun,08-Jun,09-Jun,03-Jun,04-Jun,05-Jun,06-Jun,07-Jun,08-Jun,09-Jun,0,1,6
Amravati,Amravati,Amravati W.M,W.M.Amravati - 2,Achalpur,20003791,105 Villages RRWSS,Wandli,494,1,8,4.23,3.39,8.12,4.61,3.32,933.2,1619.43,856.28,686.23,1643.72,933.2,672.06,04-Jun,05-Jun,06-Jun,07-Jun,08-Jun,09-Jun,03-Jun,04-Jun,05-Jun,06-Jun,07-Jun,08-Jun,09-Jun,0,0,7
Amravati,Amravati,Amravati W.M,W.M.Amravati - 2,Achalpur,20003791,105 Villages RRWSS,Waki,872,2,0,0.16,0,0.02,0.35,0.14,0,0,18.35,0,2.29,40.14,16.06,04-Jun,05-Jun,06-Jun,07-Jun,08-Jun,09-Jun,03-Jun,04-Jun,05-Jun,06-Jun,07-Jun,08-Jun,09-Jun,3,7,0
Amravati,Amravati,Amravati W.M,W.M.Amravati - 2,Achalpur,20003791,105 Villages RRWSS,Waigaon,1824,2,0,0,0,0,0,0,0,0,0,0,0,0,0,04-Jun,05-Jun,06-Jun,07-Jun,08-Jun,09-Jun,03-Jun,04-Jun,05-Jun,06-Jun,07-Jun,08-Jun,09-Jun,7,7,0
Amravati,Amravati,Amravati,Achalpur,Achalpur,7945938,83 Village RRWS Scheme MJP RR (C 39),Shekapur,64,1,No Data,No Data,No Data,No Data,No Data,0,No Data,No Data,No Data,No Data,No Data,No Data,0,04-Jun,05-Jun,06-Jun,07-Jun,08-Jun,09-Jun,03-Jun,04-Jun,05-Jun,06-Jun,07-Jun,08-Jun,09-Jun,1,1,0
Amravati,Amravati,Amravati W.M,W.M.Amravati - 2,Amravati,20003791,105 Villages RRWSS,Rama,891,2,19.17,15.6,19.11,18.6,11.51,18.61,2187.43,2151.52,1750.54,2144.78,2087.54,1291.81,2088.66,04-Jun,05-Jun,06-Jun,07-Jun,08-Jun,09-Jun,03-Jun,04-Jun,05-Jun,06-Jun,07-Jun,08-Jun,09-Jun,0,0,7
Amravati,Amravati,Amravati W.M,W.M.Amravati - 2,Bhatkuli,20003791,105 Villages RRWSS,Kharwadi,1634,1,1.35,0.4,1.71,1.08,1.22,1.48,75.89,82.62,24.48,104.65,66.1,74.66,90.58,04-Jun,05-Jun,06-Jun,07-Jun,08-Jun,09-Jun,03-Jun,04-Jun,05-Jun,06-Jun,07-Jun,08-Jun,09-Jun,0,1,6
Amravati,Amravati,Amravati W.M,W.M.Amravati - 2,Bhatkuli,20003791,105 Villages RRWSS,Khumagad,608,1,0.95,0,1.2,0,1.2,0,0,156.25,0,197.37,0,197.37,0,04-Jun,05-Jun,06-Jun,07-Jun,08-Jun,09-Jun,03-Jun,04-Jun,05-Jun,06-Jun,07-Jun,08-Jun,09-Jun,4,4,3
Amravati,Amravati,Amravati W.M,W.M.Amravati - 2,Bhatkuli,20003791,105 Villages RRWSS,Kharala,2392,3,9.93,9.9,9.9,10.09,9.99,9.84,425.17,415.13,413.88,413.88,421.82,417.64,411.37,04-Jun,05-Jun,06-Jun,07-Jun,08-Jun,09-Jun,03-Jun,04-Jun,05-Jun,06-Jun,07-Jun,08-Jun,09-Jun,0,0,7
Amravati,Amravati,Amravati W.M,W.M.Amravati - 2,Bhatkuli,20003791,105 Villages RRWSS,Khanapur,681,2,0.49,0.47,0.48,0.5,0.25,0.37,66.08,71.95,69.02,70.48,73.42,36.71,54.33,04-Jun,05-Jun,06-Jun,07-Jun,08-Jun,09-Jun,03-Jun,04-Jun,05-Jun,06-Jun,07-Jun,08-Jun,09-Jun,0,2,5
Amravati,Amravati,Amravati W.M,W.M.Amravati - 2,Bhatkuli,20003791,105 Villages RRWSS,Koltek,Unsupported Data Type,1,0,1.01,0,0,0.99,0.3,0,0,0,0,0,0,0,04-Jun,05-Jun,06-Jun,07-Jun,08-Jun,09-Jun,03-Jun,04-Jun,05-Jun,06-Jun,07-Jun,08-Jun,09-Jun,7,7,0
Amravati,Amravati,Amravati W.M,W.M.Amravati - 2,Bhatkuli,20003791,105 Villages RRWSS,Dhamori,737,4,25.52,35.03,27.48,20.89,28.26,46.13,3580.65,3462.69,4752.59,3728.63,2834.46,3835.06,6258.86,04-Jun,05-Jun,06-Jun,07-Jun,08-Jun,09-Jun,03-Jun,04-Jun,05-Jun,06-Jun,07-Jun,08-Jun,09-Jun,0,0,7
Amravati,Amravati,Amravati W.M,W.M.Amravati - 2,Bhatkuli,20003791,105 Villages RRWSS,Dautpur -Kanfodi,353,1,0.62,0.45,0.93,0.74,0.44,0.36,198.3,175.64,127.48,263.46,209.63,124.65,101.98,04-Jun,05-Jun,06-Jun,07-Jun,08-Jun,09-Jun,03-Jun,04-Jun,05-Jun,06-Jun,07-Jun,08-Jun,09-Jun,0,0,7
Amravati,Amravati,Amravati W.M,W.M.Amravati - 2,Bhatkuli,20003791,105 Villages RRWSS,Deori,757,2,1.36,1.5,1.29,0.67,1.21,1.19,149.27,179.66,198.15,170.81,88.51,159.84,157.2,04-Jun,05-Jun,06-Jun,07-Jun,08-Jun,09-Jun,03-Jun,04-Jun,05-Jun,06-Jun,07-Jun,08-Jun,09-Jun,0,0,7
Amravati,Amravati,Amravati W.M,W.M.Amravati - 2,Bhatkuli,20003791,105 Villages RRWSS,Chincholi,1637,3,1.19,1.09,1.18,1.18,1.18,1.1,65.97,72.69,66.59,72.08,72.08,72.08,67.2,04-Jun,05-Jun,06-Jun,07-Jun,08-Jun,09-Jun,03-Jun,04-Jun,05-Jun,06-Jun,07-Jun,08-Jun,09-Jun,0,0,7
Amravati,Amravati,Amravati W.M,W.M.Amravati - 2,Bhatkuli,20003791,105 Villages RRWSS,Gajanan Township,0,3,4.52,4.64,4.39,4.22,4.32,4.54,0,0,0,0,0,0,0,04-Jun,05-Jun,06-Jun,07-Jun,08-Jun,09-Jun,03-Jun,04-Jun,05-Jun,06-Jun,07-Jun,08-Jun,09-Jun,7,7,0
Amravati,Amravati,Amravati W.M,W.M.Amravati - 2,Bhatkuli,20003791,105 Villages RRWSS,Asegaon,4180,6,2.4,0.72,2.33,0.6,2.28,0.55,8.85,57.42,17.22,55.65,14.35,54.55,13.16,04-Jun,05-Jun,06-Jun,07-Jun,08-Jun,09-Jun,03-Jun,04-Jun,05-Jun,06-Jun,07-Jun,08-Jun,09-Jun,0,5,2
Amravati,Amravati,Amravati W.M,W.M.Amravati - 2,Bhatkuli,20003791,105 Villages RRWSS,Ashti,3472,5,2.69,2.52,3.53,2.65,2.23,3.95,111.75,77.48,72.58,101.67,76.32,64.23,113.77,04-Jun,05-Jun,06-Jun,07-Jun,08-Jun,09-Jun,03-Jun,04-Jun,05-Jun,06-Jun,07-Jun,08-Jun,09-Jun,0,0,7
Amravati,Amravati,Amravati W.M,W.M.Amravati - 2,Bhatkuli,20003791,105 Villages RRWSS,Chakur,418,1,0,0,0,0,0,0,0,0,0,0,0,0,0,04-Jun,05-Jun,06-Jun,07-Jun,08-Jun,09-Jun,03-Jun,04-Jun,05-Jun,06-Jun,07-Jun,08-Jun,09-Jun,7,7,0
Amravati,Amravati,Amravati W.M,W.M.Amravati - 2,Bhatkuli,20003791,105 Villages RRWSS,Bhalsi,519,1,0.8,0.16,0.85,0.51,0.44,0.96,77.07,154.14,30.83,163.78,98.27,84.78,184.97,04-Jun,05-Jun,06-Jun,07-Jun,08-Jun,09-Jun,03-Jun,04-Jun,05-Jun,06-Jun,07-Jun,08-Jun,09-Jun,0,1,6
Amravati,Amravati,Amravati W.M,W.M.Amravati - 2,Bhatkuli,20003791,105 Villages RRWSS,Bhatkuli NP,1310,2,8.66,8.42,7.66,8.4,6.34,7.76,594.66,661.07,642.75,584.73,641.22,483.97,592.37,04-Jun,05-Jun,06-Jun,07-Jun,08-Jun,09-Jun,03-Jun,04-Jun,05-Jun,06-Jun,07-Jun,08-Jun,09-Jun,0,0,7
Amravati,Amravati,Amravati W.M,W.M.Amravati - 2,Chandur Bazar,20003791,105 Villages RRWSS,Makrampur,112,1,0,2.88,0,0,2.32,0,0,0,2571.43,0,0,2071.43,0,04-Jun,05-Jun,06-Jun,07-Jun,08-Jun,09-Jun,03-Jun,04-Jun,05-Jun,06-Jun,07-Jun,08-Jun,09-Jun,5,5,2
Amravati,Amravati,Yavatmal,Pusad,Pusad,20028563,"Malpathar 28 Villages, (Reju.)",Panhala,1476,2,0,0,0,0,0,0,0,0,0,0,0,0,0,04-Jun,05-Jun,06-Jun,07-Jun,08-Jun,09-Jun,03-Jun,04-Jun,05-Jun,06-Jun,07-Jun,08-Jun,09-Jun,7,7,0
Amravati,Amravati,Yavatmal,Pusad,Pusad,20028563,"Malpathar 28 Villages, (Reju.)",Vasantwadi,1599,2,14.12,0,0,0,0,0,0,883.05,0,0,0,0,0,04-Jun,05-Jun,06-Jun,07-Jun,08-Jun,09-Jun,03-Jun,04-Jun,05-Jun,06-Jun,07-Jun,08-Jun,09-Jun,6,6,1
Amravati,Amravati,Yavatmal,Pusad,Pusad,20028563,"Malpathar 28 Villages, (Reju.)",Sattarmal,802,2,0,0,0,0,0,0,0,0,0,0,0,0,0,04-Jun,05-Jun,06-Jun,07-Jun,08-Jun,09-Jun,03-Jun,04-Jun,05-Jun,06-Jun,07-Jun,08-Jun,09-Jun,7,7,0
Amravati,Amravati,Yavatmal,Pusad,Pusad,20028563,"Malpathar 28 Villages, (Reju.)",Rohada,3556,1,0,0,0,0,0,0,0,0,0,0,0,0,0,04-Jun,05-Jun,06-Jun,07-Jun,08-Jun,09-Jun,03-Jun,04-Jun,05-Jun,06-Jun,07-Jun,08-Jun,09-Jun,7,7,0
Amravati,Amravati,Yavatmal,Pusad,Pusad,20028563,"Malpathar 28 Villages, (Reju.)",Nanad no 2,3116,2,2.36,3.1,3.19,1.13,3.28,0.71,95.64,75.74,99.49,102.37,36.26,105.26,22.71,04-Jun,05-Jun,06-Jun,07-Jun,08-Jun,09-Jun,03-Jun,04-Jun,05-Jun,06-Jun,07-Jun,08-Jun,09-Jun,0,2,5
Amravati,Amravati,Yavatmal,Pusad,Pusad,20028563,"Malpathar 28 Villages, (Reju.)",Hanvantkheda,1783,3,0.27,0,0,0,0,0,3.37,15.14,0,0,0,0,0,04-Jun,05-Jun,06-Jun,07-Jun,08-Jun,09-Jun,03-Jun,04-Jun,05-Jun,06-Jun,07-Jun,08-Jun,09-Jun,5,7,0
Amravati,Amravati,Yavatmal,Pusad,Pusad,20028563,"Malpathar 28 Villages, (Reju.)",Kheirkheda,1349,1,2.36,3.1,3.19,1.13,3.28,0.71,220.9,174.94,229.8,236.47,83.77,243.14,52.46,04-Jun,05-Jun,06-Jun,07-Jun,08-Jun,09-Jun,03-Jun,04-Jun,05-Jun,06-Jun,07-Jun,08-Jun,09-Jun,0,1,6
Amravati,Amravati,Yavatmal,Pusad,Pusad,20028563,"Malpathar 28 Villages, (Reju.)",Aamti,1239,2,0,0,0,0,0,0,0,0,0,0,0,0,0,04-Jun,05-Jun,06-Jun,07-Jun,08-Jun,09-Jun,03-Jun,04-Jun,05-Jun,06-Jun,07-Jun,08-Jun,09-Jun,7,7,0
Amravati,Amravati,Amravati W.M,W.M.Amravati - 2,Bhatkuli,20003791,105 Villages RRWSS,Dhangarkheda,326,1,0.37,0.61,0.24,0.6,0.51,0.04,184.05,113.5,187.12,73.62,184.05,156.44,12.27,04-Jun,05-Jun,06-Jun,07-Jun,08-Jun,09-Jun,03-Jun,04-Jun,05-Jun,06-Jun,07-Jun,08-Jun,09-Jun,0,1,6
Amravati,Amravati,Amravati,Achalpur,Chandur Bazar,7945938,83 Village RRWS Scheme MJP RR (C 39),Ambada Kandari,276,1,1.81,2.06,1.88,1.78,1.83,1.74,699.28,655.8,746.38,681.16,644.93,663.04,630.43,04-Jun,05-Jun,06-Jun,07-Jun,08-Jun,09-Jun,03-Jun,04-Jun,05-Jun,06-Jun,07-Jun,08-Jun,09-Jun,0,0,7
Amravati,Amravati,Amravati,Achalpur,Chandur Bazar,7945938,83 Village RRWS Scheme MJP RR (C 39),Kandali,3538,9,20.52,11.94,21.76,10.49,18.06,10.31,361.62,579.87,337.34,614.91,296.43,510.46,291.42,04-Jun,05-Jun,06-Jun,07-Jun,08-Jun,09-Jun,03-Jun,04-Jun,05-Jun,06-Jun,07-Jun,08-Jun,09-Jun,0,0,7
Amravati,Amravati,Amravati W.M,W.M.Amravati - 2,Chandur Bazar,20003791,105 Villages RRWSS,Madhalapur,0,1,0.49,0.89,0.62,0.79,0.45,1.03,0,0,0,0,0,0,0,04-Jun,05-Jun,06-Jun,07-Jun,08-Jun,09-Jun,03-Jun,04-Jun,05-Jun,06-Jun,07-Jun,08-Jun,09-Jun,7,7,0
Amravati,Amravati,Amravati,Achalpur,Achalpur,7945938,83 Village RRWS Scheme MJP RR (C 39),Thokbarda,101,1,0,0.38,0.95,0,0.46,1.05,821.78,0,376.24,940.59,0,455.45,1039.6,04-Jun,05-Jun,06-Jun,07-Jun,08-Jun,09-Jun,03-Jun,04-Jun,05-Jun,06-Jun,07-Jun,08-Jun,09-Jun,2,2,5
Amravati,Amravati,Amravati,Achalpur,Chandur Bazar,7945938,83 Village RRWS Scheme MJP RR (C 39),Kharpi,591,1,0.98,6.65,5.68,5.85,5.1,3.71,191.2,165.82,1125.21,961.08,989.85,862.94,627.75,04-Jun,05-Jun,06-Jun,07-Jun,08-Jun,09-Jun,03-Jun,04-Jun,05-Jun,06-Jun,07-Jun,08-Jun,09-Jun,0,0,7
Amravati,Amravati,Amravati W.M,Daryapur,Daryapur,20005043,156 Villages Strengthening scheme of 144 villages RR,Katkheda,408,1,3183.39,1660.12,9246.94,1853.23,2649.84,5153.41,858784.31,780242.65,406891.15,2266406.16,454223.41,649470.37,1263091.58,04-Jun,05-Jun,06-Jun,07-Jun,08-Jun,09-Jun,03-Jun,04-Jun,05-Jun,06-Jun,07-Jun,08-Jun,09-Jun,0,0,7
Amravati,Amravati,Amravati W.M,Daryapur,Daryapur,20005043,156 Villages Strengthening scheme of 144 villages RR,Ghodchandi,743,1,460.16,0,589.63,570,595.61,885.11,85277.25,61932.71,0,79358.01,76716.02,80162.85,119126.51,04-Jun,05-Jun,06-Jun,07-Jun,08-Jun,09-Jun,03-Jun,04-Jun,05-Jun,06-Jun,07-Jun,08-Jun,09-Jun,1,1,6
Amravati,Amravati,Amravati W.M,Daryapur,Daryapur,20005043,156 Villages Strengthening scheme of 144 villages RR,Pimplod,4197,2,6.23,5.01,3,3.58,7.19,7.82,83.69,148.45,119.38,71.59,85.21,171.31,186.41,04-Jun,05-Jun,06-Jun,07-Jun,08-Jun,09-Jun,03-Jun,04-Jun,05-Jun,06-Jun,07-Jun,08-Jun,09-Jun,0,0,7
Amravati,Amravati,Amravati W.M,Daryapur,Daryapur,20005043,156 Villages Strengthening scheme of 144 villages RR,Rajkhed,564,1,0.26,0.24,0.61,0,0.49,0.36,1868.79,46.1,42.55,108.16,0,86.88,63.83,04-Jun,05-Jun,06-Jun,07-Jun,08-Jun,09-Jun,03-Jun,04-Jun,05-Jun,06-Jun,07-Jun,08-Jun,09-Jun,1,3,4
Amravati,Amravati,Amravati,Achalpur,Chandur Bazar,7945938,83 Village RRWS Scheme MJP RR (C 39),Shirajgaon kasba,4069,7,35790.54,101347.2,44249.65,103217.74,53132.61,85006.71,2642316.79,879590.56,2490715.16,1087482.18,2536685.67,1305790.37,2089130.25,04-Jun,05-Jun,06-Jun,07-Jun,08-Jun,09-Jun,03-Jun,04-Jun,05-Jun,06-Jun,07-Jun,08-Jun,09-Jun,0,0,7
Amravati,Amravati,Amravati,Achalpur,Chandur Bazar,7945938,83 Village RRWS Scheme MJP RR (C 39),Narayanpur,183,1,0.74,0.74,0.74,0.74,0.74,0.74,404.37,404.37,404.37,404.37,404.37,404.37,404.37,04-Jun,05-Jun,06-Jun,07-Jun,08-Jun,09-Jun,03-Jun,04-Jun,05-Jun,06-Jun,07-Jun,08-Jun,09-Jun,0,0,7
Amravati,Amravati,Amravati,Achalpur,Chandur Bazar,7945938,83 Village RRWS Scheme MJP RR (C 39),Gourkheda,504,5,1.43,1.17,1.16,1.25,1.14,1.16,251.89,283.1,232.36,229.73,247.37,226.65,229.98,04-Jun,05-Jun,06-Jun,07-Jun,08-Jun,09-Jun,03-Jun,04-Jun,05-Jun,06-Jun,07-Jun,08-Jun,09-Jun,0,0,7
Amravati,Amravati,Amravati,Achalpur,Chandur Bazar,7945938,83 Village RRWS Scheme MJP RR (C 39),Deomali,1500,3,0,0,0,0,0,0,0,0,0,0,0,0,0,04-Jun,05-Jun,06-Jun,07-Jun,08-Jun,09-Jun,03-Jun,04-Jun,05-Jun,06-Jun,07-Jun,08-Jun,09-Jun,7,7,0
Amravati,Amravati,Amravati,Achalpur,Chandur Bazar,7945938,83 Village RRWS Scheme MJP RR (C 39),Kumbhi,612,2,0.12,1.28,0.37,1.04,0.5,0.85,73.35,19.43,208.75,60.46,169.61,81.27,138.72,04-Jun,05-Jun,06-Jun,07-Jun,08-Jun,09-Jun,03-Jun,04-Jun,05-Jun,06-Jun,07-Jun,08-Jun,09-Jun,0,1,6
Amravati,Amravati,Amravati,Achalpur,Chandur Bazar,7945938,83 Village RRWS Scheme MJP RR (C 39),Karajgaon (Mahal),1443,4,0,0,0,0,0,0,0,0,0,0,0,0,0,04-Jun,05-Jun,06-Jun,07-Jun,08-Jun,09-Jun,03-Jun,04-Jun,05-Jun,06-Jun,07-Jun,08-Jun,09-Jun,7,7,0
Amravati,Amravati,Amravati,Achalpur,Chandur Bazar,7945938,83 Village RRWS Scheme MJP RR (C 39),Kavitha Bk.,1129,3,3.36,5.33,2.1,4.05,2.4,4.4,453.01,297.61,472.1,186.01,358.72,212.58,389.73,04-Jun,05-Jun,06-Jun,07-Jun,08-Jun,09-Jun,03-Jun,04-Jun,05-Jun,06-Jun,07-Jun,08-Jun,09-Jun,0,0,7
Amravati,Amravati,Amravati,Achalpur,Achalpur,7945938,83 Village RRWS Scheme MJP RR (C 39),Wadgaon Fattepur,855,5,4.17,1.21,3.1,2.62,3.65,2.55,382.1,487.72,141.52,362.28,306.43,426.45,298.36,04-Jun,05-Jun,06-Jun,07-Jun,08-Jun,09-Jun,03-Jun,04-Jun,05-Jun,06-Jun,07-Jun,08-Jun,09-Jun,0,0,7
Amravati,Amravati,Amravati,Achalpur,Achalpur,7945938,83 Village RRWS Scheme MJP RR (C 39),Tondgaon,560,4,1.62,0,1.82,0,1.77,0.04,0,289.29,0,325,0,316.07,7.14,04-Jun,05-Jun,06-Jun,07-Jun,08-Jun,09-Jun,03-Jun,04-Jun,05-Jun,06-Jun,07-Jun,08-Jun,09-Jun,3,4,3
Amravati,Amravati,Amravati,Achalpur,Achalpur,7945938,83 Village RRWS Scheme MJP RR (C 39),Tawalar,675,5,0.28,0.31,1.17,0.96,1.11,1,71.11,41.48,45.93,173.33,142.22,164.44,148.15,04-Jun,05-Jun,06-Jun,07-Jun,08-Jun,09-Jun,03-Jun,04-Jun,05-Jun,06-Jun,07-Jun,08-Jun,09-Jun,0,2,5
Amravati,Amravati,Amravati,Achalpur,Achalpur,7945938,83 Village RRWS Scheme MJP RR (C 39),Eklaspur,486,4,Pt Created,Pt Created,Pt Created,Pt Created,Pt Created,4.42,Pt Created,Pt Created,Pt Created,Pt Created,Pt Created,Pt Created,909.47,04-Jun,05-Jun,06-Jun,07-Jun,08-Jun,09-Jun,03-Jun,04-Jun,05-Jun,06-Jun,07-Jun,08-Jun,09-Jun,0,0,1
Amravati,Amravati,Amravati,Achalpur,Achalpur,7945938,83 Village RRWS Scheme MJP RR (C 39),Chachondi,36,1,Calc Failed,Calc Failed,0,0,0,0,0,0,0,0,0,0,0,04-Jun,05-Jun,06-Jun,07-Jun,08-Jun,09-Jun,03-Jun,04-Jun,05-Jun,06-Jun,07-Jun,08-Jun,09-Jun,7,7,0
Amravati,Amravati,Amravati,Achalpur,Achalpur,7945938,83 Village RRWS Scheme MJP RR (C 39),Bordi,335,1,Calc Failed,Calc Failed,0,12.1,17.47,14.35,0,0,0,0,3611.94,5214.93,4283.58,04-Jun,05-Jun,06-Jun,07-Jun,08-Jun,09-Jun,03-Jun,04-Jun,05-Jun,06-Jun,07-Jun,08-Jun,09-Jun,4,4,3
Amravati,Amravati,Amravati,Achalpur,Achalpur,7945938,83 Village RRWS Scheme MJP RR (C 39),Borgaon Dori,263,1,1.45,1.4,1.48,1.4,2.12,1.42,562.74,551.33,532.32,562.74,532.32,806.08,539.92,04-Jun,05-Jun,06-Jun,07-Jun,08-Jun,09-Jun,03-Jun,04-Jun,05-Jun,06-Jun,07-Jun,08-Jun,09-Jun,0,0,7
Amravati,Amravati,Amravati,Achalpur,Achalpur,7945938,83 Village RRWS Scheme MJP RR (C 39),Borgaon Talani,102,1,0,0,0,0,0,0,0,0,0,0,0,0,0,04-Jun,05-Jun,06-Jun,07-Jun,08-Jun,09-Jun,03-Jun,04-Jun,05-Jun,06-Jun,07-Jun,08-Jun,09-Jun,7,7,0
Amravati,Amravati,Amravati,Achalpur,Achalpur,7945938,83 Village RRWS Scheme MJP RR (C 39),Kakda,1104,2,2.42,0,0,0,2.28,2.39,209.24,219.2,0,0,0,206.52,216.49,04-Jun,05-Jun,06-Jun,07-Jun,08-Jun,09-Jun,03-Jun,04-Jun,05-Jun,06-Jun,07-Jun,08-Jun,09-Jun,3,3,4
Amravati,Amravati,Amravati,Achalpur,Achalpur,20029998,Shahanur & 9 Villages RRWS,Kumbhi Wagholi,507,1,0,0,0,0,0,0,0,0,0,0,0,0,0,04-Jun,05-Jun,06-Jun,07-Jun,08-Jun,09-Jun,03-Jun,04-Jun,05-Jun,06-Jun,07-Jun,08-Jun,09-Jun,7,7,0
Amravati,Amravati,Amravati,Achalpur,Achalpur,20029998,Shahanur & 9 Villages RRWS,Pardi,302,1,0,0,0,0,0,0,0,0,0,0,0,0,0,04-Jun,05-Jun,06-Jun,07-Jun,08-Jun,09-Jun,03-Jun,04-Jun,05-Jun,06-Jun,07-Jun,08-Jun,09-Jun,7,7,0
Amravati,Amravati,Amravati,Achalpur,Achalpur,20029998,Shahanur & 9 Villages RRWS,Januna,1827,3,0.52,1.45,0.24,1.43,1.29,1.56,129.41,28.3,79.45,12.89,78.33,70.84,85.34,04-Jun,05-Jun,06-Jun,07-Jun,08-Jun,09-Jun,03-Jun,04-Jun,05-Jun,06-Jun,07-Jun,08-Jun,09-Jun,0,2,5
Amravati,Amravati,Amravati,Achalpur,Achalpur,20029998,Shahanur & 9 Villages RRWS,Kasampur,1311,2,0,0,0,0,0,0,64.1,0,0,0,0,0,0,04-Jun,05-Jun,06-Jun,07-Jun,08-Jun,09-Jun,03-Jun,04-Jun,05-Jun,06-Jun,07-Jun,08-Jun,09-Jun,5,6,1
Amravati,Amravati,Amravati,Achalpur,Achalpur,20029998,Shahanur & 9 Villages RRWS,Gond Wagholi,1393,2,1.32,1.14,1.04,0,0,0,86.15,94.76,81.84,74.66,0,0,0,04-Jun,05-Jun,06-Jun,07-Jun,08-Jun,09-Jun,03-Jun,04-Jun,05-Jun,06-Jun,07-Jun,08-Jun,09-Jun,3,3,4
Amravati,Amravati,Amravati,Achalpur,Achalpur,7945938,83 Village RRWS Scheme MJP RR (C 39),Belaj,369,2,0.2,0,0.18,0,0.2,0,0,54.2,0,48.78,0,54.2,0,04-Jun,05-Jun,06-Jun,07-Jun,08-Jun,09-Jun,03-Jun,04-Jun,05-Jun,06-Jun,07-Jun,08-Jun,09-Jun,4,7,0
Amravati,Amravati,Amravati,Achalpur,Achalpur,7945938,83 Village RRWS Scheme MJP RR (C 39),Aregaon,158,1,Calc Failed,Calc Failed,0,0,0,0,0,0,0,0,0,0,0,04-Jun,05-Jun,06-Jun,07-Jun,08-Jun,09-Jun,03-Jun,04-Jun,05-Jun,06-Jun,07-Jun,08-Jun,09-Jun,7,7,0
Amravati,Amravati,Amravati,Achalpur,Achalpur,20029998,Shahanur & 9 Villages RRWS,Walmikpur,557,1,0,0,0,0,0,0,0,0,0,0,0,0,0,04-Jun,05-Jun,06-Jun,07-Jun,08-Jun,09-Jun,03-Jun,04-Jun,05-Jun,06-Jun,07-Jun,08-Jun,09-Jun,7,7,0
Amravati,Amravati,Amravati,Achalpur,Achalpur,20029998,Shahanur & 9 Villages RRWS,Waghdoh,783,2,0,0.15,1.32,1.66,1.15,0.81,133.27,0,19.66,168.37,212.42,146.64,103.79,04-Jun,05-Jun,06-Jun,07-Jun,08-Jun,09-Jun,03-Jun,04-Jun,05-Jun,06-Jun,07-Jun,08-Jun,09-Jun,1,2,5
Amravati,Amravati,Amravati,Achalpur,Chandur Bazar,7945938,83 Village RRWS Scheme MJP RR (C 39),Pimpari Thugaon,405,1,18.59,25.48,21.88,19.01,21.8,28.77,9158.02,4590.12,6291.36,5402.47,4693.83,5382.72,7103.7,04-Jun,05-Jun,06-Jun,07-Jun,08-Jun,09-Jun,03-Jun,04-Jun,05-Jun,06-Jun,07-Jun,08-Jun,09-Jun,0,0,7
Amravati,Amravati,Amravati,Achalpur,Chandur Bazar,7945938,83 Village RRWS Scheme MJP RR (C 39),Govindpur,330,1,0.63,0.66,0.63,0.6,0.59,0.62,212.12,190.91,200,190.91,181.82,178.79,187.88,04-Jun,05-Jun,06-Jun,07-Jun,08-Jun,09-Jun,03-Jun,04-Jun,05-Jun,06-Jun,07-Jun,08-Jun,09-Jun,0,0,7
Amravati,Akola,Buldhana,Buldhana,Buldhana,20021406,Padali & 5 Villages RRWSS,Palaskhed Naik,1098,1,0,0,0,0,0,0.07,0,0,0,0,0,0,6.38,04-Jun,05-Jun,06-Jun,07-Jun,08-Jun,09-Jun,03-Jun,04-Jun,05-Jun,06-Jun,07-Jun,08-Jun,09-Jun,6,7,0
Amravati,Akola,Buldhana,Buldhana,Buldhana,20021406,Padali & 5 Villages RRWSS,Palaskhed Nago,712,1,0,0,0,0,0,0,0,0,0,0,0,0,0,04-Jun,05-Jun,06-Jun,07-Jun,08-Jun,09-Jun,03-Jun,04-Jun,05-Jun,06-Jun,07-Jun,08-Jun,09-Jun,7,7,0
Amravati,Akola,Buldhana,Buldhana,Buldhana,20021406,Padali & 5 Villages RRWSS,Ijalpur,817,1,1.61,0.34,0.03,0.07,0.05,1.41,3.67,197.06,41.62,3.67,8.57,6.12,172.58,04-Jun,05-Jun,06-Jun,07-Jun,08-Jun,09-Jun,03-Jun,04-Jun,05-Jun,06-Jun,07-Jun,08-Jun,09-Jun,0,5,2
Amravati,Akola,Buldhana,Buldhana,Buldhana,20021406,Padali & 5 Villages RRWSS,Gondhankhed,413,1,0,0,0,0,0,0,0,0,0,0,0,0,0,04-Jun,05-Jun,06-Jun,07-Jun,08-Jun,09-Jun,03-Jun,04-Jun,05-Jun,06-Jun,07-Jun,08-Jun,09-Jun,7,7,0
Amravati,Akola,Buldhana,Buldhana,Buldhana,20021406,Padali & 5 Villages RRWSS,Padli,2502,2,0.55,0,1.13,1.04,0,0,17,21.84,0,45.33,41.63,0,0,04-Jun,05-Jun,06-Jun,07-Jun,08-Jun,09-Jun,03-Jun,04-Jun,05-Jun,06-Jun,07-Jun,08-Jun,09-Jun,3,7,0
Amravati,Akola,Buldhana,Buldhana,Buldhana,20021406,Padali & 5 Villages RRWSS,Merkhed,125,1,0,0.02,0.01,0.15,0,0,0,0,16,8,120,0,0,04-Jun,05-Jun,06-Jun,07-Jun,08-Jun,09-Jun,03-Jun,04-Jun,05-Jun,06-Jun,07-Jun,08-Jun,09-Jun,4,6,1
Amravati,Amravati,Amravati,Achalpur,Chandur Bazar,7945938,83 Village RRWS Scheme MJP RR (C 39),Kajali,363,1,1.21,0.81,1.03,0.99,1.05,0.97,286.5,333.33,223.14,283.75,272.73,289.26,267.22,04-Jun,05-Jun,06-Jun,07-Jun,08-Jun,09-Jun,03-Jun,04-Jun,05-Jun,06-Jun,07-Jun,08-Jun,09-Jun,0,0,7
Amravati,Amravati,Amravati W.M,W.M.Amravati - 2,Bhatkuli,20003791,105 Villages RRWSS,Chimnapur E.,0,1,4.61,6.8,0,0.23,0.02,0.49,0,0,0,0,0,0,0,04-Jun,05-Jun,06-Jun,07-Jun,08-Jun,09-Jun,03-Jun,04-Jun,05-Jun,06-Jun,07-Jun,08-Jun,09-Jun,7,7,0
Amravati,Amravati,Amravati,Amravati - 2,Nandgaon Khandeshwar,20030287,Takli & 4 Villages RRWS,Takali,2522,2,0.59,0.74,1.12,1.21,0.12,1.08,62.15,23.52,29.3,44.37,47.98,4.94,42.76,04-Jun,05-Jun,06-Jun,07-Jun,08-Jun,09-Jun,03-Jun,04-Jun,05-Jun,06-Jun,07-Jun,08-Jun,09-Jun,0,6,1
Amravati,Amravati,Amravati,Amravati - 2,Nandgaon Khandeshwar,20030287,Takli & 4 Villages RRWS,Hiwara Kh.,1671,2,166.68,166.94,179.33,174.49,188.61,195.92,12350.09,9974.87,9990.42,10731.9,10442.25,11287.25,11724.72,04-Jun,05-Jun,06-Jun,07-Jun,08-Jun,09-Jun,03-Jun,04-Jun,05-Jun,06-Jun,07-Jun,08-Jun,09-Jun,0,0,7
Amravati,Amravati,Amravati,Amravati - 2,Nandgaon Khandeshwar,20030263,Dhanora Gurav & 8 Villages RRWS,Pusner,441,1,0.78,0.9,0.95,0.87,0.96,0,213.28,177.33,204.58,215.91,196.23,218.13,0,04-Jun,05-Jun,06-Jun,07-Jun,08-Jun,09-Jun,03-Jun,04-Jun,05-Jun,06-Jun,07-Jun,08-Jun,09-Jun,1,1,6
Amravati,Amravati,Amravati,Amravati - 2,Nandgaon Khandeshwar,20030263,Dhanora Gurav & 8 Villages RRWS,Pimpri Gawanda,536,1,0,0,0,0,0,0,0,0,0,0,0,0,0,04-Jun,05-Jun,06-Jun,07-Jun,08-Jun,09-Jun,03-Jun,04-Jun,05-Jun,06-Jun,07-Jun,08-Jun,09-Jun,7,7,0
Amravati,Amravati,Amravati,Amravati - 2,Nandgaon Khandeshwar,20030263,Dhanora Gurav & 8 Villages RRWS,Palas Mandal,1353,2,0,0,0,0,0,0,0,0,0,0,0,0,0,04-Jun,05-Jun,06-Jun,07-Jun,08-Jun,09-Jun,03-Jun,04-Jun,05-Jun,06-Jun,07-Jun,08-Jun,09-Jun,7,7,0
Amravati,Amravati,Amravati,Amravati - 2,Nandgaon Khandeshwar,20030287,Takli & 4 Villages RRWS,Dahigaon,Unsupported Data Type,1,33.47,26.86,38.11,20.58,20.38,29.58,0,0,0,0,0,0,0,04-Jun,05-Jun,06-Jun,07-Jun,08-Jun,09-Jun,03-Jun,04-Jun,05-Jun,06-Jun,07-Jun,08-Jun,09-Jun,7,7,0
Amravati,Amravati,Amravati,Amravati - 2,Nandgaon Khandeshwar,20030287,Takli & 4 Villages RRWS,Ful Aamla,1771,2,0,0.01,0,0.01,0,0.01,0.36,0.16,0.61,0.17,0.55,0.19,0.33,04-Jun,05-Jun,06-Jun,07-Jun,08-Jun,09-Jun,03-Jun,04-Jun,05-Jun,06-Jun,07-Jun,08-Jun,09-Jun,0,7,0
Amravati,Amravati,Amravati,Amravati - 2,Nandgaon Khandeshwar,20030287,Takli & 4 Villages RRWS,Bopnemtaba,849,1,0.58,0.47,0.59,0.47,0.58,0.47,60.07,68.32,55.36,69.49,55.36,68.32,55.36,04-Jun,05-Jun,06-Jun,07-Jun,08-Jun,09-Jun,03-Jun,04-Jun,05-Jun,06-Jun,07-Jun,08-Jun,09-Jun,0,0,7
Amravati,Amravati,Amravati,Amravati - 2,Nandgaon Khandeshwar,20030263,Dhanora Gurav & 8 Villages RRWS,Wadala,446,1,0.64,0.64,0.64,0.64,0.64,0.64,144.52,144.52,144.52,144.52,144.52,144.52,144.52,04-Jun,05-Jun,06-Jun,07-Jun,08-Jun,09-Jun,03-Jun,04-Jun,05-Jun,06-Jun,07-Jun,08-Jun,09-Jun,0,0,7
Amravati,Amravati,Amravati,Amravati - 2,Nandgaon Khandeshwar,20030120,Papal & 5 Villages RRWS,Tighora,433,1,0,0,0,0,0,0,0,0,0,0,0,0,0,04-Jun,05-Jun,06-Jun,07-Jun,08-Jun,09-Jun,03-Jun,04-Jun,05-Jun,06-Jun,07-Jun,08-Jun,09-Jun,7,7,0
Amravati,Amravati,Amravati,Amravati - 2,Nandgaon Khandeshwar,20030263,Dhanora Gurav & 8 Villages RRWS,Hiwra Murada,1089,2,0.73,623.83,0.5,0.41,0.93,0,63.61,66.58,57284.64,45.62,37.84,85.54,0.27,04-Jun,05-Jun,06-Jun,07-Jun,08-Jun,09-Jun,03-Jun,04-Jun,05-Jun,06-Jun,07-Jun,08-Jun,09-Jun,0,3,4
Amravati,Amravati,Amravati,Amravati - 2,Nandgaon Khandeshwar,20030263,Dhanora Gurav & 8 Villages RRWS,Dharmapur,809,1,0,0,0,0,0,0,0,0,0,0,0,0,0,04-Jun,05-Jun,06-Jun,07-Jun,08-Jun,09-Jun,03-Jun,04-Jun,05-Jun,06-Jun,07-Jun,08-Jun,09-Jun,7,7,0
Amravati,Amravati,Amravati,Amravati - 2,Nandgaon Khandeshwar,20030263,Dhanora Gurav & 8 Villages RRWS,Dhanora Gurav,1796,2,0.47,0,0.03,0,0.43,0,0,26.41,0,1.47,0.14,23.95,0.06,04-Jun,05-Jun,06-Jun,07-Jun,08-Jun,09-Jun,03-Jun,04-Jun,05-Jun,06-Jun,07-Jun,08-Jun,09-Jun,2,7,0
Amravati,Amravati,Amravati,Amravati - 2,Nandgaon Khandeshwar,20030120,Papal & 5 Villages RRWS,Papal,3628,2,0,0,0,0,0,0,0,0,0,0,0,0,0,04-Jun,05-Jun,06-Jun,07-Jun,08-Jun,09-Jun,03-Jun,04-Jun,05-Jun,06-Jun,07-Jun,08-Jun,09-Jun,7,7,0
Amravati,Amravati,Amravati,Amravati - 2,Nandgaon Khandeshwar,20030120,Papal & 5 Villages RRWS,Lohgaon,Unsupported Data Type,2,0.49,0.33,0.41,0.36,0.5,0.34,0,0,0,0,0,0,0,04-Jun,05-Jun,06-Jun,07-Jun,08-Jun,09-Jun,03-Jun,04-Jun,05-Jun,06-Jun,07-Jun,08-Jun,09-Jun,7,7,0
Amravati,Akola,Buldhana,Buldhana,Motala,20028065,Pophali & 3 Villages RRWSS,Wadi,724,2,0,0,0.09,0.08,0,0,9.74,0.1,0.1,12.51,11.11,0.06,0.04,04-Jun,05-Jun,06-Jun,07-Jun,08-Jun,09-Jun,03-Jun,04-Jun,05-Jun,06-Jun,07-Jun,08-Jun,09-Jun,0,7,0
Amravati,Akola,Buldhana,Buldhana,Motala,20028065,Pophali & 3 Villages RRWSS,Pophali,2833,2,2.76,2.42,1.7,2.8,2.67,3.03,75.15,97.54,85.56,60.14,98.75,94.39,106.99,04-Jun,05-Jun,06-Jun,07-Jun,08-Jun,09-Jun,03-Jun,04-Jun,05-Jun,06-Jun,07-Jun,08-Jun,09-Jun,0,0,7
Amravati,Akola,Buldhana,Buldhana,Motala,20028065,Pophali & 3 Villages RRWSS,Dhonkhed,970,2,0,0,0.3,0.53,0,0,42.27,0,0,30.93,54.64,0,0,04-Jun,05-Jun,06-Jun,07-Jun,08-Jun,09-Jun,03-Jun,04-Jun,05-Jun,06-Jun,07-Jun,08-Jun,09-Jun,4,7,0
Amravati,Akola,Buldhana,Buldhana,Motala,20028065,Pophali & 3 Villages RRWSS,Chawarda,1202,1,1.17,4.84,0,1.52,9.46,3.18,782.86,97.34,402.66,0,126.46,787.02,264.56,04-Jun,05-Jun,06-Jun,07-Jun,08-Jun,09-Jun,03-Jun,04-Jun,05-Jun,06-Jun,07-Jun,08-Jun,09-Jun,1,1,6
Amravati,Akola,Buldhana,Buldhana,Motala,20027978,Dhamangaon Deshmukh & 9 Villages RRWSS,Isalwadi,1075,1,0,0,0,1,0.7,0,0,0,0,0,93.02,64.82,0,04-Jun,05-Jun,06-Jun,07-Jun,08-Jun,09-Jun,03-Jun,04-Jun,05-Jun,06-Jun,07-Jun,08-Jun,09-Jun,5,5,2
Amravati,Akola,Buldhana,Buldhana,Motala,20027978,Dhamangaon Deshmukh & 9 Villages RRWSS,Nimkhedi,850,2,0,0,0,0,0,0,0,0,0,0,0,0,0,04-Jun,05-Jun,06-Jun,07-Jun,08-Jun,09-Jun,03-Jun,04-Jun,05-Jun,06-Jun,07-Jun,08-Jun,09-Jun,7,7,0
Amravati,Akola,Buldhana,Buldhana,Motala,20027978,Dhamangaon Deshmukh & 9 Villages RRWSS,Giroli,1418,1,0,0,0,0,0,0,0,0,0,0,0,0,0,04-Jun,05-Jun,06-Jun,07-Jun,08-Jun,09-Jun,03-Jun,04-Jun,05-Jun,06-Jun,07-Jun,08-Jun,09-Jun,7,7,0
Amravati,Akola,Buldhana,Buldhana,Motala,20027978,Dhamangaon Deshmukh & 9 Villages RRWSS,Dhamangaon Deshmukh,1452,1,0,0,2.29,0,0,0,0,0,0,157.78,0,0,0,04-Jun,05-Jun,06-Jun,07-Jun,08-Jun,09-Jun,03-Jun,04-Jun,05-Jun,06-Jun,07-Jun,08-Jun,09-Jun,6,6,1
Amravati,Akola,Buldhana,Buldhana,Motala,20027978,Dhamangaon Deshmukh & 9 Villages RRWSS,Chinchkhed Nath,1366,2,0,0.02,0,0,0,0,0.02,0.03,1.58,0.09,0.06,0.02,0.02,04-Jun,05-Jun,06-Jun,07-Jun,08-Jun,09-Jun,03-Jun,04-Jun,05-Jun,06-Jun,07-Jun,08-Jun,09-Jun,0,7,0
Amravati,Akola,Buldhana,Buldhana,Motala,20027978,Dhamangaon Deshmukh & 9 Villages RRWSS,Ramgaon Tanda,475,3,0,0,0.78,2.18,0.96,0,0,0,0,165.06,458.95,201.39,0.19,04-Jun,05-Jun,06-Jun,07-Jun,08-Jun,09-Jun,03-Jun,04-Jun,05-Jun,06-Jun,07-Jun,08-Jun,09-Jun,3,4,3
Amravati,Akola,Buldhana,Buldhana,Motala,20027978,Dhamangaon Deshmukh & 9 Villages RRWSS,Pimpalgaon Nath Tanda,891,2,0,0.01,1.25,0,0,0,14.32,0.32,0.78,140.8,0.32,0.53,0,04-Jun,05-Jun,06-Jun,07-Jun,08-Jun,09-Jun,03-Jun,04-Jun,05-Jun,06-Jun,07-Jun,08-Jun,09-Jun,1,6,1
Amravati,Akola,Buldhana,Buldhana,Motala,20027978,Dhamangaon Deshmukh & 9 Villages RRWSS,Pimpalgaon Nath,1482,2,0.4,0.42,0.72,1.46,1.22,0,59.9,27.11,28.01,48.26,98.21,82.19,0,04-Jun,05-Jun,06-Jun,07-Jun,08-Jun,09-Jun,03-Jun,04-Jun,05-Jun,06-Jun,07-Jun,08-Jun,09-Jun,1,4,3
Amravati,Akola,Buldhana,Buldhana,Motala,20021409,Kurha & 2 Villages RRWSS,Gotmara,1309,1,0,0,0,0,0,0,0,0,0,0,0,0,0,04-Jun,05-Jun,06-Jun,07-Jun,08-Jun,09-Jun,03-Jun,04-Jun,05-Jun,06-Jun,07-Jun,08-Jun,09-Jun,7,7,0
Amravati,Akola,Buldhana,Buldhana,Motala,20027978,Dhamangaon Deshmukh & 9 Villages RRWSS,Bhangi Vasti,244,1,0,0,0,0,0,0,0,0,0,0,0,0,0,04-Jun,05-Jun,06-Jun,07-Jun,08-Jun,09-Jun,03-Jun,04-Jun,05-Jun,06-Jun,07-Jun,08-Jun,09-Jun,7,7,0
Amravati,Akola,Buldhana,Buldhana,Motala,20027978,Dhamangaon Deshmukh & 9 Villages RRWSS,Bhangi Tanda,398,1,0,0,0,4.16,0,3.1,0,0,0,0,1045.23,0,778.89,04-Jun,05-Jun,06-Jun,07-Jun,08-Jun,09-Jun,03-Jun,04-Jun,05-Jun,06-Jun,07-Jun,08-Jun,09-Jun,5,5,2
Amravati,Akola,Buldhana,Buldhana,Motala,20021409,Kurha & 2 Villages RRWSS,Kurha,2299,2,1.06,1.96,2.35,0.87,1.38,0.55,20.44,46.3,85.47,102.03,37.7,59.95,23.97,04-Jun,05-Jun,06-Jun,07-Jun,08-Jun,09-Jun,03-Jun,04-Jun,05-Jun,06-Jun,07-Jun,08-Jun,09-Jun,0,4,3
Amravati,Akola,Buldhana,Buldhana,Motala,20021409,Kurha & 2 Villages RRWSS,Hanwatkhed,801,1,0,0,0,0,0,0,0,0,0,0,0,0,0,04-Jun,05-Jun,06-Jun,07-Jun,08-Jun,09-Jun,03-Jun,04-Jun,05-Jun,06-Jun,07-Jun,08-Jun,09-Jun,7,7,0
Amravati,Amravati,Amravati W.M,W.M.Amravati - 2,Chandur Bazar,20003791,105 Villages RRWSS,Nandura Bk.,2311,3,10.4,0,53.26,0,44.41,0,1224.16,449.84,0,2304.44,0,1921.55,0,04-Jun,05-Jun,06-Jun,07-Jun,08-Jun,09-Jun,03-Jun,04-Jun,05-Jun,06-Jun,07-Jun,08-Jun,09-Jun,3,3,4
Amravati,Amravati,Amravati,Achalpur,Chandur Bazar,7945938,83 Village RRWS Scheme MJP RR (C 39),Deurwada,912,3,2.9,3.12,3.14,3.08,3.08,2.54,212.72,317.98,342.11,344.3,337.72,337.72,278.51,04-Jun,05-Jun,06-Jun,07-Jun,08-Jun,09-Jun,03-Jun,04-Jun,05-Jun,06-Jun,07-Jun,08-Jun,09-Jun,0,0,7
Amravati,Amravati,Amravati,Achalpur,Achalpur,7945938,83 Village RRWS Scheme MJP RR (C 39),Dewari,107,1,Calc Failed,Calc Failed,0,0.02,0.01,0,0,0,0,0,18.69,9.35,0,04-Jun,05-Jun,06-Jun,07-Jun,08-Jun,09-Jun,03-Jun,04-Jun,05-Jun,06-Jun,07-Jun,08-Jun,09-Jun,5,7,0
Amravati,Amravati,Amravati,Achalpur,Achalpur,7945938,83 Village RRWS Scheme MJP RR (C 39),Dhanora,149,1,Calc Failed,Calc Failed,0,0,0,0,0,0,0,0,0,0,0,04-Jun,05-Jun,06-Jun,07-Jun,08-Jun,09-Jun,03-Jun,04-Jun,05-Jun,06-Jun,07-Jun,08-Jun,09-Jun,7,7,0
Amravati,Amravati,Amravati,Achalpur,Achalpur,7945938,83 Village RRWS Scheme MJP RR (C 39),Dhotarkheda,802,2,0,0,0,0,0,0,0,0,0,0,0,0,0,04-Jun,05-Jun,06-Jun,07-Jun,08-Jun,09-Jun,03-Jun,04-Jun,05-Jun,06-Jun,07-Jun,08-Jun,09-Jun,7,7,0
Amravati,Amravati,Amravati W.M,W.M.Amravati - 2,Chandur Bazar,20003791,105 Villages RRWSS,Mhaispur,794,1,0.59,0.63,0.67,0.68,0.69,0.53,83.12,74.31,79.35,84.38,85.64,86.9,66.75,04-Jun,05-Jun,06-Jun,07-Jun,08-Jun,09-Jun,03-Jun,04-Jun,05-Jun,06-Jun,07-Jun,08-Jun,09-Jun,0,0,7
Amravati,Amravati,Amravati,Achalpur,Achalpur,7945938,83 Village RRWS Scheme MJP RR (C 39),Kushta kd,225,1,No Data,No Data,No Data,No Data,No Data,0,No Data,No Data,No Data,No Data,No Data,No Data,0,04-Jun,05-Jun,06-Jun,07-Jun,08-Jun,09-Jun,03-Jun,04-Jun,05-Jun,06-Jun,07-Jun,08-Jun,09-Jun,1,1,0
Amravati,Amravati,Amravati W.M,W.M.Amravati - 2,Bhatkuli,20003791,105 Villages RRWSS,Hatkhed,1221,3,0.99,1.98,0.71,0.74,0.67,0.78,69.62,81.08,162.16,58.15,60.61,54.87,63.88,04-Jun,05-Jun,06-Jun,07-Jun,08-Jun,09-Jun,03-Jun,04-Jun,05-Jun,06-Jun,07-Jun,08-Jun,09-Jun,0,1,6
Amravati,Amravati,Amravati W.M,W.M.Amravati - 2,Bhatkuli,20003791,105 Villages RRWSS,Hiwara,689,1,8.14,12.14,7.33,12.08,7.84,12.53,1734.4,1181.42,1761.97,1063.86,1753.27,1137.88,1818.58,04-Jun,05-Jun,06-Jun,07-Jun,08-Jun,09-Jun,03-Jun,04-Jun,05-Jun,06-Jun,07-Jun,08-Jun,09-Jun,0,0,7
Amravati,Amravati,Yavatmal,Pusad,Pusad,20028563,"Malpathar 28 Villages, (Reju.)",Aadgaon,2510,3,0,0,0,0,0,0,0,0,0,0,0,0,0,04-Jun,05-Jun,06-Jun,07-Jun,08-Jun,09-Jun,03-Jun,04-Jun,05-Jun,06-Jun,07-Jun,08-Jun,09-Jun,7,7,0
Amravati,Akola,Akola,Murtizapur,Murtizapur,20028330,Langhapur 50 VRRWSS Tq. Murtizapur Dist. Akola,Rajura Ghate,268,1,0.05,2.02,0,2.09,0,0,630.6,19.14,753.73,0,779.85,0,0,04-Jun,05-Jun,06-Jun,07-Jun,08-Jun,09-Jun,03-Jun,04-Jun,05-Jun,06-Jun,07-Jun,08-Jun,09-Jun,3,4,3
Amravati,Akola,Akola,Murtizapur,Murtizapur,20028330,Langhapur 50 VRRWSS Tq. Murtizapur Dist. Akola,Nimba,541,1,0,0,0,0,0,0,0,0,0,0,0,0,0,04-Jun,05-Jun,06-Jun,07-Jun,08-Jun,09-Jun,03-Jun,04-Jun,05-Jun,06-Jun,07-Jun,08-Jun,09-Jun,7,7,0
Amravati,Akola,Akola,Murtizapur,Murtizapur,20028330,Langhapur 50 VRRWSS Tq. Murtizapur Dist. Akola,Dhotra shinde,455,2,0,0,0,0,0.87,0,0,0,0,0,0,191.21,0,04-Jun,05-Jun,06-Jun,07-Jun,08-Jun,09-Jun,03-Jun,04-Jun,05-Jun,06-Jun,07-Jun,08-Jun,09-Jun,6,6,1
Amravati,Akola,Akola,Murtizapur,Murtizapur,20028330,Langhapur 50 VRRWSS Tq. Murtizapur Dist. Akola,Dahatonda,302,1,1.38,1.39,1.35,2.65,2.82,2.29,461.09,458.51,459.2,446.21,876.16,933.81,757.39,04-Jun,05-Jun,06-Jun,07-Jun,08-Jun,09-Jun,03-Jun,04-Jun,05-Jun,06-Jun,07-Jun,08-Jun,09-Jun,0,0,7
Amravati,Amravati,Amravati,Amravati - 2,Chandur Rly,20030227,Chirodi & 4 Villages RRWS,Sawangi Magrapur,1385,2,0.91,0.01,0.81,0.82,0.93,0.88,65.16,65.49,0.97,58.24,58.88,67.24,63.38,04-Jun,05-Jun,06-Jun,07-Jun,08-Jun,09-Jun,03-Jun,04-Jun,05-Jun,06-Jun,07-Jun,08-Jun,09-Jun,0,1,6
Amravati,Amravati,Amravati,Amravati - 2,Chandur Rly,20030227,Chirodi & 4 Villages RRWS,Pathargaon,879,2,1.07,1.03,1.08,0.88,0.94,0.83,95.77,121.31,117.21,123.26,99.68,107.39,94.2,04-Jun,05-Jun,06-Jun,07-Jun,08-Jun,09-Jun,03-Jun,04-Jun,05-Jun,06-Jun,07-Jun,08-Jun,09-Jun,0,0,7
Amravati,Amravati,Amravati,Amravati - 2,Chandur Rly,20030227,Chirodi & 4 Villages RRWS,Karala,3161,4,6797.12,5480.84,4897.52,10695.68,11770.12,7332.88,314338.5,215030.69,173389.43,154935.78,338363.81,372354.32,231979.75,04-Jun,05-Jun,06-Jun,07-Jun,08-Jun,09-Jun,03-Jun,04-Jun,05-Jun,06-Jun,07-Jun,08-Jun,09-Jun,0,0,7
Amravati,Amravati,Amravati,Amravati - 2,Chandur Rly,20030227,Chirodi & 4 Villages RRWS,Chirodi,2434,4,0.34,0.48,0.24,0.24,0.33,0.37,10.19,13.97,19.53,9.78,9.66,13.58,15.27,04-Jun,05-Jun,06-Jun,07-Jun,08-Jun,09-Jun,03-Jun,04-Jun,05-Jun,06-Jun,07-Jun,08-Jun,09-Jun,0,7,0
Amravati,Amravati,Amravati W.M,W.M.Amravati - 2,Bhatkuli,20003791,105 Villages RRWSS,Jalaka,1577,1,0.6,0.61,0.36,0.52,0.57,0.43,17.76,38.05,38.68,22.83,32.97,36.14,27.27,04-Jun,05-Jun,06-Jun,07-Jun,08-Jun,09-Jun,03-Jun,04-Jun,05-Jun,06-Jun,07-Jun,08-Jun,09-Jun,0,7,0
Amravati,Amravati,Amravati,Achalpur,Achalpur,7945938,83 Village RRWS Scheme MJP RR (C 39),Jawardi,221,1,No Data,No Data,No Data,No Data,No Data,0,No Data,No Data,No Data,No Data,No Data,No Data,0,04-Jun,05-Jun,06-Jun,07-Jun,08-Jun,09-Jun,03-Jun,04-Jun,05-Jun,06-Jun,07-Jun,08-Jun,09-Jun,1,1,0
Amravati,Amravati,Amravati W.M,W.M.Amravati - 2,Bhatkuli,20003791,105 Villages RRWSS,Anakwadi,649,1,0,0,0.9,0,0,0.42,63.17,0,0,138.67,0,0,64.71,04-Jun,05-Jun,06-Jun,07-Jun,08-Jun,09-Jun,03-Jun,04-Jun,05-Jun,06-Jun,07-Jun,08-Jun,09-Jun,4,4,3
Amravati,Amravati,Amravati W.M,W.M.Amravati - 2,Chandur Bazar,20003791,105 Villages RRWSS,Pusda,5512,4,0.63,0.79,0.7,0.52,0.88,0.68,13.79,11.43,14.33,12.7,9.43,15.97,12.34,04-Jun,05-Jun,06-Jun,07-Jun,08-Jun,09-Jun,03-Jun,04-Jun,05-Jun,06-Jun,07-Jun,08-Jun,09-Jun,0,7,0
Amravati,Amravati,Amravati W.M,W.M.Amravati - 2,Chandur Bazar,20003791,105 Villages RRWSS,Nirul,1528,4,2.09,1.65,1.94,1.65,1.68,1.62,114.53,136.78,107.98,126.96,107.98,109.95,106.02,04-Jun,05-Jun,06-Jun,07-Jun,08-Jun,09-Jun,03-Jun,04-Jun,05-Jun,06-Jun,07-Jun,08-Jun,09-Jun,0,0,7
Amravati,Amravati,Amravati W.M,W.M.Amravati - 2,Chandur Bazar,20003791,105 Villages RRWSS,Naya Akola,3201,6,0,0,0,0,0,0,0,0,0,0,0,0,0,04-Jun,05-Jun,06-Jun,07-Jun,08-Jun,09-Jun,03-Jun,04-Jun,05-Jun,06-Jun,07-Jun,08-Jun,09-Jun,7,7,0
Amravati,Amravati,Amravati W.M,W.M.Amravati - 2,Chandur Bazar,20003791,105 Villages RRWSS,Pohara,517,1,0.68,0.11,1.44,0,1.21,0,0,131.53,21.28,278.53,0,234.04,0,04-Jun,05-Jun,06-Jun,07-Jun,08-Jun,09-Jun,03-Jun,04-Jun,05-Jun,06-Jun,07-Jun,08-Jun,09-Jun,3,4,3
Amravati,Amravati,Amravati W.M,W.M.Amravati - 2,Bhatkuli,20003791,105 Villages RRWSS,Nanori,1237,1,21.47,30.2,17.51,30.15,18.96,30.68,2407.39,1735.55,2441.11,1415.75,2437.32,1532.59,2480.4,04-Jun,05-Jun,06-Jun,07-Jun,08-Jun,09-Jun,03-Jun,04-Jun,05-Jun,06-Jun,07-Jun,08-Jun,09-Jun,0,0,7
Nashik,Nashik,W M Nashik,Malegaon,Chandwad,20086730,Retro.Chandwad and WSS 44 villages. Ta. Chandwad,Sutarkhede,1742,1,0,0,0,0,0,0,48.03,0,0,0,0,0,0,04-Jun,05-Jun,06-Jun,07-Jun,08-Jun,09-Jun,03-Jun,04-Jun,05-Jun,06-Jun,07-Jun,08-Jun,09-Jun,6,7,0
Nashik,Nashik,W M Nashik,Malegaon,Chandwad,20086730,Retro.Chandwad and WSS 44 villages. Ta. Chandwad,Talegaon Rohi,8039,1,0,0,0,0,0,0,0,0,0,0,0,0,0,04-Jun,05-Jun,06-Jun,07-Jun,08-Jun,09-Jun,03-Jun,04-Jun,05-Jun,06-Jun,07-Jun,08-Jun,09-Jun,7,7,0
Nashik,Nashik,W M Nashik,Malegaon,Chandwad,20086730,Retro.Chandwad and WSS 44 villages. Ta. Chandwad,Talwade,925,1,0.45,0.24,0,0,0,0,0,48.67,25.49,0,0,0,0,04-Jun,05-Jun,06-Jun,07-Jun,08-Jun,09-Jun,03-Jun,04-Jun,05-Jun,06-Jun,07-Jun,08-Jun,09-Jun,5,7,0
Nashik,Nashik,W M Nashik,Malegaon,Chandwad,20086730,Retro.Chandwad and WSS 44 villages. Ta. Chandwad,Sogras,1649,1,0,0,0,0,0,0,0,0,0,0,0,0,0,04-Jun,05-Jun,06-Jun,07-Jun,08-Jun,09-Jun,03-Jun,04-Jun,05-Jun,06-Jun,07-Jun,08-Jun,09-Jun,7,7,0
Nashik,Nashik,W M Nashik,Malegaon,Chandwad,20086730,Retro.Chandwad and WSS 44 villages. Ta. Chandwad,Soni Sangvi,764,1,0,0,0,0,0,0,0,0,0,0,0,0,0,04-Jun,05-Jun,06-Jun,07-Jun,08-Jun,09-Jun,03-Jun,04-Jun,05-Jun,06-Jun,07-Jun,08-Jun,09-Jun,7,7,0
Nashik,Nashik,W M Nashik,Malegaon,Chandwad,20086730,Retro.Chandwad and WSS 44 villages. Ta. Chandwad,Shinde,1804,2,0,0,0.28,0,1.51,0,0.23,0,0,15.76,0.02,83.71,0,04-Jun,05-Jun,06-Jun,07-Jun,08-Jun,09-Jun,03-Jun,04-Jun,05-Jun,06-Jun,07-Jun,08-Jun,09-Jun,3,6,1
Nashik,Nashik,W M Nashik,Malegaon,Chandwad,20086730,Retro.Chandwad and WSS 44 villages. Ta. Chandwad,Shirsane,1717,1,0,0.41,0,0.56,0.04,0,0,0,23.77,0,32.84,2.33,0,04-Jun,05-Jun,06-Jun,07-Jun,08-Jun,09-Jun,03-Jun,04-Jun,05-Jun,06-Jun,07-Jun,08-Jun,09-Jun,4,7,0
Nashik,Nashik,W M Nashik,Malegaon,Chandwad,20086730,Retro.Chandwad and WSS 44 villages. Ta. Chandwad,Shirur,1835,2,0,0,0,0,0,0,0,0,0,0,0,0,0,04-Jun,05-Jun,06-Jun,07-Jun,08-Jun,09-Jun,03-Jun,04-Jun,05-Jun,06-Jun,07-Jun,08-Jun,09-Jun,5,7,0
Nashik,Nashik,W M Nashik,Malegaon,Chandwad,20086730,Retro.Chandwad and WSS 44 villages. Ta. Chandwad,Shelu Matha,1622,1,0,0,0,0.55,0.65,0.55,0,0,0,0,33.96,40.33,34.14,04-Jun,05-Jun,06-Jun,07-Jun,08-Jun,09-Jun,03-Jun,04-Jun,05-Jun,06-Jun,07-Jun,08-Jun,09-Jun,4,7,0
Nashik,Nashik,W M Nashik,Malegaon,Chandwad,20086730,Retro.Chandwad and WSS 44 villages. Ta. Chandwad,Shelu Varche,1622,1,0,0,0,0,0,0,0,0,0,0,0,0,0,04-Jun,05-Jun,06-Jun,07-Jun,08-Jun,09-Jun,03-Jun,04-Jun,05-Jun,06-Jun,07-Jun,08-Jun,09-Jun,7,7,0
Nashik,Nashik,W M Nashik,Malegaon,Chandwad,20086730,Retro.Chandwad and WSS 44 villages. Ta. Chandwad,Vitave,1920,1,0.03,0.13,0.75,0.04,0.04,0.39,40.74,1.51,6.83,39.31,2.15,2.04,20.43,04-Jun,05-Jun,06-Jun,07-Jun,08-Jun,09-Jun,03-Jun,04-Jun,05-Jun,06-Jun,07-Jun,08-Jun,09-Jun,0,7,0
Nashik,Nashik,W M Nashik,Malegaon,Chandwad,20086730,Retro.Chandwad and WSS 44 villages. Ta. Chandwad,Vaki Kh,2158,1,0.17,0,0,0,0,0,74.17,8.01,0,0,0,0,0,04-Jun,05-Jun,06-Jun,07-Jun,08-Jun,09-Jun,03-Jun,04-Jun,05-Jun,06-Jun,07-Jun,08-Jun,09-Jun,5,6,1
Nashik,Nashik,W M Nashik,Malegaon,Chandwad,20086730,Retro.Chandwad and WSS 44 villages. Ta. Chandwad,Vijaynagar,905,1,0,0.25,0,0,0,0.25,0,0,28.05,0,0,0,28.04,04-Jun,05-Jun,06-Jun,07-Jun,08-Jun,09-Jun,03-Jun,04-Jun,05-Jun,06-Jun,07-Jun,08-Jun,09-Jun,5,7,0
Nashik,Nashik,W M Nashik,Malegaon,Chandwad,20086730,Retro.Chandwad and WSS 44 villages. Ta. Chandwad,Vadalibhoi,9581,2,0,0,0,0,0,0,0,0,0,0,0,0,0,04-Jun,05-Jun,06-Jun,07-Jun,08-Jun,09-Jun,03-Jun,04-Jun,05-Jun,06-Jun,07-Jun,08-Jun,09-Jun,7,7,0
Nashik,Nashik,W M Nashik,Malegaon,Chandwad,20086730,Retro.Chandwad and WSS 44 villages. Ta. Chandwad,Vahegaonsal,4062,1,0,0,0,0,0,0,18.56,0,0,0,0,0,0,04-Jun,05-Jun,06-Jun,07-Jun,08-Jun,09-Jun,03-Jun,04-Jun,05-Jun,06-Jun,07-Jun,08-Jun,09-Jun,6,7,0
Nashik,Nashik,W M Nashik,Malegaon,Chandwad,20086730,Retro.Chandwad and WSS 44 villages. Ta. Chandwad,Vaki Bk,1542,1,0.85,0,0,0,0,0,7.71,55.25,0,0,0,0,0,04-Jun,05-Jun,06-Jun,07-Jun,08-Jun,09-Jun,03-Jun,04-Jun,05-Jun,06-Jun,07-Jun,08-Jun,09-Jun,5,6,1
Nashik,Nashik,W M Nashik,Malegaon,Chandwad,20086730,Retro.Chandwad and WSS 44 villages. Ta. Chandwad,Koltek,796,1,0,0,0,0,0.58,0,0,0,0,0,0,72.43,0,04-Jun,05-Jun,06-Jun,07-Jun,08-Jun,09-Jun,03-Jun,04-Jun,05-Jun,06-Jun,07-Jun,08-Jun,09-Jun,6,6,1
Nashik,Nashik,W M Nashik,Malegaon,Chandwad,20086730,Retro.Chandwad and WSS 44 villages. Ta. Chandwad,Mangrul,2328,2,0.18,0.69,0.98,0,0.25,0.78,47.86,7.8,29.53,42.15,0,10.62,33.29,04-Jun,05-Jun,06-Jun,07-Jun,08-Jun,09-Jun,03-Jun,04-Jun,05-Jun,06-Jun,07-Jun,08-Jun,09-Jun,1,7,0
Nashik,Nashik,W M Nashik,Malegaon,Chandwad,20086730,Retro.Chandwad and WSS 44 villages. Ta. Chandwad,Kheldari,2246,2,0,0,0.76,0,0.76,0,33.83,0,0,33.8,0,34.01,0,04-Jun,05-Jun,06-Jun,07-Jun,08-Jun,09-Jun,03-Jun,04-Jun,05-Jun,06-Jun,07-Jun,08-Jun,09-Jun,3,7,0
Nashik,Nashik,W M Nashik,Malegaon,Chandwad,20086730,Retro.Chandwad and WSS 44 villages. Ta. Chandwad,Kokankhede,1991,2,0.11,0,0.52,1.06,1.17,0,0,5.45,0.03,26.16,53.03,58.56,0,04-Jun,05-Jun,06-Jun,07-Jun,08-Jun,09-Jun,03-Jun,04-Jun,05-Jun,06-Jun,07-Jun,08-Jun,09-Jun,2,6,1
Nashik,Nashik,W M Nashik,Malegaon,Chandwad,20086730,Retro.Chandwad and WSS 44 villages. Ta. Chandwad,Kalkhode,1543,2,0,0,0,0,0,0.01,0,0,0,0,0,0,0.59,04-Jun,05-Jun,06-Jun,07-Jun,08-Jun,09-Jun,03-Jun,04-Jun,05-Jun,06-Jun,07-Jun,08-Jun,09-Jun,6,7,0
Nashik,Nashik,W M Nashik,Malegaon,Chandwad,20086730,Retro.Chandwad and WSS 44 villages. Ta. Chandwad,Kanmandale,3261,2,0,1.24,0.04,0,1.3,0,0,0,37.91,1.16,0,39.81,0.05,04-Jun,05-Jun,06-Jun,07-Jun,08-Jun,09-Jun,03-Jun,04-Jun,05-Jun,06-Jun,07-Jun,08-Jun,09-Jun,3,7,0
Nashik,Nashik,W M Nashik,Malegaon,Chandwad,20086730,Retro.Chandwad and WSS 44 villages. Ta. Chandwad,Hatti,1161,1,0,0,0.22,0,0.37,0,31.67,0,0,19.25,0,31.98,0,04-Jun,05-Jun,06-Jun,07-Jun,08-Jun,09-Jun,03-Jun,04-Jun,05-Jun,06-Jun,07-Jun,08-Jun,09-Jun,2,7,0
Nashik,Nashik,W M Nashik,Malegaon,Chandwad,20086730,Retro.Chandwad and WSS 44 villages. Ta. Chandwad,Jaitapur,580,1,0,0,0,0,0,0,0,0,0,0,0,0,0,04-Jun,05-Jun,06-Jun,07-Jun,08-Jun,09-Jun,03-Jun,04-Jun,05-Jun,06-Jun,07-Jun,08-Jun,09-Jun,7,7,0
Nashik,Nashik,W M Nashik,Malegaon,Chandwad,20086730,Retro.Chandwad and WSS 44 villages. Ta. Chandwad,Raypur,3624,1,0,0,1.3,0.21,0.29,0.32,0,0,0,35.92,5.81,8.02,8.94,04-Jun,05-Jun,06-Jun,07-Jun,08-Jun,09-Jun,03-Jun,04-Jun,05-Jun,06-Jun,07-Jun,08-Jun,09-Jun,3,7,0
Nashik,Nashik,W M Nashik,Malegaon,Chandwad,20086730,Retro.Chandwad and WSS 44 villages. Ta. Chandwad,Redgaon Kh,1898,1,0,0,0,0,0,0,0,0,0,0,0,0,0,04-Jun,05-Jun,06-Jun,07-Jun,08-Jun,09-Jun,03-Jun,04-Jun,05-Jun,06-Jun,07-Jun,08-Jun,09-Jun,7,7,0
Nashik,Nashik,W M Nashik,Malegaon,Chandwad,20086730,Retro.Chandwad and WSS 44 villages. Ta. Chandwad,Patharshembe,2150,1,0,0,0,0.41,0.86,0,0,0,0,0,19.01,40.11,0,04-Jun,05-Jun,06-Jun,07-Jun,08-Jun,09-Jun,03-Jun,04-Jun,05-Jun,06-Jun,07-Jun,08-Jun,09-Jun,5,7,0
Nashik,Nashik,W M Nashik,Malegaon,Chandwad,20086730,Retro.Chandwad and WSS 44 villages. Ta. Chandwad,Pimpalgaon Dabali,919,1,0,0,0,0,0,0,0,0,0,0,0,0,0,04-Jun,05-Jun,06-Jun,07-Jun,08-Jun,09-Jun,03-Jun,04-Jun,05-Jun,06-Jun,07-Jun,08-Jun,09-Jun,7,7,0
Nashik,Nashik,W M Nashik,Malegaon,Chandwad,20086730,Retro.Chandwad and WSS 44 villages. Ta. Chandwad,Puri,2836,1,0,0,0,0,0,0,0,0,0,0,0,0,0,04-Jun,05-Jun,06-Jun,07-Jun,08-Jun,09-Jun,03-Jun,04-Jun,05-Jun,06-Jun,07-Jun,08-Jun,09-Jun,7,7,0
Nashik,Nashik,W M Nashik,Malegaon,Chandwad,20086730,Retro.Chandwad and WSS 44 villages. Ta. Chandwad,Nimgavhan,1004,1,0,0,0,0,0,0,0,0,0,0,0,0,0,04-Jun,05-Jun,06-Jun,07-Jun,08-Jun,09-Jun,03-Jun,04-Jun,05-Jun,06-Jun,07-Jun,08-Jun,09-Jun,7,7,0
Nashik,Nashik,W M Nashik,Malegaon,Chandwad,20086730,Retro.Chandwad and WSS 44 villages. Ta. Chandwad,Panhale,1484,1,0,0,0,0,0,0,0,0,0,0,0,0,0,04-Jun,05-Jun,06-Jun,07-Jun,08-Jun,09-Jun,03-Jun,04-Jun,05-Jun,06-Jun,07-Jun,08-Jun,09-Jun,7,7,0
Nashik,Nashik,W M Nashik,Malegaon,Chandwad,20086730,Retro.Chandwad and WSS 44 villages. Ta. Chandwad,Pate,985,1,0,0,0,0,0,0,0,0,0,0,0,0,0,04-Jun,05-Jun,06-Jun,07-Jun,08-Jun,09-Jun,03-Jun,04-Jun,05-Jun,06-Jun,07-Jun,08-Jun,09-Jun,7,7,0
Nashik,Nashik,W M Nashik,Malegaon,Chandwad,20086730,Retro.Chandwad and WSS 44 villages. Ta. Chandwad,Nhanave,1019,1,0.08,0.07,0.02,0,0.54,0.04,0,7.62,7.06,1.63,0,52.79,3.94,04-Jun,05-Jun,06-Jun,07-Jun,08-Jun,09-Jun,03-Jun,04-Jun,05-Jun,06-Jun,07-Jun,08-Jun,09-Jun,2,7,0
Nashik,Nashik,W M Nashik,Malegaon,Chandwad,20086730,Retro.Chandwad and WSS 44 villages. Ta. Chandwad,Nimbale,2139,1,0,0,0,0,0,0,0,0,0,0,0,0,0,04-Jun,05-Jun,06-Jun,07-Jun,08-Jun,09-Jun,03-Jun,04-Jun,05-Jun,06-Jun,07-Jun,08-Jun,09-Jun,7,7,0
Nashik,Nashik,W M Nashik,Malegaon,Chandwad,20086730,Retro.Chandwad and WSS 44 villages. Ta. Chandwad,Chinchole,914,1,0.05,0.27,0,0,0.15,0,0,5.44,29.85,0,0,16.45,0,04-Jun,05-Jun,06-Jun,07-Jun,08-Jun,09-Jun,03-Jun,04-Jun,05-Jun,06-Jun,07-Jun,08-Jun,09-Jun,3,7,0
Nashik,Nashik,W M Nashik,Malegaon,Chandwad,20086730,Retro.Chandwad and WSS 44 villages. Ta. Chandwad,Bharvir,1288,2,0,0,0,0,0,0,0,0,0,0,0,0,0,04-Jun,05-Jun,06-Jun,07-Jun,08-Jun,09-Jun,03-Jun,04-Jun,05-Jun,06-Jun,07-Jun,08-Jun,09-Jun,7,7,0
Nashik,Nashik,W M Nashik,Malegaon,Chandwad,20086730,Retro.Chandwad and WSS 44 villages. Ta. Chandwad,Bhutyane,1557,1,0,0,0,0,0,0,0,0,0,0,0,0,0,04-Jun,05-Jun,06-Jun,07-Jun,08-Jun,09-Jun,03-Jun,04-Jun,05-Jun,06-Jun,07-Jun,08-Jun,09-Jun,7,7,0
Nashik,Nashik,W M Nashik,Malegaon,Chandwad,20086730,Retro.Chandwad and WSS 44 villages. Ta. Chandwad,Ahirkhede,1089,1,0,0,0,0,0,0,0,0,0,0,0,0,0,04-Jun,05-Jun,06-Jun,07-Jun,08-Jun,09-Jun,03-Jun,04-Jun,05-Jun,06-Jun,07-Jun,08-Jun,09-Jun,7,7,0
Nashik,Nashik,W M Nashik,Malegaon,Chandwad,20086730,Retro.Chandwad and WSS 44 villages. Ta. Chandwad,Asarkhede,1473,1,0.29,0,0,0,0.13,0,0,19.83,0,0,0,8.85,0,04-Jun,05-Jun,06-Jun,07-Jun,08-Jun,09-Jun,03-Jun,04-Jun,05-Jun,06-Jun,07-Jun,08-Jun,09-Jun,5,7,0
Nashik,Nashik,W M Nashik,Malegaon,Chandwad,20086730,Retro.Chandwad and WSS 44 villages. Ta. Chandwad,Ganur,2555,1,0,0,0,1.06,0.16,0.15,0,0,0,0,41.49,6.09,6,04-Jun,05-Jun,06-Jun,07-Jun,08-Jun,09-Jun,03-Jun,04-Jun,05-Jun,06-Jun,07-Jun,08-Jun,09-Jun,4,7,0
Nashik,Nashik,W M Nashik,Malegaon,Chandwad,20086730,Retro.Chandwad and WSS 44 villages. Ta. Chandwad,Harnul,1053,1,0,0,0,0,0,0,0,0,0,0,0,0,0,04-Jun,05-Jun,06-Jun,07-Jun,08-Jun,09-Jun,03-Jun,04-Jun,05-Jun,06-Jun,07-Jun,08-Jun,09-Jun,7,7,0
Nashik,Nashik,W M Nashik,Malegaon,Chandwad,20086730,Retro.Chandwad and WSS 44 villages. Ta. Chandwad,Ekrukhe,693,1,0,0,0,0,0,0,0,0,0,0,0,0,0,04-Jun,05-Jun,06-Jun,07-Jun,08-Jun,09-Jun,03-Jun,04-Jun,05-Jun,06-Jun,07-Jun,08-Jun,09-Jun,7,7,0
Nashik,Nashik,W M Nashik,Malegaon,Chandwad,20086730,Retro.Chandwad and WSS 44 villages. Ta. Chandwad,Gangave,1658,1,0,0,0,0,0,0,0,0,0,0,0,0,0,04-Jun,05-Jun,06-Jun,07-Jun,08-Jun,09-Jun,03-Jun,04-Jun,05-Jun,06-Jun,07-Jun,08-Jun,09-Jun,7,7,0
Nashik,Nashik,W M Nashik,Malegaon,Chandwad,20086730,Retro.Chandwad and WSS 44 villages. Ta. Chandwad,Dighwad,2462,1,0,0,0,0,0,0,0,0,0,0,0,0,0,04-Jun,05-Jun,06-Jun,07-Jun,08-Jun,09-Jun,03-Jun,04-Jun,05-Jun,06-Jun,07-Jun,08-Jun,09-Jun,7,7,0
Nashik,Nashik,W M Nashik,Malegaon,Chandwad,20086730,Retro.Chandwad and WSS 44 villages. Ta. Chandwad,Dongargaon,1649,1,0,0,0,0.15,0,0.46,0,0,0,0,9.03,0,28.18,04-Jun,05-Jun,06-Jun,07-Jun,08-Jun,09-Jun,03-Jun,04-Jun,05-Jun,06-Jun,07-Jun,08-Jun,09-Jun,5,7,0
Nashik,Nashik,W M Nashik,Malegaon,Chandwad,20086730,Retro.Chandwad and WSS 44 villages. Ta. Chandwad,Dugaon,4741,1,0,1.91,4.98,0,0,0,0,0,40.21,105.03,0,0,0,04-Jun,05-Jun,06-Jun,07-Jun,08-Jun,09-Jun,03-Jun,04-Jun,05-Jun,06-Jun,07-Jun,08-Jun,09-Jun,5,6,1
Nashik,Nashik,W M Nashik,Malegaon,Chandwad,20086730,Retro.Chandwad and WSS 44 villages. Ta. Chandwad,Dahiwad,639,1,0,0,0,0,0,1.21,0,0,0,0,0,0,189.07,04-Jun,05-Jun,06-Jun,07-Jun,08-Jun,09-Jun,03-Jun,04-Jun,05-Jun,06-Jun,07-Jun,08-Jun,09-Jun,6,6,1
Nashik,Nashik,W M Nashik,Malegaon,Chandwad,20086730,Retro.Chandwad and WSS 44 villages. Ta. Chandwad,Dhodambe,4197,1,2.56,0.04,0.89,0.12,0.3,2.67,1.05,61.07,0.92,21.09,2.91,7.11,63.5,04-Jun,05-Jun,06-Jun,07-Jun,08-Jun,09-Jun,03-Jun,04-Jun,05-Jun,06-Jun,07-Jun,08-Jun,09-Jun,0,5,2
Nashik,Ahmednagar,Sangamner,Sangamner,Sangamner,7937337,"Retro.Nimon and 4 villages, Tal. Sangamner",Pimpale,2689,3,0,0,0.65,1.38,14.16,0,27.48,0,0,24.18,51.4,526.63,0,04-Jun,05-Jun,06-Jun,07-Jun,08-Jun,09-Jun,03-Jun,04-Jun,05-Jun,06-Jun,07-Jun,08-Jun,09-Jun,3,6,1
Nashik,Ahmednagar,Sangamner,Sangamner,Sangamner,7937337,"Retro.Nimon and 4 villages, Tal. Sangamner",Sonewadi,2328,2,2.96,2.26,0.69,0,2.95,3.01,0,127.04,97.12,29.61,0.01,126.53,129.18,04-Jun,05-Jun,06-Jun,07-Jun,08-Jun,09-Jun,03-Jun,04-Jun,05-Jun,06-Jun,07-Jun,08-Jun,09-Jun,1,3,4
Nashik,Ahmednagar,Sangamner,Sangamner,Sangamner,7937337,"Retro.Nimon and 4 villages, Tal. Sangamner",Karhe,2691,2,0,0,0,0,0,0,0,0,0,0,0,0,0,04-Jun,05-Jun,06-Jun,07-Jun,08-Jun,09-Jun,03-Jun,04-Jun,05-Jun,06-Jun,07-Jun,08-Jun,09-Jun,7,7,0
Nashik,Ahmednagar,Sangamner,Sangamner,Sangamner,7937337,"Retro.Nimon and 4 villages, Tal. Sangamner",Palaskhede,3954,3,0,0.62,0.04,0.8,0,0.53,17.43,0,15.65,1.12,20.32,0,13.35,04-Jun,05-Jun,06-Jun,07-Jun,08-Jun,09-Jun,03-Jun,04-Jun,05-Jun,06-Jun,07-Jun,08-Jun,09-Jun,2,7,0
Nashik,Ahmednagar,Sangamner,Sangamner,Sangamner,20033242,"Retro.Talegaon Dighe and 16 villages, Tal. Sangamner",Wadzari (Bk),1458,1,0.15,0.07,0.03,0.01,0.86,0.8,5.67,10.33,4.57,2.21,0.66,58.79,54.56,04-Jun,05-Jun,06-Jun,07-Jun,08-Jun,09-Jun,03-Jun,04-Jun,05-Jun,06-Jun,07-Jun,08-Jun,09-Jun,0,6,1
Nashik,Ahmednagar,Sangamner,Sangamner,Sangamner,20033242,"Retro.Talegaon Dighe and 16 villages, Tal. Sangamner",Wadzari (Kh),1173,1,0,0,0,0,1.38,0,0,0,0,0,0,117.87,0,04-Jun,05-Jun,06-Jun,07-Jun,08-Jun,09-Jun,03-Jun,04-Jun,05-Jun,06-Jun,07-Jun,08-Jun,09-Jun,6,6,1
Nashik,Ahmednagar,Sangamner,Sangamner,Sangamner,20033242,"Retro.Talegaon Dighe and 16 villages, Tal. Sangamner",Kakadwadi,2267,2,0,0,0,0,0.25,1.05,0,0,0,0.03,0,11.2,46.37,04-Jun,05-Jun,06-Jun,07-Jun,08-Jun,09-Jun,03-Jun,04-Jun,05-Jun,06-Jun,07-Jun,08-Jun,09-Jun,4,7,0
Nashik,Ahmednagar,Sangamner,Sangamner,Sangamner,20033242,"Retro.Talegaon Dighe and 16 villages, Tal. Sangamner",chincholi Gurav,3160,4,0.07,0.07,0.06,0.04,0.04,2.85,16.99,2.2,2.33,2.04,1.42,1.13,90.26,04-Jun,05-Jun,06-Jun,07-Jun,08-Jun,09-Jun,03-Jun,04-Jun,05-Jun,06-Jun,07-Jun,08-Jun,09-Jun,0,6,1
Nashik,Nashik,W M Nashik,Sinnar,Naigaon,20028193,Retrofitting To Wadzire (Naigaon) & 4 Villages RRWSS,Wadzire,3369,2,0,0,0,0,0,0,15.09,0.02,0,0,0,0,0,04-Jun,05-Jun,06-Jun,07-Jun,08-Jun,09-Jun,03-Jun,04-Jun,05-Jun,06-Jun,07-Jun,08-Jun,09-Jun,5,7,0
Nashik,Nashik,W M Nashik,Sinnar,Naigaon,20028193,Retrofitting To Wadzire (Naigaon) & 4 Villages RRWSS,Moh- Mahadari,1025,1,0,0,0,0,0,0,263.67,0,0,0,0,0,0,04-Jun,05-Jun,06-Jun,07-Jun,08-Jun,09-Jun,03-Jun,04-Jun,05-Jun,06-Jun,07-Jun,08-Jun,09-Jun,6,6,1
Nashik,Ahmednagar,Ahmednagar,Newasa,Nevasa,5348540,"Retro.Sonai Karjgaon and 16 villages, Tal. Nevasa",LANDEWADI,2158,2,0,0,0,0,0,0,0,0,0,0,0,0,0,04-Jun,05-Jun,06-Jun,07-Jun,08-Jun,09-Jun,03-Jun,04-Jun,05-Jun,06-Jun,07-Jun,08-Jun,09-Jun,7,7,0
Nashik,Nashik,W M Nashik,W.M.Nashik,Nifad,20039258,Ozar-Sakore & 2 Villages,Sakore,4107,2,1.32,0,0.12,1.21,1.3,0,40.65,32.24,0.1,2.82,29.57,31.73,0.1,04-Jun,05-Jun,06-Jun,07-Jun,08-Jun,09-Jun,03-Jun,04-Jun,05-Jun,06-Jun,07-Jun,08-Jun,09-Jun,0,7,0
Nashik,Jalgaon,Jalgaon,Erandol,Muktainagar,20025401,Pahur Peth& Pahur Kasbe 2 Villages WSS Tal Jamner,Sangvi,679,1,0,0,0,0,0,0,0,0,0,0,0,0,0,04-Jun,05-Jun,06-Jun,07-Jun,08-Jun,09-Jun,03-Jun,04-Jun,05-Jun,06-Jun,07-Jun,08-Jun,09-Jun,6,7,0
Nashik,Jalgaon,Jalgaon,Nandurbar,Nandurbar,20057127,"Khamgaon, Tokartale , Vichak & 2 Wadies RRWSS",Wadgaon Pada,167,2,0.11,0.23,0.17,0.2,0.17,0.16,102.96,66.26,138.25,103.52,118.82,98.93,96.22,04-Jun,05-Jun,06-Jun,07-Jun,08-Jun,09-Jun,03-Jun,04-Jun,05-Jun,06-Jun,07-Jun,08-Jun,09-Jun,0,0,7
Nashik,Jalgaon,Jalgaon,Nandurbar,Nandurbar,20057127,"Khamgaon, Tokartale , Vichak & 2 Wadies RRWSS",Tokartale,3510,2,1.71,1.49,1.65,1.7,1.65,1.55,35.06,48.83,42.54,47.14,48.5,46.94,44.16,04-Jun,05-Jun,06-Jun,07-Jun,08-Jun,09-Jun,03-Jun,04-Jun,05-Jun,06-Jun,07-Jun,08-Jun,09-Jun,0,7,0
Nashik,Jalgaon,Jalgaon,Nandurbar,Nandurbar,20056839,"Gujar bhawali , Jambholi & 4 Villages",Gujar Jamboli,2338,3,1.22,1.08,1.28,1.52,1.43,1.45,102.86,52.32,46.09,54.6,65.07,61.14,61.81,04-Jun,05-Jun,06-Jun,07-Jun,08-Jun,09-Jun,03-Jun,04-Jun,05-Jun,06-Jun,07-Jun,08-Jun,09-Jun,0,3,4
Nashik,Jalgaon,Jalgaon,Nandurbar,Nandurbar,20057127,"Khamgaon, Tokartale , Vichak & 2 Wadies RRWSS",Khamgaon,2602,2,0,0.01,0.01,0.01,0.01,0,0.59,0.14,0.36,0.23,0.56,0.54,0.13,04-Jun,05-Jun,06-Jun,07-Jun,08-Jun,09-Jun,03-Jun,04-Jun,05-Jun,06-Jun,07-Jun,08-Jun,09-Jun,0,7,0
Nashik,Jalgaon,Jalgaon,Nandurbar,Nandurbar,20055662,Pachorabari - Narayanpur WSS,Pachorabari,1251,4,0,0,0,0,0,0,0,0,0,0,0,0,0,04-Jun,05-Jun,06-Jun,07-Jun,08-Jun,09-Jun,03-Jun,04-Jun,05-Jun,06-Jun,07-Jun,08-Jun,09-Jun,7,7,0
Nashik,Jalgaon,Jalgaon,Nandurbar,Nandurbar,20055662,Pachorabari - Narayanpur WSS,Narayanpur,1851,2,0,0,0,0,0,0,0,0,0,0,0,0,0,04-Jun,05-Jun,06-Jun,07-Jun,08-Jun,09-Jun,03-Jun,04-Jun,05-Jun,06-Jun,07-Jun,08-Jun,09-Jun,7,7,0
Nashik,Jalgaon,Jalgaon,Nandurbar,Nandurbar,20056839,"Gujar bhawali , Jambholi & 4 Villages",Gujar Bhawali,2629,2,0,0.46,0,0.51,0,0.55,23.01,0,17.63,0.14,19.51,0.02,20.99,04-Jun,05-Jun,06-Jun,07-Jun,08-Jun,09-Jun,03-Jun,04-Jun,05-Jun,06-Jun,07-Jun,08-Jun,09-Jun,1,7,0
Nashik,Nashik,Nashik,Sinnar,Sinnar,20019176,Retro. Bargaonpimpri & 6 VRWSS  Tal Sinnar,Gulwanch,6190,3,0.85,0.73,0,0,1.58,0.44,14.65,13.81,11.77,0,0.01,25.54,7.04,04-Jun,05-Jun,06-Jun,07-Jun,08-Jun,09-Jun,03-Jun,04-Jun,05-Jun,06-Jun,07-Jun,08-Jun,09-Jun,1,7,0
Nashik,Ahmednagar,Ahmednagar,Newasa,Nevasa,5348540,"Retro.Sonai Karjgaon and 16 villages, Tal. Nevasa",Siregaon,3695,1,0.37,0.24,2.12,0.75,1.01,0.08,16.81,9.95,6.52,57.47,20.19,27.38,2.18,04-Jun,05-Jun,06-Jun,07-Jun,08-Jun,09-Jun,03-Jun,04-Jun,05-Jun,06-Jun,07-Jun,08-Jun,09-Jun,0,6,1
Nashik,Ahmednagar,Ahmednagar,Newasa,Nevasa,5348540,"Retro.Sonai Karjgaon and 16 villages, Tal. Nevasa",Navin Chandgaon,1547,1,0.51,0,0,0,0,0,39.67,32.81,0,0,0,0,0,04-Jun,05-Jun,06-Jun,07-Jun,08-Jun,09-Jun,03-Jun,04-Jun,05-Jun,06-Jun,07-Jun,08-Jun,09-Jun,5,7,0
Nashik,Ahmednagar,Ahmednagar,Newasa,Nevasa,5348540,"Retro.Sonai Karjgaon and 16 villages, Tal. Nevasa",NIMBHARI,2524,2,1.37,0,1.13,0.98,1.13,1.54,31.5,54.24,0.13,44.84,38.94,44.62,60.91,04-Jun,05-Jun,06-Jun,07-Jun,08-Jun,09-Jun,03-Jun,04-Jun,05-Jun,06-Jun,07-Jun,08-Jun,09-Jun,0,6,1
Nashik,Ahmednagar,Ahmednagar,Newasa,Nevasa,5348540,"Retro.Sonai Karjgaon and 16 villages, Tal. Nevasa",PANEGAON,2858,2,0.64,0.02,0.67,0.58,0.78,0.51,24.04,22.38,0.68,23.58,20.37,27.42,17.87,04-Jun,05-Jun,06-Jun,07-Jun,08-Jun,09-Jun,03-Jun,04-Jun,05-Jun,06-Jun,07-Jun,08-Jun,09-Jun,0,7,0
Nashik,Ahmednagar,Ahmednagar,Newasa,Nevasa,5348540,"Retro.Sonai Karjgaon and 16 villages, Tal. Nevasa",KHUPTI,2338,2,2.14,0,1.62,1.76,1.83,2.61,71.46,91.39,0.09,69.48,75.28,78.09,111.74,04-Jun,05-Jun,06-Jun,07-Jun,08-Jun,09-Jun,03-Jun,04-Jun,05-Jun,06-Jun,07-Jun,08-Jun,09-Jun,0,1,6
Nashik,Ahmednagar,Ahmednagar,Newasa,Nevasa,5348540,"Retro.Sonai Karjgaon and 16 villages, Tal. Nevasa",KARAJGAON,3750,3,1.24,0,2.12,1.48,2.97,1.96,71.89,33.12,0,56.45,39.39,79.19,52.36,04-Jun,05-Jun,06-Jun,07-Jun,08-Jun,09-Jun,03-Jun,04-Jun,05-Jun,06-Jun,07-Jun,08-Jun,09-Jun,1,4,3
Nashik,Ahmednagar,Ahmednagar,Newasa,Nevasa,5348540,"Retro.Sonai Karjgaon and 16 villages, Tal. Nevasa",KHARWANDI,6263,2,1.96,0,0.01,1.74,1.91,2.18,29.3,31.32,0,0.16,27.82,30.48,34.75,04-Jun,05-Jun,06-Jun,07-Jun,08-Jun,09-Jun,03-Jun,04-Jun,05-Jun,06-Jun,07-Jun,08-Jun,09-Jun,0,7,0
Nashik,Ahmednagar,Ahmednagar,Newasa,Nevasa,5348540,"Retro.Sonai Karjgaon and 16 villages, Tal. Nevasa",WATAPUR,1397,2,0,0.08,0.46,0.98,0.86,0.82,51.79,0,5.49,32.73,70.2,61.27,58.6,04-Jun,05-Jun,06-Jun,07-Jun,08-Jun,09-Jun,03-Jun,04-Jun,05-Jun,06-Jun,07-Jun,08-Jun,09-Jun,1,4,3
Nashik,Ahmednagar,Ahmednagar,Newasa,Nevasa,5348540,"Retro.Sonai Karjgaon and 16 villages, Tal. Nevasa",GOMALWADI,1061,2,0.75,0,0.4,1.24,0.99,0.68,50.05,70.75,0,38.14,117.16,93.43,63.67,04-Jun,05-Jun,06-Jun,07-Jun,08-Jun,09-Jun,03-Jun,04-Jun,05-Jun,06-Jun,07-Jun,08-Jun,09-Jun,1,3,4
Nashik,Ahmednagar,Ahmednagar,Newasa,Nevasa,5348540,"Retro.Sonai Karjgaon and 16 villages, Tal. Nevasa",GONEGAON,1572,2,0,0,0.37,0,0.28,0.36,23.46,0,0,23.31,0,17.76,22.87,04-Jun,05-Jun,06-Jun,07-Jun,08-Jun,09-Jun,03-Jun,04-Jun,05-Jun,06-Jun,07-Jun,08-Jun,09-Jun,3,7,0
Nashik,Ahmednagar,Ahmednagar,Newasa,Nevasa,5348540,"Retro.Sonai Karjgaon and 16 villages, Tal. Nevasa",IMAMPUR,350,1,0,0,0,0,0,0,0,0,0,0,0,0,0,04-Jun,05-Jun,06-Jun,07-Jun,08-Jun,09-Jun,03-Jun,04-Jun,05-Jun,06-Jun,07-Jun,08-Jun,09-Jun,7,7,0
Nashik,Ahmednagar,Ahmednagar,Newasa,Nevasa,5348540,"Retro.Sonai Karjgaon and 16 villages, Tal. Nevasa",AMALNER,2334,2,0.7,0.29,0.01,0.76,0.84,0.6,23.29,29.83,12.48,0.31,32.69,35.81,25.75,04-Jun,05-Jun,06-Jun,07-Jun,08-Jun,09-Jun,03-Jun,04-Jun,05-Jun,06-Jun,07-Jun,08-Jun,09-Jun,0,7,0
Nashik,Ahmednagar,Ahmednagar,Newasa,Nevasa,5348540,"Retro.Sonai Karjgaon and 16 villages, Tal. Nevasa",Belhekarwadi,2991,2,0,0,3.29,3.24,0,3.17,70.37,0,0,109.91,108.37,0,105.9,04-Jun,05-Jun,06-Jun,07-Jun,08-Jun,09-Jun,03-Jun,04-Jun,05-Jun,06-Jun,07-Jun,08-Jun,09-Jun,2,3,4
Nashik,Ahmednagar,Ahmednagar,Newasa,Nevasa,5348540,"Retro.Sonai Karjgaon and 16 villages, Tal. Nevasa",Ganeshwadi,3017,2,0.69,0,0.06,0.54,0.5,0.49,18.67,22.81,0.01,2.03,17.94,16.63,16.33,04-Jun,05-Jun,06-Jun,07-Jun,08-Jun,09-Jun,03-Jun,04-Jun,05-Jun,06-Jun,07-Jun,08-Jun,09-Jun,0,7,0
Nashik,Nashik,Nashik,Malegaon,Nandgaon,20037448,"78 villages in Nandgaon, Malegaon and Deola talukas",Patharde,879,2,No Data,No Data,0,0,0,0,No Data,No Data,No Data,0,0,0,0,04-Jun,05-Jun,06-Jun,07-Jun,08-Jun,09-Jun,03-Jun,04-Jun,05-Jun,06-Jun,07-Jun,08-Jun,09-Jun,4,4,0
Nashik,Nashik,Nashik,Malegaon,Nandgaon,20037448,"78 villages in Nandgaon, Malegaon and Deola talukas",Nimgaon Bk,11399,3,1.18,0.68,0.96,0,1.53,1.46,6.84,10.32,5.93,8.45,0,13.46,12.8,04-Jun,05-Jun,06-Jun,07-Jun,08-Jun,09-Jun,03-Jun,04-Jun,05-Jun,06-Jun,07-Jun,08-Jun,09-Jun,0,7,0
Nashik,Nashik,Nashik,Malegaon,Nandgaon,20037448,"78 villages in Nandgaon, Malegaon and Deola talukas",Nimgaon Kh,1222,2,0.23,0.25,0.26,0.25,0.25,0.25,20.42,18.87,20.34,21.64,20.42,20.79,20.8,04-Jun,05-Jun,06-Jun,07-Jun,08-Jun,09-Jun,03-Jun,04-Jun,05-Jun,06-Jun,07-Jun,08-Jun,09-Jun,0,7,0
Nashik,Nashik,Nashik,Malegaon,Nandgaon,20037448,"78 villages in Nandgaon, Malegaon and Deola talukas",Nimgule,602,1,No Data,No Data,0,0,0,0,No Data,No Data,No Data,0,0,0,0,04-Jun,05-Jun,06-Jun,07-Jun,08-Jun,09-Jun,03-Jun,04-Jun,05-Jun,06-Jun,07-Jun,08-Jun,09-Jun,4,4,0
Nashik,Nashik,Nashik,Malegaon,Nandgaon,20037448,"78 villages in Nandgaon, Malegaon and Deola talukas",Mehune,3276,2,1.33,0,0,0,1.01,0,0,40.66,0.03,0,0,30.96,0,04-Jun,05-Jun,06-Jun,07-Jun,08-Jun,09-Jun,03-Jun,04-Jun,05-Jun,06-Jun,07-Jun,08-Jun,09-Jun,4,7,0
Nashik,Nashik,Nashik,Malegaon,Nandgaon,20037448,"78 villages in Nandgaon, Malegaon and Deola talukas",Saundane,9450,3,1.3,1.72,1.28,1.66,0.95,2.12,17.44,13.81,18.2,13.56,17.59,10,22.48,04-Jun,05-Jun,06-Jun,07-Jun,08-Jun,09-Jun,03-Jun,04-Jun,05-Jun,06-Jun,07-Jun,08-Jun,09-Jun,0,7,0
Nashik,Nashik,Nashik,Malegaon,Nandgaon,20037448,"78 villages in Nandgaon, Malegaon and Deola talukas",Sakuri,3920,2,No Data,No Data,0,0,0,0,No Data,No Data,No Data,0,0,0,0,04-Jun,05-Jun,06-Jun,07-Jun,08-Jun,09-Jun,03-Jun,04-Jun,05-Jun,06-Jun,07-Jun,08-Jun,09-Jun,4,4,0
Nashik,Nashik,Nashik,Malegaon,Nandgaon,20037448,"78 villages in Nandgaon, Malegaon and Deola talukas",Pimpri Haveli,2550,1,0.73,0.02,0.46,1.07,0.02,0.76,31.03,28.55,0.67,18.03,42.01,0.68,29.98,04-Jun,05-Jun,06-Jun,07-Jun,08-Jun,09-Jun,03-Jun,04-Jun,05-Jun,06-Jun,07-Jun,08-Jun,09-Jun,0,7,0
Nashik,Nashik,Nashik,Malegaon,Nandgaon,20037448,"78 villages in Nandgaon, Malegaon and Deola talukas",Pimparkhed,2655,1,0,0,0.76,0,0.89,0.62,26.88,0,0,28.58,0.01,33.37,23.48,04-Jun,05-Jun,06-Jun,07-Jun,08-Jun,09-Jun,03-Jun,04-Jun,05-Jun,06-Jun,07-Jun,08-Jun,09-Jun,2,7,0
Nashik,Nashik,Nashik,Malegaon,Nandgaon,20037448,"78 villages in Nandgaon, Malegaon and Deola talukas",Pimprale,2160,2,No Data,No Data,0,0.73,1.28,0.31,No Data,No Data,No Data,0,33.84,59.26,14.31,04-Jun,05-Jun,06-Jun,07-Jun,08-Jun,09-Jun,03-Jun,04-Jun,05-Jun,06-Jun,07-Jun,08-Jun,09-Jun,1,3,1
Nashik,Nashik,Nashik,Malegaon,Malegaon,20037448,"78 villages in Nandgaon, Malegaon and Deola talukas",Jiwardi Bk,1174,2,No Data,No Data,0,0,0,0,No Data,No Data,No Data,0,0.03,0,0,04-Jun,05-Jun,06-Jun,07-Jun,08-Jun,09-Jun,03-Jun,04-Jun,05-Jun,06-Jun,07-Jun,08-Jun,09-Jun,3,4,0
Nashik,Nashik,Nashik,Malegaon,Malegaon,20037448,"78 villages in Nandgaon, Malegaon and Deola talukas",Jatpada,1571,2,0.54,0.61,0.66,0.6,0,0.44,41.24,34.49,39.04,41.96,37.89,0,27.82,04-Jun,05-Jun,06-Jun,07-Jun,08-Jun,09-Jun,03-Jun,04-Jun,05-Jun,06-Jun,07-Jun,08-Jun,09-Jun,1,7,0
Nashik,Nashik,Nashik,Malegaon,Malegaon,20037448,"78 villages in Nandgaon, Malegaon and Deola talukas",Hiswal Kh,1785,1,0,0,0.01,0,0.01,0.01,0.06,0.2,0.02,0.44,0,0.63,0.54,04-Jun,05-Jun,06-Jun,07-Jun,08-Jun,09-Jun,03-Jun,04-Jun,05-Jun,06-Jun,07-Jun,08-Jun,09-Jun,1,7,0
Nashik,Nashik,Nashik,Malegaon,Malegaon,20037448,"78 villages in Nandgaon, Malegaon and Deola talukas",Jalgaon,3726,2,0,0.53,0,0.72,0.64,0.78,18.18,0.02,14.33,0.01,19.37,17.24,21.07,04-Jun,05-Jun,06-Jun,07-Jun,08-Jun,09-Jun,03-Jun,04-Jun,05-Jun,06-Jun,07-Jun,08-Jun,09-Jun,0,7,0
Nashik,Nashik,Nashik,Malegaon,Nandgaon,20037448,"78 villages in Nandgaon, Malegaon and Deola talukas",Manwad,3580,2,0,0.77,0,0,0.01,0,0.01,0,21.42,0,0,0.41,0.04,04-Jun,05-Jun,06-Jun,07-Jun,08-Jun,09-Jun,03-Jun,04-Jun,05-Jun,06-Jun,07-Jun,08-Jun,09-Jun,2,7,0
Nashik,Nashik,Nashik,Malegaon,Malegaon,20037448,"78 villages in Nandgaon, Malegaon and Deola talukas",Manikpunj,1335,5,0.27,0,0,0,0,0,0,20.55,0,0,0,0,0,04-Jun,05-Jun,06-Jun,07-Jun,08-Jun,09-Jun,03-Jun,04-Jun,05-Jun,06-Jun,07-Jun,08-Jun,09-Jun,6,7,0
Nashik,Nashik,Nashik,Malegaon,Malegaon,20037448,"78 villages in Nandgaon, Malegaon and Deola talukas",Manjare,1819,2,0,0,0.68,0,0,0.92,0,0,0,37.2,0.01,0,50.78,04-Jun,05-Jun,06-Jun,07-Jun,08-Jun,09-Jun,03-Jun,04-Jun,05-Jun,06-Jun,07-Jun,08-Jun,09-Jun,4,7,0
Nashik,Nashik,Nashik,Malegaon,Malegaon,20037448,"78 villages in Nandgaon, Malegaon and Deola talukas",Krantinagar,1385,3,0,0,0,0,0,0,0,0,0,0,0,0,0,04-Jun,05-Jun,06-Jun,07-Jun,08-Jun,09-Jun,03-Jun,04-Jun,05-Jun,06-Jun,07-Jun,08-Jun,09-Jun,7,7,0
Nashik,Nashik,Nashik,Malegaon,Malegaon,20037448,"78 villages in Nandgaon, Malegaon and Deola talukas",DoctorWadi,1255,1,0,0,0,0.38,0.4,1.15,18.32,0,0,0,30.48,31.99,91.74,04-Jun,05-Jun,06-Jun,07-Jun,08-Jun,09-Jun,03-Jun,04-Jun,05-Jun,06-Jun,07-Jun,08-Jun,09-Jun,3,6,1
Nashik,Nashik,Nashik,Malegaon,Malegaon,20037448,"78 villages in Nandgaon, Malegaon and Deola talukas",Babhulwadi,715,1,0.01,0.77,0,0.86,0,0.85,108.4,1.92,107.11,0,120.24,0,118.88,04-Jun,05-Jun,06-Jun,07-Jun,08-Jun,09-Jun,03-Jun,04-Jun,05-Jun,06-Jun,07-Jun,08-Jun,09-Jun,2,3,4
Nashik,Nashik,Nashik,Malegaon,Malegaon,20037448,"78 villages in Nandgaon, Malegaon and Deola talukas",Hiswal Bk,1875,1,0.88,0,0,0.02,0,0,0.01,46.75,0,0,0.84,0,0,04-Jun,05-Jun,06-Jun,07-Jun,08-Jun,09-Jun,03-Jun,04-Jun,05-Jun,06-Jun,07-Jun,08-Jun,09-Jun,3,7,0
Nashik,Nashik,Nashik,Malegaon,Malegaon,20037448,"78 villages in Nandgaon, Malegaon and Deola talukas",Ghodegaon Chauki,682,1,0.35,0,0,0,0,0,108.23,50.96,0,0,0,0,0,04-Jun,05-Jun,06-Jun,07-Jun,08-Jun,09-Jun,03-Jun,04-Jun,05-Jun,06-Jun,07-Jun,08-Jun,09-Jun,5,6,1
Nashik,Nashik,Nashik,Malegaon,Malegaon,20037448,"78 villages in Nandgaon, Malegaon and Deola talukas",Gilane,1765,2,0,0,0,0,0,0,0,0,0,0,0,0,0,04-Jun,05-Jun,06-Jun,07-Jun,08-Jun,09-Jun,03-Jun,04-Jun,05-Jun,06-Jun,07-Jun,08-Jun,09-Jun,7,7,0
Nashik,Nashik,Nashik,Malegaon,Malegaon,20037448,"78 villages in Nandgaon, Malegaon and Deola talukas",Ganesh Nagar,1298,2,0.12,0.19,0.23,0.18,0.17,0.2,12.13,9.56,14.98,17.45,13.58,12.94,15.29,04-Jun,05-Jun,06-Jun,07-Jun,08-Jun,09-Jun,03-Jun,04-Jun,05-Jun,06-Jun,07-Jun,08-Jun,09-Jun,0,7,0
Nashik,Nashik,Nashik,Malegaon,Malegaon,20037448,"78 villages in Nandgaon, Malegaon and Deola talukas",Ghodegaon,1465,2,0.57,0.67,0,0,0,0,0,38.61,45.53,0,0,0,0,04-Jun,05-Jun,06-Jun,07-Jun,08-Jun,09-Jun,03-Jun,04-Jun,05-Jun,06-Jun,07-Jun,08-Jun,09-Jun,4,7,0
Nashik,Nashik,Nashik,Malegaon,Deola,20037448,"78 villages in Nandgaon, Malegaon and Deola talukas",Ajande,786,1,1.53,1.32,1,0.91,1.39,1.14,176.01,195.26,168.48,127.63,116.39,177.33,144.98,04-Jun,05-Jun,06-Jun,07-Jun,08-Jun,09-Jun,03-Jun,04-Jun,05-Jun,06-Jun,07-Jun,08-Jun,09-Jun,0,0,7
Nashik,Nashik,Nashik,Malegaon,Baglan,7971089,Nampur and 4 villages RR Tal Baglan (C 39),Jaikheda,8177,3,1.24,2.17,2.07,2.11,2.16,1.83,21.74,15.11,26.53,25.33,25.84,26.45,22.34,04-Jun,05-Jun,06-Jun,07-Jun,08-Jun,09-Jun,03-Jun,04-Jun,05-Jun,06-Jun,07-Jun,08-Jun,09-Jun,0,7,0
Nashik,Nashik,Nashik,Malegaon,Baglan,7971089,Nampur and 4 villages RR Tal Baglan (C 39),Askheda,3580,3,2.95,3.5,3.41,2.96,3.2,2.72,77.4,82.47,97.84,95.2,82.6,89.43,75.96,04-Jun,05-Jun,06-Jun,07-Jun,08-Jun,09-Jun,03-Jun,04-Jun,05-Jun,06-Jun,07-Jun,08-Jun,09-Jun,0,0,7
Nashik,Nashik,Nashik,Nashik,Peth,20083505,Surgane & 2 Vill RRWSS Tal.Peth,Harangaon,1570,1,0,0,0,0,0,0.8,0,0,0,0,0,0,50.85,04-Jun,05-Jun,06-Jun,07-Jun,08-Jun,09-Jun,03-Jun,04-Jun,05-Jun,06-Jun,07-Jun,08-Jun,09-Jun,6,7,0
Nashik,Nashik,Nashik,Nashik,Peth,20083505,Surgane & 2 Vill RRWSS Tal.Peth,Ghubadsaka,0,1,0,0,0,0,0,0,0,0,0,0,0,0,0,04-Jun,05-Jun,06-Jun,07-Jun,08-Jun,09-Jun,03-Jun,04-Jun,05-Jun,06-Jun,07-Jun,08-Jun,09-Jun,7,7,0
Nashik,Nashik,Nashik,Manmad,Yeola,20030798,Retrofitting To Yeola 38 Villages,Pimpalgaon jalal,1412,1,0,0,0,0,0,0,0,0,0,0,0,0,0,04-Jun,05-Jun,06-Jun,07-Jun,08-Jun,09-Jun,03-Jun,04-Jun,05-Jun,06-Jun,07-Jun,08-Jun,09-Jun,7,7,0
Nashik,Nashik,Nashik,Manmad,Yeola,20030798,Retrofitting To Yeola 38 Villages,Pimpalkute BK.,811,1,0,0,0,0,0.59,0.54,0,0,0,0,0,72.67,66.75,04-Jun,05-Jun,06-Jun,07-Jun,08-Jun,09-Jun,03-Jun,04-Jun,05-Jun,06-Jun,07-Jun,08-Jun,09-Jun,5,5,2
Nashik,Nashik,Nashik,Manmad,Yeola,20030798,Retrofitting To Yeola 38 Villages,Pimpalkute Kh.,657,1,0,0,0,0,0.02,0,0,0,0,0,0,3.23,0,04-Jun,05-Jun,06-Jun,07-Jun,08-Jun,09-Jun,03-Jun,04-Jun,05-Jun,06-Jun,07-Jun,08-Jun,09-Jun,6,7,0
Nashik,Nashik,Nashik,Manmad,Yeola,20030798,Retrofitting To Yeola 38 Villages,Nandesar,1025,1,0,0,0,0,0,0,0.01,0,0,0,0.01,0.04,0,04-Jun,05-Jun,06-Jun,07-Jun,08-Jun,09-Jun,03-Jun,04-Jun,05-Jun,06-Jun,07-Jun,08-Jun,09-Jun,2,7,0
Nashik,Nashik,Nashik,Manmad,Yeola,20030798,Retrofitting To Yeola 38 Villages,Nimgaon Madh,3048,1,0,0,0,0,0,0,0,0,0,0,0,0,0,04-Jun,05-Jun,06-Jun,07-Jun,08-Jun,09-Jun,03-Jun,04-Jun,05-Jun,06-Jun,07-Jun,08-Jun,09-Jun,7,7,0
Nashik,Nashik,Nashik,Manmad,Yeola,20030798,Retrofitting To Yeola 38 Villages,Gawandgaon,3144,1,0,0,0,0,0,0,0,0,0,0,0,0,0,04-Jun,05-Jun,06-Jun,07-Jun,08-Jun,09-Jun,03-Jun,04-Jun,05-Jun,06-Jun,07-Jun,08-Jun,09-Jun,7,7,0
Nashik,Nashik,Nashik,Manmad,Yeola,20030798,Retrofitting To Yeola 38 Villages,Katarni,3110,1,0,0,0,0,0,0,0,0,0,0,0,0,0,04-Jun,05-Jun,06-Jun,07-Jun,08-Jun,09-Jun,03-Jun,04-Jun,05-Jun,06-Jun,07-Jun,08-Jun,09-Jun,7,7,0
Nashik,Nashik,Nashik,Manmad,Yeola,20030798,Retrofitting To Yeola 38 Villages,Kusur,2292,1,0,0,0,0,0,0,0,0,0,0,0,0,0,04-Jun,05-Jun,06-Jun,07-Jun,08-Jun,09-Jun,03-Jun,04-Jun,05-Jun,06-Jun,07-Jun,08-Jun,09-Jun,7,7,0
Nashik,Nashik,Nashik,Manmad,Yeola,20030798,Retrofitting To Yeola 38 Villages,Undirwadi,3087,1,0,0,0,0,0,0,0,0,0,0,0,0,0,04-Jun,05-Jun,06-Jun,07-Jun,08-Jun,09-Jun,03-Jun,04-Jun,05-Jun,06-Jun,07-Jun,08-Jun,09-Jun,7,7,0
Nashik,Nashik,Nashik,Manmad,Yeola,20030798,Retrofitting To Yeola 38 Villages,Vikharni,2325,1,0,0,0,0,0,0,0,0,0,0,0,0,0,04-Jun,05-Jun,06-Jun,07-Jun,08-Jun,09-Jun,03-Jun,04-Jun,05-Jun,06-Jun,07-Jun,08-Jun,09-Jun,7,7,0
Nashik,Nashik,Nashik,Manmad,Yeola,20030798,Retrofitting To Yeola 38 Villages,Visapur,1938,1,0,0,0,0,0,0,0,0,0,0,0,0,0,04-Jun,05-Jun,06-Jun,07-Jun,08-Jun,09-Jun,03-Jun,04-Jun,05-Jun,06-Jun,07-Jun,08-Jun,09-Jun,7,7,0
Nashik,Nashik,Nashik,Manmad,Yeola,20030798,Retrofitting To Yeola 38 Villages,Somthan Desh,2869,1,0,0,0,0,0,0,0,0,0,0,0,0,0,04-Jun,05-Jun,06-Jun,07-Jun,08-Jun,09-Jun,03-Jun,04-Jun,05-Jun,06-Jun,07-Jun,08-Jun,09-Jun,7,7,0
Nashik,Nashik,Nashik,Manmad,Yeola,20030798,Retrofitting To Yeola 38 Villages,Suregaon Rasta,2428,1,0,0,0,0,0,0,0,0,0,0,0,0,0,04-Jun,05-Jun,06-Jun,07-Jun,08-Jun,09-Jun,03-Jun,04-Jun,05-Jun,06-Jun,07-Jun,08-Jun,09-Jun,7,7,0
Nashik,Nashik,Nashik,Manmad,Nifad,456654,"Retro. Lasalgaon Vinchur 16 Villages, Tal. Nifad",Vitthalwadi,1029,1,0,0,0,0,0,0.27,0,0,0,0,0,0,25.77,04-Jun,05-Jun,06-Jun,07-Jun,08-Jun,09-Jun,03-Jun,04-Jun,05-Jun,06-Jun,07-Jun,08-Jun,09-Jun,4,7,0
Nashik,Nashik,Nashik,Manmad,Nifad,456654,"Retro. Lasalgaon Vinchur 16 Villages, Tal. Nifad",Vishnu Nagar,1254,1,0.76,0.55,0.8,0.74,0.78,0.71,60.63,60.22,44.12,64,58.83,62.38,56.84,04-Jun,05-Jun,06-Jun,07-Jun,08-Jun,09-Jun,03-Jun,04-Jun,05-Jun,06-Jun,07-Jun,08-Jun,09-Jun,0,1,6
Nashik,Nashik,Nashik,Manmad,Nifad,456654,"Retro. Lasalgaon Vinchur 16 Villages, Tal. Nifad",Vinchur,16088,3,9.05,2.96,1.32,7.72,0,0.93,8.11,56.23,18.42,8.23,48,0,5.76,04-Jun,05-Jun,06-Jun,07-Jun,08-Jun,09-Jun,03-Jun,04-Jun,05-Jun,06-Jun,07-Jun,08-Jun,09-Jun,0,6,1
Nashik,Nashik,Nashik,Manmad,Nifad,456654,"Retro. Lasalgaon Vinchur 16 Villages, Tal. Nifad",Takali Vinchur,9423,2,2.46,0.22,1.12,0,0,1.68,10.47,26.15,2.31,11.86,0,0,17.83,04-Jun,05-Jun,06-Jun,07-Jun,08-Jun,09-Jun,03-Jun,04-Jun,05-Jun,06-Jun,07-Jun,08-Jun,09-Jun,2,7,0
Nashik,Nashik,Nashik,Manmad,Yeola,20030798,Retrofitting To Yeola 38 Villages,Dhamode,657,1,0,0,0,0,0,0,0,0,0,0,0,0,0,04-Jun,05-Jun,06-Jun,07-Jun,08-Jun,09-Jun,03-Jun,04-Jun,05-Jun,06-Jun,07-Jun,08-Jun,09-Jun,7,7,0
Nashik,Nashik,Nashik,Manmad,Yeola,20030798,Retrofitting To Yeola 38 Villages,Dhanora,1283,2,12.37,5.99,10.46,1.19,2.01,5.73,980,963.76,466.63,815.34,92.42,156.77,446.41,04-Jun,05-Jun,06-Jun,07-Jun,08-Jun,09-Jun,03-Jun,04-Jun,05-Jun,06-Jun,07-Jun,08-Jun,09-Jun,0,0,7
Nashik,Nashik,Nashik,Manmad,Yeola,20030798,Retrofitting To Yeola 38 Villages,Ankute,2366,1,0.01,2.18,0.1,0,0.04,0,0,0.27,92.34,4.24,0,1.6,0,04-Jun,05-Jun,06-Jun,07-Jun,08-Jun,09-Jun,03-Jun,04-Jun,05-Jun,06-Jun,07-Jun,08-Jun,09-Jun,2,6,1
Nashik,Nashik,Nashik,Manmad,Yeola,20030798,Retrofitting To Yeola 38 Villages,Bharam,1595,1,0,0,0,0,0,0,0,0,0,0,0,0,0,04-Jun,05-Jun,06-Jun,07-Jun,08-Jun,09-Jun,03-Jun,04-Jun,05-Jun,06-Jun,07-Jun,08-Jun,09-Jun,7,7,0
Nashik,Nashik,Nashik,Manmad,Yeola,20030798,Retrofitting To Yeola 38 Villages,Adgaon chautha,2244,1,0,0,0,0,0,0,0,0,0,0,0,0,0,04-Jun,05-Jun,06-Jun,07-Jun,08-Jun,09-Jun,03-Jun,04-Jun,05-Jun,06-Jun,07-Jun,08-Jun,09-Jun,7,7,0
Nashik,Nashik,Nashik,Manmad,Yeola,20030798,Retrofitting To Yeola 38 Villages,Andarsul,15233,4,4.64,0,4.79,6.34,7.65,0,68.07,30.47,0,31.42,41.6,50.22,0,04-Jun,05-Jun,06-Jun,07-Jun,08-Jun,09-Jun,03-Jun,04-Jun,05-Jun,06-Jun,07-Jun,08-Jun,09-Jun,1,6,1
Nashik,Nashik,Nashik,Manmad,Nifad,456654,"Retro. Lasalgaon Vinchur 16 Villages, Tal. Nifad",Lasalgaon,19821,5,7.25,9.33,8.46,5.54,4.15,5.37,68.42,36.58,47.08,42.69,27.96,20.94,27.11,04-Jun,05-Jun,06-Jun,07-Jun,08-Jun,09-Jun,03-Jun,04-Jun,05-Jun,06-Jun,07-Jun,08-Jun,09-Jun,0,6,1
Nashik,Nashik,Nashik,Manmad,Nifad,456654,"Retro. Lasalgaon Vinchur 16 Villages, Tal. Nifad",Kotamgaon,4189,2,0,0,1.03,0,0,1.34,26.61,0,0,24.63,0,0,31.91,04-Jun,05-Jun,06-Jun,07-Jun,08-Jun,09-Jun,03-Jun,04-Jun,05-Jun,06-Jun,07-Jun,08-Jun,09-Jun,2,7,0
Nashik,Nashik,Nashik,Manmad,Nifad,456654,"Retro. Lasalgaon Vinchur 16 Villages, Tal. Nifad",Hanuman Nagar,2684,1,0.6,0.56,0.53,0.65,0.7,0.05,27.32,22.31,20.75,19.61,24.29,26.23,2.02,04-Jun,05-Jun,06-Jun,07-Jun,08-Jun,09-Jun,03-Jun,04-Jun,05-Jun,06-Jun,07-Jun,08-Jun,09-Jun,0,7,0
Nashik,Nashik,Nashik,Manmad,Nifad,456654,"Retro. Lasalgaon Vinchur 16 Villages, Tal. Nifad",Subhash Nagar,1532,1,0.02,0.01,0.49,0.23,0.1,0.05,32.96,1.23,0.53,32.11,15.3,6.76,3.29,04-Jun,05-Jun,06-Jun,07-Jun,08-Jun,09-Jun,03-Jun,04-Jun,05-Jun,06-Jun,07-Jun,08-Jun,09-Jun,0,7,0
Nashik,Nashik,Nashik,Manmad,Nifad,456654,"Retro. Lasalgaon Vinchur 16 Villages, Tal. Nifad",Pimpalgaon Najik,11607,2,3.39,4.27,4.43,3.57,0.01,1.72,28.58,29.18,36.81,38.14,30.78,0.09,14.78,04-Jun,05-Jun,06-Jun,07-Jun,08-Jun,09-Jun,03-Jun,04-Jun,05-Jun,06-Jun,07-Jun,08-Jun,09-Jun,0,7,0
Nashik,Nashik,Nashik,Manmad,Nifad,456654,"Retro. Lasalgaon Vinchur 16 Villages, Tal. Nifad",Nimgaon Wakada,3798,3,0.9,0.39,1.08,0.39,1.09,0.38,10.87,23.63,10.38,28.35,10.31,28.69,9.88,04-Jun,05-Jun,06-Jun,07-Jun,08-Jun,09-Jun,03-Jun,04-Jun,05-Jun,06-Jun,07-Jun,08-Jun,09-Jun,0,7,0
Nashik,Nashik,Nashik,Manmad,Nifad,456654,"Retro. Lasalgaon Vinchur 16 Villages, Tal. Nifad",Nandgaon,3266,1,0,0,0,0,0,0,0,0,0,0,0,0,0,04-Jun,05-Jun,06-Jun,07-Jun,08-Jun,09-Jun,03-Jun,04-Jun,05-Jun,06-Jun,07-Jun,08-Jun,09-Jun,7,7,0
Nashik,Nashik,Nashik,Manmad,Nifad,456654,"Retro. Lasalgaon Vinchur 16 Villages, Tal. Nifad",Dharangaon Veer,3494,1,0,1.21,0,0.93,0,1.23,35.29,0,34.73,0,26.53,0,35.28,04-Jun,05-Jun,06-Jun,07-Jun,08-Jun,09-Jun,03-Jun,04-Jun,05-Jun,06-Jun,07-Jun,08-Jun,09-Jun,3,7,0
Nashik,Nashik,Nashik,Manmad,Nifad,456654,"Retro. Lasalgaon Vinchur 16 Villages, Tal. Nifad",Dongargaon,5460,1,0,0,0,0,0,0,0,0,0,0,0,0,0,04-Jun,05-Jun,06-Jun,07-Jun,08-Jun,09-Jun,03-Jun,04-Jun,05-Jun,06-Jun,07-Jun,08-Jun,09-Jun,7,7,0
Nashik,Nashik,Nashik,Manmad,Nifad,456654,"Retro. Lasalgaon Vinchur 16 Villages, Tal. Nifad",Dharangaon Khadak,3648,1,0,0,0,0.28,0.36,0,0,0,0,0,7.63,9.87,0.11,04-Jun,05-Jun,06-Jun,07-Jun,08-Jun,09-Jun,03-Jun,04-Jun,05-Jun,06-Jun,07-Jun,08-Jun,09-Jun,3,7,0
Nashik,Nashik,Nashik,Manmad,Nifad,456654,"Retro. Lasalgaon Vinchur 16 Villages, Tal. Nifad",Brahmangaon,9640,1,0,2.13,0,0,0,0,0,0,22.1,0,0,0,0,04-Jun,05-Jun,06-Jun,07-Jun,08-Jun,09-Jun,03-Jun,04-Jun,05-Jun,06-Jun,07-Jun,08-Jun,09-Jun,6,7,0
Nashik,Nashik,Nashik,Manmad,Nifad,456654,"Retro. Lasalgaon Vinchur 16 Villages, Tal. Nifad",Bokaddara,2968,1,0.68,0.39,0.58,0.74,0.66,0.21,2.78,22.89,13.24,19.48,24.97,22.22,7.21,04-Jun,05-Jun,06-Jun,07-Jun,08-Jun,09-Jun,03-Jun,04-Jun,05-Jun,06-Jun,07-Jun,08-Jun,09-Jun,0,7,0
Nashik,Nashik,Nashik,Malegaon,Nandgaon,20037448,"78 villages in Nandgaon, Malegaon and Deola talukas",Varhale,1036,1,0,0,0.03,0.46,0.08,0,47.36,0,0,3.12,43.94,7.51,0,04-Jun,05-Jun,06-Jun,07-Jun,08-Jun,09-Jun,03-Jun,04-Jun,05-Jun,06-Jun,07-Jun,08-Jun,09-Jun,3,7,0
Nashik,Nashik,Nashik,Malegaon,Nandgaon,20037448,"78 villages in Nandgaon, Malegaon and Deola talukas",Tandulwadi,915,2,0.03,1.75,0.75,0.22,0.24,0.78,5.68,3.1,190.79,82.48,23.64,26.52,85.4,04-Jun,05-Jun,06-Jun,07-Jun,08-Jun,09-Jun,03-Jun,04-Jun,05-Jun,06-Jun,07-Jun,08-Jun,09-Jun,0,4,3
Nashik,Nashik,Nashik,Malegaon,Nandgaon,20037448,"78 villages in Nandgaon, Malegaon and Deola talukas",Takli Bk,1965,3,0.01,0.01,0,0,0.01,0.01,0,0.35,0.31,0,0,0.6,0.45,04-Jun,05-Jun,06-Jun,07-Jun,08-Jun,09-Jun,03-Jun,04-Jun,05-Jun,06-Jun,07-Jun,08-Jun,09-Jun,2,7,0
Nashik,Nashik,Nashik,Malegaon,Nandgaon,20037448,"78 villages in Nandgaon, Malegaon and Deola talukas",Soygaon,1680,2,0,0,0,0,0,0,49.65,0,0,0,0,0,0,04-Jun,05-Jun,06-Jun,07-Jun,08-Jun,09-Jun,03-Jun,04-Jun,05-Jun,06-Jun,07-Jun,08-Jun,09-Jun,6,7,0
Nashik,Nashik,Nashik,Malegaon,Nandgaon,20037448,"78 villages in Nandgaon, Malegaon and Deola talukas",Yesgaon Bk,3698,2,1.17,1.13,0.7,1.57,1.42,1.16,17.42,31.55,30.6,18.88,42.45,38.36,31.39,04-Jun,05-Jun,06-Jun,07-Jun,08-Jun,09-Jun,03-Jun,04-Jun,05-Jun,06-Jun,07-Jun,08-Jun,09-Jun,0,7,0
Nashik,Nashik,Nashik,Malegaon,Nandgaon,20037448,"78 villages in Nandgaon, Malegaon and Deola talukas",Yesgaon Kh,2429,2,0,0,0,0,0,0,0,0,0,0,0,0,0,04-Jun,05-Jun,06-Jun,07-Jun,08-Jun,09-Jun,03-Jun,04-Jun,05-Jun,06-Jun,07-Jun,08-Jun,09-Jun,7,7,0
Nashik,Nashik,Nashik,Malegaon,Nandgaon,20037448,"78 villages in Nandgaon, Malegaon and Deola talukas",Wakhari,2400,2,0,0.47,0,0,0.47,0,0,0,19.42,0,0,19.39,0,04-Jun,05-Jun,06-Jun,07-Jun,08-Jun,09-Jun,03-Jun,04-Jun,05-Jun,06-Jun,07-Jun,08-Jun,09-Jun,5,7,0
Nashik,Nashik,Nashik,Sinnar,Sinnar,20019176,Retro. Bargaonpimpri & 6 VRWSS  Tal Sinnar,Pat Pimpri,4002,2,0,0,0.54,0,0,0,0,0,0,13.57,0,0,0,04-Jun,05-Jun,06-Jun,07-Jun,08-Jun,09-Jun,03-Jun,04-Jun,05-Jun,06-Jun,07-Jun,08-Jun,09-Jun,6,7,0
Nashik,Nashik,Nashik,Sinnar,Sinnar,20019176,Retro. Bargaonpimpri & 6 VRWSS  Tal Sinnar,Sunderpur,2212,2,0.96,1.13,0,1.59,0,1.15,0,43.27,51.01,0,71.77,0.02,51.89,04-Jun,05-Jun,06-Jun,07-Jun,08-Jun,09-Jun,03-Jun,04-Jun,05-Jun,06-Jun,07-Jun,08-Jun,09-Jun,2,6,1
Nashik,Nashik,Nashik,Sinnar,Sinnar,20019176,Retro. Bargaonpimpri & 6 VRWSS  Tal Sinnar,K.P Nagar,1078,1,0,0,0,0,0,0,0,0,0,0,0,0,0,04-Jun,05-Jun,06-Jun,07-Jun,08-Jun,09-Jun,03-Jun,04-Jun,05-Jun,06-Jun,07-Jun,08-Jun,09-Jun,7,7,0
Nashik,Nashik,Nashik,Sinnar,Sinnar,20019176,Retro. Bargaonpimpri & 6 VRWSS  Tal Sinnar,Nimgaon Sinnar,4811,3,0,0,0,0,0,0,0,0,0,0,0,0,0,04-Jun,05-Jun,06-Jun,07-Jun,08-Jun,09-Jun,03-Jun,04-Jun,05-Jun,06-Jun,07-Jun,08-Jun,09-Jun,5,7,0
Nashik,Nashik,Nashik,Sinnar,Sinnar,20019176,Retro. Bargaonpimpri & 6 VRWSS  Tal Sinnar,Hiwargaon,2497,3,0,0.01,0.25,0,0.07,0,16.21,0,0.33,9.88,0,2.91,0,04-Jun,05-Jun,06-Jun,07-Jun,08-Jun,09-Jun,03-Jun,04-Jun,05-Jun,06-Jun,07-Jun,08-Jun,09-Jun,3,7,0
Nashik,Nashik,Nashik,Sinnar,Sinnar,20019286,"Nirhale-Fatehpur and 5 villages, Tal. Sinnar",Nandur Shingote,6496,5,0,0.01,0,0,0,0.09,0,0,0.18,0,0,0,1.36,04-Jun,05-Jun,06-Jun,07-Jun,08-Jun,09-Jun,03-Jun,04-Jun,05-Jun,06-Jun,07-Jun,08-Jun,09-Jun,5,7,0
Nashik,Nashik,Nashik,Sinnar,Sinnar,20019286,"Nirhale-Fatehpur and 5 villages, Tal. Sinnar",Kankori,2427,2,0,0,0,0,0,0,0,0,0,0,0,0,0,04-Jun,05-Jun,06-Jun,07-Jun,08-Jun,09-Jun,03-Jun,04-Jun,05-Jun,06-Jun,07-Jun,08-Jun,09-Jun,7,7,0
Nashik,Nashik,Nashik,Sinnar,Sinnar,20019286,"Nirhale-Fatehpur and 5 villages, Tal. Sinnar",Manori,4139,2,0,0,0.35,0.04,0.34,0,0,0,0,8.42,1.07,8.17,0,04-Jun,05-Jun,06-Jun,07-Jun,08-Jun,09-Jun,03-Jun,04-Jun,05-Jun,06-Jun,07-Jun,08-Jun,09-Jun,4,7,0
Nashik,Nashik,Nashik,Sinnar,Sinnar,20019286,"Nirhale-Fatehpur and 5 villages, Tal. Sinnar",Marhal (Bk.),2934,1,4.44,3.86,21.79,0.02,0,0,0,151.27,131.56,742.64,0.7,0,0,04-Jun,05-Jun,06-Jun,07-Jun,08-Jun,09-Jun,03-Jun,04-Jun,05-Jun,06-Jun,07-Jun,08-Jun,09-Jun,3,4,3
Nashik,Nashik,Nashik,Nashik,Trambakeshwar,20017222,Waghera & 14 RRWSS Tal Trambakeshwar,Gorthan,621,1,0,0,0,0,0,0,0,0,0.19,0,0,0,0,04-Jun,05-Jun,06-Jun,07-Jun,08-Jun,09-Jun,03-Jun,04-Jun,05-Jun,06-Jun,07-Jun,08-Jun,09-Jun,6,7,0
Nashik,Nashik,Nashik,Nashik,Trambakeshwar,20017222,Waghera & 14 RRWSS Tal Trambakeshwar,Bramhanwade,1232,1,0,0,0,0,0,0,0,0,0,0,0,0,0,04-Jun,05-Jun,06-Jun,07-Jun,08-Jun,09-Jun,03-Jun,04-Jun,05-Jun,06-Jun,07-Jun,08-Jun,09-Jun,7,7,0
Nashik,Nashik,Nashik,Nashik,Peth,20083505,Surgane & 2 Vill RRWSS Tal.Peth,Surgane,1114,6,0,0,0,0,0,0,0,0,0,0,0,0,0,04-Jun,05-Jun,06-Jun,07-Jun,08-Jun,09-Jun,03-Jun,04-Jun,05-Jun,06-Jun,07-Jun,08-Jun,09-Jun,0,7,0
Nashik,Nashik,Nashik,Nashik,Trambakeshwar,20017222,Waghera & 14 RRWSS Tal Trambakeshwar,Waghera,3746,2,0.65,0,0.65,0,0.55,0.62,21.36,17.23,0,17.38,0,14.69,16.46,04-Jun,05-Jun,06-Jun,07-Jun,08-Jun,09-Jun,03-Jun,04-Jun,05-Jun,06-Jun,07-Jun,08-Jun,09-Jun,2,7,0
Nashik,Nashik,W M Nashik,W.M.Nashik,Nifad,20039258,Ozar-Sakore & 2 Villages,Ozar,86060,4,2.65,2.95,2.48,3.55,3.08,2.67,3.15,3.08,3.42,2.88,4.12,3.57,3.1,04-Jun,05-Jun,06-Jun,07-Jun,08-Jun,09-Jun,03-Jun,04-Jun,05-Jun,06-Jun,07-Jun,08-Jun,09-Jun,0,7,0
Nashik,Jalgaon,Jalgaon,Erandol,Chalisgaon,20053796,Dondigar-Rohini & 15 Villages WSS,Tambole,2918,2,0,0,0,0,0,0,0,0,0,0,0,0,0,04-Jun,05-Jun,06-Jun,07-Jun,08-Jun,09-Jun,03-Jun,04-Jun,05-Jun,06-Jun,07-Jun,08-Jun,09-Jun,7,7,0
Nashik,Jalgaon,Jalgaon,Erandol,Chalisgaon,20053796,Dondigar-Rohini & 15 Villages WSS,Bramhanshevga,2049,2,0,0,0,0,0,0,0,0,0,0,0,0,0,04-Jun,05-Jun,06-Jun,07-Jun,08-Jun,09-Jun,03-Jun,04-Jun,05-Jun,06-Jun,07-Jun,08-Jun,09-Jun,5,7,0
Nashik,Jalgaon,Jalgaon,Erandol,Chalisgaon,20053796,Dondigar-Rohini & 15 Villages WSS,Don Digar,3217,3,0.8,1.17,0.99,0.73,1.2,0.88,36.81,24.98,36.31,30.92,22.63,37.17,27.48,04-Jun,05-Jun,06-Jun,07-Jun,08-Jun,09-Jun,03-Jun,04-Jun,05-Jun,06-Jun,07-Jun,08-Jun,09-Jun,0,7,0
Nashik,Jalgaon,Jalgaon,Erandol,Chalisgaon,20053796,Dondigar-Rohini & 15 Villages WSS,Bilakhede,2691,2,0.74,0.88,0.59,1.27,0.89,0.47,49.22,27.39,32.53,22.05,47.16,32.93,17.64,04-Jun,05-Jun,06-Jun,07-Jun,08-Jun,09-Jun,03-Jun,04-Jun,05-Jun,06-Jun,07-Jun,08-Jun,09-Jun,0,7,0
Nashik,Jalgaon,Jalgaon,Erandol,Chalisgaon,20053796,Dondigar-Rohini & 15 Villages WSS,Rohini,2811,3,0.66,0.06,0.66,0.14,0.4,0.32,21.4,23.53,2.21,23.55,5,14.2,11.25,04-Jun,05-Jun,06-Jun,07-Jun,08-Jun,09-Jun,03-Jun,04-Jun,05-Jun,06-Jun,07-Jun,08-Jun,09-Jun,0,7,0
Nashik,Jalgaon,Jalgaon,Erandol,Chalisgaon,20053796,Dondigar-Rohini & 15 Villages WSS,Talegaon,3647,2,0,0,0,0,0,0,0,0,0,0,0,0,0,04-Jun,05-Jun,06-Jun,07-Jun,08-Jun,09-Jun,03-Jun,04-Jun,05-Jun,06-Jun,07-Jun,08-Jun,09-Jun,7,7,0
Nashik,Jalgaon,Jalgaon,Erandol,Chalisgaon,20053796,Dondigar-Rohini & 15 Villages WSS,Pimpalgaon,1709,2,0,0,0,0,0,0,0,0,0,0,0,0,0,04-Jun,05-Jun,06-Jun,07-Jun,08-Jun,09-Jun,03-Jun,04-Jun,05-Jun,06-Jun,07-Jun,08-Jun,09-Jun,7,7,0
Nashik,Jalgaon,Jalgaon,Erandol,Chalisgaon,20053796,Dondigar-Rohini & 15 Villages WSS,Pimpri Budruk,1804,2,0.03,0.03,1.27,0.74,0,0,99.48,1.47,1.42,70.26,41.09,0.07,0.26,04-Jun,05-Jun,06-Jun,07-Jun,08-Jun,09-Jun,03-Jun,04-Jun,05-Jun,06-Jun,07-Jun,08-Jun,09-Jun,0,5,2
Nashik,Jalgaon,Jalgaon,Erandol,Chalisgaon,20053796,Dondigar-Rohini & 15 Villages WSS,Khadki Bk.,3100,3,1.27,4.13,4.53,2.71,2.33,6.42,6.21,40.92,133.25,146.15,87.56,75.25,207.09,04-Jun,05-Jun,06-Jun,07-Jun,08-Jun,09-Jun,03-Jun,04-Jun,05-Jun,06-Jun,07-Jun,08-Jun,09-Jun,0,2,5
Nashik,Jalgaon,Jalgaon,Erandol,Chalisgaon,20053796,Dondigar-Rohini & 15 Villages WSS,Krushnanagar,2803,2,0,0.16,0,0.11,0.15,0.35,14.11,0,5.8,0,3.89,5.39,12.42,04-Jun,05-Jun,06-Jun,07-Jun,08-Jun,09-Jun,03-Jun,04-Jun,05-Jun,06-Jun,07-Jun,08-Jun,09-Jun,2,7,0
Nashik,Jalgaon,Jalgaon,Erandol,Chalisgaon,20053796,Dondigar-Rohini & 15 Villages WSS,Hatgaon,3573,2,0,0,0,0.44,0,0.16,0.02,0,0,0.09,12.22,0.08,4.55,04-Jun,05-Jun,06-Jun,07-Jun,08-Jun,09-Jun,03-Jun,04-Jun,05-Jun,06-Jun,07-Jun,08-Jun,09-Jun,2,7,0
Nashik,Jalgaon,Jalgaon,Erandol,Chalisgaon,20053796,Dondigar-Rohini & 15 Villages WSS,Hirapur,3925,3,0.8,1.41,1.55,0.74,1.08,1.02,0,20.31,35.8,39.44,18.9,27.61,26.04,04-Jun,05-Jun,06-Jun,07-Jun,08-Jun,09-Jun,03-Jun,04-Jun,05-Jun,06-Jun,07-Jun,08-Jun,09-Jun,1,7,0
Nashik,Jalgaon,Jalgaon,Erandol,Chalisgaon,20053796,Dondigar-Rohini & 15 Villages WSS,Karajgaon,1879,1,0,0,0,0,0.24,0.85,0,0,0,0,0,13.01,45.11,04-Jun,05-Jun,06-Jun,07-Jun,08-Jun,09-Jun,03-Jun,04-Jun,05-Jun,06-Jun,07-Jun,08-Jun,09-Jun,5,7,0
Nashik,Jalgaon,Jalgaon,Erandol,Dharangaon,20061165,Paldhi (bk& Kh) RR Tal DHARANGAON,Paldhi Bk.,9303,3,0,0,0,0,0,0,0,0,0,0,0,0,0,04-Jun,05-Jun,06-Jun,07-Jun,08-Jun,09-Jun,03-Jun,04-Jun,05-Jun,06-Jun,07-Jun,08-Jun,09-Jun,7,7,0
Nashik,Jalgaon,Jalgaon,Erandol,Dharangaon,20061165,Paldhi (bk& Kh) RR Tal DHARANGAON,Paldhi Kh.,12377,3,9.4,7.79,10.05,10.16,9.16,10.49,93.12,75.92,62.93,81.17,82.05,74.04,84.78,04-Jun,05-Jun,06-Jun,07-Jun,08-Jun,09-Jun,03-Jun,04-Jun,05-Jun,06-Jun,07-Jun,08-Jun,09-Jun,0,0,7
Nashik,Nashik,W M Nashik,W.M.Nashik,Dindori,20039676,Mulane & 3Villages RRWSS Tal. Dindori,Talegaon Vani,2106,4,0,0.03,0,0,0,0,0.77,0,1.25,0.17,0.16,0.1,0.11,04-Jun,05-Jun,06-Jun,07-Jun,08-Jun,09-Jun,03-Jun,04-Jun,05-Jun,06-Jun,07-Jun,08-Jun,09-Jun,1,7,0
Nashik,Nashik,W M Nashik,W.M.Nashik,Dindori,20039676,Mulane & 3Villages RRWSS Tal. Dindori,Babapur,964,1,0.66,0,0,0,0,0.34,0,68.49,0.11,0,0,0,35.22,04-Jun,05-Jun,06-Jun,07-Jun,08-Jun,09-Jun,03-Jun,04-Jun,05-Jun,06-Jun,07-Jun,08-Jun,09-Jun,4,6,1
Nashik,Nashik,W M Nashik,W.M.Nashik,Dindori,20039676,Mulane & 3Villages RRWSS Tal. Dindori,Mulane,1003,1,0,0,0,0,0,0,0,0,0,0,0,0,0,04-Jun,05-Jun,06-Jun,07-Jun,08-Jun,09-Jun,03-Jun,04-Jun,05-Jun,06-Jun,07-Jun,08-Jun,09-Jun,7,7,0
Nashik,Nashik,W M Nashik,W.M.Nashik,Dindori,20039676,Mulane & 3Villages RRWSS Tal. Dindori,Sangamner,1076,1,0,0,0,0,0,0,0,0,0,0,0,0,0,04-Jun,05-Jun,06-Jun,07-Jun,08-Jun,09-Jun,03-Jun,04-Jun,05-Jun,06-Jun,07-Jun,08-Jun,09-Jun,7,7,0
Nashik,Nashik,W M Nashik,W.M.Nashik,Dindori,20039258,Ozar-Sakore & 2 Villages,Janori,7926,1,2.7,2.72,2.79,3.27,0,5.14,35.68,34.05,34.35,35.19,41.23,0,64.87,04-Jun,05-Jun,06-Jun,07-Jun,08-Jun,09-Jun,03-Jun,04-Jun,05-Jun,06-Jun,07-Jun,08-Jun,09-Jun,1,6,1
Nashik,Nashik,W M Nashik,W.M.Nashik,Dindori,20039258,Ozar-Sakore & 2 Villages,Mohadi,5078,3,0.44,3.4,0,3.96,0.73,3.15,81.88,8.58,66.87,0,77.93,14.34,62.09,04-Jun,05-Jun,06-Jun,07-Jun,08-Jun,09-Jun,03-Jun,04-Jun,05-Jun,06-Jun,07-Jun,08-Jun,09-Jun,1,3,4
Nashik,Nashik,Nashik,Manmad,Yeola,20030798,Retrofitting To Yeola 38 Villages,Babulgaon Bk.,1774,1,5.72,4.89,0,0,0,1.25,70.56,70.56,70.56,70.56,70.56,70.56,70.56,04-Jun,05-Jun,06-Jun,07-Jun,08-Jun,09-Jun,03-Jun,04-Jun,05-Jun,06-Jun,07-Jun,08-Jun,09-Jun,0,0,7
Nashik,Ahmednagar,Ahmednagar,Ahmednagar,Nagar,20046296,Burhannagar & 45 Villages Retro RRWSS,Shendi,4865,3,5.45,0.14,0,0,0,5.41,0,112.12,2.84,0,0,0,111.22,04-Jun,05-Jun,06-Jun,07-Jun,08-Jun,09-Jun,03-Jun,04-Jun,05-Jun,06-Jun,07-Jun,08-Jun,09-Jun,4,5,2
Nashik,Ahmednagar,Ahmednagar,Ahmednagar,Nagar,20046296,Burhannagar & 45 Villages Retro RRWSS,Jeur,11087,2,0,0,0,0,0,0,0,0,0,0,0,0,0,04-Jun,05-Jun,06-Jun,07-Jun,08-Jun,09-Jun,03-Jun,04-Jun,05-Jun,06-Jun,07-Jun,08-Jun,09-Jun,7,7,0
Nashik,Ahmednagar,Ahmednagar,Ahmednagar,Nagar,20046296,Burhannagar & 45 Villages Retro RRWSS,Kapurwadi,5098,2,0,0,0,0,0,0,0,0,0,0,0,0,0,04-Jun,05-Jun,06-Jun,07-Jun,08-Jun,09-Jun,03-Jun,04-Jun,05-Jun,06-Jun,07-Jun,08-Jun,09-Jun,7,7,0
Nashik,Ahmednagar,Ahmednagar,Ahmednagar,Nagar,20046296,Burhannagar & 45 Villages Retro RRWSS,Sahapur Ketki,4243,3,0.71,3.75,4.05,2.93,6.87,1.48,87.92,16.68,88.27,95.41,69.02,161.9,34.77,04-Jun,05-Jun,06-Jun,07-Jun,08-Jun,09-Jun,03-Jun,04-Jun,05-Jun,06-Jun,07-Jun,08-Jun,09-Jun,0,2,5
Nashik,Ahmednagar,Ahmednagar,Ahmednagar,Nagar,20046296,Burhannagar & 45 Villages Retro RRWSS,Pimpalgaon Malvi,6581,5,1.43,1.18,1.32,1.2,1.46,1.24,18.28,21.68,17.86,20.1,18.2,22.25,18.86,04-Jun,05-Jun,06-Jun,07-Jun,08-Jun,09-Jun,03-Jun,04-Jun,05-Jun,06-Jun,07-Jun,08-Jun,09-Jun,0,7,0
Nashik,Ahmednagar,Ahmednagar,Ahmednagar,Nagar,20046296,Burhannagar & 45 Villages Retro RRWSS,Pimpalgaon Ujjaini,3527,2,0,0,0,0,0,0,0,0,0,0,0,0,0,04-Jun,05-Jun,06-Jun,07-Jun,08-Jun,09-Jun,03-Jun,04-Jun,05-Jun,06-Jun,07-Jun,08-Jun,09-Jun,7,7,0
Nashik,Ahmednagar,Ahmednagar,Ahmednagar,Nagar,20046296,Burhannagar & 45 Villages Retro RRWSS,Dhangarwadi,2389,2,0,0,0,0,0,0,0,0,0,0,0,0,0,04-Jun,05-Jun,06-Jun,07-Jun,08-Jun,09-Jun,03-Jun,04-Jun,05-Jun,06-Jun,07-Jun,08-Jun,09-Jun,7,7,0
Nashik,Ahmednagar,Ahmednagar,Ahmednagar,Nagar,20046296,Burhannagar & 45 Villages Retro RRWSS,Burhannagar,9485,4,10.19,12.08,13.93,12.7,12.06,13.55,129.87,107.38,127.37,146.86,133.85,127.17,142.81,04-Jun,05-Jun,06-Jun,07-Jun,08-Jun,09-Jun,03-Jun,04-Jun,05-Jun,06-Jun,07-Jun,08-Jun,09-Jun,0,0,7
Nashik,Ahmednagar,Ahmednagar,Ahmednagar,Nagar,20046296,Burhannagar & 45 Villages Retro RRWSS,Darewadi,15591,6,0,0.39,0,0,0,0,0,0,2.53,0,0,0,0,04-Jun,05-Jun,06-Jun,07-Jun,08-Jun,09-Jun,03-Jun,04-Jun,05-Jun,06-Jun,07-Jun,08-Jun,09-Jun,6,7,0
Nashik,Jalgaon,Jalgaon,Chopda,Chopda,20053731,Lasur and 9 villages RRWSS. Ta. Chopda,Lasur,10272,6,3.7,3.46,3.78,3.44,3.74,3.28,35.24,35.98,33.69,36.76,33.45,36.38,31.96,04-Jun,05-Jun,06-Jun,07-Jun,08-Jun,09-Jun,03-Jun,04-Jun,05-Jun,06-Jun,07-Jun,08-Jun,09-Jun,0,7,0
Nashik,Jalgaon,Jalgaon,Chopda,Chopda,20053731,Lasur and 9 villages RRWSS. Ta. Chopda,Majare Hingone,1501,2,1.06,1.6,1.09,0.12,0.95,1.86,52.96,70.32,106.52,72.63,7.9,63,123.63,04-Jun,05-Jun,06-Jun,07-Jun,08-Jun,09-Jun,03-Jun,04-Jun,05-Jun,06-Jun,07-Jun,08-Jun,09-Jun,0,2,5
Nashik,Jalgaon,Jalgaon,Chopda,Chopda,20053731,Lasur and 9 villages RRWSS. Ta. Chopda,Mamalde,3572,2,4.68,4.41,3.34,4.51,5.33,4.18,125.65,131.04,123.4,93.64,126.31,149.16,116.91,04-Jun,05-Jun,06-Jun,07-Jun,08-Jun,09-Jun,03-Jun,04-Jun,05-Jun,06-Jun,07-Jun,08-Jun,09-Jun,0,0,7
Nashik,Jalgaon,Jalgaon,Chopda,Chopda,20053731,Lasur and 9 villages RRWSS. Ta. Chopda,Galwade,910,1,0.64,0.83,0.32,0.83,0.89,0.7,82.03,70.56,91.01,35.21,90.73,98.24,77.41,04-Jun,05-Jun,06-Jun,07-Jun,08-Jun,09-Jun,03-Jun,04-Jun,05-Jun,06-Jun,07-Jun,08-Jun,09-Jun,0,1,6
Nashik,Jalgaon,Jalgaon,Chopda,Chopda,20053731,Lasur and 9 villages RRWSS. Ta. Chopda,Hatede Kh,3009,2,3.28,3.93,3.57,3.15,3.54,4.29,127.57,108.93,130.65,118.77,104.54,117.55,142.72,04-Jun,05-Jun,06-Jun,07-Jun,08-Jun,09-Jun,03-Jun,04-Jun,05-Jun,06-Jun,07-Jun,08-Jun,09-Jun,0,0,7
Nashik,Jalgaon,Jalgaon,Chopda,Chopda,20053731,Lasur and 9 villages RRWSS. Ta. Chopda,Kazipura,863,2,1.52,1.48,1.31,1.89,1.46,1.17,176.57,176.15,171.74,151.4,219.23,169.06,135.37,04-Jun,05-Jun,06-Jun,07-Jun,08-Jun,09-Jun,03-Jun,04-Jun,05-Jun,06-Jun,07-Jun,08-Jun,09-Jun,0,0,7
Nashik,Jalgaon,Jalgaon,Chopda,Chopda,20053731,Lasur and 9 villages RRWSS. Ta. Chopda,Chaugaon,2980,2,2.06,2.48,1.91,2.69,1.72,2.17,88.93,69.23,83.37,64.09,90.42,57.61,72.73,04-Jun,05-Jun,06-Jun,07-Jun,08-Jun,09-Jun,03-Jun,04-Jun,05-Jun,06-Jun,07-Jun,08-Jun,09-Jun,0,0,7
Nashik,Jalgaon,Jalgaon,Chopda,Chopda,20053731,Lasur and 9 villages RRWSS. Ta. Chopda,Chunchale,5224,2,4.23,1.4,5.58,5.07,5.01,4.98,84.98,81,26.83,106.83,97.06,95.96,95.42,04-Jun,05-Jun,06-Jun,07-Jun,08-Jun,09-Jun,03-Jun,04-Jun,05-Jun,06-Jun,07-Jun,08-Jun,09-Jun,0,1,6
Nashik,Jalgaon,Jalgaon,Chopda,Chopda,20053731,Lasur and 9 villages RRWSS. Ta. Chopda,Chahardi,15064,2,0,0,0,0,0,0,0,0,0,0,0,0,0,04-Jun,05-Jun,06-Jun,07-Jun,08-Jun,09-Jun,03-Jun,04-Jun,05-Jun,06-Jun,07-Jun,08-Jun,09-Jun,7,7,0
Nashik,Jalgaon,Jalgaon,Erandol,Jamner,20025401,Pahur Peth& Pahur Kasbe 2 Villages WSS Tal Jamner,Pahur Peth,13205,5,1.81,1.8,0.81,1.07,0,0.64,10.89,13.72,13.64,6.15,8.13,0,4.85,04-Jun,05-Jun,06-Jun,07-Jun,08-Jun,09-Jun,03-Jun,04-Jun,05-Jun,06-Jun,07-Jun,08-Jun,09-Jun,0,7,0
Nashik,Jalgaon,Jalgaon,Erandol,Jamner,20025401,Pahur Peth& Pahur Kasbe 2 Villages WSS Tal Jamner,Kharchane,615,1,0.56,1.98,0,0.69,1.01,0,0,91.42,322.1,0.11,112.7,164.71,0,04-Jun,05-Jun,06-Jun,07-Jun,08-Jun,09-Jun,03-Jun,04-Jun,05-Jun,06-Jun,07-Jun,08-Jun,09-Jun,2,3,4
Nashik,Ahmednagar,Ahmednagar,Newasa,Pathardi,20040662,"Retro.Miri-Tisgaon and 33 villages, Tal. Pathardi",Tisgaon,Unsupported Data Type,7,0,0,0,0,0,0.59,0,0,0,0,0,0,0,04-Jun,05-Jun,06-Jun,07-Jun,08-Jun,09-Jun,03-Jun,04-Jun,05-Jun,06-Jun,07-Jun,08-Jun,09-Jun,7,7,0
Nashik,Ahmednagar,Sangamner,Sangamner,Sangamner,7937337,"Retro.Nimon and 4 villages, Tal. Sangamner",hilllock,3954,6,9.32,8.06,23.78,9.09,168.15,9.05,197.26,235.67,203.76,601.37,229.77,4252.71,229,04-Jun,05-Jun,06-Jun,07-Jun,08-Jun,09-Jun,03-Jun,04-Jun,05-Jun,06-Jun,07-Jun,08-Jun,09-Jun,0,0,7
Nashik,Nashik,W M Nashik,Malegaon,Malegaon,20018682,Dhahiwal &25 Villages WSS Tal Malegaon,Nale,575,1,0,0,0,0,0,0,0,0,0,0,0,0,0,04-Jun,05-Jun,06-Jun,07-Jun,08-Jun,09-Jun,03-Jun,04-Jun,05-Jun,06-Jun,07-Jun,08-Jun,09-Jun,7,7,0
Nashik,Nashik,W M Nashik,Malegaon,Malegaon,20018682,Dhahiwal &25 Villages WSS Tal Malegaon,Hiswal,2038,1,0.01,0,0,0,0.05,3.04,0,0.6,0,0,0,2.56,148.98,04-Jun,05-Jun,06-Jun,07-Jun,08-Jun,09-Jun,03-Jun,04-Jun,05-Jun,06-Jun,07-Jun,08-Jun,09-Jun,4,6,1
Nashik,Nashik,W M Nashik,Malegaon,Malegaon,20018682,Dhahiwal &25 Villages WSS Tal Malegaon,Dahiwal,3362,2,0,0,1.14,0,0.01,0,441.76,0,0,33.78,0,0.33,0,04-Jun,05-Jun,06-Jun,07-Jun,08-Jun,09-Jun,03-Jun,04-Jun,05-Jun,06-Jun,07-Jun,08-Jun,09-Jun,4,6,1
Nashik,Nashik,W M Nashik,Malegaon,Malegaon,20018682,Dhahiwal &25 Villages WSS Tal Malegaon,Devarpada,3639,2,0,0.46,17.81,1.83,0,0,57.36,0,12.75,489.3,50.21,0.03,0,04-Jun,05-Jun,06-Jun,07-Jun,08-Jun,09-Jun,03-Jun,04-Jun,05-Jun,06-Jun,07-Jun,08-Jun,09-Jun,2,5,2
Nashik,Nashik,W M Nashik,Malegaon,Malegaon,20018682,Dhahiwal &25 Villages WSS Tal Malegaon,Sherul,2637,2,0,0,0,0,5.46,8.94,0,0,0,0,0,206.97,339.08,04-Jun,05-Jun,06-Jun,07-Jun,08-Jun,09-Jun,03-Jun,04-Jun,05-Jun,06-Jun,07-Jun,08-Jun,09-Jun,5,5,2
Nashik,Nashik,W M Nashik,Malegaon,Malegaon,20018682,Dhahiwal &25 Villages WSS Tal Malegaon,Shendurni,1323,2,0.92,0,0,0.4,3.59,0,0,69.68,0,0,29.9,271.26,0,04-Jun,05-Jun,06-Jun,07-Jun,08-Jun,09-Jun,03-Jun,04-Jun,05-Jun,06-Jun,07-Jun,08-Jun,09-Jun,4,5,2
Nashik,Nashik,W M Nashik,Malegaon,Malegaon,20018682,Dhahiwal &25 Villages WSS Tal Malegaon,Roze,1159,2,0,0,0,0.64,0,0,0.08,0,0,0,55.31,0,0.01,04-Jun,05-Jun,06-Jun,07-Jun,08-Jun,09-Jun,03-Jun,04-Jun,05-Jun,06-Jun,07-Jun,08-Jun,09-Jun,4,6,1
Nashik,Nashik,W M Nashik,Malegaon,Malegaon,20018579,Malmatha and 25 villages Ta. Malegaon,Astane,4436,3,2.27,0,0.52,3.15,2.91,0.77,80.44,51.26,0.06,11.69,70.96,65.66,17.44,04-Jun,05-Jun,06-Jun,07-Jun,08-Jun,09-Jun,03-Jun,04-Jun,05-Jun,06-Jun,07-Jun,08-Jun,09-Jun,0,4,3
Nashik,Nashik,W M Nashik,Malegaon,Malegaon,20018579,Malmatha and 25 villages Ta. Malegaon,Dahidi,2354,1,0.92,0.71,0.54,1.31,0,1.27,36.2,39.07,30.3,23,55.47,0,54.16,04-Jun,05-Jun,06-Jun,07-Jun,08-Jun,09-Jun,03-Jun,04-Jun,05-Jun,06-Jun,07-Jun,08-Jun,09-Jun,1,6,1
Nashik,Nashik,W M Nashik,Malegaon,Malegaon,20018579,Malmatha and 25 villages Ta. Malegaon,Dasane,1186,1,0,3.15,8.99,0.59,0.92,0.74,0,0,265.6,757.77,49.68,77.68,62.01,04-Jun,05-Jun,06-Jun,07-Jun,08-Jun,09-Jun,03-Jun,04-Jun,05-Jun,06-Jun,07-Jun,08-Jun,09-Jun,1,3,4
Nashik,Nashik,W M Nashik,Malegaon,Malegaon,20018682,Dhahiwal &25 Villages WSS Tal Malegaon,Bodhe,540,2,0,0,0,0,3.68,0.01,165.26,0.03,0,0,0,680.7,1.3,04-Jun,05-Jun,06-Jun,07-Jun,08-Jun,09-Jun,03-Jun,04-Jun,05-Jun,06-Jun,07-Jun,08-Jun,09-Jun,3,5,2
Nashik,Nashik,W M Nashik,Malegaon,Malegaon,20018579,Malmatha and 25 villages Ta. Malegaon,Lonwade,1505,1,2.65,3.19,0,0,0,0,0,175.99,211.88,0,0,0.1,0,04-Jun,05-Jun,06-Jun,07-Jun,08-Jun,09-Jun,03-Jun,04-Jun,05-Jun,06-Jun,07-Jun,08-Jun,09-Jun,4,5,2
Nashik,Jalgaon,Jalgaon,Erandol,Chalisgaon,20053796,Dondigar-Rohini & 15 Villages WSS,Andhari,1743,1,0.84,0.88,0,0,0.66,0.49,35.24,48.07,50.34,0,0,37.89,28.29,04-Jun,05-Jun,06-Jun,07-Jun,08-Jun,09-Jun,03-Jun,04-Jun,05-Jun,06-Jun,07-Jun,08-Jun,09-Jun,2,7,0
Nashik,Ahmednagar,Sangamner,Kopargaon,Rahata,20054877,Retro.Kelvad Bk.& 2 villages RRWSS. Ta.Rahta,Kelwad Bk,4840,2,0.81,19.01,0,0,0,0.88,0,16.65,392.67,0,0,0,18.19,04-Jun,05-Jun,06-Jun,07-Jun,08-Jun,09-Jun,03-Jun,04-Jun,05-Jun,06-Jun,07-Jun,08-Jun,09-Jun,4,6,1
Nashik,Ahmednagar,Sangamner,Kopargaon,Rahata,20054877,Retro.Kelvad Bk.& 2 villages RRWSS. Ta.Rahta,Kelwad Kd,5875,1,0,0,0,0,0,0,0,0,0,0,0,0,0,04-Jun,05-Jun,06-Jun,07-Jun,08-Jun,09-Jun,03-Jun,04-Jun,05-Jun,06-Jun,07-Jun,08-Jun,09-Jun,7,7,0
Nashik,Ahmednagar,Sangamner,Kopargaon,Rahata,417239,Retro Rui & Shingave R.R.W.S.S Tal Rahata,Rui,6426,5,7.81,533.28,544.6,579482.26,578974.59,538.71,8472.33,121.47,8298.8,8474.94,9017775.64,9009875.36,8383.26,04-Jun,05-Jun,06-Jun,07-Jun,08-Jun,09-Jun,03-Jun,04-Jun,05-Jun,06-Jun,07-Jun,08-Jun,09-Jun,0,0,7
Nashik,Ahmednagar,Sangamner,Kopargaon,Rahata,417239,Retro Rui & Shingave R.R.W.S.S Tal Rahata,Shingve,5274,2,0,0,0,0,0,0,0,0,0,0,0,0,0,04-Jun,05-Jun,06-Jun,07-Jun,08-Jun,09-Jun,03-Jun,04-Jun,05-Jun,06-Jun,07-Jun,08-Jun,09-Jun,7,7,0
Nagpur,Chandrapur,Chandrapur,Chandrapur,Chandrapur,20050368,Chinchala and 7 Villages RR Water Supply Scheme,Chinchala,240,3,0,0,0,0,0,0,0,0,0,0,0,0,0,04-Jun,05-Jun,06-Jun,07-Jun,08-Jun,09-Jun,03-Jun,04-Jun,05-Jun,06-Jun,07-Jun,08-Jun,09-Jun,7,7,0
Nagpur,Chandrapur,Chandrapur,Chandrapur,Chandrapur,20050368,Chinchala and 7 Villages RR Water Supply Scheme,Dhanora,1564,4,1.15,40432410.47,0,35664912.35,0,0,22.38,73.53,2585192485,0,2280365240,0,0,04-Jun,05-Jun,06-Jun,07-Jun,08-Jun,09-Jun,03-Jun,04-Jun,05-Jun,06-Jun,07-Jun,08-Jun,09-Jun,3,4,3
Nagpur,Chandrapur,Chandrapur,Chandrapur,Chandrapur,20050368,Chinchala and 7 Villages RR Water Supply Scheme,Mahakurla,556,1,0,0,0,0,0,0,0,0,0,0,0,0,0,04-Jun,05-Jun,06-Jun,07-Jun,08-Jun,09-Jun,03-Jun,04-Jun,05-Jun,06-Jun,07-Jun,08-Jun,09-Jun,7,7,0
Nagpur,Chandrapur,Chandrapur,Chandrapur,Chandrapur,20050368,Chinchala and 7 Villages RR Water Supply Scheme,Nagala,1356,2,0,0,0,0,0,0,0,0,0,0,0,0,0,04-Jun,05-Jun,06-Jun,07-Jun,08-Jun,09-Jun,03-Jun,04-Jun,05-Jun,06-Jun,07-Jun,08-Jun,09-Jun,7,7,0
Nagpur,Chandrapur,Chandrapur,Chandrapur,Chandrapur,20050368,Chinchala and 7 Villages RR Water Supply Scheme,Pipari,888,2,0,0,0,0,0,0,0,0,0,0,0,0,0,04-Jun,05-Jun,06-Jun,07-Jun,08-Jun,09-Jun,03-Jun,04-Jun,05-Jun,06-Jun,07-Jun,08-Jun,09-Jun,7,7,0
Nagpur,Chandrapur,Chandrapur,Chandrapur,Chandrapur,20050368,Chinchala and 7 Villages RR Water Supply Scheme,Sidur,1000,2,0,0,0,0,0,0,0,0,0,0,0,0,0,04-Jun,05-Jun,06-Jun,07-Jun,08-Jun,09-Jun,03-Jun,04-Jun,05-Jun,06-Jun,07-Jun,08-Jun,09-Jun,7,7,0
Nagpur,Chandrapur,Chandrapur,Chandrapur,Chandrapur,20050368,Chinchala and 7 Villages RR Water Supply Scheme,Vendli,936,2,0,0,0,0,0,0,0,0,0,0,0,0,0,04-Jun,05-Jun,06-Jun,07-Jun,08-Jun,09-Jun,03-Jun,04-Jun,05-Jun,06-Jun,07-Jun,08-Jun,09-Jun,7,7,0
Nagpur,Chandrapur,Chandrapur,Chandrapur,Chandrapur,20050368,Chinchala and 7 Villages RR Water Supply Scheme,Wandhari,568,2,0,0,0,0,0,0,0,0,0,0,0,0,0,04-Jun,05-Jun,06-Jun,07-Jun,08-Jun,09-Jun,03-Jun,04-Jun,05-Jun,06-Jun,07-Jun,08-Jun,09-Jun,7,7,0
Nagpur,Chandrapur,Chandrapur,Gadchiroli,Aheri,7890975,Allapalli-Nagapalli RR,Allapalli,14263,1,22.47,22.17,22.44,22.4,22.53,21.48,160.73,157.54,155.44,157.34,157.07,157.99,150.6,04-Jun,05-Jun,06-Jun,07-Jun,08-Jun,09-Jun,03-Jun,04-Jun,05-Jun,06-Jun,07-Jun,08-Jun,09-Jun,0,0,7
Nagpur,Chandrapur,Chandrapur,Gadchiroli,Aheri,7890975,Allapalli-Nagapalli RR,Nagepalli,4334,1,0,0,0,0,0,0,0,0,0,0,0,0,0,04-Jun,05-Jun,06-Jun,07-Jun,08-Jun,09-Jun,03-Jun,04-Jun,05-Jun,06-Jun,07-Jun,08-Jun,09-Jun,7,7,0
Nagpur,Chandrapur,Chandrapur,Gadchiroli,Korpana,20050391,Nimani & 5 Villages RR Water Supply Scheme,Hirapur,1067,1,0.04,0,0.18,0.09,0.48,0,23.15,3.83,0.08,16.74,8.08,44.8,0,04-Jun,05-Jun,06-Jun,07-Jun,08-Jun,09-Jun,03-Jun,04-Jun,05-Jun,06-Jun,07-Jun,08-Jun,09-Jun,1,7,0
Nagpur,Chandrapur,Chandrapur,Gadchiroli,Korpana,20050391,Nimani & 5 Villages RR Water Supply Scheme,Kawathala,2098,2,0.78,0.81,0.78,0.76,0.05,0.5,37.44,37.31,38.78,37.16,36.33,2.58,23.75,04-Jun,05-Jun,06-Jun,07-Jun,08-Jun,09-Jun,03-Jun,04-Jun,05-Jun,06-Jun,07-Jun,08-Jun,09-Jun,7,0,0
Nagpur,Chandrapur,Chandrapur,Gadchiroli,Korpana,20050391,Nimani & 5 Villages RR Water Supply Scheme,Nimni,1583,1,0.74,0.02,0.87,0.65,0.71,0.65,54.04,46.77,1.27,55.15,40.79,44.87,40.79,04-Jun,05-Jun,06-Jun,07-Jun,08-Jun,09-Jun,03-Jun,04-Jun,05-Jun,06-Jun,07-Jun,08-Jun,09-Jun,6,0,1
Nagpur,Chandrapur,Chandrapur,Gadchiroli,Korpana,20050391,Nimani & 5 Villages RR Water Supply Scheme,Talodhi,1180,2,0.65,0.65,0.01,0.04,0.02,0,0,54.89,55.04,1.04,3.28,1.89,0,04-Jun,05-Jun,06-Jun,07-Jun,08-Jun,09-Jun,03-Jun,04-Jun,05-Jun,06-Jun,07-Jun,08-Jun,09-Jun,6,2,1
Nagpur,Chandrapur,Chandrapur,Pombhurna,Pombhurna,7928270,Pomnbhurna Grid & 15 Villages RR Retrofitting,Borda Dixit,1008,1,0.58,0.41,0.38,0.45,0.42,0.46,42.2,57.48,40.2,37.63,44.7,41.39,46.11,04-Jun,05-Jun,06-Jun,07-Jun,08-Jun,09-Jun,03-Jun,04-Jun,05-Jun,06-Jun,07-Jun,08-Jun,09-Jun,6,0,1
Nagpur,Chandrapur,Chandrapur,Pombhurna,Pombhurna,7928270,Pomnbhurna Grid & 15 Villages RR Retrofitting,Chak Ghanoti - 1,868,1,0,0,0,0,0,0,0,0,0,0,0,0,0,04-Jun,05-Jun,06-Jun,07-Jun,08-Jun,09-Jun,03-Jun,04-Jun,05-Jun,06-Jun,07-Jun,08-Jun,09-Jun,7,7,0
Nagpur,Chandrapur,Chandrapur,Pombhurna,Pombhurna,7928270,Pomnbhurna Grid & 15 Villages RR Retrofitting,Chak Hattibodi,544,2,0,0,0,0,0,0,0,0,0,0,0,0,0,04-Jun,05-Jun,06-Jun,07-Jun,08-Jun,09-Jun,03-Jun,04-Jun,05-Jun,06-Jun,07-Jun,08-Jun,09-Jun,7,7,0
Nagpur,Chandrapur,Chandrapur,Pombhurna,Pombhurna,7928270,Pomnbhurna Grid & 15 Villages RR Retrofitting,Chak Kosambi - 1,724,1,0,0,0,0,0,0,0,0,0,0,0,0,0,04-Jun,05-Jun,06-Jun,07-Jun,08-Jun,09-Jun,03-Jun,04-Jun,05-Jun,06-Jun,07-Jun,08-Jun,09-Jun,7,7,0
Nagpur,Chandrapur,Chandrapur,Pombhurna,Pombhurna,7928270,Pomnbhurna Grid & 15 Villages RR Retrofitting,Chak Navegaon,440,1,0,0,0,0,0,0,0,0,0,0,0,0,0,04-Jun,05-Jun,06-Jun,07-Jun,08-Jun,09-Jun,03-Jun,04-Jun,05-Jun,06-Jun,07-Jun,08-Jun,09-Jun,7,7,0
Nagpur,Chandrapur,Chandrapur,Pombhurna,Pombhurna,7928270,Pomnbhurna Grid & 15 Villages RR Retrofitting,Chek Thane Wasna,1700,1,0.45,0.52,0.52,0.58,0.51,0.49,34.79,26.3,30.38,30.88,34.07,29.91,29.03,04-Jun,05-Jun,06-Jun,07-Jun,08-Jun,09-Jun,03-Jun,04-Jun,05-Jun,06-Jun,07-Jun,08-Jun,09-Jun,7,0,0
Nagpur,Chandrapur,Chandrapur,Pombhurna,Pombhurna,7928270,Pomnbhurna Grid & 15 Villages RR Retrofitting,Dewada Kh.,4792,2,2.02,1.7,1.09,1.48,1.8,1.64,34.38,42.12,35.38,22.65,30.78,37.52,34.32,04-Jun,05-Jun,06-Jun,07-Jun,08-Jun,09-Jun,03-Jun,04-Jun,05-Jun,06-Jun,07-Jun,08-Jun,09-Jun,7,0,0
Nagpur,Chandrapur,Chandrapur,Pombhurna,Pombhurna,7928270,Pomnbhurna Grid & 15 Villages RR Retrofitting,Futan,2204,1,0,0,0,0,0,0,0,0,0,0,0,0,0,04-Jun,05-Jun,06-Jun,07-Jun,08-Jun,09-Jun,03-Jun,04-Jun,05-Jun,06-Jun,07-Jun,08-Jun,09-Jun,7,7,0
Nagpur,Chandrapur,Chandrapur,Pombhurna,Pombhurna,7928270,Pomnbhurna Grid & 15 Villages RR Retrofitting,Jam Kh.,1480,2,0.34,0.25,0.26,0.2,0.2,0.19,16.3,22.64,17.05,17.43,13.74,13.82,13.11,04-Jun,05-Jun,06-Jun,07-Jun,08-Jun,09-Jun,03-Jun,04-Jun,05-Jun,06-Jun,07-Jun,08-Jun,09-Jun,7,0,0
Nagpur,Chandrapur,Chandrapur,Pombhurna,Pombhurna,7928270,Pomnbhurna Grid & 15 Villages RR Retrofitting,Jam Tukum,1172,1,0.08,0,0,0,0,0,0,6.65,0,0,0,0,0,04-Jun,05-Jun,06-Jun,07-Jun,08-Jun,09-Jun,03-Jun,04-Jun,05-Jun,06-Jun,07-Jun,08-Jun,09-Jun,7,6,0
Nagpur,Chandrapur,Chandrapur,Pombhurna,Pombhurna,7928270,Pomnbhurna Grid & 15 Villages RR Retrofitting,Mohadi,3272,1,0,0,0,0,0,0,0,0,0,0,0,0,0,04-Jun,05-Jun,06-Jun,07-Jun,08-Jun,09-Jun,03-Jun,04-Jun,05-Jun,06-Jun,07-Jun,08-Jun,09-Jun,7,7,0
Nagpur,Chandrapur,Chandrapur,Pombhurna,Pombhurna,7928270,Pomnbhurna Grid & 15 Villages RR Retrofitting,Navegaon More,1680,1,0,0,0,0,0,0,0,0,0,0,0,0,0,04-Jun,05-Jun,06-Jun,07-Jun,08-Jun,09-Jun,03-Jun,04-Jun,05-Jun,06-Jun,07-Jun,08-Jun,09-Jun,7,7,0
Nagpur,Chandrapur,Chandrapur,Pombhurna,Pombhurna,7928270,Pomnbhurna Grid & 15 Villages RR Retrofitting,Rampur Dixit,680,1,0,0,0,0,0,0,0,0,0,0,0,0,0,04-Jun,05-Jun,06-Jun,07-Jun,08-Jun,09-Jun,03-Jun,04-Jun,05-Jun,06-Jun,07-Jun,08-Jun,09-Jun,7,7,0
Nagpur,Chandrapur,Chandrapur,Pombhurna,Pombhurna,7928270,Pomnbhurna Grid & 15 Villages RR Retrofitting,Selur Nagreddi,568,1,0,0,0,0,0,0,0,0,0,0,0,0,0,04-Jun,05-Jun,06-Jun,07-Jun,08-Jun,09-Jun,03-Jun,04-Jun,05-Jun,06-Jun,07-Jun,08-Jun,09-Jun,7,7,0
Nagpur,Chandrapur,Chandrapur,Pombhurna,Pombhurna,7928270,Pomnbhurna Grid & 15 Villages RR Retrofitting,Welwa,1548,2,0.5,0.01,0.58,0.6,0.37,0.79,40.53,32.12,0.65,37.42,38.59,24,50.93,04-Jun,05-Jun,06-Jun,07-Jun,08-Jun,09-Jun,03-Jun,04-Jun,05-Jun,06-Jun,07-Jun,08-Jun,09-Jun,7,0,0
Nagpur,Chandrapur,Wardha,Wardha,Hinganghat,20027837,Allipur & 6 Village RRWSS,Alamdoh,856,2,0,0,0,0,0,0,16.95,0.48,0,0,0.01,0,0,04-Jun,05-Jun,06-Jun,07-Jun,08-Jun,09-Jun,03-Jun,04-Jun,05-Jun,06-Jun,07-Jun,08-Jun,09-Jun,7,1,0
Nagpur,Chandrapur,Wardha,Wardha,Hinganghat,20027837,Allipur & 6 Village RRWSS,Allipur,75080,3,0,1.59,0,1.86,0,2.07,2.94,0,2.12,0,2.48,0,2.76,04-Jun,05-Jun,06-Jun,07-Jun,08-Jun,09-Jun,03-Jun,04-Jun,05-Jun,06-Jun,07-Jun,08-Jun,09-Jun,7,3,0
Nagpur,Chandrapur,Wardha,Wardha,Hinganghat,20027837,Allipur & 6 Village RRWSS,Kanchangaon,1544,2,6.2,0,4.62,4.1,0,5.87,601.89,401.56,0,299.24,265.54,0.03,380.3,04-Jun,05-Jun,06-Jun,07-Jun,08-Jun,09-Jun,03-Jun,04-Jun,05-Jun,06-Jun,07-Jun,08-Jun,09-Jun,2,1,5
Nagpur,Chandrapur,Wardha,Wardha,Hinganghat,20027837,Allipur & 6 Village RRWSS,Mansaoli,1044,2,1.15,0.7,1.73,1.45,6.37,1.77,44.03,110.15,67.05,165.71,138.89,610.15,169.54,04-Jun,05-Jun,06-Jun,07-Jun,08-Jun,09-Jun,03-Jun,04-Jun,05-Jun,06-Jun,07-Jun,08-Jun,09-Jun,1,0,6
Nagpur,Chandrapur,Wardha,Wardha,Hinganghat,20027837,Allipur & 6 Village RRWSS,Pavni,168,2,55.27,384.12,29.63,13.41,6.39,44.45,2863.1,32898.81,228642.86,17636.9,7982.14,3803.57,26458.33,04-Jun,05-Jun,06-Jun,07-Jun,08-Jun,09-Jun,03-Jun,04-Jun,05-Jun,06-Jun,07-Jun,08-Jun,09-Jun,0,0,7
Nagpur,Chandrapur,Wardha,Wardha,Hinganghat,20027837,Allipur & 6 Village RRWSS,Sirasgaon,1892,1,0,0,0,0,0,0,0,0,0,0,0,0,0,04-Jun,05-Jun,06-Jun,07-Jun,08-Jun,09-Jun,03-Jun,04-Jun,05-Jun,06-Jun,07-Jun,08-Jun,09-Jun,7,7,0
Nagpur,Chandrapur,Wardha,Wardha,Hinganghat,20027837,Allipur & 6 Village RRWSS,Sonegaon,1360,1,0.1,0,0.39,0.66,0.35,0,0,7.13,0,28.71,48.32,25.45,0,04-Jun,05-Jun,06-Jun,07-Jun,08-Jun,09-Jun,03-Jun,04-Jun,05-Jun,06-Jun,07-Jun,08-Jun,09-Jun,7,3,0
Nagpur,Nagpur,Chandrapur,Chandrapur,Chimur,20036536,Bothali & 7 Village RR WSS,Bothali,2250,1,0,0,0,0,0,0,0,0,0,0,0,0,0,04-Jun,05-Jun,06-Jun,07-Jun,08-Jun,09-Jun,03-Jun,04-Jun,05-Jun,06-Jun,07-Jun,08-Jun,09-Jun,7,7,0
Nagpur,Nagpur,Chandrapur,Chandrapur,Chimur,20036536,Bothali & 7 Village RR WSS,Chak Piranji,1771,1,0,0,0,0,0,0,0,0,0,0,0,0,0,04-Jun,05-Jun,06-Jun,07-Jun,08-Jun,09-Jun,03-Jun,04-Jun,05-Jun,06-Jun,07-Jun,08-Jun,09-Jun,7,7,0
Nagpur,Nagpur,Chandrapur,Chandrapur,Chimur,20036536,Bothali & 7 Village RR WSS,Chichbodi,1436,1,1,0.64,0.76,0,0.94,0.96,77.55,69.82,44.28,52.97,0.02,65.19,66.51,04-Jun,05-Jun,06-Jun,07-Jun,08-Jun,09-Jun,03-Jun,04-Jun,05-Jun,06-Jun,07-Jun,08-Jun,09-Jun,3,0,4
Nagpur,Nagpur,Chandrapur,Chandrapur,Chimur,20036536,Bothali & 7 Village RR WSS,Hirapur,1793,1,0,0,1.41,0,0,0.33,26.65,0,0.03,78.78,0,0,18.4,04-Jun,05-Jun,06-Jun,07-Jun,08-Jun,09-Jun,03-Jun,04-Jun,05-Jun,06-Jun,07-Jun,08-Jun,09-Jun,6,3,1
Nagpur,Nagpur,Chandrapur,Chandrapur,Chimur,20036536,Bothali & 7 Village RR WSS,Kesarwari,429,1,0.33,0,0.33,0,0.25,0.14,22.3,77.34,0,77.27,0,58.41,33.76,04-Jun,05-Jun,06-Jun,07-Jun,08-Jun,09-Jun,03-Jun,04-Jun,05-Jun,06-Jun,07-Jun,08-Jun,09-Jun,4,2,3
Nagpur,Nagpur,Chandrapur,Chandrapur,Chimur,20036536,Bothali & 7 Village RR WSS,Malpiranji,469,1,0,0,0,0,0,0,0,0,0,0,0,0,0,04-Jun,05-Jun,06-Jun,07-Jun,08-Jun,09-Jun,03-Jun,04-Jun,05-Jun,06-Jun,07-Jun,08-Jun,09-Jun,7,7,0
Nagpur,Nagpur,Chandrapur,Chandrapur,Chimur,20036536,Bothali & 7 Village RR WSS,Rajoli Chak,377,1,3.65,3.37,2.26,0.41,2.81,3.39,1214.26,967.58,893.72,598.65,107.81,746.29,898.19,04-Jun,05-Jun,06-Jun,07-Jun,08-Jun,09-Jun,03-Jun,04-Jun,05-Jun,06-Jun,07-Jun,08-Jun,09-Jun,0,0,7
Nagpur,Nagpur,Chandrapur,Chandrapur,Chimur,20036536,Bothali & 7 Village RR WSS,Rajoli Fall,824,1,0.14,0,0.08,0,0,0,6.06,17.26,0,9.6,0,0.07,0,04-Jun,05-Jun,06-Jun,07-Jun,08-Jun,09-Jun,03-Jun,04-Jun,05-Jun,06-Jun,07-Jun,08-Jun,09-Jun,7,3,0
Nagpur,Nagpur,Chandrapur,Chandrapur,Mul,20036862,Bor Chandli 5 Village RR WSS,Chak Bembal,345,1,0,0,0,0,0,0,0,0,0,0,0,0,0,04-Jun,05-Jun,06-Jun,07-Jun,08-Jun,09-Jun,03-Jun,04-Jun,05-Jun,06-Jun,07-Jun,08-Jun,09-Jun,7,7,0
Nagpur,Nagpur,Chandrapur,Chandrapur,Mul,20036862,Bor Chandli 5 Village RR WSS,Pipari (Dixit),1207,1,1.53,3.01,2.67,2.38,1.76,2.56,112.98,126.85,249.07,221.03,196.95,145.75,212.48,04-Jun,05-Jun,06-Jun,07-Jun,08-Jun,09-Jun,03-Jun,04-Jun,05-Jun,06-Jun,07-Jun,08-Jun,09-Jun,0,0,7
Nagpur,Nagpur,Chandrapur,Chandrapur,Mul,20036862,Bor Chandli 5 Village RR WSS,Sintala,1092,1,0,0,0,0,0,0,0,0,0,0,0,0,0,04-Jun,05-Jun,06-Jun,07-Jun,08-Jun,09-Jun,03-Jun,04-Jun,05-Jun,06-Jun,07-Jun,08-Jun,09-Jun,7,7,0
Nagpur,Nagpur,Chandrapur,Chandrapur,Mul,20036862,Bor Chandli 5 Village RR WSS,Virai,1720,1,0.08,0.1,0.26,0.04,0.31,0.07,8.23,4.86,6.01,14.84,2.33,18.15,4.28,04-Jun,05-Jun,06-Jun,07-Jun,08-Jun,09-Jun,03-Jun,04-Jun,05-Jun,06-Jun,07-Jun,08-Jun,09-Jun,7,0,0
Nagpur,Nagpur,Chandrapur,Chandrapur,Mul,20036862,Bor Chandli 5 Village RR WSS,Yergaon,2061,1,0.98,0.84,1.02,0.83,0.8,0.82,39.58,47.63,40.53,49.4,40.2,38.78,40.02,04-Jun,05-Jun,06-Jun,07-Jun,08-Jun,09-Jun,03-Jun,04-Jun,05-Jun,06-Jun,07-Jun,08-Jun,09-Jun,7,0,0
Nagpur,Nagpur,Chandrapur,Gadchiroli,Chamorshi,2009882,Ghot RRWSS,Ghot,4218,2,3.95,1.9,3.35,1.02,3.38,0,12.06,42.36,20.35,35.93,10.93,36.26,0,04-Jun,05-Jun,06-Jun,07-Jun,08-Jun,09-Jun,03-Jun,04-Jun,05-Jun,06-Jun,07-Jun,08-Jun,09-Jun,7,1,0
Nagpur,Nagpur,Chandrapur,Gadchiroli,Chamorshi,2009882,Ghot RRWSS,Navegaon,645,1,2.97,1.53,2.58,4.99,7.12,0.03,217.02,431.1,222.48,375.05,724.67,1034.71,2.13,04-Jun,05-Jun,06-Jun,07-Jun,08-Jun,09-Jun,03-Jun,04-Jun,05-Jun,06-Jun,07-Jun,08-Jun,09-Jun,1,0,6
Nagpur,Nagpur,Chandrapur,Gadchiroli,Chamorshi,2009882,Ghot RRWSS,Nikatwada,1455,1,2.97,1.53,2.58,4.99,7.12,0.03,217.02,431.1,222.48,375.05,724.67,1034.71,2.13,04-Jun,05-Jun,06-Jun,07-Jun,08-Jun,09-Jun,03-Jun,04-Jun,05-Jun,06-Jun,07-Jun,08-Jun,09-Jun,1,0,6
Nagpur,Nagpur,Chandrapur,Mul,Mul,7890965,Mul Grid & 24 Villages  RR WSS Retrofitting,Agadi,425,1,0.34,0.48,0.17,0.35,0,0.36,101.53,80.09,111.88,41.05,82.94,0.14,84.31,04-Jun,05-Jun,06-Jun,07-Jun,08-Jun,09-Jun,03-Jun,04-Jun,05-Jun,06-Jun,07-Jun,08-Jun,09-Jun,2,0,5
Nagpur,Nagpur,Chandrapur,Mul,Mul,7890965,Mul Grid & 24 Villages  RR WSS Retrofitting,Akapur,537,1,0.3,0.27,0.27,0.22,0.26,0.27,49.55,56.27,49.56,49.76,40.48,48.56,49.62,04-Jun,05-Jun,06-Jun,07-Jun,08-Jun,09-Jun,03-Jun,04-Jun,05-Jun,06-Jun,07-Jun,08-Jun,09-Jun,6,0,1
Nagpur,Nagpur,Chandrapur,Mul,Mul,7890965,Mul Grid & 24 Villages  RR WSS Retrofitting,Bhawarala,1032,1,0,0,0,0,0,0,0,0,0,0,0,0,0,04-Jun,05-Jun,06-Jun,07-Jun,08-Jun,09-Jun,03-Jun,04-Jun,05-Jun,06-Jun,07-Jun,08-Jun,09-Jun,7,7,0
Nagpur,Nagpur,Chandrapur,Mul,Mul,7890965,Mul Grid & 24 Villages  RR WSS Retrofitting,Chak Chikhli No.1,253,1,0,0,0,0,0,0,0,0,0,0,0,0,0,04-Jun,05-Jun,06-Jun,07-Jun,08-Jun,09-Jun,03-Jun,04-Jun,05-Jun,06-Jun,07-Jun,08-Jun,09-Jun,7,7,0
Nagpur,Nagpur,Chandrapur,Mul,Mul,7890965,Mul Grid & 24 Villages  RR WSS Retrofitting,Chak Katwan,247,1,0,0,0,0,0,0,0,0,0,0,0,0,0,04-Jun,05-Jun,06-Jun,07-Jun,08-Jun,09-Jun,03-Jun,04-Jun,05-Jun,06-Jun,07-Jun,08-Jun,09-Jun,7,7,0
Nagpur,Nagpur,Chandrapur,Mul,Mul,7890965,Mul Grid & 24 Villages  RR WSS Retrofitting,Chichala (Mo),3322,1,0,0,0,0,0,0,0,0,0,0,0,0,0,04-Jun,05-Jun,06-Jun,07-Jun,08-Jun,09-Jun,03-Jun,04-Jun,05-Jun,06-Jun,07-Jun,08-Jun,09-Jun,7,7,0
Nagpur,Nagpur,Chandrapur,Mul,Mul,7890965,Mul Grid & 24 Villages  RR WSS Retrofitting,Chicholi,2400,1,0,0,0,0,0,0,0,0,0,0,0,0,0,04-Jun,05-Jun,06-Jun,07-Jun,08-Jun,09-Jun,03-Jun,04-Jun,05-Jun,06-Jun,07-Jun,08-Jun,09-Jun,7,7,0
Nagpur,Nagpur,Chandrapur,Mul,Mul,7890965,Mul Grid & 24 Villages  RR WSS Retrofitting,Chimadha,1589,1,0,0,0,0,0,0,0,0,0,0,0,0,0,04-Jun,05-Jun,06-Jun,07-Jun,08-Jun,09-Jun,03-Jun,04-Jun,05-Jun,06-Jun,07-Jun,08-Jun,09-Jun,7,7,0
Nagpur,Nagpur,Chandrapur,Mul,Mul,7890965,Mul Grid & 24 Villages  RR WSS Retrofitting,Churul Tukum,402,1,0,0,0,0,0,0,0,0,0,0,0,0,0,04-Jun,05-Jun,06-Jun,07-Jun,08-Jun,09-Jun,03-Jun,04-Jun,05-Jun,06-Jun,07-Jun,08-Jun,09-Jun,7,7,0
Nagpur,Nagpur,Chandrapur,Mul,Mul,7890965,Mul Grid & 24 Villages  RR WSS Retrofitting,Fiskuti,2415,2,0,0,0,0,0,0,0,0,0,0,0,0,0,04-Jun,05-Jun,06-Jun,07-Jun,08-Jun,09-Jun,03-Jun,04-Jun,05-Jun,06-Jun,07-Jun,08-Jun,09-Jun,7,7,0
Nagpur,Nagpur,Chandrapur,Mul,Mul,7890965,Mul Grid & 24 Villages  RR WSS Retrofitting,Gangalwadi,862,1,0,0,0,0,0,0,0,0,0,0,0,0,0,04-Jun,05-Jun,06-Jun,07-Jun,08-Jun,09-Jun,03-Jun,04-Jun,05-Jun,06-Jun,07-Jun,08-Jun,09-Jun,7,7,0
Nagpur,Nagpur,Chandrapur,Mul,Mul,7890965,Mul Grid & 24 Villages  RR WSS Retrofitting,Haldi Gaonganna,1238,1,0.35,0.92,0.6,0.58,1.03,1.05,61.23,28.3,74.66,48.74,46.96,83.47,84.8,04-Jun,05-Jun,06-Jun,07-Jun,08-Jun,09-Jun,03-Jun,04-Jun,05-Jun,06-Jun,07-Jun,08-Jun,09-Jun,3,0,4
Nagpur,Nagpur,Chandrapur,Mul,Mul,7890965,Mul Grid & 24 Villages  RR WSS Retrofitting,Janala Ryt.,890,4,0,0,0,0,0.23,0.01,0.04,0.01,0.03,0.01,0.23,25.32,1.4,04-Jun,05-Jun,06-Jun,07-Jun,08-Jun,09-Jun,03-Jun,04-Jun,05-Jun,06-Jun,07-Jun,08-Jun,09-Jun,7,0,0
Nagpur,Nagpur,Chandrapur,Mul,Mul,7890965,Mul Grid & 24 Villages  RR WSS Retrofitting,Kantapeth Ryt.,938,1,0,0,0,0,0,0,0,0,0.01,0,0.01,0,0.01,04-Jun,05-Jun,06-Jun,07-Jun,08-Jun,09-Jun,03-Jun,04-Jun,05-Jun,06-Jun,07-Jun,08-Jun,09-Jun,7,4,0
Nagpur,Nagpur,Chandrapur,Mul,Mul,7890965,Mul Grid & 24 Villages  RR WSS Retrofitting,Karwan,470,1,0,0,0,0,0,0,0,0,0,0,0,0,0,04-Jun,05-Jun,06-Jun,07-Jun,08-Jun,09-Jun,03-Jun,04-Jun,05-Jun,06-Jun,07-Jun,08-Jun,09-Jun,7,7,0
Nagpur,Nagpur,Chandrapur,Mul,Mul,7890965,Mul Grid & 24 Villages  RR WSS Retrofitting,Kosambi,873,1,0.14,0.1,0.2,0.2,0.18,0.66,54.66,15.71,11.33,22.85,23.46,20.15,75.83,04-Jun,05-Jun,06-Jun,07-Jun,08-Jun,09-Jun,03-Jun,04-Jun,05-Jun,06-Jun,07-Jun,08-Jun,09-Jun,6,0,1
Nagpur,Nagpur,Chandrapur,Mul,Mul,7890965,Mul Grid & 24 Villages  RR WSS Retrofitting,Manda Tukum,228,1,0,0,0,0,0.21,0.22,0,0,0,0,0.04,90.53,94.52,04-Jun,05-Jun,06-Jun,07-Jun,08-Jun,09-Jun,03-Jun,04-Jun,05-Jun,06-Jun,07-Jun,08-Jun,09-Jun,5,4,2
Nagpur,Nagpur,Chandrapur,Mul,Mul,7890965,Mul Grid & 24 Villages  RR WSS Retrofitting,Marhegaon,824,1,0.94,0.94,0.94,0.94,0.94,0.94,114.54,114.54,114.54,114.54,114.54,114.54,114.54,04-Jun,05-Jun,06-Jun,07-Jun,08-Jun,09-Jun,03-Jun,04-Jun,05-Jun,06-Jun,07-Jun,08-Jun,09-Jun,0,0,7
Nagpur,Nagpur,Chandrapur,Mul,Mul,7890965,Mul Grid & 24 Villages  RR WSS Retrofitting,Morwahi Mal,593,1,3.08,3.24,3.17,3.02,3.14,3.27,537.94,519.39,546.37,534.57,509.27,529.51,551.43,04-Jun,05-Jun,06-Jun,07-Jun,08-Jun,09-Jun,03-Jun,04-Jun,05-Jun,06-Jun,07-Jun,08-Jun,09-Jun,0,0,7
Nagpur,Nagpur,Chandrapur,Mul,Mul,7890965,Mul Grid & 24 Villages  RR WSS Retrofitting,Rajgad,1638,1,0,0,0,0,0,0,0,0,0,0,0,0,0,04-Jun,05-Jun,06-Jun,07-Jun,08-Jun,09-Jun,03-Jun,04-Jun,05-Jun,06-Jun,07-Jun,08-Jun,09-Jun,7,7,0
Nagpur,Nagpur,Chandrapur,Mul,Mul,7890965,Mul Grid & 24 Villages  RR WSS Retrofitting,Tadala Tukum,1575,1,0,0,0,0,0,0,0,0,0,0,0,0,0,04-Jun,05-Jun,06-Jun,07-Jun,08-Jun,09-Jun,03-Jun,04-Jun,05-Jun,06-Jun,07-Jun,08-Jun,09-Jun,7,7,0
Nagpur,Nagpur,Chandrapur,Mul,Mul,7890965,Mul Grid & 24 Villages  RR WSS Retrofitting,Tekadi,2164,1,1.24,1.21,0.79,0.74,1.07,1.09,50.84,57.31,55.96,36.4,34.41,49.37,50.4,04-Jun,05-Jun,06-Jun,07-Jun,08-Jun,09-Jun,03-Jun,04-Jun,05-Jun,06-Jun,07-Jun,08-Jun,09-Jun,5,0,2
Nagpur,Nagpur,Chandrapur,Mul,Mul,7890965,Mul Grid & 24 Villages  RR WSS Retrofitting,Tolewahi,542,1,0,0,0,0.33,0.16,0.12,52.12,0,0,0,60.39,30.18,21.72,04-Jun,05-Jun,06-Jun,07-Jun,08-Jun,09-Jun,03-Jun,04-Jun,05-Jun,06-Jun,07-Jun,08-Jun,09-Jun,6,3,1
Nagpur,Nagpur,Chandrapur,Wardha,Wardha,7891298,Pipri Meghe and 13 villages RR WSS,Alodi,9328,3,3.95,1.9,3.35,1.02,3.38,0,12.06,42.36,20.35,35.93,10.93,36.26,0,04-Jun,05-Jun,06-Jun,07-Jun,08-Jun,09-Jun,03-Jun,04-Jun,05-Jun,06-Jun,07-Jun,08-Jun,09-Jun,7,1,0
Nagpur,Nagpur,Chandrapur,Wardha,Wardha,7891298,Pipri Meghe and 13 villages RR WSS,Borgaon,688,3,2.97,1.53,2.58,4.99,7.12,0.03,217.02,431.1,222.48,375.05,724.67,1034.71,2.13,04-Jun,05-Jun,06-Jun,07-Jun,08-Jun,09-Jun,03-Jun,04-Jun,05-Jun,06-Jun,07-Jun,08-Jun,09-Jun,1,0,6
Nagpur,Nagpur,Chandrapur,Wardha,Wardha,7891298,Pipri Meghe and 13 villages RR WSS,Karla,2332,1,5.29,1.42,0.02,4.45,2.9,10.43,398.28,227,60.87,0.95,190.96,124.22,447.08,04-Jun,05-Jun,06-Jun,07-Jun,08-Jun,09-Jun,03-Jun,04-Jun,05-Jun,06-Jun,07-Jun,08-Jun,09-Jun,1,0,6
Nagpur,Nagpur,Chandrapur,Wardha,Wardha,7891298,Pipri Meghe and 13 villages RR WSS,Masala,548,2,11.01,7.43,14.95,8.04,4.17,19.6,87468.01,2009.12,1355.84,2728.1,1467.15,761.83,3576.64,04-Jun,05-Jun,06-Jun,07-Jun,08-Jun,09-Jun,03-Jun,04-Jun,05-Jun,06-Jun,07-Jun,08-Jun,09-Jun,0,0,7
Nagpur,Nagpur,Chandrapur,Wardha,Wardha,7891298,Pipri Meghe and 13 villages RR WSS,Nalwadi,13540,4,9.39,0,0,0,10.73,0,0,69.34,0,0,0,79.24,0,04-Jun,05-Jun,06-Jun,07-Jun,08-Jun,09-Jun,03-Jun,04-Jun,05-Jun,06-Jun,07-Jun,08-Jun,09-Jun,5,5,2
Nagpur,Nagpur,Chandrapur,Wardha,Wardha,7891298,Pipri Meghe and 13 villages RR WSS,Pipri,2696,3,0,0,1.1,0,0,0.88,47.76,0,0,40.64,0,0,32.63,04-Jun,05-Jun,06-Jun,07-Jun,08-Jun,09-Jun,03-Jun,04-Jun,05-Jun,06-Jun,07-Jun,08-Jun,09-Jun,7,4,0
Nagpur,Nagpur,Chandrapur,Wardha,Wardha,7891298,Pipri Meghe and 13 villages RR WSS,Sawangi Meghe,16556,7,189.71,196.52,446.93,766.17,409.78,464.53,0,1145.87,1186.98,2699.5,4627.76,2475.13,2805.81,04-Jun,05-Jun,06-Jun,07-Jun,08-Jun,09-Jun,03-Jun,04-Jun,05-Jun,06-Jun,07-Jun,08-Jun,09-Jun,1,0,6
Nagpur,Nagpur,Chandrapur,Wardha,Wardha,7891298,Pipri Meghe and 13 villages RR WSS,Sindhi Meghe,29844,6,0,62.2,459.31,0,0,36.93,7.27,0,208.42,1539.04,0,0,123.74,04-Jun,05-Jun,06-Jun,07-Jun,08-Jun,09-Jun,03-Jun,04-Jun,05-Jun,06-Jun,07-Jun,08-Jun,09-Jun,4,3,3
Nagpur,Nagpur,Chandrapur,Wardha,Wardha,7891298,Pipri Meghe and 13 villages RR WSS,Sotada,1608,1,0,0,3.98,1.78,0,0,83.96,0,0,247.51,110.7,0,0,04-Jun,05-Jun,06-Jun,07-Jun,08-Jun,09-Jun,03-Jun,04-Jun,05-Jun,06-Jun,07-Jun,08-Jun,09-Jun,4,4,3
Nagpur,Nagpur,Chandrapur,Wardha,Wardha,7891298,Pipri Meghe and 13 villages RR WSS,Varud,616,1,0,0,0,0,0,0,0,0,0,0,0,0,0,04-Jun,05-Jun,06-Jun,07-Jun,08-Jun,09-Jun,03-Jun,04-Jun,05-Jun,06-Jun,07-Jun,08-Jun,09-Jun,7,7,0
Nagpur,Nagpur,Chandrapur,Wardha,Wardha,7891298,Pipri Meghe and 13 villages RR WSS,Waigaon,8896,4,78.48,0.29,0,0.81,100.83,0.44,289.12,882.16,3.29,0,9.13,1133.4,4.96,04-Jun,05-Jun,06-Jun,07-Jun,08-Jun,09-Jun,03-Jun,04-Jun,05-Jun,06-Jun,07-Jun,08-Jun,09-Jun,4,1,3
Nagpur,Nagpur,Gondia,Bhandara,Sakoli,631335,Ghanod RR Retrofitting,Bampewada,10254,1,0,0,0,0,0,0,0,0,0,0,0,0,0,04-Jun,05-Jun,06-Jun,07-Jun,08-Jun,09-Jun,03-Jun,04-Jun,05-Jun,06-Jun,07-Jun,08-Jun,09-Jun,7,7,0
Nagpur,Nagpur,Gondia,Bhandara,Sakoli,631335,Ghanod RR Retrofitting,Ghanod,2280,2,0,0,0,0,0,0,0,0,0,0,0,0,0,04-Jun,05-Jun,06-Jun,07-Jun,08-Jun,09-Jun,03-Jun,04-Jun,05-Jun,06-Jun,07-Jun,08-Jun,09-Jun,7,7,0
Nagpur,Nagpur,Gondia,Bhandara,Tumsar,20017217,Dewadi RR WSS,Dhorwada,1144,1,672.47,475.18,450.11,449.06,464.22,610.49,38501.75,58782.34,41536.71,39345.28,39253.5,40578.67,53364.51,04-Jun,05-Jun,06-Jun,07-Jun,08-Jun,09-Jun,03-Jun,04-Jun,05-Jun,06-Jun,07-Jun,08-Jun,09-Jun,0,0,7
Nagpur,Nagpur,Gondia,Bhandara,Tumsar,20017217,Dewadi RR WSS,Hasara,2638,1,17.33,8.86,6.42,4.74,4.26,5.93,807.43,656.94,335.86,243.37,179.68,161.49,224.79,04-Jun,05-Jun,06-Jun,07-Jun,08-Jun,09-Jun,03-Jun,04-Jun,05-Jun,06-Jun,07-Jun,08-Jun,09-Jun,0,0,7
Nagpur,Nagpur,Gondia,Bhandara,Tumsar,20017217,Dewadi RR WSS,Khapa,3087,1,0,352.56,225.4,0,0,365.45,9298.67,0,11420.8,7301.59,0,0,11838.35,04-Jun,05-Jun,06-Jun,07-Jun,08-Jun,09-Jun,03-Jun,04-Jun,05-Jun,06-Jun,07-Jun,08-Jun,09-Jun,3,3,4
Nagpur,Nagpur,Gondia,Bhandara,Tumsar,20017217,Dewadi RR WSS,Mangli,1558,1,502.6,502.86,504.36,502.92,521.69,509.29,31140.16,32259.31,32275.99,32372.27,32279.85,33484.6,32688.7,04-Jun,05-Jun,06-Jun,07-Jun,08-Jun,09-Jun,03-Jun,04-Jun,05-Jun,06-Jun,07-Jun,08-Jun,09-Jun,0,0,7
Nagpur,Nagpur,Gondia,Bhandara,Tumsar,20017217,Dewadi RR WSS,Paraswada,1400,2,0.01,522.08,0,0,0,938.75,69903.57,0.71,37291.43,0,0,0,67053.57,04-Jun,05-Jun,06-Jun,07-Jun,08-Jun,09-Jun,03-Jun,04-Jun,05-Jun,06-Jun,07-Jun,08-Jun,09-Jun,4,3,3
Nagpur,Nagpur,Gondia,Bhandara,Tumsar,20017217,Dewadi RR WSS,Stationtoli,1320,1,382.89,463.96,39.19,33.15,95.35,386.98,32681.82,29006.82,35148.48,2968.94,2511.36,7223.48,29316.67,04-Jun,05-Jun,06-Jun,07-Jun,08-Jun,09-Jun,03-Jun,04-Jun,05-Jun,06-Jun,07-Jun,08-Jun,09-Jun,0,0,7
Nagpur,Nagpur,Gondia,Bhandara,Tumsar,631010,Gobarwahi RR Retrofitting,Alesur,928,2,1.34,0,0,0,0,0,2864.34,144.4,0,0,0,0,0,04-Jun,05-Jun,06-Jun,07-Jun,08-Jun,09-Jun,03-Jun,04-Jun,05-Jun,06-Jun,07-Jun,08-Jun,09-Jun,5,5,2
Nagpur,Nagpur,Gondia,Bhandara,Tumsar,631010,Gobarwahi RR Retrofitting,Chicholi,2212,1,0,0,0,0,0,0,0,0,0,0,0,0,0,04-Jun,05-Jun,06-Jun,07-Jun,08-Jun,09-Jun,03-Jun,04-Jun,05-Jun,06-Jun,07-Jun,08-Jun,09-Jun,7,7,0
Nagpur,Nagpur,Gondia,Bhandara,Tumsar,631010,Gobarwahi RR Retrofitting,Chikhali,1541,1,0,0,0,0,0,0,0,0,0,0,0,0,0,04-Jun,05-Jun,06-Jun,07-Jun,08-Jun,09-Jun,03-Jun,04-Jun,05-Jun,06-Jun,07-Jun,08-Jun,09-Jun,7,7,0
Nagpur,Nagpur,Gondia,Bhandara,Tumsar,631010,Gobarwahi RR Retrofitting,Deonara,648,1,0,0,0,0,0,0,0,0,0,0,0,0,0,04-Jun,05-Jun,06-Jun,07-Jun,08-Jun,09-Jun,03-Jun,04-Jun,05-Jun,06-Jun,07-Jun,08-Jun,09-Jun,7,7,0
Nagpur,Nagpur,Gondia,Bhandara,Tumsar,631010,Gobarwahi RR Retrofitting,Dongri Bk.,5014,1,56.5,53.17,55.18,57.69,56.47,57.93,1106.08,1126.93,1060.44,1100.44,1150.52,1126.25,1155.43,04-Jun,05-Jun,06-Jun,07-Jun,08-Jun,09-Jun,03-Jun,04-Jun,05-Jun,06-Jun,07-Jun,08-Jun,09-Jun,0,0,7
Nagpur,Nagpur,Gondia,Bhandara,Tumsar,631010,Gobarwahi RR Retrofitting,Paunarkhari,2526,1,0.67,0,0.42,0.86,0.41,0.81,11.88,26.52,0,16.63,34.05,16.23,32.07,04-Jun,05-Jun,06-Jun,07-Jun,08-Jun,09-Jun,03-Jun,04-Jun,05-Jun,06-Jun,07-Jun,08-Jun,09-Jun,7,1,0
Nagpur,Nagpur,Gondia,Bhandara,Tumsar,631010,Gobarwahi RR Retrofitting,Pawnara,1187,1,5.21,5.19,5.15,4.95,4.91,4.84,459.54,438.59,437.24,433.87,417.02,413.65,407.75,04-Jun,05-Jun,06-Jun,07-Jun,08-Jun,09-Jun,03-Jun,04-Jun,05-Jun,06-Jun,07-Jun,08-Jun,09-Jun,0,0,7
Nagpur,Nagpur,Gondia,Bhandara,Tumsar,631010,Gobarwahi RR Retrofitting,Pitesur,1994,1,0,0,0,0,0,0,0,0,0,0,0,0,0,04-Jun,05-Jun,06-Jun,07-Jun,08-Jun,09-Jun,03-Jun,04-Jun,05-Jun,06-Jun,07-Jun,08-Jun,09-Jun,7,7,0
Nagpur,Nagpur,Gondia,Bhandara,Tumsar,631010,Gobarwahi RR Retrofitting,Ronga,1821,2,0,0,0,0,0,0,0,0,0,0,0,0,0,04-Jun,05-Jun,06-Jun,07-Jun,08-Jun,09-Jun,03-Jun,04-Jun,05-Jun,06-Jun,07-Jun,08-Jun,09-Jun,7,7,0
Nagpur,Nagpur,Gondia,Gondia,Gondia,2003645,Kudwa-Katangikala Peri Urban RR,Katangikala,6640,2,3.83,1.08,2.58,3.99,3.63,4.12,39.72,57.7,16.27,38.83,60.16,54.67,62.01,04-Jun,05-Jun,06-Jun,07-Jun,08-Jun,09-Jun,03-Jun,04-Jun,05-Jun,06-Jun,07-Jun,08-Jun,09-Jun,4,0,3
Nagpur,Nagpur,Gondia,Gondia,Gondia,2003645,Kudwa-Katangikala Peri Urban RR,Kudwa,20000,3,0,0,0,0,0,0,594.05,0,0,0,0,0,0,04-Jun,05-Jun,06-Jun,07-Jun,08-Jun,09-Jun,03-Jun,04-Jun,05-Jun,06-Jun,07-Jun,08-Jun,09-Jun,6,6,1
Nagpur,Nagpur,Gondia,Gondia,Goregaon,20019216,GOREGAON RR Retrofitting,Bhadanga,4016,1,1.33,1.81,1.62,1.5,1.46,1.68,20.79,33.11,45.11,40.3,37.35,36.37,41.82,04-Jun,05-Jun,06-Jun,07-Jun,08-Jun,09-Jun,03-Jun,04-Jun,05-Jun,06-Jun,07-Jun,08-Jun,09-Jun,7,0,0
Nagpur,Nagpur,Gondia,Gondia,Goregaon,20019216,GOREGAON RR Retrofitting,Ghoti,3931,1,1.42,1.28,1.45,1.59,1.48,1.43,4.12,36.2,32.47,36.78,40.43,37.66,36.48,04-Jun,05-Jun,06-Jun,07-Jun,08-Jun,09-Jun,03-Jun,04-Jun,05-Jun,06-Jun,07-Jun,08-Jun,09-Jun,7,0,0
Nagpur,Nagpur,Gondia,Gondia,Goregaon,20019216,GOREGAON RR Retrofitting,Goregaon,8766,3,2.71,2.82,4.25,3.99,3.94,3.23,30.67,30.96,32.18,48.53,45.5,44.98,36.8,04-Jun,05-Jun,06-Jun,07-Jun,08-Jun,09-Jun,03-Jun,04-Jun,05-Jun,06-Jun,07-Jun,08-Jun,09-Jun,7,0,0
Nagpur,Nagpur,Gondia,Gondia,Goregaon,20019216,GOREGAON RR Retrofitting,Katangi,2643,1,0.83,0.37,0.83,0,0.41,0.23,7.15,31.41,13.88,31.46,0.03,15.54,8.82,04-Jun,05-Jun,06-Jun,07-Jun,08-Jun,09-Jun,03-Jun,04-Jun,05-Jun,06-Jun,07-Jun,08-Jun,09-Jun,7,0,0
Nagpur,Nagpur,Gondia,Gondia,Goregaon,20019216,GOREGAON RR Retrofitting,Mengatola,1000,1,0,0,0,0,0,0,0,0.02,0,0,0,0,0,04-Jun,05-Jun,06-Jun,07-Jun,08-Jun,09-Jun,03-Jun,04-Jun,05-Jun,06-Jun,07-Jun,08-Jun,09-Jun,7,5,0
Nagpur,Nagpur,Gondia,Sadak Arjuni,Sadak Arjuni,20016939,Putali RR WSS Retrofitting,Dalli,1606,1,0,0,0,0,0,0,0,0,0,0,0,0,0,04-Jun,05-Jun,06-Jun,07-Jun,08-Jun,09-Jun,03-Jun,04-Jun,05-Jun,06-Jun,07-Jun,08-Jun,09-Jun,7,7,0
Nagpur,Nagpur,Gondia,Sadak Arjuni,Sadak Arjuni,20016939,Putali RR WSS Retrofitting,Kanharpayli,1487,1,0,0,0,0,0,0,0,0,0,0,0,0,0,04-Jun,05-Jun,06-Jun,07-Jun,08-Jun,09-Jun,03-Jun,04-Jun,05-Jun,06-Jun,07-Jun,08-Jun,09-Jun,7,7,0
Nagpur,Nagpur,Gondia,Sadak Arjuni,Sadak Arjuni,20016939,Putali RR WSS Retrofitting,Kohalipar,126,1,0,0,0,0,0,0,0,0,0,0,0,0,0,04-Jun,05-Jun,06-Jun,07-Jun,08-Jun,09-Jun,03-Jun,04-Jun,05-Jun,06-Jun,07-Jun,08-Jun,09-Jun,7,7,0
Nagpur,Nagpur,Gondia,Sadak Arjuni,Sadak Arjuni,20016939,Putali RR WSS Retrofitting,Koylari,1575,1,0,0,0,0,0,0,0,0,0,0,0,0,0,04-Jun,05-Jun,06-Jun,07-Jun,08-Jun,09-Jun,03-Jun,04-Jun,05-Jun,06-Jun,07-Jun,08-Jun,09-Jun,7,7,0
Nagpur,Nagpur,Gondia,Sadak Arjuni,Sadak Arjuni,20016939,Putali RR WSS Retrofitting,Mohgata,189,1,0,0,0,0,0,0,0,0,0,0,0,0,0,04-Jun,05-Jun,06-Jun,07-Jun,08-Jun,09-Jun,03-Jun,04-Jun,05-Jun,06-Jun,07-Jun,08-Jun,09-Jun,7,7,0
Nagpur,Nagpur,Gondia,Sadak Arjuni,Sadak Arjuni,20016939,Putali RR WSS Retrofitting,Ushikheda,710,1,0,0,0,0,0,0,0,0,0,0,0,0,0,04-Jun,05-Jun,06-Jun,07-Jun,08-Jun,09-Jun,03-Jun,04-Jun,05-Jun,06-Jun,07-Jun,08-Jun,09-Jun,7,7,0
Nagpur,Nagpur,Nagpur,Chandrapur,Saoali,20036500,Vyahad & 2 Village RR WSS,Kondekhal,556,2,0.17,0.09,0.04,0,0,0.12,0.13,30.84,16.73,6.48,0.03,0.03,21.42,04-Jun,05-Jun,06-Jun,07-Jun,08-Jun,09-Jun,03-Jun,04-Jun,05-Jun,06-Jun,07-Jun,08-Jun,09-Jun,7,0,0
Nagpur,Nagpur,Nagpur,Chandrapur,Saoali,20036500,Vyahad & 2 Village RR WSS,Samada Kh,524,2,1.01,0.89,0.99,0,0.54,1.25,240.97,193.26,170.28,188.14,0,103.24,238.66,04-Jun,05-Jun,06-Jun,07-Jun,08-Jun,09-Jun,03-Jun,04-Jun,05-Jun,06-Jun,07-Jun,08-Jun,09-Jun,1,1,6
Nagpur,Nagpur,Nagpur,Chandrapur,Saoali,20036500,Vyahad & 2 Village RR WSS,Vyahad(BK),4572,1,0,0,0,0,0,0,0,0,0,0,0,0,0,04-Jun,05-Jun,06-Jun,07-Jun,08-Jun,09-Jun,03-Jun,04-Jun,05-Jun,06-Jun,07-Jun,08-Jun,09-Jun,7,7,0
Nagpur,Nagpur,Nagpur,Nagpur,Hingna,20009650,Waddhmna WSS,Nagalwadi,2564,1,0,0.39,0.4,0,0.07,0,0,0,15.21,15.6,0,2.73,0,04-Jun,05-Jun,06-Jun,07-Jun,08-Jun,09-Jun,03-Jun,04-Jun,05-Jun,06-Jun,07-Jun,08-Jun,09-Jun,7,4,0
Nagpur,Nagpur,Nagpur,Nagpur,Hingna,20009650,Waddhmna WSS,Waddhmna,5904,7,3.87,4.14,4.25,4.47,4.48,4.69,75.59,65.55,70.12,71.99,75.71,75.8,79.49,04-Jun,05-Jun,06-Jun,07-Jun,08-Jun,09-Jun,03-Jun,04-Jun,05-Jun,06-Jun,07-Jun,08-Jun,09-Jun,0,0,7
Nagpur,Nagpur,Nagpur,Nagpur,Kamptee,7940695,Bidgaon Tarodi wss,Bidgaon,16860,2,2.08,11.96,19.29,17.41,17.19,15.16,28.07,12.31,70.96,114.42,103.23,101.93,89.89,04-Jun,05-Jun,06-Jun,07-Jun,08-Jun,09-Jun,03-Jun,04-Jun,05-Jun,06-Jun,07-Jun,08-Jun,09-Jun,2,0,5
Nagpur,Nagpur,Nagpur,Nagpur,Kamptee,7940695,Bidgaon Tarodi wss,Tarodi Kh.,7830,2,3.63,5.55,9.81,27.26,14.54,12.73,51.01,46.38,70.94,125.24,348.16,185.66,162.52,04-Jun,05-Jun,06-Jun,07-Jun,08-Jun,09-Jun,03-Jun,04-Jun,05-Jun,06-Jun,07-Jun,08-Jun,09-Jun,2,0,5
Chhatrapati Sambhajinagar,Chhatrapati Sambhajinagar,Chhatrapati Sambhajinagar,Vaijapur,Vaijapur,20051233,373 Village Gangapur-Vaijapur Grid WSS,Chorwaghalgaon,3313,1,0.38,0.21,0,0.39,0,0.22,6.64,11.47,6.34,0,11.77,0,6.64,04-Jun,05-Jun,06-Jun,07-Jun,08-Jun,09-Jun,03-Jun,04-Jun,05-Jun,06-Jun,07-Jun,08-Jun,09-Jun,2,7,0
Chhatrapati Sambhajinagar,Chhatrapati Sambhajinagar,Jalna,Partur,Partur,20094559,"120 Villages Extension Scheme for Works Not Considered in 173 GRID WSS and 95 GRID WSS Tq. Partur, Mantha and Jalna Dist: Jalna",Kawajawala,1582,1,0,0,0,0,0,0,0,0,0,0,0,0,0,04-Jun,05-Jun,06-Jun,07-Jun,08-Jun,09-Jun,03-Jun,04-Jun,05-Jun,06-Jun,07-Jun,08-Jun,09-Jun,7,7,0
Chhatrapati Sambhajinagar,Chhatrapati Sambhajinagar,Chhatrapati Sambhajinagar,Vaijapur,Vaijapur,20051233,373 Village Gangapur-Vaijapur Grid WSS,Jategaon,2711,1,0,0,0,0,0,0,0,0,0,0,0,0,0,04-Jun,05-Jun,06-Jun,07-Jun,08-Jun,09-Jun,03-Jun,04-Jun,05-Jun,06-Jun,07-Jun,08-Jun,09-Jun,7,7,0
Chhatrapati Sambhajinagar,Latur,Latur,Shirur Anantpal,Shirur Anantpal,20030815,Sakol 7 villages WSS,Sakol,8777,2,2.92,0,0,0,0,3.13,47.51,33.27,0,0,0,0,35.66,04-Jun,05-Jun,06-Jun,07-Jun,08-Jun,09-Jun,03-Jun,04-Jun,05-Jun,06-Jun,07-Jun,08-Jun,09-Jun,4,7,0
Chhatrapati Sambhajinagar,Latur,Latur,Shirur Anantpal,Shirur Anantpal,20030815,Sakol 7 villages WSS,Kanegaon,1604,1,2.48,5.26,3.55,4.57,4.32,3.62,347.8,154.62,327.93,221.06,285.21,269.33,225.4,04-Jun,05-Jun,06-Jun,07-Jun,08-Jun,09-Jun,03-Jun,04-Jun,05-Jun,06-Jun,07-Jun,08-Jun,09-Jun,0,0,7
Chhatrapati Sambhajinagar,Latur,Latur,Shirur Anantpal,Shirur Anantpal,20030815,Sakol 7 villages WSS,Tripal,1086,1,0,0,0,0,0,0,0,0,0,0,0,0,0,04-Jun,05-Jun,06-Jun,07-Jun,08-Jun,09-Jun,03-Jun,04-Jun,05-Jun,06-Jun,07-Jun,08-Jun,09-Jun,7,7,0
Chhatrapati Sambhajinagar,Nanded,Nanded,Himayatnagar,Himayatnagar,20013969,Hadgaon and Himayatnagar 132 Village Grid WSS,Pota Kh.,787,1,0,0,0,0,0,0,0,0,0,0,0,0,0,04-Jun,05-Jun,06-Jun,07-Jun,08-Jun,09-Jun,03-Jun,04-Jun,05-Jun,06-Jun,07-Jun,08-Jun,09-Jun,7,7,0
Chhatrapati Sambhajinagar,Chhatrapati Sambhajinagar,Chhatrapati Sambhajinagar,Vaijapur,Vaijapur,20051233,373 Village Gangapur-Vaijapur Grid WSS,Bhaggaon,2023,1,0,0,0,0,0,0,0,0,0,0,0,0,0,04-Jun,05-Jun,06-Jun,07-Jun,08-Jun,09-Jun,03-Jun,04-Jun,05-Jun,06-Jun,07-Jun,08-Jun,09-Jun,7,7,0
Chhatrapati Sambhajinagar,Chhatrapati Sambhajinagar,Jalna,Mantha,Mantha,20094559,"120 Villages Extension Scheme for Works Not Considered in 173 GRID WSS and 95 GRID WSS Tq. Partur, Mantha and Jalna Dist: Jalna",Waghoda Tanda,1941,1,0,0,0,0,0,0,0,0,0,0,0,0,0,04-Jun,05-Jun,06-Jun,07-Jun,08-Jun,09-Jun,03-Jun,04-Jun,05-Jun,06-Jun,07-Jun,08-Jun,09-Jun,7,7,0
Chhatrapati Sambhajinagar,Nanded,Nanded,Himayatnagar,Himayatnagar,20013969,Hadgaon and Himayatnagar 132 Village Grid WSS,Borgaon (Tamsa),787,1,0,0,0,0,0,0,0,0,0,0,0,0,0,04-Jun,05-Jun,06-Jun,07-Jun,08-Jun,09-Jun,03-Jun,04-Jun,05-Jun,06-Jun,07-Jun,08-Jun,09-Jun,7,7,0
Chhatrapati Sambhajinagar,Chhatrapati Sambhajinagar,Jalna,Mantha,Mantha,20094559,"120 Villages Extension Scheme for Works Not Considered in 173 GRID WSS and 95 GRID WSS Tq. Partur, Mantha and Jalna Dist: Jalna",Virgavhan Tanda,577,1,0,0,0,0,0,0,0,0.07,0.03,0.06,0.07,0,0.06,04-Jun,05-Jun,06-Jun,07-Jun,08-Jun,09-Jun,03-Jun,04-Jun,05-Jun,06-Jun,07-Jun,08-Jun,09-Jun,2,7,0
Chhatrapati Sambhajinagar,Chhatrapati Sambhajinagar,Jalna,Mantha,Mantha,20094559,"120 Villages Extension Scheme for Works Not Considered in 173 GRID WSS and 95 GRID WSS Tq. Partur, Mantha and Jalna Dist: Jalna",Andhawadi,1026,1,0.52,0,0,0,0.51,0,0,50.62,0,0.35,0,49.25,0,04-Jun,05-Jun,06-Jun,07-Jun,08-Jun,09-Jun,03-Jun,04-Jun,05-Jun,06-Jun,07-Jun,08-Jun,09-Jun,3,7,0
Chhatrapati Sambhajinagar,Chhatrapati Sambhajinagar,Jalna,Mantha,Mantha,20094559,"120 Villages Extension Scheme for Works Not Considered in 173 GRID WSS and 95 GRID WSS Tq. Partur, Mantha and Jalna Dist: Jalna",RAMTIRTH,1143,1,0,0.43,0,0,0.43,0,0,0,37.88,0,0,37.98,0,04-Jun,05-Jun,06-Jun,07-Jun,08-Jun,09-Jun,03-Jun,04-Jun,05-Jun,06-Jun,07-Jun,08-Jun,09-Jun,5,7,0
Chhatrapati Sambhajinagar,Nanded,Nanded,Kandhar,Kandhar,7338000,Osmamnagar Shirdhon Combined WSS,Osmamnagar,Unsupported Data Type,2,0,0,0,0,0,0,0,0,0,0,0,0,0,04-Jun,05-Jun,06-Jun,07-Jun,08-Jun,09-Jun,03-Jun,04-Jun,05-Jun,06-Jun,07-Jun,08-Jun,09-Jun,7,7,0
Chhatrapati Sambhajinagar,Chhatrapati Sambhajinagar,Chhatrapati Sambhajinagar,Vaijapur,Vaijapur,20051233,373 Village Gangapur-Vaijapur Grid WSS,Babhultel,1532,1,0,0,0,0,0,0,0,0,0,0,0,0,0,04-Jun,05-Jun,06-Jun,07-Jun,08-Jun,09-Jun,03-Jun,04-Jun,05-Jun,06-Jun,07-Jun,08-Jun,09-Jun,7,7,0
Chhatrapati Sambhajinagar,Nanded,Nanded,Hadgaon,Hadgaon,20013969,Hadgaon and Himayatnagar 132 Village Grid WSS,Unchada,1881,1,0.77,0.33,0.13,0,0.7,0,37.75,40.94,17.54,6.91,0,37.21,0,04-Jun,05-Jun,06-Jun,07-Jun,08-Jun,09-Jun,03-Jun,04-Jun,05-Jun,06-Jun,07-Jun,08-Jun,09-Jun,2,7,0
Chhatrapati Sambhajinagar,Latur,Latur,Chakur,Chakur,20030459,Rachnawadi 6 villages WSS,Rachnawadi,2228,1,0,0,0,0,0.21,0,13.91,0,0,0,0,9.58,0,04-Jun,05-Jun,06-Jun,07-Jun,08-Jun,09-Jun,03-Jun,04-Jun,05-Jun,06-Jun,07-Jun,08-Jun,09-Jun,5,7,0
Chhatrapati Sambhajinagar,Chhatrapati Sambhajinagar,Jalna,Mantha,Mantha,20094559,"120 Villages Extension Scheme for Works Not Considered in 173 GRID WSS and 95 GRID WSS Tq. Partur, Mantha and Jalna Dist: Jalna",Incha,501,1,0,0,0,0,0,0,0,0,0,0,0,0,0,04-Jun,05-Jun,06-Jun,07-Jun,08-Jun,09-Jun,03-Jun,04-Jun,05-Jun,06-Jun,07-Jun,08-Jun,09-Jun,7,7,0
Chhatrapati Sambhajinagar,Chhatrapati Sambhajinagar,Jalna,Mantha,Mantha,20094559,"120 Villages Extension Scheme for Works Not Considered in 173 GRID WSS and 95 GRID WSS Tq. Partur, Mantha and Jalna Dist: Jalna",Kanadi,1040,1,0,0,0,0,0,0,0,0,0,0,0,0,0,04-Jun,05-Jun,06-Jun,07-Jun,08-Jun,09-Jun,03-Jun,04-Jun,05-Jun,06-Jun,07-Jun,08-Jun,09-Jun,6,7,0
Chhatrapati Sambhajinagar,Chhatrapati Sambhajinagar,Chhatrapati Sambhajinagar,Paithan,Paithan,20018162,Paithan Taluka 178 Village Grid WS,Dadegaon Jahagir,1400,1,1.03,0.7,0,2.45,0,4.76,541.43,73.57,50,0,175,0,340,04-Jun,05-Jun,06-Jun,07-Jun,08-Jun,09-Jun,03-Jun,04-Jun,05-Jun,06-Jun,07-Jun,08-Jun,09-Jun,2,3,4
Chhatrapati Sambhajinagar,Nanded,Nanded,Himayatnagar,Himayatnagar,20013969,Hadgaon and Himayatnagar 132 Village Grid WSS,Waghi,1428,1,5.85,0,15.14,8.41,5.09,4.54,397.06,409.66,0,1060.22,589.05,356.44,317.93,04-Jun,05-Jun,06-Jun,07-Jun,08-Jun,09-Jun,03-Jun,04-Jun,05-Jun,06-Jun,07-Jun,08-Jun,09-Jun,1,1,6
Chhatrapati Sambhajinagar,Chhatrapati Sambhajinagar,Chhatrapati Sambhajinagar,Gangapur,Gangapur,20051233,373 Village Gangapur-Vaijapur Grid WSS,Raipur,2196,1,0,0,0,0,0,0,0,0,0,0,0,0,0,04-Jun,05-Jun,06-Jun,07-Jun,08-Jun,09-Jun,03-Jun,04-Jun,05-Jun,06-Jun,07-Jun,08-Jun,09-Jun,7,7,0
Chhatrapati Sambhajinagar,Nanded,Nanded,Hadgaon,Hadgaon,20013969,Hadgaon and Himayatnagar 132 Village Grid WSS,Hadsani,1944,1,14.55,14.55,14.84,13.52,15.27,15.92,780.86,748.46,748.46,763.37,695.47,785.49,818.93,04-Jun,05-Jun,06-Jun,07-Jun,08-Jun,09-Jun,03-Jun,04-Jun,05-Jun,06-Jun,07-Jun,08-Jun,09-Jun,0,0,7
Chhatrapati Sambhajinagar,Latur,Latur,Renapur,Renapur,20030820,Pangaon 10 villages WSS,Manusmarwadi,1629,1,0,0,0,1.62,2.07,1.31,0,0,0,0,99.45,127.07,80.42,04-Jun,05-Jun,06-Jun,07-Jun,08-Jun,09-Jun,03-Jun,04-Jun,05-Jun,06-Jun,07-Jun,08-Jun,09-Jun,4,4,3
Chhatrapati Sambhajinagar,Chhatrapati Sambhajinagar,Chhatrapati Sambhajinagar,Gangapur,Gangapur,20051233,373 Village Gangapur-Vaijapur Grid WSS,Ranjangaon (s),62282,1,1.1,0,0.51,0,0,1.46,0.14,1.77,0,0.82,0,0,2.34,04-Jun,05-Jun,06-Jun,07-Jun,08-Jun,09-Jun,03-Jun,04-Jun,05-Jun,06-Jun,07-Jun,08-Jun,09-Jun,3,7,0
Chhatrapati Sambhajinagar,Nanded,Nanded,Hadgaon,Hadgaon,20013969,Hadgaon and Himayatnagar 132 Village Grid WSS,Baradshewala,2360,2,0.04,0.05,0.05,0.04,0.05,0.05,2.12,1.69,2.12,2.12,1.69,2.12,2.12,04-Jun,05-Jun,06-Jun,07-Jun,08-Jun,09-Jun,03-Jun,04-Jun,05-Jun,06-Jun,07-Jun,08-Jun,09-Jun,0,7,0
Chhatrapati Sambhajinagar,Nanded,Nanded,Hadgaon,Hadgaon,20013969,Hadgaon and Himayatnagar 132 Village Grid WSS,Hardaf,2364,1,0,0,0,0,0,0,0,0,0,0,0,0,0,04-Jun,05-Jun,06-Jun,07-Jun,08-Jun,09-Jun,03-Jun,04-Jun,05-Jun,06-Jun,07-Jun,08-Jun,09-Jun,7,7,0
Chhatrapati Sambhajinagar,Nanded,Nanded,Hadgaon,Hadgaon,20013969,Hadgaon and Himayatnagar 132 Village Grid WSS,Krushnapur,664,1,0,0,0,0,0,0,0,0,0,0,0,0,0,04-Jun,05-Jun,06-Jun,07-Jun,08-Jun,09-Jun,03-Jun,04-Jun,05-Jun,06-Jun,07-Jun,08-Jun,09-Jun,7,7,0
Chhatrapati Sambhajinagar,Chhatrapati Sambhajinagar,Chhatrapati Sambhajinagar,Vaijapur,Vaijapur,20051233,373 Village Gangapur-Vaijapur Grid WSS,Kapus Wadgaon,2712,1,0,0,0,0,0,0,0,0,0,0,0,0,0,04-Jun,05-Jun,06-Jun,07-Jun,08-Jun,09-Jun,03-Jun,04-Jun,05-Jun,06-Jun,07-Jun,08-Jun,09-Jun,7,7,0
Chhatrapati Sambhajinagar,Chhatrapati Sambhajinagar,Jalna,Mantha,Mantha,20094559,"120 Villages Extension Scheme for Works Not Considered in 173 GRID WSS and 95 GRID WSS Tq. Partur, Mantha and Jalna Dist: Jalna",Lawani,804,1,0,0,0,0.49,0,0,55.97,0,0,0,60.95,0,0,04-Jun,05-Jun,06-Jun,07-Jun,08-Jun,09-Jun,03-Jun,04-Jun,05-Jun,06-Jun,07-Jun,08-Jun,09-Jun,5,5,2
Chhatrapati Sambhajinagar,Nanded,Nanded,Himayatnagar,Himayatnagar,20013969,Hadgaon and Himayatnagar 132 Village Grid WSS,Khadki (Bazar),3524,1,0,0,0,0,0,0,0,0,0,0,0,0,0,04-Jun,05-Jun,06-Jun,07-Jun,08-Jun,09-Jun,03-Jun,04-Jun,05-Jun,06-Jun,07-Jun,08-Jun,09-Jun,7,7,0
Chhatrapati Sambhajinagar,Chhatrapati sambhajinagar,Chhatrapati sambhajinagar,Vaijapur,Vaijapur,20051233,373 Village Gangapur-Vaijapur Grid WSS,Mali Ghogargaon,2591,1,0.89,0,0.95,0.04,0.73,0,0,34.35,0,36.67,1.54,28.17,0,04-Jun,05-Jun,06-Jun,07-Jun,08-Jun,09-Jun,03-Jun,04-Jun,05-Jun,06-Jun,07-Jun,08-Jun,09-Jun,3,7,0
Chhatrapati Sambhajinagar,Chhatrapati Sambhajinagar,Jalna,Partur,Partur,20094559,"120 Villages Extension Scheme for Works Not Considered in 173 GRID WSS and 95 GRID WSS Tq. Partur, Mantha and Jalna Dist: Jalna",Daithana (bk),1363,1,7015.12,3954.52,5695.8,0,0.39,0,3395.27,514682.32,290133.53,417887.01,0,28.53,0,04-Jun,05-Jun,06-Jun,07-Jun,08-Jun,09-Jun,03-Jun,04-Jun,05-Jun,06-Jun,07-Jun,08-Jun,09-Jun,2,3,4
Chhatrapati Sambhajinagar,Nanded,Nanded,Hadgaon,Hadgaon,20013969,Hadgaon and Himayatnagar 132 Village Grid WSS,Chinchgawhan,2440,1,0.13,0,0.41,0.08,0.07,0.21,10.66,5.33,0,16.8,3.28,2.87,8.61,04-Jun,05-Jun,06-Jun,07-Jun,08-Jun,09-Jun,03-Jun,04-Jun,05-Jun,06-Jun,07-Jun,08-Jun,09-Jun,1,7,0
Chhatrapati Sambhajinagar,Nanded,Nanded,Hadgaon,Hadgaon,20013969,Hadgaon and Himayatnagar 132 Village Grid WSS,Unchegaon,1958,1,3.38,0.83,2.73,4.6,2.69,1.69,149.04,172.41,42.6,139.23,234.83,137.43,86.33,04-Jun,05-Jun,06-Jun,07-Jun,08-Jun,09-Jun,03-Jun,04-Jun,05-Jun,06-Jun,07-Jun,08-Jun,09-Jun,0,1,6
Chhatrapati Sambhajinagar,Chhatrapati Sambhajinagar,Chhatrapati Sambhajinagar,Gangapur,Gangapur,20051233,373 Village Gangapur-Vaijapur Grid WSS,Warkhed,3343,1,0.61,0.68,0.7,0.57,0,0.68,21.24,18.25,20.34,20.94,17.05,0,20.34,04-Jun,05-Jun,06-Jun,07-Jun,08-Jun,09-Jun,03-Jun,04-Jun,05-Jun,06-Jun,07-Jun,08-Jun,09-Jun,1,7,0
Chhatrapati Sambhajinagar,Chhatrapati Sambhajinagar,Chhatrapati Sambhajinagar,Vaijapur,Vaijapur,20051233,373 Village Gangapur-Vaijapur Grid WSS,Hadas Pimpalgaon,1611,1,0.41,0.56,0.46,0.3,0,0.36,31.04,25.45,34.76,28.55,18.62,0,22.35,04-Jun,05-Jun,06-Jun,07-Jun,08-Jun,09-Jun,03-Jun,04-Jun,05-Jun,06-Jun,07-Jun,08-Jun,09-Jun,1,7,0
Chhatrapati Sambhajinagar,Chhatrapati Sambhajinagar,Chhatrapati Sambhajinagar,Vaijapur,Vaijapur,20051233,373 Village Gangapur-Vaijapur Grid WSS,Goygaon,1665,1,0,0,0,0,0,0,0,0,0,0,0,0,0,04-Jun,05-Jun,06-Jun,07-Jun,08-Jun,09-Jun,03-Jun,04-Jun,05-Jun,06-Jun,07-Jun,08-Jun,09-Jun,7,7,0
Chhatrapati Sambhajinagar,Chhatrapati Sambhajinagar,Chhatrapati Sambhajinagar,Vaijapur,Vaijapur,20051233,373 Village Gangapur-Vaijapur Grid WSS,Dawala,1483,1,1.53,0.34,0.33,0.13,0.13,0.42,0,103.17,22.93,22.25,8.77,8.77,28.32,04-Jun,05-Jun,06-Jun,07-Jun,08-Jun,09-Jun,03-Jun,04-Jun,05-Jun,06-Jun,07-Jun,08-Jun,09-Jun,1,6,1
Chhatrapati Sambhajinagar,Chhatrapati Sambhajinagar,Chhatrapati Sambhajinagar,Vaijapur,Vaijapur,20051233,373 Village Gangapur-Vaijapur Grid WSS,Lasurgaon,6676,1,0,0,0,0,0,0,0,0,0,0,0,0,0,04-Jun,05-Jun,06-Jun,07-Jun,08-Jun,09-Jun,03-Jun,04-Jun,05-Jun,06-Jun,07-Jun,08-Jun,09-Jun,7,7,0
Chhatrapati Sambhajinagar,Chhatrapati Sambhajinagar,Chhatrapati Sambhajinagar,Vaijapur,Vaijapur,20051233,373 Village Gangapur-Vaijapur Grid WSS,Khandala,1180,1,3.02,0,2.14,2.46,2.42,3.97,254.24,255.93,0,181.36,208.47,205.08,336.44,04-Jun,05-Jun,06-Jun,07-Jun,08-Jun,09-Jun,03-Jun,04-Jun,05-Jun,06-Jun,07-Jun,08-Jun,09-Jun,1,1,6
Chhatrapati Sambhajinagar,Chhatrapati Sambhajinagar,Chhatrapati Sambhajinagar,Vaijapur,Vaijapur,20051233,373 Village Gangapur-Vaijapur Grid WSS,Karanjgaon,1983,1,0.01,0.26,0.01,0.01,0.31,0,34.76,0.38,13.02,0.33,0.71,15.83,0,04-Jun,05-Jun,06-Jun,07-Jun,08-Jun,09-Jun,03-Jun,04-Jun,05-Jun,06-Jun,07-Jun,08-Jun,09-Jun,1,7,0
Chhatrapati Sambhajinagar,Chhatrapati Sambhajinagar,Chhatrapati Sambhajinagar,Vaijapur,Vaijapur,20051233,373 Village Gangapur-Vaijapur Grid WSS,Jarul,3679,1,6.98,1.37,0.57,0.91,1.28,1.33,24.46,189.73,37.24,15.49,24.73,34.79,36.15,04-Jun,05-Jun,06-Jun,07-Jun,08-Jun,09-Jun,03-Jun,04-Jun,05-Jun,06-Jun,07-Jun,08-Jun,09-Jun,0,6,1
Chhatrapati Sambhajinagar,Chhatrapati Sambhajinagar,Chhatrapati Sambhajinagar,Vaijapur,Vaijapur,20051233,373 Village Gangapur-Vaijapur Grid WSS,Jambargaon,2614,1,0,0.38,0.37,0,0,0,14.92,0,14.54,14.15,0,0,0,04-Jun,05-Jun,06-Jun,07-Jun,08-Jun,09-Jun,03-Jun,04-Jun,05-Jun,06-Jun,07-Jun,08-Jun,09-Jun,4,7,0
Chhatrapati Sambhajinagar,Chhatrapati Sambhajinagar,Jalna,Mantha,Mantha,20094559,"120 Villages Extension Scheme for Works Not Considered in 173 GRID WSS and 95 GRID WSS Tq. Partur, Mantha and Jalna Dist: Jalna",Daghi,1485,1,6734.44,0,6086.38,6.83,0,0,6967.68,453497.64,0,409857.24,459.93,0,0,04-Jun,05-Jun,06-Jun,07-Jun,08-Jun,09-Jun,03-Jun,04-Jun,05-Jun,06-Jun,07-Jun,08-Jun,09-Jun,3,3,4
Chhatrapati Sambhajinagar,Nanded,Nanded,Himayatnagar,Himayatnagar,20013969,Hadgaon and Himayatnagar 132 Village Grid WSS,Virsani,2817,1,0,1.47,0,1.28,0,1.15,0,0,52.18,0,45.44,0,40.82,04-Jun,05-Jun,06-Jun,07-Jun,08-Jun,09-Jun,03-Jun,04-Jun,05-Jun,06-Jun,07-Jun,08-Jun,09-Jun,4,7,0
Chhatrapati Sambhajinagar,Nanded,Nanded,Himayatnagar,Himayatnagar,20013969,Hadgaon and Himayatnagar 132 Village Grid WSS,Tembhi,1927,1,0,0,0,0,0,0,0,0,0,0,0,0,0,04-Jun,05-Jun,06-Jun,07-Jun,08-Jun,09-Jun,03-Jun,04-Jun,05-Jun,06-Jun,07-Jun,08-Jun,09-Jun,7,7,0
Chhatrapati Sambhajinagar,Chhatrapati sambhajinagar,Chhatrapati sambhajinagar,Vaijapur,Vaijapur,20051233,373 Village Gangapur-Vaijapur Grid WSS,Raghunathpurwadi,1097,1,0,0,0,0,0,0,0,0,0,0,0,0,0,04-Jun,05-Jun,06-Jun,07-Jun,08-Jun,09-Jun,03-Jun,04-Jun,05-Jun,06-Jun,07-Jun,08-Jun,09-Jun,7,7,0
Chhatrapati Sambhajinagar,Chhatrapati Sambhajinagar,Jalna,Partur,Partur,20094559,"120 Villages Extension Scheme for Works Not Considered in 173 GRID WSS and 95 GRID WSS Tq. Partur, Mantha and Jalna Dist: Jalna",Bramhanwadi,1563,1,0.01,0.61,0.32,0,0,0.02,0,0.36,38.74,20.18,0,0,1.56,04-Jun,05-Jun,06-Jun,07-Jun,08-Jun,09-Jun,03-Jun,04-Jun,05-Jun,06-Jun,07-Jun,08-Jun,09-Jun,2,7,0
Chhatrapati Sambhajinagar,Chhatrapati Sambhajinagar,Chhatrapati Sambhajinagar,Vaijapur,Vaijapur,20051233,373 Village Gangapur-Vaijapur Grid WSS,Virgaon,2271,1,0.41,0.72,0.82,0.71,0,0.41,35.23,18.05,31.7,36.11,31.26,0,18.05,04-Jun,05-Jun,06-Jun,07-Jun,08-Jun,09-Jun,03-Jun,04-Jun,05-Jun,06-Jun,07-Jun,08-Jun,09-Jun,1,7,0
Chhatrapati Sambhajinagar,Nanded,Nanded,Himayatnagar,Himayatnagar,20013969,Hadgaon and Himayatnagar 132 Village Grid WSS,Ashti,4091,1,0,0,0,0,0,0,0,0,0,0,0,0,0,04-Jun,05-Jun,06-Jun,07-Jun,08-Jun,09-Jun,03-Jun,04-Jun,05-Jun,06-Jun,07-Jun,08-Jun,09-Jun,7,7,0
Chhatrapati Sambhajinagar,Chhatrapati Sambhajinagar,Jalna,Partur,Partur,20094559,"120 Villages Extension Scheme for Works Not Considered in 173 GRID WSS and 95 GRID WSS Tq. Partur, Mantha and Jalna Dist: Jalna",Rohina (Bk),953,1,0,0,0,0,0,0,0,0,0,0,0,0,0,04-Jun,05-Jun,06-Jun,07-Jun,08-Jun,09-Jun,03-Jun,04-Jun,05-Jun,06-Jun,07-Jun,08-Jun,09-Jun,7,7,0
Chhatrapati Sambhajinagar,Nanded,Nanded,Himayatnagar,Himayatnagar,20013969,Hadgaon and Himayatnagar 132 Village Grid WSS,Walkyachiwadi,4427,1,0.11,0.18,0.15,0.19,0.28,0,35.01,2.48,4.07,3.39,4.29,6.32,0,04-Jun,05-Jun,06-Jun,07-Jun,08-Jun,09-Jun,03-Jun,04-Jun,05-Jun,06-Jun,07-Jun,08-Jun,09-Jun,1,7,0
Chhatrapati Sambhajinagar,Chhatrapati Sambhajinagar,Jalna,Partur,Partur,20094559,"120 Villages Extension Scheme for Works Not Considered in 173 GRID WSS and 95 GRID WSS Tq. Partur, Mantha and Jalna Dist: Jalna",Ganeshpur (Hanwadi),289,1,0.07,0,0.05,0.05,0.03,0.07,16.37,24.29,1.14,16.25,18.41,8.68,24.86,04-Jun,05-Jun,06-Jun,07-Jun,08-Jun,09-Jun,03-Jun,04-Jun,05-Jun,06-Jun,07-Jun,08-Jun,09-Jun,0,7,0
Chhatrapati Sambhajinagar,Chhatrapati sambhajinagar,Chhatrapati sambhajinagar,Vaijapur,Vaijapur,20051233,373 Village Gangapur-Vaijapur Grid WSS,Hilalpur,1383,1,0,0,0,0,0,0,0,0,0,0,0,0,0,04-Jun,05-Jun,06-Jun,07-Jun,08-Jun,09-Jun,03-Jun,04-Jun,05-Jun,06-Jun,07-Jun,08-Jun,09-Jun,7,7,0
Chhatrapati Sambhajinagar,Nanded,Nanded,Himayatnagar,Himayatnagar,20013969,Hadgaon and Himayatnagar 132 Village Grid WSS,Khairgaon (jahagir),425,1,0,0,0,0,0.12,0,0,0,0,0,0,28.24,0,04-Jun,05-Jun,06-Jun,07-Jun,08-Jun,09-Jun,03-Jun,04-Jun,05-Jun,06-Jun,07-Jun,08-Jun,09-Jun,6,7,0
Chhatrapati Sambhajinagar,Chhatrapati Sambhajinagar,Chhatrapati Sambhajinagar,Paithan,Paithan,20018162,Paithan Taluka 178 Village Grid WS,Mharola,2169,1,0,0,0,0,0,0.13,0,0,0,0,0,0,5.99,04-Jun,05-Jun,06-Jun,07-Jun,08-Jun,09-Jun,03-Jun,04-Jun,05-Jun,06-Jun,07-Jun,08-Jun,09-Jun,6,7,0
Chhatrapati Sambhajinagar,Nanded,Nanded,Hadgaon,Hadgaon,20013969,Hadgaon and Himayatnagar 132 Village Grid WSS,Brahmanwadi,525,1,0,0,0,0,0,0,0,0,0,0,0,0,0,04-Jun,05-Jun,06-Jun,07-Jun,08-Jun,09-Jun,03-Jun,04-Jun,05-Jun,06-Jun,07-Jun,08-Jun,09-Jun,7,7,0
Chhatrapati Sambhajinagar,Nanded,Nanded,Himayatnagar,Himayatnagar,20013969,Hadgaon and Himayatnagar 132 Village Grid WSS,Yewli,3092,1,2.97,3.17,2.96,3.52,3.1,2.66,72.77,96.05,102.52,95.73,113.84,100.26,86.03,04-Jun,05-Jun,06-Jun,07-Jun,08-Jun,09-Jun,03-Jun,04-Jun,05-Jun,06-Jun,07-Jun,08-Jun,09-Jun,0,0,7
Chhatrapati Sambhajinagar,Chhatrapati Sambhajinagar,Chhatrapati Sambhajinagar,Sillod,Sillod,20017395,Shirsala & 4 Village,Sirsala,996,1,0,0,0.38,0.35,0.63,0,0,0,0,38.15,35.2,63.25,0,04-Jun,05-Jun,06-Jun,07-Jun,08-Jun,09-Jun,03-Jun,04-Jun,05-Jun,06-Jun,07-Jun,08-Jun,09-Jun,4,6,1
Chhatrapati Sambhajinagar,Chhatrapati Sambhajinagar,Jalna,Partur,Partur,20094559,"120 Villages Extension Scheme for Works Not Considered in 173 GRID WSS and 95 GRID WSS Tq. Partur, Mantha and Jalna Dist: Jalna",Rohina Kh,2293,1,0.26,0.36,0.3,0.29,0.36,0,12.65,11.34,15.7,13.08,12.65,15.7,0,04-Jun,05-Jun,06-Jun,07-Jun,08-Jun,09-Jun,03-Jun,04-Jun,05-Jun,06-Jun,07-Jun,08-Jun,09-Jun,1,7,0
Chhatrapati Sambhajinagar,Latur,Latur,Renapur,Renapur,20030820,Pangaon 10 villages WSS,Murdav,1765,1,0,0,0,0,0,0,0,0,0,0,0,0,0,04-Jun,05-Jun,06-Jun,07-Jun,08-Jun,09-Jun,03-Jun,04-Jun,05-Jun,06-Jun,07-Jun,08-Jun,09-Jun,7,7,0
Chhatrapati Sambhajinagar,Chhatrapati Sambhajinagar,Jalna,Partur,Partur,20094559,"120 Villages Extension Scheme for Works Not Considered in 173 GRID WSS and 95 GRID WSS Tq. Partur, Mantha and Jalna Dist: Jalna",Hastur Tanda,1454,1,0,0,0,0,0,0,0,0,0,0,0,0,0,04-Jun,05-Jun,06-Jun,07-Jun,08-Jun,09-Jun,03-Jun,04-Jun,05-Jun,06-Jun,07-Jun,08-Jun,09-Jun,7,7,0
Chhatrapati Sambhajinagar,Chhatrapati sambhajinagar,Chhatrapati sambhajinagar,Vaijapur,Vaijapur,20051233,373 Village Gangapur-Vaijapur Grid WSS,Sudamwadi,750,1,0,0,0,0,0,0,0,0,0,0,0,0,0,04-Jun,05-Jun,06-Jun,07-Jun,08-Jun,09-Jun,03-Jun,04-Jun,05-Jun,06-Jun,07-Jun,08-Jun,09-Jun,7,7,0
Chhatrapati Sambhajinagar,Chhatrapati Sambhajinagar,Jalna,Mantha,Mantha,20094559,"120 Villages Extension Scheme for Works Not Considered in 173 GRID WSS and 95 GRID WSS Tq. Partur, Mantha and Jalna Dist: Jalna",Pangra Gadadhe,2126,2,0,0,0,0,0,0,0,0,0,0,0,0,0,04-Jun,05-Jun,06-Jun,07-Jun,08-Jun,09-Jun,03-Jun,04-Jun,05-Jun,06-Jun,07-Jun,08-Jun,09-Jun,7,7,0
Chhatrapati Sambhajinagar,Chhatrapati Sambhajinagar,Jalna,Partur,Partur,20094559,"120 Villages Extension Scheme for Works Not Considered in 173 GRID WSS and 95 GRID WSS Tq. Partur, Mantha and Jalna Dist: Jalna",Anandwadi,2333,1,0,0,0,0,0,0,0,0,0,0,0,0,0,04-Jun,05-Jun,06-Jun,07-Jun,08-Jun,09-Jun,03-Jun,04-Jun,05-Jun,06-Jun,07-Jun,08-Jun,09-Jun,7,7,0
Chhatrapati Sambhajinagar,Chhatrapati Sambhajinagar,Jalna,Mantha,Mantha,20094559,"120 Villages Extension Scheme for Works Not Considered in 173 GRID WSS and 95 GRID WSS Tq. Partur, Mantha and Jalna Dist: Jalna",PANGRI KH.,3178,1,0,0,0,0,0,0,0,0,0,0,0,0,0,04-Jun,05-Jun,06-Jun,07-Jun,08-Jun,09-Jun,03-Jun,04-Jun,05-Jun,06-Jun,07-Jun,08-Jun,09-Jun,7,7,0
Chhatrapati Sambhajinagar,Chhatrapati Sambhajinagar,Chhatrapati Sambhajinagar,Paithan,Paithan,20018162,Paithan Taluka 178 Village Grid WS,Dadegaon Bk.,1144,2,0,0.08,0,0,0,0.09,0,0,6.99,0,0,0,7.87,04-Jun,05-Jun,06-Jun,07-Jun,08-Jun,09-Jun,03-Jun,04-Jun,05-Jun,06-Jun,07-Jun,08-Jun,09-Jun,5,7,0
Chhatrapati Sambhajinagar,Chhatrapati Sambhajinagar,Chhatrapati Sambhajinagar,Paithan,Paithan,20018162,Paithan Taluka 178 Village Grid WS,Balanagar,5504,1,2.92,2.64,2.82,1.82,1.81,1.27,60.32,53.05,47.97,51.24,33.07,32.89,23.07,04-Jun,05-Jun,06-Jun,07-Jun,08-Jun,09-Jun,03-Jun,04-Jun,05-Jun,06-Jun,07-Jun,08-Jun,09-Jun,0,6,1
Chhatrapati Sambhajinagar,Chhatrapati Sambhajinagar,Chhatrapati Sambhajinagar,Gangapur,Gangapur,20051233,373 Village Gangapur-Vaijapur Grid WSS,Jogeshwari,13730,1,3.36,5.65,4.49,5.48,3.98,1.12,46.11,24.5,41.16,32.73,39.88,28.96,8.13,04-Jun,05-Jun,06-Jun,07-Jun,08-Jun,09-Jun,03-Jun,04-Jun,05-Jun,06-Jun,07-Jun,08-Jun,09-Jun,0,7,0
Chhatrapati Sambhajinagar,Chhatrapati Sambhajinagar,Chhatrapati Sambhajinagar,Gangapur,Gangapur,20051233,373 Village Gangapur-Vaijapur Grid WSS,Sawangi,5491,1,0,0,0,0,0,0,0,0,0,0,0,0,0,04-Jun,05-Jun,06-Jun,07-Jun,08-Jun,09-Jun,03-Jun,04-Jun,05-Jun,06-Jun,07-Jun,08-Jun,09-Jun,7,7,0
Chhatrapati Sambhajinagar,Nanded,Nanded,Naigaon,Naigaon,7942142,Manjram WSS (7942142),Wadi,25016,1,0,0,0,0,0,0,0,0,0,0,0,0,0,04-Jun,05-Jun,06-Jun,07-Jun,08-Jun,09-Jun,03-Jun,04-Jun,05-Jun,06-Jun,07-Jun,08-Jun,09-Jun,7,7,0
Chhatrapati Sambhajinagar,Nanded,Nanded,Hadgaon,Hadgaon,20013969,Hadgaon and Himayatnagar 132 Village Grid WSS,Sapti,2440,1,3.56,1.82,3.86,2.8,2.51,1.7,143.85,145.9,74.59,158.2,114.75,102.87,69.67,04-Jun,05-Jun,06-Jun,07-Jun,08-Jun,09-Jun,03-Jun,04-Jun,05-Jun,06-Jun,07-Jun,08-Jun,09-Jun,0,0,7
Chhatrapati Sambhajinagar,Chhatrapati Sambhajinagar,Chhatrapati Sambhajinagar,Vaijapur,Vaijapur,20051233,373 Village Gangapur-Vaijapur Grid WSS,Bhivgaon,2871,1,0,0,0,0,0,0,0,0,0,0,0,0,0,04-Jun,05-Jun,06-Jun,07-Jun,08-Jun,09-Jun,03-Jun,04-Jun,05-Jun,06-Jun,07-Jun,08-Jun,09-Jun,7,7,0
Chhatrapati Sambhajinagar,Nanded,Nanded,Hadgaon,Hadgaon,20013969,Hadgaon and Himayatnagar 132 Village Grid WSS,Koli,3873,1,0,0,0,0,0,0,0,0,0,0,0,0,0,04-Jun,05-Jun,06-Jun,07-Jun,08-Jun,09-Jun,03-Jun,04-Jun,05-Jun,06-Jun,07-Jun,08-Jun,09-Jun,7,7,0
Chhatrapati Sambhajinagar,Nanded,Nanded,Kandhar,Kandhar,7338000,Osmamnagar Shirdhon Combined WSS,Shiradhon,7804,3,0,0,0,0,0,0,0,0,0,0,0,0,0,04-Jun,05-Jun,06-Jun,07-Jun,08-Jun,09-Jun,03-Jun,04-Jun,05-Jun,06-Jun,07-Jun,08-Jun,09-Jun,7,7,0
Chhatrapati Sambhajinagar,Chhatrapati Sambhajinagar,Jalna,Partur,Partur,20094559,"120 Villages Extension Scheme for Works Not Considered in 173 GRID WSS and 95 GRID WSS Tq. Partur, Mantha and Jalna Dist: Jalna",Shreshti,2637,1,11.57,11.16,22.89,0,0,0,790.29,438.76,423.21,868.03,0,0.04,0.02,04-Jun,05-Jun,06-Jun,07-Jun,08-Jun,09-Jun,03-Jun,04-Jun,05-Jun,06-Jun,07-Jun,08-Jun,09-Jun,1,3,4
Chhatrapati Sambhajinagar,Nanded,Nanded,Hadgaon,Hadgaon,20013969,Hadgaon and Himayatnagar 132 Village Grid WSS,Ekrala,1509,1,0,0,0,0,0,0,0,0,0,0,0,0,0,04-Jun,05-Jun,06-Jun,07-Jun,08-Jun,09-Jun,03-Jun,04-Jun,05-Jun,06-Jun,07-Jun,08-Jun,09-Jun,7,7,0
Chhatrapati Sambhajinagar,Chhatrapati Sambhajinagar,Chhatrapati Sambhajinagar,Paithan,Paithan,20018162,Paithan Taluka 178 Village Grid WS,Antarwadi Khandi,2331,1,0,0,3.25,0,0,0,0,0,0,139.43,0,0,0,04-Jun,05-Jun,06-Jun,07-Jun,08-Jun,09-Jun,03-Jun,04-Jun,05-Jun,06-Jun,07-Jun,08-Jun,09-Jun,6,6,1
Chhatrapati Sambhajinagar,Nanded,Nanded,Hadgaon,Hadgaon,20013969,Hadgaon and Himayatnagar 132 Village Grid WSS,Gorlegaon,2313,1,0,0,0,0,0,0,0,0,0,0,0,0,0,04-Jun,05-Jun,06-Jun,07-Jun,08-Jun,09-Jun,03-Jun,04-Jun,05-Jun,06-Jun,07-Jun,08-Jun,09-Jun,7,7,0
Chhatrapati Sambhajinagar,Nanded,Nanded,Hadgaon,Hadgaon,20013969,Hadgaon and Himayatnagar 132 Village Grid WSS,Loha,2244,1,0,0,0,0,0,0,0,0,0,0,0,0,0,04-Jun,05-Jun,06-Jun,07-Jun,08-Jun,09-Jun,03-Jun,04-Jun,05-Jun,06-Jun,07-Jun,08-Jun,09-Jun,7,7,0
Chhatrapati Sambhajinagar,Chhatrapati Sambhajinagar,Chhatrapati Sambhajinagar,Vaijapur,Vaijapur,20051233,373 Village Gangapur-Vaijapur Grid WSS,Sakegaon,1780,1,0.14,0,0,0,0,0,0,7.87,0,0,0,0,0,04-Jun,05-Jun,06-Jun,07-Jun,08-Jun,09-Jun,03-Jun,04-Jun,05-Jun,06-Jun,07-Jun,08-Jun,09-Jun,6,7,0
Chhatrapati Sambhajinagar,Nanded,Nanded,Hadgaon,Hadgaon,20013969,Hadgaon and Himayatnagar 132 Village Grid WSS,Palsa,3436,1,0.01,1.01,0.01,0.64,0.07,0.52,27.07,0.29,29.39,0.29,18.63,2.04,15.13,04-Jun,05-Jun,06-Jun,07-Jun,08-Jun,09-Jun,03-Jun,04-Jun,05-Jun,06-Jun,07-Jun,08-Jun,09-Jun,0,7,0
Chhatrapati Sambhajinagar,Nanded,Nanded,Hadgaon,Hadgaon,20013969,Hadgaon and Himayatnagar 132 Village Grid WSS,Niwdha,8189,1,5.33,3.66,3.6,3.24,4.78,2.53,26.87,65.09,44.74,43.94,39.57,58.42,30.9,04-Jun,05-Jun,06-Jun,07-Jun,08-Jun,09-Jun,03-Jun,04-Jun,05-Jun,06-Jun,07-Jun,08-Jun,09-Jun,0,5,2
Chhatrapati Sambhajinagar,Chhatrapati Sambhajinagar,Chhatrapati Sambhajinagar,Paithan,Paithan,20018162,Paithan Taluka 178 Village Grid WS,Dhorkin,3816,1,0,0,0.26,0,0,0,24.11,0,0,6.81,0,0,0,04-Jun,05-Jun,06-Jun,07-Jun,08-Jun,09-Jun,03-Jun,04-Jun,05-Jun,06-Jun,07-Jun,08-Jun,09-Jun,5,7,0
Chhatrapati Sambhajinagar,Chhatrapati Sambhajinagar,Jalna,Mantha,Mantha,20094559,"120 Villages Extension Scheme for Works Not Considered in 173 GRID WSS and 95 GRID WSS Tq. Partur, Mantha and Jalna Dist: Jalna",Devthana Mantha,1068,1,0,0.18,0,0.16,0,0.14,21.54,0,16.85,0,14.98,0,13.11,04-Jun,05-Jun,06-Jun,07-Jun,08-Jun,09-Jun,03-Jun,04-Jun,05-Jun,06-Jun,07-Jun,08-Jun,09-Jun,3,7,0
Chhatrapati Sambhajinagar,Latur,Latur,Renapur,Renapur,20030820,Pangaon 10 villages WSS,Pangaon,13738,3,1.07,0.2,0,2.31,5.74,4.1,9.32,7.79,1.46,0,16.81,41.78,29.84,04-Jun,05-Jun,06-Jun,07-Jun,08-Jun,09-Jun,03-Jun,04-Jun,05-Jun,06-Jun,07-Jun,08-Jun,09-Jun,1,7,0
Chhatrapati Sambhajinagar,Latur,Latur,Renapur,Renapur,20030820,Pangaon 10 villages WSS,Ghansargaon,2815,1,0,0,0,0,0,0,0,0,0,0,0,0,0,04-Jun,05-Jun,06-Jun,07-Jun,08-Jun,09-Jun,03-Jun,04-Jun,05-Jun,06-Jun,07-Jun,08-Jun,09-Jun,7,7,0
Chhatrapati Sambhajinagar,Chhatrapati Sambhajinagar,Chhatrapati Sambhajinagar,Paithan,Paithan,20018162,Paithan Taluka 178 Village Grid WS,Takli Paithan,0,1,0.76,0.73,0.66,0.72,0.61,0.73,0,0,0,0,0,0,0,04-Jun,05-Jun,06-Jun,07-Jun,08-Jun,09-Jun,03-Jun,04-Jun,05-Jun,06-Jun,07-Jun,08-Jun,09-Jun,7,7,0
Chhatrapati Sambhajinagar,Chhatrapati Sambhajinagar,Chhatrapati Sambhajinagar,Paithan,Paithan,20018162,Paithan Taluka 178 Village Grid WS,Geora Bashi,0,1,0,0,0,0,0,0,0,0,0,0,0,0,0,04-Jun,05-Jun,06-Jun,07-Jun,08-Jun,09-Jun,03-Jun,04-Jun,05-Jun,06-Jun,07-Jun,08-Jun,09-Jun,7,7,0
Chhatrapati Sambhajinagar,Chhatrapati Sambhajinagar,Chhatrapati Sambhajinagar,Paithan,Paithan,20018162,Paithan Taluka 178 Village Grid WS,Pangara,0,1,0,0,0,0.05,0,0.05,0,0,0,0,0,0,0,04-Jun,05-Jun,06-Jun,07-Jun,08-Jun,09-Jun,03-Jun,04-Jun,05-Jun,06-Jun,07-Jun,08-Jun,09-Jun,7,7,0
Chhatrapati Sambhajinagar,Chhatrapati Sambhajinagar,Chhatrapati Sambhajinagar,Paithan,Paithan,20018162,Paithan Taluka 178 Village Grid WS,Tupewadi,1240,1,0,0,0,0,0,0,0,0,0,0,0,0,0,04-Jun,05-Jun,06-Jun,07-Jun,08-Jun,09-Jun,03-Jun,04-Jun,05-Jun,06-Jun,07-Jun,08-Jun,09-Jun,7,7,0
Chhatrapati Sambhajinagar,Chhatrapati Sambhajinagar,Chhatrapati Sambhajinagar,Paithan,Paithan,20018162,Paithan Taluka 178 Village Grid WS,Geora BK.,0,1,0,0,0,0,0,0,0,0,0,0,0,0,0,04-Jun,05-Jun,06-Jun,07-Jun,08-Jun,09-Jun,03-Jun,04-Jun,05-Jun,06-Jun,07-Jun,08-Jun,09-Jun,7,7,0
Chhatrapati Sambhajinagar,Chhatrapati Sambhajinagar,Chhatrapati Sambhajinagar,Paithan,Paithan,20018162,Paithan Taluka 178 Village Grid WS,Lakhegaon,988,1,0.2,0.25,0.49,0.27,0.28,0,16.19,20.24,25.3,49.6,27.33,28.34,0,04-Jun,05-Jun,06-Jun,07-Jun,08-Jun,09-Jun,03-Jun,04-Jun,05-Jun,06-Jun,07-Jun,08-Jun,09-Jun,1,7,0
Chhatrapati Sambhajinagar,Chhatrapati Sambhajinagar,Chhatrapati Sambhajinagar,Paithan,Paithan,20018162,Paithan Taluka 178 Village Grid WS,Tanda Kh.,0,1,0,0,0,0,0,0,0,0,0,0,0,0,0,04-Jun,05-Jun,06-Jun,07-Jun,08-Jun,09-Jun,03-Jun,04-Jun,05-Jun,06-Jun,07-Jun,08-Jun,09-Jun,7,7,0
Chhatrapati Sambhajinagar,Chhatrapati Sambhajinagar,Chhatrapati Sambhajinagar,Paithan,Paithan,20018162,Paithan Taluka 178 Village Grid WS,Shekta,0,1,0,0,0,0,0,0,0,0,0,0,0,0,0,04-Jun,05-Jun,06-Jun,07-Jun,08-Jun,09-Jun,03-Jun,04-Jun,05-Jun,06-Jun,07-Jun,08-Jun,09-Jun,7,7,0
Chhatrapati Sambhajinagar,Chhatrapati Sambhajinagar,Chhatrapati Sambhajinagar,Paithan,Paithan,20018162,Paithan Taluka 178 Village Grid WS,Gidhada,564,1,0,0.6,0.31,0,0,0.22,0,0,106.38,54.96,0,0,39.01,04-Jun,05-Jun,06-Jun,07-Jun,08-Jun,09-Jun,03-Jun,04-Jun,05-Jun,06-Jun,07-Jun,08-Jun,09-Jun,4,6,1
Chhatrapati Sambhajinagar,Chhatrapati Sambhajinagar,Chhatrapati Sambhajinagar,Paithan,Paithan,20018162,Paithan Taluka 178 Village Grid WS,Dinnapur,900,1,0.67,0.66,0.4,0.86,0.65,0.6,73.33,74.44,73.33,44.44,95.56,72.22,66.67,04-Jun,05-Jun,06-Jun,07-Jun,08-Jun,09-Jun,03-Jun,04-Jun,05-Jun,06-Jun,07-Jun,08-Jun,09-Jun,0,1,6
Chhatrapati Sambhajinagar,Chhatrapati Sambhajinagar,Chhatrapati Sambhajinagar,Paithan,Paithan,20018162,Paithan Taluka 178 Village Grid WS,Dongaon,0,1,0,0,0,0,0,0,0,0,0,0,0,0,0,04-Jun,05-Jun,06-Jun,07-Jun,08-Jun,09-Jun,03-Jun,04-Jun,05-Jun,06-Jun,07-Jun,08-Jun,09-Jun,7,7,0
Chhatrapati Sambhajinagar,Chhatrapati Sambhajinagar,Chhatrapati Sambhajinagar,Paithan,Paithan,20018162,Paithan Taluka 178 Village Grid WS,Hiradpuri,1372,1,0,0,0,0,0,0,0,0,0,0,0,0,0,04-Jun,05-Jun,06-Jun,07-Jun,08-Jun,09-Jun,03-Jun,04-Jun,05-Jun,06-Jun,07-Jun,08-Jun,09-Jun,7,7,0
Chhatrapati Sambhajinagar,Chhatrapati Sambhajinagar,Chhatrapati Sambhajinagar,Paithan,Paithan,20018162,Paithan Taluka 178 Village Grid WS,Rajapur,1108,1,0,0,0,0,0,0,0,0,0,0,0,0,0,04-Jun,05-Jun,06-Jun,07-Jun,08-Jun,09-Jun,03-Jun,04-Jun,05-Jun,06-Jun,07-Jun,08-Jun,09-Jun,7,7,0
Chhatrapati Sambhajinagar,Chhatrapati Sambhajinagar,Chhatrapati Sambhajinagar,Paithan,Paithan,20018162,Paithan Taluka 178 Village Grid WS,Wawa,460,1,0,0.45,0.42,0.25,0,0,315.22,0,97.83,91.3,54.35,0,0,04-Jun,05-Jun,06-Jun,07-Jun,08-Jun,09-Jun,03-Jun,04-Jun,05-Jun,06-Jun,07-Jun,08-Jun,09-Jun,3,4,3
Chhatrapati Sambhajinagar,Chhatrapati Sambhajinagar,Chhatrapati Sambhajinagar,Paithan,Paithan,20018162,Paithan Taluka 178 Village Grid WS,Koli Bodkha,3700,1,0,0,0,0,0,0,0,0,0,0,0,0,0,04-Jun,05-Jun,06-Jun,07-Jun,08-Jun,09-Jun,03-Jun,04-Jun,05-Jun,06-Jun,07-Jun,08-Jun,09-Jun,7,7,0
Chhatrapati Sambhajinagar,Chhatrapati Sambhajinagar,Chhatrapati Sambhajinagar,Paithan,Paithan,20018162,Paithan Taluka 178 Village Grid WS,Tondoli,0,1,0,0,0,0,0,0,0,0,0,0,0,0,0,04-Jun,05-Jun,06-Jun,07-Jun,08-Jun,09-Jun,03-Jun,04-Jun,05-Jun,06-Jun,07-Jun,08-Jun,09-Jun,7,7,0
Chhatrapati Sambhajinagar,Chhatrapati Sambhajinagar,Chhatrapati Sambhajinagar,Paithan,Paithan,20018162,Paithan Taluka 178 Village Grid WS,Somapuri,0,1,0,0,0,0,0,0,0,0,0,0,0,0,0,04-Jun,05-Jun,06-Jun,07-Jun,08-Jun,09-Jun,03-Jun,04-Jun,05-Jun,06-Jun,07-Jun,08-Jun,09-Jun,7,7,0
Chhatrapati Sambhajinagar,Chhatrapati Sambhajinagar,Chhatrapati Sambhajinagar,Paithan,Paithan,20018162,Paithan Taluka 178 Village Grid WS,Daregaon,992,1,0,0,0,0,0,0,0,0,0,0,0,0,0,04-Jun,05-Jun,06-Jun,07-Jun,08-Jun,09-Jun,03-Jun,04-Jun,05-Jun,06-Jun,07-Jun,08-Jun,09-Jun,7,7,0
Chhatrapati Sambhajinagar,Chhatrapati Sambhajinagar,Chhatrapati Sambhajinagar,Paithan,Paithan,20018162,Paithan Taluka 178 Village Grid WS,Thergaon,1020,1,4.65,2.76,3.78,4.16,2.67,3.81,261.76,455.88,270.59,370.59,407.84,261.76,373.53,04-Jun,05-Jun,06-Jun,07-Jun,08-Jun,09-Jun,03-Jun,04-Jun,05-Jun,06-Jun,07-Jun,08-Jun,09-Jun,0,0,7
Chhatrapati Sambhajinagar,Chhatrapati Sambhajinagar,Chhatrapati Sambhajinagar,Paithan,Paithan,20018162,Paithan Taluka 178 Village Grid WS,kapuswadi,0,1,0,0,0,0,0,0,0,0,0,0,0,0,0,04-Jun,05-Jun,06-Jun,07-Jun,08-Jun,09-Jun,03-Jun,04-Jun,05-Jun,06-Jun,07-Jun,08-Jun,09-Jun,7,7,0
Chhatrapati Sambhajinagar,Chhatrapati Sambhajinagar,Chhatrapati Sambhajinagar,Paithan,Paithan,20018162,Paithan Taluka 178 Village Grid WS,Karkin,2680,1,0.81,0.77,0.8,0.77,0.78,0.76,29.85,30.22,28.73,29.85,28.73,29.1,28.36,04-Jun,05-Jun,06-Jun,07-Jun,08-Jun,09-Jun,03-Jun,04-Jun,05-Jun,06-Jun,07-Jun,08-Jun,09-Jun,0,7,0
Chhatrapati Sambhajinagar,Chhatrapati Sambhajinagar,Chhatrapati Sambhajinagar,Paithan,Paithan,20018162,Paithan Taluka 178 Village Grid WS,Khandewadi,0,1,0,0,0.03,0,0,0,0,0,0,0,0,0,0,04-Jun,05-Jun,06-Jun,07-Jun,08-Jun,09-Jun,03-Jun,04-Jun,05-Jun,06-Jun,07-Jun,08-Jun,09-Jun,7,7,0
Chhatrapati Sambhajinagar,Chhatrapati Sambhajinagar,Chhatrapati Sambhajinagar,Paithan,Paithan,20018162,Paithan Taluka 178 Village Grid WS,Kutub Kheda,792,1,0,0,0,0,0,0,0,0,0,0,0,0,0,04-Jun,05-Jun,06-Jun,07-Jun,08-Jun,09-Jun,03-Jun,04-Jun,05-Jun,06-Jun,07-Jun,08-Jun,09-Jun,7,7,0
Chhatrapati Sambhajinagar,Chhatrapati Sambhajinagar,Chhatrapati Sambhajinagar,Paithan,Paithan,20018162,Paithan Taluka 178 Village Grid WS,Warwandi Kh.,800,1,0.63,0,0.79,0.41,0,1.34,71.25,78.75,0,98.75,51.25,0,167.5,04-Jun,05-Jun,06-Jun,07-Jun,08-Jun,09-Jun,03-Jun,04-Jun,05-Jun,06-Jun,07-Jun,08-Jun,09-Jun,2,3,4
Chhatrapati Sambhajinagar,Chhatrapati Sambhajinagar,Chhatrapati Sambhajinagar,Paithan,Paithan,20018162,Paithan Taluka 178 Village Grid WS,Shivani,440,1,0.42,1.24,0,0,0.95,0.52,0,95.45,281.82,0,0,215.91,118.18,04-Jun,05-Jun,06-Jun,07-Jun,08-Jun,09-Jun,03-Jun,04-Jun,05-Jun,06-Jun,07-Jun,08-Jun,09-Jun,3,3,4
Chhatrapati Sambhajinagar,Chhatrapati Sambhajinagar,Chhatrapati Sambhajinagar,Paithan,Paithan,20018162,Paithan Taluka 178 Village Grid WS,Narayangaon,1272,1,1.34,1.12,1.52,1.11,1.38,0.53,105.35,105.35,88.05,119.5,87.26,108.49,41.67,04-Jun,05-Jun,06-Jun,07-Jun,08-Jun,09-Jun,03-Jun,04-Jun,05-Jun,06-Jun,07-Jun,08-Jun,09-Jun,0,1,6
Chhatrapati Sambhajinagar,Chhatrapati Sambhajinagar,Chhatrapati Sambhajinagar,Paithan,Paithan,20018162,Paithan Taluka 178 Village Grid WS,Paithan Kheda,1788,1,0.22,0,0,0,0,0,0,12.3,0,0,0,0,0,04-Jun,05-Jun,06-Jun,07-Jun,08-Jun,09-Jun,03-Jun,04-Jun,05-Jun,06-Jun,07-Jun,08-Jun,09-Jun,6,7,0
Chhatrapati Sambhajinagar,Chhatrapati Sambhajinagar,Chhatrapati Sambhajinagar,Paithan,Paithan,20018162,Paithan Taluka 178 Village Grid WS,Khadgaon,1936,1,0.07,0.02,0.26,0,0.01,0.14,0,3.62,1.03,13.43,0,0.52,7.23,04-Jun,05-Jun,06-Jun,07-Jun,08-Jun,09-Jun,03-Jun,04-Jun,05-Jun,06-Jun,07-Jun,08-Jun,09-Jun,2,7,0
Chhatrapati Sambhajinagar,Chhatrapati Sambhajinagar,Chhatrapati Sambhajinagar,Paithan,Paithan,20018162,Paithan Taluka 178 Village Grid WS,Harshi Bk.,0,1,0,0,0,0,0,0,0,0,0,0,0,0,0,04-Jun,05-Jun,06-Jun,07-Jun,08-Jun,09-Jun,03-Jun,04-Jun,05-Jun,06-Jun,07-Jun,08-Jun,09-Jun,7,7,0
Chhatrapati Sambhajinagar,Chhatrapati Sambhajinagar,Chhatrapati Sambhajinagar,Paithan,Paithan,20018162,Paithan Taluka 178 Village Grid WS,Honobachi wadi,783,1,0,0,0,0,0,0,0,0,0,0,0,0,0,04-Jun,05-Jun,06-Jun,07-Jun,08-Jun,09-Jun,03-Jun,04-Jun,05-Jun,06-Jun,07-Jun,08-Jun,09-Jun,7,7,0
Chhatrapati Sambhajinagar,Chhatrapati Sambhajinagar,Chhatrapati Sambhajinagar,Paithan,Paithan,20018162,Paithan Taluka 178 Village Grid WS,Geora Kh.,0,1,0.4,0.48,0,0,0.42,0.03,0,0,0,0,0,0,0,04-Jun,05-Jun,06-Jun,07-Jun,08-Jun,09-Jun,03-Jun,04-Jun,05-Jun,06-Jun,07-Jun,08-Jun,09-Jun,7,7,0
Chhatrapati Sambhajinagar,Chhatrapati Sambhajinagar,Chhatrapati Sambhajinagar,Paithan,Paithan,20018162,Paithan Taluka 178 Village Grid WS,Mavasgavhan,588,1,0.4,0.48,1.61,0.15,0.26,0.28,329.93,68.03,81.63,273.81,25.51,44.22,47.62,04-Jun,05-Jun,06-Jun,07-Jun,08-Jun,09-Jun,03-Jun,04-Jun,05-Jun,06-Jun,07-Jun,08-Jun,09-Jun,0,3,4
Chhatrapati Sambhajinagar,Chhatrapati Sambhajinagar,Chhatrapati Sambhajinagar,Paithan,Paithan,20018162,Paithan Taluka 178 Village Grid WS,Nandar,3360,1,85.6,54.87,75.55,87.2,87.37,87.64,2774.47,2547.67,1633.09,2248.36,2595.2,2600.18,2608.3,04-Jun,05-Jun,06-Jun,07-Jun,08-Jun,09-Jun,03-Jun,04-Jun,05-Jun,06-Jun,07-Jun,08-Jun,09-Jun,0,0,7
Chhatrapati Sambhajinagar,Chhatrapati Sambhajinagar,Chhatrapati Sambhajinagar,Paithan,Paithan,20018162,Paithan Taluka 178 Village Grid WS,Vihamandwa,6440,1,3.83,3.92,0,0,0,2.87,0,59.47,60.87,0,0,0,44.57,04-Jun,05-Jun,06-Jun,07-Jun,08-Jun,09-Jun,03-Jun,04-Jun,05-Jun,06-Jun,07-Jun,08-Jun,09-Jun,4,5,2
Chhatrapati Sambhajinagar,Nanded,Nanded,Hadgaon,Hadgaon,20013969,Hadgaon and Himayatnagar 132 Village Grid WSS,Dhanora (Hastara),2529,1,23.13,19.99,22.24,43.04,34.18,15.23,771.71,914.71,790.51,879.47,1701.98,1351.68,602.17,04-Jun,05-Jun,06-Jun,07-Jun,08-Jun,09-Jun,03-Jun,04-Jun,05-Jun,06-Jun,07-Jun,08-Jun,09-Jun,0,0,7
Chhatrapati Sambhajinagar,Nanded,Nanded,Hadgaon,Hadgaon,20013969,Hadgaon and Himayatnagar 132 Village Grid WSS,Nevri,2518,1,0,0,0,0,0,0,0,0,0,0,0,0,0,04-Jun,05-Jun,06-Jun,07-Jun,08-Jun,09-Jun,03-Jun,04-Jun,05-Jun,06-Jun,07-Jun,08-Jun,09-Jun,7,7,0
Chhatrapati Sambhajinagar,Nanded,Nanded,Hadgaon,Hadgaon,20013969,Hadgaon and Himayatnagar 132 Village Grid WSS,Ghogri,1237,1,2,0,3.67,3.54,6.03,4.72,239.29,161.68,0,296.69,286.18,487.47,381.57,04-Jun,05-Jun,06-Jun,07-Jun,08-Jun,09-Jun,03-Jun,04-Jun,05-Jun,06-Jun,07-Jun,08-Jun,09-Jun,1,1,6
Chhatrapati Sambhajinagar,Chhatrapati Sambhajinagar,Chhatrapati Sambhajinagar,Vaijapur,Vaijapur,20051233,373 Village Gangapur-Vaijapur Grid WSS,Belgaon,2403,1,0,0,0,0,0,0,0,0,0,0,0,0,0,04-Jun,05-Jun,06-Jun,07-Jun,08-Jun,09-Jun,03-Jun,04-Jun,05-Jun,06-Jun,07-Jun,08-Jun,09-Jun,7,7,0
Chhatrapati Sambhajinagar,Chhatrapati Sambhajinagar,Chhatrapati Sambhajinagar,Vaijapur,Vaijapur,20051233,373 Village Gangapur-Vaijapur Grid WSS,Aghur,3999,1,1.16,1.56,1.33,1.69,1.52,1.28,42.76,29.01,39.01,33.15,42.26,38.01,32.01,04-Jun,05-Jun,06-Jun,07-Jun,08-Jun,09-Jun,03-Jun,04-Jun,05-Jun,06-Jun,07-Jun,08-Jun,09-Jun,0,7,0
Chhatrapati Sambhajinagar,Chhatrapati Sambhajinagar,Chhatrapati Sambhajinagar,Vaijapur,Vaijapur,20051233,373 Village Gangapur-Vaijapur Grid WSS,Agar Saigaon,1601,1,0.22,3.86,4.94,13.52,0.47,15.12,119.93,13.74,241.1,308.56,844.47,29.36,944.41,04-Jun,05-Jun,06-Jun,07-Jun,08-Jun,09-Jun,03-Jun,04-Jun,05-Jun,06-Jun,07-Jun,08-Jun,09-Jun,0,2,5
Chhatrapati Sambhajinagar,Chhatrapati Sambhajinagar,Chhatrapati Sambhajinagar,Vaijapur,Vaijapur,20051233,373 Village Gangapur-Vaijapur Grid WSS,Bhaigaon Ganga,1373,1,0,0,0,0,0,0,0,0,0,0,0,0,0,04-Jun,05-Jun,06-Jun,07-Jun,08-Jun,09-Jun,03-Jun,04-Jun,05-Jun,06-Jun,07-Jun,08-Jun,09-Jun,7,7,0
Chhatrapati Sambhajinagar,Chhatrapati Sambhajinagar,Jalna,Partur,Partur,20094559,"120 Villages Extension Scheme for Works Not Considered in 173 GRID WSS and 95 GRID WSS Tq. Partur, Mantha and Jalna Dist: Jalna",Pimprula (bk),1111,1,1.03,0.53,0.61,0.54,0.33,0.33,32.46,92.98,47.45,54.78,48.26,29.81,29.8,04-Jun,05-Jun,06-Jun,07-Jun,08-Jun,09-Jun,03-Jun,04-Jun,05-Jun,06-Jun,07-Jun,08-Jun,09-Jun,0,6,1
Chhatrapati Sambhajinagar,Nanded,Nanded,Himayatnagar,Himayatnagar,20013969,Hadgaon and Himayatnagar 132 Village Grid WSS,Pota (Bk),5377,1,0,0,0,0,0,0,0,0,0,0,0,0,0,04-Jun,05-Jun,06-Jun,07-Jun,08-Jun,09-Jun,03-Jun,04-Jun,05-Jun,06-Jun,07-Jun,08-Jun,09-Jun,7,7,0
Chhatrapati Sambhajinagar,Nanded,Parbhani,Senaon,Senaon,20023330,Kawtha Bk & 9 Vill RR WSS,Shinagikhamba,1296,1,0.02,1.34,1.17,1.66,0,1.86,117.28,1.54,103.4,90.28,128.09,0,143.52,04-Jun,05-Jun,06-Jun,07-Jun,08-Jun,09-Jun,03-Jun,04-Jun,05-Jun,06-Jun,07-Jun,08-Jun,09-Jun,1,2,5
Chhatrapati Sambhajinagar,Nanded,Nanded,Himayatnagar,Himayatnagar,20013969,Hadgaon and Himayatnagar 132 Village Grid WSS,Mangrul,2278,1,0,0,0,0,0.05,0.74,0,0,0,0,0,2.19,32.48,04-Jun,05-Jun,06-Jun,07-Jun,08-Jun,09-Jun,03-Jun,04-Jun,05-Jun,06-Jun,07-Jun,08-Jun,09-Jun,5,7,0
Chhatrapati Sambhajinagar,Nanded,Nanded,Hadgaon,Hadgaon,20013969,Hadgaon and Himayatnagar 132 Village Grid WSS,Shivani,823,1,0,0,0,0,0,0,0,0,0,0,0,0,0,04-Jun,05-Jun,06-Jun,07-Jun,08-Jun,09-Jun,03-Jun,04-Jun,05-Jun,06-Jun,07-Jun,08-Jun,09-Jun,7,7,0
Chhatrapati Sambhajinagar,Nanded,Nanded,Hadgaon,Hadgaon,20013969,Hadgaon and Himayatnagar 132 Village Grid WSS,Umri kh,1022,1,1.6,0.39,2.4,2.44,2.65,3.22,67.51,156.56,38.16,234.83,238.75,259.3,315.53,04-Jun,05-Jun,06-Jun,07-Jun,08-Jun,09-Jun,03-Jun,04-Jun,05-Jun,06-Jun,07-Jun,08-Jun,09-Jun,0,1,6
Chhatrapati Sambhajinagar,Nanded,Nanded,Hadgaon,Hadgaon,20013969,Hadgaon and Himayatnagar 132 Village Grid WSS,Babhali,2273,1,0.72,2.03,0.12,0.32,1.22,0.36,0,31.68,89.31,5.28,14.08,53.67,15.84,04-Jun,05-Jun,06-Jun,07-Jun,08-Jun,09-Jun,03-Jun,04-Jun,05-Jun,06-Jun,07-Jun,08-Jun,09-Jun,1,6,1
Chhatrapati Sambhajinagar,Nanded,Nanded,Hadgaon,Hadgaon,20013969,Hadgaon and Himayatnagar 132 Village Grid WSS,Umri Ja.,2492,1,0,0,0,0,0,0,0,0,0,0,0,0,0,04-Jun,05-Jun,06-Jun,07-Jun,08-Jun,09-Jun,03-Jun,04-Jun,05-Jun,06-Jun,07-Jun,08-Jun,09-Jun,7,7,0
Chhatrapati Sambhajinagar,Nanded,Nanded,Himayatnagar,Himayatnagar,20013969,Hadgaon and Himayatnagar 132 Village Grid WSS,Pawana,2623,1,0.15,0.18,0.16,0.16,0.14,0.42,9.91,5.72,6.86,6.1,6.1,5.34,16.01,04-Jun,05-Jun,06-Jun,07-Jun,08-Jun,09-Jun,03-Jun,04-Jun,05-Jun,06-Jun,07-Jun,08-Jun,09-Jun,0,7,0
Chhatrapati Sambhajinagar,Chhatrapati Sambhajinagar,Chhatrapati Sambhajinagar,Vaijapur,Vaijapur,20051233,373 Village Gangapur-Vaijapur Grid WSS,Gadhe Pimpalgaon,3803,1,0,0,0,0,0,0,0,0,0,0,0,0,0,04-Jun,05-Jun,06-Jun,07-Jun,08-Jun,09-Jun,03-Jun,04-Jun,05-Jun,06-Jun,07-Jun,08-Jun,09-Jun,7,7,0
Chhatrapati Sambhajinagar,Chhatrapati Sambhajinagar,Jalna,Mantha,Mantha,20094559,"120 Villages Extension Scheme for Works Not Considered in 173 GRID WSS and 95 GRID WSS Tq. Partur, Mantha and Jalna Dist: Jalna",Vaidhywadgaon,2600,1,0,0.97,0,1.05,0,0.97,51.92,0,37.31,0,40.38,0,37.31,04-Jun,05-Jun,06-Jun,07-Jun,08-Jun,09-Jun,03-Jun,04-Jun,05-Jun,06-Jun,07-Jun,08-Jun,09-Jun,3,7,0
Chhatrapati Sambhajinagar,Chhatrapati sambhajinagar,Chhatrapati sambhajinagar,Vaijapur,Vaijapur,20051233,373 Village Gangapur-Vaijapur Grid WSS,Babhulgaon Kh,1976,1,0,0,0,0,0,0,0,0,0,0,0,0,0,04-Jun,05-Jun,06-Jun,07-Jun,08-Jun,09-Jun,03-Jun,04-Jun,05-Jun,06-Jun,07-Jun,08-Jun,09-Jun,7,7,0
Chhatrapati Sambhajinagar,Chhatrapati Sambhajinagar,Chhatrapati Sambhajinagar,Vaijapur,Vaijapur,20051233,373 Village Gangapur-Vaijapur Grid WSS,Pokhari,2866,1,0,0.44,0,0,0,1.82,0,0,15.35,0,0,0,63.5,04-Jun,05-Jun,06-Jun,07-Jun,08-Jun,09-Jun,03-Jun,04-Jun,05-Jun,06-Jun,07-Jun,08-Jun,09-Jun,5,6,1
Chhatrapati Sambhajinagar,Chhatrapati Sambhajinagar,Jalna,Mantha,Mantha,20094559,"120 Villages Extension Scheme for Works Not Considered in 173 GRID WSS and 95 GRID WSS Tq. Partur, Mantha and Jalna Dist: Jalna",Lavani Tanda,1283,1,0.14,0,0.25,0,0.42,0,0,10.91,0,19.49,0,32.74,0,04-Jun,05-Jun,06-Jun,07-Jun,08-Jun,09-Jun,03-Jun,04-Jun,05-Jun,06-Jun,07-Jun,08-Jun,09-Jun,4,7,0
Chhatrapati Sambhajinagar,Chhatrapati Sambhajinagar,Chhatrapati Sambhajinagar,Vaijapur,Vaijapur,20051233,373 Village Gangapur-Vaijapur Grid WSS,Mahalgaon,5303,1,0,0.02,0,0,0.02,0,0,0,0.38,0,0,0.38,0,04-Jun,05-Jun,06-Jun,07-Jun,08-Jun,09-Jun,03-Jun,04-Jun,05-Jun,06-Jun,07-Jun,08-Jun,09-Jun,5,7,0
Chhatrapati Sambhajinagar,Chhatrapati Sambhajinagar,Jalna,Mantha,Mantha,20094559,"120 Villages Extension Scheme for Works Not Considered in 173 GRID WSS and 95 GRID WSS Tq. Partur, Mantha and Jalna Dist: Jalna",Belora Tanda,847,1,0,10175157.84,0,38920.56,0,0,0,0,1201317337,0,4595107.12,0,0,04-Jun,05-Jun,06-Jun,07-Jun,08-Jun,09-Jun,03-Jun,04-Jun,05-Jun,06-Jun,07-Jun,08-Jun,09-Jun,5,5,2
Chhatrapati Sambhajinagar,Nanded,Nanded,Hadgaon,Hadgaon,20013969,Hadgaon and Himayatnagar 132 Village Grid WSS,Talegaon,2044,1,0,0,0,0,0,0,0,0,0,0,0,0,0,04-Jun,05-Jun,06-Jun,07-Jun,08-Jun,09-Jun,03-Jun,04-Jun,05-Jun,06-Jun,07-Jun,08-Jun,09-Jun,7,7,0
Chhatrapati Sambhajinagar,Chhatrapati Sambhajinagar,Chhatrapati Sambhajinagar,Sillod,Sillod,20017395,Shirsala & 4 Village,Sirsala Tanda,1032,1,0,0,0,0.57,0.87,0.68,83.33,0,0,0,55.23,84.3,65.89,04-Jun,05-Jun,06-Jun,07-Jun,08-Jun,09-Jun,03-Jun,04-Jun,05-Jun,06-Jun,07-Jun,08-Jun,09-Jun,3,3,4
Chhatrapati Sambhajinagar,Chhatrapati Sambhajinagar,Chhatrapati Sambhajinagar,Sillod,Sillod,20017395,Shirsala & 4 Village,Nanegaon,2284,3,7.23,5.91,2.03,1.21,0.94,0,59.11,316.55,258.76,88.88,52.98,41.16,0,04-Jun,05-Jun,06-Jun,07-Jun,08-Jun,09-Jun,03-Jun,04-Jun,05-Jun,06-Jun,07-Jun,08-Jun,09-Jun,1,3,4
Chhatrapati Sambhajinagar,Latur,Latur,Chakur,Chakur,20030459,Rachnawadi 6 villages WSS,Her Village,6571,1,0,0,0,0.45,0,0,0,0,0,0,6.85,0,0,04-Jun,05-Jun,06-Jun,07-Jun,08-Jun,09-Jun,03-Jun,04-Jun,05-Jun,06-Jun,07-Jun,08-Jun,09-Jun,6,7,0
Chhatrapati Sambhajinagar,Chhatrapati Sambhajinagar,Chhatrapati Sambhajinagar,Gangapur,Gangapur,20051233,373 Village Gangapur-Vaijapur Grid WSS,Shivrai,2706,1,0.29,0.44,0.5,0.24,0,0,11.09,10.72,16.26,18.48,8.87,0,0,04-Jun,05-Jun,06-Jun,07-Jun,08-Jun,09-Jun,03-Jun,04-Jun,05-Jun,06-Jun,07-Jun,08-Jun,09-Jun,2,7,0
Chhatrapati Sambhajinagar,Chhatrapati Sambhajinagar,Chhatrapati Sambhajinagar,Sillod,Sillod,20017395,Shirsala & 4 Village,Janjala,1088,1,0,0,0,0.74,0.78,0.34,0,0,0,0,68.01,71.69,31.25,04-Jun,05-Jun,06-Jun,07-Jun,08-Jun,09-Jun,03-Jun,04-Jun,05-Jun,06-Jun,07-Jun,08-Jun,09-Jun,4,5,2
Chhatrapati Sambhajinagar,Nanded,Nanded,Hadgaon,Hadgaon,20013969,Hadgaon and Himayatnagar 132 Village Grid WSS,Talni,7037,1,0,0.59,0,0.58,0,0.58,9.09,0,8.38,0,8.24,0,8.24,04-Jun,05-Jun,06-Jun,07-Jun,08-Jun,09-Jun,03-Jun,04-Jun,05-Jun,06-Jun,07-Jun,08-Jun,09-Jun,3,7,0
Chhatrapati Sambhajinagar,Nanded,Nanded,Hadgaon,Hadgaon,20013969,Hadgaon and Himayatnagar 132 Village Grid WSS,Sawargaon,4448,1,0,0,0,0,0,0,0,0,0,0,0,0,0,04-Jun,05-Jun,06-Jun,07-Jun,08-Jun,09-Jun,03-Jun,04-Jun,05-Jun,06-Jun,07-Jun,08-Jun,09-Jun,7,7,0
Chhatrapati Sambhajinagar,Chhatrapati Sambhajinagar,Jalna,Partur,Partur,20094559,"120 Villages Extension Scheme for Works Not Considered in 173 GRID WSS and 95 GRID WSS Tq. Partur, Mantha and Jalna Dist: Jalna",Raigavan,1839,1,0,0,0,0,0,0,0,0,0,0,0,0,0,04-Jun,05-Jun,06-Jun,07-Jun,08-Jun,09-Jun,03-Jun,04-Jun,05-Jun,06-Jun,07-Jun,08-Jun,09-Jun,7,7,0
Chhatrapati Sambhajinagar,Chhatrapati Sambhajinagar,Chhatrapati Sambhajinagar,Sillod,Sillod,20017395,Shirsala & 4 Village,Pangri,1472,1,0,0,2.03,1.76,2.61,1.15,155.57,0,0,137.91,119.37,177.31,78.13,04-Jun,05-Jun,06-Jun,07-Jun,08-Jun,09-Jun,03-Jun,04-Jun,05-Jun,06-Jun,07-Jun,08-Jun,09-Jun,2,2,5
Chhatrapati Sambhajinagar,Nanded,Nanded,Hadgaon,Hadgaon,20013969,Hadgaon and Himayatnagar 132 Village Grid WSS,Kharbi,1461,1,0.93,0,0.88,0.38,0.79,2.44,65.02,63.66,0,60.23,26.01,54.07,167.01,04-Jun,05-Jun,06-Jun,07-Jun,08-Jun,09-Jun,03-Jun,04-Jun,05-Jun,06-Jun,07-Jun,08-Jun,09-Jun,1,3,4
Chhatrapati Sambhajinagar,Chhatrapati Sambhajinagar,Jalna,Mantha,Mantha,20094559,"120 Villages Extension Scheme for Works Not Considered in 173 GRID WSS and 95 GRID WSS Tq. Partur, Mantha and Jalna Dist: Jalna",Khorvad,2017,1,0,0,0,0,0,0,0,0,0,0,0.01,0.04,0.01,04-Jun,05-Jun,06-Jun,07-Jun,08-Jun,09-Jun,03-Jun,04-Jun,05-Jun,06-Jun,07-Jun,08-Jun,09-Jun,3,7,0
Chhatrapati Sambhajinagar,Chhatrapati Sambhajinagar,Chhatrapati Sambhajinagar,Gangapur,Gangapur,20051233,373 Village Gangapur-Vaijapur Grid WSS,Babhulgaon Padalsa,1001,1,0.22,0,0,0,0,0.09,0,21.74,0,0,0,0,8.99,04-Jun,05-Jun,06-Jun,07-Jun,08-Jun,09-Jun,03-Jun,04-Jun,05-Jun,06-Jun,07-Jun,08-Jun,09-Jun,5,7,0
Chhatrapati Sambhajinagar,Chhatrapati Sambhajinagar,Jalna,Partur,Partur,20094559,"120 Villages Extension Scheme for Works Not Considered in 173 GRID WSS and 95 GRID WSS Tq. Partur, Mantha and Jalna Dist: Jalna",Shreshti Tanda,574,1,0,0,0,0,0,0,0,0,0,0,0,0,0,04-Jun,05-Jun,06-Jun,07-Jun,08-Jun,09-Jun,03-Jun,04-Jun,05-Jun,06-Jun,07-Jun,08-Jun,09-Jun,7,7,0
Chhatrapati Sambhajinagar,Nanded,Nanded,Himayatnagar,Himayatnagar,20013969,Hadgaon and Himayatnagar 132 Village Grid WSS,Palaspur,2211,1,4.11,0,4.3,3.79,0,4.71,166.44,185.89,0,194.48,171.42,0,213.03,04-Jun,05-Jun,06-Jun,07-Jun,08-Jun,09-Jun,03-Jun,04-Jun,05-Jun,06-Jun,07-Jun,08-Jun,09-Jun,2,2,5
Chhatrapati Sambhajinagar,Nanded,Nanded,Himayatnagar,Himayatnagar,20013969,Hadgaon and Himayatnagar 132 Village Grid WSS,Dudhad,1232,1,3.14,3.29,3.35,2.84,3.13,0,287.34,254.87,267.05,271.92,230.52,254.06,0,04-Jun,05-Jun,06-Jun,07-Jun,08-Jun,09-Jun,03-Jun,04-Jun,05-Jun,06-Jun,07-Jun,08-Jun,09-Jun,1,1,6
Chhatrapati Sambhajinagar,Chhatrapati sambhajinagar,Chhatrapati sambhajinagar,Vaijapur,Vaijapur,20051233,373 Village Gangapur-Vaijapur Grid WSS,Babhulgaon Bk.,2964,1,0,0,0.28,0,0.32,0,20.92,0,0,9.45,0,10.8,0,04-Jun,05-Jun,06-Jun,07-Jun,08-Jun,09-Jun,03-Jun,04-Jun,05-Jun,06-Jun,07-Jun,08-Jun,09-Jun,4,7,0
Chhatrapati Sambhajinagar,Nanded,Nanded,Hadgaon,Hadgaon,20013969,Hadgaon and Himayatnagar 132 Village Grid WSS,Wadgaon BK.,1840,1,0,0,0,0,0,0,0,0,0,0,0,0,0,04-Jun,05-Jun,06-Jun,07-Jun,08-Jun,09-Jun,03-Jun,04-Jun,05-Jun,06-Jun,07-Jun,08-Jun,09-Jun,7,7,0
Chhatrapati Sambhajinagar,Chhatrapati Sambhajinagar,Chhatrapati Sambhajinagar,Paithan,Paithan,20018162,Paithan Taluka 178 Village Grid WS,Akthawada,1508,1,1.82,0.73,0.55,0.6,0.56,2.39,141.91,120.69,48.41,36.47,39.79,37.14,158.23,04-Jun,05-Jun,06-Jun,07-Jun,08-Jun,09-Jun,03-Jun,04-Jun,05-Jun,06-Jun,07-Jun,08-Jun,09-Jun,0,4,3
Chhatrapati Sambhajinagar,Chhatrapati Sambhajinagar,Jalna,Partur,Partur,20094559,"120 Villages Extension Scheme for Works Not Considered in 173 GRID WSS and 95 GRID WSS Tq. Partur, Mantha and Jalna Dist: Jalna",Hatadi,1759,1,0,0,0,0,0,0,0,0,0,0,0,0,0,04-Jun,05-Jun,06-Jun,07-Jun,08-Jun,09-Jun,03-Jun,04-Jun,05-Jun,06-Jun,07-Jun,08-Jun,09-Jun,7,7,0
Chhatrapati Sambhajinagar,Nanded,Nanded,Hadgaon,Hadgaon,20013969,Hadgaon and Himayatnagar 132 Village Grid WSS,Talang,579,1,0,0.2,0.07,0.24,0,0,12.09,0,34.54,12.09,41.45,0,0,04-Jun,05-Jun,06-Jun,07-Jun,08-Jun,09-Jun,03-Jun,04-Jun,05-Jun,06-Jun,07-Jun,08-Jun,09-Jun,3,7,0
Chhatrapati Sambhajinagar,Chhatrapati Sambhajinagar,Jalna,Partur,Partur,20094559,"120 Villages Extension Scheme for Works Not Considered in 173 GRID WSS and 95 GRID WSS Tq. Partur, Mantha and Jalna Dist: Jalna",Soyajanna,1238,2,0.47,0.11,0.03,0,0.41,0,0.12,37.67,9.24,2.55,0.01,32.72,0.02,04-Jun,05-Jun,06-Jun,07-Jun,08-Jun,09-Jun,03-Jun,04-Jun,05-Jun,06-Jun,07-Jun,08-Jun,09-Jun,0,7,0
Chhatrapati Sambhajinagar,Chhatrapati Sambhajinagar,Jalna,Partur,Partur,20094559,"120 Villages Extension Scheme for Works Not Considered in 173 GRID WSS and 95 GRID WSS Tq. Partur, Mantha and Jalna Dist: Jalna",Yenora,2262,1,0,1.22,0,0.02,0,0,27.85,0,53.93,0,0.88,0,0,04-Jun,05-Jun,06-Jun,07-Jun,08-Jun,09-Jun,03-Jun,04-Jun,05-Jun,06-Jun,07-Jun,08-Jun,09-Jun,4,7,0
Chhatrapati Sambhajinagar,Chhatrapati Sambhajinagar,Jalna,Partur,Partur,20094559,"120 Villages Extension Scheme for Works Not Considered in 173 GRID WSS and 95 GRID WSS Tq. Partur, Mantha and Jalna Dist: Jalna",Likhitpimpri,1174,1,0,0,0,0,0,0,0,0,0,0,0,0,0,04-Jun,05-Jun,06-Jun,07-Jun,08-Jun,09-Jun,03-Jun,04-Jun,05-Jun,06-Jun,07-Jun,08-Jun,09-Jun,7,7,0
Chhatrapati Sambhajinagar,Chhatrapati Sambhajinagar,Jalna,Partur,Partur,20094559,"120 Villages Extension Scheme for Works Not Considered in 173 GRID WSS and 95 GRID WSS Tq. Partur, Mantha and Jalna Dist: Jalna",Watur Fata,4297,1,0,0,0,0,0,0,0,0,0,0,0,0,0,04-Jun,05-Jun,06-Jun,07-Jun,08-Jun,09-Jun,03-Jun,04-Jun,05-Jun,06-Jun,07-Jun,08-Jun,09-Jun,7,7,0
Chhatrapati Sambhajinagar,Chhatrapati Sambhajinagar,Jalna,Partur,Partur,20094559,"120 Villages Extension Scheme for Works Not Considered in 173 GRID WSS and 95 GRID WSS Tq. Partur, Mantha and Jalna Dist: Jalna",Singhona,2345,1,0.38,0.01,0,0,0,0.58,0,16.2,0.43,0,0,0,24.65,04-Jun,05-Jun,06-Jun,07-Jun,08-Jun,09-Jun,03-Jun,04-Jun,05-Jun,06-Jun,07-Jun,08-Jun,09-Jun,3,7,0
Chhatrapati Sambhajinagar,Nanded,Nanded,Hadgaon,Hadgaon,20013969,Hadgaon and Himayatnagar 132 Village Grid WSS,Kolgaon,752,1,0,0,0,0,0,0,0,0,0,0,0,0,0,04-Jun,05-Jun,06-Jun,07-Jun,08-Jun,09-Jun,03-Jun,04-Jun,05-Jun,06-Jun,07-Jun,08-Jun,09-Jun,7,7,0
Chhatrapati Sambhajinagar,Nanded,Nanded,Hadgaon,Hadgaon,20013969,Hadgaon and Himayatnagar 132 Village Grid WSS,Wai Pana Bk,3017,1,0,0,0,0,0,0,0,0,0,0,0,0,0,04-Jun,05-Jun,06-Jun,07-Jun,08-Jun,09-Jun,03-Jun,04-Jun,05-Jun,06-Jun,07-Jun,08-Jun,09-Jun,7,7,0
Chhatrapati Sambhajinagar,Chhatrapati sambhajinagar,Chhatrapati sambhajinagar,Vaijapur,Vaijapur,20051233,373 Village Gangapur-Vaijapur Grid WSS,Mali Sagaj,2144,1,0.43,0,0,0,0.19,0,0,20.06,0,0,0,8.86,0,04-Jun,05-Jun,06-Jun,07-Jun,08-Jun,09-Jun,03-Jun,04-Jun,05-Jun,06-Jun,07-Jun,08-Jun,09-Jun,5,7,0
Chhatrapati Sambhajinagar,Nanded,Nanded,Hadgaon,Hadgaon,20013969,Hadgaon and Himayatnagar 132 Village Grid WSS,Pingli,460,1,1.02,0.64,0.94,0.78,1.11,0.94,160.87,221.74,139.13,204.35,169.57,241.3,204.35,04-Jun,05-Jun,06-Jun,07-Jun,08-Jun,09-Jun,03-Jun,04-Jun,05-Jun,06-Jun,07-Jun,08-Jun,09-Jun,0,0,7
Chhatrapati Sambhajinagar,Nanded,Nanded,Hadgaon,Hadgaon,20013969,Hadgaon and Himayatnagar 132 Village Grid WSS,Rui,3670,1,0,0,0,0,0,0,0,0,0,0,0,0,0,04-Jun,05-Jun,06-Jun,07-Jun,08-Jun,09-Jun,03-Jun,04-Jun,05-Jun,06-Jun,07-Jun,08-Jun,09-Jun,7,7,0
Chhatrapati Sambhajinagar,Chhatrapati Sambhajinagar,Jalna,Mantha,Mantha,20094559,"120 Villages Extension Scheme for Works Not Considered in 173 GRID WSS and 95 GRID WSS Tq. Partur, Mantha and Jalna Dist: Jalna",Wazarsarkate,2525,1,0,0,0,0,0,0,0,0,0,0,0,0,0,04-Jun,05-Jun,06-Jun,07-Jun,08-Jun,09-Jun,03-Jun,04-Jun,05-Jun,06-Jun,07-Jun,08-Jun,09-Jun,7,7,0
Chhatrapati Sambhajinagar,Chhatrapati Sambhajinagar,Jalna,Partur,Partur,20094559,"120 Villages Extension Scheme for Works Not Considered in 173 GRID WSS and 95 GRID WSS Tq. Partur, Mantha and Jalna Dist: Jalna",Dhokmal Tanda,1058,1,0,0,0,0,0,0,0,0,0,0,0,0,0,04-Jun,05-Jun,06-Jun,07-Jun,08-Jun,09-Jun,03-Jun,04-Jun,05-Jun,06-Jun,07-Jun,08-Jun,09-Jun,7,7,0
Chhatrapati Sambhajinagar,Nanded,Nanded,Hadgaon,Hadgaon,20013969,Hadgaon and Himayatnagar 132 Village Grid WSS,Shirad,4587,1,0,0,0,0,0,0,0,0,0,0,0,0,0,04-Jun,05-Jun,06-Jun,07-Jun,08-Jun,09-Jun,03-Jun,04-Jun,05-Jun,06-Jun,07-Jun,08-Jun,09-Jun,7,7,0
Chhatrapati Sambhajinagar,Chhatrapati Sambhajinagar,Jalna,Partur,Partur,20094559,"120 Villages Extension Scheme for Works Not Considered in 173 GRID WSS and 95 GRID WSS Tq. Partur, Mantha and Jalna Dist: Jalna",Varphal,3649,1,0,0,0,0,0,0,0,0,0,0,0,0,0,04-Jun,05-Jun,06-Jun,07-Jun,08-Jun,09-Jun,03-Jun,04-Jun,05-Jun,06-Jun,07-Jun,08-Jun,09-Jun,7,7,0
Chhatrapati Sambhajinagar,Nanded,Nanded,Hadgaon,Hadgaon,20013969,Hadgaon and Himayatnagar 132 Village Grid WSS,Mardga,3172,1,0,0,0,0,0,0,0,0,0,0,0,0,0,04-Jun,05-Jun,06-Jun,07-Jun,08-Jun,09-Jun,03-Jun,04-Jun,05-Jun,06-Jun,07-Jun,08-Jun,09-Jun,7,7,0
Chhatrapati Sambhajinagar,Nanded,Nanded,Himayatnagar,Himayatnagar,20013969,Hadgaon and Himayatnagar 132 Village Grid WSS,Karanji,1346,1,1.17,4.68,0,7.01,1.23,4.98,193.91,86.92,347.7,0,520.8,91.38,369.99,04-Jun,05-Jun,06-Jun,07-Jun,08-Jun,09-Jun,03-Jun,04-Jun,05-Jun,06-Jun,07-Jun,08-Jun,09-Jun,1,1,6
Chhatrapati Sambhajinagar,Chhatrapati Sambhajinagar,Jalna,Partur,Partur,20094559,"120 Villages Extension Scheme for Works Not Considered in 173 GRID WSS and 95 GRID WSS Tq. Partur, Mantha and Jalna Dist: Jalna",Khandvi,2404,1,0,0,0,0,0,0,0,0,0,0,0,0,0,04-Jun,05-Jun,06-Jun,07-Jun,08-Jun,09-Jun,03-Jun,04-Jun,05-Jun,06-Jun,07-Jun,08-Jun,09-Jun,7,7,0
Chhatrapati Sambhajinagar,Nanded,Nanded,Hadgaon,Hadgaon,20013969,Hadgaon and Himayatnagar 132 Village Grid WSS,Shendan,526,1,0,0,0,0,0,0,0,0,0,0,0,0,0,04-Jun,05-Jun,06-Jun,07-Jun,08-Jun,09-Jun,03-Jun,04-Jun,05-Jun,06-Jun,07-Jun,08-Jun,09-Jun,7,7,0
Chhatrapati Sambhajinagar,Latur,Latur,Renapur,Renapur,20030820,Pangaon 10 villages WSS,Kharoli,8990,2,0,1.48,19.27,16.12,3,0,0,0,16.46,214.35,179.31,33.37,0,04-Jun,05-Jun,06-Jun,07-Jun,08-Jun,09-Jun,03-Jun,04-Jun,05-Jun,06-Jun,07-Jun,08-Jun,09-Jun,3,5,2
Chhatrapati Sambhajinagar,Nanded,Nanded,Himayatnagar,Himayatnagar,20013969,Hadgaon and Himayatnagar 132 Village Grid WSS,Kamari,4301,1,9.48,0,18.13,0,14.95,7.99,255.29,220.41,0,421.53,0,347.59,185.77,04-Jun,05-Jun,06-Jun,07-Jun,08-Jun,09-Jun,03-Jun,04-Jun,05-Jun,06-Jun,07-Jun,08-Jun,09-Jun,2,2,5
Chhatrapati Sambhajinagar,Chhatrapati Sambhajinagar,Jalna,Mantha,Mantha,20094559,"120 Villages Extension Scheme for Works Not Considered in 173 GRID WSS and 95 GRID WSS Tq. Partur, Mantha and Jalna Dist: Jalna",Limbaji Barbada,369,1,0,0,0.11,0,0,0,0,0,0,29.81,0,0,0,04-Jun,05-Jun,06-Jun,07-Jun,08-Jun,09-Jun,03-Jun,04-Jun,05-Jun,06-Jun,07-Jun,08-Jun,09-Jun,6,7,0
Chhatrapati Sambhajinagar,Nanded,Nanded,Kandhar,Kandhar,7338000,Osmamnagar Shirdhon Combined WSS,Bhutaychiwadi,905,1,0,0,0,0,0,0,0,0,0,0,0,0,0,04-Jun,05-Jun,06-Jun,07-Jun,08-Jun,09-Jun,03-Jun,04-Jun,05-Jun,06-Jun,07-Jun,08-Jun,09-Jun,7,7,0
Chhatrapati Sambhajinagar,Chhatrapati Sambhajinagar,Chhatrapati Sambhajinagar,Gangapur,Gangapur,20051233,373 Village Gangapur-Vaijapur Grid WSS,Sirasgaon,1855,1,0.59,0.45,0.29,2.27,0,0,0,31.81,24.26,15.63,122.37,0,0,04-Jun,05-Jun,06-Jun,07-Jun,08-Jun,09-Jun,03-Jun,04-Jun,05-Jun,06-Jun,07-Jun,08-Jun,09-Jun,3,6,1
Chhatrapati Sambhajinagar,Chhatrapati Sambhajinagar,Chhatrapati Sambhajinagar,Vaijapur,Vaijapur,20051233,373 Village Gangapur-Vaijapur Grid WSS,Parsoda,3588,2,0,0,0.09,0,0.32,0,0,0,0,2.51,0,8.92,0,04-Jun,05-Jun,06-Jun,07-Jun,08-Jun,09-Jun,03-Jun,04-Jun,05-Jun,06-Jun,07-Jun,08-Jun,09-Jun,5,7,0
Chhatrapati Sambhajinagar,Chhatrapati Sambhajinagar,Jalna,Partur,Partur,20094559,"120 Villages Extension Scheme for Works Not Considered in 173 GRID WSS and 95 GRID WSS Tq. Partur, Mantha and Jalna Dist: Jalna",Salgaon,1029,1,0,0.01,0.53,0.68,0.59,0.01,No Data,0,0,0,0,0,0,04-Jun,05-Jun,06-Jun,07-Jun,08-Jun,09-Jun,03-Jun,04-Jun,05-Jun,06-Jun,07-Jun,08-Jun,09-Jun,6,6,0
Chhatrapati Sambhajinagar,Nanded,Nanded,Himayatnagar,Himayatnagar,20013969,Hadgaon and Himayatnagar 132 Village Grid WSS,Shibadara (J),1480,1,0,0,0,0,0,0,No Data,0,0,0,0,0,0,04-Jun,05-Jun,06-Jun,07-Jun,08-Jun,09-Jun,03-Jun,04-Jun,05-Jun,06-Jun,07-Jun,08-Jun,09-Jun,6,6,0
Chhatrapati Sambhajinagar,Chhatrapati Sambhajinagar,Jalna,Partur,Partur,20094559,"120 Villages Extension Scheme for Works Not Considered in 173 GRID WSS and 95 GRID WSS Tq. Partur, Mantha and Jalna Dist: Jalna",Paratwadi,2311,1,0,0,0,0,0,0,No Data,0,0,0,0,0,0,04-Jun,05-Jun,06-Jun,07-Jun,08-Jun,09-Jun,03-Jun,04-Jun,05-Jun,06-Jun,07-Jun,08-Jun,09-Jun,6,6,0
Chhatrapati Sambhajinagar,Chhatrapati Sambhajinagar,Jalna,Partur,Partur,20094559,"120 Villages Extension Scheme for Works Not Considered in 173 GRID WSS and 95 GRID WSS Tq. Partur, Mantha and Jalna Dist: Jalna",Chincholi,1805,1,0,0,0,0,0,0,No Data,0,0,0,0,0,0,04-Jun,05-Jun,06-Jun,07-Jun,08-Jun,09-Jun,03-Jun,04-Jun,05-Jun,06-Jun,07-Jun,08-Jun,09-Jun,6,6,0
Chhatrapati Sambhajinagar,Chhatrapati Sambhajinagar,Jalna,Partur,Partur,20094559,"120 Villages Extension Scheme for Works Not Considered in 173 GRID WSS and 95 GRID WSS Tq. Partur, Mantha and Jalna Dist: Jalna",Walkhed,1443,1,0.32,0,0,0,0.29,0,0.01,22.16,0,0,0.02,19.82,0.1,04-Jun,05-Jun,06-Jun,07-Jun,08-Jun,09-Jun,03-Jun,04-Jun,05-Jun,06-Jun,07-Jun,08-Jun,09-Jun,0,7,0
Chhatrapati Sambhajinagar,Nanded,Nanded,Hadgaon,Hadgaon,20013969,Hadgaon and Himayatnagar 132 Village Grid WSS,Dhanora (Tamsa),1380,1,0,0,0,0,0,0,0,0,0,0,0,0,0,04-Jun,05-Jun,06-Jun,07-Jun,08-Jun,09-Jun,03-Jun,04-Jun,05-Jun,06-Jun,07-Jun,08-Jun,09-Jun,7,7,0
Chhatrapati Sambhajinagar,Nanded,Nanded,Hadgaon,Hadgaon,20013969,Hadgaon and Himayatnagar 132 Village Grid WSS,Kedarguda,1564,1,7.81,7.38,3.05,7.36,6.67,4.27,1291.66,499.36,471.87,195.01,470.59,426.47,273.02,04-Jun,05-Jun,06-Jun,07-Jun,08-Jun,09-Jun,03-Jun,04-Jun,05-Jun,06-Jun,07-Jun,08-Jun,09-Jun,0,0,7
Chhatrapati Sambhajinagar,Chhatrapati Sambhajinagar,Jalna,Partur,Partur,20094559,"120 Villages Extension Scheme for Works Not Considered in 173 GRID WSS and 95 GRID WSS Tq. Partur, Mantha and Jalna Dist: Jalna",Varphalwadi,1029,1,0,0,0,0,0.95,0,0,0,0,0,0,92.32,0,04-Jun,05-Jun,06-Jun,07-Jun,08-Jun,09-Jun,03-Jun,04-Jun,05-Jun,06-Jun,07-Jun,08-Jun,09-Jun,6,6,1
Chhatrapati Sambhajinagar,Nanded,Nanded,Hadgaon,Hadgaon,20013969,Hadgaon and Himayatnagar 132 Village Grid WSS,Mahatala,1569,1,1.16,0.14,0,0,0,0,55.79,73.93,8.63,0,0,0,0,04-Jun,05-Jun,06-Jun,07-Jun,08-Jun,09-Jun,03-Jun,04-Jun,05-Jun,06-Jun,07-Jun,08-Jun,09-Jun,4,5,2
Chhatrapati Sambhajinagar,Chhatrapati Sambhajinagar,Chhatrapati Sambhajinagar,Paithan,Paithan,20018162,Paithan Taluka 178 Village Grid WS,Kuranpimpri,720,1,1.07,0.97,0.96,1.14,1.16,0.82,163.89,148.61,134.72,133.33,158.33,161.11,113.89,04-Jun,05-Jun,06-Jun,07-Jun,08-Jun,09-Jun,03-Jun,04-Jun,05-Jun,06-Jun,07-Jun,08-Jun,09-Jun,0,0,7
Chhatrapati Sambhajinagar,Chhatrapati sambhajinagar,Chhatrapati sambhajinagar,Vaijapur,Vaijapur,20051233,373 Village Gangapur-Vaijapur Grid WSS,Garaj,1820,1,1.05,0.4,0.54,0.68,0.34,0.4,25.27,57.69,21.76,29.67,37.36,18.68,22.09,04-Jun,05-Jun,06-Jun,07-Jun,08-Jun,09-Jun,03-Jun,04-Jun,05-Jun,06-Jun,07-Jun,08-Jun,09-Jun,0,6,1
Chhatrapati Sambhajinagar,Chhatrapati Sambhajinagar,Chhatrapati Sambhajinagar,Paithan,Paithan,20018162,Paithan Taluka 178 Village Grid WS,Changatpuri,3387,1,0,0,0,0,0,0,0,0,0,0,0,0,0,04-Jun,05-Jun,06-Jun,07-Jun,08-Jun,09-Jun,03-Jun,04-Jun,05-Jun,06-Jun,07-Jun,08-Jun,09-Jun,7,7,0
Chhatrapati Sambhajinagar,Chhatrapati Sambhajinagar,Jalna,Mantha,Mantha,20094559,"120 Villages Extension Scheme for Works Not Considered in 173 GRID WSS and 95 GRID WSS Tq. Partur, Mantha and Jalna Dist: Jalna",Kirtapur,1080,1,0,0,0,0,0,0,0,0,0,0,0,0,0,04-Jun,05-Jun,06-Jun,07-Jun,08-Jun,09-Jun,03-Jun,04-Jun,05-Jun,06-Jun,07-Jun,08-Jun,09-Jun,7,7,0
Chhatrapati Sambhajinagar,Nanded,Nanded,Hadgaon,Hadgaon,20013969,Hadgaon and Himayatnagar 132 Village Grid WSS,Yelamb,2225,1,0,0,0,0,0,0,0,0,0,0,0,0,0,04-Jun,05-Jun,06-Jun,07-Jun,08-Jun,09-Jun,03-Jun,04-Jun,05-Jun,06-Jun,07-Jun,08-Jun,09-Jun,7,7,0
Chhatrapati Sambhajinagar,Nanded,Nanded,Hadgaon,Hadgaon,20013969,Hadgaon and Himayatnagar 132 Village Grid WSS,Gargavhan,264,1,11.77,12.29,9.36,14.62,11.55,4.06,5015.15,4458.33,4655.3,3545.45,5537.88,4375,1537.88,04-Jun,05-Jun,06-Jun,07-Jun,08-Jun,09-Jun,03-Jun,04-Jun,05-Jun,06-Jun,07-Jun,08-Jun,09-Jun,0,0,7
Chhatrapati Sambhajinagar,Chhatrapati Sambhajinagar,Chhatrapati Sambhajinagar,Gangapur,Gangapur,20051233,373 Village Gangapur-Vaijapur Grid WSS,Domegaon-Borgaon,1535,1,0,0,0,0,0,0,0,0,0,0,0,0,0,04-Jun,05-Jun,06-Jun,07-Jun,08-Jun,09-Jun,03-Jun,04-Jun,05-Jun,06-Jun,07-Jun,08-Jun,09-Jun,7,7,0
Chhatrapati Sambhajinagar,Nanded,Nanded,Hadgaon,Hadgaon,20013969,Hadgaon and Himayatnagar 132 Village Grid WSS,Newarwadi,1251,1,0,0,0,0,0,0,0,0,0,0,0,0,0,04-Jun,05-Jun,06-Jun,07-Jun,08-Jun,09-Jun,03-Jun,04-Jun,05-Jun,06-Jun,07-Jun,08-Jun,09-Jun,7,7,0
Chhatrapati Sambhajinagar,Chhatrapati Sambhajinagar,Jalna,Partur,Partur,20094559,"120 Villages Extension Scheme for Works Not Considered in 173 GRID WSS and 95 GRID WSS Tq. Partur, Mantha and Jalna Dist: Jalna",Raniwahegaon,1131,2,0,0.49,0.16,0.31,0.41,0.15,0,0,43.51,14.09,27.14,36.17,13.17,04-Jun,05-Jun,06-Jun,07-Jun,08-Jun,09-Jun,03-Jun,04-Jun,05-Jun,06-Jun,07-Jun,08-Jun,09-Jun,2,7,0
Chhatrapati Sambhajinagar,Nanded,Nanded,Hadgaon,Hadgaon,20013969,Hadgaon and Himayatnagar 132 Village Grid WSS,Pangri (Manatha),772,1,0,0,0,0,0,0,0,0,0,0,0,0,0,04-Jun,05-Jun,06-Jun,07-Jun,08-Jun,09-Jun,03-Jun,04-Jun,05-Jun,06-Jun,07-Jun,08-Jun,09-Jun,7,7,0
Chhatrapati Sambhajinagar,Chhatrapati Sambhajinagar,Chhatrapati Sambhajinagar,Vaijapur,Vaijapur,20051233,373 Village Gangapur-Vaijapur Grid WSS,Sanjarpurwadi,2971,1,0,0,0,0,0,0,0,0,0,0,0,0,0,04-Jun,05-Jun,06-Jun,07-Jun,08-Jun,09-Jun,03-Jun,04-Jun,05-Jun,06-Jun,07-Jun,08-Jun,09-Jun,7,7,0
Chhatrapati Sambhajinagar,Nanded,Nanded,Hadgaon,Hadgaon,20013969,Hadgaon and Himayatnagar 132 Village Grid WSS,Bhanegaon Tanda,971,1,1.12,0.54,1.02,1.18,1.17,0.86,102.99,115.35,55.61,105.05,121.52,120.49,88.57,04-Jun,05-Jun,06-Jun,07-Jun,08-Jun,09-Jun,03-Jun,04-Jun,05-Jun,06-Jun,07-Jun,08-Jun,09-Jun,0,0,7
Chhatrapati Sambhajinagar,Nanded,Nanded,Naigaon,Naigaon,7942142,Manjram WSS (7942142),Manjram,4704,1,0,0,0,0,0,0,0,0,0,0,0,0,0,04-Jun,05-Jun,06-Jun,07-Jun,08-Jun,09-Jun,03-Jun,04-Jun,05-Jun,06-Jun,07-Jun,08-Jun,09-Jun,7,7,0
Chhatrapati Sambhajinagar,Nanded,Nanded,Himayatnagar,Himayatnagar,20013969,Hadgaon and Himayatnagar 132 Village Grid WSS,Borgadi,1212,1,0,0,0,0,0,0,0,0,0,0,0,0,0,04-Jun,05-Jun,06-Jun,07-Jun,08-Jun,09-Jun,03-Jun,04-Jun,05-Jun,06-Jun,07-Jun,08-Jun,09-Jun,7,7,0
Chhatrapati Sambhajinagar,Nanded,Nanded,Hadgaon,Hadgaon,20013969,Hadgaon and Himayatnagar 132 Village Grid WSS,Rawangaon (Manatha),1463,1,0,0,0,0,0,0,0,0,0,0,0,0,0,04-Jun,05-Jun,06-Jun,07-Jun,08-Jun,09-Jun,03-Jun,04-Jun,05-Jun,06-Jun,07-Jun,08-Jun,09-Jun,7,7,0
Chhatrapati Sambhajinagar,Nanded,Nanded,Hadgaon,Hadgaon,20013969,Hadgaon and Himayatnagar 132 Village Grid WSS,Umri (Daryabai),2262,1,0,0,0,0,0,0,0,0,0,0,0,0,0,04-Jun,05-Jun,06-Jun,07-Jun,08-Jun,09-Jun,03-Jun,04-Jun,05-Jun,06-Jun,07-Jun,08-Jun,09-Jun,7,7,0
Chhatrapati Sambhajinagar,Chhatrapati Sambhajinagar,Chhatrapati Sambhajinagar,Vaijapur,Vaijapur,20051233,373 Village Gangapur-Vaijapur Grid WSS,Loni Bk.,2210,1,0,0.69,0.44,0,0.67,0.22,0,0,31.22,19.91,0,30.32,9.95,04-Jun,05-Jun,06-Jun,07-Jun,08-Jun,09-Jun,03-Jun,04-Jun,05-Jun,06-Jun,07-Jun,08-Jun,09-Jun,3,7,0
Chhatrapati Sambhajinagar,Nanded,Nanded,Kandhar,Kandhar,7338000,Osmamnagar Shirdhon Combined WSS,Shirdhon Tanda,Unsupported Data Type,1,23.82,15.27,0,0,0,77.78,0,0,0,0,0,0,0,04-Jun,05-Jun,06-Jun,07-Jun,08-Jun,09-Jun,03-Jun,04-Jun,05-Jun,06-Jun,07-Jun,08-Jun,09-Jun,7,7,0
Pune,Sangli,Solapur,Solapur,Sangola,20027396,Alegaon shirbhavi 82 Village,Chopadi,3313,1,1.7,1.45,2,1.39,2.19,0.5,37.99,51.19,43.87,60.43,41.89,66.19,15.07,04-Jun,05-Jun,06-Jun,07-Jun,08-Jun,09-Jun,03-Jun,04-Jun,05-Jun,06-Jun,07-Jun,08-Jun,09-Jun,0,5,2
Pune,Sangli,Solapur,Solapur,Sangola,20027396,Alegaon shirbhavi 82 Village,Khilarwadi,2046,1,0,0.66,0,0.64,0.03,0.41,0,0,32.02,0.01,31.37,1.53,20.18,04-Jun,05-Jun,06-Jun,07-Jun,08-Jun,09-Jun,03-Jun,04-Jun,05-Jun,06-Jun,07-Jun,08-Jun,09-Jun,0,7,0
Pune,Sangli,Solapur,Solapur,Sangola,20027396,Alegaon shirbhavi 82 Village,Y Mangewad,2525,1,0,0,0,0,0,0,0,0,0,0,0,0,0.01,04-Jun,05-Jun,06-Jun,07-Jun,08-Jun,09-Jun,03-Jun,04-Jun,05-Jun,06-Jun,07-Jun,08-Jun,09-Jun,2,7,0
Pune,Pune,Pune 1,Baramati,Ambegaon,20017250,LONI BHAPKAR RRWSS,LoniBhapkar,5659,4,0,4501.65,0,4472.13,3401.52,3383.39,138908.9,0,79548.55,0,79026.87,60108.11,59787.83,04-Jun,05-Jun,06-Jun,07-Jun,08-Jun,09-Jun,03-Jun,04-Jun,05-Jun,06-Jun,07-Jun,08-Jun,09-Jun,2,2,5
Pune,Sangli,Solapur,Solapur,Sangola,20027396,Alegaon shirbhavi 82 Village,Burangewadi,4570,1,0,0,0,0,0.15,0,4.37,0,0,0,0,3.18,0,04-Jun,05-Jun,06-Jun,07-Jun,08-Jun,09-Jun,03-Jun,04-Jun,05-Jun,06-Jun,07-Jun,08-Jun,09-Jun,4,7,0
Pune,Pune,Satara,Phaltan,Phaltan,20027892,RR Girvi WSS,Bhadali Bk,787,1,0,0,0,0,0,0,0,0,0,0,0,0,0,04-Jun,05-Jun,06-Jun,07-Jun,08-Jun,09-Jun,03-Jun,04-Jun,05-Jun,06-Jun,07-Jun,08-Jun,09-Jun,7,7,0
Pune,Sangli,Solapur,Solapur,Sangola,20027396,Alegaon shirbhavi 82 Village,Gaudwadi,1508,1,0,0,0,0,0,0,0,0,0,0,0,0,0,04-Jun,05-Jun,06-Jun,07-Jun,08-Jun,09-Jun,03-Jun,04-Jun,05-Jun,06-Jun,07-Jun,08-Jun,09-Jun,7,7,0
Pune,Pune,Pune,Pune,Mulshi,20022133,Peth RR,Paragaon,4195,10,0.23,0.34,0.24,0.34,0.17,0.25,5.47,5.41,7.99,5.78,8.04,4.06,5.92,04-Jun,05-Jun,06-Jun,07-Jun,08-Jun,09-Jun,03-Jun,04-Jun,05-Jun,06-Jun,07-Jun,08-Jun,09-Jun,0,7,0
Pune,Sangli,Solapur,Solapur,Mangalvedhe,20033593,Andhalgaon and 3 villages,LAXMIDHAHIWADI,7253,2,0,0,0,0,0,0,0,0,0,0,0,0,0,04-Jun,05-Jun,06-Jun,07-Jun,08-Jun,09-Jun,03-Jun,04-Jun,05-Jun,06-Jun,07-Jun,08-Jun,09-Jun,7,7,0
Pune,Sangli,Solapur,Solapur,Sangola,20027396,Alegaon shirbhavi 82 Village,Javala,1703,2,3.27,2.77,2.28,2.59,2.47,2.28,168.13,192.1,162.4,134.12,151.93,145.29,133.68,04-Jun,05-Jun,06-Jun,07-Jun,08-Jun,09-Jun,03-Jun,04-Jun,05-Jun,06-Jun,07-Jun,08-Jun,09-Jun,0,0,7
Pune,Sangli,Solapur,Solapur,Mangalvedhe,20033593,Andhalgaon and 3 villages,CHOKAMELA,7934,1,0,0,0,0,0,0,0,0,0,0,0,0,0,04-Jun,05-Jun,06-Jun,07-Jun,08-Jun,09-Jun,03-Jun,04-Jun,05-Jun,06-Jun,07-Jun,08-Jun,09-Jun,7,7,0
Pune,Pune,Pune,Pune,Mulshi,20022133,Peth RR,Kurwandi,2522,7,0,0,0,0,0,0,0,0,0,0,0,0,0,04-Jun,05-Jun,06-Jun,07-Jun,08-Jun,09-Jun,03-Jun,04-Jun,05-Jun,06-Jun,07-Jun,08-Jun,09-Jun,7,7,0
Pune,Sangli,Solapur,Solapur,Sangola,20027396,Alegaon shirbhavi 82 Village,Gayghvan,1603,1,0,0,0,0,0,0,0,0,0,0,0,0,0,04-Jun,05-Jun,06-Jun,07-Jun,08-Jun,09-Jun,03-Jun,04-Jun,05-Jun,06-Jun,07-Jun,08-Jun,09-Jun,7,7,0
Pune,Pune,Satara,Phaltan,Phaltan,20027892,RR Girvi WSS,Tirakwadi,1013,1,0,0,0,0,0,0,0,0,0,0,0,0,0,04-Jun,05-Jun,06-Jun,07-Jun,08-Jun,09-Jun,03-Jun,04-Jun,05-Jun,06-Jun,07-Jun,08-Jun,09-Jun,7,7,0
Pune,Pune,Satara,Phaltan,Phaltan,20027892,RR Girvi WSS,Sonwadi (Bk),1100,1,0,0,0,1.38,0,0,0,0,0,0,125.6,0,0,04-Jun,05-Jun,06-Jun,07-Jun,08-Jun,09-Jun,03-Jun,04-Jun,05-Jun,06-Jun,07-Jun,08-Jun,09-Jun,6,6,1
Pune,Pune,Satara,Phaltan,Phaltan,20027892,RR Girvi WSS,Bhadali Gouthan,1230,1,0,0,0,0,0,0,0,0,0,0,0,0,0,04-Jun,05-Jun,06-Jun,07-Jun,08-Jun,09-Jun,03-Jun,04-Jun,05-Jun,06-Jun,07-Jun,08-Jun,09-Jun,7,7,0
Pune,Pune,Pune 1,Pune 1,Daund,7942135,"Gar, Sonwadi, Nanviz RR",Betwadi,1500,1,0,0,0,0,0,0,0,0,0,0,0,0,0,04-Jun,05-Jun,06-Jun,07-Jun,08-Jun,09-Jun,03-Jun,04-Jun,05-Jun,06-Jun,07-Jun,08-Jun,09-Jun,7,7,0
Pune,Sangli,Solapur,Solapur,Sangola,20027396,Alegaon shirbhavi 82 Village,Watambare,2228,1,1.81,1.93,2.1,1.67,1.81,2.35,94.2,81.18,86.5,94.47,75.16,81.28,105.47,04-Jun,05-Jun,06-Jun,07-Jun,08-Jun,09-Jun,03-Jun,04-Jun,05-Jun,06-Jun,07-Jun,08-Jun,09-Jun,0,0,7
Pune,Pune,Pune 1,Baramati,Ambegaon,20017250,LONI BHAPKAR RRWSS,Tukainagar,3819,2,0,0.28,0.03,0.02,0.31,0.01,0,0,7.27,0.67,0.59,8.03,0.19,04-Jun,05-Jun,06-Jun,07-Jun,08-Jun,09-Jun,03-Jun,04-Jun,05-Jun,06-Jun,07-Jun,08-Jun,09-Jun,7,2,0
Pune,Pune,Pune,Pune,Mulshi,20022133,Peth RR,Thugaon,778,5,0.23,0.36,0.28,0.34,0.38,0.55,66.18,29.03,45.79,35.64,43.11,48.52,70.58,04-Jun,05-Jun,06-Jun,07-Jun,08-Jun,09-Jun,03-Jun,04-Jun,05-Jun,06-Jun,07-Jun,08-Jun,09-Jun,5,0,2
Pune,Sangli,Solapur,Solapur,Sangola,20027396,Alegaon shirbhavi 82 Village,Karandewadi,1870,2,0.88,2.24,0.9,3.08,1.27,1.55,94.78,47.23,119.66,48.05,164.77,68.09,82.74,04-Jun,05-Jun,06-Jun,07-Jun,08-Jun,09-Jun,03-Jun,04-Jun,05-Jun,06-Jun,07-Jun,08-Jun,09-Jun,2,0,5
Pune,Sangli,Solapur,Solapur,Sangola,20027396,Alegaon shirbhavi 82 Village,Chincholi Gaon,4045,2,0.07,0,0.08,0.06,0,0,0,1.7,0,1.93,1.59,0,0,04-Jun,05-Jun,06-Jun,07-Jun,08-Jun,09-Jun,03-Jun,04-Jun,05-Jun,06-Jun,07-Jun,08-Jun,09-Jun,7,4,0
Pune,Sangli,Solapur,Solapur,Mohol,20029637,Penur Patkul,Penur,8755,2,0,0,0,0,0,0,0,0.01,0,0,0,0,0,04-Jun,05-Jun,06-Jun,07-Jun,08-Jun,09-Jun,03-Jun,04-Jun,05-Jun,06-Jun,07-Jun,08-Jun,09-Jun,7,4,0
Pune,Sangli,Solapur,Solapur,Sangola,20027396,Alegaon shirbhavi 82 Village,Chinke,6814,1,2.72,1.83,1.99,2.29,2.47,2.89,27.25,39.96,26.78,29.27,33.6,36.26,42.38,04-Jun,05-Jun,06-Jun,07-Jun,08-Jun,09-Jun,03-Jun,04-Jun,05-Jun,06-Jun,07-Jun,08-Jun,09-Jun,7,0,0
Pune,Pune,Pune 1,Baramati,Ambegaon,20017250,LONI BHAPKAR RRWSS,Jagtapwasti ESR,1446,1,0,0,0,0,0,0,0,0,0,0,0,0,0,04-Jun,05-Jun,06-Jun,07-Jun,08-Jun,09-Jun,03-Jun,04-Jun,05-Jun,06-Jun,07-Jun,08-Jun,09-Jun,7,7,0
Pune,Pune,Pune 1,Baramati,Ambegaon,20017250,LONI BHAPKAR RRWSS,Sayambachiwadi,1969,2,0,23.48,0,0.62,18.15,0,0,0,1192.63,0,31.24,921.86,0,04-Jun,05-Jun,06-Jun,07-Jun,08-Jun,09-Jun,03-Jun,04-Jun,05-Jun,06-Jun,07-Jun,08-Jun,09-Jun,5,4,2
Pune,Pune,Pune 1,Baramati,Ambegaon,20017250,LONI BHAPKAR RRWSS,Palsi,2612,4,0.21,0,0,0,0,0,0,8.21,0,0,0,0,0,04-Jun,05-Jun,06-Jun,07-Jun,08-Jun,09-Jun,03-Jun,04-Jun,05-Jun,06-Jun,07-Jun,08-Jun,09-Jun,7,6,0
Pune,Pune,Pune 1,Baramati,Ambegaon,20017250,LONI BHAPKAR RRWSS,Bhilarwadi,1249,1,0,0,0,0,0,0,0,0,0,0,0,0,0,04-Jun,05-Jun,06-Jun,07-Jun,08-Jun,09-Jun,03-Jun,04-Jun,05-Jun,06-Jun,07-Jun,08-Jun,09-Jun,7,7,0
Pune,Pune,Pune 1,Baramati,Ambegaon,20017250,LONI BHAPKAR RRWSS,Masalwadi,1446,3,0,26.75,0,0,20.21,0,0,0,1850.18,0,0,1397.47,0,04-Jun,05-Jun,06-Jun,07-Jun,08-Jun,09-Jun,03-Jun,04-Jun,05-Jun,06-Jun,07-Jun,08-Jun,09-Jun,5,5,2
Pune,Pune,Pune 1,Baramati,Ambegaon,20017250,LONI BHAPKAR RRWSS,Jalakewadi Mudhale,475,3,0,0,0,0,0,0,0,0,0,0,0,0,0,04-Jun,05-Jun,06-Jun,07-Jun,08-Jun,09-Jun,03-Jun,04-Jun,05-Jun,06-Jun,07-Jun,08-Jun,09-Jun,7,7,0
Pune,Pune,Pune 1,Pune 1,Daund,7942135,"Gar, Sonwadi, Nanviz RR",Holimala,734,2,0,0,0,0,0,0,0,0,0,0,0,0,0,04-Jun,05-Jun,06-Jun,07-Jun,08-Jun,09-Jun,03-Jun,04-Jun,05-Jun,06-Jun,07-Jun,08-Jun,09-Jun,7,7,0
Pune,Sangli,Solapur,Solapur,Sangola,20027396,Alegaon shirbhavi 82 Village,Wadegaon,6374,1,0,0,0,0,0,0,0,0,0,0,0,0,0,04-Jun,05-Jun,06-Jun,07-Jun,08-Jun,09-Jun,03-Jun,04-Jun,05-Jun,06-Jun,07-Jun,08-Jun,09-Jun,7,7,0
Pune,Pune,Pune 2,Baramati,Ambegaon,20018548,HOL SASTEWADI,Hol,2509,1,13.02,0.21,0.21,0,17.28,0,8.17,518.98,8.19,8.25,0,688.55,0,04-Jun,05-Jun,06-Jun,07-Jun,08-Jun,09-Jun,03-Jun,04-Jun,05-Jun,06-Jun,07-Jun,08-Jun,09-Jun,5,2,2
Pune,Pune,Pune,Pune,Mulshi,20022133,Peth RR,Karegaon,1749,4,0.04,1.39,0.89,0.76,0.89,1.38,87.29,2.49,79.72,50.89,43.26,50.62,79.16,04-Jun,05-Jun,06-Jun,07-Jun,08-Jun,09-Jun,03-Jun,04-Jun,05-Jun,06-Jun,07-Jun,08-Jun,09-Jun,4,0,3
Pune,Pune,Pune 1,Baramati,Ambegaon,7942125,MURTI & 7 VILLAGES RRWSS,Moralwadi,1462,3,0,0,0,0,0,0,0,0,0,0,0,0,0,04-Jun,05-Jun,06-Jun,07-Jun,08-Jun,09-Jun,03-Jun,04-Jun,05-Jun,06-Jun,07-Jun,08-Jun,09-Jun,7,7,0
Pune,Pune,Pune 1,Baramati,Ambegaon,7942125,MURTI & 7 VILLAGES RRWSS,Modhave,2362,2,0,0,64.15,0,66.36,14.66,930.52,0,0,2716.12,0,2809.53,620.76,04-Jun,05-Jun,06-Jun,07-Jun,08-Jun,09-Jun,03-Jun,04-Jun,05-Jun,06-Jun,07-Jun,08-Jun,09-Jun,3,3,4
Pune,Pune,Pune 1,Baramati,Ambegaon,7942125,MURTI & 7 VILLAGES RRWSS,Magarwadi,1761,1,0,0,36.63,0,0,0,2037.49,0,0,2079.84,0,0,0,04-Jun,05-Jun,06-Jun,07-Jun,08-Jun,09-Jun,03-Jun,04-Jun,05-Jun,06-Jun,07-Jun,08-Jun,09-Jun,5,5,2
Pune,Pune,Pune 1,Baramati,Ambegaon,7942125,MURTI & 7 VILLAGES RRWSS,Murti gaonthan,1065,2,0,0,0,0,0,0,0,0,0,0,0,0,0,04-Jun,05-Jun,06-Jun,07-Jun,08-Jun,09-Jun,03-Jun,04-Jun,05-Jun,06-Jun,07-Jun,08-Jun,09-Jun,7,7,0
Pune,Pune,Satara,Pune,Phaltan,20019021,Dhuldev Algudewadi,Dhuldev,434,4,0,0,0,0,0,0,0,0,0,0,0,0,0,04-Jun,05-Jun,06-Jun,07-Jun,08-Jun,09-Jun,03-Jun,04-Jun,05-Jun,06-Jun,07-Jun,08-Jun,09-Jun,7,7,0
Pune,Sangli,Solapur,Solapur,Sangola,20027396,Alegaon shirbhavi 82 Village,Godasewadi,2730,1,0.79,0.57,0.74,0.59,0.54,0.5,21.04,28.79,21.03,27.05,21.52,19.76,18.42,04-Jun,05-Jun,06-Jun,07-Jun,08-Jun,09-Jun,03-Jun,04-Jun,05-Jun,06-Jun,07-Jun,08-Jun,09-Jun,7,0,0
Pune,Sangli,Solapur,Solapur,Mohol,20029637,Penur Patkul,Patkul,7358,3,0,0,0,0,0,0,0,0,0,0,0,0,0,04-Jun,05-Jun,06-Jun,07-Jun,08-Jun,09-Jun,03-Jun,04-Jun,05-Jun,06-Jun,07-Jun,08-Jun,09-Jun,7,7,0
Pune,Pune,Pune 2,Pune 2,Velhe,20027541,Wangani RRWSS,Wanganichiwadi,1108,3,0.14,0,0.16,0,0.12,0,0,12.29,0,14.05,0,11.15,0,04-Jun,05-Jun,06-Jun,07-Jun,08-Jun,09-Jun,03-Jun,04-Jun,05-Jun,06-Jun,07-Jun,08-Jun,09-Jun,7,4,0
Pune,Sangli,Solapur,Solapur,Sangola,20027396,Alegaon shirbhavi 82 Village,Sonanad,1492,1,2.7,1.19,2.83,1.11,2.11,1.58,68.23,180.85,79.85,189.95,74.39,141.17,105.83,04-Jun,05-Jun,06-Jun,07-Jun,08-Jun,09-Jun,03-Jun,04-Jun,05-Jun,06-Jun,07-Jun,08-Jun,09-Jun,0,0,7
Pune,Sangli,Solapur,Solapur,Sangola,20027396,Alegaon shirbhavi 82 Village,Vazare,1954,1,0,18.84,0,0,0,18.12,0,0,964.41,0,0,0,927.32,04-Jun,05-Jun,06-Jun,07-Jun,08-Jun,09-Jun,03-Jun,04-Jun,05-Jun,06-Jun,07-Jun,08-Jun,09-Jun,5,5,2
Pune,Sangli,Solapur,Solapur,Sangola,20027396,Alegaon shirbhavi 82 Village,Lonavire,3490,1,1.81,0.34,1.38,0.04,0.39,1.42,5.46,52,9.66,39.54,1.1,11.2,40.75,04-Jun,05-Jun,06-Jun,07-Jun,08-Jun,09-Jun,03-Jun,04-Jun,05-Jun,06-Jun,07-Jun,08-Jun,09-Jun,7,0,0
Pune,Sangli,Solapur,Solapur,Sangola,20027396,Alegaon shirbhavi 82 Village,shivane,4007,2,11.52,12.69,0.29,0.36,0.36,13.69,0,287.44,316.69,7.26,8.93,8.93,341.68,04-Jun,05-Jun,06-Jun,07-Jun,08-Jun,09-Jun,03-Jun,04-Jun,05-Jun,06-Jun,07-Jun,08-Jun,09-Jun,4,0,3
Pune,Sangli,Solapur,Solapur,Sangola,20027396,Alegaon shirbhavi 82 Village,Kidabisari,2657,1,0,0,0,0,0,0,0,0,0,0,0,0,0,04-Jun,05-Jun,06-Jun,07-Jun,08-Jun,09-Jun,03-Jun,04-Jun,05-Jun,06-Jun,07-Jun,08-Jun,09-Jun,7,7,0
Pune,Sangli,Solapur,Solapur,Sangola,20027396,Alegaon shirbhavi 82 Village,Dhayati,4586,2,0,0,0,0,0,0,0,0,0,0,0,0,0,04-Jun,05-Jun,06-Jun,07-Jun,08-Jun,09-Jun,03-Jun,04-Jun,05-Jun,06-Jun,07-Jun,08-Jun,09-Jun,7,7,0
Pune,Sangli,Solapur,Solapur,Sangola,20027396,Alegaon shirbhavi 82 Village,Kamlapur,1541,1,0,0,0,0,0,0,0,0,0,0,0,0,0,04-Jun,05-Jun,06-Jun,07-Jun,08-Jun,09-Jun,03-Jun,04-Jun,05-Jun,06-Jun,07-Jun,08-Jun,09-Jun,7,3,0
Pune,Pune,Pune,Pune,Mulshi,20022133,Peth RR,Peth,387,6,0.76,1.23,0.29,1.94,0.53,1.23,526.75,195.4,317.26,74.38,500.43,136.66,318.3,04-Jun,05-Jun,06-Jun,07-Jun,08-Jun,09-Jun,03-Jun,04-Jun,05-Jun,06-Jun,07-Jun,08-Jun,09-Jun,0,0,7
Pune,Sangli,Solapur,Solapur,Sangola,20027396,Alegaon shirbhavi 82 Village,Rajuri,5234,1,0.73,1.77,0.83,1.5,1.51,1.46,39.93,13.99,33.91,15.89,28.72,28.78,27.9,04-Jun,05-Jun,06-Jun,07-Jun,08-Jun,09-Jun,03-Jun,04-Jun,05-Jun,06-Jun,07-Jun,08-Jun,09-Jun,7,0,0
Pune,Sangli,Solapur,Solapur,Sangola,20027396,Alegaon shirbhavi 82 Village,Balwadi,2087,1,0,1,0,0,1.01,0,0,0,48.01,0.01,0,48.3,0.01,04-Jun,05-Jun,06-Jun,07-Jun,08-Jun,09-Jun,03-Jun,04-Jun,05-Jun,06-Jun,07-Jun,08-Jun,09-Jun,7,3,0
Pune,Sangli,Solapur,Solapur,Sangola,20027396,Alegaon shirbhavi 82 Village,Junoni,4895,1,0,0,0,0,0,0,0,0,0,0,0,0,0,04-Jun,05-Jun,06-Jun,07-Jun,08-Jun,09-Jun,03-Jun,04-Jun,05-Jun,06-Jun,07-Jun,08-Jun,09-Jun,7,7,0
Pune,Sangli,Solapur,Solapur,Sangola,20027396,Alegaon shirbhavi 82 Village,Bhamni,2572,1,0.85,0,66.09,0.98,0.53,1.11,67.87,33.24,0,2569.71,38.01,20.51,43.1,04-Jun,05-Jun,06-Jun,07-Jun,08-Jun,09-Jun,03-Jun,04-Jun,05-Jun,06-Jun,07-Jun,08-Jun,09-Jun,5,1,2
Pune,Sangli,Solapur,Solapur,Sangola,20027396,Alegaon shirbhavi 82 Village,Alegaon,4802,1,0,0,0,0,0,0,0,0,0,0,0,0,0,04-Jun,05-Jun,06-Jun,07-Jun,08-Jun,09-Jun,03-Jun,04-Jun,05-Jun,06-Jun,07-Jun,08-Jun,09-Jun,7,7,0
Pune,Sangli,Solapur,Solapur,Sangola,20027396,Alegaon shirbhavi 82 Village,Hatid,1057,1,1.39,0.31,1.38,0.5,1.6,0.3,33.75,131.93,29.33,130.83,47.21,151.58,28.02,04-Jun,05-Jun,06-Jun,07-Jun,08-Jun,09-Jun,03-Jun,04-Jun,05-Jun,06-Jun,07-Jun,08-Jun,09-Jun,4,0,3
Pune,Sangli,Solapur,Solapur,Sangola,20027396,Alegaon shirbhavi 82 Village,waki,2173,4,0.06,0,0.06,0.08,0.1,0.07,2.13,2.57,0,2.54,3.53,4.61,3.29,04-Jun,05-Jun,06-Jun,07-Jun,08-Jun,09-Jun,03-Jun,04-Jun,05-Jun,06-Jun,07-Jun,08-Jun,09-Jun,7,1,0
Pune,Pune,Satara,Pune,Phaltan,20019021,Dhuldev Algudewadi,Algudewadi,434,4,0,0,0,0,0,0,0.02,0,0.79,0.13,0,0,0.43,04-Jun,05-Jun,06-Jun,07-Jun,08-Jun,09-Jun,03-Jun,04-Jun,05-Jun,06-Jun,07-Jun,08-Jun,09-Jun,7,3,0
Pune,Sangli,Solapur,Solapur,Sangola,20027396,Alegaon shirbhavi 82 Village,Nazare,1231,1,0,0,0,0,0,0,0,0,0,0,0,0,0,04-Jun,05-Jun,06-Jun,07-Jun,08-Jun,09-Jun,03-Jun,04-Jun,05-Jun,06-Jun,07-Jun,08-Jun,09-Jun,7,7,0
Pune,Sangli,Sangli,Islampur,Valva,7940233,Peth & two Villages,Golewadi,482,1,0,0,0,0,0,0,0,0,0,0,0,0,0,04-Jun,05-Jun,06-Jun,07-Jun,08-Jun,09-Jun,03-Jun,04-Jun,05-Jun,06-Jun,07-Jun,08-Jun,09-Jun,7,7,0
Pune,Sangli,Solapur,Solapur,Mangalvedhe,20033593,Andhalgaon and 3 villages,ANDHALEGAON,6159,3,0,0,0,0,0,0,0,0,0,0,0,0,0,04-Jun,05-Jun,06-Jun,07-Jun,08-Jun,09-Jun,03-Jun,04-Jun,05-Jun,06-Jun,07-Jun,08-Jun,09-Jun,7,7,0
Pune,Sangli,Solapur,Solapur,Sangola,20027396,Alegaon shirbhavi 82 Village,shirbavi,4215,1,0,0,8.57,7.73,0,0,219.14,0.02,0,203.33,183.5,0,0,04-Jun,05-Jun,06-Jun,07-Jun,08-Jun,09-Jun,03-Jun,04-Jun,05-Jun,06-Jun,07-Jun,08-Jun,09-Jun,4,3,3
Pune,Pune,Pune 2,Baramati,Ambegaon,20018548,HOL SASTEWADI,Sastewadi,3462,7,0,0,73.77,0,0,0,0,0,0,2130.82,0,0,0,04-Jun,05-Jun,06-Jun,07-Jun,08-Jun,09-Jun,03-Jun,04-Jun,05-Jun,06-Jun,07-Jun,08-Jun,09-Jun,6,6,1
Pune,Sangli,Solapur,Solapur,Sangola,20027396,Alegaon shirbhavi 82 Village,Ajanale,8051,1,1.06,1.26,1.29,1.12,1.5,1.12,13.52,13.22,15.7,16.03,13.92,18.68,13.93,04-Jun,05-Jun,06-Jun,07-Jun,08-Jun,09-Jun,03-Jun,04-Jun,05-Jun,06-Jun,07-Jun,08-Jun,09-Jun,7,0,0
Pune,Sangli,Solapur,Solapur,Sangola,20027396,Alegaon shirbhavi 82 Village,Udenwadi,1834,1,0,0,0,0,0,0,0,0,0,0,0,0,0,04-Jun,05-Jun,06-Jun,07-Jun,08-Jun,09-Jun,03-Jun,04-Jun,05-Jun,06-Jun,07-Jun,08-Jun,09-Jun,7,5,0
Pune,Sangli,Sangli,Islampur,Valva,7940233,Peth & two Villages,Peth,11091,3,0,0,4.29,0,2.16,0.49,37.82,0,0,38.69,0,19.43,4.45,04-Jun,05-Jun,06-Jun,07-Jun,08-Jun,09-Jun,03-Jun,04-Jun,05-Jun,06-Jun,07-Jun,08-Jun,09-Jun,7,3,0
Pune,Sangli,Sangli,Islampur,Valva,7940233,Peth & two Villages,Waghwadi,1161,1,0.74,0.74,0.91,0.67,0.69,0.91,44.83,63.89,63.45,78.05,57.4,59.11,78.02,04-Jun,05-Jun,06-Jun,07-Jun,08-Jun,09-Jun,03-Jun,04-Jun,05-Jun,06-Jun,07-Jun,08-Jun,09-Jun,1,0,6
Pune,Pune,Pune 2,Maval,Daund,20013367,Done Adhale RR,ADHALE BK,1695,2,0,0,0,0,0,0,0,0,0,0,0,0,0,04-Jun,05-Jun,06-Jun,07-Jun,08-Jun,09-Jun,03-Jun,04-Jun,05-Jun,06-Jun,07-Jun,08-Jun,09-Jun,7,7,0
Pune,Sangli,Solapur,Solapur,Sangola,20027396,Alegaon shirbhavi 82 Village,Anakdhal,8599,1,0,0,0,0,0,0,0,0,0,0,0,0,0,04-Jun,05-Jun,06-Jun,07-Jun,08-Jun,09-Jun,03-Jun,04-Jun,05-Jun,06-Jun,07-Jun,08-Jun,09-Jun,7,7,0
Pune,Pune,Pune 1,Pune 1,Daund,7942135,"Gar, Sonwadi, Nanviz RR",Sonwadi,4636,1,0,0,0,0,0,0,0,0,0,0,0,0,0,04-Jun,05-Jun,06-Jun,07-Jun,08-Jun,09-Jun,03-Jun,04-Jun,05-Jun,06-Jun,07-Jun,08-Jun,09-Jun,7,7,0
Pune,Sangli,Solapur,Solapur,Sangola,20027396,Alegaon shirbhavi 82 Village,Kolegaon,2922,1,0,0,0,0,0,0,0,0,0,0,0,0,0,04-Jun,05-Jun,06-Jun,07-Jun,08-Jun,09-Jun,03-Jun,04-Jun,05-Jun,06-Jun,07-Jun,08-Jun,09-Jun,7,7,0
Pune,Pune,Pune 2,Maval,Daund,20013367,Done Adhale RR,DONE,1044,1,0,0,0,0,0,0,0,0,0,0,0,0,0,04-Jun,05-Jun,06-Jun,07-Jun,08-Jun,09-Jun,03-Jun,04-Jun,05-Jun,06-Jun,07-Jun,08-Jun,09-Jun,7,7,0
Pune,Sangli,Solapur,Solapur,Sangola,20027396,Alegaon shirbhavi 82 Village,Manjari,3049,1,0,0,0,0,0,0,0,0,0,0,0,0,0,04-Jun,05-Jun,06-Jun,07-Jun,08-Jun,09-Jun,03-Jun,04-Jun,05-Jun,06-Jun,07-Jun,08-Jun,09-Jun,7,7,0
Pune,Pune,Pune 2,Maval,Daund,20013367,Done Adhale RR,DIVAD,1795,2,0,0,0,0,0,0,0,0,0,0,0,0,0,04-Jun,05-Jun,06-Jun,07-Jun,08-Jun,09-Jun,03-Jun,04-Jun,05-Jun,06-Jun,07-Jun,08-Jun,09-Jun,7,7,0
Pune,Pune,Pune 2,Maval,Daund,20013367,Done Adhale RR,OVALE,1177,2,0,20.14,0,0,0,0,0,0,1710.74,0.01,0,0.14,0,04-Jun,05-Jun,06-Jun,07-Jun,08-Jun,09-Jun,03-Jun,04-Jun,05-Jun,06-Jun,07-Jun,08-Jun,09-Jun,6,3,1
Pune,Sangli,Solapur,Solapur,Sangola,20027396,Alegaon shirbhavi 82 Village,Budhyal,1218,1,1.45,0.45,1.15,1.85,1.65,0.43,104.46,119.44,37.16,94.54,151.93,135.19,35.41,04-Jun,05-Jun,06-Jun,07-Jun,08-Jun,09-Jun,03-Jun,04-Jun,05-Jun,06-Jun,07-Jun,08-Jun,09-Jun,2,0,5
Pune,Sangli,Solapur,Solapur,Sangola,20027396,Alegaon shirbhavi 82 Village,Nizampur,3731,1,0,0.3,1.92,0.5,0,0.84,16.38,0,8.09,51.46,13.34,0,22.5,04-Jun,05-Jun,06-Jun,07-Jun,08-Jun,09-Jun,03-Jun,04-Jun,05-Jun,06-Jun,07-Jun,08-Jun,09-Jun,7,2,0
Pune,Sangli,Solapur,Solapur,Sangola,20027396,Alegaon shirbhavi 82 Village,Mahim,4407,1,0,220.3,1.85,2.62,2.27,2.19,54.84,0,4998.76,42.02,59.45,51.56,49.75,04-Jun,05-Jun,06-Jun,07-Jun,08-Jun,09-Jun,03-Jun,04-Jun,05-Jun,06-Jun,07-Jun,08-Jun,09-Jun,5,1,2
Pune,Sangli,Solapur,Solapur,Sangola,20027396,Alegaon shirbhavi 82 Village,Gherdi,2724,2,0,1.7,0,3.4,1.34,4.25,5.32,0,62.46,0,124.94,49.31,155.96,04-Jun,05-Jun,06-Jun,07-Jun,08-Jun,09-Jun,03-Jun,04-Jun,05-Jun,06-Jun,07-Jun,08-Jun,09-Jun,4,2,3
Pune,Pune,Pune 1,Baramati,Ambegaon,7942125,MURTI & 7 VILLAGES RRWSS,Bhapkar mala,1761,1,0,0,0,16.66,0,19.76,14.37,0,0,0,946.01,0,1121.89,04-Jun,05-Jun,06-Jun,07-Jun,08-Jun,09-Jun,03-Jun,04-Jun,05-Jun,06-Jun,07-Jun,08-Jun,09-Jun,5,4,2
Pune,Pune,Pune 1,Baramati,Ambegaon,7942125,MURTI & 7 VILLAGES RRWSS,Chaudharwad,911,2,0.26,0.33,0.25,0.25,74.37,1.12,121.24,28.92,36.58,27.05,27.87,8164.06,122.95,04-Jun,05-Jun,06-Jun,07-Jun,08-Jun,09-Jun,03-Jun,04-Jun,05-Jun,06-Jun,07-Jun,08-Jun,09-Jun,4,0,3
Pune,Sangli,Solapur,Solapur,Sangola,20027396,Alegaon shirbhavi 82 Village,Devkate Wadi,1261,1,0,0,0,0,0,0,0,0,0,0,0.08,0.03,0,04-Jun,05-Jun,06-Jun,07-Jun,08-Jun,09-Jun,03-Jun,04-Jun,05-Jun,06-Jun,07-Jun,08-Jun,09-Jun,7,5,0
Pune,Sangli,Solapur,Solapur,Sangola,20027396,Alegaon shirbhavi 82 Village,Pachegaon BK,3466,1,1.23,0.19,0,1.57,1.13,0.01,0,35.61,5.41,0.01,45.28,32.63,0.39,04-Jun,05-Jun,06-Jun,07-Jun,08-Jun,09-Jun,03-Jun,04-Jun,05-Jun,06-Jun,07-Jun,08-Jun,09-Jun,7,1,0
Pune,Sangli,Solapur,Solapur,Sangola,20027396,Alegaon shirbhavi 82 Village,Bhopasewadi,2875,1,0,0,0,0,0,0,0,0,0,0,0,0,0,04-Jun,05-Jun,06-Jun,07-Jun,08-Jun,09-Jun,03-Jun,04-Jun,05-Jun,06-Jun,07-Jun,08-Jun,09-Jun,7,7,0
Pune,Pune,Pune 2,Pune 2,Velhe,20027541,Wangani RRWSS,Kolwadi,1226,1,0,0,0,0,0,0,0,0,0,0,0,0,0,04-Jun,05-Jun,06-Jun,07-Jun,08-Jun,09-Jun,03-Jun,04-Jun,05-Jun,06-Jun,07-Jun,08-Jun,09-Jun,7,7,0
Pune,Sangli,Solapur,Solapur,Sangola,20027396,Alegaon shirbhavi 82 Village,Vasud,3297,1,0.29,0.6,0.4,0.36,0.21,0.48,6.01,8.8,18.25,12.18,10.93,6.22,14.5,04-Jun,05-Jun,06-Jun,07-Jun,08-Jun,09-Jun,03-Jun,04-Jun,05-Jun,06-Jun,07-Jun,08-Jun,09-Jun,7,0,0
Pune,Pune,Pune 1,Pune 1,Daund,7942135,"Gar, Sonwadi, Nanviz RR",Gholapnaagar,1591,1,0,0,0,0,0,0,0,0,0,0,0,0,0,04-Jun,05-Jun,06-Jun,07-Jun,08-Jun,09-Jun,03-Jun,04-Jun,05-Jun,06-Jun,07-Jun,08-Jun,09-Jun,7,7,0
Pune,Pune,Pune 1,Baramati,Ambegaon,7942125,MURTI & 7 VILLAGES RRWSS,Waki,3355,2,0,0,0,0,0,0,0,0,0,0,0,0,0,04-Jun,05-Jun,06-Jun,07-Jun,08-Jun,09-Jun,03-Jun,04-Jun,05-Jun,06-Jun,07-Jun,08-Jun,09-Jun,7,7,0
Pune,Sangli,Solapur,Solapur,Sangola,20027396,Alegaon shirbhavi 82 Village,LaxmiNagar,3031,1,0.56,0.01,0.36,2.32,0,1.91,37.51,18.31,0.39,11.83,76.41,0,63.1,04-Jun,05-Jun,06-Jun,07-Jun,08-Jun,09-Jun,03-Jun,04-Jun,05-Jun,06-Jun,07-Jun,08-Jun,09-Jun,5,1,2
Pune,Pune,Pune 2,Pune 2,Velhe,20027541,Wangani RRWSS,Wangani,1150,1,0,0,0,0,0,0,0,0,0,0,0,0,0,04-Jun,05-Jun,06-Jun,07-Jun,08-Jun,09-Jun,03-Jun,04-Jun,05-Jun,06-Jun,07-Jun,08-Jun,09-Jun,7,7,0
Pune,Pune,Pune 2,Pune 2,Velhe,20027541,Wangani RRWSS,Mengajai Wadi,123,1,0,0,0,0,0,0,0,0,0,0,0,0,0,04-Jun,05-Jun,06-Jun,07-Jun,08-Jun,09-Jun,03-Jun,04-Jun,05-Jun,06-Jun,07-Jun,08-Jun,09-Jun,7,7,0
Pune,Sangli,Solapur,Solapur,Sangola,20027396,Alegaon shirbhavi 82 Village,Deole,1568,1,0.43,0,0,0.49,0,0,0,27.35,0,0,31.32,0,0,04-Jun,05-Jun,06-Jun,07-Jun,08-Jun,09-Jun,03-Jun,04-Jun,05-Jun,06-Jun,07-Jun,08-Jun,09-Jun,7,5,0
Pune,Pune,Satara,Pune,Phaltan,20019031,Hol Khamgaon,HOL,2189,5,0,0,0,0,0,0,0,0,0,0,0,0,0,04-Jun,05-Jun,06-Jun,07-Jun,08-Jun,09-Jun,03-Jun,04-Jun,05-Jun,06-Jun,07-Jun,08-Jun,09-Jun,7,7,0
Pune,Pune,Pune,Pune,Mulshi,20022133,Peth RR,Bhawadi,1529,3,0,0,0,0,0,0,0,0,0,0.01,0,0,0,04-Jun,05-Jun,06-Jun,07-Jun,08-Jun,09-Jun,03-Jun,04-Jun,05-Jun,06-Jun,07-Jun,08-Jun,09-Jun,7,6,0
Pune,Sangli,Solapur,Solapur,Sangola,20027396,Alegaon shirbhavi 82 Village,Metakar wadi,1286,2,1.27,1.63,0,2.26,2.79,0,114.65,98.43,127.11,0,175.7,216.86,0.03,04-Jun,05-Jun,06-Jun,07-Jun,08-Jun,09-Jun,03-Jun,04-Jun,05-Jun,06-Jun,07-Jun,08-Jun,09-Jun,2,1,5
Pune,Sangli,Solapur,Solapur,Sangola,20027396,Alegaon shirbhavi 82 Village,Tarangewadi,1703,2,0.77,0.61,1.51,0.5,0.65,0.87,53.38,45.1,35.97,88.47,29.61,38.14,51.05,04-Jun,05-Jun,06-Jun,07-Jun,08-Jun,09-Jun,03-Jun,04-Jun,05-Jun,06-Jun,07-Jun,08-Jun,09-Jun,6,0,1
Pune,Sangli,Solapur,Solapur,Sangola,20027396,Alegaon shirbhavi 82 Village,Somewadi,1624,1,1.22,0.43,0.45,0.61,0.83,1.13,75.46,74.84,26.17,27.49,37.73,51.27,69.59,04-Jun,05-Jun,06-Jun,07-Jun,08-Jun,09-Jun,03-Jun,04-Jun,05-Jun,06-Jun,07-Jun,08-Jun,09-Jun,4,0,3
Pune,Pune,Satara,Phaltan,Phaltan,20027892,RR Girvi WSS,Zirapwadi,1451,1,0,0,0,0,0,0,0,0,0,0,0,0,0,04-Jun,05-Jun,06-Jun,07-Jun,08-Jun,09-Jun,03-Jun,04-Jun,05-Jun,06-Jun,07-Jun,08-Jun,09-Jun,7,7,0
Pune,Pune,Pune 1,Pune 1,Daund,7942135,"Gar, Sonwadi, Nanviz RR",Nanviz,300,2,0,0,0,0,0,0,0,0,0,0,0,0,0,04-Jun,05-Jun,06-Jun,07-Jun,08-Jun,09-Jun,03-Jun,04-Jun,05-Jun,06-Jun,07-Jun,08-Jun,09-Jun,7,7,0
Pune,Sangli,Solapur,Solapur,Sangola,20027396,Alegaon shirbhavi 82 Village,Sange wadi,2604,1,0,0,0,0,0,0,0,0,0,0,0,0,0,04-Jun,05-Jun,06-Jun,07-Jun,08-Jun,09-Jun,03-Jun,04-Jun,05-Jun,06-Jun,07-Jun,08-Jun,09-Jun,7,7,0
Pune,Sangli,Solapur,Solapur,Sangola,20027396,Alegaon shirbhavi 82 Village,Dongargaon,4021,1,0,0.09,0.27,0,0,0,6.86,0,2.24,6.69,0,0,0,04-Jun,05-Jun,06-Jun,07-Jun,08-Jun,09-Jun,03-Jun,04-Jun,05-Jun,06-Jun,07-Jun,08-Jun,09-Jun,7,4,0
Konkan,Palghar,Palghar,Palghar,Dahanu,4918426,BADA POKHARAN RETROFITTING RPWSS,Chinchani,4890,4,4.25,25.9,1.35,3.61,27.28,3.75,522.11,86.88,529.68,27.57,73.73,557.86,76.76,04-Jun,05-Jun,06-Jun,07-Jun,08-Jun,09-Jun,03-Jun,04-Jun,05-Jun,06-Jun,07-Jun,08-Jun,09-Jun,0,1,6
Konkan,Palghar,Palghar,Palghar,Dahanu,4918426,BADA POKHARAN RETROFITTING RPWSS,Chandigaon,1352,1,2.05,1.83,1.14,2.31,2.7,1.86,165.65,151.57,135.38,84.62,170.65,199.73,137.31,04-Jun,05-Jun,06-Jun,07-Jun,08-Jun,09-Jun,03-Jun,04-Jun,05-Jun,06-Jun,07-Jun,08-Jun,09-Jun,0,0,7
Konkan,Palghar,Palghar,Palghar,Mokhada,20028070,"MOKHADA TALUKA 58 VILLAGES R.R.W.S. SCHEME, TAL -MOKHADA",Kineste,465,2,1.28,0.14,0,0.67,0,0,0,274.48,30.7,0,144.77,0.01,0,04-Jun,05-Jun,06-Jun,07-Jun,08-Jun,09-Jun,03-Jun,04-Jun,05-Jun,06-Jun,07-Jun,08-Jun,09-Jun,3,5,2
Konkan,Palghar,Palghar,Palghar,Dahanu,4918426,BADA POKHARAN RETROFITTING RPWSS,Kotim,316,1,1.3,2.01,0.11,2.57,0.05,0.02,831.36,412.68,635.41,34.08,813.95,17.15,4.75,04-Jun,05-Jun,06-Jun,07-Jun,08-Jun,09-Jun,03-Jun,04-Jun,05-Jun,06-Jun,07-Jun,08-Jun,09-Jun,0,3,4
Konkan,Raigadh,Raigadh,Raigadh,Mangaon,20028626,"Warak Kushade Water Supply Scheme tal- Mnagaon, Dist-Raigad",Koshimbale,339,1,0,0,0,0,0,0,0,0,0,0,0.17,0,0,04-Jun,05-Jun,06-Jun,07-Jun,08-Jun,09-Jun,03-Jun,04-Jun,05-Jun,06-Jun,07-Jun,08-Jun,09-Jun,5,7,0
Konkan,Palghar,Palghar,Palghar,Mokhada,20028070,"MOKHADA TALUKA 58 VILLAGES R.R.W.S. SCHEME, TAL -MOKHADA",Khoch,855,1,0,0.76,0.83,0.84,0,0.69,55.91,0,61.68,67.47,68.13,0,56.67,04-Jun,05-Jun,06-Jun,07-Jun,08-Jun,09-Jun,03-Jun,04-Jun,05-Jun,06-Jun,07-Jun,08-Jun,09-Jun,2,2,5
Konkan,Palghar,Palghar,Palghar,Mokhada,20028070,"MOKHADA TALUKA 58 VILLAGES R.R.W.S. SCHEME, TAL -MOKHADA",Chas,1003,1,1.01,0.74,0.32,0.01,0.3,0,30.89,100.88,73.85,31.99,0.58,30.38,0,04-Jun,05-Jun,06-Jun,07-Jun,08-Jun,09-Jun,03-Jun,04-Jun,05-Jun,06-Jun,07-Jun,08-Jun,09-Jun,0,5,2
Konkan,Palghar,Palghar,Palghar,Palghar,20017952,Padghe and 19 villages PWSS,Devkhop,477,1,0,0,0,0,0,0,0,0,0,0,0,0,0,04-Jun,05-Jun,06-Jun,07-Jun,08-Jun,09-Jun,03-Jun,04-Jun,05-Jun,06-Jun,07-Jun,08-Jun,09-Jun,7,7,0
Konkan,Ratnagiri,Ratnagiri,Ratnagiri,Chipalun,20017771,Ovali - Kalkavane - Valoti RR WSS,Valoti,162,3,0,0,0,0,0,0,0,0,0,0,0,0.09,0.01,04-Jun,05-Jun,06-Jun,07-Jun,08-Jun,09-Jun,03-Jun,04-Jun,05-Jun,06-Jun,07-Jun,08-Jun,09-Jun,2,7,0
Konkan,Thane,Thane,Thane,Kalyan,20092478,Retrofiting of Gotheghar Dahisar R.R. Water Supply Scheme,Bale,2236,1,1.96,0,0,0,0,0,80.71,87.75,0,0,0,0,0,04-Jun,05-Jun,06-Jun,07-Jun,08-Jun,09-Jun,03-Jun,04-Jun,05-Jun,06-Jun,07-Jun,08-Jun,09-Jun,5,5,2
Konkan,Palghar,Palghar,Palghar,Mokhada,20028070,"MOKHADA TALUKA 58 VILLAGES R.R.W.S. SCHEME, TAL -MOKHADA",Ghodichapada Sakhari,275,1,0,0,0,0,0,0,0.03,0,0,0.11,0,0,0,04-Jun,05-Jun,06-Jun,07-Jun,08-Jun,09-Jun,03-Jun,04-Jun,05-Jun,06-Jun,07-Jun,08-Jun,09-Jun,4,7,0
Konkan,Palghar,Palghar,Palghar,Dahanu,4918426,BADA POKHARAN RETROFITTING RPWSS,Vangaon,7617,4,5.15,5.38,1.23,5.32,5.91,5.73,69.63,67.67,70.64,16.11,69.82,77.63,75.25,04-Jun,05-Jun,06-Jun,07-Jun,08-Jun,09-Jun,03-Jun,04-Jun,05-Jun,06-Jun,07-Jun,08-Jun,09-Jun,0,1,6
Konkan,Palghar,Palghar,Palghar,Dahanu,4918426,BADA POKHARAN RETROFITTING RPWSS,Tarapur,6238,1,0,0,0,0,0,0,0,0,0,0,0,0,0,04-Jun,05-Jun,06-Jun,07-Jun,08-Jun,09-Jun,03-Jun,04-Jun,05-Jun,06-Jun,07-Jun,08-Jun,09-Jun,7,7,0
Konkan,Palghar,Palghar,Palghar,Dahanu,4918426,BADA POKHARAN RETROFITTING RPWSS,Sawarai,260,2,0,0,0.09,1.07,0.16,1.59,0.12,0.13,0,36.32,411.16,60.28,612.1,04-Jun,05-Jun,06-Jun,07-Jun,08-Jun,09-Jun,03-Jun,04-Jun,05-Jun,06-Jun,07-Jun,08-Jun,09-Jun,1,4,3
Konkan,Palghar,Palghar,Palghar,Dahanu,4918426,BADA POKHARAN RETROFITTING RPWSS,Gowane,2872,1,3.06,2.3,0,3.5,5.32,7.14,124.07,106.45,80.2,0,121.85,185.18,248.52,04-Jun,05-Jun,06-Jun,07-Jun,08-Jun,09-Jun,03-Jun,04-Jun,05-Jun,06-Jun,07-Jun,08-Jun,09-Jun,0,1,6
Konkan,Thane,Thane,Palghar,Dahanu,20047871, Modgaon & Tornipada RWSS,Andherpada,1320,1,0,0,0,0,0,0,0,0,0,0,0,0,0,04-Jun,05-Jun,06-Jun,07-Jun,08-Jun,09-Jun,03-Jun,04-Jun,05-Jun,06-Jun,07-Jun,08-Jun,09-Jun,7,7,0
Konkan,Thane,Thane,Palghar,Dahanu,20047871, Modgaon & Tornipada RWSS,Navapada,812,1,0,0,0,0,0,0,0,0,0,0,0,0,0,04-Jun,05-Jun,06-Jun,07-Jun,08-Jun,09-Jun,03-Jun,04-Jun,05-Jun,06-Jun,07-Jun,08-Jun,09-Jun,7,7,0
Konkan,Thane,Thane,Palghar,Dahanu,20047871, Modgaon & Tornipada RWSS,Janasawarpada,241,1,0.37,0.38,0.33,0.35,0.34,0.31,146.75,152.75,158.07,136.4,143.71,141.33,129.22,04-Jun,05-Jun,06-Jun,07-Jun,08-Jun,09-Jun,03-Jun,04-Jun,05-Jun,06-Jun,07-Jun,08-Jun,09-Jun,0,0,7
Konkan,Thane,Thane,Palghar,Dahanu,20047871, Modgaon & Tornipada RWSS,Savarpada,830,1,0.24,0.18,0.25,0.2,0.21,0.24,24.09,29.25,21.36,30.45,24.32,24.91,28.62,04-Jun,05-Jun,06-Jun,07-Jun,08-Jun,09-Jun,03-Jun,04-Jun,05-Jun,06-Jun,07-Jun,08-Jun,09-Jun,0,7,0
Konkan,Palghar,Palghar,Palghar,Dahanu,4918426,BADA POKHARAN RETROFITTING RPWSS,Kambode,300,2,3.2,0.33,1.97,2.32,0.3,3.56,75.61,1068.01,110.83,655.83,773.18,98.56,1186.55,04-Jun,05-Jun,06-Jun,07-Jun,08-Jun,09-Jun,03-Jun,04-Jun,05-Jun,06-Jun,07-Jun,08-Jun,09-Jun,0,0,7
Konkan,Palghar,Palghar,Palghar,Mokhada,20028070,"MOKHADA TALUKA 58 VILLAGES R.R.W.S. SCHEME, TAL -MOKHADA",Pawarpada Poshera,679,1,0.01,0,0.01,0.01,0,0,1.44,2.16,0.65,0.78,0.91,0,0,04-Jun,05-Jun,06-Jun,07-Jun,08-Jun,09-Jun,03-Jun,04-Jun,05-Jun,06-Jun,07-Jun,08-Jun,09-Jun,2,7,0
Konkan,Raigadh,Raigadh,Raigadh,Mangaon,20028626,"Warak Kushade Water Supply Scheme tal- Mnagaon, Dist-Raigad",Vighavli,816,1,0,0,0,0,0,0,0,0,0,0,0,0,0,04-Jun,05-Jun,06-Jun,07-Jun,08-Jun,09-Jun,03-Jun,04-Jun,05-Jun,06-Jun,07-Jun,08-Jun,09-Jun,7,7,0
Konkan,Raigadh,Raigadh,Raigadh,Mangaon,20028626,"Warak Kushade Water Supply Scheme tal- Mnagaon, Dist-Raigad",Kushede,555,1,0.05,0,0,0,0,0,0,9.36,0,0,0.13,0.06,0,04-Jun,05-Jun,06-Jun,07-Jun,08-Jun,09-Jun,03-Jun,04-Jun,05-Jun,06-Jun,07-Jun,08-Jun,09-Jun,4,7,0
Konkan,Palghar,Palghar,Palghar,Dahanu,4918426,BADA POKHARAN RETROFITTING RPWSS,Matgaon,1282,2,2.89,0.91,0.82,4.14,2.19,1.56,203.93,225.72,70.81,63.94,323.32,170.62,121.79,04-Jun,05-Jun,06-Jun,07-Jun,08-Jun,09-Jun,03-Jun,04-Jun,05-Jun,06-Jun,07-Jun,08-Jun,09-Jun,0,0,7
Konkan,Palghar,Palghar,Palghar,Mokhada,20028070,"MOKHADA TALUKA 58 VILLAGES R.R.W.S. SCHEME, TAL -MOKHADA",Palsunde,1338,1,0,0,0,0,0,0,0,0,0,0,0,0,0,04-Jun,05-Jun,06-Jun,07-Jun,08-Jun,09-Jun,03-Jun,04-Jun,05-Jun,06-Jun,07-Jun,08-Jun,09-Jun,7,7,0
Konkan,Palghar,Palghar,Palghar,Mokhada,20028070,"MOKHADA TALUKA 58 VILLAGES R.R.W.S. SCHEME, TAL -MOKHADA",Jogalwadi,799,1,0,0,0,0,0,1.97,0,0,0,0,0,0,246.32,04-Jun,05-Jun,06-Jun,07-Jun,08-Jun,09-Jun,03-Jun,04-Jun,05-Jun,06-Jun,07-Jun,08-Jun,09-Jun,6,6,1
Konkan,Palghar,Palghar,Palghar,Dahanu,4918426,BADA POKHARAN RETROFITTING RPWSS,Bavade,545,1,0.52,0.25,0,1.32,2.63,0.11,89.13,94.87,46.67,0,242.16,482.21,19.58,04-Jun,05-Jun,06-Jun,07-Jun,08-Jun,09-Jun,03-Jun,04-Jun,05-Jun,06-Jun,07-Jun,08-Jun,09-Jun,0,3,4
Konkan,Palghar,Palghar,Palghar,Mokhada,20028070,"MOKHADA TALUKA 58 VILLAGES R.R.W.S. SCHEME, TAL -MOKHADA",Gonde BK,1226,1,0,0.76,0.83,0.84,0,0.69,55.91,0,61.68,67.47,68.13,0,56.67,04-Jun,05-Jun,06-Jun,07-Jun,08-Jun,09-Jun,03-Jun,04-Jun,05-Jun,06-Jun,07-Jun,08-Jun,09-Jun,2,2,5
Konkan,Palghar,Palghar,Palghar,Mokhada,20028070,"MOKHADA TALUKA 58 VILLAGES R.R.W.S. SCHEME, TAL -MOKHADA",Poshera,3308,1,1.04,0,0,1.4,0.29,0,5.69,31.48,0,0.02,42.45,8.67,0.05,04-Jun,05-Jun,06-Jun,07-Jun,08-Jun,09-Jun,03-Jun,04-Jun,05-Jun,06-Jun,07-Jun,08-Jun,09-Jun,0,7,0
Konkan,Panvel,Raigadh,Mangaon,Khalapur,20028168,Devnhave water supply scheme,Devnhave,2160,3,3.83,3.31,3.71,3.11,2.98,3.43,138.51,177.37,153.43,171.74,144.1,137.91,158.96,04-Jun,05-Jun,06-Jun,07-Jun,08-Jun,09-Jun,03-Jun,04-Jun,05-Jun,06-Jun,07-Jun,08-Jun,09-Jun,0,0,7
Konkan,Raigadh,Raigadh,Raigadh,Karjat,20028195,"Kadav water supply scheme, Tal. Karjat Dist. Raigad",Kadav,2490,1,0.42,0.19,0.01,0.47,0.35,0.41,7.43,16.73,7.53,0.36,18.95,14.17,16.53,04-Jun,05-Jun,06-Jun,07-Jun,08-Jun,09-Jun,03-Jun,04-Jun,05-Jun,06-Jun,07-Jun,08-Jun,09-Jun,0,7,0
Konkan,Palghar,Palghar,Palghar,Mokhada,20028070,"MOKHADA TALUKA 58 VILLAGES R.R.W.S. SCHEME, TAL -MOKHADA",Udhale,725,1,0.9,0,0.49,0,0.43,0.02,0,123.64,0,68.27,0,59.67,3.1,04-Jun,05-Jun,06-Jun,07-Jun,08-Jun,09-Jun,03-Jun,04-Jun,05-Jun,06-Jun,07-Jun,08-Jun,09-Jun,3,4,3
Konkan,Palghar,Palghar,Palghar,Dahanu,4918426,BADA POKHARAN RETROFITTING RPWSS,Asangaon Dandipada,688,2,0.35,4.28,1.06,1.87,4.74,1.32,234.13,50.22,622.03,154.46,271.52,688.65,191.3,04-Jun,05-Jun,06-Jun,07-Jun,08-Jun,09-Jun,03-Jun,04-Jun,05-Jun,06-Jun,07-Jun,08-Jun,09-Jun,0,1,6
Konkan,Palghar,Palghar,Palghar,Mokhada,20028070,"MOKHADA TALUKA 58 VILLAGES R.R.W.S. SCHEME, TAL -MOKHADA",Madkyachimet Pimpalgaon,268,1,0,0,0,0,0,0,44.23,0.05,0,0,0.14,0.06,0,04-Jun,05-Jun,06-Jun,07-Jun,08-Jun,09-Jun,03-Jun,04-Jun,05-Jun,06-Jun,07-Jun,08-Jun,09-Jun,2,7,0
Konkan,Palghar,Palghar,Palghar,Mokhada,20028070,"MOKHADA TALUKA 58 VILLAGES R.R.W.S. SCHEME, TAL -MOKHADA",Gonde KH,1189,1,0,0,0,0,0,0,0,0,0,0,0,0,0,04-Jun,05-Jun,06-Jun,07-Jun,08-Jun,09-Jun,03-Jun,04-Jun,05-Jun,06-Jun,07-Jun,08-Jun,09-Jun,7,7,0
Konkan,Palghar,Palghar,Palghar,Mokhada,20028070,"MOKHADA TALUKA 58 VILLAGES R.R.W.S. SCHEME, TAL -MOKHADA",Aase,1765,1,0,0,0,0,0,0,0,0,0,0,0,0,0,04-Jun,05-Jun,06-Jun,07-Jun,08-Jun,09-Jun,03-Jun,04-Jun,05-Jun,06-Jun,07-Jun,08-Jun,09-Jun,7,7,0
Konkan,Palghar,Palghar,Palghar,Mokhada,20028070,"MOKHADA TALUKA 58 VILLAGES R.R.W.S. SCHEME, TAL -MOKHADA",Dandwal,446,1,0,0,0,0,0,0,0,0,0,0,0,0,0,04-Jun,05-Jun,06-Jun,07-Jun,08-Jun,09-Jun,03-Jun,04-Jun,05-Jun,06-Jun,07-Jun,08-Jun,09-Jun,7,7,0
Konkan,Palghar,Palghar,Palghar,Mokhada,20028070,"MOKHADA TALUKA 58 VILLAGES R.R.W.S. SCHEME, TAL -MOKHADA",Dhamani,987,1,0,0,0,0,0,0,0,0,0,0,0,0,0,04-Jun,05-Jun,06-Jun,07-Jun,08-Jun,09-Jun,03-Jun,04-Jun,05-Jun,06-Jun,07-Jun,08-Jun,09-Jun,7,7,0
Konkan,Palghar,Palghar,Palghar,Mokhada,20028070,"MOKHADA TALUKA 58 VILLAGES R.R.W.S. SCHEME, TAL -MOKHADA",Osarvira,303,2,0,0,0,0,0,0,0,0,0,0,0,0,0,04-Jun,05-Jun,06-Jun,07-Jun,08-Jun,09-Jun,03-Jun,04-Jun,05-Jun,06-Jun,07-Jun,08-Jun,09-Jun,7,7,0
Konkan,Palghar,Palghar,Palghar,Mokhada,20028070,"MOKHADA TALUKA 58 VILLAGES R.R.W.S. SCHEME, TAL -MOKHADA",Gaymukhpada Gonde BK,864,1,0,0,0,0,0,0,0,0,0,0,0,0,0,04-Jun,05-Jun,06-Jun,07-Jun,08-Jun,09-Jun,03-Jun,04-Jun,05-Jun,06-Jun,07-Jun,08-Jun,09-Jun,7,7,0
Konkan,Palghar,Palghar,Palghar,Mokhada,20028070,"MOKHADA TALUKA 58 VILLAGES R.R.W.S. SCHEME, TAL -MOKHADA",Sayade,224,2,0,0,0,0,0,0,0,0,0,0,0,0,0,04-Jun,05-Jun,06-Jun,07-Jun,08-Jun,09-Jun,03-Jun,04-Jun,05-Jun,06-Jun,07-Jun,08-Jun,09-Jun,7,7,0
Konkan,Palghar,Palghar,Palghar,Mokhada,20028070,"MOKHADA TALUKA 58 VILLAGES R.R.W.S. SCHEME, TAL -MOKHADA",Dolhare,612,2,0,0,0,0,0,0,0,0,0,0,0,0,0,04-Jun,05-Jun,06-Jun,07-Jun,08-Jun,09-Jun,03-Jun,04-Jun,05-Jun,06-Jun,07-Jun,08-Jun,09-Jun,7,7,0
Konkan,Palghar,Palghar,Palghar,Mokhada,20028070,"MOKHADA TALUKA 58 VILLAGES R.R.W.S. SCHEME, TAL -MOKHADA",Kengwadi Kodala,338,1,0,0,0,0,0,0,0,0,0,0,0,0,0,04-Jun,05-Jun,06-Jun,07-Jun,08-Jun,09-Jun,03-Jun,04-Jun,05-Jun,06-Jun,07-Jun,08-Jun,09-Jun,7,7,0
Konkan,Palghar,Palghar,Palghar,Mokhada,20028070,"MOKHADA TALUKA 58 VILLAGES R.R.W.S. SCHEME, TAL -MOKHADA",Dhudgaon,1819,1,0,0,0,0,0,0,0,0,0,0,0,0,0,04-Jun,05-Jun,06-Jun,07-Jun,08-Jun,09-Jun,03-Jun,04-Jun,05-Jun,06-Jun,07-Jun,08-Jun,09-Jun,7,7,0
Konkan,Palghar,Palghar,Palghar,Mokhada,20028070,"MOKHADA TALUKA 58 VILLAGES R.R.W.S. SCHEME, TAL -MOKHADA",Kalamgoan,245,1,0,0,0,0,0,0,0,0,0,0,0,0,0,04-Jun,05-Jun,06-Jun,07-Jun,08-Jun,09-Jun,03-Jun,04-Jun,05-Jun,06-Jun,07-Jun,08-Jun,09-Jun,7,7,0
Konkan,Palghar,Palghar,Palghar,Mokhada,20028070,"MOKHADA TALUKA 58 VILLAGES R.R.W.S. SCHEME, TAL -MOKHADA",Mohpada Adoshi,881,1,0,0,0,0,0,0,0,0,0,0,0,0,0,04-Jun,05-Jun,06-Jun,07-Jun,08-Jun,09-Jun,03-Jun,04-Jun,05-Jun,06-Jun,07-Jun,08-Jun,09-Jun,7,7,0
Konkan,Palghar,Palghar,Palghar,Mokhada,20028070,"MOKHADA TALUKA 58 VILLAGES R.R.W.S. SCHEME, TAL -MOKHADA",Shivali,1267,1,0,0,0,0,0,0,0,0,0,0,0,0,0,04-Jun,05-Jun,06-Jun,07-Jun,08-Jun,09-Jun,03-Jun,04-Jun,05-Jun,06-Jun,07-Jun,08-Jun,09-Jun,7,7,0
Konkan,Palghar,Palghar,Palghar,Mokhada,20028070,"MOKHADA TALUKA 58 VILLAGES R.R.W.S. SCHEME, TAL -MOKHADA",Sonarwadi Koshimshet,209,1,0,0,0,0,0,0,0,0,0,0,0,0,0,04-Jun,05-Jun,06-Jun,07-Jun,08-Jun,09-Jun,03-Jun,04-Jun,05-Jun,06-Jun,07-Jun,08-Jun,09-Jun,7,7,0
Konkan,Palghar,Palghar,Palghar,Mokhada,20028070,"MOKHADA TALUKA 58 VILLAGES R.R.W.S. SCHEME, TAL -MOKHADA",Shirson,904,1,0,0,0,0,0,0,0,0,0,0,0,0,0,04-Jun,05-Jun,06-Jun,07-Jun,08-Jun,09-Jun,03-Jun,04-Jun,05-Jun,06-Jun,07-Jun,08-Jun,09-Jun,7,7,0
Konkan,Palghar,Palghar,Palghar,Dahanu,4918426,BADA POKHARAN RETROFITTING RPWSS,Pokharan,621,1,1.13,0,0,1.27,0,1.09,0.03,182.25,0,0.75,204.46,0.01,176.17,04-Jun,05-Jun,06-Jun,07-Jun,08-Jun,09-Jun,03-Jun,04-Jun,05-Jun,06-Jun,07-Jun,08-Jun,09-Jun,1,4,3
Konkan,Palghar,Palghar,Palghar,Mokhada,20028070,"MOKHADA TALUKA 58 VILLAGES R.R.W.S. SCHEME, TAL -MOKHADA",Hattipada Chas,257,1,0,0,0,0,0,0,0,0,0,0.1,0.03,0,0,04-Jun,05-Jun,06-Jun,07-Jun,08-Jun,09-Jun,03-Jun,04-Jun,05-Jun,06-Jun,07-Jun,08-Jun,09-Jun,5,7,0
Konkan,Palghar,Palghar,Palghar,Dahanu,4918426,BADA POKHARAN RETROFITTING RPWSS,Wadhwan,1278,1,0,0,0,0,0,0,0.02,0.01,0,0,0,0.01,0,04-Jun,05-Jun,06-Jun,07-Jun,08-Jun,09-Jun,03-Jun,04-Jun,05-Jun,06-Jun,07-Jun,08-Jun,09-Jun,0,7,0
Konkan,Palghar,Palghar,Palghar,Dahanu,4918426,BADA POKHARAN RETROFITTING RPWSS,Tadiyale,1490,1,0,0,0,0,0,0,0,0,0,0,0,0,0,04-Jun,05-Jun,06-Jun,07-Jun,08-Jun,09-Jun,03-Jun,04-Jun,05-Jun,06-Jun,07-Jun,08-Jun,09-Jun,2,7,0
Konkan,Palghar,Palghar,Palghar,Dahanu,4918426,BADA POKHARAN RETROFITTING RPWSS,Tighare ada,1012,1,0,0,0,0,0,0,0,0,0,0,0,0,0,04-Jun,05-Jun,06-Jun,07-Jun,08-Jun,09-Jun,03-Jun,04-Jun,05-Jun,06-Jun,07-Jun,08-Jun,09-Jun,7,7,0
Konkan,Palghar,Palghar,Palghar,Dahanu,4918426,BADA POKHARAN RETROFITTING RPWSS,Varor,4090,2,0.13,0.02,0,0,0,0,2.24,3.22,0.44,0,0,0,0,04-Jun,05-Jun,06-Jun,07-Jun,08-Jun,09-Jun,03-Jun,04-Jun,05-Jun,06-Jun,07-Jun,08-Jun,09-Jun,2,7,0
Konkan,Palghar,Palghar,Palghar,Dahanu,4918426,BADA POKHARAN RETROFITTING RPWSS,Tanashi,1208,1,0,0,0,0,0,0,0,0,0,0,0,0,0,04-Jun,05-Jun,06-Jun,07-Jun,08-Jun,09-Jun,03-Jun,04-Jun,05-Jun,06-Jun,07-Jun,08-Jun,09-Jun,7,7,0
Konkan,Palghar,Palghar,Palghar,Dahanu,4918426,BADA POKHARAN RETROFITTING RPWSS,Vasgaon,1396,1,0.68,1.02,0.58,1.45,1.08,1.01,0.06,48.93,72.72,41.76,104.02,77.63,72.02,04-Jun,05-Jun,06-Jun,07-Jun,08-Jun,09-Jun,03-Jun,04-Jun,05-Jun,06-Jun,07-Jun,08-Jun,09-Jun,0,3,4
Konkan,Palghar,Palghar,Palghar,Dahanu,4918426,BADA POKHARAN RETROFITTING RPWSS,Wadhavan,1278,1,0,0,0,0,0,0,0,0,0,0,0,0,0,04-Jun,05-Jun,06-Jun,07-Jun,08-Jun,09-Jun,03-Jun,04-Jun,05-Jun,06-Jun,07-Jun,08-Jun,09-Jun,4,7,0
Konkan,Palghar,Palghar,Palghar,Dahanu,4918426,BADA POKHARAN RETROFITTING RPWSS,Asangaon,2246,1,1.96,3.16,2.81,7.58,2.9,1.87,140.41,87.48,140.66,125.04,337.38,129.29,83.21,04-Jun,05-Jun,06-Jun,07-Jun,08-Jun,09-Jun,03-Jun,04-Jun,05-Jun,06-Jun,07-Jun,08-Jun,09-Jun,0,0,7
Konkan,Palghar,Palghar,Palghar,Mokhada,20028070,"MOKHADA TALUKA 58 VILLAGES R.R.W.S. SCHEME, TAL -MOKHADA",Pardhyachimet Poshera,435,1,0.24,0.26,0,0,0,0,63.19,55.75,58.75,0,0,0,0,04-Jun,05-Jun,06-Jun,07-Jun,08-Jun,09-Jun,03-Jun,04-Jun,05-Jun,06-Jun,07-Jun,08-Jun,09-Jun,4,4,3
Konkan,Palghar,Palghar,Palghar,Dahanu,4918426,BADA POKHARAN RETROFITTING RPWSS,Gungavade,1328,1,1.85,3.13,1.28,1.66,1.65,3.14,192.88,139.04,235.76,96.11,125.37,124.56,236.13,04-Jun,05-Jun,06-Jun,07-Jun,08-Jun,09-Jun,03-Jun,04-Jun,05-Jun,06-Jun,07-Jun,08-Jun,09-Jun,0,0,7
Konkan,Palghar,Palghar,Palghar,Dahanu,4918426,BADA POKHARAN RETROFITTING RPWSS,Dedale,149,1,1.59,2.89,1.19,4.27,2.82,2.63,3190.75,1068.61,1940.7,797.87,2866.25,1891.99,1766.43,04-Jun,05-Jun,06-Jun,07-Jun,08-Jun,09-Jun,03-Jun,04-Jun,05-Jun,06-Jun,07-Jun,08-Jun,09-Jun,0,0,7
Konkan,Ratnagiri,Ratnagiri,Ratnagiri,Chipalun,20017771,Ovali - Kalkavane - Valoti RR WSS,Ovali,1211,1,0,0,0,0,0,0,0,0,0,0,0,0,0,04-Jun,05-Jun,06-Jun,07-Jun,08-Jun,09-Jun,03-Jun,04-Jun,05-Jun,06-Jun,07-Jun,08-Jun,09-Jun,7,7,0
Konkan,Ratnagiri,Ratnagiri,Ratnagiri,Chipalun,20017771,Ovali - Kalkavane - Valoti RR WSS,Kalkavane,900,4,0,0,0,0,0,0,0,0,0,0,0,0,0,04-Jun,05-Jun,06-Jun,07-Jun,08-Jun,09-Jun,03-Jun,04-Jun,05-Jun,06-Jun,07-Jun,08-Jun,09-Jun,7,7,0
Konkan,Ratnagiri,Ratnagiri,Ratnagiri,Chipalun,20017771,Ovali - Kalkavane - Valoti RR WSS,Dadar,330,1,0,0,0,0,0,0,0,0,0,0,0,0,0,04-Jun,05-Jun,06-Jun,07-Jun,08-Jun,09-Jun,03-Jun,04-Jun,05-Jun,06-Jun,07-Jun,08-Jun,09-Jun,7,7,0
Konkan,Panvel,Raigadh,Mangaon,Pen,20020563,Shahapada 38 Villages,Kane,1503,1,0.01,0,0,0,0,0,0,0.33,0.02,0,0.32,0.03,0,04-Jun,05-Jun,06-Jun,07-Jun,08-Jun,09-Jun,03-Jun,04-Jun,05-Jun,06-Jun,07-Jun,08-Jun,09-Jun,3,7,0
Konkan,Palghar,Palghar,Palghar,Dahanu,4918426,BADA POKHARAN RETROFITTING RPWSS,Kapshi,1439,1,1.34,1.82,1.31,1.83,1.53,1.94,172.47,93.4,126.65,91.3,127.39,106.67,134.75,04-Jun,05-Jun,06-Jun,07-Jun,08-Jun,09-Jun,03-Jun,04-Jun,05-Jun,06-Jun,07-Jun,08-Jun,09-Jun,0,0,7
Konkan,Palghar,Palghar,Palghar,Dahanu,4918426,BADA POKHARAN RETROFITTING RPWSS,Kolavali- 1,1864,1,3.23,4.29,2.31,4.37,4.87,3.6,232.14,173.49,230.27,123.91,234.48,261.11,193.18,04-Jun,05-Jun,06-Jun,07-Jun,08-Jun,09-Jun,03-Jun,04-Jun,05-Jun,06-Jun,07-Jun,08-Jun,09-Jun,0,0,7
Konkan,Palghar,Palghar,Palghar,Mokhada,20028070,"MOKHADA TALUKA 58 VILLAGES R.R.W.S. SCHEME, TAL -MOKHADA",Nilmati,855,1,0.43,0.25,0,0.39,0,0.21,42.1,50.55,29.11,0,45.1,0,24.33,04-Jun,05-Jun,06-Jun,07-Jun,08-Jun,09-Jun,03-Jun,04-Jun,05-Jun,06-Jun,07-Jun,08-Jun,09-Jun,1,7,0
Konkan,Palghar,Palghar,Palghar,Mokhada,20028070,"MOKHADA TALUKA 58 VILLAGES R.R.W.S. SCHEME, TAL -MOKHADA",Pimplegoan,465,1,1.04,0,0,1.4,0.29,0,5.69,31.48,0,0.02,42.45,8.67,0.05,04-Jun,05-Jun,06-Jun,07-Jun,08-Jun,09-Jun,03-Jun,04-Jun,05-Jun,06-Jun,07-Jun,08-Jun,09-Jun,0,7,0
Konkan,Palghar,Palghar,Palghar,Mokhada,20028070,"MOKHADA TALUKA 58 VILLAGES R.R.W.S. SCHEME, TAL -MOKHADA",Ambyachapada Saturly,205,1,0,0.01,0,0,0,0,0,0,2.54,0,0,0,0,04-Jun,05-Jun,06-Jun,07-Jun,08-Jun,09-Jun,03-Jun,04-Jun,05-Jun,06-Jun,07-Jun,08-Jun,09-Jun,6,7,0
Konkan,Panvel,Raigadh,Mangaon,Pen,20020563,Shahapada 38 Villages,Washinaka,2224,1,0,0.05,0,0,0,0,0,0,2.44,0.08,0.01,0.01,0.07,04-Jun,05-Jun,06-Jun,07-Jun,08-Jun,09-Jun,03-Jun,04-Jun,05-Jun,06-Jun,07-Jun,08-Jun,09-Jun,2,7,0
Konkan,Panvel,Raigadh,Mangaon,Pen,20020563,Shahapada 38 Villages,Wadhav,6000,1,0,0,0,0,0,0,0,0.01,0,0,0,0,0,04-Jun,05-Jun,06-Jun,07-Jun,08-Jun,09-Jun,03-Jun,04-Jun,05-Jun,06-Jun,07-Jun,08-Jun,09-Jun,3,7,0
Konkan,Panvel,Raigadh,Mangaon,Pen,20020563,Shahapada 38 Villages,Kashmire,2431,1,0,0.03,1,0,0,0.8,33.15,0,1.35,41.08,0,0,32.92,04-Jun,05-Jun,06-Jun,07-Jun,08-Jun,09-Jun,03-Jun,04-Jun,05-Jun,06-Jun,07-Jun,08-Jun,09-Jun,1,7,0
Konkan,Palghar,Palghar,Palghar,Mokhada,20028070,"MOKHADA TALUKA 58 VILLAGES R.R.W.S. SCHEME, TAL -MOKHADA",Rajewadi Jogalwadi,465,1,0,0,0,0,0,0.31,0,0,0,0,0,0,66.88,04-Jun,05-Jun,06-Jun,07-Jun,08-Jun,09-Jun,03-Jun,04-Jun,05-Jun,06-Jun,07-Jun,08-Jun,09-Jun,6,6,1
Konkan,Palghar,Palghar,Palghar,Dahanu,4918426,BADA POKHARAN RETROFITTING RPWSS,Bada Pokharan,1971,1,0,2.53,0,0,2.54,0,145.34,0.02,128.53,0.13,0,128.75,0.01,04-Jun,05-Jun,06-Jun,07-Jun,08-Jun,09-Jun,03-Jun,04-Jun,05-Jun,06-Jun,07-Jun,08-Jun,09-Jun,0,4,3
Konkan,Palghar,Palghar,Palghar,Palghar,20017952,Padghe and 19 villages PWSS,Tokrepada,264,1,0,0,0,0,0,0,0,0,0,0,0,0,0,04-Jun,05-Jun,06-Jun,07-Jun,08-Jun,09-Jun,03-Jun,04-Jun,05-Jun,06-Jun,07-Jun,08-Jun,09-Jun,7,7,0
Konkan,Raigadh,Raigadh,Raigadh,Mangaon,20028626,"Warak Kushade Water Supply Scheme tal- Mnagaon, Dist-Raigad",Warak,805,1,0,0,0,0.01,0,0,0,0,0,0,1.74,0,0,04-Jun,05-Jun,06-Jun,07-Jun,08-Jun,09-Jun,03-Jun,04-Jun,05-Jun,06-Jun,07-Jun,08-Jun,09-Jun,6,7,0
Konkan,Palghar,Palghar,Palghar,Mokhada,20028070,"MOKHADA TALUKA 58 VILLAGES R.R.W.S. SCHEME, TAL -MOKHADA",Wakadpada,632,1,0.58,0.26,0.4,0.39,0.69,1.2,0,91.57,41.74,62.84,61.55,108.75,189.85,04-Jun,05-Jun,06-Jun,07-Jun,08-Jun,09-Jun,03-Jun,04-Jun,05-Jun,06-Jun,07-Jun,08-Jun,09-Jun,1,2,5
Konkan,Panvel,Raigadh,Mangaon,Pen,20020563,Shahapada 38 Villages,Shirki,2237,1,0,0,0,0,0,0,0,0,0,0,0,0,0,04-Jun,05-Jun,06-Jun,07-Jun,08-Jun,09-Jun,03-Jun,04-Jun,05-Jun,06-Jun,07-Jun,08-Jun,09-Jun,7,7,0
Konkan,Palghar,Palghar,Palghar,Dahanu,4918426,BADA POKHARAN RETROFITTING RPWSS,Ketkhadi,472,1,1.65,2.27,1.01,2.17,0.84,1.68,405.53,349.53,481.76,214.47,460.54,176.91,356.74,04-Jun,05-Jun,06-Jun,07-Jun,08-Jun,09-Jun,03-Jun,04-Jun,05-Jun,06-Jun,07-Jun,08-Jun,09-Jun,0,0,7
Konkan,Palghar,Palghar,Palghar,Dahanu,4918426,BADA POKHARAN RETROFITTING RPWSS,Dhakti Dahanu,5483,2,4.58,4.01,1.29,0.88,0.5,4.43,53.36,83.56,73.11,23.6,16.02,9.1,80.72,04-Jun,05-Jun,06-Jun,07-Jun,08-Jun,09-Jun,03-Jun,04-Jun,05-Jun,06-Jun,07-Jun,08-Jun,09-Jun,0,4,3
Konkan,Palghar,Palghar,Palghar,Palghar,20017952,Padghe and 19 villages PWSS,Padghe,454,2,0,0,0,0,0,0,0,0,0,0,0,0,0,04-Jun,05-Jun,06-Jun,07-Jun,08-Jun,09-Jun,03-Jun,04-Jun,05-Jun,06-Jun,07-Jun,08-Jun,09-Jun,7,7,0
Konkan,Palghar,Palghar,Palghar,Mokhada,20028070,"MOKHADA TALUKA 58 VILLAGES R.R.W.S. SCHEME, TAL -MOKHADA",Pangripada Chas,669,1,0,0,0,0,0,0,0,0,0,0,0,0,0,04-Jun,05-Jun,06-Jun,07-Jun,08-Jun,09-Jun,03-Jun,04-Jun,05-Jun,06-Jun,07-Jun,08-Jun,09-Jun,7,7,0
Konkan,Palghar,Palghar,Palghar,Mokhada,20028070,"MOKHADA TALUKA 58 VILLAGES R.R.W.S. SCHEME, TAL -MOKHADA",Sakhari,818,1,0,0,0,0,0,0,0,0,0,0,0,0,0,04-Jun,05-Jun,06-Jun,07-Jun,08-Jun,09-Jun,03-Jun,04-Jun,05-Jun,06-Jun,07-Jun,08-Jun,09-Jun,7,7,0
Konkan,Palghar,Palghar,Palghar,Mokhada,20028070,"MOKHADA TALUKA 58 VILLAGES R.R.W.S. SCHEME, TAL -MOKHADA",Wadachapada Saturly,632,1,0.04,0.04,0.04,0.06,0,0,0.04,6.06,6.86,6.14,9.01,0.13,0,04-Jun,05-Jun,06-Jun,07-Jun,08-Jun,09-Jun,03-Jun,04-Jun,05-Jun,06-Jun,07-Jun,08-Jun,09-Jun,1,7,0
Konkan,Palghar,Palghar,Palghar,Mokhada,20028070,"MOKHADA TALUKA 58 VILLAGES R.R.W.S. SCHEME, TAL -MOKHADA",Brahmagaon,1078,1,0,0.78,0.59,0,0.27,0.51,0.04,0,72.36,54.72,0,25.1,47.12,04-Jun,05-Jun,06-Jun,07-Jun,08-Jun,09-Jun,03-Jun,04-Jun,05-Jun,06-Jun,07-Jun,08-Jun,09-Jun,1,6,1
Konkan,Palghar,Palghar,Palghar,Dahanu,4918426,BADA POKHARAN RETROFITTING RPWSS,Dhumket,2198,1,1.56,2.67,1.13,1.64,1.68,1.62,83.04,70.98,121.39,51.51,74.73,76.55,73.48,04-Jun,05-Jun,06-Jun,07-Jun,08-Jun,09-Jun,03-Jun,04-Jun,05-Jun,06-Jun,07-Jun,08-Jun,09-Jun,0,1,6
Konkan,Palghar,Palghar,Palghar,Mokhada,20028070,"MOKHADA TALUKA 58 VILLAGES R.R.W.S. SCHEME, TAL -MOKHADA",Wasala,1561,1,0,0,0,0,0,0,0,0,0,0,0,0,0,04-Jun,05-Jun,06-Jun,07-Jun,08-Jun,09-Jun,03-Jun,04-Jun,05-Jun,06-Jun,07-Jun,08-Jun,09-Jun,7,7,0
Konkan,Palghar,Palghar,Palghar,Mokhada,20028070,"MOKHADA TALUKA 58 VILLAGES R.R.W.S. SCHEME, TAL -MOKHADA",Botoshi,140,3,0.15,0.53,0.55,0,4.21,0.74,2.91,32.54,113.82,117.26,0,906.08,159.6,04-Jun,05-Jun,06-Jun,07-Jun,08-Jun,09-Jun,03-Jun,04-Jun,05-Jun,06-Jun,07-Jun,08-Jun,09-Jun,1,3,4
Konkan,Palghar,Palghar,Palghar,Mokhada,20028070,"MOKHADA TALUKA 58 VILLAGES R.R.W.S. SCHEME, TAL -MOKHADA",Morhande,1821,1,0,0,0,0,0,0,0,0,0,0,0,0,0,04-Jun,05-Jun,06-Jun,07-Jun,08-Jun,09-Jun,03-Jun,04-Jun,05-Jun,06-Jun,07-Jun,08-Jun,09-Jun,7,7,0
Konkan,Palghar,Palghar,Palghar,Mokhada,20028070,"MOKHADA TALUKA 58 VILLAGES R.R.W.S. SCHEME, TAL -MOKHADA",Umbarpada Beriste,799,1,0,0.48,0,0.03,0.01,0.01,0.97,0,59.86,0.16,4,1.84,1.41,04-Jun,05-Jun,06-Jun,07-Jun,08-Jun,09-Jun,03-Jun,04-Jun,05-Jun,06-Jun,07-Jun,08-Jun,09-Jun,1,6,1
