"region","circle","division","sub_division","block","scheme_id","scheme_name","village_name","population","number_of_esr","water_value_day1","water_value_day2","water_value_day3","water_value_day4","water_value_day5","water_value_day6","lpcd_value_day1","lpcd_value_day2","lpcd_value_day3","lpcd_value_day4","lpcd_value_day5","lpcd_value_day6","lpcd_value_day7","water_date_day1","water_date_day2","water_date_day3","water_date_day4","water_date_day5","water_date_day6","lpcd_date_day1","lpcd_date_day2","lpcd_date_day3","lpcd_date_day4","lpcd_date_day5","lpcd_date_day6","lpcd_date_day7","consistent_zero_lpcd_for_a_week","below_55_lpcd_count","above_55_lpcd_count"
"﻿Amravati","Amravati","Amravati W.M","W.M.Amravati - 2","Chandur Bazar","20003791","105 Villages RRWSS","Krishnapur",1029,1,"1.470000","1.990000","1.850000","1.740000","1.090000","1.690000","190.150000","142.800000","193.390000","179.790000","169.100000","105.930000","164.150000","12-Apr","13-Apr","14-Apr","15-Apr","16-Apr","17-Apr","11-Apr","12-Apr","13-Apr","14-Apr","15-Apr","16-Apr","17-Apr",0,0,7
"Amravati","Amravati","Amravati W.M","W.M.Amravati - 2","Chandur Bazar","20003791","105 Villages RRWSS","Lasanapur",100,1,"1.490000","1.610000","1.680000","1.660000","0.920000","1.760000","0.000000","0.000000","0.000000","0.000000","0.000000","0.000000","0.000000","12-Apr","13-Apr","14-Apr","15-Apr","16-Apr","17-Apr","11-Apr","12-Apr","13-Apr","14-Apr","15-Apr","16-Apr","17-Apr",7,7,0
"Amravati","Amravati","Amravati","Achalpur","Chandur Bazar","7945938","83 Village RRWS Scheme MJP RR (C 39)","Khel Sakharam (Kurha)",119,1,"0.110000","0.030000","0.020000","9.880000","14.750000","14.040000","7714.310000","90.180000","25.210000","16.810000","8302.520000","12390.760000","11795.690000","12-Apr","13-Apr","14-Apr","15-Apr","16-Apr","17-Apr","11-Apr","12-Apr","13-Apr","14-Apr","15-Apr","16-Apr","17-Apr",0,2,5
"Amravati","Amravati","Amravati","Achalpur","Chandur Bazar","7945938","83 Village RRWS Scheme MJP RR (C 39)","Khel Choudhar",1350,1,"0.000000","0.000000","0.000000","0.000000","0.000000","0.000000","0.000000","0.000000","0.000000","0.000000","0.000000","0.000000","0.000000","12-Apr","13-Apr","14-Apr","15-Apr","16-Apr","17-Apr","11-Apr","12-Apr","13-Apr","14-Apr","15-Apr","16-Apr","17-Apr",7,7,0
"Amravati","Amravati","Amravati W.M","W.M.Amravati - 2","Amravati","20003791","105 Villages RRWSS","Selora",1555,1,"1.010000","1.130000","1.080000","0.960000","0.990000","0.650000","80.370000","65.230000","72.670000","69.450000","61.740000","63.670000","41.550000","12-Apr","13-Apr","14-Apr","15-Apr","16-Apr","17-Apr","11-Apr","12-Apr","13-Apr","14-Apr","15-Apr","16-Apr","17-Apr",0,1,6
"Amravati","Amravati","Amravati W.M","W.M.Amravati - 2","Amravati","20003791","105 Villages RRWSS","Sayat",2238,5,"2.040000","1.680000","3.270000","0.000000","0.000000","2.150000","0.000000","91.180000","75.070000","146.110000","0.000000","0.000000","96.210000","12-Apr","13-Apr","14-Apr","15-Apr","16-Apr","17-Apr","11-Apr","12-Apr","13-Apr","14-Apr","15-Apr","16-Apr","17-Apr",3,3,4
"Amravati","Amravati","Amravati W.M","W.M.Amravati - 2","Amravati","20003791","105 Villages RRWSS","Saur",3880,1,"0.000000","0.000000","0.000000","0.000000","0.000000","0.000000","0.000000","0.000000","0.000000","0.000000","0.000000","0.000000","0.000000","12-Apr","13-Apr","14-Apr","15-Apr","16-Apr","17-Apr","11-Apr","12-Apr","13-Apr","14-Apr","15-Apr","16-Apr","17-Apr",7,7,0
"Amravati","Amravati","Amravati","Achalpur","Chandur Bazar","7945938","83 Village RRWS Scheme MJP RR (C 39)","Kondwardha",235,1,"0.470000","0.630000","1.730000","0.810000","0.670000","0.910000","420.600000","201.500000","268.090000","736.170000","344.680000","285.110000","388.250000","12-Apr","13-Apr","14-Apr","15-Apr","16-Apr","17-Apr","11-Apr","12-Apr","13-Apr","14-Apr","15-Apr","16-Apr","17-Apr",0,0,7
"Amravati","Amravati","Amravati","Achalpur","Achalpur","7945938","83 Village RRWS Scheme MJP RR (C 39)","Kolha",419,2,"2.410000","2.810000","3.300000","3.620000","1.870000","2.410000","822.030000","576.340000","670.640000","787.590000","864.710000","446.300000","576.150000","12-Apr","13-Apr","14-Apr","15-Apr","16-Apr","17-Apr","11-Apr","12-Apr","13-Apr","14-Apr","15-Apr","16-Apr","17-Apr",0,0,7
"Amravati","Akola","Buldhana","Khamgaon","Nandura","20028083","Wadali & 8 Villages RRWSS","Wadali",1192,2,"5.110000","4.760000","5.540000","4.450000","1.320000","1.700000","211.660000","428.950000","399.620000","464.930000","373.100000","110.570000","142.840000","12-Apr","13-Apr","14-Apr","15-Apr","16-Apr","17-Apr","11-Apr","12-Apr","13-Apr","14-Apr","15-Apr","16-Apr","17-Apr",0,0,7
"Amravati","Akola","Buldhana","Khamgaon","Nandura","20028083","Wadali & 8 Villages RRWSS","Muramba",596,2,"0.410000","0.310000","0.360000","0.320000","0.000000","0.810000","38.860000","68.300000","51.190000","59.680000","53.040000","0.000000","136.640000","12-Apr","13-Apr","14-Apr","15-Apr","16-Apr","17-Apr","11-Apr","12-Apr","13-Apr","14-Apr","15-Apr","16-Apr","17-Apr",1,4,3
"Amravati","Akola","Buldhana","Khamgaon","Nandura","20028083","Wadali & 8 Villages RRWSS","Khatkhed",581,1,"0.000000","0.000000","0.000000","0.000000","0.000000","0.000000","0.000000","0.000000","0.000000","0.000000","0.000000","0.000000","0.000000","12-Apr","13-Apr","14-Apr","15-Apr","16-Apr","17-Apr","11-Apr","12-Apr","13-Apr","14-Apr","15-Apr","16-Apr","17-Apr",7,7,0
"Amravati","Akola","Buldhana","Khamgaon","Nandura","20028083","Wadali & 8 Villages RRWSS","Pimpalkuta Dhande",912,2,"0.290000","1.230000","1.210000","0.150000","0.000000","2.070000","111.210000","31.730000","134.360000","132.180000","15.900000","0.000000","227.300000","12-Apr","13-Apr","14-Apr","15-Apr","16-Apr","17-Apr","11-Apr","12-Apr","13-Apr","14-Apr","15-Apr","16-Apr","17-Apr",3,1,4
"Amravati","Akola","Buldhana","Khamgaon","Nandura","20028083","Wadali & 8 Villages RRWSS","Barafgaon",480,3,"0.860000","0.460000","0.680000","0.550000","0.140000","1.360000","0.000000","180.140000","96.620000","141.170000","114.350000","28.330000","282.310000","12-Apr","13-Apr","14-Apr","15-Apr","16-Apr","17-Apr","11-Apr","12-Apr","13-Apr","14-Apr","15-Apr","16-Apr","17-Apr",2,1,5
"Amravati","Amravati","Amravati W.M","W.M.Amravati - 2","Amravati","20003791","105 Villages RRWSS","Shirajgaon",1491,6,"7.490000","6.830000","8.040000","6.880000","4.290000","7.450000","407.270000","502.130000","458.080000","539.240000","461.440000","287.730000","499.840000","12-Apr","13-Apr","14-Apr","15-Apr","16-Apr","17-Apr","11-Apr","12-Apr","13-Apr","14-Apr","15-Apr","16-Apr","17-Apr",0,0,7
"Amravati","Amravati","Amravati W.M","W.M.Amravati - 2","Amravati","20003791","105 Villages RRWSS","Shirala",10390,6,"1.920000","2.940000","2.010000","3.180000","0.000000","7.150000","26.120000","18.480000","28.300000","19.350000","30.610000","0.000000","68.820000","12-Apr","13-Apr","14-Apr","15-Apr","16-Apr","17-Apr","11-Apr","12-Apr","13-Apr","14-Apr","15-Apr","16-Apr","17-Apr",6,1,1
"Amravati","Amravati","Amravati W.M","W.M.Amravati - 2","Amravati","20003791","105 Villages RRWSS","Talwel",4024,6,"3.350000","3.050000","3.750000","3.470000","2.600000","3.330000","84.070000","83.270000","75.800000","93.190000","86.230000","64.610000","82.680000","12-Apr","13-Apr","14-Apr","15-Apr","16-Apr","17-Apr","11-Apr","12-Apr","13-Apr","14-Apr","15-Apr","16-Apr","17-Apr",0,0,7
"Amravati","Amravati","Amravati W.M","W.M.Amravati - 2","Amravati","20003791","105 Villages RRWSS","Tarkheda",3773,3,"3.440000","3.820000","3.660000","3.810000","1.650000","4.130000","100.630000","91.280000","101.250000","97.010000","100.980000","43.730000","109.350000","12-Apr","13-Apr","14-Apr","15-Apr","16-Apr","17-Apr","11-Apr","12-Apr","13-Apr","14-Apr","15-Apr","16-Apr","17-Apr",1,0,6
"Amravati","Amravati","Amravati W.M","W.M.Amravati - 2","Amravati","20003791","105 Villages RRWSS","Takarkheda",1961,4,"0.000000","0.000000","0.000000","0.000000","0.000000","0.000000","0.000000","0.000000","0.000000","0.000000","0.000000","0.000000","0.000000","12-Apr","13-Apr","14-Apr","15-Apr","16-Apr","17-Apr","11-Apr","12-Apr","13-Apr","14-Apr","15-Apr","16-Apr","17-Apr",7,7,0
"Amravati","Akola","Akola","Akola","Akola","20028565","Akot 84 VRRWSS Tq. Akola, Akot & Telhara Dist. Akola","Warur",2400,1,"0.000000","3.710000","7.810000","5.020000","0.000000","0.000000","0.000000","0.000000","154.580000","325.300000","209.170000","0.000000","0.000000","12-Apr","13-Apr","14-Apr","15-Apr","16-Apr","17-Apr","11-Apr","12-Apr","13-Apr","14-Apr","15-Apr","16-Apr","17-Apr",4,4,3
"Amravati","Akola","Akola","Akola","Akola","20028565","Akot 84 VRRWSS Tq. Akola, Akot & Telhara Dist. Akola","Wani",373,1,"0.000000","0.000000","1.070000","0.490000","0.000000","0.000000","68.430000","0.000000","0.000000","286.860000","131.370000","0.000000","0.000000","12-Apr","13-Apr","14-Apr","15-Apr","16-Apr","17-Apr","11-Apr","12-Apr","13-Apr","14-Apr","15-Apr","16-Apr","17-Apr",4,4,3
"Amravati","Akola","Akola","Akola","Akola","20028565","Akot 84 VRRWSS Tq. Akola, Akot & Telhara Dist. Akola","Warula",1141,1,"0.000000","0.000000","0.000000","0.000000","0.000000","0.000000","0.000000","0.000000","0.000000","0.000000","0.000000","0.000000","0.000000","12-Apr","13-Apr","14-Apr","15-Apr","16-Apr","17-Apr","11-Apr","12-Apr","13-Apr","14-Apr","15-Apr","16-Apr","17-Apr",7,7,0
"Amravati","Akola","Akola","Akola","Akola","20028565","Akot 84 VRRWSS Tq. Akola, Akot & Telhara Dist. Akola","Takli Kh.",1728,4,"1.990000","0.640000","2.080000","0.540000","0.980000","1.500000","20.100000","114.950000","37.040000","120.370000","31.250000","56.710000","86.720000","12-Apr","13-Apr","14-Apr","15-Apr","16-Apr","17-Apr","11-Apr","12-Apr","13-Apr","14-Apr","15-Apr","16-Apr","17-Apr",7,0,0
"Amravati","Akola","Akola","Akola","Akola","20028565","Akot 84 VRRWSS Tq. Akola, Akot & Telhara Dist. Akola","Panori",535,1,"0.000000","0.000000","0.000000","0.000000","0.000000","0.000000","0.000000","0.000000","0.000000","0.000000","0.000000","0.000000","0.000000","12-Apr","13-Apr","14-Apr","15-Apr","16-Apr","17-Apr","11-Apr","12-Apr","13-Apr","14-Apr","15-Apr","16-Apr","17-Apr",1,0,6
"Amravati","Akola","Akola","Akola","Akola","20028565","Akot 84 VRRWSS Tq. Akola, Akot & Telhara Dist. Akola","Sonbardi",712,2,"0.740000","0.240000","0.000000","0.000000","0.000000","0.400000","0.000000","103.930000","33.710000","0.000000","0.000000","0.000000","56.580000","12-Apr","13-Apr","14-Apr","15-Apr","16-Apr","17-Apr","11-Apr","12-Apr","13-Apr","14-Apr","15-Apr","16-Apr","17-Apr",5,0,2
"Amravati","Akola","Akola","Akola","Akola","20028565","Akot 84 VRRWSS Tq. Akola, Akot & Telhara Dist. Akola","Rajurwadi",46,1,"1.420000","1.380000","0.000000","0.550000","0.120000","2.450000","1217.390000","3085.870000","3000.000000","0.000000","1195.650000","254.350000","5326.470000","12-Apr","13-Apr","14-Apr","15-Apr","16-Apr","17-Apr","11-Apr","12-Apr","13-Apr","14-Apr","15-Apr","16-Apr","17-Apr",7,0,0
"Amravati","Akola","Akola","Akola","Akola","20028565","Akot 84 VRRWSS Tq. Akola, Akot & Telhara Dist. Akola","Karatwadi",1682,1,"0.000000","2.210000","0.060000","2.060000","0.000000","1.600000","149.090000","0.000000","131.390000","3.570000","122.470000","0.000000","95.090000","12-Apr","13-Apr","14-Apr","15-Apr","16-Apr","17-Apr","11-Apr","12-Apr","13-Apr","14-Apr","15-Apr","16-Apr","17-Apr",3,1,4
"Amravati","Akola","Akola","Akola","Akola","20028565","Akot 84 VRRWSS Tq. Akola, Akot & Telhara Dist. Akola","Jaulka",1312,1,"3.530000","5.900000","0.000000","0.000000","2.980000","1.450000","0.000000","269.300000","449.970000","0.000000","0.000000","227.130000","110.520000","12-Apr","13-Apr","14-Apr","15-Apr","16-Apr","17-Apr","11-Apr","12-Apr","13-Apr","14-Apr","15-Apr","16-Apr","17-Apr",7,0,0
"Amravati","Akola","Akola","Akola","Akola","20028565","Akot 84 VRRWSS Tq. Akola, Akot & Telhara Dist. Akola","Lotkhed",1143,2,"0.000000","0.000000","0.000000","0.000000","0.000000","0.000000","0.000000","0.000000","0.000000","0.000000","0.000000","0.000000","0.000000","12-Apr","13-Apr","14-Apr","15-Apr","16-Apr","17-Apr","11-Apr","12-Apr","13-Apr","14-Apr","15-Apr","16-Apr","17-Apr",7,0,0
"Amravati","Akola","Akola","Akola","Akola","20028565","Akot 84 VRRWSS Tq. Akola, Akot & Telhara Dist. Akola","Maroda",1148,1,"0.000000","0.000000","0.000000","0.000000","0.000000","0.000000","0.000000","0.000000","0.000000","0.000000","0.000000","0.000000","0.000000","12-Apr","13-Apr","14-Apr","15-Apr","16-Apr","17-Apr","11-Apr","12-Apr","13-Apr","14-Apr","15-Apr","16-Apr","17-Apr",5,1,2
"Amravati","Akola","Akola","Akola","Akola","20028565","Akot 84 VRRWSS Tq. Akola, Akot & Telhara Dist. Akola","Khaparwadi Bk.",420,1,"0.000000","0.000000","0.000000","0.000000","0.000000","0.000000","0.000000","0.000000","0.000000","0.000000","0.000000","0.000000","0.000000","12-Apr","13-Apr","14-Apr","15-Apr","16-Apr","17-Apr","11-Apr","12-Apr","13-Apr","14-Apr","15-Apr","16-Apr","17-Apr",2,0,5
"Amravati","Akola","Akola","Akola","Akola","20028565","Akot 84 VRRWSS Tq. Akola, Akot & Telhara Dist. Akola","Khaparwadi Kh.",229,1,"0.000000","0.000000","0.000000","0.000000","0.000000","0.000000","0.000000","0.000000","0.000000","0.000000","0.000000","0.000000","0.000000","12-Apr","13-Apr","14-Apr","15-Apr","16-Apr","17-Apr","11-Apr","12-Apr","13-Apr","14-Apr","15-Apr","16-Apr","17-Apr",7,2,0
"Amravati","Akola","Akola","Akola","Akola","20028565","Akot 84 VRRWSS Tq. Akola, Akot & Telhara Dist. Akola","Danori",1296,2,"2.650000","0.000000","0.000000","0.000000","1.040000","2.500000","522.070000","204.370000","0.000000","0.000000","0.000000","80.250000","192.960000","12-Apr","13-Apr","14-Apr","15-Apr","16-Apr","17-Apr","11-Apr","12-Apr","13-Apr","14-Apr","15-Apr","16-Apr","17-Apr",7,6,0
"Amravati","Akola","Akola","Akola","Akola","20028565","Akot 84 VRRWSS Tq. Akola, Akot & Telhara Dist. Akola","Deori",2560,1,"63.290000","7.500000","0.000000","16.540000","24.980000","21.110000","410.550000","2472.230000","293.040000","0.000000","646.090000","975.880000","824.700000","12-Apr","13-Apr","14-Apr","15-Apr","16-Apr","17-Apr","11-Apr","12-Apr","13-Apr","14-Apr","15-Apr","16-Apr","17-Apr",7,3,0
"Amravati","Akola","Akola","Akola","Akola","20028565","Akot 84 VRRWSS Tq. Akola, Akot & Telhara Dist. Akola","Alegaon",422,1,"0.350000","0.000000","0.000000","2.470000","0.000000","0.000000","628.030000","83.700000","0.000000","0.000000","585.310000","0.000000","0.000000","12-Apr","13-Apr","14-Apr","15-Apr","16-Apr","17-Apr","11-Apr","12-Apr","13-Apr","14-Apr","15-Apr","16-Apr","17-Apr",7,5,0
"Amravati","Akola","Akola","Akola","Akola","20028565","Akot 84 VRRWSS Tq. Akola, Akot & Telhara Dist. Akola","Alewadi",800,1,"0.330000","0.290000","0.220000","0.170000","0.160000","0.300000","23.450000","40.910000","36.250000","27.500000","21.250000","20.000000","37.210000","12-Apr","13-Apr","14-Apr","15-Apr","16-Apr","17-Apr","11-Apr","12-Apr","13-Apr","14-Apr","15-Apr","16-Apr","17-Apr",7,0,0
"Amravati","Akola","Akola","Akola","Akola","20028565","Akot 84 VRRWSS Tq. Akola, Akot & Telhara Dist. Akola","Dinoda",1491,2,"0.000000","0.000000","0.000000","0.000000","0.000000","0.000000","0.000000","0.000000","0.000000","0.000000","0.000000","0.000000","0.000000","12-Apr","13-Apr","14-Apr","15-Apr","16-Apr","17-Apr","11-Apr","12-Apr","13-Apr","14-Apr","15-Apr","16-Apr","17-Apr",7,2,0
"Amravati","Amravati","Amravati W.M","W.M.Amravati - 2","Achalpur","20003791","105 Villages RRWSS","Virshi",1231,1,"1.540000","1.460000","1.280000","0.910000","1.110000","1.450000","109.410000","125.250000","118.600000","103.980000","73.920000","90.170000","117.770000","12-Apr","13-Apr","14-Apr","15-Apr","16-Apr","17-Apr","11-Apr","12-Apr","13-Apr","14-Apr","15-Apr","16-Apr","17-Apr",7,7,0
"Amravati","Amravati","Amravati W.M","W.M.Amravati - 2","Amravati","20003791","105 Villages RRWSS","Chinchkheda",1185,2,"0.660000","0.990000","1.170000","1.030000","0.340000","1.170000","63.300000","55.290000","83.540000","98.730000","86.920000","28.690000","99.050000","12-Apr","13-Apr","14-Apr","15-Apr","16-Apr","17-Apr","11-Apr","12-Apr","13-Apr","14-Apr","15-Apr","16-Apr","17-Apr",7,7,0
"Amravati","Amravati","Amravati W.M","W.M.Amravati - 2","Achalpur","20003791","105 Villages RRWSS","Zanji",175,3,"2.770000","1.350000","2.710000","0.000000","0.020000","2.890000","541.910000","1580.550000","771.430000","1548.570000","0.000000","11.430000","1652.020000","12-Apr","13-Apr","14-Apr","15-Apr","16-Apr","17-Apr","11-Apr","12-Apr","13-Apr","14-Apr","15-Apr","16-Apr","17-Apr",7,7,0
"Amravati","Amravati","Amravati W.M","W.M.Amravati - 2","Achalpur","20003791","105 Villages RRWSS","Yelki",1086,2,"28.390000","37.630000","27.630000","41.610000","19.050000","39.870000","3569.630000","2613.810000","3465.010000","2544.030000","3831.230000","1754.070000","3671.330000","12-Apr","13-Apr","14-Apr","15-Apr","16-Apr","17-Apr","11-Apr","12-Apr","13-Apr","14-Apr","15-Apr","16-Apr","17-Apr",7,7,0
"Amravati","Amravati","Amravati W.M","W.M.Amravati - 2","Achalpur","20003791","105 Villages RRWSS","Wathoda",2563,2,"2.770000","2.330000","1.960000","0.360000","2.250000","2.760000","65.760000","108.170000","90.910000","76.470000","14.050000","87.790000","107.680000","12-Apr","13-Apr","14-Apr","15-Apr","16-Apr","17-Apr","11-Apr","12-Apr","13-Apr","14-Apr","15-Apr","16-Apr","17-Apr",7,7,0
"Amravati","Amravati","Amravati W.M","W.M.Amravati - 2","Achalpur","20003791","105 Villages RRWSS","Wandli",494,1,"3.340000","7.480000","0.240000","8.210000","0.000000","5.120000","684.100000","675.930000","1514.170000","48.580000","1661.940000","0.000000","1036.310000","12-Apr","13-Apr","14-Apr","15-Apr","16-Apr","17-Apr","11-Apr","12-Apr","13-Apr","14-Apr","15-Apr","16-Apr","17-Apr",7,7,0
"Amravati","Amravati","Amravati W.M","W.M.Amravati - 2","Achalpur","20003791","105 Villages RRWSS","Waki",872,2,"2.510000","2.540000","0.210000","0.670000","1.710000","0.250000","274.540000","287.620000","291.190000","24.080000","76.830000","195.800000","29.220000","12-Apr","13-Apr","14-Apr","15-Apr","16-Apr","17-Apr","11-Apr","12-Apr","13-Apr","14-Apr","15-Apr","16-Apr","17-Apr",7,7,0
"Amravati","Amravati","Amravati W.M","W.M.Amravati - 2","Achalpur","20003791","105 Villages RRWSS","Waigaon",1824,2,"0.000000","0.000000","0.000000","0.000000","0.000000","0.000000","0.000000","0.000000","0.000000","0.000000","0.000000","0.000000","0.000000","12-Apr","13-Apr","14-Apr","15-Apr","16-Apr","17-Apr","11-Apr","12-Apr","13-Apr","14-Apr","15-Apr","16-Apr","17-Apr",7,7,0
"Amravati","Amravati","Amravati","Achalpur","Chandur Bazar","7945938","83 Village RRWS Scheme MJP RR (C 39)","Kandali",3538,9,"9.280000","20.400000","10.690000","20.310000","4.150000","15.980000","597.240000","262.350000","576.630000","302.110000","574.150000","117.230000","451.550000","12-Apr","13-Apr","14-Apr","15-Apr","16-Apr","17-Apr","11-Apr","12-Apr","13-Apr","14-Apr","15-Apr","16-Apr","17-Apr",0,0,7
"Amravati","Amravati","Amravati W.M","W.M.Amravati - 2","Amravati","20003791","105 Villages RRWSS","Rama",891,2,"15.610000","18.170000","16.400000","16.520000","16.440000","26.470000","1688.100000","1752.080000","2039.280000","1840.630000","1854.100000","1845.120000","2970.610000","12-Apr","13-Apr","14-Apr","15-Apr","16-Apr","17-Apr","11-Apr","12-Apr","13-Apr","14-Apr","15-Apr","16-Apr","17-Apr",7,7,0
"Amravati","Amravati","Amravati W.M","W.M.Amravati - 2","Bhatkuli","20003791","105 Villages RRWSS","Kharwadi",1634,1,"1.800000","1.430000","1.280000","1.640000","0.810000","1.680000","73.000000","109.990000","87.520000","78.340000","100.370000","49.570000","102.710000","12-Apr","13-Apr","14-Apr","15-Apr","16-Apr","17-Apr","11-Apr","12-Apr","13-Apr","14-Apr","15-Apr","16-Apr","17-Apr",7,7,0
"Amravati","Amravati","Amravati W.M","W.M.Amravati - 2","Bhatkuli","20003791","105 Villages RRWSS","Khumagad",608,1,"0.000000","0.000000","0.770000","0.000000","0.000000","1.200000","25.210000","0.000000","0.000000","126.640000","0.000000","0.000000","196.570000","12-Apr","13-Apr","14-Apr","15-Apr","16-Apr","17-Apr","11-Apr","12-Apr","13-Apr","14-Apr","15-Apr","16-Apr","17-Apr",6,2,1
"Amravati","Amravati","Amravati W.M","W.M.Amravati - 2","Bhatkuli","20003791","105 Villages RRWSS","Kharala",2392,3,"9.350000","9.530000","8.630000","9.480000","4.820000","20.670000","364.410000","390.790000","398.410000","360.790000","396.320000","201.510000","863.980000","12-Apr","13-Apr","14-Apr","15-Apr","16-Apr","17-Apr","11-Apr","12-Apr","13-Apr","14-Apr","15-Apr","16-Apr","17-Apr",7,4,0
"Amravati","Amravati","Amravati W.M","W.M.Amravati - 2","Bhatkuli","20003791","105 Villages RRWSS","Khanapur",681,2,"0.250000","0.500000","0.270000","0.250000","0.250000","0.550000","73.420000","36.710000","73.420000","39.650000","36.710000","36.710000","80.630000","12-Apr","13-Apr","14-Apr","15-Apr","16-Apr","17-Apr","11-Apr","12-Apr","13-Apr","14-Apr","15-Apr","16-Apr","17-Apr",6,5,1
"Amravati","Amravati","Amravati W.M","W.M.Amravati - 2","Bhatkuli","20003791","105 Villages RRWSS","Koltek",100,1,"0.000000","1.230000","0.000000","0.000000","0.470000","0.450000","0.000000","0.000000","0.000000","0.000000","0.000000","0.000000","0.000000","12-Apr","13-Apr","14-Apr","15-Apr","16-Apr","17-Apr","11-Apr","12-Apr","13-Apr","14-Apr","15-Apr","16-Apr","17-Apr",7,7,0
"Amravati","Amravati","Amravati W.M","W.M.Amravati - 2","Bhatkuli","20003791","105 Villages RRWSS","Dhamori",737,4,"36.480000","25.230000","22.590000","30.430000","5.820000","30.560000","3921.030000","4949.500000","3423.340000","3065.090000","4128.540000","790.320000","4147.010000","12-Apr","13-Apr","14-Apr","15-Apr","16-Apr","17-Apr","11-Apr","12-Apr","13-Apr","14-Apr","15-Apr","16-Apr","17-Apr",6,3,1
"Amravati","Amravati","Amravati W.M","W.M.Amravati - 2","Bhatkuli","20003791","105 Villages RRWSS","Dautpur -Kanfodi",353,1,"0.180000","0.660000","0.440000","0.670000","0.440000","0.540000","130.440000","51.560000","186.970000","124.650000","189.800000","124.650000","152.510000","12-Apr","13-Apr","14-Apr","15-Apr","16-Apr","17-Apr","11-Apr","12-Apr","13-Apr","14-Apr","15-Apr","16-Apr","17-Apr",7,3,0
"Amravati","Amravati","Amravati W.M","W.M.Amravati - 2","Bhatkuli","20003791","105 Villages RRWSS","Deori",757,2,"1.980000","1.750000","1.300000","2.190000","1.060000","2.000000","207.880000","260.930000","231.180000","172.350000","289.540000","140.030000","264.040000","12-Apr","13-Apr","14-Apr","15-Apr","16-Apr","17-Apr","11-Apr","12-Apr","13-Apr","14-Apr","15-Apr","16-Apr","17-Apr",0,0,7
"Amravati","Amravati","Amravati W.M","W.M.Amravati - 2","Bhatkuli","20003791","105 Villages RRWSS","Chincholi",1637,3,"1.020000","1.130000","1.200000","1.050000","0.580000","1.250000","63.170000","62.300000","69.030000","73.300000","64.140000","35.430000","76.340000","12-Apr","13-Apr","14-Apr","15-Apr","16-Apr","17-Apr","11-Apr","12-Apr","13-Apr","14-Apr","15-Apr","16-Apr","17-Apr",7,5,0
"Amravati","Amravati","Amravati W.M","W.M.Amravati - 2","Bhatkuli","20003791","105 Villages RRWSS","Gajanan Township",1000,3,"5.230000","5.280000","4.700000","5.300000","2.550000","5.560000","0.000000","0.000000","0.000000","0.000000","0.000000","0.000000","0.000000","12-Apr","13-Apr","14-Apr","15-Apr","16-Apr","17-Apr","11-Apr","12-Apr","13-Apr","14-Apr","15-Apr","16-Apr","17-Apr",7,4,0
"Amravati","Amravati","Amravati W.M","W.M.Amravati - 2","Bhatkuli","20003791","105 Villages RRWSS","Asegaon",4180,6,"0.470000","2.490000","0.320000","2.470000","0.000000","2.340000","64.010000","11.290000","59.570000","7.660000","59.090000","0.000000","55.980000","12-Apr","13-Apr","14-Apr","15-Apr","16-Apr","17-Apr","11-Apr","12-Apr","13-Apr","14-Apr","15-Apr","16-Apr","17-Apr",7,7,0
"Amravati","Amravati","Amravati W.M","W.M.Amravati - 2","Bhatkuli","20003791","105 Villages RRWSS","Ashti",3472,5,"2.200000","1.930000","3.260000","2.060000","2.020000","2.040000","84.480000","63.300000","55.590000","93.890000","59.330000","58.180000","58.890000","12-Apr","13-Apr","14-Apr","15-Apr","16-Apr","17-Apr","11-Apr","12-Apr","13-Apr","14-Apr","15-Apr","16-Apr","17-Apr",7,0,0
"Amravati","Amravati","Amravati W.M","W.M.Amravati - 2","Bhatkuli","20003791","105 Villages RRWSS","Chakur",418,1,"0.000000","0.000000","0.000000","0.000000","0.000000","0.000000","0.000000","0.000000","0.000000","0.000000","0.000000","0.000000","0.000000","12-Apr","13-Apr","14-Apr","15-Apr","16-Apr","17-Apr","11-Apr","12-Apr","13-Apr","14-Apr","15-Apr","16-Apr","17-Apr",7,7,0
"Amravati","Amravati","Amravati W.M","W.M.Amravati - 2","Bhatkuli","20003791","105 Villages RRWSS","Bhalsi",519,1,"0.730000","0.580000","0.160000","0.360000","0.630000","0.170000","35.120000","140.150000","111.750000","30.830000","69.360000","121.390000","33.090000","12-Apr","13-Apr","14-Apr","15-Apr","16-Apr","17-Apr","11-Apr","12-Apr","13-Apr","14-Apr","15-Apr","16-Apr","17-Apr",0,0,7
"Amravati","Amravati","Amravati W.M","W.M.Amravati - 2","Bhatkuli","20003791","105 Villages RRWSS","Bhatkuli NP",1310,2,"8.020000","7.680000","8.440000","8.350000","4.450000","9.700000","596.860000","611.910000","586.260000","644.270000","637.400000","339.690000","740.520000","12-Apr","13-Apr","14-Apr","15-Apr","16-Apr","17-Apr","11-Apr","12-Apr","13-Apr","14-Apr","15-Apr","16-Apr","17-Apr",7,0,0
"Amravati","Amravati","Amravati W.M","W.M.Amravati - 2","Chandur Bazar","20003791","105 Villages RRWSS","Makrampur",112,1,"2.700000","0.000000","0.000000","3.540000","0.000000","0.000000","0.000000","2410.710000","0.000000","0.000000","3160.710000","0.000000","0.000000","12-Apr","13-Apr","14-Apr","15-Apr","16-Apr","17-Apr","11-Apr","12-Apr","13-Apr","14-Apr","15-Apr","16-Apr","17-Apr",4,1,3
"Amravati","Amravati","Yavatmal","Pusad","Pusad","20028563","Malpathar 28 Villages, (Reju.)","Panhala",1476,2,"0.000000","0.010000","0.030000","0.010000","0.030000","0.010000","0.000000","0.000000","0.680000","2.030000","0.680000","2.030000","0.680000","12-Apr","13-Apr","14-Apr","15-Apr","16-Apr","17-Apr","11-Apr","12-Apr","13-Apr","14-Apr","15-Apr","16-Apr","17-Apr",0,0,7
"Amravati","Amravati","Yavatmal","Pusad","Pusad","20028563","Malpathar 28 Villages, (Reju.)","Vasantwadi",1599,2,"0.000000","13.050000","39.230000","0.000000","0.000000","9.700000","1885.790000","0.000000","816.140000","2453.410000","0.000000","0.000000","606.340000","12-Apr","13-Apr","14-Apr","15-Apr","16-Apr","17-Apr","11-Apr","12-Apr","13-Apr","14-Apr","15-Apr","16-Apr","17-Apr",0,0,7
"Amravati","Amravati","Yavatmal","Pusad","Pusad","20028563","Malpathar 28 Villages, (Reju.)","Sattarmal",802,2,"0.000000","0.000000","0.000000","0.000000","0.000000","0.000000","0.000000","0.000000","0.000000","0.000000","0.000000","0.000000","0.000000","12-Apr","13-Apr","14-Apr","15-Apr","16-Apr","17-Apr","11-Apr","12-Apr","13-Apr","14-Apr","15-Apr","16-Apr","17-Apr",7,5,0
"Amravati","Amravati","Yavatmal","Pusad","Pusad","20028563","Malpathar 28 Villages, (Reju.)","Rohada",3556,1,"0.000000","0.000000","0.000000","0.000000","0.000000","0.000000","0.000000","0.000000","0.000000","0.000000","0.000000","0.000000","0.000000","12-Apr","13-Apr","14-Apr","15-Apr","16-Apr","17-Apr","11-Apr","12-Apr","13-Apr","14-Apr","15-Apr","16-Apr","17-Apr",7,7,0
"Amravati","Amravati","Yavatmal","Pusad","Pusad","20028563","Malpathar 28 Villages, (Reju.)","Nanad no 2",3116,2,"2.160000","3.120000","2.290000","2.430000","1.020000","1.880000","63.070000","69.260000","100.130000","73.490000","77.980000","32.730000","60.280000","12-Apr","13-Apr","14-Apr","15-Apr","16-Apr","17-Apr","11-Apr","12-Apr","13-Apr","14-Apr","15-Apr","16-Apr","17-Apr",0,0,7
"Amravati","Amravati","Yavatmal","Pusad","Pusad","20028563","Malpathar 28 Villages, (Reju.)","Hanvantkheda",1783,3,"0.470000","0.460000","0.530000","0.990000","0.000000","0.360000","0.000000","26.360000","25.800000","29.730000","55.520000","0.000000","20.410000","12-Apr","13-Apr","14-Apr","15-Apr","16-Apr","17-Apr","11-Apr","12-Apr","13-Apr","14-Apr","15-Apr","16-Apr","17-Apr",7,7,0
"Amravati","Amravati","Yavatmal","Pusad","Pusad","20028563","Malpathar 28 Villages, (Reju.)","Kheirkheda",1349,1,"2.160000","3.120000","2.290000","2.430000","1.020000","1.880000","145.670000","159.980000","231.280000","169.760000","180.130000","75.610000","139.230000","12-Apr","13-Apr","14-Apr","15-Apr","16-Apr","17-Apr","11-Apr","12-Apr","13-Apr","14-Apr","15-Apr","16-Apr","17-Apr",7,7,0
"Amravati","Amravati","Yavatmal","Pusad","Pusad","20028563","Malpathar 28 Villages, (Reju.)","Aamti",1239,2,"0.000000","0.000000","0.000000","0.000000","0.000000","0.000000","0.000000","0.000000","0.000000","0.000000","0.000000","0.000000","0.000000","12-Apr","13-Apr","14-Apr","15-Apr","16-Apr","17-Apr","11-Apr","12-Apr","13-Apr","14-Apr","15-Apr","16-Apr","17-Apr",7,7,0
"Amravati","Amravati","Amravati W.M","W.M.Amravati - 2","Bhatkuli","20003791","105 Villages RRWSS","Dhangarkheda",326,1,"0.000000","0.410000","0.510000","0.110000","0.000000","0.970000","245.630000","0.000000","125.770000","156.440000","33.740000","0.000000","297.070000","12-Apr","13-Apr","14-Apr","15-Apr","16-Apr","17-Apr","11-Apr","12-Apr","13-Apr","14-Apr","15-Apr","16-Apr","17-Apr",7,7,0
"Amravati","Amravati","Amravati","Achalpur","Chandur Bazar","7945938","83 Village RRWS Scheme MJP RR (C 39)","Ambada Kandari",276,1,"1.470000","2.060000","1.920000","1.680000","1.000000","2.010000","650.980000","532.540000","746.380000","695.650000","608.700000","362.320000","729.610000","12-Apr","13-Apr","14-Apr","15-Apr","16-Apr","17-Apr","11-Apr","12-Apr","13-Apr","14-Apr","15-Apr","16-Apr","17-Apr",7,7,0
"Amravati","Amravati","Amravati W.M","W.M.Amravati - 2","Chandur Bazar","20003791","105 Villages RRWSS","Madhalapur",1000,1,"0.660000","0.990000","0.630000","0.000000","0.000000","0.910000","0.000000","0.000000","0.000000","0.000000","0.000000","0.000000","0.000000","12-Apr","13-Apr","14-Apr","15-Apr","16-Apr","17-Apr","11-Apr","12-Apr","13-Apr","14-Apr","15-Apr","16-Apr","17-Apr",7,7,0
"Amravati","Amravati","Amravati","Achalpur","Achalpur","7945938","83 Village RRWS Scheme MJP RR (C 39)","Thokbarda",101,1,"0.000000","0.490000","0.810000","1.010000","0.000000","0.000000","927.340000","0.000000","485.150000","801.980000","1000.000000","0.000000","0.000000","12-Apr","13-Apr","14-Apr","15-Apr","16-Apr","17-Apr","11-Apr","12-Apr","13-Apr","14-Apr","15-Apr","16-Apr","17-Apr",7,7,0
"Amravati","Amravati","Amravati","Achalpur","Chandur Bazar","7945938","83 Village RRWS Scheme MJP RR (C 39)","Kharpi",591,1,"6.500000","7.230000","6.010000","6.960000","2.890000","7.160000","1283.210000","1100.240000","1223.350000","1017.090000","1177.660000","489.000000","1210.790000","12-Apr","13-Apr","14-Apr","15-Apr","16-Apr","17-Apr","11-Apr","12-Apr","13-Apr","14-Apr","15-Apr","16-Apr","17-Apr",7,7,0
"Amravati","Amravati","Amravati","Achalpur","Chandur Bazar","7945938","83 Village RRWS Scheme MJP RR (C 39)","Shirajgaon kasba",4069,7,"147004.240000","56127.200000","109943.680000","46924.390000","64980.960000","59825.550000","1097084.630000","3612785.530000","1379385.600000","2701982.800000","1153216.760000","1596976.160000","1470276.590000","12-Apr","13-Apr","14-Apr","15-Apr","16-Apr","17-Apr","11-Apr","12-Apr","13-Apr","14-Apr","15-Apr","16-Apr","17-Apr",7,7,0
"Amravati","Amravati","Amravati","Achalpur","Chandur Bazar","7945938","83 Village RRWS Scheme MJP RR (C 39)","Narayanpur",183,1,"4.050000","4.050000","4.050000","4.050000","4.050000","4.050000","2211.040000","2211.040000","2211.040000","2211.040000","2211.040000","2211.040000","2211.040000","12-Apr","13-Apr","14-Apr","15-Apr","16-Apr","17-Apr","11-Apr","12-Apr","13-Apr","14-Apr","15-Apr","16-Apr","17-Apr",7,7,0
"Amravati","Amravati","Amravati","Achalpur","Chandur Bazar","7945938","83 Village RRWS Scheme MJP RR (C 39)","Gourkheda",504,5,"28.420000","26.410000","26.560000","28.810000","21.240000","24.980000","5022.930000","5639.600000","5240.140000","5269.010000","5716.380000","4213.830000","4956.420000","12-Apr","13-Apr","14-Apr","15-Apr","16-Apr","17-Apr","11-Apr","12-Apr","13-Apr","14-Apr","15-Apr","16-Apr","17-Apr",7,7,0
"Amravati","Amravati","Amravati","Achalpur","Chandur Bazar","7945938","83 Village RRWS Scheme MJP RR (C 39)","Deomali",1500,3,"0.000000","0.000000","0.000000","0.000000","0.000000","0.000000","0.000000","0.000000","0.000000","0.000000","0.000000","0.000000","0.000000","12-Apr","13-Apr","14-Apr","15-Apr","16-Apr","17-Apr","11-Apr","12-Apr","13-Apr","14-Apr","15-Apr","16-Apr","17-Apr",5,7,0
"Amravati","Amravati","Amravati","Achalpur","Chandur Bazar","7945938","83 Village RRWS Scheme MJP RR (C 39)","Kumbhi",612,2,"1.480000","1.180000","1.560000","1.260000","1.510000","1.060000","291.760000","241.290000","192.810000","254.900000","205.880000","246.730000","173.230000","12-Apr","13-Apr","14-Apr","15-Apr","16-Apr","17-Apr","11-Apr","12-Apr","13-Apr","14-Apr","15-Apr","16-Apr","17-Apr",7,7,0
"Amravati","Amravati","Amravati","Achalpur","Chandur Bazar","7945938","83 Village RRWS Scheme MJP RR (C 39)","Karajgaon (Mahal)",1443,4,"0.000000","0.000000","0.000000","0.000000","0.000000","0.000000","0.000000","0.000000","0.000000","0.000000","0.000000","0.000000","0.000000","12-Apr","13-Apr","14-Apr","15-Apr","16-Apr","17-Apr","11-Apr","12-Apr","13-Apr","14-Apr","15-Apr","16-Apr","17-Apr",7,7,0
"Amravati","Amravati","Amravati","Achalpur","Chandur Bazar","7945938","83 Village RRWS Scheme MJP RR (C 39)","Kavitha Bk.",1129,3,"3.980000","5.020000","3.500000","4.210000","3.580000","1.500000","547.030000","352.500000","444.640000","310.010000","372.900000","317.090000","132.960000","12-Apr","13-Apr","14-Apr","15-Apr","16-Apr","17-Apr","11-Apr","12-Apr","13-Apr","14-Apr","15-Apr","16-Apr","17-Apr",7,7,0
"Amravati","Amravati","Amravati","Achalpur","Achalpur","7945938","83 Village RRWS Scheme MJP RR (C 39)","Wadgaon Fattepur",855,5,"3.230000","3.530000","4.210000","3.910000","0.180000","2.380000","430.860000","378.200000","412.470000","492.000000","457.310000","21.050000","278.570000","12-Apr","13-Apr","14-Apr","15-Apr","16-Apr","17-Apr","11-Apr","12-Apr","13-Apr","14-Apr","15-Apr","16-Apr","17-Apr",7,7,0
"Amravati","Amravati","Amravati","Achalpur","Achalpur","7945938","83 Village RRWS Scheme MJP RR (C 39)","Tondgaon",560,4,"0.000000","1.880000","0.000000","1.830000","0.000000","1.110000","321.640000","0.000000","335.710000","0.000000","326.790000","0.000000","198.920000","12-Apr","13-Apr","14-Apr","15-Apr","16-Apr","17-Apr","11-Apr","12-Apr","13-Apr","14-Apr","15-Apr","16-Apr","17-Apr",7,6,0
"Amravati","Amravati","Amravati","Achalpur","Achalpur","7945938","83 Village RRWS Scheme MJP RR (C 39)","Tawalar",675,5,"0.920000","1.250000","1.030000","1.200000","1.200000","0.730000","111.110000","135.940000","185.190000","152.590000","177.780000","177.780000","107.970000","12-Apr","13-Apr","14-Apr","15-Apr","16-Apr","17-Apr","11-Apr","12-Apr","13-Apr","14-Apr","15-Apr","16-Apr","17-Apr",7,7,0
"Amravati","Amravati","Amravati","Achalpur","Achalpur","7945938","83 Village RRWS Scheme MJP RR (C 39)","Borgaon Dori",263,1,"2.230000","2.340000","1.890000","2.420000","1.320000","1.650000","805.050000","848.180000","891.570000","718.630000","920.150000","501.900000","626.360000","12-Apr","13-Apr","14-Apr","15-Apr","16-Apr","17-Apr","11-Apr","12-Apr","13-Apr","14-Apr","15-Apr","16-Apr","17-Apr",0,0,7
"Amravati","Amravati","Amravati","Achalpur","Achalpur","7945938","83 Village RRWS Scheme MJP RR (C 39)","Borgaon Talani",102,1,"0.000000","0.000000","0.000000","0.000000","0.000000","0.000000","0.000000","0.000000","0.000000","0.000000","0.000000","0.000000","0.000000","12-Apr","13-Apr","14-Apr","15-Apr","16-Apr","17-Apr","11-Apr","12-Apr","13-Apr","14-Apr","15-Apr","16-Apr","17-Apr",7,7,0
"Amravati","Amravati","Amravati","Achalpur","Achalpur","7945938","83 Village RRWS Scheme MJP RR (C 39)","Kakda",1104,2,"0.000000","1.720000","2.560000","0.000000","0.000000","0.000000","0.000000","0.000000","155.800000","231.880000","0.000000","0.000000","0.000000","12-Apr","13-Apr","14-Apr","15-Apr","16-Apr","17-Apr","11-Apr","12-Apr","13-Apr","14-Apr","15-Apr","16-Apr","17-Apr",7,7,0
"Amravati","Amravati","Amravati","Achalpur","Achalpur","20029998","Shahanur & 9 Villages RRWS","Kumbhi Wagholi",507,1,"0.000000","0.000000","0.000000","0.000000","0.000000","0.000000","0.000000","0.000000","0.000000","0.000000","0.000000","0.000000","0.000000","12-Apr","13-Apr","14-Apr","15-Apr","16-Apr","17-Apr","11-Apr","12-Apr","13-Apr","14-Apr","15-Apr","16-Apr","17-Apr",7,7,0
"Amravati","Amravati","Amravati","Achalpur","Achalpur","20029998","Shahanur & 9 Villages RRWS","Pardi",302,1,"0.000000","0.000000","0.000000","0.000000","0.000000","0.000000","0.000000","0.000000","0.000000","0.000000","0.000000","0.000000","0.000000","12-Apr","13-Apr","14-Apr","15-Apr","16-Apr","17-Apr","11-Apr","12-Apr","13-Apr","14-Apr","15-Apr","16-Apr","17-Apr",7,7,0
"Amravati","Amravati","Amravati","Achalpur","Achalpur","20029998","Shahanur & 9 Villages RRWS","Januna",1827,3,"2.970000","1.450000","0.420000","2.650000","1.940000","2.190000","91.450000","162.580000","79.200000","22.820000","144.800000","106.270000","120.120000","12-Apr","13-Apr","14-Apr","15-Apr","16-Apr","17-Apr","11-Apr","12-Apr","13-Apr","14-Apr","15-Apr","16-Apr","17-Apr",7,7,0
"Amravati","Amravati","Amravati","Achalpur","Achalpur","20029998","Shahanur & 9 Villages RRWS","Januna",1827,3,"2.970000","1.450000","0.420000","2.650000","1.940000","2.190000","91.450000","162.580000","79.200000","22.820000","144.800000","106.270000","120.120000","12-Apr","13-Apr","14-Apr","15-Apr","16-Apr","17-Apr","11-Apr","12-Apr","13-Apr","14-Apr","15-Apr","16-Apr","17-Apr",7,7,0
"Amravati","Amravati","Amravati","Achalpur","Achalpur","20029998","Shahanur & 9 Villages RRWS","Gond Wagholi",1393,2,"1.460000","1.390000","0.960000","1.130000","0.000000","0.000000","71.080000","104.930000","99.780000","68.920000","81.120000","0.000000","0.000000","12-Apr","13-Apr","14-Apr","15-Apr","16-Apr","17-Apr","11-Apr","12-Apr","13-Apr","14-Apr","15-Apr","16-Apr","17-Apr",5,2,2
"Amravati","Amravati","Amravati","Achalpur","Achalpur","7945938","83 Village RRWS Scheme MJP RR (C 39)","Belaj",369,2,"0.000000","0.070000","0.000000","0.160000","0.000000","0.170000","40.650000","0.000000","18.970000","0.000000","43.360000","0.000000","46.070000","12-Apr","13-Apr","14-Apr","15-Apr","16-Apr","17-Apr","11-Apr","12-Apr","13-Apr","14-Apr","15-Apr","16-Apr","17-Apr",7,7,0
"Amravati","Amravati","Amravati","Achalpur","Achalpur","20029998","Shahanur & 9 Villages RRWS","Walmikpur",557,1,"0.000000","0.000000","0.000000","0.000000","0.000000","0.000000","23.050000","0.000000","0.000000","0.000000","0.000000","0.000000","0.000000","12-Apr","13-Apr","14-Apr","15-Apr","16-Apr","17-Apr","11-Apr","12-Apr","13-Apr","14-Apr","15-Apr","16-Apr","17-Apr",7,7,0
"Amravati","Amravati","Amravati","Achalpur","Achalpur","20029998","Shahanur & 9 Villages RRWS","Waghdoh",783,2,"0.000000","0.000000","0.000000","0.000000","0.000000","0.000000","0.000000","0.000000","0.000000","0.000000","0.000000","0.000000","0.000000","12-Apr","13-Apr","14-Apr","15-Apr","16-Apr","17-Apr","11-Apr","12-Apr","13-Apr","14-Apr","15-Apr","16-Apr","17-Apr",7,7,0
"Amravati","Amravati","Amravati","Achalpur","Chandur Bazar","7945938","83 Village RRWS Scheme MJP RR (C 39)","Pimpari Thugaon",405,1,"22.850000","20.000000","24.150000","20.580000","8.950000","15.560000","5503.270000","5642.270000","4938.270000","5962.960000","5081.480000","2209.880000","3841.510000","12-Apr","13-Apr","14-Apr","15-Apr","16-Apr","17-Apr","11-Apr","12-Apr","13-Apr","14-Apr","15-Apr","16-Apr","17-Apr",5,5,2
"Amravati","Amravati","Amravati","Achalpur","Chandur Bazar","7945938","83 Village RRWS Scheme MJP RR (C 39)","Govindpur",330,1,"0.650000","0.730000","0.750000","0.710000","0.650000","0.660000","175.250000","196.610000","221.210000","227.270000","215.150000","196.970000","198.760000","12-Apr","13-Apr","14-Apr","15-Apr","16-Apr","17-Apr","11-Apr","12-Apr","13-Apr","14-Apr","15-Apr","16-Apr","17-Apr",7,4,0
"Amravati","Akola","Buldhana","Buldhana","Buldhana","20021406","Padali & 5 Villages RRWSS","Palaskhed Naik",1098,1,"0.150000","0.000000","0.000000","0.000000","0.000000","0.220000","38.250000","13.660000","0.000000","0.000000","0.000000","0.000000","20.040000","12-Apr","13-Apr","14-Apr","15-Apr","16-Apr","17-Apr","11-Apr","12-Apr","13-Apr","14-Apr","15-Apr","16-Apr","17-Apr",7,0,0
"Amravati","Akola","Buldhana","Buldhana","Buldhana","20021406","Padali & 5 Villages RRWSS","Palaskhed Nago",712,1,"0.000000","0.000000","0.000000","0.000000","0.000000","0.000000","47.750000","0.000000","0.000000","0.000000","0.000000","0.000000","0.000000","12-Apr","13-Apr","14-Apr","15-Apr","16-Apr","17-Apr","11-Apr","12-Apr","13-Apr","14-Apr","15-Apr","16-Apr","17-Apr",7,7,0
"Amravati","Akola","Buldhana","Buldhana","Buldhana","20021406","Padali & 5 Villages RRWSS","Ijalpur",817,1,"0.000000","1.540000","0.970000","0.000000","0.000000","0.010000","0.000000","0.000000","188.490000","118.730000","0.000000","0.000000","1.220000","12-Apr","13-Apr","14-Apr","15-Apr","16-Apr","17-Apr","11-Apr","12-Apr","13-Apr","14-Apr","15-Apr","16-Apr","17-Apr",3,2,4
"Amravati","Akola","Buldhana","Buldhana","Buldhana","20021406","Padali & 5 Villages RRWSS","Gondhankhed",413,1,"0.350000","0.300000","0.000000","0.000000","0.000000","0.330000","0.000000","84.750000","72.640000","0.000000","0.000000","0.000000","79.900000","12-Apr","13-Apr","14-Apr","15-Apr","16-Apr","17-Apr","11-Apr","12-Apr","13-Apr","14-Apr","15-Apr","16-Apr","17-Apr",4,3,3
"Amravati","Akola","Buldhana","Buldhana","Buldhana","20021406","Padali & 5 Villages RRWSS","Padli",2502,2,"0.610000","1.680000","1.420000","2.210000","1.150000","0.200000","0.000000","24.380000","67.080000","56.750000","88.200000","45.820000","8.000000","12-Apr","13-Apr","14-Apr","15-Apr","16-Apr","17-Apr","11-Apr","12-Apr","13-Apr","14-Apr","15-Apr","16-Apr","17-Apr",0,0,7
"Amravati","Akola","Buldhana","Buldhana","Buldhana","20021406","Padali & 5 Villages RRWSS","Merkhed",125,1,"0.060000","0.010000","0.230000","0.000000","0.000000","0.580000","664.000000","48.000000","8.000000","184.000000","0.000000","0.000000","464.000000","12-Apr","13-Apr","14-Apr","15-Apr","16-Apr","17-Apr","11-Apr","12-Apr","13-Apr","14-Apr","15-Apr","16-Apr","17-Apr",0,0,7
"Amravati","Amravati","Amravati","Achalpur","Chandur Bazar","7945938","83 Village RRWS Scheme MJP RR (C 39)","Kajali",363,1,"0.940000","1.030000","0.890000","1.120000","0.890000","0.570000","50.240000","260.090000","283.750000","245.180000","308.540000","245.180000","156.690000","12-Apr","13-Apr","14-Apr","15-Apr","16-Apr","17-Apr","11-Apr","12-Apr","13-Apr","14-Apr","15-Apr","16-Apr","17-Apr",1,0,6
"Amravati","Amravati","Amravati W.M","W.M.Amravati - 2","Bhatkuli","20003791","105 Villages RRWSS","Chimnapur E.",1000,1,"0.010000","3.450000","0.000000","0.010000","0.000000","0.150000","0.000000","0.000000","0.000000","0.000000","0.000000","0.000000","0.000000","12-Apr","13-Apr","14-Apr","15-Apr","16-Apr","17-Apr","11-Apr","12-Apr","13-Apr","14-Apr","15-Apr","16-Apr","17-Apr",7,4,0
"Amravati","Amravati","Amravati","Amravati - 2","Nandgaon Khandeshwar","20030287","Takli & 4 Villages RRWS","Takali",2522,2,"0.000000","0.810000","0.280000","0.680000","0.130000","0.280000","26.710000","0.020000","32.250000","11.220000","27.010000","5.160000","11.040000","12-Apr","13-Apr","14-Apr","15-Apr","16-Apr","17-Apr","11-Apr","12-Apr","13-Apr","14-Apr","15-Apr","16-Apr","17-Apr",7,0,0
"Amravati","Amravati","Amravati","Amravati - 2","Nandgaon Khandeshwar","20030287","Takli & 4 Villages RRWS","Hiwara Kh.",1671,2,"189.710000","208.740000","194.070000","192.310000","166.600000","186.450000","11803.400000","11353.020000","12491.660000","11613.710000","11508.960000","9969.790000","11158.070000","12-Apr","13-Apr","14-Apr","15-Apr","16-Apr","17-Apr","11-Apr","12-Apr","13-Apr","14-Apr","15-Apr","16-Apr","17-Apr",7,7,0
"Amravati","Amravati","Amravati","Amravati - 2","Nandgaon Khandeshwar","20030287","Takli & 4 Villages RRWS","Dahigaon",100,1,"6.130000","30.690000","27.150000","24.560000","36.960000","33.500000","0.000000","0.000000","0.000000","0.000000","0.000000","0.000000","0.000000","12-Apr","13-Apr","14-Apr","15-Apr","16-Apr","17-Apr","11-Apr","12-Apr","13-Apr","14-Apr","15-Apr","16-Apr","17-Apr",7,0,0
"Amravati","Amravati","Amravati","Amravati - 2","Nandgaon Khandeshwar","20030287","Takli & 4 Villages RRWS","Ful Aamla",1771,2,"0.000000","0.000000","0.110000","0.020000","0.210000","0.000000","0.000000","0.000000","0.000000","6.260000","1.170000","12.130000","0.000000","12-Apr","13-Apr","14-Apr","15-Apr","16-Apr","17-Apr","11-Apr","12-Apr","13-Apr","14-Apr","15-Apr","16-Apr","17-Apr",7,7,0
"Amravati","Amravati","Amravati","Amravati - 2","Nandgaon Khandeshwar","20030287","Takli & 4 Villages RRWS","Bopnemtaba",849,1,"0.300000","0.000000","0.080000","0.190000","0.120000","0.080000","27.220000","35.890000","0.000000","9.420000","22.380000","14.130000","9.070000","12-Apr","13-Apr","14-Apr","15-Apr","16-Apr","17-Apr","11-Apr","12-Apr","13-Apr","14-Apr","15-Apr","16-Apr","17-Apr",7,7,0
"Amravati","Akola","Buldhana","Buldhana","Motala","20028065","Pophali & 3 Villages RRWSS","Wadi",724,3,"0.100000","0.070000","0.110000","0.070000","0.070000","0.040000","9.800000","13.850000","9.840000","15.460000","9.760000","9.770000","5.080000","12-Apr","13-Apr","14-Apr","15-Apr","16-Apr","17-Apr","11-Apr","12-Apr","13-Apr","14-Apr","15-Apr","16-Apr","17-Apr",7,7,0
"Amravati","Akola","Buldhana","Buldhana","Motala","20028065","Pophali & 3 Villages RRWSS","Pophali",2833,2,"1.720000","3.360000","2.690000","3.040000","1.380000","2.090000","91.480000","60.680000","118.730000","94.830000","107.210000","48.750000","73.910000","12-Apr","13-Apr","14-Apr","15-Apr","16-Apr","17-Apr","11-Apr","12-Apr","13-Apr","14-Apr","15-Apr","16-Apr","17-Apr",4,0,3
"Amravati","Akola","Buldhana","Buldhana","Motala","20028065","Pophali & 3 Villages RRWSS","Dhonkhed",970,2,"32.690000","31.210000","39.800000","38.860000","14.490000","37.450000","3770.880000","3369.740000","3217.220000","4103.570000","4005.720000","1494.280000","3860.550000","12-Apr","13-Apr","14-Apr","15-Apr","16-Apr","17-Apr","11-Apr","12-Apr","13-Apr","14-Apr","15-Apr","16-Apr","17-Apr",6,0,1
"Amravati","Akola","Buldhana","Buldhana","Motala","20028065","Pophali & 3 Villages RRWSS","Chawarda",1202,1,"0.000000","0.000000","10.290000","3.700000","1.510000","6.600000","1186.420000","0.000000","0.000000","856.070000","307.820000","125.620000","549.380000","12-Apr","13-Apr","14-Apr","15-Apr","16-Apr","17-Apr","11-Apr","12-Apr","13-Apr","14-Apr","15-Apr","16-Apr","17-Apr",2,0,5
"Amravati","Akola","Buldhana","Buldhana","Motala","20027978","Dhamangaon Deshmukh & 9 Villages RRWSS","Isalwadi",1075,1,"0.000000","0.000000","0.410000","1.210000","0.000000","0.140000","155.320000","0.000000","0.000000","38.160000","112.110000","0.000000","12.680000","12-Apr","13-Apr","14-Apr","15-Apr","16-Apr","17-Apr","11-Apr","12-Apr","13-Apr","14-Apr","15-Apr","16-Apr","17-Apr",0,0,7
"Amravati","Akola","Buldhana","Buldhana","Motala","20027978","Dhamangaon Deshmukh & 9 Villages RRWSS","Nimkhedi",850,2,"0.000000","0.010000","0.240000","0.000000","0.000000","0.010000","35.290000","0.000000","0.870000","28.430000","0.010000","0.000000","0.720000","12-Apr","13-Apr","14-Apr","15-Apr","16-Apr","17-Apr","11-Apr","12-Apr","13-Apr","14-Apr","15-Apr","16-Apr","17-Apr",7,0,0
"Amravati","Akola","Buldhana","Buldhana","Motala","20027978","Dhamangaon Deshmukh & 9 Villages RRWSS","Giroli",1418,2,"0.000000","0.000000","0.000000","0.000000","0.000000","0.000000","0.000000","0.000000","0.000000","0.000000","0.000000","0.000000","0.000000","12-Apr","13-Apr","14-Apr","15-Apr","16-Apr","17-Apr","11-Apr","12-Apr","13-Apr","14-Apr","15-Apr","16-Apr","17-Apr",7,7,0
"Amravati","Akola","Buldhana","Buldhana","Motala","20027978","Dhamangaon Deshmukh & 9 Villages RRWSS","Dhamangaon Deshmukh",1452,1,"1.620000","0.030000","0.000000","0.840000","0.750000","1.160000","54.830000","111.890000","1.970000","0.000000","57.770000","51.440000","79.930000","12-Apr","13-Apr","14-Apr","15-Apr","16-Apr","17-Apr","11-Apr","12-Apr","13-Apr","14-Apr","15-Apr","16-Apr","17-Apr",1,0,6
"Amravati","Akola","Buldhana","Buldhana","Motala","20027978","Dhamangaon Deshmukh & 9 Villages RRWSS","Chinchkhed Nath",1366,2,"0.080000","0.200000","0.060000","0.550000","0.000000","0.130000","18.520000","6.190000","14.750000","4.190000","40.560000","0.000000","9.340000","12-Apr","13-Apr","14-Apr","15-Apr","16-Apr","17-Apr","11-Apr","12-Apr","13-Apr","14-Apr","15-Apr","16-Apr","17-Apr",7,7,0
"Amravati","Akola","Buldhana","Buldhana","Motala","20027978","Dhamangaon Deshmukh & 9 Villages RRWSS","Ramgaon Tanda",475,3,"0.000000","2.870000","0.960000","1.220000","0.940000","0.520000","907.770000","0.000000","604.210000","201.940000","256.850000","197.040000","108.530000","12-Apr","13-Apr","14-Apr","15-Apr","16-Apr","17-Apr","11-Apr","12-Apr","13-Apr","14-Apr","15-Apr","16-Apr","17-Apr",0,0,7
"Amravati","Akola","Buldhana","Buldhana","Motala","20027978","Dhamangaon Deshmukh & 9 Villages RRWSS","Pimpalgaon Nath Tanda",891,2,"57.270000","36.550000","40.690000","50.640000","21.320000","48.970000","4183.650000","6428.120000","4102.030000","4566.910000","5683.420000","2392.640000","5495.960000","12-Apr","13-Apr","14-Apr","15-Apr","16-Apr","17-Apr","11-Apr","12-Apr","13-Apr","14-Apr","15-Apr","16-Apr","17-Apr",7,0,0
"Amravati","Akola","Buldhana","Buldhana","Motala","20027978","Dhamangaon Deshmukh & 9 Villages RRWSS","Pimpalgaon Nath",1482,2,"0.300000","1.160000","0.380000","0.960000","0.970000","0.460000","114.020000","20.140000","78.430000","25.880000","64.810000","65.130000","31.310000","12-Apr","13-Apr","14-Apr","15-Apr","16-Apr","17-Apr","11-Apr","12-Apr","13-Apr","14-Apr","15-Apr","16-Apr","17-Apr",1,0,6
"Amravati","Akola","Buldhana","Buldhana","Motala","20021409","Kurha & 2 Villages RRWSS","Gotmara",1309,1,"1.190000","0.520000","1.090000","1.530000","0.270000","2.950000","54.160000","90.550000","40.090000","83.620000","116.800000","20.680000","225.030000","12-Apr","13-Apr","14-Apr","15-Apr","16-Apr","17-Apr","11-Apr","12-Apr","13-Apr","14-Apr","15-Apr","16-Apr","17-Apr",6,1,1
"Amravati","Akola","Buldhana","Buldhana","Motala","20027978","Dhamangaon Deshmukh & 9 Villages RRWSS","Bhangi Vasti",244,1,"0.000000","0.000000","0.000000","0.000000","0.000000","0.000000","0.000000","0.000000","0.000000","0.000000","0.000000","0.000000","0.000000","12-Apr","13-Apr","14-Apr","15-Apr","16-Apr","17-Apr","11-Apr","12-Apr","13-Apr","14-Apr","15-Apr","16-Apr","17-Apr",7,7,0
"Amravati","Akola","Buldhana","Buldhana","Motala","20027978","Dhamangaon Deshmukh & 9 Villages RRWSS","Bhangi Tanda",398,1,"0.000000","0.000000","0.000000","1.140000","1.660000","1.040000","575.380000","0.000000","0.000000","0.000000","286.430000","417.090000","262.560000","12-Apr","13-Apr","14-Apr","15-Apr","16-Apr","17-Apr","11-Apr","12-Apr","13-Apr","14-Apr","15-Apr","16-Apr","17-Apr",0,0,7
"Amravati","Akola","Buldhana","Buldhana","Motala","20021409","Kurha & 2 Villages RRWSS","Kurha",2299,2,"2.070000","1.250000","1.330000","1.450000","0.970000","3.540000","51.740000","89.990000","54.220000","57.980000","63.110000","42.180000","154.110000","12-Apr","13-Apr","14-Apr","15-Apr","16-Apr","17-Apr","11-Apr","12-Apr","13-Apr","14-Apr","15-Apr","16-Apr","17-Apr",1,0,6
"Amravati","Akola","Buldhana","Buldhana","Motala","20021409","Kurha & 2 Villages RRWSS","Hanwatkhed",801,1,"3.340000","4.750000","1.770000","4.490000","0.670000","3.490000","206.750000","417.060000","593.010000","220.970000","560.550000","83.650000","435.160000","12-Apr","13-Apr","14-Apr","15-Apr","16-Apr","17-Apr","11-Apr","12-Apr","13-Apr","14-Apr","15-Apr","16-Apr","17-Apr",6,2,1
"Amravati","Amravati","Amravati W.M","W.M.Amravati - 2","Chandur Bazar","20003791","105 Villages RRWSS","Nandura Bk.",2311,3,"0.000000","2.140000","0.040000","0.410000","0.370000","1.080000","20.770000","0.000000","92.600000","1.730000","17.740000","16.010000","46.880000","12-Apr","13-Apr","14-Apr","15-Apr","16-Apr","17-Apr","11-Apr","12-Apr","13-Apr","14-Apr","15-Apr","16-Apr","17-Apr",5,5,2
"Amravati","Amravati","Amravati","Achalpur","Chandur Bazar","7945938","83 Village RRWS Scheme MJP RR (C 39)","Deurwada",912,3,"2.840000","2.700000","2.580000","2.760000","0.000000","2.160000","283.750000","311.610000","296.050000","282.890000","302.630000","0.000000","236.480000","12-Apr","13-Apr","14-Apr","15-Apr","16-Apr","17-Apr","11-Apr","12-Apr","13-Apr","14-Apr","15-Apr","16-Apr","17-Apr",0,0,7
"Amravati","Amravati","Amravati W.M","W.M.Amravati - 2","Chandur Bazar","20003791","105 Villages RRWSS","Mhaispur",794,1,"0.760000","0.710000","0.830000","1.170000","0.680000","0.000000","87.140000","95.350000","89.420000","104.530000","147.360000","86.130000","0.000000","12-Apr","13-Apr","14-Apr","15-Apr","16-Apr","17-Apr","11-Apr","12-Apr","13-Apr","14-Apr","15-Apr","16-Apr","17-Apr",7,7,0
"Amravati","Amravati","Amravati W.M","W.M.Amravati - 2","Bhatkuli","20003791","105 Villages RRWSS","Hatkhed",1221,3,"0.650000","2.320000","0.690000","1.090000","0.780000","2.020000","109.950000","53.640000","190.010000","56.510000","89.270000","63.880000","165.830000","12-Apr","13-Apr","14-Apr","15-Apr","16-Apr","17-Apr","11-Apr","12-Apr","13-Apr","14-Apr","15-Apr","16-Apr","17-Apr",7,7,0
"Amravati","Amravati","Amravati W.M","W.M.Amravati - 2","Bhatkuli","20003791","105 Villages RRWSS","Hiwara",689,1,"12.160000","7.590000","12.640000","7.990000","0.000000","12.280000","1949.200000","1764.880000","1101.600000","1834.540000","1159.650000","0.000000","1782.770000","12-Apr","13-Apr","14-Apr","15-Apr","16-Apr","17-Apr","11-Apr","12-Apr","13-Apr","14-Apr","15-Apr","16-Apr","17-Apr",7,7,0
"Amravati","Amravati","Yavatmal","Pusad","Pusad","20028563","Malpathar 28 Villages, (Reju.)","Aadgaon",2510,3,"0.000000","0.000000","0.000000","0.560000","0.570000","0.000000","25.830000","0.000000","0.000000","0.000000","22.310000","22.710000","0.000000","12-Apr","13-Apr","14-Apr","15-Apr","16-Apr","17-Apr","11-Apr","12-Apr","13-Apr","14-Apr","15-Apr","16-Apr","17-Apr",7,7,0
"Amravati","Akola","Akola","Murtizapur","Murtizapur","20028330","Langhapur 50 VRRWSS Tq. Murtizapur Dist. Akola","Rajura Ghate",268,1,"0.000000","0.000000","2.640000","0.000000","0.000000","0.000000","646.620000","0.000000","0.000000","985.070000","0.000000","0.000000","0.000000","12-Apr","13-Apr","14-Apr","15-Apr","16-Apr","17-Apr","11-Apr","12-Apr","13-Apr","14-Apr","15-Apr","16-Apr","17-Apr",7,7,0
"Amravati","Akola","Akola","Murtizapur","Murtizapur","20028330","Langhapur 50 VRRWSS Tq. Murtizapur Dist. Akola","Nimba",541,1,"0.000000","0.000000","0.000000","0.000000","0.000000","0.000000","0.000000","0.000000","0.000000","0.000000","0.000000","0.000000","0.000000","12-Apr","13-Apr","14-Apr","15-Apr","16-Apr","17-Apr","11-Apr","12-Apr","13-Apr","14-Apr","15-Apr","16-Apr","17-Apr",7,7,0
"Amravati","Akola","Akola","Murtizapur","Murtizapur","20028330","Langhapur 50 VRRWSS Tq. Murtizapur Dist. Akola","Dhotra shinde",455,2,"0.000000","0.000000","0.000000","0.000000","0.000000","0.000000","92.310000","0.000000","0.000000","0.000000","0.000000","0.000000","0.000000","12-Apr","13-Apr","14-Apr","15-Apr","16-Apr","17-Apr","11-Apr","12-Apr","13-Apr","14-Apr","15-Apr","16-Apr","17-Apr",0,0,7
"Amravati","Amravati","Amravati W.M","W.M.Amravati - 2","Bhatkuli","20003791","105 Villages RRWSS","Jalaka",1577,1,"0.720000","0.640000","0.680000","0.620000","0.680000","0.400000","31.000000","45.680000","40.580000","43.120000","39.320000","43.120000","25.070000","12-Apr","13-Apr","14-Apr","15-Apr","16-Apr","17-Apr","11-Apr","12-Apr","13-Apr","14-Apr","15-Apr","16-Apr","17-Apr",7,2,0
"Amravati","Amravati","Amravati W.M","W.M.Amravati - 2","Bhatkuli","20003791","105 Villages RRWSS","Anakwadi",649,1,"0.000000","0.260000","0.000000","0.000000","0.120000","0.130000","11.240000","0.000000","40.060000","0.000000","0.000000","18.490000","20.080000","12-Apr","13-Apr","14-Apr","15-Apr","16-Apr","17-Apr","11-Apr","12-Apr","13-Apr","14-Apr","15-Apr","16-Apr","17-Apr",1,0,6
"Amravati","Amravati","Amravati W.M","W.M.Amravati - 2","Chandur Bazar","20003791","105 Villages RRWSS","Pusda",5512,4,"0.610000","0.640000","1.010000","0.680000","0.650000","0.370000","9.010000","11.020000","11.610000","18.320000","12.340000","11.790000","6.630000","12-Apr","13-Apr","14-Apr","15-Apr","16-Apr","17-Apr","11-Apr","12-Apr","13-Apr","14-Apr","15-Apr","16-Apr","17-Apr",6,2,1
"Amravati","Amravati","Amravati W.M","W.M.Amravati - 2","Chandur Bazar","20003791","105 Villages RRWSS","Nirul",1528,4,"1.490000","1.820000","1.640000","1.970000","1.560000","1.160000","97.330000","97.300000","119.110000","107.330000","128.930000","102.090000","75.700000","12-Apr","13-Apr","14-Apr","15-Apr","16-Apr","17-Apr","11-Apr","12-Apr","13-Apr","14-Apr","15-Apr","16-Apr","17-Apr",0,0,7
"Amravati","Amravati","Amravati W.M","W.M.Amravati - 2","Chandur Bazar","20003791","105 Villages RRWSS","Naya Akola",3201,6,"0.000000","0.000000","0.000000","0.000000","0.000000","0.000000","0.000000","0.000000","0.000000","0.000000","0.000000","0.000000","0.000000","12-Apr","13-Apr","14-Apr","15-Apr","16-Apr","17-Apr","11-Apr","12-Apr","13-Apr","14-Apr","15-Apr","16-Apr","17-Apr",1,1,6
"Amravati","Amravati","Amravati W.M","W.M.Amravati - 2","Chandur Bazar","20003791","105 Villages RRWSS","Pohara",517,1,"0.000000","1.450000","0.000000","1.530000","0.000000","1.320000","224.370000","0.000000","280.460000","0.000000","295.940000","0.000000","255.320000","12-Apr","13-Apr","14-Apr","15-Apr","16-Apr","17-Apr","11-Apr","12-Apr","13-Apr","14-Apr","15-Apr","16-Apr","17-Apr",5,4,2
"Amravati","Amravati","Amravati W.M","W.M.Amravati - 2","Bhatkuli","20003791","105 Villages RRWSS","Nanori",1237,1,"20.860000","21.000000","25.610000","19.580000","15.620000","23.250000","1874.880000","1685.940000","1697.310000","2070.550000","1583.230000","1262.570000","1879.880000","12-Apr","13-Apr","14-Apr","15-Apr","16-Apr","17-Apr","11-Apr","12-Apr","13-Apr","14-Apr","15-Apr","16-Apr","17-Apr",7,7,0
"Nashik","Nashik","W M Nashik","Malegaon","Chandwad","20086730","Retro.Chandwad and WSS 44 villages. Ta. Chandwad","Sutarkhede",1742,1,"0.000000","0.860000","0.000000","0.070000","0.000000","0.570000","0.000000","0.000000","49.150000","0.000000","3.900000","0.000000","32.690000","12-Apr","13-Apr","14-Apr","15-Apr","16-Apr","17-Apr","11-Apr","12-Apr","13-Apr","14-Apr","15-Apr","16-Apr","17-Apr",7,7,0
"Nashik","Nashik","W M Nashik","Malegaon","Chandwad","20086730","Retro.Chandwad and WSS 44 villages. Ta. Chandwad","Talwade",925,1,"0.000000","0.000000","0.130000","0.000000","0.000000","0.000000","0.000000","0.000000","0.000000","13.940000","0.000000","0.000000","0.000000","12-Apr","13-Apr","14-Apr","15-Apr","16-Apr","17-Apr","11-Apr","12-Apr","13-Apr","14-Apr","15-Apr","16-Apr","17-Apr",7,7,0
"Nashik","Nashik","W M Nashik","Malegaon","Chandwad","20086730","Retro.Chandwad and WSS 44 villages. Ta. Chandwad","Sogras",1649,1,"0.000000","0.000000","1.040000","0.460000","0.000000","0.000000","0.000000","0.000000","0.000000","63.070000","27.990000","0.000000","0.000000","12-Apr","13-Apr","14-Apr","15-Apr","16-Apr","17-Apr","11-Apr","12-Apr","13-Apr","14-Apr","15-Apr","16-Apr","17-Apr",7,7,0
"Nashik","Nashik","W M Nashik","Malegaon","Chandwad","20086730","Retro.Chandwad and WSS 44 villages. Ta. Chandwad","Soni Sangvi",764,1,"0.000000","0.000000","0.000000","0.000000","0.000000","0.000000","0.000000","0.000000","0.000000","0.000000","0.000000","0.000000","0.000000","12-Apr","13-Apr","14-Apr","15-Apr","16-Apr","17-Apr","11-Apr","12-Apr","13-Apr","14-Apr","15-Apr","16-Apr","17-Apr",7,7,0
"Nashik","Nashik","W M Nashik","Malegaon","Chandwad","20086730","Retro.Chandwad and WSS 44 villages. Ta. Chandwad","Shinde",1804,2,"0.350000","0.000000","0.000000","0.000000","0.300000","0.060000","0.000000","19.640000","0.000000","0.000000","0.000000","16.440000","3.560000","12-Apr","13-Apr","14-Apr","15-Apr","16-Apr","17-Apr","11-Apr","12-Apr","13-Apr","14-Apr","15-Apr","16-Apr","17-Apr",3,0,4
"Nashik","Nashik","W M Nashik","Malegaon","Chandwad","20086730","Retro.Chandwad and WSS 44 villages. Ta. Chandwad","Shirsane",1717,1,"0.000000","0.600000","0.000000","0.700000","0.000000","0.000000","27.900000","0.000000","34.880000","0.000000","40.530000","0.000000","0.000000","12-Apr","13-Apr","14-Apr","15-Apr","16-Apr","17-Apr","11-Apr","12-Apr","13-Apr","14-Apr","15-Apr","16-Apr","17-Apr",6,0,1
"Nashik","Nashik","W M Nashik","Malegaon","Chandwad","20086730","Retro.Chandwad and WSS 44 villages. Ta. Chandwad","Shirur",1835,2,"0.000000","0.000000","0.510000","0.000000","0.000000","0.000000","0.000000","0.000000","0.000000","27.970000","0.000000","0.000000","0.000000","12-Apr","13-Apr","14-Apr","15-Apr","16-Apr","17-Apr","11-Apr","12-Apr","13-Apr","14-Apr","15-Apr","16-Apr","17-Apr",7,0,0
"Nashik","Nashik","W M Nashik","Malegaon","Chandwad","20086730","Retro.Chandwad and WSS 44 villages. Ta. Chandwad","Shelu Matha",1622,1,"0.800000","0.770000","0.000000","0.000000","0.000000","0.000000","0.000000","49.170000","47.420000","0.000000","0.000000","0.000000","0.000000","12-Apr","13-Apr","14-Apr","15-Apr","16-Apr","17-Apr","11-Apr","12-Apr","13-Apr","14-Apr","15-Apr","16-Apr","17-Apr",7,7,0
"Nashik","Nashik","W M Nashik","Malegaon","Chandwad","20086730","Retro.Chandwad and WSS 44 villages. Ta. Chandwad","Shelu Varche",1622,1,"0.000000","0.000000","0.000000","0.000000","0.000000","0.000000","0.000000","0.000000","0.000000","0.000000","0.000000","0.000000","0.000000","12-Apr","13-Apr","14-Apr","15-Apr","16-Apr","17-Apr","11-Apr","12-Apr","13-Apr","14-Apr","15-Apr","16-Apr","17-Apr",7,7,0
"Nashik","Nashik","W M Nashik","Malegaon","Chandwad","20086730","Retro.Chandwad and WSS 44 villages. Ta. Chandwad","Vitave",1920,1,"0.040000","0.050000","0.050000","0.010000","0.000000","0.060000","2.100000","1.830000","2.450000","2.720000","0.670000","0.000000","3.160000","12-Apr","13-Apr","14-Apr","15-Apr","16-Apr","17-Apr","11-Apr","12-Apr","13-Apr","14-Apr","15-Apr","16-Apr","17-Apr",7,5,0
"Nashik","Nashik","W M Nashik","Malegaon","Chandwad","20086730","Retro.Chandwad and WSS 44 villages. Ta. Chandwad","Vaki Kh",2158,1,"0.000000","0.000000","0.000000","0.000000","0.000000","0.000000","0.000000","0.000000","0.000000","0.000000","0.000000","0.000000","0.000000","12-Apr","13-Apr","14-Apr","15-Apr","16-Apr","17-Apr","11-Apr","12-Apr","13-Apr","14-Apr","15-Apr","16-Apr","17-Apr",6,6,1
"Nashik","Nashik","W M Nashik","Malegaon","Chandwad","20086730","Retro.Chandwad and WSS 44 villages. Ta. Chandwad","Vijaynagar",905,1,"0.000000","0.250000","0.000000","0.000000","0.000000","0.000000","0.000000","0.000000","27.810000","0.000000","0.000000","0.000000","0.000000","12-Apr","13-Apr","14-Apr","15-Apr","16-Apr","17-Apr","11-Apr","12-Apr","13-Apr","14-Apr","15-Apr","16-Apr","17-Apr",6,0,1
"Nashik","Nashik","W M Nashik","Malegaon","Chandwad","20086730","Retro.Chandwad and WSS 44 villages. Ta. Chandwad","Vadalibhoi",9581,2,"0.000000","0.000000","0.000000","0.000000","0.000000","0.000000","0.000000","0.000000","0.000000","0.000000","0.000000","0.000000","0.000000","12-Apr","13-Apr","14-Apr","15-Apr","16-Apr","17-Apr","11-Apr","12-Apr","13-Apr","14-Apr","15-Apr","16-Apr","17-Apr",7,7,0
"Nashik","Nashik","W M Nashik","Malegaon","Chandwad","20086730","Retro.Chandwad and WSS 44 villages. Ta. Chandwad","Vahegaonsal",4062,1,"4.480000","0.000000","0.000000","0.010000","0.020000","0.000000","1395.560000","110.400000","0.000000","0.000000","0.150000","0.450000","0.000000","12-Apr","13-Apr","14-Apr","15-Apr","16-Apr","17-Apr","11-Apr","12-Apr","13-Apr","14-Apr","15-Apr","16-Apr","17-Apr",7,3,0
"Nashik","Nashik","W M Nashik","Malegaon","Chandwad","20086730","Retro.Chandwad and WSS 44 villages. Ta. Chandwad","Koltek",796,1,"0.000000","0.000000","0.360000","0.000000","0.000000","0.340000","0.000000","0.000000","0.000000","45.610000","0.000000","0.000000","43.080000","12-Apr","13-Apr","14-Apr","15-Apr","16-Apr","17-Apr","11-Apr","12-Apr","13-Apr","14-Apr","15-Apr","16-Apr","17-Apr",7,0,0
"Nashik","Nashik","W M Nashik","Malegaon","Chandwad","20086730","Retro.Chandwad and WSS 44 villages. Ta. Chandwad","Mangrul",2328,2,"1.440000","0.920000","0.580000","0.000000","2.010000","1.660000","41.540000","61.670000","39.610000","25.110000","0.120000","86.370000","71.210000","12-Apr","13-Apr","14-Apr","15-Apr","16-Apr","17-Apr","11-Apr","12-Apr","13-Apr","14-Apr","15-Apr","16-Apr","17-Apr",7,1,0
"Nashik","Nashik","W M Nashik","Malegaon","Chandwad","20086730","Retro.Chandwad and WSS 44 villages. Ta. Chandwad","Kheldari",2246,2,"0.530000","0.000000","0.000000","0.000000","0.000000","0.000000","0.000000","23.460000","0.000000","0.000000","0.000000","0.000000","0.000000","12-Apr","13-Apr","14-Apr","15-Apr","16-Apr","17-Apr","11-Apr","12-Apr","13-Apr","14-Apr","15-Apr","16-Apr","17-Apr",7,1,0
"Nashik","Nashik","W M Nashik","Malegaon","Chandwad","20086730","Retro.Chandwad and WSS 44 villages. Ta. Chandwad","Kalkhode",1543,2,"0.000000","0.000000","0.000000","0.000000","0.000000","0.000000","0.000000","0.000000","0.000000","0.000000","0.000000","0.000000","0.000000","12-Apr","13-Apr","14-Apr","15-Apr","16-Apr","17-Apr","11-Apr","12-Apr","13-Apr","14-Apr","15-Apr","16-Apr","17-Apr",7,7,0
"Nashik","Nashik","W M Nashik","Malegaon","Chandwad","20086730","Retro.Chandwad and WSS 44 villages. Ta. Chandwad","Kanmandale",3261,2,"0.000000","1.700000","0.000000","0.000000","0.000000","0.000000","0.000000","0.000000","52.070000","0.010000","0.000000","0.000000","0.000000","12-Apr","13-Apr","14-Apr","15-Apr","16-Apr","17-Apr","11-Apr","12-Apr","13-Apr","14-Apr","15-Apr","16-Apr","17-Apr",1,0,6
"Nashik","Nashik","W M Nashik","Malegaon","Chandwad","20086730","Retro.Chandwad and WSS 44 villages. Ta. Chandwad","Hatti",1161,1,"0.000000","0.000000","0.000000","0.370000","0.140000","0.220000","23.280000","0.000000","0.000000","0.010000","32.020000","12.330000","18.710000","12-Apr","13-Apr","14-Apr","15-Apr","16-Apr","17-Apr","11-Apr","12-Apr","13-Apr","14-Apr","15-Apr","16-Apr","17-Apr",7,0,0
"Nashik","Nashik","W M Nashik","Malegaon","Chandwad","20086730","Retro.Chandwad and WSS 44 villages. Ta. Chandwad","Jaitapur",580,1,"0.000000","0.000000","0.000000","0.000000","0.000000","0.000000","1.640000","0.000000","0.000000","0.000000","0.000000","0.680000","0.000000","12-Apr","13-Apr","14-Apr","15-Apr","16-Apr","17-Apr","11-Apr","12-Apr","13-Apr","14-Apr","15-Apr","16-Apr","17-Apr",4,4,3
"Nashik","Nashik","W M Nashik","Malegaon","Chandwad","20086730","Retro.Chandwad and WSS 44 villages. Ta. Chandwad","Raypur",3624,1,"0.950000","0.000000","0.000000","0.000000","0.000000","0.000000","14.880000","26.140000","0.000000","0.000000","0.000000","0.000000","0.000000","12-Apr","13-Apr","14-Apr","15-Apr","16-Apr","17-Apr","11-Apr","12-Apr","13-Apr","14-Apr","15-Apr","16-Apr","17-Apr",7,7,0
"Nashik","Nashik","W M Nashik","Malegaon","Chandwad","20086730","Retro.Chandwad and WSS 44 villages. Ta. Chandwad","Patharshembe",2150,1,"0.000000","0.000000","0.000000","0.000000","0.000000","0.000000","11.770000","0.000000","0.000000","0.000000","0.000000","0.000000","0.000000","12-Apr","13-Apr","14-Apr","15-Apr","16-Apr","17-Apr","11-Apr","12-Apr","13-Apr","14-Apr","15-Apr","16-Apr","17-Apr",7,1,0
"Nashik","Nashik","W M Nashik","Malegaon","Chandwad","20086730","Retro.Chandwad and WSS 44 villages. Ta. Chandwad","Pimpalgaon Dabali",919,1,"0.000000","0.000000","0.000000","0.000000","0.000000","0.000000","0.000000","0.000000","0.000000","0.000000","0.000000","0.000000","0.000000","12-Apr","13-Apr","14-Apr","15-Apr","16-Apr","17-Apr","11-Apr","12-Apr","13-Apr","14-Apr","15-Apr","16-Apr","17-Apr",4,1,3
"Nashik","Nashik","W M Nashik","Malegaon","Chandwad","20086730","Retro.Chandwad and WSS 44 villages. Ta. Chandwad","Puri",2836,1,"0.000000","0.000000","0.000000","0.000000","0.000000","0.000000","0.000000","0.000000","0.000000","0.000000","0.000000","0.000000","0.000000","12-Apr","13-Apr","14-Apr","15-Apr","16-Apr","17-Apr","11-Apr","12-Apr","13-Apr","14-Apr","15-Apr","16-Apr","17-Apr",0,0,7
"Nashik","Nashik","W M Nashik","Malegaon","Chandwad","20086730","Retro.Chandwad and WSS 44 villages. Ta. Chandwad","Nimgavhan",1004,1,"0.000000","0.000000","0.000000","0.000000","0.000000","0.000000","0.000000","0.000000","0.000000","0.000000","0.000000","0.000000","0.000000","12-Apr","13-Apr","14-Apr","15-Apr","16-Apr","17-Apr","11-Apr","12-Apr","13-Apr","14-Apr","15-Apr","16-Apr","17-Apr",7,7,0
"Nashik","Nashik","W M Nashik","Malegaon","Chandwad","20086730","Retro.Chandwad and WSS 44 villages. Ta. Chandwad","Panhale",1484,1,"0.000000","0.000000","0.000000","0.000000","0.000000","0.000000","0.000000","0.000000","0.000000","0.000000","0.000000","0.000000","0.000000","12-Apr","13-Apr","14-Apr","15-Apr","16-Apr","17-Apr","11-Apr","12-Apr","13-Apr","14-Apr","15-Apr","16-Apr","17-Apr",7,0,0
"Nashik","Nashik","W M Nashik","Malegaon","Chandwad","20086730","Retro.Chandwad and WSS 44 villages. Ta. Chandwad","Pate",985,1,"0.000000","0.000000","0.000000","0.000000","0.000000","0.450000","0.000000","0.000000","0.000000","0.000000","0.000000","0.000000","45.600000","12-Apr","13-Apr","14-Apr","15-Apr","16-Apr","17-Apr","11-Apr","12-Apr","13-Apr","14-Apr","15-Apr","16-Apr","17-Apr",1,7,0
"Nashik","Nashik","W M Nashik","Malegaon","Chandwad","20086730","Retro.Chandwad and WSS 44 villages. Ta. Chandwad","Nimbale",2139,1,"0.000000","0.000000","0.000000","0.000000","0.000000","0.000000","0.000000","0.000000","0.000000","0.000000","0.000000","0.000000","0.000000","12-Apr","13-Apr","14-Apr","15-Apr","16-Apr","17-Apr","11-Apr","12-Apr","13-Apr","14-Apr","15-Apr","16-Apr","17-Apr",1,7,0
"Nashik","Nashik","W M Nashik","Malegaon","Chandwad","20086730","Retro.Chandwad and WSS 44 villages. Ta. Chandwad","Chinchole",914,1,"0.380000","0.000000","0.000000","0.190000","0.000000","0.000000","0.000000","41.860000","0.000000","0.000000","20.470000","0.000000","0.000000","12-Apr","13-Apr","14-Apr","15-Apr","16-Apr","17-Apr","11-Apr","12-Apr","13-Apr","14-Apr","15-Apr","16-Apr","17-Apr",1,5,2
"Nashik","Nashik","W M Nashik","Malegaon","Chandwad","20086730","Retro.Chandwad and WSS 44 villages. Ta. Chandwad","Bharvir",1288,2,"0.000000","0.000000","0.000000","0.000000","0.000000","0.000000","0.010000","0.000000","0.000000","0.000000","0.000000","0.000000","0.000000","12-Apr","13-Apr","14-Apr","15-Apr","16-Apr","17-Apr","11-Apr","12-Apr","13-Apr","14-Apr","15-Apr","16-Apr","17-Apr",7,7,0
"Nashik","Nashik","W M Nashik","Malegaon","Chandwad","20086730","Retro.Chandwad and WSS 44 villages. Ta. Chandwad","Bhutyane",1557,1,"0.000000","0.660000","0.000000","0.000000","0.210000","0.000000","0.000000","0.000000","42.160000","0.010000","0.010000","13.350000","0.000000","12-Apr","13-Apr","14-Apr","15-Apr","16-Apr","17-Apr","11-Apr","12-Apr","13-Apr","14-Apr","15-Apr","16-Apr","17-Apr",7,7,0
"Nashik","Nashik","W M Nashik","Malegaon","Chandwad","20086730","Retro.Chandwad and WSS 44 villages. Ta. Chandwad","Ahirkhede",1089,1,"0.210000","0.000000","0.000000","0.480000","0.000000","0.000000","0.000000","19.040000","0.000000","0.000000","43.760000","0.000000","0.000000","12-Apr","13-Apr","14-Apr","15-Apr","16-Apr","17-Apr","11-Apr","12-Apr","13-Apr","14-Apr","15-Apr","16-Apr","17-Apr",7,7,0
"Nashik","Nashik","W M Nashik","Malegaon","Chandwad","20086730","Retro.Chandwad and WSS 44 villages. Ta. Chandwad","Ganur",2555,1,"0.000000","0.000000","0.860000","0.000000","0.000000","0.140000","0.020000","0.000000","0.000000","33.840000","0.000000","0.000000","5.370000","12-Apr","13-Apr","14-Apr","15-Apr","16-Apr","17-Apr","11-Apr","12-Apr","13-Apr","14-Apr","15-Apr","16-Apr","17-Apr",0,0,7
"Nashik","Nashik","W M Nashik","Malegaon","Chandwad","20086730","Retro.Chandwad and WSS 44 villages. Ta. Chandwad","Harnul",1053,1,"0.000000","0.000000","0.000000","0.000000","0.000000","0.000000","0.000000","0.000000","0.000000","0.000000","0.000000","0.000000","0.000000","12-Apr","13-Apr","14-Apr","15-Apr","16-Apr","17-Apr","11-Apr","12-Apr","13-Apr","14-Apr","15-Apr","16-Apr","17-Apr",7,7,0
"Nashik","Nashik","W M Nashik","Malegaon","Chandwad","20086730","Retro.Chandwad and WSS 44 villages. Ta. Chandwad","Ekrukhe",693,1,"0.000000","0.000000","0.000000","0.000000","0.000000","0.000000","0.000000","0.000000","0.000000","0.000000","0.000000","0.000000","0.000000","12-Apr","13-Apr","14-Apr","15-Apr","16-Apr","17-Apr","11-Apr","12-Apr","13-Apr","14-Apr","15-Apr","16-Apr","17-Apr",7,7,0
"Nashik","Nashik","W M Nashik","Malegaon","Chandwad","20086730","Retro.Chandwad and WSS 44 villages. Ta. Chandwad","Gangave",1658,1,"0.000000","0.000000","0.070000","0.000000","0.000000","0.000000","1.420000","0.000000","0.000000","4.010000","0.000000","0.000000","0.000000","12-Apr","13-Apr","14-Apr","15-Apr","16-Apr","17-Apr","11-Apr","12-Apr","13-Apr","14-Apr","15-Apr","16-Apr","17-Apr",4,4,3
"Nashik","Nashik","W M Nashik","Malegaon","Chandwad","20086730","Retro.Chandwad and WSS 44 villages. Ta. Chandwad","Dighwad",2462,1,"0.000000","0.000000","0.000000","0.000000","0.000000","0.000000","0.000000","0.000000","0.000000","0.000000","0.000000","0.000000","0.000000","12-Apr","13-Apr","14-Apr","15-Apr","16-Apr","17-Apr","11-Apr","12-Apr","13-Apr","14-Apr","15-Apr","16-Apr","17-Apr",3,3,4
"Nashik","Nashik","W M Nashik","Malegaon","Chandwad","20086730","Retro.Chandwad and WSS 44 villages. Ta. Chandwad","Dongargaon",1649,1,"0.000000","0.000000","0.000000","0.000000","0.000000","0.000000","0.000000","0.000000","0.000000","0.000000","0.000000","0.000000","0.000000","12-Apr","13-Apr","14-Apr","15-Apr","16-Apr","17-Apr","11-Apr","12-Apr","13-Apr","14-Apr","15-Apr","16-Apr","17-Apr",7,7,0
"Nashik","Nashik","W M Nashik","Malegaon","Chandwad","20086730","Retro.Chandwad and WSS 44 villages. Ta. Chandwad","Dhodambe",4197,1,"0.000000","0.000000","0.000000","0.000000","0.000000","0.000000","0.000000","0.000000","0.000000","0.000000","0.000000","0.000000","0.000000","12-Apr","13-Apr","14-Apr","15-Apr","16-Apr","17-Apr","11-Apr","12-Apr","13-Apr","14-Apr","15-Apr","16-Apr","17-Apr",0,0,7
"Nashik","Ahmednagar","Sangamner","Sangamner","Sangamner","7937337","Retro.Nimon and 4 villages, Tal. Sangamner","Pimpale",2689,3,"0.360000","0.530000","2.090000","0.000000","0.000000","0.000000","0.300000","13.370000","19.690000","77.780000","0.030000","0.000000","0.000000","12-Apr","13-Apr","14-Apr","15-Apr","16-Apr","17-Apr","11-Apr","12-Apr","13-Apr","14-Apr","15-Apr","16-Apr","17-Apr",5,4,2
"Nashik","Ahmednagar","Sangamner","Sangamner","Sangamner","7937337","Retro.Nimon and 4 villages, Tal. Sangamner","Sonewadi",2328,2,"0.100000","3.490000","0.000000","1.210000","0.000000","0.000000","98.260000","4.090000","149.750000","0.000000","52.090000","0.000000","0.000000","12-Apr","13-Apr","14-Apr","15-Apr","16-Apr","17-Apr","11-Apr","12-Apr","13-Apr","14-Apr","15-Apr","16-Apr","17-Apr",7,5,0
"Nashik","Ahmednagar","Sangamner","Sangamner","Sangamner","7937337","Retro.Nimon and 4 villages, Tal. Sangamner","Karhe",2691,2,"0.000000","0.000000","0.000000","0.000000","0.000000","0.000000","0.000000","0.000000","0.000000","0.000000","0.000000","0.000000","0.000000","12-Apr","13-Apr","14-Apr","15-Apr","16-Apr","17-Apr","11-Apr","12-Apr","13-Apr","14-Apr","15-Apr","16-Apr","17-Apr",7,7,0
"Nashik","Ahmednagar","Sangamner","Sangamner","Sangamner","7937337","Retro.Nimon and 4 villages, Tal. Sangamner","Palaskhede",3954,3,"0.710000","0.120000","0.820000","0.100000","0.810000","0.000000","0.000000","17.910000","3.050000","20.700000","2.530000","20.590000","0.120000","12-Apr","13-Apr","14-Apr","15-Apr","16-Apr","17-Apr","11-Apr","12-Apr","13-Apr","14-Apr","15-Apr","16-Apr","17-Apr",7,7,0
"Nashik","Ahmednagar","Sangamner","Sangamner","Sangamner","20033242","Retro.Talegaon Dighe and 16 villages, Tal. Sangamner","Wadzari (Bk)",1458,1,"0.650000","0.020000","0.100000","0.610000","0.640000","0.160000","7.930000","44.300000","1.670000","6.970000","42.070000","44.100000","10.930000","12-Apr","13-Apr","14-Apr","15-Apr","16-Apr","17-Apr","11-Apr","12-Apr","13-Apr","14-Apr","15-Apr","16-Apr","17-Apr",7,7,0
"Nashik","Ahmednagar","Sangamner","Sangamner","Sangamner","20033242","Retro.Talegaon Dighe and 16 villages, Tal. Sangamner","Wadzari (Kh)",1173,1,"0.000000","0.000000","0.000000","0.000000","0.000000","0.000000","0.000000","0.000000","0.000000","0.000000","0.000000","0.000000","0.010000","12-Apr","13-Apr","14-Apr","15-Apr","16-Apr","17-Apr","11-Apr","12-Apr","13-Apr","14-Apr","15-Apr","16-Apr","17-Apr",7,4,0
"Nashik","Ahmednagar","Sangamner","Sangamner","Sangamner","20033242","Retro.Talegaon Dighe and 16 villages, Tal. Sangamner","Kakadwadi",2267,2,"0.000000","0.000000","0.000000","0.000000","0.000000","0.000000","0.000000","0.000000","0.000000","0.000000","0.000000","0.000000","0.000000","12-Apr","13-Apr","14-Apr","15-Apr","16-Apr","17-Apr","11-Apr","12-Apr","13-Apr","14-Apr","15-Apr","16-Apr","17-Apr",7,1,0
"Nashik","Ahmednagar","Sangamner","Sangamner","Sangamner","20033242","Retro.Talegaon Dighe and 16 villages, Tal. Sangamner","chincholi Gurav",3160,4,"0.000000","0.000000","0.000000","0.000000","0.000000","0.000000","0.000000","0.000000","0.000000","0.000000","0.000000","0.000000","0.000000","12-Apr","13-Apr","14-Apr","15-Apr","16-Apr","17-Apr","11-Apr","12-Apr","13-Apr","14-Apr","15-Apr","16-Apr","17-Apr",6,3,1
"Nashik","Nashik","W M Nashik","Sinnar","Naigaon","20028193","Retrofitting To Wadzire (Naigaon) & 4 Villages RRWSS","Wadzire",3369,2,"0.000000","0.000000","0.920000","0.070000","0.790000","2.410000","0.000000","0.000000","0.000000","27.260000","1.940000","23.310000","71.500000","12-Apr","13-Apr","14-Apr","15-Apr","16-Apr","17-Apr","11-Apr","12-Apr","13-Apr","14-Apr","15-Apr","16-Apr","17-Apr",6,0,1
"Nashik","Nashik","W M Nashik","Sinnar","Naigaon","20028193","Retrofitting To Wadzire (Naigaon) & 4 Villages RRWSS","Moh- Mahadari",1025,1,"0.000000","0.000000","2.550000","0.920000","0.090000","0.040000","411.710000","0.000000","0.000000","248.840000","89.670000","8.970000","4.250000","12-Apr","13-Apr","14-Apr","15-Apr","16-Apr","17-Apr","11-Apr","12-Apr","13-Apr","14-Apr","15-Apr","16-Apr","17-Apr",7,1,0
"Nashik","Ahmednagar","Ahmednagar","Newasa","Nevasa","5348540","Retro.Sonai Karjgaon and 16 villages, Tal. Nevasa","LANDEWADI",2158,2,"0.000000","0.570000","0.600000","0.580000","0.630000","0.340000","25.130000","0.000000","26.520000","27.740000","26.680000","29.040000","15.770000","12-Apr","13-Apr","14-Apr","15-Apr","16-Apr","17-Apr","11-Apr","12-Apr","13-Apr","14-Apr","15-Apr","16-Apr","17-Apr",7,2,0
"Nashik","Nashik","W M Nashik","W.M.Nashik","Nifad","20039258","Ozar-Sakore & 2 Villages","Sakore",4107,2,"0.970000","0.710000","0.750000","0.820000","0.050000","1.410000","19.250000","23.620000","17.280000","18.150000","19.910000","1.240000","34.250000","12-Apr","13-Apr","14-Apr","15-Apr","16-Apr","17-Apr","11-Apr","12-Apr","13-Apr","14-Apr","15-Apr","16-Apr","17-Apr",7,7,0
"Nashik","Nashik","Nashik","Sinnar","Sinnar","20019176","Retro. Bargaonpimpri & 6 VRWSS  Tal Sinnar","Gulwanch",6190,3,"1.800000","1.370000","0.000000","1.360000","0.600000","0.000000","0.000000","29.130000","22.100000","0.000000","21.950000","9.750000","0.000000","12-Apr","13-Apr","14-Apr","15-Apr","16-Apr","17-Apr","11-Apr","12-Apr","13-Apr","14-Apr","15-Apr","16-Apr","17-Apr",7,2,0
"Nashik","Ahmednagar","Ahmednagar","Newasa","Nevasa","5348540","Retro.Sonai Karjgaon and 16 villages, Tal. Nevasa","Siregaon",3695,1,"0.480000","2.290000","0.000000","1.420000","0.340000","0.520000","16.790000","13.040000","61.890000","0.000000","38.440000","9.170000","14.040000","12-Apr","13-Apr","14-Apr","15-Apr","16-Apr","17-Apr","11-Apr","12-Apr","13-Apr","14-Apr","15-Apr","16-Apr","17-Apr",7,7,0
"Nashik","Ahmednagar","Ahmednagar","Newasa","Nevasa","5348540","Retro.Sonai Karjgaon and 16 villages, Tal. Nevasa","Navin Chandgaon",1547,1,"0.000000","0.000000","0.080000","0.000000","0.000000","0.000000","8.530000","0.000000","0.000000","5.090000","0.000000","0.000000","0.000000","12-Apr","13-Apr","14-Apr","15-Apr","16-Apr","17-Apr","11-Apr","12-Apr","13-Apr","14-Apr","15-Apr","16-Apr","17-Apr",2,2,5
"Nashik","Ahmednagar","Ahmednagar","Newasa","Nevasa","5348540","Retro.Sonai Karjgaon and 16 villages, Tal. Nevasa","NIMBHARI",2524,2,"0.780000","0.790000","1.280000","0.800000","0.550000","0.530000","27.290000","30.940000","31.220000","50.900000","31.680000","21.800000","20.810000","12-Apr","13-Apr","14-Apr","15-Apr","16-Apr","17-Apr","11-Apr","12-Apr","13-Apr","14-Apr","15-Apr","16-Apr","17-Apr",7,0,0
"Nashik","Ahmednagar","Ahmednagar","Newasa","Nevasa","5348540","Retro.Sonai Karjgaon and 16 villages, Tal. Nevasa","PANEGAON",2858,2,"0.470000","0.410000","0.720000","0.630000","0.610000","0.800000","18.410000","16.600000","14.290000","25.080000","21.940000","21.320000","27.840000","12-Apr","13-Apr","14-Apr","15-Apr","16-Apr","17-Apr","11-Apr","12-Apr","13-Apr","14-Apr","15-Apr","16-Apr","17-Apr",6,0,1
"Nashik","Ahmednagar","Ahmednagar","Newasa","Nevasa","5348540","Retro.Sonai Karjgaon and 16 villages, Tal. Nevasa","KHUPTI",2338,2,"2.360000","1.520000","1.700000","1.460000","1.180000","1.300000","68.180000","101.060000","64.900000","72.620000","62.650000","50.590000","55.490000","12-Apr","13-Apr","14-Apr","15-Apr","16-Apr","17-Apr","11-Apr","12-Apr","13-Apr","14-Apr","15-Apr","16-Apr","17-Apr",7,4,0
"Nashik","Ahmednagar","Ahmednagar","Newasa","Nevasa","5348540","Retro.Sonai Karjgaon and 16 villages, Tal. Nevasa","KARAJGAON",3750,3,"1.990000","2.100000","2.110000","1.810000","1.040000","2.010000","50.930000","53.000000","56.080000","56.250000","48.290000","27.750000","53.640000","12-Apr","13-Apr","14-Apr","15-Apr","16-Apr","17-Apr","11-Apr","12-Apr","13-Apr","14-Apr","15-Apr","16-Apr","17-Apr",7,2,0
"Nashik","Ahmednagar","Ahmednagar","Newasa","Nevasa","5348540","Retro.Sonai Karjgaon and 16 villages, Tal. Nevasa","KHARWANDI",6263,2,"1.710000","1.780000","1.990000","1.830000","1.620000","1.220000","26.970000","27.290000","28.460000","31.720000","29.210000","25.900000","19.440000","12-Apr","13-Apr","14-Apr","15-Apr","16-Apr","17-Apr","11-Apr","12-Apr","13-Apr","14-Apr","15-Apr","16-Apr","17-Apr",7,7,0
"Nashik","Ahmednagar","Ahmednagar","Newasa","Nevasa","5348540","Retro.Sonai Karjgaon and 16 villages, Tal. Nevasa","WATAPUR",1397,2,"1.120000","0.040000","0.930000","0.470000","0.000000","1.550000","77.770000","80.160000","2.600000","66.720000","33.960000","0.000000","111.180000","12-Apr","13-Apr","14-Apr","15-Apr","16-Apr","17-Apr","11-Apr","12-Apr","13-Apr","14-Apr","15-Apr","16-Apr","17-Apr",7,7,0
"Nashik","Ahmednagar","Ahmednagar","Newasa","Nevasa","5348540","Retro.Sonai Karjgaon and 16 villages, Tal. Nevasa","GONEGAON",1572,2,"0.390000","0.370000","0.000000","0.370000","0.000000","0.220000","0.040000","24.700000","23.240000","0.040000","23.680000","0.000000","13.880000","12-Apr","13-Apr","14-Apr","15-Apr","16-Apr","17-Apr","11-Apr","12-Apr","13-Apr","14-Apr","15-Apr","16-Apr","17-Apr",4,1,3
"Nashik","Ahmednagar","Ahmednagar","Newasa","Nevasa","5348540","Retro.Sonai Karjgaon and 16 villages, Tal. Nevasa","AMALNER",2334,2,"0.410000","0.650000","0.580000","0.630000","0.550000","0.410000","27.270000","17.610000","27.910000","24.690000","27.160000","23.610000","17.720000","12-Apr","13-Apr","14-Apr","15-Apr","16-Apr","17-Apr","11-Apr","12-Apr","13-Apr","14-Apr","15-Apr","16-Apr","17-Apr",7,7,0
"Nashik","Ahmednagar","Ahmednagar","Newasa","Nevasa","5348540","Retro.Sonai Karjgaon and 16 villages, Tal. Nevasa","Belhekarwadi",2991,2,"0.000000","2.860000","2.890000","1.590000","0.000000","0.000000","0.190000","0.070000","95.500000","96.780000","53.110000","0.000000","0.000000","12-Apr","13-Apr","14-Apr","15-Apr","16-Apr","17-Apr","11-Apr","12-Apr","13-Apr","14-Apr","15-Apr","16-Apr","17-Apr",7,0,0
"Nashik","Ahmednagar","Ahmednagar","Newasa","Nevasa","5348540","Retro.Sonai Karjgaon and 16 villages, Tal. Nevasa","Ganeshwadi",3017,2,"1.720000","1.980000","2.420000","2.170000","2.120000","1.600000","50.250000","57.110000","65.590000","80.120000","71.950000","70.330000","52.970000","12-Apr","13-Apr","14-Apr","15-Apr","16-Apr","17-Apr","11-Apr","12-Apr","13-Apr","14-Apr","15-Apr","16-Apr","17-Apr",7,7,0
"Nashik","Nashik","Nashik","Manmad","Yeola","20030798","Retrofitting To Yeola 38 Villages","Pimpalgaon jalal",1412,1,"0.000000","0.000000","0.030000","0.000000","0.000000","0.000000","1.230000","0.000000","0.090000","2.430000","0.190000","0.000000","0.010000","12-Apr","13-Apr","14-Apr","15-Apr","16-Apr","17-Apr","11-Apr","12-Apr","13-Apr","14-Apr","15-Apr","16-Apr","17-Apr",7,4,0
"Nashik","Nashik","Nashik","Manmad","Yeola","20030798","Retrofitting To Yeola 38 Villages","Pimpalkute BK.",811,1,"0.000000","0.000000","0.000000","0.000000","0.000000","0.270000","0.000000","0.000000","0.000000","0.000000","0.000000","0.000000","33.870000","12-Apr","13-Apr","14-Apr","15-Apr","16-Apr","17-Apr","11-Apr","12-Apr","13-Apr","14-Apr","15-Apr","16-Apr","17-Apr",7,7,0
"Nashik","Nashik","Nashik","Manmad","Yeola","20030798","Retrofitting To Yeola 38 Villages","Pimpalkute Kh.",657,1,"0.000000","0.000000","0.000000","0.000000","0.000000","0.000000","0.000000","0.000000","0.000000","0.000000","0.000000","0.000000","0.000000","12-Apr","13-Apr","14-Apr","15-Apr","16-Apr","17-Apr","11-Apr","12-Apr","13-Apr","14-Apr","15-Apr","16-Apr","17-Apr",7,7,0
"Nashik","Nashik","Nashik","Manmad","Yeola","20030798","Retrofitting To Yeola 38 Villages","Nandesar",1025,1,"0.000000","0.000000","0.000000","0.000000","0.000000","0.000000","0.000000","0.000000","0.000000","0.050000","0.030000","0.000000","0.000000","12-Apr","13-Apr","14-Apr","15-Apr","16-Apr","17-Apr","11-Apr","12-Apr","13-Apr","14-Apr","15-Apr","16-Apr","17-Apr",7,7,0
"Nashik","Nashik","Nashik","Manmad","Yeola","20030798","Retrofitting To Yeola 38 Villages","Nimgaon Madh",3048,1,"0.310000","0.310000","0.310000","0.310000","0.310000","0.310000","10.130000","10.130000","10.130000","10.130000","10.130000","10.130000","10.130000","12-Apr","13-Apr","14-Apr","15-Apr","16-Apr","17-Apr","11-Apr","12-Apr","13-Apr","14-Apr","15-Apr","16-Apr","17-Apr",7,5,0
"Nashik","Nashik","Nashik","Manmad","Yeola","20030798","Retrofitting To Yeola 38 Villages","Gawandgaon",3144,1,"0.000000","0.020000","0.000000","0.000000","0.000000","0.010000","0.090000","0.050000","0.480000","0.080000","0.000000","0.000000","0.350000","12-Apr","13-Apr","14-Apr","15-Apr","16-Apr","17-Apr","11-Apr","12-Apr","13-Apr","14-Apr","15-Apr","16-Apr","17-Apr",6,0,1
"Nashik","Nashik","Nashik","Manmad","Yeola","20030798","Retrofitting To Yeola 38 Villages","Katarni",3110,1,"0.000000","0.000000","0.000000","0.000000","0.000000","0.000000","0.000000","0.000000","0.000000","0.000000","0.000000","0.000000","0.000000","12-Apr","13-Apr","14-Apr","15-Apr","16-Apr","17-Apr","11-Apr","12-Apr","13-Apr","14-Apr","15-Apr","16-Apr","17-Apr",7,0,0
"Nashik","Nashik","Nashik","Manmad","Yeola","20030798","Retrofitting To Yeola 38 Villages","Kusur",2292,1,"0.000000","0.000000","0.000000","0.000000","0.000000","0.000000","0.000000","0.000000","0.000000","0.000000","0.000000","0.000000","0.000000","12-Apr","13-Apr","14-Apr","15-Apr","16-Apr","17-Apr","11-Apr","12-Apr","13-Apr","14-Apr","15-Apr","16-Apr","17-Apr",7,2,0
"Nashik","Nashik","Nashik","Manmad","Yeola","20030798","Retrofitting To Yeola 38 Villages","Undirwadi",3087,1,"0.000000","0.000000","0.000000","0.000000","0.000000","0.000000","0.000000","0.000000","0.000000","0.000000","0.000000","0.000000","0.000000","12-Apr","13-Apr","14-Apr","15-Apr","16-Apr","17-Apr","11-Apr","12-Apr","13-Apr","14-Apr","15-Apr","16-Apr","17-Apr",7,7,0
"Nashik","Nashik","Nashik","Manmad","Yeola","20030798","Retrofitting To Yeola 38 Villages","Vikharni",2325,1,"0.000000","0.000000","0.000000","0.000000","0.000000","0.000000","0.000000","0.000000","0.000000","0.000000","0.000000","0.000000","0.000000","12-Apr","13-Apr","14-Apr","15-Apr","16-Apr","17-Apr","11-Apr","12-Apr","13-Apr","14-Apr","15-Apr","16-Apr","17-Apr",7,7,0
"Nashik","Nashik","Nashik","Manmad","Yeola","20030798","Retrofitting To Yeola 38 Villages","Visapur",1938,1,"0.000000","0.000000","0.000000","0.000000","0.000000","0.000000","0.000000","0.000000","0.000000","0.000000","0.000000","0.000000","0.000000","12-Apr","13-Apr","14-Apr","15-Apr","16-Apr","17-Apr","11-Apr","12-Apr","13-Apr","14-Apr","15-Apr","16-Apr","17-Apr",6,6,1
"Nashik","Nashik","Nashik","Manmad","Yeola","20030798","Retrofitting To Yeola 38 Villages","Somthan Desh",2869,1,"0.000000","0.000000","0.000000","0.000000","0.000000","0.000000","0.000000","0.000000","0.000000","0.000000","0.000000","0.000000","0.000000","12-Apr","13-Apr","14-Apr","15-Apr","16-Apr","17-Apr","11-Apr","12-Apr","13-Apr","14-Apr","15-Apr","16-Apr","17-Apr",7,6,0
"Nashik","Nashik","Nashik","Manmad","Yeola","20030798","Retrofitting To Yeola 38 Villages","Suregaon Rasta",2428,1,"0.000000","0.000000","0.000000","0.000000","0.000000","0.000000","0.000000","0.000000","0.000000","0.000000","0.000000","0.000000","0.000000","12-Apr","13-Apr","14-Apr","15-Apr","16-Apr","17-Apr","11-Apr","12-Apr","13-Apr","14-Apr","15-Apr","16-Apr","17-Apr",7,7,0
"Nashik","Nashik","Nashik","Manmad","Yeola","20030798","Retrofitting To Yeola 38 Villages","Dhamode",657,1,"0.000000","0.000000","0.000000","0.000000","0.000000","0.000000","0.000000","0.000000","0.000000","0.000000","0.000000","0.000000","0.000000","12-Apr","13-Apr","14-Apr","15-Apr","16-Apr","17-Apr","11-Apr","12-Apr","13-Apr","14-Apr","15-Apr","16-Apr","17-Apr",7,7,0
"Nashik","Nashik","Nashik","Manmad","Yeola","20030798","Retrofitting To Yeola 38 Villages","Dhanora",1283,2,"11.850000","3.020000","10.730000","11.720000","1.480000","18.870000","1098.500000","923.320000","235.530000","836.700000","913.500000","115.180000","1470.890000","12-Apr","13-Apr","14-Apr","15-Apr","16-Apr","17-Apr","11-Apr","12-Apr","13-Apr","14-Apr","15-Apr","16-Apr","17-Apr",7,7,0
"Nashik","Nashik","Nashik","Manmad","Yeola","20030798","Retrofitting To Yeola 38 Villages","Ankute",2366,1,"0.000000","0.000000","0.000000","0.000000","0.000000","0.000000","0.000000","0.000000","0.000000","0.000000","0.000000","0.000000","0.000000","12-Apr","13-Apr","14-Apr","15-Apr","16-Apr","17-Apr","11-Apr","12-Apr","13-Apr","14-Apr","15-Apr","16-Apr","17-Apr",7,7,0
"Nashik","Nashik","Nashik","Manmad","Yeola","20030798","Retrofitting To Yeola 38 Villages","Bharam",1595,1,"0.000000","0.000000","0.000000","0.000000","0.000000","0.000000","0.000000","0.000000","0.000000","0.000000","0.000000","0.000000","0.000000","12-Apr","13-Apr","14-Apr","15-Apr","16-Apr","17-Apr","11-Apr","12-Apr","13-Apr","14-Apr","15-Apr","16-Apr","17-Apr",7,7,0
"Nashik","Nashik","Nashik","Manmad","Yeola","20030798","Retrofitting To Yeola 38 Villages","Andarsul",15233,4,"0.000000","4.180000","11.090000","7.360000","0.000000","4.160000","2.390000","0.000000","27.440000","72.820000","48.320000","0.000000","27.340000","12-Apr","13-Apr","14-Apr","15-Apr","16-Apr","17-Apr","11-Apr","12-Apr","13-Apr","14-Apr","15-Apr","16-Apr","17-Apr",7,7,0
"Nashik","Nashik","Nashik","Sinnar","Sinnar","20019176","Retro. Bargaonpimpri & 6 VRWSS  Tal Sinnar","Pat Pimpri",4002,2,"0.640000","0.150000","0.000000","0.000000","0.000000","0.000000","24.590000","15.900000","3.740000","0.000000","0.000000","0.000000","0.000000","12-Apr","13-Apr","14-Apr","15-Apr","16-Apr","17-Apr","11-Apr","12-Apr","13-Apr","14-Apr","15-Apr","16-Apr","17-Apr",7,1,0
"Nashik","Nashik","Nashik","Sinnar","Sinnar","20019176","Retro. Bargaonpimpri & 6 VRWSS  Tal Sinnar","Sunderpur",2212,2,"0.000000","0.000000","0.000000","1.840000","0.000000","0.530000","0.000000","0.000000","0.000000","0.000000","83.060000","0.000000","24.090000","12-Apr","13-Apr","14-Apr","15-Apr","16-Apr","17-Apr","11-Apr","12-Apr","13-Apr","14-Apr","15-Apr","16-Apr","17-Apr",7,4,0
"Nashik","Nashik","Nashik","Sinnar","Sinnar","20019176","Retro. Bargaonpimpri & 6 VRWSS  Tal Sinnar","K.P Nagar",1078,1,"0.000000","0.000000","0.000000","0.000000","0.000000","0.000000","0.000000","0.000000","0.000000","0.000000","0.000000","0.000000","0.000000","12-Apr","13-Apr","14-Apr","15-Apr","16-Apr","17-Apr","11-Apr","12-Apr","13-Apr","14-Apr","15-Apr","16-Apr","17-Apr",7,4,0
"Nashik","Nashik","Nashik","Sinnar","Sinnar","20019176","Retro. Bargaonpimpri & 6 VRWSS  Tal Sinnar","Nimgaon Sinnar",4811,3,"0.000000","0.000000","4.360000","0.100000","0.000000","0.000000","5.530000","0.000000","0.000000","90.710000","2.090000","0.000000","0.000000","12-Apr","13-Apr","14-Apr","15-Apr","16-Apr","17-Apr","11-Apr","12-Apr","13-Apr","14-Apr","15-Apr","16-Apr","17-Apr",6,2,1
"Nashik","Nashik","Nashik","Sinnar","Sinnar","20019176","Retro. Bargaonpimpri & 6 VRWSS  Tal Sinnar","Hiwargaon",2497,3,"0.000000","0.050000","0.100000","0.000000","0.000000","0.000000","2.690000","0.000000","1.890000","3.850000","0.000000","0.000000","0.000000","12-Apr","13-Apr","14-Apr","15-Apr","16-Apr","17-Apr","11-Apr","12-Apr","13-Apr","14-Apr","15-Apr","16-Apr","17-Apr",7,7,0
"Nashik","Nashik","Nashik","Sinnar","Sinnar","20019286","Nirhale-Fatehpur and 5 villages, Tal. Sinnar","Nandur Shingote",6496,5,"13.070000","22.090000","14.880000","16.360000","8.060000","17.610000","177.350000","201.180000","340.030000","229.140000","251.800000","124.120000","271.020000","12-Apr","13-Apr","14-Apr","15-Apr","16-Apr","17-Apr","11-Apr","12-Apr","13-Apr","14-Apr","15-Apr","16-Apr","17-Apr",7,7,0
"Nashik","Nashik","Nashik","Sinnar","Sinnar","20019286","Nirhale-Fatehpur and 5 villages, Tal. Sinnar","Kankori",2427,2,"0.000000","0.000000","0.000000","0.000000","0.000000","0.000000","0.000000","0.000000","0.000000","0.000000","0.000000","0.000000","0.000000","12-Apr","13-Apr","14-Apr","15-Apr","16-Apr","17-Apr","11-Apr","12-Apr","13-Apr","14-Apr","15-Apr","16-Apr","17-Apr",7,7,0
"Nashik","Nashik","Nashik","Sinnar","Sinnar","20019286","Nirhale-Fatehpur and 5 villages, Tal. Sinnar","Manori",4139,2,"0.000000","0.410000","0.000000","0.020000","0.350000","0.000000","0.000000","0.000000","10.020000","0.000000","0.370000","8.560000","0.000000","12-Apr","13-Apr","14-Apr","15-Apr","16-Apr","17-Apr","11-Apr","12-Apr","13-Apr","14-Apr","15-Apr","16-Apr","17-Apr",7,7,0
"Nashik","Nashik","Nashik","Sinnar","Sinnar","20019286","Nirhale-Fatehpur and 5 villages, Tal. Sinnar","Marhal (Bk.)",2934,1,"0.000000","0.000000","0.000000","0.000000","0.000000","0.000000","0.000000","0.000000","0.000000","0.000000","0.000000","0.000000","0.000000","12-Apr","13-Apr","14-Apr","15-Apr","16-Apr","17-Apr","11-Apr","12-Apr","13-Apr","14-Apr","15-Apr","16-Apr","17-Apr",7,7,0
"Nashik","Nashik","W M Nashik","W.M.Nashik","Nifad","20039258","Ozar-Sakore & 2 Villages","Ozar",86060,4,"5.360000","9.630000","5.530000","6.270000","6.540000","3.630000","8.200000","6.230000","11.190000","6.430000","7.290000","7.600000","4.220000","12-Apr","13-Apr","14-Apr","15-Apr","16-Apr","17-Apr","11-Apr","12-Apr","13-Apr","14-Apr","15-Apr","16-Apr","17-Apr",6,1,1
"Nashik","Jalgaon","Jalgaon","Erandol","Dharangaon","20061165","Paldhi (bk& Kh) RR Tal DHARANGAON","Paldhi Bk.",9303,3,"0.000000","0.000000","0.000000","0.000000","0.000000","0.000000","0.000000","0.000000","0.000000","0.000000","0.000000","0.000000","0.000000","12-Apr","13-Apr","14-Apr","15-Apr","16-Apr","17-Apr","11-Apr","12-Apr","13-Apr","14-Apr","15-Apr","16-Apr","17-Apr",7,7,0
"Nashik","Jalgaon","Jalgaon","Erandol","Dharangaon","20061165","Paldhi (bk& Kh) RR Tal DHARANGAON","Paldhi Kh.",12377,3,"7.310000","16.850000","9.440000","6.860000","10.300000","18.760000","73.400000","59.030000","136.160000","76.270000","55.460000","83.190000","151.570000","12-Apr","13-Apr","14-Apr","15-Apr","16-Apr","17-Apr","11-Apr","12-Apr","13-Apr","14-Apr","15-Apr","16-Apr","17-Apr",7,7,0
"Nashik","Nashik","W M Nashik","W.M.Nashik","Dindori","20039258","Ozar-Sakore & 2 Villages","Janori",7926,1,"2.740000","3.050000","2.720000","2.630000","2.730000","1.720000","26.310000","34.630000","38.520000","34.290000","33.170000","34.480000","21.710000","12-Apr","13-Apr","14-Apr","15-Apr","16-Apr","17-Apr","11-Apr","12-Apr","13-Apr","14-Apr","15-Apr","16-Apr","17-Apr",5,1,2
"Nashik","Nashik","W M Nashik","W.M.Nashik","Dindori","20039258","Ozar-Sakore & 2 Villages","Mohadi",5078,3,"0.240000","3.380000","0.720000","3.030000","0.000000","3.240000","54.250000","4.770000","66.650000","14.110000","59.630000","0.000000","63.800000","12-Apr","13-Apr","14-Apr","15-Apr","16-Apr","17-Apr","11-Apr","12-Apr","13-Apr","14-Apr","15-Apr","16-Apr","17-Apr",1,0,6
"Nashik","Nashik","Nashik","Manmad","Yeola","20030798","Retrofitting To Yeola 38 Villages","Babulgaon Bk.",1774,1,"0.000000","0.300000","1.090000","2.150000","2.970000","4.480000","252.440000","252.440000","252.440000","252.440000","252.440000","252.440000","252.440000","12-Apr","13-Apr","14-Apr","15-Apr","16-Apr","17-Apr","11-Apr","12-Apr","13-Apr","14-Apr","15-Apr","16-Apr","17-Apr",7,7,0
"Nashik","Ahmednagar","Sangamner","Sangamner","Sangamner","7937337","Retro.Nimon and 4 villages, Tal. Sangamner","hilllock",3954,4,"6.420000","71.090000","9.430000","7.150000","3.460000","4.220000","201.420000","162.250000","1797.880000","238.540000","180.770000","87.590000","106.770000","12-Apr","13-Apr","14-Apr","15-Apr","16-Apr","17-Apr","11-Apr","12-Apr","13-Apr","14-Apr","15-Apr","16-Apr","17-Apr",3,3,4
"Nashik","Ahmednagar","Sangamner","Kopargaon","Rahata","20054877","Retro.Kelvad Bk.& 2 villages RRWSS. Ta.Rahta","Kelwad Bk",4840,2,"0.000000","0.000000","0.000000","0.000000","0.000000","0.910000","9.250000","0.000000","0.000000","0.000000","0.000000","0.000000","18.810000","12-Apr","13-Apr","14-Apr","15-Apr","16-Apr","17-Apr","11-Apr","12-Apr","13-Apr","14-Apr","15-Apr","16-Apr","17-Apr",7,7,0
"Nashik","Ahmednagar","Sangamner","Kopargaon","Rahata","20054877","Retro.Kelvad Bk.& 2 villages RRWSS. Ta.Rahta","Kelwad Kd",5875,1,"0.000000","0.000000","0.000000","0.000000","0.000000","0.000000","0.000000","0.000000","0.000000","0.000000","0.000000","0.000000","0.000000","12-Apr","13-Apr","14-Apr","15-Apr","16-Apr","17-Apr","11-Apr","12-Apr","13-Apr","14-Apr","15-Apr","16-Apr","17-Apr",6,4,1
"Nashik","Ahmednagar","Sangamner","Kopargaon","Rahata","417239","Retro Rui & Shingave R.R.W.S.S Tal Rahata","Rui",6426,5,"476.710000","278.790000","557.840000","497.310000","438494.930000","3.870000","6635.600000","7418.510000","4338.490000","8680.970000","7738.960000","6823761.800000","60.260000","12-Apr","13-Apr","14-Apr","15-Apr","16-Apr","17-Apr","11-Apr","12-Apr","13-Apr","14-Apr","15-Apr","16-Apr","17-Apr",7,7,0
"Nashik","Ahmednagar","Sangamner","Kopargaon","Rahata","417239","Retro Rui & Shingave R.R.W.S.S Tal Rahata","Shingve",5274,2,"0.000000","0.000000","0.000000","0.000000","0.000000","0.000000","0.000000","0.000000","0.000000","0.000000","0.000000","0.000000","0.000000","12-Apr","13-Apr","14-Apr","15-Apr","16-Apr","17-Apr","11-Apr","12-Apr","13-Apr","14-Apr","15-Apr","16-Apr","17-Apr",7,7,0
"Nagpur","Chandrapur","Chandrapur","Gadchiroli","Aheri","7890975","Allapalli-Nagapalli RR","Allapalli",12363,1,"0.000000","0.000000","0.000000","0.000000","0.000000","0.000000","0.000000","0.000000","0.000000","0.000000","0.000000","0.000000","0.000000","12-Apr","13-Apr","14-Apr","15-Apr","16-Apr","17-Apr","11-Apr","12-Apr","13-Apr","14-Apr","15-Apr","16-Apr","17-Apr",7,7,0
"Nagpur","Chandrapur","Chandrapur","Gadchiroli","Aheri","7890975","Allapalli-Nagapalli RR","Nagepalli",6999,1,"0.000000","0.000000","0.000000","0.000000","0.000000","0.000000","0.000000","0.000000","0.000000","0.000000","0.000000","0.000000","0.000000","12-Apr","13-Apr","14-Apr","15-Apr","16-Apr","17-Apr","11-Apr","12-Apr","13-Apr","14-Apr","15-Apr","16-Apr","17-Apr",7,6,0
"Nagpur","Chandrapur","Chandrapur","Pombhurna","Pombhurna","7928270","Pomnbhurna Grid & 15 Villages RR Retrofitting","Dewada Kh.",4792,2,"0.000000","0.000000","0.000000","0.000000","0.000000","0.000000","0.000000","0.000000","0.000000","0.000000","0.000000","0.000000","0.000000","12-Apr","13-Apr","14-Apr","15-Apr","16-Apr","17-Apr","11-Apr","12-Apr","13-Apr","14-Apr","15-Apr","16-Apr","17-Apr",0,0,7
"Nagpur","Chandrapur","Chandrapur","Pombhurna","Pombhurna","7928270","Pomnbhurna Grid & 15 Villages RR Retrofitting","Futan",2204,1,"0.000000","0.000000","0.000000","0.000000","0.000000","0.000000","0.000000","0.000000","0.000000","0.000000","0.000000","0.000000","0.000000","12-Apr","13-Apr","14-Apr","15-Apr","16-Apr","17-Apr","11-Apr","12-Apr","13-Apr","14-Apr","15-Apr","16-Apr","17-Apr",7,7,0
"Nagpur","Chandrapur","Chandrapur","Pombhurna","Pombhurna","7928270","Pomnbhurna Grid & 15 Villages RR Retrofitting","Chak Kosambi - 1",724,1,"0.000000","0.000000","0.000000","0.000000","0.000000","0.000000","0.000000","0.000000","0.000000","0.000000","0.000000","0.000000","0.000000","12-Apr","13-Apr","14-Apr","15-Apr","16-Apr","17-Apr","11-Apr","12-Apr","13-Apr","14-Apr","15-Apr","16-Apr","17-Apr",7,0,0
"Nagpur","Chandrapur","Chandrapur","Pombhurna","Pombhurna","7928270","Pomnbhurna Grid & 15 Villages RR Retrofitting","Chak Navegaon",440,1,"0.000000","0.000000","0.000000","0.000000","0.000000","0.000000","0.000000","0.000000","0.000000","0.000000","0.000000","0.000000","0.000000","12-Apr","13-Apr","14-Apr","15-Apr","16-Apr","17-Apr","11-Apr","12-Apr","13-Apr","14-Apr","15-Apr","16-Apr","17-Apr",7,7,0
"Nagpur","Chandrapur","Chandrapur","Pombhurna","Pombhurna","7928270","Pomnbhurna Grid & 15 Villages RR Retrofitting","Chek Thane Wasna",1700,1,"0.000000","0.000000","0.000000","0.000000","0.000000","0.000000","0.000000","0.000000","0.000000","0.000000","0.000000","0.000000","0.000000","12-Apr","13-Apr","14-Apr","15-Apr","16-Apr","17-Apr","11-Apr","12-Apr","13-Apr","14-Apr","15-Apr","16-Apr","17-Apr",7,7,0
"Nagpur","Chandrapur","Chandrapur","Pombhurna","Pombhurna","7928270","Pomnbhurna Grid & 15 Villages RR Retrofitting","Borda Dixit",1008,1,"0.000000","0.000000","0.000000","0.000000","0.000000","0.000000","0.000000","0.000000","0.000000","0.000000","0.000000","0.000000","0.000000","12-Apr","13-Apr","14-Apr","15-Apr","16-Apr","17-Apr","11-Apr","12-Apr","13-Apr","14-Apr","15-Apr","16-Apr","17-Apr",2,0,5
"Nagpur","Chandrapur","Chandrapur","Pombhurna","Pombhurna","7928270","Pomnbhurna Grid & 15 Villages RR Retrofitting","Chak Ghanoti - 1",868,1,"0.000000","0.000000","0.000000","0.000000","0.000000","0.000000","0.000000","0.000000","0.000000","0.000000","0.000000","0.000000","0.000000","12-Apr","13-Apr","14-Apr","15-Apr","16-Apr","17-Apr","11-Apr","12-Apr","13-Apr","14-Apr","15-Apr","16-Apr","17-Apr",6,6,1
"Nagpur","Chandrapur","Chandrapur","Pombhurna","Pombhurna","7928270","Pomnbhurna Grid & 15 Villages RR Retrofitting","Chak Hattibodi",544,2,"0.000000","0.000000","0.000000","0.000000","0.000000","0.000000","0.000000","0.000000","0.000000","0.000000","0.000000","0.000000","0.000000","12-Apr","13-Apr","14-Apr","15-Apr","16-Apr","17-Apr","11-Apr","12-Apr","13-Apr","14-Apr","15-Apr","16-Apr","17-Apr",0,0,7
"Nagpur","Chandrapur","Chandrapur","Pombhurna","Pombhurna","7928270","Pomnbhurna Grid & 15 Villages RR Retrofitting","Welwa",1548,2,"0.000000","0.000000","0.000000","0.000000","0.000000","0.000000","0.000000","0.000000","0.000000","0.000000","0.000000","0.000000","0.000000","12-Apr","13-Apr","14-Apr","15-Apr","16-Apr","17-Apr","11-Apr","12-Apr","13-Apr","14-Apr","15-Apr","16-Apr","17-Apr",7,3,0
"Nagpur","Chandrapur","Chandrapur","Pombhurna","Pombhurna","7928270","Pomnbhurna Grid & 15 Villages RR Retrofitting","Rampur Dixit",680,1,"0.000000","0.000000","0.000000","0.000000","0.000000","0.000000","0.000000","0.000000","0.000000","0.000000","0.000000","0.000000","0.000000","12-Apr","13-Apr","14-Apr","15-Apr","16-Apr","17-Apr","11-Apr","12-Apr","13-Apr","14-Apr","15-Apr","16-Apr","17-Apr",7,6,0
"Nagpur","Chandrapur","Chandrapur","Pombhurna","Pombhurna","7928270","Pomnbhurna Grid & 15 Villages RR Retrofitting","Selur Nagreddi",568,1,"0.000000","0.000000","0.000000","0.000000","0.000000","0.000000","0.000000","0.000000","0.000000","0.000000","0.000000","0.000000","0.000000","12-Apr","13-Apr","14-Apr","15-Apr","16-Apr","17-Apr","11-Apr","12-Apr","13-Apr","14-Apr","15-Apr","16-Apr","17-Apr",7,7,0
"Nagpur","Chandrapur","Chandrapur","Pombhurna","Pombhurna","7928270","Pomnbhurna Grid & 15 Villages RR Retrofitting","Mohadi",3272,1,"0.000000","0.000000","0.000000","0.000000","0.000000","0.000000","0.000000","0.000000","0.000000","0.000000","0.000000","0.000000","0.000000","12-Apr","13-Apr","14-Apr","15-Apr","16-Apr","17-Apr","11-Apr","12-Apr","13-Apr","14-Apr","15-Apr","16-Apr","17-Apr",7,7,0
"Nagpur","Chandrapur","Chandrapur","Pombhurna","Pombhurna","7928270","Pomnbhurna Grid & 15 Villages RR Retrofitting","Navegaon More",1680,1,"0.000000","0.000000","0.000000","0.000000","0.000000","0.000000","0.000000","0.000000","0.000000","0.000000","0.000000","0.000000","0.000000","12-Apr","13-Apr","14-Apr","15-Apr","16-Apr","17-Apr","11-Apr","12-Apr","13-Apr","14-Apr","15-Apr","16-Apr","17-Apr",7,7,0
"Nagpur","Chandrapur","Chandrapur","Pombhurna","Pombhurna","7928270","Pomnbhurna Grid & 15 Villages RR Retrofitting","Jam Kh.",1480,2,"0.000000","0.000000","0.000000","0.000000","0.000000","0.000000","0.000000","0.000000","0.000000","0.000000","0.000000","0.000000","0.000000","12-Apr","13-Apr","14-Apr","15-Apr","16-Apr","17-Apr","11-Apr","12-Apr","13-Apr","14-Apr","15-Apr","16-Apr","17-Apr",2,1,5
"Nagpur","Chandrapur","Chandrapur","Pombhurna","Pombhurna","7928270","Pomnbhurna Grid & 15 Villages RR Retrofitting","Jam Tukum",1172,1,"0.000000","0.000000","0.000000","0.000000","0.000000","0.000000","0.000000","0.000000","0.000000","0.000000","0.000000","0.000000","0.000000","12-Apr","13-Apr","14-Apr","15-Apr","16-Apr","17-Apr","11-Apr","12-Apr","13-Apr","14-Apr","15-Apr","16-Apr","17-Apr",2,2,5
"Nagpur","Nagpur","Nagpur","Chandrapur","Saoali","20036500","Vyahad & 2 Village RR WSS","Samada Kh",524,2,"1.500000","0.590000","1.760000","1.480000","1.480000","1.490000","267.140000","287.190000","111.650000","335.130000","283.000000","282.880000","283.860000","12-Apr","13-Apr","14-Apr","15-Apr","16-Apr","17-Apr","11-Apr","12-Apr","13-Apr","14-Apr","15-Apr","16-Apr","17-Apr",6,3,1
"Nagpur","Nagpur","Nagpur","Chandrapur","Saoali","20036500","Vyahad & 2 Village RR WSS","Vyahad(BK)",4572,1,"0.000000","0.000000","0.000000","0.000000","0.000000","0.000000","0.000000","0.000000","0.000000","0.000000","0.000000","0.000000","0.000000","12-Apr","13-Apr","14-Apr","15-Apr","16-Apr","17-Apr","11-Apr","12-Apr","13-Apr","14-Apr","15-Apr","16-Apr","17-Apr",3,1,4
"Nagpur","Chandrapur","Chandrapur","Chandrapur","Chandrapur","20050368","Chinchala and 7 Villages RR Water Supply Scheme","Wandhari",568,2,"0.000000","0.000000","0.000000","0.000000","0.000000","0.000000","0.000000","0.000000","0.000000","0.000000","0.000000","0.000000","0.000000","12-Apr","13-Apr","14-Apr","15-Apr","16-Apr","17-Apr","11-Apr","12-Apr","13-Apr","14-Apr","15-Apr","16-Apr","17-Apr",7,7,0
"Nagpur","Chandrapur","Chandrapur","Chandrapur","Chandrapur","20050368","Chinchala and 7 Villages RR Water Supply Scheme","Vendli",936,2,"0.000000","0.000000","0.000000","0.000000","0.000000","0.000000","0.000000","0.000000","0.000000","0.000000","0.000000","0.000000","0.000000","12-Apr","13-Apr","14-Apr","15-Apr","16-Apr","17-Apr","11-Apr","12-Apr","13-Apr","14-Apr","15-Apr","16-Apr","17-Apr",7,0,0
"Nagpur","Chandrapur","Chandrapur","Chandrapur","Chandrapur","20050368","Chinchala and 7 Villages RR Water Supply Scheme","Nagala",1356,2,"0.000000","0.000000","0.000000","0.000000","0.000000","0.000000","0.000000","0.000000","0.000000","0.000000","0.000000","0.000000","0.000000","12-Apr","13-Apr","14-Apr","15-Apr","16-Apr","17-Apr","11-Apr","12-Apr","13-Apr","14-Apr","15-Apr","16-Apr","17-Apr",4,3,3
"Nagpur","Chandrapur","Chandrapur","Chandrapur","Chandrapur","20050368","Chinchala and 7 Villages RR Water Supply Scheme","Pipari",888,2,"0.000000","0.000000","0.000000","0.000000","0.000000","0.000000","0.000000","0.000000","0.000000","0.000000","0.000000","0.000000","0.000000","12-Apr","13-Apr","14-Apr","15-Apr","16-Apr","17-Apr","11-Apr","12-Apr","13-Apr","14-Apr","15-Apr","16-Apr","17-Apr",6,0,1
"Nagpur","Chandrapur","Chandrapur","Chandrapur","Chandrapur","20050368","Chinchala and 7 Villages RR Water Supply Scheme","Sidur",1000,2,"0.000000","0.000000","0.000000","0.000000","0.000000","0.000000","0.000000","0.000000","0.000000","0.000000","0.000000","0.000000","0.000000","12-Apr","13-Apr","14-Apr","15-Apr","16-Apr","17-Apr","11-Apr","12-Apr","13-Apr","14-Apr","15-Apr","16-Apr","17-Apr",7,7,0
"Nagpur","Chandrapur","Chandrapur","Chandrapur","Chandrapur","20050368","Chinchala and 7 Villages RR Water Supply Scheme","Dhanora",1564,4,"0.060000","0.000000","0.600000","0.040000","0.000000","9.080000","335.680000","4.070000","0.000000","38.360000","2.560000","0.000000","580.370000","12-Apr","13-Apr","14-Apr","15-Apr","16-Apr","17-Apr","11-Apr","12-Apr","13-Apr","14-Apr","15-Apr","16-Apr","17-Apr",0,0,7
"Nagpur","Chandrapur","Chandrapur","Chandrapur","Chandrapur","20050368","Chinchala and 7 Villages RR Water Supply Scheme","Mahakurla",556,1,"0.000000","0.000000","0.000000","0.000000","0.000000","0.000000","0.000000","0.000000","0.000000","0.000000","0.000000","0.000000","0.000000","12-Apr","13-Apr","14-Apr","15-Apr","16-Apr","17-Apr","11-Apr","12-Apr","13-Apr","14-Apr","15-Apr","16-Apr","17-Apr",6,0,1
"Nagpur","Chandrapur","Chandrapur","Chandrapur","Chandrapur","20050368","Chinchala and 7 Villages RR Water Supply Scheme","Chinchala",240,3,"0.000000","0.000000","0.000000","0.000000","0.000000","0.000000","0.000000","0.000000","0.000000","0.000000","0.000000","0.000000","0.000000","12-Apr","13-Apr","14-Apr","15-Apr","16-Apr","17-Apr","11-Apr","12-Apr","13-Apr","14-Apr","15-Apr","16-Apr","17-Apr",7,7,0
"Nagpur","Nagpur","Chandrapur","Wardha","Wardha","7891298","Pipri Meghe and 13 villages RR WSS","Sawangi Meghe",16556,6,"0.000000","0.000000","0.000000","0.000000","0.000000","0.000000","0.000000","0.000000","0.000000","0.000000","0.000000","0.000000","0.000000","12-Apr","13-Apr","14-Apr","15-Apr","16-Apr","17-Apr","11-Apr","12-Apr","13-Apr","14-Apr","15-Apr","16-Apr","17-Apr",7,7,0
"Nagpur","Nagpur","Chandrapur","Wardha","Wardha","7891298","Pipri Meghe and 13 villages RR WSS","Pipri",2696,3,"0.000000","99.260000","0.000000","0.000000","0.000000","67.010000","0.000000","0.000000","3681.750000","0.000000","0.000000","0.000000","2485.560000","12-Apr","13-Apr","14-Apr","15-Apr","16-Apr","17-Apr","11-Apr","12-Apr","13-Apr","14-Apr","15-Apr","16-Apr","17-Apr",7,7,0
"Nagpur","Nagpur","Chandrapur","Wardha","Wardha","7891298","Pipri Meghe and 13 villages RR WSS","Nalwadi",13540,4,"0.000000","5.950000","0.000000","0.000000","0.000000","1.560000","0.000000","0.000000","43.960000","0.040000","0.000000","0.000000","11.540000","12-Apr","13-Apr","14-Apr","15-Apr","16-Apr","17-Apr","11-Apr","12-Apr","13-Apr","14-Apr","15-Apr","16-Apr","17-Apr",3,2,4
"Nagpur","Nagpur","Chandrapur","Wardha","Wardha","7891298","Pipri Meghe and 13 villages RR WSS","Waigaon",8896,3,"0.060000","0.590000","0.870000","0.850000","0.580000","0.160000","10.370000","0.680000","6.660000","9.820000","9.550000","6.560000","1.780000","12-Apr","13-Apr","14-Apr","15-Apr","16-Apr","17-Apr","11-Apr","12-Apr","13-Apr","14-Apr","15-Apr","16-Apr","17-Apr",7,4,0
"Nagpur","Nagpur","Chandrapur","Wardha","Wardha","7891298","Pipri Meghe and 13 villages RR WSS","Varud",616,1,"0.000000","0.000000","0.000000","0.000000","0.000000","0.000000","0.000000","0.000000","0.000000","0.000000","0.000000","0.000000","0.000000","12-Apr","13-Apr","14-Apr","15-Apr","16-Apr","17-Apr","11-Apr","12-Apr","13-Apr","14-Apr","15-Apr","16-Apr","17-Apr",4,4,3
"Nagpur","Nagpur","Chandrapur","Wardha","Wardha","7891298","Pipri Meghe and 13 villages RR WSS","Sotada",1608,1,"0.110000","3.500000","1.530000","0.000000","0.000000","1.270000","104.730000","6.790000","217.660000","95.150000","0.000000","0.000000","79.120000","12-Apr","13-Apr","14-Apr","15-Apr","16-Apr","17-Apr","11-Apr","12-Apr","13-Apr","14-Apr","15-Apr","16-Apr","17-Apr",2,0,5
"Nagpur","Nagpur","Chandrapur","Wardha","Wardha","7891298","Pipri Meghe and 13 villages RR WSS","Sindhi Meghe",29844,5,"76413.480000","46.300000","0.020000","0.000000","0.000000","338.020000","0.000000","256043.030000","155.150000","0.070000","0.000000","0.000000","1132.620000","12-Apr","13-Apr","14-Apr","15-Apr","16-Apr","17-Apr","11-Apr","12-Apr","13-Apr","14-Apr","15-Apr","16-Apr","17-Apr",3,2,4
"Nagpur","Nagpur","Chandrapur","Wardha","Wardha","7891298","Pipri Meghe and 13 villages RR WSS","Masala",548,1,"6.790000","7.280000","3.850000","20.370000","12.350000","0.430000","271.400000","1238.410000","1328.320000","702.360000","3716.600000","2253.000000","78.630000","12-Apr","13-Apr","14-Apr","15-Apr","16-Apr","17-Apr","11-Apr","12-Apr","13-Apr","14-Apr","15-Apr","16-Apr","17-Apr",2,2,5
"Nagpur","Nagpur","Chandrapur","Wardha","Wardha","7891298","Pipri Meghe and 13 villages RR WSS","Karla",2332,1,"8407.290000","7740.400000","1076.870000","4658.470000","4274.530000","4104.580000","149667.530000","360518.530000","331921.140000","46177.960000","199762.750000","183298.840000","176011.050000","12-Apr","13-Apr","14-Apr","15-Apr","16-Apr","17-Apr","11-Apr","12-Apr","13-Apr","14-Apr","15-Apr","16-Apr","17-Apr",7,2,0
"Nagpur","Nagpur","Chandrapur","Wardha","Wardha","7891298","Pipri Meghe and 13 villages RR WSS","Borgaon",688,3,"1140156.970000","3.090000","0.000000","3.880000","1890583.080000","431.460000","670.130000","165720489.500000","448.780000","0.090000","563.430000","274794052.990000","62711.850000","12-Apr","13-Apr","14-Apr","15-Apr","16-Apr","17-Apr","11-Apr","12-Apr","13-Apr","14-Apr","15-Apr","16-Apr","17-Apr",7,7,0
"Nagpur","Nagpur","Chandrapur","Wardha","Wardha","7891298","Pipri Meghe and 13 villages RR WSS","Alodi",9328,3,"0.000000","0.030000","1.740000","0.000000","0.000000","0.000000","5.110000","0.000000","0.330000","18.690000","0.000000","0.000000","0.000000","12-Apr","13-Apr","14-Apr","15-Apr","16-Apr","17-Apr","11-Apr","12-Apr","13-Apr","14-Apr","15-Apr","16-Apr","17-Apr",1,1,6
"Nagpur","Nagpur","Chandrapur","Gadchiroli","Chamorshi","2009882","Ghot RRWSS","Ghot",4166,2,"0.040000","1.500000","1.920000","2.100000","2.240000","1.020000","41.920000","0.850000","36.050000","46.010000","50.360000","53.830000","24.450000","12-Apr","13-Apr","14-Apr","15-Apr","16-Apr","17-Apr","11-Apr","12-Apr","13-Apr","14-Apr","15-Apr","16-Apr","17-Apr",6,1,1
"Nagpur","Nagpur","Chandrapur","Gadchiroli","Chamorshi","2009882","Ghot RRWSS","Nikatwada",1414,1,"0.000000","0.000000","0.000000","0.000000","0.000000","0.000000","0.000000","0.000000","0.000000","0.000000","0.000000","0.000000","0.000000","12-Apr","13-Apr","14-Apr","15-Apr","16-Apr","17-Apr","11-Apr","12-Apr","13-Apr","14-Apr","15-Apr","16-Apr","17-Apr",6,6,1
"Nagpur","Nagpur","Chandrapur","Gadchiroli","Chamorshi","2009882","Ghot RRWSS","Navegaon",620,1,"0.000000","0.080000","0.230000","0.000000","0.240000","0.120000","28.540000","0.020000","13.260000","36.950000","0.020000","39.080000","18.660000","12-Apr","13-Apr","14-Apr","15-Apr","16-Apr","17-Apr","11-Apr","12-Apr","13-Apr","14-Apr","15-Apr","16-Apr","17-Apr",4,4,3
"Nagpur","Nagpur","Gondia","Sadak Arjuni","Sadak Arjuni","20016939","Putali RR WSS Retrofitting","Kanharpayli",1487,1,"0.000000","0.000000","0.000000","0.000000","0.000000","0.000000","0.000000","0.000000","0.000000","0.000000","0.000000","0.000000","0.000000","12-Apr","13-Apr","14-Apr","15-Apr","16-Apr","17-Apr","11-Apr","12-Apr","13-Apr","14-Apr","15-Apr","16-Apr","17-Apr",2,2,5
"Nagpur","Nagpur","Gondia","Bhandara","Sakoli","631335","Ghanod RR Retrofitting","Ghanod",2280,2,"0.000000","0.000000","0.000000","0.000000","0.000000","0.000000","0.000000","0.000000","0.000000","0.000000","0.000000","0.000000","0.000000","12-Apr","13-Apr","14-Apr","15-Apr","16-Apr","17-Apr","11-Apr","12-Apr","13-Apr","14-Apr","15-Apr","16-Apr","17-Apr",7,3,0
"Nagpur","Nagpur","Gondia","Bhandara","Sakoli","631335","Ghanod RR Retrofitting","Bampewada",10254,1,"0.000000","0.000000","0.000000","0.000000","0.000000","0.000000","0.000000","0.000000","0.000000","0.000000","0.000000","0.000000","0.000000","12-Apr","13-Apr","14-Apr","15-Apr","16-Apr","17-Apr","11-Apr","12-Apr","13-Apr","14-Apr","15-Apr","16-Apr","17-Apr",7,7,0
"Nagpur","Nagpur","Chandrapur","Chandrapur","Chimur","20036536","Bothali & 7 Village RR WSS","Kesarwari",424,1,"0.180000","0.170000","0.180000","0.210000","0.360000","0.290000","62.420000","43.450000","40.110000","43.520000","48.520000","85.870000","67.740000","12-Apr","13-Apr","14-Apr","15-Apr","16-Apr","17-Apr","11-Apr","12-Apr","13-Apr","14-Apr","15-Apr","16-Apr","17-Apr",4,1,3
"Nagpur","Nagpur","Chandrapur","Chandrapur","Chimur","20036536","Bothali & 7 Village RR WSS","Hirapur",1900,1,"1.280000","0.170000","0.590000","0.150000","0.630000","0.350000","13.640000","67.590000","8.960000","30.900000","8.020000","32.900000","18.460000","12-Apr","13-Apr","14-Apr","15-Apr","16-Apr","17-Apr","11-Apr","12-Apr","13-Apr","14-Apr","15-Apr","16-Apr","17-Apr",7,7,0
"Nagpur","Nagpur","Chandrapur","Chandrapur","Chimur","20036536","Bothali & 7 Village RR WSS","Chichbodi",1436,1,"0.900000","1.280000","0.940000","0.810000","1.060000","0.690000","51.940000","62.810000","89.040000","65.450000","56.190000","73.610000","48.040000","12-Apr","13-Apr","14-Apr","15-Apr","16-Apr","17-Apr","11-Apr","12-Apr","13-Apr","14-Apr","15-Apr","16-Apr","17-Apr",7,5,0
"Nagpur","Nagpur","Chandrapur","Chandrapur","Chimur","20036536","Bothali & 7 Village RR WSS","Rajoli Chak",792,1,"2.060000","2.800000","2.050000","1.990000","1.360000","3.010000","212.070000","260.230000","353.090000","259.460000","250.870000","171.270000","379.620000","12-Apr","13-Apr","14-Apr","15-Apr","16-Apr","17-Apr","11-Apr","12-Apr","13-Apr","14-Apr","15-Apr","16-Apr","17-Apr",1,1,6
"Nagpur","Nagpur","Chandrapur","Chandrapur","Chimur","20036536","Bothali & 7 Village RR WSS","Rajoli Fall",5088,1,"0.000000","0.010000","0.040000","0.010000","0.030000","0.020000","0.340000","0.000000","0.110000","0.750000","0.140000","0.520000","0.470000","12-Apr","13-Apr","14-Apr","15-Apr","16-Apr","17-Apr","11-Apr","12-Apr","13-Apr","14-Apr","15-Apr","16-Apr","17-Apr",7,7,0
"Nagpur","Nagpur","Chandrapur","Chandrapur","Chimur","20036536","Bothali & 7 Village RR WSS","Malpiranji",428,1,"0.000000","0.000000","0.000000","0.000000","0.000000","0.000000","0.000000","0.000000","0.000000","0.000000","0.000000","0.000000","0.000000","12-Apr","13-Apr","14-Apr","15-Apr","16-Apr","17-Apr","11-Apr","12-Apr","13-Apr","14-Apr","15-Apr","16-Apr","17-Apr",7,7,0
"Nagpur","Nagpur","Chandrapur","Chandrapur","Chimur","20036536","Bothali & 7 Village RR WSS","Chak Piranji",1632,1,"1.230000","1.280000","1.360000","1.310000","1.400000","0.700000","59.350000","75.550000","78.140000","83.570000","80.070000","85.850000","42.810000","12-Apr","13-Apr","14-Apr","15-Apr","16-Apr","17-Apr","11-Apr","12-Apr","13-Apr","14-Apr","15-Apr","16-Apr","17-Apr",7,7,0
"Nagpur","Nagpur","Chandrapur","Chandrapur","Chimur","20036536","Bothali & 7 Village RR WSS","Bothali",2248,1,"0.000000","0.000000","0.000000","0.000000","0.000000","0.000000","0.000000","0.000000","0.000000","0.000000","0.000000","0.000000","0.000000","12-Apr","13-Apr","14-Apr","15-Apr","16-Apr","17-Apr","11-Apr","12-Apr","13-Apr","14-Apr","15-Apr","16-Apr","17-Apr",7,7,0
"Nagpur","Nagpur","Chandrapur","Chandrapur","Mul","20036862","Bor Chandli 5 Village RR WSS","Pipari (Dixit)",1576,1,"1.070000","1.820000","1.920000","1.290000","2.060000","1.000000","126.910000","68.130000","115.690000","122.060000","81.550000","130.820000","63.460000","12-Apr","13-Apr","14-Apr","15-Apr","16-Apr","17-Apr","11-Apr","12-Apr","13-Apr","14-Apr","15-Apr","16-Apr","17-Apr",7,7,0
"Nagpur","Nagpur","Chandrapur","Chandrapur","Mul","20036862","Bor Chandli 5 Village RR WSS","Chak Bembal",700,1,"0.290000","0.370000","0.230000","0.090000","0.310000","0.250000","46.770000","42.070000","52.870000","33.190000","13.020000","44.600000","36.400000","12-Apr","13-Apr","14-Apr","15-Apr","16-Apr","17-Apr","11-Apr","12-Apr","13-Apr","14-Apr","15-Apr","16-Apr","17-Apr",7,1,0
"Nagpur","Nagpur","Chandrapur","Chandrapur","Mul","20036862","Bor Chandli 5 Village RR WSS","Yergaon",1200,1,"0.810000","0.830000","0.830000","0.840000","0.910000","0.460000","137.490000","67.110000","69.460000","69.270000","70.120000","75.550000","38.420000","12-Apr","13-Apr","14-Apr","15-Apr","16-Apr","17-Apr","11-Apr","12-Apr","13-Apr","14-Apr","15-Apr","16-Apr","17-Apr",7,5,0
"Nagpur","Nagpur","Chandrapur","Chandrapur","Mul","20036862","Bor Chandli 5 Village RR WSS","Virai",950,1,"0.020000","0.020000","0.610000","0.000000","0.240000","0.250000","0.200000","2.350000","2.470000","64.480000","0.000000","25.750000","26.750000","12-Apr","13-Apr","14-Apr","15-Apr","16-Apr","17-Apr","11-Apr","12-Apr","13-Apr","14-Apr","15-Apr","16-Apr","17-Apr",7,3,0
"Nagpur","Nagpur","Chandrapur","Chandrapur","Mul","20036862","Bor Chandli 5 Village RR WSS","Sintala",1100,1,"0.000000","0.000000","0.000000","0.000000","0.000000","0.000000","0.000000","0.000000","0.000000","0.000000","0.000000","0.000000","0.000000","12-Apr","13-Apr","14-Apr","15-Apr","16-Apr","17-Apr","11-Apr","12-Apr","13-Apr","14-Apr","15-Apr","16-Apr","17-Apr",0,0,7
"Nagpur","Nagpur","Nagpur","Chandrapur","Saoali","20036500","Vyahad & 2 Village RR WSS","Kondekhal",556,2,"0.490000","0.620000","0.630000","0.650000","0.310000","0.430000","83.740000","87.530000","112.070000","113.930000","116.230000","56.380000","78.000000","12-Apr","13-Apr","14-Apr","15-Apr","16-Apr","17-Apr","11-Apr","12-Apr","13-Apr","14-Apr","15-Apr","16-Apr","17-Apr",7,0,0
"Nagpur","Nagpur","Nagpur","Nagpur","Kamptee","7940695","Bidgaon Tarodi wss","Bidgaon",16860,2,"15.970000","14.460000","14.440000","13.470000","7.540000","15.390000","103.290000","94.730000","85.770000","85.650000","79.900000","44.740000","91.280000","12-Apr","13-Apr","14-Apr","15-Apr","16-Apr","17-Apr","11-Apr","12-Apr","13-Apr","14-Apr","15-Apr","16-Apr","17-Apr",0,0,7
"Nagpur","Nagpur","Gondia","Bhandara","Tumsar","631010","Gobarwahi RR Retrofitting","Ronga",1821,2,"1.020000","0.930000","0.950000","0.680000","0.000000","0.000000","43.170000","55.970000","51.070000","52.170000","37.340000","0.000000","0.000000","12-Apr","13-Apr","14-Apr","15-Apr","16-Apr","17-Apr","11-Apr","12-Apr","13-Apr","14-Apr","15-Apr","16-Apr","17-Apr",7,3,0
"Nagpur","Nagpur","Gondia","Bhandara","Tumsar","631010","Gobarwahi RR Retrofitting","Pitesur",1994,1,"10.850000","0.000000","0.000000","0.000000","0.000000","0.000000","194.920000","544.380000","0.000000","0.000000","0.000000","0.000000","0.000000","12-Apr","13-Apr","14-Apr","15-Apr","16-Apr","17-Apr","11-Apr","12-Apr","13-Apr","14-Apr","15-Apr","16-Apr","17-Apr",7,7,0
"Nagpur","Nagpur","Gondia","Bhandara","Tumsar","631010","Gobarwahi RR Retrofitting","Pawnara",1187,1,"8.650000","8.910000","9.020000","9.000000","4.980000","9.210000","694.330000","729.020000","750.380000","760.020000","758.210000","419.620000","776.210000","12-Apr","13-Apr","14-Apr","15-Apr","16-Apr","17-Apr","11-Apr","12-Apr","13-Apr","14-Apr","15-Apr","16-Apr","17-Apr",7,7,0
"Nagpur","Nagpur","Gondia","Bhandara","Tumsar","20017217","Dewadi RR WSS","Khapa",3087,1,"0.000000","0.000000","0.000000","0.000000","0.000000","0.000000","0.000000","0.000000","0.000000","0.000000","0.000000","0.000000","0.000000","12-Apr","13-Apr","14-Apr","15-Apr","16-Apr","17-Apr","11-Apr","12-Apr","13-Apr","14-Apr","15-Apr","16-Apr","17-Apr",0,0,7
"Nagpur","Nagpur","Gondia","Bhandara","Tumsar","20017217","Dewadi RR WSS","Hasara",2638,1,"0.000000","0.000000","0.000000","0.000000","0.000000","0.000000","0.000000","0.000000","0.000000","0.000000","0.000000","0.000000","0.000000","12-Apr","13-Apr","14-Apr","15-Apr","16-Apr","17-Apr","11-Apr","12-Apr","13-Apr","14-Apr","15-Apr","16-Apr","17-Apr",7,7,0
"Nagpur","Nagpur","Gondia","Bhandara","Tumsar","20017217","Dewadi RR WSS","Dhorwada",1144,1,"0.000000","0.000000","0.000000","0.000000","0.000000","0.000000","0.000000","0.000000","0.000000","0.000000","0.000000","0.000000","0.000000","12-Apr","13-Apr","14-Apr","15-Apr","16-Apr","17-Apr","11-Apr","12-Apr","13-Apr","14-Apr","15-Apr","16-Apr","17-Apr",7,7,0
"Nagpur","Nagpur","Gondia","Bhandara","Tumsar","20017217","Dewadi RR WSS","Stationtoli",1320,1,"0.000000","0.000000","0.000000","0.000000","0.000000","0.000000","0.000000","0.000000","0.000000","0.000000","0.000000","0.000000","0.000000","12-Apr","13-Apr","14-Apr","15-Apr","16-Apr","17-Apr","11-Apr","12-Apr","13-Apr","14-Apr","15-Apr","16-Apr","17-Apr",7,7,0
"Nagpur","Nagpur","Gondia","Bhandara","Tumsar","20017217","Dewadi RR WSS","Paraswada",1400,2,"0.000000","0.000000","0.000000","0.000000","0.000000","0.000000","0.000000","0.000000","0.000000","0.000000","0.000000","0.000000","0.000000","12-Apr","13-Apr","14-Apr","15-Apr","16-Apr","17-Apr","11-Apr","12-Apr","13-Apr","14-Apr","15-Apr","16-Apr","17-Apr",7,3,0
"Nagpur","Nagpur","Gondia","Bhandara","Tumsar","20017217","Dewadi RR WSS","Mangli",1558,1,"0.000000","0.000000","0.000000","0.000000","0.000000","0.000000","0.000000","0.000000","0.000000","0.000000","0.000000","0.000000","0.000000","12-Apr","13-Apr","14-Apr","15-Apr","16-Apr","17-Apr","11-Apr","12-Apr","13-Apr","14-Apr","15-Apr","16-Apr","17-Apr",7,7,0
"Nagpur","Nagpur","Gondia","Bhandara","Tumsar","631010","Gobarwahi RR Retrofitting","Chikhali",1541,1,"2.120000","2.260000","2.210000","1.030000","3.500000","1.720000","102.040000","137.690000","146.660000","143.410000","66.840000","227.130000","111.630000","12-Apr","13-Apr","14-Apr","15-Apr","16-Apr","17-Apr","11-Apr","12-Apr","13-Apr","14-Apr","15-Apr","16-Apr","17-Apr",7,7,0
"Nagpur","Nagpur","Gondia","Bhandara","Tumsar","631010","Gobarwahi RR Retrofitting","Chicholi",2212,1,"0.860000","0.870000","0.920000","0.510000","0.000000","0.000000","32.950000","38.670000","39.330000","41.590000","23.060000","0.000000","0.000000","12-Apr","13-Apr","14-Apr","15-Apr","16-Apr","17-Apr","11-Apr","12-Apr","13-Apr","14-Apr","15-Apr","16-Apr","17-Apr",7,7,0
"Nagpur","Nagpur","Gondia","Bhandara","Tumsar","631010","Gobarwahi RR Retrofitting","Alesur",2400,2,"28.030000","28.250000","27.210000","0.700000","12.250000","6.890000","1653.810000","1168.070000","1177.080000","1133.750000","29.170000","510.420000","287.190000","12-Apr","13-Apr","14-Apr","15-Apr","16-Apr","17-Apr","11-Apr","12-Apr","13-Apr","14-Apr","15-Apr","16-Apr","17-Apr",3,7,0
"Nagpur","Nagpur","Gondia","Bhandara","Tumsar","631010","Gobarwahi RR Retrofitting","Paunarkhari",2526,1,"0.420000","1.070000","0.780000","4.130000","0.530000","0.000000","0.000000","16.570000","42.360000","30.880000","163.500000","21.040000","0.000000","12-Apr","13-Apr","14-Apr","15-Apr","16-Apr","17-Apr","11-Apr","12-Apr","13-Apr","14-Apr","15-Apr","16-Apr","17-Apr",3,7,0
"Nagpur","Nagpur","Gondia","Bhandara","Tumsar","631010","Gobarwahi RR Retrofitting","Dongri Bk.",5014,1,"37.860000","37.180000","38.390000","43.630000","23.450000","45.480000","736.140000","755.100000","741.570000","765.750000","870.170000","467.660000","907.150000","12-Apr","13-Apr","14-Apr","15-Apr","16-Apr","17-Apr","11-Apr","12-Apr","13-Apr","14-Apr","15-Apr","16-Apr","17-Apr",4,7,0
"Nagpur","Nagpur","Gondia","Bhandara","Tumsar","631010","Gobarwahi RR Retrofitting","Deonara",648,1,"1.440000","0.480000","1.220000","0.000000","0.460000","0.460000","225.310000","221.960000","74.070000","188.270000","0.000000","70.990000","71.550000","12-Apr","13-Apr","14-Apr","15-Apr","16-Apr","17-Apr","11-Apr","12-Apr","13-Apr","14-Apr","15-Apr","16-Apr","17-Apr",1,1,6
"Nagpur","Nagpur","Nagpur","Nagpur","Kamptee","7940695","Bidgaon Tarodi wss","Tarodi Kh.",7830,2,"0.000000","0.000000","0.000000","2.490000","5.650000","8.440000","0.000000","0.000000","0.000000","0.000000","31.860000","72.160000","107.800000","12-Apr","13-Apr","14-Apr","15-Apr","16-Apr","17-Apr","11-Apr","12-Apr","13-Apr","14-Apr","15-Apr","16-Apr","17-Apr",4,7,0
"Nagpur","Nagpur","Gondia","Sadak Arjuni","Sadak Arjuni","20016939","Putali RR WSS Retrofitting","Mohgata",189,1,"0.000000","0.000000","0.000000","0.000000","0.000000","0.000000","0.000000","0.000000","0.000000","0.000000","0.000000","0.000000","0.000000","12-Apr","13-Apr","14-Apr","15-Apr","16-Apr","17-Apr","11-Apr","12-Apr","13-Apr","14-Apr","15-Apr","16-Apr","17-Apr",6,7,0
"Nagpur","Nagpur","Gondia","Sadak Arjuni","Sadak Arjuni","20016939","Putali RR WSS Retrofitting","Koylari",1575,1,"0.000000","0.000000","0.000000","0.000000","0.000000","0.000000","0.000000","0.000000","0.000000","0.000000","0.000000","0.000000","0.000000","12-Apr","13-Apr","14-Apr","15-Apr","16-Apr","17-Apr","11-Apr","12-Apr","13-Apr","14-Apr","15-Apr","16-Apr","17-Apr",0,0,7
"Nagpur","Nagpur","Gondia","Sadak Arjuni","Sadak Arjuni","20016939","Putali RR WSS Retrofitting","Kohalipar",126,1,"0.000000","0.000000","0.000000","0.000000","0.000000","0.000000","0.000000","0.000000","0.000000","0.000000","0.000000","0.000000","0.000000","12-Apr","13-Apr","14-Apr","15-Apr","16-Apr","17-Apr","11-Apr","12-Apr","13-Apr","14-Apr","15-Apr","16-Apr","17-Apr",1,7,0
"Nagpur","Nagpur","Gondia","Sadak Arjuni","Sadak Arjuni","20016939","Putali RR WSS Retrofitting","Dalli",1606,1,"0.000000","0.000000","0.000000","0.000000","0.000000","0.000000","0.000000","0.000000","0.000000","0.000000","0.000000","0.000000","0.000000","12-Apr","13-Apr","14-Apr","15-Apr","16-Apr","17-Apr","11-Apr","12-Apr","13-Apr","14-Apr","15-Apr","16-Apr","17-Apr",0,7,0
"Nagpur","Nagpur","Gondia","Sadak Arjuni","Sadak Arjuni","20016939","Putali RR WSS Retrofitting","Ushikheda",710,1,"0.000000","0.000000","0.000000","0.000000","0.000000","0.000000","0.000000","0.000000","0.000000","0.000000","0.000000","0.000000","0.000000","12-Apr","13-Apr","14-Apr","15-Apr","16-Apr","17-Apr","11-Apr","12-Apr","13-Apr","14-Apr","15-Apr","16-Apr","17-Apr",0,0,7
"Nagpur","Nagpur","Gondia","Gondia","Gondia","2003645","Kudwa-Katangikala Peri Urban RR","Kudwa",20000,3,"329.690000","167.080000","307.520000","6.320000","3.560000","7.000000","2397.330000","1648.470000","835.400000","1537.600000","31.600000","17.820000","34.980000","12-Apr","13-Apr","14-Apr","15-Apr","16-Apr","17-Apr","11-Apr","12-Apr","13-Apr","14-Apr","15-Apr","16-Apr","17-Apr",7,7,0
"Nagpur","Nagpur","Gondia","Gondia","Gondia","2003645","Kudwa-Katangikala Peri Urban RR","Katangikala",6640,2,"2.530000","2.610000","3.820000","3.190000","2.410000","1.030000","45.880000","38.100000","39.340000","57.480000","48.080000","36.360000","15.550000","12-Apr","13-Apr","14-Apr","15-Apr","16-Apr","17-Apr","11-Apr","12-Apr","13-Apr","14-Apr","15-Apr","16-Apr","17-Apr",4,0,3
"Nagpur","Nagpur","Nagpur","Nagpur","Hingna","20009650","Waddhmna WSS","Waddhmna",5904,7,"2.140000","2.320000","1.950000","2.700000","2.090000","1.640000","32.530000","36.190000","39.300000","33.030000","45.730000","35.400000","27.730000","12-Apr","13-Apr","14-Apr","15-Apr","16-Apr","17-Apr","11-Apr","12-Apr","13-Apr","14-Apr","15-Apr","16-Apr","17-Apr",7,6,0
"Nagpur","Nagpur","Nagpur","Nagpur","Hingna","20009650","Waddhmna WSS","Nagalwadi",2564,1,"0.000000","0.000000","0.000000","0.000000","0.000000","0.000000","0.000000","0.000000","0.000000","0.000000","0.000000","0.000000","0.000000","12-Apr","13-Apr","14-Apr","15-Apr","16-Apr","17-Apr","11-Apr","12-Apr","13-Apr","14-Apr","15-Apr","16-Apr","17-Apr",6,3,1
"Nagpur","Nagpur","Chandrapur","Mul","Mul","7890965","Mul Grid & 24 Villages  RR WSS Retrofitting","Fiskuti",2415,2,"0.000000","0.000000","0.000000","0.000000","0.000000","0.000000","0.000000","0.000000","0.000000","0.000000","0.000000","0.000000","0.000000","12-Apr","13-Apr","14-Apr","15-Apr","16-Apr","17-Apr","11-Apr","12-Apr","13-Apr","14-Apr","15-Apr","16-Apr","17-Apr",5,2,2
"Nagpur","Nagpur","Chandrapur","Mul","Mul","7890965","Mul Grid & 24 Villages  RR WSS Retrofitting","Gangalwadi",862,1,"0.000000","0.000000","0.190000","0.000000","0.000000","0.000000","0.000000","0.000000","0.000000","22.370000","0.000000","0.000000","0.100000","12-Apr","13-Apr","14-Apr","15-Apr","16-Apr","17-Apr","11-Apr","12-Apr","13-Apr","14-Apr","15-Apr","16-Apr","17-Apr",0,0,7
"Nagpur","Nagpur","Chandrapur","Mul","Mul","7890965","Mul Grid & 24 Villages  RR WSS Retrofitting","Manda Tukum",228,1,"0.000000","0.000000","0.000000","0.000000","0.210000","0.000000","0.000000","0.000000","0.000000","0.000000","0.000000","94.040000","0.000000","12-Apr","13-Apr","14-Apr","15-Apr","16-Apr","17-Apr","11-Apr","12-Apr","13-Apr","14-Apr","15-Apr","16-Apr","17-Apr",7,1,0
"Nagpur","Nagpur","Chandrapur","Mul","Mul","7890965","Mul Grid & 24 Villages  RR WSS Retrofitting","Kosambi",873,1,"0.200000","0.300000","0.430000","0.360000","0.080000","0.420000","62.440000","23.100000","34.140000","49.660000","41.330000","9.490000","48.320000","12-Apr","13-Apr","14-Apr","15-Apr","16-Apr","17-Apr","11-Apr","12-Apr","13-Apr","14-Apr","15-Apr","16-Apr","17-Apr",5,0,2
"Nagpur","Nagpur","Chandrapur","Mul","Mul","7890965","Mul Grid & 24 Villages  RR WSS Retrofitting","Karwan",470,1,"0.000000","0.000000","0.000000","0.000000","0.000000","0.000000","0.000000","0.000000","0.000000","0.000000","0.000000","0.000000","0.000000","12-Apr","13-Apr","14-Apr","15-Apr","16-Apr","17-Apr","11-Apr","12-Apr","13-Apr","14-Apr","15-Apr","16-Apr","17-Apr",1,0,6
"Nagpur","Nagpur","Chandrapur","Mul","Mul","7890965","Mul Grid & 24 Villages  RR WSS Retrofitting","Tolewahi",542,1,"0.120000","0.160000","0.000000","0.000000","0.000000","0.260000","15.880000","21.690000","29.210000","0.000000","0.000000","0.000000","48.450000","12-Apr","13-Apr","14-Apr","15-Apr","16-Apr","17-Apr","11-Apr","12-Apr","13-Apr","14-Apr","15-Apr","16-Apr","17-Apr",7,0,0
"Nagpur","Nagpur","Chandrapur","Mul","Mul","7890965","Mul Grid & 24 Villages  RR WSS Retrofitting","Tekadi",2164,1,"1.020000","0.080000","0.010000","1.120000","1.130000","0.600000","53.430000","46.930000","3.880000","0.550000","51.920000","52.050000","27.880000","12-Apr","13-Apr","14-Apr","15-Apr","16-Apr","17-Apr","11-Apr","12-Apr","13-Apr","14-Apr","15-Apr","16-Apr","17-Apr",7,4,0
"Nagpur","Nagpur","Chandrapur","Mul","Mul","7890965","Mul Grid & 24 Villages  RR WSS Retrofitting","Tadala Tukum",1575,1,"0.000000","0.000000","0.000000","0.000000","0.000000","0.010000","0.190000","0.080000","0.030000","0.000000","0.080000","0.050000","0.900000","12-Apr","13-Apr","14-Apr","15-Apr","16-Apr","17-Apr","11-Apr","12-Apr","13-Apr","14-Apr","15-Apr","16-Apr","17-Apr",7,0,0
"Nagpur","Nagpur","Gondia","Gondia","Goregaon","20019216","GOREGAON RR Retrofitting","Bhadanga",4016,1,"0.000000","1.060000","1.360000","1.290000","1.550000","0.800000","12.210000","0.000000","26.380000","33.940000","32.170000","38.480000","19.920000","12-Apr","13-Apr","14-Apr","15-Apr","16-Apr","17-Apr","11-Apr","12-Apr","13-Apr","14-Apr","15-Apr","16-Apr","17-Apr",6,2,1
"Nagpur","Nagpur","Gondia","Gondia","Goregaon","20019216","GOREGAON RR Retrofitting","Katangi",2643,1,"0.000000","0.000000","0.000000","0.000000","0.000000","0.000000","0.000000","0.000000","0.000000","0.000000","0.000000","0.000000","0.000000","12-Apr","13-Apr","14-Apr","15-Apr","16-Apr","17-Apr","11-Apr","12-Apr","13-Apr","14-Apr","15-Apr","16-Apr","17-Apr",7,4,0
"Nagpur","Nagpur","Gondia","Gondia","Goregaon","20019216","GOREGAON RR Retrofitting","Goregaon",8766,3,"1.130000","87.120000","96.960000","97.210000","96.870000","61.150000","759.770000","12.920000","993.880000","1106.050000","1108.990000","1105.080000","697.580000","12-Apr","13-Apr","14-Apr","15-Apr","16-Apr","17-Apr","11-Apr","12-Apr","13-Apr","14-Apr","15-Apr","16-Apr","17-Apr",3,0,4
"Nagpur","Nagpur","Gondia","Gondia","Goregaon","20019216","GOREGAON RR Retrofitting","Ghoti",3931,1,"0.330000","1.930000","1.380000","1.770000","1.020000","0.640000","16.770000","8.350000","49.220000","35.080000","44.950000","25.820000","16.360000","12-Apr","13-Apr","14-Apr","15-Apr","16-Apr","17-Apr","11-Apr","12-Apr","13-Apr","14-Apr","15-Apr","16-Apr","17-Apr",7,7,0
"Nagpur","Nagpur","Gondia","Gondia","Goregaon","20019216","GOREGAON RR Retrofitting","Mengatola",1000,1,"0.000000","0.000000","0.000000","126.780000","24.280000","476.590000","0.000000","0.000000","0.000000","0.000000","12678.000000","2428.480000","47659.310000","12-Apr","13-Apr","14-Apr","15-Apr","16-Apr","17-Apr","11-Apr","12-Apr","13-Apr","14-Apr","15-Apr","16-Apr","17-Apr",5,1,2
"Nagpur","Nagpur","Chandrapur","Mul","Mul","7890965","Mul Grid & 24 Villages  RR WSS Retrofitting","Bhawarala",1032,1,"0.000000","0.000000","0.000000","0.000000","0.000000","0.000000","0.000000","0.000000","0.000000","0.000000","0.000000","0.000000","0.000000","12-Apr","13-Apr","14-Apr","15-Apr","16-Apr","17-Apr","11-Apr","12-Apr","13-Apr","14-Apr","15-Apr","16-Apr","17-Apr",0,0,7
"Nagpur","Nagpur","Chandrapur","Mul","Mul","7890965","Mul Grid & 24 Villages  RR WSS Retrofitting","Akapur",537,1,"0.240000","0.280000","0.000000","0.270000","0.270000","0.150000","36.630000","45.020000","51.340000","0.000000","49.920000","49.850000","27.320000","12-Apr","13-Apr","14-Apr","15-Apr","16-Apr","17-Apr","11-Apr","12-Apr","13-Apr","14-Apr","15-Apr","16-Apr","17-Apr",0,0,7
"Nagpur","Nagpur","Chandrapur","Mul","Mul","7890965","Mul Grid & 24 Villages  RR WSS Retrofitting","Agadi",425,1,"0.000000","0.000000","0.280000","0.240000","0.070000","0.050000","77.380000","0.000000","0.190000","66.310000","57.200000","15.320000","11.420000","12-Apr","13-Apr","14-Apr","15-Apr","16-Apr","17-Apr","11-Apr","12-Apr","13-Apr","14-Apr","15-Apr","16-Apr","17-Apr",6,4,1
"Nagpur","Nagpur","Chandrapur","Mul","Mul","7890965","Mul Grid & 24 Villages  RR WSS Retrofitting","Chak Katwan",247,1,"0.440000","0.810000","0.710000","0.900000","0.410000","1.010000","223.110000","177.460000","326.350000","286.240000","366.150000","164.970000","409.580000","12-Apr","13-Apr","14-Apr","15-Apr","16-Apr","17-Apr","11-Apr","12-Apr","13-Apr","14-Apr","15-Apr","16-Apr","17-Apr",7,2,0
"Nagpur","Nagpur","Chandrapur","Mul","Mul","7890965","Mul Grid & 24 Villages  RR WSS Retrofitting","Chimadha",1589,1,"0.000000","0.000000","0.000000","0.000000","0.000000","0.000000","0.000000","0.000000","0.000000","0.000000","0.000000","0.000000","0.000000","12-Apr","13-Apr","14-Apr","15-Apr","16-Apr","17-Apr","11-Apr","12-Apr","13-Apr","14-Apr","15-Apr","16-Apr","17-Apr",5,0,2
"Nagpur","Nagpur","Chandrapur","Mul","Mul","7890965","Mul Grid & 24 Villages  RR WSS Retrofitting","Chicholi",2400,1,"0.180000","0.320000","0.200000","0.350000","0.160000","0.510000","12.850000","7.340000","13.510000","8.490000","14.640000","6.580000","21.380000","12-Apr","13-Apr","14-Apr","15-Apr","16-Apr","17-Apr","11-Apr","12-Apr","13-Apr","14-Apr","15-Apr","16-Apr","17-Apr",4,4,3
"Chhatrapati Sambhajinagar","Chhatrapati Sambhajinagar","Chhatrapati Sambhajinagar","Vaijapur","Vaijapur","20051233","373 Village Gangapur-Vaijapur Grid WSS","Chorwaghalgaon",3313,1,"0.200000","0.350000","0.000000","0.160000","0.390000","0.020000","7.710000","6.040000","10.560000","0.000000","4.830000","11.770000","0.600000","12-Apr","13-Apr","14-Apr","15-Apr","16-Apr","17-Apr","11-Apr","12-Apr","13-Apr","14-Apr","15-Apr","16-Apr","17-Apr",5,5,2
"Chhatrapati Sambhajinagar","Chhatrapati Sambhajinagar","Chhatrapati Sambhajinagar","Vaijapur","Vaijapur","20051233","373 Village Gangapur-Vaijapur Grid WSS","Jategaon",2711,1,"0.010000","0.290000","0.200000","0.040000","0.000000","0.020000","0.810000","0.340000","10.700000","7.380000","1.480000","0.000000","0.810000","12-Apr","13-Apr","14-Apr","15-Apr","16-Apr","17-Apr","11-Apr","12-Apr","13-Apr","14-Apr","15-Apr","16-Apr","17-Apr",1,1,6
"Chhatrapati Sambhajinagar","Latur","Latur","Shirur Anantpal","Shirur Anantpal","20030815","Sakol 7 villages WSS","Sakol",6216,2,"3.530000","0.980000","2.760000","1.820000","0.000000","0.180000","58.820000","56.830000","15.770000","44.400000","29.280000","0.000000","2.960000","12-Apr","13-Apr","14-Apr","15-Apr","16-Apr","17-Apr","11-Apr","12-Apr","13-Apr","14-Apr","15-Apr","16-Apr","17-Apr",7,0,0
"Chhatrapati Sambhajinagar","Latur","Latur","Shirur Anantpal","Shirur Anantpal","20030815","Sakol 7 villages WSS","Kanegaon",256,1,"0.000000","0.000000","0.000000","0.000000","0.000000","0.000000","0.000000","0.000000","0.000000","0.000000","0.000000","0.000000","0.000000","12-Apr","13-Apr","14-Apr","15-Apr","16-Apr","17-Apr","11-Apr","12-Apr","13-Apr","14-Apr","15-Apr","16-Apr","17-Apr",7,6,0
"Chhatrapati Sambhajinagar","Latur","Latur","Shirur Anantpal","Shirur Anantpal","20030815","Sakol 7 villages WSS","Tripal",1850,1,"0.000000","0.000000","0.000000","0.000000","0.000000","0.000000","0.000000","0.000000","0.000000","0.000000","0.000000","0.000000","0.000000","12-Apr","13-Apr","14-Apr","15-Apr","16-Apr","17-Apr","11-Apr","12-Apr","13-Apr","14-Apr","15-Apr","16-Apr","17-Apr",7,4,0
"Chhatrapati Sambhajinagar","Nanded","Nanded","Himayatnagar","Himayatnagar","20013969","Hadgaon and Himayatnagar 132 Village Grid WSS","Pota Kh.",787,1,"0.000000","0.000000","0.000000","0.000000","0.000000","0.000000","0.000000","0.000000","0.000000","0.000000","0.000000","0.000000","0.000000","12-Apr","13-Apr","14-Apr","15-Apr","16-Apr","17-Apr","11-Apr","12-Apr","13-Apr","14-Apr","15-Apr","16-Apr","17-Apr",3,1,4
"Chhatrapati Sambhajinagar","Chhatrapati Sambhajinagar","Chhatrapati Sambhajinagar","Vaijapur","Vaijapur","20051233","373 Village Gangapur-Vaijapur Grid WSS","Bhaggaon",2023,1,"2.640000","2.610000","2.520000","1.790000","1.650000","2.180000","119.780000","130.660000","129.020000","124.570000","88.480000","81.400000","107.820000","12-Apr","13-Apr","14-Apr","15-Apr","16-Apr","17-Apr","11-Apr","12-Apr","13-Apr","14-Apr","15-Apr","16-Apr","17-Apr",7,2,0
"Chhatrapati Sambhajinagar","Nanded","Nanded","Kandhar","Kandhar","7338000","Osmamnagar Shirdhon Combined WSS","Dharashiv",100,2,"0.000000","0.000000","0.000000","0.000000","0.000000","0.000000","0.000000","0.000000","0.000000","0.000000","0.000000","0.000000","0.000000","12-Apr","13-Apr","14-Apr","15-Apr","16-Apr","17-Apr","11-Apr","12-Apr","13-Apr","14-Apr","15-Apr","16-Apr","17-Apr",5,0,2
"Chhatrapati Sambhajinagar","Chhatrapati Sambhajinagar","Chhatrapati Sambhajinagar","Vaijapur","Vaijapur","20051233","373 Village Gangapur-Vaijapur Grid WSS","Babhultel",1532,1,"0.000000","0.000000","0.000000","0.000000","0.000000","0.000000","0.000000","0.000000","0.000000","0.000000","0.000000","0.000000","0.000000","12-Apr","13-Apr","14-Apr","15-Apr","16-Apr","17-Apr","11-Apr","12-Apr","13-Apr","14-Apr","15-Apr","16-Apr","17-Apr",7,3,0
"Chhatrapati Sambhajinagar","Latur","Latur","Chakur","Chakur","20030459","Rachnawadi 6 villages WSS","Rachnawadi",493,1,"0.500000","0.540000","0.000000","0.000000","0.000000","0.000000","105.480000","101.420000","109.530000","0.000000","0.000000","0.000000","0.000000","12-Apr","13-Apr","14-Apr","15-Apr","16-Apr","17-Apr","11-Apr","12-Apr","13-Apr","14-Apr","15-Apr","16-Apr","17-Apr",7,7,0
"Chhatrapati Sambhajinagar","Chhatrapati Sambhajinagar","Chhatrapati Sambhajinagar","Paithan","Paithan","20018162","Paithan Taluka 178 Village Grid WS","Dadegaon Jahagir",1400,1,"0.000000","0.000000","0.000000","3.170000","8.880000","28.600000","593.710000","0.000000","0.000000","0.000000","226.430000","634.290000","2042.560000","12-Apr","13-Apr","14-Apr","15-Apr","16-Apr","17-Apr","11-Apr","12-Apr","13-Apr","14-Apr","15-Apr","16-Apr","17-Apr",7,7,0
"Chhatrapati Sambhajinagar","Chhatrapati Sambhajinagar","Chhatrapati Sambhajinagar","Gangapur","Gangapur","20051233","373 Village Gangapur-Vaijapur Grid WSS","Raipur",2196,1,"0.000000","0.000000","0.000000","0.000000","0.000000","0.000000","0.000000","0.000000","0.000000","0.000000","0.000000","0.000000","0.000000","12-Apr","13-Apr","14-Apr","15-Apr","16-Apr","17-Apr","11-Apr","12-Apr","13-Apr","14-Apr","15-Apr","16-Apr","17-Apr",7,5,0
"Chhatrapati Sambhajinagar","Nanded","Nanded","Hadgaon","Hadgaon","20013969","Hadgaon and Himayatnagar 132 Village Grid WSS","Hadsani",1944,1,"10.790000","12.320000","13.310000","13.610000","11.880000","8.490000","473.400000","554.960000","633.740000","684.670000","700.100000","611.110000","436.700000","12-Apr","13-Apr","14-Apr","15-Apr","16-Apr","17-Apr","11-Apr","12-Apr","13-Apr","14-Apr","15-Apr","16-Apr","17-Apr",0,0,7
"Chhatrapati Sambhajinagar","Latur","Latur","Renapur","Renapur","20030820","Pangaon 10 villages WSS","Manusmarwadi",1629,1,"0.000000","0.000000","0.000000","1.080000","0.640000","1.770000","0.000000","0.000000","0.000000","0.000000","66.300000","39.290000","108.660000","12-Apr","13-Apr","14-Apr","15-Apr","16-Apr","17-Apr","11-Apr","12-Apr","13-Apr","14-Apr","15-Apr","16-Apr","17-Apr",7,0,0
"Chhatrapati Sambhajinagar","Chhatrapati Sambhajinagar","Chhatrapati Sambhajinagar","Gangapur","Gangapur","20051233","373 Village Gangapur-Vaijapur Grid WSS","Ranjangaon (s)",62282,1,"0.000000","0.000000","0.010000","4.300000","0.000000","0.000000","0.000000","0.000000","0.000000","0.010000","6.900000","0.000000","0.000000","12-Apr","13-Apr","14-Apr","15-Apr","16-Apr","17-Apr","11-Apr","12-Apr","13-Apr","14-Apr","15-Apr","16-Apr","17-Apr",7,3,0
"Chhatrapati Sambhajinagar","Nanded","Nanded","Hadgaon","Hadgaon","20013969","Hadgaon and Himayatnagar 132 Village Grid WSS","Baradshewala",2360,1,"0.000000","0.000000","0.000000","0.000000","0.000000","0.000000","0.000000","0.000000","0.000000","0.000000","0.000000","0.000000","0.000000","12-Apr","13-Apr","14-Apr","15-Apr","16-Apr","17-Apr","11-Apr","12-Apr","13-Apr","14-Apr","15-Apr","16-Apr","17-Apr",7,7,0
"Chhatrapati Sambhajinagar","Nanded","Nanded","Hadgaon","Hadgaon","20013969","Hadgaon and Himayatnagar 132 Village Grid WSS","Hardaf",2364,1,"0.000000","0.000000","0.000000","0.000000","0.000000","0.000000","0.000000","0.000000","0.000000","0.000000","0.000000","0.000000","0.000000","12-Apr","13-Apr","14-Apr","15-Apr","16-Apr","17-Apr","11-Apr","12-Apr","13-Apr","14-Apr","15-Apr","16-Apr","17-Apr",7,0,0
"Chhatrapati Sambhajinagar","Nanded","Nanded","Hadgaon","Hadgaon","20013969","Hadgaon and Himayatnagar 132 Village Grid WSS","Krushnapur",664,1,"0.000000","0.000000","0.000000","0.000000","0.000000","0.000000","0.000000","0.000000","0.000000","0.000000","0.000000","0.000000","0.000000","12-Apr","13-Apr","14-Apr","15-Apr","16-Apr","17-Apr","11-Apr","12-Apr","13-Apr","14-Apr","15-Apr","16-Apr","17-Apr",4,2,3
"Chhatrapati Sambhajinagar","Chhatrapati Sambhajinagar","Chhatrapati Sambhajinagar","Vaijapur","Vaijapur","20051233","373 Village Gangapur-Vaijapur Grid WSS","Kapus Wadgaon",2712,1,"0.290000","0.390000","0.000000","0.000000","0.000000","0.000000","5.920000","10.740000","14.380000","0.000000","0.000000","0.000000","0.000000","12-Apr","13-Apr","14-Apr","15-Apr","16-Apr","17-Apr","11-Apr","12-Apr","13-Apr","14-Apr","15-Apr","16-Apr","17-Apr",3,0,4
"Chhatrapati Sambhajinagar","Chhatrapati sambhajinagar","Chhatrapati sambhajinagar","Vaijapur","Vaijapur","20051233","373 Village Gangapur-Vaijapur Grid WSS","Mali Ghogargaon",2591,1,"0.370000","0.390000","0.290000","0.280000","0.000000","0.280000","7.040000","14.470000","15.050000","11.190000","10.810000","0.000000","10.730000","12-Apr","13-Apr","14-Apr","15-Apr","16-Apr","17-Apr","11-Apr","12-Apr","13-Apr","14-Apr","15-Apr","16-Apr","17-Apr",5,0,2
"Chhatrapati Sambhajinagar","Nanded","Nanded","Hadgaon","Hadgaon","20013969","Hadgaon and Himayatnagar 132 Village Grid WSS","Chinchgawhan",2440,1,"0.010000","0.110000","0.000000","0.000000","0.000000","98.630000","4.440000","0.410000","4.510000","0.000000","0.000000","0.000000","4042.170000","12-Apr","13-Apr","14-Apr","15-Apr","16-Apr","17-Apr","11-Apr","12-Apr","13-Apr","14-Apr","15-Apr","16-Apr","17-Apr",7,7,0
"Chhatrapati Sambhajinagar","Nanded","Nanded","Hadgaon","Hadgaon","20013969","Hadgaon and Himayatnagar 132 Village Grid WSS","Unchegaon",1958,1,"0.820000","3.110000","0.360000","0.310000","0.630000","0.170000","47.600000","41.880000","158.600000","18.390000","15.830000","32.020000","8.650000","12-Apr","13-Apr","14-Apr","15-Apr","16-Apr","17-Apr","11-Apr","12-Apr","13-Apr","14-Apr","15-Apr","16-Apr","17-Apr",4,4,3
"Chhatrapati Sambhajinagar","Chhatrapati Sambhajinagar","Chhatrapati Sambhajinagar","Gangapur","Gangapur","20051233","373 Village Gangapur-Vaijapur Grid WSS","Warkhed",3343,1,"0.000000","0.730000","0.700000","0.690000","0.020000","1.070000","16.090000","0.000000","21.840000","20.940000","20.640000","0.600000","31.880000","12-Apr","13-Apr","14-Apr","15-Apr","16-Apr","17-Apr","11-Apr","12-Apr","13-Apr","14-Apr","15-Apr","16-Apr","17-Apr",7,1,0
"Chhatrapati Sambhajinagar","Chhatrapati Sambhajinagar","Chhatrapati Sambhajinagar","Vaijapur","Vaijapur","20051233","373 Village Gangapur-Vaijapur Grid WSS","Hadas Pimpalgaon",1611,1,"0.550000","0.380000","0.000000","0.380000","0.000000","0.540000","20.380000","33.900000","23.590000","0.000000","23.590000","0.000000","33.640000","12-Apr","13-Apr","14-Apr","15-Apr","16-Apr","17-Apr","11-Apr","12-Apr","13-Apr","14-Apr","15-Apr","16-Apr","17-Apr",5,3,2
"Chhatrapati Sambhajinagar","Chhatrapati Sambhajinagar","Chhatrapati Sambhajinagar","Vaijapur","Vaijapur","20051233","373 Village Gangapur-Vaijapur Grid WSS","Goygaon",1665,1,"0.000000","0.000000","0.000000","0.000000","0.000000","0.000000","0.000000","0.000000","0.000000","0.000000","0.000000","0.000000","0.000000","12-Apr","13-Apr","14-Apr","15-Apr","16-Apr","17-Apr","11-Apr","12-Apr","13-Apr","14-Apr","15-Apr","16-Apr","17-Apr",1,1,6
"Chhatrapati Sambhajinagar","Chhatrapati Sambhajinagar","Chhatrapati Sambhajinagar","Vaijapur","Vaijapur","20051233","373 Village Gangapur-Vaijapur Grid WSS","Dawala",1483,1,"0.350000","0.000000","0.330000","0.330000","0.000000","0.180000","19.190000","23.330000","0.000000","22.250000","22.250000","0.000000","12.070000","12-Apr","13-Apr","14-Apr","15-Apr","16-Apr","17-Apr","11-Apr","12-Apr","13-Apr","14-Apr","15-Apr","16-Apr","17-Apr",7,1,0
"Chhatrapati Sambhajinagar","Chhatrapati Sambhajinagar","Chhatrapati Sambhajinagar","Vaijapur","Vaijapur","20051233","373 Village Gangapur-Vaijapur Grid WSS","Lasurgaon",6676,1,"0.000000","0.000000","0.000000","0.000000","0.000000","0.000000","0.000000","0.000000","0.000000","0.000000","0.000000","0.000000","0.000000","12-Apr","13-Apr","14-Apr","15-Apr","16-Apr","17-Apr","11-Apr","12-Apr","13-Apr","14-Apr","15-Apr","16-Apr","17-Apr",6,0,1
"Chhatrapati Sambhajinagar","Chhatrapati Sambhajinagar","Chhatrapati Sambhajinagar","Vaijapur","Vaijapur","20051233","373 Village Gangapur-Vaijapur Grid WSS","Khandala",1180,1,"0.000000","2.220000","2.710000","3.060000","0.000000","2.680000","134.750000","0.000000","188.140000","229.660000","259.320000","0.000000","227.420000","12-Apr","13-Apr","14-Apr","15-Apr","16-Apr","17-Apr","11-Apr","12-Apr","13-Apr","14-Apr","15-Apr","16-Apr","17-Apr",6,0,1
"Chhatrapati Sambhajinagar","Chhatrapati Sambhajinagar","Chhatrapati Sambhajinagar","Vaijapur","Vaijapur","20051233","373 Village Gangapur-Vaijapur Grid WSS","Karanjgaon",1983,1,"0.300000","0.570000","0.410000","0.450000","0.310000","0.280000","19.870000","15.150000","28.740000","20.680000","22.690000","15.630000","14.310000","12-Apr","13-Apr","14-Apr","15-Apr","16-Apr","17-Apr","11-Apr","12-Apr","13-Apr","14-Apr","15-Apr","16-Apr","17-Apr",5,3,2
"Chhatrapati Sambhajinagar","Chhatrapati Sambhajinagar","Chhatrapati Sambhajinagar","Vaijapur","Vaijapur","20051233","373 Village Gangapur-Vaijapur Grid WSS","Jarul",3679,1,"1.080000","0.570000","3.160000","1.420000","1.210000","0.560000","17.260000","29.480000","15.490000","85.890000","38.600000","32.890000","15.280000","12-Apr","13-Apr","14-Apr","15-Apr","16-Apr","17-Apr","11-Apr","12-Apr","13-Apr","14-Apr","15-Apr","16-Apr","17-Apr",6,6,1
"Chhatrapati Sambhajinagar","Chhatrapati Sambhajinagar","Chhatrapati Sambhajinagar","Vaijapur","Vaijapur","20051233","373 Village Gangapur-Vaijapur Grid WSS","Jambargaon",2614,1,"0.360000","0.000000","0.000000","0.000000","0.000000","0.610000","12.670000","13.940000","0.000000","0.000000","0.000000","0.000000","23.380000","12-Apr","13-Apr","14-Apr","15-Apr","16-Apr","17-Apr","11-Apr","12-Apr","13-Apr","14-Apr","15-Apr","16-Apr","17-Apr",7,0,0
"Chhatrapati Sambhajinagar","Nanded","Nanded","Himayatnagar","Himayatnagar","20013969","Hadgaon and Himayatnagar 132 Village Grid WSS","Virsani",2817,1,"0.000000","1.530000","0.840000","0.550000","0.890000","0.420000","0.000000","0.000000","54.310000","29.820000","19.520000","31.590000","14.850000","12-Apr","13-Apr","14-Apr","15-Apr","16-Apr","17-Apr","11-Apr","12-Apr","13-Apr","14-Apr","15-Apr","16-Apr","17-Apr",7,7,0
"Chhatrapati Sambhajinagar","Nanded","Nanded","Himayatnagar","Himayatnagar","20013969","Hadgaon and Himayatnagar 132 Village Grid WSS","Tembhi",1927,1,"0.000000","0.000000","0.000000","0.000000","0.000000","0.000000","0.000000","0.000000","0.000000","0.000000","0.000000","0.000000","0.000000","12-Apr","13-Apr","14-Apr","15-Apr","16-Apr","17-Apr","11-Apr","12-Apr","13-Apr","14-Apr","15-Apr","16-Apr","17-Apr",5,4,2
"Chhatrapati Sambhajinagar","Chhatrapati sambhajinagar","Chhatrapati sambhajinagar","Vaijapur","Vaijapur","20051233","373 Village Gangapur-Vaijapur Grid WSS","Raghunathpurwadi",1097,1,"0.000000","0.000000","0.000000","0.000000","0.000000","0.000000","0.000000","0.000000","0.000000","0.000000","0.000000","0.000000","0.000000","12-Apr","13-Apr","14-Apr","15-Apr","16-Apr","17-Apr","11-Apr","12-Apr","13-Apr","14-Apr","15-Apr","16-Apr","17-Apr",7,7,0
"Chhatrapati Sambhajinagar","Chhatrapati Sambhajinagar","Chhatrapati Sambhajinagar","Vaijapur","Vaijapur","20051233","373 Village Gangapur-Vaijapur Grid WSS","Virgaon",2271,1,"1.080000","0.000000","2.470000","8.110000","0.940000","4.910000","25.690000","47.640000","0.000000","108.760000","357.110000","41.390000","216.050000","12-Apr","13-Apr","14-Apr","15-Apr","16-Apr","17-Apr","11-Apr","12-Apr","13-Apr","14-Apr","15-Apr","16-Apr","17-Apr",1,0,6
"Chhatrapati Sambhajinagar","Nanded","Nanded","Himayatnagar","Himayatnagar","20013969","Hadgaon and Himayatnagar 132 Village Grid WSS","Ashti",4091,1,"0.000000","0.000000","0.000000","0.000000","0.000000","0.000000","0.000000","0.000000","0.000000","0.000000","0.000000","0.000000","0.000000","12-Apr","13-Apr","14-Apr","15-Apr","16-Apr","17-Apr","11-Apr","12-Apr","13-Apr","14-Apr","15-Apr","16-Apr","17-Apr",6,0,1
"Chhatrapati Sambhajinagar","Nanded","Nanded","Himayatnagar","Himayatnagar","20013969","Hadgaon and Himayatnagar 132 Village Grid WSS","Walkyachiwadi",4427,1,"0.290000","0.900000","0.030000","0.140000","0.140000","0.230000","5.590000","6.550000","20.330000","0.680000","3.160000","3.160000","5.210000","12-Apr","13-Apr","14-Apr","15-Apr","16-Apr","17-Apr","11-Apr","12-Apr","13-Apr","14-Apr","15-Apr","16-Apr","17-Apr",2,0,5
"Chhatrapati Sambhajinagar","Chhatrapati sambhajinagar","Chhatrapati sambhajinagar","Vaijapur","Vaijapur","20051233","373 Village Gangapur-Vaijapur Grid WSS","Hilalpur",1383,1,"0.000000","0.000000","0.000000","0.000000","0.000000","0.000000","0.000000","0.000000","0.000000","0.000000","0.000000","0.000000","0.000000","12-Apr","13-Apr","14-Apr","15-Apr","16-Apr","17-Apr","11-Apr","12-Apr","13-Apr","14-Apr","15-Apr","16-Apr","17-Apr",7,0,0
"Chhatrapati Sambhajinagar","Chhatrapati Sambhajinagar","Chhatrapati Sambhajinagar","Paithan","Paithan","20018162","Paithan Taluka 178 Village Grid WS","Mharola",2169,1,"0.000000","0.000000","0.000000","0.020000","0.010000","0.000000","0.460000","0.000000","0.000000","0.000000","0.920000","0.460000","0.000000","12-Apr","13-Apr","14-Apr","15-Apr","16-Apr","17-Apr","11-Apr","12-Apr","13-Apr","14-Apr","15-Apr","16-Apr","17-Apr",7,0,0
"Chhatrapati Sambhajinagar","Nanded","Nanded","Hadgaon","Hadgaon","20013969","Hadgaon and Himayatnagar 132 Village Grid WSS","Brahmanwadi",525,1,"0.000000","0.000000","0.000000","0.000000","0.000000","0.000000","0.000000","0.000000","0.000000","0.000000","0.000000","0.000000","0.000000","12-Apr","13-Apr","14-Apr","15-Apr","16-Apr","17-Apr","11-Apr","12-Apr","13-Apr","14-Apr","15-Apr","16-Apr","17-Apr",5,3,2
"Chhatrapati Sambhajinagar","Latur","Latur","Renapur","Renapur","20030820","Pangaon 10 villages WSS","Murdav",1765,1,"0.000000","0.000000","0.000000","0.000000","0.000000","0.000000","0.000000","0.000000","0.000000","0.000000","0.000000","0.000000","0.000000","12-Apr","13-Apr","14-Apr","15-Apr","16-Apr","17-Apr","11-Apr","12-Apr","13-Apr","14-Apr","15-Apr","16-Apr","17-Apr",7,2,0
"Chhatrapati Sambhajinagar","Chhatrapati sambhajinagar","Chhatrapati sambhajinagar","Vaijapur","Vaijapur","20051233","373 Village Gangapur-Vaijapur Grid WSS","Sudamwadi",750,1,"0.000000","0.000000","0.000000","0.000000","0.000000","0.000000","0.000000","0.000000","0.000000","0.000000","0.000000","0.000000","0.000000","12-Apr","13-Apr","14-Apr","15-Apr","16-Apr","17-Apr","11-Apr","12-Apr","13-Apr","14-Apr","15-Apr","16-Apr","17-Apr",2,0,5
"Chhatrapati Sambhajinagar","Chhatrapati Sambhajinagar","Chhatrapati Sambhajinagar","Paithan","Paithan","20018162","Paithan Taluka 178 Village Grid WS","Dadegaon Bk.",1144,2,"0.000000","0.000000","0.010000","0.000000","0.000000","0.000000","7.870000","0.000000","0.000000","0.870000","0.000000","0.000000","0.000000","12-Apr","13-Apr","14-Apr","15-Apr","16-Apr","17-Apr","11-Apr","12-Apr","13-Apr","14-Apr","15-Apr","16-Apr","17-Apr",7,7,0
"Chhatrapati Sambhajinagar","Chhatrapati Sambhajinagar","Chhatrapati Sambhajinagar","Paithan","Paithan","20018162","Paithan Taluka 178 Village Grid WS","Balanagar",5504,1,"3.010000","1.490000","1.840000","2.180000","1.210000","3.250000","54.170000","54.730000","27.070000","33.430000","39.610000","21.980000","59.120000","12-Apr","13-Apr","14-Apr","15-Apr","16-Apr","17-Apr","11-Apr","12-Apr","13-Apr","14-Apr","15-Apr","16-Apr","17-Apr",7,7,0
"Chhatrapati Sambhajinagar","Chhatrapati Sambhajinagar","Chhatrapati Sambhajinagar","Gangapur","Gangapur","20051233","373 Village Gangapur-Vaijapur Grid WSS","Jogeshwari",13730,1,"5.240000","5.430000","3.420000","5.900000","4.170000","4.250000","24.410000","38.170000","39.550000","24.910000","42.970000","30.370000","30.970000","12-Apr","13-Apr","14-Apr","15-Apr","16-Apr","17-Apr","11-Apr","12-Apr","13-Apr","14-Apr","15-Apr","16-Apr","17-Apr",7,7,0
"Chhatrapati Sambhajinagar","Chhatrapati Sambhajinagar","Chhatrapati Sambhajinagar","Gangapur","Gangapur","20051233","373 Village Gangapur-Vaijapur Grid WSS","Shivrai",2706,1,"0.280000","0.300000","0.310000","0.240000","0.000000","0.000000","8.090000","10.420000","11.090000","11.460000","8.870000","0.000000","0.000000","12-Apr","13-Apr","14-Apr","15-Apr","16-Apr","17-Apr","11-Apr","12-Apr","13-Apr","14-Apr","15-Apr","16-Apr","17-Apr",7,7,0
"Chhatrapati Sambhajinagar","Chhatrapati Sambhajinagar","Chhatrapati Sambhajinagar","Gangapur","Gangapur","20051233","373 Village Gangapur-Vaijapur Grid WSS","Sawangi",5491,1,"0.000000","0.000000","0.000000","0.000000","0.000000","0.000000","0.000000","0.000000","0.000000","0.000000","0.000000","0.000000","0.000000","12-Apr","13-Apr","14-Apr","15-Apr","16-Apr","17-Apr","11-Apr","12-Apr","13-Apr","14-Apr","15-Apr","16-Apr","17-Apr",7,5,0
"Chhatrapati Sambhajinagar","Nanded","Nanded","Naigaon","Naigaon","7942142","Manjram WSS (7942142)","Wadi",25016,1,"0.000000","0.000000","0.000000","0.000000","0.000000","0.000000","0.000000","0.000000","0.000000","0.000000","0.000000","0.000000","0.000000","12-Apr","13-Apr","14-Apr","15-Apr","16-Apr","17-Apr","11-Apr","12-Apr","13-Apr","14-Apr","15-Apr","16-Apr","17-Apr",7,0,0
"Chhatrapati Sambhajinagar","Nanded","Nanded","Hadgaon","Hadgaon","20013969","Hadgaon and Himayatnagar 132 Village Grid WSS","Sapti",2440,1,"2.190000","1.980000","5.240000","1.470000","0.000000","5.370000","0.000000","0.000000","0.000000","0.000000","0.000000","0.000000","219.960000","12-Apr","13-Apr","14-Apr","15-Apr","16-Apr","17-Apr","11-Apr","12-Apr","13-Apr","14-Apr","15-Apr","16-Apr","17-Apr",7,0,0
"Chhatrapati Sambhajinagar","Chhatrapati Sambhajinagar","Chhatrapati Sambhajinagar","Vaijapur","Vaijapur","20051233","373 Village Gangapur-Vaijapur Grid WSS","Bhivgaon",2871,1,"0.000000","0.000000","0.000000","0.000000","0.000000","0.000000","0.000000","0.000000","0.050000","0.000000","0.000000","0.000000","0.000000","12-Apr","13-Apr","14-Apr","15-Apr","16-Apr","17-Apr","11-Apr","12-Apr","13-Apr","14-Apr","15-Apr","16-Apr","17-Apr",7,0,0
"Chhatrapati Sambhajinagar","Nanded","Nanded","Hadgaon","Hadgaon","20013969","Hadgaon and Himayatnagar 132 Village Grid WSS","Koli",3873,1,"0.000000","0.000000","0.000000","0.000000","0.000000","0.000000","0.000000","0.000000","0.000000","0.000000","0.000000","0.000000","0.000000","12-Apr","13-Apr","14-Apr","15-Apr","16-Apr","17-Apr","11-Apr","12-Apr","13-Apr","14-Apr","15-Apr","16-Apr","17-Apr",7,6,0
"Chhatrapati Sambhajinagar","Nanded","Nanded","Kandhar","Kandhar","7338000","Osmamnagar Shirdhon Combined WSS","Shiradhon",7804,3,"0.000000","0.000000","0.000000","0.000000","0.000000","0.000000","0.000000","0.000000","0.000000","0.000000","0.000000","0.000000","0.000000","12-Apr","13-Apr","14-Apr","15-Apr","16-Apr","17-Apr","11-Apr","12-Apr","13-Apr","14-Apr","15-Apr","16-Apr","17-Apr",7,7,0
"Chhatrapati Sambhajinagar","Nanded","Nanded","Hadgaon","Hadgaon","20013969","Hadgaon and Himayatnagar 132 Village Grid WSS","Ekrala",1509,1,"0.000000","0.000000","0.000000","0.000000","0.000000","0.000000","0.000000","0.000000","0.000000","0.000000","0.000000","0.000000","0.000000","12-Apr","13-Apr","14-Apr","15-Apr","16-Apr","17-Apr","11-Apr","12-Apr","13-Apr","14-Apr","15-Apr","16-Apr","17-Apr",7,4,0
"Chhatrapati Sambhajinagar","Chhatrapati Sambhajinagar","Chhatrapati Sambhajinagar","Paithan","Paithan","20018162","Paithan Taluka 178 Village Grid WS","Antarwadi Khandi",2331,1,"0.000000","0.000000","0.000000","0.000000","0.000000","0.000000","0.000000","0.000000","0.000000","0.000000","0.000000","0.000000","0.000000","12-Apr","13-Apr","14-Apr","15-Apr","16-Apr","17-Apr","11-Apr","12-Apr","13-Apr","14-Apr","15-Apr","16-Apr","17-Apr",7,7,0
"Chhatrapati Sambhajinagar","Nanded","Nanded","Hadgaon","Hadgaon","20013969","Hadgaon and Himayatnagar 132 Village Grid WSS","Gorlegaon",2313,1,"0.000000","0.000000","0.000000","0.000000","0.000000","0.000000","0.000000","0.000000","0.000000","0.000000","0.000000","0.000000","0.000000","12-Apr","13-Apr","14-Apr","15-Apr","16-Apr","17-Apr","11-Apr","12-Apr","13-Apr","14-Apr","15-Apr","16-Apr","17-Apr",0,0,7
"Chhatrapati Sambhajinagar","Chhatrapati Sambhajinagar","Chhatrapati Sambhajinagar","Vaijapur","Vaijapur","20051233","373 Village Gangapur-Vaijapur Grid WSS","Sakegaon",1780,1,"0.000000","0.000000","0.000000","0.000000","0.000000","0.000000","0.000000","0.000000","0.000000","0.000000","0.000000","0.000000","0.000000","12-Apr","13-Apr","14-Apr","15-Apr","16-Apr","17-Apr","11-Apr","12-Apr","13-Apr","14-Apr","15-Apr","16-Apr","17-Apr",7,0,0
"Chhatrapati Sambhajinagar","Nanded","Nanded","Hadgaon","Hadgaon","20013969","Hadgaon and Himayatnagar 132 Village Grid WSS","Palsa",3436,1,"1.400000","1.350000","0.230000","0.530000","0.000000","0.410000","13.610000","40.820000","39.290000","6.690000","15.420000","0.000000","12.020000","12-Apr","13-Apr","14-Apr","15-Apr","16-Apr","17-Apr","11-Apr","12-Apr","13-Apr","14-Apr","15-Apr","16-Apr","17-Apr",6,1,1
"Chhatrapati Sambhajinagar","Chhatrapati Sambhajinagar","Chhatrapati Sambhajinagar","Paithan","Paithan","20018162","Paithan Taluka 178 Village Grid WS","Dhorkin",3816,1,"0.090000","0.680000","0.000000","0.000000","0.000000","0.400000","0.000000","2.340000","17.820000","0.000000","0.000000","0.000000","10.480000","12-Apr","13-Apr","14-Apr","15-Apr","16-Apr","17-Apr","11-Apr","12-Apr","13-Apr","14-Apr","15-Apr","16-Apr","17-Apr",7,7,0
"Chhatrapati Sambhajinagar","Latur","Latur","Renapur","Renapur","20030820","Pangaon 10 villages WSS","Pangaon",13738,3,"0.000000","0.610000","0.470000","0.000000","0.000000","0.340000","0.000000","0.000000","4.440000","3.420000","0.000000","0.000000","2.460000","12-Apr","13-Apr","14-Apr","15-Apr","16-Apr","17-Apr","11-Apr","12-Apr","13-Apr","14-Apr","15-Apr","16-Apr","17-Apr",7,0,0
"Chhatrapati Sambhajinagar","Latur","Latur","Renapur","Renapur","20030820","Pangaon 10 villages WSS","Ghansargaon",2815,1,"0.370000","0.800000","0.000000","1.080000","0.000000","1.000000","83.190000","13.140000","28.420000","0.000000","38.370000","0.000000","35.430000","12-Apr","13-Apr","14-Apr","15-Apr","16-Apr","17-Apr","11-Apr","12-Apr","13-Apr","14-Apr","15-Apr","16-Apr","17-Apr",7,3,0
"Chhatrapati Sambhajinagar","Chhatrapati Sambhajinagar","Chhatrapati Sambhajinagar","Paithan","Paithan","20018162","Paithan Taluka 178 Village Grid WS","Takli Paithan",0,1,"0.730000","0.690000","0.830000","0.670000","0.600000","0.330000","0.000000","0.000000","0.000000","0.000000","0.000000","0.000000","0.000000","12-Apr","13-Apr","14-Apr","15-Apr","16-Apr","17-Apr","11-Apr","12-Apr","13-Apr","14-Apr","15-Apr","16-Apr","17-Apr",0,4,3
"Chhatrapati Sambhajinagar","Chhatrapati Sambhajinagar","Chhatrapati Sambhajinagar","Paithan","Paithan","20018162","Paithan Taluka 178 Village Grid WS","Geora Bashi",0,1,"11.170000","0.000000","0.000000","0.000000","0.000000","0.000000","0.000000","0.000000","0.000000","0.000000","0.000000","0.000000","0.000000","12-Apr","13-Apr","14-Apr","15-Apr","16-Apr","17-Apr","11-Apr","12-Apr","13-Apr","14-Apr","15-Apr","16-Apr","17-Apr",7,7,0
"Chhatrapati Sambhajinagar","Chhatrapati Sambhajinagar","Chhatrapati Sambhajinagar","Paithan","Paithan","20018162","Paithan Taluka 178 Village Grid WS","Pangara",0,1,"0.000000","0.000000","0.000000","0.000000","0.000000","0.000000","0.000000","0.000000","0.000000","0.000000","0.000000","0.000000","0.000000","12-Apr","13-Apr","14-Apr","15-Apr","16-Apr","17-Apr","11-Apr","12-Apr","13-Apr","14-Apr","15-Apr","16-Apr","17-Apr",7,7,0
"Chhatrapati Sambhajinagar","Chhatrapati Sambhajinagar","Chhatrapati Sambhajinagar","Paithan","Paithan","20018162","Paithan Taluka 178 Village Grid WS","Tupewadi",1240,1,"0.000000","0.000000","0.000000","0.000000","0.000000","0.000000","0.000000","0.000000","0.000000","0.000000","0.000000","0.000000","0.000000","12-Apr","13-Apr","14-Apr","15-Apr","16-Apr","17-Apr","11-Apr","12-Apr","13-Apr","14-Apr","15-Apr","16-Apr","17-Apr",0,0,7
"Chhatrapati Sambhajinagar","Chhatrapati Sambhajinagar","Chhatrapati Sambhajinagar","Paithan","Paithan","20018162","Paithan Taluka 178 Village Grid WS","Geora BK.",0,1,"0.000000","0.000000","0.000000","0.000000","0.000000","0.000000","0.000000","0.000000","0.000000","0.000000","0.000000","0.000000","0.000000","12-Apr","13-Apr","14-Apr","15-Apr","16-Apr","17-Apr","11-Apr","12-Apr","13-Apr","14-Apr","15-Apr","16-Apr","17-Apr",0,4,3
"Chhatrapati Sambhajinagar","Chhatrapati Sambhajinagar","Chhatrapati Sambhajinagar","Paithan","Paithan","20018162","Paithan Taluka 178 Village Grid WS","Lakhegaon",988,1,"0.620000","0.280000","0.270000","0.450000","0.000000","0.430000","19.190000","62.310000","28.340000","27.330000","45.550000","0.000000","43.750000","12-Apr","13-Apr","14-Apr","15-Apr","16-Apr","17-Apr","11-Apr","12-Apr","13-Apr","14-Apr","15-Apr","16-Apr","17-Apr",1,1,6
"Chhatrapati Sambhajinagar","Chhatrapati Sambhajinagar","Chhatrapati Sambhajinagar","Paithan","Paithan","20018162","Paithan Taluka 178 Village Grid WS","Tanda Kh.",0,1,"0.000000","0.000000","0.000000","0.000000","0.000000","0.000000","0.000000","0.000000","0.000000","0.000000","0.000000","0.000000","0.000000","12-Apr","13-Apr","14-Apr","15-Apr","16-Apr","17-Apr","11-Apr","12-Apr","13-Apr","14-Apr","15-Apr","16-Apr","17-Apr",1,7,0
"Chhatrapati Sambhajinagar","Chhatrapati Sambhajinagar","Chhatrapati Sambhajinagar","Paithan","Paithan","20018162","Paithan Taluka 178 Village Grid WS","Shekta",0,1,"0.000000","0.000000","0.000000","0.000000","0.000000","0.000000","0.000000","0.000000","0.000000","0.000000","0.000000","0.000000","0.000000","12-Apr","13-Apr","14-Apr","15-Apr","16-Apr","17-Apr","11-Apr","12-Apr","13-Apr","14-Apr","15-Apr","16-Apr","17-Apr",3,7,0
"Chhatrapati Sambhajinagar","Chhatrapati Sambhajinagar","Chhatrapati Sambhajinagar","Paithan","Paithan","20018162","Paithan Taluka 178 Village Grid WS","Gidhada",564,1,"0.280000","3.870000","0.000000","0.240000","0.400000","0.190000","49.650000","49.650000","685.610000","0.000000","42.550000","70.920000","33.690000","12-Apr","13-Apr","14-Apr","15-Apr","16-Apr","17-Apr","11-Apr","12-Apr","13-Apr","14-Apr","15-Apr","16-Apr","17-Apr",0,5,2
"Chhatrapati Sambhajinagar","Chhatrapati Sambhajinagar","Chhatrapati Sambhajinagar","Paithan","Paithan","20018162","Paithan Taluka 178 Village Grid WS","Dinnapur",900,1,"1.000000","0.890000","0.800000","0.720000","0.360000","0.800000","68.890000","110.720000","98.890000","88.890000","80.000000","40.000000","88.890000","12-Apr","13-Apr","14-Apr","15-Apr","16-Apr","17-Apr","11-Apr","12-Apr","13-Apr","14-Apr","15-Apr","16-Apr","17-Apr",1,7,0
"Chhatrapati Sambhajinagar","Chhatrapati Sambhajinagar","Chhatrapati Sambhajinagar","Paithan","Paithan","20018162","Paithan Taluka 178 Village Grid WS","Dongaon",0,1,"0.000000","0.000000","0.000000","0.000000","0.000000","0.000000","0.000000","0.000000","0.000000","0.000000","0.000000","0.000000","0.000000","12-Apr","13-Apr","14-Apr","15-Apr","16-Apr","17-Apr","11-Apr","12-Apr","13-Apr","14-Apr","15-Apr","16-Apr","17-Apr",7,7,0
"Chhatrapati Sambhajinagar","Chhatrapati Sambhajinagar","Chhatrapati Sambhajinagar","Paithan","Paithan","20018162","Paithan Taluka 178 Village Grid WS","Hiradpuri",1372,1,"5.320000","0.000000","6.710000","0.000000","6.420000","1.730000","0.000000","387.720000","0.000000","489.070000","0.000000","467.930000","125.970000","12-Apr","13-Apr","14-Apr","15-Apr","16-Apr","17-Apr","11-Apr","12-Apr","13-Apr","14-Apr","15-Apr","16-Apr","17-Apr",0,0,7
"Chhatrapati Sambhajinagar","Chhatrapati Sambhajinagar","Chhatrapati Sambhajinagar","Paithan","Paithan","20018162","Paithan Taluka 178 Village Grid WS","Rajapur",1108,1,"0.000000","0.000000","0.000000","0.000000","0.000000","0.000000","0.000000","0.000000","0.000000","0.000000","0.000000","0.000000","0.000000","12-Apr","13-Apr","14-Apr","15-Apr","16-Apr","17-Apr","11-Apr","12-Apr","13-Apr","14-Apr","15-Apr","16-Apr","17-Apr",7,7,0
"Chhatrapati Sambhajinagar","Chhatrapati Sambhajinagar","Chhatrapati Sambhajinagar","Paithan","Paithan","20018162","Paithan Taluka 178 Village Grid WS","Wawa",460,1,"0.220000","1.220000","0.000000","0.000000","0.000000","0.220000","0.000000","47.830000","265.220000","0.000000","0.000000","0.000000","48.570000","12-Apr","13-Apr","14-Apr","15-Apr","16-Apr","17-Apr","11-Apr","12-Apr","13-Apr","14-Apr","15-Apr","16-Apr","17-Apr",0,2,5
"Chhatrapati Sambhajinagar","Chhatrapati Sambhajinagar","Chhatrapati Sambhajinagar","Paithan","Paithan","20018162","Paithan Taluka 178 Village Grid WS","Koli Bodkha",3700,1,"0.000000","0.000000","0.000000","0.000000","0.000000","0.000000","0.000000","0.000000","0.000000","0.000000","0.000000","0.000000","0.000000","12-Apr","13-Apr","14-Apr","15-Apr","16-Apr","17-Apr","11-Apr","12-Apr","13-Apr","14-Apr","15-Apr","16-Apr","17-Apr",7,7,0
"Chhatrapati Sambhajinagar","Chhatrapati Sambhajinagar","Chhatrapati Sambhajinagar","Paithan","Paithan","20018162","Paithan Taluka 178 Village Grid WS","Tondoli",0,1,"16.820000","38.410000","0.000000","0.000000","0.000000","3.910000","0.000000","0.000000","0.000000","0.000000","0.000000","0.000000","0.000000","12-Apr","13-Apr","14-Apr","15-Apr","16-Apr","17-Apr","11-Apr","12-Apr","13-Apr","14-Apr","15-Apr","16-Apr","17-Apr",0,1,6
"Chhatrapati Sambhajinagar","Chhatrapati Sambhajinagar","Chhatrapati Sambhajinagar","Paithan","Paithan","20018162","Paithan Taluka 178 Village Grid WS","Somapuri",0,1,"0.000000","0.000000","0.000000","0.000000","0.000000","0.000000","0.000000","0.000000","0.000000","0.000000","0.000000","0.000000","0.000000","12-Apr","13-Apr","14-Apr","15-Apr","16-Apr","17-Apr","11-Apr","12-Apr","13-Apr","14-Apr","15-Apr","16-Apr","17-Apr",3,3,4
"Chhatrapati Sambhajinagar","Chhatrapati Sambhajinagar","Chhatrapati Sambhajinagar","Paithan","Paithan","20018162","Paithan Taluka 178 Village Grid WS","Daregaon",992,1,"0.000000","0.000000","0.000000","0.000000","0.000000","0.140000","0.000000","0.000000","0.000000","0.000000","0.000000","0.000000","13.900000","12-Apr","13-Apr","14-Apr","15-Apr","16-Apr","17-Apr","11-Apr","12-Apr","13-Apr","14-Apr","15-Apr","16-Apr","17-Apr",7,7,0
"Chhatrapati Sambhajinagar","Chhatrapati Sambhajinagar","Chhatrapati Sambhajinagar","Paithan","Paithan","20018162","Paithan Taluka 178 Village Grid WS","Thergaon",1020,1,"3.350000","3.190000","2.700000","2.730000","1.520000","3.810000","370.260000","328.680000","312.750000","264.710000","267.420000","149.020000","373.780000","12-Apr","13-Apr","14-Apr","15-Apr","16-Apr","17-Apr","11-Apr","12-Apr","13-Apr","14-Apr","15-Apr","16-Apr","17-Apr",0,0,7
"Chhatrapati Sambhajinagar","Chhatrapati Sambhajinagar","Chhatrapati Sambhajinagar","Paithan","Paithan","20018162","Paithan Taluka 178 Village Grid WS","kapuswadi",0,1,"0.000000","0.000000","0.000000","0.000000","0.000000","0.000000","0.000000","0.000000","0.000000","0.000000","0.000000","0.000000","0.000000","12-Apr","13-Apr","14-Apr","15-Apr","16-Apr","17-Apr","11-Apr","12-Apr","13-Apr","14-Apr","15-Apr","16-Apr","17-Apr",0,0,7
"Chhatrapati Sambhajinagar","Chhatrapati Sambhajinagar","Chhatrapati Sambhajinagar","Paithan","Paithan","20018162","Paithan Taluka 178 Village Grid WS","Karkin",2680,1,"0.800000","0.900000","0.870000","0.770000","0.790000","0.430000","23.130000","29.890000","33.580000","32.460000","28.730000","29.480000","16.170000","12-Apr","13-Apr","14-Apr","15-Apr","16-Apr","17-Apr","11-Apr","12-Apr","13-Apr","14-Apr","15-Apr","16-Apr","17-Apr",0,0,7
"Chhatrapati Sambhajinagar","Chhatrapati Sambhajinagar","Chhatrapati Sambhajinagar","Paithan","Paithan","20018162","Paithan Taluka 178 Village Grid WS","Khandewadi",0,1,"0.000000","0.000000","0.000000","0.000000","0.000000","0.000000","0.000000","0.000000","0.000000","0.000000","0.000000","0.000000","0.000000","12-Apr","13-Apr","14-Apr","15-Apr","16-Apr","17-Apr","11-Apr","12-Apr","13-Apr","14-Apr","15-Apr","16-Apr","17-Apr",1,4,3
"Chhatrapati Sambhajinagar","Chhatrapati Sambhajinagar","Chhatrapati Sambhajinagar","Paithan","Paithan","20018162","Paithan Taluka 178 Village Grid WS","Kutub Kheda",792,1,"0.000000","0.000000","0.000000","0.000000","0.000000","0.000000","0.000000","0.000000","0.000000","0.000000","0.000000","0.000000","0.000000","12-Apr","13-Apr","14-Apr","15-Apr","16-Apr","17-Apr","11-Apr","12-Apr","13-Apr","14-Apr","15-Apr","16-Apr","17-Apr",7,7,0
"Chhatrapati Sambhajinagar","Chhatrapati Sambhajinagar","Chhatrapati Sambhajinagar","Paithan","Paithan","20018162","Paithan Taluka 178 Village Grid WS","Warwandi Kh.",800,1,"0.290000","1.280000","0.770000","6.260000","0.260000","1.760000","188.750000","36.250000","160.000000","96.250000","782.500000","32.500000","220.370000","12-Apr","13-Apr","14-Apr","15-Apr","16-Apr","17-Apr","11-Apr","12-Apr","13-Apr","14-Apr","15-Apr","16-Apr","17-Apr",3,1,4
"Chhatrapati Sambhajinagar","Chhatrapati Sambhajinagar","Chhatrapati Sambhajinagar","Paithan","Paithan","20018162","Paithan Taluka 178 Village Grid WS","Shivani",440,1,"0.000000","0.000000","1.350000","0.000000","0.000000","0.000000","0.000000","0.000000","0.000000","306.820000","0.000000","0.000000","0.000000","12-Apr","13-Apr","14-Apr","15-Apr","16-Apr","17-Apr","11-Apr","12-Apr","13-Apr","14-Apr","15-Apr","16-Apr","17-Apr",2,1,5
"Chhatrapati Sambhajinagar","Chhatrapati Sambhajinagar","Chhatrapati Sambhajinagar","Paithan","Paithan","20018162","Paithan Taluka 178 Village Grid WS","Narayangaon",1272,1,"1.080000","1.230000","1.070000","1.150000","0.880000","0.800000","98.270000","84.650000","96.700000","84.120000","90.410000","69.180000","63.170000","12-Apr","13-Apr","14-Apr","15-Apr","16-Apr","17-Apr","11-Apr","12-Apr","13-Apr","14-Apr","15-Apr","16-Apr","17-Apr",0,0,7
"Chhatrapati Sambhajinagar","Chhatrapati Sambhajinagar","Chhatrapati Sambhajinagar","Paithan","Paithan","20018162","Paithan Taluka 178 Village Grid WS","Paithan Kheda",1788,1,"0.090000","0.000000","0.010000","0.000000","0.000000","0.110000","1.120000","5.030000","0.000000","0.560000","0.000000","0.000000","6.200000","12-Apr","13-Apr","14-Apr","15-Apr","16-Apr","17-Apr","11-Apr","12-Apr","13-Apr","14-Apr","15-Apr","16-Apr","17-Apr",6,1,1
"Chhatrapati Sambhajinagar","Chhatrapati Sambhajinagar","Chhatrapati Sambhajinagar","Paithan","Paithan","20018162","Paithan Taluka 178 Village Grid WS","Khadgaon",1936,1,"0.000000","0.000000","0.000000","0.000000","0.000000","0.100000","0.000000","0.000000","0.000000","0.000000","0.000000","0.000000","5.170000","12-Apr","13-Apr","14-Apr","15-Apr","16-Apr","17-Apr","11-Apr","12-Apr","13-Apr","14-Apr","15-Apr","16-Apr","17-Apr",0,0,7
"Chhatrapati Sambhajinagar","Chhatrapati Sambhajinagar","Chhatrapati Sambhajinagar","Paithan","Paithan","20018162","Paithan Taluka 178 Village Grid WS","Harshi Bk.",0,1,"0.420000","0.390000","0.330000","0.280000","0.000000","0.230000","0.000000","0.000000","0.000000","0.000000","0.000000","0.000000","0.000000","12-Apr","13-Apr","14-Apr","15-Apr","16-Apr","17-Apr","11-Apr","12-Apr","13-Apr","14-Apr","15-Apr","16-Apr","17-Apr",1,0,6
"Chhatrapati Sambhajinagar","Chhatrapati Sambhajinagar","Chhatrapati Sambhajinagar","Paithan","Paithan","20018162","Paithan Taluka 178 Village Grid WS","Honobachi wadi",783,1,"0.000000","0.000000","0.000000","0.000000","0.000000","0.000000","0.000000","0.000000","0.000000","0.000000","0.000000","0.000000","0.000000","12-Apr","13-Apr","14-Apr","15-Apr","16-Apr","17-Apr","11-Apr","12-Apr","13-Apr","14-Apr","15-Apr","16-Apr","17-Apr",7,7,0
"Chhatrapati Sambhajinagar","Chhatrapati Sambhajinagar","Chhatrapati Sambhajinagar","Paithan","Paithan","20018162","Paithan Taluka 178 Village Grid WS","Geora Kh.",0,1,"0.000000","0.000000","0.430000","0.000000","0.380000","0.000000","0.000000","0.000000","0.000000","0.000000","0.000000","0.000000","0.000000","12-Apr","13-Apr","14-Apr","15-Apr","16-Apr","17-Apr","11-Apr","12-Apr","13-Apr","14-Apr","15-Apr","16-Apr","17-Apr",4,4,3
"Chhatrapati Sambhajinagar","Chhatrapati Sambhajinagar","Chhatrapati Sambhajinagar","Paithan","Paithan","20018162","Paithan Taluka 178 Village Grid WS","Mavasgavhan",588,1,"0.480000","0.270000","1.210000","0.530000","0.000000","0.830000","67.340000","81.170000","45.920000","205.780000","90.140000","0.000000","141.300000","12-Apr","13-Apr","14-Apr","15-Apr","16-Apr","17-Apr","11-Apr","12-Apr","13-Apr","14-Apr","15-Apr","16-Apr","17-Apr",4,4,3
"Chhatrapati Sambhajinagar","Chhatrapati Sambhajinagar","Chhatrapati Sambhajinagar","Paithan","Paithan","20018162","Paithan Taluka 178 Village Grid WS","Nandar",3360,1,"111.240000","55.180000","23.410000","78.860000","0.000000","0.000000","2034.100000","3310.590000","1642.380000","696.730000","2347.020000","0.000000","0.000000","12-Apr","13-Apr","14-Apr","15-Apr","16-Apr","17-Apr","11-Apr","12-Apr","13-Apr","14-Apr","15-Apr","16-Apr","17-Apr",7,7,0
"Chhatrapati Sambhajinagar","Chhatrapati Sambhajinagar","Chhatrapati Sambhajinagar","Paithan","Paithan","20018162","Paithan Taluka 178 Village Grid WS","Vihamandwa",6440,1,"0.000000","0.000000","2.600000","3.460000","0.000000","1.970000","66.270000","0.000000","0.000000","40.370000","53.730000","0.000000","30.570000","12-Apr","13-Apr","14-Apr","15-Apr","16-Apr","17-Apr","11-Apr","12-Apr","13-Apr","14-Apr","15-Apr","16-Apr","17-Apr",3,0,4
"Chhatrapati Sambhajinagar","Nanded","Nanded","Hadgaon","Hadgaon","20013969","Hadgaon and Himayatnagar 132 Village Grid WSS","Ghogri",1237,1,"6.770000","0.980000","2.270000","0.200000","0.000000","3.060000","25.060000","546.930000","79.220000","183.510000","16.170000","0.000000","246.980000","12-Apr","13-Apr","14-Apr","15-Apr","16-Apr","17-Apr","11-Apr","12-Apr","13-Apr","14-Apr","15-Apr","16-Apr","17-Apr",7,7,0
"Chhatrapati Sambhajinagar","Chhatrapati Sambhajinagar","Chhatrapati Sambhajinagar","Vaijapur","Vaijapur","20051233","373 Village Gangapur-Vaijapur Grid WSS","Belgaon",2403,1,"0.000000","0.000000","0.000000","0.000000","0.000000","0.000000","0.000000","0.000000","0.000000","0.000000","0.000000","0.000000","0.000000","12-Apr","13-Apr","14-Apr","15-Apr","16-Apr","17-Apr","11-Apr","12-Apr","13-Apr","14-Apr","15-Apr","16-Apr","17-Apr",5,4,2
"Chhatrapati Sambhajinagar","Chhatrapati Sambhajinagar","Chhatrapati Sambhajinagar","Vaijapur","Vaijapur","20051233","373 Village Gangapur-Vaijapur Grid WSS","Aghur",3999,1,"1.770000","1.250000","1.200000","1.560000","1.240000","1.210000","38.500000","44.290000","31.260000","30.010000","39.010000","31.010000","30.240000","12-Apr","13-Apr","14-Apr","15-Apr","16-Apr","17-Apr","11-Apr","12-Apr","13-Apr","14-Apr","15-Apr","16-Apr","17-Apr",1,1,6
"Chhatrapati Sambhajinagar","Chhatrapati Sambhajinagar","Chhatrapati Sambhajinagar","Vaijapur","Vaijapur","20051233","373 Village Gangapur-Vaijapur Grid WSS","Agar Saigaon",1601,1,"11.510000","15.380000","0.000000","0.000000","0.000000","12.690000","21.070000","718.930000","960.650000","0.000000","0.000000","0.000000","792.750000","12-Apr","13-Apr","14-Apr","15-Apr","16-Apr","17-Apr","11-Apr","12-Apr","13-Apr","14-Apr","15-Apr","16-Apr","17-Apr",3,2,4
"Chhatrapati Sambhajinagar","Chhatrapati Sambhajinagar","Chhatrapati Sambhajinagar","Vaijapur","Vaijapur","20051233","373 Village Gangapur-Vaijapur Grid WSS","Bhaigaon Ganga",1373,1,"0.150000","1.110000","0.180000","0.310000","0.580000","0.260000","24.030000","10.660000","80.840000","13.110000","22.580000","42.240000","18.930000","12-Apr","13-Apr","14-Apr","15-Apr","16-Apr","17-Apr","11-Apr","12-Apr","13-Apr","14-Apr","15-Apr","16-Apr","17-Apr",3,3,4
"Chhatrapati Sambhajinagar","Nanded","Nanded","Himayatnagar","Himayatnagar","20013969","Hadgaon and Himayatnagar 132 Village Grid WSS","Pota (Bk)",5377,1,"0.000000","0.000000","0.000000","0.000000","0.000000","0.000000","0.000000","0.000000","0.000000","0.000000","0.000000","0.000000","0.000000","12-Apr","13-Apr","14-Apr","15-Apr","16-Apr","17-Apr","11-Apr","12-Apr","13-Apr","14-Apr","15-Apr","16-Apr","17-Apr",7,7,0
"Chhatrapati Sambhajinagar","Nanded","Parbhani","Senaon","Senaon","20023330","Kawtha Bk & 9 Vill RR WSS","Shinagikhamba",1296,1,"3.080000","5.020000","4.510000","4.120000","2.300000","1.310000","356.310000","237.590000","387.350000","347.990000","317.900000","177.470000","101.010000","12-Apr","13-Apr","14-Apr","15-Apr","16-Apr","17-Apr","11-Apr","12-Apr","13-Apr","14-Apr","15-Apr","16-Apr","17-Apr",7,7,0
"Chhatrapati Sambhajinagar","Nanded","Nanded","Hadgaon","Hadgaon","20013969","Hadgaon and Himayatnagar 132 Village Grid WSS","Babhali",2273,1,"0.800000","0.280000","0.490000","0.480000","0.680000","1.410000","19.430000","35.370000","12.320000","21.560000","21.120000","29.920000","62.190000","12-Apr","13-Apr","14-Apr","15-Apr","16-Apr","17-Apr","11-Apr","12-Apr","13-Apr","14-Apr","15-Apr","16-Apr","17-Apr",7,7,0
"Chhatrapati Sambhajinagar","Nanded","Nanded","Hadgaon","Hadgaon","20013969","Hadgaon and Himayatnagar 132 Village Grid WSS","Umri Ja.",2492,1,"0.000000","0.000000","0.000000","0.000000","0.000000","0.000000","0.000000","0.000000","0.000000","0.000000","0.000000","0.000000","0.000000","12-Apr","13-Apr","14-Apr","15-Apr","16-Apr","17-Apr","11-Apr","12-Apr","13-Apr","14-Apr","15-Apr","16-Apr","17-Apr",7,7,0
"Chhatrapati Sambhajinagar","Chhatrapati Sambhajinagar","Chhatrapati Sambhajinagar","Vaijapur","Vaijapur","20051233","373 Village Gangapur-Vaijapur Grid WSS","Gadhe Pimpalgaon",3803,1,"0.000000","0.000000","0.000000","0.000000","0.000000","0.000000","0.000000","0.000000","0.000000","0.000000","0.000000","0.000000","0.000000","12-Apr","13-Apr","14-Apr","15-Apr","16-Apr","17-Apr","11-Apr","12-Apr","13-Apr","14-Apr","15-Apr","16-Apr","17-Apr",3,3,4
"Chhatrapati Sambhajinagar","Chhatrapati sambhajinagar","Chhatrapati sambhajinagar","Vaijapur","Vaijapur","20051233","373 Village Gangapur-Vaijapur Grid WSS","Babhulgaon Kh",1976,1,"0.000000","0.000000","0.000000","0.000000","0.000000","0.000000","0.000000","0.000000","0.000000","0.000000","0.000000","0.000000","0.000000","12-Apr","13-Apr","14-Apr","15-Apr","16-Apr","17-Apr","11-Apr","12-Apr","13-Apr","14-Apr","15-Apr","16-Apr","17-Apr",1,1,6
"Chhatrapati Sambhajinagar","Chhatrapati Sambhajinagar","Chhatrapati Sambhajinagar","Vaijapur","Vaijapur","20051233","373 Village Gangapur-Vaijapur Grid WSS","Pokhari",2866,1,"0.000000","3.790000","7.470000","9.340000","0.000000","0.180000","199.250000","0.000000","132.240000","260.780000","325.890000","0.000000","6.280000","12-Apr","13-Apr","14-Apr","15-Apr","16-Apr","17-Apr","11-Apr","12-Apr","13-Apr","14-Apr","15-Apr","16-Apr","17-Apr",4,4,3
"Chhatrapati Sambhajinagar","Chhatrapati Sambhajinagar","Chhatrapati Sambhajinagar","Vaijapur","Vaijapur","20051233","373 Village Gangapur-Vaijapur Grid WSS","Mahalgaon",5303,1,"0.000000","0.000000","0.020000","0.000000","0.000000","0.020000","0.270000","0.000000","0.000000","0.380000","0.000000","0.000000","0.390000","12-Apr","13-Apr","14-Apr","15-Apr","16-Apr","17-Apr","11-Apr","12-Apr","13-Apr","14-Apr","15-Apr","16-Apr","17-Apr",7,0,0
"Chhatrapati Sambhajinagar","Nanded","Nanded","Hadgaon","Hadgaon","20013969","Hadgaon and Himayatnagar 132 Village Grid WSS","Talegaon",2044,1,"111.590000","76.260000","0.000000","0.000000","0.000000","0.000000","5589.910000","5459.440000","3730.720000","0.000000","0.000000","0.000000","0.000000","12-Apr","13-Apr","14-Apr","15-Apr","16-Apr","17-Apr","11-Apr","12-Apr","13-Apr","14-Apr","15-Apr","16-Apr","17-Apr",7,7,0
"Chhatrapati Sambhajinagar","Chhatrapati Sambhajinagar","Chhatrapati Sambhajinagar","Sillod","Sillod","20017395","Shirsala & 4 Village","Sirsala Tanda",1032,1,"1.170000","0.770000","0.720000","0.210000","0.330000","0.940000","107.360000","113.300000","74.610000","69.770000","20.350000","31.980000","91.430000","12-Apr","13-Apr","14-Apr","15-Apr","16-Apr","17-Apr","11-Apr","12-Apr","13-Apr","14-Apr","15-Apr","16-Apr","17-Apr",0,0,7
"Chhatrapati Sambhajinagar","Chhatrapati Sambhajinagar","Chhatrapati Sambhajinagar","Sillod","Sillod","20017395","Shirsala & 4 Village","Nanegaon",2284,2,"1.410000","0.000000","0.010000","4.240000","0.000000","8.710000","140.120000","61.700000","0.000000","0.440000","185.640000","0.000000","381.340000","12-Apr","13-Apr","14-Apr","15-Apr","16-Apr","17-Apr","11-Apr","12-Apr","13-Apr","14-Apr","15-Apr","16-Apr","17-Apr",1,0,6
"Chhatrapati Sambhajinagar","Latur","Latur","Chakur","Chakur","20030459","Rachnawadi 6 villages WSS","Her Village",1643,1,"2.030000","1.340000","2.110000","1.650000","2.040000","0.000000","0.000000","123.470000","81.560000","128.420000","100.430000","124.160000","0.000000","12-Apr","13-Apr","14-Apr","15-Apr","16-Apr","17-Apr","11-Apr","12-Apr","13-Apr","14-Apr","15-Apr","16-Apr","17-Apr",2,1,5
"Chhatrapati Sambhajinagar","Chhatrapati Sambhajinagar","Chhatrapati Sambhajinagar","Gangapur","Gangapur","20051233","373 Village Gangapur-Vaijapur Grid WSS","Shivrai",2706,1,"0.280000","0.300000","0.310000","0.240000","0.000000","0.000000","8.090000","10.420000","11.090000","11.460000","8.870000","0.000000","0.000000","12-Apr","13-Apr","14-Apr","15-Apr","16-Apr","17-Apr","11-Apr","12-Apr","13-Apr","14-Apr","15-Apr","16-Apr","17-Apr",0,0,7
"Chhatrapati Sambhajinagar","Nanded","Nanded","Hadgaon","Hadgaon","20013969","Hadgaon and Himayatnagar 132 Village Grid WSS","Sawargaon",4448,1,"0.000000","0.000000","0.000000","0.000000","0.000000","0.000000","0.000000","0.000000","0.000000","0.000000","0.000000","0.000000","0.000000","12-Apr","13-Apr","14-Apr","15-Apr","16-Apr","17-Apr","11-Apr","12-Apr","13-Apr","14-Apr","15-Apr","16-Apr","17-Apr",1,0,6
"Chhatrapati Sambhajinagar","Chhatrapati Sambhajinagar","Chhatrapati Sambhajinagar","Sillod","Sillod","20017395","Shirsala & 4 Village","Pangri",1472,1,"1.350000","0.000000","1.130000","2.960000","1.750000","1.200000","149.770000","91.530000","0.000000","76.770000","201.090000","118.890000","81.220000","12-Apr","13-Apr","14-Apr","15-Apr","16-Apr","17-Apr","11-Apr","12-Apr","13-Apr","14-Apr","15-Apr","16-Apr","17-Apr",2,1,5
"Chhatrapati Sambhajinagar","Nanded","Nanded","Hadgaon","Hadgaon","20013969","Hadgaon and Himayatnagar 132 Village Grid WSS","Kharbi",1461,1,"0.690000","0.730000","0.860000","0.000000","0.760000","0.420000","33.440000","47.330000","49.970000","58.860000","0.000000","52.020000","28.780000","12-Apr","13-Apr","14-Apr","15-Apr","16-Apr","17-Apr","11-Apr","12-Apr","13-Apr","14-Apr","15-Apr","16-Apr","17-Apr",2,0,5
"Chhatrapati Sambhajinagar","Chhatrapati Sambhajinagar","Chhatrapati Sambhajinagar","Gangapur","Gangapur","20051233","373 Village Gangapur-Vaijapur Grid WSS","Babhulgaon Padalsa",1001,1,"0.990000","0.000000","1.050000","0.000000","0.000000","1.080000","0.000000","0.000000","0.000000","0.000000","0.000000","0.000000","107.890000","12-Apr","13-Apr","14-Apr","15-Apr","16-Apr","17-Apr","11-Apr","12-Apr","13-Apr","14-Apr","15-Apr","16-Apr","17-Apr",7,7,0
"Chhatrapati Sambhajinagar","Nanded","Nanded","Himayatnagar","Himayatnagar","20013969","Hadgaon and Himayatnagar 132 Village Grid WSS","Palaspur",2211,1,"0.000000","0.000000","4.260000","0.000000","0.000000","2.200000","181.820000","0.000000","0.000000","192.670000","0.000000","0.000000","99.360000","12-Apr","13-Apr","14-Apr","15-Apr","16-Apr","17-Apr","11-Apr","12-Apr","13-Apr","14-Apr","15-Apr","16-Apr","17-Apr",0,0,7
"Chhatrapati Sambhajinagar","Nanded","Nanded","Himayatnagar","Himayatnagar","20013969","Hadgaon and Himayatnagar 132 Village Grid WSS","Dudhad",1232,1,"3.850000","3.810000","0.000000","4.090000","3.560000","0.000000","306.010000","312.500000","309.250000","0.000000","331.980000","288.960000","0.000000","12-Apr","13-Apr","14-Apr","15-Apr","16-Apr","17-Apr","11-Apr","12-Apr","13-Apr","14-Apr","15-Apr","16-Apr","17-Apr",0,0,7
"Chhatrapati Sambhajinagar","Chhatrapati sambhajinagar","Chhatrapati sambhajinagar","Vaijapur","Vaijapur","20051233","373 Village Gangapur-Vaijapur Grid WSS","Babhulgaon Bk.",2964,1,"0.000000","0.260000","0.310000","0.300000","0.000000","0.510000","0.000000","0.000000","8.770000","10.460000","10.120000","0.000000","17.040000","12-Apr","13-Apr","14-Apr","15-Apr","16-Apr","17-Apr","11-Apr","12-Apr","13-Apr","14-Apr","15-Apr","16-Apr","17-Apr",1,0,6
"Chhatrapati Sambhajinagar","Nanded","Nanded","Hadgaon","Hadgaon","20013969","Hadgaon and Himayatnagar 132 Village Grid WSS","Wadgaon BK.",1840,1,"0.000000","0.000000","0.000000","0.000000","0.000000","0.000000","0.000000","0.000000","0.000000","0.000000","0.000000","0.000000","0.000000","12-Apr","13-Apr","14-Apr","15-Apr","16-Apr","17-Apr","11-Apr","12-Apr","13-Apr","14-Apr","15-Apr","16-Apr","17-Apr",5,4,2
"Chhatrapati Sambhajinagar","Chhatrapati Sambhajinagar","Chhatrapati Sambhajinagar","Paithan","Paithan","20018162","Paithan Taluka 178 Village Grid WS","Akthawada",1508,1,"0.000000","1.430000","0.800000","0.980000","0.270000","1.070000","54.080000","0.000000","94.830000","53.050000","64.990000","17.900000","71.000000","12-Apr","13-Apr","14-Apr","15-Apr","16-Apr","17-Apr","11-Apr","12-Apr","13-Apr","14-Apr","15-Apr","16-Apr","17-Apr",0,0,7
"Chhatrapati Sambhajinagar","Nanded","Nanded","Hadgaon","Hadgaon","20013969","Hadgaon and Himayatnagar 132 Village Grid WSS","Kolgaon",752,1,"0.000000","0.000000","0.000000","0.000000","0.000000","0.000000","0.000000","0.000000","0.000000","0.000000","0.000000","0.000000","0.000000","12-Apr","13-Apr","14-Apr","15-Apr","16-Apr","17-Apr","11-Apr","12-Apr","13-Apr","14-Apr","15-Apr","16-Apr","17-Apr",4,0,3
"Chhatrapati Sambhajinagar","Chhatrapati sambhajinagar","Chhatrapati sambhajinagar","Vaijapur","Vaijapur","20051233","373 Village Gangapur-Vaijapur Grid WSS","Mali Sagaj",2144,1,"0.210000","0.000000","0.000000","0.340000","0.000000","0.000000","0.000000","9.760000","0.000000","0.000000","15.860000","0.000000","0.000000","12-Apr","13-Apr","14-Apr","15-Apr","16-Apr","17-Apr","11-Apr","12-Apr","13-Apr","14-Apr","15-Apr","16-Apr","17-Apr",7,7,0
"Chhatrapati Sambhajinagar","Nanded","Nanded","Hadgaon","Hadgaon","20013969","Hadgaon and Himayatnagar 132 Village Grid WSS","Pingli",460,1,"0.810000","0.530000","0.880000","0.950000","0.890000","0.490000","0.000000","176.090000","115.220000","191.300000","206.520000","193.480000","105.510000","12-Apr","13-Apr","14-Apr","15-Apr","16-Apr","17-Apr","11-Apr","12-Apr","13-Apr","14-Apr","15-Apr","16-Apr","17-Apr",0,0,7
"Chhatrapati Sambhajinagar","Nanded","Nanded","Hadgaon","Hadgaon","20013969","Hadgaon and Himayatnagar 132 Village Grid WSS","Rui",3670,1,"0.000000","0.000000","0.000000","0.000000","0.000000","0.000000","0.000000","0.000000","0.000000","0.000000","0.000000","0.000000","0.000000","12-Apr","13-Apr","14-Apr","15-Apr","16-Apr","17-Apr","11-Apr","12-Apr","13-Apr","14-Apr","15-Apr","16-Apr","17-Apr",1,0,6
"Chhatrapati Sambhajinagar","Nanded","Nanded","Hadgaon","Hadgaon","20013969","Hadgaon and Himayatnagar 132 Village Grid WSS","Shirad",4587,1,"0.000000","0.000000","0.000000","0.000000","0.000000","0.000000","0.000000","0.000000","0.000000","0.000000","0.000000","0.000000","0.000000","12-Apr","13-Apr","14-Apr","15-Apr","16-Apr","17-Apr","11-Apr","12-Apr","13-Apr","14-Apr","15-Apr","16-Apr","17-Apr",0,0,7
"Chhatrapati Sambhajinagar","Nanded","Nanded","Hadgaon","Hadgaon","20013969","Hadgaon and Himayatnagar 132 Village Grid WSS","Mardga",3172,1,"0.000000","0.000000","0.000000","0.000000","0.000000","0.000000","0.000000","0.000000","0.000000","0.000000","0.000000","0.000000","0.000000","12-Apr","13-Apr","14-Apr","15-Apr","16-Apr","17-Apr","11-Apr","12-Apr","13-Apr","14-Apr","15-Apr","16-Apr","17-Apr",1,0,6
"Chhatrapati Sambhajinagar","Nanded","Nanded","Hadgaon","Hadgaon","20013969","Hadgaon and Himayatnagar 132 Village Grid WSS","Shendan",526,1,"0.000000","0.000000","0.000000","0.000000","0.000000","0.000000","0.000000","0.000000","0.000000","0.000000","0.000000","0.000000","0.000000","12-Apr","13-Apr","14-Apr","15-Apr","16-Apr","17-Apr","11-Apr","12-Apr","13-Apr","14-Apr","15-Apr","16-Apr","17-Apr",7,7,0
"Chhatrapati Sambhajinagar","Nanded","Nanded","Kandhar","Kandhar","7338000","Osmamnagar Shirdhon Combined WSS","Bhutaychiwadi",905,1,"0.000000","0.000000","0.000000","0.000000","0.000000","0.000000","0.000000","0.000000","0.000000","0.000000","0.000000","0.000000","0.000000","12-Apr","13-Apr","14-Apr","15-Apr","16-Apr","17-Apr","11-Apr","12-Apr","13-Apr","14-Apr","15-Apr","16-Apr","17-Apr",3,1,4
"Chhatrapati Sambhajinagar","Chhatrapati sambhajinagar","Chhatrapati sambhajinagar","Vaijapur","Vaijapur","20051233","373 Village Gangapur-Vaijapur Grid WSS","Sirasgaon",3493,1,"0.480000","0.250000","0.000000","0.390000","0.340000","0.150000","10.880000","13.740000","7.160000","0.000000","11.170000","9.730000","4.240000","12-Apr","13-Apr","14-Apr","15-Apr","16-Apr","17-Apr","11-Apr","12-Apr","13-Apr","14-Apr","15-Apr","16-Apr","17-Apr",0,0,7
"Chhatrapati Sambhajinagar","Chhatrapati Sambhajinagar","Chhatrapati Sambhajinagar","Vaijapur","Vaijapur","20051233","373 Village Gangapur-Vaijapur Grid WSS","Parsoda",3588,2,"0.000000","0.110000","0.000000","0.000000","0.000000","0.090000","0.000000","0.000000","3.070000","0.000000","0.000000","0.000000","2.510000","12-Apr","13-Apr","14-Apr","15-Apr","16-Apr","17-Apr","11-Apr","12-Apr","13-Apr","14-Apr","15-Apr","16-Apr","17-Apr",7,7,0
"Chhatrapati Sambhajinagar","Nanded","Nanded","Hadgaon","Hadgaon","20013969","Hadgaon and Himayatnagar 132 Village Grid WSS","Dhanora (Tamsa)",1380,1,"0.050000","0.000000","0.120000","0.000000","0.000000","0.110000","11.100000","3.300000","0.000000","8.700000","0.000000","0.000000","7.720000","12-Apr","13-Apr","14-Apr","15-Apr","16-Apr","17-Apr","11-Apr","12-Apr","13-Apr","14-Apr","15-Apr","16-Apr","17-Apr",3,0,4
"Chhatrapati Sambhajinagar","Nanded","Nanded","Hadgaon","Hadgaon","20013969","Hadgaon and Himayatnagar 132 Village Grid WSS","Kedarguda",1564,1,"8.370000","3.620000","3.510000","5.690000","3.330000","2.580000","274.070000","534.940000","231.460000","224.420000","363.810000","212.920000","164.920000","12-Apr","13-Apr","14-Apr","15-Apr","16-Apr","17-Apr","11-Apr","12-Apr","13-Apr","14-Apr","15-Apr","16-Apr","17-Apr",0,0,7
"Chhatrapati Sambhajinagar","Nanded","Nanded","Hadgaon","Hadgaon","20013969","Hadgaon and Himayatnagar 132 Village Grid WSS","Mahatala",1569,1,"0.690000","0.610000","0.780000","0.560000","0.290000","0.310000","34.820000","44.060000","38.880000","49.710000","35.420000","18.480000","19.720000","12-Apr","13-Apr","14-Apr","15-Apr","16-Apr","17-Apr","11-Apr","12-Apr","13-Apr","14-Apr","15-Apr","16-Apr","17-Apr",5,5,2
"Chhatrapati Sambhajinagar","Chhatrapati Sambhajinagar","Chhatrapati Sambhajinagar","Paithan","Paithan","20018162","Paithan Taluka 178 Village Grid WS","Kuranpimpri",720,1,"1.650000","0.680000","0.980000","0.880000","1.210000","1.240000","152.780000","229.310000","94.440000","136.110000","122.220000","168.060000","172.100000","12-Apr","13-Apr","14-Apr","15-Apr","16-Apr","17-Apr","11-Apr","12-Apr","13-Apr","14-Apr","15-Apr","16-Apr","17-Apr",7,2,0
"Chhatrapati Sambhajinagar","Chhatrapati sambhajinagar","Chhatrapati sambhajinagar","Vaijapur","Vaijapur","20051233","373 Village Gangapur-Vaijapur Grid WSS","Garaj",1820,1,"0.000000","0.210000","0.010000","0.000000","0.000000","0.240000","13.970000","0.000000","11.720000","0.550000","0.000000","0.000000","13.130000","12-Apr","13-Apr","14-Apr","15-Apr","16-Apr","17-Apr","11-Apr","12-Apr","13-Apr","14-Apr","15-Apr","16-Apr","17-Apr",3,3,4
"Chhatrapati Sambhajinagar","Chhatrapati Sambhajinagar","Chhatrapati Sambhajinagar","Paithan","Paithan","20018162","Paithan Taluka 178 Village Grid WS","Changatpuri",3387,1,"0.000000","0.000000","0.000000","0.000000","0.000000","0.000000","0.000000","0.000000","0.000000","0.000000","0.000000","0.000000","0.000000","12-Apr","13-Apr","14-Apr","15-Apr","16-Apr","17-Apr","11-Apr","12-Apr","13-Apr","14-Apr","15-Apr","16-Apr","17-Apr",7,7,0
"Chhatrapati Sambhajinagar","Nanded","Nanded","Hadgaon","Hadgaon","20013969","Hadgaon and Himayatnagar 132 Village Grid WSS","Yelamb",2225,1,"0.000000","0.000000","0.000000","0.000000","0.000000","0.000000","0.000000","0.000000","0.000000","0.000000","0.000000","0.000000","0.000000","12-Apr","13-Apr","14-Apr","15-Apr","16-Apr","17-Apr","11-Apr","12-Apr","13-Apr","14-Apr","15-Apr","16-Apr","17-Apr",7,7,0
"Chhatrapati Sambhajinagar","Nanded","Nanded","Hadgaon","Hadgaon","20013969","Hadgaon and Himayatnagar 132 Village Grid WSS","Gargavhan",264,1,"6.060000","13.440000","5.940000","5.510000","22.410000","6.660000","2486.980000","2296.870000","5090.910000","2250.000000","2087.120000","8488.640000","2521.630000","12-Apr","13-Apr","14-Apr","15-Apr","16-Apr","17-Apr","11-Apr","12-Apr","13-Apr","14-Apr","15-Apr","16-Apr","17-Apr",1,0,6
"Chhatrapati Sambhajinagar","Chhatrapati Sambhajinagar","Chhatrapati Sambhajinagar","Gangapur","Gangapur","20051233","373 Village Gangapur-Vaijapur Grid WSS","Domegaon-Borgaon",1535,1,"0.000000","0.000000","0.000000","0.000000","0.000000","0.000000","0.000000","0.000000","0.000000","0.000000","0.000000","0.000000","0.000000","12-Apr","13-Apr","14-Apr","15-Apr","16-Apr","17-Apr","11-Apr","12-Apr","13-Apr","14-Apr","15-Apr","16-Apr","17-Apr",6,2,1
"Chhatrapati Sambhajinagar","Nanded","Nanded","Hadgaon","Hadgaon","20013969","Hadgaon and Himayatnagar 132 Village Grid WSS","Newarwadi",1251,1,"0.000000","0.000000","0.000000","0.000000","0.000000","0.000000","0.000000","0.000000","0.000000","0.000000","0.000000","0.000000","0.000000","12-Apr","13-Apr","14-Apr","15-Apr","16-Apr","17-Apr","11-Apr","12-Apr","13-Apr","14-Apr","15-Apr","16-Apr","17-Apr",0,0,7
"Chhatrapati Sambhajinagar","Nanded","Nanded","Hadgaon","Hadgaon","20013969","Hadgaon and Himayatnagar 132 Village Grid WSS","Pangri (Manatha)",772,1,"0.000000","0.000000","0.000000","0.000000","0.000000","0.000000","0.000000","0.000000","0.000000","0.000000","0.000000","0.000000","0.000000","12-Apr","13-Apr","14-Apr","15-Apr","16-Apr","17-Apr","11-Apr","12-Apr","13-Apr","14-Apr","15-Apr","16-Apr","17-Apr",7,7,0
"Chhatrapati Sambhajinagar","Chhatrapati Sambhajinagar","Chhatrapati Sambhajinagar","Vaijapur","Vaijapur","20051233","373 Village Gangapur-Vaijapur Grid WSS","Sanjarpurwadi",2971,1,"0.000000","0.000000","0.750000","0.010000","0.000000","0.160000","14.740000","0.000000","0.000000","25.240000","0.340000","0.000000","5.510000","12-Apr","13-Apr","14-Apr","15-Apr","16-Apr","17-Apr","11-Apr","12-Apr","13-Apr","14-Apr","15-Apr","16-Apr","17-Apr",3,2,4
"Chhatrapati Sambhajinagar","Nanded","Nanded","Naigaon","Naigaon","7942142","Manjram WSS (7942142)","Manjram",4704,1,"0.000000","0.000000","0.000000","0.000000","0.000000","0.000000","0.000000","0.000000","0.000000","0.000000","0.000000","0.000000","0.000000","12-Apr","13-Apr","14-Apr","15-Apr","16-Apr","17-Apr","11-Apr","12-Apr","13-Apr","14-Apr","15-Apr","16-Apr","17-Apr",0,0,7
"Chhatrapati Sambhajinagar","Nanded","Nanded","Hadgaon","Hadgaon","20013969","Hadgaon and Himayatnagar 132 Village Grid WSS","Rawangaon (Manatha)",1463,1,"0.000000","0.000000","0.000000","0.000000","0.000000","0.000000","0.000000","0.000000","0.000000","0.000000","0.000000","0.000000","0.000000","12-Apr","13-Apr","14-Apr","15-Apr","16-Apr","17-Apr","11-Apr","12-Apr","13-Apr","14-Apr","15-Apr","16-Apr","17-Apr",7,7,0
"Chhatrapati Sambhajinagar","Nanded","Nanded","Kandhar","Kandhar","7338000","Osmamnagar Shirdhon Combined WSS","Shirdhon Tanda",100,1,"0.000000","0.000000","0.000000","0.000000","0.000000","0.000000","0.000000","0.000000","0.000000","0.000000","0.000000","0.000000","0.000000","12-Apr","13-Apr","14-Apr","15-Apr","16-Apr","17-Apr","11-Apr","12-Apr","13-Apr","14-Apr","15-Apr","16-Apr","17-Apr",3,3,4
"Pune"," Sangli","Solapur","Solapur","Sangola","20027396","Alegaon shirbhavi 82 Village","Chopadi",3313,1,"0.000000","0.600000","0.000000","1.340000","0.000000","0.420000","49.790000","0.000000","18.100000","0.000000","40.520000","0.000000","12.750000","12-Apr","13-Apr","14-Apr","15-Apr","16-Apr","17-Apr","11-Apr","12-Apr","13-Apr","14-Apr","15-Apr","16-Apr","17-Apr",0,0,7
"Pune","Sangli","Solapur","Solapur","Sangola","20027396","Alegaon shirbhavi 82 Village","Khilarwadi",2046,1,"0.100000","0.000000","0.160000","0.000000","0.000000","0.000000","8.880000","5.030000","0.060000","7.770000","0.000000","0.000000","0.000000","12-Apr","13-Apr","14-Apr","15-Apr","16-Apr","17-Apr","11-Apr","12-Apr","13-Apr","14-Apr","15-Apr","16-Apr","17-Apr",0,0,7
"Pune"," Sangli","Solapur","Solapur","Sangola","20027396","Alegaon shirbhavi 82 Village","Y Mangewad",2525,1,"0.000000","0.000000","0.000000","0.000000","0.000000","0.000000","0.000000","0.000000","0.000000","0.000000","0.020000","0.000000","0.010000","12-Apr","13-Apr","14-Apr","15-Apr","16-Apr","17-Apr","11-Apr","12-Apr","13-Apr","14-Apr","15-Apr","16-Apr","17-Apr",0,0,7
"Pune","Pune","Pune 1","Baramati","Ambegaon","20017250","LONI BHAPKAR RRWSS","LoniBhapkar",5659,4,"2717.050000","0.000000","6315.420000","55.920000","87.160000","2566.140000","46975.040000","48012.810000","0.000000","111599.530000","988.160000","1540.240000","45346.170000","12-Apr","13-Apr","14-Apr","15-Apr","16-Apr","17-Apr","11-Apr","12-Apr","13-Apr","14-Apr","15-Apr","16-Apr","17-Apr",0,0,7
"Pune"," Sangli","Solapur","Solapur","Sangola","20027396","Alegaon shirbhavi 82 Village","Burangewadi",4570,1,"0.460000","0.000000","0.080000","0.000000","0.000000","0.000000","0.000000","10.160000","0.000000","1.760000","0.000000","0.000000","0.000000","12-Apr","13-Apr","14-Apr","15-Apr","16-Apr","17-Apr","11-Apr","12-Apr","13-Apr","14-Apr","15-Apr","16-Apr","17-Apr",7,7,0
"Pune","Pune","Satara","Phaltan","Phaltan","20027892","RR Girvi WSS","Bhadali Bk",787,1,"0.000000","0.040000","0.000000","0.000000","0.000000","0.000000","0.000000","0.000000","4.950000","0.000000","0.000000","0.000000","0.000000","12-Apr","13-Apr","14-Apr","15-Apr","16-Apr","17-Apr","11-Apr","12-Apr","13-Apr","14-Apr","15-Apr","16-Apr","17-Apr",0,0,7
"Pune"," Sangli","Solapur","Solapur","Sangola","20027396","Alegaon shirbhavi 82 Village","Gaudwadi",1508,1,"1.420000","1.050000","1.790000","2.770000","1.060000","0.930000","73.410000","94.030000","69.390000","118.680000","184.020000","70.440000","61.610000","12-Apr","13-Apr","14-Apr","15-Apr","16-Apr","17-Apr","11-Apr","12-Apr","13-Apr","14-Apr","15-Apr","16-Apr","17-Apr",7,7,0
"Pune","Pune","MJP Works Division No. 2 , Pune","Pune","Mulshi","20022133","Peth RR","Paragaon",4195,5,"0.190000","0.000000","0.160000","0.000000","0.020000","0.090000","7.170000","4.640000","0.000000","3.920000","0.000000","0.510000","2.030000","12-Apr","13-Apr","14-Apr","15-Apr","16-Apr","17-Apr","11-Apr","12-Apr","13-Apr","14-Apr","15-Apr","16-Apr","17-Apr",0,0,7
"Pune","Sangli","Solapur","Solapur","Mangalvedhe","20033593","Andhalgaon and 3 villages","LAXMIDHAHIWADI",7253,2,"0.900000","0.750000","0.730000","0.630000","0.950000","1.220000","12.840000","12.350000","10.360000","10.030000","8.710000","13.040000","16.800000","12-Apr","13-Apr","14-Apr","15-Apr","16-Apr","17-Apr","11-Apr","12-Apr","13-Apr","14-Apr","15-Apr","16-Apr","17-Apr",1,0,6
"Pune"," Sangli","Solapur","Solapur","Sangola","20027396","Alegaon shirbhavi 82 Village","Javala",1703,2,"2.900000","3.320000","2.540000","3.110000","2.750000","2.580000","192.190000","170.000000","194.700000","148.920000","182.380000","161.600000","151.340000","12-Apr","13-Apr","14-Apr","15-Apr","16-Apr","17-Apr","11-Apr","12-Apr","13-Apr","14-Apr","15-Apr","16-Apr","17-Apr",3,3,4
"Pune","Sangli","Solapur","Solapur","Mangalvedhe","20033593","Andhalgaon and 3 villages","CHOKAMELA",7934,1,"0.000000","0.000000","0.000000","0.000000","0.000000","0.000000","0.000000","0.000000","0.000000","0.000000","0.000000","0.000000","0.000000","12-Apr","13-Apr","14-Apr","15-Apr","16-Apr","17-Apr","11-Apr","12-Apr","13-Apr","14-Apr","15-Apr","16-Apr","17-Apr",0,0,7
"Pune","Sangli","Solapur","Solapur","Sangola","20027396","Alegaon shirbhavi 82 Village","Gayghvan",1603,1,"1.280000","0.960000","0.820000","0.810000","0.100000","0.120000","65.730000","79.890000","59.860000","51.330000","50.620000","6.340000","7.560000","12-Apr","13-Apr","14-Apr","15-Apr","16-Apr","17-Apr","11-Apr","12-Apr","13-Apr","14-Apr","15-Apr","16-Apr","17-Apr",0,0,7
"Pune","Pune","Satara","Phaltan","Phaltan","20027892","RR Girvi WSS","Tirakwadi",1013,1,"0.000000","0.000000","0.000000","0.000000","0.000000","0.000000","0.000000","0.000000","0.000000","0.010000","0.000000","0.000000","0.000000","12-Apr","13-Apr","14-Apr","15-Apr","16-Apr","17-Apr","11-Apr","12-Apr","13-Apr","14-Apr","15-Apr","16-Apr","17-Apr",7,7,0
"Pune","Pune","Satara","Phaltan","Phaltan","20027892","RR Girvi WSS","Sonwadi (Bk)",1100,1,"0.730000","0.040000","0.000000","0.180000","0.000000","0.000000","14.670000","66.500000","3.370000","0.000000","15.970000","0.000000","0.000000","12-Apr","13-Apr","14-Apr","15-Apr","16-Apr","17-Apr","11-Apr","12-Apr","13-Apr","14-Apr","15-Apr","16-Apr","17-Apr",5,5,2
"Pune","Pune","Satara","Phaltan","Phaltan","20027892","RR Girvi WSS","Bhadali Gouthan",1230,1,"1.000000","0.000000","0.000000","0.860000","0.160000","0.370000","29.930000","81.280000","0.000000","0.000000","69.750000","13.030000","30.000000","12-Apr","13-Apr","14-Apr","15-Apr","16-Apr","17-Apr","11-Apr","12-Apr","13-Apr","14-Apr","15-Apr","16-Apr","17-Apr",7,7,0
"Pune"," Sangli","Solapur","Solapur","Sangola","20027396","Alegaon shirbhavi 82 Village","Watambare",2228,1,"1.430000","1.850000","1.830000","2.110000","1.550000","1.620000","69.840000","64.110000","82.890000","81.970000","94.820000","69.420000","72.620000","12-Apr","13-Apr","14-Apr","15-Apr","16-Apr","17-Apr","11-Apr","12-Apr","13-Apr","14-Apr","15-Apr","16-Apr","17-Apr",7,7,0
"Pune","Pune","Pune 1","Baramati","Ambegaon","20017250","LONI BHAPKAR RRWSS","Tukainagar",3819,2,"0.000000","0.280000","0.000000","0.250000","0.000000","0.230000","4.850000","0.000000","7.450000","0.000000","6.650000","0.000000","6.010000","12-Apr","13-Apr","14-Apr","15-Apr","16-Apr","17-Apr","11-Apr","12-Apr","13-Apr","14-Apr","15-Apr","16-Apr","17-Apr",1,0,6
"Pune","Pune","MJP Works Division No. 2 , Pune","Pune","Mulshi","20022133","Peth RR","Thugaon",778,5,"0.250000","0.110000","0.150000","0.210000","0.450000","0.000000","64.290000","32.020000","14.690000","19.810000","27.340000","57.320000","0.000000","12-Apr","13-Apr","14-Apr","15-Apr","16-Apr","17-Apr","11-Apr","12-Apr","13-Apr","14-Apr","15-Apr","16-Apr","17-Apr",1,0,6
"Pune"," Sangli","Solapur","Solapur","Sangola","20027396","Alegaon shirbhavi 82 Village","Karandewadi",1870,2,"2.840000","2.160000","1.630000","1.790000","0.560000","1.320000","111.530000","151.660000","115.590000","87.350000","95.730000","29.980000","70.740000","12-Apr","13-Apr","14-Apr","15-Apr","16-Apr","17-Apr","11-Apr","12-Apr","13-Apr","14-Apr","15-Apr","16-Apr","17-Apr",2,2,5
"Pune","Sangli","Solapur","Solapur","Sangola","20027396","Alegaon shirbhavi 82 Village","Chincholi Gaon",4045,2,"1.020000","0.360000","0.980000","0.160000","0.960000","0.550000","8.730000","25.120000","8.890000","24.120000","3.930000","23.610000","13.700000","12-Apr","13-Apr","14-Apr","15-Apr","16-Apr","17-Apr","11-Apr","12-Apr","13-Apr","14-Apr","15-Apr","16-Apr","17-Apr",7,3,0
"Pune","Sangli","Solapur","Solapur","Mohol","20029637","Penur Patkul","Penur",8755,2,"0.000000","0.000000","0.000000","0.000000","0.000000","0.000000","0.000000","0.000000","0.000000","0.000000","0.000000","0.000000","0.000000","12-Apr","13-Apr","14-Apr","15-Apr","16-Apr","17-Apr","11-Apr","12-Apr","13-Apr","14-Apr","15-Apr","16-Apr","17-Apr",7,6,0
"Pune"," Sangli","Solapur","Solapur","Sangola","20027396","Alegaon shirbhavi 82 Village","Chinke",6814,1,"2.680000","1.770000","1.510000","2.070000","1.420000","2.010000","37.910000","39.360000","25.910000","22.210000","30.320000","20.800000","29.450000","12-Apr","13-Apr","14-Apr","15-Apr","16-Apr","17-Apr","11-Apr","12-Apr","13-Apr","14-Apr","15-Apr","16-Apr","17-Apr",7,7,0
"Pune","Pune","Pune 1","Baramati","Ambegaon","20017250","LONI BHAPKAR RRWSS","Jagtapwasti ESR",1446,1,"0.200000","0.560000","0.010000","0.190000","0.000000","0.000000","1438.930000","13.610000","38.860000","0.500000","13.350000","0.000000","0.000000","12-Apr","13-Apr","14-Apr","15-Apr","16-Apr","17-Apr","11-Apr","12-Apr","13-Apr","14-Apr","15-Apr","16-Apr","17-Apr",0,0,7
"Pune","Pune","Pune 1","Baramati","Ambegaon","20017250","LONI BHAPKAR RRWSS","Sayambachiwadi",1969,2,"0.000000","0.000000","0.660000","0.000000","0.000000","0.300000","22.950000","0.000000","0.000000","33.470000","0.000000","0.000000","15.220000","12-Apr","13-Apr","14-Apr","15-Apr","16-Apr","17-Apr","11-Apr","12-Apr","13-Apr","14-Apr","15-Apr","16-Apr","17-Apr",0,0,7
"Pune","Pune","Pune 1","Baramati","Ambegaon","20017250","LONI BHAPKAR RRWSS","Palsi",2612,4,"1.270000","28.490000","1.120000","17.000000","0.190000","17.940000","1081.720000","48.790000","1090.550000","43.050000","650.940000","7.390000","686.840000","12-Apr","13-Apr","14-Apr","15-Apr","16-Apr","17-Apr","11-Apr","12-Apr","13-Apr","14-Apr","15-Apr","16-Apr","17-Apr",7,4,0
"Pune","Pune","Pune 1","Baramati","Ambegaon","20017250","LONI BHAPKAR RRWSS","Bhilarwadi",1249,1,"0.000000","0.000000","0.000000","0.000000","0.000000","0.000000","0.000000","0.000000","0.000000","0.000000","0.000000","0.000000","0.000000","12-Apr","13-Apr","14-Apr","15-Apr","16-Apr","17-Apr","11-Apr","12-Apr","13-Apr","14-Apr","15-Apr","16-Apr","17-Apr",7,6,0
"Pune","Pune","Pune 1","Baramati","Ambegaon","20017250","LONI BHAPKAR RRWSS","Masalwadi",1446,3,"0.440000","0.370000","0.680000","0.000000","1.660000","23.540000","10.800000","30.760000","25.890000","46.890000","0.000000","114.570000","1627.700000","12-Apr","13-Apr","14-Apr","15-Apr","16-Apr","17-Apr","11-Apr","12-Apr","13-Apr","14-Apr","15-Apr","16-Apr","17-Apr",5,4,2
"Pune","Pune","Pune 1","Baramati","Ambegaon","20017250","LONI BHAPKAR RRWSS","Jalakewadi Mudhale",475,3,"2.110000","0.550000","1.230000","1.740000","1.540000","0.620000","9736.150000","445.180000","114.800000","259.120000","365.480000","324.930000","129.580000","12-Apr","13-Apr","14-Apr","15-Apr","16-Apr","17-Apr","11-Apr","12-Apr","13-Apr","14-Apr","15-Apr","16-Apr","17-Apr",4,4,3
"Pune","Sangli","Solapur","Solapur","Sangola","20027396","Alegaon shirbhavi 82 Village","Wadegaon",6374,1,"7.170000","4.580000","9.830000","5.490000","3.580000","4.760000","112.260000","112.440000","71.870000","154.140000","86.190000","56.090000","74.680000","12-Apr","13-Apr","14-Apr","15-Apr","16-Apr","17-Apr","11-Apr","12-Apr","13-Apr","14-Apr","15-Apr","16-Apr","17-Apr",4,1,3
"Pune","Pune","Pune 2","Baramati","Ambegaon","20018548","HOL SASTEWADI","Hol",2509,1,"0.000000","0.000000","11.160000","0.210000","0.000000","0.330000","0.000000","0.000000","0.000000","444.840000","8.210000","0.000000","13.290000","12-Apr","13-Apr","14-Apr","15-Apr","16-Apr","17-Apr","11-Apr","12-Apr","13-Apr","14-Apr","15-Apr","16-Apr","17-Apr",4,2,3
"Pune","Pune","MJP Works Division No. 2 , Pune","Pune","Mulshi","20022133","Peth RR","Karegaon",1749,4,"0.000000","0.490000","0.000000","0.450000","0.000000","0.260000","11.580000","0.000000","27.770000","0.040000","25.600000","0.000000","14.740000","12-Apr","13-Apr","14-Apr","15-Apr","16-Apr","17-Apr","11-Apr","12-Apr","13-Apr","14-Apr","15-Apr","16-Apr","17-Apr",1,0,6
"Pune","Pune","Pune 1","Baramati","Ambegaon","7942125","MURTI & 7 VILLAGES RRWSS","Moralwadi",1462,3,"0.260000","1.140000","0.150000","0.260000","0.390000","0.220000","66.760000","17.750000","78.210000","10.060000","17.810000","26.450000","14.980000","12-Apr","13-Apr","14-Apr","15-Apr","16-Apr","17-Apr","11-Apr","12-Apr","13-Apr","14-Apr","15-Apr","16-Apr","17-Apr",7,7,0
"Pune","Pune","Pune 1","Baramati","Ambegaon","7942125","MURTI & 7 VILLAGES RRWSS","Modhave",2362,2,"1.380000","0.000000","0.000000","0.000000","56.200000","0.000000","446.400000","58.610000","0.000000","0.000000","0.000000","2379.440000","0.000000","12-Apr","13-Apr","14-Apr","15-Apr","16-Apr","17-Apr","11-Apr","12-Apr","13-Apr","14-Apr","15-Apr","16-Apr","17-Apr",7,0,0
"Pune","Pune","Pune 1","Baramati","Ambegaon","7942125","MURTI & 7 VILLAGES RRWSS","Magarwadi",1761,1,"0.000000","0.000000","0.000000","0.000000","0.000000","27.620000","650.520000","0.000000","0.000000","0.000000","0.000000","0.000000","1568.670000","12-Apr","13-Apr","14-Apr","15-Apr","16-Apr","17-Apr","11-Apr","12-Apr","13-Apr","14-Apr","15-Apr","16-Apr","17-Apr",0,0,7
"Pune","Pune","Pune 1","Baramati","Ambegaon","7942125","MURTI & 7 VILLAGES RRWSS","Murti gaonthan",1065,2,"0.000000","126.380000","1.940000","110.240000","0.850000","1.730000","6651.650000","0.000000","11866.540000","182.410000","10351.430000","79.460000","162.440000","12-Apr","13-Apr","14-Apr","15-Apr","16-Apr","17-Apr","11-Apr","12-Apr","13-Apr","14-Apr","15-Apr","16-Apr","17-Apr",7,7,0
"Pune"," Sangli","Solapur","Solapur","Sangola","20027396","Alegaon shirbhavi 82 Village","Godasewadi",2730,1,"0.000000","0.240000","0.180000","0.020000","0.280000","0.120000","7.950000","0.000000","8.960000","6.510000","0.600000","10.400000","4.480000","12-Apr","13-Apr","14-Apr","15-Apr","16-Apr","17-Apr","11-Apr","12-Apr","13-Apr","14-Apr","15-Apr","16-Apr","17-Apr",7,4,0
"Pune","Sangli","Solapur","Solapur","Mohol","20029637","Penur Patkul","Patkul",7358,3,"0.000000","0.000000","0.000000","0.000000","0.000000","0.000000","0.380000","0.000000","0.000000","0.000000","0.000000","0.000000","0.000000","12-Apr","13-Apr","14-Apr","15-Apr","16-Apr","17-Apr","11-Apr","12-Apr","13-Apr","14-Apr","15-Apr","16-Apr","17-Apr",7,1,0
"Pune","Pune","Pune 2","Pune 2","Velhe","20027541","Wangani RRWSS","Wanganichiwadi",1108,3,"0.100000","0.210000","0.000000","0.000000","0.000000","0.170000","0.000000","9.050000","19.140000","0.000000","0.000000","0.000000","15.600000","12-Apr","13-Apr","14-Apr","15-Apr","16-Apr","17-Apr","11-Apr","12-Apr","13-Apr","14-Apr","15-Apr","16-Apr","17-Apr",7,0,0
"Pune"," Sangli","Solapur","Solapur","Sangola","20027396","Alegaon shirbhavi 82 Village","Sonanad",1492,1,"2.660000","0.000000","2.320000","0.830000","1.870000","0.760000","40.650000","178.510000","0.000000","155.470000","55.490000","125.210000","50.600000","12-Apr","13-Apr","14-Apr","15-Apr","16-Apr","17-Apr","11-Apr","12-Apr","13-Apr","14-Apr","15-Apr","16-Apr","17-Apr",1,0,6
"Pune"," Sangli","Solapur","Solapur","Sangola","20027396","Alegaon shirbhavi 82 Village","Vazare",1954,1,"0.310000","0.110000","0.170000","0.000000","0.000000","0.460000","27.460000","15.810000","5.460000","8.820000","0.000000","0.000000","23.450000","12-Apr","13-Apr","14-Apr","15-Apr","16-Apr","17-Apr","11-Apr","12-Apr","13-Apr","14-Apr","15-Apr","16-Apr","17-Apr",0,0,7
"Pune"," Sangli","Solapur","Solapur","Sangola","20027396","Alegaon shirbhavi 82 Village","Lonavire",3490,1,"2.280000","1.210000","0.300000","2.120000","0.870000","0.360000","16.210000","65.270000","34.560000","8.600000","60.760000","24.970000","10.300000","12-Apr","13-Apr","14-Apr","15-Apr","16-Apr","17-Apr","11-Apr","12-Apr","13-Apr","14-Apr","15-Apr","16-Apr","17-Apr",2,2,5
"Pune","Sangli","Solapur","Solapur","Sangola","20027396","Alegaon shirbhavi 82 Village","shivane",4007,2,"0.540000","0.000000","0.590000","0.030000","0.510000","0.000000","0.000000","13.500000","0.000000","14.660000","0.740000","12.750000","0.000000","12-Apr","13-Apr","14-Apr","15-Apr","16-Apr","17-Apr","11-Apr","12-Apr","13-Apr","14-Apr","15-Apr","16-Apr","17-Apr",5,3,2
"Pune"," Sangli","Solapur","Solapur","Sangola","20027396","Alegaon shirbhavi 82 Village","Kidabisari",2657,1,"0.000000","0.000000","0.000000","0.000000","0.000000","0.000000","0.000000","0.000000","0.000000","0.000000","0.000000","0.000000","0.000000","12-Apr","13-Apr","14-Apr","15-Apr","16-Apr","17-Apr","11-Apr","12-Apr","13-Apr","14-Apr","15-Apr","16-Apr","17-Apr",7,2,0
"Pune","Sangli","Solapur","Solapur","Sangola","20027396","Alegaon shirbhavi 82 Village","Dhayati",4586,2,"0.000000","0.000000","0.000000","0.000000","0.000000","0.000000","0.000000","0.000000","0.000000","0.000000","0.000000","0.000000","0.000000","12-Apr","13-Apr","14-Apr","15-Apr","16-Apr","17-Apr","11-Apr","12-Apr","13-Apr","14-Apr","15-Apr","16-Apr","17-Apr",7,7,0
"Pune"," Sangli","Solapur","Solapur","Sangola","20027396","Alegaon shirbhavi 82 Village","Kamlapur",1541,1,"0.000000","0.000000","0.000000","0.000000","0.000000","0.000000","0.000000","0.000000","0.000000","0.000000","0.000000","0.000000","0.000000","12-Apr","13-Apr","14-Apr","15-Apr","16-Apr","17-Apr","11-Apr","12-Apr","13-Apr","14-Apr","15-Apr","16-Apr","17-Apr",4,1,3
"Pune","Pune","MJP Works Division No. 2 , Pune","Pune","Mulshi","20022133","Peth RR","Peth",387,1,"1.740000","2.700000","1.870000","1.800000","1.740000","1.120000","490.440000","448.510000","697.470000","483.930000","466.110000","449.350000","289.620000","12-Apr","13-Apr","14-Apr","15-Apr","16-Apr","17-Apr","11-Apr","12-Apr","13-Apr","14-Apr","15-Apr","16-Apr","17-Apr",7,1,0
"Pune"," Sangli","Solapur","Solapur","Sangola","20027396","Alegaon shirbhavi 82 Village","Rajuri",5234,1,"0.030000","0.130000","1.190000","0.990000","0.840000","0.630000","18.030000","0.660000","2.420000","22.690000","18.850000","15.980000","12.020000","12-Apr","13-Apr","14-Apr","15-Apr","16-Apr","17-Apr","11-Apr","12-Apr","13-Apr","14-Apr","15-Apr","16-Apr","17-Apr",1,1,6
"Pune"," Sangli","Solapur","Solapur","Sangola","20027396","Alegaon shirbhavi 82 Village","Balwadi",2087,1,"1.000000","0.000000","0.000000","1.000000","0.000000","0.000000","18.850000","48.020000","0.020000","0.000000","48.040000","0.000000","0.000000","12-Apr","13-Apr","14-Apr","15-Apr","16-Apr","17-Apr","11-Apr","12-Apr","13-Apr","14-Apr","15-Apr","16-Apr","17-Apr",0,0,7
"Pune"," Sangli","Solapur","Solapur","Sangola","20027396","Alegaon shirbhavi 82 Village","Junoni",4895,1,"0.000000","0.000000","0.000000","0.000000","0.000000","0.000000","0.000000","0.000000","0.000000","0.000000","0.000000","0.000000","0.000000","12-Apr","13-Apr","14-Apr","15-Apr","16-Apr","17-Apr","11-Apr","12-Apr","13-Apr","14-Apr","15-Apr","16-Apr","17-Apr",3,0,4
"Pune","Sangli","Solapur","Solapur","Sangola","20027396","Alegaon shirbhavi 82 Village","Bhamni",2572,1,"0.480000","1.130000","0.650000","0.850000","0.000000","0.860000","20.440000","18.640000","43.930000","25.400000","33.070000","0.000000","33.510000","12-Apr","13-Apr","14-Apr","15-Apr","16-Apr","17-Apr","11-Apr","12-Apr","13-Apr","14-Apr","15-Apr","16-Apr","17-Apr",3,0,4
"Pune","Sangli","Solapur","Solapur","Sangola","20027396","Alegaon shirbhavi 82 Village","Alegaon",4802,1,"0.220000","1.200000","21.340000","0.000000","21.840000","0.000000","835.270000","4.610000","24.930000","444.410000","0.000000","454.840000","0.000000","12-Apr","13-Apr","14-Apr","15-Apr","16-Apr","17-Apr","11-Apr","12-Apr","13-Apr","14-Apr","15-Apr","16-Apr","17-Apr",7,7,0
"Pune"," Sangli","Solapur","Solapur","Sangola","20027396","Alegaon shirbhavi 82 Village","Hatid",1057,1,"0.220000","1.570000","0.290000","1.480000","0.080000","1.010000","133.330000","21.260000","148.330000","27.260000","139.700000","7.780000","95.610000","12-Apr","13-Apr","14-Apr","15-Apr","16-Apr","17-Apr","11-Apr","12-Apr","13-Apr","14-Apr","15-Apr","16-Apr","17-Apr",3,3,4
"Pune","Sangli","Solapur","Solapur","Sangola","20027396","Alegaon shirbhavi 82 Village","waki",4742,2,"23.160000","0.200000","0.040000","0.040000","0.020000","24.220000","0.250000","488.330000","4.160000","0.900000","0.850000","0.510000","510.650000","12-Apr","13-Apr","14-Apr","15-Apr","16-Apr","17-Apr","11-Apr","12-Apr","13-Apr","14-Apr","15-Apr","16-Apr","17-Apr",3,0,4
"Pune"," Sangli","Solapur","Solapur","Sangola","20027396","Alegaon shirbhavi 82 Village","Nazare",1231,1,"0.000000","0.000000","0.000000","0.000000","0.000000","0.000000","0.000000","0.000000","0.000000","0.000000","0.000000","0.000000","0.000000","12-Apr","13-Apr","14-Apr","15-Apr","16-Apr","17-Apr","11-Apr","12-Apr","13-Apr","14-Apr","15-Apr","16-Apr","17-Apr",0,0,7
"Pune","Sangli","Sangli","Islampur","Valva","7940233","Peth & two Villages","Golewadi",482,1,"0.000000","6.670000","0.000000","0.000000","5.590000","0.480000","0.000000","0.000000","1384.050000","0.000000","0.000000","1158.910000","99.540000","12-Apr","13-Apr","14-Apr","15-Apr","16-Apr","17-Apr","11-Apr","12-Apr","13-Apr","14-Apr","15-Apr","16-Apr","17-Apr",6,1,1
"Pune","Sangli","Solapur","Solapur","Mangalvedhe","20033593","Andhalgaon and 3 villages","ANDHALEGAON",6159,3,"0.610000","0.460000","0.770000","0.780000","0.000000","0.520000","15.380000","9.970000","7.400000","12.440000","12.620000","0.000000","8.480000","12-Apr","13-Apr","14-Apr","15-Apr","16-Apr","17-Apr","11-Apr","12-Apr","13-Apr","14-Apr","15-Apr","16-Apr","17-Apr",1,1,6
"Pune","Sangli","Solapur","Solapur","Sangola","20027396","Alegaon shirbhavi 82 Village","shirbavi",4215,1,"7.990000","0.000000","0.000000","0.000000","18.650000","0.000000","0.050000","189.620000","0.000000","0.000000","0.000000","442.530000","0.030000","12-Apr","13-Apr","14-Apr","15-Apr","16-Apr","17-Apr","11-Apr","12-Apr","13-Apr","14-Apr","15-Apr","16-Apr","17-Apr",1,1,6
"Pune","Pune","Pune 2","Baramati","Ambegaon","20018548","HOL SASTEWADI","Sastewadi",3462,7,"95.700000","82.560000","74.070000","63.640000","0.000000","4439.650000","3103.960000","2764.430000","2384.890000","2139.600000","1838.140000","0.000000","128239.590000","12-Apr","13-Apr","14-Apr","15-Apr","16-Apr","17-Apr","11-Apr","12-Apr","13-Apr","14-Apr","15-Apr","16-Apr","17-Apr",1,0,6
"Pune"," Sangli","Solapur","Solapur","Sangola","20027396","Alegaon shirbhavi 82 Village","Ajanale",8051,1,"0.490000","0.000000","0.870000","1.190000","0.970000","1.050000","12.250000","6.070000","0.000000","10.810000","14.750000","12.080000","13.040000","12-Apr","13-Apr","14-Apr","15-Apr","16-Apr","17-Apr","11-Apr","12-Apr","13-Apr","14-Apr","15-Apr","16-Apr","17-Apr",1,1,6
"Pune"," Sangli","Solapur","Solapur","Sangola","20027396","Alegaon shirbhavi 82 Village","Udenwadi",1834,1,"0.010000","0.000000","0.000000","0.070000","0.040000","13.750000","0.030000","0.620000","0.000000","0.060000","3.640000","2.370000","749.500000","12-Apr","13-Apr","14-Apr","15-Apr","16-Apr","17-Apr","11-Apr","12-Apr","13-Apr","14-Apr","15-Apr","16-Apr","17-Apr",7,4,0
"Pune","Sangli","Sangli","Islampur","Valva","7940233","Peth & two Villages","Peth",11091,3,"0.270000","1.330000","4.740000","0.000000","0.070000","3.960000","67.290000","2.480000","12.020000","42.780000","0.010000","0.600000","35.730000","12-Apr","13-Apr","14-Apr","15-Apr","16-Apr","17-Apr","11-Apr","12-Apr","13-Apr","14-Apr","15-Apr","16-Apr","17-Apr",5,5,2
"Pune","Sangli","Sangli","Islampur","Valva","7940233","Peth & two Villages","Waghwadi",1161,1,"0.730000","0.000000","3.260000","0.000000","0.560000","0.380000","0.000000","63.070000","0.000000","280.800000","0.000000","48.120000","33.050000","12-Apr","13-Apr","14-Apr","15-Apr","16-Apr","17-Apr","11-Apr","12-Apr","13-Apr","14-Apr","15-Apr","16-Apr","17-Apr",7,7,0
"Pune","Pune","Pune 2","Maval","Daund","20013367","Done Adhale RR","ADHALE BK",1695,2,"0.000000","0.000000","0.000000","0.000000","1.450000","0.000000","0.000000","0.000000","0.000000","0.000000","0.000000","85.410000","0.000000","12-Apr","13-Apr","14-Apr","15-Apr","16-Apr","17-Apr","11-Apr","12-Apr","13-Apr","14-Apr","15-Apr","16-Apr","17-Apr",6,6,1
"Pune"," Sangli","Solapur","Solapur","Sangola","20027396","Alegaon shirbhavi 82 Village","Anakdhal",8599,1,"1.870000","1.140000","1.260000","0.540000","0.000000","0.630000","7.990000","21.740000","13.280000","14.660000","6.230000","0.000000","7.380000","12-Apr","13-Apr","14-Apr","15-Apr","16-Apr","17-Apr","11-Apr","12-Apr","13-Apr","14-Apr","15-Apr","16-Apr","17-Apr",7,0,0
"Pune"," Sangli","Solapur","Solapur","Sangola","20027396","Alegaon shirbhavi 82 Village","Kolegaon",2922,1,"0.000000","0.000000","0.000000","0.000000","0.000000","0.000000","0.000000","0.000000","0.000000","0.000000","0.000000","0.000000","0.000000","12-Apr","13-Apr","14-Apr","15-Apr","16-Apr","17-Apr","11-Apr","12-Apr","13-Apr","14-Apr","15-Apr","16-Apr","17-Apr",7,3,0
"Pune","Pune","Pune 2","Maval","Daund","20013367","Done Adhale RR","DONE",1044,1,"0.000000","0.000000","11.030000","0.310000","0.000000","0.000000","1020.730000","0.000000","0.000000","1056.700000","29.800000","0.000000","0.000000","12-Apr","13-Apr","14-Apr","15-Apr","16-Apr","17-Apr","11-Apr","12-Apr","13-Apr","14-Apr","15-Apr","16-Apr","17-Apr",7,0,0
"Pune","Sangli","Solapur","Solapur","Sangola","20027396","Alegaon shirbhavi 82 Village","Manjari",3049,1,"0.000000","0.000000","0.000000","0.000000","0.000000","0.000000","0.000000","0.000000","0.000000","0.000000","0.000000","0.000000","0.000000","12-Apr","13-Apr","14-Apr","15-Apr","16-Apr","17-Apr","11-Apr","12-Apr","13-Apr","14-Apr","15-Apr","16-Apr","17-Apr",0,0,7
"Pune","Pune","Pune 2","Maval","Daund","20013367","Done Adhale RR","DIVAD",1795,2,"15.040000","36.100000","0.590000","14.310000","24.830000","12.010000","1282.400000","837.880000","2011.090000","32.640000","797.260000","1383.560000","668.890000","12-Apr","13-Apr","14-Apr","15-Apr","16-Apr","17-Apr","11-Apr","12-Apr","13-Apr","14-Apr","15-Apr","16-Apr","17-Apr",7,7,0
"Pune","Pune","Pune 2","Maval","Daund","20013367","Done Adhale RR","OVALE",1177,2,"0.000000","6.870000","0.000000","0.210000","0.120000","0.480000","0.000000","0.000000","583.330000","0.000000","18.130000","10.220000","40.410000","12-Apr","13-Apr","14-Apr","15-Apr","16-Apr","17-Apr","11-Apr","12-Apr","13-Apr","14-Apr","15-Apr","16-Apr","17-Apr",3,3,4
"Pune"," Sangli","Solapur","Solapur","Sangola","20027396","Alegaon shirbhavi 82 Village","Budhyal",1218,1,"0.920000","1.220000","0.380000","1.230000","0.220000","1.060000","74.740000","75.220000","100.470000","30.810000","101.240000","18.220000","86.800000","12-Apr","13-Apr","14-Apr","15-Apr","16-Apr","17-Apr","11-Apr","12-Apr","13-Apr","14-Apr","15-Apr","16-Apr","17-Apr",0,0,7
"Pune"," Sangli","Solapur","Solapur","Sangola","20027396","Alegaon shirbhavi 82 Village","Nizampur",3731,1,"0.220000","0.660000","0.080000","1.170000","0.340000","0.460000","31.060000","6.020000","17.580000","2.210000","31.420000","9.010000","12.460000","12-Apr","13-Apr","14-Apr","15-Apr","16-Apr","17-Apr","11-Apr","12-Apr","13-Apr","14-Apr","15-Apr","16-Apr","17-Apr",4,7,0
"Pune","Sangli","Solapur","Solapur","Sangola","20027396","Alegaon shirbhavi 82 Village","Mahim",4407,1,"1.960000","1.580000","1.790000","1.680000","1.130000","1.670000","41.510000","44.560000","35.810000","40.520000","38.030000","25.590000","37.860000","12-Apr","13-Apr","14-Apr","15-Apr","16-Apr","17-Apr","11-Apr","12-Apr","13-Apr","14-Apr","15-Apr","16-Apr","17-Apr",6,7,0
"Pune","Sangli","Solapur","Solapur","Sangola","20027396","Alegaon shirbhavi 82 Village","Gherdi",2724,2,"0.000000","3.160000","0.770000","0.000000","3.370000","0.420000","0.000000","0.000000","116.160000","28.310000","0.000000","123.800000","15.530000","12-Apr","13-Apr","14-Apr","15-Apr","16-Apr","17-Apr","11-Apr","12-Apr","13-Apr","14-Apr","15-Apr","16-Apr","17-Apr",5,6,1
"Pune","Pune","Pune 1","Baramati","Ambegaon","7942125","MURTI & 7 VILLAGES RRWSS","Bhapkar mala",1761,1,"0.010000","0.130000","0.000000","0.140000","0.000000","0.080000","3.120000","0.430000","7.610000","0.000000","7.890000","0.000000","4.770000","12-Apr","13-Apr","14-Apr","15-Apr","16-Apr","17-Apr","11-Apr","12-Apr","13-Apr","14-Apr","15-Apr","16-Apr","17-Apr",7,7,0
"Pune","Pune","Pune 1","Baramati","Ambegaon","7942125","MURTI & 7 VILLAGES RRWSS","Chaudharwad",911,2,"20.770000","23.360000","0.830000","0.760000","0.160000","0.100000","116.900000","2279.670000","2564.680000","91.420000","83.500000","17.750000","11.190000","12-Apr","13-Apr","14-Apr","15-Apr","16-Apr","17-Apr","11-Apr","12-Apr","13-Apr","14-Apr","15-Apr","16-Apr","17-Apr",2,7,0
"Pune","Sangli","Solapur","Solapur","Sangola","20027396","Alegaon shirbhavi 82 Village","Devkate Wadi",1261,1,"0.000000","0.000000","0.000000","0.000000","0.000000","0.000000","0.000000","0.000000","0.000000","0.000000","0.000000","0.000000","0.000000","12-Apr","13-Apr","14-Apr","15-Apr","16-Apr","17-Apr","11-Apr","12-Apr","13-Apr","14-Apr","15-Apr","16-Apr","17-Apr",2,7,0
"Pune"," Sangli","Solapur","Solapur","Sangola","20027396","Alegaon shirbhavi 82 Village","Pachegaon BK",3466,1,"0.000000","0.000000","0.000000","0.000000","0.000000","0.000000","0.000000","0.000000","0.000000","0.000000","0.000000","0.000000","0.000000","12-Apr","13-Apr","14-Apr","15-Apr","16-Apr","17-Apr","11-Apr","12-Apr","13-Apr","14-Apr","15-Apr","16-Apr","17-Apr",5,7,0
"Pune"," Sangli","Solapur","Solapur","Sangola","20027396","Alegaon shirbhavi 82 Village","Bhopasewadi",2875,1,"0.000000","0.000000","0.000000","0.000000","0.000000","0.000000","0.000000","0.000000","0.000000","0.000000","0.000000","0.000000","0.000000","12-Apr","13-Apr","14-Apr","15-Apr","16-Apr","17-Apr","11-Apr","12-Apr","13-Apr","14-Apr","15-Apr","16-Apr","17-Apr",5,7,0
"Pune","Pune","MJP Works Division No. 2 , Pune","Pune","Mulshi","20022133","Peth RR","Kurwandi",2522,2,"0.000000","0.000000","0.000000","0.000000","0.000000","0.000000","0.000000","0.000000","0.000000","0.000000","0.000000","0.000000","0.000000","12-Apr","13-Apr","14-Apr","15-Apr","16-Apr","17-Apr","11-Apr","12-Apr","13-Apr","14-Apr","15-Apr","16-Apr","17-Apr",7,7,0
"Pune","Pune","Pune 2","Pune 2","Velhe","20027541","Wangani RRWSS","Kolwadi",1226,1,"0.230000","0.000000","0.360000","0.000000","0.000000","0.000000","0.000000","18.720000","0.000000","29.460000","0.000000","0.000000","0.000000","12-Apr","13-Apr","14-Apr","15-Apr","16-Apr","17-Apr","11-Apr","12-Apr","13-Apr","14-Apr","15-Apr","16-Apr","17-Apr",0,7,0
"Pune"," Sangli","Solapur","Solapur","Sangola","20027396","Alegaon shirbhavi 82 Village","Vasud",3297,1,"0.220000","0.250000","0.100000","0.170000","0.000000","0.230000","5.490000","6.790000","7.490000","2.960000","5.220000","0.010000","6.990000","12-Apr","13-Apr","14-Apr","15-Apr","16-Apr","17-Apr","11-Apr","12-Apr","13-Apr","14-Apr","15-Apr","16-Apr","17-Apr",7,7,0
"Pune","Pune","Pune 1","Baramati","Ambegaon","7942125","MURTI & 7 VILLAGES RRWSS","Waki",3355,2,"1.170000","0.930000","0.430000","1.140000","1.110000","0.760000","20.540000","34.730000","27.610000","12.900000","34.010000","33.050000","22.800000","12-Apr","13-Apr","14-Apr","15-Apr","16-Apr","17-Apr","11-Apr","12-Apr","13-Apr","14-Apr","15-Apr","16-Apr","17-Apr",7,6,0
"Pune"," Sangli","Solapur","Solapur","Sangola","20027396","Alegaon shirbhavi 82 Village","LaxmiNagar",3031,1,"0.000000","0.370000","0.120000","0.120000","0.080000","0.220000","3.050000","0.110000","12.080000","3.850000","3.960000","2.480000","7.310000","12-Apr","13-Apr","14-Apr","15-Apr","16-Apr","17-Apr","11-Apr","12-Apr","13-Apr","14-Apr","15-Apr","16-Apr","17-Apr",7,7,0
"Pune","Pune","Pune 2","Pune 2","Velhe","20027541","Wangani RRWSS","Wangani",1150,1,"0.000000","0.000000","0.000000","0.000000","0.000000","0.000000","54.920000","0.000000","0.000000","0.000000","0.000000","0.000000","0.000000","12-Apr","13-Apr","14-Apr","15-Apr","16-Apr","17-Apr","11-Apr","12-Apr","13-Apr","14-Apr","15-Apr","16-Apr","17-Apr",5,3,2
"Pune","Pune","Pune 2","Pune 2","Velhe","20027541","Wangani RRWSS","Mengajai Wadi",123,1,"0.000000","0.000000","0.000000","0.000000","0.000000","0.000000","0.000000","0.000000","0.000000","0.000000","0.000000","0.000000","0.000000","12-Apr","13-Apr","14-Apr","15-Apr","16-Apr","17-Apr","11-Apr","12-Apr","13-Apr","14-Apr","15-Apr","16-Apr","17-Apr",7,4,0
"Pune","Sangli","Solapur","Solapur","Sangola","20027396","Alegaon shirbhavi 82 Village","Deole",1568,1,"0.000000","0.000000","0.000000","0.490000","0.000000","0.000000","30.870000","0.010000","0.000000","0.000000","31.310000","0.000000","0.000000","12-Apr","13-Apr","14-Apr","15-Apr","16-Apr","17-Apr","11-Apr","12-Apr","13-Apr","14-Apr","15-Apr","16-Apr","17-Apr",4,0,3
"Pune","Pune","MJP Works Division No. 2 , Pune","Pune","Mulshi","20022133","Peth RR","Bhawadi",1529,3,"0.000000","0.000000","0.000000","0.000000","0.000000","0.000000","0.000000","0.000000","0.000000","0.000000","0.000000","0.000000","0.000000","12-Apr","13-Apr","14-Apr","15-Apr","16-Apr","17-Apr","11-Apr","12-Apr","13-Apr","14-Apr","15-Apr","16-Apr","17-Apr",7,5,0
"Pune","Sangli","Solapur","Solapur","Sangola","20027396","Alegaon shirbhavi 82 Village","Metakar wadi",1286,1,"2.090000","1.060000","0.890000","1.800000","1.090000","0.950000","130.200000","162.350000","82.180000","69.130000","139.940000","84.580000","73.660000","12-Apr","13-Apr","14-Apr","15-Apr","16-Apr","17-Apr","11-Apr","12-Apr","13-Apr","14-Apr","15-Apr","16-Apr","17-Apr",7,7,0
"Pune"," Sangli","Solapur","Solapur","Sangola","20027396","Alegaon shirbhavi 82 Village","Tarangewadi",1703,2,"0.310000","0.600000","0.660000","0.670000","0.360000","0.560000","30.200000","18.470000","35.200000","38.900000","39.230000","21.000000","33.050000","12-Apr","13-Apr","14-Apr","15-Apr","16-Apr","17-Apr","11-Apr","12-Apr","13-Apr","14-Apr","15-Apr","16-Apr","17-Apr",7,4,0
"Pune"," Sangli","Solapur","Solapur","Sangola","20027396","Alegaon shirbhavi 82 Village","Somewadi",1624,1,"1.080000","0.110000","0.000000","0.010000","0.000000","0.000000","5.510000","66.210000","6.930000","0.030000","0.380000","0.250000","0.000000","12-Apr","13-Apr","14-Apr","15-Apr","16-Apr","17-Apr","11-Apr","12-Apr","13-Apr","14-Apr","15-Apr","16-Apr","17-Apr",7,2,0
"Pune","Pune","Satara","Phaltan","Phaltan","20027892","RR Girvi WSS","Zirapwadi",1451,1,"0.000000","0.000000","0.000000","0.000000","0.000000","0.000000","0.000000","0.000000","0.000000","0.000000","0.000000","0.000000","0.000000","12-Apr","13-Apr","14-Apr","15-Apr","16-Apr","17-Apr","11-Apr","12-Apr","13-Apr","14-Apr","15-Apr","16-Apr","17-Apr",7,4,0
"Pune","Sangli","Solapur","Solapur","Sangola","20027396","Alegaon shirbhavi 82 Village","Sange wadi",2604,1,"0.260000","0.760000","0.550000","0.030000","0.420000","0.050000","24.380000","10.060000","29.230000","20.930000","1.310000","16.070000","1.870000","12-Apr","13-Apr","14-Apr","15-Apr","16-Apr","17-Apr","11-Apr","12-Apr","13-Apr","14-Apr","15-Apr","16-Apr","17-Apr",7,5,0
"Pune"," Sangli","Solapur","Solapur","Sangola","20027396","Alegaon shirbhavi 82 Village","Dongargaon",4021,1,"0.300000","0.160000","0.280000","0.000000","0.160000","0.000000","0.000000","7.570000","4.040000","7.090000","0.000000","4.030000","0.000000","12-Apr","13-Apr","14-Apr","15-Apr","16-Apr","17-Apr","11-Apr","12-Apr","13-Apr","14-Apr","15-Apr","16-Apr","17-Apr",7,6,0
"Konkan","Thane","Thane","Thane","Kalyan","20092478","Retrofiting of Gotheghar Dahisar R.R. Water Supply Scheme","Bale",2236,1,"1.270000","2.880000","0.090000","0.900000","1.120000","0.470000","58.160000","56.640000","128.780000","3.810000","40.100000","50.220000","20.920000","12-Apr","13-Apr","14-Apr","15-Apr","16-Apr","17-Apr","11-Apr","12-Apr","13-Apr","14-Apr","15-Apr","16-Apr","17-Apr",7,7,0
"Konkan","Thane","Thane","Palghar","Dahanu","20047871"," Modgaon & Tornipada RWSS","Andherpada",1320,1,"0.000000","0.000000","0.000000","0.000000","0.000000","0.000000","0.000000","0.000000","0.000000","0.000000","0.000000","0.000000","0.000000","12-Apr","13-Apr","14-Apr","15-Apr","16-Apr","17-Apr","11-Apr","12-Apr","13-Apr","14-Apr","15-Apr","16-Apr","17-Apr",7,7,0
"Konkan","Thane","Thane","Palghar","Dahanu","20047871"," Modgaon & Tornipada RWSS","Navapada",812,1,"0.000000","0.000000","0.000000","0.000000","0.000000","0.000000","0.000000","0.000000","0.000000","0.000000","0.000000","0.000000","0.000000","12-Apr","13-Apr","14-Apr","15-Apr","16-Apr","17-Apr","11-Apr","12-Apr","13-Apr","14-Apr","15-Apr","16-Apr","17-Apr",7,7,0
"Konkan","Thane","Thane","Palghar","Dahanu","20047871"," Modgaon & Tornipada RWSS","Janasawarpada",241,1,"0.310000","0.380000","0.390000","0.400000","0.460000","0.700000","319.760000","126.770000","158.680000","163.380000","166.770000","190.870000","288.850000","12-Apr","13-Apr","14-Apr","15-Apr","16-Apr","17-Apr","11-Apr","12-Apr","13-Apr","14-Apr","15-Apr","16-Apr","17-Apr",7,7,0
"Konkan","Thane","Thane","Palghar","Dahanu","20047871"," Modgaon & Tornipada RWSS","Savarpada",830,1,"0.470000","0.480000","0.450000","0.440000","0.380000","0.310000","58.730000","57.210000","57.920000","54.460000","53.300000","45.570000","37.550000","12-Apr","13-Apr","14-Apr","15-Apr","16-Apr","17-Apr","11-Apr","12-Apr","13-Apr","14-Apr","15-Apr","16-Apr","17-Apr",7,6,0
"Konkan","Panvel","Raigadh","Mangaon","Khalapur","20028168","Devnhave water supply scheme","Devnhave",2160,3,"0.000000","2.930000","4.200000","4.580000","3.810000","2.370000","139.010000","0.000000","135.560000","194.590000","212.170000","176.210000","109.680000","12-Apr","13-Apr","14-Apr","15-Apr","16-Apr","17-Apr","11-Apr","12-Apr","13-Apr","14-Apr","15-Apr","16-Apr","17-Apr",7,7,0
"Konkan","Panvel","Raigadh","Mangaon","Pen","20020563","Shahapada 38 Villages","Kane",1503,1,"0.000000","0.290000","0.000000","0.000000","0.000000","0.110000","0.050000","0.020000","18.990000","0.050000","0.040000","0.000000","7.630000","12-Apr","13-Apr","14-Apr","15-Apr","16-Apr","17-Apr","11-Apr","12-Apr","13-Apr","14-Apr","15-Apr","16-Apr","17-Apr",7,5,0
"Konkan","Panvel","Raigadh","Mangaon","Pen","20020563","Shahapada 38 Villages","Washinaka",2224,1,"0.000000","0.000000","0.000000","0.000000","0.000000","0.000000","0.080000","0.030000","0.000000","0.000000","0.100000","0.000000","0.000000","12-Apr","13-Apr","14-Apr","15-Apr","16-Apr","17-Apr","11-Apr","12-Apr","13-Apr","14-Apr","15-Apr","16-Apr","17-Apr",7,6,0
"Konkan","Panvel","Raigadh","Mangaon","Pen","20020563","Shahapada 38 Villages","Wadhav",6000,1,"0.350000","0.000000","6.140000","2.750000","0.000000","2.290000","95.540000","5.920000","0.060000","102.290000","45.890000","0.010000","38.080000","12-Apr","13-Apr","14-Apr","15-Apr","16-Apr","17-Apr","11-Apr","12-Apr","13-Apr","14-Apr","15-Apr","16-Apr","17-Apr",7,3,0
"Konkan","Panvel","Raigadh","Mangaon","Pen","20020563","Shahapada 38 Villages","Kashmire",2431,1,"0.220000","0.030000","0.020000","0.190000","0.090000","0.000000","0.000000","8.980000","1.440000","0.710000","7.950000","3.680000","0.030000","12-Apr","13-Apr","14-Apr","15-Apr","16-Apr","17-Apr","11-Apr","12-Apr","13-Apr","14-Apr","15-Apr","16-Apr","17-Apr",7,3,0
"Konkan","Panvel","Raigadh","Mangaon","Pen","20020563","Shahapada 38 Villages","Shirki",2237,1,"0.000000","0.000000","0.000000","0.000000","0.000000","0.000000","0.000000","0.000000","0.000000","0.000000","0.000000","0.000000","0.000000","12-Apr","13-Apr","14-Apr","15-Apr","16-Apr","17-Apr","11-Apr","12-Apr","13-Apr","14-Apr","15-Apr","16-Apr","17-Apr",7,3,0
