Amravati,Akola,Akola,Akola,Akola,20027951,Khambora 60 VRRWSS Tq. & Dist. Akola,Akhatwada,870,1,0.00,0.00,0.00,0.00,0.00,0.00,0.00,0.54,0.00,0.00,0.00,0.00,0.00,0.06,18-Aug,19-Aug,20-Aug,21-Aug,22-Aug,23-Aug,24-Aug,18-Aug,19-Aug,20-Aug,21-Aug,22-Aug,23-Aug,24-Aug,5,7,0
Amravati,Akola,Akola,Akola,Akola,20027951,Khambora 60 VRRWSS Tq. & Dist. Akola,Apoti Bk.,719,1,0.00,0.91,1.60,3.07,0.00,0.00,0.00,0.00,126.36,221.90,426.49,0.00,0.00,0.00,18-Aug,19-Aug,20-Aug,21-Aug,22-Aug,23-Aug,24-Aug,18-Aug,19-Aug,20-Aug,21-Aug,22-Aug,23-Aug,24-Aug,4,4,3
Amravati,Akola,Akola,Akola,Akola,20027951,Khambora 60 VRRWSS Tq. & Dist. Akola,Gondapur,178,2,20.70,0.00,28.87,52.04,52.04,52.04,51.34,11627.52,0.00,16216.50,29238.71,29234.43,29236.88,28843.97,18-Aug,19-Aug,20-Aug,21-Aug,22-Aug,23-Aug,24-Aug,18-Aug,19-Aug,20-Aug,21-Aug,22-Aug,23-Aug,24-Aug,1,1,6
Amravati,Akola,Akola,Akola,Akola,20027951,Khambora 60 VRRWSS Tq. & Dist. Akola,Kaulkhed Gomase,388,1,0.00,0.00,0.00,0.00,0.00,0.00,0.00,0.00,0.00,0.00,0.00,0.00,0.00,0.00,18-Aug,19-Aug,20-Aug,21-Aug,22-Aug,23-Aug,24-Aug,18-Aug,19-Aug,20-Aug,21-Aug,22-Aug,23-Aug,24-Aug,7,7,0
Amravati,Akola,Akola,Akola,Akola,20027951,Khambora 60 VRRWSS Tq. & Dist. Akola,Marodi,930,1,8.87,26.14,76.75,66.74,61.37,58.66,0.00,954.14,2810.22,8252.78,7175.97,6598.67,6307.22,0.00,18-Aug,19-Aug,20-Aug,21-Aug,22-Aug,23-Aug,24-Aug,18-Aug,19-Aug,20-Aug,21-Aug,22-Aug,23-Aug,24-Aug,1,1,6
Amravati,Akola,Akola,Akola,Akola,20027951,Khambora 60 VRRWSS Tq. & Dist. Akola,Ramagaon,688,2,0.00,0.00,0.00,0.00,0.00,0.00,0.00,0.00,0.00,0.00,0.00,0.00,0.00,0.00,18-Aug,19-Aug,20-Aug,21-Aug,22-Aug,23-Aug,24-Aug,18-Aug,19-Aug,20-Aug,21-Aug,22-Aug,23-Aug,24-Aug,7,7,0
Amravati,Akola,Akola,Akola,Akola,20028565,"Akot 84 VRRWSS Tq. Akola, Akot & Telhara Dist. Akola",Alegaon,422,1,,0.00,0.00,0.00,0.00,0.00,0.00,,0.00,0.00,0.00,0.00,0.00,0.00,18-Aug,19-Aug,20-Aug,21-Aug,22-Aug,23-Aug,24-Aug,18-Aug,19-Aug,20-Aug,21-Aug,22-Aug,23-Aug,24-Aug,6,6,0
Amravati,Akola,Akola,Akola,Akola,20028565,"Akot 84 VRRWSS Tq. Akola, Akot & Telhara Dist. Akola",Alewadi,800,1,,0.72,0.00,0.04,0.00,0.63,0.00,,90.00,0.00,5.00,0.00,78.75,0.00,18-Aug,19-Aug,20-Aug,21-Aug,22-Aug,23-Aug,24-Aug,18-Aug,19-Aug,20-Aug,21-Aug,22-Aug,23-Aug,24-Aug,3,4,2
Amravati,Akola,Akola,Akola,Akola,20028565,"Akot 84 VRRWSS Tq. Akola, Akot & Telhara Dist. Akola",Balegaon,1353,1,152.58,0.00,0.00,236.10,108.47,0.00,0.00,11277.44,0.00,0.00,17450.11,8016.70,0.00,0.00,18-Aug,19-Aug,20-Aug,21-Aug,22-Aug,23-Aug,24-Aug,18-Aug,19-Aug,20-Aug,21-Aug,22-Aug,23-Aug,24-Aug,4,4,3
Amravati,Akola,Akola,Akola,Akola,20028565,"Akot 84 VRRWSS Tq. Akola, Akot & Telhara Dist. Akola",Chotta Bazar,5151,4,5.42,0.46,4.03,3.28,4.00,2.62,1.70,105.27,8.93,78.24,63.68,77.65,50.86,33.00,18-Aug,19-Aug,20-Aug,21-Aug,22-Aug,23-Aug,24-Aug,18-Aug,19-Aug,20-Aug,21-Aug,22-Aug,23-Aug,24-Aug,0,3,4
Amravati,Akola,Akola,Akola,Akola,20028565,"Akot 84 VRRWSS Tq. Akola, Akot & Telhara Dist. Akola",Danori,1296,2,,1.06,1.73,2.24,0.00,0.00,0.27,,81.79,133.49,172.84,0.00,0.00,20.83,18-Aug,19-Aug,20-Aug,21-Aug,22-Aug,23-Aug,24-Aug,18-Aug,19-Aug,20-Aug,21-Aug,22-Aug,23-Aug,24-Aug,2,3,3
Amravati,Akola,Akola,Akola,Akola,20028565,"Akot 84 VRRWSS Tq. Akola, Akot & Telhara Dist. Akola",Deori,2560,1,,11.75,65.87,0.14,0.00,14.21,70.15,,458.98,2573.21,5.44,0.00,555.08,2740.08,18-Aug,19-Aug,20-Aug,21-Aug,22-Aug,23-Aug,24-Aug,18-Aug,19-Aug,20-Aug,21-Aug,22-Aug,23-Aug,24-Aug,1,2,4
Amravati,Akola,Akola,Akola,Akola,20028565,"Akot 84 VRRWSS Tq. Akola, Akot & Telhara Dist. Akola",Dinoda,1491,2,,0.00,0.00,0.00,0.00,0.00,0.00,,0.00,0.00,0.00,0.00,0.00,0.00,18-Aug,19-Aug,20-Aug,21-Aug,22-Aug,23-Aug,24-Aug,18-Aug,19-Aug,20-Aug,21-Aug,22-Aug,23-Aug,24-Aug,6,6,0
Amravati,Akola,Akola,Akola,Akola,20028565,"Akot 84 VRRWSS Tq. Akola, Akot & Telhara Dist. Akola",Garsoli,288,1,0.00,0.00,0.00,0.00,0.00,0.00,0.00,0.00,0.00,0.00,0.00,0.00,0.00,0.00,18-Aug,19-Aug,20-Aug,21-Aug,22-Aug,23-Aug,24-Aug,18-Aug,19-Aug,20-Aug,21-Aug,22-Aug,23-Aug,24-Aug,7,7,0
Amravati,Akola,Akola,Akola,Akola,20028565,"Akot 84 VRRWSS Tq. Akola, Akot & Telhara Dist. Akola",Jaulka,1312,1,,0.00,0.00,0.94,6.12,1.66,0.00,,0.00,0.00,71.65,466.81,126.51,0.00,18-Aug,19-Aug,20-Aug,21-Aug,22-Aug,23-Aug,24-Aug,18-Aug,19-Aug,20-Aug,21-Aug,22-Aug,23-Aug,24-Aug,3,3,3
Amravati,Akola,Akola,Akola,Akola,20028565,"Akot 84 VRRWSS Tq. Akola, Akot & Telhara Dist. Akola",Kalwadi,945,2,0.00,0.00,0.00,3.94,0.00,0.00,0.00,0.00,0.00,0.00,416.93,0.00,0.00,0.00,18-Aug,19-Aug,20-Aug,21-Aug,22-Aug,23-Aug,24-Aug,18-Aug,19-Aug,20-Aug,21-Aug,22-Aug,23-Aug,24-Aug,6,6,1
Amravati,Akola,Akola,Akola,Akola,20028565,"Akot 84 VRRWSS Tq. Akola, Akot & Telhara Dist. Akola",Karatwadi,1682,1,,0.72,3.55,0.73,1.68,0.11,1.83,,42.81,211.06,43.40,99.88,6.54,108.80,18-Aug,19-Aug,20-Aug,21-Aug,22-Aug,23-Aug,24-Aug,18-Aug,19-Aug,20-Aug,21-Aug,22-Aug,23-Aug,24-Aug,0,3,3
Amravati,Akola,Akola,Akola,Akola,20028565,"Akot 84 VRRWSS Tq. Akola, Akot & Telhara Dist. Akola",Kawasa,1300,1,0.00,0.00,0.00,0.00,0.00,0.00,0.00,0.00,0.00,0.00,0.00,0.00,0.00,0.00,18-Aug,19-Aug,20-Aug,21-Aug,22-Aug,23-Aug,24-Aug,18-Aug,19-Aug,20-Aug,21-Aug,22-Aug,23-Aug,24-Aug,7,7,0
Amravati,Akola,Akola,Akola,Akola,20028565,"Akot 84 VRRWSS Tq. Akola, Akot & Telhara Dist. Akola",Kawasa Bk.,1298,1,0.00,0.00,0.00,0.11,0.00,0.00,0.00,0.00,0.00,0.00,8.47,0.00,0.00,0.00,18-Aug,19-Aug,20-Aug,21-Aug,22-Aug,23-Aug,24-Aug,18-Aug,19-Aug,20-Aug,21-Aug,22-Aug,23-Aug,24-Aug,6,7,0
Amravati,Akola,Akola,Akola,Akola,20028565,"Akot 84 VRRWSS Tq. Akola, Akot & Telhara Dist. Akola",Keliweli (New),3676,1,0.00,0.00,0.29,1.70,0.41,0.00,0.00,0.00,0.00,7.89,46.25,11.15,0.00,0.00,18-Aug,19-Aug,20-Aug,21-Aug,22-Aug,23-Aug,24-Aug,18-Aug,19-Aug,20-Aug,21-Aug,22-Aug,23-Aug,24-Aug,4,7,0
Amravati,Akola,Akola,Akola,Akola,20028565,"Akot 84 VRRWSS Tq. Akola, Akot & Telhara Dist. Akola",Keliweli (Old),3676,1,,0.12,1.58,0.36,0.00,0.53,0.00,,3.29,43.09,9.84,0.00,14.31,0.00,18-Aug,19-Aug,20-Aug,21-Aug,22-Aug,23-Aug,24-Aug,18-Aug,19-Aug,20-Aug,21-Aug,22-Aug,23-Aug,24-Aug,2,6,0
Amravati,Akola,Akola,Akola,Akola,20028565,"Akot 84 VRRWSS Tq. Akola, Akot & Telhara Dist. Akola",Khanpur,53,1,0.06,0.00,0.00,0.00,23.41,0.00,36.96,116.86,0.00,0.00,0.00,44169.01,0.00,69735.00,18-Aug,19-Aug,20-Aug,21-Aug,22-Aug,23-Aug,24-Aug,18-Aug,19-Aug,20-Aug,21-Aug,22-Aug,23-Aug,24-Aug,4,4,3
Amravati,Akola,Akola,Akola,Akola,20028565,"Akot 84 VRRWSS Tq. Akola, Akot & Telhara Dist. Akola",Khaparwadi Bk.,420,1,0.00,0.00,0.00,0.00,0.00,0.00,0.00,0.00,0.00,0.00,0.00,0.00,0.00,0.00,18-Aug,19-Aug,20-Aug,21-Aug,22-Aug,23-Aug,24-Aug,18-Aug,19-Aug,20-Aug,21-Aug,22-Aug,23-Aug,24-Aug,7,7,0
Amravati,Akola,Akola,Akola,Akola,20028565,"Akot 84 VRRWSS Tq. Akola, Akot & Telhara Dist. Akola",Khaparwadi Kh.,229,1,,2.15,25.70,33.21,13.77,3.92,5.24,,938.86,11222.71,14501.53,6013.97,1711.79,2288.21,18-Aug,19-Aug,20-Aug,21-Aug,22-Aug,23-Aug,24-Aug,18-Aug,19-Aug,20-Aug,21-Aug,22-Aug,23-Aug,24-Aug,0,0,6
Amravati,Akola,Akola,Akola,Akola,20028565,"Akot 84 VRRWSS Tq. Akola, Akot & Telhara Dist. Akola",Kutasa,5446,2,1.57,0.00,0.00,0.00,10.05,1.02,2.90,28.78,0.00,0.00,0.00,184.54,18.73,53.25,18-Aug,19-Aug,20-Aug,21-Aug,22-Aug,23-Aug,24-Aug,18-Aug,19-Aug,20-Aug,21-Aug,22-Aug,23-Aug,24-Aug,3,6,1
Amravati,Akola,Akola,Akola,Akola,20028565,"Akot 84 VRRWSS Tq. Akola, Akot & Telhara Dist. Akola",Lotkhed,1143,2,,0.00,0.00,0.00,0.00,0.00,0.00,,0.00,0.00,0.00,0.00,0.00,0.00,18-Aug,19-Aug,20-Aug,21-Aug,22-Aug,23-Aug,24-Aug,18-Aug,19-Aug,20-Aug,21-Aug,22-Aug,23-Aug,24-Aug,6,6,0
Amravati,Akola,Akola,Akola,Akola,20028565,"Akot 84 VRRWSS Tq. Akola, Akot & Telhara Dist. Akola",Maroda,1148,1,,0.00,0.00,1.05,0.00,0.00,0.01,,0.00,0.00,91.46,0.00,0.00,0.87,18-Aug,19-Aug,20-Aug,21-Aug,22-Aug,23-Aug,24-Aug,18-Aug,19-Aug,20-Aug,21-Aug,22-Aug,23-Aug,24-Aug,4,5,1
Amravati,Akola,Akola,Akola,Akola,20028565,"Akot 84 VRRWSS Tq. Akola, Akot & Telhara Dist. Akola",Mundgaon,7199,2,8.99,27.45,2.05,5.59,42.61,18.92,0.00,124.82,381.30,28.48,77.65,591.89,262.77,0.00,18-Aug,19-Aug,20-Aug,21-Aug,22-Aug,23-Aug,24-Aug,18-Aug,19-Aug,20-Aug,21-Aug,22-Aug,23-Aug,24-Aug,1,2,5
Amravati,Akola,Akola,Akola,Akola,20028565,"Akot 84 VRRWSS Tq. Akola, Akot & Telhara Dist. Akola",Nijampur,712,1,0.00,0.00,0.00,0.00,0.00,0.00,0.00,0.00,0.00,0.00,0.00,0.00,0.00,0.00,18-Aug,19-Aug,20-Aug,21-Aug,22-Aug,23-Aug,24-Aug,18-Aug,19-Aug,20-Aug,21-Aug,22-Aug,23-Aug,24-Aug,7,7,0
Amravati,Akola,Akola,Akola,Akola,20028565,"Akot 84 VRRWSS Tq. Akola, Akot & Telhara Dist. Akola",Palsod,2116,2,0.56,0.00,0.00,0.58,0.67,0.00,0.46,26.51,0.00,0.00,27.40,31.50,0.00,21.61,18-Aug,19-Aug,20-Aug,21-Aug,22-Aug,23-Aug,24-Aug,18-Aug,19-Aug,20-Aug,21-Aug,22-Aug,23-Aug,24-Aug,3,7,0
Amravati,Akola,Akola,Akola,Akola,20028565,"Akot 84 VRRWSS Tq. Akola, Akot & Telhara Dist. Akola",Panori,535,1,,0.00,0.00,0.00,0.00,0.00,0.00,,0.00,0.00,0.00,0.00,0.00,0.00,18-Aug,19-Aug,20-Aug,21-Aug,22-Aug,23-Aug,24-Aug,18-Aug,19-Aug,20-Aug,21-Aug,22-Aug,23-Aug,24-Aug,6,6,0
Amravati,Akola,Akola,Akola,Akola,20028565,"Akot 84 VRRWSS Tq. Akola, Akot & Telhara Dist. Akola",Patsul,972,1,0.01,3.98,0.03,0.00,0.00,3.96,0.02,0.71,409.47,3.09,0.00,0.00,407.41,2.06,18-Aug,19-Aug,20-Aug,21-Aug,22-Aug,23-Aug,24-Aug,18-Aug,19-Aug,20-Aug,21-Aug,22-Aug,23-Aug,24-Aug,2,5,2
Amravati,Akola,Akola,Akola,Akola,20028565,"Akot 84 VRRWSS Tq. Akola, Akot & Telhara Dist. Akola",Pimpari Dikkar,522,1,0.00,1.02,0.62,0.00,0.00,1.30,0.00,0.00,195.40,118.52,0.00,0.00,249.04,0.00,18-Aug,19-Aug,20-Aug,21-Aug,22-Aug,23-Aug,24-Aug,18-Aug,19-Aug,20-Aug,21-Aug,22-Aug,23-Aug,24-Aug,4,4,3
Amravati,Akola,Akola,Akola,Akola,20028565,"Akot 84 VRRWSS Tq. Akola, Akot & Telhara Dist. Akola",Rajurwadi,46,1,,0.00,0.00,0.00,0.00,0.00,0.00,,0.00,0.00,0.00,0.00,0.00,0.00,18-Aug,19-Aug,20-Aug,21-Aug,22-Aug,23-Aug,24-Aug,18-Aug,19-Aug,20-Aug,21-Aug,22-Aug,23-Aug,24-Aug,6,6,0
Amravati,Akola,Akola,Akola,Akola,20028565,"Akot 84 VRRWSS Tq. Akola, Akot & Telhara Dist. Akola",Ronalda,2441,4,0.19,0.00,0.36,0.15,0.00,0.00,0.24,7.60,0.00,14.75,6.15,0.00,0.00,9.83,18-Aug,19-Aug,20-Aug,21-Aug,22-Aug,23-Aug,24-Aug,18-Aug,19-Aug,20-Aug,21-Aug,22-Aug,23-Aug,24-Aug,3,7,0
Amravati,Akola,Akola,Akola,Akola,20028565,"Akot 84 VRRWSS Tq. Akola, Akot & Telhara Dist. Akola",Sangavi,461,1,1.35,5.88,0.00,0.13,0.54,0.68,1.58,292.22,1275.49,0.00,28.20,117.14,147.51,342.73,18-Aug,19-Aug,20-Aug,21-Aug,22-Aug,23-Aug,24-Aug,18-Aug,19-Aug,20-Aug,21-Aug,22-Aug,23-Aug,24-Aug,1,2,5
Amravati,Akola,Akola,Akola,Akola,20028565,"Akot 84 VRRWSS Tq. Akola, Akot & Telhara Dist. Akola",Sonbardi,712,2,,0.00,0.53,0.01,0.00,0.00,0.67,,0.00,74.44,1.40,0.00,0.00,94.10,18-Aug,19-Aug,20-Aug,21-Aug,22-Aug,23-Aug,24-Aug,18-Aug,19-Aug,20-Aug,21-Aug,22-Aug,23-Aug,24-Aug,3,4,2
Amravati,Akola,Akola,Akola,Akola,20028565,"Akot 84 VRRWSS Tq. Akola, Akot & Telhara Dist. Akola",Takli Kh.,1728,4,,0.61,0.59,0.70,0.54,0.65,1.19,,35.30,33.94,40.51,31.25,37.62,68.87,18-Aug,19-Aug,20-Aug,21-Aug,22-Aug,23-Aug,24-Aug,18-Aug,19-Aug,20-Aug,21-Aug,22-Aug,23-Aug,24-Aug,0,5,1
Amravati,Akola,Akola,Akola,Akola,20028565,"Akot 84 VRRWSS Tq. Akola, Akot & Telhara Dist. Akola",Tandulwadi,964,3,0.85,0.00,0.00,2.37,0.00,0.00,0.00,87.68,0.00,0.00,245.85,0.00,0.00,0.00,18-Aug,19-Aug,20-Aug,21-Aug,22-Aug,23-Aug,24-Aug,18-Aug,19-Aug,20-Aug,21-Aug,22-Aug,23-Aug,24-Aug,5,5,2
Amravati,Akola,Akola,Akola,Akola,20028565,"Akot 84 VRRWSS Tq. Akola, Akot & Telhara Dist. Akola",Taroda,755,1,0.52,0.41,0.29,0.00,0.00,0.00,0.01,68.25,54.30,38.48,0.00,0.00,0.00,1.32,18-Aug,19-Aug,20-Aug,21-Aug,22-Aug,23-Aug,24-Aug,18-Aug,19-Aug,20-Aug,21-Aug,22-Aug,23-Aug,24-Aug,3,6,1
Amravati,Akola,Akola,Akola,Akola,20028565,"Akot 84 VRRWSS Tq. Akola, Akot & Telhara Dist. Akola",Wani,373,1,,0.00,0.00,0.00,2.36,0.21,0.00,,0.00,0.00,0.00,632.71,55.09,0.00,18-Aug,19-Aug,20-Aug,21-Aug,22-Aug,23-Aug,24-Aug,18-Aug,19-Aug,20-Aug,21-Aug,22-Aug,23-Aug,24-Aug,4,4,2
Amravati,Akola,Akola,Akola,Akola,20028565,"Akot 84 VRRWSS Tq. Akola, Akot & Telhara Dist. Akola",Warula,1141,1,,0.00,0.00,0.00,0.00,0.00,0.00,,0.00,0.00,0.00,0.00,0.00,0.00,18-Aug,19-Aug,20-Aug,21-Aug,22-Aug,23-Aug,24-Aug,18-Aug,19-Aug,20-Aug,21-Aug,22-Aug,23-Aug,24-Aug,6,6,0
Amravati,Akola,Akola,Akola,Akola,20028565,"Akot 84 VRRWSS Tq. Akola, Akot & Telhara Dist. Akola",Warur,2400,1,,2.91,0.00,0.00,0.00,8.04,6.21,,121.25,0.00,0.00,0.00,335.00,258.68,18-Aug,19-Aug,20-Aug,21-Aug,22-Aug,23-Aug,24-Aug,18-Aug,19-Aug,20-Aug,21-Aug,22-Aug,23-Aug,24-Aug,3,3,3
Amravati,Akola,Akola,Akola,Akola,20039455,Khambora 4 VRRWSS Tq. & Dist. Akola,Sukali,1195,2,0.64,0.13,0.11,0.01,0.00,0.00,0.59,53.46,10.67,9.37,0.57,0.00,0.00,49.44,18-Aug,19-Aug,20-Aug,21-Aug,22-Aug,23-Aug,24-Aug,18-Aug,19-Aug,20-Aug,21-Aug,22-Aug,23-Aug,24-Aug,2,7,0
Amravati,Akola,Akola,Akola,Akot,20028420,Popatkhed 97 VRRWSS Tq. Akot & Telhara Dist. Akola,Ambola,3514,2,1.24,1.55,1.84,1.58,1.65,1.52,1.50,35.22,44.17,52.35,44.92,46.86,43.23,42.73,18-Aug,19-Aug,20-Aug,21-Aug,22-Aug,23-Aug,24-Aug,18-Aug,19-Aug,20-Aug,21-Aug,22-Aug,23-Aug,24-Aug,0,7,0
Amravati,Akola,Akola,Akola,Akot,20028420,Popatkhed 97 VRRWSS Tq. Akot & Telhara Dist. Akola,Bambarda Bk.,991,1,0.10,0.11,4.30,15.85,2.23,3.94,1.41,10.40,11.10,433.91,1599.71,225.03,397.49,142.28,18-Aug,19-Aug,20-Aug,21-Aug,22-Aug,23-Aug,24-Aug,18-Aug,19-Aug,20-Aug,21-Aug,22-Aug,23-Aug,24-Aug,0,2,5
Amravati,Akola,Akola,Akola,Akot,20028420,Popatkhed 97 VRRWSS Tq. Akot & Telhara Dist. Akola,Bochara,498,1,4.66,1.18,3.82,4.33,5.22,5.38,3.73,935.62,236.95,767.07,869.48,1048.19,1080.32,749.00,18-Aug,19-Aug,20-Aug,21-Aug,22-Aug,23-Aug,24-Aug,18-Aug,19-Aug,20-Aug,21-Aug,22-Aug,23-Aug,24-Aug,0,0,7
Amravati,Akola,Akola,Akola,Akot,20028420,Popatkhed 97 VRRWSS Tq. Akot & Telhara Dist. Akola,Chinchpani,547,1,0.63,0.52,0.53,0.05,0.49,0.42,0.00,114.66,94.70,97.42,8.85,89.77,76.29,0.00,18-Aug,19-Aug,20-Aug,21-Aug,22-Aug,23-Aug,24-Aug,18-Aug,19-Aug,20-Aug,21-Aug,22-Aug,23-Aug,24-Aug,1,2,5
Amravati,Akola,Akola,Akola,Akot,20028420,Popatkhed 97 VRRWSS Tq. Akot & Telhara Dist. Akola,Deulgaon,1463,2,0.00,0.00,0.00,0.00,0.00,0.00,0.00,0.00,0.00,0.00,0.00,0.00,0.00,0.00,18-Aug,19-Aug,20-Aug,21-Aug,22-Aug,23-Aug,24-Aug,18-Aug,19-Aug,20-Aug,21-Aug,22-Aug,23-Aug,24-Aug,7,7,0
Amravati,Akola,Akola,Akola,Akot,20028420,Popatkhed 97 VRRWSS Tq. Akot & Telhara Dist. Akola,Diwthana,882,2,0.90,1.17,1.05,1.38,1.01,0.95,1.03,102.40,132.74,118.53,155.96,114.36,107.62,116.53,18-Aug,19-Aug,20-Aug,21-Aug,22-Aug,23-Aug,24-Aug,18-Aug,19-Aug,20-Aug,21-Aug,22-Aug,23-Aug,24-Aug,0,0,7
Amravati,Akola,Akola,Akola,Akot,20028420,Popatkhed 97 VRRWSS Tq. Akot & Telhara Dist. Akola,Gulghat,771,2,0.00,0.00,0.00,0.87,0.00,0.92,0.00,0.00,0.00,0.00,112.48,0.00,119.54,0.00,18-Aug,19-Aug,20-Aug,21-Aug,22-Aug,23-Aug,24-Aug,18-Aug,19-Aug,20-Aug,21-Aug,22-Aug,23-Aug,24-Aug,5,5,2
Amravati,Akola,Akola,Akola,Akot,20028420,Popatkhed 97 VRRWSS Tq. Akot & Telhara Dist. Akola,Jalgaon Nahate,1424,2,0.00,0.00,0.00,0.00,0.00,0.05,0.32,0.00,0.00,0.00,0.00,0.00,3.49,22.61,18-Aug,19-Aug,20-Aug,21-Aug,22-Aug,23-Aug,24-Aug,18-Aug,19-Aug,20-Aug,21-Aug,22-Aug,23-Aug,24-Aug,5,7,0
Amravati,Akola,Akola,Akola,Akot,20028420,Popatkhed 97 VRRWSS Tq. Akot & Telhara Dist. Akola,Jitapur Pr. Rupagad,256,3,0.14,0.07,0.21,0.13,0.14,0.10,0.11,55.10,27.85,80.79,51.10,53.24,38.69,42.20,18-Aug,19-Aug,20-Aug,21-Aug,22-Aug,23-Aug,24-Aug,18-Aug,19-Aug,20-Aug,21-Aug,22-Aug,23-Aug,24-Aug,0,5,2
Amravati,Akola,Akola,Akola,Akot,20028420,Popatkhed 97 VRRWSS Tq. Akot & Telhara Dist. Akola,Khairkhed,1157,2,1.47,1.49,1.56,1.73,2.14,1.39,1.75,127.09,128.78,134.83,149.52,184.96,120.14,151.25,18-Aug,19-Aug,20-Aug,21-Aug,22-Aug,23-Aug,24-Aug,18-Aug,19-Aug,20-Aug,21-Aug,22-Aug,23-Aug,24-Aug,0,0,7
Amravati,Akola,Akola,Akola,Akot,20028420,Popatkhed 97 VRRWSS Tq. Akot & Telhara Dist. Akola,Kund,327,1,0.46,0.57,0.00,0.26,0.33,0.42,0.30,140.95,173.88,0.00,78.00,102.09,128.42,91.06,18-Aug,19-Aug,20-Aug,21-Aug,22-Aug,23-Aug,24-Aug,18-Aug,19-Aug,20-Aug,21-Aug,22-Aug,23-Aug,24-Aug,1,1,6
Amravati,Akola,Akola,Akola,Akot,20028420,Popatkhed 97 VRRWSS Tq. Akot & Telhara Dist. Akola,Machanpur,1124,2,0.33,0.46,0.46,0.44,0.42,0.48,0.41,29.67,40.68,40.78,39.04,37.47,43.05,36.75,18-Aug,19-Aug,20-Aug,21-Aug,22-Aug,23-Aug,24-Aug,18-Aug,19-Aug,20-Aug,21-Aug,22-Aug,23-Aug,24-Aug,0,7,0
Amravati,Akola,Akola,Akola,Akot,20028420,Popatkhed 97 VRRWSS Tq. Akot & Telhara Dist. Akola,Makrampur,842,2,0.89,0.89,1.44,0.99,0.87,1.06,0.96,105.23,105.70,171.02,117.58,103.33,125.89,114.01,18-Aug,19-Aug,20-Aug,21-Aug,22-Aug,23-Aug,24-Aug,18-Aug,19-Aug,20-Aug,21-Aug,22-Aug,23-Aug,24-Aug,0,0,7
Amravati,Akola,Akola,Akola,Akot,20028420,Popatkhed 97 VRRWSS Tq. Akot & Telhara Dist. Akola,Mardi,637,1,0.00,0.00,0.00,0.00,0.00,0.00,0.00,0.00,0.00,0.00,0.00,0.00,0.00,0.00,18-Aug,19-Aug,20-Aug,21-Aug,22-Aug,23-Aug,24-Aug,18-Aug,19-Aug,20-Aug,21-Aug,22-Aug,23-Aug,24-Aug,7,7,0
Amravati,Akola,Akola,Akola,Akot,20028420,Popatkhed 97 VRRWSS Tq. Akot & Telhara Dist. Akola,Mohala,3873,2,0.00,0.00,0.00,0.00,0.00,0.00,0.00,0.00,0.00,0.00,0.00,0.00,0.00,0.00,18-Aug,19-Aug,20-Aug,21-Aug,22-Aug,23-Aug,24-Aug,18-Aug,19-Aug,20-Aug,21-Aug,22-Aug,23-Aug,24-Aug,7,7,0
Amravati,Akola,Akola,Akola,Akot,20028420,Popatkhed 97 VRRWSS Tq. Akot & Telhara Dist. Akola,Panj,5584,2,1.31,1.25,1.61,1.45,1.43,1.52,0.92,23.37,22.35,28.85,25.92,25.60,27.29,16.52,18-Aug,19-Aug,20-Aug,21-Aug,22-Aug,23-Aug,24-Aug,18-Aug,19-Aug,20-Aug,21-Aug,22-Aug,23-Aug,24-Aug,0,7,0
Amravati,Akola,Akola,Akola,Akot,20028420,Popatkhed 97 VRRWSS Tq. Akot & Telhara Dist. Akola,Pimpri Jainpur,954,2,,15.99,14.58,13.87,15.72,8.34,10.70,,1676.10,1528.30,1453.88,1647.80,874.21,1121.59,18-Aug,19-Aug,20-Aug,21-Aug,22-Aug,23-Aug,24-Aug,18-Aug,19-Aug,20-Aug,21-Aug,22-Aug,23-Aug,24-Aug,0,0,6
Amravati,Akola,Akola,Akola,Akot,20028420,Popatkhed 97 VRRWSS Tq. Akot & Telhara Dist. Akola,Rambhapur,652,1,0.59,0.47,0.86,0.63,0.90,0.51,0.71,90.48,71.80,131.72,96.82,137.90,78.89,108.26,18-Aug,19-Aug,20-Aug,21-Aug,22-Aug,23-Aug,24-Aug,18-Aug,19-Aug,20-Aug,21-Aug,22-Aug,23-Aug,24-Aug,0,0,7
Amravati,Akola,Akola,Akola,Akot,20028420,Popatkhed 97 VRRWSS Tq. Akot & Telhara Dist. Akola,Rampur Dharul,1247,2,1.18,0.00,0.03,1.43,1.24,1.22,0.82,94.76,0.00,2.07,114.68,99.44,97.83,65.76,18-Aug,19-Aug,20-Aug,21-Aug,22-Aug,23-Aug,24-Aug,18-Aug,19-Aug,20-Aug,21-Aug,22-Aug,23-Aug,24-Aug,1,2,5
Amravati,Akola,Akola,Akola,Akot,20028420,Popatkhed 97 VRRWSS Tq. Akot & Telhara Dist. Akola,Shahapur Pr. Rupagad,1093,2,,0.00,0.00,0.00,0.00,0.00,0.00,,0.00,0.00,0.00,0.00,0.00,0.00,18-Aug,19-Aug,20-Aug,21-Aug,22-Aug,23-Aug,24-Aug,18-Aug,19-Aug,20-Aug,21-Aug,22-Aug,23-Aug,24-Aug,6,6,0
Amravati,Akola,Akola,Akola,Akot,20028420,Popatkhed 97 VRRWSS Tq. Akot & Telhara Dist. Akola,Somthana,626,1,0.00,0.00,0.00,0.00,0.00,0.00,0.00,0.00,0.00,0.00,0.00,0.00,0.00,0.00,18-Aug,19-Aug,20-Aug,21-Aug,22-Aug,23-Aug,24-Aug,18-Aug,19-Aug,20-Aug,21-Aug,22-Aug,23-Aug,24-Aug,7,7,0
Amravati,Akola,Akola,Akola,Akot,20028420,Popatkhed 97 VRRWSS Tq. Akot & Telhara Dist. Akola,Vitali,678,1,8.65,0.00,0.00,1.93,10.96,0.00,0.00,1276.28,0.00,0.00,284.66,1616.03,0.00,0.00,18-Aug,19-Aug,20-Aug,21-Aug,22-Aug,23-Aug,24-Aug,18-Aug,19-Aug,20-Aug,21-Aug,22-Aug,23-Aug,24-Aug,4,4,3
Amravati,Akola,Akola,Akola,Akot,20028420,Popatkhed 97 VRRWSS Tq. Akot & Telhara Dist. Akola,Waai,671,2,0.00,0.00,0.00,0.33,0.22,0.23,0.16,0.00,0.00,0.00,49.92,32.05,34.50,23.12,18-Aug,19-Aug,20-Aug,21-Aug,22-Aug,23-Aug,24-Aug,18-Aug,19-Aug,20-Aug,21-Aug,22-Aug,23-Aug,24-Aug,3,7,0
Amravati,Akola,Akola,Akola,Akot,20028420,Popatkhed 97 VRRWSS Tq. Akot & Telhara Dist. Akola,Wadali Deshmukh,3704,2,0.00,0.00,0.00,0.00,0.00,0.00,0.00,0.00,0.00,0.00,0.00,0.00,0.00,0.00,18-Aug,19-Aug,20-Aug,21-Aug,22-Aug,23-Aug,24-Aug,18-Aug,19-Aug,20-Aug,21-Aug,22-Aug,23-Aug,24-Aug,7,7,0
Amravati,Akola,Akola,Akola,Akot,20028420,Popatkhed 97 VRRWSS Tq. Akot & Telhara Dist. Akola,Wadali Satwai,2205,1,1.78,1.85,2.58,2.02,1.89,2.19,2.02,80.53,84.07,117.01,91.78,85.51,99.15,91.74,18-Aug,19-Aug,20-Aug,21-Aug,22-Aug,23-Aug,24-Aug,18-Aug,19-Aug,20-Aug,21-Aug,22-Aug,23-Aug,24-Aug,0,0,7
Amravati,Akola,Akola,Akola,Akot,20028420,Popatkhed 97 VRRWSS Tq. Akot & Telhara Dist. Akola,Wadgaon Mendhe,927,3,1.54,0.09,1.52,1.47,1.44,0.03,1.47,166.12,9.99,163.78,158.89,155.01,3.33,158.46,18-Aug,19-Aug,20-Aug,21-Aug,22-Aug,23-Aug,24-Aug,18-Aug,19-Aug,20-Aug,21-Aug,22-Aug,23-Aug,24-Aug,0,2,5
Amravati,Akola,Akola,Akola,Akot,20028420,Popatkhed 97 VRRWSS Tq. Akot & Telhara Dist. Akola,Wastapur,1565,2,0.00,0.00,0.00,0.00,0.00,0.00,0.00,0.00,0.00,0.00,0.00,0.00,0.00,0.00,18-Aug,19-Aug,20-Aug,21-Aug,22-Aug,23-Aug,24-Aug,18-Aug,19-Aug,20-Aug,21-Aug,22-Aug,23-Aug,24-Aug,7,7,0
Amravati,Akola,Akola,Akola,Balapur,20028254,Balapur 69 VRRWSS Tq. Balapur Dist. Akola,Antri Malkapur,1755,1,0.00,0.00,0.77,0.81,0.00,0.00,0.00,0.00,0.00,43.71,46.06,0.00,0.00,0.00,18-Aug,19-Aug,20-Aug,21-Aug,22-Aug,23-Aug,24-Aug,18-Aug,19-Aug,20-Aug,21-Aug,22-Aug,23-Aug,24-Aug,5,7,0
Amravati,Akola,Akola,Akola,Balapur,20028254,Balapur 69 VRRWSS Tq. Balapur Dist. Akola,Karanja Ramjan,1287,2,,2.41,0.49,1.92,0.51,3.08,0.77,,187.48,37.96,149.16,39.75,239.55,59.74,18-Aug,19-Aug,20-Aug,21-Aug,22-Aug,23-Aug,24-Aug,18-Aug,19-Aug,20-Aug,21-Aug,22-Aug,23-Aug,24-Aug,0,2,4
Amravati,Akola,Akola,Akola,Telhara,20028420,Popatkhed 97 VRRWSS Tq. Akot & Telhara Dist. Akola,Pimperkhed,1779,2,8.69,9.71,10.35,6.32,6.93,6.51,2.78,488.47,545.81,581.79,355.26,389.54,365.94,156.27,18-Aug,19-Aug,20-Aug,21-Aug,22-Aug,23-Aug,24-Aug,18-Aug,19-Aug,20-Aug,21-Aug,22-Aug,23-Aug,24-Aug,0,0,7
Amravati,Akola,Akola,Akola,Telhara,20028565,"Akot 84 VRRWSS Tq. Akola, Akot & Telhara Dist. Akola",Ner,1646,1,0.00,0.00,0.00,0.00,0.00,0.00,0.00,0.00,0.00,0.00,0.00,0.00,0.00,0.00,18-Aug,19-Aug,20-Aug,21-Aug,22-Aug,23-Aug,24-Aug,18-Aug,19-Aug,20-Aug,21-Aug,22-Aug,23-Aug,24-Aug,7,7,0
Amravati,Akola,Akola,Murtizapur,Murtizapur,20028270,"Lakhpuri 18 VRRWSS Tq. Murtizapur, Dist. Akola",Ghungshi,636,1,0.38,0.33,1.01,0.90,0.72,1.10,0.31,60.13,51.29,158.60,141.76,112.52,172.33,48.67,18-Aug,19-Aug,20-Aug,21-Aug,22-Aug,23-Aug,24-Aug,18-Aug,19-Aug,20-Aug,21-Aug,22-Aug,23-Aug,24-Aug,0,2,5
Amravati,Akola,Akola,Murtizapur,Murtizapur,20028270,"Lakhpuri 18 VRRWSS Tq. Murtizapur, Dist. Akola",Jambha Bk.,2328,2,0.00,0.00,0.00,0.00,0.07,0.11,0.19,0.01,0.00,0.00,0.00,2.96,4.91,8.16,18-Aug,19-Aug,20-Aug,21-Aug,22-Aug,23-Aug,24-Aug,18-Aug,19-Aug,20-Aug,21-Aug,22-Aug,23-Aug,24-Aug,3,7,0
Amravati,Akola,Akola,Murtizapur,Murtizapur,20028270,"Lakhpuri 18 VRRWSS Tq. Murtizapur, Dist. Akola",Lait,581,1,1.26,1.39,1.35,1.30,1.40,0.49,0.69,217.68,239.30,233.12,223.82,241.08,84.83,118.18,18-Aug,19-Aug,20-Aug,21-Aug,22-Aug,23-Aug,24-Aug,18-Aug,19-Aug,20-Aug,21-Aug,22-Aug,23-Aug,24-Aug,0,0,7
Amravati,Akola,Akola,Murtizapur,Murtizapur,20028270,"Lakhpuri 18 VRRWSS Tq. Murtizapur, Dist. Akola",Lakhpuri,3562,3,0.79,1.17,1.25,2.12,2.18,3.44,0.00,22.12,32.89,35.20,59.61,61.07,96.54,0.00,18-Aug,19-Aug,20-Aug,21-Aug,22-Aug,23-Aug,24-Aug,18-Aug,19-Aug,20-Aug,21-Aug,22-Aug,23-Aug,24-Aug,1,4,3
Amravati,Akola,Akola,Murtizapur,Murtizapur,20028270,"Lakhpuri 18 VRRWSS Tq. Murtizapur, Dist. Akola",Mangrul Kambe,1837,3,3.52,3.61,3.01,2.90,3.94,1.65,3.29,191.86,196.58,164.07,158.11,214.28,89.79,179.21,18-Aug,19-Aug,20-Aug,21-Aug,22-Aug,23-Aug,24-Aug,18-Aug,19-Aug,20-Aug,21-Aug,22-Aug,23-Aug,24-Aug,0,0,7
Amravati,Akola,Akola,Murtizapur,Murtizapur,20028270,"Lakhpuri 18 VRRWSS Tq. Murtizapur, Dist. Akola",Rasulpur,446,1,0.58,0.71,0.49,0.64,0.69,0.56,0.56,129.07,159.34,110.81,143.06,155.32,124.96,125.93,18-Aug,19-Aug,20-Aug,21-Aug,22-Aug,23-Aug,24-Aug,18-Aug,19-Aug,20-Aug,21-Aug,22-Aug,23-Aug,24-Aug,0,0,7
Amravati,Akola,Akola,Murtizapur,Murtizapur,20028270,"Lakhpuri 18 VRRWSS Tq. Murtizapur, Dist. Akola",Virwada,818,1,0.00,0.00,0.00,0.00,0.00,0.00,0.00,0.00,0.00,0.00,0.00,0.00,0.00,0.00,18-Aug,19-Aug,20-Aug,21-Aug,22-Aug,23-Aug,24-Aug,18-Aug,19-Aug,20-Aug,21-Aug,22-Aug,23-Aug,24-Aug,7,7,0
Amravati,Akola,Akola,Murtizapur,Murtizapur,20028298,Kurum & 2 VRRWSS Tq.Murtizapur Dist. Akola,Kurum,7124,3,8.51,0.00,0.00,0.00,0.00,0.00,0.00,119.45,0.00,0.00,0.00,0.00,0.00,0.00,18-Aug,19-Aug,20-Aug,21-Aug,22-Aug,23-Aug,24-Aug,18-Aug,19-Aug,20-Aug,21-Aug,22-Aug,23-Aug,24-Aug,6,6,1
Amravati,Akola,Akola,Murtizapur,Murtizapur,20028308,Pinjar & 2 VRRWSS Tq.Barshitakali Dist.Akola,Junana,2252,2,1.26,0.00,0.00,0.00,0.00,0.00,0.26,55.98,0.00,0.00,0.00,0.00,0.00,11.59,18-Aug,19-Aug,20-Aug,21-Aug,22-Aug,23-Aug,24-Aug,18-Aug,19-Aug,20-Aug,21-Aug,22-Aug,23-Aug,24-Aug,5,6,1
Amravati,Akola,Akola,Murtizapur,Murtizapur,20028308,Pinjar & 2 VRRWSS Tq.Barshitakali Dist.Akola,Pinjar,9112,3,3.68,3.03,0.09,2.78,3.21,1.46,0.00,40.39,33.23,1.00,30.54,35.23,16.03,0.00,18-Aug,19-Aug,20-Aug,21-Aug,22-Aug,23-Aug,24-Aug,18-Aug,19-Aug,20-Aug,21-Aug,22-Aug,23-Aug,24-Aug,1,7,0
Amravati,Akola,Akola,Murtizapur,Murtizapur,20028330,Langhapur 50 VRRWSS Tq. Murtizapur Dist. Akola,Anbhora,396,1,7.77,6.91,12.26,6.50,13.28,0.00,15.99,1961.44,1744.95,3095.96,1641.41,3353.54,0.00,4037.88,18-Aug,19-Aug,20-Aug,21-Aug,22-Aug,23-Aug,24-Aug,18-Aug,19-Aug,20-Aug,21-Aug,22-Aug,23-Aug,24-Aug,1,1,6
Amravati,Akola,Akola,Murtizapur,Murtizapur,20028330,Langhapur 50 VRRWSS Tq. Murtizapur Dist. Akola,Borta,303,2,0.54,0.00,0.91,0.00,0.00,0.86,0.00,177.92,0.00,301.69,0.00,0.00,282.33,0.00,18-Aug,19-Aug,20-Aug,21-Aug,22-Aug,23-Aug,24-Aug,18-Aug,19-Aug,20-Aug,21-Aug,22-Aug,23-Aug,24-Aug,4,4,3
Amravati,Akola,Akola,Murtizapur,Murtizapur,20028330,Langhapur 50 VRRWSS Tq. Murtizapur Dist. Akola,Chikhli,314,2,0.00,0.00,0.00,0.00,0.00,0.00,0.00,0.00,0.00,0.00,0.00,0.00,0.00,0.00,18-Aug,19-Aug,20-Aug,21-Aug,22-Aug,23-Aug,24-Aug,18-Aug,19-Aug,20-Aug,21-Aug,22-Aug,23-Aug,24-Aug,7,7,0
Amravati,Akola,Akola,Murtizapur,Murtizapur,20028330,Langhapur 50 VRRWSS Tq. Murtizapur Dist. Akola,Dahatonda,302,1,1.17,1.56,1.45,1.48,1.49,1.49,1.45,388.38,516.93,478.70,490.85,494.30,492.90,481.38,18-Aug,19-Aug,20-Aug,21-Aug,22-Aug,23-Aug,24-Aug,18-Aug,19-Aug,20-Aug,21-Aug,22-Aug,23-Aug,24-Aug,0,0,7
Amravati,Akola,Akola,Murtizapur,Murtizapur,20028330,Langhapur 50 VRRWSS Tq. Murtizapur Dist. Akola,Dhotra shinde,455,2,0.00,0.02,0.00,0.78,0.00,0.00,0.84,0.00,4.40,0.00,171.43,0.00,0.00,184.62,18-Aug,19-Aug,20-Aug,21-Aug,22-Aug,23-Aug,24-Aug,18-Aug,19-Aug,20-Aug,21-Aug,22-Aug,23-Aug,24-Aug,4,5,2
Amravati,Akola,Akola,Murtizapur,Murtizapur,20028330,Langhapur 50 VRRWSS Tq. Murtizapur Dist. Akola,Nimba,541,1,0.00,0.00,0.00,0.00,0.00,0.00,0.00,0.00,0.00,0.00,0.00,0.00,0.00,0.00,18-Aug,19-Aug,20-Aug,21-Aug,22-Aug,23-Aug,24-Aug,18-Aug,19-Aug,20-Aug,21-Aug,22-Aug,23-Aug,24-Aug,7,7,0
Amravati,Akola,Akola,Murtizapur,Murtizapur,20028330,Langhapur 50 VRRWSS Tq. Murtizapur Dist. Akola,Pohi,301,1,,0.81,1.21,1.09,1.19,0.87,1.27,,268.50,401.17,362.74,395.41,287.87,422.90,18-Aug,19-Aug,20-Aug,21-Aug,22-Aug,23-Aug,24-Aug,18-Aug,19-Aug,20-Aug,21-Aug,22-Aug,23-Aug,24-Aug,0,0,6
Amravati,Akola,Akola,Murtizapur,Murtizapur,20028330,Langhapur 50 VRRWSS Tq. Murtizapur Dist. Akola,Rajura Ghate,268,1,,0.01,0.00,2.66,0.00,0.00,4.07,,3.73,0.00,992.54,0.00,0.00,1518.66,18-Aug,19-Aug,20-Aug,21-Aug,22-Aug,23-Aug,24-Aug,18-Aug,19-Aug,20-Aug,21-Aug,22-Aug,23-Aug,24-Aug,3,4,2
Amravati,Akola,Akola,Murtizapur,Murtizapur,20028330,Langhapur 50 VRRWSS Tq. Murtizapur Dist. Akola,Sirso,1395,3,0.00,0.00,0.00,0.00,0.00,0.00,0.00,0.00,0.00,0.00,0.00,0.00,0.00,0.00,18-Aug,19-Aug,20-Aug,21-Aug,22-Aug,23-Aug,24-Aug,18-Aug,19-Aug,20-Aug,21-Aug,22-Aug,23-Aug,24-Aug,7,7,0
Amravati,Akola,Akola,Murtizapur,Murtizapur,20028330,Langhapur 50 VRRWSS Tq. Murtizapur Dist. Akola,Sonori,597,2,0.72,0.39,0.96,0.00,0.46,0.00,0.00,120.89,65.33,160.80,0.00,77.05,0.00,0.00,18-Aug,19-Aug,20-Aug,21-Aug,22-Aug,23-Aug,24-Aug,18-Aug,19-Aug,20-Aug,21-Aug,22-Aug,23-Aug,24-Aug,3,3,4
Amravati,Akola,Buldhana,Buldhana,Buldhana,20021406,Padali & 5 Villages RRWSS,Gondhankhed,413,1,,0.00,0.00,0.00,0.00,0.00,0.00,,0.00,0.00,0.00,0.00,0.00,0.00,18-Aug,19-Aug,20-Aug,21-Aug,22-Aug,23-Aug,24-Aug,18-Aug,19-Aug,20-Aug,21-Aug,22-Aug,23-Aug,24-Aug,6,6,0
Amravati,Akola,Buldhana,Buldhana,Buldhana,20021406,Padali & 5 Villages RRWSS,Ijalpur,817,1,,0.01,0.01,0.02,0.01,0.01,0.02,,1.22,1.22,2.45,1.22,1.22,2.45,18-Aug,19-Aug,20-Aug,21-Aug,22-Aug,23-Aug,24-Aug,18-Aug,19-Aug,20-Aug,21-Aug,22-Aug,23-Aug,24-Aug,0,6,0
Amravati,Akola,Buldhana,Buldhana,Buldhana,20021406,Padali & 5 Villages RRWSS,Merkhed,125,1,,0.00,0.00,0.10,0.00,0.00,0.00,,0.00,0.00,80.00,0.00,0.00,0.00,18-Aug,19-Aug,20-Aug,21-Aug,22-Aug,23-Aug,24-Aug,18-Aug,19-Aug,20-Aug,21-Aug,22-Aug,23-Aug,24-Aug,5,5,1
Amravati,Akola,Buldhana,Buldhana,Buldhana,20021406,Padali & 5 Villages RRWSS,Padli,2502,2,,0.00,0.00,1.18,0.89,1.07,1.57,,0.00,0.04,47.31,35.72,42.79,62.63,18-Aug,19-Aug,20-Aug,21-Aug,22-Aug,23-Aug,24-Aug,18-Aug,19-Aug,20-Aug,21-Aug,22-Aug,23-Aug,24-Aug,1,5,1
Amravati,Akola,Buldhana,Buldhana,Buldhana,20021406,Padali & 5 Villages RRWSS,Palaskhed Nago,712,1,,0.00,0.09,0.43,0.00,0.00,0.00,,0.00,12.64,60.39,0.00,0.00,0.00,18-Aug,19-Aug,20-Aug,21-Aug,22-Aug,23-Aug,24-Aug,18-Aug,19-Aug,20-Aug,21-Aug,22-Aug,23-Aug,24-Aug,4,5,1
Amravati,Akola,Buldhana,Buldhana,Buldhana,20021406,Padali & 5 Villages RRWSS,Palaskhed Naik,1098,1,,0.00,0.00,0.00,0.00,0.00,0.00,,0.00,0.00,0.00,0.00,0.00,0.00,18-Aug,19-Aug,20-Aug,21-Aug,22-Aug,23-Aug,24-Aug,18-Aug,19-Aug,20-Aug,21-Aug,22-Aug,23-Aug,24-Aug,6,6,0
Amravati,Akola,Buldhana,Buldhana,Motala,20021409,Kurha & 2 Villages RRWSS,Gotmara,1309,1,,1.14,0.51,0.75,0.26,0.73,1.23,,87.06,39.08,56.92,19.98,55.82,94.10,18-Aug,19-Aug,20-Aug,21-Aug,22-Aug,23-Aug,24-Aug,18-Aug,19-Aug,20-Aug,21-Aug,22-Aug,23-Aug,24-Aug,0,2,4
Amravati,Akola,Buldhana,Buldhana,Motala,20021409,Kurha & 2 Villages RRWSS,Hanwatkhed,801,1,,0.00,0.00,0.00,0.00,0.00,0.00,,0.00,0.00,0.00,0.00,0.00,0.00,18-Aug,19-Aug,20-Aug,21-Aug,22-Aug,23-Aug,24-Aug,18-Aug,19-Aug,20-Aug,21-Aug,22-Aug,23-Aug,24-Aug,6,6,0
Amravati,Akola,Buldhana,Buldhana,Motala,20021409,Kurha & 2 Villages RRWSS,Kurha,2299,2,,1.32,0.94,1.27,1.75,1.92,1.27,,57.42,40.89,55.24,76.12,83.51,55.24,18-Aug,19-Aug,20-Aug,21-Aug,22-Aug,23-Aug,24-Aug,18-Aug,19-Aug,20-Aug,21-Aug,22-Aug,23-Aug,24-Aug,0,1,5
Amravati,Akola,Buldhana,Buldhana,Motala,20027978,Dhamangaon Deshmukh & 9 Villages RRWSS,Bhangi Tanda,398,1,,0.00,0.00,0.00,0.00,0.00,0.00,,0.00,0.00,0.00,0.00,0.00,0.00,18-Aug,19-Aug,20-Aug,21-Aug,22-Aug,23-Aug,24-Aug,18-Aug,19-Aug,20-Aug,21-Aug,22-Aug,23-Aug,24-Aug,6,6,0
Amravati,Akola,Buldhana,Buldhana,Motala,20027978,Dhamangaon Deshmukh & 9 Villages RRWSS,Bhangi Vasti,244,1,,0.00,0.00,0.00,0.00,0.00,0.00,,0.00,0.00,0.00,0.00,0.00,0.00,18-Aug,19-Aug,20-Aug,21-Aug,22-Aug,23-Aug,24-Aug,18-Aug,19-Aug,20-Aug,21-Aug,22-Aug,23-Aug,24-Aug,6,6,0
Amravati,Akola,Buldhana,Buldhana,Motala,20027978,Dhamangaon Deshmukh & 9 Villages RRWSS,Chinchkhed Nath,1366,2,,0.01,0.03,0.89,0.89,0.00,0.08,,0.62,2.02,64.87,64.88,0.33,5.96,18-Aug,19-Aug,20-Aug,21-Aug,22-Aug,23-Aug,24-Aug,18-Aug,19-Aug,20-Aug,21-Aug,22-Aug,23-Aug,24-Aug,0,4,2
Amravati,Akola,Buldhana,Buldhana,Motala,20027978,Dhamangaon Deshmukh & 9 Villages RRWSS,Dhamangaon Deshmukh,1452,1,,0.00,0.00,0.00,0.00,0.00,0.00,,0.00,0.00,0.00,0.00,0.00,0.00,18-Aug,19-Aug,20-Aug,21-Aug,22-Aug,23-Aug,24-Aug,18-Aug,19-Aug,20-Aug,21-Aug,22-Aug,23-Aug,24-Aug,6,6,0
Amravati,Akola,Buldhana,Buldhana,Motala,20027978,Dhamangaon Deshmukh & 9 Villages RRWSS,Giroli,1418,1,,0.00,0.00,0.00,0.00,0.75,0.58,,0.00,0.00,0.00,0.00,52.81,40.65,18-Aug,19-Aug,20-Aug,21-Aug,22-Aug,23-Aug,24-Aug,18-Aug,19-Aug,20-Aug,21-Aug,22-Aug,23-Aug,24-Aug,4,6,0
Amravati,Akola,Buldhana,Buldhana,Motala,20027978,Dhamangaon Deshmukh & 9 Villages RRWSS,Isalwadi,1075,1,,0.00,0.00,0.01,0.73,0.00,0.00,,0.00,0.00,1.22,67.79,0.00,0.00,18-Aug,19-Aug,20-Aug,21-Aug,22-Aug,23-Aug,24-Aug,18-Aug,19-Aug,20-Aug,21-Aug,22-Aug,23-Aug,24-Aug,4,5,1
Amravati,Akola,Buldhana,Buldhana,Motala,20027978,Dhamangaon Deshmukh & 9 Villages RRWSS,Nimkhedi,850,1,,0.00,0.00,0.00,0.00,0.00,0.00,,0.00,0.00,0.00,0.00,0.00,0.00,18-Aug,19-Aug,20-Aug,21-Aug,22-Aug,23-Aug,24-Aug,18-Aug,19-Aug,20-Aug,21-Aug,22-Aug,23-Aug,24-Aug,6,6,0
Amravati,Akola,Buldhana,Buldhana,Motala,20027978,Dhamangaon Deshmukh & 9 Villages RRWSS,Pimpalgaon Nath,1482,2,,0.00,0.00,0.00,0.00,0.00,0.00,,0.00,0.00,0.11,0.10,0.00,0.10,18-Aug,19-Aug,20-Aug,21-Aug,22-Aug,23-Aug,24-Aug,18-Aug,19-Aug,20-Aug,21-Aug,22-Aug,23-Aug,24-Aug,3,6,0
Amravati,Akola,Buldhana,Buldhana,Motala,20027978,Dhamangaon Deshmukh & 9 Villages RRWSS,Pimpalgaon Nath Tanda,891,2,,0.22,0.01,0.01,0.84,1.85,0.36,,24.69,0.57,0.64,93.86,207.51,40.72,18-Aug,19-Aug,20-Aug,21-Aug,22-Aug,23-Aug,24-Aug,18-Aug,19-Aug,20-Aug,21-Aug,22-Aug,23-Aug,24-Aug,0,4,2
Amravati,Akola,Buldhana,Buldhana,Motala,20027978,Dhamangaon Deshmukh & 9 Villages RRWSS,Ramgaon Tanda,475,2,,0.00,0.00,0.00,1.17,0.88,0.66,,0.00,0.00,0.00,246.32,185.26,138.95,18-Aug,19-Aug,20-Aug,21-Aug,22-Aug,23-Aug,24-Aug,18-Aug,19-Aug,20-Aug,21-Aug,22-Aug,23-Aug,24-Aug,3,3,3
Amravati,Akola,Buldhana,Buldhana,Motala,20028065,Pophali & 3 Villages RRWSS,Chawarda,1202,1,,0.00,0.00,0.00,14.92,1.55,1.02,,0.00,0.00,0.00,1241.26,128.95,84.86,18-Aug,19-Aug,20-Aug,21-Aug,22-Aug,23-Aug,24-Aug,18-Aug,19-Aug,20-Aug,21-Aug,22-Aug,23-Aug,24-Aug,3,3,3
Amravati,Akola,Buldhana,Buldhana,Motala,20028065,Pophali & 3 Villages RRWSS,Dhonkhed,970,2,,0.19,0.24,0.56,1.03,0.42,0.00,,19.59,24.74,57.73,106.19,43.30,0.00,18-Aug,19-Aug,20-Aug,21-Aug,22-Aug,23-Aug,24-Aug,18-Aug,19-Aug,20-Aug,21-Aug,22-Aug,23-Aug,24-Aug,1,4,2
Amravati,Akola,Buldhana,Buldhana,Motala,20028065,Pophali & 3 Villages RRWSS,Pophali,2833,2,,2.66,1.21,1.15,2.55,2.57,2.21,,93.88,42.77,40.42,90.16,90.82,78.00,18-Aug,19-Aug,20-Aug,21-Aug,22-Aug,23-Aug,24-Aug,18-Aug,19-Aug,20-Aug,21-Aug,22-Aug,23-Aug,24-Aug,0,2,4
Amravati,Akola,Buldhana,Buldhana,Motala,20028065,Pophali & 3 Villages RRWSS,Wadi,724,2,,0.06,0.00,0.24,0.06,0.07,0.00,,8.29,0.00,33.62,8.36,9.67,0.41,18-Aug,19-Aug,20-Aug,21-Aug,22-Aug,23-Aug,24-Aug,18-Aug,19-Aug,20-Aug,21-Aug,22-Aug,23-Aug,24-Aug,1,6,0
Amravati,Akola,Buldhana,Deulgaon Raja,Deulgaon Raja,20011134,Andhera & 9 Villages RRWSS,Dhotra Nandai,2187,3,0.05,0.04,0.11,0.06,0.17,0.17,0.08,2.50,1.83,4.84,2.79,7.81,7.84,3.69,18-Aug,19-Aug,20-Aug,21-Aug,22-Aug,23-Aug,24-Aug,18-Aug,19-Aug,20-Aug,21-Aug,22-Aug,23-Aug,24-Aug,0,7,0
Amravati,Akola,Buldhana,Deulgaon Raja,Deulgaon Raja,20011134,Andhera & 9 Villages RRWSS,Shivni Armal,2142,2,0.42,0.92,0.76,0.79,0.74,0.31,0.59,19.49,43.07,35.47,36.81,34.48,14.53,27.45,18-Aug,19-Aug,20-Aug,21-Aug,22-Aug,23-Aug,24-Aug,18-Aug,19-Aug,20-Aug,21-Aug,22-Aug,23-Aug,24-Aug,0,7,0
Amravati,Akola,Buldhana,Deulgaon Raja,Deulgaon Raja,20011134,Andhera & 9 Villages RRWSS,Waki Bk,1470,2,0.08,0.13,0.00,0.00,0.00,0.00,0.00,5.24,8.90,0.00,0.00,0.00,0.00,0.00,18-Aug,19-Aug,20-Aug,21-Aug,22-Aug,23-Aug,24-Aug,18-Aug,19-Aug,20-Aug,21-Aug,22-Aug,23-Aug,24-Aug,5,7,0
Amravati,Akola,Buldhana,Khamgaon,Khamgaon,20094753,Sambhapur & 4 Villages RRWSS,Sambhapur,950,2,0.42,0.00,0.00,0.09,0.14,0.53,0.01,44.02,0.00,0.00,9.37,14.31,55.37,1.20,18-Aug,19-Aug,20-Aug,21-Aug,22-Aug,23-Aug,24-Aug,18-Aug,19-Aug,20-Aug,21-Aug,22-Aug,23-Aug,24-Aug,2,6,1
Amravati,Akola,Buldhana,Khamgaon,Khamgaon,20094753,Sambhapur & 4 Villages RRWSS,Umara,1514,1,0.00,0.00,0.00,0.00,0.00,0.00,0.99,0.00,0.00,0.00,0.00,0.00,0.00,65.44,18-Aug,19-Aug,20-Aug,21-Aug,22-Aug,23-Aug,24-Aug,18-Aug,19-Aug,20-Aug,21-Aug,22-Aug,23-Aug,24-Aug,6,6,1
Amravati,Akola,Buldhana,Khamgaon,Nandura,20028083,Wadali & 8 Villages RRWSS,Barafgaon,480,2,,0.00,0.00,0.00,0.00,0.00,0.00,,0.00,0.00,0.00,0.00,0.00,0.00,18-Aug,19-Aug,20-Aug,21-Aug,22-Aug,23-Aug,24-Aug,18-Aug,19-Aug,20-Aug,21-Aug,22-Aug,23-Aug,24-Aug,6,6,0
Amravati,Akola,Buldhana,Khamgaon,Nandura,20028083,Wadali & 8 Villages RRWSS,Khatkhed,581,1,,0.00,0.00,0.00,0.00,0.00,0.00,,0.00,0.00,0.00,0.00,0.00,0.00,18-Aug,19-Aug,20-Aug,21-Aug,22-Aug,23-Aug,24-Aug,18-Aug,19-Aug,20-Aug,21-Aug,22-Aug,23-Aug,24-Aug,6,6,0
Amravati,Akola,Buldhana,Khamgaon,Nandura,20028083,Wadali & 8 Villages RRWSS,Muramba,596,2,0.00,0.00,0.00,0.00,0.00,0.00,0.00,0.00,0.00,0.00,0.00,0.00,0.00,0.00,18-Aug,19-Aug,20-Aug,21-Aug,22-Aug,23-Aug,24-Aug,18-Aug,19-Aug,20-Aug,21-Aug,22-Aug,23-Aug,24-Aug,7,7,0
Amravati,Akola,Buldhana,Khamgaon,Nandura,20028083,Wadali & 8 Villages RRWSS,Pimpalkuta Dhande,912,2,0.00,0.00,0.00,0.00,0.00,0.00,0.00,0.27,0.00,0.00,0.35,0.29,0.00,0.00,18-Aug,19-Aug,20-Aug,21-Aug,22-Aug,23-Aug,24-Aug,18-Aug,19-Aug,20-Aug,21-Aug,22-Aug,23-Aug,24-Aug,4,7,0
Amravati,Akola,Buldhana,Khamgaon,Nandura,20028083,Wadali & 8 Villages RRWSS,Wadali,1192,2,,0.00,0.00,0.00,0.00,0.00,0.00,,0.00,0.00,0.00,0.00,0.00,0.00,18-Aug,19-Aug,20-Aug,21-Aug,22-Aug,23-Aug,24-Aug,18-Aug,19-Aug,20-Aug,21-Aug,22-Aug,23-Aug,24-Aug,6,6,0
Amravati,Akola,Buldhana,Khamgaon,Nandura,20028083,Wadali & 8 Villages RRWSS,Wasadi,792,2,0.00,0.00,0.00,0.00,0.00,0.00,0.00,0.00,0.00,0.00,0.00,0.00,0.00,0.00,18-Aug,19-Aug,20-Aug,21-Aug,22-Aug,23-Aug,24-Aug,18-Aug,19-Aug,20-Aug,21-Aug,22-Aug,23-Aug,24-Aug,7,7,0
Amravati,Akola,Buldhana,Khamgaon,Nandura,4104783,Hingne Gavhad & 13 Villages RRWSS,Alampur,4257,2,0.00,0.00,0.00,0.00,0.00,0.00,0.00,0.00,0.00,0.00,0.00,0.00,0.00,0.03,18-Aug,19-Aug,20-Aug,21-Aug,22-Aug,23-Aug,24-Aug,18-Aug,19-Aug,20-Aug,21-Aug,22-Aug,23-Aug,24-Aug,6,7,0
Amravati,Akola,Buldhana,Khamgaon,Nandura,4104783,Hingne Gavhad & 13 Villages RRWSS,Belad,1060,1,0.00,0.00,0.00,0.00,0.00,0.00,0.00,0.00,0.00,0.00,0.00,0.00,0.00,0.00,18-Aug,19-Aug,20-Aug,21-Aug,22-Aug,23-Aug,24-Aug,18-Aug,19-Aug,20-Aug,21-Aug,22-Aug,23-Aug,24-Aug,7,7,0
Amravati,Akola,Buldhana,Khamgaon,Nandura,4104783,Hingne Gavhad & 13 Villages RRWSS,Dhadi,737,1,0.21,0.09,0.00,0.15,0.00,0.52,0.00,28.11,12.74,0.00,20.40,0.06,70.79,0.00,18-Aug,19-Aug,20-Aug,21-Aug,22-Aug,23-Aug,24-Aug,18-Aug,19-Aug,20-Aug,21-Aug,22-Aug,23-Aug,24-Aug,2,6,1
Amravati,Akola,Buldhana,Khamgaon,Nandura,4104783,Hingne Gavhad & 13 Villages RRWSS,Hingne Gawad,2139,1,,0.00,0.00,0.61,0.01,0.78,0.00,,0.00,0.00,28.66,0.64,36.26,0.00,18-Aug,19-Aug,20-Aug,21-Aug,22-Aug,23-Aug,24-Aug,18-Aug,19-Aug,20-Aug,21-Aug,22-Aug,23-Aug,24-Aug,3,6,0
Amravati,Akola,Buldhana,Khamgaon,Nandura,4104783,Hingne Gavhad & 13 Villages RRWSS,Isarkhed,1022,2,0.00,0.00,0.00,0.00,0.00,0.00,0.00,0.01,0.01,0.00,0.01,0.04,0.00,0.07,18-Aug,19-Aug,20-Aug,21-Aug,22-Aug,23-Aug,24-Aug,18-Aug,19-Aug,20-Aug,21-Aug,22-Aug,23-Aug,24-Aug,2,7,0
Amravati,Akola,Buldhana,Khamgaon,Nandura,4104783,Hingne Gavhad & 13 Villages RRWSS,Kharkundi,473,1,0.37,0.00,0.00,0.00,0.00,0.31,0.03,78.08,0.00,0.00,0.00,0.00,65.41,6.93,18-Aug,19-Aug,20-Aug,21-Aug,22-Aug,23-Aug,24-Aug,18-Aug,19-Aug,20-Aug,21-Aug,22-Aug,23-Aug,24-Aug,4,5,2
Amravati,Akola,Buldhana,Khamgaon,Nandura,4104783,Hingne Gavhad & 13 Villages RRWSS,Khedgaon,1379,2,0.00,0.00,0.00,0.37,0.00,0.00,0.57,0.00,0.00,0.00,26.53,0.00,0.00,41.22,18-Aug,19-Aug,20-Aug,21-Aug,22-Aug,23-Aug,24-Aug,18-Aug,19-Aug,20-Aug,21-Aug,22-Aug,23-Aug,24-Aug,5,7,0
Amravati,Akola,Buldhana,Khamgaon,Nandura,4104783,Hingne Gavhad & 13 Villages RRWSS,Kodarkhed,298,3,1.58,0.00,0.00,0.00,1.52,0.67,2.03,530.83,0.00,0.00,0.00,509.58,223.53,681.52,18-Aug,19-Aug,20-Aug,21-Aug,22-Aug,23-Aug,24-Aug,18-Aug,19-Aug,20-Aug,21-Aug,22-Aug,23-Aug,24-Aug,3,3,4
Amravati,Akola,Buldhana,Khamgaon,Nandura,4104783,Hingne Gavhad & 13 Villages RRWSS,Mamulwadi,1889,2,0.56,0.00,0.00,0.00,0.00,0.26,0.36,29.51,0.00,0.00,0.00,0.00,13.61,19.25,18-Aug,19-Aug,20-Aug,21-Aug,22-Aug,23-Aug,24-Aug,18-Aug,19-Aug,20-Aug,21-Aug,22-Aug,23-Aug,24-Aug,4,7,0
Amravati,Akola,Buldhana,Khamgaon,Nandura,4104783,Hingne Gavhad & 13 Villages RRWSS,Mominabad,2356,1,1.06,0.01,1.31,0.32,1.26,0.07,0.97,45.07,0.55,55.71,13.50,53.60,2.81,41.24,18-Aug,19-Aug,20-Aug,21-Aug,22-Aug,23-Aug,24-Aug,18-Aug,19-Aug,20-Aug,21-Aug,22-Aug,23-Aug,24-Aug,0,6,1
Amravati,Akola,Buldhana,Khamgaon,Nandura,4104783,Hingne Gavhad & 13 Villages RRWSS,Palsoda,3112,2,0.63,0.00,0.00,0.00,0.00,0.00,0.00,20.30,0.00,0.00,0.00,0.00,0.00,0.00,18-Aug,19-Aug,20-Aug,21-Aug,22-Aug,23-Aug,24-Aug,18-Aug,19-Aug,20-Aug,21-Aug,22-Aug,23-Aug,24-Aug,6,7,0
Amravati,Akola,Buldhana,Khamgaon,Nandura,4104783,Hingne Gavhad & 13 Villages RRWSS,Patonda,2076,2,0.69,0.00,0.00,0.00,0.00,0.00,1.02,33.23,0.00,0.00,0.00,0.00,0.00,48.91,18-Aug,19-Aug,20-Aug,21-Aug,22-Aug,23-Aug,24-Aug,18-Aug,19-Aug,20-Aug,21-Aug,22-Aug,23-Aug,24-Aug,5,7,0
Amravati,Akola,Buldhana,Khamgaon,Nandura,4104783,Hingne Gavhad & 13 Villages RRWSS,Sawargaon Chahu,803,2,0.16,0.00,0.00,0.00,0.17,0.18,0.11,20.18,0.00,0.00,0.00,21.73,22.52,14.16,18-Aug,19-Aug,20-Aug,21-Aug,22-Aug,23-Aug,24-Aug,18-Aug,19-Aug,20-Aug,21-Aug,22-Aug,23-Aug,24-Aug,3,7,0
Amravati,Akola,Buldhana,Khamgaon,Nandura,4104783,Hingne Gavhad & 13 Villages RRWSS,Takli,3128,2,1.36,0.00,0.00,0.82,0.65,0.49,1.20,43.63,0.00,0.00,26.29,20.86,15.58,38.24,18-Aug,19-Aug,20-Aug,21-Aug,22-Aug,23-Aug,24-Aug,18-Aug,19-Aug,20-Aug,21-Aug,22-Aug,23-Aug,24-Aug,2,7,0
Amravati,Akola,Buldhana,Khamgaon,Shegaon,20094779,30 Villages RRWS Tal Shegaon(C39-ZP),Alsana,3026,3,2.44,2.01,1.37,3.70,1.67,1.95,1.48,80.65,66.29,45.19,122.23,55.09,64.31,49.05,18-Aug,19-Aug,20-Aug,21-Aug,22-Aug,23-Aug,24-Aug,18-Aug,19-Aug,20-Aug,21-Aug,22-Aug,23-Aug,24-Aug,0,2,5
Amravati,Akola,Buldhana,Khamgaon,Shegaon,20094779,30 Villages RRWS Tal Shegaon(C39-ZP),Padsul,915,2,0.46,0.80,0.69,0.59,0.67,0.67,0.40,50.44,87.86,75.80,64.74,72.96,73.43,43.71,18-Aug,19-Aug,20-Aug,21-Aug,22-Aug,23-Aug,24-Aug,18-Aug,19-Aug,20-Aug,21-Aug,22-Aug,23-Aug,24-Aug,0,2,5
Amravati,Akola,Buldhana,Khamgaon,Shegaon,20094779,30 Villages RRWS Tal Shegaon(C39-ZP),Sangwa,624,1,0.55,0.34,0.14,0.51,0.47,0.09,0.54,88.12,54.93,22.64,81.26,74.85,15.09,86.70,18-Aug,19-Aug,20-Aug,21-Aug,22-Aug,23-Aug,24-Aug,18-Aug,19-Aug,20-Aug,21-Aug,22-Aug,23-Aug,24-Aug,0,3,4
Amravati,Akola,Buldhana,Khamgaon,Shegaon,20094779,30 Villages RRWS Tal Shegaon(C39-ZP),Zadegaon,1321,2,1.36,1.23,1.14,2.24,1.66,0.97,1.39,102.80,93.17,86.02,169.77,125.57,73.78,105.35,18-Aug,19-Aug,20-Aug,21-Aug,22-Aug,23-Aug,24-Aug,18-Aug,19-Aug,20-Aug,21-Aug,22-Aug,23-Aug,24-Aug,0,0,7
Amravati,Amravati,Amravati W.M,Daryapur,Anjangaon,20005043,156 Villages Strengthening scheme of 144 villages RR,Telkheda,220,1,0.00,329640.92,93997.00,0.00,265951.16,1135.31,80393.90,0.00,149836782.67,42725907.99,0.00,120886891.40,516051.40,36542680.22,18-Aug,19-Aug,20-Aug,21-Aug,22-Aug,23-Aug,24-Aug,18-Aug,19-Aug,20-Aug,21-Aug,22-Aug,23-Aug,24-Aug,2,2,5
Amravati,Amravati,Amravati W.M,Daryapur,Anjangaon,20005043,156 Villages Strengthening scheme of 144 villages RR,Yerandgaon,712,1,532.93,672.08,627.44,910.32,770.07,815.40,668.10,74850.20,94393.26,88123.60,127853.93,108155.90,114522.47,93834.27,18-Aug,19-Aug,20-Aug,21-Aug,22-Aug,23-Aug,24-Aug,18-Aug,19-Aug,20-Aug,21-Aug,22-Aug,23-Aug,24-Aug,0,0,7
Amravati,Amravati,Amravati W.M,Daryapur,Daryapur,20005043,156 Villages Strengthening scheme of 144 villages RR,Ghodchandi,743,1,719.64,152.20,764.35,205.90,657.87,924.22,461.69,96856.14,20484.52,102873.49,27711.98,88542.40,124390.31,62138.63,18-Aug,19-Aug,20-Aug,21-Aug,22-Aug,23-Aug,24-Aug,18-Aug,19-Aug,20-Aug,21-Aug,22-Aug,23-Aug,24-Aug,0,0,7
Amravati,Amravati,Amravati W.M,Daryapur,Daryapur,20005043,156 Villages Strengthening scheme of 144 villages RR,Katkheda,408,1,4404.67,68.82,290.56,7272.74,332.59,283.27,2094.16,1079576.70,16866.48,71215.83,1782533.14,81517.90,69427.84,513274.07,18-Aug,19-Aug,20-Aug,21-Aug,22-Aug,23-Aug,24-Aug,18-Aug,19-Aug,20-Aug,21-Aug,22-Aug,23-Aug,24-Aug,0,0,7
Amravati,Amravati,Amravati W.M,Daryapur,Daryapur,20005043,156 Villages Strengthening scheme of 144 villages RR,Pimplod,4197,2,,5.00,7.49,6.67,4.22,5.71,7.02,,119.10,178.40,158.87,100.66,136.05,167.33,18-Aug,19-Aug,20-Aug,21-Aug,22-Aug,23-Aug,24-Aug,18-Aug,19-Aug,20-Aug,21-Aug,22-Aug,23-Aug,24-Aug,0,0,6
Amravati,Amravati,Amravati W.M,Daryapur,Daryapur,20005043,156 Villages Strengthening scheme of 144 villages RR,Rajkhed,564,1,0.23,0.22,0.00,0.35,0.00,0.28,0.00,41.42,39.01,0.00,62.06,0.00,49.65,0.00,18-Aug,19-Aug,20-Aug,21-Aug,22-Aug,23-Aug,24-Aug,18-Aug,19-Aug,20-Aug,21-Aug,22-Aug,23-Aug,24-Aug,3,6,1
Amravati,Amravati,Amravati W.M,Daryapur,Daryapur,20005043,156 Villages Strengthening scheme of 144 villages RR,Sasan Ramapur,1781,1,19567.51,18662.14,19912.47,15862.46,19260.51,16570.05,19382.03,1098681.12,1047846.04,1118050.07,890648.91,1081443.67,930378.72,1088266.90,18-Aug,19-Aug,20-Aug,21-Aug,22-Aug,23-Aug,24-Aug,18-Aug,19-Aug,20-Aug,21-Aug,22-Aug,23-Aug,24-Aug,0,0,7
Amravati,Amravati,Amravati W.M,W.M.Amravati - 2,Achalpur,20003791,105 Villages RRWSS,Virshi,1231,1,,1.02,0.00,1.59,1.88,1.84,0.56,,82.86,0.00,129.16,152.40,149.47,45.49,18-Aug,19-Aug,20-Aug,21-Aug,22-Aug,23-Aug,24-Aug,18-Aug,19-Aug,20-Aug,21-Aug,22-Aug,23-Aug,24-Aug,1,2,4
Amravati,Amravati,Amravati W.M,W.M.Amravati - 2,Achalpur,20003791,105 Villages RRWSS,Waigaon,1824,2,,0.00,0.00,0.00,0.00,0.00,0.00,,0.00,0.00,0.00,0.00,0.00,0.00,18-Aug,19-Aug,20-Aug,21-Aug,22-Aug,23-Aug,24-Aug,18-Aug,19-Aug,20-Aug,21-Aug,22-Aug,23-Aug,24-Aug,6,6,0
Amravati,Amravati,Amravati W.M,W.M.Amravati - 2,Achalpur,20003791,105 Villages RRWSS,Waki,872,2,,0.00,0.00,0.20,0.23,0.00,0.12,,0.00,0.00,22.94,26.38,0.00,13.76,18-Aug,19-Aug,20-Aug,21-Aug,22-Aug,23-Aug,24-Aug,18-Aug,19-Aug,20-Aug,21-Aug,22-Aug,23-Aug,24-Aug,3,6,0
Amravati,Amravati,Amravati W.M,W.M.Amravati - 2,Achalpur,20003791,105 Villages RRWSS,Wandli,494,1,,4.44,0.00,5.36,5.50,4.48,4.12,,898.79,0.00,1085.02,1113.36,906.88,834.01,18-Aug,19-Aug,20-Aug,21-Aug,22-Aug,23-Aug,24-Aug,18-Aug,19-Aug,20-Aug,21-Aug,22-Aug,23-Aug,24-Aug,1,1,5
Amravati,Amravati,Amravati W.M,W.M.Amravati - 2,Achalpur,20003791,105 Villages RRWSS,Wathoda,2563,2,,0.01,1.70,2.81,3.46,0.00,0.89,,0.39,66.33,109.64,135.00,0.00,34.72,18-Aug,19-Aug,20-Aug,21-Aug,22-Aug,23-Aug,24-Aug,18-Aug,19-Aug,20-Aug,21-Aug,22-Aug,23-Aug,24-Aug,1,3,3
Amravati,Amravati,Amravati W.M,W.M.Amravati - 2,Achalpur,20003791,105 Villages RRWSS,Yelki,1086,2,,0.00,0.00,0.00,0.00,0.00,0.00,,0.00,0.00,0.00,0.00,0.00,0.00,18-Aug,19-Aug,20-Aug,21-Aug,22-Aug,23-Aug,24-Aug,18-Aug,19-Aug,20-Aug,21-Aug,22-Aug,23-Aug,24-Aug,6,6,0
Amravati,Amravati,Amravati W.M,W.M.Amravati - 2,Achalpur,20003791,105 Villages RRWSS,Zanji,175,2,,1.28,1.11,1.51,1.31,1.41,1.29,,731.43,634.29,862.86,748.57,805.71,737.14,18-Aug,19-Aug,20-Aug,21-Aug,22-Aug,23-Aug,24-Aug,18-Aug,19-Aug,20-Aug,21-Aug,22-Aug,23-Aug,24-Aug,0,0,6
Amravati,Amravati,Amravati W.M,W.M.Amravati - 2,Amravati,20003791,105 Villages RRWSS,Chinchkheda,1185,1,,0.63,0.69,1.19,0.62,0.82,0.77,,53.16,58.23,100.42,52.32,69.20,64.98,18-Aug,19-Aug,20-Aug,21-Aug,22-Aug,23-Aug,24-Aug,18-Aug,19-Aug,20-Aug,21-Aug,22-Aug,23-Aug,24-Aug,0,2,4
Amravati,Amravati,Amravati W.M,W.M.Amravati - 2,Amravati,20003791,105 Villages RRWSS,Rama,891,2,,14.39,15.80,17.84,16.06,16.61,16.49,,1615.04,1773.29,2002.24,1802.47,1864.20,1850.73,18-Aug,19-Aug,20-Aug,21-Aug,22-Aug,23-Aug,24-Aug,18-Aug,19-Aug,20-Aug,21-Aug,22-Aug,23-Aug,24-Aug,0,0,6
Amravati,Amravati,Amravati W.M,W.M.Amravati - 2,Amravati,20003791,105 Villages RRWSS,Saur,3880,1,,1.20,1.10,1.44,1.24,1.73,1.25,,30.93,28.35,37.11,31.96,44.59,32.22,18-Aug,19-Aug,20-Aug,21-Aug,22-Aug,23-Aug,24-Aug,18-Aug,19-Aug,20-Aug,21-Aug,22-Aug,23-Aug,24-Aug,0,6,0
Amravati,Amravati,Amravati W.M,W.M.Amravati - 2,Amravati,20003791,105 Villages RRWSS,Sayat,2238,4,,0.00,1.23,1.56,1.41,0.82,0.00,,0.00,54.96,69.71,63.00,36.64,0.00,18-Aug,19-Aug,20-Aug,21-Aug,22-Aug,23-Aug,24-Aug,18-Aug,19-Aug,20-Aug,21-Aug,22-Aug,23-Aug,24-Aug,2,4,2
Amravati,Amravati,Amravati W.M,W.M.Amravati - 2,Amravati,20003791,105 Villages RRWSS,Selora,1555,1,,0.80,0.89,0.95,0.95,1.22,0.89,,51.45,57.23,61.09,61.09,78.46,57.23,18-Aug,19-Aug,20-Aug,21-Aug,22-Aug,23-Aug,24-Aug,18-Aug,19-Aug,20-Aug,21-Aug,22-Aug,23-Aug,24-Aug,0,1,5
Amravati,Amravati,Amravati W.M,W.M.Amravati - 2,Amravati,20003791,105 Villages RRWSS,Shirajgaon,1491,5,,7.22,7.42,7.00,8.14,8.99,7.73,,484.24,497.65,469.48,545.94,602.95,518.44,18-Aug,19-Aug,20-Aug,21-Aug,22-Aug,23-Aug,24-Aug,18-Aug,19-Aug,20-Aug,21-Aug,22-Aug,23-Aug,24-Aug,0,0,6
Amravati,Amravati,Amravati W.M,W.M.Amravati - 2,Amravati,20003791,105 Villages RRWSS,Shirala,10390,4,,4.86,4.60,4.41,5.25,4.55,5.38,,46.78,44.27,42.44,50.53,43.79,51.78,18-Aug,19-Aug,20-Aug,21-Aug,22-Aug,23-Aug,24-Aug,18-Aug,19-Aug,20-Aug,21-Aug,22-Aug,23-Aug,24-Aug,0,6,0
Amravati,Amravati,Amravati W.M,W.M.Amravati - 2,Amravati,20003791,105 Villages RRWSS,Takarkheda,1961,1,,0.00,0.00,0.00,0.00,0.00,0.00,,0.00,0.00,0.00,0.00,0.00,0.00,18-Aug,19-Aug,20-Aug,21-Aug,22-Aug,23-Aug,24-Aug,18-Aug,19-Aug,20-Aug,21-Aug,22-Aug,23-Aug,24-Aug,6,6,0
Amravati,Amravati,Amravati W.M,W.M.Amravati - 2,Amravati,20003791,105 Villages RRWSS,Talwel,4024,3,,3.03,3.82,3.97,3.44,4.10,3.56,,75.30,94.86,98.66,85.49,101.89,88.47,18-Aug,19-Aug,20-Aug,21-Aug,22-Aug,23-Aug,24-Aug,18-Aug,19-Aug,20-Aug,21-Aug,22-Aug,23-Aug,24-Aug,0,0,6
Amravati,Amravati,Amravati W.M,W.M.Amravati - 2,Amravati,20003791,105 Villages RRWSS,Tarkheda,3773,2,,3.65,3.25,3.89,3.67,3.53,3.38,,96.74,86.14,103.10,97.27,93.56,89.58,18-Aug,19-Aug,20-Aug,21-Aug,22-Aug,23-Aug,24-Aug,18-Aug,19-Aug,20-Aug,21-Aug,22-Aug,23-Aug,24-Aug,0,0,6
Amravati,Amravati,Amravati W.M,W.M.Amravati - 2,Bhatkuli,20003791,105 Villages RRWSS,Anakwadi,649,1,,0.00,0.48,0.00,0.00,0.33,0.00,,0.00,73.96,0.00,0.00,50.85,0.00,18-Aug,19-Aug,20-Aug,21-Aug,22-Aug,23-Aug,24-Aug,18-Aug,19-Aug,20-Aug,21-Aug,22-Aug,23-Aug,24-Aug,4,5,1
Amravati,Amravati,Amravati W.M,W.M.Amravati - 2,Bhatkuli,20003791,105 Villages RRWSS,Asegaon,4180,4,,1.11,1.11,1.11,1.11,1.11,1.11,,26.56,26.56,26.56,26.56,26.56,26.56,18-Aug,19-Aug,20-Aug,21-Aug,22-Aug,23-Aug,24-Aug,18-Aug,19-Aug,20-Aug,21-Aug,22-Aug,23-Aug,24-Aug,0,6,0
Amravati,Amravati,Amravati W.M,W.M.Amravati - 2,Bhatkuli,20003791,105 Villages RRWSS,Ashti,3472,4,,1.50,2.67,1.91,1.53,2.69,1.96,,43.20,76.90,55.01,44.07,77.48,56.45,18-Aug,19-Aug,20-Aug,21-Aug,22-Aug,23-Aug,24-Aug,18-Aug,19-Aug,20-Aug,21-Aug,22-Aug,23-Aug,24-Aug,0,2,4
Amravati,Amravati,Amravati W.M,W.M.Amravati - 2,Bhatkuli,20003791,105 Villages RRWSS,Bhalsi,519,1,,0.53,0.51,0.43,0.59,0.46,0.65,,102.12,98.27,82.85,113.68,88.63,125.24,18-Aug,19-Aug,20-Aug,21-Aug,22-Aug,23-Aug,24-Aug,18-Aug,19-Aug,20-Aug,21-Aug,22-Aug,23-Aug,24-Aug,0,0,6
Amravati,Amravati,Amravati W.M,W.M.Amravati - 2,Bhatkuli,20003791,105 Villages RRWSS,Bhatkuli NP,1310,2,,7.37,7.91,7.32,7.60,7.63,7.46,,562.60,603.82,558.78,580.15,582.44,569.47,18-Aug,19-Aug,20-Aug,21-Aug,22-Aug,23-Aug,24-Aug,18-Aug,19-Aug,20-Aug,21-Aug,22-Aug,23-Aug,24-Aug,0,0,6
Amravati,Amravati,Amravati W.M,W.M.Amravati - 2,Bhatkuli,20003791,105 Villages RRWSS,Chakur,418,1,,0.00,0.00,0.00,0.00,0.00,0.00,,0.00,0.00,0.00,0.00,0.00,0.00,18-Aug,19-Aug,20-Aug,21-Aug,22-Aug,23-Aug,24-Aug,18-Aug,19-Aug,20-Aug,21-Aug,22-Aug,23-Aug,24-Aug,6,6,0
Amravati,Amravati,Amravati W.M,W.M.Amravati - 2,Bhatkuli,20003791,105 Villages RRWSS,Chimnapur E.,62,1,,0.00,0.18,0.00,0.00,0.16,0.00,,0.00,290.32,0.00,0.00,258.06,0.00,18-Aug,19-Aug,20-Aug,21-Aug,22-Aug,23-Aug,24-Aug,18-Aug,19-Aug,20-Aug,21-Aug,22-Aug,23-Aug,24-Aug,4,4,2
Amravati,Amravati,Amravati W.M,W.M.Amravati - 2,Bhatkuli,20003791,105 Villages RRWSS,Chincholi,1637,2,,0.00,0.00,0.00,0.00,0.00,0.00,,0.00,0.00,0.00,0.00,0.00,0.00,18-Aug,19-Aug,20-Aug,21-Aug,22-Aug,23-Aug,24-Aug,18-Aug,19-Aug,20-Aug,21-Aug,22-Aug,23-Aug,24-Aug,6,6,0
Amravati,Amravati,Amravati W.M,W.M.Amravati - 2,Bhatkuli,20003791,105 Villages RRWSS,Dautpur -Kanfodi,353,1,,0.69,0.94,1.00,0.53,0.49,0.77,,195.47,266.29,283.29,150.14,138.81,218.13,18-Aug,19-Aug,20-Aug,21-Aug,22-Aug,23-Aug,24-Aug,18-Aug,19-Aug,20-Aug,21-Aug,22-Aug,23-Aug,24-Aug,0,0,6
Amravati,Amravati,Amravati W.M,W.M.Amravati - 2,Bhatkuli,20003791,105 Villages RRWSS,Deori,757,2,,1.45,1.16,1.35,2.27,1.93,1.92,,191.55,153.24,178.34,299.87,254.95,253.63,18-Aug,19-Aug,20-Aug,21-Aug,22-Aug,23-Aug,24-Aug,18-Aug,19-Aug,20-Aug,21-Aug,22-Aug,23-Aug,24-Aug,0,0,6
Amravati,Amravati,Amravati W.M,W.M.Amravati - 2,Bhatkuli,20003791,105 Villages RRWSS,Dhamori,737,3,,39.03,39.32,39.62,33.78,41.37,39.92,,5296.40,5334.60,5376.14,4583.99,5613.21,5416.69,18-Aug,19-Aug,20-Aug,21-Aug,22-Aug,23-Aug,24-Aug,18-Aug,19-Aug,20-Aug,21-Aug,22-Aug,23-Aug,24-Aug,0,0,6
Amravati,Amravati,Amravati W.M,W.M.Amravati - 2,Bhatkuli,20003791,105 Villages RRWSS,Dhangarkheda,326,1,,0.23,0.37,0.35,0.47,0.57,0.00,,70.55,113.50,107.36,144.17,174.85,0.00,18-Aug,19-Aug,20-Aug,21-Aug,22-Aug,23-Aug,24-Aug,18-Aug,19-Aug,20-Aug,21-Aug,22-Aug,23-Aug,24-Aug,1,1,5
Amravati,Amravati,Amravati W.M,W.M.Amravati - 2,Bhatkuli,20003791,105 Villages RRWSS,Gajanan Township,0,2,,5.06,4.55,5.28,4.59,5.53,4.63,,0.00,0.00,0.00,0.00,0.00,0.00,18-Aug,19-Aug,20-Aug,21-Aug,22-Aug,23-Aug,24-Aug,18-Aug,19-Aug,20-Aug,21-Aug,22-Aug,23-Aug,24-Aug,6,6,0
Amravati,Amravati,Amravati W.M,W.M.Amravati - 2,Bhatkuli,20003791,105 Villages RRWSS,Hatkhed,1221,2,,0.63,0.70,1.28,0.64,0.66,0.49,,51.60,57.33,104.83,52.42,54.05,40.13,18-Aug,19-Aug,20-Aug,21-Aug,22-Aug,23-Aug,24-Aug,18-Aug,19-Aug,20-Aug,21-Aug,22-Aug,23-Aug,24-Aug,0,4,2
Amravati,Amravati,Amravati W.M,W.M.Amravati - 2,Bhatkuli,20003791,105 Villages RRWSS,Hiwara,689,1,,8.10,11.00,8.95,11.45,8.17,11.43,,1175.62,1596.52,1298.98,1661.83,1185.78,1658.93,18-Aug,19-Aug,20-Aug,21-Aug,22-Aug,23-Aug,24-Aug,18-Aug,19-Aug,20-Aug,21-Aug,22-Aug,23-Aug,24-Aug,0,0,6
Amravati,Amravati,Amravati W.M,W.M.Amravati - 2,Bhatkuli,20003791,105 Villages RRWSS,Jalaka,1577,1,,0.59,0.64,0.82,0.73,0.65,0.87,,37.41,40.58,52.00,46.29,41.22,55.17,18-Aug,19-Aug,20-Aug,21-Aug,22-Aug,23-Aug,24-Aug,18-Aug,19-Aug,20-Aug,21-Aug,22-Aug,23-Aug,24-Aug,0,5,1
Amravati,Amravati,Amravati W.M,W.M.Amravati - 2,Bhatkuli,20003791,105 Villages RRWSS,Khanapur,681,2,,0.19,0.41,0.24,0.43,0.21,0.41,,27.90,60.21,35.24,63.14,30.84,60.21,18-Aug,19-Aug,20-Aug,21-Aug,22-Aug,23-Aug,24-Aug,18-Aug,19-Aug,20-Aug,21-Aug,22-Aug,23-Aug,24-Aug,0,3,3
Amravati,Amravati,Amravati W.M,W.M.Amravati - 2,Bhatkuli,20003791,105 Villages RRWSS,Kharala,2392,3,,5.07,9.96,9.99,9.61,10.13,9.95,,211.96,416.39,417.64,401.76,423.49,415.97,18-Aug,19-Aug,20-Aug,21-Aug,22-Aug,23-Aug,24-Aug,18-Aug,19-Aug,20-Aug,21-Aug,22-Aug,23-Aug,24-Aug,0,0,6
Amravati,Amravati,Amravati W.M,W.M.Amravati - 2,Bhatkuli,20003791,105 Villages RRWSS,Kharwadi,1634,1,,1.28,0.55,0.62,1.12,1.71,1.13,,78.34,33.66,37.94,68.54,104.65,69.16,18-Aug,19-Aug,20-Aug,21-Aug,22-Aug,23-Aug,24-Aug,18-Aug,19-Aug,20-Aug,21-Aug,22-Aug,23-Aug,24-Aug,0,2,4
Amravati,Amravati,Amravati W.M,W.M.Amravati - 2,Bhatkuli,20003791,105 Villages RRWSS,Khumagad,608,1,,0.00,0.83,0.00,0.78,0.00,0.71,,0.00,136.51,0.00,128.29,0.00,116.78,18-Aug,19-Aug,20-Aug,21-Aug,22-Aug,23-Aug,24-Aug,18-Aug,19-Aug,20-Aug,21-Aug,22-Aug,23-Aug,24-Aug,3,3,3
Amravati,Amravati,Amravati W.M,W.M.Amravati - 2,Bhatkuli,20003791,105 Villages RRWSS,Koltek,,1,,0.00,0.00,0.00,1.08,0.00,0.00,,0.00,0.00,0.00,0.00,0.00,0.00,18-Aug,19-Aug,20-Aug,21-Aug,22-Aug,23-Aug,24-Aug,18-Aug,19-Aug,20-Aug,21-Aug,22-Aug,23-Aug,24-Aug,6,6,0
Amravati,Amravati,Amravati W.M,W.M.Amravati - 2,Chandur Bazar,20003791,105 Villages RRWSS,Krishnapur,1029,1,,1.51,1.66,1.82,1.35,1.49,1.78,,146.74,161.32,176.87,131.20,144.80,172.98,18-Aug,19-Aug,20-Aug,21-Aug,22-Aug,23-Aug,24-Aug,18-Aug,19-Aug,20-Aug,21-Aug,22-Aug,23-Aug,24-Aug,0,0,6
Amravati,Amravati,Amravati W.M,W.M.Amravati - 2,Chandur Bazar,20003791,105 Villages RRWSS,Lasanapur,0,1,,1.63,1.58,1.70,1.71,1.53,1.66,,0.00,0.00,0.00,0.00,0.00,0.00,18-Aug,19-Aug,20-Aug,21-Aug,22-Aug,23-Aug,24-Aug,18-Aug,19-Aug,20-Aug,21-Aug,22-Aug,23-Aug,24-Aug,6,6,0
Amravati,Amravati,Amravati W.M,W.M.Amravati - 2,Chandur Bazar,20003791,105 Villages RRWSS,Madhalapur,500,1,,0.88,1.05,0.72,1.06,0.64,1.12,,176.00,210.00,144.00,212.00,128.00,224.00,18-Aug,19-Aug,20-Aug,21-Aug,22-Aug,23-Aug,24-Aug,18-Aug,19-Aug,20-Aug,21-Aug,22-Aug,23-Aug,24-Aug,0,0,6
Amravati,Amravati,Amravati W.M,W.M.Amravati - 2,Chandur Bazar,20003791,105 Villages RRWSS,Makrampur,112,1,,2.22,0.00,0.00,2.54,0.00,0.00,,1982.14,0.00,0.00,2267.86,0.00,0.00,18-Aug,19-Aug,20-Aug,21-Aug,22-Aug,23-Aug,24-Aug,18-Aug,19-Aug,20-Aug,21-Aug,22-Aug,23-Aug,24-Aug,4,4,2
Amravati,Amravati,Amravati W.M,W.M.Amravati - 2,Chandur Bazar,20003791,105 Villages RRWSS,Mhaispur,794,1,,0.56,0.68,0.62,0.59,0.60,0.59,,70.53,85.64,78.09,74.31,75.57,74.31,18-Aug,19-Aug,20-Aug,21-Aug,22-Aug,23-Aug,24-Aug,18-Aug,19-Aug,20-Aug,21-Aug,22-Aug,23-Aug,24-Aug,0,0,6
Amravati,Amravati,Amravati W.M,W.M.Amravati - 2,Chandur Bazar,20003791,105 Villages RRWSS,Nandura Bk.,2311,2,,0.50,0.00,0.58,0.00,0.59,0.00,,21.64,0.00,25.10,0.00,25.53,0.00,18-Aug,19-Aug,20-Aug,21-Aug,22-Aug,23-Aug,24-Aug,18-Aug,19-Aug,20-Aug,21-Aug,22-Aug,23-Aug,24-Aug,3,6,0
Amravati,Amravati,Amravati W.M,W.M.Amravati - 2,Chandur Bazar,20003791,105 Villages RRWSS,Nanori,1237,1,26.09,21.63,33.11,23.58,33.61,19.18,0.00,2109.53,1748.91,2676.81,1906.22,2716.73,1550.90,0.00,18-Aug,19-Aug,20-Aug,21-Aug,22-Aug,23-Aug,24-Aug,18-Aug,19-Aug,20-Aug,21-Aug,22-Aug,23-Aug,24-Aug,1,1,6
Amravati,Amravati,Amravati W.M,W.M.Amravati - 2,Chandur Bazar,20003791,105 Villages RRWSS,Naya Akola,3201,3,,0.00,0.00,0.00,0.00,0.00,0.00,,0.00,0.00,0.00,0.00,0.00,0.00,18-Aug,19-Aug,20-Aug,21-Aug,22-Aug,23-Aug,24-Aug,18-Aug,19-Aug,20-Aug,21-Aug,22-Aug,23-Aug,24-Aug,6,6,0
Amravati,Amravati,Amravati W.M,W.M.Amravati - 2,Chandur Bazar,20003791,105 Villages RRWSS,Nirul,1528,4,,1.55,1.58,1.63,1.53,1.61,1.55,,101.44,103.40,106.68,100.13,105.37,101.44,18-Aug,19-Aug,20-Aug,21-Aug,22-Aug,23-Aug,24-Aug,18-Aug,19-Aug,20-Aug,21-Aug,22-Aug,23-Aug,24-Aug,0,0,6
Amravati,Amravati,Amravati W.M,W.M.Amravati - 2,Chandur Bazar,20003791,105 Villages RRWSS,Pohara,517,1,,0.59,0.15,1.04,0.00,1.15,0.00,,114.12,29.01,201.16,0.00,222.44,0.00,18-Aug,19-Aug,20-Aug,21-Aug,22-Aug,23-Aug,24-Aug,18-Aug,19-Aug,20-Aug,21-Aug,22-Aug,23-Aug,24-Aug,2,3,3
Amravati,Amravati,Amravati W.M,W.M.Amravati - 2,Chandur Bazar,20003791,105 Villages RRWSS,Pusda,5512,3,,0.80,0.66,0.86,0.92,0.88,0.76,,14.51,11.97,15.60,16.69,15.97,13.79,18-Aug,19-Aug,20-Aug,21-Aug,22-Aug,23-Aug,24-Aug,18-Aug,19-Aug,20-Aug,21-Aug,22-Aug,23-Aug,24-Aug,0,6,0
Amravati,Amravati,Amravati,Achalpur,Achalpur,20029998,Shahanur & 9 Villages RRWS,Gond Wagholi,1393,2,,0.00,0.00,0.00,0.00,2.60,1.52,,0.00,0.00,0.00,0.00,186.67,109.12,18-Aug,19-Aug,20-Aug,21-Aug,22-Aug,23-Aug,24-Aug,18-Aug,19-Aug,20-Aug,21-Aug,22-Aug,23-Aug,24-Aug,4,4,2
Amravati,Amravati,Amravati,Achalpur,Achalpur,20029998,Shahanur & 9 Villages RRWS,Januna,1827,2,,2.27,0.00,1.42,2.23,3.48,2.18,,123.99,0.00,77.80,122.06,190.63,119.08,18-Aug,19-Aug,20-Aug,21-Aug,22-Aug,23-Aug,24-Aug,18-Aug,19-Aug,20-Aug,21-Aug,22-Aug,23-Aug,24-Aug,1,1,5
Amravati,Amravati,Amravati,Achalpur,Achalpur,20029998,Shahanur & 9 Villages RRWS,Kasampur,1311,2,,0.00,0.00,0.00,0.00,0.00,0.00,,0.00,0.00,0.00,0.00,0.00,0.00,18-Aug,19-Aug,20-Aug,21-Aug,22-Aug,23-Aug,24-Aug,18-Aug,19-Aug,20-Aug,21-Aug,22-Aug,23-Aug,24-Aug,6,6,0
Amravati,Amravati,Amravati,Achalpur,Achalpur,20029998,Shahanur & 9 Villages RRWS,Kumbhi Wagholi,507,1,,0.00,0.00,0.00,0.00,0.00,0.00,,0.00,0.00,0.00,0.00,0.00,0.00,18-Aug,19-Aug,20-Aug,21-Aug,22-Aug,23-Aug,24-Aug,18-Aug,19-Aug,20-Aug,21-Aug,22-Aug,23-Aug,24-Aug,6,6,0
Amravati,Amravati,Amravati,Achalpur,Achalpur,20029998,Shahanur & 9 Villages RRWS,Pardi,302,1,,0.00,0.00,0.00,0.00,0.00,0.00,,0.00,0.00,0.00,0.00,0.00,0.00,18-Aug,19-Aug,20-Aug,21-Aug,22-Aug,23-Aug,24-Aug,18-Aug,19-Aug,20-Aug,21-Aug,22-Aug,23-Aug,24-Aug,6,6,0
Amravati,Amravati,Amravati,Achalpur,Achalpur,20029998,Shahanur & 9 Villages RRWS,Waghdoh,783,2,,0.10,0.10,1.55,0.96,1.14,0.86,,13.02,12.51,198.44,123.15,145.05,109.46,18-Aug,19-Aug,20-Aug,21-Aug,22-Aug,23-Aug,24-Aug,18-Aug,19-Aug,20-Aug,21-Aug,22-Aug,23-Aug,24-Aug,0,2,4
Amravati,Amravati,Amravati,Achalpur,Achalpur,20029998,Shahanur & 9 Villages RRWS,Walmikpur,557,1,,0.00,0.00,0.00,0.00,0.00,0.00,,0.00,0.00,0.00,0.00,0.00,0.00,18-Aug,19-Aug,20-Aug,21-Aug,22-Aug,23-Aug,24-Aug,18-Aug,19-Aug,20-Aug,21-Aug,22-Aug,23-Aug,24-Aug,6,6,0
Amravati,Amravati,Amravati,Achalpur,Achalpur,7945938,83 Village RRWS Scheme MJP RR (C 39),Aregaon,158,1,0.00,0.00,0.00,0.00,0.00,0.00,0.00,0.00,0.00,0.00,0.00,0.00,0.00,0.00,18-Aug,19-Aug,20-Aug,21-Aug,22-Aug,23-Aug,24-Aug,18-Aug,19-Aug,20-Aug,21-Aug,22-Aug,23-Aug,24-Aug,7,7,0
Amravati,Amravati,Amravati,Achalpur,Achalpur,7945938,83 Village RRWS Scheme MJP RR (C 39),Belaj,369,2,,0.00,0.00,0.00,0.20,0.00,0.10,,0.00,0.00,0.00,54.20,0.00,27.10,18-Aug,19-Aug,20-Aug,21-Aug,22-Aug,23-Aug,24-Aug,18-Aug,19-Aug,20-Aug,21-Aug,22-Aug,23-Aug,24-Aug,4,6,0
Amravati,Amravati,Amravati,Achalpur,Achalpur,7945938,83 Village RRWS Scheme MJP RR (C 39),Bordi,335,1,14.22,12.75,13.60,12.42,15.69,13.91,13.35,4243.55,3805.97,4059.70,3707.46,4683.58,4152.24,3985.07,18-Aug,19-Aug,20-Aug,21-Aug,22-Aug,23-Aug,24-Aug,18-Aug,19-Aug,20-Aug,21-Aug,22-Aug,23-Aug,24-Aug,0,0,7
Amravati,Amravati,Amravati,Achalpur,Achalpur,7945938,83 Village RRWS Scheme MJP RR (C 39),Borgaon Dori,263,1,,0.10,0.85,0.29,0.64,0.33,0.76,,38.02,323.19,110.27,243.35,125.48,288.97,18-Aug,19-Aug,20-Aug,21-Aug,22-Aug,23-Aug,24-Aug,18-Aug,19-Aug,20-Aug,21-Aug,22-Aug,23-Aug,24-Aug,0,1,5
Amravati,Amravati,Amravati,Achalpur,Achalpur,7945938,83 Village RRWS Scheme MJP RR (C 39),Borgaon Talani,102,1,,0.00,0.00,0.00,0.00,0.00,0.00,,0.00,0.00,0.00,0.00,0.00,0.00,18-Aug,19-Aug,20-Aug,21-Aug,22-Aug,23-Aug,24-Aug,18-Aug,19-Aug,20-Aug,21-Aug,22-Aug,23-Aug,24-Aug,6,6,0
Amravati,Amravati,Amravati,Achalpur,Achalpur,7945938,83 Village RRWS Scheme MJP RR (C 39),Chachondi,36,1,0.00,0.00,0.00,0.00,0.00,0.00,0.00,0.00,0.00,0.00,0.00,0.00,0.00,0.00,18-Aug,19-Aug,20-Aug,21-Aug,22-Aug,23-Aug,24-Aug,18-Aug,19-Aug,20-Aug,21-Aug,22-Aug,23-Aug,24-Aug,7,7,0
Amravati,Amravati,Amravati,Achalpur,Achalpur,7945938,83 Village RRWS Scheme MJP RR (C 39),Chamak Kh,254,1,7.26,9.00,8.73,9.25,10.21,9.75,9.98,2856.83,3543.31,3437.01,3641.73,4019.69,3838.58,3929.13,18-Aug,19-Aug,20-Aug,21-Aug,22-Aug,23-Aug,24-Aug,18-Aug,19-Aug,20-Aug,21-Aug,22-Aug,23-Aug,24-Aug,0,0,7
Amravati,Amravati,Amravati,Achalpur,Achalpur,7945938,83 Village RRWS Scheme MJP RR (C 39),Dewari,107,1,0.00,0.00,0.00,0.00,0.00,0.00,0.00,0.00,0.00,0.00,0.00,0.00,0.00,0.00,18-Aug,19-Aug,20-Aug,21-Aug,22-Aug,23-Aug,24-Aug,18-Aug,19-Aug,20-Aug,21-Aug,22-Aug,23-Aug,24-Aug,7,7,0
Amravati,Amravati,Amravati,Achalpur,Achalpur,7945938,83 Village RRWS Scheme MJP RR (C 39),Dhanora,149,1,0.00,0.00,0.00,0.00,0.00,0.00,0.00,0.00,0.00,0.00,0.00,0.00,0.00,0.00,18-Aug,19-Aug,20-Aug,21-Aug,22-Aug,23-Aug,24-Aug,18-Aug,19-Aug,20-Aug,21-Aug,22-Aug,23-Aug,24-Aug,7,7,0
Amravati,Amravati,Amravati,Achalpur,Achalpur,7945938,83 Village RRWS Scheme MJP RR (C 39),Dhotarkheda,802,2,0.00,0.00,0.00,0.00,0.00,0.00,0.00,0.00,0.00,0.00,0.00,0.00,0.00,0.00,18-Aug,19-Aug,20-Aug,21-Aug,22-Aug,23-Aug,24-Aug,18-Aug,19-Aug,20-Aug,21-Aug,22-Aug,23-Aug,24-Aug,7,7,0
Amravati,Amravati,Amravati,Achalpur,Achalpur,7945938,83 Village RRWS Scheme MJP RR (C 39),Eklaspur,486,3,2.78,2.93,3.71,3.61,2.88,2.34,3.04,572.65,602.88,763.37,742.80,592.59,481.48,625.51,18-Aug,19-Aug,20-Aug,21-Aug,22-Aug,23-Aug,24-Aug,18-Aug,19-Aug,20-Aug,21-Aug,22-Aug,23-Aug,24-Aug,0,0,7
Amravati,Amravati,Amravati,Achalpur,Achalpur,7945938,83 Village RRWS Scheme MJP RR (C 39),Jawardi,221,1,0.00,0.32,2.05,2.40,2.18,2.05,2.88,0.00,144.80,927.60,1087.48,986.43,927.60,1304.00,18-Aug,19-Aug,20-Aug,21-Aug,22-Aug,23-Aug,24-Aug,18-Aug,19-Aug,20-Aug,21-Aug,22-Aug,23-Aug,24-Aug,1,1,6
Amravati,Amravati,Amravati,Achalpur,Achalpur,7945938,83 Village RRWS Scheme MJP RR (C 39),Kakda,1104,2,,2.27,0.00,0.00,0.00,0.00,2.61,,205.62,0.00,0.00,0.00,0.00,236.41,18-Aug,19-Aug,20-Aug,21-Aug,22-Aug,23-Aug,24-Aug,18-Aug,19-Aug,20-Aug,21-Aug,22-Aug,23-Aug,24-Aug,4,4,2
Amravati,Amravati,Amravati,Achalpur,Achalpur,7945938,83 Village RRWS Scheme MJP RR (C 39),Kolha,419,2,,0.00,0.00,0.00,0.00,0.00,0.00,,0.00,0.00,0.00,0.00,0.00,0.00,18-Aug,19-Aug,20-Aug,21-Aug,22-Aug,23-Aug,24-Aug,18-Aug,19-Aug,20-Aug,21-Aug,22-Aug,23-Aug,24-Aug,6,6,0
Amravati,Amravati,Amravati,Achalpur,Achalpur,7945938,83 Village RRWS Scheme MJP RR (C 39),Kushta kd,225,1,0.00,0.00,23.77,9.56,10.17,8.38,8.63,0.00,0.00,10564.44,4250.67,4518.00,3722.44,3834.74,18-Aug,19-Aug,20-Aug,21-Aug,22-Aug,23-Aug,24-Aug,18-Aug,19-Aug,20-Aug,21-Aug,22-Aug,23-Aug,24-Aug,2,2,5
Amravati,Amravati,Amravati,Achalpur,Achalpur,7945938,83 Village RRWS Scheme MJP RR (C 39),Shekapur,64,1,0.00,0.00,0.00,0.00,0.00,0.00,0.00,0.00,0.00,0.00,0.00,0.00,0.00,0.00,18-Aug,19-Aug,20-Aug,21-Aug,22-Aug,23-Aug,24-Aug,18-Aug,19-Aug,20-Aug,21-Aug,22-Aug,23-Aug,24-Aug,7,7,0
Amravati,Amravati,Amravati,Achalpur,Achalpur,7945938,83 Village RRWS Scheme MJP RR (C 39),Tawalar,675,3,,0.81,0.43,0.50,0.82,0.99,0.78,,120.00,63.70,74.07,121.48,146.67,115.56,18-Aug,19-Aug,20-Aug,21-Aug,22-Aug,23-Aug,24-Aug,18-Aug,19-Aug,20-Aug,21-Aug,22-Aug,23-Aug,24-Aug,0,0,6
Amravati,Amravati,Amravati,Achalpur,Achalpur,7945938,83 Village RRWS Scheme MJP RR (C 39),Thokbarda,101,1,,0.75,0.00,0.00,0.84,0.00,0.83,,742.57,0.00,0.00,831.68,0.00,821.78,18-Aug,19-Aug,20-Aug,21-Aug,22-Aug,23-Aug,24-Aug,18-Aug,19-Aug,20-Aug,21-Aug,22-Aug,23-Aug,24-Aug,3,3,3
Amravati,Amravati,Amravati,Achalpur,Achalpur,7945938,83 Village RRWS Scheme MJP RR (C 39),Tondgaon,560,3,,1.96,0.00,1.86,0.00,1.99,0.00,,350.00,0.00,332.14,0.00,355.36,0.00,18-Aug,19-Aug,20-Aug,21-Aug,22-Aug,23-Aug,24-Aug,18-Aug,19-Aug,20-Aug,21-Aug,22-Aug,23-Aug,24-Aug,3,3,3
Amravati,Amravati,Amravati,Achalpur,Achalpur,7945938,83 Village RRWS Scheme MJP RR (C 39),Tuljapur jahagir,96,1,0.00,3.10,0.00,0.00,0.09,0.11,0.00,0.00,3229.17,0.00,0.00,93.75,114.58,0.00,18-Aug,19-Aug,20-Aug,21-Aug,22-Aug,23-Aug,24-Aug,18-Aug,19-Aug,20-Aug,21-Aug,22-Aug,23-Aug,24-Aug,4,4,3
Amravati,Amravati,Amravati,Achalpur,Achalpur,7945938,83 Village RRWS Scheme MJP RR (C 39),Wadgaon Fattepur,855,3,,1.96,2.14,2.62,2.51,2.32,2.46,,229.24,250.29,306.43,293.57,271.35,287.72,18-Aug,19-Aug,20-Aug,21-Aug,22-Aug,23-Aug,24-Aug,18-Aug,19-Aug,20-Aug,21-Aug,22-Aug,23-Aug,24-Aug,0,0,6
Amravati,Amravati,Amravati,Achalpur,Chandur Bazar,7945938,83 Village RRWS Scheme MJP RR (C 39),Ambada Kandari,276,1,,1.61,1.56,1.66,1.76,1.64,1.73,,583.33,565.22,601.45,637.68,594.20,626.81,18-Aug,19-Aug,20-Aug,21-Aug,22-Aug,23-Aug,24-Aug,18-Aug,19-Aug,20-Aug,21-Aug,22-Aug,23-Aug,24-Aug,0,0,6
Amravati,Amravati,Amravati,Achalpur,Chandur Bazar,7945938,83 Village RRWS Scheme MJP RR (C 39),Deomali,1500,2,,7.88,7.55,6.40,6.37,5.63,6.66,,525.33,503.33,426.67,424.67,375.33,444.00,18-Aug,19-Aug,20-Aug,21-Aug,22-Aug,23-Aug,24-Aug,18-Aug,19-Aug,20-Aug,21-Aug,22-Aug,23-Aug,24-Aug,0,0,6
Amravati,Amravati,Amravati,Achalpur,Chandur Bazar,7945938,83 Village RRWS Scheme MJP RR (C 39),Deurwada,912,3,,2.93,2.67,3.19,3.08,3.12,2.56,,321.27,292.76,349.78,337.72,342.11,280.70,18-Aug,19-Aug,20-Aug,21-Aug,22-Aug,23-Aug,24-Aug,18-Aug,19-Aug,20-Aug,21-Aug,22-Aug,23-Aug,24-Aug,0,0,6
Amravati,Amravati,Amravati,Achalpur,Chandur Bazar,7945938,83 Village RRWS Scheme MJP RR (C 39),Gourkheda,504,4,,5.92,9.88,10.07,1.24,3.96,2.02,,1175.47,1961.30,1997.15,245.62,786.66,401.58,18-Aug,19-Aug,20-Aug,21-Aug,22-Aug,23-Aug,24-Aug,18-Aug,19-Aug,20-Aug,21-Aug,22-Aug,23-Aug,24-Aug,0,0,6
Amravati,Amravati,Amravati,Achalpur,Chandur Bazar,7945938,83 Village RRWS Scheme MJP RR (C 39),Govindpur,330,1,,0.62,0.68,0.51,0.55,0.54,0.63,,187.88,206.06,154.55,166.67,163.64,190.91,18-Aug,19-Aug,20-Aug,21-Aug,22-Aug,23-Aug,24-Aug,18-Aug,19-Aug,20-Aug,21-Aug,22-Aug,23-Aug,24-Aug,0,0,6
Amravati,Amravati,Amravati,Achalpur,Chandur Bazar,7945938,83 Village RRWS Scheme MJP RR (C 39),Kajali,363,1,,0.99,1.11,1.70,0.67,1.06,1.32,,272.73,305.79,468.32,184.57,292.01,363.64,18-Aug,19-Aug,20-Aug,21-Aug,22-Aug,23-Aug,24-Aug,18-Aug,19-Aug,20-Aug,21-Aug,22-Aug,23-Aug,24-Aug,0,0,6
Amravati,Amravati,Amravati,Achalpur,Chandur Bazar,7945938,83 Village RRWS Scheme MJP RR (C 39),Kandali,3538,4,,19.66,8.74,13.21,8.49,13.31,8.39,,555.58,247.08,373.24,240.06,376.31,237.07,18-Aug,19-Aug,20-Aug,21-Aug,22-Aug,23-Aug,24-Aug,18-Aug,19-Aug,20-Aug,21-Aug,22-Aug,23-Aug,24-Aug,0,0,6
Amravati,Amravati,Amravati,Achalpur,Chandur Bazar,7945938,83 Village RRWS Scheme MJP RR (C 39),Karajgaon (Mahal),1443,2,,0.00,0.00,0.00,0.00,0.00,0.00,,0.00,0.00,0.00,0.00,0.00,0.00,18-Aug,19-Aug,20-Aug,21-Aug,22-Aug,23-Aug,24-Aug,18-Aug,19-Aug,20-Aug,21-Aug,22-Aug,23-Aug,24-Aug,6,6,0
Amravati,Amravati,Amravati,Achalpur,Chandur Bazar,7945938,83 Village RRWS Scheme MJP RR (C 39),Kavitha Bk.,1129,2,,1.77,0.32,3.37,0.31,1.86,1.73,,156.78,28.34,298.49,27.46,164.75,153.23,18-Aug,19-Aug,20-Aug,21-Aug,22-Aug,23-Aug,24-Aug,18-Aug,19-Aug,20-Aug,21-Aug,22-Aug,23-Aug,24-Aug,0,2,4
Amravati,Amravati,Amravati,Achalpur,Chandur Bazar,7945938,83 Village RRWS Scheme MJP RR (C 39),Kharpi,591,1,,4.44,5.08,4.98,5.74,4.82,5.08,,751.27,859.56,842.64,971.24,815.57,859.56,18-Aug,19-Aug,20-Aug,21-Aug,22-Aug,23-Aug,24-Aug,18-Aug,19-Aug,20-Aug,21-Aug,22-Aug,23-Aug,24-Aug,0,0,6
Amravati,Amravati,Amravati,Achalpur,Chandur Bazar,7945938,83 Village RRWS Scheme MJP RR (C 39),Khel Choudhar,1350,1,,4.87,6.67,6.18,7.23,5.95,7.52,,360.57,494.25,457.90,535.54,440.99,557.32,18-Aug,19-Aug,20-Aug,21-Aug,22-Aug,23-Aug,24-Aug,18-Aug,19-Aug,20-Aug,21-Aug,22-Aug,23-Aug,24-Aug,0,0,6
Amravati,Amravati,Amravati,Achalpur,Chandur Bazar,7945938,83 Village RRWS Scheme MJP RR (C 39),Khel Sakharam (Kurha),119,1,,6.62,14.04,0.04,1.70,3.25,23.54,,5563.03,11797.48,33.61,1428.57,2731.09,19783.47,18-Aug,19-Aug,20-Aug,21-Aug,22-Aug,23-Aug,24-Aug,18-Aug,19-Aug,20-Aug,21-Aug,22-Aug,23-Aug,24-Aug,0,1,5
Amravati,Amravati,Amravati,Achalpur,Chandur Bazar,7945938,83 Village RRWS Scheme MJP RR (C 39),Kondwardha,235,1,,0.66,1.18,1.11,1.01,1.26,1.10,,280.85,502.13,472.34,429.79,536.17,468.09,18-Aug,19-Aug,20-Aug,21-Aug,22-Aug,23-Aug,24-Aug,18-Aug,19-Aug,20-Aug,21-Aug,22-Aug,23-Aug,24-Aug,0,0,6
Amravati,Amravati,Amravati,Achalpur,Chandur Bazar,7945938,83 Village RRWS Scheme MJP RR (C 39),Kumbhi,612,2,,1.23,1.11,1.21,0.39,1.25,0.00,,200.98,180.62,197.71,63.73,204.25,0.00,18-Aug,19-Aug,20-Aug,21-Aug,22-Aug,23-Aug,24-Aug,18-Aug,19-Aug,20-Aug,21-Aug,22-Aug,23-Aug,24-Aug,1,1,5
Amravati,Amravati,Amravati,Achalpur,Chandur Bazar,7945938,83 Village RRWS Scheme MJP RR (C 39),Narayanpur,183,1,,0.03,0.12,0.17,0.00,0.01,0.13,,16.39,65.57,92.90,0.00,5.46,71.04,18-Aug,19-Aug,20-Aug,21-Aug,22-Aug,23-Aug,24-Aug,18-Aug,19-Aug,20-Aug,21-Aug,22-Aug,23-Aug,24-Aug,1,3,3
Amravati,Amravati,Amravati,Achalpur,Chandur Bazar,7945938,83 Village RRWS Scheme MJP RR (C 39),Pimpari Thugaon,405,1,,15.91,19.41,17.10,22.38,21.05,24.75,,3928.40,4792.59,4222.22,5525.93,5197.53,6111.11,18-Aug,19-Aug,20-Aug,21-Aug,22-Aug,23-Aug,24-Aug,18-Aug,19-Aug,20-Aug,21-Aug,22-Aug,23-Aug,24-Aug,0,0,6
Amravati,Amravati,Amravati,Achalpur,Chandur Bazar,7945938,83 Village RRWS Scheme MJP RR (C 39),Shirajgaon kasba,4069,4,,5.11,7.01,5.08,10.26,4.94,10.54,,125.66,172.36,124.95,252.14,121.30,258.94,18-Aug,19-Aug,20-Aug,21-Aug,22-Aug,23-Aug,24-Aug,18-Aug,19-Aug,20-Aug,21-Aug,22-Aug,23-Aug,24-Aug,0,0,6
Amravati,Amravati,Amravati,Amravati - 2,Chandur Rly,20030227,Chirodi & 4 Villages RRWS,Chirodi,2434,3,0.20,0.33,0.28,0.42,0.42,0.38,0.00,8.14,13.60,11.57,17.12,17.32,15.44,0.10,18-Aug,19-Aug,20-Aug,21-Aug,22-Aug,23-Aug,24-Aug,18-Aug,19-Aug,20-Aug,21-Aug,22-Aug,23-Aug,24-Aug,0,7,0
Amravati,Amravati,Amravati,Amravati - 2,Chandur Rly,20030227,Chirodi & 4 Villages RRWS,Karala,3161,3,7740.94,65.78,7927.98,4833.69,23393.50,15366.58,2561.37,244889.00,2080.99,250806.07,152916.48,740066.39,486130.34,81030.37,18-Aug,19-Aug,20-Aug,21-Aug,22-Aug,23-Aug,24-Aug,18-Aug,19-Aug,20-Aug,21-Aug,22-Aug,23-Aug,24-Aug,0,0,7
Amravati,Amravati,Amravati,Amravati - 2,Chandur Rly,20030227,Chirodi & 4 Villages RRWS,Pathargaon,879,2,1.41,1.98,0.00,1.61,0.00,1.84,0.00,160.87,224.94,0.00,183.67,0.00,208.81,0.00,18-Aug,19-Aug,20-Aug,21-Aug,22-Aug,23-Aug,24-Aug,18-Aug,19-Aug,20-Aug,21-Aug,22-Aug,23-Aug,24-Aug,3,3,4
Amravati,Amravati,Amravati,Amravati - 2,Chandur Rly,20030227,Chirodi & 4 Villages RRWS,Sawangi Magrapur,1385,2,1.14,0.00,0.00,0.00,2.20,0.00,1.59,82.34,0.00,0.00,0.05,159.19,0.03,114.99,18-Aug,19-Aug,20-Aug,21-Aug,22-Aug,23-Aug,24-Aug,18-Aug,19-Aug,20-Aug,21-Aug,22-Aug,23-Aug,24-Aug,2,4,3
Amravati,Amravati,Amravati,Amravati - 2,Nandgaon Khandeshwar,20030120,Papal & 5 Villages RRWS,Lohgaon,,2,0.00,1.25,0.31,0.92,0.75,0.52,0.98,0.00,0.00,0.00,0.00,0.00,0.00,0.00,18-Aug,19-Aug,20-Aug,21-Aug,22-Aug,23-Aug,24-Aug,18-Aug,19-Aug,20-Aug,21-Aug,22-Aug,23-Aug,24-Aug,7,7,0
Amravati,Amravati,Amravati,Amravati - 2,Nandgaon Khandeshwar,20030120,Papal & 5 Villages RRWS,Papal,3628,2,0.00,0.00,0.00,0.00,0.00,0.00,0.00,0.00,0.00,0.00,0.00,0.00,0.00,0.00,18-Aug,19-Aug,20-Aug,21-Aug,22-Aug,23-Aug,24-Aug,18-Aug,19-Aug,20-Aug,21-Aug,22-Aug,23-Aug,24-Aug,7,7,0
Amravati,Amravati,Amravati,Amravati - 2,Nandgaon Khandeshwar,20030120,Papal & 5 Villages RRWS,Tighora,433,1,0.00,0.00,0.00,0.00,0.00,0.00,0.00,0.00,0.00,0.00,0.00,0.00,0.00,0.00,18-Aug,19-Aug,20-Aug,21-Aug,22-Aug,23-Aug,24-Aug,18-Aug,19-Aug,20-Aug,21-Aug,22-Aug,23-Aug,24-Aug,7,7,0
Amravati,Amravati,Amravati,Amravati - 2,Nandgaon Khandeshwar,20030263,Dhanora Gurav & 8 Villages RRWS,Dhanora Gurav,1796,2,0.00,0.00,0.00,0.00,0.00,0.00,0.00,0.00,0.00,0.00,0.00,0.00,0.00,0.00,18-Aug,19-Aug,20-Aug,21-Aug,22-Aug,23-Aug,24-Aug,18-Aug,19-Aug,20-Aug,21-Aug,22-Aug,23-Aug,24-Aug,7,7,0
Amravati,Amravati,Amravati,Amravati - 2,Nandgaon Khandeshwar,20030263,Dhanora Gurav & 8 Villages RRWS,Dharmapur,809,1,,0.00,0.00,0.00,0.00,0.00,0.00,,0.56,0.00,0.29,0.12,0.12,0.11,18-Aug,19-Aug,20-Aug,21-Aug,22-Aug,23-Aug,24-Aug,18-Aug,19-Aug,20-Aug,21-Aug,22-Aug,23-Aug,24-Aug,1,6,0
Amravati,Amravati,Amravati,Amravati - 2,Nandgaon Khandeshwar,20030263,Dhanora Gurav & 8 Villages RRWS,Hiwra Murada,1089,2,0.86,0.83,0.21,1.64,1.19,0.62,0.71,78.66,75.87,19.62,150.54,109.26,57.05,65.15,18-Aug,19-Aug,20-Aug,21-Aug,22-Aug,23-Aug,24-Aug,18-Aug,19-Aug,20-Aug,21-Aug,22-Aug,23-Aug,24-Aug,0,1,6
Amravati,Amravati,Amravati,Amravati - 2,Nandgaon Khandeshwar,20030263,Dhanora Gurav & 8 Villages RRWS,Khandala,816,1,,0.00,0.00,0.18,0.12,0.00,0.00,,0.00,0.00,21.91,14.46,0.00,0.00,18-Aug,19-Aug,20-Aug,21-Aug,22-Aug,23-Aug,24-Aug,18-Aug,19-Aug,20-Aug,21-Aug,22-Aug,23-Aug,24-Aug,4,6,0
Amravati,Amravati,Amravati,Amravati - 2,Nandgaon Khandeshwar,20030263,Dhanora Gurav & 8 Villages RRWS,Palas Mandal,1353,2,0.00,0.00,0.00,0.00,0.00,0.00,0.00,0.00,0.00,0.00,0.00,0.00,0.00,0.00,18-Aug,19-Aug,20-Aug,21-Aug,22-Aug,23-Aug,24-Aug,18-Aug,19-Aug,20-Aug,21-Aug,22-Aug,23-Aug,24-Aug,7,7,0
Amravati,Amravati,Amravati,Amravati - 2,Nandgaon Khandeshwar,20030263,Dhanora Gurav & 8 Villages RRWS,Pimpri Gawanda,536,1,0.00,0.00,0.00,0.00,0.00,0.00,0.00,0.00,0.00,0.00,0.00,0.00,0.00,0.00,18-Aug,19-Aug,20-Aug,21-Aug,22-Aug,23-Aug,24-Aug,18-Aug,19-Aug,20-Aug,21-Aug,22-Aug,23-Aug,24-Aug,7,7,0
Amravati,Amravati,Amravati,Amravati - 2,Nandgaon Khandeshwar,20030263,Dhanora Gurav & 8 Villages RRWS,Pusner,441,1,0.00,0.00,0.00,0.00,0.00,0.00,0.00,0.00,0.00,0.00,0.00,0.00,0.00,0.00,18-Aug,19-Aug,20-Aug,21-Aug,22-Aug,23-Aug,24-Aug,18-Aug,19-Aug,20-Aug,21-Aug,22-Aug,23-Aug,24-Aug,7,7,0
Amravati,Amravati,Amravati,Amravati - 2,Nandgaon Khandeshwar,20030263,Dhanora Gurav & 8 Villages RRWS,Wadala,446,1,,0.73,0.77,1.28,0.70,0.41,1.21,,163.61,172.47,287.36,155.98,91.70,271.58,18-Aug,19-Aug,20-Aug,21-Aug,22-Aug,23-Aug,24-Aug,18-Aug,19-Aug,20-Aug,21-Aug,22-Aug,23-Aug,24-Aug,0,0,6
Amravati,Amravati,Amravati,Amravati - 2,Nandgaon Khandeshwar,20030287,Takli & 4 Villages RRWS,Bopnemtaba,849,1,,0.00,0.36,0.16,0.00,0.31,0.62,,0.00,42.40,18.85,0.00,36.51,73.03,18-Aug,19-Aug,20-Aug,21-Aug,22-Aug,23-Aug,24-Aug,18-Aug,19-Aug,20-Aug,21-Aug,22-Aug,23-Aug,24-Aug,2,5,1
Amravati,Amravati,Amravati,Amravati - 2,Nandgaon Khandeshwar,20030287,Takli & 4 Villages RRWS,Dahigaon,,1,,25.35,19.78,27.54,20.75,23.15,23.58,,0.00,0.00,0.00,0.00,0.00,0.00,18-Aug,19-Aug,20-Aug,21-Aug,22-Aug,23-Aug,24-Aug,18-Aug,19-Aug,20-Aug,21-Aug,22-Aug,23-Aug,24-Aug,6,6,0
Amravati,Amravati,Amravati,Amravati - 2,Nandgaon Khandeshwar,20030287,Takli & 4 Villages RRWS,Ful Aamla,1771,2,,0.00,0.00,0.00,0.00,0.00,0.00,,0.00,0.00,0.00,0.00,0.00,0.00,18-Aug,19-Aug,20-Aug,21-Aug,22-Aug,23-Aug,24-Aug,18-Aug,19-Aug,20-Aug,21-Aug,22-Aug,23-Aug,24-Aug,6,6,0
Amravati,Amravati,Amravati,Amravati - 2,Nandgaon Khandeshwar,20030287,Takli & 4 Villages RRWS,Hiwara Kh.,1671,2,,197.92,173.70,188.96,174.05,193.66,202.78,,11844.40,10394.97,11308.20,10415.92,11589.47,12135.25,18-Aug,19-Aug,20-Aug,21-Aug,22-Aug,23-Aug,24-Aug,18-Aug,19-Aug,20-Aug,21-Aug,22-Aug,23-Aug,24-Aug,0,0,6
Amravati,Amravati,Amravati,Amravati - 2,Nandgaon Khandeshwar,20030287,Takli & 4 Villages RRWS,Takali,2522,2,,1.05,0.00,0.78,1.03,0.64,0.01,,41.71,0.13,31.06,40.91,25.20,0.24,18-Aug,19-Aug,20-Aug,21-Aug,22-Aug,23-Aug,24-Aug,18-Aug,19-Aug,20-Aug,21-Aug,22-Aug,23-Aug,24-Aug,0,6,0
Amravati,Amravati,Yavatmal,Pusad,Pusad,20028563,"Malpathar 28 Villages, (Reju.)",Aadgaon,2510,2,,0.00,0.00,0.00,0.00,0.00,0.00,,0.00,0.00,0.00,0.00,0.00,0.00,18-Aug,19-Aug,20-Aug,21-Aug,22-Aug,23-Aug,24-Aug,18-Aug,19-Aug,20-Aug,21-Aug,22-Aug,23-Aug,24-Aug,6,6,0
Amravati,Amravati,Yavatmal,Pusad,Pusad,20028563,"Malpathar 28 Villages, (Reju.)",Aamti,1239,2,,0.00,0.00,0.00,0.00,0.00,0.00,,0.00,0.00,0.00,0.00,0.00,0.00,18-Aug,19-Aug,20-Aug,21-Aug,22-Aug,23-Aug,24-Aug,18-Aug,19-Aug,20-Aug,21-Aug,22-Aug,23-Aug,24-Aug,6,6,0
Amravati,Amravati,Yavatmal,Pusad,Pusad,20028563,"Malpathar 28 Villages, (Reju.)",Hanvantkheda,1783,2,,0.00,0.00,0.00,0.00,0.00,0.00,,0.00,0.00,0.00,0.00,0.00,0.00,18-Aug,19-Aug,20-Aug,21-Aug,22-Aug,23-Aug,24-Aug,18-Aug,19-Aug,20-Aug,21-Aug,22-Aug,23-Aug,24-Aug,6,6,0
Amravati,Amravati,Yavatmal,Pusad,Pusad,20028563,"Malpathar 28 Villages, (Reju.)",Kheirkheda,1349,1,,0.00,0.30,0.00,0.00,0.73,0.60,,0.00,22.24,0.00,0.00,54.11,44.48,18-Aug,19-Aug,20-Aug,21-Aug,22-Aug,23-Aug,24-Aug,18-Aug,19-Aug,20-Aug,21-Aug,22-Aug,23-Aug,24-Aug,3,6,0
Amravati,Amravati,Yavatmal,Pusad,Pusad,20028563,"Malpathar 28 Villages, (Reju.)",Nanad no 2,3116,2,,0.00,0.30,0.00,0.00,0.73,0.60,,0.00,9.63,0.00,0.00,23.43,19.26,18-Aug,19-Aug,20-Aug,21-Aug,22-Aug,23-Aug,24-Aug,18-Aug,19-Aug,20-Aug,21-Aug,22-Aug,23-Aug,24-Aug,3,6,0
Amravati,Amravati,Yavatmal,Pusad,Pusad,20028563,"Malpathar 28 Villages, (Reju.)",Panhala,1476,2,,0.00,0.00,0.00,0.00,0.00,0.00,,0.00,0.00,0.00,0.00,0.00,0.00,18-Aug,19-Aug,20-Aug,21-Aug,22-Aug,23-Aug,24-Aug,18-Aug,19-Aug,20-Aug,21-Aug,22-Aug,23-Aug,24-Aug,6,6,0
Amravati,Amravati,Yavatmal,Pusad,Pusad,20028563,"Malpathar 28 Villages, (Reju.)",Rohada,3556,1,,0.00,0.00,0.00,0.00,0.00,0.00,,0.00,0.00,0.00,0.00,0.00,0.00,18-Aug,19-Aug,20-Aug,21-Aug,22-Aug,23-Aug,24-Aug,18-Aug,19-Aug,20-Aug,21-Aug,22-Aug,23-Aug,24-Aug,6,6,0
Amravati,Amravati,Yavatmal,Pusad,Pusad,20028563,"Malpathar 28 Villages, (Reju.)",Sattarmal,802,2,,0.00,0.00,0.00,0.00,0.00,0.00,,0.00,0.00,0.00,0.00,0.00,0.00,18-Aug,19-Aug,20-Aug,21-Aug,22-Aug,23-Aug,24-Aug,18-Aug,19-Aug,20-Aug,21-Aug,22-Aug,23-Aug,24-Aug,6,6,0
Amravati,Amravati,Yavatmal,Pusad,Pusad,20028563,"Malpathar 28 Villages, (Reju.)",Vasantwadi,1599,2,,0.00,0.00,0.00,0.00,0.00,0.00,,0.00,0.00,0.00,0.00,0.00,0.00,18-Aug,19-Aug,20-Aug,21-Aug,22-Aug,23-Aug,24-Aug,18-Aug,19-Aug,20-Aug,21-Aug,22-Aug,23-Aug,24-Aug,6,6,0
Nashik,Ahmednagar,Ahmednagar,Ahmednagar,Nagar,20046296,Burhannagar & 45 Villages Retro RRWSS,Burhannagar,9485,4,10.22,10.35,11.37,10.58,7.83,11.28,12.30,107.70,109.07,119.92,111.57,82.51,118.90,129.65,18-Aug,19-Aug,20-Aug,21-Aug,22-Aug,23-Aug,24-Aug,18-Aug,19-Aug,20-Aug,21-Aug,22-Aug,23-Aug,24-Aug,0,0,7
Nashik,Ahmednagar,Ahmednagar,Ahmednagar,Nagar,20046296,Burhannagar & 45 Villages Retro RRWSS,Dahigaon,1734,1,0.14,0.03,0.00,0.23,0.40,0.02,0.00,8.03,1.69,0.00,13.27,22.98,1.41,0.00,18-Aug,19-Aug,20-Aug,21-Aug,22-Aug,23-Aug,24-Aug,18-Aug,19-Aug,20-Aug,21-Aug,22-Aug,23-Aug,24-Aug,2,7,0
Nashik,Ahmednagar,Ahmednagar,Ahmednagar,Nagar,20046296,Burhannagar & 45 Villages Retro RRWSS,Darewadi,15591,6,0.29,0.00,0.00,0.00,0.00,0.00,0.00,1.86,0.00,0.00,0.00,0.00,0.00,0.00,18-Aug,19-Aug,20-Aug,21-Aug,22-Aug,23-Aug,24-Aug,18-Aug,19-Aug,20-Aug,21-Aug,22-Aug,23-Aug,24-Aug,6,7,0
Nashik,Ahmednagar,Ahmednagar,Ahmednagar,Nagar,20046296,Burhannagar & 45 Villages Retro RRWSS,Dhangarwadi,2389,2,,0.00,0.00,0.00,0.00,0.00,0.00,,0.00,0.00,0.00,0.00,0.00,0.00,18-Aug,19-Aug,20-Aug,21-Aug,22-Aug,23-Aug,24-Aug,18-Aug,19-Aug,20-Aug,21-Aug,22-Aug,23-Aug,24-Aug,6,6,0
Nashik,Ahmednagar,Ahmednagar,Ahmednagar,Nagar,20046296,Burhannagar & 45 Villages Retro RRWSS,Jeur,11087,2,0.00,0.00,0.00,0.00,0.00,0.00,0.00,0.00,0.00,0.00,0.00,0.00,0.00,0.00,18-Aug,19-Aug,20-Aug,21-Aug,22-Aug,23-Aug,24-Aug,18-Aug,19-Aug,20-Aug,21-Aug,22-Aug,23-Aug,24-Aug,7,7,0
Nashik,Ahmednagar,Ahmednagar,Ahmednagar,Nagar,20046296,Burhannagar & 45 Villages Retro RRWSS,Kapurwadi,5098,2,0.00,0.00,0.00,0.00,0.00,0.00,0.00,0.00,0.00,0.00,0.00,0.00,0.00,0.00,18-Aug,19-Aug,20-Aug,21-Aug,22-Aug,23-Aug,24-Aug,18-Aug,19-Aug,20-Aug,21-Aug,22-Aug,23-Aug,24-Aug,7,7,0
Nashik,Ahmednagar,Ahmednagar,Ahmednagar,Nagar,20046296,Burhannagar & 45 Villages Retro RRWSS,Pimpalgaon Malvi,6581,5,0.00,1.04,1.17,1.33,1.16,1.31,1.22,0.00,15.82,17.78,20.15,17.70,19.93,18.52,18-Aug,19-Aug,20-Aug,21-Aug,22-Aug,23-Aug,24-Aug,18-Aug,19-Aug,20-Aug,21-Aug,22-Aug,23-Aug,24-Aug,1,7,0
Nashik,Ahmednagar,Ahmednagar,Ahmednagar,Nagar,20046296,Burhannagar & 45 Villages Retro RRWSS,Pimpalgaon Ujjaini,3527,2,0.00,0.00,0.00,0.00,0.00,0.00,0.00,0.00,0.00,0.00,0.00,0.00,0.00,0.00,18-Aug,19-Aug,20-Aug,21-Aug,22-Aug,23-Aug,24-Aug,18-Aug,19-Aug,20-Aug,21-Aug,22-Aug,23-Aug,24-Aug,7,7,0
Nashik,Ahmednagar,Ahmednagar,Ahmednagar,Nagar,20046296,Burhannagar & 45 Villages Retro RRWSS,Rui Chattashi,4035,2,0.00,0.00,0.00,0.00,0.00,0.00,0.00,0.00,0.00,0.00,0.00,0.00,0.00,0.00,18-Aug,19-Aug,20-Aug,21-Aug,22-Aug,23-Aug,24-Aug,18-Aug,19-Aug,20-Aug,21-Aug,22-Aug,23-Aug,24-Aug,7,7,0
Nashik,Ahmednagar,Ahmednagar,Ahmednagar,Nagar,20046296,Burhannagar & 45 Villages Retro RRWSS,Sahapur Ketki,4243,3,,0.00,0.00,0.00,0.00,0.00,0.00,,0.00,0.00,0.00,0.00,0.00,0.00,18-Aug,19-Aug,20-Aug,21-Aug,22-Aug,23-Aug,24-Aug,18-Aug,19-Aug,20-Aug,21-Aug,22-Aug,23-Aug,24-Aug,6,6,0
Nashik,Ahmednagar,Ahmednagar,Ahmednagar,Nagar,20046296,Burhannagar & 45 Villages Retro RRWSS,Sakat Kh.,1769,2,0.00,0.00,0.00,0.00,0.00,0.00,0.00,0.00,0.00,0.00,0.00,0.00,0.00,0.00,18-Aug,19-Aug,20-Aug,21-Aug,22-Aug,23-Aug,24-Aug,18-Aug,19-Aug,20-Aug,21-Aug,22-Aug,23-Aug,24-Aug,7,7,0
Nashik,Ahmednagar,Ahmednagar,Ahmednagar,Nagar,20046296,Burhannagar & 45 Villages Retro RRWSS,Shendi,4865,3,0.00,1.01,0.42,0.00,0.00,0.00,0.00,0.00,20.76,8.54,0.01,0.00,0.00,0.00,18-Aug,19-Aug,20-Aug,21-Aug,22-Aug,23-Aug,24-Aug,18-Aug,19-Aug,20-Aug,21-Aug,22-Aug,23-Aug,24-Aug,4,7,0
Nashik,Ahmednagar,Ahmednagar,Ahmednagar,Nagar,20046296,Burhannagar & 45 Villages Retro RRWSS,Takali Khatgaon,2975,2,0.00,0.00,0.00,0.00,0.00,0.00,0.00,0.00,0.00,0.00,0.00,0.00,0.00,0.00,18-Aug,19-Aug,20-Aug,21-Aug,22-Aug,23-Aug,24-Aug,18-Aug,19-Aug,20-Aug,21-Aug,22-Aug,23-Aug,24-Aug,7,7,0
Nashik,Ahmednagar,Ahmednagar,Ahmednagar,Nagar,20046349,Retro Ghospuri & 16 Villages RRWSS Tal- Nagar,Baburdi Bend,1328,2,0.00,0.00,0.00,0.00,0.00,0.00,0.00,0.00,0.00,0.00,0.00,0.00,0.00,0.00,18-Aug,19-Aug,20-Aug,21-Aug,22-Aug,23-Aug,24-Aug,18-Aug,19-Aug,20-Aug,21-Aug,22-Aug,23-Aug,24-Aug,7,7,0
Nashik,Ahmednagar,Ahmednagar,Ahmednagar,Nagar,20046349,Retro Ghospuri & 16 Villages RRWSS Tal- Nagar,Baburdi Gumat,2337,1,0.00,0.93,0.00,0.70,1.00,0.11,1.48,0.00,39.59,0.00,29.85,42.74,4.73,63.13,18-Aug,19-Aug,20-Aug,21-Aug,22-Aug,23-Aug,24-Aug,18-Aug,19-Aug,20-Aug,21-Aug,22-Aug,23-Aug,24-Aug,2,6,1
Nashik,Ahmednagar,Ahmednagar,Ahmednagar,Nagar,20046349,Retro Ghospuri & 16 Villages RRWSS Tal- Nagar,Deualgaon Siddhi,4433,3,0.55,1.42,0.00,1.42,1.44,1.46,1.36,12.43,31.98,0.00,32.11,32.40,32.85,30.76,18-Aug,19-Aug,20-Aug,21-Aug,22-Aug,23-Aug,24-Aug,18-Aug,19-Aug,20-Aug,21-Aug,22-Aug,23-Aug,24-Aug,1,7,0
Nashik,Ahmednagar,Ahmednagar,Ahmednagar,Nagar,20046349,Retro Ghospuri & 16 Villages RRWSS Tal- Nagar,Jadhavvwadi,479,1,0.00,0.00,0.00,0.00,0.00,0.00,0.00,0.00,0.00,0.00,0.00,0.00,0.00,0.00,18-Aug,19-Aug,20-Aug,21-Aug,22-Aug,23-Aug,24-Aug,18-Aug,19-Aug,20-Aug,21-Aug,22-Aug,23-Aug,24-Aug,7,7,0
Nashik,Ahmednagar,Ahmednagar,Ahmednagar,Nagar,20046349,Retro Ghospuri & 16 Villages RRWSS Tal- Nagar,Khadaki,1647,1,0.54,0.62,0.00,0.36,0.00,0.78,0.10,32.60,37.72,0.00,21.85,0.00,47.59,6.36,18-Aug,19-Aug,20-Aug,21-Aug,22-Aug,23-Aug,24-Aug,18-Aug,19-Aug,20-Aug,21-Aug,22-Aug,23-Aug,24-Aug,2,7,0
Nashik,Ahmednagar,Ahmednagar,Ahmednagar,Nagar,20046349,Retro Ghospuri & 16 Villages RRWSS Tal- Nagar,Wadgaon Tandali,1947,1,1.82,2.48,1.46,2.30,2.64,2.50,2.44,93.63,127.15,74.89,118.11,135.39,128.64,125.36,18-Aug,19-Aug,20-Aug,21-Aug,22-Aug,23-Aug,24-Aug,18-Aug,19-Aug,20-Aug,21-Aug,22-Aug,23-Aug,24-Aug,0,0,7
Nashik,Ahmednagar,Ahmednagar,Ahmednagar,Nagar,20046349,Retro Ghospuri & 16 Villages RRWSS Tal- Nagar,Walki,13387,3,0.00,0.00,0.00,0.35,3.40,11.50,0.00,0.00,0.00,0.00,2.63,25.37,85.91,0.00,18-Aug,19-Aug,20-Aug,21-Aug,22-Aug,23-Aug,24-Aug,18-Aug,19-Aug,20-Aug,21-Aug,22-Aug,23-Aug,24-Aug,4,6,1
Nashik,Ahmednagar,Ahmednagar,Ahmednagar,Shrigonda,20028612,"Ruikhel & 6 villages, tal. Shrigonda",Ruikhel,2298,2,0.00,0.64,0.27,0.43,0.72,0.57,0.53,0.00,27.66,11.80,18.60,31.30,24.85,22.95,18-Aug,19-Aug,20-Aug,21-Aug,22-Aug,23-Aug,24-Aug,18-Aug,19-Aug,20-Aug,21-Aug,22-Aug,23-Aug,24-Aug,1,7,0
Nashik,Ahmednagar,Ahmednagar,Newasa,Nevasa,20029472,Retro.Bhenda Kukana and 4 villages WSS. Ta. Nevasa,Antarwadi,1542,4,0.04,0.04,1.12,0.04,1.03,0.08,1.33,2.72,2.55,72.70,2.29,66.54,5.14,86.42,18-Aug,19-Aug,20-Aug,21-Aug,22-Aug,23-Aug,24-Aug,18-Aug,19-Aug,20-Aug,21-Aug,22-Aug,23-Aug,24-Aug,0,4,3
Nashik,Ahmednagar,Ahmednagar,Newasa,Nevasa,20029472,Retro.Bhenda Kukana and 4 villages WSS. Ta. Nevasa,Bhenda Bk.,7643,3,0.00,0.00,0.00,0.00,0.00,0.00,0.00,0.00,0.00,0.00,0.00,0.00,0.00,0.00,18-Aug,19-Aug,20-Aug,21-Aug,22-Aug,23-Aug,24-Aug,18-Aug,19-Aug,20-Aug,21-Aug,22-Aug,23-Aug,24-Aug,7,7,0
Nashik,Ahmednagar,Ahmednagar,Newasa,Nevasa,20029472,Retro.Bhenda Kukana and 4 villages WSS. Ta. Nevasa,Tarwadi,2925,1,1.62,2.52,0.48,2.46,0.54,2.43,0.62,55.29,86.15,16.40,84.27,18.38,82.95,21.05,18-Aug,19-Aug,20-Aug,21-Aug,22-Aug,23-Aug,24-Aug,18-Aug,19-Aug,20-Aug,21-Aug,22-Aug,23-Aug,24-Aug,0,3,4
Nashik,Ahmednagar,Ahmednagar,Newasa,Nevasa,5348540,"Retro.Sonai Karjgaon and 16 villages, Tal. Nevasa",AMALNER,2334,2,,0.58,0.58,0.00,0.24,0.00,0.60,,24.66,24.81,0.00,10.16,0.00,25.55,18-Aug,19-Aug,20-Aug,21-Aug,22-Aug,23-Aug,24-Aug,18-Aug,19-Aug,20-Aug,21-Aug,22-Aug,23-Aug,24-Aug,2,6,0
Nashik,Ahmednagar,Ahmednagar,Newasa,Nevasa,5348540,"Retro.Sonai Karjgaon and 16 villages, Tal. Nevasa",Belhekarwadi,2991,2,,2.63,0.00,0.73,4.01,0.00,0.00,,87.80,0.00,24.28,133.93,0.00,0.00,18-Aug,19-Aug,20-Aug,21-Aug,22-Aug,23-Aug,24-Aug,18-Aug,19-Aug,20-Aug,21-Aug,22-Aug,23-Aug,24-Aug,3,4,2
Nashik,Ahmednagar,Ahmednagar,Newasa,Nevasa,5348540,"Retro.Sonai Karjgaon and 16 villages, Tal. Nevasa",Ganeshwadi,3017,2,,0.22,0.00,0.00,0.00,1.34,0.40,,7.45,0.00,0.00,0.03,44.44,13.15,18-Aug,19-Aug,20-Aug,21-Aug,22-Aug,23-Aug,24-Aug,18-Aug,19-Aug,20-Aug,21-Aug,22-Aug,23-Aug,24-Aug,2,6,0
Nashik,Ahmednagar,Ahmednagar,Newasa,Nevasa,5348540,"Retro.Sonai Karjgaon and 16 villages, Tal. Nevasa",GOMALWADI,1061,2,1.38,0.91,0.00,0.42,1.29,1.21,1.62,129.72,85.56,0.00,39.78,122.03,114.35,152.80,18-Aug,19-Aug,20-Aug,21-Aug,22-Aug,23-Aug,24-Aug,18-Aug,19-Aug,20-Aug,21-Aug,22-Aug,23-Aug,24-Aug,1,2,5
Nashik,Ahmednagar,Ahmednagar,Newasa,Nevasa,5348540,"Retro.Sonai Karjgaon and 16 villages, Tal. Nevasa",GONEGAON,1572,2,,0.00,0.00,0.00,0.00,0.00,0.37,,0.00,0.00,0.00,0.00,0.00,23.41,18-Aug,19-Aug,20-Aug,21-Aug,22-Aug,23-Aug,24-Aug,18-Aug,19-Aug,20-Aug,21-Aug,22-Aug,23-Aug,24-Aug,5,6,0
Nashik,Ahmednagar,Ahmednagar,Newasa,Nevasa,5348540,"Retro.Sonai Karjgaon and 16 villages, Tal. Nevasa",IMAMPUR,350,1,0.00,0.00,0.00,0.00,0.00,0.00,0.00,0.00,0.00,0.00,0.00,0.00,0.00,0.00,18-Aug,19-Aug,20-Aug,21-Aug,22-Aug,23-Aug,24-Aug,18-Aug,19-Aug,20-Aug,21-Aug,22-Aug,23-Aug,24-Aug,7,7,0
Nashik,Ahmednagar,Ahmednagar,Newasa,Nevasa,5348540,"Retro.Sonai Karjgaon and 16 villages, Tal. Nevasa",KARAJGAON,3750,3,,1.06,65.18,0.51,0.75,1.04,0.93,,28.39,1738.04,13.72,19.90,27.82,24.81,18-Aug,19-Aug,20-Aug,21-Aug,22-Aug,23-Aug,24-Aug,18-Aug,19-Aug,20-Aug,21-Aug,22-Aug,23-Aug,24-Aug,0,5,1
Nashik,Ahmednagar,Ahmednagar,Newasa,Nevasa,5348540,"Retro.Sonai Karjgaon and 16 villages, Tal. Nevasa",KHARWANDI,6263,2,,1.87,0.00,0.00,0.01,1.68,1.78,,29.80,0.00,0.00,0.19,26.85,28.39,18-Aug,19-Aug,20-Aug,21-Aug,22-Aug,23-Aug,24-Aug,18-Aug,19-Aug,20-Aug,21-Aug,22-Aug,23-Aug,24-Aug,2,6,0
Nashik,Ahmednagar,Ahmednagar,Newasa,Nevasa,5348540,"Retro.Sonai Karjgaon and 16 villages, Tal. Nevasa",Khedle Parmanand,2836,2,0.78,0.78,0.00,0.08,1.23,1.16,0.87,27.45,27.52,0.00,2.97,43.36,41.07,30.74,18-Aug,19-Aug,20-Aug,21-Aug,22-Aug,23-Aug,24-Aug,18-Aug,19-Aug,20-Aug,21-Aug,22-Aug,23-Aug,24-Aug,1,7,0
Nashik,Ahmednagar,Ahmednagar,Newasa,Nevasa,5348540,"Retro.Sonai Karjgaon and 16 villages, Tal. Nevasa",KHUPTI,2338,2,,1.79,0.37,0.05,1.54,0.00,1.61,,76.65,15.64,2.24,65.88,0.04,69.05,18-Aug,19-Aug,20-Aug,21-Aug,22-Aug,23-Aug,24-Aug,18-Aug,19-Aug,20-Aug,21-Aug,22-Aug,23-Aug,24-Aug,0,3,3
Nashik,Ahmednagar,Ahmednagar,Newasa,Nevasa,5348540,"Retro.Sonai Karjgaon and 16 villages, Tal. Nevasa",LANDEWADI,2158,2,,0.00,0.00,0.00,0.00,0.00,0.00,,0.00,0.00,0.00,0.00,0.00,0.00,18-Aug,19-Aug,20-Aug,21-Aug,22-Aug,23-Aug,24-Aug,18-Aug,19-Aug,20-Aug,21-Aug,22-Aug,23-Aug,24-Aug,6,6,0
Nashik,Ahmednagar,Ahmednagar,Newasa,Nevasa,5348540,"Retro.Sonai Karjgaon and 16 villages, Tal. Nevasa",Navin Chandgaon,1547,1,,0.00,0.00,0.00,0.00,0.52,0.29,,0.00,0.00,0.00,0.00,33.88,18.95,18-Aug,19-Aug,20-Aug,21-Aug,22-Aug,23-Aug,24-Aug,18-Aug,19-Aug,20-Aug,21-Aug,22-Aug,23-Aug,24-Aug,4,6,0
Nashik,Ahmednagar,Ahmednagar,Newasa,Nevasa,5348540,"Retro.Sonai Karjgaon and 16 villages, Tal. Nevasa",NIMBHARI,2524,2,,0.00,0.00,0.00,0.03,0.00,0.11,,0.00,0.00,0.00,1.33,0.00,4.49,18-Aug,19-Aug,20-Aug,21-Aug,22-Aug,23-Aug,24-Aug,18-Aug,19-Aug,20-Aug,21-Aug,22-Aug,23-Aug,24-Aug,4,6,0
Nashik,Ahmednagar,Ahmednagar,Newasa,Nevasa,5348540,"Retro.Sonai Karjgaon and 16 villages, Tal. Nevasa",PANEGAON,2858,2,,1.02,0.00,0.00,1.28,1.24,1.28,,35.70,0.00,0.00,44.86,43.25,44.73,18-Aug,19-Aug,20-Aug,21-Aug,22-Aug,23-Aug,24-Aug,18-Aug,19-Aug,20-Aug,21-Aug,22-Aug,23-Aug,24-Aug,2,6,0
Nashik,Ahmednagar,Ahmednagar,Newasa,Nevasa,5348540,"Retro.Sonai Karjgaon and 16 villages, Tal. Nevasa",Siregaon,3695,1,,1.21,0.00,0.00,0.00,0.05,0.55,,32.67,0.00,0.00,0.00,1.25,14.83,18-Aug,19-Aug,20-Aug,21-Aug,22-Aug,23-Aug,24-Aug,18-Aug,19-Aug,20-Aug,21-Aug,22-Aug,23-Aug,24-Aug,3,6,0
Nashik,Ahmednagar,Ahmednagar,Newasa,Nevasa,5348540,"Retro.Sonai Karjgaon and 16 villages, Tal. Nevasa",WATAPUR,1397,2,,0.00,0.00,0.00,0.00,0.00,0.00,,0.00,0.00,0.00,0.00,0.00,0.00,18-Aug,19-Aug,20-Aug,21-Aug,22-Aug,23-Aug,24-Aug,18-Aug,19-Aug,20-Aug,21-Aug,22-Aug,23-Aug,24-Aug,6,6,0
Nashik,Ahmednagar,Ahmednagar,Newasa,Pathardi,20040662,"Retro.Miri-Tisgaon and 33 villages, Tal. Pathardi",Dagadwadi,1414,2,0.27,0.29,0.16,0.50,0.60,0.43,0.13,18.78,20.36,11.19,35.66,42.24,30.48,9.04,18-Aug,19-Aug,20-Aug,21-Aug,22-Aug,23-Aug,24-Aug,18-Aug,19-Aug,20-Aug,21-Aug,22-Aug,23-Aug,24-Aug,0,7,0
Nashik,Ahmednagar,Ahmednagar,Newasa,Pathardi,20040662,"Retro.Miri-Tisgaon and 33 villages, Tal. Pathardi",Dharwadi,910,2,0.34,0.20,0.37,0.44,0.37,0.33,0.35,37.89,22.46,40.46,48.56,40.42,36.29,38.00,18-Aug,19-Aug,20-Aug,21-Aug,22-Aug,23-Aug,24-Aug,18-Aug,19-Aug,20-Aug,21-Aug,22-Aug,23-Aug,24-Aug,0,7,0
Nashik,Ahmednagar,Ahmednagar,Newasa,Pathardi,20040662,"Retro.Miri-Tisgaon and 33 villages, Tal. Pathardi",Dongarwadi,856,1,4.64,0.16,0.00,1.02,0.04,0.00,5.13,541.77,19.12,0.00,119.51,4.77,0.00,599.76,18-Aug,19-Aug,20-Aug,21-Aug,22-Aug,23-Aug,24-Aug,18-Aug,19-Aug,20-Aug,21-Aug,22-Aug,23-Aug,24-Aug,2,4,3
Nashik,Ahmednagar,Ahmednagar,Newasa,Pathardi,20040662,"Retro.Miri-Tisgaon and 33 villages, Tal. Pathardi",Gunjale,1602,2,0.00,0.00,0.00,0.00,0.00,0.00,0.00,0.00,0.00,0.00,0.00,0.00,0.00,0.00,18-Aug,19-Aug,20-Aug,21-Aug,22-Aug,23-Aug,24-Aug,18-Aug,19-Aug,20-Aug,21-Aug,22-Aug,23-Aug,24-Aug,7,7,0
Nashik,Ahmednagar,Ahmednagar,Newasa,Pathardi,20040662,"Retro.Miri-Tisgaon and 33 villages, Tal. Pathardi",Jawakhedekalsa,3200,2,0.08,1.00,0.00,1.01,0.91,0.58,1.01,2.55,31.40,0.00,31.54,28.46,18.16,31.44,18-Aug,19-Aug,20-Aug,21-Aug,22-Aug,23-Aug,24-Aug,18-Aug,19-Aug,20-Aug,21-Aug,22-Aug,23-Aug,24-Aug,1,7,0
Nashik,Ahmednagar,Ahmednagar,Newasa,Pathardi,20040662,"Retro.Miri-Tisgaon and 33 villages, Tal. Pathardi",Karanji,7256,2,0.18,1.17,0.71,0.30,0.14,0.43,0.00,2.42,16.11,9.78,4.13,1.93,5.98,0.00,18-Aug,19-Aug,20-Aug,21-Aug,22-Aug,23-Aug,24-Aug,18-Aug,19-Aug,20-Aug,21-Aug,22-Aug,23-Aug,24-Aug,1,7,0
Nashik,Ahmednagar,Ahmednagar,Newasa,Pathardi,20040662,"Retro.Miri-Tisgaon and 33 villages, Tal. Pathardi",Lohasar,2118,2,0.00,30333881.61,0.00,29081397.31,0.00,0.00,5268101.89,0.00,1432194599.36,0.00,1373059363.00,0.00,0.00,248730022.97,18-Aug,19-Aug,20-Aug,21-Aug,22-Aug,23-Aug,24-Aug,18-Aug,19-Aug,20-Aug,21-Aug,22-Aug,23-Aug,24-Aug,4,4,3
Nashik,Ahmednagar,Ahmednagar,Newasa,Pathardi,20040662,"Retro.Miri-Tisgaon and 33 villages, Tal. Pathardi",Tisgaon,,7,,0.97,0.09,3.52,4.29,3.52,1.24,,0.00,0.00,0.00,0.00,0.00,0.00,18-Aug,19-Aug,20-Aug,21-Aug,22-Aug,23-Aug,24-Aug,18-Aug,19-Aug,20-Aug,21-Aug,22-Aug,23-Aug,24-Aug,6,6,0
Nashik,Ahmednagar,Ahmednagar,Newasa,shevgaon,20028535,"Amarapur and Mali Babhulgaon 49 villages, Tal. Pathardi",Awhane Bk,1995,2,0.92,0.00,1.70,0.00,1.69,0.00,1.66,45.94,0.00,85.37,0.00,84.85,0.00,83.16,18-Aug,19-Aug,20-Aug,21-Aug,22-Aug,23-Aug,24-Aug,18-Aug,19-Aug,20-Aug,21-Aug,22-Aug,23-Aug,24-Aug,3,4,3
Nashik,Ahmednagar,Ahmednagar,Newasa,shevgaon,20028535,"Amarapur and Mali Babhulgaon 49 villages, Tal. Pathardi",Awhane Kh,979,1,1.69,2.61,0.08,2.69,0.00,2.24,0.00,172.94,266.09,8.25,274.62,0.00,229.30,0.00,18-Aug,19-Aug,20-Aug,21-Aug,22-Aug,23-Aug,24-Aug,18-Aug,19-Aug,20-Aug,21-Aug,22-Aug,23-Aug,24-Aug,2,3,4
Nashik,Ahmednagar,Ahmednagar,Newasa,shevgaon,20028535,"Amarapur and Mali Babhulgaon 49 villages, Tal. Pathardi",Bhagur,1307,2,0.23,0.10,0.30,0.29,0.28,0.36,0.45,17.62,7.98,22.73,22.19,21.60,27.80,34.58,18-Aug,19-Aug,20-Aug,21-Aug,22-Aug,23-Aug,24-Aug,18-Aug,19-Aug,20-Aug,21-Aug,22-Aug,23-Aug,24-Aug,0,7,0
Nashik,Ahmednagar,Ahmednagar,Newasa,shevgaon,20028535,"Amarapur and Mali Babhulgaon 49 villages, Tal. Pathardi",Hasnapur,2123,2,1.37,0.00,0.01,0.02,0.00,0.00,0.00,64.73,0.00,0.47,0.86,0.00,0.00,0.00,18-Aug,19-Aug,20-Aug,21-Aug,22-Aug,23-Aug,24-Aug,18-Aug,19-Aug,20-Aug,21-Aug,22-Aug,23-Aug,24-Aug,4,6,1
Nashik,Ahmednagar,Ahmednagar,Newasa,shevgaon,20028535,"Amarapur and Mali Babhulgaon 49 villages, Tal. Pathardi",Hatral Saidapur,1254,2,0.19,0.00,0.00,0.05,0.00,0.00,0.28,15.06,0.00,0.00,3.79,0.00,0.00,22.37,18-Aug,19-Aug,20-Aug,21-Aug,22-Aug,23-Aug,24-Aug,18-Aug,19-Aug,20-Aug,21-Aug,22-Aug,23-Aug,24-Aug,4,7,0
Nashik,Ahmednagar,Ahmednagar,Newasa,shevgaon,20028535,"Amarapur and Mali Babhulgaon 49 villages, Tal. Pathardi",Kherde,1128,2,0.02,0.00,0.01,0.01,0.01,0.00,0.00,1.92,0.00,1.05,0.72,1.16,0.00,0.00,18-Aug,19-Aug,20-Aug,21-Aug,22-Aug,23-Aug,24-Aug,18-Aug,19-Aug,20-Aug,21-Aug,22-Aug,23-Aug,24-Aug,3,7,0
Nashik,Ahmednagar,Ahmednagar,Newasa,shevgaon,20028535,"Amarapur and Mali Babhulgaon 49 villages, Tal. Pathardi",Kolegaon,1090,2,0.32,0.53,0.46,0.48,0.48,0.61,0.44,29.25,48.60,42.30,43.70,43.58,55.76,39.97,18-Aug,19-Aug,20-Aug,21-Aug,22-Aug,23-Aug,24-Aug,18-Aug,19-Aug,20-Aug,21-Aug,22-Aug,23-Aug,24-Aug,0,6,1
Nashik,Ahmednagar,Ahmednagar,Newasa,shevgaon,20028535,"Amarapur and Mali Babhulgaon 49 villages, Tal. Pathardi",Kuntefal,1437,3,0.00,0.00,0.00,0.00,0.00,0.00,0.00,0.00,0.00,0.00,0.00,0.00,0.00,0.00,18-Aug,19-Aug,20-Aug,21-Aug,22-Aug,23-Aug,24-Aug,18-Aug,19-Aug,20-Aug,21-Aug,22-Aug,23-Aug,24-Aug,7,7,0
Nashik,Ahmednagar,Ahmednagar,Newasa,shevgaon,20028535,"Amarapur and Mali Babhulgaon 49 villages, Tal. Pathardi",Kurudgaon,1117,2,8.53,6.73,7.46,6.60,5.79,3.70,5.40,763.98,602.75,667.96,591.15,518.58,331.57,483.29,18-Aug,19-Aug,20-Aug,21-Aug,22-Aug,23-Aug,24-Aug,18-Aug,19-Aug,20-Aug,21-Aug,22-Aug,23-Aug,24-Aug,0,0,7
Nashik,Ahmednagar,Ahmednagar,Newasa,shevgaon,20028535,"Amarapur and Mali Babhulgaon 49 villages, Tal. Pathardi",Lolegaon,835,1,0.00,0.00,0.00,0.00,0.00,0.00,0.00,0.00,0.00,0.00,0.00,0.00,0.00,0.00,18-Aug,19-Aug,20-Aug,21-Aug,22-Aug,23-Aug,24-Aug,18-Aug,19-Aug,20-Aug,21-Aug,22-Aug,23-Aug,24-Aug,7,7,0
Nashik,Ahmednagar,Ahmednagar,Newasa,shevgaon,20028535,"Amarapur and Mali Babhulgaon 49 villages, Tal. Pathardi",Malegaon,889,2,0.67,1.54,0.90,0.61,0.53,1.33,1.61,75.14,172.86,101.75,68.29,59.78,149.61,181.58,18-Aug,19-Aug,20-Aug,21-Aug,22-Aug,23-Aug,24-Aug,18-Aug,19-Aug,20-Aug,21-Aug,22-Aug,23-Aug,24-Aug,0,0,7
Nashik,Ahmednagar,Ahmednagar,Newasa,shevgaon,20028535,"Amarapur and Mali Babhulgaon 49 villages, Tal. Pathardi",Malegaon NE,1170,2,0.50,0.20,0.06,0.00,0.15,0.22,0.01,42.77,16.75,5.44,0.23,12.44,18.72,0.54,18-Aug,19-Aug,20-Aug,21-Aug,22-Aug,23-Aug,24-Aug,18-Aug,19-Aug,20-Aug,21-Aug,22-Aug,23-Aug,24-Aug,0,7,0
Nashik,Ahmednagar,Ahmednagar,Newasa,shevgaon,20028535,"Amarapur and Mali Babhulgaon 49 villages, Tal. Pathardi",Malibabhulgaon,4969,2,0.00,0.00,0.00,0.00,0.00,0.00,0.00,0.00,0.00,0.00,0.00,0.00,0.00,0.00,18-Aug,19-Aug,20-Aug,21-Aug,22-Aug,23-Aug,24-Aug,18-Aug,19-Aug,20-Aug,21-Aug,22-Aug,23-Aug,24-Aug,7,7,0
Nashik,Ahmednagar,Ahmednagar,Newasa,shevgaon,20028535,"Amarapur and Mali Babhulgaon 49 villages, Tal. Pathardi",Mangrul Bk,1088,2,0.69,1.12,0.72,0.70,0.70,0.61,0.79,62.99,103.19,66.62,64.72,64.12,55.93,72.88,18-Aug,19-Aug,20-Aug,21-Aug,22-Aug,23-Aug,24-Aug,18-Aug,19-Aug,20-Aug,21-Aug,22-Aug,23-Aug,24-Aug,0,0,7
Nashik,Ahmednagar,Ahmednagar,Newasa,shevgaon,20028535,"Amarapur and Mali Babhulgaon 49 villages, Tal. Pathardi",Najik Babhulgaon,1652,2,0.35,0.84,0.42,0.41,0.63,0.59,0.41,20.96,50.56,25.67,24.73,37.84,35.49,24.52,18-Aug,19-Aug,20-Aug,21-Aug,22-Aug,23-Aug,24-Aug,18-Aug,19-Aug,20-Aug,21-Aug,22-Aug,23-Aug,24-Aug,0,7,0
Nashik,Ahmednagar,Ahmednagar,Newasa,shevgaon,20028535,"Amarapur and Mali Babhulgaon 49 villages, Tal. Pathardi",Nivdunge,5093,2,0.00,1.73,0.00,0.00,0.00,0.00,2.21,0.00,33.91,0.00,0.00,0.00,0.00,43.45,18-Aug,19-Aug,20-Aug,21-Aug,22-Aug,23-Aug,24-Aug,18-Aug,19-Aug,20-Aug,21-Aug,22-Aug,23-Aug,24-Aug,5,7,0
Nashik,Ahmednagar,Ahmednagar,Newasa,shevgaon,20028535,"Amarapur and Mali Babhulgaon 49 villages, Tal. Pathardi",Roatale,935,1,0.20,0.38,0.00,0.29,0.00,0.61,0.21,21.30,40.41,0.00,30.89,0.00,65.50,22.05,18-Aug,19-Aug,20-Aug,21-Aug,22-Aug,23-Aug,24-Aug,18-Aug,19-Aug,20-Aug,21-Aug,22-Aug,23-Aug,24-Aug,2,6,1
Nashik,Ahmednagar,Ahmednagar,Newasa,shevgaon,20028535,"Amarapur and Mali Babhulgaon 49 villages, Tal. Pathardi",Salwadgaon,1763,2,0.00,0.00,0.00,0.00,0.00,0.00,0.00,0.00,0.00,0.00,0.00,0.00,0.00,0.00,18-Aug,19-Aug,20-Aug,21-Aug,22-Aug,23-Aug,24-Aug,18-Aug,19-Aug,20-Aug,21-Aug,22-Aug,23-Aug,24-Aug,7,7,0
Nashik,Ahmednagar,Ahmednagar,Newasa,shevgaon,20028535,"Amarapur and Mali Babhulgaon 49 villages, Tal. Pathardi",Samangaon,1804,2,0.57,1.23,0.51,0.77,0.00,0.17,1.17,31.51,68.14,28.34,42.62,0.00,9.68,64.71,18-Aug,19-Aug,20-Aug,21-Aug,22-Aug,23-Aug,24-Aug,18-Aug,19-Aug,20-Aug,21-Aug,22-Aug,23-Aug,24-Aug,1,5,2
Nashik,Ahmednagar,Ahmednagar,Newasa,shevgaon,20028535,"Amarapur and Mali Babhulgaon 49 villages, Tal. Pathardi",Sangavi Bk,765,2,0.00,0.00,0.00,0.18,0.00,0.00,0.00,0.00,0.00,0.00,24.03,0.00,0.00,0.00,18-Aug,19-Aug,20-Aug,21-Aug,22-Aug,23-Aug,24-Aug,18-Aug,19-Aug,20-Aug,21-Aug,22-Aug,23-Aug,24-Aug,6,7,0
Nashik,Ahmednagar,Ahmednagar,Newasa,shevgaon,20028535,"Amarapur and Mali Babhulgaon 49 villages, Tal. Pathardi",Sangavi Kh,657,2,0.00,0.00,0.00,0.18,0.00,0.00,0.00,0.00,0.00,0.00,27.98,0.00,0.00,0.00,18-Aug,19-Aug,20-Aug,21-Aug,22-Aug,23-Aug,24-Aug,18-Aug,19-Aug,20-Aug,21-Aug,22-Aug,23-Aug,24-Aug,6,7,0
Nashik,Ahmednagar,Ahmednagar,Newasa,shevgaon,20028535,"Amarapur and Mali Babhulgaon 49 villages, Tal. Pathardi",Shahajapur,613,1,0.00,0.00,0.00,0.00,1.43,0.00,0.00,0.00,0.00,0.00,0.00,232.85,0.00,0.00,18-Aug,19-Aug,20-Aug,21-Aug,22-Aug,23-Aug,24-Aug,18-Aug,19-Aug,20-Aug,21-Aug,22-Aug,23-Aug,24-Aug,6,6,1
Nashik,Ahmednagar,Ahmednagar,Newasa,shevgaon,20028535,"Amarapur and Mali Babhulgaon 49 villages, Tal. Pathardi",Shekate,2194,1,0.00,0.00,0.00,0.22,0.00,0.37,0.00,0.00,0.00,0.00,10.01,0.00,16.69,0.00,18-Aug,19-Aug,20-Aug,21-Aug,22-Aug,23-Aug,24-Aug,18-Aug,19-Aug,20-Aug,21-Aug,22-Aug,23-Aug,24-Aug,5,7,0
Nashik,Ahmednagar,Ahmednagar,Newasa,shevgaon,20028535,"Amarapur and Mali Babhulgaon 49 villages, Tal. Pathardi",Sultanpur,1010,1,0.71,0.66,1.35,0.00,0.76,0.00,1.50,70.36,65.27,133.59,0.00,74.78,0.07,148.21,18-Aug,19-Aug,20-Aug,21-Aug,22-Aug,23-Aug,24-Aug,18-Aug,19-Aug,20-Aug,21-Aug,22-Aug,23-Aug,24-Aug,1,2,5
Nashik,Ahmednagar,Ahmednagar,Newasa,shevgaon,20028535,"Amarapur and Mali Babhulgaon 49 villages, Tal. Pathardi",Susare,4080,2,1.10,1.08,0.00,1.12,0.63,1.36,0.00,26.94,26.41,0.00,27.49,15.51,33.32,0.00,18-Aug,19-Aug,20-Aug,21-Aug,22-Aug,23-Aug,24-Aug,18-Aug,19-Aug,20-Aug,21-Aug,22-Aug,23-Aug,24-Aug,2,7,0
Nashik,Ahmednagar,Ahmednagar,Newasa,shevgaon,20028535,"Amarapur and Mali Babhulgaon 49 villages, Tal. Pathardi",Thakur Nimgaon,1966,2,0.50,1.34,0.37,0.92,0.93,0.35,1.05,25.23,68.00,18.95,46.80,47.07,17.88,53.20,18-Aug,19-Aug,20-Aug,21-Aug,22-Aug,23-Aug,24-Aug,18-Aug,19-Aug,20-Aug,21-Aug,22-Aug,23-Aug,24-Aug,0,6,1
Nashik,Ahmednagar,Ahmednagar,Newasa,shevgaon,20028535,"Amarapur and Mali Babhulgaon 49 villages, Tal. Pathardi",Wadgaon,1219,2,0.04,0.00,0.01,0.13,0.11,0.00,0.21,2.93,0.00,1.02,10.77,8.75,0.00,17.17,18-Aug,19-Aug,20-Aug,21-Aug,22-Aug,23-Aug,24-Aug,18-Aug,19-Aug,20-Aug,21-Aug,22-Aug,23-Aug,24-Aug,2,7,0
Nashik,Ahmednagar,Ahmednagar,Newasa,shevgaon,20028535,"Amarapur and Mali Babhulgaon 49 villages, Tal. Pathardi",Wadule Bk,2479,2,0.00,0.00,0.00,0.00,0.00,0.00,0.00,0.00,0.00,0.00,0.00,0.00,0.00,0.00,18-Aug,19-Aug,20-Aug,21-Aug,22-Aug,23-Aug,24-Aug,18-Aug,19-Aug,20-Aug,21-Aug,22-Aug,23-Aug,24-Aug,7,7,0
Nashik,Ahmednagar,Ahmednagar,Newasa,shevgaon,20028535,"Amarapur and Mali Babhulgaon 49 villages, Tal. Pathardi",Warur Bk.,3014,3,1.53,2.08,2.34,2.41,2.06,1.96,2.37,50.67,69.06,77.49,79.90,68.25,64.90,78.66,18-Aug,19-Aug,20-Aug,21-Aug,22-Aug,23-Aug,24-Aug,18-Aug,19-Aug,20-Aug,21-Aug,22-Aug,23-Aug,24-Aug,0,1,6
Nashik,Ahmednagar,Ahmednagar,Newasa,Shevgaon,20029079,Retro.Bodhegaon and 7 villages RRWSS. Ta. Shevgaon,Antarwali Kh,1020,2,0.00,0.01,0.00,0.00,0.00,0.01,0.00,0.00,1.01,0.00,0.00,0.00,0.99,0.00,18-Aug,19-Aug,20-Aug,21-Aug,22-Aug,23-Aug,24-Aug,18-Aug,19-Aug,20-Aug,21-Aug,22-Aug,23-Aug,24-Aug,5,7,0
Nashik,Ahmednagar,Ahmednagar,Newasa,Shevgaon,20029079,Retro.Bodhegaon and 7 villages RRWSS. Ta. Shevgaon,Balam Takali,5550,3,1.86,1.46,0.85,0.55,0.00,0.00,0.00,33.60,26.36,15.38,9.93,0.00,0.00,0.00,18-Aug,19-Aug,20-Aug,21-Aug,22-Aug,23-Aug,24-Aug,18-Aug,19-Aug,20-Aug,21-Aug,22-Aug,23-Aug,24-Aug,3,7,0
Nashik,Ahmednagar,Ahmednagar,Newasa,Shevgaon,20029079,Retro.Bodhegaon and 7 villages RRWSS. Ta. Shevgaon,Chapadgaon,3786,4,,0.51,0.55,0.49,0.56,0.53,0.55,,13.39,14.48,12.97,14.77,14.12,14.50,18-Aug,19-Aug,20-Aug,21-Aug,22-Aug,23-Aug,24-Aug,18-Aug,19-Aug,20-Aug,21-Aug,22-Aug,23-Aug,24-Aug,0,6,0
Nashik,Ahmednagar,Ahmednagar,Shreerampur,Rahata,20030767,Retro.Kolhar-Bhagwatipur (aug) RRWSS. Ta.Rahta,Kolhar BK,16201,8,0.83,0.99,0.97,0.86,1.48,0.99,1.08,5.14,6.14,5.98,5.32,9.16,6.08,6.68,18-Aug,19-Aug,20-Aug,21-Aug,22-Aug,23-Aug,24-Aug,18-Aug,19-Aug,20-Aug,21-Aug,22-Aug,23-Aug,24-Aug,0,7,0
Nashik,Ahmednagar,Ahmednagar,Shreerampur,Rahuri,20015193,New Bramhani & 6 Villages RRWSS Tal- Rahuri,Chedgaon,2926,2,0.00,0.00,0.00,0.00,0.00,0.00,0.00,0.00,0.00,0.00,0.00,0.00,0.00,0.00,18-Aug,19-Aug,20-Aug,21-Aug,22-Aug,23-Aug,24-Aug,18-Aug,19-Aug,20-Aug,21-Aug,22-Aug,23-Aug,24-Aug,7,7,0
Nashik,Ahmednagar,Ahmednagar,Shreerampur,Rahuri,20015193,New Bramhani & 6 Villages RRWSS Tal- Rahuri,Kukkadwedhe,2102,2,0.00,0.00,0.00,0.00,0.00,0.00,0.00,0.00,0.00,0.00,0.00,0.00,0.00,0.00,18-Aug,19-Aug,20-Aug,21-Aug,22-Aug,23-Aug,24-Aug,18-Aug,19-Aug,20-Aug,21-Aug,22-Aug,23-Aug,24-Aug,7,7,0
Nashik,Ahmednagar,Ahmednagar,Shreerampur,Rahuri,20015193,New Bramhani & 6 Villages RRWSS Tal- Rahuri,Mokal Ohal,1837,3,0.20,0.19,0.00,0.44,0.56,0.45,0.09,11.09,10.12,0.00,23.84,30.40,24.54,4.89,18-Aug,19-Aug,20-Aug,21-Aug,22-Aug,23-Aug,24-Aug,18-Aug,19-Aug,20-Aug,21-Aug,22-Aug,23-Aug,24-Aug,1,7,0
Nashik,Ahmednagar,Ahmednagar,Shreerampur,Rahuri,20015193,New Bramhani & 6 Villages RRWSS Tal- Rahuri,Pimpri Avghad,2562,3,0.00,0.00,0.00,0.00,0.00,0.00,0.00,0.00,0.00,0.00,0.00,0.00,0.00,0.00,18-Aug,19-Aug,20-Aug,21-Aug,22-Aug,23-Aug,24-Aug,18-Aug,19-Aug,20-Aug,21-Aug,22-Aug,23-Aug,24-Aug,7,7,0
Nashik,Ahmednagar,Ahmednagar,Shreerampur,Rahuri,20015193,New Bramhani & 6 Villages RRWSS Tal- Rahuri,Sade,4087,3,0.00,0.00,0.00,0.00,0.00,0.00,0.00,0.00,0.00,0.00,0.00,0.00,0.00,0.00,18-Aug,19-Aug,20-Aug,21-Aug,22-Aug,23-Aug,24-Aug,18-Aug,19-Aug,20-Aug,21-Aug,22-Aug,23-Aug,24-Aug,7,7,0
Nashik,Ahmednagar,Ahmednagar,Shreerampur,Rahuri,20028775,Sonegaon and Dhanore WSS. Ta.Rahuri,Dhanore,4991,7,0.00,0.00,0.00,0.00,0.00,1.01,0.43,0.00,0.00,0.00,0.00,0.00,20.14,8.70,18-Aug,19-Aug,20-Aug,21-Aug,22-Aug,23-Aug,24-Aug,18-Aug,19-Aug,20-Aug,21-Aug,22-Aug,23-Aug,24-Aug,5,7,0
Nashik,Ahmednagar,Ahmednagar,Shreerampur,Rahuri,20028775,Sonegaon and Dhanore WSS. Ta.Rahuri,Songaon,2298,1,1.16,1.12,0.32,1.44,1.03,0.23,1.01,50.55,48.67,13.95,62.52,44.61,10.03,44.13,18-Aug,19-Aug,20-Aug,21-Aug,22-Aug,23-Aug,24-Aug,18-Aug,19-Aug,20-Aug,21-Aug,22-Aug,23-Aug,24-Aug,0,6,1
Nashik,Ahmednagar,Sangamner,Akole,Akole,20028069,Ganore and 4 villagesTa. Akole,Hiwargaon,2246,5,0.00,0.00,0.15,0.00,0.16,0.00,0.00,0.00,0.07,6.67,0.00,6.99,0.06,0.11,18-Aug,19-Aug,20-Aug,21-Aug,22-Aug,23-Aug,24-Aug,18-Aug,19-Aug,20-Aug,21-Aug,22-Aug,23-Aug,24-Aug,2,7,0
Nashik,Ahmednagar,Sangamner,Akole,Akole,20028069,Ganore and 4 villagesTa. Akole,Pimpalgaon Nipani,3033,3,0.00,0.00,0.00,0.00,0.00,0.00,0.00,0.00,0.00,0.00,0.00,0.00,0.00,0.00,18-Aug,19-Aug,20-Aug,21-Aug,22-Aug,23-Aug,24-Aug,18-Aug,19-Aug,20-Aug,21-Aug,22-Aug,23-Aug,24-Aug,7,7,0
Nashik,Ahmednagar,Sangamner,Akole,Akole,20028069,Ganore and 4 villagesTa. Akole,Virgaon,3620,6,2.36,2.63,0.04,2.93,1.91,1.82,1.98,65.28,72.73,1.18,80.91,52.82,50.35,54.58,18-Aug,19-Aug,20-Aug,21-Aug,22-Aug,23-Aug,24-Aug,18-Aug,19-Aug,20-Aug,21-Aug,22-Aug,23-Aug,24-Aug,0,4,3
Nashik,Ahmednagar,Sangamner,Kopargaon,Rahata,20054877,Retro.Kelvad Bk.& 2 villages RRWSS. Ta.Rahta,Kelwad Bk,4840,2,,0.00,0.61,0.00,4.13,0.32,0.51,,0.00,12.59,0.00,85.32,6.51,10.64,18-Aug,19-Aug,20-Aug,21-Aug,22-Aug,23-Aug,24-Aug,18-Aug,19-Aug,20-Aug,21-Aug,22-Aug,23-Aug,24-Aug,2,5,1
Nashik,Ahmednagar,Sangamner,Kopargaon,Rahata,20054877,Retro.Kelvad Bk.& 2 villages RRWSS. Ta.Rahta,Kelwad Kd,5875,1,,0.00,0.00,0.00,0.00,0.00,0.00,,0.00,0.00,0.00,0.00,0.00,0.00,18-Aug,19-Aug,20-Aug,21-Aug,22-Aug,23-Aug,24-Aug,18-Aug,19-Aug,20-Aug,21-Aug,22-Aug,23-Aug,24-Aug,6,6,0
Nashik,Ahmednagar,Sangamner,Kopargaon,Rahata,20054895,Retro Korhale and 1 other village,Korhale,6871,6,1.52,2.02,1.71,2.06,2.35,1.67,1.84,22.06,29.44,24.95,29.96,34.16,24.25,26.72,18-Aug,19-Aug,20-Aug,21-Aug,22-Aug,23-Aug,24-Aug,18-Aug,19-Aug,20-Aug,21-Aug,22-Aug,23-Aug,24-Aug,0,7,0
Nashik,Ahmednagar,Sangamner,Kopargaon,Rahata,417239,Retro Rui & Shingave R.R.W.S.S Tal Rahata,Rui,6426,4,,7.49,6.99,7.41,7.57,8.20,8.23,,116.49,108.74,115.37,117.79,127.54,128.09,18-Aug,19-Aug,20-Aug,21-Aug,22-Aug,23-Aug,24-Aug,18-Aug,19-Aug,20-Aug,21-Aug,22-Aug,23-Aug,24-Aug,0,0,6
Nashik,Ahmednagar,Sangamner,Kopargaon,Rahata,417239,Retro Rui & Shingave R.R.W.S.S Tal Rahata,Shingve,5274,2,,0.00,0.00,0.00,0.00,0.00,0.00,,0.00,0.00,0.00,0.00,0.00,0.00,18-Aug,19-Aug,20-Aug,21-Aug,22-Aug,23-Aug,24-Aug,18-Aug,19-Aug,20-Aug,21-Aug,22-Aug,23-Aug,24-Aug,6,6,0
Nashik,Ahmednagar,Sangamner,Sangamner,Sangamner,20033242,"Retro.Talegaon Dighe and 16 villages, Tal. Sangamner",chincholi Gurav,3160,4,,0.00,0.00,0.00,0.00,0.00,0.00,,0.00,0.00,0.00,0.00,0.00,0.00,18-Aug,19-Aug,20-Aug,21-Aug,22-Aug,23-Aug,24-Aug,18-Aug,19-Aug,20-Aug,21-Aug,22-Aug,23-Aug,24-Aug,6,6,0
Nashik,Ahmednagar,Sangamner,Sangamner,Sangamner,20033242,"Retro.Talegaon Dighe and 16 villages, Tal. Sangamner",Kakadwadi,2267,2,,0.00,0.00,0.00,0.00,0.00,0.00,,0.00,0.00,0.00,0.00,0.00,0.00,18-Aug,19-Aug,20-Aug,21-Aug,22-Aug,23-Aug,24-Aug,18-Aug,19-Aug,20-Aug,21-Aug,22-Aug,23-Aug,24-Aug,6,6,0
Nashik,Ahmednagar,Sangamner,Sangamner,Sangamner,20033242,"Retro.Talegaon Dighe and 16 villages, Tal. Sangamner",Wadzari (Bk),1458,1,,0.07,0.02,0.06,0.02,0.11,0.43,,4.64,1.11,4.23,1.20,7.28,29.79,18-Aug,19-Aug,20-Aug,21-Aug,22-Aug,23-Aug,24-Aug,18-Aug,19-Aug,20-Aug,21-Aug,22-Aug,23-Aug,24-Aug,0,6,0
Nashik,Ahmednagar,Sangamner,Sangamner,Sangamner,20033242,"Retro.Talegaon Dighe and 16 villages, Tal. Sangamner",Wadzari (Kh),1173,1,,0.00,0.00,0.00,0.00,0.00,0.00,,0.00,0.00,0.00,0.00,0.00,0.00,18-Aug,19-Aug,20-Aug,21-Aug,22-Aug,23-Aug,24-Aug,18-Aug,19-Aug,20-Aug,21-Aug,22-Aug,23-Aug,24-Aug,6,6,0
Nashik,Ahmednagar,Sangamner,Sangamner,Sangamner,7937337,"Retro.Nimon and 4 villages, Tal. Sangamner",hilllock,3954,1,,4.77,3.97,4.40,3.39,4.64,3.89,,120.57,100.46,111.24,85.64,117.35,98.36,18-Aug,19-Aug,20-Aug,21-Aug,22-Aug,23-Aug,24-Aug,18-Aug,19-Aug,20-Aug,21-Aug,22-Aug,23-Aug,24-Aug,0,0,6
Nashik,Ahmednagar,Sangamner,Sangamner,Sangamner,7937337,"Retro.Nimon and 4 villages, Tal. Sangamner",Karhe,2691,2,,0.00,0.00,0.00,0.00,0.00,0.00,,0.00,0.00,0.00,0.00,0.00,0.00,18-Aug,19-Aug,20-Aug,21-Aug,22-Aug,23-Aug,24-Aug,18-Aug,19-Aug,20-Aug,21-Aug,22-Aug,23-Aug,24-Aug,6,6,0
Nashik,Ahmednagar,Sangamner,Sangamner,Sangamner,7937337,"Retro.Nimon and 4 villages, Tal. Sangamner",Palaskhede,3954,2,,0.72,3.45,0.67,0.49,1.27,0.79,,18.13,87.22,16.85,12.42,32.06,19.99,18-Aug,19-Aug,20-Aug,21-Aug,22-Aug,23-Aug,24-Aug,18-Aug,19-Aug,20-Aug,21-Aug,22-Aug,23-Aug,24-Aug,0,5,1
Nashik,Ahmednagar,Sangamner,Sangamner,Sangamner,7937337,"Retro.Nimon and 4 villages, Tal. Sangamner",Pimpale,2689,3,,0.01,1.03,1.08,0.00,0.77,0.79,,0.48,38.22,40.03,0.00,28.61,29.52,18-Aug,19-Aug,20-Aug,21-Aug,22-Aug,23-Aug,24-Aug,18-Aug,19-Aug,20-Aug,21-Aug,22-Aug,23-Aug,24-Aug,1,6,0
Nashik,Ahmednagar,Sangamner,Sangamner,Sangamner,7937337,"Retro.Nimon and 4 villages, Tal. Sangamner",Sonewadi,2328,2,,1.47,1.09,0.60,1.57,0.24,0.00,,63.13,46.76,25.79,67.48,10.26,0.02,18-Aug,19-Aug,20-Aug,21-Aug,22-Aug,23-Aug,24-Aug,18-Aug,19-Aug,20-Aug,21-Aug,22-Aug,23-Aug,24-Aug,0,4,2
Nashik,Jalgaon,Jalgaon,Chopda,Chopda,20053731,Lasur and 9 villages RRWSS. Ta. Chopda,Chahardi,15064,2,1.72,2.55,2.37,4.39,4.72,2.75,2.52,11.40,16.93,15.75,29.14,31.35,18.27,16.71,18-Aug,19-Aug,20-Aug,21-Aug,22-Aug,23-Aug,24-Aug,18-Aug,19-Aug,20-Aug,21-Aug,22-Aug,23-Aug,24-Aug,0,7,0
Nashik,Jalgaon,Jalgaon,Chopda,Chopda,20053731,Lasur and 9 villages RRWSS. Ta. Chopda,Chaugaon,2980,2,1.53,2.02,2.54,1.87,2.56,1.90,2.52,51.36,67.65,85.40,62.88,86.03,63.87,84.72,18-Aug,19-Aug,20-Aug,21-Aug,22-Aug,23-Aug,24-Aug,18-Aug,19-Aug,20-Aug,21-Aug,22-Aug,23-Aug,24-Aug,0,1,6
Nashik,Jalgaon,Jalgaon,Chopda,Chopda,20053731,Lasur and 9 villages RRWSS. Ta. Chopda,Chunchale,5224,2,,0.00,0.00,0.00,0.00,0.00,0.00,,0.00,0.00,0.00,0.00,0.00,0.00,18-Aug,19-Aug,20-Aug,21-Aug,22-Aug,23-Aug,24-Aug,18-Aug,19-Aug,20-Aug,21-Aug,22-Aug,23-Aug,24-Aug,6,6,0
Nashik,Jalgaon,Jalgaon,Chopda,Chopda,20053731,Lasur and 9 villages RRWSS. Ta. Chopda,Galwade,910,1,0.88,0.88,1.22,0.68,0.88,0.80,0.58,96.41,96.85,134.17,74.49,96.26,88.27,64.25,18-Aug,19-Aug,20-Aug,21-Aug,22-Aug,23-Aug,24-Aug,18-Aug,19-Aug,20-Aug,21-Aug,22-Aug,23-Aug,24-Aug,0,0,7
Nashik,Jalgaon,Jalgaon,Chopda,Chopda,20053731,Lasur and 9 villages RRWSS. Ta. Chopda,Hatede Kh,3009,2,3.11,2.78,3.61,3.01,3.15,3.50,4.06,103.43,92.31,119.86,100.05,104.77,116.47,135.09,18-Aug,19-Aug,20-Aug,21-Aug,22-Aug,23-Aug,24-Aug,18-Aug,19-Aug,20-Aug,21-Aug,22-Aug,23-Aug,24-Aug,0,0,7
Nashik,Jalgaon,Jalgaon,Chopda,Chopda,20053731,Lasur and 9 villages RRWSS. Ta. Chopda,Kazipura,863,2,1.85,0.70,0.82,1.95,1.58,1.48,1.45,213.79,80.93,95.23,226.31,183.23,171.28,168.33,18-Aug,19-Aug,20-Aug,21-Aug,22-Aug,23-Aug,24-Aug,18-Aug,19-Aug,20-Aug,21-Aug,22-Aug,23-Aug,24-Aug,0,0,7
Nashik,Jalgaon,Jalgaon,Chopda,Chopda,20053731,Lasur and 9 villages RRWSS. Ta. Chopda,Lasur,10272,4,3.87,2.17,3.23,4.34,3.80,3.92,3.05,37.71,21.11,31.42,42.21,36.96,38.14,29.66,18-Aug,19-Aug,20-Aug,21-Aug,22-Aug,23-Aug,24-Aug,18-Aug,19-Aug,20-Aug,21-Aug,22-Aug,23-Aug,24-Aug,0,7,0
Nashik,Jalgaon,Jalgaon,Chopda,Chopda,20053731,Lasur and 9 villages RRWSS. Ta. Chopda,Majare Hingone,1501,2,0.61,1.54,1.43,0.85,0.89,0.54,1.54,40.45,102.80,95.00,56.87,59.19,35.82,102.70,18-Aug,19-Aug,20-Aug,21-Aug,22-Aug,23-Aug,24-Aug,18-Aug,19-Aug,20-Aug,21-Aug,22-Aug,23-Aug,24-Aug,0,2,5
Nashik,Jalgaon,Jalgaon,Chopda,Chopda,20053731,Lasur and 9 villages RRWSS. Ta. Chopda,Mamalde,3572,2,4.58,2.96,4.09,4.59,4.49,4.70,4.46,128.21,82.76,114.57,128.62,125.74,131.55,124.99,18-Aug,19-Aug,20-Aug,21-Aug,22-Aug,23-Aug,24-Aug,18-Aug,19-Aug,20-Aug,21-Aug,22-Aug,23-Aug,24-Aug,0,0,7
Nashik,Jalgaon,Jalgaon,Erandol,Chalisgaon,20053796,Dondigar-Rohini & 15 Villages WSS,Andhari,1743,1,0.91,1.20,0.43,1.36,0.42,0.43,0.74,52.31,68.84,24.64,77.98,24.02,24.87,42.51,18-Aug,19-Aug,20-Aug,21-Aug,22-Aug,23-Aug,24-Aug,18-Aug,19-Aug,20-Aug,21-Aug,22-Aug,23-Aug,24-Aug,0,5,2
Nashik,Jalgaon,Jalgaon,Erandol,Chalisgaon,20053796,Dondigar-Rohini & 15 Villages WSS,Bilakhede,2691,2,0.56,0.00,0.00,0.00,0.61,0.51,0.76,20.74,0.00,0.00,0.00,22.83,18.91,28.25,18-Aug,19-Aug,20-Aug,21-Aug,22-Aug,23-Aug,24-Aug,18-Aug,19-Aug,20-Aug,21-Aug,22-Aug,23-Aug,24-Aug,3,7,0
Nashik,Jalgaon,Jalgaon,Erandol,Chalisgaon,20053796,Dondigar-Rohini & 15 Villages WSS,Bramhanshevga,2049,2,0.00,0.00,0.00,0.00,0.00,0.00,0.00,0.00,0.00,0.00,0.00,0.00,0.00,0.00,18-Aug,19-Aug,20-Aug,21-Aug,22-Aug,23-Aug,24-Aug,18-Aug,19-Aug,20-Aug,21-Aug,22-Aug,23-Aug,24-Aug,7,7,0
Nashik,Jalgaon,Jalgaon,Erandol,Chalisgaon,20053796,Dondigar-Rohini & 15 Villages WSS,Don Digar,3217,3,1.61,1.08,1.37,1.37,1.30,1.55,1.15,50.18,33.49,42.60,42.70,40.38,48.29,35.81,18-Aug,19-Aug,20-Aug,21-Aug,22-Aug,23-Aug,24-Aug,18-Aug,19-Aug,20-Aug,21-Aug,22-Aug,23-Aug,24-Aug,0,7,0
Nashik,Jalgaon,Jalgaon,Erandol,Chalisgaon,20053796,Dondigar-Rohini & 15 Villages WSS,Ghodegaon,4904,2,0.00,1.66,1.71,1.48,0.00,0.00,0.00,0.00,33.88,34.93,30.11,0.00,0.00,0.00,18-Aug,19-Aug,20-Aug,21-Aug,22-Aug,23-Aug,24-Aug,18-Aug,19-Aug,20-Aug,21-Aug,22-Aug,23-Aug,24-Aug,4,7,0
Nashik,Jalgaon,Jalgaon,Erandol,Chalisgaon,20053796,Dondigar-Rohini & 15 Villages WSS,Hatgaon,3573,2,0.00,1.50,0.90,1.00,0.03,4.04,0.27,0.03,42.10,25.12,28.02,0.80,113.17,7.63,18-Aug,19-Aug,20-Aug,21-Aug,22-Aug,23-Aug,24-Aug,18-Aug,19-Aug,20-Aug,21-Aug,22-Aug,23-Aug,24-Aug,0,6,1
Nashik,Jalgaon,Jalgaon,Erandol,Chalisgaon,20053796,Dondigar-Rohini & 15 Villages WSS,Hirapur,3925,3,0.00,0.00,1.50,0.91,0.00,0.57,0.00,0.00,0.00,38.12,23.11,0.00,14.63,0.00,18-Aug,19-Aug,20-Aug,21-Aug,22-Aug,23-Aug,24-Aug,18-Aug,19-Aug,20-Aug,21-Aug,22-Aug,23-Aug,24-Aug,4,7,0
Nashik,Jalgaon,Jalgaon,Erandol,Chalisgaon,20053796,Dondigar-Rohini & 15 Villages WSS,Karajgaon,1879,1,,0.34,0.00,0.00,0.25,0.00,0.11,,18.35,0.00,0.00,13.41,0.00,5.83,18-Aug,19-Aug,20-Aug,21-Aug,22-Aug,23-Aug,24-Aug,18-Aug,19-Aug,20-Aug,21-Aug,22-Aug,23-Aug,24-Aug,3,6,0
Nashik,Jalgaon,Jalgaon,Erandol,Chalisgaon,20053796,Dondigar-Rohini & 15 Villages WSS,Khadki Bk.,3100,3,0.00,4.99,5.21,0.36,0.65,0.26,1.07,0.00,160.87,168.15,11.68,20.84,8.38,34.60,18-Aug,19-Aug,20-Aug,21-Aug,22-Aug,23-Aug,24-Aug,18-Aug,19-Aug,20-Aug,21-Aug,22-Aug,23-Aug,24-Aug,1,5,2
Nashik,Jalgaon,Jalgaon,Erandol,Chalisgaon,20053796,Dondigar-Rohini & 15 Villages WSS,Krushnanagar,2803,2,0.00,0.00,0.00,0.00,0.00,0.00,0.00,0.00,0.00,0.00,0.00,0.00,0.00,0.00,18-Aug,19-Aug,20-Aug,21-Aug,22-Aug,23-Aug,24-Aug,18-Aug,19-Aug,20-Aug,21-Aug,22-Aug,23-Aug,24-Aug,7,7,0
Nashik,Jalgaon,Jalgaon,Erandol,Chalisgaon,20053796,Dondigar-Rohini & 15 Villages WSS,Pimpalgaon,1709,2,,0.00,0.00,0.00,0.00,0.00,0.00,,0.00,0.00,0.00,0.00,0.00,0.00,18-Aug,19-Aug,20-Aug,21-Aug,22-Aug,23-Aug,24-Aug,18-Aug,19-Aug,20-Aug,21-Aug,22-Aug,23-Aug,24-Aug,6,6,0
Nashik,Jalgaon,Jalgaon,Erandol,Chalisgaon,20053796,Dondigar-Rohini & 15 Villages WSS,Pimpri Budruk,1804,2,0.04,1.27,1.18,0.06,0.02,0.02,1.80,2.31,70.64,65.51,3.14,0.98,1.04,99.75,18-Aug,19-Aug,20-Aug,21-Aug,22-Aug,23-Aug,24-Aug,18-Aug,19-Aug,20-Aug,21-Aug,22-Aug,23-Aug,24-Aug,0,4,3
Nashik,Jalgaon,Jalgaon,Erandol,Chalisgaon,20053796,Dondigar-Rohini & 15 Villages WSS,Rohini,2811,3,,0.62,0.20,0.55,0.77,0.45,0.30,,22.01,6.98,19.53,27.52,16.04,10.73,18-Aug,19-Aug,20-Aug,21-Aug,22-Aug,23-Aug,24-Aug,18-Aug,19-Aug,20-Aug,21-Aug,22-Aug,23-Aug,24-Aug,0,6,0
Nashik,Jalgaon,Jalgaon,Erandol,Chalisgaon,20053796,Dondigar-Rohini & 15 Villages WSS,Talegaon,3647,2,0.00,0.00,0.00,0.00,0.00,0.00,0.00,0.00,0.00,0.00,0.00,0.00,0.00,0.00,18-Aug,19-Aug,20-Aug,21-Aug,22-Aug,23-Aug,24-Aug,18-Aug,19-Aug,20-Aug,21-Aug,22-Aug,23-Aug,24-Aug,7,7,0
Nashik,Jalgaon,Jalgaon,Erandol,Chalisgaon,20053796,Dondigar-Rohini & 15 Villages WSS,Tambole,2918,2,0.00,0.00,0.36,0.00,0.00,1.01,0.00,0.00,0.00,12.41,0.00,0.00,34.56,0.00,18-Aug,19-Aug,20-Aug,21-Aug,22-Aug,23-Aug,24-Aug,18-Aug,19-Aug,20-Aug,21-Aug,22-Aug,23-Aug,24-Aug,5,7,0
Nashik,Jalgaon,Jalgaon,Erandol,Dharangaon,20061165,Paldhi (bk& Kh) RR Tal DHARANGAON,Paldhi Bk.,9303,3,16.55,9.82,21.51,0.00,17.58,21.78,16.78,177.90,105.56,231.22,0.00,188.97,234.12,180.37,18-Aug,19-Aug,20-Aug,21-Aug,22-Aug,23-Aug,24-Aug,18-Aug,19-Aug,20-Aug,21-Aug,22-Aug,23-Aug,24-Aug,1,1,6
Nashik,Jalgaon,Jalgaon,Erandol,Dharangaon,20061165,Paldhi (bk& Kh) RR Tal DHARANGAON,Paldhi Kh.,12377,3,,14.03,4.80,0.00,5.21,5.59,8.70,,113.36,38.76,0.02,42.10,45.19,70.29,18-Aug,19-Aug,20-Aug,21-Aug,22-Aug,23-Aug,24-Aug,18-Aug,19-Aug,20-Aug,21-Aug,22-Aug,23-Aug,24-Aug,0,4,2
Nashik,Jalgaon,Jalgaon,Erandol,Jamner,20025401,Pahur Peth& Pahur Kasbe 2 Villages WSS Tal Jamner,Kharchane,615,1,0.81,0.94,1.24,1.05,1.77,1.47,1.55,132.01,153.28,201.37,171.38,288.01,238.56,251.76,18-Aug,19-Aug,20-Aug,21-Aug,22-Aug,23-Aug,24-Aug,18-Aug,19-Aug,20-Aug,21-Aug,22-Aug,23-Aug,24-Aug,0,0,7
Nashik,Jalgaon,Jalgaon,Erandol,Jamner,20025401,Pahur Peth& Pahur Kasbe 2 Villages WSS Tal Jamner,Pahur Kasbe,11162,3,0.03,0.00,0.00,0.00,0.33,0.51,0.35,0.25,0.00,0.00,0.00,2.94,4.52,3.14,18-Aug,19-Aug,20-Aug,21-Aug,22-Aug,23-Aug,24-Aug,18-Aug,19-Aug,20-Aug,21-Aug,22-Aug,23-Aug,24-Aug,3,7,0
Nashik,Jalgaon,Jalgaon,Erandol,Jamner,20025401,Pahur Peth& Pahur Kasbe 2 Villages WSS Tal Jamner,Pahur Peth,13205,5,0.02,10.13,5.41,5.22,5.60,5.00,9.93,0.16,76.69,40.99,39.55,42.41,37.85,75.21,18-Aug,19-Aug,20-Aug,21-Aug,22-Aug,23-Aug,24-Aug,18-Aug,19-Aug,20-Aug,21-Aug,22-Aug,23-Aug,24-Aug,0,5,2
Nashik,Jalgaon,Jalgaon,Erandol,Muktainagar,20025401,Pahur Peth& Pahur Kasbe 2 Villages WSS Tal Jamner,Sangvi,679,1,0.00,0.00,0.00,0.00,0.00,0.00,0.00,0.00,0.00,0.00,0.00,0.00,0.00,0.00,18-Aug,19-Aug,20-Aug,21-Aug,22-Aug,23-Aug,24-Aug,18-Aug,19-Aug,20-Aug,21-Aug,22-Aug,23-Aug,24-Aug,7,7,0
Nashik,Jalgaon,Jalgaon,Erandol,Parola,20025410,Bahadarpur & 2 Village RRWSS,Bahadarpur,2842,2,1.94,1.36,1.83,0.53,2.17,1.58,1.70,68.15,47.88,64.55,18.52,76.25,55.46,59.88,18-Aug,19-Aug,20-Aug,21-Aug,22-Aug,23-Aug,24-Aug,18-Aug,19-Aug,20-Aug,21-Aug,22-Aug,23-Aug,24-Aug,0,2,5
Nashik,Jalgaon,Jalgaon,Erandol,Parola,20025410,Bahadarpur & 2 Village RRWSS,Mahalpur,2033,2,0.85,1.15,1.29,0.76,1.30,1.43,0.79,41.99,56.35,63.41,37.34,64.18,70.50,38.91,18-Aug,19-Aug,20-Aug,21-Aug,22-Aug,23-Aug,24-Aug,18-Aug,19-Aug,20-Aug,21-Aug,22-Aug,23-Aug,24-Aug,0,3,4
Nashik,Jalgaon,Jalgaon,Jalgaon,Jalgaon,20055900,Kusumbe & Manyarkhede WSS,Kusumbe,8598,7,4.54,5.44,4.42,4.47,4.17,3.37,5.07,52.85,63.24,51.36,51.99,48.55,39.15,59.01,18-Aug,19-Aug,20-Aug,21-Aug,22-Aug,23-Aug,24-Aug,18-Aug,19-Aug,20-Aug,21-Aug,22-Aug,23-Aug,24-Aug,0,5,2
Nashik,Jalgaon,Jalgaon,Nandurbar,Nandurbar,20055639,Bhagsari & 8 Villages,Bamdod,510,2,,0.27,0.45,0.56,0.78,0.25,0.00,,52.04,88.64,109.04,152.23,48.75,0.00,18-Aug,19-Aug,20-Aug,21-Aug,22-Aug,23-Aug,24-Aug,18-Aug,19-Aug,20-Aug,21-Aug,22-Aug,23-Aug,24-Aug,1,3,3
Nashik,Jalgaon,Jalgaon,Nandurbar,Nandurbar,20055639,Bhagsari & 8 Villages,Bhaler,2770,2,1.40,0.48,0.66,1.72,1.08,1.74,1.58,50.39,17.21,23.79,62.05,38.82,62.73,56.87,18-Aug,19-Aug,20-Aug,21-Aug,22-Aug,23-Aug,24-Aug,18-Aug,19-Aug,20-Aug,21-Aug,22-Aug,23-Aug,24-Aug,0,4,3
Nashik,Jalgaon,Jalgaon,Nandurbar,Nandurbar,20055639,Bhagsari & 8 Villages,Jun Mohide,2025,2,0.00,1.28,0.00,26.86,0.00,8.82,0.82,0.00,63.29,0.00,1326.46,0.00,435.46,40.59,18-Aug,19-Aug,20-Aug,21-Aug,22-Aug,23-Aug,24-Aug,18-Aug,19-Aug,20-Aug,21-Aug,22-Aug,23-Aug,24-Aug,3,4,3
Nashik,Jalgaon,Jalgaon,Nandurbar,Nandurbar,20055639,Bhagsari & 8 Villages,Shindgavhan,1743,2,3.27,0.00,93.01,1.98,0.00,0.00,0.00,187.57,0.00,5336.16,113.84,0.00,0.00,0.00,18-Aug,19-Aug,20-Aug,21-Aug,22-Aug,23-Aug,24-Aug,18-Aug,19-Aug,20-Aug,21-Aug,22-Aug,23-Aug,24-Aug,4,4,3
Nashik,Jalgaon,Jalgaon,Nandurbar,Nandurbar,20055639,Bhagsari & 8 Villages,Vikharan,2065,2,3.81,3.17,2.86,2.84,3.63,3.29,3.81,184.27,153.38,138.28,137.71,175.83,159.13,184.38,18-Aug,19-Aug,20-Aug,21-Aug,22-Aug,23-Aug,24-Aug,18-Aug,19-Aug,20-Aug,21-Aug,22-Aug,23-Aug,24-Aug,0,0,7
Nashik,Jalgaon,Jalgaon,Nandurbar,Nandurbar,20055662,Pachorabari - Narayanpur WSS,Narayanpur,1851,2,,0.00,0.00,0.00,0.00,0.00,0.00,,0.00,0.00,0.00,0.00,0.00,0.00,18-Aug,19-Aug,20-Aug,21-Aug,22-Aug,23-Aug,24-Aug,18-Aug,19-Aug,20-Aug,21-Aug,22-Aug,23-Aug,24-Aug,6,6,0
Nashik,Jalgaon,Jalgaon,Nandurbar,Nandurbar,20055662,Pachorabari - Narayanpur WSS,Pachorabari,1251,4,0.00,0.00,0.00,0.00,0.00,0.00,0.00,0.00,0.00,0.00,0.00,0.00,0.00,0.00,18-Aug,19-Aug,20-Aug,21-Aug,22-Aug,23-Aug,24-Aug,18-Aug,19-Aug,20-Aug,21-Aug,22-Aug,23-Aug,24-Aug,7,7,0
Nashik,Jalgaon,Jalgaon,Nandurbar,Nandurbar,20056839,"Gujar bhawali , Jambholi & 4 Villages",Gujar Bhawali,2629,2,0.32,0.08,0.74,0.10,0.15,0.61,0.00,12.09,3.10,28.32,3.71,5.52,23.06,0.00,18-Aug,19-Aug,20-Aug,21-Aug,22-Aug,23-Aug,24-Aug,18-Aug,19-Aug,20-Aug,21-Aug,22-Aug,23-Aug,24-Aug,1,7,0
Nashik,Jalgaon,Jalgaon,Nandurbar,Nandurbar,20056839,"Gujar bhawali , Jambholi & 4 Villages",Gujar Jamboli,2338,3,1.02,1.06,1.39,1.38,1.32,1.59,0.63,43.61,45.41,59.40,59.21,56.37,67.85,27.00,18-Aug,19-Aug,20-Aug,21-Aug,22-Aug,23-Aug,24-Aug,18-Aug,19-Aug,20-Aug,21-Aug,22-Aug,23-Aug,24-Aug,0,3,4
Nashik,Jalgaon,Jalgaon,Nandurbar,Nandurbar,20057127,"Khamgaon, Tokartale , Vichak & 2 Wadies RRWSS",Khamgaon,2602,2,0.01,0.01,0.01,0.01,0.01,0.00,0.01,0.25,0.40,0.44,0.29,0.23,0.12,0.27,18-Aug,19-Aug,20-Aug,21-Aug,22-Aug,23-Aug,24-Aug,18-Aug,19-Aug,20-Aug,21-Aug,22-Aug,23-Aug,24-Aug,0,7,0
Nashik,Jalgaon,Jalgaon,Nandurbar,Nandurbar,20057127,"Khamgaon, Tokartale , Vichak & 2 Wadies RRWSS",Tokartale,3510,2,,1.26,1.28,1.17,1.03,0.25,0.00,,36.02,36.55,33.46,29.23,7.11,0.00,18-Aug,19-Aug,20-Aug,21-Aug,22-Aug,23-Aug,24-Aug,18-Aug,19-Aug,20-Aug,21-Aug,22-Aug,23-Aug,24-Aug,1,6,0
Nashik,Jalgaon,Jalgaon,Nandurbar,Nandurbar,20057127,"Khamgaon, Tokartale , Vichak & 2 Wadies RRWSS",Wadgaon Pada,167,2,0.03,0.03,0.01,0.03,0.10,0.02,0.13,16.80,17.15,7.96,15.60,61.50,11.61,75.93,18-Aug,19-Aug,20-Aug,21-Aug,22-Aug,23-Aug,24-Aug,18-Aug,19-Aug,20-Aug,21-Aug,22-Aug,23-Aug,24-Aug,0,5,2
Nashik,Jalgaon,Jalgaon,Nandurbar,Nandurbar,20057131,Waghale & 3 Villages,Ashte,3920,2,0.70,0.00,0.00,0.00,0.00,1.68,1.50,17.86,0.00,0.00,0.00,0.00,42.93,38.23,18-Aug,19-Aug,20-Aug,21-Aug,22-Aug,23-Aug,24-Aug,18-Aug,19-Aug,20-Aug,21-Aug,22-Aug,23-Aug,24-Aug,4,7,0
Nashik,Jalgaon,Jalgaon,Nandurbar,Nandurbar,20057131,Waghale & 3 Villages,Haripur,1445,2,0.00,0.00,0.00,0.00,0.00,0.00,0.00,0.00,0.00,0.00,0.00,0.00,0.00,0.00,18-Aug,19-Aug,20-Aug,21-Aug,22-Aug,23-Aug,24-Aug,18-Aug,19-Aug,20-Aug,21-Aug,22-Aug,23-Aug,24-Aug,7,7,0
Nashik,Jalgaon,Jalgaon,Nandurbar,Nandurbar,20057131,Waghale & 3 Villages,Nandarkhe,2862,3,1.05,1.50,1.01,1.74,1.45,0.67,1.33,36.53,52.47,35.13,60.92,50.55,23.49,46.40,18-Aug,19-Aug,20-Aug,21-Aug,22-Aug,23-Aug,24-Aug,18-Aug,19-Aug,20-Aug,21-Aug,22-Aug,23-Aug,24-Aug,0,6,1
Nashik,Jalgaon,Jalgaon,Nandurbar,Nandurbar,20057131,Waghale & 3 Villages,Waghale,3987,5,0.54,0.68,0.83,0.81,0.70,0.83,0.83,13.62,17.08,20.85,20.25,17.47,20.79,20.79,18-Aug,19-Aug,20-Aug,21-Aug,22-Aug,23-Aug,24-Aug,18-Aug,19-Aug,20-Aug,21-Aug,22-Aug,23-Aug,24-Aug,0,7,0
Nashik,Nashik,Nashik,Malegaon,Baglan,7971089,Nampur and 4 villages RR Tal Baglan (C 39),Askheda,3580,3,3.92,4.25,7.92,5.37,5.25,5.11,4.71,109.60,118.72,221.23,149.97,146.75,142.84,131.55,18-Aug,19-Aug,20-Aug,21-Aug,22-Aug,23-Aug,24-Aug,18-Aug,19-Aug,20-Aug,21-Aug,22-Aug,23-Aug,24-Aug,0,0,7
Nashik,Nashik,Nashik,Malegaon,Baglan,7971089,Nampur and 4 villages RR Tal Baglan (C 39),Jaikheda,8177,3,1.91,1.80,1.80,1.79,1.71,1.04,1.62,23.30,22.03,21.96,21.95,20.89,12.70,19.81,18-Aug,19-Aug,20-Aug,21-Aug,22-Aug,23-Aug,24-Aug,18-Aug,19-Aug,20-Aug,21-Aug,22-Aug,23-Aug,24-Aug,0,7,0
Nashik,Nashik,Nashik,Malegaon,Deola,20037448,"78 villages in Nandgaon, Malegaon and Deola talukas",Ajande,786,1,,0.89,0.09,1.11,1.28,1.33,1.24,,113.62,11.20,141.46,162.25,168.86,157.56,18-Aug,19-Aug,20-Aug,21-Aug,22-Aug,23-Aug,24-Aug,18-Aug,19-Aug,20-Aug,21-Aug,22-Aug,23-Aug,24-Aug,0,1,5
Nashik,Nashik,Nashik,Malegaon,Malegaon,20037448,"78 villages in Nandgaon, Malegaon and Deola talukas",Babhulwadi,715,1,0.68,0.09,0.81,0.35,0.98,0.53,0.75,95.68,13.06,113.40,49.55,137.44,74.10,104.46,18-Aug,19-Aug,20-Aug,21-Aug,22-Aug,23-Aug,24-Aug,18-Aug,19-Aug,20-Aug,21-Aug,22-Aug,23-Aug,24-Aug,0,2,5
Nashik,Nashik,Nashik,Malegaon,Malegaon,20037448,"78 villages in Nandgaon, Malegaon and Deola talukas",DoctorWadi,1255,1,0.01,0.00,0.00,0.72,0.00,0.00,0.00,1.19,0.00,0.00,57.70,0.00,0.00,0.00,18-Aug,19-Aug,20-Aug,21-Aug,22-Aug,23-Aug,24-Aug,18-Aug,19-Aug,20-Aug,21-Aug,22-Aug,23-Aug,24-Aug,5,6,1
Nashik,Nashik,Nashik,Malegaon,Malegaon,20037448,"78 villages in Nandgaon, Malegaon and Deola talukas",Ganesh Nagar,1298,2,0.28,0.15,0.15,0.14,0.22,0.41,0.41,21.37,11.49,11.49,11.08,16.62,31.60,31.82,18-Aug,19-Aug,20-Aug,21-Aug,22-Aug,23-Aug,24-Aug,18-Aug,19-Aug,20-Aug,21-Aug,22-Aug,23-Aug,24-Aug,0,7,0
Nashik,Nashik,Nashik,Malegaon,Malegaon,20037448,"78 villages in Nandgaon, Malegaon and Deola talukas",Ghodegaon,1465,2,0.00,0.00,0.50,0.00,0.00,0.00,0.00,0.00,0.00,34.43,0.02,0.00,0.00,0.00,18-Aug,19-Aug,20-Aug,21-Aug,22-Aug,23-Aug,24-Aug,18-Aug,19-Aug,20-Aug,21-Aug,22-Aug,23-Aug,24-Aug,5,7,0
Nashik,Nashik,Nashik,Malegaon,Malegaon,20037448,"78 villages in Nandgaon, Malegaon and Deola talukas",Ghodegaon Chauki,682,1,0.00,0.00,0.99,0.00,0.00,0.00,0.00,0.00,0.00,145.72,0.00,0.00,0.00,0.00,18-Aug,19-Aug,20-Aug,21-Aug,22-Aug,23-Aug,24-Aug,18-Aug,19-Aug,20-Aug,21-Aug,22-Aug,23-Aug,24-Aug,6,6,1
Nashik,Nashik,Nashik,Malegaon,Malegaon,20037448,"78 villages in Nandgaon, Malegaon and Deola talukas",Gilane,1765,2,,0.00,0.00,0.00,0.00,0.00,0.00,,0.00,0.00,0.00,0.00,0.00,0.00,18-Aug,19-Aug,20-Aug,21-Aug,22-Aug,23-Aug,24-Aug,18-Aug,19-Aug,20-Aug,21-Aug,22-Aug,23-Aug,24-Aug,6,6,0
Nashik,Nashik,Nashik,Malegaon,Malegaon,20037448,"78 villages in Nandgaon, Malegaon and Deola talukas",Hiswal Bk,1875,1,0.00,0.00,0.00,0.00,0.00,0.00,0.00,0.00,0.00,0.00,0.00,0.00,0.01,0.00,18-Aug,19-Aug,20-Aug,21-Aug,22-Aug,23-Aug,24-Aug,18-Aug,19-Aug,20-Aug,21-Aug,22-Aug,23-Aug,24-Aug,6,7,0
Nashik,Nashik,Nashik,Malegaon,Malegaon,20037448,"78 villages in Nandgaon, Malegaon and Deola talukas",Hiswal Kh,1785,1,0.00,0.63,0.00,0.00,0.00,0.00,0.70,0.00,35.19,0.00,0.00,0.00,0.00,39.33,18-Aug,19-Aug,20-Aug,21-Aug,22-Aug,23-Aug,24-Aug,18-Aug,19-Aug,20-Aug,21-Aug,22-Aug,23-Aug,24-Aug,5,7,0
Nashik,Nashik,Nashik,Malegaon,Malegaon,20037448,"78 villages in Nandgaon, Malegaon and Deola talukas",Jalgaon,3726,2,0.00,0.00,0.00,0.00,0.00,0.00,0.68,0.00,0.00,0.00,0.00,0.00,0.00,18.14,18-Aug,19-Aug,20-Aug,21-Aug,22-Aug,23-Aug,24-Aug,18-Aug,19-Aug,20-Aug,21-Aug,22-Aug,23-Aug,24-Aug,6,7,0
Nashik,Nashik,Nashik,Malegaon,Malegaon,20037448,"78 villages in Nandgaon, Malegaon and Deola talukas",Jatpada,1571,2,0.00,0.00,0.00,0.00,0.15,0.00,0.00,0.00,0.00,0.00,0.00,9.29,0.00,0.00,18-Aug,19-Aug,20-Aug,21-Aug,22-Aug,23-Aug,24-Aug,18-Aug,19-Aug,20-Aug,21-Aug,22-Aug,23-Aug,24-Aug,6,7,0
Nashik,Nashik,Nashik,Malegaon,Malegaon,20037448,"78 villages in Nandgaon, Malegaon and Deola talukas",Jiwardi Bk,1174,2,0.28,0.00,0.24,0.00,0.42,0.00,0.42,23.92,0.00,20.83,0.00,35.52,0.00,35.41,18-Aug,19-Aug,20-Aug,21-Aug,22-Aug,23-Aug,24-Aug,18-Aug,19-Aug,20-Aug,21-Aug,22-Aug,23-Aug,24-Aug,3,7,0
Nashik,Nashik,Nashik,Malegaon,Malegaon,20037448,"78 villages in Nandgaon, Malegaon and Deola talukas",Krantinagar,1385,3,0.00,0.00,0.00,0.00,0.00,0.00,0.00,0.00,0.00,0.00,0.00,0.00,0.00,0.00,18-Aug,19-Aug,20-Aug,21-Aug,22-Aug,23-Aug,24-Aug,18-Aug,19-Aug,20-Aug,21-Aug,22-Aug,23-Aug,24-Aug,7,7,0
Nashik,Nashik,Nashik,Malegaon,Malegaon,20037448,"78 villages in Nandgaon, Malegaon and Deola talukas",Manikpunj,1335,3,0.06,0.33,0.00,0.00,0.00,0.00,0.00,4.17,24.83,0.00,0.00,0.00,0.00,0.00,18-Aug,19-Aug,20-Aug,21-Aug,22-Aug,23-Aug,24-Aug,18-Aug,19-Aug,20-Aug,21-Aug,22-Aug,23-Aug,24-Aug,5,7,0
Nashik,Nashik,Nashik,Malegaon,Malegaon,20037448,"78 villages in Nandgaon, Malegaon and Deola talukas",Manjare,1819,2,,0.00,0.00,0.97,0.00,0.00,0.00,,0.00,0.00,53.20,0.00,0.00,0.00,18-Aug,19-Aug,20-Aug,21-Aug,22-Aug,23-Aug,24-Aug,18-Aug,19-Aug,20-Aug,21-Aug,22-Aug,23-Aug,24-Aug,5,6,0
Nashik,Nashik,Nashik,Malegaon,Nandgaon,20037448,"78 villages in Nandgaon, Malegaon and Deola talukas",Manwad,3580,2,0.00,0.00,0.00,0.00,0.00,0.00,0.00,0.00,0.00,0.00,0.01,0.00,0.00,0.01,18-Aug,19-Aug,20-Aug,21-Aug,22-Aug,23-Aug,24-Aug,18-Aug,19-Aug,20-Aug,21-Aug,22-Aug,23-Aug,24-Aug,5,7,0
Nashik,Nashik,Nashik,Malegaon,Nandgaon,20037448,"78 villages in Nandgaon, Malegaon and Deola talukas",Mehune,3276,2,0.38,0.00,0.00,0.00,0.00,0.00,1.04,11.67,0.00,0.00,0.00,0.00,0.00,31.85,18-Aug,19-Aug,20-Aug,21-Aug,22-Aug,23-Aug,24-Aug,18-Aug,19-Aug,20-Aug,21-Aug,22-Aug,23-Aug,24-Aug,5,7,0
Nashik,Nashik,Nashik,Malegaon,Nandgaon,20037448,"78 villages in Nandgaon, Malegaon and Deola talukas",Nimgaon Bk,11399,3,1.27,1.52,2.69,2.15,1.01,1.31,1.11,11.17,13.34,23.59,18.88,8.86,11.50,9.76,18-Aug,19-Aug,20-Aug,21-Aug,22-Aug,23-Aug,24-Aug,18-Aug,19-Aug,20-Aug,21-Aug,22-Aug,23-Aug,24-Aug,0,7,0
Nashik,Nashik,Nashik,Malegaon,Nandgaon,20037448,"78 villages in Nandgaon, Malegaon and Deola talukas",Nimgaon Kh,1222,2,0.00,0.00,0.13,0.13,0.00,0.16,0.14,0.00,0.00,10.32,10.26,0.00,13.05,11.52,18-Aug,19-Aug,20-Aug,21-Aug,22-Aug,23-Aug,24-Aug,18-Aug,19-Aug,20-Aug,21-Aug,22-Aug,23-Aug,24-Aug,3,7,0
Nashik,Nashik,Nashik,Malegaon,Nandgaon,20037448,"78 villages in Nandgaon, Malegaon and Deola talukas",Nimgule,602,1,0.03,0.55,1.42,0.00,0.00,0.00,0.00,4.89,91.23,236.43,0.00,0.00,0.00,0.00,18-Aug,19-Aug,20-Aug,21-Aug,22-Aug,23-Aug,24-Aug,18-Aug,19-Aug,20-Aug,21-Aug,22-Aug,23-Aug,24-Aug,4,5,2
Nashik,Nashik,Nashik,Malegaon,Nandgaon,20037448,"78 villages in Nandgaon, Malegaon and Deola talukas",Patharde,879,2,0.63,1.57,2.49,1.03,0.36,0.35,0.28,71.59,178.53,283.03,117.02,40.67,39.74,32.30,18-Aug,19-Aug,20-Aug,21-Aug,22-Aug,23-Aug,24-Aug,18-Aug,19-Aug,20-Aug,21-Aug,22-Aug,23-Aug,24-Aug,0,3,4
Nashik,Nashik,Nashik,Malegaon,Nandgaon,20037448,"78 villages in Nandgaon, Malegaon and Deola talukas",Pimparkhed,2655,1,0.00,0.00,0.79,0.63,0.62,0.00,0.83,0.00,0.00,29.61,23.83,23.47,0.00,31.27,18-Aug,19-Aug,20-Aug,21-Aug,22-Aug,23-Aug,24-Aug,18-Aug,19-Aug,20-Aug,21-Aug,22-Aug,23-Aug,24-Aug,3,7,0
Nashik,Nashik,Nashik,Malegaon,Nandgaon,20037448,"78 villages in Nandgaon, Malegaon and Deola talukas",Pimprale,2160,2,0.16,0.00,0.00,0.00,0.00,0.00,0.00,7.36,0.00,0.00,0.00,0.00,0.00,0.00,18-Aug,19-Aug,20-Aug,21-Aug,22-Aug,23-Aug,24-Aug,18-Aug,19-Aug,20-Aug,21-Aug,22-Aug,23-Aug,24-Aug,6,7,0
Nashik,Nashik,Nashik,Malegaon,Nandgaon,20037448,"78 villages in Nandgaon, Malegaon and Deola talukas",Pimpri Haveli,2550,1,1.05,1.03,0.96,0.73,0.49,0.18,0.72,41.01,40.58,37.57,28.62,19.11,6.94,28.13,18-Aug,19-Aug,20-Aug,21-Aug,22-Aug,23-Aug,24-Aug,18-Aug,19-Aug,20-Aug,21-Aug,22-Aug,23-Aug,24-Aug,0,7,0
Nashik,Nashik,Nashik,Malegaon,Nandgaon,20037448,"78 villages in Nandgaon, Malegaon and Deola talukas",Sakuri,3920,2,0.00,0.67,1.17,0.64,0.00,0.00,0.00,0.00,17.06,29.95,16.20,0.00,0.00,0.00,18-Aug,19-Aug,20-Aug,21-Aug,22-Aug,23-Aug,24-Aug,18-Aug,19-Aug,20-Aug,21-Aug,22-Aug,23-Aug,24-Aug,4,7,0
Nashik,Nashik,Nashik,Malegaon,Nandgaon,20037448,"78 villages in Nandgaon, Malegaon and Deola talukas",Saundane,9450,3,1.69,2.31,0.25,2.43,0.15,2.37,0.14,17.89,24.40,2.67,25.69,1.62,25.10,1.43,18-Aug,19-Aug,20-Aug,21-Aug,22-Aug,23-Aug,24-Aug,18-Aug,19-Aug,20-Aug,21-Aug,22-Aug,23-Aug,24-Aug,0,7,0
Nashik,Nashik,Nashik,Malegaon,Nandgaon,20037448,"78 villages in Nandgaon, Malegaon and Deola talukas",Sawakarwadi,2811,3,0.00,0.00,0.00,0.00,1.43,0.45,0.00,0.00,0.00,0.00,0.00,50.95,15.93,0.00,18-Aug,19-Aug,20-Aug,21-Aug,22-Aug,23-Aug,24-Aug,18-Aug,19-Aug,20-Aug,21-Aug,22-Aug,23-Aug,24-Aug,5,7,0
Nashik,Nashik,Nashik,Malegaon,Nandgaon,20037448,"78 villages in Nandgaon, Malegaon and Deola talukas",Shirsondi,1807,2,0.46,0.24,0.72,0.32,0.33,0.07,0.18,25.40,13.54,39.77,17.61,18.05,3.70,9.76,18-Aug,19-Aug,20-Aug,21-Aug,22-Aug,23-Aug,24-Aug,18-Aug,19-Aug,20-Aug,21-Aug,22-Aug,23-Aug,24-Aug,0,7,0
Nashik,Nashik,Nashik,Malegaon,Nandgaon,20037448,"78 villages in Nandgaon, Malegaon and Deola talukas",Soygaon,1680,2,0.00,0.00,0.66,0.00,0.00,0.92,0.00,0.00,0.00,39.40,0.00,0.00,54.72,0.00,18-Aug,19-Aug,20-Aug,21-Aug,22-Aug,23-Aug,24-Aug,18-Aug,19-Aug,20-Aug,21-Aug,22-Aug,23-Aug,24-Aug,5,7,0
Nashik,Nashik,Nashik,Malegaon,Nandgaon,20037448,"78 villages in Nandgaon, Malegaon and Deola talukas",Takli,4532,3,0.50,0.00,0.73,0.00,0.00,0.00,0.72,11.08,0.00,16.15,0.00,0.00,0.00,15.94,18-Aug,19-Aug,20-Aug,21-Aug,22-Aug,23-Aug,24-Aug,18-Aug,19-Aug,20-Aug,21-Aug,22-Aug,23-Aug,24-Aug,4,7,0
Nashik,Nashik,Nashik,Malegaon,Nandgaon,20037448,"78 villages in Nandgaon, Malegaon and Deola talukas",Takli Bk,1965,3,0.00,0.00,0.61,0.00,0.00,0.18,0.21,0.00,0.01,31.03,0.00,0.00,8.99,10.51,18-Aug,19-Aug,20-Aug,21-Aug,22-Aug,23-Aug,24-Aug,18-Aug,19-Aug,20-Aug,21-Aug,22-Aug,23-Aug,24-Aug,3,7,0
Nashik,Nashik,Nashik,Malegaon,Nandgaon,20037448,"78 villages in Nandgaon, Malegaon and Deola talukas",Tandulwadi,915,2,0.09,0.63,1.15,0.35,0.60,0.13,0.00,9.99,68.70,125.56,38.37,65.48,14.65,0.23,18-Aug,19-Aug,20-Aug,21-Aug,22-Aug,23-Aug,24-Aug,18-Aug,19-Aug,20-Aug,21-Aug,22-Aug,23-Aug,24-Aug,0,4,3
Nashik,Nashik,Nashik,Malegaon,Nandgaon,20037448,"78 villages in Nandgaon, Malegaon and Deola talukas",Varhale,1036,1,0.00,0.00,0.00,0.00,0.97,0.00,0.00,0.00,0.00,0.00,0.00,93.63,0.00,0.00,18-Aug,19-Aug,20-Aug,21-Aug,22-Aug,23-Aug,24-Aug,18-Aug,19-Aug,20-Aug,21-Aug,22-Aug,23-Aug,24-Aug,6,6,1
Nashik,Nashik,Nashik,Malegaon,Nandgaon,20037448,"78 villages in Nandgaon, Malegaon and Deola talukas",Varhane,2285,3,0.40,0.34,0.59,0.16,0.97,0.00,0.53,17.57,14.70,25.91,7.03,42.62,0.00,23.18,18-Aug,19-Aug,20-Aug,21-Aug,22-Aug,23-Aug,24-Aug,18-Aug,19-Aug,20-Aug,21-Aug,22-Aug,23-Aug,24-Aug,1,7,0
Nashik,Nashik,Nashik,Malegaon,Nandgaon,20037448,"78 villages in Nandgaon, Malegaon and Deola talukas",Wakhari,2400,2,0.00,0.00,0.64,0.03,0.00,0.22,0.00,0.00,0.00,26.54,1.08,0.00,9.08,0.00,18-Aug,19-Aug,20-Aug,21-Aug,22-Aug,23-Aug,24-Aug,18-Aug,19-Aug,20-Aug,21-Aug,22-Aug,23-Aug,24-Aug,4,7,0
Nashik,Nashik,Nashik,Malegaon,Nandgaon,20037448,"78 villages in Nandgaon, Malegaon and Deola talukas",Yesgaon Bk,3698,2,0.60,0.12,0.00,1.55,0.00,0.00,0.51,16.21,3.19,0.00,41.84,0.00,0.00,13.77,18-Aug,19-Aug,20-Aug,21-Aug,22-Aug,23-Aug,24-Aug,18-Aug,19-Aug,20-Aug,21-Aug,22-Aug,23-Aug,24-Aug,3,7,0
Nashik,Nashik,Nashik,Malegaon,Nandgaon,20037448,"78 villages in Nandgaon, Malegaon and Deola talukas",Yesgaon Kh,2429,2,0.00,0.00,0.00,0.00,0.00,0.00,0.00,0.00,0.00,0.00,0.00,0.00,0.00,0.00,18-Aug,19-Aug,20-Aug,21-Aug,22-Aug,23-Aug,24-Aug,18-Aug,19-Aug,20-Aug,21-Aug,22-Aug,23-Aug,24-Aug,7,7,0
Nashik,Nashik,Nashik,Manmad,Nifad,456654,"Retro. Lasalgaon Vinchur 16 Villages, Tal. Nifad",Bokaddara,2968,1,0.48,0.68,0.50,0.52,0.71,0.76,0.74,16.05,22.80,16.92,17.49,24.08,25.61,24.85,18-Aug,19-Aug,20-Aug,21-Aug,22-Aug,23-Aug,24-Aug,18-Aug,19-Aug,20-Aug,21-Aug,22-Aug,23-Aug,24-Aug,0,7,0
Nashik,Nashik,Nashik,Manmad,Nifad,456654,"Retro. Lasalgaon Vinchur 16 Villages, Tal. Nifad",Brahmangaon,9640,1,0.00,0.15,0.00,0.58,0.00,0.00,0.00,0.00,1.60,0.00,6.07,0.00,0.00,0.00,18-Aug,19-Aug,20-Aug,21-Aug,22-Aug,23-Aug,24-Aug,18-Aug,19-Aug,20-Aug,21-Aug,22-Aug,23-Aug,24-Aug,5,7,0
Nashik,Nashik,Nashik,Manmad,Nifad,456654,"Retro. Lasalgaon Vinchur 16 Villages, Tal. Nifad",Dharangaon Khadak,3648,1,0.07,0.07,0.90,0.09,1.33,0.24,1.23,1.93,1.92,24.77,2.35,36.58,6.57,33.70,18-Aug,19-Aug,20-Aug,21-Aug,22-Aug,23-Aug,24-Aug,18-Aug,19-Aug,20-Aug,21-Aug,22-Aug,23-Aug,24-Aug,0,7,0
Nashik,Nashik,Nashik,Manmad,Nifad,456654,"Retro. Lasalgaon Vinchur 16 Villages, Tal. Nifad",Dharangaon Veer,3494,1,0.89,1.25,0.00,1.23,0.00,1.26,0.00,25.48,35.77,0.00,35.25,0.00,35.99,0.00,18-Aug,19-Aug,20-Aug,21-Aug,22-Aug,23-Aug,24-Aug,18-Aug,19-Aug,20-Aug,21-Aug,22-Aug,23-Aug,24-Aug,3,7,0
Nashik,Nashik,Nashik,Manmad,Nifad,456654,"Retro. Lasalgaon Vinchur 16 Villages, Tal. Nifad",Dongargaon,5460,1,0.64,1.03,0.08,0.41,1.33,0.13,0.11,11.77,18.87,1.54,7.51,24.43,2.41,1.99,18-Aug,19-Aug,20-Aug,21-Aug,22-Aug,23-Aug,24-Aug,18-Aug,19-Aug,20-Aug,21-Aug,22-Aug,23-Aug,24-Aug,0,7,0
Nashik,Nashik,Nashik,Manmad,Nifad,456654,"Retro. Lasalgaon Vinchur 16 Villages, Tal. Nifad",Hanuman Nagar,2684,1,0.51,0.79,0.43,0.68,0.64,0.63,0.73,18.96,29.56,15.88,25.41,23.79,23.35,27.21,18-Aug,19-Aug,20-Aug,21-Aug,22-Aug,23-Aug,24-Aug,18-Aug,19-Aug,20-Aug,21-Aug,22-Aug,23-Aug,24-Aug,0,7,0
Nashik,Nashik,Nashik,Manmad,Nifad,456654,"Retro. Lasalgaon Vinchur 16 Villages, Tal. Nifad",Kotamgaon,4189,2,0.81,0.12,0.00,1.01,0.00,0.06,0.02,19.31,2.88,0.00,24.07,0.00,1.44,0.55,18-Aug,19-Aug,20-Aug,21-Aug,22-Aug,23-Aug,24-Aug,18-Aug,19-Aug,20-Aug,21-Aug,22-Aug,23-Aug,24-Aug,2,7,0
Nashik,Nashik,Nashik,Manmad,Nifad,456654,"Retro. Lasalgaon Vinchur 16 Villages, Tal. Nifad",Lasalgaon,19821,5,12.44,13.29,2.07,0.00,0.00,0.72,5.06,62.77,67.05,10.46,0.00,0.00,3.62,25.52,18-Aug,19-Aug,20-Aug,21-Aug,22-Aug,23-Aug,24-Aug,18-Aug,19-Aug,20-Aug,21-Aug,22-Aug,23-Aug,24-Aug,2,5,2
Nashik,Nashik,Nashik,Manmad,Nifad,456654,"Retro. Lasalgaon Vinchur 16 Villages, Tal. Nifad",Nandgaon,3266,1,,0.00,0.00,0.00,0.00,0.00,0.00,,0.00,0.00,0.00,0.00,0.00,0.00,18-Aug,19-Aug,20-Aug,21-Aug,22-Aug,23-Aug,24-Aug,18-Aug,19-Aug,20-Aug,21-Aug,22-Aug,23-Aug,24-Aug,6,6,0
Nashik,Nashik,Nashik,Manmad,Nifad,456654,"Retro. Lasalgaon Vinchur 16 Villages, Tal. Nifad",Nimgaon Wakada,3798,1,0.42,0.58,0.00,0.19,0.00,0.81,0.35,11.00,15.29,0.00,5.12,0.00,21.27,9.27,18-Aug,19-Aug,20-Aug,21-Aug,22-Aug,23-Aug,24-Aug,18-Aug,19-Aug,20-Aug,21-Aug,22-Aug,23-Aug,24-Aug,2,7,0
Nashik,Nashik,Nashik,Manmad,Nifad,456654,"Retro. Lasalgaon Vinchur 16 Villages, Tal. Nifad",Pimpalgaon Najik,11607,2,3.44,3.09,2.56,0.68,0.01,0.01,0.77,29.60,26.61,22.02,5.84,0.07,0.06,6.66,18-Aug,19-Aug,20-Aug,21-Aug,22-Aug,23-Aug,24-Aug,18-Aug,19-Aug,20-Aug,21-Aug,22-Aug,23-Aug,24-Aug,0,7,0
Nashik,Nashik,Nashik,Manmad,Nifad,456654,"Retro. Lasalgaon Vinchur 16 Villages, Tal. Nifad",Subhash Nagar,1532,1,0.00,0.00,0.00,0.00,0.00,0.00,0.00,0.00,0.01,0.00,0.01,0.02,0.00,0.00,18-Aug,19-Aug,20-Aug,21-Aug,22-Aug,23-Aug,24-Aug,18-Aug,19-Aug,20-Aug,21-Aug,22-Aug,23-Aug,24-Aug,4,7,0
Nashik,Nashik,Nashik,Manmad,Nifad,456654,"Retro. Lasalgaon Vinchur 16 Villages, Tal. Nifad",Takali Vinchur,9423,2,1.22,0.52,0.00,0.48,0.00,0.00,0.00,12.94,5.54,0.00,5.09,0.00,0.00,0.00,18-Aug,19-Aug,20-Aug,21-Aug,22-Aug,23-Aug,24-Aug,18-Aug,19-Aug,20-Aug,21-Aug,22-Aug,23-Aug,24-Aug,4,7,0
Nashik,Nashik,Nashik,Manmad,Nifad,456654,"Retro. Lasalgaon Vinchur 16 Villages, Tal. Nifad",Vinchur,16088,3,6.53,0.67,2.18,0.00,0.00,0.45,8.06,40.60,4.18,13.58,0.00,0.00,2.80,50.12,18-Aug,19-Aug,20-Aug,21-Aug,22-Aug,23-Aug,24-Aug,18-Aug,19-Aug,20-Aug,21-Aug,22-Aug,23-Aug,24-Aug,2,7,0
Nashik,Nashik,Nashik,Manmad,Nifad,456654,"Retro. Lasalgaon Vinchur 16 Villages, Tal. Nifad",Vishnu Nagar,1254,1,0.60,0.79,0.05,0.90,0.77,0.70,0.74,47.85,62.84,3.82,71.58,61.42,55.53,58.61,18-Aug,19-Aug,20-Aug,21-Aug,22-Aug,23-Aug,24-Aug,18-Aug,19-Aug,20-Aug,21-Aug,22-Aug,23-Aug,24-Aug,0,2,5
Nashik,Nashik,Nashik,Manmad,Nifad,456654,"Retro. Lasalgaon Vinchur 16 Villages, Tal. Nifad",Vitthalwadi,1029,1,0.78,1.11,0.09,0.00,0.00,0.22,0.49,76.13,107.91,8.35,0.00,0.00,21.83,47.97,18-Aug,19-Aug,20-Aug,21-Aug,22-Aug,23-Aug,24-Aug,18-Aug,19-Aug,20-Aug,21-Aug,22-Aug,23-Aug,24-Aug,2,5,2
Nashik,Nashik,Nashik,Manmad,Yeola,20030798,Retrofitting To Yeola 38 Villages,Adgaon chautha,2244,1,,0.00,0.00,0.00,0.00,0.00,0.00,,0.00,0.00,0.00,0.00,0.00,0.00,18-Aug,19-Aug,20-Aug,21-Aug,22-Aug,23-Aug,24-Aug,18-Aug,19-Aug,20-Aug,21-Aug,22-Aug,23-Aug,24-Aug,6,6,0
Nashik,Nashik,Nashik,Manmad,Yeola,20030798,Retrofitting To Yeola 38 Villages,Andarsul,15233,2,,0.00,0.00,0.00,10.35,7.17,0.00,,0.01,0.00,0.00,67.96,47.05,0.00,18-Aug,19-Aug,20-Aug,21-Aug,22-Aug,23-Aug,24-Aug,18-Aug,19-Aug,20-Aug,21-Aug,22-Aug,23-Aug,24-Aug,3,5,1
Nashik,Nashik,Nashik,Manmad,Yeola,20030798,Retrofitting To Yeola 38 Villages,Ankute,2366,1,,0.00,0.00,0.00,2.38,0.18,0.07,,0.00,0.00,0.00,100.71,7.79,2.81,18-Aug,19-Aug,20-Aug,21-Aug,22-Aug,23-Aug,24-Aug,18-Aug,19-Aug,20-Aug,21-Aug,22-Aug,23-Aug,24-Aug,3,5,1
Nashik,Nashik,Nashik,Manmad,Yeola,20030798,Retrofitting To Yeola 38 Villages,Babulgaon Bk.,1774,1,,1.38,5.29,5.14,1.21,0.00,0.00,,77.76,298.24,289.68,67.99,0.00,0.00,18-Aug,19-Aug,20-Aug,21-Aug,22-Aug,23-Aug,24-Aug,18-Aug,19-Aug,20-Aug,21-Aug,22-Aug,23-Aug,24-Aug,2,2,4
Nashik,Nashik,Nashik,Manmad,Yeola,20030798,Retrofitting To Yeola 38 Villages,Bharam,1595,1,,0.00,0.00,0.00,0.00,0.00,0.00,,0.00,0.00,0.00,0.00,0.00,0.00,18-Aug,19-Aug,20-Aug,21-Aug,22-Aug,23-Aug,24-Aug,18-Aug,19-Aug,20-Aug,21-Aug,22-Aug,23-Aug,24-Aug,6,6,0
Nashik,Nashik,Nashik,Manmad,Yeola,20030798,Retrofitting To Yeola 38 Villages,Dhamode,657,1,,0.00,0.00,0.00,0.00,0.00,0.00,,0.00,0.00,0.00,0.00,0.00,0.00,18-Aug,19-Aug,20-Aug,21-Aug,22-Aug,23-Aug,24-Aug,18-Aug,19-Aug,20-Aug,21-Aug,22-Aug,23-Aug,24-Aug,6,6,0
Nashik,Nashik,Nashik,Manmad,Yeola,20030798,Retrofitting To Yeola 38 Villages,Dhanora,1283,2,,2.06,5.62,2.92,0.40,7.11,0.64,,160.61,437.77,227.41,31.46,554.40,50.08,18-Aug,19-Aug,20-Aug,21-Aug,22-Aug,23-Aug,24-Aug,18-Aug,19-Aug,20-Aug,21-Aug,22-Aug,23-Aug,24-Aug,0,2,4
Nashik,Nashik,Nashik,Manmad,Yeola,20030798,Retrofitting To Yeola 38 Villages,Gawandgaon,3144,1,,0.00,0.00,0.00,0.00,0.00,0.00,,0.00,0.00,0.00,0.00,0.00,0.00,18-Aug,19-Aug,20-Aug,21-Aug,22-Aug,23-Aug,24-Aug,18-Aug,19-Aug,20-Aug,21-Aug,22-Aug,23-Aug,24-Aug,6,6,0
Nashik,Nashik,Nashik,Manmad,Yeola,20030798,Retrofitting To Yeola 38 Villages,Katarni,3110,1,,0.00,0.00,0.00,0.00,0.00,0.00,,0.00,0.00,0.00,0.00,0.00,0.00,18-Aug,19-Aug,20-Aug,21-Aug,22-Aug,23-Aug,24-Aug,18-Aug,19-Aug,20-Aug,21-Aug,22-Aug,23-Aug,24-Aug,6,6,0
Nashik,Nashik,Nashik,Manmad,Yeola,20030798,Retrofitting To Yeola 38 Villages,Kusur,2292,1,,0.00,0.00,0.00,0.00,0.00,0.00,,0.00,0.00,0.00,0.00,0.00,0.00,18-Aug,19-Aug,20-Aug,21-Aug,22-Aug,23-Aug,24-Aug,18-Aug,19-Aug,20-Aug,21-Aug,22-Aug,23-Aug,24-Aug,6,6,0
Nashik,Nashik,Nashik,Manmad,Yeola,20030798,Retrofitting To Yeola 38 Villages,N. Kheda BK.,1152,1,0.00,0.00,0.00,0.00,0.00,0.00,0.00,0.00,0.00,0.00,0.00,0.00,0.00,0.00,18-Aug,19-Aug,20-Aug,21-Aug,22-Aug,23-Aug,24-Aug,18-Aug,19-Aug,20-Aug,21-Aug,22-Aug,23-Aug,24-Aug,7,7,0
Nashik,Nashik,Nashik,Manmad,Yeola,20030798,Retrofitting To Yeola 38 Villages,N. Kheda KD,541,1,0.00,0.00,0.11,0.00,0.00,0.00,0.00,0.00,0.00,20.27,0.00,0.00,0.00,0.00,18-Aug,19-Aug,20-Aug,21-Aug,22-Aug,23-Aug,24-Aug,18-Aug,19-Aug,20-Aug,21-Aug,22-Aug,23-Aug,24-Aug,6,7,0
Nashik,Nashik,Nashik,Manmad,Yeola,20030798,Retrofitting To Yeola 38 Villages,Nagarsul,10277,1,0.00,0.00,0.00,0.00,0.00,0.00,0.00,0.00,0.00,0.00,0.00,0.00,0.00,0.00,18-Aug,19-Aug,20-Aug,21-Aug,22-Aug,23-Aug,24-Aug,18-Aug,19-Aug,20-Aug,21-Aug,22-Aug,23-Aug,24-Aug,7,7,0
Nashik,Nashik,Nashik,Manmad,Yeola,20030798,Retrofitting To Yeola 38 Villages,Nandesar,1025,1,,0.00,0.00,0.00,0.00,0.00,0.00,,0.00,0.00,0.00,0.01,0.00,0.00,18-Aug,19-Aug,20-Aug,21-Aug,22-Aug,23-Aug,24-Aug,18-Aug,19-Aug,20-Aug,21-Aug,22-Aug,23-Aug,24-Aug,5,6,0
Nashik,Nashik,Nashik,Manmad,Yeola,20030798,Retrofitting To Yeola 38 Villages,Nimgaon Madh,3048,1,,0.00,0.00,0.86,0.00,0.00,0.14,,0.00,0.00,28.32,0.00,0.00,4.70,18-Aug,19-Aug,20-Aug,21-Aug,22-Aug,23-Aug,24-Aug,18-Aug,19-Aug,20-Aug,21-Aug,22-Aug,23-Aug,24-Aug,4,6,0
Nashik,Nashik,Nashik,Manmad,Yeola,20030798,Retrofitting To Yeola 38 Villages,Pimpalgaon jalal,1412,1,,0.00,0.00,0.00,0.00,0.00,0.00,,0.00,0.00,0.00,0.00,0.00,0.00,18-Aug,19-Aug,20-Aug,21-Aug,22-Aug,23-Aug,24-Aug,18-Aug,19-Aug,20-Aug,21-Aug,22-Aug,23-Aug,24-Aug,6,6,0
Nashik,Nashik,Nashik,Manmad,Yeola,20030798,Retrofitting To Yeola 38 Villages,Pimpalkute BK.,811,1,,0.76,0.00,0.00,0.56,0.00,0.00,,93.50,0.00,0.00,68.90,0.00,0.00,18-Aug,19-Aug,20-Aug,21-Aug,22-Aug,23-Aug,24-Aug,18-Aug,19-Aug,20-Aug,21-Aug,22-Aug,23-Aug,24-Aug,4,4,2
Nashik,Nashik,Nashik,Manmad,Yeola,20030798,Retrofitting To Yeola 38 Villages,Pimpalkute Kh.,657,1,,0.00,0.00,0.00,0.00,0.00,0.00,,0.00,0.00,0.00,0.00,0.00,0.00,18-Aug,19-Aug,20-Aug,21-Aug,22-Aug,23-Aug,24-Aug,18-Aug,19-Aug,20-Aug,21-Aug,22-Aug,23-Aug,24-Aug,6,6,0
Nashik,Nashik,Nashik,Manmad,Yeola,20030798,Retrofitting To Yeola 38 Villages,Savargaon,3130,1,0.00,0.00,0.00,0.00,0.00,0.00,0.00,0.00,0.00,0.00,0.00,0.00,0.00,0.00,18-Aug,19-Aug,20-Aug,21-Aug,22-Aug,23-Aug,24-Aug,18-Aug,19-Aug,20-Aug,21-Aug,22-Aug,23-Aug,24-Aug,7,7,0
Nashik,Nashik,Nashik,Manmad,Yeola,20030798,Retrofitting To Yeola 38 Villages,Saygaon,3117,1,1.05,0.07,1.42,1.60,0.00,2.88,0.11,33.58,2.11,45.70,51.41,0.00,92.32,3.46,18-Aug,19-Aug,20-Aug,21-Aug,22-Aug,23-Aug,24-Aug,18-Aug,19-Aug,20-Aug,21-Aug,22-Aug,23-Aug,24-Aug,1,6,1
Nashik,Nashik,Nashik,Manmad,Yeola,20030798,Retrofitting To Yeola 38 Villages,Somthan Desh,2869,1,,0.00,0.00,0.00,0.00,0.00,0.00,,0.00,0.00,0.00,0.00,0.00,0.00,18-Aug,19-Aug,20-Aug,21-Aug,22-Aug,23-Aug,24-Aug,18-Aug,19-Aug,20-Aug,21-Aug,22-Aug,23-Aug,24-Aug,6,6,0
Nashik,Nashik,Nashik,Manmad,Yeola,20030798,Retrofitting To Yeola 38 Villages,Suregaon Rasta,2428,1,,0.00,0.00,0.00,0.00,0.00,0.00,,0.00,0.00,0.00,0.00,0.00,0.00,18-Aug,19-Aug,20-Aug,21-Aug,22-Aug,23-Aug,24-Aug,18-Aug,19-Aug,20-Aug,21-Aug,22-Aug,23-Aug,24-Aug,6,6,0
Nashik,Nashik,Nashik,Manmad,Yeola,20030798,Retrofitting To Yeola 38 Villages,Undirwadi,3087,1,,0.00,0.00,0.00,0.00,0.00,0.00,,0.00,0.00,0.00,0.00,0.00,0.00,18-Aug,19-Aug,20-Aug,21-Aug,22-Aug,23-Aug,24-Aug,18-Aug,19-Aug,20-Aug,21-Aug,22-Aug,23-Aug,24-Aug,6,6,0
Nashik,Nashik,Nashik,Manmad,Yeola,20030798,Retrofitting To Yeola 38 Villages,Vikharni,2325,1,,0.00,0.94,0.01,0.00,0.91,0.29,,0.00,40.52,0.41,0.00,39.19,12.43,18-Aug,19-Aug,20-Aug,21-Aug,22-Aug,23-Aug,24-Aug,18-Aug,19-Aug,20-Aug,21-Aug,22-Aug,23-Aug,24-Aug,2,6,0
Nashik,Nashik,Nashik,Manmad,Yeola,20030798,Retrofitting To Yeola 38 Villages,Visapur,1938,1,,0.00,0.00,0.70,0.00,0.25,0.64,,0.00,0.00,36.08,0.11,13.07,32.92,18-Aug,19-Aug,20-Aug,21-Aug,22-Aug,23-Aug,24-Aug,18-Aug,19-Aug,20-Aug,21-Aug,22-Aug,23-Aug,24-Aug,2,6,0
Nashik,Nashik,Nashik,Nashik,Peth,20083505,Surgane & 2 Vill RRWSS Tal.Peth,Ghubadsaka,0,1,0.00,0.00,0.00,0.00,0.00,0.00,0.00,0.00,0.00,0.00,0.00,0.00,0.00,0.00,18-Aug,19-Aug,20-Aug,21-Aug,22-Aug,23-Aug,24-Aug,18-Aug,19-Aug,20-Aug,21-Aug,22-Aug,23-Aug,24-Aug,7,7,0
Nashik,Nashik,Nashik,Nashik,Peth,20083505,Surgane & 2 Vill RRWSS Tal.Peth,Harangaon,1570,1,0.00,0.00,0.00,0.00,0.00,0.00,0.00,0.00,0.00,0.00,0.00,0.00,0.00,0.00,18-Aug,19-Aug,20-Aug,21-Aug,22-Aug,23-Aug,24-Aug,18-Aug,19-Aug,20-Aug,21-Aug,22-Aug,23-Aug,24-Aug,7,7,0
Nashik,Nashik,Nashik,Nashik,Peth,20083505,Surgane & 2 Vill RRWSS Tal.Peth,Surgane,1114,6,0.00,0.00,0.00,0.00,0.00,0.00,0.00,0.00,0.00,0.00,0.00,0.00,0.00,0.00,18-Aug,19-Aug,20-Aug,21-Aug,22-Aug,23-Aug,24-Aug,18-Aug,19-Aug,20-Aug,21-Aug,22-Aug,23-Aug,24-Aug,7,7,0
Nashik,Nashik,Nashik,Nashik,Trambakeshwar,20017222,Waghera & 14 RRWSS Tal Trambakeshwar,Bramhanwade,1232,1,0.00,0.00,0.00,0.00,0.00,0.00,0.00,0.00,0.00,0.00,0.00,0.00,0.00,0.00,18-Aug,19-Aug,20-Aug,21-Aug,22-Aug,23-Aug,24-Aug,18-Aug,19-Aug,20-Aug,21-Aug,22-Aug,23-Aug,24-Aug,7,7,0
Nashik,Nashik,Nashik,Nashik,Trambakeshwar,20017222,Waghera & 14 RRWSS Tal Trambakeshwar,Ganeshgaon,463,2,,0.00,0.00,0.00,0.00,0.00,0.00,,0.00,0.00,0.00,0.00,0.00,0.00,18-Aug,19-Aug,20-Aug,21-Aug,22-Aug,23-Aug,24-Aug,18-Aug,19-Aug,20-Aug,21-Aug,22-Aug,23-Aug,24-Aug,6,6,0
Nashik,Nashik,Nashik,Nashik,Trambakeshwar,20017222,Waghera & 14 RRWSS Tal Trambakeshwar,Gorthan,621,1,0.00,0.00,0.00,0.00,0.00,0.00,0.00,0.00,0.00,0.00,0.00,0.01,0.00,0.00,18-Aug,19-Aug,20-Aug,21-Aug,22-Aug,23-Aug,24-Aug,18-Aug,19-Aug,20-Aug,21-Aug,22-Aug,23-Aug,24-Aug,6,7,0
Nashik,Nashik,Nashik,Nashik,Trambakeshwar,20017222,Waghera & 14 RRWSS Tal Trambakeshwar,Kone,1655,2,0.00,0.00,0.00,0.00,0.00,0.00,0.00,0.00,0.00,0.00,0.00,0.00,0.00,0.00,18-Aug,19-Aug,20-Aug,21-Aug,22-Aug,23-Aug,24-Aug,18-Aug,19-Aug,20-Aug,21-Aug,22-Aug,23-Aug,24-Aug,7,7,0
Nashik,Nashik,Nashik,Nashik,Trambakeshwar,20017222,Waghera & 14 RRWSS Tal Trambakeshwar,Waghera,3746,2,0.46,0.51,0.60,0.67,0.09,0.10,0.00,12.17,13.74,16.00,17.77,2.43,2.54,0.00,18-Aug,19-Aug,20-Aug,21-Aug,22-Aug,23-Aug,24-Aug,18-Aug,19-Aug,20-Aug,21-Aug,22-Aug,23-Aug,24-Aug,1,7,0
Nashik,Nashik,Nashik,Nashik,Trambakeshwar,20017222,Waghera & 14 RRWSS Tal Trambakeshwar,Welunj,3013,2,,0.05,0.00,0.00,0.00,0.00,0.00,,1.59,0.00,0.00,0.00,0.00,0.00,18-Aug,19-Aug,20-Aug,21-Aug,22-Aug,23-Aug,24-Aug,18-Aug,19-Aug,20-Aug,21-Aug,22-Aug,23-Aug,24-Aug,5,6,0
Nashik,Nashik,Nashik,Sinnar,Sinnar,20019176,Retro. Bargaonpimpri & 6 VRWSS  Tal Sinnar,Gulwanch,6190,3,,0.00,0.62,0.53,0.06,0.00,0.28,,0.02,10.05,8.60,0.91,0.00,4.45,18-Aug,19-Aug,20-Aug,21-Aug,22-Aug,23-Aug,24-Aug,18-Aug,19-Aug,20-Aug,21-Aug,22-Aug,23-Aug,24-Aug,1,6,0
Nashik,Nashik,Nashik,Sinnar,Sinnar,20019176,Retro. Bargaonpimpri & 6 VRWSS  Tal Sinnar,Hiwargaon,2497,3,,0.20,0.00,0.00,0.03,0.19,0.00,,7.95,0.00,0.00,1.19,7.43,0.00,18-Aug,19-Aug,20-Aug,21-Aug,22-Aug,23-Aug,24-Aug,18-Aug,19-Aug,20-Aug,21-Aug,22-Aug,23-Aug,24-Aug,3,6,0
Nashik,Nashik,Nashik,Sinnar,Sinnar,20019176,Retro. Bargaonpimpri & 6 VRWSS  Tal Sinnar,K.P Nagar,1078,1,,0.00,0.00,0.00,0.00,0.00,0.00,,0.00,0.00,0.00,0.00,0.00,0.00,18-Aug,19-Aug,20-Aug,21-Aug,22-Aug,23-Aug,24-Aug,18-Aug,19-Aug,20-Aug,21-Aug,22-Aug,23-Aug,24-Aug,6,6,0
Nashik,Nashik,Nashik,Sinnar,Sinnar,20019176,Retro. Bargaonpimpri & 6 VRWSS  Tal Sinnar,Nimgaon Sinnar,4811,3,,0.49,0.00,0.00,0.28,0.00,0.33,,10.22,0.00,0.00,5.76,0.00,6.79,18-Aug,19-Aug,20-Aug,21-Aug,22-Aug,23-Aug,24-Aug,18-Aug,19-Aug,20-Aug,21-Aug,22-Aug,23-Aug,24-Aug,3,6,0
Nashik,Nashik,Nashik,Sinnar,Sinnar,20019176,Retro. Bargaonpimpri & 6 VRWSS  Tal Sinnar,Pat Pimpri,4002,2,,0.31,0.00,0.00,0.33,0.00,0.00,,7.81,0.00,0.00,8.25,0.00,0.00,18-Aug,19-Aug,20-Aug,21-Aug,22-Aug,23-Aug,24-Aug,18-Aug,19-Aug,20-Aug,21-Aug,22-Aug,23-Aug,24-Aug,4,6,0
Nashik,Nashik,Nashik,Sinnar,Sinnar,20019176,Retro. Bargaonpimpri & 6 VRWSS  Tal Sinnar,Sunderpur,2212,2,,0.00,0.00,0.00,0.00,0.00,0.00,,0.00,0.00,0.00,0.00,0.00,0.00,18-Aug,19-Aug,20-Aug,21-Aug,22-Aug,23-Aug,24-Aug,18-Aug,19-Aug,20-Aug,21-Aug,22-Aug,23-Aug,24-Aug,6,6,0
Nashik,Nashik,Nashik,Sinnar,Sinnar,20019286,"Nirhale-Fatehpur and 5 villages, Tal. Sinnar",Kankori,2427,2,,0.00,0.00,0.00,0.00,0.00,0.00,,0.00,0.00,0.00,0.00,0.00,0.00,18-Aug,19-Aug,20-Aug,21-Aug,22-Aug,23-Aug,24-Aug,18-Aug,19-Aug,20-Aug,21-Aug,22-Aug,23-Aug,24-Aug,6,6,0
Nashik,Nashik,Nashik,Sinnar,Sinnar,20019286,"Nirhale-Fatehpur and 5 villages, Tal. Sinnar",Manori,4139,2,,0.00,0.00,0.00,0.00,0.00,0.00,,0.00,0.00,0.00,0.00,0.00,0.00,18-Aug,19-Aug,20-Aug,21-Aug,22-Aug,23-Aug,24-Aug,18-Aug,19-Aug,20-Aug,21-Aug,22-Aug,23-Aug,24-Aug,6,6,0
Nashik,Nashik,Nashik,Sinnar,Sinnar,20019286,"Nirhale-Fatehpur and 5 villages, Tal. Sinnar",Marhal (Bk.),2934,1,,7.08,0.00,9.83,7.36,0.39,0.00,,241.40,0.00,335.12,250.88,13.30,0.00,18-Aug,19-Aug,20-Aug,21-Aug,22-Aug,23-Aug,24-Aug,18-Aug,19-Aug,20-Aug,21-Aug,22-Aug,23-Aug,24-Aug,2,3,3
Nashik,Nashik,Nashik,Sinnar,Sinnar,20019286,"Nirhale-Fatehpur and 5 villages, Tal. Sinnar",Nandur Shingote,6496,5,,0.00,0.00,0.00,0.00,0.00,0.00,,0.00,0.00,0.00,0.00,0.00,0.00,18-Aug,19-Aug,20-Aug,21-Aug,22-Aug,23-Aug,24-Aug,18-Aug,19-Aug,20-Aug,21-Aug,22-Aug,23-Aug,24-Aug,6,6,0
Nashik,Nashik,W M Nashik,Malegaon,Chandwad,20086730,Retro.Chandwad and WSS 44 villages. Ta. Chandwad,Ahirkhede,1089,1,,0.00,0.00,0.00,0.00,0.00,0.00,,0.00,0.00,0.00,0.00,0.00,0.00,18-Aug,19-Aug,20-Aug,21-Aug,22-Aug,23-Aug,24-Aug,18-Aug,19-Aug,20-Aug,21-Aug,22-Aug,23-Aug,24-Aug,6,6,0
Nashik,Nashik,W M Nashik,Malegaon,Chandwad,20086730,Retro.Chandwad and WSS 44 villages. Ta. Chandwad,Asarkhede,1473,1,0.00,0.00,0.00,0.00,0.00,0.00,0.00,0.00,0.00,0.00,0.00,0.00,0.00,0.00,18-Aug,19-Aug,20-Aug,21-Aug,22-Aug,23-Aug,24-Aug,18-Aug,19-Aug,20-Aug,21-Aug,22-Aug,23-Aug,24-Aug,7,7,0
Nashik,Nashik,W M Nashik,Malegaon,Chandwad,20086730,Retro.Chandwad and WSS 44 villages. Ta. Chandwad,Bharvir,1288,2,,0.00,0.00,0.00,0.00,0.00,0.00,,0.00,0.00,0.00,0.00,0.00,0.00,18-Aug,19-Aug,20-Aug,21-Aug,22-Aug,23-Aug,24-Aug,18-Aug,19-Aug,20-Aug,21-Aug,22-Aug,23-Aug,24-Aug,6,6,0
Nashik,Nashik,W M Nashik,Malegaon,Chandwad,20086730,Retro.Chandwad and WSS 44 villages. Ta. Chandwad,Bhutyane,1557,1,,0.00,0.00,0.53,0.00,0.00,0.00,,0.00,0.00,34.04,0.00,0.00,0.00,18-Aug,19-Aug,20-Aug,21-Aug,22-Aug,23-Aug,24-Aug,18-Aug,19-Aug,20-Aug,21-Aug,22-Aug,23-Aug,24-Aug,5,6,0
Nashik,Nashik,W M Nashik,Malegaon,Chandwad,20086730,Retro.Chandwad and WSS 44 villages. Ta. Chandwad,Chinchole,914,1,,0.00,0.00,0.13,0.00,0.00,0.04,,0.00,0.00,14.44,0.00,0.00,4.55,18-Aug,19-Aug,20-Aug,21-Aug,22-Aug,23-Aug,24-Aug,18-Aug,19-Aug,20-Aug,21-Aug,22-Aug,23-Aug,24-Aug,4,6,0
Nashik,Nashik,W M Nashik,Malegaon,Chandwad,20086730,Retro.Chandwad and WSS 44 villages. Ta. Chandwad,Dahiwad,639,1,,0.00,0.00,0.00,0.00,0.54,0.00,,0.00,0.00,0.00,0.00,84.88,0.00,18-Aug,19-Aug,20-Aug,21-Aug,22-Aug,23-Aug,24-Aug,18-Aug,19-Aug,20-Aug,21-Aug,22-Aug,23-Aug,24-Aug,5,5,1
Nashik,Nashik,W M Nashik,Malegaon,Chandwad,20086730,Retro.Chandwad and WSS 44 villages. Ta. Chandwad,Dhodambe,4197,1,,0.28,0.45,1.11,1.00,1.01,0.38,,6.78,10.65,26.54,23.91,24.04,8.96,18-Aug,19-Aug,20-Aug,21-Aug,22-Aug,23-Aug,24-Aug,18-Aug,19-Aug,20-Aug,21-Aug,22-Aug,23-Aug,24-Aug,0,6,0
Nashik,Nashik,W M Nashik,Malegaon,Chandwad,20086730,Retro.Chandwad and WSS 44 villages. Ta. Chandwad,Dighwad,2462,1,,0.00,0.00,0.00,0.00,0.00,0.00,,0.00,0.00,0.00,0.00,0.00,0.00,18-Aug,19-Aug,20-Aug,21-Aug,22-Aug,23-Aug,24-Aug,18-Aug,19-Aug,20-Aug,21-Aug,22-Aug,23-Aug,24-Aug,6,6,0
Nashik,Nashik,W M Nashik,Malegaon,Chandwad,20086730,Retro.Chandwad and WSS 44 villages. Ta. Chandwad,Dongargaon,1649,1,,0.00,0.00,0.00,0.76,0.00,0.00,,0.00,0.00,0.00,46.02,0.00,0.00,18-Aug,19-Aug,20-Aug,21-Aug,22-Aug,23-Aug,24-Aug,18-Aug,19-Aug,20-Aug,21-Aug,22-Aug,23-Aug,24-Aug,5,6,0
Nashik,Nashik,W M Nashik,Malegaon,Chandwad,20086730,Retro.Chandwad and WSS 44 villages. Ta. Chandwad,Dugaon,4741,1,0.00,1.55,1.72,3.66,1.96,0.46,0.00,0.00,32.60,36.29,77.27,41.34,9.79,0.00,18-Aug,19-Aug,20-Aug,21-Aug,22-Aug,23-Aug,24-Aug,18-Aug,19-Aug,20-Aug,21-Aug,22-Aug,23-Aug,24-Aug,2,6,1
Nashik,Nashik,W M Nashik,Malegaon,Chandwad,20086730,Retro.Chandwad and WSS 44 villages. Ta. Chandwad,Ekrukhe,693,1,,0.00,0.00,0.21,0.00,0.00,0.00,,0.00,0.00,30.84,0.00,0.00,0.00,18-Aug,19-Aug,20-Aug,21-Aug,22-Aug,23-Aug,24-Aug,18-Aug,19-Aug,20-Aug,21-Aug,22-Aug,23-Aug,24-Aug,5,6,0
Nashik,Nashik,W M Nashik,Malegaon,Chandwad,20086730,Retro.Chandwad and WSS 44 villages. Ta. Chandwad,Gangave,1658,1,,0.00,0.00,0.00,0.23,0.69,0.00,,0.00,0.00,0.00,13.96,41.89,0.00,18-Aug,19-Aug,20-Aug,21-Aug,22-Aug,23-Aug,24-Aug,18-Aug,19-Aug,20-Aug,21-Aug,22-Aug,23-Aug,24-Aug,4,6,0
Nashik,Nashik,W M Nashik,Malegaon,Chandwad,20086730,Retro.Chandwad and WSS 44 villages. Ta. Chandwad,Ganur,2555,1,,0.17,0.15,0.18,0.85,0.00,0.00,,6.70,5.88,6.87,33.25,0.00,0.00,18-Aug,19-Aug,20-Aug,21-Aug,22-Aug,23-Aug,24-Aug,18-Aug,19-Aug,20-Aug,21-Aug,22-Aug,23-Aug,24-Aug,2,6,0
Nashik,Nashik,W M Nashik,Malegaon,Chandwad,20086730,Retro.Chandwad and WSS 44 villages. Ta. Chandwad,Harnul,1053,1,,0.00,0.00,0.00,0.00,0.00,0.00,,0.00,0.00,0.00,0.00,0.00,0.00,18-Aug,19-Aug,20-Aug,21-Aug,22-Aug,23-Aug,24-Aug,18-Aug,19-Aug,20-Aug,21-Aug,22-Aug,23-Aug,24-Aug,6,6,0
Nashik,Nashik,W M Nashik,Malegaon,Chandwad,20086730,Retro.Chandwad and WSS 44 villages. Ta. Chandwad,Hatti,1161,1,,0.14,0.36,0.00,0.33,0.00,0.00,,12.02,30.85,0.00,28.03,0.00,0.00,18-Aug,19-Aug,20-Aug,21-Aug,22-Aug,23-Aug,24-Aug,18-Aug,19-Aug,20-Aug,21-Aug,22-Aug,23-Aug,24-Aug,3,6,0
Nashik,Nashik,W M Nashik,Malegaon,Chandwad,20086730,Retro.Chandwad and WSS 44 villages. Ta. Chandwad,Jaitapur,580,1,,0.00,0.07,0.00,0.00,0.06,0.00,,0.00,11.98,0.00,0.00,10.19,0.00,18-Aug,19-Aug,20-Aug,21-Aug,22-Aug,23-Aug,24-Aug,18-Aug,19-Aug,20-Aug,21-Aug,22-Aug,23-Aug,24-Aug,4,6,0
Nashik,Nashik,W M Nashik,Malegaon,Chandwad,20086730,Retro.Chandwad and WSS 44 villages. Ta. Chandwad,Kalkhode,1543,2,,0.00,0.00,0.00,0.00,0.00,0.00,,0.00,0.00,0.00,0.00,0.00,0.00,18-Aug,19-Aug,20-Aug,21-Aug,22-Aug,23-Aug,24-Aug,18-Aug,19-Aug,20-Aug,21-Aug,22-Aug,23-Aug,24-Aug,6,6,0
Nashik,Nashik,W M Nashik,Malegaon,Chandwad,20086730,Retro.Chandwad and WSS 44 villages. Ta. Chandwad,Kanmandale,3261,2,,0.00,0.46,1.35,0.00,0.00,0.00,,0.00,14.07,41.38,0.00,0.00,0.00,18-Aug,19-Aug,20-Aug,21-Aug,22-Aug,23-Aug,24-Aug,18-Aug,19-Aug,20-Aug,21-Aug,22-Aug,23-Aug,24-Aug,4,6,0
Nashik,Nashik,W M Nashik,Malegaon,Chandwad,20086730,Retro.Chandwad and WSS 44 villages. Ta. Chandwad,Kheldari,2246,2,,0.00,0.00,0.00,0.00,0.00,0.00,,0.00,0.00,0.00,0.00,0.00,0.00,18-Aug,19-Aug,20-Aug,21-Aug,22-Aug,23-Aug,24-Aug,18-Aug,19-Aug,20-Aug,21-Aug,22-Aug,23-Aug,24-Aug,6,6,0
Nashik,Nashik,W M Nashik,Malegaon,Chandwad,20086730,Retro.Chandwad and WSS 44 villages. Ta. Chandwad,Kokankhede,1991,2,,0.00,0.00,0.00,0.00,0.00,0.00,,0.00,0.00,0.00,0.00,0.00,0.00,18-Aug,19-Aug,20-Aug,21-Aug,22-Aug,23-Aug,24-Aug,18-Aug,19-Aug,20-Aug,21-Aug,22-Aug,23-Aug,24-Aug,6,6,0
Nashik,Nashik,W M Nashik,Malegaon,Chandwad,20086730,Retro.Chandwad and WSS 44 villages. Ta. Chandwad,Koltek,796,1,,0.00,0.00,0.00,0.27,0.60,0.00,,0.00,0.00,0.00,33.33,75.07,0.00,18-Aug,19-Aug,20-Aug,21-Aug,22-Aug,23-Aug,24-Aug,18-Aug,19-Aug,20-Aug,21-Aug,22-Aug,23-Aug,24-Aug,4,5,1
Nashik,Nashik,W M Nashik,Malegaon,Chandwad,20086730,Retro.Chandwad and WSS 44 villages. Ta. Chandwad,Mangrul,2328,2,0.00,0.00,0.00,0.00,0.00,0.00,0.00,0.00,0.00,0.00,0.00,0.00,0.00,0.00,18-Aug,19-Aug,20-Aug,21-Aug,22-Aug,23-Aug,24-Aug,18-Aug,19-Aug,20-Aug,21-Aug,22-Aug,23-Aug,24-Aug,7,7,0
Nashik,Nashik,W M Nashik,Malegaon,Chandwad,20086730,Retro.Chandwad and WSS 44 villages. Ta. Chandwad,Nhanave,1019,1,0.59,0.00,0.00,0.07,0.00,0.04,0.88,58.29,0.00,0.00,7.18,0.00,4.36,86.14,18-Aug,19-Aug,20-Aug,21-Aug,22-Aug,23-Aug,24-Aug,18-Aug,19-Aug,20-Aug,21-Aug,22-Aug,23-Aug,24-Aug,3,5,2
Nashik,Nashik,W M Nashik,Malegaon,Chandwad,20086730,Retro.Chandwad and WSS 44 villages. Ta. Chandwad,Nimbale,2139,1,,0.00,0.00,0.00,0.09,3.26,0.00,,0.00,0.00,0.00,4.13,152.33,0.00,18-Aug,19-Aug,20-Aug,21-Aug,22-Aug,23-Aug,24-Aug,18-Aug,19-Aug,20-Aug,21-Aug,22-Aug,23-Aug,24-Aug,4,5,1
Nashik,Nashik,W M Nashik,Malegaon,Chandwad,20086730,Retro.Chandwad and WSS 44 villages. Ta. Chandwad,Nimgavhan,1004,1,0.00,0.00,0.00,0.00,0.00,0.00,0.00,0.00,0.00,0.00,0.00,0.00,0.00,0.00,18-Aug,19-Aug,20-Aug,21-Aug,22-Aug,23-Aug,24-Aug,18-Aug,19-Aug,20-Aug,21-Aug,22-Aug,23-Aug,24-Aug,7,7,0
Nashik,Nashik,W M Nashik,Malegaon,Chandwad,20086730,Retro.Chandwad and WSS 44 villages. Ta. Chandwad,Panhale,1484,1,,0.00,0.00,0.00,0.00,0.00,0.67,,0.00,0.00,0.19,0.00,0.00,45.47,18-Aug,19-Aug,20-Aug,21-Aug,22-Aug,23-Aug,24-Aug,18-Aug,19-Aug,20-Aug,21-Aug,22-Aug,23-Aug,24-Aug,4,6,0
Nashik,Nashik,W M Nashik,Malegaon,Chandwad,20086730,Retro.Chandwad and WSS 44 villages. Ta. Chandwad,Pate,985,1,0.00,0.00,0.00,0.00,0.00,0.00,0.00,0.00,0.00,0.00,0.00,0.00,0.00,0.00,18-Aug,19-Aug,20-Aug,21-Aug,22-Aug,23-Aug,24-Aug,18-Aug,19-Aug,20-Aug,21-Aug,22-Aug,23-Aug,24-Aug,7,7,0
Nashik,Nashik,W M Nashik,Malegaon,Chandwad,20086730,Retro.Chandwad and WSS 44 villages. Ta. Chandwad,Patharshembe,2150,1,,0.00,0.00,0.00,0.00,0.00,0.00,,0.00,0.00,0.00,0.00,0.00,0.00,18-Aug,19-Aug,20-Aug,21-Aug,22-Aug,23-Aug,24-Aug,18-Aug,19-Aug,20-Aug,21-Aug,22-Aug,23-Aug,24-Aug,6,6,0
Nashik,Nashik,W M Nashik,Malegaon,Chandwad,20086730,Retro.Chandwad and WSS 44 villages. Ta. Chandwad,Pimpalgaon Dabali,919,1,0.00,0.00,0.00,0.00,0.00,0.00,0.00,0.00,0.00,0.00,0.00,0.00,0.00,0.00,18-Aug,19-Aug,20-Aug,21-Aug,22-Aug,23-Aug,24-Aug,18-Aug,19-Aug,20-Aug,21-Aug,22-Aug,23-Aug,24-Aug,7,7,0
Nashik,Nashik,W M Nashik,Malegaon,Chandwad,20086730,Retro.Chandwad and WSS 44 villages. Ta. Chandwad,Puri,2836,1,0.00,0.00,0.00,0.00,0.00,0.00,0.00,0.00,0.00,0.00,0.00,0.00,0.00,0.00,18-Aug,19-Aug,20-Aug,21-Aug,22-Aug,23-Aug,24-Aug,18-Aug,19-Aug,20-Aug,21-Aug,22-Aug,23-Aug,24-Aug,7,7,0
Nashik,Nashik,W M Nashik,Malegaon,Chandwad,20086730,Retro.Chandwad and WSS 44 villages. Ta. Chandwad,Raypur,3624,1,,0.00,0.00,0.80,1.13,0.73,0.18,,0.00,0.00,21.96,31.28,20.08,4.87,18-Aug,19-Aug,20-Aug,21-Aug,22-Aug,23-Aug,24-Aug,18-Aug,19-Aug,20-Aug,21-Aug,22-Aug,23-Aug,24-Aug,2,6,0
Nashik,Nashik,W M Nashik,Malegaon,Chandwad,20086730,Retro.Chandwad and WSS 44 villages. Ta. Chandwad,Redgaon Kh,1898,1,0.00,0.00,0.00,0.00,0.00,0.00,0.00,0.00,0.00,0.00,0.00,0.00,0.00,0.00,18-Aug,19-Aug,20-Aug,21-Aug,22-Aug,23-Aug,24-Aug,18-Aug,19-Aug,20-Aug,21-Aug,22-Aug,23-Aug,24-Aug,7,7,0
Nashik,Nashik,W M Nashik,Malegaon,Chandwad,20086730,Retro.Chandwad and WSS 44 villages. Ta. Chandwad,Salsane,1435,1,0.00,0.00,0.00,0.00,0.00,0.00,0.00,0.00,0.00,0.00,0.00,0.00,0.00,0.00,18-Aug,19-Aug,20-Aug,21-Aug,22-Aug,23-Aug,24-Aug,18-Aug,19-Aug,20-Aug,21-Aug,22-Aug,23-Aug,24-Aug,7,7,0
Nashik,Nashik,W M Nashik,Malegaon,Chandwad,20086730,Retro.Chandwad and WSS 44 villages. Ta. Chandwad,Shelu Matha,1622,1,0.00,0.00,0.00,0.00,0.00,0.00,0.00,0.00,0.00,0.00,0.00,0.00,0.00,0.00,18-Aug,19-Aug,20-Aug,21-Aug,22-Aug,23-Aug,24-Aug,18-Aug,19-Aug,20-Aug,21-Aug,22-Aug,23-Aug,24-Aug,7,7,0
Nashik,Nashik,W M Nashik,Malegaon,Chandwad,20086730,Retro.Chandwad and WSS 44 villages. Ta. Chandwad,Shelu Varche,1622,1,0.00,0.00,0.00,0.00,0.00,0.00,0.00,0.00,0.00,0.00,0.00,0.00,0.00,0.00,18-Aug,19-Aug,20-Aug,21-Aug,22-Aug,23-Aug,24-Aug,18-Aug,19-Aug,20-Aug,21-Aug,22-Aug,23-Aug,24-Aug,7,7,0
Nashik,Nashik,W M Nashik,Malegaon,Chandwad,20086730,Retro.Chandwad and WSS 44 villages. Ta. Chandwad,Shinde,1804,2,,0.58,0.00,0.29,0.00,0.28,0.28,,32.40,0.00,16.05,0.00,15.74,15.63,18-Aug,19-Aug,20-Aug,21-Aug,22-Aug,23-Aug,24-Aug,18-Aug,19-Aug,20-Aug,21-Aug,22-Aug,23-Aug,24-Aug,2,6,0
Nashik,Nashik,W M Nashik,Malegaon,Chandwad,20086730,Retro.Chandwad and WSS 44 villages. Ta. Chandwad,Shirsane,1717,1,0.00,0.00,0.00,0.00,0.00,0.00,0.00,0.00,0.00,0.00,0.00,0.00,0.00,0.00,18-Aug,19-Aug,20-Aug,21-Aug,22-Aug,23-Aug,24-Aug,18-Aug,19-Aug,20-Aug,21-Aug,22-Aug,23-Aug,24-Aug,7,7,0
Nashik,Nashik,W M Nashik,Malegaon,Chandwad,20086730,Retro.Chandwad and WSS 44 villages. Ta. Chandwad,Shirur,1835,2,0.00,0.00,0.00,0.00,0.00,0.00,0.00,0.00,0.00,0.00,0.00,0.00,0.00,0.00,18-Aug,19-Aug,20-Aug,21-Aug,22-Aug,23-Aug,24-Aug,18-Aug,19-Aug,20-Aug,21-Aug,22-Aug,23-Aug,24-Aug,7,7,0
Nashik,Nashik,W M Nashik,Malegaon,Chandwad,20086730,Retro.Chandwad and WSS 44 villages. Ta. Chandwad,Sogras,1649,1,0.00,0.00,0.00,0.00,0.00,0.00,0.00,0.00,0.00,0.00,0.00,0.00,0.00,0.00,18-Aug,19-Aug,20-Aug,21-Aug,22-Aug,23-Aug,24-Aug,18-Aug,19-Aug,20-Aug,21-Aug,22-Aug,23-Aug,24-Aug,7,7,0
Nashik,Nashik,W M Nashik,Malegaon,Chandwad,20086730,Retro.Chandwad and WSS 44 villages. Ta. Chandwad,Soni Sangvi,764,1,0.00,0.00,0.00,0.41,0.00,0.06,0.38,0.00,0.00,0.00,53.70,0.00,7.71,49.66,18-Aug,19-Aug,20-Aug,21-Aug,22-Aug,23-Aug,24-Aug,18-Aug,19-Aug,20-Aug,21-Aug,22-Aug,23-Aug,24-Aug,4,7,0
Nashik,Nashik,W M Nashik,Malegaon,Chandwad,20086730,Retro.Chandwad and WSS 44 villages. Ta. Chandwad,Sutarkhede,1742,1,,0.00,0.00,0.80,0.00,0.00,0.93,,0.00,0.00,46.15,0.00,0.00,53.22,18-Aug,19-Aug,20-Aug,21-Aug,22-Aug,23-Aug,24-Aug,18-Aug,19-Aug,20-Aug,21-Aug,22-Aug,23-Aug,24-Aug,4,6,0
Nashik,Nashik,W M Nashik,Malegaon,Chandwad,20086730,Retro.Chandwad and WSS 44 villages. Ta. Chandwad,Talegaon Rohi,8039,1,0.00,0.00,0.00,0.00,0.00,0.00,0.00,0.00,0.00,0.00,0.00,0.00,0.00,0.00,18-Aug,19-Aug,20-Aug,21-Aug,22-Aug,23-Aug,24-Aug,18-Aug,19-Aug,20-Aug,21-Aug,22-Aug,23-Aug,24-Aug,7,7,0
Nashik,Nashik,W M Nashik,Malegaon,Chandwad,20086730,Retro.Chandwad and WSS 44 villages. Ta. Chandwad,Talwade,925,1,0.00,0.00,0.00,0.00,0.00,0.00,0.00,0.00,0.00,0.00,0.00,0.00,0.00,0.00,18-Aug,19-Aug,20-Aug,21-Aug,22-Aug,23-Aug,24-Aug,18-Aug,19-Aug,20-Aug,21-Aug,22-Aug,23-Aug,24-Aug,7,7,0
Nashik,Nashik,W M Nashik,Malegaon,Chandwad,20086730,Retro.Chandwad and WSS 44 villages. Ta. Chandwad,Vadalibhoi,9581,2,0.21,0.46,2.50,4.52,1.20,1.53,0.00,2.23,4.85,26.11,47.19,12.53,15.98,0.00,18-Aug,19-Aug,20-Aug,21-Aug,22-Aug,23-Aug,24-Aug,18-Aug,19-Aug,20-Aug,21-Aug,22-Aug,23-Aug,24-Aug,1,7,0
Nashik,Nashik,W M Nashik,Malegaon,Chandwad,20086730,Retro.Chandwad and WSS 44 villages. Ta. Chandwad,Vahegaonsal,4062,1,,0.00,0.00,0.00,0.00,0.93,0.00,,0.00,0.00,0.00,0.00,23.01,0.00,18-Aug,19-Aug,20-Aug,21-Aug,22-Aug,23-Aug,24-Aug,18-Aug,19-Aug,20-Aug,21-Aug,22-Aug,23-Aug,24-Aug,5,6,0
Nashik,Nashik,W M Nashik,Malegaon,Chandwad,20086730,Retro.Chandwad and WSS 44 villages. Ta. Chandwad,Vaki Bk,1542,1,0.00,0.00,0.00,0.00,0.00,0.00,0.00,0.00,0.00,0.00,0.00,0.00,0.00,0.00,18-Aug,19-Aug,20-Aug,21-Aug,22-Aug,23-Aug,24-Aug,18-Aug,19-Aug,20-Aug,21-Aug,22-Aug,23-Aug,24-Aug,7,7,0
Nashik,Nashik,W M Nashik,Malegaon,Chandwad,20086730,Retro.Chandwad and WSS 44 villages. Ta. Chandwad,Vaki Kh,2158,1,0.00,0.00,0.00,0.00,0.00,0.00,0.00,0.00,0.00,0.00,0.00,0.00,0.00,0.00,18-Aug,19-Aug,20-Aug,21-Aug,22-Aug,23-Aug,24-Aug,18-Aug,19-Aug,20-Aug,21-Aug,22-Aug,23-Aug,24-Aug,7,7,0
Nashik,Nashik,W M Nashik,Malegaon,Chandwad,20086730,Retro.Chandwad and WSS 44 villages. Ta. Chandwad,Vijaynagar,905,1,,0.00,0.00,0.26,0.00,0.00,0.24,,0.00,0.00,28.35,0.00,0.00,26.57,18-Aug,19-Aug,20-Aug,21-Aug,22-Aug,23-Aug,24-Aug,18-Aug,19-Aug,20-Aug,21-Aug,22-Aug,23-Aug,24-Aug,4,6,0
Nashik,Nashik,W M Nashik,Malegaon,Chandwad,20086730,Retro.Chandwad and WSS 44 villages. Ta. Chandwad,Vitave,1920,1,0.28,0.62,0.04,0.41,0.62,0.01,0.39,14.47,32.52,2.07,21.38,32.50,0.66,20.28,18-Aug,19-Aug,20-Aug,21-Aug,22-Aug,23-Aug,24-Aug,18-Aug,19-Aug,20-Aug,21-Aug,22-Aug,23-Aug,24-Aug,0,7,0
Nashik,Nashik,W M Nashik,Malegaon,Malegaon,20018579,Malmatha and 25 villages Ta. Malegaon,Astane,4436,3,4.99,4.73,1.02,1.74,1.28,5.02,13.29,112.43,106.62,23.05,39.26,28.77,113.25,299.60,18-Aug,19-Aug,20-Aug,21-Aug,22-Aug,23-Aug,24-Aug,18-Aug,19-Aug,20-Aug,21-Aug,22-Aug,23-Aug,24-Aug,0,3,4
Nashik,Nashik,W M Nashik,Malegaon,Malegaon,20018579,Malmatha and 25 villages Ta. Malegaon,Dahidi,2354,1,0.50,0.56,0.68,0.70,0.62,0.62,0.00,21.30,23.71,29.04,29.82,26.22,26.49,0.00,18-Aug,19-Aug,20-Aug,21-Aug,22-Aug,23-Aug,24-Aug,18-Aug,19-Aug,20-Aug,21-Aug,22-Aug,23-Aug,24-Aug,1,7,0
Nashik,Nashik,W M Nashik,Malegaon,Malegaon,20018579,Malmatha and 25 villages Ta. Malegaon,Dasane,1186,1,0.00,0.00,0.00,5.25,5.30,0.00,0.00,0.00,0.00,0.00,442.82,446.69,0.00,0.00,18-Aug,19-Aug,20-Aug,21-Aug,22-Aug,23-Aug,24-Aug,18-Aug,19-Aug,20-Aug,21-Aug,22-Aug,23-Aug,24-Aug,5,5,2
Nashik,Nashik,W M Nashik,Malegaon,Malegaon,20018579,Malmatha and 25 villages Ta. Malegaon,Lonwade,1505,1,,0.00,4.47,0.50,0.00,0.00,0.00,,0.00,297.04,33.40,0.00,0.00,0.00,18-Aug,19-Aug,20-Aug,21-Aug,22-Aug,23-Aug,24-Aug,18-Aug,19-Aug,20-Aug,21-Aug,22-Aug,23-Aug,24-Aug,4,5,1
Nashik,Nashik,W M Nashik,Malegaon,Malegaon,20018682,Dhahiwal &25 Villages WSS Tal Malegaon,Bodhe,540,2,1.75,0.00,0.00,0.00,0.00,0.00,4.81,324.65,0.00,0.00,0.00,0.00,0.00,891.27,18-Aug,19-Aug,20-Aug,21-Aug,22-Aug,23-Aug,24-Aug,18-Aug,19-Aug,20-Aug,21-Aug,22-Aug,23-Aug,24-Aug,5,5,2
Nashik,Nashik,W M Nashik,Malegaon,Malegaon,20018682,Dhahiwal &25 Villages WSS Tal Malegaon,Dahiwal,3362,2,0.00,0.63,0.00,5.90,10.21,0.00,0.00,0.12,18.78,0.00,175.39,303.60,0.01,0.07,18-Aug,19-Aug,20-Aug,21-Aug,22-Aug,23-Aug,24-Aug,18-Aug,19-Aug,20-Aug,21-Aug,22-Aug,23-Aug,24-Aug,1,5,2
Nashik,Nashik,W M Nashik,Malegaon,Malegaon,20018682,Dhahiwal &25 Villages WSS Tal Malegaon,Devarpada,3639,2,0.01,0.00,1.64,0.00,1.10,16.66,0.00,0.18,0.00,45.00,0.00,30.13,457.93,0.00,18-Aug,19-Aug,20-Aug,21-Aug,22-Aug,23-Aug,24-Aug,18-Aug,19-Aug,20-Aug,21-Aug,22-Aug,23-Aug,24-Aug,3,6,1
Nashik,Nashik,W M Nashik,Malegaon,Malegaon,20018682,Dhahiwal &25 Villages WSS Tal Malegaon,Hiswal,2038,1,0.60,2.56,0.00,0.00,0.00,0.00,0.00,29.25,125.53,0.00,0.00,0.00,0.00,0.00,18-Aug,19-Aug,20-Aug,21-Aug,22-Aug,23-Aug,24-Aug,18-Aug,19-Aug,20-Aug,21-Aug,22-Aug,23-Aug,24-Aug,5,6,1
Nashik,Nashik,W M Nashik,Malegaon,Malegaon,20018682,Dhahiwal &25 Villages WSS Tal Malegaon,Nale,575,1,0.00,0.00,3.11,0.17,0.00,0.00,0.00,0.00,0.15,540.47,28.95,0.00,0.00,0.00,18-Aug,19-Aug,20-Aug,21-Aug,22-Aug,23-Aug,24-Aug,18-Aug,19-Aug,20-Aug,21-Aug,22-Aug,23-Aug,24-Aug,4,6,1
Nashik,Nashik,W M Nashik,Malegaon,Malegaon,20018682,Dhahiwal &25 Villages WSS Tal Malegaon,Roze,1159,2,0.48,0.00,0.00,0.00,0.00,0.00,1.91,41.01,0.00,0.00,0.00,0.00,0.00,164.73,18-Aug,19-Aug,20-Aug,21-Aug,22-Aug,23-Aug,24-Aug,18-Aug,19-Aug,20-Aug,21-Aug,22-Aug,23-Aug,24-Aug,5,6,1
Nashik,Nashik,W M Nashik,Malegaon,Malegaon,20018682,Dhahiwal &25 Villages WSS Tal Malegaon,Shendurni,1323,2,0.00,4.73,0.61,0.33,0.00,0.92,0.00,0.00,357.53,45.88,25.15,0.00,69.65,0.00,18-Aug,19-Aug,20-Aug,21-Aug,22-Aug,23-Aug,24-Aug,18-Aug,19-Aug,20-Aug,21-Aug,22-Aug,23-Aug,24-Aug,3,5,2
Nashik,Nashik,W M Nashik,Malegaon,Malegaon,20018682,Dhahiwal &25 Villages WSS Tal Malegaon,Sherul,2637,2,0.11,3.44,0.00,0.00,0.00,0.00,0.00,4.11,130.44,0.00,0.00,0.00,0.00,0.00,18-Aug,19-Aug,20-Aug,21-Aug,22-Aug,23-Aug,24-Aug,18-Aug,19-Aug,20-Aug,21-Aug,22-Aug,23-Aug,24-Aug,5,6,1
Nashik,Nashik,W M Nashik,Sinnar,Naigaon,20028193,Retrofitting To Wadzire (Naigaon) & 4 Villages RRWSS,Moh- Mahadari,1025,1,,0.00,0.00,0.71,0.63,0.40,0.02,,0.00,0.00,69.11,61.41,38.56,2.18,18-Aug,19-Aug,20-Aug,21-Aug,22-Aug,23-Aug,24-Aug,18-Aug,19-Aug,20-Aug,21-Aug,22-Aug,23-Aug,24-Aug,2,4,2
Nashik,Nashik,W M Nashik,Sinnar,Naigaon,20028193,Retrofitting To Wadzire (Naigaon) & 4 Villages RRWSS,Wadzire,3369,2,,2.90,1.74,1.87,0.53,0.11,2.67,,86.17,51.76,55.62,15.83,3.29,79.36,18-Aug,19-Aug,20-Aug,21-Aug,22-Aug,23-Aug,24-Aug,18-Aug,19-Aug,20-Aug,21-Aug,22-Aug,23-Aug,24-Aug,0,3,3
Nashik,Nashik,W M Nashik,W.M.Nashik,Dindori,20039258,Ozar-Sakore & 2 Villages,Janori,7926,1,,2.67,2.74,2.36,2.62,2.65,2.64,,33.67,34.62,29.75,33.09,33.41,33.32,18-Aug,19-Aug,20-Aug,21-Aug,22-Aug,23-Aug,24-Aug,18-Aug,19-Aug,20-Aug,21-Aug,22-Aug,23-Aug,24-Aug,0,6,0
Nashik,Nashik,W M Nashik,W.M.Nashik,Dindori,20039258,Ozar-Sakore & 2 Villages,Mohadi,5078,3,,3.40,0.98,2.97,0.31,4.07,0.54,,67.01,19.37,58.53,6.13,80.06,10.58,18-Aug,19-Aug,20-Aug,21-Aug,22-Aug,23-Aug,24-Aug,18-Aug,19-Aug,20-Aug,21-Aug,22-Aug,23-Aug,24-Aug,0,3,3
Nashik,Nashik,W M Nashik,W.M.Nashik,Dindori,20039676,Mulane & 3Villages RRWSS Tal. Dindori,Babapur,964,1,0.00,0.09,0.10,0.21,0.07,0.23,0.00,0.00,9.52,10.52,21.71,7.33,24.29,0.00,18-Aug,19-Aug,20-Aug,21-Aug,22-Aug,23-Aug,24-Aug,18-Aug,19-Aug,20-Aug,21-Aug,22-Aug,23-Aug,24-Aug,2,7,0
Nashik,Nashik,W M Nashik,W.M.Nashik,Dindori,20039676,Mulane & 3Villages RRWSS Tal. Dindori,Mulane,1003,1,0.00,0.00,0.00,0.00,0.00,0.00,0.00,0.00,0.00,0.00,0.00,0.00,0.00,0.00,18-Aug,19-Aug,20-Aug,21-Aug,22-Aug,23-Aug,24-Aug,18-Aug,19-Aug,20-Aug,21-Aug,22-Aug,23-Aug,24-Aug,7,7,0
Nashik,Nashik,W M Nashik,W.M.Nashik,Dindori,20039676,Mulane & 3Villages RRWSS Tal. Dindori,Sangamner,1076,1,0.00,0.37,0.03,0.02,0.00,0.08,0.10,0.00,34.28,2.45,1.94,0.00,7.61,9.45,18-Aug,19-Aug,20-Aug,21-Aug,22-Aug,23-Aug,24-Aug,18-Aug,19-Aug,20-Aug,21-Aug,22-Aug,23-Aug,24-Aug,2,7,0
Nashik,Nashik,W M Nashik,W.M.Nashik,Dindori,20039676,Mulane & 3Villages RRWSS Tal. Dindori,Talegaon Vani,2106,3,0.01,0.00,0.00,0.00,0.00,0.00,0.01,0.53,0.08,0.13,0.13,0.17,0.00,0.28,18-Aug,19-Aug,20-Aug,21-Aug,22-Aug,23-Aug,24-Aug,18-Aug,19-Aug,20-Aug,21-Aug,22-Aug,23-Aug,24-Aug,1,7,0
Nashik,Nashik,W M Nashik,W.M.Nashik,Nifad,20039258,Ozar-Sakore & 2 Villages,Ozar,86060,4,,2.66,2.68,2.90,3.71,3.10,3.00,,3.09,3.12,3.36,4.32,3.60,3.48,18-Aug,19-Aug,20-Aug,21-Aug,22-Aug,23-Aug,24-Aug,18-Aug,19-Aug,20-Aug,21-Aug,22-Aug,23-Aug,24-Aug,0,6,0
Nashik,Nashik,W M Nashik,W.M.Nashik,Nifad,20039258,Ozar-Sakore & 2 Villages,Sakore,4107,2,,0.00,1.41,0.00,0.00,0.00,0.00,,0.03,34.23,0.00,0.00,0.00,0.00,18-Aug,19-Aug,20-Aug,21-Aug,22-Aug,23-Aug,24-Aug,18-Aug,19-Aug,20-Aug,21-Aug,22-Aug,23-Aug,24-Aug,4,6,0
Nagpur,Chandrapur,Chandrapur,Chandrapur,Chandrapur,20050368,Chinchala and 7 Villages RR Water Supply Scheme,Chinchala,240,3,,0.00,0.00,0.00,0.00,0.00,0.00,,0.00,0.00,0.00,0.00,0.00,0.00,18-Aug,19-Aug,20-Aug,21-Aug,22-Aug,23-Aug,24-Aug,18-Aug,19-Aug,20-Aug,21-Aug,22-Aug,23-Aug,24-Aug,6,6,0
Nagpur,Chandrapur,Chandrapur,Chandrapur,Chandrapur,20050368,Chinchala and 7 Villages RR Water Supply Scheme,Dhanora,1564,3,,0.00,8.11,0.00,0.00,0.00,0.97,,0.00,518.54,0.00,0.00,0.00,62.02,18-Aug,19-Aug,20-Aug,21-Aug,22-Aug,23-Aug,24-Aug,18-Aug,19-Aug,20-Aug,21-Aug,22-Aug,23-Aug,24-Aug,4,4,2
Nagpur,Chandrapur,Chandrapur,Chandrapur,Chandrapur,20050368,Chinchala and 7 Villages RR Water Supply Scheme,Mahakurla,556,1,,0.00,0.00,0.00,0.00,0.00,0.00,,0.00,0.00,0.00,0.00,0.00,0.00,18-Aug,19-Aug,20-Aug,21-Aug,22-Aug,23-Aug,24-Aug,18-Aug,19-Aug,20-Aug,21-Aug,22-Aug,23-Aug,24-Aug,6,6,0
Nagpur,Chandrapur,Chandrapur,Chandrapur,Chandrapur,20050368,Chinchala and 7 Villages RR Water Supply Scheme,Nagala,1356,2,,0.00,0.00,0.00,0.00,0.00,0.00,,0.00,0.00,0.00,0.00,0.00,0.00,18-Aug,19-Aug,20-Aug,21-Aug,22-Aug,23-Aug,24-Aug,18-Aug,19-Aug,20-Aug,21-Aug,22-Aug,23-Aug,24-Aug,6,6,0
Nagpur,Chandrapur,Chandrapur,Chandrapur,Chandrapur,20050368,Chinchala and 7 Villages RR Water Supply Scheme,Pipari,888,2,,0.00,0.00,0.00,0.00,0.00,0.00,,0.00,0.00,0.00,0.00,0.00,0.00,18-Aug,19-Aug,20-Aug,21-Aug,22-Aug,23-Aug,24-Aug,18-Aug,19-Aug,20-Aug,21-Aug,22-Aug,23-Aug,24-Aug,6,6,0
Nagpur,Chandrapur,Chandrapur,Chandrapur,Chandrapur,20050368,Chinchala and 7 Villages RR Water Supply Scheme,Sidur,1000,2,,0.00,0.00,0.00,0.00,0.00,0.00,,0.00,0.00,0.00,0.00,0.00,0.00,18-Aug,19-Aug,20-Aug,21-Aug,22-Aug,23-Aug,24-Aug,18-Aug,19-Aug,20-Aug,21-Aug,22-Aug,23-Aug,24-Aug,6,6,0
Nagpur,Chandrapur,Chandrapur,Chandrapur,Chandrapur,20050368,Chinchala and 7 Villages RR Water Supply Scheme,Vendli,936,2,,0.00,0.00,0.00,0.00,0.00,0.00,,0.00,0.00,0.00,0.00,0.00,0.00,18-Aug,19-Aug,20-Aug,21-Aug,22-Aug,23-Aug,24-Aug,18-Aug,19-Aug,20-Aug,21-Aug,22-Aug,23-Aug,24-Aug,6,6,0
Nagpur,Chandrapur,Chandrapur,Chandrapur,Chandrapur,20050368,Chinchala and 7 Villages RR Water Supply Scheme,Wandhari,568,2,,0.00,0.00,0.00,0.00,0.00,0.00,,0.00,0.00,0.00,0.00,0.00,0.00,18-Aug,19-Aug,20-Aug,21-Aug,22-Aug,23-Aug,24-Aug,18-Aug,19-Aug,20-Aug,21-Aug,22-Aug,23-Aug,24-Aug,6,6,0
Nagpur,Chandrapur,Chandrapur,Gadchiroli,Aheri,7890975,Allapalli-Nagapalli RR,Allapalli,14263,1,,6.69,10.36,10.47,10.09,9.24,9.17,,46.88,72.64,73.43,70.71,64.79,64.29,18-Aug,19-Aug,20-Aug,21-Aug,22-Aug,23-Aug,24-Aug,18-Aug,19-Aug,20-Aug,21-Aug,22-Aug,23-Aug,24-Aug,0,1,5
Nagpur,Chandrapur,Chandrapur,Gadchiroli,Aheri,7890975,Allapalli-Nagapalli RR,Nagepalli,4334,1,,0.00,0.00,0.00,0.00,0.00,0.00,,0.00,0.00,0.00,0.00,0.00,0.00,18-Aug,19-Aug,20-Aug,21-Aug,22-Aug,23-Aug,24-Aug,18-Aug,19-Aug,20-Aug,21-Aug,22-Aug,23-Aug,24-Aug,6,6,0
Nagpur,Chandrapur,Chandrapur,Gadchiroli,Korpana,20050391,Nimani & 5 Villages RR Water Supply Scheme,Bhkhardi,1950,1,,0.00,0.00,0.00,0.00,0.00,0.00,,0.00,0.00,0.00,0.00,0.00,0.00,18-Aug,19-Aug,20-Aug,21-Aug,22-Aug,23-Aug,24-Aug,18-Aug,19-Aug,20-Aug,21-Aug,22-Aug,23-Aug,24-Aug,6,6,0
Nagpur,Chandrapur,Chandrapur,Gadchiroli,Korpana,20050391,Nimani & 5 Villages RR Water Supply Scheme,Hirapur,1067,1,,0.00,0.00,0.00,0.00,0.00,0.00,,0.00,0.00,0.00,0.00,0.00,0.00,18-Aug,19-Aug,20-Aug,21-Aug,22-Aug,23-Aug,24-Aug,18-Aug,19-Aug,20-Aug,21-Aug,22-Aug,23-Aug,24-Aug,6,6,0
Nagpur,Chandrapur,Chandrapur,Gadchiroli,Korpana,20050391,Nimani & 5 Villages RR Water Supply Scheme,Kawathala,2098,2,0.00,0.00,0.00,0.00,0.00,0.00,0.00,0.00,0.00,0.00,0.00,0.00,0.00,0.00,18-Aug,19-Aug,20-Aug,21-Aug,22-Aug,23-Aug,24-Aug,18-Aug,19-Aug,20-Aug,21-Aug,22-Aug,23-Aug,24-Aug,7,7,0
Nagpur,Chandrapur,Chandrapur,Gadchiroli,Korpana,20050391,Nimani & 5 Villages RR Water Supply Scheme,Nandgaon,,2,0.00,0.00,0.00,0.00,0.00,0.00,0.00,0.00,0.00,0.00,0.00,0.00,0.00,0.00,18-Aug,19-Aug,20-Aug,21-Aug,22-Aug,23-Aug,24-Aug,18-Aug,19-Aug,20-Aug,21-Aug,22-Aug,23-Aug,24-Aug,7,7,0
Nagpur,Chandrapur,Chandrapur,Gadchiroli,Korpana,20050391,Nimani & 5 Villages RR Water Supply Scheme,Nimni,1583,1,0.00,0.00,0.00,0.00,0.00,0.00,0.00,0.00,0.00,0.00,0.00,0.00,0.00,0.00,18-Aug,19-Aug,20-Aug,21-Aug,22-Aug,23-Aug,24-Aug,18-Aug,19-Aug,20-Aug,21-Aug,22-Aug,23-Aug,24-Aug,7,7,0
Nagpur,Chandrapur,Chandrapur,Gadchiroli,Korpana,20050391,Nimani & 5 Villages RR Water Supply Scheme,Talodhi,1180,2,0.00,0.00,0.00,0.00,0.00,0.00,0.00,0.00,0.00,0.00,0.00,0.00,0.00,0.00,18-Aug,19-Aug,20-Aug,21-Aug,22-Aug,23-Aug,24-Aug,18-Aug,19-Aug,20-Aug,21-Aug,22-Aug,23-Aug,24-Aug,7,7,0
Nagpur,Chandrapur,Chandrapur,Pombhurna,Pombhurna,7928270,Pomnbhurna Grid & 15 Villages RR Retrofitting,Borda Dixit,1008,1,,0.00,0.00,0.00,0.00,0.00,0.00,,0.00,0.00,0.00,0.00,0.00,0.00,18-Aug,19-Aug,20-Aug,21-Aug,22-Aug,23-Aug,24-Aug,18-Aug,19-Aug,20-Aug,21-Aug,22-Aug,23-Aug,24-Aug,6,6,0
Nagpur,Chandrapur,Chandrapur,Pombhurna,Pombhurna,7928270,Pomnbhurna Grid & 15 Villages RR Retrofitting,Chak Ghanoti - 1,868,1,,0.00,0.00,0.00,0.00,0.00,0.00,,0.00,0.00,0.00,0.00,0.00,0.00,18-Aug,19-Aug,20-Aug,21-Aug,22-Aug,23-Aug,24-Aug,18-Aug,19-Aug,20-Aug,21-Aug,22-Aug,23-Aug,24-Aug,6,6,0
Nagpur,Chandrapur,Chandrapur,Pombhurna,Pombhurna,7928270,Pomnbhurna Grid & 15 Villages RR Retrofitting,Chak Hattibodi,544,1,,0.44,0.73,0.77,0.72,0.84,0.00,,80.96,133.38,141.91,133.05,154.93,0.00,18-Aug,19-Aug,20-Aug,21-Aug,22-Aug,23-Aug,24-Aug,18-Aug,19-Aug,20-Aug,21-Aug,22-Aug,23-Aug,24-Aug,1,1,5
Nagpur,Chandrapur,Chandrapur,Pombhurna,Pombhurna,7928270,Pomnbhurna Grid & 15 Villages RR Retrofitting,Chak Kosambi - 1,724,1,,0.00,0.00,0.00,0.00,0.00,0.00,,0.00,0.00,0.00,0.00,0.00,0.00,18-Aug,19-Aug,20-Aug,21-Aug,22-Aug,23-Aug,24-Aug,18-Aug,19-Aug,20-Aug,21-Aug,22-Aug,23-Aug,24-Aug,6,6,0
Nagpur,Chandrapur,Chandrapur,Pombhurna,Pombhurna,7928270,Pomnbhurna Grid & 15 Villages RR Retrofitting,Chak Navegaon,440,1,,0.00,0.00,0.00,0.00,0.00,0.00,,0.00,0.00,0.00,0.00,0.00,0.00,18-Aug,19-Aug,20-Aug,21-Aug,22-Aug,23-Aug,24-Aug,18-Aug,19-Aug,20-Aug,21-Aug,22-Aug,23-Aug,24-Aug,6,6,0
Nagpur,Chandrapur,Chandrapur,Pombhurna,Pombhurna,7928270,Pomnbhurna Grid & 15 Villages RR Retrofitting,Chek Thane Wasna,1700,1,,0.00,0.00,0.30,0.40,0.00,0.00,,0.00,0.00,17.42,23.41,0.05,0.00,18-Aug,19-Aug,20-Aug,21-Aug,22-Aug,23-Aug,24-Aug,18-Aug,19-Aug,20-Aug,21-Aug,22-Aug,23-Aug,24-Aug,3,6,0
Nagpur,Chandrapur,Chandrapur,Pombhurna,Pombhurna,7928270,Pomnbhurna Grid & 15 Villages RR Retrofitting,Dewada Kh.,4792,2,,0.98,1.04,1.44,1.16,1.40,0.88,,20.49,21.69,29.96,24.11,29.19,18.35,18-Aug,19-Aug,20-Aug,21-Aug,22-Aug,23-Aug,24-Aug,18-Aug,19-Aug,20-Aug,21-Aug,22-Aug,23-Aug,24-Aug,0,6,0
Nagpur,Chandrapur,Chandrapur,Pombhurna,Pombhurna,7928270,Pomnbhurna Grid & 15 Villages RR Retrofitting,Futan,2204,1,,0.00,0.00,0.00,0.00,0.00,0.00,,0.00,0.00,0.00,0.00,0.00,0.00,18-Aug,19-Aug,20-Aug,21-Aug,22-Aug,23-Aug,24-Aug,18-Aug,19-Aug,20-Aug,21-Aug,22-Aug,23-Aug,24-Aug,6,6,0
Nagpur,Chandrapur,Chandrapur,Pombhurna,Pombhurna,7928270,Pomnbhurna Grid & 15 Villages RR Retrofitting,Jam Kh.,1480,2,,0.00,0.00,0.00,0.00,0.00,0.00,,0.00,0.00,0.00,0.00,0.00,0.00,18-Aug,19-Aug,20-Aug,21-Aug,22-Aug,23-Aug,24-Aug,18-Aug,19-Aug,20-Aug,21-Aug,22-Aug,23-Aug,24-Aug,6,6,0
Nagpur,Chandrapur,Chandrapur,Pombhurna,Pombhurna,7928270,Pomnbhurna Grid & 15 Villages RR Retrofitting,Jam Tukum,1172,1,,0.00,0.00,0.00,0.00,0.00,0.00,,0.00,0.00,0.00,0.00,0.00,0.00,18-Aug,19-Aug,20-Aug,21-Aug,22-Aug,23-Aug,24-Aug,18-Aug,19-Aug,20-Aug,21-Aug,22-Aug,23-Aug,24-Aug,6,6,0
Nagpur,Chandrapur,Chandrapur,Pombhurna,Pombhurna,7928270,Pomnbhurna Grid & 15 Villages RR Retrofitting,Mohadi,3272,1,,0.00,0.00,0.00,0.00,0.00,0.00,,0.00,0.00,0.00,0.00,0.00,0.00,18-Aug,19-Aug,20-Aug,21-Aug,22-Aug,23-Aug,24-Aug,18-Aug,19-Aug,20-Aug,21-Aug,22-Aug,23-Aug,24-Aug,6,6,0
Nagpur,Chandrapur,Chandrapur,Pombhurna,Pombhurna,7928270,Pomnbhurna Grid & 15 Villages RR Retrofitting,Navegaon More,1680,1,,0.00,0.00,0.00,0.00,0.00,0.00,,0.00,0.00,0.00,0.00,0.00,0.00,18-Aug,19-Aug,20-Aug,21-Aug,22-Aug,23-Aug,24-Aug,18-Aug,19-Aug,20-Aug,21-Aug,22-Aug,23-Aug,24-Aug,6,6,0
Nagpur,Chandrapur,Chandrapur,Pombhurna,Pombhurna,7928270,Pomnbhurna Grid & 15 Villages RR Retrofitting,Rampur Dixit,680,1,,0.00,0.00,0.00,0.00,0.00,0.00,,0.00,0.00,0.00,0.00,0.00,0.00,18-Aug,19-Aug,20-Aug,21-Aug,22-Aug,23-Aug,24-Aug,18-Aug,19-Aug,20-Aug,21-Aug,22-Aug,23-Aug,24-Aug,6,6,0
Nagpur,Chandrapur,Chandrapur,Pombhurna,Pombhurna,7928270,Pomnbhurna Grid & 15 Villages RR Retrofitting,Selur Nagreddi,568,1,,0.00,0.00,0.00,0.00,0.00,0.00,,0.00,0.00,0.00,0.00,0.00,0.00,18-Aug,19-Aug,20-Aug,21-Aug,22-Aug,23-Aug,24-Aug,18-Aug,19-Aug,20-Aug,21-Aug,22-Aug,23-Aug,24-Aug,6,6,0
Nagpur,Chandrapur,Chandrapur,Pombhurna,Pombhurna,7928270,Pomnbhurna Grid & 15 Villages RR Retrofitting,Welwa,1548,2,,0.00,0.00,0.00,0.00,0.00,0.00,,0.00,0.00,0.00,0.00,0.00,0.00,18-Aug,19-Aug,20-Aug,21-Aug,22-Aug,23-Aug,24-Aug,18-Aug,19-Aug,20-Aug,21-Aug,22-Aug,23-Aug,24-Aug,6,6,0
Nagpur,Chandrapur,Wardha,Wardha,Hinganghat,20027837,Allipur & 6 Village RRWSS,Alamdoh,856,2,0.12,0.00,0.42,0.04,0.28,0.34,0.42,14.20,0.17,49.39,4.67,32.28,39.92,48.71,18-Aug,19-Aug,20-Aug,21-Aug,22-Aug,23-Aug,24-Aug,18-Aug,19-Aug,20-Aug,21-Aug,22-Aug,23-Aug,24-Aug,0,7,0
Nagpur,Chandrapur,Wardha,Wardha,Hinganghat,20027837,Allipur & 6 Village RRWSS,Allipur,75080,3,1.48,1.36,1.76,1.97,1.69,1.86,1.37,1.98,1.81,2.34,2.62,2.25,2.48,1.82,18-Aug,19-Aug,20-Aug,21-Aug,22-Aug,23-Aug,24-Aug,18-Aug,19-Aug,20-Aug,21-Aug,22-Aug,23-Aug,24-Aug,0,7,0
Nagpur,Chandrapur,Wardha,Wardha,Hinganghat,20027837,Allipur & 6 Village RRWSS,Kachangaon Fata,1544,1,0.00,0.05,0.00,0.00,0.00,0.00,0.00,0.00,3.10,0.00,0.00,0.00,0.00,0.00,18-Aug,19-Aug,20-Aug,21-Aug,22-Aug,23-Aug,24-Aug,18-Aug,19-Aug,20-Aug,21-Aug,22-Aug,23-Aug,24-Aug,6,7,0
Nagpur,Chandrapur,Wardha,Wardha,Hinganghat,20027837,Allipur & 6 Village RRWSS,Kanchangaon,1544,2,6.93,6.46,9.98,7.53,11.67,10.78,8.57,448.76,418.32,646.11,487.53,755.77,698.40,554.74,18-Aug,19-Aug,20-Aug,21-Aug,22-Aug,23-Aug,24-Aug,18-Aug,19-Aug,20-Aug,21-Aug,22-Aug,23-Aug,24-Aug,0,0,7
Nagpur,Chandrapur,Wardha,Wardha,Hinganghat,20027837,Allipur & 6 Village RRWSS,Mansaoli,1044,2,0.87,1.33,1.17,1.12,1.04,1.20,1.43,82.94,127.39,112.07,107.28,99.62,114.94,136.97,18-Aug,19-Aug,20-Aug,21-Aug,22-Aug,23-Aug,24-Aug,18-Aug,19-Aug,20-Aug,21-Aug,22-Aug,23-Aug,24-Aug,0,0,7
Nagpur,Chandrapur,Wardha,Wardha,Hinganghat,20027837,Allipur & 6 Village RRWSS,Pavni,168,2,7.80,13.29,12.69,10.19,10.78,6.36,17.11,4640.70,7913.22,7555.34,6065.48,6415.11,3788.48,10187.22,18-Aug,19-Aug,20-Aug,21-Aug,22-Aug,23-Aug,24-Aug,18-Aug,19-Aug,20-Aug,21-Aug,22-Aug,23-Aug,24-Aug,0,0,7
Nagpur,Chandrapur,Wardha,Wardha,Hinganghat,20027837,Allipur & 6 Village RRWSS,Sirasgaon,1892,1,,0.97,0.08,0.93,0.00,1.11,0.00,,51.27,4.23,49.15,0.00,58.67,0.00,18-Aug,19-Aug,20-Aug,21-Aug,22-Aug,23-Aug,24-Aug,18-Aug,19-Aug,20-Aug,21-Aug,22-Aug,23-Aug,24-Aug,2,5,1
Nagpur,Chandrapur,Wardha,Wardha,Hinganghat,20027837,Allipur & 6 Village RRWSS,Sonegaon,1360,1,0.18,0.00,0.25,0.14,0.53,0.18,0.10,13.38,0.00,18.52,9.99,38.74,13.34,7.26,18-Aug,19-Aug,20-Aug,21-Aug,22-Aug,23-Aug,24-Aug,18-Aug,19-Aug,20-Aug,21-Aug,22-Aug,23-Aug,24-Aug,1,7,0
Nagpur,Chandrapur,Wardha,Wardha,Wardha,20010215,Sewagram & 5 Villages RRWSS,Barbadi,7000,2,2.59,2.07,3.82,2.12,3.75,2.65,3.77,37.00,29.57,54.57,30.29,53.57,37.86,53.84,18-Aug,19-Aug,20-Aug,21-Aug,22-Aug,23-Aug,24-Aug,18-Aug,19-Aug,20-Aug,21-Aug,22-Aug,23-Aug,24-Aug,0,7,0
Nagpur,Chandrapur,Wardha,Wardha,Wardha,20010215,Sewagram & 5 Villages RRWSS,Bhugaon,2400,2,3.52,0.00,0.00,1.98,1.46,2.01,1.33,146.84,0.00,0.00,82.55,60.83,83.75,55.42,18-Aug,19-Aug,20-Aug,21-Aug,22-Aug,23-Aug,24-Aug,18-Aug,19-Aug,20-Aug,21-Aug,22-Aug,23-Aug,24-Aug,2,2,5
Nagpur,Chandrapur,Wardha,Wardha,Wardha,20010215,Sewagram & 5 Villages RRWSS,Chitoda,2400,2,0.95,1.27,0.60,1.51,1.11,0.88,1.11,39.51,52.92,25.00,62.92,46.25,36.84,46.25,18-Aug,19-Aug,20-Aug,21-Aug,22-Aug,23-Aug,24-Aug,18-Aug,19-Aug,20-Aug,21-Aug,22-Aug,23-Aug,24-Aug,0,6,1
Nagpur,Chandrapur,Wardha,Wardha,Wardha,20010215,Sewagram & 5 Villages RRWSS,Injhapur,2200,2,,3.89,1.50,2.84,1.84,0.04,2.11,,176.96,68.21,129.09,83.64,1.82,96.07,18-Aug,19-Aug,20-Aug,21-Aug,22-Aug,23-Aug,24-Aug,18-Aug,19-Aug,20-Aug,21-Aug,22-Aug,23-Aug,24-Aug,0,1,5
Nagpur,Chandrapur,Wardha,Wardha,Wardha,20010215,Sewagram & 5 Villages RRWSS,Selakate,3000,1,,0.00,0.00,0.00,0.01,0.00,0.00,,0.00,0.00,0.00,0.33,0.00,0.00,18-Aug,19-Aug,20-Aug,21-Aug,22-Aug,23-Aug,24-Aug,18-Aug,19-Aug,20-Aug,21-Aug,22-Aug,23-Aug,24-Aug,5,6,0
Nagpur,Chandrapur,Wardha,Wardha,Wardha,20010215,Sewagram & 5 Villages RRWSS,Sewagram,6792,3,41.64,36.88,49.27,31.53,23.12,3.29,30.65,613.09,542.97,725.39,464.15,340.40,48.44,451.27,18-Aug,19-Aug,20-Aug,21-Aug,22-Aug,23-Aug,24-Aug,18-Aug,19-Aug,20-Aug,21-Aug,22-Aug,23-Aug,24-Aug,0,1,6
Nagpur,Chandrapur,Wardha,Wardha,Wardha,20010215,Sewagram & 5 Villages RRWSS,Sewagram (Zone 2),6792,1,3.38,3.44,10.65,2.84,4.61,5.11,2.44,49.76,50.65,156.80,41.85,67.87,75.28,35.92,18-Aug,19-Aug,20-Aug,21-Aug,22-Aug,23-Aug,24-Aug,18-Aug,19-Aug,20-Aug,21-Aug,22-Aug,23-Aug,24-Aug,0,4,3
Nagpur,Chandrapur,Wardha,Wardha,Wardha,20010215,Sewagram & 5 Villages RRWSS,Sewagram (Zone 3),6792,1,,0.00,0.00,0.00,0.00,0.00,0.00,,0.00,0.00,0.00,0.00,0.00,0.00,18-Aug,19-Aug,20-Aug,21-Aug,22-Aug,23-Aug,24-Aug,18-Aug,19-Aug,20-Aug,21-Aug,22-Aug,23-Aug,24-Aug,6,6,0
Nagpur,Nagpur,Chandrapur,Chandrapur,Chimur,20036536,Bothali & 7 Village RR WSS,Bothali,2250,1,,0.00,0.00,0.00,0.00,0.00,0.00,,0.00,0.00,0.00,0.00,0.00,0.00,18-Aug,19-Aug,20-Aug,21-Aug,22-Aug,23-Aug,24-Aug,18-Aug,19-Aug,20-Aug,21-Aug,22-Aug,23-Aug,24-Aug,6,6,0
Nagpur,Nagpur,Chandrapur,Chandrapur,Chimur,20036536,Bothali & 7 Village RR WSS,Chak Piranji,1771,1,,0.00,0.00,0.00,0.00,0.00,0.00,,0.00,0.00,0.00,0.00,0.00,0.00,18-Aug,19-Aug,20-Aug,21-Aug,22-Aug,23-Aug,24-Aug,18-Aug,19-Aug,20-Aug,21-Aug,22-Aug,23-Aug,24-Aug,6,6,0
Nagpur,Nagpur,Chandrapur,Chandrapur,Chimur,20036536,Bothali & 7 Village RR WSS,Chichbodi,1436,1,,0.00,0.00,0.00,0.00,0.00,0.00,,0.00,0.00,0.00,0.00,0.00,0.00,18-Aug,19-Aug,20-Aug,21-Aug,22-Aug,23-Aug,24-Aug,18-Aug,19-Aug,20-Aug,21-Aug,22-Aug,23-Aug,24-Aug,6,6,0
Nagpur,Nagpur,Chandrapur,Chandrapur,Chimur,20036536,Bothali & 7 Village RR WSS,Hirapur,1793,1,,0.00,0.00,0.00,0.00,0.00,0.00,,0.02,0.01,0.01,0.01,0.00,0.00,18-Aug,19-Aug,20-Aug,21-Aug,22-Aug,23-Aug,24-Aug,18-Aug,19-Aug,20-Aug,21-Aug,22-Aug,23-Aug,24-Aug,2,6,0
Nagpur,Nagpur,Chandrapur,Chandrapur,Chimur,20036536,Bothali & 7 Village RR WSS,Kesarwari,429,1,,0.00,0.00,0.00,0.00,0.00,0.00,,0.35,0.16,0.23,0.09,0.23,0.47,18-Aug,19-Aug,20-Aug,21-Aug,22-Aug,23-Aug,24-Aug,18-Aug,19-Aug,20-Aug,21-Aug,22-Aug,23-Aug,24-Aug,0,6,0
Nagpur,Nagpur,Chandrapur,Chandrapur,Chimur,20036536,Bothali & 7 Village RR WSS,Malpiranji,469,1,0.00,0.00,0.00,0.00,0.00,0.00,0.00,0.00,0.00,0.00,0.00,0.00,0.00,0.00,18-Aug,19-Aug,20-Aug,21-Aug,22-Aug,23-Aug,24-Aug,18-Aug,19-Aug,20-Aug,21-Aug,22-Aug,23-Aug,24-Aug,7,7,0
Nagpur,Nagpur,Chandrapur,Chandrapur,Chimur,20036536,Bothali & 7 Village RR WSS,Rajoli Chak,377,1,,0.00,0.00,0.00,0.00,0.00,0.00,,0.00,0.00,0.00,0.00,0.00,0.00,18-Aug,19-Aug,20-Aug,21-Aug,22-Aug,23-Aug,24-Aug,18-Aug,19-Aug,20-Aug,21-Aug,22-Aug,23-Aug,24-Aug,6,6,0
Nagpur,Nagpur,Chandrapur,Chandrapur,Chimur,20036536,Bothali & 7 Village RR WSS,Rajoli Fall,824,1,,0.00,0.00,0.00,0.00,0.00,0.00,,0.00,0.00,0.00,0.00,0.00,0.00,18-Aug,19-Aug,20-Aug,21-Aug,22-Aug,23-Aug,24-Aug,18-Aug,19-Aug,20-Aug,21-Aug,22-Aug,23-Aug,24-Aug,6,6,0
Nagpur,Nagpur,Chandrapur,Chandrapur,Mul,20036862,Bor Chandli 5 Village RR WSS,Chak Bembal,345,1,,0.00,0.00,0.00,0.00,0.00,0.00,,0.00,0.00,0.00,0.00,0.00,0.00,18-Aug,19-Aug,20-Aug,21-Aug,22-Aug,23-Aug,24-Aug,18-Aug,19-Aug,20-Aug,21-Aug,22-Aug,23-Aug,24-Aug,6,6,0
Nagpur,Nagpur,Chandrapur,Chandrapur,Mul,20036862,Bor Chandli 5 Village RR WSS,Pipari (Dixit),1207,1,,0.00,0.00,0.00,0.00,0.00,0.00,,0.00,0.00,0.00,0.00,0.00,0.00,18-Aug,19-Aug,20-Aug,21-Aug,22-Aug,23-Aug,24-Aug,18-Aug,19-Aug,20-Aug,21-Aug,22-Aug,23-Aug,24-Aug,6,6,0
Nagpur,Nagpur,Chandrapur,Chandrapur,Mul,20036862,Bor Chandli 5 Village RR WSS,Sintala,1092,1,,0.00,0.00,0.00,0.00,0.00,0.00,,0.00,0.00,0.00,0.00,0.00,0.00,18-Aug,19-Aug,20-Aug,21-Aug,22-Aug,23-Aug,24-Aug,18-Aug,19-Aug,20-Aug,21-Aug,22-Aug,23-Aug,24-Aug,6,6,0
Nagpur,Nagpur,Chandrapur,Chandrapur,Mul,20036862,Bor Chandli 5 Village RR WSS,Virai,1720,1,,0.00,0.00,0.00,0.00,0.00,0.00,,0.00,0.00,0.00,0.00,0.00,0.00,18-Aug,19-Aug,20-Aug,21-Aug,22-Aug,23-Aug,24-Aug,18-Aug,19-Aug,20-Aug,21-Aug,22-Aug,23-Aug,24-Aug,6,6,0
Nagpur,Nagpur,Chandrapur,Chandrapur,Mul,20036862,Bor Chandli 5 Village RR WSS,Yergaon,2061,1,,0.00,0.00,0.00,0.00,0.00,0.00,,0.00,0.00,0.00,0.00,0.00,0.00,18-Aug,19-Aug,20-Aug,21-Aug,22-Aug,23-Aug,24-Aug,18-Aug,19-Aug,20-Aug,21-Aug,22-Aug,23-Aug,24-Aug,6,6,0
Nagpur,Nagpur,Chandrapur,Gadchiroli,Chamorshi,2009882,Ghot RRWSS,Ghot,4218,2,,0.00,0.06,0.00,0.00,0.20,0.00,,0.00,1.50,0.00,0.00,4.70,0.00,18-Aug,19-Aug,20-Aug,21-Aug,22-Aug,23-Aug,24-Aug,18-Aug,19-Aug,20-Aug,21-Aug,22-Aug,23-Aug,24-Aug,4,6,0
Nagpur,Nagpur,Chandrapur,Gadchiroli,Chamorshi,2009882,Ghot RRWSS,Navegaon,645,1,,0.00,0.00,0.00,0.00,0.00,0.00,,0.00,0.00,0.00,0.00,0.00,0.00,18-Aug,19-Aug,20-Aug,21-Aug,22-Aug,23-Aug,24-Aug,18-Aug,19-Aug,20-Aug,21-Aug,22-Aug,23-Aug,24-Aug,6,6,0
Nagpur,Nagpur,Chandrapur,Gadchiroli,Chamorshi,2009882,Ghot RRWSS,Nikatwada,1455,1,,0.08,0.06,0.15,0.06,0.06,0.00,,5.56,4.26,10.27,3.99,4.47,0.00,18-Aug,19-Aug,20-Aug,21-Aug,22-Aug,23-Aug,24-Aug,18-Aug,19-Aug,20-Aug,21-Aug,22-Aug,23-Aug,24-Aug,1,6,0
Nagpur,Nagpur,Chandrapur,Mul,Mul,7890965,Mul Grid & 24 Villages  RR WSS Retrofitting,Agadi,425,1,,0.00,0.14,0.23,0.00,0.00,0.14,,0.00,33.35,54.94,0.00,0.02,32.94,18-Aug,19-Aug,20-Aug,21-Aug,22-Aug,23-Aug,24-Aug,18-Aug,19-Aug,20-Aug,21-Aug,22-Aug,23-Aug,24-Aug,2,6,0
Nagpur,Nagpur,Chandrapur,Mul,Mul,7890965,Mul Grid & 24 Villages  RR WSS Retrofitting,Akapur,537,1,,0.00,0.00,0.00,0.00,0.00,0.00,,0.00,0.00,0.00,0.00,0.00,0.00,18-Aug,19-Aug,20-Aug,21-Aug,22-Aug,23-Aug,24-Aug,18-Aug,19-Aug,20-Aug,21-Aug,22-Aug,23-Aug,24-Aug,6,6,0
Nagpur,Nagpur,Chandrapur,Mul,Mul,7890965,Mul Grid & 24 Villages  RR WSS Retrofitting,Bhawarala,1032,1,,0.46,0.55,0.76,0.67,0.57,0.75,,44.32,53.29,73.50,64.47,55.29,72.65,18-Aug,19-Aug,20-Aug,21-Aug,22-Aug,23-Aug,24-Aug,18-Aug,19-Aug,20-Aug,21-Aug,22-Aug,23-Aug,24-Aug,0,2,4
Nagpur,Nagpur,Chandrapur,Mul,Mul,7890965,Mul Grid & 24 Villages  RR WSS Retrofitting,Chak Chikhli No.1,253,1,,0.00,0.00,0.00,0.00,0.00,0.00,,0.00,0.00,0.00,0.00,0.00,0.00,18-Aug,19-Aug,20-Aug,21-Aug,22-Aug,23-Aug,24-Aug,18-Aug,19-Aug,20-Aug,21-Aug,22-Aug,23-Aug,24-Aug,6,6,0
Nagpur,Nagpur,Chandrapur,Mul,Mul,7890965,Mul Grid & 24 Villages  RR WSS Retrofitting,Chak Katwan,247,1,,0.00,0.00,0.00,0.00,0.00,0.00,,0.00,0.00,0.00,0.00,0.00,0.00,18-Aug,19-Aug,20-Aug,21-Aug,22-Aug,23-Aug,24-Aug,18-Aug,19-Aug,20-Aug,21-Aug,22-Aug,23-Aug,24-Aug,6,6,0
Nagpur,Nagpur,Chandrapur,Mul,Mul,7890965,Mul Grid & 24 Villages  RR WSS Retrofitting,Chichala (Mo),3322,1,,0.00,0.00,0.00,0.00,0.00,0.00,,0.00,0.00,0.00,0.00,0.00,0.00,18-Aug,19-Aug,20-Aug,21-Aug,22-Aug,23-Aug,24-Aug,18-Aug,19-Aug,20-Aug,21-Aug,22-Aug,23-Aug,24-Aug,6,6,0
Nagpur,Nagpur,Chandrapur,Mul,Mul,7890965,Mul Grid & 24 Villages  RR WSS Retrofitting,Chicholi,2400,1,,0.03,0.00,0.18,0.24,0.17,0.22,,1.36,0.00,7.62,10.01,7.07,9.07,18-Aug,19-Aug,20-Aug,21-Aug,22-Aug,23-Aug,24-Aug,18-Aug,19-Aug,20-Aug,21-Aug,22-Aug,23-Aug,24-Aug,1,6,0
Nagpur,Nagpur,Chandrapur,Mul,Mul,7890965,Mul Grid & 24 Villages  RR WSS Retrofitting,Chimadha,1589,1,,0.00,0.00,0.00,0.00,0.00,0.00,,0.00,0.00,0.00,0.00,0.00,0.00,18-Aug,19-Aug,20-Aug,21-Aug,22-Aug,23-Aug,24-Aug,18-Aug,19-Aug,20-Aug,21-Aug,22-Aug,23-Aug,24-Aug,6,6,0
Nagpur,Nagpur,Chandrapur,Mul,Mul,7890965,Mul Grid & 24 Villages  RR WSS Retrofitting,Chitegaon Zone-III,1300,1,,0.00,0.00,0.00,0.00,0.05,0.01,,0.00,0.00,0.00,0.00,3.85,0.77,18-Aug,19-Aug,20-Aug,21-Aug,22-Aug,23-Aug,24-Aug,18-Aug,19-Aug,20-Aug,21-Aug,22-Aug,23-Aug,24-Aug,4,6,0
Nagpur,Nagpur,Chandrapur,Mul,Mul,7890965,Mul Grid & 24 Villages  RR WSS Retrofitting,Churul Tukum,402,1,0.02,0.03,0.05,0.07,0.05,0.15,0.02,5.14,8.10,11.21,18.28,12.73,36.69,6.07,18-Aug,19-Aug,20-Aug,21-Aug,22-Aug,23-Aug,24-Aug,18-Aug,19-Aug,20-Aug,21-Aug,22-Aug,23-Aug,24-Aug,0,7,0
Nagpur,Nagpur,Chandrapur,Mul,Mul,7890965,Mul Grid & 24 Villages  RR WSS Retrofitting,Fiskuti,2415,2,,0.00,0.00,0.00,0.00,0.00,0.00,,0.00,0.00,0.00,0.00,0.00,0.00,18-Aug,19-Aug,20-Aug,21-Aug,22-Aug,23-Aug,24-Aug,18-Aug,19-Aug,20-Aug,21-Aug,22-Aug,23-Aug,24-Aug,6,6,0
Nagpur,Nagpur,Chandrapur,Mul,Mul,7890965,Mul Grid & 24 Villages  RR WSS Retrofitting,Gangalwadi,862,1,0.00,0.00,0.00,0.00,0.00,0.00,0.00,0.00,0.00,0.00,0.00,0.00,0.00,0.00,18-Aug,19-Aug,20-Aug,21-Aug,22-Aug,23-Aug,24-Aug,18-Aug,19-Aug,20-Aug,21-Aug,22-Aug,23-Aug,24-Aug,7,7,0
Nagpur,Nagpur,Chandrapur,Mul,Mul,7890965,Mul Grid & 24 Villages  RR WSS Retrofitting,Haldi Gaonganna,1238,1,,0.21,0.27,0.78,0.96,0.86,0.54,,16.58,22.01,63.09,77.85,69.87,43.94,18-Aug,19-Aug,20-Aug,21-Aug,22-Aug,23-Aug,24-Aug,18-Aug,19-Aug,20-Aug,21-Aug,22-Aug,23-Aug,24-Aug,0,3,3
Nagpur,Nagpur,Chandrapur,Mul,Mul,7890965,Mul Grid & 24 Villages  RR WSS Retrofitting,Janala Ryt.,890,2,,0.00,0.00,0.00,0.00,0.00,0.00,,0.00,0.00,0.00,0.00,0.00,0.00,18-Aug,19-Aug,20-Aug,21-Aug,22-Aug,23-Aug,24-Aug,18-Aug,19-Aug,20-Aug,21-Aug,22-Aug,23-Aug,24-Aug,6,6,0
Nagpur,Nagpur,Chandrapur,Mul,Mul,7890965,Mul Grid & 24 Villages  RR WSS Retrofitting,Kantapeth Ryt.,938,1,0.00,0.00,0.00,0.00,0.00,0.00,0.00,0.00,0.00,0.00,0.00,0.00,0.00,0.00,18-Aug,19-Aug,20-Aug,21-Aug,22-Aug,23-Aug,24-Aug,18-Aug,19-Aug,20-Aug,21-Aug,22-Aug,23-Aug,24-Aug,7,7,0
Nagpur,Nagpur,Chandrapur,Mul,Mul,7890965,Mul Grid & 24 Villages  RR WSS Retrofitting,Karwan,470,1,,0.52,0.64,0.46,1.07,0.42,0.45,,111.65,135.64,96.82,228.16,90.28,94.71,18-Aug,19-Aug,20-Aug,21-Aug,22-Aug,23-Aug,24-Aug,18-Aug,19-Aug,20-Aug,21-Aug,22-Aug,23-Aug,24-Aug,0,0,6
Nagpur,Nagpur,Chandrapur,Mul,Mul,7890965,Mul Grid & 24 Villages  RR WSS Retrofitting,Kosambi,873,1,,0.00,0.04,0.11,0.24,0.59,0.58,,0.00,4.74,12.69,27.97,68.05,66.21,18-Aug,19-Aug,20-Aug,21-Aug,22-Aug,23-Aug,24-Aug,18-Aug,19-Aug,20-Aug,21-Aug,22-Aug,23-Aug,24-Aug,1,4,2
Nagpur,Nagpur,Chandrapur,Mul,Mul,7890965,Mul Grid & 24 Villages  RR WSS Retrofitting,Manda Tukum,228,1,,0.00,0.00,0.00,0.00,0.00,0.00,,0.00,0.00,0.00,0.00,0.00,0.00,18-Aug,19-Aug,20-Aug,21-Aug,22-Aug,23-Aug,24-Aug,18-Aug,19-Aug,20-Aug,21-Aug,22-Aug,23-Aug,24-Aug,6,6,0
Nagpur,Nagpur,Chandrapur,Mul,Mul,7890965,Mul Grid & 24 Villages  RR WSS Retrofitting,Marhegaon,824,1,,2.85,2.24,2.84,1.09,1.25,1.41,,345.67,272.27,344.77,132.19,151.63,171.72,18-Aug,19-Aug,20-Aug,21-Aug,22-Aug,23-Aug,24-Aug,18-Aug,19-Aug,20-Aug,21-Aug,22-Aug,23-Aug,24-Aug,0,0,6
Nagpur,Nagpur,Chandrapur,Mul,Mul,7890965,Mul Grid & 24 Villages  RR WSS Retrofitting,Maroda,4360,1,0.00,0.00,0.00,0.00,0.00,0.00,0.00,0.00,0.00,0.00,0.00,0.00,0.00,0.00,18-Aug,19-Aug,20-Aug,21-Aug,22-Aug,23-Aug,24-Aug,18-Aug,19-Aug,20-Aug,21-Aug,22-Aug,23-Aug,24-Aug,7,7,0
Nagpur,Nagpur,Chandrapur,Mul,Mul,7890965,Mul Grid & 24 Villages  RR WSS Retrofitting,Morwahi Mal,593,1,,1.29,2.66,2.27,1.84,3.03,1.62,,217.54,448.57,382.80,310.29,510.96,273.19,18-Aug,19-Aug,20-Aug,21-Aug,22-Aug,23-Aug,24-Aug,18-Aug,19-Aug,20-Aug,21-Aug,22-Aug,23-Aug,24-Aug,0,0,6
Nagpur,Nagpur,Chandrapur,Mul,Mul,7890965,Mul Grid & 24 Villages  RR WSS Retrofitting,Rajgad,1638,1,,1.13,0.53,0.45,1.26,0.84,1.01,,69.19,32.33,27.74,77.07,51.08,61.95,18-Aug,19-Aug,20-Aug,21-Aug,22-Aug,23-Aug,24-Aug,18-Aug,19-Aug,20-Aug,21-Aug,22-Aug,23-Aug,24-Aug,0,3,3
Nagpur,Nagpur,Chandrapur,Mul,Mul,7890965,Mul Grid & 24 Villages  RR WSS Retrofitting,Tadala Tukum,1575,1,,0.00,0.00,0.00,0.00,0.00,0.00,,0.00,0.00,0.00,0.00,0.00,0.00,18-Aug,19-Aug,20-Aug,21-Aug,22-Aug,23-Aug,24-Aug,18-Aug,19-Aug,20-Aug,21-Aug,22-Aug,23-Aug,24-Aug,6,6,0
Nagpur,Nagpur,Chandrapur,Mul,Mul,7890965,Mul Grid & 24 Villages  RR WSS Retrofitting,Tekadi,2164,1,,0.00,0.00,0.00,0.34,0.27,0.87,,0.00,0.00,0.00,15.89,12.65,40.29,18-Aug,19-Aug,20-Aug,21-Aug,22-Aug,23-Aug,24-Aug,18-Aug,19-Aug,20-Aug,21-Aug,22-Aug,23-Aug,24-Aug,3,6,0
Nagpur,Nagpur,Chandrapur,Mul,Mul,7890965,Mul Grid & 24 Villages  RR WSS Retrofitting,Tolewahi,542,1,,0.00,0.00,0.00,0.00,0.00,0.00,,0.00,0.00,0.00,0.00,0.00,0.00,18-Aug,19-Aug,20-Aug,21-Aug,22-Aug,23-Aug,24-Aug,18-Aug,19-Aug,20-Aug,21-Aug,22-Aug,23-Aug,24-Aug,6,6,0
Nagpur,Nagpur,Chandrapur,Wardha,Wardha,7891298,Pipri Meghe and 13 villages RR WSS,Alodi,9328,2,,0.00,0.00,0.00,0.00,0.00,0.00,,0.00,0.00,0.00,0.00,0.00,0.00,18-Aug,19-Aug,20-Aug,21-Aug,22-Aug,23-Aug,24-Aug,18-Aug,19-Aug,20-Aug,21-Aug,22-Aug,23-Aug,24-Aug,6,6,0
Nagpur,Nagpur,Chandrapur,Wardha,Wardha,7891298,Pipri Meghe and 13 villages RR WSS,Borgaon,688,2,,0.86,2.28,0.50,1.36,1.07,4.22,,125.34,331.96,72.16,198.07,156.21,613.13,18-Aug,19-Aug,20-Aug,21-Aug,22-Aug,23-Aug,24-Aug,18-Aug,19-Aug,20-Aug,21-Aug,22-Aug,23-Aug,24-Aug,0,0,6
Nagpur,Nagpur,Chandrapur,Wardha,Wardha,7891298,Pipri Meghe and 13 villages RR WSS,Karla,2332,1,,0.50,7.59,5.31,5.07,0.34,0.47,,21.41,325.59,227.74,217.27,14.71,20.05,18-Aug,19-Aug,20-Aug,21-Aug,22-Aug,23-Aug,24-Aug,18-Aug,19-Aug,20-Aug,21-Aug,22-Aug,23-Aug,24-Aug,0,3,3
Nagpur,Nagpur,Chandrapur,Wardha,Wardha,7891298,Pipri Meghe and 13 villages RR WSS,Masala,548,1,,4.81,0.31,0.13,0.00,1.01,0.09,,877.40,56.57,23.72,0.00,184.31,16.42,18-Aug,19-Aug,20-Aug,21-Aug,22-Aug,23-Aug,24-Aug,18-Aug,19-Aug,20-Aug,21-Aug,22-Aug,23-Aug,24-Aug,1,3,3
Nagpur,Nagpur,Chandrapur,Wardha,Wardha,7891298,Pipri Meghe and 13 villages RR WSS,Nalwadi,13540,2,,0.00,5.63,5.09,0.00,0.00,7.81,,0.00,41.56,37.59,0.00,0.00,57.68,18-Aug,19-Aug,20-Aug,21-Aug,22-Aug,23-Aug,24-Aug,18-Aug,19-Aug,20-Aug,21-Aug,22-Aug,23-Aug,24-Aug,3,5,1
Nagpur,Nagpur,Chandrapur,Wardha,Wardha,7891298,Pipri Meghe and 13 villages RR WSS,Pipari Meghe,27164,1,3.06,3.01,1.39,2.56,2.36,0.83,2.51,11.25,11.08,5.12,9.42,8.69,3.06,9.24,18-Aug,19-Aug,20-Aug,21-Aug,22-Aug,23-Aug,24-Aug,18-Aug,19-Aug,20-Aug,21-Aug,22-Aug,23-Aug,24-Aug,0,7,0
Nagpur,Nagpur,Chandrapur,Wardha,Wardha,7891298,Pipri Meghe and 13 villages RR WSS,Pipri,2696,2,,0.00,0.00,0.97,0.53,0.00,0.03,,0.00,0.00,36.13,19.64,0.00,0.98,18-Aug,19-Aug,20-Aug,21-Aug,22-Aug,23-Aug,24-Aug,18-Aug,19-Aug,20-Aug,21-Aug,22-Aug,23-Aug,24-Aug,3,6,0
Nagpur,Nagpur,Chandrapur,Wardha,Wardha,7891298,Pipri Meghe and 13 villages RR WSS,Sawangi Meghe,16556,3,,0.01,0.12,0.57,0.06,0.06,0.00,,0.06,0.72,3.44,0.36,0.36,0.00,18-Aug,19-Aug,20-Aug,21-Aug,22-Aug,23-Aug,24-Aug,18-Aug,19-Aug,20-Aug,21-Aug,22-Aug,23-Aug,24-Aug,1,6,0
Nagpur,Nagpur,Chandrapur,Wardha,Wardha,7891298,Pipri Meghe and 13 villages RR WSS,Sawangi Meghe T-Point,16556,1,,210.19,161.01,472.69,480.85,352.24,776.53,,1269.57,972.52,2855.08,2904.39,2127.55,4690.32,18-Aug,19-Aug,20-Aug,21-Aug,22-Aug,23-Aug,24-Aug,18-Aug,19-Aug,20-Aug,21-Aug,22-Aug,23-Aug,24-Aug,0,0,6
Nagpur,Nagpur,Chandrapur,Wardha,Wardha,7891298,Pipri Meghe and 13 villages RR WSS,Sindhi Meghe,29844,3,,0.64,143.78,0.28,1761.94,327.72,0.15,,2.14,481.77,0.94,5903.83,1098.11,0.50,18-Aug,19-Aug,20-Aug,21-Aug,22-Aug,23-Aug,24-Aug,18-Aug,19-Aug,20-Aug,21-Aug,22-Aug,23-Aug,24-Aug,0,3,3
Nagpur,Nagpur,Chandrapur,Wardha,Wardha,7891298,Pipri Meghe and 13 villages RR WSS,Sotada,1608,1,,0.00,2.69,1.51,0.00,0.00,1.90,,0.00,167.29,93.91,0.00,0.00,118.16,18-Aug,19-Aug,20-Aug,21-Aug,22-Aug,23-Aug,24-Aug,18-Aug,19-Aug,20-Aug,21-Aug,22-Aug,23-Aug,24-Aug,3,3,3
Nagpur,Nagpur,Chandrapur,Wardha,Wardha,7891298,Pipri Meghe and 13 villages RR WSS,Varud,616,1,,0.00,0.00,0.00,0.00,0.00,0.00,,0.00,0.00,0.00,0.00,0.00,0.00,18-Aug,19-Aug,20-Aug,21-Aug,22-Aug,23-Aug,24-Aug,18-Aug,19-Aug,20-Aug,21-Aug,22-Aug,23-Aug,24-Aug,6,6,0
Nagpur,Nagpur,Chandrapur,Wardha,Wardha,7891298,Pipri Meghe and 13 villages RR WSS,Waigaon,8896,3,,1.11,0.82,1.22,0.04,1.43,0.56,,12.53,9.17,13.73,0.41,16.10,6.28,18-Aug,19-Aug,20-Aug,21-Aug,22-Aug,23-Aug,24-Aug,18-Aug,19-Aug,20-Aug,21-Aug,22-Aug,23-Aug,24-Aug,0,6,0
Nagpur,Nagpur,Gondia,Bhandara,Sakoli,631335,Ghanod RR Retrofitting,Bampewada,10254,1,0.00,0.00,0.00,0.00,0.00,0.00,0.00,0.00,0.00,0.00,0.00,0.00,0.00,0.00,18-Aug,19-Aug,20-Aug,21-Aug,22-Aug,23-Aug,24-Aug,18-Aug,19-Aug,20-Aug,21-Aug,22-Aug,23-Aug,24-Aug,7,7,0
Nagpur,Nagpur,Gondia,Bhandara,Sakoli,631335,Ghanod RR Retrofitting,Ghanod,2280,2,0.01,0.00,0.00,0.00,0.00,0.00,0.00,0.30,0.00,0.00,0.00,0.00,0.00,0.00,18-Aug,19-Aug,20-Aug,21-Aug,22-Aug,23-Aug,24-Aug,18-Aug,19-Aug,20-Aug,21-Aug,22-Aug,23-Aug,24-Aug,6,7,0
Nagpur,Nagpur,Gondia,Bhandara,Sakoli,631335,Ghanod RR Retrofitting,Sendurwafa,10254,1,,2.00,2.66,8.56,2.65,8.52,0.00,,19.50,25.94,83.48,25.84,83.09,0.00,18-Aug,19-Aug,20-Aug,21-Aug,22-Aug,23-Aug,24-Aug,18-Aug,19-Aug,20-Aug,21-Aug,22-Aug,23-Aug,24-Aug,1,4,2
Nagpur,Nagpur,Gondia,Bhandara,Tumsar,20017217,Dewadi RR WSS,Dhorwada,1144,1,,0.42,0.02,0.42,0.42,0.44,0.11,,36.84,1.56,36.74,36.63,38.34,9.85,18-Aug,19-Aug,20-Aug,21-Aug,22-Aug,23-Aug,24-Aug,18-Aug,19-Aug,20-Aug,21-Aug,22-Aug,23-Aug,24-Aug,0,6,0
Nagpur,Nagpur,Gondia,Bhandara,Tumsar,20017217,Dewadi RR WSS,Hasara,2638,1,,0.00,0.00,0.00,0.00,0.00,0.00,,0.00,0.00,0.00,0.00,0.00,0.00,18-Aug,19-Aug,20-Aug,21-Aug,22-Aug,23-Aug,24-Aug,18-Aug,19-Aug,20-Aug,21-Aug,22-Aug,23-Aug,24-Aug,6,6,0
Nagpur,Nagpur,Gondia,Bhandara,Tumsar,20017217,Dewadi RR WSS,Khapa,3087,1,,0.00,0.00,0.00,0.00,0.00,0.00,,0.00,0.00,0.00,0.00,0.00,0.00,18-Aug,19-Aug,20-Aug,21-Aug,22-Aug,23-Aug,24-Aug,18-Aug,19-Aug,20-Aug,21-Aug,22-Aug,23-Aug,24-Aug,6,6,0
Nagpur,Nagpur,Gondia,Bhandara,Tumsar,20017217,Dewadi RR WSS,Mangli,1558,1,,0.80,0.08,0.60,0.60,0.52,0.01,,51.49,5.23,38.22,38.30,33.35,0.80,18-Aug,19-Aug,20-Aug,21-Aug,22-Aug,23-Aug,24-Aug,18-Aug,19-Aug,20-Aug,21-Aug,22-Aug,23-Aug,24-Aug,0,6,0
Nagpur,Nagpur,Gondia,Bhandara,Tumsar,20017217,Dewadi RR WSS,Paraswada,1400,2,,0.30,0.00,0.00,0.00,0.00,0.00,,21.73,0.03,0.03,0.03,0.05,0.01,18-Aug,19-Aug,20-Aug,21-Aug,22-Aug,23-Aug,24-Aug,18-Aug,19-Aug,20-Aug,21-Aug,22-Aug,23-Aug,24-Aug,0,6,0
Nagpur,Nagpur,Gondia,Bhandara,Tumsar,20017217,Dewadi RR WSS,Stationtoli,1320,1,,0.73,0.00,0.19,0.00,0.00,0.00,,55.43,0.00,14.53,0.03,0.09,0.06,18-Aug,19-Aug,20-Aug,21-Aug,22-Aug,23-Aug,24-Aug,18-Aug,19-Aug,20-Aug,21-Aug,22-Aug,23-Aug,24-Aug,1,5,1
Nagpur,Nagpur,Gondia,Bhandara,Tumsar,631010,Gobarwahi RR Retrofitting,Alesur,928,2,,0.39,0.32,0.23,0.49,0.33,0.00,,42.03,34.48,24.78,52.80,35.56,0.00,18-Aug,19-Aug,20-Aug,21-Aug,22-Aug,23-Aug,24-Aug,18-Aug,19-Aug,20-Aug,21-Aug,22-Aug,23-Aug,24-Aug,1,6,0
Nagpur,Nagpur,Gondia,Bhandara,Tumsar,631010,Gobarwahi RR Retrofitting,Chicholi,2212,1,,0.00,0.00,0.00,0.00,0.00,0.00,,0.00,0.00,0.00,0.00,0.00,0.00,18-Aug,19-Aug,20-Aug,21-Aug,22-Aug,23-Aug,24-Aug,18-Aug,19-Aug,20-Aug,21-Aug,22-Aug,23-Aug,24-Aug,6,6,0
Nagpur,Nagpur,Gondia,Bhandara,Tumsar,631010,Gobarwahi RR Retrofitting,Chikhali,1541,1,,0.00,0.00,0.00,0.00,0.00,0.00,,0.00,0.00,0.00,0.00,0.00,0.00,18-Aug,19-Aug,20-Aug,21-Aug,22-Aug,23-Aug,24-Aug,18-Aug,19-Aug,20-Aug,21-Aug,22-Aug,23-Aug,24-Aug,6,6,0
Nagpur,Nagpur,Gondia,Bhandara,Tumsar,631010,Gobarwahi RR Retrofitting,Deonara,648,1,,0.19,0.00,0.13,0.00,0.00,0.00,,29.32,0.00,20.06,0.00,0.00,0.00,18-Aug,19-Aug,20-Aug,21-Aug,22-Aug,23-Aug,24-Aug,18-Aug,19-Aug,20-Aug,21-Aug,22-Aug,23-Aug,24-Aug,4,6,0
Nagpur,Nagpur,Gondia,Bhandara,Tumsar,631010,Gobarwahi RR Retrofitting,Dongri Bk.,5014,1,,0.39,0.00,0.00,0.00,0.00,0.00,,7.74,0.00,0.00,0.00,0.00,0.00,18-Aug,19-Aug,20-Aug,21-Aug,22-Aug,23-Aug,24-Aug,18-Aug,19-Aug,20-Aug,21-Aug,22-Aug,23-Aug,24-Aug,5,6,0
Nagpur,Nagpur,Gondia,Bhandara,Tumsar,631010,Gobarwahi RR Retrofitting,Paunarkhari,2526,1,,0.63,0.00,0.78,0.00,0.63,1.37,,24.94,0.00,30.88,0.00,24.94,54.24,18-Aug,19-Aug,20-Aug,21-Aug,22-Aug,23-Aug,24-Aug,18-Aug,19-Aug,20-Aug,21-Aug,22-Aug,23-Aug,24-Aug,2,6,0
Nagpur,Nagpur,Gondia,Bhandara,Tumsar,631010,Gobarwahi RR Retrofitting,Pawnara,1187,1,,4.94,4.68,4.62,4.44,2.84,2.97,,416.08,394.24,389.22,373.97,239.26,250.21,18-Aug,19-Aug,20-Aug,21-Aug,22-Aug,23-Aug,24-Aug,18-Aug,19-Aug,20-Aug,21-Aug,22-Aug,23-Aug,24-Aug,0,0,6
Nagpur,Nagpur,Gondia,Bhandara,Tumsar,631010,Gobarwahi RR Retrofitting,Pitesur,1994,1,,0.00,0.00,0.00,0.00,0.00,0.00,,0.00,0.00,0.00,0.00,0.00,0.00,18-Aug,19-Aug,20-Aug,21-Aug,22-Aug,23-Aug,24-Aug,18-Aug,19-Aug,20-Aug,21-Aug,22-Aug,23-Aug,24-Aug,6,6,0
Nagpur,Nagpur,Gondia,Bhandara,Tumsar,631010,Gobarwahi RR Retrofitting,Ronga,1821,2,,0.62,0.85,0.00,0.62,0.00,0.00,,34.05,46.68,0.00,34.05,0.00,0.00,18-Aug,19-Aug,20-Aug,21-Aug,22-Aug,23-Aug,24-Aug,18-Aug,19-Aug,20-Aug,21-Aug,22-Aug,23-Aug,24-Aug,3,6,0
Nagpur,Nagpur,Gondia,Deori,Deori,20017028,Chichgad Palandur RR Retrofitting,Garartola,859,1,0.00,0.00,0.00,0.00,0.00,0.00,0.00,0.00,0.00,0.00,0.00,0.00,0.00,0.00,18-Aug,19-Aug,20-Aug,21-Aug,22-Aug,23-Aug,24-Aug,18-Aug,19-Aug,20-Aug,21-Aug,22-Aug,23-Aug,24-Aug,7,7,0
Nagpur,Nagpur,Gondia,Deori,Deori,20017028,Chichgad Palandur RR Retrofitting,Palandur,2216,1,0.00,0.00,0.00,0.00,0.00,0.00,0.00,0.00,0.00,0.00,0.00,0.00,0.00,0.00,18-Aug,19-Aug,20-Aug,21-Aug,22-Aug,23-Aug,24-Aug,18-Aug,19-Aug,20-Aug,21-Aug,22-Aug,23-Aug,24-Aug,7,7,0
Nagpur,Nagpur,Gondia,Deori,Deori,20017028,Chichgad Palandur RR Retrofitting,Singamdoh,700,1,0.00,0.00,0.00,0.00,0.00,0.00,0.00,0.00,0.00,0.00,0.00,0.00,0.00,0.00,18-Aug,19-Aug,20-Aug,21-Aug,22-Aug,23-Aug,24-Aug,18-Aug,19-Aug,20-Aug,21-Aug,22-Aug,23-Aug,24-Aug,7,7,0
Nagpur,Nagpur,Gondia,Deori,Deori,20017028,Chichgad Palandur RR Retrofitting,Sukali,400,1,0.00,0.00,0.00,0.00,0.00,0.00,0.00,0.00,0.00,0.00,0.00,0.00,0.00,0.00,18-Aug,19-Aug,20-Aug,21-Aug,22-Aug,23-Aug,24-Aug,18-Aug,19-Aug,20-Aug,21-Aug,22-Aug,23-Aug,24-Aug,7,7,0
Nagpur,Nagpur,Gondia,Deori,Deori,20017028,Chichgad Palandur RR Retrofitting,Tekri Magardoh Balapur,1800,1,0.00,0.00,0.00,0.00,0.00,0.00,0.00,0.00,0.00,0.00,0.00,0.00,0.00,0.00,18-Aug,19-Aug,20-Aug,21-Aug,22-Aug,23-Aug,24-Aug,18-Aug,19-Aug,20-Aug,21-Aug,22-Aug,23-Aug,24-Aug,7,7,0
Nagpur,Nagpur,Gondia,Gondia,Gondia,2003645,Kudwa-Katangikala Peri Urban RR,Katangikala,6640,2,,2.82,0.00,2.90,1.33,2.76,1.41,,42.47,0.00,43.67,20.03,41.57,21.23,18-Aug,19-Aug,20-Aug,21-Aug,22-Aug,23-Aug,24-Aug,18-Aug,19-Aug,20-Aug,21-Aug,22-Aug,23-Aug,24-Aug,1,6,0
Nagpur,Nagpur,Gondia,Gondia,Gondia,2003645,Kudwa-Katangikala Peri Urban RR,Kudwa,20000,3,,0.00,0.00,0.00,0.00,0.00,0.00,,0.00,0.00,0.00,0.00,0.00,0.00,18-Aug,19-Aug,20-Aug,21-Aug,22-Aug,23-Aug,24-Aug,18-Aug,19-Aug,20-Aug,21-Aug,22-Aug,23-Aug,24-Aug,6,6,0
Nagpur,Nagpur,Gondia,Gondia,Goregaon,20019216,GOREGAON RR Retrofitting,Bhadanga,4016,1,,0.02,0.47,1.07,0.88,1.95,0.90,,0.56,11.64,26.72,21.85,48.53,22.33,18-Aug,19-Aug,20-Aug,21-Aug,22-Aug,23-Aug,24-Aug,18-Aug,19-Aug,20-Aug,21-Aug,22-Aug,23-Aug,24-Aug,0,6,0
Nagpur,Nagpur,Gondia,Gondia,Goregaon,20019216,GOREGAON RR Retrofitting,Ghoti,3931,1,,1.15,0.00,1.09,1.29,0.59,0.00,,29.26,0.00,27.82,32.78,15.12,0.00,18-Aug,19-Aug,20-Aug,21-Aug,22-Aug,23-Aug,24-Aug,18-Aug,19-Aug,20-Aug,21-Aug,22-Aug,23-Aug,24-Aug,2,6,0
Nagpur,Nagpur,Gondia,Gondia,Goregaon,20019216,GOREGAON RR Retrofitting,Goregaon,8766,3,,2.26,1.19,3.96,2.70,3.51,2.74,,25.81,13.54,45.23,30.85,40.07,31.23,18-Aug,19-Aug,20-Aug,21-Aug,22-Aug,23-Aug,24-Aug,18-Aug,19-Aug,20-Aug,21-Aug,22-Aug,23-Aug,24-Aug,0,6,0
Nagpur,Nagpur,Gondia,Gondia,Goregaon,20019216,GOREGAON RR Retrofitting,Katangi,2643,1,,0.57,0.00,0.00,0.00,0.00,0.00,,21.46,0.00,0.01,0.00,0.00,0.00,18-Aug,19-Aug,20-Aug,21-Aug,22-Aug,23-Aug,24-Aug,18-Aug,19-Aug,20-Aug,21-Aug,22-Aug,23-Aug,24-Aug,4,6,0
Nagpur,Nagpur,Gondia,Gondia,Goregaon,20019216,GOREGAON RR Retrofitting,Mengatola,1000,1,,0.00,0.00,0.00,0.00,0.00,0.00,,0.00,0.00,0.00,0.00,0.00,0.00,18-Aug,19-Aug,20-Aug,21-Aug,22-Aug,23-Aug,24-Aug,18-Aug,19-Aug,20-Aug,21-Aug,22-Aug,23-Aug,24-Aug,6,6,0
Nagpur,Nagpur,Gondia,Sadak Arjuni,Sadak Arjuni,20016939,Putali RR WSS Retrofitting,Chirchadi,905,1,0.00,0.00,0.00,0.00,0.00,0.00,0.00,0.00,0.00,0.00,0.00,0.00,0.00,0.00,18-Aug,19-Aug,20-Aug,21-Aug,22-Aug,23-Aug,24-Aug,18-Aug,19-Aug,20-Aug,21-Aug,22-Aug,23-Aug,24-Aug,7,7,0
Nagpur,Nagpur,Gondia,Sadak Arjuni,Sadak Arjuni,20016939,Putali RR WSS Retrofitting,Dalli,1606,1,,0.00,0.00,0.00,0.00,0.00,0.00,,0.00,0.00,0.00,0.00,0.00,0.00,18-Aug,19-Aug,20-Aug,21-Aug,22-Aug,23-Aug,24-Aug,18-Aug,19-Aug,20-Aug,21-Aug,22-Aug,23-Aug,24-Aug,6,6,0
Nagpur,Nagpur,Gondia,Sadak Arjuni,Sadak Arjuni,20016939,Putali RR WSS Retrofitting,Kanharpayli,1487,1,,0.00,0.00,0.00,0.00,0.00,0.00,,0.00,0.00,0.00,0.00,0.00,0.00,18-Aug,19-Aug,20-Aug,21-Aug,22-Aug,23-Aug,24-Aug,18-Aug,19-Aug,20-Aug,21-Aug,22-Aug,23-Aug,24-Aug,6,6,0
Nagpur,Nagpur,Gondia,Sadak Arjuni,Sadak Arjuni,20016939,Putali RR WSS Retrofitting,Kohalipar,126,1,,0.00,0.00,0.00,0.00,0.00,0.00,,0.00,0.00,0.00,0.00,0.00,0.00,18-Aug,19-Aug,20-Aug,21-Aug,22-Aug,23-Aug,24-Aug,18-Aug,19-Aug,20-Aug,21-Aug,22-Aug,23-Aug,24-Aug,6,6,0
Nagpur,Nagpur,Gondia,Sadak Arjuni,Sadak Arjuni,20016939,Putali RR WSS Retrofitting,Koylari,1575,1,,0.00,0.00,0.00,0.00,0.00,0.00,,0.00,0.00,0.00,0.00,0.00,0.00,18-Aug,19-Aug,20-Aug,21-Aug,22-Aug,23-Aug,24-Aug,18-Aug,19-Aug,20-Aug,21-Aug,22-Aug,23-Aug,24-Aug,6,6,0
Nagpur,Nagpur,Gondia,Sadak Arjuni,Sadak Arjuni,20016939,Putali RR WSS Retrofitting,Mohgata,189,1,,0.00,0.00,0.00,0.00,0.00,0.00,,0.00,0.00,0.00,0.00,0.00,0.00,18-Aug,19-Aug,20-Aug,21-Aug,22-Aug,23-Aug,24-Aug,18-Aug,19-Aug,20-Aug,21-Aug,22-Aug,23-Aug,24-Aug,6,6,0
Nagpur,Nagpur,Gondia,Sadak Arjuni,Sadak Arjuni,20016939,Putali RR WSS Retrofitting,Rengepar,1581,1,0.00,0.00,0.00,0.00,0.11,0.06,0.00,0.00,0.00,0.00,0.00,6.96,3.80,0.00,18-Aug,19-Aug,20-Aug,21-Aug,22-Aug,23-Aug,24-Aug,18-Aug,19-Aug,20-Aug,21-Aug,22-Aug,23-Aug,24-Aug,5,7,0
Nagpur,Nagpur,Gondia,Sadak Arjuni,Sadak Arjuni,20016939,Putali RR WSS Retrofitting,Ushikheda,710,1,,0.00,0.00,0.00,0.00,0.00,0.00,,0.00,0.00,0.00,0.00,0.00,0.00,18-Aug,19-Aug,20-Aug,21-Aug,22-Aug,23-Aug,24-Aug,18-Aug,19-Aug,20-Aug,21-Aug,22-Aug,23-Aug,24-Aug,6,6,0
Nagpur,Nagpur,Gondia,Sakoli,Sakoli-Lakhani,20022100,Sakoli Lakhani RR Retrofitting,Gadegaon,3072,2,4.59,3.27,3.13,3.48,5.04,2.91,1.82,149.49,106.28,101.79,113.28,164.10,94.68,59.23,18-Aug,19-Aug,20-Aug,21-Aug,22-Aug,23-Aug,24-Aug,18-Aug,19-Aug,20-Aug,21-Aug,22-Aug,23-Aug,24-Aug,0,0,7
Nagpur,Nagpur,Gondia,Sakoli,Sakoli-Lakhani,20022100,Sakoli Lakhani RR Retrofitting,Gondsawari,946,1,0.00,0.00,0.00,0.00,0.00,0.00,0.00,0.00,0.00,0.00,0.00,0.00,0.00,0.00,18-Aug,19-Aug,20-Aug,21-Aug,22-Aug,23-Aug,24-Aug,18-Aug,19-Aug,20-Aug,21-Aug,22-Aug,23-Aug,24-Aug,7,7,0
Nagpur,Nagpur,Gondia,Sakoli,Sakoli-Lakhani,20022100,Sakoli Lakhani RR Retrofitting,Jambhai,1844,1,,0.00,2.63,0.00,0.00,0.00,0.00,,0.00,142.62,0.00,0.00,0.00,0.00,18-Aug,19-Aug,20-Aug,21-Aug,22-Aug,23-Aug,24-Aug,18-Aug,19-Aug,20-Aug,21-Aug,22-Aug,23-Aug,24-Aug,5,5,1
Nagpur,Nagpur,Gondia,Sakoli,Sakoli-Lakhani,20022100,Sakoli Lakhani RR Retrofitting,Khandala,1847,1,13.28,19.18,10.01,0.00,0.71,0.00,0.00,719.10,1038.35,542.12,0.00,38.44,0.00,0.00,18-Aug,19-Aug,20-Aug,21-Aug,22-Aug,23-Aug,24-Aug,18-Aug,19-Aug,20-Aug,21-Aug,22-Aug,23-Aug,24-Aug,3,4,3
Nagpur,Nagpur,Gondia,Sakoli,Sakoli-Lakhani,20022100,Sakoli Lakhani RR Retrofitting,Lakhori,2751,1,0.87,1.26,1.36,1.62,1.33,1.29,1.31,31.72,45.80,49.44,58.89,48.35,46.89,47.62,18-Aug,19-Aug,20-Aug,21-Aug,22-Aug,23-Aug,24-Aug,18-Aug,19-Aug,20-Aug,21-Aug,22-Aug,23-Aug,24-Aug,0,6,1
Nagpur,Nagpur,Gondia,Sakoli,Sakoli-Lakhani,20022100,Sakoli Lakhani RR Retrofitting,Manegaon,,1,0.00,0.00,0.00,0.00,0.00,0.00,0.00,0.00,0.00,0.00,0.00,0.00,0.00,0.00,18-Aug,19-Aug,20-Aug,21-Aug,22-Aug,23-Aug,24-Aug,18-Aug,19-Aug,20-Aug,21-Aug,22-Aug,23-Aug,24-Aug,7,7,0
Nagpur,Nagpur,Gondia,Sakoli,Sakoli-Lakhani,20022100,Sakoli Lakhani RR Retrofitting,Pimpalgaon,,1,0.00,0.00,0.00,0.00,0.00,0.00,0.00,0.00,0.00,0.00,0.00,0.00,0.00,0.00,18-Aug,19-Aug,20-Aug,21-Aug,22-Aug,23-Aug,24-Aug,18-Aug,19-Aug,20-Aug,21-Aug,22-Aug,23-Aug,24-Aug,7,7,0
Nagpur,Nagpur,Gondia,Sakoli,Sakoli-Lakhani,20022100,Sakoli Lakhani RR Retrofitting,Pindkepar,1388,1,0.00,0.00,0.00,0.00,0.00,0.00,0.00,0.00,0.00,0.00,0.00,0.00,0.00,0.00,18-Aug,19-Aug,20-Aug,21-Aug,22-Aug,23-Aug,24-Aug,18-Aug,19-Aug,20-Aug,21-Aug,22-Aug,23-Aug,24-Aug,7,7,0
Nagpur,Nagpur,Gondia,Sakoli,Sakoli-Lakhani,20022100,Sakoli Lakhani RR Retrofitting,Pohara,5000,1,0.00,0.00,0.01,0.00,0.00,0.20,0.00,0.00,0.00,0.20,0.00,0.00,4.00,0.00,18-Aug,19-Aug,20-Aug,21-Aug,22-Aug,23-Aug,24-Aug,18-Aug,19-Aug,20-Aug,21-Aug,22-Aug,23-Aug,24-Aug,5,7,0
Nagpur,Nagpur,Gondia,Sakoli,Sakoli-Lakhani,20022100,Sakoli Lakhani RR Retrofitting,Rengepar,1581,1,0.73,1.19,1.17,1.14,0.97,1.13,1.21,46.07,75.27,74.00,72.11,61.35,71.47,76.53,18-Aug,19-Aug,20-Aug,21-Aug,22-Aug,23-Aug,24-Aug,18-Aug,19-Aug,20-Aug,21-Aug,22-Aug,23-Aug,24-Aug,0,1,6
Nagpur,Nagpur,Gondia,Sakoli,Sakoli-Lakhani,20022100,Sakoli Lakhani RR Retrofitting,Sawarbandh,1669,1,0.00,0.00,0.00,0.00,0.00,0.00,0.00,0.00,0.00,0.00,0.00,0.00,0.00,0.00,18-Aug,19-Aug,20-Aug,21-Aug,22-Aug,23-Aug,24-Aug,18-Aug,19-Aug,20-Aug,21-Aug,22-Aug,23-Aug,24-Aug,7,7,0
Nagpur,Nagpur,Gondia,Sakoli,Sakoli-Lakhani,20022100,Sakoli Lakhani RR Retrofitting,Sawari,4078,2,2.36,2.39,2.35,2.24,2.40,2.48,2.44,57.79,58.61,57.63,54.93,58.85,60.81,59.83,18-Aug,19-Aug,20-Aug,21-Aug,22-Aug,23-Aug,24-Aug,18-Aug,19-Aug,20-Aug,21-Aug,22-Aug,23-Aug,24-Aug,0,1,6
Nagpur,Nagpur,Gondia,Sakoli,Sakoli-Lakhani,20022100,Sakoli Lakhani RR Retrofitting,Sivanibandh,1504,1,0.00,0.00,0.00,0.00,0.00,0.00,0.00,0.00,0.00,0.00,0.00,0.00,0.00,0.00,18-Aug,19-Aug,20-Aug,21-Aug,22-Aug,23-Aug,24-Aug,18-Aug,19-Aug,20-Aug,21-Aug,22-Aug,23-Aug,24-Aug,7,7,0
Nagpur,Nagpur,Gondia,Sakoli,Sakoli-Lakhani,20022100,Sakoli Lakhani RR Retrofitting,Somalwada,2142,2,0.00,0.00,0.00,0.00,0.00,0.00,0.00,0.00,0.00,0.00,0.00,0.00,0.00,0.00,18-Aug,19-Aug,20-Aug,21-Aug,22-Aug,23-Aug,24-Aug,18-Aug,19-Aug,20-Aug,21-Aug,22-Aug,23-Aug,24-Aug,7,7,0
Nagpur,Nagpur,Nagpur,Chandrapur,Saoali,20036500,Vyahad & 2 Village RR WSS,Kondekhal,556,2,,0.01,0.01,0.00,0.00,0.00,0.00,,1.05,0.93,0.00,0.00,0.00,0.00,18-Aug,19-Aug,20-Aug,21-Aug,22-Aug,23-Aug,24-Aug,18-Aug,19-Aug,20-Aug,21-Aug,22-Aug,23-Aug,24-Aug,4,6,0
Nagpur,Nagpur,Nagpur,Chandrapur,Saoali,20036500,Vyahad & 2 Village RR WSS,Samada Kh,524,2,,0.02,0.01,0.02,0.00,0.08,0.01,,4.71,2.84,4.35,0.00,15.07,1.17,18-Aug,19-Aug,20-Aug,21-Aug,22-Aug,23-Aug,24-Aug,18-Aug,19-Aug,20-Aug,21-Aug,22-Aug,23-Aug,24-Aug,1,6,0
Nagpur,Nagpur,Nagpur,Chandrapur,Saoali,20036500,Vyahad & 2 Village RR WSS,Vyahad(BK),4572,1,,0.00,0.00,0.00,0.00,0.00,0.00,,0.00,0.00,0.00,0.00,0.00,0.00,18-Aug,19-Aug,20-Aug,21-Aug,22-Aug,23-Aug,24-Aug,18-Aug,19-Aug,20-Aug,21-Aug,22-Aug,23-Aug,24-Aug,6,6,0
Nagpur,Nagpur,Nagpur,Nagpur,Hingna,20009650,Waddhmna WSS,Nagalwadi,2564,1,,0.00,0.00,0.00,0.00,0.00,0.00,,0.00,0.00,0.00,0.00,0.00,0.00,18-Aug,19-Aug,20-Aug,21-Aug,22-Aug,23-Aug,24-Aug,18-Aug,19-Aug,20-Aug,21-Aug,22-Aug,23-Aug,24-Aug,6,6,0
Nagpur,Nagpur,Nagpur,Nagpur,Hingna,20009650,Waddhmna WSS,Waddhmna,5904,6,,5.01,5.38,5.17,3.78,3.29,2.65,,84.83,91.12,87.49,64.02,55.72,44.88,18-Aug,19-Aug,20-Aug,21-Aug,22-Aug,23-Aug,24-Aug,18-Aug,19-Aug,20-Aug,21-Aug,22-Aug,23-Aug,24-Aug,0,1,5
Nagpur,Nagpur,Nagpur,Nagpur,Kamptee,7940695,Bidgaon Tarodi wss,Bidgaon,16860,2,19.57,21.25,19.82,9.97,17.44,18.83,21.88,116.08,126.06,117.57,59.13,103.47,111.69,129.77,18-Aug,19-Aug,20-Aug,21-Aug,22-Aug,23-Aug,24-Aug,18-Aug,19-Aug,20-Aug,21-Aug,22-Aug,23-Aug,24-Aug,0,0,7
Nagpur,Nagpur,Nagpur,Nagpur,Kamptee,7940695,Bidgaon Tarodi wss,Tarodi Kh.,7830,2,,0.13,0.11,0.11,0.11,2.01,9.11,,1.65,1.46,1.40,1.41,25.62,116.39,18-Aug,19-Aug,20-Aug,21-Aug,22-Aug,23-Aug,24-Aug,18-Aug,19-Aug,20-Aug,21-Aug,22-Aug,23-Aug,24-Aug,0,5,1
Chhatrapati Sambhajinagar,Chhatrapati Sambhajinagar,Chhatrapati Sambhajinagar,Gangapur,Gangapur,20051233,373 Village Gangapur-Vaijapur Grid WSS,Babhulgaon Padalsa,1001,1,,0.00,0.00,0.00,0.00,0.00,0.00,,0.00,0.00,0.00,0.00,0.00,0.00,18-Aug,19-Aug,20-Aug,21-Aug,22-Aug,23-Aug,24-Aug,18-Aug,19-Aug,20-Aug,21-Aug,22-Aug,23-Aug,24-Aug,6,6,0
Chhatrapati Sambhajinagar,Chhatrapati Sambhajinagar,Chhatrapati Sambhajinagar,Gangapur,Gangapur,20051233,373 Village Gangapur-Vaijapur Grid WSS,Domegaon-Borgaon,1535,1,,0.00,0.00,0.00,0.00,0.00,0.00,,0.00,0.00,0.00,0.00,0.00,0.00,18-Aug,19-Aug,20-Aug,21-Aug,22-Aug,23-Aug,24-Aug,18-Aug,19-Aug,20-Aug,21-Aug,22-Aug,23-Aug,24-Aug,6,6,0
Chhatrapati Sambhajinagar,Chhatrapati Sambhajinagar,Chhatrapati Sambhajinagar,Gangapur,Gangapur,20051233,373 Village Gangapur-Vaijapur Grid WSS,Jogeshwari,13730,1,,4.89,4.38,4.85,5.37,5.33,5.34,,35.59,31.87,35.32,39.10,38.84,38.89,18-Aug,19-Aug,20-Aug,21-Aug,22-Aug,23-Aug,24-Aug,18-Aug,19-Aug,20-Aug,21-Aug,22-Aug,23-Aug,24-Aug,0,6,0
Chhatrapati Sambhajinagar,Chhatrapati Sambhajinagar,Chhatrapati Sambhajinagar,Gangapur,Gangapur,20051233,373 Village Gangapur-Vaijapur Grid WSS,Raipur,2196,1,,0.00,0.00,0.00,0.00,0.00,0.00,,0.00,0.00,0.00,0.00,0.00,0.00,18-Aug,19-Aug,20-Aug,21-Aug,22-Aug,23-Aug,24-Aug,18-Aug,19-Aug,20-Aug,21-Aug,22-Aug,23-Aug,24-Aug,6,6,0
Chhatrapati Sambhajinagar,Chhatrapati Sambhajinagar,Chhatrapati Sambhajinagar,Gangapur,Gangapur,20051233,373 Village Gangapur-Vaijapur Grid WSS,Ranjangaon (s),62282,1,,0.70,0.00,0.24,0.00,1.21,0.00,,1.13,0.00,0.39,0.00,1.95,0.00,18-Aug,19-Aug,20-Aug,21-Aug,22-Aug,23-Aug,24-Aug,18-Aug,19-Aug,20-Aug,21-Aug,22-Aug,23-Aug,24-Aug,3,6,0
Chhatrapati Sambhajinagar,Chhatrapati Sambhajinagar,Chhatrapati Sambhajinagar,Gangapur,Gangapur,20051233,373 Village Gangapur-Vaijapur Grid WSS,Sawangi,5491,1,,0.00,0.00,0.00,0.00,0.00,0.00,,0.00,0.00,0.00,0.00,0.00,0.00,18-Aug,19-Aug,20-Aug,21-Aug,22-Aug,23-Aug,24-Aug,18-Aug,19-Aug,20-Aug,21-Aug,22-Aug,23-Aug,24-Aug,6,6,0
Chhatrapati Sambhajinagar,Chhatrapati Sambhajinagar,Chhatrapati Sambhajinagar,Gangapur,Gangapur,20051233,373 Village Gangapur-Vaijapur Grid WSS,Shivrai,2706,1,,0.00,1.23,0.39,0.00,0.00,0.17,,0.00,45.45,14.41,0.00,0.00,6.28,18-Aug,19-Aug,20-Aug,21-Aug,22-Aug,23-Aug,24-Aug,18-Aug,19-Aug,20-Aug,21-Aug,22-Aug,23-Aug,24-Aug,3,6,0
Chhatrapati Sambhajinagar,Chhatrapati Sambhajinagar,Chhatrapati Sambhajinagar,Gangapur,Gangapur,20051233,373 Village Gangapur-Vaijapur Grid WSS,Warkhed,3343,1,,0.03,0.70,0.76,0.00,0.17,0.07,,0.90,20.94,22.73,0.00,5.09,2.09,18-Aug,19-Aug,20-Aug,21-Aug,22-Aug,23-Aug,24-Aug,18-Aug,19-Aug,20-Aug,21-Aug,22-Aug,23-Aug,24-Aug,1,6,0
Chhatrapati Sambhajinagar,Chhatrapati Sambhajinagar,Chhatrapati Sambhajinagar,Paithan,Paithan,20018162,Paithan Taluka 178 Village Grid WS,Akthawada,1508,1,,0.19,0.92,0.71,0.38,1.01,1.34,,12.60,61.01,47.08,25.20,66.98,88.86,18-Aug,19-Aug,20-Aug,21-Aug,22-Aug,23-Aug,24-Aug,18-Aug,19-Aug,20-Aug,21-Aug,22-Aug,23-Aug,24-Aug,0,3,3
Chhatrapati Sambhajinagar,Chhatrapati Sambhajinagar,Chhatrapati Sambhajinagar,Paithan,Paithan,20018162,Paithan Taluka 178 Village Grid WS,Antarwadi Khandi,2331,1,,0.00,0.00,0.00,0.00,0.00,0.00,,0.00,0.00,0.00,0.00,0.00,0.00,18-Aug,19-Aug,20-Aug,21-Aug,22-Aug,23-Aug,24-Aug,18-Aug,19-Aug,20-Aug,21-Aug,22-Aug,23-Aug,24-Aug,6,6,0
Chhatrapati Sambhajinagar,Chhatrapati Sambhajinagar,Chhatrapati Sambhajinagar,Paithan,Paithan,20018162,Paithan Taluka 178 Village Grid WS,Balanagar,5504,1,,2.63,2.04,1.98,1.86,2.52,2.47,,47.78,37.06,35.97,33.79,45.78,44.88,18-Aug,19-Aug,20-Aug,21-Aug,22-Aug,23-Aug,24-Aug,18-Aug,19-Aug,20-Aug,21-Aug,22-Aug,23-Aug,24-Aug,0,6,0
Chhatrapati Sambhajinagar,Chhatrapati Sambhajinagar,Chhatrapati Sambhajinagar,Paithan,Paithan,20018162,Paithan Taluka 178 Village Grid WS,Changatpuri,3387,1,,0.00,0.00,0.00,0.00,0.00,0.00,,0.00,0.00,0.00,0.00,0.00,0.00,18-Aug,19-Aug,20-Aug,21-Aug,22-Aug,23-Aug,24-Aug,18-Aug,19-Aug,20-Aug,21-Aug,22-Aug,23-Aug,24-Aug,6,6,0
Chhatrapati Sambhajinagar,Chhatrapati Sambhajinagar,Chhatrapati Sambhajinagar,Paithan,Paithan,20018162,Paithan Taluka 178 Village Grid WS,Dadegaon Bk.,1144,2,,0.09,0.24,0.20,0.16,0.26,0.25,,7.87,20.98,17.48,13.99,22.73,21.85,18-Aug,19-Aug,20-Aug,21-Aug,22-Aug,23-Aug,24-Aug,18-Aug,19-Aug,20-Aug,21-Aug,22-Aug,23-Aug,24-Aug,0,6,0
Chhatrapati Sambhajinagar,Chhatrapati Sambhajinagar,Chhatrapati Sambhajinagar,Paithan,Paithan,20018162,Paithan Taluka 178 Village Grid WS,Dadegaon Jahagir,1400,1,,0.00,2.27,0.60,2.65,6.12,0.00,,0.00,162.14,42.86,189.29,437.14,0.00,18-Aug,19-Aug,20-Aug,21-Aug,22-Aug,23-Aug,24-Aug,18-Aug,19-Aug,20-Aug,21-Aug,22-Aug,23-Aug,24-Aug,2,3,3
Chhatrapati Sambhajinagar,Chhatrapati Sambhajinagar,Chhatrapati Sambhajinagar,Paithan,Paithan,20018162,Paithan Taluka 178 Village Grid WS,Daregaon,992,1,,0.00,0.00,0.00,0.00,0.00,0.00,,0.00,0.00,0.00,0.00,0.00,0.00,18-Aug,19-Aug,20-Aug,21-Aug,22-Aug,23-Aug,24-Aug,18-Aug,19-Aug,20-Aug,21-Aug,22-Aug,23-Aug,24-Aug,6,6,0
Chhatrapati Sambhajinagar,Chhatrapati Sambhajinagar,Chhatrapati Sambhajinagar,Paithan,Paithan,20018162,Paithan Taluka 178 Village Grid WS,Dhorkin,3816,1,,0.00,0.01,0.00,0.00,1.14,0.00,,0.00,0.26,0.00,0.00,29.87,0.00,18-Aug,19-Aug,20-Aug,21-Aug,22-Aug,23-Aug,24-Aug,18-Aug,19-Aug,20-Aug,21-Aug,22-Aug,23-Aug,24-Aug,4,6,0
Chhatrapati Sambhajinagar,Chhatrapati Sambhajinagar,Chhatrapati Sambhajinagar,Paithan,Paithan,20018162,Paithan Taluka 178 Village Grid WS,Dinnapur,900,1,,0.88,0.33,1.16,1.39,0.38,0.40,,97.78,36.67,128.89,154.44,42.22,44.44,18-Aug,19-Aug,20-Aug,21-Aug,22-Aug,23-Aug,24-Aug,18-Aug,19-Aug,20-Aug,21-Aug,22-Aug,23-Aug,24-Aug,0,3,3
Chhatrapati Sambhajinagar,Chhatrapati Sambhajinagar,Chhatrapati Sambhajinagar,Paithan,Paithan,20018162,Paithan Taluka 178 Village Grid WS,Dongaon,0,1,,0.00,0.00,0.00,0.00,0.00,0.00,,0.00,0.00,0.00,0.00,0.00,0.00,18-Aug,19-Aug,20-Aug,21-Aug,22-Aug,23-Aug,24-Aug,18-Aug,19-Aug,20-Aug,21-Aug,22-Aug,23-Aug,24-Aug,6,6,0
Chhatrapati Sambhajinagar,Chhatrapati Sambhajinagar,Chhatrapati Sambhajinagar,Paithan,Paithan,20018162,Paithan Taluka 178 Village Grid WS,Geora Bashi,0,1,,0.00,0.00,0.00,0.00,0.00,0.00,,0.00,0.00,0.00,0.00,0.00,0.00,18-Aug,19-Aug,20-Aug,21-Aug,22-Aug,23-Aug,24-Aug,18-Aug,19-Aug,20-Aug,21-Aug,22-Aug,23-Aug,24-Aug,6,6,0
Chhatrapati Sambhajinagar,Chhatrapati Sambhajinagar,Chhatrapati Sambhajinagar,Paithan,Paithan,20018162,Paithan Taluka 178 Village Grid WS,Geora BK.,0,1,,0.00,0.00,0.00,0.00,0.00,0.00,,0.00,0.00,0.00,0.00,0.00,0.00,18-Aug,19-Aug,20-Aug,21-Aug,22-Aug,23-Aug,24-Aug,18-Aug,19-Aug,20-Aug,21-Aug,22-Aug,23-Aug,24-Aug,6,6,0
Chhatrapati Sambhajinagar,Chhatrapati Sambhajinagar,Chhatrapati Sambhajinagar,Paithan,Paithan,20018162,Paithan Taluka 178 Village Grid WS,Geora Kh.,0,1,,0.00,0.00,0.00,0.00,0.00,0.00,,0.00,0.00,0.00,0.00,0.00,0.00,18-Aug,19-Aug,20-Aug,21-Aug,22-Aug,23-Aug,24-Aug,18-Aug,19-Aug,20-Aug,21-Aug,22-Aug,23-Aug,24-Aug,6,6,0
Chhatrapati Sambhajinagar,Chhatrapati Sambhajinagar,Chhatrapati Sambhajinagar,Paithan,Paithan,20018162,Paithan Taluka 178 Village Grid WS,Gidhada,564,1,,0.00,0.00,0.00,0.00,0.00,0.00,,0.00,0.00,0.00,0.00,0.00,0.00,18-Aug,19-Aug,20-Aug,21-Aug,22-Aug,23-Aug,24-Aug,18-Aug,19-Aug,20-Aug,21-Aug,22-Aug,23-Aug,24-Aug,6,6,0
Chhatrapati Sambhajinagar,Chhatrapati Sambhajinagar,Chhatrapati Sambhajinagar,Paithan,Paithan,20018162,Paithan Taluka 178 Village Grid WS,Harshi Bk.,0,1,,0.00,0.00,0.00,0.00,0.00,0.00,,0.00,0.00,0.00,0.00,0.00,0.00,18-Aug,19-Aug,20-Aug,21-Aug,22-Aug,23-Aug,24-Aug,18-Aug,19-Aug,20-Aug,21-Aug,22-Aug,23-Aug,24-Aug,6,6,0
Chhatrapati Sambhajinagar,Chhatrapati Sambhajinagar,Chhatrapati Sambhajinagar,Paithan,Paithan,20018162,Paithan Taluka 178 Village Grid WS,Hiradpuri,1372,1,,0.00,0.00,0.00,0.00,0.00,0.00,,0.00,0.00,0.00,0.00,0.00,0.00,18-Aug,19-Aug,20-Aug,21-Aug,22-Aug,23-Aug,24-Aug,18-Aug,19-Aug,20-Aug,21-Aug,22-Aug,23-Aug,24-Aug,6,6,0
Chhatrapati Sambhajinagar,Chhatrapati Sambhajinagar,Chhatrapati Sambhajinagar,Paithan,Paithan,20018162,Paithan Taluka 178 Village Grid WS,Honobachi wadi,783,1,,0.00,0.00,0.00,0.00,0.00,0.00,,0.00,0.00,0.00,0.00,0.00,0.00,18-Aug,19-Aug,20-Aug,21-Aug,22-Aug,23-Aug,24-Aug,18-Aug,19-Aug,20-Aug,21-Aug,22-Aug,23-Aug,24-Aug,6,6,0
Chhatrapati Sambhajinagar,Chhatrapati Sambhajinagar,Chhatrapati Sambhajinagar,Paithan,Paithan,20018162,Paithan Taluka 178 Village Grid WS,kapuswadi,0,1,,0.00,0.00,0.00,0.00,0.00,0.00,,0.00,0.00,0.00,0.00,0.00,0.00,18-Aug,19-Aug,20-Aug,21-Aug,22-Aug,23-Aug,24-Aug,18-Aug,19-Aug,20-Aug,21-Aug,22-Aug,23-Aug,24-Aug,6,6,0
Chhatrapati Sambhajinagar,Chhatrapati Sambhajinagar,Chhatrapati Sambhajinagar,Paithan,Paithan,20018162,Paithan Taluka 178 Village Grid WS,Karkin,2680,1,,0.84,0.87,0.78,0.82,0.90,0.86,,31.34,32.46,29.10,30.60,33.58,32.09,18-Aug,19-Aug,20-Aug,21-Aug,22-Aug,23-Aug,24-Aug,18-Aug,19-Aug,20-Aug,21-Aug,22-Aug,23-Aug,24-Aug,0,6,0
Chhatrapati Sambhajinagar,Chhatrapati Sambhajinagar,Chhatrapati Sambhajinagar,Paithan,Paithan,20018162,Paithan Taluka 178 Village Grid WS,Khadgaon,1936,1,,0.00,0.00,0.00,0.00,0.00,0.00,,0.00,0.00,0.00,0.00,0.00,0.00,18-Aug,19-Aug,20-Aug,21-Aug,22-Aug,23-Aug,24-Aug,18-Aug,19-Aug,20-Aug,21-Aug,22-Aug,23-Aug,24-Aug,6,6,0
Chhatrapati Sambhajinagar,Chhatrapati Sambhajinagar,Chhatrapati Sambhajinagar,Paithan,Paithan,20018162,Paithan Taluka 178 Village Grid WS,Khandewadi,0,1,,0.00,0.00,0.00,0.00,0.00,0.00,,0.00,0.00,0.00,0.00,0.00,0.00,18-Aug,19-Aug,20-Aug,21-Aug,22-Aug,23-Aug,24-Aug,18-Aug,19-Aug,20-Aug,21-Aug,22-Aug,23-Aug,24-Aug,6,6,0
Chhatrapati Sambhajinagar,Chhatrapati Sambhajinagar,Chhatrapati Sambhajinagar,Paithan,Paithan,20018162,Paithan Taluka 178 Village Grid WS,Koli Bodkha,3700,1,,0.00,0.00,0.00,0.00,0.00,0.00,,0.00,0.00,0.00,0.00,0.00,0.00,18-Aug,19-Aug,20-Aug,21-Aug,22-Aug,23-Aug,24-Aug,18-Aug,19-Aug,20-Aug,21-Aug,22-Aug,23-Aug,24-Aug,6,6,0
Chhatrapati Sambhajinagar,Chhatrapati Sambhajinagar,Chhatrapati Sambhajinagar,Paithan,Paithan,20018162,Paithan Taluka 178 Village Grid WS,Kuranpimpri,720,1,,1.12,0.74,0.89,0.87,0.40,0.94,,155.56,102.78,123.61,120.83,55.56,130.56,18-Aug,19-Aug,20-Aug,21-Aug,22-Aug,23-Aug,24-Aug,18-Aug,19-Aug,20-Aug,21-Aug,22-Aug,23-Aug,24-Aug,0,0,6
Chhatrapati Sambhajinagar,Chhatrapati Sambhajinagar,Chhatrapati Sambhajinagar,Paithan,Paithan,20018162,Paithan Taluka 178 Village Grid WS,Kutub Kheda,792,1,,0.00,0.00,0.00,0.00,0.00,0.00,,0.00,0.00,0.00,0.00,0.00,0.00,18-Aug,19-Aug,20-Aug,21-Aug,22-Aug,23-Aug,24-Aug,18-Aug,19-Aug,20-Aug,21-Aug,22-Aug,23-Aug,24-Aug,6,6,0
Chhatrapati Sambhajinagar,Chhatrapati Sambhajinagar,Chhatrapati Sambhajinagar,Paithan,Paithan,20018162,Paithan Taluka 178 Village Grid WS,Lakhegaon,988,1,,0.27,0.52,0.53,0.00,0.05,0.90,,27.33,52.63,53.64,0.00,5.06,91.09,18-Aug,19-Aug,20-Aug,21-Aug,22-Aug,23-Aug,24-Aug,18-Aug,19-Aug,20-Aug,21-Aug,22-Aug,23-Aug,24-Aug,1,5,1
Chhatrapati Sambhajinagar,Chhatrapati Sambhajinagar,Chhatrapati Sambhajinagar,Paithan,Paithan,20018162,Paithan Taluka 178 Village Grid WS,Mavasgavhan,588,1,,0.43,0.50,0.40,0.93,0.53,1.01,,73.13,85.03,68.03,158.16,90.14,171.77,18-Aug,19-Aug,20-Aug,21-Aug,22-Aug,23-Aug,24-Aug,18-Aug,19-Aug,20-Aug,21-Aug,22-Aug,23-Aug,24-Aug,0,0,6
Chhatrapati Sambhajinagar,Chhatrapati Sambhajinagar,Chhatrapati Sambhajinagar,Paithan,Paithan,20018162,Paithan Taluka 178 Village Grid WS,Mharola,2169,1,,0.05,0.01,0.02,0.00,0.00,1.56,,2.31,0.46,0.92,0.00,0.00,71.92,18-Aug,19-Aug,20-Aug,21-Aug,22-Aug,23-Aug,24-Aug,18-Aug,19-Aug,20-Aug,21-Aug,22-Aug,23-Aug,24-Aug,2,5,1
Chhatrapati Sambhajinagar,Chhatrapati Sambhajinagar,Chhatrapati Sambhajinagar,Paithan,Paithan,20018162,Paithan Taluka 178 Village Grid WS,Nandar,3360,1,,71.67,70.75,36.19,91.77,61.88,75.80,,2133.09,2105.70,1077.06,2731.17,1841.61,2255.95,18-Aug,19-Aug,20-Aug,21-Aug,22-Aug,23-Aug,24-Aug,18-Aug,19-Aug,20-Aug,21-Aug,22-Aug,23-Aug,24-Aug,0,0,6
Chhatrapati Sambhajinagar,Chhatrapati Sambhajinagar,Chhatrapati Sambhajinagar,Paithan,Paithan,20018162,Paithan Taluka 178 Village Grid WS,Narayangaon,1272,1,,1.61,1.61,1.52,1.34,1.59,1.41,,126.57,126.57,119.50,105.35,125.00,110.85,18-Aug,19-Aug,20-Aug,21-Aug,22-Aug,23-Aug,24-Aug,18-Aug,19-Aug,20-Aug,21-Aug,22-Aug,23-Aug,24-Aug,0,0,6
Chhatrapati Sambhajinagar,Chhatrapati Sambhajinagar,Chhatrapati Sambhajinagar,Paithan,Paithan,20018162,Paithan Taluka 178 Village Grid WS,Paithan Kheda,1788,1,,0.00,0.00,0.00,0.00,0.00,0.00,,0.00,0.00,0.00,0.00,0.00,0.00,18-Aug,19-Aug,20-Aug,21-Aug,22-Aug,23-Aug,24-Aug,18-Aug,19-Aug,20-Aug,21-Aug,22-Aug,23-Aug,24-Aug,6,6,0
Chhatrapati Sambhajinagar,Chhatrapati Sambhajinagar,Chhatrapati Sambhajinagar,Paithan,Paithan,20018162,Paithan Taluka 178 Village Grid WS,Pangara,0,1,,0.00,0.00,0.00,0.00,0.00,0.00,,0.00,0.00,0.00,0.00,0.00,0.00,18-Aug,19-Aug,20-Aug,21-Aug,22-Aug,23-Aug,24-Aug,18-Aug,19-Aug,20-Aug,21-Aug,22-Aug,23-Aug,24-Aug,6,6,0
Chhatrapati Sambhajinagar,Chhatrapati Sambhajinagar,Chhatrapati Sambhajinagar,Paithan,Paithan,20018162,Paithan Taluka 178 Village Grid WS,Rajapur,1108,1,,0.00,0.00,0.00,0.00,0.00,0.00,,0.00,0.00,0.00,0.00,0.00,0.00,18-Aug,19-Aug,20-Aug,21-Aug,22-Aug,23-Aug,24-Aug,18-Aug,19-Aug,20-Aug,21-Aug,22-Aug,23-Aug,24-Aug,6,6,0
Chhatrapati Sambhajinagar,Chhatrapati Sambhajinagar,Chhatrapati Sambhajinagar,Paithan,Paithan,20018162,Paithan Taluka 178 Village Grid WS,Shekta,0,1,,0.00,0.00,0.00,0.00,0.00,0.00,,0.00,0.00,0.00,0.00,0.00,0.00,18-Aug,19-Aug,20-Aug,21-Aug,22-Aug,23-Aug,24-Aug,18-Aug,19-Aug,20-Aug,21-Aug,22-Aug,23-Aug,24-Aug,6,6,0
Chhatrapati Sambhajinagar,Chhatrapati Sambhajinagar,Chhatrapati Sambhajinagar,Paithan,Paithan,20018162,Paithan Taluka 178 Village Grid WS,Shivani,440,1,,0.00,0.58,0.89,0.00,0.00,0.48,,0.00,131.82,202.27,0.00,0.00,109.09,18-Aug,19-Aug,20-Aug,21-Aug,22-Aug,23-Aug,24-Aug,18-Aug,19-Aug,20-Aug,21-Aug,22-Aug,23-Aug,24-Aug,3,3,3
Chhatrapati Sambhajinagar,Chhatrapati Sambhajinagar,Chhatrapati Sambhajinagar,Paithan,Paithan,20018162,Paithan Taluka 178 Village Grid WS,Somapuri,0,1,,0.00,0.00,0.00,0.00,0.00,0.00,,0.00,0.00,0.00,0.00,0.00,0.00,18-Aug,19-Aug,20-Aug,21-Aug,22-Aug,23-Aug,24-Aug,18-Aug,19-Aug,20-Aug,21-Aug,22-Aug,23-Aug,24-Aug,6,6,0
Chhatrapati Sambhajinagar,Chhatrapati Sambhajinagar,Chhatrapati Sambhajinagar,Paithan,Paithan,20018162,Paithan Taluka 178 Village Grid WS,Takli Paithan,0,1,,0.76,0.64,0.77,0.71,0.73,0.66,,0.00,0.00,0.00,0.00,0.00,0.00,18-Aug,19-Aug,20-Aug,21-Aug,22-Aug,23-Aug,24-Aug,18-Aug,19-Aug,20-Aug,21-Aug,22-Aug,23-Aug,24-Aug,6,6,0
Chhatrapati Sambhajinagar,Chhatrapati Sambhajinagar,Chhatrapati Sambhajinagar,Paithan,Paithan,20018162,Paithan Taluka 178 Village Grid WS,Tanda Kh.,0,1,,0.00,0.00,0.00,0.00,0.00,0.00,,0.00,0.00,0.00,0.00,0.00,0.00,18-Aug,19-Aug,20-Aug,21-Aug,22-Aug,23-Aug,24-Aug,18-Aug,19-Aug,20-Aug,21-Aug,22-Aug,23-Aug,24-Aug,6,6,0
Chhatrapati Sambhajinagar,Chhatrapati Sambhajinagar,Chhatrapati Sambhajinagar,Paithan,Paithan,20018162,Paithan Taluka 178 Village Grid WS,Thergaon,1020,1,,2.42,3.70,3.08,4.39,4.12,2.47,,237.25,362.75,301.96,430.39,403.92,242.16,18-Aug,19-Aug,20-Aug,21-Aug,22-Aug,23-Aug,24-Aug,18-Aug,19-Aug,20-Aug,21-Aug,22-Aug,23-Aug,24-Aug,0,0,6
Chhatrapati Sambhajinagar,Chhatrapati Sambhajinagar,Chhatrapati Sambhajinagar,Paithan,Paithan,20018162,Paithan Taluka 178 Village Grid WS,Tondoli,0,1,,0.00,0.00,0.00,0.00,0.00,0.00,,0.00,0.00,0.00,0.00,0.00,0.00,18-Aug,19-Aug,20-Aug,21-Aug,22-Aug,23-Aug,24-Aug,18-Aug,19-Aug,20-Aug,21-Aug,22-Aug,23-Aug,24-Aug,6,6,0
Chhatrapati Sambhajinagar,Chhatrapati Sambhajinagar,Chhatrapati Sambhajinagar,Paithan,Paithan,20018162,Paithan Taluka 178 Village Grid WS,Tupewadi,1240,1,,0.00,0.00,0.00,0.00,0.00,0.00,,0.00,0.00,0.00,0.00,0.00,0.00,18-Aug,19-Aug,20-Aug,21-Aug,22-Aug,23-Aug,24-Aug,18-Aug,19-Aug,20-Aug,21-Aug,22-Aug,23-Aug,24-Aug,6,6,0
Chhatrapati Sambhajinagar,Chhatrapati Sambhajinagar,Chhatrapati Sambhajinagar,Paithan,Paithan,20018162,Paithan Taluka 178 Village Grid WS,Vihamandwa,6440,1,,0.25,6.97,0.00,0.00,0.52,0.44,,3.88,108.23,0.00,0.00,8.07,6.83,18-Aug,19-Aug,20-Aug,21-Aug,22-Aug,23-Aug,24-Aug,18-Aug,19-Aug,20-Aug,21-Aug,22-Aug,23-Aug,24-Aug,2,5,1
Chhatrapati Sambhajinagar,Chhatrapati Sambhajinagar,Chhatrapati Sambhajinagar,Paithan,Paithan,20018162,Paithan Taluka 178 Village Grid WS,Warundi Bk.,2125,1,,0.02,0.00,0.00,0.01,0.00,0.01,,0.94,0.00,0.00,0.47,0.00,0.47,18-Aug,19-Aug,20-Aug,21-Aug,22-Aug,23-Aug,24-Aug,18-Aug,19-Aug,20-Aug,21-Aug,22-Aug,23-Aug,24-Aug,3,6,0
Chhatrapati Sambhajinagar,Chhatrapati Sambhajinagar,Chhatrapati Sambhajinagar,Paithan,Paithan,20018162,Paithan Taluka 178 Village Grid WS,Warwandi Kh.,800,1,,0.30,0.00,0.49,0.19,0.79,0.00,,37.50,0.00,61.25,23.75,98.75,0.00,18-Aug,19-Aug,20-Aug,21-Aug,22-Aug,23-Aug,24-Aug,18-Aug,19-Aug,20-Aug,21-Aug,22-Aug,23-Aug,24-Aug,2,4,2
Chhatrapati Sambhajinagar,Chhatrapati Sambhajinagar,Chhatrapati Sambhajinagar,Paithan,Paithan,20018162,Paithan Taluka 178 Village Grid WS,Wawa,460,1,,0.54,0.41,0.00,0.00,0.00,0.82,,117.39,89.13,0.00,0.00,0.00,178.26,18-Aug,19-Aug,20-Aug,21-Aug,22-Aug,23-Aug,24-Aug,18-Aug,19-Aug,20-Aug,21-Aug,22-Aug,23-Aug,24-Aug,3,3,3
Chhatrapati Sambhajinagar,Chhatrapati Sambhajinagar,Chhatrapati Sambhajinagar,Sillod,Sillod,20017395,Shirsala & 4 Village,Janjala,1088,1,0.85,0.19,0.23,1.77,0.06,0.91,0.83,78.32,17.46,21.14,162.50,5.51,83.64,76.29,18-Aug,19-Aug,20-Aug,21-Aug,22-Aug,23-Aug,24-Aug,18-Aug,19-Aug,20-Aug,21-Aug,22-Aug,23-Aug,24-Aug,0,3,4
Chhatrapati Sambhajinagar,Chhatrapati Sambhajinagar,Chhatrapati Sambhajinagar,Sillod,Sillod,20017395,Shirsala & 4 Village,Nanegaon,2284,3,,0.00,0.00,0.00,0.00,0.00,0.00,,0.00,0.00,0.00,0.00,0.00,0.00,18-Aug,19-Aug,20-Aug,21-Aug,22-Aug,23-Aug,24-Aug,18-Aug,19-Aug,20-Aug,21-Aug,22-Aug,23-Aug,24-Aug,6,6,0
Chhatrapati Sambhajinagar,Chhatrapati Sambhajinagar,Chhatrapati Sambhajinagar,Sillod,Sillod,20017395,Shirsala & 4 Village,Pangri,1472,1,,2.25,0.00,3.70,2.17,1.27,2.27,,152.85,0.00,251.36,147.42,86.28,154.21,18-Aug,19-Aug,20-Aug,21-Aug,22-Aug,23-Aug,24-Aug,18-Aug,19-Aug,20-Aug,21-Aug,22-Aug,23-Aug,24-Aug,1,1,5
Chhatrapati Sambhajinagar,Chhatrapati Sambhajinagar,Chhatrapati Sambhajinagar,Sillod,Sillod,20017395,Shirsala & 4 Village,Sirsala,996,1,,0.00,0.15,0.36,0.00,0.53,0.25,,0.00,15.06,36.14,0.00,53.21,25.10,18-Aug,19-Aug,20-Aug,21-Aug,22-Aug,23-Aug,24-Aug,18-Aug,19-Aug,20-Aug,21-Aug,22-Aug,23-Aug,24-Aug,2,6,0
Chhatrapati Sambhajinagar,Chhatrapati Sambhajinagar,Chhatrapati Sambhajinagar,Sillod,Sillod,20017395,Shirsala & 4 Village,Sirsala Tanda,1032,1,,0.00,0.00,0.55,0.00,0.00,0.05,,0.00,0.00,53.14,0.00,0.00,4.78,18-Aug,19-Aug,20-Aug,21-Aug,22-Aug,23-Aug,24-Aug,18-Aug,19-Aug,20-Aug,21-Aug,22-Aug,23-Aug,24-Aug,4,6,0
Chhatrapati Sambhajinagar,Chhatrapati Sambhajinagar,Chhatrapati Sambhajinagar,Vaijapur,Vaijapur,20051233,373 Village Gangapur-Vaijapur Grid WSS,Agar Saigaon,1601,1,,34.16,47.80,187.86,5.07,171.80,3.20,,2133.67,2985.84,11733.92,316.68,10730.79,199.88,18-Aug,19-Aug,20-Aug,21-Aug,22-Aug,23-Aug,24-Aug,18-Aug,19-Aug,20-Aug,21-Aug,22-Aug,23-Aug,24-Aug,0,0,6
Chhatrapati Sambhajinagar,Chhatrapati Sambhajinagar,Chhatrapati Sambhajinagar,Vaijapur,Vaijapur,20051233,373 Village Gangapur-Vaijapur Grid WSS,Aghur,3999,1,,1.14,1.60,1.59,1.36,1.59,1.53,,28.51,40.01,39.76,34.01,39.76,38.26,18-Aug,19-Aug,20-Aug,21-Aug,22-Aug,23-Aug,24-Aug,18-Aug,19-Aug,20-Aug,21-Aug,22-Aug,23-Aug,24-Aug,0,6,0
Chhatrapati Sambhajinagar,Chhatrapati Sambhajinagar,Chhatrapati Sambhajinagar,Vaijapur,Vaijapur,20051233,373 Village Gangapur-Vaijapur Grid WSS,Babhulgaon Bk.,2964,1,,1.33,0.80,0.18,0.00,0.00,0.00,,44.87,26.99,5.97,0.00,0.00,0.00,18-Aug,19-Aug,20-Aug,21-Aug,22-Aug,23-Aug,24-Aug,18-Aug,19-Aug,20-Aug,21-Aug,22-Aug,23-Aug,24-Aug,3,6,0
Chhatrapati Sambhajinagar,Chhatrapati Sambhajinagar,Chhatrapati Sambhajinagar,Vaijapur,Vaijapur,20051233,373 Village Gangapur-Vaijapur Grid WSS,Babhulgaon Kh,1976,1,,0.00,0.00,0.00,0.00,0.00,0.00,,0.00,0.00,0.00,0.00,0.00,0.00,18-Aug,19-Aug,20-Aug,21-Aug,22-Aug,23-Aug,24-Aug,18-Aug,19-Aug,20-Aug,21-Aug,22-Aug,23-Aug,24-Aug,6,6,0
Chhatrapati Sambhajinagar,Chhatrapati Sambhajinagar,Chhatrapati Sambhajinagar,Vaijapur,Vaijapur,20051233,373 Village Gangapur-Vaijapur Grid WSS,Babhultel,1532,1,,0.00,0.00,0.00,0.00,0.00,0.00,,0.00,0.00,0.00,0.00,0.00,0.00,18-Aug,19-Aug,20-Aug,21-Aug,22-Aug,23-Aug,24-Aug,18-Aug,19-Aug,20-Aug,21-Aug,22-Aug,23-Aug,24-Aug,6,6,0
Chhatrapati Sambhajinagar,Chhatrapati Sambhajinagar,Chhatrapati Sambhajinagar,Vaijapur,Vaijapur,20051233,373 Village Gangapur-Vaijapur Grid WSS,Belgaon,2403,1,,0.00,0.00,0.00,0.00,0.00,0.00,,0.00,0.00,0.00,0.00,0.00,0.00,18-Aug,19-Aug,20-Aug,21-Aug,22-Aug,23-Aug,24-Aug,18-Aug,19-Aug,20-Aug,21-Aug,22-Aug,23-Aug,24-Aug,6,6,0
Chhatrapati Sambhajinagar,Chhatrapati Sambhajinagar,Chhatrapati Sambhajinagar,Vaijapur,Vaijapur,20051233,373 Village Gangapur-Vaijapur Grid WSS,Bhaggaon,2023,1,,0.00,0.00,0.00,0.00,0.00,0.00,,0.00,0.00,0.00,0.00,0.00,0.00,18-Aug,19-Aug,20-Aug,21-Aug,22-Aug,23-Aug,24-Aug,18-Aug,19-Aug,20-Aug,21-Aug,22-Aug,23-Aug,24-Aug,6,6,0
Chhatrapati Sambhajinagar,Chhatrapati Sambhajinagar,Chhatrapati Sambhajinagar,Vaijapur,Vaijapur,20051233,373 Village Gangapur-Vaijapur Grid WSS,Bhaigaon Ganga,1373,1,,0.00,0.00,0.00,0.00,0.00,0.00,,0.00,0.00,0.00,0.00,0.00,0.00,18-Aug,19-Aug,20-Aug,21-Aug,22-Aug,23-Aug,24-Aug,18-Aug,19-Aug,20-Aug,21-Aug,22-Aug,23-Aug,24-Aug,6,6,0
Chhatrapati Sambhajinagar,Chhatrapati Sambhajinagar,Chhatrapati Sambhajinagar,Vaijapur,Vaijapur,20051233,373 Village Gangapur-Vaijapur Grid WSS,Bhivgaon,2871,1,,0.00,0.00,0.00,0.00,0.00,0.00,,0.00,0.00,0.00,0.00,0.00,0.00,18-Aug,19-Aug,20-Aug,21-Aug,22-Aug,23-Aug,24-Aug,18-Aug,19-Aug,20-Aug,21-Aug,22-Aug,23-Aug,24-Aug,6,6,0
Chhatrapati Sambhajinagar,Chhatrapati Sambhajinagar,Chhatrapati Sambhajinagar,Vaijapur,Vaijapur,20051233,373 Village Gangapur-Vaijapur Grid WSS,Chorwaghalgaon,3313,1,,0.61,0.00,0.67,0.00,0.61,0.00,,18.41,0.00,20.22,0.00,18.41,0.00,18-Aug,19-Aug,20-Aug,21-Aug,22-Aug,23-Aug,24-Aug,18-Aug,19-Aug,20-Aug,21-Aug,22-Aug,23-Aug,24-Aug,3,6,0
Chhatrapati Sambhajinagar,Chhatrapati Sambhajinagar,Chhatrapati Sambhajinagar,Vaijapur,Vaijapur,20051233,373 Village Gangapur-Vaijapur Grid WSS,Dawala,1483,1,,0.33,0.31,0.34,0.73,0.32,0.41,,22.25,20.90,22.93,49.22,21.58,27.65,18-Aug,19-Aug,20-Aug,21-Aug,22-Aug,23-Aug,24-Aug,18-Aug,19-Aug,20-Aug,21-Aug,22-Aug,23-Aug,24-Aug,0,6,0
Chhatrapati Sambhajinagar,Chhatrapati Sambhajinagar,Chhatrapati Sambhajinagar,Vaijapur,Vaijapur,20051233,373 Village Gangapur-Vaijapur Grid WSS,Deogaon Shani,934,1,,0.00,0.00,0.00,0.00,0.00,0.00,,0.00,0.00,0.00,0.00,0.00,0.00,18-Aug,19-Aug,20-Aug,21-Aug,22-Aug,23-Aug,24-Aug,18-Aug,19-Aug,20-Aug,21-Aug,22-Aug,23-Aug,24-Aug,6,6,0
Chhatrapati Sambhajinagar,Chhatrapati Sambhajinagar,Chhatrapati Sambhajinagar,Vaijapur,Vaijapur,20051233,373 Village Gangapur-Vaijapur Grid WSS,Gadhe Pimpalgaon,3803,1,,0.00,0.00,0.00,0.00,0.00,0.00,,0.00,0.00,0.00,0.00,0.00,0.00,18-Aug,19-Aug,20-Aug,21-Aug,22-Aug,23-Aug,24-Aug,18-Aug,19-Aug,20-Aug,21-Aug,22-Aug,23-Aug,24-Aug,6,6,0
Chhatrapati Sambhajinagar,Chhatrapati Sambhajinagar,Chhatrapati Sambhajinagar,Vaijapur,Vaijapur,20051233,373 Village Gangapur-Vaijapur Grid WSS,Garaj,1820,1,,0.00,0.00,0.00,0.00,0.00,0.00,,0.00,0.00,0.00,0.00,0.00,0.00,18-Aug,19-Aug,20-Aug,21-Aug,22-Aug,23-Aug,24-Aug,18-Aug,19-Aug,20-Aug,21-Aug,22-Aug,23-Aug,24-Aug,6,6,0
Chhatrapati Sambhajinagar,Chhatrapati Sambhajinagar,Chhatrapati Sambhajinagar,Vaijapur,Vaijapur,20051233,373 Village Gangapur-Vaijapur Grid WSS,Goygaon,1665,1,,0.00,0.00,0.00,0.00,0.00,0.00,,0.00,0.00,0.00,0.00,0.00,0.00,18-Aug,19-Aug,20-Aug,21-Aug,22-Aug,23-Aug,24-Aug,18-Aug,19-Aug,20-Aug,21-Aug,22-Aug,23-Aug,24-Aug,6,6,0
Chhatrapati Sambhajinagar,Chhatrapati Sambhajinagar,Chhatrapati Sambhajinagar,Vaijapur,Vaijapur,20051233,373 Village Gangapur-Vaijapur Grid WSS,Hadas Pimpalgaon,1611,1,,0.00,0.00,0.00,0.00,0.00,0.00,,0.00,0.00,0.00,0.00,0.00,0.00,18-Aug,19-Aug,20-Aug,21-Aug,22-Aug,23-Aug,24-Aug,18-Aug,19-Aug,20-Aug,21-Aug,22-Aug,23-Aug,24-Aug,6,6,0
Chhatrapati Sambhajinagar,Chhatrapati Sambhajinagar,Chhatrapati Sambhajinagar,Vaijapur,Vaijapur,20051233,373 Village Gangapur-Vaijapur Grid WSS,Hilalpur,1383,1,,0.00,0.00,0.00,0.00,0.00,0.00,,0.00,0.00,0.00,0.00,0.00,0.00,18-Aug,19-Aug,20-Aug,21-Aug,22-Aug,23-Aug,24-Aug,18-Aug,19-Aug,20-Aug,21-Aug,22-Aug,23-Aug,24-Aug,6,6,0
Chhatrapati Sambhajinagar,Chhatrapati Sambhajinagar,Chhatrapati Sambhajinagar,Vaijapur,Vaijapur,20051233,373 Village Gangapur-Vaijapur Grid WSS,Jambargaon,2614,1,,0.00,0.00,0.86,0.40,0.24,0.36,,0.00,0.00,32.90,15.30,9.18,13.77,18-Aug,19-Aug,20-Aug,21-Aug,22-Aug,23-Aug,24-Aug,18-Aug,19-Aug,20-Aug,21-Aug,22-Aug,23-Aug,24-Aug,2,6,0
Chhatrapati Sambhajinagar,Chhatrapati Sambhajinagar,Chhatrapati Sambhajinagar,Vaijapur,Vaijapur,20051233,373 Village Gangapur-Vaijapur Grid WSS,Jarul,3679,1,,0.00,0.00,0.00,0.00,0.00,0.00,,0.00,0.00,0.00,0.00,0.00,0.00,18-Aug,19-Aug,20-Aug,21-Aug,22-Aug,23-Aug,24-Aug,18-Aug,19-Aug,20-Aug,21-Aug,22-Aug,23-Aug,24-Aug,6,6,0
Chhatrapati Sambhajinagar,Chhatrapati Sambhajinagar,Chhatrapati Sambhajinagar,Vaijapur,Vaijapur,20051233,373 Village Gangapur-Vaijapur Grid WSS,Jategaon,2711,1,,0.00,0.00,0.00,0.00,0.00,0.00,,0.00,0.00,0.00,0.00,0.00,0.00,18-Aug,19-Aug,20-Aug,21-Aug,22-Aug,23-Aug,24-Aug,18-Aug,19-Aug,20-Aug,21-Aug,22-Aug,23-Aug,24-Aug,6,6,0
Chhatrapati Sambhajinagar,Chhatrapati Sambhajinagar,Chhatrapati Sambhajinagar,Vaijapur,Vaijapur,20051233,373 Village Gangapur-Vaijapur Grid WSS,Kapus Wadgaon,2712,1,,0.00,0.00,0.00,0.00,0.00,0.00,,0.00,0.00,0.00,0.00,0.00,0.00,18-Aug,19-Aug,20-Aug,21-Aug,22-Aug,23-Aug,24-Aug,18-Aug,19-Aug,20-Aug,21-Aug,22-Aug,23-Aug,24-Aug,6,6,0
Chhatrapati Sambhajinagar,Chhatrapati Sambhajinagar,Chhatrapati Sambhajinagar,Vaijapur,Vaijapur,20051233,373 Village Gangapur-Vaijapur Grid WSS,Karanjgaon,1983,1,,0.31,0.00,0.23,0.34,0.00,0.01,,15.50,0.00,11.82,17.14,0.00,0.34,18-Aug,19-Aug,20-Aug,21-Aug,22-Aug,23-Aug,24-Aug,18-Aug,19-Aug,20-Aug,21-Aug,22-Aug,23-Aug,24-Aug,2,6,0
Chhatrapati Sambhajinagar,Chhatrapati Sambhajinagar,Chhatrapati Sambhajinagar,Vaijapur,Vaijapur,20051233,373 Village Gangapur-Vaijapur Grid WSS,Khandala,1180,1,,0.00,0.00,0.00,0.00,0.00,0.00,,0.00,0.00,0.00,0.00,0.00,0.00,18-Aug,19-Aug,20-Aug,21-Aug,22-Aug,23-Aug,24-Aug,18-Aug,19-Aug,20-Aug,21-Aug,22-Aug,23-Aug,24-Aug,6,6,0
Chhatrapati Sambhajinagar,Chhatrapati Sambhajinagar,Chhatrapati Sambhajinagar,Vaijapur,Vaijapur,20051233,373 Village Gangapur-Vaijapur Grid WSS,Lasurgaon,6676,1,,0.00,0.00,0.00,0.00,0.00,0.00,,0.00,0.00,0.00,0.00,0.00,0.00,18-Aug,19-Aug,20-Aug,21-Aug,22-Aug,23-Aug,24-Aug,18-Aug,19-Aug,20-Aug,21-Aug,22-Aug,23-Aug,24-Aug,6,6,0
Chhatrapati Sambhajinagar,Chhatrapati Sambhajinagar,Chhatrapati Sambhajinagar,Vaijapur,Vaijapur,20051233,373 Village Gangapur-Vaijapur Grid WSS,Loni Bk.,2210,1,,0.00,0.00,0.22,0.07,0.00,0.08,,0.00,0.00,9.95,3.17,0.00,3.62,18-Aug,19-Aug,20-Aug,21-Aug,22-Aug,23-Aug,24-Aug,18-Aug,19-Aug,20-Aug,21-Aug,22-Aug,23-Aug,24-Aug,3,6,0
Chhatrapati Sambhajinagar,Chhatrapati Sambhajinagar,Chhatrapati Sambhajinagar,Vaijapur,Vaijapur,20051233,373 Village Gangapur-Vaijapur Grid WSS,Mahalgaon,5303,1,,4.56,4.62,4.73,4.85,4.85,5.03,,85.97,87.03,89.19,91.46,91.46,94.85,18-Aug,19-Aug,20-Aug,21-Aug,22-Aug,23-Aug,24-Aug,18-Aug,19-Aug,20-Aug,21-Aug,22-Aug,23-Aug,24-Aug,0,0,6
Chhatrapati Sambhajinagar,Chhatrapati Sambhajinagar,Chhatrapati Sambhajinagar,Vaijapur,Vaijapur,20051233,373 Village Gangapur-Vaijapur Grid WSS,Mali Ghogargaon,2591,1,,0.00,0.43,0.00,0.84,0.00,0.63,,0.00,16.60,0.00,32.42,0.00,24.31,18-Aug,19-Aug,20-Aug,21-Aug,22-Aug,23-Aug,24-Aug,18-Aug,19-Aug,20-Aug,21-Aug,22-Aug,23-Aug,24-Aug,3,6,0
Chhatrapati Sambhajinagar,Chhatrapati Sambhajinagar,Chhatrapati Sambhajinagar,Vaijapur,Vaijapur,20051233,373 Village Gangapur-Vaijapur Grid WSS,Mali Sagaj,2144,1,,0.00,0.07,0.02,0.00,0.00,0.00,,0.00,3.26,0.93,0.00,0.00,0.00,18-Aug,19-Aug,20-Aug,21-Aug,22-Aug,23-Aug,24-Aug,18-Aug,19-Aug,20-Aug,21-Aug,22-Aug,23-Aug,24-Aug,4,6,0
Chhatrapati Sambhajinagar,Chhatrapati Sambhajinagar,Chhatrapati Sambhajinagar,Vaijapur,Vaijapur,20051233,373 Village Gangapur-Vaijapur Grid WSS,Parsoda,3588,2,,0.00,0.03,0.15,0.00,0.00,0.03,,0.00,0.84,4.18,0.00,0.00,0.84,18-Aug,19-Aug,20-Aug,21-Aug,22-Aug,23-Aug,24-Aug,18-Aug,19-Aug,20-Aug,21-Aug,22-Aug,23-Aug,24-Aug,3,6,0
Chhatrapati Sambhajinagar,Chhatrapati Sambhajinagar,Chhatrapati Sambhajinagar,Vaijapur,Vaijapur,20051233,373 Village Gangapur-Vaijapur Grid WSS,Pokhari,2866,1,,0.00,0.00,0.43,4.17,0.00,2.85,,0.00,0.00,15.00,145.50,0.00,99.44,18-Aug,19-Aug,20-Aug,21-Aug,22-Aug,23-Aug,24-Aug,18-Aug,19-Aug,20-Aug,21-Aug,22-Aug,23-Aug,24-Aug,3,4,2
Chhatrapati Sambhajinagar,Chhatrapati Sambhajinagar,Chhatrapati Sambhajinagar,Vaijapur,Vaijapur,20051233,373 Village Gangapur-Vaijapur Grid WSS,Raghunathpurwadi,1097,1,,0.00,1.36,0.00,0.00,0.00,1.46,,0.00,123.97,0.00,0.00,0.00,133.09,18-Aug,19-Aug,20-Aug,21-Aug,22-Aug,23-Aug,24-Aug,18-Aug,19-Aug,20-Aug,21-Aug,22-Aug,23-Aug,24-Aug,4,4,2
Chhatrapati Sambhajinagar,Chhatrapati Sambhajinagar,Chhatrapati Sambhajinagar,Vaijapur,Vaijapur,20051233,373 Village Gangapur-Vaijapur Grid WSS,Sakegaon,1780,1,,0.00,0.00,0.00,0.31,0.51,0.00,,0.00,0.00,0.00,17.42,28.65,0.00,18-Aug,19-Aug,20-Aug,21-Aug,22-Aug,23-Aug,24-Aug,18-Aug,19-Aug,20-Aug,21-Aug,22-Aug,23-Aug,24-Aug,4,6,0
Chhatrapati Sambhajinagar,Chhatrapati Sambhajinagar,Chhatrapati Sambhajinagar,Vaijapur,Vaijapur,20051233,373 Village Gangapur-Vaijapur Grid WSS,Sanjarpurwadi,2971,1,,0.00,0.00,0.00,0.00,0.00,0.00,,0.00,0.00,0.00,0.00,0.00,0.00,18-Aug,19-Aug,20-Aug,21-Aug,22-Aug,23-Aug,24-Aug,18-Aug,19-Aug,20-Aug,21-Aug,22-Aug,23-Aug,24-Aug,6,6,0
Chhatrapati Sambhajinagar,Chhatrapati Sambhajinagar,Chhatrapati Sambhajinagar,Vaijapur,Vaijapur,20051233,373 Village Gangapur-Vaijapur Grid WSS,Shivrai,2706,1,,0.00,0.00,1.07,0.41,0.00,0.00,,0.00,0.00,39.54,15.15,0.00,0.00,18-Aug,19-Aug,20-Aug,21-Aug,22-Aug,23-Aug,24-Aug,18-Aug,19-Aug,20-Aug,21-Aug,22-Aug,23-Aug,24-Aug,4,6,0
Chhatrapati Sambhajinagar,Chhatrapati Sambhajinagar,Chhatrapati Sambhajinagar,Vaijapur,Vaijapur,20051233,373 Village Gangapur-Vaijapur Grid WSS,Sirasgaon,1855,1,,0.00,0.00,0.00,0.00,0.00,0.00,,0.00,0.00,0.00,0.00,0.00,0.00,18-Aug,19-Aug,20-Aug,21-Aug,22-Aug,23-Aug,24-Aug,18-Aug,19-Aug,20-Aug,21-Aug,22-Aug,23-Aug,24-Aug,6,6,0
Chhatrapati Sambhajinagar,Chhatrapati Sambhajinagar,Chhatrapati Sambhajinagar,Vaijapur,Vaijapur,20051233,373 Village Gangapur-Vaijapur Grid WSS,Sudamwadi,750,1,,0.00,0.00,0.00,0.00,0.00,0.00,,0.00,0.00,0.00,0.00,0.00,0.00,18-Aug,19-Aug,20-Aug,21-Aug,22-Aug,23-Aug,24-Aug,18-Aug,19-Aug,20-Aug,21-Aug,22-Aug,23-Aug,24-Aug,6,6,0
Chhatrapati Sambhajinagar,Chhatrapati Sambhajinagar,Chhatrapati Sambhajinagar,Vaijapur,Vaijapur,20051233,373 Village Gangapur-Vaijapur Grid WSS,Virgaon,2271,1,,2.13,0.00,2.30,24.04,14.43,10.07,,93.79,0.00,101.28,1058.56,635.40,443.42,18-Aug,19-Aug,20-Aug,21-Aug,22-Aug,23-Aug,24-Aug,18-Aug,19-Aug,20-Aug,21-Aug,22-Aug,23-Aug,24-Aug,1,1,5
Chhatrapati Sambhajinagar,Chhatrapati Sambhajinagar,Jalna,Jalna,Jalna,20094559,"120 Villages Extension Scheme for Works Not Considered in 173 GRID WSS and 95 GRID WSS Tq. Partur, Mantha and Jalna Dist: Jalna",Sondeo,1547,1,,0.00,0.00,0.00,0.00,0.00,0.00,,0.00,0.00,0.00,0.00,0.00,0.00,18-Aug,19-Aug,20-Aug,21-Aug,22-Aug,23-Aug,24-Aug,18-Aug,19-Aug,20-Aug,21-Aug,22-Aug,23-Aug,24-Aug,6,6,0
Chhatrapati Sambhajinagar,Chhatrapati Sambhajinagar,Jalna,Jalna,Jalna,20094559,"120 Villages Extension Scheme for Works Not Considered in 173 GRID WSS and 95 GRID WSS Tq. Partur, Mantha and Jalna Dist: Jalna",Pimpalwadi,1302,1,,0.02,0.12,0.10,0.01,0.00,0.00,,1.52,8.97,7.57,0.65,0.00,0.00,18-Aug,19-Aug,20-Aug,21-Aug,22-Aug,23-Aug,24-Aug,18-Aug,19-Aug,20-Aug,21-Aug,22-Aug,23-Aug,24-Aug,2,6,0
Chhatrapati Sambhajinagar,Chhatrapati Sambhajinagar,Jalna,Jalna,Jalna,20094559,"120 Villages Extension Scheme for Works Not Considered in 173 GRID WSS and 95 GRID WSS Tq. Partur, Mantha and Jalna Dist: Jalna",Erandwadgaon,1530,1,,0.00,0.01,0.66,0.18,0.18,0.18,,0.01,0.57,42.96,11.50,12.00,11.76,18-Aug,19-Aug,20-Aug,21-Aug,22-Aug,23-Aug,24-Aug,18-Aug,19-Aug,20-Aug,21-Aug,22-Aug,23-Aug,24-Aug,0,6,0
Chhatrapati Sambhajinagar,Chhatrapati Sambhajinagar,Jalna,Jalna,Jalna,20094559,"120 Villages Extension Scheme for Works Not Considered in 173 GRID WSS and 95 GRID WSS Tq. Partur, Mantha and Jalna Dist: Jalna",Sawergan Bhagde,1165,1,,0.00,0.00,0.00,0.00,0.00,0.00,,0.00,0.00,0.00,0.01,0.00,0.00,18-Aug,19-Aug,20-Aug,21-Aug,22-Aug,23-Aug,24-Aug,18-Aug,19-Aug,20-Aug,21-Aug,22-Aug,23-Aug,24-Aug,5,6,0
Chhatrapati Sambhajinagar,Chhatrapati Sambhajinagar,Jalna,Jalna,Jalna,20094559,"120 Villages Extension Scheme for Works Not Considered in 173 GRID WSS and 95 GRID WSS Tq. Partur, Mantha and Jalna Dist: Jalna",Phokhari Baber,522,1,,0.00,0.00,0.00,0.00,0.00,0.00,,0.00,0.00,0.00,0.00,0.00,0.00,18-Aug,19-Aug,20-Aug,21-Aug,22-Aug,23-Aug,24-Aug,18-Aug,19-Aug,20-Aug,21-Aug,22-Aug,23-Aug,24-Aug,6,6,0
Chhatrapati Sambhajinagar,Chhatrapati Sambhajinagar,Jalna,Jalna,Jalna,20094559,"120 Villages Extension Scheme for Works Not Considered in 173 GRID WSS and 95 GRID WSS Tq. Partur, Mantha and Jalna Dist: Jalna",Kakada,628,1,,0.00,0.00,0.00,0.00,0.00,0.00,,0.00,0.00,0.00,0.00,0.00,0.00,18-Aug,19-Aug,20-Aug,21-Aug,22-Aug,23-Aug,24-Aug,18-Aug,19-Aug,20-Aug,21-Aug,22-Aug,23-Aug,24-Aug,6,6,0
Chhatrapati Sambhajinagar,Chhatrapati Sambhajinagar,Jalna,Jalna,Jalna,20094559,"120 Villages Extension Scheme for Works Not Considered in 173 GRID WSS and 95 GRID WSS Tq. Partur, Mantha and Jalna Dist: Jalna",Bhanunaik Tanda,596,1,,0.00,0.00,0.00,0.00,0.00,0.00,,0.00,0.00,0.00,0.00,0.00,0.00,18-Aug,19-Aug,20-Aug,21-Aug,22-Aug,23-Aug,24-Aug,18-Aug,19-Aug,20-Aug,21-Aug,22-Aug,23-Aug,24-Aug,6,6,0
Chhatrapati Sambhajinagar,Chhatrapati Sambhajinagar,Jalna,Jalna,Jalna,20094559,"120 Villages Extension Scheme for Works Not Considered in 173 GRID WSS and 95 GRID WSS Tq. Partur, Mantha and Jalna Dist: Jalna",Umri Tanda,285,1,,0.00,0.00,0.00,0.00,0.00,0.00,,0.00,0.00,0.00,0.00,0.00,0.00,18-Aug,19-Aug,20-Aug,21-Aug,22-Aug,23-Aug,24-Aug,18-Aug,19-Aug,20-Aug,21-Aug,22-Aug,23-Aug,24-Aug,6,6,0
Chhatrapati Sambhajinagar,Chhatrapati Sambhajinagar,Jalna,Jalna,Jalna,20094559,"120 Villages Extension Scheme for Works Not Considered in 173 GRID WSS and 95 GRID WSS Tq. Partur, Mantha and Jalna Dist: Jalna",Umri,624,1,,0.24,0.03,0.01,0.23,0.00,0.00,,39.16,4.71,1.29,36.24,0.00,0.00,18-Aug,19-Aug,20-Aug,21-Aug,22-Aug,23-Aug,24-Aug,18-Aug,19-Aug,20-Aug,21-Aug,22-Aug,23-Aug,24-Aug,2,6,0
Chhatrapati Sambhajinagar,Chhatrapati Sambhajinagar,Jalna,Jalna,Jalna,20094559,"120 Villages Extension Scheme for Works Not Considered in 173 GRID WSS and 95 GRID WSS Tq. Partur, Mantha and Jalna Dist: Jalna",Pathrud,1051,2,,0.50,0.44,0.65,0.12,0.00,0.16,,47.23,41.75,61.65,11.29,0.02,15.05,18-Aug,19-Aug,20-Aug,21-Aug,22-Aug,23-Aug,24-Aug,18-Aug,19-Aug,20-Aug,21-Aug,22-Aug,23-Aug,24-Aug,0,5,1
Chhatrapati Sambhajinagar,Chhatrapati Sambhajinagar,Jalna,Jalna,Jalna,20094559,"120 Villages Extension Scheme for Works Not Considered in 173 GRID WSS and 95 GRID WSS Tq. Partur, Mantha and Jalna Dist: Jalna",Rathod Nagar,1254,1,,0.32,0.29,0.00,0.30,0.31,0.30,,25.32,23.44,0.00,23.92,24.40,24.12,18-Aug,19-Aug,20-Aug,21-Aug,22-Aug,23-Aug,24-Aug,18-Aug,19-Aug,20-Aug,21-Aug,22-Aug,23-Aug,24-Aug,1,6,0
Chhatrapati Sambhajinagar,Chhatrapati Sambhajinagar,Jalna,Jalna,Jalna,20094559,"120 Villages Extension Scheme for Works Not Considered in 173 GRID WSS and 95 GRID WSS Tq. Partur, Mantha and Jalna Dist: Jalna",Ner Tanda,256,1,,0.00,0.00,0.00,0.00,0.00,0.00,,0.00,0.00,0.00,0.00,0.00,0.00,18-Aug,19-Aug,20-Aug,21-Aug,22-Aug,23-Aug,24-Aug,18-Aug,19-Aug,20-Aug,21-Aug,22-Aug,23-Aug,24-Aug,6,6,0
Chhatrapati Sambhajinagar,Chhatrapati Sambhajinagar,Jalna,Jalna,Jalna,20094559,"120 Villages Extension Scheme for Works Not Considered in 173 GRID WSS and 95 GRID WSS Tq. Partur, Mantha and Jalna Dist: Jalna",Khambewadi,1300,1,,0.00,0.00,0.00,0.00,0.00,0.00,,0.00,0.00,0.00,0.00,0.01,0.29,18-Aug,19-Aug,20-Aug,21-Aug,22-Aug,23-Aug,24-Aug,18-Aug,19-Aug,20-Aug,21-Aug,22-Aug,23-Aug,24-Aug,4,6,0
Chhatrapati Sambhajinagar,Chhatrapati Sambhajinagar,Jalna,Jalna,Jalna,20094559,"120 Villages Extension Scheme for Works Not Considered in 173 GRID WSS and 95 GRID WSS Tq. Partur, Mantha and Jalna Dist: Jalna",Shivani,488,1,,0.00,0.00,0.00,0.00,0.00,0.00,,0.00,0.00,0.00,0.00,0.00,0.00,18-Aug,19-Aug,20-Aug,21-Aug,22-Aug,23-Aug,24-Aug,18-Aug,19-Aug,20-Aug,21-Aug,22-Aug,23-Aug,24-Aug,6,6,0
Chhatrapati Sambhajinagar,Chhatrapati Sambhajinagar,Jalna,Jalna,Jalna,20094559,"120 Villages Extension Scheme for Works Not Considered in 173 GRID WSS and 95 GRID WSS Tq. Partur, Mantha and Jalna Dist: Jalna",Jada Tanda,212,1,,0.00,0.00,0.00,0.00,0.00,0.00,,0.00,0.00,0.00,0.00,0.00,0.00,18-Aug,19-Aug,20-Aug,21-Aug,22-Aug,23-Aug,24-Aug,18-Aug,19-Aug,20-Aug,21-Aug,22-Aug,23-Aug,24-Aug,6,6,0
Chhatrapati Sambhajinagar,Chhatrapati Sambhajinagar,Jalna,Jalna,Jalna,20094559,"120 Villages Extension Scheme for Works Not Considered in 173 GRID WSS and 95 GRID WSS Tq. Partur, Mantha and Jalna Dist: Jalna",Dhara,527,1,,0.00,0.00,0.00,0.00,0.00,0.00,,0.00,0.00,0.00,0.00,0.00,0.00,18-Aug,19-Aug,20-Aug,21-Aug,22-Aug,23-Aug,24-Aug,18-Aug,19-Aug,20-Aug,21-Aug,22-Aug,23-Aug,24-Aug,6,6,0
Chhatrapati Sambhajinagar,Chhatrapati Sambhajinagar,Jalna,Jalna,Jalna,20094559,"120 Villages Extension Scheme for Works Not Considered in 173 GRID WSS and 95 GRID WSS Tq. Partur, Mantha and Jalna Dist: Jalna",Bibi,426,1,,0.00,0.00,0.00,0.00,0.00,0.00,,0.00,0.01,0.00,0.03,0.01,0.00,18-Aug,19-Aug,20-Aug,21-Aug,22-Aug,23-Aug,24-Aug,18-Aug,19-Aug,20-Aug,21-Aug,22-Aug,23-Aug,24-Aug,3,6,0
Chhatrapati Sambhajinagar,Chhatrapati Sambhajinagar,Jalna,Jalna,Jalna,20094559,"120 Villages Extension Scheme for Works Not Considered in 173 GRID WSS and 95 GRID WSS Tq. Partur, Mantha and Jalna Dist: Jalna",Sevali Tanda,801,1,,0.00,0.00,0.00,0.00,0.00,0.00,,0.00,0.00,0.00,0.00,0.00,0.00,18-Aug,19-Aug,20-Aug,21-Aug,22-Aug,23-Aug,24-Aug,18-Aug,19-Aug,20-Aug,21-Aug,22-Aug,23-Aug,24-Aug,6,6,0
Chhatrapati Sambhajinagar,Chhatrapati Sambhajinagar,Jalna,Jalna,Jalna,20094559,"120 Villages Extension Scheme for Works Not Considered in 173 GRID WSS and 95 GRID WSS Tq. Partur, Mantha and Jalna Dist: Jalna",Dhagi,1485,1,,0.00,0.00,0.00,0.00,0.00,0.00,,0.00,0.00,0.00,0.00,0.00,0.00,18-Aug,19-Aug,20-Aug,21-Aug,22-Aug,23-Aug,24-Aug,18-Aug,19-Aug,20-Aug,21-Aug,22-Aug,23-Aug,24-Aug,6,6,0
Chhatrapati Sambhajinagar,Chhatrapati Sambhajinagar,Jalna,Jalna,Jalna,20094559,"120 Villages Extension Scheme for Works Not Considered in 173 GRID WSS and 95 GRID WSS Tq. Partur, Mantha and Jalna Dist: Jalna",Timanaik Tanda,598,1,,0.00,0.00,0.00,0.00,0.00,0.00,,0.05,0.04,0.03,0.01,0.00,0.00,18-Aug,19-Aug,20-Aug,21-Aug,22-Aug,23-Aug,24-Aug,18-Aug,19-Aug,20-Aug,21-Aug,22-Aug,23-Aug,24-Aug,2,6,0
Chhatrapati Sambhajinagar,Chhatrapati Sambhajinagar,Jalna,Jalna,Jalna,20094559,"120 Villages Extension Scheme for Works Not Considered in 173 GRID WSS and 95 GRID WSS Tq. Partur, Mantha and Jalna Dist: Jalna",Rameshwar Tanda,804,1,,0.00,0.00,0.00,0.00,0.02,0.00,,0.00,0.00,0.00,0.48,2.43,0.00,18-Aug,19-Aug,20-Aug,21-Aug,22-Aug,23-Aug,24-Aug,18-Aug,19-Aug,20-Aug,21-Aug,22-Aug,23-Aug,24-Aug,4,6,0
Chhatrapati Sambhajinagar,Chhatrapati Sambhajinagar,Jalna,Jalna,Jalna,20094559,"120 Villages Extension Scheme for Works Not Considered in 173 GRID WSS and 95 GRID WSS Tq. Partur, Mantha and Jalna Dist: Jalna",Nagapur,690,1,,0.00,0.00,0.00,0.00,0.00,0.00,,0.00,0.00,0.00,0.00,0.00,0.00,18-Aug,19-Aug,20-Aug,21-Aug,22-Aug,23-Aug,24-Aug,18-Aug,19-Aug,20-Aug,21-Aug,22-Aug,23-Aug,24-Aug,6,6,0
Chhatrapati Sambhajinagar,Chhatrapati Sambhajinagar,Jalna,Mantha,Mantha,20094559,"120 Villages Extension Scheme for Works Not Considered in 173 GRID WSS and 95 GRID WSS Tq. Partur, Mantha and Jalna Dist: Jalna",Lawani,804,1,,0.00,0.00,0.00,0.00,0.00,0.00,,0.00,0.00,0.00,0.00,0.00,0.00,18-Aug,19-Aug,20-Aug,21-Aug,22-Aug,23-Aug,24-Aug,18-Aug,19-Aug,20-Aug,21-Aug,22-Aug,23-Aug,24-Aug,6,6,0
Chhatrapati Sambhajinagar,Chhatrapati Sambhajinagar,Jalna,Mantha,Mantha,20094559,"120 Villages Extension Scheme for Works Not Considered in 173 GRID WSS and 95 GRID WSS Tq. Partur, Mantha and Jalna Dist: Jalna",Limbaji Barbada,369,1,,0.00,0.00,0.00,0.00,0.00,0.37,,0.00,0.00,0.00,0.00,0.00,100.27,18-Aug,19-Aug,20-Aug,21-Aug,22-Aug,23-Aug,24-Aug,18-Aug,19-Aug,20-Aug,21-Aug,22-Aug,23-Aug,24-Aug,5,5,1
Chhatrapati Sambhajinagar,Chhatrapati Sambhajinagar,Jalna,Mantha,Mantha,20094559,"120 Villages Extension Scheme for Works Not Considered in 173 GRID WSS and 95 GRID WSS Tq. Partur, Mantha and Jalna Dist: Jalna",Belora Tanda,847,1,,0.00,0.00,0.00,0.00,0.00,0.00,,0.00,0.00,0.00,0.00,0.00,0.00,18-Aug,19-Aug,20-Aug,21-Aug,22-Aug,23-Aug,24-Aug,18-Aug,19-Aug,20-Aug,21-Aug,22-Aug,23-Aug,24-Aug,6,6,0
Chhatrapati Sambhajinagar,Chhatrapati Sambhajinagar,Jalna,Mantha,Mantha,20094559,"120 Villages Extension Scheme for Works Not Considered in 173 GRID WSS and 95 GRID WSS Tq. Partur, Mantha and Jalna Dist: Jalna",Wazarsarkate,2525,1,,0.00,0.00,0.00,0.00,0.00,0.00,,0.00,0.00,0.00,0.00,0.00,0.00,18-Aug,19-Aug,20-Aug,21-Aug,22-Aug,23-Aug,24-Aug,18-Aug,19-Aug,20-Aug,21-Aug,22-Aug,23-Aug,24-Aug,6,6,0
Chhatrapati Sambhajinagar,Chhatrapati Sambhajinagar,Jalna,Mantha,Mantha,20094559,"120 Villages Extension Scheme for Works Not Considered in 173 GRID WSS and 95 GRID WSS Tq. Partur, Mantha and Jalna Dist: Jalna",Devthana Mantha,1068,1,,0.00,0.21,0.00,0.20,0.00,0.15,,0.00,19.66,0.00,18.73,0.00,14.04,18-Aug,19-Aug,20-Aug,21-Aug,22-Aug,23-Aug,24-Aug,18-Aug,19-Aug,20-Aug,21-Aug,22-Aug,23-Aug,24-Aug,3,6,0
Chhatrapati Sambhajinagar,Chhatrapati Sambhajinagar,Jalna,Mantha,Mantha,20094559,"120 Villages Extension Scheme for Works Not Considered in 173 GRID WSS and 95 GRID WSS Tq. Partur, Mantha and Jalna Dist: Jalna",Lavani Tanda,1283,1,,0.00,0.05,0.00,0.00,0.00,0.00,,0.00,3.90,0.00,0.00,0.00,0.00,18-Aug,19-Aug,20-Aug,21-Aug,22-Aug,23-Aug,24-Aug,18-Aug,19-Aug,20-Aug,21-Aug,22-Aug,23-Aug,24-Aug,5,6,0
Chhatrapati Sambhajinagar,Chhatrapati Sambhajinagar,Jalna,Mantha,Mantha,20094559,"120 Villages Extension Scheme for Works Not Considered in 173 GRID WSS and 95 GRID WSS Tq. Partur, Mantha and Jalna Dist: Jalna",Vaidhywadgaon,2600,1,,0.00,0.00,0.00,0.00,0.00,0.00,,0.00,0.00,0.00,0.00,0.00,0.00,18-Aug,19-Aug,20-Aug,21-Aug,22-Aug,23-Aug,24-Aug,18-Aug,19-Aug,20-Aug,21-Aug,22-Aug,23-Aug,24-Aug,6,6,0
Chhatrapati Sambhajinagar,Chhatrapati Sambhajinagar,Jalna,Mantha,Mantha,20094559,"120 Villages Extension Scheme for Works Not Considered in 173 GRID WSS and 95 GRID WSS Tq. Partur, Mantha and Jalna Dist: Jalna",Daghi,1485,1,,0.00,0.00,0.00,0.00,0.00,0.00,,0.00,0.00,0.00,0.00,0.00,0.00,18-Aug,19-Aug,20-Aug,21-Aug,22-Aug,23-Aug,24-Aug,18-Aug,19-Aug,20-Aug,21-Aug,22-Aug,23-Aug,24-Aug,6,6,0
Chhatrapati Sambhajinagar,Chhatrapati Sambhajinagar,Jalna,Mantha,Mantha,20094559,"120 Villages Extension Scheme for Works Not Considered in 173 GRID WSS and 95 GRID WSS Tq. Partur, Mantha and Jalna Dist: Jalna",Waghoda Tanda,1941,1,,0.00,0.00,0.00,0.00,0.00,0.00,,0.00,0.00,0.00,0.00,0.00,0.00,18-Aug,19-Aug,20-Aug,21-Aug,22-Aug,23-Aug,24-Aug,18-Aug,19-Aug,20-Aug,21-Aug,22-Aug,23-Aug,24-Aug,6,6,0
Chhatrapati Sambhajinagar,Chhatrapati Sambhajinagar,Jalna,Mantha,Mantha,20094559,"120 Villages Extension Scheme for Works Not Considered in 173 GRID WSS and 95 GRID WSS Tq. Partur, Mantha and Jalna Dist: Jalna",Kanadi,1040,1,,0.00,0.00,0.00,0.00,0.00,0.00,,0.00,0.00,0.00,0.00,0.00,0.00,18-Aug,19-Aug,20-Aug,21-Aug,22-Aug,23-Aug,24-Aug,18-Aug,19-Aug,20-Aug,21-Aug,22-Aug,23-Aug,24-Aug,6,6,0
Chhatrapati Sambhajinagar,Chhatrapati Sambhajinagar,Jalna,Mantha,Mantha,20094559,"120 Villages Extension Scheme for Works Not Considered in 173 GRID WSS and 95 GRID WSS Tq. Partur, Mantha and Jalna Dist: Jalna",Incha,501,1,,0.00,0.00,0.00,0.00,0.00,0.00,,0.00,0.00,0.00,0.00,0.00,0.00,18-Aug,19-Aug,20-Aug,21-Aug,22-Aug,23-Aug,24-Aug,18-Aug,19-Aug,20-Aug,21-Aug,22-Aug,23-Aug,24-Aug,6,6,0
Chhatrapati Sambhajinagar,Chhatrapati Sambhajinagar,Jalna,Mantha,Mantha,20094559,"120 Villages Extension Scheme for Works Not Considered in 173 GRID WSS and 95 GRID WSS Tq. Partur, Mantha and Jalna Dist: Jalna",Pangra Gadadhe,2126,2,186.92,383.87,361.37,0.00,0.00,0.00,0.00,8791.95,18055.88,16997.70,0.00,0.00,0.00,0.00,18-Aug,19-Aug,20-Aug,21-Aug,22-Aug,23-Aug,24-Aug,18-Aug,19-Aug,20-Aug,21-Aug,22-Aug,23-Aug,24-Aug,4,4,3
Chhatrapati Sambhajinagar,Chhatrapati Sambhajinagar,Jalna,Mantha,Mantha,20094559,"120 Villages Extension Scheme for Works Not Considered in 173 GRID WSS and 95 GRID WSS Tq. Partur, Mantha and Jalna Dist: Jalna",Kirtapur,1080,1,,0.00,0.00,0.00,0.00,0.00,0.00,,0.00,0.00,0.00,0.00,0.00,0.00,18-Aug,19-Aug,20-Aug,21-Aug,22-Aug,23-Aug,24-Aug,18-Aug,19-Aug,20-Aug,21-Aug,22-Aug,23-Aug,24-Aug,6,6,0
Chhatrapati Sambhajinagar,Chhatrapati Sambhajinagar,Jalna,Mantha,Mantha,20094559,"120 Villages Extension Scheme for Works Not Considered in 173 GRID WSS and 95 GRID WSS Tq. Partur, Mantha and Jalna Dist: Jalna",Khorvad,2017,1,0.00,0.00,0.00,0.00,0.00,0.00,0.00,0.00,0.00,0.00,0.00,0.00,0.00,0.00,18-Aug,19-Aug,20-Aug,21-Aug,22-Aug,23-Aug,24-Aug,18-Aug,19-Aug,20-Aug,21-Aug,22-Aug,23-Aug,24-Aug,7,7,0
Chhatrapati Sambhajinagar,Chhatrapati Sambhajinagar,Jalna,Mantha,Mantha,20094559,"120 Villages Extension Scheme for Works Not Considered in 173 GRID WSS and 95 GRID WSS Tq. Partur, Mantha and Jalna Dist: Jalna",Andhawadi,1026,1,,0.00,0.02,0.36,0.08,0.00,0.00,,0.00,1.60,35.13,8.12,0.00,0.00,18-Aug,19-Aug,20-Aug,21-Aug,22-Aug,23-Aug,24-Aug,18-Aug,19-Aug,20-Aug,21-Aug,22-Aug,23-Aug,24-Aug,3,6,0
Chhatrapati Sambhajinagar,Chhatrapati Sambhajinagar,Jalna,Mantha,Mantha,20094559,"120 Villages Extension Scheme for Works Not Considered in 173 GRID WSS and 95 GRID WSS Tq. Partur, Mantha and Jalna Dist: Jalna",Virgavhan Tanda,577,1,,0.00,0.00,0.00,0.00,0.00,0.00,,0.00,0.00,0.00,0.00,0.00,0.00,18-Aug,19-Aug,20-Aug,21-Aug,22-Aug,23-Aug,24-Aug,18-Aug,19-Aug,20-Aug,21-Aug,22-Aug,23-Aug,24-Aug,6,6,0
Chhatrapati Sambhajinagar,Chhatrapati Sambhajinagar,Jalna,Mantha,Mantha,20094559,"120 Villages Extension Scheme for Works Not Considered in 173 GRID WSS and 95 GRID WSS Tq. Partur, Mantha and Jalna Dist: Jalna",RAMTIRTH,1143,1,,0.00,0.00,0.00,0.00,0.00,0.00,,0.00,0.00,0.00,0.00,0.00,0.00,18-Aug,19-Aug,20-Aug,21-Aug,22-Aug,23-Aug,24-Aug,18-Aug,19-Aug,20-Aug,21-Aug,22-Aug,23-Aug,24-Aug,6,6,0
Chhatrapati Sambhajinagar,Chhatrapati Sambhajinagar,Jalna,Mantha,Mantha,20094559,"120 Villages Extension Scheme for Works Not Considered in 173 GRID WSS and 95 GRID WSS Tq. Partur, Mantha and Jalna Dist: Jalna",PANGRI KH.,3178,1,,0.00,0.00,0.00,0.00,0.00,0.00,,0.00,0.00,0.00,0.00,0.00,0.00,18-Aug,19-Aug,20-Aug,21-Aug,22-Aug,23-Aug,24-Aug,18-Aug,19-Aug,20-Aug,21-Aug,22-Aug,23-Aug,24-Aug,6,6,0
Chhatrapati Sambhajinagar,Chhatrapati Sambhajinagar,Jalna,Mantha,Mantha,20094559,"120 Villages Extension Scheme for Works Not Considered in 173 GRID WSS and 95 GRID WSS Tq. Partur, Mantha and Jalna Dist: Jalna",Kendhali Tanda,263,1,0.00,0.00,0.00,0.00,0.00,0.00,0.00,0.00,0.00,0.00,0.00,0.00,0.00,0.00,18-Aug,19-Aug,20-Aug,21-Aug,22-Aug,23-Aug,24-Aug,18-Aug,19-Aug,20-Aug,21-Aug,22-Aug,23-Aug,24-Aug,7,7,0
Chhatrapati Sambhajinagar,Chhatrapati Sambhajinagar,Jalna,Mantha,Mantha,20094559,"120 Villages Extension Scheme for Works Not Considered in 173 GRID WSS and 95 GRID WSS Tq. Partur, Mantha and Jalna Dist: Jalna",Takalkhopa,1461,1,0.00,0.00,0.00,0.00,0.00,0.00,0.00,0.00,0.00,0.00,0.00,0.00,0.00,0.00,18-Aug,19-Aug,20-Aug,21-Aug,22-Aug,23-Aug,24-Aug,18-Aug,19-Aug,20-Aug,21-Aug,22-Aug,23-Aug,24-Aug,7,7,0
Chhatrapati Sambhajinagar,Chhatrapati Sambhajinagar,Jalna,Mantha,Mantha,20094559,"120 Villages Extension Scheme for Works Not Considered in 173 GRID WSS and 95 GRID WSS Tq. Partur, Mantha and Jalna Dist: Jalna",Tuppa,366,1,0.00,0.00,0.00,0.00,0.00,0.00,0.00,0.00,0.00,0.00,0.00,0.00,0.00,0.00,18-Aug,19-Aug,20-Aug,21-Aug,22-Aug,23-Aug,24-Aug,18-Aug,19-Aug,20-Aug,21-Aug,22-Aug,23-Aug,24-Aug,7,7,0
Chhatrapati Sambhajinagar,Chhatrapati Sambhajinagar,Jalna,Mantha,Mantha,20094559,"120 Villages Extension Scheme for Works Not Considered in 173 GRID WSS and 95 GRID WSS Tq. Partur, Mantha and Jalna Dist: Jalna",Ranmala,1746,1,,0.00,0.78,0.12,0.67,0.14,0.56,,0.00,44.67,7.03,38.26,7.90,32.13,18-Aug,19-Aug,20-Aug,21-Aug,22-Aug,23-Aug,24-Aug,18-Aug,19-Aug,20-Aug,21-Aug,22-Aug,23-Aug,24-Aug,1,6,0
Chhatrapati Sambhajinagar,Chhatrapati Sambhajinagar,Jalna,Mantha,Mantha,20094559,"120 Villages Extension Scheme for Works Not Considered in 173 GRID WSS and 95 GRID WSS Tq. Partur, Mantha and Jalna Dist: Jalna",Tokawadi,705,2,,0.00,0.00,0.38,0.33,0.28,0.18,,0.10,0.14,53.19,46.53,39.93,25.43,18-Aug,19-Aug,20-Aug,21-Aug,22-Aug,23-Aug,24-Aug,18-Aug,19-Aug,20-Aug,21-Aug,22-Aug,23-Aug,24-Aug,0,6,0
Chhatrapati Sambhajinagar,Chhatrapati Sambhajinagar,Jalna,Mantha,Mantha,20094559,"120 Villages Extension Scheme for Works Not Considered in 173 GRID WSS and 95 GRID WSS Tq. Partur, Mantha and Jalna Dist: Jalna",Naigaon MBR,1491,1,,0.00,0.00,0.00,0.00,0.00,0.00,,0.00,0.00,0.00,0.00,0.00,0.00,18-Aug,19-Aug,20-Aug,21-Aug,22-Aug,23-Aug,24-Aug,18-Aug,19-Aug,20-Aug,21-Aug,22-Aug,23-Aug,24-Aug,6,6,0
Chhatrapati Sambhajinagar,Chhatrapati Sambhajinagar,Jalna,Mantha,Mantha,20094559,"120 Villages Extension Scheme for Works Not Considered in 173 GRID WSS and 95 GRID WSS Tq. Partur, Mantha and Jalna Dist: Jalna",LIMBEWADGAON GHARKUL,540,1,,0.00,0.00,0.00,0.00,0.00,0.00,,0.00,0.00,0.00,0.00,0.00,0.00,18-Aug,19-Aug,20-Aug,21-Aug,22-Aug,23-Aug,24-Aug,18-Aug,19-Aug,20-Aug,21-Aug,22-Aug,23-Aug,24-Aug,6,6,0
Chhatrapati Sambhajinagar,Chhatrapati Sambhajinagar,Jalna,Mantha,Mantha,20094559,"120 Villages Extension Scheme for Works Not Considered in 173 GRID WSS and 95 GRID WSS Tq. Partur, Mantha and Jalna Dist: Jalna",Sevali,7669,1,,0.00,0.00,0.00,0.00,0.00,0.00,,0.00,0.00,0.00,0.00,0.00,0.00,18-Aug,19-Aug,20-Aug,21-Aug,22-Aug,23-Aug,24-Aug,18-Aug,19-Aug,20-Aug,21-Aug,22-Aug,23-Aug,24-Aug,6,6,0
Chhatrapati Sambhajinagar,Chhatrapati Sambhajinagar,Jalna,Mantha,Mantha,20094559,"120 Villages Extension Scheme for Works Not Considered in 173 GRID WSS and 95 GRID WSS Tq. Partur, Mantha and Jalna Dist: Jalna",Tokawadi Tanda,643,1,,0.00,0.00,0.00,0.00,0.00,0.00,,0.00,0.00,0.00,0.00,0.00,0.00,18-Aug,19-Aug,20-Aug,21-Aug,22-Aug,23-Aug,24-Aug,18-Aug,19-Aug,20-Aug,21-Aug,22-Aug,23-Aug,24-Aug,6,6,0
Chhatrapati Sambhajinagar,Chhatrapati Sambhajinagar,Jalna,Mantha,Mantha,20094559,"120 Villages Extension Scheme for Works Not Considered in 173 GRID WSS and 95 GRID WSS Tq. Partur, Mantha and Jalna Dist: Jalna",Wadgaon Sarhadu,1136,1,,0.00,0.00,0.00,0.00,0.00,0.00,,0.00,0.00,0.00,0.00,0.00,0.00,18-Aug,19-Aug,20-Aug,21-Aug,22-Aug,23-Aug,24-Aug,18-Aug,19-Aug,20-Aug,21-Aug,22-Aug,23-Aug,24-Aug,6,6,0
Chhatrapati Sambhajinagar,Chhatrapati Sambhajinagar,Jalna,Mantha,Mantha,20094559,"120 Villages Extension Scheme for Works Not Considered in 173 GRID WSS and 95 GRID WSS Tq. Partur, Mantha and Jalna Dist: Jalna",PANGRI BK. TANDA,1075,1,,0.00,0.00,0.00,0.00,0.00,0.00,,0.00,0.00,0.00,0.00,0.00,0.00,18-Aug,19-Aug,20-Aug,21-Aug,22-Aug,23-Aug,24-Aug,18-Aug,19-Aug,20-Aug,21-Aug,22-Aug,23-Aug,24-Aug,6,6,0
Chhatrapati Sambhajinagar,Chhatrapati Sambhajinagar,Jalna,Mantha,Mantha,20094559,"120 Villages Extension Scheme for Works Not Considered in 173 GRID WSS and 95 GRID WSS Tq. Partur, Mantha and Jalna Dist: Jalna",Shivangiri,2008,1,,0.00,0.00,0.00,0.04,0.00,0.00,,0.00,0.00,0.03,2.23,0.00,0.00,18-Aug,19-Aug,20-Aug,21-Aug,22-Aug,23-Aug,24-Aug,18-Aug,19-Aug,20-Aug,21-Aug,22-Aug,23-Aug,24-Aug,4,6,0
Chhatrapati Sambhajinagar,Chhatrapati Sambhajinagar,Jalna,Mantha,Mantha,20094559,"120 Villages Extension Scheme for Works Not Considered in 173 GRID WSS and 95 GRID WSS Tq. Partur, Mantha and Jalna Dist: Jalna",Dahiphal Khandare,3011,1,,0.00,0.00,0.00,0.00,0.00,0.00,,0.00,0.00,0.00,0.00,0.00,0.00,18-Aug,19-Aug,20-Aug,21-Aug,22-Aug,23-Aug,24-Aug,18-Aug,19-Aug,20-Aug,21-Aug,22-Aug,23-Aug,24-Aug,6,6,0
Chhatrapati Sambhajinagar,Chhatrapati Sambhajinagar,Jalna,Mantha,Mantha,20094559,"120 Villages Extension Scheme for Works Not Considered in 173 GRID WSS and 95 GRID WSS Tq. Partur, Mantha and Jalna Dist: Jalna",Mohadi,1179,1,0.00,0.00,0.00,0.00,0.00,0.01,0.26,0.00,0.00,0.00,0.00,0.00,0.59,21.71,18-Aug,19-Aug,20-Aug,21-Aug,22-Aug,23-Aug,24-Aug,18-Aug,19-Aug,20-Aug,21-Aug,22-Aug,23-Aug,24-Aug,5,7,0
Chhatrapati Sambhajinagar,Chhatrapati Sambhajinagar,Jalna,Mantha,Mantha,20094559,"120 Villages Extension Scheme for Works Not Considered in 173 GRID WSS and 95 GRID WSS Tq. Partur, Mantha and Jalna Dist: Jalna",Belora,2127,1,,0.00,0.00,0.00,0.00,0.00,0.00,,0.00,0.00,0.00,0.00,0.00,0.00,18-Aug,19-Aug,20-Aug,21-Aug,22-Aug,23-Aug,24-Aug,18-Aug,19-Aug,20-Aug,21-Aug,22-Aug,23-Aug,24-Aug,6,6,0
Chhatrapati Sambhajinagar,Chhatrapati Sambhajinagar,Jalna,Mantha,Mantha,20094559,"120 Villages Extension Scheme for Works Not Considered in 173 GRID WSS and 95 GRID WSS Tq. Partur, Mantha and Jalna Dist: Jalna",Khorad Sawangi,2661,1,,0.03,0.05,0.08,0.08,0.11,0.07,,1.15,1.85,3.08,3.14,4.11,2.55,18-Aug,19-Aug,20-Aug,21-Aug,22-Aug,23-Aug,24-Aug,18-Aug,19-Aug,20-Aug,21-Aug,22-Aug,23-Aug,24-Aug,0,6,0
Chhatrapati Sambhajinagar,Chhatrapati Sambhajinagar,Jalna,Mantha,Mantha,20094559,"120 Villages Extension Scheme for Works Not Considered in 173 GRID WSS and 95 GRID WSS Tq. Partur, Mantha and Jalna Dist: Jalna",Dhondi Pimpalgaon,773,1,,0.00,0.00,0.00,0.00,0.00,0.00,,0.00,0.00,0.00,0.00,0.00,0.00,18-Aug,19-Aug,20-Aug,21-Aug,22-Aug,23-Aug,24-Aug,18-Aug,19-Aug,20-Aug,21-Aug,22-Aug,23-Aug,24-Aug,6,6,0
Chhatrapati Sambhajinagar,Chhatrapati Sambhajinagar,Jalna,Mantha,Mantha,20094559,"120 Villages Extension Scheme for Works Not Considered in 173 GRID WSS and 95 GRID WSS Tq. Partur, Mantha and Jalna Dist: Jalna",Sonunkarwadi,409,1,,0.06,0.13,0.09,0.17,0.22,0.22,,14.71,31.78,21.35,42.26,53.04,52.73,18-Aug,19-Aug,20-Aug,21-Aug,22-Aug,23-Aug,24-Aug,18-Aug,19-Aug,20-Aug,21-Aug,22-Aug,23-Aug,24-Aug,0,6,0
Chhatrapati Sambhajinagar,Chhatrapati Sambhajinagar,Jalna,Mantha,Mantha,20094559,"120 Villages Extension Scheme for Works Not Considered in 173 GRID WSS and 95 GRID WSS Tq. Partur, Mantha and Jalna Dist: Jalna",Kharodsawangi,3859,1,,0.00,0.00,0.00,0.00,0.00,0.00,,0.00,0.00,0.00,0.00,0.00,0.00,18-Aug,19-Aug,20-Aug,21-Aug,22-Aug,23-Aug,24-Aug,18-Aug,19-Aug,20-Aug,21-Aug,22-Aug,23-Aug,24-Aug,6,6,0
Chhatrapati Sambhajinagar,Chhatrapati Sambhajinagar,Jalna,Mantha,Mantha,20094559,"120 Villages Extension Scheme for Works Not Considered in 173 GRID WSS and 95 GRID WSS Tq. Partur, Mantha and Jalna Dist: Jalna",Talegaon,1215,2,,0.00,0.00,0.00,0.00,0.00,0.00,,0.00,0.00,0.00,0.00,0.00,0.00,18-Aug,19-Aug,20-Aug,21-Aug,22-Aug,23-Aug,24-Aug,18-Aug,19-Aug,20-Aug,21-Aug,22-Aug,23-Aug,24-Aug,6,6,0
Chhatrapati Sambhajinagar,Chhatrapati Sambhajinagar,Jalna,Mantha,Mantha,20094559,"120 Villages Extension Scheme for Works Not Considered in 173 GRID WSS and 95 GRID WSS Tq. Partur, Mantha and Jalna Dist: Jalna",Nansi,1123,2,,0.00,0.00,0.00,0.00,0.00,0.00,,0.00,0.00,0.00,0.00,0.00,0.00,18-Aug,19-Aug,20-Aug,21-Aug,22-Aug,23-Aug,24-Aug,18-Aug,19-Aug,20-Aug,21-Aug,22-Aug,23-Aug,24-Aug,6,6,0
Chhatrapati Sambhajinagar,Chhatrapati Sambhajinagar,Jalna,Mantha,Mantha,20094559,"120 Villages Extension Scheme for Works Not Considered in 173 GRID WSS and 95 GRID WSS Tq. Partur, Mantha and Jalna Dist: Jalna",WANJOLA,1817,1,,0.00,0.00,0.00,0.00,0.00,0.00,,0.00,0.00,0.00,0.00,0.00,0.00,18-Aug,19-Aug,20-Aug,21-Aug,22-Aug,23-Aug,24-Aug,18-Aug,19-Aug,20-Aug,21-Aug,22-Aug,23-Aug,24-Aug,6,6,0
Chhatrapati Sambhajinagar,Chhatrapati Sambhajinagar,Jalna,Mantha,Mantha,20094559,"120 Villages Extension Scheme for Works Not Considered in 173 GRID WSS and 95 GRID WSS Tq. Partur, Mantha and Jalna Dist: Jalna",Naigaon Tanda,1491,1,,0.00,0.00,0.52,0.13,0.00,0.00,,0.00,0.00,35.04,8.40,0.00,0.00,18-Aug,19-Aug,20-Aug,21-Aug,22-Aug,23-Aug,24-Aug,18-Aug,19-Aug,20-Aug,21-Aug,22-Aug,23-Aug,24-Aug,4,6,0
Chhatrapati Sambhajinagar,Chhatrapati Sambhajinagar,Jalna,Mantha,Mantha,20094559,"120 Villages Extension Scheme for Works Not Considered in 173 GRID WSS and 95 GRID WSS Tq. Partur, Mantha and Jalna Dist: Jalna",Mohdari,431,1,,0.00,0.00,0.00,0.00,0.00,0.00,,0.00,0.00,0.00,0.00,0.00,0.00,18-Aug,19-Aug,20-Aug,21-Aug,22-Aug,23-Aug,24-Aug,18-Aug,19-Aug,20-Aug,21-Aug,22-Aug,23-Aug,24-Aug,6,6,0
Chhatrapati Sambhajinagar,Chhatrapati Sambhajinagar,Jalna,Mantha,Mantha,20094559,"120 Villages Extension Scheme for Works Not Considered in 173 GRID WSS and 95 GRID WSS Tq. Partur, Mantha and Jalna Dist: Jalna",Pimparkheda Kharabe Tanda,421,1,,0.00,0.00,0.00,0.00,0.00,0.00,,0.00,0.00,0.00,0.00,0.00,0.00,18-Aug,19-Aug,20-Aug,21-Aug,22-Aug,23-Aug,24-Aug,18-Aug,19-Aug,20-Aug,21-Aug,22-Aug,23-Aug,24-Aug,6,6,0
Chhatrapati Sambhajinagar,Chhatrapati Sambhajinagar,Jalna,Mantha,Mantha,20094559,"120 Villages Extension Scheme for Works Not Considered in 173 GRID WSS and 95 GRID WSS Tq. Partur, Mantha and Jalna Dist: Jalna",Hivarkheda,1949,1,,1.13,0.00,0.20,0.79,0.53,0.84,,57.81,0.00,10.37,40.72,27.07,43.16,18-Aug,19-Aug,20-Aug,21-Aug,22-Aug,23-Aug,24-Aug,18-Aug,19-Aug,20-Aug,21-Aug,22-Aug,23-Aug,24-Aug,1,5,1
Chhatrapati Sambhajinagar,Chhatrapati Sambhajinagar,Jalna,Mantha,Mantha,20094559,"120 Villages Extension Scheme for Works Not Considered in 173 GRID WSS and 95 GRID WSS Tq. Partur, Mantha and Jalna Dist: Jalna",Kedarwakadi,1337,1,0.00,0.00,0.00,0.00,0.00,0.00,0.00,0.00,0.00,0.00,0.00,0.00,0.00,0.00,18-Aug,19-Aug,20-Aug,21-Aug,22-Aug,23-Aug,24-Aug,18-Aug,19-Aug,20-Aug,21-Aug,22-Aug,23-Aug,24-Aug,7,7,0
Chhatrapati Sambhajinagar,Chhatrapati Sambhajinagar,Jalna,Mantha,Mantha,20094559,"120 Villages Extension Scheme for Works Not Considered in 173 GRID WSS and 95 GRID WSS Tq. Partur, Mantha and Jalna Dist: Jalna",Aradakhari,985,1,10.00,0.00,0.00,0.00,0.00,0.00,0.00,1015.06,0.00,0.00,0.00,0.00,0.00,0.00,18-Aug,19-Aug,20-Aug,21-Aug,22-Aug,23-Aug,24-Aug,18-Aug,19-Aug,20-Aug,21-Aug,22-Aug,23-Aug,24-Aug,6,6,1
Chhatrapati Sambhajinagar,Chhatrapati Sambhajinagar,Jalna,Mantha,Mantha,20094559,"120 Villages Extension Scheme for Works Not Considered in 173 GRID WSS and 95 GRID WSS Tq. Partur, Mantha and Jalna Dist: Jalna",Sawargaon vayal,1401,2,,0.77,0.45,0.94,0.48,0.60,0.59,,54.95,32.27,66.95,34.06,42.55,42.04,18-Aug,19-Aug,20-Aug,21-Aug,22-Aug,23-Aug,24-Aug,18-Aug,19-Aug,20-Aug,21-Aug,22-Aug,23-Aug,24-Aug,0,5,1
Chhatrapati Sambhajinagar,Chhatrapati Sambhajinagar,Jalna,Mantha,Mantha,20094559,"120 Villages Extension Scheme for Works Not Considered in 173 GRID WSS and 95 GRID WSS Tq. Partur, Mantha and Jalna Dist: Jalna",Khari Arda,571,1,0.00,282.52,0.00,586.87,229.22,617.84,502.79,0.00,49477.23,0.00,102780.02,40142.96,108203.50,88053.82,18-Aug,19-Aug,20-Aug,21-Aug,22-Aug,23-Aug,24-Aug,18-Aug,19-Aug,20-Aug,21-Aug,22-Aug,23-Aug,24-Aug,2,2,5
Chhatrapati Sambhajinagar,Chhatrapati Sambhajinagar,Jalna,Mantha,Mantha,20094559,"120 Villages Extension Scheme for Works Not Considered in 173 GRID WSS and 95 GRID WSS Tq. Partur, Mantha and Jalna Dist: Jalna",Borgaon,2304,1,,0.00,0.01,0.00,0.00,0.00,0.00,,0.00,0.43,0.00,0.00,0.00,0.00,18-Aug,19-Aug,20-Aug,21-Aug,22-Aug,23-Aug,24-Aug,18-Aug,19-Aug,20-Aug,21-Aug,22-Aug,23-Aug,24-Aug,5,6,0
Chhatrapati Sambhajinagar,Chhatrapati Sambhajinagar,Jalna,Mantha,Mantha,20094559,"120 Villages Extension Scheme for Works Not Considered in 173 GRID WSS and 95 GRID WSS Tq. Partur, Mantha and Jalna Dist: Jalna",Meskheda,1641,1,0.00,0.00,0.30,0.30,0.00,0.31,0.32,0.00,0.00,18.55,18.30,0.00,19.19,19.49,18-Aug,19-Aug,20-Aug,21-Aug,22-Aug,23-Aug,24-Aug,18-Aug,19-Aug,20-Aug,21-Aug,22-Aug,23-Aug,24-Aug,3,7,0
Chhatrapati Sambhajinagar,Chhatrapati Sambhajinagar,Jalna,Mantha,Mantha,20094559,"120 Villages Extension Scheme for Works Not Considered in 173 GRID WSS and 95 GRID WSS Tq. Partur, Mantha and Jalna Dist: Jalna",Taltondi,1388,1,,0.00,0.00,0.00,0.00,0.00,0.00,,0.00,0.00,0.00,0.00,0.00,0.00,18-Aug,19-Aug,20-Aug,21-Aug,22-Aug,23-Aug,24-Aug,18-Aug,19-Aug,20-Aug,21-Aug,22-Aug,23-Aug,24-Aug,6,6,0
Chhatrapati Sambhajinagar,Chhatrapati Sambhajinagar,Jalna,Mantha,Mantha,20094559,"120 Villages Extension Scheme for Works Not Considered in 173 GRID WSS and 95 GRID WSS Tq. Partur, Mantha and Jalna Dist: Jalna",DHOKSAL,2073,1,,0.14,0.75,0.38,0.00,0.11,0.00,,6.92,36.13,18.51,0.00,5.40,0.00,18-Aug,19-Aug,20-Aug,21-Aug,22-Aug,23-Aug,24-Aug,18-Aug,19-Aug,20-Aug,21-Aug,22-Aug,23-Aug,24-Aug,2,6,0
Chhatrapati Sambhajinagar,Chhatrapati Sambhajinagar,Jalna,Mantha,Mantha,20094559,"120 Villages Extension Scheme for Works Not Considered in 173 GRID WSS and 95 GRID WSS Tq. Partur, Mantha and Jalna Dist: Jalna",PANGRI KH.TANDA,701,1,,0.00,0.00,0.00,0.01,0.00,0.73,,0.00,0.00,0.00,1.43,0.00,104.14,18-Aug,19-Aug,20-Aug,21-Aug,22-Aug,23-Aug,24-Aug,18-Aug,19-Aug,20-Aug,21-Aug,22-Aug,23-Aug,24-Aug,4,5,1
Chhatrapati Sambhajinagar,Chhatrapati Sambhajinagar,Jalna,Mantha,Mantha,20094559,"120 Villages Extension Scheme for Works Not Considered in 173 GRID WSS and 95 GRID WSS Tq. Partur, Mantha and Jalna Dist: Jalna",Idoli(kd),1836,1,,0.02,0.00,0.29,0.20,0.02,0.46,,1.28,0.00,16.04,10.71,0.89,25.10,18-Aug,19-Aug,20-Aug,21-Aug,22-Aug,23-Aug,24-Aug,18-Aug,19-Aug,20-Aug,21-Aug,22-Aug,23-Aug,24-Aug,1,6,0
Chhatrapati Sambhajinagar,Chhatrapati Sambhajinagar,Jalna,Mantha,Mantha,20094559,"120 Villages Extension Scheme for Works Not Considered in 173 GRID WSS and 95 GRID WSS Tq. Partur, Mantha and Jalna Dist: Jalna",Pakni,873,1,,0.00,0.00,0.00,0.00,0.00,0.00,,0.00,0.00,0.00,0.00,0.00,0.00,18-Aug,19-Aug,20-Aug,21-Aug,22-Aug,23-Aug,24-Aug,18-Aug,19-Aug,20-Aug,21-Aug,22-Aug,23-Aug,24-Aug,6,6,0
Chhatrapati Sambhajinagar,Chhatrapati Sambhajinagar,Jalna,Mantha,Mantha,20094559,"120 Villages Extension Scheme for Works Not Considered in 173 GRID WSS and 95 GRID WSS Tq. Partur, Mantha and Jalna Dist: Jalna",PIMPARKHEDA KHARABE,2101,1,,0.00,0.00,0.26,0.00,0.28,0.40,,0.00,0.00,12.59,0.01,13.19,18.83,18-Aug,19-Aug,20-Aug,21-Aug,22-Aug,23-Aug,24-Aug,18-Aug,19-Aug,20-Aug,21-Aug,22-Aug,23-Aug,24-Aug,2,6,0
Chhatrapati Sambhajinagar,Chhatrapati Sambhajinagar,Jalna,Mantha,Mantha,20094559,"120 Villages Extension Scheme for Works Not Considered in 173 GRID WSS and 95 GRID WSS Tq. Partur, Mantha and Jalna Dist: Jalna",Idoli(bk),3856,1,,0.00,0.14,0.00,0.09,0.12,0.00,,0.00,3.53,0.00,2.22,3.00,0.00,18-Aug,19-Aug,20-Aug,21-Aug,22-Aug,23-Aug,24-Aug,18-Aug,19-Aug,20-Aug,21-Aug,22-Aug,23-Aug,24-Aug,3,6,0
Chhatrapati Sambhajinagar,Chhatrapati Sambhajinagar,Jalna,Mantha,Mantha,20094559,"120 Villages Extension Scheme for Works Not Considered in 173 GRID WSS and 95 GRID WSS Tq. Partur, Mantha and Jalna Dist: Jalna",Mosa,166,1,,0.00,0.00,0.00,0.00,0.00,0.00,,0.00,0.00,0.00,0.00,0.00,0.00,18-Aug,19-Aug,20-Aug,21-Aug,22-Aug,23-Aug,24-Aug,18-Aug,19-Aug,20-Aug,21-Aug,22-Aug,23-Aug,24-Aug,6,6,0
Chhatrapati Sambhajinagar,Chhatrapati Sambhajinagar,Jalna,Mantha,Mantha,20094559,"120 Villages Extension Scheme for Works Not Considered in 173 GRID WSS and 95 GRID WSS Tq. Partur, Mantha and Jalna Dist: Jalna",Kanphodi,196,1,,0.00,0.00,0.00,0.00,0.00,0.00,,0.00,0.00,0.00,0.00,0.00,0.00,18-Aug,19-Aug,20-Aug,21-Aug,22-Aug,23-Aug,24-Aug,18-Aug,19-Aug,20-Aug,21-Aug,22-Aug,23-Aug,24-Aug,6,6,0
Chhatrapati Sambhajinagar,Chhatrapati Sambhajinagar,Jalna,Mantha,Mantha,20094559,"120 Villages Extension Scheme for Works Not Considered in 173 GRID WSS and 95 GRID WSS Tq. Partur, Mantha and Jalna Dist: Jalna",Ambhora Kadam,4360,1,,0.00,0.00,0.00,0.00,0.00,0.00,,0.00,0.00,0.00,0.00,0.00,0.00,18-Aug,19-Aug,20-Aug,21-Aug,22-Aug,23-Aug,24-Aug,18-Aug,19-Aug,20-Aug,21-Aug,22-Aug,23-Aug,24-Aug,6,6,0
Chhatrapati Sambhajinagar,Chhatrapati Sambhajinagar,Jalna,Mantha,Mantha,20094559,"120 Villages Extension Scheme for Works Not Considered in 173 GRID WSS and 95 GRID WSS Tq. Partur, Mantha and Jalna Dist: Jalna",Kanphodi Tanda,1082,1,,0.00,0.00,0.00,0.00,0.00,0.00,,0.00,0.00,0.07,0.00,0.00,0.32,18-Aug,19-Aug,20-Aug,21-Aug,22-Aug,23-Aug,24-Aug,18-Aug,19-Aug,20-Aug,21-Aug,22-Aug,23-Aug,24-Aug,4,6,0
Chhatrapati Sambhajinagar,Chhatrapati Sambhajinagar,Jalna,Mantha,Mantha,20094559,"120 Villages Extension Scheme for Works Not Considered in 173 GRID WSS and 95 GRID WSS Tq. Partur, Mantha and Jalna Dist: Jalna",Awalgaon,507,1,,0.00,0.00,0.00,0.00,0.00,0.00,,0.00,0.00,0.01,0.00,0.00,0.00,18-Aug,19-Aug,20-Aug,21-Aug,22-Aug,23-Aug,24-Aug,18-Aug,19-Aug,20-Aug,21-Aug,22-Aug,23-Aug,24-Aug,5,6,0
Chhatrapati Sambhajinagar,Chhatrapati Sambhajinagar,Jalna,Mantha,Mantha,20094559,"120 Villages Extension Scheme for Works Not Considered in 173 GRID WSS and 95 GRID WSS Tq. Partur, Mantha and Jalna Dist: Jalna",Sonunkarwadi Tanda,993,1,,0.00,0.00,0.00,0.00,0.00,0.00,,0.00,0.00,0.00,0.00,0.00,0.00,18-Aug,19-Aug,20-Aug,21-Aug,22-Aug,23-Aug,24-Aug,18-Aug,19-Aug,20-Aug,21-Aug,22-Aug,23-Aug,24-Aug,6,6,0
Chhatrapati Sambhajinagar,Chhatrapati Sambhajinagar,Jalna,Mantha,Mantha,20094559,"120 Villages Extension Scheme for Works Not Considered in 173 GRID WSS and 95 GRID WSS Tq. Partur, Mantha and Jalna Dist: Jalna",Shambhu Sawargaon,1254,1,,0.00,0.00,0.00,0.00,0.00,0.00,,0.00,0.07,0.08,0.01,0.04,0.02,18-Aug,19-Aug,20-Aug,21-Aug,22-Aug,23-Aug,24-Aug,18-Aug,19-Aug,20-Aug,21-Aug,22-Aug,23-Aug,24-Aug,1,6,0
Chhatrapati Sambhajinagar,Chhatrapati Sambhajinagar,Jalna,Mantha,Mantha,20094559,"120 Villages Extension Scheme for Works Not Considered in 173 GRID WSS and 95 GRID WSS Tq. Partur, Mantha and Jalna Dist: Jalna",Limbona,1496,1,,154.20,81.75,0.00,0.00,0.00,0.00,,10307.49,5464.57,0.00,0.00,0.00,0.00,18-Aug,19-Aug,20-Aug,21-Aug,22-Aug,23-Aug,24-Aug,18-Aug,19-Aug,20-Aug,21-Aug,22-Aug,23-Aug,24-Aug,4,4,2
Chhatrapati Sambhajinagar,Chhatrapati Sambhajinagar,Jalna,Mantha,Mantha,20094559,"120 Villages Extension Scheme for Works Not Considered in 173 GRID WSS and 95 GRID WSS Tq. Partur, Mantha and Jalna Dist: Jalna",Kokrambha,619,1,,0.00,0.00,0.00,0.00,0.00,0.00,,0.00,0.00,0.00,0.00,0.00,0.00,18-Aug,19-Aug,20-Aug,21-Aug,22-Aug,23-Aug,24-Aug,18-Aug,19-Aug,20-Aug,21-Aug,22-Aug,23-Aug,24-Aug,6,6,0
Chhatrapati Sambhajinagar,Chhatrapati Sambhajinagar,Jalna,Mantha,Mantha,20094559,"120 Villages Extension Scheme for Works Not Considered in 173 GRID WSS and 95 GRID WSS Tq. Partur, Mantha and Jalna Dist: Jalna",Waghala,2087,1,,0.00,0.00,0.00,0.00,0.00,0.00,,0.00,0.00,0.00,0.00,0.00,0.00,18-Aug,19-Aug,20-Aug,21-Aug,22-Aug,23-Aug,24-Aug,18-Aug,19-Aug,20-Aug,21-Aug,22-Aug,23-Aug,24-Aug,6,6,0
Chhatrapati Sambhajinagar,Chhatrapati Sambhajinagar,Jalna,Mantha,Mantha,20094559,"120 Villages Extension Scheme for Works Not Considered in 173 GRID WSS and 95 GRID WSS Tq. Partur, Mantha and Jalna Dist: Jalna",Pandhurna,671,1,,0.00,0.00,0.00,0.00,0.00,0.00,,0.00,0.00,0.00,0.00,0.00,0.00,18-Aug,19-Aug,20-Aug,21-Aug,22-Aug,23-Aug,24-Aug,18-Aug,19-Aug,20-Aug,21-Aug,22-Aug,23-Aug,24-Aug,6,6,0
Chhatrapati Sambhajinagar,Chhatrapati Sambhajinagar,Jalna,Partur,Partur,20094559,"120 Villages Extension Scheme for Works Not Considered in 173 GRID WSS and 95 GRID WSS Tq. Partur, Mantha and Jalna Dist: Jalna",Chincholi,1805,1,0.00,0.00,0.00,0.00,0.00,0.00,0.00,0.00,0.00,0.00,0.00,0.00,0.00,0.00,18-Aug,19-Aug,20-Aug,21-Aug,22-Aug,23-Aug,24-Aug,18-Aug,19-Aug,20-Aug,21-Aug,22-Aug,23-Aug,24-Aug,7,7,0
Chhatrapati Sambhajinagar,Chhatrapati Sambhajinagar,Jalna,Partur,Partur,20094559,"120 Villages Extension Scheme for Works Not Considered in 173 GRID WSS and 95 GRID WSS Tq. Partur, Mantha and Jalna Dist: Jalna",Paratwadi,2311,2,0.00,0.00,0.00,0.00,0.00,0.00,0.00,0.00,0.00,0.00,0.00,0.00,0.02,0.00,18-Aug,19-Aug,20-Aug,21-Aug,22-Aug,23-Aug,24-Aug,18-Aug,19-Aug,20-Aug,21-Aug,22-Aug,23-Aug,24-Aug,6,7,0
Chhatrapati Sambhajinagar,Chhatrapati Sambhajinagar,Jalna,Partur,Partur,20094559,"120 Villages Extension Scheme for Works Not Considered in 173 GRID WSS and 95 GRID WSS Tq. Partur, Mantha and Jalna Dist: Jalna",Salgaon,1029,1,0.16,0.14,0.00,0.00,0.35,0.00,0.25,16.02,13.61,0.00,0.00,34.01,0.00,24.30,18-Aug,19-Aug,20-Aug,21-Aug,22-Aug,23-Aug,24-Aug,18-Aug,19-Aug,20-Aug,21-Aug,22-Aug,23-Aug,24-Aug,3,7,0
Chhatrapati Sambhajinagar,Chhatrapati Sambhajinagar,Jalna,Partur,Partur,20094559,"120 Villages Extension Scheme for Works Not Considered in 173 GRID WSS and 95 GRID WSS Tq. Partur, Mantha and Jalna Dist: Jalna",Soyajanna,1238,2,0.00,0.40,0.02,0.00,0.48,0.00,0.00,0.03,32.03,1.46,0.00,38.40,0.00,0.00,18-Aug,19-Aug,20-Aug,21-Aug,22-Aug,23-Aug,24-Aug,18-Aug,19-Aug,20-Aug,21-Aug,22-Aug,23-Aug,24-Aug,3,7,0
Chhatrapati Sambhajinagar,Chhatrapati Sambhajinagar,Jalna,Partur,Partur,20094559,"120 Villages Extension Scheme for Works Not Considered in 173 GRID WSS and 95 GRID WSS Tq. Partur, Mantha and Jalna Dist: Jalna",Singhona,2345,1,0.00,0.00,0.00,0.00,0.00,0.00,0.00,0.00,0.00,0.00,0.00,0.00,0.00,0.00,18-Aug,19-Aug,20-Aug,21-Aug,22-Aug,23-Aug,24-Aug,18-Aug,19-Aug,20-Aug,21-Aug,22-Aug,23-Aug,24-Aug,7,7,0
Chhatrapati Sambhajinagar,Chhatrapati Sambhajinagar,Jalna,Partur,Partur,20094559,"120 Villages Extension Scheme for Works Not Considered in 173 GRID WSS and 95 GRID WSS Tq. Partur, Mantha and Jalna Dist: Jalna",Likhitpimpri,1174,1,0.00,0.00,0.00,0.00,0.00,0.00,0.00,0.00,0.00,0.00,0.00,0.00,0.00,0.00,18-Aug,19-Aug,20-Aug,21-Aug,22-Aug,23-Aug,24-Aug,18-Aug,19-Aug,20-Aug,21-Aug,22-Aug,23-Aug,24-Aug,7,7,0
Chhatrapati Sambhajinagar,Chhatrapati Sambhajinagar,Jalna,Partur,Partur,20094559,"120 Villages Extension Scheme for Works Not Considered in 173 GRID WSS and 95 GRID WSS Tq. Partur, Mantha and Jalna Dist: Jalna",Watur Fata,4297,1,0.00,0.00,0.00,0.00,0.00,0.00,0.00,0.00,0.00,0.00,0.00,0.00,0.00,0.00,18-Aug,19-Aug,20-Aug,21-Aug,22-Aug,23-Aug,24-Aug,18-Aug,19-Aug,20-Aug,21-Aug,22-Aug,23-Aug,24-Aug,7,7,0
Chhatrapati Sambhajinagar,Chhatrapati Sambhajinagar,Jalna,Partur,Partur,20094559,"120 Villages Extension Scheme for Works Not Considered in 173 GRID WSS and 95 GRID WSS Tq. Partur, Mantha and Jalna Dist: Jalna",Yenora,2262,1,0.00,0.00,0.00,0.00,0.00,0.00,0.00,0.00,0.00,0.00,0.00,0.00,0.00,0.00,18-Aug,19-Aug,20-Aug,21-Aug,22-Aug,23-Aug,24-Aug,18-Aug,19-Aug,20-Aug,21-Aug,22-Aug,23-Aug,24-Aug,7,7,0
Chhatrapati Sambhajinagar,Chhatrapati Sambhajinagar,Jalna,Partur,Partur,20094559,"120 Villages Extension Scheme for Works Not Considered in 173 GRID WSS and 95 GRID WSS Tq. Partur, Mantha and Jalna Dist: Jalna",Bramhanwadi,1563,1,,0.00,0.23,0.00,0.01,1.15,0.65,,0.00,14.63,0.00,0.68,73.56,41.58,18-Aug,19-Aug,20-Aug,21-Aug,22-Aug,23-Aug,24-Aug,18-Aug,19-Aug,20-Aug,21-Aug,22-Aug,23-Aug,24-Aug,2,5,1
Chhatrapati Sambhajinagar,Chhatrapati Sambhajinagar,Jalna,Partur,Partur,20094559,"120 Villages Extension Scheme for Works Not Considered in 173 GRID WSS and 95 GRID WSS Tq. Partur, Mantha and Jalna Dist: Jalna",Hastur Tanda,1454,1,,0.00,0.00,0.00,0.00,0.00,0.00,,0.00,0.00,0.00,0.00,0.00,0.00,18-Aug,19-Aug,20-Aug,21-Aug,22-Aug,23-Aug,24-Aug,18-Aug,19-Aug,20-Aug,21-Aug,22-Aug,23-Aug,24-Aug,6,6,0
Chhatrapati Sambhajinagar,Chhatrapati Sambhajinagar,Jalna,Partur,Partur,20094559,"120 Villages Extension Scheme for Works Not Considered in 173 GRID WSS and 95 GRID WSS Tq. Partur, Mantha and Jalna Dist: Jalna",Raigavan,1839,1,0.00,0.00,0.00,0.00,0.00,0.00,0.00,0.00,0.00,0.00,0.00,0.00,0.00,0.00,18-Aug,19-Aug,20-Aug,21-Aug,22-Aug,23-Aug,24-Aug,18-Aug,19-Aug,20-Aug,21-Aug,22-Aug,23-Aug,24-Aug,7,7,0
Chhatrapati Sambhajinagar,Chhatrapati Sambhajinagar,Jalna,Partur,Partur,20094559,"120 Villages Extension Scheme for Works Not Considered in 173 GRID WSS and 95 GRID WSS Tq. Partur, Mantha and Jalna Dist: Jalna",Anandwadi,2333,1,,0.00,0.00,0.00,0.00,0.00,0.00,,0.00,0.00,0.00,0.00,0.00,0.00,18-Aug,19-Aug,20-Aug,21-Aug,22-Aug,23-Aug,24-Aug,18-Aug,19-Aug,20-Aug,21-Aug,22-Aug,23-Aug,24-Aug,6,6,0
Chhatrapati Sambhajinagar,Chhatrapati Sambhajinagar,Jalna,Partur,Partur,20094559,"120 Villages Extension Scheme for Works Not Considered in 173 GRID WSS and 95 GRID WSS Tq. Partur, Mantha and Jalna Dist: Jalna",Ganeshpur (Hanwadi),289,1,0.01,0.00,0.15,0.04,0.08,0.00,0.00,2.49,0.59,51.09,12.99,27.55,0.12,1.10,18-Aug,19-Aug,20-Aug,21-Aug,22-Aug,23-Aug,24-Aug,18-Aug,19-Aug,20-Aug,21-Aug,22-Aug,23-Aug,24-Aug,0,7,0
Chhatrapati Sambhajinagar,Chhatrapati Sambhajinagar,Jalna,Partur,Partur,20094559,"120 Villages Extension Scheme for Works Not Considered in 173 GRID WSS and 95 GRID WSS Tq. Partur, Mantha and Jalna Dist: Jalna",Walkhed,1443,1,,0.00,0.00,0.00,0.00,0.00,0.00,,0.00,0.11,0.21,0.00,0.04,0.00,18-Aug,19-Aug,20-Aug,21-Aug,22-Aug,23-Aug,24-Aug,18-Aug,19-Aug,20-Aug,21-Aug,22-Aug,23-Aug,24-Aug,3,6,0
Chhatrapati Sambhajinagar,Chhatrapati Sambhajinagar,Jalna,Partur,Partur,20094559,"120 Villages Extension Scheme for Works Not Considered in 173 GRID WSS and 95 GRID WSS Tq. Partur, Mantha and Jalna Dist: Jalna",Dhokmal Tanda,1058,1,,0.00,0.00,0.00,1.24,0.00,0.00,,0.00,0.00,0.00,117.20,0.00,0.00,18-Aug,19-Aug,20-Aug,21-Aug,22-Aug,23-Aug,24-Aug,18-Aug,19-Aug,20-Aug,21-Aug,22-Aug,23-Aug,24-Aug,5,5,1
Chhatrapati Sambhajinagar,Chhatrapati Sambhajinagar,Jalna,Partur,Partur,20094559,"120 Villages Extension Scheme for Works Not Considered in 173 GRID WSS and 95 GRID WSS Tq. Partur, Mantha and Jalna Dist: Jalna",Varphalwadi,1029,1,,0.09,1.44,0.07,1.46,0.10,1.48,,8.75,139.55,6.80,141.95,9.72,143.62,18-Aug,19-Aug,20-Aug,21-Aug,22-Aug,23-Aug,24-Aug,18-Aug,19-Aug,20-Aug,21-Aug,22-Aug,23-Aug,24-Aug,0,3,3
Chhatrapati Sambhajinagar,Chhatrapati Sambhajinagar,Jalna,Partur,Partur,20094559,"120 Villages Extension Scheme for Works Not Considered in 173 GRID WSS and 95 GRID WSS Tq. Partur, Mantha and Jalna Dist: Jalna",Varphal,3649,1,,0.00,0.00,0.00,0.00,0.00,0.00,,0.00,0.00,0.00,0.00,0.00,0.00,18-Aug,19-Aug,20-Aug,21-Aug,22-Aug,23-Aug,24-Aug,18-Aug,19-Aug,20-Aug,21-Aug,22-Aug,23-Aug,24-Aug,6,6,0
Chhatrapati Sambhajinagar,Chhatrapati Sambhajinagar,Jalna,Partur,Partur,20094559,"120 Villages Extension Scheme for Works Not Considered in 173 GRID WSS and 95 GRID WSS Tq. Partur, Mantha and Jalna Dist: Jalna",Hatadi,1759,1,,0.00,0.00,0.00,0.00,0.00,0.00,,0.00,0.00,0.00,0.00,0.00,0.00,18-Aug,19-Aug,20-Aug,21-Aug,22-Aug,23-Aug,24-Aug,18-Aug,19-Aug,20-Aug,21-Aug,22-Aug,23-Aug,24-Aug,6,6,0
Chhatrapati Sambhajinagar,Chhatrapati Sambhajinagar,Jalna,Partur,Partur,20094559,"120 Villages Extension Scheme for Works Not Considered in 173 GRID WSS and 95 GRID WSS Tq. Partur, Mantha and Jalna Dist: Jalna",Shreshti Tanda,574,1,0.00,0.00,0.00,0.00,0.00,0.00,0.00,0.00,0.00,0.00,0.00,0.00,0.00,0.00,18-Aug,19-Aug,20-Aug,21-Aug,22-Aug,23-Aug,24-Aug,18-Aug,19-Aug,20-Aug,21-Aug,22-Aug,23-Aug,24-Aug,7,7,0
Chhatrapati Sambhajinagar,Chhatrapati Sambhajinagar,Jalna,Partur,Partur,20094559,"120 Villages Extension Scheme for Works Not Considered in 173 GRID WSS and 95 GRID WSS Tq. Partur, Mantha and Jalna Dist: Jalna",Shreshti,2637,1,,0.00,0.00,0.00,0.00,0.00,0.00,,0.05,0.18,0.10,0.07,0.12,0.09,18-Aug,19-Aug,20-Aug,21-Aug,22-Aug,23-Aug,24-Aug,18-Aug,19-Aug,20-Aug,21-Aug,22-Aug,23-Aug,24-Aug,0,6,0
Chhatrapati Sambhajinagar,Chhatrapati Sambhajinagar,Jalna,Partur,Partur,20094559,"120 Villages Extension Scheme for Works Not Considered in 173 GRID WSS and 95 GRID WSS Tq. Partur, Mantha and Jalna Dist: Jalna",Daithana (bk),1363,1,,0.18,0.05,0.00,0.00,0.41,0.00,,13.19,3.92,0.02,0.00,30.02,0.07,18-Aug,19-Aug,20-Aug,21-Aug,22-Aug,23-Aug,24-Aug,18-Aug,19-Aug,20-Aug,21-Aug,22-Aug,23-Aug,24-Aug,1,6,0
Chhatrapati Sambhajinagar,Chhatrapati Sambhajinagar,Jalna,Partur,Partur,20094559,"120 Villages Extension Scheme for Works Not Considered in 173 GRID WSS and 95 GRID WSS Tq. Partur, Mantha and Jalna Dist: Jalna",Kawajawala,1582,1,,0.00,0.00,0.00,0.00,0.00,0.00,,0.00,0.00,0.00,0.00,0.00,0.00,18-Aug,19-Aug,20-Aug,21-Aug,22-Aug,23-Aug,24-Aug,18-Aug,19-Aug,20-Aug,21-Aug,22-Aug,23-Aug,24-Aug,6,6,0
Chhatrapati Sambhajinagar,Chhatrapati Sambhajinagar,Jalna,Partur,Partur,20094559,"120 Villages Extension Scheme for Works Not Considered in 173 GRID WSS and 95 GRID WSS Tq. Partur, Mantha and Jalna Dist: Jalna",Rohina (Bk),953,1,,0.00,0.00,0.00,0.00,0.00,0.00,,0.00,0.00,0.00,0.00,0.00,0.00,18-Aug,19-Aug,20-Aug,21-Aug,22-Aug,23-Aug,24-Aug,18-Aug,19-Aug,20-Aug,21-Aug,22-Aug,23-Aug,24-Aug,6,6,0
Chhatrapati Sambhajinagar,Chhatrapati Sambhajinagar,Jalna,Partur,Partur,20094559,"120 Villages Extension Scheme for Works Not Considered in 173 GRID WSS and 95 GRID WSS Tq. Partur, Mantha and Jalna Dist: Jalna",Khandvi,2404,1,,0.00,0.00,0.00,0.00,0.00,0.00,,0.00,0.00,0.00,0.00,0.00,0.00,18-Aug,19-Aug,20-Aug,21-Aug,22-Aug,23-Aug,24-Aug,18-Aug,19-Aug,20-Aug,21-Aug,22-Aug,23-Aug,24-Aug,6,6,0
Chhatrapati Sambhajinagar,Chhatrapati Sambhajinagar,Jalna,Partur,Partur,20094559,"120 Villages Extension Scheme for Works Not Considered in 173 GRID WSS and 95 GRID WSS Tq. Partur, Mantha and Jalna Dist: Jalna",Pimprula (bk),1111,1,,0.00,0.00,0.00,0.00,0.00,0.00,,0.00,0.00,0.00,0.00,0.00,0.00,18-Aug,19-Aug,20-Aug,21-Aug,22-Aug,23-Aug,24-Aug,18-Aug,19-Aug,20-Aug,21-Aug,22-Aug,23-Aug,24-Aug,6,6,0
Chhatrapati Sambhajinagar,Chhatrapati Sambhajinagar,Jalna,Partur,Partur,20094559,"120 Villages Extension Scheme for Works Not Considered in 173 GRID WSS and 95 GRID WSS Tq. Partur, Mantha and Jalna Dist: Jalna",Rohina Kh,2293,1,,0.00,0.00,0.00,0.00,0.00,0.00,,0.00,0.00,0.00,0.00,0.00,0.00,18-Aug,19-Aug,20-Aug,21-Aug,22-Aug,23-Aug,24-Aug,18-Aug,19-Aug,20-Aug,21-Aug,22-Aug,23-Aug,24-Aug,6,6,0
Chhatrapati Sambhajinagar,Chhatrapati Sambhajinagar,Jalna,Partur,Partur,20094559,"120 Villages Extension Scheme for Works Not Considered in 173 GRID WSS and 95 GRID WSS Tq. Partur, Mantha and Jalna Dist: Jalna",Raniwahegaon,1131,1,,0.75,0.43,0.00,0.00,0.00,0.38,,66.59,38.33,0.00,0.00,0.00,33.76,18-Aug,19-Aug,20-Aug,21-Aug,22-Aug,23-Aug,24-Aug,18-Aug,19-Aug,20-Aug,21-Aug,22-Aug,23-Aug,24-Aug,3,5,1
Chhatrapati Sambhajinagar,Chhatrapati Sambhajinagar,Jalna,Partur,Partur,20094559,"120 Villages Extension Scheme for Works Not Considered in 173 GRID WSS and 95 GRID WSS Tq. Partur, Mantha and Jalna Dist: Jalna",Hatwan,1694,1,0.75,0.00,0.00,0.00,0.47,0.00,0.09,44.14,0.00,0.04,0.02,27.85,0.01,5.03,18-Aug,19-Aug,20-Aug,21-Aug,22-Aug,23-Aug,24-Aug,18-Aug,19-Aug,20-Aug,21-Aug,22-Aug,23-Aug,24-Aug,1,7,0
Chhatrapati Sambhajinagar,Chhatrapati Sambhajinagar,Jalna,Partur,Partur,20094559,"120 Villages Extension Scheme for Works Not Considered in 173 GRID WSS and 95 GRID WSS Tq. Partur, Mantha and Jalna Dist: Jalna",Pimpali Dhamangaon,1892,1,0.97,0.52,0.93,0.92,0.47,1.20,0.89,51.23,27.58,49.31,48.44,24.86,63.43,47.03,18-Aug,19-Aug,20-Aug,21-Aug,22-Aug,23-Aug,24-Aug,18-Aug,19-Aug,20-Aug,21-Aug,22-Aug,23-Aug,24-Aug,0,6,1
Chhatrapati Sambhajinagar,Chhatrapati Sambhajinagar,Jalna,Partur,Partur,20094559,"120 Villages Extension Scheme for Works Not Considered in 173 GRID WSS and 95 GRID WSS Tq. Partur, Mantha and Jalna Dist: Jalna",Waijoda,1365,1,,0.00,0.00,0.00,0.00,0.00,0.00,,0.00,0.00,0.00,0.00,0.00,0.00,18-Aug,19-Aug,20-Aug,21-Aug,22-Aug,23-Aug,24-Aug,18-Aug,19-Aug,20-Aug,21-Aug,22-Aug,23-Aug,24-Aug,6,6,0
Chhatrapati Sambhajinagar,Chhatrapati Sambhajinagar,Jalna,Partur,Partur,20094559,"120 Villages Extension Scheme for Works Not Considered in 173 GRID WSS and 95 GRID WSS Tq. Partur, Mantha and Jalna Dist: Jalna",Kokate Hatgaon,3363,2,,0.00,0.00,0.00,0.00,0.00,0.00,,0.00,0.00,0.00,0.00,0.00,0.00,18-Aug,19-Aug,20-Aug,21-Aug,22-Aug,23-Aug,24-Aug,18-Aug,19-Aug,20-Aug,21-Aug,22-Aug,23-Aug,24-Aug,6,6,0
Chhatrapati Sambhajinagar,Chhatrapati Sambhajinagar,Jalna,Partur,Partur,20094559,"120 Villages Extension Scheme for Works Not Considered in 173 GRID WSS and 95 GRID WSS Tq. Partur, Mantha and Jalna Dist: Jalna",Shelavda,521,1,0.00,0.00,0.00,0.00,0.00,0.00,0.00,0.00,0.00,0.00,0.00,0.00,0.00,0.00,18-Aug,19-Aug,20-Aug,21-Aug,22-Aug,23-Aug,24-Aug,18-Aug,19-Aug,20-Aug,21-Aug,22-Aug,23-Aug,24-Aug,7,7,0
Chhatrapati Sambhajinagar,Chhatrapati Sambhajinagar,Jalna,Partur,Partur,20094559,"120 Villages Extension Scheme for Works Not Considered in 173 GRID WSS and 95 GRID WSS Tq. Partur, Mantha and Jalna Dist: Jalna",Daithana Kh.,1844,1,,0.00,0.00,0.00,0.00,0.00,0.00,,0.00,0.00,0.00,0.00,0.00,0.00,18-Aug,19-Aug,20-Aug,21-Aug,22-Aug,23-Aug,24-Aug,18-Aug,19-Aug,20-Aug,21-Aug,22-Aug,23-Aug,24-Aug,6,6,0
Chhatrapati Sambhajinagar,Chhatrapati Sambhajinagar,Jalna,Partur,Partur,20094559,"120 Villages Extension Scheme for Works Not Considered in 173 GRID WSS and 95 GRID WSS Tq. Partur, Mantha and Jalna Dist: Jalna",Koregaon,1388,1,0.50,0.00,1.29,0.33,1.00,0.00,0.80,36.14,0.00,92.94,23.78,72.05,0.00,57.64,18-Aug,19-Aug,20-Aug,21-Aug,22-Aug,23-Aug,24-Aug,18-Aug,19-Aug,20-Aug,21-Aug,22-Aug,23-Aug,24-Aug,2,4,3
Chhatrapati Sambhajinagar,Chhatrapati Sambhajinagar,Jalna,Partur,Partur,20094559,"120 Villages Extension Scheme for Works Not Considered in 173 GRID WSS and 95 GRID WSS Tq. Partur, Mantha and Jalna Dist: Jalna",Wahegaon Satara,1417,1,,0.00,0.00,0.00,0.00,0.00,0.00,,0.00,0.00,0.00,0.00,0.00,0.00,18-Aug,19-Aug,20-Aug,21-Aug,22-Aug,23-Aug,24-Aug,18-Aug,19-Aug,20-Aug,21-Aug,22-Aug,23-Aug,24-Aug,6,6,0
Chhatrapati Sambhajinagar,Chhatrapati Sambhajinagar,Jalna,Partur,Partur,20094559,"120 Villages Extension Scheme for Works Not Considered in 173 GRID WSS and 95 GRID WSS Tq. Partur, Mantha and Jalna Dist: Jalna",Asangaon,1225,1,,0.00,0.14,0.11,0.00,0.00,0.17,,0.00,11.43,8.98,0.00,0.00,13.88,18-Aug,19-Aug,20-Aug,21-Aug,22-Aug,23-Aug,24-Aug,18-Aug,19-Aug,20-Aug,21-Aug,22-Aug,23-Aug,24-Aug,3,6,0
Chhatrapati Sambhajinagar,Chhatrapati Sambhajinagar,Jalna,Partur,Partur,20094559,"120 Villages Extension Scheme for Works Not Considered in 173 GRID WSS and 95 GRID WSS Tq. Partur, Mantha and Jalna Dist: Jalna",Satarawahegaon,1264,1,,0.00,0.00,0.00,0.00,0.00,0.00,,0.00,0.00,0.00,0.00,0.00,0.00,18-Aug,19-Aug,20-Aug,21-Aug,22-Aug,23-Aug,24-Aug,18-Aug,19-Aug,20-Aug,21-Aug,22-Aug,23-Aug,24-Aug,6,6,0
Chhatrapati Sambhajinagar,Chhatrapati Sambhajinagar,Jalna,Partur,Partur,20094559,"120 Villages Extension Scheme for Works Not Considered in 173 GRID WSS and 95 GRID WSS Tq. Partur, Mantha and Jalna Dist: Jalna",Sankanpuri,1994,1,,0.00,0.00,0.00,0.00,0.00,0.00,,0.00,0.00,0.00,0.00,0.00,0.00,18-Aug,19-Aug,20-Aug,21-Aug,22-Aug,23-Aug,24-Aug,18-Aug,19-Aug,20-Aug,21-Aug,22-Aug,23-Aug,24-Aug,6,6,0
Chhatrapati Sambhajinagar,Chhatrapati Sambhajinagar,Jalna,Partur,Partur,20094559,"120 Villages Extension Scheme for Works Not Considered in 173 GRID WSS and 95 GRID WSS Tq. Partur, Mantha and Jalna Dist: Jalna",Surumgaon,947,2,,0.00,0.00,0.00,0.00,0.00,0.00,,0.00,0.00,0.00,0.00,0.00,0.00,18-Aug,19-Aug,20-Aug,21-Aug,22-Aug,23-Aug,24-Aug,18-Aug,19-Aug,20-Aug,21-Aug,22-Aug,23-Aug,24-Aug,6,6,0
Chhatrapati Sambhajinagar,Chhatrapati Sambhajinagar,Jalna,Partur,Partur,20094559,"120 Villages Extension Scheme for Works Not Considered in 173 GRID WSS and 95 GRID WSS Tq. Partur, Mantha and Jalna Dist: Jalna",Mapegaon KH,1293,1,,0.00,0.00,0.00,0.00,0.00,0.00,,0.00,0.00,0.00,0.00,0.00,0.00,18-Aug,19-Aug,20-Aug,21-Aug,22-Aug,23-Aug,24-Aug,18-Aug,19-Aug,20-Aug,21-Aug,22-Aug,23-Aug,24-Aug,6,6,0
Chhatrapati Sambhajinagar,Chhatrapati Sambhajinagar,Jalna,Partur,Partur,20094559,"120 Villages Extension Scheme for Works Not Considered in 173 GRID WSS and 95 GRID WSS Tq. Partur, Mantha and Jalna Dist: Jalna",Devala,1141,1,,0.35,0.28,0.26,0.05,0.46,0.00,,30.67,24.54,22.79,4.38,40.32,0.00,18-Aug,19-Aug,20-Aug,21-Aug,22-Aug,23-Aug,24-Aug,18-Aug,19-Aug,20-Aug,21-Aug,22-Aug,23-Aug,24-Aug,1,6,0
Chhatrapati Sambhajinagar,Chhatrapati Sambhajinagar,Jalna,Partur,Partur,20094559,"120 Villages Extension Scheme for Works Not Considered in 173 GRID WSS and 95 GRID WSS Tq. Partur, Mantha and Jalna Dist: Jalna",Patoda Mav,2967,1,,0.00,0.00,0.00,0.00,0.00,0.00,,0.00,0.00,0.00,0.00,0.00,0.00,18-Aug,19-Aug,20-Aug,21-Aug,22-Aug,23-Aug,24-Aug,18-Aug,19-Aug,20-Aug,21-Aug,22-Aug,23-Aug,24-Aug,6,6,0
Chhatrapati Sambhajinagar,Chhatrapati Sambhajinagar,Jalna,Partur,Partur,20094559,"120 Villages Extension Scheme for Works Not Considered in 173 GRID WSS and 95 GRID WSS Tq. Partur, Mantha and Jalna Dist: Jalna",Khandviwadi,1823,1,,0.00,0.00,0.00,0.00,0.00,0.00,,0.00,0.00,0.00,0.00,0.00,0.00,18-Aug,19-Aug,20-Aug,21-Aug,22-Aug,23-Aug,24-Aug,18-Aug,19-Aug,20-Aug,21-Aug,22-Aug,23-Aug,24-Aug,6,6,0
Chhatrapati Sambhajinagar,Chhatrapati Sambhajinagar,Jalna,Partur,Partur,20094559,"120 Villages Extension Scheme for Works Not Considered in 173 GRID WSS and 95 GRID WSS Tq. Partur, Mantha and Jalna Dist: Jalna",Babai,1088,1,,0.40,0.32,0.28,1.78,0.47,0.28,,36.97,29.16,25.71,163.72,43.44,25.39,18-Aug,19-Aug,20-Aug,21-Aug,22-Aug,23-Aug,24-Aug,18-Aug,19-Aug,20-Aug,21-Aug,22-Aug,23-Aug,24-Aug,0,5,1
Chhatrapati Sambhajinagar,Chhatrapati Sambhajinagar,Jalna,Partur,Partur,20094559,"120 Villages Extension Scheme for Works Not Considered in 173 GRID WSS and 95 GRID WSS Tq. Partur, Mantha and Jalna Dist: Jalna",Karhala,2429,1,,0.00,0.00,0.00,0.00,0.00,0.00,,0.00,0.00,0.00,0.00,0.00,0.00,18-Aug,19-Aug,20-Aug,21-Aug,22-Aug,23-Aug,24-Aug,18-Aug,19-Aug,20-Aug,21-Aug,22-Aug,23-Aug,24-Aug,6,6,0
Chhatrapati Sambhajinagar,Chhatrapati Sambhajinagar,Jalna,Partur,Partur,20094559,"120 Villages Extension Scheme for Works Not Considered in 173 GRID WSS and 95 GRID WSS Tq. Partur, Mantha and Jalna Dist: Jalna",Lingsa,2168,1,,0.00,0.00,0.00,0.00,0.00,0.00,,0.00,0.00,0.00,0.00,0.00,0.00,18-Aug,19-Aug,20-Aug,21-Aug,22-Aug,23-Aug,24-Aug,18-Aug,19-Aug,20-Aug,21-Aug,22-Aug,23-Aug,24-Aug,6,6,0
Chhatrapati Sambhajinagar,Chhatrapati Sambhajinagar,Jalna,Partur,Partur,20094559,"120 Villages Extension Scheme for Works Not Considered in 173 GRID WSS and 95 GRID WSS Tq. Partur, Mantha and Jalna Dist: Jalna",Takali Rangopant,1726,1,,0.00,0.00,0.00,0.00,0.00,0.00,,0.00,0.00,0.00,0.00,0.00,0.00,18-Aug,19-Aug,20-Aug,21-Aug,22-Aug,23-Aug,24-Aug,18-Aug,19-Aug,20-Aug,21-Aug,22-Aug,23-Aug,24-Aug,6,6,0
Chhatrapati Sambhajinagar,Chhatrapati Sambhajinagar,Jalna,Partur,Partur,20094559,"120 Villages Extension Scheme for Works Not Considered in 173 GRID WSS and 95 GRID WSS Tq. Partur, Mantha and Jalna Dist: Jalna",Amba,4701,1,,1.25,1.61,1.44,1.40,1.43,1.45,,26.62,34.28,30.63,29.78,30.41,30.90,18-Aug,19-Aug,20-Aug,21-Aug,22-Aug,23-Aug,24-Aug,18-Aug,19-Aug,20-Aug,21-Aug,22-Aug,23-Aug,24-Aug,0,6,0
Chhatrapati Sambhajinagar,Chhatrapati Sambhajinagar,Jalna,Partur,Partur,20094559,"120 Villages Extension Scheme for Works Not Considered in 173 GRID WSS and 95 GRID WSS Tq. Partur, Mantha and Jalna Dist: Jalna",Akoli,1067,1,,0.00,0.00,0.00,0.00,0.00,0.00,,0.00,0.00,0.00,0.00,0.00,0.00,18-Aug,19-Aug,20-Aug,21-Aug,22-Aug,23-Aug,24-Aug,18-Aug,19-Aug,20-Aug,21-Aug,22-Aug,23-Aug,24-Aug,6,6,0
Chhatrapati Sambhajinagar,Chhatrapati Sambhajinagar,Jalna,Partur,Partur,20094559,"120 Villages Extension Scheme for Works Not Considered in 173 GRID WSS and 95 GRID WSS Tq. Partur, Mantha and Jalna Dist: Jalna",Pokhari Takle,721,1,,0.00,0.00,0.00,0.00,0.00,0.00,,0.00,0.03,0.00,0.00,0.00,0.00,18-Aug,19-Aug,20-Aug,21-Aug,22-Aug,23-Aug,24-Aug,18-Aug,19-Aug,20-Aug,21-Aug,22-Aug,23-Aug,24-Aug,5,6,0
Chhatrapati Sambhajinagar,Chhatrapati Sambhajinagar,Jalna,Partur,Partur,20094559,"120 Villages Extension Scheme for Works Not Considered in 173 GRID WSS and 95 GRID WSS Tq. Partur, Mantha and Jalna Dist: Jalna",Babultara,1652,1,,0.00,0.00,0.00,0.00,0.00,0.00,,0.01,0.01,0.01,0.01,0.01,0.00,18-Aug,19-Aug,20-Aug,21-Aug,22-Aug,23-Aug,24-Aug,18-Aug,19-Aug,20-Aug,21-Aug,22-Aug,23-Aug,24-Aug,1,6,0
Chhatrapati Sambhajinagar,Chhatrapati Sambhajinagar,Jalna,Partur,Partur,20094559,"120 Villages Extension Scheme for Works Not Considered in 173 GRID WSS and 95 GRID WSS Tq. Partur, Mantha and Jalna Dist: Jalna",Pandepokhari,2434,1,0.03,0.19,0.00,0.01,0.00,0.00,0.00,1.22,7.99,0.08,0.33,0.07,0.09,0.04,18-Aug,19-Aug,20-Aug,21-Aug,22-Aug,23-Aug,24-Aug,18-Aug,19-Aug,20-Aug,21-Aug,22-Aug,23-Aug,24-Aug,0,7,0
Chhatrapati Sambhajinagar,Chhatrapati Sambhajinagar,Jalna,Partur,Partur,20094559,"120 Villages Extension Scheme for Works Not Considered in 173 GRID WSS and 95 GRID WSS Tq. Partur, Mantha and Jalna Dist: Jalna",Mav Patoda,1542,1,,0.00,0.00,0.00,0.00,0.00,0.00,,0.00,0.00,0.00,0.00,0.00,0.00,18-Aug,19-Aug,20-Aug,21-Aug,22-Aug,23-Aug,24-Aug,18-Aug,19-Aug,20-Aug,21-Aug,22-Aug,23-Aug,24-Aug,6,6,0
Chhatrapati Sambhajinagar,Chhatrapati Sambhajinagar,Jalna,Partur,Partur,20094559,"120 Villages Extension Scheme for Works Not Considered in 173 GRID WSS and 95 GRID WSS Tq. Partur, Mantha and Jalna Dist: Jalna",Masala,716,1,0.00,0.00,0.02,0.04,0.02,0.01,0.03,0.34,0.69,2.77,5.29,2.53,1.45,4.26,18-Aug,19-Aug,20-Aug,21-Aug,22-Aug,23-Aug,24-Aug,18-Aug,19-Aug,20-Aug,21-Aug,22-Aug,23-Aug,24-Aug,0,7,0
Chhatrapati Sambhajinagar,Chhatrapati Sambhajinagar,Jalna,Partur,Partur,20094559,"120 Villages Extension Scheme for Works Not Considered in 173 GRID WSS and 95 GRID WSS Tq. Partur, Mantha and Jalna Dist: Jalna",Sirasgaon,1422,1,0.00,0.00,0.00,0.00,0.00,0.00,0.00,0.00,0.00,0.00,0.00,0.00,0.00,0.00,18-Aug,19-Aug,20-Aug,21-Aug,22-Aug,23-Aug,24-Aug,18-Aug,19-Aug,20-Aug,21-Aug,22-Aug,23-Aug,24-Aug,7,7,0
Chhatrapati Sambhajinagar,Chhatrapati Sambhajinagar,Jalna,Partur,Partur,20094559,"120 Villages Extension Scheme for Works Not Considered in 173 GRID WSS and 95 GRID WSS Tq. Partur, Mantha and Jalna Dist: Jalna",Raipur,607,1,0.00,0.00,0.01,0.01,0.01,0.01,0.01,0.08,0.00,1.36,1.79,1.94,1.89,1.57,18-Aug,19-Aug,20-Aug,21-Aug,22-Aug,23-Aug,24-Aug,18-Aug,19-Aug,20-Aug,21-Aug,22-Aug,23-Aug,24-Aug,1,7,0
Chhatrapati Sambhajinagar,Chhatrapati Sambhajinagar,Jalna,Partur,Partur,20094559,"120 Villages Extension Scheme for Works Not Considered in 173 GRID WSS and 95 GRID WSS Tq. Partur, Mantha and Jalna Dist: Jalna",Bramhawadgaon,728,1,,0.00,0.00,0.00,0.00,0.00,0.00,,0.00,0.00,0.00,0.00,0.00,0.00,18-Aug,19-Aug,20-Aug,21-Aug,22-Aug,23-Aug,24-Aug,18-Aug,19-Aug,20-Aug,21-Aug,22-Aug,23-Aug,24-Aug,6,6,0
Chhatrapati Sambhajinagar,Chhatrapati Sambhajinagar,Jalna,Partur,Partur,20094559,"120 Villages Extension Scheme for Works Not Considered in 173 GRID WSS and 95 GRID WSS Tq. Partur, Mantha and Jalna Dist: Jalna",Khadki,481,1,0.00,0.00,0.00,0.00,0.00,0.00,0.00,0.00,0.00,0.00,0.00,0.00,0.00,0.00,18-Aug,19-Aug,20-Aug,21-Aug,22-Aug,23-Aug,24-Aug,18-Aug,19-Aug,20-Aug,21-Aug,22-Aug,23-Aug,24-Aug,7,7,0
Chhatrapati Sambhajinagar,Chhatrapati Sambhajinagar,Jalna,Partur,Partur,20094559,"120 Villages Extension Scheme for Works Not Considered in 173 GRID WSS and 95 GRID WSS Tq. Partur, Mantha and Jalna Dist: Jalna",Raniwahegaon 40P,452,1,,0.00,0.00,0.00,0.00,0.00,0.00,,0.01,0.00,0.02,0.04,0.00,0.03,18-Aug,19-Aug,20-Aug,21-Aug,22-Aug,23-Aug,24-Aug,18-Aug,19-Aug,20-Aug,21-Aug,22-Aug,23-Aug,24-Aug,2,6,0
Chhatrapati Sambhajinagar,Chhatrapati Sambhajinagar,Jalna,Partur,Partur,20094559,"120 Villages Extension Scheme for Works Not Considered in 173 GRID WSS and 95 GRID WSS Tq. Partur, Mantha and Jalna Dist: Jalna",Dahiphal Tanda,545,1,,0.00,0.00,0.00,0.00,0.00,0.00,,0.00,0.00,0.00,0.00,0.00,0.00,18-Aug,19-Aug,20-Aug,21-Aug,22-Aug,23-Aug,24-Aug,18-Aug,19-Aug,20-Aug,21-Aug,22-Aug,23-Aug,24-Aug,6,6,0
Chhatrapati Sambhajinagar,Chhatrapati Sambhajinagar,Jalna,Partur,Partur,20094559,"120 Villages Extension Scheme for Works Not Considered in 173 GRID WSS and 95 GRID WSS Tq. Partur, Mantha and Jalna Dist: Jalna",Ekrukha,325,1,,0.00,0.00,0.00,0.00,0.00,0.00,,0.00,0.00,0.00,0.00,0.00,0.00,18-Aug,19-Aug,20-Aug,21-Aug,22-Aug,23-Aug,24-Aug,18-Aug,19-Aug,20-Aug,21-Aug,22-Aug,23-Aug,24-Aug,6,6,0
Chhatrapati Sambhajinagar,Chhatrapati Sambhajinagar,Jalna,Partur,Partur,20094559,"120 Villages Extension Scheme for Works Not Considered in 173 GRID WSS and 95 GRID WSS Tq. Partur, Mantha and Jalna Dist: Jalna",Padli Pardhi,540,1,,0.00,0.00,0.00,0.00,0.00,0.00,,0.00,0.00,0.00,0.00,0.00,0.00,18-Aug,19-Aug,20-Aug,21-Aug,22-Aug,23-Aug,24-Aug,18-Aug,19-Aug,20-Aug,21-Aug,22-Aug,23-Aug,24-Aug,6,6,0
Chhatrapati Sambhajinagar,Chhatrapati Sambhajinagar,Jalna,Partur,Partur,20094559,"120 Villages Extension Scheme for Works Not Considered in 173 GRID WSS and 95 GRID WSS Tq. Partur, Mantha and Jalna Dist: Jalna",Banachiwadi,898,1,,0.00,0.00,0.00,0.00,0.00,0.00,,0.01,0.01,0.02,0.00,0.00,0.00,18-Aug,19-Aug,20-Aug,21-Aug,22-Aug,23-Aug,24-Aug,18-Aug,19-Aug,20-Aug,21-Aug,22-Aug,23-Aug,24-Aug,3,6,0
Chhatrapati Sambhajinagar,Chhatrapati Sambhajinagar,Jalna,Partur,Partur,20094559,"120 Villages Extension Scheme for Works Not Considered in 173 GRID WSS and 95 GRID WSS Tq. Partur, Mantha and Jalna Dist: Jalna",Wadarwadi,1117,1,,0.00,0.00,0.00,0.00,0.00,0.00,,0.02,0.01,0.01,0.01,0.01,0.01,18-Aug,19-Aug,20-Aug,21-Aug,22-Aug,23-Aug,24-Aug,18-Aug,19-Aug,20-Aug,21-Aug,22-Aug,23-Aug,24-Aug,0,6,0
Chhatrapati Sambhajinagar,Chhatrapati Sambhajinagar,Jalna,Partur,Partur,20094559,"120 Villages Extension Scheme for Works Not Considered in 173 GRID WSS and 95 GRID WSS Tq. Partur, Mantha and Jalna Dist: Jalna",Hareramnagar,377,1,,0.08,0.18,0.19,0.20,0.06,0.00,,21.87,47.56,50.54,52.31,15.34,0.43,18-Aug,19-Aug,20-Aug,21-Aug,22-Aug,23-Aug,24-Aug,18-Aug,19-Aug,20-Aug,21-Aug,22-Aug,23-Aug,24-Aug,0,6,0
Chhatrapati Sambhajinagar,Chhatrapati Sambhajinagar,Jalna,Partur,Partur,20094559,"120 Villages Extension Scheme for Works Not Considered in 173 GRID WSS and 95 GRID WSS Tq. Partur, Mantha and Jalna Dist: Jalna",Dolara,1422,1,,0.00,0.00,0.00,0.00,0.00,0.00,,0.00,0.00,0.00,0.00,0.00,0.00,18-Aug,19-Aug,20-Aug,21-Aug,22-Aug,23-Aug,24-Aug,18-Aug,19-Aug,20-Aug,21-Aug,22-Aug,23-Aug,24-Aug,6,6,0
Chhatrapati Sambhajinagar,Chhatrapati Sambhajinagar,Jalna,Partur,Partur,20094559,"120 Villages Extension Scheme for Works Not Considered in 173 GRID WSS and 95 GRID WSS Tq. Partur, Mantha and Jalna Dist: Jalna",Sawangi Gangakinara,1468,1,,0.00,0.00,0.00,0.00,0.00,0.00,,0.00,0.00,0.00,0.00,0.00,0.00,18-Aug,19-Aug,20-Aug,21-Aug,22-Aug,23-Aug,24-Aug,18-Aug,19-Aug,20-Aug,21-Aug,22-Aug,23-Aug,24-Aug,6,6,0
Chhatrapati Sambhajinagar,Chhatrapati Sambhajinagar,Jalna,Partur,Partur,20094559,"120 Villages Extension Scheme for Works Not Considered in 173 GRID WSS and 95 GRID WSS Tq. Partur, Mantha and Jalna Dist: Jalna",Landakdara,455,1,,30.65,50.68,104.55,232.07,262.92,231.69,,6736.26,11138.46,22978.02,51004.40,57784.62,50920.82,18-Aug,19-Aug,20-Aug,21-Aug,22-Aug,23-Aug,24-Aug,18-Aug,19-Aug,20-Aug,21-Aug,22-Aug,23-Aug,24-Aug,0,0,6
Chhatrapati Sambhajinagar,Chhatrapati Sambhajinagar,Jalna,Partur,Partur,20094559,"120 Villages Extension Scheme for Works Not Considered in 173 GRID WSS and 95 GRID WSS Tq. Partur, Mantha and Jalna Dist: Jalna",Phulwadi,1672,1,,0.12,0.07,0.36,0.09,0.01,0.03,,7.33,4.36,21.69,5.33,0.37,1.99,18-Aug,19-Aug,20-Aug,21-Aug,22-Aug,23-Aug,24-Aug,18-Aug,19-Aug,20-Aug,21-Aug,22-Aug,23-Aug,24-Aug,0,6,0
Chhatrapati Sambhajinagar,Chhatrapati Sambhajinagar,Jalna,Partur,Partur,20094559,"120 Villages Extension Scheme for Works Not Considered in 173 GRID WSS and 95 GRID WSS Tq. Partur, Mantha and Jalna Dist: Jalna",Wadhona Tanda,442,1,,0.00,0.00,0.00,0.00,0.00,0.00,,0.21,0.16,0.16,0.00,0.00,0.00,18-Aug,19-Aug,20-Aug,21-Aug,22-Aug,23-Aug,24-Aug,18-Aug,19-Aug,20-Aug,21-Aug,22-Aug,23-Aug,24-Aug,3,6,0
Chhatrapati Sambhajinagar,Latur,Latur,Chakur,Chakur,20030459,Rachnawadi 6 villages WSS,Her Village,6571,1,,0.00,0.00,0.00,0.00,0.00,1.75,,0.00,0.00,0.00,0.00,0.00,26.63,18-Aug,19-Aug,20-Aug,21-Aug,22-Aug,23-Aug,24-Aug,18-Aug,19-Aug,20-Aug,21-Aug,22-Aug,23-Aug,24-Aug,5,6,0
Chhatrapati Sambhajinagar,Latur,Latur,Chakur,Chakur,20030459,Rachnawadi 6 villages WSS,Rachnawadi,2228,1,,0.00,0.04,0.00,4.88,0.03,0.02,,0.00,1.74,0.00,219.03,1.41,0.73,18-Aug,19-Aug,20-Aug,21-Aug,22-Aug,23-Aug,24-Aug,18-Aug,19-Aug,20-Aug,21-Aug,22-Aug,23-Aug,24-Aug,2,5,1
Chhatrapati Sambhajinagar,Latur,Latur,Renapur,Renapur,20030820,Pangaon 10 villages WSS,Ghansargaon,2815,1,,0.00,0.00,0.00,0.00,0.00,0.00,,0.00,0.00,0.00,0.00,0.00,0.00,18-Aug,19-Aug,20-Aug,21-Aug,22-Aug,23-Aug,24-Aug,18-Aug,19-Aug,20-Aug,21-Aug,22-Aug,23-Aug,24-Aug,6,6,0
Chhatrapati Sambhajinagar,Latur,Latur,Renapur,Renapur,20030820,Pangaon 10 villages WSS,Kharoli,8990,2,0.00,9.43,7.85,4.97,0.00,0.00,0.00,0.00,104.85,87.37,55.28,0.00,0.00,0.00,18-Aug,19-Aug,20-Aug,21-Aug,22-Aug,23-Aug,24-Aug,18-Aug,19-Aug,20-Aug,21-Aug,22-Aug,23-Aug,24-Aug,4,4,3
Chhatrapati Sambhajinagar,Latur,Latur,Renapur,Renapur,20030820,Pangaon 10 villages WSS,Manusmarwadi,1629,1,,0.00,1.46,1.85,0.00,1.92,0.00,,0.00,89.63,113.57,0.00,117.86,0.00,18-Aug,19-Aug,20-Aug,21-Aug,22-Aug,23-Aug,24-Aug,18-Aug,19-Aug,20-Aug,21-Aug,22-Aug,23-Aug,24-Aug,3,3,3
Chhatrapati Sambhajinagar,Latur,Latur,Renapur,Renapur,20030820,Pangaon 10 villages WSS,Murdav,1765,1,,0.00,0.00,0.00,0.00,0.00,0.00,,0.00,0.00,0.00,0.00,0.00,0.00,18-Aug,19-Aug,20-Aug,21-Aug,22-Aug,23-Aug,24-Aug,18-Aug,19-Aug,20-Aug,21-Aug,22-Aug,23-Aug,24-Aug,6,6,0
Chhatrapati Sambhajinagar,Latur,Latur,Renapur,Renapur,20030820,Pangaon 10 villages WSS,Pangaon,13738,3,,0.91,5.45,3.95,0.00,0.00,0.00,,6.61,39.67,28.75,0.00,0.00,0.00,18-Aug,19-Aug,20-Aug,21-Aug,22-Aug,23-Aug,24-Aug,18-Aug,19-Aug,20-Aug,21-Aug,22-Aug,23-Aug,24-Aug,3,6,0
Chhatrapati Sambhajinagar,Latur,Latur,Shirur Anantpal,Shirur Anantpal,20030815,Sakol 7 villages WSS,Kanegaon,1604,1,,2.68,7.03,8.11,4.43,6.85,5.57,,166.81,438.33,505.61,275.96,426.79,347.19,18-Aug,19-Aug,20-Aug,21-Aug,22-Aug,23-Aug,24-Aug,18-Aug,19-Aug,20-Aug,21-Aug,22-Aug,23-Aug,24-Aug,0,0,6
Chhatrapati Sambhajinagar,Latur,Latur,Shirur Anantpal,Shirur Anantpal,20030815,Sakol 7 villages WSS,Sakol,8777,2,,6.08,2.58,2.29,4.56,2.90,0.77,,69.27,29.40,26.09,51.95,33.04,8.77,18-Aug,19-Aug,20-Aug,21-Aug,22-Aug,23-Aug,24-Aug,18-Aug,19-Aug,20-Aug,21-Aug,22-Aug,23-Aug,24-Aug,0,5,1
Chhatrapati Sambhajinagar,Latur,Latur,Shirur Anantpal,Shirur Anantpal,20030815,Sakol 7 villages WSS,Tripal,1086,1,,0.00,0.00,0.00,0.00,0.00,0.00,,0.00,0.00,0.00,0.00,0.00,0.00,18-Aug,19-Aug,20-Aug,21-Aug,22-Aug,23-Aug,24-Aug,18-Aug,19-Aug,20-Aug,21-Aug,22-Aug,23-Aug,24-Aug,6,6,0
Chhatrapati Sambhajinagar,Nanded,Nanded,Hadgaon,Hadgaon,20013969,Hadgaon and Himayatnagar 132 Village Grid WSS,Babhali,2273,1,,0.00,0.00,0.68,0.53,0.46,0.75,,0.00,0.00,30.01,23.32,20.24,33.00,18-Aug,19-Aug,20-Aug,21-Aug,22-Aug,23-Aug,24-Aug,18-Aug,19-Aug,20-Aug,21-Aug,22-Aug,23-Aug,24-Aug,2,6,0
Chhatrapati Sambhajinagar,Nanded,Nanded,Hadgaon,Hadgaon,20013969,Hadgaon and Himayatnagar 132 Village Grid WSS,Bamani,1117,1,,0.00,0.00,0.00,0.00,0.00,0.00,,0.00,0.00,0.00,0.00,0.00,0.00,18-Aug,19-Aug,20-Aug,21-Aug,22-Aug,23-Aug,24-Aug,18-Aug,19-Aug,20-Aug,21-Aug,22-Aug,23-Aug,24-Aug,6,6,0
Chhatrapati Sambhajinagar,Nanded,Nanded,Hadgaon,Hadgaon,20013969,Hadgaon and Himayatnagar 132 Village Grid WSS,Baradshewala,2360,2,,0.00,0.00,0.00,0.00,0.00,0.00,,0.00,0.00,0.00,0.00,0.00,0.00,18-Aug,19-Aug,20-Aug,21-Aug,22-Aug,23-Aug,24-Aug,18-Aug,19-Aug,20-Aug,21-Aug,22-Aug,23-Aug,24-Aug,6,6,0
Chhatrapati Sambhajinagar,Nanded,Nanded,Hadgaon,Hadgaon,20013969,Hadgaon and Himayatnagar 132 Village Grid WSS,Bhanegaon Tanda,971,1,,1.24,0.70,1.14,0.91,1.14,0.47,,127.70,72.09,117.40,93.72,117.40,48.40,18-Aug,19-Aug,20-Aug,21-Aug,22-Aug,23-Aug,24-Aug,18-Aug,19-Aug,20-Aug,21-Aug,22-Aug,23-Aug,24-Aug,0,1,5
Chhatrapati Sambhajinagar,Nanded,Nanded,Hadgaon,Hadgaon,20013969,Hadgaon and Himayatnagar 132 Village Grid WSS,Brahmanwadi,525,1,,0.00,0.00,0.00,0.00,0.00,0.00,,0.00,0.00,0.00,0.00,0.00,0.00,18-Aug,19-Aug,20-Aug,21-Aug,22-Aug,23-Aug,24-Aug,18-Aug,19-Aug,20-Aug,21-Aug,22-Aug,23-Aug,24-Aug,6,6,0
Chhatrapati Sambhajinagar,Nanded,Nanded,Hadgaon,Hadgaon,20013969,Hadgaon and Himayatnagar 132 Village Grid WSS,Chinchgawhan,2440,1,,0.00,0.00,0.00,0.00,0.08,0.11,,0.00,0.00,0.00,0.00,3.28,4.51,18-Aug,19-Aug,20-Aug,21-Aug,22-Aug,23-Aug,24-Aug,18-Aug,19-Aug,20-Aug,21-Aug,22-Aug,23-Aug,24-Aug,4,6,0
Chhatrapati Sambhajinagar,Nanded,Nanded,Hadgaon,Hadgaon,20013969,Hadgaon and Himayatnagar 132 Village Grid WSS,Dagadwadi,1225,1,,0.35,1.42,1.02,0.62,0.42,0.01,,28.57,115.92,83.27,50.61,34.29,0.82,18-Aug,19-Aug,20-Aug,21-Aug,22-Aug,23-Aug,24-Aug,18-Aug,19-Aug,20-Aug,21-Aug,22-Aug,23-Aug,24-Aug,0,4,2
Chhatrapati Sambhajinagar,Nanded,Nanded,Hadgaon,Hadgaon,20013969,Hadgaon and Himayatnagar 132 Village Grid WSS,Dhanora (Hastara),2529,1,,59.45,15.60,15.85,16.90,15.89,16.77,,2350.89,616.74,626.84,668.08,628.45,663.29,18-Aug,19-Aug,20-Aug,21-Aug,22-Aug,23-Aug,24-Aug,18-Aug,19-Aug,20-Aug,21-Aug,22-Aug,23-Aug,24-Aug,0,0,6
Chhatrapati Sambhajinagar,Nanded,Nanded,Hadgaon,Hadgaon,20013969,Hadgaon and Himayatnagar 132 Village Grid WSS,Dhanora (Tamsa),1380,1,,2.39,0.78,1.89,3.60,0.08,0.00,,173.19,56.52,136.96,260.87,5.80,0.00,18-Aug,19-Aug,20-Aug,21-Aug,22-Aug,23-Aug,24-Aug,18-Aug,19-Aug,20-Aug,21-Aug,22-Aug,23-Aug,24-Aug,1,2,4
Chhatrapati Sambhajinagar,Nanded,Nanded,Hadgaon,Hadgaon,20013969,Hadgaon and Himayatnagar 132 Village Grid WSS,Ekrala,1509,1,,0.00,0.00,0.00,0.00,0.00,0.00,,0.00,0.00,0.00,0.00,0.00,0.00,18-Aug,19-Aug,20-Aug,21-Aug,22-Aug,23-Aug,24-Aug,18-Aug,19-Aug,20-Aug,21-Aug,22-Aug,23-Aug,24-Aug,6,6,0
Chhatrapati Sambhajinagar,Nanded,Nanded,Hadgaon,Hadgaon,20013969,Hadgaon and Himayatnagar 132 Village Grid WSS,Gargavhan,264,1,,10.39,13.20,0.00,24.92,21.93,14.48,,3935.61,5000.82,0.00,9439.39,8306.82,5484.85,18-Aug,19-Aug,20-Aug,21-Aug,22-Aug,23-Aug,24-Aug,18-Aug,19-Aug,20-Aug,21-Aug,22-Aug,23-Aug,24-Aug,1,1,5
Chhatrapati Sambhajinagar,Nanded,Nanded,Hadgaon,Hadgaon,20013969,Hadgaon and Himayatnagar 132 Village Grid WSS,Ghogri,1237,1,,4.12,4.14,4.14,4.14,4.13,4.16,,333.06,334.68,334.68,334.68,333.87,336.30,18-Aug,19-Aug,20-Aug,21-Aug,22-Aug,23-Aug,24-Aug,18-Aug,19-Aug,20-Aug,21-Aug,22-Aug,23-Aug,24-Aug,0,0,6
Chhatrapati Sambhajinagar,Nanded,Nanded,Hadgaon,Hadgaon,20013969,Hadgaon and Himayatnagar 132 Village Grid WSS,Gorlegaon,2313,1,,0.00,0.00,0.00,0.00,0.00,0.00,,0.00,0.00,0.00,0.00,0.00,0.00,18-Aug,19-Aug,20-Aug,21-Aug,22-Aug,23-Aug,24-Aug,18-Aug,19-Aug,20-Aug,21-Aug,22-Aug,23-Aug,24-Aug,6,6,0
Chhatrapati Sambhajinagar,Nanded,Nanded,Hadgaon,Hadgaon,20013969,Hadgaon and Himayatnagar 132 Village Grid WSS,Hadsani,1944,1,,0.00,0.00,0.00,0.00,0.00,18.70,,0.00,0.00,0.00,0.00,0.00,961.93,18-Aug,19-Aug,20-Aug,21-Aug,22-Aug,23-Aug,24-Aug,18-Aug,19-Aug,20-Aug,21-Aug,22-Aug,23-Aug,24-Aug,5,5,1
Chhatrapati Sambhajinagar,Nanded,Nanded,Hadgaon,Hadgaon,20013969,Hadgaon and Himayatnagar 132 Village Grid WSS,Hardaf,2364,1,,0.00,0.00,0.00,0.00,0.00,0.00,,0.00,0.00,0.00,0.00,0.00,0.00,18-Aug,19-Aug,20-Aug,21-Aug,22-Aug,23-Aug,24-Aug,18-Aug,19-Aug,20-Aug,21-Aug,22-Aug,23-Aug,24-Aug,6,6,0
Chhatrapati Sambhajinagar,Nanded,Nanded,Hadgaon,Hadgaon,20013969,Hadgaon and Himayatnagar 132 Village Grid WSS,Kedarguda,1564,1,,10.83,25.69,25.39,9.21,12.49,25.53,,692.46,1642.35,1623.15,588.64,798.59,1632.08,18-Aug,19-Aug,20-Aug,21-Aug,22-Aug,23-Aug,24-Aug,18-Aug,19-Aug,20-Aug,21-Aug,22-Aug,23-Aug,24-Aug,0,0,6
Chhatrapati Sambhajinagar,Nanded,Nanded,Hadgaon,Hadgaon,20013969,Hadgaon and Himayatnagar 132 Village Grid WSS,Kharbi,1461,1,,2.31,0.92,1.48,0.88,3.08,1.19,,157.77,62.97,101.30,60.23,210.81,81.45,18-Aug,19-Aug,20-Aug,21-Aug,22-Aug,23-Aug,24-Aug,18-Aug,19-Aug,20-Aug,21-Aug,22-Aug,23-Aug,24-Aug,0,0,6
Chhatrapati Sambhajinagar,Nanded,Nanded,Hadgaon,Hadgaon,20013969,Hadgaon and Himayatnagar 132 Village Grid WSS,Kolgaon,752,1,,0.00,0.00,0.00,0.00,0.00,0.00,,0.00,0.00,0.00,0.00,0.00,0.00,18-Aug,19-Aug,20-Aug,21-Aug,22-Aug,23-Aug,24-Aug,18-Aug,19-Aug,20-Aug,21-Aug,22-Aug,23-Aug,24-Aug,6,6,0
Chhatrapati Sambhajinagar,Nanded,Nanded,Hadgaon,Hadgaon,20013969,Hadgaon and Himayatnagar 132 Village Grid WSS,Koli,3873,1,,0.00,0.00,0.00,0.00,0.00,0.00,,0.00,0.00,0.00,0.00,0.00,0.00,18-Aug,19-Aug,20-Aug,21-Aug,22-Aug,23-Aug,24-Aug,18-Aug,19-Aug,20-Aug,21-Aug,22-Aug,23-Aug,24-Aug,6,6,0
Chhatrapati Sambhajinagar,Nanded,Nanded,Hadgaon,Hadgaon,20013969,Hadgaon and Himayatnagar 132 Village Grid WSS,Krushnapur,664,1,,0.00,0.00,0.00,0.00,0.00,0.00,,0.00,0.00,0.00,0.00,0.00,0.00,18-Aug,19-Aug,20-Aug,21-Aug,22-Aug,23-Aug,24-Aug,18-Aug,19-Aug,20-Aug,21-Aug,22-Aug,23-Aug,24-Aug,6,6,0
Chhatrapati Sambhajinagar,Nanded,Nanded,Hadgaon,Hadgaon,20013969,Hadgaon and Himayatnagar 132 Village Grid WSS,Loha,2244,1,1.83,0.00,0.00,0.00,0.00,0.00,0.00,81.47,0.00,0.00,0.00,0.00,0.00,0.00,18-Aug,19-Aug,20-Aug,21-Aug,22-Aug,23-Aug,24-Aug,18-Aug,19-Aug,20-Aug,21-Aug,22-Aug,23-Aug,24-Aug,6,6,1
Chhatrapati Sambhajinagar,Nanded,Nanded,Hadgaon,Hadgaon,20013969,Hadgaon and Himayatnagar 132 Village Grid WSS,Mahatala,1569,1,,0.00,0.00,0.00,0.00,0.00,0.00,,0.00,0.00,0.00,0.00,0.00,0.00,18-Aug,19-Aug,20-Aug,21-Aug,22-Aug,23-Aug,24-Aug,18-Aug,19-Aug,20-Aug,21-Aug,22-Aug,23-Aug,24-Aug,6,6,0
Chhatrapati Sambhajinagar,Nanded,Nanded,Hadgaon,Hadgaon,20013969,Hadgaon and Himayatnagar 132 Village Grid WSS,Malzara,2202,1,,0.00,0.00,0.00,0.00,0.00,0.00,,0.00,0.00,0.00,0.00,0.00,0.00,18-Aug,19-Aug,20-Aug,21-Aug,22-Aug,23-Aug,24-Aug,18-Aug,19-Aug,20-Aug,21-Aug,22-Aug,23-Aug,24-Aug,6,6,0
Chhatrapati Sambhajinagar,Nanded,Nanded,Hadgaon,Hadgaon,20013969,Hadgaon and Himayatnagar 132 Village Grid WSS,Mardga,3172,1,,0.02,3.31,2.85,1.21,0.75,0.49,,0.63,104.35,89.85,38.15,23.64,15.45,18-Aug,19-Aug,20-Aug,21-Aug,22-Aug,23-Aug,24-Aug,18-Aug,19-Aug,20-Aug,21-Aug,22-Aug,23-Aug,24-Aug,0,4,2
Chhatrapati Sambhajinagar,Nanded,Nanded,Hadgaon,Hadgaon,20013969,Hadgaon and Himayatnagar 132 Village Grid WSS,Nevri,2518,1,0.00,0.00,0.00,0.00,0.00,0.00,0.00,0.00,0.00,0.00,0.00,0.00,0.00,0.00,18-Aug,19-Aug,20-Aug,21-Aug,22-Aug,23-Aug,24-Aug,18-Aug,19-Aug,20-Aug,21-Aug,22-Aug,23-Aug,24-Aug,7,7,0
Chhatrapati Sambhajinagar,Nanded,Nanded,Hadgaon,Hadgaon,20013969,Hadgaon and Himayatnagar 132 Village Grid WSS,Newarwadi,1251,1,,0.00,0.00,0.00,0.00,0.00,0.00,,0.00,0.00,0.00,0.00,0.00,0.00,18-Aug,19-Aug,20-Aug,21-Aug,22-Aug,23-Aug,24-Aug,18-Aug,19-Aug,20-Aug,21-Aug,22-Aug,23-Aug,24-Aug,6,6,0
Chhatrapati Sambhajinagar,Nanded,Nanded,Hadgaon,Hadgaon,20013969,Hadgaon and Himayatnagar 132 Village Grid WSS,Niwdha,8189,1,,0.00,0.00,0.00,0.00,0.00,0.00,,0.00,0.00,0.00,0.00,0.00,0.00,18-Aug,19-Aug,20-Aug,21-Aug,22-Aug,23-Aug,24-Aug,18-Aug,19-Aug,20-Aug,21-Aug,22-Aug,23-Aug,24-Aug,6,6,0
Chhatrapati Sambhajinagar,Nanded,Nanded,Hadgaon,Hadgaon,20013969,Hadgaon and Himayatnagar 132 Village Grid WSS,Niwla,1510,1,,17.33,24.72,20.68,18.38,13.83,6.54,,1147.97,1637.09,1369.46,1217.53,915.78,432.86,18-Aug,19-Aug,20-Aug,21-Aug,22-Aug,23-Aug,24-Aug,18-Aug,19-Aug,20-Aug,21-Aug,22-Aug,23-Aug,24-Aug,0,0,6
Chhatrapati Sambhajinagar,Nanded,Nanded,Hadgaon,Hadgaon,20013969,Hadgaon and Himayatnagar 132 Village Grid WSS,Palsa,3436,1,,0.00,0.00,0.10,0.11,0.00,0.53,,0.00,0.00,2.91,3.20,0.00,15.42,18-Aug,19-Aug,20-Aug,21-Aug,22-Aug,23-Aug,24-Aug,18-Aug,19-Aug,20-Aug,21-Aug,22-Aug,23-Aug,24-Aug,3,6,0
Chhatrapati Sambhajinagar,Nanded,Nanded,Hadgaon,Hadgaon,20013969,Hadgaon and Himayatnagar 132 Village Grid WSS,Pangri (Manatha),772,1,,0.00,0.00,0.00,0.00,0.00,0.00,,0.00,0.00,0.00,0.00,0.00,0.00,18-Aug,19-Aug,20-Aug,21-Aug,22-Aug,23-Aug,24-Aug,18-Aug,19-Aug,20-Aug,21-Aug,22-Aug,23-Aug,24-Aug,6,6,0
Chhatrapati Sambhajinagar,Nanded,Nanded,Hadgaon,Hadgaon,20013969,Hadgaon and Himayatnagar 132 Village Grid WSS,Pingli,460,1,,0.00,0.49,1.45,1.38,1.50,1.06,,0.00,106.52,315.22,300.00,326.09,230.43,18-Aug,19-Aug,20-Aug,21-Aug,22-Aug,23-Aug,24-Aug,18-Aug,19-Aug,20-Aug,21-Aug,22-Aug,23-Aug,24-Aug,1,1,5
Chhatrapati Sambhajinagar,Nanded,Nanded,Hadgaon,Hadgaon,20013969,Hadgaon and Himayatnagar 132 Village Grid WSS,Rawangaon (Manatha),1463,1,,0.00,0.00,0.00,0.00,0.00,0.00,,0.00,0.00,0.00,0.00,0.00,0.00,18-Aug,19-Aug,20-Aug,21-Aug,22-Aug,23-Aug,24-Aug,18-Aug,19-Aug,20-Aug,21-Aug,22-Aug,23-Aug,24-Aug,6,6,0
Chhatrapati Sambhajinagar,Nanded,Nanded,Hadgaon,Hadgaon,20013969,Hadgaon and Himayatnagar 132 Village Grid WSS,Rui,3670,1,,0.00,0.00,0.00,0.00,0.00,0.00,,0.00,0.00,0.00,0.00,0.00,0.00,18-Aug,19-Aug,20-Aug,21-Aug,22-Aug,23-Aug,24-Aug,18-Aug,19-Aug,20-Aug,21-Aug,22-Aug,23-Aug,24-Aug,6,6,0
Chhatrapati Sambhajinagar,Nanded,Nanded,Hadgaon,Hadgaon,20013969,Hadgaon and Himayatnagar 132 Village Grid WSS,Sapti,2440,1,,0.00,0.00,0.00,0.00,0.00,0.00,,0.00,0.00,0.00,0.00,0.00,0.00,18-Aug,19-Aug,20-Aug,21-Aug,22-Aug,23-Aug,24-Aug,18-Aug,19-Aug,20-Aug,21-Aug,22-Aug,23-Aug,24-Aug,6,6,0
Chhatrapati Sambhajinagar,Nanded,Nanded,Hadgaon,Hadgaon,20013969,Hadgaon and Himayatnagar 132 Village Grid WSS,Sawargaon,4448,1,,0.00,0.00,0.00,0.00,0.00,0.00,,0.00,0.00,0.00,0.00,0.00,0.00,18-Aug,19-Aug,20-Aug,21-Aug,22-Aug,23-Aug,24-Aug,18-Aug,19-Aug,20-Aug,21-Aug,22-Aug,23-Aug,24-Aug,6,6,0
Chhatrapati Sambhajinagar,Nanded,Nanded,Hadgaon,Hadgaon,20013969,Hadgaon and Himayatnagar 132 Village Grid WSS,Shendan,526,1,,0.00,0.00,0.00,0.00,0.00,0.00,,0.00,0.00,0.00,0.00,0.00,0.00,18-Aug,19-Aug,20-Aug,21-Aug,22-Aug,23-Aug,24-Aug,18-Aug,19-Aug,20-Aug,21-Aug,22-Aug,23-Aug,24-Aug,6,6,0
Chhatrapati Sambhajinagar,Nanded,Nanded,Hadgaon,Hadgaon,20013969,Hadgaon and Himayatnagar 132 Village Grid WSS,Shirad,4587,1,,0.00,0.00,0.00,0.00,0.00,0.00,,0.00,0.00,0.00,0.00,0.00,0.00,18-Aug,19-Aug,20-Aug,21-Aug,22-Aug,23-Aug,24-Aug,18-Aug,19-Aug,20-Aug,21-Aug,22-Aug,23-Aug,24-Aug,6,6,0
Chhatrapati Sambhajinagar,Nanded,Nanded,Hadgaon,Hadgaon,20013969,Hadgaon and Himayatnagar 132 Village Grid WSS,Shivani,823,1,,0.00,0.00,0.00,0.00,0.00,0.00,,0.00,0.00,0.00,0.00,0.00,0.00,18-Aug,19-Aug,20-Aug,21-Aug,22-Aug,23-Aug,24-Aug,18-Aug,19-Aug,20-Aug,21-Aug,22-Aug,23-Aug,24-Aug,6,6,0
Chhatrapati Sambhajinagar,Nanded,Nanded,Hadgaon,Hadgaon,20013969,Hadgaon and Himayatnagar 132 Village Grid WSS,Talang,579,1,0.00,0.00,0.00,0.00,0.00,0.00,0.00,0.00,0.00,0.00,0.00,0.00,0.00,0.00,18-Aug,19-Aug,20-Aug,21-Aug,22-Aug,23-Aug,24-Aug,18-Aug,19-Aug,20-Aug,21-Aug,22-Aug,23-Aug,24-Aug,7,7,0
Chhatrapati Sambhajinagar,Nanded,Nanded,Hadgaon,Hadgaon,20013969,Hadgaon and Himayatnagar 132 Village Grid WSS,Talegaon,2044,1,,0.00,0.00,0.00,0.00,0.00,0.00,,0.00,0.00,0.00,0.00,0.00,0.00,18-Aug,19-Aug,20-Aug,21-Aug,22-Aug,23-Aug,24-Aug,18-Aug,19-Aug,20-Aug,21-Aug,22-Aug,23-Aug,24-Aug,6,6,0
Chhatrapati Sambhajinagar,Nanded,Nanded,Hadgaon,Hadgaon,20013969,Hadgaon and Himayatnagar 132 Village Grid WSS,Talni,7037,1,,0.00,0.55,0.00,0.58,0.00,0.50,,0.00,7.82,0.00,8.24,0.00,7.11,18-Aug,19-Aug,20-Aug,21-Aug,22-Aug,23-Aug,24-Aug,18-Aug,19-Aug,20-Aug,21-Aug,22-Aug,23-Aug,24-Aug,3,6,0
Chhatrapati Sambhajinagar,Nanded,Nanded,Hadgaon,Hadgaon,20013969,Hadgaon and Himayatnagar 132 Village Grid WSS,Umri (Daryabai),2262,1,,0.00,0.00,0.00,0.00,0.00,0.00,,0.00,0.00,0.00,0.00,0.00,0.00,18-Aug,19-Aug,20-Aug,21-Aug,22-Aug,23-Aug,24-Aug,18-Aug,19-Aug,20-Aug,21-Aug,22-Aug,23-Aug,24-Aug,6,6,0
Chhatrapati Sambhajinagar,Nanded,Nanded,Hadgaon,Hadgaon,20013969,Hadgaon and Himayatnagar 132 Village Grid WSS,Umri Ja.,2492,1,,0.00,0.00,0.00,0.00,0.00,0.00,,0.00,0.00,0.00,0.00,0.00,0.00,18-Aug,19-Aug,20-Aug,21-Aug,22-Aug,23-Aug,24-Aug,18-Aug,19-Aug,20-Aug,21-Aug,22-Aug,23-Aug,24-Aug,6,6,0
Chhatrapati Sambhajinagar,Nanded,Nanded,Hadgaon,Hadgaon,20013969,Hadgaon and Himayatnagar 132 Village Grid WSS,Umri kh,1022,1,,0.00,0.00,0.00,0.00,0.00,0.00,,0.00,0.00,0.00,0.00,0.00,0.00,18-Aug,19-Aug,20-Aug,21-Aug,22-Aug,23-Aug,24-Aug,18-Aug,19-Aug,20-Aug,21-Aug,22-Aug,23-Aug,24-Aug,6,6,0
Chhatrapati Sambhajinagar,Nanded,Nanded,Hadgaon,Hadgaon,20013969,Hadgaon and Himayatnagar 132 Village Grid WSS,Unchada,1881,1,0.00,0.00,0.00,0.00,0.00,0.00,0.00,0.00,0.00,0.00,0.00,0.00,0.00,0.00,18-Aug,19-Aug,20-Aug,21-Aug,22-Aug,23-Aug,24-Aug,18-Aug,19-Aug,20-Aug,21-Aug,22-Aug,23-Aug,24-Aug,7,7,0
Chhatrapati Sambhajinagar,Nanded,Nanded,Hadgaon,Hadgaon,20013969,Hadgaon and Himayatnagar 132 Village Grid WSS,Unchegaon,1958,1,,1.58,0.00,0.18,1.32,0.19,0.98,,80.92,0.00,9.11,67.49,9.48,49.89,18-Aug,19-Aug,20-Aug,21-Aug,22-Aug,23-Aug,24-Aug,18-Aug,19-Aug,20-Aug,21-Aug,22-Aug,23-Aug,24-Aug,1,4,2
Chhatrapati Sambhajinagar,Nanded,Nanded,Hadgaon,Hadgaon,20013969,Hadgaon and Himayatnagar 132 Village Grid WSS,Wadgaon BK.,1840,1,,0.00,0.00,0.00,0.00,0.00,0.00,,0.00,0.00,0.00,0.00,0.00,0.00,18-Aug,19-Aug,20-Aug,21-Aug,22-Aug,23-Aug,24-Aug,18-Aug,19-Aug,20-Aug,21-Aug,22-Aug,23-Aug,24-Aug,6,6,0
Chhatrapati Sambhajinagar,Nanded,Nanded,Hadgaon,Hadgaon,20013969,Hadgaon and Himayatnagar 132 Village Grid WSS,Wai Pana Bk,3017,1,,0.00,0.00,0.00,0.00,0.00,0.00,,0.00,0.00,0.00,0.00,0.00,0.00,18-Aug,19-Aug,20-Aug,21-Aug,22-Aug,23-Aug,24-Aug,18-Aug,19-Aug,20-Aug,21-Aug,22-Aug,23-Aug,24-Aug,6,6,0
Chhatrapati Sambhajinagar,Nanded,Nanded,Hadgaon,Hadgaon,20013969,Hadgaon and Himayatnagar 132 Village Grid WSS,Wai Pana Kh,1296,1,,0.00,0.71,0.00,0.00,0.00,0.00,,0.00,54.78,0.00,0.00,0.00,0.00,18-Aug,19-Aug,20-Aug,21-Aug,22-Aug,23-Aug,24-Aug,18-Aug,19-Aug,20-Aug,21-Aug,22-Aug,23-Aug,24-Aug,5,6,0
Chhatrapati Sambhajinagar,Nanded,Nanded,Hadgaon,Hadgaon,20013969,Hadgaon and Himayatnagar 132 Village Grid WSS,Yelamb,2225,1,,2627.94,2676.41,2678.58,2680.28,2679.63,2680.58,,118109.56,120288.09,120385.71,120462.20,120432.63,120475.47,18-Aug,19-Aug,20-Aug,21-Aug,22-Aug,23-Aug,24-Aug,18-Aug,19-Aug,20-Aug,21-Aug,22-Aug,23-Aug,24-Aug,0,0,6
Chhatrapati Sambhajinagar,Nanded,Nanded,Himayatnagar,Himayatnagar,20013969,Hadgaon and Himayatnagar 132 Village Grid WSS,Ashti,4091,1,,0.00,0.00,0.00,0.00,0.00,0.00,,0.00,0.00,0.00,0.00,0.00,0.00,18-Aug,19-Aug,20-Aug,21-Aug,22-Aug,23-Aug,24-Aug,18-Aug,19-Aug,20-Aug,21-Aug,22-Aug,23-Aug,24-Aug,6,6,0
Chhatrapati Sambhajinagar,Nanded,Nanded,Himayatnagar,Himayatnagar,20013969,Hadgaon and Himayatnagar 132 Village Grid WSS,Borgadi,1212,1,,0.00,0.00,0.00,0.00,0.00,0.00,,0.00,0.00,0.00,0.00,0.00,0.00,18-Aug,19-Aug,20-Aug,21-Aug,22-Aug,23-Aug,24-Aug,18-Aug,19-Aug,20-Aug,21-Aug,22-Aug,23-Aug,24-Aug,6,6,0
Chhatrapati Sambhajinagar,Nanded,Nanded,Himayatnagar,Himayatnagar,20013969,Hadgaon and Himayatnagar 132 Village Grid WSS,Borgaon (Tamsa),787,1,,0.00,0.00,0.00,0.00,0.00,0.00,,0.00,0.00,0.00,0.00,0.00,0.00,18-Aug,19-Aug,20-Aug,21-Aug,22-Aug,23-Aug,24-Aug,18-Aug,19-Aug,20-Aug,21-Aug,22-Aug,23-Aug,24-Aug,6,6,0
Chhatrapati Sambhajinagar,Nanded,Nanded,Himayatnagar,Himayatnagar,20013969,Hadgaon and Himayatnagar 132 Village Grid WSS,Dolhari,1871,1,,0.00,0.00,0.00,0.00,0.00,0.00,,0.00,0.00,0.00,0.00,0.00,0.00,18-Aug,19-Aug,20-Aug,21-Aug,22-Aug,23-Aug,24-Aug,18-Aug,19-Aug,20-Aug,21-Aug,22-Aug,23-Aug,24-Aug,6,6,0
Chhatrapati Sambhajinagar,Nanded,Nanded,Himayatnagar,Himayatnagar,20013969,Hadgaon and Himayatnagar 132 Village Grid WSS,Dudhad,1232,1,,3.57,0.00,0.00,0.00,0.00,0.00,,289.77,0.00,0.00,0.00,0.00,0.00,18-Aug,19-Aug,20-Aug,21-Aug,22-Aug,23-Aug,24-Aug,18-Aug,19-Aug,20-Aug,21-Aug,22-Aug,23-Aug,24-Aug,5,5,1
Chhatrapati Sambhajinagar,Nanded,Nanded,Himayatnagar,Himayatnagar,20013969,Hadgaon and Himayatnagar 132 Village Grid WSS,Kamari,4301,1,,0.00,0.00,0.00,0.00,0.00,0.00,,0.00,0.00,0.00,0.00,0.00,0.00,18-Aug,19-Aug,20-Aug,21-Aug,22-Aug,23-Aug,24-Aug,18-Aug,19-Aug,20-Aug,21-Aug,22-Aug,23-Aug,24-Aug,6,6,0
Chhatrapati Sambhajinagar,Nanded,Nanded,Himayatnagar,Himayatnagar,20013969,Hadgaon and Himayatnagar 132 Village Grid WSS,Karanji,1346,1,,0.00,0.00,0.00,0.00,0.00,0.01,,0.00,0.00,0.00,0.00,0.00,0.83,18-Aug,19-Aug,20-Aug,21-Aug,22-Aug,23-Aug,24-Aug,18-Aug,19-Aug,20-Aug,21-Aug,22-Aug,23-Aug,24-Aug,5,6,0
Chhatrapati Sambhajinagar,Nanded,Nanded,Himayatnagar,Himayatnagar,20013969,Hadgaon and Himayatnagar 132 Village Grid WSS,Khadki (Bazar),3524,1,,0.00,0.00,0.00,0.00,0.00,0.00,,0.00,0.00,0.00,0.00,0.00,0.00,18-Aug,19-Aug,20-Aug,21-Aug,22-Aug,23-Aug,24-Aug,18-Aug,19-Aug,20-Aug,21-Aug,22-Aug,23-Aug,24-Aug,6,6,0
Chhatrapati Sambhajinagar,Nanded,Nanded,Himayatnagar,Himayatnagar,20013969,Hadgaon and Himayatnagar 132 Village Grid WSS,Khairgaon (jahagir),425,1,,0.00,0.00,0.00,0.00,0.00,0.00,,0.00,0.00,0.00,0.00,0.00,0.00,18-Aug,19-Aug,20-Aug,21-Aug,22-Aug,23-Aug,24-Aug,18-Aug,19-Aug,20-Aug,21-Aug,22-Aug,23-Aug,24-Aug,6,6,0
Chhatrapati Sambhajinagar,Nanded,Nanded,Himayatnagar,Himayatnagar,20013969,Hadgaon and Himayatnagar 132 Village Grid WSS,Mangrul,2278,1,,0.00,0.00,0.00,0.00,0.00,0.00,,0.00,0.00,0.00,0.00,0.00,0.00,18-Aug,19-Aug,20-Aug,21-Aug,22-Aug,23-Aug,24-Aug,18-Aug,19-Aug,20-Aug,21-Aug,22-Aug,23-Aug,24-Aug,6,6,0
Chhatrapati Sambhajinagar,Nanded,Nanded,Himayatnagar,Himayatnagar,20013969,Hadgaon and Himayatnagar 132 Village Grid WSS,Palaspur,2211,1,,0.00,0.00,0.00,0.00,0.00,0.00,,0.00,0.00,0.00,0.00,0.00,0.00,18-Aug,19-Aug,20-Aug,21-Aug,22-Aug,23-Aug,24-Aug,18-Aug,19-Aug,20-Aug,21-Aug,22-Aug,23-Aug,24-Aug,6,6,0
Chhatrapati Sambhajinagar,Nanded,Nanded,Himayatnagar,Himayatnagar,20013969,Hadgaon and Himayatnagar 132 Village Grid WSS,Pawana,2623,1,,0.00,0.00,0.00,0.00,0.00,0.00,,0.00,0.00,0.00,0.00,0.00,0.00,18-Aug,19-Aug,20-Aug,21-Aug,22-Aug,23-Aug,24-Aug,18-Aug,19-Aug,20-Aug,21-Aug,22-Aug,23-Aug,24-Aug,6,6,0
Chhatrapati Sambhajinagar,Nanded,Nanded,Himayatnagar,Himayatnagar,20013969,Hadgaon and Himayatnagar 132 Village Grid WSS,Pota (Bk),5377,1,,0.00,0.00,0.00,0.00,0.00,0.00,,0.00,0.00,0.00,0.00,0.00,0.00,18-Aug,19-Aug,20-Aug,21-Aug,22-Aug,23-Aug,24-Aug,18-Aug,19-Aug,20-Aug,21-Aug,22-Aug,23-Aug,24-Aug,6,6,0
Chhatrapati Sambhajinagar,Nanded,Nanded,Himayatnagar,Himayatnagar,20013969,Hadgaon and Himayatnagar 132 Village Grid WSS,Pota Kh.,787,1,,0.00,0.00,0.00,0.00,0.00,0.00,,0.00,0.00,0.00,0.00,0.00,0.00,18-Aug,19-Aug,20-Aug,21-Aug,22-Aug,23-Aug,24-Aug,18-Aug,19-Aug,20-Aug,21-Aug,22-Aug,23-Aug,24-Aug,6,6,0
Chhatrapati Sambhajinagar,Nanded,Nanded,Himayatnagar,Himayatnagar,20013969,Hadgaon and Himayatnagar 132 Village Grid WSS,Shibadara (J),1480,1,8.34,8.93,4.58,2.70,1.03,0.93,0.33,563.61,603.38,309.46,182.43,69.59,62.84,22.30,18-Aug,19-Aug,20-Aug,21-Aug,22-Aug,23-Aug,24-Aug,18-Aug,19-Aug,20-Aug,21-Aug,22-Aug,23-Aug,24-Aug,0,1,6
Chhatrapati Sambhajinagar,Nanded,Nanded,Himayatnagar,Himayatnagar,20013969,Hadgaon and Himayatnagar 132 Village Grid WSS,Sirpalli,980,1,,6230.96,8273.73,9110.47,9700.48,28691.67,20447.71,,635812.68,844258.18,929639.74,989845.17,2927721.87,2086501.52,18-Aug,19-Aug,20-Aug,21-Aug,22-Aug,23-Aug,24-Aug,18-Aug,19-Aug,20-Aug,21-Aug,22-Aug,23-Aug,24-Aug,0,0,6
Chhatrapati Sambhajinagar,Nanded,Nanded,Himayatnagar,Himayatnagar,20013969,Hadgaon and Himayatnagar 132 Village Grid WSS,Tembhi,1927,1,,0.00,0.00,0.00,0.00,0.00,0.00,,0.00,0.00,0.00,0.00,0.00,0.00,18-Aug,19-Aug,20-Aug,21-Aug,22-Aug,23-Aug,24-Aug,18-Aug,19-Aug,20-Aug,21-Aug,22-Aug,23-Aug,24-Aug,6,6,0
Chhatrapati Sambhajinagar,Nanded,Nanded,Himayatnagar,Himayatnagar,20013969,Hadgaon and Himayatnagar 132 Village Grid WSS,Virsani,2817,1,,0.00,0.00,0.00,0.88,0.00,0.00,,0.00,0.00,0.00,31.24,0.00,0.00,18-Aug,19-Aug,20-Aug,21-Aug,22-Aug,23-Aug,24-Aug,18-Aug,19-Aug,20-Aug,21-Aug,22-Aug,23-Aug,24-Aug,5,6,0
Chhatrapati Sambhajinagar,Nanded,Nanded,Himayatnagar,Himayatnagar,20013969,Hadgaon and Himayatnagar 132 Village Grid WSS,Waghi,1428,1,,0.00,0.01,2.97,0.00,14.96,0.00,,0.00,0.70,207.98,0.00,1047.62,0.00,18-Aug,19-Aug,20-Aug,21-Aug,22-Aug,23-Aug,24-Aug,18-Aug,19-Aug,20-Aug,21-Aug,22-Aug,23-Aug,24-Aug,3,4,2
Chhatrapati Sambhajinagar,Nanded,Nanded,Himayatnagar,Himayatnagar,20013969,Hadgaon and Himayatnagar 132 Village Grid WSS,Walkyachiwadi,4427,1,,6.95,2.13,20.75,38.54,11.90,1.96,,156.88,48.11,468.71,870.62,268.81,44.27,18-Aug,19-Aug,20-Aug,21-Aug,22-Aug,23-Aug,24-Aug,18-Aug,19-Aug,20-Aug,21-Aug,22-Aug,23-Aug,24-Aug,0,2,4
Chhatrapati Sambhajinagar,Nanded,Nanded,Himayatnagar,Himayatnagar,20013969,Hadgaon and Himayatnagar 132 Village Grid WSS,Yewli,3092,1,,0.07,0.08,0.10,0.09,0.09,0.08,,2.26,2.59,3.23,2.91,2.91,2.59,18-Aug,19-Aug,20-Aug,21-Aug,22-Aug,23-Aug,24-Aug,18-Aug,19-Aug,20-Aug,21-Aug,22-Aug,23-Aug,24-Aug,0,6,0
Chhatrapati Sambhajinagar,Nanded,Nanded,Kandhar,Kandhar,7338000,Osmamnagar Shirdhon Combined WSS,Bhutaychiwadi,905,1,,0.00,0.00,0.00,0.00,0.00,0.00,,0.00,0.00,0.00,0.00,0.00,0.00,18-Aug,19-Aug,20-Aug,21-Aug,22-Aug,23-Aug,24-Aug,18-Aug,19-Aug,20-Aug,21-Aug,22-Aug,23-Aug,24-Aug,6,6,0
Chhatrapati Sambhajinagar,Nanded,Nanded,Kandhar,Kandhar,7338000,Osmamnagar Shirdhon Combined WSS,Osmamnagar,,2,,0.00,0.00,0.00,0.00,0.00,0.00,,0.00,0.00,0.00,0.00,0.00,0.00,18-Aug,19-Aug,20-Aug,21-Aug,22-Aug,23-Aug,24-Aug,18-Aug,19-Aug,20-Aug,21-Aug,22-Aug,23-Aug,24-Aug,6,6,0
Chhatrapati Sambhajinagar,Nanded,Nanded,Kandhar,Kandhar,7338000,Osmamnagar Shirdhon Combined WSS,Shiradhon,7804,3,,0.00,0.00,0.00,0.00,0.00,8.04,,0.00,0.00,0.00,0.00,0.00,103.02,18-Aug,19-Aug,20-Aug,21-Aug,22-Aug,23-Aug,24-Aug,18-Aug,19-Aug,20-Aug,21-Aug,22-Aug,23-Aug,24-Aug,5,5,1
Chhatrapati Sambhajinagar,Nanded,Nanded,Kandhar,Kandhar,7338000,Osmamnagar Shirdhon Combined WSS,Shirdhon Tanda,,1,,0.00,0.00,0.00,0.00,0.00,0.00,,0.00,0.00,0.00,0.00,0.00,0.00,18-Aug,19-Aug,20-Aug,21-Aug,22-Aug,23-Aug,24-Aug,18-Aug,19-Aug,20-Aug,21-Aug,22-Aug,23-Aug,24-Aug,6,6,0
Chhatrapati Sambhajinagar,Nanded,Nanded,Naigaon,Naigaon,7942142,Manjram WSS (7942142),Manjram,4704,1,,0.00,0.00,0.00,0.00,0.00,0.00,,0.00,0.00,0.00,0.00,0.00,0.00,18-Aug,19-Aug,20-Aug,21-Aug,22-Aug,23-Aug,24-Aug,18-Aug,19-Aug,20-Aug,21-Aug,22-Aug,23-Aug,24-Aug,6,6,0
Chhatrapati Sambhajinagar,Nanded,Nanded,Naigaon,Naigaon,7942142,Manjram WSS (7942142),Wadi,25016,1,,1.40,0.52,2.58,0.00,0.00,0.00,,5.60,2.08,10.31,0.00,0.00,0.00,18-Aug,19-Aug,20-Aug,21-Aug,22-Aug,23-Aug,24-Aug,18-Aug,19-Aug,20-Aug,21-Aug,22-Aug,23-Aug,24-Aug,3,6,0
Chhatrapati Sambhajinagar,Nanded,Parbhani,Senaon,Senaon,20023330,Kawtha Bk & 9 Vill RR WSS,Shinagikhamba,1296,1,,5.23,6.70,1.95,10.59,5.44,0.25,,403.55,516.98,150.46,817.13,419.75,19.29,18-Aug,19-Aug,20-Aug,21-Aug,22-Aug,23-Aug,24-Aug,18-Aug,19-Aug,20-Aug,21-Aug,22-Aug,23-Aug,24-Aug,0,1,5
Pune,Pune,Pune 1,Baramati,Ambegaon,20017250,LONI BHAPKAR RRWSS,Bhilarwadi,1249,1,,0.00,0.00,0.00,0.00,0.00,0.00,,0.00,0.00,0.00,0.00,0.00,0.00,18-Aug,19-Aug,20-Aug,21-Aug,22-Aug,23-Aug,24-Aug,18-Aug,19-Aug,20-Aug,21-Aug,22-Aug,23-Aug,24-Aug,6,6,0
Pune,Pune,Pune 1,Baramati,Ambegaon,20017250,LONI BHAPKAR RRWSS,Jagtapwasti ESR,1446,1,,0.00,0.20,0.00,0.00,0.00,0.00,,0.00,13.90,0.00,0.00,0.00,0.00,18-Aug,19-Aug,20-Aug,21-Aug,22-Aug,23-Aug,24-Aug,18-Aug,19-Aug,20-Aug,21-Aug,22-Aug,23-Aug,24-Aug,5,6,0
Pune,Pune,Pune 1,Baramati,Ambegaon,20017250,LONI BHAPKAR RRWSS,Jalakewadi Mudhale,475,2,,0.54,0.00,0.56,0.00,0.00,0.00,,113.02,0.00,117.51,0.00,0.00,0.00,18-Aug,19-Aug,20-Aug,21-Aug,22-Aug,23-Aug,24-Aug,18-Aug,19-Aug,20-Aug,21-Aug,22-Aug,23-Aug,24-Aug,4,4,2
Pune,Pune,Pune 1,Baramati,Ambegaon,20017250,LONI BHAPKAR RRWSS,LoniBhapkar,5659,3,,0.00,0.00,0.00,4704.23,3.52,0.00,,0.00,0.00,0.00,83128.38,62.20,0.00,18-Aug,19-Aug,20-Aug,21-Aug,22-Aug,23-Aug,24-Aug,18-Aug,19-Aug,20-Aug,21-Aug,22-Aug,23-Aug,24-Aug,4,4,2
Pune,Pune,Pune 1,Baramati,Ambegaon,20017250,LONI BHAPKAR RRWSS,Masalwadi,1446,2,,0.46,0.09,2.56,0.52,0.00,0.00,,32.02,6.28,176.86,36.26,0.00,0.00,18-Aug,19-Aug,20-Aug,21-Aug,22-Aug,23-Aug,24-Aug,18-Aug,19-Aug,20-Aug,21-Aug,22-Aug,23-Aug,24-Aug,2,5,1
Pune,Pune,Pune 1,Baramati,Ambegaon,20017250,LONI BHAPKAR RRWSS,Palsi,2612,2,,0.28,0.72,0.00,2.06,0.00,25.76,,10.66,27.63,0.00,79.06,0.00,986.21,18-Aug,19-Aug,20-Aug,21-Aug,22-Aug,23-Aug,24-Aug,18-Aug,19-Aug,20-Aug,21-Aug,22-Aug,23-Aug,24-Aug,2,4,2
Pune,Pune,Pune 1,Baramati,Ambegaon,20017250,LONI BHAPKAR RRWSS,Sayambachiwadi,1969,1,,0.00,0.00,56.78,0.00,0.00,0.00,,0.00,0.00,2883.58,0.00,0.00,0.00,18-Aug,19-Aug,20-Aug,21-Aug,22-Aug,23-Aug,24-Aug,18-Aug,19-Aug,20-Aug,21-Aug,22-Aug,23-Aug,24-Aug,5,5,1
Pune,Pune,Pune 1,Baramati,Ambegaon,20017250,LONI BHAPKAR RRWSS,Tukainagar,3819,1,,0.48,0.00,0.22,0.00,0.00,0.00,,12.53,0.00,5.71,0.00,0.00,0.00,18-Aug,19-Aug,20-Aug,21-Aug,22-Aug,23-Aug,24-Aug,18-Aug,19-Aug,20-Aug,21-Aug,22-Aug,23-Aug,24-Aug,4,6,0
Pune,Pune,Pune 1,Baramati,Ambegaon,7942125,MURTI & 7 VILLAGES RRWSS,Bhapkar mala,1761,1,,0.16,0.22,0.00,27.57,0.00,27.50,,9.34,12.26,0.00,1565.86,0.00,1561.34,18-Aug,19-Aug,20-Aug,21-Aug,22-Aug,23-Aug,24-Aug,18-Aug,19-Aug,20-Aug,21-Aug,22-Aug,23-Aug,24-Aug,2,4,2
Pune,Pune,Pune 1,Baramati,Ambegaon,7942125,MURTI & 7 VILLAGES RRWSS,Chaudharwad,911,1,,104.21,0.04,0.26,0.26,0.21,0.27,,11438.88,3.95,28.81,28.32,23.25,30.05,18-Aug,19-Aug,20-Aug,21-Aug,22-Aug,23-Aug,24-Aug,18-Aug,19-Aug,20-Aug,21-Aug,22-Aug,23-Aug,24-Aug,0,5,1
Pune,Pune,Pune 1,Baramati,Ambegaon,7942125,MURTI & 7 VILLAGES RRWSS,Magarwadi,1761,1,,0.00,0.00,0.00,0.00,0.00,0.00,,0.00,0.00,0.00,0.00,0.00,0.00,18-Aug,19-Aug,20-Aug,21-Aug,22-Aug,23-Aug,24-Aug,18-Aug,19-Aug,20-Aug,21-Aug,22-Aug,23-Aug,24-Aug,6,6,0
Pune,Pune,Pune 1,Baramati,Ambegaon,7942125,MURTI & 7 VILLAGES RRWSS,Modhave,2362,1,,19.25,35.76,20.59,16.52,0.00,0.00,,815.07,1514.08,871.71,699.30,0.00,0.00,18-Aug,19-Aug,20-Aug,21-Aug,22-Aug,23-Aug,24-Aug,18-Aug,19-Aug,20-Aug,21-Aug,22-Aug,23-Aug,24-Aug,2,2,4
Pune,Pune,Pune 1,Baramati,Ambegaon,7942125,MURTI & 7 VILLAGES RRWSS,Moralwadi,1462,2,,0.00,0.00,0.14,36.41,0.00,0.62,,0.00,0.00,9.29,2490.24,0.02,42.12,18-Aug,19-Aug,20-Aug,21-Aug,22-Aug,23-Aug,24-Aug,18-Aug,19-Aug,20-Aug,21-Aug,22-Aug,23-Aug,24-Aug,2,5,1
Pune,Pune,Pune 1,Baramati,Ambegaon,7942125,MURTI & 7 VILLAGES RRWSS,Murti gaonthan,1065,2,,0.00,0.00,0.00,0.00,0.00,0.00,,0.00,0.00,0.00,0.00,0.00,0.00,18-Aug,19-Aug,20-Aug,21-Aug,22-Aug,23-Aug,24-Aug,18-Aug,19-Aug,20-Aug,21-Aug,22-Aug,23-Aug,24-Aug,6,6,0
Pune,Pune,Pune 1,Baramati,Ambegaon,7942125,MURTI & 7 VILLAGES RRWSS,Waki,3355,1,,0.00,0.00,0.00,0.00,0.00,0.00,,0.00,0.00,0.00,0.00,0.00,0.00,18-Aug,19-Aug,20-Aug,21-Aug,22-Aug,23-Aug,24-Aug,18-Aug,19-Aug,20-Aug,21-Aug,22-Aug,23-Aug,24-Aug,6,6,0
Pune,Pune,Pune 1,Pune 1,Daund,7942135,"Gar, Sonwadi, Nanviz RR",Betwadi,1500,1,0.00,0.00,0.00,0.00,0.00,0.00,0.00,0.00,0.00,0.00,0.00,0.00,0.00,0.00,18-Aug,19-Aug,20-Aug,21-Aug,22-Aug,23-Aug,24-Aug,18-Aug,19-Aug,20-Aug,21-Aug,22-Aug,23-Aug,24-Aug,7,7,0
Pune,Pune,Pune 1,Pune 1,Daund,7942135,"Gar, Sonwadi, Nanviz RR",Gholapnaagar,1591,1,,0.00,0.00,0.00,0.00,0.00,0.00,,0.00,0.00,0.00,0.00,0.00,0.00,18-Aug,19-Aug,20-Aug,21-Aug,22-Aug,23-Aug,24-Aug,18-Aug,19-Aug,20-Aug,21-Aug,22-Aug,23-Aug,24-Aug,6,6,0
Pune,Pune,Pune 1,Pune 1,Daund,7942135,"Gar, Sonwadi, Nanviz RR",Holimala,734,2,,0.00,0.00,0.00,0.00,0.00,0.00,,0.00,0.00,0.00,0.00,0.00,0.00,18-Aug,19-Aug,20-Aug,21-Aug,22-Aug,23-Aug,24-Aug,18-Aug,19-Aug,20-Aug,21-Aug,22-Aug,23-Aug,24-Aug,6,6,0
Pune,Pune,Pune 1,Pune 1,Daund,7942135,"Gar, Sonwadi, Nanviz RR",Nanviz,300,2,,0.00,0.00,0.00,0.00,0.00,0.00,,0.00,0.00,0.00,0.00,0.00,0.00,18-Aug,19-Aug,20-Aug,21-Aug,22-Aug,23-Aug,24-Aug,18-Aug,19-Aug,20-Aug,21-Aug,22-Aug,23-Aug,24-Aug,6,6,0
Pune,Pune,Pune 1,Pune 1,Daund,7942135,"Gar, Sonwadi, Nanviz RR",Sonwadi,4636,1,,0.00,0.00,0.00,0.00,0.00,0.00,,0.00,0.00,0.00,0.00,0.00,0.00,18-Aug,19-Aug,20-Aug,21-Aug,22-Aug,23-Aug,24-Aug,18-Aug,19-Aug,20-Aug,21-Aug,22-Aug,23-Aug,24-Aug,6,6,0
Pune,Pune,Pune 2,Baramati,Ambegaon,20018548,HOL SASTEWADI,Hol,2509,1,,0.21,0.21,0.21,0.00,0.39,0.40,,8.23,8.24,8.23,0.00,15.46,15.76,18-Aug,19-Aug,20-Aug,21-Aug,22-Aug,23-Aug,24-Aug,18-Aug,19-Aug,20-Aug,21-Aug,22-Aug,23-Aug,24-Aug,1,6,0
Pune,Pune,Pune 2,Baramati,Ambegaon,20018548,HOL SASTEWADI,Sastewadi,3462,6,,0.00,0.00,0.00,0.00,0.00,0.00,,0.00,0.00,0.00,0.00,0.00,0.00,18-Aug,19-Aug,20-Aug,21-Aug,22-Aug,23-Aug,24-Aug,18-Aug,19-Aug,20-Aug,21-Aug,22-Aug,23-Aug,24-Aug,6,6,0
Pune,Pune,Pune 2,Maval,Daund,20013367,Done Adhale RR,ADHALE BK,1695,1,,0.00,0.00,0.00,0.00,0.00,0.00,,0.00,0.00,0.00,0.00,0.00,0.00,18-Aug,19-Aug,20-Aug,21-Aug,22-Aug,23-Aug,24-Aug,18-Aug,19-Aug,20-Aug,21-Aug,22-Aug,23-Aug,24-Aug,6,6,0
Pune,Pune,Pune 2,Maval,Daund,20013367,Done Adhale RR,DIVAD,1795,1,,0.00,0.00,0.00,0.00,0.00,0.00,,0.00,0.00,0.00,0.00,0.00,0.00,18-Aug,19-Aug,20-Aug,21-Aug,22-Aug,23-Aug,24-Aug,18-Aug,19-Aug,20-Aug,21-Aug,22-Aug,23-Aug,24-Aug,6,6,0
Pune,Pune,Pune 2,Maval,Daund,20013367,Done Adhale RR,DONE,1044,1,,0.00,0.00,0.00,0.00,0.00,0.00,,0.00,0.00,0.00,0.00,0.00,0.00,18-Aug,19-Aug,20-Aug,21-Aug,22-Aug,23-Aug,24-Aug,18-Aug,19-Aug,20-Aug,21-Aug,22-Aug,23-Aug,24-Aug,6,6,0
Pune,Pune,Pune 2,Maval,Daund,20013367,Done Adhale RR,OVALE,1177,1,,0.00,0.00,0.00,0.00,0.00,0.00,,0.00,0.00,0.00,0.00,0.00,0.00,18-Aug,19-Aug,20-Aug,21-Aug,22-Aug,23-Aug,24-Aug,18-Aug,19-Aug,20-Aug,21-Aug,22-Aug,23-Aug,24-Aug,6,6,0
Pune,Pune,Pune 2,Pune 2,Velhe,20027541,Wangani RRWSS,Kolwadi,1226,1,,0.00,0.00,0.00,0.00,0.00,0.00,,0.00,0.00,0.00,0.00,0.00,0.00,18-Aug,19-Aug,20-Aug,21-Aug,22-Aug,23-Aug,24-Aug,18-Aug,19-Aug,20-Aug,21-Aug,22-Aug,23-Aug,24-Aug,6,6,0
Pune,Pune,Pune 2,Pune 2,Velhe,20027541,Wangani RRWSS,Mengajai Wadi,123,1,,0.00,0.00,0.00,0.00,0.00,0.00,,0.00,0.00,0.00,0.00,0.00,0.00,18-Aug,19-Aug,20-Aug,21-Aug,22-Aug,23-Aug,24-Aug,18-Aug,19-Aug,20-Aug,21-Aug,22-Aug,23-Aug,24-Aug,6,6,0
Pune,Pune,Pune 2,Pune 2,Velhe,20027541,Wangani RRWSS,Wangani,1150,1,,0.00,0.00,0.00,0.00,0.00,0.00,,0.00,0.00,0.00,0.00,0.00,0.00,18-Aug,19-Aug,20-Aug,21-Aug,22-Aug,23-Aug,24-Aug,18-Aug,19-Aug,20-Aug,21-Aug,22-Aug,23-Aug,24-Aug,6,6,0
Pune,Pune,Pune 2,Pune 2,Velhe,20027541,Wangani RRWSS,Wanganichiwadi,1108,1,,0.00,0.00,0.00,0.00,0.00,0.00,,0.00,0.00,0.00,0.00,0.00,0.00,18-Aug,19-Aug,20-Aug,21-Aug,22-Aug,23-Aug,24-Aug,18-Aug,19-Aug,20-Aug,21-Aug,22-Aug,23-Aug,24-Aug,6,6,0
Pune,Pune,Pune 2,Pune,Daund,20027689,Patan & 8 Villages RWSS,Aundholi,594,1,0.00,0.00,0.00,0.00,0.00,0.00,0.00,0.00,0.00,0.00,0.00,0.00,0.00,0.00,18-Aug,19-Aug,20-Aug,21-Aug,22-Aug,23-Aug,24-Aug,18-Aug,19-Aug,20-Aug,21-Aug,22-Aug,23-Aug,24-Aug,7,7,0
Pune,Pune,Pune 2,Pune,Daund,20027689,Patan & 8 Villages RWSS,Bhaje,3140,5,0.23,0.00,0.36,0.00,0.00,0.12,0.00,7.30,0.00,11.47,0.00,0.00,3.96,0.01,18-Aug,19-Aug,20-Aug,21-Aug,22-Aug,23-Aug,24-Aug,18-Aug,19-Aug,20-Aug,21-Aug,22-Aug,23-Aug,24-Aug,3,7,0
Pune,Pune,Pune 2,Pune,Daund,20027689,Patan & 8 Villages RWSS,Boraj,565,1,,0.00,0.00,0.00,0.00,0.00,0.00,,0.00,0.00,0.00,0.08,0.00,0.00,18-Aug,19-Aug,20-Aug,21-Aug,22-Aug,23-Aug,24-Aug,18-Aug,19-Aug,20-Aug,21-Aug,22-Aug,23-Aug,24-Aug,5,6,0
Pune,Pune,Pune 2,Pune,Daund,20027689,Patan & 8 Villages RWSS,DEVLE,2052,2,0.00,0.00,0.00,0.00,0.00,0.00,0.00,0.00,0.00,0.00,0.00,0.00,0.00,0.00,18-Aug,19-Aug,20-Aug,21-Aug,22-Aug,23-Aug,24-Aug,18-Aug,19-Aug,20-Aug,21-Aug,22-Aug,23-Aug,24-Aug,7,7,0
Pune,Pune,Pune 2,Pune,Daund,20027689,Patan & 8 Villages RWSS,Dudhivare,375,2,0.00,0.00,0.00,0.00,0.00,0.00,0.00,0.00,0.00,0.00,0.00,0.00,0.00,0.00,18-Aug,19-Aug,20-Aug,21-Aug,22-Aug,23-Aug,24-Aug,18-Aug,19-Aug,20-Aug,21-Aug,22-Aug,23-Aug,24-Aug,7,7,0
Pune,Pune,Pune 2,Pune,Daund,20027689,Patan & 8 Villages RWSS,PATAN,1762,3,0.00,0.00,0.00,0.00,0.00,0.00,0.00,0.00,0.00,0.00,0.00,0.00,0.00,0.00,18-Aug,19-Aug,20-Aug,21-Aug,22-Aug,23-Aug,24-Aug,18-Aug,19-Aug,20-Aug,21-Aug,22-Aug,23-Aug,24-Aug,7,7,0
Pune,Pune,Pune 2,Pune,Daund,20027689,Patan & 8 Villages RWSS,Shindgaon,343,1,0.00,0.00,0.00,0.00,0.00,0.00,0.00,0.00,0.00,0.00,0.00,0.00,0.00,0.02,18-Aug,19-Aug,20-Aug,21-Aug,22-Aug,23-Aug,24-Aug,18-Aug,19-Aug,20-Aug,21-Aug,22-Aug,23-Aug,24-Aug,6,7,0
Pune,Pune,Pune 2,Pune,Daund,7948923,Karla & 7 villages RR,KARLA,2114,3,,0.00,0.00,0.00,0.00,0.00,0.00,,0.00,0.00,0.00,0.00,0.00,0.00,18-Aug,19-Aug,20-Aug,21-Aug,22-Aug,23-Aug,24-Aug,18-Aug,19-Aug,20-Aug,21-Aug,22-Aug,23-Aug,24-Aug,6,6,0
Pune,Pune,Pune 2,Pune,Daund,7948923,Karla & 7 villages RR,SHILTHANE,1741,1,0.00,0.00,0.00,0.00,0.00,0.00,0.00,0.00,0.00,0.00,0.00,0.00,0.00,0.00,18-Aug,19-Aug,20-Aug,21-Aug,22-Aug,23-Aug,24-Aug,18-Aug,19-Aug,20-Aug,21-Aug,22-Aug,23-Aug,24-Aug,7,7,0
Pune,Pune,Pune 2,Pune,Velhe,20013219,Wajeghar RR,Dadawadi,188,1,0.00,0.00,0.00,0.00,0.00,0.00,0.00,0.00,0.00,0.00,0.00,0.00,0.00,0.00,18-Aug,19-Aug,20-Aug,21-Aug,22-Aug,23-Aug,24-Aug,18-Aug,19-Aug,20-Aug,21-Aug,22-Aug,23-Aug,24-Aug,7,7,0
Pune,Pune,Pune 2,Pune,Velhe,20013219,Wajeghar RR,Khatpewadi,662,1,0.00,0.00,0.00,0.00,0.00,0.00,0.00,0.00,0.00,0.00,0.00,0.00,0.00,0.00,18-Aug,19-Aug,20-Aug,21-Aug,22-Aug,23-Aug,24-Aug,18-Aug,19-Aug,20-Aug,21-Aug,22-Aug,23-Aug,24-Aug,7,7,0
Pune,Pune,Pune 2,Pune,Velhe,20013219,Wajeghar RR,Lavhi,276,1,0.00,0.00,0.00,0.00,0.00,0.00,0.00,0.00,0.00,0.00,0.00,0.00,0.00,0.00,18-Aug,19-Aug,20-Aug,21-Aug,22-Aug,23-Aug,24-Aug,18-Aug,19-Aug,20-Aug,21-Aug,22-Aug,23-Aug,24-Aug,7,7,0
Pune,Pune,Pune 2,Pune,Velhe,20013219,Wajeghar RR,Merawane,666,1,0.00,0.00,0.00,0.00,0.00,0.00,0.00,0.00,0.00,0.00,0.00,0.00,0.00,0.00,18-Aug,19-Aug,20-Aug,21-Aug,22-Aug,23-Aug,24-Aug,18-Aug,19-Aug,20-Aug,21-Aug,22-Aug,23-Aug,24-Aug,7,7,0
Pune,Pune,Pune 2,Pune,Velhe,20013219,Wajeghar RR,PAL BK,729,1,0.00,0.00,0.00,0.00,0.00,0.00,0.00,0.00,0.00,0.00,0.00,0.00,0.00,0.00,18-Aug,19-Aug,20-Aug,21-Aug,22-Aug,23-Aug,24-Aug,18-Aug,19-Aug,20-Aug,21-Aug,22-Aug,23-Aug,24-Aug,7,7,0
Pune,Pune,Pune 2,Pune,Velhe,20013219,Wajeghar RR,PAL KH,437,1,0.00,0.00,0.00,0.00,0.00,0.00,0.00,0.00,0.00,0.00,0.00,0.00,0.00,0.00,18-Aug,19-Aug,20-Aug,21-Aug,22-Aug,23-Aug,24-Aug,18-Aug,19-Aug,20-Aug,21-Aug,22-Aug,23-Aug,24-Aug,7,7,0
Pune,Pune,Pune 2,Pune,Velhe,20013219,Wajeghar RR,Phansi,200,1,0.00,0.00,0.00,0.00,0.00,0.00,0.00,0.00,0.00,0.00,0.00,0.00,0.00,0.00,18-Aug,19-Aug,20-Aug,21-Aug,22-Aug,23-Aug,24-Aug,18-Aug,19-Aug,20-Aug,21-Aug,22-Aug,23-Aug,24-Aug,7,7,0
Pune,Pune,Pune 2,Pune,Velhe,20013219,Wajeghar RR,Pimpri,255,1,0.00,0.00,0.00,0.00,0.00,0.00,0.00,0.00,0.00,0.00,0.00,0.00,0.00,0.00,18-Aug,19-Aug,20-Aug,21-Aug,22-Aug,23-Aug,24-Aug,18-Aug,19-Aug,20-Aug,21-Aug,22-Aug,23-Aug,24-Aug,7,7,0
Pune,Pune,Pune 2,Pune,Velhe,20013219,Wajeghar RR,Wajeghar KH,147,2,0.00,0.00,0.00,0.00,0.00,0.00,0.00,0.00,0.00,0.00,0.00,0.00,0.00,0.00,18-Aug,19-Aug,20-Aug,21-Aug,22-Aug,23-Aug,24-Aug,18-Aug,19-Aug,20-Aug,21-Aug,22-Aug,23-Aug,24-Aug,7,7,0
Pune,Pune,Pune,Pune,Ambegaon,20017194,Gadadarewadi & Khandobachiwadi,GADADARWADI,2253,3,0.02,0.01,0.00,0.02,0.01,0.01,0.02,0.80,0.41,0.00,0.77,0.52,0.58,0.81,18-Aug,19-Aug,20-Aug,21-Aug,22-Aug,23-Aug,24-Aug,18-Aug,19-Aug,20-Aug,21-Aug,22-Aug,23-Aug,24-Aug,1,7,0
Pune,Pune,Pune,Pune,Ambegaon,20017194,Gadadarewadi & Khandobachiwadi,Masobawadi,347,1,0.00,0.00,0.00,0.00,0.00,0.00,0.00,0.00,0.00,0.00,0.00,0.00,0.00,0.00,18-Aug,19-Aug,20-Aug,21-Aug,22-Aug,23-Aug,24-Aug,18-Aug,19-Aug,20-Aug,21-Aug,22-Aug,23-Aug,24-Aug,7,7,0
Pune,Pune,Pune,Pune,Ambegaon,20017262,Supe,AMBE KHURD,1149,1,0.13,0.21,1.56,0.00,0.79,1.41,0.09,11.64,18.01,136.18,0.00,68.64,122.96,7.40,18-Aug,19-Aug,20-Aug,21-Aug,22-Aug,23-Aug,24-Aug,18-Aug,19-Aug,20-Aug,21-Aug,22-Aug,23-Aug,24-Aug,1,4,3
Pune,Pune,Pune,Pune,Ambegaon,20017262,Supe,BABURDI,1667,1,0.03,0.00,0.05,0.01,0.05,0.05,0.00,1.82,0.00,2.70,0.49,3.18,2.76,0.00,18-Aug,19-Aug,20-Aug,21-Aug,22-Aug,23-Aug,24-Aug,18-Aug,19-Aug,20-Aug,21-Aug,22-Aug,23-Aug,24-Aug,2,7,0
Pune,Pune,Pune,Pune,Ambegaon,20017262,Supe,BORKARWADI,2105,1,2403.12,0.07,1987.10,0.00,1305.84,0.19,2557.12,114162.62,3.46,94398.94,0.00,62035.20,9.19,121478.40,18-Aug,19-Aug,20-Aug,21-Aug,22-Aug,23-Aug,24-Aug,18-Aug,19-Aug,20-Aug,21-Aug,22-Aug,23-Aug,24-Aug,1,3,4
Pune,Pune,Pune,Pune,Ambegaon,20017262,Supe,CHANDUGADEWADI,767,1,0.00,0.00,0.01,0.56,0.00,0.45,0.00,0.00,0.00,0.85,72.40,0.09,58.07,0.00,18-Aug,19-Aug,20-Aug,21-Aug,22-Aug,23-Aug,24-Aug,18-Aug,19-Aug,20-Aug,21-Aug,22-Aug,23-Aug,24-Aug,3,5,2
Pune,Pune,Pune,Pune,Ambegaon,20017262,Supe,DANDWADI,2124,1,0.85,1.39,0.59,1.20,0.50,1.54,0.61,39.95,65.33,27.66,56.64,23.63,72.72,28.82,18-Aug,19-Aug,20-Aug,21-Aug,22-Aug,23-Aug,24-Aug,18-Aug,19-Aug,20-Aug,21-Aug,22-Aug,23-Aug,24-Aug,0,4,3
Pune,Pune,Pune,Pune,Ambegaon,20017262,Supe,KALKHAIREWADI,1812,2,0.07,0.08,0.00,0.02,0.00,0.09,0.08,4.07,4.32,0.00,1.13,0.00,4.74,4.49,18-Aug,19-Aug,20-Aug,21-Aug,22-Aug,23-Aug,24-Aug,18-Aug,19-Aug,20-Aug,21-Aug,22-Aug,23-Aug,24-Aug,2,7,0
Pune,Pune,Pune,Pune,Ambegaon,20017262,Supe,KUTAWALWADI,2290,1,0.15,0.19,0.52,0.13,0.46,0.09,0.45,6.57,8.25,22.70,5.47,19.95,4.07,19.61,18-Aug,19-Aug,20-Aug,21-Aug,22-Aug,23-Aug,24-Aug,18-Aug,19-Aug,20-Aug,21-Aug,22-Aug,23-Aug,24-Aug,0,7,0
Pune,Pune,Pune,Pune,Ambegaon,20017262,Supe,MANGOBACHIWADI,257,1,0.10,0.24,0.22,0.21,0.24,0.23,0.19,39.94,92.57,85.18,83.46,93.78,90.09,72.18,18-Aug,19-Aug,20-Aug,21-Aug,22-Aug,23-Aug,24-Aug,18-Aug,19-Aug,20-Aug,21-Aug,22-Aug,23-Aug,24-Aug,0,1,6
Pune,Pune,Pune,Pune,Ambegaon,20017262,Supe,NAROLI,1486,1,0.00,0.01,0.02,0.03,0.03,0.00,0.01,0.00,0.97,1.01,1.84,2.13,0.01,0.68,18-Aug,19-Aug,20-Aug,21-Aug,22-Aug,23-Aug,24-Aug,18-Aug,19-Aug,20-Aug,21-Aug,22-Aug,23-Aug,24-Aug,1,7,0
Pune,Pune,Pune,Pune,Ambegaon,20017262,Supe,SHERECHIWADI,1089,1,0.00,0.00,0.00,0.30,0.32,0.00,0.00,0.00,0.00,0.00,27.60,29.00,0.00,0.00,18-Aug,19-Aug,20-Aug,21-Aug,22-Aug,23-Aug,24-Aug,18-Aug,19-Aug,20-Aug,21-Aug,22-Aug,23-Aug,24-Aug,5,7,0
Pune,Pune,Pune,Pune,Ambegaon,20017262,Supe,SUPE,5512,2,15015.47,16561.15,15428.93,15149.35,20276.95,27304.12,18754.34,272414.21,300456.37,279915.19,274843.01,367869.28,495357.85,340245.58,18-Aug,19-Aug,20-Aug,21-Aug,22-Aug,23-Aug,24-Aug,18-Aug,19-Aug,20-Aug,21-Aug,22-Aug,23-Aug,24-Aug,0,0,7
Pune,Pune,Pune,Pune,Ambegaon,20017262,Supe,TAMBEWASTI,667,1,1.05,1.07,0.68,0.94,0.73,0.85,0.63,157.81,160.26,102.22,141.52,108.92,127.00,93.72,18-Aug,19-Aug,20-Aug,21-Aug,22-Aug,23-Aug,24-Aug,18-Aug,19-Aug,20-Aug,21-Aug,22-Aug,23-Aug,24-Aug,0,0,7
Pune,Pune,Pune,Pune,Ambegaon,20017262,Supe,VADHANE,1981,1,0.74,1.13,0.39,1.38,4.37,1.18,0.42,37.44,57.20,19.62,69.46,220.52,59.69,21.41,18-Aug,19-Aug,20-Aug,21-Aug,22-Aug,23-Aug,24-Aug,18-Aug,19-Aug,20-Aug,21-Aug,22-Aug,23-Aug,24-Aug,0,3,4
Pune,Pune,Pune,Pune,Ambegaon,20027855,Thopatewadi Late,Bajarangwadi,1748,3,0.00,0.00,0.00,0.00,0.00,0.00,0.00,0.00,0.00,0.00,0.00,0.00,0.00,0.00,18-Aug,19-Aug,20-Aug,21-Aug,22-Aug,23-Aug,24-Aug,18-Aug,19-Aug,20-Aug,21-Aug,22-Aug,23-Aug,24-Aug,7,7,0
Pune,Pune,Pune,Pune,Ambegaon,20027855,Thopatewadi Late,Kurnewadi,1484,1,0.00,0.00,0.00,0.00,0.00,0.00,0.00,0.00,0.00,0.00,0.00,0.00,0.00,0.00,18-Aug,19-Aug,20-Aug,21-Aug,22-Aug,23-Aug,24-Aug,18-Aug,19-Aug,20-Aug,21-Aug,22-Aug,23-Aug,24-Aug,7,7,0
Pune,Pune,Pune,Pune,Ambegaon,20027855,Thopatewadi Late,Late,1222,1,0.00,1.03,1.11,0.54,1.23,1.65,1.13,0.00,84.29,90.76,43.79,100.65,135.12,92.54,18-Aug,19-Aug,20-Aug,21-Aug,22-Aug,23-Aug,24-Aug,18-Aug,19-Aug,20-Aug,21-Aug,22-Aug,23-Aug,24-Aug,1,2,5
Pune,Pune,Pune,Pune,Ambegaon,20027855,Thopatewadi Late,Malwadi,1230,2,0.00,0.02,0.02,0.01,0.00,0.01,0.01,0.00,1.23,1.23,1.04,0.03,0.72,1.11,18-Aug,19-Aug,20-Aug,21-Aug,22-Aug,23-Aug,24-Aug,18-Aug,19-Aug,20-Aug,21-Aug,22-Aug,23-Aug,24-Aug,1,7,0
Pune,Pune,Pune,Pune,Ambegaon,20027855,Thopatewadi Late,Thopatewadi,2118,3,0.00,0.00,0.00,0.00,0.00,0.00,0.00,0.00,0.00,0.00,0.00,0.00,0.00,0.00,18-Aug,19-Aug,20-Aug,21-Aug,22-Aug,23-Aug,24-Aug,18-Aug,19-Aug,20-Aug,21-Aug,22-Aug,23-Aug,24-Aug,7,7,0
Pune,Pune,Pune,Pune,Indapur,20051606,Varodi BK & 2 Villages,Varodi BK,428,1,,1812972346456030000000000000000000000.00,0.00,0.00,21.87,0.21,0.26,,423591669732718000000000000000000000000.00,0.00,0.00,5109.18,49.64,59.86,18-Aug,19-Aug,20-Aug,21-Aug,22-Aug,23-Aug,24-Aug,18-Aug,19-Aug,20-Aug,21-Aug,22-Aug,23-Aug,24-Aug,2,3,3
Pune,Pune,Pune,Pune,Indapur,20051606,Varodi BK & 2 Villages,Varodi Kh,723,2,,0.18,3859461788063590000.00,0.16,15.53,0.32,0.29,,24.48,533812142194134000000.00,21.46,2148.48,43.80,39.77,18-Aug,19-Aug,20-Aug,21-Aug,22-Aug,23-Aug,24-Aug,18-Aug,19-Aug,20-Aug,21-Aug,22-Aug,23-Aug,24-Aug,0,4,2
Pune,Pune,Pune,Pune,Khed,20050028,Uddhat,Jambh,1457,3,0.47,0.48,0.93,0.62,0.96,0.44,0.82,31.93,32.86,64.07,42.33,65.97,30.25,56.19,18-Aug,19-Aug,20-Aug,21-Aug,22-Aug,23-Aug,24-Aug,18-Aug,19-Aug,20-Aug,21-Aug,22-Aug,23-Aug,24-Aug,0,4,3
Pune,Pune,Pune,Pune,Khed,20050028,Uddhat,Tavashi,3010,3,,0.50,0.19,0.46,0.12,0.43,0.12,,16.61,6.38,15.37,4.11,14.30,3.89,18-Aug,19-Aug,20-Aug,21-Aug,22-Aug,23-Aug,24-Aug,18-Aug,19-Aug,20-Aug,21-Aug,22-Aug,23-Aug,24-Aug,0,6,0
Pune,Pune,Pune,Pune,Khed,20050028,Uddhat,Thoratwadi,2050,2,,0.06,0.04,0.05,0.02,0.04,0.07,,2.69,2.07,2.30,1.14,1.90,3.66,18-Aug,19-Aug,20-Aug,21-Aug,22-Aug,23-Aug,24-Aug,18-Aug,19-Aug,20-Aug,21-Aug,22-Aug,23-Aug,24-Aug,0,6,0
Pune,Pune,Pune,Pune,Khed,20050028,Uddhat,Uddhat,2780,3,1.01,0.82,1.13,0.71,0.67,0.93,1.17,36.36,29.36,40.78,25.47,23.98,33.60,41.93,18-Aug,19-Aug,20-Aug,21-Aug,22-Aug,23-Aug,24-Aug,18-Aug,19-Aug,20-Aug,21-Aug,22-Aug,23-Aug,24-Aug,0,7,0
Pune,Pune,Pune,Pune,Khed,20050028,Uddhat,Udnaiwadi,5000,1,0.12,0.13,0.44,0.00,0.00,0.12,0.64,2.45,2.67,8.88,0.00,0.00,2.45,12.86,18-Aug,19-Aug,20-Aug,21-Aug,22-Aug,23-Aug,24-Aug,18-Aug,19-Aug,20-Aug,21-Aug,22-Aug,23-Aug,24-Aug,2,7,0
Pune,Pune,Pune,Pune,Mulshi,20022133,Peth RR,Bhawadi,1529,3,,0.00,0.00,0.00,0.00,0.00,0.00,,0.00,0.00,0.00,0.00,0.00,0.00,18-Aug,19-Aug,20-Aug,21-Aug,22-Aug,23-Aug,24-Aug,18-Aug,19-Aug,20-Aug,21-Aug,22-Aug,23-Aug,24-Aug,6,6,0
Pune,Pune,Pune,Pune,Mulshi,20022133,Peth RR,Karegaon,1749,3,,0.00,0.40,0.42,0.66,1.93,0.92,,0.00,22.67,23.81,37.69,110.46,52.41,18-Aug,19-Aug,20-Aug,21-Aug,22-Aug,23-Aug,24-Aug,18-Aug,19-Aug,20-Aug,21-Aug,22-Aug,23-Aug,24-Aug,1,5,1
Pune,Pune,Pune,Pune,Mulshi,20022133,Peth RR,Kurwandi,2522,5,,0.00,0.00,0.00,0.00,0.00,0.00,,0.00,0.00,0.00,0.00,0.00,0.00,18-Aug,19-Aug,20-Aug,21-Aug,22-Aug,23-Aug,24-Aug,18-Aug,19-Aug,20-Aug,21-Aug,22-Aug,23-Aug,24-Aug,6,6,0
Pune,Pune,Pune,Pune,Mulshi,20022133,Peth RR,Paragaon,4195,8,,0.21,0.16,0.22,0.09,0.42,0.37,,4.99,3.71,5.36,2.20,10.07,8.80,18-Aug,19-Aug,20-Aug,21-Aug,22-Aug,23-Aug,24-Aug,18-Aug,19-Aug,20-Aug,21-Aug,22-Aug,23-Aug,24-Aug,0,6,0
Pune,Pune,Pune,Pune,Mulshi,20022133,Peth RR,Peth,387,6,,0.00,0.06,1.13,1.80,1.09,2.00,,0.00,16.60,291.58,465.77,281.57,517.77,18-Aug,19-Aug,20-Aug,21-Aug,22-Aug,23-Aug,24-Aug,18-Aug,19-Aug,20-Aug,21-Aug,22-Aug,23-Aug,24-Aug,1,2,4
Pune,Pune,Pune,Pune,Mulshi,20022133,Peth RR,Thugaon,778,5,,0.06,0.14,0.14,0.81,0.57,0.65,,7.60,17.75,18.23,103.87,73.09,83.09,18-Aug,19-Aug,20-Aug,21-Aug,22-Aug,23-Aug,24-Aug,18-Aug,19-Aug,20-Aug,21-Aug,22-Aug,23-Aug,24-Aug,0,3,3
Pune,Pune,Pune,Pune,Purandar,20016917,Dive,PAWARWADI,1160,1,0.00,0.00,0.00,0.00,0.00,0.00,0.00,0.00,0.00,0.00,0.00,0.00,0.00,0.00,18-Aug,19-Aug,20-Aug,21-Aug,22-Aug,23-Aug,24-Aug,18-Aug,19-Aug,20-Aug,21-Aug,22-Aug,23-Aug,24-Aug,7,7,0
Pune,Pune,Pune,Pune,Purandar,20027436,Pargaoan Malshiras,Pargaon,3108,2,,0.00,0.00,0.00,0.00,0.00,0.00,,0.00,0.00,0.00,0.00,0.00,0.00,18-Aug,19-Aug,20-Aug,21-Aug,22-Aug,23-Aug,24-Aug,18-Aug,19-Aug,20-Aug,21-Aug,22-Aug,23-Aug,24-Aug,6,6,0
Pune,Pune,Pune,Pune,Purandar,20027436,Pargaoan Malshiras,Rise,1478,2,,0.00,0.00,0.00,0.37,0.00,0.00,,0.00,0.00,0.00,25.21,0.00,0.00,18-Aug,19-Aug,20-Aug,21-Aug,22-Aug,23-Aug,24-Aug,18-Aug,19-Aug,20-Aug,21-Aug,22-Aug,23-Aug,24-Aug,5,6,0
Pune,Pune,Pune,Pune,Purandar,20027436,Pargaoan Malshiras,Singapur Gaothan,1373,1,0.00,0.00,0.00,0.00,0.00,0.00,0.00,0.00,0.00,0.00,0.00,0.00,0.00,0.00,18-Aug,19-Aug,20-Aug,21-Aug,22-Aug,23-Aug,24-Aug,18-Aug,19-Aug,20-Aug,21-Aug,22-Aug,23-Aug,24-Aug,7,7,0
Pune,Pune,Pune,Pune,Purandar,20027459,Shivari,MUNJEWADI-EKHATAPUR,1651,1,0.00,0.00,0.00,0.00,0.00,0.00,0.38,0.00,0.00,0.00,0.00,0.00,0.04,23.10,18-Aug,19-Aug,20-Aug,21-Aug,22-Aug,23-Aug,24-Aug,18-Aug,19-Aug,20-Aug,21-Aug,22-Aug,23-Aug,24-Aug,5,7,0
Pune,Pune,Pune,Pune,Purandar,20027459,Shivari,SAKURDE GAVTHAN,2692,2,,0.01,0.13,0.73,0.01,0.13,0.72,,0.46,4.79,27.14,0.39,4.70,26.90,18-Aug,19-Aug,20-Aug,21-Aug,22-Aug,23-Aug,24-Aug,18-Aug,19-Aug,20-Aug,21-Aug,22-Aug,23-Aug,24-Aug,0,6,0
Pune,Pune,Pune,Pune,Purandar,20027459,Shivari,SHIVARI,2109,4,0.00,0.00,0.03,0.05,0.18,0.09,0.02,0.00,0.00,1.24,2.60,8.60,4.07,0.74,18-Aug,19-Aug,20-Aug,21-Aug,22-Aug,23-Aug,24-Aug,18-Aug,19-Aug,20-Aug,21-Aug,22-Aug,23-Aug,24-Aug,2,7,0
Pune,Pune,Pune,Satara,Satara,20027924,Shapur Jakatwadi,JAKATWADI,2619,3,,1745.58,904680481058401000000.00,553.79,1051.73,148284520704078000000000000.00,801.23,,66650.56,34542973694478900000000.00,21145.23,40157.77,5661875551893020000000000000.00,30593.14,18-Aug,19-Aug,20-Aug,21-Aug,22-Aug,23-Aug,24-Aug,18-Aug,19-Aug,20-Aug,21-Aug,22-Aug,23-Aug,24-Aug,0,0,6
Pune,Pune,Pune,Satara,Satara,20027924,Shapur Jakatwadi,SHAHAPUR,972,1,,0.00,0.00,0.00,0.00,150684911534.08,0.00,,0.00,0.00,0.00,0.00,15502562915028.80,0.00,18-Aug,19-Aug,20-Aug,21-Aug,22-Aug,23-Aug,24-Aug,18-Aug,19-Aug,20-Aug,21-Aug,22-Aug,23-Aug,24-Aug,5,5,1
Pune,Pune,Satara,Phaltan,Phaltan,20027892,RR Girvi WSS,Bhadali Bk,787,1,,0.00,0.00,0.00,0.00,0.00,0.00,,0.00,0.00,0.00,0.00,0.00,0.00,18-Aug,19-Aug,20-Aug,21-Aug,22-Aug,23-Aug,24-Aug,18-Aug,19-Aug,20-Aug,21-Aug,22-Aug,23-Aug,24-Aug,6,6,0
Pune,Pune,Satara,Phaltan,Phaltan,20027892,RR Girvi WSS,Bhadali Gouthan,1230,1,,0.00,0.00,0.00,0.00,0.00,0.00,,0.00,0.00,0.00,0.00,0.00,0.00,18-Aug,19-Aug,20-Aug,21-Aug,22-Aug,23-Aug,24-Aug,18-Aug,19-Aug,20-Aug,21-Aug,22-Aug,23-Aug,24-Aug,6,6,0
Pune,Pune,Satara,Phaltan,Phaltan,20027892,RR Girvi WSS,Sonwadi (Bk),1100,1,,30.35,0.00,23.00,0.00,1.33,22.93,,2758.82,0.00,2091.25,0.00,120.97,2084.68,18-Aug,19-Aug,20-Aug,21-Aug,22-Aug,23-Aug,24-Aug,18-Aug,19-Aug,20-Aug,21-Aug,22-Aug,23-Aug,24-Aug,2,2,4
Pune,Pune,Satara,Phaltan,Phaltan,20027892,RR Girvi WSS,Tirakwadi,1013,1,,0.00,0.00,0.00,0.00,0.00,0.00,,0.00,0.00,0.00,0.00,0.00,0.00,18-Aug,19-Aug,20-Aug,21-Aug,22-Aug,23-Aug,24-Aug,18-Aug,19-Aug,20-Aug,21-Aug,22-Aug,23-Aug,24-Aug,6,6,0
Pune,Pune,Satara,Phaltan,Phaltan,20027892,RR Girvi WSS,Zirapwadi,1451,1,,0.00,0.00,0.00,0.00,0.00,0.00,,0.00,0.00,0.00,0.00,0.00,0.00,18-Aug,19-Aug,20-Aug,21-Aug,22-Aug,23-Aug,24-Aug,18-Aug,19-Aug,20-Aug,21-Aug,22-Aug,23-Aug,24-Aug,6,6,0
Pune,Pune,Satara,Pune,Phaltan,20019021,Dhuldev Algudewadi,Algudewadi,434,4,,0.00,0.00,0.00,0.00,0.00,0.00,,0.00,0.00,0.00,0.00,0.00,0.00,18-Aug,19-Aug,20-Aug,21-Aug,22-Aug,23-Aug,24-Aug,18-Aug,19-Aug,20-Aug,21-Aug,22-Aug,23-Aug,24-Aug,6,6,0
Pune,Pune,Satara,Pune,Phaltan,20019021,Dhuldev Algudewadi,Dhuldev,434,4,,0.00,0.00,0.00,0.00,0.00,0.00,,0.00,0.00,0.00,0.00,0.00,0.00,18-Aug,19-Aug,20-Aug,21-Aug,22-Aug,23-Aug,24-Aug,18-Aug,19-Aug,20-Aug,21-Aug,22-Aug,23-Aug,24-Aug,6,6,0
Pune,Pune,Satara,Pune,Phaltan,20019031,Hol Khamgaon,HOL,2189,5,0.00,0.00,0.00,0.00,0.00,0.00,0.00,0.00,0.00,0.00,0.00,0.00,0.00,0.00,18-Aug,19-Aug,20-Aug,21-Aug,22-Aug,23-Aug,24-Aug,18-Aug,19-Aug,20-Aug,21-Aug,22-Aug,23-Aug,24-Aug,7,7,0
Pune,Sangli,Sangli,Islampur,Valva,7940233,Peth & two Villages,Golewadi,482,1,,0.00,0.00,0.00,0.00,0.00,0.00,,0.00,0.00,0.00,0.00,0.00,0.00,18-Aug,19-Aug,20-Aug,21-Aug,22-Aug,23-Aug,24-Aug,18-Aug,19-Aug,20-Aug,21-Aug,22-Aug,23-Aug,24-Aug,6,6,0
Pune,Sangli,Sangli,Islampur,Valva,7940233,Peth & two Villages,Peth,11091,3,,0.00,0.00,4.60,0.00,1.82,2.52,,0.00,0.00,41.44,0.00,16.45,22.68,18-Aug,19-Aug,20-Aug,21-Aug,22-Aug,23-Aug,24-Aug,18-Aug,19-Aug,20-Aug,21-Aug,22-Aug,23-Aug,24-Aug,3,6,0
Pune,Sangli,Sangli,Islampur,Valva,7940233,Peth & two Villages,Waghwadi,1161,1,,0.77,0.45,0.49,0.70,0.64,0.41,,66.22,38.77,42.42,60.27,55.10,35.29,18-Aug,19-Aug,20-Aug,21-Aug,22-Aug,23-Aug,24-Aug,18-Aug,19-Aug,20-Aug,21-Aug,22-Aug,23-Aug,24-Aug,0,3,3
Pune,Sangli,Solapur,Solapur,Mangalvedhe,20033593,Andhalgaon and 3 villages,ANDHALEGAON,6159,3,,0.00,0.00,0.00,0.00,0.00,0.00,,0.00,0.00,0.00,0.00,0.00,0.00,18-Aug,19-Aug,20-Aug,21-Aug,22-Aug,23-Aug,24-Aug,18-Aug,19-Aug,20-Aug,21-Aug,22-Aug,23-Aug,24-Aug,6,6,0
Pune,Sangli,Solapur,Solapur,Mangalvedhe,20033593,Andhalgaon and 3 villages,CHOKAMELA,7934,1,,0.00,0.00,0.00,0.00,0.00,0.00,,0.00,0.00,0.00,0.00,0.00,0.00,18-Aug,19-Aug,20-Aug,21-Aug,22-Aug,23-Aug,24-Aug,18-Aug,19-Aug,20-Aug,21-Aug,22-Aug,23-Aug,24-Aug,6,6,0
Pune,Sangli,Solapur,Solapur,Mangalvedhe,20033593,Andhalgaon and 3 villages,LAXMIDHAHIWADI,7253,2,,0.00,0.00,0.00,0.00,0.00,0.00,,0.00,0.00,0.00,0.00,0.00,0.00,18-Aug,19-Aug,20-Aug,21-Aug,22-Aug,23-Aug,24-Aug,18-Aug,19-Aug,20-Aug,21-Aug,22-Aug,23-Aug,24-Aug,6,6,0
Pune,Sangli,Solapur,Solapur,Mohol,20029637,Penur Patkul,Patkul,7358,2,,0.34,0.00,0.20,0.00,0.47,0.34,,4.59,0.00,2.68,0.00,6.33,4.59,18-Aug,19-Aug,20-Aug,21-Aug,22-Aug,23-Aug,24-Aug,18-Aug,19-Aug,20-Aug,21-Aug,22-Aug,23-Aug,24-Aug,2,6,0
Pune,Sangli,Solapur,Solapur,Mohol,20029637,Penur Patkul,Penur,8755,1,,0.15,0.14,0.06,0.01,0.00,0.00,,1.69,1.58,0.69,0.12,0.00,0.00,18-Aug,19-Aug,20-Aug,21-Aug,22-Aug,23-Aug,24-Aug,18-Aug,19-Aug,20-Aug,21-Aug,22-Aug,23-Aug,24-Aug,2,6,0
Pune,Sangli,Solapur,Solapur,Sangola,20027396,Alegaon shirbhavi 82 Village,Ajanale,8051,1,,1.08,0.37,1.86,1.26,1.20,1.41,,13.39,4.58,23.13,15.60,14.86,17.57,18-Aug,19-Aug,20-Aug,21-Aug,22-Aug,23-Aug,24-Aug,18-Aug,19-Aug,20-Aug,21-Aug,22-Aug,23-Aug,24-Aug,0,6,0
Pune,Sangli,Solapur,Solapur,Sangola,20027396,Alegaon shirbhavi 82 Village,Alegaon,4802,1,,0.00,0.00,0.00,0.00,0.00,0.00,,0.00,0.00,0.00,0.00,0.00,0.00,18-Aug,19-Aug,20-Aug,21-Aug,22-Aug,23-Aug,24-Aug,18-Aug,19-Aug,20-Aug,21-Aug,22-Aug,23-Aug,24-Aug,6,6,0
Pune,Sangli,Solapur,Solapur,Sangola,20027396,Alegaon shirbhavi 82 Village,Anakdhal,8599,1,,0.00,0.00,0.00,0.00,0.00,0.00,,0.00,0.00,0.00,0.00,0.00,0.00,18-Aug,19-Aug,20-Aug,21-Aug,22-Aug,23-Aug,24-Aug,18-Aug,19-Aug,20-Aug,21-Aug,22-Aug,23-Aug,24-Aug,6,6,0
Pune,Sangli,Solapur,Solapur,Sangola,20027396,Alegaon shirbhavi 82 Village,Balwadi,2087,1,,1.05,0.00,0.00,0.96,0.00,0.00,,50.10,0.00,0.00,45.90,0.00,0.00,18-Aug,19-Aug,20-Aug,21-Aug,22-Aug,23-Aug,24-Aug,18-Aug,19-Aug,20-Aug,21-Aug,22-Aug,23-Aug,24-Aug,4,6,0
Pune,Sangli,Solapur,Solapur,Sangola,20027396,Alegaon shirbhavi 82 Village,Bhamni,2572,1,,0.45,0.99,0.00,97.41,1.80,1.66,,17.31,38.35,0.00,3787.30,69.89,64.40,18-Aug,19-Aug,20-Aug,21-Aug,22-Aug,23-Aug,24-Aug,18-Aug,19-Aug,20-Aug,21-Aug,22-Aug,23-Aug,24-Aug,1,3,3
Pune,Sangli,Solapur,Solapur,Sangola,20027396,Alegaon shirbhavi 82 Village,Bhopasewadi,2875,1,,0.00,0.00,0.00,0.00,0.00,0.00,,0.00,0.00,0.00,0.00,0.00,0.00,18-Aug,19-Aug,20-Aug,21-Aug,22-Aug,23-Aug,24-Aug,18-Aug,19-Aug,20-Aug,21-Aug,22-Aug,23-Aug,24-Aug,6,6,0
Pune,Sangli,Solapur,Solapur,Sangola,20027396,Alegaon shirbhavi 82 Village,Budhyal,1218,1,,1.66,2.14,1.72,2.33,2.50,2.49,,136.42,175.65,141.13,191.26,204.95,204.40,18-Aug,19-Aug,20-Aug,21-Aug,22-Aug,23-Aug,24-Aug,18-Aug,19-Aug,20-Aug,21-Aug,22-Aug,23-Aug,24-Aug,0,0,6
Pune,Sangli,Solapur,Solapur,Sangola,20027396,Alegaon shirbhavi 82 Village,Burangewadi,4570,1,,0.00,0.00,0.00,0.00,0.00,0.00,,0.00,0.01,0.00,0.01,0.00,0.00,18-Aug,19-Aug,20-Aug,21-Aug,22-Aug,23-Aug,24-Aug,18-Aug,19-Aug,20-Aug,21-Aug,22-Aug,23-Aug,24-Aug,4,6,0
Pune,Sangli,Solapur,Solapur,Sangola,20027396,Alegaon shirbhavi 82 Village,Chincholi Gaon,4045,1,,0.09,0.00,0.07,0.00,0.07,0.00,,2.27,0.00,1.77,0.00,1.82,0.00,18-Aug,19-Aug,20-Aug,21-Aug,22-Aug,23-Aug,24-Aug,18-Aug,19-Aug,20-Aug,21-Aug,22-Aug,23-Aug,24-Aug,3,6,0
Pune,Sangli,Solapur,Solapur,Sangola,20027396,Alegaon shirbhavi 82 Village,Chinke,6814,1,,2.06,1.03,1.69,1.90,1.68,1.60,,30.26,15.15,24.86,27.90,24.67,23.42,18-Aug,19-Aug,20-Aug,21-Aug,22-Aug,23-Aug,24-Aug,18-Aug,19-Aug,20-Aug,21-Aug,22-Aug,23-Aug,24-Aug,0,6,0
Pune,Sangli,Solapur,Solapur,Sangola,20027396,Alegaon shirbhavi 82 Village,Chopadi,3313,1,,0.00,0.00,0.00,0.00,0.00,0.00,,0.00,0.00,0.00,0.00,0.00,0.00,18-Aug,19-Aug,20-Aug,21-Aug,22-Aug,23-Aug,24-Aug,18-Aug,19-Aug,20-Aug,21-Aug,22-Aug,23-Aug,24-Aug,6,6,0
Pune,Sangli,Solapur,Solapur,Sangola,20027396,Alegaon shirbhavi 82 Village,Deole,1568,1,,0.00,0.00,0.00,0.00,0.00,0.00,,0.00,0.00,0.00,0.00,0.00,0.00,18-Aug,19-Aug,20-Aug,21-Aug,22-Aug,23-Aug,24-Aug,18-Aug,19-Aug,20-Aug,21-Aug,22-Aug,23-Aug,24-Aug,6,6,0
Pune,Sangli,Solapur,Solapur,Sangola,20027396,Alegaon shirbhavi 82 Village,Devkate Wadi,1261,1,,0.00,0.00,0.00,0.00,0.00,0.00,,0.00,0.00,0.00,0.00,0.00,0.00,18-Aug,19-Aug,20-Aug,21-Aug,22-Aug,23-Aug,24-Aug,18-Aug,19-Aug,20-Aug,21-Aug,22-Aug,23-Aug,24-Aug,6,6,0
Pune,Sangli,Solapur,Solapur,Sangola,20027396,Alegaon shirbhavi 82 Village,Dhayati,4586,1,,0.00,0.00,0.00,0.00,0.00,0.00,,0.00,0.00,0.00,0.00,0.00,0.00,18-Aug,19-Aug,20-Aug,21-Aug,22-Aug,23-Aug,24-Aug,18-Aug,19-Aug,20-Aug,21-Aug,22-Aug,23-Aug,24-Aug,6,6,0
Pune,Sangli,Solapur,Solapur,Sangola,20027396,Alegaon shirbhavi 82 Village,Dongargaon,4021,1,,0.15,0.00,0.00,0.26,0.01,0.26,,3.83,0.05,0.00,6.50,0.22,6.55,18-Aug,19-Aug,20-Aug,21-Aug,22-Aug,23-Aug,24-Aug,18-Aug,19-Aug,20-Aug,21-Aug,22-Aug,23-Aug,24-Aug,1,6,0
Pune,Sangli,Solapur,Solapur,Sangola,20027396,Alegaon shirbhavi 82 Village,Gaudwadi,1508,1,,0.00,0.00,0.00,0.00,0.00,0.00,,0.00,0.00,0.00,0.00,0.00,0.00,18-Aug,19-Aug,20-Aug,21-Aug,22-Aug,23-Aug,24-Aug,18-Aug,19-Aug,20-Aug,21-Aug,22-Aug,23-Aug,24-Aug,6,6,0
Pune,Sangli,Solapur,Solapur,Sangola,20027396,Alegaon shirbhavi 82 Village,Gayghvan,1603,1,,0.00,0.00,0.00,0.00,0.00,0.00,,0.00,0.00,0.00,0.00,0.00,0.00,18-Aug,19-Aug,20-Aug,21-Aug,22-Aug,23-Aug,24-Aug,18-Aug,19-Aug,20-Aug,21-Aug,22-Aug,23-Aug,24-Aug,6,6,0
Pune,Sangli,Solapur,Solapur,Sangola,20027396,Alegaon shirbhavi 82 Village,Gherdi,2724,2,,114.83,100.75,0.00,0.93,1.25,1.21,,4215.50,3698.65,0.00,34.22,45.82,44.30,18-Aug,19-Aug,20-Aug,21-Aug,22-Aug,23-Aug,24-Aug,18-Aug,19-Aug,20-Aug,21-Aug,22-Aug,23-Aug,24-Aug,1,4,2
Pune,Sangli,Solapur,Solapur,Sangola,20027396,Alegaon shirbhavi 82 Village,Godasewadi,2730,1,,0.62,0.64,0.64,0.86,0.63,0.91,,22.80,23.62,23.38,31.62,23.08,33.47,18-Aug,19-Aug,20-Aug,21-Aug,22-Aug,23-Aug,24-Aug,18-Aug,19-Aug,20-Aug,21-Aug,22-Aug,23-Aug,24-Aug,0,6,0
Pune,Sangli,Solapur,Solapur,Sangola,20027396,Alegaon shirbhavi 82 Village,Hatid,1057,1,,0.88,0.30,1.06,0.38,1.47,0.38,,83.22,27.92,100.09,36.22,139.24,36.08,18-Aug,19-Aug,20-Aug,21-Aug,22-Aug,23-Aug,24-Aug,18-Aug,19-Aug,20-Aug,21-Aug,22-Aug,23-Aug,24-Aug,0,3,3
Pune,Sangli,Solapur,Solapur,Sangola,20027396,Alegaon shirbhavi 82 Village,Javala,1703,2,,3.33,1.06,2.48,2.66,2.84,2.80,,195.77,62.18,145.89,156.38,166.66,164.69,18-Aug,19-Aug,20-Aug,21-Aug,22-Aug,23-Aug,24-Aug,18-Aug,19-Aug,20-Aug,21-Aug,22-Aug,23-Aug,24-Aug,0,0,6
Pune,Sangli,Solapur,Solapur,Sangola,20027396,Alegaon shirbhavi 82 Village,Junoni,4895,1,,0.00,0.00,0.00,0.00,0.00,0.00,,0.00,0.00,0.00,0.00,0.00,0.00,18-Aug,19-Aug,20-Aug,21-Aug,22-Aug,23-Aug,24-Aug,18-Aug,19-Aug,20-Aug,21-Aug,22-Aug,23-Aug,24-Aug,6,6,0
Pune,Sangli,Solapur,Solapur,Sangola,20027396,Alegaon shirbhavi 82 Village,Kamlapur,1541,1,,0.00,0.00,0.00,0.00,0.00,0.00,,0.00,0.00,0.00,0.00,0.01,0.00,18-Aug,19-Aug,20-Aug,21-Aug,22-Aug,23-Aug,24-Aug,18-Aug,19-Aug,20-Aug,21-Aug,22-Aug,23-Aug,24-Aug,5,6,0
Pune,Sangli,Solapur,Solapur,Sangola,20027396,Alegaon shirbhavi 82 Village,Karandewadi,1870,2,,1.78,0.00,0.32,0.14,2.00,0.49,,94.94,0.00,16.90,7.47,106.95,26.34,18-Aug,19-Aug,20-Aug,21-Aug,22-Aug,23-Aug,24-Aug,18-Aug,19-Aug,20-Aug,21-Aug,22-Aug,23-Aug,24-Aug,1,4,2
Pune,Sangli,Solapur,Solapur,Sangola,20027396,Alegaon shirbhavi 82 Village,Khilarwadi,2046,1,,0.25,0.13,0.00,0.00,0.00,0.02,,12.27,6.36,0.00,0.08,0.01,1.19,18-Aug,19-Aug,20-Aug,21-Aug,22-Aug,23-Aug,24-Aug,18-Aug,19-Aug,20-Aug,21-Aug,22-Aug,23-Aug,24-Aug,1,6,0
Pune,Sangli,Solapur,Solapur,Sangola,20027396,Alegaon shirbhavi 82 Village,Kidabisari,2657,1,,0.00,0.00,0.00,0.00,0.00,0.00,,0.00,0.00,0.00,0.00,0.00,0.00,18-Aug,19-Aug,20-Aug,21-Aug,22-Aug,23-Aug,24-Aug,18-Aug,19-Aug,20-Aug,21-Aug,22-Aug,23-Aug,24-Aug,6,6,0
Pune,Sangli,Solapur,Solapur,Sangola,20027396,Alegaon shirbhavi 82 Village,Kolegaon,2922,1,,0.00,0.00,0.00,0.00,0.00,0.00,,0.00,0.00,0.00,0.00,0.00,0.00,18-Aug,19-Aug,20-Aug,21-Aug,22-Aug,23-Aug,24-Aug,18-Aug,19-Aug,20-Aug,21-Aug,22-Aug,23-Aug,24-Aug,6,6,0
Pune,Sangli,Solapur,Solapur,Sangola,20027396,Alegaon shirbhavi 82 Village,LaxmiNagar,3031,1,,2.82,2.89,3.63,4.30,4.85,4.04,,93.14,95.49,119.88,141.92,159.89,133.38,18-Aug,19-Aug,20-Aug,21-Aug,22-Aug,23-Aug,24-Aug,18-Aug,19-Aug,20-Aug,21-Aug,22-Aug,23-Aug,24-Aug,0,0,6
Pune,Sangli,Solapur,Solapur,Sangola,20027396,Alegaon shirbhavi 82 Village,Lonavire,3490,1,,0.33,2.06,1.12,0.03,2.53,1.21,,9.33,59.17,32.09,0.89,72.59,34.58,18-Aug,19-Aug,20-Aug,21-Aug,22-Aug,23-Aug,24-Aug,18-Aug,19-Aug,20-Aug,21-Aug,22-Aug,23-Aug,24-Aug,0,4,2
Pune,Sangli,Solapur,Solapur,Sangola,20027396,Alegaon shirbhavi 82 Village,Mahim,4407,1,,2.55,2.82,2.96,2.25,2.26,2.68,,57.79,64.06,67.27,51.14,51.31,60.86,18-Aug,19-Aug,20-Aug,21-Aug,22-Aug,23-Aug,24-Aug,18-Aug,19-Aug,20-Aug,21-Aug,22-Aug,23-Aug,24-Aug,0,2,4
Pune,Sangli,Solapur,Solapur,Sangola,20027396,Alegaon shirbhavi 82 Village,Manjari,3049,1,,0.00,0.00,0.00,0.00,0.00,0.00,,0.00,0.00,0.00,0.00,0.00,0.00,18-Aug,19-Aug,20-Aug,21-Aug,22-Aug,23-Aug,24-Aug,18-Aug,19-Aug,20-Aug,21-Aug,22-Aug,23-Aug,24-Aug,6,6,0
Pune,Sangli,Solapur,Solapur,Sangola,20027396,Alegaon shirbhavi 82 Village,Metakar wadi,1286,2,,2.34,0.89,2.77,1.13,1.50,2.01,,181.92,69.20,215.13,87.95,116.60,156.53,18-Aug,19-Aug,20-Aug,21-Aug,22-Aug,23-Aug,24-Aug,18-Aug,19-Aug,20-Aug,21-Aug,22-Aug,23-Aug,24-Aug,0,0,6
Pune,Sangli,Solapur,Solapur,Sangola,20027396,Alegaon shirbhavi 82 Village,Nazare,1231,1,,0.00,0.00,0.00,0.00,0.00,0.00,,0.00,0.00,0.00,0.00,0.00,0.00,18-Aug,19-Aug,20-Aug,21-Aug,22-Aug,23-Aug,24-Aug,18-Aug,19-Aug,20-Aug,21-Aug,22-Aug,23-Aug,24-Aug,6,6,0
Pune,Sangli,Solapur,Solapur,Sangola,20027396,Alegaon shirbhavi 82 Village,Nizampur,3731,1,,0.41,0.66,0.40,0.00,1.72,0.00,,10.87,17.69,10.72,0.00,46.19,0.00,18-Aug,19-Aug,20-Aug,21-Aug,22-Aug,23-Aug,24-Aug,18-Aug,19-Aug,20-Aug,21-Aug,22-Aug,23-Aug,24-Aug,2,6,0
Pune,Sangli,Solapur,Solapur,Sangola,20027396,Alegaon shirbhavi 82 Village,Pachegaon BK,3466,1,,0.00,0.00,0.00,0.00,0.00,0.00,,0.00,0.00,0.00,0.00,0.00,0.00,18-Aug,19-Aug,20-Aug,21-Aug,22-Aug,23-Aug,24-Aug,18-Aug,19-Aug,20-Aug,21-Aug,22-Aug,23-Aug,24-Aug,6,6,0
Pune,Sangli,Solapur,Solapur,Sangola,20027396,Alegaon shirbhavi 82 Village,Rajuri,5234,1,,1.61,1.04,1.24,1.61,1.79,1.04,,30.70,19.94,23.64,30.80,34.19,19.96,18-Aug,19-Aug,20-Aug,21-Aug,22-Aug,23-Aug,24-Aug,18-Aug,19-Aug,20-Aug,21-Aug,22-Aug,23-Aug,24-Aug,0,6,0
Pune,Sangli,Solapur,Solapur,Sangola,20027396,Alegaon shirbhavi 82 Village,Sange wadi,2604,1,,0.00,0.00,0.00,0.00,0.00,0.00,,0.00,0.00,0.00,0.00,0.00,0.00,18-Aug,19-Aug,20-Aug,21-Aug,22-Aug,23-Aug,24-Aug,18-Aug,19-Aug,20-Aug,21-Aug,22-Aug,23-Aug,24-Aug,6,6,0
Pune,Sangli,Solapur,Solapur,Sangola,20027396,Alegaon shirbhavi 82 Village,shirbavi,4215,1,,0.00,0.00,0.00,0.00,0.00,0.00,,0.00,0.00,0.00,0.00,0.00,0.00,18-Aug,19-Aug,20-Aug,21-Aug,22-Aug,23-Aug,24-Aug,18-Aug,19-Aug,20-Aug,21-Aug,22-Aug,23-Aug,24-Aug,6,6,0
Pune,Sangli,Solapur,Solapur,Sangola,20027396,Alegaon shirbhavi 82 Village,shivane,4007,1,,50.59,23.07,0.00,0.00,50.59,0.00,,1262.47,575.86,0.00,0.00,1262.47,0.00,18-Aug,19-Aug,20-Aug,21-Aug,22-Aug,23-Aug,24-Aug,18-Aug,19-Aug,20-Aug,21-Aug,22-Aug,23-Aug,24-Aug,3,3,3
Pune,Sangli,Solapur,Solapur,Sangola,20027396,Alegaon shirbhavi 82 Village,Somewadi,1624,1,,0.45,0.56,0.24,0.00,0.50,0.29,,27.50,34.42,14.87,0.00,30.68,18.03,18-Aug,19-Aug,20-Aug,21-Aug,22-Aug,23-Aug,24-Aug,18-Aug,19-Aug,20-Aug,21-Aug,22-Aug,23-Aug,24-Aug,1,6,0
Pune,Sangli,Solapur,Solapur,Sangola,20027396,Alegaon shirbhavi 82 Village,Sonanad,1492,1,,0.07,2.97,0.01,2.01,0.91,2.91,,4.98,199.34,0.75,134.44,60.84,195.34,18-Aug,19-Aug,20-Aug,21-Aug,22-Aug,23-Aug,24-Aug,18-Aug,19-Aug,20-Aug,21-Aug,22-Aug,23-Aug,24-Aug,0,2,4
Pune,Sangli,Solapur,Solapur,Sangola,20027396,Alegaon shirbhavi 82 Village,Tarangewadi,1703,2,,0.48,1.72,0.46,0.66,1.18,0.84,,27.94,100.75,26.81,38.68,69.32,49.54,18-Aug,19-Aug,20-Aug,21-Aug,22-Aug,23-Aug,24-Aug,18-Aug,19-Aug,20-Aug,21-Aug,22-Aug,23-Aug,24-Aug,0,4,2
Pune,Sangli,Solapur,Solapur,Sangola,20027396,Alegaon shirbhavi 82 Village,Udenwadi,1834,1,,0.00,0.00,0.00,0.00,0.00,0.00,,0.00,0.00,0.00,0.00,0.00,0.00,18-Aug,19-Aug,20-Aug,21-Aug,22-Aug,23-Aug,24-Aug,18-Aug,19-Aug,20-Aug,21-Aug,22-Aug,23-Aug,24-Aug,6,6,0
Pune,Sangli,Solapur,Solapur,Sangola,20027396,Alegaon shirbhavi 82 Village,Vasud,3297,1,,0.00,0.00,0.00,0.00,0.00,0.00,,0.00,0.00,0.00,0.00,0.00,0.00,18-Aug,19-Aug,20-Aug,21-Aug,22-Aug,23-Aug,24-Aug,18-Aug,19-Aug,20-Aug,21-Aug,22-Aug,23-Aug,24-Aug,6,6,0
Pune,Sangli,Solapur,Solapur,Sangola,20027396,Alegaon shirbhavi 82 Village,Vazare,1954,1,,0.00,0.00,0.00,21.98,0.00,0.00,,0.00,0.00,0.00,1124.91,0.00,0.00,18-Aug,19-Aug,20-Aug,21-Aug,22-Aug,23-Aug,24-Aug,18-Aug,19-Aug,20-Aug,21-Aug,22-Aug,23-Aug,24-Aug,5,5,1
Pune,Sangli,Solapur,Solapur,Sangola,20027396,Alegaon shirbhavi 82 Village,Wadegaon,6374,1,,0.00,0.00,0.00,0.00,0.00,0.00,,0.00,0.00,0.00,0.00,0.00,0.00,18-Aug,19-Aug,20-Aug,21-Aug,22-Aug,23-Aug,24-Aug,18-Aug,19-Aug,20-Aug,21-Aug,22-Aug,23-Aug,24-Aug,6,6,0
Pune,Sangli,Solapur,Solapur,Sangola,20027396,Alegaon shirbhavi 82 Village,waki,2173,3,,0.48,0.08,106.86,0.11,107.08,0.11,,22.08,3.63,4917.48,4.99,4927.69,5.10,18-Aug,19-Aug,20-Aug,21-Aug,22-Aug,23-Aug,24-Aug,18-Aug,19-Aug,20-Aug,21-Aug,22-Aug,23-Aug,24-Aug,0,4,2
Pune,Sangli,Solapur,Solapur,Sangola,20027396,Alegaon shirbhavi 82 Village,Watambare,2228,1,,0.44,0.83,1.87,1.83,1.85,1.91,,19.60,37.16,84.11,82.09,82.91,85.84,18-Aug,19-Aug,20-Aug,21-Aug,22-Aug,23-Aug,24-Aug,18-Aug,19-Aug,20-Aug,21-Aug,22-Aug,23-Aug,24-Aug,0,2,4
Pune,Sangli,Solapur,Solapur,Sangola,20027396,Alegaon shirbhavi 82 Village,Y Mangewad,2525,1,,0.00,0.00,0.25,0.09,0.10,0.12,,0.00,0.00,9.75,3.46,4.12,4.62,18-Aug,19-Aug,20-Aug,21-Aug,22-Aug,23-Aug,24-Aug,18-Aug,19-Aug,20-Aug,21-Aug,22-Aug,23-Aug,24-Aug,2,6,0
Konkan,Palghar,Palghar,Palghar,Dahanu,4918426,BADA POKHARAN RETROFITTING RPWSS,Asangaon,2246,1,2.00,0.00,2.80,2.67,3.34,6.29,4.39,89.27,0.01,124.57,119.02,148.89,279.88,195.57,18-Aug,19-Aug,20-Aug,21-Aug,22-Aug,23-Aug,24-Aug,18-Aug,19-Aug,20-Aug,21-Aug,22-Aug,23-Aug,24-Aug,0,1,6
Konkan,Palghar,Palghar,Palghar,Dahanu,4918426,BADA POKHARAN RETROFITTING RPWSS,Asangaon Dandipada,688,2,,0.00,0.08,3.60,1.88,2.10,2.40,,0.00,12.08,523.23,273.82,305.47,348.82,18-Aug,19-Aug,20-Aug,21-Aug,22-Aug,23-Aug,24-Aug,18-Aug,19-Aug,20-Aug,21-Aug,22-Aug,23-Aug,24-Aug,1,2,4
Konkan,Palghar,Palghar,Palghar,Dahanu,4918426,BADA POKHARAN RETROFITTING RPWSS,Bada Pokharan,1971,1,,0.00,0.00,0.00,0.00,0.00,0.00,,0.00,0.00,0.00,0.00,0.00,0.00,18-Aug,19-Aug,20-Aug,21-Aug,22-Aug,23-Aug,24-Aug,18-Aug,19-Aug,20-Aug,21-Aug,22-Aug,23-Aug,24-Aug,6,6,0
Konkan,Palghar,Palghar,Palghar,Dahanu,4918426,BADA POKHARAN RETROFITTING RPWSS,Bavade,545,1,0.00,0.00,0.00,0.00,0.00,0.00,0.00,0.00,0.00,0.00,0.00,0.00,0.00,0.00,18-Aug,19-Aug,20-Aug,21-Aug,22-Aug,23-Aug,24-Aug,18-Aug,19-Aug,20-Aug,21-Aug,22-Aug,23-Aug,24-Aug,7,7,0
Konkan,Palghar,Palghar,Palghar,Dahanu,4918426,BADA POKHARAN RETROFITTING RPWSS,Chandigaon,1352,1,1.64,0.80,0.85,1.40,0.00,1.93,1.52,121.54,58.81,63.22,103.76,0.00,142.57,112.38,18-Aug,19-Aug,20-Aug,21-Aug,22-Aug,23-Aug,24-Aug,18-Aug,19-Aug,20-Aug,21-Aug,22-Aug,23-Aug,24-Aug,1,1,6
Konkan,Palghar,Palghar,Palghar,Dahanu,4918426,BADA POKHARAN RETROFITTING RPWSS,Chinchani,4890,4,9.21,0.00,11.08,2.75,0.13,7.98,25.69,188.26,0.01,226.62,56.24,2.59,163.24,525.42,18-Aug,19-Aug,20-Aug,21-Aug,22-Aug,23-Aug,24-Aug,18-Aug,19-Aug,20-Aug,21-Aug,22-Aug,23-Aug,24-Aug,0,2,5
Konkan,Palghar,Palghar,Palghar,Dahanu,4918426,BADA POKHARAN RETROFITTING RPWSS,Dedale,149,1,,0.00,0.00,0.00,0.00,0.00,0.00,,0.00,0.00,0.00,0.00,0.00,0.00,18-Aug,19-Aug,20-Aug,21-Aug,22-Aug,23-Aug,24-Aug,18-Aug,19-Aug,20-Aug,21-Aug,22-Aug,23-Aug,24-Aug,6,6,0
Konkan,Palghar,Palghar,Palghar,Dahanu,4918426,BADA POKHARAN RETROFITTING RPWSS,Dhakti Dahanu,5483,2,,0.00,0.00,0.00,0.00,0.00,0.00,,0.03,0.00,0.01,0.00,0.00,0.00,18-Aug,19-Aug,20-Aug,21-Aug,22-Aug,23-Aug,24-Aug,18-Aug,19-Aug,20-Aug,21-Aug,22-Aug,23-Aug,24-Aug,4,6,0
Konkan,Palghar,Palghar,Palghar,Dahanu,4918426,BADA POKHARAN RETROFITTING RPWSS,Dhumket,2198,1,,0.00,0.55,2.08,1.14,1.53,2.07,,0.00,24.83,94.55,52.04,69.69,94.38,18-Aug,19-Aug,20-Aug,21-Aug,22-Aug,23-Aug,24-Aug,18-Aug,19-Aug,20-Aug,21-Aug,22-Aug,23-Aug,24-Aug,1,3,3
Konkan,Palghar,Palghar,Palghar,Dahanu,4918426,BADA POKHARAN RETROFITTING RPWSS,Gowane,2872,1,,0.10,1.19,2.54,0.20,4.64,4.82,,3.40,41.37,88.29,7.04,161.49,167.96,18-Aug,19-Aug,20-Aug,21-Aug,22-Aug,23-Aug,24-Aug,18-Aug,19-Aug,20-Aug,21-Aug,22-Aug,23-Aug,24-Aug,0,3,3
Konkan,Palghar,Palghar,Palghar,Dahanu,4918426,BADA POKHARAN RETROFITTING RPWSS,Gungavade,1328,1,,0.00,0.00,0.00,0.00,0.00,0.00,,0.00,0.00,0.00,0.00,0.00,0.00,18-Aug,19-Aug,20-Aug,21-Aug,22-Aug,23-Aug,24-Aug,18-Aug,19-Aug,20-Aug,21-Aug,22-Aug,23-Aug,24-Aug,6,6,0
Konkan,Palghar,Palghar,Palghar,Dahanu,4918426,BADA POKHARAN RETROFITTING RPWSS,Kambode,300,2,,0.00,0.00,0.00,0.00,0.00,0.00,,0.00,0.00,0.00,0.00,0.00,0.00,18-Aug,19-Aug,20-Aug,21-Aug,22-Aug,23-Aug,24-Aug,18-Aug,19-Aug,20-Aug,21-Aug,22-Aug,23-Aug,24-Aug,6,6,0
Konkan,Palghar,Palghar,Palghar,Dahanu,4918426,BADA POKHARAN RETROFITTING RPWSS,Kapshi,1439,1,1.46,0.49,0.06,1.06,0.44,1.13,1.93,101.25,34.07,4.04,73.95,30.55,78.19,133.90,18-Aug,19-Aug,20-Aug,21-Aug,22-Aug,23-Aug,24-Aug,18-Aug,19-Aug,20-Aug,21-Aug,22-Aug,23-Aug,24-Aug,0,3,4
Konkan,Palghar,Palghar,Palghar,Dahanu,4918426,BADA POKHARAN RETROFITTING RPWSS,Ketkhadi,472,1,0.00,0.00,0.00,0.00,0.00,0.00,0.00,0.00,0.00,0.00,0.00,0.00,0.00,0.00,18-Aug,19-Aug,20-Aug,21-Aug,22-Aug,23-Aug,24-Aug,18-Aug,19-Aug,20-Aug,21-Aug,22-Aug,23-Aug,24-Aug,7,7,0
Konkan,Palghar,Palghar,Palghar,Dahanu,4918426,BADA POKHARAN RETROFITTING RPWSS,Kolavali- 1,1864,1,,2.02,0.81,0.45,2.45,3.03,4.50,,108.19,43.55,24.17,131.24,162.50,241.30,18-Aug,19-Aug,20-Aug,21-Aug,22-Aug,23-Aug,24-Aug,18-Aug,19-Aug,20-Aug,21-Aug,22-Aug,23-Aug,24-Aug,0,2,4
Konkan,Palghar,Palghar,Palghar,Dahanu,4918426,BADA POKHARAN RETROFITTING RPWSS,Kotim,316,1,,0.22,0.00,1.26,3.15,0.00,3.13,,71.12,0.00,398.79,996.93,0.00,991.57,18-Aug,19-Aug,20-Aug,21-Aug,22-Aug,23-Aug,24-Aug,18-Aug,19-Aug,20-Aug,21-Aug,22-Aug,23-Aug,24-Aug,2,2,4
Konkan,Palghar,Palghar,Palghar,Dahanu,4918426,BADA POKHARAN RETROFITTING RPWSS,Matgaon,1282,2,,0.00,0.00,0.00,0.00,0.00,0.00,,0.00,0.00,0.00,0.00,0.00,0.00,18-Aug,19-Aug,20-Aug,21-Aug,22-Aug,23-Aug,24-Aug,18-Aug,19-Aug,20-Aug,21-Aug,22-Aug,23-Aug,24-Aug,6,6,0
Konkan,Palghar,Palghar,Palghar,Dahanu,4918426,BADA POKHARAN RETROFITTING RPWSS,Pokharan,621,1,,0.00,0.00,0.00,0.00,0.00,0.00,,0.00,0.00,0.00,0.00,0.00,0.00,18-Aug,19-Aug,20-Aug,21-Aug,22-Aug,23-Aug,24-Aug,18-Aug,19-Aug,20-Aug,21-Aug,22-Aug,23-Aug,24-Aug,6,6,0
Konkan,Palghar,Palghar,Palghar,Dahanu,4918426,BADA POKHARAN RETROFITTING RPWSS,Sawarai,260,2,,0.00,0.00,0.26,0.62,0.68,0.13,,0.01,0.01,100.10,239.80,263.16,48.36,18-Aug,19-Aug,20-Aug,21-Aug,22-Aug,23-Aug,24-Aug,18-Aug,19-Aug,20-Aug,21-Aug,22-Aug,23-Aug,24-Aug,0,3,3
Konkan,Palghar,Palghar,Palghar,Dahanu,4918426,BADA POKHARAN RETROFITTING RPWSS,Tadiyale,1490,1,0.00,0.00,0.00,0.00,0.00,0.00,0.00,0.00,0.00,0.00,0.00,0.00,0.00,0.00,18-Aug,19-Aug,20-Aug,21-Aug,22-Aug,23-Aug,24-Aug,18-Aug,19-Aug,20-Aug,21-Aug,22-Aug,23-Aug,24-Aug,7,7,0
Konkan,Palghar,Palghar,Palghar,Dahanu,4918426,BADA POKHARAN RETROFITTING RPWSS,Tanashi,1208,1,0.00,0.00,0.00,0.00,0.00,0.00,0.00,0.00,0.00,0.00,0.00,0.00,0.00,0.00,18-Aug,19-Aug,20-Aug,21-Aug,22-Aug,23-Aug,24-Aug,18-Aug,19-Aug,20-Aug,21-Aug,22-Aug,23-Aug,24-Aug,7,7,0
Konkan,Palghar,Palghar,Palghar,Dahanu,4918426,BADA POKHARAN RETROFITTING RPWSS,Tarapur,6238,1,,0.00,0.00,0.00,0.00,0.00,0.00,,0.00,0.00,0.00,0.00,0.00,0.00,18-Aug,19-Aug,20-Aug,21-Aug,22-Aug,23-Aug,24-Aug,18-Aug,19-Aug,20-Aug,21-Aug,22-Aug,23-Aug,24-Aug,6,6,0
Konkan,Palghar,Palghar,Palghar,Dahanu,4918426,BADA POKHARAN RETROFITTING RPWSS,Tighare ada,1012,1,0.00,0.00,0.00,0.00,0.00,0.00,0.00,0.00,0.00,0.00,0.00,0.00,0.00,0.00,18-Aug,19-Aug,20-Aug,21-Aug,22-Aug,23-Aug,24-Aug,18-Aug,19-Aug,20-Aug,21-Aug,22-Aug,23-Aug,24-Aug,7,7,0
Konkan,Palghar,Palghar,Palghar,Dahanu,4918426,BADA POKHARAN RETROFITTING RPWSS,Vangaon,7617,4,,0.00,1.28,1.68,0.00,1.32,1.28,,0.00,16.86,22.05,0.00,17.27,16.86,18-Aug,19-Aug,20-Aug,21-Aug,22-Aug,23-Aug,24-Aug,18-Aug,19-Aug,20-Aug,21-Aug,22-Aug,23-Aug,24-Aug,2,6,0
Konkan,Palghar,Palghar,Palghar,Dahanu,4918426,BADA POKHARAN RETROFITTING RPWSS,Varor,4090,2,0.06,0.00,0.00,0.00,0.00,0.00,0.04,1.46,0.02,0.00,0.01,0.01,0.02,0.97,18-Aug,19-Aug,20-Aug,21-Aug,22-Aug,23-Aug,24-Aug,18-Aug,19-Aug,20-Aug,21-Aug,22-Aug,23-Aug,24-Aug,1,7,0
Konkan,Palghar,Palghar,Palghar,Dahanu,4918426,BADA POKHARAN RETROFITTING RPWSS,Vasgaon,1396,1,0.63,0.00,0.14,0.00,0.83,0.74,0.00,44.93,0.00,10.17,0.08,59.19,52.93,0.00,18-Aug,19-Aug,20-Aug,21-Aug,22-Aug,23-Aug,24-Aug,18-Aug,19-Aug,20-Aug,21-Aug,22-Aug,23-Aug,24-Aug,2,6,1
Konkan,Palghar,Palghar,Palghar,Dahanu,4918426,BADA POKHARAN RETROFITTING RPWSS,Wadhavan,1278,1,0.00,0.00,0.00,0.00,0.00,0.00,0.00,0.00,0.00,0.00,0.00,0.00,0.00,0.00,18-Aug,19-Aug,20-Aug,21-Aug,22-Aug,23-Aug,24-Aug,18-Aug,19-Aug,20-Aug,21-Aug,22-Aug,23-Aug,24-Aug,7,7,0
Konkan,Palghar,Palghar,Palghar,Dahanu,4918426,BADA POKHARAN RETROFITTING RPWSS,Wadhwan,1278,1,0.00,0.00,0.00,0.00,0.00,0.00,0.00,0.00,0.00,0.00,0.00,0.00,0.00,0.00,18-Aug,19-Aug,20-Aug,21-Aug,22-Aug,23-Aug,24-Aug,18-Aug,19-Aug,20-Aug,21-Aug,22-Aug,23-Aug,24-Aug,7,7,0
Konkan,Palghar,Palghar,Palghar,Mokhada,20028070,"MOKHADA TALUKA 58 VILLAGES R.R.W.S. SCHEME, TAL -MOKHADA",Ambyachapada Saturly,205,1,,0.01,0.00,0.00,0.00,0.00,0.00,,2.45,0.00,0.00,0.00,0.00,0.21,18-Aug,19-Aug,20-Aug,21-Aug,22-Aug,23-Aug,24-Aug,18-Aug,19-Aug,20-Aug,21-Aug,22-Aug,23-Aug,24-Aug,4,6,0
Konkan,Palghar,Palghar,Palghar,Mokhada,20028070,"MOKHADA TALUKA 58 VILLAGES R.R.W.S. SCHEME, TAL -MOKHADA",Botoshi,140,4,,0.29,0.00,9.64,1.36,0.07,1.07,,208.12,0.00,6886.51,970.34,47.32,764.39,18-Aug,19-Aug,20-Aug,21-Aug,22-Aug,23-Aug,24-Aug,18-Aug,19-Aug,20-Aug,21-Aug,22-Aug,23-Aug,24-Aug,1,2,4
Konkan,Palghar,Palghar,Palghar,Mokhada,20028070,"MOKHADA TALUKA 58 VILLAGES R.R.W.S. SCHEME, TAL -MOKHADA",Brahmagaon,1078,1,,0.00,0.00,0.00,0.21,0.01,0.03,,0.00,0.00,0.00,19.73,0.72,2.41,18-Aug,19-Aug,20-Aug,21-Aug,22-Aug,23-Aug,24-Aug,18-Aug,19-Aug,20-Aug,21-Aug,22-Aug,23-Aug,24-Aug,3,6,0
Konkan,Palghar,Palghar,Palghar,Mokhada,20028070,"MOKHADA TALUKA 58 VILLAGES R.R.W.S. SCHEME, TAL -MOKHADA",Charangaon,669,1,,0.00,0.00,0.00,0.00,0.00,0.00,,0.00,0.00,0.00,0.00,0.00,0.00,18-Aug,19-Aug,20-Aug,21-Aug,22-Aug,23-Aug,24-Aug,18-Aug,19-Aug,20-Aug,21-Aug,22-Aug,23-Aug,24-Aug,6,6,0
Konkan,Palghar,Palghar,Palghar,Mokhada,20028070,"MOKHADA TALUKA 58 VILLAGES R.R.W.S. SCHEME, TAL -MOKHADA",Chas,1003,1,,0.00,0.00,0.00,0.00,0.00,0.00,,0.00,0.00,0.00,0.00,0.00,0.01,18-Aug,19-Aug,20-Aug,21-Aug,22-Aug,23-Aug,24-Aug,18-Aug,19-Aug,20-Aug,21-Aug,22-Aug,23-Aug,24-Aug,5,6,0
Konkan,Palghar,Palghar,Palghar,Mokhada,20028070,"MOKHADA TALUKA 58 VILLAGES R.R.W.S. SCHEME, TAL -MOKHADA",Dandwal,446,1,0.00,0.00,0.00,0.00,0.00,0.00,0.00,0.00,0.00,0.01,0.00,0.00,0.00,0.00,18-Aug,19-Aug,20-Aug,21-Aug,22-Aug,23-Aug,24-Aug,18-Aug,19-Aug,20-Aug,21-Aug,22-Aug,23-Aug,24-Aug,6,7,0
Konkan,Palghar,Palghar,Palghar,Mokhada,20028070,"MOKHADA TALUKA 58 VILLAGES R.R.W.S. SCHEME, TAL -MOKHADA",Dhudgaon,1819,1,0.00,0.00,0.00,0.00,0.05,0.10,0.00,0.00,0.19,0.00,0.00,2.99,5.54,0.00,18-Aug,19-Aug,20-Aug,21-Aug,22-Aug,23-Aug,24-Aug,18-Aug,19-Aug,20-Aug,21-Aug,22-Aug,23-Aug,24-Aug,4,7,0
Konkan,Palghar,Palghar,Palghar,Mokhada,20028070,"MOKHADA TALUKA 58 VILLAGES R.R.W.S. SCHEME, TAL -MOKHADA",Dolhare,612,2,0.00,0.00,0.00,0.00,0.00,0.00,0.00,0.00,0.00,0.00,0.00,0.01,0.00,0.01,18-Aug,19-Aug,20-Aug,21-Aug,22-Aug,23-Aug,24-Aug,18-Aug,19-Aug,20-Aug,21-Aug,22-Aug,23-Aug,24-Aug,5,7,0
Konkan,Palghar,Palghar,Palghar,Mokhada,20028070,"MOKHADA TALUKA 58 VILLAGES R.R.W.S. SCHEME, TAL -MOKHADA",Dongarwadi,542,1,,0.00,0.00,0.00,0.64,0.00,1.02,,0.01,0.00,0.02,118.48,0.00,188.79,18-Aug,19-Aug,20-Aug,21-Aug,22-Aug,23-Aug,24-Aug,18-Aug,19-Aug,20-Aug,21-Aug,22-Aug,23-Aug,24-Aug,2,4,2
Konkan,Palghar,Palghar,Palghar,Mokhada,20028070,"MOKHADA TALUKA 58 VILLAGES R.R.W.S. SCHEME, TAL -MOKHADA",Gaymukhpada Gonde BK,864,1,0.00,0.00,0.00,0.00,0.36,0.00,0.00,0.00,0.00,0.00,0.32,41.69,0.00,0.00,18-Aug,19-Aug,20-Aug,21-Aug,22-Aug,23-Aug,24-Aug,18-Aug,19-Aug,20-Aug,21-Aug,22-Aug,23-Aug,24-Aug,5,7,0
Konkan,Palghar,Palghar,Palghar,Mokhada,20028070,"MOKHADA TALUKA 58 VILLAGES R.R.W.S. SCHEME, TAL -MOKHADA",Ghanwal,296,1,0.00,0.00,0.00,0.00,0.00,0.00,0.00,0.00,0.07,0.00,0.07,0.00,0.03,0.00,18-Aug,19-Aug,20-Aug,21-Aug,22-Aug,23-Aug,24-Aug,18-Aug,19-Aug,20-Aug,21-Aug,22-Aug,23-Aug,24-Aug,4,7,0
Konkan,Palghar,Palghar,Palghar,Mokhada,20028070,"MOKHADA TALUKA 58 VILLAGES R.R.W.S. SCHEME, TAL -MOKHADA",Ghodichapada Sakhari,275,1,,0.00,0.00,0.00,0.00,0.00,0.00,,0.00,0.00,0.00,0.00,0.00,0.00,18-Aug,19-Aug,20-Aug,21-Aug,22-Aug,23-Aug,24-Aug,18-Aug,19-Aug,20-Aug,21-Aug,22-Aug,23-Aug,24-Aug,6,6,0
Konkan,Palghar,Palghar,Palghar,Mokhada,20028070,"MOKHADA TALUKA 58 VILLAGES R.R.W.S. SCHEME, TAL -MOKHADA",Gomghar,200,1,,0.34,0.00,1.01,0.41,1.17,0.02,,169.53,0.00,503.29,205.88,582.71,10.91,18-Aug,19-Aug,20-Aug,21-Aug,22-Aug,23-Aug,24-Aug,18-Aug,19-Aug,20-Aug,21-Aug,22-Aug,23-Aug,24-Aug,1,2,4
Konkan,Palghar,Palghar,Palghar,Mokhada,20028070,"MOKHADA TALUKA 58 VILLAGES R.R.W.S. SCHEME, TAL -MOKHADA",Gonde BK,1226,1,,0.00,0.00,0.00,0.00,0.00,0.00,,0.00,0.00,0.00,0.00,0.00,0.00,18-Aug,19-Aug,20-Aug,21-Aug,22-Aug,23-Aug,24-Aug,18-Aug,19-Aug,20-Aug,21-Aug,22-Aug,23-Aug,24-Aug,6,6,0
Konkan,Palghar,Palghar,Palghar,Mokhada,20028070,"MOKHADA TALUKA 58 VILLAGES R.R.W.S. SCHEME, TAL -MOKHADA",Gonde KH,1189,1,,0.00,0.00,0.00,0.00,0.00,0.00,,0.00,0.00,0.00,0.01,0.00,0.00,18-Aug,19-Aug,20-Aug,21-Aug,22-Aug,23-Aug,24-Aug,18-Aug,19-Aug,20-Aug,21-Aug,22-Aug,23-Aug,24-Aug,5,6,0
Konkan,Palghar,Palghar,Palghar,Mokhada,20028070,"MOKHADA TALUKA 58 VILLAGES R.R.W.S. SCHEME, TAL -MOKHADA",Hattipada Chas,257,1,,0.00,0.00,0.00,0.00,0.00,0.00,,0.00,0.00,0.00,0.00,0.00,0.00,18-Aug,19-Aug,20-Aug,21-Aug,22-Aug,23-Aug,24-Aug,18-Aug,19-Aug,20-Aug,21-Aug,22-Aug,23-Aug,24-Aug,6,6,0
Konkan,Palghar,Palghar,Palghar,Mokhada,20028070,"MOKHADA TALUKA 58 VILLAGES R.R.W.S. SCHEME, TAL -MOKHADA",Jogalwadi,799,1,,0.22,0.00,0.00,0.49,0.00,0.00,,27.64,0.00,0.00,61.72,0.00,0.00,18-Aug,19-Aug,20-Aug,21-Aug,22-Aug,23-Aug,24-Aug,18-Aug,19-Aug,20-Aug,21-Aug,22-Aug,23-Aug,24-Aug,4,5,1
Konkan,Palghar,Palghar,Palghar,Mokhada,20028070,"MOKHADA TALUKA 58 VILLAGES R.R.W.S. SCHEME, TAL -MOKHADA",Kaduchiwadi,1215,1,,0.00,0.00,0.00,0.00,0.00,0.00,,0.00,0.00,0.00,0.00,0.00,0.00,18-Aug,19-Aug,20-Aug,21-Aug,22-Aug,23-Aug,24-Aug,18-Aug,19-Aug,20-Aug,21-Aug,22-Aug,23-Aug,24-Aug,6,6,0
Konkan,Palghar,Palghar,Palghar,Mokhada,20028070,"MOKHADA TALUKA 58 VILLAGES R.R.W.S. SCHEME, TAL -MOKHADA",Kalamgoan,245,1,0.00,0.00,0.00,0.00,0.00,0.00,0.00,0.00,0.00,0.00,0.00,0.00,0.00,0.00,18-Aug,19-Aug,20-Aug,21-Aug,22-Aug,23-Aug,24-Aug,18-Aug,19-Aug,20-Aug,21-Aug,22-Aug,23-Aug,24-Aug,7,7,0
Konkan,Palghar,Palghar,Palghar,Mokhada,20028070,"MOKHADA TALUKA 58 VILLAGES R.R.W.S. SCHEME, TAL -MOKHADA",Karegoan,907,1,,0.00,0.00,0.00,0.00,0.00,0.00,,0.01,0.03,0.01,0.02,0.00,0.07,18-Aug,19-Aug,20-Aug,21-Aug,22-Aug,23-Aug,24-Aug,18-Aug,19-Aug,20-Aug,21-Aug,22-Aug,23-Aug,24-Aug,1,6,0
Konkan,Palghar,Palghar,Palghar,Mokhada,20028070,"MOKHADA TALUKA 58 VILLAGES R.R.W.S. SCHEME, TAL -MOKHADA",Karol,390,1,,0.00,0.00,0.00,0.00,0.00,0.00,,0.00,0.00,0.00,0.00,0.00,0.00,18-Aug,19-Aug,20-Aug,21-Aug,22-Aug,23-Aug,24-Aug,18-Aug,19-Aug,20-Aug,21-Aug,22-Aug,23-Aug,24-Aug,6,6,0
Konkan,Palghar,Palghar,Palghar,Mokhada,20028070,"MOKHADA TALUKA 58 VILLAGES R.R.W.S. SCHEME, TAL -MOKHADA",Kengwadi Kodala,338,1,0.00,0.00,0.00,0.00,0.00,0.00,0.00,0.00,0.00,0.00,0.00,0.00,0.00,0.00,18-Aug,19-Aug,20-Aug,21-Aug,22-Aug,23-Aug,24-Aug,18-Aug,19-Aug,20-Aug,21-Aug,22-Aug,23-Aug,24-Aug,7,7,0
Konkan,Palghar,Palghar,Palghar,Mokhada,20028070,"MOKHADA TALUKA 58 VILLAGES R.R.W.S. SCHEME, TAL -MOKHADA",Khasti,107,2,,0.00,0.00,0.00,0.00,0.00,0.00,,0.30,0.77,0.32,0.07,0.00,0.64,18-Aug,19-Aug,20-Aug,21-Aug,22-Aug,23-Aug,24-Aug,18-Aug,19-Aug,20-Aug,21-Aug,22-Aug,23-Aug,24-Aug,1,6,0
Konkan,Palghar,Palghar,Palghar,Mokhada,20028070,"MOKHADA TALUKA 58 VILLAGES R.R.W.S. SCHEME, TAL -MOKHADA",Khoch,855,1,,0.00,0.00,0.00,0.00,0.00,0.00,,0.03,0.00,0.00,0.06,0.00,0.00,18-Aug,19-Aug,20-Aug,21-Aug,22-Aug,23-Aug,24-Aug,18-Aug,19-Aug,20-Aug,21-Aug,22-Aug,23-Aug,24-Aug,4,6,0
Konkan,Palghar,Palghar,Palghar,Mokhada,20028070,"MOKHADA TALUKA 58 VILLAGES R.R.W.S. SCHEME, TAL -MOKHADA",Kineste,465,2,0.96,0.00,0.00,2.06,6.59,0.94,0.00,206.70,0.05,0.01,442.64,1416.17,202.60,0.01,18-Aug,19-Aug,20-Aug,21-Aug,22-Aug,23-Aug,24-Aug,18-Aug,19-Aug,20-Aug,21-Aug,22-Aug,23-Aug,24-Aug,0,3,4
Konkan,Palghar,Palghar,Palghar,Mokhada,20028070,"MOKHADA TALUKA 58 VILLAGES R.R.W.S. SCHEME, TAL -MOKHADA",Madkyachimet Pimpalgaon,268,1,,0.00,0.00,0.00,0.00,0.00,0.03,,0.00,0.00,0.00,0.00,0.00,9.52,18-Aug,19-Aug,20-Aug,21-Aug,22-Aug,23-Aug,24-Aug,18-Aug,19-Aug,20-Aug,21-Aug,22-Aug,23-Aug,24-Aug,5,6,0
Konkan,Palghar,Palghar,Palghar,Mokhada,20028070,"MOKHADA TALUKA 58 VILLAGES R.R.W.S. SCHEME, TAL -MOKHADA",Morhande,1821,1,,0.00,0.00,0.00,0.00,0.00,0.00,,0.00,0.00,0.02,0.00,0.00,0.00,18-Aug,19-Aug,20-Aug,21-Aug,22-Aug,23-Aug,24-Aug,18-Aug,19-Aug,20-Aug,21-Aug,22-Aug,23-Aug,24-Aug,5,6,0
Konkan,Palghar,Palghar,Palghar,Mokhada,20028070,"MOKHADA TALUKA 58 VILLAGES R.R.W.S. SCHEME, TAL -MOKHADA",Nashera,308,3,,0.00,0.00,0.00,0.00,0.00,0.00,,0.00,0.09,0.00,0.01,0.00,0.00,18-Aug,19-Aug,20-Aug,21-Aug,22-Aug,23-Aug,24-Aug,18-Aug,19-Aug,20-Aug,21-Aug,22-Aug,23-Aug,24-Aug,4,6,0
Konkan,Palghar,Palghar,Palghar,Mokhada,20028070,"MOKHADA TALUKA 58 VILLAGES R.R.W.S. SCHEME, TAL -MOKHADA",Nilmati,855,1,,0.17,0.00,0.00,0.00,0.00,0.00,,20.02,0.00,0.00,0.00,0.00,0.00,18-Aug,19-Aug,20-Aug,21-Aug,22-Aug,23-Aug,24-Aug,18-Aug,19-Aug,20-Aug,21-Aug,22-Aug,23-Aug,24-Aug,5,6,0
Konkan,Palghar,Palghar,Palghar,Mokhada,20028070,"MOKHADA TALUKA 58 VILLAGES R.R.W.S. SCHEME, TAL -MOKHADA",Osarvira,303,2,0.00,0.00,0.00,0.00,0.00,0.00,0.00,0.00,0.00,0.00,0.00,0.00,0.00,0.00,18-Aug,19-Aug,20-Aug,21-Aug,22-Aug,23-Aug,24-Aug,18-Aug,19-Aug,20-Aug,21-Aug,22-Aug,23-Aug,24-Aug,7,7,0
Konkan,Palghar,Palghar,Palghar,Mokhada,20028070,"MOKHADA TALUKA 58 VILLAGES R.R.W.S. SCHEME, TAL -MOKHADA",Palsunde,1338,1,,0.00,0.00,0.00,0.00,0.00,0.00,,0.00,0.02,0.00,0.00,0.00,0.00,18-Aug,19-Aug,20-Aug,21-Aug,22-Aug,23-Aug,24-Aug,18-Aug,19-Aug,20-Aug,21-Aug,22-Aug,23-Aug,24-Aug,5,6,0
Konkan,Palghar,Palghar,Palghar,Mokhada,20028070,"MOKHADA TALUKA 58 VILLAGES R.R.W.S. SCHEME, TAL -MOKHADA",Pangripada Chas,669,1,,0.00,0.00,0.00,0.00,0.00,0.00,,0.00,0.00,0.00,0.00,0.00,0.00,18-Aug,19-Aug,20-Aug,21-Aug,22-Aug,23-Aug,24-Aug,18-Aug,19-Aug,20-Aug,21-Aug,22-Aug,23-Aug,24-Aug,6,6,0
Konkan,Palghar,Palghar,Palghar,Mokhada,20028070,"MOKHADA TALUKA 58 VILLAGES R.R.W.S. SCHEME, TAL -MOKHADA",Pardhyachimet Poshera,435,1,,0.00,0.00,0.00,0.00,0.00,0.00,,0.00,0.00,0.00,0.00,0.00,0.00,18-Aug,19-Aug,20-Aug,21-Aug,22-Aug,23-Aug,24-Aug,18-Aug,19-Aug,20-Aug,21-Aug,22-Aug,23-Aug,24-Aug,6,6,0
Konkan,Palghar,Palghar,Palghar,Mokhada,20028070,"MOKHADA TALUKA 58 VILLAGES R.R.W.S. SCHEME, TAL -MOKHADA",Pawarpada Poshera,679,1,,0.10,0.48,0.00,0.00,0.01,0.00,,14.58,70.20,0.07,0.06,0.90,0.27,18-Aug,19-Aug,20-Aug,21-Aug,22-Aug,23-Aug,24-Aug,18-Aug,19-Aug,20-Aug,21-Aug,22-Aug,23-Aug,24-Aug,0,5,1
Konkan,Palghar,Palghar,Palghar,Mokhada,20028070,"MOKHADA TALUKA 58 VILLAGES R.R.W.S. SCHEME, TAL -MOKHADA",Pimpalpada Hirwe,655,1,0.00,0.00,0.00,0.00,0.00,0.00,0.00,0.00,0.00,0.00,0.00,0.10,0.00,0.02,18-Aug,19-Aug,20-Aug,21-Aug,22-Aug,23-Aug,24-Aug,18-Aug,19-Aug,20-Aug,21-Aug,22-Aug,23-Aug,24-Aug,5,7,0
Konkan,Palghar,Palghar,Palghar,Mokhada,20028070,"MOKHADA TALUKA 58 VILLAGES R.R.W.S. SCHEME, TAL -MOKHADA",Pimplegoan,465,1,,0.00,0.00,0.00,0.00,0.00,0.00,,0.00,0.00,0.00,0.00,0.00,0.00,18-Aug,19-Aug,20-Aug,21-Aug,22-Aug,23-Aug,24-Aug,18-Aug,19-Aug,20-Aug,21-Aug,22-Aug,23-Aug,24-Aug,6,6,0
Konkan,Palghar,Palghar,Palghar,Mokhada,20028070,"MOKHADA TALUKA 58 VILLAGES R.R.W.S. SCHEME, TAL -MOKHADA",Poshera,3308,1,,0.00,0.00,0.00,0.00,0.10,0.44,,0.00,0.00,0.00,0.00,2.93,13.19,18-Aug,19-Aug,20-Aug,21-Aug,22-Aug,23-Aug,24-Aug,18-Aug,19-Aug,20-Aug,21-Aug,22-Aug,23-Aug,24-Aug,4,6,0
Konkan,Palghar,Palghar,Palghar,Mokhada,20028070,"MOKHADA TALUKA 58 VILLAGES R.R.W.S. SCHEME, TAL -MOKHADA",Rajewadi Jogalwadi,465,1,,0.00,0.00,0.00,0.00,0.00,0.17,,0.00,0.00,0.00,0.00,0.00,36.61,18-Aug,19-Aug,20-Aug,21-Aug,22-Aug,23-Aug,24-Aug,18-Aug,19-Aug,20-Aug,21-Aug,22-Aug,23-Aug,24-Aug,5,6,0
Konkan,Palghar,Palghar,Palghar,Mokhada,20028070,"MOKHADA TALUKA 58 VILLAGES R.R.W.S. SCHEME, TAL -MOKHADA",Rest House Khodala,1287,1,0.00,0.00,0.00,0.00,0.00,0.00,0.00,0.00,0.00,0.00,0.00,0.00,0.00,0.00,18-Aug,19-Aug,20-Aug,21-Aug,22-Aug,23-Aug,24-Aug,18-Aug,19-Aug,20-Aug,21-Aug,22-Aug,23-Aug,24-Aug,7,7,0
Konkan,Palghar,Palghar,Palghar,Mokhada,20028070,"MOKHADA TALUKA 58 VILLAGES R.R.W.S. SCHEME, TAL -MOKHADA",Sadakwadi Koshimshet,1375,1,0.00,0.00,0.00,0.00,0.00,0.00,0.00,0.00,0.00,0.00,0.00,0.00,0.00,0.00,18-Aug,19-Aug,20-Aug,21-Aug,22-Aug,23-Aug,24-Aug,18-Aug,19-Aug,20-Aug,21-Aug,22-Aug,23-Aug,24-Aug,7,7,0
Konkan,Palghar,Palghar,Palghar,Mokhada,20028070,"MOKHADA TALUKA 58 VILLAGES R.R.W.S. SCHEME, TAL -MOKHADA",Sakhari,818,1,,0.00,0.00,0.00,0.00,0.00,0.00,,0.00,0.00,0.00,0.02,0.00,0.00,18-Aug,19-Aug,20-Aug,21-Aug,22-Aug,23-Aug,24-Aug,18-Aug,19-Aug,20-Aug,21-Aug,22-Aug,23-Aug,24-Aug,5,6,0
Konkan,Palghar,Palghar,Palghar,Mokhada,20028070,"MOKHADA TALUKA 58 VILLAGES R.R.W.S. SCHEME, TAL -MOKHADA",Sayade,224,2,0.00,0.00,0.00,0.00,0.34,0.00,0.00,0.12,0.03,0.00,0.17,152.91,2.22,0.06,18-Aug,19-Aug,20-Aug,21-Aug,22-Aug,23-Aug,24-Aug,18-Aug,19-Aug,20-Aug,21-Aug,22-Aug,23-Aug,24-Aug,1,6,1
Konkan,Palghar,Palghar,Palghar,Mokhada,20028070,"MOKHADA TALUKA 58 VILLAGES R.R.W.S. SCHEME, TAL -MOKHADA",Shirson,904,1,0.00,0.00,0.00,0.00,0.00,0.00,0.00,0.00,0.00,0.00,0.00,0.00,0.00,0.00,18-Aug,19-Aug,20-Aug,21-Aug,22-Aug,23-Aug,24-Aug,18-Aug,19-Aug,20-Aug,21-Aug,22-Aug,23-Aug,24-Aug,7,7,0
Konkan,Palghar,Palghar,Palghar,Mokhada,20028070,"MOKHADA TALUKA 58 VILLAGES R.R.W.S. SCHEME, TAL -MOKHADA",Shivali,1267,1,0.22,0.00,0.00,0.00,0.54,0.40,0.00,17.21,0.00,0.00,0.00,42.71,31.47,0.00,18-Aug,19-Aug,20-Aug,21-Aug,22-Aug,23-Aug,24-Aug,18-Aug,19-Aug,20-Aug,21-Aug,22-Aug,23-Aug,24-Aug,4,7,0
Konkan,Palghar,Palghar,Palghar,Mokhada,20028070,"MOKHADA TALUKA 58 VILLAGES R.R.W.S. SCHEME, TAL -MOKHADA",Sonarwadi Koshimshet,209,1,0.00,0.00,0.00,0.00,0.00,0.00,0.00,0.00,0.00,0.00,0.00,0.00,0.00,0.00,18-Aug,19-Aug,20-Aug,21-Aug,22-Aug,23-Aug,24-Aug,18-Aug,19-Aug,20-Aug,21-Aug,22-Aug,23-Aug,24-Aug,7,7,0
Konkan,Palghar,Palghar,Palghar,Mokhada,20028070,"MOKHADA TALUKA 58 VILLAGES R.R.W.S. SCHEME, TAL -MOKHADA",Telu Umbarpada,789,1,,0.00,0.00,0.00,0.00,0.00,0.00,,0.00,0.02,0.01,0.01,0.00,0.00,18-Aug,19-Aug,20-Aug,21-Aug,22-Aug,23-Aug,24-Aug,18-Aug,19-Aug,20-Aug,21-Aug,22-Aug,23-Aug,24-Aug,3,6,0
Konkan,Palghar,Palghar,Palghar,Mokhada,20028070,"MOKHADA TALUKA 58 VILLAGES R.R.W.S. SCHEME, TAL -MOKHADA",Udhale,725,2,,0.62,0.00,1.38,1.61,0.00,0.00,,85.76,0.00,189.87,221.66,0.00,0.00,18-Aug,19-Aug,20-Aug,21-Aug,22-Aug,23-Aug,24-Aug,18-Aug,19-Aug,20-Aug,21-Aug,22-Aug,23-Aug,24-Aug,3,3,3
Konkan,Palghar,Palghar,Palghar,Mokhada,20028070,"MOKHADA TALUKA 58 VILLAGES R.R.W.S. SCHEME, TAL -MOKHADA",Umbarpada Beriste,799,1,,0.00,0.00,0.00,0.00,0.00,0.00,,0.00,0.00,0.00,0.00,0.00,0.00,18-Aug,19-Aug,20-Aug,21-Aug,22-Aug,23-Aug,24-Aug,18-Aug,19-Aug,20-Aug,21-Aug,22-Aug,23-Aug,24-Aug,6,6,0
Konkan,Palghar,Palghar,Palghar,Mokhada,20028070,"MOKHADA TALUKA 58 VILLAGES R.R.W.S. SCHEME, TAL -MOKHADA",Vashind,671,1,,0.07,0.00,7.00,0.00,0.01,0.03,,10.00,0.00,1042.49,0.00,1.81,4.14,18-Aug,19-Aug,20-Aug,21-Aug,22-Aug,23-Aug,24-Aug,18-Aug,19-Aug,20-Aug,21-Aug,22-Aug,23-Aug,24-Aug,2,5,1
Konkan,Palghar,Palghar,Palghar,Mokhada,20028070,"MOKHADA TALUKA 58 VILLAGES R.R.W.S. SCHEME, TAL -MOKHADA",Wadachapada Saturly,632,1,,0.00,0.00,0.00,0.08,0.00,0.04,,0.00,0.00,0.00,13.36,0.00,6.46,18-Aug,19-Aug,20-Aug,21-Aug,22-Aug,23-Aug,24-Aug,18-Aug,19-Aug,20-Aug,21-Aug,22-Aug,23-Aug,24-Aug,4,6,0
Konkan,Palghar,Palghar,Palghar,Mokhada,20028070,"MOKHADA TALUKA 58 VILLAGES R.R.W.S. SCHEME, TAL -MOKHADA",Wakadpada,632,1,,0.00,0.00,0.00,1.26,4.52,0.35,,0.04,0.77,0.20,199.13,714.84,55.71,18-Aug,19-Aug,20-Aug,21-Aug,22-Aug,23-Aug,24-Aug,18-Aug,19-Aug,20-Aug,21-Aug,22-Aug,23-Aug,24-Aug,0,3,3
Konkan,Palghar,Palghar,Palghar,Mokhada,20028070,"MOKHADA TALUKA 58 VILLAGES R.R.W.S. SCHEME, TAL -MOKHADA",Wasala,1561,1,,0.00,0.00,0.00,0.00,0.00,0.00,,0.00,0.00,0.00,0.00,0.00,0.00,18-Aug,19-Aug,20-Aug,21-Aug,22-Aug,23-Aug,24-Aug,18-Aug,19-Aug,20-Aug,21-Aug,22-Aug,23-Aug,24-Aug,6,6,0
Konkan,Palghar,Palghar,Palghar,Palghar,20017952,Padghe and 19 villages PWSS,Devkhop,477,1,,0.00,0.00,0.00,0.00,0.00,0.00,,0.00,0.00,0.00,0.00,0.00,0.00,18-Aug,19-Aug,20-Aug,21-Aug,22-Aug,23-Aug,24-Aug,18-Aug,19-Aug,20-Aug,21-Aug,22-Aug,23-Aug,24-Aug,6,6,0
Konkan,Palghar,Palghar,Palghar,Palghar,20017952,Padghe and 19 villages PWSS,Padghe,454,2,,0.00,0.00,0.00,0.00,0.00,0.00,,0.00,0.00,0.00,0.00,0.00,0.00,18-Aug,19-Aug,20-Aug,21-Aug,22-Aug,23-Aug,24-Aug,18-Aug,19-Aug,20-Aug,21-Aug,22-Aug,23-Aug,24-Aug,6,6,0
Konkan,Palghar,Palghar,Palghar,Palghar,20017952,Padghe and 19 villages PWSS,Tokrepada,264,1,,0.00,0.00,0.00,0.00,0.00,0.00,,0.00,0.04,0.06,0.00,0.00,0.00,18-Aug,19-Aug,20-Aug,21-Aug,22-Aug,23-Aug,24-Aug,18-Aug,19-Aug,20-Aug,21-Aug,22-Aug,23-Aug,24-Aug,4,6,0
Konkan,Panvel,Raigadh,Mangaon,Khalapur,20028168,Devnhave water supply scheme,Devnhave,2160,3,,0.00,0.56,405.66,0.00,3.42,0.00,,0.00,26.09,18780.58,0.00,158.49,0.00,18-Aug,19-Aug,20-Aug,21-Aug,22-Aug,23-Aug,24-Aug,18-Aug,19-Aug,20-Aug,21-Aug,22-Aug,23-Aug,24-Aug,3,4,2
Konkan,Panvel,Raigadh,Mangaon,Pen,20020563,Shahapada 38 Villages,Kane,1503,1,,0.00,0.00,0.00,0.00,0.00,0.00,,0.00,0.00,0.14,0.13,0.00,0.00,18-Aug,19-Aug,20-Aug,21-Aug,22-Aug,23-Aug,24-Aug,18-Aug,19-Aug,20-Aug,21-Aug,22-Aug,23-Aug,24-Aug,4,6,0
Konkan,Panvel,Raigadh,Mangaon,Pen,20020563,Shahapada 38 Villages,Kashmire,2431,1,,0.00,0.00,0.00,0.00,0.00,0.00,,0.00,0.00,0.00,0.00,0.00,0.00,18-Aug,19-Aug,20-Aug,21-Aug,22-Aug,23-Aug,24-Aug,18-Aug,19-Aug,20-Aug,21-Aug,22-Aug,23-Aug,24-Aug,6,6,0
Konkan,Panvel,Raigadh,Mangaon,Pen,20020563,Shahapada 38 Villages,Shirki,2237,1,,0.00,0.00,0.00,0.00,0.00,0.00,,0.00,0.00,0.00,0.00,0.00,0.00,18-Aug,19-Aug,20-Aug,21-Aug,22-Aug,23-Aug,24-Aug,18-Aug,19-Aug,20-Aug,21-Aug,22-Aug,23-Aug,24-Aug,6,6,0
Konkan,Panvel,Raigadh,Mangaon,Pen,20020563,Shahapada 38 Villages,Wadhav,6000,1,,0.00,0.00,0.00,0.00,0.00,0.00,,0.00,0.00,0.00,0.00,0.00,0.00,18-Aug,19-Aug,20-Aug,21-Aug,22-Aug,23-Aug,24-Aug,18-Aug,19-Aug,20-Aug,21-Aug,22-Aug,23-Aug,24-Aug,6,6,0
Konkan,Panvel,Raigadh,Mangaon,Pen,20020563,Shahapada 38 Villages,Washinaka,2224,1,,0.00,0.00,0.00,0.00,0.00,0.00,,0.00,0.00,0.00,0.00,0.00,0.00,18-Aug,19-Aug,20-Aug,21-Aug,22-Aug,23-Aug,24-Aug,18-Aug,19-Aug,20-Aug,21-Aug,22-Aug,23-Aug,24-Aug,6,6,0
Konkan,Raigadh,Raigadh,Raigadh,Karjat,20028195,"Kadav water supply scheme, Tal. Karjat Dist. Raigad",Kadav,2490,1,,0.00,0.00,0.00,0.00,0.00,0.00,,0.00,0.00,0.07,0.00,0.00,0.00,18-Aug,19-Aug,20-Aug,21-Aug,22-Aug,23-Aug,24-Aug,18-Aug,19-Aug,20-Aug,21-Aug,22-Aug,23-Aug,24-Aug,5,6,0
Konkan,Raigadh,Raigadh,Raigadh,Mangaon,20028626,"Warak Kushade Water Supply Scheme tal- Mnagaon, Dist-Raigad",Koshimbale,339,1,,0.00,0.00,0.00,0.00,0.00,0.00,,0.00,0.00,0.00,0.00,0.00,0.00,18-Aug,19-Aug,20-Aug,21-Aug,22-Aug,23-Aug,24-Aug,18-Aug,19-Aug,20-Aug,21-Aug,22-Aug,23-Aug,24-Aug,6,6,0
Konkan,Raigadh,Raigadh,Raigadh,Mangaon,20028626,"Warak Kushade Water Supply Scheme tal- Mnagaon, Dist-Raigad",Kushede,555,1,,0.00,0.00,0.00,0.02,0.00,0.00,,0.29,0.12,0.03,3.06,0.00,0.00,18-Aug,19-Aug,20-Aug,21-Aug,22-Aug,23-Aug,24-Aug,18-Aug,19-Aug,20-Aug,21-Aug,22-Aug,23-Aug,24-Aug,2,6,0
Konkan,Raigadh,Raigadh,Raigadh,Mangaon,20028626,"Warak Kushade Water Supply Scheme tal- Mnagaon, Dist-Raigad",Vighavli,816,1,,0.00,0.00,0.00,0.00,0.00,0.00,,0.02,0.01,0.00,0.00,0.00,0.00,18-Aug,19-Aug,20-Aug,21-Aug,22-Aug,23-Aug,24-Aug,18-Aug,19-Aug,20-Aug,21-Aug,22-Aug,23-Aug,24-Aug,4,6,0
Konkan,Raigadh,Raigadh,Raigadh,Mangaon,20028626,"Warak Kushade Water Supply Scheme tal- Mnagaon, Dist-Raigad",Warak,805,1,,0.00,0.28,0.00,0.00,0.00,0.00,,0.14,34.75,0.02,0.00,0.00,0.00,18-Aug,19-Aug,20-Aug,21-Aug,22-Aug,23-Aug,24-Aug,18-Aug,19-Aug,20-Aug,21-Aug,22-Aug,23-Aug,24-Aug,3,6,0
Konkan,Ratnagiri,Ratnagiri,Ratnagiri,Chipalun,20017771,Ovali - Kalkavane - Valoti RR WSS,Dadar,330,1,0.00,0.00,0.00,0.00,0.00,0.00,0.00,0.13,0.07,0.03,0.03,0.00,0.00,0.00,18-Aug,19-Aug,20-Aug,21-Aug,22-Aug,23-Aug,24-Aug,18-Aug,19-Aug,20-Aug,21-Aug,22-Aug,23-Aug,24-Aug,3,7,0
Konkan,Ratnagiri,Ratnagiri,Ratnagiri,Chipalun,20017771,Ovali - Kalkavane - Valoti RR WSS,Kalkavane,900,4,0.00,0.00,0.00,0.00,0.00,0.00,0.00,0.00,0.00,0.00,0.00,0.00,0.00,0.00,18-Aug,19-Aug,20-Aug,21-Aug,22-Aug,23-Aug,24-Aug,18-Aug,19-Aug,20-Aug,21-Aug,22-Aug,23-Aug,24-Aug,7,7,0
Konkan,Ratnagiri,Ratnagiri,Ratnagiri,Chipalun,20017771,Ovali - Kalkavane - Valoti RR WSS,Ovali,1211,1,0.00,0.00,0.00,0.00,0.00,0.00,0.00,0.00,0.00,0.00,0.00,0.00,0.00,0.00,18-Aug,19-Aug,20-Aug,21-Aug,22-Aug,23-Aug,24-Aug,18-Aug,19-Aug,20-Aug,21-Aug,22-Aug,23-Aug,24-Aug,7,7,0
Konkan,Ratnagiri,Ratnagiri,Ratnagiri,Chipalun,20017771,Ovali - Kalkavane - Valoti RR WSS,Valoti,162,3,,0.00,0.00,0.00,0.00,0.00,0.00,,0.00,0.00,0.05,0.01,0.00,0.00,18-Aug,19-Aug,20-Aug,21-Aug,22-Aug,23-Aug,24-Aug,18-Aug,19-Aug,20-Aug,21-Aug,22-Aug,23-Aug,24-Aug,4,6,0
Konkan,Thane,Thane,Palghar,Dahanu,20047871, Modgaon & Tornipada RWSS,Andherpada,1320,1,,0.00,0.00,0.00,0.00,0.00,0.00,,0.00,0.00,0.00,0.00,0.00,0.00,18-Aug,19-Aug,20-Aug,21-Aug,22-Aug,23-Aug,24-Aug,18-Aug,19-Aug,20-Aug,21-Aug,22-Aug,23-Aug,24-Aug,6,6,0
Konkan,Thane,Thane,Palghar,Dahanu,20047871, Modgaon & Tornipada RWSS,Janasawarpada,241,1,,0.00,0.11,0.08,0.96,0.56,0.65,,0.00,47.64,33.33,400.02,232.43,268.40,18-Aug,19-Aug,20-Aug,21-Aug,22-Aug,23-Aug,24-Aug,18-Aug,19-Aug,20-Aug,21-Aug,22-Aug,23-Aug,24-Aug,1,3,3
Konkan,Thane,Thane,Palghar,Dahanu,20047871, Modgaon & Tornipada RWSS,Navapada,812,1,,0.00,0.00,0.00,0.00,0.00,0.00,,0.00,0.00,0.00,0.00,0.00,0.00,18-Aug,19-Aug,20-Aug,21-Aug,22-Aug,23-Aug,24-Aug,18-Aug,19-Aug,20-Aug,21-Aug,22-Aug,23-Aug,24-Aug,6,6,0
Konkan,Thane,Thane,Palghar,Dahanu,20047871, Modgaon & Tornipada RWSS,Savarpada,830,1,,0.00,0.00,0.82,0.00,0.24,0.00,,0.02,0.02,98.45,0.00,28.45,0.00,18-Aug,19-Aug,20-Aug,21-Aug,22-Aug,23-Aug,24-Aug,18-Aug,19-Aug,20-Aug,21-Aug,22-Aug,23-Aug,24-Aug,2,5,1
Konkan,Thane,Thane,Thane,Kalyan,20092478,Retrofiting of Gotheghar Dahisar R.R. Water Supply Scheme,Bale,2236,1,,0.00,0.00,0.00,0.00,0.00,0.00,,0.00,0.00,0.00,0.00,0.00,0.00,18-Aug,19-Aug,20-Aug,21-Aug,22-Aug,23-Aug,24-Aug,18-Aug,19-Aug,20-Aug,21-Aug,22-Aug,23-Aug,24-Aug,6,6,0
