Amravati,Akola,Akola,Akola,Akola,20027951,Khambora 60 VRRWSS Tq. & Dist. Akola,Akhatwada,870,1,0,0,0,0,0,0.03,0,0,0,0,0,0,3.43,0,24-Jun,25-Jun,26-Jun,27-Jun,28-Jun,29-Jun,30-Jun,24-Jun,25-Jun,26-Jun,27-Jun,28-Jun,29-Jun,30-Jun,6,7,0
Amravati,Akola,Akola,Akola,Akola,20027951,Khambora 60 VRRWSS Tq. & Dist. Akola,Apoti Bk.,719,1,1.87,1.87,1.51,3.56,0,0,0,0,260.01,210.4,495.62,0,0,0,24-Jun,25-Jun,26-Jun,27-Jun,28-Jun,29-Jun,30-Jun,24-Jun,25-Jun,26-Jun,27-Jun,28-Jun,29-Jun,30-Jun,4,4,3
Amravati,Akola,Akola,Akola,Akola,20027951,Khambora 60 VRRWSS Tq. & Dist. Akola,Gondapur,178,2,0,0,0.05,0.02,0.25,0,0,0.01,0.74,27.57,9.64,138.37,0.01,0,24-Jun,25-Jun,26-Jun,27-Jun,28-Jun,29-Jun,30-Jun,24-Jun,25-Jun,26-Jun,27-Jun,28-Jun,29-Jun,30-Jun,1,6,1
Amravati,Akola,Akola,Akola,Akola,20027951,Khambora 60 VRRWSS Tq. & Dist. Akola,Kaulkhed Gomase,388,1,0,0,0,0,0,0,0,0,0,0,0,0,0,0,24-Jun,25-Jun,26-Jun,27-Jun,28-Jun,29-Jun,30-Jun,24-Jun,25-Jun,26-Jun,27-Jun,28-Jun,29-Jun,30-Jun,7,7,0
Amravati,Akola,Akola,Akola,Akola,20027951,Khambora 60 VRRWSS Tq. & Dist. Akola,Marodi,930,1,29.67,29.67,2.35,0.19,0,23.8,0.18,2972.41,3190.63,252.79,20.77,0.03,2559.24,18.93,24-Jun,25-Jun,26-Jun,27-Jun,28-Jun,29-Jun,30-Jun,24-Jun,25-Jun,26-Jun,27-Jun,28-Jun,29-Jun,30-Jun,0,3,4
Amravati,Akola,Akola,Akola,Akola,20027951,Khambora 60 VRRWSS Tq. & Dist. Akola,Ramagaon,688,3,0,0,0,0,0,0,0,0,0,0,0,0,0,0,24-Jun,25-Jun,26-Jun,27-Jun,28-Jun,29-Jun,30-Jun,24-Jun,25-Jun,26-Jun,27-Jun,28-Jun,29-Jun,30-Jun,7,7,0
Amravati,Akola,Akola,Akola,Akola,20028565,"Akot 84 VRRWSS Tq. Akola, Akot & Telhara Dist. Akola",Alegaon,422,1,0,0,0,0,1.91,0,0,478.67,0,0,0,452.61,0,0,24-Jun,25-Jun,26-Jun,27-Jun,28-Jun,29-Jun,30-Jun,24-Jun,25-Jun,26-Jun,27-Jun,28-Jun,29-Jun,30-Jun,5,5,2
Amravati,Akola,Akola,Akola,Akola,20028565,"Akot 84 VRRWSS Tq. Akola, Akot & Telhara Dist. Akola",Alewadi,800,1,0,0,0,0,0.87,0,0.01,130,0,0,0,108.75,0,1.25,24-Jun,25-Jun,26-Jun,27-Jun,28-Jun,29-Jun,30-Jun,24-Jun,25-Jun,26-Jun,27-Jun,28-Jun,29-Jun,30-Jun,4,5,2
Amravati,Akola,Akola,Akola,Akola,20028565,"Akot 84 VRRWSS Tq. Akola, Akot & Telhara Dist. Akola",Balegaon,1353,1,0,0,237.03,111.62,0,0,361.21,0,0,17518.85,8249.82,0,0,26696.97,24-Jun,25-Jun,26-Jun,27-Jun,28-Jun,29-Jun,30-Jun,24-Jun,25-Jun,26-Jun,27-Jun,28-Jun,29-Jun,30-Jun,4,4,3
Amravati,Akola,Akola,Akola,Akola,20028565,"Akot 84 VRRWSS Tq. Akola, Akot & Telhara Dist. Akola",Chotta Bazar,5151,5,0.08,0.08,0.13,0.05,0.04,1.41,0.45,7.38,1.55,2.52,0.97,0.78,27.37,8.74,24-Jun,25-Jun,26-Jun,27-Jun,28-Jun,29-Jun,30-Jun,24-Jun,25-Jun,26-Jun,27-Jun,28-Jun,29-Jun,30-Jun,0,7,0
Amravati,Akola,Akola,Akola,Akola,20028565,"Akot 84 VRRWSS Tq. Akola, Akot & Telhara Dist. Akola",Danori,1296,2,0,0,0,1.81,1.59,0.89,0,6.94,0,0,139.66,122.69,68.67,0,24-Jun,25-Jun,26-Jun,27-Jun,28-Jun,29-Jun,30-Jun,24-Jun,25-Jun,26-Jun,27-Jun,28-Jun,29-Jun,30-Jun,3,4,3
Amravati,Akola,Akola,Akola,Akola,20028565,"Akot 84 VRRWSS Tq. Akola, Akot & Telhara Dist. Akola",Deori,2560,1,66.33,66.33,11.64,0,14.25,67.69,0.18,631.25,2590.98,454.57,0,556.64,2643.98,7.17,24-Jun,25-Jun,26-Jun,27-Jun,28-Jun,29-Jun,30-Jun,24-Jun,25-Jun,26-Jun,27-Jun,28-Jun,29-Jun,30-Jun,1,2,5
Amravati,Akola,Akola,Akola,Akola,20028565,"Akot 84 VRRWSS Tq. Akola, Akot & Telhara Dist. Akola",Dinoda,1491,2,0,0,6.55,0,0,0,0,0,0,439.3,0,0,0,0,24-Jun,25-Jun,26-Jun,27-Jun,28-Jun,29-Jun,30-Jun,24-Jun,25-Jun,26-Jun,27-Jun,28-Jun,29-Jun,30-Jun,6,6,1
Amravati,Akola,Akola,Akola,Akola,20028565,"Akot 84 VRRWSS Tq. Akola, Akot & Telhara Dist. Akola",Garsoli,288,1,1.09,1.09,0,0,0.77,0,0,0,379,0,0,269,0,0,24-Jun,25-Jun,26-Jun,27-Jun,28-Jun,29-Jun,30-Jun,24-Jun,25-Jun,26-Jun,27-Jun,28-Jun,29-Jun,30-Jun,5,5,2
Amravati,Akola,Akola,Akola,Akola,20028565,"Akot 84 VRRWSS Tq. Akola, Akot & Telhara Dist. Akola",Jaulka,1312,1,0.1,0.1,0,0,0.86,5.33,3.15,101.94,7.62,0,0,65.55,406.49,240.42,24-Jun,25-Jun,26-Jun,27-Jun,28-Jun,29-Jun,30-Jun,24-Jun,25-Jun,26-Jun,27-Jun,28-Jun,29-Jun,30-Jun,2,3,4
Amravati,Akola,Akola,Akola,Akola,20028565,"Akot 84 VRRWSS Tq. Akola, Akot & Telhara Dist. Akola",Karatwadi,1682,1,0,0,1.17,0,1.43,0,1.75,188.47,0,69.56,0,85.02,0,104.04,24-Jun,25-Jun,26-Jun,27-Jun,28-Jun,29-Jun,30-Jun,24-Jun,25-Jun,26-Jun,27-Jun,28-Jun,29-Jun,30-Jun,3,3,4
Amravati,Akola,Akola,Akola,Akola,20028565,"Akot 84 VRRWSS Tq. Akola, Akot & Telhara Dist. Akola",Kawasa,1300,2,9.14,9.14,9,4.36,0,4.03,7.15,595.29,702.91,692.51,335.46,0,309.64,550,24-Jun,25-Jun,26-Jun,27-Jun,28-Jun,29-Jun,30-Jun,24-Jun,25-Jun,26-Jun,27-Jun,28-Jun,29-Jun,30-Jun,1,1,6
Amravati,Akola,Akola,Akola,Akola,20028565,"Akot 84 VRRWSS Tq. Akola, Akot & Telhara Dist. Akola",Kawasa Bk.,1298,3,0,0,0,0,0,0,0,0,0,0,0,0,0,0,24-Jun,25-Jun,26-Jun,27-Jun,28-Jun,29-Jun,30-Jun,24-Jun,25-Jun,26-Jun,27-Jun,28-Jun,29-Jun,30-Jun,7,7,0
Amravati,Akola,Akola,Akola,Akola,20028565,"Akot 84 VRRWSS Tq. Akola, Akot & Telhara Dist. Akola",Keliweli (New),3676,1,0.61,0.61,0,0,0.87,0.1,0.66,13.6,16.59,0,0,23.67,2.72,17.95,24-Jun,25-Jun,26-Jun,27-Jun,28-Jun,29-Jun,30-Jun,24-Jun,25-Jun,26-Jun,27-Jun,28-Jun,29-Jun,30-Jun,2,7,0
Amravati,Akola,Akola,Akola,Akola,20028565,"Akot 84 VRRWSS Tq. Akola, Akot & Telhara Dist. Akola",Khaparwadi Bk.,420,1,0,0,0,0,0,0,0,0,0,0,0,0,0,0,24-Jun,25-Jun,26-Jun,27-Jun,28-Jun,29-Jun,30-Jun,24-Jun,25-Jun,26-Jun,27-Jun,28-Jun,29-Jun,30-Jun,7,7,0
Amravati,Akola,Akola,Akola,Akola,20028565,"Akot 84 VRRWSS Tq. Akola, Akot & Telhara Dist. Akola",Khaparwadi Kh.,229,1,0,0,0,0,0.01,0,0,0,0,0,0,4.37,0,0,24-Jun,25-Jun,26-Jun,27-Jun,28-Jun,29-Jun,30-Jun,24-Jun,25-Jun,26-Jun,27-Jun,28-Jun,29-Jun,30-Jun,6,7,0
Amravati,Akola,Akola,Akola,Akola,20028565,"Akot 84 VRRWSS Tq. Akola, Akot & Telhara Dist. Akola",Kutasa,5446,2,0.45,0.45,0.66,8.26,1.09,3.88,1.26,17.81,8.21,12.12,151.67,20.01,71.29,23.14,24-Jun,25-Jun,26-Jun,27-Jun,28-Jun,29-Jun,30-Jun,24-Jun,25-Jun,26-Jun,27-Jun,28-Jun,29-Jun,30-Jun,0,5,2
Amravati,Akola,Akola,Akola,Akola,20028565,"Akot 84 VRRWSS Tq. Akola, Akot & Telhara Dist. Akola",Lotkhed,1143,2,0,0,0,0,0,0,0,0,0,0,0,0,0,0,24-Jun,25-Jun,26-Jun,27-Jun,28-Jun,29-Jun,30-Jun,24-Jun,25-Jun,26-Jun,27-Jun,28-Jun,29-Jun,30-Jun,7,7,0
Amravati,Akola,Akola,Akola,Akola,20028565,"Akot 84 VRRWSS Tq. Akola, Akot & Telhara Dist. Akola",Maroda,1148,1,0,0,0,2.56,1.09,0.02,0.01,0,0,0,223,94.99,1.74,0.87,24-Jun,25-Jun,26-Jun,27-Jun,28-Jun,29-Jun,30-Jun,24-Jun,25-Jun,26-Jun,27-Jun,28-Jun,29-Jun,30-Jun,3,5,2
Amravati,Akola,Akola,Akola,Akola,20028565,"Akot 84 VRRWSS Tq. Akola, Akot & Telhara Dist. Akola",Mundgaon,7199,2,559.03,559.03,479.1,1266,293.38,354.44,386.36,6875.68,7765.31,6655.02,17585.71,4075.29,4923.46,5366.86,24-Jun,25-Jun,26-Jun,27-Jun,28-Jun,29-Jun,30-Jun,24-Jun,25-Jun,26-Jun,27-Jun,28-Jun,29-Jun,30-Jun,0,0,7
Amravati,Akola,Akola,Akola,Akola,20028565,"Akot 84 VRRWSS Tq. Akola, Akot & Telhara Dist. Akola",Nijampur,712,1,0,0,0,0,0,0,0,0,0,0,0,0,0,0,24-Jun,25-Jun,26-Jun,27-Jun,28-Jun,29-Jun,30-Jun,24-Jun,25-Jun,26-Jun,27-Jun,28-Jun,29-Jun,30-Jun,7,7,0
Amravati,Akola,Akola,Akola,Akola,20028565,"Akot 84 VRRWSS Tq. Akola, Akot & Telhara Dist. Akola",Palsod,2116,3,0,0,0,0,0,0.03,0,15.2,0,0.09,0,0,1.38,0,24-Jun,25-Jun,26-Jun,27-Jun,28-Jun,29-Jun,30-Jun,24-Jun,25-Jun,26-Jun,27-Jun,28-Jun,29-Jun,30-Jun,4,7,0
Amravati,Akola,Akola,Akola,Akola,20028565,"Akot 84 VRRWSS Tq. Akola, Akot & Telhara Dist. Akola",Panori,535,1,0,0,0,0,0,0,0,0,0,0,0,0,0,0,24-Jun,25-Jun,26-Jun,27-Jun,28-Jun,29-Jun,30-Jun,24-Jun,25-Jun,26-Jun,27-Jun,28-Jun,29-Jun,30-Jun,7,7,0
Amravati,Akola,Akola,Akola,Akola,20028565,"Akot 84 VRRWSS Tq. Akola, Akot & Telhara Dist. Akola",Patsul,972,1,0.08,0.08,0,1.57,4.04,0.06,0,322.02,8.23,0,161.52,415.64,6.17,0,24-Jun,25-Jun,26-Jun,27-Jun,28-Jun,29-Jun,30-Jun,24-Jun,25-Jun,26-Jun,27-Jun,28-Jun,29-Jun,30-Jun,2,4,3
Amravati,Akola,Akola,Akola,Akola,20028565,"Akot 84 VRRWSS Tq. Akola, Akot & Telhara Dist. Akola",Pimpari Dikkar,522,1,0.01,0.01,0,0.03,1.36,0,0.01,327.59,1.92,0,5.75,260.54,0,1.92,24-Jun,25-Jun,26-Jun,27-Jun,28-Jun,29-Jun,30-Jun,24-Jun,25-Jun,26-Jun,27-Jun,28-Jun,29-Jun,30-Jun,2,5,2
Amravati,Akola,Akola,Akola,Akola,20028565,"Akot 84 VRRWSS Tq. Akola, Akot & Telhara Dist. Akola",Rajurwadi,46,1,0,0,0,0,0,0,0,0,0,0,0,0,0,0,24-Jun,25-Jun,26-Jun,27-Jun,28-Jun,29-Jun,30-Jun,24-Jun,25-Jun,26-Jun,27-Jun,28-Jun,29-Jun,30-Jun,7,7,0
Amravati,Akola,Akola,Akola,Akola,20028565,"Akot 84 VRRWSS Tq. Akola, Akot & Telhara Dist. Akola",Sangavi,461,1,0.02,0.02,0.85,3.35,1.81,1.8,0.01,0,4.34,184.38,726.68,392.62,390.46,2.17,24-Jun,25-Jun,26-Jun,27-Jun,28-Jun,29-Jun,30-Jun,24-Jun,25-Jun,26-Jun,27-Jun,28-Jun,29-Jun,30-Jun,1,3,4
Amravati,Akola,Akola,Akola,Akola,20028565,"Akot 84 VRRWSS Tq. Akola, Akot & Telhara Dist. Akola",Sonbardi,712,2,0,0,0,0,0,0,0,0,0,0,0,0,0,0,24-Jun,25-Jun,26-Jun,27-Jun,28-Jun,29-Jun,30-Jun,24-Jun,25-Jun,26-Jun,27-Jun,28-Jun,29-Jun,30-Jun,7,7,0
Amravati,Akola,Akola,Akola,Akola,20028565,"Akot 84 VRRWSS Tq. Akola, Akot & Telhara Dist. Akola",Takli Kh.,1728,4,1.86,1.86,0.88,0.95,0.63,2.46,0.64,81.6,107.64,50.93,54.98,36.46,142.36,37.04,24-Jun,25-Jun,26-Jun,27-Jun,28-Jun,29-Jun,30-Jun,24-Jun,25-Jun,26-Jun,27-Jun,28-Jun,29-Jun,30-Jun,0,4,3
Amravati,Akola,Akola,Akola,Akola,20028565,"Akot 84 VRRWSS Tq. Akola, Akot & Telhara Dist. Akola",Tandulwadi,964,3,1.19,1.19,1.44,0,0,1.45,1.16,0,123.44,149.38,0,0,150.41,120.33,24-Jun,25-Jun,26-Jun,27-Jun,28-Jun,29-Jun,30-Jun,24-Jun,25-Jun,26-Jun,27-Jun,28-Jun,29-Jun,30-Jun,3,3,4
Amravati,Akola,Akola,Akola,Akola,20028565,"Akot 84 VRRWSS Tq. Akola, Akot & Telhara Dist. Akola",Taroda,755,1,0,0,0,0,0.45,0.1,0,0,0,0,0,59.6,13.36,0,24-Jun,25-Jun,26-Jun,27-Jun,28-Jun,29-Jun,30-Jun,24-Jun,25-Jun,26-Jun,27-Jun,28-Jun,29-Jun,30-Jun,5,6,1
Amravati,Akola,Akola,Akola,Akola,20028565,"Akot 84 VRRWSS Tq. Akola, Akot & Telhara Dist. Akola",Wani,373,1,0,0,0,1.54,0.4,0,0,139.23,0,0,412.87,107.24,0,0,24-Jun,25-Jun,26-Jun,27-Jun,28-Jun,29-Jun,30-Jun,24-Jun,25-Jun,26-Jun,27-Jun,28-Jun,29-Jun,30-Jun,4,4,3
Amravati,Akola,Akola,Akola,Akola,20028565,"Akot 84 VRRWSS Tq. Akola, Akot & Telhara Dist. Akola",Warula,1141,1,0,0,0,0,0,0,0,0,0,0,0,0,0,0,24-Jun,25-Jun,26-Jun,27-Jun,28-Jun,29-Jun,30-Jun,24-Jun,25-Jun,26-Jun,27-Jun,28-Jun,29-Jun,30-Jun,7,7,0
Amravati,Akola,Akola,Akola,Akola,20028565,"Akot 84 VRRWSS Tq. Akola, Akot & Telhara Dist. Akola",Warur,2400,1,6.23,6.23,0,0,0,0,3.65,309.58,259.72,0,0,0,0,152.08,24-Jun,25-Jun,26-Jun,27-Jun,28-Jun,29-Jun,30-Jun,24-Jun,25-Jun,26-Jun,27-Jun,28-Jun,29-Jun,30-Jun,4,4,3
Amravati,Akola,Akola,Akola,Akola,20039455,Khambora 4 VRRWSS Tq. & Dist. Akola,Sukali,1195,3,1,1,0.77,1.01,0.78,0.95,0.85,55.93,83.87,64.6,84.58,65.46,79.3,70.87,24-Jun,25-Jun,26-Jun,27-Jun,28-Jun,29-Jun,30-Jun,24-Jun,25-Jun,26-Jun,27-Jun,28-Jun,29-Jun,30-Jun,0,0,7
Amravati,Akola,Akola,Akola,Akot,20028420,Popatkhed 97 VRRWSS Tq. Akot & Telhara Dist. Akola,Ambola,3514,2,1.16,1.16,1.31,1.53,1.52,1.68,1.34,42.76,32.95,37.22,43.49,43.13,47.75,38.15,24-Jun,25-Jun,26-Jun,27-Jun,28-Jun,29-Jun,30-Jun,24-Jun,25-Jun,26-Jun,27-Jun,28-Jun,29-Jun,30-Jun,0,7,0
Amravati,Akola,Akola,Akola,Akot,20028420,Popatkhed 97 VRRWSS Tq. Akot & Telhara Dist. Akola,Chinchpani,547,1,0,0,0.73,0,0.71,0.59,0.11,75.36,0,132.93,0,129.45,107.99,19.36,24-Jun,25-Jun,26-Jun,27-Jun,28-Jun,29-Jun,30-Jun,24-Jun,25-Jun,26-Jun,27-Jun,28-Jun,29-Jun,30-Jun,2,3,4
Amravati,Akola,Akola,Akola,Akot,20028420,Popatkhed 97 VRRWSS Tq. Akot & Telhara Dist. Akola,Deulgaon,1463,2,0,0,0,0,0,0,0,0,0,0,0,0,0,0,24-Jun,25-Jun,26-Jun,27-Jun,28-Jun,29-Jun,30-Jun,24-Jun,25-Jun,26-Jun,27-Jun,28-Jun,29-Jun,30-Jun,7,7,0
Amravati,Akola,Akola,Akola,Akot,20028420,Popatkhed 97 VRRWSS Tq. Akot & Telhara Dist. Akola,Diwthana,882,2,1.15,1.15,1.09,1.18,1.05,1.14,1.04,140.24,130.54,124.11,133.85,118.75,129.23,118.35,24-Jun,25-Jun,26-Jun,27-Jun,28-Jun,29-Jun,30-Jun,24-Jun,25-Jun,26-Jun,27-Jun,28-Jun,29-Jun,30-Jun,0,0,7
Amravati,Akola,Akola,Akola,Akot,20028420,Popatkhed 97 VRRWSS Tq. Akot & Telhara Dist. Akola,Jalgaon Nahate,1424,2,0,0,0,0,0,0,0,0,0,0,0,0,0,0,24-Jun,25-Jun,26-Jun,27-Jun,28-Jun,29-Jun,30-Jun,24-Jun,25-Jun,26-Jun,27-Jun,28-Jun,29-Jun,30-Jun,7,7,0
Amravati,Akola,Akola,Akola,Akot,20028420,Popatkhed 97 VRRWSS Tq. Akot & Telhara Dist. Akola,Jitapur Pr. Rupagad,256,3,0,0,0.22,0,0.16,0.1,0.08,328.41,0,87.4,0,61.05,39.43,31.68,24-Jun,25-Jun,26-Jun,27-Jun,28-Jun,29-Jun,30-Jun,24-Jun,25-Jun,26-Jun,27-Jun,28-Jun,29-Jun,30-Jun,2,4,3
Amravati,Akola,Akola,Akola,Akot,20028420,Popatkhed 97 VRRWSS Tq. Akot & Telhara Dist. Akola,Khairkhed,1157,2,0.87,0.87,1.72,1.31,1.21,2.03,0,0,75.19,148.66,113.22,104.58,175.45,0,24-Jun,25-Jun,26-Jun,27-Jun,28-Jun,29-Jun,30-Jun,24-Jun,25-Jun,26-Jun,27-Jun,28-Jun,29-Jun,30-Jun,2,2,5
Amravati,Akola,Akola,Akola,Akot,20028420,Popatkhed 97 VRRWSS Tq. Akot & Telhara Dist. Akola,Kund,327,1,0.21,0.21,0.17,0.3,0.12,0,0,45.13,64.78,52.57,92.26,36.18,0,0,24-Jun,25-Jun,26-Jun,27-Jun,28-Jun,29-Jun,30-Jun,24-Jun,25-Jun,26-Jun,27-Jun,28-Jun,29-Jun,30-Jun,2,5,2
Amravati,Akola,Akola,Akola,Akot,20028420,Popatkhed 97 VRRWSS Tq. Akot & Telhara Dist. Akola,Machanpur,1124,2,0.41,0.41,0.32,0.39,0.38,0.43,0.42,37.03,36.49,28.59,34.35,34.2,38.11,37.38,24-Jun,25-Jun,26-Jun,27-Jun,28-Jun,29-Jun,30-Jun,24-Jun,25-Jun,26-Jun,27-Jun,28-Jun,29-Jun,30-Jun,0,7,0
Amravati,Akola,Akola,Akola,Akot,20028420,Popatkhed 97 VRRWSS Tq. Akot & Telhara Dist. Akola,Mardi,637,1,0,0,0,0,0,0,0,0,0,0,0,0,0,0,24-Jun,25-Jun,26-Jun,27-Jun,28-Jun,29-Jun,30-Jun,24-Jun,25-Jun,26-Jun,27-Jun,28-Jun,29-Jun,30-Jun,7,7,0
Amravati,Akola,Akola,Akola,Akot,20028420,Popatkhed 97 VRRWSS Tq. Akot & Telhara Dist. Akola,Mohala,3873,2,0,0,0,0,0,0,0,0,0,0,0,0,0,0,24-Jun,25-Jun,26-Jun,27-Jun,28-Jun,29-Jun,30-Jun,24-Jun,25-Jun,26-Jun,27-Jun,28-Jun,29-Jun,30-Jun,7,7,0
Amravati,Akola,Akola,Akola,Akot,20028420,Popatkhed 97 VRRWSS Tq. Akot & Telhara Dist. Akola,Pimpri Jainpur,954,2,1.71,1.71,13.18,10.07,0.08,0,12.04,1406.71,179.58,1381.55,1055.8,8.39,0,1262.05,24-Jun,25-Jun,26-Jun,27-Jun,28-Jun,29-Jun,30-Jun,24-Jun,25-Jun,26-Jun,27-Jun,28-Jun,29-Jun,30-Jun,1,2,5
Amravati,Akola,Akola,Akola,Akot,20028420,Popatkhed 97 VRRWSS Tq. Akot & Telhara Dist. Akola,Shahapur Pr. Rupagad,1093,2,1.19,1.19,0.47,1.32,0.72,1.02,1.06,100.49,108.77,42.76,121.11,65.57,93.22,97.2,24-Jun,25-Jun,26-Jun,27-Jun,28-Jun,29-Jun,30-Jun,24-Jun,25-Jun,26-Jun,27-Jun,28-Jun,29-Jun,30-Jun,0,1,6
Amravati,Akola,Akola,Akola,Akot,20028420,Popatkhed 97 VRRWSS Tq. Akot & Telhara Dist. Akola,Somthana,626,1,0.45,0.45,0,0,0,0,0,136.33,71.97,0,0,0,0,0,24-Jun,25-Jun,26-Jun,27-Jun,28-Jun,29-Jun,30-Jun,24-Jun,25-Jun,26-Jun,27-Jun,28-Jun,29-Jun,30-Jun,5,5,2
Amravati,Akola,Akola,Akola,Akot,20028420,Popatkhed 97 VRRWSS Tq. Akot & Telhara Dist. Akola,Wadali Satwai,2205,1,2.08,2.08,2.23,2.17,2,1.94,1.95,86.09,94.34,101.21,98.34,90.81,87.92,88.59,24-Jun,25-Jun,26-Jun,27-Jun,28-Jun,29-Jun,30-Jun,24-Jun,25-Jun,26-Jun,27-Jun,28-Jun,29-Jun,30-Jun,0,0,7
Amravati,Akola,Akola,Akola,Akot,20028420,Popatkhed 97 VRRWSS Tq. Akot & Telhara Dist. Akola,Wadgaon Mendhe,927,3,0.03,0.03,1.44,1.48,0.66,1.5,0.05,136.88,2.78,155.44,160.01,71.39,161.6,5.78,24-Jun,25-Jun,26-Jun,27-Jun,28-Jun,29-Jun,30-Jun,24-Jun,25-Jun,26-Jun,27-Jun,28-Jun,29-Jun,30-Jun,0,2,5
Amravati,Akola,Akola,Akola,Akot,20028420,Popatkhed 97 VRRWSS Tq. Akot & Telhara Dist. Akola,Wastapur,1565,2,0.5,0.5,0.28,0,0,0,0,34.29,32.06,18.03,0,0,0,0,24-Jun,25-Jun,26-Jun,27-Jun,28-Jun,29-Jun,30-Jun,24-Jun,25-Jun,26-Jun,27-Jun,28-Jun,29-Jun,30-Jun,4,7,0
Amravati,Akola,Akola,Akola,Telhara,20028565,"Akot 84 VRRWSS Tq. Akola, Akot & Telhara Dist. Akola",Ner,1646,1,0,0,0,0,0,0,0,0,0,0,0,0,0,0,24-Jun,25-Jun,26-Jun,27-Jun,28-Jun,29-Jun,30-Jun,24-Jun,25-Jun,26-Jun,27-Jun,28-Jun,29-Jun,30-Jun,7,7,0
Amravati,Akola,Akola,Murtizapur,Murtizapur,20028270,"Lakhpuri 18 VRRWSS Tq. Murtizapur, Dist. Akola",Ghungshi,636,1,0.92,0.92,0.23,1.08,0.96,0.97,0.21,153.97,145.06,36.27,169.04,151.65,152.19,33.26,24-Jun,25-Jun,26-Jun,27-Jun,28-Jun,29-Jun,30-Jun,24-Jun,25-Jun,26-Jun,27-Jun,28-Jun,29-Jun,30-Jun,0,2,5
Amravati,Akola,Akola,Murtizapur,Murtizapur,20028270,"Lakhpuri 18 VRRWSS Tq. Murtizapur, Dist. Akola",Jambha Bk.,2328,2,0,0,0,0,0,0,0,0,0,0,0,0.05,0,0,24-Jun,25-Jun,26-Jun,27-Jun,28-Jun,29-Jun,30-Jun,24-Jun,25-Jun,26-Jun,27-Jun,28-Jun,29-Jun,30-Jun,6,7,0
Amravati,Akola,Akola,Murtizapur,Murtizapur,20028270,"Lakhpuri 18 VRRWSS Tq. Murtizapur, Dist. Akola",Lait,581,1,0.87,0.87,1.57,0.77,0.99,0.71,0.76,128.95,149.61,269.69,133.14,170.35,122.01,130.21,24-Jun,25-Jun,26-Jun,27-Jun,28-Jun,29-Jun,30-Jun,24-Jun,25-Jun,26-Jun,27-Jun,28-Jun,29-Jun,30-Jun,0,0,7
Amravati,Akola,Akola,Murtizapur,Murtizapur,20028270,"Lakhpuri 18 VRRWSS Tq. Murtizapur, Dist. Akola",Lakhpuri,3562,4,2.18,2.18,0.01,3.62,4.11,0.74,0,74.94,61.3,0.16,101.58,115.34,20.87,0,24-Jun,25-Jun,26-Jun,27-Jun,28-Jun,29-Jun,30-Jun,24-Jun,25-Jun,26-Jun,27-Jun,28-Jun,29-Jun,30-Jun,1,3,4
Amravati,Akola,Akola,Murtizapur,Murtizapur,20028270,"Lakhpuri 18 VRRWSS Tq. Murtizapur, Dist. Akola",Mangrul Kambe,1837,3,3.12,3.12,2.56,3.19,3.33,2.5,2.53,139.73,169.63,139.35,173.43,181.21,136.24,137.69,24-Jun,25-Jun,26-Jun,27-Jun,28-Jun,29-Jun,30-Jun,24-Jun,25-Jun,26-Jun,27-Jun,28-Jun,29-Jun,30-Jun,0,0,7
Amravati,Akola,Akola,Murtizapur,Murtizapur,20028270,"Lakhpuri 18 VRRWSS Tq. Murtizapur, Dist. Akola",Rasulpur,446,1,0.54,0.54,0.59,0,0.88,0.04,0.66,153.15,122.09,131.2,0,197.39,9.16,147.11,24-Jun,25-Jun,26-Jun,27-Jun,28-Jun,29-Jun,30-Jun,24-Jun,25-Jun,26-Jun,27-Jun,28-Jun,29-Jun,30-Jun,1,2,5
Amravati,Akola,Akola,Murtizapur,Murtizapur,20028270,"Lakhpuri 18 VRRWSS Tq. Murtizapur, Dist. Akola",Virwada,818,1,0,0,0,0,0,0,0,0,0,0,0,0,0,0,24-Jun,25-Jun,26-Jun,27-Jun,28-Jun,29-Jun,30-Jun,24-Jun,25-Jun,26-Jun,27-Jun,28-Jun,29-Jun,30-Jun,7,7,0
Amravati,Akola,Akola,Murtizapur,Murtizapur,20028308,Pinjar & 2 VRRWSS Tq.Barshitakali Dist.Akola,Junana,2252,2,0,0,0.64,1.09,0.92,0.53,0.86,43.33,0,28.34,48.36,40.71,23.32,37.99,24-Jun,25-Jun,26-Jun,27-Jun,28-Jun,29-Jun,30-Jun,24-Jun,25-Jun,26-Jun,27-Jun,28-Jun,29-Jun,30-Jun,1,7,0
Amravati,Akola,Akola,Murtizapur,Murtizapur,20028308,Pinjar & 2 VRRWSS Tq.Barshitakali Dist.Akola,Pinjar,9112,3,2.48,2.48,0.99,0.01,0,1.81,2.69,4.35,27.16,10.83,0.14,0,19.9,29.52,24-Jun,25-Jun,26-Jun,27-Jun,28-Jun,29-Jun,30-Jun,24-Jun,25-Jun,26-Jun,27-Jun,28-Jun,29-Jun,30-Jun,1,7,0
Amravati,Akola,Akola,Murtizapur,Murtizapur,20028330,Langhapur 50 VRRWSS Tq. Murtizapur Dist. Akola,Anbhora,396,1,0,0,8.79,3.12,0,0,2.54,0,0,2219.7,787.88,0,0,641.41,24-Jun,25-Jun,26-Jun,27-Jun,28-Jun,29-Jun,30-Jun,24-Jun,25-Jun,26-Jun,27-Jun,28-Jun,29-Jun,30-Jun,4,4,3
Amravati,Akola,Akola,Murtizapur,Murtizapur,20028330,Langhapur 50 VRRWSS Tq. Murtizapur Dist. Akola,Borta,303,4,0,0,0.66,0,0,0,0.88,0.17,0,219.12,0.04,0,0,288.96,24-Jun,25-Jun,26-Jun,27-Jun,28-Jun,29-Jun,30-Jun,24-Jun,25-Jun,26-Jun,27-Jun,28-Jun,29-Jun,30-Jun,3,5,2
Amravati,Akola,Akola,Murtizapur,Murtizapur,20028330,Langhapur 50 VRRWSS Tq. Murtizapur Dist. Akola,Chikhli,314,2,0,0,0,0,0,0,0,0,0,0,0,0,0,0,24-Jun,25-Jun,26-Jun,27-Jun,28-Jun,29-Jun,30-Jun,24-Jun,25-Jun,26-Jun,27-Jun,28-Jun,29-Jun,30-Jun,7,7,0
Amravati,Akola,Akola,Murtizapur,Murtizapur,20028330,Langhapur 50 VRRWSS Tq. Murtizapur Dist. Akola,Dahatonda,302,1,1.36,1.36,1.3,1.45,1.4,1.39,1.43,469.72,449.81,431.55,480.7,463.65,461.26,473.27,24-Jun,25-Jun,26-Jun,27-Jun,28-Jun,29-Jun,30-Jun,24-Jun,25-Jun,26-Jun,27-Jun,28-Jun,29-Jun,30-Jun,0,0,7
Amravati,Akola,Akola,Murtizapur,Murtizapur,20028330,Langhapur 50 VRRWSS Tq. Murtizapur Dist. Akola,Dhotra shinde,455,2,0,0,0,0,0,0,0,0,0,0,0,0,0,0,24-Jun,25-Jun,26-Jun,27-Jun,28-Jun,29-Jun,30-Jun,24-Jun,25-Jun,26-Jun,27-Jun,28-Jun,29-Jun,30-Jun,7,7,0
Amravati,Akola,Akola,Murtizapur,Murtizapur,20028330,Langhapur 50 VRRWSS Tq. Murtizapur Dist. Akola,Nimba,541,1,0,0,0,0,0,0,0,0,0,0,0,0,0,0,24-Jun,25-Jun,26-Jun,27-Jun,28-Jun,29-Jun,30-Jun,24-Jun,25-Jun,26-Jun,27-Jun,28-Jun,29-Jun,30-Jun,7,7,0
Amravati,Akola,Akola,Murtizapur,Murtizapur,20028330,Langhapur 50 VRRWSS Tq. Murtizapur Dist. Akola,Rajura Ghate,268,1,0,0,2.83,0,0,2.22,0,0,0,1055.97,0,0,828.36,0,24-Jun,25-Jun,26-Jun,27-Jun,28-Jun,29-Jun,30-Jun,24-Jun,25-Jun,26-Jun,27-Jun,28-Jun,29-Jun,30-Jun,5,5,2
Amravati,Akola,Akola,Murtizapur,Murtizapur,20028330,Langhapur 50 VRRWSS Tq. Murtizapur Dist. Akola,Sirso,1395,3,0,0,0,0,0,0,0,0,0,0,0,0,0,0,24-Jun,25-Jun,26-Jun,27-Jun,28-Jun,29-Jun,30-Jun,24-Jun,25-Jun,26-Jun,27-Jun,28-Jun,29-Jun,30-Jun,7,7,0
Amravati,Akola,Akola,Murtizapur,Murtizapur,20028330,Langhapur 50 VRRWSS Tq. Murtizapur Dist. Akola,Sonori,597,2,0.38,0.38,0,0,0.37,0,0,0,63.65,0,0,61.98,0,0,24-Jun,25-Jun,26-Jun,27-Jun,28-Jun,29-Jun,30-Jun,24-Jun,25-Jun,26-Jun,27-Jun,28-Jun,29-Jun,30-Jun,5,5,2
Amravati,Akola,Buldhana,Buldhana,Buldhana,20021406,Padali & 5 Villages RRWSS,Gondhankhed,413,1,0,0,0,0,0,0,0,0,0,0,0,0,0,0,24-Jun,25-Jun,26-Jun,27-Jun,28-Jun,29-Jun,30-Jun,24-Jun,25-Jun,26-Jun,27-Jun,28-Jun,29-Jun,30-Jun,7,7,0
Amravati,Akola,Buldhana,Buldhana,Buldhana,20021406,Padali & 5 Villages RRWSS,Ijalpur,817,1,0,0,0.65,0.66,0.05,0.02,0.06,0,0,79.56,80.78,6.12,2.45,7.34,24-Jun,25-Jun,26-Jun,27-Jun,28-Jun,29-Jun,30-Jun,24-Jun,25-Jun,26-Jun,27-Jun,28-Jun,29-Jun,30-Jun,2,5,2
Amravati,Akola,Buldhana,Buldhana,Buldhana,20021406,Padali & 5 Villages RRWSS,Merkhed,125,1,0.29,0.29,0,0,0,1.2,0,0,232,0,0,0,960,0,24-Jun,25-Jun,26-Jun,27-Jun,28-Jun,29-Jun,30-Jun,24-Jun,25-Jun,26-Jun,27-Jun,28-Jun,29-Jun,30-Jun,5,5,2
Amravati,Akola,Buldhana,Buldhana,Buldhana,20021406,Padali & 5 Villages RRWSS,Padli,2502,2,1.67,1.67,0.48,0,0,0,0,11.28,66.65,19.33,0,0,0,0,24-Jun,25-Jun,26-Jun,27-Jun,28-Jun,29-Jun,30-Jun,24-Jun,25-Jun,26-Jun,27-Jun,28-Jun,29-Jun,30-Jun,4,6,1
Amravati,Akola,Buldhana,Buldhana,Buldhana,20021406,Padali & 5 Villages RRWSS,Palaskhed Nago,712,1,0,0,0,0,0,0,0,0,0,0,0,0,0,0,24-Jun,25-Jun,26-Jun,27-Jun,28-Jun,29-Jun,30-Jun,24-Jun,25-Jun,26-Jun,27-Jun,28-Jun,29-Jun,30-Jun,7,7,0
Amravati,Akola,Buldhana,Buldhana,Buldhana,20021406,Padali & 5 Villages RRWSS,Palaskhed Naik,1098,1,0,0,0,0,0,0,0,0,0,0,0,0,0,0,24-Jun,25-Jun,26-Jun,27-Jun,28-Jun,29-Jun,30-Jun,24-Jun,25-Jun,26-Jun,27-Jun,28-Jun,29-Jun,30-Jun,7,7,0
Amravati,Akola,Buldhana,Buldhana,Motala,20021409,Kurha & 2 Villages RRWSS,Gotmara,1309,1,0,0,0,0,0,0,0,0,0,0,0,0,0,0,24-Jun,25-Jun,26-Jun,27-Jun,28-Jun,29-Jun,30-Jun,24-Jun,25-Jun,26-Jun,27-Jun,28-Jun,29-Jun,30-Jun,7,7,0
Amravati,Akola,Buldhana,Buldhana,Motala,20021409,Kurha & 2 Villages RRWSS,Hanwatkhed,801,1,0,0,0,0,0,0,0,0,0,0,0,0,0,0,24-Jun,25-Jun,26-Jun,27-Jun,28-Jun,29-Jun,30-Jun,24-Jun,25-Jun,26-Jun,27-Jun,28-Jun,29-Jun,30-Jun,7,7,0
Amravati,Akola,Buldhana,Buldhana,Motala,20021409,Kurha & 2 Villages RRWSS,Kurha,2299,2,1.39,1.39,1.04,1.22,1.65,1.38,1.11,55.68,60.46,45.24,53.07,71.77,60.03,48.28,24-Jun,25-Jun,26-Jun,27-Jun,28-Jun,29-Jun,30-Jun,24-Jun,25-Jun,26-Jun,27-Jun,28-Jun,29-Jun,30-Jun,0,3,4
Amravati,Akola,Buldhana,Buldhana,Motala,20027978,Dhamangaon Deshmukh & 9 Villages RRWSS,Bhangi Tanda,398,1,0,0,1.97,0,0,0.93,2.35,0,0,494.97,0,0,233.67,590.45,24-Jun,25-Jun,26-Jun,27-Jun,28-Jun,29-Jun,30-Jun,24-Jun,25-Jun,26-Jun,27-Jun,28-Jun,29-Jun,30-Jun,4,4,3
Amravati,Akola,Buldhana,Buldhana,Motala,20027978,Dhamangaon Deshmukh & 9 Villages RRWSS,Bhangi Vasti,244,1,0,0,0,0,0,0,0,0,0,0,0,0.63,0,0,24-Jun,25-Jun,26-Jun,27-Jun,28-Jun,29-Jun,30-Jun,24-Jun,25-Jun,26-Jun,27-Jun,28-Jun,29-Jun,30-Jun,6,7,0
Amravati,Akola,Buldhana,Buldhana,Motala,20027978,Dhamangaon Deshmukh & 9 Villages RRWSS,Chinchkhed Nath,1366,2,0,0,0,0,0,0.02,0,0.01,0.04,0.13,0.08,0.25,1.58,0.02,24-Jun,25-Jun,26-Jun,27-Jun,28-Jun,29-Jun,30-Jun,24-Jun,25-Jun,26-Jun,27-Jun,28-Jun,29-Jun,30-Jun,0,7,0
Amravati,Akola,Buldhana,Buldhana,Motala,20027978,Dhamangaon Deshmukh & 9 Villages RRWSS,Dhamangaon Deshmukh,1452,1,0.4,0.4,0,0,0,0,0,0.01,27.38,0,0,0,0,0,24-Jun,25-Jun,26-Jun,27-Jun,28-Jun,29-Jun,30-Jun,24-Jun,25-Jun,26-Jun,27-Jun,28-Jun,29-Jun,30-Jun,5,7,0
Amravati,Akola,Buldhana,Buldhana,Motala,20027978,Dhamangaon Deshmukh & 9 Villages RRWSS,Giroli,1418,1,0,0,0,0,0,0,0,0,0,0,0,0,0,0,24-Jun,25-Jun,26-Jun,27-Jun,28-Jun,29-Jun,30-Jun,24-Jun,25-Jun,26-Jun,27-Jun,28-Jun,29-Jun,30-Jun,7,7,0
Amravati,Akola,Buldhana,Buldhana,Motala,20027978,Dhamangaon Deshmukh & 9 Villages RRWSS,Isalwadi,1075,1,0,0,0,0,0,1.53,0,72.51,0.03,0,0,0,142.13,0.07,24-Jun,25-Jun,26-Jun,27-Jun,28-Jun,29-Jun,30-Jun,24-Jun,25-Jun,26-Jun,27-Jun,28-Jun,29-Jun,30-Jun,3,5,2
Amravati,Akola,Buldhana,Buldhana,Motala,20027978,Dhamangaon Deshmukh & 9 Villages RRWSS,Nimkhedi,850,1,0,0,0,0,0,0,0,0,0,0,0.27,0,0,0,24-Jun,25-Jun,26-Jun,27-Jun,28-Jun,29-Jun,30-Jun,24-Jun,25-Jun,26-Jun,27-Jun,28-Jun,29-Jun,30-Jun,6,7,0
Amravati,Akola,Buldhana,Buldhana,Motala,20027978,Dhamangaon Deshmukh & 9 Villages RRWSS,Pimpalgaon Nath,1482,2,0,0,0,0,1.45,1.22,0,39.7,0,0,0,97.86,82.55,0,24-Jun,25-Jun,26-Jun,27-Jun,28-Jun,29-Jun,30-Jun,24-Jun,25-Jun,26-Jun,27-Jun,28-Jun,29-Jun,30-Jun,4,5,2
Amravati,Akola,Buldhana,Buldhana,Motala,20027978,Dhamangaon Deshmukh & 9 Villages RRWSS,Pimpalgaon Nath Tanda,891,2,21.93,21.93,16.97,15.77,31.46,2.21,11.3,1182.92,2461.24,1904.73,1770.2,3530.72,247.79,1268.38,24-Jun,25-Jun,26-Jun,27-Jun,28-Jun,29-Jun,30-Jun,24-Jun,25-Jun,26-Jun,27-Jun,28-Jun,29-Jun,30-Jun,0,0,7
Amravati,Akola,Buldhana,Buldhana,Motala,20027978,Dhamangaon Deshmukh & 9 Villages RRWSS,Ramgaon Tanda,475,3,0,0,0.83,0,0,4.87,0,328.42,0,174.74,0,0,1025.26,0,24-Jun,25-Jun,26-Jun,27-Jun,28-Jun,29-Jun,30-Jun,24-Jun,25-Jun,26-Jun,27-Jun,28-Jun,29-Jun,30-Jun,4,4,3
Amravati,Akola,Buldhana,Buldhana,Motala,20028065,Pophali & 3 Villages RRWSS,Chawarda,1202,1,5.72,5.72,0,5.03,5.74,3.92,0,0,475.87,0,418.47,477.54,326.12,0,24-Jun,25-Jun,26-Jun,27-Jun,28-Jun,29-Jun,30-Jun,24-Jun,25-Jun,26-Jun,27-Jun,28-Jun,29-Jun,30-Jun,3,3,4
Amravati,Akola,Buldhana,Buldhana,Motala,20028065,Pophali & 3 Villages RRWSS,Dhonkhed,970,2,0.29,0.29,1.62,0.47,0.19,0.88,0.35,0,29.9,167.01,48.45,19.59,90.72,36.08,24-Jun,25-Jun,26-Jun,27-Jun,28-Jun,29-Jun,30-Jun,24-Jun,25-Jun,26-Jun,27-Jun,28-Jun,29-Jun,30-Jun,1,5,2
Amravati,Akola,Buldhana,Buldhana,Motala,20028065,Pophali & 3 Villages RRWSS,Pophali,2833,2,2.99,2.99,2.67,1.96,1.57,3.02,2.29,95.56,105.37,94.09,69.08,55.5,106.47,80.75,24-Jun,25-Jun,26-Jun,27-Jun,28-Jun,29-Jun,30-Jun,24-Jun,25-Jun,26-Jun,27-Jun,28-Jun,29-Jun,30-Jun,0,0,7
Amravati,Akola,Buldhana,Buldhana,Motala,20028065,Pophali & 3 Villages RRWSS,Wadi,724,2,0.06,0.06,0,0.1,0.08,0.07,0.07,9.67,8.29,0,14.01,10.98,9.83,9.69,24-Jun,25-Jun,26-Jun,27-Jun,28-Jun,29-Jun,30-Jun,24-Jun,25-Jun,26-Jun,27-Jun,28-Jun,29-Jun,30-Jun,1,7,0
Amravati,Akola,Buldhana,Khamgaon,Nandura,20028083,Wadali & 8 Villages RRWSS,Barafgaon,480,3,0.53,0.53,0.49,0,0,0.56,1.03,0,110.82,102.24,0,0,115.85,213.55,24-Jun,25-Jun,26-Jun,27-Jun,28-Jun,29-Jun,30-Jun,24-Jun,25-Jun,26-Jun,27-Jun,28-Jun,29-Jun,30-Jun,3,3,4
Amravati,Akola,Buldhana,Khamgaon,Nandura,20028083,Wadali & 8 Villages RRWSS,Khatkhed,581,1,0,0,0.18,0,0,0,0,0,0,30.34,0,0,0,0,24-Jun,25-Jun,26-Jun,27-Jun,28-Jun,29-Jun,30-Jun,24-Jun,25-Jun,26-Jun,27-Jun,28-Jun,29-Jun,30-Jun,6,7,0
Amravati,Akola,Buldhana,Khamgaon,Nandura,20028083,Wadali & 8 Villages RRWSS,Muramba,596,2,0.22,0.22,0.31,0.4,0.25,0.36,0.3,87.91,36.78,51.23,67,41.66,59.65,51.13,24-Jun,25-Jun,26-Jun,27-Jun,28-Jun,29-Jun,30-Jun,24-Jun,25-Jun,26-Jun,27-Jun,28-Jun,29-Jun,30-Jun,0,4,3
Amravati,Akola,Buldhana,Khamgaon,Nandura,20028083,Wadali & 8 Villages RRWSS,Pimpalkuta Dhande,912,2,0.95,0.95,0,1.35,0.9,1.03,0.01,125.81,104.48,0,148.41,98.31,113.16,1.5,24-Jun,25-Jun,26-Jun,27-Jun,28-Jun,29-Jun,30-Jun,24-Jun,25-Jun,26-Jun,27-Jun,28-Jun,29-Jun,30-Jun,1,2,5
Amravati,Akola,Buldhana,Khamgaon,Nandura,20028083,Wadali & 8 Villages RRWSS,Wadali,1192,2,0.11,0.11,0.1,0.1,0.08,0.1,0.01,8.95,8.83,8.34,8.3,6.73,8.64,1.02,24-Jun,25-Jun,26-Jun,27-Jun,28-Jun,29-Jun,30-Jun,24-Jun,25-Jun,26-Jun,27-Jun,28-Jun,29-Jun,30-Jun,0,7,0
Amravati,Akola,Buldhana,Khamgaon,Nandura,20028083,Wadali & 8 Villages RRWSS,Wasadi,792,2,0,0,0,0,0,0,0,0,0,0,0,0,0,0,24-Jun,25-Jun,26-Jun,27-Jun,28-Jun,29-Jun,30-Jun,24-Jun,25-Jun,26-Jun,27-Jun,28-Jun,29-Jun,30-Jun,7,7,0
Amravati,Amravati,Amravati W.M,Daryapur,Anjangaon,20005043,156 Villages Strengthening scheme of 144 villages RR,Telkheda,220,1,144581,144581,0,0,145986.87,0,0,0,65718635.5,0,0,66357669.87,0,0,24-Jun,25-Jun,26-Jun,27-Jun,28-Jun,29-Jun,30-Jun,24-Jun,25-Jun,26-Jun,27-Jun,28-Jun,29-Jun,30-Jun,5,5,2
Amravati,Amravati,Amravati W.M,Daryapur,Anjangaon,20005043,156 Villages Strengthening scheme of 144 villages RR,Yerandgaon,712,1,761.06,761.06,882.83,800.07,872.6,734.31,1004.29,112105.34,106890.45,123992.98,112369.38,122556.18,103133.43,141051.97,24-Jun,25-Jun,26-Jun,27-Jun,28-Jun,29-Jun,30-Jun,24-Jun,25-Jun,26-Jun,27-Jun,28-Jun,29-Jun,30-Jun,0,0,7
Amravati,Amravati,Amravati W.M,Daryapur,Daryapur,20005043,156 Villages Strengthening scheme of 144 villages RR,Ghodchandi,743,1,459.82,459.82,412.03,672.59,448.94,709.5,789.37,61032.3,61886.94,55454.91,90523.55,60422.61,95491.25,106240.92,24-Jun,25-Jun,26-Jun,27-Jun,28-Jun,29-Jun,30-Jun,24-Jun,25-Jun,26-Jun,27-Jun,28-Jun,29-Jun,30-Jun,0,0,7
Amravati,Amravati,Amravati W.M,Daryapur,Daryapur,20005043,156 Villages Strengthening scheme of 144 villages RR,Katkheda,408,1,1003.36,1003.36,0,3445.24,443.46,825.93,773.55,251802.01,245922.16,0,844422.33,108691.48,202432.64,189596.79,24-Jun,25-Jun,26-Jun,27-Jun,28-Jun,29-Jun,30-Jun,24-Jun,25-Jun,26-Jun,27-Jun,28-Jun,29-Jun,30-Jun,1,1,6
Amravati,Amravati,Amravati W.M,Daryapur,Daryapur,20005043,156 Villages Strengthening scheme of 144 villages RR,Pimplod,4197,2,4.18,4.18,3.49,6.71,2.43,6.08,5.42,168.2,99.5,83.22,159.85,57.85,144.81,129.08,24-Jun,25-Jun,26-Jun,27-Jun,28-Jun,29-Jun,30-Jun,24-Jun,25-Jun,26-Jun,27-Jun,28-Jun,29-Jun,30-Jun,0,0,7
Amravati,Amravati,Amravati W.M,Daryapur,Daryapur,20005043,156 Villages Strengthening scheme of 144 villages RR,Rajkhed,564,1,1.33,1.33,0.26,0.01,1.48,0.02,0.31,44.33,235.82,46.1,1.77,262.41,3.55,54.96,24-Jun,25-Jun,26-Jun,27-Jun,28-Jun,29-Jun,30-Jun,24-Jun,25-Jun,26-Jun,27-Jun,28-Jun,29-Jun,30-Jun,0,5,2
Amravati,Amravati,Amravati W.M,W.M.Amravati - 2,Achalpur,20003791,105 Villages RRWSS,Virshi,1231,1,10.69,10.69,3.7,0.72,20.4,9.01,5.72,662.88,868.44,300.57,58.49,1657.19,731.68,464.66,24-Jun,25-Jun,26-Jun,27-Jun,28-Jun,29-Jun,30-Jun,24-Jun,25-Jun,26-Jun,27-Jun,28-Jun,29-Jun,30-Jun,0,0,7
Amravati,Amravati,Amravati W.M,W.M.Amravati - 2,Achalpur,20003791,105 Villages RRWSS,Waigaon,1824,2,0,0,0,0,0,0,0,0,0,0,0,0,0,0,24-Jun,25-Jun,26-Jun,27-Jun,28-Jun,29-Jun,30-Jun,24-Jun,25-Jun,26-Jun,27-Jun,28-Jun,29-Jun,30-Jun,7,7,0
Amravati,Amravati,Amravati W.M,W.M.Amravati - 2,Achalpur,20003791,105 Villages RRWSS,Waki,872,2,0.15,0.15,0.1,0,0.12,0.34,0.25,17.2,17.2,11.47,0,13.76,38.99,28.67,24-Jun,25-Jun,26-Jun,27-Jun,28-Jun,29-Jun,30-Jun,24-Jun,25-Jun,26-Jun,27-Jun,28-Jun,29-Jun,30-Jun,1,7,0
Amravati,Amravati,Amravati W.M,W.M.Amravati - 2,Achalpur,20003791,105 Villages RRWSS,Wandli,494,1,4.33,4.33,6.12,4.45,5.4,4.96,5.14,951.42,876.52,1238.87,900.81,1093.12,1003.08,1040.49,24-Jun,25-Jun,26-Jun,27-Jun,28-Jun,29-Jun,30-Jun,24-Jun,25-Jun,26-Jun,27-Jun,28-Jun,29-Jun,30-Jun,0,0,7
Amravati,Amravati,Amravati W.M,W.M.Amravati - 2,Achalpur,20003791,105 Villages RRWSS,Wathoda,2563,2,3.01,3.01,2.83,0,1,3.17,2.92,96.37,117.44,110.42,0,39.02,123.68,113.93,24-Jun,25-Jun,26-Jun,27-Jun,28-Jun,29-Jun,30-Jun,24-Jun,25-Jun,26-Jun,27-Jun,28-Jun,29-Jun,30-Jun,1,2,5
Amravati,Amravati,Amravati W.M,W.M.Amravati - 2,Achalpur,20003791,105 Villages RRWSS,Yelki,1086,2,28.76,28.76,43.59,28.08,42.52,28.79,42.27,3748.88,2647.82,4013.93,2585.17,3915.34,2651.13,3892.09,24-Jun,25-Jun,26-Jun,27-Jun,28-Jun,29-Jun,30-Jun,24-Jun,25-Jun,26-Jun,27-Jun,28-Jun,29-Jun,30-Jun,0,0,7
Amravati,Amravati,Amravati W.M,W.M.Amravati - 2,Achalpur,20003791,105 Villages RRWSS,Zanji,175,3,1.43,1.43,1.5,1.19,1.6,1.09,1.59,1091.43,817.14,857.14,680,914.29,622.86,908.57,24-Jun,25-Jun,26-Jun,27-Jun,28-Jun,29-Jun,30-Jun,24-Jun,25-Jun,26-Jun,27-Jun,28-Jun,29-Jun,30-Jun,0,0,7
Amravati,Amravati,Amravati W.M,W.M.Amravati - 2,Amravati,20003791,105 Villages RRWSS,Chinchkheda,1185,2,0.79,0.79,0.35,0.58,0.92,0.59,1.06,54.01,66.67,29.54,48.95,77.64,49.79,89.45,24-Jun,25-Jun,26-Jun,27-Jun,28-Jun,29-Jun,30-Jun,24-Jun,25-Jun,26-Jun,27-Jun,28-Jun,29-Jun,30-Jun,0,4,3
Amravati,Amravati,Amravati W.M,W.M.Amravati - 2,Amravati,20003791,105 Villages RRWSS,Rama,891,2,19.18,19.18,12.78,18.92,15.64,16.9,19.21,2040.4,2152.64,1434.34,2123.65,1755.33,1896.75,2155.44,24-Jun,25-Jun,26-Jun,27-Jun,28-Jun,29-Jun,30-Jun,24-Jun,25-Jun,26-Jun,27-Jun,28-Jun,29-Jun,30-Jun,0,0,7
Amravati,Amravati,Amravati W.M,W.M.Amravati - 2,Amravati,20003791,105 Villages RRWSS,Saur,3880,1,1.25,1.25,1.55,1.23,1.6,1.28,1.05,40.21,32.22,39.95,31.7,41.24,32.99,27.06,24-Jun,25-Jun,26-Jun,27-Jun,28-Jun,29-Jun,30-Jun,24-Jun,25-Jun,26-Jun,27-Jun,28-Jun,29-Jun,30-Jun,0,7,0
Amravati,Amravati,Amravati W.M,W.M.Amravati - 2,Amravati,20003791,105 Villages RRWSS,Sayat,2238,5,0,0,1.85,1.84,0.82,1.32,1.53,0,0,82.66,82.22,36.64,58.98,68.36,24-Jun,25-Jun,26-Jun,27-Jun,28-Jun,29-Jun,30-Jun,24-Jun,25-Jun,26-Jun,27-Jun,28-Jun,29-Jun,30-Jun,2,3,4
Amravati,Amravati,Amravati W.M,W.M.Amravati - 2,Amravati,20003791,105 Villages RRWSS,Selora,1555,1,1.04,1.04,0.82,0.86,0.9,1.04,0.97,61.74,66.88,52.73,55.31,57.88,66.88,62.38,24-Jun,25-Jun,26-Jun,27-Jun,28-Jun,29-Jun,30-Jun,24-Jun,25-Jun,26-Jun,27-Jun,28-Jun,29-Jun,30-Jun,0,1,6
Amravati,Amravati,Amravati W.M,W.M.Amravati - 2,Amravati,20003791,105 Villages RRWSS,Shirajgaon,1491,6,8.57,8.57,6.67,7.53,6.8,7.35,6.56,428.57,574.78,447.35,505.03,456.07,492.96,439.97,24-Jun,25-Jun,26-Jun,27-Jun,28-Jun,29-Jun,30-Jun,24-Jun,25-Jun,26-Jun,27-Jun,28-Jun,29-Jun,30-Jun,0,0,7
Amravati,Amravati,Amravati W.M,W.M.Amravati - 2,Amravati,20003791,105 Villages RRWSS,Shirala,10390,6,1.54,1.54,2.58,1.37,2.61,1.41,2.83,7.51,14.82,24.83,13.19,25.12,13.57,27.24,24-Jun,25-Jun,26-Jun,27-Jun,28-Jun,29-Jun,30-Jun,24-Jun,25-Jun,26-Jun,27-Jun,28-Jun,29-Jun,30-Jun,0,7,0
Amravati,Amravati,Amravati W.M,W.M.Amravati - 2,Amravati,20003791,105 Villages RRWSS,Takarkheda,1961,4,0,0,0,0.26,0,0,0,46.08,0,0,13.07,0,0,0,24-Jun,25-Jun,26-Jun,27-Jun,28-Jun,29-Jun,30-Jun,24-Jun,25-Jun,26-Jun,27-Jun,28-Jun,29-Jun,30-Jun,5,7,0
Amravati,Amravati,Amravati W.M,W.M.Amravati - 2,Amravati,20003791,105 Villages RRWSS,Talwel,4024,6,3.21,3.21,3.44,3.58,3.69,3.71,3.48,76,79.77,85.49,88.97,91.7,92.2,86.48,24-Jun,25-Jun,26-Jun,27-Jun,28-Jun,29-Jun,30-Jun,24-Jun,25-Jun,26-Jun,27-Jun,28-Jun,29-Jun,30-Jun,0,0,7
Amravati,Amravati,Amravati W.M,W.M.Amravati - 2,Amravati,20003791,105 Villages RRWSS,Tarkheda,3773,3,3.87,3.87,3.11,3.67,3.4,3.64,3.69,95.15,102.57,82.43,97.27,90.11,96.47,97.8,24-Jun,25-Jun,26-Jun,27-Jun,28-Jun,29-Jun,30-Jun,24-Jun,25-Jun,26-Jun,27-Jun,28-Jun,29-Jun,30-Jun,0,0,7
Amravati,Amravati,Amravati W.M,W.M.Amravati - 2,Bhatkuli,20003791,105 Villages RRWSS,Anakwadi,649,1,0,0,0,0.86,0,0,0.5,1.54,0,0,132.51,0,0,77.04,24-Jun,25-Jun,26-Jun,27-Jun,28-Jun,29-Jun,30-Jun,24-Jun,25-Jun,26-Jun,27-Jun,28-Jun,29-Jun,30-Jun,4,5,2
Amravati,Amravati,Amravati W.M,W.M.Amravati - 2,Bhatkuli,20003791,105 Villages RRWSS,Asegaon,4180,6,1.11,1.11,1.11,1.11,1.11,1.11,1.11,26.56,26.56,26.59,26.56,26.56,26.63,26.56,24-Jun,25-Jun,26-Jun,27-Jun,28-Jun,29-Jun,30-Jun,24-Jun,25-Jun,26-Jun,27-Jun,28-Jun,29-Jun,30-Jun,0,7,0
Amravati,Amravati,Amravati W.M,W.M.Amravati - 2,Bhatkuli,20003791,105 Villages RRWSS,Ashti,3472,5,2.69,2.69,2.44,3.44,2.58,2.26,3.35,102.25,77.48,70.28,99.08,74.31,65.09,96.49,24-Jun,25-Jun,26-Jun,27-Jun,28-Jun,29-Jun,30-Jun,24-Jun,25-Jun,26-Jun,27-Jun,28-Jun,29-Jun,30-Jun,0,0,7
Amravati,Amravati,Amravati W.M,W.M.Amravati - 2,Bhatkuli,20003791,105 Villages RRWSS,Bhalsi,519,1,0.12,0.12,0.82,0.4,0.64,0.67,0.51,105.97,23.12,158,77.07,123.31,129.09,98.27,24-Jun,25-Jun,26-Jun,27-Jun,28-Jun,29-Jun,30-Jun,24-Jun,25-Jun,26-Jun,27-Jun,28-Jun,29-Jun,30-Jun,0,1,6
Amravati,Amravati,Amravati W.M,W.M.Amravati - 2,Bhatkuli,20003791,105 Villages RRWSS,Bhatkuli NP,1310,2,7.32,7.32,7.77,7.75,6.97,7.73,7.63,601.53,558.78,593.13,591.6,532.06,590.08,582.44,24-Jun,25-Jun,26-Jun,27-Jun,28-Jun,29-Jun,30-Jun,24-Jun,25-Jun,26-Jun,27-Jun,28-Jun,29-Jun,30-Jun,0,0,7
Amravati,Amravati,Amravati W.M,W.M.Amravati - 2,Bhatkuli,20003791,105 Villages RRWSS,Chakur,418,1,0,0,0,0,0,0,0,0,0,0,0,0,0,0,24-Jun,25-Jun,26-Jun,27-Jun,28-Jun,29-Jun,30-Jun,24-Jun,25-Jun,26-Jun,27-Jun,28-Jun,29-Jun,30-Jun,7,7,0
Amravati,Amravati,Amravati W.M,W.M.Amravati - 2,Bhatkuli,20003791,105 Villages RRWSS,Chimnapur E.,0,1,0,0,0,0.2,0,0,0.19,0,0,0,0,0,0,0,24-Jun,25-Jun,26-Jun,27-Jun,28-Jun,29-Jun,30-Jun,24-Jun,25-Jun,26-Jun,27-Jun,28-Jun,29-Jun,30-Jun,7,7,0
Amravati,Amravati,Amravati W.M,W.M.Amravati - 2,Bhatkuli,20003791,105 Villages RRWSS,Chincholi,1637,3,0,0,0,0,0,0,0,0,0,0,0,0,0,0,24-Jun,25-Jun,26-Jun,27-Jun,28-Jun,29-Jun,30-Jun,24-Jun,25-Jun,26-Jun,27-Jun,28-Jun,29-Jun,30-Jun,7,7,0
Amravati,Amravati,Amravati W.M,W.M.Amravati - 2,Bhatkuli,20003791,105 Villages RRWSS,Dautpur -Kanfodi,353,1,0.69,0.69,0.45,0.43,0.69,0.41,0.67,212.46,195.47,127.48,121.81,195.47,116.15,189.8,24-Jun,25-Jun,26-Jun,27-Jun,28-Jun,29-Jun,30-Jun,24-Jun,25-Jun,26-Jun,27-Jun,28-Jun,29-Jun,30-Jun,0,0,7
Amravati,Amravati,Amravati W.M,W.M.Amravati - 2,Bhatkuli,20003791,105 Villages RRWSS,Deori,757,2,0.85,0.85,1.37,1.55,1.58,2.27,2.04,170.41,112.29,180.98,204.76,208.08,299.87,269.48,24-Jun,25-Jun,26-Jun,27-Jun,28-Jun,29-Jun,30-Jun,24-Jun,25-Jun,26-Jun,27-Jun,28-Jun,29-Jun,30-Jun,0,0,7
Amravati,Amravati,Amravati W.M,W.M.Amravati - 2,Bhatkuli,20003791,105 Villages RRWSS,Dhamori,737,4,47.56,47.56,40.98,36.28,37.46,32.62,42.35,6307.92,6453.4,5560.93,4922.79,5082.85,4426.18,5746.48,24-Jun,25-Jun,26-Jun,27-Jun,28-Jun,29-Jun,30-Jun,24-Jun,25-Jun,26-Jun,27-Jun,28-Jun,29-Jun,30-Jun,0,0,7
Amravati,Amravati,Amravati W.M,W.M.Amravati - 2,Bhatkuli,20003791,105 Villages RRWSS,Dhangarkheda,326,1,0.9,0.9,0.07,0.65,0.38,0.4,0.54,0,276.07,21.47,199.39,116.56,122.7,165.64,24-Jun,25-Jun,26-Jun,27-Jun,28-Jun,29-Jun,30-Jun,24-Jun,25-Jun,26-Jun,27-Jun,28-Jun,29-Jun,30-Jun,1,2,5
Amravati,Amravati,Amravati W.M,W.M.Amravati - 2,Bhatkuli,20003791,105 Villages RRWSS,Gajanan Township,0,3,4.62,4.62,5.3,4.65,4.95,4.75,5.02,0,0,0,0,0,0,0,24-Jun,25-Jun,26-Jun,27-Jun,28-Jun,29-Jun,30-Jun,24-Jun,25-Jun,26-Jun,27-Jun,28-Jun,29-Jun,30-Jun,7,7,0
Amravati,Amravati,Amravati W.M,W.M.Amravati - 2,Bhatkuli,20003791,105 Villages RRWSS,Hatkhed,1221,3,0.68,0.68,0.93,0.54,0.51,0.63,0.65,53.24,55.69,76.17,44.23,41.77,51.6,53.24,24-Jun,25-Jun,26-Jun,27-Jun,28-Jun,29-Jun,30-Jun,24-Jun,25-Jun,26-Jun,27-Jun,28-Jun,29-Jun,30-Jun,0,5,2
Amravati,Amravati,Amravati W.M,W.M.Amravati - 2,Bhatkuli,20003791,105 Villages RRWSS,Hiwara,689,1,11.15,11.15,8.34,11.94,7.73,11.99,7.95,1156.75,1618.29,1210.45,1732.95,1121.92,1740.2,1153.85,24-Jun,25-Jun,26-Jun,27-Jun,28-Jun,29-Jun,30-Jun,24-Jun,25-Jun,26-Jun,27-Jun,28-Jun,29-Jun,30-Jun,0,0,7
Amravati,Amravati,Amravati W.M,W.M.Amravati - 2,Bhatkuli,20003791,105 Villages RRWSS,Jalaka,1577,1,0.73,0.73,0.68,0.73,0.82,0.73,0.76,41.22,46.29,43.12,46.29,52,46.29,48.19,24-Jun,25-Jun,26-Jun,27-Jun,28-Jun,29-Jun,30-Jun,24-Jun,25-Jun,26-Jun,27-Jun,28-Jun,29-Jun,30-Jun,0,7,0
Amravati,Amravati,Amravati W.M,W.M.Amravati - 2,Bhatkuli,20003791,105 Villages RRWSS,Khanapur,681,2,0.25,0.25,0.26,0.45,0.25,0.46,0.46,29.37,36.71,38.18,66.08,36.71,67.55,67.55,24-Jun,25-Jun,26-Jun,27-Jun,28-Jun,29-Jun,30-Jun,24-Jun,25-Jun,26-Jun,27-Jun,28-Jun,29-Jun,30-Jun,0,4,3
Amravati,Amravati,Amravati W.M,W.M.Amravati - 2,Bhatkuli,20003791,105 Villages RRWSS,Kharala,2392,3,9.58,9.58,9.58,9.62,9.6,9.58,9.59,401.34,400.5,400.5,402.17,401.34,400.5,400.92,24-Jun,25-Jun,26-Jun,27-Jun,28-Jun,29-Jun,30-Jun,24-Jun,25-Jun,26-Jun,27-Jun,28-Jun,29-Jun,30-Jun,0,0,7
Amravati,Amravati,Amravati W.M,W.M.Amravati - 2,Bhatkuli,20003791,105 Villages RRWSS,Kharwadi,1634,1,1.48,1.48,1.31,0.67,1.35,1.67,1.64,89.35,90.58,80.17,41,82.62,102.2,100.37,24-Jun,25-Jun,26-Jun,27-Jun,28-Jun,29-Jun,30-Jun,24-Jun,25-Jun,26-Jun,27-Jun,28-Jun,29-Jun,30-Jun,0,1,6
Amravati,Amravati,Amravati W.M,W.M.Amravati - 2,Bhatkuli,20003791,105 Villages RRWSS,Khumagad,608,1,0,0,1,0.08,0.65,0,0.69,0,0,164.47,13.16,106.91,0,113.49,24-Jun,25-Jun,26-Jun,27-Jun,28-Jun,29-Jun,30-Jun,24-Jun,25-Jun,26-Jun,27-Jun,28-Jun,29-Jun,30-Jun,3,4,3
Amravati,Amravati,Amravati W.M,W.M.Amravati - 2,Bhatkuli,20003791,105 Villages RRWSS,Koltek,,1,0,0,0.87,0,0,1.04,0,0,0,0,0,0,0,0,24-Jun,25-Jun,26-Jun,27-Jun,28-Jun,29-Jun,30-Jun,24-Jun,25-Jun,26-Jun,27-Jun,28-Jun,29-Jun,30-Jun,7,7,0
Amravati,Amravati,Amravati W.M,W.M.Amravati - 2,Chandur Bazar,20003791,105 Villages RRWSS,Krishnapur,1029,1,1.71,1.71,1.58,1.9,1.85,1.67,1.75,149.66,166.18,153.55,184.65,179.79,162.29,170.07,24-Jun,25-Jun,26-Jun,27-Jun,28-Jun,29-Jun,30-Jun,24-Jun,25-Jun,26-Jun,27-Jun,28-Jun,29-Jun,30-Jun,0,0,7
Amravati,Amravati,Amravati W.M,W.M.Amravati - 2,Chandur Bazar,20003791,105 Villages RRWSS,Lasanapur,0,1,1.86,1.86,1.4,1.61,1.66,1.73,1.57,0,0,0,0,0,0,0,24-Jun,25-Jun,26-Jun,27-Jun,28-Jun,29-Jun,30-Jun,24-Jun,25-Jun,26-Jun,27-Jun,28-Jun,29-Jun,30-Jun,7,7,0
Amravati,Amravati,Amravati W.M,W.M.Amravati - 2,Chandur Bazar,20003791,105 Villages RRWSS,Madhalapur,0,1,0.93,0.93,0.6,1.08,0.48,1,0.46,0,0,0,0,0,0,0,24-Jun,25-Jun,26-Jun,27-Jun,28-Jun,29-Jun,30-Jun,24-Jun,25-Jun,26-Jun,27-Jun,28-Jun,29-Jun,30-Jun,7,7,0
Amravati,Amravati,Amravati W.M,W.M.Amravati - 2,Chandur Bazar,20003791,105 Villages RRWSS,Makrampur,112,1,0,0,2.36,0,0,2.22,0,0,0,2107.14,0,0,1982.14,0,24-Jun,25-Jun,26-Jun,27-Jun,28-Jun,29-Jun,30-Jun,24-Jun,25-Jun,26-Jun,27-Jun,28-Jun,29-Jun,30-Jun,5,5,2
Amravati,Amravati,Amravati W.M,W.M.Amravati - 2,Chandur Bazar,20003791,105 Villages RRWSS,Mhaispur,794,1,0.55,0.55,0.74,0.66,0.56,0.77,0.62,70.53,69.27,93.2,83.12,70.53,96.98,78.09,24-Jun,25-Jun,26-Jun,27-Jun,28-Jun,29-Jun,30-Jun,24-Jun,25-Jun,26-Jun,27-Jun,28-Jun,29-Jun,30-Jun,0,0,7
Amravati,Amravati,Amravati W.M,W.M.Amravati - 2,Chandur Bazar,20003791,105 Villages RRWSS,Nandura Bk.,2311,3,19.62,19.62,8.6,0,0,0,42.7,0,849.07,372.28,0,0,0,1847.68,24-Jun,25-Jun,26-Jun,27-Jun,28-Jun,29-Jun,30-Jun,24-Jun,25-Jun,26-Jun,27-Jun,28-Jun,29-Jun,30-Jun,4,4,3
Amravati,Amravati,Amravati W.M,W.M.Amravati - 2,Chandur Bazar,20003791,105 Villages RRWSS,Nanori,1237,1,32.85,32.85,18.54,32.91,19.65,33.33,22.09,1646.68,2655.74,1498.94,2660.32,1588.62,2694.67,1785.72,24-Jun,25-Jun,26-Jun,27-Jun,28-Jun,29-Jun,30-Jun,24-Jun,25-Jun,26-Jun,27-Jun,28-Jun,29-Jun,30-Jun,0,0,7
Amravati,Amravati,Amravati W.M,W.M.Amravati - 2,Chandur Bazar,20003791,105 Villages RRWSS,Naya Akola,3201,6,0,0,0,0,0,0,0,0,0,0,0,0,0,0,24-Jun,25-Jun,26-Jun,27-Jun,28-Jun,29-Jun,30-Jun,24-Jun,25-Jun,26-Jun,27-Jun,28-Jun,29-Jun,30-Jun,7,7,0
Amravati,Amravati,Amravati W.M,W.M.Amravati - 2,Chandur Bazar,20003791,105 Villages RRWSS,Nirul,1528,4,1.63,1.63,1.58,1.53,1.57,1.56,1.63,115.18,106.68,103.4,100.13,102.75,102.09,106.68,24-Jun,25-Jun,26-Jun,27-Jun,28-Jun,29-Jun,30-Jun,24-Jun,25-Jun,26-Jun,27-Jun,28-Jun,29-Jun,30-Jun,0,0,7
Amravati,Amravati,Amravati W.M,W.M.Amravati - 2,Chandur Bazar,20003791,105 Villages RRWSS,Pohara,517,1,0,0,1.11,0,1.14,0,0.83,234.04,0,214.7,0,220.5,0,160.54,24-Jun,25-Jun,26-Jun,27-Jun,28-Jun,29-Jun,30-Jun,24-Jun,25-Jun,26-Jun,27-Jun,28-Jun,29-Jun,30-Jun,3,3,4
Amravati,Amravati,Amravati W.M,W.M.Amravati - 2,Chandur Bazar,20003791,105 Villages RRWSS,Pusda,5512,4,0.64,0.64,0.86,0.94,0.67,0.82,0.77,17.05,11.61,15.6,17.05,12.16,14.88,13.97,24-Jun,25-Jun,26-Jun,27-Jun,28-Jun,29-Jun,30-Jun,24-Jun,25-Jun,26-Jun,27-Jun,28-Jun,29-Jun,30-Jun,0,7,0
Amravati,Amravati,Amravati,Achalpur,Achalpur,20029998,Shahanur & 9 Villages RRWS,Gond Wagholi,1393,2,0,0,0,0,0,0,0,0,0,0,0,0,0,0,24-Jun,25-Jun,26-Jun,27-Jun,28-Jun,29-Jun,30-Jun,24-Jun,25-Jun,26-Jun,27-Jun,28-Jun,29-Jun,30-Jun,7,7,0
Amravati,Amravati,Amravati,Achalpur,Achalpur,20029998,Shahanur & 9 Villages RRWS,Januna,1827,3,3.13,3.13,0.16,0.15,0.01,2.06,3.41,89.87,171.15,8.96,8.15,0.57,112.91,186.61,24-Jun,25-Jun,26-Jun,27-Jun,28-Jun,29-Jun,30-Jun,24-Jun,25-Jun,26-Jun,27-Jun,28-Jun,29-Jun,30-Jun,0,3,4
Amravati,Amravati,Amravati,Achalpur,Achalpur,20029998,Shahanur & 9 Villages RRWS,Kasampur,1311,2,0,0,0,0,0,0,0,0,0,0,0,0,0,0,24-Jun,25-Jun,26-Jun,27-Jun,28-Jun,29-Jun,30-Jun,24-Jun,25-Jun,26-Jun,27-Jun,28-Jun,29-Jun,30-Jun,7,7,0
Amravati,Amravati,Amravati,Achalpur,Achalpur,20029998,Shahanur & 9 Villages RRWS,Kumbhi Wagholi,507,1,0,0,0,0,0,0,0,0,0,0,0,0,0,0,24-Jun,25-Jun,26-Jun,27-Jun,28-Jun,29-Jun,30-Jun,24-Jun,25-Jun,26-Jun,27-Jun,28-Jun,29-Jun,30-Jun,7,7,0
Amravati,Amravati,Amravati,Achalpur,Achalpur,20029998,Shahanur & 9 Villages RRWS,Pardi,302,1,0,0,0,0,0,0,0,0,0,0,0,0,0,0,24-Jun,25-Jun,26-Jun,27-Jun,28-Jun,29-Jun,30-Jun,24-Jun,25-Jun,26-Jun,27-Jun,28-Jun,29-Jun,30-Jun,7,7,0
Amravati,Amravati,Amravati,Achalpur,Achalpur,20029998,Shahanur & 9 Villages RRWS,Waghdoh,783,2,0,0,0,1.15,1.03,1.07,0.92,0,0,0,147.35,131.35,136.31,116.94,24-Jun,25-Jun,26-Jun,27-Jun,28-Jun,29-Jun,30-Jun,24-Jun,25-Jun,26-Jun,27-Jun,28-Jun,29-Jun,30-Jun,3,3,4
Amravati,Amravati,Amravati,Achalpur,Achalpur,20029998,Shahanur & 9 Villages RRWS,Walmikpur,557,1,0,0,0,0,0,0,0,0,0,0,0.01,0,0,0.01,24-Jun,25-Jun,26-Jun,27-Jun,28-Jun,29-Jun,30-Jun,24-Jun,25-Jun,26-Jun,27-Jun,28-Jun,29-Jun,30-Jun,5,7,0
Amravati,Amravati,Amravati,Achalpur,Achalpur,7945938,83 Village RRWS Scheme MJP RR (C 39),Aregaon,158,1,0,0,0,0,0,0,0,0,0,0,0,0,0,0,24-Jun,25-Jun,26-Jun,27-Jun,28-Jun,29-Jun,30-Jun,24-Jun,25-Jun,26-Jun,27-Jun,28-Jun,29-Jun,30-Jun,7,7,0
Amravati,Amravati,Amravati,Achalpur,Achalpur,7945938,83 Village RRWS Scheme MJP RR (C 39),Belaj,369,2,0,0,0.16,0,0.18,0,0.2,51.49,0,43.36,0,48.78,0,54.2,24-Jun,25-Jun,26-Jun,27-Jun,28-Jun,29-Jun,30-Jun,24-Jun,25-Jun,26-Jun,27-Jun,28-Jun,29-Jun,30-Jun,3,7,0
Amravati,Amravati,Amravati,Achalpur,Achalpur,7945938,83 Village RRWS Scheme MJP RR (C 39),Bordi,335,1,9.68,9.68,15.64,9.54,15.26,9.69,14.66,4507.46,2889.55,4668.66,2847.76,4555.22,2892.54,4376.12,24-Jun,25-Jun,26-Jun,27-Jun,28-Jun,29-Jun,30-Jun,24-Jun,25-Jun,26-Jun,27-Jun,28-Jun,29-Jun,30-Jun,0,0,7
Amravati,Amravati,Amravati,Achalpur,Achalpur,7945938,83 Village RRWS Scheme MJP RR (C 39),Borgaon Dori,263,1,2.36,2.36,1.48,1.34,1.02,1.32,2.39,467.68,897.34,562.74,509.51,387.83,501.9,908.75,24-Jun,25-Jun,26-Jun,27-Jun,28-Jun,29-Jun,30-Jun,24-Jun,25-Jun,26-Jun,27-Jun,28-Jun,29-Jun,30-Jun,0,0,7
Amravati,Amravati,Amravati,Achalpur,Achalpur,7945938,83 Village RRWS Scheme MJP RR (C 39),Borgaon Talani,102,1,0,0,0,0,0,0,0,0,0,0,0,0,0,0,24-Jun,25-Jun,26-Jun,27-Jun,28-Jun,29-Jun,30-Jun,24-Jun,25-Jun,26-Jun,27-Jun,28-Jun,29-Jun,30-Jun,7,7,0
Amravati,Amravati,Amravati,Achalpur,Achalpur,7945938,83 Village RRWS Scheme MJP RR (C 39),Chachondi,36,1,0,0,0,0,0,0,0,0,0,0,0,0,0,0,24-Jun,25-Jun,26-Jun,27-Jun,28-Jun,29-Jun,30-Jun,24-Jun,25-Jun,26-Jun,27-Jun,28-Jun,29-Jun,30-Jun,7,7,0
Amravati,Amravati,Amravati,Achalpur,Achalpur,7945938,83 Village RRWS Scheme MJP RR (C 39),Chamak Kh,254,1,9.57,9.57,9.35,8.27,8.31,8.44,8.88,3397.64,3767.72,3681.1,3255.91,3271.65,3322.83,3496.06,24-Jun,25-Jun,26-Jun,27-Jun,28-Jun,29-Jun,30-Jun,24-Jun,25-Jun,26-Jun,27-Jun,28-Jun,29-Jun,30-Jun,0,0,7
Amravati,Amravati,Amravati,Achalpur,Achalpur,7945938,83 Village RRWS Scheme MJP RR (C 39),Dewari,107,1,0,0,0,0,0,0,0,0,0,0,0,0,0,0,24-Jun,25-Jun,26-Jun,27-Jun,28-Jun,29-Jun,30-Jun,24-Jun,25-Jun,26-Jun,27-Jun,28-Jun,29-Jun,30-Jun,7,7,0
Amravati,Amravati,Amravati,Achalpur,Achalpur,7945938,83 Village RRWS Scheme MJP RR (C 39),Dhanora,149,1,0,0,0,0,0,0,0,0,0,0,0,0,0,0,24-Jun,25-Jun,26-Jun,27-Jun,28-Jun,29-Jun,30-Jun,24-Jun,25-Jun,26-Jun,27-Jun,28-Jun,29-Jun,30-Jun,7,7,0
Amravati,Amravati,Amravati,Achalpur,Achalpur,7945938,83 Village RRWS Scheme MJP RR (C 39),Dhotarkheda,802,2,0,0,0,0,0,0,0,0,0,0,0,0,0,0,24-Jun,25-Jun,26-Jun,27-Jun,28-Jun,29-Jun,30-Jun,24-Jun,25-Jun,26-Jun,27-Jun,28-Jun,29-Jun,30-Jun,7,7,0
Amravati,Amravati,Amravati,Achalpur,Achalpur,7945938,83 Village RRWS Scheme MJP RR (C 39),Eklaspur,486,4,3.37,3.37,3.83,3.69,2.12,3.13,3.76,654.32,693.42,788.07,759.26,436.21,644.03,773.66,24-Jun,25-Jun,26-Jun,27-Jun,28-Jun,29-Jun,30-Jun,24-Jun,25-Jun,26-Jun,27-Jun,28-Jun,29-Jun,30-Jun,0,0,7
Amravati,Amravati,Amravati,Achalpur,Achalpur,7945938,83 Village RRWS Scheme MJP RR (C 39),Jawardi,221,1,9.71,9.71,12.54,10.34,8.07,7.29,3.61,1864.25,4393.51,5674.21,4680.54,3653.24,3298.64,1632.88,24-Jun,25-Jun,26-Jun,27-Jun,28-Jun,29-Jun,30-Jun,24-Jun,25-Jun,26-Jun,27-Jun,28-Jun,29-Jun,30-Jun,0,0,7
Amravati,Amravati,Amravati,Achalpur,Achalpur,7945938,83 Village RRWS Scheme MJP RR (C 39),Kakda,1104,2,0,0,0,0,0,1.22,0,160.33,0,0,0,0,110.51,0,24-Jun,25-Jun,26-Jun,27-Jun,28-Jun,29-Jun,30-Jun,24-Jun,25-Jun,26-Jun,27-Jun,28-Jun,29-Jun,30-Jun,5,5,2
Amravati,Amravati,Amravati,Achalpur,Achalpur,7945938,83 Village RRWS Scheme MJP RR (C 39),Kolha,419,2,0,0,0,0,0,0,0,0,0,0,0,0,0,0,24-Jun,25-Jun,26-Jun,27-Jun,28-Jun,29-Jun,30-Jun,24-Jun,25-Jun,26-Jun,27-Jun,28-Jun,29-Jun,30-Jun,7,7,0
Amravati,Amravati,Amravati,Achalpur,Achalpur,7945938,83 Village RRWS Scheme MJP RR (C 39),Kushta kd,225,1,0,0,0,0,0,0,0,0,0,0,0,0,0,0,24-Jun,25-Jun,26-Jun,27-Jun,28-Jun,29-Jun,30-Jun,24-Jun,25-Jun,26-Jun,27-Jun,28-Jun,29-Jun,30-Jun,7,7,0
Amravati,Amravati,Amravati,Achalpur,Achalpur,7945938,83 Village RRWS Scheme MJP RR (C 39),Shekapur,64,1,0,0,0,0,0,0,0,0,0,0,0,0,0,0,24-Jun,25-Jun,26-Jun,27-Jun,28-Jun,29-Jun,30-Jun,24-Jun,25-Jun,26-Jun,27-Jun,28-Jun,29-Jun,30-Jun,7,7,0
Amravati,Amravati,Amravati,Achalpur,Achalpur,7945938,83 Village RRWS Scheme MJP RR (C 39),Tawalar,675,5,0.44,0.44,0.66,0.34,0.68,0.5,0.88,91.85,65.19,97.78,50.37,100.74,74.07,130.37,24-Jun,25-Jun,26-Jun,27-Jun,28-Jun,29-Jun,30-Jun,24-Jun,25-Jun,26-Jun,27-Jun,28-Jun,29-Jun,30-Jun,0,1,6
Amravati,Amravati,Amravati,Achalpur,Achalpur,7945938,83 Village RRWS Scheme MJP RR (C 39),Thokbarda,101,1,0,0,0,0.72,0.16,0.72,1.53,752.48,0,0,712.87,158.42,712.87,1514.85,24-Jun,25-Jun,26-Jun,27-Jun,28-Jun,29-Jun,30-Jun,24-Jun,25-Jun,26-Jun,27-Jun,28-Jun,29-Jun,30-Jun,2,2,5
Amravati,Amravati,Amravati,Achalpur,Achalpur,7945938,83 Village RRWS Scheme MJP RR (C 39),Tondgaon,560,4,0,0,1.21,0,1.87,0,1.85,312.5,0,216.07,0,333.93,0,330.36,24-Jun,25-Jun,26-Jun,27-Jun,28-Jun,29-Jun,30-Jun,24-Jun,25-Jun,26-Jun,27-Jun,28-Jun,29-Jun,30-Jun,3,3,4
Amravati,Amravati,Amravati,Achalpur,Achalpur,7945938,83 Village RRWS Scheme MJP RR (C 39),Tuljapur jahagir,96,1,0,0,0,0,0,0,0,0,0,0,0,0,0,0,24-Jun,25-Jun,26-Jun,27-Jun,28-Jun,29-Jun,30-Jun,24-Jun,25-Jun,26-Jun,27-Jun,28-Jun,29-Jun,30-Jun,7,7,0
Amravati,Amravati,Amravati,Achalpur,Achalpur,7945938,83 Village RRWS Scheme MJP RR (C 39),Wadgaon Fattepur,855,5,2.23,2.23,2.62,2.93,2.15,2.21,2.67,307.6,260.82,306.43,342.69,251.46,258.48,312.28,24-Jun,25-Jun,26-Jun,27-Jun,28-Jun,29-Jun,30-Jun,24-Jun,25-Jun,26-Jun,27-Jun,28-Jun,29-Jun,30-Jun,0,0,7
Amravati,Amravati,Amravati,Achalpur,Chandur Bazar,7945938,83 Village RRWS Scheme MJP RR (C 39),Ambada Kandari,276,1,1.67,1.67,1.69,1.92,1.87,1.97,1.87,601.45,605.07,612.32,695.65,677.54,713.77,677.54,24-Jun,25-Jun,26-Jun,27-Jun,28-Jun,29-Jun,30-Jun,24-Jun,25-Jun,26-Jun,27-Jun,28-Jun,29-Jun,30-Jun,0,0,7
Amravati,Amravati,Amravati,Achalpur,Chandur Bazar,7945938,83 Village RRWS Scheme MJP RR (C 39),Deomali,1500,3,0,0,0,0,0,0,0,0,0,0,0,0,0,0,24-Jun,25-Jun,26-Jun,27-Jun,28-Jun,29-Jun,30-Jun,24-Jun,25-Jun,26-Jun,27-Jun,28-Jun,29-Jun,30-Jun,7,7,0
Amravati,Amravati,Amravati,Achalpur,Chandur Bazar,7945938,83 Village RRWS Scheme MJP RR (C 39),Deurwada,912,3,3.18,3.18,3.02,3.26,2.16,2.51,2.91,349.78,348.68,331.14,357.46,236.84,275.22,319.08,24-Jun,25-Jun,26-Jun,27-Jun,28-Jun,29-Jun,30-Jun,24-Jun,25-Jun,26-Jun,27-Jun,28-Jun,29-Jun,30-Jun,0,0,7
Amravati,Amravati,Amravati,Achalpur,Chandur Bazar,7945938,83 Village RRWS Scheme MJP RR (C 39),Gourkheda,504,5,1.13,1.13,1.29,1.2,10.34,3.54,1.19,2179.12,224.57,255.29,237.57,2051.49,701.82,235.81,24-Jun,25-Jun,26-Jun,27-Jun,28-Jun,29-Jun,30-Jun,24-Jun,25-Jun,26-Jun,27-Jun,28-Jun,29-Jun,30-Jun,0,0,7
Amravati,Amravati,Amravati,Achalpur,Chandur Bazar,7945938,83 Village RRWS Scheme MJP RR (C 39),Govindpur,330,1,0.65,0.65,0.46,0.63,0.65,0.79,0.7,193.94,196.97,139.39,190.91,196.97,239.39,212.12,24-Jun,25-Jun,26-Jun,27-Jun,28-Jun,29-Jun,30-Jun,24-Jun,25-Jun,26-Jun,27-Jun,28-Jun,29-Jun,30-Jun,0,0,7
Amravati,Amravati,Amravati,Achalpur,Chandur Bazar,7945938,83 Village RRWS Scheme MJP RR (C 39),Kajali,363,1,2.18,2.18,2.71,0.96,2.15,0.78,0.76,884.3,600.55,746.56,264.46,592.29,214.88,209.37,24-Jun,25-Jun,26-Jun,27-Jun,28-Jun,29-Jun,30-Jun,24-Jun,25-Jun,26-Jun,27-Jun,28-Jun,29-Jun,30-Jun,0,0,7
Amravati,Amravati,Amravati,Achalpur,Chandur Bazar,7945938,83 Village RRWS Scheme MJP RR (C 39),Kandali,3538,9,12.12,12.12,16.1,10.09,18.43,10.86,17.43,509.64,342.6,454.97,285.15,520.95,306.83,492.54,24-Jun,25-Jun,26-Jun,27-Jun,28-Jun,29-Jun,30-Jun,24-Jun,25-Jun,26-Jun,27-Jun,28-Jun,29-Jun,30-Jun,0,0,7
Amravati,Amravati,Amravati,Achalpur,Chandur Bazar,7945938,83 Village RRWS Scheme MJP RR (C 39),Karajgaon (Mahal),1443,4,0,0,0,0,0,0,0,0,0,0,0,0,0,0,24-Jun,25-Jun,26-Jun,27-Jun,28-Jun,29-Jun,30-Jun,24-Jun,25-Jun,26-Jun,27-Jun,28-Jun,29-Jun,30-Jun,7,7,0
Amravati,Amravati,Amravati,Achalpur,Chandur Bazar,7945938,83 Village RRWS Scheme MJP RR (C 39),Kavitha Bk.,1129,3,4.6,4.6,2.28,3.8,2.63,4.5,3.79,252.44,407.44,201.95,336.58,232.95,398.58,335.7,24-Jun,25-Jun,26-Jun,27-Jun,28-Jun,29-Jun,30-Jun,24-Jun,25-Jun,26-Jun,27-Jun,28-Jun,29-Jun,30-Jun,0,0,7
Amravati,Amravati,Amravati,Achalpur,Chandur Bazar,7945938,83 Village RRWS Scheme MJP RR (C 39),Kharpi,591,1,5.99,5.99,4.36,5.15,5.31,5.4,4.84,778.34,1012.69,737.73,871.4,898.48,913.71,818.95,24-Jun,25-Jun,26-Jun,27-Jun,28-Jun,29-Jun,30-Jun,24-Jun,25-Jun,26-Jun,27-Jun,28-Jun,29-Jun,30-Jun,0,0,7
Amravati,Amravati,Amravati,Achalpur,Chandur Bazar,7945938,83 Village RRWS Scheme MJP RR (C 39),Khel Choudhar,1350,1,0,0,0,0,0,0,0,0,0,0,0,0,0,0,24-Jun,25-Jun,26-Jun,27-Jun,28-Jun,29-Jun,30-Jun,24-Jun,25-Jun,26-Jun,27-Jun,28-Jun,29-Jun,30-Jun,7,7,0
Amravati,Amravati,Amravati,Achalpur,Chandur Bazar,7945938,83 Village RRWS Scheme MJP RR (C 39),Khel Sakharam (Kurha),119,1,15.85,15.85,23.03,13.8,12.1,18.7,20.05,14756.83,13319.33,19350.45,11597.03,10164.65,15712.58,16845.98,24-Jun,25-Jun,26-Jun,27-Jun,28-Jun,29-Jun,30-Jun,24-Jun,25-Jun,26-Jun,27-Jun,28-Jun,29-Jun,30-Jun,0,0,7
Amravati,Amravati,Amravati,Achalpur,Chandur Bazar,7945938,83 Village RRWS Scheme MJP RR (C 39),Kondwardha,235,1,1.11,1.11,1.05,1.46,1.93,1.19,1.04,412.77,472.34,446.81,621.28,821.28,506.38,442.55,24-Jun,25-Jun,26-Jun,27-Jun,28-Jun,29-Jun,30-Jun,24-Jun,25-Jun,26-Jun,27-Jun,28-Jun,29-Jun,30-Jun,0,0,7
Amravati,Amravati,Amravati,Achalpur,Chandur Bazar,7945938,83 Village RRWS Scheme MJP RR (C 39),Kumbhi,612,2,1.08,1.08,0.22,1.92,0.93,0.94,0.01,216.59,175.83,35.39,312.98,151.91,153.11,0.98,24-Jun,25-Jun,26-Jun,27-Jun,28-Jun,29-Jun,30-Jun,24-Jun,25-Jun,26-Jun,27-Jun,28-Jun,29-Jun,30-Jun,0,2,5
Amravati,Amravati,Amravati,Achalpur,Chandur Bazar,7945938,83 Village RRWS Scheme MJP RR (C 39),Narayanpur,183,1,0.78,0.78,0.74,0.24,3.27,0.29,0.1,306.01,426.23,404.37,131.15,1786.89,158.47,54.64,24-Jun,25-Jun,26-Jun,27-Jun,28-Jun,29-Jun,30-Jun,24-Jun,25-Jun,26-Jun,27-Jun,28-Jun,29-Jun,30-Jun,0,1,6
Amravati,Amravati,Amravati,Achalpur,Chandur Bazar,7945938,83 Village RRWS Scheme MJP RR (C 39),Pimpari Thugaon,405,1,14.74,14.74,22.24,17.12,33.65,11.62,19.02,5777.78,3639.51,5491.36,4227.16,8308.64,2869.14,4696.3,24-Jun,25-Jun,26-Jun,27-Jun,28-Jun,29-Jun,30-Jun,24-Jun,25-Jun,26-Jun,27-Jun,28-Jun,29-Jun,30-Jun,0,0,7
Amravati,Amravati,Amravati,Achalpur,Chandur Bazar,7945938,83 Village RRWS Scheme MJP RR (C 39),Shirajgaon kasba,4069,7,93671.93,93671.93,48113.77,105487.36,46727.67,73387.06,49775.24,1186772.18,2302087.25,1182447.04,2592464,1148382.16,1803565,1223279.43,24-Jun,25-Jun,26-Jun,27-Jun,28-Jun,29-Jun,30-Jun,24-Jun,25-Jun,26-Jun,27-Jun,28-Jun,29-Jun,30-Jun,0,0,7
Amravati,Amravati,Amravati,Amravati - 2,Chandur Rly,20030227,Chirodi & 4 Villages RRWS,Chirodi,2434,4,0.54,0.54,0.26,0.28,0.25,0.34,0.53,16.3,22.34,10.57,11.61,10.42,14.15,21.77,24-Jun,25-Jun,26-Jun,27-Jun,28-Jun,29-Jun,30-Jun,24-Jun,25-Jun,26-Jun,27-Jun,28-Jun,29-Jun,30-Jun,0,7,0
Amravati,Amravati,Amravati,Amravati - 2,Chandur Rly,20030227,Chirodi & 4 Villages RRWS,Karala,3161,4,10.76,10.76,2697.92,0,7364.96,10037.56,5193.72,35.43,340.4,85350.21,0,232994.62,317543.82,164306.23,24-Jun,25-Jun,26-Jun,27-Jun,28-Jun,29-Jun,30-Jun,24-Jun,25-Jun,26-Jun,27-Jun,28-Jun,29-Jun,30-Jun,1,2,5
Amravati,Amravati,Amravati,Amravati - 2,Chandur Rly,20030227,Chirodi & 4 Villages RRWS,Pathargaon,879,2,0.72,0.72,0.43,0.75,1.04,0.81,1,136.22,82.19,48.73,85.64,118.21,92.71,114.09,24-Jun,25-Jun,26-Jun,27-Jun,28-Jun,29-Jun,30-Jun,24-Jun,25-Jun,26-Jun,27-Jun,28-Jun,29-Jun,30-Jun,0,1,6
Amravati,Amravati,Amravati,Amravati - 2,Chandur Rly,20030227,Chirodi & 4 Villages RRWS,Sawangi Magrapur,1385,2,0.82,0.82,0.84,0,1.63,0.77,0,64.56,59.56,60.56,0.01,117.39,55.76,0,24-Jun,25-Jun,26-Jun,27-Jun,28-Jun,29-Jun,30-Jun,24-Jun,25-Jun,26-Jun,27-Jun,28-Jun,29-Jun,30-Jun,1,2,5
Amravati,Amravati,Amravati,Amravati - 2,Nandgaon Khandeshwar,20030120,Papal & 5 Villages RRWS,Lohgaon,,2,0.48,0.48,0.54,0.45,0.31,0.55,0.33,0,0,0,0,0,0,0,24-Jun,25-Jun,26-Jun,27-Jun,28-Jun,29-Jun,30-Jun,24-Jun,25-Jun,26-Jun,27-Jun,28-Jun,29-Jun,30-Jun,7,7,0
Amravati,Amravati,Amravati,Amravati - 2,Nandgaon Khandeshwar,20030120,Papal & 5 Villages RRWS,Papal,3628,2,0,0,0,0,0,0,0,0,0,0,0,0,0,0,24-Jun,25-Jun,26-Jun,27-Jun,28-Jun,29-Jun,30-Jun,24-Jun,25-Jun,26-Jun,27-Jun,28-Jun,29-Jun,30-Jun,7,7,0
Amravati,Amravati,Amravati,Amravati - 2,Nandgaon Khandeshwar,20030120,Papal & 5 Villages RRWS,Tighora,433,1,0,0,0,0,0,0,0,0,0,0,0,0,0,0,24-Jun,25-Jun,26-Jun,27-Jun,28-Jun,29-Jun,30-Jun,24-Jun,25-Jun,26-Jun,27-Jun,28-Jun,29-Jun,30-Jun,7,7,0
Amravati,Amravati,Amravati,Amravati - 2,Nandgaon Khandeshwar,20030263,Dhanora Gurav & 8 Villages RRWS,Dhanora Gurav,1796,2,0,0,0.49,0,0.48,0,0.5,31.34,0,27.43,0,26.94,0,27.81,24-Jun,25-Jun,26-Jun,27-Jun,28-Jun,29-Jun,30-Jun,24-Jun,25-Jun,26-Jun,27-Jun,28-Jun,29-Jun,30-Jun,3,7,0
Amravati,Amravati,Amravati,Amravati - 2,Nandgaon Khandeshwar,20030263,Dhanora Gurav & 8 Villages RRWS,Dharmapur,809,1,0,0,0,0.01,0.28,0.35,0,0,0,0,0.97,34.83,43.15,0,24-Jun,25-Jun,26-Jun,27-Jun,28-Jun,29-Jun,30-Jun,24-Jun,25-Jun,26-Jun,27-Jun,28-Jun,29-Jun,30-Jun,4,7,0
Amravati,Amravati,Amravati,Amravati - 2,Nandgaon Khandeshwar,20030263,Dhanora Gurav & 8 Villages RRWS,Hiwra Murada,1089,2,0.37,0.37,0.4,0.61,0.44,0.53,0.52,54.31,34.26,36.95,55.62,40.49,49.1,47.85,24-Jun,25-Jun,26-Jun,27-Jun,28-Jun,29-Jun,30-Jun,24-Jun,25-Jun,26-Jun,27-Jun,28-Jun,29-Jun,30-Jun,0,6,1
Amravati,Amravati,Amravati,Amravati - 2,Nandgaon Khandeshwar,20030263,Dhanora Gurav & 8 Villages RRWS,Palas Mandal,1353,2,0,0,0,0,0,0,0,0,0,0,0,0,0,0,24-Jun,25-Jun,26-Jun,27-Jun,28-Jun,29-Jun,30-Jun,24-Jun,25-Jun,26-Jun,27-Jun,28-Jun,29-Jun,30-Jun,7,7,0
Amravati,Amravati,Amravati,Amravati - 2,Nandgaon Khandeshwar,20030263,Dhanora Gurav & 8 Villages RRWS,Pimpri Gawanda,536,1,0,0,0,0,0,0,0,0,0,0,0,0,0,0,24-Jun,25-Jun,26-Jun,27-Jun,28-Jun,29-Jun,30-Jun,24-Jun,25-Jun,26-Jun,27-Jun,28-Jun,29-Jun,30-Jun,7,7,0
Amravati,Amravati,Amravati,Amravati - 2,Nandgaon Khandeshwar,20030263,Dhanora Gurav & 8 Villages RRWS,Pusner,441,1,0.43,0.43,0.68,0.57,0.68,0,0.76,145.88,97.14,153.15,129.19,154.53,0.06,172.38,24-Jun,25-Jun,26-Jun,27-Jun,28-Jun,29-Jun,30-Jun,24-Jun,25-Jun,26-Jun,27-Jun,28-Jun,29-Jun,30-Jun,0,1,6
Amravati,Amravati,Amravati,Amravati - 2,Nandgaon Khandeshwar,20030263,Dhanora Gurav & 8 Villages RRWS,Wadala,446,1,0.19,0.19,0.83,0.03,0.75,0.45,0.67,46.64,43.65,187.04,7.82,168.1,100.3,149.57,24-Jun,25-Jun,26-Jun,27-Jun,28-Jun,29-Jun,30-Jun,24-Jun,25-Jun,26-Jun,27-Jun,28-Jun,29-Jun,30-Jun,0,3,4
Amravati,Amravati,Amravati,Amravati - 2,Nandgaon Khandeshwar,20030287,Takli & 4 Villages RRWS,Bopnemtaba,849,1,0.48,0.48,0.68,0.51,0.58,0.49,0.6,71.85,56.54,80.09,60.07,68.32,57.71,70.67,24-Jun,25-Jun,26-Jun,27-Jun,28-Jun,29-Jun,30-Jun,24-Jun,25-Jun,26-Jun,27-Jun,28-Jun,29-Jun,30-Jun,0,0,7
Amravati,Amravati,Amravati,Amravati - 2,Nandgaon Khandeshwar,20030287,Takli & 4 Villages RRWS,Dahigaon,,1,20.56,20.56,24.95,26.19,20.09,26.89,28.96,0,0,0,0,0,0,0,24-Jun,25-Jun,26-Jun,27-Jun,28-Jun,29-Jun,30-Jun,24-Jun,25-Jun,26-Jun,27-Jun,28-Jun,29-Jun,30-Jun,7,7,0
Amravati,Amravati,Amravati,Amravati - 2,Nandgaon Khandeshwar,20030287,Takli & 4 Villages RRWS,Ful Aamla,1771,2,0,0,0,0,0,0,0,0,0,0,0,0,0,0,24-Jun,25-Jun,26-Jun,27-Jun,28-Jun,29-Jun,30-Jun,24-Jun,25-Jun,26-Jun,27-Jun,28-Jun,29-Jun,30-Jun,7,7,0
Amravati,Amravati,Amravati,Amravati - 2,Nandgaon Khandeshwar,20030287,Takli & 4 Villages RRWS,Hiwara Kh.,1671,2,180.61,180.61,170.23,174.75,184.93,166.81,193.56,10224.42,10808.5,10187.31,10457.81,11067.03,9982.65,11583.48,24-Jun,25-Jun,26-Jun,27-Jun,28-Jun,29-Jun,30-Jun,24-Jun,25-Jun,26-Jun,27-Jun,28-Jun,29-Jun,30-Jun,0,0,7
Amravati,Amravati,Amravati,Amravati - 2,Nandgaon Khandeshwar,20030287,Takli & 4 Villages RRWS,Takali,2522,2,0.67,0.67,0,1.23,0.78,0.53,0.93,8.79,26.61,0,48.82,31.07,20.96,36.94,24-Jun,25-Jun,26-Jun,27-Jun,28-Jun,29-Jun,30-Jun,24-Jun,25-Jun,26-Jun,27-Jun,28-Jun,29-Jun,30-Jun,1,7,0
Amravati,Amravati,Yavatmal,Pusad,Pusad,20028563,"Malpathar 28 Villages, (Reju.)",Aadgaon,2510,3,0.52,0.52,0,0,0,0,0,0,20.72,0,0,0,0,0,24-Jun,25-Jun,26-Jun,27-Jun,28-Jun,29-Jun,30-Jun,24-Jun,25-Jun,26-Jun,27-Jun,28-Jun,29-Jun,30-Jun,6,7,0
Amravati,Amravati,Yavatmal,Pusad,Pusad,20028563,"Malpathar 28 Villages, (Reju.)",Aamti,1239,2,0,0,0,0,0,0,0,0,0,0,0,0,0,0,24-Jun,25-Jun,26-Jun,27-Jun,28-Jun,29-Jun,30-Jun,24-Jun,25-Jun,26-Jun,27-Jun,28-Jun,29-Jun,30-Jun,7,7,0
Amravati,Amravati,Yavatmal,Pusad,Pusad,20028563,"Malpathar 28 Villages, (Reju.)",Hanvantkheda,1783,3,2.98,2.98,0.06,0,0,0,0,0,167.13,3.25,0,0,0,0,24-Jun,25-Jun,26-Jun,27-Jun,28-Jun,29-Jun,30-Jun,24-Jun,25-Jun,26-Jun,27-Jun,28-Jun,29-Jun,30-Jun,5,6,1
Amravati,Amravati,Yavatmal,Pusad,Pusad,20028563,"Malpathar 28 Villages, (Reju.)",Kheirkheda,1349,1,3.2,3.2,0.82,0.61,0.88,2.82,1.51,160.12,237.21,60.79,45.22,65.23,209.04,111.93,24-Jun,25-Jun,26-Jun,27-Jun,28-Jun,29-Jun,30-Jun,24-Jun,25-Jun,26-Jun,27-Jun,28-Jun,29-Jun,30-Jun,0,1,6
Amravati,Amravati,Yavatmal,Pusad,Pusad,20028563,"Malpathar 28 Villages, (Reju.)",Nanad no 2,3116,2,3.2,3.2,0.82,0.61,0.88,2.82,1.51,69.32,102.7,26.32,19.58,28.24,90.5,48.46,24-Jun,25-Jun,26-Jun,27-Jun,28-Jun,29-Jun,30-Jun,24-Jun,25-Jun,26-Jun,27-Jun,28-Jun,29-Jun,30-Jun,0,4,3
Amravati,Amravati,Yavatmal,Pusad,Pusad,20028563,"Malpathar 28 Villages, (Reju.)",Panhala,1476,2,0.14,0.14,0,0,0.02,0,0,0,9.49,0,0,1.36,0,0,24-Jun,25-Jun,26-Jun,27-Jun,28-Jun,29-Jun,30-Jun,24-Jun,25-Jun,26-Jun,27-Jun,28-Jun,29-Jun,30-Jun,5,7,0
Amravati,Amravati,Yavatmal,Pusad,Pusad,20028563,"Malpathar 28 Villages, (Reju.)",Rohada,3556,1,0,0,0,0,0,0,0,0,0,0,0,0,0,0,24-Jun,25-Jun,26-Jun,27-Jun,28-Jun,29-Jun,30-Jun,24-Jun,25-Jun,26-Jun,27-Jun,28-Jun,29-Jun,30-Jun,7,7,0
Amravati,Amravati,Yavatmal,Pusad,Pusad,20028563,"Malpathar 28 Villages, (Reju.)",Sattarmal,802,2,0,0,0.39,0,0,0,0,0,0,48.63,0,0,0,0,24-Jun,25-Jun,26-Jun,27-Jun,28-Jun,29-Jun,30-Jun,24-Jun,25-Jun,26-Jun,27-Jun,28-Jun,29-Jun,30-Jun,6,7,0
Amravati,Amravati,Yavatmal,Pusad,Pusad,20028563,"Malpathar 28 Villages, (Reju.)",Vasantwadi,1599,2,0,0,0.06,0,1.69,0,63.61,0,0,3.75,0,105.69,0,3978.11,24-Jun,25-Jun,26-Jun,27-Jun,28-Jun,29-Jun,30-Jun,24-Jun,25-Jun,26-Jun,27-Jun,28-Jun,29-Jun,30-Jun,4,5,2
Nashik,Ahmednagar,Ahmednagar,Ahmednagar,Nagar,20046296,Burhannagar & 45 Villages Retro RRWSS,Burhannagar,9485,4,11.93,11.93,11.75,7.49,10.93,13.09,11.02,103.64,125.73,123.84,78.99,115.21,137.96,116.22,24-Jun,25-Jun,26-Jun,27-Jun,28-Jun,29-Jun,30-Jun,24-Jun,25-Jun,26-Jun,27-Jun,28-Jun,29-Jun,30-Jun,0,0,7
Nashik,Ahmednagar,Ahmednagar,Ahmednagar,Nagar,20046296,Burhannagar & 45 Villages Retro RRWSS,Darewadi,15591,6,0,0,0,0,0,0,0,0,0,0,0,0,0,0,24-Jun,25-Jun,26-Jun,27-Jun,28-Jun,29-Jun,30-Jun,24-Jun,25-Jun,26-Jun,27-Jun,28-Jun,29-Jun,30-Jun,7,7,0
Nashik,Ahmednagar,Ahmednagar,Ahmednagar,Nagar,20046296,Burhannagar & 45 Villages Retro RRWSS,Dhangarwadi,2389,2,0,0,0,0,0,0,0,0,0,0,0,0,0,0,24-Jun,25-Jun,26-Jun,27-Jun,28-Jun,29-Jun,30-Jun,24-Jun,25-Jun,26-Jun,27-Jun,28-Jun,29-Jun,30-Jun,7,7,0
Nashik,Ahmednagar,Ahmednagar,Ahmednagar,Nagar,20046296,Burhannagar & 45 Villages Retro RRWSS,Jeur,11087,2,0,0,0,0,0,0,0,0,0,0,0,0,0,0,24-Jun,25-Jun,26-Jun,27-Jun,28-Jun,29-Jun,30-Jun,24-Jun,25-Jun,26-Jun,27-Jun,28-Jun,29-Jun,30-Jun,7,7,0
Nashik,Ahmednagar,Ahmednagar,Ahmednagar,Nagar,20046296,Burhannagar & 45 Villages Retro RRWSS,Kapurwadi,5098,2,0,0,0,0,0,0,0,0,0,0,0,0,0,0,24-Jun,25-Jun,26-Jun,27-Jun,28-Jun,29-Jun,30-Jun,24-Jun,25-Jun,26-Jun,27-Jun,28-Jun,29-Jun,30-Jun,7,7,0
Nashik,Ahmednagar,Ahmednagar,Ahmednagar,Nagar,20046296,Burhannagar & 45 Villages Retro RRWSS,Pimpalgaon Malvi,6581,5,1.18,1.18,1.29,1.2,1.26,1.28,1.28,19.49,17.93,19.54,18.31,19.12,19.46,19.39,24-Jun,25-Jun,26-Jun,27-Jun,28-Jun,29-Jun,30-Jun,24-Jun,25-Jun,26-Jun,27-Jun,28-Jun,29-Jun,30-Jun,0,7,0
Nashik,Ahmednagar,Ahmednagar,Ahmednagar,Nagar,20046296,Burhannagar & 45 Villages Retro RRWSS,Pimpalgaon Ujjaini,3527,2,0,0,0,0,0,0,0,0,0,0,0,0,0,0,24-Jun,25-Jun,26-Jun,27-Jun,28-Jun,29-Jun,30-Jun,24-Jun,25-Jun,26-Jun,27-Jun,28-Jun,29-Jun,30-Jun,7,7,0
Nashik,Ahmednagar,Ahmednagar,Ahmednagar,Nagar,20046296,Burhannagar & 45 Villages Retro RRWSS,Rui Chattashi,4035,2,0,0,0,0,0,0,0,0,0,0,0,0,0,0,24-Jun,25-Jun,26-Jun,27-Jun,28-Jun,29-Jun,30-Jun,24-Jun,25-Jun,26-Jun,27-Jun,28-Jun,29-Jun,30-Jun,7,7,0
Nashik,Ahmednagar,Ahmednagar,Ahmednagar,Nagar,20046296,Burhannagar & 45 Villages Retro RRWSS,Sahapur Ketki,4243,3,0,0,2.53,0.48,5.06,1.81,0,0,0,59.58,11.31,119.3,42.54,0,24-Jun,25-Jun,26-Jun,27-Jun,28-Jun,29-Jun,30-Jun,24-Jun,25-Jun,26-Jun,27-Jun,28-Jun,29-Jun,30-Jun,3,5,2
Nashik,Ahmednagar,Ahmednagar,Ahmednagar,Nagar,20046296,Burhannagar & 45 Villages Retro RRWSS,Sakat Kh.,1769,2,0,0,0,0,0,0,0,0,0,0,0,0,0,0,24-Jun,25-Jun,26-Jun,27-Jun,28-Jun,29-Jun,30-Jun,24-Jun,25-Jun,26-Jun,27-Jun,28-Jun,29-Jun,30-Jun,7,7,0
Nashik,Ahmednagar,Ahmednagar,Ahmednagar,Nagar,20046296,Burhannagar & 45 Villages Retro RRWSS,Shendi,4865,3,0.2,0.2,0,1.02,0.02,0,0.09,0,4.02,0,20.91,0.47,0,1.94,24-Jun,25-Jun,26-Jun,27-Jun,28-Jun,29-Jun,30-Jun,24-Jun,25-Jun,26-Jun,27-Jun,28-Jun,29-Jun,30-Jun,3,7,0
Nashik,Ahmednagar,Ahmednagar,Newasa,Nevasa,5348540,"Retro.Sonai Karjgaon and 16 villages, Tal. Nevasa",AMALNER,2334,2,0.53,0.53,0.62,0.53,0.58,0.55,0.57,29.99,22.63,26.41,22.88,25.03,23.55,24.54,24-Jun,25-Jun,26-Jun,27-Jun,28-Jun,29-Jun,30-Jun,24-Jun,25-Jun,26-Jun,27-Jun,28-Jun,29-Jun,30-Jun,0,7,0
Nashik,Ahmednagar,Ahmednagar,Newasa,Nevasa,5348540,"Retro.Sonai Karjgaon and 16 villages, Tal. Nevasa",Belhekarwadi,2991,2,1.66,1.66,0,2.71,2.86,1.12,3.41,79.86,55.39,0,90.63,95.68,37.56,114.16,24-Jun,25-Jun,26-Jun,27-Jun,28-Jun,29-Jun,30-Jun,24-Jun,25-Jun,26-Jun,27-Jun,28-Jun,29-Jun,30-Jun,1,2,5
Nashik,Ahmednagar,Ahmednagar,Newasa,Nevasa,5348540,"Retro.Sonai Karjgaon and 16 villages, Tal. Nevasa",Ganeshwadi,3017,2,0.3,0.3,0.41,0.08,0.43,0.45,0.93,30.34,9.85,13.62,2.78,14.37,15.08,30.91,24-Jun,25-Jun,26-Jun,27-Jun,28-Jun,29-Jun,30-Jun,24-Jun,25-Jun,26-Jun,27-Jun,28-Jun,29-Jun,30-Jun,0,7,0
Nashik,Ahmednagar,Ahmednagar,Newasa,Nevasa,5348540,"Retro.Sonai Karjgaon and 16 villages, Tal. Nevasa",GOMALWADI,1061,2,1.35,1.35,1.51,1.19,1.25,1.17,1.23,141.04,126.87,142.28,112.32,117.37,110.42,115.98,24-Jun,25-Jun,26-Jun,27-Jun,28-Jun,29-Jun,30-Jun,24-Jun,25-Jun,26-Jun,27-Jun,28-Jun,29-Jun,30-Jun,0,0,7
Nashik,Ahmednagar,Ahmednagar,Newasa,Nevasa,5348540,"Retro.Sonai Karjgaon and 16 villages, Tal. Nevasa",GONEGAON,1572,2,0.37,0.37,0.37,0,0.37,0.37,0,0,23.38,23.65,0,23.57,23.65,0.03,24-Jun,25-Jun,26-Jun,27-Jun,28-Jun,29-Jun,30-Jun,24-Jun,25-Jun,26-Jun,27-Jun,28-Jun,29-Jun,30-Jun,2,7,0
Nashik,Ahmednagar,Ahmednagar,Newasa,Nevasa,5348540,"Retro.Sonai Karjgaon and 16 villages, Tal. Nevasa",IMAMPUR,350,1,0,0,0,0,0,0,0,0,0,0,0,0,0,0,24-Jun,25-Jun,26-Jun,27-Jun,28-Jun,29-Jun,30-Jun,24-Jun,25-Jun,26-Jun,27-Jun,28-Jun,29-Jun,30-Jun,7,7,0
Nashik,Ahmednagar,Ahmednagar,Newasa,Nevasa,5348540,"Retro.Sonai Karjgaon and 16 villages, Tal. Nevasa",KARAJGAON,3750,3,2.53,2.53,1.89,2.52,1.73,1.25,1.77,47.47,67.52,50.49,67.1,46.07,33.3,47.15,24-Jun,25-Jun,26-Jun,27-Jun,28-Jun,29-Jun,30-Jun,24-Jun,25-Jun,26-Jun,27-Jun,28-Jun,29-Jun,30-Jun,0,5,2
Nashik,Ahmednagar,Ahmednagar,Newasa,Nevasa,5348540,"Retro.Sonai Karjgaon and 16 villages, Tal. Nevasa",KHARWANDI,6263,2,0.02,0.02,2.03,1.84,1.87,1.91,1.87,31.31,0.36,32.39,29.38,29.83,30.54,29.87,24-Jun,25-Jun,26-Jun,27-Jun,28-Jun,29-Jun,30-Jun,24-Jun,25-Jun,26-Jun,27-Jun,28-Jun,29-Jun,30-Jun,0,7,0
Nashik,Ahmednagar,Ahmednagar,Newasa,Nevasa,5348540,"Retro.Sonai Karjgaon and 16 villages, Tal. Nevasa",KHUPTI,2338,2,1.77,1.77,197.62,1.86,1.05,1.66,2.16,32.06,75.6,8452.32,79.57,44.83,71.09,92.43,24-Jun,25-Jun,26-Jun,27-Jun,28-Jun,29-Jun,30-Jun,24-Jun,25-Jun,26-Jun,27-Jun,28-Jun,29-Jun,30-Jun,0,2,5
Nashik,Ahmednagar,Ahmednagar,Newasa,Nevasa,5348540,"Retro.Sonai Karjgaon and 16 villages, Tal. Nevasa",LANDEWADI,2158,2,0,0,0,0,0,0,0,0,0,0,0,0,0,0,24-Jun,25-Jun,26-Jun,27-Jun,28-Jun,29-Jun,30-Jun,24-Jun,25-Jun,26-Jun,27-Jun,28-Jun,29-Jun,30-Jun,7,7,0
Nashik,Ahmednagar,Ahmednagar,Newasa,Nevasa,5348540,"Retro.Sonai Karjgaon and 16 villages, Tal. Nevasa",Navin Chandgaon,1547,1,0,0,0,0,0,0,0,0,0,0,0,0,0,0,24-Jun,25-Jun,26-Jun,27-Jun,28-Jun,29-Jun,30-Jun,24-Jun,25-Jun,26-Jun,27-Jun,28-Jun,29-Jun,30-Jun,7,7,0
Nashik,Ahmednagar,Ahmednagar,Newasa,Nevasa,5348540,"Retro.Sonai Karjgaon and 16 villages, Tal. Nevasa",NIMBHARI,2524,2,1.03,1.03,0.79,0.78,0.94,1.08,1,39.91,40.77,31.42,30.95,37.17,42.87,39.69,24-Jun,25-Jun,26-Jun,27-Jun,28-Jun,29-Jun,30-Jun,24-Jun,25-Jun,26-Jun,27-Jun,28-Jun,29-Jun,30-Jun,0,7,0
Nashik,Ahmednagar,Ahmednagar,Newasa,Nevasa,5348540,"Retro.Sonai Karjgaon and 16 villages, Tal. Nevasa",PANEGAON,2858,2,1.21,1.21,0.92,0.25,0.78,0.83,0.97,1.99,42.19,32.23,8.87,27.22,29.07,33.89,24-Jun,25-Jun,26-Jun,27-Jun,28-Jun,29-Jun,30-Jun,24-Jun,25-Jun,26-Jun,27-Jun,28-Jun,29-Jun,30-Jun,0,7,0
Nashik,Ahmednagar,Ahmednagar,Newasa,Nevasa,5348540,"Retro.Sonai Karjgaon and 16 villages, Tal. Nevasa",Siregaon,3695,1,0.11,0.11,1.71,1.87,0.69,0,0.86,21.81,3.04,46.22,50.53,18.6,0,23.2,24-Jun,25-Jun,26-Jun,27-Jun,28-Jun,29-Jun,30-Jun,24-Jun,25-Jun,26-Jun,27-Jun,28-Jun,29-Jun,30-Jun,1,7,0
Nashik,Ahmednagar,Ahmednagar,Newasa,Nevasa,5348540,"Retro.Sonai Karjgaon and 16 villages, Tal. Nevasa",WATAPUR,1397,2,0.81,0.81,0.44,0.87,0.9,0.84,0.35,68.13,57.91,31.3,62.14,64.12,60.45,24.97,24-Jun,25-Jun,26-Jun,27-Jun,28-Jun,29-Jun,30-Jun,24-Jun,25-Jun,26-Jun,27-Jun,28-Jun,29-Jun,30-Jun,0,2,5
Nashik,Ahmednagar,Ahmednagar,Newasa,Pathardi,20040662,"Retro.Miri-Tisgaon and 33 villages, Tal. Pathardi",Tisgaon,,7,1.69,1.69,0.16,0.16,0.14,1.14,2.62,0,0,0,0,0,0,0,24-Jun,25-Jun,26-Jun,27-Jun,28-Jun,29-Jun,30-Jun,24-Jun,25-Jun,26-Jun,27-Jun,28-Jun,29-Jun,30-Jun,7,7,0
Nashik,Ahmednagar,Sangamner,Kopargaon,Rahata,20054877,Retro.Kelvad Bk.& 2 villages RRWSS. Ta.Rahta,Kelwad Bk,4840,2,0,0,0,0,0,0,0,0,0,0,0,0,0,0,24-Jun,25-Jun,26-Jun,27-Jun,28-Jun,29-Jun,30-Jun,24-Jun,25-Jun,26-Jun,27-Jun,28-Jun,29-Jun,30-Jun,7,7,0
Nashik,Ahmednagar,Sangamner,Kopargaon,Rahata,20054877,Retro.Kelvad Bk.& 2 villages RRWSS. Ta.Rahta,Kelwad Kd,5875,1,0,0,0,0,0,0,0,0,0,0,0,0,0,0,24-Jun,25-Jun,26-Jun,27-Jun,28-Jun,29-Jun,30-Jun,24-Jun,25-Jun,26-Jun,27-Jun,28-Jun,29-Jun,30-Jun,7,7,0
Nashik,Ahmednagar,Sangamner,Kopargaon,Rahata,417239,Retro Rui & Shingave R.R.W.S.S Tal Rahata,Rui,6426,5,2.92,2.92,343647.24,2.13,392.8,261298.08,0,5517733.91,45.42,5347762.81,33.13,6112.67,4066263.25,0,24-Jun,25-Jun,26-Jun,27-Jun,28-Jun,29-Jun,30-Jun,24-Jun,25-Jun,26-Jun,27-Jun,28-Jun,29-Jun,30-Jun,1,3,4
Nashik,Ahmednagar,Sangamner,Kopargaon,Rahata,417239,Retro Rui & Shingave R.R.W.S.S Tal Rahata,Shingve,5274,2,0,0,0,0,0,0,0,0,0,0,0,0,0,0,24-Jun,25-Jun,26-Jun,27-Jun,28-Jun,29-Jun,30-Jun,24-Jun,25-Jun,26-Jun,27-Jun,28-Jun,29-Jun,30-Jun,7,7,0
Nashik,Ahmednagar,Sangamner,Sangamner,Sangamner,20033242,"Retro.Talegaon Dighe and 16 villages, Tal. Sangamner",chincholi Gurav,3160,4,0,0,0,0,0,0,0.54,51.25,0,0,0,0,0,17.13,24-Jun,25-Jun,26-Jun,27-Jun,28-Jun,29-Jun,30-Jun,24-Jun,25-Jun,26-Jun,27-Jun,28-Jun,29-Jun,30-Jun,5,7,0
Nashik,Ahmednagar,Sangamner,Sangamner,Sangamner,20033242,"Retro.Talegaon Dighe and 16 villages, Tal. Sangamner",Kakadwadi,2267,2,0,0,0,0,0,0,0,0,0,0.08,0.02,0.01,0.01,0,24-Jun,25-Jun,26-Jun,27-Jun,28-Jun,29-Jun,30-Jun,24-Jun,25-Jun,26-Jun,27-Jun,28-Jun,29-Jun,30-Jun,3,7,0
Nashik,Ahmednagar,Sangamner,Sangamner,Sangamner,20033242,"Retro.Talegaon Dighe and 16 villages, Tal. Sangamner",Wadzari (Bk),1458,1,0.74,0.74,0,0.02,0.01,0,0.01,62.73,50.54,0.32,1.09,0.58,0.33,0.49,24-Jun,25-Jun,26-Jun,27-Jun,28-Jun,29-Jun,30-Jun,24-Jun,25-Jun,26-Jun,27-Jun,28-Jun,29-Jun,30-Jun,0,6,1
Nashik,Ahmednagar,Sangamner,Sangamner,Sangamner,20033242,"Retro.Talegaon Dighe and 16 villages, Tal. Sangamner",Wadzari (Kh),1173,1,0,0,0,0,0,0,0,9.14,0,0,0,0,0,0,24-Jun,25-Jun,26-Jun,27-Jun,28-Jun,29-Jun,30-Jun,24-Jun,25-Jun,26-Jun,27-Jun,28-Jun,29-Jun,30-Jun,6,7,0
Nashik,Ahmednagar,Sangamner,Sangamner,Sangamner,7937337,"Retro.Nimon and 4 villages, Tal. Sangamner",hilllock,3954,6,0.01,0.01,0,2.02,8.22,143.22,0.65,163.37,0.26,0,51.1,207.98,3622.16,16.5,24-Jun,25-Jun,26-Jun,27-Jun,28-Jun,29-Jun,30-Jun,24-Jun,25-Jun,26-Jun,27-Jun,28-Jun,29-Jun,30-Jun,1,4,3
Nashik,Ahmednagar,Sangamner,Sangamner,Sangamner,7937337,"Retro.Nimon and 4 villages, Tal. Sangamner",Karhe,2691,2,0,0,0,0,0,0,0,0,0,0,0,0,0,0,24-Jun,25-Jun,26-Jun,27-Jun,28-Jun,29-Jun,30-Jun,24-Jun,25-Jun,26-Jun,27-Jun,28-Jun,29-Jun,30-Jun,7,7,0
Nashik,Ahmednagar,Sangamner,Sangamner,Sangamner,7937337,"Retro.Nimon and 4 villages, Tal. Sangamner",Palaskhede,3954,3,0,0,0,0,0.01,1.09,0,36.81,0,0,0,0.3,27.48,0,24-Jun,25-Jun,26-Jun,27-Jun,28-Jun,29-Jun,30-Jun,24-Jun,25-Jun,26-Jun,27-Jun,28-Jun,29-Jun,30-Jun,4,7,0
Nashik,Ahmednagar,Sangamner,Sangamner,Sangamner,7937337,"Retro.Nimon and 4 villages, Tal. Sangamner",Pimpale,2689,3,0,0,0,0,0,0,0,0,0,0,0,0,0,0,24-Jun,25-Jun,26-Jun,27-Jun,28-Jun,29-Jun,30-Jun,24-Jun,25-Jun,26-Jun,27-Jun,28-Jun,29-Jun,30-Jun,7,7,0
Nashik,Ahmednagar,Sangamner,Sangamner,Sangamner,7937337,"Retro.Nimon and 4 villages, Tal. Sangamner",Sonewadi,2328,2,0,0,0,0,1.76,0,0,51.48,0,0,0,75.48,0.09,0,24-Jun,25-Jun,26-Jun,27-Jun,28-Jun,29-Jun,30-Jun,24-Jun,25-Jun,26-Jun,27-Jun,28-Jun,29-Jun,30-Jun,4,6,1
Nashik,Jalgaon,Jalgaon,Chopda,Chopda,20053731,Lasur and 9 villages RRWSS. Ta. Chopda,Chahardi,15064,2,0,0,1.51,0.57,1.19,2.75,0,7.3,0,10.03,3.76,7.9,18.29,0,24-Jun,25-Jun,26-Jun,27-Jun,28-Jun,29-Jun,30-Jun,24-Jun,25-Jun,26-Jun,27-Jun,28-Jun,29-Jun,30-Jun,2,7,0
Nashik,Jalgaon,Jalgaon,Chopda,Chopda,20053731,Lasur and 9 villages RRWSS. Ta. Chopda,Chaugaon,2980,2,1.91,1.91,2.67,1.81,2.61,1.2,1.22,90.44,64.24,89.53,60.81,87.75,40.43,40.92,24-Jun,25-Jun,26-Jun,27-Jun,28-Jun,29-Jun,30-Jun,24-Jun,25-Jun,26-Jun,27-Jun,28-Jun,29-Jun,30-Jun,0,2,5
Nashik,Jalgaon,Jalgaon,Chopda,Chopda,20053731,Lasur and 9 villages RRWSS. Ta. Chopda,Chunchale,5224,2,3.99,3.99,3.5,2.29,2.95,2.84,2.45,79.5,76.43,66.94,43.88,56.39,54.27,46.92,24-Jun,25-Jun,26-Jun,27-Jun,28-Jun,29-Jun,30-Jun,24-Jun,25-Jun,26-Jun,27-Jun,28-Jun,29-Jun,30-Jun,0,3,4
Nashik,Jalgaon,Jalgaon,Chopda,Chopda,20053731,Lasur and 9 villages RRWSS. Ta. Chopda,Galwade,910,1,0.37,0.37,0.75,0,0.38,0.31,0.56,71.45,40.78,82.12,0.05,42.14,34,61.26,24-Jun,25-Jun,26-Jun,27-Jun,28-Jun,29-Jun,30-Jun,24-Jun,25-Jun,26-Jun,27-Jun,28-Jun,29-Jun,30-Jun,0,4,3
Nashik,Jalgaon,Jalgaon,Chopda,Chopda,20053731,Lasur and 9 villages RRWSS. Ta. Chopda,Hatede Kh,3009,2,3.36,3.36,3.52,1.62,3.85,1.14,2.41,140.74,111.77,116.99,53.7,127.8,37.79,80.25,24-Jun,25-Jun,26-Jun,27-Jun,28-Jun,29-Jun,30-Jun,24-Jun,25-Jun,26-Jun,27-Jun,28-Jun,29-Jun,30-Jun,0,2,5
Nashik,Jalgaon,Jalgaon,Chopda,Chopda,20053731,Lasur and 9 villages RRWSS. Ta. Chopda,Kazipura,863,2,1.27,1.27,1.44,1.33,1.27,0.74,2.18,153.16,147.31,166.33,153.89,147.18,85.79,252.15,24-Jun,25-Jun,26-Jun,27-Jun,28-Jun,29-Jun,30-Jun,24-Jun,25-Jun,26-Jun,27-Jun,28-Jun,29-Jun,30-Jun,0,0,7
Nashik,Jalgaon,Jalgaon,Chopda,Chopda,20053731,Lasur and 9 villages RRWSS. Ta. Chopda,Lasur,10272,6,3.22,3.22,2.24,1.92,3.59,2.53,3.08,32,31.33,21.78,18.67,34.96,24.65,29.97,24-Jun,25-Jun,26-Jun,27-Jun,28-Jun,29-Jun,30-Jun,24-Jun,25-Jun,26-Jun,27-Jun,28-Jun,29-Jun,30-Jun,0,7,0
Nashik,Jalgaon,Jalgaon,Chopda,Chopda,20053731,Lasur and 9 villages RRWSS. Ta. Chopda,Majare Hingone,1501,2,1.53,1.53,1.37,0.35,0.51,0.39,0.94,45.14,102.09,91.59,23.24,34.31,25.87,62.89,24-Jun,25-Jun,26-Jun,27-Jun,28-Jun,29-Jun,30-Jun,24-Jun,25-Jun,26-Jun,27-Jun,28-Jun,29-Jun,30-Jun,0,4,3
Nashik,Jalgaon,Jalgaon,Chopda,Chopda,20053731,Lasur and 9 villages RRWSS. Ta. Chopda,Mamalde,3572,2,2.35,2.35,2.27,2.21,4.44,2.1,4.94,137.49,65.67,63.59,62,124.28,58.73,138.39,24-Jun,25-Jun,26-Jun,27-Jun,28-Jun,29-Jun,30-Jun,24-Jun,25-Jun,26-Jun,27-Jun,28-Jun,29-Jun,30-Jun,0,0,7
Nashik,Jalgaon,Jalgaon,Erandol,Chalisgaon,20053796,Dondigar-Rohini & 15 Villages WSS,Andhari,1743,1,0.43,0.43,0.27,0.58,0.39,1.4,0.41,36.56,24.63,15.47,33.23,22.26,80.45,23.58,24-Jun,25-Jun,26-Jun,27-Jun,28-Jun,29-Jun,30-Jun,24-Jun,25-Jun,26-Jun,27-Jun,28-Jun,29-Jun,30-Jun,0,6,1
Nashik,Jalgaon,Jalgaon,Erandol,Chalisgaon,20053796,Dondigar-Rohini & 15 Villages WSS,Bilakhede,2691,2,0.48,0.48,0.76,1.54,0.58,0.43,0.61,26.23,17.76,28.3,57.35,21.51,16.1,22.63,24-Jun,25-Jun,26-Jun,27-Jun,28-Jun,29-Jun,30-Jun,24-Jun,25-Jun,26-Jun,27-Jun,28-Jun,29-Jun,30-Jun,0,6,1
Nashik,Jalgaon,Jalgaon,Erandol,Chalisgaon,20053796,Dondigar-Rohini & 15 Villages WSS,Bramhanshevga,2049,2,0,0,0,0,0,0,0,0,0,0,0,0,0,0,24-Jun,25-Jun,26-Jun,27-Jun,28-Jun,29-Jun,30-Jun,24-Jun,25-Jun,26-Jun,27-Jun,28-Jun,29-Jun,30-Jun,7,7,0
Nashik,Jalgaon,Jalgaon,Erandol,Chalisgaon,20053796,Dondigar-Rohini & 15 Villages WSS,Don Digar,3217,3,0.78,0.78,1.14,0,0.26,1.58,1.3,25.69,24.18,35.57,0,8.02,49.12,40.45,24-Jun,25-Jun,26-Jun,27-Jun,28-Jun,29-Jun,30-Jun,24-Jun,25-Jun,26-Jun,27-Jun,28-Jun,29-Jun,30-Jun,1,7,0
Nashik,Jalgaon,Jalgaon,Erandol,Chalisgaon,20053796,Dondigar-Rohini & 15 Villages WSS,Hatgaon,3573,2,0.01,0.01,0.2,0,0.61,0.04,0,0,0.15,5.55,0.04,17.13,1.06,0,24-Jun,25-Jun,26-Jun,27-Jun,28-Jun,29-Jun,30-Jun,24-Jun,25-Jun,26-Jun,27-Jun,28-Jun,29-Jun,30-Jun,2,7,0
Nashik,Jalgaon,Jalgaon,Erandol,Chalisgaon,20053796,Dondigar-Rohini & 15 Villages WSS,Hirapur,3925,3,0,0,1.89,1.93,1.95,0.96,1.19,0,0,48.08,49.26,49.75,24.55,30.42,24-Jun,25-Jun,26-Jun,27-Jun,28-Jun,29-Jun,30-Jun,24-Jun,25-Jun,26-Jun,27-Jun,28-Jun,29-Jun,30-Jun,2,7,0
Nashik,Jalgaon,Jalgaon,Erandol,Chalisgaon,20053796,Dondigar-Rohini & 15 Villages WSS,Karajgaon,1879,1,0,0,0,0,0,0,0,0,0,0,0,0,0,0,24-Jun,25-Jun,26-Jun,27-Jun,28-Jun,29-Jun,30-Jun,24-Jun,25-Jun,26-Jun,27-Jun,28-Jun,29-Jun,30-Jun,7,7,0
Nashik,Jalgaon,Jalgaon,Erandol,Chalisgaon,20053796,Dondigar-Rohini & 15 Villages WSS,Khadki Bk.,3100,3,2.98,2.98,3.94,3.74,3.87,0,0,83.39,96.22,127.13,120.78,124.82,0,0,24-Jun,25-Jun,26-Jun,27-Jun,28-Jun,29-Jun,30-Jun,24-Jun,25-Jun,26-Jun,27-Jun,28-Jun,29-Jun,30-Jun,2,2,5
Nashik,Jalgaon,Jalgaon,Erandol,Chalisgaon,20053796,Dondigar-Rohini & 15 Villages WSS,Krushnanagar,2803,2,0,0,0,0,0,0,0,0.43,0,0,0,0,0,0,24-Jun,25-Jun,26-Jun,27-Jun,28-Jun,29-Jun,30-Jun,24-Jun,25-Jun,26-Jun,27-Jun,28-Jun,29-Jun,30-Jun,6,7,0
Nashik,Jalgaon,Jalgaon,Erandol,Chalisgaon,20053796,Dondigar-Rohini & 15 Villages WSS,Pimpalgaon,1709,2,0,0,0,0,0,0,0,0,0,0,0,0,0,0,24-Jun,25-Jun,26-Jun,27-Jun,28-Jun,29-Jun,30-Jun,24-Jun,25-Jun,26-Jun,27-Jun,28-Jun,29-Jun,30-Jun,7,7,0
Nashik,Jalgaon,Jalgaon,Erandol,Chalisgaon,20053796,Dondigar-Rohini & 15 Villages WSS,Pimpri Budruk,1804,2,2.18,2.18,0.01,0.01,1.03,0.67,0.02,0.86,120.79,0.73,0.57,56.91,37.29,1.07,24-Jun,25-Jun,26-Jun,27-Jun,28-Jun,29-Jun,30-Jun,24-Jun,25-Jun,26-Jun,27-Jun,28-Jun,29-Jun,30-Jun,0,5,2
Nashik,Jalgaon,Jalgaon,Erandol,Chalisgaon,20053796,Dondigar-Rohini & 15 Villages WSS,Rohini,2811,3,0.56,0.56,0.33,0.04,0.55,0.44,0.59,36.76,19.79,11.76,1.58,19.68,15.66,20.88,24-Jun,25-Jun,26-Jun,27-Jun,28-Jun,29-Jun,30-Jun,24-Jun,25-Jun,26-Jun,27-Jun,28-Jun,29-Jun,30-Jun,0,7,0
Nashik,Jalgaon,Jalgaon,Erandol,Chalisgaon,20053796,Dondigar-Rohini & 15 Villages WSS,Talegaon,3647,2,0,0,0,0,0,0,0,0,0,0,0,0,0,0,24-Jun,25-Jun,26-Jun,27-Jun,28-Jun,29-Jun,30-Jun,24-Jun,25-Jun,26-Jun,27-Jun,28-Jun,29-Jun,30-Jun,7,7,0
Nashik,Jalgaon,Jalgaon,Erandol,Chalisgaon,20053796,Dondigar-Rohini & 15 Villages WSS,Tambole,2918,2,0,0,1.31,0,0,0,0.82,3.31,0,44.78,0,0,0,27.96,24-Jun,25-Jun,26-Jun,27-Jun,28-Jun,29-Jun,30-Jun,24-Jun,25-Jun,26-Jun,27-Jun,28-Jun,29-Jun,30-Jun,4,7,0
Nashik,Jalgaon,Jalgaon,Erandol,Dharangaon,20061165,Paldhi (bk& Kh) RR Tal DHARANGAON,Paldhi Bk.,9303,3,0.23,0.23,0,0,0,0,0,0,2.47,0,0,0,0,0,24-Jun,25-Jun,26-Jun,27-Jun,28-Jun,29-Jun,30-Jun,24-Jun,25-Jun,26-Jun,27-Jun,28-Jun,29-Jun,30-Jun,6,7,0
Nashik,Jalgaon,Jalgaon,Erandol,Dharangaon,20061165,Paldhi (bk& Kh) RR Tal DHARANGAON,Paldhi Kh.,12377,3,12.14,12.14,4.21,6.68,8.8,2.29,11.48,93.28,98.1,33.98,53.95,71.12,18.47,92.78,24-Jun,25-Jun,26-Jun,27-Jun,28-Jun,29-Jun,30-Jun,24-Jun,25-Jun,26-Jun,27-Jun,28-Jun,29-Jun,30-Jun,0,3,4
Nashik,Jalgaon,Jalgaon,Erandol,Jamner,20025401,Pahur Peth& Pahur Kasbe 2 Villages WSS Tal Jamner,Kharchane,615,1,0,0,0.8,0.87,0.69,0.63,0.4,104.12,0.03,130.36,141.75,111.63,101.96,65.62,24-Jun,25-Jun,26-Jun,27-Jun,28-Jun,29-Jun,30-Jun,24-Jun,25-Jun,26-Jun,27-Jun,28-Jun,29-Jun,30-Jun,0,1,6
Nashik,Jalgaon,Jalgaon,Erandol,Jamner,20025401,Pahur Peth& Pahur Kasbe 2 Villages WSS Tal Jamner,Pahur Kasbe,11162,6,0,0,0,0,0,0,0,0,0,0,0,0,0,0,24-Jun,25-Jun,26-Jun,27-Jun,28-Jun,29-Jun,30-Jun,24-Jun,25-Jun,26-Jun,27-Jun,28-Jun,29-Jun,30-Jun,7,7,0
Nashik,Jalgaon,Jalgaon,Erandol,Jamner,20025401,Pahur Peth& Pahur Kasbe 2 Villages WSS Tal Jamner,Pahur Peth,13205,5,0,0,2.22,2.17,2.85,0,0,0,0,16.83,16.44,21.62,0,0,24-Jun,25-Jun,26-Jun,27-Jun,28-Jun,29-Jun,30-Jun,24-Jun,25-Jun,26-Jun,27-Jun,28-Jun,29-Jun,30-Jun,4,7,0
Nashik,Jalgaon,Jalgaon,Erandol,Muktainagar,20025401,Pahur Peth& Pahur Kasbe 2 Villages WSS Tal Jamner,Sangvi,679,1,0,0,0,0,0,0,0,0,0,0,0,0,0,0,24-Jun,25-Jun,26-Jun,27-Jun,28-Jun,29-Jun,30-Jun,24-Jun,25-Jun,26-Jun,27-Jun,28-Jun,29-Jun,30-Jun,7,7,0
Nashik,Jalgaon,Jalgaon,Nandurbar,Nandurbar,20055662,Pachorabari - Narayanpur WSS,Narayanpur,1851,2,0,0,0,0,0,0,0,0,0,0,0,0,0,0,24-Jun,25-Jun,26-Jun,27-Jun,28-Jun,29-Jun,30-Jun,24-Jun,25-Jun,26-Jun,27-Jun,28-Jun,29-Jun,30-Jun,7,7,0
Nashik,Jalgaon,Jalgaon,Nandurbar,Nandurbar,20055662,Pachorabari - Narayanpur WSS,Pachorabari,1251,4,0,0,0,0,0,0,0,0,0,0,0,0,0,0,24-Jun,25-Jun,26-Jun,27-Jun,28-Jun,29-Jun,30-Jun,24-Jun,25-Jun,26-Jun,27-Jun,28-Jun,29-Jun,30-Jun,7,7,0
Nashik,Jalgaon,Jalgaon,Nandurbar,Nandurbar,20056839,"Gujar bhawali , Jambholi & 4 Villages",Gujar Bhawali,2629,2,0.6,0.6,0,0.46,0,0.55,0,0,22.64,0.06,17.5,0,20.99,0.02,24-Jun,25-Jun,26-Jun,27-Jun,28-Jun,29-Jun,30-Jun,24-Jun,25-Jun,26-Jun,27-Jun,28-Jun,29-Jun,30-Jun,2,7,0
Nashik,Jalgaon,Jalgaon,Nandurbar,Nandurbar,20056839,"Gujar bhawali , Jambholi & 4 Villages",Gujar Jamboli,2338,3,0.34,0.34,0.23,1.09,1.22,0.92,0.35,0,14.4,9.83,46.46,51.97,39.18,14.87,24-Jun,25-Jun,26-Jun,27-Jun,28-Jun,29-Jun,30-Jun,24-Jun,25-Jun,26-Jun,27-Jun,28-Jun,29-Jun,30-Jun,1,7,0
Nashik,Jalgaon,Jalgaon,Nandurbar,Nandurbar,20057127,"Khamgaon, Tokartale , Vichak & 2 Wadies RRWSS",Khamgaon,2602,2,0,0,0,0,0.01,0.01,0.01,0.11,0.02,0.12,0.07,0.37,0.53,0.42,24-Jun,25-Jun,26-Jun,27-Jun,28-Jun,29-Jun,30-Jun,24-Jun,25-Jun,26-Jun,27-Jun,28-Jun,29-Jun,30-Jun,0,7,0
Nashik,Jalgaon,Jalgaon,Nandurbar,Nandurbar,20057127,"Khamgaon, Tokartale , Vichak & 2 Wadies RRWSS",Tokartale,3510,2,0,0,0,0.42,0.02,0,1.34,0,0,0,11.87,0.66,0,38.24,24-Jun,25-Jun,26-Jun,27-Jun,28-Jun,29-Jun,30-Jun,24-Jun,25-Jun,26-Jun,27-Jun,28-Jun,29-Jun,30-Jun,4,7,0
Nashik,Jalgaon,Jalgaon,Nandurbar,Nandurbar,20057127,"Khamgaon, Tokartale , Vichak & 2 Wadies RRWSS",Wadgaon Pada,167,2,0.01,0.01,0.18,0.1,0.07,0.01,0.3,3.09,3,105.56,59.92,42.54,6.32,180.35,24-Jun,25-Jun,26-Jun,27-Jun,28-Jun,29-Jun,30-Jun,24-Jun,25-Jun,26-Jun,27-Jun,28-Jun,29-Jun,30-Jun,0,4,3
Nashik,Nashik,Nashik,Malegaon,Baglan,7971089,Nampur and 4 villages RR Tal Baglan (C 39),Askheda,3580,3,2.57,2.57,5.25,5.45,5.37,4.28,5.28,51.25,71.67,146.59,152.17,150.13,119.63,147.41,24-Jun,25-Jun,26-Jun,27-Jun,28-Jun,29-Jun,30-Jun,24-Jun,25-Jun,26-Jun,27-Jun,28-Jun,29-Jun,30-Jun,0,1,6
Nashik,Nashik,Nashik,Malegaon,Baglan,7971089,Nampur and 4 villages RR Tal Baglan (C 39),Jaikheda,8177,3,2.04,2.04,1.83,1.86,1.64,1.69,2.17,16.42,24.94,22.39,22.73,20.03,20.65,26.56,24-Jun,25-Jun,26-Jun,27-Jun,28-Jun,29-Jun,30-Jun,24-Jun,25-Jun,26-Jun,27-Jun,28-Jun,29-Jun,30-Jun,0,7,0
Nashik,Nashik,Nashik,Malegaon,Deola,20037448,"78 villages in Nandgaon, Malegaon and Deola talukas",Ajande,786,1,1.54,1.54,1.55,1.21,1.28,1.2,1.66,175.98,196.38,197.83,154.05,162.73,152.29,211.63,24-Jun,25-Jun,26-Jun,27-Jun,28-Jun,29-Jun,30-Jun,24-Jun,25-Jun,26-Jun,27-Jun,28-Jun,29-Jun,30-Jun,0,0,7
Nashik,Nashik,Nashik,Malegaon,Malegaon,20037448,"78 villages in Nandgaon, Malegaon and Deola talukas",Babhulwadi,715,1,0.55,0.55,0,0.97,0.07,0.84,0.21,0,76.99,0,136.16,9.09,117.03,29.71,24-Jun,25-Jun,26-Jun,27-Jun,28-Jun,29-Jun,30-Jun,24-Jun,25-Jun,26-Jun,27-Jun,28-Jun,29-Jun,30-Jun,2,4,3
Nashik,Nashik,Nashik,Malegaon,Malegaon,20037448,"78 villages in Nandgaon, Malegaon and Deola talukas",DoctorWadi,1255,1,0,0,0,0,0.39,0,0,0,0,0,0,31.03,0,0,24-Jun,25-Jun,26-Jun,27-Jun,28-Jun,29-Jun,30-Jun,24-Jun,25-Jun,26-Jun,27-Jun,28-Jun,29-Jun,30-Jun,6,7,0
Nashik,Nashik,Nashik,Malegaon,Malegaon,20037448,"78 villages in Nandgaon, Malegaon and Deola talukas",Ganesh Nagar,1298,2,0.2,0.2,0.19,0.26,0.19,0.16,0.24,25.56,15.33,14.36,19.71,14.92,12.42,18.39,24-Jun,25-Jun,26-Jun,27-Jun,28-Jun,29-Jun,30-Jun,24-Jun,25-Jun,26-Jun,27-Jun,28-Jun,29-Jun,30-Jun,0,7,0
Nashik,Nashik,Nashik,Malegaon,Malegaon,20037448,"78 villages in Nandgaon, Malegaon and Deola talukas",Ghodegaon,1465,2,0.47,0.47,0,0,0,0,0.01,56.9,31.88,0,0,0,0,0.48,24-Jun,25-Jun,26-Jun,27-Jun,28-Jun,29-Jun,30-Jun,24-Jun,25-Jun,26-Jun,27-Jun,28-Jun,29-Jun,30-Jun,4,6,1
Nashik,Nashik,Nashik,Malegaon,Malegaon,20037448,"78 villages in Nandgaon, Malegaon and Deola talukas",Ghodegaon Chauki,682,1,0.28,0.28,0.85,0,0,0,0.01,0,41.32,124.03,0,0.57,0,1.38,24-Jun,25-Jun,26-Jun,27-Jun,28-Jun,29-Jun,30-Jun,24-Jun,25-Jun,26-Jun,27-Jun,28-Jun,29-Jun,30-Jun,3,6,1
Nashik,Nashik,Nashik,Malegaon,Malegaon,20037448,"78 villages in Nandgaon, Malegaon and Deola talukas",Gilane,1765,2,0,0,0,0,0,0,0,0,0,0,0,0,0,0,24-Jun,25-Jun,26-Jun,27-Jun,28-Jun,29-Jun,30-Jun,24-Jun,25-Jun,26-Jun,27-Jun,28-Jun,29-Jun,30-Jun,7,7,0
Nashik,Nashik,Nashik,Malegaon,Malegaon,20037448,"78 villages in Nandgaon, Malegaon and Deola talukas",Hiswal Bk,1875,1,0.89,0.89,0,0,0,0,0.87,34.96,47.41,0,0,0.01,0,46.33,24-Jun,25-Jun,26-Jun,27-Jun,28-Jun,29-Jun,30-Jun,24-Jun,25-Jun,26-Jun,27-Jun,28-Jun,29-Jun,30-Jun,3,7,0
Nashik,Nashik,Nashik,Malegaon,Malegaon,20037448,"78 villages in Nandgaon, Malegaon and Deola talukas",Hiswal Kh,1785,1,0,0,0,0,0,0,0,0,0,0,0,0,0,0,24-Jun,25-Jun,26-Jun,27-Jun,28-Jun,29-Jun,30-Jun,24-Jun,25-Jun,26-Jun,27-Jun,28-Jun,29-Jun,30-Jun,7,7,0
Nashik,Nashik,Nashik,Malegaon,Malegaon,20037448,"78 villages in Nandgaon, Malegaon and Deola talukas",Jalgaon,3726,2,0,0,1.02,0.53,0,1,0,13.73,0,27.33,14.28,0,26.77,0,24-Jun,25-Jun,26-Jun,27-Jun,28-Jun,29-Jun,30-Jun,24-Jun,25-Jun,26-Jun,27-Jun,28-Jun,29-Jun,30-Jun,3,7,0
Nashik,Nashik,Nashik,Malegaon,Malegaon,20037448,"78 villages in Nandgaon, Malegaon and Deola talukas",Jatpada,1571,2,0.54,0.54,0,0.69,0.31,0.47,0.27,19.13,34.62,0,43.95,19.62,29.86,17.41,24-Jun,25-Jun,26-Jun,27-Jun,28-Jun,29-Jun,30-Jun,24-Jun,25-Jun,26-Jun,27-Jun,28-Jun,29-Jun,30-Jun,1,7,0
Nashik,Nashik,Nashik,Malegaon,Malegaon,20037448,"78 villages in Nandgaon, Malegaon and Deola talukas",Jiwardi Bk,1174,2,0,0,0,0,0,0,0,0,0,0,0,0,0,0,24-Jun,25-Jun,26-Jun,27-Jun,28-Jun,29-Jun,30-Jun,24-Jun,25-Jun,26-Jun,27-Jun,28-Jun,29-Jun,30-Jun,7,7,0
Nashik,Nashik,Nashik,Malegaon,Malegaon,20037448,"78 villages in Nandgaon, Malegaon and Deola talukas",Krantinagar,1385,3,0,0,0,0,0,0,0,0,0,0,0,0,0,0,24-Jun,25-Jun,26-Jun,27-Jun,28-Jun,29-Jun,30-Jun,24-Jun,25-Jun,26-Jun,27-Jun,28-Jun,29-Jun,30-Jun,7,7,0
Nashik,Nashik,Nashik,Malegaon,Malegaon,20037448,"78 villages in Nandgaon, Malegaon and Deola talukas",Manikpunj,1335,5,0.33,0.33,0,0,0,0.06,0,0,24.68,0,0,0,4.56,0,24-Jun,25-Jun,26-Jun,27-Jun,28-Jun,29-Jun,30-Jun,24-Jun,25-Jun,26-Jun,27-Jun,28-Jun,29-Jun,30-Jun,5,7,0
Nashik,Nashik,Nashik,Malegaon,Malegaon,20037448,"78 villages in Nandgaon, Malegaon and Deola talukas",Manjare,1819,2,0,0,0,0,0,0.46,1.27,0,0,0,0,0,25.41,69.87,24-Jun,25-Jun,26-Jun,27-Jun,28-Jun,29-Jun,30-Jun,24-Jun,25-Jun,26-Jun,27-Jun,28-Jun,29-Jun,30-Jun,5,6,1
Nashik,Nashik,Nashik,Malegaon,Nandgaon,20037448,"78 villages in Nandgaon, Malegaon and Deola talukas",Manwad,3580,2,0,0,0,0,0,0,0.9,0,0,0,0,0,0,25.05,24-Jun,25-Jun,26-Jun,27-Jun,28-Jun,29-Jun,30-Jun,24-Jun,25-Jun,26-Jun,27-Jun,28-Jun,29-Jun,30-Jun,6,7,0
Nashik,Nashik,Nashik,Malegaon,Nandgaon,20037448,"78 villages in Nandgaon, Malegaon and Deola talukas",Mehune,3276,2,0.99,0.99,0,0,0,0,0,0,30.34,0,0,0,0,0.05,24-Jun,25-Jun,26-Jun,27-Jun,28-Jun,29-Jun,30-Jun,24-Jun,25-Jun,26-Jun,27-Jun,28-Jun,29-Jun,30-Jun,5,7,0
Nashik,Nashik,Nashik,Malegaon,Nandgaon,20037448,"78 villages in Nandgaon, Malegaon and Deola talukas",Nimgaon Bk,11399,3,0.65,0.65,1.12,0.68,1.52,0.62,1.33,20.66,5.69,9.86,5.99,13.31,5.44,11.63,24-Jun,25-Jun,26-Jun,27-Jun,28-Jun,29-Jun,30-Jun,24-Jun,25-Jun,26-Jun,27-Jun,28-Jun,29-Jun,30-Jun,0,7,0
Nashik,Nashik,Nashik,Malegaon,Nandgaon,20037448,"78 villages in Nandgaon, Malegaon and Deola talukas",Nimgaon Kh,1222,2,0.18,0.18,0.12,0.2,0.24,0.13,0.25,19.44,14.5,9.65,16.01,20.01,10.86,20.68,24-Jun,25-Jun,26-Jun,27-Jun,28-Jun,29-Jun,30-Jun,24-Jun,25-Jun,26-Jun,27-Jun,28-Jun,29-Jun,30-Jun,0,7,0
Nashik,Nashik,Nashik,Malegaon,Nandgaon,20037448,"78 villages in Nandgaon, Malegaon and Deola talukas",Nimgule,602,1,0,0,0,0,0,0,0,0,0,0,0,0,0,0,24-Jun,25-Jun,26-Jun,27-Jun,28-Jun,29-Jun,30-Jun,24-Jun,25-Jun,26-Jun,27-Jun,28-Jun,29-Jun,30-Jun,7,7,0
Nashik,Nashik,Nashik,Malegaon,Nandgaon,20037448,"78 villages in Nandgaon, Malegaon and Deola talukas",Patharde,879,2,0,0,0,0,0,0,0,0,0,0,0,0,0,0,24-Jun,25-Jun,26-Jun,27-Jun,28-Jun,29-Jun,30-Jun,24-Jun,25-Jun,26-Jun,27-Jun,28-Jun,29-Jun,30-Jun,7,7,0
Nashik,Nashik,Nashik,Malegaon,Nandgaon,20037448,"78 villages in Nandgaon, Malegaon and Deola talukas",Pimparkhed,2655,1,0.76,0.76,0.32,0.25,0.71,0,0,22.1,28.54,12.23,9.23,26.91,0,0,24-Jun,25-Jun,26-Jun,27-Jun,28-Jun,29-Jun,30-Jun,24-Jun,25-Jun,26-Jun,27-Jun,28-Jun,29-Jun,30-Jun,2,7,0
Nashik,Nashik,Nashik,Malegaon,Nandgaon,20037448,"78 villages in Nandgaon, Malegaon and Deola talukas",Pimprale,2160,2,0.46,0.46,0,1.33,0.57,0.67,0.63,26.59,21.12,0,61.49,26.26,30.84,29.01,24-Jun,25-Jun,26-Jun,27-Jun,28-Jun,29-Jun,30-Jun,24-Jun,25-Jun,26-Jun,27-Jun,28-Jun,29-Jun,30-Jun,1,6,1
Nashik,Nashik,Nashik,Malegaon,Nandgaon,20037448,"78 villages in Nandgaon, Malegaon and Deola talukas",Pimpri Haveli,2550,1,0.73,0.73,0,0.43,0,0.74,1.13,46.59,28.64,0.19,17.03,0,29,44.42,24-Jun,25-Jun,26-Jun,27-Jun,28-Jun,29-Jun,30-Jun,24-Jun,25-Jun,26-Jun,27-Jun,28-Jun,29-Jun,30-Jun,1,7,0
Nashik,Nashik,Nashik,Malegaon,Nandgaon,20037448,"78 villages in Nandgaon, Malegaon and Deola talukas",Sakuri,3920,2,0,0,0,0,0,0,0,0,0,0,0,0,0,0,24-Jun,25-Jun,26-Jun,27-Jun,28-Jun,29-Jun,30-Jun,24-Jun,25-Jun,26-Jun,27-Jun,28-Jun,29-Jun,30-Jun,7,7,0
Nashik,Nashik,Nashik,Malegaon,Nandgaon,20037448,"78 villages in Nandgaon, Malegaon and Deola talukas",Saundane,9450,3,2.04,2.04,0.18,2.22,0.12,2.19,0.11,0.53,21.58,1.93,23.5,1.24,23.21,1.19,24-Jun,25-Jun,26-Jun,27-Jun,28-Jun,29-Jun,30-Jun,24-Jun,25-Jun,26-Jun,27-Jun,28-Jun,29-Jun,30-Jun,0,7,0
Nashik,Nashik,Nashik,Malegaon,Nandgaon,20037448,"78 villages in Nandgaon, Malegaon and Deola talukas",Sawakarwadi,2811,3,0,0,0,0,0,0,0,0,0,0,0,0,0,0,24-Jun,25-Jun,26-Jun,27-Jun,28-Jun,29-Jun,30-Jun,24-Jun,25-Jun,26-Jun,27-Jun,28-Jun,29-Jun,30-Jun,7,7,0
Nashik,Nashik,Nashik,Malegaon,Nandgaon,20037448,"78 villages in Nandgaon, Malegaon and Deola talukas",Shirsondi,1807,2,0.26,0.26,0.2,0.48,0.08,0.25,0.12,4.36,14.17,10.89,26.74,4.3,13.93,6.72,24-Jun,25-Jun,26-Jun,27-Jun,28-Jun,29-Jun,30-Jun,24-Jun,25-Jun,26-Jun,27-Jun,28-Jun,29-Jun,30-Jun,0,7,0
Nashik,Nashik,Nashik,Malegaon,Nandgaon,20037448,"78 villages in Nandgaon, Malegaon and Deola talukas",Soygaon,1680,2,0,0,0,0,0,0,0,0,0,0,0,0,0,0,24-Jun,25-Jun,26-Jun,27-Jun,28-Jun,29-Jun,30-Jun,24-Jun,25-Jun,26-Jun,27-Jun,28-Jun,29-Jun,30-Jun,7,7,0
Nashik,Nashik,Nashik,Malegaon,Nandgaon,20037448,"78 villages in Nandgaon, Malegaon and Deola talukas",Takli,4532,3,0,0,0,0,0,0,0,0,0,0,0,0,0,0,24-Jun,25-Jun,26-Jun,27-Jun,28-Jun,29-Jun,30-Jun,24-Jun,25-Jun,26-Jun,27-Jun,28-Jun,29-Jun,30-Jun,7,7,0
Nashik,Nashik,Nashik,Malegaon,Nandgaon,20037448,"78 villages in Nandgaon, Malegaon and Deola talukas",Takli Bk,1965,3,0.34,0.34,0.01,0,0,0.5,0.54,0,17.34,0.38,0,0.05,25.23,27.39,24-Jun,25-Jun,26-Jun,27-Jun,28-Jun,29-Jun,30-Jun,24-Jun,25-Jun,26-Jun,27-Jun,28-Jun,29-Jun,30-Jun,2,7,0
Nashik,Nashik,Nashik,Malegaon,Nandgaon,20037448,"78 villages in Nandgaon, Malegaon and Deola talukas",Tandulwadi,915,2,0.68,0.68,0.45,0.36,0.93,0.79,1.69,19.32,74.78,49.03,39.43,101.99,86.81,184.21,24-Jun,25-Jun,26-Jun,27-Jun,28-Jun,29-Jun,30-Jun,24-Jun,25-Jun,26-Jun,27-Jun,28-Jun,29-Jun,30-Jun,0,3,4
Nashik,Nashik,Nashik,Malegaon,Nandgaon,20037448,"78 villages in Nandgaon, Malegaon and Deola talukas",Varhale,1036,1,0,0,0.49,0,0,0.5,0,0,0,47.68,0,0,48.23,0,24-Jun,25-Jun,26-Jun,27-Jun,28-Jun,29-Jun,30-Jun,24-Jun,25-Jun,26-Jun,27-Jun,28-Jun,29-Jun,30-Jun,5,7,0
Nashik,Nashik,Nashik,Malegaon,Nandgaon,20037448,"78 villages in Nandgaon, Malegaon and Deola talukas",Varhane,2285,3,0,0,0,0.06,0.93,1.53,0.06,53.76,0.04,0,2.75,40.91,66.95,2.7,24-Jun,25-Jun,26-Jun,27-Jun,28-Jun,29-Jun,30-Jun,24-Jun,25-Jun,26-Jun,27-Jun,28-Jun,29-Jun,30-Jun,1,6,1
Nashik,Nashik,Nashik,Malegaon,Nandgaon,20037448,"78 villages in Nandgaon, Malegaon and Deola talukas",Wakhari,2400,2,0,0,0.29,0,0,0,0,12.22,0,12.12,0,0,0,0,24-Jun,25-Jun,26-Jun,27-Jun,28-Jun,29-Jun,30-Jun,24-Jun,25-Jun,26-Jun,27-Jun,28-Jun,29-Jun,30-Jun,5,7,0
Nashik,Nashik,Nashik,Malegaon,Nandgaon,20037448,"78 villages in Nandgaon, Malegaon and Deola talukas",Yesgaon Bk,3698,2,1.44,1.44,0.57,1.12,0.78,0.78,1.36,35.72,38.93,15.37,30.25,21.07,21.1,36.65,24-Jun,25-Jun,26-Jun,27-Jun,28-Jun,29-Jun,30-Jun,24-Jun,25-Jun,26-Jun,27-Jun,28-Jun,29-Jun,30-Jun,0,7,0
Nashik,Nashik,Nashik,Malegaon,Nandgaon,20037448,"78 villages in Nandgaon, Malegaon and Deola talukas",Yesgaon Kh,2429,2,0,0,0,0,0,0,0,0,0,0,0,0,0,0,24-Jun,25-Jun,26-Jun,27-Jun,28-Jun,29-Jun,30-Jun,24-Jun,25-Jun,26-Jun,27-Jun,28-Jun,29-Jun,30-Jun,7,7,0
Nashik,Nashik,Nashik,Manmad,Nifad,456654,"Retro. Lasalgaon Vinchur 16 Villages, Tal. Nifad",Bokaddara,2968,1,0.01,0.01,0.69,0.65,0.16,0.57,0,16.04,0.38,23.36,22.06,5.47,19.1,0,24-Jun,25-Jun,26-Jun,27-Jun,28-Jun,29-Jun,30-Jun,24-Jun,25-Jun,26-Jun,27-Jun,28-Jun,29-Jun,30-Jun,1,7,0
Nashik,Nashik,Nashik,Manmad,Nifad,456654,"Retro. Lasalgaon Vinchur 16 Villages, Tal. Nifad",Brahmangaon,9640,1,1.07,1.07,0,0,0,0,0,0,11.07,0,0,0,0,0,24-Jun,25-Jun,26-Jun,27-Jun,28-Jun,29-Jun,30-Jun,24-Jun,25-Jun,26-Jun,27-Jun,28-Jun,29-Jun,30-Jun,6,7,0
Nashik,Nashik,Nashik,Manmad,Nifad,456654,"Retro. Lasalgaon Vinchur 16 Villages, Tal. Nifad",Dharangaon Khadak,3648,1,1.13,1.13,0.04,1.45,0.06,1,0.01,0.32,31.04,0.98,39.62,1.51,27.35,0.37,24-Jun,25-Jun,26-Jun,27-Jun,28-Jun,29-Jun,30-Jun,24-Jun,25-Jun,26-Jun,27-Jun,28-Jun,29-Jun,30-Jun,0,7,0
Nashik,Nashik,Nashik,Manmad,Nifad,456654,"Retro. Lasalgaon Vinchur 16 Villages, Tal. Nifad",Dharangaon Veer,3494,1,0,0,1.22,0,1.21,0,1.22,35.55,0,34.84,0,34.51,0,34.95,24-Jun,25-Jun,26-Jun,27-Jun,28-Jun,29-Jun,30-Jun,24-Jun,25-Jun,26-Jun,27-Jun,28-Jun,29-Jun,30-Jun,3,7,0
Nashik,Nashik,Nashik,Manmad,Nifad,456654,"Retro. Lasalgaon Vinchur 16 Villages, Tal. Nifad",Dongargaon,5460,1,0,0,0,0,0,0,0,0,0,0,0,0,0,0,24-Jun,25-Jun,26-Jun,27-Jun,28-Jun,29-Jun,30-Jun,24-Jun,25-Jun,26-Jun,27-Jun,28-Jun,29-Jun,30-Jun,7,7,0
Nashik,Nashik,Nashik,Manmad,Nifad,456654,"Retro. Lasalgaon Vinchur 16 Villages, Tal. Nifad",Hanuman Nagar,2684,1,0.68,0.68,0.67,0.67,0.62,0.74,0.05,28.34,25.34,24.8,24.81,23.24,27.61,1.84,24-Jun,25-Jun,26-Jun,27-Jun,28-Jun,29-Jun,30-Jun,24-Jun,25-Jun,26-Jun,27-Jun,28-Jun,29-Jun,30-Jun,0,7,0
Nashik,Nashik,Nashik,Manmad,Nifad,456654,"Retro. Lasalgaon Vinchur 16 Villages, Tal. Nifad",Kotamgaon,4189,2,0,0,0,0,0,0,0,0,0,0,0,0,0,0,24-Jun,25-Jun,26-Jun,27-Jun,28-Jun,29-Jun,30-Jun,24-Jun,25-Jun,26-Jun,27-Jun,28-Jun,29-Jun,30-Jun,7,7,0
Nashik,Nashik,Nashik,Manmad,Nifad,456654,"Retro. Lasalgaon Vinchur 16 Villages, Tal. Nifad",Lasalgaon,19821,5,0.01,0.01,0,0,0,0,0,17.12,0.05,0,0,0,0,0,24-Jun,25-Jun,26-Jun,27-Jun,28-Jun,29-Jun,30-Jun,24-Jun,25-Jun,26-Jun,27-Jun,28-Jun,29-Jun,30-Jun,5,7,0
Nashik,Nashik,Nashik,Manmad,Nifad,456654,"Retro. Lasalgaon Vinchur 16 Villages, Tal. Nifad",Nandgaon,3266,1,0,0,0,0,0,0,0,0,0,0,0,0,0,0,24-Jun,25-Jun,26-Jun,27-Jun,28-Jun,29-Jun,30-Jun,24-Jun,25-Jun,26-Jun,27-Jun,28-Jun,29-Jun,30-Jun,7,7,0
Nashik,Nashik,Nashik,Manmad,Nifad,456654,"Retro. Lasalgaon Vinchur 16 Villages, Tal. Nifad",Nimgaon Wakada,3798,3,0.39,0.39,0.79,0.41,1.17,0.55,1.02,32.09,10.22,20.85,10.76,30.72,14.58,26.74,24-Jun,25-Jun,26-Jun,27-Jun,28-Jun,29-Jun,30-Jun,24-Jun,25-Jun,26-Jun,27-Jun,28-Jun,29-Jun,30-Jun,0,7,0
Nashik,Nashik,Nashik,Manmad,Nifad,456654,"Retro. Lasalgaon Vinchur 16 Villages, Tal. Nifad",Pimpalgaon Najik,11607,2,1.12,1.12,0,0,0,0,0,25.52,9.63,0,0,0.02,0,0,24-Jun,25-Jun,26-Jun,27-Jun,28-Jun,29-Jun,30-Jun,24-Jun,25-Jun,26-Jun,27-Jun,28-Jun,29-Jun,30-Jun,4,7,0
Nashik,Nashik,Nashik,Manmad,Nifad,456654,"Retro. Lasalgaon Vinchur 16 Villages, Tal. Nifad",Subhash Nagar,1532,1,0,0,0,0,0,0,0,12.16,0.14,0,0,0,0,0,24-Jun,25-Jun,26-Jun,27-Jun,28-Jun,29-Jun,30-Jun,24-Jun,25-Jun,26-Jun,27-Jun,28-Jun,29-Jun,30-Jun,5,7,0
Nashik,Nashik,Nashik,Manmad,Nifad,456654,"Retro. Lasalgaon Vinchur 16 Villages, Tal. Nifad",Takali Vinchur,9423,2,0,0,0,0,0,0,0,0,0,0,0,0,0,0,24-Jun,25-Jun,26-Jun,27-Jun,28-Jun,29-Jun,30-Jun,24-Jun,25-Jun,26-Jun,27-Jun,28-Jun,29-Jun,30-Jun,7,7,0
Nashik,Nashik,Nashik,Manmad,Nifad,456654,"Retro. Lasalgaon Vinchur 16 Villages, Tal. Nifad",Vinchur,16088,3,0,0,0,0,0,0,0,7.89,0,0,0,0,0,0,24-Jun,25-Jun,26-Jun,27-Jun,28-Jun,29-Jun,30-Jun,24-Jun,25-Jun,26-Jun,27-Jun,28-Jun,29-Jun,30-Jun,6,7,0
Nashik,Nashik,Nashik,Manmad,Nifad,456654,"Retro. Lasalgaon Vinchur 16 Villages, Tal. Nifad",Vishnu Nagar,1254,1,0.89,0.89,1.26,0.74,0.5,0.6,0.76,61.5,70.7,100.21,59.35,40.09,47.83,60.83,24-Jun,25-Jun,26-Jun,27-Jun,28-Jun,29-Jun,30-Jun,24-Jun,25-Jun,26-Jun,27-Jun,28-Jun,29-Jun,30-Jun,0,2,5
Nashik,Nashik,Nashik,Manmad,Nifad,456654,"Retro. Lasalgaon Vinchur 16 Villages, Tal. Nifad",Vitthalwadi,1029,1,0,0,0,0,0,0,0,0.01,0,0,0,0,0,0,24-Jun,25-Jun,26-Jun,27-Jun,28-Jun,29-Jun,30-Jun,24-Jun,25-Jun,26-Jun,27-Jun,28-Jun,29-Jun,30-Jun,6,7,0
Nashik,Nashik,Nashik,Manmad,Yeola,20030798,Retrofitting To Yeola 38 Villages,Adgaon chautha,2244,1,0,0,0,0,0,0,0,0,0,0,0,0,0,0,24-Jun,25-Jun,26-Jun,27-Jun,28-Jun,29-Jun,30-Jun,24-Jun,25-Jun,26-Jun,27-Jun,28-Jun,29-Jun,30-Jun,7,7,0
Nashik,Nashik,Nashik,Manmad,Yeola,20030798,Retrofitting To Yeola 38 Villages,Andarsul,15233,4,0,0,10.4,5.64,0,0,5.65,41.19,0,68.25,37.04,0,0,37.06,24-Jun,25-Jun,26-Jun,27-Jun,28-Jun,29-Jun,30-Jun,24-Jun,25-Jun,26-Jun,27-Jun,28-Jun,29-Jun,30-Jun,3,6,1
Nashik,Nashik,Nashik,Manmad,Yeola,20030798,Retrofitting To Yeola 38 Villages,Ankute,2366,1,0,0,0.24,0,2.08,0,0,0,0,10.12,0.19,88.1,0,0,24-Jun,25-Jun,26-Jun,27-Jun,28-Jun,29-Jun,30-Jun,24-Jun,25-Jun,26-Jun,27-Jun,28-Jun,29-Jun,30-Jun,4,6,1
Nashik,Nashik,Nashik,Manmad,Yeola,20030798,Retrofitting To Yeola 38 Villages,Babulgaon Bk.,1774,1,3.85,3.85,4.48,0,0,0,1.67,158.93,216.85,252.65,0,0,0,93.87,24-Jun,25-Jun,26-Jun,27-Jun,28-Jun,29-Jun,30-Jun,24-Jun,25-Jun,26-Jun,27-Jun,28-Jun,29-Jun,30-Jun,3,3,4
Nashik,Nashik,Nashik,Manmad,Yeola,20030798,Retrofitting To Yeola 38 Villages,Bharam,1595,1,0,0,0,0,0,0,0,0,0,0,0,0,0,0,24-Jun,25-Jun,26-Jun,27-Jun,28-Jun,29-Jun,30-Jun,24-Jun,25-Jun,26-Jun,27-Jun,28-Jun,29-Jun,30-Jun,7,7,0
Nashik,Nashik,Nashik,Manmad,Yeola,20030798,Retrofitting To Yeola 38 Villages,Dhamode,657,1,0,0,0,0,0,0,0,0,0,0,0,0,0,0,24-Jun,25-Jun,26-Jun,27-Jun,28-Jun,29-Jun,30-Jun,24-Jun,25-Jun,26-Jun,27-Jun,28-Jun,29-Jun,30-Jun,7,7,0
Nashik,Nashik,Nashik,Manmad,Yeola,20030798,Retrofitting To Yeola 38 Villages,Dhanora,1283,2,0,0,3.73,3.55,0.11,0.67,0.12,0,0,290.36,276.76,8.67,51.96,9.11,24-Jun,25-Jun,26-Jun,27-Jun,28-Jun,29-Jun,30-Jun,24-Jun,25-Jun,26-Jun,27-Jun,28-Jun,29-Jun,30-Jun,2,5,2
Nashik,Nashik,Nashik,Manmad,Yeola,20030798,Retrofitting To Yeola 38 Villages,Gawandgaon,3144,1,0,0,0,0,0,0,0,0,0,0,0,0,0,0,24-Jun,25-Jun,26-Jun,27-Jun,28-Jun,29-Jun,30-Jun,24-Jun,25-Jun,26-Jun,27-Jun,28-Jun,29-Jun,30-Jun,7,7,0
Nashik,Nashik,Nashik,Manmad,Yeola,20030798,Retrofitting To Yeola 38 Villages,Katarni,3110,1,0,0,0,0,0,0,0,0,0,0,0,0,0,0,24-Jun,25-Jun,26-Jun,27-Jun,28-Jun,29-Jun,30-Jun,24-Jun,25-Jun,26-Jun,27-Jun,28-Jun,29-Jun,30-Jun,7,7,0
Nashik,Nashik,Nashik,Manmad,Yeola,20030798,Retrofitting To Yeola 38 Villages,Kusur,2292,1,0,0,0,0,0,0,0,0,0,0,0,0,0,0,24-Jun,25-Jun,26-Jun,27-Jun,28-Jun,29-Jun,30-Jun,24-Jun,25-Jun,26-Jun,27-Jun,28-Jun,29-Jun,30-Jun,7,7,0
Nashik,Nashik,Nashik,Manmad,Yeola,20030798,Retrofitting To Yeola 38 Villages,Nandesar,1025,1,0,0,0,0,0,0,0,0,0,0,0.03,0,0,0,24-Jun,25-Jun,26-Jun,27-Jun,28-Jun,29-Jun,30-Jun,24-Jun,25-Jun,26-Jun,27-Jun,28-Jun,29-Jun,30-Jun,6,7,0
Nashik,Nashik,Nashik,Manmad,Yeola,20030798,Retrofitting To Yeola 38 Villages,Nimgaon Madh,3048,1,0.01,0.01,0,0,0,1.98,0.11,0.09,0.19,0.01,0,0,64.9,3.65,24-Jun,25-Jun,26-Jun,27-Jun,28-Jun,29-Jun,30-Jun,24-Jun,25-Jun,26-Jun,27-Jun,28-Jun,29-Jun,30-Jun,2,6,1
Nashik,Nashik,Nashik,Manmad,Yeola,20030798,Retrofitting To Yeola 38 Villages,Pimpalgaon jalal,1412,1,0,0,0,0,0,0,0,0,0,0,0,0,0,0,24-Jun,25-Jun,26-Jun,27-Jun,28-Jun,29-Jun,30-Jun,24-Jun,25-Jun,26-Jun,27-Jun,28-Jun,29-Jun,30-Jun,7,7,0
Nashik,Nashik,Nashik,Manmad,Yeola,20030798,Retrofitting To Yeola 38 Villages,Pimpalkute BK.,811,1,0,0,0.44,0.86,0.12,0,0.41,64.28,0,53.93,105.95,15.03,0,50.29,24-Jun,25-Jun,26-Jun,27-Jun,28-Jun,29-Jun,30-Jun,24-Jun,25-Jun,26-Jun,27-Jun,28-Jun,29-Jun,30-Jun,2,5,2
Nashik,Nashik,Nashik,Manmad,Yeola,20030798,Retrofitting To Yeola 38 Villages,Pimpalkute Kh.,657,1,0,0,0,0,0,0,0,0,0,0,0,0,0,0,24-Jun,25-Jun,26-Jun,27-Jun,28-Jun,29-Jun,30-Jun,24-Jun,25-Jun,26-Jun,27-Jun,28-Jun,29-Jun,30-Jun,7,7,0
Nashik,Nashik,Nashik,Manmad,Yeola,20030798,Retrofitting To Yeola 38 Villages,Somthan Desh,2869,1,0,0,0,0,0,0,0,0,0,0,0,0,0,0,24-Jun,25-Jun,26-Jun,27-Jun,28-Jun,29-Jun,30-Jun,24-Jun,25-Jun,26-Jun,27-Jun,28-Jun,29-Jun,30-Jun,7,7,0
Nashik,Nashik,Nashik,Manmad,Yeola,20030798,Retrofitting To Yeola 38 Villages,Suregaon Rasta,2428,1,0,0,0,0,0,0,0,0,0,0,0,0,0,0,24-Jun,25-Jun,26-Jun,27-Jun,28-Jun,29-Jun,30-Jun,24-Jun,25-Jun,26-Jun,27-Jun,28-Jun,29-Jun,30-Jun,7,7,0
Nashik,Nashik,Nashik,Manmad,Yeola,20030798,Retrofitting To Yeola 38 Villages,Undirwadi,3087,1,0,0,0,0,0,0,0,0,0,0,0,0,0,0,24-Jun,25-Jun,26-Jun,27-Jun,28-Jun,29-Jun,30-Jun,24-Jun,25-Jun,26-Jun,27-Jun,28-Jun,29-Jun,30-Jun,7,7,0
Nashik,Nashik,Nashik,Manmad,Yeola,20030798,Retrofitting To Yeola 38 Villages,Vikharni,2325,1,0,0,0,0,0,0,0,0,0,0,0,0,0,0,24-Jun,25-Jun,26-Jun,27-Jun,28-Jun,29-Jun,30-Jun,24-Jun,25-Jun,26-Jun,27-Jun,28-Jun,29-Jun,30-Jun,7,7,0
Nashik,Nashik,Nashik,Manmad,Yeola,20030798,Retrofitting To Yeola 38 Villages,Visapur,1938,1,0,0,0,0,0,0,0,0,0,0,0,0,0,0,24-Jun,25-Jun,26-Jun,27-Jun,28-Jun,29-Jun,30-Jun,24-Jun,25-Jun,26-Jun,27-Jun,28-Jun,29-Jun,30-Jun,7,7,0
Nashik,Nashik,Nashik,Nashik,Peth,20083505,Surgane & 2 Vill RRWSS Tal.Peth,Ghubadsaka,0,1,0,0,0,0,0,0,0,0,0,0,0,0,0,0,24-Jun,25-Jun,26-Jun,27-Jun,28-Jun,29-Jun,30-Jun,24-Jun,25-Jun,26-Jun,27-Jun,28-Jun,29-Jun,30-Jun,7,7,0
Nashik,Nashik,Nashik,Nashik,Peth,20083505,Surgane & 2 Vill RRWSS Tal.Peth,Harangaon,1570,1,0,0,0.77,0,0,0,0,0,0,49.24,0,0,0,0,24-Jun,25-Jun,26-Jun,27-Jun,28-Jun,29-Jun,30-Jun,24-Jun,25-Jun,26-Jun,27-Jun,28-Jun,29-Jun,30-Jun,6,7,0
Nashik,Nashik,Nashik,Nashik,Peth,20083505,Surgane & 2 Vill RRWSS Tal.Peth,Surgane,1114,6,0,0,0.59,0,0,0,0,0,0,53.24,0,0,0,0,24-Jun,25-Jun,26-Jun,27-Jun,28-Jun,29-Jun,30-Jun,24-Jun,25-Jun,26-Jun,27-Jun,28-Jun,29-Jun,30-Jun,6,7,0
Nashik,Nashik,Nashik,Nashik,Trambakeshwar,20017222,Waghera & 14 RRWSS Tal Trambakeshwar,Bramhanwade,1232,1,0,0,0,0,0,0,0,0,0,0,0,0,0,0,24-Jun,25-Jun,26-Jun,27-Jun,28-Jun,29-Jun,30-Jun,24-Jun,25-Jun,26-Jun,27-Jun,28-Jun,29-Jun,30-Jun,7,7,0
Nashik,Nashik,Nashik,Nashik,Trambakeshwar,20017222,Waghera & 14 RRWSS Tal Trambakeshwar,Gorthan,621,1,0,0,0,0,0,0,0,0,0.02,0.01,0.01,0.02,0.02,0.01,24-Jun,25-Jun,26-Jun,27-Jun,28-Jun,29-Jun,30-Jun,24-Jun,25-Jun,26-Jun,27-Jun,28-Jun,29-Jun,30-Jun,1,7,0
Nashik,Nashik,Nashik,Nashik,Trambakeshwar,20017222,Waghera & 14 RRWSS Tal Trambakeshwar,Waghera,3746,2,0.62,0.62,0,0,0,0.57,0.2,0,16.67,0,0,0,15.13,5.24,24-Jun,25-Jun,26-Jun,27-Jun,28-Jun,29-Jun,30-Jun,24-Jun,25-Jun,26-Jun,27-Jun,28-Jun,29-Jun,30-Jun,4,7,0
Nashik,Nashik,Nashik,Sinnar,Sinnar,20019176,Retro. Bargaonpimpri & 6 VRWSS  Tal Sinnar,Gulwanch,6190,3,1.89,1.89,1.15,0.65,0.67,1.09,0,18.69,30.56,18.58,10.53,10.77,17.66,0,24-Jun,25-Jun,26-Jun,27-Jun,28-Jun,29-Jun,30-Jun,24-Jun,25-Jun,26-Jun,27-Jun,28-Jun,29-Jun,30-Jun,1,7,0
Nashik,Nashik,Nashik,Sinnar,Sinnar,20019176,Retro. Bargaonpimpri & 6 VRWSS  Tal Sinnar,Hiwargaon,2497,3,0.08,0.08,0.12,0,0,0.08,0,0,3.29,4.84,0,0,3.34,0,24-Jun,25-Jun,26-Jun,27-Jun,28-Jun,29-Jun,30-Jun,24-Jun,25-Jun,26-Jun,27-Jun,28-Jun,29-Jun,30-Jun,4,7,0
Nashik,Nashik,Nashik,Sinnar,Sinnar,20019176,Retro. Bargaonpimpri & 6 VRWSS  Tal Sinnar,K.P Nagar,1078,1,0,0,0,0,0,0,0,0,0,0,0,0,0,0,24-Jun,25-Jun,26-Jun,27-Jun,28-Jun,29-Jun,30-Jun,24-Jun,25-Jun,26-Jun,27-Jun,28-Jun,29-Jun,30-Jun,7,7,0
Nashik,Nashik,Nashik,Sinnar,Sinnar,20019176,Retro. Bargaonpimpri & 6 VRWSS  Tal Sinnar,Nimgaon Sinnar,4811,3,0.38,0.38,0,0,0,0,0,0,7.82,0.01,0.01,0,0,0,24-Jun,25-Jun,26-Jun,27-Jun,28-Jun,29-Jun,30-Jun,24-Jun,25-Jun,26-Jun,27-Jun,28-Jun,29-Jun,30-Jun,4,7,0
Nashik,Nashik,Nashik,Sinnar,Sinnar,20019176,Retro. Bargaonpimpri & 6 VRWSS  Tal Sinnar,Pat Pimpri,4002,2,0,0,0,0,0.24,0.45,0,14.43,0,0,0,6.1,11.23,0.03,24-Jun,25-Jun,26-Jun,27-Jun,28-Jun,29-Jun,30-Jun,24-Jun,25-Jun,26-Jun,27-Jun,28-Jun,29-Jun,30-Jun,3,7,0
Nashik,Nashik,Nashik,Sinnar,Sinnar,20019176,Retro. Bargaonpimpri & 6 VRWSS  Tal Sinnar,Sunderpur,2212,2,1.11,1.11,0,0.98,0,1.57,0.22,0,50.1,0,44.09,0,70.81,9.78,24-Jun,25-Jun,26-Jun,27-Jun,28-Jun,29-Jun,30-Jun,24-Jun,25-Jun,26-Jun,27-Jun,28-Jun,29-Jun,30-Jun,3,6,1
Nashik,Nashik,Nashik,Sinnar,Sinnar,20019286,"Nirhale-Fatehpur and 5 villages, Tal. Sinnar",Kankori,2427,2,0,0,0,0,0,0,0,0,0,0,0,0,0,0,24-Jun,25-Jun,26-Jun,27-Jun,28-Jun,29-Jun,30-Jun,24-Jun,25-Jun,26-Jun,27-Jun,28-Jun,29-Jun,30-Jun,7,7,0
Nashik,Nashik,Nashik,Sinnar,Sinnar,20019286,"Nirhale-Fatehpur and 5 villages, Tal. Sinnar",Manori,4139,2,0,0,0,0,0,0,0,0,0,0,0,0,0,0,24-Jun,25-Jun,26-Jun,27-Jun,28-Jun,29-Jun,30-Jun,24-Jun,25-Jun,26-Jun,27-Jun,28-Jun,29-Jun,30-Jun,7,7,0
Nashik,Nashik,Nashik,Sinnar,Sinnar,20019286,"Nirhale-Fatehpur and 5 villages, Tal. Sinnar",Marhal (Bk.),2934,1,1.5,1.5,0.03,0,0,0,0,0,51.04,0.87,0,0,0,0,24-Jun,25-Jun,26-Jun,27-Jun,28-Jun,29-Jun,30-Jun,24-Jun,25-Jun,26-Jun,27-Jun,28-Jun,29-Jun,30-Jun,5,7,0
Nashik,Nashik,Nashik,Sinnar,Sinnar,20019286,"Nirhale-Fatehpur and 5 villages, Tal. Sinnar",Nandur Shingote,6496,5,0,0,0,0,0,0.11,0.17,0,0,0,0,0,1.77,2.63,24-Jun,25-Jun,26-Jun,27-Jun,28-Jun,29-Jun,30-Jun,24-Jun,25-Jun,26-Jun,27-Jun,28-Jun,29-Jun,30-Jun,5,7,0
Nashik,Nashik,W M Nashik,Malegaon,Chandwad,20086730,Retro.Chandwad and WSS 44 villages. Ta. Chandwad,Ahirkhede,1089,1,0,0,0,0,0,0,0,0,0,0,0,0,0,0,24-Jun,25-Jun,26-Jun,27-Jun,28-Jun,29-Jun,30-Jun,24-Jun,25-Jun,26-Jun,27-Jun,28-Jun,29-Jun,30-Jun,7,7,0
Nashik,Nashik,W M Nashik,Malegaon,Chandwad,20086730,Retro.Chandwad and WSS 44 villages. Ta. Chandwad,Asarkhede,1473,1,0,0,0,0,0,0,0,0,0,0,0,0,0,0,24-Jun,25-Jun,26-Jun,27-Jun,28-Jun,29-Jun,30-Jun,24-Jun,25-Jun,26-Jun,27-Jun,28-Jun,29-Jun,30-Jun,7,7,0
Nashik,Nashik,W M Nashik,Malegaon,Chandwad,20086730,Retro.Chandwad and WSS 44 villages. Ta. Chandwad,Bharvir,1288,2,0,0,0,0,0,0,0,0,0,0,0,0,0,0,24-Jun,25-Jun,26-Jun,27-Jun,28-Jun,29-Jun,30-Jun,24-Jun,25-Jun,26-Jun,27-Jun,28-Jun,29-Jun,30-Jun,7,7,0
Nashik,Nashik,W M Nashik,Malegaon,Chandwad,20086730,Retro.Chandwad and WSS 44 villages. Ta. Chandwad,Bhutyane,1557,1,0,0,0,0,0,0,0,0,0,0,0,0,0,0,24-Jun,25-Jun,26-Jun,27-Jun,28-Jun,29-Jun,30-Jun,24-Jun,25-Jun,26-Jun,27-Jun,28-Jun,29-Jun,30-Jun,7,7,0
Nashik,Nashik,W M Nashik,Malegaon,Chandwad,20086730,Retro.Chandwad and WSS 44 villages. Ta. Chandwad,Chinchole,914,1,0,0,0,0,0,0,0,0,0,0,0,0,0,0,24-Jun,25-Jun,26-Jun,27-Jun,28-Jun,29-Jun,30-Jun,24-Jun,25-Jun,26-Jun,27-Jun,28-Jun,29-Jun,30-Jun,7,7,0
Nashik,Nashik,W M Nashik,Malegaon,Chandwad,20086730,Retro.Chandwad and WSS 44 villages. Ta. Chandwad,Dahiwad,639,1,0.68,0.68,0,0,0,0,0.88,0,106.57,0,0,0,0,137.36,24-Jun,25-Jun,26-Jun,27-Jun,28-Jun,29-Jun,30-Jun,24-Jun,25-Jun,26-Jun,27-Jun,28-Jun,29-Jun,30-Jun,5,5,2
Nashik,Nashik,W M Nashik,Malegaon,Chandwad,20086730,Retro.Chandwad and WSS 44 villages. Ta. Chandwad,Dhodambe,4197,1,1.15,1.15,1,0.43,0.19,0.05,2.36,8.96,27.35,23.94,10.22,4.64,1.12,56.17,24-Jun,25-Jun,26-Jun,27-Jun,28-Jun,29-Jun,30-Jun,24-Jun,25-Jun,26-Jun,27-Jun,28-Jun,29-Jun,30-Jun,0,6,1
Nashik,Nashik,W M Nashik,Malegaon,Chandwad,20086730,Retro.Chandwad and WSS 44 villages. Ta. Chandwad,Dighwad,2462,1,0,0,0,0,0,0,0,0,0,0,0,0,0,0,24-Jun,25-Jun,26-Jun,27-Jun,28-Jun,29-Jun,30-Jun,24-Jun,25-Jun,26-Jun,27-Jun,28-Jun,29-Jun,30-Jun,7,7,0
Nashik,Nashik,W M Nashik,Malegaon,Chandwad,20086730,Retro.Chandwad and WSS 44 villages. Ta. Chandwad,Dongargaon,1649,1,0,0,0,0,0.49,0,0,0,0,0,0,29.92,0,0,24-Jun,25-Jun,26-Jun,27-Jun,28-Jun,29-Jun,30-Jun,24-Jun,25-Jun,26-Jun,27-Jun,28-Jun,29-Jun,30-Jun,6,7,0
Nashik,Nashik,W M Nashik,Malegaon,Chandwad,20086730,Retro.Chandwad and WSS 44 villages. Ta. Chandwad,Dugaon,4741,1,0,0,0,0,0,0,0,0,0,0,0,0,0,0,24-Jun,25-Jun,26-Jun,27-Jun,28-Jun,29-Jun,30-Jun,24-Jun,25-Jun,26-Jun,27-Jun,28-Jun,29-Jun,30-Jun,7,7,0
Nashik,Nashik,W M Nashik,Malegaon,Chandwad,20086730,Retro.Chandwad and WSS 44 villages. Ta. Chandwad,Ekrukhe,693,1,0,0,0,0,0,0,0,0,0,0,0,0,0,0,24-Jun,25-Jun,26-Jun,27-Jun,28-Jun,29-Jun,30-Jun,24-Jun,25-Jun,26-Jun,27-Jun,28-Jun,29-Jun,30-Jun,7,7,0
Nashik,Nashik,W M Nashik,Malegaon,Chandwad,20086730,Retro.Chandwad and WSS 44 villages. Ta. Chandwad,Gangave,1658,1,0,0,0,0,0,0,0,0,0,0,0,0,0,0,24-Jun,25-Jun,26-Jun,27-Jun,28-Jun,29-Jun,30-Jun,24-Jun,25-Jun,26-Jun,27-Jun,28-Jun,29-Jun,30-Jun,7,7,0
Nashik,Nashik,W M Nashik,Malegaon,Chandwad,20086730,Retro.Chandwad and WSS 44 villages. Ta. Chandwad,Ganur,2555,1,0,0,0,0,0,0,0,0,0,0,0,0,0,0,24-Jun,25-Jun,26-Jun,27-Jun,28-Jun,29-Jun,30-Jun,24-Jun,25-Jun,26-Jun,27-Jun,28-Jun,29-Jun,30-Jun,7,7,0
Nashik,Nashik,W M Nashik,Malegaon,Chandwad,20086730,Retro.Chandwad and WSS 44 villages. Ta. Chandwad,Harnul,1053,1,0,0,0,0,0,0,0,0,0,0,0,0,0,0,24-Jun,25-Jun,26-Jun,27-Jun,28-Jun,29-Jun,30-Jun,24-Jun,25-Jun,26-Jun,27-Jun,28-Jun,29-Jun,30-Jun,7,7,0
Nashik,Nashik,W M Nashik,Malegaon,Chandwad,20086730,Retro.Chandwad and WSS 44 villages. Ta. Chandwad,Hatti,1161,1,0.34,0.34,0.36,0,0,0,0,30.72,29.23,31.19,0,0,0,0,24-Jun,25-Jun,26-Jun,27-Jun,28-Jun,29-Jun,30-Jun,24-Jun,25-Jun,26-Jun,27-Jun,28-Jun,29-Jun,30-Jun,4,7,0
Nashik,Nashik,W M Nashik,Malegaon,Chandwad,20086730,Retro.Chandwad and WSS 44 villages. Ta. Chandwad,Jaitapur,580,1,0.1,0.1,0,0,0,0.05,0,2.87,16.57,0,0,0,8.67,0,24-Jun,25-Jun,26-Jun,27-Jun,28-Jun,29-Jun,30-Jun,24-Jun,25-Jun,26-Jun,27-Jun,28-Jun,29-Jun,30-Jun,4,7,0
Nashik,Nashik,W M Nashik,Malegaon,Chandwad,20086730,Retro.Chandwad and WSS 44 villages. Ta. Chandwad,Kalkhode,1543,2,0,0,0,0,0,0,0,0,0,0,0,0,0,0,24-Jun,25-Jun,26-Jun,27-Jun,28-Jun,29-Jun,30-Jun,24-Jun,25-Jun,26-Jun,27-Jun,28-Jun,29-Jun,30-Jun,7,7,0
Nashik,Nashik,W M Nashik,Malegaon,Chandwad,20086730,Retro.Chandwad and WSS 44 villages. Ta. Chandwad,Kanmandale,3261,2,0,0,0,0,0.13,0,1.3,26.18,0,0,0,3.95,0,40.02,24-Jun,25-Jun,26-Jun,27-Jun,28-Jun,29-Jun,30-Jun,24-Jun,25-Jun,26-Jun,27-Jun,28-Jun,29-Jun,30-Jun,4,7,0
Nashik,Nashik,W M Nashik,Malegaon,Chandwad,20086730,Retro.Chandwad and WSS 44 villages. Ta. Chandwad,Kheldari,2246,2,0,0,0,0,0,0,0,0,0,0,0,0,0,0,24-Jun,25-Jun,26-Jun,27-Jun,28-Jun,29-Jun,30-Jun,24-Jun,25-Jun,26-Jun,27-Jun,28-Jun,29-Jun,30-Jun,7,7,0
Nashik,Nashik,W M Nashik,Malegaon,Chandwad,20086730,Retro.Chandwad and WSS 44 villages. Ta. Chandwad,Kokankhede,1991,2,0,0,0,0,0,0,0,0,0,0,0,0,0,0,24-Jun,25-Jun,26-Jun,27-Jun,28-Jun,29-Jun,30-Jun,24-Jun,25-Jun,26-Jun,27-Jun,28-Jun,29-Jun,30-Jun,7,7,0
Nashik,Nashik,W M Nashik,Malegaon,Chandwad,20086730,Retro.Chandwad and WSS 44 villages. Ta. Chandwad,Koltek,796,1,0,0,0,0,0,0,0,0,0,0,0,0,0,0,24-Jun,25-Jun,26-Jun,27-Jun,28-Jun,29-Jun,30-Jun,24-Jun,25-Jun,26-Jun,27-Jun,28-Jun,29-Jun,30-Jun,7,7,0
Nashik,Nashik,W M Nashik,Malegaon,Chandwad,20086730,Retro.Chandwad and WSS 44 villages. Ta. Chandwad,Mangrul,2328,2,0,0,0,0,0,0,0,0,0,0,0,0,0,0,24-Jun,25-Jun,26-Jun,27-Jun,28-Jun,29-Jun,30-Jun,24-Jun,25-Jun,26-Jun,27-Jun,28-Jun,29-Jun,30-Jun,7,7,0
Nashik,Nashik,W M Nashik,Malegaon,Chandwad,20086730,Retro.Chandwad and WSS 44 villages. Ta. Chandwad,Nhanave,1019,1,0,0,0.01,0,0,0.04,0,7.35,0,0.51,0,0,4.18,0.3,24-Jun,25-Jun,26-Jun,27-Jun,28-Jun,29-Jun,30-Jun,24-Jun,25-Jun,26-Jun,27-Jun,28-Jun,29-Jun,30-Jun,3,7,0
Nashik,Nashik,W M Nashik,Malegaon,Chandwad,20086730,Retro.Chandwad and WSS 44 villages. Ta. Chandwad,Nimbale,2139,1,0,0,0,0,0,0,0,0,0,0,0,0,0,0,24-Jun,25-Jun,26-Jun,27-Jun,28-Jun,29-Jun,30-Jun,24-Jun,25-Jun,26-Jun,27-Jun,28-Jun,29-Jun,30-Jun,7,7,0
Nashik,Nashik,W M Nashik,Malegaon,Chandwad,20086730,Retro.Chandwad and WSS 44 villages. Ta. Chandwad,Nimgavhan,1004,1,0,0,0,0,0,0,0,0,0,0,0,0,0,0,24-Jun,25-Jun,26-Jun,27-Jun,28-Jun,29-Jun,30-Jun,24-Jun,25-Jun,26-Jun,27-Jun,28-Jun,29-Jun,30-Jun,7,7,0
Nashik,Nashik,W M Nashik,Malegaon,Chandwad,20086730,Retro.Chandwad and WSS 44 villages. Ta. Chandwad,Panhale,1484,1,0,0,0,0,0,0,0,0,0.13,0,0,0,0,0,24-Jun,25-Jun,26-Jun,27-Jun,28-Jun,29-Jun,30-Jun,24-Jun,25-Jun,26-Jun,27-Jun,28-Jun,29-Jun,30-Jun,6,7,0
Nashik,Nashik,W M Nashik,Malegaon,Chandwad,20086730,Retro.Chandwad and WSS 44 villages. Ta. Chandwad,Pate,985,1,0,0,0,0,0,0,0,0,0,0,0,0,0,0,24-Jun,25-Jun,26-Jun,27-Jun,28-Jun,29-Jun,30-Jun,24-Jun,25-Jun,26-Jun,27-Jun,28-Jun,29-Jun,30-Jun,7,7,0
Nashik,Nashik,W M Nashik,Malegaon,Chandwad,20086730,Retro.Chandwad and WSS 44 villages. Ta. Chandwad,Patharshembe,2150,1,0.41,0.41,0,0,0,0,0,0,18.99,0,0,0,0,0,24-Jun,25-Jun,26-Jun,27-Jun,28-Jun,29-Jun,30-Jun,24-Jun,25-Jun,26-Jun,27-Jun,28-Jun,29-Jun,30-Jun,6,7,0
Nashik,Nashik,W M Nashik,Malegaon,Chandwad,20086730,Retro.Chandwad and WSS 44 villages. Ta. Chandwad,Pimpalgaon Dabali,919,1,0,0,0,0,0,0,0,0,0,0,0,0,0,0,24-Jun,25-Jun,26-Jun,27-Jun,28-Jun,29-Jun,30-Jun,24-Jun,25-Jun,26-Jun,27-Jun,28-Jun,29-Jun,30-Jun,7,7,0
Nashik,Nashik,W M Nashik,Malegaon,Chandwad,20086730,Retro.Chandwad and WSS 44 villages. Ta. Chandwad,Puri,2836,1,0,0,0,0,0,0,0,0,0,0,0,0,0,0,24-Jun,25-Jun,26-Jun,27-Jun,28-Jun,29-Jun,30-Jun,24-Jun,25-Jun,26-Jun,27-Jun,28-Jun,29-Jun,30-Jun,7,7,0
Nashik,Nashik,W M Nashik,Malegaon,Chandwad,20086730,Retro.Chandwad and WSS 44 villages. Ta. Chandwad,Raypur,3624,1,0,0,0.08,1.7,1,0.05,0,0,0,2.26,46.79,27.64,1.43,0,24-Jun,25-Jun,26-Jun,27-Jun,28-Jun,29-Jun,30-Jun,24-Jun,25-Jun,26-Jun,27-Jun,28-Jun,29-Jun,30-Jun,3,7,0
Nashik,Nashik,W M Nashik,Malegaon,Chandwad,20086730,Retro.Chandwad and WSS 44 villages. Ta. Chandwad,Redgaon Kh,1898,1,0,0,0,0,0,0,0,0,0,0,0,0,0,0,24-Jun,25-Jun,26-Jun,27-Jun,28-Jun,29-Jun,30-Jun,24-Jun,25-Jun,26-Jun,27-Jun,28-Jun,29-Jun,30-Jun,7,7,0
Nashik,Nashik,W M Nashik,Malegaon,Chandwad,20086730,Retro.Chandwad and WSS 44 villages. Ta. Chandwad,Shelu Matha,1622,1,0,0,0,0,0,0,0.44,0,0,0,0,0,0,27.31,24-Jun,25-Jun,26-Jun,27-Jun,28-Jun,29-Jun,30-Jun,24-Jun,25-Jun,26-Jun,27-Jun,28-Jun,29-Jun,30-Jun,6,7,0
Nashik,Nashik,W M Nashik,Malegaon,Chandwad,20086730,Retro.Chandwad and WSS 44 villages. Ta. Chandwad,Shelu Varche,1622,1,0,0,0,0,0,0,0,0,0,0,0,0,0,0,24-Jun,25-Jun,26-Jun,27-Jun,28-Jun,29-Jun,30-Jun,24-Jun,25-Jun,26-Jun,27-Jun,28-Jun,29-Jun,30-Jun,7,7,0
Nashik,Nashik,W M Nashik,Malegaon,Chandwad,20086730,Retro.Chandwad and WSS 44 villages. Ta. Chandwad,Shinde,1804,2,0,0,0,0.46,0.75,0.08,0.47,1.77,0,0,25.46,41.38,4.28,26.05,24-Jun,25-Jun,26-Jun,27-Jun,28-Jun,29-Jun,30-Jun,24-Jun,25-Jun,26-Jun,27-Jun,28-Jun,29-Jun,30-Jun,2,7,0
Nashik,Nashik,W M Nashik,Malegaon,Chandwad,20086730,Retro.Chandwad and WSS 44 villages. Ta. Chandwad,Shirsane,1717,1,0,0,0,0,0,0,0,0,0,0,0,0,0,0,24-Jun,25-Jun,26-Jun,27-Jun,28-Jun,29-Jun,30-Jun,24-Jun,25-Jun,26-Jun,27-Jun,28-Jun,29-Jun,30-Jun,7,7,0
Nashik,Nashik,W M Nashik,Malegaon,Chandwad,20086730,Retro.Chandwad and WSS 44 villages. Ta. Chandwad,Shirur,1835,2,0,0,0,0,0,0,0,0,0,0,0,0,0,0,24-Jun,25-Jun,26-Jun,27-Jun,28-Jun,29-Jun,30-Jun,24-Jun,25-Jun,26-Jun,27-Jun,28-Jun,29-Jun,30-Jun,7,7,0
Nashik,Nashik,W M Nashik,Malegaon,Chandwad,20086730,Retro.Chandwad and WSS 44 villages. Ta. Chandwad,Sogras,1649,1,0,0,0,0,0,0,0,0,0,0,0,0,0,0,24-Jun,25-Jun,26-Jun,27-Jun,28-Jun,29-Jun,30-Jun,24-Jun,25-Jun,26-Jun,27-Jun,28-Jun,29-Jun,30-Jun,7,7,0
Nashik,Nashik,W M Nashik,Malegaon,Chandwad,20086730,Retro.Chandwad and WSS 44 villages. Ta. Chandwad,Soni Sangvi,764,1,0,0,0,0,0,0,0,0,0,0,0,0,0,0,24-Jun,25-Jun,26-Jun,27-Jun,28-Jun,29-Jun,30-Jun,24-Jun,25-Jun,26-Jun,27-Jun,28-Jun,29-Jun,30-Jun,7,7,0
Nashik,Nashik,W M Nashik,Malegaon,Chandwad,20086730,Retro.Chandwad and WSS 44 villages. Ta. Chandwad,Sutarkhede,1742,1,0.7,0.7,0,0,0,0,0,0,40.03,0,0,0,0,0,24-Jun,25-Jun,26-Jun,27-Jun,28-Jun,29-Jun,30-Jun,24-Jun,25-Jun,26-Jun,27-Jun,28-Jun,29-Jun,30-Jun,6,7,0
Nashik,Nashik,W M Nashik,Malegaon,Chandwad,20086730,Retro.Chandwad and WSS 44 villages. Ta. Chandwad,Talegaon Rohi,8039,1,0,0,0,0,0,0,0,0,0,0,0,0,0,0,24-Jun,25-Jun,26-Jun,27-Jun,28-Jun,29-Jun,30-Jun,24-Jun,25-Jun,26-Jun,27-Jun,28-Jun,29-Jun,30-Jun,7,7,0
Nashik,Nashik,W M Nashik,Malegaon,Chandwad,20086730,Retro.Chandwad and WSS 44 villages. Ta. Chandwad,Talwade,925,1,0,0,0,0,0,0,0,0,0,0,0,0,0,0,24-Jun,25-Jun,26-Jun,27-Jun,28-Jun,29-Jun,30-Jun,24-Jun,25-Jun,26-Jun,27-Jun,28-Jun,29-Jun,30-Jun,7,7,0
Nashik,Nashik,W M Nashik,Malegaon,Chandwad,20086730,Retro.Chandwad and WSS 44 villages. Ta. Chandwad,Vadalibhoi,9581,2,0,0,0,0,0,0,0,0,0,0,0,0,0,0,24-Jun,25-Jun,26-Jun,27-Jun,28-Jun,29-Jun,30-Jun,24-Jun,25-Jun,26-Jun,27-Jun,28-Jun,29-Jun,30-Jun,7,7,0
Nashik,Nashik,W M Nashik,Malegaon,Chandwad,20086730,Retro.Chandwad and WSS 44 villages. Ta. Chandwad,Vahegaonsal,4062,1,0,0,0,0,0,0,0,0,0,0,0,0,0,0,24-Jun,25-Jun,26-Jun,27-Jun,28-Jun,29-Jun,30-Jun,24-Jun,25-Jun,26-Jun,27-Jun,28-Jun,29-Jun,30-Jun,7,7,0
Nashik,Nashik,W M Nashik,Malegaon,Chandwad,20086730,Retro.Chandwad and WSS 44 villages. Ta. Chandwad,Vaki Bk,1542,1,0,0,0,0,0,0,0,0,0,0,0,0,0,0,24-Jun,25-Jun,26-Jun,27-Jun,28-Jun,29-Jun,30-Jun,24-Jun,25-Jun,26-Jun,27-Jun,28-Jun,29-Jun,30-Jun,7,7,0
Nashik,Nashik,W M Nashik,Malegaon,Chandwad,20086730,Retro.Chandwad and WSS 44 villages. Ta. Chandwad,Vaki Kh,2158,1,0,0,0,0,0,0,0,0,0,0,0,0,0,0,24-Jun,25-Jun,26-Jun,27-Jun,28-Jun,29-Jun,30-Jun,24-Jun,25-Jun,26-Jun,27-Jun,28-Jun,29-Jun,30-Jun,7,7,0
Nashik,Nashik,W M Nashik,Malegaon,Chandwad,20086730,Retro.Chandwad and WSS 44 villages. Ta. Chandwad,Vijaynagar,905,1,0,0,0,0,0.17,0,0.25,0,0,0,0,18.68,0.09,28.09,24-Jun,25-Jun,26-Jun,27-Jun,28-Jun,29-Jun,30-Jun,24-Jun,25-Jun,26-Jun,27-Jun,28-Jun,29-Jun,30-Jun,4,7,0
Nashik,Nashik,W M Nashik,Malegaon,Chandwad,20086730,Retro.Chandwad and WSS 44 villages. Ta. Chandwad,Vitave,1920,1,0.65,0.65,0.03,0.02,0.36,0.59,0.13,22.04,33.9,1.31,1.29,18.54,30.51,7,24-Jun,25-Jun,26-Jun,27-Jun,28-Jun,29-Jun,30-Jun,24-Jun,25-Jun,26-Jun,27-Jun,28-Jun,29-Jun,30-Jun,0,7,0
Nashik,Nashik,W M Nashik,Malegaon,Malegaon,20018579,Malmatha and 25 villages Ta. Malegaon,Astane,4436,3,0.54,0.54,5.32,5.85,4.03,4.05,1.36,27.77,12.14,120.01,131.88,90.79,91.39,30.55,24-Jun,25-Jun,26-Jun,27-Jun,28-Jun,29-Jun,30-Jun,24-Jun,25-Jun,26-Jun,27-Jun,28-Jun,29-Jun,30-Jun,0,3,4
Nashik,Nashik,W M Nashik,Malegaon,Malegaon,20018579,Malmatha and 25 villages Ta. Malegaon,Dahidi,2354,1,0.81,0.81,0.65,0.62,0,0.71,0.81,21.52,34.22,27.58,26.15,0,30.26,34.61,24-Jun,25-Jun,26-Jun,27-Jun,28-Jun,29-Jun,30-Jun,24-Jun,25-Jun,26-Jun,27-Jun,28-Jun,29-Jun,30-Jun,1,7,0
Nashik,Nashik,W M Nashik,Malegaon,Malegaon,20018579,Malmatha and 25 villages Ta. Malegaon,Dasane,1186,1,0.47,0.47,0.45,0.44,0.44,0.41,0.39,388.67,39.38,37.91,36.95,37.49,34.67,32.85,24-Jun,25-Jun,26-Jun,27-Jun,28-Jun,29-Jun,30-Jun,24-Jun,25-Jun,26-Jun,27-Jun,28-Jun,29-Jun,30-Jun,0,6,1
Nashik,Nashik,W M Nashik,Malegaon,Malegaon,20018579,Malmatha and 25 villages Ta. Malegaon,Lonwade,1505,1,0,0,0,0,0,0,0,0,0,0,0,0,0,0,24-Jun,25-Jun,26-Jun,27-Jun,28-Jun,29-Jun,30-Jun,24-Jun,25-Jun,26-Jun,27-Jun,28-Jun,29-Jun,30-Jun,7,7,0
Nashik,Nashik,W M Nashik,Malegaon,Malegaon,20018682,Dhahiwal &25 Villages WSS Tal Malegaon,Bodhe,540,2,0,0,1.57,0,0.42,1.08,0.01,0,0,290.55,0,77.79,200.42,2.19,24-Jun,25-Jun,26-Jun,27-Jun,28-Jun,29-Jun,30-Jun,24-Jun,25-Jun,26-Jun,27-Jun,28-Jun,29-Jun,30-Jun,3,4,3
Nashik,Nashik,W M Nashik,Malegaon,Malegaon,20018682,Dhahiwal &25 Villages WSS Tal Malegaon,Dahiwal,3362,2,0,0,0,0,2.52,12.46,0.01,0,0,0,0,74.95,370.5,0.17,24-Jun,25-Jun,26-Jun,27-Jun,28-Jun,29-Jun,30-Jun,24-Jun,25-Jun,26-Jun,27-Jun,28-Jun,29-Jun,30-Jun,4,5,2
Nashik,Nashik,W M Nashik,Malegaon,Malegaon,20018682,Dhahiwal &25 Villages WSS Tal Malegaon,Devarpada,3639,2,0,0,0,0,1.76,0,11.22,0,0,0,0,48.39,0.03,308.41,24-Jun,25-Jun,26-Jun,27-Jun,28-Jun,29-Jun,30-Jun,24-Jun,25-Jun,26-Jun,27-Jun,28-Jun,29-Jun,30-Jun,4,6,1
Nashik,Nashik,W M Nashik,Malegaon,Malegaon,20018682,Dhahiwal &25 Villages WSS Tal Malegaon,Hiswal,2038,1,1.3,1.3,2.7,0.02,0,0,0,4.67,63.93,132.7,0.85,0,0,0,24-Jun,25-Jun,26-Jun,27-Jun,28-Jun,29-Jun,30-Jun,24-Jun,25-Jun,26-Jun,27-Jun,28-Jun,29-Jun,30-Jun,3,5,2
Nashik,Nashik,W M Nashik,Malegaon,Malegaon,20018682,Dhahiwal &25 Villages WSS Tal Malegaon,Nale,575,1,0,0,0.01,2.61,0.09,0,0,0,0,1.16,453.83,15.88,0,0,24-Jun,25-Jun,26-Jun,27-Jun,28-Jun,29-Jun,30-Jun,24-Jun,25-Jun,26-Jun,27-Jun,28-Jun,29-Jun,30-Jun,4,6,1
Nashik,Nashik,W M Nashik,Malegaon,Malegaon,20018682,Dhahiwal &25 Villages WSS Tal Malegaon,Roze,1159,2,0.01,0.01,0,0,0,1.18,0,8.76,0.94,0,0,0,101.69,0,24-Jun,25-Jun,26-Jun,27-Jun,28-Jun,29-Jun,30-Jun,24-Jun,25-Jun,26-Jun,27-Jun,28-Jun,29-Jun,30-Jun,4,6,1
Nashik,Nashik,W M Nashik,Malegaon,Malegaon,20018682,Dhahiwal &25 Villages WSS Tal Malegaon,Shendurni,1323,2,0,0,4.75,0,0,0,0.32,0,0,359.29,0,0,0,24.01,24-Jun,25-Jun,26-Jun,27-Jun,28-Jun,29-Jun,30-Jun,24-Jun,25-Jun,26-Jun,27-Jun,28-Jun,29-Jun,30-Jun,5,6,1
Nashik,Nashik,W M Nashik,Malegaon,Malegaon,20018682,Dhahiwal &25 Villages WSS Tal Malegaon,Sherul,2637,2,8.39,8.39,3.07,0,0,0,0,65.75,318.21,116.28,0.02,0,0,0,24-Jun,25-Jun,26-Jun,27-Jun,28-Jun,29-Jun,30-Jun,24-Jun,25-Jun,26-Jun,27-Jun,28-Jun,29-Jun,30-Jun,3,4,3
Nashik,Nashik,W M Nashik,Sinnar,Naigaon,20028193,Retrofitting To Wadzire (Naigaon) & 4 Villages RRWSS,Moh- Mahadari,1025,1,1.55,1.55,2.02,0.59,0.22,2.65,0.17,0,151.3,197.36,57.48,21.2,258.93,16.68,24-Jun,25-Jun,26-Jun,27-Jun,28-Jun,29-Jun,30-Jun,24-Jun,25-Jun,26-Jun,27-Jun,28-Jun,29-Jun,30-Jun,1,3,4
Nashik,Nashik,W M Nashik,Sinnar,Naigaon,20028193,Retrofitting To Wadzire (Naigaon) & 4 Villages RRWSS,Wadzire,3369,2,0,0,3.33,0.46,0,1.3,4,0,0,98.8,13.62,0,38.73,118.68,24-Jun,25-Jun,26-Jun,27-Jun,28-Jun,29-Jun,30-Jun,24-Jun,25-Jun,26-Jun,27-Jun,28-Jun,29-Jun,30-Jun,3,5,2
Nashik,Nashik,W M Nashik,W.M.Nashik,Dindori,20039258,Ozar-Sakore & 2 Villages,Janori,7926,1,2.86,2.86,2.76,2.61,2.75,2.73,2.72,34.83,36.09,34.77,32.92,34.75,34.45,34.28,24-Jun,25-Jun,26-Jun,27-Jun,28-Jun,29-Jun,30-Jun,24-Jun,25-Jun,26-Jun,27-Jun,28-Jun,29-Jun,30-Jun,0,7,0
Nashik,Nashik,W M Nashik,W.M.Nashik,Dindori,20039258,Ozar-Sakore & 2 Villages,Mohadi,5078,3,3.56,3.56,0.26,3.61,0.36,3.04,1.01,18.71,70.03,5.17,71.01,7.01,59.85,19.86,24-Jun,25-Jun,26-Jun,27-Jun,28-Jun,29-Jun,30-Jun,24-Jun,25-Jun,26-Jun,27-Jun,28-Jun,29-Jun,30-Jun,0,4,3
Nashik,Nashik,W M Nashik,W.M.Nashik,Dindori,20039676,Mulane & 3Villages RRWSS Tal. Dindori,Babapur,964,1,0,0,0,0,0,0.98,0.04,0.97,0,0,0,0,101.41,3.89,24-Jun,25-Jun,26-Jun,27-Jun,28-Jun,29-Jun,30-Jun,24-Jun,25-Jun,26-Jun,27-Jun,28-Jun,29-Jun,30-Jun,4,6,1
Nashik,Nashik,W M Nashik,W.M.Nashik,Dindori,20039676,Mulane & 3Villages RRWSS Tal. Dindori,Mulane,1003,1,0,0,0,0,0,0,0,0,0,0,0,0,0,0,24-Jun,25-Jun,26-Jun,27-Jun,28-Jun,29-Jun,30-Jun,24-Jun,25-Jun,26-Jun,27-Jun,28-Jun,29-Jun,30-Jun,7,7,0
Nashik,Nashik,W M Nashik,W.M.Nashik,Dindori,20039676,Mulane & 3Villages RRWSS Tal. Dindori,Sangamner,1076,1,0,0,0,0,0,0,0,0,0,0,0,0,0,0,24-Jun,25-Jun,26-Jun,27-Jun,28-Jun,29-Jun,30-Jun,24-Jun,25-Jun,26-Jun,27-Jun,28-Jun,29-Jun,30-Jun,7,7,0
Nashik,Nashik,W M Nashik,W.M.Nashik,Dindori,20039676,Mulane & 3Villages RRWSS Tal. Dindori,Talegaon Vani,2106,4,0.05,0.05,0,0,0,0,0,0.02,2.26,0.18,0.13,0.07,0.16,0.09,24-Jun,25-Jun,26-Jun,27-Jun,28-Jun,29-Jun,30-Jun,24-Jun,25-Jun,26-Jun,27-Jun,28-Jun,29-Jun,30-Jun,0,7,0
Nashik,Nashik,W M Nashik,W.M.Nashik,Nifad,20039258,Ozar-Sakore & 2 Villages,Ozar,86060,4,2.78,2.78,2.89,2.95,2.37,2.57,2.91,3.88,3.23,3.36,3.43,2.75,2.99,3.38,24-Jun,25-Jun,26-Jun,27-Jun,28-Jun,29-Jun,30-Jun,24-Jun,25-Jun,26-Jun,27-Jun,28-Jun,29-Jun,30-Jun,0,7,0
Nashik,Nashik,W M Nashik,W.M.Nashik,Nifad,20039258,Ozar-Sakore & 2 Villages,Sakore,4107,2,0,0,1.42,0,1.04,0,0.22,16.88,0.06,34.6,0.02,25.38,0.09,5.25,24-Jun,25-Jun,26-Jun,27-Jun,28-Jun,29-Jun,30-Jun,24-Jun,25-Jun,26-Jun,27-Jun,28-Jun,29-Jun,30-Jun,0,7,0
Nagpur,Chandrapur,Chandrapur,Chandrapur,Chandrapur,20050368,Chinchala and 7 Villages RR Water Supply Scheme,Chinchala,240,3,0,0,0,0,0,0,0,0,0,0,0,0,0,0,24-Jun,25-Jun,26-Jun,27-Jun,28-Jun,29-Jun,30-Jun,24-Jun,25-Jun,26-Jun,27-Jun,28-Jun,29-Jun,30-Jun,7,7,0
Nagpur,Chandrapur,Chandrapur,Chandrapur,Chandrapur,20050368,Chinchala and 7 Villages RR Water Supply Scheme,Dhanora,1564,4,1.23,1.23,6.6,0,0,0,0,2748.08,78.64,421.99,0,0,0,0,24-Jun,25-Jun,26-Jun,27-Jun,28-Jun,29-Jun,30-Jun,24-Jun,25-Jun,26-Jun,27-Jun,28-Jun,29-Jun,30-Jun,4,4,3
Nagpur,Chandrapur,Chandrapur,Chandrapur,Chandrapur,20050368,Chinchala and 7 Villages RR Water Supply Scheme,Mahakurla,556,1,0,0,0,0,0,0,0,0,0,0,0,0,0,0,24-Jun,25-Jun,26-Jun,27-Jun,28-Jun,29-Jun,30-Jun,24-Jun,25-Jun,26-Jun,27-Jun,28-Jun,29-Jun,30-Jun,7,7,0
Nagpur,Chandrapur,Chandrapur,Chandrapur,Chandrapur,20050368,Chinchala and 7 Villages RR Water Supply Scheme,Nagala,1356,2,0,0,0,0,0,0,0,0,0,0,0,0,0,0,24-Jun,25-Jun,26-Jun,27-Jun,28-Jun,29-Jun,30-Jun,24-Jun,25-Jun,26-Jun,27-Jun,28-Jun,29-Jun,30-Jun,7,7,0
Nagpur,Chandrapur,Chandrapur,Chandrapur,Chandrapur,20050368,Chinchala and 7 Villages RR Water Supply Scheme,Pipari,888,2,0,0,0,0,0,0,0,0,0,0,0,0,0,0,24-Jun,25-Jun,26-Jun,27-Jun,28-Jun,29-Jun,30-Jun,24-Jun,25-Jun,26-Jun,27-Jun,28-Jun,29-Jun,30-Jun,7,7,0
Nagpur,Chandrapur,Chandrapur,Chandrapur,Chandrapur,20050368,Chinchala and 7 Villages RR Water Supply Scheme,Sidur,1000,2,0,0,0,0,0,0,0,0,0,0,0,0,0,0,24-Jun,25-Jun,26-Jun,27-Jun,28-Jun,29-Jun,30-Jun,24-Jun,25-Jun,26-Jun,27-Jun,28-Jun,29-Jun,30-Jun,7,7,0
Nagpur,Chandrapur,Chandrapur,Chandrapur,Chandrapur,20050368,Chinchala and 7 Villages RR Water Supply Scheme,Vendli,936,2,0,0,0,0,0,0,0,0,0,0,0,0,0,0,24-Jun,25-Jun,26-Jun,27-Jun,28-Jun,29-Jun,30-Jun,24-Jun,25-Jun,26-Jun,27-Jun,28-Jun,29-Jun,30-Jun,7,7,0
Nagpur,Chandrapur,Chandrapur,Chandrapur,Chandrapur,20050368,Chinchala and 7 Villages RR Water Supply Scheme,Wandhari,568,2,0,0,0,0,0,0,0,0,0,0,0,0,0,0,24-Jun,25-Jun,26-Jun,27-Jun,28-Jun,29-Jun,30-Jun,24-Jun,25-Jun,26-Jun,27-Jun,28-Jun,29-Jun,30-Jun,7,7,0
Nagpur,Chandrapur,Chandrapur,Gadchiroli,Aheri,7890975,Allapalli-Nagapalli RR,Allapalli,14263,1,24.93,24.93,11.65,12.15,7.94,22.19,10.83,194.5,174.75,81.68,85.2,55.67,155.58,75.9,24-Jun,25-Jun,26-Jun,27-Jun,28-Jun,29-Jun,30-Jun,24-Jun,25-Jun,26-Jun,27-Jun,28-Jun,29-Jun,30-Jun,0,0,7
Nagpur,Chandrapur,Chandrapur,Gadchiroli,Aheri,7890975,Allapalli-Nagapalli RR,Nagepalli,4334,1,0,0,0,0,0,0,0,0,0,0,0,0,0,0,24-Jun,25-Jun,26-Jun,27-Jun,28-Jun,29-Jun,30-Jun,24-Jun,25-Jun,26-Jun,27-Jun,28-Jun,29-Jun,30-Jun,7,7,0
Nagpur,Chandrapur,Chandrapur,Gadchiroli,Korpana,20050391,Nimani & 5 Villages RR Water Supply Scheme,Hirapur,1067,1,0,0,0,0,0.54,0.11,0.11,0,0,0,0,50.35,10.64,9.97,24-Jun,25-Jun,26-Jun,27-Jun,28-Jun,29-Jun,30-Jun,24-Jun,25-Jun,26-Jun,27-Jun,28-Jun,29-Jun,30-Jun,4,7,0
Nagpur,Chandrapur,Chandrapur,Gadchiroli,Korpana,20050391,Nimani & 5 Villages RR Water Supply Scheme,Kawathala,2098,2,0.06,0.06,0.67,0.7,0.78,0.69,0,33.16,2.71,31.76,33.2,37.36,33.06,0,24-Jun,25-Jun,26-Jun,27-Jun,28-Jun,29-Jun,30-Jun,24-Jun,25-Jun,26-Jun,27-Jun,28-Jun,29-Jun,30-Jun,1,7,0
Nagpur,Chandrapur,Chandrapur,Gadchiroli,Korpana,20050391,Nimani & 5 Villages RR Water Supply Scheme,Nandgaon,,2,0.16,0.16,0.69,0.69,0.76,0.25,0.68,0,0,0,0,0,0,0,24-Jun,25-Jun,26-Jun,27-Jun,28-Jun,29-Jun,30-Jun,24-Jun,25-Jun,26-Jun,27-Jun,28-Jun,29-Jun,30-Jun,7,7,0
Nagpur,Chandrapur,Chandrapur,Gadchiroli,Korpana,20050391,Nimani & 5 Villages RR Water Supply Scheme,Nimni,1583,1,0.36,0.36,0.33,0,0.72,0,0.42,32.57,22.48,21.12,0,45.2,0,26.23,24-Jun,25-Jun,26-Jun,27-Jun,28-Jun,29-Jun,30-Jun,24-Jun,25-Jun,26-Jun,27-Jun,28-Jun,29-Jun,30-Jun,2,7,0
Nagpur,Chandrapur,Chandrapur,Gadchiroli,Korpana,20050391,Nimani & 5 Villages RR Water Supply Scheme,Talodhi,1180,2,0.46,0.46,0.11,0.06,0.1,0.01,0.06,7.77,39.25,9.67,5.05,8.69,1.16,4.87,24-Jun,25-Jun,26-Jun,27-Jun,28-Jun,29-Jun,30-Jun,24-Jun,25-Jun,26-Jun,27-Jun,28-Jun,29-Jun,30-Jun,0,7,0
Nagpur,Chandrapur,Chandrapur,Pombhurna,Pombhurna,7928270,Pomnbhurna Grid & 15 Villages RR Retrofitting,Borda Dixit,1008,1,0,0,0,0,0,0,0,0,0,0,0,0,0,0,24-Jun,25-Jun,26-Jun,27-Jun,28-Jun,29-Jun,30-Jun,24-Jun,25-Jun,26-Jun,27-Jun,28-Jun,29-Jun,30-Jun,7,7,0
Nagpur,Chandrapur,Chandrapur,Pombhurna,Pombhurna,7928270,Pomnbhurna Grid & 15 Villages RR Retrofitting,Chak Ghanoti - 1,868,1,0,0,0,0,0,0,0,0,0,0,0,0,0,0,24-Jun,25-Jun,26-Jun,27-Jun,28-Jun,29-Jun,30-Jun,24-Jun,25-Jun,26-Jun,27-Jun,28-Jun,29-Jun,30-Jun,7,7,0
Nagpur,Chandrapur,Chandrapur,Pombhurna,Pombhurna,7928270,Pomnbhurna Grid & 15 Villages RR Retrofitting,Chak Hattibodi,544,2,0.76,0.76,0.22,0,0,0,0,72.39,139.91,40.02,0,0.06,0.04,0.02,24-Jun,25-Jun,26-Jun,27-Jun,28-Jun,29-Jun,30-Jun,24-Jun,25-Jun,26-Jun,27-Jun,28-Jun,29-Jun,30-Jun,1,5,2
Nagpur,Chandrapur,Chandrapur,Pombhurna,Pombhurna,7928270,Pomnbhurna Grid & 15 Villages RR Retrofitting,Chak Kosambi - 1,724,1,0,0,0,0,0,0,0,0,0,0,0,0,0,0,24-Jun,25-Jun,26-Jun,27-Jun,28-Jun,29-Jun,30-Jun,24-Jun,25-Jun,26-Jun,27-Jun,28-Jun,29-Jun,30-Jun,7,7,0
Nagpur,Chandrapur,Chandrapur,Pombhurna,Pombhurna,7928270,Pomnbhurna Grid & 15 Villages RR Retrofitting,Chak Navegaon,440,1,0,0,0,0,0,0,0,0,0,0,0,0,0,0,24-Jun,25-Jun,26-Jun,27-Jun,28-Jun,29-Jun,30-Jun,24-Jun,25-Jun,26-Jun,27-Jun,28-Jun,29-Jun,30-Jun,7,7,0
Nagpur,Chandrapur,Chandrapur,Pombhurna,Pombhurna,7928270,Pomnbhurna Grid & 15 Villages RR Retrofitting,Chek Thane Wasna,1700,1,0.54,0.54,0.23,0.57,0.48,0.4,1.2,12.1,31.96,13.61,33.35,27.95,23.49,70.78,24-Jun,25-Jun,26-Jun,27-Jun,28-Jun,29-Jun,30-Jun,24-Jun,25-Jun,26-Jun,27-Jun,28-Jun,29-Jun,30-Jun,0,6,1
Nagpur,Chandrapur,Chandrapur,Pombhurna,Pombhurna,7928270,Pomnbhurna Grid & 15 Villages RR Retrofitting,Dewada Kh.,4792,2,0.93,0.93,0.12,0.01,0.01,0,0,19.25,19.32,2.44,0.12,0.14,0.05,0.01,24-Jun,25-Jun,26-Jun,27-Jun,28-Jun,29-Jun,30-Jun,24-Jun,25-Jun,26-Jun,27-Jun,28-Jun,29-Jun,30-Jun,0,7,0
Nagpur,Chandrapur,Chandrapur,Pombhurna,Pombhurna,7928270,Pomnbhurna Grid & 15 Villages RR Retrofitting,Futan,2204,1,0,0,0,0,0,0,0,0,0,0,0,0,0,0,24-Jun,25-Jun,26-Jun,27-Jun,28-Jun,29-Jun,30-Jun,24-Jun,25-Jun,26-Jun,27-Jun,28-Jun,29-Jun,30-Jun,7,7,0
Nagpur,Chandrapur,Chandrapur,Pombhurna,Pombhurna,7928270,Pomnbhurna Grid & 15 Villages RR Retrofitting,Jam Kh.,1480,2,0,0,0,0,0,0,0,0,0,0,0,0,0,0,24-Jun,25-Jun,26-Jun,27-Jun,28-Jun,29-Jun,30-Jun,24-Jun,25-Jun,26-Jun,27-Jun,28-Jun,29-Jun,30-Jun,7,7,0
Nagpur,Chandrapur,Chandrapur,Pombhurna,Pombhurna,7928270,Pomnbhurna Grid & 15 Villages RR Retrofitting,Jam Tukum,1172,1,0,0,0,0,0,0,0,0,0,0,0,0,0,0,24-Jun,25-Jun,26-Jun,27-Jun,28-Jun,29-Jun,30-Jun,24-Jun,25-Jun,26-Jun,27-Jun,28-Jun,29-Jun,30-Jun,7,7,0
Nagpur,Chandrapur,Chandrapur,Pombhurna,Pombhurna,7928270,Pomnbhurna Grid & 15 Villages RR Retrofitting,Mohadi,3272,1,0,0,0,0,0,0,1.12,0,0,0,0,0,0,34.23,24-Jun,25-Jun,26-Jun,27-Jun,28-Jun,29-Jun,30-Jun,24-Jun,25-Jun,26-Jun,27-Jun,28-Jun,29-Jun,30-Jun,6,7,0
Nagpur,Chandrapur,Chandrapur,Pombhurna,Pombhurna,7928270,Pomnbhurna Grid & 15 Villages RR Retrofitting,Navegaon More,1680,1,0,0,0,0,0,0,0,0,0,0,0,0,0,0,24-Jun,25-Jun,26-Jun,27-Jun,28-Jun,29-Jun,30-Jun,24-Jun,25-Jun,26-Jun,27-Jun,28-Jun,29-Jun,30-Jun,7,7,0
Nagpur,Chandrapur,Chandrapur,Pombhurna,Pombhurna,7928270,Pomnbhurna Grid & 15 Villages RR Retrofitting,Rampur Dixit,680,1,0,0,0,0,0,0,0,0,0,0,0,0,0,0,24-Jun,25-Jun,26-Jun,27-Jun,28-Jun,29-Jun,30-Jun,24-Jun,25-Jun,26-Jun,27-Jun,28-Jun,29-Jun,30-Jun,7,7,0
Nagpur,Chandrapur,Chandrapur,Pombhurna,Pombhurna,7928270,Pomnbhurna Grid & 15 Villages RR Retrofitting,Selur Nagreddi,568,1,0,0,0,0,3.04,3.68,0,0,0,0,0,535.21,647.89,0,24-Jun,25-Jun,26-Jun,27-Jun,28-Jun,29-Jun,30-Jun,24-Jun,25-Jun,26-Jun,27-Jun,28-Jun,29-Jun,30-Jun,5,5,2
Nagpur,Chandrapur,Chandrapur,Pombhurna,Pombhurna,7928270,Pomnbhurna Grid & 15 Villages RR Retrofitting,Welwa,1548,2,0,0,0,0,0,0.01,0,0,0,0,0,0,0.65,0,24-Jun,25-Jun,26-Jun,27-Jun,28-Jun,29-Jun,30-Jun,24-Jun,25-Jun,26-Jun,27-Jun,28-Jun,29-Jun,30-Jun,6,7,0
Nagpur,Chandrapur,Wardha,Wardha,Hinganghat,20027837,Allipur & 6 Village RRWSS,Alamdoh,856,2,0,0,0,0,0,0,0,0.02,0.02,0,0.01,0.01,0,0,24-Jun,25-Jun,26-Jun,27-Jun,28-Jun,29-Jun,30-Jun,24-Jun,25-Jun,26-Jun,27-Jun,28-Jun,29-Jun,30-Jun,3,7,0
Nagpur,Chandrapur,Wardha,Wardha,Hinganghat,20027837,Allipur & 6 Village RRWSS,Allipur,75080,3,1.07,1.07,3.31,3,2.73,1.52,2.08,4.26,1.43,4.41,4,3.64,2.02,2.77,24-Jun,25-Jun,26-Jun,27-Jun,28-Jun,29-Jun,30-Jun,24-Jun,25-Jun,26-Jun,27-Jun,28-Jun,29-Jun,30-Jun,0,7,0
Nagpur,Chandrapur,Wardha,Wardha,Hinganghat,20027837,Allipur & 6 Village RRWSS,Kanchangaon,1544,2,4.77,4.77,0,3.73,3.17,4.77,10.11,165.8,308.94,0.01,241.58,205.31,308.95,654.79,24-Jun,25-Jun,26-Jun,27-Jun,28-Jun,29-Jun,30-Jun,24-Jun,25-Jun,26-Jun,27-Jun,28-Jun,29-Jun,30-Jun,0,1,6
Nagpur,Chandrapur,Wardha,Wardha,Hinganghat,20027837,Allipur & 6 Village RRWSS,Mansaoli,1044,2,0.88,0.88,0.82,0,0.46,1.88,1.03,81.42,84.29,78.54,0,44.06,180.08,98.66,24-Jun,25-Jun,26-Jun,27-Jun,28-Jun,29-Jun,30-Jun,24-Jun,25-Jun,26-Jun,27-Jun,28-Jun,29-Jun,30-Jun,1,2,5
Nagpur,Chandrapur,Wardha,Wardha,Hinganghat,20027837,Allipur & 6 Village RRWSS,Pavni,168,2,14.8,14.8,24.63,38.73,10.53,15.96,11.38,9796.13,8808.13,14662.11,23056.36,6268.14,9498.88,6775.2,24-Jun,25-Jun,26-Jun,27-Jun,28-Jun,29-Jun,30-Jun,24-Jun,25-Jun,26-Jun,27-Jun,28-Jun,29-Jun,30-Jun,0,0,7
Nagpur,Chandrapur,Wardha,Wardha,Hinganghat,20027837,Allipur & 6 Village RRWSS,Sirasgaon,1892,1,0.97,0.97,0.39,0,0,0.85,0,0,51.27,20.61,0,0,44.93,0,24-Jun,25-Jun,26-Jun,27-Jun,28-Jun,29-Jun,30-Jun,24-Jun,25-Jun,26-Jun,27-Jun,28-Jun,29-Jun,30-Jun,4,7,0
Nagpur,Chandrapur,Wardha,Wardha,Hinganghat,20027837,Allipur & 6 Village RRWSS,Sonegaon,1360,1,0.34,0.34,0,0,0.33,0.06,0.51,0,24.71,0,0,24.05,4.6,37.76,24-Jun,25-Jun,26-Jun,27-Jun,28-Jun,29-Jun,30-Jun,24-Jun,25-Jun,26-Jun,27-Jun,28-Jun,29-Jun,30-Jun,3,7,0
Nagpur,Chandrapur,Wardha,Wardha,Wardha,20010215,Sewagram & 5 Villages RRWSS,Sewagram (Zone 2),6792,1,#VALUE!,#VALUE!,#VALUE!,0,0.78,0.1,0.98,,,,0,11.48,1.47,14.43,24-Jun,25-Jun,26-Jun,27-Jun,28-Jun,29-Jun,30-Jun,24-Jun,25-Jun,26-Jun,27-Jun,28-Jun,29-Jun,30-Jun,1,4,0
Nagpur,Chandrapur,Wardha,Wardha,Wardha,20010215,Sewagram & 5 Villages RRWSS,Sewagram (Zone 3),6792,1,#VALUE!,#VALUE!,#VALUE!,0,0,0,0,,,,0,0,0,0,24-Jun,25-Jun,26-Jun,27-Jun,28-Jun,29-Jun,30-Jun,24-Jun,25-Jun,26-Jun,27-Jun,28-Jun,29-Jun,30-Jun,4,4,0
Nagpur,Nagpur,Chandrapur,Chandrapur,Chimur,20036536,Bothali & 7 Village RR WSS,Bothali,2250,1,0,0,0,0,0,0,0,0,0,0,0,0,0,0,24-Jun,25-Jun,26-Jun,27-Jun,28-Jun,29-Jun,30-Jun,24-Jun,25-Jun,26-Jun,27-Jun,28-Jun,29-Jun,30-Jun,7,7,0
Nagpur,Nagpur,Chandrapur,Chandrapur,Chimur,20036536,Bothali & 7 Village RR WSS,Chak Piranji,1771,1,0,0,0,0,0,0,0,0,0,0,0,0,0,0,24-Jun,25-Jun,26-Jun,27-Jun,28-Jun,29-Jun,30-Jun,24-Jun,25-Jun,26-Jun,27-Jun,28-Jun,29-Jun,30-Jun,7,7,0
Nagpur,Nagpur,Chandrapur,Chandrapur,Chimur,20036536,Bothali & 7 Village RR WSS,Chichbodi,1436,1,0.97,0.97,0,0,0,0,0,58.45,67.85,0,0,0,0,0,24-Jun,25-Jun,26-Jun,27-Jun,28-Jun,29-Jun,30-Jun,24-Jun,25-Jun,26-Jun,27-Jun,28-Jun,29-Jun,30-Jun,5,5,2
Nagpur,Nagpur,Chandrapur,Chandrapur,Chimur,20036536,Bothali & 7 Village RR WSS,Hirapur,1793,1,0.05,0.05,0,0.05,0.49,0,0,0,2.64,0,2.62,27.47,0,0,24-Jun,25-Jun,26-Jun,27-Jun,28-Jun,29-Jun,30-Jun,24-Jun,25-Jun,26-Jun,27-Jun,28-Jun,29-Jun,30-Jun,4,7,0
Nagpur,Nagpur,Chandrapur,Chandrapur,Chimur,20036536,Bothali & 7 Village RR WSS,Kesarwari,429,1,0,0,0.36,0.1,0.01,0,0,0,0,83.36,23.1,2.36,0,0,24-Jun,25-Jun,26-Jun,27-Jun,28-Jun,29-Jun,30-Jun,24-Jun,25-Jun,26-Jun,27-Jun,28-Jun,29-Jun,30-Jun,4,6,1
Nagpur,Nagpur,Chandrapur,Chandrapur,Chimur,20036536,Bothali & 7 Village RR WSS,Malpiranji,469,1,#VALUE!,#VALUE!,#VALUE!,#VALUE!,#VALUE!,#VALUE!,#VALUE!,,,,,,,,24-Jun,25-Jun,26-Jun,27-Jun,28-Jun,29-Jun,30-Jun,24-Jun,25-Jun,26-Jun,27-Jun,28-Jun,29-Jun,30-Jun,0,0,0
Nagpur,Nagpur,Chandrapur,Chandrapur,Chimur,20036536,Bothali & 7 Village RR WSS,Rajoli Chak,377,1,2.28,2.28,1.18,2.3,1.15,0,0.94,524.74,605.54,313.83,611.09,304.5,0,250.27,24-Jun,25-Jun,26-Jun,27-Jun,28-Jun,29-Jun,30-Jun,24-Jun,25-Jun,26-Jun,27-Jun,28-Jun,29-Jun,30-Jun,1,1,6
Nagpur,Nagpur,Chandrapur,Chandrapur,Chimur,20036536,Bothali & 7 Village RR WSS,Rajoli Fall,824,1,0,0,0,0,0.04,0,0,0,0,0,0,4.49,0,0,24-Jun,25-Jun,26-Jun,27-Jun,28-Jun,29-Jun,30-Jun,24-Jun,25-Jun,26-Jun,27-Jun,28-Jun,29-Jun,30-Jun,6,7,0
Nagpur,Nagpur,Chandrapur,Chandrapur,Mul,20036862,Bor Chandli 5 Village RR WSS,Chak Bembal,345,1,0,0,0,0,0,0,0,0,0,0,0,0,0,0,24-Jun,25-Jun,26-Jun,27-Jun,28-Jun,29-Jun,30-Jun,24-Jun,25-Jun,26-Jun,27-Jun,28-Jun,29-Jun,30-Jun,7,7,0
Nagpur,Nagpur,Chandrapur,Chandrapur,Mul,20036862,Bor Chandli 5 Village RR WSS,Pipari (Dixit),1207,1,2.44,2.44,2.92,1.67,1.51,1.36,0.09,52.77,201.91,242.29,138,125.48,112.59,7.22,24-Jun,25-Jun,26-Jun,27-Jun,28-Jun,29-Jun,30-Jun,24-Jun,25-Jun,26-Jun,27-Jun,28-Jun,29-Jun,30-Jun,0,2,5
Nagpur,Nagpur,Chandrapur,Chandrapur,Mul,20036862,Bor Chandli 5 Village RR WSS,Sintala,1092,1,0,0,0,0,0,0,0,0,0,0,0,0,0,0,24-Jun,25-Jun,26-Jun,27-Jun,28-Jun,29-Jun,30-Jun,24-Jun,25-Jun,26-Jun,27-Jun,28-Jun,29-Jun,30-Jun,7,7,0
Nagpur,Nagpur,Chandrapur,Chandrapur,Mul,20036862,Bor Chandli 5 Village RR WSS,Virai,1720,1,0,0,0.09,0.07,0.32,0,0,1.1,0.03,5.17,4.04,18.35,0,0,24-Jun,25-Jun,26-Jun,27-Jun,28-Jun,29-Jun,30-Jun,24-Jun,25-Jun,26-Jun,27-Jun,28-Jun,29-Jun,30-Jun,2,7,0
Nagpur,Nagpur,Chandrapur,Chandrapur,Mul,20036862,Bor Chandli 5 Village RR WSS,Yergaon,2061,1,0.79,0.79,0.86,0.81,1.12,1.46,0.58,0,38.48,41.55,39.3,54.25,70.92,28.18,24-Jun,25-Jun,26-Jun,27-Jun,28-Jun,29-Jun,30-Jun,24-Jun,25-Jun,26-Jun,27-Jun,28-Jun,29-Jun,30-Jun,1,6,1
Nagpur,Nagpur,Chandrapur,Gadchiroli,Chamorshi,2009882,Ghot RRWSS,Ghot,4218,2,0.18,0.18,0.06,0.2,0.26,0.04,0,6.33,4.33,1.51,4.77,6.22,0.87,0,24-Jun,25-Jun,26-Jun,27-Jun,28-Jun,29-Jun,30-Jun,24-Jun,25-Jun,26-Jun,27-Jun,28-Jun,29-Jun,30-Jun,1,7,0
Nagpur,Nagpur,Chandrapur,Gadchiroli,Chamorshi,2009882,Ghot RRWSS,Navegaon,645,1,0,0,0,0,0,0,0,0,0,0,0,0,0,0,24-Jun,25-Jun,26-Jun,27-Jun,28-Jun,29-Jun,30-Jun,24-Jun,25-Jun,26-Jun,27-Jun,28-Jun,29-Jun,30-Jun,7,7,0
Nagpur,Nagpur,Chandrapur,Gadchiroli,Chamorshi,2009882,Ghot RRWSS,Nikatwada,1455,1,0.16,0.16,0.06,0.16,0.01,0.07,0,12.49,10.95,4.21,11.18,0.95,4.95,0,24-Jun,25-Jun,26-Jun,27-Jun,28-Jun,29-Jun,30-Jun,24-Jun,25-Jun,26-Jun,27-Jun,28-Jun,29-Jun,30-Jun,1,7,0
Nagpur,Nagpur,Chandrapur,Mul,Mul,7890965,Mul Grid & 24 Villages  RR WSS Retrofitting,Agadi,425,1,0.24,0.24,0.16,0.22,0.35,0.31,0.51,80.22,56.56,37.29,51.46,83.46,73.08,120.02,24-Jun,25-Jun,26-Jun,27-Jun,28-Jun,29-Jun,30-Jun,24-Jun,25-Jun,26-Jun,27-Jun,28-Jun,29-Jun,30-Jun,0,2,5
Nagpur,Nagpur,Chandrapur,Mul,Mul,7890965,Mul Grid & 24 Villages  RR WSS Retrofitting,Akapur,537,1,0.3,0.3,0.27,0.3,0.3,0.07,0.53,57.98,56.2,50.42,55.67,55.15,12.38,99.19,24-Jun,25-Jun,26-Jun,27-Jun,28-Jun,29-Jun,30-Jun,24-Jun,25-Jun,26-Jun,27-Jun,28-Jun,29-Jun,30-Jun,0,2,5
Nagpur,Nagpur,Chandrapur,Mul,Mul,7890965,Mul Grid & 24 Villages  RR WSS Retrofitting,Bhawarala,1032,1,0,0,0,0,0,0,0,0,0,0,0,0,0,0,24-Jun,25-Jun,26-Jun,27-Jun,28-Jun,29-Jun,30-Jun,24-Jun,25-Jun,26-Jun,27-Jun,28-Jun,29-Jun,30-Jun,7,7,0
Nagpur,Nagpur,Chandrapur,Mul,Mul,7890965,Mul Grid & 24 Villages  RR WSS Retrofitting,Chak Chikhli No.1,253,1,0,0,0,0,0,0,0,0,0,0,0,0,0,0,24-Jun,25-Jun,26-Jun,27-Jun,28-Jun,29-Jun,30-Jun,24-Jun,25-Jun,26-Jun,27-Jun,28-Jun,29-Jun,30-Jun,7,7,0
Nagpur,Nagpur,Chandrapur,Mul,Mul,7890965,Mul Grid & 24 Villages  RR WSS Retrofitting,Chak Katwan,247,1,0,0,0,0,0,0,0,0,0,0,0,0,0,0,24-Jun,25-Jun,26-Jun,27-Jun,28-Jun,29-Jun,30-Jun,24-Jun,25-Jun,26-Jun,27-Jun,28-Jun,29-Jun,30-Jun,7,7,0
Nagpur,Nagpur,Chandrapur,Mul,Mul,7890965,Mul Grid & 24 Villages  RR WSS Retrofitting,Chichala (Mo),3322,1,0,0,0,0,0,0,0,0,0,0,0,0,0,0,24-Jun,25-Jun,26-Jun,27-Jun,28-Jun,29-Jun,30-Jun,24-Jun,25-Jun,26-Jun,27-Jun,28-Jun,29-Jun,30-Jun,7,7,0
Nagpur,Nagpur,Chandrapur,Mul,Mul,7890965,Mul Grid & 24 Villages  RR WSS Retrofitting,Chicholi,2400,1,0,0,0,0,0,0,0,0,0,0,0,0,0,0,24-Jun,25-Jun,26-Jun,27-Jun,28-Jun,29-Jun,30-Jun,24-Jun,25-Jun,26-Jun,27-Jun,28-Jun,29-Jun,30-Jun,7,7,0
Nagpur,Nagpur,Chandrapur,Mul,Mul,7890965,Mul Grid & 24 Villages  RR WSS Retrofitting,Chimadha,1589,1,0,0,0,0,0,0,0,0,0,0,0,0,0,0,24-Jun,25-Jun,26-Jun,27-Jun,28-Jun,29-Jun,30-Jun,24-Jun,25-Jun,26-Jun,27-Jun,28-Jun,29-Jun,30-Jun,7,7,0
Nagpur,Nagpur,Chandrapur,Mul,Mul,7890965,Mul Grid & 24 Villages  RR WSS Retrofitting,Churul Tukum,402,1,0,0,0,0,0,0,0,0,0,0,0,0,0,0,24-Jun,25-Jun,26-Jun,27-Jun,28-Jun,29-Jun,30-Jun,24-Jun,25-Jun,26-Jun,27-Jun,28-Jun,29-Jun,30-Jun,7,7,0
Nagpur,Nagpur,Chandrapur,Mul,Mul,7890965,Mul Grid & 24 Villages  RR WSS Retrofitting,Fiskuti,2415,2,0,0,0,0,0,0,0,0,0,0,0,0,0,0,24-Jun,25-Jun,26-Jun,27-Jun,28-Jun,29-Jun,30-Jun,24-Jun,25-Jun,26-Jun,27-Jun,28-Jun,29-Jun,30-Jun,7,7,0
Nagpur,Nagpur,Chandrapur,Mul,Mul,7890965,Mul Grid & 24 Villages  RR WSS Retrofitting,Gangalwadi,862,1,0,0,0,0,0,0,0,0,0,0,0,0,0,0,24-Jun,25-Jun,26-Jun,27-Jun,28-Jun,29-Jun,30-Jun,24-Jun,25-Jun,26-Jun,27-Jun,28-Jun,29-Jun,30-Jun,7,7,0
Nagpur,Nagpur,Chandrapur,Mul,Mul,7890965,Mul Grid & 24 Villages  RR WSS Retrofitting,Haldi Gaonganna,1238,1,0.25,0.25,0.53,0.62,0.68,1.06,0.14,63.81,20.11,42.91,50.07,55.13,85.54,10.94,24-Jun,25-Jun,26-Jun,27-Jun,28-Jun,29-Jun,30-Jun,24-Jun,25-Jun,26-Jun,27-Jun,28-Jun,29-Jun,30-Jun,0,4,3
Nagpur,Nagpur,Chandrapur,Mul,Mul,7890965,Mul Grid & 24 Villages  RR WSS Retrofitting,Janala Ryt.,890,4,0.16,0.16,0.16,0.08,0.23,0.33,0.24,16.26,18.14,18,8.5,25.55,37.22,26.43,24-Jun,25-Jun,26-Jun,27-Jun,28-Jun,29-Jun,30-Jun,24-Jun,25-Jun,26-Jun,27-Jun,28-Jun,29-Jun,30-Jun,0,7,0
Nagpur,Nagpur,Chandrapur,Mul,Mul,7890965,Mul Grid & 24 Villages  RR WSS Retrofitting,Kantapeth Ryt.,938,1,0,0,0,0,0,0,0,0,0,0,0,0,0,0,24-Jun,25-Jun,26-Jun,27-Jun,28-Jun,29-Jun,30-Jun,24-Jun,25-Jun,26-Jun,27-Jun,28-Jun,29-Jun,30-Jun,7,7,0
Nagpur,Nagpur,Chandrapur,Mul,Mul,7890965,Mul Grid & 24 Villages  RR WSS Retrofitting,Karwan,470,1,0,0,0,0,0,0,0,0,0,0,0,0,0,0,24-Jun,25-Jun,26-Jun,27-Jun,28-Jun,29-Jun,30-Jun,24-Jun,25-Jun,26-Jun,27-Jun,28-Jun,29-Jun,30-Jun,7,7,0
Nagpur,Nagpur,Chandrapur,Mul,Mul,7890965,Mul Grid & 24 Villages  RR WSS Retrofitting,Kosambi,873,1,0.39,0.39,0.58,0.11,0.35,0.04,0.01,36.17,44.98,66.64,12.48,40.29,4.14,0.7,24-Jun,25-Jun,26-Jun,27-Jun,28-Jun,29-Jun,30-Jun,24-Jun,25-Jun,26-Jun,27-Jun,28-Jun,29-Jun,30-Jun,0,6,1
Nagpur,Nagpur,Chandrapur,Mul,Mul,7890965,Mul Grid & 24 Villages  RR WSS Retrofitting,Manda Tukum,228,1,0,0,0.05,0.09,0,0.08,0,0,0,21.84,38.33,2.15,34.78,0,24-Jun,25-Jun,26-Jun,27-Jun,28-Jun,29-Jun,30-Jun,24-Jun,25-Jun,26-Jun,27-Jun,28-Jun,29-Jun,30-Jun,3,7,0
Nagpur,Nagpur,Chandrapur,Mul,Mul,7890965,Mul Grid & 24 Villages  RR WSS Retrofitting,Marhegaon,824,1,1.11,1.11,0.92,1.11,1.47,1.51,0.92,116.97,134.37,111.55,134.82,177.96,182.82,111.25,24-Jun,25-Jun,26-Jun,27-Jun,28-Jun,29-Jun,30-Jun,24-Jun,25-Jun,26-Jun,27-Jun,28-Jun,29-Jun,30-Jun,0,0,7
Nagpur,Nagpur,Chandrapur,Mul,Mul,7890965,Mul Grid & 24 Villages  RR WSS Retrofitting,Maroda,4360,1,0,0,0,0,0,0,0,0,0,0,0,0,0,0,24-Jun,25-Jun,26-Jun,27-Jun,28-Jun,29-Jun,30-Jun,24-Jun,25-Jun,26-Jun,27-Jun,28-Jun,29-Jun,30-Jun,7,7,0
Nagpur,Nagpur,Chandrapur,Mul,Mul,7890965,Mul Grid & 24 Villages  RR WSS Retrofitting,Morwahi Mal,593,1,3.45,3.45,3.2,2.92,2.24,3.54,3.17,527.82,581.79,539.63,492.41,377.74,596.96,534.57,24-Jun,25-Jun,26-Jun,27-Jun,28-Jun,29-Jun,30-Jun,24-Jun,25-Jun,26-Jun,27-Jun,28-Jun,29-Jun,30-Jun,0,0,7
Nagpur,Nagpur,Chandrapur,Mul,Mul,7890965,Mul Grid & 24 Villages  RR WSS Retrofitting,Rajgad,1638,1,0,0,0,0,0,0,0,0,0,0,0,0,0,0,24-Jun,25-Jun,26-Jun,27-Jun,28-Jun,29-Jun,30-Jun,24-Jun,25-Jun,26-Jun,27-Jun,28-Jun,29-Jun,30-Jun,7,7,0
Nagpur,Nagpur,Chandrapur,Mul,Mul,7890965,Mul Grid & 24 Villages  RR WSS Retrofitting,Tadala Tukum,1575,1,0,0,0,0,0,0,0,0,0,0,0,0,0,0,24-Jun,25-Jun,26-Jun,27-Jun,28-Jun,29-Jun,30-Jun,24-Jun,25-Jun,26-Jun,27-Jun,28-Jun,29-Jun,30-Jun,7,7,0
Nagpur,Nagpur,Chandrapur,Mul,Mul,7890965,Mul Grid & 24 Villages  RR WSS Retrofitting,Tekadi,2164,1,0.76,0.76,0.08,0.05,0.08,0.15,0,1.49,35.34,3.52,2.12,3.72,6.93,0,24-Jun,25-Jun,26-Jun,27-Jun,28-Jun,29-Jun,30-Jun,24-Jun,25-Jun,26-Jun,27-Jun,28-Jun,29-Jun,30-Jun,1,7,0
Nagpur,Nagpur,Chandrapur,Mul,Mul,7890965,Mul Grid & 24 Villages  RR WSS Retrofitting,Tolewahi,542,1,0,0,0,0,0,0,0,0,0,0,0,0,0,0,24-Jun,25-Jun,26-Jun,27-Jun,28-Jun,29-Jun,30-Jun,24-Jun,25-Jun,26-Jun,27-Jun,28-Jun,29-Jun,30-Jun,7,7,0
Nagpur,Nagpur,Chandrapur,Wardha,Wardha,7891298,Pipri Meghe and 13 villages RR WSS,Alodi,9328,3,0,0,0,0,0,0,0,0,0,0,0,0,0,0,24-Jun,25-Jun,26-Jun,27-Jun,28-Jun,29-Jun,30-Jun,24-Jun,25-Jun,26-Jun,27-Jun,28-Jun,29-Jun,30-Jun,7,7,0
Nagpur,Nagpur,Chandrapur,Wardha,Wardha,7891298,Pipri Meghe and 13 villages RR WSS,Borgaon,688,3,1.28,1.28,0.46,6.06,1.63,5.59,0.33,0.68,186.05,66.55,880.61,236.89,812.7,47.24,24-Jun,25-Jun,26-Jun,27-Jun,28-Jun,29-Jun,30-Jun,24-Jun,25-Jun,26-Jun,27-Jun,28-Jun,29-Jun,30-Jun,0,2,5
Nagpur,Nagpur,Chandrapur,Wardha,Wardha,7891298,Pipri Meghe and 13 villages RR WSS,Karla,2332,1,0,0,0.01,0,7.82,6.96,0.09,176.82,0.16,0.33,0.02,335.39,298.54,3.88,24-Jun,25-Jun,26-Jun,27-Jun,28-Jun,29-Jun,30-Jun,24-Jun,25-Jun,26-Jun,27-Jun,28-Jun,29-Jun,30-Jun,0,4,3
Nagpur,Nagpur,Chandrapur,Wardha,Wardha,7891298,Pipri Meghe and 13 villages RR WSS,Masala,548,2,10.31,10.31,1.87,7.01,25.17,8.94,5.23,2735.77,1881.24,341.14,1279.2,4593.07,1631.39,953.75,24-Jun,25-Jun,26-Jun,27-Jun,28-Jun,29-Jun,30-Jun,24-Jun,25-Jun,26-Jun,27-Jun,28-Jun,29-Jun,30-Jun,0,0,7
Nagpur,Nagpur,Chandrapur,Wardha,Wardha,7891298,Pipri Meghe and 13 villages RR WSS,Nalwadi,13540,4,7.41,7.41,1.99,8.06,0,6.16,14.86,0.04,54.76,14.68,59.51,0,45.48,109.73,24-Jun,25-Jun,26-Jun,27-Jun,28-Jun,29-Jun,30-Jun,24-Jun,25-Jun,26-Jun,27-Jun,28-Jun,29-Jun,30-Jun,1,5,2
Nagpur,Nagpur,Chandrapur,Wardha,Wardha,7891298,Pipri Meghe and 13 villages RR WSS,Pipri,2696,3,0,0,0,0.98,0,0,0.9,35.25,0,0,36.33,0,0,33.56,24-Jun,25-Jun,26-Jun,27-Jun,28-Jun,29-Jun,30-Jun,24-Jun,25-Jun,26-Jun,27-Jun,28-Jun,29-Jun,30-Jun,4,7,0
Nagpur,Nagpur,Chandrapur,Wardha,Wardha,7891298,Pipri Meghe and 13 villages RR WSS,Sawangi Meghe,16556,7,346.32,346.32,312.72,19.74,589.47,410.33,188.15,2903.78,2091.82,1888.87,119.23,3560.46,2478.45,1136.42,24-Jun,25-Jun,26-Jun,27-Jun,28-Jun,29-Jun,30-Jun,24-Jun,25-Jun,26-Jun,27-Jun,28-Jun,29-Jun,30-Jun,0,0,7
Nagpur,Nagpur,Chandrapur,Wardha,Wardha,7891298,Pipri Meghe and 13 villages RR WSS,Sindhi Meghe,29844,6,0,0,0,0,0,0,0,0,0,0,0,0,0,0,24-Jun,25-Jun,26-Jun,27-Jun,28-Jun,29-Jun,30-Jun,24-Jun,25-Jun,26-Jun,27-Jun,28-Jun,29-Jun,30-Jun,7,7,0
Nagpur,Nagpur,Chandrapur,Wardha,Wardha,7891298,Pipri Meghe and 13 villages RR WSS,Sotada,1608,1,2.57,2.57,1.64,0,0,2.17,1.37,0,159.83,101.99,0,0,134.95,85.2,24-Jun,25-Jun,26-Jun,27-Jun,28-Jun,29-Jun,30-Jun,24-Jun,25-Jun,26-Jun,27-Jun,28-Jun,29-Jun,30-Jun,3,3,4
Nagpur,Nagpur,Chandrapur,Wardha,Wardha,7891298,Pipri Meghe and 13 villages RR WSS,Varud,616,1,0,0,0,3.36,2.77,0.1,0,2.78,0,0,546.18,449.47,15.94,0,24-Jun,25-Jun,26-Jun,27-Jun,28-Jun,29-Jun,30-Jun,24-Jun,25-Jun,26-Jun,27-Jun,28-Jun,29-Jun,30-Jun,3,5,2
Nagpur,Nagpur,Chandrapur,Wardha,Wardha,7891298,Pipri Meghe and 13 villages RR WSS,Waigaon,8896,4,0,0,0,0,0,0,0,11.53,0,0,0,0,0,0,24-Jun,25-Jun,26-Jun,27-Jun,28-Jun,29-Jun,30-Jun,24-Jun,25-Jun,26-Jun,27-Jun,28-Jun,29-Jun,30-Jun,6,7,0
Nagpur,Nagpur,Gondia,Bhandara,Sakoli,631335,Ghanod RR Retrofitting,Bampewada,10254,1,0,0,0,0,0.02,0.01,0.03,0,0,0,0,0.22,0.09,0.27,24-Jun,25-Jun,26-Jun,27-Jun,28-Jun,29-Jun,30-Jun,24-Jun,25-Jun,26-Jun,27-Jun,28-Jun,29-Jun,30-Jun,4,7,0
Nagpur,Nagpur,Gondia,Bhandara,Sakoli,631335,Ghanod RR Retrofitting,Ghanod,2280,2,0,0,0,0,0,0,0,0,0,0,0,0,0,0,24-Jun,25-Jun,26-Jun,27-Jun,28-Jun,29-Jun,30-Jun,24-Jun,25-Jun,26-Jun,27-Jun,28-Jun,29-Jun,30-Jun,7,7,0
Nagpur,Nagpur,Gondia,Bhandara,Tumsar,20017217,Dewadi RR WSS,Dhorwada,1144,1,0.09,0.09,0.37,0.43,0.18,0.29,0.12,30.93,7.56,32.15,37.91,15.98,25.07,10.5,24-Jun,25-Jun,26-Jun,27-Jun,28-Jun,29-Jun,30-Jun,24-Jun,25-Jun,26-Jun,27-Jun,28-Jun,29-Jun,30-Jun,0,7,0
Nagpur,Nagpur,Gondia,Bhandara,Tumsar,20017217,Dewadi RR WSS,Hasara,2638,1,0,0,0,0,0,0,0,0,0,0,0,0,0,0,24-Jun,25-Jun,26-Jun,27-Jun,28-Jun,29-Jun,30-Jun,24-Jun,25-Jun,26-Jun,27-Jun,28-Jun,29-Jun,30-Jun,7,7,0
Nagpur,Nagpur,Gondia,Bhandara,Tumsar,20017217,Dewadi RR WSS,Khapa,3087,1,0.17,0.17,0.47,0,0.36,0,0.44,0,5.67,15.08,0,11.56,0,14.24,24-Jun,25-Jun,26-Jun,27-Jun,28-Jun,29-Jun,30-Jun,24-Jun,25-Jun,26-Jun,27-Jun,28-Jun,29-Jun,30-Jun,3,7,0
Nagpur,Nagpur,Gondia,Bhandara,Tumsar,20017217,Dewadi RR WSS,Mangli,1558,1,0,0,0.02,0.76,0.19,0,0,0,0.04,1.01,48.61,12.49,0.03,0.16,24-Jun,25-Jun,26-Jun,27-Jun,28-Jun,29-Jun,30-Jun,24-Jun,25-Jun,26-Jun,27-Jun,28-Jun,29-Jun,30-Jun,1,7,0
Nagpur,Nagpur,Gondia,Bhandara,Tumsar,20017217,Dewadi RR WSS,Paraswada,1400,2,0.59,0.59,0.44,0,0.16,0.83,0,0.06,41.86,31.22,0,11.22,59.59,0,24-Jun,25-Jun,26-Jun,27-Jun,28-Jun,29-Jun,30-Jun,24-Jun,25-Jun,26-Jun,27-Jun,28-Jun,29-Jun,30-Jun,2,6,1
Nagpur,Nagpur,Gondia,Bhandara,Tumsar,20017217,Dewadi RR WSS,Stationtoli,1320,1,0,0,0.53,0.04,0.32,0,0,34.15,0.32,40.4,3.19,24.12,0.26,0.31,24-Jun,25-Jun,26-Jun,27-Jun,28-Jun,29-Jun,30-Jun,24-Jun,25-Jun,26-Jun,27-Jun,28-Jun,29-Jun,30-Jun,0,7,0
Nagpur,Nagpur,Gondia,Bhandara,Tumsar,631010,Gobarwahi RR Retrofitting,Alesur,928,2,16.43,16.43,17.14,20.03,14.14,21.98,19.17,2095.91,1770.47,1846.98,2158.93,1523.71,2368.07,2065.73,24-Jun,25-Jun,26-Jun,27-Jun,28-Jun,29-Jun,30-Jun,24-Jun,25-Jun,26-Jun,27-Jun,28-Jun,29-Jun,30-Jun,0,0,7
Nagpur,Nagpur,Gondia,Bhandara,Tumsar,631010,Gobarwahi RR Retrofitting,Chicholi,2212,1,0.86,0.86,0,0,0,0,0,53.35,38.88,0,0,0,0,0,24-Jun,25-Jun,26-Jun,27-Jun,28-Jun,29-Jun,30-Jun,24-Jun,25-Jun,26-Jun,27-Jun,28-Jun,29-Jun,30-Jun,5,7,0
Nagpur,Nagpur,Gondia,Bhandara,Tumsar,631010,Gobarwahi RR Retrofitting,Chikhali,1541,1,0,0,0,0,0,0,0,0,0,0,0,0,0,0,24-Jun,25-Jun,26-Jun,27-Jun,28-Jun,29-Jun,30-Jun,24-Jun,25-Jun,26-Jun,27-Jun,28-Jun,29-Jun,30-Jun,7,7,0
Nagpur,Nagpur,Gondia,Bhandara,Tumsar,631010,Gobarwahi RR Retrofitting,Deonara,648,1,0,0,0,0,0,0,0,0,0,0,0,0,0,0,24-Jun,25-Jun,26-Jun,27-Jun,28-Jun,29-Jun,30-Jun,24-Jun,25-Jun,26-Jun,27-Jun,28-Jun,29-Jun,30-Jun,7,7,0
Nagpur,Nagpur,Gondia,Bhandara,Tumsar,631010,Gobarwahi RR Retrofitting,Dongri Bk.,5014,1,60.3,60.3,55.58,61.91,62.1,63.86,65.69,1134.77,1202.7,1108.52,1234.66,1238.56,1273.55,1310.03,24-Jun,25-Jun,26-Jun,27-Jun,28-Jun,29-Jun,30-Jun,24-Jun,25-Jun,26-Jun,27-Jun,28-Jun,29-Jun,30-Jun,0,0,7
Nagpur,Nagpur,Gondia,Bhandara,Tumsar,631010,Gobarwahi RR Retrofitting,Paunarkhari,2526,1,0.33,0.33,0,0.32,0.86,0,0.11,0,13.06,0,12.67,34.05,0,4.35,24-Jun,25-Jun,26-Jun,27-Jun,28-Jun,29-Jun,30-Jun,24-Jun,25-Jun,26-Jun,27-Jun,28-Jun,29-Jun,30-Jun,3,7,0
Nagpur,Nagpur,Gondia,Bhandara,Tumsar,631010,Gobarwahi RR Retrofitting,Pawnara,1187,1,4.94,4.94,4.72,5.73,5.22,5.41,5.43,343.49,416.18,397.64,482.91,439.76,455.77,457.46,24-Jun,25-Jun,26-Jun,27-Jun,28-Jun,29-Jun,30-Jun,24-Jun,25-Jun,26-Jun,27-Jun,28-Jun,29-Jun,30-Jun,0,0,7
Nagpur,Nagpur,Gondia,Bhandara,Tumsar,631010,Gobarwahi RR Retrofitting,Pitesur,1994,1,0,0,0,0,0,0,0,0,0,0,0,0,0,0,24-Jun,25-Jun,26-Jun,27-Jun,28-Jun,29-Jun,30-Jun,24-Jun,25-Jun,26-Jun,27-Jun,28-Jun,29-Jun,30-Jun,7,7,0
Nagpur,Nagpur,Gondia,Bhandara,Tumsar,631010,Gobarwahi RR Retrofitting,Ronga,1821,2,0,0,0,0.58,0.51,0.96,0,7.14,0,0,31.85,28.01,52.72,0,24-Jun,25-Jun,26-Jun,27-Jun,28-Jun,29-Jun,30-Jun,24-Jun,25-Jun,26-Jun,27-Jun,28-Jun,29-Jun,30-Jun,3,7,0
Nagpur,Nagpur,Gondia,Gondia,Gondia,2003645,Kudwa-Katangikala Peri Urban RR,Katangikala,6640,2,2.63,2.63,4.03,3.86,3.07,1.59,3.57,48.68,39.56,60.64,58.1,46.25,24.01,53.83,24-Jun,25-Jun,26-Jun,27-Jun,28-Jun,29-Jun,30-Jun,24-Jun,25-Jun,26-Jun,27-Jun,28-Jun,29-Jun,30-Jun,0,5,2
Nagpur,Nagpur,Gondia,Gondia,Gondia,2003645,Kudwa-Katangikala Peri Urban RR,Kudwa,20000,3,0,0,0,0,0,0,0,0,0,0,0,0,0,0,24-Jun,25-Jun,26-Jun,27-Jun,28-Jun,29-Jun,30-Jun,24-Jun,25-Jun,26-Jun,27-Jun,28-Jun,29-Jun,30-Jun,7,7,0
Nagpur,Nagpur,Gondia,Gondia,Goregaon,20019216,GOREGAON RR Retrofitting,Bhadanga,4016,1,1.29,1.29,1.68,1.63,0.04,1.42,0,46.86,32.15,41.72,40.52,1.02,35.31,0,24-Jun,25-Jun,26-Jun,27-Jun,28-Jun,29-Jun,30-Jun,24-Jun,25-Jun,26-Jun,27-Jun,28-Jun,29-Jun,30-Jun,1,7,0
Nagpur,Nagpur,Gondia,Gondia,Goregaon,20019216,GOREGAON RR Retrofitting,Ghoti,3931,1,1.33,1.33,0,0.74,0,1.07,0,16.79,33.92,0,18.83,0,27.28,0,24-Jun,25-Jun,26-Jun,27-Jun,28-Jun,29-Jun,30-Jun,24-Jun,25-Jun,26-Jun,27-Jun,28-Jun,29-Jun,30-Jun,3,7,0
Nagpur,Nagpur,Gondia,Gondia,Goregaon,20019216,GOREGAON RR Retrofitting,Goregaon,8766,3,3.43,3.43,3.13,2.94,1.52,3.19,1.7,43.02,39.18,35.69,33.59,17.32,36.43,19.44,24-Jun,25-Jun,26-Jun,27-Jun,28-Jun,29-Jun,30-Jun,24-Jun,25-Jun,26-Jun,27-Jun,28-Jun,29-Jun,30-Jun,0,7,0
Nagpur,Nagpur,Gondia,Gondia,Goregaon,20019216,GOREGAON RR Retrofitting,Katangi,2643,1,0.15,0.15,0,0,0,0,0,23.95,5.56,0,0,0,0.11,0.04,24-Jun,25-Jun,26-Jun,27-Jun,28-Jun,29-Jun,30-Jun,24-Jun,25-Jun,26-Jun,27-Jun,28-Jun,29-Jun,30-Jun,3,7,0
Nagpur,Nagpur,Gondia,Gondia,Goregaon,20019216,GOREGAON RR Retrofitting,Mengatola,1000,1,0,0,0,0,0,0,0,0,0,0,0,0,0,0,24-Jun,25-Jun,26-Jun,27-Jun,28-Jun,29-Jun,30-Jun,24-Jun,25-Jun,26-Jun,27-Jun,28-Jun,29-Jun,30-Jun,7,7,0
Nagpur,Nagpur,Gondia,Sadak Arjuni,Sadak Arjuni,20016939,Putali RR WSS Retrofitting,Chirchadi,905,1,0,0,0,0,0,0,0,0,0,0,0,0,0,0,24-Jun,25-Jun,26-Jun,27-Jun,28-Jun,29-Jun,30-Jun,24-Jun,25-Jun,26-Jun,27-Jun,28-Jun,29-Jun,30-Jun,7,7,0
Nagpur,Nagpur,Gondia,Sadak Arjuni,Sadak Arjuni,20016939,Putali RR WSS Retrofitting,Dalli,1606,1,0,0,0,0,0,0,0,0,0,0,0,0,0,0,24-Jun,25-Jun,26-Jun,27-Jun,28-Jun,29-Jun,30-Jun,24-Jun,25-Jun,26-Jun,27-Jun,28-Jun,29-Jun,30-Jun,7,7,0
Nagpur,Nagpur,Gondia,Sadak Arjuni,Sadak Arjuni,20016939,Putali RR WSS Retrofitting,Kanharpayli,1487,1,0,0,0,0,0,0,0,0,0,0,0,0,0,0,24-Jun,25-Jun,26-Jun,27-Jun,28-Jun,29-Jun,30-Jun,24-Jun,25-Jun,26-Jun,27-Jun,28-Jun,29-Jun,30-Jun,7,7,0
Nagpur,Nagpur,Gondia,Sadak Arjuni,Sadak Arjuni,20016939,Putali RR WSS Retrofitting,Kohalipar,126,1,0,0,0,0,0,0,0,0,0,0,0,0,0,0,24-Jun,25-Jun,26-Jun,27-Jun,28-Jun,29-Jun,30-Jun,24-Jun,25-Jun,26-Jun,27-Jun,28-Jun,29-Jun,30-Jun,7,7,0
Nagpur,Nagpur,Gondia,Sadak Arjuni,Sadak Arjuni,20016939,Putali RR WSS Retrofitting,Koylari,1575,1,0,0,0,0,0,0,0,0,0,0,0,0,0,0,24-Jun,25-Jun,26-Jun,27-Jun,28-Jun,29-Jun,30-Jun,24-Jun,25-Jun,26-Jun,27-Jun,28-Jun,29-Jun,30-Jun,7,7,0
Nagpur,Nagpur,Gondia,Sadak Arjuni,Sadak Arjuni,20016939,Putali RR WSS Retrofitting,Mohgata,189,1,0,0,0,0,0,0,0,0,0,0,0,0,0,0,24-Jun,25-Jun,26-Jun,27-Jun,28-Jun,29-Jun,30-Jun,24-Jun,25-Jun,26-Jun,27-Jun,28-Jun,29-Jun,30-Jun,7,7,0
Nagpur,Nagpur,Gondia,Sadak Arjuni,Sadak Arjuni,20016939,Putali RR WSS Retrofitting,Rengepar,1581,1,0,0,0,0,0,0,0,0,0,0,0,0,0,0,24-Jun,25-Jun,26-Jun,27-Jun,28-Jun,29-Jun,30-Jun,24-Jun,25-Jun,26-Jun,27-Jun,28-Jun,29-Jun,30-Jun,7,7,0
Nagpur,Nagpur,Gondia,Sadak Arjuni,Sadak Arjuni,20016939,Putali RR WSS Retrofitting,Ushikheda,710,1,0,0,0,0,0,0,0,0,0,0,0,0,0,0,24-Jun,25-Jun,26-Jun,27-Jun,28-Jun,29-Jun,30-Jun,24-Jun,25-Jun,26-Jun,27-Jun,28-Jun,29-Jun,30-Jun,7,7,0
Nagpur,Nagpur,Gondia,Sakoli,Sakoli-Lakhani,20022100,Sakoli Lakhani RR Retrofitting,Gadegaon,3072,2,2.43,2.43,2.85,2.46,2.38,2.93,2.5,78.78,79.1,92.77,80.08,77.47,95.38,81.38,24-Jun,25-Jun,26-Jun,27-Jun,28-Jun,29-Jun,30-Jun,24-Jun,25-Jun,26-Jun,27-Jun,28-Jun,29-Jun,30-Jun,0,0,7
Nagpur,Nagpur,Gondia,Sakoli,Sakoli-Lakhani,20022100,Sakoli Lakhani RR Retrofitting,Khandala,1847,1,0,0,0,0,0,0,0,0,0,0,0,0,0,0,24-Jun,25-Jun,26-Jun,27-Jun,28-Jun,29-Jun,30-Jun,24-Jun,25-Jun,26-Jun,27-Jun,28-Jun,29-Jun,30-Jun,7,7,0
Nagpur,Nagpur,Gondia,Sakoli,Sakoli-Lakhani,20022100,Sakoli Lakhani RR Retrofitting,Lakhori,2751,1,0,0,0,0,0,0,0,0,0,0,0,0,0,0,24-Jun,25-Jun,26-Jun,27-Jun,28-Jun,29-Jun,30-Jun,24-Jun,25-Jun,26-Jun,27-Jun,28-Jun,29-Jun,30-Jun,7,7,0
Nagpur,Nagpur,Gondia,Sakoli,Sakoli-Lakhani,20022100,Sakoli Lakhani RR Retrofitting,Manegaon,,1,0,0,0,0,0,0,0,0,0,0,0,0,0,0,24-Jun,25-Jun,26-Jun,27-Jun,28-Jun,29-Jun,30-Jun,24-Jun,25-Jun,26-Jun,27-Jun,28-Jun,29-Jun,30-Jun,7,7,0
Nagpur,Nagpur,Gondia,Sakoli,Sakoli-Lakhani,20022100,Sakoli Lakhani RR Retrofitting,Pimpalgaon,,1,0,0,0,0,0,0,0,0,0,0,0,0,0,0,24-Jun,25-Jun,26-Jun,27-Jun,28-Jun,29-Jun,30-Jun,24-Jun,25-Jun,26-Jun,27-Jun,28-Jun,29-Jun,30-Jun,7,7,0
Nagpur,Nagpur,Gondia,Sakoli,Sakoli-Lakhani,20022100,Sakoli Lakhani RR Retrofitting,Pindkepar,1388,1,0,0,0,0,0,0,0,0,0,0,0,0,0,0,24-Jun,25-Jun,26-Jun,27-Jun,28-Jun,29-Jun,30-Jun,24-Jun,25-Jun,26-Jun,27-Jun,28-Jun,29-Jun,30-Jun,7,7,0
Nagpur,Nagpur,Gondia,Sakoli,Sakoli-Lakhani,20022100,Sakoli Lakhani RR Retrofitting,Pohara,5000,1,0,0,0,0,0,0,0,0,0,0,0,0,0,0,24-Jun,25-Jun,26-Jun,27-Jun,28-Jun,29-Jun,30-Jun,24-Jun,25-Jun,26-Jun,27-Jun,28-Jun,29-Jun,30-Jun,7,7,0
Nagpur,Nagpur,Gondia,Sakoli,Sakoli-Lakhani,20022100,Sakoli Lakhani RR Retrofitting,Rengepar,1581,1,1.12,1.12,0.99,1.18,0.96,1,0.94,70.84,70.84,62.62,74.64,60.72,63.25,59.46,24-Jun,25-Jun,26-Jun,27-Jun,28-Jun,29-Jun,30-Jun,24-Jun,25-Jun,26-Jun,27-Jun,28-Jun,29-Jun,30-Jun,0,0,7
Nagpur,Nagpur,Gondia,Sakoli,Sakoli-Lakhani,20022100,Sakoli Lakhani RR Retrofitting,Sawarbandh,1669,1,0.17,0.17,0.32,0.08,0,0,0,0,10.19,19.17,4.79,0,0,0,24-Jun,25-Jun,26-Jun,27-Jun,28-Jun,29-Jun,30-Jun,24-Jun,25-Jun,26-Jun,27-Jun,28-Jun,29-Jun,30-Jun,4,7,0
Nagpur,Nagpur,Gondia,Sakoli,Sakoli-Lakhani,20022100,Sakoli Lakhani RR Retrofitting,Sawari,4078,2,2.55,2.55,2.58,2.58,2.59,2.56,2.69,62.78,62.53,63.27,63.27,63.51,62.78,65.96,24-Jun,25-Jun,26-Jun,27-Jun,28-Jun,29-Jun,30-Jun,24-Jun,25-Jun,26-Jun,27-Jun,28-Jun,29-Jun,30-Jun,0,0,7
Nagpur,Nagpur,Gondia,Sakoli,Sakoli-Lakhani,20022100,Sakoli Lakhani RR Retrofitting,Somalwada,2142,2,0,0,0,0,0,0,0,0,0,0,0,0,0,0,24-Jun,25-Jun,26-Jun,27-Jun,28-Jun,29-Jun,30-Jun,24-Jun,25-Jun,26-Jun,27-Jun,28-Jun,29-Jun,30-Jun,7,7,0
Nagpur,Nagpur,Nagpur,Chandrapur,Saoali,20036500,Vyahad & 2 Village RR WSS,Kondekhal,556,2,0.01,0.01,0.1,0.02,0.03,0,0,46.84,1.64,17.59,2.75,5.61,0,0,24-Jun,25-Jun,26-Jun,27-Jun,28-Jun,29-Jun,30-Jun,24-Jun,25-Jun,26-Jun,27-Jun,28-Jun,29-Jun,30-Jun,2,7,0
Nagpur,Nagpur,Nagpur,Chandrapur,Saoali,20036500,Vyahad & 2 Village RR WSS,Samada Kh,524,2,0.36,0.36,1.14,0.59,1.38,0.84,0.34,132.58,68.45,217.27,111.99,262.59,159.75,65.04,24-Jun,25-Jun,26-Jun,27-Jun,28-Jun,29-Jun,30-Jun,24-Jun,25-Jun,26-Jun,27-Jun,28-Jun,29-Jun,30-Jun,0,0,7
Nagpur,Nagpur,Nagpur,Chandrapur,Saoali,20036500,Vyahad & 2 Village RR WSS,Vyahad(BK),4572,1,0,0,0,0,0,0,0,0,0,0,0,0,0,0,24-Jun,25-Jun,26-Jun,27-Jun,28-Jun,29-Jun,30-Jun,24-Jun,25-Jun,26-Jun,27-Jun,28-Jun,29-Jun,30-Jun,7,7,0
Nagpur,Nagpur,Nagpur,Nagpur,Hingna,20009650,Waddhmna WSS,Nagalwadi,2564,1,0,0,0,2.07,16.45,23.59,0.87,1433.26,0,0,80.73,641.58,919.89,33.93,24-Jun,25-Jun,26-Jun,27-Jun,28-Jun,29-Jun,30-Jun,24-Jun,25-Jun,26-Jun,27-Jun,28-Jun,29-Jun,30-Jun,2,3,4
Nagpur,Nagpur,Nagpur,Nagpur,Hingna,20009650,Waddhmna WSS,Waddhmna,5904,7,4.16,4.16,4.55,4.43,4.3,4.23,5.38,59.79,70.46,77.07,75.03,72.83,71.65,91.12,24-Jun,25-Jun,26-Jun,27-Jun,28-Jun,29-Jun,30-Jun,24-Jun,25-Jun,26-Jun,27-Jun,28-Jun,29-Jun,30-Jun,0,0,7
Nagpur,Nagpur,Nagpur,Nagpur,Kamptee,7940695,Bidgaon Tarodi wss,Bidgaon,16860,2,9.46,9.46,3.19,11.55,16.64,16.34,15.69,99.49,56.11,18.92,68.51,98.7,96.93,93.08,24-Jun,25-Jun,26-Jun,27-Jun,28-Jun,29-Jun,30-Jun,24-Jun,25-Jun,26-Jun,27-Jun,28-Jun,29-Jun,30-Jun,0,1,6
Nagpur,Nagpur,Nagpur,Nagpur,Kamptee,7940695,Bidgaon Tarodi wss,Tarodi Kh.,7830,2,0.08,0.08,0.13,0.12,0.11,0.28,0.08,1.98,0.99,1.62,1.54,1.35,3.56,1.06,24-Jun,25-Jun,26-Jun,27-Jun,28-Jun,29-Jun,30-Jun,24-Jun,25-Jun,26-Jun,27-Jun,28-Jun,29-Jun,30-Jun,0,7,0
Chhatrapati Sambhajinagar,Chhatrapati Sambhajinagar,Chhatrapati Sambhajinagar,Gangapur,Gangapur,20051233,373 Village Gangapur-Vaijapur Grid WSS,Babhulgaon Padalsa,1001,1,0.26,0.26,0.35,0,0.56,0,0,0,25.97,34.97,0,55.94,0,0,24-Jun,25-Jun,26-Jun,27-Jun,28-Jun,29-Jun,30-Jun,24-Jun,25-Jun,26-Jun,27-Jun,28-Jun,29-Jun,30-Jun,4,6,1
Chhatrapati Sambhajinagar,Chhatrapati Sambhajinagar,Chhatrapati Sambhajinagar,Gangapur,Gangapur,20051233,373 Village Gangapur-Vaijapur Grid WSS,Domegaon-Borgaon,1535,1,0,0,0,0,0,0,0,0,0,0,0,0,0,0,24-Jun,25-Jun,26-Jun,27-Jun,28-Jun,29-Jun,30-Jun,24-Jun,25-Jun,26-Jun,27-Jun,28-Jun,29-Jun,30-Jun,7,7,0
Chhatrapati Sambhajinagar,Chhatrapati Sambhajinagar,Chhatrapati Sambhajinagar,Gangapur,Gangapur,20051233,373 Village Gangapur-Vaijapur Grid WSS,Jogeshwari,13730,1,6.08,6.08,0.01,4.35,5.68,3.15,3.01,32.76,44.3,0.04,31.7,41.4,22.98,21.92,24-Jun,25-Jun,26-Jun,27-Jun,28-Jun,29-Jun,30-Jun,24-Jun,25-Jun,26-Jun,27-Jun,28-Jun,29-Jun,30-Jun,0,7,0
Chhatrapati Sambhajinagar,Chhatrapati Sambhajinagar,Chhatrapati Sambhajinagar,Gangapur,Gangapur,20051233,373 Village Gangapur-Vaijapur Grid WSS,Raipur,2196,1,0,0,0,0,0,0,0,0,0,0,0,0,0,0,24-Jun,25-Jun,26-Jun,27-Jun,28-Jun,29-Jun,30-Jun,24-Jun,25-Jun,26-Jun,27-Jun,28-Jun,29-Jun,30-Jun,7,7,0
Chhatrapati Sambhajinagar,Chhatrapati Sambhajinagar,Chhatrapati Sambhajinagar,Gangapur,Gangapur,20051233,373 Village Gangapur-Vaijapur Grid WSS,Ranjangaon (s),62282,1,0,0,0,0,0,0.15,0,1.4,0,0,0,0,0.24,0,24-Jun,25-Jun,26-Jun,27-Jun,28-Jun,29-Jun,30-Jun,24-Jun,25-Jun,26-Jun,27-Jun,28-Jun,29-Jun,30-Jun,5,7,0
Chhatrapati Sambhajinagar,Chhatrapati Sambhajinagar,Chhatrapati Sambhajinagar,Gangapur,Gangapur,20051233,373 Village Gangapur-Vaijapur Grid WSS,Sawangi,5491,1,0,0,0,0,0,0,0,0,0,0,0,0,0,0,24-Jun,25-Jun,26-Jun,27-Jun,28-Jun,29-Jun,30-Jun,24-Jun,25-Jun,26-Jun,27-Jun,28-Jun,29-Jun,30-Jun,7,7,0
Chhatrapati Sambhajinagar,Chhatrapati Sambhajinagar,Chhatrapati Sambhajinagar,Gangapur,Gangapur,20051233,373 Village Gangapur-Vaijapur Grid WSS,Shivrai,2706,1,0.27,0.27,0.3,0.21,0.38,0.27,0,10.35,9.98,11.09,7.76,14.04,9.98,0,24-Jun,25-Jun,26-Jun,27-Jun,28-Jun,29-Jun,30-Jun,24-Jun,25-Jun,26-Jun,27-Jun,28-Jun,29-Jun,30-Jun,1,7,0
Chhatrapati Sambhajinagar,Chhatrapati Sambhajinagar,Chhatrapati Sambhajinagar,Gangapur,Gangapur,20051233,373 Village Gangapur-Vaijapur Grid WSS,Warkhed,3343,1,0.69,0.69,0.52,0.11,0.62,0.69,0.59,19.14,20.64,15.55,3.29,18.55,20.64,17.65,24-Jun,25-Jun,26-Jun,27-Jun,28-Jun,29-Jun,30-Jun,24-Jun,25-Jun,26-Jun,27-Jun,28-Jun,29-Jun,30-Jun,0,7,0
Chhatrapati Sambhajinagar,Chhatrapati Sambhajinagar,Chhatrapati Sambhajinagar,Paithan,Paithan,20018162,Paithan Taluka 178 Village Grid WS,Akthawada,1508,1,1.36,1.36,1.74,0.91,0.56,1.65,0.64,34.48,90.19,115.38,60.34,37.14,109.42,42.44,24-Jun,25-Jun,26-Jun,27-Jun,28-Jun,29-Jun,30-Jun,24-Jun,25-Jun,26-Jun,27-Jun,28-Jun,29-Jun,30-Jun,0,3,4
Chhatrapati Sambhajinagar,Chhatrapati Sambhajinagar,Chhatrapati Sambhajinagar,Paithan,Paithan,20018162,Paithan Taluka 178 Village Grid WS,Antarwadi Khandi,2331,1,0,0,0,0,0,0,0,0,0,0,0,0,0,0,24-Jun,25-Jun,26-Jun,27-Jun,28-Jun,29-Jun,30-Jun,24-Jun,25-Jun,26-Jun,27-Jun,28-Jun,29-Jun,30-Jun,7,7,0
Chhatrapati Sambhajinagar,Chhatrapati Sambhajinagar,Chhatrapati Sambhajinagar,Paithan,Paithan,20018162,Paithan Taluka 178 Village Grid WS,Balanagar,5504,1,2.82,2.82,2.72,2.48,1.08,2.26,1.92,46.51,51.24,49.42,45.06,19.62,41.06,34.88,24-Jun,25-Jun,26-Jun,27-Jun,28-Jun,29-Jun,30-Jun,24-Jun,25-Jun,26-Jun,27-Jun,28-Jun,29-Jun,30-Jun,0,7,0
Chhatrapati Sambhajinagar,Chhatrapati Sambhajinagar,Chhatrapati Sambhajinagar,Paithan,Paithan,20018162,Paithan Taluka 178 Village Grid WS,Changatpuri,3387,1,0,0,0,0,0,0,0,0,0,0,0,0,0,0,24-Jun,25-Jun,26-Jun,27-Jun,28-Jun,29-Jun,30-Jun,24-Jun,25-Jun,26-Jun,27-Jun,28-Jun,29-Jun,30-Jun,7,7,0
Chhatrapati Sambhajinagar,Chhatrapati Sambhajinagar,Chhatrapati Sambhajinagar,Paithan,Paithan,20018162,Paithan Taluka 178 Village Grid WS,Dadegaon Bk.,1144,2,0,0,0,0,0,0.06,0.05,0,0,0,0,0,5.24,4.37,24-Jun,25-Jun,26-Jun,27-Jun,28-Jun,29-Jun,30-Jun,24-Jun,25-Jun,26-Jun,27-Jun,28-Jun,29-Jun,30-Jun,5,7,0
Chhatrapati Sambhajinagar,Chhatrapati Sambhajinagar,Chhatrapati Sambhajinagar,Paithan,Paithan,20018162,Paithan Taluka 178 Village Grid WS,Dadegaon Jahagir,1400,1,0.47,0.47,0,4.57,1.06,0,0,78.57,33.57,0,326.43,75.71,0,0,24-Jun,25-Jun,26-Jun,27-Jun,28-Jun,29-Jun,30-Jun,24-Jun,25-Jun,26-Jun,27-Jun,28-Jun,29-Jun,30-Jun,3,4,3
Chhatrapati Sambhajinagar,Chhatrapati Sambhajinagar,Chhatrapati Sambhajinagar,Paithan,Paithan,20018162,Paithan Taluka 178 Village Grid WS,Daregaon,992,1,0,0,0,0,0,0,0,0,0,0,0,0,0,0,24-Jun,25-Jun,26-Jun,27-Jun,28-Jun,29-Jun,30-Jun,24-Jun,25-Jun,26-Jun,27-Jun,28-Jun,29-Jun,30-Jun,7,7,0
Chhatrapati Sambhajinagar,Chhatrapati Sambhajinagar,Chhatrapati Sambhajinagar,Paithan,Paithan,20018162,Paithan Taluka 178 Village Grid WS,Dhorkin,3816,1,0,0,0,0,0.05,0,0.01,3.14,0,0,0,1.31,0,0.26,24-Jun,25-Jun,26-Jun,27-Jun,28-Jun,29-Jun,30-Jun,24-Jun,25-Jun,26-Jun,27-Jun,28-Jun,29-Jun,30-Jun,4,7,0
Chhatrapati Sambhajinagar,Chhatrapati Sambhajinagar,Chhatrapati Sambhajinagar,Paithan,Paithan,20018162,Paithan Taluka 178 Village Grid WS,Dinnapur,900,1,0.5,0.5,0.64,0.5,0.85,0.7,0.79,62.22,55.56,71.11,55.56,94.44,77.78,87.78,24-Jun,25-Jun,26-Jun,27-Jun,28-Jun,29-Jun,30-Jun,24-Jun,25-Jun,26-Jun,27-Jun,28-Jun,29-Jun,30-Jun,0,0,7
Chhatrapati Sambhajinagar,Chhatrapati Sambhajinagar,Chhatrapati Sambhajinagar,Paithan,Paithan,20018162,Paithan Taluka 178 Village Grid WS,Dongaon,0,1,0,0,0,0,0,0,0,0,0,0,0,0,0,0,24-Jun,25-Jun,26-Jun,27-Jun,28-Jun,29-Jun,30-Jun,24-Jun,25-Jun,26-Jun,27-Jun,28-Jun,29-Jun,30-Jun,7,7,0
Chhatrapati Sambhajinagar,Chhatrapati Sambhajinagar,Chhatrapati Sambhajinagar,Paithan,Paithan,20018162,Paithan Taluka 178 Village Grid WS,Geora Bashi,0,1,0,0,0,0,0,0,0,0,0,0,0,0,0,0,24-Jun,25-Jun,26-Jun,27-Jun,28-Jun,29-Jun,30-Jun,24-Jun,25-Jun,26-Jun,27-Jun,28-Jun,29-Jun,30-Jun,7,7,0
Chhatrapati Sambhajinagar,Chhatrapati Sambhajinagar,Chhatrapati Sambhajinagar,Paithan,Paithan,20018162,Paithan Taluka 178 Village Grid WS,Geora BK.,0,1,0,0,0,0,0,0,0,0,0,0,0,0,0,0,24-Jun,25-Jun,26-Jun,27-Jun,28-Jun,29-Jun,30-Jun,24-Jun,25-Jun,26-Jun,27-Jun,28-Jun,29-Jun,30-Jun,7,7,0
Chhatrapati Sambhajinagar,Chhatrapati Sambhajinagar,Chhatrapati Sambhajinagar,Paithan,Paithan,20018162,Paithan Taluka 178 Village Grid WS,Geora Kh.,0,1,0,0,0,0,0,0,0,0,0,0,0,0,0,0,24-Jun,25-Jun,26-Jun,27-Jun,28-Jun,29-Jun,30-Jun,24-Jun,25-Jun,26-Jun,27-Jun,28-Jun,29-Jun,30-Jun,7,7,0
Chhatrapati Sambhajinagar,Chhatrapati Sambhajinagar,Chhatrapati Sambhajinagar,Paithan,Paithan,20018162,Paithan Taluka 178 Village Grid WS,Gidhada,564,1,0,0,0,0.1,0.27,0.35,0,0,0,0,17.73,47.87,62.06,0,24-Jun,25-Jun,26-Jun,27-Jun,28-Jun,29-Jun,30-Jun,24-Jun,25-Jun,26-Jun,27-Jun,28-Jun,29-Jun,30-Jun,4,6,1
Chhatrapati Sambhajinagar,Chhatrapati Sambhajinagar,Chhatrapati Sambhajinagar,Paithan,Paithan,20018162,Paithan Taluka 178 Village Grid WS,Harshi Bk.,0,1,0,0,0,0,0,0,0,0,0,0,0,0,0,0,24-Jun,25-Jun,26-Jun,27-Jun,28-Jun,29-Jun,30-Jun,24-Jun,25-Jun,26-Jun,27-Jun,28-Jun,29-Jun,30-Jun,7,7,0
Chhatrapati Sambhajinagar,Chhatrapati Sambhajinagar,Chhatrapati Sambhajinagar,Paithan,Paithan,20018162,Paithan Taluka 178 Village Grid WS,Hiradpuri,1372,1,0,0,0,0,0,0,0,0,0,0,0,0,0,0,24-Jun,25-Jun,26-Jun,27-Jun,28-Jun,29-Jun,30-Jun,24-Jun,25-Jun,26-Jun,27-Jun,28-Jun,29-Jun,30-Jun,7,7,0
Chhatrapati Sambhajinagar,Chhatrapati Sambhajinagar,Chhatrapati Sambhajinagar,Paithan,Paithan,20018162,Paithan Taluka 178 Village Grid WS,Honobachi wadi,783,1,0,0,0,0,0,0,0,0,0,0,0,0,0,0,24-Jun,25-Jun,26-Jun,27-Jun,28-Jun,29-Jun,30-Jun,24-Jun,25-Jun,26-Jun,27-Jun,28-Jun,29-Jun,30-Jun,7,7,0
Chhatrapati Sambhajinagar,Chhatrapati Sambhajinagar,Chhatrapati Sambhajinagar,Paithan,Paithan,20018162,Paithan Taluka 178 Village Grid WS,kapuswadi,0,1,0,0,0,0,0,0,0,0,0,0,0,0,0,0,24-Jun,25-Jun,26-Jun,27-Jun,28-Jun,29-Jun,30-Jun,24-Jun,25-Jun,26-Jun,27-Jun,28-Jun,29-Jun,30-Jun,7,7,0
Chhatrapati Sambhajinagar,Chhatrapati Sambhajinagar,Chhatrapati Sambhajinagar,Paithan,Paithan,20018162,Paithan Taluka 178 Village Grid WS,Karkin,2680,1,0.97,0.97,0.83,0.8,0.76,0.75,0.78,29.48,36.19,30.97,29.85,28.36,27.99,29.1,24-Jun,25-Jun,26-Jun,27-Jun,28-Jun,29-Jun,30-Jun,24-Jun,25-Jun,26-Jun,27-Jun,28-Jun,29-Jun,30-Jun,0,7,0
Chhatrapati Sambhajinagar,Chhatrapati Sambhajinagar,Chhatrapati Sambhajinagar,Paithan,Paithan,20018162,Paithan Taluka 178 Village Grid WS,Khadgaon,1936,1,0,0,0,0,0,0,0,0,0,0,0,0,0,0,24-Jun,25-Jun,26-Jun,27-Jun,28-Jun,29-Jun,30-Jun,24-Jun,25-Jun,26-Jun,27-Jun,28-Jun,29-Jun,30-Jun,7,7,0
Chhatrapati Sambhajinagar,Chhatrapati Sambhajinagar,Chhatrapati Sambhajinagar,Paithan,Paithan,20018162,Paithan Taluka 178 Village Grid WS,Khandewadi,0,1,0.12,0.12,8.37,3.93,0.06,0.69,0.34,0,0,0,0,0,0,0,24-Jun,25-Jun,26-Jun,27-Jun,28-Jun,29-Jun,30-Jun,24-Jun,25-Jun,26-Jun,27-Jun,28-Jun,29-Jun,30-Jun,7,7,0
Chhatrapati Sambhajinagar,Chhatrapati Sambhajinagar,Chhatrapati Sambhajinagar,Paithan,Paithan,20018162,Paithan Taluka 178 Village Grid WS,Koli Bodkha,3700,1,0,0,0,0,0,0,0,0,0,0,0,0,0,0,24-Jun,25-Jun,26-Jun,27-Jun,28-Jun,29-Jun,30-Jun,24-Jun,25-Jun,26-Jun,27-Jun,28-Jun,29-Jun,30-Jun,7,7,0
Chhatrapati Sambhajinagar,Chhatrapati Sambhajinagar,Chhatrapati Sambhajinagar,Paithan,Paithan,20018162,Paithan Taluka 178 Village Grid WS,Kuranpimpri,720,1,0.6,0.6,0,1.12,0.54,0.77,0.68,113.89,83.33,0,155.56,75,106.94,94.44,24-Jun,25-Jun,26-Jun,27-Jun,28-Jun,29-Jun,30-Jun,24-Jun,25-Jun,26-Jun,27-Jun,28-Jun,29-Jun,30-Jun,1,1,6
Chhatrapati Sambhajinagar,Chhatrapati Sambhajinagar,Chhatrapati Sambhajinagar,Paithan,Paithan,20018162,Paithan Taluka 178 Village Grid WS,Kutub Kheda,792,1,0,0,0,0,0,0,0,0,0,0,0,0,0,0,24-Jun,25-Jun,26-Jun,27-Jun,28-Jun,29-Jun,30-Jun,24-Jun,25-Jun,26-Jun,27-Jun,28-Jun,29-Jun,30-Jun,7,7,0
Chhatrapati Sambhajinagar,Chhatrapati Sambhajinagar,Chhatrapati Sambhajinagar,Paithan,Paithan,20018162,Paithan Taluka 178 Village Grid WS,Lakhegaon,988,1,0.49,0.49,0.25,0,0.51,0.47,0.19,28.34,49.6,25.3,0,51.62,47.57,19.23,24-Jun,25-Jun,26-Jun,27-Jun,28-Jun,29-Jun,30-Jun,24-Jun,25-Jun,26-Jun,27-Jun,28-Jun,29-Jun,30-Jun,1,7,0
Chhatrapati Sambhajinagar,Chhatrapati Sambhajinagar,Chhatrapati Sambhajinagar,Paithan,Paithan,20018162,Paithan Taluka 178 Village Grid WS,Mavasgavhan,588,1,0.54,0.54,3.83,1.87,1.51,2.81,0.28,51.02,91.84,651.36,318.03,256.8,477.89,47.62,24-Jun,25-Jun,26-Jun,27-Jun,28-Jun,29-Jun,30-Jun,24-Jun,25-Jun,26-Jun,27-Jun,28-Jun,29-Jun,30-Jun,0,2,5
Chhatrapati Sambhajinagar,Chhatrapati Sambhajinagar,Chhatrapati Sambhajinagar,Paithan,Paithan,20018162,Paithan Taluka 178 Village Grid WS,Mharola,2169,1,0.01,0.01,0.04,0,0,0,0,15.21,0.46,1.84,0,0,0,0,24-Jun,25-Jun,26-Jun,27-Jun,28-Jun,29-Jun,30-Jun,24-Jun,25-Jun,26-Jun,27-Jun,28-Jun,29-Jun,30-Jun,4,7,0
Chhatrapati Sambhajinagar,Chhatrapati Sambhajinagar,Chhatrapati Sambhajinagar,Paithan,Paithan,20018162,Paithan Taluka 178 Village Grid WS,Nandar,3360,1,79.76,79.76,76.04,72.22,81.96,66.97,59.67,2226.36,2373.75,2262.98,2149.37,2439.14,1993.08,1775.95,24-Jun,25-Jun,26-Jun,27-Jun,28-Jun,29-Jun,30-Jun,24-Jun,25-Jun,26-Jun,27-Jun,28-Jun,29-Jun,30-Jun,0,0,7
Chhatrapati Sambhajinagar,Chhatrapati Sambhajinagar,Chhatrapati Sambhajinagar,Paithan,Paithan,20018162,Paithan Taluka 178 Village Grid WS,Narayangaon,1272,1,1.28,1.28,0.51,1.33,1.41,1.46,1.37,102.2,100.63,40.09,104.56,110.85,114.78,107.7,24-Jun,25-Jun,26-Jun,27-Jun,28-Jun,29-Jun,30-Jun,24-Jun,25-Jun,26-Jun,27-Jun,28-Jun,29-Jun,30-Jun,0,1,6
Chhatrapati Sambhajinagar,Chhatrapati Sambhajinagar,Chhatrapati Sambhajinagar,Paithan,Paithan,20018162,Paithan Taluka 178 Village Grid WS,Paithan Kheda,1788,1,0,0,0,0,0.01,0,0,0,0,0,0,0.56,0,0,24-Jun,25-Jun,26-Jun,27-Jun,28-Jun,29-Jun,30-Jun,24-Jun,25-Jun,26-Jun,27-Jun,28-Jun,29-Jun,30-Jun,6,7,0
Chhatrapati Sambhajinagar,Chhatrapati Sambhajinagar,Chhatrapati Sambhajinagar,Paithan,Paithan,20018162,Paithan Taluka 178 Village Grid WS,Pangara,0,1,0,0,0,0,0,0,0,0,0,0,0,0,0,0,24-Jun,25-Jun,26-Jun,27-Jun,28-Jun,29-Jun,30-Jun,24-Jun,25-Jun,26-Jun,27-Jun,28-Jun,29-Jun,30-Jun,7,7,0
Chhatrapati Sambhajinagar,Chhatrapati Sambhajinagar,Chhatrapati Sambhajinagar,Paithan,Paithan,20018162,Paithan Taluka 178 Village Grid WS,Rajapur,1108,1,0,0,0,0,0,0,0,0,0,0,0,0,0,0,24-Jun,25-Jun,26-Jun,27-Jun,28-Jun,29-Jun,30-Jun,24-Jun,25-Jun,26-Jun,27-Jun,28-Jun,29-Jun,30-Jun,7,7,0
Chhatrapati Sambhajinagar,Chhatrapati Sambhajinagar,Chhatrapati Sambhajinagar,Paithan,Paithan,20018162,Paithan Taluka 178 Village Grid WS,Shekta,0,1,0,0,0,0,0,0,0,0,0,0,0,0,0,0,24-Jun,25-Jun,26-Jun,27-Jun,28-Jun,29-Jun,30-Jun,24-Jun,25-Jun,26-Jun,27-Jun,28-Jun,29-Jun,30-Jun,7,7,0
Chhatrapati Sambhajinagar,Chhatrapati Sambhajinagar,Chhatrapati Sambhajinagar,Paithan,Paithan,20018162,Paithan Taluka 178 Village Grid WS,Shivani,440,1,1.4,1.4,0,0,0.45,0.94,0,0,318.18,0,0,102.27,213.64,0,24-Jun,25-Jun,26-Jun,27-Jun,28-Jun,29-Jun,30-Jun,24-Jun,25-Jun,26-Jun,27-Jun,28-Jun,29-Jun,30-Jun,4,4,3
Chhatrapati Sambhajinagar,Chhatrapati Sambhajinagar,Chhatrapati Sambhajinagar,Paithan,Paithan,20018162,Paithan Taluka 178 Village Grid WS,Somapuri,0,1,0,0,0,0,0,0,0,0,0,0,0,0,0,0,24-Jun,25-Jun,26-Jun,27-Jun,28-Jun,29-Jun,30-Jun,24-Jun,25-Jun,26-Jun,27-Jun,28-Jun,29-Jun,30-Jun,7,7,0
Chhatrapati Sambhajinagar,Chhatrapati Sambhajinagar,Chhatrapati Sambhajinagar,Paithan,Paithan,20018162,Paithan Taluka 178 Village Grid WS,Takli Paithan,0,1,0.63,0.63,0.73,0.72,0.73,0.66,0.8,0,0,0,0,0,0,0,24-Jun,25-Jun,26-Jun,27-Jun,28-Jun,29-Jun,30-Jun,24-Jun,25-Jun,26-Jun,27-Jun,28-Jun,29-Jun,30-Jun,7,7,0
Chhatrapati Sambhajinagar,Chhatrapati Sambhajinagar,Chhatrapati Sambhajinagar,Paithan,Paithan,20018162,Paithan Taluka 178 Village Grid WS,Tanda Kh.,0,1,0,0,0,0,0,0,0,0,0,0,0,0,0,0,24-Jun,25-Jun,26-Jun,27-Jun,28-Jun,29-Jun,30-Jun,24-Jun,25-Jun,26-Jun,27-Jun,28-Jun,29-Jun,30-Jun,7,7,0
Chhatrapati Sambhajinagar,Chhatrapati Sambhajinagar,Chhatrapati Sambhajinagar,Paithan,Paithan,20018162,Paithan Taluka 178 Village Grid WS,Thergaon,1020,1,2.56,2.56,4.52,2.48,4.32,3.79,3.21,440.06,250.98,443.14,243.14,423.59,371.57,314.71,24-Jun,25-Jun,26-Jun,27-Jun,28-Jun,29-Jun,30-Jun,24-Jun,25-Jun,26-Jun,27-Jun,28-Jun,29-Jun,30-Jun,0,0,7
Chhatrapati Sambhajinagar,Chhatrapati Sambhajinagar,Chhatrapati Sambhajinagar,Paithan,Paithan,20018162,Paithan Taluka 178 Village Grid WS,Tondoli,0,1,34.09,34.09,16.82,0,0,0,44.89,0,0,0,0,0,0,0,24-Jun,25-Jun,26-Jun,27-Jun,28-Jun,29-Jun,30-Jun,24-Jun,25-Jun,26-Jun,27-Jun,28-Jun,29-Jun,30-Jun,7,7,0
Chhatrapati Sambhajinagar,Chhatrapati Sambhajinagar,Chhatrapati Sambhajinagar,Paithan,Paithan,20018162,Paithan Taluka 178 Village Grid WS,Tupewadi,1240,1,0,0,0,0,0,0,0,0,0,0,0,0,0,0,24-Jun,25-Jun,26-Jun,27-Jun,28-Jun,29-Jun,30-Jun,24-Jun,25-Jun,26-Jun,27-Jun,28-Jun,29-Jun,30-Jun,7,7,0
Chhatrapati Sambhajinagar,Chhatrapati Sambhajinagar,Chhatrapati Sambhajinagar,Paithan,Paithan,20018162,Paithan Taluka 178 Village Grid WS,Vihamandwa,6440,1,0,0,2.13,4.26,2.21,0.3,0,0,0,33.07,66.15,34.32,4.66,0,24-Jun,25-Jun,26-Jun,27-Jun,28-Jun,29-Jun,30-Jun,24-Jun,25-Jun,26-Jun,27-Jun,28-Jun,29-Jun,30-Jun,3,6,1
Chhatrapati Sambhajinagar,Chhatrapati Sambhajinagar,Chhatrapati Sambhajinagar,Paithan,Paithan,20018162,Paithan Taluka 178 Village Grid WS,Warundi Bk.,2125,1,0,0,0,0.01,0,0.02,0,0,0,0,0.47,0,0.94,0,24-Jun,25-Jun,26-Jun,27-Jun,28-Jun,29-Jun,30-Jun,24-Jun,25-Jun,26-Jun,27-Jun,28-Jun,29-Jun,30-Jun,5,7,0
Chhatrapati Sambhajinagar,Chhatrapati Sambhajinagar,Chhatrapati Sambhajinagar,Paithan,Paithan,20018162,Paithan Taluka 178 Village Grid WS,Warwandi Kh.,800,1,0.43,0.43,1.23,0.57,0.48,0.59,0.37,73.75,53.75,153.75,71.25,60,73.75,46.25,24-Jun,25-Jun,26-Jun,27-Jun,28-Jun,29-Jun,30-Jun,24-Jun,25-Jun,26-Jun,27-Jun,28-Jun,29-Jun,30-Jun,0,2,5
Chhatrapati Sambhajinagar,Chhatrapati Sambhajinagar,Chhatrapati Sambhajinagar,Paithan,Paithan,20018162,Paithan Taluka 178 Village Grid WS,Wawa,460,1,0,0,0,1.18,1,0.3,0,0,0,0,256.52,216.49,65.22,0,24-Jun,25-Jun,26-Jun,27-Jun,28-Jun,29-Jun,30-Jun,24-Jun,25-Jun,26-Jun,27-Jun,28-Jun,29-Jun,30-Jun,4,4,3
Chhatrapati Sambhajinagar,Chhatrapati Sambhajinagar,Chhatrapati Sambhajinagar,Sillod,Sillod,20017395,Shirsala & 4 Village,Janjala,1088,1,0,0,0.01,0.16,0.35,1.1,0,0.92,0,0.92,14.71,32.17,101.1,0,24-Jun,25-Jun,26-Jun,27-Jun,28-Jun,29-Jun,30-Jun,24-Jun,25-Jun,26-Jun,27-Jun,28-Jun,29-Jun,30-Jun,2,6,1
Chhatrapati Sambhajinagar,Chhatrapati Sambhajinagar,Chhatrapati Sambhajinagar,Sillod,Sillod,20017395,Shirsala & 4 Village,Nanegaon,2284,3,0,0,0.34,0.61,1.5,4.37,0,68.33,0,14.89,26.71,65.67,191.26,0,24-Jun,25-Jun,26-Jun,27-Jun,28-Jun,29-Jun,30-Jun,24-Jun,25-Jun,26-Jun,27-Jun,28-Jun,29-Jun,30-Jun,2,4,3
Chhatrapati Sambhajinagar,Chhatrapati Sambhajinagar,Chhatrapati Sambhajinagar,Sillod,Sillod,20017395,Shirsala & 4 Village,Pangri,1472,1,0,0,0,0,1,3.75,2.62,141.98,0,0,0,67.93,254.76,177.83,24-Jun,25-Jun,26-Jun,27-Jun,28-Jun,29-Jun,30-Jun,24-Jun,25-Jun,26-Jun,27-Jun,28-Jun,29-Jun,30-Jun,3,3,4
Chhatrapati Sambhajinagar,Chhatrapati Sambhajinagar,Chhatrapati Sambhajinagar,Sillod,Sillod,20017395,Shirsala & 4 Village,Sirsala,996,1,0,0,0,0.27,0.11,0.62,0,0,0,0,27.11,11.04,62.25,0,24-Jun,25-Jun,26-Jun,27-Jun,28-Jun,29-Jun,30-Jun,24-Jun,25-Jun,26-Jun,27-Jun,28-Jun,29-Jun,30-Jun,4,6,1
Chhatrapati Sambhajinagar,Chhatrapati Sambhajinagar,Chhatrapati Sambhajinagar,Sillod,Sillod,20017395,Shirsala & 4 Village,Sirsala Tanda,1032,1,0,0,0,0,0,1.68,0.23,35.85,0,0,0,0,162.79,22.29,24-Jun,25-Jun,26-Jun,27-Jun,28-Jun,29-Jun,30-Jun,24-Jun,25-Jun,26-Jun,27-Jun,28-Jun,29-Jun,30-Jun,4,6,1
Chhatrapati Sambhajinagar,Chhatrapati Sambhajinagar,Chhatrapati Sambhajinagar,Vaijapur,Vaijapur,20051233,373 Village Gangapur-Vaijapur Grid WSS,Agar Saigaon,1601,1,0,0,0,16.62,160.49,0,0,8826.36,0,0,1038.1,10024.36,0,0,24-Jun,25-Jun,26-Jun,27-Jun,28-Jun,29-Jun,30-Jun,24-Jun,25-Jun,26-Jun,27-Jun,28-Jun,29-Jun,30-Jun,4,4,3
Chhatrapati Sambhajinagar,Chhatrapati Sambhajinagar,Chhatrapati Sambhajinagar,Vaijapur,Vaijapur,20051233,373 Village Gangapur-Vaijapur Grid WSS,Aghur,3999,1,1.46,1.46,1.74,1.15,1.55,1.61,1.13,31.01,36.51,43.51,28.76,38.73,40.26,28.34,24-Jun,25-Jun,26-Jun,27-Jun,28-Jun,29-Jun,30-Jun,24-Jun,25-Jun,26-Jun,27-Jun,28-Jun,29-Jun,30-Jun,0,7,0
Chhatrapati Sambhajinagar,Chhatrapati sambhajinagar,Chhatrapati sambhajinagar,Vaijapur,Vaijapur,20051233,373 Village Gangapur-Vaijapur Grid WSS,Babhulgaon Bk.,2964,1,0,0,0,0,0,0,0.67,10.12,0,0,0,0,0,22.6,24-Jun,25-Jun,26-Jun,27-Jun,28-Jun,29-Jun,30-Jun,24-Jun,25-Jun,26-Jun,27-Jun,28-Jun,29-Jun,30-Jun,5,7,0
Chhatrapati Sambhajinagar,Chhatrapati sambhajinagar,Chhatrapati sambhajinagar,Vaijapur,Vaijapur,20051233,373 Village Gangapur-Vaijapur Grid WSS,Babhulgaon Kh,1976,1,0,0,0,0,0,0,0,0,0,0,0,0,0,0,24-Jun,25-Jun,26-Jun,27-Jun,28-Jun,29-Jun,30-Jun,24-Jun,25-Jun,26-Jun,27-Jun,28-Jun,29-Jun,30-Jun,7,7,0
Chhatrapati Sambhajinagar,Chhatrapati Sambhajinagar,Chhatrapati Sambhajinagar,Vaijapur,Vaijapur,20051233,373 Village Gangapur-Vaijapur Grid WSS,Babhultel,1532,1,0,0,0,0,0,0,0,0,0,0,0,0,0,0,24-Jun,25-Jun,26-Jun,27-Jun,28-Jun,29-Jun,30-Jun,24-Jun,25-Jun,26-Jun,27-Jun,28-Jun,29-Jun,30-Jun,7,7,0
Chhatrapati Sambhajinagar,Chhatrapati Sambhajinagar,Chhatrapati Sambhajinagar,Vaijapur,Vaijapur,20051233,373 Village Gangapur-Vaijapur Grid WSS,Belgaon,2403,1,0,0,0,0,0,0,0,0,0,0,0,0,0,0,24-Jun,25-Jun,26-Jun,27-Jun,28-Jun,29-Jun,30-Jun,24-Jun,25-Jun,26-Jun,27-Jun,28-Jun,29-Jun,30-Jun,7,7,0
Chhatrapati Sambhajinagar,Chhatrapati Sambhajinagar,Chhatrapati Sambhajinagar,Vaijapur,Vaijapur,20051233,373 Village Gangapur-Vaijapur Grid WSS,Bhaggaon,2023,1,0,0,0,0,0,0,0.08,0,0,0,0,0,0,3.85,24-Jun,25-Jun,26-Jun,27-Jun,28-Jun,29-Jun,30-Jun,24-Jun,25-Jun,26-Jun,27-Jun,28-Jun,29-Jun,30-Jun,6,7,0
Chhatrapati Sambhajinagar,Chhatrapati Sambhajinagar,Chhatrapati Sambhajinagar,Vaijapur,Vaijapur,20051233,373 Village Gangapur-Vaijapur Grid WSS,Bhaigaon Ganga,1373,1,0,0,0,0,0,0,0,0,0,0,0,0,0,0,24-Jun,25-Jun,26-Jun,27-Jun,28-Jun,29-Jun,30-Jun,24-Jun,25-Jun,26-Jun,27-Jun,28-Jun,29-Jun,30-Jun,7,7,0
Chhatrapati Sambhajinagar,Chhatrapati Sambhajinagar,Chhatrapati Sambhajinagar,Vaijapur,Vaijapur,20051233,373 Village Gangapur-Vaijapur Grid WSS,Bhivgaon,2871,1,0,0,0,0,0,0,0,0,0,0,0,0,0,0,24-Jun,25-Jun,26-Jun,27-Jun,28-Jun,29-Jun,30-Jun,24-Jun,25-Jun,26-Jun,27-Jun,28-Jun,29-Jun,30-Jun,7,7,0
Chhatrapati Sambhajinagar,Chhatrapati Sambhajinagar,Chhatrapati Sambhajinagar,Vaijapur,Vaijapur,20051233,373 Village Gangapur-Vaijapur Grid WSS,Chorwaghalgaon,3313,1,0.19,0.19,0.41,0.05,0,0.79,0,8.75,5.73,12.38,1.51,0,23.85,0,24-Jun,25-Jun,26-Jun,27-Jun,28-Jun,29-Jun,30-Jun,24-Jun,25-Jun,26-Jun,27-Jun,28-Jun,29-Jun,30-Jun,2,7,0
Chhatrapati Sambhajinagar,Chhatrapati Sambhajinagar,Chhatrapati Sambhajinagar,Vaijapur,Vaijapur,20051233,373 Village Gangapur-Vaijapur Grid WSS,Dawala,1483,1,0.33,0.33,0.33,0.33,0.34,0,0,36.41,22.25,22.25,22.25,22.93,0,0,24-Jun,25-Jun,26-Jun,27-Jun,28-Jun,29-Jun,30-Jun,24-Jun,25-Jun,26-Jun,27-Jun,28-Jun,29-Jun,30-Jun,2,7,0
Chhatrapati Sambhajinagar,Chhatrapati Sambhajinagar,Chhatrapati Sambhajinagar,Vaijapur,Vaijapur,20051233,373 Village Gangapur-Vaijapur Grid WSS,Deogaon Shani,934,1,#VALUE!,#VALUE!,#VALUE!,0,0,0,0,,,,0,0,0,0,24-Jun,25-Jun,26-Jun,27-Jun,28-Jun,29-Jun,30-Jun,24-Jun,25-Jun,26-Jun,27-Jun,28-Jun,29-Jun,30-Jun,4,4,0
Chhatrapati Sambhajinagar,Chhatrapati Sambhajinagar,Chhatrapati Sambhajinagar,Vaijapur,Vaijapur,20051233,373 Village Gangapur-Vaijapur Grid WSS,Gadhe Pimpalgaon,3803,1,0,0,0,0,0,0,0,0,0,0,0,0,0,0,24-Jun,25-Jun,26-Jun,27-Jun,28-Jun,29-Jun,30-Jun,24-Jun,25-Jun,26-Jun,27-Jun,28-Jun,29-Jun,30-Jun,7,7,0
Chhatrapati Sambhajinagar,Chhatrapati sambhajinagar,Chhatrapati sambhajinagar,Vaijapur,Vaijapur,20051233,373 Village Gangapur-Vaijapur Grid WSS,Garaj,1820,1,0.02,0.02,0.2,0.23,0.39,0.22,0.54,1.09,1.1,11.01,12.64,21.25,12.09,29.8,24-Jun,25-Jun,26-Jun,27-Jun,28-Jun,29-Jun,30-Jun,24-Jun,25-Jun,26-Jun,27-Jun,28-Jun,29-Jun,30-Jun,0,7,0
Chhatrapati Sambhajinagar,Chhatrapati Sambhajinagar,Chhatrapati Sambhajinagar,Vaijapur,Vaijapur,20051233,373 Village Gangapur-Vaijapur Grid WSS,Goygaon,1665,1,0,0,0,0,0,0,0,0,0,0,0,0,0,0,24-Jun,25-Jun,26-Jun,27-Jun,28-Jun,29-Jun,30-Jun,24-Jun,25-Jun,26-Jun,27-Jun,28-Jun,29-Jun,30-Jun,7,7,0
Chhatrapati Sambhajinagar,Chhatrapati Sambhajinagar,Chhatrapati Sambhajinagar,Vaijapur,Vaijapur,20051233,373 Village Gangapur-Vaijapur Grid WSS,Hadas Pimpalgaon,1611,1,0,0,0.4,0.57,0.54,0.33,0.39,31.66,0,24.83,35.38,33.52,20.48,24.21,24-Jun,25-Jun,26-Jun,27-Jun,28-Jun,29-Jun,30-Jun,24-Jun,25-Jun,26-Jun,27-Jun,28-Jun,29-Jun,30-Jun,1,7,0
Chhatrapati Sambhajinagar,Chhatrapati sambhajinagar,Chhatrapati sambhajinagar,Vaijapur,Vaijapur,20051233,373 Village Gangapur-Vaijapur Grid WSS,Hilalpur,1383,1,0,0,0,0,0,0,0,0,0,0,0,0,0,0,24-Jun,25-Jun,26-Jun,27-Jun,28-Jun,29-Jun,30-Jun,24-Jun,25-Jun,26-Jun,27-Jun,28-Jun,29-Jun,30-Jun,7,7,0
Chhatrapati Sambhajinagar,Chhatrapati Sambhajinagar,Chhatrapati Sambhajinagar,Vaijapur,Vaijapur,20051233,373 Village Gangapur-Vaijapur Grid WSS,Jambargaon,2614,1,0.44,0.44,0.36,0.28,0.51,0.43,0,13.39,16.83,13.77,10.71,19.51,16.45,0,24-Jun,25-Jun,26-Jun,27-Jun,28-Jun,29-Jun,30-Jun,24-Jun,25-Jun,26-Jun,27-Jun,28-Jun,29-Jun,30-Jun,1,7,0
Chhatrapati Sambhajinagar,Chhatrapati Sambhajinagar,Chhatrapati Sambhajinagar,Vaijapur,Vaijapur,20051233,373 Village Gangapur-Vaijapur Grid WSS,Jarul,3679,1,0,0,0,0,0,0,0,0,0,0,0,0,0,0,24-Jun,25-Jun,26-Jun,27-Jun,28-Jun,29-Jun,30-Jun,24-Jun,25-Jun,26-Jun,27-Jun,28-Jun,29-Jun,30-Jun,7,7,0
Chhatrapati Sambhajinagar,Chhatrapati Sambhajinagar,Chhatrapati Sambhajinagar,Vaijapur,Vaijapur,20051233,373 Village Gangapur-Vaijapur Grid WSS,Jategaon,2711,1,0,0,0,0,0,0,0,0,0,0,0,0,0,0,24-Jun,25-Jun,26-Jun,27-Jun,28-Jun,29-Jun,30-Jun,24-Jun,25-Jun,26-Jun,27-Jun,28-Jun,29-Jun,30-Jun,7,7,0
Chhatrapati Sambhajinagar,Chhatrapati Sambhajinagar,Chhatrapati Sambhajinagar,Vaijapur,Vaijapur,20051233,373 Village Gangapur-Vaijapur Grid WSS,Kapus Wadgaon,2712,1,0,0,0,0,0,0,0,0,0,0,0,0,0,0,24-Jun,25-Jun,26-Jun,27-Jun,28-Jun,29-Jun,30-Jun,24-Jun,25-Jun,26-Jun,27-Jun,28-Jun,29-Jun,30-Jun,7,7,0
Chhatrapati Sambhajinagar,Chhatrapati Sambhajinagar,Chhatrapati Sambhajinagar,Vaijapur,Vaijapur,20051233,373 Village Gangapur-Vaijapur Grid WSS,Karanjgaon,1983,1,0.38,0.38,0.12,0.02,0.42,0.02,0,2.63,19.31,6.05,0.91,20.97,1.05,0,24-Jun,25-Jun,26-Jun,27-Jun,28-Jun,29-Jun,30-Jun,24-Jun,25-Jun,26-Jun,27-Jun,28-Jun,29-Jun,30-Jun,1,7,0
Chhatrapati Sambhajinagar,Chhatrapati Sambhajinagar,Chhatrapati Sambhajinagar,Vaijapur,Vaijapur,20051233,373 Village Gangapur-Vaijapur Grid WSS,Khandala,1180,1,1.62,1.62,2.55,0,2.8,3.32,4.23,81.36,137.29,216.1,0,237.29,281.36,358.47,24-Jun,25-Jun,26-Jun,27-Jun,28-Jun,29-Jun,30-Jun,24-Jun,25-Jun,26-Jun,27-Jun,28-Jun,29-Jun,30-Jun,1,1,6
Chhatrapati Sambhajinagar,Chhatrapati Sambhajinagar,Chhatrapati Sambhajinagar,Vaijapur,Vaijapur,20051233,373 Village Gangapur-Vaijapur Grid WSS,Lasurgaon,6676,1,0,0,0,0,0,0,0,0,0,0,0,0,0,0,24-Jun,25-Jun,26-Jun,27-Jun,28-Jun,29-Jun,30-Jun,24-Jun,25-Jun,26-Jun,27-Jun,28-Jun,29-Jun,30-Jun,7,7,0
Chhatrapati Sambhajinagar,Chhatrapati Sambhajinagar,Chhatrapati Sambhajinagar,Vaijapur,Vaijapur,20051233,373 Village Gangapur-Vaijapur Grid WSS,Loni Bk.,2210,1,0.02,0.02,0,0.55,0,0.08,0,0,0.9,0,24.89,0,3.62,0,24-Jun,25-Jun,26-Jun,27-Jun,28-Jun,29-Jun,30-Jun,24-Jun,25-Jun,26-Jun,27-Jun,28-Jun,29-Jun,30-Jun,4,7,0
Chhatrapati Sambhajinagar,Chhatrapati Sambhajinagar,Chhatrapati Sambhajinagar,Vaijapur,Vaijapur,20051233,373 Village Gangapur-Vaijapur Grid WSS,Mahalgaon,5303,1,0,0,0,0.02,0,0,0.02,0.38,0,0,0.38,0,0,0.38,24-Jun,25-Jun,26-Jun,27-Jun,28-Jun,29-Jun,30-Jun,24-Jun,25-Jun,26-Jun,27-Jun,28-Jun,29-Jun,30-Jun,4,7,0
Chhatrapati Sambhajinagar,Chhatrapati sambhajinagar,Chhatrapati sambhajinagar,Vaijapur,Vaijapur,20051233,373 Village Gangapur-Vaijapur Grid WSS,Mali Ghogargaon,2591,1,1.08,1.08,0,0.97,0,0,0,0,41.68,0,37.44,0,0,0,24-Jun,25-Jun,26-Jun,27-Jun,28-Jun,29-Jun,30-Jun,24-Jun,25-Jun,26-Jun,27-Jun,28-Jun,29-Jun,30-Jun,5,7,0
Chhatrapati Sambhajinagar,Chhatrapati sambhajinagar,Chhatrapati sambhajinagar,Vaijapur,Vaijapur,20051233,373 Village Gangapur-Vaijapur Grid WSS,Mali Sagaj,2144,1,1.76,1.76,2.55,4.05,1.75,0,0,0,82.09,118.94,188.9,81.62,0,0,24-Jun,25-Jun,26-Jun,27-Jun,28-Jun,29-Jun,30-Jun,24-Jun,25-Jun,26-Jun,27-Jun,28-Jun,29-Jun,30-Jun,3,3,4
Chhatrapati Sambhajinagar,Chhatrapati Sambhajinagar,Chhatrapati Sambhajinagar,Vaijapur,Vaijapur,20051233,373 Village Gangapur-Vaijapur Grid WSS,Parsoda,3588,2,0.13,0.13,0,0,0.15,0.09,0,0,3.62,0,0,4.18,2.51,0,24-Jun,25-Jun,26-Jun,27-Jun,28-Jun,29-Jun,30-Jun,24-Jun,25-Jun,26-Jun,27-Jun,28-Jun,29-Jun,30-Jun,4,7,0
Chhatrapati Sambhajinagar,Chhatrapati Sambhajinagar,Chhatrapati Sambhajinagar,Vaijapur,Vaijapur,20051233,373 Village Gangapur-Vaijapur Grid WSS,Pokhari,2866,1,0,0,0,0.93,0,0,2.33,35.24,0,0,32.45,0,0,81.3,24-Jun,25-Jun,26-Jun,27-Jun,28-Jun,29-Jun,30-Jun,24-Jun,25-Jun,26-Jun,27-Jun,28-Jun,29-Jun,30-Jun,4,6,1
Chhatrapati Sambhajinagar,Chhatrapati sambhajinagar,Chhatrapati sambhajinagar,Vaijapur,Vaijapur,20051233,373 Village Gangapur-Vaijapur Grid WSS,Raghunathpurwadi,1097,1,0,0,0,0,0,0,0,0,0,0,0,0,0,0,24-Jun,25-Jun,26-Jun,27-Jun,28-Jun,29-Jun,30-Jun,24-Jun,25-Jun,26-Jun,27-Jun,28-Jun,29-Jun,30-Jun,7,7,0
Chhatrapati Sambhajinagar,Chhatrapati Sambhajinagar,Chhatrapati Sambhajinagar,Vaijapur,Vaijapur,20051233,373 Village Gangapur-Vaijapur Grid WSS,Sakegaon,1780,1,0.01,0.01,0,0,0.03,0,0,0,0.56,0,0,1.69,0,0,24-Jun,25-Jun,26-Jun,27-Jun,28-Jun,29-Jun,30-Jun,24-Jun,25-Jun,26-Jun,27-Jun,28-Jun,29-Jun,30-Jun,5,7,0
Chhatrapati Sambhajinagar,Chhatrapati Sambhajinagar,Chhatrapati Sambhajinagar,Vaijapur,Vaijapur,20051233,373 Village Gangapur-Vaijapur Grid WSS,Sanjarpurwadi,2971,1,0,0,0,0,0,0,0,0,0,0,0,0,0,0,24-Jun,25-Jun,26-Jun,27-Jun,28-Jun,29-Jun,30-Jun,24-Jun,25-Jun,26-Jun,27-Jun,28-Jun,29-Jun,30-Jun,7,7,0
Chhatrapati Sambhajinagar,Chhatrapati Sambhajinagar,Chhatrapati Sambhajinagar,Vaijapur,Vaijapur,20051233,373 Village Gangapur-Vaijapur Grid WSS,Shivrai,2706,1,0.3,0.3,0,1.54,0,0.63,0.83,0,11.09,0,56.91,0,23.28,30.67,24-Jun,25-Jun,26-Jun,27-Jun,28-Jun,29-Jun,30-Jun,24-Jun,25-Jun,26-Jun,27-Jun,28-Jun,29-Jun,30-Jun,3,6,1
Chhatrapati Sambhajinagar,Chhatrapati sambhajinagar,Chhatrapati sambhajinagar,Vaijapur,Vaijapur,20051233,373 Village Gangapur-Vaijapur Grid WSS,Sirasgaon,1855,1,0,0,0,0,0,0,0,0,0,0,0,0,0,0,24-Jun,25-Jun,26-Jun,27-Jun,28-Jun,29-Jun,30-Jun,24-Jun,25-Jun,26-Jun,27-Jun,28-Jun,29-Jun,30-Jun,7,7,0
Chhatrapati Sambhajinagar,Chhatrapati sambhajinagar,Chhatrapati sambhajinagar,Vaijapur,Vaijapur,20051233,373 Village Gangapur-Vaijapur Grid WSS,Sudamwadi,750,1,0,0,0,0,0,0,0,0,0,0,0,0,0,0,24-Jun,25-Jun,26-Jun,27-Jun,28-Jun,29-Jun,30-Jun,24-Jun,25-Jun,26-Jun,27-Jun,28-Jun,29-Jun,30-Jun,7,7,0
Chhatrapati Sambhajinagar,Chhatrapati Sambhajinagar,Chhatrapati Sambhajinagar,Vaijapur,Vaijapur,20051233,373 Village Gangapur-Vaijapur Grid WSS,Virgaon,2271,1,0,0,0.79,1.06,2.22,0.88,1.22,58.56,0,34.79,46.68,97.75,38.75,53.72,24-Jun,25-Jun,26-Jun,27-Jun,28-Jun,29-Jun,30-Jun,24-Jun,25-Jun,26-Jun,27-Jun,28-Jun,29-Jun,30-Jun,1,5,2
Chhatrapati Sambhajinagar,Chhatrapati Sambhajinagar,Jalna,Mantha,Mantha,20094559,"120 Villages Extension Scheme for Works Not Considered in 173 GRID WSS and 95 GRID WSS Tq. Partur, Mantha and Jalna Dist: Jalna",Waghoda Tanda,1941,1,0,0,0,0,0,0,0,0,0,0,0,0,0,0,24-Jun,25-Jun,26-Jun,27-Jun,28-Jun,29-Jun,30-Jun,24-Jun,25-Jun,26-Jun,27-Jun,28-Jun,29-Jun,30-Jun,7,7,0
Chhatrapati Sambhajinagar,Chhatrapati Sambhajinagar,Jalna,Mantha,Mantha,20094559,"120 Villages Extension Scheme for Works Not Considered in 173 GRID WSS and 95 GRID WSS Tq. Partur, Mantha and Jalna Dist: Jalna",Virgavhan Tanda,577,1,0.53,0.53,0,0,0,0.25,0,0,91.09,0,0,0,43.38,0,24-Jun,25-Jun,26-Jun,27-Jun,28-Jun,29-Jun,30-Jun,24-Jun,25-Jun,26-Jun,27-Jun,28-Jun,29-Jun,30-Jun,5,6,1
Chhatrapati Sambhajinagar,Chhatrapati Sambhajinagar,Jalna,Mantha,Mantha,20094559,"120 Villages Extension Scheme for Works Not Considered in 173 GRID WSS and 95 GRID WSS Tq. Partur, Mantha and Jalna Dist: Jalna",Andhawadi,1026,1,0,0,0,0.4,0,0.18,0.31,19.36,0,0,39.19,0,17.3,30.68,24-Jun,25-Jun,26-Jun,27-Jun,28-Jun,29-Jun,30-Jun,24-Jun,25-Jun,26-Jun,27-Jun,28-Jun,29-Jun,30-Jun,3,7,0
Chhatrapati Sambhajinagar,Chhatrapati Sambhajinagar,Jalna,Mantha,Mantha,20094559,"120 Villages Extension Scheme for Works Not Considered in 173 GRID WSS and 95 GRID WSS Tq. Partur, Mantha and Jalna Dist: Jalna",RAMTIRTH,1143,1,0,0,0.43,0,0,0,0.43,0,0,38.03,0,0,0,38.02,24-Jun,25-Jun,26-Jun,27-Jun,28-Jun,29-Jun,30-Jun,24-Jun,25-Jun,26-Jun,27-Jun,28-Jun,29-Jun,30-Jun,5,7,0
Chhatrapati Sambhajinagar,Chhatrapati Sambhajinagar,Jalna,Mantha,Mantha,20094559,"120 Villages Extension Scheme for Works Not Considered in 173 GRID WSS and 95 GRID WSS Tq. Partur, Mantha and Jalna Dist: Jalna",Incha,501,1,0,0,0,0,0,0,0,0,0,0,0,0,0,0,24-Jun,25-Jun,26-Jun,27-Jun,28-Jun,29-Jun,30-Jun,24-Jun,25-Jun,26-Jun,27-Jun,28-Jun,29-Jun,30-Jun,7,7,0
Chhatrapati Sambhajinagar,Chhatrapati Sambhajinagar,Jalna,Mantha,Mantha,20094559,"120 Villages Extension Scheme for Works Not Considered in 173 GRID WSS and 95 GRID WSS Tq. Partur, Mantha and Jalna Dist: Jalna",Kanadi,1040,1,0,0,0,0,0,0,0,0,0,0,0,0,0,0,24-Jun,25-Jun,26-Jun,27-Jun,28-Jun,29-Jun,30-Jun,24-Jun,25-Jun,26-Jun,27-Jun,28-Jun,29-Jun,30-Jun,7,7,0
Chhatrapati Sambhajinagar,Chhatrapati Sambhajinagar,Jalna,Mantha,Mantha,20094559,"120 Villages Extension Scheme for Works Not Considered in 173 GRID WSS and 95 GRID WSS Tq. Partur, Mantha and Jalna Dist: Jalna",Tokawadi,705,2,#VALUE!,#VALUE!,#VALUE!,0.28,0.78,0,0.41,,,,39.74,110.93,0,57.54,24-Jun,25-Jun,26-Jun,27-Jun,28-Jun,29-Jun,30-Jun,24-Jun,25-Jun,26-Jun,27-Jun,28-Jun,29-Jun,30-Jun,1,2,2
Chhatrapati Sambhajinagar,Chhatrapati Sambhajinagar,Jalna,Mantha,Mantha,20094559,"120 Villages Extension Scheme for Works Not Considered in 173 GRID WSS and 95 GRID WSS Tq. Partur, Mantha and Jalna Dist: Jalna",Takalkhopa,1461,1,#VALUE!,#VALUE!,#VALUE!,0,0,0,0,,,,0,0,0,0,24-Jun,25-Jun,26-Jun,27-Jun,28-Jun,29-Jun,30-Jun,24-Jun,25-Jun,26-Jun,27-Jun,28-Jun,29-Jun,30-Jun,4,4,0
Chhatrapati Sambhajinagar,Chhatrapati Sambhajinagar,Jalna,Mantha,Mantha,20094559,"120 Villages Extension Scheme for Works Not Considered in 173 GRID WSS and 95 GRID WSS Tq. Partur, Mantha and Jalna Dist: Jalna",Lawani,804,1,0,0,0,0.39,0,0,0,57.21,0,0,48.51,0,0,0,24-Jun,25-Jun,26-Jun,27-Jun,28-Jun,29-Jun,30-Jun,24-Jun,25-Jun,26-Jun,27-Jun,28-Jun,29-Jun,30-Jun,5,6,1
Chhatrapati Sambhajinagar,Chhatrapati Sambhajinagar,Jalna,Mantha,Mantha,20094559,"120 Villages Extension Scheme for Works Not Considered in 173 GRID WSS and 95 GRID WSS Tq. Partur, Mantha and Jalna Dist: Jalna",Naigaon MBR,1491,2,0,0,0,0.29,0,0.38,0.46,0,0,0,19.29,0.02,25.3,30.64,24-Jun,25-Jun,26-Jun,27-Jun,28-Jun,29-Jun,30-Jun,24-Jun,25-Jun,26-Jun,27-Jun,28-Jun,29-Jun,30-Jun,3,7,0
Chhatrapati Sambhajinagar,Chhatrapati Sambhajinagar,Jalna,Mantha,Mantha,20094559,"120 Villages Extension Scheme for Works Not Considered in 173 GRID WSS and 95 GRID WSS Tq. Partur, Mantha and Jalna Dist: Jalna",Daghi,1485,1,0,0,0,0,0,0,0,0,0,0,0,0,0,0,24-Jun,25-Jun,26-Jun,27-Jun,28-Jun,29-Jun,30-Jun,24-Jun,25-Jun,26-Jun,27-Jun,28-Jun,29-Jun,30-Jun,7,7,0
Chhatrapati Sambhajinagar,Chhatrapati Sambhajinagar,Jalna,Mantha,Mantha,20094559,"120 Villages Extension Scheme for Works Not Considered in 173 GRID WSS and 95 GRID WSS Tq. Partur, Mantha and Jalna Dist: Jalna",Pangra Gadadhe,2126,2,0,0,0,0,0,0,0,0,0,0,0,0,0,0,24-Jun,25-Jun,26-Jun,27-Jun,28-Jun,29-Jun,30-Jun,24-Jun,25-Jun,26-Jun,27-Jun,28-Jun,29-Jun,30-Jun,7,7,0
Chhatrapati Sambhajinagar,Chhatrapati Sambhajinagar,Jalna,Mantha,Mantha,20094559,"120 Villages Extension Scheme for Works Not Considered in 173 GRID WSS and 95 GRID WSS Tq. Partur, Mantha and Jalna Dist: Jalna",Kendhali Tanda,263,1,#VALUE!,#VALUE!,#VALUE!,0,0,0,0,,,,0,0,0,0,24-Jun,25-Jun,26-Jun,27-Jun,28-Jun,29-Jun,30-Jun,24-Jun,25-Jun,26-Jun,27-Jun,28-Jun,29-Jun,30-Jun,4,4,0
Chhatrapati Sambhajinagar,Chhatrapati Sambhajinagar,Jalna,Mantha,Mantha,20094559,"120 Villages Extension Scheme for Works Not Considered in 173 GRID WSS and 95 GRID WSS Tq. Partur, Mantha and Jalna Dist: Jalna",PANGRI KH.,3178,1,0,0,0,0,0,0,0,0,0,0,0,0,0,0,24-Jun,25-Jun,26-Jun,27-Jun,28-Jun,29-Jun,30-Jun,24-Jun,25-Jun,26-Jun,27-Jun,28-Jun,29-Jun,30-Jun,7,7,0
Chhatrapati Sambhajinagar,Chhatrapati Sambhajinagar,Jalna,Mantha,Mantha,20094559,"120 Villages Extension Scheme for Works Not Considered in 173 GRID WSS and 95 GRID WSS Tq. Partur, Mantha and Jalna Dist: Jalna",Devthana Mantha,1068,1,0,0,0.15,0,0.16,0,0.45,24.34,0,14.04,0,14.98,0,42.13,24-Jun,25-Jun,26-Jun,27-Jun,28-Jun,29-Jun,30-Jun,24-Jun,25-Jun,26-Jun,27-Jun,28-Jun,29-Jun,30-Jun,3,7,0
Chhatrapati Sambhajinagar,Chhatrapati Sambhajinagar,Jalna,Mantha,Mantha,20094559,"120 Villages Extension Scheme for Works Not Considered in 173 GRID WSS and 95 GRID WSS Tq. Partur, Mantha and Jalna Dist: Jalna",Vaidhywadgaon,2600,1,0.92,0.92,0,0,1.05,3.91,0,35.77,35.38,0,0,40.38,150.38,0,24-Jun,25-Jun,26-Jun,27-Jun,28-Jun,29-Jun,30-Jun,24-Jun,25-Jun,26-Jun,27-Jun,28-Jun,29-Jun,30-Jun,3,6,1
Chhatrapati Sambhajinagar,Chhatrapati Sambhajinagar,Jalna,Mantha,Mantha,20094559,"120 Villages Extension Scheme for Works Not Considered in 173 GRID WSS and 95 GRID WSS Tq. Partur, Mantha and Jalna Dist: Jalna",Lavani Tanda,1283,1,0.17,0.17,0,0,0,0,0.46,53,13.25,0,0,0,0,35.85,24-Jun,25-Jun,26-Jun,27-Jun,28-Jun,29-Jun,30-Jun,24-Jun,25-Jun,26-Jun,27-Jun,28-Jun,29-Jun,30-Jun,4,7,0
Chhatrapati Sambhajinagar,Chhatrapati Sambhajinagar,Jalna,Mantha,Mantha,20094559,"120 Villages Extension Scheme for Works Not Considered in 173 GRID WSS and 95 GRID WSS Tq. Partur, Mantha and Jalna Dist: Jalna",Belora Tanda,847,1,0,0,0,0,0,0,0,0,0,0,0,0,0,0,24-Jun,25-Jun,26-Jun,27-Jun,28-Jun,29-Jun,30-Jun,24-Jun,25-Jun,26-Jun,27-Jun,28-Jun,29-Jun,30-Jun,7,7,0
Chhatrapati Sambhajinagar,Chhatrapati Sambhajinagar,Jalna,Mantha,Mantha,20094559,"120 Villages Extension Scheme for Works Not Considered in 173 GRID WSS and 95 GRID WSS Tq. Partur, Mantha and Jalna Dist: Jalna",Ranmala,1746,1,#VALUE!,#VALUE!,#VALUE!,0.68,0,0.74,0.06,,,,39.13,0,42.32,3.5,24-Jun,25-Jun,26-Jun,27-Jun,28-Jun,29-Jun,30-Jun,24-Jun,25-Jun,26-Jun,27-Jun,28-Jun,29-Jun,30-Jun,1,4,0
Chhatrapati Sambhajinagar,Chhatrapati Sambhajinagar,Jalna,Mantha,Mantha,20094559,"120 Villages Extension Scheme for Works Not Considered in 173 GRID WSS and 95 GRID WSS Tq. Partur, Mantha and Jalna Dist: Jalna",Khorvad,2017,1,0,0,0,0,0,0,2.03,0,0,0,0,0,0,100.63,24-Jun,25-Jun,26-Jun,27-Jun,28-Jun,29-Jun,30-Jun,24-Jun,25-Jun,26-Jun,27-Jun,28-Jun,29-Jun,30-Jun,6,6,1
Chhatrapati Sambhajinagar,Chhatrapati Sambhajinagar,Jalna,Mantha,Mantha,20094559,"120 Villages Extension Scheme for Works Not Considered in 173 GRID WSS and 95 GRID WSS Tq. Partur, Mantha and Jalna Dist: Jalna",Wazarsarkate,2525,1,0,0,0,0,0,0,0,0,0,0,0,0,0,0,24-Jun,25-Jun,26-Jun,27-Jun,28-Jun,29-Jun,30-Jun,24-Jun,25-Jun,26-Jun,27-Jun,28-Jun,29-Jun,30-Jun,7,7,0
Chhatrapati Sambhajinagar,Chhatrapati Sambhajinagar,Jalna,Mantha,Mantha,20094559,"120 Villages Extension Scheme for Works Not Considered in 173 GRID WSS and 95 GRID WSS Tq. Partur, Mantha and Jalna Dist: Jalna",Limbaji Barbada,369,1,0,0,0.19,0,0.25,0,0.27,0,0,51.49,0,67.75,0,73.17,24-Jun,25-Jun,26-Jun,27-Jun,28-Jun,29-Jun,30-Jun,24-Jun,25-Jun,26-Jun,27-Jun,28-Jun,29-Jun,30-Jun,4,5,2
Chhatrapati Sambhajinagar,Chhatrapati Sambhajinagar,Jalna,Mantha,Mantha,20094559,"120 Villages Extension Scheme for Works Not Considered in 173 GRID WSS and 95 GRID WSS Tq. Partur, Mantha and Jalna Dist: Jalna",Tuppa,366,1,#VALUE!,#VALUE!,#VALUE!,0,0,0,0,,,,0,0,0,0,24-Jun,25-Jun,26-Jun,27-Jun,28-Jun,29-Jun,30-Jun,24-Jun,25-Jun,26-Jun,27-Jun,28-Jun,29-Jun,30-Jun,4,4,0
Chhatrapati Sambhajinagar,Chhatrapati Sambhajinagar,Jalna,Mantha,Mantha,20094559,"120 Villages Extension Scheme for Works Not Considered in 173 GRID WSS and 95 GRID WSS Tq. Partur, Mantha and Jalna Dist: Jalna",Kirtapur,1080,1,0,0,0,0,0,0,0,0,0,0,0,0,0,0,24-Jun,25-Jun,26-Jun,27-Jun,28-Jun,29-Jun,30-Jun,24-Jun,25-Jun,26-Jun,27-Jun,28-Jun,29-Jun,30-Jun,7,7,0
Chhatrapati Sambhajinagar,Chhatrapati Sambhajinagar,Jalna,Partur,Partur,20094559,"120 Villages Extension Scheme for Works Not Considered in 173 GRID WSS and 95 GRID WSS Tq. Partur, Mantha and Jalna Dist: Jalna",Kawajawala,1582,1,0,0,0,0,0,0,0,0,0,0,0,0,0,0,24-Jun,25-Jun,26-Jun,27-Jun,28-Jun,29-Jun,30-Jun,24-Jun,25-Jun,26-Jun,27-Jun,28-Jun,29-Jun,30-Jun,7,7,0
Chhatrapati Sambhajinagar,Chhatrapati Sambhajinagar,Jalna,Partur,Partur,20094559,"120 Villages Extension Scheme for Works Not Considered in 173 GRID WSS and 95 GRID WSS Tq. Partur, Mantha and Jalna Dist: Jalna",Karhala,2429,1,0,0,0,0,0,0,0,0,0,0,0,0,0,0,24-Jun,25-Jun,26-Jun,27-Jun,28-Jun,29-Jun,30-Jun,24-Jun,25-Jun,26-Jun,27-Jun,28-Jun,29-Jun,30-Jun,7,7,0
Chhatrapati Sambhajinagar,Chhatrapati Sambhajinagar,Jalna,Partur,Partur,20094559,"120 Villages Extension Scheme for Works Not Considered in 173 GRID WSS and 95 GRID WSS Tq. Partur, Mantha and Jalna Dist: Jalna",Asangaon,1225,1,#VALUE!,#VALUE!,#VALUE!,0,0.31,0.13,0.13,,,,0,25.31,10.61,10.61,24-Jun,25-Jun,26-Jun,27-Jun,28-Jun,29-Jun,30-Jun,24-Jun,25-Jun,26-Jun,27-Jun,28-Jun,29-Jun,30-Jun,1,4,0
Chhatrapati Sambhajinagar,Chhatrapati Sambhajinagar,Jalna,Partur,Partur,20094559,"120 Villages Extension Scheme for Works Not Considered in 173 GRID WSS and 95 GRID WSS Tq. Partur, Mantha and Jalna Dist: Jalna",Khandviwadi,1823,1,0,0,0,0,0,0,0,0,0,0,0,0,0,0,24-Jun,25-Jun,26-Jun,27-Jun,28-Jun,29-Jun,30-Jun,24-Jun,25-Jun,26-Jun,27-Jun,28-Jun,29-Jun,30-Jun,7,7,0
Chhatrapati Sambhajinagar,Chhatrapati Sambhajinagar,Jalna,Partur,Partur,20094559,"120 Villages Extension Scheme for Works Not Considered in 173 GRID WSS and 95 GRID WSS Tq. Partur, Mantha and Jalna Dist: Jalna",Hatwan,1694,1,#VALUE!,#VALUE!,#VALUE!,0,0.37,0.88,0.67,,,,0,21.69,51.92,39.7,24-Jun,25-Jun,26-Jun,27-Jun,28-Jun,29-Jun,30-Jun,24-Jun,25-Jun,26-Jun,27-Jun,28-Jun,29-Jun,30-Jun,1,4,0
Chhatrapati Sambhajinagar,Chhatrapati Sambhajinagar,Jalna,Partur,Partur,20094559,"120 Villages Extension Scheme for Works Not Considered in 173 GRID WSS and 95 GRID WSS Tq. Partur, Mantha and Jalna Dist: Jalna",Daithana (bk),1363,1,0.35,0.35,0,0.01,0.41,0.73,0.86,31.5,25.79,0,0.54,30.05,53.46,63.25,24-Jun,25-Jun,26-Jun,27-Jun,28-Jun,29-Jun,30-Jun,24-Jun,25-Jun,26-Jun,27-Jun,28-Jun,29-Jun,30-Jun,1,6,1
Chhatrapati Sambhajinagar,Chhatrapati Sambhajinagar,Jalna,Partur,Partur,20094559,"120 Villages Extension Scheme for Works Not Considered in 173 GRID WSS and 95 GRID WSS Tq. Partur, Mantha and Jalna Dist: Jalna",Waijoda,1365,1,#VALUE!,#VALUE!,#VALUE!,0,0,0,0,,,,0,0,0,0,24-Jun,25-Jun,26-Jun,27-Jun,28-Jun,29-Jun,30-Jun,24-Jun,25-Jun,26-Jun,27-Jun,28-Jun,29-Jun,30-Jun,4,4,0
Chhatrapati Sambhajinagar,Chhatrapati Sambhajinagar,Jalna,Partur,Partur,20094559,"120 Villages Extension Scheme for Works Not Considered in 173 GRID WSS and 95 GRID WSS Tq. Partur, Mantha and Jalna Dist: Jalna",Bramhanwadi,1563,1,0.43,0.43,0.34,0.06,0.13,0.06,0,43.8,27.33,21.9,3.74,8.37,4,0,24-Jun,25-Jun,26-Jun,27-Jun,28-Jun,29-Jun,30-Jun,24-Jun,25-Jun,26-Jun,27-Jun,28-Jun,29-Jun,30-Jun,1,7,0
Chhatrapati Sambhajinagar,Chhatrapati Sambhajinagar,Jalna,Partur,Partur,20094559,"120 Villages Extension Scheme for Works Not Considered in 173 GRID WSS and 95 GRID WSS Tq. Partur, Mantha and Jalna Dist: Jalna",Rohina (Bk),953,1,0,0,0,0,0,0,0,0,0,0,0,0,0,0,24-Jun,25-Jun,26-Jun,27-Jun,28-Jun,29-Jun,30-Jun,24-Jun,25-Jun,26-Jun,27-Jun,28-Jun,29-Jun,30-Jun,7,7,0
Chhatrapati Sambhajinagar,Chhatrapati Sambhajinagar,Jalna,Partur,Partur,20094559,"120 Villages Extension Scheme for Works Not Considered in 173 GRID WSS and 95 GRID WSS Tq. Partur, Mantha and Jalna Dist: Jalna",Ganeshpur (Hanwadi),289,1,0,0,0,0,0.16,0.04,0.04,3.78,0.15,0.02,0.38,55.95,12.84,15,24-Jun,25-Jun,26-Jun,27-Jun,28-Jun,29-Jun,30-Jun,24-Jun,25-Jun,26-Jun,27-Jun,28-Jun,29-Jun,30-Jun,0,6,1
Chhatrapati Sambhajinagar,Chhatrapati Sambhajinagar,Jalna,Partur,Partur,20094559,"120 Villages Extension Scheme for Works Not Considered in 173 GRID WSS and 95 GRID WSS Tq. Partur, Mantha and Jalna Dist: Jalna",Rohina Kh,2293,1,0.34,0.34,0,0.37,0.35,0.34,0.37,15.7,14.83,0,16.14,15.26,14.83,16.14,24-Jun,25-Jun,26-Jun,27-Jun,28-Jun,29-Jun,30-Jun,24-Jun,25-Jun,26-Jun,27-Jun,28-Jun,29-Jun,30-Jun,1,7,0
Chhatrapati Sambhajinagar,Chhatrapati Sambhajinagar,Jalna,Partur,Partur,20094559,"120 Villages Extension Scheme for Works Not Considered in 173 GRID WSS and 95 GRID WSS Tq. Partur, Mantha and Jalna Dist: Jalna",Hastur Tanda,1454,1,0,0,0,0,0,0,0,0,0,0,0,0,0,0,24-Jun,25-Jun,26-Jun,27-Jun,28-Jun,29-Jun,30-Jun,24-Jun,25-Jun,26-Jun,27-Jun,28-Jun,29-Jun,30-Jun,7,7,0
Chhatrapati Sambhajinagar,Chhatrapati Sambhajinagar,Jalna,Partur,Partur,20094559,"120 Villages Extension Scheme for Works Not Considered in 173 GRID WSS and 95 GRID WSS Tq. Partur, Mantha and Jalna Dist: Jalna",Anandwadi,2333,1,0,0,0,0,0,0,0,0,0,0,0,0,0,0,24-Jun,25-Jun,26-Jun,27-Jun,28-Jun,29-Jun,30-Jun,24-Jun,25-Jun,26-Jun,27-Jun,28-Jun,29-Jun,30-Jun,7,7,0
Chhatrapati Sambhajinagar,Chhatrapati Sambhajinagar,Jalna,Partur,Partur,20094559,"120 Villages Extension Scheme for Works Not Considered in 173 GRID WSS and 95 GRID WSS Tq. Partur, Mantha and Jalna Dist: Jalna",Mapegaon KH,1293,1,0,0,0,0,0,0,0,0,0,0,0,0,0,0,24-Jun,25-Jun,26-Jun,27-Jun,28-Jun,29-Jun,30-Jun,24-Jun,25-Jun,26-Jun,27-Jun,28-Jun,29-Jun,30-Jun,7,7,0
Chhatrapati Sambhajinagar,Chhatrapati Sambhajinagar,Jalna,Partur,Partur,20094559,"120 Villages Extension Scheme for Works Not Considered in 173 GRID WSS and 95 GRID WSS Tq. Partur, Mantha and Jalna Dist: Jalna",Shreshti,2637,1,0,0,0,0,0,0,0,0.05,0.05,0.01,0.03,0.06,0.01,0.04,24-Jun,25-Jun,26-Jun,27-Jun,28-Jun,29-Jun,30-Jun,24-Jun,25-Jun,26-Jun,27-Jun,28-Jun,29-Jun,30-Jun,0,7,0
Chhatrapati Sambhajinagar,Chhatrapati Sambhajinagar,Jalna,Partur,Partur,20094559,"120 Villages Extension Scheme for Works Not Considered in 173 GRID WSS and 95 GRID WSS Tq. Partur, Mantha and Jalna Dist: Jalna",Wahegaon Satara,1417,1,#VALUE!,#VALUE!,#VALUE!,0,0.23,0,0.11,,,,0,16.17,0,8.1,24-Jun,25-Jun,26-Jun,27-Jun,28-Jun,29-Jun,30-Jun,24-Jun,25-Jun,26-Jun,27-Jun,28-Jun,29-Jun,30-Jun,2,4,0
Chhatrapati Sambhajinagar,Chhatrapati Sambhajinagar,Jalna,Partur,Partur,20094559,"120 Villages Extension Scheme for Works Not Considered in 173 GRID WSS and 95 GRID WSS Tq. Partur, Mantha and Jalna Dist: Jalna",Surumgaon,947,1,3.48,3.48,3.54,2.68,6.14,3.58,4.93,0,0,0,282.59,647.91,378.32,520.22,24-Jun,25-Jun,26-Jun,27-Jun,28-Jun,29-Jun,30-Jun,24-Jun,25-Jun,26-Jun,27-Jun,28-Jun,29-Jun,30-Jun,3,3,4
Chhatrapati Sambhajinagar,Chhatrapati Sambhajinagar,Jalna,Partur,Partur,20094559,"120 Villages Extension Scheme for Works Not Considered in 173 GRID WSS and 95 GRID WSS Tq. Partur, Mantha and Jalna Dist: Jalna",Satarawahegaon,1264,1,#VALUE!,#VALUE!,#VALUE!,0.15,0.3,0,0.42,,,,11.63,24.09,0.24,33.54,24-Jun,25-Jun,26-Jun,27-Jun,28-Jun,29-Jun,30-Jun,24-Jun,25-Jun,26-Jun,27-Jun,28-Jun,29-Jun,30-Jun,0,4,0
Chhatrapati Sambhajinagar,Chhatrapati Sambhajinagar,Jalna,Partur,Partur,20094559,"120 Villages Extension Scheme for Works Not Considered in 173 GRID WSS and 95 GRID WSS Tq. Partur, Mantha and Jalna Dist: Jalna",Pimprula (bk),1111,1,0.15,0.15,0.32,0.15,0.49,0.32,0,29.69,13.22,28.49,13.53,44.32,28.73,0.01,24-Jun,25-Jun,26-Jun,27-Jun,28-Jun,29-Jun,30-Jun,24-Jun,25-Jun,26-Jun,27-Jun,28-Jun,29-Jun,30-Jun,0,7,0
Chhatrapati Sambhajinagar,Chhatrapati Sambhajinagar,Jalna,Partur,Partur,20094559,"120 Villages Extension Scheme for Works Not Considered in 173 GRID WSS and 95 GRID WSS Tq. Partur, Mantha and Jalna Dist: Jalna",Babai,1088,1,1.41,1.41,0.26,1.33,0.46,0.02,0.28,0,0,0,122.49,42.18,1.96,25.67,24-Jun,25-Jun,26-Jun,27-Jun,28-Jun,29-Jun,30-Jun,24-Jun,25-Jun,26-Jun,27-Jun,28-Jun,29-Jun,30-Jun,3,6,1
Chhatrapati Sambhajinagar,Chhatrapati Sambhajinagar,Jalna,Partur,Partur,20094559,"120 Villages Extension Scheme for Works Not Considered in 173 GRID WSS and 95 GRID WSS Tq. Partur, Mantha and Jalna Dist: Jalna",Lingsa,2168,1,0,0,0,0,0,0,0,0,0,0,0,0,0,0,24-Jun,25-Jun,26-Jun,27-Jun,28-Jun,29-Jun,30-Jun,24-Jun,25-Jun,26-Jun,27-Jun,28-Jun,29-Jun,30-Jun,7,7,0
Chhatrapati Sambhajinagar,Chhatrapati Sambhajinagar,Jalna,Partur,Partur,20094559,"120 Villages Extension Scheme for Works Not Considered in 173 GRID WSS and 95 GRID WSS Tq. Partur, Mantha and Jalna Dist: Jalna",Raigavan,1839,1,0,0,0,0,0,0,0,0,0,0,0,0,0,0,24-Jun,25-Jun,26-Jun,27-Jun,28-Jun,29-Jun,30-Jun,24-Jun,25-Jun,26-Jun,27-Jun,28-Jun,29-Jun,30-Jun,7,7,0
Chhatrapati Sambhajinagar,Chhatrapati Sambhajinagar,Jalna,Partur,Partur,20094559,"120 Villages Extension Scheme for Works Not Considered in 173 GRID WSS and 95 GRID WSS Tq. Partur, Mantha and Jalna Dist: Jalna",Pimpali Dhamangaon,1892,1,#VALUE!,#VALUE!,#VALUE!,1.23,1.19,1.24,1.15,,,,65,62.68,65.42,60.86,24-Jun,25-Jun,26-Jun,27-Jun,28-Jun,29-Jun,30-Jun,24-Jun,25-Jun,26-Jun,27-Jun,28-Jun,29-Jun,30-Jun,0,0,4
Chhatrapati Sambhajinagar,Chhatrapati Sambhajinagar,Jalna,Partur,Partur,20094559,"120 Villages Extension Scheme for Works Not Considered in 173 GRID WSS and 95 GRID WSS Tq. Partur, Mantha and Jalna Dist: Jalna",Shreshti Tanda,574,1,0,0,0,0.06,0,0,0,0,0,0,10.65,0.04,0,0,24-Jun,25-Jun,26-Jun,27-Jun,28-Jun,29-Jun,30-Jun,24-Jun,25-Jun,26-Jun,27-Jun,28-Jun,29-Jun,30-Jun,5,7,0
Chhatrapati Sambhajinagar,Chhatrapati Sambhajinagar,Jalna,Partur,Partur,20094559,"120 Villages Extension Scheme for Works Not Considered in 173 GRID WSS and 95 GRID WSS Tq. Partur, Mantha and Jalna Dist: Jalna",Hatadi,1759,1,0,0,0,0,0,0,0,0,0,0,0,0,0,0,24-Jun,25-Jun,26-Jun,27-Jun,28-Jun,29-Jun,30-Jun,24-Jun,25-Jun,26-Jun,27-Jun,28-Jun,29-Jun,30-Jun,7,7,0
Chhatrapati Sambhajinagar,Chhatrapati Sambhajinagar,Jalna,Partur,Partur,20094559,"120 Villages Extension Scheme for Works Not Considered in 173 GRID WSS and 95 GRID WSS Tq. Partur, Mantha and Jalna Dist: Jalna",Soyajanna,1238,2,0.32,0.32,0,0.01,0.28,0,0.39,1.11,26.2,0,0.77,22.23,0,31.5,24-Jun,25-Jun,26-Jun,27-Jun,28-Jun,29-Jun,30-Jun,24-Jun,25-Jun,26-Jun,27-Jun,28-Jun,29-Jun,30-Jun,2,7,0
Chhatrapati Sambhajinagar,Chhatrapati Sambhajinagar,Jalna,Partur,Partur,20094559,"120 Villages Extension Scheme for Works Not Considered in 173 GRID WSS and 95 GRID WSS Tq. Partur, Mantha and Jalna Dist: Jalna",Yenora,2262,1,0,0,0,0,0,0,0.12,0,0,0,0,0,0,5.31,24-Jun,25-Jun,26-Jun,27-Jun,28-Jun,29-Jun,30-Jun,24-Jun,25-Jun,26-Jun,27-Jun,28-Jun,29-Jun,30-Jun,6,7,0
Chhatrapati Sambhajinagar,Chhatrapati Sambhajinagar,Jalna,Partur,Partur,20094559,"120 Villages Extension Scheme for Works Not Considered in 173 GRID WSS and 95 GRID WSS Tq. Partur, Mantha and Jalna Dist: Jalna",Likhitpimpri,1174,1,0.33,0.33,0.26,0,0.18,0.27,0.16,20.44,28.11,22.15,0,15.33,23,13.63,24-Jun,25-Jun,26-Jun,27-Jun,28-Jun,29-Jun,30-Jun,24-Jun,25-Jun,26-Jun,27-Jun,28-Jun,29-Jun,30-Jun,1,7,0
Chhatrapati Sambhajinagar,Chhatrapati Sambhajinagar,Jalna,Partur,Partur,20094559,"120 Villages Extension Scheme for Works Not Considered in 173 GRID WSS and 95 GRID WSS Tq. Partur, Mantha and Jalna Dist: Jalna",Watur Fata,4297,1,0,0,0,0,0,0,0,0,0,0,0,0,0,0,24-Jun,25-Jun,26-Jun,27-Jun,28-Jun,29-Jun,30-Jun,24-Jun,25-Jun,26-Jun,27-Jun,28-Jun,29-Jun,30-Jun,7,7,0
Chhatrapati Sambhajinagar,Chhatrapati Sambhajinagar,Jalna,Partur,Partur,20094559,"120 Villages Extension Scheme for Works Not Considered in 173 GRID WSS and 95 GRID WSS Tq. Partur, Mantha and Jalna Dist: Jalna",Singhona,2345,1,0.57,0.57,0,0,0,0,0,0,24.5,0,0,0,0,0,24-Jun,25-Jun,26-Jun,27-Jun,28-Jun,29-Jun,30-Jun,24-Jun,25-Jun,26-Jun,27-Jun,28-Jun,29-Jun,30-Jun,6,7,0
Chhatrapati Sambhajinagar,Chhatrapati Sambhajinagar,Jalna,Partur,Partur,20094559,"120 Villages Extension Scheme for Works Not Considered in 173 GRID WSS and 95 GRID WSS Tq. Partur, Mantha and Jalna Dist: Jalna",Shelavda,521,1,#VALUE!,#VALUE!,#VALUE!,0,0,0,0,,,,0,0,0,0,24-Jun,25-Jun,26-Jun,27-Jun,28-Jun,29-Jun,30-Jun,24-Jun,25-Jun,26-Jun,27-Jun,28-Jun,29-Jun,30-Jun,4,4,0
Chhatrapati Sambhajinagar,Chhatrapati Sambhajinagar,Jalna,Partur,Partur,20094559,"120 Villages Extension Scheme for Works Not Considered in 173 GRID WSS and 95 GRID WSS Tq. Partur, Mantha and Jalna Dist: Jalna",Daithana Kh.,1844,1,#VALUE!,#VALUE!,#VALUE!,0,0,0,0,,,,0,0,0,0,24-Jun,25-Jun,26-Jun,27-Jun,28-Jun,29-Jun,30-Jun,24-Jun,25-Jun,26-Jun,27-Jun,28-Jun,29-Jun,30-Jun,4,4,0
Chhatrapati Sambhajinagar,Chhatrapati Sambhajinagar,Jalna,Partur,Partur,20094559,"120 Villages Extension Scheme for Works Not Considered in 173 GRID WSS and 95 GRID WSS Tq. Partur, Mantha and Jalna Dist: Jalna",Sankanpuri,1994,1,#VALUE!,#VALUE!,#VALUE!,0,0,0,0,,,,0,0,0,0,24-Jun,25-Jun,26-Jun,27-Jun,28-Jun,29-Jun,30-Jun,24-Jun,25-Jun,26-Jun,27-Jun,28-Jun,29-Jun,30-Jun,4,4,0
Chhatrapati Sambhajinagar,Chhatrapati Sambhajinagar,Jalna,Partur,Partur,20094559,"120 Villages Extension Scheme for Works Not Considered in 173 GRID WSS and 95 GRID WSS Tq. Partur, Mantha and Jalna Dist: Jalna",Dhokmal Tanda,1058,1,0,0,0,0,0,0,0,0,0,0,0,0,0,0,24-Jun,25-Jun,26-Jun,27-Jun,28-Jun,29-Jun,30-Jun,24-Jun,25-Jun,26-Jun,27-Jun,28-Jun,29-Jun,30-Jun,7,7,0
Chhatrapati Sambhajinagar,Chhatrapati Sambhajinagar,Jalna,Partur,Partur,20094559,"120 Villages Extension Scheme for Works Not Considered in 173 GRID WSS and 95 GRID WSS Tq. Partur, Mantha and Jalna Dist: Jalna",Patoda Mav,2967,1,0,0,0,0,0,0,0,0.03,0.03,0.04,0.03,0.01,0.03,0.03,24-Jun,25-Jun,26-Jun,27-Jun,28-Jun,29-Jun,30-Jun,24-Jun,25-Jun,26-Jun,27-Jun,28-Jun,29-Jun,30-Jun,0,7,0
Chhatrapati Sambhajinagar,Chhatrapati Sambhajinagar,Jalna,Partur,Partur,20094559,"120 Villages Extension Scheme for Works Not Considered in 173 GRID WSS and 95 GRID WSS Tq. Partur, Mantha and Jalna Dist: Jalna",Varphal,3649,1,0,0,0,0,0,0,0,0,0,0,0,0,0,0,24-Jun,25-Jun,26-Jun,27-Jun,28-Jun,29-Jun,30-Jun,24-Jun,25-Jun,26-Jun,27-Jun,28-Jun,29-Jun,30-Jun,7,7,0
Chhatrapati Sambhajinagar,Chhatrapati Sambhajinagar,Jalna,Partur,Partur,20094559,"120 Villages Extension Scheme for Works Not Considered in 173 GRID WSS and 95 GRID WSS Tq. Partur, Mantha and Jalna Dist: Jalna",Devala,1141,1,0.73,0.73,0,0.81,0.99,0,0.33,0,0,0,70.99,86.77,0,28.92,24-Jun,25-Jun,26-Jun,27-Jun,28-Jun,29-Jun,30-Jun,24-Jun,25-Jun,26-Jun,27-Jun,28-Jun,29-Jun,30-Jun,4,5,2
Chhatrapati Sambhajinagar,Chhatrapati Sambhajinagar,Jalna,Partur,Partur,20094559,"120 Villages Extension Scheme for Works Not Considered in 173 GRID WSS and 95 GRID WSS Tq. Partur, Mantha and Jalna Dist: Jalna",Khandvi,2404,1,0,0,0,0,0,0,0,0,0,0,0,0,0,0,24-Jun,25-Jun,26-Jun,27-Jun,28-Jun,29-Jun,30-Jun,24-Jun,25-Jun,26-Jun,27-Jun,28-Jun,29-Jun,30-Jun,7,7,0
Chhatrapati Sambhajinagar,Chhatrapati Sambhajinagar,Jalna,Partur,Partur,20094559,"120 Villages Extension Scheme for Works Not Considered in 173 GRID WSS and 95 GRID WSS Tq. Partur, Mantha and Jalna Dist: Jalna",Kokate Hatgaon,3363,2,#VALUE!,#VALUE!,#VALUE!,0,0,0,0,,,,0,0,0,0.01,24-Jun,25-Jun,26-Jun,27-Jun,28-Jun,29-Jun,30-Jun,24-Jun,25-Jun,26-Jun,27-Jun,28-Jun,29-Jun,30-Jun,3,4,0
Chhatrapati Sambhajinagar,Chhatrapati Sambhajinagar,Jalna,Partur,Partur,20094559,"120 Villages Extension Scheme for Works Not Considered in 173 GRID WSS and 95 GRID WSS Tq. Partur, Mantha and Jalna Dist: Jalna",Salgaon,1029,1,#VALUE!,#VALUE!,#VALUE!,0,0.01,0.2,0.6,,,,0,0.97,19.44,58.31,24-Jun,25-Jun,26-Jun,27-Jun,28-Jun,29-Jun,30-Jun,24-Jun,25-Jun,26-Jun,27-Jun,28-Jun,29-Jun,30-Jun,1,3,1
Chhatrapati Sambhajinagar,Chhatrapati Sambhajinagar,Jalna,Partur,Partur,20094559,"120 Villages Extension Scheme for Works Not Considered in 173 GRID WSS and 95 GRID WSS Tq. Partur, Mantha and Jalna Dist: Jalna",Paratwadi,2311,1,#VALUE!,#VALUE!,#VALUE!,0.44,0.16,0,0,,,,19.04,6.91,0,0,24-Jun,25-Jun,26-Jun,27-Jun,28-Jun,29-Jun,30-Jun,24-Jun,25-Jun,26-Jun,27-Jun,28-Jun,29-Jun,30-Jun,2,4,0
Chhatrapati Sambhajinagar,Chhatrapati Sambhajinagar,Jalna,Partur,Partur,20094559,"120 Villages Extension Scheme for Works Not Considered in 173 GRID WSS and 95 GRID WSS Tq. Partur, Mantha and Jalna Dist: Jalna",Chincholi,1805,1,#VALUE!,#VALUE!,#VALUE!,0,0,0,0,,,,0,0,0,0,24-Jun,25-Jun,26-Jun,27-Jun,28-Jun,29-Jun,30-Jun,24-Jun,25-Jun,26-Jun,27-Jun,28-Jun,29-Jun,30-Jun,4,4,0
Chhatrapati Sambhajinagar,Chhatrapati Sambhajinagar,Jalna,Partur,Partur,20094559,"120 Villages Extension Scheme for Works Not Considered in 173 GRID WSS and 95 GRID WSS Tq. Partur, Mantha and Jalna Dist: Jalna",Walkhed,1443,1,0,0,0,0,0,0,0,0.07,0.15,0,0.04,0,0,0,24-Jun,25-Jun,26-Jun,27-Jun,28-Jun,29-Jun,30-Jun,24-Jun,25-Jun,26-Jun,27-Jun,28-Jun,29-Jun,30-Jun,4,7,0
Chhatrapati Sambhajinagar,Chhatrapati Sambhajinagar,Jalna,Partur,Partur,20094559,"120 Villages Extension Scheme for Works Not Considered in 173 GRID WSS and 95 GRID WSS Tq. Partur, Mantha and Jalna Dist: Jalna",Varphalwadi,1029,1,0,0,0.7,0.15,1.15,0,0.92,73.86,0,68.03,14.58,111.76,0,89.41,24-Jun,25-Jun,26-Jun,27-Jun,28-Jun,29-Jun,30-Jun,24-Jun,25-Jun,26-Jun,27-Jun,28-Jun,29-Jun,30-Jun,2,3,4
Chhatrapati Sambhajinagar,Chhatrapati Sambhajinagar,Jalna,Partur,Partur,20094559,"120 Villages Extension Scheme for Works Not Considered in 173 GRID WSS and 95 GRID WSS Tq. Partur, Mantha and Jalna Dist: Jalna",Raniwahegaon,1131,2,1.24,1.24,0,0,0.79,0.07,1.56,74.08,109.45,0,0,69.73,6.36,137.58,24-Jun,25-Jun,26-Jun,27-Jun,28-Jun,29-Jun,30-Jun,24-Jun,25-Jun,26-Jun,27-Jun,28-Jun,29-Jun,30-Jun,2,3,4
Chhatrapati Sambhajinagar,Chhatrapati Sambhajinagar,Jalna,Partur,Partur,20094559,"120 Villages Extension Scheme for Works Not Considered in 173 GRID WSS and 95 GRID WSS Tq. Partur, Mantha and Jalna Dist: Jalna",Koregaon,1388,1,#VALUE!,#VALUE!,#VALUE!,0,0.87,0,0.29,,,,0,62.68,0,20.89,24-Jun,25-Jun,26-Jun,27-Jun,28-Jun,29-Jun,30-Jun,24-Jun,25-Jun,26-Jun,27-Jun,28-Jun,29-Jun,30-Jun,2,3,1
Chhatrapati Sambhajinagar,Latur,Latur,Chakur,Chakur,20030459,Rachnawadi 6 villages WSS,Her Village,6571,1,0,0,0,0,0,0,0,0,0,0,0,0,0,0,24-Jun,25-Jun,26-Jun,27-Jun,28-Jun,29-Jun,30-Jun,24-Jun,25-Jun,26-Jun,27-Jun,28-Jun,29-Jun,30-Jun,7,7,0
Chhatrapati Sambhajinagar,Latur,Latur,Chakur,Chakur,20030459,Rachnawadi 6 villages WSS,Rachnawadi,2228,1,0,0,6.74,0.06,2.21,0.2,0.1,0.29,0,302.51,2.8,99.16,9.03,4.69,24-Jun,25-Jun,26-Jun,27-Jun,28-Jun,29-Jun,30-Jun,24-Jun,25-Jun,26-Jun,27-Jun,28-Jun,29-Jun,30-Jun,1,5,2
Chhatrapati Sambhajinagar,Latur,Latur,Renapur,Renapur,20030820,Pangaon 10 villages WSS,Ghansargaon,2815,1,0,0,0,0,0,0,0,0,0,0,0,0,0,0,24-Jun,25-Jun,26-Jun,27-Jun,28-Jun,29-Jun,30-Jun,24-Jun,25-Jun,26-Jun,27-Jun,28-Jun,29-Jun,30-Jun,7,7,0
Chhatrapati Sambhajinagar,Latur,Latur,Renapur,Renapur,20030820,Pangaon 10 villages WSS,Kharoli,8990,2,0,0,0,0,0,0,8.08,0,0,0,0,0,0,89.88,24-Jun,25-Jun,26-Jun,27-Jun,28-Jun,29-Jun,30-Jun,24-Jun,25-Jun,26-Jun,27-Jun,28-Jun,29-Jun,30-Jun,6,6,1
Chhatrapati Sambhajinagar,Latur,Latur,Renapur,Renapur,20030820,Pangaon 10 villages WSS,Manusmarwadi,1629,1,0.01,0.01,0,0,0,1.54,1.92,114.79,0.61,0,0,0,94.54,118.12,24-Jun,25-Jun,26-Jun,27-Jun,28-Jun,29-Jun,30-Jun,24-Jun,25-Jun,26-Jun,27-Jun,28-Jun,29-Jun,30-Jun,3,4,3
Chhatrapati Sambhajinagar,Latur,Latur,Renapur,Renapur,20030820,Pangaon 10 villages WSS,Murdav,1765,1,0,0,0,0,0,0,0,0,0,0,0,0,0,0,24-Jun,25-Jun,26-Jun,27-Jun,28-Jun,29-Jun,30-Jun,24-Jun,25-Jun,26-Jun,27-Jun,28-Jun,29-Jun,30-Jun,7,7,0
Chhatrapati Sambhajinagar,Latur,Latur,Renapur,Renapur,20030820,Pangaon 10 villages WSS,Pangaon,13738,3,0,0,3.26,0.88,0,1.35,2.59,0,0,23.73,6.41,0,9.83,18.85,24-Jun,25-Jun,26-Jun,27-Jun,28-Jun,29-Jun,30-Jun,24-Jun,25-Jun,26-Jun,27-Jun,28-Jun,29-Jun,30-Jun,3,7,0
Chhatrapati Sambhajinagar,Latur,Latur,Shirur Anantpal,Shirur Anantpal,20030815,Sakol 7 villages WSS,Kanegaon,1604,1,3.52,3.52,6.05,4.68,5.1,2.91,0.11,265.67,219.44,377.18,291.77,317.96,181.42,6.86,24-Jun,25-Jun,26-Jun,27-Jun,28-Jun,29-Jun,30-Jun,24-Jun,25-Jun,26-Jun,27-Jun,28-Jun,29-Jun,30-Jun,0,1,6
Chhatrapati Sambhajinagar,Latur,Latur,Shirur Anantpal,Shirur Anantpal,20030815,Sakol 7 villages WSS,Sakol,8777,2,1.86,1.86,0,0,2.18,4.34,3.57,30.19,21.19,0,0,24.84,49.45,40.67,24-Jun,25-Jun,26-Jun,27-Jun,28-Jun,29-Jun,30-Jun,24-Jun,25-Jun,26-Jun,27-Jun,28-Jun,29-Jun,30-Jun,2,7,0
Chhatrapati Sambhajinagar,Latur,Latur,Shirur Anantpal,Shirur Anantpal,20030815,Sakol 7 villages WSS,Tripal,1086,1,0,0,0,0,0,0,0,0,0,0,0,0,0,0,24-Jun,25-Jun,26-Jun,27-Jun,28-Jun,29-Jun,30-Jun,24-Jun,25-Jun,26-Jun,27-Jun,28-Jun,29-Jun,30-Jun,7,7,0
Chhatrapati Sambhajinagar,Nanded,Nanded,Hadgaon,Hadgaon,20013969,Hadgaon and Himayatnagar 132 Village Grid WSS,Babhali,2273,1,0.44,0.44,0,0.45,0.46,0.53,0.41,65.99,19.36,0,19.8,20.24,23.32,18.04,24-Jun,25-Jun,26-Jun,27-Jun,28-Jun,29-Jun,30-Jun,24-Jun,25-Jun,26-Jun,27-Jun,28-Jun,29-Jun,30-Jun,1,6,1
Chhatrapati Sambhajinagar,Nanded,Nanded,Hadgaon,Hadgaon,20013969,Hadgaon and Himayatnagar 132 Village Grid WSS,Baradshewala,2360,2,0.04,0.04,0.02,0,0,0.05,0.02,2.12,1.69,0.85,0,0,2.12,0.85,24-Jun,25-Jun,26-Jun,27-Jun,28-Jun,29-Jun,30-Jun,24-Jun,25-Jun,26-Jun,27-Jun,28-Jun,29-Jun,30-Jun,2,7,0
Chhatrapati Sambhajinagar,Nanded,Nanded,Hadgaon,Hadgaon,20013969,Hadgaon and Himayatnagar 132 Village Grid WSS,Bhanegaon Tanda,971,1,0,0,0.07,0.58,0,1.08,1.04,104.02,0,7.21,59.73,0,111.23,107.11,24-Jun,25-Jun,26-Jun,27-Jun,28-Jun,29-Jun,30-Jun,24-Jun,25-Jun,26-Jun,27-Jun,28-Jun,29-Jun,30-Jun,2,3,4
Chhatrapati Sambhajinagar,Nanded,Nanded,Hadgaon,Hadgaon,20013969,Hadgaon and Himayatnagar 132 Village Grid WSS,Brahmanwadi,525,1,0,0,0,0,0,0,0,0,0,0,0,0,0,0,24-Jun,25-Jun,26-Jun,27-Jun,28-Jun,29-Jun,30-Jun,24-Jun,25-Jun,26-Jun,27-Jun,28-Jun,29-Jun,30-Jun,7,7,0
Chhatrapati Sambhajinagar,Nanded,Nanded,Hadgaon,Hadgaon,20013969,Hadgaon and Himayatnagar 132 Village Grid WSS,Chinchgawhan,2440,1,0.35,0.35,0.09,0.07,0,0,0,2.87,14.34,3.69,2.87,0,0,0,24-Jun,25-Jun,26-Jun,27-Jun,28-Jun,29-Jun,30-Jun,24-Jun,25-Jun,26-Jun,27-Jun,28-Jun,29-Jun,30-Jun,3,7,0
Chhatrapati Sambhajinagar,Nanded,Nanded,Hadgaon,Hadgaon,20013969,Hadgaon and Himayatnagar 132 Village Grid WSS,Dhanora (Hastara),2529,1,745.43,745.43,2599.79,854.65,35.5,23.75,19.57,51.4,29475.29,102799.15,33793.92,1403.72,939.16,774,24-Jun,25-Jun,26-Jun,27-Jun,28-Jun,29-Jun,30-Jun,24-Jun,25-Jun,26-Jun,27-Jun,28-Jun,29-Jun,30-Jun,0,1,6
Chhatrapati Sambhajinagar,Nanded,Nanded,Hadgaon,Hadgaon,20013969,Hadgaon and Himayatnagar 132 Village Grid WSS,Dhanora (Tamsa),1380,1,0,0,0,0,0,0,0,0,0,0,0,0,0,0,24-Jun,25-Jun,26-Jun,27-Jun,28-Jun,29-Jun,30-Jun,24-Jun,25-Jun,26-Jun,27-Jun,28-Jun,29-Jun,30-Jun,7,7,0
Chhatrapati Sambhajinagar,Nanded,Nanded,Hadgaon,Hadgaon,20013969,Hadgaon and Himayatnagar 132 Village Grid WSS,Ekrala,1509,1,0,0,0,0,0,0,0,0,0,0,0,0,0,0,24-Jun,25-Jun,26-Jun,27-Jun,28-Jun,29-Jun,30-Jun,24-Jun,25-Jun,26-Jun,27-Jun,28-Jun,29-Jun,30-Jun,7,7,0
Chhatrapati Sambhajinagar,Nanded,Nanded,Hadgaon,Hadgaon,20013969,Hadgaon and Himayatnagar 132 Village Grid WSS,Gargavhan,264,1,14.66,14.66,16.71,19.06,14.18,13.27,14.36,4219.7,5553.03,6329.55,7219.7,5371.21,5026.52,5438.98,24-Jun,25-Jun,26-Jun,27-Jun,28-Jun,29-Jun,30-Jun,24-Jun,25-Jun,26-Jun,27-Jun,28-Jun,29-Jun,30-Jun,0,0,7
Chhatrapati Sambhajinagar,Nanded,Nanded,Hadgaon,Hadgaon,20013969,Hadgaon and Himayatnagar 132 Village Grid WSS,Ghogri,1237,1,4.97,4.97,0,4.42,0,0,5.26,0.81,401.78,0,357.32,0,0,425.22,24-Jun,25-Jun,26-Jun,27-Jun,28-Jun,29-Jun,30-Jun,24-Jun,25-Jun,26-Jun,27-Jun,28-Jun,29-Jun,30-Jun,3,4,3
Chhatrapati Sambhajinagar,Nanded,Nanded,Hadgaon,Hadgaon,20013969,Hadgaon and Himayatnagar 132 Village Grid WSS,Gorlegaon,2313,1,0,0,0,0,0,0,0,0,0,0,0,0,0,0,24-Jun,25-Jun,26-Jun,27-Jun,28-Jun,29-Jun,30-Jun,24-Jun,25-Jun,26-Jun,27-Jun,28-Jun,29-Jun,30-Jun,7,7,0
Chhatrapati Sambhajinagar,Nanded,Nanded,Hadgaon,Hadgaon,20013969,Hadgaon and Himayatnagar 132 Village Grid WSS,Hadsani,1944,1,11.61,11.61,12.48,11.65,11.78,12.55,13.44,641.46,597.22,641.98,599.28,605.97,645.58,691.36,24-Jun,25-Jun,26-Jun,27-Jun,28-Jun,29-Jun,30-Jun,24-Jun,25-Jun,26-Jun,27-Jun,28-Jun,29-Jun,30-Jun,0,0,7
Chhatrapati Sambhajinagar,Nanded,Nanded,Hadgaon,Hadgaon,20013969,Hadgaon and Himayatnagar 132 Village Grid WSS,Hardaf,2364,1,0,0,0,0,0,0,0,0,0,0,0,0,0,0,24-Jun,25-Jun,26-Jun,27-Jun,28-Jun,29-Jun,30-Jun,24-Jun,25-Jun,26-Jun,27-Jun,28-Jun,29-Jun,30-Jun,7,7,0
Chhatrapati Sambhajinagar,Nanded,Nanded,Hadgaon,Hadgaon,20013969,Hadgaon and Himayatnagar 132 Village Grid WSS,Kedarguda,1564,1,12.41,12.41,2.07,17.02,2.46,5.66,4.94,664.32,793.48,132.35,1088.24,157.29,361.89,315.86,24-Jun,25-Jun,26-Jun,27-Jun,28-Jun,29-Jun,30-Jun,24-Jun,25-Jun,26-Jun,27-Jun,28-Jun,29-Jun,30-Jun,0,0,7
Chhatrapati Sambhajinagar,Nanded,Nanded,Hadgaon,Hadgaon,20013969,Hadgaon and Himayatnagar 132 Village Grid WSS,Kharbi,1461,1,0.82,0.82,3.52,3.59,1.86,0.83,0,45.17,56.13,240.93,245.72,127.31,56.81,0,24-Jun,25-Jun,26-Jun,27-Jun,28-Jun,29-Jun,30-Jun,24-Jun,25-Jun,26-Jun,27-Jun,28-Jun,29-Jun,30-Jun,1,2,5
Chhatrapati Sambhajinagar,Nanded,Nanded,Hadgaon,Hadgaon,20013969,Hadgaon and Himayatnagar 132 Village Grid WSS,Kolgaon,752,1,0,0,0,0,0,0,0,0,0,0,0,0,0,0,24-Jun,25-Jun,26-Jun,27-Jun,28-Jun,29-Jun,30-Jun,24-Jun,25-Jun,26-Jun,27-Jun,28-Jun,29-Jun,30-Jun,7,7,0
Chhatrapati Sambhajinagar,Nanded,Nanded,Hadgaon,Hadgaon,20013969,Hadgaon and Himayatnagar 132 Village Grid WSS,Koli,3873,1,0,0,0,0,0,0,0,0,0,0,0,0,0,0,24-Jun,25-Jun,26-Jun,27-Jun,28-Jun,29-Jun,30-Jun,24-Jun,25-Jun,26-Jun,27-Jun,28-Jun,29-Jun,30-Jun,7,7,0
Chhatrapati Sambhajinagar,Nanded,Nanded,Hadgaon,Hadgaon,20013969,Hadgaon and Himayatnagar 132 Village Grid WSS,Krushnapur,664,1,0,0,0,0,0,0,0,0,0,0,0,0,0,0,24-Jun,25-Jun,26-Jun,27-Jun,28-Jun,29-Jun,30-Jun,24-Jun,25-Jun,26-Jun,27-Jun,28-Jun,29-Jun,30-Jun,7,7,0
Chhatrapati Sambhajinagar,Nanded,Nanded,Hadgaon,Hadgaon,20013969,Hadgaon and Himayatnagar 132 Village Grid WSS,Loha,2244,1,0,0,0,0,0,0,0,0,0,0,0,0,0,0,24-Jun,25-Jun,26-Jun,27-Jun,28-Jun,29-Jun,30-Jun,24-Jun,25-Jun,26-Jun,27-Jun,28-Jun,29-Jun,30-Jun,7,7,0
Chhatrapati Sambhajinagar,Nanded,Nanded,Hadgaon,Hadgaon,20013969,Hadgaon and Himayatnagar 132 Village Grid WSS,Mahatala,1569,1,0,0,0,0,0,0,0,0,0,0,0,0,0,0,24-Jun,25-Jun,26-Jun,27-Jun,28-Jun,29-Jun,30-Jun,24-Jun,25-Jun,26-Jun,27-Jun,28-Jun,29-Jun,30-Jun,7,7,0
Chhatrapati Sambhajinagar,Nanded,Nanded,Hadgaon,Hadgaon,20013969,Hadgaon and Himayatnagar 132 Village Grid WSS,Mardga,3172,1,0,0,0.13,1.82,0,0,0,0,0,4.1,57.38,0,0,0,24-Jun,25-Jun,26-Jun,27-Jun,28-Jun,29-Jun,30-Jun,24-Jun,25-Jun,26-Jun,27-Jun,28-Jun,29-Jun,30-Jun,5,6,1
Chhatrapati Sambhajinagar,Nanded,Nanded,Hadgaon,Hadgaon,20013969,Hadgaon and Himayatnagar 132 Village Grid WSS,Nevri,2518,1,0,0,0,0,0,0,0,0,0,0,0,0,0,0,24-Jun,25-Jun,26-Jun,27-Jun,28-Jun,29-Jun,30-Jun,24-Jun,25-Jun,26-Jun,27-Jun,28-Jun,29-Jun,30-Jun,7,7,0
Chhatrapati Sambhajinagar,Nanded,Nanded,Hadgaon,Hadgaon,20013969,Hadgaon and Himayatnagar 132 Village Grid WSS,Newarwadi,1251,1,0,0,0,0,0,0,0,0,0,0,0,0,0,0,24-Jun,25-Jun,26-Jun,27-Jun,28-Jun,29-Jun,30-Jun,24-Jun,25-Jun,26-Jun,27-Jun,28-Jun,29-Jun,30-Jun,7,7,0
Chhatrapati Sambhajinagar,Nanded,Nanded,Hadgaon,Hadgaon,20013969,Hadgaon and Himayatnagar 132 Village Grid WSS,Niwdha,8189,1,2.33,2.33,1.13,3.5,2.66,2.45,4.78,16.61,28.45,13.8,42.74,32.48,29.92,58.33,24-Jun,25-Jun,26-Jun,27-Jun,28-Jun,29-Jun,30-Jun,24-Jun,25-Jun,26-Jun,27-Jun,28-Jun,29-Jun,30-Jun,0,6,1
Chhatrapati Sambhajinagar,Nanded,Nanded,Hadgaon,Hadgaon,20013969,Hadgaon and Himayatnagar 132 Village Grid WSS,Palsa,3436,1,0.9,0.9,2.69,0.01,0,0.8,0.25,9.6,26.19,78.29,0.29,0,23.28,7.28,24-Jun,25-Jun,26-Jun,27-Jun,28-Jun,29-Jun,30-Jun,24-Jun,25-Jun,26-Jun,27-Jun,28-Jun,29-Jun,30-Jun,1,6,1
Chhatrapati Sambhajinagar,Nanded,Nanded,Hadgaon,Hadgaon,20013969,Hadgaon and Himayatnagar 132 Village Grid WSS,Pangri (Manatha),772,1,0,0,0,0,0,0,0,0,0,0,0,0,0,0,24-Jun,25-Jun,26-Jun,27-Jun,28-Jun,29-Jun,30-Jun,24-Jun,25-Jun,26-Jun,27-Jun,28-Jun,29-Jun,30-Jun,7,7,0
Chhatrapati Sambhajinagar,Nanded,Nanded,Hadgaon,Hadgaon,20013969,Hadgaon and Himayatnagar 132 Village Grid WSS,Pingli,460,1,1.18,1.18,1.3,1.36,1.41,1.32,1.05,271.74,256.52,282.61,295.65,306.52,286.96,228.26,24-Jun,25-Jun,26-Jun,27-Jun,28-Jun,29-Jun,30-Jun,24-Jun,25-Jun,26-Jun,27-Jun,28-Jun,29-Jun,30-Jun,0,0,7
Chhatrapati Sambhajinagar,Nanded,Nanded,Hadgaon,Hadgaon,20013969,Hadgaon and Himayatnagar 132 Village Grid WSS,Rawangaon (Manatha),1463,1,0,0,0,0,0,0,0,0,0,0,0,0,0,0,24-Jun,25-Jun,26-Jun,27-Jun,28-Jun,29-Jun,30-Jun,24-Jun,25-Jun,26-Jun,27-Jun,28-Jun,29-Jun,30-Jun,7,7,0
Chhatrapati Sambhajinagar,Nanded,Nanded,Hadgaon,Hadgaon,20013969,Hadgaon and Himayatnagar 132 Village Grid WSS,Rui,3670,1,0,0,0,0,0,0,0,0,0,0,0,0,0,0,24-Jun,25-Jun,26-Jun,27-Jun,28-Jun,29-Jun,30-Jun,24-Jun,25-Jun,26-Jun,27-Jun,28-Jun,29-Jun,30-Jun,7,7,0
Chhatrapati Sambhajinagar,Nanded,Nanded,Hadgaon,Hadgaon,20013969,Hadgaon and Himayatnagar 132 Village Grid WSS,Sapti,2440,1,0,0,0,1.47,1.03,0,6.87,85.25,0,0,60.25,42.21,0,281.56,24-Jun,25-Jun,26-Jun,27-Jun,28-Jun,29-Jun,30-Jun,24-Jun,25-Jun,26-Jun,27-Jun,28-Jun,29-Jun,30-Jun,3,4,3
Chhatrapati Sambhajinagar,Nanded,Nanded,Hadgaon,Hadgaon,20013969,Hadgaon and Himayatnagar 132 Village Grid WSS,Sawargaon,4448,1,0,0,0,0,0,0,0,0,0,0,0,0,0,0,24-Jun,25-Jun,26-Jun,27-Jun,28-Jun,29-Jun,30-Jun,24-Jun,25-Jun,26-Jun,27-Jun,28-Jun,29-Jun,30-Jun,7,7,0
Chhatrapati Sambhajinagar,Nanded,Nanded,Hadgaon,Hadgaon,20013969,Hadgaon and Himayatnagar 132 Village Grid WSS,Shendan,526,1,0,0,0,0,0,0,0,0,0,0,0,0,0,0,24-Jun,25-Jun,26-Jun,27-Jun,28-Jun,29-Jun,30-Jun,24-Jun,25-Jun,26-Jun,27-Jun,28-Jun,29-Jun,30-Jun,7,7,0
Chhatrapati Sambhajinagar,Nanded,Nanded,Hadgaon,Hadgaon,20013969,Hadgaon and Himayatnagar 132 Village Grid WSS,Shirad,4587,1,0,0,0,0,0,0,0,0,0,0,0,0,0,0,24-Jun,25-Jun,26-Jun,27-Jun,28-Jun,29-Jun,30-Jun,24-Jun,25-Jun,26-Jun,27-Jun,28-Jun,29-Jun,30-Jun,7,7,0
Chhatrapati Sambhajinagar,Nanded,Nanded,Hadgaon,Hadgaon,20013969,Hadgaon and Himayatnagar 132 Village Grid WSS,Shivani,823,1,0,0,0,0,0,0,0,0,0,0,0,0,0,0,24-Jun,25-Jun,26-Jun,27-Jun,28-Jun,29-Jun,30-Jun,24-Jun,25-Jun,26-Jun,27-Jun,28-Jun,29-Jun,30-Jun,7,7,0
Chhatrapati Sambhajinagar,Nanded,Nanded,Hadgaon,Hadgaon,20013969,Hadgaon and Himayatnagar 132 Village Grid WSS,Talang,579,1,0,0,0,0,0,0.01,0,0,0,0,0,0,1.73,0,24-Jun,25-Jun,26-Jun,27-Jun,28-Jun,29-Jun,30-Jun,24-Jun,25-Jun,26-Jun,27-Jun,28-Jun,29-Jun,30-Jun,6,7,0
Chhatrapati Sambhajinagar,Nanded,Nanded,Hadgaon,Hadgaon,20013969,Hadgaon and Himayatnagar 132 Village Grid WSS,Talegaon,2044,1,0,0,0,0,0,0,0,0,0,0,0,0,0,0,24-Jun,25-Jun,26-Jun,27-Jun,28-Jun,29-Jun,30-Jun,24-Jun,25-Jun,26-Jun,27-Jun,28-Jun,29-Jun,30-Jun,7,7,0
Chhatrapati Sambhajinagar,Nanded,Nanded,Hadgaon,Hadgaon,20013969,Hadgaon and Himayatnagar 132 Village Grid WSS,Talni,7037,1,0.61,0.61,0,0.55,0,0.57,0.46,0,8.67,0,7.82,0,8.1,6.54,24-Jun,25-Jun,26-Jun,27-Jun,28-Jun,29-Jun,30-Jun,24-Jun,25-Jun,26-Jun,27-Jun,28-Jun,29-Jun,30-Jun,3,7,0
Chhatrapati Sambhajinagar,Nanded,Nanded,Hadgaon,Hadgaon,20013969,Hadgaon and Himayatnagar 132 Village Grid WSS,Umri (Daryabai),2262,1,0,0,0,0,0,0,0,0,0,0,0,0,0,0,24-Jun,25-Jun,26-Jun,27-Jun,28-Jun,29-Jun,30-Jun,24-Jun,25-Jun,26-Jun,27-Jun,28-Jun,29-Jun,30-Jun,7,7,0
Chhatrapati Sambhajinagar,Nanded,Nanded,Hadgaon,Hadgaon,20013969,Hadgaon and Himayatnagar 132 Village Grid WSS,Umri Ja.,2492,1,0,0,0,0,0,0,0,0,0,0,0,0,0,0,24-Jun,25-Jun,26-Jun,27-Jun,28-Jun,29-Jun,30-Jun,24-Jun,25-Jun,26-Jun,27-Jun,28-Jun,29-Jun,30-Jun,7,7,0
Chhatrapati Sambhajinagar,Nanded,Nanded,Hadgaon,Hadgaon,20013969,Hadgaon and Himayatnagar 132 Village Grid WSS,Umri kh,1022,1,0.59,0.59,0,1.73,4.21,0.57,1.4,80.23,57.73,0,169.28,411.76,55.77,136.99,24-Jun,25-Jun,26-Jun,27-Jun,28-Jun,29-Jun,30-Jun,24-Jun,25-Jun,26-Jun,27-Jun,28-Jun,29-Jun,30-Jun,1,1,6
Chhatrapati Sambhajinagar,Nanded,Nanded,Hadgaon,Hadgaon,20013969,Hadgaon and Himayatnagar 132 Village Grid WSS,Unchada,1881,1,0,0,1.23,0.05,0.05,0.04,0.06,0,0,65.39,2.66,2.66,2.13,3.19,24-Jun,25-Jun,26-Jun,27-Jun,28-Jun,29-Jun,30-Jun,24-Jun,25-Jun,26-Jun,27-Jun,28-Jun,29-Jun,30-Jun,2,6,1
Chhatrapati Sambhajinagar,Nanded,Nanded,Hadgaon,Hadgaon,20013969,Hadgaon and Himayatnagar 132 Village Grid WSS,Unchegaon,1958,1,0,0,0,0.3,0.77,0,0,2.49,0,0,15.18,39.48,0,0,24-Jun,25-Jun,26-Jun,27-Jun,28-Jun,29-Jun,30-Jun,24-Jun,25-Jun,26-Jun,27-Jun,28-Jun,29-Jun,30-Jun,4,7,0
Chhatrapati Sambhajinagar,Nanded,Nanded,Hadgaon,Hadgaon,20013969,Hadgaon and Himayatnagar 132 Village Grid WSS,Wadgaon BK.,1840,1,0,0,0,0,0,0,0,0,0,0,0,0,0,0,24-Jun,25-Jun,26-Jun,27-Jun,28-Jun,29-Jun,30-Jun,24-Jun,25-Jun,26-Jun,27-Jun,28-Jun,29-Jun,30-Jun,7,7,0
Chhatrapati Sambhajinagar,Nanded,Nanded,Hadgaon,Hadgaon,20013969,Hadgaon and Himayatnagar 132 Village Grid WSS,Wai Pana Bk,3017,1,0,0,0,0,0,0,0,0,0,0,0,0,0,0,24-Jun,25-Jun,26-Jun,27-Jun,28-Jun,29-Jun,30-Jun,24-Jun,25-Jun,26-Jun,27-Jun,28-Jun,29-Jun,30-Jun,7,7,0
Chhatrapati Sambhajinagar,Nanded,Nanded,Hadgaon,Hadgaon,20013969,Hadgaon and Himayatnagar 132 Village Grid WSS,Yelamb,2225,1,0,0,0,0,0,0,0,0,0,0,0,0,0,0,24-Jun,25-Jun,26-Jun,27-Jun,28-Jun,29-Jun,30-Jun,24-Jun,25-Jun,26-Jun,27-Jun,28-Jun,29-Jun,30-Jun,7,7,0
Chhatrapati Sambhajinagar,Nanded,Nanded,Himayatnagar,Himayatnagar,20013969,Hadgaon and Himayatnagar 132 Village Grid WSS,Ashti,4091,1,0,0,0,0,0,0,0,0,0,0,0,0,0,0,24-Jun,25-Jun,26-Jun,27-Jun,28-Jun,29-Jun,30-Jun,24-Jun,25-Jun,26-Jun,27-Jun,28-Jun,29-Jun,30-Jun,7,7,0
Chhatrapati Sambhajinagar,Nanded,Nanded,Himayatnagar,Himayatnagar,20013969,Hadgaon and Himayatnagar 132 Village Grid WSS,Borgadi,1212,1,0,0,0,0,0,0,0,0,0,0,0,0,0,0,24-Jun,25-Jun,26-Jun,27-Jun,28-Jun,29-Jun,30-Jun,24-Jun,25-Jun,26-Jun,27-Jun,28-Jun,29-Jun,30-Jun,7,7,0
Chhatrapati Sambhajinagar,Nanded,Nanded,Himayatnagar,Himayatnagar,20013969,Hadgaon and Himayatnagar 132 Village Grid WSS,Borgaon (Tamsa),787,1,0,0,0,0,0,0,0,0,0,0,0,0,0,0,24-Jun,25-Jun,26-Jun,27-Jun,28-Jun,29-Jun,30-Jun,24-Jun,25-Jun,26-Jun,27-Jun,28-Jun,29-Jun,30-Jun,7,7,0
Chhatrapati Sambhajinagar,Nanded,Nanded,Himayatnagar,Himayatnagar,20013969,Hadgaon and Himayatnagar 132 Village Grid WSS,Dudhad,1232,1,0,0,0,0,0,0,0,0,0,0,0,0,0,0,24-Jun,25-Jun,26-Jun,27-Jun,28-Jun,29-Jun,30-Jun,24-Jun,25-Jun,26-Jun,27-Jun,28-Jun,29-Jun,30-Jun,7,7,0
Chhatrapati Sambhajinagar,Nanded,Nanded,Himayatnagar,Himayatnagar,20013969,Hadgaon and Himayatnagar 132 Village Grid WSS,Kamari,4301,1,0,0,0.08,0.08,14.71,0.05,0,0,0,1.86,1.86,342.01,1.16,0,24-Jun,25-Jun,26-Jun,27-Jun,28-Jun,29-Jun,30-Jun,24-Jun,25-Jun,26-Jun,27-Jun,28-Jun,29-Jun,30-Jun,3,6,1
Chhatrapati Sambhajinagar,Nanded,Nanded,Himayatnagar,Himayatnagar,20013969,Hadgaon and Himayatnagar 132 Village Grid WSS,Karanji,1346,1,2.26,2.26,0,4.18,6.35,1.93,4.76,275.63,167.9,0,310.55,471.77,143.39,353.64,24-Jun,25-Jun,26-Jun,27-Jun,28-Jun,29-Jun,30-Jun,24-Jun,25-Jun,26-Jun,27-Jun,28-Jun,29-Jun,30-Jun,1,1,6
Chhatrapati Sambhajinagar,Nanded,Nanded,Himayatnagar,Himayatnagar,20013969,Hadgaon and Himayatnagar 132 Village Grid WSS,Khadki (Bazar),3524,1,0,0,0,0,0,0,0,0,0,0,0,0,0,0,24-Jun,25-Jun,26-Jun,27-Jun,28-Jun,29-Jun,30-Jun,24-Jun,25-Jun,26-Jun,27-Jun,28-Jun,29-Jun,30-Jun,7,7,0
Chhatrapati Sambhajinagar,Nanded,Nanded,Himayatnagar,Himayatnagar,20013969,Hadgaon and Himayatnagar 132 Village Grid WSS,Khairgaon (jahagir),425,1,0,0,0,0,0,0,0,0,0,0,0,0.4,0,0,24-Jun,25-Jun,26-Jun,27-Jun,28-Jun,29-Jun,30-Jun,24-Jun,25-Jun,26-Jun,27-Jun,28-Jun,29-Jun,30-Jun,6,7,0
Chhatrapati Sambhajinagar,Nanded,Nanded,Himayatnagar,Himayatnagar,20013969,Hadgaon and Himayatnagar 132 Village Grid WSS,Mangrul,2278,1,0,0,0,0,0,0,0,0,0,0,0,0,0,0,24-Jun,25-Jun,26-Jun,27-Jun,28-Jun,29-Jun,30-Jun,24-Jun,25-Jun,26-Jun,27-Jun,28-Jun,29-Jun,30-Jun,7,7,0
Chhatrapati Sambhajinagar,Nanded,Nanded,Himayatnagar,Himayatnagar,20013969,Hadgaon and Himayatnagar 132 Village Grid WSS,Palaspur,2211,1,0,0,0,3.99,0,5.47,0,203.08,0,0,180.46,0,247.4,0,24-Jun,25-Jun,26-Jun,27-Jun,28-Jun,29-Jun,30-Jun,24-Jun,25-Jun,26-Jun,27-Jun,28-Jun,29-Jun,30-Jun,4,4,3
Chhatrapati Sambhajinagar,Nanded,Nanded,Himayatnagar,Himayatnagar,20013969,Hadgaon and Himayatnagar 132 Village Grid WSS,Pawana,2623,1,0,0,0,0,0,0,0,0,0,0,0,0,0,0,24-Jun,25-Jun,26-Jun,27-Jun,28-Jun,29-Jun,30-Jun,24-Jun,25-Jun,26-Jun,27-Jun,28-Jun,29-Jun,30-Jun,7,7,0
Chhatrapati Sambhajinagar,Nanded,Nanded,Himayatnagar,Himayatnagar,20013969,Hadgaon and Himayatnagar 132 Village Grid WSS,Pota (Bk),5377,1,0,0,0,0,0,0,0,0,0,0,0,0,0,0,24-Jun,25-Jun,26-Jun,27-Jun,28-Jun,29-Jun,30-Jun,24-Jun,25-Jun,26-Jun,27-Jun,28-Jun,29-Jun,30-Jun,7,7,0
Chhatrapati Sambhajinagar,Nanded,Nanded,Himayatnagar,Himayatnagar,20013969,Hadgaon and Himayatnagar 132 Village Grid WSS,Pota Kh.,787,1,0,0,0,0,0,0,0,0,0,0,0,0,0,0,24-Jun,25-Jun,26-Jun,27-Jun,28-Jun,29-Jun,30-Jun,24-Jun,25-Jun,26-Jun,27-Jun,28-Jun,29-Jun,30-Jun,7,7,0
Chhatrapati Sambhajinagar,Nanded,Nanded,Himayatnagar,Himayatnagar,20013969,Hadgaon and Himayatnagar 132 Village Grid WSS,Shibadara (J),1480,1,#VALUE!,#VALUE!,#VALUE!,0,0,0,0,,,,0,0,0,0,24-Jun,25-Jun,26-Jun,27-Jun,28-Jun,29-Jun,30-Jun,24-Jun,25-Jun,26-Jun,27-Jun,28-Jun,29-Jun,30-Jun,4,4,0
Chhatrapati Sambhajinagar,Nanded,Nanded,Himayatnagar,Himayatnagar,20013969,Hadgaon and Himayatnagar 132 Village Grid WSS,Tembhi,1927,1,0,0,0,0,0,0,0,0,0,0,0,0,0,0,24-Jun,25-Jun,26-Jun,27-Jun,28-Jun,29-Jun,30-Jun,24-Jun,25-Jun,26-Jun,27-Jun,28-Jun,29-Jun,30-Jun,7,7,0
Chhatrapati Sambhajinagar,Nanded,Nanded,Himayatnagar,Himayatnagar,20013969,Hadgaon and Himayatnagar 132 Village Grid WSS,Virsani,2817,1,1.63,1.63,0,0.88,0,0,0.89,46.5,57.86,0,31.24,0,0,31.59,24-Jun,25-Jun,26-Jun,27-Jun,28-Jun,29-Jun,30-Jun,24-Jun,25-Jun,26-Jun,27-Jun,28-Jun,29-Jun,30-Jun,3,6,1
Chhatrapati Sambhajinagar,Nanded,Nanded,Himayatnagar,Himayatnagar,20013969,Hadgaon and Himayatnagar 132 Village Grid WSS,Waghi,1428,1,5.7,5.7,0,0,6.02,4.17,5.5,429.97,399.16,0,0,421.57,292.02,385.15,24-Jun,25-Jun,26-Jun,27-Jun,28-Jun,29-Jun,30-Jun,24-Jun,25-Jun,26-Jun,27-Jun,28-Jun,29-Jun,30-Jun,2,2,5
Chhatrapati Sambhajinagar,Nanded,Nanded,Himayatnagar,Himayatnagar,20013969,Hadgaon and Himayatnagar 132 Village Grid WSS,Walkyachiwadi,4427,1,0,0,0,0,0,0,0,0,0,0,0,0,0,0,24-Jun,25-Jun,26-Jun,27-Jun,28-Jun,29-Jun,30-Jun,24-Jun,25-Jun,26-Jun,27-Jun,28-Jun,29-Jun,30-Jun,7,7,0
Chhatrapati Sambhajinagar,Nanded,Nanded,Himayatnagar,Himayatnagar,20013969,Hadgaon and Himayatnagar 132 Village Grid WSS,Yewli,3092,1,4.2,4.2,0.4,1.55,3.56,3.93,2.98,0,135.83,12.94,50.13,115.14,127.1,96.38,24-Jun,25-Jun,26-Jun,27-Jun,28-Jun,29-Jun,30-Jun,24-Jun,25-Jun,26-Jun,27-Jun,28-Jun,29-Jun,30-Jun,1,3,4
Chhatrapati Sambhajinagar,Nanded,Nanded,Kandhar,Kandhar,7338000,Osmamnagar Shirdhon Combined WSS,Bhutaychiwadi,905,1,0,0,0,0,0,0,0,0,0,0,0,0,0,0,24-Jun,25-Jun,26-Jun,27-Jun,28-Jun,29-Jun,30-Jun,24-Jun,25-Jun,26-Jun,27-Jun,28-Jun,29-Jun,30-Jun,7,7,0
Chhatrapati Sambhajinagar,Nanded,Nanded,Kandhar,Kandhar,7338000,Osmamnagar Shirdhon Combined WSS,Osmamnagar,,2,0,0,0,0,0,0,0,0,0,0,0,0,0,0,24-Jun,25-Jun,26-Jun,27-Jun,28-Jun,29-Jun,30-Jun,24-Jun,25-Jun,26-Jun,27-Jun,28-Jun,29-Jun,30-Jun,7,7,0
Chhatrapati Sambhajinagar,Nanded,Nanded,Kandhar,Kandhar,7338000,Osmamnagar Shirdhon Combined WSS,Shiradhon,7804,3,0,0,0,0,0,0,0,0,0,0,0,0,0,0,24-Jun,25-Jun,26-Jun,27-Jun,28-Jun,29-Jun,30-Jun,24-Jun,25-Jun,26-Jun,27-Jun,28-Jun,29-Jun,30-Jun,7,7,0
Chhatrapati Sambhajinagar,Nanded,Nanded,Kandhar,Kandhar,7338000,Osmamnagar Shirdhon Combined WSS,Shirdhon Tanda,,1,0.6,0.6,0,0,0,0,0,0,0,0,0,0,0,0,24-Jun,25-Jun,26-Jun,27-Jun,28-Jun,29-Jun,30-Jun,24-Jun,25-Jun,26-Jun,27-Jun,28-Jun,29-Jun,30-Jun,7,7,0
Chhatrapati Sambhajinagar,Nanded,Nanded,Naigaon,Naigaon,7942142,Manjram WSS (7942142),Manjram,4704,1,0,0,0,0,0,0,0,0,0,0,0,0,0,0,24-Jun,25-Jun,26-Jun,27-Jun,28-Jun,29-Jun,30-Jun,24-Jun,25-Jun,26-Jun,27-Jun,28-Jun,29-Jun,30-Jun,7,7,0
Chhatrapati Sambhajinagar,Nanded,Nanded,Naigaon,Naigaon,7942142,Manjram WSS (7942142),Wadi,25016,1,0.01,0.01,0.17,0,0,0,0,0,0.04,0.68,0,0,0,0,24-Jun,25-Jun,26-Jun,27-Jun,28-Jun,29-Jun,30-Jun,24-Jun,25-Jun,26-Jun,27-Jun,28-Jun,29-Jun,30-Jun,5,7,0
Chhatrapati Sambhajinagar,Nanded,Parbhani,Senaon,Senaon,20023330,Kawtha Bk & 9 Vill RR WSS,Shinagikhamba,1296,1,2.46,2.46,2.58,4.92,4.78,4.86,3.77,480.71,189.81,199.07,379.63,368.83,375,290.9,24-Jun,25-Jun,26-Jun,27-Jun,28-Jun,29-Jun,30-Jun,24-Jun,25-Jun,26-Jun,27-Jun,28-Jun,29-Jun,30-Jun,0,0,7
Pune,Pune,Pune 1,Baramati,Ambegaon,20017250,LONI BHAPKAR RRWSS,Bhilarwadi,1249,1,0,0,0,0,0,0,0,0,0,0,0,0,0,0,24-Jun,25-Jun,26-Jun,27-Jun,28-Jun,29-Jun,30-Jun,24-Jun,25-Jun,26-Jun,27-Jun,28-Jun,29-Jun,30-Jun,7,7,0
Pune,Pune,Pune 1,Baramati,Ambegaon,20017250,LONI BHAPKAR RRWSS,Jagtapwasti ESR,1446,1,0,0,0,0,0,0,0,0,0,0,0,0,0,0,24-Jun,25-Jun,26-Jun,27-Jun,28-Jun,29-Jun,30-Jun,24-Jun,25-Jun,26-Jun,27-Jun,28-Jun,29-Jun,30-Jun,7,7,0
Pune,Pune,Pune 1,Baramati,Ambegaon,20017250,LONI BHAPKAR RRWSS,Jalakewadi Mudhale,475,3,0,0,0,0,0,0,0,0,0,0,0,0,0,0,24-Jun,25-Jun,26-Jun,27-Jun,28-Jun,29-Jun,30-Jun,24-Jun,25-Jun,26-Jun,27-Jun,28-Jun,29-Jun,30-Jun,7,7,0
Pune,Pune,Pune 1,Baramati,Ambegaon,20017250,LONI BHAPKAR RRWSS,LoniBhapkar,5659,4,7966.21,7966.21,0,4535.52,0.01,1.27,3439.81,0,140770.68,0,80146.93,0.23,22.45,60784.7,24-Jun,25-Jun,26-Jun,27-Jun,28-Jun,29-Jun,30-Jun,24-Jun,25-Jun,26-Jun,27-Jun,28-Jun,29-Jun,30-Jun,2,4,3
Pune,Pune,Pune 1,Baramati,Ambegaon,20017250,LONI BHAPKAR RRWSS,Masalwadi,1446,3,0.39,0.39,0.46,0.67,0,0.28,0.63,0,26.74,32.03,46.07,0,19.4,43.79,24-Jun,25-Jun,26-Jun,27-Jun,28-Jun,29-Jun,30-Jun,24-Jun,25-Jun,26-Jun,27-Jun,28-Jun,29-Jun,30-Jun,2,7,0
Pune,Pune,Pune 1,Baramati,Ambegaon,20017250,LONI BHAPKAR RRWSS,Palsi,2612,4,0,0,0,0,0,0,0,0,0,0,0,0,0,0,24-Jun,25-Jun,26-Jun,27-Jun,28-Jun,29-Jun,30-Jun,24-Jun,25-Jun,26-Jun,27-Jun,28-Jun,29-Jun,30-Jun,7,7,0
Pune,Pune,Pune 1,Baramati,Ambegaon,20017250,LONI BHAPKAR RRWSS,Sayambachiwadi,1969,2,0.43,0.43,0,0.16,0,0,26.86,1330.39,22.02,0,7.99,0,0,1364.09,24-Jun,25-Jun,26-Jun,27-Jun,28-Jun,29-Jun,30-Jun,24-Jun,25-Jun,26-Jun,27-Jun,28-Jun,29-Jun,30-Jun,3,5,2
Pune,Pune,Pune 1,Baramati,Ambegaon,20017250,LONI BHAPKAR RRWSS,Tukainagar,3819,2,0.01,0.01,0.34,0.03,0,0.28,0,7.41,0.29,8.83,0.72,0,7.2,0,24-Jun,25-Jun,26-Jun,27-Jun,28-Jun,29-Jun,30-Jun,24-Jun,25-Jun,26-Jun,27-Jun,28-Jun,29-Jun,30-Jun,2,7,0
Pune,Pune,Pune 1,Baramati,Ambegaon,7942125,MURTI & 7 VILLAGES RRWSS,Bhapkar mala,1761,1,0,0,30.77,0.13,0,21.16,0.22,8.07,0,1747.04,7.18,0,1201.32,12.41,24-Jun,25-Jun,26-Jun,27-Jun,28-Jun,29-Jun,30-Jun,24-Jun,25-Jun,26-Jun,27-Jun,28-Jun,29-Jun,30-Jun,2,5,2
Pune,Pune,Pune 1,Baramati,Ambegaon,7942125,MURTI & 7 VILLAGES RRWSS,Chaudharwad,911,2,124.69,124.69,0.2,0.24,85.34,0.32,0.25,37.73,13687.56,21.64,26.26,9368.27,35.63,26.9,24-Jun,25-Jun,26-Jun,27-Jun,28-Jun,29-Jun,30-Jun,24-Jun,25-Jun,26-Jun,27-Jun,28-Jun,29-Jun,30-Jun,0,5,2
Pune,Pune,Pune 1,Baramati,Ambegaon,7942125,MURTI & 7 VILLAGES RRWSS,Magarwadi,1761,1,0,0,0,0,41.84,0.42,18.26,0,0,0,0,2375.79,23.76,1037.19,24-Jun,25-Jun,26-Jun,27-Jun,28-Jun,29-Jun,30-Jun,24-Jun,25-Jun,26-Jun,27-Jun,28-Jun,29-Jun,30-Jun,4,5,2
Pune,Pune,Pune 1,Baramati,Ambegaon,7942125,MURTI & 7 VILLAGES RRWSS,Modhave,2362,2,0,0,81.98,0,0,67.63,0,0,0,3470.6,0,0,2863.24,0,24-Jun,25-Jun,26-Jun,27-Jun,28-Jun,29-Jun,30-Jun,24-Jun,25-Jun,26-Jun,27-Jun,28-Jun,29-Jun,30-Jun,5,5,2
Pune,Pune,Pune 1,Baramati,Ambegaon,7942125,MURTI & 7 VILLAGES RRWSS,Moralwadi,1462,3,0,0,0,0,0,0,0,0,0,0,0,0,0,0,24-Jun,25-Jun,26-Jun,27-Jun,28-Jun,29-Jun,30-Jun,24-Jun,25-Jun,26-Jun,27-Jun,28-Jun,29-Jun,30-Jun,7,7,0
Pune,Pune,Pune 1,Baramati,Ambegaon,7942125,MURTI & 7 VILLAGES RRWSS,Murti gaonthan,1065,2,0,0,0,0,0,0,0,0,0,0,0,0,0,0,24-Jun,25-Jun,26-Jun,27-Jun,28-Jun,29-Jun,30-Jun,24-Jun,25-Jun,26-Jun,27-Jun,28-Jun,29-Jun,30-Jun,7,7,0
Pune,Pune,Pune 1,Baramati,Ambegaon,7942125,MURTI & 7 VILLAGES RRWSS,Waki,3355,2,0,0,0,0,0,0,0,0,0,0,0,0,0,0,24-Jun,25-Jun,26-Jun,27-Jun,28-Jun,29-Jun,30-Jun,24-Jun,25-Jun,26-Jun,27-Jun,28-Jun,29-Jun,30-Jun,7,7,0
Pune,Pune,Pune 1,Pune 1,Daund,7942135,"Gar, Sonwadi, Nanviz RR",Betwadi,1500,1,0,0,0,0,0,0,0,0,0,0,0,0,0,0,24-Jun,25-Jun,26-Jun,27-Jun,28-Jun,29-Jun,30-Jun,24-Jun,25-Jun,26-Jun,27-Jun,28-Jun,29-Jun,30-Jun,7,7,0
Pune,Pune,Pune 1,Pune 1,Daund,7942135,"Gar, Sonwadi, Nanviz RR",Gholapnaagar,1591,1,0,0,0,0,0,0,0,0,0,0,0,0,0,0,24-Jun,25-Jun,26-Jun,27-Jun,28-Jun,29-Jun,30-Jun,24-Jun,25-Jun,26-Jun,27-Jun,28-Jun,29-Jun,30-Jun,7,7,0
Pune,Pune,Pune 1,Pune 1,Daund,7942135,"Gar, Sonwadi, Nanviz RR",Holimala,734,2,0,0,0,0,0,0,0,0,0,0,0,0,0,0,24-Jun,25-Jun,26-Jun,27-Jun,28-Jun,29-Jun,30-Jun,24-Jun,25-Jun,26-Jun,27-Jun,28-Jun,29-Jun,30-Jun,7,7,0
Pune,Pune,Pune 1,Pune 1,Daund,7942135,"Gar, Sonwadi, Nanviz RR",Nanviz,300,2,0,0,0,0,0,0,0,0,0,0,0,0,0,0,24-Jun,25-Jun,26-Jun,27-Jun,28-Jun,29-Jun,30-Jun,24-Jun,25-Jun,26-Jun,27-Jun,28-Jun,29-Jun,30-Jun,7,7,0
Pune,Pune,Pune 1,Pune 1,Daund,7942135,"Gar, Sonwadi, Nanviz RR",Sonwadi,4636,1,0,0,0,0,0,0,0,0,0,0,0,0,0,0,24-Jun,25-Jun,26-Jun,27-Jun,28-Jun,29-Jun,30-Jun,24-Jun,25-Jun,26-Jun,27-Jun,28-Jun,29-Jun,30-Jun,7,7,0
Pune,Pune,Pune 2,Baramati,Ambegaon,20018548,HOL SASTEWADI,Hol,2509,1,0.21,0.21,0.2,0,0,0.21,0.2,8.13,8.19,8.1,0,0.01,8.21,8.05,24-Jun,25-Jun,26-Jun,27-Jun,28-Jun,29-Jun,30-Jun,24-Jun,25-Jun,26-Jun,27-Jun,28-Jun,29-Jun,30-Jun,1,7,0
Pune,Pune,Pune 2,Baramati,Ambegaon,20018548,HOL SASTEWADI,Sastewadi,3462,7,0,0,0,0,0,0,0,0,0,0,0,0,0,0,24-Jun,25-Jun,26-Jun,27-Jun,28-Jun,29-Jun,30-Jun,24-Jun,25-Jun,26-Jun,27-Jun,28-Jun,29-Jun,30-Jun,7,7,0
Pune,Pune,Pune 2,Maval,Daund,20013367,Done Adhale RR,ADHALE BK,1695,2,0,0,0,0,0,0,0,0,0,0,0,0,0,0,24-Jun,25-Jun,26-Jun,27-Jun,28-Jun,29-Jun,30-Jun,24-Jun,25-Jun,26-Jun,27-Jun,28-Jun,29-Jun,30-Jun,7,7,0
Pune,Pune,Pune 2,Maval,Daund,20013367,Done Adhale RR,DIVAD,1795,2,0,0,0,0,0,0,0,0,0,0,0,0,0,0,24-Jun,25-Jun,26-Jun,27-Jun,28-Jun,29-Jun,30-Jun,24-Jun,25-Jun,26-Jun,27-Jun,28-Jun,29-Jun,30-Jun,7,7,0
Pune,Pune,Pune 2,Maval,Daund,20013367,Done Adhale RR,DONE,1044,1,0,0,0,0,0,0,0,0,0,0,0,0,0,0,24-Jun,25-Jun,26-Jun,27-Jun,28-Jun,29-Jun,30-Jun,24-Jun,25-Jun,26-Jun,27-Jun,28-Jun,29-Jun,30-Jun,7,7,0
Pune,Pune,Pune 2,Maval,Daund,20013367,Done Adhale RR,OVALE,1177,2,0,0,0,15.07,0,0,0,0,0.13,0,1280.31,0,0,0,24-Jun,25-Jun,26-Jun,27-Jun,28-Jun,29-Jun,30-Jun,24-Jun,25-Jun,26-Jun,27-Jun,28-Jun,29-Jun,30-Jun,5,6,1
Pune,Pune,Pune 2,Pune 2,Velhe,20027541,Wangani RRWSS,Kolwadi,1226,1,0,0,0,0,0,0,0,0,0,0,0,0,0,0,24-Jun,25-Jun,26-Jun,27-Jun,28-Jun,29-Jun,30-Jun,24-Jun,25-Jun,26-Jun,27-Jun,28-Jun,29-Jun,30-Jun,7,7,0
Pune,Pune,Pune 2,Pune 2,Velhe,20027541,Wangani RRWSS,Mengajai Wadi,123,1,0,0,0,0,0,0,0,0,0,0,0,0,0,0,24-Jun,25-Jun,26-Jun,27-Jun,28-Jun,29-Jun,30-Jun,24-Jun,25-Jun,26-Jun,27-Jun,28-Jun,29-Jun,30-Jun,7,7,0
Pune,Pune,Pune 2,Pune 2,Velhe,20027541,Wangani RRWSS,Wangani,1150,1,0,0,0,0,0,0,0,0,0,0,0,0,0,0,24-Jun,25-Jun,26-Jun,27-Jun,28-Jun,29-Jun,30-Jun,24-Jun,25-Jun,26-Jun,27-Jun,28-Jun,29-Jun,30-Jun,7,7,0
Pune,Pune,Pune 2,Pune 2,Velhe,20027541,Wangani RRWSS,Wanganichiwadi,1108,3,0,0,0,0,0,0,0,0,0,0,0,0,0,0,24-Jun,25-Jun,26-Jun,27-Jun,28-Jun,29-Jun,30-Jun,24-Jun,25-Jun,26-Jun,27-Jun,28-Jun,29-Jun,30-Jun,7,7,0
Pune,Pune,Pune 2,Pune,Daund,20027689,Patan & 8 Villages RWSS,Aundholi,594,2,0,0,0,0,0,0,0,0,0,0,0,0,0,0,24-Jun,25-Jun,26-Jun,27-Jun,28-Jun,29-Jun,30-Jun,24-Jun,25-Jun,26-Jun,27-Jun,28-Jun,29-Jun,30-Jun,7,7,0
Pune,Pune,Pune 2,Pune,Daund,20027689,Patan & 8 Villages RWSS,Bhaje,3140,5,0,0,0,0,0,0,0,0,0,0.13,0,0,0,0,24-Jun,25-Jun,26-Jun,27-Jun,28-Jun,29-Jun,30-Jun,24-Jun,25-Jun,26-Jun,27-Jun,28-Jun,29-Jun,30-Jun,6,7,0
Pune,Pune,Pune 2,Pune,Daund,20027689,Patan & 8 Villages RWSS,Boraj,565,1,0,0,0,0,0,0,0,0,0,0,0,0,0,0,24-Jun,25-Jun,26-Jun,27-Jun,28-Jun,29-Jun,30-Jun,24-Jun,25-Jun,26-Jun,27-Jun,28-Jun,29-Jun,30-Jun,7,7,0
Pune,Pune,Pune 2,Pune,Daund,20027689,Patan & 8 Villages RWSS,DEVLE,2052,2,0,0,0,0,0,0,0,0,0,0,0,0,0,0,24-Jun,25-Jun,26-Jun,27-Jun,28-Jun,29-Jun,30-Jun,24-Jun,25-Jun,26-Jun,27-Jun,28-Jun,29-Jun,30-Jun,7,7,0
Pune,Pune,Pune 2,Pune,Daund,20027689,Patan & 8 Villages RWSS,Dudhivare,375,3,0,0,0,0,0.07,0.13,0,43.5,0,0,0,17.62,34.09,0,24-Jun,25-Jun,26-Jun,27-Jun,28-Jun,29-Jun,30-Jun,24-Jun,25-Jun,26-Jun,27-Jun,28-Jun,29-Jun,30-Jun,4,7,0
Pune,Pune,Pune 2,Pune,Daund,20027689,Patan & 8 Villages RWSS,PATAN,1762,3,0,0,0,0,0,0,0,0,0,0,0,0,0,0,24-Jun,25-Jun,26-Jun,27-Jun,28-Jun,29-Jun,30-Jun,24-Jun,25-Jun,26-Jun,27-Jun,28-Jun,29-Jun,30-Jun,7,7,0
Pune,Pune,Pune 2,Pune,Daund,20027689,Patan & 8 Villages RWSS,Shindgaon,343,1,0,0,0,0,0,0,0.14,0,0,0,0,0,0.01,41.22,24-Jun,25-Jun,26-Jun,27-Jun,28-Jun,29-Jun,30-Jun,24-Jun,25-Jun,26-Jun,27-Jun,28-Jun,29-Jun,30-Jun,5,7,0
Pune,Pune,Pune 2,Pune,Daund,7948923,Karla & 7 villages RR,KARLA,2114,3,0,0,0,0,0,0,0,0,0,0,0,0,0,0,24-Jun,25-Jun,26-Jun,27-Jun,28-Jun,29-Jun,30-Jun,24-Jun,25-Jun,26-Jun,27-Jun,28-Jun,29-Jun,30-Jun,7,7,0
Pune,Pune,Pune 2,Pune,Daund,7948923,Karla & 7 villages RR,SHILTHANE,1741,1,0,0,0,0,0,0,0,0,0,0,0,0,0,0,24-Jun,25-Jun,26-Jun,27-Jun,28-Jun,29-Jun,30-Jun,24-Jun,25-Jun,26-Jun,27-Jun,28-Jun,29-Jun,30-Jun,7,7,0
Pune,Pune,Pune,Pune,Mulshi,20022133,Peth RR,Bhawadi,1529,3,0,0,0,0,0,0,0,0,0,0,0,0,0,0,24-Jun,25-Jun,26-Jun,27-Jun,28-Jun,29-Jun,30-Jun,24-Jun,25-Jun,26-Jun,27-Jun,28-Jun,29-Jun,30-Jun,7,7,0
Pune,Pune,Pune,Pune,Mulshi,20022133,Peth RR,Karegaon,1749,4,1.43,1.43,1.58,0,0.72,1.18,1.64,64.37,81.81,90.3,0,41,67.66,93.68,24-Jun,25-Jun,26-Jun,27-Jun,28-Jun,29-Jun,30-Jun,24-Jun,25-Jun,26-Jun,27-Jun,28-Jun,29-Jun,30-Jun,1,2,5
Pune,Pune,Pune,Pune,Mulshi,20022133,Peth RR,Kurwandi,2522,7,0,0,0,0,0,0,0,0,0,0,0,0,0,0,24-Jun,25-Jun,26-Jun,27-Jun,28-Jun,29-Jun,30-Jun,24-Jun,25-Jun,26-Jun,27-Jun,28-Jun,29-Jun,30-Jun,7,7,0
Pune,Pune,Pune,Pune,Mulshi,20022133,Peth RR,Paragaon,4195,10,0.26,0.26,0.28,0.19,0.18,0.27,0.37,3.94,6.12,6.67,4.61,4.4,6.46,8.8,24-Jun,25-Jun,26-Jun,27-Jun,28-Jun,29-Jun,30-Jun,24-Jun,25-Jun,26-Jun,27-Jun,28-Jun,29-Jun,30-Jun,0,7,0
Pune,Pune,Pune,Pune,Mulshi,20022133,Peth RR,Peth,387,6,0.69,0.69,1.44,0.56,1.47,0.92,1.23,135.69,179.42,371.01,143.48,381.1,236.53,317.64,24-Jun,25-Jun,26-Jun,27-Jun,28-Jun,29-Jun,30-Jun,24-Jun,25-Jun,26-Jun,27-Jun,28-Jun,29-Jun,30-Jun,0,0,7
Pune,Pune,Pune,Pune,Mulshi,20022133,Peth RR,Thugaon,778,5,0.21,0.21,0.38,0.26,0.42,0.33,0.56,97.94,27.4,48.41,33.27,53.41,42.4,72.04,24-Jun,25-Jun,26-Jun,27-Jun,28-Jun,29-Jun,30-Jun,24-Jun,25-Jun,26-Jun,27-Jun,28-Jun,29-Jun,30-Jun,0,5,2
Pune,Pune,Pune,Satara,Satara,20027924,Shapur Jakatwadi,JAKATWADI,2619,3,787.74,787.74,531.78,481.22,653.89,664.41,916.39,36044.67,30077.89,20304.7,18374.19,24967.16,25368.84,34990.07,24-Jun,25-Jun,26-Jun,27-Jun,28-Jun,29-Jun,30-Jun,24-Jun,25-Jun,26-Jun,27-Jun,28-Jun,29-Jun,30-Jun,0,0,7
Pune,Pune,Pune,Satara,Satara,20027924,Shapur Jakatwadi,SHAHAPUR,972,1,1334,1334,0,0,3.87536E+33,0,0,0,137242.38,0,0,3.98699E+35,0,0,24-Jun,25-Jun,26-Jun,27-Jun,28-Jun,29-Jun,30-Jun,24-Jun,25-Jun,26-Jun,27-Jun,28-Jun,29-Jun,30-Jun,5,5,2
Pune,Pune,Satara,Phaltan,Phaltan,20027892,RR Girvi WSS,Bhadali Bk,787,1,0,0,0,0,0,0,0,0,0,0,0,0,0,0,24-Jun,25-Jun,26-Jun,27-Jun,28-Jun,29-Jun,30-Jun,24-Jun,25-Jun,26-Jun,27-Jun,28-Jun,29-Jun,30-Jun,7,7,0
Pune,Pune,Satara,Phaltan,Phaltan,20027892,RR Girvi WSS,Bhadali Gouthan,1230,1,0,0,0,0,0,0,0,0,0,0,0,0,0,0,24-Jun,25-Jun,26-Jun,27-Jun,28-Jun,29-Jun,30-Jun,24-Jun,25-Jun,26-Jun,27-Jun,28-Jun,29-Jun,30-Jun,7,7,0
Pune,Pune,Satara,Phaltan,Phaltan,20027892,RR Girvi WSS,Sonwadi (Bk),1100,1,0,0,20.99,0,1.34,0.28,0,15.05,0,1908.31,0,121.59,25.15,0,24-Jun,25-Jun,26-Jun,27-Jun,28-Jun,29-Jun,30-Jun,24-Jun,25-Jun,26-Jun,27-Jun,28-Jun,29-Jun,30-Jun,3,5,2
Pune,Pune,Satara,Phaltan,Phaltan,20027892,RR Girvi WSS,Tirakwadi,1013,1,0,0,0,0,0,0,0,0,0,0,0,0,0,0,24-Jun,25-Jun,26-Jun,27-Jun,28-Jun,29-Jun,30-Jun,24-Jun,25-Jun,26-Jun,27-Jun,28-Jun,29-Jun,30-Jun,7,7,0
Pune,Pune,Satara,Phaltan,Phaltan,20027892,RR Girvi WSS,Zirapwadi,1451,1,0,0,0,0,0,0,0,0,0,0,0,0,0,0,24-Jun,25-Jun,26-Jun,27-Jun,28-Jun,29-Jun,30-Jun,24-Jun,25-Jun,26-Jun,27-Jun,28-Jun,29-Jun,30-Jun,7,7,0
Pune,Pune,Satara,Pune,Phaltan,20019021,Dhuldev Algudewadi,Algudewadi,434,4,0,0,0,0,0,0,0,0.33,0,0,0,0,0,0,24-Jun,25-Jun,26-Jun,27-Jun,28-Jun,29-Jun,30-Jun,24-Jun,25-Jun,26-Jun,27-Jun,28-Jun,29-Jun,30-Jun,6,7,0
Pune,Pune,Satara,Pune,Phaltan,20019021,Dhuldev Algudewadi,Dhuldev,434,4,0,0,0,0,0,0,0,0,0,0,0,0,0,0,24-Jun,25-Jun,26-Jun,27-Jun,28-Jun,29-Jun,30-Jun,24-Jun,25-Jun,26-Jun,27-Jun,28-Jun,29-Jun,30-Jun,7,7,0
Pune,Pune,Satara,Pune,Phaltan,20019031,Hol Khamgaon,HOL,2189,5,0,0,0,0,0,0,0,0,0,0,0,0,0,0,24-Jun,25-Jun,26-Jun,27-Jun,28-Jun,29-Jun,30-Jun,24-Jun,25-Jun,26-Jun,27-Jun,28-Jun,29-Jun,30-Jun,7,7,0
Pune,Sangli,Sangli,Islampur,Valva,7940233,Peth & two Villages,Golewadi,482,1,0,0,0,0,0,0,0,0,0,0,0,0,0,0,24-Jun,25-Jun,26-Jun,27-Jun,28-Jun,29-Jun,30-Jun,24-Jun,25-Jun,26-Jun,27-Jun,28-Jun,29-Jun,30-Jun,7,7,0
Pune,Sangli,Sangli,Islampur,Valva,7940233,Peth & two Villages,Peth,11091,3,0,0,3.73,0,1.7,2.79,0,37.79,0,33.64,0.01,15.33,25.12,0,24-Jun,25-Jun,26-Jun,27-Jun,28-Jun,29-Jun,30-Jun,24-Jun,25-Jun,26-Jun,27-Jun,28-Jun,29-Jun,30-Jun,2,7,0
Pune,Sangli,Sangli,Islampur,Valva,7940233,Peth & two Villages,Waghwadi,1161,1,0.78,0.78,0.63,0.53,0.73,0.42,0.47,63.09,67,54.12,45.86,63.11,36.09,40.43,24-Jun,25-Jun,26-Jun,27-Jun,28-Jun,29-Jun,30-Jun,24-Jun,25-Jun,26-Jun,27-Jun,28-Jun,29-Jun,30-Jun,0,4,3
Pune,Sangli,Solapur,Solapur,Mangalvedhe,20033593,Andhalgaon and 3 villages,ANDHALEGAON,6159,3,0,0,0,0,0,0,0,0,0,0,0,0,0,0,24-Jun,25-Jun,26-Jun,27-Jun,28-Jun,29-Jun,30-Jun,24-Jun,25-Jun,26-Jun,27-Jun,28-Jun,29-Jun,30-Jun,7,7,0
Pune,Sangli,Solapur,Solapur,Mangalvedhe,20033593,Andhalgaon and 3 villages,CHOKAMELA,7934,1,0,0,0,0,0,0,0,0,0,0,0,0,0,0,24-Jun,25-Jun,26-Jun,27-Jun,28-Jun,29-Jun,30-Jun,24-Jun,25-Jun,26-Jun,27-Jun,28-Jun,29-Jun,30-Jun,7,7,0
Pune,Sangli,Solapur,Solapur,Mangalvedhe,20033593,Andhalgaon and 3 villages,LAXMIDHAHIWADI,7253,2,0,0,0,0,0,0,0,0,0,0,0,0,0,0,24-Jun,25-Jun,26-Jun,27-Jun,28-Jun,29-Jun,30-Jun,24-Jun,25-Jun,26-Jun,27-Jun,28-Jun,29-Jun,30-Jun,7,7,0
Pune,Sangli,Solapur,Solapur,Mohol,20029637,Penur Patkul,Patkul,7358,3,0,0,0,0,0,0,0,0,0,0,0,0,0,0,24-Jun,25-Jun,26-Jun,27-Jun,28-Jun,29-Jun,30-Jun,24-Jun,25-Jun,26-Jun,27-Jun,28-Jun,29-Jun,30-Jun,7,7,0
Pune,Sangli,Solapur,Solapur,Mohol,20029637,Penur Patkul,Penur,8755,2,0,0,0,0,0,0,0,0,0,0,0,0,0,0,24-Jun,25-Jun,26-Jun,27-Jun,28-Jun,29-Jun,30-Jun,24-Jun,25-Jun,26-Jun,27-Jun,28-Jun,29-Jun,30-Jun,7,7,0
Pune,Sangli,Solapur,Solapur,Sangola,20027396,Alegaon shirbhavi 82 Village,Ajanale,8051,1,1.14,1.14,1.24,1.25,1.19,1.42,1.56,6.45,14.21,15.44,15.53,14.76,17.6,19.41,24-Jun,25-Jun,26-Jun,27-Jun,28-Jun,29-Jun,30-Jun,24-Jun,25-Jun,26-Jun,27-Jun,28-Jun,29-Jun,30-Jun,0,7,0
Pune,Sangli,Solapur,Solapur,Sangola,20027396,Alegaon shirbhavi 82 Village,Alegaon,4802,1,0,0,0,0,0,0,0,0,0,0,0,0,0,0,24-Jun,25-Jun,26-Jun,27-Jun,28-Jun,29-Jun,30-Jun,24-Jun,25-Jun,26-Jun,27-Jun,28-Jun,29-Jun,30-Jun,7,7,0
Pune,Sangli,Solapur,Solapur,Sangola,20027396,Alegaon shirbhavi 82 Village,Anakdhal,8599,1,0,0,0,0,0,0,0,0,0,0,0,0,0,0,24-Jun,25-Jun,26-Jun,27-Jun,28-Jun,29-Jun,30-Jun,24-Jun,25-Jun,26-Jun,27-Jun,28-Jun,29-Jun,30-Jun,7,7,0
Pune,Sangli,Solapur,Solapur,Sangola,20027396,Alegaon shirbhavi 82 Village,Balwadi,2087,1,0,0,0.96,0,0,0.95,0,0,0,46.17,0,0,45.39,0.01,24-Jun,25-Jun,26-Jun,27-Jun,28-Jun,29-Jun,30-Jun,24-Jun,25-Jun,26-Jun,27-Jun,28-Jun,29-Jun,30-Jun,4,7,0
Pune,Sangli,Solapur,Solapur,Sangola,20027396,Alegaon shirbhavi 82 Village,Bhamni,2572,1,1.35,1.35,1.72,1.22,2.18,2.13,1.01,77.41,52.38,66.79,47.58,84.6,82.78,39.44,24-Jun,25-Jun,26-Jun,27-Jun,28-Jun,29-Jun,30-Jun,24-Jun,25-Jun,26-Jun,27-Jun,28-Jun,29-Jun,30-Jun,0,3,4
Pune,Sangli,Solapur,Solapur,Sangola,20027396,Alegaon shirbhavi 82 Village,Bhopasewadi,2875,1,0,0,0,0,0,0,0,0,0,0,0,0,0,0,24-Jun,25-Jun,26-Jun,27-Jun,28-Jun,29-Jun,30-Jun,24-Jun,25-Jun,26-Jun,27-Jun,28-Jun,29-Jun,30-Jun,7,7,0
Pune,Sangli,Solapur,Solapur,Sangola,20027396,Alegaon shirbhavi 82 Village,Budhyal,1218,1,3.35,3.35,1.81,4.37,3.88,1,0.53,144.87,275.09,148.36,358.53,318.76,82.01,43.12,24-Jun,25-Jun,26-Jun,27-Jun,28-Jun,29-Jun,30-Jun,24-Jun,25-Jun,26-Jun,27-Jun,28-Jun,29-Jun,30-Jun,0,1,6
Pune,Sangli,Solapur,Solapur,Sangola,20027396,Alegaon shirbhavi 82 Village,Burangewadi,4570,1,0.32,0.32,0,0,0.49,0,0,0,7.01,0,0,10.78,0,0,24-Jun,25-Jun,26-Jun,27-Jun,28-Jun,29-Jun,30-Jun,24-Jun,25-Jun,26-Jun,27-Jun,28-Jun,29-Jun,30-Jun,5,7,0
Pune,Sangli,Solapur,Solapur,Sangola,20027396,Alegaon shirbhavi 82 Village,Chincholi Gaon,4045,2,0,0,0.06,0,0.06,0,0.08,2,0,1.49,0,1.57,0,1.95,24-Jun,25-Jun,26-Jun,27-Jun,28-Jun,29-Jun,30-Jun,24-Jun,25-Jun,26-Jun,27-Jun,28-Jun,29-Jun,30-Jun,3,7,0
Pune,Sangli,Solapur,Solapur,Sangola,20027396,Alegaon shirbhavi 82 Village,Chinke,6814,1,2.16,2.16,2.02,2.47,2.16,1.93,2.41,21.8,31.75,29.59,36.23,31.63,28.37,35.41,24-Jun,25-Jun,26-Jun,27-Jun,28-Jun,29-Jun,30-Jun,24-Jun,25-Jun,26-Jun,27-Jun,28-Jun,29-Jun,30-Jun,0,7,0
Pune,Sangli,Solapur,Solapur,Sangola,20027396,Alegaon shirbhavi 82 Village,Chopadi,3313,1,0,0,0,0,0,0,0,0,0,0,0,0,0,0,24-Jun,25-Jun,26-Jun,27-Jun,28-Jun,29-Jun,30-Jun,24-Jun,25-Jun,26-Jun,27-Jun,28-Jun,29-Jun,30-Jun,7,7,0
Pune,Sangli,Solapur,Solapur,Sangola,20027396,Alegaon shirbhavi 82 Village,Deole,1568,1,0,0,0.41,0,0,0.41,0,0,0,26.11,0.02,0,26.4,0,24-Jun,25-Jun,26-Jun,27-Jun,28-Jun,29-Jun,30-Jun,24-Jun,25-Jun,26-Jun,27-Jun,28-Jun,29-Jun,30-Jun,4,7,0
Pune,Sangli,Solapur,Solapur,Sangola,20027396,Alegaon shirbhavi 82 Village,Devkate Wadi,1261,1,0,0,0,0,0,0,0,0,0,0,0,0,0,0,24-Jun,25-Jun,26-Jun,27-Jun,28-Jun,29-Jun,30-Jun,24-Jun,25-Jun,26-Jun,27-Jun,28-Jun,29-Jun,30-Jun,7,7,0
Pune,Sangli,Solapur,Solapur,Sangola,20027396,Alegaon shirbhavi 82 Village,Dhayati,4586,2,0,0,0,0,0,0,0,0,0,0,0,0,0,0,24-Jun,25-Jun,26-Jun,27-Jun,28-Jun,29-Jun,30-Jun,24-Jun,25-Jun,26-Jun,27-Jun,28-Jun,29-Jun,30-Jun,7,7,0
Pune,Sangli,Solapur,Solapur,Sangola,20027396,Alegaon shirbhavi 82 Village,Dongargaon,4021,1,0.21,0.21,0,0,0.26,0,0,0,5.34,0,0,6.42,0,0,24-Jun,25-Jun,26-Jun,27-Jun,28-Jun,29-Jun,30-Jun,24-Jun,25-Jun,26-Jun,27-Jun,28-Jun,29-Jun,30-Jun,5,7,0
Pune,Sangli,Solapur,Solapur,Sangola,20027396,Alegaon shirbhavi 82 Village,Gaudwadi,1508,1,0,0,0,0,0,0,0,0,0,0,0,0,0,0,24-Jun,25-Jun,26-Jun,27-Jun,28-Jun,29-Jun,30-Jun,24-Jun,25-Jun,26-Jun,27-Jun,28-Jun,29-Jun,30-Jun,7,7,0
Pune,Sangli,Solapur,Solapur,Sangola,20027396,Alegaon shirbhavi 82 Village,Gayghvan,1603,1,0,0,0,0,0,0,0,0,0,0,0,0,0,0,24-Jun,25-Jun,26-Jun,27-Jun,28-Jun,29-Jun,30-Jun,24-Jun,25-Jun,26-Jun,27-Jun,28-Jun,29-Jun,30-Jun,7,7,0
Pune,Sangli,Solapur,Solapur,Sangola,20027396,Alegaon shirbhavi 82 Village,Gherdi,2724,2,0,0,0.88,0.33,0.99,1.81,0.12,20.92,0,32.12,12.11,36.26,66.56,4.56,24-Jun,25-Jun,26-Jun,27-Jun,28-Jun,29-Jun,30-Jun,24-Jun,25-Jun,26-Jun,27-Jun,28-Jun,29-Jun,30-Jun,1,6,1
Pune,Sangli,Solapur,Solapur,Sangola,20027396,Alegaon shirbhavi 82 Village,Godasewadi,2730,1,0.62,0.62,0.86,0.66,0.85,0.62,0.82,32.14,22.71,31.5,24.05,31.13,22.89,29.96,24-Jun,25-Jun,26-Jun,27-Jun,28-Jun,29-Jun,30-Jun,24-Jun,25-Jun,26-Jun,27-Jun,28-Jun,29-Jun,30-Jun,0,7,0
Pune,Sangli,Solapur,Solapur,Sangola,20027396,Alegaon shirbhavi 82 Village,Hatid,1057,1,0.31,0.31,0.29,0.29,0.33,0.39,1.41,138.59,29.68,27.41,27.56,30.8,37.1,133.49,24-Jun,25-Jun,26-Jun,27-Jun,28-Jun,29-Jun,30-Jun,24-Jun,25-Jun,26-Jun,27-Jun,28-Jun,29-Jun,30-Jun,0,5,2
Pune,Sangli,Solapur,Solapur,Sangola,20027396,Alegaon shirbhavi 82 Village,Javala,1703,2,2.08,2.08,2.42,2.31,2.51,2.54,2.71,131.8,122.23,142.36,135.79,147.11,149.24,159.37,24-Jun,25-Jun,26-Jun,27-Jun,28-Jun,29-Jun,30-Jun,24-Jun,25-Jun,26-Jun,27-Jun,28-Jun,29-Jun,30-Jun,0,0,7
Pune,Sangli,Solapur,Solapur,Sangola,20027396,Alegaon shirbhavi 82 Village,Junoni,4895,1,0,0,0,0,0,0,0,0,0,0,0,0,0,0,24-Jun,25-Jun,26-Jun,27-Jun,28-Jun,29-Jun,30-Jun,24-Jun,25-Jun,26-Jun,27-Jun,28-Jun,29-Jun,30-Jun,7,7,0
Pune,Sangli,Solapur,Solapur,Sangola,20027396,Alegaon shirbhavi 82 Village,Kamlapur,1541,1,0,0,0,0,0,0,0,0,0,0,0,0,0,0,24-Jun,25-Jun,26-Jun,27-Jun,28-Jun,29-Jun,30-Jun,24-Jun,25-Jun,26-Jun,27-Jun,28-Jun,29-Jun,30-Jun,7,7,0
Pune,Sangli,Solapur,Solapur,Sangola,20027396,Alegaon shirbhavi 82 Village,Karandewadi,1870,2,1.37,1.37,0.29,0.66,0.51,1.14,0.35,21.38,73.16,15.65,35.03,27.04,60.81,18.95,24-Jun,25-Jun,26-Jun,27-Jun,28-Jun,29-Jun,30-Jun,24-Jun,25-Jun,26-Jun,27-Jun,28-Jun,29-Jun,30-Jun,0,5,2
Pune,Sangli,Solapur,Solapur,Sangola,20027396,Alegaon shirbhavi 82 Village,Khilarwadi,2046,1,0.66,0.66,0,0.48,0.68,0,0.71,0.42,32.14,0,23.48,33.37,0.02,34.75,24-Jun,25-Jun,26-Jun,27-Jun,28-Jun,29-Jun,30-Jun,24-Jun,25-Jun,26-Jun,27-Jun,28-Jun,29-Jun,30-Jun,1,7,0
Pune,Sangli,Solapur,Solapur,Sangola,20027396,Alegaon shirbhavi 82 Village,Kidabisari,2657,1,0,0,0,0,0,0,0,0,0,0,0,0,0,0,24-Jun,25-Jun,26-Jun,27-Jun,28-Jun,29-Jun,30-Jun,24-Jun,25-Jun,26-Jun,27-Jun,28-Jun,29-Jun,30-Jun,7,7,0
Pune,Sangli,Solapur,Solapur,Sangola,20027396,Alegaon shirbhavi 82 Village,Kolegaon,2922,1,0,0,0,0,0,0,0,0,0,0,0,0,0,0,24-Jun,25-Jun,26-Jun,27-Jun,28-Jun,29-Jun,30-Jun,24-Jun,25-Jun,26-Jun,27-Jun,28-Jun,29-Jun,30-Jun,7,7,0
Pune,Sangli,Solapur,Solapur,Sangola,20027396,Alegaon shirbhavi 82 Village,LaxmiNagar,3031,1,0,0,2,0.91,1.94,0.6,1.57,89.86,0,66.02,30.09,63.96,19.89,51.66,24-Jun,25-Jun,26-Jun,27-Jun,28-Jun,29-Jun,30-Jun,24-Jun,25-Jun,26-Jun,27-Jun,28-Jun,29-Jun,30-Jun,1,4,3
Pune,Sangli,Solapur,Solapur,Sangola,20027396,Alegaon shirbhavi 82 Village,Lonavire,3490,1,1.76,1.76,0.78,0.78,1.6,0.8,0.12,3.97,50.36,22.43,22.39,45.85,22.84,3.42,24-Jun,25-Jun,26-Jun,27-Jun,28-Jun,29-Jun,30-Jun,24-Jun,25-Jun,26-Jun,27-Jun,28-Jun,29-Jun,30-Jun,0,7,0
Pune,Sangli,Solapur,Solapur,Sangola,20027396,Alegaon shirbhavi 82 Village,Mahim,4407,1,2.59,2.59,2.39,2.45,1.89,2.34,2.76,49.77,58.66,54.32,55.65,42.95,53.19,62.58,24-Jun,25-Jun,26-Jun,27-Jun,28-Jun,29-Jun,30-Jun,24-Jun,25-Jun,26-Jun,27-Jun,28-Jun,29-Jun,30-Jun,0,4,3
Pune,Sangli,Solapur,Solapur,Sangola,20027396,Alegaon shirbhavi 82 Village,Manjari,3049,1,0,0,0,0,0,0,0,0,0,0,0,0,0,0,24-Jun,25-Jun,26-Jun,27-Jun,28-Jun,29-Jun,30-Jun,24-Jun,25-Jun,26-Jun,27-Jun,28-Jun,29-Jun,30-Jun,7,7,0
Pune,Sangli,Solapur,Solapur,Sangola,20027396,Alegaon shirbhavi 82 Village,Metakar wadi,1286,2,1.1,1.1,0.76,1.69,2.1,1.46,0.76,181.66,85.57,59.46,131.36,163.17,113.28,58.72,24-Jun,25-Jun,26-Jun,27-Jun,28-Jun,29-Jun,30-Jun,24-Jun,25-Jun,26-Jun,27-Jun,28-Jun,29-Jun,30-Jun,0,0,7
Pune,Sangli,Solapur,Solapur,Sangola,20027396,Alegaon shirbhavi 82 Village,Nazare,1231,1,0,0,0,0,0,0,0,0,0,0,0,0,0,0,24-Jun,25-Jun,26-Jun,27-Jun,28-Jun,29-Jun,30-Jun,24-Jun,25-Jun,26-Jun,27-Jun,28-Jun,29-Jun,30-Jun,7,7,0
Pune,Sangli,Solapur,Solapur,Sangola,20027396,Alegaon shirbhavi 82 Village,Nizampur,3731,1,0.65,0.65,0.58,0.01,0.29,0.37,0,13,17.32,15.62,0.39,7.66,9.94,0.01,24-Jun,25-Jun,26-Jun,27-Jun,28-Jun,29-Jun,30-Jun,24-Jun,25-Jun,26-Jun,27-Jun,28-Jun,29-Jun,30-Jun,0,7,0
Pune,Sangli,Solapur,Solapur,Sangola,20027396,Alegaon shirbhavi 82 Village,Pachegaon BK,3466,1,0,0,0,0,0,0,0,0,0,0,0,0,0,0,24-Jun,25-Jun,26-Jun,27-Jun,28-Jun,29-Jun,30-Jun,24-Jun,25-Jun,26-Jun,27-Jun,28-Jun,29-Jun,30-Jun,7,7,0
Pune,Sangli,Solapur,Solapur,Sangola,20027396,Alegaon shirbhavi 82 Village,Rajuri,5234,1,1.5,1.5,1.61,1.23,1.31,1.75,0.59,26.6,28.61,30.75,23.52,24.98,33.42,11.34,24-Jun,25-Jun,26-Jun,27-Jun,28-Jun,29-Jun,30-Jun,24-Jun,25-Jun,26-Jun,27-Jun,28-Jun,29-Jun,30-Jun,0,7,0
Pune,Sangli,Solapur,Solapur,Sangola,20027396,Alegaon shirbhavi 82 Village,Sange wadi,2604,1,0,0,0,0,0,0,0,0,0,0,0,0,0,0,24-Jun,25-Jun,26-Jun,27-Jun,28-Jun,29-Jun,30-Jun,24-Jun,25-Jun,26-Jun,27-Jun,28-Jun,29-Jun,30-Jun,7,7,0
Pune,Sangli,Solapur,Solapur,Sangola,20027396,Alegaon shirbhavi 82 Village,shirbavi,4215,1,18.94,18.94,0,0,0,18.95,0,0,449.4,0.01,0.04,0,449.47,0,24-Jun,25-Jun,26-Jun,27-Jun,28-Jun,29-Jun,30-Jun,24-Jun,25-Jun,26-Jun,27-Jun,28-Jun,29-Jun,30-Jun,3,5,2
Pune,Sangli,Solapur,Solapur,Sangola,20027396,Alegaon shirbhavi 82 Village,shivane,4007,2,13.99,13.99,12.52,0.35,16.66,0,16.16,7.89,349.18,312.42,8.84,415.66,0,403.19,24-Jun,25-Jun,26-Jun,27-Jun,28-Jun,29-Jun,30-Jun,24-Jun,25-Jun,26-Jun,27-Jun,28-Jun,29-Jun,30-Jun,1,3,4
Pune,Sangli,Solapur,Solapur,Sangola,20027396,Alegaon shirbhavi 82 Village,Somewadi,1624,1,0.05,0.05,0,0.15,0,0.32,0.19,11.07,2.85,0,9.01,0,19.75,11.74,24-Jun,25-Jun,26-Jun,27-Jun,28-Jun,29-Jun,30-Jun,24-Jun,25-Jun,26-Jun,27-Jun,28-Jun,29-Jun,30-Jun,2,7,0
Pune,Sangli,Solapur,Solapur,Sangola,20027396,Alegaon shirbhavi 82 Village,Sonanad,1492,1,0.78,0.78,2.14,0.92,2.15,0.88,2.06,143.57,52.58,143.33,61.52,143.8,58.96,138.01,24-Jun,25-Jun,26-Jun,27-Jun,28-Jun,29-Jun,30-Jun,24-Jun,25-Jun,26-Jun,27-Jun,28-Jun,29-Jun,30-Jun,0,1,6
Pune,Sangli,Solapur,Solapur,Sangola,20027396,Alegaon shirbhavi 82 Village,Tarangewadi,1703,2,0.81,0.81,1.09,0.77,1.14,0.71,1.01,47,47.38,63.96,45.13,67.16,41.78,59.33,24-Jun,25-Jun,26-Jun,27-Jun,28-Jun,29-Jun,30-Jun,24-Jun,25-Jun,26-Jun,27-Jun,28-Jun,29-Jun,30-Jun,0,4,3
Pune,Sangli,Solapur,Solapur,Sangola,20027396,Alegaon shirbhavi 82 Village,Udenwadi,1834,1,0,0,0,0,0,0,0,0,0,0,0,0,0,0,24-Jun,25-Jun,26-Jun,27-Jun,28-Jun,29-Jun,30-Jun,24-Jun,25-Jun,26-Jun,27-Jun,28-Jun,29-Jun,30-Jun,7,7,0
Pune,Sangli,Solapur,Solapur,Sangola,20027396,Alegaon shirbhavi 82 Village,Vasud,3297,1,0.18,0.18,0.2,0.18,0.2,0.14,0.21,5.5,5.57,6.21,5.48,6.09,4.25,6.52,24-Jun,25-Jun,26-Jun,27-Jun,28-Jun,29-Jun,30-Jun,24-Jun,25-Jun,26-Jun,27-Jun,28-Jun,29-Jun,30-Jun,0,7,0
Pune,Sangli,Solapur,Solapur,Sangola,20027396,Alegaon shirbhavi 82 Village,Vazare,1954,1,0,0,0,0,34.07,0,0,0,0,0,0,1743.36,0,0,24-Jun,25-Jun,26-Jun,27-Jun,28-Jun,29-Jun,30-Jun,24-Jun,25-Jun,26-Jun,27-Jun,28-Jun,29-Jun,30-Jun,6,6,1
Pune,Sangli,Solapur,Solapur,Sangola,20027396,Alegaon shirbhavi 82 Village,Wadegaon,6374,1,0,0,0,0,0,0,0,0,0,0,0,0,0,0,24-Jun,25-Jun,26-Jun,27-Jun,28-Jun,29-Jun,30-Jun,24-Jun,25-Jun,26-Jun,27-Jun,28-Jun,29-Jun,30-Jun,7,7,0
Pune,Sangli,Solapur,Solapur,Sangola,20027396,Alegaon shirbhavi 82 Village,waki,2173,4,0.04,0.04,0,0,0,0.05,0.99,3.84,1.63,0,0,0.05,2.31,45.69,24-Jun,25-Jun,26-Jun,27-Jun,28-Jun,29-Jun,30-Jun,24-Jun,25-Jun,26-Jun,27-Jun,28-Jun,29-Jun,30-Jun,2,7,0
Pune,Sangli,Solapur,Solapur,Sangola,20027396,Alegaon shirbhavi 82 Village,Watambare,2228,1,2.17,2.17,1.99,1.84,1.97,1.85,2.19,76.51,97.39,89.36,82.52,88.55,82.81,98.35,24-Jun,25-Jun,26-Jun,27-Jun,28-Jun,29-Jun,30-Jun,24-Jun,25-Jun,26-Jun,27-Jun,28-Jun,29-Jun,30-Jun,0,0,7
Pune,Sangli,Solapur,Solapur,Sangola,20027396,Alegaon shirbhavi 82 Village,Y Mangewad,2525,1,0,0,0,0,0,0,0,0,0,0,0,0,0,0,24-Jun,25-Jun,26-Jun,27-Jun,28-Jun,29-Jun,30-Jun,24-Jun,25-Jun,26-Jun,27-Jun,28-Jun,29-Jun,30-Jun,7,7,0
Konkan,Palghar,Palghar,Palghar,Dahanu,4918426,BADA POKHARAN RETROFITTING RPWSS,Asangaon,2246,1,1.95,1.95,4.97,5.02,1.16,5.51,4.59,97.49,86.68,221.22,223.52,51.68,245.26,204.24,24-Jun,25-Jun,26-Jun,27-Jun,28-Jun,29-Jun,30-Jun,24-Jun,25-Jun,26-Jun,27-Jun,28-Jun,29-Jun,30-Jun,0,1,6
Konkan,Palghar,Palghar,Palghar,Dahanu,4918426,BADA POKHARAN RETROFITTING RPWSS,Asangaon Dandipada,688,2,3.71,3.71,3.16,0.57,0.24,1.22,1.71,390.42,538.7,459,82.3,34.26,177.32,248.1,24-Jun,25-Jun,26-Jun,27-Jun,28-Jun,29-Jun,30-Jun,24-Jun,25-Jun,26-Jun,27-Jun,28-Jun,29-Jun,30-Jun,0,1,6
Konkan,Palghar,Palghar,Palghar,Dahanu,4918426,BADA POKHARAN RETROFITTING RPWSS,Bada Pokharan,1971,1,2.37,2.37,0,0,0,2.41,0,10.67,120.2,0,0.02,0.07,122.06,0,24-Jun,25-Jun,26-Jun,27-Jun,28-Jun,29-Jun,30-Jun,24-Jun,25-Jun,26-Jun,27-Jun,28-Jun,29-Jun,30-Jun,2,5,2
Konkan,Palghar,Palghar,Palghar,Dahanu,4918426,BADA POKHARAN RETROFITTING RPWSS,Bavade,545,1,0.43,0.43,0.75,0.19,0.49,0.13,0.76,251.96,79.2,138.25,34.18,89.18,24.58,138.9,24-Jun,25-Jun,26-Jun,27-Jun,28-Jun,29-Jun,30-Jun,24-Jun,25-Jun,26-Jun,27-Jun,28-Jun,29-Jun,30-Jun,0,2,5
Konkan,Palghar,Palghar,Palghar,Dahanu,4918426,BADA POKHARAN RETROFITTING RPWSS,Chandigaon,1352,1,1.92,1.92,1.07,0,1.8,1.08,2.2,97.33,141.67,79.25,0,133.51,79.73,163.02,24-Jun,25-Jun,26-Jun,27-Jun,28-Jun,29-Jun,30-Jun,24-Jun,25-Jun,26-Jun,27-Jun,28-Jun,29-Jun,30-Jun,1,1,6
Konkan,Palghar,Palghar,Palghar,Dahanu,4918426,BADA POKHARAN RETROFITTING RPWSS,Chinchani,4890,4,25.32,25.32,0,5.54,13.36,16.03,0,67,517.74,0,113.2,273.25,327.82,0.01,24-Jun,25-Jun,26-Jun,27-Jun,28-Jun,29-Jun,30-Jun,24-Jun,25-Jun,26-Jun,27-Jun,28-Jun,29-Jun,30-Jun,1,2,5
Konkan,Palghar,Palghar,Palghar,Dahanu,4918426,BADA POKHARAN RETROFITTING RPWSS,Dedale,149,1,0,0,0,0,0,0,0,0,0,0,0,0,0,0,24-Jun,25-Jun,26-Jun,27-Jun,28-Jun,29-Jun,30-Jun,24-Jun,25-Jun,26-Jun,27-Jun,28-Jun,29-Jun,30-Jun,7,7,0
Konkan,Palghar,Palghar,Palghar,Dahanu,4918426,BADA POKHARAN RETROFITTING RPWSS,Dhakti Dahanu,5483,2,4.35,4.35,1.67,1.55,2.13,2.08,2.3,46.26,79.26,30.54,28.26,38.81,38.01,41.88,24-Jun,25-Jun,26-Jun,27-Jun,28-Jun,29-Jun,30-Jun,24-Jun,25-Jun,26-Jun,27-Jun,28-Jun,29-Jun,30-Jun,0,6,1
Konkan,Palghar,Palghar,Palghar,Dahanu,4918426,BADA POKHARAN RETROFITTING RPWSS,Dhumket,2198,1,1.07,1.07,0.96,1.36,0.79,2.66,1.57,51.27,48.79,43.84,61.98,36.16,121.02,71.22,24-Jun,25-Jun,26-Jun,27-Jun,28-Jun,29-Jun,30-Jun,24-Jun,25-Jun,26-Jun,27-Jun,28-Jun,29-Jun,30-Jun,0,4,3
Konkan,Palghar,Palghar,Palghar,Dahanu,4918426,BADA POKHARAN RETROFITTING RPWSS,Gowane,2872,1,4.79,4.79,2.38,2.43,3.77,4.52,5.95,122.19,166.69,82.7,84.72,131.11,157.44,207.2,24-Jun,25-Jun,26-Jun,27-Jun,28-Jun,29-Jun,30-Jun,24-Jun,25-Jun,26-Jun,27-Jun,28-Jun,29-Jun,30-Jun,0,0,7
Konkan,Palghar,Palghar,Palghar,Dahanu,4918426,BADA POKHARAN RETROFITTING RPWSS,Gungavade,1328,1,3.12,3.12,0.89,2.14,1.72,0.86,1.04,10690.71,235.05,66.81,161.36,129.82,65.02,78.13,24-Jun,25-Jun,26-Jun,27-Jun,28-Jun,29-Jun,30-Jun,24-Jun,25-Jun,26-Jun,27-Jun,28-Jun,29-Jun,30-Jun,0,0,7
Konkan,Palghar,Palghar,Palghar,Dahanu,4918426,BADA POKHARAN RETROFITTING RPWSS,Kambode,300,2,0.55,0.55,1.57,0.54,0,0,3.02,736.46,182.23,521.94,180.89,0.11,1.45,1006.85,24-Jun,25-Jun,26-Jun,27-Jun,28-Jun,29-Jun,30-Jun,24-Jun,25-Jun,26-Jun,27-Jun,28-Jun,29-Jun,30-Jun,0,2,5
Konkan,Palghar,Palghar,Palghar,Dahanu,4918426,BADA POKHARAN RETROFITTING RPWSS,Kapshi,1439,1,2.34,2.34,0.87,1.02,1.55,1.22,1.34,73.61,162.84,60.39,70.79,108,84.68,93.14,24-Jun,25-Jun,26-Jun,27-Jun,28-Jun,29-Jun,30-Jun,24-Jun,25-Jun,26-Jun,27-Jun,28-Jun,29-Jun,30-Jun,0,0,7
Konkan,Palghar,Palghar,Palghar,Dahanu,4918426,BADA POKHARAN RETROFITTING RPWSS,Ketkhadi,472,1,0.53,0.53,1.33,0.46,0.3,1.05,0.72,423.97,112.77,281.99,97.72,62.5,222.48,153.32,24-Jun,25-Jun,26-Jun,27-Jun,28-Jun,29-Jun,30-Jun,24-Jun,25-Jun,26-Jun,27-Jun,28-Jun,29-Jun,30-Jun,0,0,7
Konkan,Palghar,Palghar,Palghar,Dahanu,4918426,BADA POKHARAN RETROFITTING RPWSS,Kolavali- 1,1864,1,4.25,4.25,3.12,3.9,3.41,1.79,3.36,226.76,227.84,167.41,209.24,183.03,96.11,180.48,24-Jun,25-Jun,26-Jun,27-Jun,28-Jun,29-Jun,30-Jun,24-Jun,25-Jun,26-Jun,27-Jun,28-Jun,29-Jun,30-Jun,0,0,7
Konkan,Palghar,Palghar,Palghar,Dahanu,4918426,BADA POKHARAN RETROFITTING RPWSS,Kotim,316,1,2.31,2.31,0.17,0,2.58,2.9,0,782,730.3,53.18,0,815.06,917.75,0.09,24-Jun,25-Jun,26-Jun,27-Jun,28-Jun,29-Jun,30-Jun,24-Jun,25-Jun,26-Jun,27-Jun,28-Jun,29-Jun,30-Jun,1,3,4
Konkan,Palghar,Palghar,Palghar,Dahanu,4918426,BADA POKHARAN RETROFITTING RPWSS,Matgaon,1282,2,1.86,1.86,2.12,0.33,2.05,1.79,2.57,316.53,144.77,165.42,25.72,159.86,139.62,200.2,24-Jun,25-Jun,26-Jun,27-Jun,28-Jun,29-Jun,30-Jun,24-Jun,25-Jun,26-Jun,27-Jun,28-Jun,29-Jun,30-Jun,0,1,6
Konkan,Palghar,Palghar,Palghar,Dahanu,4918426,BADA POKHARAN RETROFITTING RPWSS,Pokharan,621,1,248.75,248.75,277.69,254.29,217.13,28.89,64.05,30065.95,40056.16,44716.28,40948.34,34964.2,4651.87,10314.21,24-Jun,25-Jun,26-Jun,27-Jun,28-Jun,29-Jun,30-Jun,24-Jun,25-Jun,26-Jun,27-Jun,28-Jun,29-Jun,30-Jun,0,0,7
Konkan,Palghar,Palghar,Palghar,Dahanu,4918426,BADA POKHARAN RETROFITTING RPWSS,Sawarai,260,2,0.22,0.22,0.89,0.91,0,0,0.94,950.05,85.83,340.55,351.11,0.06,0.02,362.59,24-Jun,25-Jun,26-Jun,27-Jun,28-Jun,29-Jun,30-Jun,24-Jun,25-Jun,26-Jun,27-Jun,28-Jun,29-Jun,30-Jun,0,2,5
Konkan,Palghar,Palghar,Palghar,Dahanu,4918426,BADA POKHARAN RETROFITTING RPWSS,Tadiyale,1490,1,0,0,0,0,0,0,0,0,0,0,0,0,0,0,24-Jun,25-Jun,26-Jun,27-Jun,28-Jun,29-Jun,30-Jun,24-Jun,25-Jun,26-Jun,27-Jun,28-Jun,29-Jun,30-Jun,7,7,0
Konkan,Palghar,Palghar,Palghar,Dahanu,4918426,BADA POKHARAN RETROFITTING RPWSS,Tanashi,1208,1,0,0,0,0,0,0,0,0,0,0,0,0,0,0,24-Jun,25-Jun,26-Jun,27-Jun,28-Jun,29-Jun,30-Jun,24-Jun,25-Jun,26-Jun,27-Jun,28-Jun,29-Jun,30-Jun,7,7,0
Konkan,Palghar,Palghar,Palghar,Dahanu,4918426,BADA POKHARAN RETROFITTING RPWSS,Tarapur,6238,1,0,0,0,0,0,0,0,0,0,0,0,0,0,0,24-Jun,25-Jun,26-Jun,27-Jun,28-Jun,29-Jun,30-Jun,24-Jun,25-Jun,26-Jun,27-Jun,28-Jun,29-Jun,30-Jun,7,7,0
Konkan,Palghar,Palghar,Palghar,Dahanu,4918426,BADA POKHARAN RETROFITTING RPWSS,Tighare ada,1012,1,0,0,0,0,0,0,0,0,0,0,0,0,0,0,24-Jun,25-Jun,26-Jun,27-Jun,28-Jun,29-Jun,30-Jun,24-Jun,25-Jun,26-Jun,27-Jun,28-Jun,29-Jun,30-Jun,7,7,0
Konkan,Palghar,Palghar,Palghar,Dahanu,4918426,BADA POKHARAN RETROFITTING RPWSS,Vangaon,7617,4,1.31,1.31,1.4,0.23,0.61,2.25,1.77,16.35,17.17,18.38,2.99,7.96,29.56,23.21,24-Jun,25-Jun,26-Jun,27-Jun,28-Jun,29-Jun,30-Jun,24-Jun,25-Jun,26-Jun,27-Jun,28-Jun,29-Jun,30-Jun,0,7,0
Konkan,Palghar,Palghar,Palghar,Dahanu,4918426,BADA POKHARAN RETROFITTING RPWSS,Varor,4090,2,0.05,0.05,0.02,0,0,0,0,0.37,1.33,0.37,0,0,0,0,24-Jun,25-Jun,26-Jun,27-Jun,28-Jun,29-Jun,30-Jun,24-Jun,25-Jun,26-Jun,27-Jun,28-Jun,29-Jun,30-Jun,4,7,0
Konkan,Palghar,Palghar,Palghar,Dahanu,4918426,BADA POKHARAN RETROFITTING RPWSS,Vasgaon,1396,1,1.31,1.31,1.08,0,1.85,0.57,1.05,45.4,93.53,77.59,0,132.66,40.69,75.25,24-Jun,25-Jun,26-Jun,27-Jun,28-Jun,29-Jun,30-Jun,24-Jun,25-Jun,26-Jun,27-Jun,28-Jun,29-Jun,30-Jun,1,3,4
Konkan,Palghar,Palghar,Palghar,Dahanu,4918426,BADA POKHARAN RETROFITTING RPWSS,Wadhavan,1278,1,0,0,0,0,0,0,0.01,0,0.02,0,0,0,0.01,0.9,24-Jun,25-Jun,26-Jun,27-Jun,28-Jun,29-Jun,30-Jun,24-Jun,25-Jun,26-Jun,27-Jun,28-Jun,29-Jun,30-Jun,4,7,0
Konkan,Palghar,Palghar,Palghar,Dahanu,4918426,BADA POKHARAN RETROFITTING RPWSS,Wadhwan,1278,1,0,0,0,0,0,0.01,0,0.08,0.12,0.21,0.09,0.05,1,0.08,24-Jun,25-Jun,26-Jun,27-Jun,28-Jun,29-Jun,30-Jun,24-Jun,25-Jun,26-Jun,27-Jun,28-Jun,29-Jun,30-Jun,0,7,0
Konkan,Palghar,Palghar,Palghar,Mokhada,20028070,"MOKHADA TALUKA 58 VILLAGES R.R.W.S. SCHEME, TAL -MOKHADA",Ambyachapada Saturly,205,1,0,0,0,0,0,0,0,0.58,0,1.01,0,0,0,0.76,24-Jun,25-Jun,26-Jun,27-Jun,28-Jun,29-Jun,30-Jun,24-Jun,25-Jun,26-Jun,27-Jun,28-Jun,29-Jun,30-Jun,4,7,0
Konkan,Palghar,Palghar,Palghar,Mokhada,20028070,"MOKHADA TALUKA 58 VILLAGES R.R.W.S. SCHEME, TAL -MOKHADA",Botoshi,140,4,0,0,0,0,0,0.07,0.02,7.03,0,0,0,0,53.09,12.52,24-Jun,25-Jun,26-Jun,27-Jun,28-Jun,29-Jun,30-Jun,24-Jun,25-Jun,26-Jun,27-Jun,28-Jun,29-Jun,30-Jun,4,7,0
Konkan,Palghar,Palghar,Palghar,Mokhada,20028070,"MOKHADA TALUKA 58 VILLAGES R.R.W.S. SCHEME, TAL -MOKHADA",Brahmagaon,1078,1,0,0,0,0.11,0.01,0,0.08,0,0,0,10.46,0.67,0,7.27,24-Jun,25-Jun,26-Jun,27-Jun,28-Jun,29-Jun,30-Jun,24-Jun,25-Jun,26-Jun,27-Jun,28-Jun,29-Jun,30-Jun,4,7,0
Konkan,Palghar,Palghar,Palghar,Mokhada,20028070,"MOKHADA TALUKA 58 VILLAGES R.R.W.S. SCHEME, TAL -MOKHADA",Charangaon,669,1,#VALUE!,#VALUE!,#VALUE!,0,0,0,0,,,,0,0,0,0,24-Jun,45833,45834,45835,45836,45837,45838,45832,45833,45834,45835,45836,45837,45838,4,4,0
Konkan,Palghar,Palghar,Palghar,Mokhada,20028070,"MOKHADA TALUKA 58 VILLAGES R.R.W.S. SCHEME, TAL -MOKHADA",Chas,1003,1,0,0,0,0,0,0,0,0,0,0,0,0,0,0,24-Jun,45833,45834,45835,45836,45837,45838,45832,45833,45834,45835,45836,45837,45838,7,7,0
Konkan,Palghar,Palghar,Palghar,Mokhada,20028070,"MOKHADA TALUKA 58 VILLAGES R.R.W.S. SCHEME, TAL -MOKHADA",Dandwal,446,1,0,0,0,0,0,0,0,0,0,0.01,0,0,0,0,24-Jun,45833,45834,45835,45836,45837,45838,45832,45833,45834,45835,45836,45837,45838,6,7,0
Konkan,Palghar,Palghar,Palghar,Mokhada,20028070,"MOKHADA TALUKA 58 VILLAGES R.R.W.S. SCHEME, TAL -MOKHADA",Dhudgaon,1819,1,0.08,0.08,0.12,0.12,0,0.06,0.02,3.57,4.56,6.78,6.73,0,3.13,1.29,24-Jun,45833,45834,45835,45836,45837,45838,45832,45833,45834,45835,45836,45837,45838,1,7,0
Konkan,Palghar,Palghar,Palghar,Mokhada,20028070,"MOKHADA TALUKA 58 VILLAGES R.R.W.S. SCHEME, TAL -MOKHADA",Dolhare,612,2,0,0,0.01,0,0,0,0,0,0,1.04,0,0,0,0,24-Jun,45833,45834,45835,45836,45837,45838,45832,45833,45834,45835,45836,45837,45838,6,7,0
Konkan,Palghar,Palghar,Palghar,Mokhada,20028070,"MOKHADA TALUKA 58 VILLAGES R.R.W.S. SCHEME, TAL -MOKHADA",Dongarwadi,542,1,#VALUE!,#VALUE!,#VALUE!,0,0,0.44,0.02,,,,0,0,80.29,3.91,24-Jun,45833,45834,45835,45836,45837,45838,45832,45833,45834,45835,45836,45837,45838,2,3,1
Konkan,Palghar,Palghar,Palghar,Mokhada,20028070,"MOKHADA TALUKA 58 VILLAGES R.R.W.S. SCHEME, TAL -MOKHADA",Gaymukhpada Gonde BK,864,1,0,0,0,0,0,0,0,0,0,0,0,0,0,0,24-Jun,45833,45834,45835,45836,45837,45838,45832,45833,45834,45835,45836,45837,45838,7,7,0
Konkan,Palghar,Palghar,Palghar,Mokhada,20028070,"MOKHADA TALUKA 58 VILLAGES R.R.W.S. SCHEME, TAL -MOKHADA",Ghanwal,296,1,#VALUE!,#VALUE!,#VALUE!,0,0,0,0,,,,0,0.23,0.03,0.27,24-Jun,45833,45834,45835,45836,45837,45838,45832,45833,45834,45835,45836,45837,45838,1,4,0
Konkan,Palghar,Palghar,Palghar,Mokhada,20028070,"MOKHADA TALUKA 58 VILLAGES R.R.W.S. SCHEME, TAL -MOKHADA",Ghodichapada Sakhari,275,1,0,0,0,0,0,0,0,0,0.03,0.01,0.03,0.01,0.02,0,24-Jun,45833,45834,45835,45836,45837,45838,45832,45833,45834,45835,45836,45837,45838,2,7,0
Konkan,Palghar,Palghar,Palghar,Mokhada,20028070,"MOKHADA TALUKA 58 VILLAGES R.R.W.S. SCHEME, TAL -MOKHADA",Gomghar,200,1,#VALUE!,#VALUE!,#VALUE!,0,0,1.05,1.08,,,,0,0,525.17,540.4,24-Jun,45833,45834,45835,45836,45837,45838,45832,45833,45834,45835,45836,45837,45838,2,2,2
Konkan,Palghar,Palghar,Palghar,Mokhada,20028070,"MOKHADA TALUKA 58 VILLAGES R.R.W.S. SCHEME, TAL -MOKHADA",Gonde BK,1226,1,0,0,0,0,0,0,0,0,0,0,0.01,0,0,0,24-Jun,45833,45834,45835,45836,45837,45838,45832,45833,45834,45835,45836,45837,45838,6,7,0
Konkan,Palghar,Palghar,Palghar,Mokhada,20028070,"MOKHADA TALUKA 58 VILLAGES R.R.W.S. SCHEME, TAL -MOKHADA",Gonde KH,1189,1,0,0,0,0,0,0,0,0.06,0,0.03,0,0,0,0,24-Jun,45833,45834,45835,45836,45837,45838,45832,45833,45834,45835,45836,45837,45838,5,7,0
Konkan,Palghar,Palghar,Palghar,Mokhada,20028070,"MOKHADA TALUKA 58 VILLAGES R.R.W.S. SCHEME, TAL -MOKHADA",Hattipada Chas,257,1,0,0,0,0,0,0.01,0,1.5,0.02,1.12,0.06,0.4,3.15,1.36,24-Jun,45833,45834,45835,45836,45837,45838,45832,45833,45834,45835,45836,45837,45838,0,7,0
Konkan,Palghar,Palghar,Palghar,Mokhada,20028070,"MOKHADA TALUKA 58 VILLAGES R.R.W.S. SCHEME, TAL -MOKHADA",Jogalwadi,799,1,0,0,0,0,0,0,0.88,29.97,0,0,0,0,0,109.69,24-Jun,45833,45834,45835,45836,45837,45838,45832,45833,45834,45835,45836,45837,45838,5,6,1
Konkan,Palghar,Palghar,Palghar,Mokhada,20028070,"MOKHADA TALUKA 58 VILLAGES R.R.W.S. SCHEME, TAL -MOKHADA",Kaduchiwadi,1215,1,0,0,0,0,0,0,0,0,0,0,0,0,0,0,24-Jun,45833,45834,45835,45836,45837,45838,45832,45833,45834,45835,45836,45837,45838,7,7,0
Konkan,Palghar,Palghar,Palghar,Mokhada,20028070,"MOKHADA TALUKA 58 VILLAGES R.R.W.S. SCHEME, TAL -MOKHADA",Kalamgoan,245,1,0,0,0,0,0,0,0,0,0,0,0,0,0,0,24-Jun,45833,45834,45835,45836,45837,45838,45832,45833,45834,45835,45836,45837,45838,7,7,0
Konkan,Palghar,Palghar,Palghar,Mokhada,20028070,"MOKHADA TALUKA 58 VILLAGES R.R.W.S. SCHEME, TAL -MOKHADA",Karegoan,907,1,#VALUE!,#VALUE!,#VALUE!,0,0,0,0,,,,0.02,0.07,0,0,24-Jun,45833,45834,45835,45836,45837,45838,45832,45833,45834,45835,45836,45837,45838,2,4,0
Konkan,Palghar,Palghar,Palghar,Mokhada,20028070,"MOKHADA TALUKA 58 VILLAGES R.R.W.S. SCHEME, TAL -MOKHADA",Karol,390,1,0,0,0,0,0,0,0,0,0,0,0,0,0,0,24-Jun,45833,45834,45835,45836,45837,45838,45832,45833,45834,45835,45836,45837,45838,7,7,0
Konkan,Palghar,Palghar,Palghar,Mokhada,20028070,"MOKHADA TALUKA 58 VILLAGES R.R.W.S. SCHEME, TAL -MOKHADA",Kengwadi Kodala,338,1,0,0,0,0,0,0,0,0,0,0,0,0,0,0,24-Jun,45833,45834,45835,45836,45837,45838,45832,45833,45834,45835,45836,45837,45838,7,7,0
Konkan,Palghar,Palghar,Palghar,Mokhada,20028070,"MOKHADA TALUKA 58 VILLAGES R.R.W.S. SCHEME, TAL -MOKHADA",Khasti,107,2,#VALUE!,#VALUE!,#VALUE!,0,0,0,0,,,,0,0.68,0,0,24-Jun,45833,45834,45835,45836,45837,45838,45832,45833,45834,45835,45836,45837,45838,3,4,0
Konkan,Palghar,Palghar,Palghar,Mokhada,20028070,"MOKHADA TALUKA 58 VILLAGES R.R.W.S. SCHEME, TAL -MOKHADA",Khoch,855,1,0,0,0,0,0,0,0,0.9,0,0,0,0,0,0,24-Jun,45833,45834,45835,45836,45837,45838,45832,45833,45834,45835,45836,45837,45838,6,7,0
Konkan,Palghar,Palghar,Palghar,Mokhada,20028070,"MOKHADA TALUKA 58 VILLAGES R.R.W.S. SCHEME, TAL -MOKHADA",Kineste,465,2,0,0,0,0,0,0,1.93,35.21,0.02,0.01,0.01,0.03,0,414.88,24-Jun,45833,45834,45835,45836,45837,45838,45832,45833,45834,45835,45836,45837,45838,1,6,1
Konkan,Palghar,Palghar,Palghar,Mokhada,20028070,"MOKHADA TALUKA 58 VILLAGES R.R.W.S. SCHEME, TAL -MOKHADA",Madkyachimet Pimpalgaon,268,1,0,0,0,0,0,0,0,0,0,0,0,0,0,0,24-Jun,45833,45834,45835,45836,45837,45838,45832,45833,45834,45835,45836,45837,45838,7,7,0
Konkan,Palghar,Palghar,Palghar,Mokhada,20028070,"MOKHADA TALUKA 58 VILLAGES R.R.W.S. SCHEME, TAL -MOKHADA",Morhande,1821,1,0,0,0,0,0,0,0,0,0,0,0.03,0,0,0,24-Jun,45833,45834,45835,45836,45837,45838,45832,45833,45834,45835,45836,45837,45838,6,7,0
Konkan,Palghar,Palghar,Palghar,Mokhada,20028070,"MOKHADA TALUKA 58 VILLAGES R.R.W.S. SCHEME, TAL -MOKHADA",Nashera,308,3,#VALUE!,#VALUE!,#VALUE!,0,0,0,0,0,,,0.4,0,0,0,24-Jun,45833,45834,45835,45836,45837,45838,45832,45833,45834,45835,45836,45837,45838,4,5,0
Konkan,Palghar,Palghar,Palghar,Mokhada,20028070,"MOKHADA TALUKA 58 VILLAGES R.R.W.S. SCHEME, TAL -MOKHADA",Nilmati,855,1,0.59,0.59,0.31,0.3,0.41,0.46,0.38,70.86,68.78,36.48,35.27,48.23,53.25,44.84,24-Jun,45833,45834,45835,45836,45837,45838,45832,45833,45834,45835,45836,45837,45838,0,5,2
Konkan,Palghar,Palghar,Palghar,Mokhada,20028070,"MOKHADA TALUKA 58 VILLAGES R.R.W.S. SCHEME, TAL -MOKHADA",Osarvira,303,2,0,0,0,0,0,0,0,0,0,0.01,0,0,0,0,24-Jun,45833,45834,45835,45836,45837,45838,45832,45833,45834,45835,45836,45837,45838,6,7,0
Konkan,Palghar,Palghar,Palghar,Mokhada,20028070,"MOKHADA TALUKA 58 VILLAGES R.R.W.S. SCHEME, TAL -MOKHADA",Palsunde,1338,1,0,0,0.01,0,0,0,0.03,0,0,0.94,0,0,0,2.05,24-Jun,45833,45834,45835,45836,45837,45838,45832,45833,45834,45835,45836,45837,45838,5,7,0
Konkan,Palghar,Palghar,Palghar,Mokhada,20028070,"MOKHADA TALUKA 58 VILLAGES R.R.W.S. SCHEME, TAL -MOKHADA",Pangripada Chas,669,1,0,0,0,0,0,0,0,0,0,0,0,0,0,0,24-Jun,45833,45834,45835,45836,45837,45838,45832,45833,45834,45835,45836,45837,45838,7,7,0
Konkan,Palghar,Palghar,Palghar,Mokhada,20028070,"MOKHADA TALUKA 58 VILLAGES R.R.W.S. SCHEME, TAL -MOKHADA",Pardhyachimet Poshera,435,1,0,0,0,0,0,0,0,0,0,0,0,0,0,0,24-Jun,45833,45834,45835,45836,45837,45838,45832,45833,45834,45835,45836,45837,45838,7,7,0
Konkan,Palghar,Palghar,Palghar,Mokhada,20028070,"MOKHADA TALUKA 58 VILLAGES R.R.W.S. SCHEME, TAL -MOKHADA",Pawarpada Poshera,679,1,0.04,0.04,0,0.06,0,0,0.01,10.25,5.84,0.03,9.23,0,0,1.8,24-Jun,45833,45834,45835,45836,45837,45838,45832,45833,45834,45835,45836,45837,45838,2,7,0
Konkan,Palghar,Palghar,Palghar,Mokhada,20028070,"MOKHADA TALUKA 58 VILLAGES R.R.W.S. SCHEME, TAL -MOKHADA",Pimpalpada Hirwe,655,1,#VALUE!,#VALUE!,#VALUE!,0,0,0,0,,,,0,0,0,0,24-Jun,45833,45834,45835,45836,45837,45838,45832,45833,45834,45835,45836,45837,45838,4,4,0
Konkan,Palghar,Palghar,Palghar,Mokhada,20028070,"MOKHADA TALUKA 58 VILLAGES R.R.W.S. SCHEME, TAL -MOKHADA",Pimplegoan,465,1,0,0,0,0,0,0,0,0,0,0,0,0,0,0,24-Jun,45833,45834,45835,45836,45837,45838,45832,45833,45834,45835,45836,45837,45838,7,7,0
Konkan,Palghar,Palghar,Palghar,Mokhada,20028070,"MOKHADA TALUKA 58 VILLAGES R.R.W.S. SCHEME, TAL -MOKHADA",Poshera,3308,1,0,0,0,0,1.05,0.13,0,22.07,0,0,0,31.65,3.89,0.01,24-Jun,45833,45834,45835,45836,45837,45838,45832,45833,45834,45835,45836,45837,45838,3,7,0
Konkan,Palghar,Palghar,Palghar,Mokhada,20028070,"MOKHADA TALUKA 58 VILLAGES R.R.W.S. SCHEME, TAL -MOKHADA",Rajewadi Jogalwadi,465,1,0.11,0.11,0,0,0,0,0.13,0,23.58,0,0,0,0,27.91,24-Jun,45833,45834,45835,45836,45837,45838,45832,45833,45834,45835,45836,45837,45838,5,7,0
Konkan,Palghar,Palghar,Palghar,Mokhada,20028070,"MOKHADA TALUKA 58 VILLAGES R.R.W.S. SCHEME, TAL -MOKHADA",Rest House Khodala,1287,1,#VALUE!,#VALUE!,#VALUE!,0,0,0,0,,,,0,0.04,0,0,24-Jun,45833,45834,45835,45836,45837,45838,45832,45833,45834,45835,45836,45837,45838,3,4,0
Konkan,Palghar,Palghar,Palghar,Mokhada,20028070,"MOKHADA TALUKA 58 VILLAGES R.R.W.S. SCHEME, TAL -MOKHADA",Sadakwadi Koshimshet,1375,1,0,0,0,0,0,0,0,0,0,0.01,0,0,0,0,24-Jun,45833,45834,45835,45836,45837,45838,45832,45833,45834,45835,45836,45837,45838,6,7,0
Konkan,Palghar,Palghar,Palghar,Mokhada,20028070,"MOKHADA TALUKA 58 VILLAGES R.R.W.S. SCHEME, TAL -MOKHADA",Sakhari,818,1,0,0,0,0,0,0,0,0,0,0,0,0,0,0,24-Jun,45833,45834,45835,45836,45837,45838,45832,45833,45834,45835,45836,45837,45838,7,7,0
Konkan,Palghar,Palghar,Palghar,Mokhada,20028070,"MOKHADA TALUKA 58 VILLAGES R.R.W.S. SCHEME, TAL -MOKHADA",Sayade,224,2,0,0,0,0,0,0,0,0,0,0,0,0,0,0,24-Jun,45833,45834,45835,45836,45837,45838,45832,45833,45834,45835,45836,45837,45838,7,7,0
Konkan,Palghar,Palghar,Palghar,Mokhada,20028070,"MOKHADA TALUKA 58 VILLAGES R.R.W.S. SCHEME, TAL -MOKHADA",Shirson,904,1,0,0,0,0,0,0,0,0,0,0,0,0,0,0,24-Jun,45833,45834,45835,45836,45837,45838,45832,45833,45834,45835,45836,45837,45838,7,7,0
Konkan,Palghar,Palghar,Palghar,Mokhada,20028070,"MOKHADA TALUKA 58 VILLAGES R.R.W.S. SCHEME, TAL -MOKHADA",Shivali,1267,1,0,0,0,0,0,0,0,0,0,0,0,0,0,0,24-Jun,45833,45834,45835,45836,45837,45838,45832,45833,45834,45835,45836,45837,45838,7,7,0
Konkan,Palghar,Palghar,Palghar,Mokhada,20028070,"MOKHADA TALUKA 58 VILLAGES R.R.W.S. SCHEME, TAL -MOKHADA",Sonarwadi Koshimshet,209,1,0,0,0,0.01,0,0.08,0.11,0.05,0,1.9,3.97,1.8,40.47,54.72,24-Jun,45833,45834,45835,45836,45837,45838,45832,45833,45834,45835,45836,45837,45838,1,7,0
Konkan,Palghar,Palghar,Palghar,Mokhada,20028070,"MOKHADA TALUKA 58 VILLAGES R.R.W.S. SCHEME, TAL -MOKHADA",Telu Umbarpada,789,1,#VALUE!,#VALUE!,#VALUE!,0,0,0,0,0,,,0.02,0,0,0,24-Jun,45833,45834,45835,45836,45837,45838,45832,45833,45834,45835,45836,45837,45838,4,5,0
Konkan,Palghar,Palghar,Palghar,Mokhada,20028070,"MOKHADA TALUKA 58 VILLAGES R.R.W.S. SCHEME, TAL -MOKHADA",Udhale,725,2,0,0,0,0,0,0,1,0.03,0.04,0.09,0,0.11,0,137.44,24-Jun,45833,45834,45835,45836,45837,45838,45832,45833,45834,45835,45836,45837,45838,2,6,1
Konkan,Palghar,Palghar,Palghar,Mokhada,20028070,"MOKHADA TALUKA 58 VILLAGES R.R.W.S. SCHEME, TAL -MOKHADA",Umbarpada Beriste,799,1,0,0,0,0,0.01,0,0,0.15,0.03,0.02,0.22,1.67,0.12,0.16,24-Jun,45833,45834,45835,45836,45837,45838,45832,45833,45834,45835,45836,45837,45838,0,7,0
Konkan,Palghar,Palghar,Palghar,Mokhada,20028070,"MOKHADA TALUKA 58 VILLAGES R.R.W.S. SCHEME, TAL -MOKHADA",Vashind,671,1,#VALUE!,#VALUE!,#VALUE!,0,0,0.01,0.19,,,,0,0,1.14,29.06,24-Jun,45833,45834,45835,45836,45837,45838,45832,45833,45834,45835,45836,45837,45838,2,4,0
Konkan,Palghar,Palghar,Palghar,Mokhada,20028070,"MOKHADA TALUKA 58 VILLAGES R.R.W.S. SCHEME, TAL -MOKHADA",Wadachapada Saturly,632,1,0,0,0,0,0,0,0,0.02,0,0,0,0,0,0.03,24-Jun,45833,45834,45835,45836,45837,45838,45832,45833,45834,45835,45836,45837,45838,5,7,0
Konkan,Palghar,Palghar,Palghar,Mokhada,20028070,"MOKHADA TALUKA 58 VILLAGES R.R.W.S. SCHEME, TAL -MOKHADA",Wakadpada,632,1,0.62,0.62,0.57,0.49,0.5,0.75,0.73,26.15,97.96,90.84,77.44,79.72,118.91,116,24-Jun,45833,45834,45835,45836,45837,45838,45832,45833,45834,45835,45836,45837,45838,0,1,6
Konkan,Palghar,Palghar,Palghar,Mokhada,20028070,"MOKHADA TALUKA 58 VILLAGES R.R.W.S. SCHEME, TAL -MOKHADA",Wasala,1561,1,0,0,0,0,0,0,0,0,0,0,0,0,0,0,24-Jun,45833,45834,45835,45836,45837,45838,45832,45833,45834,45835,45836,45837,45838,7,7,0
Konkan,Palghar,Palghar,Palghar,Palghar,20017952,Padghe and 19 villages PWSS,Devkhop,477,1,0,0,0,0,0,0,0,0,0,0,0,0,0,0,24-Jun,45833,45834,45835,45836,45837,45838,45832,45833,45834,45835,45836,45837,45838,7,7,0
Konkan,Palghar,Palghar,Palghar,Palghar,20017952,Padghe and 19 villages PWSS,Padghe,454,2,0,0,0,0,0,0,0,0,0,0,0,0,0,0,24-Jun,45833,45834,45835,45836,45837,45838,45832,45833,45834,45835,45836,45837,45838,7,7,0
Konkan,Palghar,Palghar,Palghar,Palghar,20017952,Padghe and 19 villages PWSS,Tokrepada,264,1,0,0,0,0,0,0,0,0.51,0,0.02,0.36,0,0.06,0,24-Jun,45833,45834,45835,45836,45837,45838,45832,45833,45834,45835,45836,45837,45838,3,7,0
Konkan,Panvel,Raigadh,Mangaon,Khalapur,20028168,Devnhave water supply scheme,Devnhave,2160,3,3.8,3.8,3.91,3.65,4.09,3.07,3.94,132.69,175.99,181.11,169.15,189.22,141.97,182.56,24-Jun,45833,45834,45835,45836,45837,45838,45832,45833,45834,45835,45836,45837,45838,0,0,7
Konkan,Panvel,Raigadh,Mangaon,Pen,20020563,Shahapada 38 Villages,Kane,1503,1,0,0,0,0,0,0,0,0,0.26,0.02,0,0.27,0.01,0,24-Jun,45833,45834,45835,45836,45837,45838,45832,45833,45834,45835,45836,45837,45838,3,7,0
Konkan,Panvel,Raigadh,Mangaon,Pen,20020563,Shahapada 38 Villages,Kashmire,2431,1,0,0,0,1.02,0,0,1.29,37.17,0,0,41.86,0,0,53.04,24-Jun,45833,45834,45835,45836,45837,45838,45832,45833,45834,45835,45836,45837,45838,4,7,0
Konkan,Panvel,Raigadh,Mangaon,Pen,20020563,Shahapada 38 Villages,Shirki,2237,1,0,0,0,0,0,0,0,0,0,0,0,0,0,0,24-Jun,45833,45834,45835,45836,45837,45838,45832,45833,45834,45835,45836,45837,45838,7,7,0
Konkan,Panvel,Raigadh,Mangaon,Pen,20020563,Shahapada 38 Villages,Wadhav,6000,1,0,0,0,0,0,0,0,0,0,0,0,0,0,0,24-Jun,45833,45834,45835,45836,45837,45838,45832,45833,45834,45835,45836,45837,45838,7,7,0
Konkan,Panvel,Raigadh,Mangaon,Pen,20020563,Shahapada 38 Villages,Washinaka,2224,1,19.74,19.74,0,0,0,18.58,0,0,887.56,0,0.01,0,835.43,0,24-Jun,45833,45834,45835,45836,45837,45838,45832,45833,45834,45835,45836,45837,45838,4,5,2
Konkan,Raigadh,Raigadh,Raigadh,Karjat,20028195,"Kadav water supply scheme, Tal. Karjat Dist. Raigad",Kadav,2490,1,0,0,0,0,0,0,0,0,0,0,0.03,0,0,0,24-Jun,45833,45834,45835,45836,45837,45838,45832,45833,45834,45835,45836,45837,45838,6,7,0
Konkan,Raigadh,Raigadh,Raigadh,Mangaon,20028626,"Warak Kushade Water Supply Scheme tal- Mnagaon, Dist-Raigad",Koshimbale,339,1,0,0,0,0,0,0,0,0,0,0,0,0,0,0,24-Jun,45833,45834,45835,45836,45837,45838,45832,45833,45834,45835,45836,45837,45838,7,7,0
Konkan,Raigadh,Raigadh,Raigadh,Mangaon,20028626,"Warak Kushade Water Supply Scheme tal- Mnagaon, Dist-Raigad",Kushede,555,1,0,0,0,0,0,0.11,0,0,0,0,0,0,20.39,0,24-Jun,45833,45834,45835,45836,45837,45838,45832,45833,45834,45835,45836,45837,45838,6,7,0
Konkan,Raigadh,Raigadh,Raigadh,Mangaon,20028626,"Warak Kushade Water Supply Scheme tal- Mnagaon, Dist-Raigad",Vighavli,816,1,0,0,0,0,0,0,0,0,0,0,0,0,0,0,24-Jun,45833,45834,45835,45836,45837,45838,45832,45833,45834,45835,45836,45837,45838,7,7,0
Konkan,Raigadh,Raigadh,Raigadh,Mangaon,20028626,"Warak Kushade Water Supply Scheme tal- Mnagaon, Dist-Raigad",Warak,805,1,0,0,0,0,0,0,0,0,0,0,0,0,0,0,24-Jun,45833,45834,45835,45836,45837,45838,45832,45833,45834,45835,45836,45837,45838,7,7,0
Konkan,Ratnagiri,Ratnagiri,Ratnagiri,Chipalun,20017771,Ovali - Kalkavane - Valoti RR WSS,Dadar,330,1,0,0,0,0,0,0,0,0,0,0,0,0,0,0,24-Jun,45833,45834,45835,45836,45837,45838,45832,45833,45834,45835,45836,45837,45838,7,7,0
Konkan,Ratnagiri,Ratnagiri,Ratnagiri,Chipalun,20017771,Ovali - Kalkavane - Valoti RR WSS,Kalkavane,900,4,0,0,0,0,0,0,0,0,0,0,0,0,0,0,24-Jun,45833,45834,45835,45836,45837,45838,45832,45833,45834,45835,45836,45837,45838,7,7,0
Konkan,Ratnagiri,Ratnagiri,Ratnagiri,Chipalun,20017771,Ovali - Kalkavane - Valoti RR WSS,Ovali,1211,1,0,0,0,0,0,0,0,0,0,0,0,0,0,0,24-Jun,45833,45834,45835,45836,45837,45838,45832,45833,45834,45835,45836,45837,45838,7,7,0
Konkan,Ratnagiri,Ratnagiri,Ratnagiri,Chipalun,20017771,Ovali - Kalkavane - Valoti RR WSS,Valoti,162,3,0,0,0,0,0,0,0,0.19,0.05,0.15,0.2,0.02,0,0,24-Jun,45833,45834,45835,45836,45837,45838,45832,45833,45834,45835,45836,45837,45838,2,7,0
Konkan,Thane,Thane,Palghar,Dahanu,20047871, Modgaon & Tornipada RWSS,Andherpada,1320,1,0,0,0,0,0,0,0,0.01,0,0,0,0,0,0,24-Jun,45833,45834,45835,45836,45837,45838,45832,45833,45834,45835,45836,45837,45838,6,7,0
Konkan,Thane,Thane,Palghar,Dahanu,20047871, Modgaon & Tornipada RWSS,Janasawarpada,241,1,0,0,0,0,0,0.62,0.7,0,0,0.01,0,0,257.72,292.26,24-Jun,45833,45834,45835,45836,45837,45838,45832,45833,45834,45835,45836,45837,45838,4,5,2
Konkan,Thane,Thane,Palghar,Dahanu,20047871, Modgaon & Tornipada RWSS,Navapada,812,1,0,0,0,0,0,0,0,0,0,0,0,0,0,0,24-Jun,45833,45834,45835,45836,45837,45838,45832,45833,45834,45835,45836,45837,45838,7,7,0
Konkan,Thane,Thane,Palghar,Dahanu,20047871, Modgaon & Tornipada RWSS,Savarpada,830,1,0,0,0,0.74,0.48,0.73,0.95,0,0,0,88.92,57.28,88.46,114.7,24-Jun,45833,45834,45835,45836,45837,45838,45832,45833,45834,45835,45836,45837,45838,3,3,4
Konkan,Thane,Thane,Thane,Kalyan,20092478,Retrofiting of Gotheghar Dahisar R.R. Water Supply Scheme,Bale,2236,1,0,0,0,0,0,0,0,0,0,0,0,0,0,0,24-Jun,45833,45834,45835,45836,45837,45838,45832,45833,45834,45835,45836,45837,45838,7,7,0
