Amravati,Akola,Akola,Akola,Akola,20027951,Khambora 60 VRRWSS Tq. & Dist. Akola,Akhatwada,870,1,0.00,0.00,0.01,0.00,0.00,0.00,0.00,0.00,0.00,0.72,0.03,0.17,0.00,0.00,06-Aug,07-Aug,08-Aug,09-Aug,10-Aug,11-Aug,12-Aug,06-Aug,07-Aug,08-Aug,09-Aug,10-Aug,11-Aug,12-Aug,4,7,0
Amravati,Akola,Akola,Akola,Akola,20027951,Khambora 60 VRRWSS Tq. & Dist. Akola,Apoti Bk.,719,1,0.00,0.00,0.00,2.38,1.46,2.36,0.00,0.00,0.00,0.00,330.76,203.53,328.68,0.00,06-Aug,07-Aug,08-Aug,09-Aug,10-Aug,11-Aug,12-Aug,06-Aug,07-Aug,08-Aug,09-Aug,10-Aug,11-Aug,12-Aug,4,4,3
Amravati,Akola,Akola,Akola,Akola,20027951,Khambora 60 VRRWSS Tq. & Dist. Akola,Gondapur,178,2,0.00,0.00,0.00,0.00,0.00,0.03,0.00,0.00,0.00,0.00,0.00,0.00,18.45,0.00,06-Aug,07-Aug,08-Aug,09-Aug,10-Aug,11-Aug,12-Aug,06-Aug,07-Aug,08-Aug,09-Aug,10-Aug,11-Aug,12-Aug,6,7,0
Amravati,Akola,Akola,Akola,Akola,20027951,Khambora 60 VRRWSS Tq. & Dist. Akola,Kaulkhed Gomase,388,1,0.00,0.00,0.00,0.00,0.00,0.00,0.00,0.00,0.00,0.00,0.00,0.00,0.00,0.00,06-Aug,07-Aug,08-Aug,09-Aug,10-Aug,11-Aug,12-Aug,06-Aug,07-Aug,08-Aug,09-Aug,10-Aug,11-Aug,12-Aug,7,7,0
Amravati,Akola,Akola,Akola,Akola,20027951,Khambora 60 VRRWSS Tq. & Dist. Akola,Marodi,930,1,47.34,35.61,11.57,17.70,46.15,40.73,0.00,5090.54,3829.54,1243.72,1902.86,4962.81,4379.26,0.00,06-Aug,07-Aug,08-Aug,09-Aug,10-Aug,11-Aug,12-Aug,06-Aug,07-Aug,08-Aug,09-Aug,10-Aug,11-Aug,12-Aug,1,1,6
Amravati,Akola,Akola,Akola,Akola,20027951,Khambora 60 VRRWSS Tq. & Dist. Akola,Ramagaon,688,3,0.00,0.00,0.00,0.00,0.00,0.00,0.00,0.00,0.00,0.00,0.00,0.00,0.00,0.00,06-Aug,07-Aug,08-Aug,09-Aug,10-Aug,11-Aug,12-Aug,06-Aug,07-Aug,08-Aug,09-Aug,10-Aug,11-Aug,12-Aug,7,7,0
Amravati,Akola,Akola,Akola,Akola,20028565,"Akot 84 VRRWSS Tq. Akola, Akot & Telhara Dist. Akola",Alegaon,422,1,0.00,0.00,0.00,0.00,0.00,0.00,0.00,0.00,0.00,0.00,0.00,0.00,0.00,0.00,06-Aug,07-Aug,08-Aug,09-Aug,10-Aug,11-Aug,12-Aug,06-Aug,07-Aug,08-Aug,09-Aug,10-Aug,11-Aug,12-Aug,7,7,0
Amravati,Akola,Akola,Akola,Akola,20028565,"Akot 84 VRRWSS Tq. Akola, Akot & Telhara Dist. Akola",Alewadi,800,1,0.00,0.78,0.01,0.01,0.01,0.70,0.01,0.00,97.50,1.25,1.25,1.25,87.50,1.25,06-Aug,07-Aug,08-Aug,09-Aug,10-Aug,11-Aug,12-Aug,06-Aug,07-Aug,08-Aug,09-Aug,10-Aug,11-Aug,12-Aug,1,5,2
Amravati,Akola,Akola,Akola,Akola,20028565,"Akot 84 VRRWSS Tq. Akola, Akot & Telhara Dist. Akola",Balegaon,1353,1,68.75,0.00,0.00,252.07,122.62,0.00,0.00,5081.30,0.00,0.00,18630.45,9062.82,0.00,0.00,06-Aug,07-Aug,08-Aug,09-Aug,10-Aug,11-Aug,12-Aug,06-Aug,07-Aug,08-Aug,09-Aug,10-Aug,11-Aug,12-Aug,4,4,3
Amravati,Akola,Akola,Akola,Akola,20028565,"Akot 84 VRRWSS Tq. Akola, Akot & Telhara Dist. Akola",Chotta Bazar,5151,5,8.60,10.92,12.74,7.77,19.77,12.58,4.57,166.99,212.04,247.25,150.84,383.76,244.23,88.79,06-Aug,07-Aug,08-Aug,09-Aug,10-Aug,11-Aug,12-Aug,06-Aug,07-Aug,08-Aug,09-Aug,10-Aug,11-Aug,12-Aug,0,0,7
Amravati,Akola,Akola,Akola,Akola,20028565,"Akot 84 VRRWSS Tq. Akola, Akot & Telhara Dist. Akola",Danori,1296,2,2.82,0.00,0.00,0.00,0.00,3.54,1.85,217.59,0.00,0.00,0.00,0.00,273.15,143.00,06-Aug,07-Aug,08-Aug,09-Aug,10-Aug,11-Aug,12-Aug,06-Aug,07-Aug,08-Aug,09-Aug,10-Aug,11-Aug,12-Aug,4,4,3
Amravati,Akola,Akola,Akola,Akola,20028565,"Akot 84 VRRWSS Tq. Akola, Akot & Telhara Dist. Akola",Deori,2560,1,6.40,9.18,58.56,4.08,0.00,7.81,67.40,250.00,358.59,2287.50,159.19,0.00,305.08,2632.91,06-Aug,07-Aug,08-Aug,09-Aug,10-Aug,11-Aug,12-Aug,06-Aug,07-Aug,08-Aug,09-Aug,10-Aug,11-Aug,12-Aug,1,1,6
Amravati,Akola,Akola,Akola,Akola,20028565,"Akot 84 VRRWSS Tq. Akola, Akot & Telhara Dist. Akola",Dinoda,1491,2,0.00,0.00,0.00,0.00,0.00,0.00,0.00,0.00,0.00,0.00,0.00,0.00,0.00,0.00,06-Aug,07-Aug,08-Aug,09-Aug,10-Aug,11-Aug,12-Aug,06-Aug,07-Aug,08-Aug,09-Aug,10-Aug,11-Aug,12-Aug,7,7,0
Amravati,Akola,Akola,Akola,Akola,20028565,"Akot 84 VRRWSS Tq. Akola, Akot & Telhara Dist. Akola",Garsoli,288,1,0.00,0.00,0.00,3.42,0.00,0.00,1.02,0.00,0.00,0.00,1188.29,0.00,0.00,352.66,06-Aug,07-Aug,08-Aug,09-Aug,10-Aug,11-Aug,12-Aug,06-Aug,07-Aug,08-Aug,09-Aug,10-Aug,11-Aug,12-Aug,5,5,2
Amravati,Akola,Akola,Akola,Akola,20028565,"Akot 84 VRRWSS Tq. Akola, Akot & Telhara Dist. Akola",Jaulka,1312,1,0.00,0.00,0.00,0.71,6.02,0.27,0.00,0.00,0.00,0.00,54.12,458.84,20.58,0.00,06-Aug,07-Aug,08-Aug,09-Aug,10-Aug,11-Aug,12-Aug,06-Aug,07-Aug,08-Aug,09-Aug,10-Aug,11-Aug,12-Aug,4,6,1
Amravati,Akola,Akola,Akola,Akola,20028565,"Akot 84 VRRWSS Tq. Akola, Akot & Telhara Dist. Akola",Kalwadi,945,2,0.00,0.00,0.00,4.37,0.00,0.00,0.00,0.00,0.00,0.00,462.43,0.00,0.00,0.00,06-Aug,07-Aug,08-Aug,09-Aug,10-Aug,11-Aug,12-Aug,06-Aug,07-Aug,08-Aug,09-Aug,10-Aug,11-Aug,12-Aug,6,6,1
Amravati,Akola,Akola,Akola,Akola,20028565,"Akot 84 VRRWSS Tq. Akola, Akot & Telhara Dist. Akola",Karatwadi,1682,1,0.57,1.12,0.01,1.75,0.00,1.20,0.78,33.89,66.59,0.59,104.04,0.00,71.34,46.37,06-Aug,07-Aug,08-Aug,09-Aug,10-Aug,11-Aug,12-Aug,06-Aug,07-Aug,08-Aug,09-Aug,10-Aug,11-Aug,12-Aug,1,4,3
Amravati,Akola,Akola,Akola,Akola,20028565,"Akot 84 VRRWSS Tq. Akola, Akot & Telhara Dist. Akola",Kawasa,1300,2,0.00,0.00,0.00,0.00,0.00,0.00,0.00,0.00,0.00,0.00,0.00,0.00,0.00,0.00,06-Aug,07-Aug,08-Aug,09-Aug,10-Aug,11-Aug,12-Aug,06-Aug,07-Aug,08-Aug,09-Aug,10-Aug,11-Aug,12-Aug,7,7,0
Amravati,Akola,Akola,Akola,Akola,20028565,"Akot 84 VRRWSS Tq. Akola, Akot & Telhara Dist. Akola",Kawasa Bk.,1298,3,0.24,0.64,0.00,0.00,0.01,0.00,1.21,18.49,49.31,0.00,0.00,0.77,0.00,93.22,06-Aug,07-Aug,08-Aug,09-Aug,10-Aug,11-Aug,12-Aug,06-Aug,07-Aug,08-Aug,09-Aug,10-Aug,11-Aug,12-Aug,3,6,1
Amravati,Akola,Akola,Akola,Akola,20028565,"Akot 84 VRRWSS Tq. Akola, Akot & Telhara Dist. Akola",Keliweli (New),3676,1,0.00,0.04,0.00,0.94,1.20,0.51,0.00,0.00,1.09,0.00,25.57,32.64,13.87,0.00,06-Aug,07-Aug,08-Aug,09-Aug,10-Aug,11-Aug,12-Aug,06-Aug,07-Aug,08-Aug,09-Aug,10-Aug,11-Aug,12-Aug,3,7,0
Amravati,Akola,Akola,Akola,Akola,20028565,"Akot 84 VRRWSS Tq. Akola, Akot & Telhara Dist. Akola",Keliweli (Old),3676,1,2.07,2.72,2.21,0.00,0.00,2.85,5.20,56.31,74.02,60.12,0.00,0.00,77.53,141.48,06-Aug,07-Aug,08-Aug,09-Aug,10-Aug,11-Aug,12-Aug,06-Aug,07-Aug,08-Aug,09-Aug,10-Aug,11-Aug,12-Aug,2,2,5
Amravati,Akola,Akola,Akola,Akola,20028565,"Akot 84 VRRWSS Tq. Akola, Akot & Telhara Dist. Akola",Khanpur,53,4,120.41,122.48,101.06,101.69,64.77,25.77,4.16,227194.90,231100.23,190685.48,191860.77,122206.62,48629.90,7855.75,06-Aug,07-Aug,08-Aug,09-Aug,10-Aug,11-Aug,12-Aug,06-Aug,07-Aug,08-Aug,09-Aug,10-Aug,11-Aug,12-Aug,0,0,7
Amravati,Akola,Akola,Akola,Akola,20028565,"Akot 84 VRRWSS Tq. Akola, Akot & Telhara Dist. Akola",Khaparwadi Bk.,420,1,0.00,0.00,0.00,0.00,0.00,0.00,0.00,0.00,0.00,0.00,0.00,0.00,0.00,0.00,06-Aug,07-Aug,08-Aug,09-Aug,10-Aug,11-Aug,12-Aug,06-Aug,07-Aug,08-Aug,09-Aug,10-Aug,11-Aug,12-Aug,7,7,0
Amravati,Akola,Akola,Akola,Akola,20028565,"Akot 84 VRRWSS Tq. Akola, Akot & Telhara Dist. Akola",Khaparwadi Kh.,229,1,4.49,0.00,4.09,2.22,0.77,0.00,0.00,1960.70,0.00,1786.03,969.43,336.24,0.00,0.00,06-Aug,07-Aug,08-Aug,09-Aug,10-Aug,11-Aug,12-Aug,06-Aug,07-Aug,08-Aug,09-Aug,10-Aug,11-Aug,12-Aug,3,3,4
Amravati,Akola,Akola,Akola,Akola,20028565,"Akot 84 VRRWSS Tq. Akola, Akot & Telhara Dist. Akola",Kutasa,5446,2,0.32,0.00,8.51,0.45,5.55,0.00,0.00,5.88,0.00,156.26,8.26,101.91,0.00,0.00,06-Aug,07-Aug,08-Aug,09-Aug,10-Aug,11-Aug,12-Aug,06-Aug,07-Aug,08-Aug,09-Aug,10-Aug,11-Aug,12-Aug,3,5,2
Amravati,Akola,Akola,Akola,Akola,20028565,"Akot 84 VRRWSS Tq. Akola, Akot & Telhara Dist. Akola",Lotkhed,1143,2,0.00,0.00,0.00,0.00,0.00,0.00,0.00,0.00,0.00,0.00,0.00,0.00,0.00,0.00,06-Aug,07-Aug,08-Aug,09-Aug,10-Aug,11-Aug,12-Aug,06-Aug,07-Aug,08-Aug,09-Aug,10-Aug,11-Aug,12-Aug,7,7,0
Amravati,Akola,Akola,Akola,Akola,20028565,"Akot 84 VRRWSS Tq. Akola, Akot & Telhara Dist. Akola",Maroda,1148,1,0.00,0.00,1.16,0.93,0.00,0.00,0.00,0.00,0.00,100.64,80.66,0.00,0.00,0.43,06-Aug,07-Aug,08-Aug,09-Aug,10-Aug,11-Aug,12-Aug,06-Aug,07-Aug,08-Aug,09-Aug,10-Aug,11-Aug,12-Aug,4,5,2
Amravati,Akola,Akola,Akola,Akola,20028565,"Akot 84 VRRWSS Tq. Akola, Akot & Telhara Dist. Akola",Mundgaon,7199,2,3.94,3.91,108.29,696.67,69.99,12.31,50.25,54.70,54.33,1504.21,9677.38,972.20,171.04,698.01,06-Aug,07-Aug,08-Aug,09-Aug,10-Aug,11-Aug,12-Aug,06-Aug,07-Aug,08-Aug,09-Aug,10-Aug,11-Aug,12-Aug,0,2,5
Amravati,Akola,Akola,Akola,Akola,20028565,"Akot 84 VRRWSS Tq. Akola, Akot & Telhara Dist. Akola",Nijampur,712,1,0.00,0.00,0.00,0.00,0.00,0.00,0.00,0.00,0.00,0.00,0.00,0.00,0.00,0.00,06-Aug,07-Aug,08-Aug,09-Aug,10-Aug,11-Aug,12-Aug,06-Aug,07-Aug,08-Aug,09-Aug,10-Aug,11-Aug,12-Aug,7,7,0
Amravati,Akola,Akola,Akola,Akola,20028565,"Akot 84 VRRWSS Tq. Akola, Akot & Telhara Dist. Akola",Palsod,2116,3,0.02,0.27,0.00,0.00,0.00,0.30,0.00,0.88,12.70,0.00,0.00,0.11,14.27,0.18,06-Aug,07-Aug,08-Aug,09-Aug,10-Aug,11-Aug,12-Aug,06-Aug,07-Aug,08-Aug,09-Aug,10-Aug,11-Aug,12-Aug,2,7,0
Amravati,Akola,Akola,Akola,Akola,20028565,"Akot 84 VRRWSS Tq. Akola, Akot & Telhara Dist. Akola",Panori,535,1,0.00,0.00,0.00,0.00,0.00,0.00,0.00,0.00,0.00,0.00,0.00,0.00,0.00,0.00,06-Aug,07-Aug,08-Aug,09-Aug,10-Aug,11-Aug,12-Aug,06-Aug,07-Aug,08-Aug,09-Aug,10-Aug,11-Aug,12-Aug,7,7,0
Amravati,Akola,Akola,Akola,Akola,20028565,"Akot 84 VRRWSS Tq. Akola, Akot & Telhara Dist. Akola",Patsul,972,1,0.00,4.03,0.02,0.00,0.00,3.93,0.01,0.00,414.61,2.06,0.00,0.00,404.32,1.03,06-Aug,07-Aug,08-Aug,09-Aug,10-Aug,11-Aug,12-Aug,06-Aug,07-Aug,08-Aug,09-Aug,10-Aug,11-Aug,12-Aug,3,5,2
Amravati,Akola,Akola,Akola,Akola,20028565,"Akot 84 VRRWSS Tq. Akola, Akot & Telhara Dist. Akola",Pimpari Dikkar,522,1,0.02,1.32,0.00,0.00,0.01,1.53,0.16,3.83,252.87,0.00,0.00,1.92,293.10,30.24,06-Aug,07-Aug,08-Aug,09-Aug,10-Aug,11-Aug,12-Aug,06-Aug,07-Aug,08-Aug,09-Aug,10-Aug,11-Aug,12-Aug,2,5,2
Amravati,Akola,Akola,Akola,Akola,20028565,"Akot 84 VRRWSS Tq. Akola, Akot & Telhara Dist. Akola",Rajurwadi,46,1,0.00,0.00,0.00,0.00,0.00,0.00,0.00,0.00,0.00,0.00,0.00,0.00,0.00,0.00,06-Aug,07-Aug,08-Aug,09-Aug,10-Aug,11-Aug,12-Aug,06-Aug,07-Aug,08-Aug,09-Aug,10-Aug,11-Aug,12-Aug,7,7,0
Amravati,Akola,Akola,Akola,Akola,20028565,"Akot 84 VRRWSS Tq. Akola, Akot & Telhara Dist. Akola",Ronalda,2441,4,0.00,0.00,0.31,0.00,0.31,0.00,0.00,0.00,0.00,12.70,0.00,12.70,0.00,0.00,06-Aug,07-Aug,08-Aug,09-Aug,10-Aug,11-Aug,12-Aug,06-Aug,07-Aug,08-Aug,09-Aug,10-Aug,11-Aug,12-Aug,5,7,0
Amravati,Akola,Akola,Akola,Akola,20028565,"Akot 84 VRRWSS Tq. Akola, Akot & Telhara Dist. Akola",Sangavi,461,1,0.10,1.83,1.13,1.79,0.05,0.09,1.81,21.69,396.96,245.12,388.29,10.85,19.52,392.62,06-Aug,07-Aug,08-Aug,09-Aug,10-Aug,11-Aug,12-Aug,06-Aug,07-Aug,08-Aug,09-Aug,10-Aug,11-Aug,12-Aug,0,3,4
Amravati,Akola,Akola,Akola,Akola,20028565,"Akot 84 VRRWSS Tq. Akola, Akot & Telhara Dist. Akola",Sonbardi,712,2,0.18,0.00,0.59,0.12,0.01,0.01,0.60,25.28,0.00,82.87,16.85,1.40,1.40,84.27,06-Aug,07-Aug,08-Aug,09-Aug,10-Aug,11-Aug,12-Aug,06-Aug,07-Aug,08-Aug,09-Aug,10-Aug,11-Aug,12-Aug,1,5,2
Amravati,Akola,Akola,Akola,Akola,20028565,"Akot 84 VRRWSS Tq. Akola, Akot & Telhara Dist. Akola",Takli Kh.,1728,4,1.29,0.44,1.00,1.54,1.98,1.48,0.72,74.65,25.46,57.87,89.12,114.58,85.65,41.67,06-Aug,07-Aug,08-Aug,09-Aug,10-Aug,11-Aug,12-Aug,06-Aug,07-Aug,08-Aug,09-Aug,10-Aug,11-Aug,12-Aug,0,2,5
Amravati,Akola,Akola,Akola,Akola,20028565,"Akot 84 VRRWSS Tq. Akola, Akot & Telhara Dist. Akola",Tandulwadi,964,3,0.00,0.00,0.00,2.89,0.00,0.00,0.00,0.00,0.00,0.00,299.79,0.00,0.00,0.00,06-Aug,07-Aug,08-Aug,09-Aug,10-Aug,11-Aug,12-Aug,06-Aug,07-Aug,08-Aug,09-Aug,10-Aug,11-Aug,12-Aug,6,6,1
Amravati,Akola,Akola,Akola,Akola,20028565,"Akot 84 VRRWSS Tq. Akola, Akot & Telhara Dist. Akola",Taroda,755,1,0.05,0.54,0.13,0.00,0.00,0.01,0.00,6.62,71.52,17.22,0.00,0.00,1.32,0.00,06-Aug,07-Aug,08-Aug,09-Aug,10-Aug,11-Aug,12-Aug,06-Aug,07-Aug,08-Aug,09-Aug,10-Aug,11-Aug,12-Aug,3,6,1
Amravati,Akola,Akola,Akola,Akola,20028565,"Akot 84 VRRWSS Tq. Akola, Akot & Telhara Dist. Akola",Wani,373,1,1.21,0.00,0.00,0.00,2.70,0.23,0.00,324.40,0.00,0.00,0.00,723.86,60.63,0.00,06-Aug,07-Aug,08-Aug,09-Aug,10-Aug,11-Aug,12-Aug,06-Aug,07-Aug,08-Aug,09-Aug,10-Aug,11-Aug,12-Aug,4,4,3
Amravati,Akola,Akola,Akola,Akola,20028565,"Akot 84 VRRWSS Tq. Akola, Akot & Telhara Dist. Akola",Warula,1141,1,0.00,0.00,0.00,0.00,0.00,0.00,0.00,0.00,0.00,0.00,0.00,0.00,0.00,0.00,06-Aug,07-Aug,08-Aug,09-Aug,10-Aug,11-Aug,12-Aug,06-Aug,07-Aug,08-Aug,09-Aug,10-Aug,11-Aug,12-Aug,7,7,0
Amravati,Akola,Akola,Akola,Akola,20028565,"Akot 84 VRRWSS Tq. Akola, Akot & Telhara Dist. Akola",Warur,2400,1,7.98,0.00,0.00,0.00,0.00,7.58,6.93,332.37,0.00,0.00,0.00,0.00,315.83,288.61,06-Aug,07-Aug,08-Aug,09-Aug,10-Aug,11-Aug,12-Aug,06-Aug,07-Aug,08-Aug,09-Aug,10-Aug,11-Aug,12-Aug,4,4,3
Amravati,Akola,Akola,Akola,Akola,20039455,Khambora 4 VRRWSS Tq. & Dist. Akola,Sukali,1195,3,0.86,1.03,0.82,0.97,0.87,1.07,0.90,72.11,86.13,68.35,81.26,72.66,89.22,75.63,06-Aug,07-Aug,08-Aug,09-Aug,10-Aug,11-Aug,12-Aug,06-Aug,07-Aug,08-Aug,09-Aug,10-Aug,11-Aug,12-Aug,0,0,7
Amravati,Akola,Akola,Akola,Akot,20028420,Popatkhed 97 VRRWSS Tq. Akot & Telhara Dist. Akola,Ambola,3514,2,1.82,1.78,1.49,1.59,1.73,1.69,1.83,51.85,50.56,42.44,45.16,49.25,47.99,52.18,06-Aug,07-Aug,08-Aug,09-Aug,10-Aug,11-Aug,12-Aug,06-Aug,07-Aug,08-Aug,09-Aug,10-Aug,11-Aug,12-Aug,0,7,0
Amravati,Akola,Akola,Akola,Akot,20028420,Popatkhed 97 VRRWSS Tq. Akot & Telhara Dist. Akola,Bambarda Bk.,991,1,0.27,0.26,0.01,13.88,0.21,0.25,0.39,27.25,26.24,1.01,1400.61,21.19,25.23,39.35,06-Aug,07-Aug,08-Aug,09-Aug,10-Aug,11-Aug,12-Aug,06-Aug,07-Aug,08-Aug,09-Aug,10-Aug,11-Aug,12-Aug,0,6,1
Amravati,Akola,Akola,Akola,Akot,20028420,Popatkhed 97 VRRWSS Tq. Akot & Telhara Dist. Akola,Bochara,498,1,3.13,4.81,3.37,2.69,3.56,1.12,3.67,628.51,965.86,676.71,540.16,714.86,224.90,736.95,06-Aug,07-Aug,08-Aug,09-Aug,10-Aug,11-Aug,12-Aug,06-Aug,07-Aug,08-Aug,09-Aug,10-Aug,11-Aug,12-Aug,0,0,7
Amravati,Akola,Akola,Akola,Akot,20028420,Popatkhed 97 VRRWSS Tq. Akot & Telhara Dist. Akola,Chinchpani,547,1,0.00,0.85,0.00,0.42,0.61,0.52,0.50,0.00,156.05,0.00,76.08,110.73,95.52,92.04,06-Aug,07-Aug,08-Aug,09-Aug,10-Aug,11-Aug,12-Aug,06-Aug,07-Aug,08-Aug,09-Aug,10-Aug,11-Aug,12-Aug,2,2,5
Amravati,Akola,Akola,Akola,Akot,20028420,Popatkhed 97 VRRWSS Tq. Akot & Telhara Dist. Akola,Deulgaon,1463,2,0.00,0.00,0.00,0.00,0.00,0.00,0.00,0.00,0.00,0.00,0.00,0.00,0.00,0.00,06-Aug,07-Aug,08-Aug,09-Aug,10-Aug,11-Aug,12-Aug,06-Aug,07-Aug,08-Aug,09-Aug,10-Aug,11-Aug,12-Aug,7,7,0
Amravati,Akola,Akola,Akola,Akot,20028420,Popatkhed 97 VRRWSS Tq. Akot & Telhara Dist. Akola,Diwthana,882,2,1.25,1.25,1.27,1.23,1.23,1.44,1.34,142.26,141.79,144.00,139.45,138.97,163.64,151.45,06-Aug,07-Aug,08-Aug,09-Aug,10-Aug,11-Aug,12-Aug,06-Aug,07-Aug,08-Aug,09-Aug,10-Aug,11-Aug,12-Aug,0,0,7
Amravati,Akola,Akola,Akola,Akot,20028420,Popatkhed 97 VRRWSS Tq. Akot & Telhara Dist. Akola,Gulghat,771,2,0.00,0.00,0.00,0.00,0.00,0.00,0.00,0.00,0.00,0.00,0.00,0.00,0.00,0.00,06-Aug,07-Aug,08-Aug,09-Aug,10-Aug,11-Aug,12-Aug,06-Aug,07-Aug,08-Aug,09-Aug,10-Aug,11-Aug,12-Aug,7,7,0
Amravati,Akola,Akola,Akola,Akot,20028420,Popatkhed 97 VRRWSS Tq. Akot & Telhara Dist. Akola,Jalgaon Nahate,1424,2,0.00,0.00,0.00,0.00,0.00,0.00,0.00,0.00,0.00,0.00,0.00,0.00,0.00,0.00,06-Aug,07-Aug,08-Aug,09-Aug,10-Aug,11-Aug,12-Aug,06-Aug,07-Aug,08-Aug,09-Aug,10-Aug,11-Aug,12-Aug,7,7,0
Amravati,Akola,Akola,Akola,Akot,20028420,Popatkhed 97 VRRWSS Tq. Akot & Telhara Dist. Akola,Jitapur Pr. Rupagad,256,3,0.17,0.27,0.18,0.07,0.00,0.24,0.18,64.48,104.24,69.59,27.45,0.00,95.52,70.96,06-Aug,07-Aug,08-Aug,09-Aug,10-Aug,11-Aug,12-Aug,06-Aug,07-Aug,08-Aug,09-Aug,10-Aug,11-Aug,12-Aug,1,2,5
Amravati,Akola,Akola,Akola,Akot,20028420,Popatkhed 97 VRRWSS Tq. Akot & Telhara Dist. Akola,Khairkhed,1157,2,1.25,1.86,1.30,1.64,1.57,1.69,1.52,108.04,160.76,112.36,141.75,135.70,146.07,131.37,06-Aug,07-Aug,08-Aug,09-Aug,10-Aug,11-Aug,12-Aug,06-Aug,07-Aug,08-Aug,09-Aug,10-Aug,11-Aug,12-Aug,0,0,7
Amravati,Akola,Akola,Akola,Akot,20028420,Popatkhed 97 VRRWSS Tq. Akot & Telhara Dist. Akola,Kund,327,1,0.39,0.37,0.36,0.41,0.56,0.55,0.23,117.83,114.49,109.21,124.02,170.93,168.91,71.34,06-Aug,07-Aug,08-Aug,09-Aug,10-Aug,11-Aug,12-Aug,06-Aug,07-Aug,08-Aug,09-Aug,10-Aug,11-Aug,12-Aug,0,0,7
Amravati,Akola,Akola,Akola,Akot,20028420,Popatkhed 97 VRRWSS Tq. Akot & Telhara Dist. Akola,Machanpur,1124,2,0.31,0.47,0.44,0.42,0.34,0.40,0.47,27.65,42.22,39.53,37.12,30.18,35.95,41.81,06-Aug,07-Aug,08-Aug,09-Aug,10-Aug,11-Aug,12-Aug,06-Aug,07-Aug,08-Aug,09-Aug,10-Aug,11-Aug,12-Aug,0,7,0
Amravati,Akola,Akola,Akola,Akot,20028420,Popatkhed 97 VRRWSS Tq. Akot & Telhara Dist. Akola,Makrampur,842,2,0.92,1.10,1.14,0.58,0.52,1.25,0.92,109.26,130.64,135.39,68.88,61.76,148.46,109.26,06-Aug,07-Aug,08-Aug,09-Aug,10-Aug,11-Aug,12-Aug,06-Aug,07-Aug,08-Aug,09-Aug,10-Aug,11-Aug,12-Aug,0,0,7
Amravati,Akola,Akola,Akola,Akot,20028420,Popatkhed 97 VRRWSS Tq. Akot & Telhara Dist. Akola,Mardi,637,1,0.00,0.00,0.00,0.00,0.00,0.00,0.00,0.00,0.00,0.00,0.00,0.00,0.00,0.00,06-Aug,07-Aug,08-Aug,09-Aug,10-Aug,11-Aug,12-Aug,06-Aug,07-Aug,08-Aug,09-Aug,10-Aug,11-Aug,12-Aug,7,7,0
Amravati,Akola,Akola,Akola,Akot,20028420,Popatkhed 97 VRRWSS Tq. Akot & Telhara Dist. Akola,Mohala,3873,2,0.00,0.00,0.00,0.00,0.00,0.00,0.00,0.00,0.00,0.00,0.00,0.00,0.00,0.00,06-Aug,07-Aug,08-Aug,09-Aug,10-Aug,11-Aug,12-Aug,06-Aug,07-Aug,08-Aug,09-Aug,10-Aug,11-Aug,12-Aug,7,7,0
Amravati,Akola,Akola,Akola,Akot,20028420,Popatkhed 97 VRRWSS Tq. Akot & Telhara Dist. Akola,Panj,5584,2,0.81,1.73,1.53,1.52,1.57,1.63,0.78,14.46,31.05,27.47,27.25,28.13,29.22,14.02,06-Aug,07-Aug,08-Aug,09-Aug,10-Aug,11-Aug,12-Aug,06-Aug,07-Aug,08-Aug,09-Aug,10-Aug,11-Aug,12-Aug,0,7,0
Amravati,Akola,Akola,Akola,Akot,20028420,Popatkhed 97 VRRWSS Tq. Akot & Telhara Dist. Akola,Pimpri Jainpur,954,2,20.25,7.45,13.15,7.82,17.05,14.07,16.50,2122.85,780.92,1378.41,819.71,1787.21,1474.84,1729.56,06-Aug,07-Aug,08-Aug,09-Aug,10-Aug,11-Aug,12-Aug,06-Aug,07-Aug,08-Aug,09-Aug,10-Aug,11-Aug,12-Aug,0,0,7
Amravati,Akola,Akola,Akola,Akot,20028420,Popatkhed 97 VRRWSS Tq. Akot & Telhara Dist. Akola,Rambhapur,652,1,1.36,0.55,0.55,0.80,0.85,0.61,0.15,208.60,83.96,84.79,122.82,130.92,92.94,22.61,06-Aug,07-Aug,08-Aug,09-Aug,10-Aug,11-Aug,12-Aug,06-Aug,07-Aug,08-Aug,09-Aug,10-Aug,11-Aug,12-Aug,0,1,6
Amravati,Akola,Akola,Akola,Akot,20028420,Popatkhed 97 VRRWSS Tq. Akot & Telhara Dist. Akola,Rampur Dharul,1247,2,1.26,1.29,0.94,0.60,1.12,1.20,1.13,101.04,103.45,75.38,48.12,89.82,96.23,90.62,06-Aug,07-Aug,08-Aug,09-Aug,10-Aug,11-Aug,12-Aug,06-Aug,07-Aug,08-Aug,09-Aug,10-Aug,11-Aug,12-Aug,0,1,6
Amravati,Akola,Akola,Akola,Akot,20028420,Popatkhed 97 VRRWSS Tq. Akot & Telhara Dist. Akola,Shahapur Pr. Rupagad,1093,2,0.00,0.00,0.00,0.00,0.00,0.00,0.00,0.00,0.00,0.00,0.00,0.00,0.00,0.00,06-Aug,07-Aug,08-Aug,09-Aug,10-Aug,11-Aug,12-Aug,06-Aug,07-Aug,08-Aug,09-Aug,10-Aug,11-Aug,12-Aug,7,7,0
Amravati,Akola,Akola,Akola,Akot,20028420,Popatkhed 97 VRRWSS Tq. Akot & Telhara Dist. Akola,Somthana,626,1,0.00,0.00,0.00,0.00,0.00,0.00,0.00,0.00,0.00,0.00,0.00,0.00,0.00,0.00,06-Aug,07-Aug,08-Aug,09-Aug,10-Aug,11-Aug,12-Aug,06-Aug,07-Aug,08-Aug,09-Aug,10-Aug,11-Aug,12-Aug,7,7,0
Amravati,Akola,Akola,Akola,Akot,20028420,Popatkhed 97 VRRWSS Tq. Akot & Telhara Dist. Akola,Vitali,678,1,0.00,0.00,0.00,0.00,0.00,0.00,0.00,0.00,0.00,0.00,0.00,0.00,0.00,0.00,06-Aug,07-Aug,08-Aug,09-Aug,10-Aug,11-Aug,12-Aug,06-Aug,07-Aug,08-Aug,09-Aug,10-Aug,11-Aug,12-Aug,7,7,0
Amravati,Akola,Akola,Akola,Akot,20028420,Popatkhed 97 VRRWSS Tq. Akot & Telhara Dist. Akola,Waai,671,2,0.00,0.00,0.00,0.00,0.00,0.00,0.00,0.00,0.00,0.00,0.00,0.00,0.00,0.00,06-Aug,07-Aug,08-Aug,09-Aug,10-Aug,11-Aug,12-Aug,06-Aug,07-Aug,08-Aug,09-Aug,10-Aug,11-Aug,12-Aug,7,7,0
Amravati,Akola,Akola,Akola,Akot,20028420,Popatkhed 97 VRRWSS Tq. Akot & Telhara Dist. Akola,Wadali Deshmukh,3704,2,0.00,0.00,0.00,0.00,0.00,0.00,0.00,0.00,0.00,0.00,0.00,0.00,0.00,0.00,06-Aug,07-Aug,08-Aug,09-Aug,10-Aug,11-Aug,12-Aug,06-Aug,07-Aug,08-Aug,09-Aug,10-Aug,11-Aug,12-Aug,7,7,0
Amravati,Akola,Akola,Akola,Akot,20028420,Popatkhed 97 VRRWSS Tq. Akot & Telhara Dist. Akola,Wadali Satwai,2205,1,2.11,2.25,1.97,2.28,1.88,2.06,2.05,95.79,101.95,89.52,103.36,85.05,93.54,93.15,06-Aug,07-Aug,08-Aug,09-Aug,10-Aug,11-Aug,12-Aug,06-Aug,07-Aug,08-Aug,09-Aug,10-Aug,11-Aug,12-Aug,0,0,7
Amravati,Akola,Akola,Akola,Akot,20028420,Popatkhed 97 VRRWSS Tq. Akot & Telhara Dist. Akola,Wadgaon Mendhe,927,3,0.51,0.26,1.41,1.45,1.50,0.04,1.00,55.46,27.77,151.86,156.31,161.46,4.54,107.65,06-Aug,07-Aug,08-Aug,09-Aug,10-Aug,11-Aug,12-Aug,06-Aug,07-Aug,08-Aug,09-Aug,10-Aug,11-Aug,12-Aug,0,2,5
Amravati,Akola,Akola,Akola,Akot,20028420,Popatkhed 97 VRRWSS Tq. Akot & Telhara Dist. Akola,Wastapur,1565,2,0.00,0.00,0.00,0.00,0.00,0.00,0.00,0.00,0.00,0.00,0.00,0.00,0.00,0.00,06-Aug,07-Aug,08-Aug,09-Aug,10-Aug,11-Aug,12-Aug,06-Aug,07-Aug,08-Aug,09-Aug,10-Aug,11-Aug,12-Aug,7,7,0
Amravati,Akola,Akola,Akola,Balapur,20028254,Balapur 69 VRRWSS Tq. Balapur Dist. Akola,Antri Malkapur,1755,1,0.73,0.82,0.99,0.02,0.78,0.87,0.00,41.62,46.64,56.53,0.92,44.18,49.40,0.00,06-Aug,07-Aug,08-Aug,09-Aug,10-Aug,11-Aug,12-Aug,06-Aug,07-Aug,08-Aug,09-Aug,10-Aug,11-Aug,12-Aug,1,6,1
Amravati,Akola,Akola,Akola,Balapur,20028254,Balapur 69 VRRWSS Tq. Balapur Dist. Akola,Karanja Ramjan,1287,4,2.39,3.07,1.36,3.06,0.88,2.55,0.72,185.38,238.28,105.33,237.64,68.23,198.20,55.65,06-Aug,07-Aug,08-Aug,09-Aug,10-Aug,11-Aug,12-Aug,06-Aug,07-Aug,08-Aug,09-Aug,10-Aug,11-Aug,12-Aug,0,0,7
Amravati,Akola,Akola,Akola,Telhara,20028420,Popatkhed 97 VRRWSS Tq. Akot & Telhara Dist. Akola,Pimperkhed,1779,2,9.63,6.99,0.00,10.74,8.53,7.02,8.92,541.32,392.92,0.00,603.71,479.48,394.60,501.41,06-Aug,07-Aug,08-Aug,09-Aug,10-Aug,11-Aug,12-Aug,06-Aug,07-Aug,08-Aug,09-Aug,10-Aug,11-Aug,12-Aug,1,1,6
Amravati,Akola,Akola,Akola,Telhara,20028565,"Akot 84 VRRWSS Tq. Akola, Akot & Telhara Dist. Akola",Ner,1646,1,0.00,0.00,0.00,0.00,0.00,0.00,0.00,0.00,0.00,0.00,0.00,0.00,0.00,0.00,06-Aug,07-Aug,08-Aug,09-Aug,10-Aug,11-Aug,12-Aug,06-Aug,07-Aug,08-Aug,09-Aug,10-Aug,11-Aug,12-Aug,7,7,0
Amravati,Akola,Akola,Murtizapur,Murtizapur,20028270,"Lakhpuri 18 VRRWSS Tq. Murtizapur, Dist. Akola",Ghungshi,636,1,0.94,0.76,0.26,1.23,1.14,0.88,0.94,147.59,118.92,40.75,194.09,179.95,137.76,147.21,06-Aug,07-Aug,08-Aug,09-Aug,10-Aug,11-Aug,12-Aug,06-Aug,07-Aug,08-Aug,09-Aug,10-Aug,11-Aug,12-Aug,0,1,6
Amravati,Akola,Akola,Murtizapur,Murtizapur,20028270,"Lakhpuri 18 VRRWSS Tq. Murtizapur, Dist. Akola",Jambha Bk.,2328,2,0.36,0.43,0.02,0.10,0.19,0.24,0.36,15.54,18.43,1.04,4.24,8.16,10.34,15.53,06-Aug,07-Aug,08-Aug,09-Aug,10-Aug,11-Aug,12-Aug,06-Aug,07-Aug,08-Aug,09-Aug,10-Aug,11-Aug,12-Aug,0,7,0
Amravati,Akola,Akola,Murtizapur,Murtizapur,20028270,"Lakhpuri 18 VRRWSS Tq. Murtizapur, Dist. Akola",Lait,581,1,0.62,0.42,1.32,1.21,1.94,0.74,0.46,106.93,71.83,226.36,208.11,334.34,127.23,79.83,06-Aug,07-Aug,08-Aug,09-Aug,10-Aug,11-Aug,12-Aug,06-Aug,07-Aug,08-Aug,09-Aug,10-Aug,11-Aug,12-Aug,0,0,7
Amravati,Akola,Akola,Murtizapur,Murtizapur,20028270,"Lakhpuri 18 VRRWSS Tq. Murtizapur, Dist. Akola",Lakhpuri,3562,4,3.00,3.58,3.20,0.72,0.73,3.21,1.30,84.31,100.52,89.75,20.08,20.45,90.05,36.54,06-Aug,07-Aug,08-Aug,09-Aug,10-Aug,11-Aug,12-Aug,06-Aug,07-Aug,08-Aug,09-Aug,10-Aug,11-Aug,12-Aug,0,3,4
Amravati,Akola,Akola,Murtizapur,Murtizapur,20028270,"Lakhpuri 18 VRRWSS Tq. Murtizapur, Dist. Akola",Mangrul Kambe,1837,3,3.69,2.60,4.26,3.06,3.70,2.62,3.80,200.93,141.36,232.09,166.52,201.35,142.80,207.08,06-Aug,07-Aug,08-Aug,09-Aug,10-Aug,11-Aug,12-Aug,06-Aug,07-Aug,08-Aug,09-Aug,10-Aug,11-Aug,12-Aug,0,0,7
Amravati,Akola,Akola,Murtizapur,Murtizapur,20028270,"Lakhpuri 18 VRRWSS Tq. Murtizapur, Dist. Akola",Rasulpur,446,1,0.79,0.62,0.00,0.49,0.62,0.61,0.64,176.07,138.87,0.00,110.32,138.11,135.66,144.07,06-Aug,07-Aug,08-Aug,09-Aug,10-Aug,11-Aug,12-Aug,06-Aug,07-Aug,08-Aug,09-Aug,10-Aug,11-Aug,12-Aug,1,1,6
Amravati,Akola,Akola,Murtizapur,Murtizapur,20028270,"Lakhpuri 18 VRRWSS Tq. Murtizapur, Dist. Akola",Virwada,818,1,0.00,0.00,0.00,0.00,0.00,0.00,0.00,0.00,0.00,0.00,0.00,0.00,0.00,0.00,06-Aug,07-Aug,08-Aug,09-Aug,10-Aug,11-Aug,12-Aug,06-Aug,07-Aug,08-Aug,09-Aug,10-Aug,11-Aug,12-Aug,7,7,0
Amravati,Akola,Akola,Murtizapur,Murtizapur,20028298,Kurum & 2 VRRWSS Tq.Murtizapur Dist. Akola,Kurum,7124,3,0.00,0.00,0.00,0.00,0.00,0.00,0.00,0.00,0.00,0.00,0.00,0.00,0.00,0.00,06-Aug,07-Aug,08-Aug,09-Aug,10-Aug,11-Aug,12-Aug,06-Aug,07-Aug,08-Aug,09-Aug,10-Aug,11-Aug,12-Aug,7,7,0
Amravati,Akola,Akola,Murtizapur,Murtizapur,20028308,Pinjar & 2 VRRWSS Tq.Barshitakali Dist.Akola,Junana,2252,2,0.88,0.75,0.00,1.27,1.17,1.17,1.05,39.08,33.45,0.00,56.48,52.17,51.96,46.59,06-Aug,07-Aug,08-Aug,09-Aug,10-Aug,11-Aug,12-Aug,06-Aug,07-Aug,08-Aug,09-Aug,10-Aug,11-Aug,12-Aug,1,6,1
Amravati,Akola,Akola,Murtizapur,Murtizapur,20028308,Pinjar & 2 VRRWSS Tq.Barshitakali Dist.Akola,Pinjar,9112,3,4.69,3.02,3.00,1.60,2.97,2.49,3.16,51.45,33.09,32.94,17.61,32.60,27.31,34.65,06-Aug,07-Aug,08-Aug,09-Aug,10-Aug,11-Aug,12-Aug,06-Aug,07-Aug,08-Aug,09-Aug,10-Aug,11-Aug,12-Aug,0,7,0
Amravati,Akola,Akola,Murtizapur,Murtizapur,20028330,Langhapur 50 VRRWSS Tq. Murtizapur Dist. Akola,Anbhora,396,1,15.68,8.83,16.93,9.58,16.42,10.01,15.81,3959.60,2229.80,4275.25,2419.19,4146.46,2527.78,3992.42,06-Aug,07-Aug,08-Aug,09-Aug,10-Aug,11-Aug,12-Aug,06-Aug,07-Aug,08-Aug,09-Aug,10-Aug,11-Aug,12-Aug,0,0,7
Amravati,Akola,Akola,Murtizapur,Murtizapur,20028330,Langhapur 50 VRRWSS Tq. Murtizapur Dist. Akola,Borta,303,4,0.00,0.20,0.65,0.00,0.83,0.00,0.00,0.00,66.76,214.28,0.00,273.51,0.00,0.00,06-Aug,07-Aug,08-Aug,09-Aug,10-Aug,11-Aug,12-Aug,06-Aug,07-Aug,08-Aug,09-Aug,10-Aug,11-Aug,12-Aug,4,4,3
Amravati,Akola,Akola,Murtizapur,Murtizapur,20028330,Langhapur 50 VRRWSS Tq. Murtizapur Dist. Akola,Chikhli,314,2,0.00,0.00,0.00,0.00,0.00,0.00,0.00,0.00,0.00,0.00,0.00,0.00,0.00,0.00,06-Aug,07-Aug,08-Aug,09-Aug,10-Aug,11-Aug,12-Aug,06-Aug,07-Aug,08-Aug,09-Aug,10-Aug,11-Aug,12-Aug,7,7,0
Amravati,Akola,Akola,Murtizapur,Murtizapur,20028330,Langhapur 50 VRRWSS Tq. Murtizapur Dist. Akola,Dahatonda,302,1,1.28,0.74,1.38,1.37,1.40,1.23,1.29,424.62,245.70,456.66,452.48,464.30,406.09,427.95,06-Aug,07-Aug,08-Aug,09-Aug,10-Aug,11-Aug,12-Aug,06-Aug,07-Aug,08-Aug,09-Aug,10-Aug,11-Aug,12-Aug,0,0,7
Amravati,Akola,Akola,Murtizapur,Murtizapur,20028330,Langhapur 50 VRRWSS Tq. Murtizapur Dist. Akola,Dhotra shinde,455,2,0.00,0.00,0.00,0.00,0.70,0.00,0.00,0.00,0.00,0.00,0.00,153.85,0.00,0.00,06-Aug,07-Aug,08-Aug,09-Aug,10-Aug,11-Aug,12-Aug,06-Aug,07-Aug,08-Aug,09-Aug,10-Aug,11-Aug,12-Aug,6,6,1
Amravati,Akola,Akola,Murtizapur,Murtizapur,20028330,Langhapur 50 VRRWSS Tq. Murtizapur Dist. Akola,Nimba,541,1,0.00,0.00,0.00,0.00,0.00,0.00,0.00,0.00,0.00,0.00,0.00,0.00,0.00,0.00,06-Aug,07-Aug,08-Aug,09-Aug,10-Aug,11-Aug,12-Aug,06-Aug,07-Aug,08-Aug,09-Aug,10-Aug,11-Aug,12-Aug,7,7,0
Amravati,Akola,Akola,Murtizapur,Murtizapur,20028330,Langhapur 50 VRRWSS Tq. Murtizapur Dist. Akola,Pohi,301,1,1.20,0.96,0.52,0.31,1.78,1.19,1.28,397.46,317.65,172.19,103.88,592.34,395.40,426.27,06-Aug,07-Aug,08-Aug,09-Aug,10-Aug,11-Aug,12-Aug,06-Aug,07-Aug,08-Aug,09-Aug,10-Aug,11-Aug,12-Aug,0,0,7
Amravati,Akola,Akola,Murtizapur,Murtizapur,20028330,Langhapur 50 VRRWSS Tq. Murtizapur Dist. Akola,Rajura Ghate,268,1,1.21,0.00,2.06,0.00,0.00,1.94,2.68,451.49,0.00,768.66,0.00,0.00,723.88,1000.00,06-Aug,07-Aug,08-Aug,09-Aug,10-Aug,11-Aug,12-Aug,06-Aug,07-Aug,08-Aug,09-Aug,10-Aug,11-Aug,12-Aug,3,3,4
Amravati,Akola,Akola,Murtizapur,Murtizapur,20028330,Langhapur 50 VRRWSS Tq. Murtizapur Dist. Akola,Sirso,1395,3,0.00,0.00,0.00,0.00,0.00,0.00,0.00,0.00,0.00,0.00,0.00,0.00,0.00,0.00,06-Aug,07-Aug,08-Aug,09-Aug,10-Aug,11-Aug,12-Aug,06-Aug,07-Aug,08-Aug,09-Aug,10-Aug,11-Aug,12-Aug,7,7,0
Amravati,Akola,Akola,Murtizapur,Murtizapur,20028330,Langhapur 50 VRRWSS Tq. Murtizapur Dist. Akola,Sonori,597,2,0.42,0.44,0.52,0.00,0.00,0.38,0.38,70.35,73.70,87.10,0.00,0.00,63.65,63.65,06-Aug,07-Aug,08-Aug,09-Aug,10-Aug,11-Aug,12-Aug,06-Aug,07-Aug,08-Aug,09-Aug,10-Aug,11-Aug,12-Aug,2,2,5
Amravati,Akola,Buldhana,Buldhana,Buldhana,20021406,Padali & 5 Villages RRWSS,Gondhankhed,413,1,0.00,0.00,0.00,0.00,0.00,0.00,0.00,0.00,0.00,0.00,0.00,0.00,0.00,0.00,06-Aug,07-Aug,08-Aug,09-Aug,10-Aug,11-Aug,12-Aug,06-Aug,07-Aug,08-Aug,09-Aug,10-Aug,11-Aug,12-Aug,7,7,0
Amravati,Akola,Buldhana,Buldhana,Buldhana,20021406,Padali & 5 Villages RRWSS,Ijalpur,817,1,0.02,0.01,0.01,0.00,0.04,0.04,0.03,2.45,1.22,1.22,0.00,4.90,4.90,3.67,06-Aug,07-Aug,08-Aug,09-Aug,10-Aug,11-Aug,12-Aug,06-Aug,07-Aug,08-Aug,09-Aug,10-Aug,11-Aug,12-Aug,1,7,0
Amravati,Akola,Buldhana,Buldhana,Buldhana,20021406,Padali & 5 Villages RRWSS,Merkhed,125,1,0.00,0.00,0.00,0.00,0.12,0.00,0.00,0.00,0.00,0.00,0.00,96.00,0.00,0.00,06-Aug,07-Aug,08-Aug,09-Aug,10-Aug,11-Aug,12-Aug,06-Aug,07-Aug,08-Aug,09-Aug,10-Aug,11-Aug,12-Aug,6,6,1
Amravati,Akola,Buldhana,Buldhana,Buldhana,20021406,Padali & 5 Villages RRWSS,Padli,2502,2,0.98,1.05,1.10,1.63,0.00,0.49,0.00,39.11,42.15,44.09,64.98,0.00,19.55,0.00,06-Aug,07-Aug,08-Aug,09-Aug,10-Aug,11-Aug,12-Aug,06-Aug,07-Aug,08-Aug,09-Aug,10-Aug,11-Aug,12-Aug,2,6,1
Amravati,Akola,Buldhana,Buldhana,Buldhana,20021406,Padali & 5 Villages RRWSS,Palaskhed Nago,712,1,0.00,0.00,0.00,0.00,0.00,0.00,0.00,0.00,0.00,0.00,0.00,0.00,0.00,0.00,06-Aug,07-Aug,08-Aug,09-Aug,10-Aug,11-Aug,12-Aug,06-Aug,07-Aug,08-Aug,09-Aug,10-Aug,11-Aug,12-Aug,7,7,0
Amravati,Akola,Buldhana,Buldhana,Buldhana,20021406,Padali & 5 Villages RRWSS,Palaskhed Naik,1098,1,0.00,0.00,0.00,0.00,0.00,0.00,0.00,0.00,0.00,0.00,0.00,0.00,0.00,0.00,06-Aug,07-Aug,08-Aug,09-Aug,10-Aug,11-Aug,12-Aug,06-Aug,07-Aug,08-Aug,09-Aug,10-Aug,11-Aug,12-Aug,7,7,0
Amravati,Akola,Buldhana,Buldhana,Motala,20021409,Kurha & 2 Villages RRWSS,Gotmara,1309,1,0.00,0.00,0.00,0.00,1.05,0.97,0.83,0.00,0.00,0.00,0.00,80.05,74.02,63.75,06-Aug,07-Aug,08-Aug,09-Aug,10-Aug,11-Aug,12-Aug,06-Aug,07-Aug,08-Aug,09-Aug,10-Aug,11-Aug,12-Aug,4,4,3
Amravati,Akola,Buldhana,Buldhana,Motala,20021409,Kurha & 2 Villages RRWSS,Hanwatkhed,801,1,0.00,0.00,0.00,0.00,0.00,0.00,0.00,0.00,0.00,0.00,0.00,0.00,0.00,0.00,06-Aug,07-Aug,08-Aug,09-Aug,10-Aug,11-Aug,12-Aug,06-Aug,07-Aug,08-Aug,09-Aug,10-Aug,11-Aug,12-Aug,7,7,0
Amravati,Akola,Buldhana,Buldhana,Motala,20021409,Kurha & 2 Villages RRWSS,Kurha,2299,2,1.41,0.49,1.98,0.06,1.56,1.44,0.88,61.33,21.31,86.12,2.61,67.86,62.64,38.28,06-Aug,07-Aug,08-Aug,09-Aug,10-Aug,11-Aug,12-Aug,06-Aug,07-Aug,08-Aug,09-Aug,10-Aug,11-Aug,12-Aug,0,3,4
Amravati,Akola,Buldhana,Buldhana,Motala,20027978,Dhamangaon Deshmukh & 9 Villages RRWSS,Bhangi Tanda,398,1,0.00,0.00,0.00,0.00,0.00,0.00,0.00,0.00,0.00,0.00,0.00,0.00,0.00,0.00,06-Aug,07-Aug,08-Aug,09-Aug,10-Aug,11-Aug,12-Aug,06-Aug,07-Aug,08-Aug,09-Aug,10-Aug,11-Aug,12-Aug,7,7,0
Amravati,Akola,Buldhana,Buldhana,Motala,20027978,Dhamangaon Deshmukh & 9 Villages RRWSS,Bhangi Vasti,244,1,0.00,0.00,0.00,0.00,0.00,0.00,0.00,0.00,0.00,0.00,0.00,0.00,0.00,0.00,06-Aug,07-Aug,08-Aug,09-Aug,10-Aug,11-Aug,12-Aug,06-Aug,07-Aug,08-Aug,09-Aug,10-Aug,11-Aug,12-Aug,7,7,0
Amravati,Akola,Buldhana,Buldhana,Motala,20027978,Dhamangaon Deshmukh & 9 Villages RRWSS,Chinchkhed Nath,1366,2,0.01,0.03,1.10,0.00,0.04,0.01,0.39,0.47,1.91,80.72,0.33,2.57,0.37,28.57,06-Aug,07-Aug,08-Aug,09-Aug,10-Aug,11-Aug,12-Aug,06-Aug,07-Aug,08-Aug,09-Aug,10-Aug,11-Aug,12-Aug,0,6,1
Amravati,Akola,Buldhana,Buldhana,Motala,20027978,Dhamangaon Deshmukh & 9 Villages RRWSS,Dhamangaon Deshmukh,1452,1,0.00,0.00,0.00,0.00,0.00,0.00,0.00,0.00,0.00,0.00,0.00,0.00,0.00,0.00,06-Aug,07-Aug,08-Aug,09-Aug,10-Aug,11-Aug,12-Aug,06-Aug,07-Aug,08-Aug,09-Aug,10-Aug,11-Aug,12-Aug,7,7,0
Amravati,Akola,Buldhana,Buldhana,Motala,20027978,Dhamangaon Deshmukh & 9 Villages RRWSS,Giroli,1418,1,0.00,0.00,0.00,0.00,0.00,0.00,0.00,0.00,0.00,0.00,0.00,0.00,0.00,0.00,06-Aug,07-Aug,08-Aug,09-Aug,10-Aug,11-Aug,12-Aug,06-Aug,07-Aug,08-Aug,09-Aug,10-Aug,11-Aug,12-Aug,7,7,0
Amravati,Akola,Buldhana,Buldhana,Motala,20027978,Dhamangaon Deshmukh & 9 Villages RRWSS,Isalwadi,1075,1,0.00,0.00,1.31,0.00,0.00,0.00,0.07,0.00,0.00,122.02,0.00,0.00,0.00,6.71,06-Aug,07-Aug,08-Aug,09-Aug,10-Aug,11-Aug,12-Aug,06-Aug,07-Aug,08-Aug,09-Aug,10-Aug,11-Aug,12-Aug,5,6,1
Amravati,Akola,Buldhana,Buldhana,Motala,20027978,Dhamangaon Deshmukh & 9 Villages RRWSS,Nimkhedi,850,1,0.00,0.20,0.02,0.00,0.00,0.00,0.10,0.00,23.62,2.17,0.00,0.18,0.01,11.97,06-Aug,07-Aug,08-Aug,09-Aug,10-Aug,11-Aug,12-Aug,06-Aug,07-Aug,08-Aug,09-Aug,10-Aug,11-Aug,12-Aug,2,7,0
Amravati,Akola,Buldhana,Buldhana,Motala,20027978,Dhamangaon Deshmukh & 9 Villages RRWSS,Pimpalgaon Nath,1482,2,0.00,0.00,0.00,0.00,0.63,0.00,0.00,0.04,0.00,0.00,0.00,42.84,0.00,0.00,06-Aug,07-Aug,08-Aug,09-Aug,10-Aug,11-Aug,12-Aug,06-Aug,07-Aug,08-Aug,09-Aug,10-Aug,11-Aug,12-Aug,5,7,0
Amravati,Akola,Buldhana,Buldhana,Motala,20027978,Dhamangaon Deshmukh & 9 Villages RRWSS,Pimpalgaon Nath Tanda,891,2,6.97,5.20,0.09,0.00,0.76,2.52,1.70,782.02,584.14,9.71,0.43,84.80,282.77,191.00,06-Aug,07-Aug,08-Aug,09-Aug,10-Aug,11-Aug,12-Aug,06-Aug,07-Aug,08-Aug,09-Aug,10-Aug,11-Aug,12-Aug,0,2,5
Amravati,Akola,Buldhana,Buldhana,Motala,20027978,Dhamangaon Deshmukh & 9 Villages RRWSS,Ramgaon Tanda,475,3,0.00,0.00,0.88,0.00,2.20,9.30,0.00,0.00,0.00,185.26,0.00,463.16,1957.89,0.00,06-Aug,07-Aug,08-Aug,09-Aug,10-Aug,11-Aug,12-Aug,06-Aug,07-Aug,08-Aug,09-Aug,10-Aug,11-Aug,12-Aug,4,4,3
Amravati,Akola,Buldhana,Buldhana,Motala,20028065,Pophali & 3 Villages RRWSS,Chawarda,1202,1,5.32,2.85,4.87,5.72,3.16,0.00,7.22,442.60,237.10,405.16,475.87,262.90,0.00,600.67,06-Aug,07-Aug,08-Aug,09-Aug,10-Aug,11-Aug,12-Aug,06-Aug,07-Aug,08-Aug,09-Aug,10-Aug,11-Aug,12-Aug,1,1,6
Amravati,Akola,Buldhana,Buldhana,Motala,20028065,Pophali & 3 Villages RRWSS,Dhonkhed,970,2,0.64,0.80,0.17,0.30,0.33,0.58,0.52,65.98,82.47,17.53,30.93,34.02,59.79,53.61,06-Aug,07-Aug,08-Aug,09-Aug,10-Aug,11-Aug,12-Aug,06-Aug,07-Aug,08-Aug,09-Aug,10-Aug,11-Aug,12-Aug,0,4,3
Amravati,Akola,Buldhana,Buldhana,Motala,20028065,Pophali & 3 Villages RRWSS,Pophali,2833,2,3.10,2.51,3.59,2.97,2.05,3.29,2.66,109.26,88.50,126.60,104.79,72.46,116.18,93.76,06-Aug,07-Aug,08-Aug,09-Aug,10-Aug,11-Aug,12-Aug,06-Aug,07-Aug,08-Aug,09-Aug,10-Aug,11-Aug,12-Aug,0,0,7
Amravati,Akola,Buldhana,Buldhana,Motala,20028065,Pophali & 3 Villages RRWSS,Wadi,724,2,0.11,0.12,0.09,0.00,0.09,0.07,0.11,15.82,16.59,12.49,0.31,12.44,9.74,15.64,06-Aug,07-Aug,08-Aug,09-Aug,10-Aug,11-Aug,12-Aug,06-Aug,07-Aug,08-Aug,09-Aug,10-Aug,11-Aug,12-Aug,0,7,0
Amravati,Akola,Buldhana,Deulgaon Raja,Deulgaon Raja,20011134,Andhera & 9 Villages RRWSS,Dhotra Nandai,2187,3,0.11,0.13,0.02,0.10,0.01,0.00,0.17,4.86,6.09,0.85,4.35,0.48,0.01,7.77,06-Aug,07-Aug,08-Aug,09-Aug,10-Aug,11-Aug,12-Aug,06-Aug,07-Aug,08-Aug,09-Aug,10-Aug,11-Aug,12-Aug,0,7,0
Amravati,Akola,Buldhana,Deulgaon Raja,Deulgaon Raja,20011134,Andhera & 9 Villages RRWSS,Shivni Armal,2142,2,0.36,0.86,0.46,0.41,0.69,0.74,0.63,16.99,40.33,21.26,19.23,32.21,34.56,29.42,06-Aug,07-Aug,08-Aug,09-Aug,10-Aug,11-Aug,12-Aug,06-Aug,07-Aug,08-Aug,09-Aug,10-Aug,11-Aug,12-Aug,0,7,0
Amravati,Akola,Buldhana,Deulgaon Raja,Deulgaon Raja,20011134,Andhera & 9 Villages RRWSS,Waki Bk,1470,2,0.00,0.00,0.85,0.00,0.00,0.45,0.26,0.00,0.00,57.99,0.00,0.00,30.45,17.64,06-Aug,07-Aug,08-Aug,09-Aug,10-Aug,11-Aug,12-Aug,06-Aug,07-Aug,08-Aug,09-Aug,10-Aug,11-Aug,12-Aug,4,6,1
Amravati,Akola,Buldhana,Khamgaon,Khamgaon,20094753,Sambhapur & 4 Villages RRWSS,Sambhapur,950,2,0.00,0.00,0.00,0.00,1.98,0.40,0.00,0.00,0.00,0.00,0.00,208.90,42.25,0.00,06-Aug,07-Aug,08-Aug,09-Aug,10-Aug,11-Aug,12-Aug,06-Aug,07-Aug,08-Aug,09-Aug,10-Aug,11-Aug,12-Aug,5,6,1
Amravati,Akola,Buldhana,Khamgaon,Khamgaon,20094753,Sambhapur & 4 Villages RRWSS,Umara,1514,1,0.00,0.00,0.00,0.00,0.00,0.09,0.01,0.00,0.00,0.00,0.00,0.00,5.66,0.78,06-Aug,07-Aug,08-Aug,09-Aug,10-Aug,11-Aug,12-Aug,06-Aug,07-Aug,08-Aug,09-Aug,10-Aug,11-Aug,12-Aug,5,7,0
Amravati,Akola,Buldhana,Khamgaon,Nandura,20028083,Wadali & 8 Villages RRWSS,Barafgaon,480,3,0.00,0.00,0.00,0.00,0.00,0.00,0.00,0.00,0.00,0.00,0.00,0.00,0.00,0.00,06-Aug,07-Aug,08-Aug,09-Aug,10-Aug,11-Aug,12-Aug,06-Aug,07-Aug,08-Aug,09-Aug,10-Aug,11-Aug,12-Aug,7,7,0
Amravati,Akola,Buldhana,Khamgaon,Nandura,20028083,Wadali & 8 Villages RRWSS,Khatkhed,581,1,0.00,0.00,0.00,0.00,0.00,0.00,0.00,0.00,0.00,0.00,0.00,0.00,0.00,0.00,06-Aug,07-Aug,08-Aug,09-Aug,10-Aug,11-Aug,12-Aug,06-Aug,07-Aug,08-Aug,09-Aug,10-Aug,11-Aug,12-Aug,7,7,0
Amravati,Akola,Buldhana,Khamgaon,Nandura,20028083,Wadali & 8 Villages RRWSS,Muramba,596,2,0.00,0.00,0.00,0.00,0.00,0.00,0.00,0.00,0.00,0.00,0.00,0.00,0.00,0.00,06-Aug,07-Aug,08-Aug,09-Aug,10-Aug,11-Aug,12-Aug,06-Aug,07-Aug,08-Aug,09-Aug,10-Aug,11-Aug,12-Aug,7,7,0
Amravati,Akola,Buldhana,Khamgaon,Nandura,20028083,Wadali & 8 Villages RRWSS,Pimpalkuta Dhande,912,2,0.00,0.00,0.00,0.00,0.00,0.00,0.00,0.36,0.00,0.00,0.00,0.26,0.42,0.12,06-Aug,07-Aug,08-Aug,09-Aug,10-Aug,11-Aug,12-Aug,06-Aug,07-Aug,08-Aug,09-Aug,10-Aug,11-Aug,12-Aug,3,7,0
Amravati,Akola,Buldhana,Khamgaon,Nandura,20028083,Wadali & 8 Villages RRWSS,Wadali,1192,2,0.00,0.00,0.00,0.00,0.00,0.00,0.00,0.00,0.00,0.00,0.00,0.00,0.00,0.00,06-Aug,07-Aug,08-Aug,09-Aug,10-Aug,11-Aug,12-Aug,06-Aug,07-Aug,08-Aug,09-Aug,10-Aug,11-Aug,12-Aug,7,7,0
Amravati,Akola,Buldhana,Khamgaon,Nandura,20028083,Wadali & 8 Villages RRWSS,Wasadi,792,2,0.00,0.00,0.00,0.00,0.00,0.00,0.00,0.00,0.00,0.00,0.00,0.00,0.00,0.00,06-Aug,07-Aug,08-Aug,09-Aug,10-Aug,11-Aug,12-Aug,06-Aug,07-Aug,08-Aug,09-Aug,10-Aug,11-Aug,12-Aug,7,7,0
Amravati,Akola,Buldhana,Khamgaon,Nandura,4104783,Hingne Gavhad & 13 Villages RRWSS,Alampur,4257,2,0.00,0.00,1.18,1.14,0.00,0.00,0.00,0.00,0.00,27.71,26.80,0.00,0.00,0.00,06-Aug,07-Aug,08-Aug,09-Aug,10-Aug,11-Aug,12-Aug,06-Aug,07-Aug,08-Aug,09-Aug,10-Aug,11-Aug,12-Aug,5,7,0
Amravati,Akola,Buldhana,Khamgaon,Nandura,4104783,Hingne Gavhad & 13 Villages RRWSS,Belad,1060,1,0.00,0.00,0.00,0.00,0.00,0.00,0.00,0.00,0.00,0.42,0.00,0.00,0.00,0.00,06-Aug,07-Aug,08-Aug,09-Aug,10-Aug,11-Aug,12-Aug,06-Aug,07-Aug,08-Aug,09-Aug,10-Aug,11-Aug,12-Aug,6,7,0
Amravati,Akola,Buldhana,Khamgaon,Nandura,4104783,Hingne Gavhad & 13 Villages RRWSS,Dhadi,737,1,0.00,0.00,0.00,0.16,0.00,0.41,0.00,0.00,0.00,0.09,22.06,0.00,55.13,0.00,06-Aug,07-Aug,08-Aug,09-Aug,10-Aug,11-Aug,12-Aug,06-Aug,07-Aug,08-Aug,09-Aug,10-Aug,11-Aug,12-Aug,4,6,1
Amravati,Akola,Buldhana,Khamgaon,Nandura,4104783,Hingne Gavhad & 13 Villages RRWSS,Hingne Gawad,2139,1,0.00,1.31,0.00,0.55,0.39,0.44,0.57,0.00,61.19,0.00,25.86,18.27,20.39,26.42,06-Aug,07-Aug,08-Aug,09-Aug,10-Aug,11-Aug,12-Aug,06-Aug,07-Aug,08-Aug,09-Aug,10-Aug,11-Aug,12-Aug,2,6,1
Amravati,Akola,Buldhana,Khamgaon,Nandura,4104783,Hingne Gavhad & 13 Villages RRWSS,Isarkhed,1022,2,0.00,0.00,0.00,0.00,0.00,0.00,0.00,0.00,0.00,0.00,0.14,0.02,0.00,0.00,06-Aug,07-Aug,08-Aug,09-Aug,10-Aug,11-Aug,12-Aug,06-Aug,07-Aug,08-Aug,09-Aug,10-Aug,11-Aug,12-Aug,5,7,0
Amravati,Akola,Buldhana,Khamgaon,Nandura,4104783,Hingne Gavhad & 13 Villages RRWSS,Kharkundi,473,1,0.00,0.00,0.11,0.15,0.23,0.10,0.21,0.00,0.00,22.53,31.31,47.89,21.83,44.33,06-Aug,07-Aug,08-Aug,09-Aug,10-Aug,11-Aug,12-Aug,06-Aug,07-Aug,08-Aug,09-Aug,10-Aug,11-Aug,12-Aug,2,7,0
Amravati,Akola,Buldhana,Khamgaon,Nandura,4104783,Hingne Gavhad & 13 Villages RRWSS,Khedgaon,1379,2,0.00,0.00,0.00,0.00,0.77,0.00,0.00,0.00,0.00,0.00,0.00,55.80,0.00,0.00,06-Aug,07-Aug,08-Aug,09-Aug,10-Aug,11-Aug,12-Aug,06-Aug,07-Aug,08-Aug,09-Aug,10-Aug,11-Aug,12-Aug,6,6,1
Amravati,Akola,Buldhana,Khamgaon,Nandura,4104783,Hingne Gavhad & 13 Villages RRWSS,Kodarkhed,298,4,0.00,0.00,3.07,1.23,0.73,2.27,0.19,0.00,0.00,1028.53,412.70,243.92,762.14,63.83,06-Aug,07-Aug,08-Aug,09-Aug,10-Aug,11-Aug,12-Aug,06-Aug,07-Aug,08-Aug,09-Aug,10-Aug,11-Aug,12-Aug,2,2,5
Amravati,Akola,Buldhana,Khamgaon,Nandura,4104783,Hingne Gavhad & 13 Villages RRWSS,Mamulwadi,1889,2,0.00,0.00,0.60,0.00,0.00,0.58,0.00,0.00,0.00,31.86,0.00,0.00,30.56,0.00,06-Aug,07-Aug,08-Aug,09-Aug,10-Aug,11-Aug,12-Aug,06-Aug,07-Aug,08-Aug,09-Aug,10-Aug,11-Aug,12-Aug,5,7,0
Amravati,Akola,Buldhana,Khamgaon,Nandura,4104783,Hingne Gavhad & 13 Villages RRWSS,Mominabad,2356,1,0.00,0.00,0.09,0.49,2.00,1.02,0.61,0.00,0.00,3.97,20.92,84.82,43.49,25.77,06-Aug,07-Aug,08-Aug,09-Aug,10-Aug,11-Aug,12-Aug,06-Aug,07-Aug,08-Aug,09-Aug,10-Aug,11-Aug,12-Aug,2,6,1
Amravati,Akola,Buldhana,Khamgaon,Nandura,4104783,Hingne Gavhad & 13 Villages RRWSS,Palsoda,3112,2,0.00,0.00,0.53,0.77,0.24,0.43,0.43,0.00,0.00,16.97,24.83,7.82,13.95,13.88,06-Aug,07-Aug,08-Aug,09-Aug,10-Aug,11-Aug,12-Aug,06-Aug,07-Aug,08-Aug,09-Aug,10-Aug,11-Aug,12-Aug,2,7,0
Amravati,Akola,Buldhana,Khamgaon,Nandura,4104783,Hingne Gavhad & 13 Villages RRWSS,Patonda,2076,2,0.00,0.00,0.83,0.00,0.30,0.07,0.62,0.00,0.00,40.20,0.14,14.41,3.48,29.91,06-Aug,07-Aug,08-Aug,09-Aug,10-Aug,11-Aug,12-Aug,06-Aug,07-Aug,08-Aug,09-Aug,10-Aug,11-Aug,12-Aug,2,7,0
Amravati,Akola,Buldhana,Khamgaon,Nandura,4104783,Hingne Gavhad & 13 Villages RRWSS,Sawargaon Chahu,803,2,0.00,0.00,0.12,0.00,0.64,0.11,0.53,0.00,0.00,14.44,0.00,79.35,14.05,66.15,06-Aug,07-Aug,08-Aug,09-Aug,10-Aug,11-Aug,12-Aug,06-Aug,07-Aug,08-Aug,09-Aug,10-Aug,11-Aug,12-Aug,3,5,2
Amravati,Akola,Buldhana,Khamgaon,Nandura,4104783,Hingne Gavhad & 13 Villages RRWSS,Takli,3128,4,0.00,0.00,1.34,0.32,1.53,1.90,1.38,0.00,0.00,42.92,10.31,48.92,60.67,0.00,06-Aug,07-Aug,08-Aug,09-Aug,10-Aug,11-Aug,12-Aug,06-Aug,07-Aug,08-Aug,09-Aug,10-Aug,11-Aug,12-Aug,3,6,1
Amravati,Akola,Buldhana,Khamgaon,Shegaon,20094779,30 Villages RRWS Tal Shegaon(C39-ZP),Alsana,3026,3,1.81,2.67,1.22,3.37,1.62,1.95,1.82,59.82,88.29,40.26,111.26,53.37,64.54,60.12,06-Aug,07-Aug,08-Aug,09-Aug,10-Aug,11-Aug,12-Aug,06-Aug,07-Aug,08-Aug,09-Aug,10-Aug,11-Aug,12-Aug,0,2,5
Amravati,Akola,Buldhana,Khamgaon,Shegaon,20094779,30 Villages RRWS Tal Shegaon(C39-ZP),Padsul,915,2,0.64,0.45,0.47,0.28,0.84,0.40,0.89,69.82,48.67,51.50,31.08,91.41,44.21,97.60,06-Aug,07-Aug,08-Aug,09-Aug,10-Aug,11-Aug,12-Aug,06-Aug,07-Aug,08-Aug,09-Aug,10-Aug,11-Aug,12-Aug,0,4,3
Amravati,Akola,Buldhana,Khamgaon,Shegaon,20094779,30 Villages RRWS Tal Shegaon(C39-ZP),Sangwa,624,1,0.15,0.54,0.00,0.48,0.00,0.49,0.06,24.47,87.03,0.11,77.23,0.76,78.04,10.33,06-Aug,07-Aug,08-Aug,09-Aug,10-Aug,11-Aug,12-Aug,06-Aug,07-Aug,08-Aug,09-Aug,10-Aug,11-Aug,12-Aug,0,4,3
Amravati,Akola,Buldhana,Khamgaon,Shegaon,20094779,30 Villages RRWS Tal Shegaon(C39-ZP),Zadegaon,1321,2,1.12,1.87,1.62,1.66,2.09,1.88,1.07,84.52,141.69,122.34,125.40,158.08,142.02,80.89,06-Aug,07-Aug,08-Aug,09-Aug,10-Aug,11-Aug,12-Aug,06-Aug,07-Aug,08-Aug,09-Aug,10-Aug,11-Aug,12-Aug,0,0,7
Amravati,Amravati,Amravati W.M,Daryapur,Anjangaon,20005043,156 Villages Strengthening scheme of 144 villages RR,Telkheda,220,1,167764.31,74347.62,0.00,120235.23,165774.62,2.62,0.00,76256504.55,33794372.04,0.00,54652378.25,75352100.00,1189.77,0.00,06-Aug,07-Aug,08-Aug,09-Aug,10-Aug,11-Aug,12-Aug,06-Aug,07-Aug,08-Aug,09-Aug,10-Aug,11-Aug,12-Aug,2,2,5
Amravati,Amravati,Amravati W.M,Daryapur,Anjangaon,20005043,156 Villages Strengthening scheme of 144 villages RR,Yerandgaon,712,1,666.96,547.26,820.76,761.26,746.96,733.25,505.73,93674.16,76862.36,115275.28,106918.54,104910.11,102984.55,71029.49,06-Aug,07-Aug,08-Aug,09-Aug,10-Aug,11-Aug,12-Aug,06-Aug,07-Aug,08-Aug,09-Aug,10-Aug,11-Aug,12-Aug,0,0,7
Amravati,Amravati,Amravati W.M,Daryapur,Daryapur,20005043,156 Villages Strengthening scheme of 144 villages RR,Ghodchandi,743,1,675.20,426.43,500.93,650.61,326.31,660.42,810.20,90874.83,57393.00,67419.92,87565.28,43917.90,88885.60,109044.41,06-Aug,07-Aug,08-Aug,09-Aug,10-Aug,11-Aug,12-Aug,06-Aug,07-Aug,08-Aug,09-Aug,10-Aug,11-Aug,12-Aug,0,0,7
Amravati,Amravati,Amravati W.M,Daryapur,Daryapur,20005043,156 Villages Strengthening scheme of 144 villages RR,Katkheda,408,1,6107.45,276.74,447.02,2268.24,487.50,432.43,1067.31,1496924.22,67828.64,109563.69,555939.97,119484.33,105987.35,261596.07,06-Aug,07-Aug,08-Aug,09-Aug,10-Aug,11-Aug,12-Aug,06-Aug,07-Aug,08-Aug,09-Aug,10-Aug,11-Aug,12-Aug,0,0,7
Amravati,Amravati,Amravati W.M,Daryapur,Daryapur,20005043,156 Villages Strengthening scheme of 144 villages RR,Pimplod,4197,2,6.40,4.11,6.92,6.46,4.56,7.38,6.18,152.45,97.84,164.90,153.97,108.53,175.85,147.22,06-Aug,07-Aug,08-Aug,09-Aug,10-Aug,11-Aug,12-Aug,06-Aug,07-Aug,08-Aug,09-Aug,10-Aug,11-Aug,12-Aug,0,0,7
Amravati,Amravati,Amravati W.M,Daryapur,Daryapur,20005043,156 Villages Strengthening scheme of 144 villages RR,Rajkhed,564,1,0.06,0.50,0.10,0.52,0.00,0.28,0.00,10.64,88.65,17.73,92.20,0.00,49.65,0.00,06-Aug,07-Aug,08-Aug,09-Aug,10-Aug,11-Aug,12-Aug,06-Aug,07-Aug,08-Aug,09-Aug,10-Aug,11-Aug,12-Aug,2,5,2
Amravati,Amravati,Amravati W.M,Daryapur,Daryapur,20005043,156 Villages Strengthening scheme of 144 villages RR,Sasan Ramapur,1781,2,11336.86,7231.05,4678.82,7451.75,13130.72,7990.88,12600.89,636544.64,406010.70,262707.47,418402.58,737266.48,448673.78,707517.95,06-Aug,07-Aug,08-Aug,09-Aug,10-Aug,11-Aug,12-Aug,06-Aug,07-Aug,08-Aug,09-Aug,10-Aug,11-Aug,12-Aug,0,0,7
Amravati,Amravati,Amravati W.M,W.M.Amravati - 2,Achalpur,20003791,105 Villages RRWSS,Virshi,1231,1,0.28,1.63,1.35,1.50,0.63,1.60,2.52,22.75,132.41,109.67,121.85,51.18,129.98,204.71,06-Aug,07-Aug,08-Aug,09-Aug,10-Aug,11-Aug,12-Aug,06-Aug,07-Aug,08-Aug,09-Aug,10-Aug,11-Aug,12-Aug,0,2,5
Amravati,Amravati,Amravati W.M,W.M.Amravati - 2,Achalpur,20003791,105 Villages RRWSS,Waigaon,1824,2,0.00,0.00,0.00,0.00,0.00,0.00,0.00,0.00,0.00,0.00,0.00,0.00,0.00,0.00,06-Aug,07-Aug,08-Aug,09-Aug,10-Aug,11-Aug,12-Aug,06-Aug,07-Aug,08-Aug,09-Aug,10-Aug,11-Aug,12-Aug,7,7,0
Amravati,Amravati,Amravati W.M,W.M.Amravati - 2,Achalpur,20003791,105 Villages RRWSS,Waki,872,2,0.08,0.21,0.19,0.14,0.27,0.08,0.13,9.17,24.08,21.79,16.06,30.96,9.17,14.91,06-Aug,07-Aug,08-Aug,09-Aug,10-Aug,11-Aug,12-Aug,06-Aug,07-Aug,08-Aug,09-Aug,10-Aug,11-Aug,12-Aug,0,7,0
Amravati,Amravati,Amravati W.M,W.M.Amravati - 2,Achalpur,20003791,105 Villages RRWSS,Wandli,494,1,4.94,4.96,4.00,3.90,5.01,5.23,6.43,1000.00,1004.05,809.72,789.47,1014.17,1058.70,1301.62,06-Aug,07-Aug,08-Aug,09-Aug,10-Aug,11-Aug,12-Aug,06-Aug,07-Aug,08-Aug,09-Aug,10-Aug,11-Aug,12-Aug,0,0,7
Amravati,Amravati,Amravati W.M,W.M.Amravati - 2,Achalpur,20003791,105 Villages RRWSS,Wathoda,2563,2,2.70,3.06,3.06,0.00,1.05,2.55,2.84,105.35,119.39,119.39,0.00,40.97,99.49,110.81,06-Aug,07-Aug,08-Aug,09-Aug,10-Aug,11-Aug,12-Aug,06-Aug,07-Aug,08-Aug,09-Aug,10-Aug,11-Aug,12-Aug,1,2,5
Amravati,Amravati,Amravati W.M,W.M.Amravati - 2,Achalpur,20003791,105 Villages RRWSS,Yelki,1086,2,0.00,0.00,0.00,0.00,0.00,0.00,0.00,0.00,0.00,0.00,0.00,0.00,0.00,0.00,06-Aug,07-Aug,08-Aug,09-Aug,10-Aug,11-Aug,12-Aug,06-Aug,07-Aug,08-Aug,09-Aug,10-Aug,11-Aug,12-Aug,7,7,0
Amravati,Amravati,Amravati W.M,W.M.Amravati - 2,Achalpur,20003791,105 Villages RRWSS,Zanji,175,3,1.04,1.61,1.07,1.96,0.97,1.64,1.23,594.29,920.00,611.43,1120.00,554.29,937.14,702.86,06-Aug,07-Aug,08-Aug,09-Aug,10-Aug,11-Aug,12-Aug,06-Aug,07-Aug,08-Aug,09-Aug,10-Aug,11-Aug,12-Aug,0,0,7
Amravati,Amravati,Amravati W.M,W.M.Amravati - 2,Amravati,20003791,105 Villages RRWSS,Chinchkheda,1185,2,0.55,1.08,0.72,0.48,1.41,0.63,1.03,46.41,91.14,60.76,40.51,118.99,53.16,86.92,06-Aug,07-Aug,08-Aug,09-Aug,10-Aug,11-Aug,12-Aug,06-Aug,07-Aug,08-Aug,09-Aug,10-Aug,11-Aug,12-Aug,0,3,4
Amravati,Amravati,Amravati W.M,W.M.Amravati - 2,Amravati,20003791,105 Villages RRWSS,Rama,891,2,14.03,15.23,16.02,16.26,15.41,15.48,14.37,1574.64,1709.32,1797.98,1824.92,1729.52,1737.37,1612.79,06-Aug,07-Aug,08-Aug,09-Aug,10-Aug,11-Aug,12-Aug,06-Aug,07-Aug,08-Aug,09-Aug,10-Aug,11-Aug,12-Aug,0,0,7
Amravati,Amravati,Amravati W.M,W.M.Amravati - 2,Amravati,20003791,105 Villages RRWSS,Saur,3880,1,1.15,1.44,0.55,1.49,1.22,0.79,1.26,29.64,37.11,14.18,38.40,31.44,20.36,32.47,06-Aug,07-Aug,08-Aug,09-Aug,10-Aug,11-Aug,12-Aug,06-Aug,07-Aug,08-Aug,09-Aug,10-Aug,11-Aug,12-Aug,0,7,0
Amravati,Amravati,Amravati W.M,W.M.Amravati - 2,Amravati,20003791,105 Villages RRWSS,Sayat,2238,5,1.10,0.00,0.42,1.63,1.90,0.86,1.76,49.15,0.00,18.77,72.83,84.90,38.43,78.64,06-Aug,07-Aug,08-Aug,09-Aug,10-Aug,11-Aug,12-Aug,06-Aug,07-Aug,08-Aug,09-Aug,10-Aug,11-Aug,12-Aug,1,4,3
Amravati,Amravati,Amravati W.M,W.M.Amravati - 2,Amravati,20003791,105 Villages RRWSS,Selora,1555,1,0.95,0.98,0.96,1.09,0.99,1.07,0.77,61.09,63.02,61.74,70.10,63.67,68.81,49.52,06-Aug,07-Aug,08-Aug,09-Aug,10-Aug,11-Aug,12-Aug,06-Aug,07-Aug,08-Aug,09-Aug,10-Aug,11-Aug,12-Aug,0,1,6
Amravati,Amravati,Amravati W.M,W.M.Amravati - 2,Amravati,20003791,105 Villages RRWSS,Shirajgaon,1491,6,7.92,6.74,7.76,6.71,7.95,6.87,7.72,531.19,452.05,520.46,450.03,533.20,460.76,517.77,06-Aug,07-Aug,08-Aug,09-Aug,10-Aug,11-Aug,12-Aug,06-Aug,07-Aug,08-Aug,09-Aug,10-Aug,11-Aug,12-Aug,0,0,7
Amravati,Amravati,Amravati W.M,W.M.Amravati - 2,Amravati,20003791,105 Villages RRWSS,Shirala,10390,6,4.70,4.89,5.15,4.97,5.08,4.96,4.94,45.24,47.06,49.57,47.83,48.89,47.74,47.55,06-Aug,07-Aug,08-Aug,09-Aug,10-Aug,11-Aug,12-Aug,06-Aug,07-Aug,08-Aug,09-Aug,10-Aug,11-Aug,12-Aug,0,7,0
Amravati,Amravati,Amravati W.M,W.M.Amravati - 2,Amravati,20003791,105 Villages RRWSS,Takarkheda,1961,4,0.00,0.00,0.00,0.00,0.00,0.00,0.00,0.00,0.00,0.00,0.00,0.00,0.00,0.00,06-Aug,07-Aug,08-Aug,09-Aug,10-Aug,11-Aug,12-Aug,06-Aug,07-Aug,08-Aug,09-Aug,10-Aug,11-Aug,12-Aug,7,7,0
Amravati,Amravati,Amravati W.M,W.M.Amravati - 2,Amravati,20003791,105 Villages RRWSS,Talwel,4024,6,3.54,3.78,3.67,4.25,3.66,3.95,3.62,87.97,93.94,91.20,105.62,90.95,98.16,89.96,06-Aug,07-Aug,08-Aug,09-Aug,10-Aug,11-Aug,12-Aug,06-Aug,07-Aug,08-Aug,09-Aug,10-Aug,11-Aug,12-Aug,0,0,7
Amravati,Amravati,Amravati W.M,W.M.Amravati - 2,Amravati,20003791,105 Villages RRWSS,Tarkheda,3773,3,3.65,3.37,3.46,3.37,3.28,3.53,3.81,96.74,89.32,91.70,89.32,86.93,93.56,100.98,06-Aug,07-Aug,08-Aug,09-Aug,10-Aug,11-Aug,12-Aug,06-Aug,07-Aug,08-Aug,09-Aug,10-Aug,11-Aug,12-Aug,0,0,7
Amravati,Amravati,Amravati W.M,W.M.Amravati - 2,Bhatkuli,20003791,105 Villages RRWSS,Anakwadi,649,1,0.00,0.00,0.29,0.00,0.00,0.74,0.00,0.00,0.00,44.68,0.00,0.00,114.02,0.00,06-Aug,07-Aug,08-Aug,09-Aug,10-Aug,11-Aug,12-Aug,06-Aug,07-Aug,08-Aug,09-Aug,10-Aug,11-Aug,12-Aug,5,6,1
Amravati,Amravati,Amravati W.M,W.M.Amravati - 2,Bhatkuli,20003791,105 Villages RRWSS,Asegaon,4180,6,1.11,1.12,1.11,1.11,1.11,1.11,1.12,26.56,26.79,26.56,26.56,26.59,26.56,26.79,06-Aug,07-Aug,08-Aug,09-Aug,10-Aug,11-Aug,12-Aug,06-Aug,07-Aug,08-Aug,09-Aug,10-Aug,11-Aug,12-Aug,0,7,0
Amravati,Amravati,Amravati W.M,W.M.Amravati - 2,Bhatkuli,20003791,105 Villages RRWSS,Ashti,3472,5,2.62,2.28,3.35,2.61,2.20,3.44,2.33,75.46,65.67,96.49,75.17,63.36,99.08,67.11,06-Aug,07-Aug,08-Aug,09-Aug,10-Aug,11-Aug,12-Aug,06-Aug,07-Aug,08-Aug,09-Aug,10-Aug,11-Aug,12-Aug,0,0,7
Amravati,Amravati,Amravati W.M,W.M.Amravati - 2,Bhatkuli,20003791,105 Villages RRWSS,Bhalsi,519,1,0.59,0.61,0.00,0.59,0.00,0.73,0.56,113.68,117.53,0.00,113.68,0.00,140.66,107.90,06-Aug,07-Aug,08-Aug,09-Aug,10-Aug,11-Aug,12-Aug,06-Aug,07-Aug,08-Aug,09-Aug,10-Aug,11-Aug,12-Aug,2,2,5
Amravati,Amravati,Amravati W.M,W.M.Amravati - 2,Bhatkuli,20003791,105 Villages RRWSS,Bhatkuli NP,1310,2,6.86,7.73,7.65,6.66,7.69,7.35,7.68,523.66,590.08,583.97,508.40,587.02,561.07,586.26,06-Aug,07-Aug,08-Aug,09-Aug,10-Aug,11-Aug,12-Aug,06-Aug,07-Aug,08-Aug,09-Aug,10-Aug,11-Aug,12-Aug,0,0,7
Amravati,Amravati,Amravati W.M,W.M.Amravati - 2,Bhatkuli,20003791,105 Villages RRWSS,Chakur,418,1,0.00,0.00,0.00,0.00,0.00,0.00,0.00,0.00,0.00,0.00,0.00,0.00,0.00,0.00,06-Aug,07-Aug,08-Aug,09-Aug,10-Aug,11-Aug,12-Aug,06-Aug,07-Aug,08-Aug,09-Aug,10-Aug,11-Aug,12-Aug,7,7,0
Amravati,Amravati,Amravati W.M,W.M.Amravati - 2,Bhatkuli,20003791,105 Villages RRWSS,Chimnapur E.,62,1,0.00,0.00,0.21,0.00,0.00,0.17,0.00,0.00,0.00,338.71,0.00,0.00,274.19,0.00,06-Aug,07-Aug,08-Aug,09-Aug,10-Aug,11-Aug,12-Aug,06-Aug,07-Aug,08-Aug,09-Aug,10-Aug,11-Aug,12-Aug,5,5,2
Amravati,Amravati,Amravati W.M,W.M.Amravati - 2,Bhatkuli,20003791,105 Villages RRWSS,Chincholi,1637,3,0.00,0.00,0.00,0.00,0.00,0.00,0.00,0.00,0.00,0.00,0.00,0.00,0.00,0.00,06-Aug,07-Aug,08-Aug,09-Aug,10-Aug,11-Aug,12-Aug,06-Aug,07-Aug,08-Aug,09-Aug,10-Aug,11-Aug,12-Aug,7,7,0
Amravati,Amravati,Amravati W.M,W.M.Amravati - 2,Bhatkuli,20003791,105 Villages RRWSS,Dautpur -Kanfodi,353,1,0.74,0.52,0.47,0.56,0.49,0.56,0.82,209.63,147.31,133.14,158.64,138.81,158.64,232.29,06-Aug,07-Aug,08-Aug,09-Aug,10-Aug,11-Aug,12-Aug,06-Aug,07-Aug,08-Aug,09-Aug,10-Aug,11-Aug,12-Aug,0,0,7
Amravati,Amravati,Amravati W.M,W.M.Amravati - 2,Bhatkuli,20003791,105 Villages RRWSS,Deori,757,2,0.95,2.21,2.03,1.30,2.19,1.23,0.86,125.50,291.94,268.16,171.73,289.30,162.48,113.61,06-Aug,07-Aug,08-Aug,09-Aug,10-Aug,11-Aug,12-Aug,06-Aug,07-Aug,08-Aug,09-Aug,10-Aug,11-Aug,12-Aug,0,0,7
Amravati,Amravati,Amravati W.M,W.M.Amravati - 2,Bhatkuli,20003791,105 Villages RRWSS,Dhamori,737,4,39.66,44.86,37.73,38.13,36.39,36.41,42.93,5381.46,6087.11,5118.72,5173.93,4937.40,4940.46,5825.55,06-Aug,07-Aug,08-Aug,09-Aug,10-Aug,11-Aug,12-Aug,06-Aug,07-Aug,08-Aug,09-Aug,10-Aug,11-Aug,12-Aug,0,0,7
Amravati,Amravati,Amravati W.M,W.M.Amravati - 2,Bhatkuli,20003791,105 Villages RRWSS,Dhangarkheda,326,1,0.41,0.28,0.25,0.00,0.54,0.25,0.17,125.77,85.89,76.69,0.00,165.64,76.69,52.15,06-Aug,07-Aug,08-Aug,09-Aug,10-Aug,11-Aug,12-Aug,06-Aug,07-Aug,08-Aug,09-Aug,10-Aug,11-Aug,12-Aug,1,2,5
Amravati,Amravati,Amravati W.M,W.M.Amravati - 2,Bhatkuli,20003791,105 Villages RRWSS,Gajanan Township,0,3,4.78,4.96,4.83,5.73,4.71,5.40,4.60,0.00,0.00,0.00,0.00,0.00,0.00,0.00,06-Aug,07-Aug,08-Aug,09-Aug,10-Aug,11-Aug,12-Aug,06-Aug,07-Aug,08-Aug,09-Aug,10-Aug,11-Aug,12-Aug,7,7,0
Amravati,Amravati,Amravati W.M,W.M.Amravati - 2,Bhatkuli,20003791,105 Villages RRWSS,Hatkhed,1221,3,0.57,0.59,0.67,0.55,0.73,0.67,0.98,46.68,48.32,54.87,45.05,59.79,54.87,80.26,06-Aug,07-Aug,08-Aug,09-Aug,10-Aug,11-Aug,12-Aug,06-Aug,07-Aug,08-Aug,09-Aug,10-Aug,11-Aug,12-Aug,0,5,2
Amravati,Amravati,Amravati W.M,W.M.Amravati - 2,Bhatkuli,20003791,105 Villages RRWSS,Hiwara,689,1,11.21,8.74,11.56,8.51,12.12,8.02,11.48,1627.00,1268.51,1677.79,1235.12,1759.07,1164.01,1666.18,06-Aug,07-Aug,08-Aug,09-Aug,10-Aug,11-Aug,12-Aug,06-Aug,07-Aug,08-Aug,09-Aug,10-Aug,11-Aug,12-Aug,0,0,7
Amravati,Amravati,Amravati W.M,W.M.Amravati - 2,Bhatkuli,20003791,105 Villages RRWSS,Jalaka,1577,1,0.68,0.54,0.75,0.46,0.79,0.75,0.55,43.12,34.24,47.56,29.17,50.10,47.56,34.88,06-Aug,07-Aug,08-Aug,09-Aug,10-Aug,11-Aug,12-Aug,06-Aug,07-Aug,08-Aug,09-Aug,10-Aug,11-Aug,12-Aug,0,7,0
Amravati,Amravati,Amravati W.M,W.M.Amravati - 2,Bhatkuli,20003791,105 Villages RRWSS,Khanapur,681,2,0.41,0.37,0.14,0.48,0.42,0.21,0.47,60.21,54.33,20.56,70.48,61.67,30.84,69.02,06-Aug,07-Aug,08-Aug,09-Aug,10-Aug,11-Aug,12-Aug,06-Aug,07-Aug,08-Aug,09-Aug,10-Aug,11-Aug,12-Aug,0,3,4
Amravati,Amravati,Amravati W.M,W.M.Amravati - 2,Bhatkuli,20003791,105 Villages RRWSS,Kharala,2392,3,10.30,10.06,10.02,9.97,9.96,10.02,9.99,430.60,420.57,418.90,416.81,416.39,418.90,417.64,06-Aug,07-Aug,08-Aug,09-Aug,10-Aug,11-Aug,12-Aug,06-Aug,07-Aug,08-Aug,09-Aug,10-Aug,11-Aug,12-Aug,0,0,7
Amravati,Amravati,Amravati W.M,W.M.Amravati - 2,Bhatkuli,20003791,105 Villages RRWSS,Kharwadi,1634,1,1.35,1.23,1.59,1.22,1.36,1.26,1.58,82.62,75.28,97.31,74.66,83.23,77.11,96.70,06-Aug,07-Aug,08-Aug,09-Aug,10-Aug,11-Aug,12-Aug,06-Aug,07-Aug,08-Aug,09-Aug,10-Aug,11-Aug,12-Aug,0,0,7
Amravati,Amravati,Amravati W.M,W.M.Amravati - 2,Bhatkuli,20003791,105 Villages RRWSS,Khumagad,608,1,0.77,0.00,0.88,0.00,0.84,0.00,0.72,126.64,0.00,144.74,0.00,138.16,0.00,118.42,06-Aug,07-Aug,08-Aug,09-Aug,10-Aug,11-Aug,12-Aug,06-Aug,07-Aug,08-Aug,09-Aug,10-Aug,11-Aug,12-Aug,3,3,4
Amravati,Amravati,Amravati W.M,W.M.Amravati - 2,Bhatkuli,20003791,105 Villages RRWSS,Koltek,,1,0.00,1.04,0.00,0.00,1.06,0.00,0.00,0.00,0.00,0.00,0.00,0.00,0.00,0.00,06-Aug,07-Aug,08-Aug,09-Aug,10-Aug,11-Aug,12-Aug,06-Aug,07-Aug,08-Aug,09-Aug,10-Aug,11-Aug,12-Aug,7,7,0
Amravati,Amravati,Amravati W.M,W.M.Amravati - 2,Chandur Bazar,20003791,105 Villages RRWSS,Krishnapur,1029,1,1.84,1.94,1.86,1.53,1.64,1.39,1.90,178.81,188.53,180.76,148.69,159.38,135.08,184.65,06-Aug,07-Aug,08-Aug,09-Aug,10-Aug,11-Aug,12-Aug,06-Aug,07-Aug,08-Aug,09-Aug,10-Aug,11-Aug,12-Aug,0,0,7
Amravati,Amravati,Amravati W.M,W.M.Amravati - 2,Chandur Bazar,20003791,105 Villages RRWSS,Lasanapur,0,1,1.80,1.63,1.57,1.88,1.68,1.63,1.73,0.00,0.00,0.00,0.00,0.00,0.00,0.00,06-Aug,07-Aug,08-Aug,09-Aug,10-Aug,11-Aug,12-Aug,06-Aug,07-Aug,08-Aug,09-Aug,10-Aug,11-Aug,12-Aug,7,7,0
Amravati,Amravati,Amravati W.M,W.M.Amravati - 2,Chandur Bazar,20003791,105 Villages RRWSS,Madhalapur,500,1,1.04,0.54,1.13,0.66,1.16,0.72,0.99,208.00,108.00,226.00,132.00,232.00,144.00,198.00,06-Aug,07-Aug,08-Aug,09-Aug,10-Aug,11-Aug,12-Aug,06-Aug,07-Aug,08-Aug,09-Aug,10-Aug,11-Aug,12-Aug,0,0,7
Amravati,Amravati,Amravati W.M,W.M.Amravati - 2,Chandur Bazar,20003791,105 Villages RRWSS,Makrampur,112,1,0.04,3.68,0.00,0.00,2.57,0.00,0.00,35.71,3285.71,0.00,0.00,2294.64,0.00,0.00,06-Aug,07-Aug,08-Aug,09-Aug,10-Aug,11-Aug,12-Aug,06-Aug,07-Aug,08-Aug,09-Aug,10-Aug,11-Aug,12-Aug,4,5,2
Amravati,Amravati,Amravati W.M,W.M.Amravati - 2,Chandur Bazar,20003791,105 Villages RRWSS,Mhaispur,794,1,0.55,0.69,0.56,0.60,0.70,0.68,0.70,69.27,86.90,70.53,75.57,88.16,85.64,88.16,06-Aug,07-Aug,08-Aug,09-Aug,10-Aug,11-Aug,12-Aug,06-Aug,07-Aug,08-Aug,09-Aug,10-Aug,11-Aug,12-Aug,0,0,7
Amravati,Amravati,Amravati W.M,W.M.Amravati - 2,Chandur Bazar,20003791,105 Villages RRWSS,Nandura Bk.,2311,3,69.01,0.48,0.00,0.54,0.23,0.34,0.00,2986.25,20.77,0.00,23.37,9.95,14.71,0.00,06-Aug,07-Aug,08-Aug,09-Aug,10-Aug,11-Aug,12-Aug,06-Aug,07-Aug,08-Aug,09-Aug,10-Aug,11-Aug,12-Aug,2,6,1
Amravati,Amravati,Amravati W.M,W.M.Amravati - 2,Chandur Bazar,20003791,105 Villages RRWSS,Nanori,1237,1,34.17,19.60,34.11,23.37,33.79,22.85,33.55,2762.33,1584.25,2757.44,1889.63,2731.37,1847.09,2711.88,06-Aug,07-Aug,08-Aug,09-Aug,10-Aug,11-Aug,12-Aug,06-Aug,07-Aug,08-Aug,09-Aug,10-Aug,11-Aug,12-Aug,0,0,7
Amravati,Amravati,Amravati W.M,W.M.Amravati - 2,Chandur Bazar,20003791,105 Villages RRWSS,Naya Akola,3201,6,0.00,0.00,0.00,0.00,0.00,0.00,0.00,0.00,0.00,0.00,0.00,0.00,0.00,0.00,06-Aug,07-Aug,08-Aug,09-Aug,10-Aug,11-Aug,12-Aug,06-Aug,07-Aug,08-Aug,09-Aug,10-Aug,11-Aug,12-Aug,7,7,0
Amravati,Amravati,Amravati W.M,W.M.Amravati - 2,Chandur Bazar,20003791,105 Villages RRWSS,Nirul,1528,4,1.68,1.83,1.60,1.70,1.64,1.66,1.66,109.95,119.76,104.71,111.26,107.33,108.64,108.64,06-Aug,07-Aug,08-Aug,09-Aug,10-Aug,11-Aug,12-Aug,06-Aug,07-Aug,08-Aug,09-Aug,10-Aug,11-Aug,12-Aug,0,0,7
Amravati,Amravati,Amravati W.M,W.M.Amravati - 2,Chandur Bazar,20003791,105 Villages RRWSS,Pohara,517,1,0.00,0.96,0.25,1.11,0.00,1.00,0.00,0.00,185.69,48.36,214.70,0.00,193.42,0.00,06-Aug,07-Aug,08-Aug,09-Aug,10-Aug,11-Aug,12-Aug,06-Aug,07-Aug,08-Aug,09-Aug,10-Aug,11-Aug,12-Aug,3,4,3
Amravati,Amravati,Amravati W.M,W.M.Amravati - 2,Chandur Bazar,20003791,105 Villages RRWSS,Pusda,5512,4,0.86,0.84,0.73,0.80,0.64,0.76,0.83,15.60,15.24,13.24,14.51,11.61,13.79,15.06,06-Aug,07-Aug,08-Aug,09-Aug,10-Aug,11-Aug,12-Aug,06-Aug,07-Aug,08-Aug,09-Aug,10-Aug,11-Aug,12-Aug,0,7,0
Amravati,Amravati,Amravati,Achalpur,Achalpur,20029998,Shahanur & 9 Villages RRWS,Gond Wagholi,1393,2,0.00,0.10,1.55,1.54,1.28,0.23,1.39,0.00,7.18,111.27,110.55,91.89,16.51,99.78,06-Aug,07-Aug,08-Aug,09-Aug,10-Aug,11-Aug,12-Aug,06-Aug,07-Aug,08-Aug,09-Aug,10-Aug,11-Aug,12-Aug,1,3,4
Amravati,Amravati,Amravati,Achalpur,Achalpur,20029998,Shahanur & 9 Villages RRWS,Januna,1827,3,1.94,1.52,1.94,1.30,1.89,3.17,3.57,106.41,83.01,106.34,71.11,103.48,173.45,195.29,06-Aug,07-Aug,08-Aug,09-Aug,10-Aug,11-Aug,12-Aug,06-Aug,07-Aug,08-Aug,09-Aug,10-Aug,11-Aug,12-Aug,0,0,7
Amravati,Amravati,Amravati,Achalpur,Achalpur,20029998,Shahanur & 9 Villages RRWS,Kasampur,1311,2,0.00,0.00,0.00,0.00,0.00,0.00,0.00,0.00,0.00,0.00,0.00,0.00,0.00,0.00,06-Aug,07-Aug,08-Aug,09-Aug,10-Aug,11-Aug,12-Aug,06-Aug,07-Aug,08-Aug,09-Aug,10-Aug,11-Aug,12-Aug,7,7,0
Amravati,Amravati,Amravati,Achalpur,Achalpur,20029998,Shahanur & 9 Villages RRWS,Kumbhi Wagholi,507,1,0.00,0.00,0.00,0.00,0.00,0.00,0.00,0.00,0.00,0.00,0.00,0.00,0.00,0.00,06-Aug,07-Aug,08-Aug,09-Aug,10-Aug,11-Aug,12-Aug,06-Aug,07-Aug,08-Aug,09-Aug,10-Aug,11-Aug,12-Aug,7,7,0
Amravati,Amravati,Amravati,Achalpur,Achalpur,20029998,Shahanur & 9 Villages RRWS,Pardi,302,1,0.00,0.00,0.00,0.00,0.00,0.00,0.00,0.00,0.00,0.00,0.00,0.00,0.00,0.00,06-Aug,07-Aug,08-Aug,09-Aug,10-Aug,11-Aug,12-Aug,06-Aug,07-Aug,08-Aug,09-Aug,10-Aug,11-Aug,12-Aug,7,7,0
Amravati,Amravati,Amravati,Achalpur,Achalpur,20029998,Shahanur & 9 Villages RRWS,Waghdoh,783,2,1.27,0.97,1.76,0.95,0.00,0.00,1.54,162.33,123.58,224.39,121.13,0.00,0.00,196.13,06-Aug,07-Aug,08-Aug,09-Aug,10-Aug,11-Aug,12-Aug,06-Aug,07-Aug,08-Aug,09-Aug,10-Aug,11-Aug,12-Aug,2,2,5
Amravati,Amravati,Amravati,Achalpur,Achalpur,20029998,Shahanur & 9 Villages RRWS,Walmikpur,557,1,0.00,0.00,0.00,0.00,0.00,0.00,0.00,0.00,0.00,0.00,0.00,0.00,0.00,0.00,06-Aug,07-Aug,08-Aug,09-Aug,10-Aug,11-Aug,12-Aug,06-Aug,07-Aug,08-Aug,09-Aug,10-Aug,11-Aug,12-Aug,7,7,0
Amravati,Amravati,Amravati,Achalpur,Achalpur,7945938,83 Village RRWS Scheme MJP RR (C 39),Aregaon,158,1,0.00,0.00,0.00,0.00,0.00,0.00,0.00,0.00,0.00,0.00,0.00,0.00,0.00,0.00,06-Aug,07-Aug,08-Aug,09-Aug,10-Aug,11-Aug,12-Aug,06-Aug,07-Aug,08-Aug,09-Aug,10-Aug,11-Aug,12-Aug,7,7,0
Amravati,Amravati,Amravati,Achalpur,Achalpur,7945938,83 Village RRWS Scheme MJP RR (C 39),Belaj,369,2,0.10,0.00,0.13,0.00,0.13,0.00,0.19,27.10,0.00,35.23,0.00,35.23,0.00,51.49,06-Aug,07-Aug,08-Aug,09-Aug,10-Aug,11-Aug,12-Aug,06-Aug,07-Aug,08-Aug,09-Aug,10-Aug,11-Aug,12-Aug,3,7,0
Amravati,Amravati,Amravati,Achalpur,Achalpur,7945938,83 Village RRWS Scheme MJP RR (C 39),Bordi,335,1,13.57,11.97,13.24,12.74,13.80,11.16,14.34,4050.75,3573.13,3952.24,3802.99,4119.40,3331.34,4280.60,06-Aug,07-Aug,08-Aug,09-Aug,10-Aug,11-Aug,12-Aug,06-Aug,07-Aug,08-Aug,09-Aug,10-Aug,11-Aug,12-Aug,0,0,7
Amravati,Amravati,Amravati,Achalpur,Achalpur,7945938,83 Village RRWS Scheme MJP RR (C 39),Borgaon Dori,263,1,1.65,1.52,0.87,1.43,1.67,1.95,0.92,627.38,577.95,330.80,543.92,634.98,741.44,349.81,06-Aug,07-Aug,08-Aug,09-Aug,10-Aug,11-Aug,12-Aug,06-Aug,07-Aug,08-Aug,09-Aug,10-Aug,11-Aug,12-Aug,0,0,7
Amravati,Amravati,Amravati,Achalpur,Achalpur,7945938,83 Village RRWS Scheme MJP RR (C 39),Borgaon Talani,102,1,0.00,0.00,0.00,0.00,0.00,0.00,0.00,0.00,0.00,0.00,0.00,0.00,0.00,0.00,06-Aug,07-Aug,08-Aug,09-Aug,10-Aug,11-Aug,12-Aug,06-Aug,07-Aug,08-Aug,09-Aug,10-Aug,11-Aug,12-Aug,7,7,0
Amravati,Amravati,Amravati,Achalpur,Achalpur,7945938,83 Village RRWS Scheme MJP RR (C 39),Chachondi,36,1,0.00,0.00,0.00,0.00,0.00,0.00,0.00,0.00,0.00,0.00,0.00,0.00,0.00,0.00,06-Aug,07-Aug,08-Aug,09-Aug,10-Aug,11-Aug,12-Aug,06-Aug,07-Aug,08-Aug,09-Aug,10-Aug,11-Aug,12-Aug,7,7,0
Amravati,Amravati,Amravati,Achalpur,Achalpur,7945938,83 Village RRWS Scheme MJP RR (C 39),Chamak Kh,254,1,8.83,9.29,10.06,8.59,11.02,10.72,9.83,3476.38,3657.48,3960.63,3381.89,4338.58,4218.77,3870.08,06-Aug,07-Aug,08-Aug,09-Aug,10-Aug,11-Aug,12-Aug,06-Aug,07-Aug,08-Aug,09-Aug,10-Aug,11-Aug,12-Aug,0,0,7
Amravati,Amravati,Amravati,Achalpur,Achalpur,7945938,83 Village RRWS Scheme MJP RR (C 39),Dewari,107,1,0.00,0.00,0.00,0.00,0.00,0.00,0.00,0.00,0.00,0.00,0.00,0.00,0.00,0.00,06-Aug,07-Aug,08-Aug,09-Aug,10-Aug,11-Aug,12-Aug,06-Aug,07-Aug,08-Aug,09-Aug,10-Aug,11-Aug,12-Aug,7,7,0
Amravati,Amravati,Amravati,Achalpur,Achalpur,7945938,83 Village RRWS Scheme MJP RR (C 39),Dhanora,149,1,0.00,0.00,0.00,0.00,0.00,0.00,0.00,0.00,0.00,0.00,0.00,0.00,0.00,0.00,06-Aug,07-Aug,08-Aug,09-Aug,10-Aug,11-Aug,12-Aug,06-Aug,07-Aug,08-Aug,09-Aug,10-Aug,11-Aug,12-Aug,7,7,0
Amravati,Amravati,Amravati,Achalpur,Achalpur,7945938,83 Village RRWS Scheme MJP RR (C 39),Dhotarkheda,802,2,0.00,0.00,0.00,0.00,0.00,0.00,0.00,0.00,0.00,0.00,0.00,0.00,0.00,0.00,06-Aug,07-Aug,08-Aug,09-Aug,10-Aug,11-Aug,12-Aug,06-Aug,07-Aug,08-Aug,09-Aug,10-Aug,11-Aug,12-Aug,7,7,0
Amravati,Amravati,Amravati,Achalpur,Achalpur,7945938,83 Village RRWS Scheme MJP RR (C 39),Eklaspur,486,4,3.50,4.11,3.69,3.33,3.77,2.97,3.86,720.16,845.68,759.26,685.19,775.72,611.11,794.24,06-Aug,07-Aug,08-Aug,09-Aug,10-Aug,11-Aug,12-Aug,06-Aug,07-Aug,08-Aug,09-Aug,10-Aug,11-Aug,12-Aug,0,0,7
Amravati,Amravati,Amravati,Achalpur,Achalpur,7945938,83 Village RRWS Scheme MJP RR (C 39),Jawardi,221,1,18.69,17.69,16.11,12.84,9.66,10.14,8.88,8458.67,8004.22,7291.25,5807.90,4371.04,4590.05,4018.10,06-Aug,07-Aug,08-Aug,09-Aug,10-Aug,11-Aug,12-Aug,06-Aug,07-Aug,08-Aug,09-Aug,10-Aug,11-Aug,12-Aug,0,0,7
Amravati,Amravati,Amravati,Achalpur,Achalpur,7945938,83 Village RRWS Scheme MJP RR (C 39),Kakda,1104,2,0.00,0.06,0.00,2.08,0.00,0.00,0.00,0.00,5.43,0.00,188.41,0.00,0.00,0.00,06-Aug,07-Aug,08-Aug,09-Aug,10-Aug,11-Aug,12-Aug,06-Aug,07-Aug,08-Aug,09-Aug,10-Aug,11-Aug,12-Aug,5,6,1
Amravati,Amravati,Amravati,Achalpur,Achalpur,7945938,83 Village RRWS Scheme MJP RR (C 39),Kolha,419,2,0.00,0.00,0.00,0.00,0.00,0.00,0.00,0.00,0.00,0.00,0.00,0.00,0.00,0.00,06-Aug,07-Aug,08-Aug,09-Aug,10-Aug,11-Aug,12-Aug,06-Aug,07-Aug,08-Aug,09-Aug,10-Aug,11-Aug,12-Aug,7,7,0
Amravati,Amravati,Amravati,Achalpur,Achalpur,7945938,83 Village RRWS Scheme MJP RR (C 39),Kushta kd,225,1,3.72,4.18,13.23,8.86,6.02,14.03,12.12,1653.33,1858.61,5880.00,3937.78,2674.96,6236.44,5388.22,06-Aug,07-Aug,08-Aug,09-Aug,10-Aug,11-Aug,12-Aug,06-Aug,07-Aug,08-Aug,09-Aug,10-Aug,11-Aug,12-Aug,0,0,7
Amravati,Amravati,Amravati,Achalpur,Achalpur,7945938,83 Village RRWS Scheme MJP RR (C 39),Shekapur,64,1,0.00,0.00,0.00,0.00,0.00,0.00,0.00,0.00,0.00,0.00,0.00,0.00,0.00,0.00,06-Aug,07-Aug,08-Aug,09-Aug,10-Aug,11-Aug,12-Aug,06-Aug,07-Aug,08-Aug,09-Aug,10-Aug,11-Aug,12-Aug,7,7,0
Amravati,Amravati,Amravati,Achalpur,Achalpur,7945938,83 Village RRWS Scheme MJP RR (C 39),Tawalar,675,5,0.60,0.92,0.80,0.71,1.18,0.82,1.24,88.89,136.30,118.52,105.19,174.81,121.48,183.70,06-Aug,07-Aug,08-Aug,09-Aug,10-Aug,11-Aug,12-Aug,06-Aug,07-Aug,08-Aug,09-Aug,10-Aug,11-Aug,12-Aug,0,0,7
Amravati,Amravati,Amravati,Achalpur,Achalpur,7945938,83 Village RRWS Scheme MJP RR (C 39),Thokbarda,101,1,0.00,0.00,1.03,0.00,0.90,1.22,1.09,0.00,0.00,1019.80,0.00,891.09,1207.92,1079.21,06-Aug,07-Aug,08-Aug,09-Aug,10-Aug,11-Aug,12-Aug,06-Aug,07-Aug,08-Aug,09-Aug,10-Aug,11-Aug,12-Aug,3,3,4
Amravati,Amravati,Amravati,Achalpur,Achalpur,7945938,83 Village RRWS Scheme MJP RR (C 39),Tondgaon,560,4,0.00,2.04,0.00,1.96,0.00,2.10,0.00,0.00,364.29,0.00,350.00,0.00,375.00,0.00,06-Aug,07-Aug,08-Aug,09-Aug,10-Aug,11-Aug,12-Aug,06-Aug,07-Aug,08-Aug,09-Aug,10-Aug,11-Aug,12-Aug,4,4,3
Amravati,Amravati,Amravati,Achalpur,Achalpur,7945938,83 Village RRWS Scheme MJP RR (C 39),Tuljapur jahagir,96,1,0.00,0.00,0.00,0.00,0.00,0.00,0.00,0.00,0.00,0.00,0.00,0.00,0.00,0.00,06-Aug,07-Aug,08-Aug,09-Aug,10-Aug,11-Aug,12-Aug,06-Aug,07-Aug,08-Aug,09-Aug,10-Aug,11-Aug,12-Aug,7,7,0
Amravati,Amravati,Amravati,Achalpur,Achalpur,7945938,83 Village RRWS Scheme MJP RR (C 39),Wadgaon Fattepur,855,5,2.28,1.81,2.36,2.97,1.78,2.59,2.48,266.67,212.07,276.02,347.37,208.19,302.92,290.06,06-Aug,07-Aug,08-Aug,09-Aug,10-Aug,11-Aug,12-Aug,06-Aug,07-Aug,08-Aug,09-Aug,10-Aug,11-Aug,12-Aug,0,0,7
Amravati,Amravati,Amravati,Achalpur,Chandur Bazar,7945938,83 Village RRWS Scheme MJP RR (C 39),Ambada Kandari,276,1,2.00,1.93,1.95,1.42,2.00,1.72,1.75,724.64,699.28,706.52,514.49,724.64,623.19,634.06,06-Aug,07-Aug,08-Aug,09-Aug,10-Aug,11-Aug,12-Aug,06-Aug,07-Aug,08-Aug,09-Aug,10-Aug,11-Aug,12-Aug,0,0,7
Amravati,Amravati,Amravati,Achalpur,Chandur Bazar,7945938,83 Village RRWS Scheme MJP RR (C 39),Deomali,1500,3,0.00,0.00,0.00,0.00,0.00,0.00,2.94,0.00,0.00,0.00,0.00,0.00,0.00,196.00,06-Aug,07-Aug,08-Aug,09-Aug,10-Aug,11-Aug,12-Aug,06-Aug,07-Aug,08-Aug,09-Aug,10-Aug,11-Aug,12-Aug,6,6,1
Amravati,Amravati,Amravati,Achalpur,Chandur Bazar,7945938,83 Village RRWS Scheme MJP RR (C 39),Deurwada,912,3,2.62,3.54,3.22,3.45,3.44,0.71,2.62,287.28,388.16,353.07,378.29,377.19,77.85,287.28,06-Aug,07-Aug,08-Aug,09-Aug,10-Aug,11-Aug,12-Aug,06-Aug,07-Aug,08-Aug,09-Aug,10-Aug,11-Aug,12-Aug,0,0,7
Amravati,Amravati,Amravati,Achalpur,Chandur Bazar,7945938,83 Village RRWS Scheme MJP RR (C 39),Gourkheda,504,5,8.81,1.18,1.17,10.11,1.87,13.55,3.13,1748.03,234.08,231.74,2005.52,371.29,2687.77,620.38,06-Aug,07-Aug,08-Aug,09-Aug,10-Aug,11-Aug,12-Aug,06-Aug,07-Aug,08-Aug,09-Aug,10-Aug,11-Aug,12-Aug,0,0,7
Amravati,Amravati,Amravati,Achalpur,Chandur Bazar,7945938,83 Village RRWS Scheme MJP RR (C 39),Govindpur,330,1,0.48,0.45,0.65,0.64,0.63,0.63,0.66,145.45,136.36,196.97,193.94,190.91,190.91,200.00,06-Aug,07-Aug,08-Aug,09-Aug,10-Aug,11-Aug,12-Aug,06-Aug,07-Aug,08-Aug,09-Aug,10-Aug,11-Aug,12-Aug,0,0,7
Amravati,Amravati,Amravati,Achalpur,Chandur Bazar,7945938,83 Village RRWS Scheme MJP RR (C 39),Kajali,363,1,0.00,1.07,0.90,1.15,0.90,1.25,1.01,0.00,294.77,247.93,316.80,247.93,344.35,278.24,06-Aug,07-Aug,08-Aug,09-Aug,10-Aug,11-Aug,12-Aug,06-Aug,07-Aug,08-Aug,09-Aug,10-Aug,11-Aug,12-Aug,1,1,6
Amravati,Amravati,Amravati,Achalpur,Chandur Bazar,7945938,83 Village RRWS Scheme MJP RR (C 39),Kandali,3538,9,10.29,16.70,9.85,17.84,9.64,15.33,10.90,290.77,472.11,278.43,504.12,272.61,433.27,308.05,06-Aug,07-Aug,08-Aug,09-Aug,10-Aug,11-Aug,12-Aug,06-Aug,07-Aug,08-Aug,09-Aug,10-Aug,11-Aug,12-Aug,0,0,7
Amravati,Amravati,Amravati,Achalpur,Chandur Bazar,7945938,83 Village RRWS Scheme MJP RR (C 39),Karajgaon (Mahal),1443,4,0.00,0.00,0.00,0.00,0.00,0.00,0.00,0.00,0.00,0.00,0.00,0.00,0.00,0.00,06-Aug,07-Aug,08-Aug,09-Aug,10-Aug,11-Aug,12-Aug,06-Aug,07-Aug,08-Aug,09-Aug,10-Aug,11-Aug,12-Aug,7,7,0
Amravati,Amravati,Amravati,Achalpur,Chandur Bazar,7945938,83 Village RRWS Scheme MJP RR (C 39),Kavitha Bk.,1129,3,0.44,1.79,0.83,1.68,0.81,1.09,0.97,38.97,158.55,73.52,148.80,71.74,96.55,85.92,06-Aug,07-Aug,08-Aug,09-Aug,10-Aug,11-Aug,12-Aug,06-Aug,07-Aug,08-Aug,09-Aug,10-Aug,11-Aug,12-Aug,0,1,6
Amravati,Amravati,Amravati,Achalpur,Chandur Bazar,7945938,83 Village RRWS Scheme MJP RR (C 39),Kharpi,591,1,4.57,1.85,4.32,4.74,5.95,5.20,4.99,773.27,313.03,730.96,802.03,1006.77,879.86,844.33,06-Aug,07-Aug,08-Aug,09-Aug,10-Aug,11-Aug,12-Aug,06-Aug,07-Aug,08-Aug,09-Aug,10-Aug,11-Aug,12-Aug,0,0,7
Amravati,Amravati,Amravati,Achalpur,Chandur Bazar,7945938,83 Village RRWS Scheme MJP RR (C 39),Khel Choudhar,1350,1,6.96,5.98,7.12,6.01,6.60,6.58,7.39,515.64,442.99,527.73,445.48,488.70,487.56,547.49,06-Aug,07-Aug,08-Aug,09-Aug,10-Aug,11-Aug,12-Aug,06-Aug,07-Aug,08-Aug,09-Aug,10-Aug,11-Aug,12-Aug,0,0,7
Amravati,Amravati,Amravati,Achalpur,Chandur Bazar,7945938,83 Village RRWS Scheme MJP RR (C 39),Khel Sakharam (Kurha),119,1,21.44,26.02,26.64,24.32,16.40,16.54,19.17,18016.81,21869.33,22387.68,20439.50,13779.80,13902.15,16108.67,06-Aug,07-Aug,08-Aug,09-Aug,10-Aug,11-Aug,12-Aug,06-Aug,07-Aug,08-Aug,09-Aug,10-Aug,11-Aug,12-Aug,0,0,7
Amravati,Amravati,Amravati,Achalpur,Chandur Bazar,7945938,83 Village RRWS Scheme MJP RR (C 39),Kondwardha,235,1,1.40,1.05,1.34,1.11,1.35,1.11,1.34,595.74,446.81,570.21,472.34,574.47,472.34,570.21,06-Aug,07-Aug,08-Aug,09-Aug,10-Aug,11-Aug,12-Aug,06-Aug,07-Aug,08-Aug,09-Aug,10-Aug,11-Aug,12-Aug,0,0,7
Amravati,Amravati,Amravati,Achalpur,Chandur Bazar,7945938,83 Village RRWS Scheme MJP RR (C 39),Kumbhi,612,2,0.97,1.28,0.00,0.32,1.41,1.22,0.95,158.50,209.15,0.00,52.29,230.39,199.35,155.23,06-Aug,07-Aug,08-Aug,09-Aug,10-Aug,11-Aug,12-Aug,06-Aug,07-Aug,08-Aug,09-Aug,10-Aug,11-Aug,12-Aug,1,2,5
Amravati,Amravati,Amravati,Achalpur,Chandur Bazar,7945938,83 Village RRWS Scheme MJP RR (C 39),Narayanpur,183,1,0.01,0.26,1.63,1.50,0.00,1.62,0.20,5.46,142.08,890.71,819.67,0.00,885.25,109.29,06-Aug,07-Aug,08-Aug,09-Aug,10-Aug,11-Aug,12-Aug,06-Aug,07-Aug,08-Aug,09-Aug,10-Aug,11-Aug,12-Aug,1,2,5
Amravati,Amravati,Amravati,Achalpur,Chandur Bazar,7945938,83 Village RRWS Scheme MJP RR (C 39),Pimpari Thugaon,405,1,22.24,24.05,14.69,27.31,14.86,23.30,26.43,5491.36,5938.27,3627.16,6743.21,3669.14,5753.09,6525.93,06-Aug,07-Aug,08-Aug,09-Aug,10-Aug,11-Aug,12-Aug,06-Aug,07-Aug,08-Aug,09-Aug,10-Aug,11-Aug,12-Aug,0,0,7
Amravati,Amravati,Amravati,Achalpur,Chandur Bazar,7945938,83 Village RRWS Scheme MJP RR (C 39),Shirajgaon kasba,4069,7,11.20,5.20,8.23,5.08,11.08,5.19,10.75,275.27,127.72,202.32,124.74,272.40,127.46,264.30,06-Aug,07-Aug,08-Aug,09-Aug,10-Aug,11-Aug,12-Aug,06-Aug,07-Aug,08-Aug,09-Aug,10-Aug,11-Aug,12-Aug,0,0,7
Amravati,Amravati,Amravati,Amravati - 2,Chandur Rly,20030227,Chirodi & 4 Villages RRWS,Chirodi,2434,4,0.29,0.25,0.12,0.34,0.31,0.42,0.30,12.11,10.43,4.96,14.01,12.88,17.20,12.34,06-Aug,07-Aug,08-Aug,09-Aug,10-Aug,11-Aug,12-Aug,06-Aug,07-Aug,08-Aug,09-Aug,10-Aug,11-Aug,12-Aug,0,7,0
Amravati,Amravati,Amravati,Amravati - 2,Chandur Rly,20030227,Chirodi & 4 Villages RRWS,Karala,3161,4,5438.43,8363.68,7037.71,9022.34,8481.70,6317.27,9662.83,172047.82,264589.69,222641.89,285426.76,268323.46,199850.47,305689.02,06-Aug,07-Aug,08-Aug,09-Aug,10-Aug,11-Aug,12-Aug,06-Aug,07-Aug,08-Aug,09-Aug,10-Aug,11-Aug,12-Aug,0,0,7
Amravati,Amravati,Amravati,Amravati - 2,Chandur Rly,20030227,Chirodi & 4 Villages RRWS,Pathargaon,879,2,0.00,1.74,0.00,1.68,0.00,1.62,0.00,0.00,197.40,0.00,190.68,0.00,184.74,0.00,06-Aug,07-Aug,08-Aug,09-Aug,10-Aug,11-Aug,12-Aug,06-Aug,07-Aug,08-Aug,09-Aug,10-Aug,11-Aug,12-Aug,4,4,3
Amravati,Amravati,Amravati,Amravati - 2,Chandur Rly,20030227,Chirodi & 4 Villages RRWS,Sawangi Magrapur,1385,2,0.66,0.89,1.01,0.85,0.24,0.90,0.81,47.55,64.21,72.68,61.45,17.00,64.94,58.72,06-Aug,07-Aug,08-Aug,09-Aug,10-Aug,11-Aug,12-Aug,06-Aug,07-Aug,08-Aug,09-Aug,10-Aug,11-Aug,12-Aug,0,2,5
Amravati,Amravati,Amravati,Amravati - 2,Nandgaon Khandeshwar,20030120,Papal & 5 Villages RRWS,Lohgaon,,2,0.76,0.56,0.55,0.61,0.66,0.61,0.76,0.00,0.00,0.00,0.00,0.00,0.00,0.00,06-Aug,07-Aug,08-Aug,09-Aug,10-Aug,11-Aug,12-Aug,06-Aug,07-Aug,08-Aug,09-Aug,10-Aug,11-Aug,12-Aug,7,7,0
Amravati,Amravati,Amravati,Amravati - 2,Nandgaon Khandeshwar,20030120,Papal & 5 Villages RRWS,Papal,3628,2,0.00,0.00,0.00,0.00,0.00,0.00,0.00,0.00,0.00,0.00,0.00,0.00,0.00,0.00,06-Aug,07-Aug,08-Aug,09-Aug,10-Aug,11-Aug,12-Aug,06-Aug,07-Aug,08-Aug,09-Aug,10-Aug,11-Aug,12-Aug,7,7,0
Amravati,Amravati,Amravati,Amravati - 2,Nandgaon Khandeshwar,20030120,Papal & 5 Villages RRWS,Tighora,433,1,0.00,0.00,0.00,0.00,0.00,0.00,0.00,0.00,0.00,0.00,0.00,0.00,0.00,0.00,06-Aug,07-Aug,08-Aug,09-Aug,10-Aug,11-Aug,12-Aug,06-Aug,07-Aug,08-Aug,09-Aug,10-Aug,11-Aug,12-Aug,7,7,0
Amravati,Amravati,Amravati,Amravati - 2,Nandgaon Khandeshwar,20030263,Dhanora Gurav & 8 Villages RRWS,Dhanora Gurav,1796,2,0.00,0.56,0.00,0.42,0.00,0.56,0.00,0.00,31.06,0.00,23.36,0.00,31.43,0.00,06-Aug,07-Aug,08-Aug,09-Aug,10-Aug,11-Aug,12-Aug,06-Aug,07-Aug,08-Aug,09-Aug,10-Aug,11-Aug,12-Aug,4,7,0
Amravati,Amravati,Amravati,Amravati - 2,Nandgaon Khandeshwar,20030263,Dhanora Gurav & 8 Villages RRWS,Dharmapur,809,1,0.00,0.00,0.00,0.00,0.00,0.00,0.00,0.00,0.00,0.07,0.00,0.46,0.00,0.20,06-Aug,07-Aug,08-Aug,09-Aug,10-Aug,11-Aug,12-Aug,06-Aug,07-Aug,08-Aug,09-Aug,10-Aug,11-Aug,12-Aug,4,7,0
Amravati,Amravati,Amravati,Amravati - 2,Nandgaon Khandeshwar,20030263,Dhanora Gurav & 8 Villages RRWS,Hiwra Murada,1089,2,0.07,0.75,0.15,0.71,0.95,0.82,0.67,6.55,68.69,14.01,64.97,87.50,74.92,61.76,06-Aug,07-Aug,08-Aug,09-Aug,10-Aug,11-Aug,12-Aug,06-Aug,07-Aug,08-Aug,09-Aug,10-Aug,11-Aug,12-Aug,0,2,5
Amravati,Amravati,Amravati,Amravati - 2,Nandgaon Khandeshwar,20030263,Dhanora Gurav & 8 Villages RRWS,Khandala,816,1,0.00,0.00,0.00,0.00,0.00,0.00,0.00,0.00,0.00,0.00,0.00,0.00,0.00,0.00,06-Aug,07-Aug,08-Aug,09-Aug,10-Aug,11-Aug,12-Aug,06-Aug,07-Aug,08-Aug,09-Aug,10-Aug,11-Aug,12-Aug,7,7,0
Amravati,Amravati,Amravati,Amravati - 2,Nandgaon Khandeshwar,20030263,Dhanora Gurav & 8 Villages RRWS,Palas Mandal,1353,2,0.00,0.00,0.00,0.00,0.00,0.00,0.00,0.00,0.00,0.00,0.00,0.00,0.00,0.00,06-Aug,07-Aug,08-Aug,09-Aug,10-Aug,11-Aug,12-Aug,06-Aug,07-Aug,08-Aug,09-Aug,10-Aug,11-Aug,12-Aug,7,7,0
Amravati,Amravati,Amravati,Amravati - 2,Nandgaon Khandeshwar,20030263,Dhanora Gurav & 8 Villages RRWS,Pimpri Gawanda,536,1,0.00,0.00,0.00,0.00,0.00,0.00,0.00,0.00,0.00,0.00,0.00,0.00,0.00,0.00,06-Aug,07-Aug,08-Aug,09-Aug,10-Aug,11-Aug,12-Aug,06-Aug,07-Aug,08-Aug,09-Aug,10-Aug,11-Aug,12-Aug,7,7,0
Amravati,Amravati,Amravati,Amravati - 2,Nandgaon Khandeshwar,20030263,Dhanora Gurav & 8 Villages RRWS,Pusner,441,1,0.69,0.78,0.41,1.07,0.39,0.56,0.00,155.51,175.84,91.93,242.99,88.60,126.04,0.00,06-Aug,07-Aug,08-Aug,09-Aug,10-Aug,11-Aug,12-Aug,06-Aug,07-Aug,08-Aug,09-Aug,10-Aug,11-Aug,12-Aug,1,1,6
Amravati,Amravati,Amravati,Amravati - 2,Nandgaon Khandeshwar,20030263,Dhanora Gurav & 8 Villages RRWS,Wadala,446,1,0.53,0.57,0.58,0.73,0.65,0.81,0.86,119.11,127.13,129.30,164.07,145.84,180.53,193.16,06-Aug,07-Aug,08-Aug,09-Aug,10-Aug,11-Aug,12-Aug,06-Aug,07-Aug,08-Aug,09-Aug,10-Aug,11-Aug,12-Aug,0,0,7
Amravati,Amravati,Amravati,Amravati - 2,Nandgaon Khandeshwar,20030287,Takli & 4 Villages RRWS,Bopnemtaba,849,1,0.25,0.01,0.01,0.00,0.02,0.00,0.00,29.45,1.18,1.18,0.00,2.36,0.00,0.00,06-Aug,07-Aug,08-Aug,09-Aug,10-Aug,11-Aug,12-Aug,06-Aug,07-Aug,08-Aug,09-Aug,10-Aug,11-Aug,12-Aug,3,7,0
Amravati,Amravati,Amravati,Amravati - 2,Nandgaon Khandeshwar,20030287,Takli & 4 Villages RRWS,Dahigaon,,1,14.75,39.43,31.22,22.35,22.57,27.54,30.98,0.00,0.00,0.00,0.00,0.00,0.00,0.00,06-Aug,07-Aug,08-Aug,09-Aug,10-Aug,11-Aug,12-Aug,06-Aug,07-Aug,08-Aug,09-Aug,10-Aug,11-Aug,12-Aug,7,7,0
Amravati,Amravati,Amravati,Amravati - 2,Nandgaon Khandeshwar,20030287,Takli & 4 Villages RRWS,Ful Aamla,1771,2,0.00,0.00,0.05,0.00,0.00,0.00,0.00,0.00,0.00,2.82,0.00,0.00,0.00,0.00,06-Aug,07-Aug,08-Aug,09-Aug,10-Aug,11-Aug,12-Aug,06-Aug,07-Aug,08-Aug,09-Aug,10-Aug,11-Aug,12-Aug,6,7,0
Amravati,Amravati,Amravati,Amravati - 2,Nandgaon Khandeshwar,20030287,Takli & 4 Villages RRWS,Hiwara Kh.,1671,2,178.82,194.55,178.95,181.04,171.22,184.90,191.42,10701.38,11642.73,10709.16,10834.23,10246.56,11065.23,11455.42,06-Aug,07-Aug,08-Aug,09-Aug,10-Aug,11-Aug,12-Aug,06-Aug,07-Aug,08-Aug,09-Aug,10-Aug,11-Aug,12-Aug,0,0,7
Amravati,Amravati,Amravati,Amravati - 2,Nandgaon Khandeshwar,20030287,Takli & 4 Villages RRWS,Takali,2522,2,0.88,0.86,0.00,1.30,6.49,1.03,0.07,34.94,34.17,0.00,51.61,257.39,40.94,2.78,06-Aug,07-Aug,08-Aug,09-Aug,10-Aug,11-Aug,12-Aug,06-Aug,07-Aug,08-Aug,09-Aug,10-Aug,11-Aug,12-Aug,1,6,1
Amravati,Amravati,Yavatmal,Pusad,Pusad,20028563,"Malpathar 28 Villages, (Reju.)",Aadgaon,2510,3,0.00,0.00,0.00,0.00,0.00,0.00,0.00,0.00,0.00,0.00,0.00,0.00,0.00,0.00,06-Aug,07-Aug,08-Aug,09-Aug,10-Aug,11-Aug,12-Aug,06-Aug,07-Aug,08-Aug,09-Aug,10-Aug,11-Aug,12-Aug,7,7,0
Amravati,Amravati,Yavatmal,Pusad,Pusad,20028563,"Malpathar 28 Villages, (Reju.)",Aamti,1239,2,0.00,0.00,0.00,0.00,0.00,0.00,0.00,0.00,0.00,0.00,0.00,0.00,0.00,0.00,06-Aug,07-Aug,08-Aug,09-Aug,10-Aug,11-Aug,12-Aug,06-Aug,07-Aug,08-Aug,09-Aug,10-Aug,11-Aug,12-Aug,7,7,0
Amravati,Amravati,Yavatmal,Pusad,Pusad,20028563,"Malpathar 28 Villages, (Reju.)",Hanvantkheda,1783,3,0.25,0.45,0.00,0.00,0.00,0.20,0.11,14.02,25.24,0.00,0.00,0.00,11.22,6.17,06-Aug,07-Aug,08-Aug,09-Aug,10-Aug,11-Aug,12-Aug,06-Aug,07-Aug,08-Aug,09-Aug,10-Aug,11-Aug,12-Aug,3,7,0
Amravati,Amravati,Yavatmal,Pusad,Pusad,20028563,"Malpathar 28 Villages, (Reju.)",Kheirkheda,1349,1,0.03,0.01,0.40,0.73,0.32,1.20,0.02,2.22,0.74,29.65,54.11,23.72,88.95,1.48,06-Aug,07-Aug,08-Aug,09-Aug,10-Aug,11-Aug,12-Aug,06-Aug,07-Aug,08-Aug,09-Aug,10-Aug,11-Aug,12-Aug,0,6,1
Amravati,Amravati,Yavatmal,Pusad,Pusad,20028563,"Malpathar 28 Villages, (Reju.)",Nanad no 2,3116,2,0.03,0.01,0.40,0.73,0.32,1.20,0.02,0.96,0.32,12.84,23.43,10.27,38.51,0.64,06-Aug,07-Aug,08-Aug,09-Aug,10-Aug,11-Aug,12-Aug,06-Aug,07-Aug,08-Aug,09-Aug,10-Aug,11-Aug,12-Aug,0,7,0
Amravati,Amravati,Yavatmal,Pusad,Pusad,20028563,"Malpathar 28 Villages, (Reju.)",Panhala,1476,2,0.00,0.00,0.00,0.00,0.00,0.00,0.00,0.00,0.00,0.00,0.00,0.00,0.00,0.00,06-Aug,07-Aug,08-Aug,09-Aug,10-Aug,11-Aug,12-Aug,06-Aug,07-Aug,08-Aug,09-Aug,10-Aug,11-Aug,12-Aug,7,7,0
Amravati,Amravati,Yavatmal,Pusad,Pusad,20028563,"Malpathar 28 Villages, (Reju.)",Rohada,3556,1,0.02,0.00,0.00,0.00,0.00,0.00,0.00,0.56,0.00,0.00,0.00,0.00,0.00,0.00,06-Aug,07-Aug,08-Aug,09-Aug,10-Aug,11-Aug,12-Aug,06-Aug,07-Aug,08-Aug,09-Aug,10-Aug,11-Aug,12-Aug,6,7,0
Amravati,Amravati,Yavatmal,Pusad,Pusad,20028563,"Malpathar 28 Villages, (Reju.)",Sattarmal,802,2,0.00,0.00,0.00,0.00,0.00,0.00,0.00,0.00,0.00,0.00,0.00,0.00,0.00,0.00,06-Aug,07-Aug,08-Aug,09-Aug,10-Aug,11-Aug,12-Aug,06-Aug,07-Aug,08-Aug,09-Aug,10-Aug,11-Aug,12-Aug,7,7,0
Amravati,Amravati,Yavatmal,Pusad,Pusad,20028563,"Malpathar 28 Villages, (Reju.)",Vasantwadi,1599,2,34.25,14.75,0.00,0.00,0.00,0.00,0.00,2141.96,922.45,0.00,0.00,0.00,0.00,0.00,06-Aug,07-Aug,08-Aug,09-Aug,10-Aug,11-Aug,12-Aug,06-Aug,07-Aug,08-Aug,09-Aug,10-Aug,11-Aug,12-Aug,5,5,2
Nashik,Ahmednagar,Ahmednagar,Ahmednagar,Nagar,20046296,Burhannagar & 45 Villages Retro RRWSS,Burhannagar,9485,4,3.13,3.59,0.89,9.69,5.21,2.70,1.34,33.01,37.84,9.43,102.12,54.94,28.49,14.08,06-Aug,07-Aug,08-Aug,09-Aug,10-Aug,11-Aug,12-Aug,06-Aug,07-Aug,08-Aug,09-Aug,10-Aug,11-Aug,12-Aug,0,6,1
Nashik,Ahmednagar,Ahmednagar,Ahmednagar,Nagar,20046296,Burhannagar & 45 Villages Retro RRWSS,Dahigaon,1734,1,0.00,0.00,0.00,0.00,0.00,0.00,0.00,0.00,0.00,0.00,0.00,0.00,0.00,0.00,06-Aug,07-Aug,08-Aug,09-Aug,10-Aug,11-Aug,12-Aug,06-Aug,07-Aug,08-Aug,09-Aug,10-Aug,11-Aug,12-Aug,7,7,0
Nashik,Ahmednagar,Ahmednagar,Ahmednagar,Nagar,20046296,Burhannagar & 45 Villages Retro RRWSS,Darewadi,15591,6,0.00,0.00,0.00,0.00,0.00,0.00,0.00,0.00,0.00,0.00,0.00,0.00,0.00,0.00,06-Aug,07-Aug,08-Aug,09-Aug,10-Aug,11-Aug,12-Aug,06-Aug,07-Aug,08-Aug,09-Aug,10-Aug,11-Aug,12-Aug,7,7,0
Nashik,Ahmednagar,Ahmednagar,Ahmednagar,Nagar,20046296,Burhannagar & 45 Villages Retro RRWSS,Dhangarwadi,2389,2,0.00,0.00,0.00,0.00,0.00,0.00,0.00,0.00,0.00,0.00,0.00,0.00,0.00,0.00,06-Aug,07-Aug,08-Aug,09-Aug,10-Aug,11-Aug,12-Aug,06-Aug,07-Aug,08-Aug,09-Aug,10-Aug,11-Aug,12-Aug,7,7,0
Nashik,Ahmednagar,Ahmednagar,Ahmednagar,Nagar,20046296,Burhannagar & 45 Villages Retro RRWSS,Jeur,11087,2,0.00,0.00,0.00,0.00,0.00,0.00,0.00,0.00,0.00,0.00,0.00,0.00,0.00,0.00,06-Aug,07-Aug,08-Aug,09-Aug,10-Aug,11-Aug,12-Aug,06-Aug,07-Aug,08-Aug,09-Aug,10-Aug,11-Aug,12-Aug,7,7,0
Nashik,Ahmednagar,Ahmednagar,Ahmednagar,Nagar,20046296,Burhannagar & 45 Villages Retro RRWSS,Kapurwadi,5098,2,0.00,0.00,0.00,0.00,0.00,0.00,0.00,0.00,0.00,0.00,0.00,0.00,0.00,0.00,06-Aug,07-Aug,08-Aug,09-Aug,10-Aug,11-Aug,12-Aug,06-Aug,07-Aug,08-Aug,09-Aug,10-Aug,11-Aug,12-Aug,7,7,0
Nashik,Ahmednagar,Ahmednagar,Ahmednagar,Nagar,20046296,Burhannagar & 45 Villages Retro RRWSS,Pimpalgaon Malvi,6581,5,1.42,1.36,1.25,1.24,1.24,1.46,1.23,21.61,20.63,19.02,18.89,18.80,22.13,18.70,06-Aug,07-Aug,08-Aug,09-Aug,10-Aug,11-Aug,12-Aug,06-Aug,07-Aug,08-Aug,09-Aug,10-Aug,11-Aug,12-Aug,0,7,0
Nashik,Ahmednagar,Ahmednagar,Ahmednagar,Nagar,20046296,Burhannagar & 45 Villages Retro RRWSS,Pimpalgaon Ujjaini,3527,2,0.00,0.00,0.00,0.00,0.00,0.00,0.00,0.00,0.00,0.00,0.00,0.00,0.00,0.00,06-Aug,07-Aug,08-Aug,09-Aug,10-Aug,11-Aug,12-Aug,06-Aug,07-Aug,08-Aug,09-Aug,10-Aug,11-Aug,12-Aug,7,7,0
Nashik,Ahmednagar,Ahmednagar,Ahmednagar,Nagar,20046296,Burhannagar & 45 Villages Retro RRWSS,Rui Chattashi,4035,2,0.00,0.00,0.00,0.00,0.00,0.00,0.00,0.00,0.00,0.00,0.00,0.00,0.00,0.00,06-Aug,07-Aug,08-Aug,09-Aug,10-Aug,11-Aug,12-Aug,06-Aug,07-Aug,08-Aug,09-Aug,10-Aug,11-Aug,12-Aug,7,7,0
Nashik,Ahmednagar,Ahmednagar,Ahmednagar,Nagar,20046296,Burhannagar & 45 Villages Retro RRWSS,Sahapur Ketki,4243,3,0.00,0.00,0.00,0.00,0.00,0.00,0.00,0.00,0.00,0.00,0.00,0.00,0.00,0.00,06-Aug,07-Aug,08-Aug,09-Aug,10-Aug,11-Aug,12-Aug,06-Aug,07-Aug,08-Aug,09-Aug,10-Aug,11-Aug,12-Aug,7,7,0
Nashik,Ahmednagar,Ahmednagar,Ahmednagar,Nagar,20046296,Burhannagar & 45 Villages Retro RRWSS,Sakat Kh.,1769,2,0.00,0.00,0.00,0.00,0.00,0.00,0.00,0.00,0.00,0.00,0.00,0.00,0.00,0.00,06-Aug,07-Aug,08-Aug,09-Aug,10-Aug,11-Aug,12-Aug,06-Aug,07-Aug,08-Aug,09-Aug,10-Aug,11-Aug,12-Aug,7,7,0
Nashik,Ahmednagar,Ahmednagar,Ahmednagar,Nagar,20046296,Burhannagar & 45 Villages Retro RRWSS,Shendi,4865,3,0.00,0.00,0.00,0.00,0.90,0.00,0.00,0.00,0.00,0.00,0.00,18.52,0.04,0.00,06-Aug,07-Aug,08-Aug,09-Aug,10-Aug,11-Aug,12-Aug,06-Aug,07-Aug,08-Aug,09-Aug,10-Aug,11-Aug,12-Aug,5,7,0
Nashik,Ahmednagar,Ahmednagar,Ahmednagar,Nagar,20046296,Burhannagar & 45 Villages Retro RRWSS,Takali Khatgaon,2975,2,0.00,0.00,0.00,0.00,0.00,0.00,0.00,0.00,0.00,0.00,0.00,0.00,0.00,0.00,06-Aug,07-Aug,08-Aug,09-Aug,10-Aug,11-Aug,12-Aug,06-Aug,07-Aug,08-Aug,09-Aug,10-Aug,11-Aug,12-Aug,7,7,0
Nashik,Ahmednagar,Ahmednagar,Ahmednagar,Nagar,20046349,Retro Ghospuri & 16 Villages RRWSS Tal- Nagar,Baburdi Bend,1328,2,0.00,0.00,0.00,0.00,0.00,0.00,0.00,0.00,0.00,0.00,0.00,0.00,0.00,0.00,06-Aug,07-Aug,08-Aug,09-Aug,10-Aug,11-Aug,12-Aug,06-Aug,07-Aug,08-Aug,09-Aug,10-Aug,11-Aug,12-Aug,7,7,0
Nashik,Ahmednagar,Ahmednagar,Ahmednagar,Nagar,20046349,Retro Ghospuri & 16 Villages RRWSS Tal- Nagar,Baburdi Gumat,2337,1,0.00,0.00,2.06,0.84,0.95,0.87,0.40,0.00,0.00,88.22,35.85,40.62,37.38,17.13,06-Aug,07-Aug,08-Aug,09-Aug,10-Aug,11-Aug,12-Aug,06-Aug,07-Aug,08-Aug,09-Aug,10-Aug,11-Aug,12-Aug,2,6,1
Nashik,Ahmednagar,Ahmednagar,Ahmednagar,Nagar,20046349,Retro Ghospuri & 16 Villages RRWSS Tal- Nagar,Deualgaon Siddhi,4433,3,0.02,1.49,1.30,0.95,1.39,0.29,1.09,0.50,33.69,29.36,21.53,31.38,6.56,24.53,06-Aug,07-Aug,08-Aug,09-Aug,10-Aug,11-Aug,12-Aug,06-Aug,07-Aug,08-Aug,09-Aug,10-Aug,11-Aug,12-Aug,0,7,0
Nashik,Ahmednagar,Ahmednagar,Ahmednagar,Nagar,20046349,Retro Ghospuri & 16 Villages RRWSS Tal- Nagar,Jadhavvwadi,479,1,0.00,0.00,0.00,0.00,0.00,0.00,0.00,0.00,0.00,0.00,0.00,0.00,0.00,0.00,06-Aug,07-Aug,08-Aug,09-Aug,10-Aug,11-Aug,12-Aug,06-Aug,07-Aug,08-Aug,09-Aug,10-Aug,11-Aug,12-Aug,7,7,0
Nashik,Ahmednagar,Ahmednagar,Ahmednagar,Nagar,20046349,Retro Ghospuri & 16 Villages RRWSS Tal- Nagar,Khadaki,1647,1,0.00,0.67,1.56,2.55,2.24,1.69,1.17,0.00,40.46,94.86,155.07,135.91,102.38,70.99,06-Aug,07-Aug,08-Aug,09-Aug,10-Aug,11-Aug,12-Aug,06-Aug,07-Aug,08-Aug,09-Aug,10-Aug,11-Aug,12-Aug,1,2,5
Nashik,Ahmednagar,Ahmednagar,Ahmednagar,Nagar,20046349,Retro Ghospuri & 16 Villages RRWSS Tal- Nagar,Wadgaon Tandali,1947,1,1.98,1.97,3.10,1.79,2.24,3.01,2.61,101.82,101.21,159.34,92.03,115.15,154.66,134.09,06-Aug,07-Aug,08-Aug,09-Aug,10-Aug,11-Aug,12-Aug,06-Aug,07-Aug,08-Aug,09-Aug,10-Aug,11-Aug,12-Aug,0,0,7
Nashik,Ahmednagar,Ahmednagar,Ahmednagar,Nagar,20046349,Retro Ghospuri & 16 Villages RRWSS Tal- Nagar,Walki,13387,3,0.00,0.00,0.00,0.00,3.08,2.86,6.30,0.00,0.00,0.00,0.00,23.00,21.34,47.04,06-Aug,07-Aug,08-Aug,09-Aug,10-Aug,11-Aug,12-Aug,06-Aug,07-Aug,08-Aug,09-Aug,10-Aug,11-Aug,12-Aug,4,7,0
Nashik,Ahmednagar,Ahmednagar,Newasa,Nevasa,20029472,Retro.Bhenda Kukana and 4 villages WSS. Ta. Nevasa,Antarwadi,1542,5,0.08,1.07,0.11,1.46,0.07,1.01,0.28,5.29,69.68,7.17,94.61,4.45,65.67,18.16,06-Aug,07-Aug,08-Aug,09-Aug,10-Aug,11-Aug,12-Aug,06-Aug,07-Aug,08-Aug,09-Aug,10-Aug,11-Aug,12-Aug,0,4,3
Nashik,Ahmednagar,Ahmednagar,Newasa,Nevasa,20029472,Retro.Bhenda Kukana and 4 villages WSS. Ta. Nevasa,Bhenda Bk.,7643,3,0.00,0.00,0.00,0.00,0.00,0.00,0.00,0.00,0.00,0.00,0.00,0.00,0.00,0.00,06-Aug,07-Aug,08-Aug,09-Aug,10-Aug,11-Aug,12-Aug,06-Aug,07-Aug,08-Aug,09-Aug,10-Aug,11-Aug,12-Aug,7,7,0
Nashik,Ahmednagar,Ahmednagar,Newasa,Nevasa,20029472,Retro.Bhenda Kukana and 4 villages WSS. Ta. Nevasa,Tarwadi,2925,1,0.75,2.30,0.55,2.47,0.45,2.17,0.39,25.61,78.69,18.70,84.61,15.43,74.21,13.30,06-Aug,07-Aug,08-Aug,09-Aug,10-Aug,11-Aug,12-Aug,06-Aug,07-Aug,08-Aug,09-Aug,10-Aug,11-Aug,12-Aug,0,4,3
Nashik,Ahmednagar,Ahmednagar,Newasa,Nevasa,5348540,"Retro.Sonai Karjgaon and 16 villages, Tal. Nevasa",AMALNER,2334,2,0.51,0.65,0.75,0.50,0.50,0.57,0.52,22.03,27.73,31.94,21.40,21.60,24.57,22.35,06-Aug,07-Aug,08-Aug,09-Aug,10-Aug,11-Aug,12-Aug,06-Aug,07-Aug,08-Aug,09-Aug,10-Aug,11-Aug,12-Aug,0,7,0
Nashik,Ahmednagar,Ahmednagar,Newasa,Nevasa,5348540,"Retro.Sonai Karjgaon and 16 villages, Tal. Nevasa",Belhekarwadi,2991,2,0.00,1.36,2.81,2.72,0.00,0.00,3.03,0.00,45.33,94.11,90.81,0.00,0.00,101.25,06-Aug,07-Aug,08-Aug,09-Aug,10-Aug,11-Aug,12-Aug,06-Aug,07-Aug,08-Aug,09-Aug,10-Aug,11-Aug,12-Aug,3,4,3
Nashik,Ahmednagar,Ahmednagar,Newasa,Nevasa,5348540,"Retro.Sonai Karjgaon and 16 villages, Tal. Nevasa",Ganeshwadi,3017,2,0.74,0.28,0.00,1.04,0.36,0.00,0.75,24.58,9.13,0.00,34.41,12.08,0.00,24.94,06-Aug,07-Aug,08-Aug,09-Aug,10-Aug,11-Aug,12-Aug,06-Aug,07-Aug,08-Aug,09-Aug,10-Aug,11-Aug,12-Aug,2,7,0
Nashik,Ahmednagar,Ahmednagar,Newasa,Nevasa,5348540,"Retro.Sonai Karjgaon and 16 villages, Tal. Nevasa",GOMALWADI,1061,2,1.64,1.40,1.33,1.36,1.51,0.63,1.48,154.65,131.90,125.17,127.86,141.88,59.57,139.36,06-Aug,07-Aug,08-Aug,09-Aug,10-Aug,11-Aug,12-Aug,06-Aug,07-Aug,08-Aug,09-Aug,10-Aug,11-Aug,12-Aug,0,0,7
Nashik,Ahmednagar,Ahmednagar,Newasa,Nevasa,5348540,"Retro.Sonai Karjgaon and 16 villages, Tal. Nevasa",GONEGAON,1572,2,0.37,0.00,0.37,0.31,0.00,0.37,0.18,23.46,0.06,23.51,19.87,0.02,23.45,11.62,06-Aug,07-Aug,08-Aug,09-Aug,10-Aug,11-Aug,12-Aug,06-Aug,07-Aug,08-Aug,09-Aug,10-Aug,11-Aug,12-Aug,0,7,0
Nashik,Ahmednagar,Ahmednagar,Newasa,Nevasa,5348540,"Retro.Sonai Karjgaon and 16 villages, Tal. Nevasa",IMAMPUR,350,1,0.00,0.00,0.00,0.00,0.00,0.00,0.00,0.00,0.00,0.00,0.00,0.00,0.00,0.00,06-Aug,07-Aug,08-Aug,09-Aug,10-Aug,11-Aug,12-Aug,06-Aug,07-Aug,08-Aug,09-Aug,10-Aug,11-Aug,12-Aug,7,7,0
Nashik,Ahmednagar,Ahmednagar,Newasa,Nevasa,5348540,"Retro.Sonai Karjgaon and 16 villages, Tal. Nevasa",KARAJGAON,3750,3,1.16,1.03,0.92,1.01,0.88,0.27,0.82,31.03,27.48,24.61,26.91,23.44,7.21,21.74,06-Aug,07-Aug,08-Aug,09-Aug,10-Aug,11-Aug,12-Aug,06-Aug,07-Aug,08-Aug,09-Aug,10-Aug,11-Aug,12-Aug,0,7,0
Nashik,Ahmednagar,Ahmednagar,Newasa,Nevasa,5348540,"Retro.Sonai Karjgaon and 16 villages, Tal. Nevasa",KHARWANDI,6263,2,1.75,1.79,0.01,1.72,1.83,0.14,1.72,27.99,28.50,0.21,27.45,29.23,2.31,27.50,06-Aug,07-Aug,08-Aug,09-Aug,10-Aug,11-Aug,12-Aug,06-Aug,07-Aug,08-Aug,09-Aug,10-Aug,11-Aug,12-Aug,0,7,0
Nashik,Ahmednagar,Ahmednagar,Newasa,Nevasa,5348540,"Retro.Sonai Karjgaon and 16 villages, Tal. Nevasa",Khedle Parmanand,2836,2,1.19,1.23,0.87,1.36,1.06,0.06,0.85,42.04,43.40,30.79,47.78,37.52,2.06,30.00,06-Aug,07-Aug,08-Aug,09-Aug,10-Aug,11-Aug,12-Aug,06-Aug,07-Aug,08-Aug,09-Aug,10-Aug,11-Aug,12-Aug,0,7,0
Nashik,Ahmednagar,Ahmednagar,Newasa,Nevasa,5348540,"Retro.Sonai Karjgaon and 16 villages, Tal. Nevasa",KHUPTI,2338,2,0.71,1.35,1.42,1.94,1.65,0.82,0.90,30.39,57.82,60.79,83.15,70.48,35.21,38.33,06-Aug,07-Aug,08-Aug,09-Aug,10-Aug,11-Aug,12-Aug,06-Aug,07-Aug,08-Aug,09-Aug,10-Aug,11-Aug,12-Aug,0,3,4
Nashik,Ahmednagar,Ahmednagar,Newasa,Nevasa,5348540,"Retro.Sonai Karjgaon and 16 villages, Tal. Nevasa",LANDEWADI,2158,2,0.00,0.00,0.00,0.00,0.00,0.00,0.00,0.00,0.00,0.00,0.00,0.00,0.00,0.00,06-Aug,07-Aug,08-Aug,09-Aug,10-Aug,11-Aug,12-Aug,06-Aug,07-Aug,08-Aug,09-Aug,10-Aug,11-Aug,12-Aug,7,7,0
Nashik,Ahmednagar,Ahmednagar,Newasa,Nevasa,5348540,"Retro.Sonai Karjgaon and 16 villages, Tal. Nevasa",Navin Chandgaon,1547,1,0.43,0.54,0.39,0.60,0.27,0.00,0.37,27.49,35.10,25.00,38.58,17.67,0.00,24.18,06-Aug,07-Aug,08-Aug,09-Aug,10-Aug,11-Aug,12-Aug,06-Aug,07-Aug,08-Aug,09-Aug,10-Aug,11-Aug,12-Aug,1,7,0
Nashik,Ahmednagar,Ahmednagar,Newasa,Nevasa,5348540,"Retro.Sonai Karjgaon and 16 villages, Tal. Nevasa",NIMBHARI,2524,2,0.14,0.41,0.00,0.21,0.35,0.00,0.12,5.74,16.44,0.00,8.37,13.79,0.04,4.74,06-Aug,07-Aug,08-Aug,09-Aug,10-Aug,11-Aug,12-Aug,06-Aug,07-Aug,08-Aug,09-Aug,10-Aug,11-Aug,12-Aug,1,7,0
Nashik,Ahmednagar,Ahmednagar,Newasa,Nevasa,5348540,"Retro.Sonai Karjgaon and 16 villages, Tal. Nevasa",PANEGAON,2858,2,0.95,1.12,0.91,1.03,0.86,0.93,0.90,33.12,39.35,31.93,36.09,30.07,32.61,31.52,06-Aug,07-Aug,08-Aug,09-Aug,10-Aug,11-Aug,12-Aug,06-Aug,07-Aug,08-Aug,09-Aug,10-Aug,11-Aug,12-Aug,0,7,0
Nashik,Ahmednagar,Ahmednagar,Newasa,Nevasa,5348540,"Retro.Sonai Karjgaon and 16 villages, Tal. Nevasa",Siregaon,3695,1,0.03,0.11,0.01,0.14,0.00,0.00,1.23,0.81,3.05,0.24,3.82,0.00,0.00,33.26,06-Aug,07-Aug,08-Aug,09-Aug,10-Aug,11-Aug,12-Aug,06-Aug,07-Aug,08-Aug,09-Aug,10-Aug,11-Aug,12-Aug,2,7,0
Nashik,Ahmednagar,Ahmednagar,Newasa,Nevasa,5348540,"Retro.Sonai Karjgaon and 16 villages, Tal. Nevasa",WATAPUR,1397,2,0.00,0.00,0.00,0.00,0.00,0.00,0.00,0.00,0.00,0.00,0.00,0.00,0.00,0.00,06-Aug,07-Aug,08-Aug,09-Aug,10-Aug,11-Aug,12-Aug,06-Aug,07-Aug,08-Aug,09-Aug,10-Aug,11-Aug,12-Aug,7,7,0
Nashik,Ahmednagar,Ahmednagar,Newasa,Pathardi,20040662,"Retro.Miri-Tisgaon and 33 villages, Tal. Pathardi",Dagadwadi,1414,2,0.37,0.26,0.20,0.25,0.43,0.14,0.60,26.05,18.49,13.98,17.42,30.69,9.98,42.25,06-Aug,07-Aug,08-Aug,09-Aug,10-Aug,11-Aug,12-Aug,06-Aug,07-Aug,08-Aug,09-Aug,10-Aug,11-Aug,12-Aug,0,7,0
Nashik,Ahmednagar,Ahmednagar,Newasa,Pathardi,20040662,"Retro.Miri-Tisgaon and 33 villages, Tal. Pathardi",Dharwadi,910,2,#VALUE!,0.00,0.11,0.20,0.31,0.31,0.34,,0.00,11.81,21.60,33.59,33.75,37.01,06-Aug,07-Aug,08-Aug,09-Aug,10-Aug,11-Aug,12-Aug,06-Aug,07-Aug,08-Aug,09-Aug,10-Aug,11-Aug,12-Aug,1,6,0
Nashik,Ahmednagar,Ahmednagar,Newasa,Pathardi,20040662,"Retro.Miri-Tisgaon and 33 villages, Tal. Pathardi",Dongarwadi,856,1,0.00,0.00,0.00,0.00,0.00,0.00,0.00,0.00,0.00,0.00,0.00,0.00,0.00,0.00,06-Aug,07-Aug,08-Aug,09-Aug,10-Aug,11-Aug,12-Aug,06-Aug,07-Aug,08-Aug,09-Aug,10-Aug,11-Aug,12-Aug,7,7,0
Nashik,Ahmednagar,Ahmednagar,Newasa,Pathardi,20040662,"Retro.Miri-Tisgaon and 33 villages, Tal. Pathardi",Gunjale,1602,2,0.00,0.00,0.00,0.00,0.00,0.00,0.00,0.00,0.00,0.00,0.00,0.00,0.00,0.00,06-Aug,07-Aug,08-Aug,09-Aug,10-Aug,11-Aug,12-Aug,06-Aug,07-Aug,08-Aug,09-Aug,10-Aug,11-Aug,12-Aug,7,7,0
Nashik,Ahmednagar,Ahmednagar,Newasa,Pathardi,20040662,"Retro.Miri-Tisgaon and 33 villages, Tal. Pathardi",Jawakhedekalsa,3200,2,0.99,0.93,0.00,0.00,1.00,0.99,0.00,30.96,29.15,0.00,0.00,31.39,30.82,0.00,06-Aug,07-Aug,08-Aug,09-Aug,10-Aug,11-Aug,12-Aug,06-Aug,07-Aug,08-Aug,09-Aug,10-Aug,11-Aug,12-Aug,3,7,0
Nashik,Ahmednagar,Ahmednagar,Newasa,Pathardi,20040662,"Retro.Miri-Tisgaon and 33 villages, Tal. Pathardi",Karanji,7256,2,0.00,0.00,0.00,0.00,0.00,0.26,0.49,0.00,0.00,0.00,0.00,0.00,3.60,6.81,06-Aug,07-Aug,08-Aug,09-Aug,10-Aug,11-Aug,12-Aug,06-Aug,07-Aug,08-Aug,09-Aug,10-Aug,11-Aug,12-Aug,5,7,0
Nashik,Ahmednagar,Ahmednagar,Newasa,Pathardi,20040662,"Retro.Miri-Tisgaon and 33 villages, Tal. Pathardi",Lohasar,2118,2,0.00,0.00,0.00,0.00,0.00,0.00,0.00,0.00,0.00,0.00,0.00,0.00,0.00,0.00,06-Aug,07-Aug,08-Aug,09-Aug,10-Aug,11-Aug,12-Aug,06-Aug,07-Aug,08-Aug,09-Aug,10-Aug,11-Aug,12-Aug,7,7,0
Nashik,Ahmednagar,Ahmednagar,Newasa,Pathardi,20040662,"Retro.Miri-Tisgaon and 33 villages, Tal. Pathardi",Tisgaon,,7,0.00,0.00,0.03,1.05,6.49,0.16,3.33,0.00,0.00,0.00,0.00,0.00,0.00,0.00,06-Aug,07-Aug,08-Aug,09-Aug,10-Aug,11-Aug,12-Aug,06-Aug,07-Aug,08-Aug,09-Aug,10-Aug,11-Aug,12-Aug,7,7,0
Nashik,Ahmednagar,Ahmednagar,Newasa,shevgaon,20028535,"Amarapur and Mali Babhulgaon 49 villages, Tal. Pathardi",Awhane Bk,1995,2,1.65,0.00,1.78,0.00,1.66,0.00,1.86,82.92,0.00,89.20,0.00,83.05,0.00,93.01,06-Aug,07-Aug,08-Aug,09-Aug,10-Aug,11-Aug,12-Aug,06-Aug,07-Aug,08-Aug,09-Aug,10-Aug,11-Aug,12-Aug,3,3,4
Nashik,Ahmednagar,Ahmednagar,Newasa,shevgaon,20028535,"Amarapur and Mali Babhulgaon 49 villages, Tal. Pathardi",Awhane Kh,979,1,0.00,2.47,0.00,2.39,0.00,2.15,0.19,0.08,252.10,0.02,244.13,0.05,219.71,19.79,06-Aug,07-Aug,08-Aug,09-Aug,10-Aug,11-Aug,12-Aug,06-Aug,07-Aug,08-Aug,09-Aug,10-Aug,11-Aug,12-Aug,0,4,3
Nashik,Ahmednagar,Ahmednagar,Newasa,shevgaon,20028535,"Amarapur and Mali Babhulgaon 49 villages, Tal. Pathardi",Bhagur,1307,2,0.00,0.00,0.00,0.00,0.00,0.00,0.00,0.00,0.00,0.00,0.00,0.00,0.00,0.00,06-Aug,07-Aug,08-Aug,09-Aug,10-Aug,11-Aug,12-Aug,06-Aug,07-Aug,08-Aug,09-Aug,10-Aug,11-Aug,12-Aug,7,7,0
Nashik,Ahmednagar,Ahmednagar,Newasa,shevgaon,20028535,"Amarapur and Mali Babhulgaon 49 villages, Tal. Pathardi",Hasnapur,2123,2,44.69,32.96,2.02,0.09,0.00,0.25,4.41,2104.89,1552.41,94.91,4.41,0.08,11.66,207.87,06-Aug,07-Aug,08-Aug,09-Aug,10-Aug,11-Aug,12-Aug,06-Aug,07-Aug,08-Aug,09-Aug,10-Aug,11-Aug,12-Aug,0,3,4
Nashik,Ahmednagar,Ahmednagar,Newasa,shevgaon,20028535,"Amarapur and Mali Babhulgaon 49 villages, Tal. Pathardi",Hatral Saidapur,1254,2,0.00,0.11,0.00,0.00,0.00,0.00,0.24,0.00,8.90,0.00,0.00,0.06,0.00,18.98,06-Aug,07-Aug,08-Aug,09-Aug,10-Aug,11-Aug,12-Aug,06-Aug,07-Aug,08-Aug,09-Aug,10-Aug,11-Aug,12-Aug,4,7,0
Nashik,Ahmednagar,Ahmednagar,Newasa,shevgaon,20028535,"Amarapur and Mali Babhulgaon 49 villages, Tal. Pathardi",Kherde,1128,2,0.00,0.00,0.00,0.00,0.00,0.00,0.09,0.06,0.00,0.00,0.00,0.00,0.00,7.88,06-Aug,07-Aug,08-Aug,09-Aug,10-Aug,11-Aug,12-Aug,06-Aug,07-Aug,08-Aug,09-Aug,10-Aug,11-Aug,12-Aug,5,7,0
Nashik,Ahmednagar,Ahmednagar,Newasa,shevgaon,20028535,"Amarapur and Mali Babhulgaon 49 villages, Tal. Pathardi",Kolegaon,1090,2,0.61,0.44,0.54,0.00,0.51,0.64,0.58,55.62,40.50,49.14,0.00,46.94,58.42,52.79,06-Aug,07-Aug,08-Aug,09-Aug,10-Aug,11-Aug,12-Aug,06-Aug,07-Aug,08-Aug,09-Aug,10-Aug,11-Aug,12-Aug,1,5,2
Nashik,Ahmednagar,Ahmednagar,Newasa,shevgaon,20028535,"Amarapur and Mali Babhulgaon 49 villages, Tal. Pathardi",Kuntefal,1437,3,0.00,0.00,0.00,0.00,0.00,0.00,0.00,0.00,0.00,0.00,0.00,0.00,0.00,0.00,06-Aug,07-Aug,08-Aug,09-Aug,10-Aug,11-Aug,12-Aug,06-Aug,07-Aug,08-Aug,09-Aug,10-Aug,11-Aug,12-Aug,7,7,0
Nashik,Ahmednagar,Ahmednagar,Newasa,shevgaon,20028535,"Amarapur and Mali Babhulgaon 49 villages, Tal. Pathardi",Kurudgaon,1117,2,18.60,18.93,19.27,17.26,14.07,14.92,12.05,1664.90,1694.52,1724.91,1545.20,1259.99,1336.03,1078.72,06-Aug,07-Aug,08-Aug,09-Aug,10-Aug,11-Aug,12-Aug,06-Aug,07-Aug,08-Aug,09-Aug,10-Aug,11-Aug,12-Aug,0,0,7
Nashik,Ahmednagar,Ahmednagar,Newasa,shevgaon,20028535,"Amarapur and Mali Babhulgaon 49 villages, Tal. Pathardi",Lolegaon,835,1,0.00,0.00,0.00,0.00,0.00,0.00,0.00,0.00,0.00,0.00,0.00,0.00,0.00,0.00,06-Aug,07-Aug,08-Aug,09-Aug,10-Aug,11-Aug,12-Aug,06-Aug,07-Aug,08-Aug,09-Aug,10-Aug,11-Aug,12-Aug,7,7,0
Nashik,Ahmednagar,Ahmednagar,Newasa,shevgaon,20028535,"Amarapur and Mali Babhulgaon 49 villages, Tal. Pathardi",Malegaon,889,2,0.05,1.15,0.62,0.66,0.58,1.15,1.22,6.12,129.75,70.27,74.75,65.54,129.05,137.77,06-Aug,07-Aug,08-Aug,09-Aug,10-Aug,11-Aug,12-Aug,06-Aug,07-Aug,08-Aug,09-Aug,10-Aug,11-Aug,12-Aug,0,1,6
Nashik,Ahmednagar,Ahmednagar,Newasa,shevgaon,20028535,"Amarapur and Mali Babhulgaon 49 villages, Tal. Pathardi",Malegaon NE,1170,2,0.24,0.15,0.18,0.00,0.42,0.00,0.03,20.72,12.82,15.62,0.11,35.64,0.00,2.92,06-Aug,07-Aug,08-Aug,09-Aug,10-Aug,11-Aug,12-Aug,06-Aug,07-Aug,08-Aug,09-Aug,10-Aug,11-Aug,12-Aug,1,7,0
Nashik,Ahmednagar,Ahmednagar,Newasa,shevgaon,20028535,"Amarapur and Mali Babhulgaon 49 villages, Tal. Pathardi",Malibabhulgaon,4969,2,0.00,0.00,0.00,0.00,0.00,0.00,0.00,0.00,0.00,0.00,0.00,0.00,0.00,0.00,06-Aug,07-Aug,08-Aug,09-Aug,10-Aug,11-Aug,12-Aug,06-Aug,07-Aug,08-Aug,09-Aug,10-Aug,11-Aug,12-Aug,7,7,0
Nashik,Ahmednagar,Ahmednagar,Newasa,shevgaon,20028535,"Amarapur and Mali Babhulgaon 49 villages, Tal. Pathardi",Mangrul Bk,1088,2,0.00,0.00,0.00,0.00,0.00,0.00,0.00,0.00,0.00,0.00,0.00,0.00,0.00,0.00,06-Aug,07-Aug,08-Aug,09-Aug,10-Aug,11-Aug,12-Aug,06-Aug,07-Aug,08-Aug,09-Aug,10-Aug,11-Aug,12-Aug,7,7,0
Nashik,Ahmednagar,Ahmednagar,Newasa,shevgaon,20028535,"Amarapur and Mali Babhulgaon 49 villages, Tal. Pathardi",Najik Babhulgaon,1652,2,0.00,1.20,0.40,0.90,0.39,0.45,0.31,0.00,72.52,24.21,54.45,23.66,27.46,18.88,06-Aug,07-Aug,08-Aug,09-Aug,10-Aug,11-Aug,12-Aug,06-Aug,07-Aug,08-Aug,09-Aug,10-Aug,11-Aug,12-Aug,1,6,1
Nashik,Ahmednagar,Ahmednagar,Newasa,shevgaon,20028535,"Amarapur and Mali Babhulgaon 49 villages, Tal. Pathardi",Nivdunge,5093,2,0.00,0.00,0.00,0.00,1.73,0.00,0.00,0.00,0.00,0.00,0.00,34.01,0.00,0.00,06-Aug,07-Aug,08-Aug,09-Aug,10-Aug,11-Aug,12-Aug,06-Aug,07-Aug,08-Aug,09-Aug,10-Aug,11-Aug,12-Aug,6,7,0
Nashik,Ahmednagar,Ahmednagar,Newasa,shevgaon,20028535,"Amarapur and Mali Babhulgaon 49 villages, Tal. Pathardi",Roatale,935,1,0.36,0.00,0.00,0.00,0.64,0.15,0.00,38.98,0.00,0.00,0.00,68.12,15.95,0.00,06-Aug,07-Aug,08-Aug,09-Aug,10-Aug,11-Aug,12-Aug,06-Aug,07-Aug,08-Aug,09-Aug,10-Aug,11-Aug,12-Aug,4,6,1
Nashik,Ahmednagar,Ahmednagar,Newasa,shevgaon,20028535,"Amarapur and Mali Babhulgaon 49 villages, Tal. Pathardi",Salwadgaon,1763,2,0.00,0.00,0.00,0.00,0.00,0.00,0.00,0.00,0.00,0.00,0.00,0.00,0.00,0.00,06-Aug,07-Aug,08-Aug,09-Aug,10-Aug,11-Aug,12-Aug,06-Aug,07-Aug,08-Aug,09-Aug,10-Aug,11-Aug,12-Aug,7,7,0
Nashik,Ahmednagar,Ahmednagar,Newasa,shevgaon,20028535,"Amarapur and Mali Babhulgaon 49 villages, Tal. Pathardi",Samangaon,1804,2,0.41,0.72,0.36,0.14,0.10,0.66,0.78,22.48,39.90,19.82,7.84,5.34,36.74,43.45,06-Aug,07-Aug,08-Aug,09-Aug,10-Aug,11-Aug,12-Aug,06-Aug,07-Aug,08-Aug,09-Aug,10-Aug,11-Aug,12-Aug,0,7,0
Nashik,Ahmednagar,Ahmednagar,Newasa,shevgaon,20028535,"Amarapur and Mali Babhulgaon 49 villages, Tal. Pathardi",Sangavi Bk,765,2,0.28,0.00,0.17,0.00,0.00,0.33,0.00,36.43,0.00,21.94,0.00,0.00,42.58,0.00,06-Aug,07-Aug,08-Aug,09-Aug,10-Aug,11-Aug,12-Aug,06-Aug,07-Aug,08-Aug,09-Aug,10-Aug,11-Aug,12-Aug,4,7,0
Nashik,Ahmednagar,Ahmednagar,Newasa,shevgaon,20028535,"Amarapur and Mali Babhulgaon 49 villages, Tal. Pathardi",Sangavi Kh,657,2,0.28,0.00,0.17,0.00,0.00,0.33,0.00,42.42,0.00,25.55,0.00,0.00,49.59,0.00,06-Aug,07-Aug,08-Aug,09-Aug,10-Aug,11-Aug,12-Aug,06-Aug,07-Aug,08-Aug,09-Aug,10-Aug,11-Aug,12-Aug,4,7,0
Nashik,Ahmednagar,Ahmednagar,Newasa,shevgaon,20028535,"Amarapur and Mali Babhulgaon 49 villages, Tal. Pathardi",Shahajapur,613,1,1.33,0.00,0.00,0.00,1.41,0.00,0.00,216.50,0.00,0.00,0.00,229.54,0.00,0.00,06-Aug,07-Aug,08-Aug,09-Aug,10-Aug,11-Aug,12-Aug,06-Aug,07-Aug,08-Aug,09-Aug,10-Aug,11-Aug,12-Aug,5,5,2
Nashik,Ahmednagar,Ahmednagar,Newasa,shevgaon,20028535,"Amarapur and Mali Babhulgaon 49 villages, Tal. Pathardi",Shekate,2194,1,0.00,0.00,0.00,0.39,0.00,0.27,0.00,0.00,0.00,0.00,17.67,0.00,12.10,0.00,06-Aug,07-Aug,08-Aug,09-Aug,10-Aug,11-Aug,12-Aug,06-Aug,07-Aug,08-Aug,09-Aug,10-Aug,11-Aug,12-Aug,5,7,0
Nashik,Ahmednagar,Ahmednagar,Newasa,shevgaon,20028535,"Amarapur and Mali Babhulgaon 49 villages, Tal. Pathardi",Sultanpur,1010,1,0.44,0.00,1.75,0.18,0.54,0.00,1.75,43.46,0.00,173.67,17.46,53.33,0.00,173.55,06-Aug,07-Aug,08-Aug,09-Aug,10-Aug,11-Aug,12-Aug,06-Aug,07-Aug,08-Aug,09-Aug,10-Aug,11-Aug,12-Aug,2,5,2
Nashik,Ahmednagar,Ahmednagar,Newasa,shevgaon,20028535,"Amarapur and Mali Babhulgaon 49 villages, Tal. Pathardi",Susare,4080,2,0.19,1.61,0.00,1.62,0.00,1.11,0.00,4.67,39.52,0.00,39.62,0.00,27.28,0.00,06-Aug,07-Aug,08-Aug,09-Aug,10-Aug,11-Aug,12-Aug,06-Aug,07-Aug,08-Aug,09-Aug,10-Aug,11-Aug,12-Aug,3,7,0
Nashik,Ahmednagar,Ahmednagar,Newasa,shevgaon,20028535,"Amarapur and Mali Babhulgaon 49 villages, Tal. Pathardi",Thakur Nimgaon,1966,2,0.93,0.06,1.14,0.98,0.19,1.04,0.92,47.32,2.81,57.79,49.76,9.47,52.81,46.81,06-Aug,07-Aug,08-Aug,09-Aug,10-Aug,11-Aug,12-Aug,06-Aug,07-Aug,08-Aug,09-Aug,10-Aug,11-Aug,12-Aug,0,6,1
Nashik,Ahmednagar,Ahmednagar,Newasa,shevgaon,20028535,"Amarapur and Mali Babhulgaon 49 villages, Tal. Pathardi",Wadgaon,1219,2,0.25,0.05,0.22,0.00,0.06,0.26,0.00,20.18,3.98,17.86,0.00,5.26,20.94,0.00,06-Aug,07-Aug,08-Aug,09-Aug,10-Aug,11-Aug,12-Aug,06-Aug,07-Aug,08-Aug,09-Aug,10-Aug,11-Aug,12-Aug,2,7,0
Nashik,Ahmednagar,Ahmednagar,Newasa,shevgaon,20028535,"Amarapur and Mali Babhulgaon 49 villages, Tal. Pathardi",Wadule Bk,2479,2,0.02,0.05,0.49,0.13,0.58,0.13,0.38,0.65,1.89,19.84,5.20,23.55,5.41,15.19,06-Aug,07-Aug,08-Aug,09-Aug,10-Aug,11-Aug,12-Aug,06-Aug,07-Aug,08-Aug,09-Aug,10-Aug,11-Aug,12-Aug,0,7,0
Nashik,Ahmednagar,Ahmednagar,Newasa,shevgaon,20028535,"Amarapur and Mali Babhulgaon 49 villages, Tal. Pathardi",Warur Bk.,3014,3,2.05,2.16,2.32,2.26,1.91,1.13,2.28,67.97,71.71,77.05,75.09,63.42,37.47,75.69,06-Aug,07-Aug,08-Aug,09-Aug,10-Aug,11-Aug,12-Aug,06-Aug,07-Aug,08-Aug,09-Aug,10-Aug,11-Aug,12-Aug,0,1,6
Nashik,Ahmednagar,Ahmednagar,Newasa,Shevgaon,20029079,Retro.Bodhegaon and 7 villages RRWSS. Ta. Shevgaon,Antarwali Kh,1020,2,0.00,0.00,0.00,0.00,0.00,0.00,0.00,0.00,0.00,0.00,0.47,0.00,0.00,0.00,06-Aug,07-Aug,08-Aug,09-Aug,10-Aug,11-Aug,12-Aug,06-Aug,07-Aug,08-Aug,09-Aug,10-Aug,11-Aug,12-Aug,6,7,0
Nashik,Ahmednagar,Ahmednagar,Newasa,Shevgaon,20029079,Retro.Bodhegaon and 7 villages RRWSS. Ta. Shevgaon,Balam Takali,5550,5,1.75,1.35,0.00,0.00,0.00,0.00,0.00,31.47,24.26,0.00,0.00,0.00,0.00,0.00,06-Aug,07-Aug,08-Aug,09-Aug,10-Aug,11-Aug,12-Aug,06-Aug,07-Aug,08-Aug,09-Aug,10-Aug,11-Aug,12-Aug,5,7,0
Nashik,Ahmednagar,Ahmednagar,Newasa,Shevgaon,20029079,Retro.Bodhegaon and 7 villages RRWSS. Ta. Shevgaon,Chapadgaon,3786,5,0.00,0.55,0.51,0.50,0.00,0.59,0.56,0.00,14.41,13.55,13.22,0.00,15.69,14.92,06-Aug,07-Aug,08-Aug,09-Aug,10-Aug,11-Aug,12-Aug,06-Aug,07-Aug,08-Aug,09-Aug,10-Aug,11-Aug,12-Aug,2,7,0
Nashik,Ahmednagar,Ahmednagar,Shreerampur,Rahata,20030767,Retro.Kolhar-Bhagwatipur (aug) RRWSS. Ta.Rahta,Kolhar BK,16201,8,0.00,3.28,0.97,1.62,0.92,0.77,0.94,0.00,20.26,5.98,9.98,5.65,4.77,5.81,06-Aug,07-Aug,08-Aug,09-Aug,10-Aug,11-Aug,12-Aug,06-Aug,07-Aug,08-Aug,09-Aug,10-Aug,11-Aug,12-Aug,1,7,0
Nashik,Ahmednagar,Ahmednagar,Shreerampur,Rahuri,20015193,New Bramhani & 6 Villages RRWSS Tal- Rahuri,Chedgaon,2926,2,0.00,0.00,0.00,0.00,0.00,0.00,0.00,0.00,0.00,0.00,0.00,0.00,0.00,0.00,06-Aug,07-Aug,08-Aug,09-Aug,10-Aug,11-Aug,12-Aug,06-Aug,07-Aug,08-Aug,09-Aug,10-Aug,11-Aug,12-Aug,7,7,0
Nashik,Ahmednagar,Ahmednagar,Shreerampur,Rahuri,20015193,New Bramhani & 6 Villages RRWSS Tal- Rahuri,Kukkadwedhe,2102,2,0.00,0.00,0.00,0.00,0.00,0.00,0.00,0.00,0.00,0.00,0.00,0.00,0.00,0.00,06-Aug,07-Aug,08-Aug,09-Aug,10-Aug,11-Aug,12-Aug,06-Aug,07-Aug,08-Aug,09-Aug,10-Aug,11-Aug,12-Aug,7,7,0
Nashik,Ahmednagar,Ahmednagar,Shreerampur,Rahuri,20015193,New Bramhani & 6 Villages RRWSS Tal- Rahuri,Mokal Ohal,1837,3,0.32,0.44,0.22,0.53,0.51,0.39,0.35,17.36,24.08,11.80,28.65,27.80,21.19,19.16,06-Aug,07-Aug,08-Aug,09-Aug,10-Aug,11-Aug,12-Aug,06-Aug,07-Aug,08-Aug,09-Aug,10-Aug,11-Aug,12-Aug,0,7,0
Nashik,Ahmednagar,Ahmednagar,Shreerampur,Rahuri,20015193,New Bramhani & 6 Villages RRWSS Tal- Rahuri,Pimpri Avghad,2562,3,0.00,0.00,0.00,0.00,0.00,0.00,0.00,0.00,0.00,0.00,0.00,0.00,0.00,0.00,06-Aug,07-Aug,08-Aug,09-Aug,10-Aug,11-Aug,12-Aug,06-Aug,07-Aug,08-Aug,09-Aug,10-Aug,11-Aug,12-Aug,7,7,0
Nashik,Ahmednagar,Ahmednagar,Shreerampur,Rahuri,20015193,New Bramhani & 6 Villages RRWSS Tal- Rahuri,Sade,4087,3,0.00,0.00,0.00,0.00,0.00,0.00,0.00,0.00,0.00,0.00,0.00,0.00,0.00,0.00,06-Aug,07-Aug,08-Aug,09-Aug,10-Aug,11-Aug,12-Aug,06-Aug,07-Aug,08-Aug,09-Aug,10-Aug,11-Aug,12-Aug,7,7,0
Nashik,Ahmednagar,Ahmednagar,Shreerampur,Rahuri,20028775,Sonegaon and Dhanore WSS. Ta.Rahuri,Dhanore,4991,7,0.00,0.00,0.00,0.00,0.00,0.00,0.00,0.00,0.00,0.00,0.00,0.00,0.00,0.00,06-Aug,07-Aug,08-Aug,09-Aug,10-Aug,11-Aug,12-Aug,06-Aug,07-Aug,08-Aug,09-Aug,10-Aug,11-Aug,12-Aug,7,7,0
Nashik,Ahmednagar,Ahmednagar,Shreerampur,Rahuri,20028775,Sonegaon and Dhanore WSS. Ta.Rahuri,Songaon,2298,1,1.24,0.31,1.08,1.29,1.00,0.00,1.10,53.85,13.52,47.04,56.28,43.30,0.00,47.80,06-Aug,07-Aug,08-Aug,09-Aug,10-Aug,11-Aug,12-Aug,06-Aug,07-Aug,08-Aug,09-Aug,10-Aug,11-Aug,12-Aug,1,6,1
Nashik,Ahmednagar,Sangamner,Akole,Akole,20028069,Ganore and 4 villagesTa. Akole,Hiwargaon,2246,5,0.08,0.06,0.15,0.00,0.14,0.04,0.13,3.44,2.80,6.86,0.04,6.33,1.65,5.65,06-Aug,07-Aug,08-Aug,09-Aug,10-Aug,11-Aug,12-Aug,06-Aug,07-Aug,08-Aug,09-Aug,10-Aug,11-Aug,12-Aug,0,7,0
Nashik,Ahmednagar,Sangamner,Akole,Akole,20028069,Ganore and 4 villagesTa. Akole,Virgaon,3620,6,0.17,0.26,0.37,0.27,0.30,0.29,0.24,4.78,7.22,10.18,7.50,8.17,8.10,6.69,06-Aug,07-Aug,08-Aug,09-Aug,10-Aug,11-Aug,12-Aug,06-Aug,07-Aug,08-Aug,09-Aug,10-Aug,11-Aug,12-Aug,0,7,0
Nashik,Ahmednagar,Sangamner,Kopargaon,Rahata,20054877,Retro.Kelvad Bk.& 2 villages RRWSS. Ta.Rahta,Kelwad Bk,4840,2,0.54,0.00,0.00,0.00,0.00,0.00,1.25,11.15,0.00,0.00,0.00,0.00,0.00,25.80,06-Aug,07-Aug,08-Aug,09-Aug,10-Aug,11-Aug,12-Aug,06-Aug,07-Aug,08-Aug,09-Aug,10-Aug,11-Aug,12-Aug,5,7,0
Nashik,Ahmednagar,Sangamner,Kopargaon,Rahata,20054877,Retro.Kelvad Bk.& 2 villages RRWSS. Ta.Rahta,Kelwad Kd,5875,1,0.00,0.00,0.00,0.00,0.00,0.00,0.00,0.00,0.00,0.00,0.00,0.00,0.00,0.00,06-Aug,07-Aug,08-Aug,09-Aug,10-Aug,11-Aug,12-Aug,06-Aug,07-Aug,08-Aug,09-Aug,10-Aug,11-Aug,12-Aug,7,7,0
Nashik,Ahmednagar,Sangamner,Kopargaon,Rahata,20054895,Retro Korhale and 1 other village,Korhale,6871,6,1.70,1.98,1.89,1.99,1.58,1.77,1.84,24.71,28.78,27.44,28.98,22.97,25.80,26.78,06-Aug,07-Aug,08-Aug,09-Aug,10-Aug,11-Aug,12-Aug,06-Aug,07-Aug,08-Aug,09-Aug,10-Aug,11-Aug,12-Aug,0,7,0
Nashik,Ahmednagar,Sangamner,Kopargaon,Rahata,417239,Retro Rui & Shingave R.R.W.S.S Tal Rahata,Rui,6426,5,555.08,7.14,2.11,2681.99,24.25,5.93,2.23,8638.10,111.09,32.89,41736.54,377.39,92.35,34.64,06-Aug,07-Aug,08-Aug,09-Aug,10-Aug,11-Aug,12-Aug,06-Aug,07-Aug,08-Aug,09-Aug,10-Aug,11-Aug,12-Aug,0,2,5
Nashik,Ahmednagar,Sangamner,Kopargaon,Rahata,417239,Retro Rui & Shingave R.R.W.S.S Tal Rahata,Shingve,5274,2,0.00,0.00,0.00,0.00,0.00,0.00,0.00,0.00,0.00,0.00,0.00,0.00,0.00,0.00,06-Aug,07-Aug,08-Aug,09-Aug,10-Aug,11-Aug,12-Aug,06-Aug,07-Aug,08-Aug,09-Aug,10-Aug,11-Aug,12-Aug,7,7,0
Nashik,Ahmednagar,Sangamner,Sangamner,Sangamner,20033242,"Retro.Talegaon Dighe and 16 villages, Tal. Sangamner",chincholi Gurav,3160,4,0.00,0.00,0.00,0.00,0.00,0.00,0.00,0.00,0.00,0.00,0.00,0.00,0.00,0.00,06-Aug,07-Aug,08-Aug,09-Aug,10-Aug,11-Aug,12-Aug,06-Aug,07-Aug,08-Aug,09-Aug,10-Aug,11-Aug,12-Aug,7,7,0
Nashik,Ahmednagar,Sangamner,Sangamner,Sangamner,20033242,"Retro.Talegaon Dighe and 16 villages, Tal. Sangamner",Kakadwadi,2267,2,0.00,0.00,0.00,0.00,0.00,0.00,0.00,0.00,0.00,0.00,0.00,0.00,0.00,0.00,06-Aug,07-Aug,08-Aug,09-Aug,10-Aug,11-Aug,12-Aug,06-Aug,07-Aug,08-Aug,09-Aug,10-Aug,11-Aug,12-Aug,7,7,0
Nashik,Ahmednagar,Sangamner,Sangamner,Sangamner,20033242,"Retro.Talegaon Dighe and 16 villages, Tal. Sangamner",Wadzari (Bk),1458,1,0.10,0.13,0.26,0.17,0.19,0.61,0.08,6.84,9.10,17.96,11.52,12.71,41.56,5.70,06-Aug,07-Aug,08-Aug,09-Aug,10-Aug,11-Aug,12-Aug,06-Aug,07-Aug,08-Aug,09-Aug,10-Aug,11-Aug,12-Aug,0,7,0
Nashik,Ahmednagar,Sangamner,Sangamner,Sangamner,20033242,"Retro.Talegaon Dighe and 16 villages, Tal. Sangamner",Wadzari (Kh),1173,1,0.00,0.00,0.00,0.00,0.00,0.00,0.00,0.00,0.00,0.00,0.00,0.00,0.00,0.00,06-Aug,07-Aug,08-Aug,09-Aug,10-Aug,11-Aug,12-Aug,06-Aug,07-Aug,08-Aug,09-Aug,10-Aug,11-Aug,12-Aug,7,7,0
Nashik,Ahmednagar,Sangamner,Sangamner,Sangamner,7937337,"Retro.Nimon and 4 villages, Tal. Sangamner",hilllock,3954,6,18.15,4.25,150.52,5.41,4.51,6.81,5.39,458.99,107.54,3806.69,136.74,114.10,172.25,136.22,06-Aug,07-Aug,08-Aug,09-Aug,10-Aug,11-Aug,12-Aug,06-Aug,07-Aug,08-Aug,09-Aug,10-Aug,11-Aug,12-Aug,0,0,7
Nashik,Ahmednagar,Sangamner,Sangamner,Sangamner,7937337,"Retro.Nimon and 4 villages, Tal. Sangamner",Karhe,2691,2,0.00,0.00,0.00,0.00,0.00,0.00,0.00,0.00,0.00,0.00,0.00,0.00,0.00,0.00,06-Aug,07-Aug,08-Aug,09-Aug,10-Aug,11-Aug,12-Aug,06-Aug,07-Aug,08-Aug,09-Aug,10-Aug,11-Aug,12-Aug,7,7,0
Nashik,Ahmednagar,Sangamner,Sangamner,Sangamner,7937337,"Retro.Nimon and 4 villages, Tal. Sangamner",Palaskhede,3954,3,0.68,0.05,1.75,0.57,0.68,1.02,0.71,17.19,1.27,44.32,14.52,17.10,25.84,17.85,06-Aug,07-Aug,08-Aug,09-Aug,10-Aug,11-Aug,12-Aug,06-Aug,07-Aug,08-Aug,09-Aug,10-Aug,11-Aug,12-Aug,0,7,0
Nashik,Ahmednagar,Sangamner,Sangamner,Sangamner,7937337,"Retro.Nimon and 4 villages, Tal. Sangamner",Pimpale,2689,3,0.88,0.00,0.27,1.49,0.18,1.29,1.12,32.88,0.00,10.05,55.24,6.79,48.01,41.61,06-Aug,07-Aug,08-Aug,09-Aug,10-Aug,11-Aug,12-Aug,06-Aug,07-Aug,08-Aug,09-Aug,10-Aug,11-Aug,12-Aug,1,6,1
Nashik,Ahmednagar,Sangamner,Sangamner,Sangamner,7937337,"Retro.Nimon and 4 villages, Tal. Sangamner",Sonewadi,2328,2,0.50,1.00,30.55,0.00,1.10,0.15,0.73,21.46,43.09,1312.30,0.00,47.31,6.35,31.32,06-Aug,07-Aug,08-Aug,09-Aug,10-Aug,11-Aug,12-Aug,06-Aug,07-Aug,08-Aug,09-Aug,10-Aug,11-Aug,12-Aug,1,6,1
Nashik,Jalgaon,Jalgaon,Chopda,Chopda,20053731,Lasur and 9 villages RRWSS. Ta. Chopda,Chahardi,15064,2,0.00,4.86,1.88,2.77,2.55,1.85,2.05,0.00,32.26,12.49,18.41,16.90,12.30,13.60,06-Aug,07-Aug,08-Aug,09-Aug,10-Aug,11-Aug,12-Aug,06-Aug,07-Aug,08-Aug,09-Aug,10-Aug,11-Aug,12-Aug,1,7,0
Nashik,Jalgaon,Jalgaon,Chopda,Chopda,20053731,Lasur and 9 villages RRWSS. Ta. Chopda,Chaugaon,2980,2,1.72,2.45,1.85,2.49,1.49,3.06,1.91,57.73,82.24,62.03,83.63,50.11,102.85,64.25,06-Aug,07-Aug,08-Aug,09-Aug,10-Aug,11-Aug,12-Aug,06-Aug,07-Aug,08-Aug,09-Aug,10-Aug,11-Aug,12-Aug,0,1,6
Nashik,Jalgaon,Jalgaon,Chopda,Chopda,20053731,Lasur and 9 villages RRWSS. Ta. Chopda,Chunchale,5224,2,0.00,0.00,0.00,0.00,0.00,0.00,0.00,0.00,0.00,0.00,0.00,0.00,0.00,0.00,06-Aug,07-Aug,08-Aug,09-Aug,10-Aug,11-Aug,12-Aug,06-Aug,07-Aug,08-Aug,09-Aug,10-Aug,11-Aug,12-Aug,7,7,0
Nashik,Jalgaon,Jalgaon,Chopda,Chopda,20053731,Lasur and 9 villages RRWSS. Ta. Chopda,Galwade,910,1,0.85,0.85,0.73,0.91,1.09,0.96,0.70,93.46,93.40,80.45,100.50,119.91,105.73,76.77,06-Aug,07-Aug,08-Aug,09-Aug,10-Aug,11-Aug,12-Aug,06-Aug,07-Aug,08-Aug,09-Aug,10-Aug,11-Aug,12-Aug,0,0,7
Nashik,Jalgaon,Jalgaon,Chopda,Chopda,20053731,Lasur and 9 villages RRWSS. Ta. Chopda,Hatede Kh,3009,2,3.57,3.89,4.06,3.61,2.94,3.18,4.34,118.52,129.44,134.93,120.09,97.75,105.76,144.39,06-Aug,07-Aug,08-Aug,09-Aug,10-Aug,11-Aug,12-Aug,06-Aug,07-Aug,08-Aug,09-Aug,10-Aug,11-Aug,12-Aug,0,0,7
Nashik,Jalgaon,Jalgaon,Chopda,Chopda,20053731,Lasur and 9 villages RRWSS. Ta. Chopda,Kazipura,863,2,1.45,1.54,1.47,1.46,1.58,1.52,1.44,168.60,177.96,170.33,168.76,182.63,176.03,166.50,06-Aug,07-Aug,08-Aug,09-Aug,10-Aug,11-Aug,12-Aug,06-Aug,07-Aug,08-Aug,09-Aug,10-Aug,11-Aug,12-Aug,0,0,7
Nashik,Jalgaon,Jalgaon,Chopda,Chopda,20053731,Lasur and 9 villages RRWSS. Ta. Chopda,Lasur,10272,6,3.71,3.27,3.64,3.14,3.89,3.40,3.74,36.08,31.82,35.45,30.61,37.85,33.13,36.38,06-Aug,07-Aug,08-Aug,09-Aug,10-Aug,11-Aug,12-Aug,06-Aug,07-Aug,08-Aug,09-Aug,10-Aug,11-Aug,12-Aug,0,7,0
Nashik,Jalgaon,Jalgaon,Chopda,Chopda,20053731,Lasur and 9 villages RRWSS. Ta. Chopda,Majare Hingone,1501,2,0.76,1.95,1.64,1.19,0.73,0.76,0.90,50.36,130.00,109.28,79.14,48.79,50.32,60.19,06-Aug,07-Aug,08-Aug,09-Aug,10-Aug,11-Aug,12-Aug,06-Aug,07-Aug,08-Aug,09-Aug,10-Aug,11-Aug,12-Aug,0,3,4
Nashik,Jalgaon,Jalgaon,Chopda,Chopda,20053731,Lasur and 9 villages RRWSS. Ta. Chopda,Mamalde,3572,2,4.53,4.70,4.66,5.13,4.42,4.90,4.63,126.69,131.46,130.54,143.61,123.73,137.11,129.54,06-Aug,07-Aug,08-Aug,09-Aug,10-Aug,11-Aug,12-Aug,06-Aug,07-Aug,08-Aug,09-Aug,10-Aug,11-Aug,12-Aug,0,0,7
Nashik,Jalgaon,Jalgaon,Erandol,Chalisgaon,20053796,Dondigar-Rohini & 15 Villages WSS,Andhari,1743,1,0.39,0.69,0.93,0.86,0.65,1.57,1.44,22.57,39.86,53.56,49.55,37.14,90.17,82.80,06-Aug,07-Aug,08-Aug,09-Aug,10-Aug,11-Aug,12-Aug,06-Aug,07-Aug,08-Aug,09-Aug,10-Aug,11-Aug,12-Aug,0,5,2
Nashik,Jalgaon,Jalgaon,Erandol,Chalisgaon,20053796,Dondigar-Rohini & 15 Villages WSS,Bilakhede,2691,2,1.55,0.49,1.70,1.12,0.81,0.38,0.78,57.75,18.03,63.24,41.63,30.05,14.20,28.95,06-Aug,07-Aug,08-Aug,09-Aug,10-Aug,11-Aug,12-Aug,06-Aug,07-Aug,08-Aug,09-Aug,10-Aug,11-Aug,12-Aug,0,5,2
Nashik,Jalgaon,Jalgaon,Erandol,Chalisgaon,20053796,Dondigar-Rohini & 15 Villages WSS,Bramhanshevga,2049,2,0.00,0.00,0.00,0.00,0.00,0.00,0.00,0.00,0.00,0.00,0.00,0.00,0.00,0.00,06-Aug,07-Aug,08-Aug,09-Aug,10-Aug,11-Aug,12-Aug,06-Aug,07-Aug,08-Aug,09-Aug,10-Aug,11-Aug,12-Aug,7,7,0
Nashik,Jalgaon,Jalgaon,Erandol,Chalisgaon,20053796,Dondigar-Rohini & 15 Villages WSS,Don Digar,3217,3,1.39,1.39,1.36,1.11,1.66,1.39,0.28,43.35,43.29,42.15,34.46,51.65,43.26,8.67,06-Aug,07-Aug,08-Aug,09-Aug,10-Aug,11-Aug,12-Aug,06-Aug,07-Aug,08-Aug,09-Aug,10-Aug,11-Aug,12-Aug,0,7,0
Nashik,Jalgaon,Jalgaon,Erandol,Chalisgaon,20053796,Dondigar-Rohini & 15 Villages WSS,Ghodegaon,4904,2,0.73,0.96,0.73,1.10,0.00,0.00,0.00,14.86,19.53,14.84,22.48,0.00,0.00,0.00,06-Aug,07-Aug,08-Aug,09-Aug,10-Aug,11-Aug,12-Aug,06-Aug,07-Aug,08-Aug,09-Aug,10-Aug,11-Aug,12-Aug,3,7,0
Nashik,Jalgaon,Jalgaon,Erandol,Chalisgaon,20053796,Dondigar-Rohini & 15 Villages WSS,Hatgaon,3573,2,0.40,2.44,1.75,0.81,1.32,0.62,1.47,11.07,68.34,48.98,22.74,36.81,17.41,41.04,06-Aug,07-Aug,08-Aug,09-Aug,10-Aug,11-Aug,12-Aug,06-Aug,07-Aug,08-Aug,09-Aug,10-Aug,11-Aug,12-Aug,0,6,1
Nashik,Jalgaon,Jalgaon,Erandol,Chalisgaon,20053796,Dondigar-Rohini & 15 Villages WSS,Hirapur,3925,3,0.86,0.00,0.73,2.25,1.48,1.72,1.21,21.87,0.00,18.65,57.27,37.73,43.83,30.79,06-Aug,07-Aug,08-Aug,09-Aug,10-Aug,11-Aug,12-Aug,06-Aug,07-Aug,08-Aug,09-Aug,10-Aug,11-Aug,12-Aug,1,6,1
Nashik,Jalgaon,Jalgaon,Erandol,Chalisgaon,20053796,Dondigar-Rohini & 15 Villages WSS,Karajgaon,1879,1,0.00,0.72,0.00,0.73,0.08,0.00,0.50,0.00,38.09,0.00,38.77,4.32,0.00,26.38,06-Aug,07-Aug,08-Aug,09-Aug,10-Aug,11-Aug,12-Aug,06-Aug,07-Aug,08-Aug,09-Aug,10-Aug,11-Aug,12-Aug,3,7,0
Nashik,Jalgaon,Jalgaon,Erandol,Chalisgaon,20053796,Dondigar-Rohini & 15 Villages WSS,Khadki Bk.,3100,3,3.09,1.99,6.74,1.38,1.92,4.30,6.25,99.81,64.32,217.41,44.65,61.96,138.79,201.59,06-Aug,07-Aug,08-Aug,09-Aug,10-Aug,11-Aug,12-Aug,06-Aug,07-Aug,08-Aug,09-Aug,10-Aug,11-Aug,12-Aug,0,1,6
Nashik,Jalgaon,Jalgaon,Erandol,Chalisgaon,20053796,Dondigar-Rohini & 15 Villages WSS,Krushnanagar,2803,2,0.00,0.04,0.15,0.00,0.00,0.12,0.00,0.00,1.36,5.50,0.12,0.00,4.24,0.00,06-Aug,07-Aug,08-Aug,09-Aug,10-Aug,11-Aug,12-Aug,06-Aug,07-Aug,08-Aug,09-Aug,10-Aug,11-Aug,12-Aug,3,7,0
Nashik,Jalgaon,Jalgaon,Erandol,Chalisgaon,20053796,Dondigar-Rohini & 15 Villages WSS,Pimpalgaon,1709,2,0.00,0.00,0.00,0.00,0.00,0.00,0.00,0.00,0.00,0.00,0.00,0.00,0.00,0.00,06-Aug,07-Aug,08-Aug,09-Aug,10-Aug,11-Aug,12-Aug,06-Aug,07-Aug,08-Aug,09-Aug,10-Aug,11-Aug,12-Aug,7,7,0
Nashik,Jalgaon,Jalgaon,Erandol,Chalisgaon,20053796,Dondigar-Rohini & 15 Villages WSS,Pimpri Budruk,1804,2,0.00,1.87,0.02,0.00,0.02,1.90,0.02,0.21,103.43,1.03,0.15,1.31,105.52,1.15,06-Aug,07-Aug,08-Aug,09-Aug,10-Aug,11-Aug,12-Aug,06-Aug,07-Aug,08-Aug,09-Aug,10-Aug,11-Aug,12-Aug,0,5,2
Nashik,Jalgaon,Jalgaon,Erandol,Chalisgaon,20053796,Dondigar-Rohini & 15 Villages WSS,Rohini,2811,3,0.69,0.53,0.94,0.56,0.38,0.93,1.04,24.58,18.89,33.61,20.06,13.68,33.13,37.02,06-Aug,07-Aug,08-Aug,09-Aug,10-Aug,11-Aug,12-Aug,06-Aug,07-Aug,08-Aug,09-Aug,10-Aug,11-Aug,12-Aug,0,7,0
Nashik,Jalgaon,Jalgaon,Erandol,Chalisgaon,20053796,Dondigar-Rohini & 15 Villages WSS,Talegaon,3647,2,0.00,0.00,0.00,0.00,0.00,0.00,0.00,0.00,0.00,0.00,0.00,0.00,0.00,0.00,06-Aug,07-Aug,08-Aug,09-Aug,10-Aug,11-Aug,12-Aug,06-Aug,07-Aug,08-Aug,09-Aug,10-Aug,11-Aug,12-Aug,7,7,0
Nashik,Jalgaon,Jalgaon,Erandol,Chalisgaon,20053796,Dondigar-Rohini & 15 Villages WSS,Tambole,2918,2,0.00,0.00,1.49,0.00,0.00,0.00,1.65,0.00,0.00,50.92,0.00,0.00,0.00,56.41,06-Aug,07-Aug,08-Aug,09-Aug,10-Aug,11-Aug,12-Aug,06-Aug,07-Aug,08-Aug,09-Aug,10-Aug,11-Aug,12-Aug,5,6,1
Nashik,Jalgaon,Jalgaon,Erandol,Dharangaon,20061165,Paldhi (bk& Kh) RR Tal DHARANGAON,Paldhi Bk.,9303,3,0.00,0.00,0.00,0.00,0.00,0.00,0.00,0.00,0.00,0.00,0.00,0.00,0.00,0.00,06-Aug,07-Aug,08-Aug,09-Aug,10-Aug,11-Aug,12-Aug,06-Aug,07-Aug,08-Aug,09-Aug,10-Aug,11-Aug,12-Aug,7,7,0
Nashik,Jalgaon,Jalgaon,Erandol,Dharangaon,20061165,Paldhi (bk& Kh) RR Tal DHARANGAON,Paldhi Kh.,12377,3,11.89,7.58,13.94,8.72,7.70,8.06,13.40,96.05,61.23,112.60,70.45,62.20,65.15,108.23,06-Aug,07-Aug,08-Aug,09-Aug,10-Aug,11-Aug,12-Aug,06-Aug,07-Aug,08-Aug,09-Aug,10-Aug,11-Aug,12-Aug,0,0,7
Nashik,Jalgaon,Jalgaon,Erandol,Jamner,20025401,Pahur Peth& Pahur Kasbe 2 Villages WSS Tal Jamner,Kharchane,615,1,1.23,1.44,1.29,1.03,1.32,1.18,1.57,200.52,234.45,210.18,167.74,214.20,192.32,255.91,06-Aug,07-Aug,08-Aug,09-Aug,10-Aug,11-Aug,12-Aug,06-Aug,07-Aug,08-Aug,09-Aug,10-Aug,11-Aug,12-Aug,0,0,7
Nashik,Jalgaon,Jalgaon,Erandol,Jamner,20025401,Pahur Peth& Pahur Kasbe 2 Villages WSS Tal Jamner,Pahur Kasbe,11162,6,0.05,0.00,0.00,0.21,0.00,0.02,0.31,0.49,0.00,0.00,1.89,0.00,0.22,2.79,06-Aug,07-Aug,08-Aug,09-Aug,10-Aug,11-Aug,12-Aug,06-Aug,07-Aug,08-Aug,09-Aug,10-Aug,11-Aug,12-Aug,3,7,0
Nashik,Jalgaon,Jalgaon,Erandol,Jamner,20025401,Pahur Peth& Pahur Kasbe 2 Villages WSS Tal Jamner,Pahur Peth,13205,5,4.51,9.59,4.87,2.77,8.52,5.32,3.08,34.18,72.60,36.89,21.01,64.49,40.32,23.30,06-Aug,07-Aug,08-Aug,09-Aug,10-Aug,11-Aug,12-Aug,06-Aug,07-Aug,08-Aug,09-Aug,10-Aug,11-Aug,12-Aug,0,5,2
Nashik,Jalgaon,Jalgaon,Erandol,Muktainagar,20025401,Pahur Peth& Pahur Kasbe 2 Villages WSS Tal Jamner,Sangvi,679,1,0.00,0.00,0.00,0.00,0.00,0.00,0.00,0.00,0.00,0.00,0.00,0.00,0.00,0.00,06-Aug,07-Aug,08-Aug,09-Aug,10-Aug,11-Aug,12-Aug,06-Aug,07-Aug,08-Aug,09-Aug,10-Aug,11-Aug,12-Aug,7,7,0
Nashik,Jalgaon,Jalgaon,Erandol,Parola,20025410,Bahadarpur & 2 Village RRWSS,Bahadarpur,2842,2,1.61,1.83,0.85,0.21,1.47,1.99,0.59,56.70,64.53,29.75,7.29,51.64,69.87,20.82,06-Aug,07-Aug,08-Aug,09-Aug,10-Aug,11-Aug,12-Aug,06-Aug,07-Aug,08-Aug,09-Aug,10-Aug,11-Aug,12-Aug,0,4,3
Nashik,Jalgaon,Jalgaon,Erandol,Parola,20025410,Bahadarpur & 2 Village RRWSS,Mahalpur,2033,2,0.00,1.14,1.42,0.79,1.05,1.31,0.73,0.00,56.31,69.60,38.99,51.44,64.67,35.90,06-Aug,07-Aug,08-Aug,09-Aug,10-Aug,11-Aug,12-Aug,06-Aug,07-Aug,08-Aug,09-Aug,10-Aug,11-Aug,12-Aug,1,4,3
Nashik,Jalgaon,Jalgaon,Jalgaon,Jalgaon,20055900,Kusumbe & Manyarkhede WSS,Kusumbe,8598,7,5.38,4.65,4.84,2.51,5.16,3.88,5.68,62.58,54.12,56.24,29.19,59.99,45.10,66.03,06-Aug,07-Aug,08-Aug,09-Aug,10-Aug,11-Aug,12-Aug,06-Aug,07-Aug,08-Aug,09-Aug,10-Aug,11-Aug,12-Aug,0,3,4
Nashik,Jalgaon,Jalgaon,Nandurbar,Nandurbar,20055639,Bhagsari & 8 Villages,Bamdod,510,2,0.64,0.36,0.40,0.53,0.39,0.60,0.48,125.63,71.37,78.90,104.04,76.11,118.23,95.01,06-Aug,07-Aug,08-Aug,09-Aug,10-Aug,11-Aug,12-Aug,06-Aug,07-Aug,08-Aug,09-Aug,10-Aug,11-Aug,12-Aug,0,0,7
Nashik,Jalgaon,Jalgaon,Nandurbar,Nandurbar,20055639,Bhagsari & 8 Villages,Bhaler,2770,2,1.13,1.63,1.29,1.21,1.67,1.13,1.60,40.69,58.67,46.72,43.80,60.23,40.97,57.93,06-Aug,07-Aug,08-Aug,09-Aug,10-Aug,11-Aug,12-Aug,06-Aug,07-Aug,08-Aug,09-Aug,10-Aug,11-Aug,12-Aug,0,4,3
Nashik,Jalgaon,Jalgaon,Nandurbar,Nandurbar,20055639,Bhagsari & 8 Villages,Jun Mohide,2025,2,0.00,12.52,1.04,0.00,1.30,1.17,0.00,0.00,618.18,51.46,0.00,64.01,57.90,0.00,06-Aug,07-Aug,08-Aug,09-Aug,10-Aug,11-Aug,12-Aug,06-Aug,07-Aug,08-Aug,09-Aug,10-Aug,11-Aug,12-Aug,3,4,3
Nashik,Jalgaon,Jalgaon,Nandurbar,Nandurbar,20055639,Bhagsari & 8 Villages,Shindgavhan,1743,2,38.00,0.00,0.00,50.39,6.26,0.00,0.00,2180.11,0.00,0.00,2890.73,359.09,0.00,0.00,06-Aug,07-Aug,08-Aug,09-Aug,10-Aug,11-Aug,12-Aug,06-Aug,07-Aug,08-Aug,09-Aug,10-Aug,11-Aug,12-Aug,4,4,3
Nashik,Jalgaon,Jalgaon,Nandurbar,Nandurbar,20055639,Bhagsari & 8 Villages,Vikharan,2065,2,3.45,3.69,3.31,3.27,3.62,3.49,3.61,167.12,178.78,160.14,158.22,175.34,169.06,174.80,06-Aug,07-Aug,08-Aug,09-Aug,10-Aug,11-Aug,12-Aug,06-Aug,07-Aug,08-Aug,09-Aug,10-Aug,11-Aug,12-Aug,0,0,7
Nashik,Jalgaon,Jalgaon,Nandurbar,Nandurbar,20055662,Pachorabari - Narayanpur WSS,Narayanpur,1851,2,0.00,0.00,0.00,0.00,0.00,0.00,0.00,0.00,0.00,0.00,0.00,0.00,0.00,0.00,06-Aug,07-Aug,08-Aug,09-Aug,10-Aug,11-Aug,12-Aug,06-Aug,07-Aug,08-Aug,09-Aug,10-Aug,11-Aug,12-Aug,7,7,0
Nashik,Jalgaon,Jalgaon,Nandurbar,Nandurbar,20055662,Pachorabari - Narayanpur WSS,Pachorabari,1251,4,0.00,0.00,0.00,0.00,0.00,0.00,0.00,0.00,0.00,0.00,0.00,0.00,0.00,0.00,06-Aug,07-Aug,08-Aug,09-Aug,10-Aug,11-Aug,12-Aug,06-Aug,07-Aug,08-Aug,09-Aug,10-Aug,11-Aug,12-Aug,7,7,0
Nashik,Jalgaon,Jalgaon,Nandurbar,Nandurbar,20056839,"Gujar bhawali , Jambholi & 4 Villages",Gujar Bhawali,2629,2,0.50,0.08,0.37,0.00,0.62,0.00,0.43,19.11,3.03,14.06,0.00,23.66,0.00,16.20,06-Aug,07-Aug,08-Aug,09-Aug,10-Aug,11-Aug,12-Aug,06-Aug,07-Aug,08-Aug,09-Aug,10-Aug,11-Aug,12-Aug,2,7,0
Nashik,Jalgaon,Jalgaon,Nandurbar,Nandurbar,20056839,"Gujar bhawali , Jambholi & 4 Villages",Gujar Jamboli,2338,3,1.20,1.08,1.11,1.61,0.72,1.49,1.35,51.48,46.11,47.48,68.79,30.85,63.76,57.95,06-Aug,07-Aug,08-Aug,09-Aug,10-Aug,11-Aug,12-Aug,06-Aug,07-Aug,08-Aug,09-Aug,10-Aug,11-Aug,12-Aug,0,4,3
Nashik,Jalgaon,Jalgaon,Nandurbar,Nandurbar,20057127,"Khamgaon, Tokartale , Vichak & 2 Wadies RRWSS",Khamgaon,2602,2,0.01,0.00,0.00,0.01,0.00,0.01,0.01,0.28,0.18,0.07,0.27,0.01,0.26,0.50,06-Aug,07-Aug,08-Aug,09-Aug,10-Aug,11-Aug,12-Aug,06-Aug,07-Aug,08-Aug,09-Aug,10-Aug,11-Aug,12-Aug,0,7,0
Nashik,Jalgaon,Jalgaon,Nandurbar,Nandurbar,20057127,"Khamgaon, Tokartale , Vichak & 2 Wadies RRWSS",Tokartale,3510,2,1.69,1.41,1.52,1.82,1.18,2.01,2.26,48.19,40.13,43.27,51.99,33.60,57.31,64.50,06-Aug,07-Aug,08-Aug,09-Aug,10-Aug,11-Aug,12-Aug,06-Aug,07-Aug,08-Aug,09-Aug,10-Aug,11-Aug,12-Aug,0,5,2
Nashik,Jalgaon,Jalgaon,Nandurbar,Nandurbar,20057127,"Khamgaon, Tokartale , Vichak & 2 Wadies RRWSS",Wadgaon Pada,167,2,0.27,0.71,0.27,0.28,0.19,0.15,0.33,161.50,423.00,160.71,168.55,115.50,87.39,200.19,06-Aug,07-Aug,08-Aug,09-Aug,10-Aug,11-Aug,12-Aug,06-Aug,07-Aug,08-Aug,09-Aug,10-Aug,11-Aug,12-Aug,0,0,7
Nashik,Jalgaon,Jalgaon,Nandurbar,Nandurbar,20057131,Waghale & 3 Villages,Ashte,3920,2,0.00,0.00,1.40,1.46,1.86,0.71,0.00,0.00,0.00,35.62,37.24,47.50,18.16,0.00,06-Aug,07-Aug,08-Aug,09-Aug,10-Aug,11-Aug,12-Aug,06-Aug,07-Aug,08-Aug,09-Aug,10-Aug,11-Aug,12-Aug,3,7,0
Nashik,Jalgaon,Jalgaon,Nandurbar,Nandurbar,20057131,Waghale & 3 Villages,Haripur,1445,2,0.00,0.00,0.00,0.00,0.00,0.00,0.00,0.00,0.00,0.00,0.00,0.00,0.00,0.00,06-Aug,07-Aug,08-Aug,09-Aug,10-Aug,11-Aug,12-Aug,06-Aug,07-Aug,08-Aug,09-Aug,10-Aug,11-Aug,12-Aug,7,7,0
Nashik,Jalgaon,Jalgaon,Nandurbar,Nandurbar,20057131,Waghale & 3 Villages,Nandarkhe,2862,3,1.48,1.43,1.63,2.03,1.78,1.40,1.69,51.69,49.94,57.07,70.79,62.18,48.88,58.89,06-Aug,07-Aug,08-Aug,09-Aug,10-Aug,11-Aug,12-Aug,06-Aug,07-Aug,08-Aug,09-Aug,10-Aug,11-Aug,12-Aug,0,3,4
Nashik,Jalgaon,Jalgaon,Nandurbar,Nandurbar,20057131,Waghale & 3 Villages,Waghale,3987,5,0.88,0.83,0.77,0.78,0.79,0.79,0.78,21.98,20.92,19.34,19.60,19.69,19.77,19.57,06-Aug,07-Aug,08-Aug,09-Aug,10-Aug,11-Aug,12-Aug,06-Aug,07-Aug,08-Aug,09-Aug,10-Aug,11-Aug,12-Aug,0,7,0
Nashik,Nashik,Nashik,Malegaon,Baglan,7971089,Nampur and 4 villages RR Tal Baglan (C 39),Askheda,3580,3,5.06,5.24,5.63,5.57,4.72,4.79,4.09,141.33,146.49,157.17,155.59,131.80,133.67,114.11,06-Aug,07-Aug,08-Aug,09-Aug,10-Aug,11-Aug,12-Aug,06-Aug,07-Aug,08-Aug,09-Aug,10-Aug,11-Aug,12-Aug,0,0,7
Nashik,Nashik,Nashik,Malegaon,Baglan,7971089,Nampur and 4 villages RR Tal Baglan (C 39),Jaikheda,8177,3,2.15,1.74,2.07,1.94,1.65,2.13,1.89,26.26,21.25,25.36,23.77,20.15,26.01,23.13,06-Aug,07-Aug,08-Aug,09-Aug,10-Aug,11-Aug,12-Aug,06-Aug,07-Aug,08-Aug,09-Aug,10-Aug,11-Aug,12-Aug,0,7,0
Nashik,Nashik,Nashik,Malegaon,Deola,20037448,"78 villages in Nandgaon, Malegaon and Deola talukas",Ajande,786,1,0.94,0.95,0.93,1.16,1.25,1.35,1.25,119.92,120.56,118.69,147.52,159.32,172.20,159.10,06-Aug,07-Aug,08-Aug,09-Aug,10-Aug,11-Aug,12-Aug,06-Aug,07-Aug,08-Aug,09-Aug,10-Aug,11-Aug,12-Aug,0,0,7
Nashik,Nashik,Nashik,Malegaon,Malegaon,20037448,"78 villages in Nandgaon, Malegaon and Deola talukas",Babhulwadi,715,1,0.83,0.82,0.87,0.99,1.03,1.07,1.06,116.42,115.09,121.67,137.91,144.20,149.43,148.85,06-Aug,07-Aug,08-Aug,09-Aug,10-Aug,11-Aug,12-Aug,06-Aug,07-Aug,08-Aug,09-Aug,10-Aug,11-Aug,12-Aug,0,0,7
Nashik,Nashik,Nashik,Malegaon,Malegaon,20037448,"78 villages in Nandgaon, Malegaon and Deola talukas",DoctorWadi,1255,1,0.51,0.00,0.00,0.00,0.36,0.00,0.45,40.73,0.00,0.00,0.00,28.90,0.00,36.15,06-Aug,07-Aug,08-Aug,09-Aug,10-Aug,11-Aug,12-Aug,06-Aug,07-Aug,08-Aug,09-Aug,10-Aug,11-Aug,12-Aug,4,7,0
Nashik,Nashik,Nashik,Malegaon,Malegaon,20037448,"78 villages in Nandgaon, Malegaon and Deola talukas",Ganesh Nagar,1298,2,0.42,0.29,0.42,0.60,0.34,0.37,0.36,32.14,22.59,32.22,46.31,26.52,28.47,27.89,06-Aug,07-Aug,08-Aug,09-Aug,10-Aug,11-Aug,12-Aug,06-Aug,07-Aug,08-Aug,09-Aug,10-Aug,11-Aug,12-Aug,0,7,0
Nashik,Nashik,Nashik,Malegaon,Malegaon,20037448,"78 villages in Nandgaon, Malegaon and Deola talukas",Ghodegaon,1465,2,0.37,0.31,0.00,0.00,0.00,0.00,0.45,24.93,21.45,0.00,0.00,0.00,0.00,30.55,06-Aug,07-Aug,08-Aug,09-Aug,10-Aug,11-Aug,12-Aug,06-Aug,07-Aug,08-Aug,09-Aug,10-Aug,11-Aug,12-Aug,4,7,0
Nashik,Nashik,Nashik,Malegaon,Malegaon,20037448,"78 villages in Nandgaon, Malegaon and Deola talukas",Ghodegaon Chauki,682,1,0.26,0.50,0.00,0.00,0.07,0.00,0.71,38.78,72.88,0.00,0.00,10.46,0.00,104.17,06-Aug,07-Aug,08-Aug,09-Aug,10-Aug,11-Aug,12-Aug,06-Aug,07-Aug,08-Aug,09-Aug,10-Aug,11-Aug,12-Aug,3,5,2
Nashik,Nashik,Nashik,Malegaon,Malegaon,20037448,"78 villages in Nandgaon, Malegaon and Deola talukas",Gilane,1765,2,0.00,0.00,0.00,0.00,0.00,0.00,0.00,0.00,0.00,0.00,0.00,0.00,0.00,0.00,06-Aug,07-Aug,08-Aug,09-Aug,10-Aug,11-Aug,12-Aug,06-Aug,07-Aug,08-Aug,09-Aug,10-Aug,11-Aug,12-Aug,7,7,0
Nashik,Nashik,Nashik,Malegaon,Malegaon,20037448,"78 villages in Nandgaon, Malegaon and Deola talukas",Hiswal Bk,1875,1,0.92,0.00,0.00,0.91,0.00,0.94,0.00,48.94,0.01,0.00,48.57,0.00,49.94,0.00,06-Aug,07-Aug,08-Aug,09-Aug,10-Aug,11-Aug,12-Aug,06-Aug,07-Aug,08-Aug,09-Aug,10-Aug,11-Aug,12-Aug,3,7,0
Nashik,Nashik,Nashik,Malegaon,Malegaon,20037448,"78 villages in Nandgaon, Malegaon and Deola talukas",Hiswal Kh,1785,1,0.00,0.00,0.00,0.00,0.69,0.00,0.00,0.00,0.00,0.00,0.00,38.59,0.00,0.00,06-Aug,07-Aug,08-Aug,09-Aug,10-Aug,11-Aug,12-Aug,06-Aug,07-Aug,08-Aug,09-Aug,10-Aug,11-Aug,12-Aug,6,7,0
Nashik,Nashik,Nashik,Malegaon,Malegaon,20037448,"78 villages in Nandgaon, Malegaon and Deola talukas",Jalgaon,3726,2,0.58,0.00,0.79,0.00,0.60,0.80,0.29,15.56,0.00,21.20,0.03,16.02,21.47,7.66,06-Aug,07-Aug,08-Aug,09-Aug,10-Aug,11-Aug,12-Aug,06-Aug,07-Aug,08-Aug,09-Aug,10-Aug,11-Aug,12-Aug,1,7,0
Nashik,Nashik,Nashik,Malegaon,Malegaon,20037448,"78 villages in Nandgaon, Malegaon and Deola talukas",Jatpada,1571,2,0.21,0.18,0.14,1.09,0.88,0.10,0.14,13.07,11.29,8.95,69.33,55.75,6.16,8.97,06-Aug,07-Aug,08-Aug,09-Aug,10-Aug,11-Aug,12-Aug,06-Aug,07-Aug,08-Aug,09-Aug,10-Aug,11-Aug,12-Aug,0,5,2
Nashik,Nashik,Nashik,Malegaon,Malegaon,20037448,"78 villages in Nandgaon, Malegaon and Deola talukas",Jiwardi Bk,1174,2,0.00,0.00,0.41,0.00,0.33,0.00,0.41,0.00,0.00,34.95,0.00,28.39,0.03,34.97,06-Aug,07-Aug,08-Aug,09-Aug,10-Aug,11-Aug,12-Aug,06-Aug,07-Aug,08-Aug,09-Aug,10-Aug,11-Aug,12-Aug,3,7,0
Nashik,Nashik,Nashik,Malegaon,Malegaon,20037448,"78 villages in Nandgaon, Malegaon and Deola talukas",Krantinagar,1385,3,0.00,0.00,0.00,0.00,0.00,0.00,0.00,0.00,0.00,0.00,0.00,0.00,0.00,0.00,06-Aug,07-Aug,08-Aug,09-Aug,10-Aug,11-Aug,12-Aug,06-Aug,07-Aug,08-Aug,09-Aug,10-Aug,11-Aug,12-Aug,7,7,0
Nashik,Nashik,Nashik,Malegaon,Malegaon,20037448,"78 villages in Nandgaon, Malegaon and Deola talukas",Manikpunj,1335,5,0.00,0.00,0.00,0.00,0.00,0.58,0.00,0.00,0.00,0.00,0.00,0.00,43.11,0.00,06-Aug,07-Aug,08-Aug,09-Aug,10-Aug,11-Aug,12-Aug,06-Aug,07-Aug,08-Aug,09-Aug,10-Aug,11-Aug,12-Aug,6,7,0
Nashik,Nashik,Nashik,Malegaon,Malegaon,20037448,"78 villages in Nandgaon, Malegaon and Deola talukas",Manjare,1819,2,0.00,1.05,0.00,0.00,0.00,0.89,0.00,0.00,57.59,0.00,0.00,0.00,48.98,0.00,06-Aug,07-Aug,08-Aug,09-Aug,10-Aug,11-Aug,12-Aug,06-Aug,07-Aug,08-Aug,09-Aug,10-Aug,11-Aug,12-Aug,5,6,1
Nashik,Nashik,Nashik,Malegaon,Nandgaon,20037448,"78 villages in Nandgaon, Malegaon and Deola talukas",Manwad,3580,2,0.00,0.00,0.07,0.76,0.00,0.00,0.00,0.00,0.00,1.83,21.37,0.00,0.00,0.00,06-Aug,07-Aug,08-Aug,09-Aug,10-Aug,11-Aug,12-Aug,06-Aug,07-Aug,08-Aug,09-Aug,10-Aug,11-Aug,12-Aug,5,7,0
Nashik,Nashik,Nashik,Malegaon,Nandgaon,20037448,"78 villages in Nandgaon, Malegaon and Deola talukas",Mehune,3276,2,0.00,1.03,0.00,0.00,0.00,0.00,0.00,0.00,31.55,0.00,0.00,0.00,0.04,0.00,06-Aug,07-Aug,08-Aug,09-Aug,10-Aug,11-Aug,12-Aug,06-Aug,07-Aug,08-Aug,09-Aug,10-Aug,11-Aug,12-Aug,5,7,0
Nashik,Nashik,Nashik,Malegaon,Nandgaon,20037448,"78 villages in Nandgaon, Malegaon and Deola talukas",Nimgaon Bk,11399,3,1.41,0.79,1.15,1.01,1.83,1.15,1.37,12.41,6.89,10.12,8.82,16.07,10.12,11.98,06-Aug,07-Aug,08-Aug,09-Aug,10-Aug,11-Aug,12-Aug,06-Aug,07-Aug,08-Aug,09-Aug,10-Aug,11-Aug,12-Aug,0,7,0
Nashik,Nashik,Nashik,Malegaon,Nandgaon,20037448,"78 villages in Nandgaon, Malegaon and Deola talukas",Nimgaon Kh,1222,2,0.26,0.26,0.25,0.25,0.25,0.25,0.25,21.09,20.92,20.62,20.53,20.46,20.60,20.13,06-Aug,07-Aug,08-Aug,09-Aug,10-Aug,11-Aug,12-Aug,06-Aug,07-Aug,08-Aug,09-Aug,10-Aug,11-Aug,12-Aug,0,7,0
Nashik,Nashik,Nashik,Malegaon,Nandgaon,20037448,"78 villages in Nandgaon, Malegaon and Deola talukas",Nimgule,602,1,0.00,0.00,0.00,1.58,0.00,0.00,0.00,0.00,0.00,0.00,262.48,0.00,0.00,0.00,06-Aug,07-Aug,08-Aug,09-Aug,10-Aug,11-Aug,12-Aug,06-Aug,07-Aug,08-Aug,09-Aug,10-Aug,11-Aug,12-Aug,6,6,1
Nashik,Nashik,Nashik,Malegaon,Nandgaon,20037448,"78 villages in Nandgaon, Malegaon and Deola talukas",Patharde,879,2,0.00,0.81,0.78,5.15,3.04,0.30,1.89,0.00,91.70,88.73,585.50,345.32,33.95,214.62,06-Aug,07-Aug,08-Aug,09-Aug,10-Aug,11-Aug,12-Aug,06-Aug,07-Aug,08-Aug,09-Aug,10-Aug,11-Aug,12-Aug,1,2,5
Nashik,Nashik,Nashik,Malegaon,Nandgaon,20037448,"78 villages in Nandgaon, Malegaon and Deola talukas",Pimparkhed,2655,1,0.68,0.71,0.62,0.21,0.71,0.59,0.71,25.62,26.74,23.23,7.93,26.81,22.39,26.91,06-Aug,07-Aug,08-Aug,09-Aug,10-Aug,11-Aug,12-Aug,06-Aug,07-Aug,08-Aug,09-Aug,10-Aug,11-Aug,12-Aug,0,7,0
Nashik,Nashik,Nashik,Malegaon,Nandgaon,20037448,"78 villages in Nandgaon, Malegaon and Deola talukas",Pimprale,2160,2,0.00,0.00,0.00,0.00,0.00,0.15,0.48,0.00,0.00,0.00,0.00,0.00,6.81,22.35,06-Aug,07-Aug,08-Aug,09-Aug,10-Aug,11-Aug,12-Aug,06-Aug,07-Aug,08-Aug,09-Aug,10-Aug,11-Aug,12-Aug,5,7,0
Nashik,Nashik,Nashik,Malegaon,Nandgaon,20037448,"78 villages in Nandgaon, Malegaon and Deola talukas",Pimpri Haveli,2550,1,0.61,0.56,0.85,0.95,0.00,0.59,0.95,24.05,21.85,33.43,37.24,0.00,23.31,37.42,06-Aug,07-Aug,08-Aug,09-Aug,10-Aug,11-Aug,12-Aug,06-Aug,07-Aug,08-Aug,09-Aug,10-Aug,11-Aug,12-Aug,1,7,0
Nashik,Nashik,Nashik,Malegaon,Nandgaon,20037448,"78 villages in Nandgaon, Malegaon and Deola talukas",Sakuri,3920,2,0.00,0.00,0.75,1.62,0.13,0.00,0.00,0.00,0.00,19.04,41.25,3.34,0.00,0.00,06-Aug,07-Aug,08-Aug,09-Aug,10-Aug,11-Aug,12-Aug,06-Aug,07-Aug,08-Aug,09-Aug,10-Aug,11-Aug,12-Aug,4,7,0
Nashik,Nashik,Nashik,Malegaon,Nandgaon,20037448,"78 villages in Nandgaon, Malegaon and Deola talukas",Saundane,9450,3,0.26,2.40,0.15,3.61,0.33,2.53,0.09,2.79,25.40,1.63,38.18,3.51,26.72,0.91,06-Aug,07-Aug,08-Aug,09-Aug,10-Aug,11-Aug,12-Aug,06-Aug,07-Aug,08-Aug,09-Aug,10-Aug,11-Aug,12-Aug,0,7,0
Nashik,Nashik,Nashik,Malegaon,Nandgaon,20037448,"78 villages in Nandgaon, Malegaon and Deola talukas",Sawakarwadi,2811,3,1.06,0.00,0.00,0.00,0.00,0.00,0.00,37.67,0.00,0.00,0.00,0.00,0.00,0.00,06-Aug,07-Aug,08-Aug,09-Aug,10-Aug,11-Aug,12-Aug,06-Aug,07-Aug,08-Aug,09-Aug,10-Aug,11-Aug,12-Aug,6,7,0
Nashik,Nashik,Nashik,Malegaon,Nandgaon,20037448,"78 villages in Nandgaon, Malegaon and Deola talukas",Shirsondi,1807,2,0.00,0.29,0.19,0.20,0.10,0.24,0.00,0.11,16.32,10.60,10.84,5.29,13.14,0.00,06-Aug,07-Aug,08-Aug,09-Aug,10-Aug,11-Aug,12-Aug,06-Aug,07-Aug,08-Aug,09-Aug,10-Aug,11-Aug,12-Aug,1,7,0
Nashik,Nashik,Nashik,Malegaon,Nandgaon,20037448,"78 villages in Nandgaon, Malegaon and Deola talukas",Soygaon,1680,2,0.00,0.00,0.00,0.73,0.00,0.00,0.35,0.00,0.00,0.00,43.73,0.00,0.00,20.59,06-Aug,07-Aug,08-Aug,09-Aug,10-Aug,11-Aug,12-Aug,06-Aug,07-Aug,08-Aug,09-Aug,10-Aug,11-Aug,12-Aug,5,7,0
Nashik,Nashik,Nashik,Malegaon,Nandgaon,20037448,"78 villages in Nandgaon, Malegaon and Deola talukas",Takli,4532,3,0.00,0.69,0.00,0.00,0.00,0.73,0.00,0.00,15.23,0.00,0.00,0.00,16.05,0.00,06-Aug,07-Aug,08-Aug,09-Aug,10-Aug,11-Aug,12-Aug,06-Aug,07-Aug,08-Aug,09-Aug,10-Aug,11-Aug,12-Aug,5,7,0
Nashik,Nashik,Nashik,Malegaon,Nandgaon,20037448,"78 villages in Nandgaon, Malegaon and Deola talukas",Takli Bk,1965,3,0.38,0.00,0.00,0.45,0.01,0.49,0.45,19.27,0.00,0.00,22.83,0.47,24.95,23.10,06-Aug,07-Aug,08-Aug,09-Aug,10-Aug,11-Aug,12-Aug,06-Aug,07-Aug,08-Aug,09-Aug,10-Aug,11-Aug,12-Aug,2,7,0
Nashik,Nashik,Nashik,Malegaon,Nandgaon,20037448,"78 villages in Nandgaon, Malegaon and Deola talukas",Tandulwadi,915,2,1.57,0.89,0.91,0.73,0.75,0.59,0.48,171.53,96.79,99.47,80.22,81.72,64.85,52.65,06-Aug,07-Aug,08-Aug,09-Aug,10-Aug,11-Aug,12-Aug,06-Aug,07-Aug,08-Aug,09-Aug,10-Aug,11-Aug,12-Aug,0,1,6
Nashik,Nashik,Nashik,Malegaon,Nandgaon,20037448,"78 villages in Nandgaon, Malegaon and Deola talukas",Varhale,1036,1,0.00,0.00,0.36,0.00,0.00,0.00,0.00,0.00,0.00,34.55,0.00,0.00,0.00,0.00,06-Aug,07-Aug,08-Aug,09-Aug,10-Aug,11-Aug,12-Aug,06-Aug,07-Aug,08-Aug,09-Aug,10-Aug,11-Aug,12-Aug,6,7,0
Nashik,Nashik,Nashik,Malegaon,Nandgaon,20037448,"78 villages in Nandgaon, Malegaon and Deola talukas",Varhane,2285,3,0.43,0.26,0.28,0.06,0.72,0.00,0.78,18.62,11.39,12.46,2.69,31.47,0.00,34.06,06-Aug,07-Aug,08-Aug,09-Aug,10-Aug,11-Aug,12-Aug,06-Aug,07-Aug,08-Aug,09-Aug,10-Aug,11-Aug,12-Aug,1,7,0
Nashik,Nashik,Nashik,Malegaon,Nandgaon,20037448,"78 villages in Nandgaon, Malegaon and Deola talukas",Wakhari,2400,2,0.02,0.47,0.44,0.50,0.00,0.00,0.45,0.98,19.69,18.39,20.79,0.00,0.00,18.60,06-Aug,07-Aug,08-Aug,09-Aug,10-Aug,11-Aug,12-Aug,06-Aug,07-Aug,08-Aug,09-Aug,10-Aug,11-Aug,12-Aug,2,7,0
Nashik,Nashik,Nashik,Malegaon,Nandgaon,20037448,"78 villages in Nandgaon, Malegaon and Deola talukas",Yesgaon Bk,3698,2,1.17,1.69,0.84,0.61,0.39,0.83,0.61,31.55,45.59,22.60,16.45,10.61,22.42,16.38,06-Aug,07-Aug,08-Aug,09-Aug,10-Aug,11-Aug,12-Aug,06-Aug,07-Aug,08-Aug,09-Aug,10-Aug,11-Aug,12-Aug,0,7,0
Nashik,Nashik,Nashik,Malegaon,Nandgaon,20037448,"78 villages in Nandgaon, Malegaon and Deola talukas",Yesgaon Kh,2429,2,0.00,0.00,0.00,0.00,0.00,0.00,0.00,0.00,0.00,0.00,0.00,0.00,0.00,0.00,06-Aug,07-Aug,08-Aug,09-Aug,10-Aug,11-Aug,12-Aug,06-Aug,07-Aug,08-Aug,09-Aug,10-Aug,11-Aug,12-Aug,7,7,0
Nashik,Nashik,Nashik,Manmad,Nifad,456654,"Retro. Lasalgaon Vinchur 16 Villages, Tal. Nifad",Bokaddara,2968,1,0.96,0.63,0.77,0.72,0.78,0.00,0.55,32.47,21.30,26.03,24.22,26.17,0.00,18.37,06-Aug,07-Aug,08-Aug,09-Aug,10-Aug,11-Aug,12-Aug,06-Aug,07-Aug,08-Aug,09-Aug,10-Aug,11-Aug,12-Aug,1,7,0
Nashik,Nashik,Nashik,Manmad,Nifad,456654,"Retro. Lasalgaon Vinchur 16 Villages, Tal. Nifad",Brahmangaon,9640,1,0.00,0.00,0.00,0.00,0.00,2.11,0.00,0.00,0.00,0.00,0.01,0.00,21.91,0.00,06-Aug,07-Aug,08-Aug,09-Aug,10-Aug,11-Aug,12-Aug,06-Aug,07-Aug,08-Aug,09-Aug,10-Aug,11-Aug,12-Aug,5,7,0
Nashik,Nashik,Nashik,Manmad,Nifad,456654,"Retro. Lasalgaon Vinchur 16 Villages, Tal. Nifad",Dharangaon Khadak,3648,1,1.22,0.02,1.12,0.06,1.22,0.04,1.26,33.42,0.49,30.72,1.76,33.42,1.14,34.52,06-Aug,07-Aug,08-Aug,09-Aug,10-Aug,11-Aug,12-Aug,06-Aug,07-Aug,08-Aug,09-Aug,10-Aug,11-Aug,12-Aug,0,7,0
Nashik,Nashik,Nashik,Manmad,Nifad,456654,"Retro. Lasalgaon Vinchur 16 Villages, Tal. Nifad",Dharangaon Veer,3494,1,0.00,1.30,0.00,1.27,0.00,1.23,0.00,0.00,37.21,0.00,36.45,0.00,35.17,0.00,06-Aug,07-Aug,08-Aug,09-Aug,10-Aug,11-Aug,12-Aug,06-Aug,07-Aug,08-Aug,09-Aug,10-Aug,11-Aug,12-Aug,4,7,0
Nashik,Nashik,Nashik,Manmad,Nifad,456654,"Retro. Lasalgaon Vinchur 16 Villages, Tal. Nifad",Dongargaon,5460,1,0.90,1.15,0.84,0.06,0.59,0.79,1.20,16.55,21.08,15.37,1.11,10.83,14.53,22.06,06-Aug,07-Aug,08-Aug,09-Aug,10-Aug,11-Aug,12-Aug,06-Aug,07-Aug,08-Aug,09-Aug,10-Aug,11-Aug,12-Aug,0,7,0
Nashik,Nashik,Nashik,Manmad,Nifad,456654,"Retro. Lasalgaon Vinchur 16 Villages, Tal. Nifad",Hanuman Nagar,2684,1,0.66,0.38,0.67,0.65,0.75,0.07,0.76,24.44,14.09,24.89,24.07,28.02,2.42,28.18,06-Aug,07-Aug,08-Aug,09-Aug,10-Aug,11-Aug,12-Aug,06-Aug,07-Aug,08-Aug,09-Aug,10-Aug,11-Aug,12-Aug,0,7,0
Nashik,Nashik,Nashik,Manmad,Nifad,456654,"Retro. Lasalgaon Vinchur 16 Villages, Tal. Nifad",Kotamgaon,4189,2,0.00,0.00,1.07,0.00,0.00,1.11,0.15,0.00,0.02,25.61,0.00,0.00,26.59,3.54,06-Aug,07-Aug,08-Aug,09-Aug,10-Aug,11-Aug,12-Aug,06-Aug,07-Aug,08-Aug,09-Aug,10-Aug,11-Aug,12-Aug,3,7,0
Nashik,Nashik,Nashik,Manmad,Nifad,456654,"Retro. Lasalgaon Vinchur 16 Villages, Tal. Nifad",Lasalgaon,19821,5,16.23,19.94,9.42,13.92,20.40,11.18,19.86,81.87,100.59,47.51,70.21,102.92,56.40,100.22,06-Aug,07-Aug,08-Aug,09-Aug,10-Aug,11-Aug,12-Aug,06-Aug,07-Aug,08-Aug,09-Aug,10-Aug,11-Aug,12-Aug,0,1,6
Nashik,Nashik,Nashik,Manmad,Nifad,456654,"Retro. Lasalgaon Vinchur 16 Villages, Tal. Nifad",Nandgaon,3266,1,0.00,0.00,0.00,0.00,0.00,0.00,0.00,0.00,0.00,0.00,0.00,0.00,0.00,0.00,06-Aug,07-Aug,08-Aug,09-Aug,10-Aug,11-Aug,12-Aug,06-Aug,07-Aug,08-Aug,09-Aug,10-Aug,11-Aug,12-Aug,7,7,0
Nashik,Nashik,Nashik,Manmad,Nifad,456654,"Retro. Lasalgaon Vinchur 16 Villages, Tal. Nifad",Nimgaon Wakada,3798,3,0.38,1.27,0.44,1.40,0.45,1.16,0.43,10.01,33.44,11.71,36.75,11.85,30.66,11.44,06-Aug,07-Aug,08-Aug,09-Aug,10-Aug,11-Aug,12-Aug,06-Aug,07-Aug,08-Aug,09-Aug,10-Aug,11-Aug,12-Aug,0,7,0
Nashik,Nashik,Nashik,Manmad,Nifad,456654,"Retro. Lasalgaon Vinchur 16 Villages, Tal. Nifad",Pimpalgaon Najik,11607,2,3.30,3.90,2.87,3.39,3.08,2.68,3.38,28.41,33.61,24.71,29.21,26.54,23.13,29.11,06-Aug,07-Aug,08-Aug,09-Aug,10-Aug,11-Aug,12-Aug,06-Aug,07-Aug,08-Aug,09-Aug,10-Aug,11-Aug,12-Aug,0,7,0
Nashik,Nashik,Nashik,Manmad,Nifad,456654,"Retro. Lasalgaon Vinchur 16 Villages, Tal. Nifad",Subhash Nagar,1532,1,0.00,0.08,0.00,0.00,0.00,0.00,0.00,0.00,5.18,0.02,0.04,0.01,0.02,0.02,06-Aug,07-Aug,08-Aug,09-Aug,10-Aug,11-Aug,12-Aug,06-Aug,07-Aug,08-Aug,09-Aug,10-Aug,11-Aug,12-Aug,1,7,0
Nashik,Nashik,Nashik,Manmad,Nifad,456654,"Retro. Lasalgaon Vinchur 16 Villages, Tal. Nifad",Takali Vinchur,9423,2,1.03,1.78,0.83,1.58,2.25,1.58,0.78,10.89,18.87,8.79,16.79,23.87,16.76,8.24,06-Aug,07-Aug,08-Aug,09-Aug,10-Aug,11-Aug,12-Aug,06-Aug,07-Aug,08-Aug,09-Aug,10-Aug,11-Aug,12-Aug,0,7,0
Nashik,Nashik,Nashik,Manmad,Nifad,456654,"Retro. Lasalgaon Vinchur 16 Villages, Tal. Nifad",Vinchur,16088,3,1.39,1.90,1.48,2.17,1.66,7.16,1.44,8.66,11.80,9.20,13.47,10.32,44.51,8.92,06-Aug,07-Aug,08-Aug,09-Aug,10-Aug,11-Aug,12-Aug,06-Aug,07-Aug,08-Aug,09-Aug,10-Aug,11-Aug,12-Aug,0,7,0
Nashik,Nashik,Nashik,Manmad,Nifad,456654,"Retro. Lasalgaon Vinchur 16 Villages, Tal. Nifad",Vishnu Nagar,1254,1,0.59,0.78,0.77,0.70,0.75,0.75,0.77,47.19,61.83,61.56,55.46,59.64,59.62,61.21,06-Aug,07-Aug,08-Aug,09-Aug,10-Aug,11-Aug,12-Aug,06-Aug,07-Aug,08-Aug,09-Aug,10-Aug,11-Aug,12-Aug,0,1,6
Nashik,Nashik,Nashik,Manmad,Nifad,456654,"Retro. Lasalgaon Vinchur 16 Villages, Tal. Nifad",Vitthalwadi,1029,1,0.51,0.43,0.42,0.56,1.49,0.66,0.96,49.44,41.54,40.50,54.89,144.44,64.00,93.49,06-Aug,07-Aug,08-Aug,09-Aug,10-Aug,11-Aug,12-Aug,06-Aug,07-Aug,08-Aug,09-Aug,10-Aug,11-Aug,12-Aug,0,4,3
Nashik,Nashik,Nashik,Manmad,Yeola,20030798,Retrofitting To Yeola 38 Villages,Adgaon chautha,2244,1,0.00,0.00,0.00,0.00,0.00,0.00,0.00,0.00,0.00,0.00,0.00,0.00,0.00,0.00,06-Aug,07-Aug,08-Aug,09-Aug,10-Aug,11-Aug,12-Aug,06-Aug,07-Aug,08-Aug,09-Aug,10-Aug,11-Aug,12-Aug,7,7,0
Nashik,Nashik,Nashik,Manmad,Yeola,20030798,Retrofitting To Yeola 38 Villages,Andarsul,15233,4,0.00,0.00,8.00,11.54,0.00,0.00,10.91,0.00,0.00,52.52,75.78,0.00,0.00,71.63,06-Aug,07-Aug,08-Aug,09-Aug,10-Aug,11-Aug,12-Aug,06-Aug,07-Aug,08-Aug,09-Aug,10-Aug,11-Aug,12-Aug,4,5,2
Nashik,Nashik,Nashik,Manmad,Yeola,20030798,Retrofitting To Yeola 38 Villages,Ankute,2366,1,0.00,0.27,0.30,2.46,0.01,0.00,0.00,0.00,11.45,12.87,104.10,0.51,0.00,0.00,06-Aug,07-Aug,08-Aug,09-Aug,10-Aug,11-Aug,12-Aug,06-Aug,07-Aug,08-Aug,09-Aug,10-Aug,11-Aug,12-Aug,3,6,1
Nashik,Nashik,Nashik,Manmad,Yeola,20030798,Retrofitting To Yeola 38 Villages,Babulgaon Bk.,1774,1,4.76,4.33,0.00,0.00,0.00,1.86,3.27,268.51,244.04,0.00,0.00,0.00,104.73,184.30,06-Aug,07-Aug,08-Aug,09-Aug,10-Aug,11-Aug,12-Aug,06-Aug,07-Aug,08-Aug,09-Aug,10-Aug,11-Aug,12-Aug,3,3,4
Nashik,Nashik,Nashik,Manmad,Yeola,20030798,Retrofitting To Yeola 38 Villages,Bharam,1595,1,0.00,0.00,0.00,0.00,0.00,0.00,0.00,0.00,0.00,0.00,0.00,0.00,0.00,0.00,06-Aug,07-Aug,08-Aug,09-Aug,10-Aug,11-Aug,12-Aug,06-Aug,07-Aug,08-Aug,09-Aug,10-Aug,11-Aug,12-Aug,7,7,0
Nashik,Nashik,Nashik,Manmad,Yeola,20030798,Retrofitting To Yeola 38 Villages,Dhamode,657,1,0.00,0.00,0.00,0.00,0.00,0.00,0.00,0.00,0.00,0.00,0.00,0.00,0.00,0.00,06-Aug,07-Aug,08-Aug,09-Aug,10-Aug,11-Aug,12-Aug,06-Aug,07-Aug,08-Aug,09-Aug,10-Aug,11-Aug,12-Aug,7,7,0
Nashik,Nashik,Nashik,Manmad,Yeola,20030798,Retrofitting To Yeola 38 Villages,Dhanora,1283,2,0.00,0.00,0.13,0.00,0.00,0.00,0.00,0.00,0.00,10.40,0.00,0.00,0.00,0.00,06-Aug,07-Aug,08-Aug,09-Aug,10-Aug,11-Aug,12-Aug,06-Aug,07-Aug,08-Aug,09-Aug,10-Aug,11-Aug,12-Aug,6,7,0
Nashik,Nashik,Nashik,Manmad,Yeola,20030798,Retrofitting To Yeola 38 Villages,Gawandgaon,3144,1,0.00,0.00,0.00,0.00,0.00,0.00,0.00,0.00,0.00,0.00,0.00,0.00,0.00,0.00,06-Aug,07-Aug,08-Aug,09-Aug,10-Aug,11-Aug,12-Aug,06-Aug,07-Aug,08-Aug,09-Aug,10-Aug,11-Aug,12-Aug,7,7,0
Nashik,Nashik,Nashik,Manmad,Yeola,20030798,Retrofitting To Yeola 38 Villages,Katarni,3110,1,0.00,0.00,0.00,0.00,0.00,0.00,0.00,0.00,0.00,0.00,0.00,0.00,0.00,0.00,06-Aug,07-Aug,08-Aug,09-Aug,10-Aug,11-Aug,12-Aug,06-Aug,07-Aug,08-Aug,09-Aug,10-Aug,11-Aug,12-Aug,7,7,0
Nashik,Nashik,Nashik,Manmad,Yeola,20030798,Retrofitting To Yeola 38 Villages,Kusur,2292,1,0.00,0.00,0.00,0.00,0.00,0.00,0.00,0.00,0.00,0.00,0.00,0.00,0.00,0.00,06-Aug,07-Aug,08-Aug,09-Aug,10-Aug,11-Aug,12-Aug,06-Aug,07-Aug,08-Aug,09-Aug,10-Aug,11-Aug,12-Aug,7,7,0
Nashik,Nashik,Nashik,Manmad,Yeola,20030798,Retrofitting To Yeola 38 Villages,N. Kheda BK.,1152,1,0.00,0.00,0.00,0.00,0.00,0.00,0.00,0.00,0.00,0.00,0.00,0.00,0.00,0.00,06-Aug,07-Aug,08-Aug,09-Aug,10-Aug,11-Aug,12-Aug,06-Aug,07-Aug,08-Aug,09-Aug,10-Aug,11-Aug,12-Aug,7,7,0
Nashik,Nashik,Nashik,Manmad,Yeola,20030798,Retrofitting To Yeola 38 Villages,N. Kheda KD,541,1,0.56,0.00,0.00,0.00,0.00,0.00,0.00,104.29,0.00,0.00,0.00,0.00,0.00,0.00,06-Aug,07-Aug,08-Aug,09-Aug,10-Aug,11-Aug,12-Aug,06-Aug,07-Aug,08-Aug,09-Aug,10-Aug,11-Aug,12-Aug,6,6,1
Nashik,Nashik,Nashik,Manmad,Yeola,20030798,Retrofitting To Yeola 38 Villages,Nagarsul,10277,1,0.00,0.00,0.00,0.00,0.00,0.00,0.00,0.00,0.00,0.00,0.00,0.00,0.00,0.00,06-Aug,07-Aug,08-Aug,09-Aug,10-Aug,11-Aug,12-Aug,06-Aug,07-Aug,08-Aug,09-Aug,10-Aug,11-Aug,12-Aug,7,7,0
Nashik,Nashik,Nashik,Manmad,Yeola,20030798,Retrofitting To Yeola 38 Villages,Nandesar,1025,1,0.00,0.00,0.00,0.00,0.00,0.00,0.00,0.00,0.00,0.00,0.00,0.00,0.00,0.00,06-Aug,07-Aug,08-Aug,09-Aug,10-Aug,11-Aug,12-Aug,06-Aug,07-Aug,08-Aug,09-Aug,10-Aug,11-Aug,12-Aug,7,7,0
Nashik,Nashik,Nashik,Manmad,Yeola,20030798,Retrofitting To Yeola 38 Villages,Nimgaon Madh,3048,1,0.00,0.00,0.00,1.43,0.44,0.01,0.08,0.00,0.00,0.00,46.90,14.32,0.41,2.77,06-Aug,07-Aug,08-Aug,09-Aug,10-Aug,11-Aug,12-Aug,06-Aug,07-Aug,08-Aug,09-Aug,10-Aug,11-Aug,12-Aug,3,7,0
Nashik,Nashik,Nashik,Manmad,Yeola,20030798,Retrofitting To Yeola 38 Villages,Pimpalgaon jalal,1412,1,0.00,0.00,0.00,0.00,0.00,0.00,0.00,0.00,0.00,0.00,0.00,0.00,0.00,0.01,06-Aug,07-Aug,08-Aug,09-Aug,10-Aug,11-Aug,12-Aug,06-Aug,07-Aug,08-Aug,09-Aug,10-Aug,11-Aug,12-Aug,6,7,0
Nashik,Nashik,Nashik,Manmad,Yeola,20030798,Retrofitting To Yeola 38 Villages,Pimpalkute BK.,811,1,0.66,0.00,0.00,0.00,0.54,0.21,0.00,81.95,0.00,0.00,0.59,67.09,25.86,0.00,06-Aug,07-Aug,08-Aug,09-Aug,10-Aug,11-Aug,12-Aug,06-Aug,07-Aug,08-Aug,09-Aug,10-Aug,11-Aug,12-Aug,3,5,2
Nashik,Nashik,Nashik,Manmad,Yeola,20030798,Retrofitting To Yeola 38 Villages,Pimpalkute Kh.,657,1,0.00,0.00,0.00,0.00,0.00,0.00,0.00,0.00,0.00,0.00,0.00,0.00,0.00,0.00,06-Aug,07-Aug,08-Aug,09-Aug,10-Aug,11-Aug,12-Aug,06-Aug,07-Aug,08-Aug,09-Aug,10-Aug,11-Aug,12-Aug,7,7,0
Nashik,Nashik,Nashik,Manmad,Yeola,20030798,Retrofitting To Yeola 38 Villages,Savargaon,3130,1,0.00,0.00,0.00,0.00,0.00,0.00,0.00,0.00,0.00,0.00,0.00,0.00,0.00,0.00,06-Aug,07-Aug,08-Aug,09-Aug,10-Aug,11-Aug,12-Aug,06-Aug,07-Aug,08-Aug,09-Aug,10-Aug,11-Aug,12-Aug,7,7,0
Nashik,Nashik,Nashik,Manmad,Yeola,20030798,Retrofitting To Yeola 38 Villages,Saygaon,3117,1,1.84,1.94,2.05,0.40,0.13,0.01,0.21,58.91,62.40,65.72,12.89,4.21,0.34,6.77,06-Aug,07-Aug,08-Aug,09-Aug,10-Aug,11-Aug,12-Aug,06-Aug,07-Aug,08-Aug,09-Aug,10-Aug,11-Aug,12-Aug,0,4,3
Nashik,Nashik,Nashik,Manmad,Yeola,20030798,Retrofitting To Yeola 38 Villages,Somthan Desh,2869,1,0.00,0.00,0.00,0.00,0.00,0.00,0.00,0.00,0.00,0.00,0.00,0.00,0.00,0.00,06-Aug,07-Aug,08-Aug,09-Aug,10-Aug,11-Aug,12-Aug,06-Aug,07-Aug,08-Aug,09-Aug,10-Aug,11-Aug,12-Aug,7,7,0
Nashik,Nashik,Nashik,Manmad,Yeola,20030798,Retrofitting To Yeola 38 Villages,Suregaon Rasta,2428,1,0.00,0.00,0.00,0.00,0.00,0.00,0.00,0.00,0.00,0.00,0.00,0.00,0.00,0.00,06-Aug,07-Aug,08-Aug,09-Aug,10-Aug,11-Aug,12-Aug,06-Aug,07-Aug,08-Aug,09-Aug,10-Aug,11-Aug,12-Aug,7,7,0
Nashik,Nashik,Nashik,Manmad,Yeola,20030798,Retrofitting To Yeola 38 Villages,Undirwadi,3087,1,0.00,0.00,0.00,0.00,0.00,0.00,0.00,0.00,0.00,0.00,0.00,0.00,0.00,0.00,06-Aug,07-Aug,08-Aug,09-Aug,10-Aug,11-Aug,12-Aug,06-Aug,07-Aug,08-Aug,09-Aug,10-Aug,11-Aug,12-Aug,7,7,0
Nashik,Nashik,Nashik,Manmad,Yeola,20030798,Retrofitting To Yeola 38 Villages,Vikharni,2325,1,0.00,0.00,0.12,0.79,0.00,0.00,0.00,0.00,0.00,5.37,33.97,0.02,0.00,0.00,06-Aug,07-Aug,08-Aug,09-Aug,10-Aug,11-Aug,12-Aug,06-Aug,07-Aug,08-Aug,09-Aug,10-Aug,11-Aug,12-Aug,4,7,0
Nashik,Nashik,Nashik,Manmad,Yeola,20030798,Retrofitting To Yeola 38 Villages,Visapur,1938,1,0.00,0.00,0.00,0.05,0.51,0.00,0.00,0.00,0.00,0.02,2.41,26.38,0.12,0.00,06-Aug,07-Aug,08-Aug,09-Aug,10-Aug,11-Aug,12-Aug,06-Aug,07-Aug,08-Aug,09-Aug,10-Aug,11-Aug,12-Aug,3,7,0
Nashik,Nashik,Nashik,Nashik,Peth,20083505,Surgane & 2 Vill RRWSS Tal.Peth,Ghubadsaka,0,1,0.00,0.00,0.00,0.00,0.00,0.00,0.00,0.00,0.00,0.00,0.00,0.00,0.00,0.00,06-Aug,07-Aug,08-Aug,09-Aug,10-Aug,11-Aug,12-Aug,06-Aug,07-Aug,08-Aug,09-Aug,10-Aug,11-Aug,12-Aug,7,7,0
Nashik,Nashik,Nashik,Nashik,Peth,20083505,Surgane & 2 Vill RRWSS Tal.Peth,Harangaon,1570,1,0.00,0.00,0.00,0.00,0.00,0.00,0.00,0.00,0.00,0.00,0.00,0.00,0.00,0.00,06-Aug,07-Aug,08-Aug,09-Aug,10-Aug,11-Aug,12-Aug,06-Aug,07-Aug,08-Aug,09-Aug,10-Aug,11-Aug,12-Aug,7,7,0
Nashik,Nashik,Nashik,Nashik,Peth,20083505,Surgane & 2 Vill RRWSS Tal.Peth,Surgane,1114,6,0.00,0.00,0.00,0.00,0.00,0.00,0.00,0.00,0.00,0.00,0.00,0.00,0.00,0.00,06-Aug,07-Aug,08-Aug,09-Aug,10-Aug,11-Aug,12-Aug,06-Aug,07-Aug,08-Aug,09-Aug,10-Aug,11-Aug,12-Aug,7,7,0
Nashik,Nashik,Nashik,Nashik,Trambakeshwar,20017222,Waghera & 14 RRWSS Tal Trambakeshwar,Bramhanwade,1232,1,0.00,0.00,0.00,0.00,0.00,0.00,0.00,0.00,0.00,0.00,0.00,0.00,0.00,0.00,06-Aug,07-Aug,08-Aug,09-Aug,10-Aug,11-Aug,12-Aug,06-Aug,07-Aug,08-Aug,09-Aug,10-Aug,11-Aug,12-Aug,7,7,0
Nashik,Nashik,Nashik,Nashik,Trambakeshwar,20017222,Waghera & 14 RRWSS Tal Trambakeshwar,Ganeshgaon,463,2,0.00,0.00,0.00,0.00,0.00,0.00,0.00,0.00,0.00,0.00,0.00,0.00,0.00,0.00,06-Aug,07-Aug,08-Aug,09-Aug,10-Aug,11-Aug,12-Aug,06-Aug,07-Aug,08-Aug,09-Aug,10-Aug,11-Aug,12-Aug,7,7,0
Nashik,Nashik,Nashik,Nashik,Trambakeshwar,20017222,Waghera & 14 RRWSS Tal Trambakeshwar,Gorthan,621,1,0.00,0.00,0.00,0.00,0.00,0.00,0.00,0.00,0.00,0.00,0.00,0.00,0.00,0.00,06-Aug,07-Aug,08-Aug,09-Aug,10-Aug,11-Aug,12-Aug,06-Aug,07-Aug,08-Aug,09-Aug,10-Aug,11-Aug,12-Aug,7,7,0
Nashik,Nashik,Nashik,Nashik,Trambakeshwar,20017222,Waghera & 14 RRWSS Tal Trambakeshwar,Kone,1655,2,0.00,729982767122160000.00,0.00,0.00,0.00,0.00,0.00,0.00,44107720067804200000.00,0.00,0.00,0.00,0.00,0.00,06-Aug,07-Aug,08-Aug,09-Aug,10-Aug,11-Aug,12-Aug,06-Aug,07-Aug,08-Aug,09-Aug,10-Aug,11-Aug,12-Aug,6,6,1
Nashik,Nashik,Nashik,Nashik,Trambakeshwar,20017222,Waghera & 14 RRWSS Tal Trambakeshwar,Waghera,3746,2,0.59,0.63,0.58,0.53,0.62,0.59,0.52,15.68,16.69,15.38,14.07,16.51,15.75,13.94,06-Aug,07-Aug,08-Aug,09-Aug,10-Aug,11-Aug,12-Aug,06-Aug,07-Aug,08-Aug,09-Aug,10-Aug,11-Aug,12-Aug,0,7,0
Nashik,Nashik,Nashik,Nashik,Trambakeshwar,20017222,Waghera & 14 RRWSS Tal Trambakeshwar,Welunj,3013,2,0.30,0.68,0.65,0.00,0.00,0.00,0.68,10.08,22.46,21.58,0.00,0.00,0.00,22.42,06-Aug,07-Aug,08-Aug,09-Aug,10-Aug,11-Aug,12-Aug,06-Aug,07-Aug,08-Aug,09-Aug,10-Aug,11-Aug,12-Aug,3,7,0
Nashik,Nashik,Nashik,Sinnar,Sinnar,20019176,Retro. Bargaonpimpri & 6 VRWSS  Tal Sinnar,Gulwanch,6190,3,1.62,0.79,1.18,1.18,0.71,0.12,0.66,26.23,12.80,19.13,19.11,11.49,1.98,10.66,06-Aug,07-Aug,08-Aug,09-Aug,10-Aug,11-Aug,12-Aug,06-Aug,07-Aug,08-Aug,09-Aug,10-Aug,11-Aug,12-Aug,0,7,0
Nashik,Nashik,Nashik,Sinnar,Sinnar,20019176,Retro. Bargaonpimpri & 6 VRWSS  Tal Sinnar,Hiwargaon,2497,3,0.00,0.00,0.12,0.00,0.00,0.08,0.32,0.00,0.00,4.81,0.00,0.00,3.18,13.01,06-Aug,07-Aug,08-Aug,09-Aug,10-Aug,11-Aug,12-Aug,06-Aug,07-Aug,08-Aug,09-Aug,10-Aug,11-Aug,12-Aug,4,7,0
Nashik,Nashik,Nashik,Sinnar,Sinnar,20019176,Retro. Bargaonpimpri & 6 VRWSS  Tal Sinnar,K.P Nagar,1078,1,0.00,0.00,0.00,0.00,0.00,0.00,0.00,0.00,0.00,0.00,0.00,0.00,0.00,0.00,06-Aug,07-Aug,08-Aug,09-Aug,10-Aug,11-Aug,12-Aug,06-Aug,07-Aug,08-Aug,09-Aug,10-Aug,11-Aug,12-Aug,7,7,0
Nashik,Nashik,Nashik,Sinnar,Sinnar,20019176,Retro. Bargaonpimpri & 6 VRWSS  Tal Sinnar,Nimgaon Sinnar,4811,3,0.00,0.00,0.00,0.00,0.00,0.56,0.18,0.05,0.00,0.00,0.00,0.00,11.70,3.80,06-Aug,07-Aug,08-Aug,09-Aug,10-Aug,11-Aug,12-Aug,06-Aug,07-Aug,08-Aug,09-Aug,10-Aug,11-Aug,12-Aug,4,7,0
Nashik,Nashik,Nashik,Sinnar,Sinnar,20019176,Retro. Bargaonpimpri & 6 VRWSS  Tal Sinnar,Pat Pimpri,4002,2,0.00,0.00,0.47,0.00,0.00,0.21,0.00,0.00,0.00,11.83,0.00,0.00,5.33,0.00,06-Aug,07-Aug,08-Aug,09-Aug,10-Aug,11-Aug,12-Aug,06-Aug,07-Aug,08-Aug,09-Aug,10-Aug,11-Aug,12-Aug,5,7,0
Nashik,Nashik,Nashik,Sinnar,Sinnar,20019176,Retro. Bargaonpimpri & 6 VRWSS  Tal Sinnar,Sunderpur,2212,2,0.00,0.00,0.00,0.00,0.00,0.00,0.00,0.00,0.00,0.00,0.00,0.00,0.00,0.00,06-Aug,07-Aug,08-Aug,09-Aug,10-Aug,11-Aug,12-Aug,06-Aug,07-Aug,08-Aug,09-Aug,10-Aug,11-Aug,12-Aug,7,7,0
Nashik,Nashik,Nashik,Sinnar,Sinnar,20019286,"Nirhale-Fatehpur and 5 villages, Tal. Sinnar",Kankori,2427,2,0.00,0.00,0.00,0.00,0.00,0.00,0.00,0.00,0.00,0.00,0.00,0.00,0.00,0.00,06-Aug,07-Aug,08-Aug,09-Aug,10-Aug,11-Aug,12-Aug,06-Aug,07-Aug,08-Aug,09-Aug,10-Aug,11-Aug,12-Aug,7,7,0
Nashik,Nashik,Nashik,Sinnar,Sinnar,20019286,"Nirhale-Fatehpur and 5 villages, Tal. Sinnar",Manori,4139,2,0.00,0.00,0.00,0.00,0.00,0.00,0.00,0.00,0.00,0.00,0.00,0.00,0.00,0.00,06-Aug,07-Aug,08-Aug,09-Aug,10-Aug,11-Aug,12-Aug,06-Aug,07-Aug,08-Aug,09-Aug,10-Aug,11-Aug,12-Aug,7,7,0
Nashik,Nashik,Nashik,Sinnar,Sinnar,20019286,"Nirhale-Fatehpur and 5 villages, Tal. Sinnar",Marhal (Bk.),2934,1,6.48,3.94,4.81,7.95,16.29,19.20,3.89,220.98,134.16,163.78,270.84,555.34,654.40,132.63,06-Aug,07-Aug,08-Aug,09-Aug,10-Aug,11-Aug,12-Aug,06-Aug,07-Aug,08-Aug,09-Aug,10-Aug,11-Aug,12-Aug,0,0,7
Nashik,Nashik,Nashik,Sinnar,Sinnar,20019286,"Nirhale-Fatehpur and 5 villages, Tal. Sinnar",Nandur Shingote,6496,5,0.10,0.00,0.00,0.00,0.00,0.00,0.00,1.47,0.02,0.00,0.00,0.00,0.00,0.00,06-Aug,07-Aug,08-Aug,09-Aug,10-Aug,11-Aug,12-Aug,06-Aug,07-Aug,08-Aug,09-Aug,10-Aug,11-Aug,12-Aug,5,7,0
Nashik,Nashik,W M Nashik,Malegaon,Chandwad,20086730,Retro.Chandwad and WSS 44 villages. Ta. Chandwad,Ahirkhede,1089,1,0.00,0.00,0.16,0.00,0.00,0.56,0.00,0.02,0.00,14.55,0.00,0.00,51.80,0.00,06-Aug,07-Aug,08-Aug,09-Aug,10-Aug,11-Aug,12-Aug,06-Aug,07-Aug,08-Aug,09-Aug,10-Aug,11-Aug,12-Aug,4,7,0
Nashik,Nashik,W M Nashik,Malegaon,Chandwad,20086730,Retro.Chandwad and WSS 44 villages. Ta. Chandwad,Asarkhede,1473,1,0.00,0.00,0.00,0.00,0.74,0.00,0.00,0.00,0.00,0.00,0.00,50.02,0.00,0.00,06-Aug,07-Aug,08-Aug,09-Aug,10-Aug,11-Aug,12-Aug,06-Aug,07-Aug,08-Aug,09-Aug,10-Aug,11-Aug,12-Aug,6,7,0
Nashik,Nashik,W M Nashik,Malegaon,Chandwad,20086730,Retro.Chandwad and WSS 44 villages. Ta. Chandwad,Bharvir,1288,2,0.00,0.00,0.00,0.00,0.00,0.00,0.00,0.00,0.00,0.00,0.00,0.00,0.00,0.00,06-Aug,07-Aug,08-Aug,09-Aug,10-Aug,11-Aug,12-Aug,06-Aug,07-Aug,08-Aug,09-Aug,10-Aug,11-Aug,12-Aug,7,7,0
Nashik,Nashik,W M Nashik,Malegaon,Chandwad,20086730,Retro.Chandwad and WSS 44 villages. Ta. Chandwad,Bhutyane,1557,1,0.00,0.00,0.30,0.61,0.00,0.00,0.41,0.00,0.00,19.53,39.12,0.00,0.00,26.56,06-Aug,07-Aug,08-Aug,09-Aug,10-Aug,11-Aug,12-Aug,06-Aug,07-Aug,08-Aug,09-Aug,10-Aug,11-Aug,12-Aug,4,7,0
Nashik,Nashik,W M Nashik,Malegaon,Chandwad,20086730,Retro.Chandwad and WSS 44 villages. Ta. Chandwad,Chinchole,914,1,0.00,0.15,0.00,0.00,0.03,0.00,0.23,0.00,16.81,0.00,0.00,3.55,0.00,24.88,06-Aug,07-Aug,08-Aug,09-Aug,10-Aug,11-Aug,12-Aug,06-Aug,07-Aug,08-Aug,09-Aug,10-Aug,11-Aug,12-Aug,4,7,0
Nashik,Nashik,W M Nashik,Malegaon,Chandwad,20086730,Retro.Chandwad and WSS 44 villages. Ta. Chandwad,Dahiwad,639,1,0.83,0.00,0.00,0.57,0.08,0.00,0.61,129.18,0.00,0.00,89.81,11.94,0.00,95.16,06-Aug,07-Aug,08-Aug,09-Aug,10-Aug,11-Aug,12-Aug,06-Aug,07-Aug,08-Aug,09-Aug,10-Aug,11-Aug,12-Aug,3,4,3
Nashik,Nashik,W M Nashik,Malegaon,Chandwad,20086730,Retro.Chandwad and WSS 44 villages. Ta. Chandwad,Dhodambe,4197,1,0.31,1.01,0.82,0.99,0.86,0.26,1.17,7.41,23.96,19.42,23.52,20.40,6.23,27.81,06-Aug,07-Aug,08-Aug,09-Aug,10-Aug,11-Aug,12-Aug,06-Aug,07-Aug,08-Aug,09-Aug,10-Aug,11-Aug,12-Aug,0,7,0
Nashik,Nashik,W M Nashik,Malegaon,Chandwad,20086730,Retro.Chandwad and WSS 44 villages. Ta. Chandwad,Dighwad,2462,1,0.00,0.00,0.00,0.00,0.00,0.00,0.00,0.00,0.00,0.00,0.00,0.00,0.00,0.00,06-Aug,07-Aug,08-Aug,09-Aug,10-Aug,11-Aug,12-Aug,06-Aug,07-Aug,08-Aug,09-Aug,10-Aug,11-Aug,12-Aug,7,7,0
Nashik,Nashik,W M Nashik,Malegaon,Chandwad,20086730,Retro.Chandwad and WSS 44 villages. Ta. Chandwad,Dongargaon,1649,1,0.00,0.00,0.00,0.55,0.00,0.00,0.00,0.00,0.00,0.00,33.31,0.00,0.00,0.00,06-Aug,07-Aug,08-Aug,09-Aug,10-Aug,11-Aug,12-Aug,06-Aug,07-Aug,08-Aug,09-Aug,10-Aug,11-Aug,12-Aug,6,7,0
Nashik,Nashik,W M Nashik,Malegaon,Chandwad,20086730,Retro.Chandwad and WSS 44 villages. Ta. Chandwad,Dugaon,4741,1,0.00,0.00,0.00,0.00,0.00,0.00,0.00,0.00,0.00,0.00,0.00,0.00,0.00,0.00,06-Aug,07-Aug,08-Aug,09-Aug,10-Aug,11-Aug,12-Aug,06-Aug,07-Aug,08-Aug,09-Aug,10-Aug,11-Aug,12-Aug,7,7,0
Nashik,Nashik,W M Nashik,Malegaon,Chandwad,20086730,Retro.Chandwad and WSS 44 villages. Ta. Chandwad,Ekrukhe,693,1,0.00,0.00,0.00,0.00,0.00,0.00,0.00,0.00,0.00,0.00,0.00,0.00,0.00,0.00,06-Aug,07-Aug,08-Aug,09-Aug,10-Aug,11-Aug,12-Aug,06-Aug,07-Aug,08-Aug,09-Aug,10-Aug,11-Aug,12-Aug,7,7,0
Nashik,Nashik,W M Nashik,Malegaon,Chandwad,20086730,Retro.Chandwad and WSS 44 villages. Ta. Chandwad,Gangave,1658,1,0.00,0.00,0.00,0.01,0.76,0.00,0.00,0.00,0.00,0.00,0.80,46.05,0.00,0.00,06-Aug,07-Aug,08-Aug,09-Aug,10-Aug,11-Aug,12-Aug,06-Aug,07-Aug,08-Aug,09-Aug,10-Aug,11-Aug,12-Aug,5,7,0
Nashik,Nashik,W M Nashik,Malegaon,Chandwad,20086730,Retro.Chandwad and WSS 44 villages. Ta. Chandwad,Ganur,2555,1,0.00,0.00,0.06,0.06,0.88,0.00,0.01,0.00,0.00,2.32,2.28,34.45,0.00,0.51,06-Aug,07-Aug,08-Aug,09-Aug,10-Aug,11-Aug,12-Aug,06-Aug,07-Aug,08-Aug,09-Aug,10-Aug,11-Aug,12-Aug,3,7,0
Nashik,Nashik,W M Nashik,Malegaon,Chandwad,20086730,Retro.Chandwad and WSS 44 villages. Ta. Chandwad,Harnul,1053,1,0.00,0.00,0.00,0.00,0.00,0.00,0.00,0.02,0.00,0.00,0.00,0.00,0.00,0.02,06-Aug,07-Aug,08-Aug,09-Aug,10-Aug,11-Aug,12-Aug,06-Aug,07-Aug,08-Aug,09-Aug,10-Aug,11-Aug,12-Aug,5,7,0
Nashik,Nashik,W M Nashik,Malegaon,Chandwad,20086730,Retro.Chandwad and WSS 44 villages. Ta. Chandwad,Hatti,1161,1,0.36,0.14,0.36,0.15,0.00,0.15,0.28,30.67,12.41,30.95,12.78,0.00,13.23,23.69,06-Aug,07-Aug,08-Aug,09-Aug,10-Aug,11-Aug,12-Aug,06-Aug,07-Aug,08-Aug,09-Aug,10-Aug,11-Aug,12-Aug,1,7,0
Nashik,Nashik,W M Nashik,Malegaon,Chandwad,20086730,Retro.Chandwad and WSS 44 villages. Ta. Chandwad,Jaitapur,580,1,0.07,0.02,0.00,0.00,0.00,0.00,0.00,11.93,3.74,0.00,0.00,0.00,0.00,0.00,06-Aug,07-Aug,08-Aug,09-Aug,10-Aug,11-Aug,12-Aug,06-Aug,07-Aug,08-Aug,09-Aug,10-Aug,11-Aug,12-Aug,5,7,0
Nashik,Nashik,W M Nashik,Malegaon,Chandwad,20086730,Retro.Chandwad and WSS 44 villages. Ta. Chandwad,Kalkhode,1543,2,0.00,0.00,0.00,0.00,0.00,0.00,0.00,0.00,0.00,0.00,0.00,0.00,0.00,0.00,06-Aug,07-Aug,08-Aug,09-Aug,10-Aug,11-Aug,12-Aug,06-Aug,07-Aug,08-Aug,09-Aug,10-Aug,11-Aug,12-Aug,7,7,0
Nashik,Nashik,W M Nashik,Malegaon,Chandwad,20086730,Retro.Chandwad and WSS 44 villages. Ta. Chandwad,Kanmandale,3261,2,0.88,0.13,0.45,0.33,0.74,0.00,0.47,27.09,4.03,13.77,10.03,22.71,0.00,14.34,06-Aug,07-Aug,08-Aug,09-Aug,10-Aug,11-Aug,12-Aug,06-Aug,07-Aug,08-Aug,09-Aug,10-Aug,11-Aug,12-Aug,1,7,0
Nashik,Nashik,W M Nashik,Malegaon,Chandwad,20086730,Retro.Chandwad and WSS 44 villages. Ta. Chandwad,Kheldari,2246,2,0.00,0.00,0.00,0.00,0.00,0.00,0.00,0.00,0.00,0.00,0.00,0.00,0.00,0.00,06-Aug,07-Aug,08-Aug,09-Aug,10-Aug,11-Aug,12-Aug,06-Aug,07-Aug,08-Aug,09-Aug,10-Aug,11-Aug,12-Aug,7,7,0
Nashik,Nashik,W M Nashik,Malegaon,Chandwad,20086730,Retro.Chandwad and WSS 44 villages. Ta. Chandwad,Kokankhede,1991,2,0.00,0.00,0.00,0.00,0.00,0.00,0.00,0.00,0.00,0.00,0.00,0.00,0.00,0.00,06-Aug,07-Aug,08-Aug,09-Aug,10-Aug,11-Aug,12-Aug,06-Aug,07-Aug,08-Aug,09-Aug,10-Aug,11-Aug,12-Aug,7,7,0
Nashik,Nashik,W M Nashik,Malegaon,Chandwad,20086730,Retro.Chandwad and WSS 44 villages. Ta. Chandwad,Koltek,796,1,0.00,0.00,0.00,0.00,0.67,0.58,0.00,0.00,0.00,0.00,0.00,84.26,72.54,0.00,06-Aug,07-Aug,08-Aug,09-Aug,10-Aug,11-Aug,12-Aug,06-Aug,07-Aug,08-Aug,09-Aug,10-Aug,11-Aug,12-Aug,5,5,2
Nashik,Nashik,W M Nashik,Malegaon,Chandwad,20086730,Retro.Chandwad and WSS 44 villages. Ta. Chandwad,Mangrul,2328,2,0.00,0.00,0.00,0.00,0.00,0.00,0.00,0.00,0.00,0.00,0.00,0.00,0.00,0.00,06-Aug,07-Aug,08-Aug,09-Aug,10-Aug,11-Aug,12-Aug,06-Aug,07-Aug,08-Aug,09-Aug,10-Aug,11-Aug,12-Aug,7,7,0
Nashik,Nashik,W M Nashik,Malegaon,Chandwad,20086730,Retro.Chandwad and WSS 44 villages. Ta. Chandwad,Nhanave,1019,1,0.00,0.05,0.81,0.00,0.58,0.00,0.00,0.00,5.22,79.40,0.00,56.93,0.00,0.00,06-Aug,07-Aug,08-Aug,09-Aug,10-Aug,11-Aug,12-Aug,06-Aug,07-Aug,08-Aug,09-Aug,10-Aug,11-Aug,12-Aug,4,5,2
Nashik,Nashik,W M Nashik,Malegaon,Chandwad,20086730,Retro.Chandwad and WSS 44 villages. Ta. Chandwad,Nimbale,2139,1,0.00,0.00,0.00,0.15,1.00,0.00,0.00,0.00,0.00,0.00,7.15,46.90,0.00,0.00,06-Aug,07-Aug,08-Aug,09-Aug,10-Aug,11-Aug,12-Aug,06-Aug,07-Aug,08-Aug,09-Aug,10-Aug,11-Aug,12-Aug,5,7,0
Nashik,Nashik,W M Nashik,Malegaon,Chandwad,20086730,Retro.Chandwad and WSS 44 villages. Ta. Chandwad,Nimgavhan,1004,1,0.00,0.00,0.00,0.00,0.00,0.00,0.00,0.00,0.00,0.00,0.00,0.00,0.00,0.00,06-Aug,07-Aug,08-Aug,09-Aug,10-Aug,11-Aug,12-Aug,06-Aug,07-Aug,08-Aug,09-Aug,10-Aug,11-Aug,12-Aug,7,7,0
Nashik,Nashik,W M Nashik,Malegaon,Chandwad,20086730,Retro.Chandwad and WSS 44 villages. Ta. Chandwad,Panhale,1484,1,0.00,0.44,0.00,0.00,0.17,0.00,0.00,0.00,29.72,0.00,0.00,11.18,0.00,0.00,06-Aug,07-Aug,08-Aug,09-Aug,10-Aug,11-Aug,12-Aug,06-Aug,07-Aug,08-Aug,09-Aug,10-Aug,11-Aug,12-Aug,5,7,0
Nashik,Nashik,W M Nashik,Malegaon,Chandwad,20086730,Retro.Chandwad and WSS 44 villages. Ta. Chandwad,Pate,985,1,0.00,0.00,0.00,0.00,0.00,0.00,0.00,0.00,0.00,0.00,0.00,0.00,0.00,0.00,06-Aug,07-Aug,08-Aug,09-Aug,10-Aug,11-Aug,12-Aug,06-Aug,07-Aug,08-Aug,09-Aug,10-Aug,11-Aug,12-Aug,7,7,0
Nashik,Nashik,W M Nashik,Malegaon,Chandwad,20086730,Retro.Chandwad and WSS 44 villages. Ta. Chandwad,Patharshembe,2150,1,0.00,0.00,0.03,0.75,0.00,0.00,0.23,0.00,0.00,1.31,34.77,0.00,0.00,10.63,06-Aug,07-Aug,08-Aug,09-Aug,10-Aug,11-Aug,12-Aug,06-Aug,07-Aug,08-Aug,09-Aug,10-Aug,11-Aug,12-Aug,4,7,0
Nashik,Nashik,W M Nashik,Malegaon,Chandwad,20086730,Retro.Chandwad and WSS 44 villages. Ta. Chandwad,Pimpalgaon Dabali,919,1,0.00,0.00,0.00,0.00,0.00,0.00,0.00,0.00,0.00,0.00,0.00,0.00,0.00,0.00,06-Aug,07-Aug,08-Aug,09-Aug,10-Aug,11-Aug,12-Aug,06-Aug,07-Aug,08-Aug,09-Aug,10-Aug,11-Aug,12-Aug,7,7,0
Nashik,Nashik,W M Nashik,Malegaon,Chandwad,20086730,Retro.Chandwad and WSS 44 villages. Ta. Chandwad,Puri,2836,1,0.00,0.00,0.00,0.00,0.00,0.00,0.00,0.00,0.00,0.00,0.00,0.00,0.00,0.00,06-Aug,07-Aug,08-Aug,09-Aug,10-Aug,11-Aug,12-Aug,06-Aug,07-Aug,08-Aug,09-Aug,10-Aug,11-Aug,12-Aug,7,7,0
Nashik,Nashik,W M Nashik,Malegaon,Chandwad,20086730,Retro.Chandwad and WSS 44 villages. Ta. Chandwad,Raypur,3624,1,0.00,1.01,0.23,1.11,0.18,0.06,0.00,0.00,27.90,6.42,30.69,5.10,1.57,0.00,06-Aug,07-Aug,08-Aug,09-Aug,10-Aug,11-Aug,12-Aug,06-Aug,07-Aug,08-Aug,09-Aug,10-Aug,11-Aug,12-Aug,2,7,0
Nashik,Nashik,W M Nashik,Malegaon,Chandwad,20086730,Retro.Chandwad and WSS 44 villages. Ta. Chandwad,Redgaon Kh,1898,1,0.00,0.00,0.00,0.00,0.00,0.00,0.00,0.00,0.00,0.00,0.00,0.00,0.00,0.00,06-Aug,07-Aug,08-Aug,09-Aug,10-Aug,11-Aug,12-Aug,06-Aug,07-Aug,08-Aug,09-Aug,10-Aug,11-Aug,12-Aug,7,7,0
Nashik,Nashik,W M Nashik,Malegaon,Chandwad,20086730,Retro.Chandwad and WSS 44 villages. Ta. Chandwad,Salsane,1435,1,0.00,0.00,0.00,0.00,0.00,0.95,0.43,0.00,0.00,0.00,0.00,0.00,66.17,29.66,06-Aug,07-Aug,08-Aug,09-Aug,10-Aug,11-Aug,12-Aug,06-Aug,07-Aug,08-Aug,09-Aug,10-Aug,11-Aug,12-Aug,5,6,1
Nashik,Nashik,W M Nashik,Malegaon,Chandwad,20086730,Retro.Chandwad and WSS 44 villages. Ta. Chandwad,Shelu Matha,1622,1,0.00,0.00,0.00,0.00,0.00,0.00,0.00,0.00,0.00,0.00,0.00,0.00,0.00,0.00,06-Aug,07-Aug,08-Aug,09-Aug,10-Aug,11-Aug,12-Aug,06-Aug,07-Aug,08-Aug,09-Aug,10-Aug,11-Aug,12-Aug,7,7,0
Nashik,Nashik,W M Nashik,Malegaon,Chandwad,20086730,Retro.Chandwad and WSS 44 villages. Ta. Chandwad,Shelu Varche,1622,1,0.00,0.00,0.00,0.00,0.00,0.00,0.00,0.00,0.00,0.00,0.00,0.00,0.00,0.00,06-Aug,07-Aug,08-Aug,09-Aug,10-Aug,11-Aug,12-Aug,06-Aug,07-Aug,08-Aug,09-Aug,10-Aug,11-Aug,12-Aug,7,7,0
Nashik,Nashik,W M Nashik,Malegaon,Chandwad,20086730,Retro.Chandwad and WSS 44 villages. Ta. Chandwad,Shinde,1804,2,0.30,0.00,0.28,0.00,0.00,0.00,0.40,16.86,0.00,15.60,0.00,0.00,0.00,22.27,06-Aug,07-Aug,08-Aug,09-Aug,10-Aug,11-Aug,12-Aug,06-Aug,07-Aug,08-Aug,09-Aug,10-Aug,11-Aug,12-Aug,4,7,0
Nashik,Nashik,W M Nashik,Malegaon,Chandwad,20086730,Retro.Chandwad and WSS 44 villages. Ta. Chandwad,Shirsane,1717,1,0.00,0.00,0.56,0.00,0.60,0.00,0.55,0.00,0.00,32.34,0.00,34.69,0.00,32.25,06-Aug,07-Aug,08-Aug,09-Aug,10-Aug,11-Aug,12-Aug,06-Aug,07-Aug,08-Aug,09-Aug,10-Aug,11-Aug,12-Aug,4,7,0
Nashik,Nashik,W M Nashik,Malegaon,Chandwad,20086730,Retro.Chandwad and WSS 44 villages. Ta. Chandwad,Shirur,1835,2,0.00,0.00,0.00,0.00,0.00,0.00,0.00,0.00,0.00,0.00,0.00,0.00,0.00,0.00,06-Aug,07-Aug,08-Aug,09-Aug,10-Aug,11-Aug,12-Aug,06-Aug,07-Aug,08-Aug,09-Aug,10-Aug,11-Aug,12-Aug,7,7,0
Nashik,Nashik,W M Nashik,Malegaon,Chandwad,20086730,Retro.Chandwad and WSS 44 villages. Ta. Chandwad,Sogras,1649,1,0.00,0.00,0.00,0.00,0.00,0.00,0.00,0.00,0.00,0.00,0.00,0.00,0.00,0.00,06-Aug,07-Aug,08-Aug,09-Aug,10-Aug,11-Aug,12-Aug,06-Aug,07-Aug,08-Aug,09-Aug,10-Aug,11-Aug,12-Aug,7,7,0
Nashik,Nashik,W M Nashik,Malegaon,Chandwad,20086730,Retro.Chandwad and WSS 44 villages. Ta. Chandwad,Soni Sangvi,764,1,0.00,0.00,0.00,0.00,0.00,0.00,0.00,0.00,0.00,0.00,0.00,0.00,0.00,0.00,06-Aug,07-Aug,08-Aug,09-Aug,10-Aug,11-Aug,12-Aug,06-Aug,07-Aug,08-Aug,09-Aug,10-Aug,11-Aug,12-Aug,7,7,0
Nashik,Nashik,W M Nashik,Malegaon,Chandwad,20086730,Retro.Chandwad and WSS 44 villages. Ta. Chandwad,Sutarkhede,1742,1,0.00,0.83,0.23,0.00,0.84,0.00,0.00,0.00,47.59,13.10,0.00,48.23,0.00,0.00,06-Aug,07-Aug,08-Aug,09-Aug,10-Aug,11-Aug,12-Aug,06-Aug,07-Aug,08-Aug,09-Aug,10-Aug,11-Aug,12-Aug,4,7,0
Nashik,Nashik,W M Nashik,Malegaon,Chandwad,20086730,Retro.Chandwad and WSS 44 villages. Ta. Chandwad,Talegaon Rohi,8039,1,0.00,0.00,0.00,0.00,0.00,0.00,0.00,0.00,0.00,0.00,0.00,0.00,0.00,0.00,06-Aug,07-Aug,08-Aug,09-Aug,10-Aug,11-Aug,12-Aug,06-Aug,07-Aug,08-Aug,09-Aug,10-Aug,11-Aug,12-Aug,7,7,0
Nashik,Nashik,W M Nashik,Malegaon,Chandwad,20086730,Retro.Chandwad and WSS 44 villages. Ta. Chandwad,Talwade,925,1,0.00,0.00,0.00,0.00,0.00,0.00,0.00,0.00,0.00,0.00,0.00,0.00,0.00,0.00,06-Aug,07-Aug,08-Aug,09-Aug,10-Aug,11-Aug,12-Aug,06-Aug,07-Aug,08-Aug,09-Aug,10-Aug,11-Aug,12-Aug,7,7,0
Nashik,Nashik,W M Nashik,Malegaon,Chandwad,20086730,Retro.Chandwad and WSS 44 villages. Ta. Chandwad,Vadalibhoi,9581,2,0.00,0.00,1.00,2.42,1.58,1.76,0.94,0.00,0.00,10.48,25.28,16.44,18.40,9.83,06-Aug,07-Aug,08-Aug,09-Aug,10-Aug,11-Aug,12-Aug,06-Aug,07-Aug,08-Aug,09-Aug,10-Aug,11-Aug,12-Aug,2,7,0
Nashik,Nashik,W M Nashik,Malegaon,Chandwad,20086730,Retro.Chandwad and WSS 44 villages. Ta. Chandwad,Vahegaonsal,4062,1,0.00,0.00,0.00,0.00,0.78,0.00,0.00,0.00,0.00,0.00,0.00,19.30,0.00,0.00,06-Aug,07-Aug,08-Aug,09-Aug,10-Aug,11-Aug,12-Aug,06-Aug,07-Aug,08-Aug,09-Aug,10-Aug,11-Aug,12-Aug,6,7,0
Nashik,Nashik,W M Nashik,Malegaon,Chandwad,20086730,Retro.Chandwad and WSS 44 villages. Ta. Chandwad,Vaki Bk,1542,1,0.00,0.00,0.00,0.00,0.00,0.00,0.00,0.00,0.00,0.00,0.00,0.00,0.00,0.00,06-Aug,07-Aug,08-Aug,09-Aug,10-Aug,11-Aug,12-Aug,06-Aug,07-Aug,08-Aug,09-Aug,10-Aug,11-Aug,12-Aug,7,7,0
Nashik,Nashik,W M Nashik,Malegaon,Chandwad,20086730,Retro.Chandwad and WSS 44 villages. Ta. Chandwad,Vaki Kh,2158,1,0.00,0.00,0.00,0.00,0.00,1.96,0.00,0.00,0.00,0.00,0.00,0.00,90.94,0.00,06-Aug,07-Aug,08-Aug,09-Aug,10-Aug,11-Aug,12-Aug,06-Aug,07-Aug,08-Aug,09-Aug,10-Aug,11-Aug,12-Aug,6,6,1
Nashik,Nashik,W M Nashik,Malegaon,Chandwad,20086730,Retro.Chandwad and WSS 44 villages. Ta. Chandwad,Vijaynagar,905,1,0.23,0.00,0.00,0.25,0.00,0.00,0.25,25.65,0.00,0.00,27.94,0.00,0.00,27.92,06-Aug,07-Aug,08-Aug,09-Aug,10-Aug,11-Aug,12-Aug,06-Aug,07-Aug,08-Aug,09-Aug,10-Aug,11-Aug,12-Aug,4,7,0
Nashik,Nashik,W M Nashik,Malegaon,Chandwad,20086730,Retro.Chandwad and WSS 44 villages. Ta. Chandwad,Vitave,1920,1,0.63,0.03,0.48,0.70,0.04,0.39,0.04,32.92,1.35,24.95,36.30,1.86,20.43,1.99,06-Aug,07-Aug,08-Aug,09-Aug,10-Aug,11-Aug,12-Aug,06-Aug,07-Aug,08-Aug,09-Aug,10-Aug,11-Aug,12-Aug,0,7,0
Nashik,Nashik,W M Nashik,Malegaon,Malegaon,20018579,Malmatha and 25 villages Ta. Malegaon,Astane,4436,3,5.41,4.79,2.66,3.06,4.57,1.80,2.81,121.90,108.02,60.01,69.09,102.92,40.58,63.43,06-Aug,07-Aug,08-Aug,09-Aug,10-Aug,11-Aug,12-Aug,06-Aug,07-Aug,08-Aug,09-Aug,10-Aug,11-Aug,12-Aug,0,1,6
Nashik,Nashik,W M Nashik,Malegaon,Malegaon,20018579,Malmatha and 25 villages Ta. Malegaon,Dahidi,2354,1,0.53,0.87,0.38,0.64,0.63,0.68,0.66,22.57,37.16,16.03,27.35,26.85,28.82,28.12,06-Aug,07-Aug,08-Aug,09-Aug,10-Aug,11-Aug,12-Aug,06-Aug,07-Aug,08-Aug,09-Aug,10-Aug,11-Aug,12-Aug,0,7,0
Nashik,Nashik,W M Nashik,Malegaon,Malegaon,20018579,Malmatha and 25 villages Ta. Malegaon,Dasane,1186,1,0.00,0.00,0.00,0.00,0.00,0.01,4.12,0.00,0.00,0.00,0.00,0.00,1.19,347.17,06-Aug,07-Aug,08-Aug,09-Aug,10-Aug,11-Aug,12-Aug,06-Aug,07-Aug,08-Aug,09-Aug,10-Aug,11-Aug,12-Aug,5,6,1
Nashik,Nashik,W M Nashik,Malegaon,Malegaon,20018579,Malmatha and 25 villages Ta. Malegaon,Lonwade,1505,1,0.00,0.00,0.00,0.00,0.00,3.39,2.50,0.00,0.00,0.00,0.00,0.00,225.58,166.03,06-Aug,07-Aug,08-Aug,09-Aug,10-Aug,11-Aug,12-Aug,06-Aug,07-Aug,08-Aug,09-Aug,10-Aug,11-Aug,12-Aug,5,5,2
Nashik,Nashik,W M Nashik,Malegaon,Malegaon,20018682,Dhahiwal &25 Villages WSS Tal Malegaon,Bodhe,540,2,1.82,0.62,0.00,0.00,0.00,0.00,0.00,337.39,115.42,0.00,0.00,0.00,0.00,0.00,06-Aug,07-Aug,08-Aug,09-Aug,10-Aug,11-Aug,12-Aug,06-Aug,07-Aug,08-Aug,09-Aug,10-Aug,11-Aug,12-Aug,5,5,2
Nashik,Nashik,W M Nashik,Malegaon,Malegaon,20018682,Dhahiwal &25 Villages WSS Tal Malegaon,Dahiwal,3362,2,12.85,0.00,0.00,0.00,0.00,0.00,0.53,382.15,0.00,0.00,0.00,0.00,0.00,15.81,06-Aug,07-Aug,08-Aug,09-Aug,10-Aug,11-Aug,12-Aug,06-Aug,07-Aug,08-Aug,09-Aug,10-Aug,11-Aug,12-Aug,5,6,1
Nashik,Nashik,W M Nashik,Malegaon,Malegaon,20018682,Dhahiwal &25 Villages WSS Tal Malegaon,Devarpada,3639,2,0.00,1.82,0.00,0.00,12.21,2.69,0.00,0.00,50.13,0.00,0.00,335.61,73.91,0.00,06-Aug,07-Aug,08-Aug,09-Aug,10-Aug,11-Aug,12-Aug,06-Aug,07-Aug,08-Aug,09-Aug,10-Aug,11-Aug,12-Aug,4,5,2
Nashik,Nashik,W M Nashik,Malegaon,Malegaon,20018682,Dhahiwal &25 Villages WSS Tal Malegaon,Hiswal,2038,1,0.00,0.05,3.21,2.04,0.01,0.00,0.00,0.00,2.68,157.27,100.02,0.28,0.00,0.00,06-Aug,07-Aug,08-Aug,09-Aug,10-Aug,11-Aug,12-Aug,06-Aug,07-Aug,08-Aug,09-Aug,10-Aug,11-Aug,12-Aug,3,5,2
Nashik,Nashik,W M Nashik,Malegaon,Malegaon,20018682,Dhahiwal &25 Villages WSS Tal Malegaon,Nale,575,1,0.07,0.00,0.00,0.00,0.00,0.00,3.05,13.00,0.00,0.00,0.00,0.00,0.00,530.15,06-Aug,07-Aug,08-Aug,09-Aug,10-Aug,11-Aug,12-Aug,06-Aug,07-Aug,08-Aug,09-Aug,10-Aug,11-Aug,12-Aug,5,6,1
Nashik,Nashik,W M Nashik,Malegaon,Malegaon,20018682,Dhahiwal &25 Villages WSS Tal Malegaon,Roze,1159,2,1.74,1.43,0.00,0.00,0.00,0.00,0.00,150.18,123.52,0.00,0.00,0.00,0.00,0.00,06-Aug,07-Aug,08-Aug,09-Aug,10-Aug,11-Aug,12-Aug,06-Aug,07-Aug,08-Aug,09-Aug,10-Aug,11-Aug,12-Aug,5,5,2
Nashik,Nashik,W M Nashik,Malegaon,Malegaon,20018682,Dhahiwal &25 Villages WSS Tal Malegaon,Shendurni,1323,2,0.00,0.93,0.00,0.00,0.00,5.55,2.68,0.00,70.25,0.00,0.00,0.00,419.14,202.54,06-Aug,07-Aug,08-Aug,09-Aug,10-Aug,11-Aug,12-Aug,06-Aug,07-Aug,08-Aug,09-Aug,10-Aug,11-Aug,12-Aug,4,4,3
Nashik,Nashik,W M Nashik,Malegaon,Malegaon,20018682,Dhahiwal &25 Villages WSS Tal Malegaon,Sherul,2637,2,0.00,1.83,8.68,1.35,0.00,0.00,0.00,0.00,69.47,329.33,51.15,0.00,0.00,0.00,06-Aug,07-Aug,08-Aug,09-Aug,10-Aug,11-Aug,12-Aug,06-Aug,07-Aug,08-Aug,09-Aug,10-Aug,11-Aug,12-Aug,4,5,2
Nashik,Nashik,W M Nashik,Sinnar,Naigaon,20028193,Retrofitting To Wadzire (Naigaon) & 4 Villages RRWSS,Moh- Mahadari,1025,1,2.91,0.00,0.00,0.00,0.00,0.51,3.06,284.24,0.00,0.00,0.00,0.00,49.49,298.64,06-Aug,07-Aug,08-Aug,09-Aug,10-Aug,11-Aug,12-Aug,06-Aug,07-Aug,08-Aug,09-Aug,10-Aug,11-Aug,12-Aug,4,5,2
Nashik,Nashik,W M Nashik,Sinnar,Naigaon,20028193,Retrofitting To Wadzire (Naigaon) & 4 Villages RRWSS,Wadzire,3369,2,0.48,0.04,0.14,1.93,3.07,0.06,0.12,14.22,1.05,4.08,57.26,91.08,1.81,3.50,06-Aug,07-Aug,08-Aug,09-Aug,10-Aug,11-Aug,12-Aug,06-Aug,07-Aug,08-Aug,09-Aug,10-Aug,11-Aug,12-Aug,0,5,2
Nashik,Nashik,W M Nashik,W.M.Nashik,Dindori,20039258,Ozar-Sakore & 2 Villages,Janori,7926,1,2.62,2.61,2.45,2.57,3.42,2.92,2.79,33.11,32.90,30.94,32.45,43.17,36.90,35.16,06-Aug,07-Aug,08-Aug,09-Aug,10-Aug,11-Aug,12-Aug,06-Aug,07-Aug,08-Aug,09-Aug,10-Aug,11-Aug,12-Aug,0,7,0
Nashik,Nashik,W M Nashik,W.M.Nashik,Dindori,20039258,Ozar-Sakore & 2 Villages,Mohadi,5078,3,0.28,3.37,0.33,3.14,1.23,3.12,0.66,5.49,66.30,6.43,61.79,24.29,61.40,13.01,06-Aug,07-Aug,08-Aug,09-Aug,10-Aug,11-Aug,12-Aug,06-Aug,07-Aug,08-Aug,09-Aug,10-Aug,11-Aug,12-Aug,0,4,3
Nashik,Nashik,W M Nashik,W.M.Nashik,Dindori,20039676,Mulane & 3Villages RRWSS Tal. Dindori,Babapur,964,1,0.61,0.00,0.87,0.28,0.00,0.65,0.00,63.13,0.00,90.42,29.35,0.00,67.56,0.00,06-Aug,07-Aug,08-Aug,09-Aug,10-Aug,11-Aug,12-Aug,06-Aug,07-Aug,08-Aug,09-Aug,10-Aug,11-Aug,12-Aug,3,4,3
Nashik,Nashik,W M Nashik,W.M.Nashik,Dindori,20039676,Mulane & 3Villages RRWSS Tal. Dindori,Mulane,1003,1,0.00,0.00,0.00,0.00,0.00,0.00,0.00,0.00,0.00,0.00,0.00,0.00,0.00,0.00,06-Aug,07-Aug,08-Aug,09-Aug,10-Aug,11-Aug,12-Aug,06-Aug,07-Aug,08-Aug,09-Aug,10-Aug,11-Aug,12-Aug,7,7,0
Nashik,Nashik,W M Nashik,W.M.Nashik,Dindori,20039676,Mulane & 3Villages RRWSS Tal. Dindori,Sangamner,1076,1,0.00,0.00,0.00,0.00,0.00,0.00,0.00,0.00,0.00,0.00,0.00,0.00,0.00,0.00,06-Aug,07-Aug,08-Aug,09-Aug,10-Aug,11-Aug,12-Aug,06-Aug,07-Aug,08-Aug,09-Aug,10-Aug,11-Aug,12-Aug,7,7,0
Nashik,Nashik,W M Nashik,W.M.Nashik,Dindori,20039676,Mulane & 3Villages RRWSS Tal. Dindori,Talegaon Vani,2106,4,0.00,0.01,0.01,0.01,0.02,0.01,0.00,0.00,0.33,0.42,0.40,0.76,0.28,0.13,06-Aug,07-Aug,08-Aug,09-Aug,10-Aug,11-Aug,12-Aug,06-Aug,07-Aug,08-Aug,09-Aug,10-Aug,11-Aug,12-Aug,1,7,0
Nashik,Nashik,W M Nashik,W.M.Nashik,Nifad,20039258,Ozar-Sakore & 2 Villages,Ozar,86060,4,2.82,2.90,2.83,2.83,2.87,2.75,3.00,3.27,3.37,3.29,3.29,3.33,3.20,3.48,06-Aug,07-Aug,08-Aug,09-Aug,10-Aug,11-Aug,12-Aug,06-Aug,07-Aug,08-Aug,09-Aug,10-Aug,11-Aug,12-Aug,0,7,0
Nashik,Nashik,W M Nashik,W.M.Nashik,Nifad,20039258,Ozar-Sakore & 2 Villages,Sakore,4107,2,1.62,0.00,1.90,0.00,0.00,1.47,0.00,39.45,0.01,46.17,0.00,0.00,35.83,0.00,06-Aug,07-Aug,08-Aug,09-Aug,10-Aug,11-Aug,12-Aug,06-Aug,07-Aug,08-Aug,09-Aug,10-Aug,11-Aug,12-Aug,3,7,0
Nagpur,Chandrapur,Chandrapur,Chandrapur,Chandrapur,20050368,Chinchala and 7 Villages RR Water Supply Scheme,Chinchala,240,3,0.00,0.00,0.00,0.00,0.00,0.00,0.00,0.00,0.00,0.00,0.00,0.00,0.00,0.00,06-Aug,07-Aug,08-Aug,09-Aug,10-Aug,11-Aug,12-Aug,06-Aug,07-Aug,08-Aug,09-Aug,10-Aug,11-Aug,12-Aug,7,7,0
Nagpur,Chandrapur,Chandrapur,Chandrapur,Chandrapur,20050368,Chinchala and 7 Villages RR Water Supply Scheme,Dhanora,1564,4,1.05,0.00,0.57,6.10,1.78,2.43,3.80,67.14,0.00,36.45,390.03,113.81,155.37,242.81,06-Aug,07-Aug,08-Aug,09-Aug,10-Aug,11-Aug,12-Aug,06-Aug,07-Aug,08-Aug,09-Aug,10-Aug,11-Aug,12-Aug,1,2,5
Nagpur,Chandrapur,Chandrapur,Chandrapur,Chandrapur,20050368,Chinchala and 7 Villages RR Water Supply Scheme,Mahakurla,556,1,0.00,0.00,0.00,0.00,0.00,0.00,0.00,0.00,0.00,0.00,0.00,0.00,0.00,0.00,06-Aug,07-Aug,08-Aug,09-Aug,10-Aug,11-Aug,12-Aug,06-Aug,07-Aug,08-Aug,09-Aug,10-Aug,11-Aug,12-Aug,7,7,0
Nagpur,Chandrapur,Chandrapur,Chandrapur,Chandrapur,20050368,Chinchala and 7 Villages RR Water Supply Scheme,Nagala,1356,2,0.00,0.00,0.00,0.00,0.00,0.00,0.00,0.00,0.00,0.00,0.00,0.00,0.00,0.00,06-Aug,07-Aug,08-Aug,09-Aug,10-Aug,11-Aug,12-Aug,06-Aug,07-Aug,08-Aug,09-Aug,10-Aug,11-Aug,12-Aug,7,7,0
Nagpur,Chandrapur,Chandrapur,Chandrapur,Chandrapur,20050368,Chinchala and 7 Villages RR Water Supply Scheme,Pipari,888,2,0.00,0.00,0.00,0.00,0.00,0.00,0.00,0.00,0.00,0.00,0.00,0.00,0.00,0.00,06-Aug,07-Aug,08-Aug,09-Aug,10-Aug,11-Aug,12-Aug,06-Aug,07-Aug,08-Aug,09-Aug,10-Aug,11-Aug,12-Aug,7,7,0
Nagpur,Chandrapur,Chandrapur,Chandrapur,Chandrapur,20050368,Chinchala and 7 Villages RR Water Supply Scheme,Sidur,1000,2,0.00,0.00,0.00,0.00,0.00,0.00,0.00,0.00,0.00,0.00,0.00,0.00,0.00,0.00,06-Aug,07-Aug,08-Aug,09-Aug,10-Aug,11-Aug,12-Aug,06-Aug,07-Aug,08-Aug,09-Aug,10-Aug,11-Aug,12-Aug,7,7,0
Nagpur,Chandrapur,Chandrapur,Chandrapur,Chandrapur,20050368,Chinchala and 7 Villages RR Water Supply Scheme,Vendli,936,2,0.26,0.00,0.00,0.00,0.00,0.00,0.00,27.70,0.00,0.00,0.00,0.00,0.00,0.00,06-Aug,07-Aug,08-Aug,09-Aug,10-Aug,11-Aug,12-Aug,06-Aug,07-Aug,08-Aug,09-Aug,10-Aug,11-Aug,12-Aug,6,7,0
Nagpur,Chandrapur,Chandrapur,Chandrapur,Chandrapur,20050368,Chinchala and 7 Villages RR Water Supply Scheme,Wandhari,568,2,0.00,0.00,0.00,0.00,0.00,0.00,0.00,0.00,0.00,0.00,0.00,0.00,0.00,0.00,06-Aug,07-Aug,08-Aug,09-Aug,10-Aug,11-Aug,12-Aug,06-Aug,07-Aug,08-Aug,09-Aug,10-Aug,11-Aug,12-Aug,7,7,0
Nagpur,Chandrapur,Chandrapur,Gadchiroli,Aheri,7890975,Allapalli-Nagapalli RR,Allapalli,14263,1,8.96,16.55,18.44,19.79,21.11,21.01,20.54,62.79,116.05,129.29,138.72,147.97,147.27,144.02,06-Aug,07-Aug,08-Aug,09-Aug,10-Aug,11-Aug,12-Aug,06-Aug,07-Aug,08-Aug,09-Aug,10-Aug,11-Aug,12-Aug,0,0,7
Nagpur,Chandrapur,Chandrapur,Gadchiroli,Aheri,7890975,Allapalli-Nagapalli RR,Nagepalli,4334,1,0.00,0.00,0.00,0.00,0.00,0.00,0.00,0.00,0.00,0.00,0.00,0.00,0.00,0.00,06-Aug,07-Aug,08-Aug,09-Aug,10-Aug,11-Aug,12-Aug,06-Aug,07-Aug,08-Aug,09-Aug,10-Aug,11-Aug,12-Aug,7,7,0
Nagpur,Chandrapur,Chandrapur,Gadchiroli,Korpana,20050391,Nimani & 5 Villages RR Water Supply Scheme,Bhkhardi,1950,1,0.00,0.00,0.00,0.00,0.00,0.00,0.00,0.00,0.01,0.00,0.00,0.01,0.03,0.00,06-Aug,07-Aug,08-Aug,09-Aug,10-Aug,11-Aug,12-Aug,06-Aug,07-Aug,08-Aug,09-Aug,10-Aug,11-Aug,12-Aug,4,7,0
Nagpur,Chandrapur,Chandrapur,Gadchiroli,Korpana,20050391,Nimani & 5 Villages RR Water Supply Scheme,Hirapur,1067,1,0.00,0.00,0.00,0.00,0.00,0.00,0.00,0.00,0.00,0.00,0.00,0.00,0.00,0.00,06-Aug,07-Aug,08-Aug,09-Aug,10-Aug,11-Aug,12-Aug,06-Aug,07-Aug,08-Aug,09-Aug,10-Aug,11-Aug,12-Aug,7,7,0
Nagpur,Chandrapur,Chandrapur,Gadchiroli,Korpana,20050391,Nimani & 5 Villages RR Water Supply Scheme,Kawathala,2098,2,0.00,0.00,0.00,0.00,0.00,0.00,0.00,0.00,0.00,0.00,0.00,0.00,0.00,0.00,06-Aug,07-Aug,08-Aug,09-Aug,10-Aug,11-Aug,12-Aug,06-Aug,07-Aug,08-Aug,09-Aug,10-Aug,11-Aug,12-Aug,7,7,0
Nagpur,Chandrapur,Chandrapur,Gadchiroli,Korpana,20050391,Nimani & 5 Villages RR Water Supply Scheme,Nandgaon,,2,0.00,0.00,0.00,0.00,0.00,0.00,0.00,0.00,0.00,0.00,0.00,0.00,0.00,0.00,06-Aug,07-Aug,08-Aug,09-Aug,10-Aug,11-Aug,12-Aug,06-Aug,07-Aug,08-Aug,09-Aug,10-Aug,11-Aug,12-Aug,7,7,0
Nagpur,Chandrapur,Chandrapur,Gadchiroli,Korpana,20050391,Nimani & 5 Villages RR Water Supply Scheme,Nimni,1583,1,0.00,0.00,0.00,0.00,0.00,0.00,0.00,0.00,0.00,0.00,0.00,0.00,0.00,0.00,06-Aug,07-Aug,08-Aug,09-Aug,10-Aug,11-Aug,12-Aug,06-Aug,07-Aug,08-Aug,09-Aug,10-Aug,11-Aug,12-Aug,7,7,0
Nagpur,Chandrapur,Chandrapur,Gadchiroli,Korpana,20050391,Nimani & 5 Villages RR Water Supply Scheme,Talodhi,1180,2,0.00,0.00,0.00,0.00,0.00,0.00,0.00,0.00,0.00,0.00,0.00,0.00,0.00,0.00,06-Aug,07-Aug,08-Aug,09-Aug,10-Aug,11-Aug,12-Aug,06-Aug,07-Aug,08-Aug,09-Aug,10-Aug,11-Aug,12-Aug,7,7,0
Nagpur,Chandrapur,Chandrapur,Pombhurna,Pombhurna,7928270,Pomnbhurna Grid & 15 Villages RR Retrofitting,Borda Dixit,1008,1,0.00,0.00,0.00,0.00,0.00,0.00,0.00,0.00,0.00,0.00,0.00,0.00,0.00,0.00,06-Aug,07-Aug,08-Aug,09-Aug,10-Aug,11-Aug,12-Aug,06-Aug,07-Aug,08-Aug,09-Aug,10-Aug,11-Aug,12-Aug,7,7,0
Nagpur,Chandrapur,Chandrapur,Pombhurna,Pombhurna,7928270,Pomnbhurna Grid & 15 Villages RR Retrofitting,Chak Ghanoti - 1,868,1,0.00,0.00,0.00,0.00,0.00,0.00,0.00,0.00,0.00,0.00,0.00,0.00,0.00,0.00,06-Aug,07-Aug,08-Aug,09-Aug,10-Aug,11-Aug,12-Aug,06-Aug,07-Aug,08-Aug,09-Aug,10-Aug,11-Aug,12-Aug,7,7,0
Nagpur,Chandrapur,Chandrapur,Pombhurna,Pombhurna,7928270,Pomnbhurna Grid & 15 Villages RR Retrofitting,Chak Hattibodi,544,2,0.79,0.59,0.63,0.66,0.71,0.70,0.99,145.74,108.24,116.21,120.74,130.75,129.04,181.58,06-Aug,07-Aug,08-Aug,09-Aug,10-Aug,11-Aug,12-Aug,06-Aug,07-Aug,08-Aug,09-Aug,10-Aug,11-Aug,12-Aug,0,0,7
Nagpur,Chandrapur,Chandrapur,Pombhurna,Pombhurna,7928270,Pomnbhurna Grid & 15 Villages RR Retrofitting,Chak Kosambi - 1,724,1,0.00,0.00,0.00,0.00,0.00,0.00,0.00,0.00,0.00,0.00,0.00,0.00,0.00,0.00,06-Aug,07-Aug,08-Aug,09-Aug,10-Aug,11-Aug,12-Aug,06-Aug,07-Aug,08-Aug,09-Aug,10-Aug,11-Aug,12-Aug,7,7,0
Nagpur,Chandrapur,Chandrapur,Pombhurna,Pombhurna,7928270,Pomnbhurna Grid & 15 Villages RR Retrofitting,Chak Navegaon,440,1,0.00,0.00,0.00,0.00,0.00,0.00,0.00,0.00,0.00,0.00,0.00,0.00,0.00,0.00,06-Aug,07-Aug,08-Aug,09-Aug,10-Aug,11-Aug,12-Aug,06-Aug,07-Aug,08-Aug,09-Aug,10-Aug,11-Aug,12-Aug,7,7,0
Nagpur,Chandrapur,Chandrapur,Pombhurna,Pombhurna,7928270,Pomnbhurna Grid & 15 Villages RR Retrofitting,Chek Thane Wasna,1700,1,0.51,0.00,0.00,0.00,0.00,0.00,0.00,29.86,0.00,0.00,0.00,0.00,0.00,0.00,06-Aug,07-Aug,08-Aug,09-Aug,10-Aug,11-Aug,12-Aug,06-Aug,07-Aug,08-Aug,09-Aug,10-Aug,11-Aug,12-Aug,6,7,0
Nagpur,Chandrapur,Chandrapur,Pombhurna,Pombhurna,7928270,Pomnbhurna Grid & 15 Villages RR Retrofitting,Dewada Kh.,4792,2,1.37,0.67,1.46,0.79,1.28,1.31,1.02,28.53,14.06,30.48,16.51,26.79,27.32,21.32,06-Aug,07-Aug,08-Aug,09-Aug,10-Aug,11-Aug,12-Aug,06-Aug,07-Aug,08-Aug,09-Aug,10-Aug,11-Aug,12-Aug,0,7,0
Nagpur,Chandrapur,Chandrapur,Pombhurna,Pombhurna,7928270,Pomnbhurna Grid & 15 Villages RR Retrofitting,Futan,2204,1,0.00,0.00,0.00,0.00,0.00,0.00,0.00,0.00,0.00,0.00,0.00,0.00,0.00,0.00,06-Aug,07-Aug,08-Aug,09-Aug,10-Aug,11-Aug,12-Aug,06-Aug,07-Aug,08-Aug,09-Aug,10-Aug,11-Aug,12-Aug,7,7,0
Nagpur,Chandrapur,Chandrapur,Pombhurna,Pombhurna,7928270,Pomnbhurna Grid & 15 Villages RR Retrofitting,Jam Kh.,1480,2,0.00,0.00,0.00,0.00,0.00,0.00,0.00,0.00,0.00,0.00,0.00,0.00,0.00,0.00,06-Aug,07-Aug,08-Aug,09-Aug,10-Aug,11-Aug,12-Aug,06-Aug,07-Aug,08-Aug,09-Aug,10-Aug,11-Aug,12-Aug,7,7,0
Nagpur,Chandrapur,Chandrapur,Pombhurna,Pombhurna,7928270,Pomnbhurna Grid & 15 Villages RR Retrofitting,Jam Tukum,1172,1,0.00,0.00,0.00,0.00,0.00,0.00,0.00,0.00,0.00,0.00,0.00,0.00,0.00,0.00,06-Aug,07-Aug,08-Aug,09-Aug,10-Aug,11-Aug,12-Aug,06-Aug,07-Aug,08-Aug,09-Aug,10-Aug,11-Aug,12-Aug,7,7,0
Nagpur,Chandrapur,Chandrapur,Pombhurna,Pombhurna,7928270,Pomnbhurna Grid & 15 Villages RR Retrofitting,Mohadi,3272,1,0.00,0.00,0.00,0.45,0.00,0.00,0.00,0.00,0.00,0.00,13.75,0.00,0.00,0.00,06-Aug,07-Aug,08-Aug,09-Aug,10-Aug,11-Aug,12-Aug,06-Aug,07-Aug,08-Aug,09-Aug,10-Aug,11-Aug,12-Aug,6,7,0
Nagpur,Chandrapur,Chandrapur,Pombhurna,Pombhurna,7928270,Pomnbhurna Grid & 15 Villages RR Retrofitting,Navegaon More,1680,1,0.00,0.00,0.00,0.00,0.00,0.00,0.00,0.00,0.00,0.00,0.00,0.00,0.00,0.00,06-Aug,07-Aug,08-Aug,09-Aug,10-Aug,11-Aug,12-Aug,06-Aug,07-Aug,08-Aug,09-Aug,10-Aug,11-Aug,12-Aug,7,7,0
Nagpur,Chandrapur,Chandrapur,Pombhurna,Pombhurna,7928270,Pomnbhurna Grid & 15 Villages RR Retrofitting,Rampur Dixit,680,1,0.00,0.00,0.00,0.00,0.00,0.00,0.00,0.00,0.00,0.00,0.00,0.00,0.00,0.00,06-Aug,07-Aug,08-Aug,09-Aug,10-Aug,11-Aug,12-Aug,06-Aug,07-Aug,08-Aug,09-Aug,10-Aug,11-Aug,12-Aug,7,7,0
Nagpur,Chandrapur,Chandrapur,Pombhurna,Pombhurna,7928270,Pomnbhurna Grid & 15 Villages RR Retrofitting,Selur Nagreddi,568,1,0.00,5.36,3.60,0.00,2.67,4.01,0.00,0.00,943.66,633.80,0.00,470.07,705.99,0.00,06-Aug,07-Aug,08-Aug,09-Aug,10-Aug,11-Aug,12-Aug,06-Aug,07-Aug,08-Aug,09-Aug,10-Aug,11-Aug,12-Aug,3,3,4
Nagpur,Chandrapur,Chandrapur,Pombhurna,Pombhurna,7928270,Pomnbhurna Grid & 15 Villages RR Retrofitting,Welwa,1548,2,0.00,0.00,0.00,0.00,0.00,0.00,0.00,0.00,0.00,0.00,0.00,0.00,0.00,0.00,06-Aug,07-Aug,08-Aug,09-Aug,10-Aug,11-Aug,12-Aug,06-Aug,07-Aug,08-Aug,09-Aug,10-Aug,11-Aug,12-Aug,7,7,0
Nagpur,Chandrapur,Wardha,Wardha,Hinganghat,20027837,Allipur & 6 Village RRWSS,Alamdoh,856,2,0.51,0.15,0.29,0.52,0.98,0.50,1.17,59.46,17.28,34.15,60.50,114.05,58.13,136.40,06-Aug,07-Aug,08-Aug,09-Aug,10-Aug,11-Aug,12-Aug,06-Aug,07-Aug,08-Aug,09-Aug,10-Aug,11-Aug,12-Aug,0,2,5
Nagpur,Chandrapur,Wardha,Wardha,Hinganghat,20027837,Allipur & 6 Village RRWSS,Allipur,75080,3,0.00,1.26,0.00,1.90,1.36,0.39,1.38,0.00,1.68,0.00,2.53,1.81,0.52,1.84,06-Aug,07-Aug,08-Aug,09-Aug,10-Aug,11-Aug,12-Aug,06-Aug,07-Aug,08-Aug,09-Aug,10-Aug,11-Aug,12-Aug,2,7,0
Nagpur,Chandrapur,Wardha,Wardha,Hinganghat,20027837,Allipur & 6 Village RRWSS,Kachangaon Fata,1544,1,1.15,0.71,0.80,0.55,0.46,0.37,0.00,74.76,45.69,51.58,35.41,29.56,24.25,0.00,06-Aug,07-Aug,08-Aug,09-Aug,10-Aug,11-Aug,12-Aug,06-Aug,07-Aug,08-Aug,09-Aug,10-Aug,11-Aug,12-Aug,1,6,1
Nagpur,Chandrapur,Wardha,Wardha,Hinganghat,20027837,Allipur & 6 Village RRWSS,Kanchangaon,1544,2,7.89,8.49,4.90,5.45,8.60,10.55,11.75,511.01,549.85,317.35,352.98,556.99,683.31,761.01,06-Aug,07-Aug,08-Aug,09-Aug,10-Aug,11-Aug,12-Aug,06-Aug,07-Aug,08-Aug,09-Aug,10-Aug,11-Aug,12-Aug,0,0,7
Nagpur,Chandrapur,Wardha,Wardha,Hinganghat,20027837,Allipur & 6 Village RRWSS,Mansaoli,1044,2,1.08,0.96,1.16,1.93,1.07,1.14,1.27,103.45,91.95,111.11,184.87,102.49,109.20,121.65,06-Aug,07-Aug,08-Aug,09-Aug,10-Aug,11-Aug,12-Aug,06-Aug,07-Aug,08-Aug,09-Aug,10-Aug,11-Aug,12-Aug,0,0,7
Nagpur,Chandrapur,Wardha,Wardha,Hinganghat,20027837,Allipur & 6 Village RRWSS,Pavni,168,2,12.36,10.36,8.40,7.23,16.58,3.94,6.87,7357.14,6164.48,4999.19,4303.57,9867.76,2344.11,4089.29,06-Aug,07-Aug,08-Aug,09-Aug,10-Aug,11-Aug,12-Aug,06-Aug,07-Aug,08-Aug,09-Aug,10-Aug,11-Aug,12-Aug,0,0,7
Nagpur,Chandrapur,Wardha,Wardha,Hinganghat,20027837,Allipur & 6 Village RRWSS,Sirasgaon,1892,1,0.00,0.87,0.00,0.84,0.00,0.95,0.87,0.00,45.98,0.00,44.40,0.00,50.21,45.98,06-Aug,07-Aug,08-Aug,09-Aug,10-Aug,11-Aug,12-Aug,06-Aug,07-Aug,08-Aug,09-Aug,10-Aug,11-Aug,12-Aug,3,7,0
Nagpur,Chandrapur,Wardha,Wardha,Hinganghat,20027837,Allipur & 6 Village RRWSS,Sonegaon,1360,1,0.04,0.00,0.03,0.25,0.00,0.00,0.22,3.29,0.00,2.31,18.07,0.00,0.00,16.15,06-Aug,07-Aug,08-Aug,09-Aug,10-Aug,11-Aug,12-Aug,06-Aug,07-Aug,08-Aug,09-Aug,10-Aug,11-Aug,12-Aug,3,7,0
Nagpur,Chandrapur,Wardha,Wardha,Wardha,20010215,Sewagram & 5 Villages RRWSS,Barbadi,7000,3,5.22,3.07,7.81,3.37,6.51,2.40,6.45,74.55,43.89,111.57,48.14,93.00,34.29,92.14,06-Aug,07-Aug,08-Aug,09-Aug,10-Aug,11-Aug,12-Aug,06-Aug,07-Aug,08-Aug,09-Aug,10-Aug,11-Aug,12-Aug,0,3,4
Nagpur,Chandrapur,Wardha,Wardha,Wardha,20010215,Sewagram & 5 Villages RRWSS,Bhugaon,2400,2,3.13,2.37,2.00,1.99,1.27,1.49,1.33,130.42,98.75,83.33,82.92,52.92,62.08,55.42,06-Aug,07-Aug,08-Aug,09-Aug,10-Aug,11-Aug,12-Aug,06-Aug,07-Aug,08-Aug,09-Aug,10-Aug,11-Aug,12-Aug,0,1,6
Nagpur,Chandrapur,Wardha,Wardha,Wardha,20010215,Sewagram & 5 Villages RRWSS,Chitoda,2400,2,1.18,1.25,1.38,1.42,1.30,1.46,0.84,49.17,52.08,57.50,59.19,54.17,60.83,35.00,06-Aug,07-Aug,08-Aug,09-Aug,10-Aug,11-Aug,12-Aug,06-Aug,07-Aug,08-Aug,09-Aug,10-Aug,11-Aug,12-Aug,0,4,3
Nagpur,Chandrapur,Wardha,Wardha,Wardha,20010215,Sewagram & 5 Villages RRWSS,Injhapur,2200,2,2.11,1.20,1.12,2.03,2.63,1.87,0.81,95.91,54.55,50.91,92.27,119.55,85.00,36.82,06-Aug,07-Aug,08-Aug,09-Aug,10-Aug,11-Aug,12-Aug,06-Aug,07-Aug,08-Aug,09-Aug,10-Aug,11-Aug,12-Aug,0,3,4
Nagpur,Chandrapur,Wardha,Wardha,Wardha,20010215,Sewagram & 5 Villages RRWSS,Selakate,3000,1,0.00,0.00,0.00,0.02,0.76,0.40,0.00,0.00,0.00,0.00,0.67,25.33,13.33,0.00,06-Aug,07-Aug,08-Aug,09-Aug,10-Aug,11-Aug,12-Aug,06-Aug,07-Aug,08-Aug,09-Aug,10-Aug,11-Aug,12-Aug,4,7,0
Nagpur,Chandrapur,Wardha,Wardha,Wardha,20010215,Sewagram & 5 Villages RRWSS,Sewagram,6792,5,15.59,14.99,32.44,13.85,21.97,19.10,15.29,229.53,220.65,477.62,203.92,323.47,281.21,225.12,06-Aug,07-Aug,08-Aug,09-Aug,10-Aug,11-Aug,12-Aug,06-Aug,07-Aug,08-Aug,09-Aug,10-Aug,11-Aug,12-Aug,0,0,7
Nagpur,Chandrapur,Wardha,Wardha,Wardha,20010215,Sewagram & 5 Villages RRWSS,Sewagram (Zone 2),6792,1,4.57,4.10,5.12,4.03,3.70,3.32,4.37,67.36,60.37,75.38,59.31,54.48,48.88,64.34,06-Aug,07-Aug,08-Aug,09-Aug,10-Aug,11-Aug,12-Aug,06-Aug,07-Aug,08-Aug,09-Aug,10-Aug,11-Aug,12-Aug,0,2,5
Nagpur,Chandrapur,Wardha,Wardha,Wardha,20010215,Sewagram & 5 Villages RRWSS,Sewagram (Zone 3),6792,1,305.65,236.08,296.16,246.10,313.85,233.14,236.72,4500.15,3475.85,4360.42,3623.38,4620.88,3432.57,3485.28,06-Aug,07-Aug,08-Aug,09-Aug,10-Aug,11-Aug,12-Aug,06-Aug,07-Aug,08-Aug,09-Aug,10-Aug,11-Aug,12-Aug,0,0,7
Nagpur,Nagpur,Chandrapur,Chandrapur,Chimur,20036536,Bothali & 7 Village RR WSS,Bothali,2250,1,0.00,0.00,0.00,0.00,0.00,0.00,0.00,0.00,0.00,0.00,0.00,0.00,0.00,0.00,06-Aug,07-Aug,08-Aug,09-Aug,10-Aug,11-Aug,12-Aug,06-Aug,07-Aug,08-Aug,09-Aug,10-Aug,11-Aug,12-Aug,7,7,0
Nagpur,Nagpur,Chandrapur,Chandrapur,Chimur,20036536,Bothali & 7 Village RR WSS,Chak Piranji,1771,1,0.00,0.00,0.00,0.00,0.00,0.00,0.00,0.00,0.00,0.00,0.00,0.00,0.00,0.00,06-Aug,07-Aug,08-Aug,09-Aug,10-Aug,11-Aug,12-Aug,06-Aug,07-Aug,08-Aug,09-Aug,10-Aug,11-Aug,12-Aug,7,7,0
Nagpur,Nagpur,Chandrapur,Chandrapur,Chimur,20036536,Bothali & 7 Village RR WSS,Chichbodi,1436,1,0.00,0.00,0.00,0.00,0.00,0.00,0.00,0.00,0.00,0.00,0.00,0.00,0.00,0.00,06-Aug,07-Aug,08-Aug,09-Aug,10-Aug,11-Aug,12-Aug,06-Aug,07-Aug,08-Aug,09-Aug,10-Aug,11-Aug,12-Aug,7,7,0
Nagpur,Nagpur,Chandrapur,Chandrapur,Chimur,20036536,Bothali & 7 Village RR WSS,Hirapur,1793,1,1.11,0.97,0.00,0.04,1.60,1.08,0.16,62.18,54.21,0.00,2.50,89.00,60.09,8.88,06-Aug,07-Aug,08-Aug,09-Aug,10-Aug,11-Aug,12-Aug,06-Aug,07-Aug,08-Aug,09-Aug,10-Aug,11-Aug,12-Aug,1,4,3
Nagpur,Nagpur,Chandrapur,Chandrapur,Chimur,20036536,Bothali & 7 Village RR WSS,Kesarwari,429,1,0.00,0.00,0.00,0.00,0.00,0.14,0.00,0.26,0.14,0.19,0.05,0.00,31.79,0.40,06-Aug,07-Aug,08-Aug,09-Aug,10-Aug,11-Aug,12-Aug,06-Aug,07-Aug,08-Aug,09-Aug,10-Aug,11-Aug,12-Aug,1,7,0
Nagpur,Nagpur,Chandrapur,Chandrapur,Chimur,20036536,Bothali & 7 Village RR WSS,Malpiranji,469,1,0.00,0.00,0.00,0.00,0.00,0.00,0.00,0.00,0.00,0.00,0.00,0.00,0.00,0.00,06-Aug,07-Aug,08-Aug,09-Aug,10-Aug,11-Aug,12-Aug,06-Aug,07-Aug,08-Aug,09-Aug,10-Aug,11-Aug,12-Aug,7,7,0
Nagpur,Nagpur,Chandrapur,Chandrapur,Chimur,20036536,Bothali & 7 Village RR WSS,Rajoli Chak,377,1,1.70,2.32,1.57,3.11,2.78,2.96,3.11,449.89,614.81,417.57,825.29,736.22,785.35,825.68,06-Aug,07-Aug,08-Aug,09-Aug,10-Aug,11-Aug,12-Aug,06-Aug,07-Aug,08-Aug,09-Aug,10-Aug,11-Aug,12-Aug,0,0,7
Nagpur,Nagpur,Chandrapur,Chandrapur,Chimur,20036536,Bothali & 7 Village RR WSS,Rajoli Fall,824,1,0.00,0.00,0.00,0.00,0.00,0.10,0.00,0.00,0.00,0.00,0.00,0.00,12.28,0.00,06-Aug,07-Aug,08-Aug,09-Aug,10-Aug,11-Aug,12-Aug,06-Aug,07-Aug,08-Aug,09-Aug,10-Aug,11-Aug,12-Aug,6,7,0
Nagpur,Nagpur,Chandrapur,Chandrapur,Mul,20036862,Bor Chandli 5 Village RR WSS,Chak Bembal,345,1,0.00,0.00,0.00,0.00,0.00,0.00,0.00,0.00,0.00,0.00,0.00,0.00,0.00,0.00,06-Aug,07-Aug,08-Aug,09-Aug,10-Aug,11-Aug,12-Aug,06-Aug,07-Aug,08-Aug,09-Aug,10-Aug,11-Aug,12-Aug,7,7,0
Nagpur,Nagpur,Chandrapur,Chandrapur,Mul,20036862,Bor Chandli 5 Village RR WSS,Pipari (Dixit),1207,1,0.00,0.00,0.00,0.00,0.00,0.00,0.00,0.00,0.00,0.00,0.00,0.00,0.00,0.00,06-Aug,07-Aug,08-Aug,09-Aug,10-Aug,11-Aug,12-Aug,06-Aug,07-Aug,08-Aug,09-Aug,10-Aug,11-Aug,12-Aug,7,7,0
Nagpur,Nagpur,Chandrapur,Chandrapur,Mul,20036862,Bor Chandli 5 Village RR WSS,Sintala,1092,1,0.00,0.00,0.00,0.00,0.00,0.00,0.00,0.00,0.00,0.00,0.00,0.00,0.00,0.00,06-Aug,07-Aug,08-Aug,09-Aug,10-Aug,11-Aug,12-Aug,06-Aug,07-Aug,08-Aug,09-Aug,10-Aug,11-Aug,12-Aug,7,7,0
Nagpur,Nagpur,Chandrapur,Chandrapur,Mul,20036862,Bor Chandli 5 Village RR WSS,Virai,1720,1,0.00,0.00,0.00,0.00,0.00,0.00,0.00,0.00,0.00,0.00,0.00,0.00,0.00,0.00,06-Aug,07-Aug,08-Aug,09-Aug,10-Aug,11-Aug,12-Aug,06-Aug,07-Aug,08-Aug,09-Aug,10-Aug,11-Aug,12-Aug,7,7,0
Nagpur,Nagpur,Chandrapur,Chandrapur,Mul,20036862,Bor Chandli 5 Village RR WSS,Yergaon,2061,1,0.00,0.00,0.00,0.00,0.00,0.00,0.00,0.00,0.00,0.00,0.00,0.00,0.00,0.00,06-Aug,07-Aug,08-Aug,09-Aug,10-Aug,11-Aug,12-Aug,06-Aug,07-Aug,08-Aug,09-Aug,10-Aug,11-Aug,12-Aug,7,7,0
Nagpur,Nagpur,Chandrapur,Gadchiroli,Chamorshi,2009882,Ghot RRWSS,Ghot,4218,2,0.00,0.03,0.00,0.04,0.10,0.00,0.20,0.00,0.79,0.00,0.99,2.39,0.00,4.72,06-Aug,07-Aug,08-Aug,09-Aug,10-Aug,11-Aug,12-Aug,06-Aug,07-Aug,08-Aug,09-Aug,10-Aug,11-Aug,12-Aug,3,7,0
Nagpur,Nagpur,Chandrapur,Gadchiroli,Chamorshi,2009882,Ghot RRWSS,Navegaon,645,1,0.00,0.00,0.00,0.00,0.00,0.00,0.00,0.00,0.00,0.00,0.00,0.00,0.00,0.00,06-Aug,07-Aug,08-Aug,09-Aug,10-Aug,11-Aug,12-Aug,06-Aug,07-Aug,08-Aug,09-Aug,10-Aug,11-Aug,12-Aug,7,7,0
Nagpur,Nagpur,Chandrapur,Gadchiroli,Chamorshi,2009882,Ghot RRWSS,Nikatwada,1455,1,0.00,0.00,0.00,0.02,0.05,0.04,0.05,0.00,0.00,0.00,1.27,3.35,2.43,3.29,06-Aug,07-Aug,08-Aug,09-Aug,10-Aug,11-Aug,12-Aug,06-Aug,07-Aug,08-Aug,09-Aug,10-Aug,11-Aug,12-Aug,3,7,0
Nagpur,Nagpur,Chandrapur,Mul,Mul,7890965,Mul Grid & 24 Villages  RR WSS Retrofitting,Agadi,425,1,0.00,0.00,0.24,0.00,0.00,0.09,0.00,0.00,0.00,57.53,0.59,0.00,21.81,0.00,06-Aug,07-Aug,08-Aug,09-Aug,10-Aug,11-Aug,12-Aug,06-Aug,07-Aug,08-Aug,09-Aug,10-Aug,11-Aug,12-Aug,4,6,1
Nagpur,Nagpur,Chandrapur,Mul,Mul,7890965,Mul Grid & 24 Villages  RR WSS Retrofitting,Akapur,537,1,0.00,0.00,0.00,0.00,0.00,0.00,0.00,0.00,0.00,0.00,0.00,0.00,0.00,0.00,06-Aug,07-Aug,08-Aug,09-Aug,10-Aug,11-Aug,12-Aug,06-Aug,07-Aug,08-Aug,09-Aug,10-Aug,11-Aug,12-Aug,7,7,0
Nagpur,Nagpur,Chandrapur,Mul,Mul,7890965,Mul Grid & 24 Villages  RR WSS Retrofitting,Bhawarala,1032,1,0.00,0.00,0.00,0.00,0.00,0.00,0.00,0.00,0.00,0.00,0.00,0.00,0.00,0.00,06-Aug,07-Aug,08-Aug,09-Aug,10-Aug,11-Aug,12-Aug,06-Aug,07-Aug,08-Aug,09-Aug,10-Aug,11-Aug,12-Aug,7,7,0
Nagpur,Nagpur,Chandrapur,Mul,Mul,7890965,Mul Grid & 24 Villages  RR WSS Retrofitting,Chak Chikhli No.1,253,1,0.00,0.00,0.00,0.00,0.00,0.00,0.00,0.00,0.00,0.00,0.00,0.00,0.00,0.00,06-Aug,07-Aug,08-Aug,09-Aug,10-Aug,11-Aug,12-Aug,06-Aug,07-Aug,08-Aug,09-Aug,10-Aug,11-Aug,12-Aug,7,7,0
Nagpur,Nagpur,Chandrapur,Mul,Mul,7890965,Mul Grid & 24 Villages  RR WSS Retrofitting,Chak Katwan,247,1,0.00,0.00,0.00,0.00,0.00,0.00,0.00,0.00,0.00,0.00,0.00,0.00,0.00,0.00,06-Aug,07-Aug,08-Aug,09-Aug,10-Aug,11-Aug,12-Aug,06-Aug,07-Aug,08-Aug,09-Aug,10-Aug,11-Aug,12-Aug,7,7,0
Nagpur,Nagpur,Chandrapur,Mul,Mul,7890965,Mul Grid & 24 Villages  RR WSS Retrofitting,Chichala (Mo),3322,1,1.95,2.85,0.21,2.93,2.51,2.62,1.70,58.80,85.68,6.43,88.29,75.46,78.91,51.04,06-Aug,07-Aug,08-Aug,09-Aug,10-Aug,11-Aug,12-Aug,06-Aug,07-Aug,08-Aug,09-Aug,10-Aug,11-Aug,12-Aug,0,2,5
Nagpur,Nagpur,Chandrapur,Mul,Mul,7890965,Mul Grid & 24 Villages  RR WSS Retrofitting,Chicholi,2400,1,0.00,0.00,0.00,0.00,0.00,0.00,0.00,0.00,0.00,0.00,0.00,0.00,0.00,0.00,06-Aug,07-Aug,08-Aug,09-Aug,10-Aug,11-Aug,12-Aug,06-Aug,07-Aug,08-Aug,09-Aug,10-Aug,11-Aug,12-Aug,7,7,0
Nagpur,Nagpur,Chandrapur,Mul,Mul,7890965,Mul Grid & 24 Villages  RR WSS Retrofitting,Chimadha,1589,1,0.00,0.00,0.00,0.00,0.00,0.00,0.00,0.00,0.00,0.00,0.00,0.00,0.00,0.00,06-Aug,07-Aug,08-Aug,09-Aug,10-Aug,11-Aug,12-Aug,06-Aug,07-Aug,08-Aug,09-Aug,10-Aug,11-Aug,12-Aug,7,7,0
Nagpur,Nagpur,Chandrapur,Mul,Mul,7890965,Mul Grid & 24 Villages  RR WSS Retrofitting,Churul Tukum,402,1,0.06,0.04,0.04,0.05,0.05,0.03,0.04,14.16,10.05,11.18,13.15,11.71,7.27,9.27,06-Aug,07-Aug,08-Aug,09-Aug,10-Aug,11-Aug,12-Aug,06-Aug,07-Aug,08-Aug,09-Aug,10-Aug,11-Aug,12-Aug,0,7,0
Nagpur,Nagpur,Chandrapur,Mul,Mul,7890965,Mul Grid & 24 Villages  RR WSS Retrofitting,Fiskuti,2415,2,0.00,0.00,0.00,0.00,0.00,0.00,0.00,0.00,0.00,0.00,0.00,0.00,0.00,0.00,06-Aug,07-Aug,08-Aug,09-Aug,10-Aug,11-Aug,12-Aug,06-Aug,07-Aug,08-Aug,09-Aug,10-Aug,11-Aug,12-Aug,7,7,0
Nagpur,Nagpur,Chandrapur,Mul,Mul,7890965,Mul Grid & 24 Villages  RR WSS Retrofitting,Gangalwadi,862,1,0.00,0.00,0.00,0.00,0.00,0.00,0.00,0.00,0.00,0.00,0.00,0.00,0.00,0.00,06-Aug,07-Aug,08-Aug,09-Aug,10-Aug,11-Aug,12-Aug,06-Aug,07-Aug,08-Aug,09-Aug,10-Aug,11-Aug,12-Aug,7,7,0
Nagpur,Nagpur,Chandrapur,Mul,Mul,7890965,Mul Grid & 24 Villages  RR WSS Retrofitting,Haldi Gaonganna,1238,1,0.89,0.08,0.29,1.34,0.73,0.69,0.41,72.19,6.49,23.26,108.11,59.14,55.43,33.43,06-Aug,07-Aug,08-Aug,09-Aug,10-Aug,11-Aug,12-Aug,06-Aug,07-Aug,08-Aug,09-Aug,10-Aug,11-Aug,12-Aug,0,3,4
Nagpur,Nagpur,Chandrapur,Mul,Mul,7890965,Mul Grid & 24 Villages  RR WSS Retrofitting,Janala Ryt.,890,4,0.00,0.00,0.00,0.00,0.00,0.01,0.00,0.45,0.20,0.12,0.33,0.15,0.64,0.18,06-Aug,07-Aug,08-Aug,09-Aug,10-Aug,11-Aug,12-Aug,06-Aug,07-Aug,08-Aug,09-Aug,10-Aug,11-Aug,12-Aug,0,7,0
Nagpur,Nagpur,Chandrapur,Mul,Mul,7890965,Mul Grid & 24 Villages  RR WSS Retrofitting,Kantapeth Ryt.,938,1,0.00,0.00,0.00,0.00,0.00,0.00,0.00,0.00,0.00,0.00,0.00,0.00,0.00,0.00,06-Aug,07-Aug,08-Aug,09-Aug,10-Aug,11-Aug,12-Aug,06-Aug,07-Aug,08-Aug,09-Aug,10-Aug,11-Aug,12-Aug,7,7,0
Nagpur,Nagpur,Chandrapur,Mul,Mul,7890965,Mul Grid & 24 Villages  RR WSS Retrofitting,Karwan,470,1,0.00,0.00,0.00,0.00,0.00,0.00,0.00,0.00,0.00,0.00,0.00,0.00,0.00,0.00,06-Aug,07-Aug,08-Aug,09-Aug,10-Aug,11-Aug,12-Aug,06-Aug,07-Aug,08-Aug,09-Aug,10-Aug,11-Aug,12-Aug,7,7,0
Nagpur,Nagpur,Chandrapur,Mul,Mul,7890965,Mul Grid & 24 Villages  RR WSS Retrofitting,Kosambi,873,1,0.14,0.06,0.78,0.09,0.76,0.25,0.59,15.49,6.43,89.04,10.28,87.19,28.60,67.27,06-Aug,07-Aug,08-Aug,09-Aug,10-Aug,11-Aug,12-Aug,06-Aug,07-Aug,08-Aug,09-Aug,10-Aug,11-Aug,12-Aug,0,4,3
Nagpur,Nagpur,Chandrapur,Mul,Mul,7890965,Mul Grid & 24 Villages  RR WSS Retrofitting,Manda Tukum,228,1,0.09,0.00,0.06,0.08,0.00,0.07,0.11,38.90,2.11,26.14,36.67,0.00,31.18,46.40,06-Aug,07-Aug,08-Aug,09-Aug,10-Aug,11-Aug,12-Aug,06-Aug,07-Aug,08-Aug,09-Aug,10-Aug,11-Aug,12-Aug,1,7,0
Nagpur,Nagpur,Chandrapur,Mul,Mul,7890965,Mul Grid & 24 Villages  RR WSS Retrofitting,Marhegaon,824,1,2.44,0.70,2.10,2.71,2.22,2.80,2.80,296.60,84.89,254.28,328.36,269.88,340.09,339.30,06-Aug,07-Aug,08-Aug,09-Aug,10-Aug,11-Aug,12-Aug,06-Aug,07-Aug,08-Aug,09-Aug,10-Aug,11-Aug,12-Aug,0,0,7
Nagpur,Nagpur,Chandrapur,Mul,Mul,7890965,Mul Grid & 24 Villages  RR WSS Retrofitting,Maroda,4360,1,0.00,0.00,0.00,0.00,0.00,0.00,0.00,0.00,0.00,0.00,0.00,0.00,0.00,0.00,06-Aug,07-Aug,08-Aug,09-Aug,10-Aug,11-Aug,12-Aug,06-Aug,07-Aug,08-Aug,09-Aug,10-Aug,11-Aug,12-Aug,7,7,0
Nagpur,Nagpur,Chandrapur,Mul,Mul,7890965,Mul Grid & 24 Villages  RR WSS Retrofitting,Morwahi Mal,593,1,1.72,1.07,0.00,1.81,1.06,0.82,2.43,290.05,180.44,0.00,305.23,178.75,138.28,409.78,06-Aug,07-Aug,08-Aug,09-Aug,10-Aug,11-Aug,12-Aug,06-Aug,07-Aug,08-Aug,09-Aug,10-Aug,11-Aug,12-Aug,1,1,6
Nagpur,Nagpur,Chandrapur,Mul,Mul,7890965,Mul Grid & 24 Villages  RR WSS Retrofitting,Rajgad,1638,1,0.00,0.00,0.00,0.00,0.00,0.00,0.00,0.00,0.00,0.00,0.00,0.00,0.00,0.01,06-Aug,07-Aug,08-Aug,09-Aug,10-Aug,11-Aug,12-Aug,06-Aug,07-Aug,08-Aug,09-Aug,10-Aug,11-Aug,12-Aug,6,7,0
Nagpur,Nagpur,Chandrapur,Mul,Mul,7890965,Mul Grid & 24 Villages  RR WSS Retrofitting,Tadala Tukum,1575,1,0.00,0.00,0.00,0.00,0.00,0.00,0.00,0.00,0.00,0.00,0.00,0.00,0.00,0.00,06-Aug,07-Aug,08-Aug,09-Aug,10-Aug,11-Aug,12-Aug,06-Aug,07-Aug,08-Aug,09-Aug,10-Aug,11-Aug,12-Aug,7,7,0
Nagpur,Nagpur,Chandrapur,Mul,Mul,7890965,Mul Grid & 24 Villages  RR WSS Retrofitting,Tekadi,2164,1,0.00,0.00,0.00,0.00,0.00,0.00,0.00,0.00,0.00,0.00,0.00,0.00,0.00,0.00,06-Aug,07-Aug,08-Aug,09-Aug,10-Aug,11-Aug,12-Aug,06-Aug,07-Aug,08-Aug,09-Aug,10-Aug,11-Aug,12-Aug,7,7,0
Nagpur,Nagpur,Chandrapur,Mul,Mul,7890965,Mul Grid & 24 Villages  RR WSS Retrofitting,Tolewahi,542,1,0.00,0.00,0.60,0.00,0.04,0.10,0.05,0.00,0.18,110.37,0.00,7.10,18.41,9.15,06-Aug,07-Aug,08-Aug,09-Aug,10-Aug,11-Aug,12-Aug,06-Aug,07-Aug,08-Aug,09-Aug,10-Aug,11-Aug,12-Aug,2,6,1
Nagpur,Nagpur,Chandrapur,Wardha,Wardha,7891298,Pipri Meghe and 13 villages RR WSS,Alodi,9328,3,0.00,0.00,0.00,0.00,0.00,0.00,0.00,0.00,0.00,0.00,0.00,0.00,0.00,0.00,06-Aug,07-Aug,08-Aug,09-Aug,10-Aug,11-Aug,12-Aug,06-Aug,07-Aug,08-Aug,09-Aug,10-Aug,11-Aug,12-Aug,7,7,0
Nagpur,Nagpur,Chandrapur,Wardha,Wardha,7891298,Pipri Meghe and 13 villages RR WSS,Borgaon,688,3,164.67,71.95,87.98,507.74,113.51,0.28,0.15,23935.22,10457.16,12787.67,73799.38,16498.91,41.24,21.90,06-Aug,07-Aug,08-Aug,09-Aug,10-Aug,11-Aug,12-Aug,06-Aug,07-Aug,08-Aug,09-Aug,10-Aug,11-Aug,12-Aug,0,2,5
Nagpur,Nagpur,Chandrapur,Wardha,Wardha,7891298,Pipri Meghe and 13 villages RR WSS,Karla,2332,1,6.23,4.03,2.72,1.70,7.68,2.56,0.00,267.18,172.98,116.51,72.92,329.19,109.66,0.12,06-Aug,07-Aug,08-Aug,09-Aug,10-Aug,11-Aug,12-Aug,06-Aug,07-Aug,08-Aug,09-Aug,10-Aug,11-Aug,12-Aug,0,1,6
Nagpur,Nagpur,Chandrapur,Wardha,Wardha,7891298,Pipri Meghe and 13 villages RR WSS,Masala,548,2,3.73,2.03,7.08,2.88,4.34,11.12,18.43,680.66,370.21,1291.67,525.81,791.97,2029.20,3363.14,06-Aug,07-Aug,08-Aug,09-Aug,10-Aug,11-Aug,12-Aug,06-Aug,07-Aug,08-Aug,09-Aug,10-Aug,11-Aug,12-Aug,0,0,7
Nagpur,Nagpur,Chandrapur,Wardha,Wardha,7891298,Pipri Meghe and 13 villages RR WSS,Nalwadi,13540,4,0.00,0.00,6.86,6.95,0.00,0.00,9.60,0.00,0.00,50.64,51.30,0.00,0.00,70.87,06-Aug,07-Aug,08-Aug,09-Aug,10-Aug,11-Aug,12-Aug,06-Aug,07-Aug,08-Aug,09-Aug,10-Aug,11-Aug,12-Aug,4,6,1
Nagpur,Nagpur,Chandrapur,Wardha,Wardha,7891298,Pipri Meghe and 13 villages RR WSS,Pipari Meghe,27164,2,2.94,2.31,2.27,2.58,2.81,2.33,2.03,10.82,8.50,8.36,9.50,10.34,8.58,7.47,06-Aug,07-Aug,08-Aug,09-Aug,10-Aug,11-Aug,12-Aug,06-Aug,07-Aug,08-Aug,09-Aug,10-Aug,11-Aug,12-Aug,0,7,0
Nagpur,Nagpur,Chandrapur,Wardha,Wardha,7891298,Pipri Meghe and 13 villages RR WSS,Pipri,2696,3,1.03,0.00,0.00,0.43,0.00,0.00,1.19,38.25,0.00,0.00,15.78,0.00,0.00,44.32,06-Aug,07-Aug,08-Aug,09-Aug,10-Aug,11-Aug,12-Aug,06-Aug,07-Aug,08-Aug,09-Aug,10-Aug,11-Aug,12-Aug,4,7,0
Nagpur,Nagpur,Chandrapur,Wardha,Wardha,7891298,Pipri Meghe and 13 villages RR WSS,Sawangi Meghe,16556,7,0.09,0.00,0.03,0.00,2.04,0.00,0.11,0.54,0.00,0.18,0.00,12.32,0.00,0.66,06-Aug,07-Aug,08-Aug,09-Aug,10-Aug,11-Aug,12-Aug,06-Aug,07-Aug,08-Aug,09-Aug,10-Aug,11-Aug,12-Aug,3,7,0
Nagpur,Nagpur,Chandrapur,Wardha,Wardha,7891298,Pipri Meghe and 13 villages RR WSS,Sawangi Meghe T-Point,16556,1,169.41,826.05,225.49,378.20,490.80,444.16,306.60,1023.25,4989.41,1361.98,2284.37,2964.48,2682.77,1851.90,06-Aug,07-Aug,08-Aug,09-Aug,10-Aug,11-Aug,12-Aug,06-Aug,07-Aug,08-Aug,09-Aug,10-Aug,11-Aug,12-Aug,0,0,7
Nagpur,Nagpur,Chandrapur,Wardha,Wardha,7891298,Pipri Meghe and 13 villages RR WSS,Sindhi Meghe,29844,6,278.18,132.28,736.93,0.22,1.00,1125.30,2073.31,932.11,443.22,2469.27,0.74,3.35,3770.61,6947.16,06-Aug,07-Aug,08-Aug,09-Aug,10-Aug,11-Aug,12-Aug,06-Aug,07-Aug,08-Aug,09-Aug,10-Aug,11-Aug,12-Aug,0,2,5
Nagpur,Nagpur,Chandrapur,Wardha,Wardha,7891298,Pipri Meghe and 13 villages RR WSS,Sotada,1608,1,0.00,0.00,2.35,1.46,1.88,0.00,3.88,0.00,0.00,146.14,90.80,116.92,0.00,241.29,06-Aug,07-Aug,08-Aug,09-Aug,10-Aug,11-Aug,12-Aug,06-Aug,07-Aug,08-Aug,09-Aug,10-Aug,11-Aug,12-Aug,3,3,4
Nagpur,Nagpur,Chandrapur,Wardha,Wardha,7891298,Pipri Meghe and 13 villages RR WSS,Varud,616,1,1.62,0.85,0.00,2.58,4.00,2.27,2.66,263.47,138.19,0.00,418.30,649.12,368.36,432.08,06-Aug,07-Aug,08-Aug,09-Aug,10-Aug,11-Aug,12-Aug,06-Aug,07-Aug,08-Aug,09-Aug,10-Aug,11-Aug,12-Aug,1,1,6
Nagpur,Nagpur,Chandrapur,Wardha,Wardha,7891298,Pipri Meghe and 13 villages RR WSS,Waigaon,8896,4,103.41,0.01,0.00,148.16,0.00,0.05,1.82,1162.43,0.07,0.00,1665.43,0.05,0.60,20.50,06-Aug,07-Aug,08-Aug,09-Aug,10-Aug,11-Aug,12-Aug,06-Aug,07-Aug,08-Aug,09-Aug,10-Aug,11-Aug,12-Aug,1,5,2
Nagpur,Nagpur,Gondia,Bhandara,Sakoli,631335,Ghanod RR Retrofitting,Bampewada,10254,1,0.00,0.00,0.00,0.00,0.00,0.00,0.00,0.04,0.00,0.03,0.00,0.00,0.01,0.00,06-Aug,07-Aug,08-Aug,09-Aug,10-Aug,11-Aug,12-Aug,06-Aug,07-Aug,08-Aug,09-Aug,10-Aug,11-Aug,12-Aug,4,7,0
Nagpur,Nagpur,Gondia,Bhandara,Sakoli,631335,Ghanod RR Retrofitting,Ghanod,2280,2,0.35,0.12,0.14,0.42,0.72,0.49,0.04,15.35,5.26,6.14,18.42,31.58,21.49,1.75,06-Aug,07-Aug,08-Aug,09-Aug,10-Aug,11-Aug,12-Aug,06-Aug,07-Aug,08-Aug,09-Aug,10-Aug,11-Aug,12-Aug,0,7,0
Nagpur,Nagpur,Gondia,Bhandara,Sakoli,631335,Ghanod RR Retrofitting,Sendurwafa,10254,1,0.59,8.57,43.86,31.52,60.43,37.75,37.99,5.75,83.58,427.78,307.39,589.33,368.15,370.49,06-Aug,07-Aug,08-Aug,09-Aug,10-Aug,11-Aug,12-Aug,06-Aug,07-Aug,08-Aug,09-Aug,10-Aug,11-Aug,12-Aug,0,1,6
Nagpur,Nagpur,Gondia,Bhandara,Tumsar,20017217,Dewadi RR WSS,Dhorwada,1144,1,0.48,0.37,0.36,0.42,0.41,0.40,0.41,42.38,32.53,31.14,37.08,35.60,35.08,35.47,06-Aug,07-Aug,08-Aug,09-Aug,10-Aug,11-Aug,12-Aug,06-Aug,07-Aug,08-Aug,09-Aug,10-Aug,11-Aug,12-Aug,0,7,0
Nagpur,Nagpur,Gondia,Bhandara,Tumsar,20017217,Dewadi RR WSS,Hasara,2638,1,0.00,0.00,0.00,0.00,0.00,0.00,0.00,0.00,0.00,0.00,0.00,0.00,0.00,0.00,06-Aug,07-Aug,08-Aug,09-Aug,10-Aug,11-Aug,12-Aug,06-Aug,07-Aug,08-Aug,09-Aug,10-Aug,11-Aug,12-Aug,7,7,0
Nagpur,Nagpur,Gondia,Bhandara,Tumsar,20017217,Dewadi RR WSS,Khapa,3087,1,0.00,0.00,0.00,0.00,0.00,0.00,0.00,0.00,0.00,0.00,0.00,0.00,0.00,0.00,06-Aug,07-Aug,08-Aug,09-Aug,10-Aug,11-Aug,12-Aug,06-Aug,07-Aug,08-Aug,09-Aug,10-Aug,11-Aug,12-Aug,7,7,0
Nagpur,Nagpur,Gondia,Bhandara,Tumsar,20017217,Dewadi RR WSS,Mangli,1558,1,0.48,0.51,0.50,0.50,0.43,0.51,0.00,30.85,32.67,32.24,32.37,27.80,32.56,0.10,06-Aug,07-Aug,08-Aug,09-Aug,10-Aug,11-Aug,12-Aug,06-Aug,07-Aug,08-Aug,09-Aug,10-Aug,11-Aug,12-Aug,0,7,0
Nagpur,Nagpur,Gondia,Bhandara,Tumsar,20017217,Dewadi RR WSS,Paraswada,1400,2,0.00,0.00,0.00,0.00,0.00,0.00,0.00,0.02,0.04,0.02,0.01,0.01,0.04,0.01,06-Aug,07-Aug,08-Aug,09-Aug,10-Aug,11-Aug,12-Aug,06-Aug,07-Aug,08-Aug,09-Aug,10-Aug,11-Aug,12-Aug,0,7,0
Nagpur,Nagpur,Gondia,Bhandara,Tumsar,20017217,Dewadi RR WSS,Stationtoli,1320,1,0.00,0.00,0.00,0.01,0.00,0.00,0.06,0.06,0.02,0.02,0.81,0.05,0.08,4.41,06-Aug,07-Aug,08-Aug,09-Aug,10-Aug,11-Aug,12-Aug,06-Aug,07-Aug,08-Aug,09-Aug,10-Aug,11-Aug,12-Aug,0,7,0
Nagpur,Nagpur,Gondia,Bhandara,Tumsar,631010,Gobarwahi RR Retrofitting,Alesur,928,2,20.68,19.92,16.88,5.89,20.88,12.48,14.63,2228.45,2146.55,1818.97,634.70,2250.00,1344.83,1576.51,06-Aug,07-Aug,08-Aug,09-Aug,10-Aug,11-Aug,12-Aug,06-Aug,07-Aug,08-Aug,09-Aug,10-Aug,11-Aug,12-Aug,0,0,7
Nagpur,Nagpur,Gondia,Bhandara,Tumsar,631010,Gobarwahi RR Retrofitting,Chicholi,2212,1,0.00,0.00,0.00,0.00,0.00,0.00,0.00,0.00,0.00,0.00,0.00,0.00,0.00,0.00,06-Aug,07-Aug,08-Aug,09-Aug,10-Aug,11-Aug,12-Aug,06-Aug,07-Aug,08-Aug,09-Aug,10-Aug,11-Aug,12-Aug,7,7,0
Nagpur,Nagpur,Gondia,Bhandara,Tumsar,631010,Gobarwahi RR Retrofitting,Chikhali,1541,1,0.00,0.00,0.00,0.00,0.00,0.00,0.00,0.00,0.00,0.00,0.00,0.00,0.00,0.00,06-Aug,07-Aug,08-Aug,09-Aug,10-Aug,11-Aug,12-Aug,06-Aug,07-Aug,08-Aug,09-Aug,10-Aug,11-Aug,12-Aug,7,7,0
Nagpur,Nagpur,Gondia,Bhandara,Tumsar,631010,Gobarwahi RR Retrofitting,Deonara,648,1,0.36,0.38,1.19,0.02,1.04,0.64,0.29,55.56,58.64,183.64,3.09,160.49,98.77,44.75,06-Aug,07-Aug,08-Aug,09-Aug,10-Aug,11-Aug,12-Aug,06-Aug,07-Aug,08-Aug,09-Aug,10-Aug,11-Aug,12-Aug,0,2,5
Nagpur,Nagpur,Gondia,Bhandara,Tumsar,631010,Gobarwahi RR Retrofitting,Dongri Bk.,5014,1,0.18,0.00,0.00,0.23,0.00,0.00,0.04,3.54,0.00,0.00,4.67,0.00,0.00,0.74,06-Aug,07-Aug,08-Aug,09-Aug,10-Aug,11-Aug,12-Aug,06-Aug,07-Aug,08-Aug,09-Aug,10-Aug,11-Aug,12-Aug,4,7,0
Nagpur,Nagpur,Gondia,Bhandara,Tumsar,631010,Gobarwahi RR Retrofitting,Paunarkhari,2526,1,0.42,0.00,0.56,1.47,0.00,1.04,0.00,16.63,0.00,22.17,58.19,0.00,41.17,0.00,06-Aug,07-Aug,08-Aug,09-Aug,10-Aug,11-Aug,12-Aug,06-Aug,07-Aug,08-Aug,09-Aug,10-Aug,11-Aug,12-Aug,3,6,1
Nagpur,Nagpur,Gondia,Bhandara,Tumsar,631010,Gobarwahi RR Retrofitting,Pawnara,1187,1,5.28,5.47,4.84,4.75,4.42,4.46,4.49,444.96,460.47,407.57,400.17,372.37,375.74,378.07,06-Aug,07-Aug,08-Aug,09-Aug,10-Aug,11-Aug,12-Aug,06-Aug,07-Aug,08-Aug,09-Aug,10-Aug,11-Aug,12-Aug,0,0,7
Nagpur,Nagpur,Gondia,Bhandara,Tumsar,631010,Gobarwahi RR Retrofitting,Pitesur,1994,1,0.00,0.00,0.00,0.00,0.00,0.00,0.00,0.00,0.00,0.00,0.00,0.00,0.00,0.00,06-Aug,07-Aug,08-Aug,09-Aug,10-Aug,11-Aug,12-Aug,06-Aug,07-Aug,08-Aug,09-Aug,10-Aug,11-Aug,12-Aug,7,7,0
Nagpur,Nagpur,Gondia,Bhandara,Tumsar,631010,Gobarwahi RR Retrofitting,Ronga,1821,2,0.79,0.96,0.81,0.94,0.65,0.78,0.77,43.38,52.72,44.48,51.62,35.69,42.83,42.28,06-Aug,07-Aug,08-Aug,09-Aug,10-Aug,11-Aug,12-Aug,06-Aug,07-Aug,08-Aug,09-Aug,10-Aug,11-Aug,12-Aug,0,7,0
Nagpur,Nagpur,Gondia,Deori,Deori,20017028,Chichgad Palandur RR Retrofitting,Garartola,859,1,0.00,0.00,0.00,0.00,0.00,0.00,0.00,0.00,0.00,0.00,0.00,0.00,0.00,0.00,06-Aug,07-Aug,08-Aug,09-Aug,10-Aug,11-Aug,12-Aug,06-Aug,07-Aug,08-Aug,09-Aug,10-Aug,11-Aug,12-Aug,7,7,0
Nagpur,Nagpur,Gondia,Deori,Deori,20017028,Chichgad Palandur RR Retrofitting,Palandur,2216,1,0.00,0.00,0.00,0.00,0.00,0.00,0.00,0.00,0.00,0.00,0.00,0.00,0.00,0.00,06-Aug,07-Aug,08-Aug,09-Aug,10-Aug,11-Aug,12-Aug,06-Aug,07-Aug,08-Aug,09-Aug,10-Aug,11-Aug,12-Aug,7,7,0
Nagpur,Nagpur,Gondia,Deori,Deori,20017028,Chichgad Palandur RR Retrofitting,Singamdoh,700,1,0.00,0.00,0.00,0.00,0.00,0.00,0.00,0.00,0.00,0.00,0.00,0.00,0.00,0.00,06-Aug,07-Aug,08-Aug,09-Aug,10-Aug,11-Aug,12-Aug,06-Aug,07-Aug,08-Aug,09-Aug,10-Aug,11-Aug,12-Aug,7,7,0
Nagpur,Nagpur,Gondia,Deori,Deori,20017028,Chichgad Palandur RR Retrofitting,Sukali,400,1,0.00,0.00,0.00,0.00,0.00,0.00,0.00,0.00,0.00,0.00,0.00,0.00,0.00,0.00,06-Aug,07-Aug,08-Aug,09-Aug,10-Aug,11-Aug,12-Aug,06-Aug,07-Aug,08-Aug,09-Aug,10-Aug,11-Aug,12-Aug,7,7,0
Nagpur,Nagpur,Gondia,Deori,Deori,20017028,Chichgad Palandur RR Retrofitting,Tekri Magardoh Balapur,1800,3,0.00,0.00,0.00,0.00,0.00,0.00,0.00,0.00,0.00,0.00,0.00,0.00,0.00,0.00,06-Aug,07-Aug,08-Aug,09-Aug,10-Aug,11-Aug,12-Aug,06-Aug,07-Aug,08-Aug,09-Aug,10-Aug,11-Aug,12-Aug,7,7,0
Nagpur,Nagpur,Gondia,Gondia,Gondia,2003645,Kudwa-Katangikala Peri Urban RR,Katangikala,6640,2,3.87,3.40,3.06,3.48,3.95,4.11,3.62,58.25,51.14,46.11,52.44,59.45,61.86,54.55,06-Aug,07-Aug,08-Aug,09-Aug,10-Aug,11-Aug,12-Aug,06-Aug,07-Aug,08-Aug,09-Aug,10-Aug,11-Aug,12-Aug,0,4,3
Nagpur,Nagpur,Gondia,Gondia,Gondia,2003645,Kudwa-Katangikala Peri Urban RR,Kudwa,20000,3,0.00,0.00,0.00,0.00,0.00,0.00,0.00,0.00,0.00,0.00,0.00,0.00,0.00,0.00,06-Aug,07-Aug,08-Aug,09-Aug,10-Aug,11-Aug,12-Aug,06-Aug,07-Aug,08-Aug,09-Aug,10-Aug,11-Aug,12-Aug,7,7,0
Nagpur,Nagpur,Gondia,Gondia,Goregaon,20019216,GOREGAON RR Retrofitting,Bhadanga,4016,1,2.59,2.35,1.05,0.02,0.00,0.00,0.00,64.41,58.46,26.17,0.43,0.00,0.00,0.00,06-Aug,07-Aug,08-Aug,09-Aug,10-Aug,11-Aug,12-Aug,06-Aug,07-Aug,08-Aug,09-Aug,10-Aug,11-Aug,12-Aug,3,5,2
Nagpur,Nagpur,Gondia,Gondia,Goregaon,20019216,GOREGAON RR Retrofitting,Ghoti,3931,1,1.08,1.35,1.43,0.75,1.46,0.91,1.44,27.50,34.46,36.34,19.03,37.10,23.21,36.68,06-Aug,07-Aug,08-Aug,09-Aug,10-Aug,11-Aug,12-Aug,06-Aug,07-Aug,08-Aug,09-Aug,10-Aug,11-Aug,12-Aug,0,7,0
Nagpur,Nagpur,Gondia,Gondia,Goregaon,20019216,GOREGAON RR Retrofitting,Goregaon,8766,3,4.61,4.52,3.12,3.05,3.61,3.26,3.71,52.54,51.55,35.54,34.81,41.14,37.18,42.35,06-Aug,07-Aug,08-Aug,09-Aug,10-Aug,11-Aug,12-Aug,06-Aug,07-Aug,08-Aug,09-Aug,10-Aug,11-Aug,12-Aug,0,7,0
Nagpur,Nagpur,Gondia,Gondia,Goregaon,20019216,GOREGAON RR Retrofitting,Katangi,2643,1,0.71,0.53,0.56,0.67,0.46,0.00,0.00,26.76,19.87,21.29,25.44,17.47,0.00,0.00,06-Aug,07-Aug,08-Aug,09-Aug,10-Aug,11-Aug,12-Aug,06-Aug,07-Aug,08-Aug,09-Aug,10-Aug,11-Aug,12-Aug,2,7,0
Nagpur,Nagpur,Gondia,Gondia,Goregaon,20019216,GOREGAON RR Retrofitting,Mengatola,1000,1,0.00,0.00,0.00,0.00,0.00,0.00,0.00,0.36,0.07,0.00,0.00,0.00,0.00,0.00,06-Aug,07-Aug,08-Aug,09-Aug,10-Aug,11-Aug,12-Aug,06-Aug,07-Aug,08-Aug,09-Aug,10-Aug,11-Aug,12-Aug,5,7,0
Nagpur,Nagpur,Gondia,Sadak Arjuni,Sadak Arjuni,20016939,Putali RR WSS Retrofitting,Chirchadi,905,1,4.44,0.00,0.00,0.00,0.00,0.00,0.00,491.01,0.00,0.00,0.00,0.00,0.00,0.00,06-Aug,07-Aug,08-Aug,09-Aug,10-Aug,11-Aug,12-Aug,06-Aug,07-Aug,08-Aug,09-Aug,10-Aug,11-Aug,12-Aug,6,6,1
Nagpur,Nagpur,Gondia,Sadak Arjuni,Sadak Arjuni,20016939,Putali RR WSS Retrofitting,Dalli,1606,1,0.00,0.00,0.00,0.00,0.00,0.00,0.00,0.00,0.00,0.00,0.00,0.00,0.00,0.00,06-Aug,07-Aug,08-Aug,09-Aug,10-Aug,11-Aug,12-Aug,06-Aug,07-Aug,08-Aug,09-Aug,10-Aug,11-Aug,12-Aug,7,7,0
Nagpur,Nagpur,Gondia,Sadak Arjuni,Sadak Arjuni,20016939,Putali RR WSS Retrofitting,Kanharpayli,1487,1,0.00,0.00,0.00,0.00,0.00,0.00,0.00,0.00,0.00,0.00,0.00,0.00,0.00,0.00,06-Aug,07-Aug,08-Aug,09-Aug,10-Aug,11-Aug,12-Aug,06-Aug,07-Aug,08-Aug,09-Aug,10-Aug,11-Aug,12-Aug,7,7,0
Nagpur,Nagpur,Gondia,Sadak Arjuni,Sadak Arjuni,20016939,Putali RR WSS Retrofitting,Kohalipar,126,1,0.00,0.00,0.00,0.00,0.00,0.00,0.00,0.00,0.00,0.00,0.00,0.00,0.00,0.00,06-Aug,07-Aug,08-Aug,09-Aug,10-Aug,11-Aug,12-Aug,06-Aug,07-Aug,08-Aug,09-Aug,10-Aug,11-Aug,12-Aug,7,7,0
Nagpur,Nagpur,Gondia,Sadak Arjuni,Sadak Arjuni,20016939,Putali RR WSS Retrofitting,Koylari,1575,1,0.00,0.00,0.00,0.00,0.00,0.00,0.00,0.00,0.00,0.00,0.00,0.00,0.00,0.00,06-Aug,07-Aug,08-Aug,09-Aug,10-Aug,11-Aug,12-Aug,06-Aug,07-Aug,08-Aug,09-Aug,10-Aug,11-Aug,12-Aug,7,7,0
Nagpur,Nagpur,Gondia,Sadak Arjuni,Sadak Arjuni,20016939,Putali RR WSS Retrofitting,Mohgata,189,1,0.00,0.00,0.00,0.00,0.00,0.00,0.00,0.00,0.00,0.00,0.00,0.00,0.00,0.00,06-Aug,07-Aug,08-Aug,09-Aug,10-Aug,11-Aug,12-Aug,06-Aug,07-Aug,08-Aug,09-Aug,10-Aug,11-Aug,12-Aug,7,7,0
Nagpur,Nagpur,Gondia,Sadak Arjuni,Sadak Arjuni,20016939,Putali RR WSS Retrofitting,Rengepar,1581,1,0.00,0.00,0.00,0.00,0.00,0.00,0.00,0.00,0.00,0.00,0.00,0.00,0.00,0.00,06-Aug,07-Aug,08-Aug,09-Aug,10-Aug,11-Aug,12-Aug,06-Aug,07-Aug,08-Aug,09-Aug,10-Aug,11-Aug,12-Aug,7,7,0
Nagpur,Nagpur,Gondia,Sadak Arjuni,Sadak Arjuni,20016939,Putali RR WSS Retrofitting,Ushikheda,710,1,0.00,0.00,0.00,0.00,0.00,0.00,0.00,0.00,0.00,0.00,0.00,0.00,0.00,0.00,06-Aug,07-Aug,08-Aug,09-Aug,10-Aug,11-Aug,12-Aug,06-Aug,07-Aug,08-Aug,09-Aug,10-Aug,11-Aug,12-Aug,7,7,0
Nagpur,Nagpur,Gondia,Sakoli,Sakoli-Lakhani,20022100,Sakoli Lakhani RR Retrofitting,Gadegaon,3072,2,3.53,3.29,3.40,3.67,3.57,3.38,3.41,114.83,107.04,110.68,119.56,116.29,110.02,110.98,06-Aug,07-Aug,08-Aug,09-Aug,10-Aug,11-Aug,12-Aug,06-Aug,07-Aug,08-Aug,09-Aug,10-Aug,11-Aug,12-Aug,0,0,7
Nagpur,Nagpur,Gondia,Sakoli,Sakoli-Lakhani,20022100,Sakoli Lakhani RR Retrofitting,Gondsawari,946,1,0.00,0.00,0.00,0.00,0.00,0.00,0.00,0.00,0.00,0.00,0.00,0.00,0.00,0.00,06-Aug,07-Aug,08-Aug,09-Aug,10-Aug,11-Aug,12-Aug,06-Aug,07-Aug,08-Aug,09-Aug,10-Aug,11-Aug,12-Aug,7,7,0
Nagpur,Nagpur,Gondia,Sakoli,Sakoli-Lakhani,20022100,Sakoli Lakhani RR Retrofitting,Jambhai,1844,1,1.90,2.19,0.00,0.00,0.00,0.00,0.00,103.04,118.76,0.00,0.00,0.00,0.00,0.00,06-Aug,07-Aug,08-Aug,09-Aug,10-Aug,11-Aug,12-Aug,06-Aug,07-Aug,08-Aug,09-Aug,10-Aug,11-Aug,12-Aug,5,5,2
Nagpur,Nagpur,Gondia,Sakoli,Sakoli-Lakhani,20022100,Sakoli Lakhani RR Retrofitting,Khandala,1847,1,0.00,0.00,0.00,0.00,0.00,0.16,0.68,0.00,0.00,0.00,0.00,0.00,8.66,36.82,06-Aug,07-Aug,08-Aug,09-Aug,10-Aug,11-Aug,12-Aug,06-Aug,07-Aug,08-Aug,09-Aug,10-Aug,11-Aug,12-Aug,5,7,0
Nagpur,Nagpur,Gondia,Sakoli,Sakoli-Lakhani,20022100,Sakoli Lakhani RR Retrofitting,Lakhori,2751,1,1.48,1.40,1.39,1.53,1.44,1.41,1.49,53.80,50.89,50.53,55.62,52.34,51.25,54.16,06-Aug,07-Aug,08-Aug,09-Aug,10-Aug,11-Aug,12-Aug,06-Aug,07-Aug,08-Aug,09-Aug,10-Aug,11-Aug,12-Aug,0,6,1
Nagpur,Nagpur,Gondia,Sakoli,Sakoli-Lakhani,20022100,Sakoli Lakhani RR Retrofitting,Manegaon,,1,0.00,0.00,0.00,0.00,0.00,0.00,0.00,0.00,0.00,0.00,0.00,0.00,0.00,0.00,06-Aug,07-Aug,08-Aug,09-Aug,10-Aug,11-Aug,12-Aug,06-Aug,07-Aug,08-Aug,09-Aug,10-Aug,11-Aug,12-Aug,7,7,0
Nagpur,Nagpur,Gondia,Sakoli,Sakoli-Lakhani,20022100,Sakoli Lakhani RR Retrofitting,Pimpalgaon,,1,0.00,0.00,0.00,0.00,0.00,0.00,0.00,0.00,0.00,0.00,0.00,0.00,0.00,0.00,06-Aug,07-Aug,08-Aug,09-Aug,10-Aug,11-Aug,12-Aug,06-Aug,07-Aug,08-Aug,09-Aug,10-Aug,11-Aug,12-Aug,7,7,0
Nagpur,Nagpur,Gondia,Sakoli,Sakoli-Lakhani,20022100,Sakoli Lakhani RR Retrofitting,Pindkepar,1388,1,0.00,0.00,0.00,0.00,0.00,0.00,0.00,0.00,0.00,0.00,0.00,0.00,0.00,0.00,06-Aug,07-Aug,08-Aug,09-Aug,10-Aug,11-Aug,12-Aug,06-Aug,07-Aug,08-Aug,09-Aug,10-Aug,11-Aug,12-Aug,7,7,0
Nagpur,Nagpur,Gondia,Sakoli,Sakoli-Lakhani,20022100,Sakoli Lakhani RR Retrofitting,Pohara,5000,1,0.00,0.00,2.66,0.00,0.01,0.00,0.00,0.00,0.00,53.20,0.00,0.20,0.00,0.00,06-Aug,07-Aug,08-Aug,09-Aug,10-Aug,11-Aug,12-Aug,06-Aug,07-Aug,08-Aug,09-Aug,10-Aug,11-Aug,12-Aug,5,7,0
Nagpur,Nagpur,Gondia,Sakoli,Sakoli-Lakhani,20022100,Sakoli Lakhani RR Retrofitting,Rengepar,1581,1,0.78,1.00,0.81,1.07,0.98,1.12,0.82,49.34,63.25,51.23,67.68,61.99,70.84,51.87,06-Aug,07-Aug,08-Aug,09-Aug,10-Aug,11-Aug,12-Aug,06-Aug,07-Aug,08-Aug,09-Aug,10-Aug,11-Aug,12-Aug,0,3,4
Nagpur,Nagpur,Gondia,Sakoli,Sakoli-Lakhani,20022100,Sakoli Lakhani RR Retrofitting,Sawarbandh,1669,1,0.00,0.00,0.00,0.00,0.00,0.00,0.00,0.00,0.00,0.00,0.00,0.00,0.00,0.00,06-Aug,07-Aug,08-Aug,09-Aug,10-Aug,11-Aug,12-Aug,06-Aug,07-Aug,08-Aug,09-Aug,10-Aug,11-Aug,12-Aug,7,7,0
Nagpur,Nagpur,Gondia,Sakoli,Sakoli-Lakhani,20022100,Sakoli Lakhani RR Retrofitting,Sawari,4078,2,2.38,2.35,2.44,2.49,2.40,2.41,2.41,58.36,57.63,59.83,61.06,58.85,59.10,59.10,06-Aug,07-Aug,08-Aug,09-Aug,10-Aug,11-Aug,12-Aug,06-Aug,07-Aug,08-Aug,09-Aug,10-Aug,11-Aug,12-Aug,0,0,7
Nagpur,Nagpur,Gondia,Sakoli,Sakoli-Lakhani,20022100,Sakoli Lakhani RR Retrofitting,Sivanibandh,1504,1,0.00,0.00,0.00,0.00,0.00,0.00,0.00,0.00,0.00,0.00,0.00,0.00,0.00,0.00,06-Aug,07-Aug,08-Aug,09-Aug,10-Aug,11-Aug,12-Aug,06-Aug,07-Aug,08-Aug,09-Aug,10-Aug,11-Aug,12-Aug,7,7,0
Nagpur,Nagpur,Gondia,Sakoli,Sakoli-Lakhani,20022100,Sakoli Lakhani RR Retrofitting,Somalwada,2142,2,0.00,0.00,0.00,0.00,0.00,0.00,0.00,0.00,0.00,0.00,0.00,0.00,0.00,0.00,06-Aug,07-Aug,08-Aug,09-Aug,10-Aug,11-Aug,12-Aug,06-Aug,07-Aug,08-Aug,09-Aug,10-Aug,11-Aug,12-Aug,7,7,0
Nagpur,Nagpur,Nagpur,Chandrapur,Saoali,20036500,Vyahad & 2 Village RR WSS,Kondekhal,556,2,0.00,0.00,0.00,0.00,0.00,0.00,0.05,0.00,0.00,0.00,0.00,0.00,0.00,8.18,06-Aug,07-Aug,08-Aug,09-Aug,10-Aug,11-Aug,12-Aug,06-Aug,07-Aug,08-Aug,09-Aug,10-Aug,11-Aug,12-Aug,6,7,0
Nagpur,Nagpur,Nagpur,Chandrapur,Saoali,20036500,Vyahad & 2 Village RR WSS,Samada Kh,524,2,0.00,0.00,0.00,0.01,0.05,0.01,0.02,0.04,0.84,0.05,1.89,9.04,2.66,4.46,06-Aug,07-Aug,08-Aug,09-Aug,10-Aug,11-Aug,12-Aug,06-Aug,07-Aug,08-Aug,09-Aug,10-Aug,11-Aug,12-Aug,0,7,0
Nagpur,Nagpur,Nagpur,Chandrapur,Saoali,20036500,Vyahad & 2 Village RR WSS,Vyahad(BK),4572,1,0.00,0.00,0.00,0.00,0.00,0.00,0.00,0.00,0.00,0.00,0.00,0.00,0.00,0.00,06-Aug,07-Aug,08-Aug,09-Aug,10-Aug,11-Aug,12-Aug,06-Aug,07-Aug,08-Aug,09-Aug,10-Aug,11-Aug,12-Aug,7,7,0
Nagpur,Nagpur,Nagpur,Nagpur,Hingna,20009650,Waddhmna WSS,Nagalwadi,2564,1,0.00,0.00,0.00,0.00,0.00,0.00,0.00,0.00,0.00,0.00,0.00,0.00,0.00,0.00,06-Aug,07-Aug,08-Aug,09-Aug,10-Aug,11-Aug,12-Aug,06-Aug,07-Aug,08-Aug,09-Aug,10-Aug,11-Aug,12-Aug,7,7,0
Nagpur,Nagpur,Nagpur,Nagpur,Hingna,20009650,Waddhmna WSS,Waddhmna,5904,7,5.00,5.11,5.09,5.13,5.07,4.98,4.26,84.69,86.51,86.18,86.89,85.87,84.39,72.15,06-Aug,07-Aug,08-Aug,09-Aug,10-Aug,11-Aug,12-Aug,06-Aug,07-Aug,08-Aug,09-Aug,10-Aug,11-Aug,12-Aug,0,0,7
Nagpur,Nagpur,Nagpur,Nagpur,Kamptee,7940695,Bidgaon Tarodi wss,Bidgaon,16860,2,17.45,18.27,18.41,20.80,17.53,18.06,19.36,103.49,108.38,109.22,123.38,103.97,107.12,114.85,06-Aug,07-Aug,08-Aug,09-Aug,10-Aug,11-Aug,12-Aug,06-Aug,07-Aug,08-Aug,09-Aug,10-Aug,11-Aug,12-Aug,0,0,7
Nagpur,Nagpur,Nagpur,Nagpur,Kamptee,7940695,Bidgaon Tarodi wss,Tarodi Kh.,7830,2,0.13,0.10,0.13,0.06,0.13,0.10,0.09,1.68,1.24,1.60,0.73,1.72,1.21,1.12,06-Aug,07-Aug,08-Aug,09-Aug,10-Aug,11-Aug,12-Aug,06-Aug,07-Aug,08-Aug,09-Aug,10-Aug,11-Aug,12-Aug,0,7,0
Chhatrapati Sambhajinagar,Chhatrapati Sambhajinagar,Chhatrapati Sambhajinagar,Gangapur,Gangapur,20051233,373 Village Gangapur-Vaijapur Grid WSS,Babhulgaon Padalsa,1001,1,0.62,0.00,0.72,0.00,0.00,0.00,0.00,61.94,0.00,71.93,0.00,0.00,0.00,0.00,06-Aug,07-Aug,08-Aug,09-Aug,10-Aug,11-Aug,12-Aug,06-Aug,07-Aug,08-Aug,09-Aug,10-Aug,11-Aug,12-Aug,5,5,2
Chhatrapati Sambhajinagar,Chhatrapati Sambhajinagar,Chhatrapati Sambhajinagar,Gangapur,Gangapur,20051233,373 Village Gangapur-Vaijapur Grid WSS,Domegaon-Borgaon,1535,1,0.00,0.00,0.00,0.00,0.00,0.00,0.00,0.00,0.00,0.00,0.00,0.00,0.00,0.00,06-Aug,07-Aug,08-Aug,09-Aug,10-Aug,11-Aug,12-Aug,06-Aug,07-Aug,08-Aug,09-Aug,10-Aug,11-Aug,12-Aug,7,7,0
Chhatrapati Sambhajinagar,Chhatrapati Sambhajinagar,Chhatrapati Sambhajinagar,Gangapur,Gangapur,20051233,373 Village Gangapur-Vaijapur Grid WSS,Jogeshwari,13730,1,4.06,4.95,4.81,5.69,2.37,0.00,0.00,29.55,36.08,35.01,41.46,17.25,0.00,0.00,06-Aug,07-Aug,08-Aug,09-Aug,10-Aug,11-Aug,12-Aug,06-Aug,07-Aug,08-Aug,09-Aug,10-Aug,11-Aug,12-Aug,2,7,0
Chhatrapati Sambhajinagar,Chhatrapati Sambhajinagar,Chhatrapati Sambhajinagar,Gangapur,Gangapur,20051233,373 Village Gangapur-Vaijapur Grid WSS,Raipur,2196,1,0.00,0.00,0.00,0.00,0.00,0.00,0.00,0.00,0.00,0.00,0.00,0.00,0.00,0.00,06-Aug,07-Aug,08-Aug,09-Aug,10-Aug,11-Aug,12-Aug,06-Aug,07-Aug,08-Aug,09-Aug,10-Aug,11-Aug,12-Aug,7,7,0
Chhatrapati Sambhajinagar,Chhatrapati Sambhajinagar,Chhatrapati Sambhajinagar,Gangapur,Gangapur,20051233,373 Village Gangapur-Vaijapur Grid WSS,Ranjangaon (s),62282,1,0.00,0.00,0.00,0.00,0.00,2.45,0.00,0.00,0.00,0.00,0.00,0.00,3.94,0.00,06-Aug,07-Aug,08-Aug,09-Aug,10-Aug,11-Aug,12-Aug,06-Aug,07-Aug,08-Aug,09-Aug,10-Aug,11-Aug,12-Aug,6,7,0
Chhatrapati Sambhajinagar,Chhatrapati Sambhajinagar,Chhatrapati Sambhajinagar,Gangapur,Gangapur,20051233,373 Village Gangapur-Vaijapur Grid WSS,Sawangi,5491,1,0.00,0.00,0.00,0.00,0.00,0.00,0.00,0.00,0.00,0.00,0.00,0.00,0.00,0.00,06-Aug,07-Aug,08-Aug,09-Aug,10-Aug,11-Aug,12-Aug,06-Aug,07-Aug,08-Aug,09-Aug,10-Aug,11-Aug,12-Aug,7,7,0
Chhatrapati Sambhajinagar,Chhatrapati Sambhajinagar,Chhatrapati Sambhajinagar,Gangapur,Gangapur,20051233,373 Village Gangapur-Vaijapur Grid WSS,Shivrai,2706,1,0.29,0.31,0.00,0.23,0.39,0.28,0.01,10.72,11.46,0.00,8.50,14.41,10.35,0.37,06-Aug,07-Aug,08-Aug,09-Aug,10-Aug,11-Aug,12-Aug,06-Aug,07-Aug,08-Aug,09-Aug,10-Aug,11-Aug,12-Aug,1,7,0
Chhatrapati Sambhajinagar,Chhatrapati Sambhajinagar,Chhatrapati Sambhajinagar,Gangapur,Gangapur,20051233,373 Village Gangapur-Vaijapur Grid WSS,Warkhed,3343,1,0.16,0.63,0.76,0.72,0.11,0.56,0.63,4.79,18.85,22.73,21.54,3.29,16.75,18.85,06-Aug,07-Aug,08-Aug,09-Aug,10-Aug,11-Aug,12-Aug,06-Aug,07-Aug,08-Aug,09-Aug,10-Aug,11-Aug,12-Aug,0,7,0
Chhatrapati Sambhajinagar,Chhatrapati Sambhajinagar,Chhatrapati Sambhajinagar,Paithan,Paithan,20018162,Paithan Taluka 178 Village Grid WS,Akthawada,1508,1,2.03,1.83,0.00,2.67,0.00,1.16,0.72,134.62,121.35,0.00,177.06,0.00,76.92,47.75,06-Aug,07-Aug,08-Aug,09-Aug,10-Aug,11-Aug,12-Aug,06-Aug,07-Aug,08-Aug,09-Aug,10-Aug,11-Aug,12-Aug,2,3,4
Chhatrapati Sambhajinagar,Chhatrapati Sambhajinagar,Chhatrapati Sambhajinagar,Paithan,Paithan,20018162,Paithan Taluka 178 Village Grid WS,Antarwadi Khandi,2331,1,0.00,0.00,0.00,0.00,0.00,0.00,0.00,0.00,0.00,0.00,0.00,0.00,0.00,0.00,06-Aug,07-Aug,08-Aug,09-Aug,10-Aug,11-Aug,12-Aug,06-Aug,07-Aug,08-Aug,09-Aug,10-Aug,11-Aug,12-Aug,7,7,0
Chhatrapati Sambhajinagar,Chhatrapati Sambhajinagar,Chhatrapati Sambhajinagar,Paithan,Paithan,20018162,Paithan Taluka 178 Village Grid WS,Balanagar,5504,1,1.84,1.79,1.71,1.97,2.68,3.22,2.82,33.43,32.52,31.07,35.79,48.69,58.50,51.24,06-Aug,07-Aug,08-Aug,09-Aug,10-Aug,11-Aug,12-Aug,06-Aug,07-Aug,08-Aug,09-Aug,10-Aug,11-Aug,12-Aug,0,6,1
Chhatrapati Sambhajinagar,Chhatrapati Sambhajinagar,Chhatrapati Sambhajinagar,Paithan,Paithan,20018162,Paithan Taluka 178 Village Grid WS,Changatpuri,3387,1,0.00,0.00,0.00,0.00,0.00,0.00,0.00,0.00,0.00,0.00,0.00,0.00,0.00,0.00,06-Aug,07-Aug,08-Aug,09-Aug,10-Aug,11-Aug,12-Aug,06-Aug,07-Aug,08-Aug,09-Aug,10-Aug,11-Aug,12-Aug,7,7,0
Chhatrapati Sambhajinagar,Chhatrapati Sambhajinagar,Chhatrapati Sambhajinagar,Paithan,Paithan,20018162,Paithan Taluka 178 Village Grid WS,Dadegaon Bk.,1144,2,0.24,0.24,0.24,0.13,0.24,0.00,0.00,20.98,20.98,20.98,11.36,20.98,0.00,0.00,06-Aug,07-Aug,08-Aug,09-Aug,10-Aug,11-Aug,12-Aug,06-Aug,07-Aug,08-Aug,09-Aug,10-Aug,11-Aug,12-Aug,2,7,0
Chhatrapati Sambhajinagar,Chhatrapati Sambhajinagar,Chhatrapati Sambhajinagar,Paithan,Paithan,20018162,Paithan Taluka 178 Village Grid WS,Dadegaon Jahagir,1400,1,0.00,0.00,1.04,0.00,6.67,0.00,0.72,0.00,0.00,74.29,0.00,476.43,0.00,51.43,06-Aug,07-Aug,08-Aug,09-Aug,10-Aug,11-Aug,12-Aug,06-Aug,07-Aug,08-Aug,09-Aug,10-Aug,11-Aug,12-Aug,4,5,2
Chhatrapati Sambhajinagar,Chhatrapati Sambhajinagar,Chhatrapati Sambhajinagar,Paithan,Paithan,20018162,Paithan Taluka 178 Village Grid WS,Daregaon,992,1,0.00,0.00,0.00,0.00,0.00,0.00,0.00,0.00,0.00,0.00,0.00,0.00,0.00,0.00,06-Aug,07-Aug,08-Aug,09-Aug,10-Aug,11-Aug,12-Aug,06-Aug,07-Aug,08-Aug,09-Aug,10-Aug,11-Aug,12-Aug,7,7,0
Chhatrapati Sambhajinagar,Chhatrapati Sambhajinagar,Chhatrapati Sambhajinagar,Paithan,Paithan,20018162,Paithan Taluka 178 Village Grid WS,Dhorkin,3816,1,0.00,2.55,0.00,0.00,0.00,0.00,0.00,0.00,66.82,0.00,0.00,0.00,0.00,0.00,06-Aug,07-Aug,08-Aug,09-Aug,10-Aug,11-Aug,12-Aug,06-Aug,07-Aug,08-Aug,09-Aug,10-Aug,11-Aug,12-Aug,6,6,1
Chhatrapati Sambhajinagar,Chhatrapati Sambhajinagar,Chhatrapati Sambhajinagar,Paithan,Paithan,20018162,Paithan Taluka 178 Village Grid WS,Dinnapur,900,1,0.72,0.84,0.57,0.46,0.58,0.73,0.54,80.00,93.33,63.33,51.11,64.44,81.11,60.00,06-Aug,07-Aug,08-Aug,09-Aug,10-Aug,11-Aug,12-Aug,06-Aug,07-Aug,08-Aug,09-Aug,10-Aug,11-Aug,12-Aug,0,1,6
Chhatrapati Sambhajinagar,Chhatrapati Sambhajinagar,Chhatrapati Sambhajinagar,Paithan,Paithan,20018162,Paithan Taluka 178 Village Grid WS,Dongaon,0,1,0.00,0.00,0.00,0.00,0.00,0.00,0.00,0.00,0.00,0.00,0.00,0.00,0.00,0.00,06-Aug,07-Aug,08-Aug,09-Aug,10-Aug,11-Aug,12-Aug,06-Aug,07-Aug,08-Aug,09-Aug,10-Aug,11-Aug,12-Aug,7,7,0
Chhatrapati Sambhajinagar,Chhatrapati Sambhajinagar,Chhatrapati Sambhajinagar,Paithan,Paithan,20018162,Paithan Taluka 178 Village Grid WS,Geora Bashi,0,1,0.00,0.00,0.00,0.00,0.00,0.00,0.00,0.00,0.00,0.00,0.00,0.00,0.00,0.00,06-Aug,07-Aug,08-Aug,09-Aug,10-Aug,11-Aug,12-Aug,06-Aug,07-Aug,08-Aug,09-Aug,10-Aug,11-Aug,12-Aug,7,7,0
Chhatrapati Sambhajinagar,Chhatrapati Sambhajinagar,Chhatrapati Sambhajinagar,Paithan,Paithan,20018162,Paithan Taluka 178 Village Grid WS,Geora BK.,0,1,0.00,0.00,0.00,0.00,0.00,0.00,0.00,0.00,0.00,0.00,0.00,0.00,0.00,0.00,06-Aug,07-Aug,08-Aug,09-Aug,10-Aug,11-Aug,12-Aug,06-Aug,07-Aug,08-Aug,09-Aug,10-Aug,11-Aug,12-Aug,7,7,0
Chhatrapati Sambhajinagar,Chhatrapati Sambhajinagar,Chhatrapati Sambhajinagar,Paithan,Paithan,20018162,Paithan Taluka 178 Village Grid WS,Geora Kh.,0,1,0.00,0.00,0.00,0.00,0.00,0.00,0.00,0.00,0.00,0.00,0.00,0.00,0.00,0.00,06-Aug,07-Aug,08-Aug,09-Aug,10-Aug,11-Aug,12-Aug,06-Aug,07-Aug,08-Aug,09-Aug,10-Aug,11-Aug,12-Aug,7,7,0
Chhatrapati Sambhajinagar,Chhatrapati Sambhajinagar,Chhatrapati Sambhajinagar,Paithan,Paithan,20018162,Paithan Taluka 178 Village Grid WS,Gidhada,564,1,0.00,0.00,0.00,0.00,0.00,0.00,0.00,0.00,0.00,0.00,0.00,0.00,0.00,0.00,06-Aug,07-Aug,08-Aug,09-Aug,10-Aug,11-Aug,12-Aug,06-Aug,07-Aug,08-Aug,09-Aug,10-Aug,11-Aug,12-Aug,7,7,0
Chhatrapati Sambhajinagar,Chhatrapati Sambhajinagar,Chhatrapati Sambhajinagar,Paithan,Paithan,20018162,Paithan Taluka 178 Village Grid WS,Harshi Bk.,0,1,0.00,0.00,0.00,0.00,0.00,0.00,0.00,0.00,0.00,0.00,0.00,0.00,0.00,0.00,06-Aug,07-Aug,08-Aug,09-Aug,10-Aug,11-Aug,12-Aug,06-Aug,07-Aug,08-Aug,09-Aug,10-Aug,11-Aug,12-Aug,7,7,0
Chhatrapati Sambhajinagar,Chhatrapati Sambhajinagar,Chhatrapati Sambhajinagar,Paithan,Paithan,20018162,Paithan Taluka 178 Village Grid WS,Hiradpuri,1372,1,0.00,0.00,0.00,0.00,0.00,0.00,0.00,0.00,0.00,0.00,0.00,0.00,0.00,0.00,06-Aug,07-Aug,08-Aug,09-Aug,10-Aug,11-Aug,12-Aug,06-Aug,07-Aug,08-Aug,09-Aug,10-Aug,11-Aug,12-Aug,7,7,0
Chhatrapati Sambhajinagar,Chhatrapati Sambhajinagar,Chhatrapati Sambhajinagar,Paithan,Paithan,20018162,Paithan Taluka 178 Village Grid WS,Honobachi wadi,783,1,0.00,0.00,0.00,0.00,0.00,0.00,0.00,0.00,0.00,0.00,0.00,0.00,0.00,0.00,06-Aug,07-Aug,08-Aug,09-Aug,10-Aug,11-Aug,12-Aug,06-Aug,07-Aug,08-Aug,09-Aug,10-Aug,11-Aug,12-Aug,7,7,0
Chhatrapati Sambhajinagar,Chhatrapati Sambhajinagar,Chhatrapati Sambhajinagar,Paithan,Paithan,20018162,Paithan Taluka 178 Village Grid WS,kapuswadi,0,1,0.00,0.00,0.00,0.00,0.00,0.00,0.00,0.00,0.00,0.00,0.00,0.00,0.00,0.00,06-Aug,07-Aug,08-Aug,09-Aug,10-Aug,11-Aug,12-Aug,06-Aug,07-Aug,08-Aug,09-Aug,10-Aug,11-Aug,12-Aug,7,7,0
Chhatrapati Sambhajinagar,Chhatrapati Sambhajinagar,Chhatrapati Sambhajinagar,Paithan,Paithan,20018162,Paithan Taluka 178 Village Grid WS,Karkin,2680,1,0.00,1.10,0.91,0.94,0.90,0.78,0.80,0.00,41.04,33.96,35.07,33.58,29.10,29.85,06-Aug,07-Aug,08-Aug,09-Aug,10-Aug,11-Aug,12-Aug,06-Aug,07-Aug,08-Aug,09-Aug,10-Aug,11-Aug,12-Aug,1,7,0
Chhatrapati Sambhajinagar,Chhatrapati Sambhajinagar,Chhatrapati Sambhajinagar,Paithan,Paithan,20018162,Paithan Taluka 178 Village Grid WS,Khadgaon,1936,1,0.00,0.00,0.00,0.00,0.00,0.00,0.00,0.00,0.00,0.00,0.00,0.00,0.00,0.00,06-Aug,07-Aug,08-Aug,09-Aug,10-Aug,11-Aug,12-Aug,06-Aug,07-Aug,08-Aug,09-Aug,10-Aug,11-Aug,12-Aug,7,7,0
Chhatrapati Sambhajinagar,Chhatrapati Sambhajinagar,Chhatrapati Sambhajinagar,Paithan,Paithan,20018162,Paithan Taluka 178 Village Grid WS,Khandewadi,0,1,0.00,4.18,0.00,0.04,0.00,0.00,0.00,0.00,0.00,0.00,0.00,0.00,0.00,0.00,06-Aug,07-Aug,08-Aug,09-Aug,10-Aug,11-Aug,12-Aug,06-Aug,07-Aug,08-Aug,09-Aug,10-Aug,11-Aug,12-Aug,7,7,0
Chhatrapati Sambhajinagar,Chhatrapati Sambhajinagar,Chhatrapati Sambhajinagar,Paithan,Paithan,20018162,Paithan Taluka 178 Village Grid WS,Koli Bodkha,3700,1,0.00,0.00,0.00,0.00,0.00,0.00,0.00,0.00,0.00,0.00,0.00,0.00,0.00,0.00,06-Aug,07-Aug,08-Aug,09-Aug,10-Aug,11-Aug,12-Aug,06-Aug,07-Aug,08-Aug,09-Aug,10-Aug,11-Aug,12-Aug,7,7,0
Chhatrapati Sambhajinagar,Chhatrapati Sambhajinagar,Chhatrapati Sambhajinagar,Paithan,Paithan,20018162,Paithan Taluka 178 Village Grid WS,Kuranpimpri,720,1,0.53,1.45,0.44,0.04,1.53,0.70,1.38,73.61,201.39,61.11,5.56,212.50,97.22,191.67,06-Aug,07-Aug,08-Aug,09-Aug,10-Aug,11-Aug,12-Aug,06-Aug,07-Aug,08-Aug,09-Aug,10-Aug,11-Aug,12-Aug,0,1,6
Chhatrapati Sambhajinagar,Chhatrapati Sambhajinagar,Chhatrapati Sambhajinagar,Paithan,Paithan,20018162,Paithan Taluka 178 Village Grid WS,Kutub Kheda,792,1,0.00,0.00,0.00,0.00,0.00,0.00,0.00,0.00,0.00,0.00,0.00,0.00,0.00,0.00,06-Aug,07-Aug,08-Aug,09-Aug,10-Aug,11-Aug,12-Aug,06-Aug,07-Aug,08-Aug,09-Aug,10-Aug,11-Aug,12-Aug,7,7,0
Chhatrapati Sambhajinagar,Chhatrapati Sambhajinagar,Chhatrapati Sambhajinagar,Paithan,Paithan,20018162,Paithan Taluka 178 Village Grid WS,Lakhegaon,988,1,0.00,0.49,0.57,0.26,0.43,0.39,0.18,0.00,49.60,57.69,26.32,43.52,39.47,18.22,06-Aug,07-Aug,08-Aug,09-Aug,10-Aug,11-Aug,12-Aug,06-Aug,07-Aug,08-Aug,09-Aug,10-Aug,11-Aug,12-Aug,1,6,1
Chhatrapati Sambhajinagar,Chhatrapati Sambhajinagar,Chhatrapati Sambhajinagar,Paithan,Paithan,20018162,Paithan Taluka 178 Village Grid WS,Mavasgavhan,588,1,4.36,0.95,2.20,0.47,0.56,0.31,0.31,741.50,161.56,374.15,79.93,95.24,52.72,52.72,06-Aug,07-Aug,08-Aug,09-Aug,10-Aug,11-Aug,12-Aug,06-Aug,07-Aug,08-Aug,09-Aug,10-Aug,11-Aug,12-Aug,0,2,5
Chhatrapati Sambhajinagar,Chhatrapati Sambhajinagar,Chhatrapati Sambhajinagar,Paithan,Paithan,20018162,Paithan Taluka 178 Village Grid WS,Mharola,2169,1,0.00,0.02,0.01,0.00,0.01,0.01,0.15,0.00,0.92,0.46,0.00,0.46,0.46,6.92,06-Aug,07-Aug,08-Aug,09-Aug,10-Aug,11-Aug,12-Aug,06-Aug,07-Aug,08-Aug,09-Aug,10-Aug,11-Aug,12-Aug,2,7,0
Chhatrapati Sambhajinagar,Chhatrapati Sambhajinagar,Chhatrapati Sambhajinagar,Paithan,Paithan,20018162,Paithan Taluka 178 Village Grid WS,Nandar,3360,1,63.92,64.82,65.48,68.34,58.64,58.11,84.75,1902.25,1929.18,1948.85,2033.88,1745.32,1729.48,2522.38,06-Aug,07-Aug,08-Aug,09-Aug,10-Aug,11-Aug,12-Aug,06-Aug,07-Aug,08-Aug,09-Aug,10-Aug,11-Aug,12-Aug,0,0,7
Chhatrapati Sambhajinagar,Chhatrapati Sambhajinagar,Chhatrapati Sambhajinagar,Paithan,Paithan,20018162,Paithan Taluka 178 Village Grid WS,Narayangaon,1272,1,0.00,0.00,0.00,1.53,1.39,1.60,1.56,0.00,0.00,0.00,120.28,109.28,125.79,122.64,06-Aug,07-Aug,08-Aug,09-Aug,10-Aug,11-Aug,12-Aug,06-Aug,07-Aug,08-Aug,09-Aug,10-Aug,11-Aug,12-Aug,3,3,4
Chhatrapati Sambhajinagar,Chhatrapati Sambhajinagar,Chhatrapati Sambhajinagar,Paithan,Paithan,20018162,Paithan Taluka 178 Village Grid WS,Paithan Kheda,1788,1,0.00,0.00,0.00,0.00,0.00,0.00,0.00,0.00,0.00,0.00,0.00,0.00,0.00,0.00,06-Aug,07-Aug,08-Aug,09-Aug,10-Aug,11-Aug,12-Aug,06-Aug,07-Aug,08-Aug,09-Aug,10-Aug,11-Aug,12-Aug,7,7,0
Chhatrapati Sambhajinagar,Chhatrapati Sambhajinagar,Chhatrapati Sambhajinagar,Paithan,Paithan,20018162,Paithan Taluka 178 Village Grid WS,Pangara,0,1,0.00,0.00,0.00,0.00,0.00,0.00,0.00,0.00,0.00,0.00,0.00,0.00,0.00,0.00,06-Aug,07-Aug,08-Aug,09-Aug,10-Aug,11-Aug,12-Aug,06-Aug,07-Aug,08-Aug,09-Aug,10-Aug,11-Aug,12-Aug,7,7,0
Chhatrapati Sambhajinagar,Chhatrapati Sambhajinagar,Chhatrapati Sambhajinagar,Paithan,Paithan,20018162,Paithan Taluka 178 Village Grid WS,Rajapur,1108,1,0.00,0.00,0.00,0.00,0.00,0.00,0.00,0.00,0.00,0.00,0.00,0.00,0.00,0.00,06-Aug,07-Aug,08-Aug,09-Aug,10-Aug,11-Aug,12-Aug,06-Aug,07-Aug,08-Aug,09-Aug,10-Aug,11-Aug,12-Aug,7,7,0
Chhatrapati Sambhajinagar,Chhatrapati Sambhajinagar,Chhatrapati Sambhajinagar,Paithan,Paithan,20018162,Paithan Taluka 178 Village Grid WS,Shekta,0,1,0.00,0.00,0.00,0.00,0.00,0.00,0.00,0.00,0.00,0.00,0.00,0.00,0.00,0.00,06-Aug,07-Aug,08-Aug,09-Aug,10-Aug,11-Aug,12-Aug,06-Aug,07-Aug,08-Aug,09-Aug,10-Aug,11-Aug,12-Aug,7,7,0
Chhatrapati Sambhajinagar,Chhatrapati Sambhajinagar,Chhatrapati Sambhajinagar,Paithan,Paithan,20018162,Paithan Taluka 178 Village Grid WS,Shivani,440,1,0.00,0.00,0.00,1.42,0.00,0.00,0.40,0.00,0.00,0.00,322.73,0.00,0.00,90.91,06-Aug,07-Aug,08-Aug,09-Aug,10-Aug,11-Aug,12-Aug,06-Aug,07-Aug,08-Aug,09-Aug,10-Aug,11-Aug,12-Aug,5,5,2
Chhatrapati Sambhajinagar,Chhatrapati Sambhajinagar,Chhatrapati Sambhajinagar,Paithan,Paithan,20018162,Paithan Taluka 178 Village Grid WS,Somapuri,0,1,0.00,0.00,0.00,0.00,0.00,0.00,0.00,0.00,0.00,0.00,0.00,0.00,0.00,0.00,06-Aug,07-Aug,08-Aug,09-Aug,10-Aug,11-Aug,12-Aug,06-Aug,07-Aug,08-Aug,09-Aug,10-Aug,11-Aug,12-Aug,7,7,0
Chhatrapati Sambhajinagar,Chhatrapati Sambhajinagar,Chhatrapati Sambhajinagar,Paithan,Paithan,20018162,Paithan Taluka 178 Village Grid WS,Takli Paithan,0,1,0.68,0.76,0.66,0.74,0.66,0.69,0.73,0.00,0.00,0.00,0.00,0.00,0.00,0.00,06-Aug,07-Aug,08-Aug,09-Aug,10-Aug,11-Aug,12-Aug,06-Aug,07-Aug,08-Aug,09-Aug,10-Aug,11-Aug,12-Aug,7,7,0
Chhatrapati Sambhajinagar,Chhatrapati Sambhajinagar,Chhatrapati Sambhajinagar,Paithan,Paithan,20018162,Paithan Taluka 178 Village Grid WS,Tanda Kh.,0,1,0.00,0.00,0.00,0.00,0.00,0.00,0.00,0.00,0.00,0.00,0.00,0.00,0.00,0.00,06-Aug,07-Aug,08-Aug,09-Aug,10-Aug,11-Aug,12-Aug,06-Aug,07-Aug,08-Aug,09-Aug,10-Aug,11-Aug,12-Aug,7,7,0
Chhatrapati Sambhajinagar,Chhatrapati Sambhajinagar,Chhatrapati Sambhajinagar,Paithan,Paithan,20018162,Paithan Taluka 178 Village Grid WS,Thergaon,1020,1,3.55,4.33,3.98,3.56,3.23,4.29,4.22,348.04,424.51,390.20,349.02,316.67,420.59,413.91,06-Aug,07-Aug,08-Aug,09-Aug,10-Aug,11-Aug,12-Aug,06-Aug,07-Aug,08-Aug,09-Aug,10-Aug,11-Aug,12-Aug,0,0,7
Chhatrapati Sambhajinagar,Chhatrapati Sambhajinagar,Chhatrapati Sambhajinagar,Paithan,Paithan,20018162,Paithan Taluka 178 Village Grid WS,Tondoli,0,1,0.00,0.00,0.00,0.00,0.00,0.00,0.00,0.00,0.00,0.00,0.00,0.00,0.00,0.00,06-Aug,07-Aug,08-Aug,09-Aug,10-Aug,11-Aug,12-Aug,06-Aug,07-Aug,08-Aug,09-Aug,10-Aug,11-Aug,12-Aug,7,7,0
Chhatrapati Sambhajinagar,Chhatrapati Sambhajinagar,Chhatrapati Sambhajinagar,Paithan,Paithan,20018162,Paithan Taluka 178 Village Grid WS,Tupewadi,1240,1,0.00,0.00,0.00,0.00,0.00,0.00,0.00,0.00,0.00,0.00,0.00,0.00,0.00,0.00,06-Aug,07-Aug,08-Aug,09-Aug,10-Aug,11-Aug,12-Aug,06-Aug,07-Aug,08-Aug,09-Aug,10-Aug,11-Aug,12-Aug,7,7,0
Chhatrapati Sambhajinagar,Chhatrapati Sambhajinagar,Chhatrapati Sambhajinagar,Paithan,Paithan,20018162,Paithan Taluka 178 Village Grid WS,Vihamandwa,6440,1,0.00,4.05,5.50,0.27,0.12,0.25,3.40,0.00,62.89,85.40,4.19,1.86,3.88,52.80,06-Aug,07-Aug,08-Aug,09-Aug,10-Aug,11-Aug,12-Aug,06-Aug,07-Aug,08-Aug,09-Aug,10-Aug,11-Aug,12-Aug,1,5,2
Chhatrapati Sambhajinagar,Chhatrapati Sambhajinagar,Chhatrapati Sambhajinagar,Paithan,Paithan,20018162,Paithan Taluka 178 Village Grid WS,Warundi Bk.,2125,1,0.01,0.02,0.00,0.00,0.02,0.00,0.00,0.47,0.94,0.00,0.00,0.94,0.00,0.00,06-Aug,07-Aug,08-Aug,09-Aug,10-Aug,11-Aug,12-Aug,06-Aug,07-Aug,08-Aug,09-Aug,10-Aug,11-Aug,12-Aug,4,7,0
Chhatrapati Sambhajinagar,Chhatrapati Sambhajinagar,Chhatrapati Sambhajinagar,Paithan,Paithan,20018162,Paithan Taluka 178 Village Grid WS,Warwandi Kh.,800,1,1.02,0.00,0.41,0.56,0.00,0.64,0.38,127.50,0.00,51.25,70.00,0.00,80.00,47.50,06-Aug,07-Aug,08-Aug,09-Aug,10-Aug,11-Aug,12-Aug,06-Aug,07-Aug,08-Aug,09-Aug,10-Aug,11-Aug,12-Aug,2,4,3
Chhatrapati Sambhajinagar,Chhatrapati Sambhajinagar,Chhatrapati Sambhajinagar,Paithan,Paithan,20018162,Paithan Taluka 178 Village Grid WS,Wawa,460,1,0.01,0.28,0.16,0.84,0.02,0.00,0.43,2.17,60.87,34.78,182.61,4.35,0.00,93.48,06-Aug,07-Aug,08-Aug,09-Aug,10-Aug,11-Aug,12-Aug,06-Aug,07-Aug,08-Aug,09-Aug,10-Aug,11-Aug,12-Aug,1,4,3
Chhatrapati Sambhajinagar,Chhatrapati Sambhajinagar,Chhatrapati Sambhajinagar,Sillod,Sillod,20017395,Shirsala & 4 Village,Janjala,1088,1,0.81,0.67,0.61,0.81,0.69,0.64,0.90,74.45,61.58,56.07,74.45,63.42,58.82,82.72,06-Aug,07-Aug,08-Aug,09-Aug,10-Aug,11-Aug,12-Aug,06-Aug,07-Aug,08-Aug,09-Aug,10-Aug,11-Aug,12-Aug,0,0,7
Chhatrapati Sambhajinagar,Chhatrapati Sambhajinagar,Chhatrapati Sambhajinagar,Sillod,Sillod,20017395,Shirsala & 4 Village,Nanegaon,2284,3,0.00,0.00,0.00,0.00,0.00,0.00,0.00,0.00,0.00,0.00,0.00,0.00,0.00,0.00,06-Aug,07-Aug,08-Aug,09-Aug,10-Aug,11-Aug,12-Aug,06-Aug,07-Aug,08-Aug,09-Aug,10-Aug,11-Aug,12-Aug,7,7,0
Chhatrapati Sambhajinagar,Chhatrapati Sambhajinagar,Chhatrapati Sambhajinagar,Sillod,Sillod,20017395,Shirsala & 4 Village,Pangri,1472,1,2.38,1.90,0.28,3.26,1.25,1.79,1.35,161.68,129.08,19.02,221.47,84.92,121.60,91.71,06-Aug,07-Aug,08-Aug,09-Aug,10-Aug,11-Aug,12-Aug,06-Aug,07-Aug,08-Aug,09-Aug,10-Aug,11-Aug,12-Aug,0,1,6
Chhatrapati Sambhajinagar,Chhatrapati Sambhajinagar,Chhatrapati Sambhajinagar,Sillod,Sillod,20017395,Shirsala & 4 Village,Sirsala,996,1,0.01,0.53,0.55,0.00,0.06,0.55,0.00,1.00,53.21,55.22,0.00,6.02,55.22,0.00,06-Aug,07-Aug,08-Aug,09-Aug,10-Aug,11-Aug,12-Aug,06-Aug,07-Aug,08-Aug,09-Aug,10-Aug,11-Aug,12-Aug,2,5,2
Chhatrapati Sambhajinagar,Chhatrapati Sambhajinagar,Chhatrapati Sambhajinagar,Sillod,Sillod,20017395,Shirsala & 4 Village,Sirsala Tanda,1032,1,0.01,0.03,0.00,0.07,0.00,0.83,0.03,0.65,2.87,0.00,6.78,0.00,80.35,2.91,06-Aug,07-Aug,08-Aug,09-Aug,10-Aug,11-Aug,12-Aug,06-Aug,07-Aug,08-Aug,09-Aug,10-Aug,11-Aug,12-Aug,2,6,1
Chhatrapati Sambhajinagar,Chhatrapati Sambhajinagar,Chhatrapati Sambhajinagar,Vaijapur,Vaijapur,20051233,373 Village Gangapur-Vaijapur Grid WSS,Agar Saigaon,1601,1,43.50,3.20,11.83,0.00,0.00,109.07,61.51,2717.05,199.88,738.91,0.00,0.00,6812.62,3841.97,06-Aug,07-Aug,08-Aug,09-Aug,10-Aug,11-Aug,12-Aug,06-Aug,07-Aug,08-Aug,09-Aug,10-Aug,11-Aug,12-Aug,2,2,5
Chhatrapati Sambhajinagar,Chhatrapati Sambhajinagar,Chhatrapati Sambhajinagar,Vaijapur,Vaijapur,20051233,373 Village Gangapur-Vaijapur Grid WSS,Aghur,3999,1,1.64,1.55,1.21,1.48,1.12,1.82,1.13,41.01,38.76,30.26,37.01,28.01,45.59,28.26,06-Aug,07-Aug,08-Aug,09-Aug,10-Aug,11-Aug,12-Aug,06-Aug,07-Aug,08-Aug,09-Aug,10-Aug,11-Aug,12-Aug,0,7,0
Chhatrapati Sambhajinagar,Chhatrapati Sambhajinagar,Chhatrapati Sambhajinagar,Vaijapur,Vaijapur,20051233,373 Village Gangapur-Vaijapur Grid WSS,Babhulgaon Bk.,2964,1,0.84,0.00,0.24,0.00,0.65,0.00,0.30,28.34,0.00,8.10,0.00,21.93,0.00,10.12,06-Aug,07-Aug,08-Aug,09-Aug,10-Aug,11-Aug,12-Aug,06-Aug,07-Aug,08-Aug,09-Aug,10-Aug,11-Aug,12-Aug,3,7,0
Chhatrapati Sambhajinagar,Chhatrapati Sambhajinagar,Chhatrapati Sambhajinagar,Vaijapur,Vaijapur,20051233,373 Village Gangapur-Vaijapur Grid WSS,Babhulgaon Kh,1976,1,0.00,0.00,0.00,0.00,0.00,0.00,0.00,0.00,0.00,0.00,0.00,0.00,0.00,0.00,06-Aug,07-Aug,08-Aug,09-Aug,10-Aug,11-Aug,12-Aug,06-Aug,07-Aug,08-Aug,09-Aug,10-Aug,11-Aug,12-Aug,7,7,0
Chhatrapati Sambhajinagar,Chhatrapati Sambhajinagar,Chhatrapati Sambhajinagar,Vaijapur,Vaijapur,20051233,373 Village Gangapur-Vaijapur Grid WSS,Babhultel,1532,1,0.00,0.00,0.00,0.00,0.00,0.00,0.00,0.00,0.00,0.00,0.00,0.00,0.00,0.00,06-Aug,07-Aug,08-Aug,09-Aug,10-Aug,11-Aug,12-Aug,06-Aug,07-Aug,08-Aug,09-Aug,10-Aug,11-Aug,12-Aug,7,7,0
Chhatrapati Sambhajinagar,Chhatrapati Sambhajinagar,Chhatrapati Sambhajinagar,Vaijapur,Vaijapur,20051233,373 Village Gangapur-Vaijapur Grid WSS,Belgaon,2403,1,0.00,0.00,0.00,0.00,0.00,0.00,0.00,0.00,0.00,0.00,0.00,0.00,0.00,0.00,06-Aug,07-Aug,08-Aug,09-Aug,10-Aug,11-Aug,12-Aug,06-Aug,07-Aug,08-Aug,09-Aug,10-Aug,11-Aug,12-Aug,7,7,0
Chhatrapati Sambhajinagar,Chhatrapati Sambhajinagar,Chhatrapati Sambhajinagar,Vaijapur,Vaijapur,20051233,373 Village Gangapur-Vaijapur Grid WSS,Bhaggaon,2023,1,0.00,0.00,0.00,0.00,0.00,0.00,0.00,0.00,0.00,0.00,0.00,0.00,0.00,0.00,06-Aug,07-Aug,08-Aug,09-Aug,10-Aug,11-Aug,12-Aug,06-Aug,07-Aug,08-Aug,09-Aug,10-Aug,11-Aug,12-Aug,7,7,0
Chhatrapati Sambhajinagar,Chhatrapati Sambhajinagar,Chhatrapati Sambhajinagar,Vaijapur,Vaijapur,20051233,373 Village Gangapur-Vaijapur Grid WSS,Bhaigaon Ganga,1373,1,0.00,0.00,0.00,0.00,0.00,0.00,0.00,0.00,0.00,0.00,0.00,0.00,0.00,0.00,06-Aug,07-Aug,08-Aug,09-Aug,10-Aug,11-Aug,12-Aug,06-Aug,07-Aug,08-Aug,09-Aug,10-Aug,11-Aug,12-Aug,7,7,0
Chhatrapati Sambhajinagar,Chhatrapati Sambhajinagar,Chhatrapati Sambhajinagar,Vaijapur,Vaijapur,20051233,373 Village Gangapur-Vaijapur Grid WSS,Bhivgaon,2871,1,0.00,0.00,0.00,0.00,0.00,0.00,0.00,0.00,0.00,0.00,0.00,0.00,0.00,0.00,06-Aug,07-Aug,08-Aug,09-Aug,10-Aug,11-Aug,12-Aug,06-Aug,07-Aug,08-Aug,09-Aug,10-Aug,11-Aug,12-Aug,7,7,0
Chhatrapati Sambhajinagar,Chhatrapati Sambhajinagar,Chhatrapati Sambhajinagar,Vaijapur,Vaijapur,20051233,373 Village Gangapur-Vaijapur Grid WSS,Chorwaghalgaon,3313,1,0.11,0.42,0.17,0.51,0.18,0.39,0.19,3.32,12.68,5.13,15.39,5.43,11.77,5.73,06-Aug,07-Aug,08-Aug,09-Aug,10-Aug,11-Aug,12-Aug,06-Aug,07-Aug,08-Aug,09-Aug,10-Aug,11-Aug,12-Aug,0,7,0
Chhatrapati Sambhajinagar,Chhatrapati Sambhajinagar,Chhatrapati Sambhajinagar,Vaijapur,Vaijapur,20051233,373 Village Gangapur-Vaijapur Grid WSS,Dawala,1483,1,0.33,0.67,0.34,0.33,0.33,0.56,0.34,22.25,45.18,22.93,22.25,22.25,37.76,22.93,06-Aug,07-Aug,08-Aug,09-Aug,10-Aug,11-Aug,12-Aug,06-Aug,07-Aug,08-Aug,09-Aug,10-Aug,11-Aug,12-Aug,0,7,0
Chhatrapati Sambhajinagar,Chhatrapati Sambhajinagar,Chhatrapati Sambhajinagar,Vaijapur,Vaijapur,20051233,373 Village Gangapur-Vaijapur Grid WSS,Deogaon Shani,934,1,0.00,0.00,0.00,0.00,0.00,0.00,0.00,0.00,0.00,0.00,0.00,0.00,0.00,0.00,06-Aug,07-Aug,08-Aug,09-Aug,10-Aug,11-Aug,12-Aug,06-Aug,07-Aug,08-Aug,09-Aug,10-Aug,11-Aug,12-Aug,7,7,0
Chhatrapati Sambhajinagar,Chhatrapati Sambhajinagar,Chhatrapati Sambhajinagar,Vaijapur,Vaijapur,20051233,373 Village Gangapur-Vaijapur Grid WSS,Gadhe Pimpalgaon,3803,1,0.00,0.00,0.00,0.00,0.00,0.00,0.00,0.00,0.00,0.00,0.00,0.00,0.00,0.00,06-Aug,07-Aug,08-Aug,09-Aug,10-Aug,11-Aug,12-Aug,06-Aug,07-Aug,08-Aug,09-Aug,10-Aug,11-Aug,12-Aug,7,7,0
Chhatrapati Sambhajinagar,Chhatrapati Sambhajinagar,Chhatrapati Sambhajinagar,Vaijapur,Vaijapur,20051233,373 Village Gangapur-Vaijapur Grid WSS,Garaj,1820,1,0.00,0.02,0.00,0.00,0.00,0.00,0.00,0.19,1.29,0.00,0.00,0.00,0.00,0.00,06-Aug,07-Aug,08-Aug,09-Aug,10-Aug,11-Aug,12-Aug,06-Aug,07-Aug,08-Aug,09-Aug,10-Aug,11-Aug,12-Aug,5,7,0
Chhatrapati Sambhajinagar,Chhatrapati Sambhajinagar,Chhatrapati Sambhajinagar,Vaijapur,Vaijapur,20051233,373 Village Gangapur-Vaijapur Grid WSS,Goygaon,1665,1,0.00,0.00,0.00,0.00,0.00,0.00,0.00,0.00,0.00,0.00,0.00,0.00,0.00,0.00,06-Aug,07-Aug,08-Aug,09-Aug,10-Aug,11-Aug,12-Aug,06-Aug,07-Aug,08-Aug,09-Aug,10-Aug,11-Aug,12-Aug,7,7,0
Chhatrapati Sambhajinagar,Chhatrapati Sambhajinagar,Chhatrapati Sambhajinagar,Vaijapur,Vaijapur,20051233,373 Village Gangapur-Vaijapur Grid WSS,Hadas Pimpalgaon,1611,1,0.00,0.00,0.00,0.00,0.00,0.00,0.00,0.00,0.00,0.00,0.00,0.00,0.00,0.00,06-Aug,07-Aug,08-Aug,09-Aug,10-Aug,11-Aug,12-Aug,06-Aug,07-Aug,08-Aug,09-Aug,10-Aug,11-Aug,12-Aug,7,7,0
Chhatrapati Sambhajinagar,Chhatrapati Sambhajinagar,Chhatrapati Sambhajinagar,Vaijapur,Vaijapur,20051233,373 Village Gangapur-Vaijapur Grid WSS,Hilalpur,1383,1,0.00,0.00,0.00,0.00,0.00,0.00,0.00,0.00,0.00,0.00,0.00,0.00,0.00,0.00,06-Aug,07-Aug,08-Aug,09-Aug,10-Aug,11-Aug,12-Aug,06-Aug,07-Aug,08-Aug,09-Aug,10-Aug,11-Aug,12-Aug,7,7,0
Chhatrapati Sambhajinagar,Chhatrapati Sambhajinagar,Chhatrapati Sambhajinagar,Vaijapur,Vaijapur,20051233,373 Village Gangapur-Vaijapur Grid WSS,Jambargaon,2614,1,0.43,0.39,0.35,0.42,0.35,0.00,0.00,16.45,14.92,13.39,16.07,13.39,0.00,0.00,06-Aug,07-Aug,08-Aug,09-Aug,10-Aug,11-Aug,12-Aug,06-Aug,07-Aug,08-Aug,09-Aug,10-Aug,11-Aug,12-Aug,2,7,0
Chhatrapati Sambhajinagar,Chhatrapati Sambhajinagar,Chhatrapati Sambhajinagar,Vaijapur,Vaijapur,20051233,373 Village Gangapur-Vaijapur Grid WSS,Jarul,3679,1,0.00,0.00,0.00,0.00,0.00,0.00,0.00,0.00,0.00,0.00,0.00,0.00,0.00,0.00,06-Aug,07-Aug,08-Aug,09-Aug,10-Aug,11-Aug,12-Aug,06-Aug,07-Aug,08-Aug,09-Aug,10-Aug,11-Aug,12-Aug,7,7,0
Chhatrapati Sambhajinagar,Chhatrapati Sambhajinagar,Chhatrapati Sambhajinagar,Vaijapur,Vaijapur,20051233,373 Village Gangapur-Vaijapur Grid WSS,Jategaon,2711,1,0.00,0.00,0.00,0.00,0.00,0.00,0.00,0.00,0.00,0.00,0.00,0.00,0.00,0.00,06-Aug,07-Aug,08-Aug,09-Aug,10-Aug,11-Aug,12-Aug,06-Aug,07-Aug,08-Aug,09-Aug,10-Aug,11-Aug,12-Aug,7,7,0
Chhatrapati Sambhajinagar,Chhatrapati Sambhajinagar,Chhatrapati Sambhajinagar,Vaijapur,Vaijapur,20051233,373 Village Gangapur-Vaijapur Grid WSS,Kapus Wadgaon,2712,1,0.00,0.00,0.00,0.00,0.00,0.00,0.00,0.00,0.00,0.00,0.00,0.00,0.00,0.00,06-Aug,07-Aug,08-Aug,09-Aug,10-Aug,11-Aug,12-Aug,06-Aug,07-Aug,08-Aug,09-Aug,10-Aug,11-Aug,12-Aug,7,7,0
Chhatrapati Sambhajinagar,Chhatrapati Sambhajinagar,Chhatrapati Sambhajinagar,Vaijapur,Vaijapur,20051233,373 Village Gangapur-Vaijapur Grid WSS,Karanjgaon,1983,1,0.00,0.11,0.00,0.00,0.03,0.00,0.10,0.00,5.74,0.00,0.00,1.37,0.00,5.09,06-Aug,07-Aug,08-Aug,09-Aug,10-Aug,11-Aug,12-Aug,06-Aug,07-Aug,08-Aug,09-Aug,10-Aug,11-Aug,12-Aug,4,7,0
Chhatrapati Sambhajinagar,Chhatrapati Sambhajinagar,Chhatrapati Sambhajinagar,Vaijapur,Vaijapur,20051233,373 Village Gangapur-Vaijapur Grid WSS,Khandala,1180,1,0.00,0.00,0.00,0.00,0.00,0.00,0.00,0.00,0.00,0.00,0.00,0.00,0.00,0.00,06-Aug,07-Aug,08-Aug,09-Aug,10-Aug,11-Aug,12-Aug,06-Aug,07-Aug,08-Aug,09-Aug,10-Aug,11-Aug,12-Aug,7,7,0
Chhatrapati Sambhajinagar,Chhatrapati Sambhajinagar,Chhatrapati Sambhajinagar,Vaijapur,Vaijapur,20051233,373 Village Gangapur-Vaijapur Grid WSS,Lasurgaon,6676,1,0.00,0.00,0.00,0.00,0.00,0.00,0.00,0.00,0.00,0.00,0.00,0.00,0.00,0.00,06-Aug,07-Aug,08-Aug,09-Aug,10-Aug,11-Aug,12-Aug,06-Aug,07-Aug,08-Aug,09-Aug,10-Aug,11-Aug,12-Aug,7,7,0
Chhatrapati Sambhajinagar,Chhatrapati Sambhajinagar,Chhatrapati Sambhajinagar,Vaijapur,Vaijapur,20051233,373 Village Gangapur-Vaijapur Grid WSS,Loni Bk.,2210,1,0.00,0.36,0.00,0.00,0.12,0.00,0.08,0.00,16.29,0.00,0.00,5.43,0.00,3.62,06-Aug,07-Aug,08-Aug,09-Aug,10-Aug,11-Aug,12-Aug,06-Aug,07-Aug,08-Aug,09-Aug,10-Aug,11-Aug,12-Aug,4,7,0
Chhatrapati Sambhajinagar,Chhatrapati Sambhajinagar,Chhatrapati Sambhajinagar,Vaijapur,Vaijapur,20051233,373 Village Gangapur-Vaijapur Grid WSS,Mahalgaon,5303,1,0.00,0.00,0.41,0.00,0.00,0.02,0.00,0.00,0.00,7.73,0.00,0.00,0.38,0.00,06-Aug,07-Aug,08-Aug,09-Aug,10-Aug,11-Aug,12-Aug,06-Aug,07-Aug,08-Aug,09-Aug,10-Aug,11-Aug,12-Aug,5,7,0
Chhatrapati Sambhajinagar,Chhatrapati Sambhajinagar,Chhatrapati Sambhajinagar,Vaijapur,Vaijapur,20051233,373 Village Gangapur-Vaijapur Grid WSS,Mali Ghogargaon,2591,1,0.00,0.03,0.43,0.00,0.38,0.00,0.00,0.00,1.16,16.60,0.00,14.67,0.00,0.00,06-Aug,07-Aug,08-Aug,09-Aug,10-Aug,11-Aug,12-Aug,06-Aug,07-Aug,08-Aug,09-Aug,10-Aug,11-Aug,12-Aug,4,7,0
Chhatrapati Sambhajinagar,Chhatrapati Sambhajinagar,Chhatrapati Sambhajinagar,Vaijapur,Vaijapur,20051233,373 Village Gangapur-Vaijapur Grid WSS,Mali Sagaj,2144,1,0.00,0.00,0.00,0.00,0.00,0.00,0.00,0.00,0.00,0.00,0.00,0.00,0.00,0.00,06-Aug,07-Aug,08-Aug,09-Aug,10-Aug,11-Aug,12-Aug,06-Aug,07-Aug,08-Aug,09-Aug,10-Aug,11-Aug,12-Aug,7,7,0
Chhatrapati Sambhajinagar,Chhatrapati Sambhajinagar,Chhatrapati Sambhajinagar,Vaijapur,Vaijapur,20051233,373 Village Gangapur-Vaijapur Grid WSS,Parsoda,3588,2,0.00,0.00,0.00,0.11,0.02,0.00,0.09,0.00,0.00,0.00,3.07,0.56,0.00,2.51,06-Aug,07-Aug,08-Aug,09-Aug,10-Aug,11-Aug,12-Aug,06-Aug,07-Aug,08-Aug,09-Aug,10-Aug,11-Aug,12-Aug,4,7,0
Chhatrapati Sambhajinagar,Chhatrapati Sambhajinagar,Chhatrapati Sambhajinagar,Vaijapur,Vaijapur,20051233,373 Village Gangapur-Vaijapur Grid WSS,Pokhari,2866,1,2.69,2.45,0.73,2.48,1.93,2.36,4.38,93.86,85.48,25.47,86.53,67.34,82.34,152.83,06-Aug,07-Aug,08-Aug,09-Aug,10-Aug,11-Aug,12-Aug,06-Aug,07-Aug,08-Aug,09-Aug,10-Aug,11-Aug,12-Aug,0,1,6
Chhatrapati Sambhajinagar,Chhatrapati Sambhajinagar,Chhatrapati Sambhajinagar,Vaijapur,Vaijapur,20051233,373 Village Gangapur-Vaijapur Grid WSS,Raghunathpurwadi,1097,1,1.03,0.28,0.00,0.00,0.00,0.07,0.27,93.89,25.52,0.00,0.00,0.00,6.38,24.61,06-Aug,07-Aug,08-Aug,09-Aug,10-Aug,11-Aug,12-Aug,06-Aug,07-Aug,08-Aug,09-Aug,10-Aug,11-Aug,12-Aug,3,6,1
Chhatrapati Sambhajinagar,Chhatrapati Sambhajinagar,Chhatrapati Sambhajinagar,Vaijapur,Vaijapur,20051233,373 Village Gangapur-Vaijapur Grid WSS,Sakegaon,1780,1,0.00,0.00,0.00,0.00,0.00,0.00,0.00,0.00,0.00,0.00,0.00,0.00,0.00,0.00,06-Aug,07-Aug,08-Aug,09-Aug,10-Aug,11-Aug,12-Aug,06-Aug,07-Aug,08-Aug,09-Aug,10-Aug,11-Aug,12-Aug,7,7,0
Chhatrapati Sambhajinagar,Chhatrapati Sambhajinagar,Chhatrapati Sambhajinagar,Vaijapur,Vaijapur,20051233,373 Village Gangapur-Vaijapur Grid WSS,Sanjarpurwadi,2971,1,0.00,0.00,0.00,0.00,0.00,0.00,0.00,0.00,0.00,0.00,0.00,0.00,0.00,0.00,06-Aug,07-Aug,08-Aug,09-Aug,10-Aug,11-Aug,12-Aug,06-Aug,07-Aug,08-Aug,09-Aug,10-Aug,11-Aug,12-Aug,7,7,0
Chhatrapati Sambhajinagar,Chhatrapati Sambhajinagar,Chhatrapati Sambhajinagar,Vaijapur,Vaijapur,20051233,373 Village Gangapur-Vaijapur Grid WSS,Shivrai,2706,1,0.00,0.63,1.07,0.00,0.00,0.00,0.51,0.00,23.28,39.54,0.00,0.00,0.00,18.85,06-Aug,07-Aug,08-Aug,09-Aug,10-Aug,11-Aug,12-Aug,06-Aug,07-Aug,08-Aug,09-Aug,10-Aug,11-Aug,12-Aug,4,7,0
Chhatrapati Sambhajinagar,Chhatrapati Sambhajinagar,Chhatrapati Sambhajinagar,Vaijapur,Vaijapur,20051233,373 Village Gangapur-Vaijapur Grid WSS,Sirasgaon,1855,1,0.00,0.00,0.00,0.00,0.00,0.00,0.00,0.00,0.00,0.00,0.00,0.00,0.00,0.00,06-Aug,07-Aug,08-Aug,09-Aug,10-Aug,11-Aug,12-Aug,06-Aug,07-Aug,08-Aug,09-Aug,10-Aug,11-Aug,12-Aug,7,7,0
Chhatrapati Sambhajinagar,Chhatrapati Sambhajinagar,Chhatrapati Sambhajinagar,Vaijapur,Vaijapur,20051233,373 Village Gangapur-Vaijapur Grid WSS,Sudamwadi,750,1,0.00,0.00,0.00,0.00,0.00,0.00,0.00,0.00,0.00,0.00,0.00,0.00,0.00,0.00,06-Aug,07-Aug,08-Aug,09-Aug,10-Aug,11-Aug,12-Aug,06-Aug,07-Aug,08-Aug,09-Aug,10-Aug,11-Aug,12-Aug,7,7,0
Chhatrapati Sambhajinagar,Chhatrapati Sambhajinagar,Chhatrapati Sambhajinagar,Vaijapur,Vaijapur,20051233,373 Village Gangapur-Vaijapur Grid WSS,Virgaon,2271,1,0.65,0.00,0.38,1.02,1.73,2.50,1.78,28.62,0.00,16.73,44.91,76.18,110.08,78.38,06-Aug,07-Aug,08-Aug,09-Aug,10-Aug,11-Aug,12-Aug,06-Aug,07-Aug,08-Aug,09-Aug,10-Aug,11-Aug,12-Aug,1,4,3
Chhatrapati Sambhajinagar,Chhatrapati Sambhajinagar,Jalna,Jalna,Jalna,20094559,"120 Villages Extension Scheme for Works Not Considered in 173 GRID WSS and 95 GRID WSS Tq. Partur, Mantha and Jalna Dist: Jalna",Sondeo,1547,1,0.00,0.00,0.00,0.00,0.00,0.00,0.00,0.00,0.00,0.00,0.15,0.00,0.00,0.00,06-Aug,07-Aug,08-Aug,09-Aug,10-Aug,11-Aug,12-Aug,06-Aug,07-Aug,08-Aug,09-Aug,10-Aug,11-Aug,12-Aug,6,7,0
Chhatrapati Sambhajinagar,Chhatrapati Sambhajinagar,Jalna,Jalna,Jalna,20094559,"120 Villages Extension Scheme for Works Not Considered in 173 GRID WSS and 95 GRID WSS Tq. Partur, Mantha and Jalna Dist: Jalna",Pimpalwadi,1302,1,0.00,0.00,0.00,0.01,0.00,0.01,0.09,0.00,0.00,0.00,0.58,0.32,0.39,6.63,06-Aug,07-Aug,08-Aug,09-Aug,10-Aug,11-Aug,12-Aug,06-Aug,07-Aug,08-Aug,09-Aug,10-Aug,11-Aug,12-Aug,3,7,0
Chhatrapati Sambhajinagar,Chhatrapati Sambhajinagar,Jalna,Jalna,Jalna,20094559,"120 Villages Extension Scheme for Works Not Considered in 173 GRID WSS and 95 GRID WSS Tq. Partur, Mantha and Jalna Dist: Jalna",Erandwadgaon,1530,1,0.27,0.27,0.27,0.27,0.27,0.27,0.26,17.57,17.55,17.51,17.67,17.70,17.45,16.75,06-Aug,07-Aug,08-Aug,09-Aug,10-Aug,11-Aug,12-Aug,06-Aug,07-Aug,08-Aug,09-Aug,10-Aug,11-Aug,12-Aug,0,7,0
Chhatrapati Sambhajinagar,Chhatrapati Sambhajinagar,Jalna,Jalna,Jalna,20094559,"120 Villages Extension Scheme for Works Not Considered in 173 GRID WSS and 95 GRID WSS Tq. Partur, Mantha and Jalna Dist: Jalna",Sawergan Bhagde,1165,1,0.00,0.00,0.00,0.01,0.00,0.00,0.91,0.00,0.00,0.00,0.56,0.04,0.01,77.73,06-Aug,07-Aug,08-Aug,09-Aug,10-Aug,11-Aug,12-Aug,06-Aug,07-Aug,08-Aug,09-Aug,10-Aug,11-Aug,12-Aug,3,6,1
Chhatrapati Sambhajinagar,Chhatrapati Sambhajinagar,Jalna,Jalna,Jalna,20094559,"120 Villages Extension Scheme for Works Not Considered in 173 GRID WSS and 95 GRID WSS Tq. Partur, Mantha and Jalna Dist: Jalna",Phokhari Baber,522,1,0.00,0.00,0.00,0.00,0.00,0.00,0.00,0.01,0.00,0.00,0.00,0.00,0.00,0.00,06-Aug,07-Aug,08-Aug,09-Aug,10-Aug,11-Aug,12-Aug,06-Aug,07-Aug,08-Aug,09-Aug,10-Aug,11-Aug,12-Aug,6,7,0
Chhatrapati Sambhajinagar,Chhatrapati Sambhajinagar,Jalna,Jalna,Jalna,20094559,"120 Villages Extension Scheme for Works Not Considered in 173 GRID WSS and 95 GRID WSS Tq. Partur, Mantha and Jalna Dist: Jalna",Kakada,628,1,0.00,0.00,0.00,0.00,0.00,0.00,0.00,0.00,0.00,0.00,0.00,0.00,0.00,0.00,06-Aug,07-Aug,08-Aug,09-Aug,10-Aug,11-Aug,12-Aug,06-Aug,07-Aug,08-Aug,09-Aug,10-Aug,11-Aug,12-Aug,7,7,0
Chhatrapati Sambhajinagar,Chhatrapati Sambhajinagar,Jalna,Jalna,Jalna,20094559,"120 Villages Extension Scheme for Works Not Considered in 173 GRID WSS and 95 GRID WSS Tq. Partur, Mantha and Jalna Dist: Jalna",Bhanunaik Tanda,596,1,0.00,0.00,0.00,0.00,0.00,0.00,0.00,0.00,0.00,0.00,0.00,0.00,0.00,0.00,06-Aug,07-Aug,08-Aug,09-Aug,10-Aug,11-Aug,12-Aug,06-Aug,07-Aug,08-Aug,09-Aug,10-Aug,11-Aug,12-Aug,7,7,0
Chhatrapati Sambhajinagar,Chhatrapati Sambhajinagar,Jalna,Jalna,Jalna,20094559,"120 Villages Extension Scheme for Works Not Considered in 173 GRID WSS and 95 GRID WSS Tq. Partur, Mantha and Jalna Dist: Jalna",Umri Tanda,285,1,0.00,0.00,0.00,0.00,0.00,0.00,0.00,0.00,0.00,0.00,0.00,0.00,0.00,0.00,06-Aug,07-Aug,08-Aug,09-Aug,10-Aug,11-Aug,12-Aug,06-Aug,07-Aug,08-Aug,09-Aug,10-Aug,11-Aug,12-Aug,7,7,0
Chhatrapati Sambhajinagar,Chhatrapati Sambhajinagar,Jalna,Jalna,Jalna,20094559,"120 Villages Extension Scheme for Works Not Considered in 173 GRID WSS and 95 GRID WSS Tq. Partur, Mantha and Jalna Dist: Jalna",Umri,624,1,0.12,0.03,0.01,0.00,0.00,0.00,0.17,19.22,4.99,1.33,0.49,0.00,0.00,26.58,06-Aug,07-Aug,08-Aug,09-Aug,10-Aug,11-Aug,12-Aug,06-Aug,07-Aug,08-Aug,09-Aug,10-Aug,11-Aug,12-Aug,2,7,0
Chhatrapati Sambhajinagar,Chhatrapati Sambhajinagar,Jalna,Jalna,Jalna,20094559,"120 Villages Extension Scheme for Works Not Considered in 173 GRID WSS and 95 GRID WSS Tq. Partur, Mantha and Jalna Dist: Jalna",Pathrud,1051,2,0.44,0.00,0.00,0.00,0.02,0.46,0.18,41.79,0.00,0.00,0.00,2.13,44.02,17.03,06-Aug,07-Aug,08-Aug,09-Aug,10-Aug,11-Aug,12-Aug,06-Aug,07-Aug,08-Aug,09-Aug,10-Aug,11-Aug,12-Aug,3,7,0
Chhatrapati Sambhajinagar,Chhatrapati Sambhajinagar,Jalna,Jalna,Jalna,20094559,"120 Villages Extension Scheme for Works Not Considered in 173 GRID WSS and 95 GRID WSS Tq. Partur, Mantha and Jalna Dist: Jalna",Rathod Nagar,1254,1,0.31,0.31,0.30,0.00,0.30,0.30,0.30,24.63,24.35,23.86,0.00,24.31,24.03,24.16,06-Aug,07-Aug,08-Aug,09-Aug,10-Aug,11-Aug,12-Aug,06-Aug,07-Aug,08-Aug,09-Aug,10-Aug,11-Aug,12-Aug,1,7,0
Chhatrapati Sambhajinagar,Chhatrapati Sambhajinagar,Jalna,Jalna,Jalna,20094559,"120 Villages Extension Scheme for Works Not Considered in 173 GRID WSS and 95 GRID WSS Tq. Partur, Mantha and Jalna Dist: Jalna",Ner Tanda,256,1,0.00,0.00,0.00,0.00,0.00,0.00,0.00,0.00,0.00,0.00,0.00,0.00,0.00,0.00,06-Aug,07-Aug,08-Aug,09-Aug,10-Aug,11-Aug,12-Aug,06-Aug,07-Aug,08-Aug,09-Aug,10-Aug,11-Aug,12-Aug,7,7,0
Chhatrapati Sambhajinagar,Chhatrapati Sambhajinagar,Jalna,Jalna,Jalna,20094559,"120 Villages Extension Scheme for Works Not Considered in 173 GRID WSS and 95 GRID WSS Tq. Partur, Mantha and Jalna Dist: Jalna",Khambewadi,1300,1,0.00,0.00,0.00,0.00,0.00,0.00,0.00,0.02,0.02,0.00,0.00,0.23,0.00,0.03,06-Aug,07-Aug,08-Aug,09-Aug,10-Aug,11-Aug,12-Aug,06-Aug,07-Aug,08-Aug,09-Aug,10-Aug,11-Aug,12-Aug,3,7,0
Chhatrapati Sambhajinagar,Chhatrapati Sambhajinagar,Jalna,Jalna,Jalna,20094559,"120 Villages Extension Scheme for Works Not Considered in 173 GRID WSS and 95 GRID WSS Tq. Partur, Mantha and Jalna Dist: Jalna",Shivani,488,1,0.00,0.00,0.00,0.00,0.00,0.00,0.00,0.00,0.00,0.00,0.00,0.00,0.00,0.00,06-Aug,07-Aug,08-Aug,09-Aug,10-Aug,11-Aug,12-Aug,06-Aug,07-Aug,08-Aug,09-Aug,10-Aug,11-Aug,12-Aug,7,7,0
Chhatrapati Sambhajinagar,Chhatrapati Sambhajinagar,Jalna,Jalna,Jalna,20094559,"120 Villages Extension Scheme for Works Not Considered in 173 GRID WSS and 95 GRID WSS Tq. Partur, Mantha and Jalna Dist: Jalna",Jada Tanda,212,1,0.00,0.00,0.00,0.00,0.00,0.00,0.00,0.00,0.00,0.00,0.00,0.00,0.00,0.00,06-Aug,07-Aug,08-Aug,09-Aug,10-Aug,11-Aug,12-Aug,06-Aug,07-Aug,08-Aug,09-Aug,10-Aug,11-Aug,12-Aug,7,7,0
Chhatrapati Sambhajinagar,Chhatrapati Sambhajinagar,Jalna,Jalna,Jalna,20094559,"120 Villages Extension Scheme for Works Not Considered in 173 GRID WSS and 95 GRID WSS Tq. Partur, Mantha and Jalna Dist: Jalna",Dhara,527,1,0.00,0.00,0.00,0.00,0.01,0.00,0.00,0.00,0.00,0.00,0.53,1.60,0.00,0.00,06-Aug,07-Aug,08-Aug,09-Aug,10-Aug,11-Aug,12-Aug,06-Aug,07-Aug,08-Aug,09-Aug,10-Aug,11-Aug,12-Aug,5,7,0
Chhatrapati Sambhajinagar,Chhatrapati Sambhajinagar,Jalna,Jalna,Jalna,20094559,"120 Villages Extension Scheme for Works Not Considered in 173 GRID WSS and 95 GRID WSS Tq. Partur, Mantha and Jalna Dist: Jalna",Bibi,426,1,0.00,0.00,0.00,0.00,0.00,0.00,0.00,0.00,0.00,0.00,0.00,0.00,0.00,0.02,06-Aug,07-Aug,08-Aug,09-Aug,10-Aug,11-Aug,12-Aug,06-Aug,07-Aug,08-Aug,09-Aug,10-Aug,11-Aug,12-Aug,6,7,0
Chhatrapati Sambhajinagar,Chhatrapati Sambhajinagar,Jalna,Jalna,Jalna,20094559,"120 Villages Extension Scheme for Works Not Considered in 173 GRID WSS and 95 GRID WSS Tq. Partur, Mantha and Jalna Dist: Jalna",Sevali Tanda,801,1,0.00,0.00,0.00,0.00,0.00,0.00,0.46,0.00,0.00,0.00,0.00,0.00,0.00,57.46,06-Aug,07-Aug,08-Aug,09-Aug,10-Aug,11-Aug,12-Aug,06-Aug,07-Aug,08-Aug,09-Aug,10-Aug,11-Aug,12-Aug,6,6,1
Chhatrapati Sambhajinagar,Chhatrapati Sambhajinagar,Jalna,Jalna,Jalna,20094559,"120 Villages Extension Scheme for Works Not Considered in 173 GRID WSS and 95 GRID WSS Tq. Partur, Mantha and Jalna Dist: Jalna",Dhagi,1485,1,0.00,0.00,0.00,0.00,0.00,0.00,0.00,0.00,0.00,0.00,0.00,0.00,0.00,0.00,06-Aug,07-Aug,08-Aug,09-Aug,10-Aug,11-Aug,12-Aug,06-Aug,07-Aug,08-Aug,09-Aug,10-Aug,11-Aug,12-Aug,7,7,0
Chhatrapati Sambhajinagar,Chhatrapati Sambhajinagar,Jalna,Jalna,Jalna,20094559,"120 Villages Extension Scheme for Works Not Considered in 173 GRID WSS and 95 GRID WSS Tq. Partur, Mantha and Jalna Dist: Jalna",Timanaik Tanda,598,1,0.00,0.00,0.00,0.00,0.00,0.00,0.00,0.01,0.01,0.00,0.01,0.00,0.00,0.00,06-Aug,07-Aug,08-Aug,09-Aug,10-Aug,11-Aug,12-Aug,06-Aug,07-Aug,08-Aug,09-Aug,10-Aug,11-Aug,12-Aug,4,7,0
Chhatrapati Sambhajinagar,Chhatrapati Sambhajinagar,Jalna,Jalna,Jalna,20094559,"120 Villages Extension Scheme for Works Not Considered in 173 GRID WSS and 95 GRID WSS Tq. Partur, Mantha and Jalna Dist: Jalna",Rameshwar Tanda,804,1,0.00,0.00,0.00,0.00,0.00,0.00,0.00,0.00,0.00,0.00,0.00,0.00,0.00,0.00,06-Aug,07-Aug,08-Aug,09-Aug,10-Aug,11-Aug,12-Aug,06-Aug,07-Aug,08-Aug,09-Aug,10-Aug,11-Aug,12-Aug,7,7,0
Chhatrapati Sambhajinagar,Chhatrapati Sambhajinagar,Jalna,Jalna,Jalna,20094559,"120 Villages Extension Scheme for Works Not Considered in 173 GRID WSS and 95 GRID WSS Tq. Partur, Mantha and Jalna Dist: Jalna",Nagapur,690,1,0.00,0.00,0.00,0.00,0.00,0.00,0.00,0.00,0.00,0.00,0.00,0.00,0.00,0.00,06-Aug,07-Aug,08-Aug,09-Aug,10-Aug,11-Aug,12-Aug,06-Aug,07-Aug,08-Aug,09-Aug,10-Aug,11-Aug,12-Aug,7,7,0
Chhatrapati Sambhajinagar,Chhatrapati Sambhajinagar,Jalna,Mantha,Mantha,20094559,"120 Villages Extension Scheme for Works Not Considered in 173 GRID WSS and 95 GRID WSS Tq. Partur, Mantha and Jalna Dist: Jalna",Lawani,804,1,0.00,0.00,0.00,0.00,0.00,0.00,0.00,0.00,0.00,0.00,0.00,0.00,0.00,0.00,06-Aug,07-Aug,08-Aug,09-Aug,10-Aug,11-Aug,12-Aug,06-Aug,07-Aug,08-Aug,09-Aug,10-Aug,11-Aug,12-Aug,7,7,0
Chhatrapati Sambhajinagar,Chhatrapati Sambhajinagar,Jalna,Mantha,Mantha,20094559,"120 Villages Extension Scheme for Works Not Considered in 173 GRID WSS and 95 GRID WSS Tq. Partur, Mantha and Jalna Dist: Jalna",Limbaji Barbada,369,1,0.00,0.00,0.23,0.00,0.26,0.00,0.26,0.00,0.00,62.33,0.00,70.46,0.00,70.46,06-Aug,07-Aug,08-Aug,09-Aug,10-Aug,11-Aug,12-Aug,06-Aug,07-Aug,08-Aug,09-Aug,10-Aug,11-Aug,12-Aug,4,4,3
Chhatrapati Sambhajinagar,Chhatrapati Sambhajinagar,Jalna,Mantha,Mantha,20094559,"120 Villages Extension Scheme for Works Not Considered in 173 GRID WSS and 95 GRID WSS Tq. Partur, Mantha and Jalna Dist: Jalna",Belora Tanda,847,1,0.00,0.00,0.00,0.00,0.00,0.00,0.00,0.00,0.00,0.00,0.00,0.00,0.00,0.00,06-Aug,07-Aug,08-Aug,09-Aug,10-Aug,11-Aug,12-Aug,06-Aug,07-Aug,08-Aug,09-Aug,10-Aug,11-Aug,12-Aug,7,7,0
Chhatrapati Sambhajinagar,Chhatrapati Sambhajinagar,Jalna,Mantha,Mantha,20094559,"120 Villages Extension Scheme for Works Not Considered in 173 GRID WSS and 95 GRID WSS Tq. Partur, Mantha and Jalna Dist: Jalna",Wazarsarkate,2525,1,0.00,21117912.43,0.00,0.00,0.00,0.00,57104.33,0.00,836352967.60,0.00,0.00,0.00,0.00,2261557.62,06-Aug,07-Aug,08-Aug,09-Aug,10-Aug,11-Aug,12-Aug,06-Aug,07-Aug,08-Aug,09-Aug,10-Aug,11-Aug,12-Aug,5,5,2
Chhatrapati Sambhajinagar,Chhatrapati Sambhajinagar,Jalna,Mantha,Mantha,20094559,"120 Villages Extension Scheme for Works Not Considered in 173 GRID WSS and 95 GRID WSS Tq. Partur, Mantha and Jalna Dist: Jalna",Devthana Mantha,1068,1,0.15,0.00,0.14,0.00,0.11,0.00,0.13,14.04,0.00,13.11,0.00,10.30,0.00,12.17,06-Aug,07-Aug,08-Aug,09-Aug,10-Aug,11-Aug,12-Aug,06-Aug,07-Aug,08-Aug,09-Aug,10-Aug,11-Aug,12-Aug,3,7,0
Chhatrapati Sambhajinagar,Chhatrapati Sambhajinagar,Jalna,Mantha,Mantha,20094559,"120 Villages Extension Scheme for Works Not Considered in 173 GRID WSS and 95 GRID WSS Tq. Partur, Mantha and Jalna Dist: Jalna",Lavani Tanda,1283,1,0.00,0.00,0.46,0.00,0.00,0.14,0.00,0.00,0.00,35.85,0.00,0.00,10.91,0.00,06-Aug,07-Aug,08-Aug,09-Aug,10-Aug,11-Aug,12-Aug,06-Aug,07-Aug,08-Aug,09-Aug,10-Aug,11-Aug,12-Aug,5,7,0
Chhatrapati Sambhajinagar,Chhatrapati Sambhajinagar,Jalna,Mantha,Mantha,20094559,"120 Villages Extension Scheme for Works Not Considered in 173 GRID WSS and 95 GRID WSS Tq. Partur, Mantha and Jalna Dist: Jalna",Vaidhywadgaon,2600,1,0.00,0.00,4.06,0.00,1.08,0.00,1.99,0.00,0.00,156.15,0.00,41.54,0.00,76.54,06-Aug,07-Aug,08-Aug,09-Aug,10-Aug,11-Aug,12-Aug,06-Aug,07-Aug,08-Aug,09-Aug,10-Aug,11-Aug,12-Aug,4,5,2
Chhatrapati Sambhajinagar,Chhatrapati Sambhajinagar,Jalna,Mantha,Mantha,20094559,"120 Villages Extension Scheme for Works Not Considered in 173 GRID WSS and 95 GRID WSS Tq. Partur, Mantha and Jalna Dist: Jalna",Daghi,1485,1,0.00,0.00,0.00,0.00,0.00,0.00,0.00,0.00,0.00,0.00,0.00,0.00,0.00,0.00,06-Aug,07-Aug,08-Aug,09-Aug,10-Aug,11-Aug,12-Aug,06-Aug,07-Aug,08-Aug,09-Aug,10-Aug,11-Aug,12-Aug,7,7,0
Chhatrapati Sambhajinagar,Chhatrapati Sambhajinagar,Jalna,Mantha,Mantha,20094559,"120 Villages Extension Scheme for Works Not Considered in 173 GRID WSS and 95 GRID WSS Tq. Partur, Mantha and Jalna Dist: Jalna",Waghoda Tanda,1941,1,0.00,0.00,0.00,0.00,0.00,0.00,0.00,0.00,0.00,0.00,0.00,0.00,0.00,0.00,06-Aug,07-Aug,08-Aug,09-Aug,10-Aug,11-Aug,12-Aug,06-Aug,07-Aug,08-Aug,09-Aug,10-Aug,11-Aug,12-Aug,7,7,0
Chhatrapati Sambhajinagar,Chhatrapati Sambhajinagar,Jalna,Mantha,Mantha,20094559,"120 Villages Extension Scheme for Works Not Considered in 173 GRID WSS and 95 GRID WSS Tq. Partur, Mantha and Jalna Dist: Jalna",Kanadi,1040,1,0.00,0.00,0.00,0.00,0.00,0.00,0.00,0.00,0.00,0.00,0.00,0.00,0.00,0.00,06-Aug,07-Aug,08-Aug,09-Aug,10-Aug,11-Aug,12-Aug,06-Aug,07-Aug,08-Aug,09-Aug,10-Aug,11-Aug,12-Aug,7,7,0
Chhatrapati Sambhajinagar,Chhatrapati Sambhajinagar,Jalna,Mantha,Mantha,20094559,"120 Villages Extension Scheme for Works Not Considered in 173 GRID WSS and 95 GRID WSS Tq. Partur, Mantha and Jalna Dist: Jalna",Incha,501,1,0.00,0.00,0.00,0.00,0.00,0.00,0.00,0.00,0.00,0.00,0.00,0.00,0.00,0.00,06-Aug,07-Aug,08-Aug,09-Aug,10-Aug,11-Aug,12-Aug,06-Aug,07-Aug,08-Aug,09-Aug,10-Aug,11-Aug,12-Aug,7,7,0
Chhatrapati Sambhajinagar,Chhatrapati Sambhajinagar,Jalna,Mantha,Mantha,20094559,"120 Villages Extension Scheme for Works Not Considered in 173 GRID WSS and 95 GRID WSS Tq. Partur, Mantha and Jalna Dist: Jalna",Pangra Gadadhe,2126,2,0.00,0.00,0.00,0.00,0.00,0.00,0.00,0.00,0.00,0.00,0.00,0.00,0.00,0.00,06-Aug,07-Aug,08-Aug,09-Aug,10-Aug,11-Aug,12-Aug,06-Aug,07-Aug,08-Aug,09-Aug,10-Aug,11-Aug,12-Aug,7,7,0
Chhatrapati Sambhajinagar,Chhatrapati Sambhajinagar,Jalna,Mantha,Mantha,20094559,"120 Villages Extension Scheme for Works Not Considered in 173 GRID WSS and 95 GRID WSS Tq. Partur, Mantha and Jalna Dist: Jalna",Kirtapur,1080,1,0.00,0.00,0.00,0.00,0.00,0.00,0.00,0.00,0.00,0.00,0.00,0.00,0.00,0.00,06-Aug,07-Aug,08-Aug,09-Aug,10-Aug,11-Aug,12-Aug,06-Aug,07-Aug,08-Aug,09-Aug,10-Aug,11-Aug,12-Aug,7,7,0
Chhatrapati Sambhajinagar,Chhatrapati Sambhajinagar,Jalna,Mantha,Mantha,20094559,"120 Villages Extension Scheme for Works Not Considered in 173 GRID WSS and 95 GRID WSS Tq. Partur, Mantha and Jalna Dist: Jalna",Khorvad,2017,1,0.00,0.00,0.00,0.00,0.00,0.00,0.00,0.00,0.00,0.00,0.00,0.00,0.00,0.00,06-Aug,07-Aug,08-Aug,09-Aug,10-Aug,11-Aug,12-Aug,06-Aug,07-Aug,08-Aug,09-Aug,10-Aug,11-Aug,12-Aug,7,7,0
Chhatrapati Sambhajinagar,Chhatrapati Sambhajinagar,Jalna,Mantha,Mantha,20094559,"120 Villages Extension Scheme for Works Not Considered in 173 GRID WSS and 95 GRID WSS Tq. Partur, Mantha and Jalna Dist: Jalna",Andhawadi,1026,1,0.00,0.00,0.00,0.00,0.48,0.00,0.00,0.00,0.00,0.00,0.00,46.81,0.00,0.00,06-Aug,07-Aug,08-Aug,09-Aug,10-Aug,11-Aug,12-Aug,06-Aug,07-Aug,08-Aug,09-Aug,10-Aug,11-Aug,12-Aug,6,7,0
Chhatrapati Sambhajinagar,Chhatrapati Sambhajinagar,Jalna,Mantha,Mantha,20094559,"120 Villages Extension Scheme for Works Not Considered in 173 GRID WSS and 95 GRID WSS Tq. Partur, Mantha and Jalna Dist: Jalna",Virgavhan Tanda,577,1,0.00,0.00,0.00,0.00,0.00,0.00,0.00,0.00,0.00,0.00,0.00,0.00,0.00,0.00,06-Aug,07-Aug,08-Aug,09-Aug,10-Aug,11-Aug,12-Aug,06-Aug,07-Aug,08-Aug,09-Aug,10-Aug,11-Aug,12-Aug,7,7,0
Chhatrapati Sambhajinagar,Chhatrapati Sambhajinagar,Jalna,Mantha,Mantha,20094559,"120 Villages Extension Scheme for Works Not Considered in 173 GRID WSS and 95 GRID WSS Tq. Partur, Mantha and Jalna Dist: Jalna",RAMTIRTH,1143,1,0.01,0.00,0.00,0.00,0.00,0.00,0.00,0.46,0.00,0.00,0.00,0.00,0.00,0.00,06-Aug,07-Aug,08-Aug,09-Aug,10-Aug,11-Aug,12-Aug,06-Aug,07-Aug,08-Aug,09-Aug,10-Aug,11-Aug,12-Aug,6,7,0
Chhatrapati Sambhajinagar,Chhatrapati Sambhajinagar,Jalna,Mantha,Mantha,20094559,"120 Villages Extension Scheme for Works Not Considered in 173 GRID WSS and 95 GRID WSS Tq. Partur, Mantha and Jalna Dist: Jalna",PANGRI KH.,3178,1,0.00,0.00,0.00,0.00,0.00,0.00,0.00,0.00,0.00,0.00,0.00,0.00,0.00,0.00,06-Aug,07-Aug,08-Aug,09-Aug,10-Aug,11-Aug,12-Aug,06-Aug,07-Aug,08-Aug,09-Aug,10-Aug,11-Aug,12-Aug,7,7,0
Chhatrapati Sambhajinagar,Chhatrapati Sambhajinagar,Jalna,Mantha,Mantha,20094559,"120 Villages Extension Scheme for Works Not Considered in 173 GRID WSS and 95 GRID WSS Tq. Partur, Mantha and Jalna Dist: Jalna",Kendhali Tanda,263,1,0.00,0.00,0.00,0.00,0.00,0.00,0.00,0.00,0.00,0.00,0.00,0.00,0.00,0.00,06-Aug,07-Aug,08-Aug,09-Aug,10-Aug,11-Aug,12-Aug,06-Aug,07-Aug,08-Aug,09-Aug,10-Aug,11-Aug,12-Aug,7,7,0
Chhatrapati Sambhajinagar,Chhatrapati Sambhajinagar,Jalna,Mantha,Mantha,20094559,"120 Villages Extension Scheme for Works Not Considered in 173 GRID WSS and 95 GRID WSS Tq. Partur, Mantha and Jalna Dist: Jalna",Takalkhopa,1461,1,0.00,0.00,0.00,0.00,0.00,0.00,0.00,0.00,0.00,0.00,0.00,0.00,0.00,0.00,06-Aug,07-Aug,08-Aug,09-Aug,10-Aug,11-Aug,12-Aug,06-Aug,07-Aug,08-Aug,09-Aug,10-Aug,11-Aug,12-Aug,7,7,0
Chhatrapati Sambhajinagar,Chhatrapati Sambhajinagar,Jalna,Mantha,Mantha,20094559,"120 Villages Extension Scheme for Works Not Considered in 173 GRID WSS and 95 GRID WSS Tq. Partur, Mantha and Jalna Dist: Jalna",Tuppa,366,1,0.00,0.00,0.00,0.00,0.00,0.00,0.00,0.03,0.17,0.00,0.00,0.00,0.00,0.19,06-Aug,07-Aug,08-Aug,09-Aug,10-Aug,11-Aug,12-Aug,06-Aug,07-Aug,08-Aug,09-Aug,10-Aug,11-Aug,12-Aug,4,7,0
Chhatrapati Sambhajinagar,Chhatrapati Sambhajinagar,Jalna,Mantha,Mantha,20094559,"120 Villages Extension Scheme for Works Not Considered in 173 GRID WSS and 95 GRID WSS Tq. Partur, Mantha and Jalna Dist: Jalna",Ranmala,1746,1,0.72,0.00,0.00,0.00,1.31,0.34,0.47,41.22,0.00,0.17,0.00,74.75,19.41,26.66,06-Aug,07-Aug,08-Aug,09-Aug,10-Aug,11-Aug,12-Aug,06-Aug,07-Aug,08-Aug,09-Aug,10-Aug,11-Aug,12-Aug,2,6,1
Chhatrapati Sambhajinagar,Chhatrapati Sambhajinagar,Jalna,Mantha,Mantha,20094559,"120 Villages Extension Scheme for Works Not Considered in 173 GRID WSS and 95 GRID WSS Tq. Partur, Mantha and Jalna Dist: Jalna",Tokawadi,705,2,0.01,0.96,0.19,0.18,0.30,0.64,0.18,0.90,135.96,26.30,24.95,42.53,90.84,25.35,06-Aug,07-Aug,08-Aug,09-Aug,10-Aug,11-Aug,12-Aug,06-Aug,07-Aug,08-Aug,09-Aug,10-Aug,11-Aug,12-Aug,0,5,2
Chhatrapati Sambhajinagar,Chhatrapati Sambhajinagar,Jalna,Mantha,Mantha,20094559,"120 Villages Extension Scheme for Works Not Considered in 173 GRID WSS and 95 GRID WSS Tq. Partur, Mantha and Jalna Dist: Jalna",Naigaon MBR,1491,2,0.00,0.00,0.00,0.00,0.00,0.00,0.00,0.00,0.00,0.00,0.00,0.00,0.00,0.00,06-Aug,07-Aug,08-Aug,09-Aug,10-Aug,11-Aug,12-Aug,06-Aug,07-Aug,08-Aug,09-Aug,10-Aug,11-Aug,12-Aug,7,7,0
Chhatrapati Sambhajinagar,Chhatrapati Sambhajinagar,Jalna,Mantha,Mantha,20094559,"120 Villages Extension Scheme for Works Not Considered in 173 GRID WSS and 95 GRID WSS Tq. Partur, Mantha and Jalna Dist: Jalna",LIMBEWADGAON GHARKUL,540,1,0.00,0.00,0.00,0.00,0.00,0.00,0.00,0.00,0.00,0.00,0.00,0.00,0.00,0.00,06-Aug,07-Aug,08-Aug,09-Aug,10-Aug,11-Aug,12-Aug,06-Aug,07-Aug,08-Aug,09-Aug,10-Aug,11-Aug,12-Aug,7,7,0
Chhatrapati Sambhajinagar,Chhatrapati Sambhajinagar,Jalna,Mantha,Mantha,20094559,"120 Villages Extension Scheme for Works Not Considered in 173 GRID WSS and 95 GRID WSS Tq. Partur, Mantha and Jalna Dist: Jalna",Sevali,7669,1,2.71,0.74,0.22,0.92,1.49,0.17,0.22,35.34,9.65,2.87,12.00,19.43,2.22,2.87,06-Aug,07-Aug,08-Aug,09-Aug,10-Aug,11-Aug,12-Aug,06-Aug,07-Aug,08-Aug,09-Aug,10-Aug,11-Aug,12-Aug,0,7,0
Chhatrapati Sambhajinagar,Chhatrapati Sambhajinagar,Jalna,Mantha,Mantha,20094559,"120 Villages Extension Scheme for Works Not Considered in 173 GRID WSS and 95 GRID WSS Tq. Partur, Mantha and Jalna Dist: Jalna",Tokawadi Tanda,643,1,0.00,0.00,0.00,0.00,0.00,0.00,0.00,0.00,0.00,0.00,0.00,0.00,0.00,0.00,06-Aug,07-Aug,08-Aug,09-Aug,10-Aug,11-Aug,12-Aug,06-Aug,07-Aug,08-Aug,09-Aug,10-Aug,11-Aug,12-Aug,7,7,0
Chhatrapati Sambhajinagar,Chhatrapati Sambhajinagar,Jalna,Mantha,Mantha,20094559,"120 Villages Extension Scheme for Works Not Considered in 173 GRID WSS and 95 GRID WSS Tq. Partur, Mantha and Jalna Dist: Jalna",Wadgaon Sarhadu,1136,1,0.00,0.00,0.00,0.00,0.00,0.00,0.00,0.00,0.00,0.00,0.00,0.00,0.00,0.00,06-Aug,07-Aug,08-Aug,09-Aug,10-Aug,11-Aug,12-Aug,06-Aug,07-Aug,08-Aug,09-Aug,10-Aug,11-Aug,12-Aug,7,7,0
Chhatrapati Sambhajinagar,Chhatrapati Sambhajinagar,Jalna,Mantha,Mantha,20094559,"120 Villages Extension Scheme for Works Not Considered in 173 GRID WSS and 95 GRID WSS Tq. Partur, Mantha and Jalna Dist: Jalna",PANGRI BK. TANDA,1075,1,0.00,0.00,0.00,0.00,0.00,0.00,0.00,0.00,0.00,0.00,0.00,0.00,0.00,0.00,06-Aug,07-Aug,08-Aug,09-Aug,10-Aug,11-Aug,12-Aug,06-Aug,07-Aug,08-Aug,09-Aug,10-Aug,11-Aug,12-Aug,7,7,0
Chhatrapati Sambhajinagar,Chhatrapati Sambhajinagar,Jalna,Mantha,Mantha,20094559,"120 Villages Extension Scheme for Works Not Considered in 173 GRID WSS and 95 GRID WSS Tq. Partur, Mantha and Jalna Dist: Jalna",Shivangiri,2008,1,0.00,0.00,0.00,0.00,0.00,0.00,0.00,0.00,0.00,0.00,0.15,0.00,0.00,0.02,06-Aug,07-Aug,08-Aug,09-Aug,10-Aug,11-Aug,12-Aug,06-Aug,07-Aug,08-Aug,09-Aug,10-Aug,11-Aug,12-Aug,5,7,0
Chhatrapati Sambhajinagar,Chhatrapati Sambhajinagar,Jalna,Mantha,Mantha,20094559,"120 Villages Extension Scheme for Works Not Considered in 173 GRID WSS and 95 GRID WSS Tq. Partur, Mantha and Jalna Dist: Jalna",Dahiphal Khandare,3011,1,0.00,0.00,0.00,0.00,0.00,0.00,0.00,0.00,0.00,0.00,0.00,0.00,0.00,0.00,06-Aug,07-Aug,08-Aug,09-Aug,10-Aug,11-Aug,12-Aug,06-Aug,07-Aug,08-Aug,09-Aug,10-Aug,11-Aug,12-Aug,7,7,0
Chhatrapati Sambhajinagar,Chhatrapati Sambhajinagar,Jalna,Mantha,Mantha,20094559,"120 Villages Extension Scheme for Works Not Considered in 173 GRID WSS and 95 GRID WSS Tq. Partur, Mantha and Jalna Dist: Jalna",Mohadi,1179,1,0.00,1.35,0.27,0.00,0.80,0.43,0.00,0.00,114.57,22.72,0.00,68.07,36.78,0.00,06-Aug,07-Aug,08-Aug,09-Aug,10-Aug,11-Aug,12-Aug,06-Aug,07-Aug,08-Aug,09-Aug,10-Aug,11-Aug,12-Aug,3,5,2
Chhatrapati Sambhajinagar,Chhatrapati Sambhajinagar,Jalna,Mantha,Mantha,20094559,"120 Villages Extension Scheme for Works Not Considered in 173 GRID WSS and 95 GRID WSS Tq. Partur, Mantha and Jalna Dist: Jalna",Belora,2127,1,0.00,0.00,0.00,0.00,0.00,0.00,0.00,0.00,0.00,0.00,0.00,0.00,0.00,0.00,06-Aug,07-Aug,08-Aug,09-Aug,10-Aug,11-Aug,12-Aug,06-Aug,07-Aug,08-Aug,09-Aug,10-Aug,11-Aug,12-Aug,7,7,0
Chhatrapati Sambhajinagar,Chhatrapati Sambhajinagar,Jalna,Mantha,Mantha,20094559,"120 Villages Extension Scheme for Works Not Considered in 173 GRID WSS and 95 GRID WSS Tq. Partur, Mantha and Jalna Dist: Jalna",Khorad Sawangi,2661,5,1.55,2.73,0.79,0.03,0.11,0.13,0.08,58.11,102.73,29.65,0.99,3.98,4.72,2.92,06-Aug,07-Aug,08-Aug,09-Aug,10-Aug,11-Aug,12-Aug,06-Aug,07-Aug,08-Aug,09-Aug,10-Aug,11-Aug,12-Aug,0,5,2
Chhatrapati Sambhajinagar,Chhatrapati Sambhajinagar,Jalna,Mantha,Mantha,20094559,"120 Villages Extension Scheme for Works Not Considered in 173 GRID WSS and 95 GRID WSS Tq. Partur, Mantha and Jalna Dist: Jalna",Dhondi Pimpalgaon,773,1,0.00,0.00,0.00,0.00,0.00,0.00,0.00,0.00,0.00,0.00,0.00,0.00,0.00,0.00,06-Aug,07-Aug,08-Aug,09-Aug,10-Aug,11-Aug,12-Aug,06-Aug,07-Aug,08-Aug,09-Aug,10-Aug,11-Aug,12-Aug,7,7,0
Chhatrapati Sambhajinagar,Chhatrapati Sambhajinagar,Jalna,Mantha,Mantha,20094559,"120 Villages Extension Scheme for Works Not Considered in 173 GRID WSS and 95 GRID WSS Tq. Partur, Mantha and Jalna Dist: Jalna",Sonunkarwadi,409,1,0.00,0.00,0.00,0.00,0.29,0.00,0.00,0.00,0.00,0.00,0.00,70.21,0.00,0.00,06-Aug,07-Aug,08-Aug,09-Aug,10-Aug,11-Aug,12-Aug,06-Aug,07-Aug,08-Aug,09-Aug,10-Aug,11-Aug,12-Aug,6,6,1
Chhatrapati Sambhajinagar,Chhatrapati Sambhajinagar,Jalna,Mantha,Mantha,20094559,"120 Villages Extension Scheme for Works Not Considered in 173 GRID WSS and 95 GRID WSS Tq. Partur, Mantha and Jalna Dist: Jalna",Kharodsawangi,3859,1,0.00,0.00,0.00,0.00,0.00,0.00,0.00,0.00,0.00,0.00,0.00,0.00,0.00,0.00,06-Aug,07-Aug,08-Aug,09-Aug,10-Aug,11-Aug,12-Aug,06-Aug,07-Aug,08-Aug,09-Aug,10-Aug,11-Aug,12-Aug,7,7,0
Chhatrapati Sambhajinagar,Chhatrapati Sambhajinagar,Jalna,Mantha,Mantha,20094559,"120 Villages Extension Scheme for Works Not Considered in 173 GRID WSS and 95 GRID WSS Tq. Partur, Mantha and Jalna Dist: Jalna",Talegaon,1215,2,0.00,0.00,0.00,0.00,0.00,0.00,0.00,0.00,0.00,0.00,0.00,0.00,0.00,0.00,06-Aug,07-Aug,08-Aug,09-Aug,10-Aug,11-Aug,12-Aug,06-Aug,07-Aug,08-Aug,09-Aug,10-Aug,11-Aug,12-Aug,7,7,0
Chhatrapati Sambhajinagar,Chhatrapati Sambhajinagar,Jalna,Mantha,Mantha,20094559,"120 Villages Extension Scheme for Works Not Considered in 173 GRID WSS and 95 GRID WSS Tq. Partur, Mantha and Jalna Dist: Jalna",Nansi,1123,3,0.00,0.00,0.00,0.00,0.00,0.00,0.00,0.00,0.00,0.00,0.00,0.00,0.00,0.00,06-Aug,07-Aug,08-Aug,09-Aug,10-Aug,11-Aug,12-Aug,06-Aug,07-Aug,08-Aug,09-Aug,10-Aug,11-Aug,12-Aug,7,7,0
Chhatrapati Sambhajinagar,Chhatrapati Sambhajinagar,Jalna,Mantha,Mantha,20094559,"120 Villages Extension Scheme for Works Not Considered in 173 GRID WSS and 95 GRID WSS Tq. Partur, Mantha and Jalna Dist: Jalna",WANJOLA,1817,1,0.00,0.00,0.00,0.00,0.00,0.00,0.00,0.00,0.00,0.00,0.00,0.00,0.00,0.00,06-Aug,07-Aug,08-Aug,09-Aug,10-Aug,11-Aug,12-Aug,06-Aug,07-Aug,08-Aug,09-Aug,10-Aug,11-Aug,12-Aug,7,7,0
Chhatrapati Sambhajinagar,Chhatrapati Sambhajinagar,Jalna,Mantha,Mantha,20094559,"120 Villages Extension Scheme for Works Not Considered in 173 GRID WSS and 95 GRID WSS Tq. Partur, Mantha and Jalna Dist: Jalna",Naigaon Tanda,1491,1,0.00,0.58,0.00,0.00,0.00,0.00,0.33,0.00,39.21,0.00,0.00,0.00,0.00,22.12,06-Aug,07-Aug,08-Aug,09-Aug,10-Aug,11-Aug,12-Aug,06-Aug,07-Aug,08-Aug,09-Aug,10-Aug,11-Aug,12-Aug,5,7,0
Chhatrapati Sambhajinagar,Chhatrapati Sambhajinagar,Jalna,Mantha,Mantha,20094559,"120 Villages Extension Scheme for Works Not Considered in 173 GRID WSS and 95 GRID WSS Tq. Partur, Mantha and Jalna Dist: Jalna",Mohdari,431,1,0.00,0.08,0.00,0.00,0.00,0.00,0.00,0.00,19.62,0.00,0.00,0.00,0.00,0.00,06-Aug,07-Aug,08-Aug,09-Aug,10-Aug,11-Aug,12-Aug,06-Aug,07-Aug,08-Aug,09-Aug,10-Aug,11-Aug,12-Aug,6,7,0
Chhatrapati Sambhajinagar,Chhatrapati Sambhajinagar,Jalna,Mantha,Mantha,20094559,"120 Villages Extension Scheme for Works Not Considered in 173 GRID WSS and 95 GRID WSS Tq. Partur, Mantha and Jalna Dist: Jalna",Pimparkheda Kharabe Tanda,421,1,0.00,0.00,0.00,0.00,0.00,0.00,0.00,0.00,0.00,0.00,0.00,0.00,0.00,0.00,06-Aug,07-Aug,08-Aug,09-Aug,10-Aug,11-Aug,12-Aug,06-Aug,07-Aug,08-Aug,09-Aug,10-Aug,11-Aug,12-Aug,7,7,0
Chhatrapati Sambhajinagar,Chhatrapati Sambhajinagar,Jalna,Mantha,Mantha,20094559,"120 Villages Extension Scheme for Works Not Considered in 173 GRID WSS and 95 GRID WSS Tq. Partur, Mantha and Jalna Dist: Jalna",Hivarkheda,1949,1,0.69,0.88,1.11,0.78,0.17,0.81,1.86,35.41,45.18,57.12,39.98,8.50,41.65,95.22,06-Aug,07-Aug,08-Aug,09-Aug,10-Aug,11-Aug,12-Aug,06-Aug,07-Aug,08-Aug,09-Aug,10-Aug,11-Aug,12-Aug,0,5,2
Chhatrapati Sambhajinagar,Chhatrapati Sambhajinagar,Jalna,Mantha,Mantha,20094559,"120 Villages Extension Scheme for Works Not Considered in 173 GRID WSS and 95 GRID WSS Tq. Partur, Mantha and Jalna Dist: Jalna",Kedarwakadi,1337,1,0.00,0.00,0.00,0.00,0.00,0.00,0.00,0.00,0.00,0.00,0.00,0.00,0.00,0.00,06-Aug,07-Aug,08-Aug,09-Aug,10-Aug,11-Aug,12-Aug,06-Aug,07-Aug,08-Aug,09-Aug,10-Aug,11-Aug,12-Aug,7,7,0
Chhatrapati Sambhajinagar,Chhatrapati Sambhajinagar,Jalna,Mantha,Mantha,20094559,"120 Villages Extension Scheme for Works Not Considered in 173 GRID WSS and 95 GRID WSS Tq. Partur, Mantha and Jalna Dist: Jalna",Aradakhari,985,1,0.00,24.80,0.41,0.00,0.00,0.00,0.00,0.00,2517.77,41.62,0.00,0.00,0.00,0.00,06-Aug,07-Aug,08-Aug,09-Aug,10-Aug,11-Aug,12-Aug,06-Aug,07-Aug,08-Aug,09-Aug,10-Aug,11-Aug,12-Aug,5,6,1
Chhatrapati Sambhajinagar,Chhatrapati Sambhajinagar,Jalna,Mantha,Mantha,20094559,"120 Villages Extension Scheme for Works Not Considered in 173 GRID WSS and 95 GRID WSS Tq. Partur, Mantha and Jalna Dist: Jalna",Sawargaon vayal,1401,2,0.03,1.22,0.62,0.10,0.27,0.00,0.00,1.93,87.27,44.04,7.38,19.13,0.01,0.09,06-Aug,07-Aug,08-Aug,09-Aug,10-Aug,11-Aug,12-Aug,06-Aug,07-Aug,08-Aug,09-Aug,10-Aug,11-Aug,12-Aug,0,6,1
Chhatrapati Sambhajinagar,Chhatrapati Sambhajinagar,Jalna,Mantha,Mantha,20094559,"120 Villages Extension Scheme for Works Not Considered in 173 GRID WSS and 95 GRID WSS Tq. Partur, Mantha and Jalna Dist: Jalna",Khari Arda,571,1,0.14,657.75,0.00,0.00,21.83,0.00,0.00,24.61,115192.31,0.00,0.00,3822.80,0.00,0.00,06-Aug,07-Aug,08-Aug,09-Aug,10-Aug,11-Aug,12-Aug,06-Aug,07-Aug,08-Aug,09-Aug,10-Aug,11-Aug,12-Aug,4,5,2
Chhatrapati Sambhajinagar,Chhatrapati Sambhajinagar,Jalna,Mantha,Mantha,20094559,"120 Villages Extension Scheme for Works Not Considered in 173 GRID WSS and 95 GRID WSS Tq. Partur, Mantha and Jalna Dist: Jalna",Borgaon,2304,2,0.43,17275.75,12957.26,10121.18,14010.94,3.10,12439.43,18.66,749815.54,562381.08,439287.33,608113.72,134.55,539905.82,06-Aug,07-Aug,08-Aug,09-Aug,10-Aug,11-Aug,12-Aug,06-Aug,07-Aug,08-Aug,09-Aug,10-Aug,11-Aug,12-Aug,0,1,6
Chhatrapati Sambhajinagar,Chhatrapati Sambhajinagar,Jalna,Mantha,Mantha,20094559,"120 Villages Extension Scheme for Works Not Considered in 173 GRID WSS and 95 GRID WSS Tq. Partur, Mantha and Jalna Dist: Jalna",Meskheda,1641,1,0.34,0.66,0.99,0.00,0.36,0.44,0.70,20.63,40.01,60.46,0.00,21.85,27.10,42.41,06-Aug,07-Aug,08-Aug,09-Aug,10-Aug,11-Aug,12-Aug,06-Aug,07-Aug,08-Aug,09-Aug,10-Aug,11-Aug,12-Aug,1,6,1
Chhatrapati Sambhajinagar,Chhatrapati Sambhajinagar,Jalna,Mantha,Mantha,20094559,"120 Villages Extension Scheme for Works Not Considered in 173 GRID WSS and 95 GRID WSS Tq. Partur, Mantha and Jalna Dist: Jalna",Taltondi,1388,1,0.00,0.00,0.00,0.00,0.00,0.00,0.00,0.00,0.00,0.00,0.00,0.00,0.00,0.00,06-Aug,07-Aug,08-Aug,09-Aug,10-Aug,11-Aug,12-Aug,06-Aug,07-Aug,08-Aug,09-Aug,10-Aug,11-Aug,12-Aug,7,7,0
Chhatrapati Sambhajinagar,Chhatrapati Sambhajinagar,Jalna,Mantha,Mantha,20094559,"120 Villages Extension Scheme for Works Not Considered in 173 GRID WSS and 95 GRID WSS Tq. Partur, Mantha and Jalna Dist: Jalna",DHOKSAL,2073,1,0.00,0.00,0.17,0.00,0.46,0.04,1.15,0.00,0.00,8.10,0.03,22.24,2.04,55.47,06-Aug,07-Aug,08-Aug,09-Aug,10-Aug,11-Aug,12-Aug,06-Aug,07-Aug,08-Aug,09-Aug,10-Aug,11-Aug,12-Aug,2,6,1
Chhatrapati Sambhajinagar,Chhatrapati Sambhajinagar,Jalna,Mantha,Mantha,20094559,"120 Villages Extension Scheme for Works Not Considered in 173 GRID WSS and 95 GRID WSS Tq. Partur, Mantha and Jalna Dist: Jalna",PANGRI KH.TANDA,701,1,0.00,0.00,0.00,0.00,0.00,0.77,0.25,0.00,0.00,0.00,0.00,0.00,109.84,35.66,06-Aug,07-Aug,08-Aug,09-Aug,10-Aug,11-Aug,12-Aug,06-Aug,07-Aug,08-Aug,09-Aug,10-Aug,11-Aug,12-Aug,5,6,1
Chhatrapati Sambhajinagar,Chhatrapati Sambhajinagar,Jalna,Mantha,Mantha,20094559,"120 Villages Extension Scheme for Works Not Considered in 173 GRID WSS and 95 GRID WSS Tq. Partur, Mantha and Jalna Dist: Jalna",Idoli(kd),1836,1,0.11,0.33,0.00,0.00,0.09,0.37,0.32,6.08,17.77,0.01,0.02,5.01,20.16,17.20,06-Aug,07-Aug,08-Aug,09-Aug,10-Aug,11-Aug,12-Aug,06-Aug,07-Aug,08-Aug,09-Aug,10-Aug,11-Aug,12-Aug,0,7,0
Chhatrapati Sambhajinagar,Chhatrapati Sambhajinagar,Jalna,Mantha,Mantha,20094559,"120 Villages Extension Scheme for Works Not Considered in 173 GRID WSS and 95 GRID WSS Tq. Partur, Mantha and Jalna Dist: Jalna",Pakni,873,1,0.00,0.05,0.40,0.00,0.00,0.00,0.01,0.00,5.73,45.82,0.00,0.00,0.00,1.15,06-Aug,07-Aug,08-Aug,09-Aug,10-Aug,11-Aug,12-Aug,06-Aug,07-Aug,08-Aug,09-Aug,10-Aug,11-Aug,12-Aug,4,7,0
Chhatrapati Sambhajinagar,Chhatrapati Sambhajinagar,Jalna,Mantha,Mantha,20094559,"120 Villages Extension Scheme for Works Not Considered in 173 GRID WSS and 95 GRID WSS Tq. Partur, Mantha and Jalna Dist: Jalna",PIMPARKHEDA KHARABE,2101,1,0.00,0.00,0.22,0.00,0.24,0.00,0.39,0.00,0.01,10.28,0.00,11.61,0.00,18.48,06-Aug,07-Aug,08-Aug,09-Aug,10-Aug,11-Aug,12-Aug,06-Aug,07-Aug,08-Aug,09-Aug,10-Aug,11-Aug,12-Aug,3,7,0
Chhatrapati Sambhajinagar,Chhatrapati Sambhajinagar,Jalna,Mantha,Mantha,20094559,"120 Villages Extension Scheme for Works Not Considered in 173 GRID WSS and 95 GRID WSS Tq. Partur, Mantha and Jalna Dist: Jalna",Idoli(bk),3856,1,0.00,0.26,0.00,0.00,0.13,0.00,0.19,0.00,6.62,0.00,0.00,3.40,0.00,4.95,06-Aug,07-Aug,08-Aug,09-Aug,10-Aug,11-Aug,12-Aug,06-Aug,07-Aug,08-Aug,09-Aug,10-Aug,11-Aug,12-Aug,4,7,0
Chhatrapati Sambhajinagar,Chhatrapati Sambhajinagar,Jalna,Mantha,Mantha,20094559,"120 Villages Extension Scheme for Works Not Considered in 173 GRID WSS and 95 GRID WSS Tq. Partur, Mantha and Jalna Dist: Jalna",Mosa,166,1,0.00,0.00,0.00,0.00,0.00,0.00,0.00,0.00,0.00,0.00,0.00,0.00,0.00,0.00,06-Aug,07-Aug,08-Aug,09-Aug,10-Aug,11-Aug,12-Aug,06-Aug,07-Aug,08-Aug,09-Aug,10-Aug,11-Aug,12-Aug,7,7,0
Chhatrapati Sambhajinagar,Chhatrapati Sambhajinagar,Jalna,Mantha,Mantha,20094559,"120 Villages Extension Scheme for Works Not Considered in 173 GRID WSS and 95 GRID WSS Tq. Partur, Mantha and Jalna Dist: Jalna",Kanphodi,196,1,0.00,0.00,0.00,0.00,0.00,0.00,0.00,0.00,0.00,0.00,0.00,0.00,0.00,0.00,06-Aug,07-Aug,08-Aug,09-Aug,10-Aug,11-Aug,12-Aug,06-Aug,07-Aug,08-Aug,09-Aug,10-Aug,11-Aug,12-Aug,7,7,0
Chhatrapati Sambhajinagar,Chhatrapati Sambhajinagar,Jalna,Mantha,Mantha,20094559,"120 Villages Extension Scheme for Works Not Considered in 173 GRID WSS and 95 GRID WSS Tq. Partur, Mantha and Jalna Dist: Jalna",Ambhora Kadam,4360,1,0.00,0.00,0.00,0.00,0.00,0.00,0.00,0.00,0.00,0.00,0.00,0.00,0.00,0.00,06-Aug,07-Aug,08-Aug,09-Aug,10-Aug,11-Aug,12-Aug,06-Aug,07-Aug,08-Aug,09-Aug,10-Aug,11-Aug,12-Aug,7,7,0
Chhatrapati Sambhajinagar,Chhatrapati Sambhajinagar,Jalna,Mantha,Mantha,20094559,"120 Villages Extension Scheme for Works Not Considered in 173 GRID WSS and 95 GRID WSS Tq. Partur, Mantha and Jalna Dist: Jalna",Kanphodi Tanda,1082,1,0.00,0.00,0.00,0.00,0.00,0.00,0.00,0.00,0.00,0.00,0.00,0.00,0.00,0.00,06-Aug,07-Aug,08-Aug,09-Aug,10-Aug,11-Aug,12-Aug,06-Aug,07-Aug,08-Aug,09-Aug,10-Aug,11-Aug,12-Aug,7,7,0
Chhatrapati Sambhajinagar,Chhatrapati Sambhajinagar,Jalna,Mantha,Mantha,20094559,"120 Villages Extension Scheme for Works Not Considered in 173 GRID WSS and 95 GRID WSS Tq. Partur, Mantha and Jalna Dist: Jalna",Awalgaon,507,1,0.00,0.00,0.00,0.00,0.00,0.00,0.00,0.00,0.00,0.00,0.02,0.00,0.00,0.00,06-Aug,07-Aug,08-Aug,09-Aug,10-Aug,11-Aug,12-Aug,06-Aug,07-Aug,08-Aug,09-Aug,10-Aug,11-Aug,12-Aug,6,7,0
Chhatrapati Sambhajinagar,Chhatrapati Sambhajinagar,Jalna,Mantha,Mantha,20094559,"120 Villages Extension Scheme for Works Not Considered in 173 GRID WSS and 95 GRID WSS Tq. Partur, Mantha and Jalna Dist: Jalna",Sonunkarwadi Tanda,993,1,0.00,0.00,0.00,0.00,0.00,0.00,0.00,0.00,0.00,0.00,0.00,0.00,0.00,0.00,06-Aug,07-Aug,08-Aug,09-Aug,10-Aug,11-Aug,12-Aug,06-Aug,07-Aug,08-Aug,09-Aug,10-Aug,11-Aug,12-Aug,7,7,0
Chhatrapati Sambhajinagar,Chhatrapati Sambhajinagar,Jalna,Mantha,Mantha,20094559,"120 Villages Extension Scheme for Works Not Considered in 173 GRID WSS and 95 GRID WSS Tq. Partur, Mantha and Jalna Dist: Jalna",Shambhu Sawargaon,1254,1,0.00,0.00,0.00,0.00,0.00,0.00,0.01,0.00,0.01,0.21,0.00,0.00,0.25,0.50,06-Aug,07-Aug,08-Aug,09-Aug,10-Aug,11-Aug,12-Aug,06-Aug,07-Aug,08-Aug,09-Aug,10-Aug,11-Aug,12-Aug,3,7,0
Chhatrapati Sambhajinagar,Chhatrapati Sambhajinagar,Jalna,Mantha,Mantha,20094559,"120 Villages Extension Scheme for Works Not Considered in 173 GRID WSS and 95 GRID WSS Tq. Partur, Mantha and Jalna Dist: Jalna",Limbona,1496,1,0.00,0.00,0.00,0.00,0.00,0.00,235.75,0.00,0.00,0.00,0.00,0.00,0.00,15758.69,06-Aug,07-Aug,08-Aug,09-Aug,10-Aug,11-Aug,12-Aug,06-Aug,07-Aug,08-Aug,09-Aug,10-Aug,11-Aug,12-Aug,6,6,1
Chhatrapati Sambhajinagar,Chhatrapati Sambhajinagar,Jalna,Mantha,Mantha,20094559,"120 Villages Extension Scheme for Works Not Considered in 173 GRID WSS and 95 GRID WSS Tq. Partur, Mantha and Jalna Dist: Jalna",Kokrambha,619,1,0.00,0.00,0.00,0.00,0.00,0.00,0.00,0.00,0.00,0.00,0.00,0.00,0.00,0.00,06-Aug,07-Aug,08-Aug,09-Aug,10-Aug,11-Aug,12-Aug,06-Aug,07-Aug,08-Aug,09-Aug,10-Aug,11-Aug,12-Aug,7,7,0
Chhatrapati Sambhajinagar,Chhatrapati Sambhajinagar,Jalna,Mantha,Mantha,20094559,"120 Villages Extension Scheme for Works Not Considered in 173 GRID WSS and 95 GRID WSS Tq. Partur, Mantha and Jalna Dist: Jalna",Waghala,2087,1,0.00,0.00,0.00,0.00,0.00,0.00,0.00,0.00,0.00,0.00,0.00,0.00,0.00,0.00,06-Aug,07-Aug,08-Aug,09-Aug,10-Aug,11-Aug,12-Aug,06-Aug,07-Aug,08-Aug,09-Aug,10-Aug,11-Aug,12-Aug,7,7,0
Chhatrapati Sambhajinagar,Chhatrapati Sambhajinagar,Jalna,Mantha,Mantha,20094559,"120 Villages Extension Scheme for Works Not Considered in 173 GRID WSS and 95 GRID WSS Tq. Partur, Mantha and Jalna Dist: Jalna",Pandhurna,671,1,0.00,0.00,0.00,0.00,0.00,0.00,0.00,0.00,0.00,0.57,0.47,0.08,0.00,0.00,06-Aug,07-Aug,08-Aug,09-Aug,10-Aug,11-Aug,12-Aug,06-Aug,07-Aug,08-Aug,09-Aug,10-Aug,11-Aug,12-Aug,4,7,0
Chhatrapati Sambhajinagar,Chhatrapati Sambhajinagar,Jalna,Partur,Partur,20094559,"120 Villages Extension Scheme for Works Not Considered in 173 GRID WSS and 95 GRID WSS Tq. Partur, Mantha and Jalna Dist: Jalna",Chincholi,1805,1,0.00,0.00,0.00,17.12,0.00,0.00,0.00,0.00,0.00,0.00,948.48,0.00,0.00,0.00,06-Aug,07-Aug,08-Aug,09-Aug,10-Aug,11-Aug,12-Aug,06-Aug,07-Aug,08-Aug,09-Aug,10-Aug,11-Aug,12-Aug,6,6,1
Chhatrapati Sambhajinagar,Chhatrapati Sambhajinagar,Jalna,Partur,Partur,20094559,"120 Villages Extension Scheme for Works Not Considered in 173 GRID WSS and 95 GRID WSS Tq. Partur, Mantha and Jalna Dist: Jalna",Paratwadi,2311,2,0.00,1.72,0.02,0.00,0.63,0.00,0.41,0.00,74.43,0.87,0.00,27.22,0.17,17.79,06-Aug,07-Aug,08-Aug,09-Aug,10-Aug,11-Aug,12-Aug,06-Aug,07-Aug,08-Aug,09-Aug,10-Aug,11-Aug,12-Aug,2,6,1
Chhatrapati Sambhajinagar,Chhatrapati Sambhajinagar,Jalna,Partur,Partur,20094559,"120 Villages Extension Scheme for Works Not Considered in 173 GRID WSS and 95 GRID WSS Tq. Partur, Mantha and Jalna Dist: Jalna",Salgaon,1029,1,0.33,0.33,0.25,0.07,0.99,0.17,0.00,32.07,32.07,24.30,6.80,96.21,16.52,0.00,06-Aug,07-Aug,08-Aug,09-Aug,10-Aug,11-Aug,12-Aug,06-Aug,07-Aug,08-Aug,09-Aug,10-Aug,11-Aug,12-Aug,1,6,1
Chhatrapati Sambhajinagar,Chhatrapati Sambhajinagar,Jalna,Partur,Partur,20094559,"120 Villages Extension Scheme for Works Not Considered in 173 GRID WSS and 95 GRID WSS Tq. Partur, Mantha and Jalna Dist: Jalna",Soyajanna,1238,2,0.47,0.01,0.00,0.00,0.03,0.03,0.77,38.26,0.78,0.01,0.16,2.33,2.81,62.13,06-Aug,07-Aug,08-Aug,09-Aug,10-Aug,11-Aug,12-Aug,06-Aug,07-Aug,08-Aug,09-Aug,10-Aug,11-Aug,12-Aug,0,6,1
Chhatrapati Sambhajinagar,Chhatrapati Sambhajinagar,Jalna,Partur,Partur,20094559,"120 Villages Extension Scheme for Works Not Considered in 173 GRID WSS and 95 GRID WSS Tq. Partur, Mantha and Jalna Dist: Jalna",Singhona,2345,1,0.58,0.00,0.00,0.00,0.00,0.00,0.00,24.65,0.00,0.00,0.15,0.00,0.00,0.00,06-Aug,07-Aug,08-Aug,09-Aug,10-Aug,11-Aug,12-Aug,06-Aug,07-Aug,08-Aug,09-Aug,10-Aug,11-Aug,12-Aug,5,7,0
Chhatrapati Sambhajinagar,Chhatrapati Sambhajinagar,Jalna,Partur,Partur,20094559,"120 Villages Extension Scheme for Works Not Considered in 173 GRID WSS and 95 GRID WSS Tq. Partur, Mantha and Jalna Dist: Jalna",Likhitpimpri,1174,1,0.00,2.56,30.29,5.76,0.00,0.00,0.13,0.00,218.06,2579.86,490.63,0.00,0.00,11.07,06-Aug,07-Aug,08-Aug,09-Aug,10-Aug,11-Aug,12-Aug,06-Aug,07-Aug,08-Aug,09-Aug,10-Aug,11-Aug,12-Aug,3,4,3
Chhatrapati Sambhajinagar,Chhatrapati Sambhajinagar,Jalna,Partur,Partur,20094559,"120 Villages Extension Scheme for Works Not Considered in 173 GRID WSS and 95 GRID WSS Tq. Partur, Mantha and Jalna Dist: Jalna",Watur Fata,4297,1,0.00,0.00,0.00,0.00,0.00,0.00,0.00,0.00,0.00,0.00,0.00,0.00,0.00,0.00,06-Aug,07-Aug,08-Aug,09-Aug,10-Aug,11-Aug,12-Aug,06-Aug,07-Aug,08-Aug,09-Aug,10-Aug,11-Aug,12-Aug,7,7,0
Chhatrapati Sambhajinagar,Chhatrapati Sambhajinagar,Jalna,Partur,Partur,20094559,"120 Villages Extension Scheme for Works Not Considered in 173 GRID WSS and 95 GRID WSS Tq. Partur, Mantha and Jalna Dist: Jalna",Yenora,2262,1,0.00,0.00,0.00,0.00,0.00,0.00,0.00,0.00,0.00,0.00,0.00,0.00,0.00,0.00,06-Aug,07-Aug,08-Aug,09-Aug,10-Aug,11-Aug,12-Aug,06-Aug,07-Aug,08-Aug,09-Aug,10-Aug,11-Aug,12-Aug,7,7,0
Chhatrapati Sambhajinagar,Chhatrapati Sambhajinagar,Jalna,Partur,Partur,20094559,"120 Villages Extension Scheme for Works Not Considered in 173 GRID WSS and 95 GRID WSS Tq. Partur, Mantha and Jalna Dist: Jalna",Bramhanwadi,1563,1,0.01,0.04,0.25,0.54,0.06,0.00,0.00,0.57,2.33,15.77,34.82,3.70,0.00,0.00,06-Aug,07-Aug,08-Aug,09-Aug,10-Aug,11-Aug,12-Aug,06-Aug,07-Aug,08-Aug,09-Aug,10-Aug,11-Aug,12-Aug,2,7,0
Chhatrapati Sambhajinagar,Chhatrapati Sambhajinagar,Jalna,Partur,Partur,20094559,"120 Villages Extension Scheme for Works Not Considered in 173 GRID WSS and 95 GRID WSS Tq. Partur, Mantha and Jalna Dist: Jalna",Hastur Tanda,1454,1,0.00,0.00,0.00,0.00,0.00,0.00,0.00,0.00,0.00,0.00,0.00,0.00,0.00,0.00,06-Aug,07-Aug,08-Aug,09-Aug,10-Aug,11-Aug,12-Aug,06-Aug,07-Aug,08-Aug,09-Aug,10-Aug,11-Aug,12-Aug,7,7,0
Chhatrapati Sambhajinagar,Chhatrapati Sambhajinagar,Jalna,Partur,Partur,20094559,"120 Villages Extension Scheme for Works Not Considered in 173 GRID WSS and 95 GRID WSS Tq. Partur, Mantha and Jalna Dist: Jalna",Raigavan,1839,1,0.00,0.00,0.00,0.00,0.00,0.00,0.00,0.00,0.00,0.00,0.00,0.00,0.00,0.00,06-Aug,07-Aug,08-Aug,09-Aug,10-Aug,11-Aug,12-Aug,06-Aug,07-Aug,08-Aug,09-Aug,10-Aug,11-Aug,12-Aug,7,7,0
Chhatrapati Sambhajinagar,Chhatrapati Sambhajinagar,Jalna,Partur,Partur,20094559,"120 Villages Extension Scheme for Works Not Considered in 173 GRID WSS and 95 GRID WSS Tq. Partur, Mantha and Jalna Dist: Jalna",Anandwadi,2333,1,0.00,0.00,0.00,0.00,0.00,0.00,0.00,0.00,0.00,0.00,0.00,0.00,0.00,0.00,06-Aug,07-Aug,08-Aug,09-Aug,10-Aug,11-Aug,12-Aug,06-Aug,07-Aug,08-Aug,09-Aug,10-Aug,11-Aug,12-Aug,7,7,0
Chhatrapati Sambhajinagar,Chhatrapati Sambhajinagar,Jalna,Partur,Partur,20094559,"120 Villages Extension Scheme for Works Not Considered in 173 GRID WSS and 95 GRID WSS Tq. Partur, Mantha and Jalna Dist: Jalna",Ganeshpur (Hanwadi),289,1,0.01,0.00,0.01,0.02,0.02,0.00,0.00,2.32,0.23,2.16,6.85,8.16,0.00,1.33,06-Aug,07-Aug,08-Aug,09-Aug,10-Aug,11-Aug,12-Aug,06-Aug,07-Aug,08-Aug,09-Aug,10-Aug,11-Aug,12-Aug,1,7,0
Chhatrapati Sambhajinagar,Chhatrapati Sambhajinagar,Jalna,Partur,Partur,20094559,"120 Villages Extension Scheme for Works Not Considered in 173 GRID WSS and 95 GRID WSS Tq. Partur, Mantha and Jalna Dist: Jalna",Walkhed,1443,1,0.00,0.00,0.00,0.00,0.00,0.00,0.00,0.00,0.00,0.02,0.00,0.05,0.00,0.27,06-Aug,07-Aug,08-Aug,09-Aug,10-Aug,11-Aug,12-Aug,06-Aug,07-Aug,08-Aug,09-Aug,10-Aug,11-Aug,12-Aug,4,7,0
Chhatrapati Sambhajinagar,Chhatrapati Sambhajinagar,Jalna,Partur,Partur,20094559,"120 Villages Extension Scheme for Works Not Considered in 173 GRID WSS and 95 GRID WSS Tq. Partur, Mantha and Jalna Dist: Jalna",Dhokmal Tanda,1058,1,0.00,0.00,0.72,0.58,0.19,0.00,0.00,0.00,0.00,68.05,54.41,17.96,0.00,0.00,06-Aug,07-Aug,08-Aug,09-Aug,10-Aug,11-Aug,12-Aug,06-Aug,07-Aug,08-Aug,09-Aug,10-Aug,11-Aug,12-Aug,4,6,1
Chhatrapati Sambhajinagar,Chhatrapati Sambhajinagar,Jalna,Partur,Partur,20094559,"120 Villages Extension Scheme for Works Not Considered in 173 GRID WSS and 95 GRID WSS Tq. Partur, Mantha and Jalna Dist: Jalna",Varphalwadi,1029,1,1.36,0.09,1.38,0.00,0.00,1.00,0.00,132.17,8.75,134.11,0.00,0.00,97.18,0.00,06-Aug,07-Aug,08-Aug,09-Aug,10-Aug,11-Aug,12-Aug,06-Aug,07-Aug,08-Aug,09-Aug,10-Aug,11-Aug,12-Aug,3,4,3
Chhatrapati Sambhajinagar,Chhatrapati Sambhajinagar,Jalna,Partur,Partur,20094559,"120 Villages Extension Scheme for Works Not Considered in 173 GRID WSS and 95 GRID WSS Tq. Partur, Mantha and Jalna Dist: Jalna",Varphal,3649,1,0.00,0.00,0.00,0.00,0.00,0.00,0.00,0.00,0.00,0.00,0.00,0.00,0.00,0.00,06-Aug,07-Aug,08-Aug,09-Aug,10-Aug,11-Aug,12-Aug,06-Aug,07-Aug,08-Aug,09-Aug,10-Aug,11-Aug,12-Aug,7,7,0
Chhatrapati Sambhajinagar,Chhatrapati Sambhajinagar,Jalna,Partur,Partur,20094559,"120 Villages Extension Scheme for Works Not Considered in 173 GRID WSS and 95 GRID WSS Tq. Partur, Mantha and Jalna Dist: Jalna",Hatadi,1759,1,0.00,0.00,0.00,0.00,0.00,0.00,0.00,0.00,0.00,0.00,0.00,0.00,0.00,0.00,06-Aug,07-Aug,08-Aug,09-Aug,10-Aug,11-Aug,12-Aug,06-Aug,07-Aug,08-Aug,09-Aug,10-Aug,11-Aug,12-Aug,7,7,0
Chhatrapati Sambhajinagar,Chhatrapati Sambhajinagar,Jalna,Partur,Partur,20094559,"120 Villages Extension Scheme for Works Not Considered in 173 GRID WSS and 95 GRID WSS Tq. Partur, Mantha and Jalna Dist: Jalna",Shreshti Tanda,574,1,0.00,0.00,0.00,0.00,0.00,0.00,0.00,0.00,0.00,0.00,0.00,0.00,0.00,0.00,06-Aug,07-Aug,08-Aug,09-Aug,10-Aug,11-Aug,12-Aug,06-Aug,07-Aug,08-Aug,09-Aug,10-Aug,11-Aug,12-Aug,7,7,0
Chhatrapati Sambhajinagar,Chhatrapati Sambhajinagar,Jalna,Partur,Partur,20094559,"120 Villages Extension Scheme for Works Not Considered in 173 GRID WSS and 95 GRID WSS Tq. Partur, Mantha and Jalna Dist: Jalna",Shreshti,2637,1,0.00,0.00,0.00,0.00,0.00,0.00,0.00,0.05,0.08,0.06,0.05,0.06,0.07,0.08,06-Aug,07-Aug,08-Aug,09-Aug,10-Aug,11-Aug,12-Aug,06-Aug,07-Aug,08-Aug,09-Aug,10-Aug,11-Aug,12-Aug,0,7,0
Chhatrapati Sambhajinagar,Chhatrapati Sambhajinagar,Jalna,Partur,Partur,20094559,"120 Villages Extension Scheme for Works Not Considered in 173 GRID WSS and 95 GRID WSS Tq. Partur, Mantha and Jalna Dist: Jalna",Daithana (bk),1363,1,0.30,0.64,0.13,0.00,0.00,1.02,0.11,22.24,47.22,9.78,0.00,0.07,74.49,8.21,06-Aug,07-Aug,08-Aug,09-Aug,10-Aug,11-Aug,12-Aug,06-Aug,07-Aug,08-Aug,09-Aug,10-Aug,11-Aug,12-Aug,1,6,1
Chhatrapati Sambhajinagar,Chhatrapati Sambhajinagar,Jalna,Partur,Partur,20094559,"120 Villages Extension Scheme for Works Not Considered in 173 GRID WSS and 95 GRID WSS Tq. Partur, Mantha and Jalna Dist: Jalna",Kawajawala,1582,1,0.00,0.00,0.00,0.00,0.00,0.00,0.00,0.00,0.00,0.00,0.00,0.00,0.00,0.00,06-Aug,07-Aug,08-Aug,09-Aug,10-Aug,11-Aug,12-Aug,06-Aug,07-Aug,08-Aug,09-Aug,10-Aug,11-Aug,12-Aug,7,7,0
Chhatrapati Sambhajinagar,Chhatrapati Sambhajinagar,Jalna,Partur,Partur,20094559,"120 Villages Extension Scheme for Works Not Considered in 173 GRID WSS and 95 GRID WSS Tq. Partur, Mantha and Jalna Dist: Jalna",Rohina (Bk),953,1,0.00,0.00,0.00,0.00,0.00,0.00,0.00,0.00,0.00,0.00,0.00,0.00,0.00,0.00,06-Aug,07-Aug,08-Aug,09-Aug,10-Aug,11-Aug,12-Aug,06-Aug,07-Aug,08-Aug,09-Aug,10-Aug,11-Aug,12-Aug,7,7,0
Chhatrapati Sambhajinagar,Chhatrapati Sambhajinagar,Jalna,Partur,Partur,20094559,"120 Villages Extension Scheme for Works Not Considered in 173 GRID WSS and 95 GRID WSS Tq. Partur, Mantha and Jalna Dist: Jalna",Khandvi,2404,1,0.00,0.00,0.00,0.00,0.00,0.00,0.00,0.00,0.00,0.00,0.00,0.00,0.00,0.00,06-Aug,07-Aug,08-Aug,09-Aug,10-Aug,11-Aug,12-Aug,06-Aug,07-Aug,08-Aug,09-Aug,10-Aug,11-Aug,12-Aug,7,7,0
Chhatrapati Sambhajinagar,Chhatrapati Sambhajinagar,Jalna,Partur,Partur,20094559,"120 Villages Extension Scheme for Works Not Considered in 173 GRID WSS and 95 GRID WSS Tq. Partur, Mantha and Jalna Dist: Jalna",Pimprula (bk),1111,1,0.34,0.04,0.48,0.00,0.39,0.33,0.54,30.76,3.41,43.20,0.01,35.14,30.03,48.92,06-Aug,07-Aug,08-Aug,09-Aug,10-Aug,11-Aug,12-Aug,06-Aug,07-Aug,08-Aug,09-Aug,10-Aug,11-Aug,12-Aug,0,7,0
Chhatrapati Sambhajinagar,Chhatrapati Sambhajinagar,Jalna,Partur,Partur,20094559,"120 Villages Extension Scheme for Works Not Considered in 173 GRID WSS and 95 GRID WSS Tq. Partur, Mantha and Jalna Dist: Jalna",Rohina Kh,2293,1,0.00,0.29,0.33,0.00,0.31,0.33,0.29,0.00,12.65,14.39,0.00,13.52,14.39,12.65,06-Aug,07-Aug,08-Aug,09-Aug,10-Aug,11-Aug,12-Aug,06-Aug,07-Aug,08-Aug,09-Aug,10-Aug,11-Aug,12-Aug,2,7,0
Chhatrapati Sambhajinagar,Chhatrapati Sambhajinagar,Jalna,Partur,Partur,20094559,"120 Villages Extension Scheme for Works Not Considered in 173 GRID WSS and 95 GRID WSS Tq. Partur, Mantha and Jalna Dist: Jalna",Raniwahegaon,1131,2,0.89,0.72,0.81,0.87,0.00,0.70,0.11,79.06,63.43,71.49,76.49,0.00,61.64,9.35,06-Aug,07-Aug,08-Aug,09-Aug,10-Aug,11-Aug,12-Aug,06-Aug,07-Aug,08-Aug,09-Aug,10-Aug,11-Aug,12-Aug,1,2,5
Chhatrapati Sambhajinagar,Chhatrapati Sambhajinagar,Jalna,Partur,Partur,20094559,"120 Villages Extension Scheme for Works Not Considered in 173 GRID WSS and 95 GRID WSS Tq. Partur, Mantha and Jalna Dist: Jalna",Hatwan,1694,1,0.93,0.00,0.00,0.71,1.01,0.34,0.00,54.95,0.00,0.17,42.03,59.41,20.17,0.05,06-Aug,07-Aug,08-Aug,09-Aug,10-Aug,11-Aug,12-Aug,06-Aug,07-Aug,08-Aug,09-Aug,10-Aug,11-Aug,12-Aug,1,6,1
Chhatrapati Sambhajinagar,Chhatrapati Sambhajinagar,Jalna,Partur,Partur,20094559,"120 Villages Extension Scheme for Works Not Considered in 173 GRID WSS and 95 GRID WSS Tq. Partur, Mantha and Jalna Dist: Jalna",Pimpali Dhamangaon,1892,1,0.96,0.80,0.82,0.84,1.00,0.84,0.86,50.81,42.19,43.20,44.45,53.03,44.66,45.20,06-Aug,07-Aug,08-Aug,09-Aug,10-Aug,11-Aug,12-Aug,06-Aug,07-Aug,08-Aug,09-Aug,10-Aug,11-Aug,12-Aug,0,7,0
Chhatrapati Sambhajinagar,Chhatrapati Sambhajinagar,Jalna,Partur,Partur,20094559,"120 Villages Extension Scheme for Works Not Considered in 173 GRID WSS and 95 GRID WSS Tq. Partur, Mantha and Jalna Dist: Jalna",Waijoda,1365,1,0.00,0.00,0.00,0.00,0.00,0.00,0.00,0.00,0.00,0.00,0.00,0.00,0.00,0.00,06-Aug,07-Aug,08-Aug,09-Aug,10-Aug,11-Aug,12-Aug,06-Aug,07-Aug,08-Aug,09-Aug,10-Aug,11-Aug,12-Aug,7,7,0
Chhatrapati Sambhajinagar,Chhatrapati Sambhajinagar,Jalna,Partur,Partur,20094559,"120 Villages Extension Scheme for Works Not Considered in 173 GRID WSS and 95 GRID WSS Tq. Partur, Mantha and Jalna Dist: Jalna",Kokate Hatgaon,3363,2,0.00,0.00,0.00,0.00,0.00,0.00,0.00,0.00,0.00,0.00,0.00,0.00,0.00,0.00,06-Aug,07-Aug,08-Aug,09-Aug,10-Aug,11-Aug,12-Aug,06-Aug,07-Aug,08-Aug,09-Aug,10-Aug,11-Aug,12-Aug,7,7,0
Chhatrapati Sambhajinagar,Chhatrapati Sambhajinagar,Jalna,Partur,Partur,20094559,"120 Villages Extension Scheme for Works Not Considered in 173 GRID WSS and 95 GRID WSS Tq. Partur, Mantha and Jalna Dist: Jalna",Shelavda,521,1,0.00,0.00,0.00,0.06,0.00,0.00,0.00,0.00,0.00,0.00,11.52,0.00,0.00,0.00,06-Aug,07-Aug,08-Aug,09-Aug,10-Aug,11-Aug,12-Aug,06-Aug,07-Aug,08-Aug,09-Aug,10-Aug,11-Aug,12-Aug,6,7,0
Chhatrapati Sambhajinagar,Chhatrapati Sambhajinagar,Jalna,Partur,Partur,20094559,"120 Villages Extension Scheme for Works Not Considered in 173 GRID WSS and 95 GRID WSS Tq. Partur, Mantha and Jalna Dist: Jalna",Daithana Kh.,1844,1,0.00,0.00,0.00,0.00,0.00,0.00,0.00,0.00,0.00,0.00,0.00,0.00,0.00,0.00,06-Aug,07-Aug,08-Aug,09-Aug,10-Aug,11-Aug,12-Aug,06-Aug,07-Aug,08-Aug,09-Aug,10-Aug,11-Aug,12-Aug,7,7,0
Chhatrapati Sambhajinagar,Chhatrapati Sambhajinagar,Jalna,Partur,Partur,20094559,"120 Villages Extension Scheme for Works Not Considered in 173 GRID WSS and 95 GRID WSS Tq. Partur, Mantha and Jalna Dist: Jalna",Koregaon,1388,1,0.52,0.00,0.51,0.38,0.65,0.58,0.40,37.46,0.00,36.74,27.38,46.83,41.79,28.82,06-Aug,07-Aug,08-Aug,09-Aug,10-Aug,11-Aug,12-Aug,06-Aug,07-Aug,08-Aug,09-Aug,10-Aug,11-Aug,12-Aug,1,7,0
Chhatrapati Sambhajinagar,Chhatrapati Sambhajinagar,Jalna,Partur,Partur,20094559,"120 Villages Extension Scheme for Works Not Considered in 173 GRID WSS and 95 GRID WSS Tq. Partur, Mantha and Jalna Dist: Jalna",Wahegaon Satara,1417,1,0.00,0.15,0.00,0.00,0.36,0.00,0.19,0.00,10.66,0.00,0.00,25.46,0.00,13.33,06-Aug,07-Aug,08-Aug,09-Aug,10-Aug,11-Aug,12-Aug,06-Aug,07-Aug,08-Aug,09-Aug,10-Aug,11-Aug,12-Aug,4,7,0
Chhatrapati Sambhajinagar,Chhatrapati Sambhajinagar,Jalna,Partur,Partur,20094559,"120 Villages Extension Scheme for Works Not Considered in 173 GRID WSS and 95 GRID WSS Tq. Partur, Mantha and Jalna Dist: Jalna",Asangaon,1225,1,0.29,0.24,0.25,0.00,0.32,0.37,0.00,23.67,19.59,20.41,0.00,26.12,30.20,0.00,06-Aug,07-Aug,08-Aug,09-Aug,10-Aug,11-Aug,12-Aug,06-Aug,07-Aug,08-Aug,09-Aug,10-Aug,11-Aug,12-Aug,2,7,0
Chhatrapati Sambhajinagar,Chhatrapati Sambhajinagar,Jalna,Partur,Partur,20094559,"120 Villages Extension Scheme for Works Not Considered in 173 GRID WSS and 95 GRID WSS Tq. Partur, Mantha and Jalna Dist: Jalna",Satarawahegaon,1264,1,0.00,0.00,0.00,0.00,0.00,0.00,0.00,0.00,0.00,0.00,0.00,0.00,0.00,0.00,06-Aug,07-Aug,08-Aug,09-Aug,10-Aug,11-Aug,12-Aug,06-Aug,07-Aug,08-Aug,09-Aug,10-Aug,11-Aug,12-Aug,7,7,0
Chhatrapati Sambhajinagar,Chhatrapati Sambhajinagar,Jalna,Partur,Partur,20094559,"120 Villages Extension Scheme for Works Not Considered in 173 GRID WSS and 95 GRID WSS Tq. Partur, Mantha and Jalna Dist: Jalna",Sankanpuri,1994,1,0.00,0.00,0.00,0.00,0.00,0.00,0.00,0.00,0.00,0.00,0.00,0.00,0.00,0.00,06-Aug,07-Aug,08-Aug,09-Aug,10-Aug,11-Aug,12-Aug,06-Aug,07-Aug,08-Aug,09-Aug,10-Aug,11-Aug,12-Aug,7,7,0
Chhatrapati Sambhajinagar,Chhatrapati Sambhajinagar,Jalna,Partur,Partur,20094559,"120 Villages Extension Scheme for Works Not Considered in 173 GRID WSS and 95 GRID WSS Tq. Partur, Mantha and Jalna Dist: Jalna",Surumgaon,947,2,0.00,0.03,0.00,0.00,0.79,0.00,0.36,0.00,3.06,0.35,0.00,83.15,0.00,37.87,06-Aug,07-Aug,08-Aug,09-Aug,10-Aug,11-Aug,12-Aug,06-Aug,07-Aug,08-Aug,09-Aug,10-Aug,11-Aug,12-Aug,3,6,1
Chhatrapati Sambhajinagar,Chhatrapati Sambhajinagar,Jalna,Partur,Partur,20094559,"120 Villages Extension Scheme for Works Not Considered in 173 GRID WSS and 95 GRID WSS Tq. Partur, Mantha and Jalna Dist: Jalna",Mapegaon KH,1293,1,0.00,0.00,0.00,0.00,0.00,0.00,0.00,0.00,0.00,0.00,0.00,0.00,0.00,0.00,06-Aug,07-Aug,08-Aug,09-Aug,10-Aug,11-Aug,12-Aug,06-Aug,07-Aug,08-Aug,09-Aug,10-Aug,11-Aug,12-Aug,7,7,0
Chhatrapati Sambhajinagar,Chhatrapati Sambhajinagar,Jalna,Partur,Partur,20094559,"120 Villages Extension Scheme for Works Not Considered in 173 GRID WSS and 95 GRID WSS Tq. Partur, Mantha and Jalna Dist: Jalna",Devala,1141,1,0.30,0.27,0.41,1.84,1.28,0.39,0.31,26.29,23.66,35.93,161.26,112.18,34.18,27.17,06-Aug,07-Aug,08-Aug,09-Aug,10-Aug,11-Aug,12-Aug,06-Aug,07-Aug,08-Aug,09-Aug,10-Aug,11-Aug,12-Aug,0,5,2
Chhatrapati Sambhajinagar,Chhatrapati Sambhajinagar,Jalna,Partur,Partur,20094559,"120 Villages Extension Scheme for Works Not Considered in 173 GRID WSS and 95 GRID WSS Tq. Partur, Mantha and Jalna Dist: Jalna",Patoda Mav,2967,1,0.00,0.00,0.00,0.00,0.00,0.00,0.00,0.01,0.02,0.01,0.01,0.01,0.00,0.01,06-Aug,07-Aug,08-Aug,09-Aug,10-Aug,11-Aug,12-Aug,06-Aug,07-Aug,08-Aug,09-Aug,10-Aug,11-Aug,12-Aug,1,7,0
Chhatrapati Sambhajinagar,Chhatrapati Sambhajinagar,Jalna,Partur,Partur,20094559,"120 Villages Extension Scheme for Works Not Considered in 173 GRID WSS and 95 GRID WSS Tq. Partur, Mantha and Jalna Dist: Jalna",Khandviwadi,1823,1,0.00,0.00,0.00,0.00,0.00,0.00,0.00,0.00,0.00,0.00,0.13,0.00,0.00,0.00,06-Aug,07-Aug,08-Aug,09-Aug,10-Aug,11-Aug,12-Aug,06-Aug,07-Aug,08-Aug,09-Aug,10-Aug,11-Aug,12-Aug,6,7,0
Chhatrapati Sambhajinagar,Chhatrapati Sambhajinagar,Jalna,Partur,Partur,20094559,"120 Villages Extension Scheme for Works Not Considered in 173 GRID WSS and 95 GRID WSS Tq. Partur, Mantha and Jalna Dist: Jalna",Babai,1088,1,0.27,0.30,0.04,0.85,1.95,0.30,0.28,24.97,27.52,3.83,77.69,179.66,27.21,26.01,06-Aug,07-Aug,08-Aug,09-Aug,10-Aug,11-Aug,12-Aug,06-Aug,07-Aug,08-Aug,09-Aug,10-Aug,11-Aug,12-Aug,0,5,2
Chhatrapati Sambhajinagar,Chhatrapati Sambhajinagar,Jalna,Partur,Partur,20094559,"120 Villages Extension Scheme for Works Not Considered in 173 GRID WSS and 95 GRID WSS Tq. Partur, Mantha and Jalna Dist: Jalna",Karhala,2429,1,0.00,0.00,0.00,0.00,0.00,0.00,0.00,0.00,0.00,0.00,0.00,0.00,0.00,0.00,06-Aug,07-Aug,08-Aug,09-Aug,10-Aug,11-Aug,12-Aug,06-Aug,07-Aug,08-Aug,09-Aug,10-Aug,11-Aug,12-Aug,7,7,0
Chhatrapati Sambhajinagar,Chhatrapati Sambhajinagar,Jalna,Partur,Partur,20094559,"120 Villages Extension Scheme for Works Not Considered in 173 GRID WSS and 95 GRID WSS Tq. Partur, Mantha and Jalna Dist: Jalna",Lingsa,2168,1,0.00,0.00,0.00,0.00,0.00,0.00,0.00,0.00,0.00,0.00,0.00,0.00,0.00,0.00,06-Aug,07-Aug,08-Aug,09-Aug,10-Aug,11-Aug,12-Aug,06-Aug,07-Aug,08-Aug,09-Aug,10-Aug,11-Aug,12-Aug,7,7,0
Chhatrapati Sambhajinagar,Chhatrapati Sambhajinagar,Jalna,Partur,Partur,20094559,"120 Villages Extension Scheme for Works Not Considered in 173 GRID WSS and 95 GRID WSS Tq. Partur, Mantha and Jalna Dist: Jalna",Takali Rangopant,1726,1,0.00,0.00,0.00,0.00,0.00,0.00,0.00,0.00,0.00,0.00,0.00,0.00,0.00,0.00,06-Aug,07-Aug,08-Aug,09-Aug,10-Aug,11-Aug,12-Aug,06-Aug,07-Aug,08-Aug,09-Aug,10-Aug,11-Aug,12-Aug,7,7,0
Chhatrapati Sambhajinagar,Chhatrapati Sambhajinagar,Jalna,Partur,Partur,20094559,"120 Villages Extension Scheme for Works Not Considered in 173 GRID WSS and 95 GRID WSS Tq. Partur, Mantha and Jalna Dist: Jalna",Amba,4701,1,1.83,2.20,2.70,2.38,1.46,1.69,1.92,38.97,46.90,57.42,50.53,30.98,35.89,40.76,06-Aug,07-Aug,08-Aug,09-Aug,10-Aug,11-Aug,12-Aug,06-Aug,07-Aug,08-Aug,09-Aug,10-Aug,11-Aug,12-Aug,0,6,1
Chhatrapati Sambhajinagar,Chhatrapati Sambhajinagar,Jalna,Partur,Partur,20094559,"120 Villages Extension Scheme for Works Not Considered in 173 GRID WSS and 95 GRID WSS Tq. Partur, Mantha and Jalna Dist: Jalna",Akoli,1067,1,0.00,0.00,0.00,0.00,0.00,0.07,0.09,0.41,0.02,0.01,0.01,0.00,7.03,8.30,06-Aug,07-Aug,08-Aug,09-Aug,10-Aug,11-Aug,12-Aug,06-Aug,07-Aug,08-Aug,09-Aug,10-Aug,11-Aug,12-Aug,1,7,0
Chhatrapati Sambhajinagar,Chhatrapati Sambhajinagar,Jalna,Partur,Partur,20094559,"120 Villages Extension Scheme for Works Not Considered in 173 GRID WSS and 95 GRID WSS Tq. Partur, Mantha and Jalna Dist: Jalna",Pokhari Takle,721,1,0.00,0.00,0.00,0.02,0.00,0.00,0.00,0.00,0.00,0.17,3.09,0.03,0.00,0.00,06-Aug,07-Aug,08-Aug,09-Aug,10-Aug,11-Aug,12-Aug,06-Aug,07-Aug,08-Aug,09-Aug,10-Aug,11-Aug,12-Aug,4,7,0
Chhatrapati Sambhajinagar,Chhatrapati Sambhajinagar,Jalna,Partur,Partur,20094559,"120 Villages Extension Scheme for Works Not Considered in 173 GRID WSS and 95 GRID WSS Tq. Partur, Mantha and Jalna Dist: Jalna",Babultara,1652,1,0.00,0.00,0.72,1.11,1.37,0.00,0.35,0.02,0.03,43.55,67.18,83.18,0.01,21.03,06-Aug,07-Aug,08-Aug,09-Aug,10-Aug,11-Aug,12-Aug,06-Aug,07-Aug,08-Aug,09-Aug,10-Aug,11-Aug,12-Aug,0,5,2
Chhatrapati Sambhajinagar,Chhatrapati Sambhajinagar,Jalna,Partur,Partur,20094559,"120 Villages Extension Scheme for Works Not Considered in 173 GRID WSS and 95 GRID WSS Tq. Partur, Mantha and Jalna Dist: Jalna",Pandepokhari,2434,1,0.00,0.20,0.01,0.04,0.00,0.03,0.23,0.10,8.15,0.58,1.51,0.08,1.04,9.25,06-Aug,07-Aug,08-Aug,09-Aug,10-Aug,11-Aug,12-Aug,06-Aug,07-Aug,08-Aug,09-Aug,10-Aug,11-Aug,12-Aug,0,7,0
Chhatrapati Sambhajinagar,Chhatrapati Sambhajinagar,Jalna,Partur,Partur,20094559,"120 Villages Extension Scheme for Works Not Considered in 173 GRID WSS and 95 GRID WSS Tq. Partur, Mantha and Jalna Dist: Jalna",Mav Patoda,1542,1,0.00,0.00,0.00,0.00,0.00,0.00,0.00,0.00,0.00,0.00,0.00,0.00,0.00,0.00,06-Aug,07-Aug,08-Aug,09-Aug,10-Aug,11-Aug,12-Aug,06-Aug,07-Aug,08-Aug,09-Aug,10-Aug,11-Aug,12-Aug,7,7,0
Chhatrapati Sambhajinagar,Chhatrapati Sambhajinagar,Jalna,Partur,Partur,20094559,"120 Villages Extension Scheme for Works Not Considered in 173 GRID WSS and 95 GRID WSS Tq. Partur, Mantha and Jalna Dist: Jalna",Masala,716,1,0.00,0.01,0.18,0.01,0.04,0.03,0.02,0.26,0.72,25.19,1.35,6.08,3.95,2.47,06-Aug,07-Aug,08-Aug,09-Aug,10-Aug,11-Aug,12-Aug,06-Aug,07-Aug,08-Aug,09-Aug,10-Aug,11-Aug,12-Aug,0,7,0
Chhatrapati Sambhajinagar,Chhatrapati Sambhajinagar,Jalna,Partur,Partur,20094559,"120 Villages Extension Scheme for Works Not Considered in 173 GRID WSS and 95 GRID WSS Tq. Partur, Mantha and Jalna Dist: Jalna",Sirasgaon,1422,1,0.14,0.30,0.00,0.18,0.18,0.18,0.19,9.84,21.36,0.00,12.37,12.91,12.87,13.17,06-Aug,07-Aug,08-Aug,09-Aug,10-Aug,11-Aug,12-Aug,06-Aug,07-Aug,08-Aug,09-Aug,10-Aug,11-Aug,12-Aug,1,7,0
Chhatrapati Sambhajinagar,Chhatrapati Sambhajinagar,Jalna,Partur,Partur,20094559,"120 Villages Extension Scheme for Works Not Considered in 173 GRID WSS and 95 GRID WSS Tq. Partur, Mantha and Jalna Dist: Jalna",Raipur,607,1,0.03,0.01,0.01,0.01,0.01,0.02,0.01,4.29,2.27,2.29,0.93,1.55,2.71,2.16,06-Aug,07-Aug,08-Aug,09-Aug,10-Aug,11-Aug,12-Aug,06-Aug,07-Aug,08-Aug,09-Aug,10-Aug,11-Aug,12-Aug,0,7,0
Chhatrapati Sambhajinagar,Chhatrapati Sambhajinagar,Jalna,Partur,Partur,20094559,"120 Villages Extension Scheme for Works Not Considered in 173 GRID WSS and 95 GRID WSS Tq. Partur, Mantha and Jalna Dist: Jalna",Bramhawadgaon,728,1,0.00,0.00,0.00,0.00,5596.84,1106.31,0.03,0.00,0.00,0.00,0.00,768796.70,151965.66,3.59,06-Aug,07-Aug,08-Aug,09-Aug,10-Aug,11-Aug,12-Aug,06-Aug,07-Aug,08-Aug,09-Aug,10-Aug,11-Aug,12-Aug,4,5,2
Chhatrapati Sambhajinagar,Chhatrapati Sambhajinagar,Jalna,Partur,Partur,20094559,"120 Villages Extension Scheme for Works Not Considered in 173 GRID WSS and 95 GRID WSS Tq. Partur, Mantha and Jalna Dist: Jalna",Khadki,481,1,0.00,0.00,0.00,0.00,0.00,0.00,0.00,0.01,0.00,0.00,0.00,0.00,0.00,0.00,06-Aug,07-Aug,08-Aug,09-Aug,10-Aug,11-Aug,12-Aug,06-Aug,07-Aug,08-Aug,09-Aug,10-Aug,11-Aug,12-Aug,6,7,0
Chhatrapati Sambhajinagar,Chhatrapati Sambhajinagar,Jalna,Partur,Partur,20094559,"120 Villages Extension Scheme for Works Not Considered in 173 GRID WSS and 95 GRID WSS Tq. Partur, Mantha and Jalna Dist: Jalna",Raniwahegaon 40P,452,1,0.00,0.00,0.00,0.00,0.00,0.00,0.00,0.00,0.00,0.00,0.00,0.00,0.00,0.00,06-Aug,07-Aug,08-Aug,09-Aug,10-Aug,11-Aug,12-Aug,06-Aug,07-Aug,08-Aug,09-Aug,10-Aug,11-Aug,12-Aug,7,7,0
Chhatrapati Sambhajinagar,Chhatrapati Sambhajinagar,Jalna,Partur,Partur,20094559,"120 Villages Extension Scheme for Works Not Considered in 173 GRID WSS and 95 GRID WSS Tq. Partur, Mantha and Jalna Dist: Jalna",Dahiphal Tanda,545,1,0.00,0.00,0.00,0.00,0.00,0.00,0.00,0.00,0.00,0.00,0.00,0.00,0.00,0.00,06-Aug,07-Aug,08-Aug,09-Aug,10-Aug,11-Aug,12-Aug,06-Aug,07-Aug,08-Aug,09-Aug,10-Aug,11-Aug,12-Aug,7,7,0
Chhatrapati Sambhajinagar,Chhatrapati Sambhajinagar,Jalna,Partur,Partur,20094559,"120 Villages Extension Scheme for Works Not Considered in 173 GRID WSS and 95 GRID WSS Tq. Partur, Mantha and Jalna Dist: Jalna",Ekrukha,325,1,0.00,0.00,0.00,0.00,0.00,0.00,0.00,0.00,0.00,0.00,0.00,0.00,0.00,0.00,06-Aug,07-Aug,08-Aug,09-Aug,10-Aug,11-Aug,12-Aug,06-Aug,07-Aug,08-Aug,09-Aug,10-Aug,11-Aug,12-Aug,7,7,0
Chhatrapati Sambhajinagar,Chhatrapati Sambhajinagar,Jalna,Partur,Partur,20094559,"120 Villages Extension Scheme for Works Not Considered in 173 GRID WSS and 95 GRID WSS Tq. Partur, Mantha and Jalna Dist: Jalna",Padli Pardhi,540,1,0.00,0.00,0.00,0.00,0.00,0.00,0.00,0.00,0.00,0.00,0.00,0.00,0.00,0.00,06-Aug,07-Aug,08-Aug,09-Aug,10-Aug,11-Aug,12-Aug,06-Aug,07-Aug,08-Aug,09-Aug,10-Aug,11-Aug,12-Aug,7,7,0
Chhatrapati Sambhajinagar,Chhatrapati Sambhajinagar,Jalna,Partur,Partur,20094559,"120 Villages Extension Scheme for Works Not Considered in 173 GRID WSS and 95 GRID WSS Tq. Partur, Mantha and Jalna Dist: Jalna",Banachiwadi,898,1,0.00,0.00,0.00,0.00,0.00,0.00,0.00,0.03,0.02,0.00,0.01,0.01,0.01,0.00,06-Aug,07-Aug,08-Aug,09-Aug,10-Aug,11-Aug,12-Aug,06-Aug,07-Aug,08-Aug,09-Aug,10-Aug,11-Aug,12-Aug,2,7,0
Chhatrapati Sambhajinagar,Chhatrapati Sambhajinagar,Jalna,Partur,Partur,20094559,"120 Villages Extension Scheme for Works Not Considered in 173 GRID WSS and 95 GRID WSS Tq. Partur, Mantha and Jalna Dist: Jalna",Wadarwadi,1117,1,0.00,0.00,0.00,0.00,0.00,0.00,0.00,0.12,0.08,0.06,0.03,0.04,0.04,0.05,06-Aug,07-Aug,08-Aug,09-Aug,10-Aug,11-Aug,12-Aug,06-Aug,07-Aug,08-Aug,09-Aug,10-Aug,11-Aug,12-Aug,0,7,0
Chhatrapati Sambhajinagar,Chhatrapati Sambhajinagar,Jalna,Partur,Partur,20094559,"120 Villages Extension Scheme for Works Not Considered in 173 GRID WSS and 95 GRID WSS Tq. Partur, Mantha and Jalna Dist: Jalna",Hareramnagar,377,1,0.14,0.17,0.07,0.13,0.13,0.18,0.16,36.70,44.58,18.11,35.63,33.84,46.67,43.28,06-Aug,07-Aug,08-Aug,09-Aug,10-Aug,11-Aug,12-Aug,06-Aug,07-Aug,08-Aug,09-Aug,10-Aug,11-Aug,12-Aug,0,7,0
Chhatrapati Sambhajinagar,Chhatrapati Sambhajinagar,Jalna,Partur,Partur,20094559,"120 Villages Extension Scheme for Works Not Considered in 173 GRID WSS and 95 GRID WSS Tq. Partur, Mantha and Jalna Dist: Jalna",Dolara,1422,1,0.32,1.27,0.94,0.96,0.77,0.37,0.61,22.35,89.20,65.77,67.84,53.92,26.31,42.99,06-Aug,07-Aug,08-Aug,09-Aug,10-Aug,11-Aug,12-Aug,06-Aug,07-Aug,08-Aug,09-Aug,10-Aug,11-Aug,12-Aug,0,4,3
Chhatrapati Sambhajinagar,Chhatrapati Sambhajinagar,Jalna,Partur,Partur,20094559,"120 Villages Extension Scheme for Works Not Considered in 173 GRID WSS and 95 GRID WSS Tq. Partur, Mantha and Jalna Dist: Jalna",Sawangi Gangakinara,1468,1,0.00,0.01,0.00,0.00,0.00,0.00,0.00,0.00,0.54,0.00,0.00,0.00,0.00,0.00,06-Aug,07-Aug,08-Aug,09-Aug,10-Aug,11-Aug,12-Aug,06-Aug,07-Aug,08-Aug,09-Aug,10-Aug,11-Aug,12-Aug,6,7,0
Chhatrapati Sambhajinagar,Chhatrapati Sambhajinagar,Jalna,Partur,Partur,20094559,"120 Villages Extension Scheme for Works Not Considered in 173 GRID WSS and 95 GRID WSS Tq. Partur, Mantha and Jalna Dist: Jalna",Landakdara,455,1,354.34,366.55,349.34,381.35,329.83,331.20,385.64,77876.04,80560.44,76778.57,83812.09,72490.11,72791.21,84756.04,06-Aug,07-Aug,08-Aug,09-Aug,10-Aug,11-Aug,12-Aug,06-Aug,07-Aug,08-Aug,09-Aug,10-Aug,11-Aug,12-Aug,0,0,7
Chhatrapati Sambhajinagar,Chhatrapati Sambhajinagar,Jalna,Partur,Partur,20094559,"120 Villages Extension Scheme for Works Not Considered in 173 GRID WSS and 95 GRID WSS Tq. Partur, Mantha and Jalna Dist: Jalna",Phulwadi,1672,1,0.21,0.00,0.10,0.07,0.08,0.52,0.14,12.79,0.00,5.78,4.20,5.04,30.91,8.42,06-Aug,07-Aug,08-Aug,09-Aug,10-Aug,11-Aug,12-Aug,06-Aug,07-Aug,08-Aug,09-Aug,10-Aug,11-Aug,12-Aug,1,7,0
Chhatrapati Sambhajinagar,Chhatrapati Sambhajinagar,Jalna,Partur,Partur,20094559,"120 Villages Extension Scheme for Works Not Considered in 173 GRID WSS and 95 GRID WSS Tq. Partur, Mantha and Jalna Dist: Jalna",Wadhona Tanda,442,1,0.00,0.00,0.00,0.00,0.00,0.00,0.00,0.00,0.00,0.00,0.97,0.62,0.00,0.03,06-Aug,07-Aug,08-Aug,09-Aug,10-Aug,11-Aug,12-Aug,06-Aug,07-Aug,08-Aug,09-Aug,10-Aug,11-Aug,12-Aug,4,7,0
Chhatrapati Sambhajinagar,Latur,Latur,Chakur,Chakur,20030459,Rachnawadi 6 villages WSS,Her Village,6571,1,0.80,0.00,0.00,0.00,0.00,1.45,0.00,12.17,0.00,0.00,0.00,0.00,22.07,0.00,06-Aug,07-Aug,08-Aug,09-Aug,10-Aug,11-Aug,12-Aug,06-Aug,07-Aug,08-Aug,09-Aug,10-Aug,11-Aug,12-Aug,5,7,0
Chhatrapati Sambhajinagar,Latur,Latur,Chakur,Chakur,20030459,Rachnawadi 6 villages WSS,Rachnawadi,2228,1,0.02,0.00,3.23,0.00,0.15,0.00,1.91,0.90,0.00,144.97,0.00,6.57,0.00,85.54,06-Aug,07-Aug,08-Aug,09-Aug,10-Aug,11-Aug,12-Aug,06-Aug,07-Aug,08-Aug,09-Aug,10-Aug,11-Aug,12-Aug,3,5,2
Chhatrapati Sambhajinagar,Latur,Latur,Renapur,Renapur,20030820,Pangaon 10 villages WSS,Ghansargaon,2815,1,0.00,0.00,0.00,0.00,0.00,0.00,0.00,0.00,0.00,0.00,0.00,0.00,0.00,0.00,06-Aug,07-Aug,08-Aug,09-Aug,10-Aug,11-Aug,12-Aug,06-Aug,07-Aug,08-Aug,09-Aug,10-Aug,11-Aug,12-Aug,7,7,0
Chhatrapati Sambhajinagar,Latur,Latur,Renapur,Renapur,20030820,Pangaon 10 villages WSS,Kharoli,8990,2,0.00,4.48,5.36,7.38,2.26,0.00,0.00,0.00,49.79,59.67,82.07,25.14,0.00,0.00,06-Aug,07-Aug,08-Aug,09-Aug,10-Aug,11-Aug,12-Aug,06-Aug,07-Aug,08-Aug,09-Aug,10-Aug,11-Aug,12-Aug,3,5,2
Chhatrapati Sambhajinagar,Latur,Latur,Renapur,Renapur,20030820,Pangaon 10 villages WSS,Manusmarwadi,1629,1,0.00,0.00,0.00,0.00,0.00,0.00,0.00,0.00,0.00,0.00,0.00,0.00,0.00,0.00,06-Aug,07-Aug,08-Aug,09-Aug,10-Aug,11-Aug,12-Aug,06-Aug,07-Aug,08-Aug,09-Aug,10-Aug,11-Aug,12-Aug,7,7,0
Chhatrapati Sambhajinagar,Latur,Latur,Renapur,Renapur,20030820,Pangaon 10 villages WSS,Murdav,1765,1,0.00,0.00,0.00,0.00,0.00,0.00,0.00,0.00,0.00,0.00,0.00,0.00,0.00,0.00,06-Aug,07-Aug,08-Aug,09-Aug,10-Aug,11-Aug,12-Aug,06-Aug,07-Aug,08-Aug,09-Aug,10-Aug,11-Aug,12-Aug,7,7,0
Chhatrapati Sambhajinagar,Latur,Latur,Renapur,Renapur,20030820,Pangaon 10 villages WSS,Pangaon,13738,3,0.00,2.11,4.39,3.28,0.00,0.08,0.61,0.00,15.34,31.96,23.88,0.00,0.58,4.45,06-Aug,07-Aug,08-Aug,09-Aug,10-Aug,11-Aug,12-Aug,06-Aug,07-Aug,08-Aug,09-Aug,10-Aug,11-Aug,12-Aug,2,7,0
Chhatrapati Sambhajinagar,Latur,Latur,Shirur Anantpal,Shirur Anantpal,20030815,Sakol 7 villages WSS,Kanegaon,1604,1,6.45,4.62,6.58,0.36,5.77,2.25,2.26,402.28,288.03,410.03,22.31,359.73,140.02,140.90,06-Aug,07-Aug,08-Aug,09-Aug,10-Aug,11-Aug,12-Aug,06-Aug,07-Aug,08-Aug,09-Aug,10-Aug,11-Aug,12-Aug,0,1,6
Chhatrapati Sambhajinagar,Latur,Latur,Shirur Anantpal,Shirur Anantpal,20030815,Sakol 7 villages WSS,Sakol,8777,2,3.14,0.00,0.00,0.00,2.19,2.73,3.12,35.78,0.00,0.00,0.00,24.95,31.10,35.55,06-Aug,07-Aug,08-Aug,09-Aug,10-Aug,11-Aug,12-Aug,06-Aug,07-Aug,08-Aug,09-Aug,10-Aug,11-Aug,12-Aug,3,7,0
Chhatrapati Sambhajinagar,Latur,Latur,Shirur Anantpal,Shirur Anantpal,20030815,Sakol 7 villages WSS,Tripal,1086,1,0.00,0.00,0.00,0.00,0.00,0.00,0.00,0.00,0.00,0.00,0.00,0.00,0.00,0.00,06-Aug,07-Aug,08-Aug,09-Aug,10-Aug,11-Aug,12-Aug,06-Aug,07-Aug,08-Aug,09-Aug,10-Aug,11-Aug,12-Aug,7,7,0
Chhatrapati Sambhajinagar,Nanded,Nanded,Hadgaon,Hadgaon,20013969,Hadgaon and Himayatnagar 132 Village Grid WSS,Babhali,2273,1,0.46,0.47,0.45,0.50,0.45,0.58,0.49,20.24,20.68,19.80,22.00,19.80,25.52,21.56,06-Aug,07-Aug,08-Aug,09-Aug,10-Aug,11-Aug,12-Aug,06-Aug,07-Aug,08-Aug,09-Aug,10-Aug,11-Aug,12-Aug,0,7,0
Chhatrapati Sambhajinagar,Nanded,Nanded,Hadgaon,Hadgaon,20013969,Hadgaon and Himayatnagar 132 Village Grid WSS,Bamani,1117,1,0.00,0.00,0.00,0.00,0.00,0.00,0.00,0.00,0.00,0.00,0.00,0.00,0.00,0.00,06-Aug,07-Aug,08-Aug,09-Aug,10-Aug,11-Aug,12-Aug,06-Aug,07-Aug,08-Aug,09-Aug,10-Aug,11-Aug,12-Aug,7,7,0
Chhatrapati Sambhajinagar,Nanded,Nanded,Hadgaon,Hadgaon,20013969,Hadgaon and Himayatnagar 132 Village Grid WSS,Baradshewala,2360,2,0.00,0.00,0.00,0.00,0.00,0.00,0.00,0.00,0.00,0.00,0.00,0.00,0.00,0.00,06-Aug,07-Aug,08-Aug,09-Aug,10-Aug,11-Aug,12-Aug,06-Aug,07-Aug,08-Aug,09-Aug,10-Aug,11-Aug,12-Aug,7,7,0
Chhatrapati Sambhajinagar,Nanded,Nanded,Hadgaon,Hadgaon,20013969,Hadgaon and Himayatnagar 132 Village Grid WSS,Bhanegaon Tanda,971,1,0.94,0.55,0.88,0.95,0.90,1.17,0.58,96.81,56.64,90.63,97.84,92.69,120.49,59.73,06-Aug,07-Aug,08-Aug,09-Aug,10-Aug,11-Aug,12-Aug,06-Aug,07-Aug,08-Aug,09-Aug,10-Aug,11-Aug,12-Aug,0,0,7
Chhatrapati Sambhajinagar,Nanded,Nanded,Hadgaon,Hadgaon,20013969,Hadgaon and Himayatnagar 132 Village Grid WSS,Brahmanwadi,525,1,0.00,0.00,0.00,0.00,0.00,0.00,0.00,0.00,0.00,0.00,0.00,0.00,0.00,0.00,06-Aug,07-Aug,08-Aug,09-Aug,10-Aug,11-Aug,12-Aug,06-Aug,07-Aug,08-Aug,09-Aug,10-Aug,11-Aug,12-Aug,7,7,0
Chhatrapati Sambhajinagar,Nanded,Nanded,Hadgaon,Hadgaon,20013969,Hadgaon and Himayatnagar 132 Village Grid WSS,Chinchgawhan,2440,1,0.15,0.00,0.07,0.00,0.04,0.00,0.00,6.15,0.00,2.87,0.00,1.64,0.00,0.00,06-Aug,07-Aug,08-Aug,09-Aug,10-Aug,11-Aug,12-Aug,06-Aug,07-Aug,08-Aug,09-Aug,10-Aug,11-Aug,12-Aug,4,7,0
Chhatrapati Sambhajinagar,Nanded,Nanded,Hadgaon,Hadgaon,20013969,Hadgaon and Himayatnagar 132 Village Grid WSS,Dagadwadi,1225,1,0.00,0.00,0.01,0.77,0.93,0.30,0.30,0.00,0.00,0.82,62.86,75.92,24.49,24.49,06-Aug,07-Aug,08-Aug,09-Aug,10-Aug,11-Aug,12-Aug,06-Aug,07-Aug,08-Aug,09-Aug,10-Aug,11-Aug,12-Aug,2,5,2
Chhatrapati Sambhajinagar,Nanded,Nanded,Hadgaon,Hadgaon,20013969,Hadgaon and Himayatnagar 132 Village Grid WSS,Dhanora (Hastara),2529,1,15.47,15.13,12.83,16.44,17.74,17.85,17.86,611.78,598.30,507.32,649.96,701.53,705.61,706.39,06-Aug,07-Aug,08-Aug,09-Aug,10-Aug,11-Aug,12-Aug,06-Aug,07-Aug,08-Aug,09-Aug,10-Aug,11-Aug,12-Aug,0,0,7
Chhatrapati Sambhajinagar,Nanded,Nanded,Hadgaon,Hadgaon,20013969,Hadgaon and Himayatnagar 132 Village Grid WSS,Dhanora (Tamsa),1380,1,0.00,0.00,0.00,0.00,0.00,0.00,0.00,0.00,0.00,0.00,0.00,0.00,0.00,0.00,06-Aug,07-Aug,08-Aug,09-Aug,10-Aug,11-Aug,12-Aug,06-Aug,07-Aug,08-Aug,09-Aug,10-Aug,11-Aug,12-Aug,7,7,0
Chhatrapati Sambhajinagar,Nanded,Nanded,Hadgaon,Hadgaon,20013969,Hadgaon and Himayatnagar 132 Village Grid WSS,Ekrala,1509,1,0.00,0.00,0.00,0.00,0.00,0.00,0.00,0.00,0.00,0.00,0.00,0.00,0.00,0.00,06-Aug,07-Aug,08-Aug,09-Aug,10-Aug,11-Aug,12-Aug,06-Aug,07-Aug,08-Aug,09-Aug,10-Aug,11-Aug,12-Aug,7,7,0
Chhatrapati Sambhajinagar,Nanded,Nanded,Hadgaon,Hadgaon,20013969,Hadgaon and Himayatnagar 132 Village Grid WSS,Gargavhan,264,1,33.67,27.01,18.89,23.12,14.66,0.00,12.27,12752.27,10231.57,7155.30,8756.69,5553.03,0.00,4647.73,06-Aug,07-Aug,08-Aug,09-Aug,10-Aug,11-Aug,12-Aug,06-Aug,07-Aug,08-Aug,09-Aug,10-Aug,11-Aug,12-Aug,1,1,6
Chhatrapati Sambhajinagar,Nanded,Nanded,Hadgaon,Hadgaon,20013969,Hadgaon and Himayatnagar 132 Village Grid WSS,Ghogri,1237,1,0.00,0.00,5.11,4.10,4.12,0.00,8.61,0.00,0.00,413.10,331.45,333.06,0.00,696.04,06-Aug,07-Aug,08-Aug,09-Aug,10-Aug,11-Aug,12-Aug,06-Aug,07-Aug,08-Aug,09-Aug,10-Aug,11-Aug,12-Aug,3,3,4
Chhatrapati Sambhajinagar,Nanded,Nanded,Hadgaon,Hadgaon,20013969,Hadgaon and Himayatnagar 132 Village Grid WSS,Gorlegaon,2313,1,0.00,0.00,0.00,0.00,0.00,0.00,0.00,0.00,0.00,0.00,0.00,0.00,0.00,0.00,06-Aug,07-Aug,08-Aug,09-Aug,10-Aug,11-Aug,12-Aug,06-Aug,07-Aug,08-Aug,09-Aug,10-Aug,11-Aug,12-Aug,7,7,0
Chhatrapati Sambhajinagar,Nanded,Nanded,Hadgaon,Hadgaon,20013969,Hadgaon and Himayatnagar 132 Village Grid WSS,Hadsani,1944,1,13.19,6.38,21.53,20.86,16.48,15.87,16.15,678.50,328.19,1107.51,1073.05,847.74,816.36,830.76,06-Aug,07-Aug,08-Aug,09-Aug,10-Aug,11-Aug,12-Aug,06-Aug,07-Aug,08-Aug,09-Aug,10-Aug,11-Aug,12-Aug,0,0,7
Chhatrapati Sambhajinagar,Nanded,Nanded,Hadgaon,Hadgaon,20013969,Hadgaon and Himayatnagar 132 Village Grid WSS,Hardaf,2364,1,0.00,0.00,0.00,0.00,0.00,0.00,0.00,0.00,0.00,0.00,0.00,0.00,0.00,0.00,06-Aug,07-Aug,08-Aug,09-Aug,10-Aug,11-Aug,12-Aug,06-Aug,07-Aug,08-Aug,09-Aug,10-Aug,11-Aug,12-Aug,7,7,0
Chhatrapati Sambhajinagar,Nanded,Nanded,Hadgaon,Hadgaon,20013969,Hadgaon and Himayatnagar 132 Village Grid WSS,Kedarguda,1564,1,21.17,14.74,8.45,1.32,0.00,0.00,0.00,1353.41,942.46,539.98,84.46,0.00,0.00,0.00,06-Aug,07-Aug,08-Aug,09-Aug,10-Aug,11-Aug,12-Aug,06-Aug,07-Aug,08-Aug,09-Aug,10-Aug,11-Aug,12-Aug,3,3,4
Chhatrapati Sambhajinagar,Nanded,Nanded,Hadgaon,Hadgaon,20013969,Hadgaon and Himayatnagar 132 Village Grid WSS,Kharbi,1461,1,0.00,1.15,7.85,3.80,0.00,0.00,0.01,0.00,78.71,537.30,260.10,0.00,0.00,0.68,06-Aug,07-Aug,08-Aug,09-Aug,10-Aug,11-Aug,12-Aug,06-Aug,07-Aug,08-Aug,09-Aug,10-Aug,11-Aug,12-Aug,3,4,3
Chhatrapati Sambhajinagar,Nanded,Nanded,Hadgaon,Hadgaon,20013969,Hadgaon and Himayatnagar 132 Village Grid WSS,Kolgaon,752,1,0.00,0.00,0.00,0.00,0.00,0.00,0.00,0.00,0.00,0.00,0.00,0.00,0.00,0.00,06-Aug,07-Aug,08-Aug,09-Aug,10-Aug,11-Aug,12-Aug,06-Aug,07-Aug,08-Aug,09-Aug,10-Aug,11-Aug,12-Aug,7,7,0
Chhatrapati Sambhajinagar,Nanded,Nanded,Hadgaon,Hadgaon,20013969,Hadgaon and Himayatnagar 132 Village Grid WSS,Koli,3873,1,0.00,0.00,0.00,0.00,0.00,0.00,0.00,0.00,0.00,0.00,0.00,0.00,0.00,0.00,06-Aug,07-Aug,08-Aug,09-Aug,10-Aug,11-Aug,12-Aug,06-Aug,07-Aug,08-Aug,09-Aug,10-Aug,11-Aug,12-Aug,7,7,0
Chhatrapati Sambhajinagar,Nanded,Nanded,Hadgaon,Hadgaon,20013969,Hadgaon and Himayatnagar 132 Village Grid WSS,Krushnapur,664,1,0.00,0.00,0.00,0.00,0.00,0.00,0.00,0.00,0.00,0.00,0.00,0.00,0.00,0.00,06-Aug,07-Aug,08-Aug,09-Aug,10-Aug,11-Aug,12-Aug,06-Aug,07-Aug,08-Aug,09-Aug,10-Aug,11-Aug,12-Aug,7,7,0
Chhatrapati Sambhajinagar,Nanded,Nanded,Hadgaon,Hadgaon,20013969,Hadgaon and Himayatnagar 132 Village Grid WSS,Loha,2244,1,0.00,0.00,2.12,0.00,0.00,0.00,0.00,0.00,0.00,94.47,0.00,0.00,0.00,0.00,06-Aug,07-Aug,08-Aug,09-Aug,10-Aug,11-Aug,12-Aug,06-Aug,07-Aug,08-Aug,09-Aug,10-Aug,11-Aug,12-Aug,6,6,1
Chhatrapati Sambhajinagar,Nanded,Nanded,Hadgaon,Hadgaon,20013969,Hadgaon and Himayatnagar 132 Village Grid WSS,Mahatala,1569,1,0.00,0.00,0.00,0.00,0.00,0.00,0.00,0.00,0.00,0.00,0.00,0.00,0.00,0.00,06-Aug,07-Aug,08-Aug,09-Aug,10-Aug,11-Aug,12-Aug,06-Aug,07-Aug,08-Aug,09-Aug,10-Aug,11-Aug,12-Aug,7,7,0
Chhatrapati Sambhajinagar,Nanded,Nanded,Hadgaon,Hadgaon,20013969,Hadgaon and Himayatnagar 132 Village Grid WSS,Mardga,3172,1,0.00,0.00,1.01,0.98,2.13,1.81,0.00,0.00,0.00,31.84,30.90,67.21,57.06,0.00,06-Aug,07-Aug,08-Aug,09-Aug,10-Aug,11-Aug,12-Aug,06-Aug,07-Aug,08-Aug,09-Aug,10-Aug,11-Aug,12-Aug,3,5,2
Chhatrapati Sambhajinagar,Nanded,Nanded,Hadgaon,Hadgaon,20013969,Hadgaon and Himayatnagar 132 Village Grid WSS,Nevri,2518,1,0.00,0.00,0.00,0.00,0.00,0.00,0.00,0.00,0.00,0.00,0.00,0.00,0.00,0.00,06-Aug,07-Aug,08-Aug,09-Aug,10-Aug,11-Aug,12-Aug,06-Aug,07-Aug,08-Aug,09-Aug,10-Aug,11-Aug,12-Aug,7,7,0
Chhatrapati Sambhajinagar,Nanded,Nanded,Hadgaon,Hadgaon,20013969,Hadgaon and Himayatnagar 132 Village Grid WSS,Newarwadi,1251,1,0.00,0.00,0.00,0.00,0.00,0.00,0.00,0.00,0.00,0.00,0.00,0.00,0.00,0.00,06-Aug,07-Aug,08-Aug,09-Aug,10-Aug,11-Aug,12-Aug,06-Aug,07-Aug,08-Aug,09-Aug,10-Aug,11-Aug,12-Aug,7,7,0
Chhatrapati Sambhajinagar,Nanded,Nanded,Hadgaon,Hadgaon,20013969,Hadgaon and Himayatnagar 132 Village Grid WSS,Niwdha,8189,1,4.18,3.20,2.84,4.25,4.01,2.89,3.59,51.03,39.08,34.68,51.90,48.97,35.26,43.84,06-Aug,07-Aug,08-Aug,09-Aug,10-Aug,11-Aug,12-Aug,06-Aug,07-Aug,08-Aug,09-Aug,10-Aug,11-Aug,12-Aug,0,7,0
Chhatrapati Sambhajinagar,Nanded,Nanded,Hadgaon,Hadgaon,20013969,Hadgaon and Himayatnagar 132 Village Grid WSS,Niwla,1510,1,0.00,0.00,0.00,0.00,0.00,0.00,0.00,0.00,0.00,0.00,0.00,0.00,0.00,0.00,06-Aug,07-Aug,08-Aug,09-Aug,10-Aug,11-Aug,12-Aug,06-Aug,07-Aug,08-Aug,09-Aug,10-Aug,11-Aug,12-Aug,7,7,0
Chhatrapati Sambhajinagar,Nanded,Nanded,Hadgaon,Hadgaon,20013969,Hadgaon and Himayatnagar 132 Village Grid WSS,Palsa,3436,1,0.36,0.00,0.00,2.42,0.49,0.40,1.27,10.48,0.00,0.00,70.43,14.26,11.64,36.96,06-Aug,07-Aug,08-Aug,09-Aug,10-Aug,11-Aug,12-Aug,06-Aug,07-Aug,08-Aug,09-Aug,10-Aug,11-Aug,12-Aug,2,6,1
Chhatrapati Sambhajinagar,Nanded,Nanded,Hadgaon,Hadgaon,20013969,Hadgaon and Himayatnagar 132 Village Grid WSS,Pangri (Manatha),772,1,0.00,0.00,0.00,0.00,0.00,0.00,0.00,0.00,0.00,0.00,0.00,0.00,0.00,0.00,06-Aug,07-Aug,08-Aug,09-Aug,10-Aug,11-Aug,12-Aug,06-Aug,07-Aug,08-Aug,09-Aug,10-Aug,11-Aug,12-Aug,7,7,0
Chhatrapati Sambhajinagar,Nanded,Nanded,Hadgaon,Hadgaon,20013969,Hadgaon and Himayatnagar 132 Village Grid WSS,Pingli,460,1,1.30,1.53,0.00,1.68,1.47,1.93,1.37,282.61,332.61,0.00,365.22,319.57,419.57,297.83,06-Aug,07-Aug,08-Aug,09-Aug,10-Aug,11-Aug,12-Aug,06-Aug,07-Aug,08-Aug,09-Aug,10-Aug,11-Aug,12-Aug,1,1,6
Chhatrapati Sambhajinagar,Nanded,Nanded,Hadgaon,Hadgaon,20013969,Hadgaon and Himayatnagar 132 Village Grid WSS,Rawangaon (Manatha),1463,1,0.00,0.00,0.00,0.00,0.00,0.00,0.00,0.00,0.00,0.00,0.00,0.00,0.00,0.00,06-Aug,07-Aug,08-Aug,09-Aug,10-Aug,11-Aug,12-Aug,06-Aug,07-Aug,08-Aug,09-Aug,10-Aug,11-Aug,12-Aug,7,7,0
Chhatrapati Sambhajinagar,Nanded,Nanded,Hadgaon,Hadgaon,20013969,Hadgaon and Himayatnagar 132 Village Grid WSS,Rui,3670,1,0.00,0.00,0.00,0.00,0.00,0.00,0.00,0.00,0.00,0.00,0.00,0.00,0.00,0.00,06-Aug,07-Aug,08-Aug,09-Aug,10-Aug,11-Aug,12-Aug,06-Aug,07-Aug,08-Aug,09-Aug,10-Aug,11-Aug,12-Aug,7,7,0
Chhatrapati Sambhajinagar,Nanded,Nanded,Hadgaon,Hadgaon,20013969,Hadgaon and Himayatnagar 132 Village Grid WSS,Sapti,2440,1,2.04,1.60,0.00,0.87,1.92,2.68,0.00,83.61,65.57,0.00,35.66,78.69,109.84,0.00,06-Aug,07-Aug,08-Aug,09-Aug,10-Aug,11-Aug,12-Aug,06-Aug,07-Aug,08-Aug,09-Aug,10-Aug,11-Aug,12-Aug,2,3,4
Chhatrapati Sambhajinagar,Nanded,Nanded,Hadgaon,Hadgaon,20013969,Hadgaon and Himayatnagar 132 Village Grid WSS,Sawargaon,4448,1,0.00,0.00,0.00,0.00,0.00,0.00,0.00,0.00,0.00,0.00,0.00,0.00,0.00,0.00,06-Aug,07-Aug,08-Aug,09-Aug,10-Aug,11-Aug,12-Aug,06-Aug,07-Aug,08-Aug,09-Aug,10-Aug,11-Aug,12-Aug,7,7,0
Chhatrapati Sambhajinagar,Nanded,Nanded,Hadgaon,Hadgaon,20013969,Hadgaon and Himayatnagar 132 Village Grid WSS,Shendan,526,1,0.00,0.00,0.00,0.00,0.00,0.00,0.00,0.00,0.00,0.00,0.00,0.00,0.00,0.00,06-Aug,07-Aug,08-Aug,09-Aug,10-Aug,11-Aug,12-Aug,06-Aug,07-Aug,08-Aug,09-Aug,10-Aug,11-Aug,12-Aug,7,7,0
Chhatrapati Sambhajinagar,Nanded,Nanded,Hadgaon,Hadgaon,20013969,Hadgaon and Himayatnagar 132 Village Grid WSS,Shirad,4587,1,0.00,0.00,0.00,0.00,0.00,0.00,0.00,0.00,0.00,0.00,0.00,0.00,0.00,0.00,06-Aug,07-Aug,08-Aug,09-Aug,10-Aug,11-Aug,12-Aug,06-Aug,07-Aug,08-Aug,09-Aug,10-Aug,11-Aug,12-Aug,7,7,0
Chhatrapati Sambhajinagar,Nanded,Nanded,Hadgaon,Hadgaon,20013969,Hadgaon and Himayatnagar 132 Village Grid WSS,Shivani,823,1,0.00,0.00,0.00,0.00,0.00,0.00,0.00,0.00,0.00,0.00,0.00,0.00,0.00,0.00,06-Aug,07-Aug,08-Aug,09-Aug,10-Aug,11-Aug,12-Aug,06-Aug,07-Aug,08-Aug,09-Aug,10-Aug,11-Aug,12-Aug,7,7,0
Chhatrapati Sambhajinagar,Nanded,Nanded,Hadgaon,Hadgaon,20013969,Hadgaon and Himayatnagar 132 Village Grid WSS,Talang,579,1,0.00,0.00,0.00,0.00,0.00,0.00,0.00,0.00,0.00,0.00,0.00,0.00,0.00,0.00,06-Aug,07-Aug,08-Aug,09-Aug,10-Aug,11-Aug,12-Aug,06-Aug,07-Aug,08-Aug,09-Aug,10-Aug,11-Aug,12-Aug,7,7,0
Chhatrapati Sambhajinagar,Nanded,Nanded,Hadgaon,Hadgaon,20013969,Hadgaon and Himayatnagar 132 Village Grid WSS,Talegaon,2044,1,0.00,0.00,0.00,0.00,0.00,0.00,0.00,0.00,0.00,0.00,0.00,0.00,0.00,0.00,06-Aug,07-Aug,08-Aug,09-Aug,10-Aug,11-Aug,12-Aug,06-Aug,07-Aug,08-Aug,09-Aug,10-Aug,11-Aug,12-Aug,7,7,0
Chhatrapati Sambhajinagar,Nanded,Nanded,Hadgaon,Hadgaon,20013969,Hadgaon and Himayatnagar 132 Village Grid WSS,Talni,7037,1,0.00,0.52,0.00,0.53,0.00,0.59,0.00,0.00,7.39,0.00,7.53,0.00,8.38,0.00,06-Aug,07-Aug,08-Aug,09-Aug,10-Aug,11-Aug,12-Aug,06-Aug,07-Aug,08-Aug,09-Aug,10-Aug,11-Aug,12-Aug,4,7,0
Chhatrapati Sambhajinagar,Nanded,Nanded,Hadgaon,Hadgaon,20013969,Hadgaon and Himayatnagar 132 Village Grid WSS,Umri (Daryabai),2262,1,0.00,0.00,0.00,0.00,0.00,0.00,0.00,0.00,0.00,0.00,0.00,0.00,0.00,0.00,06-Aug,07-Aug,08-Aug,09-Aug,10-Aug,11-Aug,12-Aug,06-Aug,07-Aug,08-Aug,09-Aug,10-Aug,11-Aug,12-Aug,7,7,0
Chhatrapati Sambhajinagar,Nanded,Nanded,Hadgaon,Hadgaon,20013969,Hadgaon and Himayatnagar 132 Village Grid WSS,Umri Ja.,2492,1,0.00,0.00,0.00,0.00,0.00,0.00,0.00,0.00,0.00,0.00,0.00,0.00,0.00,0.00,06-Aug,07-Aug,08-Aug,09-Aug,10-Aug,11-Aug,12-Aug,06-Aug,07-Aug,08-Aug,09-Aug,10-Aug,11-Aug,12-Aug,7,7,0
Chhatrapati Sambhajinagar,Nanded,Nanded,Hadgaon,Hadgaon,20013969,Hadgaon and Himayatnagar 132 Village Grid WSS,Umri kh,1022,1,0.00,0.11,0.12,0.00,0.04,0.00,0.00,0.00,10.80,11.68,0.00,3.63,0.00,0.00,06-Aug,07-Aug,08-Aug,09-Aug,10-Aug,11-Aug,12-Aug,06-Aug,07-Aug,08-Aug,09-Aug,10-Aug,11-Aug,12-Aug,4,7,0
Chhatrapati Sambhajinagar,Nanded,Nanded,Hadgaon,Hadgaon,20013969,Hadgaon and Himayatnagar 132 Village Grid WSS,Unchada,1881,1,0.25,0.25,0.22,0.05,0.00,0.00,0.00,13.29,13.29,11.70,2.66,0.00,0.00,0.00,06-Aug,07-Aug,08-Aug,09-Aug,10-Aug,11-Aug,12-Aug,06-Aug,07-Aug,08-Aug,09-Aug,10-Aug,11-Aug,12-Aug,3,7,0
Chhatrapati Sambhajinagar,Nanded,Nanded,Hadgaon,Hadgaon,20013969,Hadgaon and Himayatnagar 132 Village Grid WSS,Unchegaon,1958,1,0.54,2.00,0.00,1.28,2.21,0.20,0.01,27.79,102.12,0.00,65.31,112.93,9.96,0.55,06-Aug,07-Aug,08-Aug,09-Aug,10-Aug,11-Aug,12-Aug,06-Aug,07-Aug,08-Aug,09-Aug,10-Aug,11-Aug,12-Aug,1,4,3
Chhatrapati Sambhajinagar,Nanded,Nanded,Hadgaon,Hadgaon,20013969,Hadgaon and Himayatnagar 132 Village Grid WSS,Wadgaon BK.,1840,1,0.00,0.00,0.00,0.00,0.00,0.00,0.00,0.00,0.00,0.00,0.00,0.00,0.00,0.00,06-Aug,07-Aug,08-Aug,09-Aug,10-Aug,11-Aug,12-Aug,06-Aug,07-Aug,08-Aug,09-Aug,10-Aug,11-Aug,12-Aug,7,7,0
Chhatrapati Sambhajinagar,Nanded,Nanded,Hadgaon,Hadgaon,20013969,Hadgaon and Himayatnagar 132 Village Grid WSS,Wai Pana Bk,3017,1,0.00,0.00,0.00,0.00,0.00,0.00,0.00,0.00,0.00,0.00,0.00,0.00,0.00,0.00,06-Aug,07-Aug,08-Aug,09-Aug,10-Aug,11-Aug,12-Aug,06-Aug,07-Aug,08-Aug,09-Aug,10-Aug,11-Aug,12-Aug,7,7,0
Chhatrapati Sambhajinagar,Nanded,Nanded,Hadgaon,Hadgaon,20013969,Hadgaon and Himayatnagar 132 Village Grid WSS,Yelamb,2225,1,2675.42,2679.57,2667.60,2213.00,2672.68,2677.83,2678.63,120243.78,120429.93,119892.27,99460.67,120120.37,120351.91,120388.03,06-Aug,07-Aug,08-Aug,09-Aug,10-Aug,11-Aug,12-Aug,06-Aug,07-Aug,08-Aug,09-Aug,10-Aug,11-Aug,12-Aug,0,0,7
Chhatrapati Sambhajinagar,Nanded,Nanded,Himayatnagar,Himayatnagar,20013969,Hadgaon and Himayatnagar 132 Village Grid WSS,Ashti,4091,1,0.00,0.00,0.00,0.01,0.00,0.00,0.00,0.00,0.00,0.00,0.24,0.00,0.00,0.00,06-Aug,07-Aug,08-Aug,09-Aug,10-Aug,11-Aug,12-Aug,06-Aug,07-Aug,08-Aug,09-Aug,10-Aug,11-Aug,12-Aug,6,7,0
Chhatrapati Sambhajinagar,Nanded,Nanded,Himayatnagar,Himayatnagar,20013969,Hadgaon and Himayatnagar 132 Village Grid WSS,Borgadi,1212,1,0.00,0.00,0.00,0.00,0.00,0.00,0.00,0.00,0.00,0.00,0.00,0.00,0.00,0.00,06-Aug,07-Aug,08-Aug,09-Aug,10-Aug,11-Aug,12-Aug,06-Aug,07-Aug,08-Aug,09-Aug,10-Aug,11-Aug,12-Aug,7,7,0
Chhatrapati Sambhajinagar,Nanded,Nanded,Himayatnagar,Himayatnagar,20013969,Hadgaon and Himayatnagar 132 Village Grid WSS,Borgaon (Tamsa),787,1,0.00,0.00,0.00,0.00,0.00,0.00,0.00,0.00,0.00,0.00,0.00,0.00,0.00,0.00,06-Aug,07-Aug,08-Aug,09-Aug,10-Aug,11-Aug,12-Aug,06-Aug,07-Aug,08-Aug,09-Aug,10-Aug,11-Aug,12-Aug,7,7,0
Chhatrapati Sambhajinagar,Nanded,Nanded,Himayatnagar,Himayatnagar,20013969,Hadgaon and Himayatnagar 132 Village Grid WSS,Dudhad,1232,1,0.00,0.00,0.00,0.00,0.00,0.00,0.00,0.00,0.00,0.00,0.00,0.00,0.00,0.00,06-Aug,07-Aug,08-Aug,09-Aug,10-Aug,11-Aug,12-Aug,06-Aug,07-Aug,08-Aug,09-Aug,10-Aug,11-Aug,12-Aug,7,7,0
Chhatrapati Sambhajinagar,Nanded,Nanded,Himayatnagar,Himayatnagar,20013969,Hadgaon and Himayatnagar 132 Village Grid WSS,Kamari,4301,1,12.94,0.00,0.00,13.40,14.23,0.26,4.84,300.86,0.00,0.00,311.56,330.85,6.05,112.53,06-Aug,07-Aug,08-Aug,09-Aug,10-Aug,11-Aug,12-Aug,06-Aug,07-Aug,08-Aug,09-Aug,10-Aug,11-Aug,12-Aug,2,3,4
Chhatrapati Sambhajinagar,Nanded,Nanded,Himayatnagar,Himayatnagar,20013969,Hadgaon and Himayatnagar 132 Village Grid WSS,Karanji,1346,1,0.02,0.00,0.00,0.00,0.00,0.00,0.00,1.15,0.00,0.00,0.00,0.00,0.00,0.00,06-Aug,07-Aug,08-Aug,09-Aug,10-Aug,11-Aug,12-Aug,06-Aug,07-Aug,08-Aug,09-Aug,10-Aug,11-Aug,12-Aug,6,7,0
Chhatrapati Sambhajinagar,Nanded,Nanded,Himayatnagar,Himayatnagar,20013969,Hadgaon and Himayatnagar 132 Village Grid WSS,Khadki (Bazar),3524,1,0.00,0.00,0.00,0.00,0.00,0.00,0.00,0.00,0.00,0.00,0.00,0.00,0.00,0.00,06-Aug,07-Aug,08-Aug,09-Aug,10-Aug,11-Aug,12-Aug,06-Aug,07-Aug,08-Aug,09-Aug,10-Aug,11-Aug,12-Aug,7,7,0
Chhatrapati Sambhajinagar,Nanded,Nanded,Himayatnagar,Himayatnagar,20013969,Hadgaon and Himayatnagar 132 Village Grid WSS,Khairgaon (jahagir),425,1,0.00,0.00,0.00,0.00,0.00,0.00,0.00,0.00,0.00,0.00,0.00,0.00,0.00,0.00,06-Aug,07-Aug,08-Aug,09-Aug,10-Aug,11-Aug,12-Aug,06-Aug,07-Aug,08-Aug,09-Aug,10-Aug,11-Aug,12-Aug,7,7,0
Chhatrapati Sambhajinagar,Nanded,Nanded,Himayatnagar,Himayatnagar,20013969,Hadgaon and Himayatnagar 132 Village Grid WSS,Mangrul,2278,1,0.00,0.00,0.00,0.00,0.00,0.00,0.00,0.00,0.00,0.00,0.00,0.00,0.00,0.00,06-Aug,07-Aug,08-Aug,09-Aug,10-Aug,11-Aug,12-Aug,06-Aug,07-Aug,08-Aug,09-Aug,10-Aug,11-Aug,12-Aug,7,7,0
Chhatrapati Sambhajinagar,Nanded,Nanded,Himayatnagar,Himayatnagar,20013969,Hadgaon and Himayatnagar 132 Village Grid WSS,Palaspur,2211,1,0.00,4.15,0.00,5.91,3.41,1.18,3.48,0.00,187.70,0.00,267.30,154.23,53.37,157.39,06-Aug,07-Aug,08-Aug,09-Aug,10-Aug,11-Aug,12-Aug,06-Aug,07-Aug,08-Aug,09-Aug,10-Aug,11-Aug,12-Aug,2,3,4
Chhatrapati Sambhajinagar,Nanded,Nanded,Himayatnagar,Himayatnagar,20013969,Hadgaon and Himayatnagar 132 Village Grid WSS,Pawana,2623,1,0.00,0.00,0.00,0.00,0.00,0.00,0.00,0.00,0.00,0.00,0.00,0.00,0.00,0.00,06-Aug,07-Aug,08-Aug,09-Aug,10-Aug,11-Aug,12-Aug,06-Aug,07-Aug,08-Aug,09-Aug,10-Aug,11-Aug,12-Aug,7,7,0
Chhatrapati Sambhajinagar,Nanded,Nanded,Himayatnagar,Himayatnagar,20013969,Hadgaon and Himayatnagar 132 Village Grid WSS,Pota (Bk),5377,1,0.00,0.00,0.00,0.00,0.00,0.00,0.00,0.00,0.00,0.00,0.00,0.00,0.00,0.00,06-Aug,07-Aug,08-Aug,09-Aug,10-Aug,11-Aug,12-Aug,06-Aug,07-Aug,08-Aug,09-Aug,10-Aug,11-Aug,12-Aug,7,7,0
Chhatrapati Sambhajinagar,Nanded,Nanded,Himayatnagar,Himayatnagar,20013969,Hadgaon and Himayatnagar 132 Village Grid WSS,Pota Kh.,787,1,0.00,0.00,0.00,0.00,0.00,0.00,0.00,0.00,0.00,0.00,0.00,0.00,0.00,0.00,06-Aug,07-Aug,08-Aug,09-Aug,10-Aug,11-Aug,12-Aug,06-Aug,07-Aug,08-Aug,09-Aug,10-Aug,11-Aug,12-Aug,7,7,0
Chhatrapati Sambhajinagar,Nanded,Nanded,Himayatnagar,Himayatnagar,20013969,Hadgaon and Himayatnagar 132 Village Grid WSS,Shibadara (J),1480,1,0.00,0.00,0.05,0.00,0.00,0.00,0.00,0.00,0.00,3.38,0.00,0.00,0.00,0.00,06-Aug,07-Aug,08-Aug,09-Aug,10-Aug,11-Aug,12-Aug,06-Aug,07-Aug,08-Aug,09-Aug,10-Aug,11-Aug,12-Aug,6,7,0
Chhatrapati Sambhajinagar,Nanded,Nanded,Himayatnagar,Himayatnagar,20013969,Hadgaon and Himayatnagar 132 Village Grid WSS,Tembhi,1927,1,0.00,0.00,0.00,0.00,0.00,0.00,0.00,0.00,0.00,0.00,0.00,0.00,0.00,0.00,06-Aug,07-Aug,08-Aug,09-Aug,10-Aug,11-Aug,12-Aug,06-Aug,07-Aug,08-Aug,09-Aug,10-Aug,11-Aug,12-Aug,7,7,0
Chhatrapati Sambhajinagar,Nanded,Nanded,Himayatnagar,Himayatnagar,20013969,Hadgaon and Himayatnagar 132 Village Grid WSS,Virsani,2817,1,0.00,0.00,1.90,0.00,0.00,0.89,0.86,0.00,0.00,67.45,0.00,0.00,31.59,30.53,06-Aug,07-Aug,08-Aug,09-Aug,10-Aug,11-Aug,12-Aug,06-Aug,07-Aug,08-Aug,09-Aug,10-Aug,11-Aug,12-Aug,4,6,1
Chhatrapati Sambhajinagar,Nanded,Nanded,Himayatnagar,Himayatnagar,20013969,Hadgaon and Himayatnagar 132 Village Grid WSS,Waghi,1428,1,5.42,6.61,5.90,4.39,5.59,4.42,12.50,379.55,462.89,413.17,307.42,391.46,309.52,875.35,06-Aug,07-Aug,08-Aug,09-Aug,10-Aug,11-Aug,12-Aug,06-Aug,07-Aug,08-Aug,09-Aug,10-Aug,11-Aug,12-Aug,0,0,7
Chhatrapati Sambhajinagar,Nanded,Nanded,Himayatnagar,Himayatnagar,20013969,Hadgaon and Himayatnagar 132 Village Grid WSS,Walkyachiwadi,4427,1,0.00,2.77,7.72,0.00,1.27,0.00,0.00,0.00,62.57,174.38,0.00,28.69,0.00,0.00,06-Aug,07-Aug,08-Aug,09-Aug,10-Aug,11-Aug,12-Aug,06-Aug,07-Aug,08-Aug,09-Aug,10-Aug,11-Aug,12-Aug,4,5,2
Chhatrapati Sambhajinagar,Nanded,Nanded,Himayatnagar,Himayatnagar,20013969,Hadgaon and Himayatnagar 132 Village Grid WSS,Yewli,3092,1,0.35,0.28,0.33,0.31,0.33,0.25,0.30,11.32,9.06,10.67,10.03,10.67,8.09,9.70,06-Aug,07-Aug,08-Aug,09-Aug,10-Aug,11-Aug,12-Aug,06-Aug,07-Aug,08-Aug,09-Aug,10-Aug,11-Aug,12-Aug,0,7,0
Chhatrapati Sambhajinagar,Nanded,Nanded,Kandhar,Kandhar,7338000,Osmamnagar Shirdhon Combined WSS,Bhutaychiwadi,905,1,0.00,0.00,0.00,0.00,0.00,0.00,0.00,0.00,0.00,0.00,0.00,0.00,0.00,0.00,06-Aug,07-Aug,08-Aug,09-Aug,10-Aug,11-Aug,12-Aug,06-Aug,07-Aug,08-Aug,09-Aug,10-Aug,11-Aug,12-Aug,7,7,0
Chhatrapati Sambhajinagar,Nanded,Nanded,Kandhar,Kandhar,7338000,Osmamnagar Shirdhon Combined WSS,Osmamnagar,,2,0.00,0.00,0.00,0.00,0.00,0.00,0.00,0.00,0.00,0.00,0.00,0.00,0.00,0.00,06-Aug,07-Aug,08-Aug,09-Aug,10-Aug,11-Aug,12-Aug,06-Aug,07-Aug,08-Aug,09-Aug,10-Aug,11-Aug,12-Aug,7,7,0
Chhatrapati Sambhajinagar,Nanded,Nanded,Kandhar,Kandhar,7338000,Osmamnagar Shirdhon Combined WSS,Shiradhon,7804,3,0.00,0.00,0.00,0.00,0.00,0.00,0.00,0.00,0.00,0.00,0.00,0.00,0.00,0.00,06-Aug,07-Aug,08-Aug,09-Aug,10-Aug,11-Aug,12-Aug,06-Aug,07-Aug,08-Aug,09-Aug,10-Aug,11-Aug,12-Aug,7,7,0
Chhatrapati Sambhajinagar,Nanded,Nanded,Kandhar,Kandhar,7338000,Osmamnagar Shirdhon Combined WSS,Shirdhon Tanda,,1,0.00,0.00,0.00,0.00,0.00,0.00,0.00,0.00,0.00,0.00,0.00,0.00,0.00,0.00,06-Aug,07-Aug,08-Aug,09-Aug,10-Aug,11-Aug,12-Aug,06-Aug,07-Aug,08-Aug,09-Aug,10-Aug,11-Aug,12-Aug,7,7,0
Chhatrapati Sambhajinagar,Nanded,Nanded,Naigaon,Naigaon,7942142,Manjram WSS (7942142),Manjram,4704,1,0.00,0.00,0.00,0.00,0.00,0.00,0.00,0.00,0.00,0.00,0.00,0.00,0.00,0.00,06-Aug,07-Aug,08-Aug,09-Aug,10-Aug,11-Aug,12-Aug,06-Aug,07-Aug,08-Aug,09-Aug,10-Aug,11-Aug,12-Aug,7,7,0
Chhatrapati Sambhajinagar,Nanded,Nanded,Naigaon,Naigaon,7942142,Manjram WSS (7942142),Wadi,25016,1,0.00,0.00,0.35,0.00,0.00,0.00,0.00,0.00,0.00,1.40,0.00,0.00,0.00,0.00,06-Aug,07-Aug,08-Aug,09-Aug,10-Aug,11-Aug,12-Aug,06-Aug,07-Aug,08-Aug,09-Aug,10-Aug,11-Aug,12-Aug,6,7,0
Chhatrapati Sambhajinagar,Nanded,Parbhani,Senaon,Senaon,20023330,Kawtha Bk & 9 Vill RR WSS,Shinagikhamba,1296,1,6.02,5.58,5.25,4.28,5.72,5.46,8.30,464.51,430.56,405.09,330.25,441.36,421.30,640.43,06-Aug,07-Aug,08-Aug,09-Aug,10-Aug,11-Aug,12-Aug,06-Aug,07-Aug,08-Aug,09-Aug,10-Aug,11-Aug,12-Aug,0,0,7
Pune,Pune,Pune 1,Baramati,Ambegaon,20017250,LONI BHAPKAR RRWSS,Bhilarwadi,1249,1,0.00,0.00,0.00,0.00,0.00,0.00,0.00,0.00,0.00,0.00,0.00,0.00,0.00,0.00,06-Aug,07-Aug,08-Aug,09-Aug,10-Aug,11-Aug,12-Aug,06-Aug,07-Aug,08-Aug,09-Aug,10-Aug,11-Aug,12-Aug,7,7,0
Pune,Pune,Pune 1,Baramati,Ambegaon,20017250,LONI BHAPKAR RRWSS,Jagtapwasti ESR,1446,1,0.00,0.00,0.00,0.00,0.00,0.00,0.00,0.00,0.00,0.00,0.00,0.00,0.00,0.00,06-Aug,07-Aug,08-Aug,09-Aug,10-Aug,11-Aug,12-Aug,06-Aug,07-Aug,08-Aug,09-Aug,10-Aug,11-Aug,12-Aug,7,7,0
Pune,Pune,Pune 1,Baramati,Ambegaon,20017250,LONI BHAPKAR RRWSS,Jalakewadi Mudhale,475,3,0.00,0.00,0.00,0.00,0.00,0.00,0.00,0.00,0.00,0.00,0.00,0.00,0.00,0.00,06-Aug,07-Aug,08-Aug,09-Aug,10-Aug,11-Aug,12-Aug,06-Aug,07-Aug,08-Aug,09-Aug,10-Aug,11-Aug,12-Aug,7,7,0
Pune,Pune,Pune 1,Baramati,Ambegaon,20017250,LONI BHAPKAR RRWSS,LoniBhapkar,5659,4,0.00,4708.16,0.62,0.00,0.00,4668.56,0.00,0.00,83197.66,10.95,0.00,0.00,82497.89,0.00,06-Aug,07-Aug,08-Aug,09-Aug,10-Aug,11-Aug,12-Aug,06-Aug,07-Aug,08-Aug,09-Aug,10-Aug,11-Aug,12-Aug,4,5,2
Pune,Pune,Pune 1,Baramati,Ambegaon,20017250,LONI BHAPKAR RRWSS,Masalwadi,1446,3,65.24,0.55,0.00,29.07,0.52,0.39,29.76,4511.74,37.69,0.00,2010.54,36.26,27.28,2058.00,06-Aug,07-Aug,08-Aug,09-Aug,10-Aug,11-Aug,12-Aug,06-Aug,07-Aug,08-Aug,09-Aug,10-Aug,11-Aug,12-Aug,1,4,3
Pune,Pune,Pune 1,Baramati,Ambegaon,20017250,LONI BHAPKAR RRWSS,Palsi,2612,4,0.00,0.22,0.00,0.24,0.00,0.00,0.26,0.00,8.47,0.00,9.01,0.00,0.00,9.90,06-Aug,07-Aug,08-Aug,09-Aug,10-Aug,11-Aug,12-Aug,06-Aug,07-Aug,08-Aug,09-Aug,10-Aug,11-Aug,12-Aug,4,7,0
Pune,Pune,Pune 1,Baramati,Ambegaon,20017250,LONI BHAPKAR RRWSS,Sayambachiwadi,1969,2,0.00,0.00,0.00,0.00,0.00,0.00,0.00,0.00,0.00,0.00,0.00,0.00,0.00,0.00,06-Aug,07-Aug,08-Aug,09-Aug,10-Aug,11-Aug,12-Aug,06-Aug,07-Aug,08-Aug,09-Aug,10-Aug,11-Aug,12-Aug,7,7,0
Pune,Pune,Pune 1,Baramati,Ambegaon,20017250,LONI BHAPKAR RRWSS,Tukainagar,3819,2,0.00,0.36,0.00,0.48,0.00,0.00,0.34,0.00,9.32,0.00,12.61,0.00,0.01,8.89,06-Aug,07-Aug,08-Aug,09-Aug,10-Aug,11-Aug,12-Aug,06-Aug,07-Aug,08-Aug,09-Aug,10-Aug,11-Aug,12-Aug,3,7,0
Pune,Pune,Pune 1,Baramati,Ambegaon,7942125,MURTI & 7 VILLAGES RRWSS,Bhapkar mala,1761,1,14.27,0.22,15.22,0.00,21.79,0.00,25.10,810.23,12.56,864.02,0.00,1237.10,0.00,1425.32,06-Aug,07-Aug,08-Aug,09-Aug,10-Aug,11-Aug,12-Aug,06-Aug,07-Aug,08-Aug,09-Aug,10-Aug,11-Aug,12-Aug,2,3,4
Pune,Pune,Pune 1,Baramati,Ambegaon,7942125,MURTI & 7 VILLAGES RRWSS,Chaudharwad,911,2,0.91,0.99,0.26,0.25,93.92,1.10,1.11,99.71,108.65,29.04,27.42,10309.28,121.22,121.93,06-Aug,07-Aug,08-Aug,09-Aug,10-Aug,11-Aug,12-Aug,06-Aug,07-Aug,08-Aug,09-Aug,10-Aug,11-Aug,12-Aug,0,2,5
Pune,Pune,Pune 1,Baramati,Ambegaon,7942125,MURTI & 7 VILLAGES RRWSS,Magarwadi,1761,1,22.70,0.00,0.00,0.00,0.00,0.00,0.00,1289.08,0.00,0.00,0.00,0.00,0.00,0.00,06-Aug,07-Aug,08-Aug,09-Aug,10-Aug,11-Aug,12-Aug,06-Aug,07-Aug,08-Aug,09-Aug,10-Aug,11-Aug,12-Aug,6,6,1
Pune,Pune,Pune 1,Baramati,Ambegaon,7942125,MURTI & 7 VILLAGES RRWSS,Modhave,2362,2,17.93,0.00,0.00,67.21,19.65,0.00,0.00,759.19,0.00,0.00,2845.27,831.80,0.00,0.00,06-Aug,07-Aug,08-Aug,09-Aug,10-Aug,11-Aug,12-Aug,06-Aug,07-Aug,08-Aug,09-Aug,10-Aug,11-Aug,12-Aug,4,4,3
Pune,Pune,Pune 1,Baramati,Ambegaon,7942125,MURTI & 7 VILLAGES RRWSS,Moralwadi,1462,3,0.00,0.00,0.00,0.00,0.00,0.00,0.19,0.00,0.00,0.00,0.00,0.00,0.00,13.10,06-Aug,07-Aug,08-Aug,09-Aug,10-Aug,11-Aug,12-Aug,06-Aug,07-Aug,08-Aug,09-Aug,10-Aug,11-Aug,12-Aug,6,7,0
Pune,Pune,Pune 1,Baramati,Ambegaon,7942125,MURTI & 7 VILLAGES RRWSS,Murti gaonthan,1065,2,0.00,0.00,0.00,0.00,0.00,0.00,0.49,0.00,0.00,0.00,0.00,0.00,0.00,46.04,06-Aug,07-Aug,08-Aug,09-Aug,10-Aug,11-Aug,12-Aug,06-Aug,07-Aug,08-Aug,09-Aug,10-Aug,11-Aug,12-Aug,6,7,0
Pune,Pune,Pune 1,Baramati,Ambegaon,7942125,MURTI & 7 VILLAGES RRWSS,Waki,3355,2,15.92,190.96,1.32,28.36,195.58,0.00,215.14,474.62,5691.89,39.23,845.31,5829.54,0.00,6412.60,06-Aug,07-Aug,08-Aug,09-Aug,10-Aug,11-Aug,12-Aug,06-Aug,07-Aug,08-Aug,09-Aug,10-Aug,11-Aug,12-Aug,1,2,5
Pune,Pune,Pune 1,Pune 1,Daund,7942135,"Gar, Sonwadi, Nanviz RR",Betwadi,1500,1,0.00,0.00,0.00,0.00,0.00,0.00,0.00,0.00,0.00,0.00,0.00,0.00,0.00,0.00,06-Aug,07-Aug,08-Aug,09-Aug,10-Aug,11-Aug,12-Aug,06-Aug,07-Aug,08-Aug,09-Aug,10-Aug,11-Aug,12-Aug,7,7,0
Pune,Pune,Pune 1,Pune 1,Daund,7942135,"Gar, Sonwadi, Nanviz RR",Gholapnaagar,1591,1,0.00,0.00,0.00,0.00,0.00,0.00,0.00,0.00,0.00,0.00,0.00,0.00,0.00,0.00,06-Aug,07-Aug,08-Aug,09-Aug,10-Aug,11-Aug,12-Aug,06-Aug,07-Aug,08-Aug,09-Aug,10-Aug,11-Aug,12-Aug,7,7,0
Pune,Pune,Pune 1,Pune 1,Daund,7942135,"Gar, Sonwadi, Nanviz RR",Holimala,734,2,0.00,0.00,0.00,0.00,0.00,0.00,0.00,0.00,0.00,0.00,0.00,0.00,0.00,0.00,06-Aug,07-Aug,08-Aug,09-Aug,10-Aug,11-Aug,12-Aug,06-Aug,07-Aug,08-Aug,09-Aug,10-Aug,11-Aug,12-Aug,7,7,0
Pune,Pune,Pune 1,Pune 1,Daund,7942135,"Gar, Sonwadi, Nanviz RR",Nanviz,300,2,0.00,0.00,0.00,0.00,0.00,0.00,0.00,0.00,0.00,0.00,0.00,0.00,0.00,0.00,06-Aug,07-Aug,08-Aug,09-Aug,10-Aug,11-Aug,12-Aug,06-Aug,07-Aug,08-Aug,09-Aug,10-Aug,11-Aug,12-Aug,7,7,0
Pune,Pune,Pune 1,Pune 1,Daund,7942135,"Gar, Sonwadi, Nanviz RR",Sonwadi,4636,1,0.00,0.00,0.00,0.00,0.00,0.00,0.00,0.00,0.00,0.00,0.00,0.00,0.00,0.00,06-Aug,07-Aug,08-Aug,09-Aug,10-Aug,11-Aug,12-Aug,06-Aug,07-Aug,08-Aug,09-Aug,10-Aug,11-Aug,12-Aug,7,7,0
Pune,Pune,Pune 2,Baramati,Ambegaon,20018548,HOL SASTEWADI,Hol,2509,1,0.00,23.91,0.00,0.03,0.36,0.21,0.21,0.00,952.91,0.00,1.19,14.31,8.22,8.20,06-Aug,07-Aug,08-Aug,09-Aug,10-Aug,11-Aug,12-Aug,06-Aug,07-Aug,08-Aug,09-Aug,10-Aug,11-Aug,12-Aug,2,6,1
Pune,Pune,Pune 2,Baramati,Ambegaon,20018548,HOL SASTEWADI,Sastewadi,3462,7,0.00,0.00,0.00,0.00,0.00,0.00,0.00,0.00,0.00,0.00,0.00,0.00,0.00,0.00,06-Aug,07-Aug,08-Aug,09-Aug,10-Aug,11-Aug,12-Aug,06-Aug,07-Aug,08-Aug,09-Aug,10-Aug,11-Aug,12-Aug,7,7,0
Pune,Pune,Pune 2,Maval,Daund,20013367,Done Adhale RR,ADHALE BK,1695,2,0.00,0.00,0.00,0.00,0.00,0.00,0.00,0.00,0.00,0.00,0.00,0.00,0.00,0.00,06-Aug,07-Aug,08-Aug,09-Aug,10-Aug,11-Aug,12-Aug,06-Aug,07-Aug,08-Aug,09-Aug,10-Aug,11-Aug,12-Aug,7,7,0
Pune,Pune,Pune 2,Maval,Daund,20013367,Done Adhale RR,DIVAD,1795,2,0.00,0.00,0.00,0.00,0.00,0.00,0.00,0.00,0.00,0.00,0.00,0.00,0.00,0.00,06-Aug,07-Aug,08-Aug,09-Aug,10-Aug,11-Aug,12-Aug,06-Aug,07-Aug,08-Aug,09-Aug,10-Aug,11-Aug,12-Aug,7,7,0
Pune,Pune,Pune 2,Maval,Daund,20013367,Done Adhale RR,DONE,1044,1,0.00,0.00,0.00,0.00,0.00,0.00,0.00,0.00,0.00,0.00,0.00,0.00,0.00,0.00,06-Aug,07-Aug,08-Aug,09-Aug,10-Aug,11-Aug,12-Aug,06-Aug,07-Aug,08-Aug,09-Aug,10-Aug,11-Aug,12-Aug,7,7,0
Pune,Pune,Pune 2,Maval,Daund,20013367,Done Adhale RR,OVALE,1177,2,0.00,0.00,0.00,0.00,0.00,0.00,0.00,0.00,0.00,0.00,0.00,0.00,0.00,0.00,06-Aug,07-Aug,08-Aug,09-Aug,10-Aug,11-Aug,12-Aug,06-Aug,07-Aug,08-Aug,09-Aug,10-Aug,11-Aug,12-Aug,7,7,0
Pune,Pune,Pune 2,Pune 2,Velhe,20027541,Wangani RRWSS,Kolwadi,1226,1,0.00,0.00,0.00,0.00,0.00,0.00,0.00,0.00,0.00,0.00,0.00,0.00,0.00,0.00,06-Aug,07-Aug,08-Aug,09-Aug,10-Aug,11-Aug,12-Aug,06-Aug,07-Aug,08-Aug,09-Aug,10-Aug,11-Aug,12-Aug,7,7,0
Pune,Pune,Pune 2,Pune 2,Velhe,20027541,Wangani RRWSS,Mengajai Wadi,123,1,0.00,0.00,0.00,0.00,0.00,0.00,0.00,0.00,0.00,0.00,0.00,0.00,0.00,0.00,06-Aug,07-Aug,08-Aug,09-Aug,10-Aug,11-Aug,12-Aug,06-Aug,07-Aug,08-Aug,09-Aug,10-Aug,11-Aug,12-Aug,7,7,0
Pune,Pune,Pune 2,Pune 2,Velhe,20027541,Wangani RRWSS,Wangani,1150,1,0.00,0.00,0.00,0.00,0.00,0.00,0.00,0.00,0.00,0.00,0.00,0.00,0.00,0.00,06-Aug,07-Aug,08-Aug,09-Aug,10-Aug,11-Aug,12-Aug,06-Aug,07-Aug,08-Aug,09-Aug,10-Aug,11-Aug,12-Aug,7,7,0
Pune,Pune,Pune 2,Pune 2,Velhe,20027541,Wangani RRWSS,Wanganichiwadi,1108,3,0.00,0.00,0.00,0.00,0.00,0.00,0.00,0.00,0.00,0.00,0.00,0.00,0.00,0.00,06-Aug,07-Aug,08-Aug,09-Aug,10-Aug,11-Aug,12-Aug,06-Aug,07-Aug,08-Aug,09-Aug,10-Aug,11-Aug,12-Aug,7,7,0
Pune,Pune,Pune 2,Pune,Daund,20027689,Patan & 8 Villages RWSS,Aundholi,594,2,0.00,0.00,0.00,0.00,0.00,0.00,0.00,0.00,0.00,0.00,0.00,0.00,0.00,0.00,06-Aug,07-Aug,08-Aug,09-Aug,10-Aug,11-Aug,12-Aug,06-Aug,07-Aug,08-Aug,09-Aug,10-Aug,11-Aug,12-Aug,7,7,0
Pune,Pune,Pune 2,Pune,Daund,20027689,Patan & 8 Villages RWSS,Bhaje,3140,5,0.00,0.00,0.00,0.00,0.17,0.21,0.00,0.03,0.03,0.03,0.02,5.55,6.75,0.04,06-Aug,07-Aug,08-Aug,09-Aug,10-Aug,11-Aug,12-Aug,06-Aug,07-Aug,08-Aug,09-Aug,10-Aug,11-Aug,12-Aug,0,7,0
Pune,Pune,Pune 2,Pune,Daund,20027689,Patan & 8 Villages RWSS,Boraj,565,1,0.05,0.21,0.19,0.00,0.28,0.02,0.00,9.52,37.36,32.99,0.00,48.95,3.71,0.00,06-Aug,07-Aug,08-Aug,09-Aug,10-Aug,11-Aug,12-Aug,06-Aug,07-Aug,08-Aug,09-Aug,10-Aug,11-Aug,12-Aug,2,7,0
Pune,Pune,Pune 2,Pune,Daund,20027689,Patan & 8 Villages RWSS,DEVLE,2052,2,0.00,0.00,0.00,0.00,0.00,0.00,0.00,0.00,0.00,0.00,0.00,0.00,0.00,0.00,06-Aug,07-Aug,08-Aug,09-Aug,10-Aug,11-Aug,12-Aug,06-Aug,07-Aug,08-Aug,09-Aug,10-Aug,11-Aug,12-Aug,7,7,0
Pune,Pune,Pune 2,Pune,Daund,20027689,Patan & 8 Villages RWSS,Dudhivare,375,3,0.12,0.16,0.17,0.16,0.24,0.15,0.18,32.04,42.05,44.53,42.05,63.02,41.16,46.86,06-Aug,07-Aug,08-Aug,09-Aug,10-Aug,11-Aug,12-Aug,06-Aug,07-Aug,08-Aug,09-Aug,10-Aug,11-Aug,12-Aug,0,6,1
Pune,Pune,Pune 2,Pune,Daund,20027689,Patan & 8 Villages RWSS,PATAN,1762,3,0.00,0.00,0.00,0.00,0.00,0.00,0.00,0.00,0.00,0.00,0.00,0.00,0.00,0.00,06-Aug,07-Aug,08-Aug,09-Aug,10-Aug,11-Aug,12-Aug,06-Aug,07-Aug,08-Aug,09-Aug,10-Aug,11-Aug,12-Aug,7,7,0
Pune,Pune,Pune 2,Pune,Daund,20027689,Patan & 8 Villages RWSS,Shindgaon,343,1,0.34,0.58,0.33,0.39,0.00,0.61,0.35,98.01,168.45,94.99,114.79,0.01,176.73,102.00,06-Aug,07-Aug,08-Aug,09-Aug,10-Aug,11-Aug,12-Aug,06-Aug,07-Aug,08-Aug,09-Aug,10-Aug,11-Aug,12-Aug,0,1,6
Pune,Pune,Pune 2,Pune,Daund,7948923,Karla & 7 villages RR,KARLA,2114,3,0.00,0.00,0.00,0.00,0.00,0.00,0.00,0.00,0.00,0.00,0.00,0.00,0.00,0.00,06-Aug,07-Aug,08-Aug,09-Aug,10-Aug,11-Aug,12-Aug,06-Aug,07-Aug,08-Aug,09-Aug,10-Aug,11-Aug,12-Aug,7,7,0
Pune,Pune,Pune 2,Pune,Daund,7948923,Karla & 7 villages RR,SHILTHANE,1741,1,0.00,0.00,0.00,0.00,0.00,0.00,0.00,0.00,0.00,0.00,0.00,0.00,0.00,0.00,06-Aug,07-Aug,08-Aug,09-Aug,10-Aug,11-Aug,12-Aug,06-Aug,07-Aug,08-Aug,09-Aug,10-Aug,11-Aug,12-Aug,7,7,0
Pune,Pune,Pune 2,Pune,Velhe,20013219,Wajeghar RR,Dadawadi,188,3,0.00,0.00,0.00,0.00,0.00,0.00,0.00,0.00,0.00,0.00,0.00,0.00,0.00,0.00,06-Aug,07-Aug,08-Aug,09-Aug,10-Aug,11-Aug,12-Aug,06-Aug,07-Aug,08-Aug,09-Aug,10-Aug,11-Aug,12-Aug,7,7,0
Pune,Pune,Pune 2,Pune,Velhe,20013219,Wajeghar RR,Khatpewadi,662,3,0.00,0.00,0.00,0.00,0.00,0.00,0.00,0.00,0.00,0.00,0.00,0.00,0.00,0.00,06-Aug,07-Aug,08-Aug,09-Aug,10-Aug,11-Aug,12-Aug,06-Aug,07-Aug,08-Aug,09-Aug,10-Aug,11-Aug,12-Aug,7,7,0
Pune,Pune,Pune 2,Pune,Velhe,20013219,Wajeghar RR,Lavhi,276,3,0.00,0.00,0.00,0.00,0.00,0.00,0.00,0.00,0.00,0.00,0.00,0.00,0.00,0.00,06-Aug,07-Aug,08-Aug,09-Aug,10-Aug,11-Aug,12-Aug,06-Aug,07-Aug,08-Aug,09-Aug,10-Aug,11-Aug,12-Aug,7,7,0
Pune,Pune,Pune 2,Pune,Velhe,20013219,Wajeghar RR,Merawane,666,1,0.00,0.00,0.00,0.00,0.00,0.00,0.00,0.00,0.00,0.00,0.00,0.00,0.00,0.00,06-Aug,07-Aug,08-Aug,09-Aug,10-Aug,11-Aug,12-Aug,06-Aug,07-Aug,08-Aug,09-Aug,10-Aug,11-Aug,12-Aug,7,7,0
Pune,Pune,Pune 2,Pune,Velhe,20013219,Wajeghar RR,PAL BK,729,1,0.00,0.00,0.00,0.00,0.00,0.00,0.00,0.00,0.00,0.00,0.00,0.00,0.00,0.00,06-Aug,07-Aug,08-Aug,09-Aug,10-Aug,11-Aug,12-Aug,06-Aug,07-Aug,08-Aug,09-Aug,10-Aug,11-Aug,12-Aug,7,7,0
Pune,Pune,Pune 2,Pune,Velhe,20013219,Wajeghar RR,PAL KH,437,3,0.00,0.00,0.00,0.00,0.00,0.00,0.00,0.00,0.00,0.00,0.00,0.00,0.00,0.00,06-Aug,07-Aug,08-Aug,09-Aug,10-Aug,11-Aug,12-Aug,06-Aug,07-Aug,08-Aug,09-Aug,10-Aug,11-Aug,12-Aug,7,7,0
Pune,Pune,Pune 2,Pune,Velhe,20013219,Wajeghar RR,Phansi,200,1,0.00,0.00,0.00,0.00,0.00,0.00,0.00,0.00,0.00,0.00,0.00,0.00,0.00,0.00,06-Aug,07-Aug,08-Aug,09-Aug,10-Aug,11-Aug,12-Aug,06-Aug,07-Aug,08-Aug,09-Aug,10-Aug,11-Aug,12-Aug,7,7,0
Pune,Pune,Pune 2,Pune,Velhe,20013219,Wajeghar RR,Pimpri,255,1,0.00,0.00,0.00,0.00,0.00,0.00,0.00,0.00,0.00,0.00,0.00,0.00,0.00,0.00,06-Aug,07-Aug,08-Aug,09-Aug,10-Aug,11-Aug,12-Aug,06-Aug,07-Aug,08-Aug,09-Aug,10-Aug,11-Aug,12-Aug,7,7,0
Pune,Pune,Pune 2,Pune,Velhe,20013219,Wajeghar RR,Wajeghar KH,147,2,0.00,0.00,0.00,0.00,0.00,0.00,0.00,0.00,0.00,0.00,0.00,0.00,0.00,0.00,06-Aug,07-Aug,08-Aug,09-Aug,10-Aug,11-Aug,12-Aug,06-Aug,07-Aug,08-Aug,09-Aug,10-Aug,11-Aug,12-Aug,7,7,0
Pune,Pune,Pune,Pune,Ambegaon,20017194,Gadadarewadi & Khandobachiwadi,GADADARWADI,2253,5,0.02,0.01,0.02,0.02,0.02,0.03,0.01,0.98,0.43,1.02,0.79,0.84,1.48,0.40,06-Aug,07-Aug,08-Aug,09-Aug,10-Aug,11-Aug,12-Aug,06-Aug,07-Aug,08-Aug,09-Aug,10-Aug,11-Aug,12-Aug,0,7,0
Pune,Pune,Pune,Pune,Ambegaon,20017194,Gadadarewadi & Khandobachiwadi,Masobawadi,347,1,0.00,0.00,0.00,0.00,0.00,0.00,0.00,0.00,0.00,0.00,0.00,0.00,0.00,0.00,06-Aug,07-Aug,08-Aug,09-Aug,10-Aug,11-Aug,12-Aug,06-Aug,07-Aug,08-Aug,09-Aug,10-Aug,11-Aug,12-Aug,7,7,0
Pune,Pune,Pune,Pune,Ambegaon,20017262,Supe,AMBE KHURD,1149,1,1.67,0.11,0.88,0.86,1.27,0.02,1.30,145.77,9.29,76.40,74.74,110.97,2.13,113.39,06-Aug,07-Aug,08-Aug,09-Aug,10-Aug,11-Aug,12-Aug,06-Aug,07-Aug,08-Aug,09-Aug,10-Aug,11-Aug,12-Aug,0,2,5
Pune,Pune,Pune,Pune,Ambegaon,20017262,Supe,BABURDI,1667,1,0.05,0.00,0.00,0.00,0.00,0.00,0.00,2.76,0.00,0.00,0.00,0.00,0.00,0.00,06-Aug,07-Aug,08-Aug,09-Aug,10-Aug,11-Aug,12-Aug,06-Aug,07-Aug,08-Aug,09-Aug,10-Aug,11-Aug,12-Aug,6,7,0
Pune,Pune,Pune,Pune,Ambegaon,20017262,Supe,BORKARWADI,2105,2,0.06,5252.03,83.16,801.82,2642.38,779.58,4580.14,2.82,249502.67,3950.70,38091.18,125528.76,37034.71,217583.78,06-Aug,07-Aug,08-Aug,09-Aug,10-Aug,11-Aug,12-Aug,06-Aug,07-Aug,08-Aug,09-Aug,10-Aug,11-Aug,12-Aug,0,1,6
Pune,Pune,Pune,Pune,Ambegaon,20017262,Supe,CHANDUGADEWADI,767,1,0.55,0.00,0.00,0.49,0.00,0.00,0.00,71.30,0.00,0.15,63.26,0.00,0.03,0.00,06-Aug,07-Aug,08-Aug,09-Aug,10-Aug,11-Aug,12-Aug,06-Aug,07-Aug,08-Aug,09-Aug,10-Aug,11-Aug,12-Aug,3,5,2
Pune,Pune,Pune,Pune,Ambegaon,20017262,Supe,DANDWADI,2124,3,0.40,0.88,0.69,0.72,0.84,0.81,0.72,18.75,41.61,32.31,33.80,39.70,38.35,33.67,06-Aug,07-Aug,08-Aug,09-Aug,10-Aug,11-Aug,12-Aug,06-Aug,07-Aug,08-Aug,09-Aug,10-Aug,11-Aug,12-Aug,0,7,0
Pune,Pune,Pune,Pune,Ambegaon,20017262,Supe,KALKHAIREWADI,1812,2,0.00,0.00,0.00,0.00,0.00,0.00,0.00,0.00,0.00,0.00,0.00,0.00,0.00,0.00,06-Aug,07-Aug,08-Aug,09-Aug,10-Aug,11-Aug,12-Aug,06-Aug,07-Aug,08-Aug,09-Aug,10-Aug,11-Aug,12-Aug,7,7,0
Pune,Pune,Pune,Pune,Ambegaon,20017262,Supe,KUTAWALWADI,2290,2,0.38,0.00,0.38,0.00,0.38,0.00,0.37,16.61,0.00,16.47,0.00,16.46,0.00,16.32,06-Aug,07-Aug,08-Aug,09-Aug,10-Aug,11-Aug,12-Aug,06-Aug,07-Aug,08-Aug,09-Aug,10-Aug,11-Aug,12-Aug,3,7,0
Pune,Pune,Pune,Pune,Ambegaon,20017262,Supe,MANGOBACHIWADI,257,2,0.22,0.17,0.11,0.21,0.23,0.24,0.21,86.79,66.16,42.33,83.30,91.31,94.92,80.55,06-Aug,07-Aug,08-Aug,09-Aug,10-Aug,11-Aug,12-Aug,06-Aug,07-Aug,08-Aug,09-Aug,10-Aug,11-Aug,12-Aug,0,1,6
Pune,Pune,Pune,Pune,Ambegaon,20017262,Supe,NAROLI,1486,1,0.03,0.00,0.02,0.00,0.00,0.00,0.00,1.92,0.28,1.19,0.00,0.00,0.00,0.00,06-Aug,07-Aug,08-Aug,09-Aug,10-Aug,11-Aug,12-Aug,06-Aug,07-Aug,08-Aug,09-Aug,10-Aug,11-Aug,12-Aug,4,7,0
Pune,Pune,Pune,Pune,Ambegaon,20017262,Supe,SHERECHIWADI,1089,1,0.00,0.00,0.00,0.00,0.00,0.00,0.00,0.01,0.01,0.00,0.00,0.01,0.01,0.00,06-Aug,07-Aug,08-Aug,09-Aug,10-Aug,11-Aug,12-Aug,06-Aug,07-Aug,08-Aug,09-Aug,10-Aug,11-Aug,12-Aug,3,7,0
Pune,Pune,Pune,Pune,Ambegaon,20017262,Supe,SUPE,5512,2,20402.50,12830.93,11470.61,20958.18,14183.81,24201.48,17578.84,370147.03,232781.76,208102.59,380228.27,257326.09,439069.01,318919.49,06-Aug,07-Aug,08-Aug,09-Aug,10-Aug,11-Aug,12-Aug,06-Aug,07-Aug,08-Aug,09-Aug,10-Aug,11-Aug,12-Aug,0,0,7
Pune,Pune,Pune,Pune,Ambegaon,20017262,Supe,TAMBEWASTI,667,2,0.00,0.30,0.12,0.00,1.11,0.69,0.86,0.01,45.27,17.58,0.01,166.10,103.22,129.45,06-Aug,07-Aug,08-Aug,09-Aug,10-Aug,11-Aug,12-Aug,06-Aug,07-Aug,08-Aug,09-Aug,10-Aug,11-Aug,12-Aug,0,4,3
Pune,Pune,Pune,Pune,Ambegaon,20017262,Supe,VADHANE,1981,3,0.89,1.08,0.95,2.77,0.70,1.79,1.78,44.74,54.59,47.76,139.70,35.23,90.31,90.03,06-Aug,07-Aug,08-Aug,09-Aug,10-Aug,11-Aug,12-Aug,06-Aug,07-Aug,08-Aug,09-Aug,10-Aug,11-Aug,12-Aug,0,4,3
Pune,Pune,Pune,Pune,Ambegaon,20027855,Thopatewadi Late,Bajarangwadi,1748,3,0.00,0.00,0.00,0.00,0.00,0.00,0.00,0.00,0.00,0.00,0.00,0.00,0.00,0.00,06-Aug,07-Aug,08-Aug,09-Aug,10-Aug,11-Aug,12-Aug,06-Aug,07-Aug,08-Aug,09-Aug,10-Aug,11-Aug,12-Aug,7,7,0
Pune,Pune,Pune,Pune,Ambegaon,20027855,Thopatewadi Late,Kurnewadi,1484,2,0.00,0.00,0.00,0.00,0.00,0.00,0.00,0.00,0.00,0.00,0.00,0.00,0.00,0.00,06-Aug,07-Aug,08-Aug,09-Aug,10-Aug,11-Aug,12-Aug,06-Aug,07-Aug,08-Aug,09-Aug,10-Aug,11-Aug,12-Aug,7,7,0
Pune,Pune,Pune,Pune,Ambegaon,20027855,Thopatewadi Late,Late,1222,2,1.32,1.30,1.02,1.00,1.28,0.96,0.86,108.28,106.43,83.79,82.14,104.93,78.26,70.68,06-Aug,07-Aug,08-Aug,09-Aug,10-Aug,11-Aug,12-Aug,06-Aug,07-Aug,08-Aug,09-Aug,10-Aug,11-Aug,12-Aug,0,0,7
Pune,Pune,Pune,Pune,Ambegaon,20027855,Thopatewadi Late,Malwadi,1230,2,0.00,0.02,0.02,0.01,0.01,0.01,0.01,0.00,1.42,1.48,0.74,0.48,1.12,0.96,06-Aug,07-Aug,08-Aug,09-Aug,10-Aug,11-Aug,12-Aug,06-Aug,07-Aug,08-Aug,09-Aug,10-Aug,11-Aug,12-Aug,1,7,0
Pune,Pune,Pune,Pune,Ambegaon,20027855,Thopatewadi Late,Thopatewadi,2118,4,0.00,0.00,0.13,0.00,0.00,0.13,0.00,0.00,0.00,6.31,0.00,0.00,6.34,0.00,06-Aug,07-Aug,08-Aug,09-Aug,10-Aug,11-Aug,12-Aug,06-Aug,07-Aug,08-Aug,09-Aug,10-Aug,11-Aug,12-Aug,5,7,0
Pune,Pune,Pune,Pune,Indapur,20051606,Varodi BK & 2 Villages,Varodi BK,428,3,0.00,143097662272532000000000.00,840437624717782000000000000000000.00,24229236291584000000000.00,131735560419115000000000000.00,3696620.16,0.00,0.00,33434033241245900000000000.00,196363931008828000000000000000000000.00,5661036516725230000000000.00,30779336546522200000000000000.00,863696299.07,0.00,06-Aug,07-Aug,08-Aug,09-Aug,10-Aug,11-Aug,12-Aug,06-Aug,07-Aug,08-Aug,09-Aug,10-Aug,11-Aug,12-Aug,2,2,5
Pune,Pune,Pune,Pune,Indapur,20051606,Varodi BK & 2 Villages,Varodi Kh,723,4,0.01,0.00,0.15,0.09,138.42,916883162117608000000000000000000.00,0.11,1.72,0.00,20.12,12.47,19144.74,126816481620693000000000000000000000.00,14.61,06-Aug,07-Aug,08-Aug,09-Aug,10-Aug,11-Aug,12-Aug,06-Aug,07-Aug,08-Aug,09-Aug,10-Aug,11-Aug,12-Aug,1,5,2
Pune,Pune,Pune,Pune,Khed,20050028,Uddhat,Jambh,1457,3,5.81,0.51,0.88,0.48,0.92,0.48,0.67,398.58,34.84,60.21,32.86,62.84,32.81,46.01,06-Aug,07-Aug,08-Aug,09-Aug,10-Aug,11-Aug,12-Aug,06-Aug,07-Aug,08-Aug,09-Aug,10-Aug,11-Aug,12-Aug,0,4,3
Pune,Pune,Pune,Pune,Khed,20050028,Uddhat,Tavashi,3010,3,9.19,0.50,0.02,0.55,0.12,0.56,0.14,305.44,16.56,0.82,18.24,3.96,18.46,4.73,06-Aug,07-Aug,08-Aug,09-Aug,10-Aug,11-Aug,12-Aug,06-Aug,07-Aug,08-Aug,09-Aug,10-Aug,11-Aug,12-Aug,0,6,1
Pune,Pune,Pune,Pune,Khed,20050028,Uddhat,Thoratwadi,2050,2,0.00,0.01,0.05,0.02,0.01,0.04,0.01,0.00,0.67,2.61,1.15,0.30,1.80,0.51,06-Aug,07-Aug,08-Aug,09-Aug,10-Aug,11-Aug,12-Aug,06-Aug,07-Aug,08-Aug,09-Aug,10-Aug,11-Aug,12-Aug,1,7,0
Pune,Pune,Pune,Pune,Khed,20050028,Uddhat,Uddhat,2780,3,44.50,0.90,1.46,0.70,1.27,0.43,1.11,1600.72,32.42,52.67,25.20,45.72,15.32,40.04,06-Aug,07-Aug,08-Aug,09-Aug,10-Aug,11-Aug,12-Aug,06-Aug,07-Aug,08-Aug,09-Aug,10-Aug,11-Aug,12-Aug,0,6,1
Pune,Pune,Pune,Pune,Khed,20050028,Uddhat,Udnaiwadi,5000,1,18.65,0.11,0.00,0.73,0.06,0.38,0.58,373.10,2.26,0.00,14.63,1.14,7.54,11.62,06-Aug,07-Aug,08-Aug,09-Aug,10-Aug,11-Aug,12-Aug,06-Aug,07-Aug,08-Aug,09-Aug,10-Aug,11-Aug,12-Aug,1,6,1
Pune,Pune,Pune,Pune,Mulshi,20022133,Peth RR,Bhawadi,1529,3,0.00,0.00,0.00,0.00,0.00,0.00,0.00,0.00,0.00,0.00,0.00,0.00,0.00,0.00,06-Aug,07-Aug,08-Aug,09-Aug,10-Aug,11-Aug,12-Aug,06-Aug,07-Aug,08-Aug,09-Aug,10-Aug,11-Aug,12-Aug,7,7,0
Pune,Pune,Pune,Pune,Mulshi,20022133,Peth RR,Karegaon,1749,4,1.49,1.08,0.95,1.42,1.53,0.68,1.38,85.13,61.90,54.14,81.33,87.33,39.04,79.10,06-Aug,07-Aug,08-Aug,09-Aug,10-Aug,11-Aug,12-Aug,06-Aug,07-Aug,08-Aug,09-Aug,10-Aug,11-Aug,12-Aug,0,2,5
Pune,Pune,Pune,Pune,Mulshi,20022133,Peth RR,Kurwandi,2522,7,0.00,0.00,0.00,0.00,0.00,0.00,0.00,0.00,0.00,0.00,0.00,0.00,0.00,0.00,06-Aug,07-Aug,08-Aug,09-Aug,10-Aug,11-Aug,12-Aug,06-Aug,07-Aug,08-Aug,09-Aug,10-Aug,11-Aug,12-Aug,7,7,0
Pune,Pune,Pune,Pune,Mulshi,20022133,Peth RR,Paragaon,4195,10,0.13,0.24,0.00,0.35,0.39,0.27,0.24,3.01,5.62,0.00,8.46,9.32,6.34,5.80,06-Aug,07-Aug,08-Aug,09-Aug,10-Aug,11-Aug,12-Aug,06-Aug,07-Aug,08-Aug,09-Aug,10-Aug,11-Aug,12-Aug,1,7,0
Pune,Pune,Pune,Pune,Mulshi,20022133,Peth RR,Peth,387,6,1.59,1.13,0.82,1.42,2.06,2.34,2.15,411.09,292.46,212.98,366.07,533.34,605.34,555.49,06-Aug,07-Aug,08-Aug,09-Aug,10-Aug,11-Aug,12-Aug,06-Aug,07-Aug,08-Aug,09-Aug,10-Aug,11-Aug,12-Aug,0,0,7
Pune,Pune,Pune,Pune,Mulshi,20022133,Peth RR,Thugaon,778,5,0.34,0.72,0.77,0.46,0.44,0.29,0.32,44.20,92.24,99.22,59.15,56.48,37.69,41.51,06-Aug,07-Aug,08-Aug,09-Aug,10-Aug,11-Aug,12-Aug,06-Aug,07-Aug,08-Aug,09-Aug,10-Aug,11-Aug,12-Aug,0,3,4
Pune,Pune,Pune,Pune,Purandar,20016917,Dive,PAWARWADI,1160,1,0.00,0.00,0.00,0.00,0.00,0.00,0.00,0.00,0.00,0.00,0.00,0.00,0.00,0.00,06-Aug,07-Aug,08-Aug,09-Aug,10-Aug,11-Aug,12-Aug,06-Aug,07-Aug,08-Aug,09-Aug,10-Aug,11-Aug,12-Aug,7,7,0
Pune,Pune,Pune,Pune,Purandar,20027436,Pargaoan Malshiras,Pargaon,3108,2,0.00,0.00,0.00,0.00,0.00,0.00,0.00,0.00,0.00,0.00,0.00,0.00,0.00,0.00,06-Aug,07-Aug,08-Aug,09-Aug,10-Aug,11-Aug,12-Aug,06-Aug,07-Aug,08-Aug,09-Aug,10-Aug,11-Aug,12-Aug,7,7,0
Pune,Pune,Pune,Pune,Purandar,20027436,Pargaoan Malshiras,Rise,1478,2,0.00,6176.85,0.00,0.00,0.00,0.00,9704.97,0.00,417919.49,0.00,0.00,0.00,0.00,656628.55,06-Aug,07-Aug,08-Aug,09-Aug,10-Aug,11-Aug,12-Aug,06-Aug,07-Aug,08-Aug,09-Aug,10-Aug,11-Aug,12-Aug,5,5,2
Pune,Pune,Pune,Pune,Purandar,20027436,Pargaoan Malshiras,Singapur Gaothan,1373,1,0.00,0.00,0.00,0.00,0.00,0.00,0.00,0.00,0.00,0.00,0.00,0.00,0.00,0.00,06-Aug,07-Aug,08-Aug,09-Aug,10-Aug,11-Aug,12-Aug,06-Aug,07-Aug,08-Aug,09-Aug,10-Aug,11-Aug,12-Aug,7,7,0
Pune,Pune,Pune,Pune,Purandar,20027459,Shivari,MUNJEWADI-EKHATAPUR,1651,2,0.00,0.00,0.00,0.00,0.00,0.00,0.00,0.00,0.00,0.00,0.00,0.00,0.00,0.00,06-Aug,07-Aug,08-Aug,09-Aug,10-Aug,11-Aug,12-Aug,06-Aug,07-Aug,08-Aug,09-Aug,10-Aug,11-Aug,12-Aug,7,7,0
Pune,Pune,Pune,Pune,Purandar,20027459,Shivari,SAKURDE GAVTHAN,2692,3,0.03,0.00,0.10,0.76,0.01,0.13,0.69,1.00,0.07,3.87,28.32,0.39,4.70,25.45,06-Aug,07-Aug,08-Aug,09-Aug,10-Aug,11-Aug,12-Aug,06-Aug,07-Aug,08-Aug,09-Aug,10-Aug,11-Aug,12-Aug,0,7,0
Pune,Pune,Pune,Pune,Purandar,20027459,Shivari,SHIVARI,2109,4,0.00,0.00,0.00,0.00,0.00,0.00,0.00,0.00,0.00,0.00,0.00,0.00,0.00,0.00,06-Aug,07-Aug,08-Aug,09-Aug,10-Aug,11-Aug,12-Aug,06-Aug,07-Aug,08-Aug,09-Aug,10-Aug,11-Aug,12-Aug,7,7,0
Pune,Pune,Pune,Satara,Satara,20027924,Shapur Jakatwadi,JAKATWADI,2619,3,2003.28,1603.59,1122.14,876.42,1144.31,638420130199.40,3073259060864450000000000000.00,76490.41,61229.26,42846.26,33463.80,43692.78,24376484543696.10,117344752228501000000000000000.00,06-Aug,07-Aug,08-Aug,09-Aug,10-Aug,11-Aug,12-Aug,06-Aug,07-Aug,08-Aug,09-Aug,10-Aug,11-Aug,12-Aug,0,0,7
Pune,Pune,Pune,Satara,Satara,20027924,Shapur Jakatwadi,SHAHAPUR,972,1,0.00,14.42,0.00,0.00,0.00,0.00,0.00,0.00,1483.75,0.00,0.00,0.00,0.00,0.00,06-Aug,07-Aug,08-Aug,09-Aug,10-Aug,11-Aug,12-Aug,06-Aug,07-Aug,08-Aug,09-Aug,10-Aug,11-Aug,12-Aug,6,6,1
Pune,Pune,Satara,Phaltan,Phaltan,20027892,RR Girvi WSS,Bhadali Bk,787,1,0.00,0.00,0.00,0.00,0.00,0.00,0.00,0.00,0.00,0.00,0.00,0.00,0.00,0.00,06-Aug,07-Aug,08-Aug,09-Aug,10-Aug,11-Aug,12-Aug,06-Aug,07-Aug,08-Aug,09-Aug,10-Aug,11-Aug,12-Aug,7,7,0
Pune,Pune,Satara,Phaltan,Phaltan,20027892,RR Girvi WSS,Bhadali Gouthan,1230,1,0.00,0.00,0.00,0.00,0.00,0.00,0.00,0.00,0.00,0.00,0.00,0.00,0.00,0.00,06-Aug,07-Aug,08-Aug,09-Aug,10-Aug,11-Aug,12-Aug,06-Aug,07-Aug,08-Aug,09-Aug,10-Aug,11-Aug,12-Aug,7,7,0
Pune,Pune,Satara,Phaltan,Phaltan,20027892,RR Girvi WSS,Sonwadi (Bk),1100,1,0.00,28.37,0.00,0.00,0.00,21.89,0.95,0.00,2578.89,0.00,0.00,0.00,1990.12,86.55,06-Aug,07-Aug,08-Aug,09-Aug,10-Aug,11-Aug,12-Aug,06-Aug,07-Aug,08-Aug,09-Aug,10-Aug,11-Aug,12-Aug,4,4,3
Pune,Pune,Satara,Phaltan,Phaltan,20027892,RR Girvi WSS,Tirakwadi,1013,1,0.00,0.00,0.00,0.00,0.00,0.00,0.00,0.00,0.00,0.00,0.00,0.00,0.00,0.00,06-Aug,07-Aug,08-Aug,09-Aug,10-Aug,11-Aug,12-Aug,06-Aug,07-Aug,08-Aug,09-Aug,10-Aug,11-Aug,12-Aug,7,7,0
Pune,Pune,Satara,Phaltan,Phaltan,20027892,RR Girvi WSS,Zirapwadi,1451,1,0.00,0.00,0.00,0.00,0.00,0.00,0.00,0.00,0.00,0.00,0.00,0.00,0.00,0.00,06-Aug,07-Aug,08-Aug,09-Aug,10-Aug,11-Aug,12-Aug,06-Aug,07-Aug,08-Aug,09-Aug,10-Aug,11-Aug,12-Aug,7,7,0
Pune,Pune,Satara,Pune,Phaltan,20019021,Dhuldev Algudewadi,Algudewadi,434,4,0.00,0.00,0.00,0.00,0.00,0.00,0.00,0.00,0.00,0.00,0.00,0.00,0.00,0.00,06-Aug,07-Aug,08-Aug,09-Aug,10-Aug,11-Aug,12-Aug,06-Aug,07-Aug,08-Aug,09-Aug,10-Aug,11-Aug,12-Aug,7,7,0
Pune,Pune,Satara,Pune,Phaltan,20019021,Dhuldev Algudewadi,Dhuldev,434,4,0.00,0.00,0.00,0.00,0.00,0.00,0.00,0.00,0.00,0.00,0.00,0.00,0.00,0.00,06-Aug,07-Aug,08-Aug,09-Aug,10-Aug,11-Aug,12-Aug,06-Aug,07-Aug,08-Aug,09-Aug,10-Aug,11-Aug,12-Aug,7,7,0
Pune,Pune,Satara,Pune,Phaltan,20019031,Hol Khamgaon,HOL,2189,5,0.00,0.00,0.00,0.00,0.00,0.00,0.00,0.00,0.00,0.00,0.00,0.00,0.00,0.00,06-Aug,07-Aug,08-Aug,09-Aug,10-Aug,11-Aug,12-Aug,06-Aug,07-Aug,08-Aug,09-Aug,10-Aug,11-Aug,12-Aug,7,7,0
Pune,Sangli,Sangli,Islampur,Valva,7940233,Peth & two Villages,Golewadi,482,1,0.00,0.00,0.00,0.00,0.00,0.00,0.00,0.00,0.00,0.00,0.00,0.00,0.00,0.00,06-Aug,07-Aug,08-Aug,09-Aug,10-Aug,11-Aug,12-Aug,06-Aug,07-Aug,08-Aug,09-Aug,10-Aug,11-Aug,12-Aug,7,7,0
Pune,Sangli,Sangli,Islampur,Valva,7940233,Peth & two Villages,Peth,11091,3,0.00,4.15,0.00,3.78,0.00,3.97,0.00,0.00,37.41,0.00,34.06,0.00,35.75,0.00,06-Aug,07-Aug,08-Aug,09-Aug,10-Aug,11-Aug,12-Aug,06-Aug,07-Aug,08-Aug,09-Aug,10-Aug,11-Aug,12-Aug,4,7,0
Pune,Sangli,Sangli,Islampur,Valva,7940233,Peth & two Villages,Waghwadi,1161,1,0.39,0.55,0.41,0.81,0.58,0.40,0.48,33.56,46.99,35.32,69.38,50.30,34.57,41.19,06-Aug,07-Aug,08-Aug,09-Aug,10-Aug,11-Aug,12-Aug,06-Aug,07-Aug,08-Aug,09-Aug,10-Aug,11-Aug,12-Aug,0,6,1
Pune,Sangli,Solapur,Solapur,Mangalvedhe,20033593,Andhalgaon and 3 villages,ANDHALEGAON,6159,3,0.00,0.00,0.00,0.00,0.00,0.00,0.00,0.00,0.00,0.00,0.00,0.00,0.00,0.00,06-Aug,07-Aug,08-Aug,09-Aug,10-Aug,11-Aug,12-Aug,06-Aug,07-Aug,08-Aug,09-Aug,10-Aug,11-Aug,12-Aug,7,7,0
Pune,Sangli,Solapur,Solapur,Mangalvedhe,20033593,Andhalgaon and 3 villages,CHOKAMELA,7934,1,0.00,0.00,0.00,0.00,0.00,0.00,0.00,0.00,0.00,0.00,0.00,0.00,0.00,0.00,06-Aug,07-Aug,08-Aug,09-Aug,10-Aug,11-Aug,12-Aug,06-Aug,07-Aug,08-Aug,09-Aug,10-Aug,11-Aug,12-Aug,7,7,0
Pune,Sangli,Solapur,Solapur,Mangalvedhe,20033593,Andhalgaon and 3 villages,LAXMIDHAHIWADI,7253,2,0.00,0.00,0.00,0.00,0.00,0.00,0.00,0.00,0.00,0.00,0.00,0.00,0.00,0.00,06-Aug,07-Aug,08-Aug,09-Aug,10-Aug,11-Aug,12-Aug,06-Aug,07-Aug,08-Aug,09-Aug,10-Aug,11-Aug,12-Aug,7,7,0
Pune,Sangli,Solapur,Solapur,Mohol,20029637,Penur Patkul,Patkul,7358,3,0.00,0.00,0.00,0.74,0.13,0.41,0.00,0.03,0.03,0.00,14.62,0.00,5.61,0.00,06-Aug,07-Aug,08-Aug,09-Aug,10-Aug,11-Aug,12-Aug,06-Aug,07-Aug,08-Aug,09-Aug,10-Aug,11-Aug,12-Aug,3,7,0
Pune,Sangli,Solapur,Solapur,Mohol,20029637,Penur Patkul,Penur,8755,2,0.00,0.00,0.00,0.01,0.01,0.00,0.04,0.00,0.02,0.06,0.06,0.07,0.06,0.46,06-Aug,07-Aug,08-Aug,09-Aug,10-Aug,11-Aug,12-Aug,06-Aug,07-Aug,08-Aug,09-Aug,10-Aug,11-Aug,12-Aug,1,7,0
Pune,Sangli,Solapur,Solapur,Sangola,20027396,Alegaon shirbhavi 82 Village,Ajanale,8051,1,0.24,1.54,1.13,1.36,1.09,0.86,1.13,3.03,19.11,14.02,16.83,13.51,10.63,13.98,06-Aug,07-Aug,08-Aug,09-Aug,10-Aug,11-Aug,12-Aug,06-Aug,07-Aug,08-Aug,09-Aug,10-Aug,11-Aug,12-Aug,0,7,0
Pune,Sangli,Solapur,Solapur,Sangola,20027396,Alegaon shirbhavi 82 Village,Alegaon,4802,1,0.00,0.00,0.00,0.00,0.00,0.00,0.00,0.00,0.00,0.00,0.00,0.00,0.00,0.00,06-Aug,07-Aug,08-Aug,09-Aug,10-Aug,11-Aug,12-Aug,06-Aug,07-Aug,08-Aug,09-Aug,10-Aug,11-Aug,12-Aug,7,7,0
Pune,Sangli,Solapur,Solapur,Sangola,20027396,Alegaon shirbhavi 82 Village,Anakdhal,8599,1,0.00,0.00,0.00,0.00,0.00,0.00,0.00,0.00,0.00,0.00,0.00,0.00,0.00,0.00,06-Aug,07-Aug,08-Aug,09-Aug,10-Aug,11-Aug,12-Aug,06-Aug,07-Aug,08-Aug,09-Aug,10-Aug,11-Aug,12-Aug,7,7,0
Pune,Sangli,Solapur,Solapur,Sangola,20027396,Alegaon shirbhavi 82 Village,Balwadi,2087,1,0.00,1.12,0.90,0.00,1.30,0.00,0.00,0.00,53.73,42.95,0.03,62.08,0.00,0.00,06-Aug,07-Aug,08-Aug,09-Aug,10-Aug,11-Aug,12-Aug,06-Aug,07-Aug,08-Aug,09-Aug,10-Aug,11-Aug,12-Aug,3,6,1
Pune,Sangli,Solapur,Solapur,Sangola,20027396,Alegaon shirbhavi 82 Village,Bhamni,2572,1,0.83,2.36,2.12,1.49,0.00,185.93,0.00,32.46,91.87,82.56,57.75,0.00,7229.06,0.00,06-Aug,07-Aug,08-Aug,09-Aug,10-Aug,11-Aug,12-Aug,06-Aug,07-Aug,08-Aug,09-Aug,10-Aug,11-Aug,12-Aug,2,3,4
Pune,Sangli,Solapur,Solapur,Sangola,20027396,Alegaon shirbhavi 82 Village,Bhopasewadi,2875,1,0.00,0.00,0.00,0.00,0.00,0.00,0.00,0.00,0.00,0.00,0.00,0.00,0.00,0.00,06-Aug,07-Aug,08-Aug,09-Aug,10-Aug,11-Aug,12-Aug,06-Aug,07-Aug,08-Aug,09-Aug,10-Aug,11-Aug,12-Aug,7,7,0
Pune,Sangli,Solapur,Solapur,Sangola,20027396,Alegaon shirbhavi 82 Village,Budhyal,1218,1,3.32,1.14,1.85,1.71,1.75,3.04,1.71,272.88,93.57,152.28,140.53,143.80,249.67,139.99,06-Aug,07-Aug,08-Aug,09-Aug,10-Aug,11-Aug,12-Aug,06-Aug,07-Aug,08-Aug,09-Aug,10-Aug,11-Aug,12-Aug,0,0,7
Pune,Sangli,Solapur,Solapur,Sangola,20027396,Alegaon shirbhavi 82 Village,Burangewadi,4570,1,0.01,0.00,0.00,0.00,0.00,0.00,0.00,0.17,0.00,0.07,0.00,0.00,0.01,0.00,06-Aug,07-Aug,08-Aug,09-Aug,10-Aug,11-Aug,12-Aug,06-Aug,07-Aug,08-Aug,09-Aug,10-Aug,11-Aug,12-Aug,4,7,0
Pune,Sangli,Solapur,Solapur,Sangola,20027396,Alegaon shirbhavi 82 Village,Chincholi Gaon,4045,2,0.08,0.00,0.07,0.05,0.00,0.07,0.00,1.92,0.00,1.62,1.32,0.00,1.66,0.00,06-Aug,07-Aug,08-Aug,09-Aug,10-Aug,11-Aug,12-Aug,06-Aug,07-Aug,08-Aug,09-Aug,10-Aug,11-Aug,12-Aug,3,7,0
Pune,Sangli,Solapur,Solapur,Sangola,20027396,Alegaon shirbhavi 82 Village,Chinke,6814,1,1.88,1.50,2.14,2.02,1.48,1.57,2.20,27.56,22.02,31.35,29.71,21.75,23.04,32.31,06-Aug,07-Aug,08-Aug,09-Aug,10-Aug,11-Aug,12-Aug,06-Aug,07-Aug,08-Aug,09-Aug,10-Aug,11-Aug,12-Aug,0,7,0
Pune,Sangli,Solapur,Solapur,Sangola,20027396,Alegaon shirbhavi 82 Village,Chopadi,3313,1,0.00,0.00,0.00,0.00,0.00,0.00,0.00,0.00,0.00,0.00,0.00,0.00,0.00,0.00,06-Aug,07-Aug,08-Aug,09-Aug,10-Aug,11-Aug,12-Aug,06-Aug,07-Aug,08-Aug,09-Aug,10-Aug,11-Aug,12-Aug,7,7,0
Pune,Sangli,Solapur,Solapur,Sangola,20027396,Alegaon shirbhavi 82 Village,Deole,1568,1,0.00,0.00,0.00,0.00,0.00,0.00,0.00,0.00,0.00,0.00,0.00,0.00,0.00,0.00,06-Aug,07-Aug,08-Aug,09-Aug,10-Aug,11-Aug,12-Aug,06-Aug,07-Aug,08-Aug,09-Aug,10-Aug,11-Aug,12-Aug,7,7,0
Pune,Sangli,Solapur,Solapur,Sangola,20027396,Alegaon shirbhavi 82 Village,Devkate Wadi,1261,1,0.00,0.00,0.00,0.00,0.00,0.00,0.00,0.00,0.00,0.00,0.00,0.00,0.00,0.00,06-Aug,07-Aug,08-Aug,09-Aug,10-Aug,11-Aug,12-Aug,06-Aug,07-Aug,08-Aug,09-Aug,10-Aug,11-Aug,12-Aug,7,7,0
Pune,Sangli,Solapur,Solapur,Sangola,20027396,Alegaon shirbhavi 82 Village,Dhayati,4586,2,0.00,0.00,0.00,0.00,0.00,0.00,0.00,0.00,0.00,0.00,0.00,0.00,0.00,0.00,06-Aug,07-Aug,08-Aug,09-Aug,10-Aug,11-Aug,12-Aug,06-Aug,07-Aug,08-Aug,09-Aug,10-Aug,11-Aug,12-Aug,7,7,0
Pune,Sangli,Solapur,Solapur,Sangola,20027396,Alegaon shirbhavi 82 Village,Dongargaon,4021,1,0.00,0.26,0.00,0.00,0.23,0.00,0.00,0.00,6.57,0.00,0.00,5.71,0.07,0.00,06-Aug,07-Aug,08-Aug,09-Aug,10-Aug,11-Aug,12-Aug,06-Aug,07-Aug,08-Aug,09-Aug,10-Aug,11-Aug,12-Aug,4,7,0
Pune,Sangli,Solapur,Solapur,Sangola,20027396,Alegaon shirbhavi 82 Village,Gaudwadi,1508,1,0.00,0.00,0.00,0.00,0.00,0.00,0.00,0.00,0.00,0.00,0.00,0.00,0.00,0.00,06-Aug,07-Aug,08-Aug,09-Aug,10-Aug,11-Aug,12-Aug,06-Aug,07-Aug,08-Aug,09-Aug,10-Aug,11-Aug,12-Aug,7,7,0
Pune,Sangli,Solapur,Solapur,Sangola,20027396,Alegaon shirbhavi 82 Village,Gayghvan,1603,1,0.00,0.00,0.00,0.00,0.00,0.00,0.00,0.00,0.00,0.00,0.00,0.00,0.00,0.00,06-Aug,07-Aug,08-Aug,09-Aug,10-Aug,11-Aug,12-Aug,06-Aug,07-Aug,08-Aug,09-Aug,10-Aug,11-Aug,12-Aug,7,7,0
Pune,Sangli,Solapur,Solapur,Sangola,20027396,Alegaon shirbhavi 82 Village,Gherdi,2724,2,1.16,0.30,1.07,0.00,3.04,0.00,2.07,42.62,11.09,39.36,0.00,111.61,0.00,76.03,06-Aug,07-Aug,08-Aug,09-Aug,10-Aug,11-Aug,12-Aug,06-Aug,07-Aug,08-Aug,09-Aug,10-Aug,11-Aug,12-Aug,2,5,2
Pune,Sangli,Solapur,Solapur,Sangola,20027396,Alegaon shirbhavi 82 Village,Godasewadi,2730,1,0.60,0.99,0.62,0.91,0.00,0.61,0.84,22.08,36.33,22.79,33.34,0.00,22.34,30.84,06-Aug,07-Aug,08-Aug,09-Aug,10-Aug,11-Aug,12-Aug,06-Aug,07-Aug,08-Aug,09-Aug,10-Aug,11-Aug,12-Aug,1,7,0
Pune,Sangli,Solapur,Solapur,Sangola,20027396,Alegaon shirbhavi 82 Village,Hatid,1057,1,0.34,1.54,0.31,0.51,0.25,1.50,0.35,31.99,145.83,29.78,48.05,24.09,141.66,33.23,06-Aug,07-Aug,08-Aug,09-Aug,10-Aug,11-Aug,12-Aug,06-Aug,07-Aug,08-Aug,09-Aug,10-Aug,11-Aug,12-Aug,0,5,2
Pune,Sangli,Solapur,Solapur,Sangola,20027396,Alegaon shirbhavi 82 Village,Javala,1703,2,0.18,3.15,3.08,3.17,3.29,2.95,2.69,10.29,184.90,181.05,186.14,192.98,173.14,157.96,06-Aug,07-Aug,08-Aug,09-Aug,10-Aug,11-Aug,12-Aug,06-Aug,07-Aug,08-Aug,09-Aug,10-Aug,11-Aug,12-Aug,0,1,6
Pune,Sangli,Solapur,Solapur,Sangola,20027396,Alegaon shirbhavi 82 Village,Junoni,4895,1,0.00,0.00,0.00,0.00,0.00,0.00,0.00,0.00,0.00,0.00,0.00,0.00,0.00,0.00,06-Aug,07-Aug,08-Aug,09-Aug,10-Aug,11-Aug,12-Aug,06-Aug,07-Aug,08-Aug,09-Aug,10-Aug,11-Aug,12-Aug,7,7,0
Pune,Sangli,Solapur,Solapur,Sangola,20027396,Alegaon shirbhavi 82 Village,Kamlapur,1541,1,0.00,0.00,0.00,0.00,0.00,0.00,0.00,0.00,0.00,0.00,0.00,0.00,0.00,0.00,06-Aug,07-Aug,08-Aug,09-Aug,10-Aug,11-Aug,12-Aug,06-Aug,07-Aug,08-Aug,09-Aug,10-Aug,11-Aug,12-Aug,7,7,0
Pune,Sangli,Solapur,Solapur,Sangola,20027396,Alegaon shirbhavi 82 Village,Karandewadi,1870,2,1.11,1.77,0.00,1.15,0.72,0.18,1.93,59.32,94.43,0.00,61.43,38.61,9.74,103.11,06-Aug,07-Aug,08-Aug,09-Aug,10-Aug,11-Aug,12-Aug,06-Aug,07-Aug,08-Aug,09-Aug,10-Aug,11-Aug,12-Aug,1,3,4
Pune,Sangli,Solapur,Solapur,Sangola,20027396,Alegaon shirbhavi 82 Village,Khilarwadi,2046,1,0.00,0.70,0.00,0.00,0.00,0.00,0.63,0.00,34.46,0.00,0.00,0.00,0.00,30.65,06-Aug,07-Aug,08-Aug,09-Aug,10-Aug,11-Aug,12-Aug,06-Aug,07-Aug,08-Aug,09-Aug,10-Aug,11-Aug,12-Aug,5,7,0
Pune,Sangli,Solapur,Solapur,Sangola,20027396,Alegaon shirbhavi 82 Village,Kidabisari,2657,1,0.00,0.00,0.00,0.00,0.00,0.00,0.00,0.00,0.00,0.00,0.00,0.00,0.00,0.00,06-Aug,07-Aug,08-Aug,09-Aug,10-Aug,11-Aug,12-Aug,06-Aug,07-Aug,08-Aug,09-Aug,10-Aug,11-Aug,12-Aug,7,7,0
Pune,Sangli,Solapur,Solapur,Sangola,20027396,Alegaon shirbhavi 82 Village,Kolegaon,2922,1,0.00,0.00,0.00,0.00,0.00,0.00,0.00,0.00,0.00,0.00,0.00,0.00,0.00,0.00,06-Aug,07-Aug,08-Aug,09-Aug,10-Aug,11-Aug,12-Aug,06-Aug,07-Aug,08-Aug,09-Aug,10-Aug,11-Aug,12-Aug,7,7,0
Pune,Sangli,Solapur,Solapur,Sangola,20027396,Alegaon shirbhavi 82 Village,LaxmiNagar,3031,1,0.00,1.68,1.11,1.24,1.42,1.87,1.48,0.00,55.30,36.77,40.78,46.75,61.76,48.85,06-Aug,07-Aug,08-Aug,09-Aug,10-Aug,11-Aug,12-Aug,06-Aug,07-Aug,08-Aug,09-Aug,10-Aug,11-Aug,12-Aug,1,5,2
Pune,Sangli,Solapur,Solapur,Sangola,20027396,Alegaon shirbhavi 82 Village,Lonavire,3490,1,0.04,1.72,0.73,0.32,0.01,1.93,0.83,1.16,49.17,20.96,9.27,0.31,55.39,23.89,06-Aug,07-Aug,08-Aug,09-Aug,10-Aug,11-Aug,12-Aug,06-Aug,07-Aug,08-Aug,09-Aug,10-Aug,11-Aug,12-Aug,0,6,1
Pune,Sangli,Solapur,Solapur,Sangola,20027396,Alegaon shirbhavi 82 Village,Mahim,4407,1,2.63,2.34,2.12,1.84,1.97,2.22,1.86,59.76,53.04,48.00,41.67,44.77,50.32,42.26,06-Aug,07-Aug,08-Aug,09-Aug,10-Aug,11-Aug,12-Aug,06-Aug,07-Aug,08-Aug,09-Aug,10-Aug,11-Aug,12-Aug,0,6,1
Pune,Sangli,Solapur,Solapur,Sangola,20027396,Alegaon shirbhavi 82 Village,Manjari,3049,1,0.00,0.00,0.00,0.00,0.00,0.00,0.00,0.00,0.00,0.00,0.00,0.00,0.00,0.00,06-Aug,07-Aug,08-Aug,09-Aug,10-Aug,11-Aug,12-Aug,06-Aug,07-Aug,08-Aug,09-Aug,10-Aug,11-Aug,12-Aug,7,7,0
Pune,Sangli,Solapur,Solapur,Sangola,20027396,Alegaon shirbhavi 82 Village,Metakar wadi,1286,2,1.64,0.99,2.05,1.79,2.16,0.45,2.40,127.85,77.14,159.37,139.34,167.63,34.80,186.85,06-Aug,07-Aug,08-Aug,09-Aug,10-Aug,11-Aug,12-Aug,06-Aug,07-Aug,08-Aug,09-Aug,10-Aug,11-Aug,12-Aug,0,1,6
Pune,Sangli,Solapur,Solapur,Sangola,20027396,Alegaon shirbhavi 82 Village,Nazare,1231,1,0.00,0.00,0.00,0.00,0.00,0.00,0.00,0.00,0.00,0.00,0.00,0.00,0.00,0.00,06-Aug,07-Aug,08-Aug,09-Aug,10-Aug,11-Aug,12-Aug,06-Aug,07-Aug,08-Aug,09-Aug,10-Aug,11-Aug,12-Aug,7,7,0
Pune,Sangli,Solapur,Solapur,Sangola,20027396,Alegaon shirbhavi 82 Village,Nizampur,3731,1,0.67,0.11,1.11,0.00,0.00,0.85,0.92,17.92,2.83,29.79,0.00,0.00,22.85,24.61,06-Aug,07-Aug,08-Aug,09-Aug,10-Aug,11-Aug,12-Aug,06-Aug,07-Aug,08-Aug,09-Aug,10-Aug,11-Aug,12-Aug,2,7,0
Pune,Sangli,Solapur,Solapur,Sangola,20027396,Alegaon shirbhavi 82 Village,Pachegaon BK,3466,1,0.00,0.00,0.00,0.00,0.00,0.00,0.00,0.00,0.00,0.00,0.00,0.00,0.00,0.00,06-Aug,07-Aug,08-Aug,09-Aug,10-Aug,11-Aug,12-Aug,06-Aug,07-Aug,08-Aug,09-Aug,10-Aug,11-Aug,12-Aug,7,7,0
Pune,Sangli,Solapur,Solapur,Sangola,20027396,Alegaon shirbhavi 82 Village,Rajuri,5234,1,0.65,1.87,1.18,0.00,0.00,0.92,2.41,12.50,35.77,22.53,0.00,0.00,17.58,46.01,06-Aug,07-Aug,08-Aug,09-Aug,10-Aug,11-Aug,12-Aug,06-Aug,07-Aug,08-Aug,09-Aug,10-Aug,11-Aug,12-Aug,2,7,0
Pune,Sangli,Solapur,Solapur,Sangola,20027396,Alegaon shirbhavi 82 Village,Sange wadi,2604,1,0.00,0.00,0.00,0.00,0.00,0.00,0.00,0.00,0.00,0.00,0.00,0.00,0.00,0.00,06-Aug,07-Aug,08-Aug,09-Aug,10-Aug,11-Aug,12-Aug,06-Aug,07-Aug,08-Aug,09-Aug,10-Aug,11-Aug,12-Aug,7,7,0
Pune,Sangli,Solapur,Solapur,Sangola,20027396,Alegaon shirbhavi 82 Village,shirbavi,4215,1,0.00,0.00,0.00,0.00,0.00,0.00,0.00,0.00,0.00,0.00,0.00,0.00,0.00,0.00,06-Aug,07-Aug,08-Aug,09-Aug,10-Aug,11-Aug,12-Aug,06-Aug,07-Aug,08-Aug,09-Aug,10-Aug,11-Aug,12-Aug,7,7,0
Pune,Sangli,Solapur,Solapur,Sangola,20027396,Alegaon shirbhavi 82 Village,shivane,4007,2,0.37,0.00,0.00,28.40,21.82,0.34,0.32,9.18,0.00,0.00,708.64,544.57,8.47,8.07,06-Aug,07-Aug,08-Aug,09-Aug,10-Aug,11-Aug,12-Aug,06-Aug,07-Aug,08-Aug,09-Aug,10-Aug,11-Aug,12-Aug,2,5,2
Pune,Sangli,Solapur,Solapur,Sangola,20027396,Alegaon shirbhavi 82 Village,Somewadi,1624,1,1.07,0.36,0.74,0.00,1.13,0.55,0.33,65.71,22.03,45.78,0.00,69.58,34.10,20.08,06-Aug,07-Aug,08-Aug,09-Aug,10-Aug,11-Aug,12-Aug,06-Aug,07-Aug,08-Aug,09-Aug,10-Aug,11-Aug,12-Aug,1,5,2
Pune,Sangli,Solapur,Solapur,Sangola,20027396,Alegaon shirbhavi 82 Village,Sonanad,1492,1,1.57,2.06,1.25,2.13,0.88,2.43,0.00,104.99,138.06,83.55,142.54,58.85,163.12,0.03,06-Aug,07-Aug,08-Aug,09-Aug,10-Aug,11-Aug,12-Aug,06-Aug,07-Aug,08-Aug,09-Aug,10-Aug,11-Aug,12-Aug,0,1,6
Pune,Sangli,Solapur,Solapur,Sangola,20027396,Alegaon shirbhavi 82 Village,Tarangewadi,1703,2,0.66,0.41,0.79,0.59,0.63,0.81,0.78,38.57,23.80,46.13,34.58,37.07,47.60,45.73,06-Aug,07-Aug,08-Aug,09-Aug,10-Aug,11-Aug,12-Aug,06-Aug,07-Aug,08-Aug,09-Aug,10-Aug,11-Aug,12-Aug,0,7,0
Pune,Sangli,Solapur,Solapur,Sangola,20027396,Alegaon shirbhavi 82 Village,Udenwadi,1834,1,0.00,0.00,0.00,0.00,0.00,0.00,0.00,0.00,0.00,0.00,0.00,0.00,0.00,0.00,06-Aug,07-Aug,08-Aug,09-Aug,10-Aug,11-Aug,12-Aug,06-Aug,07-Aug,08-Aug,09-Aug,10-Aug,11-Aug,12-Aug,7,7,0
Pune,Sangli,Solapur,Solapur,Sangola,20027396,Alegaon shirbhavi 82 Village,Vasud,3297,1,0.00,0.00,0.00,0.00,0.00,0.00,0.00,0.00,0.00,0.00,0.00,0.00,0.00,0.00,06-Aug,07-Aug,08-Aug,09-Aug,10-Aug,11-Aug,12-Aug,06-Aug,07-Aug,08-Aug,09-Aug,10-Aug,11-Aug,12-Aug,7,7,0
Pune,Sangli,Solapur,Solapur,Sangola,20027396,Alegaon shirbhavi 82 Village,Vazare,1954,1,0.00,18.50,0.00,0.00,0.00,36.38,17.26,0.00,946.73,0.00,0.00,0.00,1861.93,883.22,06-Aug,07-Aug,08-Aug,09-Aug,10-Aug,11-Aug,12-Aug,06-Aug,07-Aug,08-Aug,09-Aug,10-Aug,11-Aug,12-Aug,4,4,3
Pune,Sangli,Solapur,Solapur,Sangola,20027396,Alegaon shirbhavi 82 Village,Wadegaon,6374,1,0.00,0.00,0.00,0.00,0.00,0.00,0.00,0.00,0.00,0.00,0.00,0.00,0.00,0.00,06-Aug,07-Aug,08-Aug,09-Aug,10-Aug,11-Aug,12-Aug,06-Aug,07-Aug,08-Aug,09-Aug,10-Aug,11-Aug,12-Aug,7,7,0
Pune,Sangli,Solapur,Solapur,Sangola,20027396,Alegaon shirbhavi 82 Village,waki,2173,4,0.04,105.63,0.07,0.05,0.10,0.18,1.60,1.95,4860.84,3.17,2.14,4.63,8.15,73.52,06-Aug,07-Aug,08-Aug,09-Aug,10-Aug,11-Aug,12-Aug,06-Aug,07-Aug,08-Aug,09-Aug,10-Aug,11-Aug,12-Aug,0,5,2
Pune,Sangli,Solapur,Solapur,Sangola,20027396,Alegaon shirbhavi 82 Village,Watambare,2228,1,1.18,2.08,1.74,1.93,1.85,1.95,1.72,53.00,93.15,78.28,86.58,83.19,87.71,77.20,06-Aug,07-Aug,08-Aug,09-Aug,10-Aug,11-Aug,12-Aug,06-Aug,07-Aug,08-Aug,09-Aug,10-Aug,11-Aug,12-Aug,0,1,6
Pune,Sangli,Solapur,Solapur,Sangola,20027396,Alegaon shirbhavi 82 Village,Y Mangewad,2525,1,0.13,0.00,0.00,0.13,0.00,0.00,0.00,5.11,0.00,0.00,5.34,0.00,0.00,0.00,06-Aug,07-Aug,08-Aug,09-Aug,10-Aug,11-Aug,12-Aug,06-Aug,07-Aug,08-Aug,09-Aug,10-Aug,11-Aug,12-Aug,5,7,0
Konkan,Palghar,Palghar,Palghar,Dahanu,4918426,BADA POKHARAN RETROFITTING RPWSS,Asangaon,2246,1,2.73,3.93,2.18,5.64,5.84,4.09,4.14,121.43,175.04,97.12,251.15,259.93,181.90,184.40,06-Aug,07-Aug,08-Aug,09-Aug,10-Aug,11-Aug,12-Aug,06-Aug,07-Aug,08-Aug,09-Aug,10-Aug,11-Aug,12-Aug,0,0,7
Konkan,Palghar,Palghar,Palghar,Dahanu,4918426,BADA POKHARAN RETROFITTING RPWSS,Asangaon Dandipada,688,2,0.00,1.58,0.00,0.00,1.97,0.52,5.13,0.00,229.13,0.00,0.06,286.75,75.48,746.21,06-Aug,07-Aug,08-Aug,09-Aug,10-Aug,11-Aug,12-Aug,06-Aug,07-Aug,08-Aug,09-Aug,10-Aug,11-Aug,12-Aug,2,3,4
Konkan,Palghar,Palghar,Palghar,Dahanu,4918426,BADA POKHARAN RETROFITTING RPWSS,Bada Pokharan,1971,1,1.80,0.00,0.00,1.70,1.36,0.00,1.49,91.29,0.08,0.00,86.28,69.10,0.00,75.60,06-Aug,07-Aug,08-Aug,09-Aug,10-Aug,11-Aug,12-Aug,06-Aug,07-Aug,08-Aug,09-Aug,10-Aug,11-Aug,12-Aug,2,3,4
Konkan,Palghar,Palghar,Palghar,Dahanu,4918426,BADA POKHARAN RETROFITTING RPWSS,Bavade,545,1,0.52,0.75,0.51,0.00,0.35,1.51,0.61,96.19,138.01,93.63,0.00,63.95,276.27,112.73,06-Aug,07-Aug,08-Aug,09-Aug,10-Aug,11-Aug,12-Aug,06-Aug,07-Aug,08-Aug,09-Aug,10-Aug,11-Aug,12-Aug,1,1,6
Konkan,Palghar,Palghar,Palghar,Dahanu,4918426,BADA POKHARAN RETROFITTING RPWSS,Chandigaon,1352,1,1.78,1.86,0.00,2.13,1.35,1.72,1.76,131.67,137.88,0.00,157.33,100.16,127.37,129.95,06-Aug,07-Aug,08-Aug,09-Aug,10-Aug,11-Aug,12-Aug,06-Aug,07-Aug,08-Aug,09-Aug,10-Aug,11-Aug,12-Aug,1,1,6
Konkan,Palghar,Palghar,Palghar,Dahanu,4918426,BADA POKHARAN RETROFITTING RPWSS,Chinchani,4890,4,26.92,1.36,25.35,2.73,6.21,27.63,2.41,550.55,27.83,518.37,55.89,127.03,565.06,49.28,06-Aug,07-Aug,08-Aug,09-Aug,10-Aug,11-Aug,12-Aug,06-Aug,07-Aug,08-Aug,09-Aug,10-Aug,11-Aug,12-Aug,0,2,5
Konkan,Palghar,Palghar,Palghar,Dahanu,4918426,BADA POKHARAN RETROFITTING RPWSS,Dedale,149,1,0.00,0.00,0.00,0.00,0.00,0.00,0.00,0.00,0.00,0.00,0.00,0.00,0.00,0.00,06-Aug,07-Aug,08-Aug,09-Aug,10-Aug,11-Aug,12-Aug,06-Aug,07-Aug,08-Aug,09-Aug,10-Aug,11-Aug,12-Aug,7,7,0
Konkan,Palghar,Palghar,Palghar,Dahanu,4918426,BADA POKHARAN RETROFITTING RPWSS,Dhakti Dahanu,5483,2,6.76,5.37,5.13,1.77,2.64,3.74,4.37,123.33,97.90,93.64,32.27,48.22,68.20,79.79,06-Aug,07-Aug,08-Aug,09-Aug,10-Aug,11-Aug,12-Aug,06-Aug,07-Aug,08-Aug,09-Aug,10-Aug,11-Aug,12-Aug,0,2,5
Konkan,Palghar,Palghar,Palghar,Dahanu,4918426,BADA POKHARAN RETROFITTING RPWSS,Dhumket,2198,1,1.07,1.24,1.65,1.83,1.03,2.50,1.51,48.85,56.58,75.10,83.11,46.82,113.92,68.57,06-Aug,07-Aug,08-Aug,09-Aug,10-Aug,11-Aug,12-Aug,06-Aug,07-Aug,08-Aug,09-Aug,10-Aug,11-Aug,12-Aug,0,2,5
Konkan,Palghar,Palghar,Palghar,Dahanu,4918426,BADA POKHARAN RETROFITTING RPWSS,Gowane,2872,1,5.35,6.97,0.99,5.99,4.94,4.32,4.82,186.22,242.69,34.40,208.48,171.87,150.47,167.69,06-Aug,07-Aug,08-Aug,09-Aug,10-Aug,11-Aug,12-Aug,06-Aug,07-Aug,08-Aug,09-Aug,10-Aug,11-Aug,12-Aug,0,1,6
Konkan,Palghar,Palghar,Palghar,Dahanu,4918426,BADA POKHARAN RETROFITTING RPWSS,Gungavade,1328,1,1.44,0.78,1.02,1.36,2.15,2.15,2.30,108.50,58.63,77.00,102.22,162.26,162.14,173.10,06-Aug,07-Aug,08-Aug,09-Aug,10-Aug,11-Aug,12-Aug,06-Aug,07-Aug,08-Aug,09-Aug,10-Aug,11-Aug,12-Aug,0,0,7
Konkan,Palghar,Palghar,Palghar,Dahanu,4918426,BADA POKHARAN RETROFITTING RPWSS,Kambode,300,2,0.37,2.85,0.17,1.15,2.00,0.33,2.83,123.44,948.79,57.80,384.04,668.19,108.52,944.43,06-Aug,07-Aug,08-Aug,09-Aug,10-Aug,11-Aug,12-Aug,06-Aug,07-Aug,08-Aug,09-Aug,10-Aug,11-Aug,12-Aug,0,0,7
Konkan,Palghar,Palghar,Palghar,Dahanu,4918426,BADA POKHARAN RETROFITTING RPWSS,Kapshi,1439,1,1.29,1.71,1.09,1.67,1.07,1.89,1.94,89.59,118.78,76.06,116.15,74.40,131.64,134.83,06-Aug,07-Aug,08-Aug,09-Aug,10-Aug,11-Aug,12-Aug,06-Aug,07-Aug,08-Aug,09-Aug,10-Aug,11-Aug,12-Aug,0,0,7
Konkan,Palghar,Palghar,Palghar,Dahanu,4918426,BADA POKHARAN RETROFITTING RPWSS,Ketkhadi,472,1,0.56,0.71,0.00,0.80,0.81,0.69,0.67,118.98,150.93,0.00,169.78,170.63,145.57,142.48,06-Aug,07-Aug,08-Aug,09-Aug,10-Aug,11-Aug,12-Aug,06-Aug,07-Aug,08-Aug,09-Aug,10-Aug,11-Aug,12-Aug,1,1,6
Konkan,Palghar,Palghar,Palghar,Dahanu,4918426,BADA POKHARAN RETROFITTING RPWSS,Kolavali- 1,1864,1,3.00,2.80,3.49,1.39,3.56,4.26,4.59,160.70,150.31,187.08,74.63,190.99,228.77,246.48,06-Aug,07-Aug,08-Aug,09-Aug,10-Aug,11-Aug,12-Aug,06-Aug,07-Aug,08-Aug,09-Aug,10-Aug,11-Aug,12-Aug,0,0,7
Konkan,Palghar,Palghar,Palghar,Dahanu,4918426,BADA POKHARAN RETROFITTING RPWSS,Kotim,316,1,0.00,0.00,0.00,4.52,2.09,0.02,1.92,0.02,0.01,1.10,1430.70,662.68,5.55,606.07,06-Aug,07-Aug,08-Aug,09-Aug,10-Aug,11-Aug,12-Aug,06-Aug,07-Aug,08-Aug,09-Aug,10-Aug,11-Aug,12-Aug,0,4,3
Konkan,Palghar,Palghar,Palghar,Dahanu,4918426,BADA POKHARAN RETROFITTING RPWSS,Matgaon,1282,2,1.37,0.22,2.30,1.73,0.64,2.41,1.73,106.52,16.90,179.64,135.03,49.77,188.23,134.79,06-Aug,07-Aug,08-Aug,09-Aug,10-Aug,11-Aug,12-Aug,06-Aug,07-Aug,08-Aug,09-Aug,10-Aug,11-Aug,12-Aug,0,2,5
Konkan,Palghar,Palghar,Palghar,Dahanu,4918426,BADA POKHARAN RETROFITTING RPWSS,Pokharan,621,1,0.00,0.00,0.00,0.00,0.00,0.00,0.00,0.00,0.00,0.00,0.00,0.00,0.00,0.00,06-Aug,07-Aug,08-Aug,09-Aug,10-Aug,11-Aug,12-Aug,06-Aug,07-Aug,08-Aug,09-Aug,10-Aug,11-Aug,12-Aug,7,7,0
Konkan,Palghar,Palghar,Palghar,Dahanu,4918426,BADA POKHARAN RETROFITTING RPWSS,Sawarai,260,2,0.11,1.27,0.00,0.56,0.06,0.15,1.12,41.68,488.43,0.00,216.78,21.36,56.31,431.17,06-Aug,07-Aug,08-Aug,09-Aug,10-Aug,11-Aug,12-Aug,06-Aug,07-Aug,08-Aug,09-Aug,10-Aug,11-Aug,12-Aug,1,3,4
Konkan,Palghar,Palghar,Palghar,Dahanu,4918426,BADA POKHARAN RETROFITTING RPWSS,Tadiyale,1490,1,0.00,0.00,0.00,0.00,0.00,0.00,0.00,0.00,0.00,0.02,0.01,0.00,0.00,0.00,06-Aug,07-Aug,08-Aug,09-Aug,10-Aug,11-Aug,12-Aug,06-Aug,07-Aug,08-Aug,09-Aug,10-Aug,11-Aug,12-Aug,5,7,0
Konkan,Palghar,Palghar,Palghar,Dahanu,4918426,BADA POKHARAN RETROFITTING RPWSS,Tanashi,1208,1,0.00,0.00,0.00,0.00,0.00,0.00,0.00,0.00,0.00,0.00,0.00,0.00,0.00,0.00,06-Aug,07-Aug,08-Aug,09-Aug,10-Aug,11-Aug,12-Aug,06-Aug,07-Aug,08-Aug,09-Aug,10-Aug,11-Aug,12-Aug,7,7,0
Konkan,Palghar,Palghar,Palghar,Dahanu,4918426,BADA POKHARAN RETROFITTING RPWSS,Tarapur,6238,1,0.00,0.00,0.00,0.00,0.00,0.00,0.00,0.00,0.00,0.00,0.00,0.00,0.00,0.00,06-Aug,07-Aug,08-Aug,09-Aug,10-Aug,11-Aug,12-Aug,06-Aug,07-Aug,08-Aug,09-Aug,10-Aug,11-Aug,12-Aug,7,7,0
Konkan,Palghar,Palghar,Palghar,Dahanu,4918426,BADA POKHARAN RETROFITTING RPWSS,Tighare ada,1012,1,0.00,0.00,0.00,0.00,0.00,0.00,0.00,0.00,0.00,0.00,0.00,0.00,0.00,0.00,06-Aug,07-Aug,08-Aug,09-Aug,10-Aug,11-Aug,12-Aug,06-Aug,07-Aug,08-Aug,09-Aug,10-Aug,11-Aug,12-Aug,7,7,0
Konkan,Palghar,Palghar,Palghar,Dahanu,4918426,BADA POKHARAN RETROFITTING RPWSS,Vangaon,7617,4,1.33,1.42,0.00,1.72,1.37,1.50,1.23,17.45,18.67,0.00,22.54,17.97,19.69,16.15,06-Aug,07-Aug,08-Aug,09-Aug,10-Aug,11-Aug,12-Aug,06-Aug,07-Aug,08-Aug,09-Aug,10-Aug,11-Aug,12-Aug,1,7,0
Konkan,Palghar,Palghar,Palghar,Dahanu,4918426,BADA POKHARAN RETROFITTING RPWSS,Varor,4090,2,0.00,0.00,0.00,0.04,0.00,0.08,0.05,0.00,0.00,0.00,0.92,0.00,1.90,1.21,06-Aug,07-Aug,08-Aug,09-Aug,10-Aug,11-Aug,12-Aug,06-Aug,07-Aug,08-Aug,09-Aug,10-Aug,11-Aug,12-Aug,4,7,0
Konkan,Palghar,Palghar,Palghar,Dahanu,4918426,BADA POKHARAN RETROFITTING RPWSS,Vasgaon,1396,1,0.72,0.90,2.15,0.65,1.19,0.89,0.47,51.92,64.62,153.84,46.28,85.30,63.60,33.98,06-Aug,07-Aug,08-Aug,09-Aug,10-Aug,11-Aug,12-Aug,06-Aug,07-Aug,08-Aug,09-Aug,10-Aug,11-Aug,12-Aug,0,3,4
Konkan,Palghar,Palghar,Palghar,Dahanu,4918426,BADA POKHARAN RETROFITTING RPWSS,Wadhavan,1278,1,0.00,0.00,0.00,0.00,0.00,0.00,0.00,0.00,0.00,0.00,0.00,0.00,0.00,0.00,06-Aug,07-Aug,08-Aug,09-Aug,10-Aug,11-Aug,12-Aug,06-Aug,07-Aug,08-Aug,09-Aug,10-Aug,11-Aug,12-Aug,7,7,0
Konkan,Palghar,Palghar,Palghar,Dahanu,4918426,BADA POKHARAN RETROFITTING RPWSS,Wadhwan,1278,1,0.00,0.00,0.00,0.00,0.00,0.00,0.00,0.00,0.02,0.00,0.00,0.01,0.00,0.00,06-Aug,07-Aug,08-Aug,09-Aug,10-Aug,11-Aug,12-Aug,06-Aug,07-Aug,08-Aug,09-Aug,10-Aug,11-Aug,12-Aug,5,7,0
Konkan,Palghar,Palghar,Palghar,Mokhada,20028070,"MOKHADA TALUKA 58 VILLAGES R.R.W.S. SCHEME, TAL -MOKHADA",Ambyachapada Saturly,205,1,0.00,0.00,0.00,0.00,0.00,0.00,0.00,0.08,0.00,0.00,0.00,0.00,1.09,1.25,06-Aug,07-Aug,08-Aug,09-Aug,10-Aug,11-Aug,12-Aug,06-Aug,07-Aug,08-Aug,09-Aug,10-Aug,11-Aug,12-Aug,4,7,0
Konkan,Palghar,Palghar,Palghar,Mokhada,20028070,"MOKHADA TALUKA 58 VILLAGES R.R.W.S. SCHEME, TAL -MOKHADA",Botoshi,140,4,0.00,0.14,0.02,0.02,0.05,0.03,0.05,0.00,97.24,12.90,10.85,34.63,19.72,39.19,06-Aug,07-Aug,08-Aug,09-Aug,10-Aug,11-Aug,12-Aug,06-Aug,07-Aug,08-Aug,09-Aug,10-Aug,11-Aug,12-Aug,1,6,1
Konkan,Palghar,Palghar,Palghar,Mokhada,20028070,"MOKHADA TALUKA 58 VILLAGES R.R.W.S. SCHEME, TAL -MOKHADA",Brahmagaon,1078,1,0.00,0.00,0.00,0.00,0.00,0.00,0.00,0.00,0.00,0.00,0.00,0.00,0.00,0.00,06-Aug,07-Aug,08-Aug,09-Aug,10-Aug,11-Aug,12-Aug,06-Aug,07-Aug,08-Aug,09-Aug,10-Aug,11-Aug,12-Aug,7,7,0
Konkan,Palghar,Palghar,Palghar,Mokhada,20028070,"MOKHADA TALUKA 58 VILLAGES R.R.W.S. SCHEME, TAL -MOKHADA",Charangaon,669,1,0.32,0.50,0.50,0.52,0.51,0.53,0.51,48.49,74.37,74.35,78.16,75.84,79.89,76.97,06-Aug,07-Aug,08-Aug,09-Aug,10-Aug,11-Aug,12-Aug,06-Aug,07-Aug,08-Aug,09-Aug,10-Aug,11-Aug,12-Aug,0,1,6
Konkan,Palghar,Palghar,Palghar,Mokhada,20028070,"MOKHADA TALUKA 58 VILLAGES R.R.W.S. SCHEME, TAL -MOKHADA",Chas,1003,1,0.00,0.00,0.00,0.00,0.00,0.00,0.00,0.00,0.00,0.00,0.00,0.00,0.00,0.00,06-Aug,07-Aug,08-Aug,09-Aug,10-Aug,11-Aug,12-Aug,06-Aug,07-Aug,08-Aug,09-Aug,10-Aug,11-Aug,12-Aug,7,7,0
Konkan,Palghar,Palghar,Palghar,Mokhada,20028070,"MOKHADA TALUKA 58 VILLAGES R.R.W.S. SCHEME, TAL -MOKHADA",Dandwal,446,1,0.00,0.00,0.00,0.00,0.00,0.00,0.00,0.00,0.00,0.00,0.00,0.00,0.00,0.00,06-Aug,07-Aug,08-Aug,09-Aug,10-Aug,11-Aug,12-Aug,06-Aug,07-Aug,08-Aug,09-Aug,10-Aug,11-Aug,12-Aug,7,7,0
Konkan,Palghar,Palghar,Palghar,Mokhada,20028070,"MOKHADA TALUKA 58 VILLAGES R.R.W.S. SCHEME, TAL -MOKHADA",Dhudgaon,1819,1,0.00,0.27,0.05,0.00,0.00,0.00,0.22,0.00,14.99,2.56,0.00,0.00,0.00,11.93,06-Aug,07-Aug,08-Aug,09-Aug,10-Aug,11-Aug,12-Aug,06-Aug,07-Aug,08-Aug,09-Aug,10-Aug,11-Aug,12-Aug,4,7,0
Konkan,Palghar,Palghar,Palghar,Mokhada,20028070,"MOKHADA TALUKA 58 VILLAGES R.R.W.S. SCHEME, TAL -MOKHADA",Dolhare,612,2,0.00,0.00,0.00,0.00,0.00,0.00,0.00,0.00,0.00,0.00,0.00,0.00,0.00,0.00,06-Aug,07-Aug,08-Aug,09-Aug,10-Aug,11-Aug,12-Aug,06-Aug,07-Aug,08-Aug,09-Aug,10-Aug,11-Aug,12-Aug,7,7,0
Konkan,Palghar,Palghar,Palghar,Mokhada,20028070,"MOKHADA TALUKA 58 VILLAGES R.R.W.S. SCHEME, TAL -MOKHADA",Dongarwadi,542,1,0.30,0.28,0.00,0.00,0.00,0.19,0.13,55.49,52.53,0.29,0.00,0.00,35.29,23.53,06-Aug,07-Aug,08-Aug,09-Aug,10-Aug,11-Aug,12-Aug,06-Aug,07-Aug,08-Aug,09-Aug,10-Aug,11-Aug,12-Aug,2,6,1
Konkan,Palghar,Palghar,Palghar,Mokhada,20028070,"MOKHADA TALUKA 58 VILLAGES R.R.W.S. SCHEME, TAL -MOKHADA",Gaymukhpada Gonde BK,864,1,0.00,0.00,0.00,0.00,0.00,0.00,0.00,0.00,0.00,0.00,0.00,0.00,0.00,0.00,06-Aug,07-Aug,08-Aug,09-Aug,10-Aug,11-Aug,12-Aug,06-Aug,07-Aug,08-Aug,09-Aug,10-Aug,11-Aug,12-Aug,7,7,0
Konkan,Palghar,Palghar,Palghar,Mokhada,20028070,"MOKHADA TALUKA 58 VILLAGES R.R.W.S. SCHEME, TAL -MOKHADA",Ghanwal,296,1,0.00,0.00,0.00,0.00,0.00,0.00,0.00,0.00,0.00,0.00,0.00,0.00,0.04,0.09,06-Aug,07-Aug,08-Aug,09-Aug,10-Aug,11-Aug,12-Aug,06-Aug,07-Aug,08-Aug,09-Aug,10-Aug,11-Aug,12-Aug,5,7,0
Konkan,Palghar,Palghar,Palghar,Mokhada,20028070,"MOKHADA TALUKA 58 VILLAGES R.R.W.S. SCHEME, TAL -MOKHADA",Ghodichapada Sakhari,275,1,0.00,0.00,0.00,0.00,0.00,0.00,0.00,0.68,0.00,0.01,0.00,0.37,0.00,0.00,06-Aug,07-Aug,08-Aug,09-Aug,10-Aug,11-Aug,12-Aug,06-Aug,07-Aug,08-Aug,09-Aug,10-Aug,11-Aug,12-Aug,4,7,0
Konkan,Palghar,Palghar,Palghar,Mokhada,20028070,"MOKHADA TALUKA 58 VILLAGES R.R.W.S. SCHEME, TAL -MOKHADA",Gomghar,200,1,0.35,0.86,0.40,0.01,0.00,0.88,0.38,175.13,431.15,197.70,4.41,0.00,441.19,192.43,06-Aug,07-Aug,08-Aug,09-Aug,10-Aug,11-Aug,12-Aug,06-Aug,07-Aug,08-Aug,09-Aug,10-Aug,11-Aug,12-Aug,1,2,5
Konkan,Palghar,Palghar,Palghar,Mokhada,20028070,"MOKHADA TALUKA 58 VILLAGES R.R.W.S. SCHEME, TAL -MOKHADA",Gonde BK,1226,1,0.00,0.00,0.00,0.00,0.00,0.00,0.00,0.00,0.00,0.00,0.00,0.00,0.00,0.00,06-Aug,07-Aug,08-Aug,09-Aug,10-Aug,11-Aug,12-Aug,06-Aug,07-Aug,08-Aug,09-Aug,10-Aug,11-Aug,12-Aug,7,7,0
Konkan,Palghar,Palghar,Palghar,Mokhada,20028070,"MOKHADA TALUKA 58 VILLAGES R.R.W.S. SCHEME, TAL -MOKHADA",Gonde KH,1189,1,0.00,0.00,0.00,0.00,0.00,0.00,0.00,0.00,0.00,0.00,0.00,0.00,0.00,0.00,06-Aug,07-Aug,08-Aug,09-Aug,10-Aug,11-Aug,12-Aug,06-Aug,07-Aug,08-Aug,09-Aug,10-Aug,11-Aug,12-Aug,7,7,0
Konkan,Palghar,Palghar,Palghar,Mokhada,20028070,"MOKHADA TALUKA 58 VILLAGES R.R.W.S. SCHEME, TAL -MOKHADA",Hattipada Chas,257,1,0.00,0.00,0.00,0.00,0.00,0.00,0.00,0.00,0.00,1.71,0.00,0.00,0.00,0.00,06-Aug,07-Aug,08-Aug,09-Aug,10-Aug,11-Aug,12-Aug,06-Aug,07-Aug,08-Aug,09-Aug,10-Aug,11-Aug,12-Aug,6,7,0
Konkan,Palghar,Palghar,Palghar,Mokhada,20028070,"MOKHADA TALUKA 58 VILLAGES R.R.W.S. SCHEME, TAL -MOKHADA",Jogalwadi,799,1,0.00,1.25,0.13,0.00,0.12,0.09,0.86,0.00,157.03,16.64,0.00,15.04,11.51,108.23,06-Aug,07-Aug,08-Aug,09-Aug,10-Aug,11-Aug,12-Aug,06-Aug,07-Aug,08-Aug,09-Aug,10-Aug,11-Aug,12-Aug,2,5,2
Konkan,Palghar,Palghar,Palghar,Mokhada,20028070,"MOKHADA TALUKA 58 VILLAGES R.R.W.S. SCHEME, TAL -MOKHADA",Kaduchiwadi,1215,1,0.00,0.00,0.00,0.00,0.00,0.10,0.00,0.00,0.00,0.00,0.00,0.00,8.08,0.00,06-Aug,07-Aug,08-Aug,09-Aug,10-Aug,11-Aug,12-Aug,06-Aug,07-Aug,08-Aug,09-Aug,10-Aug,11-Aug,12-Aug,6,7,0
Konkan,Palghar,Palghar,Palghar,Mokhada,20028070,"MOKHADA TALUKA 58 VILLAGES R.R.W.S. SCHEME, TAL -MOKHADA",Kalamgoan,245,1,0.00,0.00,0.00,0.00,0.00,0.00,0.00,0.00,0.00,0.00,0.00,0.00,0.00,0.00,06-Aug,07-Aug,08-Aug,09-Aug,10-Aug,11-Aug,12-Aug,06-Aug,07-Aug,08-Aug,09-Aug,10-Aug,11-Aug,12-Aug,7,7,0
Konkan,Palghar,Palghar,Palghar,Mokhada,20028070,"MOKHADA TALUKA 58 VILLAGES R.R.W.S. SCHEME, TAL -MOKHADA",Karegoan,907,1,0.81,0.45,0.00,0.00,0.00,0.85,2.00,88.78,50.06,0.00,0.00,0.00,94.14,220.12,06-Aug,07-Aug,08-Aug,09-Aug,10-Aug,11-Aug,12-Aug,06-Aug,07-Aug,08-Aug,09-Aug,10-Aug,11-Aug,12-Aug,3,4,3
Konkan,Palghar,Palghar,Palghar,Mokhada,20028070,"MOKHADA TALUKA 58 VILLAGES R.R.W.S. SCHEME, TAL -MOKHADA",Karol,390,1,0.00,0.00,0.00,0.00,0.00,0.00,0.00,0.00,0.00,0.00,0.00,0.00,0.00,0.00,06-Aug,07-Aug,08-Aug,09-Aug,10-Aug,11-Aug,12-Aug,06-Aug,07-Aug,08-Aug,09-Aug,10-Aug,11-Aug,12-Aug,7,7,0
Konkan,Palghar,Palghar,Palghar,Mokhada,20028070,"MOKHADA TALUKA 58 VILLAGES R.R.W.S. SCHEME, TAL -MOKHADA",Kengwadi Kodala,338,1,0.00,0.00,0.00,0.00,0.00,0.00,0.00,0.00,0.00,0.00,0.00,0.00,0.00,0.00,06-Aug,07-Aug,08-Aug,09-Aug,10-Aug,11-Aug,12-Aug,06-Aug,07-Aug,08-Aug,09-Aug,10-Aug,11-Aug,12-Aug,7,7,0
Konkan,Palghar,Palghar,Palghar,Mokhada,20028070,"MOKHADA TALUKA 58 VILLAGES R.R.W.S. SCHEME, TAL -MOKHADA",Khasti,107,2,0.00,0.00,0.00,0.00,0.00,0.00,0.00,0.00,0.00,0.00,0.00,0.00,0.00,0.00,06-Aug,07-Aug,08-Aug,09-Aug,10-Aug,11-Aug,12-Aug,06-Aug,07-Aug,08-Aug,09-Aug,10-Aug,11-Aug,12-Aug,7,7,0
Konkan,Palghar,Palghar,Palghar,Mokhada,20028070,"MOKHADA TALUKA 58 VILLAGES R.R.W.S. SCHEME, TAL -MOKHADA",Khoch,855,1,0.02,0.02,0.00,0.00,0.00,0.50,0.13,2.50,2.36,0.53,0.00,0.00,58.85,15.18,06-Aug,07-Aug,08-Aug,09-Aug,10-Aug,11-Aug,12-Aug,06-Aug,07-Aug,08-Aug,09-Aug,10-Aug,11-Aug,12-Aug,2,6,1
Konkan,Palghar,Palghar,Palghar,Mokhada,20028070,"MOKHADA TALUKA 58 VILLAGES R.R.W.S. SCHEME, TAL -MOKHADA",Kineste,465,2,1.23,0.02,1.39,0.41,0.00,0.00,0.85,264.32,3.72,297.98,87.21,0.00,0.00,183.42,06-Aug,07-Aug,08-Aug,09-Aug,10-Aug,11-Aug,12-Aug,06-Aug,07-Aug,08-Aug,09-Aug,10-Aug,11-Aug,12-Aug,2,3,4
Konkan,Palghar,Palghar,Palghar,Mokhada,20028070,"MOKHADA TALUKA 58 VILLAGES R.R.W.S. SCHEME, TAL -MOKHADA",Madkyachimet Pimpalgaon,268,1,0.00,0.00,0.00,0.00,0.00,0.00,0.00,0.00,0.00,0.00,0.00,0.00,0.00,0.00,06-Aug,07-Aug,08-Aug,09-Aug,10-Aug,11-Aug,12-Aug,06-Aug,07-Aug,08-Aug,09-Aug,10-Aug,11-Aug,12-Aug,7,7,0
Konkan,Palghar,Palghar,Palghar,Mokhada,20028070,"MOKHADA TALUKA 58 VILLAGES R.R.W.S. SCHEME, TAL -MOKHADA",Morhande,1821,1,0.00,0.00,0.00,0.00,0.00,0.00,0.00,0.00,0.00,0.00,0.00,0.00,0.00,0.00,06-Aug,07-Aug,08-Aug,09-Aug,10-Aug,11-Aug,12-Aug,06-Aug,07-Aug,08-Aug,09-Aug,10-Aug,11-Aug,12-Aug,7,7,0
Konkan,Palghar,Palghar,Palghar,Mokhada,20028070,"MOKHADA TALUKA 58 VILLAGES R.R.W.S. SCHEME, TAL -MOKHADA",Nashera,308,3,0.00,0.00,0.00,0.00,0.00,0.00,0.00,0.00,0.00,0.00,0.00,0.00,0.00,0.00,06-Aug,07-Aug,08-Aug,09-Aug,10-Aug,11-Aug,12-Aug,06-Aug,07-Aug,08-Aug,09-Aug,10-Aug,11-Aug,12-Aug,7,7,0
Konkan,Palghar,Palghar,Palghar,Mokhada,20028070,"MOKHADA TALUKA 58 VILLAGES R.R.W.S. SCHEME, TAL -MOKHADA",Nilmati,855,1,0.13,0.11,0.07,0.13,0.05,0.14,0.16,15.63,12.61,8.39,15.24,5.42,16.58,19.08,06-Aug,07-Aug,08-Aug,09-Aug,10-Aug,11-Aug,12-Aug,06-Aug,07-Aug,08-Aug,09-Aug,10-Aug,11-Aug,12-Aug,0,7,0
Konkan,Palghar,Palghar,Palghar,Mokhada,20028070,"MOKHADA TALUKA 58 VILLAGES R.R.W.S. SCHEME, TAL -MOKHADA",Osarvira,303,2,0.00,0.00,0.00,0.00,0.00,0.00,0.00,0.00,0.00,0.00,0.00,0.00,0.00,0.00,06-Aug,07-Aug,08-Aug,09-Aug,10-Aug,11-Aug,12-Aug,06-Aug,07-Aug,08-Aug,09-Aug,10-Aug,11-Aug,12-Aug,7,7,0
Konkan,Palghar,Palghar,Palghar,Mokhada,20028070,"MOKHADA TALUKA 58 VILLAGES R.R.W.S. SCHEME, TAL -MOKHADA",Palsunde,1338,1,0.00,0.00,0.00,0.00,0.00,0.00,0.00,0.00,0.00,0.00,0.00,0.00,0.00,0.00,06-Aug,07-Aug,08-Aug,09-Aug,10-Aug,11-Aug,12-Aug,06-Aug,07-Aug,08-Aug,09-Aug,10-Aug,11-Aug,12-Aug,7,7,0
Konkan,Palghar,Palghar,Palghar,Mokhada,20028070,"MOKHADA TALUKA 58 VILLAGES R.R.W.S. SCHEME, TAL -MOKHADA",Pangripada Chas,669,1,0.00,0.00,0.00,0.00,0.00,0.00,0.00,0.00,0.00,0.00,0.00,0.00,0.00,0.00,06-Aug,07-Aug,08-Aug,09-Aug,10-Aug,11-Aug,12-Aug,06-Aug,07-Aug,08-Aug,09-Aug,10-Aug,11-Aug,12-Aug,7,7,0
Konkan,Palghar,Palghar,Palghar,Mokhada,20028070,"MOKHADA TALUKA 58 VILLAGES R.R.W.S. SCHEME, TAL -MOKHADA",Pardhyachimet Poshera,435,1,0.00,0.00,0.00,0.00,0.00,0.00,0.00,0.00,0.00,0.00,0.00,0.00,0.00,0.00,06-Aug,07-Aug,08-Aug,09-Aug,10-Aug,11-Aug,12-Aug,06-Aug,07-Aug,08-Aug,09-Aug,10-Aug,11-Aug,12-Aug,7,7,0
Konkan,Palghar,Palghar,Palghar,Mokhada,20028070,"MOKHADA TALUKA 58 VILLAGES R.R.W.S. SCHEME, TAL -MOKHADA",Pawarpada Poshera,679,1,0.00,0.00,0.06,0.00,0.00,0.00,0.00,0.00,0.00,8.71,0.00,0.00,0.00,0.00,06-Aug,07-Aug,08-Aug,09-Aug,10-Aug,11-Aug,12-Aug,06-Aug,07-Aug,08-Aug,09-Aug,10-Aug,11-Aug,12-Aug,6,7,0
Konkan,Palghar,Palghar,Palghar,Mokhada,20028070,"MOKHADA TALUKA 58 VILLAGES R.R.W.S. SCHEME, TAL -MOKHADA",Pimpalpada Hirwe,655,1,0.00,0.00,0.00,0.00,0.00,0.00,0.00,0.00,0.00,0.00,0.00,0.00,0.00,0.00,06-Aug,07-Aug,08-Aug,09-Aug,10-Aug,11-Aug,12-Aug,06-Aug,07-Aug,08-Aug,09-Aug,10-Aug,11-Aug,12-Aug,7,7,0
Konkan,Palghar,Palghar,Palghar,Mokhada,20028070,"MOKHADA TALUKA 58 VILLAGES R.R.W.S. SCHEME, TAL -MOKHADA",Pimplegoan,465,1,0.00,0.00,0.56,0.40,0.15,0.10,0.01,0.72,0.01,120.55,85.77,32.82,20.50,1.17,06-Aug,07-Aug,08-Aug,09-Aug,10-Aug,11-Aug,12-Aug,06-Aug,07-Aug,08-Aug,09-Aug,10-Aug,11-Aug,12-Aug,0,5,2
Konkan,Palghar,Palghar,Palghar,Mokhada,20028070,"MOKHADA TALUKA 58 VILLAGES R.R.W.S. SCHEME, TAL -MOKHADA",Poshera,3308,1,0.00,0.00,0.00,0.00,1.00,0.00,0.00,0.00,0.00,0.00,0.00,30.08,0.03,0.00,06-Aug,07-Aug,08-Aug,09-Aug,10-Aug,11-Aug,12-Aug,06-Aug,07-Aug,08-Aug,09-Aug,10-Aug,11-Aug,12-Aug,5,7,0
Konkan,Palghar,Palghar,Palghar,Mokhada,20028070,"MOKHADA TALUKA 58 VILLAGES R.R.W.S. SCHEME, TAL -MOKHADA",Rajewadi Jogalwadi,465,1,0.73,0.07,0.35,0.21,0.00,0.00,0.12,156.12,16.08,74.24,44.09,0.00,0.03,25.85,06-Aug,07-Aug,08-Aug,09-Aug,10-Aug,11-Aug,12-Aug,06-Aug,07-Aug,08-Aug,09-Aug,10-Aug,11-Aug,12-Aug,1,5,2
Konkan,Palghar,Palghar,Palghar,Mokhada,20028070,"MOKHADA TALUKA 58 VILLAGES R.R.W.S. SCHEME, TAL -MOKHADA",Rest House Khodala,1287,1,0.00,0.00,0.00,0.00,0.00,0.00,0.00,0.00,0.00,0.00,0.00,0.00,0.00,0.00,06-Aug,07-Aug,08-Aug,09-Aug,10-Aug,11-Aug,12-Aug,06-Aug,07-Aug,08-Aug,09-Aug,10-Aug,11-Aug,12-Aug,7,7,0
Konkan,Palghar,Palghar,Palghar,Mokhada,20028070,"MOKHADA TALUKA 58 VILLAGES R.R.W.S. SCHEME, TAL -MOKHADA",Sadakwadi Koshimshet,1375,1,0.00,0.00,0.00,0.00,0.00,0.00,0.00,0.00,0.00,0.00,0.00,0.00,0.00,0.00,06-Aug,07-Aug,08-Aug,09-Aug,10-Aug,11-Aug,12-Aug,06-Aug,07-Aug,08-Aug,09-Aug,10-Aug,11-Aug,12-Aug,7,7,0
Konkan,Palghar,Palghar,Palghar,Mokhada,20028070,"MOKHADA TALUKA 58 VILLAGES R.R.W.S. SCHEME, TAL -MOKHADA",Sakhari,818,1,0.00,0.00,0.00,0.00,0.00,0.00,0.00,0.00,0.00,0.00,0.00,0.00,0.00,0.00,06-Aug,07-Aug,08-Aug,09-Aug,10-Aug,11-Aug,12-Aug,06-Aug,07-Aug,08-Aug,09-Aug,10-Aug,11-Aug,12-Aug,7,7,0
Konkan,Palghar,Palghar,Palghar,Mokhada,20028070,"MOKHADA TALUKA 58 VILLAGES R.R.W.S. SCHEME, TAL -MOKHADA",Sayade,224,2,0.00,0.00,2.82,0.00,0.68,0.19,0.00,0.00,0.00,1257.99,0.00,303.66,86.03,0.00,06-Aug,07-Aug,08-Aug,09-Aug,10-Aug,11-Aug,12-Aug,06-Aug,07-Aug,08-Aug,09-Aug,10-Aug,11-Aug,12-Aug,4,4,3
Konkan,Palghar,Palghar,Palghar,Mokhada,20028070,"MOKHADA TALUKA 58 VILLAGES R.R.W.S. SCHEME, TAL -MOKHADA",Shirson,904,1,0.00,0.00,0.00,0.00,0.00,0.00,0.00,0.00,0.00,0.00,0.00,0.00,0.00,0.00,06-Aug,07-Aug,08-Aug,09-Aug,10-Aug,11-Aug,12-Aug,06-Aug,07-Aug,08-Aug,09-Aug,10-Aug,11-Aug,12-Aug,7,7,0
Konkan,Palghar,Palghar,Palghar,Mokhada,20028070,"MOKHADA TALUKA 58 VILLAGES R.R.W.S. SCHEME, TAL -MOKHADA",Shivali,1267,1,0.26,0.00,0.00,0.00,0.07,0.30,0.88,20.43,0.00,0.09,0.00,5.43,23.33,69.40,06-Aug,07-Aug,08-Aug,09-Aug,10-Aug,11-Aug,12-Aug,06-Aug,07-Aug,08-Aug,09-Aug,10-Aug,11-Aug,12-Aug,2,6,1
Konkan,Palghar,Palghar,Palghar,Mokhada,20028070,"MOKHADA TALUKA 58 VILLAGES R.R.W.S. SCHEME, TAL -MOKHADA",Sonarwadi Koshimshet,209,1,0.00,0.00,0.00,0.00,0.00,0.00,0.00,0.00,0.00,0.00,0.00,0.00,0.00,0.00,06-Aug,07-Aug,08-Aug,09-Aug,10-Aug,11-Aug,12-Aug,06-Aug,07-Aug,08-Aug,09-Aug,10-Aug,11-Aug,12-Aug,7,7,0
Konkan,Palghar,Palghar,Palghar,Mokhada,20028070,"MOKHADA TALUKA 58 VILLAGES R.R.W.S. SCHEME, TAL -MOKHADA",Telu Umbarpada,789,1,0.00,0.00,0.00,0.00,0.00,0.00,0.00,0.00,0.00,0.00,0.00,0.00,0.00,0.00,06-Aug,07-Aug,08-Aug,09-Aug,10-Aug,11-Aug,12-Aug,06-Aug,07-Aug,08-Aug,09-Aug,10-Aug,11-Aug,12-Aug,7,7,0
Konkan,Palghar,Palghar,Palghar,Mokhada,20028070,"MOKHADA TALUKA 58 VILLAGES R.R.W.S. SCHEME, TAL -MOKHADA",Udhale,725,2,1.30,0.95,1.03,0.09,0.00,0.00,0.98,178.82,130.46,142.11,12.81,0.00,0.00,134.51,06-Aug,07-Aug,08-Aug,09-Aug,10-Aug,11-Aug,12-Aug,06-Aug,07-Aug,08-Aug,09-Aug,10-Aug,11-Aug,12-Aug,2,3,4
Konkan,Palghar,Palghar,Palghar,Mokhada,20028070,"MOKHADA TALUKA 58 VILLAGES R.R.W.S. SCHEME, TAL -MOKHADA",Umbarpada Beriste,799,1,0.00,0.00,0.00,0.00,0.00,0.00,0.00,0.00,0.00,0.00,0.00,0.00,0.00,0.00,06-Aug,07-Aug,08-Aug,09-Aug,10-Aug,11-Aug,12-Aug,06-Aug,07-Aug,08-Aug,09-Aug,10-Aug,11-Aug,12-Aug,7,7,0
Konkan,Palghar,Palghar,Palghar,Mokhada,20028070,"MOKHADA TALUKA 58 VILLAGES R.R.W.S. SCHEME, TAL -MOKHADA",Vashind,671,1,0.32,0.02,0.34,0.00,0.00,0.18,0.74,48.40,3.45,51.22,0.00,0.00,26.76,109.63,06-Aug,07-Aug,08-Aug,09-Aug,10-Aug,11-Aug,12-Aug,06-Aug,07-Aug,08-Aug,09-Aug,10-Aug,11-Aug,12-Aug,2,6,1
Konkan,Palghar,Palghar,Palghar,Mokhada,20028070,"MOKHADA TALUKA 58 VILLAGES R.R.W.S. SCHEME, TAL -MOKHADA",Wadachapada Saturly,632,1,0.23,0.06,0.48,0.23,0.00,0.42,0.00,36.07,8.89,76.48,36.10,0.00,65.69,0.00,06-Aug,07-Aug,08-Aug,09-Aug,10-Aug,11-Aug,12-Aug,06-Aug,07-Aug,08-Aug,09-Aug,10-Aug,11-Aug,12-Aug,2,5,2
Konkan,Palghar,Palghar,Palghar,Mokhada,20028070,"MOKHADA TALUKA 58 VILLAGES R.R.W.S. SCHEME, TAL -MOKHADA",Wakadpada,632,1,2.68,2.84,1.99,4.37,3.93,0.00,2.64,423.34,449.57,314.80,691.83,621.23,0.09,417.79,06-Aug,07-Aug,08-Aug,09-Aug,10-Aug,11-Aug,12-Aug,06-Aug,07-Aug,08-Aug,09-Aug,10-Aug,11-Aug,12-Aug,0,1,6
Konkan,Palghar,Palghar,Palghar,Mokhada,20028070,"MOKHADA TALUKA 58 VILLAGES R.R.W.S. SCHEME, TAL -MOKHADA",Wasala,1561,1,0.00,0.00,0.00,0.00,0.00,0.00,0.00,0.00,0.00,0.00,0.00,0.00,0.00,0.00,06-Aug,07-Aug,08-Aug,09-Aug,10-Aug,11-Aug,12-Aug,06-Aug,07-Aug,08-Aug,09-Aug,10-Aug,11-Aug,12-Aug,7,7,0
Konkan,Palghar,Palghar,Palghar,Palghar,20017952,Padghe and 19 villages PWSS,Devkhop,477,1,0.00,0.00,0.00,0.00,0.00,0.00,0.00,0.00,0.00,0.00,0.00,0.00,0.00,0.00,06-Aug,07-Aug,08-Aug,09-Aug,10-Aug,11-Aug,12-Aug,06-Aug,07-Aug,08-Aug,09-Aug,10-Aug,11-Aug,12-Aug,7,7,0
Konkan,Palghar,Palghar,Palghar,Palghar,20017952,Padghe and 19 villages PWSS,Padghe,454,2,0.00,0.00,0.00,0.00,0.00,0.00,0.00,0.00,0.00,0.00,0.00,0.00,0.00,0.00,06-Aug,07-Aug,08-Aug,09-Aug,10-Aug,11-Aug,12-Aug,06-Aug,07-Aug,08-Aug,09-Aug,10-Aug,11-Aug,12-Aug,7,7,0
Konkan,Palghar,Palghar,Palghar,Palghar,20017952,Padghe and 19 villages PWSS,Tokrepada,264,1,0.00,0.00,0.00,0.00,0.00,0.00,0.00,0.00,0.00,0.00,0.00,0.00,0.00,0.00,06-Aug,07-Aug,08-Aug,09-Aug,10-Aug,11-Aug,12-Aug,06-Aug,07-Aug,08-Aug,09-Aug,10-Aug,11-Aug,12-Aug,7,7,0
Konkan,Panvel,Raigadh,Mangaon,Khalapur,20028168,Devnhave water supply scheme,Devnhave,2160,3,3.92,2.50,1.31,2.89,4.03,3.59,2.91,181.44,115.86,60.88,134.00,186.38,166.40,134.51,06-Aug,07-Aug,08-Aug,09-Aug,10-Aug,11-Aug,12-Aug,06-Aug,07-Aug,08-Aug,09-Aug,10-Aug,11-Aug,12-Aug,0,0,7
Konkan,Panvel,Raigadh,Mangaon,Pen,20020563,Shahapada 38 Villages,Kane,1503,1,0.00,0.00,0.00,0.00,0.00,0.00,0.00,0.26,0.00,0.00,0.25,0.00,0.00,0.28,06-Aug,07-Aug,08-Aug,09-Aug,10-Aug,11-Aug,12-Aug,06-Aug,07-Aug,08-Aug,09-Aug,10-Aug,11-Aug,12-Aug,4,7,0
Konkan,Panvel,Raigadh,Mangaon,Pen,20020563,Shahapada 38 Villages,Kashmire,2431,1,0.01,0.00,0.13,0.00,0.00,0.38,0.13,0.26,0.10,5.33,0.00,0.00,15.48,5.30,06-Aug,07-Aug,08-Aug,09-Aug,10-Aug,11-Aug,12-Aug,06-Aug,07-Aug,08-Aug,09-Aug,10-Aug,11-Aug,12-Aug,2,7,0
Konkan,Panvel,Raigadh,Mangaon,Pen,20020563,Shahapada 38 Villages,Shirki,2237,1,0.00,0.00,0.00,0.00,0.00,0.00,0.00,0.00,0.00,0.00,0.00,0.00,0.00,0.00,06-Aug,07-Aug,08-Aug,09-Aug,10-Aug,11-Aug,12-Aug,06-Aug,07-Aug,08-Aug,09-Aug,10-Aug,11-Aug,12-Aug,7,7,0
Konkan,Panvel,Raigadh,Mangaon,Pen,20020563,Shahapada 38 Villages,Wadhav,6000,1,0.00,0.00,0.00,0.00,0.00,0.00,0.00,0.00,0.00,0.01,0.00,0.00,0.00,0.00,06-Aug,07-Aug,08-Aug,09-Aug,10-Aug,11-Aug,12-Aug,06-Aug,07-Aug,08-Aug,09-Aug,10-Aug,11-Aug,12-Aug,6,7,0
Konkan,Panvel,Raigadh,Mangaon,Pen,20020563,Shahapada 38 Villages,Washinaka,2224,1,0.00,0.00,18.29,0.00,0.00,0.00,0.00,0.00,0.00,822.58,0.00,0.00,0.07,0.00,06-Aug,07-Aug,08-Aug,09-Aug,10-Aug,11-Aug,12-Aug,06-Aug,07-Aug,08-Aug,09-Aug,10-Aug,11-Aug,12-Aug,5,6,1
Konkan,Raigadh,Raigadh,Raigadh,Karjat,20028195,"Kadav water supply scheme, Tal. Karjat Dist. Raigad",Kadav,2490,1,0.00,0.00,0.00,0.00,0.00,0.00,0.00,0.00,0.00,0.00,0.00,0.00,0.00,0.00,06-Aug,07-Aug,08-Aug,09-Aug,10-Aug,11-Aug,12-Aug,06-Aug,07-Aug,08-Aug,09-Aug,10-Aug,11-Aug,12-Aug,7,7,0
Konkan,Raigadh,Raigadh,Raigadh,Mangaon,20028626,"Warak Kushade Water Supply Scheme tal- Mnagaon, Dist-Raigad",Koshimbale,339,1,0.00,0.00,0.00,0.00,0.00,0.00,0.00,0.00,0.00,0.00,0.00,0.08,0.00,0.00,06-Aug,07-Aug,08-Aug,09-Aug,10-Aug,11-Aug,12-Aug,06-Aug,07-Aug,08-Aug,09-Aug,10-Aug,11-Aug,12-Aug,6,7,0
Konkan,Raigadh,Raigadh,Raigadh,Mangaon,20028626,"Warak Kushade Water Supply Scheme tal- Mnagaon, Dist-Raigad",Kushede,555,1,0.00,0.00,0.00,0.00,0.00,0.00,0.00,0.00,0.00,0.24,0.00,0.00,0.05,0.00,06-Aug,07-Aug,08-Aug,09-Aug,10-Aug,11-Aug,12-Aug,06-Aug,07-Aug,08-Aug,09-Aug,10-Aug,11-Aug,12-Aug,5,7,0
Konkan,Raigadh,Raigadh,Raigadh,Mangaon,20028626,"Warak Kushade Water Supply Scheme tal- Mnagaon, Dist-Raigad",Vighavli,816,1,0.00,0.00,0.00,0.00,0.00,0.00,0.00,0.00,0.00,0.00,0.00,0.00,0.00,0.00,06-Aug,07-Aug,08-Aug,09-Aug,10-Aug,11-Aug,12-Aug,06-Aug,07-Aug,08-Aug,09-Aug,10-Aug,11-Aug,12-Aug,7,7,0
Konkan,Raigadh,Raigadh,Raigadh,Mangaon,20028626,"Warak Kushade Water Supply Scheme tal- Mnagaon, Dist-Raigad",Warak,805,1,0.00,0.00,0.00,0.00,0.00,0.00,0.00,0.00,0.00,0.15,0.00,0.00,0.00,0.00,06-Aug,07-Aug,08-Aug,09-Aug,10-Aug,11-Aug,12-Aug,06-Aug,07-Aug,08-Aug,09-Aug,10-Aug,11-Aug,12-Aug,6,7,0
Konkan,Ratnagiri,Ratnagiri,Ratnagiri,Chipalun,20017771,Ovali - Kalkavane - Valoti RR WSS,Dadar,330,1,0.00,0.00,0.00,0.00,0.00,0.00,0.00,0.00,0.00,0.00,0.00,0.00,0.00,0.00,06-Aug,07-Aug,08-Aug,09-Aug,10-Aug,11-Aug,12-Aug,06-Aug,07-Aug,08-Aug,09-Aug,10-Aug,11-Aug,12-Aug,7,7,0
Konkan,Ratnagiri,Ratnagiri,Ratnagiri,Chipalun,20017771,Ovali - Kalkavane - Valoti RR WSS,Kalkavane,900,4,0.00,0.00,0.00,0.00,0.00,0.00,0.00,0.00,0.00,0.00,0.00,0.00,0.00,0.00,06-Aug,07-Aug,08-Aug,09-Aug,10-Aug,11-Aug,12-Aug,06-Aug,07-Aug,08-Aug,09-Aug,10-Aug,11-Aug,12-Aug,7,7,0
Konkan,Ratnagiri,Ratnagiri,Ratnagiri,Chipalun,20017771,Ovali - Kalkavane - Valoti RR WSS,Ovali,1211,1,0.00,0.00,0.00,0.00,0.00,0.00,0.00,0.00,0.00,0.00,0.00,0.00,0.00,0.00,06-Aug,07-Aug,08-Aug,09-Aug,10-Aug,11-Aug,12-Aug,06-Aug,07-Aug,08-Aug,09-Aug,10-Aug,11-Aug,12-Aug,7,7,0
Konkan,Ratnagiri,Ratnagiri,Ratnagiri,Chipalun,20017771,Ovali - Kalkavane - Valoti RR WSS,Valoti,162,3,0.00,0.00,0.00,0.00,0.00,0.00,0.00,0.00,0.01,0.00,0.01,0.00,0.00,0.00,06-Aug,07-Aug,08-Aug,09-Aug,10-Aug,11-Aug,12-Aug,06-Aug,07-Aug,08-Aug,09-Aug,10-Aug,11-Aug,12-Aug,5,7,0
Konkan,Thane,Thane,Palghar,Dahanu,20047871, Modgaon & Tornipada RWSS,Andherpada,1320,1,0.00,0.00,0.00,0.00,0.00,0.00,0.00,0.00,0.00,0.00,0.00,0.00,0.00,0.00,06-Aug,07-Aug,08-Aug,09-Aug,10-Aug,11-Aug,12-Aug,06-Aug,07-Aug,08-Aug,09-Aug,10-Aug,11-Aug,12-Aug,7,7,0
Konkan,Thane,Thane,Palghar,Dahanu,20047871, Modgaon & Tornipada RWSS,Janasawarpada,241,1,0.00,0.00,0.08,0.06,0.00,0.60,0.39,0.02,0.00,34.15,26.86,0.00,249.55,160.20,06-Aug,07-Aug,08-Aug,09-Aug,10-Aug,11-Aug,12-Aug,06-Aug,07-Aug,08-Aug,09-Aug,10-Aug,11-Aug,12-Aug,2,5,2
Konkan,Thane,Thane,Palghar,Dahanu,20047871, Modgaon & Tornipada RWSS,Navapada,812,1,0.00,0.00,0.00,0.00,0.00,0.00,0.00,0.00,0.00,0.00,0.00,0.00,0.00,0.00,06-Aug,07-Aug,08-Aug,09-Aug,10-Aug,11-Aug,12-Aug,06-Aug,07-Aug,08-Aug,09-Aug,10-Aug,11-Aug,12-Aug,7,7,0
Konkan,Thane,Thane,Palghar,Dahanu,20047871, Modgaon & Tornipada RWSS,Savarpada,830,1,0.90,0.66,1.00,0.98,0.60,0.66,0.99,108.97,79.17,120.34,118.36,72.85,79.86,119.88,06-Aug,07-Aug,08-Aug,09-Aug,10-Aug,11-Aug,12-Aug,06-Aug,07-Aug,08-Aug,09-Aug,10-Aug,11-Aug,12-Aug,0,0,7
Konkan,Thane,Thane,Thane,Kalyan,20092478,Retrofiting of Gotheghar Dahisar R.R. Water Supply Scheme,Bale,2236,1,0.00,0.00,0.00,0.00,0.00,0.00,0.00,0.00,0.00,0.00,0.00,0.00,0.00,0.00,06-Aug,07-Aug,08-Aug,09-Aug,10-Aug,11-Aug,12-Aug,06-Aug,07-Aug,08-Aug,09-Aug,10-Aug,11-Aug,12-Aug,7,7,0
