Amravati,Akola,Akola,Akola,Akola,20027951,Khambora 60 VRRWSS Tq. & Dist. Akola,Akhatwada,870,1,0.00,0.00,0.00,0.01,0.00,0.00,0.00,0.00,0.00,0.01,1.08,0.00,0.00,0.00,02-Sep,03-Sep,04-Sep,05-Sep,06-Sep,07-Sep,08-Sep,02-Sep,03-Sep,04-Sep,05-Sep,06-Sep,07-Sep,08-Sep,5,7,0
Amravati,Akola,Akola,Akola,Akola,20027951,Khambora 60 VRRWSS Tq. & Dist. Akola,Apoti Bk.,719,1,0.00,0.00,0.87,1.12,1.82,0.00,1.20,0.00,0.00,120.57,156.33,253.47,0.00,167.04,02-Sep,03-Sep,04-Sep,05-Sep,06-Sep,07-Sep,08-Sep,02-Sep,03-Sep,04-Sep,05-Sep,06-Sep,07-Sep,08-Sep,3,3,4
Amravati,Akola,Akola,Akola,Akola,20027951,Khambora 60 VRRWSS Tq. & Dist. Akola,Gondapur,178,2,0.00,0.00,0.00,0.00,0.00,0.00,0.00,0.00,0.00,0.00,0.00,0.00,0.00,0.00,02-Sep,03-Sep,04-Sep,05-Sep,06-Sep,07-Sep,08-Sep,02-Sep,03-Sep,04-Sep,05-Sep,06-Sep,07-Sep,08-Sep,7,7,0
Amravati,Akola,Akola,Akola,Akola,20027951,Khambora 60 VRRWSS Tq. & Dist. Akola,Jalabad,695,1,,,0.00,0.00,0.00,0.00,0.00,,,0.00,0.00,0.00,0.00,0.00,02-Sep,03-Sep,04-Sep,05-Sep,06-Sep,07-Sep,08-Sep,02-Sep,03-Sep,04-Sep,05-Sep,06-Sep,07-Sep,08-Sep,5,5,0
Amravati,Akola,Akola,Akola,Akola,20027951,Khambora 60 VRRWSS Tq. & Dist. Akola,Kaulkhed Gomase,388,1,0.00,0.00,0.00,0.00,0.00,0.00,0.00,0.00,0.00,0.00,0.00,0.00,0.00,0.00,02-Sep,03-Sep,04-Sep,05-Sep,06-Sep,07-Sep,08-Sep,02-Sep,03-Sep,04-Sep,05-Sep,06-Sep,07-Sep,08-Sep,7,7,0
Amravati,Akola,Akola,Akola,Akola,20027951,Khambora 60 VRRWSS Tq. & Dist. Akola,Marodi,930,1,51.86,26.59,22.53,0.00,0.00,0.00,19.60,5576.12,2859.38,2422.92,0.00,0.00,0.00,2107.90,02-Sep,03-Sep,04-Sep,05-Sep,06-Sep,07-Sep,08-Sep,02-Sep,03-Sep,04-Sep,05-Sep,06-Sep,07-Sep,08-Sep,3,3,4
Amravati,Akola,Akola,Akola,Akola,20027951,Khambora 60 VRRWSS Tq. & Dist. Akola,Palso Bk.,654,1,,,0.00,0.00,0.00,0.00,0.00,,,0.00,0.00,0.00,0.00,0.00,02-Sep,03-Sep,04-Sep,05-Sep,06-Sep,07-Sep,08-Sep,02-Sep,03-Sep,04-Sep,05-Sep,06-Sep,07-Sep,08-Sep,5,5,0
Amravati,Akola,Akola,Akola,Akola,20027951,Khambora 60 VRRWSS Tq. & Dist. Akola,Ramagaon,688,2,0.00,0.00,0.00,0.00,0.00,0.00,0.00,0.00,0.00,0.00,0.00,0.00,0.00,0.00,02-Sep,03-Sep,04-Sep,05-Sep,06-Sep,07-Sep,08-Sep,02-Sep,03-Sep,04-Sep,05-Sep,06-Sep,07-Sep,08-Sep,7,7,0
Amravati,Akola,Akola,Akola,Akola,20028565,"Akot 84 VRRWSS Tq. Akola, Akot & Telhara Dist. Akola",Alegaon,422,1,0.00,0.00,0.00,0.00,0.00,0.00,0.00,0.00,0.00,0.00,0.00,0.00,0.00,0.00,02-Sep,03-Sep,04-Sep,05-Sep,06-Sep,07-Sep,08-Sep,02-Sep,03-Sep,04-Sep,05-Sep,06-Sep,07-Sep,08-Sep,7,7,0
Amravati,Akola,Akola,Akola,Akola,20028565,"Akot 84 VRRWSS Tq. Akola, Akot & Telhara Dist. Akola",Alewadi,800,1,0.00,0.02,0.60,0.00,0.00,0.00,0.86,0.00,2.50,75.00,0.00,0.00,0.00,107.50,02-Sep,03-Sep,04-Sep,05-Sep,06-Sep,07-Sep,08-Sep,02-Sep,03-Sep,04-Sep,05-Sep,06-Sep,07-Sep,08-Sep,4,5,2
Amravati,Akola,Akola,Akola,Akola,20028565,"Akot 84 VRRWSS Tq. Akola, Akot & Telhara Dist. Akola",Balegaon,1353,1,233.28,150.24,0.00,0.00,233.26,71.67,0.00,17241.69,11103.94,0.00,0.00,17240.02,5297.30,0.00,02-Sep,03-Sep,04-Sep,05-Sep,06-Sep,07-Sep,08-Sep,02-Sep,03-Sep,04-Sep,05-Sep,06-Sep,07-Sep,08-Sep,3,3,4
Amravati,Akola,Akola,Akola,Akola,20028565,"Akot 84 VRRWSS Tq. Akola, Akot & Telhara Dist. Akola",Chotta Bazar,5151,4,4.76,20.93,13.36,2.95,0.30,0.00,0.07,92.41,406.25,259.31,57.29,5.82,0.00,1.36,02-Sep,03-Sep,04-Sep,05-Sep,06-Sep,07-Sep,08-Sep,02-Sep,03-Sep,04-Sep,05-Sep,06-Sep,07-Sep,08-Sep,1,3,4
Amravati,Akola,Akola,Akola,Akola,20028565,"Akot 84 VRRWSS Tq. Akola, Akot & Telhara Dist. Akola",Danori,1296,2,0.55,0.00,1.54,0.00,1.93,1.96,0.00,42.44,0.00,118.83,0.00,148.92,151.23,0.00,02-Sep,03-Sep,04-Sep,05-Sep,06-Sep,07-Sep,08-Sep,02-Sep,03-Sep,04-Sep,05-Sep,06-Sep,07-Sep,08-Sep,3,4,3
Amravati,Akola,Akola,Akola,Akola,20028565,"Akot 84 VRRWSS Tq. Akola, Akot & Telhara Dist. Akola",Deori,2560,1,4.70,0.00,17.42,68.53,3.64,0.00,11.81,183.78,0.00,680.47,2677.07,142.04,0.00,461.33,02-Sep,03-Sep,04-Sep,05-Sep,06-Sep,07-Sep,08-Sep,02-Sep,03-Sep,04-Sep,05-Sep,06-Sep,07-Sep,08-Sep,2,2,5
Amravati,Akola,Akola,Akola,Akola,20028565,"Akot 84 VRRWSS Tq. Akola, Akot & Telhara Dist. Akola",Dinoda,1491,2,0.00,0.00,0.00,0.00,0.00,0.00,0.00,0.00,0.00,0.00,0.00,0.00,0.00,0.00,02-Sep,03-Sep,04-Sep,05-Sep,06-Sep,07-Sep,08-Sep,02-Sep,03-Sep,04-Sep,05-Sep,06-Sep,07-Sep,08-Sep,7,7,0
Amravati,Akola,Akola,Akola,Akola,20028565,"Akot 84 VRRWSS Tq. Akola, Akot & Telhara Dist. Akola",Garsoli,288,1,14.39,0.73,0.00,0.00,0.00,7.57,8.51,4997.83,253.42,0.00,0.00,0.00,2628.47,2954.95,02-Sep,03-Sep,04-Sep,05-Sep,06-Sep,07-Sep,08-Sep,02-Sep,03-Sep,04-Sep,05-Sep,06-Sep,07-Sep,08-Sep,3,3,4
Amravati,Akola,Akola,Akola,Akola,20028565,"Akot 84 VRRWSS Tq. Akola, Akot & Telhara Dist. Akola",Jaulka,1312,1,0.82,7.44,0.00,0.00,0.00,0.00,1.58,62.50,567.09,0.00,0.00,0.00,0.00,120.43,02-Sep,03-Sep,04-Sep,05-Sep,06-Sep,07-Sep,08-Sep,02-Sep,03-Sep,04-Sep,05-Sep,06-Sep,07-Sep,08-Sep,4,4,3
Amravati,Akola,Akola,Akola,Akola,20028565,"Akot 84 VRRWSS Tq. Akola, Akot & Telhara Dist. Akola",Kalwadi,945,2,4.11,0.00,0.00,0.00,0.00,0.00,4.26,434.92,0.00,0.00,0.00,0.00,0.00,450.79,02-Sep,03-Sep,04-Sep,05-Sep,06-Sep,07-Sep,08-Sep,02-Sep,03-Sep,04-Sep,05-Sep,06-Sep,07-Sep,08-Sep,5,5,2
Amravati,Akola,Akola,Akola,Akola,20028565,"Akot 84 VRRWSS Tq. Akola, Akot & Telhara Dist. Akola",Karatwadi,1682,1,1.16,2.33,0.02,1.17,0.07,1.10,0.02,68.97,138.53,1.19,69.56,4.16,65.40,1.19,02-Sep,03-Sep,04-Sep,05-Sep,06-Sep,07-Sep,08-Sep,02-Sep,03-Sep,04-Sep,05-Sep,06-Sep,07-Sep,08-Sep,0,3,4
Amravati,Akola,Akola,Akola,Akola,20028565,"Akot 84 VRRWSS Tq. Akola, Akot & Telhara Dist. Akola",Kawasa,1300,1,0.00,0.00,0.00,2.53,0.00,0.00,0.00,0.00,0.00,0.00,194.62,0.00,0.00,0.00,02-Sep,03-Sep,04-Sep,05-Sep,06-Sep,07-Sep,08-Sep,02-Sep,03-Sep,04-Sep,05-Sep,06-Sep,07-Sep,08-Sep,6,6,1
Amravati,Akola,Akola,Akola,Akola,20028565,"Akot 84 VRRWSS Tq. Akola, Akot & Telhara Dist. Akola",Kawasa Bk.,1298,1,0.00,0.00,0.00,0.00,0.00,0.00,0.00,0.00,0.00,0.00,0.00,0.00,0.00,0.00,02-Sep,03-Sep,04-Sep,05-Sep,06-Sep,07-Sep,08-Sep,02-Sep,03-Sep,04-Sep,05-Sep,06-Sep,07-Sep,08-Sep,7,7,0
Amravati,Akola,Akola,Akola,Akola,20028565,"Akot 84 VRRWSS Tq. Akola, Akot & Telhara Dist. Akola",Keliweli (New),3676,1,0.00,1.31,0.48,0.44,0.00,0.00,0.00,0.00,35.64,13.06,11.97,0.00,0.00,0.00,02-Sep,03-Sep,04-Sep,05-Sep,06-Sep,07-Sep,08-Sep,02-Sep,03-Sep,04-Sep,05-Sep,06-Sep,07-Sep,08-Sep,4,7,0
Amravati,Akola,Akola,Akola,Akola,20028565,"Akot 84 VRRWSS Tq. Akola, Akot & Telhara Dist. Akola",Keliweli (Old),3676,1,0.92,0.03,0.08,0.00,0.00,0.00,0.00,25.03,0.86,2.12,0.00,0.00,0.00,0.00,02-Sep,03-Sep,04-Sep,05-Sep,06-Sep,07-Sep,08-Sep,02-Sep,03-Sep,04-Sep,05-Sep,06-Sep,07-Sep,08-Sep,4,7,0
Amravati,Akola,Akola,Akola,Akola,20028565,"Akot 84 VRRWSS Tq. Akola, Akot & Telhara Dist. Akola",Khanpur,53,1,0.00,0.00,0.21,0.00,39.70,0.00,0.00,0.00,0.00,391.09,0.00,74904.77,0.00,0.00,02-Sep,03-Sep,04-Sep,05-Sep,06-Sep,07-Sep,08-Sep,02-Sep,03-Sep,04-Sep,05-Sep,06-Sep,07-Sep,08-Sep,5,5,2
Amravati,Akola,Akola,Akola,Akola,20028565,"Akot 84 VRRWSS Tq. Akola, Akot & Telhara Dist. Akola",Khaparwadi Bk.,420,1,0.00,0.00,0.00,0.00,0.00,0.00,0.00,0.00,0.00,0.00,0.00,0.00,0.00,0.00,02-Sep,03-Sep,04-Sep,05-Sep,06-Sep,07-Sep,08-Sep,02-Sep,03-Sep,04-Sep,05-Sep,06-Sep,07-Sep,08-Sep,7,7,0
Amravati,Akola,Akola,Akola,Akola,20028565,"Akot 84 VRRWSS Tq. Akola, Akot & Telhara Dist. Akola",Khaparwadi Kh.,229,1,8.94,25.81,1.36,8.80,36.07,10.98,1.68,3903.93,11270.74,593.89,3842.79,15752.62,4793.23,733.62,02-Sep,03-Sep,04-Sep,05-Sep,06-Sep,07-Sep,08-Sep,02-Sep,03-Sep,04-Sep,05-Sep,06-Sep,07-Sep,08-Sep,0,0,7
Amravati,Akola,Akola,Akola,Akola,20028565,"Akot 84 VRRWSS Tq. Akola, Akot & Telhara Dist. Akola",Kutasa,5446,2,0.83,0.00,0.45,9.85,0.04,2.95,0.00,15.24,0.00,8.26,180.87,0.73,54.17,0.00,02-Sep,03-Sep,04-Sep,05-Sep,06-Sep,07-Sep,08-Sep,02-Sep,03-Sep,04-Sep,05-Sep,06-Sep,07-Sep,08-Sep,2,6,1
Amravati,Akola,Akola,Akola,Akola,20028565,"Akot 84 VRRWSS Tq. Akola, Akot & Telhara Dist. Akola",Lotkhed,1143,2,0.00,0.00,0.00,0.00,0.00,0.00,0.00,0.00,0.00,0.00,0.00,0.00,0.00,0.00,02-Sep,03-Sep,04-Sep,05-Sep,06-Sep,07-Sep,08-Sep,02-Sep,03-Sep,04-Sep,05-Sep,06-Sep,07-Sep,08-Sep,7,7,0
Amravati,Akola,Akola,Akola,Akola,20028565,"Akot 84 VRRWSS Tq. Akola, Akot & Telhara Dist. Akola",Maroda,1148,1,0.98,0.00,0.00,0.00,0.00,0.18,1.03,85.37,0.00,0.00,0.00,0.00,15.29,90.11,02-Sep,03-Sep,04-Sep,05-Sep,06-Sep,07-Sep,08-Sep,02-Sep,03-Sep,04-Sep,05-Sep,06-Sep,07-Sep,08-Sep,4,5,2
Amravati,Akola,Akola,Akola,Akola,20028565,"Akot 84 VRRWSS Tq. Akola, Akot & Telhara Dist. Akola",Mundgaon,7199,2,0.00,0.00,0.00,0.28,16.64,36.32,0.00,0.00,0.00,0.00,3.91,231.21,504.57,0.00,02-Sep,03-Sep,04-Sep,05-Sep,06-Sep,07-Sep,08-Sep,02-Sep,03-Sep,04-Sep,05-Sep,06-Sep,07-Sep,08-Sep,4,5,2
Amravati,Akola,Akola,Akola,Akola,20028565,"Akot 84 VRRWSS Tq. Akola, Akot & Telhara Dist. Akola",Nijampur,712,1,0.00,0.00,0.00,0.00,0.00,0.00,0.00,0.00,0.00,0.00,0.00,0.00,0.00,0.00,02-Sep,03-Sep,04-Sep,05-Sep,06-Sep,07-Sep,08-Sep,02-Sep,03-Sep,04-Sep,05-Sep,06-Sep,07-Sep,08-Sep,7,7,0
Amravati,Akola,Akola,Akola,Akola,20028565,"Akot 84 VRRWSS Tq. Akola, Akot & Telhara Dist. Akola",Palsod,2116,2,0.00,0.23,0.00,0.00,0.36,0.62,0.00,0.00,10.80,0.14,0.12,16.87,29.49,0.00,02-Sep,03-Sep,04-Sep,05-Sep,06-Sep,07-Sep,08-Sep,02-Sep,03-Sep,04-Sep,05-Sep,06-Sep,07-Sep,08-Sep,2,7,0
Amravati,Akola,Akola,Akola,Akola,20028565,"Akot 84 VRRWSS Tq. Akola, Akot & Telhara Dist. Akola",Panori,535,1,0.00,0.00,0.00,0.00,0.00,0.00,0.00,0.00,0.00,0.00,0.00,0.00,0.00,0.00,02-Sep,03-Sep,04-Sep,05-Sep,06-Sep,07-Sep,08-Sep,02-Sep,03-Sep,04-Sep,05-Sep,06-Sep,07-Sep,08-Sep,7,7,0
Amravati,Akola,Akola,Akola,Akola,20028565,"Akot 84 VRRWSS Tq. Akola, Akot & Telhara Dist. Akola",Parala,1231,1,,,0.66,0.00,0.00,0.00,0.39,,,53.63,0.00,0.00,0.00,31.62,02-Sep,03-Sep,04-Sep,05-Sep,06-Sep,07-Sep,08-Sep,02-Sep,03-Sep,04-Sep,05-Sep,06-Sep,07-Sep,08-Sep,3,5,0
Amravati,Akola,Akola,Akola,Akola,20028565,"Akot 84 VRRWSS Tq. Akola, Akot & Telhara Dist. Akola",Patsul,972,1,0.00,0.00,2.38,0.00,0.16,0.04,2.76,0.00,0.00,244.86,0.00,16.46,4.12,283.95,02-Sep,03-Sep,04-Sep,05-Sep,06-Sep,07-Sep,08-Sep,02-Sep,03-Sep,04-Sep,05-Sep,06-Sep,07-Sep,08-Sep,3,5,2
Amravati,Akola,Akola,Akola,Akola,20028565,"Akot 84 VRRWSS Tq. Akola, Akot & Telhara Dist. Akola",Pimpari Dikkar,522,1,0.00,0.00,0.98,0.00,0.00,0.01,1.07,0.00,0.00,187.74,0.00,0.00,1.92,204.98,02-Sep,03-Sep,04-Sep,05-Sep,06-Sep,07-Sep,08-Sep,02-Sep,03-Sep,04-Sep,05-Sep,06-Sep,07-Sep,08-Sep,4,5,2
Amravati,Akola,Akola,Akola,Akola,20028565,"Akot 84 VRRWSS Tq. Akola, Akot & Telhara Dist. Akola",Rajurwadi,46,1,0.00,0.00,0.00,0.00,0.00,0.00,0.00,0.00,0.00,0.00,0.00,0.00,0.00,0.00,02-Sep,03-Sep,04-Sep,05-Sep,06-Sep,07-Sep,08-Sep,02-Sep,03-Sep,04-Sep,05-Sep,06-Sep,07-Sep,08-Sep,7,7,0
Amravati,Akola,Akola,Akola,Akola,20028565,"Akot 84 VRRWSS Tq. Akola, Akot & Telhara Dist. Akola",Ronalda,2441,4,0.00,0.00,0.31,0.26,0.00,0.13,0.00,0.00,0.00,12.70,10.65,0.00,5.33,0.00,02-Sep,03-Sep,04-Sep,05-Sep,06-Sep,07-Sep,08-Sep,02-Sep,03-Sep,04-Sep,05-Sep,06-Sep,07-Sep,08-Sep,4,7,0
Amravati,Akola,Akola,Akola,Akola,20028565,"Akot 84 VRRWSS Tq. Akola, Akot & Telhara Dist. Akola",Sangavi,461,1,0.89,0.07,7.15,0.72,0.57,0.69,0.01,193.06,15.18,1550.98,156.18,123.64,149.67,2.17,02-Sep,03-Sep,04-Sep,05-Sep,06-Sep,07-Sep,08-Sep,02-Sep,03-Sep,04-Sep,05-Sep,06-Sep,07-Sep,08-Sep,0,2,5
Amravati,Akola,Akola,Akola,Akola,20028565,"Akot 84 VRRWSS Tq. Akola, Akot & Telhara Dist. Akola",Sonbardi,712,2,0.00,0.00,0.00,0.70,0.08,0.00,0.00,0.00,0.00,0.00,98.31,11.24,0.00,0.00,02-Sep,03-Sep,04-Sep,05-Sep,06-Sep,07-Sep,08-Sep,02-Sep,03-Sep,04-Sep,05-Sep,06-Sep,07-Sep,08-Sep,5,6,1
Amravati,Akola,Akola,Akola,Akola,20028565,"Akot 84 VRRWSS Tq. Akola, Akot & Telhara Dist. Akola",Takli Kh.,1728,4,1.09,1.78,0.80,0.94,0.57,0.30,0.93,63.08,103.02,46.30,54.40,32.76,17.58,53.82,02-Sep,03-Sep,04-Sep,05-Sep,06-Sep,07-Sep,08-Sep,02-Sep,03-Sep,04-Sep,05-Sep,06-Sep,07-Sep,08-Sep,0,5,2
Amravati,Akola,Akola,Akola,Akola,20028565,"Akot 84 VRRWSS Tq. Akola, Akot & Telhara Dist. Akola",Tandulwadi,964,3,2.28,0.00,0.00,0.00,2.37,0.00,0.00,236.51,0.00,0.00,0.00,245.85,0.00,0.00,02-Sep,03-Sep,04-Sep,05-Sep,06-Sep,07-Sep,08-Sep,02-Sep,03-Sep,04-Sep,05-Sep,06-Sep,07-Sep,08-Sep,5,5,2
Amravati,Akola,Akola,Akola,Akola,20028565,"Akot 84 VRRWSS Tq. Akola, Akot & Telhara Dist. Akola",Taroda,755,1,0.01,0.00,0.22,0.01,0.01,0.00,0.00,1.32,0.00,29.14,1.32,1.32,0.00,0.00,02-Sep,03-Sep,04-Sep,05-Sep,06-Sep,07-Sep,08-Sep,02-Sep,03-Sep,04-Sep,05-Sep,06-Sep,07-Sep,08-Sep,3,7,0
Amravati,Akola,Akola,Akola,Akola,20028565,"Akot 84 VRRWSS Tq. Akola, Akot & Telhara Dist. Akola",Wani,373,1,0.00,1.53,0.00,0.00,0.00,1.47,0.41,0.00,410.19,0.00,0.00,0.00,394.10,109.92,02-Sep,03-Sep,04-Sep,05-Sep,06-Sep,07-Sep,08-Sep,02-Sep,03-Sep,04-Sep,05-Sep,06-Sep,07-Sep,08-Sep,4,4,3
Amravati,Akola,Akola,Akola,Akola,20028565,"Akot 84 VRRWSS Tq. Akola, Akot & Telhara Dist. Akola",Warula,1141,1,0.00,0.00,0.00,0.00,0.00,0.00,0.00,0.00,0.00,0.00,0.00,0.00,0.00,0.00,02-Sep,03-Sep,04-Sep,05-Sep,06-Sep,07-Sep,08-Sep,02-Sep,03-Sep,04-Sep,05-Sep,06-Sep,07-Sep,08-Sep,7,7,0
Amravati,Akola,Akola,Akola,Akola,20028565,"Akot 84 VRRWSS Tq. Akola, Akot & Telhara Dist. Akola",Warur,2400,1,0.00,0.00,9.45,4.39,0.00,0.00,0.00,0.00,0.00,393.75,182.74,0.00,0.00,0.00,02-Sep,03-Sep,04-Sep,05-Sep,06-Sep,07-Sep,08-Sep,02-Sep,03-Sep,04-Sep,05-Sep,06-Sep,07-Sep,08-Sep,5,5,2
Amravati,Akola,Akola,Akola,Akola,20039455,Khambora 4 VRRWSS Tq. & Dist. Akola,Borgaon,19711,2,,,,2.96,3.17,3.04,2.84,,,,14.99,16.07,15.43,0.00,02-Sep,03-Sep,04-Sep,05-Sep,06-Sep,07-Sep,08-Sep,02-Sep,03-Sep,04-Sep,05-Sep,06-Sep,07-Sep,08-Sep,1,4,0
Amravati,Akola,Akola,Akola,Akola,20039455,Khambora 4 VRRWSS Tq. & Dist. Akola,Nipana,1527,1,0.00,0.00,0.00,0.00,0.00,0.00,0.00,0.00,0.00,0.00,0.00,0.00,0.00,0.00,02-Sep,03-Sep,04-Sep,05-Sep,06-Sep,07-Sep,08-Sep,02-Sep,03-Sep,04-Sep,05-Sep,06-Sep,07-Sep,08-Sep,7,7,0
Amravati,Akola,Akola,Akola,Akola,20039455,Khambora 4 VRRWSS Tq. & Dist. Akola,Sukali,1195,2,0.93,1.41,1.10,1.44,1.13,1.28,1.15,78.19,117.64,91.92,120.31,94.38,106.89,96.58,02-Sep,03-Sep,04-Sep,05-Sep,06-Sep,07-Sep,08-Sep,02-Sep,03-Sep,04-Sep,05-Sep,06-Sep,07-Sep,08-Sep,0,0,7
Amravati,Akola,Akola,Akola,Akot,20028420,Popatkhed 97 VRRWSS Tq. Akot & Telhara Dist. Akola,Ambola,3514,2,1.73,1.88,1.78,1.83,1.54,1.77,1.73,49.37,53.42,50.75,52.00,43.91,50.47,49.23,02-Sep,03-Sep,04-Sep,05-Sep,06-Sep,07-Sep,08-Sep,02-Sep,03-Sep,04-Sep,05-Sep,06-Sep,07-Sep,08-Sep,0,7,0
Amravati,Akola,Akola,Akola,Akot,20028420,Popatkhed 97 VRRWSS Tq. Akot & Telhara Dist. Akola,Amona,393,1,,,1.76,0.83,1.82,0.67,0.15,,,447.84,210.68,462.46,170.09,37.35,02-Sep,03-Sep,04-Sep,05-Sep,06-Sep,07-Sep,08-Sep,02-Sep,03-Sep,04-Sep,05-Sep,06-Sep,07-Sep,08-Sep,0,1,4
Amravati,Akola,Akola,Akola,Akot,20028420,Popatkhed 97 VRRWSS Tq. Akot & Telhara Dist. Akola,Bambarda Bk.,991,1,0.15,3.09,24.41,0.01,0.13,0.94,0.67,15.14,311.81,2463.07,1.01,13.12,94.85,67.61,02-Sep,03-Sep,04-Sep,05-Sep,06-Sep,07-Sep,08-Sep,02-Sep,03-Sep,04-Sep,05-Sep,06-Sep,07-Sep,08-Sep,0,3,4
Amravati,Akola,Akola,Akola,Akot,20028420,Popatkhed 97 VRRWSS Tq. Akot & Telhara Dist. Akola,Bochara,498,1,21.46,43.68,4.77,4.99,4.72,4.33,2.96,4309.24,8770.18,957.83,1002.01,947.79,869.48,594.38,02-Sep,03-Sep,04-Sep,05-Sep,06-Sep,07-Sep,08-Sep,02-Sep,03-Sep,04-Sep,05-Sep,06-Sep,07-Sep,08-Sep,0,0,7
Amravati,Akola,Akola,Akola,Akot,20028420,Popatkhed 97 VRRWSS Tq. Akot & Telhara Dist. Akola,Chinchpani,547,1,0.00,0.47,0.57,0.44,0.43,0.00,0.00,0.00,86.44,104.97,80.32,77.82,0.00,0.00,02-Sep,03-Sep,04-Sep,05-Sep,06-Sep,07-Sep,08-Sep,02-Sep,03-Sep,04-Sep,05-Sep,06-Sep,07-Sep,08-Sep,3,3,4
Amravati,Akola,Akola,Akola,Akot,20028420,Popatkhed 97 VRRWSS Tq. Akot & Telhara Dist. Akola,Deulgaon,1463,2,0.00,0.00,0.00,0.00,0.00,0.00,0.00,0.00,0.00,0.00,0.00,0.00,0.00,0.00,02-Sep,03-Sep,04-Sep,05-Sep,06-Sep,07-Sep,08-Sep,02-Sep,03-Sep,04-Sep,05-Sep,06-Sep,07-Sep,08-Sep,7,7,0
Amravati,Akola,Akola,Akola,Akot,20028420,Popatkhed 97 VRRWSS Tq. Akot & Telhara Dist. Akola,Diwthana,882,2,1.14,1.39,1.10,1.03,1.02,1.14,1.03,129.32,157.99,124.30,117.29,115.10,129.49,116.72,02-Sep,03-Sep,04-Sep,05-Sep,06-Sep,07-Sep,08-Sep,02-Sep,03-Sep,04-Sep,05-Sep,06-Sep,07-Sep,08-Sep,0,0,7
Amravati,Akola,Akola,Akola,Akot,20028420,Popatkhed 97 VRRWSS Tq. Akot & Telhara Dist. Akola,Gulghat,771,2,0.76,0.00,0.77,0.00,0.68,0.00,0.92,98.50,0.00,99.95,0.00,88.23,0.00,118.99,02-Sep,03-Sep,04-Sep,05-Sep,06-Sep,07-Sep,08-Sep,02-Sep,03-Sep,04-Sep,05-Sep,06-Sep,07-Sep,08-Sep,3,3,4
Amravati,Akola,Akola,Akola,Akot,20028420,Popatkhed 97 VRRWSS Tq. Akot & Telhara Dist. Akola,Jalgaon Nahate,1424,2,0.19,0.19,0.19,0.16,0.35,0.53,0.21,13.38,13.03,13.55,11.50,24.37,37.16,14.71,02-Sep,03-Sep,04-Sep,05-Sep,06-Sep,07-Sep,08-Sep,02-Sep,03-Sep,04-Sep,05-Sep,06-Sep,07-Sep,08-Sep,0,7,0
Amravati,Akola,Akola,Akola,Akot,20028420,Popatkhed 97 VRRWSS Tq. Akot & Telhara Dist. Akola,Jitapur Pr. Rupagad,256,3,0.00,0.20,0.17,0.18,0.24,0.08,0.12,0.00,79.20,65.90,68.54,93.58,29.91,47.44,02-Sep,03-Sep,04-Sep,05-Sep,06-Sep,07-Sep,08-Sep,02-Sep,03-Sep,04-Sep,05-Sep,06-Sep,07-Sep,08-Sep,1,3,4
Amravati,Akola,Akola,Akola,Akot,20028420,Popatkhed 97 VRRWSS Tq. Akot & Telhara Dist. Akola,Khairkhed,1157,2,0.00,2.29,1.48,1.37,1.08,1.52,1.62,0.00,197.93,127.92,118.41,93.34,131.37,140.02,02-Sep,03-Sep,04-Sep,05-Sep,06-Sep,07-Sep,08-Sep,02-Sep,03-Sep,04-Sep,05-Sep,06-Sep,07-Sep,08-Sep,1,1,6
Amravati,Akola,Akola,Akola,Akot,20028420,Popatkhed 97 VRRWSS Tq. Akot & Telhara Dist. Akola,Kund,327,1,0.10,0.23,0.50,0.00,0.06,0.33,0.34,30.44,70.46,153.28,0.00,17.21,100.85,104.28,02-Sep,03-Sep,04-Sep,05-Sep,06-Sep,07-Sep,08-Sep,02-Sep,03-Sep,04-Sep,05-Sep,06-Sep,07-Sep,08-Sep,1,3,4
Amravati,Akola,Akola,Akola,Akot,20028420,Popatkhed 97 VRRWSS Tq. Akot & Telhara Dist. Akola,Machanpur,1124,2,0.46,0.25,0.44,0.44,0.38,0.25,0.46,40.50,22.67,39.06,39.10,33.76,22.48,41.09,02-Sep,03-Sep,04-Sep,05-Sep,06-Sep,07-Sep,08-Sep,02-Sep,03-Sep,04-Sep,05-Sep,06-Sep,07-Sep,08-Sep,0,7,0
Amravati,Akola,Akola,Akola,Akot,20028420,Popatkhed 97 VRRWSS Tq. Akot & Telhara Dist. Akola,Makrampur,842,2,0.84,1.25,1.18,0.96,1.21,1.16,0.88,99.76,148.46,140.14,114.01,143.71,137.77,104.51,02-Sep,03-Sep,04-Sep,05-Sep,06-Sep,07-Sep,08-Sep,02-Sep,03-Sep,04-Sep,05-Sep,06-Sep,07-Sep,08-Sep,0,0,7
Amravati,Akola,Akola,Akola,Akot,20028420,Popatkhed 97 VRRWSS Tq. Akot & Telhara Dist. Akola,Mardi,637,1,0.00,0.00,0.00,0.00,0.00,0.00,0.00,0.00,0.00,0.00,0.00,0.00,0.00,0.00,02-Sep,03-Sep,04-Sep,05-Sep,06-Sep,07-Sep,08-Sep,02-Sep,03-Sep,04-Sep,05-Sep,06-Sep,07-Sep,08-Sep,7,7,0
Amravati,Akola,Akola,Akola,Akot,20028420,Popatkhed 97 VRRWSS Tq. Akot & Telhara Dist. Akola,Mohala,3873,2,0.00,0.00,0.00,0.00,0.00,0.00,0.00,0.00,0.00,0.00,0.00,0.00,0.00,0.00,02-Sep,03-Sep,04-Sep,05-Sep,06-Sep,07-Sep,08-Sep,02-Sep,03-Sep,04-Sep,05-Sep,06-Sep,07-Sep,08-Sep,7,7,0
Amravati,Akola,Akola,Akola,Akot,20028420,Popatkhed 97 VRRWSS Tq. Akot & Telhara Dist. Akola,Panj,5584,2,0.92,1.79,1.63,1.56,1.46,0.77,1.46,16.55,32.10,29.13,27.98,26.13,13.87,26.23,02-Sep,03-Sep,04-Sep,05-Sep,06-Sep,07-Sep,08-Sep,02-Sep,03-Sep,04-Sep,05-Sep,06-Sep,07-Sep,08-Sep,0,7,0
Amravati,Akola,Akola,Akola,Akot,20028420,Popatkhed 97 VRRWSS Tq. Akot & Telhara Dist. Akola,Pimpri Jainpur,954,2,9.98,13.29,11.41,16.09,0.00,17.59,12.27,1046.12,1393.08,1196.02,1686.58,0.00,1843.82,1286.16,02-Sep,03-Sep,04-Sep,05-Sep,06-Sep,07-Sep,08-Sep,02-Sep,03-Sep,04-Sep,05-Sep,06-Sep,07-Sep,08-Sep,1,1,6
Amravati,Akola,Akola,Akola,Akot,20028420,Popatkhed 97 VRRWSS Tq. Akot & Telhara Dist. Akola,Popatkhed,295,4,,,0.34,0.00,1.03,0.42,0.00,,,116.49,0.00,350.22,140.79,0.01,02-Sep,03-Sep,04-Sep,05-Sep,06-Sep,07-Sep,08-Sep,02-Sep,03-Sep,04-Sep,05-Sep,06-Sep,07-Sep,08-Sep,1,2,3
Amravati,Akola,Akola,Akola,Akot,20028420,Popatkhed 97 VRRWSS Tq. Akot & Telhara Dist. Akola,Rambhapur,652,1,0.37,0.79,0.60,1.58,0.02,0.70,0.68,57.10,121.35,91.94,241.57,3.08,106.70,104.05,02-Sep,03-Sep,04-Sep,05-Sep,06-Sep,07-Sep,08-Sep,02-Sep,03-Sep,04-Sep,05-Sep,06-Sep,07-Sep,08-Sep,0,1,6
Amravati,Akola,Akola,Akola,Akot,20028420,Popatkhed 97 VRRWSS Tq. Akot & Telhara Dist. Akola,Rampur Dharul,1247,2,1.22,1.30,1.22,0.64,0.65,0.53,0.61,97.83,104.25,97.83,51.32,52.13,42.50,48.92,02-Sep,03-Sep,04-Sep,05-Sep,06-Sep,07-Sep,08-Sep,02-Sep,03-Sep,04-Sep,05-Sep,06-Sep,07-Sep,08-Sep,0,4,3
Amravati,Akola,Akola,Akola,Akot,20028420,Popatkhed 97 VRRWSS Tq. Akot & Telhara Dist. Akola,Shahapur Pr. Rupagad,1093,2,0.00,0.00,0.00,0.00,0.00,0.00,0.00,0.00,0.00,0.00,0.00,0.00,0.00,0.00,02-Sep,03-Sep,04-Sep,05-Sep,06-Sep,07-Sep,08-Sep,02-Sep,03-Sep,04-Sep,05-Sep,06-Sep,07-Sep,08-Sep,7,7,0
Amravati,Akola,Akola,Akola,Akot,20028420,Popatkhed 97 VRRWSS Tq. Akot & Telhara Dist. Akola,Shivpur,2631,3,,,0.00,0.00,0.00,0.00,0.00,,,0.00,0.00,0.00,0.00,0.00,02-Sep,03-Sep,04-Sep,05-Sep,06-Sep,07-Sep,08-Sep,02-Sep,03-Sep,04-Sep,05-Sep,06-Sep,07-Sep,08-Sep,5,5,0
Amravati,Akola,Akola,Akola,Akot,20028420,Popatkhed 97 VRRWSS Tq. Akot & Telhara Dist. Akola,Somthana,626,1,0.00,0.00,0.00,0.00,0.00,0.00,0.00,0.00,0.00,0.00,0.00,0.00,0.00,0.00,02-Sep,03-Sep,04-Sep,05-Sep,06-Sep,07-Sep,08-Sep,02-Sep,03-Sep,04-Sep,05-Sep,06-Sep,07-Sep,08-Sep,7,7,0
Amravati,Akola,Akola,Akola,Akot,20028420,Popatkhed 97 VRRWSS Tq. Akot & Telhara Dist. Akola,Vitali,678,1,0.00,0.00,0.00,3.25,6.86,0.00,0.00,0.00,0.00,0.00,479.35,1011.80,0.00,0.00,02-Sep,03-Sep,04-Sep,05-Sep,06-Sep,07-Sep,08-Sep,02-Sep,03-Sep,04-Sep,05-Sep,06-Sep,07-Sep,08-Sep,5,5,2
Amravati,Akola,Akola,Akola,Akot,20028420,Popatkhed 97 VRRWSS Tq. Akot & Telhara Dist. Akola,Waai,671,2,0.22,0.22,0.20,0.22,0.21,0.22,0.21,32.76,32.93,29.94,32.39,31.44,33.27,31.18,02-Sep,03-Sep,04-Sep,05-Sep,06-Sep,07-Sep,08-Sep,02-Sep,03-Sep,04-Sep,05-Sep,06-Sep,07-Sep,08-Sep,0,7,0
Amravati,Akola,Akola,Akola,Akot,20028420,Popatkhed 97 VRRWSS Tq. Akot & Telhara Dist. Akola,Wadali Deshmukh,3704,2,0.00,0.00,0.00,0.00,0.00,0.00,0.00,0.00,0.00,0.00,0.00,0.00,0.00,0.00,02-Sep,03-Sep,04-Sep,05-Sep,06-Sep,07-Sep,08-Sep,02-Sep,03-Sep,04-Sep,05-Sep,06-Sep,07-Sep,08-Sep,7,7,0
Amravati,Akola,Akola,Akola,Akot,20028420,Popatkhed 97 VRRWSS Tq. Akot & Telhara Dist. Akola,Wadali Satwai,2205,1,2.15,2.27,1.94,1.99,1.87,1.76,1.90,97.46,102.84,87.86,90.03,84.70,79.82,86.12,02-Sep,03-Sep,04-Sep,05-Sep,06-Sep,07-Sep,08-Sep,02-Sep,03-Sep,04-Sep,05-Sep,06-Sep,07-Sep,08-Sep,0,0,7
Amravati,Akola,Akola,Akola,Akot,20028420,Popatkhed 97 VRRWSS Tq. Akot & Telhara Dist. Akola,Wadgaon Mendhe,927,3,1.33,1.50,0.44,1.36,1.41,1.51,0.29,143.55,161.72,47.53,146.45,151.59,163.16,30.77,02-Sep,03-Sep,04-Sep,05-Sep,06-Sep,07-Sep,08-Sep,02-Sep,03-Sep,04-Sep,05-Sep,06-Sep,07-Sep,08-Sep,0,2,5
Amravati,Akola,Akola,Akola,Akot,20028420,Popatkhed 97 VRRWSS Tq. Akot & Telhara Dist. Akola,Wastapur,1565,2,0.00,0.00,0.00,0.00,0.00,0.00,0.00,0.00,0.00,0.00,0.00,0.00,0.00,0.00,02-Sep,03-Sep,04-Sep,05-Sep,06-Sep,07-Sep,08-Sep,02-Sep,03-Sep,04-Sep,05-Sep,06-Sep,07-Sep,08-Sep,7,7,0
Amravati,Akola,Akola,Akola,Balapur,20028254,Balapur 69 VRRWSS Tq. Balapur Dist. Akola,Antri Malkapur,1755,1,0.00,0.00,0.00,0.00,0.00,0.00,0.00,0.00,0.00,0.00,0.00,0.00,0.00,0.00,02-Sep,03-Sep,04-Sep,05-Sep,06-Sep,07-Sep,08-Sep,02-Sep,03-Sep,04-Sep,05-Sep,06-Sep,07-Sep,08-Sep,7,7,0
Amravati,Akola,Akola,Akola,Balapur,20028254,Balapur 69 VRRWSS Tq. Balapur Dist. Akola,Karanja Ramjan,1287,2,0.38,2.47,0.50,2.75,0.85,0.65,2.97,29.47,191.86,38.78,214.02,66.00,50.50,230.83,02-Sep,03-Sep,04-Sep,05-Sep,06-Sep,07-Sep,08-Sep,02-Sep,03-Sep,04-Sep,05-Sep,06-Sep,07-Sep,08-Sep,0,3,4
Amravati,Akola,Akola,Akola,Barshitakali,20028235,Dhaba & 13 Villages RRWSS Tq.Barshitakali Dist.Akola,Jalalabad,867,2,,0.00,3.57,2.60,3.71,2.84,2.74,,0.00,412.06,299.72,427.48,327.73,316.03,02-Sep,03-Sep,04-Sep,05-Sep,06-Sep,07-Sep,08-Sep,02-Sep,03-Sep,04-Sep,05-Sep,06-Sep,07-Sep,08-Sep,1,1,5
Amravati,Akola,Akola,Akola,Barshitakali,20028235,Dhaba & 13 Villages RRWSS Tq.Barshitakali Dist.Akola,Januna,1827,2,,0.00,0.54,0.41,0.50,0.74,0.18,,0.00,29.55,22.39,27.37,40.39,9.76,02-Sep,03-Sep,04-Sep,05-Sep,06-Sep,07-Sep,08-Sep,02-Sep,03-Sep,04-Sep,05-Sep,06-Sep,07-Sep,08-Sep,1,6,0
Amravati,Akola,Akola,Akola,Barshitakali,20028235,Dhaba & 13 Villages RRWSS Tq.Barshitakali Dist.Akola,Patkhed,1537,3,,0.00,3.14,20.68,0.09,3.67,9.51,,0.00,204.28,1345.51,6.07,238.62,618.65,02-Sep,03-Sep,04-Sep,05-Sep,06-Sep,07-Sep,08-Sep,02-Sep,03-Sep,04-Sep,05-Sep,06-Sep,07-Sep,08-Sep,1,2,4
Amravati,Akola,Akola,Akola,Barshitakali,20028235,Dhaba & 13 Villages RRWSS Tq.Barshitakali Dist.Akola,Rajanda,4346,3,,0.00,3.09,1.22,0.09,2.66,2.79,,0.00,71.11,28.14,2.11,61.22,64.16,02-Sep,03-Sep,04-Sep,05-Sep,06-Sep,07-Sep,08-Sep,02-Sep,03-Sep,04-Sep,05-Sep,06-Sep,07-Sep,08-Sep,1,3,3
Amravati,Akola,Akola,Akola,Barshitakali,20028246,Kanheri & 10 Villages RRWSS Tq. Barshitakli. Dist.Akola,kanheri,5509,2,,,,4.29,4.42,5.14,4.18,,,,77.93,80.22,93.30,0.00,02-Sep,03-Sep,04-Sep,05-Sep,06-Sep,07-Sep,08-Sep,02-Sep,03-Sep,04-Sep,05-Sep,06-Sep,07-Sep,08-Sep,1,1,3
Amravati,Akola,Akola,Akola,Barshitakali,20028246,Kanheri & 10 Villages RRWSS Tq. Barshitakli. Dist.Akola,Pimpalkhuta,1447,3,,,,1.66,1.71,1.15,,,,,114.70,117.89,79.26,,02-Sep,03-Sep,04-Sep,05-Sep,06-Sep,07-Sep,08-Sep,02-Sep,03-Sep,04-Sep,05-Sep,06-Sep,07-Sep,08-Sep,0,0,3
Amravati,Akola,Akola,Akola,Barshitakali,20028246,Kanheri & 10 Villages RRWSS Tq. Barshitakli. Dist.Akola,Rustamabaad,2036,2,,,,1.93,1.63,1.80,1.57,,,,94.83,79.94,88.27,0.00,02-Sep,03-Sep,04-Sep,05-Sep,06-Sep,07-Sep,08-Sep,02-Sep,03-Sep,04-Sep,05-Sep,06-Sep,07-Sep,08-Sep,1,1,3
Amravati,Akola,Akola,Akola,Barshitakali,20028246,Kanheri & 10 Villages RRWSS Tq. Barshitakli. Dist.Akola,Sarav,1206,2,,,,1.13,1.29,1.08,1.31,,,,93.55,107.07,89.78,0.00,02-Sep,03-Sep,04-Sep,05-Sep,06-Sep,07-Sep,08-Sep,02-Sep,03-Sep,04-Sep,05-Sep,06-Sep,07-Sep,08-Sep,1,1,3
Amravati,Akola,Akola,Akola,Barshitakali,20028246,Kanheri & 10 Villages RRWSS Tq. Barshitakli. Dist.Akola,Wizora,2318,2,,,,4.39,4.42,2.38,2.18,,,,189.30,190.84,102.68,0.00,02-Sep,03-Sep,04-Sep,05-Sep,06-Sep,07-Sep,08-Sep,02-Sep,03-Sep,04-Sep,05-Sep,06-Sep,07-Sep,08-Sep,1,1,3
Amravati,Akola,Akola,Akola,Barshitakali,20028246,Kanheri & 10 Villages RRWSS Tq. Barshitakli. Dist.Akola,Yeranda,1932,2,,,,0.86,1.24,1.37,0.96,,,,44.33,64.19,71.14,0.00,02-Sep,03-Sep,04-Sep,05-Sep,06-Sep,07-Sep,08-Sep,02-Sep,03-Sep,04-Sep,05-Sep,06-Sep,07-Sep,08-Sep,1,2,2
Amravati,Akola,Akola,Akola,Telhara,20028420,Popatkhed 97 VRRWSS Tq. Akot & Telhara Dist. Akola,Pimperkhed,1779,2,8.60,5.05,12.02,4.75,7.81,0.00,9.19,483.42,283.87,675.66,267.00,439.01,0.00,516.58,02-Sep,03-Sep,04-Sep,05-Sep,06-Sep,07-Sep,08-Sep,02-Sep,03-Sep,04-Sep,05-Sep,06-Sep,07-Sep,08-Sep,1,1,6
Amravati,Akola,Akola,Akola,Telhara,20028565,"Akot 84 VRRWSS Tq. Akola, Akot & Telhara Dist. Akola",Ner,1646,1,0.00,0.00,0.00,0.00,0.00,0.00,0.00,0.00,0.00,0.00,0.00,0.00,0.00,0.00,02-Sep,03-Sep,04-Sep,05-Sep,06-Sep,07-Sep,08-Sep,02-Sep,03-Sep,04-Sep,05-Sep,06-Sep,07-Sep,08-Sep,7,7,0
Amravati,Akola,Akola,Murtizapur,Murtizapur,20028270,"Lakhpuri 18 VRRWSS Tq. Murtizapur, Dist. Akola",Ghungshi,636,1,1.10,1.10,0.72,1.03,1.03,1.06,1.16,172.69,172.61,113.35,162.03,162.02,166.54,182.18,02-Sep,03-Sep,04-Sep,05-Sep,06-Sep,07-Sep,08-Sep,02-Sep,03-Sep,04-Sep,05-Sep,06-Sep,07-Sep,08-Sep,0,0,7
Amravati,Akola,Akola,Murtizapur,Murtizapur,20028270,"Lakhpuri 18 VRRWSS Tq. Murtizapur, Dist. Akola",Jambha Bk.,2328,2,0.06,0.01,0.10,0.11,0.03,0.24,0.41,2.36,0.23,4.24,4.80,1.29,10.51,17.49,02-Sep,03-Sep,04-Sep,05-Sep,06-Sep,07-Sep,08-Sep,02-Sep,03-Sep,04-Sep,05-Sep,06-Sep,07-Sep,08-Sep,0,7,0
Amravati,Akola,Akola,Murtizapur,Murtizapur,20028270,"Lakhpuri 18 VRRWSS Tq. Murtizapur, Dist. Akola",Lait,581,1,0.68,1.40,0.63,0.66,0.94,0.88,0.60,116.34,240.29,108.80,113.96,160.97,151.82,104.02,02-Sep,03-Sep,04-Sep,05-Sep,06-Sep,07-Sep,08-Sep,02-Sep,03-Sep,04-Sep,05-Sep,06-Sep,07-Sep,08-Sep,0,0,7
Amravati,Akola,Akola,Murtizapur,Murtizapur,20028270,"Lakhpuri 18 VRRWSS Tq. Murtizapur, Dist. Akola",Lakhpuri,3562,3,3.28,1.88,2.03,2.83,1.77,2.31,1.50,92.08,52.85,57.02,79.34,49.57,64.82,42.09,02-Sep,03-Sep,04-Sep,05-Sep,06-Sep,07-Sep,08-Sep,02-Sep,03-Sep,04-Sep,05-Sep,06-Sep,07-Sep,08-Sep,0,3,4
Amravati,Akola,Akola,Murtizapur,Murtizapur,20028270,"Lakhpuri 18 VRRWSS Tq. Murtizapur, Dist. Akola",Mangrul Kambe,1837,3,2.41,3.51,2.40,3.47,2.59,2.20,2.82,131.30,191.05,130.82,189.12,141.13,119.65,153.49,02-Sep,03-Sep,04-Sep,05-Sep,06-Sep,07-Sep,08-Sep,02-Sep,03-Sep,04-Sep,05-Sep,06-Sep,07-Sep,08-Sep,0,0,7
Amravati,Akola,Akola,Murtizapur,Murtizapur,20028270,"Lakhpuri 18 VRRWSS Tq. Murtizapur, Dist. Akola",Rasulpur,446,1,0.58,0.53,0.00,0.92,0.51,0.54,0.66,129.92,117.99,0.00,206.24,115.44,121.54,148.00,02-Sep,03-Sep,04-Sep,05-Sep,06-Sep,07-Sep,08-Sep,02-Sep,03-Sep,04-Sep,05-Sep,06-Sep,07-Sep,08-Sep,1,1,6
Amravati,Akola,Akola,Murtizapur,Murtizapur,20028270,"Lakhpuri 18 VRRWSS Tq. Murtizapur, Dist. Akola",Virwada,818,1,0.00,0.00,0.00,0.00,0.00,0.00,0.00,0.00,0.00,0.00,0.00,0.00,0.00,0.00,02-Sep,03-Sep,04-Sep,05-Sep,06-Sep,07-Sep,08-Sep,02-Sep,03-Sep,04-Sep,05-Sep,06-Sep,07-Sep,08-Sep,7,7,0
Amravati,Akola,Akola,Murtizapur,Murtizapur,20028298,Kurum & 2 VRRWSS Tq.Murtizapur Dist. Akola,Kurum,7124,3,0.00,0.00,0.00,0.00,0.00,0.00,0.00,0.00,0.00,0.00,0.00,0.00,0.00,0.00,02-Sep,03-Sep,04-Sep,05-Sep,06-Sep,07-Sep,08-Sep,02-Sep,03-Sep,04-Sep,05-Sep,06-Sep,07-Sep,08-Sep,7,7,0
Amravati,Akola,Akola,Murtizapur,Murtizapur,20028308,Pinjar & 2 VRRWSS Tq.Barshitakali Dist.Akola,Junana,2252,2,0.00,0.00,0.00,0.95,1.15,1.10,0.88,0.00,0.00,0.00,42.25,51.10,48.67,39.04,02-Sep,03-Sep,04-Sep,05-Sep,06-Sep,07-Sep,08-Sep,02-Sep,03-Sep,04-Sep,05-Sep,06-Sep,07-Sep,08-Sep,3,7,0
Amravati,Akola,Akola,Murtizapur,Murtizapur,20028308,Pinjar & 2 VRRWSS Tq.Barshitakali Dist.Akola,Pinjar,9112,3,1.30,0.23,0.14,3.38,4.10,2.98,3.27,14.26,2.54,1.50,37.06,45.00,32.73,35.91,02-Sep,03-Sep,04-Sep,05-Sep,06-Sep,07-Sep,08-Sep,02-Sep,03-Sep,04-Sep,05-Sep,06-Sep,07-Sep,08-Sep,0,7,0
Amravati,Akola,Akola,Murtizapur,Murtizapur,20028330,Langhapur 50 VRRWSS Tq. Murtizapur Dist. Akola,Anbhora,396,1,31.80,66.37,73.77,13.43,11.48,6.99,0.00,8030.30,16759.98,18628.79,3391.41,2898.99,1765.15,0.00,02-Sep,03-Sep,04-Sep,05-Sep,06-Sep,07-Sep,08-Sep,02-Sep,03-Sep,04-Sep,05-Sep,06-Sep,07-Sep,08-Sep,1,1,6
Amravati,Akola,Akola,Murtizapur,Murtizapur,20028330,Langhapur 50 VRRWSS Tq. Murtizapur Dist. Akola,Borta,303,2,0.00,0.00,0.86,0.00,0.00,0.00,0.85,0.00,0.00,283.52,0.00,0.00,0.00,282.13,02-Sep,03-Sep,04-Sep,05-Sep,06-Sep,07-Sep,08-Sep,02-Sep,03-Sep,04-Sep,05-Sep,06-Sep,07-Sep,08-Sep,5,5,2
Amravati,Akola,Akola,Murtizapur,Murtizapur,20028330,Langhapur 50 VRRWSS Tq. Murtizapur Dist. Akola,Chikhli,314,2,0.00,0.00,0.00,0.00,0.00,0.00,0.00,0.00,0.00,0.00,0.00,0.00,0.00,0.00,02-Sep,03-Sep,04-Sep,05-Sep,06-Sep,07-Sep,08-Sep,02-Sep,03-Sep,04-Sep,05-Sep,06-Sep,07-Sep,08-Sep,7,7,0
Amravati,Akola,Akola,Murtizapur,Murtizapur,20028330,Langhapur 50 VRRWSS Tq. Murtizapur Dist. Akola,Dahatonda,302,1,1.35,1.57,1.42,1.20,1.39,1.52,1.51,448.11,521.31,471.03,396.11,459.10,503.13,498.42,02-Sep,03-Sep,04-Sep,05-Sep,06-Sep,07-Sep,08-Sep,02-Sep,03-Sep,04-Sep,05-Sep,06-Sep,07-Sep,08-Sep,0,0,7
Amravati,Akola,Akola,Murtizapur,Murtizapur,20028330,Langhapur 50 VRRWSS Tq. Murtizapur Dist. Akola,Dhotra shinde,455,2,0.00,0.00,0.00,0.76,0.00,0.00,0.00,0.00,0.00,0.00,167.03,0.00,0.00,0.00,02-Sep,03-Sep,04-Sep,05-Sep,06-Sep,07-Sep,08-Sep,02-Sep,03-Sep,04-Sep,05-Sep,06-Sep,07-Sep,08-Sep,6,6,1
Amravati,Akola,Akola,Murtizapur,Murtizapur,20028330,Langhapur 50 VRRWSS Tq. Murtizapur Dist. Akola,Nimba,541,1,0.00,0.00,0.00,0.00,0.00,0.00,0.00,0.00,0.00,0.00,0.00,0.00,0.00,0.00,02-Sep,03-Sep,04-Sep,05-Sep,06-Sep,07-Sep,08-Sep,02-Sep,03-Sep,04-Sep,05-Sep,06-Sep,07-Sep,08-Sep,7,7,0
Amravati,Akola,Akola,Murtizapur,Murtizapur,20028330,Langhapur 50 VRRWSS Tq. Murtizapur Dist. Akola,Pohi,301,1,1.84,0.88,1.15,1.23,1.58,1.23,1.60,611.20,291.47,380.83,408.27,525.77,410.26,530.46,02-Sep,03-Sep,04-Sep,05-Sep,06-Sep,07-Sep,08-Sep,02-Sep,03-Sep,04-Sep,05-Sep,06-Sep,07-Sep,08-Sep,0,0,7
Amravati,Akola,Akola,Murtizapur,Murtizapur,20028330,Langhapur 50 VRRWSS Tq. Murtizapur Dist. Akola,Rajura Ghate,268,1,0.00,0.00,2.11,0.00,0.00,2.03,0.01,0.00,0.00,787.31,0.00,0.00,757.46,3.73,02-Sep,03-Sep,04-Sep,05-Sep,06-Sep,07-Sep,08-Sep,02-Sep,03-Sep,04-Sep,05-Sep,06-Sep,07-Sep,08-Sep,4,5,2
Amravati,Akola,Akola,Murtizapur,Murtizapur,20028330,Langhapur 50 VRRWSS Tq. Murtizapur Dist. Akola,Sirso,1395,3,0.00,0.00,1.53,0.00,1.81,0.08,1.75,0.00,0.00,109.99,0.00,129.57,5.67,125.39,02-Sep,03-Sep,04-Sep,05-Sep,06-Sep,07-Sep,08-Sep,02-Sep,03-Sep,04-Sep,05-Sep,06-Sep,07-Sep,08-Sep,3,4,3
Amravati,Akola,Akola,Murtizapur,Murtizapur,20028330,Langhapur 50 VRRWSS Tq. Murtizapur Dist. Akola,Sonori,597,2,0.67,1.36,0.42,0.00,0.04,1.56,1.03,112.23,227.81,70.35,0.00,6.70,261.31,172.53,02-Sep,03-Sep,04-Sep,05-Sep,06-Sep,07-Sep,08-Sep,02-Sep,03-Sep,04-Sep,05-Sep,06-Sep,07-Sep,08-Sep,1,2,5
Amravati,Akola,Buldhana,Buldhana,Buldhana,20021406,Padali & 5 Villages RRWSS,Gondhankhed,413,1,0.00,0.00,0.00,0.00,0.00,0.00,0.00,0.00,0.00,0.00,0.00,0.00,0.00,0.00,02-Sep,03-Sep,04-Sep,05-Sep,06-Sep,07-Sep,08-Sep,02-Sep,03-Sep,04-Sep,05-Sep,06-Sep,07-Sep,08-Sep,7,7,0
Amravati,Akola,Buldhana,Buldhana,Buldhana,20021406,Padali & 5 Villages RRWSS,Ijalpur,817,1,0.01,0.00,0.01,0.00,0.01,0.01,0.00,1.22,0.00,1.22,0.00,1.22,1.22,0.00,02-Sep,03-Sep,04-Sep,05-Sep,06-Sep,07-Sep,08-Sep,02-Sep,03-Sep,04-Sep,05-Sep,06-Sep,07-Sep,08-Sep,3,7,0
Amravati,Akola,Buldhana,Buldhana,Buldhana,20021406,Padali & 5 Villages RRWSS,Merkhed,125,1,0.00,0.00,0.00,0.00,0.00,0.00,0.00,0.00,0.00,0.00,0.00,0.00,0.00,0.00,02-Sep,03-Sep,04-Sep,05-Sep,06-Sep,07-Sep,08-Sep,02-Sep,03-Sep,04-Sep,05-Sep,06-Sep,07-Sep,08-Sep,7,7,0
Amravati,Akola,Buldhana,Buldhana,Buldhana,20021406,Padali & 5 Villages RRWSS,Padli,2502,2,0.00,0.00,0.00,0.00,0.00,0.00,0.00,0.12,0.00,0.00,0.00,0.00,0.00,0.00,02-Sep,03-Sep,04-Sep,05-Sep,06-Sep,07-Sep,08-Sep,02-Sep,03-Sep,04-Sep,05-Sep,06-Sep,07-Sep,08-Sep,6,7,0
Amravati,Akola,Buldhana,Buldhana,Buldhana,20021406,Padali & 5 Villages RRWSS,Palaskhed Nago,712,1,0.81,0.00,0.00,0.00,0.00,0.00,0.00,113.76,0.00,0.00,0.00,0.00,0.00,0.00,02-Sep,03-Sep,04-Sep,05-Sep,06-Sep,07-Sep,08-Sep,02-Sep,03-Sep,04-Sep,05-Sep,06-Sep,07-Sep,08-Sep,6,6,1
Amravati,Akola,Buldhana,Buldhana,Buldhana,20021406,Padali & 5 Villages RRWSS,Palaskhed Naik,1098,1,0.00,0.00,0.00,0.00,0.00,0.00,0.00,0.00,0.00,0.00,0.00,0.00,0.00,0.00,02-Sep,03-Sep,04-Sep,05-Sep,06-Sep,07-Sep,08-Sep,02-Sep,03-Sep,04-Sep,05-Sep,06-Sep,07-Sep,08-Sep,7,7,0
Amravati,Akola,Buldhana,Buldhana,Buldhana,20094594,Hatedi & 5 Villages RRWSS,Chikhla,1352,2,0.00,1.20,0.00,1.20,0.00,1.11,0.00,0.00,89.09,0.00,88.50,0.00,82.00,0.00,02-Sep,03-Sep,04-Sep,05-Sep,06-Sep,07-Sep,08-Sep,02-Sep,03-Sep,04-Sep,05-Sep,06-Sep,07-Sep,08-Sep,4,4,3
Amravati,Akola,Buldhana,Buldhana,Buldhana,20094594,Hatedi & 5 Villages RRWSS,Hatedi Bk.,2891,2,0.00,0.00,0.00,0.00,0.00,0.00,0.00,0.00,0.00,0.00,0.00,0.00,0.00,0.00,02-Sep,03-Sep,04-Sep,05-Sep,06-Sep,07-Sep,08-Sep,02-Sep,03-Sep,04-Sep,05-Sep,06-Sep,07-Sep,08-Sep,7,7,0
Amravati,Akola,Buldhana,Buldhana,Buldhana,20094594,Hatedi & 5 Villages RRWSS,Hatedi Kh.,1198,1,0.31,0.38,0.00,0.44,0.38,0.38,0.45,25.58,31.70,0.00,36.98,31.84,31.91,37.57,02-Sep,03-Sep,04-Sep,05-Sep,06-Sep,07-Sep,08-Sep,02-Sep,03-Sep,04-Sep,05-Sep,06-Sep,07-Sep,08-Sep,1,7,0
Amravati,Akola,Buldhana,Buldhana,Buldhana,20094594,Hatedi & 5 Villages RRWSS,Zari,593,1,0.00,0.00,0.00,0.00,0.00,0.00,0.00,0.00,0.00,0.00,0.00,0.00,0.00,0.00,02-Sep,03-Sep,04-Sep,05-Sep,06-Sep,07-Sep,08-Sep,02-Sep,03-Sep,04-Sep,05-Sep,06-Sep,07-Sep,08-Sep,7,7,0
Amravati,Akola,Buldhana,Buldhana,Motala,20021409,Kurha & 2 Villages RRWSS,Gotmara,1309,1,1.15,0.83,0.73,0.89,0.89,0.23,0.00,87.70,63.09,56.02,67.87,68.31,17.22,0.00,02-Sep,03-Sep,04-Sep,05-Sep,06-Sep,07-Sep,08-Sep,02-Sep,03-Sep,04-Sep,05-Sep,06-Sep,07-Sep,08-Sep,1,2,5
Amravati,Akola,Buldhana,Buldhana,Motala,20021409,Kurha & 2 Villages RRWSS,Hanwatkhed,801,1,0.00,0.00,0.00,0.00,0.00,0.00,0.00,0.00,0.00,0.00,0.00,0.00,0.00,0.00,02-Sep,03-Sep,04-Sep,05-Sep,06-Sep,07-Sep,08-Sep,02-Sep,03-Sep,04-Sep,05-Sep,06-Sep,07-Sep,08-Sep,7,7,0
Amravati,Akola,Buldhana,Buldhana,Motala,20021409,Kurha & 2 Villages RRWSS,Kurha,2299,2,1.96,1.20,1.26,1.70,1.61,1.82,1.80,85.25,52.20,54.81,73.95,70.03,79.16,78.29,02-Sep,03-Sep,04-Sep,05-Sep,06-Sep,07-Sep,08-Sep,02-Sep,03-Sep,04-Sep,05-Sep,06-Sep,07-Sep,08-Sep,0,2,5
Amravati,Akola,Buldhana,Buldhana,Motala,20027978,Dhamangaon Deshmukh & 9 Villages RRWSS,Bhangi Tanda,398,1,0.00,0.00,0.00,0.00,0.00,0.00,0.00,0.00,0.00,0.00,0.00,0.00,0.00,0.00,02-Sep,03-Sep,04-Sep,05-Sep,06-Sep,07-Sep,08-Sep,02-Sep,03-Sep,04-Sep,05-Sep,06-Sep,07-Sep,08-Sep,7,7,0
Amravati,Akola,Buldhana,Buldhana,Motala,20027978,Dhamangaon Deshmukh & 9 Villages RRWSS,Bhangi Vasti,244,1,0.00,0.00,0.00,0.00,0.00,0.00,0.00,0.00,0.00,0.00,0.00,0.00,0.00,0.00,02-Sep,03-Sep,04-Sep,05-Sep,06-Sep,07-Sep,08-Sep,02-Sep,03-Sep,04-Sep,05-Sep,06-Sep,07-Sep,08-Sep,7,7,0
Amravati,Akola,Buldhana,Buldhana,Motala,20027978,Dhamangaon Deshmukh & 9 Villages RRWSS,Chinchkhed Nath,1366,2,0.00,1.40,0.20,0.02,0.04,0.05,0.06,0.22,102.84,14.95,1.31,2.95,3.31,4.44,02-Sep,03-Sep,04-Sep,05-Sep,06-Sep,07-Sep,08-Sep,02-Sep,03-Sep,04-Sep,05-Sep,06-Sep,07-Sep,08-Sep,0,6,1
Amravati,Akola,Buldhana,Buldhana,Motala,20027978,Dhamangaon Deshmukh & 9 Villages RRWSS,Dhamangaon Deshmukh,1452,1,0.00,0.00,0.00,0.00,0.00,0.00,0.00,0.00,0.00,0.00,0.00,0.00,0.00,0.00,02-Sep,03-Sep,04-Sep,05-Sep,06-Sep,07-Sep,08-Sep,02-Sep,03-Sep,04-Sep,05-Sep,06-Sep,07-Sep,08-Sep,7,7,0
Amravati,Akola,Buldhana,Buldhana,Motala,20027978,Dhamangaon Deshmukh & 9 Villages RRWSS,Giroli,1418,1,0.04,0.00,0.00,0.01,0.00,0.05,0.00,2.82,0.21,0.00,0.74,0.09,3.77,0.00,02-Sep,03-Sep,04-Sep,05-Sep,06-Sep,07-Sep,08-Sep,02-Sep,03-Sep,04-Sep,05-Sep,06-Sep,07-Sep,08-Sep,2,7,0
Amravati,Akola,Buldhana,Buldhana,Motala,20027978,Dhamangaon Deshmukh & 9 Villages RRWSS,Isalwadi,1075,1,0.00,1.78,0.19,0.00,0.00,0.00,0.00,0.00,165.12,17.95,0.00,0.00,0.00,0.00,02-Sep,03-Sep,04-Sep,05-Sep,06-Sep,07-Sep,08-Sep,02-Sep,03-Sep,04-Sep,05-Sep,06-Sep,07-Sep,08-Sep,5,6,1
Amravati,Akola,Buldhana,Buldhana,Motala,20027978,Dhamangaon Deshmukh & 9 Villages RRWSS,Nimkhedi,850,1,0.00,0.00,0.00,0.00,0.00,0.00,0.00,0.00,0.00,0.00,0.00,0.00,0.00,0.00,02-Sep,03-Sep,04-Sep,05-Sep,06-Sep,07-Sep,08-Sep,02-Sep,03-Sep,04-Sep,05-Sep,06-Sep,07-Sep,08-Sep,7,7,0
Amravati,Akola,Buldhana,Buldhana,Motala,20027978,Dhamangaon Deshmukh & 9 Villages RRWSS,Pimpalgaon Nath,1482,2,0.00,0.00,0.00,0.00,0.00,0.00,0.00,0.17,0.00,0.00,0.00,0.00,0.16,0.00,02-Sep,03-Sep,04-Sep,05-Sep,06-Sep,07-Sep,08-Sep,02-Sep,03-Sep,04-Sep,05-Sep,06-Sep,07-Sep,08-Sep,5,7,0
Amravati,Akola,Buldhana,Buldhana,Motala,20027978,Dhamangaon Deshmukh & 9 Villages RRWSS,Pimpalgaon Nath Tanda,891,2,1.18,0.01,0.82,0.00,0.00,0.00,0.02,132.61,1.02,91.54,0.19,0.47,0.23,2.14,02-Sep,03-Sep,04-Sep,05-Sep,06-Sep,07-Sep,08-Sep,02-Sep,03-Sep,04-Sep,05-Sep,06-Sep,07-Sep,08-Sep,0,5,2
Amravati,Akola,Buldhana,Buldhana,Motala,20027978,Dhamangaon Deshmukh & 9 Villages RRWSS,Ramgaon Tanda,475,2,0.00,2.58,0.00,0.00,0.00,0.00,0.00,0.00,543.16,0.00,0.00,0.00,0.00,0.00,02-Sep,03-Sep,04-Sep,05-Sep,06-Sep,07-Sep,08-Sep,02-Sep,03-Sep,04-Sep,05-Sep,06-Sep,07-Sep,08-Sep,6,6,1
Amravati,Akola,Buldhana,Buldhana,Motala,20028065,Pophali & 3 Villages RRWSS,Chawarda,1202,1,0.00,0.00,4.89,10.22,0.00,0.00,0.00,0.00,0.00,406.82,850.25,0.00,0.00,0.00,02-Sep,03-Sep,04-Sep,05-Sep,06-Sep,07-Sep,08-Sep,02-Sep,03-Sep,04-Sep,05-Sep,06-Sep,07-Sep,08-Sep,5,5,2
Amravati,Akola,Buldhana,Buldhana,Motala,20028065,Pophali & 3 Villages RRWSS,Dhonkhed,970,2,0.21,0.00,0.00,0.62,0.37,0.00,0.07,21.65,0.00,0.00,63.92,38.14,0.00,7.22,02-Sep,03-Sep,04-Sep,05-Sep,06-Sep,07-Sep,08-Sep,02-Sep,03-Sep,04-Sep,05-Sep,06-Sep,07-Sep,08-Sep,3,6,1
Amravati,Akola,Buldhana,Buldhana,Motala,20028065,Pophali & 3 Villages RRWSS,Pophali,2833,2,1.16,1.55,2.15,2.00,2.21,2.02,2.18,40.85,54.68,75.85,70.71,78.12,71.36,77.06,02-Sep,03-Sep,04-Sep,05-Sep,06-Sep,07-Sep,08-Sep,02-Sep,03-Sep,04-Sep,05-Sep,06-Sep,07-Sep,08-Sep,0,2,5
Amravati,Akola,Buldhana,Buldhana,Motala,20028065,Pophali & 3 Villages RRWSS,Wadi,724,2,0.00,0.00,0.00,0.00,0.00,0.13,0.00,0.68,0.02,0.00,0.00,0.03,17.38,0.56,02-Sep,03-Sep,04-Sep,05-Sep,06-Sep,07-Sep,08-Sep,02-Sep,03-Sep,04-Sep,05-Sep,06-Sep,07-Sep,08-Sep,2,7,0
Amravati,Akola,Buldhana,Deulgaon Raja,Deulgaon Raja,20011134,Andhera & 9 Villages RRWSS,Dhotra Nandai,2187,3,0.19,0.35,0.10,0.35,0.40,0.36,0.17,8.64,15.81,4.77,16.01,18.22,16.62,7.55,02-Sep,03-Sep,04-Sep,05-Sep,06-Sep,07-Sep,08-Sep,02-Sep,03-Sep,04-Sep,05-Sep,06-Sep,07-Sep,08-Sep,0,7,0
Amravati,Akola,Buldhana,Deulgaon Raja,Deulgaon Raja,20011134,Andhera & 9 Villages RRWSS,Shivni Armal,2142,2,0.00,0.47,0.75,1.26,0.68,0.82,0.46,0.00,21.83,35.19,58.63,31.75,38.25,21.31,02-Sep,03-Sep,04-Sep,05-Sep,06-Sep,07-Sep,08-Sep,02-Sep,03-Sep,04-Sep,05-Sep,06-Sep,07-Sep,08-Sep,1,6,1
Amravati,Akola,Buldhana,Deulgaon Raja,Deulgaon Raja,20011134,Andhera & 9 Villages RRWSS,Waki Bk,1470,2,0.26,0.59,0.28,0.00,0.44,0.24,0.00,17.38,40.13,19.17,0.00,29.77,16.09,0.00,02-Sep,03-Sep,04-Sep,05-Sep,06-Sep,07-Sep,08-Sep,02-Sep,03-Sep,04-Sep,05-Sep,06-Sep,07-Sep,08-Sep,2,7,0
Amravati,Akola,Buldhana,Khamgaon,Khamgaon,20094753,Sambhapur & 4 Villages RRWSS,Sambhapur,950,2,0.00,0.00,0.00,0.00,0.00,0.00,0.11,0.00,0.00,0.00,0.00,0.00,0.00,11.52,02-Sep,03-Sep,04-Sep,05-Sep,06-Sep,07-Sep,08-Sep,02-Sep,03-Sep,04-Sep,05-Sep,06-Sep,07-Sep,08-Sep,6,7,0
Amravati,Akola,Buldhana,Khamgaon,Khamgaon,20094753,Sambhapur & 4 Villages RRWSS,Umara,1514,1,0.00,0.00,0.00,0.00,0.00,0.00,0.00,0.00,0.00,0.00,0.00,0.00,0.00,0.00,02-Sep,03-Sep,04-Sep,05-Sep,06-Sep,07-Sep,08-Sep,02-Sep,03-Sep,04-Sep,05-Sep,06-Sep,07-Sep,08-Sep,7,7,0
Amravati,Akola,Buldhana,Khamgaon,Nandura,20028083,Wadali & 8 Villages RRWSS,Barafgaon,480,2,0.00,0.00,0.00,0.00,0.00,0.00,0.00,0.00,0.00,0.00,0.00,0.00,0.00,0.00,02-Sep,03-Sep,04-Sep,05-Sep,06-Sep,07-Sep,08-Sep,02-Sep,03-Sep,04-Sep,05-Sep,06-Sep,07-Sep,08-Sep,7,7,0
Amravati,Akola,Buldhana,Khamgaon,Nandura,20028083,Wadali & 8 Villages RRWSS,Khatkhed,581,1,0.00,0.00,0.00,0.00,0.00,0.00,0.00,0.00,0.00,0.00,0.00,0.00,0.00,0.00,02-Sep,03-Sep,04-Sep,05-Sep,06-Sep,07-Sep,08-Sep,02-Sep,03-Sep,04-Sep,05-Sep,06-Sep,07-Sep,08-Sep,7,7,0
Amravati,Akola,Buldhana,Khamgaon,Nandura,20028083,Wadali & 8 Villages RRWSS,Muramba,596,2,0.00,0.00,0.00,0.00,0.00,0.00,0.00,0.00,0.00,0.00,0.00,0.00,0.00,0.00,02-Sep,03-Sep,04-Sep,05-Sep,06-Sep,07-Sep,08-Sep,02-Sep,03-Sep,04-Sep,05-Sep,06-Sep,07-Sep,08-Sep,7,7,0
Amravati,Akola,Buldhana,Khamgaon,Nandura,20028083,Wadali & 8 Villages RRWSS,Pimpalkuta Dhande,912,2,0.00,0.00,0.00,0.00,0.00,0.00,0.00,0.27,0.00,0.00,0.12,0.44,0.14,0.00,02-Sep,03-Sep,04-Sep,05-Sep,06-Sep,07-Sep,08-Sep,02-Sep,03-Sep,04-Sep,05-Sep,06-Sep,07-Sep,08-Sep,3,7,0
Amravati,Akola,Buldhana,Khamgaon,Nandura,20028083,Wadali & 8 Villages RRWSS,Wadali,1192,2,0.00,0.00,0.00,0.00,0.00,0.00,0.00,0.00,0.00,0.00,0.00,0.00,0.00,0.00,02-Sep,03-Sep,04-Sep,05-Sep,06-Sep,07-Sep,08-Sep,02-Sep,03-Sep,04-Sep,05-Sep,06-Sep,07-Sep,08-Sep,7,7,0
Amravati,Akola,Buldhana,Khamgaon,Nandura,20028083,Wadali & 8 Villages RRWSS,Wasadi,792,2,0.00,0.00,0.00,0.00,0.00,0.00,0.00,0.00,0.00,0.00,0.00,0.00,0.00,0.00,02-Sep,03-Sep,04-Sep,05-Sep,06-Sep,07-Sep,08-Sep,02-Sep,03-Sep,04-Sep,05-Sep,06-Sep,07-Sep,08-Sep,7,7,0
Amravati,Akola,Buldhana,Khamgaon,Nandura,4104783,Hingne Gavhad & 13 Villages RRWSS,Alampur,4257,2,0.00,0.00,0.00,0.00,0.00,0.00,0.00,0.00,0.00,0.00,0.00,0.00,0.00,0.00,02-Sep,03-Sep,04-Sep,05-Sep,06-Sep,07-Sep,08-Sep,02-Sep,03-Sep,04-Sep,05-Sep,06-Sep,07-Sep,08-Sep,7,7,0
Amravati,Akola,Buldhana,Khamgaon,Nandura,4104783,Hingne Gavhad & 13 Villages RRWSS,Belad,1060,1,0.00,0.00,0.00,0.00,0.00,0.00,0.00,0.00,0.00,0.00,0.00,0.00,0.00,0.00,02-Sep,03-Sep,04-Sep,05-Sep,06-Sep,07-Sep,08-Sep,02-Sep,03-Sep,04-Sep,05-Sep,06-Sep,07-Sep,08-Sep,7,7,0
Amravati,Akola,Buldhana,Khamgaon,Nandura,4104783,Hingne Gavhad & 13 Villages RRWSS,Dhadi,737,1,0.00,0.19,0.00,0.25,0.00,0.17,0.00,0.55,25.80,0.00,33.75,0.00,23.08,0.00,02-Sep,03-Sep,04-Sep,05-Sep,06-Sep,07-Sep,08-Sep,02-Sep,03-Sep,04-Sep,05-Sep,06-Sep,07-Sep,08-Sep,3,7,0
Amravati,Akola,Buldhana,Khamgaon,Nandura,4104783,Hingne Gavhad & 13 Villages RRWSS,Hingne Gawad,2139,1,0.43,0.01,0.41,0.00,0.49,0.47,0.00,20.32,0.47,19.27,0.00,22.77,21.94,0.00,02-Sep,03-Sep,04-Sep,05-Sep,06-Sep,07-Sep,08-Sep,02-Sep,03-Sep,04-Sep,05-Sep,06-Sep,07-Sep,08-Sep,2,7,0
Amravati,Akola,Buldhana,Khamgaon,Nandura,4104783,Hingne Gavhad & 13 Villages RRWSS,Isarkhed,1022,2,0.00,0.00,0.00,0.00,0.00,0.00,0.00,0.09,0.05,0.00,0.00,0.01,0.04,0.04,02-Sep,03-Sep,04-Sep,05-Sep,06-Sep,07-Sep,08-Sep,02-Sep,03-Sep,04-Sep,05-Sep,06-Sep,07-Sep,08-Sep,2,7,0
Amravati,Akola,Buldhana,Khamgaon,Nandura,4104783,Hingne Gavhad & 13 Villages RRWSS,Kharkundi,473,1,0.25,0.27,0.41,0.00,0.20,0.27,0.22,52.81,56.40,86.48,0.00,43.31,57.20,45.91,02-Sep,03-Sep,04-Sep,05-Sep,06-Sep,07-Sep,08-Sep,02-Sep,03-Sep,04-Sep,05-Sep,06-Sep,07-Sep,08-Sep,1,4,3
Amravati,Akola,Buldhana,Khamgaon,Nandura,4104783,Hingne Gavhad & 13 Villages RRWSS,Khedgaon,1379,2,0.54,0.00,0.00,0.00,0.00,0.34,0.00,38.95,0.00,0.00,0.00,0.00,24.82,0.00,02-Sep,03-Sep,04-Sep,05-Sep,06-Sep,07-Sep,08-Sep,02-Sep,03-Sep,04-Sep,05-Sep,06-Sep,07-Sep,08-Sep,5,7,0
Amravati,Akola,Buldhana,Khamgaon,Nandura,4104783,Hingne Gavhad & 13 Villages RRWSS,Kodarkhed,298,3,2.20,1.50,2.32,1.62,1.62,0.29,0.19,736.74,504.33,779.24,543.31,542.70,98.45,64.23,02-Sep,03-Sep,04-Sep,05-Sep,06-Sep,07-Sep,08-Sep,02-Sep,03-Sep,04-Sep,05-Sep,06-Sep,07-Sep,08-Sep,0,0,7
Amravati,Akola,Buldhana,Khamgaon,Nandura,4104783,Hingne Gavhad & 13 Villages RRWSS,Mamulwadi,1889,2,0.00,0.24,0.00,0.45,0.00,0.43,0.00,0.00,12.55,0.00,23.73,0.00,22.95,0.00,02-Sep,03-Sep,04-Sep,05-Sep,06-Sep,07-Sep,08-Sep,02-Sep,03-Sep,04-Sep,05-Sep,06-Sep,07-Sep,08-Sep,4,7,0
Amravati,Akola,Buldhana,Khamgaon,Nandura,4104783,Hingne Gavhad & 13 Villages RRWSS,Mominabad,2356,1,0.00,0.00,0.00,1.57,1.22,0.32,0.00,0.18,0.00,0.04,66.84,51.79,13.43,0.00,02-Sep,03-Sep,04-Sep,05-Sep,06-Sep,07-Sep,08-Sep,02-Sep,03-Sep,04-Sep,05-Sep,06-Sep,07-Sep,08-Sep,2,6,1
Amravati,Akola,Buldhana,Khamgaon,Nandura,4104783,Hingne Gavhad & 13 Villages RRWSS,Palsoda,3112,2,0.58,0.45,0.12,0.36,0.48,0.57,0.44,18.53,14.32,3.79,11.57,15.44,18.31,14.08,02-Sep,03-Sep,04-Sep,05-Sep,06-Sep,07-Sep,08-Sep,02-Sep,03-Sep,04-Sep,05-Sep,06-Sep,07-Sep,08-Sep,0,7,0
Amravati,Akola,Buldhana,Khamgaon,Nandura,4104783,Hingne Gavhad & 13 Villages RRWSS,Patonda,2076,2,1.10,0.33,0.00,0.65,0.31,0.28,0.09,53.08,15.67,0.07,31.28,14.70,13.31,4.13,02-Sep,03-Sep,04-Sep,05-Sep,06-Sep,07-Sep,08-Sep,02-Sep,03-Sep,04-Sep,05-Sep,06-Sep,07-Sep,08-Sep,0,7,0
Amravati,Akola,Buldhana,Khamgaon,Nandura,4104783,Hingne Gavhad & 13 Villages RRWSS,Sawargaon Chahu,803,2,0.15,0.00,0.00,0.30,0.17,0.68,0.00,18.55,0.00,0.00,37.52,20.68,84.40,0.14,02-Sep,03-Sep,04-Sep,05-Sep,06-Sep,07-Sep,08-Sep,02-Sep,03-Sep,04-Sep,05-Sep,06-Sep,07-Sep,08-Sep,2,6,1
Amravati,Akola,Buldhana,Khamgaon,Nandura,4104783,Hingne Gavhad & 13 Villages RRWSS,Takli,3128,2,0.00,0.00,0.55,0.80,0.89,1.58,0.00,0.00,0.00,17.55,25.66,28.40,50.63,0.00,02-Sep,03-Sep,04-Sep,05-Sep,06-Sep,07-Sep,08-Sep,02-Sep,03-Sep,04-Sep,05-Sep,06-Sep,07-Sep,08-Sep,3,7,0
Amravati,Akola,Buldhana,Khamgaon,Shegaon,20013865,Chincholi & 30 Villages RRWSS,Chincholi,2886,1,0.00,0.00,0.00,0.00,0.00,0.00,0.00,0.00,0.00,0.00,0.00,0.00,0.00,0.00,02-Sep,03-Sep,04-Sep,05-Sep,06-Sep,07-Sep,08-Sep,02-Sep,03-Sep,04-Sep,05-Sep,06-Sep,07-Sep,08-Sep,7,7,0
Amravati,Akola,Buldhana,Khamgaon,Shegaon,20013865,Chincholi & 30 Villages RRWSS,Gaigaon BK,1282,2,0.00,0.00,0.00,0.00,0.00,0.00,0.00,0.00,0.00,0.00,0.00,0.00,0.00,0.00,02-Sep,03-Sep,04-Sep,05-Sep,06-Sep,07-Sep,08-Sep,02-Sep,03-Sep,04-Sep,05-Sep,06-Sep,07-Sep,08-Sep,7,7,0
Amravati,Akola,Buldhana,Khamgaon,Shegaon,20013865,Chincholi & 30 Villages RRWSS,Gaulkhed,1490,2,0.66,0.23,0.36,0.50,0.21,0.53,0.40,44.18,15.65,24.42,33.76,13.97,35.59,26.66,02-Sep,03-Sep,04-Sep,05-Sep,06-Sep,07-Sep,08-Sep,02-Sep,03-Sep,04-Sep,05-Sep,06-Sep,07-Sep,08-Sep,0,7,0
Amravati,Akola,Buldhana,Khamgaon,Shegaon,20013865,Chincholi & 30 Villages RRWSS,Gavhan,1528,1,0.00,0.00,0.00,0.00,0.00,0.00,0.00,0.00,0.00,0.00,0.00,0.00,0.00,0.00,02-Sep,03-Sep,04-Sep,05-Sep,06-Sep,07-Sep,08-Sep,02-Sep,03-Sep,04-Sep,05-Sep,06-Sep,07-Sep,08-Sep,7,7,0
Amravati,Akola,Buldhana,Khamgaon,Shegaon,20013865,Chincholi & 30 Villages RRWSS,Jawala Palaskhed,2323,2,1.50,0.00,0.00,0.00,1.47,0.00,1.30,64.57,0.00,0.00,0.00,63.27,0.00,56.06,02-Sep,03-Sep,04-Sep,05-Sep,06-Sep,07-Sep,08-Sep,02-Sep,03-Sep,04-Sep,05-Sep,06-Sep,07-Sep,08-Sep,4,4,3
Amravati,Akola,Buldhana,Khamgaon,Shegaon,20013865,Chincholi & 30 Villages RRWSS,Kherda,1687,2,0.93,0.79,0.86,0.80,0.00,0.00,0.79,55.40,46.77,51.12,47.46,0.00,0.00,46.55,02-Sep,03-Sep,04-Sep,05-Sep,06-Sep,07-Sep,08-Sep,02-Sep,03-Sep,04-Sep,05-Sep,06-Sep,07-Sep,08-Sep,2,6,1
Amravati,Akola,Buldhana,Khamgaon,Shegaon,20013865,Chincholi & 30 Villages RRWSS,Morgaon Digras,1110,1,0.87,0.69,0.72,0.73,0.74,0.71,1.04,78.38,61.82,64.74,65.40,66.58,63.56,93.90,02-Sep,03-Sep,04-Sep,05-Sep,06-Sep,07-Sep,08-Sep,02-Sep,03-Sep,04-Sep,05-Sep,06-Sep,07-Sep,08-Sep,0,0,7
Amravati,Akola,Buldhana,Khamgaon,Shegaon,20013865,Chincholi & 30 Villages RRWSS,Pahurjira,5830,4,1.54,0.00,0.00,0.00,0.24,2.69,1.71,26.41,0.00,0.00,0.00,4.16,46.20,29.25,02-Sep,03-Sep,04-Sep,05-Sep,06-Sep,07-Sep,08-Sep,02-Sep,03-Sep,04-Sep,05-Sep,06-Sep,07-Sep,08-Sep,3,7,0
Amravati,Akola,Buldhana,Khamgaon,Shegaon,20013865,Chincholi & 30 Villages RRWSS,Pimparala,1025,3,0.20,0.62,0.41,0.38,0.35,0.42,0.49,19.36,60.96,39.61,37.02,34.45,40.94,47.96,02-Sep,03-Sep,04-Sep,05-Sep,06-Sep,07-Sep,08-Sep,02-Sep,03-Sep,04-Sep,05-Sep,06-Sep,07-Sep,08-Sep,0,6,1
Amravati,Akola,Buldhana,Khamgaon,Shegaon,20013865,Chincholi & 30 Villages RRWSS,Shirasgaon Nile,733,2,1.74,0.00,1.46,0.00,1.24,1.53,0.79,237.36,0.00,198.55,0.00,169.58,208.61,108.20,02-Sep,03-Sep,04-Sep,05-Sep,06-Sep,07-Sep,08-Sep,02-Sep,03-Sep,04-Sep,05-Sep,06-Sep,07-Sep,08-Sep,2,2,5
Amravati,Akola,Buldhana,Khamgaon,Shegaon,20013865,Chincholi & 30 Villages RRWSS,Tintrav,2045,2,1.63,1.31,1.40,1.27,0.02,1.66,0.94,79.57,64.07,68.47,62.02,0.85,80.93,45.92,02-Sep,03-Sep,04-Sep,05-Sep,06-Sep,07-Sep,08-Sep,02-Sep,03-Sep,04-Sep,05-Sep,06-Sep,07-Sep,08-Sep,0,2,5
Amravati,Akola,Buldhana,Khamgaon,Shegaon,20013865,Chincholi & 30 Villages RRWSS,Warkhed BK,1542,1,0.00,0.00,0.00,0.00,0.00,0.00,0.00,0.00,0.00,0.00,0.00,0.00,0.00,0.00,02-Sep,03-Sep,04-Sep,05-Sep,06-Sep,07-Sep,08-Sep,02-Sep,03-Sep,04-Sep,05-Sep,06-Sep,07-Sep,08-Sep,7,7,0
Amravati,Akola,Buldhana,Khamgaon,Shegaon,20013865,Chincholi & 30 Villages RRWSS,Warkhed KH,1306,2,0.00,0.00,0.00,0.00,0.00,0.00,0.00,0.00,0.00,0.00,0.00,0.00,0.00,0.00,02-Sep,03-Sep,04-Sep,05-Sep,06-Sep,07-Sep,08-Sep,02-Sep,03-Sep,04-Sep,05-Sep,06-Sep,07-Sep,08-Sep,7,7,0
Amravati,Akola,Buldhana,Khamgaon,Shegaon,20013865,Chincholi & 30 Villages RRWSS,Warud,959,1,0.00,0.00,0.00,0.00,0.00,0.00,0.00,0.00,0.00,0.00,0.00,0.00,0.00,0.00,02-Sep,03-Sep,04-Sep,05-Sep,06-Sep,07-Sep,08-Sep,02-Sep,03-Sep,04-Sep,05-Sep,06-Sep,07-Sep,08-Sep,7,7,0
Amravati,Akola,Buldhana,Khamgaon,Shegaon,20094779,30 Villages RRWS Tal Shegaon(C39-ZP),Alsana,3026,3,3.37,1.69,2.28,1.29,3.23,1.98,1.86,111.38,55.92,75.46,42.56,106.78,65.59,61.56,02-Sep,03-Sep,04-Sep,05-Sep,06-Sep,07-Sep,08-Sep,02-Sep,03-Sep,04-Sep,05-Sep,06-Sep,07-Sep,08-Sep,0,1,6
Amravati,Akola,Buldhana,Khamgaon,Shegaon,20094779,30 Villages RRWS Tal Shegaon(C39-ZP),Padsul,915,2,0.59,0.36,0.72,0.35,1.04,0.60,0.44,64.17,38.84,78.46,38.44,113.50,65.45,47.70,02-Sep,03-Sep,04-Sep,05-Sep,06-Sep,07-Sep,08-Sep,02-Sep,03-Sep,04-Sep,05-Sep,06-Sep,07-Sep,08-Sep,0,3,4
Amravati,Akola,Buldhana,Khamgaon,Shegaon,20094779,30 Villages RRWS Tal Shegaon(C39-ZP),Sangwa,624,1,0.50,0.39,0.17,0.13,0.07,0.00,0.00,80.56,62.16,26.77,21.53,11.62,0.00,0.00,02-Sep,03-Sep,04-Sep,05-Sep,06-Sep,07-Sep,08-Sep,02-Sep,03-Sep,04-Sep,05-Sep,06-Sep,07-Sep,08-Sep,2,5,2
Amravati,Akola,Buldhana,Khamgaon,Shegaon,20094779,30 Villages RRWS Tal Shegaon(C39-ZP),Zadegaon,1321,2,1.20,1.65,1.56,1.31,1.70,1.96,2.10,90.48,125.10,118.09,99.43,128.61,148.30,158.98,02-Sep,03-Sep,04-Sep,05-Sep,06-Sep,07-Sep,08-Sep,02-Sep,03-Sep,04-Sep,05-Sep,06-Sep,07-Sep,08-Sep,0,0,7
Amravati,Amravati,Amravati W.M,Daryapur,Anjangaon,20005043,156 Villages Strengthening scheme of 144 villages RR,Telkheda,220,1,0.00,0.00,0.00,117836.11,65636.61,0.00,174538.65,0.00,0.00,0.00,53561866.56,29834823.30,0.00,79335749.16,02-Sep,03-Sep,04-Sep,05-Sep,06-Sep,07-Sep,08-Sep,02-Sep,03-Sep,04-Sep,05-Sep,06-Sep,07-Sep,08-Sep,4,4,3
Amravati,Amravati,Amravati W.M,Daryapur,Anjangaon,20005043,156 Villages Strengthening scheme of 144 villages RR,Yerandgaon,712,1,762.47,947.36,894.39,0.00,571.95,1327.68,656.74,107088.48,133056.18,125616.57,0.00,80330.06,186471.91,92238.76,02-Sep,03-Sep,04-Sep,05-Sep,06-Sep,07-Sep,08-Sep,02-Sep,03-Sep,04-Sep,05-Sep,06-Sep,07-Sep,08-Sep,1,1,6
Amravati,Amravati,Amravati W.M,Daryapur,Daryapur,20005043,156 Villages Strengthening scheme of 144 villages RR,Ghodchandi,743,1,156.54,738.50,633.05,412.84,693.99,490.94,0.00,21068.64,99394.35,85201.88,55563.93,93403.77,66075.37,0.00,02-Sep,03-Sep,04-Sep,05-Sep,06-Sep,07-Sep,08-Sep,02-Sep,03-Sep,04-Sep,05-Sep,06-Sep,07-Sep,08-Sep,1,1,6
Amravati,Amravati,Amravati W.M,Daryapur,Daryapur,20005043,156 Villages Strengthening scheme of 144 villages RR,Katkheda,408,1,2709.93,1730.87,847.90,0.00,627.97,448.17,8467.53,664199.71,424232.09,207819.44,0.00,153914.18,109845.11,2075375.71,02-Sep,03-Sep,04-Sep,05-Sep,06-Sep,07-Sep,08-Sep,02-Sep,03-Sep,04-Sep,05-Sep,06-Sep,07-Sep,08-Sep,1,1,6
Amravati,Amravati,Amravati W.M,Daryapur,Daryapur,20005043,156 Villages Strengthening scheme of 144 villages RR,Pimplod,4197,2,5.96,4.22,7.27,5.11,4.25,8.68,5.86,142.01,100.54,173.24,121.80,101.17,206.75,139.63,02-Sep,03-Sep,04-Sep,05-Sep,06-Sep,07-Sep,08-Sep,02-Sep,03-Sep,04-Sep,05-Sep,06-Sep,07-Sep,08-Sep,0,0,7
Amravati,Amravati,Amravati W.M,Daryapur,Daryapur,20005043,156 Villages Strengthening scheme of 144 villages RR,Rajkhed,564,1,0.21,0.33,0.00,0.29,0.02,0.48,0.07,37.23,58.51,0.00,51.42,3.55,85.11,12.41,02-Sep,03-Sep,04-Sep,05-Sep,06-Sep,07-Sep,08-Sep,02-Sep,03-Sep,04-Sep,05-Sep,06-Sep,07-Sep,08-Sep,1,5,2
Amravati,Amravati,Amravati W.M,Daryapur,Daryapur,20005043,156 Villages Strengthening scheme of 144 villages RR,Sasan Ramapur,1781,1,9966.04,8125.51,5597.55,14794.32,12619.39,13417.15,11700.51,559575.27,456233.22,314292.53,830674.64,708556.67,753349.29,656963.13,02-Sep,03-Sep,04-Sep,05-Sep,06-Sep,07-Sep,08-Sep,02-Sep,03-Sep,04-Sep,05-Sep,06-Sep,07-Sep,08-Sep,0,0,7
Amravati,Amravati,Amravati W.M,W.M.Amravati - 2,Achalpur,20003791,105 Villages RRWSS,Virshi,1231,1,0.82,0.81,1.52,1.42,1.53,1.56,1.25,66.61,65.80,123.48,115.35,124.29,126.73,101.54,02-Sep,03-Sep,04-Sep,05-Sep,06-Sep,07-Sep,08-Sep,02-Sep,03-Sep,04-Sep,05-Sep,06-Sep,07-Sep,08-Sep,0,0,7
Amravati,Amravati,Amravati W.M,W.M.Amravati - 2,Achalpur,20003791,105 Villages RRWSS,Waigaon,1824,2,0.00,0.00,0.00,0.00,0.00,0.00,0.00,0.00,0.00,0.00,0.00,0.00,0.00,0.00,02-Sep,03-Sep,04-Sep,05-Sep,06-Sep,07-Sep,08-Sep,02-Sep,03-Sep,04-Sep,05-Sep,06-Sep,07-Sep,08-Sep,7,7,0
Amravati,Amravati,Amravati W.M,W.M.Amravati - 2,Achalpur,20003791,105 Villages RRWSS,Waki,872,2,0.09,0.00,0.00,0.16,0.20,0.00,0.34,10.32,0.00,0.00,18.35,22.94,0.00,38.99,02-Sep,03-Sep,04-Sep,05-Sep,06-Sep,07-Sep,08-Sep,02-Sep,03-Sep,04-Sep,05-Sep,06-Sep,07-Sep,08-Sep,3,7,0
Amravati,Amravati,Amravati W.M,W.M.Amravati - 2,Achalpur,20003791,105 Villages RRWSS,Wandli,494,1,6.00,4.58,4.40,4.72,3.87,5.20,5.85,1214.57,927.13,890.69,955.47,783.40,1052.63,1184.21,02-Sep,03-Sep,04-Sep,05-Sep,06-Sep,07-Sep,08-Sep,02-Sep,03-Sep,04-Sep,05-Sep,06-Sep,07-Sep,08-Sep,0,0,7
Amravati,Amravati,Amravati W.M,W.M.Amravati - 2,Achalpur,20003791,105 Villages RRWSS,Wathoda,2563,2,0.84,3.10,3.14,2.22,0.01,0.76,2.78,32.77,120.95,122.51,86.62,0.39,29.65,108.47,02-Sep,03-Sep,04-Sep,05-Sep,06-Sep,07-Sep,08-Sep,02-Sep,03-Sep,04-Sep,05-Sep,06-Sep,07-Sep,08-Sep,0,3,4
Amravati,Amravati,Amravati W.M,W.M.Amravati - 2,Achalpur,20003791,105 Villages RRWSS,Yelki,1086,2,19.73,28.06,45.95,26.52,45.22,27.88,44.36,1816.83,2584.22,4230.69,2442.36,4163.54,2567.28,4085.14,02-Sep,03-Sep,04-Sep,05-Sep,06-Sep,07-Sep,08-Sep,02-Sep,03-Sep,04-Sep,05-Sep,06-Sep,07-Sep,08-Sep,0,0,7
Amravati,Amravati,Amravati W.M,W.M.Amravati - 2,Achalpur,20003791,105 Villages RRWSS,Zanji,175,2,1.16,1.23,1.54,0.89,1.38,1.45,1.66,662.86,702.86,880.00,508.57,788.57,828.57,948.57,02-Sep,03-Sep,04-Sep,05-Sep,06-Sep,07-Sep,08-Sep,02-Sep,03-Sep,04-Sep,05-Sep,06-Sep,07-Sep,08-Sep,0,0,7
Amravati,Amravati,Amravati W.M,W.M.Amravati - 2,Amravati,20003791,105 Villages RRWSS,Chinchkheda,1185,1,1.49,3.14,0.69,0.96,0.90,1.15,0.81,125.74,265.20,58.23,81.01,75.95,97.05,68.35,02-Sep,03-Sep,04-Sep,05-Sep,06-Sep,07-Sep,08-Sep,02-Sep,03-Sep,04-Sep,05-Sep,06-Sep,07-Sep,08-Sep,0,0,7
Amravati,Amravati,Amravati W.M,W.M.Amravati - 2,Amravati,20003791,105 Villages RRWSS,Rama,891,2,0.00,0.00,0.00,0.00,0.00,0.00,0.00,0.00,0.00,0.00,0.00,0.00,0.00,0.00,02-Sep,03-Sep,04-Sep,05-Sep,06-Sep,07-Sep,08-Sep,02-Sep,03-Sep,04-Sep,05-Sep,06-Sep,07-Sep,08-Sep,7,7,0
Amravati,Amravati,Amravati W.M,W.M.Amravati - 2,Amravati,20003791,105 Villages RRWSS,Saur,3880,1,1.52,1.18,1.46,1.24,1.21,1.17,1.57,39.18,30.41,37.63,31.96,31.19,30.15,40.46,02-Sep,03-Sep,04-Sep,05-Sep,06-Sep,07-Sep,08-Sep,02-Sep,03-Sep,04-Sep,05-Sep,06-Sep,07-Sep,08-Sep,0,7,0
Amravati,Amravati,Amravati W.M,W.M.Amravati - 2,Amravati,20003791,105 Villages RRWSS,Sayat,2238,4,2.04,1.53,3.03,0.00,0.00,1.86,1.64,91.15,68.36,135.39,0.00,0.00,83.11,73.28,02-Sep,03-Sep,04-Sep,05-Sep,06-Sep,07-Sep,08-Sep,02-Sep,03-Sep,04-Sep,05-Sep,06-Sep,07-Sep,08-Sep,2,2,5
Amravati,Amravati,Amravati W.M,W.M.Amravati - 2,Amravati,20003791,105 Villages RRWSS,Selora,1555,1,1.12,0.72,1.03,0.76,1.03,1.14,1.03,72.03,46.30,66.24,48.87,66.24,73.31,66.24,02-Sep,03-Sep,04-Sep,05-Sep,06-Sep,07-Sep,08-Sep,02-Sep,03-Sep,04-Sep,05-Sep,06-Sep,07-Sep,08-Sep,0,2,5
Amravati,Amravati,Amravati W.M,W.M.Amravati - 2,Amravati,20003791,105 Villages RRWSS,Shirajgaon,1491,5,7.69,7.70,7.09,7.72,6.60,8.26,6.61,515.76,516.43,475.52,517.77,442.66,553.99,443.33,02-Sep,03-Sep,04-Sep,05-Sep,06-Sep,07-Sep,08-Sep,02-Sep,03-Sep,04-Sep,05-Sep,06-Sep,07-Sep,08-Sep,0,0,7
Amravati,Amravati,Amravati W.M,W.M.Amravati - 2,Amravati,20003791,105 Villages RRWSS,Shirala,10390,4,3.79,4.14,3.78,3.84,4.01,4.07,3.92,36.45,39.88,36.38,36.96,38.59,39.17,37.73,02-Sep,03-Sep,04-Sep,05-Sep,06-Sep,07-Sep,08-Sep,02-Sep,03-Sep,04-Sep,05-Sep,06-Sep,07-Sep,08-Sep,0,7,0
Amravati,Amravati,Amravati W.M,W.M.Amravati - 2,Amravati,20003791,105 Villages RRWSS,Takarkheda,1961,1,0.00,0.00,0.00,0.00,0.00,0.00,0.00,0.00,0.00,0.00,0.00,0.00,0.00,0.00,02-Sep,03-Sep,04-Sep,05-Sep,06-Sep,07-Sep,08-Sep,02-Sep,03-Sep,04-Sep,05-Sep,06-Sep,07-Sep,08-Sep,7,7,0
Amravati,Amravati,Amravati W.M,W.M.Amravati - 2,Amravati,20003791,105 Villages RRWSS,Talwel,4024,3,3.14,2.47,3.64,3.67,3.52,3.32,2.94,78.03,61.38,90.46,91.20,87.52,82.46,73.06,02-Sep,03-Sep,04-Sep,05-Sep,06-Sep,07-Sep,08-Sep,02-Sep,03-Sep,04-Sep,05-Sep,06-Sep,07-Sep,08-Sep,0,0,7
Amravati,Amravati,Amravati W.M,W.M.Amravati - 2,Amravati,20003791,105 Villages RRWSS,Tarkheda,3773,2,3.44,3.62,3.89,3.74,3.51,3.58,3.55,91.17,95.94,103.10,99.13,93.03,94.88,94.09,02-Sep,03-Sep,04-Sep,05-Sep,06-Sep,07-Sep,08-Sep,02-Sep,03-Sep,04-Sep,05-Sep,06-Sep,07-Sep,08-Sep,0,0,7
Amravati,Amravati,Amravati W.M,W.M.Amravati - 2,Bhatkuli,20003791,105 Villages RRWSS,Anakwadi,649,1,0.00,0.00,0.41,0.00,0.00,0.75,0.00,0.00,0.00,63.17,0.00,0.00,115.56,0.00,02-Sep,03-Sep,04-Sep,05-Sep,06-Sep,07-Sep,08-Sep,02-Sep,03-Sep,04-Sep,05-Sep,06-Sep,07-Sep,08-Sep,5,5,2
Amravati,Amravati,Amravati W.M,W.M.Amravati - 2,Bhatkuli,20003791,105 Villages RRWSS,Asegaon,4180,4,1.11,1.11,1.12,1.11,1.11,1.11,1.11,26.56,26.56,26.76,26.56,26.56,26.56,26.56,02-Sep,03-Sep,04-Sep,05-Sep,06-Sep,07-Sep,08-Sep,02-Sep,03-Sep,04-Sep,05-Sep,06-Sep,07-Sep,08-Sep,0,7,0
Amravati,Amravati,Amravati W.M,W.M.Amravati - 2,Bhatkuli,20003791,105 Villages RRWSS,Ashti,3472,4,2.09,1.75,2.83,1.84,2.52,3.35,2.67,60.20,50.40,81.51,53.00,72.58,96.51,76.88,02-Sep,03-Sep,04-Sep,05-Sep,06-Sep,07-Sep,08-Sep,02-Sep,03-Sep,04-Sep,05-Sep,06-Sep,07-Sep,08-Sep,0,2,5
Amravati,Amravati,Amravati W.M,W.M.Amravati - 2,Bhatkuli,20003791,105 Villages RRWSS,Bhalsi,519,1,0.47,0.56,0.00,0.52,0.15,0.66,0.58,90.56,107.90,0.00,100.19,28.90,127.17,111.75,02-Sep,03-Sep,04-Sep,05-Sep,06-Sep,07-Sep,08-Sep,02-Sep,03-Sep,04-Sep,05-Sep,06-Sep,07-Sep,08-Sep,1,2,5
Amravati,Amravati,Amravati W.M,W.M.Amravati - 2,Bhatkuli,20003791,105 Villages RRWSS,Bhatkuli NP,1310,2,7.44,7.99,8.12,7.38,7.73,8.00,7.66,567.94,609.92,619.85,563.36,590.08,610.69,584.73,02-Sep,03-Sep,04-Sep,05-Sep,06-Sep,07-Sep,08-Sep,02-Sep,03-Sep,04-Sep,05-Sep,06-Sep,07-Sep,08-Sep,0,0,7
Amravati,Amravati,Amravati W.M,W.M.Amravati - 2,Bhatkuli,20003791,105 Villages RRWSS,Chakur,418,1,0.00,0.00,4.70,3.61,0.91,4.98,4.32,0.00,0.00,1124.40,863.64,217.70,1191.39,1033.49,02-Sep,03-Sep,04-Sep,05-Sep,06-Sep,07-Sep,08-Sep,02-Sep,03-Sep,04-Sep,05-Sep,06-Sep,07-Sep,08-Sep,2,2,5
Amravati,Amravati,Amravati W.M,W.M.Amravati - 2,Bhatkuli,20003791,105 Villages RRWSS,Chimnapur E.,62,1,0.00,0.01,0.19,0.05,0.00,0.68,0.00,0.00,16.13,306.45,80.65,0.00,1096.77,0.00,02-Sep,03-Sep,04-Sep,05-Sep,06-Sep,07-Sep,08-Sep,02-Sep,03-Sep,04-Sep,05-Sep,06-Sep,07-Sep,08-Sep,3,4,3
Amravati,Amravati,Amravati W.M,W.M.Amravati - 2,Bhatkuli,20003791,105 Villages RRWSS,Chincholi,1637,2,0.56,1.08,1.09,1.06,1.05,1.22,1.06,34.21,65.97,66.59,64.75,64.14,74.53,64.75,02-Sep,03-Sep,04-Sep,05-Sep,06-Sep,07-Sep,08-Sep,02-Sep,03-Sep,04-Sep,05-Sep,06-Sep,07-Sep,08-Sep,0,1,6
Amravati,Amravati,Amravati W.M,W.M.Amravati - 2,Bhatkuli,20003791,105 Villages RRWSS,Dautpur -Kanfodi,353,1,0.55,0.58,0.54,0.58,0.62,0.53,0.62,155.81,164.31,152.97,164.31,175.64,150.14,175.64,02-Sep,03-Sep,04-Sep,05-Sep,06-Sep,07-Sep,08-Sep,02-Sep,03-Sep,04-Sep,05-Sep,06-Sep,07-Sep,08-Sep,0,0,7
Amravati,Amravati,Amravati W.M,W.M.Amravati - 2,Bhatkuli,20003791,105 Villages RRWSS,Deori,757,2,1.04,1.35,1.28,0.85,1.25,2.01,1.98,137.38,178.34,169.09,112.29,165.13,265.52,261.56,02-Sep,03-Sep,04-Sep,05-Sep,06-Sep,07-Sep,08-Sep,02-Sep,03-Sep,04-Sep,05-Sep,06-Sep,07-Sep,08-Sep,0,0,7
Amravati,Amravati,Amravati W.M,W.M.Amravati - 2,Bhatkuli,20003791,105 Villages RRWSS,Dhamori,737,3,41.75,39.27,38.09,38.22,42.91,44.22,37.99,5664.45,5327.68,5168.72,5186.23,5822.37,6000.36,5154.05,02-Sep,03-Sep,04-Sep,05-Sep,06-Sep,07-Sep,08-Sep,02-Sep,03-Sep,04-Sep,05-Sep,06-Sep,07-Sep,08-Sep,0,0,7
Amravati,Amravati,Amravati W.M,W.M.Amravati - 2,Bhatkuli,20003791,105 Villages RRWSS,Dhangarkheda,326,1,0.42,0.18,0.00,0.26,0.65,0.00,0.00,128.83,55.21,0.00,79.75,199.39,0.00,0.00,02-Sep,03-Sep,04-Sep,05-Sep,06-Sep,07-Sep,08-Sep,02-Sep,03-Sep,04-Sep,05-Sep,06-Sep,07-Sep,08-Sep,3,3,4
Amravati,Amravati,Amravati W.M,W.M.Amravati - 2,Bhatkuli,20003791,105 Villages RRWSS,Gajanan Township,0,2,4.61,5.15,4.60,5.05,4.59,4.41,4.53,0.00,0.00,0.00,0.00,0.00,0.00,0.00,02-Sep,03-Sep,04-Sep,05-Sep,06-Sep,07-Sep,08-Sep,02-Sep,03-Sep,04-Sep,05-Sep,06-Sep,07-Sep,08-Sep,7,7,0
Amravati,Amravati,Amravati W.M,W.M.Amravati - 2,Bhatkuli,20003791,105 Villages RRWSS,Hatkhed,1221,2,0.65,0.59,0.70,0.70,0.67,0.72,0.69,53.24,48.32,57.33,57.33,54.87,58.97,56.51,02-Sep,03-Sep,04-Sep,05-Sep,06-Sep,07-Sep,08-Sep,02-Sep,03-Sep,04-Sep,05-Sep,06-Sep,07-Sep,08-Sep,0,3,4
Amravati,Amravati,Amravati W.M,W.M.Amravati - 2,Bhatkuli,20003791,105 Villages RRWSS,Hiwara,689,1,8.56,11.31,8.19,10.72,8.55,11.20,8.43,1242.38,1641.51,1188.68,1555.88,1240.93,1625.54,1223.51,02-Sep,03-Sep,04-Sep,05-Sep,06-Sep,07-Sep,08-Sep,02-Sep,03-Sep,04-Sep,05-Sep,06-Sep,07-Sep,08-Sep,0,0,7
Amravati,Amravati,Amravati W.M,W.M.Amravati - 2,Bhatkuli,20003791,105 Villages RRWSS,Jalaka,1577,1,0.44,0.81,0.77,0.80,0.58,0.76,0.83,27.90,51.36,48.83,50.73,36.78,48.19,52.63,02-Sep,03-Sep,04-Sep,05-Sep,06-Sep,07-Sep,08-Sep,02-Sep,03-Sep,04-Sep,05-Sep,06-Sep,07-Sep,08-Sep,0,7,0
Amravati,Amravati,Amravati W.M,W.M.Amravati - 2,Bhatkuli,20003791,105 Villages RRWSS,Khanapur,681,2,0.47,0.38,0.24,0.45,0.44,0.22,0.45,69.02,55.80,35.24,66.08,64.61,32.31,66.08,02-Sep,03-Sep,04-Sep,05-Sep,06-Sep,07-Sep,08-Sep,02-Sep,03-Sep,04-Sep,05-Sep,06-Sep,07-Sep,08-Sep,0,2,5
Amravati,Amravati,Amravati W.M,W.M.Amravati - 2,Bhatkuli,20003791,105 Villages RRWSS,Kharala,2392,3,9.94,10.33,10.10,9.99,10.24,5.04,10.34,415.55,431.86,422.24,417.64,428.09,210.70,432.27,02-Sep,03-Sep,04-Sep,05-Sep,06-Sep,07-Sep,08-Sep,02-Sep,03-Sep,04-Sep,05-Sep,06-Sep,07-Sep,08-Sep,0,0,7
Amravati,Amravati,Amravati W.M,W.M.Amravati - 2,Bhatkuli,20003791,105 Villages RRWSS,Kharwadi,1634,1,1.32,1.27,1.30,1.32,0.63,0.71,1.13,80.78,77.72,79.56,80.78,38.56,43.45,69.16,02-Sep,03-Sep,04-Sep,05-Sep,06-Sep,07-Sep,08-Sep,02-Sep,03-Sep,04-Sep,05-Sep,06-Sep,07-Sep,08-Sep,0,2,5
Amravati,Amravati,Amravati W.M,W.M.Amravati - 2,Bhatkuli,20003791,105 Villages RRWSS,Khumagad,608,1,0.00,0.54,0.00,0.56,0.00,0.46,0.00,0.00,88.82,0.00,92.11,0.00,75.66,0.00,02-Sep,03-Sep,04-Sep,05-Sep,06-Sep,07-Sep,08-Sep,02-Sep,03-Sep,04-Sep,05-Sep,06-Sep,07-Sep,08-Sep,4,4,3
Amravati,Amravati,Amravati W.M,W.M.Amravati - 2,Bhatkuli,20003791,105 Villages RRWSS,Koltek,,1,0.00,0.00,0.00,0.00,0.00,0.00,0.00,0.00,0.00,0.00,0.00,0.00,0.00,0.00,02-Sep,03-Sep,04-Sep,05-Sep,06-Sep,07-Sep,08-Sep,02-Sep,03-Sep,04-Sep,05-Sep,06-Sep,07-Sep,08-Sep,7,7,0
Amravati,Amravati,Amravati W.M,W.M.Amravati - 2,Chandur Bazar,20003791,105 Villages RRWSS,Krishnapur,1029,1,1.75,1.41,1.38,1.85,1.44,1.53,1.54,170.07,137.03,134.11,179.79,139.94,148.69,149.66,02-Sep,03-Sep,04-Sep,05-Sep,06-Sep,07-Sep,08-Sep,02-Sep,03-Sep,04-Sep,05-Sep,06-Sep,07-Sep,08-Sep,0,0,7
Amravati,Amravati,Amravati W.M,W.M.Amravati - 2,Chandur Bazar,20003791,105 Villages RRWSS,Lasanapur,0,1,1.53,1.66,1.73,1.74,1.61,1.67,1.04,0.00,0.00,0.00,0.00,0.00,0.00,0.00,02-Sep,03-Sep,04-Sep,05-Sep,06-Sep,07-Sep,08-Sep,02-Sep,03-Sep,04-Sep,05-Sep,06-Sep,07-Sep,08-Sep,7,7,0
Amravati,Amravati,Amravati W.M,W.M.Amravati - 2,Chandur Bazar,20003791,105 Villages RRWSS,Madhalapur,500,1,0.69,1.20,0.72,1.15,0.85,0.94,0.74,138.00,240.00,144.00,230.00,170.00,188.00,148.00,02-Sep,03-Sep,04-Sep,05-Sep,06-Sep,07-Sep,08-Sep,02-Sep,03-Sep,04-Sep,05-Sep,06-Sep,07-Sep,08-Sep,0,0,7
Amravati,Amravati,Amravati W.M,W.M.Amravati - 2,Chandur Bazar,20003791,105 Villages RRWSS,Makrampur,112,1,0.00,2.21,0.00,0.00,3.00,0.00,0.00,0.00,1973.21,0.00,0.00,2678.57,0.00,0.00,02-Sep,03-Sep,04-Sep,05-Sep,06-Sep,07-Sep,08-Sep,02-Sep,03-Sep,04-Sep,05-Sep,06-Sep,07-Sep,08-Sep,5,5,2
Amravati,Amravati,Amravati W.M,W.M.Amravati - 2,Chandur Bazar,20003791,105 Villages RRWSS,Mhaispur,794,1,0.60,0.49,0.70,0.63,0.60,0.69,0.58,75.57,61.71,88.16,79.35,75.57,86.90,73.05,02-Sep,03-Sep,04-Sep,05-Sep,06-Sep,07-Sep,08-Sep,02-Sep,03-Sep,04-Sep,05-Sep,06-Sep,07-Sep,08-Sep,0,0,7
Amravati,Amravati,Amravati W.M,W.M.Amravati - 2,Chandur Bazar,20003791,105 Villages RRWSS,Nandura Bk.,2311,2,0.60,0.00,0.79,0.52,0.90,0.00,0.60,25.96,0.00,34.18,22.50,38.94,0.00,25.96,02-Sep,03-Sep,04-Sep,05-Sep,06-Sep,07-Sep,08-Sep,02-Sep,03-Sep,04-Sep,05-Sep,06-Sep,07-Sep,08-Sep,2,7,0
Amravati,Amravati,Amravati W.M,W.M.Amravati - 2,Chandur Bazar,20003791,105 Villages RRWSS,Nanori,1237,1,0.00,0.00,0.00,0.00,0.00,0.00,0.00,0.00,0.00,0.00,0.00,0.00,0.00,0.00,02-Sep,03-Sep,04-Sep,05-Sep,06-Sep,07-Sep,08-Sep,02-Sep,03-Sep,04-Sep,05-Sep,06-Sep,07-Sep,08-Sep,7,7,0
Amravati,Amravati,Amravati W.M,W.M.Amravati - 2,Chandur Bazar,20003791,105 Villages RRWSS,Naya Akola,3201,3,0.00,0.00,0.00,0.00,0.01,0.00,0.00,0.00,0.00,0.00,0.00,0.31,0.00,0.00,02-Sep,03-Sep,04-Sep,05-Sep,06-Sep,07-Sep,08-Sep,02-Sep,03-Sep,04-Sep,05-Sep,06-Sep,07-Sep,08-Sep,6,7,0
Amravati,Amravati,Amravati W.M,W.M.Amravati - 2,Chandur Bazar,20003791,105 Villages RRWSS,Nirul,1528,4,1.76,1.50,1.61,1.55,1.63,1.50,1.76,115.18,98.17,105.37,101.44,106.68,98.17,115.18,02-Sep,03-Sep,04-Sep,05-Sep,06-Sep,07-Sep,08-Sep,02-Sep,03-Sep,04-Sep,05-Sep,06-Sep,07-Sep,08-Sep,0,0,7
Amravati,Amravati,Amravati W.M,W.M.Amravati - 2,Chandur Bazar,20003791,105 Villages RRWSS,Pohara,517,1,1.13,0.00,1.16,0.00,0.78,0.10,0.93,218.57,0.00,224.37,0.00,150.87,19.34,179.88,02-Sep,03-Sep,04-Sep,05-Sep,06-Sep,07-Sep,08-Sep,02-Sep,03-Sep,04-Sep,05-Sep,06-Sep,07-Sep,08-Sep,2,3,4
Amravati,Amravati,Amravati W.M,W.M.Amravati - 2,Chandur Bazar,20003791,105 Villages RRWSS,Pusda,5512,3,0.65,0.98,0.84,0.83,0.77,0.93,0.81,11.79,17.78,15.24,15.06,13.97,16.87,14.70,02-Sep,03-Sep,04-Sep,05-Sep,06-Sep,07-Sep,08-Sep,02-Sep,03-Sep,04-Sep,05-Sep,06-Sep,07-Sep,08-Sep,0,7,0
Amravati,Amravati,Amravati,Achalpur,Achalpur,20028532,"24 Villages RRWSS, Ta. Achalpur",Borgaon Peth,1902,2,,,,0.00,0.35,0.48,0.59,,,,0.00,18.44,25.42,31.11,02-Sep,03-Sep,04-Sep,05-Sep,06-Sep,07-Sep,08-Sep,02-Sep,03-Sep,04-Sep,05-Sep,06-Sep,07-Sep,08-Sep,1,4,0
Amravati,Amravati,Amravati,Achalpur,Achalpur,20029998,Shahanur & 9 Villages RRWS,Gond Wagholi,1393,2,1.09,1.01,1.80,1.56,1.34,1.07,1.41,78.25,72.51,129.22,111.99,96.20,76.81,101.22,02-Sep,03-Sep,04-Sep,05-Sep,06-Sep,07-Sep,08-Sep,02-Sep,03-Sep,04-Sep,05-Sep,06-Sep,07-Sep,08-Sep,0,0,7
Amravati,Amravati,Amravati,Achalpur,Achalpur,20029998,Shahanur & 9 Villages RRWS,Januna,1827,2,1.72,0.98,0.00,0.00,0.00,1.67,1.10,94.19,53.54,0.00,0.00,0.00,91.35,60.30,02-Sep,03-Sep,04-Sep,05-Sep,06-Sep,07-Sep,08-Sep,02-Sep,03-Sep,04-Sep,05-Sep,06-Sep,07-Sep,08-Sep,3,4,3
Amravati,Amravati,Amravati,Achalpur,Achalpur,20029998,Shahanur & 9 Villages RRWS,Kasampur,1311,2,0.00,0.00,0.00,0.00,0.00,0.00,0.00,0.00,0.00,0.00,0.00,0.00,0.00,0.00,02-Sep,03-Sep,04-Sep,05-Sep,06-Sep,07-Sep,08-Sep,02-Sep,03-Sep,04-Sep,05-Sep,06-Sep,07-Sep,08-Sep,7,7,0
Amravati,Amravati,Amravati,Achalpur,Achalpur,20029998,Shahanur & 9 Villages RRWS,Kumbhi Wagholi,507,1,0.00,0.00,0.00,0.00,0.00,0.00,0.00,0.00,0.00,0.00,0.00,0.00,0.00,0.00,02-Sep,03-Sep,04-Sep,05-Sep,06-Sep,07-Sep,08-Sep,02-Sep,03-Sep,04-Sep,05-Sep,06-Sep,07-Sep,08-Sep,7,7,0
Amravati,Amravati,Amravati,Achalpur,Achalpur,20029998,Shahanur & 9 Villages RRWS,Pardi,302,1,0.00,0.00,0.00,0.00,0.00,0.00,0.00,0.00,0.00,0.00,0.00,0.00,0.00,0.00,02-Sep,03-Sep,04-Sep,05-Sep,06-Sep,07-Sep,08-Sep,02-Sep,03-Sep,04-Sep,05-Sep,06-Sep,07-Sep,08-Sep,7,7,0
Amravati,Amravati,Amravati,Achalpur,Achalpur,20029998,Shahanur & 9 Villages RRWS,Waghdoh,783,2,0.00,1.27,0.00,0.00,0.00,0.00,1.03,0.00,162.47,0.00,0.11,0.11,0.03,131.25,02-Sep,03-Sep,04-Sep,05-Sep,06-Sep,07-Sep,08-Sep,02-Sep,03-Sep,04-Sep,05-Sep,06-Sep,07-Sep,08-Sep,2,5,2
Amravati,Amravati,Amravati,Achalpur,Achalpur,20029998,Shahanur & 9 Villages RRWS,Walmikpur,557,1,0.00,0.00,0.00,0.00,0.00,0.00,0.00,0.00,0.00,0.00,0.00,0.00,0.00,0.00,02-Sep,03-Sep,04-Sep,05-Sep,06-Sep,07-Sep,08-Sep,02-Sep,03-Sep,04-Sep,05-Sep,06-Sep,07-Sep,08-Sep,7,7,0
Amravati,Amravati,Amravati,Achalpur,Achalpur,7945938,83 Village RRWS Scheme MJP RR (C 39),Aregaon,158,1,0.00,0.00,0.00,0.00,0.00,0.00,0.00,0.00,0.00,0.00,0.00,0.00,0.00,0.00,02-Sep,03-Sep,04-Sep,05-Sep,06-Sep,07-Sep,08-Sep,02-Sep,03-Sep,04-Sep,05-Sep,06-Sep,07-Sep,08-Sep,7,7,0
Amravati,Amravati,Amravati,Achalpur,Achalpur,7945938,83 Village RRWS Scheme MJP RR (C 39),Belaj,369,2,0.00,0.17,0.00,0.19,0.00,0.18,0.00,0.00,46.07,0.00,51.49,0.00,48.78,0.00,02-Sep,03-Sep,04-Sep,05-Sep,06-Sep,07-Sep,08-Sep,02-Sep,03-Sep,04-Sep,05-Sep,06-Sep,07-Sep,08-Sep,4,7,0
Amravati,Amravati,Amravati,Achalpur,Achalpur,7945938,83 Village RRWS Scheme MJP RR (C 39),Bordi,335,1,10.49,13.47,11.24,14.10,9.66,12.78,10.70,3131.34,4020.90,3355.22,4208.96,2883.58,3814.93,3194.03,02-Sep,03-Sep,04-Sep,05-Sep,06-Sep,07-Sep,08-Sep,02-Sep,03-Sep,04-Sep,05-Sep,06-Sep,07-Sep,08-Sep,0,0,7
Amravati,Amravati,Amravati,Achalpur,Achalpur,7945938,83 Village RRWS Scheme MJP RR (C 39),Borgaon Dori,263,1,0.81,0.38,1.31,0.59,0.56,0.30,0.82,307.98,144.49,498.10,224.33,212.93,114.07,311.79,02-Sep,03-Sep,04-Sep,05-Sep,06-Sep,07-Sep,08-Sep,02-Sep,03-Sep,04-Sep,05-Sep,06-Sep,07-Sep,08-Sep,0,0,7
Amravati,Amravati,Amravati,Achalpur,Achalpur,7945938,83 Village RRWS Scheme MJP RR (C 39),Borgaon Talani,102,1,0.00,0.00,0.00,0.00,0.00,0.00,0.00,0.00,0.00,0.00,0.00,0.00,0.00,0.00,02-Sep,03-Sep,04-Sep,05-Sep,06-Sep,07-Sep,08-Sep,02-Sep,03-Sep,04-Sep,05-Sep,06-Sep,07-Sep,08-Sep,7,7,0
Amravati,Amravati,Amravati,Achalpur,Achalpur,7945938,83 Village RRWS Scheme MJP RR (C 39),Chachondi,36,1,0.00,0.00,0.00,0.00,0.00,0.00,0.00,0.00,0.00,0.00,0.00,0.00,0.00,0.00,02-Sep,03-Sep,04-Sep,05-Sep,06-Sep,07-Sep,08-Sep,02-Sep,03-Sep,04-Sep,05-Sep,06-Sep,07-Sep,08-Sep,7,7,0
Amravati,Amravati,Amravati,Achalpur,Achalpur,7945938,83 Village RRWS Scheme MJP RR (C 39),Chamak Kh,254,1,8.04,9.65,9.86,9.75,8.95,8.83,9.88,3165.35,3799.21,3881.89,3838.58,3523.62,3476.38,3889.76,02-Sep,03-Sep,04-Sep,05-Sep,06-Sep,07-Sep,08-Sep,02-Sep,03-Sep,04-Sep,05-Sep,06-Sep,07-Sep,08-Sep,0,0,7
Amravati,Amravati,Amravati,Achalpur,Achalpur,7945938,83 Village RRWS Scheme MJP RR (C 39),Dewari,107,1,0.00,0.00,0.00,0.00,0.00,0.00,0.00,0.00,0.00,0.00,0.00,0.00,0.00,0.00,02-Sep,03-Sep,04-Sep,05-Sep,06-Sep,07-Sep,08-Sep,02-Sep,03-Sep,04-Sep,05-Sep,06-Sep,07-Sep,08-Sep,7,7,0
Amravati,Amravati,Amravati,Achalpur,Achalpur,7945938,83 Village RRWS Scheme MJP RR (C 39),Dhanora,149,1,0.00,0.00,0.00,0.00,0.00,0.00,0.00,0.00,0.00,0.00,0.00,0.00,0.00,0.00,02-Sep,03-Sep,04-Sep,05-Sep,06-Sep,07-Sep,08-Sep,02-Sep,03-Sep,04-Sep,05-Sep,06-Sep,07-Sep,08-Sep,7,7,0
Amravati,Amravati,Amravati,Achalpur,Achalpur,7945938,83 Village RRWS Scheme MJP RR (C 39),Dhotarkheda,802,2,0.00,0.00,0.00,0.00,0.00,0.00,0.00,0.00,0.00,0.00,0.00,0.00,0.00,0.00,02-Sep,03-Sep,04-Sep,05-Sep,06-Sep,07-Sep,08-Sep,02-Sep,03-Sep,04-Sep,05-Sep,06-Sep,07-Sep,08-Sep,7,7,0
Amravati,Amravati,Amravati,Achalpur,Achalpur,7945938,83 Village RRWS Scheme MJP RR (C 39),Eklaspur,486,3,2.38,4.16,2.90,4.24,3.01,3.57,2.35,489.71,855.97,596.71,872.43,619.34,734.57,483.54,02-Sep,03-Sep,04-Sep,05-Sep,06-Sep,07-Sep,08-Sep,02-Sep,03-Sep,04-Sep,05-Sep,06-Sep,07-Sep,08-Sep,0,0,7
Amravati,Amravati,Amravati,Achalpur,Achalpur,7945938,83 Village RRWS Scheme MJP RR (C 39),Jawardi,221,1,9.95,8.27,5.89,6.21,4.79,10.44,7.53,4502.26,3743.29,2665.16,2809.95,2168.33,4723.08,3407.24,02-Sep,03-Sep,04-Sep,05-Sep,06-Sep,07-Sep,08-Sep,02-Sep,03-Sep,04-Sep,05-Sep,06-Sep,07-Sep,08-Sep,0,0,7
Amravati,Amravati,Amravati,Achalpur,Achalpur,7945938,83 Village RRWS Scheme MJP RR (C 39),Kakda,1104,2,0.00,0.00,2.46,0.00,0.00,0.00,0.00,0.00,0.00,222.83,0.00,0.00,0.00,0.00,02-Sep,03-Sep,04-Sep,05-Sep,06-Sep,07-Sep,08-Sep,02-Sep,03-Sep,04-Sep,05-Sep,06-Sep,07-Sep,08-Sep,6,6,1
Amravati,Amravati,Amravati,Achalpur,Achalpur,7945938,83 Village RRWS Scheme MJP RR (C 39),Kolha,419,2,0.00,0.00,0.00,0.00,0.00,0.00,0.00,0.00,0.00,0.00,0.00,0.00,0.00,0.00,02-Sep,03-Sep,04-Sep,05-Sep,06-Sep,07-Sep,08-Sep,02-Sep,03-Sep,04-Sep,05-Sep,06-Sep,07-Sep,08-Sep,7,7,0
Amravati,Amravati,Amravati,Achalpur,Achalpur,7945938,83 Village RRWS Scheme MJP RR (C 39),Kushta kd,225,1,4.96,3.99,9.01,8.62,7.39,5.21,3.28,2204.44,1773.11,4002.22,3831.11,3284.44,2313.70,1459.63,02-Sep,03-Sep,04-Sep,05-Sep,06-Sep,07-Sep,08-Sep,02-Sep,03-Sep,04-Sep,05-Sep,06-Sep,07-Sep,08-Sep,0,0,7
Amravati,Amravati,Amravati,Achalpur,Achalpur,7945938,83 Village RRWS Scheme MJP RR (C 39),Shekapur,64,1,0.00,0.00,0.00,0.00,0.58,0.00,0.00,0.00,0.00,0.00,0.00,906.25,0.00,0.00,02-Sep,03-Sep,04-Sep,05-Sep,06-Sep,07-Sep,08-Sep,02-Sep,03-Sep,04-Sep,05-Sep,06-Sep,07-Sep,08-Sep,6,6,1
Amravati,Amravati,Amravati,Achalpur,Achalpur,7945938,83 Village RRWS Scheme MJP RR (C 39),Tawalar,675,3,0.86,0.66,0.85,0.60,1.08,0.85,1.07,127.41,97.78,125.93,88.89,160.00,125.93,158.52,02-Sep,03-Sep,04-Sep,05-Sep,06-Sep,07-Sep,08-Sep,02-Sep,03-Sep,04-Sep,05-Sep,06-Sep,07-Sep,08-Sep,0,0,7
Amravati,Amravati,Amravati,Achalpur,Achalpur,7945938,83 Village RRWS Scheme MJP RR (C 39),Thokbarda,101,1,1.08,0.00,0.00,0.86,0.00,0.62,0.85,1069.31,0.00,0.00,851.49,0.00,613.86,841.58,02-Sep,03-Sep,04-Sep,05-Sep,06-Sep,07-Sep,08-Sep,02-Sep,03-Sep,04-Sep,05-Sep,06-Sep,07-Sep,08-Sep,3,3,4
Amravati,Amravati,Amravati,Achalpur,Achalpur,7945938,83 Village RRWS Scheme MJP RR (C 39),Tondgaon,560,3,1.55,0.00,2.04,0.00,1.67,0.01,0.72,276.79,0.00,364.29,0.00,298.21,1.79,128.57,02-Sep,03-Sep,04-Sep,05-Sep,06-Sep,07-Sep,08-Sep,02-Sep,03-Sep,04-Sep,05-Sep,06-Sep,07-Sep,08-Sep,2,3,4
Amravati,Amravati,Amravati,Achalpur,Achalpur,7945938,83 Village RRWS Scheme MJP RR (C 39),Tuljapur jahagir,96,1,0.20,101.81,0.00,14.98,17.08,0.52,0.00,208.33,106052.08,0.00,15604.17,17791.67,541.67,0.00,02-Sep,03-Sep,04-Sep,05-Sep,06-Sep,07-Sep,08-Sep,02-Sep,03-Sep,04-Sep,05-Sep,06-Sep,07-Sep,08-Sep,2,2,5
Amravati,Amravati,Amravati,Achalpur,Achalpur,7945938,83 Village RRWS Scheme MJP RR (C 39),Wadgaon Fattepur,855,3,2.56,2.55,2.76,1.98,2.30,2.58,2.65,299.42,298.25,322.81,231.58,269.01,301.75,309.94,02-Sep,03-Sep,04-Sep,05-Sep,06-Sep,07-Sep,08-Sep,02-Sep,03-Sep,04-Sep,05-Sep,06-Sep,07-Sep,08-Sep,0,0,7
Amravati,Amravati,Amravati,Achalpur,Chandur Bazar,7945938,83 Village RRWS Scheme MJP RR (C 39),Ambada Kandari,276,1,1.51,1.46,0.00,1.39,1.85,1.81,1.63,547.10,528.99,0.00,503.62,670.29,655.80,590.58,02-Sep,03-Sep,04-Sep,05-Sep,06-Sep,07-Sep,08-Sep,02-Sep,03-Sep,04-Sep,05-Sep,06-Sep,07-Sep,08-Sep,1,1,6
Amravati,Amravati,Amravati,Achalpur,Chandur Bazar,7945938,83 Village RRWS Scheme MJP RR (C 39),Deomali,1500,2,5.54,5.91,5.37,6.13,5.48,6.11,5.29,369.33,394.00,358.00,408.67,365.33,407.33,352.67,02-Sep,03-Sep,04-Sep,05-Sep,06-Sep,07-Sep,08-Sep,02-Sep,03-Sep,04-Sep,05-Sep,06-Sep,07-Sep,08-Sep,0,0,7
Amravati,Amravati,Amravati,Achalpur,Chandur Bazar,7945938,83 Village RRWS Scheme MJP RR (C 39),Deurwada,912,3,1.89,2.85,3.04,2.47,2.47,2.90,2.66,207.24,312.50,333.33,270.83,270.83,317.98,291.67,02-Sep,03-Sep,04-Sep,05-Sep,06-Sep,07-Sep,08-Sep,02-Sep,03-Sep,04-Sep,05-Sep,06-Sep,07-Sep,08-Sep,0,0,7
Amravati,Amravati,Amravati,Achalpur,Chandur Bazar,7945938,83 Village RRWS Scheme MJP RR (C 39),Gourkheda,504,4,11.16,1.21,1.06,1.09,0.94,11.87,8.98,2213.81,240.20,209.92,215.44,187.49,2355.99,1781.63,02-Sep,03-Sep,04-Sep,05-Sep,06-Sep,07-Sep,08-Sep,02-Sep,03-Sep,04-Sep,05-Sep,06-Sep,07-Sep,08-Sep,0,0,7
Amravati,Amravati,Amravati,Achalpur,Chandur Bazar,7945938,83 Village RRWS Scheme MJP RR (C 39),Govindpur,330,1,0.60,0.66,0.74,0.59,1.01,0.65,0.64,181.82,200.00,224.24,178.79,306.06,196.97,193.94,02-Sep,03-Sep,04-Sep,05-Sep,06-Sep,07-Sep,08-Sep,02-Sep,03-Sep,04-Sep,05-Sep,06-Sep,07-Sep,08-Sep,0,0,7
Amravati,Amravati,Amravati,Achalpur,Chandur Bazar,7945938,83 Village RRWS Scheme MJP RR (C 39),Kajali,363,1,1.03,1.17,0.87,0.88,0.93,0.69,0.97,283.75,322.31,239.67,242.42,256.20,190.08,267.22,02-Sep,03-Sep,04-Sep,05-Sep,06-Sep,07-Sep,08-Sep,02-Sep,03-Sep,04-Sep,05-Sep,06-Sep,07-Sep,08-Sep,0,0,7
Amravati,Amravati,Amravati,Achalpur,Chandur Bazar,7945938,83 Village RRWS Scheme MJP RR (C 39),Kandali,3538,4,20.37,9.51,17.25,10.00,21.88,12.48,26.28,575.62,268.78,487.58,282.74,618.50,352.61,742.75,02-Sep,03-Sep,04-Sep,05-Sep,06-Sep,07-Sep,08-Sep,02-Sep,03-Sep,04-Sep,05-Sep,06-Sep,07-Sep,08-Sep,0,0,7
Amravati,Amravati,Amravati,Achalpur,Chandur Bazar,7945938,83 Village RRWS Scheme MJP RR (C 39),Karajgaon (Mahal),1443,2,0.00,0.00,0.00,0.00,0.00,0.00,0.00,0.00,0.00,0.00,0.00,0.00,0.00,0.00,02-Sep,03-Sep,04-Sep,05-Sep,06-Sep,07-Sep,08-Sep,02-Sep,03-Sep,04-Sep,05-Sep,06-Sep,07-Sep,08-Sep,7,7,0
Amravati,Amravati,Amravati,Achalpur,Chandur Bazar,7945938,83 Village RRWS Scheme MJP RR (C 39),Kavitha Bk.,1129,2,2.97,3.48,1.43,1.79,0.88,1.74,1.50,263.06,308.24,126.66,158.55,77.95,154.12,132.86,02-Sep,03-Sep,04-Sep,05-Sep,06-Sep,07-Sep,08-Sep,02-Sep,03-Sep,04-Sep,05-Sep,06-Sep,07-Sep,08-Sep,0,0,7
Amravati,Amravati,Amravati,Achalpur,Chandur Bazar,7945938,83 Village RRWS Scheme MJP RR (C 39),Kharpi,591,1,4.50,5.34,5.43,5.52,4.13,5.62,4.64,761.42,903.55,918.78,934.01,698.82,950.93,785.11,02-Sep,03-Sep,04-Sep,05-Sep,06-Sep,07-Sep,08-Sep,02-Sep,03-Sep,04-Sep,05-Sep,06-Sep,07-Sep,08-Sep,0,0,7
Amravati,Amravati,Amravati,Achalpur,Chandur Bazar,7945938,83 Village RRWS Scheme MJP RR (C 39),Khel Choudhar,1350,1,6.11,6.13,5.92,5.53,3.89,7.17,6.70,452.64,454.25,438.50,409.33,288.30,530.81,496.13,02-Sep,03-Sep,04-Sep,05-Sep,06-Sep,07-Sep,08-Sep,02-Sep,03-Sep,04-Sep,05-Sep,06-Sep,07-Sep,08-Sep,0,0,7
Amravati,Amravati,Amravati,Achalpur,Chandur Bazar,7945938,83 Village RRWS Scheme MJP RR (C 39),Khel Sakharam (Kurha),119,1,21.08,26.14,30.93,32.22,27.69,19.30,17.99,17713.00,21968.07,25991.60,27071.57,23268.49,16216.39,15121.43,02-Sep,03-Sep,04-Sep,05-Sep,06-Sep,07-Sep,08-Sep,02-Sep,03-Sep,04-Sep,05-Sep,06-Sep,07-Sep,08-Sep,0,0,7
Amravati,Amravati,Amravati,Achalpur,Chandur Bazar,7945938,83 Village RRWS Scheme MJP RR (C 39),Kondwardha,235,1,1.14,1.12,1.23,1.10,0.93,0.98,0.98,485.11,476.60,523.40,468.09,395.74,417.02,417.02,02-Sep,03-Sep,04-Sep,05-Sep,06-Sep,07-Sep,08-Sep,02-Sep,03-Sep,04-Sep,05-Sep,06-Sep,07-Sep,08-Sep,0,0,7
Amravati,Amravati,Amravati,Achalpur,Chandur Bazar,7945938,83 Village RRWS Scheme MJP RR (C 39),Kumbhi,612,2,1.43,0.00,0.00,0.10,0.47,1.63,1.42,233.13,0.00,0.00,17.02,76.11,266.34,232.03,02-Sep,03-Sep,04-Sep,05-Sep,06-Sep,07-Sep,08-Sep,02-Sep,03-Sep,04-Sep,05-Sep,06-Sep,07-Sep,08-Sep,2,3,4
Amravati,Amravati,Amravati,Achalpur,Chandur Bazar,7945938,83 Village RRWS Scheme MJP RR (C 39),Narayanpur,183,1,0.22,0.18,0.00,0.11,0.01,0.00,0.00,120.22,98.36,0.00,60.11,5.46,0.00,0.00,02-Sep,03-Sep,04-Sep,05-Sep,06-Sep,07-Sep,08-Sep,02-Sep,03-Sep,04-Sep,05-Sep,06-Sep,07-Sep,08-Sep,3,4,3
Amravati,Amravati,Amravati,Achalpur,Chandur Bazar,7945938,83 Village RRWS Scheme MJP RR (C 39),Pimpari Thugaon,405,1,10.55,21.01,16.60,24.29,15.55,20.19,19.31,2604.94,5187.65,4098.77,5997.53,3839.51,4985.19,4767.90,02-Sep,03-Sep,04-Sep,05-Sep,06-Sep,07-Sep,08-Sep,02-Sep,03-Sep,04-Sep,05-Sep,06-Sep,07-Sep,08-Sep,0,0,7
Amravati,Amravati,Amravati,Achalpur,Chandur Bazar,7945938,83 Village RRWS Scheme MJP RR (C 39),Shirajgaon kasba,4069,4,5.54,7.70,5.00,8.78,6.52,6.97,0.59,136.18,189.16,122.77,215.70,160.28,171.22,14.50,02-Sep,03-Sep,04-Sep,05-Sep,06-Sep,07-Sep,08-Sep,02-Sep,03-Sep,04-Sep,05-Sep,06-Sep,07-Sep,08-Sep,0,1,6
Amravati,Amravati,Amravati,Amravati - 2,Chandur Rly,20030227,Chirodi & 4 Villages RRWS,Chirodi,2434,3,0.60,0.30,0.51,0.35,0.00,0.30,0.53,24.72,12.47,20.85,14.20,0.00,12.17,21.73,02-Sep,03-Sep,04-Sep,05-Sep,06-Sep,07-Sep,08-Sep,02-Sep,03-Sep,04-Sep,05-Sep,06-Sep,07-Sep,08-Sep,1,7,0
Amravati,Amravati,Amravati,Amravati - 2,Chandur Rly,20030227,Chirodi & 4 Villages RRWS,Karala,3161,3,10735.07,12597.73,15185.22,8506.89,12730.16,15119.74,5560.16,339609.98,398536.10,480392.91,269120.15,402725.66,478321.42,175898.77,02-Sep,03-Sep,04-Sep,05-Sep,06-Sep,07-Sep,08-Sep,02-Sep,03-Sep,04-Sep,05-Sep,06-Sep,07-Sep,08-Sep,0,0,7
Amravati,Amravati,Amravati,Amravati - 2,Chandur Rly,20030227,Chirodi & 4 Villages RRWS,Pathargaon,879,2,1.73,0.00,1.87,0.00,1.87,0.00,2.11,197.15,0.00,212.73,0.00,212.71,0.00,239.76,02-Sep,03-Sep,04-Sep,05-Sep,06-Sep,07-Sep,08-Sep,02-Sep,03-Sep,04-Sep,05-Sep,06-Sep,07-Sep,08-Sep,3,3,4
Amravati,Amravati,Amravati,Amravati - 2,Chandur Rly,20030227,Chirodi & 4 Villages RRWS,Sawangi Magrapur,1385,2,0.80,0.78,0.50,1.05,0.94,0.83,0.00,57.89,56.10,35.98,76.16,67.64,59.70,0.10,02-Sep,03-Sep,04-Sep,05-Sep,06-Sep,07-Sep,08-Sep,02-Sep,03-Sep,04-Sep,05-Sep,06-Sep,07-Sep,08-Sep,0,2,5
Amravati,Amravati,Amravati,Amravati - 2,Nandgaon Khandeshwar,20029975,Mangrul Chavhala & 8 Villages RRWS,Kani Mirzapur,1030,1,0.73,0.85,0.75,0.79,0.80,0.85,0.77,70.58,82.91,72.52,76.82,77.27,82.96,74.81,02-Sep,03-Sep,04-Sep,05-Sep,06-Sep,07-Sep,08-Sep,02-Sep,03-Sep,04-Sep,05-Sep,06-Sep,07-Sep,08-Sep,0,0,7
Amravati,Amravati,Amravati,Amravati - 2,Nandgaon Khandeshwar,20029975,Mangrul Chavhala & 8 Villages RRWS,Mangrul Chawada,4127,4,2.95,2.78,3.13,5.69,0.25,2.60,3.08,71.50,67.32,75.75,137.81,5.99,62.94,74.67,02-Sep,03-Sep,04-Sep,05-Sep,06-Sep,07-Sep,08-Sep,02-Sep,03-Sep,04-Sep,05-Sep,06-Sep,07-Sep,08-Sep,0,1,6
Amravati,Amravati,Amravati,Amravati - 2,Nandgaon Khandeshwar,20029975,Mangrul Chavhala & 8 Villages RRWS,Sangrampur,664,1,2.74,3.24,3.11,2.21,3.13,2.55,3.12,412.52,487.52,468.43,333.16,470.81,384.50,470.39,02-Sep,03-Sep,04-Sep,05-Sep,06-Sep,07-Sep,08-Sep,02-Sep,03-Sep,04-Sep,05-Sep,06-Sep,07-Sep,08-Sep,0,0,7
Amravati,Amravati,Amravati,Amravati - 2,Nandgaon Khandeshwar,20029975,Mangrul Chavhala & 8 Villages RRWS,Shivni,664,1,0.41,0.23,0.68,0.68,0.32,0.40,0.62,62.07,34.48,101.94,102.13,48.67,59.87,93.73,02-Sep,03-Sep,04-Sep,05-Sep,06-Sep,07-Sep,08-Sep,02-Sep,03-Sep,04-Sep,05-Sep,06-Sep,07-Sep,08-Sep,0,2,5
Amravati,Amravati,Amravati,Amravati - 2,Nandgaon Khandeshwar,20029975,Mangrul Chavhala & 8 Villages RRWS,Shivra,1465,2,,,0.00,1.51,0.00,1.20,0.66,,,0.00,103.34,0.00,81.72,44.90,02-Sep,03-Sep,04-Sep,05-Sep,06-Sep,07-Sep,08-Sep,02-Sep,03-Sep,04-Sep,05-Sep,06-Sep,07-Sep,08-Sep,2,3,2
Amravati,Amravati,Amravati,Amravati - 2,Nandgaon Khandeshwar,20029975,Mangrul Chavhala & 8 Villages RRWS,Veni Ganeshpur,2242,2,1.24,2.14,0.44,2.94,0.85,0.73,0.64,55.11,95.40,19.69,131.22,37.75,32.73,28.65,02-Sep,03-Sep,04-Sep,05-Sep,06-Sep,07-Sep,08-Sep,02-Sep,03-Sep,04-Sep,05-Sep,06-Sep,07-Sep,08-Sep,0,4,3
Amravati,Amravati,Amravati,Amravati - 2,Nandgaon Khandeshwar,20030120,Papal & 5 Villages RRWS,Lohgaon,,2,0.80,0.42,0.30,0.96,0.45,0.32,0.90,0.00,0.00,0.00,0.00,0.00,0.00,0.00,02-Sep,03-Sep,04-Sep,05-Sep,06-Sep,07-Sep,08-Sep,02-Sep,03-Sep,04-Sep,05-Sep,06-Sep,07-Sep,08-Sep,7,7,0
Amravati,Amravati,Amravati,Amravati - 2,Nandgaon Khandeshwar,20030120,Papal & 5 Villages RRWS,Papal,3628,2,0.00,0.00,0.00,0.00,0.00,0.00,0.00,0.00,0.00,0.00,0.00,0.00,0.00,0.00,02-Sep,03-Sep,04-Sep,05-Sep,06-Sep,07-Sep,08-Sep,02-Sep,03-Sep,04-Sep,05-Sep,06-Sep,07-Sep,08-Sep,7,7,0
Amravati,Amravati,Amravati,Amravati - 2,Nandgaon Khandeshwar,20030120,Papal & 5 Villages RRWS,Tighora,433,1,0.00,0.00,0.00,0.00,0.00,0.00,0.00,0.00,0.00,0.00,0.00,0.00,0.00,0.00,02-Sep,03-Sep,04-Sep,05-Sep,06-Sep,07-Sep,08-Sep,02-Sep,03-Sep,04-Sep,05-Sep,06-Sep,07-Sep,08-Sep,7,7,0
Amravati,Amravati,Amravati,Amravati - 2,Nandgaon Khandeshwar,20030263,Dhanora Gurav & 8 Villages RRWS,Dhanora Gurav,1796,2,0.00,0.00,0.00,0.00,0.00,0.00,0.00,0.00,0.00,0.00,0.00,0.00,0.00,0.00,02-Sep,03-Sep,04-Sep,05-Sep,06-Sep,07-Sep,08-Sep,02-Sep,03-Sep,04-Sep,05-Sep,06-Sep,07-Sep,08-Sep,7,7,0
Amravati,Amravati,Amravati,Amravati - 2,Nandgaon Khandeshwar,20030263,Dhanora Gurav & 8 Villages RRWS,Dharmapur,809,1,0.00,0.00,0.00,0.00,0.00,0.00,0.00,0.18,0.36,0.39,0.00,0.00,0.59,0.00,02-Sep,03-Sep,04-Sep,05-Sep,06-Sep,07-Sep,08-Sep,02-Sep,03-Sep,04-Sep,05-Sep,06-Sep,07-Sep,08-Sep,3,7,0
Amravati,Amravati,Amravati,Amravati - 2,Nandgaon Khandeshwar,20030263,Dhanora Gurav & 8 Villages RRWS,Hiwra Murada,1089,2,0.75,0.00,1.00,0.19,0.75,0.53,0.49,68.44,0.04,92.18,17.52,68.46,48.36,45.45,02-Sep,03-Sep,04-Sep,05-Sep,06-Sep,07-Sep,08-Sep,02-Sep,03-Sep,04-Sep,05-Sep,06-Sep,07-Sep,08-Sep,0,4,3
Amravati,Amravati,Amravati,Amravati - 2,Nandgaon Khandeshwar,20030263,Dhanora Gurav & 8 Villages RRWS,Khandala,816,1,0.00,0.00,0.94,0.49,0.00,0.25,0.00,0.00,0.00,115.60,60.55,0.00,30.23,0.00,02-Sep,03-Sep,04-Sep,05-Sep,06-Sep,07-Sep,08-Sep,02-Sep,03-Sep,04-Sep,05-Sep,06-Sep,07-Sep,08-Sep,4,5,2
Amravati,Amravati,Amravati,Amravati - 2,Nandgaon Khandeshwar,20030263,Dhanora Gurav & 8 Villages RRWS,Palas Mandal,1353,2,0.00,0.00,0.00,0.00,0.00,0.00,0.00,0.00,0.00,0.00,0.00,0.00,0.00,0.00,02-Sep,03-Sep,04-Sep,05-Sep,06-Sep,07-Sep,08-Sep,02-Sep,03-Sep,04-Sep,05-Sep,06-Sep,07-Sep,08-Sep,7,7,0
Amravati,Amravati,Amravati,Amravati - 2,Nandgaon Khandeshwar,20030263,Dhanora Gurav & 8 Villages RRWS,Pimpri Gawanda,536,1,0.00,0.00,0.00,0.00,0.00,0.00,0.00,0.00,0.00,0.00,0.00,0.00,0.00,0.00,02-Sep,03-Sep,04-Sep,05-Sep,06-Sep,07-Sep,08-Sep,02-Sep,03-Sep,04-Sep,05-Sep,06-Sep,07-Sep,08-Sep,7,7,0
Amravati,Amravati,Amravati,Amravati - 2,Nandgaon Khandeshwar,20030263,Dhanora Gurav & 8 Villages RRWS,Pusner,441,1,0.00,0.00,0.00,0.00,0.00,0.00,0.00,0.00,0.00,0.00,0.00,0.00,0.00,0.00,02-Sep,03-Sep,04-Sep,05-Sep,06-Sep,07-Sep,08-Sep,02-Sep,03-Sep,04-Sep,05-Sep,06-Sep,07-Sep,08-Sep,7,7,0
Amravati,Amravati,Amravati,Amravati - 2,Nandgaon Khandeshwar,20030263,Dhanora Gurav & 8 Villages RRWS,Wadala,446,1,0.72,0.77,0.40,0.93,0.73,0.63,0.85,161.79,171.99,88.71,208.39,163.41,141.95,189.89,02-Sep,03-Sep,04-Sep,05-Sep,06-Sep,07-Sep,08-Sep,02-Sep,03-Sep,04-Sep,05-Sep,06-Sep,07-Sep,08-Sep,0,0,7
Amravati,Amravati,Amravati,Amravati - 2,Nandgaon Khandeshwar,20030287,Takli & 4 Villages RRWS,Bopnemtaba,849,1,0.58,0.63,0.53,0.73,0.51,0.73,0.51,68.32,74.20,62.43,85.98,60.07,85.98,60.07,02-Sep,03-Sep,04-Sep,05-Sep,06-Sep,07-Sep,08-Sep,02-Sep,03-Sep,04-Sep,05-Sep,06-Sep,07-Sep,08-Sep,0,0,7
Amravati,Amravati,Amravati,Amravati - 2,Nandgaon Khandeshwar,20030287,Takli & 4 Villages RRWS,Dahigaon,,1,24.50,28.84,30.69,19.67,29.12,19.65,27.19,0.00,0.00,0.00,0.00,0.00,0.00,0.00,02-Sep,03-Sep,04-Sep,05-Sep,06-Sep,07-Sep,08-Sep,02-Sep,03-Sep,04-Sep,05-Sep,06-Sep,07-Sep,08-Sep,7,7,0
Amravati,Amravati,Amravati,Amravati - 2,Nandgaon Khandeshwar,20030287,Takli & 4 Villages RRWS,Ful Aamla,1771,2,0.00,0.00,0.00,0.00,0.00,0.00,0.00,0.16,0.21,0.00,0.00,0.00,0.00,0.00,02-Sep,03-Sep,04-Sep,05-Sep,06-Sep,07-Sep,08-Sep,02-Sep,03-Sep,04-Sep,05-Sep,06-Sep,07-Sep,08-Sep,5,7,0
Amravati,Amravati,Amravati,Amravati - 2,Nandgaon Khandeshwar,20030287,Takli & 4 Villages RRWS,Hiwara Kh.,1671,2,191.48,189.28,185.76,182.00,186.17,174.95,183.56,11459.01,11327.35,11116.70,10891.68,11141.23,10469.78,10985.04,02-Sep,03-Sep,04-Sep,05-Sep,06-Sep,07-Sep,08-Sep,02-Sep,03-Sep,04-Sep,05-Sep,06-Sep,07-Sep,08-Sep,0,0,7
Amravati,Amravati,Amravati,Amravati - 2,Nandgaon Khandeshwar,20030287,Takli & 4 Villages RRWS,Takali,2522,2,0.89,1.10,0.77,0.18,0.90,0.94,1.22,35.34,43.69,30.33,7.29,35.74,37.32,48.45,02-Sep,03-Sep,04-Sep,05-Sep,06-Sep,07-Sep,08-Sep,02-Sep,03-Sep,04-Sep,05-Sep,06-Sep,07-Sep,08-Sep,0,7,0
Amravati,Amravati,Amravati,Chandur Bazar,Chandur Bazar,20027511,"19 Villages RRWSS, Ta. Chandur Bazaar",Boraj,806,1,0.66,0.85,0.81,0.55,0.66,0.71,0.46,81.62,105.84,100.49,68.02,81.38,88.06,56.53,02-Sep,03-Sep,04-Sep,05-Sep,06-Sep,07-Sep,08-Sep,02-Sep,03-Sep,04-Sep,05-Sep,06-Sep,07-Sep,08-Sep,0,0,7
Amravati,Amravati,Amravati,Chandur Bazar,Chandur Bazar,20027511,"19 Villages RRWSS, Ta. Chandur Bazaar",Nimkhed,846,1,,0.72,0.75,0.65,0.58,0.71,0.62,,84.53,88.24,77.21,68.35,84.41,73.44,02-Sep,03-Sep,04-Sep,05-Sep,06-Sep,07-Sep,08-Sep,02-Sep,03-Sep,04-Sep,05-Sep,06-Sep,07-Sep,08-Sep,0,0,6
Amravati,Amravati,Amravati,Chandur Bazar,Chandur Bazar,20027511,"19 Villages RRWSS, Ta. Chandur Bazaar",Sonori Sultanpur,2399,2,,,0.00,0.00,0.00,0.00,0.00,,,0.00,0.00,0.00,0.00,0.00,02-Sep,03-Sep,04-Sep,05-Sep,06-Sep,07-Sep,08-Sep,02-Sep,03-Sep,04-Sep,05-Sep,06-Sep,07-Sep,08-Sep,5,5,0
Amravati,Amravati,Amravati,Chandur Bazar,Chandur Bazar,20027511,"19 Villages RRWSS, Ta. Chandur Bazaar",Surali,1519,2,0.89,1.49,1.80,1.31,1.68,1.08,1.27,58.67,98.22,118.58,86.48,110.69,70.91,83.51,02-Sep,03-Sep,04-Sep,05-Sep,06-Sep,07-Sep,08-Sep,02-Sep,03-Sep,04-Sep,05-Sep,06-Sep,07-Sep,08-Sep,0,0,7
Amravati,Amravati,Yavatmal,Pusad,Pusad,20028563,"Malpathar 28 Villages, (Reju.)",Aadgaon,2510,2,0.00,0.00,0.00,0.06,2.73,0.00,0.00,0.00,0.00,0.00,2.39,108.76,0.00,0.00,02-Sep,03-Sep,04-Sep,05-Sep,06-Sep,07-Sep,08-Sep,02-Sep,03-Sep,04-Sep,05-Sep,06-Sep,07-Sep,08-Sep,5,6,1
Amravati,Amravati,Yavatmal,Pusad,Pusad,20028563,"Malpathar 28 Villages, (Reju.)",Aamti,1239,2,0.00,0.00,0.00,0.00,0.00,0.00,0.00,0.00,0.00,0.00,0.00,0.00,0.00,0.00,02-Sep,03-Sep,04-Sep,05-Sep,06-Sep,07-Sep,08-Sep,02-Sep,03-Sep,04-Sep,05-Sep,06-Sep,07-Sep,08-Sep,7,7,0
Amravati,Amravati,Yavatmal,Pusad,Pusad,20028563,"Malpathar 28 Villages, (Reju.)",Hanvantkheda,1783,2,1.38,0.00,0.00,0.41,0.00,0.00,0.00,77.40,0.00,0.00,22.99,0.00,0.00,0.00,02-Sep,03-Sep,04-Sep,05-Sep,06-Sep,07-Sep,08-Sep,02-Sep,03-Sep,04-Sep,05-Sep,06-Sep,07-Sep,08-Sep,5,6,1
Amravati,Amravati,Yavatmal,Pusad,Pusad,20028563,"Malpathar 28 Villages, (Reju.)",Kheirkheda,1349,1,0.00,0.00,0.00,0.00,0.00,0.00,0.00,0.00,0.00,0.00,0.00,0.00,0.00,0.00,02-Sep,03-Sep,04-Sep,05-Sep,06-Sep,07-Sep,08-Sep,02-Sep,03-Sep,04-Sep,05-Sep,06-Sep,07-Sep,08-Sep,7,7,0
Amravati,Amravati,Yavatmal,Pusad,Pusad,20028563,"Malpathar 28 Villages, (Reju.)",Nanad no 2,3116,2,0.00,0.00,0.00,0.00,0.00,0.00,0.00,0.00,0.00,0.00,0.00,0.00,0.00,0.00,02-Sep,03-Sep,04-Sep,05-Sep,06-Sep,07-Sep,08-Sep,02-Sep,03-Sep,04-Sep,05-Sep,06-Sep,07-Sep,08-Sep,7,7,0
Amravati,Amravati,Yavatmal,Pusad,Pusad,20028563,"Malpathar 28 Villages, (Reju.)",Panhala,1476,2,0.00,0.00,0.00,0.00,0.00,0.00,0.00,0.00,0.00,0.00,0.00,0.00,0.00,0.00,02-Sep,03-Sep,04-Sep,05-Sep,06-Sep,07-Sep,08-Sep,02-Sep,03-Sep,04-Sep,05-Sep,06-Sep,07-Sep,08-Sep,7,7,0
Amravati,Amravati,Yavatmal,Pusad,Pusad,20028563,"Malpathar 28 Villages, (Reju.)",Rohada,3556,1,0.00,0.03,0.00,0.00,0.00,0.00,0.00,0.00,0.84,0.00,0.00,0.00,0.00,0.00,02-Sep,03-Sep,04-Sep,05-Sep,06-Sep,07-Sep,08-Sep,02-Sep,03-Sep,04-Sep,05-Sep,06-Sep,07-Sep,08-Sep,6,7,0
Amravati,Amravati,Yavatmal,Pusad,Pusad,20028563,"Malpathar 28 Villages, (Reju.)",Sattarmal,802,2,0.00,0.00,0.00,0.00,0.00,0.00,0.00,0.00,0.00,0.00,0.00,0.00,0.00,0.00,02-Sep,03-Sep,04-Sep,05-Sep,06-Sep,07-Sep,08-Sep,02-Sep,03-Sep,04-Sep,05-Sep,06-Sep,07-Sep,08-Sep,7,7,0
Amravati,Amravati,Yavatmal,Pusad,Pusad,20028563,"Malpathar 28 Villages, (Reju.)",Vasantwadi,1599,2,36.48,15.73,0.00,0.00,0.00,0.00,35.40,2281.43,983.74,0.00,0.00,0.00,0.00,2213.88,02-Sep,03-Sep,04-Sep,05-Sep,06-Sep,07-Sep,08-Sep,02-Sep,03-Sep,04-Sep,05-Sep,06-Sep,07-Sep,08-Sep,4,4,3
Nashik,Ahmednagar,Ahmednagar,Ahmednagar,Nagar,20046296,Burhannagar & 45 Villages Retro RRWSS,Burhannagar,9485,4,9.76,8.27,8.81,10.60,11.39,10.11,10.03,102.88,87.19,92.85,111.74,120.06,106.61,105.79,02-Sep,03-Sep,04-Sep,05-Sep,06-Sep,07-Sep,08-Sep,02-Sep,03-Sep,04-Sep,05-Sep,06-Sep,07-Sep,08-Sep,0,0,7
Nashik,Ahmednagar,Ahmednagar,Ahmednagar,Nagar,20046296,Burhannagar & 45 Villages Retro RRWSS,Dahigaon,1734,1,1.21,0.00,0.00,0.00,0.99,0.94,0.27,69.93,0.00,0.00,0.00,56.84,54.07,15.86,02-Sep,03-Sep,04-Sep,05-Sep,06-Sep,07-Sep,08-Sep,02-Sep,03-Sep,04-Sep,05-Sep,06-Sep,07-Sep,08-Sep,3,5,2
Nashik,Ahmednagar,Ahmednagar,Ahmednagar,Nagar,20046296,Burhannagar & 45 Villages Retro RRWSS,Darewadi,15591,6,0.00,0.00,0.00,0.00,0.00,0.68,0.00,0.00,0.00,0.00,0.00,0.00,4.36,0.00,02-Sep,03-Sep,04-Sep,05-Sep,06-Sep,07-Sep,08-Sep,02-Sep,03-Sep,04-Sep,05-Sep,06-Sep,07-Sep,08-Sep,6,7,0
Nashik,Ahmednagar,Ahmednagar,Ahmednagar,Nagar,20046296,Burhannagar & 45 Villages Retro RRWSS,Dhangarwadi,2389,2,0.00,0.00,0.00,0.00,0.00,0.00,0.00,0.00,0.00,0.00,0.00,0.00,0.00,0.00,02-Sep,03-Sep,04-Sep,05-Sep,06-Sep,07-Sep,08-Sep,02-Sep,03-Sep,04-Sep,05-Sep,06-Sep,07-Sep,08-Sep,7,7,0
Nashik,Ahmednagar,Ahmednagar,Ahmednagar,Nagar,20046296,Burhannagar & 45 Villages Retro RRWSS,Jeur,11087,2,0.00,0.00,0.00,0.00,0.00,0.00,0.00,0.00,0.00,0.00,0.00,0.00,0.00,0.00,02-Sep,03-Sep,04-Sep,05-Sep,06-Sep,07-Sep,08-Sep,02-Sep,03-Sep,04-Sep,05-Sep,06-Sep,07-Sep,08-Sep,7,7,0
Nashik,Ahmednagar,Ahmednagar,Ahmednagar,Nagar,20046296,Burhannagar & 45 Villages Retro RRWSS,Kapurwadi,5098,2,0.00,0.00,0.00,0.00,0.00,0.00,0.00,0.00,0.00,0.00,0.00,0.00,0.00,0.00,02-Sep,03-Sep,04-Sep,05-Sep,06-Sep,07-Sep,08-Sep,02-Sep,03-Sep,04-Sep,05-Sep,06-Sep,07-Sep,08-Sep,7,7,0
Nashik,Ahmednagar,Ahmednagar,Ahmednagar,Nagar,20046296,Burhannagar & 45 Villages Retro RRWSS,Pimpalgaon Malvi,6581,5,1.31,1.13,1.29,1.22,1.36,1.19,1.25,19.96,17.24,19.60,18.53,20.61,18.16,19.05,02-Sep,03-Sep,04-Sep,05-Sep,06-Sep,07-Sep,08-Sep,02-Sep,03-Sep,04-Sep,05-Sep,06-Sep,07-Sep,08-Sep,0,7,0
Nashik,Ahmednagar,Ahmednagar,Ahmednagar,Nagar,20046296,Burhannagar & 45 Villages Retro RRWSS,Pimpalgaon Ujjaini,3527,2,0.00,0.00,0.00,0.00,0.00,0.00,0.00,0.00,0.00,0.00,0.00,0.00,0.00,0.00,02-Sep,03-Sep,04-Sep,05-Sep,06-Sep,07-Sep,08-Sep,02-Sep,03-Sep,04-Sep,05-Sep,06-Sep,07-Sep,08-Sep,7,7,0
Nashik,Ahmednagar,Ahmednagar,Ahmednagar,Nagar,20046296,Burhannagar & 45 Villages Retro RRWSS,Rui Chattashi,4035,2,0.00,0.00,0.00,0.00,0.00,0.00,0.00,0.00,0.00,0.00,0.00,0.00,0.00,0.00,02-Sep,03-Sep,04-Sep,05-Sep,06-Sep,07-Sep,08-Sep,02-Sep,03-Sep,04-Sep,05-Sep,06-Sep,07-Sep,08-Sep,7,7,0
Nashik,Ahmednagar,Ahmednagar,Ahmednagar,Nagar,20046296,Burhannagar & 45 Villages Retro RRWSS,Sahapur Ketki,4243,3,0.00,0.00,0.00,0.00,0.00,0.00,0.00,0.00,0.00,0.00,0.00,0.00,0.00,0.00,02-Sep,03-Sep,04-Sep,05-Sep,06-Sep,07-Sep,08-Sep,02-Sep,03-Sep,04-Sep,05-Sep,06-Sep,07-Sep,08-Sep,7,7,0
Nashik,Ahmednagar,Ahmednagar,Ahmednagar,Nagar,20046296,Burhannagar & 45 Villages Retro RRWSS,Sakat Kh.,1769,2,0.00,0.00,0.00,0.00,0.00,0.00,0.00,0.00,0.00,0.00,0.00,0.00,0.00,0.00,02-Sep,03-Sep,04-Sep,05-Sep,06-Sep,07-Sep,08-Sep,02-Sep,03-Sep,04-Sep,05-Sep,06-Sep,07-Sep,08-Sep,7,7,0
Nashik,Ahmednagar,Ahmednagar,Ahmednagar,Nagar,20046296,Burhannagar & 45 Villages Retro RRWSS,Shendi,4865,3,0.67,0.56,0.12,0.01,0.01,0.00,0.00,13.76,11.50,2.45,0.22,0.11,0.00,0.00,02-Sep,03-Sep,04-Sep,05-Sep,06-Sep,07-Sep,08-Sep,02-Sep,03-Sep,04-Sep,05-Sep,06-Sep,07-Sep,08-Sep,2,7,0
Nashik,Ahmednagar,Ahmednagar,Ahmednagar,Nagar,20046296,Burhannagar & 45 Villages Retro RRWSS,Takali Khatgaon,2975,2,0.00,0.00,0.00,0.00,0.00,0.00,0.00,0.00,0.00,0.00,0.00,0.00,0.00,0.00,02-Sep,03-Sep,04-Sep,05-Sep,06-Sep,07-Sep,08-Sep,02-Sep,03-Sep,04-Sep,05-Sep,06-Sep,07-Sep,08-Sep,7,7,0
Nashik,Ahmednagar,Ahmednagar,Ahmednagar,Nagar,20046296,Burhannagar & 45 Villages Retro RRWSS,Walunj,,3,0.00,0.00,0.00,0.00,0.00,0.00,0.00,0.00,0.00,0.00,0.00,0.00,0.00,0.00,02-Sep,03-Sep,04-Sep,05-Sep,06-Sep,07-Sep,08-Sep,02-Sep,03-Sep,04-Sep,05-Sep,06-Sep,07-Sep,08-Sep,7,7,0
Nashik,Ahmednagar,Ahmednagar,Ahmednagar,Nagar,20046296,Burhannagar & 45 Villages Retro RRWSS,Watephal,1630,2,0.58,0.00,0.00,0.00,0.00,0.00,0.00,35.42,0.00,0.00,0.00,0.00,0.00,0.00,02-Sep,03-Sep,04-Sep,05-Sep,06-Sep,07-Sep,08-Sep,02-Sep,03-Sep,04-Sep,05-Sep,06-Sep,07-Sep,08-Sep,6,7,0
Nashik,Ahmednagar,Ahmednagar,Ahmednagar,Nagar,20046349,Retro Ghospuri & 16 Villages RRWSS Tal- Nagar,Baburdi Bend,1328,2,0.00,0.00,0.00,0.00,0.00,0.00,0.00,0.00,0.00,0.00,0.00,0.00,0.00,0.00,02-Sep,03-Sep,04-Sep,05-Sep,06-Sep,07-Sep,08-Sep,02-Sep,03-Sep,04-Sep,05-Sep,06-Sep,07-Sep,08-Sep,7,7,0
Nashik,Ahmednagar,Ahmednagar,Ahmednagar,Nagar,20046349,Retro Ghospuri & 16 Villages RRWSS Tal- Nagar,Baburdi Gumat,2337,1,0.89,1.14,0.87,0.90,1.02,0.87,0.00,38.22,48.62,37.38,38.32,43.49,37.11,0.00,02-Sep,03-Sep,04-Sep,05-Sep,06-Sep,07-Sep,08-Sep,02-Sep,03-Sep,04-Sep,05-Sep,06-Sep,07-Sep,08-Sep,1,7,0
Nashik,Ahmednagar,Ahmednagar,Ahmednagar,Nagar,20046349,Retro Ghospuri & 16 Villages RRWSS Tal- Nagar,Deualgaon Siddhi,4433,3,0.34,1.03,1.24,1.09,1.25,1.93,1.50,7.57,23.25,27.94,24.61,28.19,43.52,33.75,02-Sep,03-Sep,04-Sep,05-Sep,06-Sep,07-Sep,08-Sep,02-Sep,03-Sep,04-Sep,05-Sep,06-Sep,07-Sep,08-Sep,0,7,0
Nashik,Ahmednagar,Ahmednagar,Ahmednagar,Nagar,20046349,Retro Ghospuri & 16 Villages RRWSS Tal- Nagar,Jadhavvwadi,479,1,0.88,0.44,0.05,1.05,0.84,0.00,0.27,182.94,91.70,11.36,218.59,174.53,0.00,56.35,02-Sep,03-Sep,04-Sep,05-Sep,06-Sep,07-Sep,08-Sep,02-Sep,03-Sep,04-Sep,05-Sep,06-Sep,07-Sep,08-Sep,1,2,5
Nashik,Ahmednagar,Ahmednagar,Ahmednagar,Nagar,20046349,Retro Ghospuri & 16 Villages RRWSS Tal- Nagar,Khadaki,1647,1,2.44,0.14,0.87,0.00,0.31,0.00,1.72,147.94,8.32,52.62,0.00,18.97,0.00,104.42,02-Sep,03-Sep,04-Sep,05-Sep,06-Sep,07-Sep,08-Sep,02-Sep,03-Sep,04-Sep,05-Sep,06-Sep,07-Sep,08-Sep,2,5,2
Nashik,Ahmednagar,Ahmednagar,Ahmednagar,Nagar,20046349,Retro Ghospuri & 16 Villages RRWSS Tal- Nagar,Khandala,2110,1,0.07,0.85,0.00,0.00,0.00,0.00,0.00,3.26,40.29,0.00,0.00,0.00,0.00,0.00,02-Sep,03-Sep,04-Sep,05-Sep,06-Sep,07-Sep,08-Sep,02-Sep,03-Sep,04-Sep,05-Sep,06-Sep,07-Sep,08-Sep,5,7,0
Nashik,Ahmednagar,Ahmednagar,Ahmednagar,Nagar,20046349,Retro Ghospuri & 16 Villages RRWSS Tal- Nagar,Wadgaon Tandali,1947,1,1.13,3.81,2.59,2.07,2.33,2.68,2.71,58.20,195.67,133.15,106.39,119.55,137.89,139.33,02-Sep,03-Sep,04-Sep,05-Sep,06-Sep,07-Sep,08-Sep,02-Sep,03-Sep,04-Sep,05-Sep,06-Sep,07-Sep,08-Sep,0,0,7
Nashik,Ahmednagar,Ahmednagar,Ahmednagar,Nagar,20046349,Retro Ghospuri & 16 Villages RRWSS Tal- Nagar,Walki,13387,3,0.00,10.28,10.52,0.00,0.00,0.00,0.00,0.00,76.79,78.60,0.00,0.00,0.00,0.00,02-Sep,03-Sep,04-Sep,05-Sep,06-Sep,07-Sep,08-Sep,02-Sep,03-Sep,04-Sep,05-Sep,06-Sep,07-Sep,08-Sep,5,5,2
Nashik,Ahmednagar,Ahmednagar,Ahmednagar,Parner,20041647,Hivre Korda & 3 Villages RR Tal Parner,Malkup,1633,2,0.00,0.14,1.40,0.00,1.24,0.93,1.20,0.00,8.67,85.96,0.00,75.86,57.22,73.68,02-Sep,03-Sep,04-Sep,05-Sep,06-Sep,07-Sep,08-Sep,02-Sep,03-Sep,04-Sep,05-Sep,06-Sep,07-Sep,08-Sep,2,3,4
Nashik,Ahmednagar,Ahmednagar,Ahmednagar,Shrigonda,20028612,"Ruikhel & 6 villages, tal. Shrigonda",Bangarde,2872,2,0.00,0.00,0.00,0.00,0.00,0.00,0.00,0.00,0.00,0.00,0.00,0.00,0.00,0.00,02-Sep,03-Sep,04-Sep,05-Sep,06-Sep,07-Sep,08-Sep,02-Sep,03-Sep,04-Sep,05-Sep,06-Sep,07-Sep,08-Sep,7,7,0
Nashik,Ahmednagar,Ahmednagar,Ahmednagar,Shrigonda,20028612,"Ruikhel & 6 villages, tal. Shrigonda",Mahadulwadi,3899,3,,,,0.00,0.00,0.00,0.00,,,,0.00,0.00,0.00,0.00,02-Sep,03-Sep,04-Sep,05-Sep,06-Sep,07-Sep,08-Sep,02-Sep,03-Sep,04-Sep,05-Sep,06-Sep,07-Sep,08-Sep,4,4,0
Nashik,Ahmednagar,Ahmednagar,Ahmednagar,Shrigonda,20028612,"Ruikhel & 6 villages, tal. Shrigonda",Ruikhel,2298,2,0.43,0.00,0.71,0.00,0.74,0.77,0.02,18.60,0.00,30.89,0.00,32.22,33.43,1.01,02-Sep,03-Sep,04-Sep,05-Sep,06-Sep,07-Sep,08-Sep,02-Sep,03-Sep,04-Sep,05-Sep,06-Sep,07-Sep,08-Sep,2,7,0
Nashik,Ahmednagar,Ahmednagar,Newasa,Nevasa,20029472,Retro.Bhenda Kukana and 4 villages WSS. Ta. Nevasa,Antarwadi,1542,4,1.01,0.00,0.07,0.00,1.03,0.05,1.08,65.21,0.00,4.23,0.00,66.63,3.50,70.01,02-Sep,03-Sep,04-Sep,05-Sep,06-Sep,07-Sep,08-Sep,02-Sep,03-Sep,04-Sep,05-Sep,06-Sep,07-Sep,08-Sep,2,4,3
Nashik,Ahmednagar,Ahmednagar,Newasa,Nevasa,20029472,Retro.Bhenda Kukana and 4 villages WSS. Ta. Nevasa,Bhenda Bk.,7643,3,0.00,0.00,0.00,0.00,0.00,0.00,0.00,0.00,0.00,0.00,0.00,0.00,0.00,0.00,02-Sep,03-Sep,04-Sep,05-Sep,06-Sep,07-Sep,08-Sep,02-Sep,03-Sep,04-Sep,05-Sep,06-Sep,07-Sep,08-Sep,7,7,0
Nashik,Ahmednagar,Ahmednagar,Newasa,Nevasa,20029472,Retro.Bhenda Kukana and 4 villages WSS. Ta. Nevasa,Tarwadi,2925,1,2.38,0.00,0.16,2.14,0.73,2.20,0.57,81.30,0.06,5.30,73.04,24.86,75.21,19.43,02-Sep,03-Sep,04-Sep,05-Sep,06-Sep,07-Sep,08-Sep,02-Sep,03-Sep,04-Sep,05-Sep,06-Sep,07-Sep,08-Sep,0,4,3
Nashik,Ahmednagar,Ahmednagar,Newasa,Nevasa,5348540,"Retro.Sonai Karjgaon and 16 villages, Tal. Nevasa",AMALNER,2334,2,0.63,0.50,0.59,0.55,0.60,0.45,0.60,27.00,21.37,25.23,23.61,25.53,19.49,25.56,02-Sep,03-Sep,04-Sep,05-Sep,06-Sep,07-Sep,08-Sep,02-Sep,03-Sep,04-Sep,05-Sep,06-Sep,07-Sep,08-Sep,0,7,0
Nashik,Ahmednagar,Ahmednagar,Newasa,Nevasa,5348540,"Retro.Sonai Karjgaon and 16 villages, Tal. Nevasa",Belhekarwadi,2991,2,1.25,0.00,0.69,4.58,1.95,1.34,1.33,41.85,0.00,23.07,153.14,65.34,44.83,44.37,02-Sep,03-Sep,04-Sep,05-Sep,06-Sep,07-Sep,08-Sep,02-Sep,03-Sep,04-Sep,05-Sep,06-Sep,07-Sep,08-Sep,1,5,2
Nashik,Ahmednagar,Ahmednagar,Newasa,Nevasa,5348540,"Retro.Sonai Karjgaon and 16 villages, Tal. Nevasa",Ganeshwadi,3017,2,1.05,0.48,0.95,0.38,0.95,0.41,1.24,34.84,15.97,31.50,12.51,31.47,13.53,41.06,02-Sep,03-Sep,04-Sep,05-Sep,06-Sep,07-Sep,08-Sep,02-Sep,03-Sep,04-Sep,05-Sep,06-Sep,07-Sep,08-Sep,0,7,0
Nashik,Ahmednagar,Ahmednagar,Newasa,Nevasa,5348540,"Retro.Sonai Karjgaon and 16 villages, Tal. Nevasa",GOMALWADI,1061,2,1.33,1.42,1.31,1.29,1.58,1.27,1.43,125.02,133.71,123.90,121.34,149.23,119.31,134.65,02-Sep,03-Sep,04-Sep,05-Sep,06-Sep,07-Sep,08-Sep,02-Sep,03-Sep,04-Sep,05-Sep,06-Sep,07-Sep,08-Sep,0,0,7
Nashik,Ahmednagar,Ahmednagar,Newasa,Nevasa,5348540,"Retro.Sonai Karjgaon and 16 villages, Tal. Nevasa",GONEGAON,1572,2,0.52,0.00,0.37,0.37,0.00,0.37,0.43,33.35,0.00,23.53,23.53,0.00,23.63,27.38,02-Sep,03-Sep,04-Sep,05-Sep,06-Sep,07-Sep,08-Sep,02-Sep,03-Sep,04-Sep,05-Sep,06-Sep,07-Sep,08-Sep,2,7,0
Nashik,Ahmednagar,Ahmednagar,Newasa,Nevasa,5348540,"Retro.Sonai Karjgaon and 16 villages, Tal. Nevasa",IMAMPUR,350,1,0.00,0.00,0.00,0.00,0.00,0.00,0.00,0.00,0.00,0.00,0.00,0.00,0.00,0.00,02-Sep,03-Sep,04-Sep,05-Sep,06-Sep,07-Sep,08-Sep,02-Sep,03-Sep,04-Sep,05-Sep,06-Sep,07-Sep,08-Sep,7,7,0
Nashik,Ahmednagar,Ahmednagar,Newasa,Nevasa,5348540,"Retro.Sonai Karjgaon and 16 villages, Tal. Nevasa",KARAJGAON,3750,3,1.04,0.87,1.01,1.16,0.90,0.90,0.74,27.71,23.33,26.99,30.90,24.02,24.01,19.78,02-Sep,03-Sep,04-Sep,05-Sep,06-Sep,07-Sep,08-Sep,02-Sep,03-Sep,04-Sep,05-Sep,06-Sep,07-Sep,08-Sep,0,7,0
Nashik,Ahmednagar,Ahmednagar,Newasa,Nevasa,5348540,"Retro.Sonai Karjgaon and 16 villages, Tal. Nevasa",KHARWANDI,6263,2,1.59,1.87,1.72,1.77,1.80,1.72,1.65,25.33,29.87,27.52,28.22,28.79,27.43,26.33,02-Sep,03-Sep,04-Sep,05-Sep,06-Sep,07-Sep,08-Sep,02-Sep,03-Sep,04-Sep,05-Sep,06-Sep,07-Sep,08-Sep,0,7,0
Nashik,Ahmednagar,Ahmednagar,Newasa,Nevasa,5348540,"Retro.Sonai Karjgaon and 16 villages, Tal. Nevasa",Khedle Parmanand,2836,2,1.33,1.14,1.11,0.92,1.10,1.18,0.86,46.92,40.09,39.26,32.27,38.68,41.69,30.41,02-Sep,03-Sep,04-Sep,05-Sep,06-Sep,07-Sep,08-Sep,02-Sep,03-Sep,04-Sep,05-Sep,06-Sep,07-Sep,08-Sep,0,7,0
Nashik,Ahmednagar,Ahmednagar,Newasa,Nevasa,5348540,"Retro.Sonai Karjgaon and 16 villages, Tal. Nevasa",KHUPTI,2338,2,2.00,1.34,1.29,1.39,1.18,1.05,1.85,85.75,57.15,55.19,59.49,50.62,45.07,79.09,02-Sep,03-Sep,04-Sep,05-Sep,06-Sep,07-Sep,08-Sep,02-Sep,03-Sep,04-Sep,05-Sep,06-Sep,07-Sep,08-Sep,0,2,5
Nashik,Ahmednagar,Ahmednagar,Newasa,Nevasa,5348540,"Retro.Sonai Karjgaon and 16 villages, Tal. Nevasa",LANDEWADI,2158,2,0.00,0.00,0.00,0.00,0.00,0.00,0.00,0.00,0.00,0.00,0.00,0.00,0.00,0.00,02-Sep,03-Sep,04-Sep,05-Sep,06-Sep,07-Sep,08-Sep,02-Sep,03-Sep,04-Sep,05-Sep,06-Sep,07-Sep,08-Sep,7,7,0
Nashik,Ahmednagar,Ahmednagar,Newasa,Nevasa,5348540,"Retro.Sonai Karjgaon and 16 villages, Tal. Nevasa",Navin Chandgaon,1547,1,0.54,0.40,0.53,0.18,0.45,0.54,0.54,34.92,25.97,33.94,11.70,29.13,35.13,34.70,02-Sep,03-Sep,04-Sep,05-Sep,06-Sep,07-Sep,08-Sep,02-Sep,03-Sep,04-Sep,05-Sep,06-Sep,07-Sep,08-Sep,0,7,0
Nashik,Ahmednagar,Ahmednagar,Newasa,Nevasa,5348540,"Retro.Sonai Karjgaon and 16 villages, Tal. Nevasa",NIMBHARI,2524,2,0.37,0.00,0.00,0.00,0.00,0.03,0.25,14.58,0.00,0.00,0.07,0.07,1.22,9.79,02-Sep,03-Sep,04-Sep,05-Sep,06-Sep,07-Sep,08-Sep,02-Sep,03-Sep,04-Sep,05-Sep,06-Sep,07-Sep,08-Sep,2,7,0
Nashik,Ahmednagar,Ahmednagar,Newasa,Nevasa,5348540,"Retro.Sonai Karjgaon and 16 villages, Tal. Nevasa",PANEGAON,2858,2,1.20,0.76,1.38,0.99,1.60,0.71,1.21,41.82,26.48,48.39,34.80,55.87,24.83,42.22,02-Sep,03-Sep,04-Sep,05-Sep,06-Sep,07-Sep,08-Sep,02-Sep,03-Sep,04-Sep,05-Sep,06-Sep,07-Sep,08-Sep,0,6,1
Nashik,Ahmednagar,Ahmednagar,Newasa,Nevasa,5348540,"Retro.Sonai Karjgaon and 16 villages, Tal. Nevasa",Siregaon,3695,1,0.93,1.79,0.53,1.68,0.42,0.00,1.79,25.05,48.48,14.40,45.51,11.36,0.00,48.52,02-Sep,03-Sep,04-Sep,05-Sep,06-Sep,07-Sep,08-Sep,02-Sep,03-Sep,04-Sep,05-Sep,06-Sep,07-Sep,08-Sep,1,7,0
Nashik,Ahmednagar,Ahmednagar,Newasa,Nevasa,5348540,"Retro.Sonai Karjgaon and 16 villages, Tal. Nevasa",WATAPUR,1397,2,0.00,0.00,0.00,0.00,0.00,0.00,0.00,0.00,0.00,0.00,0.00,0.00,0.00,0.00,02-Sep,03-Sep,04-Sep,05-Sep,06-Sep,07-Sep,08-Sep,02-Sep,03-Sep,04-Sep,05-Sep,06-Sep,07-Sep,08-Sep,7,7,0
Nashik,Ahmednagar,Ahmednagar,Newasa,Pathardi,20040662,"Retro.Miri-Tisgaon and 33 villages, Tal. Pathardi",Dagadwadi,1414,2,0.39,0.50,0.36,0.27,0.30,0.45,0.37,27.85,35.24,25.24,19.33,20.99,31.54,26.00,02-Sep,03-Sep,04-Sep,05-Sep,06-Sep,07-Sep,08-Sep,02-Sep,03-Sep,04-Sep,05-Sep,06-Sep,07-Sep,08-Sep,0,7,0
Nashik,Ahmednagar,Ahmednagar,Newasa,Pathardi,20040662,"Retro.Miri-Tisgaon and 33 villages, Tal. Pathardi",Dharwadi,910,2,0.41,0.07,0.14,0.32,0.14,0.30,0.51,45.49,8.24,15.42,35.61,15.72,32.79,56.00,02-Sep,03-Sep,04-Sep,05-Sep,06-Sep,07-Sep,08-Sep,02-Sep,03-Sep,04-Sep,05-Sep,06-Sep,07-Sep,08-Sep,0,6,1
Nashik,Ahmednagar,Ahmednagar,Newasa,Pathardi,20040662,"Retro.Miri-Tisgaon and 33 villages, Tal. Pathardi",Dongarwadi,856,1,0.00,0.00,0.00,7.31,6.36,0.41,0.42,0.00,0.00,0.00,854.47,742.64,47.52,48.87,02-Sep,03-Sep,04-Sep,05-Sep,06-Sep,07-Sep,08-Sep,02-Sep,03-Sep,04-Sep,05-Sep,06-Sep,07-Sep,08-Sep,3,5,2
Nashik,Ahmednagar,Ahmednagar,Newasa,Pathardi,20040662,"Retro.Miri-Tisgaon and 33 villages, Tal. Pathardi",Gunjale,1602,2,0.00,0.00,0.00,0.00,0.00,0.00,0.00,0.00,0.00,0.00,0.00,0.00,0.00,0.00,02-Sep,03-Sep,04-Sep,05-Sep,06-Sep,07-Sep,08-Sep,02-Sep,03-Sep,04-Sep,05-Sep,06-Sep,07-Sep,08-Sep,7,7,0
Nashik,Ahmednagar,Ahmednagar,Newasa,Pathardi,20040662,"Retro.Miri-Tisgaon and 33 villages, Tal. Pathardi",Jawakhedekalsa,3200,2,0.00,0.98,1.00,0.00,0.00,0.99,1.01,0.00,30.76,31.35,0.00,0.00,31.01,31.53,02-Sep,03-Sep,04-Sep,05-Sep,06-Sep,07-Sep,08-Sep,02-Sep,03-Sep,04-Sep,05-Sep,06-Sep,07-Sep,08-Sep,3,7,0
Nashik,Ahmednagar,Ahmednagar,Newasa,Pathardi,20040662,"Retro.Miri-Tisgaon and 33 villages, Tal. Pathardi",Karanji,7256,2,0.70,0.98,0.53,0.00,0.00,0.00,0.00,9.70,13.51,7.31,0.00,0.00,0.00,0.00,02-Sep,03-Sep,04-Sep,05-Sep,06-Sep,07-Sep,08-Sep,02-Sep,03-Sep,04-Sep,05-Sep,06-Sep,07-Sep,08-Sep,4,7,0
Nashik,Ahmednagar,Ahmednagar,Newasa,Pathardi,20040662,"Retro.Miri-Tisgaon and 33 villages, Tal. Pathardi",Lohasar,2118,2,0.00,0.00,0.00,0.00,0.48,0.00,0.35,0.00,0.00,0.00,0.00,22.84,0.00,16.70,02-Sep,03-Sep,04-Sep,05-Sep,06-Sep,07-Sep,08-Sep,02-Sep,03-Sep,04-Sep,05-Sep,06-Sep,07-Sep,08-Sep,5,7,0
Nashik,Ahmednagar,Ahmednagar,Newasa,Pathardi,20040662,"Retro.Miri-Tisgaon and 33 villages, Tal. Pathardi",Tisgaon,,7,3.19,6.51,4.29,0.45,0.10,0.18,0.17,0.00,0.00,0.00,0.00,0.00,0.00,0.00,02-Sep,03-Sep,04-Sep,05-Sep,06-Sep,07-Sep,08-Sep,02-Sep,03-Sep,04-Sep,05-Sep,06-Sep,07-Sep,08-Sep,7,7,0
Nashik,Ahmednagar,Ahmednagar,Newasa,shevgaon,20028535,"Amarapur and Mali Babhulgaon 49 villages, Tal. Pathardi",Awhane Bk,1995,2,0.00,1.72,0.00,0.94,0.61,1.66,0.00,0.00,85.98,0.00,47.11,30.70,83.41,0.00,02-Sep,03-Sep,04-Sep,05-Sep,06-Sep,07-Sep,08-Sep,02-Sep,03-Sep,04-Sep,05-Sep,06-Sep,07-Sep,08-Sep,3,5,2
Nashik,Ahmednagar,Ahmednagar,Newasa,shevgaon,20028535,"Amarapur and Mali Babhulgaon 49 villages, Tal. Pathardi",Awhane Kh,979,1,2.50,0.43,2.62,0.08,2.47,0.00,2.30,255.57,43.51,267.20,7.98,252.30,0.00,235.23,02-Sep,03-Sep,04-Sep,05-Sep,06-Sep,07-Sep,08-Sep,02-Sep,03-Sep,04-Sep,05-Sep,06-Sep,07-Sep,08-Sep,1,3,4
Nashik,Ahmednagar,Ahmednagar,Newasa,shevgaon,20028535,"Amarapur and Mali Babhulgaon 49 villages, Tal. Pathardi",Bhagur,1307,2,0.32,0.41,0.28,0.34,0.00,0.00,0.43,24.60,31.63,21.09,26.01,0.00,0.00,32.79,02-Sep,03-Sep,04-Sep,05-Sep,06-Sep,07-Sep,08-Sep,02-Sep,03-Sep,04-Sep,05-Sep,06-Sep,07-Sep,08-Sep,2,7,0
Nashik,Ahmednagar,Ahmednagar,Newasa,shevgaon,20028535,"Amarapur and Mali Babhulgaon 49 villages, Tal. Pathardi",Hasnapur,2123,2,0.00,0.00,0.00,0.00,0.00,0.00,0.00,0.17,0.00,0.00,0.00,0.00,0.00,0.00,02-Sep,03-Sep,04-Sep,05-Sep,06-Sep,07-Sep,08-Sep,02-Sep,03-Sep,04-Sep,05-Sep,06-Sep,07-Sep,08-Sep,6,7,0
Nashik,Ahmednagar,Ahmednagar,Newasa,shevgaon,20028535,"Amarapur and Mali Babhulgaon 49 villages, Tal. Pathardi",Hatral Saidapur,1254,2,0.11,0.00,0.00,0.00,0.25,0.00,0.00,8.73,0.00,0.00,0.00,20.01,0.00,0.00,02-Sep,03-Sep,04-Sep,05-Sep,06-Sep,07-Sep,08-Sep,02-Sep,03-Sep,04-Sep,05-Sep,06-Sep,07-Sep,08-Sep,5,7,0
Nashik,Ahmednagar,Ahmednagar,Newasa,shevgaon,20028535,"Amarapur and Mali Babhulgaon 49 villages, Tal. Pathardi",Kherde,1128,2,0.01,0.00,0.00,0.00,0.00,0.00,0.00,0.93,0.00,0.00,0.00,0.18,0.00,0.00,02-Sep,03-Sep,04-Sep,05-Sep,06-Sep,07-Sep,08-Sep,02-Sep,03-Sep,04-Sep,05-Sep,06-Sep,07-Sep,08-Sep,5,7,0
Nashik,Ahmednagar,Ahmednagar,Newasa,shevgaon,20028535,"Amarapur and Mali Babhulgaon 49 villages, Tal. Pathardi",Kolegaon,1090,2,0.62,0.54,0.51,0.35,0.48,0.41,0.75,56.51,49.84,46.50,32.09,43.80,37.24,68.79,02-Sep,03-Sep,04-Sep,05-Sep,06-Sep,07-Sep,08-Sep,02-Sep,03-Sep,04-Sep,05-Sep,06-Sep,07-Sep,08-Sep,0,5,2
Nashik,Ahmednagar,Ahmednagar,Newasa,shevgaon,20028535,"Amarapur and Mali Babhulgaon 49 villages, Tal. Pathardi",Kuntefal,1437,3,0.00,0.00,0.00,0.00,0.00,0.00,0.00,0.00,0.00,0.00,0.00,0.00,0.00,0.00,02-Sep,03-Sep,04-Sep,05-Sep,06-Sep,07-Sep,08-Sep,02-Sep,03-Sep,04-Sep,05-Sep,06-Sep,07-Sep,08-Sep,7,7,0
Nashik,Ahmednagar,Ahmednagar,Newasa,shevgaon,20028535,"Amarapur and Mali Babhulgaon 49 villages, Tal. Pathardi",Kurudgaon,1117,2,5.49,1.22,2.36,3.79,3.40,2.83,5.24,491.21,109.01,211.05,339.37,304.19,253.09,468.86,02-Sep,03-Sep,04-Sep,05-Sep,06-Sep,07-Sep,08-Sep,02-Sep,03-Sep,04-Sep,05-Sep,06-Sep,07-Sep,08-Sep,0,0,7
Nashik,Ahmednagar,Ahmednagar,Newasa,shevgaon,20028535,"Amarapur and Mali Babhulgaon 49 villages, Tal. Pathardi",Lolegaon,835,1,0.00,0.00,0.00,0.00,0.00,0.00,0.00,0.03,0.02,0.03,0.01,0.01,0.05,0.02,02-Sep,03-Sep,04-Sep,05-Sep,06-Sep,07-Sep,08-Sep,02-Sep,03-Sep,04-Sep,05-Sep,06-Sep,07-Sep,08-Sep,0,7,0
Nashik,Ahmednagar,Ahmednagar,Newasa,shevgaon,20028535,"Amarapur and Mali Babhulgaon 49 villages, Tal. Pathardi",Malegaon,889,2,0.88,0.85,1.38,0.47,1.41,1.33,1.80,98.75,96.09,155.20,52.85,158.63,149.67,202.54,02-Sep,03-Sep,04-Sep,05-Sep,06-Sep,07-Sep,08-Sep,02-Sep,03-Sep,04-Sep,05-Sep,06-Sep,07-Sep,08-Sep,0,1,6
Nashik,Ahmednagar,Ahmednagar,Newasa,shevgaon,20028535,"Amarapur and Mali Babhulgaon 49 villages, Tal. Pathardi",Malegaon NE,1170,2,0.18,0.00,0.34,0.01,0.16,0.12,0.24,15.10,0.31,28.86,0.59,13.44,10.54,20.65,02-Sep,03-Sep,04-Sep,05-Sep,06-Sep,07-Sep,08-Sep,02-Sep,03-Sep,04-Sep,05-Sep,06-Sep,07-Sep,08-Sep,0,7,0
Nashik,Ahmednagar,Ahmednagar,Newasa,shevgaon,20028535,"Amarapur and Mali Babhulgaon 49 villages, Tal. Pathardi",Malibabhulgaon,4969,2,0.00,0.00,0.00,0.00,0.00,0.00,0.00,0.00,0.00,0.00,0.00,0.00,0.00,0.00,02-Sep,03-Sep,04-Sep,05-Sep,06-Sep,07-Sep,08-Sep,02-Sep,03-Sep,04-Sep,05-Sep,06-Sep,07-Sep,08-Sep,7,7,0
Nashik,Ahmednagar,Ahmednagar,Newasa,shevgaon,20028535,"Amarapur and Mali Babhulgaon 49 villages, Tal. Pathardi",Mangrul Bk,1088,2,0.93,0.95,1.25,1.17,1.38,1.18,1.23,85.81,87.36,114.87,107.16,127.07,108.69,113.47,02-Sep,03-Sep,04-Sep,05-Sep,06-Sep,07-Sep,08-Sep,02-Sep,03-Sep,04-Sep,05-Sep,06-Sep,07-Sep,08-Sep,0,0,7
Nashik,Ahmednagar,Ahmednagar,Newasa,shevgaon,20028535,"Amarapur and Mali Babhulgaon 49 villages, Tal. Pathardi",Najik Babhulgaon,1652,2,0.38,0.82,0.29,0.29,0.70,0.36,0.30,22.86,49.85,17.70,17.63,42.28,21.63,18.18,02-Sep,03-Sep,04-Sep,05-Sep,06-Sep,07-Sep,08-Sep,02-Sep,03-Sep,04-Sep,05-Sep,06-Sep,07-Sep,08-Sep,0,7,0
Nashik,Ahmednagar,Ahmednagar,Newasa,shevgaon,20028535,"Amarapur and Mali Babhulgaon 49 villages, Tal. Pathardi",Nivdunge,5093,2,0.00,0.00,1.95,0.00,0.00,0.00,0.86,0.00,0.00,38.27,0.00,0.00,0.00,16.84,02-Sep,03-Sep,04-Sep,05-Sep,06-Sep,07-Sep,08-Sep,02-Sep,03-Sep,04-Sep,05-Sep,06-Sep,07-Sep,08-Sep,5,7,0
Nashik,Ahmednagar,Ahmednagar,Newasa,shevgaon,20028535,"Amarapur and Mali Babhulgaon 49 villages, Tal. Pathardi",Padali,1597,2,0.00,0.19,0.66,0.13,0.00,1.07,0.00,0.00,11.73,41.08,7.96,0.00,66.88,0.00,02-Sep,03-Sep,04-Sep,05-Sep,06-Sep,07-Sep,08-Sep,02-Sep,03-Sep,04-Sep,05-Sep,06-Sep,07-Sep,08-Sep,3,6,1
Nashik,Ahmednagar,Ahmednagar,Newasa,shevgaon,20028535,"Amarapur and Mali Babhulgaon 49 villages, Tal. Pathardi",Roatale,935,1,0.19,0.00,0.26,0.26,0.19,0.02,0.43,20.65,0.00,27.50,28.21,20.78,1.76,45.63,02-Sep,03-Sep,04-Sep,05-Sep,06-Sep,07-Sep,08-Sep,02-Sep,03-Sep,04-Sep,05-Sep,06-Sep,07-Sep,08-Sep,1,7,0
Nashik,Ahmednagar,Ahmednagar,Newasa,shevgaon,20028535,"Amarapur and Mali Babhulgaon 49 villages, Tal. Pathardi",Salwadgaon,1763,2,0.00,0.00,0.00,0.00,0.00,0.00,0.00,0.00,0.00,0.00,0.00,0.00,0.00,0.00,02-Sep,03-Sep,04-Sep,05-Sep,06-Sep,07-Sep,08-Sep,02-Sep,03-Sep,04-Sep,05-Sep,06-Sep,07-Sep,08-Sep,7,7,0
Nashik,Ahmednagar,Ahmednagar,Newasa,shevgaon,20028535,"Amarapur and Mali Babhulgaon 49 villages, Tal. Pathardi",Samangaon,1804,2,0.66,0.73,0.94,0.88,0.62,0.64,0.27,36.35,40.40,52.00,48.60,34.19,35.41,15.15,02-Sep,03-Sep,04-Sep,05-Sep,06-Sep,07-Sep,08-Sep,02-Sep,03-Sep,04-Sep,05-Sep,06-Sep,07-Sep,08-Sep,0,7,0
Nashik,Ahmednagar,Ahmednagar,Newasa,shevgaon,20028535,"Amarapur and Mali Babhulgaon 49 villages, Tal. Pathardi",Sangavi Bk,765,2,0.18,0.00,0.00,0.00,0.19,0.31,0.00,24.07,0.00,0.00,0.00,24.73,41.13,0.00,02-Sep,03-Sep,04-Sep,05-Sep,06-Sep,07-Sep,08-Sep,02-Sep,03-Sep,04-Sep,05-Sep,06-Sep,07-Sep,08-Sep,4,7,0
Nashik,Ahmednagar,Ahmednagar,Newasa,shevgaon,20028535,"Amarapur and Mali Babhulgaon 49 villages, Tal. Pathardi",Sangavi Kh,657,2,0.18,0.00,0.00,0.00,0.19,0.31,0.00,28.02,0.00,0.00,0.00,28.79,47.89,0.00,02-Sep,03-Sep,04-Sep,05-Sep,06-Sep,07-Sep,08-Sep,02-Sep,03-Sep,04-Sep,05-Sep,06-Sep,07-Sep,08-Sep,4,7,0
Nashik,Ahmednagar,Ahmednagar,Newasa,shevgaon,20028535,"Amarapur and Mali Babhulgaon 49 villages, Tal. Pathardi",Shahajapur,613,1,0.00,1.35,0.00,0.00,0.00,1.42,0.00,0.00,220.82,0.00,0.00,0.00,232.24,0.00,02-Sep,03-Sep,04-Sep,05-Sep,06-Sep,07-Sep,08-Sep,02-Sep,03-Sep,04-Sep,05-Sep,06-Sep,07-Sep,08-Sep,5,5,2
Nashik,Ahmednagar,Ahmednagar,Newasa,shevgaon,20028535,"Amarapur and Mali Babhulgaon 49 villages, Tal. Pathardi",Shekate,2194,1,0.00,0.11,0.00,0.00,0.00,0.14,0.00,0.00,5.02,0.00,0.00,0.00,6.36,0.00,02-Sep,03-Sep,04-Sep,05-Sep,06-Sep,07-Sep,08-Sep,02-Sep,03-Sep,04-Sep,05-Sep,06-Sep,07-Sep,08-Sep,5,7,0
Nashik,Ahmednagar,Ahmednagar,Newasa,shevgaon,20028535,"Amarapur and Mali Babhulgaon 49 villages, Tal. Pathardi",Sultanpur,1010,1,0.00,0.86,0.00,1.42,0.00,0.85,0.03,0.00,84.92,0.00,140.97,0.00,84.25,3.18,02-Sep,03-Sep,04-Sep,05-Sep,06-Sep,07-Sep,08-Sep,02-Sep,03-Sep,04-Sep,05-Sep,06-Sep,07-Sep,08-Sep,3,4,3
Nashik,Ahmednagar,Ahmednagar,Newasa,shevgaon,20028535,"Amarapur and Mali Babhulgaon 49 villages, Tal. Pathardi",Susare,4080,2,1.57,0.10,1.14,0.00,1.85,0.00,1.07,38.36,2.44,28.06,0.00,45.38,0.00,26.22,02-Sep,03-Sep,04-Sep,05-Sep,06-Sep,07-Sep,08-Sep,02-Sep,03-Sep,04-Sep,05-Sep,06-Sep,07-Sep,08-Sep,2,7,0
Nashik,Ahmednagar,Ahmednagar,Newasa,shevgaon,20028535,"Amarapur and Mali Babhulgaon 49 villages, Tal. Pathardi",Talani,1300,2,0.49,0.47,0.49,0.51,0.56,0.59,0.70,37.68,36.10,37.70,39.02,43.12,45.09,53.53,02-Sep,03-Sep,04-Sep,05-Sep,06-Sep,07-Sep,08-Sep,02-Sep,03-Sep,04-Sep,05-Sep,06-Sep,07-Sep,08-Sep,0,7,0
Nashik,Ahmednagar,Ahmednagar,Newasa,shevgaon,20028535,"Amarapur and Mali Babhulgaon 49 villages, Tal. Pathardi",Thakur Nimgaon,1966,2,0.96,0.26,0.85,0.94,0.68,0.91,0.93,48.91,13.46,43.20,47.79,34.51,46.24,47.29,02-Sep,03-Sep,04-Sep,05-Sep,06-Sep,07-Sep,08-Sep,02-Sep,03-Sep,04-Sep,05-Sep,06-Sep,07-Sep,08-Sep,0,7,0
Nashik,Ahmednagar,Ahmednagar,Newasa,shevgaon,20028535,"Amarapur and Mali Babhulgaon 49 villages, Tal. Pathardi",Wadgaon,1219,2,0.02,0.17,0.03,0.06,0.03,0.04,0.15,1.81,13.77,2.25,5.02,2.81,3.14,12.53,02-Sep,03-Sep,04-Sep,05-Sep,06-Sep,07-Sep,08-Sep,02-Sep,03-Sep,04-Sep,05-Sep,06-Sep,07-Sep,08-Sep,0,7,0
Nashik,Ahmednagar,Ahmednagar,Newasa,shevgaon,20028535,"Amarapur and Mali Babhulgaon 49 villages, Tal. Pathardi",Wadule Bk,2479,2,0.00,0.25,0.07,0.13,0.83,0.01,0.00,0.00,10.10,2.91,5.08,33.46,0.39,0.07,02-Sep,03-Sep,04-Sep,05-Sep,06-Sep,07-Sep,08-Sep,02-Sep,03-Sep,04-Sep,05-Sep,06-Sep,07-Sep,08-Sep,1,7,0
Nashik,Ahmednagar,Ahmednagar,Newasa,shevgaon,20028535,"Amarapur and Mali Babhulgaon 49 villages, Tal. Pathardi",Warur Bk.,3014,3,2.28,2.28,2.24,0.00,0.00,2.55,2.36,75.55,75.63,74.38,0.01,0.04,84.69,78.28,02-Sep,03-Sep,04-Sep,05-Sep,06-Sep,07-Sep,08-Sep,02-Sep,03-Sep,04-Sep,05-Sep,06-Sep,07-Sep,08-Sep,0,2,5
Nashik,Ahmednagar,Ahmednagar,Newasa,Shevgaon,20029079,Retro.Bodhegaon and 7 villages RRWSS. Ta. Shevgaon,Antarwali Kh,1020,2,0.00,0.00,0.00,0.00,0.00,0.00,0.00,0.00,0.00,0.24,0.00,0.00,0.00,0.00,02-Sep,03-Sep,04-Sep,05-Sep,06-Sep,07-Sep,08-Sep,02-Sep,03-Sep,04-Sep,05-Sep,06-Sep,07-Sep,08-Sep,6,7,0
Nashik,Ahmednagar,Ahmednagar,Newasa,Shevgaon,20029079,Retro.Bodhegaon and 7 villages RRWSS. Ta. Shevgaon,Balam Takali,5550,3,1.71,1.33,0.00,0.00,0.00,0.00,0.00,30.76,24.01,0.00,0.00,0.00,0.00,0.00,02-Sep,03-Sep,04-Sep,05-Sep,06-Sep,07-Sep,08-Sep,02-Sep,03-Sep,04-Sep,05-Sep,06-Sep,07-Sep,08-Sep,5,7,0
Nashik,Ahmednagar,Ahmednagar,Newasa,Shevgaon,20029079,Retro.Bodhegaon and 7 villages RRWSS. Ta. Shevgaon,Chapadgaon,3786,4,0.50,0.57,0.52,0.57,0.54,0.38,0.00,13.22,15.01,13.73,15.17,14.17,10.16,0.00,02-Sep,03-Sep,04-Sep,05-Sep,06-Sep,07-Sep,08-Sep,02-Sep,03-Sep,04-Sep,05-Sep,06-Sep,07-Sep,08-Sep,1,7,0
Nashik,Ahmednagar,Ahmednagar,Newasa,Shevgaon,20029079,Retro.Bodhegaon and 7 villages RRWSS. Ta. Shevgaon,Dahigaon,1897,1,0.56,0.88,0.35,0.65,0.41,0.05,0.13,29.36,46.63,18.49,34.45,21.69,2.83,6.77,02-Sep,03-Sep,04-Sep,05-Sep,06-Sep,07-Sep,08-Sep,02-Sep,03-Sep,04-Sep,05-Sep,06-Sep,07-Sep,08-Sep,0,7,0
Nashik,Ahmednagar,Ahmednagar,Shreerampur,Rahata,20030767,Retro.Kolhar-Bhagwatipur (aug) RRWSS. Ta.Rahta,Kolhar BK,16201,8,0.97,0.91,0.89,1.24,1.11,1.51,0.86,5.97,5.62,5.48,7.67,6.82,9.29,5.29,02-Sep,03-Sep,04-Sep,05-Sep,06-Sep,07-Sep,08-Sep,02-Sep,03-Sep,04-Sep,05-Sep,06-Sep,07-Sep,08-Sep,0,7,0
Nashik,Ahmednagar,Ahmednagar,Shreerampur,Rahuri,20015193,New Bramhani & 6 Villages RRWSS Tal- Rahuri,Bramhani,9616,4,,0.00,2.08,1.40,2.32,1.95,1.65,,0.00,21.66,14.60,24.17,20.31,17.15,02-Sep,03-Sep,04-Sep,05-Sep,06-Sep,07-Sep,08-Sep,02-Sep,03-Sep,04-Sep,05-Sep,06-Sep,07-Sep,08-Sep,1,6,0
Nashik,Ahmednagar,Ahmednagar,Shreerampur,Rahuri,20015193,New Bramhani & 6 Villages RRWSS Tal- Rahuri,Chedgaon,2926,2,0.00,0.00,0.00,0.00,0.00,0.00,0.00,0.00,0.00,0.00,0.00,0.00,0.00,0.00,02-Sep,03-Sep,04-Sep,05-Sep,06-Sep,07-Sep,08-Sep,02-Sep,03-Sep,04-Sep,05-Sep,06-Sep,07-Sep,08-Sep,7,7,0
Nashik,Ahmednagar,Ahmednagar,Shreerampur,Rahuri,20015193,New Bramhani & 6 Villages RRWSS Tal- Rahuri,Kukkadwedhe,2102,2,0.00,0.00,0.00,0.00,0.00,0.00,0.00,0.00,0.00,0.00,0.00,0.00,0.00,0.00,02-Sep,03-Sep,04-Sep,05-Sep,06-Sep,07-Sep,08-Sep,02-Sep,03-Sep,04-Sep,05-Sep,06-Sep,07-Sep,08-Sep,7,7,0
Nashik,Ahmednagar,Ahmednagar,Shreerampur,Rahuri,20015193,New Bramhani & 6 Villages RRWSS Tal- Rahuri,Mokal Ohal,1837,3,0.33,0.20,0.20,0.25,0.28,0.00,0.21,17.76,10.82,10.71,13.38,15.10,0.14,11.25,02-Sep,03-Sep,04-Sep,05-Sep,06-Sep,07-Sep,08-Sep,02-Sep,03-Sep,04-Sep,05-Sep,06-Sep,07-Sep,08-Sep,0,7,0
Nashik,Ahmednagar,Ahmednagar,Shreerampur,Rahuri,20015193,New Bramhani & 6 Villages RRWSS Tal- Rahuri,Pimpri Avghad,2562,3,0.00,0.00,0.00,0.00,0.00,0.00,0.00,0.00,0.00,0.00,0.00,0.00,0.00,0.00,02-Sep,03-Sep,04-Sep,05-Sep,06-Sep,07-Sep,08-Sep,02-Sep,03-Sep,04-Sep,05-Sep,06-Sep,07-Sep,08-Sep,7,7,0
Nashik,Ahmednagar,Ahmednagar,Shreerampur,Rahuri,20015193,New Bramhani & 6 Villages RRWSS Tal- Rahuri,Sade,4087,3,0.00,0.00,0.00,0.00,0.00,0.00,0.00,0.00,0.00,0.00,0.00,0.00,0.00,0.00,02-Sep,03-Sep,04-Sep,05-Sep,06-Sep,07-Sep,08-Sep,02-Sep,03-Sep,04-Sep,05-Sep,06-Sep,07-Sep,08-Sep,7,7,0
Nashik,Ahmednagar,Ahmednagar,Shreerampur,Rahuri,20028775,Sonegaon and Dhanore WSS. Ta.Rahuri,Dhanore,4991,7,0.03,0.11,0.49,0.00,0.34,0.05,0.07,0.51,2.11,9.79,0.03,6.71,1.06,1.35,02-Sep,03-Sep,04-Sep,05-Sep,06-Sep,07-Sep,08-Sep,02-Sep,03-Sep,04-Sep,05-Sep,06-Sep,07-Sep,08-Sep,0,7,0
Nashik,Ahmednagar,Ahmednagar,Shreerampur,Rahuri,20028775,Sonegaon and Dhanore WSS. Ta.Rahuri,Songaon,2298,1,0.35,1.00,0.25,1.07,0.71,1.19,0.45,15.21,43.60,10.96,46.38,30.69,51.92,19.68,02-Sep,03-Sep,04-Sep,05-Sep,06-Sep,07-Sep,08-Sep,02-Sep,03-Sep,04-Sep,05-Sep,06-Sep,07-Sep,08-Sep,0,7,0
Nashik,Ahmednagar,Ahmednagar,Shreerampur,Rahuri,20041657,Warvandi and others 10 villages. Tal.Rahuri,Babhulgaon,2839,2,1.24,4.82,3.13,2.15,0.00,0.34,2.12,43.62,169.71,110.33,75.85,0.00,11.87,74.75,02-Sep,03-Sep,04-Sep,05-Sep,06-Sep,07-Sep,08-Sep,02-Sep,03-Sep,04-Sep,05-Sep,06-Sep,07-Sep,08-Sep,1,3,4
Nashik,Ahmednagar,Ahmednagar,Shreerampur,Rahuri,20041657,Warvandi and others 10 villages. Tal.Rahuri,Khadambe Kh.,4545,2,0.45,3.64,0.67,4.10,0.49,4.01,0.89,9.88,80.02,14.85,90.27,10.72,88.22,19.64,02-Sep,03-Sep,04-Sep,05-Sep,06-Sep,07-Sep,08-Sep,02-Sep,03-Sep,04-Sep,05-Sep,06-Sep,07-Sep,08-Sep,0,4,3
Nashik,Ahmednagar,Ahmednagar,Shreerampur,Rahuri,20041657,Warvandi and others 10 villages. Tal.Rahuri,Warvandi,4070,3,0.00,1.84,1.69,0.00,1.99,0.00,2.22,0.00,45.28,41.49,0.00,49.01,0.00,54.53,02-Sep,03-Sep,04-Sep,05-Sep,06-Sep,07-Sep,08-Sep,02-Sep,03-Sep,04-Sep,05-Sep,06-Sep,07-Sep,08-Sep,3,7,0
Nashik,Ahmednagar,Ahmednagar,Shreerampur,Shrirampur,20028795,"Kadit Bk. And 5 villages, ta. Shrirampur",Galnimb,2974,3,0.00,1.98,2.33,0.00,0.00,1.53,2.33,0.00,66.57,78.40,0.00,0.00,51.38,78.31,02-Sep,03-Sep,04-Sep,05-Sep,06-Sep,07-Sep,08-Sep,02-Sep,03-Sep,04-Sep,05-Sep,06-Sep,07-Sep,08-Sep,3,4,3
Nashik,Ahmednagar,Ahmednagar,Shreerampur,Shrirampur,20028795,"Kadit Bk. And 5 villages, ta. Shrirampur",Kuranpur,1331,2,0.33,1.60,1.09,0.04,0.00,0.90,2.22,25.02,120.27,81.82,2.94,0.00,67.46,166.78,02-Sep,03-Sep,04-Sep,05-Sep,06-Sep,07-Sep,08-Sep,02-Sep,03-Sep,04-Sep,05-Sep,06-Sep,07-Sep,08-Sep,1,3,4
Nashik,Ahmednagar,Sangamner,Akole,Akole,20028069,Ganore and 4 villagesTa. Akole,Hiwargaon,2246,5,0.14,0.00,0.13,0.00,0.14,0.00,0.12,6.02,0.00,5.94,0.01,6.34,0.00,5.48,02-Sep,03-Sep,04-Sep,05-Sep,06-Sep,07-Sep,08-Sep,02-Sep,03-Sep,04-Sep,05-Sep,06-Sep,07-Sep,08-Sep,2,7,0
Nashik,Ahmednagar,Sangamner,Akole,Akole,20028069,Ganore and 4 villagesTa. Akole,Pimpalgaon Nipani,3033,3,0.00,0.00,0.00,0.00,0.00,0.00,0.00,0.00,0.00,0.00,0.00,0.00,0.00,0.00,02-Sep,03-Sep,04-Sep,05-Sep,06-Sep,07-Sep,08-Sep,02-Sep,03-Sep,04-Sep,05-Sep,06-Sep,07-Sep,08-Sep,7,7,0
Nashik,Ahmednagar,Sangamner,Akole,Akole,20028069,Ganore and 4 villagesTa. Akole,Virgaon,3620,6,1.52,1.63,4.93,4.88,1.27,1.99,2.03,42.03,44.93,136.26,134.82,35.08,55.04,55.95,02-Sep,03-Sep,04-Sep,05-Sep,06-Sep,07-Sep,08-Sep,02-Sep,03-Sep,04-Sep,05-Sep,06-Sep,07-Sep,08-Sep,0,3,4
Nashik,Ahmednagar,Sangamner,Kopargaon,Rahata,20054877,Retro.Kelvad Bk.& 2 villages RRWSS. Ta.Rahta,Kelwad Bk,4840,2,0.00,0.00,0.00,0.00,0.85,0.20,0.00,0.00,0.00,0.00,0.00,17.50,4.09,0.00,02-Sep,03-Sep,04-Sep,05-Sep,06-Sep,07-Sep,08-Sep,02-Sep,03-Sep,04-Sep,05-Sep,06-Sep,07-Sep,08-Sep,5,7,0
Nashik,Ahmednagar,Sangamner,Kopargaon,Rahata,20054877,Retro.Kelvad Bk.& 2 villages RRWSS. Ta.Rahta,Kelwad Kd,5875,1,0.00,0.00,0.00,0.00,0.00,0.00,0.00,0.00,0.00,0.00,0.00,0.00,0.00,0.00,02-Sep,03-Sep,04-Sep,05-Sep,06-Sep,07-Sep,08-Sep,02-Sep,03-Sep,04-Sep,05-Sep,06-Sep,07-Sep,08-Sep,7,7,0
Nashik,Ahmednagar,Sangamner,Kopargaon,Rahata,20054895,Retro Korhale and 1 other village,Korhale,6871,6,1.60,1.92,1.52,2.39,2.10,1.51,0.91,23.35,27.88,22.10,34.82,30.57,22.02,13.28,02-Sep,03-Sep,04-Sep,05-Sep,06-Sep,07-Sep,08-Sep,02-Sep,03-Sep,04-Sep,05-Sep,06-Sep,07-Sep,08-Sep,0,7,0
Nashik,Ahmednagar,Sangamner,Kopargaon,Rahata,417239,Retro Rui & Shingave R.R.W.S.S Tal Rahata,Rui,6426,4,8.70,8.50,8.21,5.86,6.71,7.32,8.03,135.40,132.35,127.82,91.24,104.44,113.98,125.01,02-Sep,03-Sep,04-Sep,05-Sep,06-Sep,07-Sep,08-Sep,02-Sep,03-Sep,04-Sep,05-Sep,06-Sep,07-Sep,08-Sep,0,0,7
Nashik,Ahmednagar,Sangamner,Kopargaon,Rahata,417239,Retro Rui & Shingave R.R.W.S.S Tal Rahata,Shingve,5274,2,0.00,0.00,0.00,0.00,0.00,0.00,0.00,0.00,0.00,0.00,0.00,0.00,0.00,0.00,02-Sep,03-Sep,04-Sep,05-Sep,06-Sep,07-Sep,08-Sep,02-Sep,03-Sep,04-Sep,05-Sep,06-Sep,07-Sep,08-Sep,7,7,0
Nashik,Ahmednagar,Sangamner,Sangamner,Sangamner,20033242,"Retro.Talegaon Dighe and 16 villages, Tal. Sangamner",chincholi Gurav,3160,4,0.00,0.00,0.00,0.00,0.00,0.00,0.00,0.00,0.00,0.00,0.00,0.00,0.00,0.00,02-Sep,03-Sep,04-Sep,05-Sep,06-Sep,07-Sep,08-Sep,02-Sep,03-Sep,04-Sep,05-Sep,06-Sep,07-Sep,08-Sep,7,7,0
Nashik,Ahmednagar,Sangamner,Sangamner,Sangamner,20033242,"Retro.Talegaon Dighe and 16 villages, Tal. Sangamner",Kakadwadi,2267,2,0.00,0.00,0.00,0.00,0.00,0.00,0.00,0.00,0.00,0.00,0.00,0.00,0.00,0.00,02-Sep,03-Sep,04-Sep,05-Sep,06-Sep,07-Sep,08-Sep,02-Sep,03-Sep,04-Sep,05-Sep,06-Sep,07-Sep,08-Sep,7,7,0
Nashik,Ahmednagar,Sangamner,Sangamner,Sangamner,20033242,"Retro.Talegaon Dighe and 16 villages, Tal. Sangamner",Karule,2284,1,,0.00,0.38,0.10,0.00,0.00,0.00,,0.00,16.43,4.17,0.00,0.01,0.00,02-Sep,03-Sep,04-Sep,05-Sep,06-Sep,07-Sep,08-Sep,02-Sep,03-Sep,04-Sep,05-Sep,06-Sep,07-Sep,08-Sep,3,6,0
Nashik,Ahmednagar,Sangamner,Sangamner,Sangamner,20033242,"Retro.Talegaon Dighe and 16 villages, Tal. Sangamner",Nannaj Dumala,3498,4,,0.00,0.07,0.14,0.00,0.69,0.02,,0.00,1.88,4.00,0.00,19.76,0.68,02-Sep,03-Sep,04-Sep,05-Sep,06-Sep,07-Sep,08-Sep,02-Sep,03-Sep,04-Sep,05-Sep,06-Sep,07-Sep,08-Sep,2,6,0
Nashik,Ahmednagar,Sangamner,Sangamner,Sangamner,20033242,"Retro.Talegaon Dighe and 16 villages, Tal. Sangamner",Wadzari (Bk),1458,1,0.67,0.68,0.47,0.62,0.47,0.02,0.04,46.15,46.53,32.06,42.40,32.00,1.65,2.42,02-Sep,03-Sep,04-Sep,05-Sep,06-Sep,07-Sep,08-Sep,02-Sep,03-Sep,04-Sep,05-Sep,06-Sep,07-Sep,08-Sep,0,7,0
Nashik,Ahmednagar,Sangamner,Sangamner,Sangamner,20033242,"Retro.Talegaon Dighe and 16 villages, Tal. Sangamner",Wadzari (Kh),1173,1,0.00,0.00,0.00,0.00,0.00,0.00,0.00,0.00,0.00,0.00,0.00,0.00,0.00,0.00,02-Sep,03-Sep,04-Sep,05-Sep,06-Sep,07-Sep,08-Sep,02-Sep,03-Sep,04-Sep,05-Sep,06-Sep,07-Sep,08-Sep,7,7,0
Nashik,Ahmednagar,Sangamner,Sangamner,Sangamner,7937337,"Retro.Nimon and 4 villages, Tal. Sangamner",hilllock,3954,1,3.37,4.85,4.36,0.76,133.08,4.68,3.33,85.21,122.69,110.26,19.13,3365.82,118.36,84.20,02-Sep,03-Sep,04-Sep,05-Sep,06-Sep,07-Sep,08-Sep,02-Sep,03-Sep,04-Sep,05-Sep,06-Sep,07-Sep,08-Sep,0,1,6
Nashik,Ahmednagar,Sangamner,Sangamner,Sangamner,7937337,"Retro.Nimon and 4 villages, Tal. Sangamner",Karhe,2691,2,0.00,0.00,0.00,0.00,0.00,0.00,0.00,0.00,0.00,0.00,0.00,0.00,0.00,0.00,02-Sep,03-Sep,04-Sep,05-Sep,06-Sep,07-Sep,08-Sep,02-Sep,03-Sep,04-Sep,05-Sep,06-Sep,07-Sep,08-Sep,7,7,0
Nashik,Ahmednagar,Sangamner,Sangamner,Sangamner,7937337,"Retro.Nimon and 4 villages, Tal. Sangamner",Palaskhede,3954,2,1.51,0.79,0.66,0.00,0.34,1.05,0.78,38.22,19.94,16.81,0.00,8.63,26.60,19.75,02-Sep,03-Sep,04-Sep,05-Sep,06-Sep,07-Sep,08-Sep,02-Sep,03-Sep,04-Sep,05-Sep,06-Sep,07-Sep,08-Sep,1,7,0
Nashik,Ahmednagar,Sangamner,Sangamner,Sangamner,7937337,"Retro.Nimon and 4 villages, Tal. Sangamner",Pimpale,2689,3,0.00,0.89,1.33,0.00,0.00,0.89,0.72,0.00,33.17,49.58,0.00,0.00,33.28,26.94,02-Sep,03-Sep,04-Sep,05-Sep,06-Sep,07-Sep,08-Sep,02-Sep,03-Sep,04-Sep,05-Sep,06-Sep,07-Sep,08-Sep,3,7,0
Nashik,Ahmednagar,Sangamner,Sangamner,Sangamner,7937337,"Retro.Nimon and 4 villages, Tal. Sangamner",Sonewadi,2328,2,0.00,0.14,0.00,0.00,1.06,1.09,0.16,0.00,6.07,0.04,0.00,45.38,46.99,6.70,02-Sep,03-Sep,04-Sep,05-Sep,06-Sep,07-Sep,08-Sep,02-Sep,03-Sep,04-Sep,05-Sep,06-Sep,07-Sep,08-Sep,2,7,0
Nashik,Jalgaon,Jalgaon,Chopda,Chopda,20053731,Lasur and 9 villages RRWSS. Ta. Chopda,Chahardi,15064,2,2.25,3.12,2.68,2.38,1.18,0.00,0.87,14.95,20.71,17.81,15.77,7.82,0.00,5.81,02-Sep,03-Sep,04-Sep,05-Sep,06-Sep,07-Sep,08-Sep,02-Sep,03-Sep,04-Sep,05-Sep,06-Sep,07-Sep,08-Sep,1,7,0
Nashik,Jalgaon,Jalgaon,Chopda,Chopda,20053731,Lasur and 9 villages RRWSS. Ta. Chopda,Chaugaon,2980,2,1.98,2.41,2.02,0.64,1.15,2.16,1.84,66.46,80.84,67.71,21.33,38.72,72.42,61.88,02-Sep,03-Sep,04-Sep,05-Sep,06-Sep,07-Sep,08-Sep,02-Sep,03-Sep,04-Sep,05-Sep,06-Sep,07-Sep,08-Sep,0,2,5
Nashik,Jalgaon,Jalgaon,Chopda,Chopda,20053731,Lasur and 9 villages RRWSS. Ta. Chopda,Chunchale,5224,2,0.00,0.00,0.00,0.00,0.00,0.00,0.00,0.00,0.00,0.00,0.00,0.00,0.00,0.00,02-Sep,03-Sep,04-Sep,05-Sep,06-Sep,07-Sep,08-Sep,02-Sep,03-Sep,04-Sep,05-Sep,06-Sep,07-Sep,08-Sep,7,7,0
Nashik,Jalgaon,Jalgaon,Chopda,Chopda,20053731,Lasur and 9 villages RRWSS. Ta. Chopda,Galwade,910,1,0.73,0.79,0.73,0.45,0.62,0.44,0.62,80.01,86.39,80.12,49.26,68.59,48.43,68.64,02-Sep,03-Sep,04-Sep,05-Sep,06-Sep,07-Sep,08-Sep,02-Sep,03-Sep,04-Sep,05-Sep,06-Sep,07-Sep,08-Sep,0,2,5
Nashik,Jalgaon,Jalgaon,Chopda,Chopda,20053731,Lasur and 9 villages RRWSS. Ta. Chopda,Hatede Kh,3009,2,3.68,3.21,3.79,1.56,1.60,1.79,3.52,122.25,106.82,126.10,51.86,53.22,59.43,117.00,02-Sep,03-Sep,04-Sep,05-Sep,06-Sep,07-Sep,08-Sep,02-Sep,03-Sep,04-Sep,05-Sep,06-Sep,07-Sep,08-Sep,0,2,5
Nashik,Jalgaon,Jalgaon,Chopda,Chopda,20053731,Lasur and 9 villages RRWSS. Ta. Chopda,Kazipura,863,2,1.47,1.34,1.38,0.67,1.39,1.51,1.43,169.98,155.15,159.46,77.37,161.27,175.38,165.59,02-Sep,03-Sep,04-Sep,05-Sep,06-Sep,07-Sep,08-Sep,02-Sep,03-Sep,04-Sep,05-Sep,06-Sep,07-Sep,08-Sep,0,0,7
Nashik,Jalgaon,Jalgaon,Chopda,Chopda,20053731,Lasur and 9 villages RRWSS. Ta. Chopda,Lasur,10272,4,3.90,3.30,2.79,0.42,1.75,2.20,2.36,38.02,32.12,27.12,4.12,17.03,21.38,22.97,02-Sep,03-Sep,04-Sep,05-Sep,06-Sep,07-Sep,08-Sep,02-Sep,03-Sep,04-Sep,05-Sep,06-Sep,07-Sep,08-Sep,0,7,0
Nashik,Jalgaon,Jalgaon,Chopda,Chopda,20053731,Lasur and 9 villages RRWSS. Ta. Chopda,Majare Hingone,1501,2,0.56,1.42,1.67,0.09,0.25,0.69,0.71,37.41,94.30,111.51,5.79,16.79,45.98,47.22,02-Sep,03-Sep,04-Sep,05-Sep,06-Sep,07-Sep,08-Sep,02-Sep,03-Sep,04-Sep,05-Sep,06-Sep,07-Sep,08-Sep,0,5,2
Nashik,Jalgaon,Jalgaon,Chopda,Chopda,20053731,Lasur and 9 villages RRWSS. Ta. Chopda,Mamalde,3572,2,3.74,4.51,3.57,0.92,2.95,3.30,3.56,104.73,126.20,100.00,25.82,82.54,92.49,99.64,02-Sep,03-Sep,04-Sep,05-Sep,06-Sep,07-Sep,08-Sep,02-Sep,03-Sep,04-Sep,05-Sep,06-Sep,07-Sep,08-Sep,0,1,6
Nashik,Jalgaon,Jalgaon,Erandol,Chalisgaon,20053796,Dondigar-Rohini & 15 Villages WSS,Andhari,1743,1,0.39,0.73,0.18,2.17,0.93,0.67,0.62,22.37,41.65,10.35,124.76,53.19,38.25,35.38,02-Sep,03-Sep,04-Sep,05-Sep,06-Sep,07-Sep,08-Sep,02-Sep,03-Sep,04-Sep,05-Sep,06-Sep,07-Sep,08-Sep,0,6,1
Nashik,Jalgaon,Jalgaon,Erandol,Chalisgaon,20053796,Dondigar-Rohini & 15 Villages WSS,Bilakhede,2691,2,0.80,1.06,0.53,0.91,0.80,0.95,0.55,29.84,39.25,19.70,33.76,29.76,35.30,20.39,02-Sep,03-Sep,04-Sep,05-Sep,06-Sep,07-Sep,08-Sep,02-Sep,03-Sep,04-Sep,05-Sep,06-Sep,07-Sep,08-Sep,0,7,0
Nashik,Jalgaon,Jalgaon,Erandol,Chalisgaon,20053796,Dondigar-Rohini & 15 Villages WSS,Bramhanshevga,2049,2,0.00,0.00,0.00,0.00,0.00,0.00,0.00,0.00,0.00,0.00,0.00,0.00,0.00,0.00,02-Sep,03-Sep,04-Sep,05-Sep,06-Sep,07-Sep,08-Sep,02-Sep,03-Sep,04-Sep,05-Sep,06-Sep,07-Sep,08-Sep,7,7,0
Nashik,Jalgaon,Jalgaon,Erandol,Chalisgaon,20053796,Dondigar-Rohini & 15 Villages WSS,Don Digar,3217,3,1.40,1.42,0.00,0.57,1.42,1.25,1.66,43.49,44.04,0.00,17.62,44.29,38.76,51.56,02-Sep,03-Sep,04-Sep,05-Sep,06-Sep,07-Sep,08-Sep,02-Sep,03-Sep,04-Sep,05-Sep,06-Sep,07-Sep,08-Sep,1,7,0
Nashik,Jalgaon,Jalgaon,Erandol,Chalisgaon,20053796,Dondigar-Rohini & 15 Villages WSS,Ghodegaon,4904,2,1.90,0.40,0.00,0.00,0.00,2.16,1.95,38.80,8.08,0.00,0.00,0.00,44.05,39.77,02-Sep,03-Sep,04-Sep,05-Sep,06-Sep,07-Sep,08-Sep,02-Sep,03-Sep,04-Sep,05-Sep,06-Sep,07-Sep,08-Sep,3,7,0
Nashik,Jalgaon,Jalgaon,Erandol,Chalisgaon,20053796,Dondigar-Rohini & 15 Villages WSS,Hatgaon,3573,2,1.43,0.22,0.49,0.43,2.12,3.49,2.22,40.03,6.12,13.68,12.09,59.29,97.75,62.05,02-Sep,03-Sep,04-Sep,05-Sep,06-Sep,07-Sep,08-Sep,02-Sep,03-Sep,04-Sep,05-Sep,06-Sep,07-Sep,08-Sep,0,4,3
Nashik,Jalgaon,Jalgaon,Erandol,Chalisgaon,20053796,Dondigar-Rohini & 15 Villages WSS,Hirapur,3925,3,1.10,1.78,1.54,1.77,1.54,2.01,0.00,27.91,45.26,39.12,45.01,39.25,51.30,0.00,02-Sep,03-Sep,04-Sep,05-Sep,06-Sep,07-Sep,08-Sep,02-Sep,03-Sep,04-Sep,05-Sep,06-Sep,07-Sep,08-Sep,1,7,0
Nashik,Jalgaon,Jalgaon,Erandol,Chalisgaon,20053796,Dondigar-Rohini & 15 Villages WSS,Karajgaon,1879,1,0.00,0.73,0.00,0.21,0.18,0.22,0.44,0.00,38.80,0.00,11.34,9.46,11.47,23.33,02-Sep,03-Sep,04-Sep,05-Sep,06-Sep,07-Sep,08-Sep,02-Sep,03-Sep,04-Sep,05-Sep,06-Sep,07-Sep,08-Sep,2,7,0
Nashik,Jalgaon,Jalgaon,Erandol,Chalisgaon,20053796,Dondigar-Rohini & 15 Villages WSS,Khadki Bk.,3100,3,2.89,1.00,1.38,0.00,1.16,5.98,0.81,93.12,32.17,44.40,0.00,37.42,193.03,26.15,02-Sep,03-Sep,04-Sep,05-Sep,06-Sep,07-Sep,08-Sep,02-Sep,03-Sep,04-Sep,05-Sep,06-Sep,07-Sep,08-Sep,1,5,2
Nashik,Jalgaon,Jalgaon,Erandol,Chalisgaon,20053796,Dondigar-Rohini & 15 Villages WSS,Krushnanagar,2803,2,0.00,0.00,0.00,0.00,0.00,0.00,0.00,0.00,0.00,0.00,0.00,0.00,0.00,0.00,02-Sep,03-Sep,04-Sep,05-Sep,06-Sep,07-Sep,08-Sep,02-Sep,03-Sep,04-Sep,05-Sep,06-Sep,07-Sep,08-Sep,7,7,0
Nashik,Jalgaon,Jalgaon,Erandol,Chalisgaon,20053796,Dondigar-Rohini & 15 Villages WSS,Pimpalgaon,1709,2,0.00,0.00,0.00,0.00,0.00,0.00,0.00,0.00,0.00,0.00,0.00,0.00,0.00,0.00,02-Sep,03-Sep,04-Sep,05-Sep,06-Sep,07-Sep,08-Sep,02-Sep,03-Sep,04-Sep,05-Sep,06-Sep,07-Sep,08-Sep,7,7,0
Nashik,Jalgaon,Jalgaon,Erandol,Chalisgaon,20053796,Dondigar-Rohini & 15 Villages WSS,Pimpri Budruk,1804,2,0.38,1.33,0.65,0.02,0.03,1.73,0.27,21.29,73.91,36.04,1.07,1.89,95.74,14.72,02-Sep,03-Sep,04-Sep,05-Sep,06-Sep,07-Sep,08-Sep,02-Sep,03-Sep,04-Sep,05-Sep,06-Sep,07-Sep,08-Sep,0,5,2
Nashik,Jalgaon,Jalgaon,Erandol,Chalisgaon,20053796,Dondigar-Rohini & 15 Villages WSS,Rohini,2811,3,0.00,0.63,0.33,0.66,0.52,0.58,0.61,0.07,22.45,11.84,23.34,18.37,20.56,21.62,02-Sep,03-Sep,04-Sep,05-Sep,06-Sep,07-Sep,08-Sep,02-Sep,03-Sep,04-Sep,05-Sep,06-Sep,07-Sep,08-Sep,0,7,0
Nashik,Jalgaon,Jalgaon,Erandol,Chalisgaon,20053796,Dondigar-Rohini & 15 Villages WSS,Talegaon,3647,2,0.00,0.00,0.00,0.00,0.00,0.00,0.00,0.00,0.00,0.00,0.00,0.00,0.00,0.00,02-Sep,03-Sep,04-Sep,05-Sep,06-Sep,07-Sep,08-Sep,02-Sep,03-Sep,04-Sep,05-Sep,06-Sep,07-Sep,08-Sep,7,7,0
Nashik,Jalgaon,Jalgaon,Erandol,Chalisgaon,20053796,Dondigar-Rohini & 15 Villages WSS,Tambole,2918,2,0.00,0.00,1.51,0.24,0.00,0.00,1.72,0.00,0.00,51.67,8.17,0.00,0.00,59.07,02-Sep,03-Sep,04-Sep,05-Sep,06-Sep,07-Sep,08-Sep,02-Sep,03-Sep,04-Sep,05-Sep,06-Sep,07-Sep,08-Sep,4,6,1
Nashik,Jalgaon,Jalgaon,Erandol,Dharangaon,20061165,Paldhi (bk& Kh) RR Tal DHARANGAON,Paldhi Bk.,9303,3,23.79,21.27,17.80,16.15,18.75,14.30,19.29,255.72,228.64,191.34,173.60,201.55,153.71,207.35,02-Sep,03-Sep,04-Sep,05-Sep,06-Sep,07-Sep,08-Sep,02-Sep,03-Sep,04-Sep,05-Sep,06-Sep,07-Sep,08-Sep,0,0,7
Nashik,Jalgaon,Jalgaon,Erandol,Dharangaon,20061165,Paldhi (bk& Kh) RR Tal DHARANGAON,Paldhi Kh.,12377,3,3.53,8.17,10.19,1.84,0.21,4.11,5.83,28.50,65.97,82.29,14.86,1.70,33.17,47.13,02-Sep,03-Sep,04-Sep,05-Sep,06-Sep,07-Sep,08-Sep,02-Sep,03-Sep,04-Sep,05-Sep,06-Sep,07-Sep,08-Sep,0,5,2
Nashik,Jalgaon,Jalgaon,Erandol,Jamner,20025401,Pahur Peth& Pahur Kasbe 2 Villages WSS Tal Jamner,Kharchane,615,1,1.43,3.83,2.67,1.63,0.74,1.74,1.65,232.33,622.45,434.58,265.79,119.54,282.33,267.82,02-Sep,03-Sep,04-Sep,05-Sep,06-Sep,07-Sep,08-Sep,02-Sep,03-Sep,04-Sep,05-Sep,06-Sep,07-Sep,08-Sep,0,0,7
Nashik,Jalgaon,Jalgaon,Erandol,Jamner,20025401,Pahur Peth& Pahur Kasbe 2 Villages WSS Tal Jamner,Pahur Kasbe,11162,3,0.46,0.42,0.00,0.00,0.19,0.26,0.10,4.10,3.74,0.00,0.00,1.66,2.34,0.87,02-Sep,03-Sep,04-Sep,05-Sep,06-Sep,07-Sep,08-Sep,02-Sep,03-Sep,04-Sep,05-Sep,06-Sep,07-Sep,08-Sep,2,7,0
Nashik,Jalgaon,Jalgaon,Erandol,Jamner,20025401,Pahur Peth& Pahur Kasbe 2 Villages WSS Tal Jamner,Pahur Peth,13205,5,6.03,5.95,10.93,7.37,6.35,6.93,8.82,45.70,45.05,82.75,55.83,48.09,52.49,66.82,02-Sep,03-Sep,04-Sep,05-Sep,06-Sep,07-Sep,08-Sep,02-Sep,03-Sep,04-Sep,05-Sep,06-Sep,07-Sep,08-Sep,0,4,3
Nashik,Jalgaon,Jalgaon,Erandol,Muktainagar,20025401,Pahur Peth& Pahur Kasbe 2 Villages WSS Tal Jamner,Sangvi,679,1,0.00,0.00,0.00,0.00,0.00,0.00,0.00,0.00,0.00,0.00,0.00,0.00,0.00,0.00,02-Sep,03-Sep,04-Sep,05-Sep,06-Sep,07-Sep,08-Sep,02-Sep,03-Sep,04-Sep,05-Sep,06-Sep,07-Sep,08-Sep,7,7,0
Nashik,Jalgaon,Jalgaon,Erandol,Parola,20025410,Bahadarpur & 2 Village RRWSS,Bahadarpur,2842,2,2.43,0.63,0.30,2.28,1.78,1.72,2.16,85.60,22.25,10.69,80.36,62.68,60.45,76.09,02-Sep,03-Sep,04-Sep,05-Sep,06-Sep,07-Sep,08-Sep,02-Sep,03-Sep,04-Sep,05-Sep,06-Sep,07-Sep,08-Sep,0,2,5
Nashik,Jalgaon,Jalgaon,Erandol,Parola,20025410,Bahadarpur & 2 Village RRWSS,Mahalpur,2033,2,0.76,1.12,1.34,0.79,1.26,1.30,0.97,37.51,55.30,65.79,38.89,61.96,63.73,47.77,02-Sep,03-Sep,04-Sep,05-Sep,06-Sep,07-Sep,08-Sep,02-Sep,03-Sep,04-Sep,05-Sep,06-Sep,07-Sep,08-Sep,0,3,4
Nashik,Jalgaon,Jalgaon,Jalgaon,Jalgaon,20055900,Kusumbe & Manyarkhede WSS,Kusumbe,8598,7,2.33,3.16,3.97,1.22,6.36,5.93,5.78,27.12,36.77,46.23,14.23,73.93,68.96,67.22,02-Sep,03-Sep,04-Sep,05-Sep,06-Sep,07-Sep,08-Sep,02-Sep,03-Sep,04-Sep,05-Sep,06-Sep,07-Sep,08-Sep,0,4,3
Nashik,Jalgaon,Jalgaon,Nandurbar,Nandurbar,20055639,Bhagsari & 8 Villages,Bamdod,510,2,0.00,0.00,0.00,0.00,0.00,0.00,0.00,0.00,0.00,0.00,0.00,0.00,0.00,0.00,02-Sep,03-Sep,04-Sep,05-Sep,06-Sep,07-Sep,08-Sep,02-Sep,03-Sep,04-Sep,05-Sep,06-Sep,07-Sep,08-Sep,7,7,0
Nashik,Jalgaon,Jalgaon,Nandurbar,Nandurbar,20055639,Bhagsari & 8 Villages,Bhaler,2770,2,0.90,1.89,0.00,1.71,1.64,1.25,1.90,32.38,68.08,0.00,61.76,59.06,44.97,68.48,02-Sep,03-Sep,04-Sep,05-Sep,06-Sep,07-Sep,08-Sep,02-Sep,03-Sep,04-Sep,05-Sep,06-Sep,07-Sep,08-Sep,1,3,4
Nashik,Jalgaon,Jalgaon,Nandurbar,Nandurbar,20055639,Bhagsari & 8 Villages,Jun Mohide,2025,2,0.98,0.96,0.77,0.00,41.76,0.93,0.96,48.22,47.31,37.86,0.00,2062.03,45.73,47.24,02-Sep,03-Sep,04-Sep,05-Sep,06-Sep,07-Sep,08-Sep,02-Sep,03-Sep,04-Sep,05-Sep,06-Sep,07-Sep,08-Sep,1,6,1
Nashik,Jalgaon,Jalgaon,Nandurbar,Nandurbar,20055639,Bhagsari & 8 Villages,Shindgavhan,1743,2,80.23,136.18,1.26,0.00,0.00,148.40,1.22,4603.11,7813.07,72.27,0.00,0.00,8514.17,69.79,02-Sep,03-Sep,04-Sep,05-Sep,06-Sep,07-Sep,08-Sep,02-Sep,03-Sep,04-Sep,05-Sep,06-Sep,07-Sep,08-Sep,2,2,5
Nashik,Jalgaon,Jalgaon,Nandurbar,Nandurbar,20055639,Bhagsari & 8 Villages,Vikharan,2065,2,3.57,3.36,1.63,3.32,3.15,3.16,3.45,172.64,162.69,78.93,160.79,152.76,153.25,167.05,02-Sep,03-Sep,04-Sep,05-Sep,06-Sep,07-Sep,08-Sep,02-Sep,03-Sep,04-Sep,05-Sep,06-Sep,07-Sep,08-Sep,0,0,7
Nashik,Jalgaon,Jalgaon,Nandurbar,Nandurbar,20055662,Pachorabari - Narayanpur WSS,Narayanpur,1851,2,0.00,0.00,0.00,0.00,0.00,0.00,0.00,0.00,0.00,0.00,0.00,0.00,0.00,0.00,02-Sep,03-Sep,04-Sep,05-Sep,06-Sep,07-Sep,08-Sep,02-Sep,03-Sep,04-Sep,05-Sep,06-Sep,07-Sep,08-Sep,7,7,0
Nashik,Jalgaon,Jalgaon,Nandurbar,Nandurbar,20055662,Pachorabari - Narayanpur WSS,Pachorabari,1251,4,0.00,0.00,0.00,0.00,0.00,0.00,0.00,0.00,0.00,0.00,0.00,0.00,0.00,0.00,02-Sep,03-Sep,04-Sep,05-Sep,06-Sep,07-Sep,08-Sep,02-Sep,03-Sep,04-Sep,05-Sep,06-Sep,07-Sep,08-Sep,7,7,0
Nashik,Jalgaon,Jalgaon,Nandurbar,Nandurbar,20056839,"Gujar bhawali , Jambholi & 4 Villages",Gujar Bhawali,2629,2,0.39,0.08,0.30,0.00,0.66,0.00,0.41,14.88,3.04,11.35,0.00,25.12,0.00,15.51,02-Sep,03-Sep,04-Sep,05-Sep,06-Sep,07-Sep,08-Sep,02-Sep,03-Sep,04-Sep,05-Sep,06-Sep,07-Sep,08-Sep,2,7,0
Nashik,Jalgaon,Jalgaon,Nandurbar,Nandurbar,20056839,"Gujar bhawali , Jambholi & 4 Villages",Gujar Jamboli,2338,3,0.28,1.92,0.89,0.24,0.15,0.00,0.63,11.83,82.05,38.03,10.23,6.38,0.10,26.83,02-Sep,03-Sep,04-Sep,05-Sep,06-Sep,07-Sep,08-Sep,02-Sep,03-Sep,04-Sep,05-Sep,06-Sep,07-Sep,08-Sep,0,6,1
Nashik,Jalgaon,Jalgaon,Nandurbar,Nandurbar,20057127,"Khamgaon, Tokartale , Vichak & 2 Wadies RRWSS",Khamgaon,2602,2,0.00,0.01,0.01,0.01,0.01,0.00,0.01,0.17,0.31,0.22,0.31,0.20,0.11,0.44,02-Sep,03-Sep,04-Sep,05-Sep,06-Sep,07-Sep,08-Sep,02-Sep,03-Sep,04-Sep,05-Sep,06-Sep,07-Sep,08-Sep,0,7,0
Nashik,Jalgaon,Jalgaon,Nandurbar,Nandurbar,20057127,"Khamgaon, Tokartale , Vichak & 2 Wadies RRWSS",Tokartale,3510,2,1.26,1.46,1.02,0.00,2.21,0.02,1.29,35.77,41.58,29.18,0.09,62.96,0.56,36.72,02-Sep,03-Sep,04-Sep,05-Sep,06-Sep,07-Sep,08-Sep,02-Sep,03-Sep,04-Sep,05-Sep,06-Sep,07-Sep,08-Sep,0,6,1
Nashik,Jalgaon,Jalgaon,Nandurbar,Nandurbar,20057127,"Khamgaon, Tokartale , Vichak & 2 Wadies RRWSS",Wadgaon Pada,167,2,0.29,0.14,0.05,0.00,0.01,0.00,0.12,175.64,81.90,27.11,0.00,4.80,1.51,69.62,02-Sep,03-Sep,04-Sep,05-Sep,06-Sep,07-Sep,08-Sep,02-Sep,03-Sep,04-Sep,05-Sep,06-Sep,07-Sep,08-Sep,1,4,3
Nashik,Jalgaon,Jalgaon,Nandurbar,Nandurbar,20057131,Waghale & 3 Villages,Ashte,3920,2,0.00,0.00,1.27,1.11,1.01,0.72,0.77,0.00,0.00,32.33,28.26,25.85,18.49,19.74,02-Sep,03-Sep,04-Sep,05-Sep,06-Sep,07-Sep,08-Sep,02-Sep,03-Sep,04-Sep,05-Sep,06-Sep,07-Sep,08-Sep,2,7,0
Nashik,Jalgaon,Jalgaon,Nandurbar,Nandurbar,20057131,Waghale & 3 Villages,Haripur,1445,2,0.00,0.00,0.00,0.00,0.00,0.00,0.00,0.00,0.00,0.00,0.00,0.00,0.00,0.00,02-Sep,03-Sep,04-Sep,05-Sep,06-Sep,07-Sep,08-Sep,02-Sep,03-Sep,04-Sep,05-Sep,06-Sep,07-Sep,08-Sep,7,7,0
Nashik,Jalgaon,Jalgaon,Nandurbar,Nandurbar,20057131,Waghale & 3 Villages,Nandarkhe,2862,3,0.46,1.33,0.59,0.29,0.72,0.66,0.72,16.21,46.45,20.77,9.99,25.07,23.18,25.08,02-Sep,03-Sep,04-Sep,05-Sep,06-Sep,07-Sep,08-Sep,02-Sep,03-Sep,04-Sep,05-Sep,06-Sep,07-Sep,08-Sep,0,7,0
Nashik,Jalgaon,Jalgaon,Nandurbar,Nandurbar,20057131,Waghale & 3 Villages,Waghale,3987,5,0.77,0.75,0.75,1.41,0.11,0.82,0.13,19.21,18.81,18.83,35.36,2.81,20.60,3.16,02-Sep,03-Sep,04-Sep,05-Sep,06-Sep,07-Sep,08-Sep,02-Sep,03-Sep,04-Sep,05-Sep,06-Sep,07-Sep,08-Sep,0,7,0
Nashik,Nashik,Nashik,Malegaon,Baglan,7971089,Nampur and 4 villages RR Tal Baglan (C 39),Askheda,3580,3,4.49,5.71,3.89,1.12,4.95,4.29,1.42,125.51,159.48,108.63,31.17,138.33,119.85,39.60,02-Sep,03-Sep,04-Sep,05-Sep,06-Sep,07-Sep,08-Sep,02-Sep,03-Sep,04-Sep,05-Sep,06-Sep,07-Sep,08-Sep,0,2,5
Nashik,Nashik,Nashik,Malegaon,Baglan,7971089,Nampur and 4 villages RR Tal Baglan (C 39),Jaikheda,8177,3,2.08,2.14,1.96,2.31,1.52,2.05,1.68,25.45,26.21,23.94,28.22,18.56,25.06,20.54,02-Sep,03-Sep,04-Sep,05-Sep,06-Sep,07-Sep,08-Sep,02-Sep,03-Sep,04-Sep,05-Sep,06-Sep,07-Sep,08-Sep,0,7,0
Nashik,Nashik,Nashik,Malegaon,Deola,20037448,"78 villages in Nandgaon, Malegaon and Deola talukas",Ajande,786,1,1.52,1.23,1.52,1.46,1.63,1.50,1.35,193.65,156.04,192.98,185.19,207.69,190.32,171.37,02-Sep,03-Sep,04-Sep,05-Sep,06-Sep,07-Sep,08-Sep,02-Sep,03-Sep,04-Sep,05-Sep,06-Sep,07-Sep,08-Sep,0,0,7
Nashik,Nashik,Nashik,Malegaon,Malegaon,20037448,"78 villages in Nandgaon, Malegaon and Deola talukas",Babhulwadi,715,1,0.67,0.51,0.60,0.69,0.67,0.88,0.88,93.09,71.88,84.56,96.22,93.41,123.33,123.61,02-Sep,03-Sep,04-Sep,05-Sep,06-Sep,07-Sep,08-Sep,02-Sep,03-Sep,04-Sep,05-Sep,06-Sep,07-Sep,08-Sep,0,0,7
Nashik,Nashik,Nashik,Malegaon,Malegaon,20037448,"78 villages in Nandgaon, Malegaon and Deola talukas",DoctorWadi,1255,1,0.00,0.00,0.13,0.00,0.00,0.20,0.46,0.00,0.00,10.46,0.00,0.00,15.95,36.65,02-Sep,03-Sep,04-Sep,05-Sep,06-Sep,07-Sep,08-Sep,02-Sep,03-Sep,04-Sep,05-Sep,06-Sep,07-Sep,08-Sep,4,7,0
Nashik,Nashik,Nashik,Malegaon,Malegaon,20037448,"78 villages in Nandgaon, Malegaon and Deola talukas",Ganesh Nagar,1298,2,0.15,0.35,0.25,0.43,0.37,0.27,0.31,11.31,27.17,19.14,33.09,28.77,20.79,23.62,02-Sep,03-Sep,04-Sep,05-Sep,06-Sep,07-Sep,08-Sep,02-Sep,03-Sep,04-Sep,05-Sep,06-Sep,07-Sep,08-Sep,0,7,0
Nashik,Nashik,Nashik,Malegaon,Malegaon,20037448,"78 villages in Nandgaon, Malegaon and Deola talukas",Ghodegaon,1465,2,0.13,0.00,0.00,0.00,0.00,0.00,0.00,9.21,0.00,0.00,0.00,0.00,0.00,0.09,02-Sep,03-Sep,04-Sep,05-Sep,06-Sep,07-Sep,08-Sep,02-Sep,03-Sep,04-Sep,05-Sep,06-Sep,07-Sep,08-Sep,5,7,0
Nashik,Nashik,Nashik,Malegaon,Malegaon,20037448,"78 villages in Nandgaon, Malegaon and Deola talukas",Ghodegaon Chauki,682,1,0.00,0.00,0.00,0.00,0.92,0.40,0.00,0.00,0.00,0.00,0.00,135.28,58.73,0.00,02-Sep,03-Sep,04-Sep,05-Sep,06-Sep,07-Sep,08-Sep,02-Sep,03-Sep,04-Sep,05-Sep,06-Sep,07-Sep,08-Sep,5,5,2
Nashik,Nashik,Nashik,Malegaon,Malegaon,20037448,"78 villages in Nandgaon, Malegaon and Deola talukas",Gilane,1765,2,0.00,0.00,0.00,0.00,0.00,0.00,0.00,0.00,0.00,0.00,0.00,0.00,0.00,0.00,02-Sep,03-Sep,04-Sep,05-Sep,06-Sep,07-Sep,08-Sep,02-Sep,03-Sep,04-Sep,05-Sep,06-Sep,07-Sep,08-Sep,7,7,0
Nashik,Nashik,Nashik,Malegaon,Malegaon,20037448,"78 villages in Nandgaon, Malegaon and Deola talukas",Hiswal Bk,1875,1,0.00,0.99,0.00,0.00,0.93,0.96,0.00,0.00,52.94,0.00,0.00,49.41,51.31,0.00,02-Sep,03-Sep,04-Sep,05-Sep,06-Sep,07-Sep,08-Sep,02-Sep,03-Sep,04-Sep,05-Sep,06-Sep,07-Sep,08-Sep,4,7,0
Nashik,Nashik,Nashik,Malegaon,Malegaon,20037448,"78 villages in Nandgaon, Malegaon and Deola talukas",Hiswal Kh,1785,1,0.00,0.00,0.00,0.71,0.00,0.00,0.00,0.00,0.00,0.00,39.83,0.00,0.00,0.00,02-Sep,03-Sep,04-Sep,05-Sep,06-Sep,07-Sep,08-Sep,02-Sep,03-Sep,04-Sep,05-Sep,06-Sep,07-Sep,08-Sep,6,7,0
Nashik,Nashik,Nashik,Malegaon,Malegaon,20037448,"78 villages in Nandgaon, Malegaon and Deola talukas",Jalgaon,3726,2,0.00,0.37,0.00,0.75,0.00,0.71,0.12,0.13,9.82,0.00,20.00,0.02,19.05,3.24,02-Sep,03-Sep,04-Sep,05-Sep,06-Sep,07-Sep,08-Sep,02-Sep,03-Sep,04-Sep,05-Sep,06-Sep,07-Sep,08-Sep,1,7,0
Nashik,Nashik,Nashik,Malegaon,Malegaon,20037448,"78 villages in Nandgaon, Malegaon and Deola talukas",Jatpada,1571,2,0.00,0.28,0.29,0.19,0.37,0.30,0.00,0.00,17.68,18.46,11.81,23.44,19.21,0.00,02-Sep,03-Sep,04-Sep,05-Sep,06-Sep,07-Sep,08-Sep,02-Sep,03-Sep,04-Sep,05-Sep,06-Sep,07-Sep,08-Sep,2,7,0
Nashik,Nashik,Nashik,Malegaon,Malegaon,20037448,"78 villages in Nandgaon, Malegaon and Deola talukas",Jiwardi Bk,1174,2,0.00,0.33,0.00,0.00,0.41,0.00,0.00,0.00,28.18,0.00,0.03,35.15,0.00,0.00,02-Sep,03-Sep,04-Sep,05-Sep,06-Sep,07-Sep,08-Sep,02-Sep,03-Sep,04-Sep,05-Sep,06-Sep,07-Sep,08-Sep,4,7,0
Nashik,Nashik,Nashik,Malegaon,Malegaon,20037448,"78 villages in Nandgaon, Malegaon and Deola talukas",Krantinagar,1385,3,0.00,0.00,0.00,0.00,0.00,0.00,0.00,0.00,0.00,0.00,0.00,0.00,0.00,0.00,02-Sep,03-Sep,04-Sep,05-Sep,06-Sep,07-Sep,08-Sep,02-Sep,03-Sep,04-Sep,05-Sep,06-Sep,07-Sep,08-Sep,7,7,0
Nashik,Nashik,Nashik,Malegaon,Malegaon,20037448,"78 villages in Nandgaon, Malegaon and Deola talukas",Manikpunj,1335,3,0.00,0.39,0.11,0.00,0.00,0.00,0.00,0.00,29.14,8.22,0.00,0.00,0.00,0.00,02-Sep,03-Sep,04-Sep,05-Sep,06-Sep,07-Sep,08-Sep,02-Sep,03-Sep,04-Sep,05-Sep,06-Sep,07-Sep,08-Sep,5,7,0
Nashik,Nashik,Nashik,Malegaon,Malegaon,20037448,"78 villages in Nandgaon, Malegaon and Deola talukas",Manjare,1819,2,0.00,0.00,1.70,0.00,0.00,0.00,1.50,0.00,0.00,93.33,0.00,0.00,0.00,82.45,02-Sep,03-Sep,04-Sep,05-Sep,06-Sep,07-Sep,08-Sep,02-Sep,03-Sep,04-Sep,05-Sep,06-Sep,07-Sep,08-Sep,5,5,2
Nashik,Nashik,Nashik,Malegaon,Nandgaon,20037448,"78 villages in Nandgaon, Malegaon and Deola talukas",Manwad,3580,2,0.00,0.00,0.00,0.00,0.00,0.12,0.92,0.00,0.00,0.00,0.00,0.00,3.22,25.66,02-Sep,03-Sep,04-Sep,05-Sep,06-Sep,07-Sep,08-Sep,02-Sep,03-Sep,04-Sep,05-Sep,06-Sep,07-Sep,08-Sep,5,7,0
Nashik,Nashik,Nashik,Malegaon,Nandgaon,20037448,"78 villages in Nandgaon, Malegaon and Deola talukas",Mehune,3276,2,0.00,0.00,0.00,0.00,0.00,0.00,0.00,0.00,0.00,0.00,0.00,0.00,0.00,0.00,02-Sep,03-Sep,04-Sep,05-Sep,06-Sep,07-Sep,08-Sep,02-Sep,03-Sep,04-Sep,05-Sep,06-Sep,07-Sep,08-Sep,7,7,0
Nashik,Nashik,Nashik,Malegaon,Nandgaon,20037448,"78 villages in Nandgaon, Malegaon and Deola talukas",Nimgaon Bk,11399,3,3.04,0.96,1.41,1.08,1.28,0.00,0.38,26.68,8.40,12.34,9.44,11.23,0.00,3.30,02-Sep,03-Sep,04-Sep,05-Sep,06-Sep,07-Sep,08-Sep,02-Sep,03-Sep,04-Sep,05-Sep,06-Sep,07-Sep,08-Sep,1,7,0
Nashik,Nashik,Nashik,Malegaon,Nandgaon,20037448,"78 villages in Nandgaon, Malegaon and Deola talukas",Nimgaon Kh,1222,2,0.25,0.25,0.25,0.25,0.25,0.25,0.25,20.39,20.66,20.35,20.42,20.53,20.54,20.44,02-Sep,03-Sep,04-Sep,05-Sep,06-Sep,07-Sep,08-Sep,02-Sep,03-Sep,04-Sep,05-Sep,06-Sep,07-Sep,08-Sep,0,7,0
Nashik,Nashik,Nashik,Malegaon,Nandgaon,20037448,"78 villages in Nandgaon, Malegaon and Deola talukas",Nimgule,602,1,0.47,0.00,0.76,0.50,0.00,0.74,0.51,78.41,0.00,126.78,82.52,0.00,122.29,85.09,02-Sep,03-Sep,04-Sep,05-Sep,06-Sep,07-Sep,08-Sep,02-Sep,03-Sep,04-Sep,05-Sep,06-Sep,07-Sep,08-Sep,2,2,5
Nashik,Nashik,Nashik,Malegaon,Nandgaon,20037448,"78 villages in Nandgaon, Malegaon and Deola talukas",Patharde,879,2,1.22,0.00,1.29,0.00,0.00,0.74,0.06,139.12,0.00,146.25,0.22,0.00,83.84,7.38,02-Sep,03-Sep,04-Sep,05-Sep,06-Sep,07-Sep,08-Sep,02-Sep,03-Sep,04-Sep,05-Sep,06-Sep,07-Sep,08-Sep,2,4,3
Nashik,Nashik,Nashik,Malegaon,Nandgaon,20037448,"78 villages in Nandgaon, Malegaon and Deola talukas",Pimparkhed,2655,1,0.64,0.22,0.10,0.00,0.76,0.00,0.00,24.01,8.26,3.75,0.00,28.55,0.00,0.00,02-Sep,03-Sep,04-Sep,05-Sep,06-Sep,07-Sep,08-Sep,02-Sep,03-Sep,04-Sep,05-Sep,06-Sep,07-Sep,08-Sep,3,7,0
Nashik,Nashik,Nashik,Malegaon,Nandgaon,20037448,"78 villages in Nandgaon, Malegaon and Deola talukas",Pimprale,2160,2,0.00,0.00,0.90,0.80,0.00,0.00,0.00,0.00,0.00,41.51,37.15,0.00,0.00,0.00,02-Sep,03-Sep,04-Sep,05-Sep,06-Sep,07-Sep,08-Sep,02-Sep,03-Sep,04-Sep,05-Sep,06-Sep,07-Sep,08-Sep,5,7,0
Nashik,Nashik,Nashik,Malegaon,Nandgaon,20037448,"78 villages in Nandgaon, Malegaon and Deola talukas",Pimpri Haveli,2550,1,0.00,0.56,1.09,1.21,0.74,0.91,0.00,0.00,21.96,42.73,47.51,28.86,35.61,0.00,02-Sep,03-Sep,04-Sep,05-Sep,06-Sep,07-Sep,08-Sep,02-Sep,03-Sep,04-Sep,05-Sep,06-Sep,07-Sep,08-Sep,2,7,0
Nashik,Nashik,Nashik,Malegaon,Nandgaon,20037448,"78 villages in Nandgaon, Malegaon and Deola talukas",Sakuri,3920,2,0.16,0.00,0.01,0.00,0.00,0.00,0.00,4.07,0.00,0.21,0.00,0.00,0.00,0.00,02-Sep,03-Sep,04-Sep,05-Sep,06-Sep,07-Sep,08-Sep,02-Sep,03-Sep,04-Sep,05-Sep,06-Sep,07-Sep,08-Sep,5,7,0
Nashik,Nashik,Nashik,Malegaon,Nandgaon,20037448,"78 villages in Nandgaon, Malegaon and Deola talukas",Saundane,9450,3,2.37,0.15,2.45,0.19,1.97,0.17,2.27,25.12,1.63,25.90,1.99,20.84,1.83,24.07,02-Sep,03-Sep,04-Sep,05-Sep,06-Sep,07-Sep,08-Sep,02-Sep,03-Sep,04-Sep,05-Sep,06-Sep,07-Sep,08-Sep,0,7,0
Nashik,Nashik,Nashik,Malegaon,Nandgaon,20037448,"78 villages in Nandgaon, Malegaon and Deola talukas",Sawakarwadi,2811,3,1.09,0.00,0.00,0.00,0.00,0.00,1.34,38.95,0.00,0.00,0.00,0.00,0.00,47.59,02-Sep,03-Sep,04-Sep,05-Sep,06-Sep,07-Sep,08-Sep,02-Sep,03-Sep,04-Sep,05-Sep,06-Sep,07-Sep,08-Sep,5,7,0
Nashik,Nashik,Nashik,Malegaon,Nandgaon,20037448,"78 villages in Nandgaon, Malegaon and Deola talukas",Shirsondi,1807,2,0.44,0.48,0.76,0.48,0.52,0.31,0.03,24.39,26.83,42.14,26.76,28.89,17.21,1.92,02-Sep,03-Sep,04-Sep,05-Sep,06-Sep,07-Sep,08-Sep,02-Sep,03-Sep,04-Sep,05-Sep,06-Sep,07-Sep,08-Sep,0,7,0
Nashik,Nashik,Nashik,Malegaon,Nandgaon,20037448,"78 villages in Nandgaon, Malegaon and Deola talukas",Soygaon,1680,2,0.85,0.00,0.00,0.00,0.92,0.00,0.00,50.61,0.00,0.00,0.00,54.80,0.00,0.00,02-Sep,03-Sep,04-Sep,05-Sep,06-Sep,07-Sep,08-Sep,02-Sep,03-Sep,04-Sep,05-Sep,06-Sep,07-Sep,08-Sep,5,7,0
Nashik,Nashik,Nashik,Malegaon,Nandgaon,20037448,"78 villages in Nandgaon, Malegaon and Deola talukas",Takli,4532,3,0.01,0.00,0.00,0.72,0.00,0.00,0.72,0.14,0.00,0.00,15.82,0.00,0.00,15.85,02-Sep,03-Sep,04-Sep,05-Sep,06-Sep,07-Sep,08-Sep,02-Sep,03-Sep,04-Sep,05-Sep,06-Sep,07-Sep,08-Sep,4,7,0
Nashik,Nashik,Nashik,Malegaon,Nandgaon,20037448,"78 villages in Nandgaon, Malegaon and Deola talukas",Takli Bk,1965,3,0.34,0.36,0.00,0.00,0.26,0.00,0.24,17.43,18.44,0.00,0.00,13.09,0.00,11.98,02-Sep,03-Sep,04-Sep,05-Sep,06-Sep,07-Sep,08-Sep,02-Sep,03-Sep,04-Sep,05-Sep,06-Sep,07-Sep,08-Sep,3,7,0
Nashik,Nashik,Nashik,Malegaon,Nandgaon,20037448,"78 villages in Nandgaon, Malegaon and Deola talukas",Tandulwadi,915,2,0.12,0.78,1.15,1.32,0.00,0.00,0.43,12.95,85.20,125.71,144.61,0.13,0.00,47.52,02-Sep,03-Sep,04-Sep,05-Sep,06-Sep,07-Sep,08-Sep,02-Sep,03-Sep,04-Sep,05-Sep,06-Sep,07-Sep,08-Sep,1,4,3
Nashik,Nashik,Nashik,Malegaon,Nandgaon,20037448,"78 villages in Nandgaon, Malegaon and Deola talukas",Varhale,1036,1,0.03,0.74,0.00,0.00,0.00,0.51,0.00,3.21,71.31,0.00,0.00,0.00,48.83,0.00,02-Sep,03-Sep,04-Sep,05-Sep,06-Sep,07-Sep,08-Sep,02-Sep,03-Sep,04-Sep,05-Sep,06-Sep,07-Sep,08-Sep,4,6,1
Nashik,Nashik,Nashik,Malegaon,Nandgaon,20037448,"78 villages in Nandgaon, Malegaon and Deola talukas",Varhane,2285,3,0.38,1.09,0.00,0.65,0.00,0.66,0.41,16.63,47.53,0.00,28.63,0.00,28.86,17.92,02-Sep,03-Sep,04-Sep,05-Sep,06-Sep,07-Sep,08-Sep,02-Sep,03-Sep,04-Sep,05-Sep,06-Sep,07-Sep,08-Sep,2,7,0
Nashik,Nashik,Nashik,Malegaon,Nandgaon,20037448,"78 villages in Nandgaon, Malegaon and Deola talukas",Wakhari,2400,2,0.00,0.00,0.43,0.02,0.47,0.06,0.47,0.00,0.00,18.06,0.70,19.57,2.60,19.59,02-Sep,03-Sep,04-Sep,05-Sep,06-Sep,07-Sep,08-Sep,02-Sep,03-Sep,04-Sep,05-Sep,06-Sep,07-Sep,08-Sep,2,7,0
Nashik,Nashik,Nashik,Malegaon,Nandgaon,20037448,"78 villages in Nandgaon, Malegaon and Deola talukas",Yesgaon Bk,3698,2,1.35,1.10,1.04,2.38,0.11,1.27,0.64,36.49,29.64,28.19,64.37,2.99,34.24,17.28,02-Sep,03-Sep,04-Sep,05-Sep,06-Sep,07-Sep,08-Sep,02-Sep,03-Sep,04-Sep,05-Sep,06-Sep,07-Sep,08-Sep,0,6,1
Nashik,Nashik,Nashik,Malegaon,Nandgaon,20037448,"78 villages in Nandgaon, Malegaon and Deola talukas",Yesgaon Kh,2429,2,0.00,0.00,0.00,0.00,0.00,0.00,0.00,0.00,0.00,0.00,0.00,0.00,0.00,0.00,02-Sep,03-Sep,04-Sep,05-Sep,06-Sep,07-Sep,08-Sep,02-Sep,03-Sep,04-Sep,05-Sep,06-Sep,07-Sep,08-Sep,7,7,0
Nashik,Nashik,Nashik,Manmad,Nifad,456654,"Retro. Lasalgaon Vinchur 16 Villages, Tal. Nifad",Bokaddara,2968,1,0.12,0.83,0.22,0.05,0.02,0.05,0.16,3.94,27.85,7.30,1.79,0.82,1.53,5.33,02-Sep,03-Sep,04-Sep,05-Sep,06-Sep,07-Sep,08-Sep,02-Sep,03-Sep,04-Sep,05-Sep,06-Sep,07-Sep,08-Sep,0,7,0
Nashik,Nashik,Nashik,Manmad,Nifad,456654,"Retro. Lasalgaon Vinchur 16 Villages, Tal. Nifad",Brahmangaon,9640,1,0.00,0.00,0.29,0.00,0.00,0.00,0.00,0.00,0.00,3.04,0.00,0.00,0.00,0.00,02-Sep,03-Sep,04-Sep,05-Sep,06-Sep,07-Sep,08-Sep,02-Sep,03-Sep,04-Sep,05-Sep,06-Sep,07-Sep,08-Sep,6,7,0
Nashik,Nashik,Nashik,Manmad,Nifad,456654,"Retro. Lasalgaon Vinchur 16 Villages, Tal. Nifad",Dharangaon Khadak,3648,1,0.12,0.07,0.98,0.02,0.12,0.04,0.10,3.34,1.96,26.86,0.67,3.25,1.01,2.76,02-Sep,03-Sep,04-Sep,05-Sep,06-Sep,07-Sep,08-Sep,02-Sep,03-Sep,04-Sep,05-Sep,06-Sep,07-Sep,08-Sep,0,7,0
Nashik,Nashik,Nashik,Manmad,Nifad,456654,"Retro. Lasalgaon Vinchur 16 Villages, Tal. Nifad",Dharangaon Veer,3494,1,1.26,0.00,1.34,0.00,1.24,0.00,1.02,36.09,0.00,38.24,0.00,35.44,0.00,29.16,02-Sep,03-Sep,04-Sep,05-Sep,06-Sep,07-Sep,08-Sep,02-Sep,03-Sep,04-Sep,05-Sep,06-Sep,07-Sep,08-Sep,3,7,0
Nashik,Nashik,Nashik,Manmad,Nifad,456654,"Retro. Lasalgaon Vinchur 16 Villages, Tal. Nifad",Dongargaon,5460,1,1.54,0.48,0.16,1.38,1.02,1.67,0.80,28.23,8.70,3.02,25.32,18.76,30.57,14.66,02-Sep,03-Sep,04-Sep,05-Sep,06-Sep,07-Sep,08-Sep,02-Sep,03-Sep,04-Sep,05-Sep,06-Sep,07-Sep,08-Sep,0,7,0
Nashik,Nashik,Nashik,Manmad,Nifad,456654,"Retro. Lasalgaon Vinchur 16 Villages, Tal. Nifad",Hanuman Nagar,2684,1,0.71,0.65,0.62,0.57,0.51,0.73,0.06,26.56,24.22,23.22,21.06,19.13,27.23,2.32,02-Sep,03-Sep,04-Sep,05-Sep,06-Sep,07-Sep,08-Sep,02-Sep,03-Sep,04-Sep,05-Sep,06-Sep,07-Sep,08-Sep,0,7,0
Nashik,Nashik,Nashik,Manmad,Nifad,456654,"Retro. Lasalgaon Vinchur 16 Villages, Tal. Nifad",Kotamgaon,4189,2,0.16,1.05,0.13,0.00,0.99,0.00,0.08,3.82,25.04,3.05,0.00,23.71,0.00,1.95,02-Sep,03-Sep,04-Sep,05-Sep,06-Sep,07-Sep,08-Sep,02-Sep,03-Sep,04-Sep,05-Sep,06-Sep,07-Sep,08-Sep,2,7,0
Nashik,Nashik,Nashik,Manmad,Nifad,456654,"Retro. Lasalgaon Vinchur 16 Villages, Tal. Nifad",Lasalgaon,19821,5,21.79,11.38,7.57,24.62,15.72,0.01,12.54,109.91,57.43,38.17,124.24,79.30,0.05,63.29,02-Sep,03-Sep,04-Sep,05-Sep,06-Sep,07-Sep,08-Sep,02-Sep,03-Sep,04-Sep,05-Sep,06-Sep,07-Sep,08-Sep,0,2,5
Nashik,Nashik,Nashik,Manmad,Nifad,456654,"Retro. Lasalgaon Vinchur 16 Villages, Tal. Nifad",Nandgaon,3266,1,0.00,0.00,0.00,0.00,0.00,0.00,0.00,0.00,0.00,0.00,0.00,0.00,0.00,0.00,02-Sep,03-Sep,04-Sep,05-Sep,06-Sep,07-Sep,08-Sep,02-Sep,03-Sep,04-Sep,05-Sep,06-Sep,07-Sep,08-Sep,7,7,0
Nashik,Nashik,Nashik,Manmad,Nifad,456654,"Retro. Lasalgaon Vinchur 16 Villages, Tal. Nifad",Nimgaon Wakada,3798,1,1.07,0.37,1.25,0.45,1.28,0.45,1.24,28.21,9.78,32.82,11.92,33.83,11.74,32.56,02-Sep,03-Sep,04-Sep,05-Sep,06-Sep,07-Sep,08-Sep,02-Sep,03-Sep,04-Sep,05-Sep,06-Sep,07-Sep,08-Sep,0,7,0
Nashik,Nashik,Nashik,Manmad,Nifad,456654,"Retro. Lasalgaon Vinchur 16 Villages, Tal. Nifad",Pimpalgaon Najik,11607,2,3.40,4.09,2.29,4.68,2.26,1.73,2.66,29.33,35.26,19.70,40.33,19.48,14.88,22.95,02-Sep,03-Sep,04-Sep,05-Sep,06-Sep,07-Sep,08-Sep,02-Sep,03-Sep,04-Sep,05-Sep,06-Sep,07-Sep,08-Sep,0,7,0
Nashik,Nashik,Nashik,Manmad,Nifad,456654,"Retro. Lasalgaon Vinchur 16 Villages, Tal. Nifad",Subhash Nagar,1532,1,0.00,0.00,0.05,0.39,0.00,0.00,0.00,0.00,0.02,3.05,25.15,0.00,0.00,0.00,02-Sep,03-Sep,04-Sep,05-Sep,06-Sep,07-Sep,08-Sep,02-Sep,03-Sep,04-Sep,05-Sep,06-Sep,07-Sep,08-Sep,4,7,0
Nashik,Nashik,Nashik,Manmad,Nifad,456654,"Retro. Lasalgaon Vinchur 16 Villages, Tal. Nifad",Takali Vinchur,9423,2,2.01,1.01,0.63,0.32,0.74,0.57,0.00,21.31,10.70,6.74,3.43,7.89,6.01,0.00,02-Sep,03-Sep,04-Sep,05-Sep,06-Sep,07-Sep,08-Sep,02-Sep,03-Sep,04-Sep,05-Sep,06-Sep,07-Sep,08-Sep,1,7,0
Nashik,Nashik,Nashik,Manmad,Nifad,456654,"Retro. Lasalgaon Vinchur 16 Villages, Tal. Nifad",Vinchur,16088,3,3.02,7.99,2.62,2.03,4.98,1.34,0.58,18.80,49.65,16.28,12.63,30.93,8.32,3.61,02-Sep,03-Sep,04-Sep,05-Sep,06-Sep,07-Sep,08-Sep,02-Sep,03-Sep,04-Sep,05-Sep,06-Sep,07-Sep,08-Sep,0,7,0
Nashik,Nashik,Nashik,Manmad,Nifad,456654,"Retro. Lasalgaon Vinchur 16 Villages, Tal. Nifad",Vishnu Nagar,1254,1,0.85,0.71,0.92,0.69,0.80,0.34,0.45,67.89,57.01,73.66,54.92,64.03,27.11,35.80,02-Sep,03-Sep,04-Sep,05-Sep,06-Sep,07-Sep,08-Sep,02-Sep,03-Sep,04-Sep,05-Sep,06-Sep,07-Sep,08-Sep,0,3,4
Nashik,Nashik,Nashik,Manmad,Nifad,456654,"Retro. Lasalgaon Vinchur 16 Villages, Tal. Nifad",Vitthalwadi,1029,1,0.89,0.72,0.64,1.12,1.03,0.01,0.61,86.85,70.00,62.48,108.38,99.87,0.77,59.14,02-Sep,03-Sep,04-Sep,05-Sep,06-Sep,07-Sep,08-Sep,02-Sep,03-Sep,04-Sep,05-Sep,06-Sep,07-Sep,08-Sep,0,1,6
Nashik,Nashik,Nashik,Manmad,Yeola,20030798,Retrofitting To Yeola 38 Villages,Adgaon chautha,2244,1,0.00,0.00,0.00,0.00,0.00,0.00,0.00,0.00,0.00,0.00,0.00,0.00,0.00,0.00,02-Sep,03-Sep,04-Sep,05-Sep,06-Sep,07-Sep,08-Sep,02-Sep,03-Sep,04-Sep,05-Sep,06-Sep,07-Sep,08-Sep,7,7,0
Nashik,Nashik,Nashik,Manmad,Yeola,20030798,Retrofitting To Yeola 38 Villages,Andarsul,15233,2,4.22,5.37,0.00,10.59,3.63,0.00,6.28,27.71,35.25,0.00,69.52,23.83,0.00,41.23,02-Sep,03-Sep,04-Sep,05-Sep,06-Sep,07-Sep,08-Sep,02-Sep,03-Sep,04-Sep,05-Sep,06-Sep,07-Sep,08-Sep,2,6,1
Nashik,Nashik,Nashik,Manmad,Yeola,20030798,Retrofitting To Yeola 38 Villages,Ankute,2366,1,0.00,0.09,0.22,0.24,1.99,0.03,0.00,0.00,3.75,9.45,10.08,84.17,1.18,0.00,02-Sep,03-Sep,04-Sep,05-Sep,06-Sep,07-Sep,08-Sep,02-Sep,03-Sep,04-Sep,05-Sep,06-Sep,07-Sep,08-Sep,2,6,1
Nashik,Nashik,Nashik,Manmad,Yeola,20030798,Retrofitting To Yeola 38 Villages,Babulgaon Bk.,1774,1,2.85,3.98,4.51,0.00,0.00,0.09,0.08,160.46,224.49,254.45,0.00,0.00,5.29,4.44,02-Sep,03-Sep,04-Sep,05-Sep,06-Sep,07-Sep,08-Sep,02-Sep,03-Sep,04-Sep,05-Sep,06-Sep,07-Sep,08-Sep,2,4,3
Nashik,Nashik,Nashik,Manmad,Yeola,20030798,Retrofitting To Yeola 38 Villages,Bharam,1595,1,0.00,0.00,0.00,0.00,0.00,0.00,0.00,0.00,0.00,0.00,0.00,0.00,0.00,0.00,02-Sep,03-Sep,04-Sep,05-Sep,06-Sep,07-Sep,08-Sep,02-Sep,03-Sep,04-Sep,05-Sep,06-Sep,07-Sep,08-Sep,7,7,0
Nashik,Nashik,Nashik,Manmad,Yeola,20030798,Retrofitting To Yeola 38 Villages,Dhamode,657,1,0.00,0.00,0.00,0.00,0.00,0.00,0.00,0.00,0.00,0.00,0.00,0.00,0.00,0.00,02-Sep,03-Sep,04-Sep,05-Sep,06-Sep,07-Sep,08-Sep,02-Sep,03-Sep,04-Sep,05-Sep,06-Sep,07-Sep,08-Sep,7,7,0
Nashik,Nashik,Nashik,Manmad,Yeola,20030798,Retrofitting To Yeola 38 Villages,Dhanora,1283,2,5.37,7.41,2.77,0.00,1.67,3.91,8.68,418.21,577.33,215.57,0.00,130.37,304.61,676.65,02-Sep,03-Sep,04-Sep,05-Sep,06-Sep,07-Sep,08-Sep,02-Sep,03-Sep,04-Sep,05-Sep,06-Sep,07-Sep,08-Sep,1,1,6
Nashik,Nashik,Nashik,Manmad,Yeola,20030798,Retrofitting To Yeola 38 Villages,Gawandgaon,3144,1,0.00,0.01,0.02,0.00,0.02,0.00,0.00,0.00,0.18,0.52,0.00,0.60,0.00,0.00,02-Sep,03-Sep,04-Sep,05-Sep,06-Sep,07-Sep,08-Sep,02-Sep,03-Sep,04-Sep,05-Sep,06-Sep,07-Sep,08-Sep,4,7,0
Nashik,Nashik,Nashik,Manmad,Yeola,20030798,Retrofitting To Yeola 38 Villages,Katarni,3110,1,0.00,0.00,0.00,0.00,0.00,0.00,0.00,0.00,0.00,0.00,0.00,0.00,0.00,0.00,02-Sep,03-Sep,04-Sep,05-Sep,06-Sep,07-Sep,08-Sep,02-Sep,03-Sep,04-Sep,05-Sep,06-Sep,07-Sep,08-Sep,7,7,0
Nashik,Nashik,Nashik,Manmad,Yeola,20030798,Retrofitting To Yeola 38 Villages,Kusur,2292,1,0.00,0.00,0.00,0.00,0.00,0.00,0.00,0.00,0.00,0.00,0.00,0.00,0.00,0.00,02-Sep,03-Sep,04-Sep,05-Sep,06-Sep,07-Sep,08-Sep,02-Sep,03-Sep,04-Sep,05-Sep,06-Sep,07-Sep,08-Sep,7,7,0
Nashik,Nashik,Nashik,Manmad,Yeola,20030798,Retrofitting To Yeola 38 Villages,N. Kheda BK.,1152,1,0.00,0.00,0.00,0.00,0.00,0.00,0.00,0.00,0.00,0.00,0.00,0.00,0.00,0.00,02-Sep,03-Sep,04-Sep,05-Sep,06-Sep,07-Sep,08-Sep,02-Sep,03-Sep,04-Sep,05-Sep,06-Sep,07-Sep,08-Sep,7,7,0
Nashik,Nashik,Nashik,Manmad,Yeola,20030798,Retrofitting To Yeola 38 Villages,N. Kheda KD,541,1,0.00,0.00,0.49,0.00,0.03,0.22,0.30,0.00,0.00,91.15,0.16,5.00,40.67,54.81,02-Sep,03-Sep,04-Sep,05-Sep,06-Sep,07-Sep,08-Sep,02-Sep,03-Sep,04-Sep,05-Sep,06-Sep,07-Sep,08-Sep,2,6,1
Nashik,Nashik,Nashik,Manmad,Yeola,20030798,Retrofitting To Yeola 38 Villages,Nagarsul,10277,1,0.00,0.00,0.00,0.00,0.00,0.00,0.00,0.00,0.00,0.00,0.00,0.00,0.00,0.00,02-Sep,03-Sep,04-Sep,05-Sep,06-Sep,07-Sep,08-Sep,02-Sep,03-Sep,04-Sep,05-Sep,06-Sep,07-Sep,08-Sep,7,7,0
Nashik,Nashik,Nashik,Manmad,Yeola,20030798,Retrofitting To Yeola 38 Villages,Nandesar,1025,1,0.00,0.00,0.00,0.00,0.00,0.00,0.00,0.00,0.00,0.00,0.00,0.00,0.00,0.00,02-Sep,03-Sep,04-Sep,05-Sep,06-Sep,07-Sep,08-Sep,02-Sep,03-Sep,04-Sep,05-Sep,06-Sep,07-Sep,08-Sep,7,7,0
Nashik,Nashik,Nashik,Manmad,Yeola,20030798,Retrofitting To Yeola 38 Villages,Nimgaon Madh,3048,1,0.00,1.43,0.00,0.00,0.00,0.00,0.00,0.00,47.00,0.00,0.00,0.00,0.00,0.00,02-Sep,03-Sep,04-Sep,05-Sep,06-Sep,07-Sep,08-Sep,02-Sep,03-Sep,04-Sep,05-Sep,06-Sep,07-Sep,08-Sep,6,7,0
Nashik,Nashik,Nashik,Manmad,Yeola,20030798,Retrofitting To Yeola 38 Villages,Pimpalgaon jalal,1412,1,0.00,0.00,0.00,0.04,0.00,0.00,0.00,0.00,0.00,0.00,2.71,0.00,0.00,0.00,02-Sep,03-Sep,04-Sep,05-Sep,06-Sep,07-Sep,08-Sep,02-Sep,03-Sep,04-Sep,05-Sep,06-Sep,07-Sep,08-Sep,6,7,0
Nashik,Nashik,Nashik,Manmad,Yeola,20030798,Retrofitting To Yeola 38 Villages,Pimpalkute BK.,811,1,0.00,0.52,0.58,0.01,0.00,0.28,0.34,0.00,63.73,71.77,0.80,0.00,34.87,42.19,02-Sep,03-Sep,04-Sep,05-Sep,06-Sep,07-Sep,08-Sep,02-Sep,03-Sep,04-Sep,05-Sep,06-Sep,07-Sep,08-Sep,2,5,2
Nashik,Nashik,Nashik,Manmad,Yeola,20030798,Retrofitting To Yeola 38 Villages,Pimpalkute Kh.,657,1,0.00,0.00,0.00,0.00,0.00,0.00,0.00,0.00,0.00,0.00,0.00,0.00,0.00,0.00,02-Sep,03-Sep,04-Sep,05-Sep,06-Sep,07-Sep,08-Sep,02-Sep,03-Sep,04-Sep,05-Sep,06-Sep,07-Sep,08-Sep,7,7,0
Nashik,Nashik,Nashik,Manmad,Yeola,20030798,Retrofitting To Yeola 38 Villages,Savargaon,3130,1,0.00,0.00,0.00,0.00,0.00,0.00,0.00,0.00,0.00,0.00,0.00,0.00,0.00,0.00,02-Sep,03-Sep,04-Sep,05-Sep,06-Sep,07-Sep,08-Sep,02-Sep,03-Sep,04-Sep,05-Sep,06-Sep,07-Sep,08-Sep,7,7,0
Nashik,Nashik,Nashik,Manmad,Yeola,20030798,Retrofitting To Yeola 38 Villages,Saygaon,3117,1,0.30,1.45,0.00,2.00,2.41,2.46,1.52,9.63,46.43,0.00,64.12,77.26,78.94,48.79,02-Sep,03-Sep,04-Sep,05-Sep,06-Sep,07-Sep,08-Sep,02-Sep,03-Sep,04-Sep,05-Sep,06-Sep,07-Sep,08-Sep,1,4,3
Nashik,Nashik,Nashik,Manmad,Yeola,20030798,Retrofitting To Yeola 38 Villages,Somthan Desh,2869,1,0.00,0.00,0.00,0.00,0.00,0.00,0.00,0.00,0.00,0.00,0.00,0.00,0.00,0.00,02-Sep,03-Sep,04-Sep,05-Sep,06-Sep,07-Sep,08-Sep,02-Sep,03-Sep,04-Sep,05-Sep,06-Sep,07-Sep,08-Sep,7,7,0
Nashik,Nashik,Nashik,Manmad,Yeola,20030798,Retrofitting To Yeola 38 Villages,Suregaon Rasta,2428,1,0.00,0.00,0.00,0.00,0.00,0.00,0.00,0.00,0.00,0.00,0.00,0.00,0.00,0.00,02-Sep,03-Sep,04-Sep,05-Sep,06-Sep,07-Sep,08-Sep,02-Sep,03-Sep,04-Sep,05-Sep,06-Sep,07-Sep,08-Sep,7,7,0
Nashik,Nashik,Nashik,Manmad,Yeola,20030798,Retrofitting To Yeola 38 Villages,Undirwadi,3087,1,0.00,0.00,0.00,0.00,0.00,0.00,0.00,0.00,0.00,0.00,0.00,0.00,0.00,0.00,02-Sep,03-Sep,04-Sep,05-Sep,06-Sep,07-Sep,08-Sep,02-Sep,03-Sep,04-Sep,05-Sep,06-Sep,07-Sep,08-Sep,7,7,0
Nashik,Nashik,Nashik,Manmad,Yeola,20030798,Retrofitting To Yeola 38 Villages,Vikharni,2325,1,0.72,0.48,0.00,0.00,0.96,0.72,0.00,31.11,20.82,0.00,0.00,41.18,31.12,0.00,02-Sep,03-Sep,04-Sep,05-Sep,06-Sep,07-Sep,08-Sep,02-Sep,03-Sep,04-Sep,05-Sep,06-Sep,07-Sep,08-Sep,3,7,0
Nashik,Nashik,Nashik,Manmad,Yeola,20030798,Retrofitting To Yeola 38 Villages,Visapur,1938,1,0.00,0.00,0.00,0.00,0.13,0.52,0.19,0.00,0.03,0.00,0.00,6.53,26.88,9.60,02-Sep,03-Sep,04-Sep,05-Sep,06-Sep,07-Sep,08-Sep,02-Sep,03-Sep,04-Sep,05-Sep,06-Sep,07-Sep,08-Sep,3,7,0
Nashik,Nashik,Nashik,Nashik,Peth,20083505,Surgane & 2 Vill RRWSS Tal.Peth,Ghubadsaka,0,1,0.00,0.00,0.00,0.00,0.00,0.00,0.00,0.00,0.00,0.00,0.00,0.00,0.00,0.00,02-Sep,03-Sep,04-Sep,05-Sep,06-Sep,07-Sep,08-Sep,02-Sep,03-Sep,04-Sep,05-Sep,06-Sep,07-Sep,08-Sep,7,7,0
Nashik,Nashik,Nashik,Nashik,Peth,20083505,Surgane & 2 Vill RRWSS Tal.Peth,Harangaon,1570,1,0.00,0.00,0.00,0.00,0.00,0.00,0.00,0.00,0.00,0.00,0.00,0.00,0.00,0.00,02-Sep,03-Sep,04-Sep,05-Sep,06-Sep,07-Sep,08-Sep,02-Sep,03-Sep,04-Sep,05-Sep,06-Sep,07-Sep,08-Sep,7,7,0
Nashik,Nashik,Nashik,Nashik,Peth,20083505,Surgane & 2 Vill RRWSS Tal.Peth,Surgane,1114,6,0.00,0.00,0.00,0.00,0.00,0.00,0.00,0.00,0.00,0.00,0.00,0.00,0.00,0.00,02-Sep,03-Sep,04-Sep,05-Sep,06-Sep,07-Sep,08-Sep,02-Sep,03-Sep,04-Sep,05-Sep,06-Sep,07-Sep,08-Sep,7,7,0
Nashik,Nashik,Nashik,Nashik,Trambakeshwar,20017222,Waghera & 14 RRWSS Tal Trambakeshwar,Bramhanwade,1232,1,0.00,0.00,0.00,0.00,0.00,0.00,0.00,0.00,0.00,0.00,0.00,0.00,0.00,0.00,02-Sep,03-Sep,04-Sep,05-Sep,06-Sep,07-Sep,08-Sep,02-Sep,03-Sep,04-Sep,05-Sep,06-Sep,07-Sep,08-Sep,7,7,0
Nashik,Nashik,Nashik,Nashik,Trambakeshwar,20017222,Waghera & 14 RRWSS Tal Trambakeshwar,Ganeshgaon,463,2,0.00,0.00,0.00,0.00,0.00,0.00,0.00,0.00,0.00,0.00,0.00,0.00,0.00,0.00,02-Sep,03-Sep,04-Sep,05-Sep,06-Sep,07-Sep,08-Sep,02-Sep,03-Sep,04-Sep,05-Sep,06-Sep,07-Sep,08-Sep,7,7,0
Nashik,Nashik,Nashik,Nashik,Trambakeshwar,20017222,Waghera & 14 RRWSS Tal Trambakeshwar,Gorthan,621,1,0.00,0.00,0.00,0.00,0.00,0.00,0.00,0.00,0.01,0.00,0.00,0.01,0.00,0.01,02-Sep,03-Sep,04-Sep,05-Sep,06-Sep,07-Sep,08-Sep,02-Sep,03-Sep,04-Sep,05-Sep,06-Sep,07-Sep,08-Sep,4,7,0
Nashik,Nashik,Nashik,Nashik,Trambakeshwar,20017222,Waghera & 14 RRWSS Tal Trambakeshwar,Kone,1655,2,0.00,0.00,0.00,0.00,0.00,0.00,0.00,0.00,0.00,0.00,0.00,0.00,0.00,0.00,02-Sep,03-Sep,04-Sep,05-Sep,06-Sep,07-Sep,08-Sep,02-Sep,03-Sep,04-Sep,05-Sep,06-Sep,07-Sep,08-Sep,7,7,0
Nashik,Nashik,Nashik,Nashik,Trambakeshwar,20017222,Waghera & 14 RRWSS Tal Trambakeshwar,Waghera,3746,2,0.02,0.59,0.04,0.00,0.01,0.04,0.00,0.42,15.80,1.04,0.00,0.30,1.00,0.00,02-Sep,03-Sep,04-Sep,05-Sep,06-Sep,07-Sep,08-Sep,02-Sep,03-Sep,04-Sep,05-Sep,06-Sep,07-Sep,08-Sep,2,7,0
Nashik,Nashik,Nashik,Nashik,Trambakeshwar,20017222,Waghera & 14 RRWSS Tal Trambakeshwar,Welunj,3013,2,0.00,0.27,0.00,0.05,0.00,0.00,0.00,0.00,8.89,0.00,1.57,0.00,0.00,0.00,02-Sep,03-Sep,04-Sep,05-Sep,06-Sep,07-Sep,08-Sep,02-Sep,03-Sep,04-Sep,05-Sep,06-Sep,07-Sep,08-Sep,5,7,0
Nashik,Nashik,Nashik,Sinnar,Sinnar,20019176,Retro. Bargaonpimpri & 6 VRWSS  Tal Sinnar,Gulwanch,6190,3,0.68,0.62,0.03,0.19,0.00,0.00,0.44,10.97,10.08,0.51,3.09,0.00,0.00,7.12,02-Sep,03-Sep,04-Sep,05-Sep,06-Sep,07-Sep,08-Sep,02-Sep,03-Sep,04-Sep,05-Sep,06-Sep,07-Sep,08-Sep,2,7,0
Nashik,Nashik,Nashik,Sinnar,Sinnar,20019176,Retro. Bargaonpimpri & 6 VRWSS  Tal Sinnar,Hiwargaon,2497,3,0.09,0.00,0.00,0.06,0.04,0.00,0.00,3.53,0.00,0.00,2.58,1.55,0.00,0.00,02-Sep,03-Sep,04-Sep,05-Sep,06-Sep,07-Sep,08-Sep,02-Sep,03-Sep,04-Sep,05-Sep,06-Sep,07-Sep,08-Sep,4,7,0
Nashik,Nashik,Nashik,Sinnar,Sinnar,20019176,Retro. Bargaonpimpri & 6 VRWSS  Tal Sinnar,K.P Nagar,1078,1,0.00,0.00,0.00,0.00,0.00,0.00,0.00,0.00,0.00,0.00,0.00,0.00,0.00,0.00,02-Sep,03-Sep,04-Sep,05-Sep,06-Sep,07-Sep,08-Sep,02-Sep,03-Sep,04-Sep,05-Sep,06-Sep,07-Sep,08-Sep,7,7,0
Nashik,Nashik,Nashik,Sinnar,Sinnar,20019176,Retro. Bargaonpimpri & 6 VRWSS  Tal Sinnar,Nimgaon Sinnar,4811,3,0.71,0.00,0.24,0.00,0.02,0.00,0.69,14.72,0.00,4.93,0.00,0.49,0.00,14.24,02-Sep,03-Sep,04-Sep,05-Sep,06-Sep,07-Sep,08-Sep,02-Sep,03-Sep,04-Sep,05-Sep,06-Sep,07-Sep,08-Sep,3,7,0
Nashik,Nashik,Nashik,Sinnar,Sinnar,20019176,Retro. Bargaonpimpri & 6 VRWSS  Tal Sinnar,Pat Pimpri,4002,2,0.00,0.00,0.00,0.00,0.32,0.00,0.11,0.00,0.00,0.00,0.00,7.87,0.00,2.81,02-Sep,03-Sep,04-Sep,05-Sep,06-Sep,07-Sep,08-Sep,02-Sep,03-Sep,04-Sep,05-Sep,06-Sep,07-Sep,08-Sep,5,7,0
Nashik,Nashik,Nashik,Sinnar,Sinnar,20019176,Retro. Bargaonpimpri & 6 VRWSS  Tal Sinnar,Sunderpur,2212,2,0.00,0.00,0.00,0.00,0.00,0.00,0.00,0.00,0.00,0.00,0.00,0.00,0.00,0.00,02-Sep,03-Sep,04-Sep,05-Sep,06-Sep,07-Sep,08-Sep,02-Sep,03-Sep,04-Sep,05-Sep,06-Sep,07-Sep,08-Sep,7,7,0
Nashik,Nashik,Nashik,Sinnar,Sinnar,20019286,"Nirhale-Fatehpur and 5 villages, Tal. Sinnar",Kankori,2427,2,0.00,0.00,0.00,0.00,0.00,0.00,0.00,0.00,0.00,0.00,0.00,0.00,0.00,0.00,02-Sep,03-Sep,04-Sep,05-Sep,06-Sep,07-Sep,08-Sep,02-Sep,03-Sep,04-Sep,05-Sep,06-Sep,07-Sep,08-Sep,7,7,0
Nashik,Nashik,Nashik,Sinnar,Sinnar,20019286,"Nirhale-Fatehpur and 5 villages, Tal. Sinnar",Manori,4139,2,0.00,0.00,0.00,0.00,0.00,0.00,0.00,0.00,0.00,0.00,0.00,0.00,0.00,0.00,02-Sep,03-Sep,04-Sep,05-Sep,06-Sep,07-Sep,08-Sep,02-Sep,03-Sep,04-Sep,05-Sep,06-Sep,07-Sep,08-Sep,7,7,0
Nashik,Nashik,Nashik,Sinnar,Sinnar,20019286,"Nirhale-Fatehpur and 5 villages, Tal. Sinnar",Marhal (Bk.),2934,1,0.95,0.00,0.00,7.03,0.00,0.00,0.00,32.48,0.00,0.00,239.67,0.00,0.00,0.00,02-Sep,03-Sep,04-Sep,05-Sep,06-Sep,07-Sep,08-Sep,02-Sep,03-Sep,04-Sep,05-Sep,06-Sep,07-Sep,08-Sep,5,6,1
Nashik,Nashik,Nashik,Sinnar,Sinnar,20019286,"Nirhale-Fatehpur and 5 villages, Tal. Sinnar",Nandur Shingote,6496,5,0.00,0.00,0.00,0.00,0.00,0.00,0.00,0.00,0.00,0.00,0.00,0.00,0.00,0.00,02-Sep,03-Sep,04-Sep,05-Sep,06-Sep,07-Sep,08-Sep,02-Sep,03-Sep,04-Sep,05-Sep,06-Sep,07-Sep,08-Sep,7,7,0
Nashik,Nashik,W M Nashik,Malegaon,Chandwad,20086730,Retro.Chandwad and WSS 44 villages. Ta. Chandwad,Adgaon,,2,0.73,0.00,0.00,0.64,0.71,0.00,0.00,0.00,0.00,0.00,0.00,0.00,0.00,0.00,02-Sep,03-Sep,04-Sep,05-Sep,06-Sep,07-Sep,08-Sep,02-Sep,03-Sep,04-Sep,05-Sep,06-Sep,07-Sep,08-Sep,7,7,0
Nashik,Nashik,W M Nashik,Malegaon,Chandwad,20086730,Retro.Chandwad and WSS 44 villages. Ta. Chandwad,Ahirkhede,1089,1,0.00,0.00,0.00,0.00,0.00,0.00,0.00,0.00,0.00,0.00,0.00,0.00,0.00,0.00,02-Sep,03-Sep,04-Sep,05-Sep,06-Sep,07-Sep,08-Sep,02-Sep,03-Sep,04-Sep,05-Sep,06-Sep,07-Sep,08-Sep,7,7,0
Nashik,Nashik,W M Nashik,Malegaon,Chandwad,20086730,Retro.Chandwad and WSS 44 villages. Ta. Chandwad,Asarkhede,1473,1,0.00,0.00,0.00,0.00,0.00,0.00,0.00,0.00,0.00,0.00,0.00,0.00,0.00,0.00,02-Sep,03-Sep,04-Sep,05-Sep,06-Sep,07-Sep,08-Sep,02-Sep,03-Sep,04-Sep,05-Sep,06-Sep,07-Sep,08-Sep,7,7,0
Nashik,Nashik,W M Nashik,Malegaon,Chandwad,20086730,Retro.Chandwad and WSS 44 villages. Ta. Chandwad,Bharvir,1288,2,0.00,0.00,0.00,0.00,0.00,0.00,0.00,0.00,0.00,0.00,0.00,0.00,0.00,0.00,02-Sep,03-Sep,04-Sep,05-Sep,06-Sep,07-Sep,08-Sep,02-Sep,03-Sep,04-Sep,05-Sep,06-Sep,07-Sep,08-Sep,7,7,0
Nashik,Nashik,W M Nashik,Malegaon,Chandwad,20086730,Retro.Chandwad and WSS 44 villages. Ta. Chandwad,Bhutyane,1557,1,0.00,0.45,0.00,0.00,0.41,0.00,0.00,0.00,28.78,0.00,0.00,26.22,0.00,0.00,02-Sep,03-Sep,04-Sep,05-Sep,06-Sep,07-Sep,08-Sep,02-Sep,03-Sep,04-Sep,05-Sep,06-Sep,07-Sep,08-Sep,5,7,0
Nashik,Nashik,W M Nashik,Malegaon,Chandwad,20086730,Retro.Chandwad and WSS 44 villages. Ta. Chandwad,Chinchole,914,1,0.00,0.49,0.00,0.00,0.16,0.00,0.00,0.00,53.80,0.00,0.00,17.27,0.00,0.00,02-Sep,03-Sep,04-Sep,05-Sep,06-Sep,07-Sep,08-Sep,02-Sep,03-Sep,04-Sep,05-Sep,06-Sep,07-Sep,08-Sep,5,7,0
Nashik,Nashik,W M Nashik,Malegaon,Chandwad,20086730,Retro.Chandwad and WSS 44 villages. Ta. Chandwad,Dahiwad,639,1,0.00,0.00,0.77,0.00,0.00,0.00,0.69,0.00,0.00,119.95,0.00,0.00,0.00,108.55,02-Sep,03-Sep,04-Sep,05-Sep,06-Sep,07-Sep,08-Sep,02-Sep,03-Sep,04-Sep,05-Sep,06-Sep,07-Sep,08-Sep,5,5,2
Nashik,Nashik,W M Nashik,Malegaon,Chandwad,20086730,Retro.Chandwad and WSS 44 villages. Ta. Chandwad,Denewadi,0,1,0.00,0.00,0.00,0.00,0.00,0.00,0.00,0.00,0.00,0.00,0.00,0.00,0.00,0.00,02-Sep,03-Sep,04-Sep,05-Sep,06-Sep,07-Sep,08-Sep,02-Sep,03-Sep,04-Sep,05-Sep,06-Sep,07-Sep,08-Sep,7,7,0
Nashik,Nashik,W M Nashik,Malegaon,Chandwad,20086730,Retro.Chandwad and WSS 44 villages. Ta. Chandwad,Dhodambe,4197,1,1.78,0.26,0.48,1.22,1.35,1.02,0.37,42.48,6.11,11.33,29.12,32.12,24.20,8.74,02-Sep,03-Sep,04-Sep,05-Sep,06-Sep,07-Sep,08-Sep,02-Sep,03-Sep,04-Sep,05-Sep,06-Sep,07-Sep,08-Sep,0,7,0
Nashik,Nashik,W M Nashik,Malegaon,Chandwad,20086730,Retro.Chandwad and WSS 44 villages. Ta. Chandwad,Dighwad,2462,1,0.00,0.00,0.00,0.00,0.00,0.00,0.00,0.00,0.00,0.00,0.00,0.00,0.00,0.00,02-Sep,03-Sep,04-Sep,05-Sep,06-Sep,07-Sep,08-Sep,02-Sep,03-Sep,04-Sep,05-Sep,06-Sep,07-Sep,08-Sep,7,7,0
Nashik,Nashik,W M Nashik,Malegaon,Chandwad,20086730,Retro.Chandwad and WSS 44 villages. Ta. Chandwad,Dongargaon,1649,1,0.00,0.00,0.00,0.00,0.71,0.00,0.00,0.00,0.00,0.00,0.00,43.27,0.00,0.00,02-Sep,03-Sep,04-Sep,05-Sep,06-Sep,07-Sep,08-Sep,02-Sep,03-Sep,04-Sep,05-Sep,06-Sep,07-Sep,08-Sep,6,7,0
Nashik,Nashik,W M Nashik,Malegaon,Chandwad,20086730,Retro.Chandwad and WSS 44 villages. Ta. Chandwad,Dugaon,4741,1,1.81,0.00,0.00,0.00,0.00,0.00,1.52,38.25,0.01,0.00,0.00,0.00,0.00,31.99,02-Sep,03-Sep,04-Sep,05-Sep,06-Sep,07-Sep,08-Sep,02-Sep,03-Sep,04-Sep,05-Sep,06-Sep,07-Sep,08-Sep,4,7,0
Nashik,Nashik,W M Nashik,Malegaon,Chandwad,20086730,Retro.Chandwad and WSS 44 villages. Ta. Chandwad,Ekrukhe,693,1,0.03,0.21,0.00,0.00,0.01,0.22,0.00,3.79,30.94,0.00,0.00,1.15,31.14,0.00,02-Sep,03-Sep,04-Sep,05-Sep,06-Sep,07-Sep,08-Sep,02-Sep,03-Sep,04-Sep,05-Sep,06-Sep,07-Sep,08-Sep,3,7,0
Nashik,Nashik,W M Nashik,Malegaon,Chandwad,20086730,Retro.Chandwad and WSS 44 villages. Ta. Chandwad,Gangave,1658,1,0.00,0.00,0.00,0.01,0.62,0.00,0.00,0.00,0.00,0.00,0.88,37.15,0.00,0.00,02-Sep,03-Sep,04-Sep,05-Sep,06-Sep,07-Sep,08-Sep,02-Sep,03-Sep,04-Sep,05-Sep,06-Sep,07-Sep,08-Sep,5,7,0
Nashik,Nashik,W M Nashik,Malegaon,Chandwad,20086730,Retro.Chandwad and WSS 44 villages. Ta. Chandwad,Ganur,2555,1,0.00,0.00,0.94,0.00,0.00,0.00,0.00,0.00,0.00,36.69,0.00,0.00,0.00,0.00,02-Sep,03-Sep,04-Sep,05-Sep,06-Sep,07-Sep,08-Sep,02-Sep,03-Sep,04-Sep,05-Sep,06-Sep,07-Sep,08-Sep,6,7,0
Nashik,Nashik,W M Nashik,Malegaon,Chandwad,20086730,Retro.Chandwad and WSS 44 villages. Ta. Chandwad,Harnul,1053,1,0.00,0.00,0.00,0.00,0.00,0.00,0.00,0.00,0.00,0.00,0.00,0.00,0.00,0.00,02-Sep,03-Sep,04-Sep,05-Sep,06-Sep,07-Sep,08-Sep,02-Sep,03-Sep,04-Sep,05-Sep,06-Sep,07-Sep,08-Sep,7,7,0
Nashik,Nashik,W M Nashik,Malegaon,Chandwad,20086730,Retro.Chandwad and WSS 44 villages. Ta. Chandwad,Harsul,,1,0.00,0.00,0.00,0.00,0.00,0.00,0.00,0.00,0.00,0.00,0.00,0.00,0.00,0.00,02-Sep,03-Sep,04-Sep,05-Sep,06-Sep,07-Sep,08-Sep,02-Sep,03-Sep,04-Sep,05-Sep,06-Sep,07-Sep,08-Sep,7,7,0
Nashik,Nashik,W M Nashik,Malegaon,Chandwad,20086730,Retro.Chandwad and WSS 44 villages. Ta. Chandwad,Hatti,1161,1,0.14,0.21,0.16,0.34,0.00,0.00,0.00,12.24,17.76,13.45,29.67,0.00,0.00,0.00,02-Sep,03-Sep,04-Sep,05-Sep,06-Sep,07-Sep,08-Sep,02-Sep,03-Sep,04-Sep,05-Sep,06-Sep,07-Sep,08-Sep,3,7,0
Nashik,Nashik,W M Nashik,Malegaon,Chandwad,20086730,Retro.Chandwad and WSS 44 villages. Ta. Chandwad,Jaitapur,580,1,0.00,0.00,0.00,0.00,0.06,0.00,0.00,0.00,0.02,0.00,0.00,9.68,0.00,0.00,02-Sep,03-Sep,04-Sep,05-Sep,06-Sep,07-Sep,08-Sep,02-Sep,03-Sep,04-Sep,05-Sep,06-Sep,07-Sep,08-Sep,5,7,0
Nashik,Nashik,W M Nashik,Malegaon,Chandwad,20086730,Retro.Chandwad and WSS 44 villages. Ta. Chandwad,Kalkhode,1543,2,0.00,0.00,0.00,0.00,0.00,0.00,0.00,0.00,0.00,0.00,0.00,0.00,0.00,0.00,02-Sep,03-Sep,04-Sep,05-Sep,06-Sep,07-Sep,08-Sep,02-Sep,03-Sep,04-Sep,05-Sep,06-Sep,07-Sep,08-Sep,7,7,0
Nashik,Nashik,W M Nashik,Malegaon,Chandwad,20086730,Retro.Chandwad and WSS 44 villages. Ta. Chandwad,Kanmandale,3261,2,0.00,0.00,0.80,0.00,1.36,0.06,0.86,0.00,0.00,24.38,0.00,41.72,1.89,26.28,02-Sep,03-Sep,04-Sep,05-Sep,06-Sep,07-Sep,08-Sep,02-Sep,03-Sep,04-Sep,05-Sep,06-Sep,07-Sep,08-Sep,3,7,0
Nashik,Nashik,W M Nashik,Malegaon,Chandwad,20086730,Retro.Chandwad and WSS 44 villages. Ta. Chandwad,Kheldari,2246,2,0.00,0.00,0.00,0.00,0.00,0.00,0.00,0.00,0.00,0.00,0.00,0.00,0.00,0.00,02-Sep,03-Sep,04-Sep,05-Sep,06-Sep,07-Sep,08-Sep,02-Sep,03-Sep,04-Sep,05-Sep,06-Sep,07-Sep,08-Sep,7,7,0
Nashik,Nashik,W M Nashik,Malegaon,Chandwad,20086730,Retro.Chandwad and WSS 44 villages. Ta. Chandwad,Kokankhede,1991,2,0.00,0.00,0.00,0.00,0.00,0.00,0.00,0.00,0.00,0.00,0.00,0.00,0.00,0.00,02-Sep,03-Sep,04-Sep,05-Sep,06-Sep,07-Sep,08-Sep,02-Sep,03-Sep,04-Sep,05-Sep,06-Sep,07-Sep,08-Sep,7,7,0
Nashik,Nashik,W M Nashik,Malegaon,Chandwad,20086730,Retro.Chandwad and WSS 44 villages. Ta. Chandwad,Koltek,796,1,0.00,0.60,0.00,0.00,0.00,0.00,0.55,0.00,75.65,0.00,0.00,0.00,0.00,68.77,02-Sep,03-Sep,04-Sep,05-Sep,06-Sep,07-Sep,08-Sep,02-Sep,03-Sep,04-Sep,05-Sep,06-Sep,07-Sep,08-Sep,5,5,2
Nashik,Nashik,W M Nashik,Malegaon,Chandwad,20086730,Retro.Chandwad and WSS 44 villages. Ta. Chandwad,Mangrul,2328,2,0.00,0.00,0.00,0.00,0.00,0.00,0.00,0.00,0.00,0.00,0.00,0.00,0.00,0.00,02-Sep,03-Sep,04-Sep,05-Sep,06-Sep,07-Sep,08-Sep,02-Sep,03-Sep,04-Sep,05-Sep,06-Sep,07-Sep,08-Sep,7,7,0
Nashik,Nashik,W M Nashik,Malegaon,Chandwad,20086730,Retro.Chandwad and WSS 44 villages. Ta. Chandwad,Nhanave,1019,1,0.00,0.09,0.00,0.00,0.00,0.00,1.03,0.00,8.69,0.00,0.00,0.00,0.00,101.50,02-Sep,03-Sep,04-Sep,05-Sep,06-Sep,07-Sep,08-Sep,02-Sep,03-Sep,04-Sep,05-Sep,06-Sep,07-Sep,08-Sep,5,6,1
Nashik,Nashik,W M Nashik,Malegaon,Chandwad,20086730,Retro.Chandwad and WSS 44 villages. Ta. Chandwad,Nimbale,2139,1,0.00,0.00,3.14,0.00,0.00,0.00,0.87,0.00,0.00,146.74,0.00,0.00,0.00,40.45,02-Sep,03-Sep,04-Sep,05-Sep,06-Sep,07-Sep,08-Sep,02-Sep,03-Sep,04-Sep,05-Sep,06-Sep,07-Sep,08-Sep,5,6,1
Nashik,Nashik,W M Nashik,Malegaon,Chandwad,20086730,Retro.Chandwad and WSS 44 villages. Ta. Chandwad,Nimgavhan,1004,1,0.00,0.00,0.00,0.00,0.00,0.00,0.00,0.00,0.00,0.00,0.00,0.00,0.00,0.00,02-Sep,03-Sep,04-Sep,05-Sep,06-Sep,07-Sep,08-Sep,02-Sep,03-Sep,04-Sep,05-Sep,06-Sep,07-Sep,08-Sep,7,7,0
Nashik,Nashik,W M Nashik,Malegaon,Chandwad,20086730,Retro.Chandwad and WSS 44 villages. Ta. Chandwad,Panhale,1484,1,0.00,0.00,0.00,0.00,0.00,0.00,0.54,0.00,0.00,0.08,0.07,0.09,0.00,36.37,02-Sep,03-Sep,04-Sep,05-Sep,06-Sep,07-Sep,08-Sep,02-Sep,03-Sep,04-Sep,05-Sep,06-Sep,07-Sep,08-Sep,3,7,0
Nashik,Nashik,W M Nashik,Malegaon,Chandwad,20086730,Retro.Chandwad and WSS 44 villages. Ta. Chandwad,Pate,985,1,0.00,0.00,0.00,0.00,0.00,0.00,0.00,0.00,0.00,0.00,0.00,0.00,0.00,0.00,02-Sep,03-Sep,04-Sep,05-Sep,06-Sep,07-Sep,08-Sep,02-Sep,03-Sep,04-Sep,05-Sep,06-Sep,07-Sep,08-Sep,7,7,0
Nashik,Nashik,W M Nashik,Malegaon,Chandwad,20086730,Retro.Chandwad and WSS 44 villages. Ta. Chandwad,Patharshembe,2150,1,0.00,0.00,0.00,0.00,0.26,0.79,0.00,0.00,0.00,0.00,0.00,12.10,36.94,0.00,02-Sep,03-Sep,04-Sep,05-Sep,06-Sep,07-Sep,08-Sep,02-Sep,03-Sep,04-Sep,05-Sep,06-Sep,07-Sep,08-Sep,5,7,0
Nashik,Nashik,W M Nashik,Malegaon,Chandwad,20086730,Retro.Chandwad and WSS 44 villages. Ta. Chandwad,Pimpalgaon Dabali,919,1,0.00,0.00,0.00,0.00,0.00,0.00,0.00,0.00,0.00,0.00,0.00,0.00,0.00,0.00,02-Sep,03-Sep,04-Sep,05-Sep,06-Sep,07-Sep,08-Sep,02-Sep,03-Sep,04-Sep,05-Sep,06-Sep,07-Sep,08-Sep,7,7,0
Nashik,Nashik,W M Nashik,Malegaon,Chandwad,20086730,Retro.Chandwad and WSS 44 villages. Ta. Chandwad,Puri,2836,1,0.00,0.00,0.00,0.00,0.00,0.00,0.00,0.00,0.00,0.00,0.00,0.00,0.00,0.00,02-Sep,03-Sep,04-Sep,05-Sep,06-Sep,07-Sep,08-Sep,02-Sep,03-Sep,04-Sep,05-Sep,06-Sep,07-Sep,08-Sep,7,7,0
Nashik,Nashik,W M Nashik,Malegaon,Chandwad,20086730,Retro.Chandwad and WSS 44 villages. Ta. Chandwad,Raypur,3624,1,0.00,0.00,0.00,1.43,0.73,0.00,0.00,0.00,0.00,0.00,39.37,20.12,0.00,0.00,02-Sep,03-Sep,04-Sep,05-Sep,06-Sep,07-Sep,08-Sep,02-Sep,03-Sep,04-Sep,05-Sep,06-Sep,07-Sep,08-Sep,5,7,0
Nashik,Nashik,W M Nashik,Malegaon,Chandwad,20086730,Retro.Chandwad and WSS 44 villages. Ta. Chandwad,Redgaon Kh,1898,1,0.00,0.00,0.00,0.00,0.00,0.00,0.00,0.00,0.00,0.00,0.00,0.00,0.00,0.00,02-Sep,03-Sep,04-Sep,05-Sep,06-Sep,07-Sep,08-Sep,02-Sep,03-Sep,04-Sep,05-Sep,06-Sep,07-Sep,08-Sep,7,7,0
Nashik,Nashik,W M Nashik,Malegaon,Chandwad,20086730,Retro.Chandwad and WSS 44 villages. Ta. Chandwad,Salsane,1435,1,0.00,0.26,0.02,0.57,0.00,0.00,0.00,0.00,18.43,1.14,39.57,0.00,0.00,0.00,02-Sep,03-Sep,04-Sep,05-Sep,06-Sep,07-Sep,08-Sep,02-Sep,03-Sep,04-Sep,05-Sep,06-Sep,07-Sep,08-Sep,4,7,0
Nashik,Nashik,W M Nashik,Malegaon,Chandwad,20086730,Retro.Chandwad and WSS 44 villages. Ta. Chandwad,Shelu Matha,1622,1,0.00,0.00,0.00,0.00,0.00,0.00,0.00,0.00,0.00,0.00,0.00,0.00,0.00,0.00,02-Sep,03-Sep,04-Sep,05-Sep,06-Sep,07-Sep,08-Sep,02-Sep,03-Sep,04-Sep,05-Sep,06-Sep,07-Sep,08-Sep,7,7,0
Nashik,Nashik,W M Nashik,Malegaon,Chandwad,20086730,Retro.Chandwad and WSS 44 villages. Ta. Chandwad,Shelu Varche,1622,1,0.00,0.00,0.00,0.00,0.00,0.00,0.00,0.00,0.00,0.00,0.00,0.00,0.00,0.00,02-Sep,03-Sep,04-Sep,05-Sep,06-Sep,07-Sep,08-Sep,02-Sep,03-Sep,04-Sep,05-Sep,06-Sep,07-Sep,08-Sep,7,7,0
Nashik,Nashik,W M Nashik,Malegaon,Chandwad,20086730,Retro.Chandwad and WSS 44 villages. Ta. Chandwad,Shinde,1804,2,0.00,0.29,0.00,0.00,0.00,0.28,0.00,0.00,15.81,0.00,0.00,0.00,15.40,0.00,02-Sep,03-Sep,04-Sep,05-Sep,06-Sep,07-Sep,08-Sep,02-Sep,03-Sep,04-Sep,05-Sep,06-Sep,07-Sep,08-Sep,5,7,0
Nashik,Nashik,W M Nashik,Malegaon,Chandwad,20086730,Retro.Chandwad and WSS 44 villages. Ta. Chandwad,Shirsane,1717,1,0.00,0.00,0.00,0.00,0.00,0.00,0.00,0.00,0.00,0.00,0.00,0.00,0.00,0.00,02-Sep,03-Sep,04-Sep,05-Sep,06-Sep,07-Sep,08-Sep,02-Sep,03-Sep,04-Sep,05-Sep,06-Sep,07-Sep,08-Sep,7,7,0
Nashik,Nashik,W M Nashik,Malegaon,Chandwad,20086730,Retro.Chandwad and WSS 44 villages. Ta. Chandwad,Shirur,1835,2,0.00,0.00,0.00,0.00,0.00,0.00,0.00,0.00,0.00,0.00,0.00,0.00,0.00,0.00,02-Sep,03-Sep,04-Sep,05-Sep,06-Sep,07-Sep,08-Sep,02-Sep,03-Sep,04-Sep,05-Sep,06-Sep,07-Sep,08-Sep,7,7,0
Nashik,Nashik,W M Nashik,Malegaon,Chandwad,20086730,Retro.Chandwad and WSS 44 villages. Ta. Chandwad,Sogras,1649,1,0.00,0.00,0.00,0.00,0.00,0.00,0.00,0.00,0.00,0.00,0.00,0.00,0.00,0.00,02-Sep,03-Sep,04-Sep,05-Sep,06-Sep,07-Sep,08-Sep,02-Sep,03-Sep,04-Sep,05-Sep,06-Sep,07-Sep,08-Sep,7,7,0
Nashik,Nashik,W M Nashik,Malegaon,Chandwad,20086730,Retro.Chandwad and WSS 44 villages. Ta. Chandwad,Soni Sangvi,764,1,0.00,0.00,0.38,0.16,0.01,0.32,0.10,0.00,0.00,49.69,20.81,1.08,41.67,12.69,02-Sep,03-Sep,04-Sep,05-Sep,06-Sep,07-Sep,08-Sep,02-Sep,03-Sep,04-Sep,05-Sep,06-Sep,07-Sep,08-Sep,2,7,0
Nashik,Nashik,W M Nashik,Malegaon,Chandwad,20086730,Retro.Chandwad and WSS 44 villages. Ta. Chandwad,Sutarkhede,1742,1,0.00,0.00,0.85,0.00,0.00,0.69,0.00,0.00,0.00,48.51,0.00,0.00,39.57,0.00,02-Sep,03-Sep,04-Sep,05-Sep,06-Sep,07-Sep,08-Sep,02-Sep,03-Sep,04-Sep,05-Sep,06-Sep,07-Sep,08-Sep,5,7,0
Nashik,Nashik,W M Nashik,Malegaon,Chandwad,20086730,Retro.Chandwad and WSS 44 villages. Ta. Chandwad,Talegaon Rohi,8039,1,0.00,0.00,0.00,0.00,0.00,0.00,0.00,0.00,0.00,0.00,0.00,0.00,0.00,0.00,02-Sep,03-Sep,04-Sep,05-Sep,06-Sep,07-Sep,08-Sep,02-Sep,03-Sep,04-Sep,05-Sep,06-Sep,07-Sep,08-Sep,7,7,0
Nashik,Nashik,W M Nashik,Malegaon,Chandwad,20086730,Retro.Chandwad and WSS 44 villages. Ta. Chandwad,Talwade,925,1,0.00,0.00,0.00,0.00,0.00,0.00,0.00,0.00,0.00,0.00,0.00,0.00,0.00,0.00,02-Sep,03-Sep,04-Sep,05-Sep,06-Sep,07-Sep,08-Sep,02-Sep,03-Sep,04-Sep,05-Sep,06-Sep,07-Sep,08-Sep,7,7,0
Nashik,Nashik,W M Nashik,Malegaon,Chandwad,20086730,Retro.Chandwad and WSS 44 villages. Ta. Chandwad,Vadalibhoi,9581,2,2.54,1.47,1.81,1.41,1.20,0.63,1.66,26.51,15.38,18.91,14.69,12.52,6.62,17.34,02-Sep,03-Sep,04-Sep,05-Sep,06-Sep,07-Sep,08-Sep,02-Sep,03-Sep,04-Sep,05-Sep,06-Sep,07-Sep,08-Sep,0,7,0
Nashik,Nashik,W M Nashik,Malegaon,Chandwad,20086730,Retro.Chandwad and WSS 44 villages. Ta. Chandwad,Vahegaonsal,4062,1,0.00,0.00,0.00,0.00,0.00,0.00,0.75,0.00,0.00,0.00,0.00,0.00,0.00,18.51,02-Sep,03-Sep,04-Sep,05-Sep,06-Sep,07-Sep,08-Sep,02-Sep,03-Sep,04-Sep,05-Sep,06-Sep,07-Sep,08-Sep,6,7,0
Nashik,Nashik,W M Nashik,Malegaon,Chandwad,20086730,Retro.Chandwad and WSS 44 villages. Ta. Chandwad,Vaki Bk,1542,1,0.00,0.00,0.00,0.00,0.00,0.00,0.00,0.00,0.00,0.00,0.00,0.00,0.00,0.00,02-Sep,03-Sep,04-Sep,05-Sep,06-Sep,07-Sep,08-Sep,02-Sep,03-Sep,04-Sep,05-Sep,06-Sep,07-Sep,08-Sep,7,7,0
Nashik,Nashik,W M Nashik,Malegaon,Chandwad,20086730,Retro.Chandwad and WSS 44 villages. Ta. Chandwad,Vaki Kh,2158,1,0.01,0.77,1.13,0.00,0.00,0.00,0.00,0.65,35.62,52.33,0.00,0.00,0.00,0.00,02-Sep,03-Sep,04-Sep,05-Sep,06-Sep,07-Sep,08-Sep,02-Sep,03-Sep,04-Sep,05-Sep,06-Sep,07-Sep,08-Sep,4,7,0
Nashik,Nashik,W M Nashik,Malegaon,Chandwad,20086730,Retro.Chandwad and WSS 44 villages. Ta. Chandwad,Vijaynagar,905,1,0.26,0.00,0.00,0.26,0.00,0.00,0.25,28.27,0.00,0.00,28.41,0.00,0.00,28.04,02-Sep,03-Sep,04-Sep,05-Sep,06-Sep,07-Sep,08-Sep,02-Sep,03-Sep,04-Sep,05-Sep,06-Sep,07-Sep,08-Sep,4,7,0
Nashik,Nashik,W M Nashik,Malegaon,Chandwad,20086730,Retro.Chandwad and WSS 44 villages. Ta. Chandwad,Vitave,1920,1,0.60,0.78,0.17,0.65,0.46,0.01,0.61,31.13,40.49,8.76,34.04,23.92,0.72,31.79,02-Sep,03-Sep,04-Sep,05-Sep,06-Sep,07-Sep,08-Sep,02-Sep,03-Sep,04-Sep,05-Sep,06-Sep,07-Sep,08-Sep,0,7,0
Nashik,Nashik,W M Nashik,Malegaon,Malegaon,20018579,Malmatha and 25 villages Ta. Malegaon,Astane,4436,3,10.43,13.38,14.63,11.82,4.14,12.74,15.48,235.17,301.56,329.79,266.45,93.25,287.17,349.00,02-Sep,03-Sep,04-Sep,05-Sep,06-Sep,07-Sep,08-Sep,02-Sep,03-Sep,04-Sep,05-Sep,06-Sep,07-Sep,08-Sep,0,0,7
Nashik,Nashik,W M Nashik,Malegaon,Malegaon,20018579,Malmatha and 25 villages Ta. Malegaon,Dahidi,2354,1,0.59,0.65,0.61,0.36,0.00,0.70,0.59,24.95,27.76,25.83,15.48,0.00,29.88,24.99,02-Sep,03-Sep,04-Sep,05-Sep,06-Sep,07-Sep,08-Sep,02-Sep,03-Sep,04-Sep,05-Sep,06-Sep,07-Sep,08-Sep,1,7,0
Nashik,Nashik,W M Nashik,Malegaon,Malegaon,20018579,Malmatha and 25 villages Ta. Malegaon,Dasane,1186,1,0.46,0.45,0.45,0.45,2.85,7.92,0.00,38.97,37.75,37.58,37.81,240.49,667.80,0.03,02-Sep,03-Sep,04-Sep,05-Sep,06-Sep,07-Sep,08-Sep,02-Sep,03-Sep,04-Sep,05-Sep,06-Sep,07-Sep,08-Sep,0,5,2
Nashik,Nashik,W M Nashik,Malegaon,Malegaon,20018579,Malmatha and 25 villages Ta. Malegaon,Lonwade,1505,1,0.00,0.00,0.00,2.35,2.53,0.00,0.00,0.00,0.00,0.00,156.19,167.90,0.00,0.00,02-Sep,03-Sep,04-Sep,05-Sep,06-Sep,07-Sep,08-Sep,02-Sep,03-Sep,04-Sep,05-Sep,06-Sep,07-Sep,08-Sep,5,5,2
Nashik,Nashik,W M Nashik,Malegaon,Malegaon,20018682,Dhahiwal &25 Villages WSS Tal Malegaon,Bodhe,540,2,0.00,0.00,1.92,3.49,0.53,0.08,0.00,0.00,0.00,355.75,647.18,98.17,14.03,0.00,02-Sep,03-Sep,04-Sep,05-Sep,06-Sep,07-Sep,08-Sep,02-Sep,03-Sep,04-Sep,05-Sep,06-Sep,07-Sep,08-Sep,3,4,3
Nashik,Nashik,W M Nashik,Malegaon,Malegaon,20018682,Dhahiwal &25 Villages WSS Tal Malegaon,Dahiwal,3362,2,0.00,0.00,11.97,0.00,0.00,0.00,0.00,0.00,0.00,356.13,0.01,0.00,0.02,0.00,02-Sep,03-Sep,04-Sep,05-Sep,06-Sep,07-Sep,08-Sep,02-Sep,03-Sep,04-Sep,05-Sep,06-Sep,07-Sep,08-Sep,4,6,1
Nashik,Nashik,W M Nashik,Malegaon,Malegaon,20018682,Dhahiwal &25 Villages WSS Tal Malegaon,Devarpada,3639,2,0.00,1.51,0.00,0.00,2.05,0.02,9.54,0.00,41.63,0.00,0.00,56.35,0.50,262.13,02-Sep,03-Sep,04-Sep,05-Sep,06-Sep,07-Sep,08-Sep,02-Sep,03-Sep,04-Sep,05-Sep,06-Sep,07-Sep,08-Sep,3,5,2
Nashik,Nashik,W M Nashik,Malegaon,Malegaon,20018682,Dhahiwal &25 Villages WSS Tal Malegaon,Hiswal,2038,1,0.00,0.00,0.00,1.62,3.53,0.72,0.01,0.00,0.00,0.00,79.41,173.39,35.33,0.51,02-Sep,03-Sep,04-Sep,05-Sep,06-Sep,07-Sep,08-Sep,02-Sep,03-Sep,04-Sep,05-Sep,06-Sep,07-Sep,08-Sep,3,5,2
Nashik,Nashik,W M Nashik,Malegaon,Malegaon,20018682,Dhahiwal &25 Villages WSS Tal Malegaon,Nale,575,1,0.49,0.01,0.00,0.01,0.01,0.00,0.00,85.25,1.03,0.00,0.96,1.26,0.00,0.00,02-Sep,03-Sep,04-Sep,05-Sep,06-Sep,07-Sep,08-Sep,02-Sep,03-Sep,04-Sep,05-Sep,06-Sep,07-Sep,08-Sep,3,6,1
Nashik,Nashik,W M Nashik,Malegaon,Malegaon,20018682,Dhahiwal &25 Villages WSS Tal Malegaon,Roze,1159,2,0.00,0.00,1.14,0.00,0.00,0.00,0.00,0.00,0.00,98.11,0.00,0.00,0.00,0.00,02-Sep,03-Sep,04-Sep,05-Sep,06-Sep,07-Sep,08-Sep,02-Sep,03-Sep,04-Sep,05-Sep,06-Sep,07-Sep,08-Sep,6,6,1
Nashik,Nashik,W M Nashik,Malegaon,Malegaon,20018682,Dhahiwal &25 Villages WSS Tal Malegaon,Shendurni,1323,2,0.53,0.00,0.00,0.00,0.92,0.00,0.00,39.83,0.00,0.00,0.00,69.28,0.00,0.00,02-Sep,03-Sep,04-Sep,05-Sep,06-Sep,07-Sep,08-Sep,02-Sep,03-Sep,04-Sep,05-Sep,06-Sep,07-Sep,08-Sep,5,6,1
Nashik,Nashik,W M Nashik,Malegaon,Malegaon,20018682,Dhahiwal &25 Villages WSS Tal Malegaon,Sherul,2637,2,0.00,0.00,0.00,3.17,6.98,0.29,0.00,0.00,0.00,0.00,120.21,264.57,11.05,0.00,02-Sep,03-Sep,04-Sep,05-Sep,06-Sep,07-Sep,08-Sep,02-Sep,03-Sep,04-Sep,05-Sep,06-Sep,07-Sep,08-Sep,4,5,2
Nashik,Nashik,W M Nashik,Sinnar,Naigaon,20028193,Retrofitting To Wadzire (Naigaon) & 4 Villages RRWSS,Moh- Mahadari,1025,1,1.54,0.00,0.11,1.57,0.86,0.28,0.18,150.49,0.01,10.85,153.08,83.89,27.80,17.39,02-Sep,03-Sep,04-Sep,05-Sep,06-Sep,07-Sep,08-Sep,02-Sep,03-Sep,04-Sep,05-Sep,06-Sep,07-Sep,08-Sep,0,4,3
Nashik,Nashik,W M Nashik,Sinnar,Naigaon,20028193,Retrofitting To Wadzire (Naigaon) & 4 Villages RRWSS,Wadzire,3369,2,3.87,0.82,0.76,1.26,0.54,2.32,1.94,114.92,24.29,22.67,37.52,15.90,68.79,57.56,02-Sep,03-Sep,04-Sep,05-Sep,06-Sep,07-Sep,08-Sep,02-Sep,03-Sep,04-Sep,05-Sep,06-Sep,07-Sep,08-Sep,0,4,3
Nashik,Nashik,W M Nashik,W.M.Nashik,Dindori,20039258,Ozar-Sakore & 2 Villages,Janori,7926,1,2.60,2.54,2.59,2.76,2.53,2.79,2.57,32.83,32.04,32.67,34.88,31.89,35.18,32.43,02-Sep,03-Sep,04-Sep,05-Sep,06-Sep,07-Sep,08-Sep,02-Sep,03-Sep,04-Sep,05-Sep,06-Sep,07-Sep,08-Sep,0,7,0
Nashik,Nashik,W M Nashik,W.M.Nashik,Dindori,20039258,Ozar-Sakore & 2 Villages,Mohadi,5078,3,3.54,0.53,2.90,0.11,2.76,0.78,3.39,69.75,10.41,57.20,2.09,54.39,15.38,66.70,02-Sep,03-Sep,04-Sep,05-Sep,06-Sep,07-Sep,08-Sep,02-Sep,03-Sep,04-Sep,05-Sep,06-Sep,07-Sep,08-Sep,0,4,3
Nashik,Nashik,W M Nashik,W.M.Nashik,Dindori,20039676,Mulane & 3Villages RRWSS Tal. Dindori,Babapur,964,1,1.18,0.07,0.00,0.38,0.00,0.00,0.11,122.21,7.04,0.00,39.70,0.00,0.00,11.68,02-Sep,03-Sep,04-Sep,05-Sep,06-Sep,07-Sep,08-Sep,02-Sep,03-Sep,04-Sep,05-Sep,06-Sep,07-Sep,08-Sep,3,6,1
Nashik,Nashik,W M Nashik,W.M.Nashik,Dindori,20039676,Mulane & 3Villages RRWSS Tal. Dindori,Mulane,1003,1,0.00,0.00,0.00,0.00,0.00,0.00,0.00,0.00,0.00,0.00,0.00,0.00,0.00,0.00,02-Sep,03-Sep,04-Sep,05-Sep,06-Sep,07-Sep,08-Sep,02-Sep,03-Sep,04-Sep,05-Sep,06-Sep,07-Sep,08-Sep,7,7,0
Nashik,Nashik,W M Nashik,W.M.Nashik,Dindori,20039676,Mulane & 3Villages RRWSS Tal. Dindori,Sangamner,1076,1,0.52,0.15,0.22,0.20,0.13,0.18,0.18,48.70,13.83,20.46,18.89,12.26,16.77,16.34,02-Sep,03-Sep,04-Sep,05-Sep,06-Sep,07-Sep,08-Sep,02-Sep,03-Sep,04-Sep,05-Sep,06-Sep,07-Sep,08-Sep,0,7,0
Nashik,Nashik,W M Nashik,W.M.Nashik,Dindori,20039676,Mulane & 3Villages RRWSS Tal. Dindori,Talegaon Vani,2106,3,0.00,0.00,0.00,0.00,0.00,0.00,0.00,0.19,0.13,0.11,0.03,0.05,0.06,0.05,02-Sep,03-Sep,04-Sep,05-Sep,06-Sep,07-Sep,08-Sep,02-Sep,03-Sep,04-Sep,05-Sep,06-Sep,07-Sep,08-Sep,0,7,0
Nashik,Nashik,W M Nashik,W.M.Nashik,Nifad,20039258,Ozar-Sakore & 2 Villages,Ozar,86060,4,2.53,2.75,2.84,2.75,2.78,2.70,2.60,2.94,3.20,3.30,3.20,3.23,3.14,3.02,02-Sep,03-Sep,04-Sep,05-Sep,06-Sep,07-Sep,08-Sep,02-Sep,03-Sep,04-Sep,05-Sep,06-Sep,07-Sep,08-Sep,0,7,0
Nashik,Nashik,W M Nashik,W.M.Nashik,Nifad,20039258,Ozar-Sakore & 2 Villages,Sakore,4107,2,0.00,0.00,0.00,0.00,0.00,0.00,0.00,0.00,0.00,0.00,0.00,0.00,0.00,0.00,02-Sep,03-Sep,04-Sep,05-Sep,06-Sep,07-Sep,08-Sep,02-Sep,03-Sep,04-Sep,05-Sep,06-Sep,07-Sep,08-Sep,7,7,0
Nagpur,Chandrapur,Chandrapur,Ballarpur,Ballarpur,7890972,Ballarpur Grid 18 villages RR WSS Retrofitting,Bhivkund,724,1,0.00,0.00,0.00,0.00,0.00,0.00,0.00,0.00,0.00,0.00,0.00,0.00,0.00,0.00,02-Sep,03-Sep,04-Sep,05-Sep,06-Sep,07-Sep,08-Sep,02-Sep,03-Sep,04-Sep,05-Sep,06-Sep,07-Sep,08-Sep,7,7,0
Nagpur,Chandrapur,Chandrapur,Ballarpur,Ballarpur,7890972,Ballarpur Grid 18 villages RR WSS Retrofitting,Chunabhati,1346,2,,7.37,58.39,16.83,3.19,5.25,4.59,,0.00,0.00,1250.02,237.00,390.04,0.00,02-Sep,03-Sep,04-Sep,05-Sep,06-Sep,07-Sep,08-Sep,02-Sep,03-Sep,04-Sep,05-Sep,06-Sep,07-Sep,08-Sep,3,3,3
Nagpur,Chandrapur,Chandrapur,Ballarpur,Ballarpur,7890972,Ballarpur Grid 18 villages RR WSS Retrofitting,Kem Tukam,231,1,0.00,0.00,0.00,0.00,0.00,0.00,8.29,0.00,0.00,0.00,0.00,0.00,0.00,3588.74,02-Sep,03-Sep,04-Sep,05-Sep,06-Sep,07-Sep,08-Sep,02-Sep,03-Sep,04-Sep,05-Sep,06-Sep,07-Sep,08-Sep,6,6,1
Nagpur,Chandrapur,Chandrapur,Ballarpur,Ballarpur,7890972,Ballarpur Grid 18 villages RR WSS Retrofitting,Nandgaon Pode,3740,2,1.05,1.04,1.26,1.06,1.35,2.28,2.34,28.07,27.81,33.69,28.34,36.10,61.01,62.53,02-Sep,03-Sep,04-Sep,05-Sep,06-Sep,07-Sep,08-Sep,02-Sep,03-Sep,04-Sep,05-Sep,06-Sep,07-Sep,08-Sep,0,5,2
Nagpur,Chandrapur,Chandrapur,Chandrapur,Chandrapur,20050368,Chinchala and 7 Villages RR Water Supply Scheme,Chinchala,240,3,0.00,0.00,0.00,0.00,0.00,0.00,0.00,0.00,0.00,0.01,0.01,0.00,0.00,0.00,02-Sep,03-Sep,04-Sep,05-Sep,06-Sep,07-Sep,08-Sep,02-Sep,03-Sep,04-Sep,05-Sep,06-Sep,07-Sep,08-Sep,5,7,0
Nagpur,Chandrapur,Chandrapur,Chandrapur,Chandrapur,20050368,Chinchala and 7 Villages RR Water Supply Scheme,Dhanora,1564,3,0.00,0.00,0.00,0.00,0.00,0.00,0.00,0.00,0.00,0.00,0.00,0.00,0.00,0.00,02-Sep,03-Sep,04-Sep,05-Sep,06-Sep,07-Sep,08-Sep,02-Sep,03-Sep,04-Sep,05-Sep,06-Sep,07-Sep,08-Sep,7,7,0
Nagpur,Chandrapur,Chandrapur,Chandrapur,Chandrapur,20050368,Chinchala and 7 Villages RR Water Supply Scheme,Mahakurla,556,1,0.00,0.00,0.00,0.00,0.00,0.00,0.00,0.00,0.00,0.00,0.00,0.00,0.00,0.00,02-Sep,03-Sep,04-Sep,05-Sep,06-Sep,07-Sep,08-Sep,02-Sep,03-Sep,04-Sep,05-Sep,06-Sep,07-Sep,08-Sep,7,7,0
Nagpur,Chandrapur,Chandrapur,Chandrapur,Chandrapur,20050368,Chinchala and 7 Villages RR Water Supply Scheme,Nagala,1356,2,0.00,0.00,0.00,0.00,0.00,0.00,0.00,0.00,0.00,0.00,0.00,0.00,0.00,0.00,02-Sep,03-Sep,04-Sep,05-Sep,06-Sep,07-Sep,08-Sep,02-Sep,03-Sep,04-Sep,05-Sep,06-Sep,07-Sep,08-Sep,7,7,0
Nagpur,Chandrapur,Chandrapur,Chandrapur,Chandrapur,20050368,Chinchala and 7 Villages RR Water Supply Scheme,Pipari,888,2,0.00,0.00,0.00,0.00,0.00,0.00,0.00,0.00,0.00,0.00,0.00,0.00,0.00,0.00,02-Sep,03-Sep,04-Sep,05-Sep,06-Sep,07-Sep,08-Sep,02-Sep,03-Sep,04-Sep,05-Sep,06-Sep,07-Sep,08-Sep,7,7,0
Nagpur,Chandrapur,Chandrapur,Chandrapur,Chandrapur,20050368,Chinchala and 7 Villages RR Water Supply Scheme,Sidur,1000,2,0.00,0.00,0.00,0.00,0.00,0.00,0.00,0.00,0.00,0.00,0.00,0.00,0.00,0.00,02-Sep,03-Sep,04-Sep,05-Sep,06-Sep,07-Sep,08-Sep,02-Sep,03-Sep,04-Sep,05-Sep,06-Sep,07-Sep,08-Sep,7,7,0
Nagpur,Chandrapur,Chandrapur,Chandrapur,Chandrapur,20050368,Chinchala and 7 Villages RR Water Supply Scheme,Vendli,936,2,0.00,0.00,0.00,0.00,0.00,0.00,0.00,0.00,0.00,0.00,0.00,0.00,0.00,0.00,02-Sep,03-Sep,04-Sep,05-Sep,06-Sep,07-Sep,08-Sep,02-Sep,03-Sep,04-Sep,05-Sep,06-Sep,07-Sep,08-Sep,7,7,0
Nagpur,Chandrapur,Chandrapur,Chandrapur,Chandrapur,20050368,Chinchala and 7 Villages RR Water Supply Scheme,Wandhari,568,2,0.00,0.00,0.00,0.00,0.00,0.00,0.00,0.00,0.00,0.00,0.00,0.00,0.00,0.00,02-Sep,03-Sep,04-Sep,05-Sep,06-Sep,07-Sep,08-Sep,02-Sep,03-Sep,04-Sep,05-Sep,06-Sep,07-Sep,08-Sep,7,7,0
Nagpur,Chandrapur,Chandrapur,Gadchiroli,Aheri,7890975,Allapalli-Nagapalli RR,Allapalli,14263,1,5.12,4.07,4.14,4.02,4.38,3.25,2.96,35.89,28.53,29.01,28.17,30.71,22.76,20.76,02-Sep,03-Sep,04-Sep,05-Sep,06-Sep,07-Sep,08-Sep,02-Sep,03-Sep,04-Sep,05-Sep,06-Sep,07-Sep,08-Sep,0,7,0
Nagpur,Chandrapur,Chandrapur,Gadchiroli,Aheri,7890975,Allapalli-Nagapalli RR,Nagepalli,4334,1,0.00,0.00,0.00,0.00,0.00,0.00,0.00,0.00,0.00,0.00,0.00,0.00,0.00,0.00,02-Sep,03-Sep,04-Sep,05-Sep,06-Sep,07-Sep,08-Sep,02-Sep,03-Sep,04-Sep,05-Sep,06-Sep,07-Sep,08-Sep,7,7,0
Nagpur,Chandrapur,Chandrapur,Gadchiroli,Korpana,20050391,Nimani & 5 Villages RR Water Supply Scheme,Bhkhardi,1950,1,0.00,0.00,0.00,0.00,0.00,0.00,0.00,0.00,0.00,0.00,0.00,0.00,0.00,0.00,02-Sep,03-Sep,04-Sep,05-Sep,06-Sep,07-Sep,08-Sep,02-Sep,03-Sep,04-Sep,05-Sep,06-Sep,07-Sep,08-Sep,7,7,0
Nagpur,Chandrapur,Chandrapur,Gadchiroli,Korpana,20050391,Nimani & 5 Villages RR Water Supply Scheme,Hirapur,1067,1,0.00,0.00,0.00,0.00,0.00,0.00,0.00,0.00,0.00,0.00,0.00,0.00,0.00,0.00,02-Sep,03-Sep,04-Sep,05-Sep,06-Sep,07-Sep,08-Sep,02-Sep,03-Sep,04-Sep,05-Sep,06-Sep,07-Sep,08-Sep,7,7,0
Nagpur,Chandrapur,Chandrapur,Gadchiroli,Korpana,20050391,Nimani & 5 Villages RR Water Supply Scheme,Kawathala,2098,2,0.00,0.00,0.00,0.00,0.00,0.00,0.00,0.00,0.00,0.00,0.00,0.00,0.00,0.00,02-Sep,03-Sep,04-Sep,05-Sep,06-Sep,07-Sep,08-Sep,02-Sep,03-Sep,04-Sep,05-Sep,06-Sep,07-Sep,08-Sep,7,7,0
Nagpur,Chandrapur,Chandrapur,Gadchiroli,Korpana,20050391,Nimani & 5 Villages RR Water Supply Scheme,Nandgaon,,2,0.00,0.00,0.00,0.00,0.00,0.00,0.00,0.00,0.00,0.00,0.00,0.00,0.00,0.00,02-Sep,03-Sep,04-Sep,05-Sep,06-Sep,07-Sep,08-Sep,02-Sep,03-Sep,04-Sep,05-Sep,06-Sep,07-Sep,08-Sep,7,7,0
Nagpur,Chandrapur,Chandrapur,Gadchiroli,Korpana,20050391,Nimani & 5 Villages RR Water Supply Scheme,Nimni,1583,1,0.00,0.00,0.00,0.00,0.00,0.00,0.00,0.00,0.00,0.00,0.00,0.00,0.00,0.00,02-Sep,03-Sep,04-Sep,05-Sep,06-Sep,07-Sep,08-Sep,02-Sep,03-Sep,04-Sep,05-Sep,06-Sep,07-Sep,08-Sep,7,7,0
Nagpur,Chandrapur,Chandrapur,Gadchiroli,Korpana,20050391,Nimani & 5 Villages RR Water Supply Scheme,Talodhi,1180,2,0.00,0.00,0.00,0.00,0.00,0.00,0.00,0.00,0.00,0.00,0.00,0.00,0.00,0.00,02-Sep,03-Sep,04-Sep,05-Sep,06-Sep,07-Sep,08-Sep,02-Sep,03-Sep,04-Sep,05-Sep,06-Sep,07-Sep,08-Sep,7,7,0
Nagpur,Chandrapur,Chandrapur,Pombhurna,Pombhurna,7928270,Pomnbhurna Grid & 15 Villages RR Retrofitting,Borda Dixit,1008,1,0.00,0.00,0.00,0.00,0.00,0.00,0.00,0.00,0.00,0.00,0.00,0.00,0.00,0.00,02-Sep,03-Sep,04-Sep,05-Sep,06-Sep,07-Sep,08-Sep,02-Sep,03-Sep,04-Sep,05-Sep,06-Sep,07-Sep,08-Sep,7,7,0
Nagpur,Chandrapur,Chandrapur,Pombhurna,Pombhurna,7928270,Pomnbhurna Grid & 15 Villages RR Retrofitting,Chak Ghanoti - 1,868,1,0.00,0.00,0.00,0.00,0.00,0.00,0.00,0.00,0.00,0.00,0.00,0.00,0.00,0.00,02-Sep,03-Sep,04-Sep,05-Sep,06-Sep,07-Sep,08-Sep,02-Sep,03-Sep,04-Sep,05-Sep,06-Sep,07-Sep,08-Sep,7,7,0
Nagpur,Chandrapur,Chandrapur,Pombhurna,Pombhurna,7928270,Pomnbhurna Grid & 15 Villages RR Retrofitting,Chak Hattibodi,544,1,1.82,0.12,0.00,0.04,0.06,0.27,0.05,334.45,22.74,0.00,7.89,10.70,49.01,8.31,02-Sep,03-Sep,04-Sep,05-Sep,06-Sep,07-Sep,08-Sep,02-Sep,03-Sep,04-Sep,05-Sep,06-Sep,07-Sep,08-Sep,1,6,1
Nagpur,Chandrapur,Chandrapur,Pombhurna,Pombhurna,7928270,Pomnbhurna Grid & 15 Villages RR Retrofitting,Chak Kosambi - 1,724,1,0.00,0.00,0.00,0.00,0.00,0.00,0.00,0.00,0.00,0.00,0.00,0.00,0.00,0.00,02-Sep,03-Sep,04-Sep,05-Sep,06-Sep,07-Sep,08-Sep,02-Sep,03-Sep,04-Sep,05-Sep,06-Sep,07-Sep,08-Sep,7,7,0
Nagpur,Chandrapur,Chandrapur,Pombhurna,Pombhurna,7928270,Pomnbhurna Grid & 15 Villages RR Retrofitting,Chak Navegaon,440,1,0.00,0.00,0.00,0.00,0.00,0.00,0.00,0.00,0.00,0.00,0.00,0.00,0.00,0.00,02-Sep,03-Sep,04-Sep,05-Sep,06-Sep,07-Sep,08-Sep,02-Sep,03-Sep,04-Sep,05-Sep,06-Sep,07-Sep,08-Sep,7,7,0
Nagpur,Chandrapur,Chandrapur,Pombhurna,Pombhurna,7928270,Pomnbhurna Grid & 15 Villages RR Retrofitting,Chek Thane Wasna,1700,1,0.42,0.48,0.00,0.04,0.59,0.62,0.53,24.53,28.00,0.00,2.15,34.83,36.61,30.96,02-Sep,03-Sep,04-Sep,05-Sep,06-Sep,07-Sep,08-Sep,02-Sep,03-Sep,04-Sep,05-Sep,06-Sep,07-Sep,08-Sep,1,7,0
Nagpur,Chandrapur,Chandrapur,Pombhurna,Pombhurna,7928270,Pomnbhurna Grid & 15 Villages RR Retrofitting,Dewada Kh.,4792,2,1.52,1.41,1.93,1.38,1.40,1.07,1.71,31.75,29.36,40.25,28.84,29.11,22.35,35.59,02-Sep,03-Sep,04-Sep,05-Sep,06-Sep,07-Sep,08-Sep,02-Sep,03-Sep,04-Sep,05-Sep,06-Sep,07-Sep,08-Sep,0,7,0
Nagpur,Chandrapur,Chandrapur,Pombhurna,Pombhurna,7928270,Pomnbhurna Grid & 15 Villages RR Retrofitting,Futan,2204,1,0.00,0.00,0.00,0.00,0.00,0.00,0.00,0.00,0.00,0.00,0.00,0.00,0.00,0.00,02-Sep,03-Sep,04-Sep,05-Sep,06-Sep,07-Sep,08-Sep,02-Sep,03-Sep,04-Sep,05-Sep,06-Sep,07-Sep,08-Sep,7,7,0
Nagpur,Chandrapur,Chandrapur,Pombhurna,Pombhurna,7928270,Pomnbhurna Grid & 15 Villages RR Retrofitting,Jam Kh.,1480,2,0.00,0.00,0.00,0.00,0.00,0.00,0.00,0.00,0.00,0.00,0.00,0.00,0.00,0.00,02-Sep,03-Sep,04-Sep,05-Sep,06-Sep,07-Sep,08-Sep,02-Sep,03-Sep,04-Sep,05-Sep,06-Sep,07-Sep,08-Sep,7,7,0
Nagpur,Chandrapur,Chandrapur,Pombhurna,Pombhurna,7928270,Pomnbhurna Grid & 15 Villages RR Retrofitting,Jam Tukum,1172,1,0.00,0.00,0.00,0.00,0.00,0.00,0.00,0.00,0.00,0.00,0.00,0.00,0.00,0.00,02-Sep,03-Sep,04-Sep,05-Sep,06-Sep,07-Sep,08-Sep,02-Sep,03-Sep,04-Sep,05-Sep,06-Sep,07-Sep,08-Sep,7,7,0
Nagpur,Chandrapur,Chandrapur,Pombhurna,Pombhurna,7928270,Pomnbhurna Grid & 15 Villages RR Retrofitting,Mohadi,3272,1,0.04,0.00,0.00,0.00,0.00,0.00,0.00,1.22,0.00,0.00,0.00,0.00,0.00,0.00,02-Sep,03-Sep,04-Sep,05-Sep,06-Sep,07-Sep,08-Sep,02-Sep,03-Sep,04-Sep,05-Sep,06-Sep,07-Sep,08-Sep,6,7,0
Nagpur,Chandrapur,Chandrapur,Pombhurna,Pombhurna,7928270,Pomnbhurna Grid & 15 Villages RR Retrofitting,Navegaon More,1680,1,0.00,0.00,0.00,0.00,0.00,0.00,0.00,0.00,0.00,0.00,0.00,0.00,0.00,0.00,02-Sep,03-Sep,04-Sep,05-Sep,06-Sep,07-Sep,08-Sep,02-Sep,03-Sep,04-Sep,05-Sep,06-Sep,07-Sep,08-Sep,7,7,0
Nagpur,Chandrapur,Chandrapur,Pombhurna,Pombhurna,7928270,Pomnbhurna Grid & 15 Villages RR Retrofitting,Rampur Dixit,680,1,0.00,0.00,0.00,0.00,0.00,0.00,0.00,0.00,0.00,0.00,0.00,0.00,0.00,0.00,02-Sep,03-Sep,04-Sep,05-Sep,06-Sep,07-Sep,08-Sep,02-Sep,03-Sep,04-Sep,05-Sep,06-Sep,07-Sep,08-Sep,7,7,0
Nagpur,Chandrapur,Chandrapur,Pombhurna,Pombhurna,7928270,Pomnbhurna Grid & 15 Villages RR Retrofitting,Selur Nagreddi,568,1,0.00,0.00,0.00,0.00,0.00,0.00,0.00,0.00,0.00,0.00,0.00,0.00,0.00,0.00,02-Sep,03-Sep,04-Sep,05-Sep,06-Sep,07-Sep,08-Sep,02-Sep,03-Sep,04-Sep,05-Sep,06-Sep,07-Sep,08-Sep,7,7,0
Nagpur,Chandrapur,Chandrapur,Pombhurna,Pombhurna,7928270,Pomnbhurna Grid & 15 Villages RR Retrofitting,Welwa,1548,2,0.01,0.00,0.00,0.00,0.00,0.00,0.00,0.65,0.00,0.00,0.00,0.00,0.00,0.00,02-Sep,03-Sep,04-Sep,05-Sep,06-Sep,07-Sep,08-Sep,02-Sep,03-Sep,04-Sep,05-Sep,06-Sep,07-Sep,08-Sep,6,7,0
Nagpur,Chandrapur,Wardha,Wardha,Hinganghat,20027837,Allipur & 6 Village RRWSS,Alamdoh,856,2,0.00,0.00,0.00,0.13,0.12,0.00,0.07,0.05,0.00,0.00,15.21,14.04,0.00,8.60,02-Sep,03-Sep,04-Sep,05-Sep,06-Sep,07-Sep,08-Sep,02-Sep,03-Sep,04-Sep,05-Sep,06-Sep,07-Sep,08-Sep,3,7,0
Nagpur,Chandrapur,Wardha,Wardha,Hinganghat,20027837,Allipur & 6 Village RRWSS,Allipur,75080,3,0.69,1.82,1.94,2.41,1.00,2.27,0.62,0.92,2.42,2.58,3.21,1.33,3.02,0.83,02-Sep,03-Sep,04-Sep,05-Sep,06-Sep,07-Sep,08-Sep,02-Sep,03-Sep,04-Sep,05-Sep,06-Sep,07-Sep,08-Sep,0,7,0
Nagpur,Chandrapur,Wardha,Wardha,Hinganghat,20027837,Allipur & 6 Village RRWSS,Kachangaon Fata,1544,1,0.00,0.00,0.00,0.00,0.00,0.00,0.00,0.00,0.00,0.00,0.00,0.00,0.00,0.00,02-Sep,03-Sep,04-Sep,05-Sep,06-Sep,07-Sep,08-Sep,02-Sep,03-Sep,04-Sep,05-Sep,06-Sep,07-Sep,08-Sep,7,7,0
Nagpur,Chandrapur,Wardha,Wardha,Hinganghat,20027837,Allipur & 6 Village RRWSS,Kanchangaon,1544,2,10.62,10.10,5.46,10.00,8.89,10.53,9.45,687.84,654.15,353.88,647.67,575.78,682.00,612.05,02-Sep,03-Sep,04-Sep,05-Sep,06-Sep,07-Sep,08-Sep,02-Sep,03-Sep,04-Sep,05-Sep,06-Sep,07-Sep,08-Sep,0,0,7
Nagpur,Chandrapur,Wardha,Wardha,Hinganghat,20027837,Allipur & 6 Village RRWSS,Mansaoli,1044,2,0.51,0.66,0.96,1.46,1.14,1.18,1.11,48.85,63.22,91.95,139.85,109.20,113.03,106.32,02-Sep,03-Sep,04-Sep,05-Sep,06-Sep,07-Sep,08-Sep,02-Sep,03-Sep,04-Sep,05-Sep,06-Sep,07-Sep,08-Sep,0,1,6
Nagpur,Chandrapur,Wardha,Wardha,Hinganghat,20027837,Allipur & 6 Village RRWSS,Pavni,168,2,6.39,6.21,5.96,6.23,6.19,6.78,8.22,3805.99,3694.67,3550.10,3706.98,3686.51,4033.60,4891.05,02-Sep,03-Sep,04-Sep,05-Sep,06-Sep,07-Sep,08-Sep,02-Sep,03-Sep,04-Sep,05-Sep,06-Sep,07-Sep,08-Sep,0,0,7
Nagpur,Chandrapur,Wardha,Wardha,Hinganghat,20027837,Allipur & 6 Village RRWSS,Sirasgaon,1892,1,1.11,1.02,0.96,0.88,0.50,0.00,0.89,58.67,53.91,50.74,46.51,26.43,0.00,47.04,02-Sep,03-Sep,04-Sep,05-Sep,06-Sep,07-Sep,08-Sep,02-Sep,03-Sep,04-Sep,05-Sep,06-Sep,07-Sep,08-Sep,1,6,1
Nagpur,Chandrapur,Wardha,Wardha,Hinganghat,20027837,Allipur & 6 Village RRWSS,Sonegaon,1360,1,0.00,0.00,0.00,0.00,0.20,0.12,0.15,0.00,0.00,0.00,0.00,14.62,9.15,11.29,02-Sep,03-Sep,04-Sep,05-Sep,06-Sep,07-Sep,08-Sep,02-Sep,03-Sep,04-Sep,05-Sep,06-Sep,07-Sep,08-Sep,4,7,0
Nagpur,Chandrapur,Wardha,Wardha,Wardha,20010215,Sewagram & 5 Villages RRWSS,Barbadi,7000,2,2.39,3.06,2.31,3.19,2.09,3.42,1.42,34.14,43.71,33.00,45.57,29.86,48.86,20.29,02-Sep,03-Sep,04-Sep,05-Sep,06-Sep,07-Sep,08-Sep,02-Sep,03-Sep,04-Sep,05-Sep,06-Sep,07-Sep,08-Sep,0,7,0
Nagpur,Chandrapur,Wardha,Wardha,Wardha,20010215,Sewagram & 5 Villages RRWSS,Bhugaon,2400,2,1.78,1.16,0.86,13.28,0.00,0.00,0.00,74.17,48.33,35.83,553.31,0.00,0.00,0.00,02-Sep,03-Sep,04-Sep,05-Sep,06-Sep,07-Sep,08-Sep,02-Sep,03-Sep,04-Sep,05-Sep,06-Sep,07-Sep,08-Sep,3,5,2
Nagpur,Chandrapur,Wardha,Wardha,Wardha,20010215,Sewagram & 5 Villages RRWSS,Chitoda,2400,2,0.49,1.07,1.42,0.86,0.89,0.97,0.95,20.42,44.58,59.17,35.83,37.08,40.42,39.58,02-Sep,03-Sep,04-Sep,05-Sep,06-Sep,07-Sep,08-Sep,02-Sep,03-Sep,04-Sep,05-Sep,06-Sep,07-Sep,08-Sep,0,6,1
Nagpur,Chandrapur,Wardha,Wardha,Wardha,20010215,Sewagram & 5 Villages RRWSS,Injhapur,2200,2,3.13,1.71,5.61,1.38,0.87,0.00,1.01,142.40,77.61,254.98,62.65,39.49,0.00,45.77,02-Sep,03-Sep,04-Sep,05-Sep,06-Sep,07-Sep,08-Sep,02-Sep,03-Sep,04-Sep,05-Sep,06-Sep,07-Sep,08-Sep,1,3,4
Nagpur,Chandrapur,Wardha,Wardha,Wardha,20010215,Sewagram & 5 Villages RRWSS,Selakate,3000,1,1.38,0.02,0.22,0.00,0.00,0.00,0.00,46.00,0.67,7.33,0.00,0.00,0.00,0.00,02-Sep,03-Sep,04-Sep,05-Sep,06-Sep,07-Sep,08-Sep,02-Sep,03-Sep,04-Sep,05-Sep,06-Sep,07-Sep,08-Sep,4,7,0
Nagpur,Chandrapur,Wardha,Wardha,Wardha,20010215,Sewagram & 5 Villages RRWSS,Sewagram,6792,3,37.98,19.92,29.53,5.20,1.71,1.90,9.61,559.19,293.23,434.80,76.56,25.18,27.97,141.49,02-Sep,03-Sep,04-Sep,05-Sep,06-Sep,07-Sep,08-Sep,02-Sep,03-Sep,04-Sep,05-Sep,06-Sep,07-Sep,08-Sep,0,2,5
Nagpur,Chandrapur,Wardha,Wardha,Wardha,20010215,Sewagram & 5 Villages RRWSS,Sewagram (Zone 2),6792,1,5.44,4.77,3.97,1.79,2.19,5.04,0.89,80.03,70.23,58.45,26.35,32.30,74.15,13.10,02-Sep,03-Sep,04-Sep,05-Sep,06-Sep,07-Sep,08-Sep,02-Sep,03-Sep,04-Sep,05-Sep,06-Sep,07-Sep,08-Sep,0,3,4
Nagpur,Chandrapur,Wardha,Wardha,Wardha,20010215,Sewagram & 5 Villages RRWSS,Sewagram (Zone 3),6792,1,0.00,0.00,0.00,0.00,0.00,0.00,0.00,0.00,0.00,0.00,0.00,0.00,0.00,0.00,02-Sep,03-Sep,04-Sep,05-Sep,06-Sep,07-Sep,08-Sep,02-Sep,03-Sep,04-Sep,05-Sep,06-Sep,07-Sep,08-Sep,7,7,0
Nagpur,Nagpur,Chandrapur,Chandrapur,Chimur,20036536,Bothali & 7 Village RR WSS,Bothali,2250,1,0.00,0.00,0.00,0.00,0.00,0.00,0.00,0.00,0.00,0.00,0.00,0.00,0.00,0.00,02-Sep,03-Sep,04-Sep,05-Sep,06-Sep,07-Sep,08-Sep,02-Sep,03-Sep,04-Sep,05-Sep,06-Sep,07-Sep,08-Sep,7,7,0
Nagpur,Nagpur,Chandrapur,Chandrapur,Chimur,20036536,Bothali & 7 Village RR WSS,Chak Piranji,1771,1,0.00,0.00,0.00,0.00,0.00,0.00,0.00,0.00,0.00,0.00,0.00,0.00,0.00,0.00,02-Sep,03-Sep,04-Sep,05-Sep,06-Sep,07-Sep,08-Sep,02-Sep,03-Sep,04-Sep,05-Sep,06-Sep,07-Sep,08-Sep,7,7,0
Nagpur,Nagpur,Chandrapur,Chandrapur,Chimur,20036536,Bothali & 7 Village RR WSS,Chichbodi,1436,1,0.00,0.00,0.00,0.00,0.00,0.00,0.00,0.00,0.00,0.00,0.00,0.00,0.00,0.00,02-Sep,03-Sep,04-Sep,05-Sep,06-Sep,07-Sep,08-Sep,02-Sep,03-Sep,04-Sep,05-Sep,06-Sep,07-Sep,08-Sep,7,7,0
Nagpur,Nagpur,Chandrapur,Chandrapur,Chimur,20036536,Bothali & 7 Village RR WSS,Hirapur,1793,1,0.00,0.00,0.00,0.00,0.00,0.00,0.00,0.00,0.00,0.00,0.00,0.00,0.00,0.00,02-Sep,03-Sep,04-Sep,05-Sep,06-Sep,07-Sep,08-Sep,02-Sep,03-Sep,04-Sep,05-Sep,06-Sep,07-Sep,08-Sep,7,7,0
Nagpur,Nagpur,Chandrapur,Chandrapur,Chimur,20036536,Bothali & 7 Village RR WSS,Kesarwari,429,1,0.00,0.00,0.00,0.00,0.00,0.00,0.00,0.14,0.07,0.37,0.14,0.35,0.21,0.05,02-Sep,03-Sep,04-Sep,05-Sep,06-Sep,07-Sep,08-Sep,02-Sep,03-Sep,04-Sep,05-Sep,06-Sep,07-Sep,08-Sep,0,7,0
Nagpur,Nagpur,Chandrapur,Chandrapur,Chimur,20036536,Bothali & 7 Village RR WSS,Malpiranji,469,1,0.00,0.00,0.00,0.00,0.00,0.00,0.00,0.00,0.00,0.00,0.00,0.00,0.00,0.00,02-Sep,03-Sep,04-Sep,05-Sep,06-Sep,07-Sep,08-Sep,02-Sep,03-Sep,04-Sep,05-Sep,06-Sep,07-Sep,08-Sep,7,7,0
Nagpur,Nagpur,Chandrapur,Chandrapur,Chimur,20036536,Bothali & 7 Village RR WSS,Rajoli Chak,377,1,0.00,0.00,0.00,0.00,0.00,0.00,0.00,0.00,0.00,0.00,0.00,0.00,0.00,0.00,02-Sep,03-Sep,04-Sep,05-Sep,06-Sep,07-Sep,08-Sep,02-Sep,03-Sep,04-Sep,05-Sep,06-Sep,07-Sep,08-Sep,7,7,0
Nagpur,Nagpur,Chandrapur,Chandrapur,Chimur,20036536,Bothali & 7 Village RR WSS,Rajoli Fall,824,1,0.00,0.00,0.00,0.00,0.00,0.00,0.00,0.00,0.00,0.00,0.00,0.00,0.00,0.00,02-Sep,03-Sep,04-Sep,05-Sep,06-Sep,07-Sep,08-Sep,02-Sep,03-Sep,04-Sep,05-Sep,06-Sep,07-Sep,08-Sep,7,7,0
Nagpur,Nagpur,Chandrapur,Chandrapur,Mul,20036862,Bor Chandli 5 Village RR WSS,Chak Bembal,345,1,0.00,0.00,0.00,0.00,0.00,0.00,0.00,0.00,0.00,0.00,0.00,0.00,0.00,0.00,02-Sep,03-Sep,04-Sep,05-Sep,06-Sep,07-Sep,08-Sep,02-Sep,03-Sep,04-Sep,05-Sep,06-Sep,07-Sep,08-Sep,7,7,0
Nagpur,Nagpur,Chandrapur,Chandrapur,Mul,20036862,Bor Chandli 5 Village RR WSS,Pipari (Dixit),1207,1,0.00,0.00,0.00,0.00,0.00,0.00,0.00,0.00,0.00,0.00,0.00,0.00,0.00,0.00,02-Sep,03-Sep,04-Sep,05-Sep,06-Sep,07-Sep,08-Sep,02-Sep,03-Sep,04-Sep,05-Sep,06-Sep,07-Sep,08-Sep,7,7,0
Nagpur,Nagpur,Chandrapur,Chandrapur,Mul,20036862,Bor Chandli 5 Village RR WSS,Sintala,1092,1,0.00,0.00,0.00,0.00,0.00,0.00,0.00,0.00,0.00,0.00,0.00,0.00,0.00,0.00,02-Sep,03-Sep,04-Sep,05-Sep,06-Sep,07-Sep,08-Sep,02-Sep,03-Sep,04-Sep,05-Sep,06-Sep,07-Sep,08-Sep,7,7,0
Nagpur,Nagpur,Chandrapur,Chandrapur,Mul,20036862,Bor Chandli 5 Village RR WSS,Virai,1720,1,0.00,0.00,0.00,0.00,0.00,0.00,0.00,0.00,0.00,0.00,0.00,0.00,0.00,0.00,02-Sep,03-Sep,04-Sep,05-Sep,06-Sep,07-Sep,08-Sep,02-Sep,03-Sep,04-Sep,05-Sep,06-Sep,07-Sep,08-Sep,7,7,0
Nagpur,Nagpur,Chandrapur,Chandrapur,Mul,20036862,Bor Chandli 5 Village RR WSS,Yergaon,2061,1,0.00,0.00,0.00,0.00,0.00,0.00,0.00,0.00,0.00,0.00,0.00,0.00,0.00,0.00,02-Sep,03-Sep,04-Sep,05-Sep,06-Sep,07-Sep,08-Sep,02-Sep,03-Sep,04-Sep,05-Sep,06-Sep,07-Sep,08-Sep,7,7,0
Nagpur,Nagpur,Chandrapur,Gadchiroli,Chamorshi,2009882,Ghot RRWSS,Ghot,8436,2,0.00,0.00,0.00,0.00,0.00,0.00,0.00,0.00,0.00,0.00,0.00,0.00,0.00,0.00,02-Sep,03-Sep,04-Sep,05-Sep,06-Sep,07-Sep,08-Sep,02-Sep,03-Sep,04-Sep,05-Sep,06-Sep,07-Sep,08-Sep,7,7,0
Nagpur,Nagpur,Chandrapur,Gadchiroli,Chamorshi,2009882,Ghot RRWSS,Navegaon,645,1,0.00,0.00,0.00,0.00,0.00,0.00,0.00,0.00,0.00,0.00,0.00,0.00,0.00,0.00,02-Sep,03-Sep,04-Sep,05-Sep,06-Sep,07-Sep,08-Sep,02-Sep,03-Sep,04-Sep,05-Sep,06-Sep,07-Sep,08-Sep,7,7,0
Nagpur,Nagpur,Chandrapur,Gadchiroli,Chamorshi,2009882,Ghot RRWSS,Nikatwada,1455,1,0.00,0.00,0.00,0.00,0.00,0.00,0.00,0.00,0.00,0.00,0.00,0.00,0.00,0.00,02-Sep,03-Sep,04-Sep,05-Sep,06-Sep,07-Sep,08-Sep,02-Sep,03-Sep,04-Sep,05-Sep,06-Sep,07-Sep,08-Sep,7,7,0
Nagpur,Nagpur,Chandrapur,Mul,Mul,7890965,Mul Grid & 24 Villages  RR WSS Retrofitting,Agadi,425,1,0.00,0.00,0.00,0.00,0.00,0.00,0.00,0.00,0.00,0.00,0.00,0.00,0.00,0.00,02-Sep,03-Sep,04-Sep,05-Sep,06-Sep,07-Sep,08-Sep,02-Sep,03-Sep,04-Sep,05-Sep,06-Sep,07-Sep,08-Sep,7,7,0
Nagpur,Nagpur,Chandrapur,Mul,Mul,7890965,Mul Grid & 24 Villages  RR WSS Retrofitting,Akapur,537,1,0.00,0.00,0.00,0.00,0.00,0.00,0.00,0.00,0.00,0.00,0.00,0.00,0.00,0.00,02-Sep,03-Sep,04-Sep,05-Sep,06-Sep,07-Sep,08-Sep,02-Sep,03-Sep,04-Sep,05-Sep,06-Sep,07-Sep,08-Sep,7,7,0
Nagpur,Nagpur,Chandrapur,Mul,Mul,7890965,Mul Grid & 24 Villages  RR WSS Retrofitting,Bhawarala,1032,1,0.70,0.55,0.54,0.65,0.72,2.99,1.54,68.25,52.88,52.30,62.56,69.34,289.75,149.04,02-Sep,03-Sep,04-Sep,05-Sep,06-Sep,07-Sep,08-Sep,02-Sep,03-Sep,04-Sep,05-Sep,06-Sep,07-Sep,08-Sep,0,2,5
Nagpur,Nagpur,Chandrapur,Mul,Mul,7890965,Mul Grid & 24 Villages  RR WSS Retrofitting,Chak Chikhli No.1,253,1,0.00,0.00,0.00,0.00,0.00,0.00,0.00,0.00,0.00,0.00,0.00,0.00,0.00,0.00,02-Sep,03-Sep,04-Sep,05-Sep,06-Sep,07-Sep,08-Sep,02-Sep,03-Sep,04-Sep,05-Sep,06-Sep,07-Sep,08-Sep,7,7,0
Nagpur,Nagpur,Chandrapur,Mul,Mul,7890965,Mul Grid & 24 Villages  RR WSS Retrofitting,Chak Katwan,247,1,0.00,0.00,0.00,0.00,0.00,0.00,0.00,0.00,0.00,0.00,0.00,0.00,0.00,0.00,02-Sep,03-Sep,04-Sep,05-Sep,06-Sep,07-Sep,08-Sep,02-Sep,03-Sep,04-Sep,05-Sep,06-Sep,07-Sep,08-Sep,7,7,0
Nagpur,Nagpur,Chandrapur,Mul,Mul,7890965,Mul Grid & 24 Villages  RR WSS Retrofitting,Chichala (Mo),3322,1,1.84,2.59,1.25,1.56,2.72,3.22,3.08,55.52,77.88,37.66,47.00,81.98,96.83,92.83,02-Sep,03-Sep,04-Sep,05-Sep,06-Sep,07-Sep,08-Sep,02-Sep,03-Sep,04-Sep,05-Sep,06-Sep,07-Sep,08-Sep,0,2,5
Nagpur,Nagpur,Chandrapur,Mul,Mul,7890965,Mul Grid & 24 Villages  RR WSS Retrofitting,Chicholi,2400,1,0.25,0.12,0.14,0.20,0.24,0.21,0.21,10.30,5.05,5.84,8.35,9.95,8.88,8.75,02-Sep,03-Sep,04-Sep,05-Sep,06-Sep,07-Sep,08-Sep,02-Sep,03-Sep,04-Sep,05-Sep,06-Sep,07-Sep,08-Sep,0,7,0
Nagpur,Nagpur,Chandrapur,Mul,Mul,7890965,Mul Grid & 24 Villages  RR WSS Retrofitting,Chimadha,1589,1,0.00,0.00,0.00,0.00,0.00,0.00,0.00,0.00,0.00,0.00,0.00,0.00,0.00,0.00,02-Sep,03-Sep,04-Sep,05-Sep,06-Sep,07-Sep,08-Sep,02-Sep,03-Sep,04-Sep,05-Sep,06-Sep,07-Sep,08-Sep,7,7,0
Nagpur,Nagpur,Chandrapur,Mul,Mul,7890965,Mul Grid & 24 Villages  RR WSS Retrofitting,Chitegaon Zone-III,1300,1,0.00,0.00,0.00,0.00,0.00,0.00,0.57,0.00,0.00,0.00,0.00,0.00,0.00,43.85,02-Sep,03-Sep,04-Sep,05-Sep,06-Sep,07-Sep,08-Sep,02-Sep,03-Sep,04-Sep,05-Sep,06-Sep,07-Sep,08-Sep,6,7,0
Nagpur,Nagpur,Chandrapur,Mul,Mul,7890965,Mul Grid & 24 Villages  RR WSS Retrofitting,Churul Tukum,402,1,0.72,0.04,0.04,2.17,0.04,0.03,2.27,177.92,9.22,9.05,539.19,10.20,7.39,565.10,02-Sep,03-Sep,04-Sep,05-Sep,06-Sep,07-Sep,08-Sep,02-Sep,03-Sep,04-Sep,05-Sep,06-Sep,07-Sep,08-Sep,0,4,3
Nagpur,Nagpur,Chandrapur,Mul,Mul,7890965,Mul Grid & 24 Villages  RR WSS Retrofitting,Fiskuti,2415,2,0.00,0.00,0.00,0.00,0.00,0.00,0.00,0.00,0.00,0.00,0.00,0.00,0.00,0.00,02-Sep,03-Sep,04-Sep,05-Sep,06-Sep,07-Sep,08-Sep,02-Sep,03-Sep,04-Sep,05-Sep,06-Sep,07-Sep,08-Sep,7,7,0
Nagpur,Nagpur,Chandrapur,Mul,Mul,7890965,Mul Grid & 24 Villages  RR WSS Retrofitting,Gangalwadi,862,1,0.00,0.00,0.00,0.00,0.00,0.00,0.00,0.00,0.00,0.00,0.00,0.00,0.00,0.00,02-Sep,03-Sep,04-Sep,05-Sep,06-Sep,07-Sep,08-Sep,02-Sep,03-Sep,04-Sep,05-Sep,06-Sep,07-Sep,08-Sep,7,7,0
Nagpur,Nagpur,Chandrapur,Mul,Mul,7890965,Mul Grid & 24 Villages  RR WSS Retrofitting,Haldi Gaonganna,1238,1,0.70,0.55,0.27,0.60,0.39,0.91,1.04,56.82,44.52,21.42,48.62,31.23,73.36,83.74,02-Sep,03-Sep,04-Sep,05-Sep,06-Sep,07-Sep,08-Sep,02-Sep,03-Sep,04-Sep,05-Sep,06-Sep,07-Sep,08-Sep,0,4,3
Nagpur,Nagpur,Chandrapur,Mul,Mul,7890965,Mul Grid & 24 Villages  RR WSS Retrofitting,Janala Ryt.,890,2,0.00,0.00,0.00,0.00,0.00,0.00,0.00,0.00,0.00,0.00,0.00,0.00,0.00,0.00,02-Sep,03-Sep,04-Sep,05-Sep,06-Sep,07-Sep,08-Sep,02-Sep,03-Sep,04-Sep,05-Sep,06-Sep,07-Sep,08-Sep,7,7,0
Nagpur,Nagpur,Chandrapur,Mul,Mul,7890965,Mul Grid & 24 Villages  RR WSS Retrofitting,Kantapeth Ryt.,938,1,0.00,0.00,0.00,0.00,0.00,0.00,0.00,0.00,0.00,0.00,0.00,0.00,0.00,0.00,02-Sep,03-Sep,04-Sep,05-Sep,06-Sep,07-Sep,08-Sep,02-Sep,03-Sep,04-Sep,05-Sep,06-Sep,07-Sep,08-Sep,7,7,0
Nagpur,Nagpur,Chandrapur,Mul,Mul,7890965,Mul Grid & 24 Villages  RR WSS Retrofitting,Karwan,470,1,2.08,0.84,0.46,0.38,0.63,0.27,0.37,441.86,177.82,98.10,81.44,133.98,56.54,79.23,02-Sep,03-Sep,04-Sep,05-Sep,06-Sep,07-Sep,08-Sep,02-Sep,03-Sep,04-Sep,05-Sep,06-Sep,07-Sep,08-Sep,0,0,7
Nagpur,Nagpur,Chandrapur,Mul,Mul,7890965,Mul Grid & 24 Villages  RR WSS Retrofitting,Kosambi,873,1,0.18,0.02,0.00,0.43,0.27,0.59,0.06,20.14,2.11,0.00,48.81,30.64,67.43,6.51,02-Sep,03-Sep,04-Sep,05-Sep,06-Sep,07-Sep,08-Sep,02-Sep,03-Sep,04-Sep,05-Sep,06-Sep,07-Sep,08-Sep,1,6,1
Nagpur,Nagpur,Chandrapur,Mul,Mul,7890965,Mul Grid & 24 Villages  RR WSS Retrofitting,Manda Tukum,228,1,0.00,0.00,0.00,0.00,0.00,0.00,0.00,0.00,0.00,0.00,0.00,0.00,0.00,0.00,02-Sep,03-Sep,04-Sep,05-Sep,06-Sep,07-Sep,08-Sep,02-Sep,03-Sep,04-Sep,05-Sep,06-Sep,07-Sep,08-Sep,7,7,0
Nagpur,Nagpur,Chandrapur,Mul,Mul,7890965,Mul Grid & 24 Villages  RR WSS Retrofitting,Marhegaon,824,1,1.17,1.95,2.16,1.39,1.05,1.72,1.34,142.30,237.10,262.24,168.86,127.05,208.40,162.76,02-Sep,03-Sep,04-Sep,05-Sep,06-Sep,07-Sep,08-Sep,02-Sep,03-Sep,04-Sep,05-Sep,06-Sep,07-Sep,08-Sep,0,0,7
Nagpur,Nagpur,Chandrapur,Mul,Mul,7890965,Mul Grid & 24 Villages  RR WSS Retrofitting,Maroda,4360,1,0.00,0.00,0.00,0.00,0.00,0.00,0.00,0.00,0.00,0.00,0.00,0.00,0.00,0.00,02-Sep,03-Sep,04-Sep,05-Sep,06-Sep,07-Sep,08-Sep,02-Sep,03-Sep,04-Sep,05-Sep,06-Sep,07-Sep,08-Sep,7,7,0
Nagpur,Nagpur,Chandrapur,Mul,Mul,7890965,Mul Grid & 24 Villages  RR WSS Retrofitting,Morwahi Mal,593,1,0.00,0.00,0.00,0.00,0.00,0.00,0.00,0.00,0.00,0.00,0.00,0.00,0.00,0.00,02-Sep,03-Sep,04-Sep,05-Sep,06-Sep,07-Sep,08-Sep,02-Sep,03-Sep,04-Sep,05-Sep,06-Sep,07-Sep,08-Sep,7,7,0
Nagpur,Nagpur,Chandrapur,Mul,Mul,7890965,Mul Grid & 24 Villages  RR WSS Retrofitting,Rajgad,1638,1,0.00,0.00,0.00,0.00,0.00,0.00,0.65,0.00,0.00,0.00,0.00,0.00,0.00,39.80,02-Sep,03-Sep,04-Sep,05-Sep,06-Sep,07-Sep,08-Sep,02-Sep,03-Sep,04-Sep,05-Sep,06-Sep,07-Sep,08-Sep,6,7,0
Nagpur,Nagpur,Chandrapur,Mul,Mul,7890965,Mul Grid & 24 Villages  RR WSS Retrofitting,Tadala Tukum,1575,1,0.00,0.00,0.00,0.00,0.00,0.04,0.00,0.00,0.00,0.00,0.00,0.00,2.31,0.04,02-Sep,03-Sep,04-Sep,05-Sep,06-Sep,07-Sep,08-Sep,02-Sep,03-Sep,04-Sep,05-Sep,06-Sep,07-Sep,08-Sep,5,7,0
Nagpur,Nagpur,Chandrapur,Mul,Mul,7890965,Mul Grid & 24 Villages  RR WSS Retrofitting,Tekadi,2164,1,0.00,0.17,0.50,0.84,1.20,0.00,0.00,0.00,8.05,23.15,38.72,55.52,0.00,0.00,02-Sep,03-Sep,04-Sep,05-Sep,06-Sep,07-Sep,08-Sep,02-Sep,03-Sep,04-Sep,05-Sep,06-Sep,07-Sep,08-Sep,3,6,1
Nagpur,Nagpur,Chandrapur,Mul,Mul,7890965,Mul Grid & 24 Villages  RR WSS Retrofitting,Tolewahi,542,1,0.00,0.00,0.00,0.00,0.00,0.00,0.00,0.00,0.00,0.00,0.06,0.00,0.00,0.07,02-Sep,03-Sep,04-Sep,05-Sep,06-Sep,07-Sep,08-Sep,02-Sep,03-Sep,04-Sep,05-Sep,06-Sep,07-Sep,08-Sep,5,7,0
Nagpur,Nagpur,Chandrapur,Wardha,Wardha,7891298,Pipri Meghe and 13 villages RR WSS,Alodi,9328,2,0.00,0.00,0.00,0.00,0.00,3.53,0.00,0.00,0.00,0.00,0.00,0.00,37.84,0.00,02-Sep,03-Sep,04-Sep,05-Sep,06-Sep,07-Sep,08-Sep,02-Sep,03-Sep,04-Sep,05-Sep,06-Sep,07-Sep,08-Sep,6,7,0
Nagpur,Nagpur,Chandrapur,Wardha,Wardha,7891298,Pipri Meghe and 13 villages RR WSS,Borgaon,688,2,0.00,1.72,3.52,5.89,4.23,7.83,1.77,0.00,250.04,511.17,855.44,615.51,1138.72,257.51,02-Sep,03-Sep,04-Sep,05-Sep,06-Sep,07-Sep,08-Sep,02-Sep,03-Sep,04-Sep,05-Sep,06-Sep,07-Sep,08-Sep,1,1,6
Nagpur,Nagpur,Chandrapur,Wardha,Wardha,7891298,Pipri Meghe and 13 villages RR WSS,Karla,2332,1,0.02,0.00,0.16,0.00,0.03,1.48,4.83,0.79,0.00,6.82,0.03,1.49,63.49,207.09,02-Sep,03-Sep,04-Sep,05-Sep,06-Sep,07-Sep,08-Sep,02-Sep,03-Sep,04-Sep,05-Sep,06-Sep,07-Sep,08-Sep,1,5,2
Nagpur,Nagpur,Chandrapur,Wardha,Wardha,7891298,Pipri Meghe and 13 villages RR WSS,Masala,548,1,0.02,0.11,0.14,0.00,0.00,1.16,0.00,3.65,20.07,25.55,0.00,0.00,211.68,0.00,02-Sep,03-Sep,04-Sep,05-Sep,06-Sep,07-Sep,08-Sep,02-Sep,03-Sep,04-Sep,05-Sep,06-Sep,07-Sep,08-Sep,3,6,1
Nagpur,Nagpur,Chandrapur,Wardha,Wardha,7891298,Pipri Meghe and 13 villages RR WSS,Nalwadi,13540,2,0.00,5.59,0.00,8.95,0.01,8.91,0.00,0.00,41.27,0.00,66.07,0.11,65.77,0.00,02-Sep,03-Sep,04-Sep,05-Sep,06-Sep,07-Sep,08-Sep,02-Sep,03-Sep,04-Sep,05-Sep,06-Sep,07-Sep,08-Sep,3,5,2
Nagpur,Nagpur,Chandrapur,Wardha,Wardha,7891298,Pipri Meghe and 13 villages RR WSS,Pipari Meghe,27164,1,0.00,2.39,2.57,2.98,1.73,1.10,2.70,0.00,8.80,9.46,10.97,6.37,4.05,9.94,02-Sep,03-Sep,04-Sep,05-Sep,06-Sep,07-Sep,08-Sep,02-Sep,03-Sep,04-Sep,05-Sep,06-Sep,07-Sep,08-Sep,1,7,0
Nagpur,Nagpur,Chandrapur,Wardha,Wardha,7891298,Pipri Meghe and 13 villages RR WSS,Pipri,2696,2,0.00,0.00,0.00,0.00,0.00,0.00,0.00,0.00,0.00,0.00,0.00,0.00,0.00,0.00,02-Sep,03-Sep,04-Sep,05-Sep,06-Sep,07-Sep,08-Sep,02-Sep,03-Sep,04-Sep,05-Sep,06-Sep,07-Sep,08-Sep,7,7,0
Nagpur,Nagpur,Chandrapur,Wardha,Wardha,7891298,Pipri Meghe and 13 villages RR WSS,Sawangi Meghe,16556,3,0.00,0.02,161.67,0.10,0.08,3.73,0.05,0.00,0.12,976.51,0.60,0.48,22.52,0.31,02-Sep,03-Sep,04-Sep,05-Sep,06-Sep,07-Sep,08-Sep,02-Sep,03-Sep,04-Sep,05-Sep,06-Sep,07-Sep,08-Sep,1,6,1
Nagpur,Nagpur,Chandrapur,Wardha,Wardha,7891298,Pipri Meghe and 13 villages RR WSS,Sawangi Meghe T-Point,16556,1,180.19,415.35,535.71,110.86,594.58,584.35,455.25,1088.36,2508.77,3235.72,669.61,3591.33,3529.51,2749.73,02-Sep,03-Sep,04-Sep,05-Sep,06-Sep,07-Sep,08-Sep,02-Sep,03-Sep,04-Sep,05-Sep,06-Sep,07-Sep,08-Sep,0,0,7
Nagpur,Nagpur,Chandrapur,Wardha,Wardha,7891298,Pipri Meghe and 13 villages RR WSS,Sindhi Meghe,29844,3,44.86,2411.90,265.26,0.00,6.28,1489.32,2782.64,150.31,8081.69,888.82,0.00,21.04,4990.35,9323.95,02-Sep,03-Sep,04-Sep,05-Sep,06-Sep,07-Sep,08-Sep,02-Sep,03-Sep,04-Sep,05-Sep,06-Sep,07-Sep,08-Sep,1,2,5
Nagpur,Nagpur,Chandrapur,Wardha,Wardha,7891298,Pipri Meghe and 13 villages RR WSS,Sotada,1608,1,0.15,2.01,0.00,0.00,4.34,1.21,0.00,9.33,125.00,0.00,0.00,269.90,75.25,0.00,02-Sep,03-Sep,04-Sep,05-Sep,06-Sep,07-Sep,08-Sep,02-Sep,03-Sep,04-Sep,05-Sep,06-Sep,07-Sep,08-Sep,3,4,3
Nagpur,Nagpur,Chandrapur,Wardha,Wardha,7891298,Pipri Meghe and 13 villages RR WSS,Varud,616,1,0.00,0.00,0.00,0.00,0.00,0.00,0.00,0.00,0.00,0.00,0.00,0.00,0.00,0.00,02-Sep,03-Sep,04-Sep,05-Sep,06-Sep,07-Sep,08-Sep,02-Sep,03-Sep,04-Sep,05-Sep,06-Sep,07-Sep,08-Sep,7,7,0
Nagpur,Nagpur,Chandrapur,Wardha,Wardha,7891298,Pipri Meghe and 13 villages RR WSS,Waigaon,8896,3,0.82,0.10,0.00,0.73,49.52,1.21,0.42,9.25,1.08,0.00,8.16,556.65,13.62,4.68,02-Sep,03-Sep,04-Sep,05-Sep,06-Sep,07-Sep,08-Sep,02-Sep,03-Sep,04-Sep,05-Sep,06-Sep,07-Sep,08-Sep,1,6,1
Nagpur,Nagpur,Gondia,Bhandara,Sakoli,631335,Ghanod RR Retrofitting,Bampewada,10254,1,0.01,0.00,0.00,0.00,0.00,0.01,0.01,0.08,0.00,0.00,0.00,0.01,0.09,0.05,02-Sep,03-Sep,04-Sep,05-Sep,06-Sep,07-Sep,08-Sep,02-Sep,03-Sep,04-Sep,05-Sep,06-Sep,07-Sep,08-Sep,3,7,0
Nagpur,Nagpur,Gondia,Bhandara,Sakoli,631335,Ghanod RR Retrofitting,Ghanod,2280,2,0.00,0.00,0.00,0.00,0.00,0.00,0.00,0.00,0.00,0.00,0.00,0.00,0.00,0.00,02-Sep,03-Sep,04-Sep,05-Sep,06-Sep,07-Sep,08-Sep,02-Sep,03-Sep,04-Sep,05-Sep,06-Sep,07-Sep,08-Sep,7,7,0
Nagpur,Nagpur,Gondia,Bhandara,Sakoli,631335,Ghanod RR Retrofitting,Sendurwafa,10254,1,13.65,7.69,10.82,8.70,0.00,0.70,16.15,133.12,75.01,105.50,84.84,0.00,6.83,157.50,02-Sep,03-Sep,04-Sep,05-Sep,06-Sep,07-Sep,08-Sep,02-Sep,03-Sep,04-Sep,05-Sep,06-Sep,07-Sep,08-Sep,1,2,5
Nagpur,Nagpur,Gondia,Bhandara,Tumsar,20017217,Dewadi RR WSS,Dhorwada,1144,1,0.39,0.12,0.38,0.38,0.39,0.40,0.25,34.24,10.23,33.43,33.21,34.48,35.39,21.88,02-Sep,03-Sep,04-Sep,05-Sep,06-Sep,07-Sep,08-Sep,02-Sep,03-Sep,04-Sep,05-Sep,06-Sep,07-Sep,08-Sep,0,7,0
Nagpur,Nagpur,Gondia,Bhandara,Tumsar,20017217,Dewadi RR WSS,Hasara,2638,1,0.00,0.00,0.00,0.00,0.00,0.00,0.00,0.00,0.00,0.00,0.00,0.00,0.00,0.00,02-Sep,03-Sep,04-Sep,05-Sep,06-Sep,07-Sep,08-Sep,02-Sep,03-Sep,04-Sep,05-Sep,06-Sep,07-Sep,08-Sep,7,7,0
Nagpur,Nagpur,Gondia,Bhandara,Tumsar,20017217,Dewadi RR WSS,Khapa,3087,1,0.00,0.00,0.33,0.00,0.00,0.00,0.00,0.00,0.00,10.66,0.00,0.00,0.00,0.00,02-Sep,03-Sep,04-Sep,05-Sep,06-Sep,07-Sep,08-Sep,02-Sep,03-Sep,04-Sep,05-Sep,06-Sep,07-Sep,08-Sep,6,7,0
Nagpur,Nagpur,Gondia,Bhandara,Tumsar,20017217,Dewadi RR WSS,Mangli,1558,1,0.74,0.63,0.05,0.40,0.60,0.60,0.62,47.68,40.43,3.53,25.94,38.71,38.55,39.54,02-Sep,03-Sep,04-Sep,05-Sep,06-Sep,07-Sep,08-Sep,02-Sep,03-Sep,04-Sep,05-Sep,06-Sep,07-Sep,08-Sep,0,7,0
Nagpur,Nagpur,Gondia,Bhandara,Tumsar,20017217,Dewadi RR WSS,Paraswada,1400,2,0.96,0.23,0.00,0.00,0.52,0.00,0.00,68.57,16.21,0.01,0.01,37.40,0.01,0.03,02-Sep,03-Sep,04-Sep,05-Sep,06-Sep,07-Sep,08-Sep,02-Sep,03-Sep,04-Sep,05-Sep,06-Sep,07-Sep,08-Sep,0,6,1
Nagpur,Nagpur,Gondia,Bhandara,Tumsar,20017217,Dewadi RR WSS,Stationtoli,1320,1,0.00,0.41,0.36,0.22,0.69,0.00,0.00,0.00,31.40,27.21,16.75,52.19,0.03,0.01,02-Sep,03-Sep,04-Sep,05-Sep,06-Sep,07-Sep,08-Sep,02-Sep,03-Sep,04-Sep,05-Sep,06-Sep,07-Sep,08-Sep,1,7,0
Nagpur,Nagpur,Gondia,Bhandara,Tumsar,631010,Gobarwahi RR Retrofitting,Alesur,2400,2,0.40,0.31,0.75,0.63,0.69,1.01,1.19,43.10,33.41,80.82,26.25,28.75,42.08,128.23,02-Sep,03-Sep,04-Sep,05-Sep,06-Sep,07-Sep,08-Sep,02-Sep,03-Sep,04-Sep,05-Sep,06-Sep,07-Sep,08-Sep,0,5,2
Nagpur,Nagpur,Gondia,Bhandara,Tumsar,631010,Gobarwahi RR Retrofitting,Chicholi,2212,1,0.00,0.00,0.00,0.00,0.00,0.00,0.00,0.00,0.00,0.00,0.00,0.00,0.00,0.00,02-Sep,03-Sep,04-Sep,05-Sep,06-Sep,07-Sep,08-Sep,02-Sep,03-Sep,04-Sep,05-Sep,06-Sep,07-Sep,08-Sep,7,7,0
Nagpur,Nagpur,Gondia,Bhandara,Tumsar,631010,Gobarwahi RR Retrofitting,Chikhali,1541,1,0.00,0.00,0.00,0.00,0.00,0.00,0.00,0.00,0.00,0.00,0.00,0.00,0.00,0.00,02-Sep,03-Sep,04-Sep,05-Sep,06-Sep,07-Sep,08-Sep,02-Sep,03-Sep,04-Sep,05-Sep,06-Sep,07-Sep,08-Sep,7,7,0
Nagpur,Nagpur,Gondia,Bhandara,Tumsar,631010,Gobarwahi RR Retrofitting,Deonara,648,1,0.13,0.00,0.00,0.00,0.00,0.00,0.00,20.14,0.00,0.00,0.00,0.00,0.00,0.00,02-Sep,03-Sep,04-Sep,05-Sep,06-Sep,07-Sep,08-Sep,02-Sep,03-Sep,04-Sep,05-Sep,06-Sep,07-Sep,08-Sep,6,7,0
Nagpur,Nagpur,Gondia,Bhandara,Tumsar,631010,Gobarwahi RR Retrofitting,Dongri Bk.,5014,1,0.00,0.00,0.00,0.30,0.25,0.32,0.37,0.00,0.00,0.00,6.03,5.00,6.43,7.36,02-Sep,03-Sep,04-Sep,05-Sep,06-Sep,07-Sep,08-Sep,02-Sep,03-Sep,04-Sep,05-Sep,06-Sep,07-Sep,08-Sep,3,7,0
Nagpur,Nagpur,Gondia,Bhandara,Tumsar,631010,Gobarwahi RR Retrofitting,Paunarkhari,2526,1,0.59,0.91,0.53,0.70,0.52,0.70,0.00,23.36,36.03,20.98,27.71,20.59,27.71,0.00,02-Sep,03-Sep,04-Sep,05-Sep,06-Sep,07-Sep,08-Sep,02-Sep,03-Sep,04-Sep,05-Sep,06-Sep,07-Sep,08-Sep,1,7,0
Nagpur,Nagpur,Gondia,Bhandara,Tumsar,631010,Gobarwahi RR Retrofitting,Pawnara,1187,1,0.33,0.40,0.62,0.95,0.83,0.98,2.03,27.80,33.70,52.23,80.03,69.92,82.56,171.02,02-Sep,03-Sep,04-Sep,05-Sep,06-Sep,07-Sep,08-Sep,02-Sep,03-Sep,04-Sep,05-Sep,06-Sep,07-Sep,08-Sep,0,3,4
Nagpur,Nagpur,Gondia,Bhandara,Tumsar,631010,Gobarwahi RR Retrofitting,Pitesur,1994,1,0.00,0.00,0.00,0.00,0.00,0.00,0.00,0.00,0.00,0.00,0.00,0.00,0.00,0.00,02-Sep,03-Sep,04-Sep,05-Sep,06-Sep,07-Sep,08-Sep,02-Sep,03-Sep,04-Sep,05-Sep,06-Sep,07-Sep,08-Sep,7,7,0
Nagpur,Nagpur,Gondia,Bhandara,Tumsar,631010,Gobarwahi RR Retrofitting,Ronga,1821,2,0.03,0.79,0.64,0.91,0.98,0.87,1.01,1.65,43.38,35.15,49.97,53.82,47.78,55.46,02-Sep,03-Sep,04-Sep,05-Sep,06-Sep,07-Sep,08-Sep,02-Sep,03-Sep,04-Sep,05-Sep,06-Sep,07-Sep,08-Sep,0,6,1
Nagpur,Nagpur,Gondia,Deori,Deori,20017028,Chichgad Palandur RR Retrofitting,Garartola,859,1,0.00,0.00,0.00,0.00,0.00,0.00,0.00,0.00,0.00,0.00,0.00,0.00,0.00,0.00,02-Sep,03-Sep,04-Sep,05-Sep,06-Sep,07-Sep,08-Sep,02-Sep,03-Sep,04-Sep,05-Sep,06-Sep,07-Sep,08-Sep,7,7,0
Nagpur,Nagpur,Gondia,Deori,Deori,20017028,Chichgad Palandur RR Retrofitting,Palandur,2216,1,0.00,0.00,0.00,0.00,0.00,0.00,0.00,0.00,0.00,0.00,0.00,0.00,0.00,0.00,02-Sep,03-Sep,04-Sep,05-Sep,06-Sep,07-Sep,08-Sep,02-Sep,03-Sep,04-Sep,05-Sep,06-Sep,07-Sep,08-Sep,7,7,0
Nagpur,Nagpur,Gondia,Deori,Deori,20017028,Chichgad Palandur RR Retrofitting,Singamdoh,700,1,0.00,0.00,0.00,0.00,0.00,0.00,0.00,0.00,0.00,0.00,0.00,0.00,0.00,0.00,02-Sep,03-Sep,04-Sep,05-Sep,06-Sep,07-Sep,08-Sep,02-Sep,03-Sep,04-Sep,05-Sep,06-Sep,07-Sep,08-Sep,7,7,0
Nagpur,Nagpur,Gondia,Deori,Deori,20017028,Chichgad Palandur RR Retrofitting,Sukali,400,1,0.00,0.00,0.00,0.00,0.00,0.00,0.00,0.00,0.00,0.00,0.00,0.00,0.00,0.00,02-Sep,03-Sep,04-Sep,05-Sep,06-Sep,07-Sep,08-Sep,02-Sep,03-Sep,04-Sep,05-Sep,06-Sep,07-Sep,08-Sep,7,7,0
Nagpur,Nagpur,Gondia,Deori,Deori,20017028,Chichgad Palandur RR Retrofitting,Tekri Magardoh Balapur,1800,1,0.00,0.00,0.00,0.00,0.00,0.00,0.00,0.00,0.00,0.00,0.00,0.00,0.00,0.00,02-Sep,03-Sep,04-Sep,05-Sep,06-Sep,07-Sep,08-Sep,02-Sep,03-Sep,04-Sep,05-Sep,06-Sep,07-Sep,08-Sep,7,7,0
Nagpur,Nagpur,Gondia,Gondia,Gondia,2003645,Kudwa-Katangikala Peri Urban RR,Katangikala,6640,2,2.47,1.40,1.67,3.31,2.63,2.33,4.01,37.20,21.13,25.16,49.91,39.56,35.13,60.34,02-Sep,03-Sep,04-Sep,05-Sep,06-Sep,07-Sep,08-Sep,02-Sep,03-Sep,04-Sep,05-Sep,06-Sep,07-Sep,08-Sep,0,6,1
Nagpur,Nagpur,Gondia,Gondia,Gondia,2003645,Kudwa-Katangikala Peri Urban RR,Kudwa,20000,3,0.00,0.00,0.00,0.00,0.00,0.00,0.00,0.00,0.00,0.00,0.00,0.00,0.00,0.00,02-Sep,03-Sep,04-Sep,05-Sep,06-Sep,07-Sep,08-Sep,02-Sep,03-Sep,04-Sep,05-Sep,06-Sep,07-Sep,08-Sep,7,7,0
Nagpur,Nagpur,Gondia,Gondia,Goregaon,20019216,GOREGAON RR Retrofitting,Bhadanga,4016,1,0.00,0.00,0.00,0.00,0.00,0.00,0.00,0.00,0.00,0.00,0.00,0.00,0.00,0.00,02-Sep,03-Sep,04-Sep,05-Sep,06-Sep,07-Sep,08-Sep,02-Sep,03-Sep,04-Sep,05-Sep,06-Sep,07-Sep,08-Sep,7,7,0
Nagpur,Nagpur,Gondia,Gondia,Goregaon,20019216,GOREGAON RR Retrofitting,Ghoti,3931,1,0.89,0.65,0.00,1.28,0.82,1.01,0.12,22.57,16.55,0.00,32.50,20.94,25.70,3.15,02-Sep,03-Sep,04-Sep,05-Sep,06-Sep,07-Sep,08-Sep,02-Sep,03-Sep,04-Sep,05-Sep,06-Sep,07-Sep,08-Sep,1,7,0
Nagpur,Nagpur,Gondia,Gondia,Goregaon,20019216,GOREGAON RR Retrofitting,Goregaon,8766,3,3.26,2.80,1.62,3.93,4.57,8.48,10803301.60,37.24,31.91,18.53,44.85,52.16,96.72,123240949.08,02-Sep,03-Sep,04-Sep,05-Sep,06-Sep,07-Sep,08-Sep,02-Sep,03-Sep,04-Sep,05-Sep,06-Sep,07-Sep,08-Sep,0,5,2
Nagpur,Nagpur,Gondia,Gondia,Goregaon,20019216,GOREGAON RR Retrofitting,Katangi,2643,1,0.74,2.24,0.56,0.75,0.15,0.54,0.00,28.04,84.67,21.12,28.56,5.64,20.54,0.01,02-Sep,03-Sep,04-Sep,05-Sep,06-Sep,07-Sep,08-Sep,02-Sep,03-Sep,04-Sep,05-Sep,06-Sep,07-Sep,08-Sep,0,6,1
Nagpur,Nagpur,Gondia,Gondia,Goregaon,20019216,GOREGAON RR Retrofitting,Mengatola,1000,1,0.02,0.01,0.00,0.00,0.00,0.00,0.00,1.51,0.76,0.00,0.00,0.01,0.06,0.00,02-Sep,03-Sep,04-Sep,05-Sep,06-Sep,07-Sep,08-Sep,02-Sep,03-Sep,04-Sep,05-Sep,06-Sep,07-Sep,08-Sep,3,7,0
Nagpur,Nagpur,Gondia,Sadak Arjuni,Sadak Arjuni,20016939,Putali RR WSS Retrofitting,Chirchadi,905,1,0.00,0.00,0.00,0.00,8.45,0.00,0.00,0.00,0.00,0.00,0.00,933.70,0.00,0.00,02-Sep,03-Sep,04-Sep,05-Sep,06-Sep,07-Sep,08-Sep,02-Sep,03-Sep,04-Sep,05-Sep,06-Sep,07-Sep,08-Sep,6,6,1
Nagpur,Nagpur,Gondia,Sadak Arjuni,Sadak Arjuni,20016939,Putali RR WSS Retrofitting,Dalli,1606,1,0.00,0.00,0.00,0.00,0.00,0.00,0.00,0.00,0.00,0.00,0.00,0.00,0.00,0.00,02-Sep,03-Sep,04-Sep,05-Sep,06-Sep,07-Sep,08-Sep,02-Sep,03-Sep,04-Sep,05-Sep,06-Sep,07-Sep,08-Sep,7,7,0
Nagpur,Nagpur,Gondia,Sadak Arjuni,Sadak Arjuni,20016939,Putali RR WSS Retrofitting,Kanharpayli,1487,1,0.00,0.00,0.00,0.00,0.00,0.00,0.00,0.00,0.00,0.00,0.00,0.00,0.00,0.00,02-Sep,03-Sep,04-Sep,05-Sep,06-Sep,07-Sep,08-Sep,02-Sep,03-Sep,04-Sep,05-Sep,06-Sep,07-Sep,08-Sep,7,7,0
Nagpur,Nagpur,Gondia,Sadak Arjuni,Sadak Arjuni,20016939,Putali RR WSS Retrofitting,Kanharpayli (Salaitola),1584,1,0.00,0.00,0.00,0.00,0.00,0.00,0.00,0.00,0.00,0.00,0.00,0.00,0.00,0.00,02-Sep,03-Sep,04-Sep,05-Sep,06-Sep,07-Sep,08-Sep,02-Sep,03-Sep,04-Sep,05-Sep,06-Sep,07-Sep,08-Sep,7,7,0
Nagpur,Nagpur,Gondia,Sadak Arjuni,Sadak Arjuni,20016939,Putali RR WSS Retrofitting,Kohalipar,126,1,0.00,0.00,0.00,0.00,0.00,0.00,0.00,0.00,0.00,0.00,0.00,0.00,0.00,0.00,02-Sep,03-Sep,04-Sep,05-Sep,06-Sep,07-Sep,08-Sep,02-Sep,03-Sep,04-Sep,05-Sep,06-Sep,07-Sep,08-Sep,7,7,0
Nagpur,Nagpur,Gondia,Sadak Arjuni,Sadak Arjuni,20016939,Putali RR WSS Retrofitting,Koylari,1575,1,0.00,0.00,0.00,0.00,0.00,0.00,0.00,0.00,0.00,0.00,0.00,0.00,0.00,0.00,02-Sep,03-Sep,04-Sep,05-Sep,06-Sep,07-Sep,08-Sep,02-Sep,03-Sep,04-Sep,05-Sep,06-Sep,07-Sep,08-Sep,7,7,0
Nagpur,Nagpur,Gondia,Sadak Arjuni,Sadak Arjuni,20016939,Putali RR WSS Retrofitting,Mohgata,189,1,0.00,0.00,0.00,0.00,0.00,0.00,0.00,0.00,0.00,0.00,0.00,0.00,0.00,0.00,02-Sep,03-Sep,04-Sep,05-Sep,06-Sep,07-Sep,08-Sep,02-Sep,03-Sep,04-Sep,05-Sep,06-Sep,07-Sep,08-Sep,7,7,0
Nagpur,Nagpur,Gondia,Sadak Arjuni,Sadak Arjuni,20016939,Putali RR WSS Retrofitting,Rengepar,1581,1,0.00,0.00,0.00,0.00,0.00,0.00,0.05,0.00,0.00,0.00,0.00,0.00,0.00,3.16,02-Sep,03-Sep,04-Sep,05-Sep,06-Sep,07-Sep,08-Sep,02-Sep,03-Sep,04-Sep,05-Sep,06-Sep,07-Sep,08-Sep,6,7,0
Nagpur,Nagpur,Gondia,Sadak Arjuni,Sadak Arjuni,20016939,Putali RR WSS Retrofitting,Ushikheda,710,1,0.00,0.00,0.00,0.00,0.00,0.00,0.00,0.00,0.00,0.00,0.00,0.00,0.00,0.00,02-Sep,03-Sep,04-Sep,05-Sep,06-Sep,07-Sep,08-Sep,02-Sep,03-Sep,04-Sep,05-Sep,06-Sep,07-Sep,08-Sep,7,7,0
Nagpur,Nagpur,Gondia,Sakoli,Sakoli-Lakhani,20022100,Sakoli Lakhani RR Retrofitting,Gadegaon,3072,2,3.52,2.82,3.71,3.78,3.10,3.43,3.17,114.49,91.96,120.63,123.10,100.91,111.81,103.03,02-Sep,03-Sep,04-Sep,05-Sep,06-Sep,07-Sep,08-Sep,02-Sep,03-Sep,04-Sep,05-Sep,06-Sep,07-Sep,08-Sep,0,0,7
Nagpur,Nagpur,Gondia,Sakoli,Sakoli-Lakhani,20022100,Sakoli Lakhani RR Retrofitting,Gondsawari,946,1,0.00,0.00,0.00,0.00,0.00,0.00,0.00,0.00,0.00,0.00,0.00,0.00,0.00,0.00,02-Sep,03-Sep,04-Sep,05-Sep,06-Sep,07-Sep,08-Sep,02-Sep,03-Sep,04-Sep,05-Sep,06-Sep,07-Sep,08-Sep,7,7,0
Nagpur,Nagpur,Gondia,Sakoli,Sakoli-Lakhani,20022100,Sakoli Lakhani RR Retrofitting,Jambhai,1844,1,1.96,1.79,3.13,2.56,0.00,3.36,0.00,106.29,97.07,169.74,138.83,0.00,182.21,0.00,02-Sep,03-Sep,04-Sep,05-Sep,06-Sep,07-Sep,08-Sep,02-Sep,03-Sep,04-Sep,05-Sep,06-Sep,07-Sep,08-Sep,2,2,5
Nagpur,Nagpur,Gondia,Sakoli,Sakoli-Lakhani,20022100,Sakoli Lakhani RR Retrofitting,Khandala,1847,1,0.00,0.62,1.30,0.99,0.69,0.51,0.69,0.00,33.57,70.38,53.60,37.36,27.61,37.36,02-Sep,03-Sep,04-Sep,05-Sep,06-Sep,07-Sep,08-Sep,02-Sep,03-Sep,04-Sep,05-Sep,06-Sep,07-Sep,08-Sep,1,6,1
Nagpur,Nagpur,Gondia,Sakoli,Sakoli-Lakhani,20022100,Sakoli Lakhani RR Retrofitting,Lakhori,2751,1,1.29,1.50,1.34,1.28,1.28,1.27,1.24,46.89,54.53,48.71,46.53,46.53,46.17,45.07,02-Sep,03-Sep,04-Sep,05-Sep,06-Sep,07-Sep,08-Sep,02-Sep,03-Sep,04-Sep,05-Sep,06-Sep,07-Sep,08-Sep,0,7,0
Nagpur,Nagpur,Gondia,Sakoli,Sakoli-Lakhani,20022100,Sakoli Lakhani RR Retrofitting,Manegaon,,1,0.00,0.00,0.00,0.00,0.00,0.00,0.00,0.00,0.00,0.00,0.00,0.00,0.00,0.00,02-Sep,03-Sep,04-Sep,05-Sep,06-Sep,07-Sep,08-Sep,02-Sep,03-Sep,04-Sep,05-Sep,06-Sep,07-Sep,08-Sep,7,7,0
Nagpur,Nagpur,Gondia,Sakoli,Sakoli-Lakhani,20022100,Sakoli Lakhani RR Retrofitting,Pimpalgaon,,1,0.00,0.00,0.00,0.00,0.00,0.00,0.00,0.00,0.00,0.00,0.00,0.00,0.00,0.00,02-Sep,03-Sep,04-Sep,05-Sep,06-Sep,07-Sep,08-Sep,02-Sep,03-Sep,04-Sep,05-Sep,06-Sep,07-Sep,08-Sep,7,7,0
Nagpur,Nagpur,Gondia,Sakoli,Sakoli-Lakhani,20022100,Sakoli Lakhani RR Retrofitting,Pindkepar,1388,1,0.00,2.00,1.92,1.38,0.95,0.67,0.00,0.00,144.09,138.33,99.42,68.44,48.27,0.00,02-Sep,03-Sep,04-Sep,05-Sep,06-Sep,07-Sep,08-Sep,02-Sep,03-Sep,04-Sep,05-Sep,06-Sep,07-Sep,08-Sep,2,3,4
Nagpur,Nagpur,Gondia,Sakoli,Sakoli-Lakhani,20022100,Sakoli Lakhani RR Retrofitting,Pohara,5000,1,0.00,0.00,0.00,0.00,0.00,0.00,0.00,0.00,0.00,0.00,0.00,0.00,0.00,0.00,02-Sep,03-Sep,04-Sep,05-Sep,06-Sep,07-Sep,08-Sep,02-Sep,03-Sep,04-Sep,05-Sep,06-Sep,07-Sep,08-Sep,7,7,0
Nagpur,Nagpur,Gondia,Sakoli,Sakoli-Lakhani,20022100,Sakoli Lakhani RR Retrofitting,Rengepar,1581,1,1.00,1.13,0.87,1.20,1.19,0.88,1.10,63.25,71.47,55.03,75.90,75.27,55.66,69.58,02-Sep,03-Sep,04-Sep,05-Sep,06-Sep,07-Sep,08-Sep,02-Sep,03-Sep,04-Sep,05-Sep,06-Sep,07-Sep,08-Sep,0,0,7
Nagpur,Nagpur,Gondia,Sakoli,Sakoli-Lakhani,20022100,Sakoli Lakhani RR Retrofitting,Sawarbandh,1669,1,0.00,0.00,0.05,0.00,0.11,0.00,0.18,0.00,0.00,3.00,0.00,6.59,0.00,10.78,02-Sep,03-Sep,04-Sep,05-Sep,06-Sep,07-Sep,08-Sep,02-Sep,03-Sep,04-Sep,05-Sep,06-Sep,07-Sep,08-Sep,4,7,0
Nagpur,Nagpur,Gondia,Sakoli,Sakoli-Lakhani,20022100,Sakoli Lakhani RR Retrofitting,Sawari,4078,2,2.26,2.32,2.37,2.42,2.30,2.38,2.27,55.42,56.89,58.12,59.34,56.40,58.36,55.66,02-Sep,03-Sep,04-Sep,05-Sep,06-Sep,07-Sep,08-Sep,02-Sep,03-Sep,04-Sep,05-Sep,06-Sep,07-Sep,08-Sep,0,0,7
Nagpur,Nagpur,Gondia,Sakoli,Sakoli-Lakhani,20022100,Sakoli Lakhani RR Retrofitting,Sivanibandh,1504,1,0.00,0.00,0.00,0.00,0.00,0.00,0.00,0.00,0.00,0.00,0.00,0.00,0.00,0.00,02-Sep,03-Sep,04-Sep,05-Sep,06-Sep,07-Sep,08-Sep,02-Sep,03-Sep,04-Sep,05-Sep,06-Sep,07-Sep,08-Sep,7,7,0
Nagpur,Nagpur,Gondia,Sakoli,Sakoli-Lakhani,20022100,Sakoli Lakhani RR Retrofitting,Somalwada,2142,2,0.00,0.00,0.00,0.00,0.00,0.00,0.00,0.00,0.00,0.00,0.00,0.00,0.00,0.00,02-Sep,03-Sep,04-Sep,05-Sep,06-Sep,07-Sep,08-Sep,02-Sep,03-Sep,04-Sep,05-Sep,06-Sep,07-Sep,08-Sep,7,7,0
Nagpur,Nagpur,Nagpur,Chandrapur,Saoali,20036500,Vyahad & 2 Village RR WSS,Kondekhal,556,2,0.00,0.00,0.00,0.00,0.00,0.00,0.00,0.00,0.00,0.00,0.00,0.00,0.00,0.00,02-Sep,03-Sep,04-Sep,05-Sep,06-Sep,07-Sep,08-Sep,02-Sep,03-Sep,04-Sep,05-Sep,06-Sep,07-Sep,08-Sep,7,7,0
Nagpur,Nagpur,Nagpur,Chandrapur,Saoali,20036500,Vyahad & 2 Village RR WSS,Samada Kh,524,2,0.02,0.03,0.02,0.39,0.02,0.02,0.02,3.30,6.55,4.38,73.90,4.07,4.36,3.66,02-Sep,03-Sep,04-Sep,05-Sep,06-Sep,07-Sep,08-Sep,02-Sep,03-Sep,04-Sep,05-Sep,06-Sep,07-Sep,08-Sep,0,6,1
Nagpur,Nagpur,Nagpur,Chandrapur,Saoali,20036500,Vyahad & 2 Village RR WSS,Vyahad(BK),4572,1,0.00,0.00,0.00,0.00,0.00,0.00,0.00,0.00,0.00,0.00,0.00,0.00,0.00,0.00,02-Sep,03-Sep,04-Sep,05-Sep,06-Sep,07-Sep,08-Sep,02-Sep,03-Sep,04-Sep,05-Sep,06-Sep,07-Sep,08-Sep,7,7,0
Nagpur,Nagpur,Nagpur,Nagpur,Hingna,20009650,Waddhmna WSS,Nagalwadi,2564,1,0.00,0.00,0.00,0.00,0.00,0.00,0.00,0.00,0.00,0.00,0.00,0.00,0.00,0.00,02-Sep,03-Sep,04-Sep,05-Sep,06-Sep,07-Sep,08-Sep,02-Sep,03-Sep,04-Sep,05-Sep,06-Sep,07-Sep,08-Sep,7,7,0
Nagpur,Nagpur,Nagpur,Nagpur,Hingna,20009650,Waddhmna WSS,Waddhmna,5904,6,2.21,1.92,1.40,1.62,2.02,1.73,2.19,37.43,32.52,23.71,27.44,34.21,29.30,37.09,02-Sep,03-Sep,04-Sep,05-Sep,06-Sep,07-Sep,08-Sep,02-Sep,03-Sep,04-Sep,05-Sep,06-Sep,07-Sep,08-Sep,0,7,0
Nagpur,Nagpur,Nagpur,Nagpur,Kamptee,7940695,Bidgaon Tarodi wss,Bidgaon,16860,2,18.30,23.26,20.88,19.11,21.83,20.30,15.59,108.53,137.96,123.82,113.33,129.45,120.42,92.49,02-Sep,03-Sep,04-Sep,05-Sep,06-Sep,07-Sep,08-Sep,02-Sep,03-Sep,04-Sep,05-Sep,06-Sep,07-Sep,08-Sep,0,0,7
Nagpur,Nagpur,Nagpur,Nagpur,Kamptee,7940695,Bidgaon Tarodi wss,Tarodi Kh.,7830,2,0.22,0.00,0.41,0.32,0.32,0.39,0.31,2.76,0.00,5.19,4.14,4.13,4.98,3.92,02-Sep,03-Sep,04-Sep,05-Sep,06-Sep,07-Sep,08-Sep,02-Sep,03-Sep,04-Sep,05-Sep,06-Sep,07-Sep,08-Sep,1,7,0
Chhatrapati Sambhajinagar,Chhatrapati Sambhajinagar,Chhatrapati Sambhajinagar,Gangapur,Gangapur,20051233,373 Village Gangapur-Vaijapur Grid WSS,Babhulgaon Padalsa,1001,1,0.00,0.00,0.00,0.00,0.00,0.00,0.00,0.00,0.00,0.00,0.00,0.00,0.00,0.00,02-Sep,03-Sep,04-Sep,05-Sep,06-Sep,07-Sep,08-Sep,02-Sep,03-Sep,04-Sep,05-Sep,06-Sep,07-Sep,08-Sep,7,7,0
Chhatrapati Sambhajinagar,Chhatrapati Sambhajinagar,Chhatrapati Sambhajinagar,Gangapur,Gangapur,20051233,373 Village Gangapur-Vaijapur Grid WSS,Domegaon-Borgaon,1535,1,0.00,0.00,0.00,0.00,0.00,0.00,0.00,0.00,0.00,0.00,0.00,0.00,0.00,0.00,02-Sep,03-Sep,04-Sep,05-Sep,06-Sep,07-Sep,08-Sep,02-Sep,03-Sep,04-Sep,05-Sep,06-Sep,07-Sep,08-Sep,7,7,0
Chhatrapati Sambhajinagar,Chhatrapati Sambhajinagar,Chhatrapati Sambhajinagar,Gangapur,Gangapur,20051233,373 Village Gangapur-Vaijapur Grid WSS,Jogeshwari,13730,1,6.56,5.40,6.62,3.24,4.67,5.53,3.87,47.75,39.30,48.23,23.56,34.00,40.30,28.18,02-Sep,03-Sep,04-Sep,05-Sep,06-Sep,07-Sep,08-Sep,02-Sep,03-Sep,04-Sep,05-Sep,06-Sep,07-Sep,08-Sep,0,7,0
Chhatrapati Sambhajinagar,Chhatrapati Sambhajinagar,Chhatrapati Sambhajinagar,Gangapur,Gangapur,20051233,373 Village Gangapur-Vaijapur Grid WSS,Raipur,2196,1,0.00,0.00,0.00,0.00,0.00,0.00,0.00,0.00,0.00,0.00,0.00,0.00,0.00,0.00,02-Sep,03-Sep,04-Sep,05-Sep,06-Sep,07-Sep,08-Sep,02-Sep,03-Sep,04-Sep,05-Sep,06-Sep,07-Sep,08-Sep,7,7,0
Chhatrapati Sambhajinagar,Chhatrapati Sambhajinagar,Chhatrapati Sambhajinagar,Gangapur,Gangapur,20051233,373 Village Gangapur-Vaijapur Grid WSS,Ranjangaon (s),62282,1,1.72,0.00,0.00,0.00,1.43,0.00,0.00,2.76,0.00,0.00,0.00,2.30,0.00,0.00,02-Sep,03-Sep,04-Sep,05-Sep,06-Sep,07-Sep,08-Sep,02-Sep,03-Sep,04-Sep,05-Sep,06-Sep,07-Sep,08-Sep,5,7,0
Chhatrapati Sambhajinagar,Chhatrapati Sambhajinagar,Chhatrapati Sambhajinagar,Gangapur,Gangapur,20051233,373 Village Gangapur-Vaijapur Grid WSS,Sawangi,5491,1,0.00,0.00,0.00,0.00,0.00,0.00,0.00,0.00,0.00,0.00,0.00,0.00,0.00,0.00,02-Sep,03-Sep,04-Sep,05-Sep,06-Sep,07-Sep,08-Sep,02-Sep,03-Sep,04-Sep,05-Sep,06-Sep,07-Sep,08-Sep,7,7,0
Chhatrapati Sambhajinagar,Chhatrapati Sambhajinagar,Chhatrapati Sambhajinagar,Gangapur,Gangapur,20051233,373 Village Gangapur-Vaijapur Grid WSS,Shivrai,7718,1,0.19,0.40,0.12,0.05,0.10,0.37,0.60,7.02,14.78,4.43,0.65,1.30,4.79,22.17,02-Sep,03-Sep,04-Sep,05-Sep,06-Sep,07-Sep,08-Sep,02-Sep,03-Sep,04-Sep,05-Sep,06-Sep,07-Sep,08-Sep,0,7,0
Chhatrapati Sambhajinagar,Chhatrapati Sambhajinagar,Chhatrapati Sambhajinagar,Gangapur,Gangapur,20051233,373 Village Gangapur-Vaijapur Grid WSS,Warkhed,3343,1,0.63,0.00,0.00,0.62,1.19,0.30,0.00,18.85,0.00,0.00,18.55,35.60,8.97,0.00,02-Sep,03-Sep,04-Sep,05-Sep,06-Sep,07-Sep,08-Sep,02-Sep,03-Sep,04-Sep,05-Sep,06-Sep,07-Sep,08-Sep,3,7,0
Chhatrapati Sambhajinagar,Chhatrapati Sambhajinagar,Chhatrapati Sambhajinagar,Paithan,Paithan,20018162,Paithan Taluka 178 Village Grid WS,Akthawada,1508,1,0.90,0.63,0.61,0.57,0.01,1.56,0.64,59.68,41.78,40.45,37.80,0.66,103.45,42.44,02-Sep,03-Sep,04-Sep,05-Sep,06-Sep,07-Sep,08-Sep,02-Sep,03-Sep,04-Sep,05-Sep,06-Sep,07-Sep,08-Sep,0,5,2
Chhatrapati Sambhajinagar,Chhatrapati Sambhajinagar,Chhatrapati Sambhajinagar,Paithan,Paithan,20018162,Paithan Taluka 178 Village Grid WS,Antarwadi Khandi,2331,1,0.00,0.00,0.00,0.00,0.00,0.00,0.00,0.00,0.00,0.00,0.00,0.00,0.00,0.00,02-Sep,03-Sep,04-Sep,05-Sep,06-Sep,07-Sep,08-Sep,02-Sep,03-Sep,04-Sep,05-Sep,06-Sep,07-Sep,08-Sep,7,7,0
Chhatrapati Sambhajinagar,Chhatrapati Sambhajinagar,Chhatrapati Sambhajinagar,Paithan,Paithan,20018162,Paithan Taluka 178 Village Grid WS,Balanagar,5504,1,2.56,2.26,2.23,1.93,2.69,3.46,2.75,46.51,41.06,40.52,35.07,48.87,62.86,49.96,02-Sep,03-Sep,04-Sep,05-Sep,06-Sep,07-Sep,08-Sep,02-Sep,03-Sep,04-Sep,05-Sep,06-Sep,07-Sep,08-Sep,0,6,1
Chhatrapati Sambhajinagar,Chhatrapati Sambhajinagar,Chhatrapati Sambhajinagar,Paithan,Paithan,20018162,Paithan Taluka 178 Village Grid WS,Changatpuri,3387,1,0.00,0.00,0.00,0.00,0.00,0.00,0.00,0.00,0.00,0.00,0.00,0.00,0.00,0.00,02-Sep,03-Sep,04-Sep,05-Sep,06-Sep,07-Sep,08-Sep,02-Sep,03-Sep,04-Sep,05-Sep,06-Sep,07-Sep,08-Sep,7,7,0
Chhatrapati Sambhajinagar,Chhatrapati Sambhajinagar,Chhatrapati Sambhajinagar,Paithan,Paithan,20018162,Paithan Taluka 178 Village Grid WS,Dadegaon Bk.,1144,2,0.29,0.20,0.21,0.29,0.23,0.29,0.28,25.35,17.48,18.36,25.35,20.10,25.35,24.48,02-Sep,03-Sep,04-Sep,05-Sep,06-Sep,07-Sep,08-Sep,02-Sep,03-Sep,04-Sep,05-Sep,06-Sep,07-Sep,08-Sep,0,7,0
Chhatrapati Sambhajinagar,Chhatrapati Sambhajinagar,Chhatrapati Sambhajinagar,Paithan,Paithan,20018162,Paithan Taluka 178 Village Grid WS,Dadegaon Jahagir,1400,1,1.13,0.00,1.43,0.87,0.77,1.29,1.67,80.71,0.00,102.14,62.14,55.00,92.14,119.29,02-Sep,03-Sep,04-Sep,05-Sep,06-Sep,07-Sep,08-Sep,02-Sep,03-Sep,04-Sep,05-Sep,06-Sep,07-Sep,08-Sep,1,1,5
Chhatrapati Sambhajinagar,Chhatrapati Sambhajinagar,Chhatrapati Sambhajinagar,Paithan,Paithan,20018162,Paithan Taluka 178 Village Grid WS,Daregaon,992,1,0.00,0.00,0.00,0.00,0.00,0.00,0.00,0.00,0.00,0.00,0.00,0.00,0.00,0.00,02-Sep,03-Sep,04-Sep,05-Sep,06-Sep,07-Sep,08-Sep,02-Sep,03-Sep,04-Sep,05-Sep,06-Sep,07-Sep,08-Sep,7,7,0
Chhatrapati Sambhajinagar,Chhatrapati Sambhajinagar,Chhatrapati Sambhajinagar,Paithan,Paithan,20018162,Paithan Taluka 178 Village Grid WS,Dhorkin,3816,1,0.28,0.00,0.00,0.00,0.86,0.06,0.01,7.34,0.00,0.00,0.00,22.54,1.57,0.26,02-Sep,03-Sep,04-Sep,05-Sep,06-Sep,07-Sep,08-Sep,02-Sep,03-Sep,04-Sep,05-Sep,06-Sep,07-Sep,08-Sep,3,7,0
Chhatrapati Sambhajinagar,Chhatrapati Sambhajinagar,Chhatrapati Sambhajinagar,Paithan,Paithan,20018162,Paithan Taluka 178 Village Grid WS,Dinnapur,900,1,0.70,0.97,0.80,0.37,0.01,0.00,0.00,77.78,107.78,88.89,41.11,1.11,0.00,0.00,02-Sep,03-Sep,04-Sep,05-Sep,06-Sep,07-Sep,08-Sep,02-Sep,03-Sep,04-Sep,05-Sep,06-Sep,07-Sep,08-Sep,2,4,3
Chhatrapati Sambhajinagar,Chhatrapati Sambhajinagar,Chhatrapati Sambhajinagar,Paithan,Paithan,20018162,Paithan Taluka 178 Village Grid WS,Dongaon,0,1,0.00,0.00,0.00,0.00,0.00,0.00,0.00,0.00,0.00,0.00,0.00,0.00,0.00,0.00,02-Sep,03-Sep,04-Sep,05-Sep,06-Sep,07-Sep,08-Sep,02-Sep,03-Sep,04-Sep,05-Sep,06-Sep,07-Sep,08-Sep,7,7,0
Chhatrapati Sambhajinagar,Chhatrapati Sambhajinagar,Chhatrapati Sambhajinagar,Paithan,Paithan,20018162,Paithan Taluka 178 Village Grid WS,Geora Bashi,0,1,0.00,0.00,0.00,0.00,0.00,0.00,0.00,0.00,0.00,0.00,0.00,0.00,0.00,0.00,02-Sep,03-Sep,04-Sep,05-Sep,06-Sep,07-Sep,08-Sep,02-Sep,03-Sep,04-Sep,05-Sep,06-Sep,07-Sep,08-Sep,7,7,0
Chhatrapati Sambhajinagar,Chhatrapati Sambhajinagar,Chhatrapati Sambhajinagar,Paithan,Paithan,20018162,Paithan Taluka 178 Village Grid WS,Geora BK.,0,1,0.00,0.00,0.00,0.00,0.00,0.00,0.00,0.00,0.00,0.00,0.00,0.00,0.00,0.00,02-Sep,03-Sep,04-Sep,05-Sep,06-Sep,07-Sep,08-Sep,02-Sep,03-Sep,04-Sep,05-Sep,06-Sep,07-Sep,08-Sep,7,7,0
Chhatrapati Sambhajinagar,Chhatrapati Sambhajinagar,Chhatrapati Sambhajinagar,Paithan,Paithan,20018162,Paithan Taluka 178 Village Grid WS,Geora Kh.,0,1,0.00,0.00,0.00,0.00,0.00,0.00,0.00,0.00,0.00,0.00,0.00,0.00,0.00,0.00,02-Sep,03-Sep,04-Sep,05-Sep,06-Sep,07-Sep,08-Sep,02-Sep,03-Sep,04-Sep,05-Sep,06-Sep,07-Sep,08-Sep,7,7,0
Chhatrapati Sambhajinagar,Chhatrapati Sambhajinagar,Chhatrapati Sambhajinagar,Paithan,Paithan,20018162,Paithan Taluka 178 Village Grid WS,Gidhada,564,1,0.00,0.00,0.00,0.00,0.00,0.00,0.00,0.00,0.00,0.00,0.00,0.00,0.00,0.00,02-Sep,03-Sep,04-Sep,05-Sep,06-Sep,07-Sep,08-Sep,02-Sep,03-Sep,04-Sep,05-Sep,06-Sep,07-Sep,08-Sep,7,7,0
Chhatrapati Sambhajinagar,Chhatrapati Sambhajinagar,Chhatrapati Sambhajinagar,Paithan,Paithan,20018162,Paithan Taluka 178 Village Grid WS,Harshi Bk.,0,1,0.00,0.00,0.00,0.00,0.00,0.00,0.00,0.00,0.00,0.00,0.00,0.00,0.00,0.00,02-Sep,03-Sep,04-Sep,05-Sep,06-Sep,07-Sep,08-Sep,02-Sep,03-Sep,04-Sep,05-Sep,06-Sep,07-Sep,08-Sep,7,7,0
Chhatrapati Sambhajinagar,Chhatrapati Sambhajinagar,Chhatrapati Sambhajinagar,Paithan,Paithan,20018162,Paithan Taluka 178 Village Grid WS,Hiradpuri,1372,1,0.00,0.00,0.00,0.00,0.00,0.00,0.00,0.00,0.00,0.00,0.00,0.00,0.00,0.00,02-Sep,03-Sep,04-Sep,05-Sep,06-Sep,07-Sep,08-Sep,02-Sep,03-Sep,04-Sep,05-Sep,06-Sep,07-Sep,08-Sep,7,7,0
Chhatrapati Sambhajinagar,Chhatrapati Sambhajinagar,Chhatrapati Sambhajinagar,Paithan,Paithan,20018162,Paithan Taluka 178 Village Grid WS,Honobachi wadi,783,1,0.00,0.00,0.00,0.00,0.00,0.00,0.00,0.00,0.00,0.00,0.00,0.00,0.00,0.00,02-Sep,03-Sep,04-Sep,05-Sep,06-Sep,07-Sep,08-Sep,02-Sep,03-Sep,04-Sep,05-Sep,06-Sep,07-Sep,08-Sep,7,7,0
Chhatrapati Sambhajinagar,Chhatrapati Sambhajinagar,Chhatrapati Sambhajinagar,Paithan,Paithan,20018162,Paithan Taluka 178 Village Grid WS,kapuswadi,0,1,0.00,0.00,0.00,0.00,0.00,0.00,0.00,0.00,0.00,0.00,0.00,0.00,0.00,0.00,02-Sep,03-Sep,04-Sep,05-Sep,06-Sep,07-Sep,08-Sep,02-Sep,03-Sep,04-Sep,05-Sep,06-Sep,07-Sep,08-Sep,7,7,0
Chhatrapati Sambhajinagar,Chhatrapati Sambhajinagar,Chhatrapati Sambhajinagar,Paithan,Paithan,20018162,Paithan Taluka 178 Village Grid WS,Karkin,2680,1,0.87,1.44,0.84,0.88,0.72,0.87,0.78,32.46,53.73,31.34,32.84,26.87,32.46,29.10,02-Sep,03-Sep,04-Sep,05-Sep,06-Sep,07-Sep,08-Sep,02-Sep,03-Sep,04-Sep,05-Sep,06-Sep,07-Sep,08-Sep,0,7,0
Chhatrapati Sambhajinagar,Chhatrapati Sambhajinagar,Chhatrapati Sambhajinagar,Paithan,Paithan,20018162,Paithan Taluka 178 Village Grid WS,Khadgaon,1936,1,0.00,0.00,0.00,0.00,0.00,0.00,0.00,0.00,0.00,0.00,0.00,0.00,0.00,0.00,02-Sep,03-Sep,04-Sep,05-Sep,06-Sep,07-Sep,08-Sep,02-Sep,03-Sep,04-Sep,05-Sep,06-Sep,07-Sep,08-Sep,7,7,0
Chhatrapati Sambhajinagar,Chhatrapati Sambhajinagar,Chhatrapati Sambhajinagar,Paithan,Paithan,20018162,Paithan Taluka 178 Village Grid WS,Khandewadi,0,1,0.00,0.00,0.00,0.00,0.00,0.00,0.00,0.00,0.00,0.00,0.00,0.00,0.00,0.00,02-Sep,03-Sep,04-Sep,05-Sep,06-Sep,07-Sep,08-Sep,02-Sep,03-Sep,04-Sep,05-Sep,06-Sep,07-Sep,08-Sep,7,7,0
Chhatrapati Sambhajinagar,Chhatrapati Sambhajinagar,Chhatrapati Sambhajinagar,Paithan,Paithan,20018162,Paithan Taluka 178 Village Grid WS,Koli Bodkha,3700,1,0.00,0.00,0.00,0.00,0.00,0.00,0.00,0.00,0.00,0.00,0.00,0.00,0.00,0.00,02-Sep,03-Sep,04-Sep,05-Sep,06-Sep,07-Sep,08-Sep,02-Sep,03-Sep,04-Sep,05-Sep,06-Sep,07-Sep,08-Sep,7,7,0
Chhatrapati Sambhajinagar,Chhatrapati Sambhajinagar,Chhatrapati Sambhajinagar,Paithan,Paithan,20018162,Paithan Taluka 178 Village Grid WS,Kuranpimpri,720,1,0.00,0.00,0.00,0.00,0.00,0.00,0.00,0.00,0.00,0.00,0.00,0.00,0.00,0.00,02-Sep,03-Sep,04-Sep,05-Sep,06-Sep,07-Sep,08-Sep,02-Sep,03-Sep,04-Sep,05-Sep,06-Sep,07-Sep,08-Sep,7,7,0
Chhatrapati Sambhajinagar,Chhatrapati Sambhajinagar,Chhatrapati Sambhajinagar,Paithan,Paithan,20018162,Paithan Taluka 178 Village Grid WS,Kutub Kheda,792,1,0.00,0.00,0.00,0.00,0.00,0.00,0.00,0.00,0.00,0.00,0.00,0.00,0.00,0.00,02-Sep,03-Sep,04-Sep,05-Sep,06-Sep,07-Sep,08-Sep,02-Sep,03-Sep,04-Sep,05-Sep,06-Sep,07-Sep,08-Sep,7,7,0
Chhatrapati Sambhajinagar,Chhatrapati Sambhajinagar,Chhatrapati Sambhajinagar,Paithan,Paithan,20018162,Paithan Taluka 178 Village Grid WS,Lakhegaon,988,1,0.49,0.49,0.00,0.33,0.39,0.53,0.27,49.60,49.60,0.00,33.40,39.47,53.64,27.33,02-Sep,03-Sep,04-Sep,05-Sep,06-Sep,07-Sep,08-Sep,02-Sep,03-Sep,04-Sep,05-Sep,06-Sep,07-Sep,08-Sep,1,7,0
Chhatrapati Sambhajinagar,Chhatrapati Sambhajinagar,Chhatrapati Sambhajinagar,Paithan,Paithan,20018162,Paithan Taluka 178 Village Grid WS,Mavasgavhan,588,1,0.37,0.67,0.12,0.15,0.23,0.10,0.00,62.93,113.83,20.41,25.51,39.12,17.01,0.00,02-Sep,03-Sep,04-Sep,05-Sep,06-Sep,07-Sep,08-Sep,02-Sep,03-Sep,04-Sep,05-Sep,06-Sep,07-Sep,08-Sep,1,5,2
Chhatrapati Sambhajinagar,Chhatrapati Sambhajinagar,Chhatrapati Sambhajinagar,Paithan,Paithan,20018162,Paithan Taluka 178 Village Grid WS,Mharola,2169,1,0.00,0.00,0.01,0.02,0.07,0.03,0.00,0.00,0.00,0.46,0.92,3.23,1.38,0.00,02-Sep,03-Sep,04-Sep,05-Sep,06-Sep,07-Sep,08-Sep,02-Sep,03-Sep,04-Sep,05-Sep,06-Sep,07-Sep,08-Sep,3,7,0
Chhatrapati Sambhajinagar,Chhatrapati Sambhajinagar,Chhatrapati Sambhajinagar,Paithan,Paithan,20018162,Paithan Taluka 178 Village Grid WS,Nandar,3360,1,85.30,36.78,37.96,73.11,57.16,72.73,97.37,2538.77,1094.66,1129.76,2175.94,1701.21,2164.58,2898.05,02-Sep,03-Sep,04-Sep,05-Sep,06-Sep,07-Sep,08-Sep,02-Sep,03-Sep,04-Sep,05-Sep,06-Sep,07-Sep,08-Sep,0,0,7
Chhatrapati Sambhajinagar,Chhatrapati Sambhajinagar,Chhatrapati Sambhajinagar,Paithan,Paithan,20018162,Paithan Taluka 178 Village Grid WS,Narayangaon,1272,1,1.47,1.54,1.59,1.48,1.38,1.47,1.51,115.57,121.07,125.00,116.35,108.49,115.57,118.71,02-Sep,03-Sep,04-Sep,05-Sep,06-Sep,07-Sep,08-Sep,02-Sep,03-Sep,04-Sep,05-Sep,06-Sep,07-Sep,08-Sep,0,0,7
Chhatrapati Sambhajinagar,Chhatrapati Sambhajinagar,Chhatrapati Sambhajinagar,Paithan,Paithan,20018162,Paithan Taluka 178 Village Grid WS,Paithan Kheda,1788,1,0.00,0.00,0.00,0.00,0.00,0.31,0.00,0.00,0.00,0.00,0.00,0.00,17.34,0.00,02-Sep,03-Sep,04-Sep,05-Sep,06-Sep,07-Sep,08-Sep,02-Sep,03-Sep,04-Sep,05-Sep,06-Sep,07-Sep,08-Sep,6,7,0
Chhatrapati Sambhajinagar,Chhatrapati Sambhajinagar,Chhatrapati Sambhajinagar,Paithan,Paithan,20018162,Paithan Taluka 178 Village Grid WS,Pangara,0,1,0.00,0.00,0.00,0.00,0.00,0.00,0.00,0.00,0.00,0.00,0.00,0.00,0.00,0.00,02-Sep,03-Sep,04-Sep,05-Sep,06-Sep,07-Sep,08-Sep,02-Sep,03-Sep,04-Sep,05-Sep,06-Sep,07-Sep,08-Sep,7,7,0
Chhatrapati Sambhajinagar,Chhatrapati Sambhajinagar,Chhatrapati Sambhajinagar,Paithan,Paithan,20018162,Paithan Taluka 178 Village Grid WS,Rajapur,1108,1,0.00,0.00,0.00,0.00,0.00,0.00,0.00,0.00,0.00,0.00,0.00,0.00,0.00,0.00,02-Sep,03-Sep,04-Sep,05-Sep,06-Sep,07-Sep,08-Sep,02-Sep,03-Sep,04-Sep,05-Sep,06-Sep,07-Sep,08-Sep,7,7,0
Chhatrapati Sambhajinagar,Chhatrapati Sambhajinagar,Chhatrapati Sambhajinagar,Paithan,Paithan,20018162,Paithan Taluka 178 Village Grid WS,Shekta,0,1,0.00,0.00,0.00,0.00,0.00,0.00,0.00,0.00,0.00,0.00,0.00,0.00,0.00,0.00,02-Sep,03-Sep,04-Sep,05-Sep,06-Sep,07-Sep,08-Sep,02-Sep,03-Sep,04-Sep,05-Sep,06-Sep,07-Sep,08-Sep,7,7,0
Chhatrapati Sambhajinagar,Chhatrapati Sambhajinagar,Chhatrapati Sambhajinagar,Paithan,Paithan,20018162,Paithan Taluka 178 Village Grid WS,Shivani,440,1,1.06,0.00,0.00,0.49,0.98,0.00,0.00,240.91,0.00,0.00,111.36,222.73,0.00,0.00,02-Sep,03-Sep,04-Sep,05-Sep,06-Sep,07-Sep,08-Sep,02-Sep,03-Sep,04-Sep,05-Sep,06-Sep,07-Sep,08-Sep,4,4,3
Chhatrapati Sambhajinagar,Chhatrapati Sambhajinagar,Chhatrapati Sambhajinagar,Paithan,Paithan,20018162,Paithan Taluka 178 Village Grid WS,Somapuri,0,1,0.00,0.00,0.00,0.00,0.00,0.00,0.00,0.00,0.00,0.00,0.00,0.00,0.00,0.00,02-Sep,03-Sep,04-Sep,05-Sep,06-Sep,07-Sep,08-Sep,02-Sep,03-Sep,04-Sep,05-Sep,06-Sep,07-Sep,08-Sep,7,7,0
Chhatrapati Sambhajinagar,Chhatrapati Sambhajinagar,Chhatrapati Sambhajinagar,Paithan,Paithan,20018162,Paithan Taluka 178 Village Grid WS,Takli Paithan,0,1,0.68,0.60,0.70,0.67,0.67,0.62,0.65,0.00,0.00,0.00,0.00,0.00,0.00,0.00,02-Sep,03-Sep,04-Sep,05-Sep,06-Sep,07-Sep,08-Sep,02-Sep,03-Sep,04-Sep,05-Sep,06-Sep,07-Sep,08-Sep,7,7,0
Chhatrapati Sambhajinagar,Chhatrapati Sambhajinagar,Chhatrapati Sambhajinagar,Paithan,Paithan,20018162,Paithan Taluka 178 Village Grid WS,Tanda Kh.,0,1,0.00,0.00,0.00,0.00,0.00,0.00,0.00,0.00,0.00,0.00,0.00,0.00,0.00,0.00,02-Sep,03-Sep,04-Sep,05-Sep,06-Sep,07-Sep,08-Sep,02-Sep,03-Sep,04-Sep,05-Sep,06-Sep,07-Sep,08-Sep,7,7,0
Chhatrapati Sambhajinagar,Chhatrapati Sambhajinagar,Chhatrapati Sambhajinagar,Paithan,Paithan,20018162,Paithan Taluka 178 Village Grid WS,Thergaon,1020,1,2.44,4.06,4.93,4.36,2.41,4.17,4.26,239.22,398.04,483.70,427.45,236.27,408.82,417.65,02-Sep,03-Sep,04-Sep,05-Sep,06-Sep,07-Sep,08-Sep,02-Sep,03-Sep,04-Sep,05-Sep,06-Sep,07-Sep,08-Sep,0,0,7
Chhatrapati Sambhajinagar,Chhatrapati Sambhajinagar,Chhatrapati Sambhajinagar,Paithan,Paithan,20018162,Paithan Taluka 178 Village Grid WS,Tondoli,0,1,0.00,0.00,0.00,0.00,0.00,0.00,0.00,0.00,0.00,0.00,0.00,0.00,0.00,0.00,02-Sep,03-Sep,04-Sep,05-Sep,06-Sep,07-Sep,08-Sep,02-Sep,03-Sep,04-Sep,05-Sep,06-Sep,07-Sep,08-Sep,7,7,0
Chhatrapati Sambhajinagar,Chhatrapati Sambhajinagar,Chhatrapati Sambhajinagar,Paithan,Paithan,20018162,Paithan Taluka 178 Village Grid WS,Tupewadi,1240,1,0.00,0.00,0.00,0.00,0.00,0.00,0.00,0.00,0.00,0.00,0.00,0.00,0.00,0.00,02-Sep,03-Sep,04-Sep,05-Sep,06-Sep,07-Sep,08-Sep,02-Sep,03-Sep,04-Sep,05-Sep,06-Sep,07-Sep,08-Sep,7,7,0
Chhatrapati Sambhajinagar,Chhatrapati Sambhajinagar,Chhatrapati Sambhajinagar,Paithan,Paithan,20018162,Paithan Taluka 178 Village Grid WS,Vihamandwa,6440,1,2.64,1.45,2.06,0.00,0.00,0.00,0.00,40.99,22.52,31.99,0.00,0.00,0.00,0.00,02-Sep,03-Sep,04-Sep,05-Sep,06-Sep,07-Sep,08-Sep,02-Sep,03-Sep,04-Sep,05-Sep,06-Sep,07-Sep,08-Sep,4,7,0
Chhatrapati Sambhajinagar,Chhatrapati Sambhajinagar,Chhatrapati Sambhajinagar,Paithan,Paithan,20018162,Paithan Taluka 178 Village Grid WS,Warundi Bk.,2125,1,0.02,0.01,0.00,0.00,0.01,0.00,0.01,0.94,0.47,0.00,0.00,0.47,0.00,0.47,02-Sep,03-Sep,04-Sep,05-Sep,06-Sep,07-Sep,08-Sep,02-Sep,03-Sep,04-Sep,05-Sep,06-Sep,07-Sep,08-Sep,3,7,0
Chhatrapati Sambhajinagar,Chhatrapati Sambhajinagar,Chhatrapati Sambhajinagar,Paithan,Paithan,20018162,Paithan Taluka 178 Village Grid WS,Warwandi Kh.,800,1,0.46,0.00,0.57,0.58,0.06,0.94,0.43,57.50,0.00,71.25,72.50,7.50,117.50,53.75,02-Sep,03-Sep,04-Sep,05-Sep,06-Sep,07-Sep,08-Sep,02-Sep,03-Sep,04-Sep,05-Sep,06-Sep,07-Sep,08-Sep,1,3,4
Chhatrapati Sambhajinagar,Chhatrapati Sambhajinagar,Chhatrapati Sambhajinagar,Paithan,Paithan,20018162,Paithan Taluka 178 Village Grid WS,Wawa,460,1,0.00,0.49,0.41,0.00,0.00,0.21,0.96,0.00,106.52,89.13,0.00,0.00,45.65,208.70,02-Sep,03-Sep,04-Sep,05-Sep,06-Sep,07-Sep,08-Sep,02-Sep,03-Sep,04-Sep,05-Sep,06-Sep,07-Sep,08-Sep,3,4,3
Chhatrapati Sambhajinagar,Chhatrapati Sambhajinagar,Chhatrapati Sambhajinagar,Sillod,Sillod,20017395,Shirsala & 4 Village,Janjala,1088,1,0.00,0.33,0.42,0.62,0.37,0.75,0.00,0.00,30.33,38.60,56.99,34.01,68.93,0.00,02-Sep,03-Sep,04-Sep,05-Sep,06-Sep,07-Sep,08-Sep,02-Sep,03-Sep,04-Sep,05-Sep,06-Sep,07-Sep,08-Sep,2,5,2
Chhatrapati Sambhajinagar,Chhatrapati Sambhajinagar,Chhatrapati Sambhajinagar,Sillod,Sillod,20017395,Shirsala & 4 Village,Nanegaon,2284,3,0.00,0.00,0.00,0.00,0.00,0.00,0.01,0.00,0.00,0.00,0.00,0.00,0.00,0.44,02-Sep,03-Sep,04-Sep,05-Sep,06-Sep,07-Sep,08-Sep,02-Sep,03-Sep,04-Sep,05-Sep,06-Sep,07-Sep,08-Sep,6,7,0
Chhatrapati Sambhajinagar,Chhatrapati Sambhajinagar,Chhatrapati Sambhajinagar,Sillod,Sillod,20017395,Shirsala & 4 Village,Pangri,1472,1,2.00,0.00,2.70,2.13,1.37,0.00,2.99,135.87,0.00,183.42,144.70,93.07,0.00,203.13,02-Sep,03-Sep,04-Sep,05-Sep,06-Sep,07-Sep,08-Sep,02-Sep,03-Sep,04-Sep,05-Sep,06-Sep,07-Sep,08-Sep,2,2,5
Chhatrapati Sambhajinagar,Chhatrapati Sambhajinagar,Chhatrapati Sambhajinagar,Sillod,Sillod,20017395,Shirsala & 4 Village,Sirsala,996,1,0.45,0.00,0.00,0.00,0.58,0.48,0.00,45.18,0.00,0.00,0.00,58.23,48.19,0.00,02-Sep,03-Sep,04-Sep,05-Sep,06-Sep,07-Sep,08-Sep,02-Sep,03-Sep,04-Sep,05-Sep,06-Sep,07-Sep,08-Sep,4,6,1
Chhatrapati Sambhajinagar,Chhatrapati Sambhajinagar,Chhatrapati Sambhajinagar,Sillod,Sillod,20017395,Shirsala & 4 Village,Sirsala Tanda,1032,1,0.22,0.00,0.00,0.26,0.04,0.34,0.34,21.76,0.00,0.00,25.19,3.41,32.68,32.71,02-Sep,03-Sep,04-Sep,05-Sep,06-Sep,07-Sep,08-Sep,02-Sep,03-Sep,04-Sep,05-Sep,06-Sep,07-Sep,08-Sep,2,7,0
Chhatrapati Sambhajinagar,Chhatrapati Sambhajinagar,Chhatrapati Sambhajinagar,Vaijapur,Vaijapur,20051233,373 Village Gangapur-Vaijapur Grid WSS,Agar Saigaon,1601,1,0.00,23.73,188.87,0.00,178.58,203.75,14.76,0.00,1482.20,11797.00,0.00,11154.28,12726.42,921.92,02-Sep,03-Sep,04-Sep,05-Sep,06-Sep,07-Sep,08-Sep,02-Sep,03-Sep,04-Sep,05-Sep,06-Sep,07-Sep,08-Sep,2,2,5
Chhatrapati Sambhajinagar,Chhatrapati Sambhajinagar,Chhatrapati Sambhajinagar,Vaijapur,Vaijapur,20051233,373 Village Gangapur-Vaijapur Grid WSS,Aghur,3999,1,1.13,1.67,1.70,1.31,1.14,1.13,1.55,28.26,41.76,42.51,32.76,28.51,28.26,38.76,02-Sep,03-Sep,04-Sep,05-Sep,06-Sep,07-Sep,08-Sep,02-Sep,03-Sep,04-Sep,05-Sep,06-Sep,07-Sep,08-Sep,0,7,0
Chhatrapati Sambhajinagar,Chhatrapati Sambhajinagar,Chhatrapati Sambhajinagar,Vaijapur,Vaijapur,20051233,373 Village Gangapur-Vaijapur Grid WSS,Babhulgaon Bk.,2964,1,1.61,0.61,0.49,0.00,1.52,0.00,3.40,54.32,20.58,16.53,0.00,51.28,0.00,114.71,02-Sep,03-Sep,04-Sep,05-Sep,06-Sep,07-Sep,08-Sep,02-Sep,03-Sep,04-Sep,05-Sep,06-Sep,07-Sep,08-Sep,2,6,1
Chhatrapati Sambhajinagar,Chhatrapati Sambhajinagar,Chhatrapati Sambhajinagar,Vaijapur,Vaijapur,20051233,373 Village Gangapur-Vaijapur Grid WSS,Babhulgaon Kh,1976,1,0.00,0.00,0.00,0.00,0.00,0.00,0.00,0.00,0.00,0.00,0.00,0.00,0.00,0.00,02-Sep,03-Sep,04-Sep,05-Sep,06-Sep,07-Sep,08-Sep,02-Sep,03-Sep,04-Sep,05-Sep,06-Sep,07-Sep,08-Sep,7,7,0
Chhatrapati Sambhajinagar,Chhatrapati Sambhajinagar,Chhatrapati Sambhajinagar,Vaijapur,Vaijapur,20051233,373 Village Gangapur-Vaijapur Grid WSS,Babhultel,1532,1,0.00,0.00,0.00,0.00,0.00,0.00,0.00,0.00,0.00,0.00,0.00,0.00,0.00,0.00,02-Sep,03-Sep,04-Sep,05-Sep,06-Sep,07-Sep,08-Sep,02-Sep,03-Sep,04-Sep,05-Sep,06-Sep,07-Sep,08-Sep,7,7,0
Chhatrapati Sambhajinagar,Chhatrapati Sambhajinagar,Chhatrapati Sambhajinagar,Vaijapur,Vaijapur,20051233,373 Village Gangapur-Vaijapur Grid WSS,Belgaon,2403,1,0.00,0.00,0.00,0.00,0.00,0.00,0.00,0.00,0.00,0.00,0.00,0.00,0.00,0.00,02-Sep,03-Sep,04-Sep,05-Sep,06-Sep,07-Sep,08-Sep,02-Sep,03-Sep,04-Sep,05-Sep,06-Sep,07-Sep,08-Sep,7,7,0
Chhatrapati Sambhajinagar,Chhatrapati Sambhajinagar,Chhatrapati Sambhajinagar,Vaijapur,Vaijapur,20051233,373 Village Gangapur-Vaijapur Grid WSS,Bhaggaon,2023,1,0.00,0.00,0.00,0.00,0.00,0.00,0.00,0.00,0.00,0.00,0.00,0.00,0.00,0.00,02-Sep,03-Sep,04-Sep,05-Sep,06-Sep,07-Sep,08-Sep,02-Sep,03-Sep,04-Sep,05-Sep,06-Sep,07-Sep,08-Sep,7,7,0
Chhatrapati Sambhajinagar,Chhatrapati Sambhajinagar,Chhatrapati Sambhajinagar,Vaijapur,Vaijapur,20051233,373 Village Gangapur-Vaijapur Grid WSS,Bhaigaon Ganga,1373,1,0.00,0.00,0.00,0.00,0.00,0.00,0.00,0.00,0.00,0.00,0.00,0.00,0.00,0.00,02-Sep,03-Sep,04-Sep,05-Sep,06-Sep,07-Sep,08-Sep,02-Sep,03-Sep,04-Sep,05-Sep,06-Sep,07-Sep,08-Sep,7,7,0
Chhatrapati Sambhajinagar,Chhatrapati Sambhajinagar,Chhatrapati Sambhajinagar,Vaijapur,Vaijapur,20051233,373 Village Gangapur-Vaijapur Grid WSS,Bhivgaon,2871,1,0.00,0.00,0.00,0.00,0.00,0.00,0.00,0.00,0.00,0.00,0.00,0.00,0.00,0.00,02-Sep,03-Sep,04-Sep,05-Sep,06-Sep,07-Sep,08-Sep,02-Sep,03-Sep,04-Sep,05-Sep,06-Sep,07-Sep,08-Sep,7,7,0
Chhatrapati Sambhajinagar,Chhatrapati Sambhajinagar,Chhatrapati Sambhajinagar,Vaijapur,Vaijapur,20051233,373 Village Gangapur-Vaijapur Grid WSS,Chorwaghalgaon,3313,1,0.63,0.00,0.61,0.23,0.52,0.00,0.41,19.02,0.00,18.41,6.94,15.70,0.00,12.38,02-Sep,03-Sep,04-Sep,05-Sep,06-Sep,07-Sep,08-Sep,02-Sep,03-Sep,04-Sep,05-Sep,06-Sep,07-Sep,08-Sep,2,7,0
Chhatrapati Sambhajinagar,Chhatrapati Sambhajinagar,Chhatrapati Sambhajinagar,Vaijapur,Vaijapur,20051233,373 Village Gangapur-Vaijapur Grid WSS,Dawala,1483,1,0.45,0.83,0.49,0.45,0.00,0.44,0.00,30.34,55.97,33.04,30.34,0.00,29.67,0.00,02-Sep,03-Sep,04-Sep,05-Sep,06-Sep,07-Sep,08-Sep,02-Sep,03-Sep,04-Sep,05-Sep,06-Sep,07-Sep,08-Sep,2,6,1
Chhatrapati Sambhajinagar,Chhatrapati Sambhajinagar,Chhatrapati Sambhajinagar,Vaijapur,Vaijapur,20051233,373 Village Gangapur-Vaijapur Grid WSS,Deogaon Shani,934,1,0.00,0.00,0.00,0.00,0.00,0.00,0.00,0.00,0.00,0.00,0.00,0.00,0.00,0.00,02-Sep,03-Sep,04-Sep,05-Sep,06-Sep,07-Sep,08-Sep,02-Sep,03-Sep,04-Sep,05-Sep,06-Sep,07-Sep,08-Sep,7,7,0
Chhatrapati Sambhajinagar,Chhatrapati Sambhajinagar,Chhatrapati Sambhajinagar,Vaijapur,Vaijapur,20051233,373 Village Gangapur-Vaijapur Grid WSS,Gadhe Pimpalgaon,3803,1,0.00,0.00,0.00,0.00,0.00,0.00,0.00,0.00,0.00,0.00,0.00,0.00,0.00,0.00,02-Sep,03-Sep,04-Sep,05-Sep,06-Sep,07-Sep,08-Sep,02-Sep,03-Sep,04-Sep,05-Sep,06-Sep,07-Sep,08-Sep,7,7,0
Chhatrapati Sambhajinagar,Chhatrapati Sambhajinagar,Chhatrapati Sambhajinagar,Vaijapur,Vaijapur,20051233,373 Village Gangapur-Vaijapur Grid WSS,Garaj,1820,1,0.00,0.00,0.00,0.00,0.00,0.00,0.00,0.00,0.00,0.00,0.00,0.00,0.00,0.00,02-Sep,03-Sep,04-Sep,05-Sep,06-Sep,07-Sep,08-Sep,02-Sep,03-Sep,04-Sep,05-Sep,06-Sep,07-Sep,08-Sep,7,7,0
Chhatrapati Sambhajinagar,Chhatrapati Sambhajinagar,Chhatrapati Sambhajinagar,Vaijapur,Vaijapur,20051233,373 Village Gangapur-Vaijapur Grid WSS,Goygaon,1665,1,0.00,0.00,0.00,0.00,0.00,0.00,0.00,0.00,0.00,0.00,0.00,0.00,0.00,0.00,02-Sep,03-Sep,04-Sep,05-Sep,06-Sep,07-Sep,08-Sep,02-Sep,03-Sep,04-Sep,05-Sep,06-Sep,07-Sep,08-Sep,7,7,0
Chhatrapati Sambhajinagar,Chhatrapati Sambhajinagar,Chhatrapati Sambhajinagar,Vaijapur,Vaijapur,20051233,373 Village Gangapur-Vaijapur Grid WSS,Hadas Pimpalgaon,1611,1,0.00,0.00,0.00,0.00,0.00,0.00,0.00,0.00,0.00,0.00,0.00,0.00,0.00,0.00,02-Sep,03-Sep,04-Sep,05-Sep,06-Sep,07-Sep,08-Sep,02-Sep,03-Sep,04-Sep,05-Sep,06-Sep,07-Sep,08-Sep,7,7,0
Chhatrapati Sambhajinagar,Chhatrapati Sambhajinagar,Chhatrapati Sambhajinagar,Vaijapur,Vaijapur,20051233,373 Village Gangapur-Vaijapur Grid WSS,Hilalpur,1383,1,0.00,0.00,0.00,0.00,0.00,0.00,0.00,0.00,0.00,0.00,0.00,0.00,0.00,0.00,02-Sep,03-Sep,04-Sep,05-Sep,06-Sep,07-Sep,08-Sep,02-Sep,03-Sep,04-Sep,05-Sep,06-Sep,07-Sep,08-Sep,7,7,0
Chhatrapati Sambhajinagar,Chhatrapati Sambhajinagar,Chhatrapati Sambhajinagar,Vaijapur,Vaijapur,20051233,373 Village Gangapur-Vaijapur Grid WSS,Jambargaon,2614,1,0.55,0.38,0.30,0.39,0.33,0.48,0.00,21.04,14.54,11.48,14.92,12.62,18.36,0.00,02-Sep,03-Sep,04-Sep,05-Sep,06-Sep,07-Sep,08-Sep,02-Sep,03-Sep,04-Sep,05-Sep,06-Sep,07-Sep,08-Sep,1,7,0
Chhatrapati Sambhajinagar,Chhatrapati Sambhajinagar,Chhatrapati Sambhajinagar,Vaijapur,Vaijapur,20051233,373 Village Gangapur-Vaijapur Grid WSS,Jarul,3679,1,0.00,0.00,0.00,0.00,0.00,0.00,0.00,0.00,0.00,0.00,0.00,0.00,0.00,0.00,02-Sep,03-Sep,04-Sep,05-Sep,06-Sep,07-Sep,08-Sep,02-Sep,03-Sep,04-Sep,05-Sep,06-Sep,07-Sep,08-Sep,7,7,0
Chhatrapati Sambhajinagar,Chhatrapati Sambhajinagar,Chhatrapati Sambhajinagar,Vaijapur,Vaijapur,20051233,373 Village Gangapur-Vaijapur Grid WSS,Jategaon,2711,1,0.00,0.00,0.00,0.00,0.00,0.00,0.00,0.00,0.00,0.00,0.00,0.00,0.00,0.00,02-Sep,03-Sep,04-Sep,05-Sep,06-Sep,07-Sep,08-Sep,02-Sep,03-Sep,04-Sep,05-Sep,06-Sep,07-Sep,08-Sep,7,7,0
Chhatrapati Sambhajinagar,Chhatrapati Sambhajinagar,Chhatrapati Sambhajinagar,Vaijapur,Vaijapur,20051233,373 Village Gangapur-Vaijapur Grid WSS,Kapus Wadgaon,2712,1,0.00,0.00,0.00,0.00,0.00,0.00,0.00,0.00,0.00,0.00,0.00,0.00,0.00,0.00,02-Sep,03-Sep,04-Sep,05-Sep,06-Sep,07-Sep,08-Sep,02-Sep,03-Sep,04-Sep,05-Sep,06-Sep,07-Sep,08-Sep,7,7,0
Chhatrapati Sambhajinagar,Chhatrapati Sambhajinagar,Chhatrapati Sambhajinagar,Vaijapur,Vaijapur,20051233,373 Village Gangapur-Vaijapur Grid WSS,Karanjgaon,1983,1,0.00,0.18,0.00,0.19,0.21,0.00,0.00,0.00,9.20,0.00,9.63,10.75,0.00,0.00,02-Sep,03-Sep,04-Sep,05-Sep,06-Sep,07-Sep,08-Sep,02-Sep,03-Sep,04-Sep,05-Sep,06-Sep,07-Sep,08-Sep,4,7,0
Chhatrapati Sambhajinagar,Chhatrapati Sambhajinagar,Chhatrapati Sambhajinagar,Vaijapur,Vaijapur,20051233,373 Village Gangapur-Vaijapur Grid WSS,Khandala,1180,1,0.00,0.00,0.00,0.00,0.00,0.00,0.00,0.00,0.00,0.00,0.00,0.00,0.00,0.00,02-Sep,03-Sep,04-Sep,05-Sep,06-Sep,07-Sep,08-Sep,02-Sep,03-Sep,04-Sep,05-Sep,06-Sep,07-Sep,08-Sep,7,7,0
Chhatrapati Sambhajinagar,Chhatrapati Sambhajinagar,Chhatrapati Sambhajinagar,Vaijapur,Vaijapur,20051233,373 Village Gangapur-Vaijapur Grid WSS,Lasurgaon,6676,1,0.00,0.00,0.00,0.00,0.00,0.00,0.00,0.00,0.00,0.00,0.00,0.00,0.00,0.00,02-Sep,03-Sep,04-Sep,05-Sep,06-Sep,07-Sep,08-Sep,02-Sep,03-Sep,04-Sep,05-Sep,06-Sep,07-Sep,08-Sep,7,7,0
Chhatrapati Sambhajinagar,Chhatrapati Sambhajinagar,Chhatrapati Sambhajinagar,Vaijapur,Vaijapur,20051233,373 Village Gangapur-Vaijapur Grid WSS,Loni Bk.,2210,1,0.00,0.00,0.00,0.00,0.00,0.00,0.00,0.00,0.00,0.00,0.00,0.00,0.00,0.00,02-Sep,03-Sep,04-Sep,05-Sep,06-Sep,07-Sep,08-Sep,02-Sep,03-Sep,04-Sep,05-Sep,06-Sep,07-Sep,08-Sep,7,7,0
Chhatrapati Sambhajinagar,Chhatrapati Sambhajinagar,Chhatrapati Sambhajinagar,Vaijapur,Vaijapur,20051233,373 Village Gangapur-Vaijapur Grid WSS,Mahalgaon,5303,1,6.27,5.93,6.32,6.52,6.72,6.93,6.96,118.29,111.82,119.18,123.01,126.66,130.68,131.25,02-Sep,03-Sep,04-Sep,05-Sep,06-Sep,07-Sep,08-Sep,02-Sep,03-Sep,04-Sep,05-Sep,06-Sep,07-Sep,08-Sep,0,0,7
Chhatrapati Sambhajinagar,Chhatrapati Sambhajinagar,Chhatrapati Sambhajinagar,Vaijapur,Vaijapur,20051233,373 Village Gangapur-Vaijapur Grid WSS,Mali Ghogargaon,2591,1,0.00,0.00,0.00,1.08,0.00,0.81,0.00,0.00,0.00,0.00,41.68,0.00,31.26,0.00,02-Sep,03-Sep,04-Sep,05-Sep,06-Sep,07-Sep,08-Sep,02-Sep,03-Sep,04-Sep,05-Sep,06-Sep,07-Sep,08-Sep,5,7,0
Chhatrapati Sambhajinagar,Chhatrapati Sambhajinagar,Chhatrapati Sambhajinagar,Vaijapur,Vaijapur,20051233,373 Village Gangapur-Vaijapur Grid WSS,Mali Sagaj,2144,1,0.00,0.00,0.00,0.00,0.00,0.00,0.00,0.00,0.00,0.00,0.00,0.00,0.00,0.00,02-Sep,03-Sep,04-Sep,05-Sep,06-Sep,07-Sep,08-Sep,02-Sep,03-Sep,04-Sep,05-Sep,06-Sep,07-Sep,08-Sep,7,7,0
Chhatrapati Sambhajinagar,Chhatrapati Sambhajinagar,Chhatrapati Sambhajinagar,Vaijapur,Vaijapur,20051233,373 Village Gangapur-Vaijapur Grid WSS,Parsoda,3588,2,0.12,0.07,0.11,0.00,0.14,0.03,0.11,3.34,1.95,3.07,0.00,3.90,0.84,3.07,02-Sep,03-Sep,04-Sep,05-Sep,06-Sep,07-Sep,08-Sep,02-Sep,03-Sep,04-Sep,05-Sep,06-Sep,07-Sep,08-Sep,1,7,0
Chhatrapati Sambhajinagar,Chhatrapati Sambhajinagar,Chhatrapati Sambhajinagar,Vaijapur,Vaijapur,20051233,373 Village Gangapur-Vaijapur Grid WSS,Pokhari,2866,1,0.00,0.13,0.00,0.05,0.00,1.17,0.81,0.00,4.54,0.00,1.74,0.00,40.85,28.24,02-Sep,03-Sep,04-Sep,05-Sep,06-Sep,07-Sep,08-Sep,02-Sep,03-Sep,04-Sep,05-Sep,06-Sep,07-Sep,08-Sep,3,7,0
Chhatrapati Sambhajinagar,Chhatrapati Sambhajinagar,Chhatrapati Sambhajinagar,Vaijapur,Vaijapur,20051233,373 Village Gangapur-Vaijapur Grid WSS,Raghunathpurwadi,1097,1,1.10,0.21,0.00,0.00,0.00,0.00,0.16,100.27,19.14,0.00,0.00,0.00,0.00,14.59,02-Sep,03-Sep,04-Sep,05-Sep,06-Sep,07-Sep,08-Sep,02-Sep,03-Sep,04-Sep,05-Sep,06-Sep,07-Sep,08-Sep,4,6,1
Chhatrapati Sambhajinagar,Chhatrapati Sambhajinagar,Chhatrapati Sambhajinagar,Vaijapur,Vaijapur,20051233,373 Village Gangapur-Vaijapur Grid WSS,Sakegaon,1780,1,0.00,0.00,0.00,0.00,0.00,0.00,0.00,0.00,0.00,0.00,0.00,0.00,0.00,0.00,02-Sep,03-Sep,04-Sep,05-Sep,06-Sep,07-Sep,08-Sep,02-Sep,03-Sep,04-Sep,05-Sep,06-Sep,07-Sep,08-Sep,7,7,0
Chhatrapati Sambhajinagar,Chhatrapati Sambhajinagar,Chhatrapati Sambhajinagar,Vaijapur,Vaijapur,20051233,373 Village Gangapur-Vaijapur Grid WSS,Sanjarpurwadi,2971,1,0.00,0.00,0.00,0.00,0.00,0.00,0.00,0.00,0.00,0.00,0.00,0.00,0.00,0.00,02-Sep,03-Sep,04-Sep,05-Sep,06-Sep,07-Sep,08-Sep,02-Sep,03-Sep,04-Sep,05-Sep,06-Sep,07-Sep,08-Sep,7,7,0
Chhatrapati Sambhajinagar,Chhatrapati Sambhajinagar,Chhatrapati Sambhajinagar,Vaijapur,Vaijapur,20051233,373 Village Gangapur-Vaijapur Grid WSS,Shivrai,7718,1,0.00,0.27,0.58,0.00,0.00,0.00,0.00,0.00,9.98,21.43,0.00,0.00,0.00,0.00,02-Sep,03-Sep,04-Sep,05-Sep,06-Sep,07-Sep,08-Sep,02-Sep,03-Sep,04-Sep,05-Sep,06-Sep,07-Sep,08-Sep,5,7,0
Chhatrapati Sambhajinagar,Chhatrapati Sambhajinagar,Chhatrapati Sambhajinagar,Vaijapur,Vaijapur,20051233,373 Village Gangapur-Vaijapur Grid WSS,Sirasgaon,3493,1,0.00,0.00,0.00,0.00,0.00,0.00,0.00,0.00,0.00,0.00,0.00,0.00,0.00,0.00,02-Sep,03-Sep,04-Sep,05-Sep,06-Sep,07-Sep,08-Sep,02-Sep,03-Sep,04-Sep,05-Sep,06-Sep,07-Sep,08-Sep,7,7,0
Chhatrapati Sambhajinagar,Chhatrapati Sambhajinagar,Chhatrapati Sambhajinagar,Vaijapur,Vaijapur,20051233,373 Village Gangapur-Vaijapur Grid WSS,Sudamwadi,750,1,0.00,0.00,0.00,0.00,0.00,0.00,0.00,0.00,0.00,0.00,0.00,0.00,0.00,0.00,02-Sep,03-Sep,04-Sep,05-Sep,06-Sep,07-Sep,08-Sep,02-Sep,03-Sep,04-Sep,05-Sep,06-Sep,07-Sep,08-Sep,7,7,0
Chhatrapati Sambhajinagar,Chhatrapati Sambhajinagar,Chhatrapati Sambhajinagar,Vaijapur,Vaijapur,20051233,373 Village Gangapur-Vaijapur Grid WSS,Virgaon,2271,1,1.44,2.64,11.68,5.90,1.21,1.41,12.61,63.41,116.25,514.31,259.80,53.28,62.09,555.26,02-Sep,03-Sep,04-Sep,05-Sep,06-Sep,07-Sep,08-Sep,02-Sep,03-Sep,04-Sep,05-Sep,06-Sep,07-Sep,08-Sep,0,1,6
Chhatrapati Sambhajinagar,Chhatrapati Sambhajinagar,Jalna,Jalna,Jalna,20094559,"120 Villages Extension Scheme for Works Not Considered in 173 GRID WSS and 95 GRID WSS Tq. Partur, Mantha and Jalna Dist: Jalna",Sondeo,1547,1,0.00,0.00,0.00,0.00,0.00,0.00,0.00,0.00,0.00,0.00,0.00,0.00,0.00,0.00,02-Sep,03-Sep,04-Sep,05-Sep,06-Sep,07-Sep,08-Sep,02-Sep,03-Sep,04-Sep,05-Sep,06-Sep,07-Sep,08-Sep,7,7,0
Chhatrapati Sambhajinagar,Chhatrapati Sambhajinagar,Jalna,Jalna,Jalna,20094559,"120 Villages Extension Scheme for Works Not Considered in 173 GRID WSS and 95 GRID WSS Tq. Partur, Mantha and Jalna Dist: Jalna",Pimpalwadi,1302,2,0.00,0.00,0.00,0.00,0.00,0.00,0.00,0.00,0.00,0.00,0.00,0.00,0.00,0.00,02-Sep,03-Sep,04-Sep,05-Sep,06-Sep,07-Sep,08-Sep,02-Sep,03-Sep,04-Sep,05-Sep,06-Sep,07-Sep,08-Sep,7,7,0
Chhatrapati Sambhajinagar,Chhatrapati Sambhajinagar,Jalna,Jalna,Jalna,20094559,"120 Villages Extension Scheme for Works Not Considered in 173 GRID WSS and 95 GRID WSS Tq. Partur, Mantha and Jalna Dist: Jalna",Erandwadgaon,1530,1,0.17,0.17,0.16,0.06,0.02,0.01,0.05,11.29,11.39,10.53,4.20,1.03,0.43,3.34,02-Sep,03-Sep,04-Sep,05-Sep,06-Sep,07-Sep,08-Sep,02-Sep,03-Sep,04-Sep,05-Sep,06-Sep,07-Sep,08-Sep,0,7,0
Chhatrapati Sambhajinagar,Chhatrapati Sambhajinagar,Jalna,Jalna,Jalna,20094559,"120 Villages Extension Scheme for Works Not Considered in 173 GRID WSS and 95 GRID WSS Tq. Partur, Mantha and Jalna Dist: Jalna",Sawergan Bhagde,1165,1,0.00,0.00,0.00,0.00,0.00,0.00,0.00,0.01,0.01,0.01,0.01,0.01,0.00,0.00,02-Sep,03-Sep,04-Sep,05-Sep,06-Sep,07-Sep,08-Sep,02-Sep,03-Sep,04-Sep,05-Sep,06-Sep,07-Sep,08-Sep,2,7,0
Chhatrapati Sambhajinagar,Chhatrapati Sambhajinagar,Jalna,Jalna,Jalna,20094559,"120 Villages Extension Scheme for Works Not Considered in 173 GRID WSS and 95 GRID WSS Tq. Partur, Mantha and Jalna Dist: Jalna",Phokhari Baber,522,1,0.00,0.00,0.00,0.00,0.00,0.00,0.00,0.00,0.00,0.00,0.00,0.00,0.00,0.00,02-Sep,03-Sep,04-Sep,05-Sep,06-Sep,07-Sep,08-Sep,02-Sep,03-Sep,04-Sep,05-Sep,06-Sep,07-Sep,08-Sep,7,7,0
Chhatrapati Sambhajinagar,Chhatrapati Sambhajinagar,Jalna,Jalna,Jalna,20094559,"120 Villages Extension Scheme for Works Not Considered in 173 GRID WSS and 95 GRID WSS Tq. Partur, Mantha and Jalna Dist: Jalna",Kakada,628,1,0.00,0.00,0.00,0.00,0.00,0.00,0.00,0.00,0.00,0.00,0.00,0.00,0.00,0.00,02-Sep,03-Sep,04-Sep,05-Sep,06-Sep,07-Sep,08-Sep,02-Sep,03-Sep,04-Sep,05-Sep,06-Sep,07-Sep,08-Sep,7,7,0
Chhatrapati Sambhajinagar,Chhatrapati Sambhajinagar,Jalna,Jalna,Jalna,20094559,"120 Villages Extension Scheme for Works Not Considered in 173 GRID WSS and 95 GRID WSS Tq. Partur, Mantha and Jalna Dist: Jalna",Bhanunaik Tanda,596,1,0.00,0.00,0.00,0.00,0.00,0.00,0.00,0.00,0.00,0.00,0.00,0.00,0.00,0.00,02-Sep,03-Sep,04-Sep,05-Sep,06-Sep,07-Sep,08-Sep,02-Sep,03-Sep,04-Sep,05-Sep,06-Sep,07-Sep,08-Sep,7,7,0
Chhatrapati Sambhajinagar,Chhatrapati Sambhajinagar,Jalna,Jalna,Jalna,20094559,"120 Villages Extension Scheme for Works Not Considered in 173 GRID WSS and 95 GRID WSS Tq. Partur, Mantha and Jalna Dist: Jalna",Umri Tanda,285,1,0.00,0.00,0.00,0.00,0.00,0.00,0.00,0.00,0.00,0.00,0.00,0.00,0.00,0.00,02-Sep,03-Sep,04-Sep,05-Sep,06-Sep,07-Sep,08-Sep,02-Sep,03-Sep,04-Sep,05-Sep,06-Sep,07-Sep,08-Sep,7,7,0
Chhatrapati Sambhajinagar,Chhatrapati Sambhajinagar,Jalna,Jalna,Jalna,20094559,"120 Villages Extension Scheme for Works Not Considered in 173 GRID WSS and 95 GRID WSS Tq. Partur, Mantha and Jalna Dist: Jalna",Umri,624,1,0.00,0.24,0.22,0.00,0.03,0.35,0.00,0.55,39.07,35.08,0.00,4.51,56.35,0.00,02-Sep,03-Sep,04-Sep,05-Sep,06-Sep,07-Sep,08-Sep,02-Sep,03-Sep,04-Sep,05-Sep,06-Sep,07-Sep,08-Sep,2,6,1
Chhatrapati Sambhajinagar,Chhatrapati Sambhajinagar,Jalna,Jalna,Jalna,20094559,"120 Villages Extension Scheme for Works Not Considered in 173 GRID WSS and 95 GRID WSS Tq. Partur, Mantha and Jalna Dist: Jalna",Pathrud,1051,2,0.00,0.00,0.62,0.00,0.50,0.42,0.00,0.00,0.00,59.24,0.00,47.90,40.29,0.00,02-Sep,03-Sep,04-Sep,05-Sep,06-Sep,07-Sep,08-Sep,02-Sep,03-Sep,04-Sep,05-Sep,06-Sep,07-Sep,08-Sep,4,6,1
Chhatrapati Sambhajinagar,Chhatrapati Sambhajinagar,Jalna,Jalna,Jalna,20094559,"120 Villages Extension Scheme for Works Not Considered in 173 GRID WSS and 95 GRID WSS Tq. Partur, Mantha and Jalna Dist: Jalna",Rathod Nagar,1254,2,0.32,0.30,0.50,0.21,0.31,0.29,0.30,25.23,23.63,39.56,16.52,24.93,22.99,23.88,02-Sep,03-Sep,04-Sep,05-Sep,06-Sep,07-Sep,08-Sep,02-Sep,03-Sep,04-Sep,05-Sep,06-Sep,07-Sep,08-Sep,0,7,0
Chhatrapati Sambhajinagar,Chhatrapati Sambhajinagar,Jalna,Jalna,Jalna,20094559,"120 Villages Extension Scheme for Works Not Considered in 173 GRID WSS and 95 GRID WSS Tq. Partur, Mantha and Jalna Dist: Jalna",Ner Tanda,256,1,0.00,0.00,0.00,0.00,0.00,0.00,0.00,0.00,0.00,0.00,0.00,0.00,0.00,0.00,02-Sep,03-Sep,04-Sep,05-Sep,06-Sep,07-Sep,08-Sep,02-Sep,03-Sep,04-Sep,05-Sep,06-Sep,07-Sep,08-Sep,7,7,0
Chhatrapati Sambhajinagar,Chhatrapati Sambhajinagar,Jalna,Jalna,Jalna,20094559,"120 Villages Extension Scheme for Works Not Considered in 173 GRID WSS and 95 GRID WSS Tq. Partur, Mantha and Jalna Dist: Jalna",Khambewadi,1300,1,0.00,0.00,0.00,0.00,0.00,0.00,0.00,0.02,0.00,0.09,0.00,0.03,0.00,0.00,02-Sep,03-Sep,04-Sep,05-Sep,06-Sep,07-Sep,08-Sep,02-Sep,03-Sep,04-Sep,05-Sep,06-Sep,07-Sep,08-Sep,4,7,0
Chhatrapati Sambhajinagar,Chhatrapati Sambhajinagar,Jalna,Jalna,Jalna,20094559,"120 Villages Extension Scheme for Works Not Considered in 173 GRID WSS and 95 GRID WSS Tq. Partur, Mantha and Jalna Dist: Jalna",Shivani,488,1,0.21,0.00,0.00,0.00,0.00,0.00,0.00,43.08,0.00,0.00,0.00,0.00,0.00,0.00,02-Sep,03-Sep,04-Sep,05-Sep,06-Sep,07-Sep,08-Sep,02-Sep,03-Sep,04-Sep,05-Sep,06-Sep,07-Sep,08-Sep,6,7,0
Chhatrapati Sambhajinagar,Chhatrapati Sambhajinagar,Jalna,Jalna,Jalna,20094559,"120 Villages Extension Scheme for Works Not Considered in 173 GRID WSS and 95 GRID WSS Tq. Partur, Mantha and Jalna Dist: Jalna",Jada Tanda,212,1,0.00,0.00,0.00,0.00,0.00,0.00,0.00,0.00,0.00,0.00,0.00,0.00,0.00,0.00,02-Sep,03-Sep,04-Sep,05-Sep,06-Sep,07-Sep,08-Sep,02-Sep,03-Sep,04-Sep,05-Sep,06-Sep,07-Sep,08-Sep,7,7,0
Chhatrapati Sambhajinagar,Chhatrapati Sambhajinagar,Jalna,Jalna,Jalna,20094559,"120 Villages Extension Scheme for Works Not Considered in 173 GRID WSS and 95 GRID WSS Tq. Partur, Mantha and Jalna Dist: Jalna",Dhara,527,1,0.00,0.00,0.00,0.00,0.00,0.00,0.00,0.00,0.00,0.00,0.00,0.00,0.00,0.00,02-Sep,03-Sep,04-Sep,05-Sep,06-Sep,07-Sep,08-Sep,02-Sep,03-Sep,04-Sep,05-Sep,06-Sep,07-Sep,08-Sep,7,7,0
Chhatrapati Sambhajinagar,Chhatrapati Sambhajinagar,Jalna,Jalna,Jalna,20094559,"120 Villages Extension Scheme for Works Not Considered in 173 GRID WSS and 95 GRID WSS Tq. Partur, Mantha and Jalna Dist: Jalna",Bibi,426,1,0.00,0.00,0.00,0.00,0.00,0.00,0.00,0.00,0.00,0.00,0.00,0.00,0.00,0.00,02-Sep,03-Sep,04-Sep,05-Sep,06-Sep,07-Sep,08-Sep,02-Sep,03-Sep,04-Sep,05-Sep,06-Sep,07-Sep,08-Sep,7,7,0
Chhatrapati Sambhajinagar,Chhatrapati Sambhajinagar,Jalna,Jalna,Jalna,20094559,"120 Villages Extension Scheme for Works Not Considered in 173 GRID WSS and 95 GRID WSS Tq. Partur, Mantha and Jalna Dist: Jalna",Sevali Tanda,801,1,0.00,0.00,0.00,0.00,0.00,0.00,0.00,0.00,0.00,0.00,0.00,0.00,0.00,0.00,02-Sep,03-Sep,04-Sep,05-Sep,06-Sep,07-Sep,08-Sep,02-Sep,03-Sep,04-Sep,05-Sep,06-Sep,07-Sep,08-Sep,7,7,0
Chhatrapati Sambhajinagar,Chhatrapati Sambhajinagar,Jalna,Jalna,Jalna,20094559,"120 Villages Extension Scheme for Works Not Considered in 173 GRID WSS and 95 GRID WSS Tq. Partur, Mantha and Jalna Dist: Jalna",Dhagi,1485,1,0.00,0.00,0.00,0.00,0.00,0.00,0.00,0.00,0.00,0.00,0.00,0.00,0.00,0.00,02-Sep,03-Sep,04-Sep,05-Sep,06-Sep,07-Sep,08-Sep,02-Sep,03-Sep,04-Sep,05-Sep,06-Sep,07-Sep,08-Sep,7,7,0
Chhatrapati Sambhajinagar,Chhatrapati Sambhajinagar,Jalna,Jalna,Jalna,20094559,"120 Villages Extension Scheme for Works Not Considered in 173 GRID WSS and 95 GRID WSS Tq. Partur, Mantha and Jalna Dist: Jalna",Timanaik Tanda,598,1,0.00,0.00,0.00,0.00,0.00,0.00,0.00,0.04,0.03,0.01,0.01,0.00,0.00,0.00,02-Sep,03-Sep,04-Sep,05-Sep,06-Sep,07-Sep,08-Sep,02-Sep,03-Sep,04-Sep,05-Sep,06-Sep,07-Sep,08-Sep,3,7,0
Chhatrapati Sambhajinagar,Chhatrapati Sambhajinagar,Jalna,Jalna,Jalna,20094559,"120 Villages Extension Scheme for Works Not Considered in 173 GRID WSS and 95 GRID WSS Tq. Partur, Mantha and Jalna Dist: Jalna",Rameshwar Tanda,804,1,0.00,0.00,0.00,0.00,0.00,0.00,0.00,0.00,0.00,0.00,0.00,0.00,0.00,0.00,02-Sep,03-Sep,04-Sep,05-Sep,06-Sep,07-Sep,08-Sep,02-Sep,03-Sep,04-Sep,05-Sep,06-Sep,07-Sep,08-Sep,7,7,0
Chhatrapati Sambhajinagar,Chhatrapati Sambhajinagar,Jalna,Jalna,Jalna,20094559,"120 Villages Extension Scheme for Works Not Considered in 173 GRID WSS and 95 GRID WSS Tq. Partur, Mantha and Jalna Dist: Jalna",Nagapur,690,1,0.00,0.00,0.00,0.00,0.00,0.00,0.00,0.00,0.00,0.00,0.00,0.00,0.00,0.00,02-Sep,03-Sep,04-Sep,05-Sep,06-Sep,07-Sep,08-Sep,02-Sep,03-Sep,04-Sep,05-Sep,06-Sep,07-Sep,08-Sep,7,7,0
Chhatrapati Sambhajinagar,Chhatrapati Sambhajinagar,Jalna,Jalna,Jalna,20094559,"120 Villages Extension Scheme for Works Not Considered in 173 GRID WSS and 95 GRID WSS Tq. Partur, Mantha and Jalna Dist: Jalna",Kolewadi Sump,468,1,0.00,0.00,0.00,0.00,0.00,0.00,0.00,0.00,0.00,0.00,0.00,0.00,0.00,0.00,02-Sep,03-Sep,04-Sep,05-Sep,06-Sep,07-Sep,08-Sep,02-Sep,03-Sep,04-Sep,05-Sep,06-Sep,07-Sep,08-Sep,7,7,0
Chhatrapati Sambhajinagar,Chhatrapati Sambhajinagar,Jalna,Jalna,Jalna,20094559,"120 Villages Extension Scheme for Works Not Considered in 173 GRID WSS and 95 GRID WSS Tq. Partur, Mantha and Jalna Dist: Jalna",Daregaon (Ner),330,1,0.00,0.00,0.00,0.00,0.00,0.18,0.00,0.00,0.01,0.00,0.00,0.01,54.70,0.01,02-Sep,03-Sep,04-Sep,05-Sep,06-Sep,07-Sep,08-Sep,02-Sep,03-Sep,04-Sep,05-Sep,06-Sep,07-Sep,08-Sep,3,7,0
Chhatrapati Sambhajinagar,Chhatrapati Sambhajinagar,Jalna,Jalna,Jalna,20094559,"120 Villages Extension Scheme for Works Not Considered in 173 GRID WSS and 95 GRID WSS Tq. Partur, Mantha and Jalna Dist: Jalna",Kolwadi,557,2,0.00,0.00,0.00,0.00,0.00,0.00,0.00,0.00,0.00,0.00,0.03,0.01,0.01,0.01,02-Sep,03-Sep,04-Sep,05-Sep,06-Sep,07-Sep,08-Sep,02-Sep,03-Sep,04-Sep,05-Sep,06-Sep,07-Sep,08-Sep,3,7,0
Chhatrapati Sambhajinagar,Chhatrapati Sambhajinagar,Jalna,Jalna,Jalna,20094559,"120 Villages Extension Scheme for Works Not Considered in 173 GRID WSS and 95 GRID WSS Tq. Partur, Mantha and Jalna Dist: Jalna",Gargoti Tanda,179,1,,,0.00,0.00,0.00,0.00,0.00,,,0.00,0.00,0.00,0.00,0.00,02-Sep,03-Sep,04-Sep,05-Sep,06-Sep,07-Sep,08-Sep,02-Sep,03-Sep,04-Sep,05-Sep,06-Sep,07-Sep,08-Sep,5,5,0
Chhatrapati Sambhajinagar,Chhatrapati Sambhajinagar,Jalna,Jalna,Jalna,20094559,"120 Villages Extension Scheme for Works Not Considered in 173 GRID WSS and 95 GRID WSS Tq. Partur, Mantha and Jalna Dist: Jalna",Pathrud Tanda,491,1,,,0.00,0.00,0.00,0.00,0.00,,,0.00,0.00,0.14,0.00,0.00,02-Sep,03-Sep,04-Sep,05-Sep,06-Sep,07-Sep,08-Sep,02-Sep,03-Sep,04-Sep,05-Sep,06-Sep,07-Sep,08-Sep,4,5,0
Chhatrapati Sambhajinagar,Chhatrapati Sambhajinagar,Jalna,Mantha,Mantha,20094559,"120 Villages Extension Scheme for Works Not Considered in 173 GRID WSS and 95 GRID WSS Tq. Partur, Mantha and Jalna Dist: Jalna",Lawani,804,1,0.00,0.00,0.00,0.00,0.00,0.00,0.00,0.00,0.00,0.00,0.00,0.00,0.00,0.00,02-Sep,03-Sep,04-Sep,05-Sep,06-Sep,07-Sep,08-Sep,02-Sep,03-Sep,04-Sep,05-Sep,06-Sep,07-Sep,08-Sep,7,7,0
Chhatrapati Sambhajinagar,Chhatrapati Sambhajinagar,Jalna,Mantha,Mantha,20094559,"120 Villages Extension Scheme for Works Not Considered in 173 GRID WSS and 95 GRID WSS Tq. Partur, Mantha and Jalna Dist: Jalna",Limbaji Barbada,369,1,0.00,0.00,0.00,0.00,0.00,0.00,0.01,0.00,0.00,0.00,0.00,0.00,0.00,2.71,02-Sep,03-Sep,04-Sep,05-Sep,06-Sep,07-Sep,08-Sep,02-Sep,03-Sep,04-Sep,05-Sep,06-Sep,07-Sep,08-Sep,6,7,0
Chhatrapati Sambhajinagar,Chhatrapati Sambhajinagar,Jalna,Mantha,Mantha,20094559,"120 Villages Extension Scheme for Works Not Considered in 173 GRID WSS and 95 GRID WSS Tq. Partur, Mantha and Jalna Dist: Jalna",Belora Tanda,847,1,0.00,0.00,0.00,0.00,0.00,0.00,0.00,0.00,0.00,0.00,0.00,0.00,0.00,0.00,02-Sep,03-Sep,04-Sep,05-Sep,06-Sep,07-Sep,08-Sep,02-Sep,03-Sep,04-Sep,05-Sep,06-Sep,07-Sep,08-Sep,7,7,0
Chhatrapati Sambhajinagar,Chhatrapati Sambhajinagar,Jalna,Mantha,Mantha,20094559,"120 Villages Extension Scheme for Works Not Considered in 173 GRID WSS and 95 GRID WSS Tq. Partur, Mantha and Jalna Dist: Jalna",Wazarsarkate,2525,1,0.00,0.00,0.00,0.00,0.00,0.00,0.00,0.00,0.00,0.00,0.00,0.00,0.00,0.00,02-Sep,03-Sep,04-Sep,05-Sep,06-Sep,07-Sep,08-Sep,02-Sep,03-Sep,04-Sep,05-Sep,06-Sep,07-Sep,08-Sep,7,7,0
Chhatrapati Sambhajinagar,Chhatrapati Sambhajinagar,Jalna,Mantha,Mantha,20094559,"120 Villages Extension Scheme for Works Not Considered in 173 GRID WSS and 95 GRID WSS Tq. Partur, Mantha and Jalna Dist: Jalna",Devthana Mantha,1068,1,0.00,0.16,0.00,0.13,0.00,0.10,0.00,0.00,14.98,0.00,12.17,0.00,9.36,0.00,02-Sep,03-Sep,04-Sep,05-Sep,06-Sep,07-Sep,08-Sep,02-Sep,03-Sep,04-Sep,05-Sep,06-Sep,07-Sep,08-Sep,4,7,0
Chhatrapati Sambhajinagar,Chhatrapati Sambhajinagar,Jalna,Mantha,Mantha,20094559,"120 Villages Extension Scheme for Works Not Considered in 173 GRID WSS and 95 GRID WSS Tq. Partur, Mantha and Jalna Dist: Jalna",Lavani Tanda,1283,1,0.00,0.00,0.00,0.01,0.00,0.00,0.00,0.00,0.00,0.00,0.78,0.00,0.00,0.00,02-Sep,03-Sep,04-Sep,05-Sep,06-Sep,07-Sep,08-Sep,02-Sep,03-Sep,04-Sep,05-Sep,06-Sep,07-Sep,08-Sep,6,7,0
Chhatrapati Sambhajinagar,Chhatrapati Sambhajinagar,Jalna,Mantha,Mantha,20094559,"120 Villages Extension Scheme for Works Not Considered in 173 GRID WSS and 95 GRID WSS Tq. Partur, Mantha and Jalna Dist: Jalna",Vaidhywadgaon,2600,1,0.00,0.00,0.00,0.00,0.00,0.00,0.00,0.00,0.00,0.00,0.00,0.00,0.00,0.00,02-Sep,03-Sep,04-Sep,05-Sep,06-Sep,07-Sep,08-Sep,02-Sep,03-Sep,04-Sep,05-Sep,06-Sep,07-Sep,08-Sep,7,7,0
Chhatrapati Sambhajinagar,Chhatrapati Sambhajinagar,Jalna,Mantha,Mantha,20094559,"120 Villages Extension Scheme for Works Not Considered in 173 GRID WSS and 95 GRID WSS Tq. Partur, Mantha and Jalna Dist: Jalna",Daghi,1485,1,0.00,0.00,0.00,0.00,0.00,0.00,0.00,0.00,0.00,0.00,0.00,0.00,0.00,0.00,02-Sep,03-Sep,04-Sep,05-Sep,06-Sep,07-Sep,08-Sep,02-Sep,03-Sep,04-Sep,05-Sep,06-Sep,07-Sep,08-Sep,7,7,0
Chhatrapati Sambhajinagar,Chhatrapati Sambhajinagar,Jalna,Mantha,Mantha,20094559,"120 Villages Extension Scheme for Works Not Considered in 173 GRID WSS and 95 GRID WSS Tq. Partur, Mantha and Jalna Dist: Jalna",Waghoda Tanda,1941,1,0.00,0.00,0.00,0.00,0.00,0.00,0.00,0.00,0.00,0.00,0.00,0.00,0.00,0.00,02-Sep,03-Sep,04-Sep,05-Sep,06-Sep,07-Sep,08-Sep,02-Sep,03-Sep,04-Sep,05-Sep,06-Sep,07-Sep,08-Sep,7,7,0
Chhatrapati Sambhajinagar,Chhatrapati Sambhajinagar,Jalna,Mantha,Mantha,20094559,"120 Villages Extension Scheme for Works Not Considered in 173 GRID WSS and 95 GRID WSS Tq. Partur, Mantha and Jalna Dist: Jalna",Kanadi,1040,1,0.00,0.00,0.00,0.00,0.00,0.00,0.00,0.00,0.00,0.00,0.00,0.00,0.00,0.00,02-Sep,03-Sep,04-Sep,05-Sep,06-Sep,07-Sep,08-Sep,02-Sep,03-Sep,04-Sep,05-Sep,06-Sep,07-Sep,08-Sep,7,7,0
Chhatrapati Sambhajinagar,Chhatrapati Sambhajinagar,Jalna,Mantha,Mantha,20094559,"120 Villages Extension Scheme for Works Not Considered in 173 GRID WSS and 95 GRID WSS Tq. Partur, Mantha and Jalna Dist: Jalna",Incha,501,1,0.00,0.00,0.00,0.00,0.00,0.00,0.00,0.00,0.00,0.00,0.00,0.00,0.00,0.00,02-Sep,03-Sep,04-Sep,05-Sep,06-Sep,07-Sep,08-Sep,02-Sep,03-Sep,04-Sep,05-Sep,06-Sep,07-Sep,08-Sep,7,7,0
Chhatrapati Sambhajinagar,Chhatrapati Sambhajinagar,Jalna,Mantha,Mantha,20094559,"120 Villages Extension Scheme for Works Not Considered in 173 GRID WSS and 95 GRID WSS Tq. Partur, Mantha and Jalna Dist: Jalna",Pangra Gadadhe,2126,2,0.00,0.00,0.00,0.00,0.00,0.00,0.00,0.00,0.00,0.00,0.00,0.00,0.00,0.00,02-Sep,03-Sep,04-Sep,05-Sep,06-Sep,07-Sep,08-Sep,02-Sep,03-Sep,04-Sep,05-Sep,06-Sep,07-Sep,08-Sep,7,7,0
Chhatrapati Sambhajinagar,Chhatrapati Sambhajinagar,Jalna,Mantha,Mantha,20094559,"120 Villages Extension Scheme for Works Not Considered in 173 GRID WSS and 95 GRID WSS Tq. Partur, Mantha and Jalna Dist: Jalna",Kirtapur,1080,1,0.00,0.00,0.00,0.00,0.00,0.00,0.00,0.00,0.00,0.00,0.00,0.00,0.00,0.00,02-Sep,03-Sep,04-Sep,05-Sep,06-Sep,07-Sep,08-Sep,02-Sep,03-Sep,04-Sep,05-Sep,06-Sep,07-Sep,08-Sep,7,7,0
Chhatrapati Sambhajinagar,Chhatrapati Sambhajinagar,Jalna,Mantha,Mantha,20094559,"120 Villages Extension Scheme for Works Not Considered in 173 GRID WSS and 95 GRID WSS Tq. Partur, Mantha and Jalna Dist: Jalna",Khorvad,2017,1,0.00,0.00,0.00,0.00,0.00,0.00,0.00,0.00,0.00,0.00,0.00,0.00,0.00,0.00,02-Sep,03-Sep,04-Sep,05-Sep,06-Sep,07-Sep,08-Sep,02-Sep,03-Sep,04-Sep,05-Sep,06-Sep,07-Sep,08-Sep,7,7,0
Chhatrapati Sambhajinagar,Chhatrapati Sambhajinagar,Jalna,Mantha,Mantha,20094559,"120 Villages Extension Scheme for Works Not Considered in 173 GRID WSS and 95 GRID WSS Tq. Partur, Mantha and Jalna Dist: Jalna",Andhawadi,1026,1,0.00,0.00,0.00,0.00,0.59,0.00,0.00,0.00,0.00,0.00,0.00,57.37,0.00,0.06,02-Sep,03-Sep,04-Sep,05-Sep,06-Sep,07-Sep,08-Sep,02-Sep,03-Sep,04-Sep,05-Sep,06-Sep,07-Sep,08-Sep,5,6,1
Chhatrapati Sambhajinagar,Chhatrapati Sambhajinagar,Jalna,Mantha,Mantha,20094559,"120 Villages Extension Scheme for Works Not Considered in 173 GRID WSS and 95 GRID WSS Tq. Partur, Mantha and Jalna Dist: Jalna",Virgavhan Tanda,577,1,0.00,0.00,0.00,0.00,0.00,0.00,0.00,0.00,0.00,0.00,0.00,0.00,0.00,0.00,02-Sep,03-Sep,04-Sep,05-Sep,06-Sep,07-Sep,08-Sep,02-Sep,03-Sep,04-Sep,05-Sep,06-Sep,07-Sep,08-Sep,7,7,0
Chhatrapati Sambhajinagar,Chhatrapati Sambhajinagar,Jalna,Mantha,Mantha,20094559,"120 Villages Extension Scheme for Works Not Considered in 173 GRID WSS and 95 GRID WSS Tq. Partur, Mantha and Jalna Dist: Jalna",RAMTIRTH,1143,1,0.00,0.00,0.00,0.00,0.00,0.00,0.00,0.00,0.00,0.00,0.00,0.00,0.00,0.00,02-Sep,03-Sep,04-Sep,05-Sep,06-Sep,07-Sep,08-Sep,02-Sep,03-Sep,04-Sep,05-Sep,06-Sep,07-Sep,08-Sep,7,7,0
Chhatrapati Sambhajinagar,Chhatrapati Sambhajinagar,Jalna,Mantha,Mantha,20094559,"120 Villages Extension Scheme for Works Not Considered in 173 GRID WSS and 95 GRID WSS Tq. Partur, Mantha and Jalna Dist: Jalna",PANGRI KH.,3178,1,0.00,0.00,0.00,0.00,0.00,0.00,0.00,0.00,0.00,0.00,0.00,0.00,0.00,0.00,02-Sep,03-Sep,04-Sep,05-Sep,06-Sep,07-Sep,08-Sep,02-Sep,03-Sep,04-Sep,05-Sep,06-Sep,07-Sep,08-Sep,7,7,0
Chhatrapati Sambhajinagar,Chhatrapati Sambhajinagar,Jalna,Mantha,Mantha,20094559,"120 Villages Extension Scheme for Works Not Considered in 173 GRID WSS and 95 GRID WSS Tq. Partur, Mantha and Jalna Dist: Jalna",Kendhali Tanda,263,1,0.00,0.00,0.00,0.00,0.00,0.00,0.00,0.00,0.00,0.00,0.00,0.00,0.00,0.00,02-Sep,03-Sep,04-Sep,05-Sep,06-Sep,07-Sep,08-Sep,02-Sep,03-Sep,04-Sep,05-Sep,06-Sep,07-Sep,08-Sep,7,7,0
Chhatrapati Sambhajinagar,Chhatrapati Sambhajinagar,Jalna,Mantha,Mantha,20094559,"120 Villages Extension Scheme for Works Not Considered in 173 GRID WSS and 95 GRID WSS Tq. Partur, Mantha and Jalna Dist: Jalna",Takalkhopa,1461,1,0.00,0.00,0.00,0.00,0.00,0.00,0.00,0.00,0.00,0.00,0.00,0.00,0.00,0.00,02-Sep,03-Sep,04-Sep,05-Sep,06-Sep,07-Sep,08-Sep,02-Sep,03-Sep,04-Sep,05-Sep,06-Sep,07-Sep,08-Sep,7,7,0
Chhatrapati Sambhajinagar,Chhatrapati Sambhajinagar,Jalna,Mantha,Mantha,20094559,"120 Villages Extension Scheme for Works Not Considered in 173 GRID WSS and 95 GRID WSS Tq. Partur, Mantha and Jalna Dist: Jalna",Tuppa,366,1,0.00,0.00,0.00,0.00,0.00,0.02,0.00,0.00,0.00,0.00,0.41,0.41,4.12,1.37,02-Sep,03-Sep,04-Sep,05-Sep,06-Sep,07-Sep,08-Sep,02-Sep,03-Sep,04-Sep,05-Sep,06-Sep,07-Sep,08-Sep,3,7,0
Chhatrapati Sambhajinagar,Chhatrapati Sambhajinagar,Jalna,Mantha,Mantha,20094559,"120 Villages Extension Scheme for Works Not Considered in 173 GRID WSS and 95 GRID WSS Tq. Partur, Mantha and Jalna Dist: Jalna",Ranmala,1746,1,0.00,0.00,0.76,0.00,0.64,0.32,0.44,0.00,0.00,43.58,0.00,36.43,18.47,24.92,02-Sep,03-Sep,04-Sep,05-Sep,06-Sep,07-Sep,08-Sep,02-Sep,03-Sep,04-Sep,05-Sep,06-Sep,07-Sep,08-Sep,3,7,0
Chhatrapati Sambhajinagar,Chhatrapati Sambhajinagar,Jalna,Mantha,Mantha,20094559,"120 Villages Extension Scheme for Works Not Considered in 173 GRID WSS and 95 GRID WSS Tq. Partur, Mantha and Jalna Dist: Jalna",Tokawadi,705,2,0.24,0.46,0.29,0.27,0.29,0.18,0.34,33.58,65.84,41.14,38.44,41.63,25.99,48.74,02-Sep,03-Sep,04-Sep,05-Sep,06-Sep,07-Sep,08-Sep,02-Sep,03-Sep,04-Sep,05-Sep,06-Sep,07-Sep,08-Sep,0,6,1
Chhatrapati Sambhajinagar,Chhatrapati Sambhajinagar,Jalna,Mantha,Mantha,20094559,"120 Villages Extension Scheme for Works Not Considered in 173 GRID WSS and 95 GRID WSS Tq. Partur, Mantha and Jalna Dist: Jalna",Naigaon MBR,1491,1,0.00,0.00,0.00,0.00,0.00,0.00,0.00,0.00,0.00,0.00,0.00,0.00,0.00,0.00,02-Sep,03-Sep,04-Sep,05-Sep,06-Sep,07-Sep,08-Sep,02-Sep,03-Sep,04-Sep,05-Sep,06-Sep,07-Sep,08-Sep,7,7,0
Chhatrapati Sambhajinagar,Chhatrapati Sambhajinagar,Jalna,Mantha,Mantha,20094559,"120 Villages Extension Scheme for Works Not Considered in 173 GRID WSS and 95 GRID WSS Tq. Partur, Mantha and Jalna Dist: Jalna",LIMBEWADGAON GHARKUL,540,1,0.00,0.00,0.00,0.00,0.00,0.00,0.00,0.00,0.00,0.00,0.00,0.00,0.00,0.00,02-Sep,03-Sep,04-Sep,05-Sep,06-Sep,07-Sep,08-Sep,02-Sep,03-Sep,04-Sep,05-Sep,06-Sep,07-Sep,08-Sep,7,7,0
Chhatrapati Sambhajinagar,Chhatrapati Sambhajinagar,Jalna,Mantha,Mantha,20094559,"120 Villages Extension Scheme for Works Not Considered in 173 GRID WSS and 95 GRID WSS Tq. Partur, Mantha and Jalna Dist: Jalna",Sevali,7669,1,0.00,0.00,0.43,0.00,0.00,0.00,0.14,0.00,0.00,5.61,0.00,0.00,0.00,1.83,02-Sep,03-Sep,04-Sep,05-Sep,06-Sep,07-Sep,08-Sep,02-Sep,03-Sep,04-Sep,05-Sep,06-Sep,07-Sep,08-Sep,5,7,0
Chhatrapati Sambhajinagar,Chhatrapati Sambhajinagar,Jalna,Mantha,Mantha,20094559,"120 Villages Extension Scheme for Works Not Considered in 173 GRID WSS and 95 GRID WSS Tq. Partur, Mantha and Jalna Dist: Jalna",Tokawadi Tanda,643,1,0.00,0.00,0.00,0.00,0.00,0.00,0.00,0.00,0.00,0.00,0.00,0.00,0.00,0.00,02-Sep,03-Sep,04-Sep,05-Sep,06-Sep,07-Sep,08-Sep,02-Sep,03-Sep,04-Sep,05-Sep,06-Sep,07-Sep,08-Sep,7,7,0
Chhatrapati Sambhajinagar,Chhatrapati Sambhajinagar,Jalna,Mantha,Mantha,20094559,"120 Villages Extension Scheme for Works Not Considered in 173 GRID WSS and 95 GRID WSS Tq. Partur, Mantha and Jalna Dist: Jalna",Wadgaon Sarhadu,1136,1,0.00,0.00,0.00,0.00,0.00,0.00,0.00,0.00,0.00,0.01,0.01,0.00,0.01,0.01,02-Sep,03-Sep,04-Sep,05-Sep,06-Sep,07-Sep,08-Sep,02-Sep,03-Sep,04-Sep,05-Sep,06-Sep,07-Sep,08-Sep,3,7,0
Chhatrapati Sambhajinagar,Chhatrapati Sambhajinagar,Jalna,Mantha,Mantha,20094559,"120 Villages Extension Scheme for Works Not Considered in 173 GRID WSS and 95 GRID WSS Tq. Partur, Mantha and Jalna Dist: Jalna",PANGRI BK. TANDA,1075,1,0.00,0.00,0.00,0.00,0.00,0.00,0.00,0.00,0.00,0.00,0.00,0.00,0.00,0.00,02-Sep,03-Sep,04-Sep,05-Sep,06-Sep,07-Sep,08-Sep,02-Sep,03-Sep,04-Sep,05-Sep,06-Sep,07-Sep,08-Sep,7,7,0
Chhatrapati Sambhajinagar,Chhatrapati Sambhajinagar,Jalna,Mantha,Mantha,20094559,"120 Villages Extension Scheme for Works Not Considered in 173 GRID WSS and 95 GRID WSS Tq. Partur, Mantha and Jalna Dist: Jalna",Shivangiri,2008,2,0.00,0.00,0.00,0.00,0.00,0.00,0.00,0.00,0.00,0.00,0.00,0.01,0.00,0.00,02-Sep,03-Sep,04-Sep,05-Sep,06-Sep,07-Sep,08-Sep,02-Sep,03-Sep,04-Sep,05-Sep,06-Sep,07-Sep,08-Sep,6,7,0
Chhatrapati Sambhajinagar,Chhatrapati Sambhajinagar,Jalna,Mantha,Mantha,20094559,"120 Villages Extension Scheme for Works Not Considered in 173 GRID WSS and 95 GRID WSS Tq. Partur, Mantha and Jalna Dist: Jalna",Dahiphal Khandare,3011,1,0.00,0.00,0.00,0.08,0.19,0.00,0.00,0.00,0.00,0.00,2.63,6.41,0.00,0.00,02-Sep,03-Sep,04-Sep,05-Sep,06-Sep,07-Sep,08-Sep,02-Sep,03-Sep,04-Sep,05-Sep,06-Sep,07-Sep,08-Sep,5,7,0
Chhatrapati Sambhajinagar,Chhatrapati Sambhajinagar,Jalna,Mantha,Mantha,20094559,"120 Villages Extension Scheme for Works Not Considered in 173 GRID WSS and 95 GRID WSS Tq. Partur, Mantha and Jalna Dist: Jalna",Mohadi,1179,1,0.02,0.00,0.00,1.62,0.46,0.00,0.00,1.91,0.00,0.00,137.33,38.69,0.00,0.00,02-Sep,03-Sep,04-Sep,05-Sep,06-Sep,07-Sep,08-Sep,02-Sep,03-Sep,04-Sep,05-Sep,06-Sep,07-Sep,08-Sep,4,6,1
Chhatrapati Sambhajinagar,Chhatrapati Sambhajinagar,Jalna,Mantha,Mantha,20094559,"120 Villages Extension Scheme for Works Not Considered in 173 GRID WSS and 95 GRID WSS Tq. Partur, Mantha and Jalna Dist: Jalna",Belora,2127,1,0.00,0.00,0.00,0.00,0.00,0.00,0.00,0.00,0.00,0.00,0.00,0.00,0.00,0.00,02-Sep,03-Sep,04-Sep,05-Sep,06-Sep,07-Sep,08-Sep,02-Sep,03-Sep,04-Sep,05-Sep,06-Sep,07-Sep,08-Sep,7,7,0
Chhatrapati Sambhajinagar,Chhatrapati Sambhajinagar,Jalna,Mantha,Mantha,20094559,"120 Villages Extension Scheme for Works Not Considered in 173 GRID WSS and 95 GRID WSS Tq. Partur, Mantha and Jalna Dist: Jalna",Khorad Sawangi,2661,1,0.06,0.00,0.32,0.15,0.00,0.07,0.14,2.36,0.00,12.01,5.62,0.13,2.82,5.21,02-Sep,03-Sep,04-Sep,05-Sep,06-Sep,07-Sep,08-Sep,02-Sep,03-Sep,04-Sep,05-Sep,06-Sep,07-Sep,08-Sep,1,7,0
Chhatrapati Sambhajinagar,Chhatrapati Sambhajinagar,Jalna,Mantha,Mantha,20094559,"120 Villages Extension Scheme for Works Not Considered in 173 GRID WSS and 95 GRID WSS Tq. Partur, Mantha and Jalna Dist: Jalna",Dhondi Pimpalgaon,773,1,0.00,0.00,0.00,0.00,0.00,0.00,0.00,0.00,0.00,0.00,0.00,0.00,0.00,0.00,02-Sep,03-Sep,04-Sep,05-Sep,06-Sep,07-Sep,08-Sep,02-Sep,03-Sep,04-Sep,05-Sep,06-Sep,07-Sep,08-Sep,7,7,0
Chhatrapati Sambhajinagar,Chhatrapati Sambhajinagar,Jalna,Mantha,Mantha,20094559,"120 Villages Extension Scheme for Works Not Considered in 173 GRID WSS and 95 GRID WSS Tq. Partur, Mantha and Jalna Dist: Jalna",Sonunkarwadi,409,1,0.00,0.00,0.00,0.00,0.00,0.00,0.00,0.00,0.00,0.00,0.00,0.00,0.00,0.00,02-Sep,03-Sep,04-Sep,05-Sep,06-Sep,07-Sep,08-Sep,02-Sep,03-Sep,04-Sep,05-Sep,06-Sep,07-Sep,08-Sep,7,7,0
Chhatrapati Sambhajinagar,Chhatrapati Sambhajinagar,Jalna,Mantha,Mantha,20094559,"120 Villages Extension Scheme for Works Not Considered in 173 GRID WSS and 95 GRID WSS Tq. Partur, Mantha and Jalna Dist: Jalna",Kharodsawangi,3859,1,0.00,0.00,0.00,0.00,0.00,0.00,0.00,0.00,0.00,0.00,0.00,0.00,0.00,0.00,02-Sep,03-Sep,04-Sep,05-Sep,06-Sep,07-Sep,08-Sep,02-Sep,03-Sep,04-Sep,05-Sep,06-Sep,07-Sep,08-Sep,7,7,0
Chhatrapati Sambhajinagar,Chhatrapati Sambhajinagar,Jalna,Mantha,Mantha,20094559,"120 Villages Extension Scheme for Works Not Considered in 173 GRID WSS and 95 GRID WSS Tq. Partur, Mantha and Jalna Dist: Jalna",Talegaon,1215,2,0.00,0.00,0.00,0.00,0.00,0.00,0.00,0.00,0.00,0.00,0.00,0.00,0.00,0.00,02-Sep,03-Sep,04-Sep,05-Sep,06-Sep,07-Sep,08-Sep,02-Sep,03-Sep,04-Sep,05-Sep,06-Sep,07-Sep,08-Sep,7,7,0
Chhatrapati Sambhajinagar,Chhatrapati Sambhajinagar,Jalna,Mantha,Mantha,20094559,"120 Villages Extension Scheme for Works Not Considered in 173 GRID WSS and 95 GRID WSS Tq. Partur, Mantha and Jalna Dist: Jalna",Nansi,1424,2,0.00,0.00,0.00,0.00,0.00,0.00,0.00,0.00,0.00,0.00,0.00,0.00,0.00,0.00,02-Sep,03-Sep,04-Sep,05-Sep,06-Sep,07-Sep,08-Sep,02-Sep,03-Sep,04-Sep,05-Sep,06-Sep,07-Sep,08-Sep,7,7,0
Chhatrapati Sambhajinagar,Chhatrapati Sambhajinagar,Jalna,Mantha,Mantha,20094559,"120 Villages Extension Scheme for Works Not Considered in 173 GRID WSS and 95 GRID WSS Tq. Partur, Mantha and Jalna Dist: Jalna",WANJOLA,1817,1,0.00,0.00,0.00,0.00,0.00,0.00,0.00,0.00,0.00,0.00,0.00,0.00,0.00,0.00,02-Sep,03-Sep,04-Sep,05-Sep,06-Sep,07-Sep,08-Sep,02-Sep,03-Sep,04-Sep,05-Sep,06-Sep,07-Sep,08-Sep,7,7,0
Chhatrapati Sambhajinagar,Chhatrapati Sambhajinagar,Jalna,Mantha,Mantha,20094559,"120 Villages Extension Scheme for Works Not Considered in 173 GRID WSS and 95 GRID WSS Tq. Partur, Mantha and Jalna Dist: Jalna",Naigaon Tanda,1491,1,0.36,0.00,0.32,0.00,0.00,0.33,0.34,24.07,0.00,21.50,0.00,0.00,22.04,23.06,02-Sep,03-Sep,04-Sep,05-Sep,06-Sep,07-Sep,08-Sep,02-Sep,03-Sep,04-Sep,05-Sep,06-Sep,07-Sep,08-Sep,3,7,0
Chhatrapati Sambhajinagar,Chhatrapati Sambhajinagar,Jalna,Mantha,Mantha,20094559,"120 Villages Extension Scheme for Works Not Considered in 173 GRID WSS and 95 GRID WSS Tq. Partur, Mantha and Jalna Dist: Jalna",Mohdari,431,1,0.00,0.00,0.00,0.00,0.00,0.00,0.00,0.00,0.00,0.00,0.00,0.00,0.00,0.00,02-Sep,03-Sep,04-Sep,05-Sep,06-Sep,07-Sep,08-Sep,02-Sep,03-Sep,04-Sep,05-Sep,06-Sep,07-Sep,08-Sep,7,7,0
Chhatrapati Sambhajinagar,Chhatrapati Sambhajinagar,Jalna,Mantha,Mantha,20094559,"120 Villages Extension Scheme for Works Not Considered in 173 GRID WSS and 95 GRID WSS Tq. Partur, Mantha and Jalna Dist: Jalna",Pimparkheda Kharabe Tanda,421,1,0.00,0.00,0.00,0.00,0.00,0.00,0.00,0.00,0.00,0.00,0.00,0.00,0.00,0.00,02-Sep,03-Sep,04-Sep,05-Sep,06-Sep,07-Sep,08-Sep,02-Sep,03-Sep,04-Sep,05-Sep,06-Sep,07-Sep,08-Sep,7,7,0
Chhatrapati Sambhajinagar,Chhatrapati Sambhajinagar,Jalna,Mantha,Mantha,20094559,"120 Villages Extension Scheme for Works Not Considered in 173 GRID WSS and 95 GRID WSS Tq. Partur, Mantha and Jalna Dist: Jalna",Hivarkheda,1949,1,0.22,0.00,0.00,0.00,0.00,0.00,0.00,11.12,0.00,0.00,0.00,0.00,0.00,0.00,02-Sep,03-Sep,04-Sep,05-Sep,06-Sep,07-Sep,08-Sep,02-Sep,03-Sep,04-Sep,05-Sep,06-Sep,07-Sep,08-Sep,6,7,0
Chhatrapati Sambhajinagar,Chhatrapati Sambhajinagar,Jalna,Mantha,Mantha,20094559,"120 Villages Extension Scheme for Works Not Considered in 173 GRID WSS and 95 GRID WSS Tq. Partur, Mantha and Jalna Dist: Jalna",Kedarwakadi,1337,1,0.00,0.00,0.00,0.00,0.00,0.00,0.00,0.00,0.00,0.00,0.00,0.00,0.00,0.00,02-Sep,03-Sep,04-Sep,05-Sep,06-Sep,07-Sep,08-Sep,02-Sep,03-Sep,04-Sep,05-Sep,06-Sep,07-Sep,08-Sep,7,7,0
Chhatrapati Sambhajinagar,Chhatrapati Sambhajinagar,Jalna,Mantha,Mantha,20094559,"120 Villages Extension Scheme for Works Not Considered in 173 GRID WSS and 95 GRID WSS Tq. Partur, Mantha and Jalna Dist: Jalna",Aradakhari,985,1,0.00,11.39,0.16,0.00,0.00,0.00,0.00,0.00,1156.35,16.24,0.00,0.00,0.00,0.00,02-Sep,03-Sep,04-Sep,05-Sep,06-Sep,07-Sep,08-Sep,02-Sep,03-Sep,04-Sep,05-Sep,06-Sep,07-Sep,08-Sep,5,6,1
Chhatrapati Sambhajinagar,Chhatrapati Sambhajinagar,Jalna,Mantha,Mantha,20094559,"120 Villages Extension Scheme for Works Not Considered in 173 GRID WSS and 95 GRID WSS Tq. Partur, Mantha and Jalna Dist: Jalna",Sawargaon vayal,1401,2,0.80,0.97,0.64,0.94,0.77,0.98,0.56,56.82,69.13,45.93,67.23,54.64,69.81,40.06,02-Sep,03-Sep,04-Sep,05-Sep,06-Sep,07-Sep,08-Sep,02-Sep,03-Sep,04-Sep,05-Sep,06-Sep,07-Sep,08-Sep,0,3,4
Chhatrapati Sambhajinagar,Chhatrapati Sambhajinagar,Jalna,Mantha,Mantha,20094559,"120 Villages Extension Scheme for Works Not Considered in 173 GRID WSS and 95 GRID WSS Tq. Partur, Mantha and Jalna Dist: Jalna",Khari Arda,571,1,0.00,0.00,0.00,0.00,0.00,0.00,0.00,0.00,0.00,0.00,0.00,0.00,0.00,0.00,02-Sep,03-Sep,04-Sep,05-Sep,06-Sep,07-Sep,08-Sep,02-Sep,03-Sep,04-Sep,05-Sep,06-Sep,07-Sep,08-Sep,7,7,0
Chhatrapati Sambhajinagar,Chhatrapati Sambhajinagar,Jalna,Mantha,Mantha,20094559,"120 Villages Extension Scheme for Works Not Considered in 173 GRID WSS and 95 GRID WSS Tq. Partur, Mantha and Jalna Dist: Jalna",Borgaon,2304,2,0.00,0.00,0.00,0.00,0.00,0.00,0.00,0.00,0.00,0.00,0.00,0.00,0.00,0.00,02-Sep,03-Sep,04-Sep,05-Sep,06-Sep,07-Sep,08-Sep,02-Sep,03-Sep,04-Sep,05-Sep,06-Sep,07-Sep,08-Sep,7,7,0
Chhatrapati Sambhajinagar,Chhatrapati Sambhajinagar,Jalna,Mantha,Mantha,20094559,"120 Villages Extension Scheme for Works Not Considered in 173 GRID WSS and 95 GRID WSS Tq. Partur, Mantha and Jalna Dist: Jalna",Meskheda,1641,1,0.35,0.35,0.33,0.44,0.00,0.31,0.58,21.15,21.51,20.24,26.68,0.00,18.90,35.31,02-Sep,03-Sep,04-Sep,05-Sep,06-Sep,07-Sep,08-Sep,02-Sep,03-Sep,04-Sep,05-Sep,06-Sep,07-Sep,08-Sep,1,7,0
Chhatrapati Sambhajinagar,Chhatrapati Sambhajinagar,Jalna,Mantha,Mantha,20094559,"120 Villages Extension Scheme for Works Not Considered in 173 GRID WSS and 95 GRID WSS Tq. Partur, Mantha and Jalna Dist: Jalna",Taltondi,1388,1,0.00,0.00,0.00,0.00,0.00,0.00,0.00,0.00,0.00,0.00,0.00,0.00,0.00,0.00,02-Sep,03-Sep,04-Sep,05-Sep,06-Sep,07-Sep,08-Sep,02-Sep,03-Sep,04-Sep,05-Sep,06-Sep,07-Sep,08-Sep,7,7,0
Chhatrapati Sambhajinagar,Chhatrapati Sambhajinagar,Jalna,Mantha,Mantha,20094559,"120 Villages Extension Scheme for Works Not Considered in 173 GRID WSS and 95 GRID WSS Tq. Partur, Mantha and Jalna Dist: Jalna",DHOKSAL,2073,1,0.00,0.20,0.45,0.00,0.49,0.00,0.04,0.17,9.57,21.53,0.00,23.45,0.00,2.08,02-Sep,03-Sep,04-Sep,05-Sep,06-Sep,07-Sep,08-Sep,02-Sep,03-Sep,04-Sep,05-Sep,06-Sep,07-Sep,08-Sep,2,7,0
Chhatrapati Sambhajinagar,Chhatrapati Sambhajinagar,Jalna,Mantha,Mantha,20094559,"120 Villages Extension Scheme for Works Not Considered in 173 GRID WSS and 95 GRID WSS Tq. Partur, Mantha and Jalna Dist: Jalna",PANGRI KH.TANDA,701,1,1.92,0.00,0.00,0.00,0.00,0.00,0.00,273.89,0.00,0.00,0.00,0.00,0.00,0.00,02-Sep,03-Sep,04-Sep,05-Sep,06-Sep,07-Sep,08-Sep,02-Sep,03-Sep,04-Sep,05-Sep,06-Sep,07-Sep,08-Sep,6,6,1
Chhatrapati Sambhajinagar,Chhatrapati Sambhajinagar,Jalna,Mantha,Mantha,20094559,"120 Villages Extension Scheme for Works Not Considered in 173 GRID WSS and 95 GRID WSS Tq. Partur, Mantha and Jalna Dist: Jalna",Idoli(kd),1836,1,0.34,0.35,0.00,0.32,0.10,0.19,0.00,18.57,18.97,0.00,17.22,5.21,10.16,0.00,02-Sep,03-Sep,04-Sep,05-Sep,06-Sep,07-Sep,08-Sep,02-Sep,03-Sep,04-Sep,05-Sep,06-Sep,07-Sep,08-Sep,2,7,0
Chhatrapati Sambhajinagar,Chhatrapati Sambhajinagar,Jalna,Mantha,Mantha,20094559,"120 Villages Extension Scheme for Works Not Considered in 173 GRID WSS and 95 GRID WSS Tq. Partur, Mantha and Jalna Dist: Jalna",Pakni,873,1,0.00,0.02,0.01,0.00,0.00,0.00,0.00,0.00,2.29,1.15,0.00,0.00,0.00,0.00,02-Sep,03-Sep,04-Sep,05-Sep,06-Sep,07-Sep,08-Sep,02-Sep,03-Sep,04-Sep,05-Sep,06-Sep,07-Sep,08-Sep,5,7,0
Chhatrapati Sambhajinagar,Chhatrapati Sambhajinagar,Jalna,Mantha,Mantha,20094559,"120 Villages Extension Scheme for Works Not Considered in 173 GRID WSS and 95 GRID WSS Tq. Partur, Mantha and Jalna Dist: Jalna",PIMPARKHEDA KHARABE,2101,1,0.00,0.00,0.13,0.00,0.00,0.00,0.00,0.00,0.00,6.29,0.00,0.00,0.00,0.00,02-Sep,03-Sep,04-Sep,05-Sep,06-Sep,07-Sep,08-Sep,02-Sep,03-Sep,04-Sep,05-Sep,06-Sep,07-Sep,08-Sep,6,7,0
Chhatrapati Sambhajinagar,Chhatrapati Sambhajinagar,Jalna,Mantha,Mantha,20094559,"120 Villages Extension Scheme for Works Not Considered in 173 GRID WSS and 95 GRID WSS Tq. Partur, Mantha and Jalna Dist: Jalna",Idoli(bk),3856,1,0.14,0.00,0.13,0.00,0.02,0.12,0.00,3.69,0.00,3.50,0.00,0.48,3.05,0.00,02-Sep,03-Sep,04-Sep,05-Sep,06-Sep,07-Sep,08-Sep,02-Sep,03-Sep,04-Sep,05-Sep,06-Sep,07-Sep,08-Sep,3,7,0
Chhatrapati Sambhajinagar,Chhatrapati Sambhajinagar,Jalna,Mantha,Mantha,20094559,"120 Villages Extension Scheme for Works Not Considered in 173 GRID WSS and 95 GRID WSS Tq. Partur, Mantha and Jalna Dist: Jalna",Mosa,166,1,0.00,0.00,0.00,0.00,0.00,0.00,0.00,0.00,0.00,0.00,0.00,0.00,0.19,0.00,02-Sep,03-Sep,04-Sep,05-Sep,06-Sep,07-Sep,08-Sep,02-Sep,03-Sep,04-Sep,05-Sep,06-Sep,07-Sep,08-Sep,6,7,0
Chhatrapati Sambhajinagar,Chhatrapati Sambhajinagar,Jalna,Mantha,Mantha,20094559,"120 Villages Extension Scheme for Works Not Considered in 173 GRID WSS and 95 GRID WSS Tq. Partur, Mantha and Jalna Dist: Jalna",Kanphodi,196,1,0.00,0.00,0.00,0.00,0.00,0.00,0.00,0.00,0.00,0.00,0.00,0.00,0.00,0.00,02-Sep,03-Sep,04-Sep,05-Sep,06-Sep,07-Sep,08-Sep,02-Sep,03-Sep,04-Sep,05-Sep,06-Sep,07-Sep,08-Sep,7,7,0
Chhatrapati Sambhajinagar,Chhatrapati Sambhajinagar,Jalna,Mantha,Mantha,20094559,"120 Villages Extension Scheme for Works Not Considered in 173 GRID WSS and 95 GRID WSS Tq. Partur, Mantha and Jalna Dist: Jalna",Ambhora Kadam,4360,1,0.00,0.00,0.00,0.00,0.00,0.00,0.00,0.00,0.00,0.00,0.00,0.00,0.00,0.00,02-Sep,03-Sep,04-Sep,05-Sep,06-Sep,07-Sep,08-Sep,02-Sep,03-Sep,04-Sep,05-Sep,06-Sep,07-Sep,08-Sep,7,7,0
Chhatrapati Sambhajinagar,Chhatrapati Sambhajinagar,Jalna,Mantha,Mantha,20094559,"120 Villages Extension Scheme for Works Not Considered in 173 GRID WSS and 95 GRID WSS Tq. Partur, Mantha and Jalna Dist: Jalna",Kanphodi Tanda,1082,1,0.01,0.05,0.00,0.00,0.00,0.00,0.00,1.25,4.55,0.00,0.00,0.00,0.36,0.00,02-Sep,03-Sep,04-Sep,05-Sep,06-Sep,07-Sep,08-Sep,02-Sep,03-Sep,04-Sep,05-Sep,06-Sep,07-Sep,08-Sep,4,7,0
Chhatrapati Sambhajinagar,Chhatrapati Sambhajinagar,Jalna,Mantha,Mantha,20094559,"120 Villages Extension Scheme for Works Not Considered in 173 GRID WSS and 95 GRID WSS Tq. Partur, Mantha and Jalna Dist: Jalna",Awalgaon,507,1,0.00,0.00,0.00,0.00,0.00,0.00,0.00,0.00,0.00,0.01,0.00,0.00,0.00,0.00,02-Sep,03-Sep,04-Sep,05-Sep,06-Sep,07-Sep,08-Sep,02-Sep,03-Sep,04-Sep,05-Sep,06-Sep,07-Sep,08-Sep,6,7,0
Chhatrapati Sambhajinagar,Chhatrapati Sambhajinagar,Jalna,Mantha,Mantha,20094559,"120 Villages Extension Scheme for Works Not Considered in 173 GRID WSS and 95 GRID WSS Tq. Partur, Mantha and Jalna Dist: Jalna",Sonunkarwadi Tanda,993,1,0.00,0.00,0.00,0.00,0.00,0.00,0.00,0.00,0.00,0.00,0.00,0.00,0.00,0.00,02-Sep,03-Sep,04-Sep,05-Sep,06-Sep,07-Sep,08-Sep,02-Sep,03-Sep,04-Sep,05-Sep,06-Sep,07-Sep,08-Sep,7,7,0
Chhatrapati Sambhajinagar,Chhatrapati Sambhajinagar,Jalna,Mantha,Mantha,20094559,"120 Villages Extension Scheme for Works Not Considered in 173 GRID WSS and 95 GRID WSS Tq. Partur, Mantha and Jalna Dist: Jalna",Shambhu Sawargaon,1254,1,0.01,0.00,0.00,0.00,0.00,0.00,0.00,0.43,0.00,0.26,0.15,0.12,0.28,0.11,02-Sep,03-Sep,04-Sep,05-Sep,06-Sep,07-Sep,08-Sep,02-Sep,03-Sep,04-Sep,05-Sep,06-Sep,07-Sep,08-Sep,1,7,0
Chhatrapati Sambhajinagar,Chhatrapati Sambhajinagar,Jalna,Mantha,Mantha,20094559,"120 Villages Extension Scheme for Works Not Considered in 173 GRID WSS and 95 GRID WSS Tq. Partur, Mantha and Jalna Dist: Jalna",Limbona,1496,1,0.00,0.00,0.00,0.00,0.00,0.00,0.00,0.00,0.00,0.00,0.00,0.00,0.00,0.00,02-Sep,03-Sep,04-Sep,05-Sep,06-Sep,07-Sep,08-Sep,02-Sep,03-Sep,04-Sep,05-Sep,06-Sep,07-Sep,08-Sep,7,7,0
Chhatrapati Sambhajinagar,Chhatrapati Sambhajinagar,Jalna,Mantha,Mantha,20094559,"120 Villages Extension Scheme for Works Not Considered in 173 GRID WSS and 95 GRID WSS Tq. Partur, Mantha and Jalna Dist: Jalna",Kokrambha,619,1,0.00,0.00,0.00,0.00,0.00,0.00,0.00,0.00,0.00,0.00,0.00,0.00,0.00,0.00,02-Sep,03-Sep,04-Sep,05-Sep,06-Sep,07-Sep,08-Sep,02-Sep,03-Sep,04-Sep,05-Sep,06-Sep,07-Sep,08-Sep,7,7,0
Chhatrapati Sambhajinagar,Chhatrapati Sambhajinagar,Jalna,Mantha,Mantha,20094559,"120 Villages Extension Scheme for Works Not Considered in 173 GRID WSS and 95 GRID WSS Tq. Partur, Mantha and Jalna Dist: Jalna",Waghala,2087,1,0.00,0.00,0.00,0.00,0.00,0.00,0.00,0.00,0.00,0.00,0.00,0.00,0.00,0.00,02-Sep,03-Sep,04-Sep,05-Sep,06-Sep,07-Sep,08-Sep,02-Sep,03-Sep,04-Sep,05-Sep,06-Sep,07-Sep,08-Sep,7,7,0
Chhatrapati Sambhajinagar,Chhatrapati Sambhajinagar,Jalna,Mantha,Mantha,20094559,"120 Villages Extension Scheme for Works Not Considered in 173 GRID WSS and 95 GRID WSS Tq. Partur, Mantha and Jalna Dist: Jalna",Pandhurna,671,1,0.00,0.00,0.00,0.00,0.00,0.00,0.00,0.00,0.00,0.00,0.00,0.00,0.00,0.00,02-Sep,03-Sep,04-Sep,05-Sep,06-Sep,07-Sep,08-Sep,02-Sep,03-Sep,04-Sep,05-Sep,06-Sep,07-Sep,08-Sep,7,7,0
Chhatrapati Sambhajinagar,Chhatrapati Sambhajinagar,Jalna,Mantha,Mantha,20094559,"120 Villages Extension Scheme for Works Not Considered in 173 GRID WSS and 95 GRID WSS Tq. Partur, Mantha and Jalna Dist: Jalna",Mahora,822,1,0.00,0.00,0.00,0.00,0.00,0.00,0.00,0.02,0.00,0.00,0.00,0.00,0.00,0.00,02-Sep,03-Sep,04-Sep,05-Sep,06-Sep,07-Sep,08-Sep,02-Sep,03-Sep,04-Sep,05-Sep,06-Sep,07-Sep,08-Sep,6,7,0
Chhatrapati Sambhajinagar,Chhatrapati Sambhajinagar,Jalna,Mantha,Mantha,20094559,"120 Villages Extension Scheme for Works Not Considered in 173 GRID WSS and 95 GRID WSS Tq. Partur, Mantha and Jalna Dist: Jalna",Saskheda,568,1,0.00,0.00,0.00,0.00,0.00,0.00,0.00,0.03,0.00,0.00,0.00,0.00,0.00,0.00,02-Sep,03-Sep,04-Sep,05-Sep,06-Sep,07-Sep,08-Sep,02-Sep,03-Sep,04-Sep,05-Sep,06-Sep,07-Sep,08-Sep,6,7,0
Chhatrapati Sambhajinagar,Chhatrapati Sambhajinagar,Jalna,Mantha,Mantha,20094559,"120 Villages Extension Scheme for Works Not Considered in 173 GRID WSS and 95 GRID WSS Tq. Partur, Mantha and Jalna Dist: Jalna",Limbkheda,1763,1,,,0.00,0.00,0.00,0.00,0.00,,,0.00,0.00,0.00,0.00,0.00,02-Sep,03-Sep,04-Sep,05-Sep,06-Sep,07-Sep,08-Sep,02-Sep,03-Sep,04-Sep,05-Sep,06-Sep,07-Sep,08-Sep,5,5,0
Chhatrapati Sambhajinagar,Chhatrapati Sambhajinagar,Jalna,Mantha,Mantha,20094559,"120 Villages Extension Scheme for Works Not Considered in 173 GRID WSS and 95 GRID WSS Tq. Partur, Mantha and Jalna Dist: Jalna",Warud,470,1,,,0.00,0.00,0.00,0.00,0.00,,,0.00,0.00,0.00,0.00,0.00,02-Sep,03-Sep,04-Sep,05-Sep,06-Sep,07-Sep,08-Sep,02-Sep,03-Sep,04-Sep,05-Sep,06-Sep,07-Sep,08-Sep,5,5,0
Chhatrapati Sambhajinagar,Chhatrapati Sambhajinagar,Jalna,Mantha,Mantha,20094559,"120 Villages Extension Scheme for Works Not Considered in 173 GRID WSS and 95 GRID WSS Tq. Partur, Mantha and Jalna Dist: Jalna",Ganeshpur (Ambhora Jahagir),214,1,,,0.82,0.69,0.59,0.85,0.95,,,0.00,321.41,277.50,397.46,0.00,02-Sep,03-Sep,04-Sep,05-Sep,06-Sep,07-Sep,08-Sep,02-Sep,03-Sep,04-Sep,05-Sep,06-Sep,07-Sep,08-Sep,2,2,3
Chhatrapati Sambhajinagar,Chhatrapati Sambhajinagar,Jalna,Mantha,Mantha,20094559,"120 Villages Extension Scheme for Works Not Considered in 173 GRID WSS and 95 GRID WSS Tq. Partur, Mantha and Jalna Dist: Jalna",Erandeshwar,304,1,,,0.00,0.00,0.00,0.00,0.00,,,0.00,0.00,0.00,0.00,0.00,02-Sep,03-Sep,04-Sep,05-Sep,06-Sep,07-Sep,08-Sep,02-Sep,03-Sep,04-Sep,05-Sep,06-Sep,07-Sep,08-Sep,5,5,0
Chhatrapati Sambhajinagar,Chhatrapati Sambhajinagar,Jalna,Mantha,Mantha,20094559,"120 Villages Extension Scheme for Works Not Considered in 173 GRID WSS and 95 GRID WSS Tq. Partur, Mantha and Jalna Dist: Jalna",Naldoh,688,1,,,0.00,0.00,0.00,0.00,0.00,,,0.00,0.00,0.00,0.00,0.00,02-Sep,03-Sep,04-Sep,05-Sep,06-Sep,07-Sep,08-Sep,02-Sep,03-Sep,04-Sep,05-Sep,06-Sep,07-Sep,08-Sep,5,5,0
Chhatrapati Sambhajinagar,Chhatrapati Sambhajinagar,Jalna,Mantha,Mantha,20094559,"120 Villages Extension Scheme for Works Not Considered in 173 GRID WSS and 95 GRID WSS Tq. Partur, Mantha and Jalna Dist: Jalna",Usvad Deothana,2209,1,,,0.00,0.00,0.00,0.00,0.00,,,0.00,0.00,0.00,0.00,0.00,02-Sep,03-Sep,04-Sep,05-Sep,06-Sep,07-Sep,08-Sep,02-Sep,03-Sep,04-Sep,05-Sep,06-Sep,07-Sep,08-Sep,5,5,0
Chhatrapati Sambhajinagar,Chhatrapati Sambhajinagar,Jalna,Mantha,Mantha,20094559,"120 Villages Extension Scheme for Works Not Considered in 173 GRID WSS and 95 GRID WSS Tq. Partur, Mantha and Jalna Dist: Jalna",Kathala (bk),725,1,,,0.00,0.00,0.00,0.00,0.00,,,0.00,0.00,0.00,0.00,0.00,02-Sep,03-Sep,04-Sep,05-Sep,06-Sep,07-Sep,08-Sep,02-Sep,03-Sep,04-Sep,05-Sep,06-Sep,07-Sep,08-Sep,5,5,0
Chhatrapati Sambhajinagar,Chhatrapati Sambhajinagar,Jalna,Mantha,Mantha,20094559,"120 Villages Extension Scheme for Works Not Considered in 173 GRID WSS and 95 GRID WSS Tq. Partur, Mantha and Jalna Dist: Jalna",Kathala (Kh),347,1,,,0.00,0.00,0.00,0.00,0.00,,,0.00,0.00,0.00,0.00,0.00,02-Sep,03-Sep,04-Sep,05-Sep,06-Sep,07-Sep,08-Sep,02-Sep,03-Sep,04-Sep,05-Sep,06-Sep,07-Sep,08-Sep,5,5,0
Chhatrapati Sambhajinagar,Chhatrapati Sambhajinagar,Jalna,Partur,Partur,20094559,"120 Villages Extension Scheme for Works Not Considered in 173 GRID WSS and 95 GRID WSS Tq. Partur, Mantha and Jalna Dist: Jalna",Chincholi,1805,1,0.00,0.00,0.00,0.00,0.00,0.00,0.00,0.00,0.00,0.00,0.00,0.00,0.00,0.00,02-Sep,03-Sep,04-Sep,05-Sep,06-Sep,07-Sep,08-Sep,02-Sep,03-Sep,04-Sep,05-Sep,06-Sep,07-Sep,08-Sep,7,7,0
Chhatrapati Sambhajinagar,Chhatrapati Sambhajinagar,Jalna,Partur,Partur,20094559,"120 Villages Extension Scheme for Works Not Considered in 173 GRID WSS and 95 GRID WSS Tq. Partur, Mantha and Jalna Dist: Jalna",Paratwadi,2311,2,0.00,0.00,0.00,0.00,###############################################################################################################################################################################################################################################################,0.00,11122237877786600000000000000000000000000000000000000000000000000000000000000000000000000000000000000000000000000000000000000000000000000000000000000000000000000000000000000000000000000000000000000000000000000000000000000000000000.00,0.00,0.00,0.06,0.00,###############################################################################################################################################################################################################################################################,0.00,481273815568437000000000000000000000000000000000000000000000000000000000000000000000000000000000000000000000000000000000000000000000000000000000000000000000000000000000000000000000000000000000000000000000000000000000000000000000000.00,02-Sep,03-Sep,04-Sep,05-Sep,06-Sep,07-Sep,08-Sep,02-Sep,03-Sep,04-Sep,05-Sep,06-Sep,07-Sep,08-Sep,4,5,2
Chhatrapati Sambhajinagar,Chhatrapati Sambhajinagar,Jalna,Partur,Partur,20094559,"120 Villages Extension Scheme for Works Not Considered in 173 GRID WSS and 95 GRID WSS Tq. Partur, Mantha and Jalna Dist: Jalna",Salgaon,1029,1,0.00,0.11,0.00,0.00,0.00,0.11,0.42,0.00,10.69,0.00,0.00,0.00,10.69,40.82,02-Sep,03-Sep,04-Sep,05-Sep,06-Sep,07-Sep,08-Sep,02-Sep,03-Sep,04-Sep,05-Sep,06-Sep,07-Sep,08-Sep,4,7,0
Chhatrapati Sambhajinagar,Chhatrapati Sambhajinagar,Jalna,Partur,Partur,20094559,"120 Villages Extension Scheme for Works Not Considered in 173 GRID WSS and 95 GRID WSS Tq. Partur, Mantha and Jalna Dist: Jalna",Soyajanna,1238,2,0.38,0.00,0.02,0.50,0.00,0.00,0.00,30.85,0.00,1.70,40.41,0.15,0.00,0.00,02-Sep,03-Sep,04-Sep,05-Sep,06-Sep,07-Sep,08-Sep,02-Sep,03-Sep,04-Sep,05-Sep,06-Sep,07-Sep,08-Sep,3,7,0
Chhatrapati Sambhajinagar,Chhatrapati Sambhajinagar,Jalna,Partur,Partur,20094559,"120 Villages Extension Scheme for Works Not Considered in 173 GRID WSS and 95 GRID WSS Tq. Partur, Mantha and Jalna Dist: Jalna",Singhona,2345,1,0.18,0.10,0.00,0.00,0.30,0.00,0.00,7.85,4.33,0.00,0.00,12.89,0.00,0.00,02-Sep,03-Sep,04-Sep,05-Sep,06-Sep,07-Sep,08-Sep,02-Sep,03-Sep,04-Sep,05-Sep,06-Sep,07-Sep,08-Sep,4,7,0
Chhatrapati Sambhajinagar,Chhatrapati Sambhajinagar,Jalna,Partur,Partur,20094559,"120 Villages Extension Scheme for Works Not Considered in 173 GRID WSS and 95 GRID WSS Tq. Partur, Mantha and Jalna Dist: Jalna",Likhitpimpri,1174,1,0.00,0.00,0.00,0.00,0.00,0.00,0.00,0.00,0.00,0.00,0.00,0.00,0.00,0.00,02-Sep,03-Sep,04-Sep,05-Sep,06-Sep,07-Sep,08-Sep,02-Sep,03-Sep,04-Sep,05-Sep,06-Sep,07-Sep,08-Sep,7,7,0
Chhatrapati Sambhajinagar,Chhatrapati Sambhajinagar,Jalna,Partur,Partur,20094559,"120 Villages Extension Scheme for Works Not Considered in 173 GRID WSS and 95 GRID WSS Tq. Partur, Mantha and Jalna Dist: Jalna",Watur Fata,4297,2,0.00,0.00,0.00,0.00,0.00,0.00,0.00,0.00,0.00,0.00,0.00,0.00,0.00,0.00,02-Sep,03-Sep,04-Sep,05-Sep,06-Sep,07-Sep,08-Sep,02-Sep,03-Sep,04-Sep,05-Sep,06-Sep,07-Sep,08-Sep,7,7,0
Chhatrapati Sambhajinagar,Chhatrapati Sambhajinagar,Jalna,Partur,Partur,20094559,"120 Villages Extension Scheme for Works Not Considered in 173 GRID WSS and 95 GRID WSS Tq. Partur, Mantha and Jalna Dist: Jalna",Yenora,2262,2,0.00,0.00,690.67,904.86,1346.69,3037.18,2923.22,0.00,0.00,30533.53,40002.61,59535.19,134269.70,129231.70,02-Sep,03-Sep,04-Sep,05-Sep,06-Sep,07-Sep,08-Sep,02-Sep,03-Sep,04-Sep,05-Sep,06-Sep,07-Sep,08-Sep,2,2,5
Chhatrapati Sambhajinagar,Chhatrapati Sambhajinagar,Jalna,Partur,Partur,20094559,"120 Villages Extension Scheme for Works Not Considered in 173 GRID WSS and 95 GRID WSS Tq. Partur, Mantha and Jalna Dist: Jalna",Bramhanwadi,1563,1,1.08,0.50,0.20,0.57,0.80,1.22,0.03,68.82,31.82,12.81,36.60,51.47,78.01,2.07,02-Sep,03-Sep,04-Sep,05-Sep,06-Sep,07-Sep,08-Sep,02-Sep,03-Sep,04-Sep,05-Sep,06-Sep,07-Sep,08-Sep,0,5,2
Chhatrapati Sambhajinagar,Chhatrapati Sambhajinagar,Jalna,Partur,Partur,20094559,"120 Villages Extension Scheme for Works Not Considered in 173 GRID WSS and 95 GRID WSS Tq. Partur, Mantha and Jalna Dist: Jalna",Hastur Tanda,1454,1,0.00,0.00,0.00,0.00,0.00,0.00,0.00,0.00,0.00,0.00,0.00,0.00,0.00,0.00,02-Sep,03-Sep,04-Sep,05-Sep,06-Sep,07-Sep,08-Sep,02-Sep,03-Sep,04-Sep,05-Sep,06-Sep,07-Sep,08-Sep,7,7,0
Chhatrapati Sambhajinagar,Chhatrapati Sambhajinagar,Jalna,Partur,Partur,20094559,"120 Villages Extension Scheme for Works Not Considered in 173 GRID WSS and 95 GRID WSS Tq. Partur, Mantha and Jalna Dist: Jalna",Raigavan,1839,1,0.00,0.00,0.00,0.00,0.00,0.00,0.00,0.00,0.00,0.00,0.00,0.00,0.00,0.00,02-Sep,03-Sep,04-Sep,05-Sep,06-Sep,07-Sep,08-Sep,02-Sep,03-Sep,04-Sep,05-Sep,06-Sep,07-Sep,08-Sep,7,7,0
Chhatrapati Sambhajinagar,Chhatrapati Sambhajinagar,Jalna,Partur,Partur,20094559,"120 Villages Extension Scheme for Works Not Considered in 173 GRID WSS and 95 GRID WSS Tq. Partur, Mantha and Jalna Dist: Jalna",Anandwadi,2333,1,0.00,0.00,0.00,0.00,0.00,0.00,0.00,0.00,0.00,0.00,0.00,0.00,0.00,0.00,02-Sep,03-Sep,04-Sep,05-Sep,06-Sep,07-Sep,08-Sep,02-Sep,03-Sep,04-Sep,05-Sep,06-Sep,07-Sep,08-Sep,7,7,0
Chhatrapati Sambhajinagar,Chhatrapati Sambhajinagar,Jalna,Partur,Partur,20094559,"120 Villages Extension Scheme for Works Not Considered in 173 GRID WSS and 95 GRID WSS Tq. Partur, Mantha and Jalna Dist: Jalna",Ganeshpur (Hanwadi),289,1,0.00,0.00,0.00,0.00,0.00,0.00,0.00,0.28,0.08,0.84,0.13,0.93,0.16,0.00,02-Sep,03-Sep,04-Sep,05-Sep,06-Sep,07-Sep,08-Sep,02-Sep,03-Sep,04-Sep,05-Sep,06-Sep,07-Sep,08-Sep,1,7,0
Chhatrapati Sambhajinagar,Chhatrapati Sambhajinagar,Jalna,Partur,Partur,20094559,"120 Villages Extension Scheme for Works Not Considered in 173 GRID WSS and 95 GRID WSS Tq. Partur, Mantha and Jalna Dist: Jalna",Walkhed,1443,1,0.00,0.00,0.01,0.00,0.00,0.00,0.00,0.24,0.03,0.50,0.14,0.09,0.00,0.00,02-Sep,03-Sep,04-Sep,05-Sep,06-Sep,07-Sep,08-Sep,02-Sep,03-Sep,04-Sep,05-Sep,06-Sep,07-Sep,08-Sep,2,7,0
Chhatrapati Sambhajinagar,Chhatrapati Sambhajinagar,Jalna,Partur,Partur,20094559,"120 Villages Extension Scheme for Works Not Considered in 173 GRID WSS and 95 GRID WSS Tq. Partur, Mantha and Jalna Dist: Jalna",Dhokmal Tanda,1058,1,0.00,0.00,0.00,1.18,0.00,0.00,0.00,0.00,0.00,0.00,111.53,0.00,0.00,0.00,02-Sep,03-Sep,04-Sep,05-Sep,06-Sep,07-Sep,08-Sep,02-Sep,03-Sep,04-Sep,05-Sep,06-Sep,07-Sep,08-Sep,6,6,1
Chhatrapati Sambhajinagar,Chhatrapati Sambhajinagar,Jalna,Partur,Partur,20094559,"120 Villages Extension Scheme for Works Not Considered in 173 GRID WSS and 95 GRID WSS Tq. Partur, Mantha and Jalna Dist: Jalna",Varphalwadi,1029,1,0.27,1.44,0.31,1.50,0.01,1.67,0.00,26.24,139.94,30.13,145.77,0.97,162.29,0.00,02-Sep,03-Sep,04-Sep,05-Sep,06-Sep,07-Sep,08-Sep,02-Sep,03-Sep,04-Sep,05-Sep,06-Sep,07-Sep,08-Sep,1,4,3
Chhatrapati Sambhajinagar,Chhatrapati Sambhajinagar,Jalna,Partur,Partur,20094559,"120 Villages Extension Scheme for Works Not Considered in 173 GRID WSS and 95 GRID WSS Tq. Partur, Mantha and Jalna Dist: Jalna",Varphal,3649,1,0.00,0.00,0.00,0.00,0.00,0.00,0.00,0.00,0.00,0.00,0.00,0.00,0.00,0.00,02-Sep,03-Sep,04-Sep,05-Sep,06-Sep,07-Sep,08-Sep,02-Sep,03-Sep,04-Sep,05-Sep,06-Sep,07-Sep,08-Sep,7,7,0
Chhatrapati Sambhajinagar,Chhatrapati Sambhajinagar,Jalna,Partur,Partur,20094559,"120 Villages Extension Scheme for Works Not Considered in 173 GRID WSS and 95 GRID WSS Tq. Partur, Mantha and Jalna Dist: Jalna",Hatadi,1759,1,0.18,0.15,0.24,0.00,0.11,0.19,0.00,10.34,8.29,13.60,0.00,6.27,11.04,0.00,02-Sep,03-Sep,04-Sep,05-Sep,06-Sep,07-Sep,08-Sep,02-Sep,03-Sep,04-Sep,05-Sep,06-Sep,07-Sep,08-Sep,2,7,0
Chhatrapati Sambhajinagar,Chhatrapati Sambhajinagar,Jalna,Partur,Partur,20094559,"120 Villages Extension Scheme for Works Not Considered in 173 GRID WSS and 95 GRID WSS Tq. Partur, Mantha and Jalna Dist: Jalna",Shreshti Tanda,574,1,0.00,0.00,0.00,0.00,0.00,0.00,0.00,0.48,0.49,0.23,0.39,0.27,0.22,0.25,02-Sep,03-Sep,04-Sep,05-Sep,06-Sep,07-Sep,08-Sep,02-Sep,03-Sep,04-Sep,05-Sep,06-Sep,07-Sep,08-Sep,0,7,0
Chhatrapati Sambhajinagar,Chhatrapati Sambhajinagar,Jalna,Partur,Partur,20094559,"120 Villages Extension Scheme for Works Not Considered in 173 GRID WSS and 95 GRID WSS Tq. Partur, Mantha and Jalna Dist: Jalna",Shreshti,2637,1,0.28,0.25,0.19,0.30,0.44,0.15,0.10,10.80,9.41,7.04,11.25,16.57,5.60,3.74,02-Sep,03-Sep,04-Sep,05-Sep,06-Sep,07-Sep,08-Sep,02-Sep,03-Sep,04-Sep,05-Sep,06-Sep,07-Sep,08-Sep,0,7,0
Chhatrapati Sambhajinagar,Chhatrapati Sambhajinagar,Jalna,Partur,Partur,20094559,"120 Villages Extension Scheme for Works Not Considered in 173 GRID WSS and 95 GRID WSS Tq. Partur, Mantha and Jalna Dist: Jalna",Daithana (bk),1363,1,0.03,0.03,0.00,0.21,0.00,0.00,0.00,2.26,2.43,0.00,15.06,0.01,0.00,0.00,02-Sep,03-Sep,04-Sep,05-Sep,06-Sep,07-Sep,08-Sep,02-Sep,03-Sep,04-Sep,05-Sep,06-Sep,07-Sep,08-Sep,3,7,0
Chhatrapati Sambhajinagar,Chhatrapati Sambhajinagar,Jalna,Partur,Partur,20094559,"120 Villages Extension Scheme for Works Not Considered in 173 GRID WSS and 95 GRID WSS Tq. Partur, Mantha and Jalna Dist: Jalna",Kawajawala,1582,1,0.00,0.00,0.00,0.00,0.00,0.00,0.00,0.00,0.00,0.00,0.00,0.00,0.00,0.00,02-Sep,03-Sep,04-Sep,05-Sep,06-Sep,07-Sep,08-Sep,02-Sep,03-Sep,04-Sep,05-Sep,06-Sep,07-Sep,08-Sep,7,7,0
Chhatrapati Sambhajinagar,Chhatrapati Sambhajinagar,Jalna,Partur,Partur,20094559,"120 Villages Extension Scheme for Works Not Considered in 173 GRID WSS and 95 GRID WSS Tq. Partur, Mantha and Jalna Dist: Jalna",Rohina (Bk),953,1,0.00,0.00,0.00,0.00,0.00,0.00,0.00,0.00,0.00,0.00,0.00,0.00,0.00,0.00,02-Sep,03-Sep,04-Sep,05-Sep,06-Sep,07-Sep,08-Sep,02-Sep,03-Sep,04-Sep,05-Sep,06-Sep,07-Sep,08-Sep,7,7,0
Chhatrapati Sambhajinagar,Chhatrapati Sambhajinagar,Jalna,Partur,Partur,20094559,"120 Villages Extension Scheme for Works Not Considered in 173 GRID WSS and 95 GRID WSS Tq. Partur, Mantha and Jalna Dist: Jalna",Khandvi,2404,1,0.00,0.00,0.00,0.00,0.00,0.00,0.00,0.00,0.00,0.00,0.00,0.00,0.00,0.00,02-Sep,03-Sep,04-Sep,05-Sep,06-Sep,07-Sep,08-Sep,02-Sep,03-Sep,04-Sep,05-Sep,06-Sep,07-Sep,08-Sep,7,7,0
Chhatrapati Sambhajinagar,Chhatrapati Sambhajinagar,Jalna,Partur,Partur,20094559,"120 Villages Extension Scheme for Works Not Considered in 173 GRID WSS and 95 GRID WSS Tq. Partur, Mantha and Jalna Dist: Jalna",Pimprula (bk),1111,1,0.00,0.00,0.00,0.00,0.00,0.00,0.00,0.00,0.00,0.00,0.00,0.00,0.00,0.00,02-Sep,03-Sep,04-Sep,05-Sep,06-Sep,07-Sep,08-Sep,02-Sep,03-Sep,04-Sep,05-Sep,06-Sep,07-Sep,08-Sep,7,7,0
Chhatrapati Sambhajinagar,Chhatrapati Sambhajinagar,Jalna,Partur,Partur,20094559,"120 Villages Extension Scheme for Works Not Considered in 173 GRID WSS and 95 GRID WSS Tq. Partur, Mantha and Jalna Dist: Jalna",Rohina Kh,2293,1,0.00,0.00,0.00,0.00,0.00,0.00,0.00,0.00,0.00,0.00,0.00,0.00,0.00,0.00,02-Sep,03-Sep,04-Sep,05-Sep,06-Sep,07-Sep,08-Sep,02-Sep,03-Sep,04-Sep,05-Sep,06-Sep,07-Sep,08-Sep,7,7,0
Chhatrapati Sambhajinagar,Chhatrapati Sambhajinagar,Jalna,Partur,Partur,20094559,"120 Villages Extension Scheme for Works Not Considered in 173 GRID WSS and 95 GRID WSS Tq. Partur, Mantha and Jalna Dist: Jalna",Raniwahegaon,1131,1,0.75,0.33,0.00,0.00,0.07,0.05,0.03,66.75,29.55,0.00,0.00,6.32,4.69,2.67,02-Sep,03-Sep,04-Sep,05-Sep,06-Sep,07-Sep,08-Sep,02-Sep,03-Sep,04-Sep,05-Sep,06-Sep,07-Sep,08-Sep,2,6,1
Chhatrapati Sambhajinagar,Chhatrapati Sambhajinagar,Jalna,Partur,Partur,20094559,"120 Villages Extension Scheme for Works Not Considered in 173 GRID WSS and 95 GRID WSS Tq. Partur, Mantha and Jalna Dist: Jalna",Hatwan,1694,1,0.00,0.88,0.36,0.28,0.00,0.88,0.90,0.00,52.01,21.52,16.54,0.00,51.98,53.23,02-Sep,03-Sep,04-Sep,05-Sep,06-Sep,07-Sep,08-Sep,02-Sep,03-Sep,04-Sep,05-Sep,06-Sep,07-Sep,08-Sep,2,7,0
Chhatrapati Sambhajinagar,Chhatrapati Sambhajinagar,Jalna,Partur,Partur,20094559,"120 Villages Extension Scheme for Works Not Considered in 173 GRID WSS and 95 GRID WSS Tq. Partur, Mantha and Jalna Dist: Jalna",Pimpali Dhamangaon,1892,1,0.83,1.05,1.03,1.10,1.04,0.91,0.94,44.07,55.42,54.52,58.25,55.06,47.94,49.48,02-Sep,03-Sep,04-Sep,05-Sep,06-Sep,07-Sep,08-Sep,02-Sep,03-Sep,04-Sep,05-Sep,06-Sep,07-Sep,08-Sep,0,4,3
Chhatrapati Sambhajinagar,Chhatrapati Sambhajinagar,Jalna,Partur,Partur,20094559,"120 Villages Extension Scheme for Works Not Considered in 173 GRID WSS and 95 GRID WSS Tq. Partur, Mantha and Jalna Dist: Jalna",Waijoda,1365,1,0.00,0.00,0.00,0.00,0.00,0.00,0.00,0.00,0.00,0.00,0.00,0.00,0.00,0.00,02-Sep,03-Sep,04-Sep,05-Sep,06-Sep,07-Sep,08-Sep,02-Sep,03-Sep,04-Sep,05-Sep,06-Sep,07-Sep,08-Sep,7,7,0
Chhatrapati Sambhajinagar,Chhatrapati Sambhajinagar,Jalna,Partur,Partur,20094559,"120 Villages Extension Scheme for Works Not Considered in 173 GRID WSS and 95 GRID WSS Tq. Partur, Mantha and Jalna Dist: Jalna",Kokate Hatgaon,3363,2,0.00,0.00,0.00,0.00,0.00,0.00,0.00,0.01,0.00,0.00,0.01,0.00,0.00,0.00,02-Sep,03-Sep,04-Sep,05-Sep,06-Sep,07-Sep,08-Sep,02-Sep,03-Sep,04-Sep,05-Sep,06-Sep,07-Sep,08-Sep,5,7,0
Chhatrapati Sambhajinagar,Chhatrapati Sambhajinagar,Jalna,Partur,Partur,20094559,"120 Villages Extension Scheme for Works Not Considered in 173 GRID WSS and 95 GRID WSS Tq. Partur, Mantha and Jalna Dist: Jalna",Shelavda,521,1,0.00,0.07,0.00,0.00,0.00,0.00,0.00,0.00,13.44,0.00,0.00,0.00,0.00,0.00,02-Sep,03-Sep,04-Sep,05-Sep,06-Sep,07-Sep,08-Sep,02-Sep,03-Sep,04-Sep,05-Sep,06-Sep,07-Sep,08-Sep,6,7,0
Chhatrapati Sambhajinagar,Chhatrapati Sambhajinagar,Jalna,Partur,Partur,20094559,"120 Villages Extension Scheme for Works Not Considered in 173 GRID WSS and 95 GRID WSS Tq. Partur, Mantha and Jalna Dist: Jalna",Daithana Kh.,1844,1,0.00,0.00,0.00,0.00,0.00,0.00,0.00,0.00,0.00,0.00,0.00,0.00,0.00,0.00,02-Sep,03-Sep,04-Sep,05-Sep,06-Sep,07-Sep,08-Sep,02-Sep,03-Sep,04-Sep,05-Sep,06-Sep,07-Sep,08-Sep,7,7,0
Chhatrapati Sambhajinagar,Chhatrapati Sambhajinagar,Jalna,Partur,Partur,20094559,"120 Villages Extension Scheme for Works Not Considered in 173 GRID WSS and 95 GRID WSS Tq. Partur, Mantha and Jalna Dist: Jalna",Koregaon,1388,1,0.78,0.00,0.69,0.00,0.28,1.05,0.44,56.20,0.00,49.71,0.00,20.17,75.65,31.70,02-Sep,03-Sep,04-Sep,05-Sep,06-Sep,07-Sep,08-Sep,02-Sep,03-Sep,04-Sep,05-Sep,06-Sep,07-Sep,08-Sep,2,5,2
Chhatrapati Sambhajinagar,Chhatrapati Sambhajinagar,Jalna,Partur,Partur,20094559,"120 Villages Extension Scheme for Works Not Considered in 173 GRID WSS and 95 GRID WSS Tq. Partur, Mantha and Jalna Dist: Jalna",Wahegaon Satara,1417,1,0.00,0.00,0.00,0.00,0.00,0.00,0.00,0.00,0.00,0.00,0.00,0.00,0.00,0.00,02-Sep,03-Sep,04-Sep,05-Sep,06-Sep,07-Sep,08-Sep,02-Sep,03-Sep,04-Sep,05-Sep,06-Sep,07-Sep,08-Sep,7,7,0
Chhatrapati Sambhajinagar,Chhatrapati Sambhajinagar,Jalna,Partur,Partur,20094559,"120 Villages Extension Scheme for Works Not Considered in 173 GRID WSS and 95 GRID WSS Tq. Partur, Mantha and Jalna Dist: Jalna",Asangaon,1225,1,0.27,0.12,0.07,0.00,0.27,0.27,0.27,22.04,9.80,5.71,0.00,22.04,22.04,22.04,02-Sep,03-Sep,04-Sep,05-Sep,06-Sep,07-Sep,08-Sep,02-Sep,03-Sep,04-Sep,05-Sep,06-Sep,07-Sep,08-Sep,1,7,0
Chhatrapati Sambhajinagar,Chhatrapati Sambhajinagar,Jalna,Partur,Partur,20094559,"120 Villages Extension Scheme for Works Not Considered in 173 GRID WSS and 95 GRID WSS Tq. Partur, Mantha and Jalna Dist: Jalna",Satarawahegaon,1264,1,0.00,0.00,0.00,0.00,0.00,0.00,0.00,0.00,0.00,0.00,0.00,0.00,0.00,0.00,02-Sep,03-Sep,04-Sep,05-Sep,06-Sep,07-Sep,08-Sep,02-Sep,03-Sep,04-Sep,05-Sep,06-Sep,07-Sep,08-Sep,7,7,0
Chhatrapati Sambhajinagar,Chhatrapati Sambhajinagar,Jalna,Partur,Partur,20094559,"120 Villages Extension Scheme for Works Not Considered in 173 GRID WSS and 95 GRID WSS Tq. Partur, Mantha and Jalna Dist: Jalna",Sankanpuri,1994,1,0.00,0.00,0.00,0.00,0.00,0.00,0.00,0.00,0.00,0.00,0.00,0.00,0.00,0.00,02-Sep,03-Sep,04-Sep,05-Sep,06-Sep,07-Sep,08-Sep,02-Sep,03-Sep,04-Sep,05-Sep,06-Sep,07-Sep,08-Sep,7,7,0
Chhatrapati Sambhajinagar,Chhatrapati Sambhajinagar,Jalna,Partur,Partur,20094559,"120 Villages Extension Scheme for Works Not Considered in 173 GRID WSS and 95 GRID WSS Tq. Partur, Mantha and Jalna Dist: Jalna",Surumgaon,947,2,0.00,0.00,0.00,0.00,0.00,0.01,0.88,0.00,0.00,0.00,0.00,0.00,1.41,93.03,02-Sep,03-Sep,04-Sep,05-Sep,06-Sep,07-Sep,08-Sep,02-Sep,03-Sep,04-Sep,05-Sep,06-Sep,07-Sep,08-Sep,5,6,1
Chhatrapati Sambhajinagar,Chhatrapati Sambhajinagar,Jalna,Partur,Partur,20094559,"120 Villages Extension Scheme for Works Not Considered in 173 GRID WSS and 95 GRID WSS Tq. Partur, Mantha and Jalna Dist: Jalna",Mapegaon KH,1293,1,0.00,0.00,0.00,0.00,0.00,0.00,0.00,0.00,0.00,0.00,0.00,0.00,0.00,0.00,02-Sep,03-Sep,04-Sep,05-Sep,06-Sep,07-Sep,08-Sep,02-Sep,03-Sep,04-Sep,05-Sep,06-Sep,07-Sep,08-Sep,7,7,0
Chhatrapati Sambhajinagar,Chhatrapati Sambhajinagar,Jalna,Partur,Partur,20094559,"120 Villages Extension Scheme for Works Not Considered in 173 GRID WSS and 95 GRID WSS Tq. Partur, Mantha and Jalna Dist: Jalna",Devala,1141,1,0.66,0.10,0.58,0.30,0.00,0.27,0.54,57.84,8.76,50.83,26.29,0.00,23.66,47.33,02-Sep,03-Sep,04-Sep,05-Sep,06-Sep,07-Sep,08-Sep,02-Sep,03-Sep,04-Sep,05-Sep,06-Sep,07-Sep,08-Sep,1,6,1
Chhatrapati Sambhajinagar,Chhatrapati Sambhajinagar,Jalna,Partur,Partur,20094559,"120 Villages Extension Scheme for Works Not Considered in 173 GRID WSS and 95 GRID WSS Tq. Partur, Mantha and Jalna Dist: Jalna",Patoda Mav,2967,1,0.00,0.00,0.00,0.00,0.00,0.00,0.00,0.00,0.00,0.00,0.00,0.00,0.00,0.00,02-Sep,03-Sep,04-Sep,05-Sep,06-Sep,07-Sep,08-Sep,02-Sep,03-Sep,04-Sep,05-Sep,06-Sep,07-Sep,08-Sep,7,7,0
Chhatrapati Sambhajinagar,Chhatrapati Sambhajinagar,Jalna,Partur,Partur,20094559,"120 Villages Extension Scheme for Works Not Considered in 173 GRID WSS and 95 GRID WSS Tq. Partur, Mantha and Jalna Dist: Jalna",Khandviwadi,1823,1,0.00,0.00,0.00,0.00,0.00,0.00,0.00,0.00,0.00,0.00,0.00,0.00,0.00,0.00,02-Sep,03-Sep,04-Sep,05-Sep,06-Sep,07-Sep,08-Sep,02-Sep,03-Sep,04-Sep,05-Sep,06-Sep,07-Sep,08-Sep,7,7,0
Chhatrapati Sambhajinagar,Chhatrapati Sambhajinagar,Jalna,Partur,Partur,20094559,"120 Villages Extension Scheme for Works Not Considered in 173 GRID WSS and 95 GRID WSS Tq. Partur, Mantha and Jalna Dist: Jalna",Babai,1088,1,0.96,0.78,0.84,0.56,0.00,0.00,0.00,88.40,71.45,76.96,51.30,0.00,0.00,0.00,02-Sep,03-Sep,04-Sep,05-Sep,06-Sep,07-Sep,08-Sep,02-Sep,03-Sep,04-Sep,05-Sep,06-Sep,07-Sep,08-Sep,3,4,3
Chhatrapati Sambhajinagar,Chhatrapati Sambhajinagar,Jalna,Partur,Partur,20094559,"120 Villages Extension Scheme for Works Not Considered in 173 GRID WSS and 95 GRID WSS Tq. Partur, Mantha and Jalna Dist: Jalna",Karhala,2429,1,0.00,0.00,0.00,0.00,0.00,0.00,0.00,0.00,0.00,0.00,0.00,0.00,0.00,0.00,02-Sep,03-Sep,04-Sep,05-Sep,06-Sep,07-Sep,08-Sep,02-Sep,03-Sep,04-Sep,05-Sep,06-Sep,07-Sep,08-Sep,7,7,0
Chhatrapati Sambhajinagar,Chhatrapati Sambhajinagar,Jalna,Partur,Partur,20094559,"120 Villages Extension Scheme for Works Not Considered in 173 GRID WSS and 95 GRID WSS Tq. Partur, Mantha and Jalna Dist: Jalna",Lingsa,2168,1,0.00,0.00,0.00,0.00,0.00,0.00,0.00,0.00,0.00,0.00,0.00,0.00,0.00,0.00,02-Sep,03-Sep,04-Sep,05-Sep,06-Sep,07-Sep,08-Sep,02-Sep,03-Sep,04-Sep,05-Sep,06-Sep,07-Sep,08-Sep,7,7,0
Chhatrapati Sambhajinagar,Chhatrapati Sambhajinagar,Jalna,Partur,Partur,20094559,"120 Villages Extension Scheme for Works Not Considered in 173 GRID WSS and 95 GRID WSS Tq. Partur, Mantha and Jalna Dist: Jalna",Takali Rangopant,1726,1,0.00,0.00,0.00,0.00,0.00,0.00,0.00,0.00,0.00,0.00,0.00,0.00,0.00,0.00,02-Sep,03-Sep,04-Sep,05-Sep,06-Sep,07-Sep,08-Sep,02-Sep,03-Sep,04-Sep,05-Sep,06-Sep,07-Sep,08-Sep,7,7,0
Chhatrapati Sambhajinagar,Chhatrapati Sambhajinagar,Jalna,Partur,Partur,20094559,"120 Villages Extension Scheme for Works Not Considered in 173 GRID WSS and 95 GRID WSS Tq. Partur, Mantha and Jalna Dist: Jalna",Amba,4701,1,1.43,1.30,1.60,1.11,1.43,1.90,1.41,30.33,27.68,33.93,23.66,30.33,40.52,29.99,02-Sep,03-Sep,04-Sep,05-Sep,06-Sep,07-Sep,08-Sep,02-Sep,03-Sep,04-Sep,05-Sep,06-Sep,07-Sep,08-Sep,0,7,0
Chhatrapati Sambhajinagar,Chhatrapati Sambhajinagar,Jalna,Partur,Partur,20094559,"120 Villages Extension Scheme for Works Not Considered in 173 GRID WSS and 95 GRID WSS Tq. Partur, Mantha and Jalna Dist: Jalna",Akoli,1067,1,0.00,0.00,0.00,0.00,0.00,0.00,,0.00,0.00,0.00,0.00,0.00,0.00,,02-Sep,03-Sep,04-Sep,05-Sep,06-Sep,07-Sep,08-Sep,02-Sep,03-Sep,04-Sep,05-Sep,06-Sep,07-Sep,08-Sep,6,6,0
Chhatrapati Sambhajinagar,Chhatrapati Sambhajinagar,Jalna,Partur,Partur,20094559,"120 Villages Extension Scheme for Works Not Considered in 173 GRID WSS and 95 GRID WSS Tq. Partur, Mantha and Jalna Dist: Jalna",Pokhari Takle,721,1,0.00,0.00,0.00,0.00,0.00,0.00,0.00,0.00,0.00,0.00,0.00,0.00,0.00,0.00,02-Sep,03-Sep,04-Sep,05-Sep,06-Sep,07-Sep,08-Sep,02-Sep,03-Sep,04-Sep,05-Sep,06-Sep,07-Sep,08-Sep,7,7,0
Chhatrapati Sambhajinagar,Chhatrapati Sambhajinagar,Jalna,Partur,Partur,20094559,"120 Villages Extension Scheme for Works Not Considered in 173 GRID WSS and 95 GRID WSS Tq. Partur, Mantha and Jalna Dist: Jalna",Babultara,1652,1,0.00,0.00,0.00,0.00,0.00,0.00,0.00,0.00,0.00,0.01,0.01,0.01,0.01,0.01,02-Sep,03-Sep,04-Sep,05-Sep,06-Sep,07-Sep,08-Sep,02-Sep,03-Sep,04-Sep,05-Sep,06-Sep,07-Sep,08-Sep,2,7,0
Chhatrapati Sambhajinagar,Chhatrapati Sambhajinagar,Jalna,Partur,Partur,20094559,"120 Villages Extension Scheme for Works Not Considered in 173 GRID WSS and 95 GRID WSS Tq. Partur, Mantha and Jalna Dist: Jalna",Pandepokhari,2434,1,0.00,0.00,0.00,0.00,0.00,0.00,0.00,0.00,0.00,0.00,0.00,0.00,0.00,0.00,02-Sep,03-Sep,04-Sep,05-Sep,06-Sep,07-Sep,08-Sep,02-Sep,03-Sep,04-Sep,05-Sep,06-Sep,07-Sep,08-Sep,7,7,0
Chhatrapati Sambhajinagar,Chhatrapati Sambhajinagar,Jalna,Partur,Partur,20094559,"120 Villages Extension Scheme for Works Not Considered in 173 GRID WSS and 95 GRID WSS Tq. Partur, Mantha and Jalna Dist: Jalna",Mav Patoda,1542,1,0.00,0.00,0.00,0.00,0.00,0.00,0.00,0.00,0.00,0.00,0.00,0.00,0.00,0.00,02-Sep,03-Sep,04-Sep,05-Sep,06-Sep,07-Sep,08-Sep,02-Sep,03-Sep,04-Sep,05-Sep,06-Sep,07-Sep,08-Sep,7,7,0
Chhatrapati Sambhajinagar,Chhatrapati Sambhajinagar,Jalna,Partur,Partur,20094559,"120 Villages Extension Scheme for Works Not Considered in 173 GRID WSS and 95 GRID WSS Tq. Partur, Mantha and Jalna Dist: Jalna",Masala,716,1,0.00,0.00,0.00,0.00,0.01,0.01,0.00,0.38,0.00,0.58,0.32,1.00,0.92,0.11,02-Sep,03-Sep,04-Sep,05-Sep,06-Sep,07-Sep,08-Sep,02-Sep,03-Sep,04-Sep,05-Sep,06-Sep,07-Sep,08-Sep,1,7,0
Chhatrapati Sambhajinagar,Chhatrapati Sambhajinagar,Jalna,Partur,Partur,20094559,"120 Villages Extension Scheme for Works Not Considered in 173 GRID WSS and 95 GRID WSS Tq. Partur, Mantha and Jalna Dist: Jalna",Sirasgaon,1422,1,0.00,0.00,0.00,0.00,0.00,0.36,0.00,0.00,0.00,0.00,0.00,0.00,25.22,0.11,02-Sep,03-Sep,04-Sep,05-Sep,06-Sep,07-Sep,08-Sep,02-Sep,03-Sep,04-Sep,05-Sep,06-Sep,07-Sep,08-Sep,5,7,0
Chhatrapati Sambhajinagar,Chhatrapati Sambhajinagar,Jalna,Partur,Partur,20094559,"120 Villages Extension Scheme for Works Not Considered in 173 GRID WSS and 95 GRID WSS Tq. Partur, Mantha and Jalna Dist: Jalna",Raipur,607,1,0.00,0.00,0.00,0.00,0.00,0.00,0.00,0.09,0.00,0.00,0.00,0.00,0.00,0.00,02-Sep,03-Sep,04-Sep,05-Sep,06-Sep,07-Sep,08-Sep,02-Sep,03-Sep,04-Sep,05-Sep,06-Sep,07-Sep,08-Sep,6,7,0
Chhatrapati Sambhajinagar,Chhatrapati Sambhajinagar,Jalna,Partur,Partur,20094559,"120 Villages Extension Scheme for Works Not Considered in 173 GRID WSS and 95 GRID WSS Tq. Partur, Mantha and Jalna Dist: Jalna",Bramhawadgaon,728,1,0.00,0.00,0.00,0.00,0.00,0.00,0.00,0.00,0.00,0.00,0.00,0.00,0.00,0.00,02-Sep,03-Sep,04-Sep,05-Sep,06-Sep,07-Sep,08-Sep,02-Sep,03-Sep,04-Sep,05-Sep,06-Sep,07-Sep,08-Sep,7,7,0
Chhatrapati Sambhajinagar,Chhatrapati Sambhajinagar,Jalna,Partur,Partur,20094559,"120 Villages Extension Scheme for Works Not Considered in 173 GRID WSS and 95 GRID WSS Tq. Partur, Mantha and Jalna Dist: Jalna",Khadki,481,1,0.00,0.00,0.00,0.00,0.00,0.00,0.00,0.00,0.00,0.00,0.00,0.00,0.00,0.00,02-Sep,03-Sep,04-Sep,05-Sep,06-Sep,07-Sep,08-Sep,02-Sep,03-Sep,04-Sep,05-Sep,06-Sep,07-Sep,08-Sep,7,7,0
Chhatrapati Sambhajinagar,Chhatrapati Sambhajinagar,Jalna,Partur,Partur,20094559,"120 Villages Extension Scheme for Works Not Considered in 173 GRID WSS and 95 GRID WSS Tq. Partur, Mantha and Jalna Dist: Jalna",Raniwahegaon 40P,452,1,0.00,0.00,0.00,0.00,0.00,0.00,0.00,0.00,0.04,0.00,0.00,0.00,0.00,0.00,02-Sep,03-Sep,04-Sep,05-Sep,06-Sep,07-Sep,08-Sep,02-Sep,03-Sep,04-Sep,05-Sep,06-Sep,07-Sep,08-Sep,6,7,0
Chhatrapati Sambhajinagar,Chhatrapati Sambhajinagar,Jalna,Partur,Partur,20094559,"120 Villages Extension Scheme for Works Not Considered in 173 GRID WSS and 95 GRID WSS Tq. Partur, Mantha and Jalna Dist: Jalna",Dahiphal Tanda,545,1,0.00,0.00,0.00,0.00,0.00,0.00,0.00,0.00,0.00,0.00,0.00,0.00,0.00,0.00,02-Sep,03-Sep,04-Sep,05-Sep,06-Sep,07-Sep,08-Sep,02-Sep,03-Sep,04-Sep,05-Sep,06-Sep,07-Sep,08-Sep,7,7,0
Chhatrapati Sambhajinagar,Chhatrapati Sambhajinagar,Jalna,Partur,Partur,20094559,"120 Villages Extension Scheme for Works Not Considered in 173 GRID WSS and 95 GRID WSS Tq. Partur, Mantha and Jalna Dist: Jalna",Ekrukha,325,1,0.00,0.00,0.00,0.00,0.00,0.00,0.00,0.00,0.00,0.00,0.00,0.00,0.00,0.00,02-Sep,03-Sep,04-Sep,05-Sep,06-Sep,07-Sep,08-Sep,02-Sep,03-Sep,04-Sep,05-Sep,06-Sep,07-Sep,08-Sep,7,7,0
Chhatrapati Sambhajinagar,Chhatrapati Sambhajinagar,Jalna,Partur,Partur,20094559,"120 Villages Extension Scheme for Works Not Considered in 173 GRID WSS and 95 GRID WSS Tq. Partur, Mantha and Jalna Dist: Jalna",Padli Pardhi,540,1,0.00,0.00,0.00,0.00,0.00,0.00,0.00,0.00,0.00,0.00,0.00,0.00,0.00,0.00,02-Sep,03-Sep,04-Sep,05-Sep,06-Sep,07-Sep,08-Sep,02-Sep,03-Sep,04-Sep,05-Sep,06-Sep,07-Sep,08-Sep,7,7,0
Chhatrapati Sambhajinagar,Chhatrapati Sambhajinagar,Jalna,Partur,Partur,20094559,"120 Villages Extension Scheme for Works Not Considered in 173 GRID WSS and 95 GRID WSS Tq. Partur, Mantha and Jalna Dist: Jalna",Banachiwadi,898,1,0.00,0.00,0.00,0.00,0.00,0.00,0.00,0.00,0.00,0.00,0.00,0.00,0.00,0.00,02-Sep,03-Sep,04-Sep,05-Sep,06-Sep,07-Sep,08-Sep,02-Sep,03-Sep,04-Sep,05-Sep,06-Sep,07-Sep,08-Sep,7,7,0
Chhatrapati Sambhajinagar,Chhatrapati Sambhajinagar,Jalna,Partur,Partur,20094559,"120 Villages Extension Scheme for Works Not Considered in 173 GRID WSS and 95 GRID WSS Tq. Partur, Mantha and Jalna Dist: Jalna",Wadarwadi,1117,1,0.00,0.00,0.00,0.00,0.00,0.00,0.00,0.02,0.00,0.02,0.01,0.01,0.01,0.00,02-Sep,03-Sep,04-Sep,05-Sep,06-Sep,07-Sep,08-Sep,02-Sep,03-Sep,04-Sep,05-Sep,06-Sep,07-Sep,08-Sep,2,7,0
Chhatrapati Sambhajinagar,Chhatrapati Sambhajinagar,Jalna,Partur,Partur,20094559,"120 Villages Extension Scheme for Works Not Considered in 173 GRID WSS and 95 GRID WSS Tq. Partur, Mantha and Jalna Dist: Jalna",Hareramnagar,377,1,0.00,0.00,0.00,0.00,0.00,0.01,0.01,0.00,0.00,0.00,0.52,0.52,1.70,2.91,02-Sep,03-Sep,04-Sep,05-Sep,06-Sep,07-Sep,08-Sep,02-Sep,03-Sep,04-Sep,05-Sep,06-Sep,07-Sep,08-Sep,3,7,0
Chhatrapati Sambhajinagar,Chhatrapati Sambhajinagar,Jalna,Partur,Partur,20094559,"120 Villages Extension Scheme for Works Not Considered in 173 GRID WSS and 95 GRID WSS Tq. Partur, Mantha and Jalna Dist: Jalna",Dolara,1422,1,0.00,0.00,0.00,0.00,0.00,0.00,0.00,0.00,0.00,0.00,0.00,0.00,0.00,0.00,02-Sep,03-Sep,04-Sep,05-Sep,06-Sep,07-Sep,08-Sep,02-Sep,03-Sep,04-Sep,05-Sep,06-Sep,07-Sep,08-Sep,7,7,0
Chhatrapati Sambhajinagar,Chhatrapati Sambhajinagar,Jalna,Partur,Partur,20094559,"120 Villages Extension Scheme for Works Not Considered in 173 GRID WSS and 95 GRID WSS Tq. Partur, Mantha and Jalna Dist: Jalna",Sawangi Gangakinara,1468,1,0.00,0.00,0.00,0.00,0.00,0.00,0.00,0.00,0.00,0.00,0.00,0.00,0.00,0.00,02-Sep,03-Sep,04-Sep,05-Sep,06-Sep,07-Sep,08-Sep,02-Sep,03-Sep,04-Sep,05-Sep,06-Sep,07-Sep,08-Sep,7,7,0
Chhatrapati Sambhajinagar,Chhatrapati Sambhajinagar,Jalna,Partur,Partur,20094559,"120 Villages Extension Scheme for Works Not Considered in 173 GRID WSS and 95 GRID WSS Tq. Partur, Mantha and Jalna Dist: Jalna",Landakdara,455,1,233.75,363.18,195.36,320.74,411.94,276.24,217.73,51373.48,79818.97,42936.26,70491.58,90536.45,60712.97,47852.42,02-Sep,03-Sep,04-Sep,05-Sep,06-Sep,07-Sep,08-Sep,02-Sep,03-Sep,04-Sep,05-Sep,06-Sep,07-Sep,08-Sep,0,0,7
Chhatrapati Sambhajinagar,Chhatrapati Sambhajinagar,Jalna,Partur,Partur,20094559,"120 Villages Extension Scheme for Works Not Considered in 173 GRID WSS and 95 GRID WSS Tq. Partur, Mantha and Jalna Dist: Jalna",Phulwadi,1672,1,0.11,0.00,0.00,0.05,0.01,0.00,0.00,6.53,0.07,0.00,2.91,0.41,0.00,0.00,02-Sep,03-Sep,04-Sep,05-Sep,06-Sep,07-Sep,08-Sep,02-Sep,03-Sep,04-Sep,05-Sep,06-Sep,07-Sep,08-Sep,3,7,0
Chhatrapati Sambhajinagar,Chhatrapati Sambhajinagar,Jalna,Partur,Partur,20094559,"120 Villages Extension Scheme for Works Not Considered in 173 GRID WSS and 95 GRID WSS Tq. Partur, Mantha and Jalna Dist: Jalna",Wadhona Tanda,442,1,0.00,0.00,0.00,0.00,0.00,0.00,0.00,0.00,0.00,0.00,0.00,0.00,0.00,0.00,02-Sep,03-Sep,04-Sep,05-Sep,06-Sep,07-Sep,08-Sep,02-Sep,03-Sep,04-Sep,05-Sep,06-Sep,07-Sep,08-Sep,7,7,0
Chhatrapati Sambhajinagar,Chhatrapati Sambhajinagar,Jalna,Partur,Partur,20094559,"120 Villages Extension Scheme for Works Not Considered in 173 GRID WSS and 95 GRID WSS Tq. Partur, Mantha and Jalna Dist: Jalna",Waghadi,554,1,0.00,0.00,0.00,0.00,0.00,0.00,0.00,0.00,0.00,0.00,0.12,0.09,0.00,0.00,02-Sep,03-Sep,04-Sep,05-Sep,06-Sep,07-Sep,08-Sep,02-Sep,03-Sep,04-Sep,05-Sep,06-Sep,07-Sep,08-Sep,5,7,0
Chhatrapati Sambhajinagar,Chhatrapati Sambhajinagar,Jalna,Partur,Partur,20094559,"120 Villages Extension Scheme for Works Not Considered in 173 GRID WSS and 95 GRID WSS Tq. Partur, Mantha and Jalna Dist: Jalna",Waghadi Tanda,424,1,,0.00,0.00,0.00,0.00,0.00,0.00,,0.01,0.01,0.01,0.01,0.01,0.06,02-Sep,03-Sep,04-Sep,05-Sep,06-Sep,07-Sep,08-Sep,02-Sep,03-Sep,04-Sep,05-Sep,06-Sep,07-Sep,08-Sep,0,6,0
Chhatrapati Sambhajinagar,Latur,Latur,Chakur,Chakur,20030459,Rachnawadi 6 villages WSS,Her Village,6571,1,0.00,0.00,1.49,0.00,1.74,0.00,2.05,0.00,0.00,22.68,0.00,26.48,0.00,31.20,02-Sep,03-Sep,04-Sep,05-Sep,06-Sep,07-Sep,08-Sep,02-Sep,03-Sep,04-Sep,05-Sep,06-Sep,07-Sep,08-Sep,4,7,0
Chhatrapati Sambhajinagar,Latur,Latur,Chakur,Chakur,20030459,Rachnawadi 6 villages WSS,Rachnawadi,2228,1,0.64,0.00,1.23,0.05,0.43,0.36,1.81,28.94,0.00,55.13,2.18,19.43,16.37,81.35,02-Sep,03-Sep,04-Sep,05-Sep,06-Sep,07-Sep,08-Sep,02-Sep,03-Sep,04-Sep,05-Sep,06-Sep,07-Sep,08-Sep,1,5,2
Chhatrapati Sambhajinagar,Latur,Latur,Renapur,Renapur,20030820,Pangaon 10 villages WSS,Ghansargaon,2815,1,0.00,0.00,0.00,0.00,0.00,0.00,0.00,0.00,0.00,0.00,0.00,0.00,0.00,0.00,02-Sep,03-Sep,04-Sep,05-Sep,06-Sep,07-Sep,08-Sep,02-Sep,03-Sep,04-Sep,05-Sep,06-Sep,07-Sep,08-Sep,7,7,0
Chhatrapati Sambhajinagar,Latur,Latur,Renapur,Renapur,20030820,Pangaon 10 villages WSS,Kharoli,8990,2,3.39,8.21,11.19,0.02,0.00,0.00,6.53,37.71,91.37,124.43,0.18,0.00,0.00,72.61,02-Sep,03-Sep,04-Sep,05-Sep,06-Sep,07-Sep,08-Sep,02-Sep,03-Sep,04-Sep,05-Sep,06-Sep,07-Sep,08-Sep,2,4,3
Chhatrapati Sambhajinagar,Latur,Latur,Renapur,Renapur,20030820,Pangaon 10 villages WSS,Manusmarwadi,1629,1,0.00,0.00,0.00,0.00,0.00,0.00,2.06,0.00,0.00,0.00,0.00,0.00,0.00,126.46,02-Sep,03-Sep,04-Sep,05-Sep,06-Sep,07-Sep,08-Sep,02-Sep,03-Sep,04-Sep,05-Sep,06-Sep,07-Sep,08-Sep,6,6,1
Chhatrapati Sambhajinagar,Latur,Latur,Renapur,Renapur,20030820,Pangaon 10 villages WSS,Murdav,1765,1,0.00,0.00,0.00,0.00,0.00,0.00,0.00,0.00,0.00,0.00,0.00,0.00,0.00,0.00,02-Sep,03-Sep,04-Sep,05-Sep,06-Sep,07-Sep,08-Sep,02-Sep,03-Sep,04-Sep,05-Sep,06-Sep,07-Sep,08-Sep,7,7,0
Chhatrapati Sambhajinagar,Latur,Latur,Renapur,Renapur,20030820,Pangaon 10 villages WSS,Pangaon,13738,3,2.40,3.42,3.90,0.00,0.05,0.00,0.89,17.47,24.89,28.39,0.00,0.36,0.00,6.48,02-Sep,03-Sep,04-Sep,05-Sep,06-Sep,07-Sep,08-Sep,02-Sep,03-Sep,04-Sep,05-Sep,06-Sep,07-Sep,08-Sep,2,7,0
Chhatrapati Sambhajinagar,Latur,Latur,Shirur Anantpal,Shirur Anantpal,20030815,Sakol 7 villages WSS,Kanegaon,1604,1,0.00,1.32,1.93,1.67,1.66,2.12,0.00,0.00,82.09,120.06,103.89,103.22,131.95,0.00,02-Sep,03-Sep,04-Sep,05-Sep,06-Sep,07-Sep,08-Sep,02-Sep,03-Sep,04-Sep,05-Sep,06-Sep,07-Sep,08-Sep,2,2,5
Chhatrapati Sambhajinagar,Latur,Latur,Shirur Anantpal,Shirur Anantpal,20030815,Sakol 7 villages WSS,Sakol,8777,2,4.09,4.10,2.19,0.69,0.00,0.00,0.00,46.60,46.71,24.95,7.86,0.00,0.00,0.00,02-Sep,03-Sep,04-Sep,05-Sep,06-Sep,07-Sep,08-Sep,02-Sep,03-Sep,04-Sep,05-Sep,06-Sep,07-Sep,08-Sep,3,7,0
Chhatrapati Sambhajinagar,Latur,Latur,Shirur Anantpal,Shirur Anantpal,20030815,Sakol 7 villages WSS,Tripal,1086,1,0.00,0.00,0.00,0.00,0.00,0.00,0.00,0.00,0.00,0.00,0.00,0.00,0.00,0.00,02-Sep,03-Sep,04-Sep,05-Sep,06-Sep,07-Sep,08-Sep,02-Sep,03-Sep,04-Sep,05-Sep,06-Sep,07-Sep,08-Sep,7,7,0
Chhatrapati Sambhajinagar,Nanded,Nanded,Hadgaon,Hadgaon,20013969,Hadgaon and Himayatnagar 132 Village Grid WSS,Babhali,2273,1,1.23,0.47,0.52,0.60,0.48,0.26,1.34,54.11,20.68,22.88,26.40,21.12,11.44,58.95,02-Sep,03-Sep,04-Sep,05-Sep,06-Sep,07-Sep,08-Sep,02-Sep,03-Sep,04-Sep,05-Sep,06-Sep,07-Sep,08-Sep,0,6,1
Chhatrapati Sambhajinagar,Nanded,Nanded,Hadgaon,Hadgaon,20013969,Hadgaon and Himayatnagar 132 Village Grid WSS,Bamani,1117,1,0.00,0.00,0.00,0.00,0.00,0.00,0.00,0.00,0.00,0.00,0.00,0.00,0.00,0.00,02-Sep,03-Sep,04-Sep,05-Sep,06-Sep,07-Sep,08-Sep,02-Sep,03-Sep,04-Sep,05-Sep,06-Sep,07-Sep,08-Sep,7,7,0
Chhatrapati Sambhajinagar,Nanded,Nanded,Hadgaon,Hadgaon,20013969,Hadgaon and Himayatnagar 132 Village Grid WSS,Baradshewala,5626,2,0.00,0.00,0.00,0.00,0.00,0.00,0.00,0.00,0.00,0.00,0.00,0.00,0.00,0.00,02-Sep,03-Sep,04-Sep,05-Sep,06-Sep,07-Sep,08-Sep,02-Sep,03-Sep,04-Sep,05-Sep,06-Sep,07-Sep,08-Sep,7,7,0
Chhatrapati Sambhajinagar,Nanded,Nanded,Hadgaon,Hadgaon,20013969,Hadgaon and Himayatnagar 132 Village Grid WSS,Bhanegaon Tanda,971,1,0.84,0.94,1.20,0.79,0.88,1.16,1.43,86.51,96.81,123.58,81.36,90.63,119.55,147.19,02-Sep,03-Sep,04-Sep,05-Sep,06-Sep,07-Sep,08-Sep,02-Sep,03-Sep,04-Sep,05-Sep,06-Sep,07-Sep,08-Sep,0,0,7
Chhatrapati Sambhajinagar,Nanded,Nanded,Hadgaon,Hadgaon,20013969,Hadgaon and Himayatnagar 132 Village Grid WSS,Brahmanwadi,525,1,0.00,0.00,0.00,0.00,0.00,0.00,0.00,0.00,0.00,0.00,0.00,0.00,0.00,0.00,02-Sep,03-Sep,04-Sep,05-Sep,06-Sep,07-Sep,08-Sep,02-Sep,03-Sep,04-Sep,05-Sep,06-Sep,07-Sep,08-Sep,7,7,0
Chhatrapati Sambhajinagar,Nanded,Nanded,Hadgaon,Hadgaon,20013969,Hadgaon and Himayatnagar 132 Village Grid WSS,Chinchgawhan,2440,1,0.00,0.00,0.08,0.00,0.08,0.10,0.00,0.00,0.00,3.28,0.00,3.28,4.10,0.00,02-Sep,03-Sep,04-Sep,05-Sep,06-Sep,07-Sep,08-Sep,02-Sep,03-Sep,04-Sep,05-Sep,06-Sep,07-Sep,08-Sep,4,7,0
Chhatrapati Sambhajinagar,Nanded,Nanded,Hadgaon,Hadgaon,20013969,Hadgaon and Himayatnagar 132 Village Grid WSS,Dagadwadi,1225,1,1.13,1.05,1.16,1.07,1.12,1.10,0.31,92.24,85.71,94.69,87.35,91.43,89.80,25.31,02-Sep,03-Sep,04-Sep,05-Sep,06-Sep,07-Sep,08-Sep,02-Sep,03-Sep,04-Sep,05-Sep,06-Sep,07-Sep,08-Sep,0,1,6
Chhatrapati Sambhajinagar,Nanded,Nanded,Hadgaon,Hadgaon,20013969,Hadgaon and Himayatnagar 132 Village Grid WSS,Dhanora (Hastara),2529,1,21.87,20.74,16.64,17.63,18.44,20.09,21.82,864.80,820.21,658.04,697.28,729.26,794.36,862.83,02-Sep,03-Sep,04-Sep,05-Sep,06-Sep,07-Sep,08-Sep,02-Sep,03-Sep,04-Sep,05-Sep,06-Sep,07-Sep,08-Sep,0,0,7
Chhatrapati Sambhajinagar,Nanded,Nanded,Hadgaon,Hadgaon,20013969,Hadgaon and Himayatnagar 132 Village Grid WSS,Dhanora (Tamsa),1380,1,0.68,0.00,0.00,0.61,0.00,0.00,0.00,49.28,0.00,0.00,44.20,0.00,0.00,0.00,02-Sep,03-Sep,04-Sep,05-Sep,06-Sep,07-Sep,08-Sep,02-Sep,03-Sep,04-Sep,05-Sep,06-Sep,07-Sep,08-Sep,5,7,0
Chhatrapati Sambhajinagar,Nanded,Nanded,Hadgaon,Hadgaon,20013969,Hadgaon and Himayatnagar 132 Village Grid WSS,Ekrala,1509,1,0.00,0.00,0.00,0.00,0.00,0.00,0.00,0.00,0.00,0.00,0.00,0.00,0.00,0.00,02-Sep,03-Sep,04-Sep,05-Sep,06-Sep,07-Sep,08-Sep,02-Sep,03-Sep,04-Sep,05-Sep,06-Sep,07-Sep,08-Sep,7,7,0
Chhatrapati Sambhajinagar,Nanded,Nanded,Hadgaon,Hadgaon,20013969,Hadgaon and Himayatnagar 132 Village Grid WSS,Gargavhan,264,1,0.00,13.57,18.10,7.59,9.83,10.46,10.93,0.00,5140.15,6856.06,2875.00,3723.48,3962.12,4140.15,02-Sep,03-Sep,04-Sep,05-Sep,06-Sep,07-Sep,08-Sep,02-Sep,03-Sep,04-Sep,05-Sep,06-Sep,07-Sep,08-Sep,1,1,6
Chhatrapati Sambhajinagar,Nanded,Nanded,Hadgaon,Hadgaon,20013969,Hadgaon and Himayatnagar 132 Village Grid WSS,Ghogri,1237,1,2.11,0.00,0.00,0.00,0.00,0.00,0.00,170.57,0.00,0.00,0.00,0.00,0.00,0.00,02-Sep,03-Sep,04-Sep,05-Sep,06-Sep,07-Sep,08-Sep,02-Sep,03-Sep,04-Sep,05-Sep,06-Sep,07-Sep,08-Sep,6,6,1
Chhatrapati Sambhajinagar,Nanded,Nanded,Hadgaon,Hadgaon,20013969,Hadgaon and Himayatnagar 132 Village Grid WSS,Gorlegaon,2313,1,0.00,0.00,0.00,0.00,0.00,0.00,0.00,0.00,0.00,0.00,0.00,0.00,0.00,0.00,02-Sep,03-Sep,04-Sep,05-Sep,06-Sep,07-Sep,08-Sep,02-Sep,03-Sep,04-Sep,05-Sep,06-Sep,07-Sep,08-Sep,7,7,0
Chhatrapati Sambhajinagar,Nanded,Nanded,Hadgaon,Hadgaon,20013969,Hadgaon and Himayatnagar 132 Village Grid WSS,Hadsani,1944,1,15.21,15.83,17.43,14.75,15.39,15.05,16.83,782.41,814.30,896.60,758.74,791.67,774.18,865.74,02-Sep,03-Sep,04-Sep,05-Sep,06-Sep,07-Sep,08-Sep,02-Sep,03-Sep,04-Sep,05-Sep,06-Sep,07-Sep,08-Sep,0,0,7
Chhatrapati Sambhajinagar,Nanded,Nanded,Hadgaon,Hadgaon,20013969,Hadgaon and Himayatnagar 132 Village Grid WSS,Hardaf,2364,1,0.00,0.00,0.00,0.00,0.00,0.00,0.00,0.00,0.00,0.00,0.00,0.00,0.00,0.00,02-Sep,03-Sep,04-Sep,05-Sep,06-Sep,07-Sep,08-Sep,02-Sep,03-Sep,04-Sep,05-Sep,06-Sep,07-Sep,08-Sep,7,7,0
Chhatrapati Sambhajinagar,Nanded,Nanded,Hadgaon,Hadgaon,20013969,Hadgaon and Himayatnagar 132 Village Grid WSS,Kedarguda,1564,1,21.04,8.52,15.87,25.07,28.95,20.96,10.92,1345.52,544.94,1014.71,1602.77,1851.19,1339.96,698.40,02-Sep,03-Sep,04-Sep,05-Sep,06-Sep,07-Sep,08-Sep,02-Sep,03-Sep,04-Sep,05-Sep,06-Sep,07-Sep,08-Sep,0,0,7
Chhatrapati Sambhajinagar,Nanded,Nanded,Hadgaon,Hadgaon,20013969,Hadgaon and Himayatnagar 132 Village Grid WSS,Kharbi,1461,1,1.65,0.78,1.53,0.05,2.92,0.97,6.23,112.94,53.39,104.72,3.42,199.86,66.39,426.42,02-Sep,03-Sep,04-Sep,05-Sep,06-Sep,07-Sep,08-Sep,02-Sep,03-Sep,04-Sep,05-Sep,06-Sep,07-Sep,08-Sep,0,2,5
Chhatrapati Sambhajinagar,Nanded,Nanded,Hadgaon,Hadgaon,20013969,Hadgaon and Himayatnagar 132 Village Grid WSS,Kolgaon,752,1,0.00,0.00,0.00,0.00,0.00,0.00,0.00,0.00,0.00,0.00,0.00,0.00,0.00,0.00,02-Sep,03-Sep,04-Sep,05-Sep,06-Sep,07-Sep,08-Sep,02-Sep,03-Sep,04-Sep,05-Sep,06-Sep,07-Sep,08-Sep,7,7,0
Chhatrapati Sambhajinagar,Nanded,Nanded,Hadgaon,Hadgaon,20013969,Hadgaon and Himayatnagar 132 Village Grid WSS,Koli,3873,1,0.00,0.00,0.00,0.00,0.00,0.00,0.00,0.00,0.00,0.00,0.00,0.00,0.00,0.00,02-Sep,03-Sep,04-Sep,05-Sep,06-Sep,07-Sep,08-Sep,02-Sep,03-Sep,04-Sep,05-Sep,06-Sep,07-Sep,08-Sep,7,7,0
Chhatrapati Sambhajinagar,Nanded,Nanded,Hadgaon,Hadgaon,20013969,Hadgaon and Himayatnagar 132 Village Grid WSS,Krushnapur,664,1,0.00,0.00,0.00,0.00,0.00,0.00,0.00,0.00,0.00,0.00,0.00,0.00,0.00,0.00,02-Sep,03-Sep,04-Sep,05-Sep,06-Sep,07-Sep,08-Sep,02-Sep,03-Sep,04-Sep,05-Sep,06-Sep,07-Sep,08-Sep,7,7,0
Chhatrapati Sambhajinagar,Nanded,Nanded,Hadgaon,Hadgaon,20013969,Hadgaon and Himayatnagar 132 Village Grid WSS,Loha,2244,1,0.00,0.31,0.68,6.02,0.00,0.00,0.00,0.00,13.81,30.30,268.27,0.00,0.00,0.00,02-Sep,03-Sep,04-Sep,05-Sep,06-Sep,07-Sep,08-Sep,02-Sep,03-Sep,04-Sep,05-Sep,06-Sep,07-Sep,08-Sep,4,6,1
Chhatrapati Sambhajinagar,Nanded,Nanded,Hadgaon,Hadgaon,20013969,Hadgaon and Himayatnagar 132 Village Grid WSS,Lyahari,2525,1,0.00,0.00,0.00,0.00,0.00,0.00,0.00,0.00,0.00,0.00,0.00,0.00,0.00,0.00,02-Sep,03-Sep,04-Sep,05-Sep,06-Sep,07-Sep,08-Sep,02-Sep,03-Sep,04-Sep,05-Sep,06-Sep,07-Sep,08-Sep,7,7,0
Chhatrapati Sambhajinagar,Nanded,Nanded,Hadgaon,Hadgaon,20013969,Hadgaon and Himayatnagar 132 Village Grid WSS,Mahatala,1569,1,0.00,0.00,0.00,0.00,0.00,0.00,0.00,0.00,0.00,0.00,0.00,0.00,0.00,0.00,02-Sep,03-Sep,04-Sep,05-Sep,06-Sep,07-Sep,08-Sep,02-Sep,03-Sep,04-Sep,05-Sep,06-Sep,07-Sep,08-Sep,7,7,0
Chhatrapati Sambhajinagar,Nanded,Nanded,Hadgaon,Hadgaon,20013969,Hadgaon and Himayatnagar 132 Village Grid WSS,Malzara,2202,1,0.00,0.00,0.00,0.00,0.00,0.00,0.00,0.00,0.00,0.00,0.00,0.00,0.00,0.00,02-Sep,03-Sep,04-Sep,05-Sep,06-Sep,07-Sep,08-Sep,02-Sep,03-Sep,04-Sep,05-Sep,06-Sep,07-Sep,08-Sep,7,7,0
Chhatrapati Sambhajinagar,Nanded,Nanded,Hadgaon,Hadgaon,20013969,Hadgaon and Himayatnagar 132 Village Grid WSS,Mardga,3172,1,4.05,0.00,0.26,0.99,6.26,1.54,0.91,127.68,0.00,8.20,31.21,197.35,48.55,28.69,02-Sep,03-Sep,04-Sep,05-Sep,06-Sep,07-Sep,08-Sep,02-Sep,03-Sep,04-Sep,05-Sep,06-Sep,07-Sep,08-Sep,1,5,2
Chhatrapati Sambhajinagar,Nanded,Nanded,Hadgaon,Hadgaon,20013969,Hadgaon and Himayatnagar 132 Village Grid WSS,Nevri,2518,1,0.00,0.00,0.00,0.00,0.00,0.00,0.00,0.00,0.00,0.00,0.00,0.00,0.00,0.00,02-Sep,03-Sep,04-Sep,05-Sep,06-Sep,07-Sep,08-Sep,02-Sep,03-Sep,04-Sep,05-Sep,06-Sep,07-Sep,08-Sep,7,7,0
Chhatrapati Sambhajinagar,Nanded,Nanded,Hadgaon,Hadgaon,20013969,Hadgaon and Himayatnagar 132 Village Grid WSS,Newarwadi,1251,1,0.00,0.00,0.00,0.00,0.00,0.00,0.00,0.00,0.00,0.00,0.00,0.00,0.00,0.00,02-Sep,03-Sep,04-Sep,05-Sep,06-Sep,07-Sep,08-Sep,02-Sep,03-Sep,04-Sep,05-Sep,06-Sep,07-Sep,08-Sep,7,7,0
Chhatrapati Sambhajinagar,Nanded,Nanded,Hadgaon,Hadgaon,20013969,Hadgaon and Himayatnagar 132 Village Grid WSS,Niwdha,8189,1,0.00,0.00,0.00,0.00,0.00,0.00,0.00,0.00,0.00,0.00,0.00,0.00,0.00,0.00,02-Sep,03-Sep,04-Sep,05-Sep,06-Sep,07-Sep,08-Sep,02-Sep,03-Sep,04-Sep,05-Sep,06-Sep,07-Sep,08-Sep,7,7,0
Chhatrapati Sambhajinagar,Nanded,Nanded,Hadgaon,Hadgaon,20013969,Hadgaon and Himayatnagar 132 Village Grid WSS,Niwla,1510,1,0.00,0.00,0.00,0.00,0.00,0.01,0.00,0.00,0.00,0.00,0.00,0.00,0.66,0.00,02-Sep,03-Sep,04-Sep,05-Sep,06-Sep,07-Sep,08-Sep,02-Sep,03-Sep,04-Sep,05-Sep,06-Sep,07-Sep,08-Sep,6,7,0
Chhatrapati Sambhajinagar,Nanded,Nanded,Hadgaon,Hadgaon,20013969,Hadgaon and Himayatnagar 132 Village Grid WSS,Palsa,3436,1,0.01,1.80,0.00,0.01,0.08,0.02,0.01,0.29,52.39,0.00,0.29,2.33,0.58,0.29,02-Sep,03-Sep,04-Sep,05-Sep,06-Sep,07-Sep,08-Sep,02-Sep,03-Sep,04-Sep,05-Sep,06-Sep,07-Sep,08-Sep,1,7,0
Chhatrapati Sambhajinagar,Nanded,Nanded,Hadgaon,Hadgaon,20013969,Hadgaon and Himayatnagar 132 Village Grid WSS,Pangri (Manatha),772,1,0.00,0.00,0.00,0.00,0.00,0.00,0.00,0.00,0.00,0.00,0.00,0.00,0.00,0.00,02-Sep,03-Sep,04-Sep,05-Sep,06-Sep,07-Sep,08-Sep,02-Sep,03-Sep,04-Sep,05-Sep,06-Sep,07-Sep,08-Sep,7,7,0
Chhatrapati Sambhajinagar,Nanded,Nanded,Hadgaon,Hadgaon,20013969,Hadgaon and Himayatnagar 132 Village Grid WSS,Pingli,460,1,1.63,0.00,0.00,0.00,0.00,0.00,0.83,354.35,0.00,0.00,0.00,0.00,0.00,180.43,02-Sep,03-Sep,04-Sep,05-Sep,06-Sep,07-Sep,08-Sep,02-Sep,03-Sep,04-Sep,05-Sep,06-Sep,07-Sep,08-Sep,5,5,2
Chhatrapati Sambhajinagar,Nanded,Nanded,Hadgaon,Hadgaon,20013969,Hadgaon and Himayatnagar 132 Village Grid WSS,Rawangaon (Manatha),1463,1,0.00,0.00,0.00,0.00,0.00,0.00,0.00,0.00,0.00,0.00,0.00,0.00,0.00,0.00,02-Sep,03-Sep,04-Sep,05-Sep,06-Sep,07-Sep,08-Sep,02-Sep,03-Sep,04-Sep,05-Sep,06-Sep,07-Sep,08-Sep,7,7,0
Chhatrapati Sambhajinagar,Nanded,Nanded,Hadgaon,Hadgaon,20013969,Hadgaon and Himayatnagar 132 Village Grid WSS,Rui,3670,1,0.00,0.00,0.00,0.00,0.00,0.00,0.00,0.00,0.00,0.00,0.00,0.00,0.00,0.00,02-Sep,03-Sep,04-Sep,05-Sep,06-Sep,07-Sep,08-Sep,02-Sep,03-Sep,04-Sep,05-Sep,06-Sep,07-Sep,08-Sep,7,7,0
Chhatrapati Sambhajinagar,Nanded,Nanded,Hadgaon,Hadgaon,20013969,Hadgaon and Himayatnagar 132 Village Grid WSS,Sapti,2440,1,0.00,0.00,0.00,0.00,0.00,0.00,0.00,0.00,0.00,0.00,0.00,0.00,0.00,0.00,02-Sep,03-Sep,04-Sep,05-Sep,06-Sep,07-Sep,08-Sep,02-Sep,03-Sep,04-Sep,05-Sep,06-Sep,07-Sep,08-Sep,7,7,0
Chhatrapati Sambhajinagar,Nanded,Nanded,Hadgaon,Hadgaon,20013969,Hadgaon and Himayatnagar 132 Village Grid WSS,Sawargaon,4448,1,0.00,0.00,0.00,0.00,0.00,0.00,0.00,0.00,0.00,0.00,0.00,0.00,0.00,0.00,02-Sep,03-Sep,04-Sep,05-Sep,06-Sep,07-Sep,08-Sep,02-Sep,03-Sep,04-Sep,05-Sep,06-Sep,07-Sep,08-Sep,7,7,0
Chhatrapati Sambhajinagar,Nanded,Nanded,Hadgaon,Hadgaon,20013969,Hadgaon and Himayatnagar 132 Village Grid WSS,Shendan,526,1,0.00,0.00,0.00,0.00,0.00,0.00,0.00,0.00,0.00,0.00,0.00,0.00,0.00,0.00,02-Sep,03-Sep,04-Sep,05-Sep,06-Sep,07-Sep,08-Sep,02-Sep,03-Sep,04-Sep,05-Sep,06-Sep,07-Sep,08-Sep,7,7,0
Chhatrapati Sambhajinagar,Nanded,Nanded,Hadgaon,Hadgaon,20013969,Hadgaon and Himayatnagar 132 Village Grid WSS,Shirad,4587,1,0.00,0.00,0.00,0.00,0.00,0.00,0.00,0.00,0.00,0.00,0.00,0.00,0.00,0.00,02-Sep,03-Sep,04-Sep,05-Sep,06-Sep,07-Sep,08-Sep,02-Sep,03-Sep,04-Sep,05-Sep,06-Sep,07-Sep,08-Sep,7,7,0
Chhatrapati Sambhajinagar,Nanded,Nanded,Hadgaon,Hadgaon,20013969,Hadgaon and Himayatnagar 132 Village Grid WSS,Shivani,823,1,0.00,0.00,0.00,0.00,0.00,0.00,0.00,0.00,0.00,0.00,0.00,0.00,0.00,0.00,02-Sep,03-Sep,04-Sep,05-Sep,06-Sep,07-Sep,08-Sep,02-Sep,03-Sep,04-Sep,05-Sep,06-Sep,07-Sep,08-Sep,7,7,0
Chhatrapati Sambhajinagar,Nanded,Nanded,Hadgaon,Hadgaon,20013969,Hadgaon and Himayatnagar 132 Village Grid WSS,Talang,579,1,0.00,0.00,0.00,0.00,0.00,0.00,0.10,0.00,0.00,0.00,0.00,0.00,0.00,17.27,02-Sep,03-Sep,04-Sep,05-Sep,06-Sep,07-Sep,08-Sep,02-Sep,03-Sep,04-Sep,05-Sep,06-Sep,07-Sep,08-Sep,6,7,0
Chhatrapati Sambhajinagar,Nanded,Nanded,Hadgaon,Hadgaon,20013969,Hadgaon and Himayatnagar 132 Village Grid WSS,Talegaon,2044,1,0.00,0.00,0.00,0.00,0.00,0.00,0.00,0.00,0.00,0.00,0.00,0.00,0.00,0.00,02-Sep,03-Sep,04-Sep,05-Sep,06-Sep,07-Sep,08-Sep,02-Sep,03-Sep,04-Sep,05-Sep,06-Sep,07-Sep,08-Sep,7,7,0
Chhatrapati Sambhajinagar,Nanded,Nanded,Hadgaon,Hadgaon,20013969,Hadgaon and Himayatnagar 132 Village Grid WSS,Talni,7037,1,0.00,0.57,0.00,0.56,0.00,0.59,0.00,0.00,8.10,0.00,7.96,0.00,8.38,0.00,02-Sep,03-Sep,04-Sep,05-Sep,06-Sep,07-Sep,08-Sep,02-Sep,03-Sep,04-Sep,05-Sep,06-Sep,07-Sep,08-Sep,4,7,0
Chhatrapati Sambhajinagar,Nanded,Nanded,Hadgaon,Hadgaon,20013969,Hadgaon and Himayatnagar 132 Village Grid WSS,Umri (Daryabai),2262,1,0.00,0.00,0.00,0.00,0.00,0.00,0.00,0.00,0.00,0.00,0.00,0.00,0.00,0.00,02-Sep,03-Sep,04-Sep,05-Sep,06-Sep,07-Sep,08-Sep,02-Sep,03-Sep,04-Sep,05-Sep,06-Sep,07-Sep,08-Sep,7,7,0
Chhatrapati Sambhajinagar,Nanded,Nanded,Hadgaon,Hadgaon,20013969,Hadgaon and Himayatnagar 132 Village Grid WSS,Umri Ja.,2492,1,0.00,0.00,0.00,0.00,0.00,0.00,0.00,0.00,0.00,0.00,0.00,0.00,0.00,0.00,02-Sep,03-Sep,04-Sep,05-Sep,06-Sep,07-Sep,08-Sep,02-Sep,03-Sep,04-Sep,05-Sep,06-Sep,07-Sep,08-Sep,7,7,0
Chhatrapati Sambhajinagar,Nanded,Nanded,Hadgaon,Hadgaon,20013969,Hadgaon and Himayatnagar 132 Village Grid WSS,Umri kh,1022,1,0.00,0.00,0.00,0.00,0.00,0.00,0.00,0.00,0.00,0.00,0.00,0.00,0.00,0.00,02-Sep,03-Sep,04-Sep,05-Sep,06-Sep,07-Sep,08-Sep,02-Sep,03-Sep,04-Sep,05-Sep,06-Sep,07-Sep,08-Sep,7,7,0
Chhatrapati Sambhajinagar,Nanded,Nanded,Hadgaon,Hadgaon,20013969,Hadgaon and Himayatnagar 132 Village Grid WSS,Unchada,1881,1,0.00,0.00,0.00,0.00,0.00,0.00,0.00,0.00,0.00,0.00,0.00,0.00,0.00,0.00,02-Sep,03-Sep,04-Sep,05-Sep,06-Sep,07-Sep,08-Sep,02-Sep,03-Sep,04-Sep,05-Sep,06-Sep,07-Sep,08-Sep,7,7,0
Chhatrapati Sambhajinagar,Nanded,Nanded,Hadgaon,Hadgaon,20013969,Hadgaon and Himayatnagar 132 Village Grid WSS,Unchegaon,1958,1,0.00,0.00,0.24,8.33,11.02,11.22,11.76,0.00,0.00,12.08,425.29,562.82,573.16,600.38,02-Sep,03-Sep,04-Sep,05-Sep,06-Sep,07-Sep,08-Sep,02-Sep,03-Sep,04-Sep,05-Sep,06-Sep,07-Sep,08-Sep,2,3,4
Chhatrapati Sambhajinagar,Nanded,Nanded,Hadgaon,Hadgaon,20013969,Hadgaon and Himayatnagar 132 Village Grid WSS,Wadgaon BK.,1840,1,0.00,0.00,0.00,0.00,0.00,0.00,0.00,0.00,0.00,0.00,0.00,0.00,0.00,0.00,02-Sep,03-Sep,04-Sep,05-Sep,06-Sep,07-Sep,08-Sep,02-Sep,03-Sep,04-Sep,05-Sep,06-Sep,07-Sep,08-Sep,7,7,0
Chhatrapati Sambhajinagar,Nanded,Nanded,Hadgaon,Hadgaon,20013969,Hadgaon and Himayatnagar 132 Village Grid WSS,Wai Pana Bk,3017,1,0.00,0.00,0.00,0.00,0.00,0.00,0.00,0.00,0.00,0.00,0.00,0.00,0.00,0.00,02-Sep,03-Sep,04-Sep,05-Sep,06-Sep,07-Sep,08-Sep,02-Sep,03-Sep,04-Sep,05-Sep,06-Sep,07-Sep,08-Sep,7,7,0
Chhatrapati Sambhajinagar,Nanded,Nanded,Hadgaon,Hadgaon,20013969,Hadgaon and Himayatnagar 132 Village Grid WSS,Wai Pana Kh,1296,1,0.18,0.00,0.00,2.54,4.31,2.73,0.00,13.89,0.00,0.00,196.24,332.31,210.65,0.00,02-Sep,03-Sep,04-Sep,05-Sep,06-Sep,07-Sep,08-Sep,02-Sep,03-Sep,04-Sep,05-Sep,06-Sep,07-Sep,08-Sep,3,4,3
Chhatrapati Sambhajinagar,Nanded,Nanded,Hadgaon,Hadgaon,20013969,Hadgaon and Himayatnagar 132 Village Grid WSS,Yelamb,2225,1,2543.55,2618.67,2680.33,2681.25,2679.14,2508.68,2676.94,114316.90,117693.01,120464.08,120505.44,120410.97,112749.66,120312.04,02-Sep,03-Sep,04-Sep,05-Sep,06-Sep,07-Sep,08-Sep,02-Sep,03-Sep,04-Sep,05-Sep,06-Sep,07-Sep,08-Sep,0,0,7
Chhatrapati Sambhajinagar,Nanded,Nanded,Himayatnagar,Himayatnagar,20013969,Hadgaon and Himayatnagar 132 Village Grid WSS,Ashti,4091,1,0.00,0.00,0.00,0.00,0.00,0.00,0.00,0.00,0.00,0.00,0.00,0.00,0.00,0.00,02-Sep,03-Sep,04-Sep,05-Sep,06-Sep,07-Sep,08-Sep,02-Sep,03-Sep,04-Sep,05-Sep,06-Sep,07-Sep,08-Sep,7,7,0
Chhatrapati Sambhajinagar,Nanded,Nanded,Himayatnagar,Himayatnagar,20013969,Hadgaon and Himayatnagar 132 Village Grid WSS,Borgadi,1212,1,0.00,0.00,0.00,0.00,0.00,0.00,0.00,0.00,0.00,0.00,0.00,0.00,0.00,0.00,02-Sep,03-Sep,04-Sep,05-Sep,06-Sep,07-Sep,08-Sep,02-Sep,03-Sep,04-Sep,05-Sep,06-Sep,07-Sep,08-Sep,7,7,0
Chhatrapati Sambhajinagar,Nanded,Nanded,Himayatnagar,Himayatnagar,20013969,Hadgaon and Himayatnagar 132 Village Grid WSS,Borgaon (Tamsa),787,1,0.00,0.00,0.00,0.00,0.00,0.00,0.00,0.00,0.00,0.00,0.00,0.00,0.00,0.00,02-Sep,03-Sep,04-Sep,05-Sep,06-Sep,07-Sep,08-Sep,02-Sep,03-Sep,04-Sep,05-Sep,06-Sep,07-Sep,08-Sep,7,7,0
Chhatrapati Sambhajinagar,Nanded,Nanded,Himayatnagar,Himayatnagar,20013969,Hadgaon and Himayatnagar 132 Village Grid WSS,Dolhari,1871,1,0.00,0.00,0.00,0.00,0.00,0.00,0.00,0.00,0.00,0.00,0.00,0.00,0.00,0.00,02-Sep,03-Sep,04-Sep,05-Sep,06-Sep,07-Sep,08-Sep,02-Sep,03-Sep,04-Sep,05-Sep,06-Sep,07-Sep,08-Sep,7,7,0
Chhatrapati Sambhajinagar,Nanded,Nanded,Himayatnagar,Himayatnagar,20013969,Hadgaon and Himayatnagar 132 Village Grid WSS,Dudhad,1232,1,0.00,0.00,0.00,0.56,0.00,0.02,0.42,0.00,0.00,0.00,45.45,0.00,1.48,34.23,02-Sep,03-Sep,04-Sep,05-Sep,06-Sep,07-Sep,08-Sep,02-Sep,03-Sep,04-Sep,05-Sep,06-Sep,07-Sep,08-Sep,4,7,0
Chhatrapati Sambhajinagar,Nanded,Nanded,Himayatnagar,Himayatnagar,20013969,Hadgaon and Himayatnagar 132 Village Grid WSS,Kamari,4301,1,0.00,0.00,0.00,0.00,0.00,0.00,0.00,0.00,0.00,0.00,0.00,0.00,0.00,0.00,02-Sep,03-Sep,04-Sep,05-Sep,06-Sep,07-Sep,08-Sep,02-Sep,03-Sep,04-Sep,05-Sep,06-Sep,07-Sep,08-Sep,7,7,0
Chhatrapati Sambhajinagar,Nanded,Nanded,Himayatnagar,Himayatnagar,20013969,Hadgaon and Himayatnagar 132 Village Grid WSS,Karanji,1346,1,0.00,0.00,0.00,0.00,0.00,0.00,0.00,0.00,0.00,0.37,0.00,0.00,0.00,0.00,02-Sep,03-Sep,04-Sep,05-Sep,06-Sep,07-Sep,08-Sep,02-Sep,03-Sep,04-Sep,05-Sep,06-Sep,07-Sep,08-Sep,6,7,0
Chhatrapati Sambhajinagar,Nanded,Nanded,Himayatnagar,Himayatnagar,20013969,Hadgaon and Himayatnagar 132 Village Grid WSS,Khadki (Bazar),3524,1,0.00,0.00,0.00,0.00,0.00,0.00,0.00,0.00,0.00,0.00,0.00,0.00,0.00,0.00,02-Sep,03-Sep,04-Sep,05-Sep,06-Sep,07-Sep,08-Sep,02-Sep,03-Sep,04-Sep,05-Sep,06-Sep,07-Sep,08-Sep,7,7,0
Chhatrapati Sambhajinagar,Nanded,Nanded,Himayatnagar,Himayatnagar,20013969,Hadgaon and Himayatnagar 132 Village Grid WSS,Khairgaon (jahagir),425,1,0.00,0.00,0.00,0.00,0.00,0.00,0.00,0.00,0.00,0.00,0.00,0.00,0.00,0.00,02-Sep,03-Sep,04-Sep,05-Sep,06-Sep,07-Sep,08-Sep,02-Sep,03-Sep,04-Sep,05-Sep,06-Sep,07-Sep,08-Sep,7,7,0
Chhatrapati Sambhajinagar,Nanded,Nanded,Himayatnagar,Himayatnagar,20013969,Hadgaon and Himayatnagar 132 Village Grid WSS,Mangrul,2278,1,0.00,0.00,0.00,0.00,0.00,0.00,0.00,0.00,0.00,0.00,0.00,0.00,0.00,0.00,02-Sep,03-Sep,04-Sep,05-Sep,06-Sep,07-Sep,08-Sep,02-Sep,03-Sep,04-Sep,05-Sep,06-Sep,07-Sep,08-Sep,7,7,0
Chhatrapati Sambhajinagar,Nanded,Nanded,Himayatnagar,Himayatnagar,20013969,Hadgaon and Himayatnagar 132 Village Grid WSS,Palaspur,2211,1,0.00,0.00,0.00,0.00,0.00,0.00,0.00,0.00,0.00,0.00,0.00,0.00,0.00,0.00,02-Sep,03-Sep,04-Sep,05-Sep,06-Sep,07-Sep,08-Sep,02-Sep,03-Sep,04-Sep,05-Sep,06-Sep,07-Sep,08-Sep,7,7,0
Chhatrapati Sambhajinagar,Nanded,Nanded,Himayatnagar,Himayatnagar,20013969,Hadgaon and Himayatnagar 132 Village Grid WSS,Pawana,2623,1,0.00,0.00,0.00,0.00,0.00,0.00,0.00,0.00,0.00,0.00,0.00,0.00,0.00,0.00,02-Sep,03-Sep,04-Sep,05-Sep,06-Sep,07-Sep,08-Sep,02-Sep,03-Sep,04-Sep,05-Sep,06-Sep,07-Sep,08-Sep,7,7,0
Chhatrapati Sambhajinagar,Nanded,Nanded,Himayatnagar,Himayatnagar,20013969,Hadgaon and Himayatnagar 132 Village Grid WSS,Pota (Bk),5377,1,0.00,0.00,0.00,0.00,0.00,0.00,0.00,0.00,0.00,0.00,0.00,0.00,0.00,0.00,02-Sep,03-Sep,04-Sep,05-Sep,06-Sep,07-Sep,08-Sep,02-Sep,03-Sep,04-Sep,05-Sep,06-Sep,07-Sep,08-Sep,7,7,0
Chhatrapati Sambhajinagar,Nanded,Nanded,Himayatnagar,Himayatnagar,20013969,Hadgaon and Himayatnagar 132 Village Grid WSS,Pota Kh.,787,1,0.00,0.00,0.00,0.00,0.00,0.00,0.00,0.00,0.00,0.00,0.00,0.00,0.00,0.00,02-Sep,03-Sep,04-Sep,05-Sep,06-Sep,07-Sep,08-Sep,02-Sep,03-Sep,04-Sep,05-Sep,06-Sep,07-Sep,08-Sep,7,7,0
Chhatrapati Sambhajinagar,Nanded,Nanded,Himayatnagar,Himayatnagar,20013969,Hadgaon and Himayatnagar 132 Village Grid WSS,Shibadara (J),1480,1,1.14,0.68,0.72,1.32,1.28,0.58,0.58,76.73,45.95,48.32,89.19,86.49,39.50,38.88,02-Sep,03-Sep,04-Sep,05-Sep,06-Sep,07-Sep,08-Sep,02-Sep,03-Sep,04-Sep,05-Sep,06-Sep,07-Sep,08-Sep,0,4,3
Chhatrapati Sambhajinagar,Nanded,Nanded,Himayatnagar,Himayatnagar,20013969,Hadgaon and Himayatnagar 132 Village Grid WSS,Sirpalli,980,1,10145.16,6103.33,4863.28,0.00,0.00,0.00,0.00,1035220.27,622789.18,496252.93,0.00,0.00,0.00,0.00,02-Sep,03-Sep,04-Sep,05-Sep,06-Sep,07-Sep,08-Sep,02-Sep,03-Sep,04-Sep,05-Sep,06-Sep,07-Sep,08-Sep,4,4,3
Chhatrapati Sambhajinagar,Nanded,Nanded,Himayatnagar,Himayatnagar,20013969,Hadgaon and Himayatnagar 132 Village Grid WSS,Tembhi,1927,1,0.00,0.00,0.00,0.00,0.00,0.00,0.00,0.00,0.00,0.00,0.00,0.00,0.00,0.00,02-Sep,03-Sep,04-Sep,05-Sep,06-Sep,07-Sep,08-Sep,02-Sep,03-Sep,04-Sep,05-Sep,06-Sep,07-Sep,08-Sep,7,7,0
Chhatrapati Sambhajinagar,Nanded,Nanded,Himayatnagar,Himayatnagar,20013969,Hadgaon and Himayatnagar 132 Village Grid WSS,Virsani,2817,1,0.00,0.00,0.89,0.00,0.86,0.90,0.70,0.00,0.00,31.59,0.00,30.53,31.95,24.85,02-Sep,03-Sep,04-Sep,05-Sep,06-Sep,07-Sep,08-Sep,02-Sep,03-Sep,04-Sep,05-Sep,06-Sep,07-Sep,08-Sep,3,7,0
Chhatrapati Sambhajinagar,Nanded,Nanded,Himayatnagar,Himayatnagar,20013969,Hadgaon and Himayatnagar 132 Village Grid WSS,Waghi,1428,1,5.49,0.00,0.00,5.25,7.35,0.00,7.00,384.45,0.00,0.00,367.65,514.71,0.00,490.20,02-Sep,03-Sep,04-Sep,05-Sep,06-Sep,07-Sep,08-Sep,02-Sep,03-Sep,04-Sep,05-Sep,06-Sep,07-Sep,08-Sep,3,3,4
Chhatrapati Sambhajinagar,Nanded,Nanded,Himayatnagar,Himayatnagar,20013969,Hadgaon and Himayatnagar 132 Village Grid WSS,Walkyachiwadi,4427,1,0.00,0.00,0.00,0.00,0.00,0.00,0.00,0.00,0.00,0.00,0.00,0.00,0.00,0.00,02-Sep,03-Sep,04-Sep,05-Sep,06-Sep,07-Sep,08-Sep,02-Sep,03-Sep,04-Sep,05-Sep,06-Sep,07-Sep,08-Sep,7,7,0
Chhatrapati Sambhajinagar,Nanded,Nanded,Himayatnagar,Himayatnagar,20013969,Hadgaon and Himayatnagar 132 Village Grid WSS,Yewli,3092,1,0.35,0.35,0.33,0.33,0.32,0.29,0.28,11.32,11.32,10.67,10.67,10.35,9.38,9.06,02-Sep,03-Sep,04-Sep,05-Sep,06-Sep,07-Sep,08-Sep,02-Sep,03-Sep,04-Sep,05-Sep,06-Sep,07-Sep,08-Sep,0,7,0
Chhatrapati Sambhajinagar,Nanded,Nanded,Kandhar,Kandhar,7338000,Osmamnagar Shirdhon Combined WSS,Bhutaychiwadi,905,1,0.76,0.00,0.00,0.00,0.00,0.00,0.00,83.98,0.00,0.00,0.00,0.00,0.00,0.00,02-Sep,03-Sep,04-Sep,05-Sep,06-Sep,07-Sep,08-Sep,02-Sep,03-Sep,04-Sep,05-Sep,06-Sep,07-Sep,08-Sep,6,6,1
Chhatrapati Sambhajinagar,Nanded,Nanded,Kandhar,Kandhar,7338000,Osmamnagar Shirdhon Combined WSS,Osmamnagar,,2,0.00,0.00,0.00,0.00,0.00,0.00,0.00,0.00,0.00,0.00,0.00,0.00,0.00,0.00,02-Sep,03-Sep,04-Sep,05-Sep,06-Sep,07-Sep,08-Sep,02-Sep,03-Sep,04-Sep,05-Sep,06-Sep,07-Sep,08-Sep,7,7,0
Chhatrapati Sambhajinagar,Nanded,Nanded,Kandhar,Kandhar,7338000,Osmamnagar Shirdhon Combined WSS,Shiradhon,7804,3,4.99,50.48,99.53,96.35,89.11,73.92,69.56,63.94,646.88,1275.32,1234.56,1141.79,947.20,891.33,02-Sep,03-Sep,04-Sep,05-Sep,06-Sep,07-Sep,08-Sep,02-Sep,03-Sep,04-Sep,05-Sep,06-Sep,07-Sep,08-Sep,0,0,7
Chhatrapati Sambhajinagar,Nanded,Nanded,Kandhar,Kandhar,7338000,Osmamnagar Shirdhon Combined WSS,Shirdhon Tanda,,1,1.38,0.00,0.00,0.00,0.00,0.00,0.00,0.00,0.00,0.00,0.00,0.00,0.00,0.00,02-Sep,03-Sep,04-Sep,05-Sep,06-Sep,07-Sep,08-Sep,02-Sep,03-Sep,04-Sep,05-Sep,06-Sep,07-Sep,08-Sep,7,7,0
Chhatrapati Sambhajinagar,Nanded,Nanded,Naigaon,Naigaon,7942142,Manjram WSS (7942142),Manjram,4704,1,0.00,0.00,0.00,0.00,0.00,0.00,0.00,0.00,0.00,0.00,0.00,0.00,0.00,0.00,02-Sep,03-Sep,04-Sep,05-Sep,06-Sep,07-Sep,08-Sep,02-Sep,03-Sep,04-Sep,05-Sep,06-Sep,07-Sep,08-Sep,7,7,0
Chhatrapati Sambhajinagar,Nanded,Nanded,Naigaon,Naigaon,7942142,Manjram WSS (7942142),Wadi,25016,1,0.00,0.00,0.00,0.00,0.00,2.43,0.00,0.00,0.00,0.00,0.00,0.00,9.71,0.00,02-Sep,03-Sep,04-Sep,05-Sep,06-Sep,07-Sep,08-Sep,02-Sep,03-Sep,04-Sep,05-Sep,06-Sep,07-Sep,08-Sep,6,7,0
Chhatrapati Sambhajinagar,Nanded,Parbhani,Senaon,Senaon,20023330,Kawtha Bk & 9 Vill RR WSS,Shinagikhamba,1296,1,4.37,0.00,9.23,7.93,4.69,4.28,0.04,337.19,0.00,712.19,611.88,361.88,330.25,3.09,02-Sep,03-Sep,04-Sep,05-Sep,06-Sep,07-Sep,08-Sep,02-Sep,03-Sep,04-Sep,05-Sep,06-Sep,07-Sep,08-Sep,1,2,5
Pune,Pune,Pune 1,Baramati,Ambegaon,20017250,LONI BHAPKAR RRWSS,Bhilarwadi,1249,1,0.00,0.00,0.00,0.00,0.00,0.00,0.00,0.00,0.00,0.00,0.00,0.00,0.00,0.00,02-Sep,03-Sep,04-Sep,05-Sep,06-Sep,07-Sep,08-Sep,02-Sep,03-Sep,04-Sep,05-Sep,06-Sep,07-Sep,08-Sep,7,7,0
Pune,Pune,Pune 1,Baramati,Ambegaon,20017250,LONI BHAPKAR RRWSS,Jagtapwasti ESR,1446,1,0.00,0.00,54.71,0.00,56.06,0.00,0.00,0.00,0.00,3783.56,0.00,3876.77,0.00,0.00,02-Sep,03-Sep,04-Sep,05-Sep,06-Sep,07-Sep,08-Sep,02-Sep,03-Sep,04-Sep,05-Sep,06-Sep,07-Sep,08-Sep,5,5,2
Pune,Pune,Pune 1,Baramati,Ambegaon,20017250,LONI BHAPKAR RRWSS,Jalakewadi Mudhale,475,2,0.00,0.00,0.00,0.00,0.00,0.00,0.00,0.00,0.00,0.00,0.00,0.00,0.00,0.00,02-Sep,03-Sep,04-Sep,05-Sep,06-Sep,07-Sep,08-Sep,02-Sep,03-Sep,04-Sep,05-Sep,06-Sep,07-Sep,08-Sep,7,7,0
Pune,Pune,Pune 1,Baramati,Ambegaon,20017250,LONI BHAPKAR RRWSS,LoniBhapkar,5659,3,3552.94,0.00,4659.53,0.00,4715.11,0.00,0.00,62783.87,0.00,82338.31,0.00,83320.48,0.00,0.00,02-Sep,03-Sep,04-Sep,05-Sep,06-Sep,07-Sep,08-Sep,02-Sep,03-Sep,04-Sep,05-Sep,06-Sep,07-Sep,08-Sep,4,4,3
Pune,Pune,Pune 1,Baramati,Ambegaon,20017250,LONI BHAPKAR RRWSS,Masalwadi,1446,2,0.32,0.19,0.09,0.00,10.31,32.30,0.00,22.26,13.44,6.48,0.00,713.19,2233.92,0.00,02-Sep,03-Sep,04-Sep,05-Sep,06-Sep,07-Sep,08-Sep,02-Sep,03-Sep,04-Sep,05-Sep,06-Sep,07-Sep,08-Sep,2,5,2
Pune,Pune,Pune 1,Baramati,Ambegaon,20017250,LONI BHAPKAR RRWSS,Palsi,2612,2,0.66,0.77,0.89,0.27,0.73,0.63,1.39,25.14,29.42,34.05,10.23,27.81,24.26,53.24,02-Sep,03-Sep,04-Sep,05-Sep,06-Sep,07-Sep,08-Sep,02-Sep,03-Sep,04-Sep,05-Sep,06-Sep,07-Sep,08-Sep,0,7,0
Pune,Pune,Pune 1,Baramati,Ambegaon,20017250,LONI BHAPKAR RRWSS,Sayambachiwadi,1969,1,0.00,0.00,0.00,0.00,0.00,0.00,0.00,0.00,0.00,0.00,0.00,0.00,0.00,0.00,02-Sep,03-Sep,04-Sep,05-Sep,06-Sep,07-Sep,08-Sep,02-Sep,03-Sep,04-Sep,05-Sep,06-Sep,07-Sep,08-Sep,7,7,0
Pune,Pune,Pune 1,Baramati,Ambegaon,20017250,LONI BHAPKAR RRWSS,Tukainagar,3819,1,0.00,0.00,0.00,0.00,0.00,0.00,0.00,0.00,0.00,0.00,0.00,0.00,0.00,0.00,02-Sep,03-Sep,04-Sep,05-Sep,06-Sep,07-Sep,08-Sep,02-Sep,03-Sep,04-Sep,05-Sep,06-Sep,07-Sep,08-Sep,7,7,0
Pune,Pune,Pune 1,Baramati,Ambegaon,7942125,MURTI & 7 VILLAGES RRWSS,Bhapkar mala,1761,1,0.00,0.00,0.00,1.30,0.77,0.00,0.00,0.00,0.00,0.00,73.85,43.88,0.00,0.00,02-Sep,03-Sep,04-Sep,05-Sep,06-Sep,07-Sep,08-Sep,02-Sep,03-Sep,04-Sep,05-Sep,06-Sep,07-Sep,08-Sep,5,6,1
Pune,Pune,Pune 1,Baramati,Ambegaon,7942125,MURTI & 7 VILLAGES RRWSS,Chaudharwad,911,1,0.21,0.25,0.35,131.82,0.34,64.17,125.67,23.01,27.53,38.13,14470.10,37.31,7044.02,13795.05,02-Sep,03-Sep,04-Sep,05-Sep,06-Sep,07-Sep,08-Sep,02-Sep,03-Sep,04-Sep,05-Sep,06-Sep,07-Sep,08-Sep,0,4,3
Pune,Pune,Pune 1,Baramati,Ambegaon,7942125,MURTI & 7 VILLAGES RRWSS,Magarwadi,1761,1,0.00,0.00,0.00,0.00,0.00,0.00,0.00,0.00,0.00,0.00,0.00,0.00,0.00,0.00,02-Sep,03-Sep,04-Sep,05-Sep,06-Sep,07-Sep,08-Sep,02-Sep,03-Sep,04-Sep,05-Sep,06-Sep,07-Sep,08-Sep,7,7,0
Pune,Pune,Pune 1,Baramati,Ambegaon,7942125,MURTI & 7 VILLAGES RRWSS,Modhave,2362,1,0.87,0.00,0.00,0.00,0.00,0.00,0.00,36.89,0.00,0.00,0.00,0.00,0.00,0.00,02-Sep,03-Sep,04-Sep,05-Sep,06-Sep,07-Sep,08-Sep,02-Sep,03-Sep,04-Sep,05-Sep,06-Sep,07-Sep,08-Sep,6,7,0
Pune,Pune,Pune 1,Baramati,Ambegaon,7942125,MURTI & 7 VILLAGES RRWSS,Moralwadi,1462,2,0.53,0.00,0.25,0.32,0.29,0.61,0.22,36.08,0.00,17.13,21.89,19.94,41.87,15.30,02-Sep,03-Sep,04-Sep,05-Sep,06-Sep,07-Sep,08-Sep,02-Sep,03-Sep,04-Sep,05-Sep,06-Sep,07-Sep,08-Sep,1,7,0
Pune,Pune,Pune 1,Baramati,Ambegaon,7942125,MURTI & 7 VILLAGES RRWSS,Murti gaonthan,1065,2,0.00,0.00,0.00,0.00,0.00,0.00,0.00,0.00,0.00,0.00,0.00,0.00,0.00,0.00,02-Sep,03-Sep,04-Sep,05-Sep,06-Sep,07-Sep,08-Sep,02-Sep,03-Sep,04-Sep,05-Sep,06-Sep,07-Sep,08-Sep,7,7,0
Pune,Pune,Pune 1,Baramati,Ambegaon,7942125,MURTI & 7 VILLAGES RRWSS,Waki,3355,1,61.47,0.00,0.00,0.00,0.00,0.00,0.00,1832.28,0.00,0.00,0.00,0.00,0.00,0.00,02-Sep,03-Sep,04-Sep,05-Sep,06-Sep,07-Sep,08-Sep,02-Sep,03-Sep,04-Sep,05-Sep,06-Sep,07-Sep,08-Sep,6,6,1
Pune,Pune,Pune 1,Pune 1,Daund,7942135,"Gar, Sonwadi, Nanviz RR",Betwadi,1500,1,0.00,0.00,0.00,0.00,0.00,0.00,0.00,0.00,0.00,0.00,0.00,0.00,0.00,0.00,02-Sep,03-Sep,04-Sep,05-Sep,06-Sep,07-Sep,08-Sep,02-Sep,03-Sep,04-Sep,05-Sep,06-Sep,07-Sep,08-Sep,7,7,0
Pune,Pune,Pune 1,Pune 1,Daund,7942135,"Gar, Sonwadi, Nanviz RR",Gholapnaagar,1591,1,0.00,0.00,0.00,0.00,0.00,0.00,0.00,0.00,0.00,0.00,0.00,0.00,0.00,0.00,02-Sep,03-Sep,04-Sep,05-Sep,06-Sep,07-Sep,08-Sep,02-Sep,03-Sep,04-Sep,05-Sep,06-Sep,07-Sep,08-Sep,7,7,0
Pune,Pune,Pune 1,Pune 1,Daund,7942135,"Gar, Sonwadi, Nanviz RR",Holimala,734,2,0.00,0.00,0.00,0.00,0.00,0.00,0.00,0.00,0.00,0.00,0.00,0.00,0.00,0.00,02-Sep,03-Sep,04-Sep,05-Sep,06-Sep,07-Sep,08-Sep,02-Sep,03-Sep,04-Sep,05-Sep,06-Sep,07-Sep,08-Sep,7,7,0
Pune,Pune,Pune 1,Pune 1,Daund,7942135,"Gar, Sonwadi, Nanviz RR",Nanviz,300,2,0.00,0.00,0.00,0.00,0.00,0.00,0.00,0.00,0.00,0.00,0.00,0.00,0.00,0.00,02-Sep,03-Sep,04-Sep,05-Sep,06-Sep,07-Sep,08-Sep,02-Sep,03-Sep,04-Sep,05-Sep,06-Sep,07-Sep,08-Sep,7,7,0
Pune,Pune,Pune 1,Pune 1,Daund,7942135,"Gar, Sonwadi, Nanviz RR",Sonwadi,4636,1,0.00,0.00,0.00,0.00,0.00,0.00,0.00,0.00,0.00,0.00,0.00,0.00,0.00,0.00,02-Sep,03-Sep,04-Sep,05-Sep,06-Sep,07-Sep,08-Sep,02-Sep,03-Sep,04-Sep,05-Sep,06-Sep,07-Sep,08-Sep,7,7,0
Pune,Pune,Pune 2,Baramati,Ambegaon,20018548,HOL SASTEWADI,Hol,2509,1,0.00,0.21,0.00,0.20,0.00,20.39,0.21,0.00,8.19,0.00,7.98,0.00,812.76,8.22,02-Sep,03-Sep,04-Sep,05-Sep,06-Sep,07-Sep,08-Sep,02-Sep,03-Sep,04-Sep,05-Sep,06-Sep,07-Sep,08-Sep,3,6,1
Pune,Pune,Pune 2,Baramati,Ambegaon,20018548,HOL SASTEWADI,Sastewadi,3462,6,0.00,0.00,0.00,0.00,0.00,0.00,0.00,0.00,0.00,0.00,0.00,0.00,0.00,0.00,02-Sep,03-Sep,04-Sep,05-Sep,06-Sep,07-Sep,08-Sep,02-Sep,03-Sep,04-Sep,05-Sep,06-Sep,07-Sep,08-Sep,7,7,0
Pune,Pune,Pune 2,Maval,Daund,20013367,Done Adhale RR,ADHALE BK,1695,1,0.00,0.00,0.00,0.00,0.00,0.00,0.00,0.00,0.00,0.00,0.00,0.00,0.00,0.00,02-Sep,03-Sep,04-Sep,05-Sep,06-Sep,07-Sep,08-Sep,02-Sep,03-Sep,04-Sep,05-Sep,06-Sep,07-Sep,08-Sep,7,7,0
Pune,Pune,Pune 2,Maval,Daund,20013367,Done Adhale RR,DIVAD,1795,1,0.00,0.00,0.00,0.00,0.00,0.00,0.00,0.00,0.00,0.00,0.00,0.00,0.00,0.00,02-Sep,03-Sep,04-Sep,05-Sep,06-Sep,07-Sep,08-Sep,02-Sep,03-Sep,04-Sep,05-Sep,06-Sep,07-Sep,08-Sep,7,7,0
Pune,Pune,Pune 2,Maval,Daund,20013367,Done Adhale RR,DONE,1044,1,0.00,0.00,0.00,0.00,0.00,0.00,0.00,0.00,0.00,0.00,0.00,0.00,0.00,0.00,02-Sep,03-Sep,04-Sep,05-Sep,06-Sep,07-Sep,08-Sep,02-Sep,03-Sep,04-Sep,05-Sep,06-Sep,07-Sep,08-Sep,7,7,0
Pune,Pune,Pune 2,Maval,Daund,20013367,Done Adhale RR,OVALE,1177,1,0.00,0.00,0.00,0.00,0.00,0.00,0.00,0.00,0.00,0.00,0.00,0.00,0.00,0.00,02-Sep,03-Sep,04-Sep,05-Sep,06-Sep,07-Sep,08-Sep,02-Sep,03-Sep,04-Sep,05-Sep,06-Sep,07-Sep,08-Sep,7,7,0
Pune,Pune,Pune 2,Pune 2,Velhe,20027541,Wangani RRWSS,Kolwadi,1226,1,0.00,0.00,0.00,0.00,0.00,0.00,0.00,0.00,0.00,0.00,0.00,0.00,0.00,0.00,02-Sep,03-Sep,04-Sep,05-Sep,06-Sep,07-Sep,08-Sep,02-Sep,03-Sep,04-Sep,05-Sep,06-Sep,07-Sep,08-Sep,7,7,0
Pune,Pune,Pune 2,Pune 2,Velhe,20027541,Wangani RRWSS,Mengajai Wadi,123,1,0.00,0.00,0.00,0.00,0.00,0.00,0.00,0.00,0.00,0.00,0.00,0.00,0.00,0.00,02-Sep,03-Sep,04-Sep,05-Sep,06-Sep,07-Sep,08-Sep,02-Sep,03-Sep,04-Sep,05-Sep,06-Sep,07-Sep,08-Sep,7,7,0
Pune,Pune,Pune 2,Pune 2,Velhe,20027541,Wangani RRWSS,Wangani,1150,1,0.00,0.00,0.00,0.00,0.00,0.00,0.00,0.00,0.00,0.00,0.00,0.00,0.00,0.00,02-Sep,03-Sep,04-Sep,05-Sep,06-Sep,07-Sep,08-Sep,02-Sep,03-Sep,04-Sep,05-Sep,06-Sep,07-Sep,08-Sep,7,7,0
Pune,Pune,Pune 2,Pune 2,Velhe,20027541,Wangani RRWSS,Wanganichiwadi,1108,1,0.00,0.00,0.00,0.00,0.00,0.00,0.00,0.00,0.00,0.00,0.00,0.00,0.00,0.00,02-Sep,03-Sep,04-Sep,05-Sep,06-Sep,07-Sep,08-Sep,02-Sep,03-Sep,04-Sep,05-Sep,06-Sep,07-Sep,08-Sep,7,7,0
Pune,Pune,Pune 2,Pune,Daund,20027689,Patan & 8 Villages RWSS,Aundholi,594,1,0.00,0.00,0.00,0.00,0.00,0.00,0.00,0.00,0.00,0.00,0.00,0.00,0.00,0.00,02-Sep,03-Sep,04-Sep,05-Sep,06-Sep,07-Sep,08-Sep,02-Sep,03-Sep,04-Sep,05-Sep,06-Sep,07-Sep,08-Sep,7,7,0
Pune,Pune,Pune 2,Pune,Daund,20027689,Patan & 8 Villages RWSS,Bhaje,3140,5,0.00,0.00,0.00,0.00,0.00,0.00,0.00,0.00,0.00,0.00,0.00,0.00,0.00,0.00,02-Sep,03-Sep,04-Sep,05-Sep,06-Sep,07-Sep,08-Sep,02-Sep,03-Sep,04-Sep,05-Sep,06-Sep,07-Sep,08-Sep,7,7,0
Pune,Pune,Pune 2,Pune,Daund,20027689,Patan & 8 Villages RWSS,Boraj,565,1,0.01,0.00,0.00,0.00,0.00,0.00,0.00,1.70,0.02,0.00,0.18,0.05,0.00,0.14,02-Sep,03-Sep,04-Sep,05-Sep,06-Sep,07-Sep,08-Sep,02-Sep,03-Sep,04-Sep,05-Sep,06-Sep,07-Sep,08-Sep,2,7,0
Pune,Pune,Pune 2,Pune,Daund,20027689,Patan & 8 Villages RWSS,DEVLE,2052,2,0.00,0.00,0.00,0.00,0.00,0.00,0.00,0.00,0.00,0.00,0.00,0.00,0.00,0.00,02-Sep,03-Sep,04-Sep,05-Sep,06-Sep,07-Sep,08-Sep,02-Sep,03-Sep,04-Sep,05-Sep,06-Sep,07-Sep,08-Sep,7,7,0
Pune,Pune,Pune 2,Pune,Daund,20027689,Patan & 8 Villages RWSS,Dudhivare,375,2,0.01,0.00,0.00,0.00,0.00,0.00,0.00,2.67,0.00,0.47,0.00,0.00,0.69,0.00,02-Sep,03-Sep,04-Sep,05-Sep,06-Sep,07-Sep,08-Sep,02-Sep,03-Sep,04-Sep,05-Sep,06-Sep,07-Sep,08-Sep,4,7,0
Pune,Pune,Pune 2,Pune,Daund,20027689,Patan & 8 Villages RWSS,PATAN,1762,3,0.00,0.00,0.00,0.00,0.00,0.00,0.00,0.00,0.00,0.00,0.00,0.00,0.00,0.00,02-Sep,03-Sep,04-Sep,05-Sep,06-Sep,07-Sep,08-Sep,02-Sep,03-Sep,04-Sep,05-Sep,06-Sep,07-Sep,08-Sep,7,7,0
Pune,Pune,Pune 2,Pune,Daund,20027689,Patan & 8 Villages RWSS,Shindgaon,343,1,0.00,0.00,0.00,0.00,0.00,0.00,0.02,0.00,0.00,0.00,0.00,0.00,0.12,7.25,02-Sep,03-Sep,04-Sep,05-Sep,06-Sep,07-Sep,08-Sep,02-Sep,03-Sep,04-Sep,05-Sep,06-Sep,07-Sep,08-Sep,5,7,0
Pune,Pune,Pune 2,Pune,Daund,7948923,Karla & 7 villages RR,KARLA,3658,3,0.00,0.00,0.11,0.00,0.00,0.00,0.04,0.00,0.00,5.36,0.00,0.00,0.00,1.82,02-Sep,03-Sep,04-Sep,05-Sep,06-Sep,07-Sep,08-Sep,02-Sep,03-Sep,04-Sep,05-Sep,06-Sep,07-Sep,08-Sep,5,7,0
Pune,Pune,Pune 2,Pune,Daund,7948923,Karla & 7 villages RR,SHILTHANE,1741,1,0.00,0.00,0.00,0.00,0.00,0.00,0.00,0.00,0.00,0.00,0.00,0.00,0.00,0.00,02-Sep,03-Sep,04-Sep,05-Sep,06-Sep,07-Sep,08-Sep,02-Sep,03-Sep,04-Sep,05-Sep,06-Sep,07-Sep,08-Sep,7,7,0
Pune,Pune,Pune 2,Pune,Velhe,20013219,Wajeghar RR,Dadawadi,188,1,0.00,0.00,0.00,0.00,0.00,0.00,0.00,0.00,0.00,0.00,0.00,0.00,0.00,0.00,02-Sep,03-Sep,04-Sep,05-Sep,06-Sep,07-Sep,08-Sep,02-Sep,03-Sep,04-Sep,05-Sep,06-Sep,07-Sep,08-Sep,7,7,0
Pune,Pune,Pune 2,Pune,Velhe,20013219,Wajeghar RR,Khatpewadi,662,1,0.00,0.00,0.00,0.00,0.00,0.00,0.00,0.00,0.00,0.00,0.00,0.00,0.00,0.00,02-Sep,03-Sep,04-Sep,05-Sep,06-Sep,07-Sep,08-Sep,02-Sep,03-Sep,04-Sep,05-Sep,06-Sep,07-Sep,08-Sep,7,7,0
Pune,Pune,Pune 2,Pune,Velhe,20013219,Wajeghar RR,Lavhi,276,1,0.00,0.00,0.00,0.00,0.00,0.00,0.00,0.00,0.00,0.00,0.00,0.00,0.00,0.00,02-Sep,03-Sep,04-Sep,05-Sep,06-Sep,07-Sep,08-Sep,02-Sep,03-Sep,04-Sep,05-Sep,06-Sep,07-Sep,08-Sep,7,7,0
Pune,Pune,Pune 2,Pune,Velhe,20013219,Wajeghar RR,Merawane,666,1,0.00,0.00,0.00,0.00,0.00,0.00,0.00,0.00,0.00,0.00,0.00,0.00,0.00,0.00,02-Sep,03-Sep,04-Sep,05-Sep,06-Sep,07-Sep,08-Sep,02-Sep,03-Sep,04-Sep,05-Sep,06-Sep,07-Sep,08-Sep,7,7,0
Pune,Pune,Pune 2,Pune,Velhe,20013219,Wajeghar RR,PAL BK,729,1,0.00,0.00,0.00,0.00,0.00,0.00,0.00,0.00,0.00,0.00,0.00,0.00,0.00,0.00,02-Sep,03-Sep,04-Sep,05-Sep,06-Sep,07-Sep,08-Sep,02-Sep,03-Sep,04-Sep,05-Sep,06-Sep,07-Sep,08-Sep,7,7,0
Pune,Pune,Pune 2,Pune,Velhe,20013219,Wajeghar RR,PAL KH,437,1,0.00,0.00,0.00,0.00,0.00,0.00,0.00,0.00,0.00,0.00,0.00,0.00,0.00,0.00,02-Sep,03-Sep,04-Sep,05-Sep,06-Sep,07-Sep,08-Sep,02-Sep,03-Sep,04-Sep,05-Sep,06-Sep,07-Sep,08-Sep,7,7,0
Pune,Pune,Pune 2,Pune,Velhe,20013219,Wajeghar RR,Phansi,200,1,0.00,0.00,0.00,0.00,0.00,0.00,0.00,0.00,0.00,0.00,0.00,0.00,0.00,0.00,02-Sep,03-Sep,04-Sep,05-Sep,06-Sep,07-Sep,08-Sep,02-Sep,03-Sep,04-Sep,05-Sep,06-Sep,07-Sep,08-Sep,7,7,0
Pune,Pune,Pune 2,Pune,Velhe,20013219,Wajeghar RR,Pimpri,255,1,0.00,0.00,0.00,0.00,0.00,0.00,0.00,0.00,0.00,0.00,0.00,0.00,0.00,0.00,02-Sep,03-Sep,04-Sep,05-Sep,06-Sep,07-Sep,08-Sep,02-Sep,03-Sep,04-Sep,05-Sep,06-Sep,07-Sep,08-Sep,7,7,0
Pune,Pune,Pune 2,Pune,Velhe,20013219,Wajeghar RR,Wajeghar KH,147,2,0.00,0.00,0.00,0.00,0.00,0.00,0.00,0.00,0.00,0.00,0.00,0.00,0.00,0.00,02-Sep,03-Sep,04-Sep,05-Sep,06-Sep,07-Sep,08-Sep,02-Sep,03-Sep,04-Sep,05-Sep,06-Sep,07-Sep,08-Sep,7,7,0
Pune,Pune,Pune,Pune,Ambegaon,20017194,Gadadarewadi & Khandobachiwadi,GADADARWADI,2253,3,0.01,0.01,0.10,0.10,0.04,0.07,0.05,0.65,0.36,4.39,4.47,1.86,3.10,2.03,02-Sep,03-Sep,04-Sep,05-Sep,06-Sep,07-Sep,08-Sep,02-Sep,03-Sep,04-Sep,05-Sep,06-Sep,07-Sep,08-Sep,0,7,0
Pune,Pune,Pune,Pune,Ambegaon,20017194,Gadadarewadi & Khandobachiwadi,Masobawadi,347,1,0.00,0.00,0.00,0.00,0.00,0.00,0.00,0.00,0.00,0.00,0.00,0.00,0.00,0.00,02-Sep,03-Sep,04-Sep,05-Sep,06-Sep,07-Sep,08-Sep,02-Sep,03-Sep,04-Sep,05-Sep,06-Sep,07-Sep,08-Sep,7,7,0
Pune,Pune,Pune,Pune,Ambegaon,20017262,Supe,AMBE KHURD,1149,1,1.50,0.00,1.54,0.00,0.00,1.45,0.36,130.14,0.00,133.74,0.00,0.00,126.21,31.61,02-Sep,03-Sep,04-Sep,05-Sep,06-Sep,07-Sep,08-Sep,02-Sep,03-Sep,04-Sep,05-Sep,06-Sep,07-Sep,08-Sep,3,4,3
Pune,Pune,Pune,Pune,Ambegaon,20017262,Supe,BABURDI,1667,1,0.05,0.05,0.00,0.04,0.00,0.00,0.04,2.74,2.81,0.00,2.69,0.00,0.00,2.34,02-Sep,03-Sep,04-Sep,05-Sep,06-Sep,07-Sep,08-Sep,02-Sep,03-Sep,04-Sep,05-Sep,06-Sep,07-Sep,08-Sep,3,7,0
Pune,Pune,Pune,Pune,Ambegaon,20017262,Supe,BORKARWADI,2105,1,2390.34,3048.51,0.35,2263.87,2163.29,1975.16,216.23,113555.35,144822.46,16.56,107547.38,102769.20,93831.81,10272.38,02-Sep,03-Sep,04-Sep,05-Sep,06-Sep,07-Sep,08-Sep,02-Sep,03-Sep,04-Sep,05-Sep,06-Sep,07-Sep,08-Sep,0,1,6
Pune,Pune,Pune,Pune,Ambegaon,20017262,Supe,CHANDUGADEWADI,767,1,0.00,0.00,0.00,0.51,0.00,0.54,0.00,0.00,0.00,0.00,66.68,0.00,70.77,0.00,02-Sep,03-Sep,04-Sep,05-Sep,06-Sep,07-Sep,08-Sep,02-Sep,03-Sep,04-Sep,05-Sep,06-Sep,07-Sep,08-Sep,5,5,2
Pune,Pune,Pune,Pune,Ambegaon,20017262,Supe,DANDWADI,2124,1,0.86,1.30,0.54,0.92,0.78,1.05,0.78,40.33,61.14,25.27,43.10,36.86,49.44,36.92,02-Sep,03-Sep,04-Sep,05-Sep,06-Sep,07-Sep,08-Sep,02-Sep,03-Sep,04-Sep,05-Sep,06-Sep,07-Sep,08-Sep,0,6,1
Pune,Pune,Pune,Pune,Ambegaon,20017262,Supe,KALKHAIREWADI,1812,2,0.00,0.07,0.07,0.00,0.00,0.00,0.08,0.23,4.14,3.66,0.19,0.13,0.16,4.57,02-Sep,03-Sep,04-Sep,05-Sep,06-Sep,07-Sep,08-Sep,02-Sep,03-Sep,04-Sep,05-Sep,06-Sep,07-Sep,08-Sep,0,7,0
Pune,Pune,Pune,Pune,Ambegaon,20017262,Supe,KUTAWALWADI,2290,1,0.00,0.49,0.00,0.38,0.00,0.37,0.00,0.00,21.54,0.00,16.62,0.00,16.31,0.00,02-Sep,03-Sep,04-Sep,05-Sep,06-Sep,07-Sep,08-Sep,02-Sep,03-Sep,04-Sep,05-Sep,06-Sep,07-Sep,08-Sep,4,7,0
Pune,Pune,Pune,Pune,Ambegaon,20017262,Supe,MANGOBACHIWADI,257,1,0.28,0.18,0.23,0.23,0.28,0.17,0.28,107.26,69.83,91.15,89.31,110.38,64.95,110.35,02-Sep,03-Sep,04-Sep,05-Sep,06-Sep,07-Sep,08-Sep,02-Sep,03-Sep,04-Sep,05-Sep,06-Sep,07-Sep,08-Sep,0,0,7
Pune,Pune,Pune,Pune,Ambegaon,20017262,Supe,NAROLI,1486,1,0.02,0.02,0.01,0.01,0.02,0.01,0.00,1.01,1.28,0.70,0.74,1.08,0.51,0.01,02-Sep,03-Sep,04-Sep,05-Sep,06-Sep,07-Sep,08-Sep,02-Sep,03-Sep,04-Sep,05-Sep,06-Sep,07-Sep,08-Sep,0,7,0
Pune,Pune,Pune,Pune,Ambegaon,20017262,Supe,SHERECHIWADI,1089,1,0.00,0.31,0.00,0.00,0.00,0.00,0.00,0.00,28.44,0.00,0.00,0.00,0.00,0.00,02-Sep,03-Sep,04-Sep,05-Sep,06-Sep,07-Sep,08-Sep,02-Sep,03-Sep,04-Sep,05-Sep,06-Sep,07-Sep,08-Sep,6,7,0
Pune,Pune,Pune,Pune,Ambegaon,20017262,Supe,SUPE,5512,2,29224.45,12898.41,18700.66,15822.12,19852.51,11933.64,22471.58,530196.83,234005.95,339271.73,287048.71,360168.98,216502.89,407684.66,02-Sep,03-Sep,04-Sep,05-Sep,06-Sep,07-Sep,08-Sep,02-Sep,03-Sep,04-Sep,05-Sep,06-Sep,07-Sep,08-Sep,0,0,7
Pune,Pune,Pune,Pune,Ambegaon,20017262,Supe,TAMBEWASTI,667,1,0.71,1.21,0.20,0.46,0.52,0.56,0.85,106.22,181.01,30.27,68.79,77.84,84.52,126.94,02-Sep,03-Sep,04-Sep,05-Sep,06-Sep,07-Sep,08-Sep,02-Sep,03-Sep,04-Sep,05-Sep,06-Sep,07-Sep,08-Sep,0,1,6
Pune,Pune,Pune,Pune,Ambegaon,20017262,Supe,VADHANE,1981,1,4.48,0.47,0.95,3.51,0.92,3.71,1.52,226.34,23.67,48.08,177.41,46.46,187.31,76.73,02-Sep,03-Sep,04-Sep,05-Sep,06-Sep,07-Sep,08-Sep,02-Sep,03-Sep,04-Sep,05-Sep,06-Sep,07-Sep,08-Sep,0,3,4
Pune,Pune,Pune,Pune,Ambegaon,20027855,Thopatewadi Late,Bajarangwadi,1748,3,0.00,0.00,0.00,0.00,0.00,0.00,0.00,0.00,0.00,0.00,0.00,0.00,0.00,0.00,02-Sep,03-Sep,04-Sep,05-Sep,06-Sep,07-Sep,08-Sep,02-Sep,03-Sep,04-Sep,05-Sep,06-Sep,07-Sep,08-Sep,7,7,0
Pune,Pune,Pune,Pune,Ambegaon,20027855,Thopatewadi Late,Kurnewadi,1484,1,0.08,0.13,0.07,0.05,0.07,0.07,0.10,5.69,8.96,4.52,3.32,4.72,4.66,6.95,02-Sep,03-Sep,04-Sep,05-Sep,06-Sep,07-Sep,08-Sep,02-Sep,03-Sep,04-Sep,05-Sep,06-Sep,07-Sep,08-Sep,0,7,0
Pune,Pune,Pune,Pune,Ambegaon,20027855,Thopatewadi Late,Late,1222,1,0.71,0.99,0.97,1.27,1.13,1.05,1.58,58.09,80.81,79.24,104.15,92.30,86.16,129.22,02-Sep,03-Sep,04-Sep,05-Sep,06-Sep,07-Sep,08-Sep,02-Sep,03-Sep,04-Sep,05-Sep,06-Sep,07-Sep,08-Sep,0,0,7
Pune,Pune,Pune,Pune,Ambegaon,20027855,Thopatewadi Late,Malwadi,1230,2,0.04,0.00,0.00,0.01,0.05,0.02,0.04,3.59,0.07,0.01,0.74,3.94,1.28,3.02,02-Sep,03-Sep,04-Sep,05-Sep,06-Sep,07-Sep,08-Sep,02-Sep,03-Sep,04-Sep,05-Sep,06-Sep,07-Sep,08-Sep,0,7,0
Pune,Pune,Pune,Pune,Ambegaon,20027855,Thopatewadi Late,Thopatewadi,2118,3,0.13,0.12,0.00,0.08,0.00,0.11,0.13,5.95,5.71,0.00,3.84,0.00,5.32,6.11,02-Sep,03-Sep,04-Sep,05-Sep,06-Sep,07-Sep,08-Sep,02-Sep,03-Sep,04-Sep,05-Sep,06-Sep,07-Sep,08-Sep,2,7,0
Pune,Pune,Pune,Pune,Indapur,20051606,Varodi BK & 2 Villages,Varodi BK,428,1,0.34,0.23,0.19,0.20,0.20,0.19,0.17,79.17,53.92,43.93,46.53,46.62,43.41,40.29,02-Sep,03-Sep,04-Sep,05-Sep,06-Sep,07-Sep,08-Sep,02-Sep,03-Sep,04-Sep,05-Sep,06-Sep,07-Sep,08-Sep,0,6,1
Pune,Pune,Pune,Pune,Indapur,20051606,Varodi BK & 2 Villages,Varodi Kh,723,2,0.32,0.28,0.21,0.37,0.29,0.30,0.28,43.85,39.10,29.58,51.84,40.69,41.48,38.93,02-Sep,03-Sep,04-Sep,05-Sep,06-Sep,07-Sep,08-Sep,02-Sep,03-Sep,04-Sep,05-Sep,06-Sep,07-Sep,08-Sep,0,7,0
Pune,Pune,Pune,Pune,Khed,20050028,Uddhat,Jambh,1457,3,0.43,0.71,0.67,0.77,0.63,0.75,0.69,29.43,48.97,45.97,52.64,43.58,51.46,47.54,02-Sep,03-Sep,04-Sep,05-Sep,06-Sep,07-Sep,08-Sep,02-Sep,03-Sep,04-Sep,05-Sep,06-Sep,07-Sep,08-Sep,0,7,0
Pune,Pune,Pune,Pune,Khed,20050028,Uddhat,Tavashi,3010,3,0.56,0.12,0.56,0.04,0.50,0.03,0.59,18.66,4.13,18.74,1.39,16.60,1.16,19.66,02-Sep,03-Sep,04-Sep,05-Sep,06-Sep,07-Sep,08-Sep,02-Sep,03-Sep,04-Sep,05-Sep,06-Sep,07-Sep,08-Sep,0,7,0
Pune,Pune,Pune,Pune,Khed,20050028,Uddhat,Thoratwadi,2050,2,0.05,0.02,0.05,0.05,0.05,0.04,0.08,2.67,1.05,2.29,2.20,2.33,1.72,4.11,02-Sep,03-Sep,04-Sep,05-Sep,06-Sep,07-Sep,08-Sep,02-Sep,03-Sep,04-Sep,05-Sep,06-Sep,07-Sep,08-Sep,0,7,0
Pune,Pune,Pune,Pune,Khed,20050028,Uddhat,Uddhat,2780,3,0.68,1.25,0.77,1.20,0.97,0.96,0.57,24.37,45.10,27.62,43.14,35.04,34.48,20.56,02-Sep,03-Sep,04-Sep,05-Sep,06-Sep,07-Sep,08-Sep,02-Sep,03-Sep,04-Sep,05-Sep,06-Sep,07-Sep,08-Sep,0,7,0
Pune,Pune,Pune,Pune,Khed,20050028,Uddhat,Udnaiwadi,5000,1,0.13,0.43,0.07,0.70,0.15,0.48,0.05,2.68,8.60,1.38,13.93,3.09,9.65,0.93,02-Sep,03-Sep,04-Sep,05-Sep,06-Sep,07-Sep,08-Sep,02-Sep,03-Sep,04-Sep,05-Sep,06-Sep,07-Sep,08-Sep,0,7,0
Pune,Pune,Pune,Pune,Mulshi,20022133,Peth RR,Bhawadi,1529,3,0.00,0.00,0.00,0.00,0.00,0.00,0.00,0.00,0.00,0.00,0.00,0.00,0.00,0.00,02-Sep,03-Sep,04-Sep,05-Sep,06-Sep,07-Sep,08-Sep,02-Sep,03-Sep,04-Sep,05-Sep,06-Sep,07-Sep,08-Sep,7,7,0
Pune,Pune,Pune,Pune,Mulshi,20022133,Peth RR,Karegaon,1749,3,1.05,1.91,0.88,0.49,0.94,1.28,0.25,60.29,109.32,50.56,27.74,53.82,73.45,14.36,02-Sep,03-Sep,04-Sep,05-Sep,06-Sep,07-Sep,08-Sep,02-Sep,03-Sep,04-Sep,05-Sep,06-Sep,07-Sep,08-Sep,0,4,3
Pune,Pune,Pune,Pune,Mulshi,20022133,Peth RR,Kurwandi,2522,5,0.00,0.00,0.00,0.00,0.00,0.00,0.00,0.00,0.00,0.00,0.00,0.00,0.00,0.00,02-Sep,03-Sep,04-Sep,05-Sep,06-Sep,07-Sep,08-Sep,02-Sep,03-Sep,04-Sep,05-Sep,06-Sep,07-Sep,08-Sep,7,7,0
Pune,Pune,Pune,Pune,Mulshi,20022133,Peth RR,Paragaon,15022,8,0.00,0.39,0.28,0.22,0.29,0.20,0.31,0.00,9.38,6.78,1.44,1.91,1.36,7.49,02-Sep,03-Sep,04-Sep,05-Sep,06-Sep,07-Sep,08-Sep,02-Sep,03-Sep,04-Sep,05-Sep,06-Sep,07-Sep,08-Sep,1,7,0
Pune,Pune,Pune,Pune,Mulshi,20022133,Peth RR,Peth,5492,6,0.61,1.49,1.79,2.09,1.07,2.23,2.21,158.27,385.12,463.57,37.98,19.50,40.57,570.92,02-Sep,03-Sep,04-Sep,05-Sep,06-Sep,07-Sep,08-Sep,02-Sep,03-Sep,04-Sep,05-Sep,06-Sep,07-Sep,08-Sep,0,3,4
Pune,Pune,Pune,Pune,Mulshi,20022133,Peth RR,Thugaon,1897,5,0.23,0.46,0.43,0.57,0.74,0.55,0.53,29.80,59.20,54.71,30.18,38.99,29.16,68.06,02-Sep,03-Sep,04-Sep,05-Sep,06-Sep,07-Sep,08-Sep,02-Sep,03-Sep,04-Sep,05-Sep,06-Sep,07-Sep,08-Sep,0,5,2
Pune,Pune,Pune,Pune,Purandar,20016917,Dive,PAWARWADI,1160,1,0.00,0.00,0.00,0.00,0.00,0.00,0.00,0.00,0.00,0.00,0.00,0.00,0.00,0.00,02-Sep,03-Sep,04-Sep,05-Sep,06-Sep,07-Sep,08-Sep,02-Sep,03-Sep,04-Sep,05-Sep,06-Sep,07-Sep,08-Sep,7,7,0
Pune,Pune,Pune,Pune,Purandar,20027436,Pargaoan Malshiras,Pargaon,3108,2,0.00,0.00,0.00,0.00,0.00,0.00,0.00,0.00,0.00,0.00,0.00,0.00,0.00,0.00,02-Sep,03-Sep,04-Sep,05-Sep,06-Sep,07-Sep,08-Sep,02-Sep,03-Sep,04-Sep,05-Sep,06-Sep,07-Sep,08-Sep,7,7,0
Pune,Pune,Pune,Pune,Purandar,20027436,Pargaoan Malshiras,Rise,1478,2,0.00,0.00,0.47,0.00,0.34,0.55,0.00,0.00,0.00,32.01,0.00,23.20,37.46,0.00,02-Sep,03-Sep,04-Sep,05-Sep,06-Sep,07-Sep,08-Sep,02-Sep,03-Sep,04-Sep,05-Sep,06-Sep,07-Sep,08-Sep,4,7,0
Pune,Pune,Pune,Pune,Purandar,20027436,Pargaoan Malshiras,Singapur Gaothan,1373,1,0.00,0.00,0.00,0.00,0.00,0.00,0.00,0.00,0.00,0.00,0.00,0.00,0.00,0.00,02-Sep,03-Sep,04-Sep,05-Sep,06-Sep,07-Sep,08-Sep,02-Sep,03-Sep,04-Sep,05-Sep,06-Sep,07-Sep,08-Sep,7,7,0
Pune,Pune,Pune,Pune,Purandar,20027459,Shivari,MUNJEWADI-EKHATAPUR,1651,1,0.00,0.35,0.32,0.00,0.27,0.21,0.28,0.00,21.28,19.28,0.09,16.49,12.86,16.83,02-Sep,03-Sep,04-Sep,05-Sep,06-Sep,07-Sep,08-Sep,02-Sep,03-Sep,04-Sep,05-Sep,06-Sep,07-Sep,08-Sep,1,7,0
Pune,Pune,Pune,Pune,Purandar,20027459,Shivari,SAKURDE GAVTHAN,2692,2,1.78,0.01,0.12,0.73,0.02,0.12,0.69,66.23,0.42,4.54,26.97,0.72,4.51,25.58,02-Sep,03-Sep,04-Sep,05-Sep,06-Sep,07-Sep,08-Sep,02-Sep,03-Sep,04-Sep,05-Sep,06-Sep,07-Sep,08-Sep,0,6,1
Pune,Pune,Pune,Pune,Purandar,20027459,Shivari,SHIVARI,2109,4,0.17,0.08,0.05,0.08,0.06,0.05,0.14,7.95,3.81,2.36,3.94,2.86,2.38,6.74,02-Sep,03-Sep,04-Sep,05-Sep,06-Sep,07-Sep,08-Sep,02-Sep,03-Sep,04-Sep,05-Sep,06-Sep,07-Sep,08-Sep,0,7,0
Pune,Pune,Pune,Satara,Satara,20027924,Shapur Jakatwadi,JAKATWADI,2619,3,1037.03,514.87,754.84,722.11,607.86,1364.43,859.09,39596.26,19658.88,28821.77,27571.81,23209.51,52097.45,32802.24,02-Sep,03-Sep,04-Sep,05-Sep,06-Sep,07-Sep,08-Sep,02-Sep,03-Sep,04-Sep,05-Sep,06-Sep,07-Sep,08-Sep,0,0,7
Pune,Pune,Pune,Satara,Satara,20027924,Shapur Jakatwadi,SHAHAPUR,972,1,13179767724723900000000000.00,0.00,4648939218084240000000000.00,721370491461975000.00,2417395835694960000000000000.00,0.00,2250060141467790000000000000000000000.00,1355943181555960000000000000.00,0.00,478285927786445000000000000.00,74215071138063300000.00,248703275277259000000000000000.00,0.00,231487668875287000000000000000000000000.00,02-Sep,03-Sep,04-Sep,05-Sep,06-Sep,07-Sep,08-Sep,02-Sep,03-Sep,04-Sep,05-Sep,06-Sep,07-Sep,08-Sep,2,2,5
Pune,Pune,Satara,Phaltan,Phaltan,20027892,RR Girvi WSS,Bhadali Bk,787,1,0.00,0.00,0.00,0.00,0.00,0.00,0.00,0.00,0.00,0.00,0.00,0.00,0.00,0.00,02-Sep,03-Sep,04-Sep,05-Sep,06-Sep,07-Sep,08-Sep,02-Sep,03-Sep,04-Sep,05-Sep,06-Sep,07-Sep,08-Sep,7,7,0
Pune,Pune,Satara,Phaltan,Phaltan,20027892,RR Girvi WSS,Bhadali Gouthan,1230,1,0.00,0.00,0.00,0.00,0.00,0.00,0.00,0.00,0.00,0.00,0.00,0.00,0.00,0.00,02-Sep,03-Sep,04-Sep,05-Sep,06-Sep,07-Sep,08-Sep,02-Sep,03-Sep,04-Sep,05-Sep,06-Sep,07-Sep,08-Sep,7,7,0
Pune,Pune,Satara,Phaltan,Phaltan,20027892,RR Girvi WSS,Sonwadi (Bk),1100,1,0.00,1.16,0.00,0.00,0.83,0.00,33.22,0.00,105.28,0.00,0.00,75.41,0.00,3020.32,02-Sep,03-Sep,04-Sep,05-Sep,06-Sep,07-Sep,08-Sep,02-Sep,03-Sep,04-Sep,05-Sep,06-Sep,07-Sep,08-Sep,4,4,3
Pune,Pune,Satara,Phaltan,Phaltan,20027892,RR Girvi WSS,Tirakwadi,1013,1,0.00,0.00,0.00,0.00,0.00,0.00,0.00,0.00,0.00,0.00,0.00,0.00,0.00,0.00,02-Sep,03-Sep,04-Sep,05-Sep,06-Sep,07-Sep,08-Sep,02-Sep,03-Sep,04-Sep,05-Sep,06-Sep,07-Sep,08-Sep,7,7,0
Pune,Pune,Satara,Phaltan,Phaltan,20027892,RR Girvi WSS,Zirapwadi,1451,1,0.00,0.00,0.00,0.00,0.00,0.00,0.00,0.00,0.00,0.00,0.00,0.00,0.00,0.00,02-Sep,03-Sep,04-Sep,05-Sep,06-Sep,07-Sep,08-Sep,02-Sep,03-Sep,04-Sep,05-Sep,06-Sep,07-Sep,08-Sep,7,7,0
Pune,Pune,Satara,Pune,Phaltan,20019021,Dhuldev Algudewadi,Algudewadi,1584,4,0.00,0.00,0.00,0.00,0.00,0.00,0.00,0.00,0.00,0.00,0.00,0.00,0.00,0.00,02-Sep,03-Sep,04-Sep,05-Sep,06-Sep,07-Sep,08-Sep,02-Sep,03-Sep,04-Sep,05-Sep,06-Sep,07-Sep,08-Sep,7,7,0
Pune,Pune,Satara,Pune,Phaltan,20019021,Dhuldev Algudewadi,Dhuldev,2564,4,0.00,0.00,0.00,0.00,0.00,0.00,0.00,0.00,0.00,0.00,0.00,0.00,0.00,0.00,02-Sep,03-Sep,04-Sep,05-Sep,06-Sep,07-Sep,08-Sep,02-Sep,03-Sep,04-Sep,05-Sep,06-Sep,07-Sep,08-Sep,7,7,0
Pune,Pune,Satara,Pune,Phaltan,20019031,Hol Khamgaon,HOL,2189,5,0.00,0.00,0.00,0.00,0.00,0.00,0.00,0.00,0.00,0.00,0.00,0.00,0.00,0.00,02-Sep,03-Sep,04-Sep,05-Sep,06-Sep,07-Sep,08-Sep,02-Sep,03-Sep,04-Sep,05-Sep,06-Sep,07-Sep,08-Sep,7,7,0
Pune,Sangli,Sangli,Islampur,Valva,7940233,Peth & two Villages,Golewadi,482,1,0.00,0.00,0.00,0.00,0.00,0.00,0.00,0.00,0.00,0.00,0.00,0.00,0.00,0.00,02-Sep,03-Sep,04-Sep,05-Sep,06-Sep,07-Sep,08-Sep,02-Sep,03-Sep,04-Sep,05-Sep,06-Sep,07-Sep,08-Sep,7,7,0
Pune,Sangli,Sangli,Islampur,Valva,7940233,Peth & two Villages,Peth,11091,3,0.00,3.57,0.00,0.00,4.19,0.00,0.00,0.00,32.15,0.00,0.00,37.74,0.00,0.00,02-Sep,03-Sep,04-Sep,05-Sep,06-Sep,07-Sep,08-Sep,02-Sep,03-Sep,04-Sep,05-Sep,06-Sep,07-Sep,08-Sep,5,7,0
Pune,Sangli,Sangli,Islampur,Valva,7940233,Peth & two Villages,Waghwadi,1161,1,0.57,0.51,0.58,0.00,0.90,0.00,0.62,49.32,44.21,50.08,0.00,77.90,0.00,53.80,02-Sep,03-Sep,04-Sep,05-Sep,06-Sep,07-Sep,08-Sep,02-Sep,03-Sep,04-Sep,05-Sep,06-Sep,07-Sep,08-Sep,2,6,1
Pune,Sangli,Solapur,Solapur,Mangalvedhe,20033593,Andhalgaon and 3 villages,ANDHALEGAON,6159,3,0.00,0.00,0.00,0.00,0.00,0.00,0.00,0.00,0.00,0.00,0.00,0.00,0.00,0.00,02-Sep,03-Sep,04-Sep,05-Sep,06-Sep,07-Sep,08-Sep,02-Sep,03-Sep,04-Sep,05-Sep,06-Sep,07-Sep,08-Sep,7,7,0
Pune,Sangli,Solapur,Solapur,Mangalvedhe,20033593,Andhalgaon and 3 villages,CHOKAMELA,7934,1,0.00,0.00,0.00,0.00,0.00,0.00,0.00,0.00,0.00,0.00,0.00,0.00,0.00,0.00,02-Sep,03-Sep,04-Sep,05-Sep,06-Sep,07-Sep,08-Sep,02-Sep,03-Sep,04-Sep,05-Sep,06-Sep,07-Sep,08-Sep,7,7,0
Pune,Sangli,Solapur,Solapur,Mangalvedhe,20033593,Andhalgaon and 3 villages,LAXMIDHAHIWADI,7253,2,0.00,0.00,0.00,0.00,0.00,0.00,0.00,0.00,0.00,0.00,0.00,0.00,0.00,0.00,02-Sep,03-Sep,04-Sep,05-Sep,06-Sep,07-Sep,08-Sep,02-Sep,03-Sep,04-Sep,05-Sep,06-Sep,07-Sep,08-Sep,7,7,0
Pune,Sangli,Solapur,Solapur,Mohol,20029637,Penur Patkul,Patkul,7358,2,0.00,0.00,0.00,0.00,0.00,0.00,0.00,0.00,0.00,0.00,0.00,0.00,0.00,0.00,02-Sep,03-Sep,04-Sep,05-Sep,06-Sep,07-Sep,08-Sep,02-Sep,03-Sep,04-Sep,05-Sep,06-Sep,07-Sep,08-Sep,7,7,0
Pune,Sangli,Solapur,Solapur,Mohol,20029637,Penur Patkul,Penur,8755,1,0.00,0.00,0.00,0.00,0.00,0.00,0.00,0.00,0.00,0.00,0.00,0.00,0.00,0.00,02-Sep,03-Sep,04-Sep,05-Sep,06-Sep,07-Sep,08-Sep,02-Sep,03-Sep,04-Sep,05-Sep,06-Sep,07-Sep,08-Sep,7,7,0
Pune,Sangli,Solapur,Solapur,Sangola,20027396,Alegaon shirbhavi 82 Village,Ajanale,8051,1,1.30,0.93,1.06,1.00,1.29,0.81,1.60,16.10,11.60,13.11,12.45,15.99,10.02,19.84,02-Sep,03-Sep,04-Sep,05-Sep,06-Sep,07-Sep,08-Sep,02-Sep,03-Sep,04-Sep,05-Sep,06-Sep,07-Sep,08-Sep,0,7,0
Pune,Sangli,Solapur,Solapur,Sangola,20027396,Alegaon shirbhavi 82 Village,Alegaon,4802,1,0.00,0.00,0.00,0.00,0.00,0.00,0.00,0.00,0.00,0.00,0.00,0.00,0.00,0.00,02-Sep,03-Sep,04-Sep,05-Sep,06-Sep,07-Sep,08-Sep,02-Sep,03-Sep,04-Sep,05-Sep,06-Sep,07-Sep,08-Sep,7,7,0
Pune,Sangli,Solapur,Solapur,Sangola,20027396,Alegaon shirbhavi 82 Village,Anakdhal,8599,1,0.00,0.00,0.00,0.00,0.00,0.00,0.00,0.00,0.00,0.00,0.00,0.00,0.00,0.00,02-Sep,03-Sep,04-Sep,05-Sep,06-Sep,07-Sep,08-Sep,02-Sep,03-Sep,04-Sep,05-Sep,06-Sep,07-Sep,08-Sep,7,7,0
Pune,Sangli,Solapur,Solapur,Sangola,20027396,Alegaon shirbhavi 82 Village,Balwadi,2087,1,0.00,0.00,1.00,0.00,1.02,0.00,0.00,0.00,0.00,47.93,0.00,49.06,0.00,0.00,02-Sep,03-Sep,04-Sep,05-Sep,06-Sep,07-Sep,08-Sep,02-Sep,03-Sep,04-Sep,05-Sep,06-Sep,07-Sep,08-Sep,5,7,0
Pune,Sangli,Solapur,Solapur,Sangola,20027396,Alegaon shirbhavi 82 Village,Bhamni,2572,1,114.69,0.00,18.25,104.52,0.00,224.12,1.35,4458.99,0.00,709.56,4063.74,0.00,8713.99,52.50,02-Sep,03-Sep,04-Sep,05-Sep,06-Sep,07-Sep,08-Sep,02-Sep,03-Sep,04-Sep,05-Sep,06-Sep,07-Sep,08-Sep,2,3,4
Pune,Sangli,Solapur,Solapur,Sangola,20027396,Alegaon shirbhavi 82 Village,Bhopasewadi,2875,1,0.00,0.00,0.00,0.00,0.00,0.00,0.00,0.00,0.00,0.00,0.00,0.00,0.00,0.00,02-Sep,03-Sep,04-Sep,05-Sep,06-Sep,07-Sep,08-Sep,02-Sep,03-Sep,04-Sep,05-Sep,06-Sep,07-Sep,08-Sep,7,7,0
Pune,Sangli,Solapur,Solapur,Sangola,20027396,Alegaon shirbhavi 82 Village,Budhyal,1218,1,1.92,1.17,1.82,2.09,2.58,1.43,1.47,157.66,95.93,149.27,171.27,212.09,117.69,120.54,02-Sep,03-Sep,04-Sep,05-Sep,06-Sep,07-Sep,08-Sep,02-Sep,03-Sep,04-Sep,05-Sep,06-Sep,07-Sep,08-Sep,0,0,7
Pune,Sangli,Solapur,Solapur,Sangola,20027396,Alegaon shirbhavi 82 Village,Burangewadi,4570,1,0.00,0.00,0.00,0.00,0.00,0.00,0.00,0.00,0.00,0.00,0.00,0.00,0.01,0.00,02-Sep,03-Sep,04-Sep,05-Sep,06-Sep,07-Sep,08-Sep,02-Sep,03-Sep,04-Sep,05-Sep,06-Sep,07-Sep,08-Sep,6,7,0
Pune,Sangli,Solapur,Solapur,Sangola,20027396,Alegaon shirbhavi 82 Village,Chincholi Gaon,4045,1,0.08,0.00,0.07,0.15,0.00,0.06,0.00,1.87,0.00,1.66,3.62,0.00,1.52,0.00,02-Sep,03-Sep,04-Sep,05-Sep,06-Sep,07-Sep,08-Sep,02-Sep,03-Sep,04-Sep,05-Sep,06-Sep,07-Sep,08-Sep,3,7,0
Pune,Sangli,Solapur,Solapur,Sangola,20027396,Alegaon shirbhavi 82 Village,Chinke,6814,1,2.11,1.51,1.67,2.70,1.94,1.21,2.48,30.98,22.12,24.55,39.65,28.52,17.77,36.34,02-Sep,03-Sep,04-Sep,05-Sep,06-Sep,07-Sep,08-Sep,02-Sep,03-Sep,04-Sep,05-Sep,06-Sep,07-Sep,08-Sep,0,7,0
Pune,Sangli,Solapur,Solapur,Sangola,20027396,Alegaon shirbhavi 82 Village,Chopadi,3313,1,0.00,0.00,0.00,0.00,0.00,0.00,0.00,0.00,0.00,0.00,0.00,0.00,0.00,0.00,02-Sep,03-Sep,04-Sep,05-Sep,06-Sep,07-Sep,08-Sep,02-Sep,03-Sep,04-Sep,05-Sep,06-Sep,07-Sep,08-Sep,7,7,0
Pune,Sangli,Solapur,Solapur,Sangola,20027396,Alegaon shirbhavi 82 Village,Deole,1568,1,0.00,0.00,0.00,0.00,0.00,0.00,0.00,0.00,0.00,0.00,0.00,0.00,0.00,0.00,02-Sep,03-Sep,04-Sep,05-Sep,06-Sep,07-Sep,08-Sep,02-Sep,03-Sep,04-Sep,05-Sep,06-Sep,07-Sep,08-Sep,7,7,0
Pune,Sangli,Solapur,Solapur,Sangola,20027396,Alegaon shirbhavi 82 Village,Devkate Wadi,1261,1,0.00,0.00,0.00,0.00,0.00,0.00,0.00,0.00,0.00,0.00,0.00,0.00,0.00,0.00,02-Sep,03-Sep,04-Sep,05-Sep,06-Sep,07-Sep,08-Sep,02-Sep,03-Sep,04-Sep,05-Sep,06-Sep,07-Sep,08-Sep,7,7,0
Pune,Sangli,Solapur,Solapur,Sangola,20027396,Alegaon shirbhavi 82 Village,Dhayati,4586,1,0.00,0.00,0.00,0.00,0.00,0.00,0.00,0.00,0.00,0.00,0.00,0.00,0.00,0.00,02-Sep,03-Sep,04-Sep,05-Sep,06-Sep,07-Sep,08-Sep,02-Sep,03-Sep,04-Sep,05-Sep,06-Sep,07-Sep,08-Sep,7,7,0
Pune,Sangli,Solapur,Solapur,Sangola,20027396,Alegaon shirbhavi 82 Village,Dongargaon,4021,1,0.00,0.26,0.00,0.00,0.26,0.00,0.00,0.00,6.52,0.07,0.00,6.55,0.00,0.00,02-Sep,03-Sep,04-Sep,05-Sep,06-Sep,07-Sep,08-Sep,02-Sep,03-Sep,04-Sep,05-Sep,06-Sep,07-Sep,08-Sep,4,7,0
Pune,Sangli,Solapur,Solapur,Sangola,20027396,Alegaon shirbhavi 82 Village,Gaudwadi,1508,1,0.00,0.00,0.00,0.00,0.00,0.00,0.00,0.00,0.00,0.00,0.00,0.00,0.00,0.00,02-Sep,03-Sep,04-Sep,05-Sep,06-Sep,07-Sep,08-Sep,02-Sep,03-Sep,04-Sep,05-Sep,06-Sep,07-Sep,08-Sep,7,7,0
Pune,Sangli,Solapur,Solapur,Sangola,20027396,Alegaon shirbhavi 82 Village,Gayghvan,1603,1,0.00,0.00,0.00,0.00,0.00,0.00,0.00,0.00,0.00,0.00,0.00,0.00,0.00,0.00,02-Sep,03-Sep,04-Sep,05-Sep,06-Sep,07-Sep,08-Sep,02-Sep,03-Sep,04-Sep,05-Sep,06-Sep,07-Sep,08-Sep,7,7,0
Pune,Sangli,Solapur,Solapur,Sangola,20027396,Alegaon shirbhavi 82 Village,Gherdi,2724,2,0.93,35.72,0.00,3.18,0.77,0.00,0.00,34.19,1311.16,0.00,116.70,28.36,0.00,0.00,02-Sep,03-Sep,04-Sep,05-Sep,06-Sep,07-Sep,08-Sep,02-Sep,03-Sep,04-Sep,05-Sep,06-Sep,07-Sep,08-Sep,3,5,2
Pune,Sangli,Solapur,Solapur,Sangola,20027396,Alegaon shirbhavi 82 Village,Godasewadi,2730,1,0.63,0.94,0.60,0.92,0.60,0.92,0.62,23.01,34.44,22.11,33.72,22.07,33.78,22.56,02-Sep,03-Sep,04-Sep,05-Sep,06-Sep,07-Sep,08-Sep,02-Sep,03-Sep,04-Sep,05-Sep,06-Sep,07-Sep,08-Sep,0,7,0
Pune,Sangli,Solapur,Solapur,Sangola,20027396,Alegaon shirbhavi 82 Village,Hatid,1057,1,1.50,0.37,1.47,0.35,1.42,0.43,1.42,141.45,35.06,139.18,33.16,134.72,40.60,134.47,02-Sep,03-Sep,04-Sep,05-Sep,06-Sep,07-Sep,08-Sep,02-Sep,03-Sep,04-Sep,05-Sep,06-Sep,07-Sep,08-Sep,0,3,4
Pune,Sangli,Solapur,Solapur,Sangola,20027396,Alegaon shirbhavi 82 Village,Javala,7674,2,2.98,3.08,3.13,2.61,2.46,2.44,2.66,175.06,180.64,183.57,34.06,32.10,31.81,155.93,02-Sep,03-Sep,04-Sep,05-Sep,06-Sep,07-Sep,08-Sep,02-Sep,03-Sep,04-Sep,05-Sep,06-Sep,07-Sep,08-Sep,0,3,4
Pune,Sangli,Solapur,Solapur,Sangola,20027396,Alegaon shirbhavi 82 Village,Junoni,4895,1,0.00,0.00,0.00,0.00,0.00,0.00,0.00,0.00,0.00,0.00,0.00,0.00,0.00,0.00,02-Sep,03-Sep,04-Sep,05-Sep,06-Sep,07-Sep,08-Sep,02-Sep,03-Sep,04-Sep,05-Sep,06-Sep,07-Sep,08-Sep,7,7,0
Pune,Sangli,Solapur,Solapur,Sangola,20027396,Alegaon shirbhavi 82 Village,Kamlapur,1541,1,0.00,0.00,0.00,0.00,0.00,0.00,0.00,0.00,0.00,0.00,0.00,0.00,0.00,0.00,02-Sep,03-Sep,04-Sep,05-Sep,06-Sep,07-Sep,08-Sep,02-Sep,03-Sep,04-Sep,05-Sep,06-Sep,07-Sep,08-Sep,7,7,0
Pune,Sangli,Solapur,Solapur,Sangola,20027396,Alegaon shirbhavi 82 Village,Karandewadi,5849,2,0.67,0.04,1.80,1.31,1.98,1.69,0.72,35.81,2.12,96.45,22.39,33.84,28.97,38.51,02-Sep,03-Sep,04-Sep,05-Sep,06-Sep,07-Sep,08-Sep,02-Sep,03-Sep,04-Sep,05-Sep,06-Sep,07-Sep,08-Sep,0,6,1
Pune,Sangli,Solapur,Solapur,Sangola,20027396,Alegaon shirbhavi 82 Village,Khilarwadi,2046,1,0.00,0.00,0.29,0.00,0.47,0.12,0.00,0.00,0.00,14.37,0.00,23.18,5.73,0.00,02-Sep,03-Sep,04-Sep,05-Sep,06-Sep,07-Sep,08-Sep,02-Sep,03-Sep,04-Sep,05-Sep,06-Sep,07-Sep,08-Sep,4,7,0
Pune,Sangli,Solapur,Solapur,Sangola,20027396,Alegaon shirbhavi 82 Village,Kidabisari,2657,1,0.00,0.00,0.00,0.00,0.00,0.00,0.00,0.00,0.00,0.00,0.00,0.00,0.00,0.00,02-Sep,03-Sep,04-Sep,05-Sep,06-Sep,07-Sep,08-Sep,02-Sep,03-Sep,04-Sep,05-Sep,06-Sep,07-Sep,08-Sep,7,7,0
Pune,Sangli,Solapur,Solapur,Sangola,20027396,Alegaon shirbhavi 82 Village,Kolegaon,2922,1,0.00,0.00,0.00,0.00,0.00,0.00,0.00,0.00,0.00,0.00,0.00,0.00,0.00,0.00,02-Sep,03-Sep,04-Sep,05-Sep,06-Sep,07-Sep,08-Sep,02-Sep,03-Sep,04-Sep,05-Sep,06-Sep,07-Sep,08-Sep,7,7,0
Pune,Sangli,Solapur,Solapur,Sangola,20027396,Alegaon shirbhavi 82 Village,LaxmiNagar,3031,1,3.95,2.39,3.38,3.23,2.90,2.89,1.76,130.31,78.80,111.36,106.67,95.52,95.45,57.94,02-Sep,03-Sep,04-Sep,05-Sep,06-Sep,07-Sep,08-Sep,02-Sep,03-Sep,04-Sep,05-Sep,06-Sep,07-Sep,08-Sep,0,0,7
Pune,Sangli,Solapur,Solapur,Sangola,20027396,Alegaon shirbhavi 82 Village,Lonavire,3490,1,0.79,0.00,0.25,2.55,0.72,0.38,2.42,22.75,0.09,7.04,73.07,20.76,10.94,69.37,02-Sep,03-Sep,04-Sep,05-Sep,06-Sep,07-Sep,08-Sep,02-Sep,03-Sep,04-Sep,05-Sep,06-Sep,07-Sep,08-Sep,0,5,2
Pune,Sangli,Solapur,Solapur,Sangola,20027396,Alegaon shirbhavi 82 Village,Mahim,4407,1,2.75,2.16,2.06,2.10,2.33,2.37,2.90,62.38,49.05,46.84,47.61,52.92,53.68,65.74,02-Sep,03-Sep,04-Sep,05-Sep,06-Sep,07-Sep,08-Sep,02-Sep,03-Sep,04-Sep,05-Sep,06-Sep,07-Sep,08-Sep,0,5,2
Pune,Sangli,Solapur,Solapur,Sangola,20027396,Alegaon shirbhavi 82 Village,Manjari,3049,1,0.00,0.00,0.00,0.00,0.00,0.00,0.00,0.00,0.00,0.00,0.00,0.00,0.00,0.00,02-Sep,03-Sep,04-Sep,05-Sep,06-Sep,07-Sep,08-Sep,02-Sep,03-Sep,04-Sep,05-Sep,06-Sep,07-Sep,08-Sep,7,7,0
Pune,Sangli,Solapur,Solapur,Sangola,20027396,Alegaon shirbhavi 82 Village,Metakar wadi,1286,2,2.26,1.77,1.62,1.13,1.65,1.99,2.69,175.37,138.01,125.81,88.07,128.34,155.03,209.01,02-Sep,03-Sep,04-Sep,05-Sep,06-Sep,07-Sep,08-Sep,02-Sep,03-Sep,04-Sep,05-Sep,06-Sep,07-Sep,08-Sep,0,0,7
Pune,Sangli,Solapur,Solapur,Sangola,20027396,Alegaon shirbhavi 82 Village,Nazare,1231,1,0.00,0.00,0.00,0.00,0.00,0.00,0.00,0.00,0.00,0.00,0.00,0.00,0.00,0.00,02-Sep,03-Sep,04-Sep,05-Sep,06-Sep,07-Sep,08-Sep,02-Sep,03-Sep,04-Sep,05-Sep,06-Sep,07-Sep,08-Sep,7,7,0
Pune,Sangli,Solapur,Solapur,Sangola,20027396,Alegaon shirbhavi 82 Village,Nizampur,3731,1,0.66,0.00,0.30,0.29,0.54,0.13,0.44,17.68,0.00,7.92,7.88,14.60,3.50,11.77,02-Sep,03-Sep,04-Sep,05-Sep,06-Sep,07-Sep,08-Sep,02-Sep,03-Sep,04-Sep,05-Sep,06-Sep,07-Sep,08-Sep,1,7,0
Pune,Sangli,Solapur,Solapur,Sangola,20027396,Alegaon shirbhavi 82 Village,Pachegaon BK,3466,1,0.00,0.00,0.00,0.00,0.00,0.00,0.00,0.00,0.00,0.00,0.00,0.00,0.00,0.00,02-Sep,03-Sep,04-Sep,05-Sep,06-Sep,07-Sep,08-Sep,02-Sep,03-Sep,04-Sep,05-Sep,06-Sep,07-Sep,08-Sep,7,7,0
Pune,Sangli,Solapur,Solapur,Sangola,20027396,Alegaon shirbhavi 82 Village,Rajuri,5234,1,1.35,0.81,0.79,1.70,1.53,2.00,1.80,25.80,15.54,15.05,32.42,29.30,38.25,34.42,02-Sep,03-Sep,04-Sep,05-Sep,06-Sep,07-Sep,08-Sep,02-Sep,03-Sep,04-Sep,05-Sep,06-Sep,07-Sep,08-Sep,0,7,0
Pune,Sangli,Solapur,Solapur,Sangola,20027396,Alegaon shirbhavi 82 Village,Sange wadi,2604,1,0.00,0.00,0.00,0.00,0.00,0.00,0.00,0.00,0.00,0.00,0.00,0.00,0.00,0.00,02-Sep,03-Sep,04-Sep,05-Sep,06-Sep,07-Sep,08-Sep,02-Sep,03-Sep,04-Sep,05-Sep,06-Sep,07-Sep,08-Sep,7,7,0
Pune,Sangli,Solapur,Solapur,Sangola,20027396,Alegaon shirbhavi 82 Village,shirbavi,4215,1,0.00,0.00,0.00,0.00,0.00,0.00,0.00,0.00,0.00,0.00,0.00,0.00,0.00,0.00,02-Sep,03-Sep,04-Sep,05-Sep,06-Sep,07-Sep,08-Sep,02-Sep,03-Sep,04-Sep,05-Sep,06-Sep,07-Sep,08-Sep,7,7,0
Pune,Sangli,Solapur,Solapur,Sangola,20027396,Alegaon shirbhavi 82 Village,shivane,4007,1,0.00,50.59,0.00,11.49,0.00,0.00,26.17,0.00,1262.47,0.00,286.73,0.00,0.00,653.00,02-Sep,03-Sep,04-Sep,05-Sep,06-Sep,07-Sep,08-Sep,02-Sep,03-Sep,04-Sep,05-Sep,06-Sep,07-Sep,08-Sep,4,4,3
Pune,Sangli,Solapur,Solapur,Sangola,20027396,Alegaon shirbhavi 82 Village,Somewadi,1624,1,0.81,0.05,0.43,0.51,0.34,0.52,0.55,50.10,3.03,26.73,31.53,21.20,32.25,33.74,02-Sep,03-Sep,04-Sep,05-Sep,06-Sep,07-Sep,08-Sep,02-Sep,03-Sep,04-Sep,05-Sep,06-Sep,07-Sep,08-Sep,0,7,0
Pune,Sangli,Solapur,Solapur,Sangola,20027396,Alegaon shirbhavi 82 Village,Sonanad,1492,1,0.00,2.82,0.95,3.20,0.00,3.12,0.00,0.00,189.17,63.96,214.42,0.02,208.85,0.00,02-Sep,03-Sep,04-Sep,05-Sep,06-Sep,07-Sep,08-Sep,02-Sep,03-Sep,04-Sep,05-Sep,06-Sep,07-Sep,08-Sep,2,3,4
Pune,Sangli,Solapur,Solapur,Sangola,20027396,Alegaon shirbhavi 82 Village,Tarangewadi,4363,2,0.61,0.00,0.92,0.51,0.43,0.85,0.68,36.03,0.00,54.00,11.59,9.95,19.39,39.94,02-Sep,03-Sep,04-Sep,05-Sep,06-Sep,07-Sep,08-Sep,02-Sep,03-Sep,04-Sep,05-Sep,06-Sep,07-Sep,08-Sep,1,7,0
Pune,Sangli,Solapur,Solapur,Sangola,20027396,Alegaon shirbhavi 82 Village,Udenwadi,1834,1,0.00,0.00,0.00,0.00,0.00,0.00,0.00,0.00,0.00,0.00,0.00,0.00,0.00,0.00,02-Sep,03-Sep,04-Sep,05-Sep,06-Sep,07-Sep,08-Sep,02-Sep,03-Sep,04-Sep,05-Sep,06-Sep,07-Sep,08-Sep,7,7,0
Pune,Sangli,Solapur,Solapur,Sangola,20027396,Alegaon shirbhavi 82 Village,Vasud,3297,1,0.00,0.00,0.00,0.00,0.00,0.00,0.00,0.00,0.00,0.00,0.00,0.00,0.00,0.00,02-Sep,03-Sep,04-Sep,05-Sep,06-Sep,07-Sep,08-Sep,02-Sep,03-Sep,04-Sep,05-Sep,06-Sep,07-Sep,08-Sep,7,7,0
Pune,Sangli,Solapur,Solapur,Sangola,20027396,Alegaon shirbhavi 82 Village,Vazare,1954,1,0.00,0.00,0.68,14.00,0.00,0.00,36.96,0.00,0.00,34.94,716.39,0.00,0.00,1891.26,02-Sep,03-Sep,04-Sep,05-Sep,06-Sep,07-Sep,08-Sep,02-Sep,03-Sep,04-Sep,05-Sep,06-Sep,07-Sep,08-Sep,4,5,2
Pune,Sangli,Solapur,Solapur,Sangola,20027396,Alegaon shirbhavi 82 Village,Wadegaon,6374,1,0.00,0.00,0.00,0.00,0.00,0.00,0.00,0.00,0.00,0.00,0.00,0.00,0.00,0.00,02-Sep,03-Sep,04-Sep,05-Sep,06-Sep,07-Sep,08-Sep,02-Sep,03-Sep,04-Sep,05-Sep,06-Sep,07-Sep,08-Sep,7,7,0
Pune,Sangli,Solapur,Solapur,Sangola,20027396,Alegaon shirbhavi 82 Village,waki,4742,3,0.12,0.06,0.08,0.08,0.13,0.10,108.87,5.45,2.90,3.83,1.71,2.69,2.03,5009.91,02-Sep,03-Sep,04-Sep,05-Sep,06-Sep,07-Sep,08-Sep,02-Sep,03-Sep,04-Sep,05-Sep,06-Sep,07-Sep,08-Sep,0,6,1
Pune,Sangli,Solapur,Solapur,Sangola,20027396,Alegaon shirbhavi 82 Village,Watambare,2228,1,2.20,0.37,1.80,2.20,1.51,2.27,1.87,98.74,16.69,80.90,98.64,67.68,101.69,83.84,02-Sep,03-Sep,04-Sep,05-Sep,06-Sep,07-Sep,08-Sep,02-Sep,03-Sep,04-Sep,05-Sep,06-Sep,07-Sep,08-Sep,0,1,6
Pune,Sangli,Solapur,Solapur,Sangola,20027396,Alegaon shirbhavi 82 Village,Y Mangewad,2525,1,0.00,0.00,0.00,0.00,0.00,0.00,0.00,0.00,0.00,0.00,0.00,0.00,0.00,0.00,02-Sep,03-Sep,04-Sep,05-Sep,06-Sep,07-Sep,08-Sep,02-Sep,03-Sep,04-Sep,05-Sep,06-Sep,07-Sep,08-Sep,7,7,0
Konkan,Palghar,Palghar,Palghar,Dahanu,4918426,BADA POKHARAN RETROFITTING RPWSS,Asangaon,2246,1,1.70,6.82,3.85,6.00,1.12,0.90,3.04,75.63,303.54,171.35,267.17,49.95,39.99,135.26,02-Sep,03-Sep,04-Sep,05-Sep,06-Sep,07-Sep,08-Sep,02-Sep,03-Sep,04-Sep,05-Sep,06-Sep,07-Sep,08-Sep,0,2,5
Konkan,Palghar,Palghar,Palghar,Dahanu,4918426,BADA POKHARAN RETROFITTING RPWSS,Asangaon Dandipada,688,2,2.65,0.37,2.88,0.97,0.04,2.70,0.21,384.77,53.58,419.28,140.79,6.27,392.86,30.01,02-Sep,03-Sep,04-Sep,05-Sep,06-Sep,07-Sep,08-Sep,02-Sep,03-Sep,04-Sep,05-Sep,06-Sep,07-Sep,08-Sep,0,3,4
Konkan,Palghar,Palghar,Palghar,Dahanu,4918426,BADA POKHARAN RETROFITTING RPWSS,Bada Pokharan,1971,1,0.00,2.37,0.00,0.00,1.33,0.00,2.14,0.00,120.16,0.00,0.00,67.29,0.06,108.57,02-Sep,03-Sep,04-Sep,05-Sep,06-Sep,07-Sep,08-Sep,02-Sep,03-Sep,04-Sep,05-Sep,06-Sep,07-Sep,08-Sep,3,4,3
Konkan,Palghar,Palghar,Palghar,Dahanu,4918426,BADA POKHARAN RETROFITTING RPWSS,Bavade,545,1,0.51,0.00,0.48,0.77,0.05,0.42,1.52,94.22,0.17,87.23,140.58,8.50,77.30,278.98,02-Sep,03-Sep,04-Sep,05-Sep,06-Sep,07-Sep,08-Sep,02-Sep,03-Sep,04-Sep,05-Sep,06-Sep,07-Sep,08-Sep,0,2,5
Konkan,Palghar,Palghar,Palghar,Dahanu,4918426,BADA POKHARAN RETROFITTING RPWSS,Chandigaon,1352,1,1.80,1.43,1.95,0.00,0.57,0.73,1.71,133.27,105.55,143.91,0.00,42.38,54.04,126.12,02-Sep,03-Sep,04-Sep,05-Sep,06-Sep,07-Sep,08-Sep,02-Sep,03-Sep,04-Sep,05-Sep,06-Sep,07-Sep,08-Sep,1,3,4
Konkan,Palghar,Palghar,Palghar,Dahanu,4918426,BADA POKHARAN RETROFITTING RPWSS,Chinchani,4890,4,23.67,2.78,27.52,4.67,0.01,16.13,2.45,484.06,56.87,562.73,95.48,0.12,329.79,50.07,02-Sep,03-Sep,04-Sep,05-Sep,06-Sep,07-Sep,08-Sep,02-Sep,03-Sep,04-Sep,05-Sep,06-Sep,07-Sep,08-Sep,0,2,5
Konkan,Palghar,Palghar,Palghar,Dahanu,4918426,BADA POKHARAN RETROFITTING RPWSS,Dedale,149,1,0.00,0.00,0.00,0.00,0.00,0.00,0.00,0.00,0.00,0.00,0.00,0.00,0.00,0.00,02-Sep,03-Sep,04-Sep,05-Sep,06-Sep,07-Sep,08-Sep,02-Sep,03-Sep,04-Sep,05-Sep,06-Sep,07-Sep,08-Sep,7,7,0
Konkan,Palghar,Palghar,Palghar,Dahanu,4918426,BADA POKHARAN RETROFITTING RPWSS,Dhakti Dahanu,5483,2,3.38,3.19,4.39,9.34,0.09,0.00,2.14,61.63,58.10,80.08,170.39,1.56,0.03,39.07,02-Sep,03-Sep,04-Sep,05-Sep,06-Sep,07-Sep,08-Sep,02-Sep,03-Sep,04-Sep,05-Sep,06-Sep,07-Sep,08-Sep,0,3,4
Konkan,Palghar,Palghar,Palghar,Dahanu,4918426,BADA POKHARAN RETROFITTING RPWSS,Dhumket,2198,1,2.46,0.81,0.00,1.83,0.00,0.84,2.75,112.03,36.92,0.00,83.30,0.15,38.06,125.18,02-Sep,03-Sep,04-Sep,05-Sep,06-Sep,07-Sep,08-Sep,02-Sep,03-Sep,04-Sep,05-Sep,06-Sep,07-Sep,08-Sep,1,4,3
Konkan,Palghar,Palghar,Palghar,Dahanu,4918426,BADA POKHARAN RETROFITTING RPWSS,Gowane,2872,1,4.83,6.30,3.55,0.20,0.21,1.39,3.88,168.22,219.37,123.68,6.93,7.33,48.55,134.93,02-Sep,03-Sep,04-Sep,05-Sep,06-Sep,07-Sep,08-Sep,02-Sep,03-Sep,04-Sep,05-Sep,06-Sep,07-Sep,08-Sep,0,3,4
Konkan,Palghar,Palghar,Palghar,Dahanu,4918426,BADA POKHARAN RETROFITTING RPWSS,Gungavade,1328,1,1.16,1.89,2.00,3.04,0.00,69.77,52.83,87.23,142.63,150.61,228.80,0.00,5253.72,3978.13,02-Sep,03-Sep,04-Sep,05-Sep,06-Sep,07-Sep,08-Sep,02-Sep,03-Sep,04-Sep,05-Sep,06-Sep,07-Sep,08-Sep,1,1,6
Konkan,Palghar,Palghar,Palghar,Dahanu,4918426,BADA POKHARAN RETROFITTING RPWSS,Kambode,300,2,0.10,3.13,0.27,0.32,0.76,0.01,1.09,34.37,1043.56,90.34,106.44,252.08,4.27,364.52,02-Sep,03-Sep,04-Sep,05-Sep,06-Sep,07-Sep,08-Sep,02-Sep,03-Sep,04-Sep,05-Sep,06-Sep,07-Sep,08-Sep,0,2,5
Konkan,Palghar,Palghar,Palghar,Dahanu,4918426,BADA POKHARAN RETROFITTING RPWSS,Kapshi,1439,1,1.19,2.53,2.07,1.43,0.65,0.40,1.47,82.65,175.55,143.61,99.71,45.33,28.10,101.92,02-Sep,03-Sep,04-Sep,05-Sep,06-Sep,07-Sep,08-Sep,02-Sep,03-Sep,04-Sep,05-Sep,06-Sep,07-Sep,08-Sep,0,2,5
Konkan,Palghar,Palghar,Palghar,Dahanu,4918426,BADA POKHARAN RETROFITTING RPWSS,Ketkhadi,472,1,0.53,0.65,0.49,0.00,0.15,0.34,0.53,111.27,137.10,102.88,0.00,30.95,71.52,112.41,02-Sep,03-Sep,04-Sep,05-Sep,06-Sep,07-Sep,08-Sep,02-Sep,03-Sep,04-Sep,05-Sep,06-Sep,07-Sep,08-Sep,1,2,5
Konkan,Palghar,Palghar,Palghar,Dahanu,4918426,BADA POKHARAN RETROFITTING RPWSS,Kolavali- 1,1864,1,5.03,3.57,4.02,8.36,2.34,1.72,3.41,269.98,191.27,215.62,448.42,125.64,92.14,182.79,02-Sep,03-Sep,04-Sep,05-Sep,06-Sep,07-Sep,08-Sep,02-Sep,03-Sep,04-Sep,05-Sep,06-Sep,07-Sep,08-Sep,0,0,7
Konkan,Palghar,Palghar,Palghar,Dahanu,4918426,BADA POKHARAN RETROFITTING RPWSS,Kotim,316,1,0.46,0.00,2.18,0.00,1.85,0.00,3.20,144.03,0.02,689.46,0.00,584.10,0.08,1011.59,02-Sep,03-Sep,04-Sep,05-Sep,06-Sep,07-Sep,08-Sep,02-Sep,03-Sep,04-Sep,05-Sep,06-Sep,07-Sep,08-Sep,1,3,4
Konkan,Palghar,Palghar,Palghar,Dahanu,4918426,BADA POKHARAN RETROFITTING RPWSS,Matgaon,1282,2,2.91,3.87,0.65,1.27,0.26,0.14,2.38,226.78,301.75,50.87,99.26,20.53,11.30,185.92,02-Sep,03-Sep,04-Sep,05-Sep,06-Sep,07-Sep,08-Sep,02-Sep,03-Sep,04-Sep,05-Sep,06-Sep,07-Sep,08-Sep,0,3,4
Konkan,Palghar,Palghar,Palghar,Dahanu,4918426,BADA POKHARAN RETROFITTING RPWSS,Pokharan,621,1,0.00,0.00,0.00,0.00,0.00,0.00,0.02,0.00,0.00,0.00,0.00,0.00,0.00,2.52,02-Sep,03-Sep,04-Sep,05-Sep,06-Sep,07-Sep,08-Sep,02-Sep,03-Sep,04-Sep,05-Sep,06-Sep,07-Sep,08-Sep,6,7,0
Konkan,Palghar,Palghar,Palghar,Dahanu,4918426,BADA POKHARAN RETROFITTING RPWSS,Sawarai,619,2,0.11,1.41,0.00,0.41,1.26,0.00,0.56,42.58,542.85,0.78,66.88,203.52,0.13,213.93,02-Sep,03-Sep,04-Sep,05-Sep,06-Sep,07-Sep,08-Sep,02-Sep,03-Sep,04-Sep,05-Sep,06-Sep,07-Sep,08-Sep,0,3,4
Konkan,Palghar,Palghar,Palghar,Dahanu,4918426,BADA POKHARAN RETROFITTING RPWSS,Tadiyale,1490,1,0.00,0.00,0.00,0.00,0.00,0.00,0.00,0.00,0.00,0.00,0.00,0.00,0.00,0.00,02-Sep,03-Sep,04-Sep,05-Sep,06-Sep,07-Sep,08-Sep,02-Sep,03-Sep,04-Sep,05-Sep,06-Sep,07-Sep,08-Sep,7,7,0
Konkan,Palghar,Palghar,Palghar,Dahanu,4918426,BADA POKHARAN RETROFITTING RPWSS,Tanashi,1208,1,0.00,0.00,0.00,0.00,0.00,0.00,0.00,0.00,0.00,0.00,0.00,0.00,0.00,0.00,02-Sep,03-Sep,04-Sep,05-Sep,06-Sep,07-Sep,08-Sep,02-Sep,03-Sep,04-Sep,05-Sep,06-Sep,07-Sep,08-Sep,7,7,0
Konkan,Palghar,Palghar,Palghar,Dahanu,4918426,BADA POKHARAN RETROFITTING RPWSS,Tarapur,6238,1,0.00,0.00,0.00,0.00,0.00,0.00,0.00,0.00,0.00,0.00,0.00,0.00,0.00,0.00,02-Sep,03-Sep,04-Sep,05-Sep,06-Sep,07-Sep,08-Sep,02-Sep,03-Sep,04-Sep,05-Sep,06-Sep,07-Sep,08-Sep,7,7,0
Konkan,Palghar,Palghar,Palghar,Dahanu,4918426,BADA POKHARAN RETROFITTING RPWSS,Tighare ada,1012,1,0.00,0.00,0.00,0.00,0.00,0.00,0.00,0.00,0.00,0.00,0.00,0.00,0.00,0.00,02-Sep,03-Sep,04-Sep,05-Sep,06-Sep,07-Sep,08-Sep,02-Sep,03-Sep,04-Sep,05-Sep,06-Sep,07-Sep,08-Sep,7,7,0
Konkan,Palghar,Palghar,Palghar,Dahanu,4918426,BADA POKHARAN RETROFITTING RPWSS,Vangaon,7617,4,1.46,0.46,1.22,0.00,0.00,1.22,1.18,19.16,6.05,16.05,0.00,0.00,16.02,15.52,02-Sep,03-Sep,04-Sep,05-Sep,06-Sep,07-Sep,08-Sep,02-Sep,03-Sep,04-Sep,05-Sep,06-Sep,07-Sep,08-Sep,2,7,0
Konkan,Palghar,Palghar,Palghar,Dahanu,4918426,BADA POKHARAN RETROFITTING RPWSS,Varor,4090,2,0.07,0.08,0.10,0.09,0.00,0.01,0.02,1.60,2.07,2.54,2.23,0.00,0.20,0.55,02-Sep,03-Sep,04-Sep,05-Sep,06-Sep,07-Sep,08-Sep,02-Sep,03-Sep,04-Sep,05-Sep,06-Sep,07-Sep,08-Sep,1,7,0
Konkan,Palghar,Palghar,Palghar,Dahanu,4918426,BADA POKHARAN RETROFITTING RPWSS,Vasgaon,1396,1,0.00,0.82,1.54,0.00,0.64,0.82,0.00,0.00,59.01,110.20,0.00,45.67,58.50,0.00,02-Sep,03-Sep,04-Sep,05-Sep,06-Sep,07-Sep,08-Sep,02-Sep,03-Sep,04-Sep,05-Sep,06-Sep,07-Sep,08-Sep,3,4,3
Konkan,Palghar,Palghar,Palghar,Dahanu,4918426,BADA POKHARAN RETROFITTING RPWSS,Wadhavan,1278,1,0.00,0.00,0.00,0.00,0.00,0.00,0.00,0.00,0.00,0.00,0.00,0.00,0.00,0.00,02-Sep,03-Sep,04-Sep,05-Sep,06-Sep,07-Sep,08-Sep,02-Sep,03-Sep,04-Sep,05-Sep,06-Sep,07-Sep,08-Sep,7,7,0
Konkan,Palghar,Palghar,Palghar,Dahanu,4918426,BADA POKHARAN RETROFITTING RPWSS,Wadhwan,1278,1,0.00,0.00,0.00,0.00,0.00,0.00,0.00,0.00,0.02,0.02,0.03,0.04,0.04,0.23,02-Sep,03-Sep,04-Sep,05-Sep,06-Sep,07-Sep,08-Sep,02-Sep,03-Sep,04-Sep,05-Sep,06-Sep,07-Sep,08-Sep,1,7,0
Konkan,Palghar,Palghar,Palghar,Mokhada,20028070,"MOKHADA TALUKA 58 VILLAGES R.R.W.S. SCHEME, TAL -MOKHADA",Ambyachapada Saturly,205,1,0.00,0.00,0.00,0.00,0.00,0.00,0.00,0.00,0.00,0.00,0.00,0.00,0.00,0.00,02-Sep,03-Sep,04-Sep,05-Sep,06-Sep,07-Sep,08-Sep,02-Sep,03-Sep,04-Sep,05-Sep,06-Sep,07-Sep,08-Sep,7,7,0
Konkan,Palghar,Palghar,Palghar,Mokhada,20028070,"MOKHADA TALUKA 58 VILLAGES R.R.W.S. SCHEME, TAL -MOKHADA",Botoshi,3730,4,0.00,0.15,0.17,0.00,0.02,0.00,0.00,0.83,106.73,123.74,0.00,0.43,0.03,0.00,02-Sep,03-Sep,04-Sep,05-Sep,06-Sep,07-Sep,08-Sep,02-Sep,03-Sep,04-Sep,05-Sep,06-Sep,07-Sep,08-Sep,2,5,2
Konkan,Palghar,Palghar,Palghar,Mokhada,20028070,"MOKHADA TALUKA 58 VILLAGES R.R.W.S. SCHEME, TAL -MOKHADA",Brahmagaon,1078,1,0.09,0.00,0.00,0.08,0.00,0.04,0.04,8.66,0.00,0.00,7.35,0.00,3.53,3.78,02-Sep,03-Sep,04-Sep,05-Sep,06-Sep,07-Sep,08-Sep,02-Sep,03-Sep,04-Sep,05-Sep,06-Sep,07-Sep,08-Sep,3,7,0
Konkan,Palghar,Palghar,Palghar,Mokhada,20028070,"MOKHADA TALUKA 58 VILLAGES R.R.W.S. SCHEME, TAL -MOKHADA",Charangaon,669,1,0.00,0.00,0.00,0.00,0.00,0.00,0.00,0.00,0.01,0.00,0.01,0.00,0.00,0.00,02-Sep,03-Sep,04-Sep,05-Sep,06-Sep,07-Sep,08-Sep,02-Sep,03-Sep,04-Sep,05-Sep,06-Sep,07-Sep,08-Sep,5,7,0
Konkan,Palghar,Palghar,Palghar,Mokhada,20028070,"MOKHADA TALUKA 58 VILLAGES R.R.W.S. SCHEME, TAL -MOKHADA",Chas,1003,1,0.00,0.00,0.00,0.00,0.00,0.00,0.00,0.00,0.00,0.00,0.01,0.02,0.04,0.01,02-Sep,03-Sep,04-Sep,05-Sep,06-Sep,07-Sep,08-Sep,02-Sep,03-Sep,04-Sep,05-Sep,06-Sep,07-Sep,08-Sep,3,7,0
Konkan,Palghar,Palghar,Palghar,Mokhada,20028070,"MOKHADA TALUKA 58 VILLAGES R.R.W.S. SCHEME, TAL -MOKHADA",Dandwal,446,1,0.00,0.00,0.00,0.00,0.00,0.00,0.00,0.00,0.00,0.00,0.00,0.01,0.01,0.00,02-Sep,03-Sep,04-Sep,05-Sep,06-Sep,07-Sep,08-Sep,02-Sep,03-Sep,04-Sep,05-Sep,06-Sep,07-Sep,08-Sep,5,7,0
Konkan,Palghar,Palghar,Palghar,Mokhada,20028070,"MOKHADA TALUKA 58 VILLAGES R.R.W.S. SCHEME, TAL -MOKHADA",Dhudgaon,1819,1,0.12,0.00,0.36,0.03,0.15,0.00,0.00,6.38,0.10,19.95,1.42,8.51,0.00,0.00,02-Sep,03-Sep,04-Sep,05-Sep,06-Sep,07-Sep,08-Sep,02-Sep,03-Sep,04-Sep,05-Sep,06-Sep,07-Sep,08-Sep,2,7,0
Konkan,Palghar,Palghar,Palghar,Mokhada,20028070,"MOKHADA TALUKA 58 VILLAGES R.R.W.S. SCHEME, TAL -MOKHADA",Dolhare,2106,2,0.00,0.00,0.00,0.00,0.00,0.00,0.00,0.01,0.57,0.00,0.00,0.01,0.01,0.42,02-Sep,03-Sep,04-Sep,05-Sep,06-Sep,07-Sep,08-Sep,02-Sep,03-Sep,04-Sep,05-Sep,06-Sep,07-Sep,08-Sep,2,7,0
Konkan,Palghar,Palghar,Palghar,Mokhada,20028070,"MOKHADA TALUKA 58 VILLAGES R.R.W.S. SCHEME, TAL -MOKHADA",Dongarwadi,542,1,0.23,0.25,0.00,0.30,0.54,0.61,0.00,41.55,45.60,0.00,54.51,100.44,111.68,0.01,02-Sep,03-Sep,04-Sep,05-Sep,06-Sep,07-Sep,08-Sep,02-Sep,03-Sep,04-Sep,05-Sep,06-Sep,07-Sep,08-Sep,1,5,2
Konkan,Palghar,Palghar,Palghar,Mokhada,20028070,"MOKHADA TALUKA 58 VILLAGES R.R.W.S. SCHEME, TAL -MOKHADA",Gaymukhpada Gonde BK,864,1,0.00,0.00,0.00,0.00,0.00,0.00,0.00,0.00,0.00,0.00,0.00,0.00,0.00,0.00,02-Sep,03-Sep,04-Sep,05-Sep,06-Sep,07-Sep,08-Sep,02-Sep,03-Sep,04-Sep,05-Sep,06-Sep,07-Sep,08-Sep,7,7,0
Konkan,Palghar,Palghar,Palghar,Mokhada,20028070,"MOKHADA TALUKA 58 VILLAGES R.R.W.S. SCHEME, TAL -MOKHADA",Ghanwal,296,1,0.00,0.00,0.00,0.00,0.00,0.00,0.00,0.00,0.00,0.08,0.00,0.07,0.06,0.00,02-Sep,03-Sep,04-Sep,05-Sep,06-Sep,07-Sep,08-Sep,02-Sep,03-Sep,04-Sep,05-Sep,06-Sep,07-Sep,08-Sep,4,7,0
Konkan,Palghar,Palghar,Palghar,Mokhada,20028070,"MOKHADA TALUKA 58 VILLAGES R.R.W.S. SCHEME, TAL -MOKHADA",Ghodichapada Sakhari,275,1,0.00,0.00,0.00,0.00,0.00,0.00,0.00,0.05,0.00,0.00,0.02,0.02,0.37,0.23,02-Sep,03-Sep,04-Sep,05-Sep,06-Sep,07-Sep,08-Sep,02-Sep,03-Sep,04-Sep,05-Sep,06-Sep,07-Sep,08-Sep,2,7,0
Konkan,Palghar,Palghar,Palghar,Mokhada,20028070,"MOKHADA TALUKA 58 VILLAGES R.R.W.S. SCHEME, TAL -MOKHADA",Gomghar,200,1,0.46,0.38,0.00,0.40,0.84,0.20,0.93,231.55,191.74,0.00,199.12,418.61,98.75,465.75,02-Sep,03-Sep,04-Sep,05-Sep,06-Sep,07-Sep,08-Sep,02-Sep,03-Sep,04-Sep,05-Sep,06-Sep,07-Sep,08-Sep,1,1,6
Konkan,Palghar,Palghar,Palghar,Mokhada,20028070,"MOKHADA TALUKA 58 VILLAGES R.R.W.S. SCHEME, TAL -MOKHADA",Gonde BK,1226,1,0.43,0.38,0.45,0.94,0.00,0.00,0.00,34.71,30.69,36.51,76.41,0.00,0.00,0.00,02-Sep,03-Sep,04-Sep,05-Sep,06-Sep,07-Sep,08-Sep,02-Sep,03-Sep,04-Sep,05-Sep,06-Sep,07-Sep,08-Sep,3,6,1
Konkan,Palghar,Palghar,Palghar,Mokhada,20028070,"MOKHADA TALUKA 58 VILLAGES R.R.W.S. SCHEME, TAL -MOKHADA",Gonde KH,1189,1,0.00,0.00,0.00,0.00,0.00,0.00,0.00,0.00,0.00,0.00,0.02,0.05,0.06,0.03,02-Sep,03-Sep,04-Sep,05-Sep,06-Sep,07-Sep,08-Sep,02-Sep,03-Sep,04-Sep,05-Sep,06-Sep,07-Sep,08-Sep,3,7,0
Konkan,Palghar,Palghar,Palghar,Mokhada,20028070,"MOKHADA TALUKA 58 VILLAGES R.R.W.S. SCHEME, TAL -MOKHADA",Hattipada Chas,257,1,0.00,0.00,0.00,0.00,0.00,0.00,0.00,0.00,0.00,0.00,0.00,0.00,0.00,0.00,02-Sep,03-Sep,04-Sep,05-Sep,06-Sep,07-Sep,08-Sep,02-Sep,03-Sep,04-Sep,05-Sep,06-Sep,07-Sep,08-Sep,7,7,0
Konkan,Palghar,Palghar,Palghar,Mokhada,20028070,"MOKHADA TALUKA 58 VILLAGES R.R.W.S. SCHEME, TAL -MOKHADA",Jogalwadi,799,1,0.00,1.11,1.41,0.98,0.01,0.34,0.99,0.00,138.77,176.94,122.62,1.62,42.85,123.28,02-Sep,03-Sep,04-Sep,05-Sep,06-Sep,07-Sep,08-Sep,02-Sep,03-Sep,04-Sep,05-Sep,06-Sep,07-Sep,08-Sep,1,3,4
Konkan,Palghar,Palghar,Palghar,Mokhada,20028070,"MOKHADA TALUKA 58 VILLAGES R.R.W.S. SCHEME, TAL -MOKHADA",Kaduchiwadi,1215,1,0.00,0.00,0.00,0.00,0.00,0.00,0.00,0.00,0.00,0.00,0.01,0.01,0.02,0.01,02-Sep,03-Sep,04-Sep,05-Sep,06-Sep,07-Sep,08-Sep,02-Sep,03-Sep,04-Sep,05-Sep,06-Sep,07-Sep,08-Sep,3,7,0
Konkan,Palghar,Palghar,Palghar,Mokhada,20028070,"MOKHADA TALUKA 58 VILLAGES R.R.W.S. SCHEME, TAL -MOKHADA",Kalamgoan,245,1,0.00,0.00,0.00,0.00,0.00,0.00,0.00,0.00,0.00,0.00,0.00,0.00,0.00,0.00,02-Sep,03-Sep,04-Sep,05-Sep,06-Sep,07-Sep,08-Sep,02-Sep,03-Sep,04-Sep,05-Sep,06-Sep,07-Sep,08-Sep,7,7,0
Konkan,Palghar,Palghar,Palghar,Mokhada,20028070,"MOKHADA TALUKA 58 VILLAGES R.R.W.S. SCHEME, TAL -MOKHADA",Karegoan,907,1,0.00,0.00,0.00,0.00,0.00,0.00,0.00,0.02,0.00,0.00,0.03,0.03,0.01,0.01,02-Sep,03-Sep,04-Sep,05-Sep,06-Sep,07-Sep,08-Sep,02-Sep,03-Sep,04-Sep,05-Sep,06-Sep,07-Sep,08-Sep,2,7,0
Konkan,Palghar,Palghar,Palghar,Mokhada,20028070,"MOKHADA TALUKA 58 VILLAGES R.R.W.S. SCHEME, TAL -MOKHADA",Karol,390,1,0.00,0.00,0.00,0.00,0.00,0.00,0.00,0.00,0.00,0.00,0.00,0.00,0.00,0.00,02-Sep,03-Sep,04-Sep,05-Sep,06-Sep,07-Sep,08-Sep,02-Sep,03-Sep,04-Sep,05-Sep,06-Sep,07-Sep,08-Sep,7,7,0
Konkan,Palghar,Palghar,Palghar,Mokhada,20028070,"MOKHADA TALUKA 58 VILLAGES R.R.W.S. SCHEME, TAL -MOKHADA",Kengwadi Kodala,338,1,0.00,0.00,0.00,0.00,0.00,0.00,0.00,0.00,0.00,0.00,0.00,0.00,0.00,0.00,02-Sep,03-Sep,04-Sep,05-Sep,06-Sep,07-Sep,08-Sep,02-Sep,03-Sep,04-Sep,05-Sep,06-Sep,07-Sep,08-Sep,7,7,0
Konkan,Palghar,Palghar,Palghar,Mokhada,20028070,"MOKHADA TALUKA 58 VILLAGES R.R.W.S. SCHEME, TAL -MOKHADA",Khasti,107,2,0.00,0.00,0.00,0.00,0.00,0.00,0.00,0.67,0.00,0.00,0.31,0.11,0.06,0.08,02-Sep,03-Sep,04-Sep,05-Sep,06-Sep,07-Sep,08-Sep,02-Sep,03-Sep,04-Sep,05-Sep,06-Sep,07-Sep,08-Sep,2,7,0
Konkan,Palghar,Palghar,Palghar,Mokhada,20028070,"MOKHADA TALUKA 58 VILLAGES R.R.W.S. SCHEME, TAL -MOKHADA",Khoch,855,1,0.00,0.00,0.00,0.00,0.00,0.00,0.00,0.00,0.00,0.00,0.01,0.01,0.02,0.01,02-Sep,03-Sep,04-Sep,05-Sep,06-Sep,07-Sep,08-Sep,02-Sep,03-Sep,04-Sep,05-Sep,06-Sep,07-Sep,08-Sep,3,7,0
Konkan,Palghar,Palghar,Palghar,Mokhada,20028070,"MOKHADA TALUKA 58 VILLAGES R.R.W.S. SCHEME, TAL -MOKHADA",Kineste,1580,2,0.00,0.00,3.52,0.00,0.72,0.59,0.37,0.00,0.00,757.53,0.01,45.77,37.49,80.21,02-Sep,03-Sep,04-Sep,05-Sep,06-Sep,07-Sep,08-Sep,02-Sep,03-Sep,04-Sep,05-Sep,06-Sep,07-Sep,08-Sep,2,5,2
Konkan,Palghar,Palghar,Palghar,Mokhada,20028070,"MOKHADA TALUKA 58 VILLAGES R.R.W.S. SCHEME, TAL -MOKHADA",Madkyachimet Pimpalgaon,268,1,0.15,0.00,0.00,0.00,0.00,0.00,0.00,55.86,0.00,0.00,0.00,0.00,0.00,0.00,02-Sep,03-Sep,04-Sep,05-Sep,06-Sep,07-Sep,08-Sep,02-Sep,03-Sep,04-Sep,05-Sep,06-Sep,07-Sep,08-Sep,6,6,1
Konkan,Palghar,Palghar,Palghar,Mokhada,20028070,"MOKHADA TALUKA 58 VILLAGES R.R.W.S. SCHEME, TAL -MOKHADA",Morhande,1821,1,0.00,0.00,0.00,0.00,0.00,0.00,0.00,0.02,0.00,0.00,0.03,0.03,0.04,0.00,02-Sep,03-Sep,04-Sep,05-Sep,06-Sep,07-Sep,08-Sep,02-Sep,03-Sep,04-Sep,05-Sep,06-Sep,07-Sep,08-Sep,3,7,0
Konkan,Palghar,Palghar,Palghar,Mokhada,20028070,"MOKHADA TALUKA 58 VILLAGES R.R.W.S. SCHEME, TAL -MOKHADA",Nashera,1611,3,0.00,0.00,0.00,0.00,0.00,0.00,0.00,0.00,0.00,0.00,0.00,0.00,0.01,0.01,02-Sep,03-Sep,04-Sep,05-Sep,06-Sep,07-Sep,08-Sep,02-Sep,03-Sep,04-Sep,05-Sep,06-Sep,07-Sep,08-Sep,5,7,0
Konkan,Palghar,Palghar,Palghar,Mokhada,20028070,"MOKHADA TALUKA 58 VILLAGES R.R.W.S. SCHEME, TAL -MOKHADA",Nilmati,855,1,0.39,0.53,0.20,0.23,0.15,0.09,0.57,45.63,62.43,23.73,26.37,17.26,10.98,66.91,02-Sep,03-Sep,04-Sep,05-Sep,06-Sep,07-Sep,08-Sep,02-Sep,03-Sep,04-Sep,05-Sep,06-Sep,07-Sep,08-Sep,0,5,2
Konkan,Palghar,Palghar,Palghar,Mokhada,20028070,"MOKHADA TALUKA 58 VILLAGES R.R.W.S. SCHEME, TAL -MOKHADA",Osarvira,303,2,0.00,0.00,0.00,0.00,0.00,0.00,0.00,0.00,0.00,0.00,0.00,0.00,0.00,0.00,02-Sep,03-Sep,04-Sep,05-Sep,06-Sep,07-Sep,08-Sep,02-Sep,03-Sep,04-Sep,05-Sep,06-Sep,07-Sep,08-Sep,7,7,0
Konkan,Palghar,Palghar,Palghar,Mokhada,20028070,"MOKHADA TALUKA 58 VILLAGES R.R.W.S. SCHEME, TAL -MOKHADA",Palsunde,1338,1,0.00,0.00,0.00,0.00,0.00,0.00,0.00,0.00,0.00,0.00,0.00,0.00,0.00,0.00,02-Sep,03-Sep,04-Sep,05-Sep,06-Sep,07-Sep,08-Sep,02-Sep,03-Sep,04-Sep,05-Sep,06-Sep,07-Sep,08-Sep,7,7,0
Konkan,Palghar,Palghar,Palghar,Mokhada,20028070,"MOKHADA TALUKA 58 VILLAGES R.R.W.S. SCHEME, TAL -MOKHADA",Pangripada Chas,669,1,0.00,0.00,0.00,0.00,0.00,0.00,0.00,0.00,0.00,0.00,0.00,0.00,0.00,0.00,02-Sep,03-Sep,04-Sep,05-Sep,06-Sep,07-Sep,08-Sep,02-Sep,03-Sep,04-Sep,05-Sep,06-Sep,07-Sep,08-Sep,7,7,0
Konkan,Palghar,Palghar,Palghar,Mokhada,20028070,"MOKHADA TALUKA 58 VILLAGES R.R.W.S. SCHEME, TAL -MOKHADA",Pardhyachimet Poshera,435,1,0.00,0.00,0.00,0.00,0.00,0.00,0.00,0.00,0.00,0.00,0.00,0.00,0.00,0.00,02-Sep,03-Sep,04-Sep,05-Sep,06-Sep,07-Sep,08-Sep,02-Sep,03-Sep,04-Sep,05-Sep,06-Sep,07-Sep,08-Sep,7,7,0
Konkan,Palghar,Palghar,Palghar,Mokhada,20028070,"MOKHADA TALUKA 58 VILLAGES R.R.W.S. SCHEME, TAL -MOKHADA",Pawarpada Poshera,679,1,0.00,0.02,0.06,0.01,0.01,0.01,0.00,0.08,3.47,8.91,0.77,1.48,1.34,0.04,02-Sep,03-Sep,04-Sep,05-Sep,06-Sep,07-Sep,08-Sep,02-Sep,03-Sep,04-Sep,05-Sep,06-Sep,07-Sep,08-Sep,0,7,0
Konkan,Palghar,Palghar,Palghar,Mokhada,20028070,"MOKHADA TALUKA 58 VILLAGES R.R.W.S. SCHEME, TAL -MOKHADA",Pimpalpada Hirwe,655,1,0.00,0.00,0.00,0.00,0.00,0.00,0.00,0.03,0.00,0.00,0.00,0.00,0.00,0.00,02-Sep,03-Sep,04-Sep,05-Sep,06-Sep,07-Sep,08-Sep,02-Sep,03-Sep,04-Sep,05-Sep,06-Sep,07-Sep,08-Sep,6,7,0
Konkan,Palghar,Palghar,Palghar,Mokhada,20028070,"MOKHADA TALUKA 58 VILLAGES R.R.W.S. SCHEME, TAL -MOKHADA",Pimplegoan,465,1,0.00,0.00,0.00,0.00,0.00,0.00,0.00,0.00,0.00,0.00,0.00,0.00,0.00,0.00,02-Sep,03-Sep,04-Sep,05-Sep,06-Sep,07-Sep,08-Sep,02-Sep,03-Sep,04-Sep,05-Sep,06-Sep,07-Sep,08-Sep,7,7,0
Konkan,Palghar,Palghar,Palghar,Mokhada,20028070,"MOKHADA TALUKA 58 VILLAGES R.R.W.S. SCHEME, TAL -MOKHADA",Poshera,3308,1,0.00,0.00,0.00,0.00,0.00,0.00,0.00,0.00,0.00,0.00,0.00,0.00,0.00,0.00,02-Sep,03-Sep,04-Sep,05-Sep,06-Sep,07-Sep,08-Sep,02-Sep,03-Sep,04-Sep,05-Sep,06-Sep,07-Sep,08-Sep,7,7,0
Konkan,Palghar,Palghar,Palghar,Mokhada,20028070,"MOKHADA TALUKA 58 VILLAGES R.R.W.S. SCHEME, TAL -MOKHADA",Rajewadi Jogalwadi,465,1,0.05,0.20,0.06,0.62,0.42,0.00,0.31,10.78,42.03,12.38,133.63,90.34,0.00,66.17,02-Sep,03-Sep,04-Sep,05-Sep,06-Sep,07-Sep,08-Sep,02-Sep,03-Sep,04-Sep,05-Sep,06-Sep,07-Sep,08-Sep,1,4,3
Konkan,Palghar,Palghar,Palghar,Mokhada,20028070,"MOKHADA TALUKA 58 VILLAGES R.R.W.S. SCHEME, TAL -MOKHADA",Rest House Khodala,1287,1,0.00,0.00,0.00,0.00,0.00,0.00,0.00,0.04,0.00,0.00,0.02,0.00,0.00,0.00,02-Sep,03-Sep,04-Sep,05-Sep,06-Sep,07-Sep,08-Sep,02-Sep,03-Sep,04-Sep,05-Sep,06-Sep,07-Sep,08-Sep,5,7,0
Konkan,Palghar,Palghar,Palghar,Mokhada,20028070,"MOKHADA TALUKA 58 VILLAGES R.R.W.S. SCHEME, TAL -MOKHADA",Sadakwadi Koshimshet,1375,1,0.00,0.00,0.00,0.00,0.00,0.00,0.00,0.00,0.00,0.00,0.00,0.00,0.00,0.00,02-Sep,03-Sep,04-Sep,05-Sep,06-Sep,07-Sep,08-Sep,02-Sep,03-Sep,04-Sep,05-Sep,06-Sep,07-Sep,08-Sep,7,7,0
Konkan,Palghar,Palghar,Palghar,Mokhada,20028070,"MOKHADA TALUKA 58 VILLAGES R.R.W.S. SCHEME, TAL -MOKHADA",Sakhari,818,1,0.00,0.00,0.00,0.00,0.00,0.00,0.00,0.01,0.00,0.00,0.00,0.02,0.02,0.01,02-Sep,03-Sep,04-Sep,05-Sep,06-Sep,07-Sep,08-Sep,02-Sep,03-Sep,04-Sep,05-Sep,06-Sep,07-Sep,08-Sep,3,7,0
Konkan,Palghar,Palghar,Palghar,Mokhada,20028070,"MOKHADA TALUKA 58 VILLAGES R.R.W.S. SCHEME, TAL -MOKHADA",Sayade,541,2,0.00,0.00,0.00,0.00,0.00,0.00,0.00,0.13,0.00,0.00,0.01,0.01,0.03,0.00,02-Sep,03-Sep,04-Sep,05-Sep,06-Sep,07-Sep,08-Sep,02-Sep,03-Sep,04-Sep,05-Sep,06-Sep,07-Sep,08-Sep,3,7,0
Konkan,Palghar,Palghar,Palghar,Mokhada,20028070,"MOKHADA TALUKA 58 VILLAGES R.R.W.S. SCHEME, TAL -MOKHADA",Shirson,904,1,0.00,0.00,0.00,0.00,0.00,0.00,0.00,0.00,0.00,0.00,0.00,0.00,0.00,0.00,02-Sep,03-Sep,04-Sep,05-Sep,06-Sep,07-Sep,08-Sep,02-Sep,03-Sep,04-Sep,05-Sep,06-Sep,07-Sep,08-Sep,7,7,0
Konkan,Palghar,Palghar,Palghar,Mokhada,20028070,"MOKHADA TALUKA 58 VILLAGES R.R.W.S. SCHEME, TAL -MOKHADA",Shivali,1267,1,0.00,0.10,0.42,0.35,0.00,0.00,0.50,0.00,7.72,33.06,27.46,0.00,0.00,39.79,02-Sep,03-Sep,04-Sep,05-Sep,06-Sep,07-Sep,08-Sep,02-Sep,03-Sep,04-Sep,05-Sep,06-Sep,07-Sep,08-Sep,3,7,0
Konkan,Palghar,Palghar,Palghar,Mokhada,20028070,"MOKHADA TALUKA 58 VILLAGES R.R.W.S. SCHEME, TAL -MOKHADA",Sonarwadi Koshimshet,209,1,0.00,0.00,0.00,0.00,0.00,0.00,0.00,0.00,0.00,0.00,0.00,0.01,0.02,0.01,02-Sep,03-Sep,04-Sep,05-Sep,06-Sep,07-Sep,08-Sep,02-Sep,03-Sep,04-Sep,05-Sep,06-Sep,07-Sep,08-Sep,4,7,0
Konkan,Palghar,Palghar,Palghar,Mokhada,20028070,"MOKHADA TALUKA 58 VILLAGES R.R.W.S. SCHEME, TAL -MOKHADA",Telu Umbarpada,789,1,0.00,0.34,0.00,0.00,0.00,0.00,0.00,0.00,42.67,0.00,0.13,0.00,0.01,0.00,02-Sep,03-Sep,04-Sep,05-Sep,06-Sep,07-Sep,08-Sep,02-Sep,03-Sep,04-Sep,05-Sep,06-Sep,07-Sep,08-Sep,4,7,0
Konkan,Palghar,Palghar,Palghar,Mokhada,20028070,"MOKHADA TALUKA 58 VILLAGES R.R.W.S. SCHEME, TAL -MOKHADA",Udhale,1819,2,0.13,0.71,0.42,1.77,1.03,0.00,1.19,18.38,98.24,58.61,97.56,56.82,0.00,164.21,02-Sep,03-Sep,04-Sep,05-Sep,06-Sep,07-Sep,08-Sep,02-Sep,03-Sep,04-Sep,05-Sep,06-Sep,07-Sep,08-Sep,1,2,5
Konkan,Palghar,Palghar,Palghar,Mokhada,20028070,"MOKHADA TALUKA 58 VILLAGES R.R.W.S. SCHEME, TAL -MOKHADA",Umbarpada Beriste,799,1,0.00,0.00,0.00,0.00,0.00,0.00,0.00,0.00,0.00,0.00,0.00,0.00,0.00,0.00,02-Sep,03-Sep,04-Sep,05-Sep,06-Sep,07-Sep,08-Sep,02-Sep,03-Sep,04-Sep,05-Sep,06-Sep,07-Sep,08-Sep,7,7,0
Konkan,Palghar,Palghar,Palghar,Mokhada,20028070,"MOKHADA TALUKA 58 VILLAGES R.R.W.S. SCHEME, TAL -MOKHADA",Vashind,671,1,0.84,0.19,0.07,0.00,0.02,0.00,0.10,124.50,28.76,11.07,0.01,3.01,0.01,14.70,02-Sep,03-Sep,04-Sep,05-Sep,06-Sep,07-Sep,08-Sep,02-Sep,03-Sep,04-Sep,05-Sep,06-Sep,07-Sep,08-Sep,0,6,1
Konkan,Palghar,Palghar,Palghar,Mokhada,20028070,"MOKHADA TALUKA 58 VILLAGES R.R.W.S. SCHEME, TAL -MOKHADA",Wadachapada Saturly,632,1,0.08,0.09,0.00,0.00,0.00,0.00,0.00,11.98,14.28,0.00,0.00,0.00,0.00,0.00,02-Sep,03-Sep,04-Sep,05-Sep,06-Sep,07-Sep,08-Sep,02-Sep,03-Sep,04-Sep,05-Sep,06-Sep,07-Sep,08-Sep,5,7,0
Konkan,Palghar,Palghar,Palghar,Mokhada,20028070,"MOKHADA TALUKA 58 VILLAGES R.R.W.S. SCHEME, TAL -MOKHADA",Wakadpada,632,1,3.03,7.28,3.54,2.40,0.51,4.25,2.04,480.12,1151.94,559.74,379.29,81.21,671.99,322.73,02-Sep,03-Sep,04-Sep,05-Sep,06-Sep,07-Sep,08-Sep,02-Sep,03-Sep,04-Sep,05-Sep,06-Sep,07-Sep,08-Sep,0,0,7
Konkan,Palghar,Palghar,Palghar,Mokhada,20028070,"MOKHADA TALUKA 58 VILLAGES R.R.W.S. SCHEME, TAL -MOKHADA",Wasala,1561,1,0.00,0.00,0.00,0.00,0.00,0.00,0.00,0.00,0.00,0.00,0.00,0.00,0.00,0.00,02-Sep,03-Sep,04-Sep,05-Sep,06-Sep,07-Sep,08-Sep,02-Sep,03-Sep,04-Sep,05-Sep,06-Sep,07-Sep,08-Sep,7,7,0
Konkan,Palghar,Palghar,Palghar,Palghar,20017952,Padghe and 19 villages PWSS,Devkhop,477,1,0.00,0.00,0.00,0.00,0.00,0.00,0.00,0.00,0.00,0.00,0.00,0.00,0.00,0.00,02-Sep,03-Sep,04-Sep,05-Sep,06-Sep,07-Sep,08-Sep,02-Sep,03-Sep,04-Sep,05-Sep,06-Sep,07-Sep,08-Sep,7,7,0
Konkan,Palghar,Palghar,Palghar,Palghar,20017952,Padghe and 19 villages PWSS,Padghe,454,2,0.00,0.00,0.00,0.00,0.00,0.00,0.00,0.00,0.00,0.00,0.00,0.00,0.00,0.00,02-Sep,03-Sep,04-Sep,05-Sep,06-Sep,07-Sep,08-Sep,02-Sep,03-Sep,04-Sep,05-Sep,06-Sep,07-Sep,08-Sep,7,7,0
Konkan,Palghar,Palghar,Palghar,Palghar,20017952,Padghe and 19 villages PWSS,Tokrepada,264,1,0.00,0.00,0.00,0.00,0.00,0.00,0.00,0.00,0.00,0.00,0.02,0.07,0.05,0.06,02-Sep,03-Sep,04-Sep,05-Sep,06-Sep,07-Sep,08-Sep,02-Sep,03-Sep,04-Sep,05-Sep,06-Sep,07-Sep,08-Sep,3,7,0
Konkan,Panvel,Raigadh,Mangaon,Khalapur,20028168,Devnhave water supply scheme,Devnhave,2160,3,3.10,2.90,2.78,2.90,0.00,314.05,0.00,143.33,134.29,128.78,134.25,0.00,14539.29,0.00,02-Sep,03-Sep,04-Sep,05-Sep,06-Sep,07-Sep,08-Sep,02-Sep,03-Sep,04-Sep,05-Sep,06-Sep,07-Sep,08-Sep,2,2,5
Konkan,Panvel,Raigadh,Mangaon,Pen,20020563,Shahapada 38 Villages,Kane,1503,1,0.00,0.00,0.00,0.00,0.00,0.00,0.00,0.25,0.00,0.00,0.33,0.07,0.00,0.23,02-Sep,03-Sep,04-Sep,05-Sep,06-Sep,07-Sep,08-Sep,02-Sep,03-Sep,04-Sep,05-Sep,06-Sep,07-Sep,08-Sep,3,7,0
Konkan,Panvel,Raigadh,Mangaon,Pen,20020563,Shahapada 38 Villages,Kashmire,2431,1,0.00,0.00,0.00,0.00,0.00,0.00,0.00,0.00,0.00,0.00,0.00,0.00,0.00,0.00,02-Sep,03-Sep,04-Sep,05-Sep,06-Sep,07-Sep,08-Sep,02-Sep,03-Sep,04-Sep,05-Sep,06-Sep,07-Sep,08-Sep,7,7,0
Konkan,Panvel,Raigadh,Mangaon,Pen,20020563,Shahapada 38 Villages,Shirki,2237,1,0.00,0.00,0.00,0.00,0.00,0.00,0.00,0.00,0.00,0.00,0.00,0.00,0.00,0.00,02-Sep,03-Sep,04-Sep,05-Sep,06-Sep,07-Sep,08-Sep,02-Sep,03-Sep,04-Sep,05-Sep,06-Sep,07-Sep,08-Sep,7,7,0
Konkan,Panvel,Raigadh,Mangaon,Pen,20020563,Shahapada 38 Villages,Wadhav,6000,1,0.00,0.00,0.00,0.00,0.00,0.00,0.00,0.00,0.01,0.00,0.00,0.00,0.00,0.00,02-Sep,03-Sep,04-Sep,05-Sep,06-Sep,07-Sep,08-Sep,02-Sep,03-Sep,04-Sep,05-Sep,06-Sep,07-Sep,08-Sep,6,7,0
Konkan,Panvel,Raigadh,Mangaon,Pen,20020563,Shahapada 38 Villages,Washinaka,2224,1,0.00,0.00,0.00,1.77,4.76,0.00,0.00,0.00,0.00,0.00,79.79,214.12,0.01,0.01,02-Sep,03-Sep,04-Sep,05-Sep,06-Sep,07-Sep,08-Sep,02-Sep,03-Sep,04-Sep,05-Sep,06-Sep,07-Sep,08-Sep,3,5,2
Konkan,Raigadh,Raigadh,Raigadh,Karjat,20028195,"Kadav water supply scheme, Tal. Karjat Dist. Raigad",Kadav,2490,1,0.00,0.00,0.00,0.00,0.00,0.00,0.00,0.05,0.00,0.00,0.07,0.03,0.03,0.00,02-Sep,03-Sep,04-Sep,05-Sep,06-Sep,07-Sep,08-Sep,02-Sep,03-Sep,04-Sep,05-Sep,06-Sep,07-Sep,08-Sep,3,7,0
Konkan,Raigadh,Raigadh,Raigadh,Mangaon,20028626,"Warak Kushade Water Supply Scheme tal- Mnagaon, Dist-Raigad",Koshimbale,339,1,0.00,0.00,0.00,0.00,0.00,0.00,0.00,0.00,0.00,0.00,0.00,0.00,0.00,0.00,02-Sep,03-Sep,04-Sep,05-Sep,06-Sep,07-Sep,08-Sep,02-Sep,03-Sep,04-Sep,05-Sep,06-Sep,07-Sep,08-Sep,7,7,0
Konkan,Raigadh,Raigadh,Raigadh,Mangaon,20028626,"Warak Kushade Water Supply Scheme tal- Mnagaon, Dist-Raigad",Kushede,555,1,0.00,0.00,0.02,0.00,0.00,0.01,0.00,0.00,0.00,2.85,0.50,0.00,1.21,0.00,02-Sep,03-Sep,04-Sep,05-Sep,06-Sep,07-Sep,08-Sep,02-Sep,03-Sep,04-Sep,05-Sep,06-Sep,07-Sep,08-Sep,4,7,0
Konkan,Raigadh,Raigadh,Raigadh,Mangaon,20028626,"Warak Kushade Water Supply Scheme tal- Mnagaon, Dist-Raigad",Vighavli,816,1,0.00,0.00,0.00,0.00,0.00,0.00,0.00,0.00,0.00,0.00,0.00,0.00,0.00,0.00,02-Sep,03-Sep,04-Sep,05-Sep,06-Sep,07-Sep,08-Sep,02-Sep,03-Sep,04-Sep,05-Sep,06-Sep,07-Sep,08-Sep,7,7,0
Konkan,Raigadh,Raigadh,Raigadh,Mangaon,20028626,"Warak Kushade Water Supply Scheme tal- Mnagaon, Dist-Raigad",Warak,805,1,0.00,0.00,0.00,0.00,0.00,0.00,0.00,0.00,0.00,0.00,0.00,0.00,0.00,0.00,02-Sep,03-Sep,04-Sep,05-Sep,06-Sep,07-Sep,08-Sep,02-Sep,03-Sep,04-Sep,05-Sep,06-Sep,07-Sep,08-Sep,7,7,0
Konkan,Ratnagiri,Ratnagiri,Ratnagiri,Chipalun,20017771,Ovali - Kalkavane - Valoti RR WSS,Dadar,330,1,0.00,0.00,0.00,0.00,0.00,0.00,0.00,0.07,0.00,0.00,0.00,0.00,0.00,0.00,02-Sep,03-Sep,04-Sep,05-Sep,06-Sep,07-Sep,08-Sep,02-Sep,03-Sep,04-Sep,05-Sep,06-Sep,07-Sep,08-Sep,6,7,0
Konkan,Ratnagiri,Ratnagiri,Ratnagiri,Chipalun,20017771,Ovali - Kalkavane - Valoti RR WSS,Kalkavane,900,4,0.00,0.00,0.00,0.00,0.00,0.00,0.00,0.00,0.00,0.00,0.00,0.00,0.00,0.00,02-Sep,03-Sep,04-Sep,05-Sep,06-Sep,07-Sep,08-Sep,02-Sep,03-Sep,04-Sep,05-Sep,06-Sep,07-Sep,08-Sep,7,7,0
Konkan,Ratnagiri,Ratnagiri,Ratnagiri,Chipalun,20017771,Ovali - Kalkavane - Valoti RR WSS,Ovali,1211,1,0.00,0.00,0.00,0.00,0.00,0.00,0.00,0.00,0.00,0.00,0.00,0.00,0.00,0.00,02-Sep,03-Sep,04-Sep,05-Sep,06-Sep,07-Sep,08-Sep,02-Sep,03-Sep,04-Sep,05-Sep,06-Sep,07-Sep,08-Sep,7,7,0
Konkan,Ratnagiri,Ratnagiri,Ratnagiri,Chipalun,20017771,Ovali - Kalkavane - Valoti RR WSS,Valoti,1024,3,0.00,0.00,0.00,0.00,0.00,0.00,0.00,0.00,0.00,0.01,0.00,0.00,0.00,0.00,02-Sep,03-Sep,04-Sep,05-Sep,06-Sep,07-Sep,08-Sep,02-Sep,03-Sep,04-Sep,05-Sep,06-Sep,07-Sep,08-Sep,6,7,0
Konkan,Thane,Thane,Palghar,Dahanu,20047871, Modgaon & Tornipada RWSS,Andherpada,1320,1,0.00,0.00,0.00,0.00,0.00,0.00,0.00,0.00,0.00,0.00,0.02,0.08,0.00,0.00,02-Sep,03-Sep,04-Sep,05-Sep,06-Sep,07-Sep,08-Sep,02-Sep,03-Sep,04-Sep,05-Sep,06-Sep,07-Sep,08-Sep,5,7,0
Konkan,Thane,Thane,Palghar,Dahanu,20047871, Modgaon & Tornipada RWSS,Janasawarpada,241,1,0.70,0.75,0.21,0.22,0.13,0.13,0.04,292.16,313.10,86.66,92.40,52.30,52.49,15.69,02-Sep,03-Sep,04-Sep,05-Sep,06-Sep,07-Sep,08-Sep,02-Sep,03-Sep,04-Sep,05-Sep,06-Sep,07-Sep,08-Sep,0,3,4
Konkan,Thane,Thane,Palghar,Dahanu,20047871, Modgaon & Tornipada RWSS,Navapada,812,1,0.00,0.00,0.00,0.00,0.00,0.00,0.00,0.00,0.00,0.00,0.00,0.00,0.00,0.00,02-Sep,03-Sep,04-Sep,05-Sep,06-Sep,07-Sep,08-Sep,02-Sep,03-Sep,04-Sep,05-Sep,06-Sep,07-Sep,08-Sep,7,7,0
Konkan,Thane,Thane,Palghar,Dahanu,20047871, Modgaon & Tornipada RWSS,Savarpada,830,1,1.90,1.08,0.00,0.00,0.00,0.00,5.72,228.80,130.09,0.00,0.00,0.00,0.00,689.16,02-Sep,03-Sep,04-Sep,05-Sep,06-Sep,07-Sep,08-Sep,02-Sep,03-Sep,04-Sep,05-Sep,06-Sep,07-Sep,08-Sep,4,4,3
Konkan,Thane,Thane,Thane,Kalyan,20092478,Retrofiting of Gotheghar Dahisar R.R. Water Supply Scheme,Bale,2236,1,0.00,0.00,0.00,0.00,0.00,0.00,0.00,0.00,0.00,0.00,0.00,0.00,0.00,0.00,02-Sep,03-Sep,04-Sep,05-Sep,06-Sep,07-Sep,08-Sep,02-Sep,03-Sep,04-Sep,05-Sep,06-Sep,07-Sep,08-Sep,7,7,0
